/**
 * lut_custom_lapardin_wedluts_10.h
 * Custom LUT from 'LAPARDIN-WEDLUTS-10.cube'
 *
 * Auto-generated by tools/generate_luts.py — DO NOT EDIT
 * 32768 entries × 2 bytes = 64 KB, stored in Flash (.rodata)
 */
#pragma once
#include <stdint.h>

static const uint16_t LUT_CUSTOM_LAPARDIN_WEDLUTS_10[32768] = {
    0x0041, 0x0041, 0x0042, 0x0043, 0x0044, 0x0044, 0x0045, 0x0066, 0x0067, 0x0067, 0x0068, 0x0069, 0x008A, 0x008B, 0x008C, 0x00AD,
    0x00AE, 0x00AF, 0x00D0, 0x08D1, 0x08F2, 0x08F3, 0x0914, 0x0915, 0x0916, 0x0937, 0x0938, 0x0959, 0x117A, 0x117B, 0x119C, 0x11BD,
    0x0061, 0x0061, 0x0062, 0x0063, 0x0063, 0x0064, 0x0065, 0x0065, 0x0086, 0x0087, 0x0088, 0x0089, 0x008A, 0x008B, 0x00AC, 0x00AD,
    0x00AE, 0x00CF, 0x00D0, 0x00F1, 0x08F2, 0x08F3, 0x0914, 0x0915, 0x0936, 0x0937, 0x0958, 0x0959, 0x117A, 0x119B, 0x11BC, 0x11BD,
    0x0081, 0x0081, 0x0082, 0x0083, 0x0083, 0x0084, 0x00A5, 0x00A5, 0x00A6, 0x00A7, 0x00A8, 0x00A9, 0x00AA, 0x00CB, 0x00CC, 0x00CD,
    0x00CE, 0x00EF, 0x00F0, 0x00F1, 0x0912, 0x0913, 0x0914, 0x0935, 0x0936, 0x0957, 0x0958, 0x0979, 0x119A, 0x119B, 0x11BC, 0x11DD,
    0x00C1, 0x00A2, 0x00A2, 0x00A3, 0x00A3, 0x00C4, 0x00C5, 0x00C5, 0x00C6, 0x00C7, 0x00E8, 0x00E8, 0x00E9, 0x00EA, 0x00EB, 0x00ED,
    0x010D, 0x010F, 0x0110, 0x0111, 0x0932, 0x0933, 0x0934, 0x0955, 0x0956, 0x0977, 0x0978, 0x0999, 0x11BA, 0x11BB, 0x11DC, 0x11FC,
    0x00E1, 0x00E2, 0x00E2, 0x00E3, 0x00C3, 0x00E4, 0x00E4, 0x00E5, 0x00E6, 0x0107, 0x0108, 0x0108, 0x0109, 0x010A, 0x012B, 0x012C,
    0x012D, 0x012F, 0x0150, 0x0151, 0x0952, 0x0953, 0x0974, 0x0975, 0x0976, 0x0997, 0x0998, 0x09B9, 0x11DA, 0x11DB, 0x11FC, 0x121C,
    0x0101, 0x0102, 0x0102, 0x0103, 0x0103, 0x0104, 0x0904, 0x0905, 0x0906, 0x0927, 0x0928, 0x0128, 0x0129, 0x014A, 0x014B, 0x014D,
    0x016E, 0x016F, 0x0170, 0x0991, 0x0992, 0x0993, 0x0994, 0x09B5, 0x09B6, 0x09B7, 0x09D8, 0x09D9, 0x11FA, 0x11FB, 0x121C, 0x123D,
    0x0141, 0x0122, 0x0122, 0x0123, 0x0123, 0x0124, 0x0924, 0x0925, 0x0926, 0x0947, 0x0947, 0x0948, 0x0949, 0x016A, 0x016B, 0x016C,
    0x018D, 0x018F, 0x09B0, 0x09B1, 0x09B2, 0x09B3, 0x09D4, 0x09D5, 0x09D6, 0x09F7, 0x09F8, 0x09F9, 0x121A, 0x123B, 0x123C, 0x125C,
    0x0161, 0x0162, 0x0162, 0x0163, 0x0964, 0x0964, 0x0964, 0x0965, 0x0966, 0x0967, 0x0967, 0x0968, 0x0969, 0x098A, 0x018B, 0x01AC,
    0x01AD, 0x09AE, 0x09D0, 0x09D1, 0x09D2, 0x09F3, 0x09F4, 0x09F5, 0x0A16, 0x0A17, 0x0A18, 0x0A39, 0x123A, 0x125B, 0x125C, 0x127C,
    0x0181, 0x0182, 0x0182, 0x0183, 0x0184, 0x0984, 0x0985, 0x0985, 0x0986, 0x0987, 0x0987, 0x09A8, 0x09A9, 0x09AA, 0x09AB, 0x09CC,
    0x09CD, 0x09EE, 0x09EF, 0x09F1, 0x0A12, 0x0A13, 0x0A14, 0x0A35, 0x0A36, 0x0A57, 0x0A58, 0x0A59, 0x127A, 0x127B, 0x129C, 0x12BC,
    0x01C1, 0x01C2, 0x01C2, 0x01C3, 0x01C4, 0x09C4, 0x09C5, 0x09C5, 0x09C6, 0x09C6, 0x09C7, 0x09C8, 0x09C9, 0x09CA, 0x09CB, 0x09EC,
    0x09ED, 0x0A0E, 0x0A0F, 0x0A31, 0x0A32, 0x0A53, 0x0A54, 0x0A55, 0x0A76, 0x0A77, 0x0A98, 0x1299, 0x12BA, 0x12BB, 0x12BC, 0x12DC,
    0x0201, 0x0202, 0x0202, 0x0203, 0x0204, 0x01E4, 0x09E5, 0x09E5, 0x09E6, 0x0A07, 0x09E7, 0x0A08, 0x0A09, 0x0A0A, 0x0A0B, 0x0A0C,
    0x0A0D, 0x0A2E, 0x0A2F, 0x0A50, 0x0A51, 0x0A73, 0x0A74, 0x0A95, 0x0A96, 0x0AB7, 0x0AB8, 0x12B9, 0x12DA, 0x12DB, 0x12FC, 0x12FC,
    0x0221, 0x0222, 0x0222, 0x0223, 0x0224, 0x0224, 0x0A25, 0x0A25, 0x0A26, 0x0A27, 0x0A27, 0x0A28, 0x0A29, 0x0A2A, 0x0A2B, 0x0A4C,
    0x124D, 0x0A4E, 0x0A4F, 0x0A70, 0x0A71, 0x0A92, 0x0AB4, 0x0AB5, 0x0AB6, 0x0AD7, 0x12D8, 0x12F9, 0x131A, 0x131B, 0x133B, 0x133C,
    0x0261, 0x0262, 0x0262, 0x0263, 0x0264, 0x0264, 0x0264, 0x0A65, 0x0A66, 0x0A67, 0x0A67, 0x0A68, 0x0A69, 0x126A, 0x126B, 0x126C,
    0x126D, 0x126E, 0x126F, 0x0A90, 0x0A91, 0x0AB2, 0x0AB3, 0x0AD5, 0x12F6, 0x12F7, 0x1318, 0x1319, 0x133A, 0x135B, 0x137C, 0x137C,
    0x02A1, 0x0282, 0x0282, 0x0283, 0x0284, 0x0284, 0x0284, 0x0285, 0x0A86, 0x0A87, 0x0A87, 0x0A88, 0x0A89, 0x0A89, 0x12AB, 0x12AC,
    0x12AD, 0x12AE, 0x12AF, 0x12B0, 0x0AB1, 0x0AD2, 0x0AF3, 0x12F5, 0x1316, 0x1337, 0x1338, 0x1359, 0x137A, 0x137B, 0x139C, 0x13BC,
    0x02C1, 0x02C2, 0x02C2, 0x02C3, 0x02C4, 0x02C4, 0x02C4, 0x02C5, 0x02C6, 0x0AC7, 0x0AC7, 0x0AC8, 0x0AC9, 0x0ACA, 0x0ACA, 0x12CB,
    0x12CD, 0x12CE, 0x12EF, 0x12F0, 0x12F1, 0x12F2, 0x1313, 0x1314, 0x1336, 0x1357, 0x1358, 0x1379, 0x139A, 0x13BB, 0x13DC, 0x13DC,
    0x0301, 0x02E1, 0x02E2, 0x02E3, 0x02E3, 0x02E4, 0x02E4, 0x02E5, 0x0AE5, 0x0AE6, 0x0AE7, 0x0B08, 0x0B09, 0x0B0A, 0x0B0B, 0x0B0B,
    0x130C, 0x130D, 0x130F, 0x1310, 0x1331, 0x1332, 0x1333, 0x1354, 0x1355, 0x1376, 0x1378, 0x1399, 0x13BA, 0x13DA, 0x1BFB, 0x1BFC,
    0x0321, 0x0321, 0x0322, 0x0323, 0x0323, 0x0324, 0x0324, 0x0B25, 0x0B25, 0x0B26, 0x0B27, 0x0B28, 0x0B29, 0x0B4A, 0x0B4A, 0x0B4B,
    0x132C, 0x134D, 0x134E, 0x134F, 0x1351, 0x1352, 0x1373, 0x1374, 0x1375, 0x1396, 0x13B7, 0x13B8, 0x13DA, 0x1BFA, 0x1C1B, 0x1C1C,
    0x0361, 0x0361, 0x0362, 0x0363, 0x0363, 0x0364, 0x0B64, 0x0B45, 0x0B45, 0x0B66, 0x0B67, 0x0B68, 0x0B69, 0x0B69, 0x0B6A, 0x138B,
    0x138C, 0x136D, 0x136E, 0x138F, 0x1390, 0x1391, 0x1393, 0x13B4, 0x13B5, 0x13B6, 0x13D7, 0x13F8, 0x1BF9, 0x1C1A, 0x1C3B, 0x1C5C,
    0x0381, 0x0381, 0x0382, 0x0383, 0x0383, 0x0B84, 0x0B84, 0x0B85, 0x0B85, 0x0B86, 0x0B87, 0x0B88, 0x0BA9, 0x13A9, 0x13AA, 0x13AB,
    0x13AC, 0x13CD, 0x13AE, 0x13AF, 0x13D0, 0x13D1, 0x13D3, 0x13F4, 0x13F5, 0x13F6, 0x13F7, 0x1C18, 0x1C19, 0x1C3A, 0x1C5B, 0x1C7C,
    0x0BC1, 0x0BC1, 0x0BC2, 0x0BC2, 0x0BC3, 0x0BC4, 0x0BC4, 0x0BC5, 0x0BC5, 0x0BC6, 0x0BC6, 0x0BC7, 0x13C8, 0x13E9, 0x13EA, 0x13EB,
    0x13EC, 0x13ED, 0x13EE, 0x13EF, 0x13F0, 0x1411, 0x1412, 0x1414, 0x1435, 0x1436, 0x1C37, 0x1C38, 0x1C59, 0x1C5A, 0x1C7B, 0x1C9C,
    0x0C01, 0x0BE1, 0x0C01, 0x0C02, 0x0C03, 0x0C04, 0x0C04, 0x0C05, 0x0C05, 0x0BE5, 0x0C06, 0x1407, 0x1408, 0x1409, 0x140A, 0x142B,
    0x142C, 0x142D, 0x142E, 0x142F, 0x1430, 0x1431, 0x1452, 0x1453, 0x1455, 0x1C76, 0x1C77, 0x1C78, 0x1C99, 0x1C9A, 0x1C9B, 0x1CBC,
    0x0C41, 0x0C21, 0x0C21, 0x0C22, 0x0C43, 0x0C43, 0x0C44, 0x0C24, 0x0C25, 0x0C25, 0x1426, 0x1427, 0x1448, 0x1449, 0x144A, 0x144B,
    0x146C, 0x146D, 0x146E, 0x146F, 0x1C70, 0x1471, 0x1C72, 0x1C93, 0x1C94, 0x1C96, 0x1CB7, 0x1CB8, 0x1CB9, 0x1CDA, 0x1CDB, 0x1CDC,
    0x0C81, 0x0C61, 0x0C61, 0x0C62, 0x0C62, 0x0C63, 0x0C64, 0x0C64, 0x0C65, 0x1465, 0x1466, 0x1467, 0x1468, 0x1489, 0x148A, 0x148B,
    0x14AC, 0x14AD, 0x1CAE, 0x1CAF, 0x1CD0, 0x1CD1, 0x1CB2, 0x1CD3, 0x1CD4, 0x1CD6, 0x1CF7, 0x1CF8, 0x1CF9, 0x1CFA, 0x1D1B, 0x251C,
    0x0CA1, 0x0CA1, 0x0CA1, 0x0CA2, 0x0CA2, 0x0CA3, 0x0CA3, 0x0CA4, 0x0CA5, 0x14A5, 0x14A6, 0x14A6, 0x14A7, 0x14C8, 0x14CA, 0x14CB,
    0x14CC, 0x1CED, 0x1CEE, 0x1CEF, 0x1D10, 0x1D11, 0x1D12, 0x1CF3, 0x1D14, 0x1D15, 0x1D16, 0x1D38, 0x1D39, 0x1D3A, 0x1D5B, 0x255C,
    0x0CE1, 0x0CE1, 0x0CE1, 0x0CE2, 0x0CE2, 0x0CE3, 0x0CE3, 0x0CE4, 0x14E4, 0x14E5, 0x14E6, 0x14E6, 0x14E7, 0x14E8, 0x1509, 0x150B,
    0x1D0C, 0x1D2D, 0x1D2E, 0x1D2F, 0x1D30, 0x1D51, 0x1D52, 0x1D53, 0x1D34, 0x1D55, 0x1D56, 0x1D58, 0x1D79, 0x1D7A, 0x257B, 0x257C,
    0x0D41, 0x0D41, 0x0D41, 0x0D42, 0x1542, 0x1543, 0x1543, 0x1544, 0x1544, 0x1525, 0x1525, 0x1526, 0x1527, 0x1528, 0x1549, 0x1D4A,
    0x1D4C, 0x1D4D, 0x1D4E, 0x1D6F, 0x1D70, 0x1D71, 0x1D72, 0x1D93, 0x1D74, 0x1D75, 0x1D96, 0x1D97, 0x1D99, 0x25BA, 0x25BB, 0x25BC,
    0x1581, 0x1581, 0x1581, 0x1582, 0x1582, 0x1583, 0x1583, 0x1584, 0x1584, 0x1564, 0x1565, 0x1566, 0x1567, 0x1568, 0x1588, 0x1D8A,
    0x1D8B, 0x1D8D, 0x1DAE, 0x1DAF, 0x1DB0, 0x1DD1, 0x1DD2, 0x1DD4, 0x1DD5, 0x1DD6, 0x1DB6, 0x1DD7, 0x25D9, 0x25FA, 0x25FB, 0x25FC,
    0x15C1, 0x15C1, 0x15C2, 0x15C2, 0x15C2, 0x15C3, 0x15C3, 0x15C4, 0x15C4, 0x15C5, 0x15C5, 0x15C5, 0x15C6, 0x15C7, 0x1DC8, 0x1DC9,
    0x1DCB, 0x1DCC, 0x1DEE, 0x1DEF, 0x1DF0, 0x1E11, 0x1E12, 0x1E14, 0x1E15, 0x1E16, 0x1E16, 0x1E17, 0x2618, 0x261A, 0x263B, 0x263C,
    0x1621, 0x1601, 0x1602, 0x1602, 0x1602, 0x1603, 0x1603, 0x1604, 0x1604, 0x1605, 0x1605, 0x1605, 0x1606, 0x1607, 0x1E08, 0x1E09,
    0x1E0B, 0x1E2C, 0x1E2D, 0x1E2F, 0x1E30, 0x1E31, 0x1E52, 0x1E53, 0x1E55, 0x2656, 0x2657, 0x2657, 0x2658, 0x265A, 0x267A, 0x267B,
    0x16A1, 0x1682, 0x1682, 0x1682, 0x1683, 0x1683, 0x1684, 0x1684, 0x1684, 0x1685, 0x1665, 0x1666, 0x1666, 0x1666, 0x1E67, 0x1E68,
    0x1E6A, 0x1E6C, 0x1E6D, 0x1E6E, 0x1E70, 0x1E71, 0x1E92, 0x1E93, 0x2694, 0x2696, 0x26B7, 0x26B8, 0x2699, 0x2699, 0x26BA, 0x26BC,
    0x16E2, 0x16E2, 0x16E2, 0x16E2, 0x16E3, 0x16E3, 0x16E4, 0x16C4, 0x16C5, 0x16C5, 0x16C5, 0x16C6, 0x1EC6, 0x1EC7, 0x1EC7, 0x1EC8,
    0x1ECA, 0x1ECB, 0x1ECD, 0x1ECF, 0x1ED0, 0x1ED1, 0x1ED2, 0x26D3, 0x26F5, 0x26F6, 0x26F7, 0x26F8, 0x26F9, 0x26FA, 0x26DA, 0x26FC,
    0x1742, 0x1722, 0x1722, 0x1723, 0x1723, 0x1724, 0x1724, 0x1724, 0x1725, 0x1F25, 0x1F26, 0x1F26, 0x1F07, 0x1F07, 0x1F07, 0x1F08,
    0x1F09, 0x1F0B, 0x1F0D, 0x1F0E, 0x1F10, 0x1F11, 0x2712, 0x2713, 0x2734, 0x2736, 0x2737, 0x2738, 0x2739, 0x273A, 0x273B, 0x273B,
    0x0041, 0x0041, 0x0042, 0x0043, 0x0044, 0x0044, 0x0045, 0x0066, 0x0067, 0x0067, 0x0068, 0x0069, 0x008A, 0x088B, 0x088C, 0x08AD,
    0x08AE, 0x08AF, 0x08D0, 0x08D1, 0x08F2, 0x08F3, 0x0914, 0x0915, 0x0916, 0x1137, 0x1138, 0x1159, 0x117A, 0x117B, 0x119C, 0x19BD,
    0x0061, 0x0861, 0x0862, 0x0863, 0x0064, 0x0064, 0x0085, 0x0086, 0x0087, 0x0087, 0x0088, 0x0089, 0x008A, 0x08AB, 0x08AC, 0x08AD,
    0x08CE, 0x08CF, 0x08D0, 0x08F1, 0x08F2, 0x0913, 0x0914, 0x0935, 0x1136, 0x1157, 0x1158, 0x1179, 0x117A, 0x119B, 0x11BC, 0x19DC,
    0x0081, 0x0882, 0x0882, 0x0883, 0x08A3, 0x08A4, 0x08A5, 0x00A5, 0x00A6, 0x00A7, 0x00A8, 0x00A9, 0x00AA, 0x00CB, 0x08CC, 0x08CD,
    0x08CE, 0x08EF, 0x08F0, 0x08F1, 0x0912, 0x0913, 0x0934, 0x0935, 0x0936, 0x1157, 0x1178, 0x1179, 0x119A, 0x119B, 0x11BC, 0x19DC,
    0x00C1, 0x08C2, 0x08C2, 0x08A3, 0x08C3, 0x08C4, 0x08C5, 0x08C5, 0x08C6, 0x00C7, 0x00E8, 0x00E9, 0x00E9, 0x00EA, 0x08EB, 0x08ED,
    0x090E, 0x090F, 0x0910, 0x0911, 0x0932, 0x0933, 0x0934, 0x0955, 0x0956, 0x1177, 0x1178, 0x1199, 0x11BA, 0x11BB, 0x11DC, 0x19FC,
    0x00E1, 0x08E2, 0x08E2, 0x08E3, 0x08E3, 0x08E4, 0x08E5, 0x08E5, 0x08E6, 0x0907, 0x0908, 0x0108, 0x0109, 0x010A, 0x092B, 0x092D,
    0x092D, 0x092F, 0x0950, 0x0951, 0x0952, 0x0953, 0x0974, 0x0975, 0x0976, 0x1197, 0x11B8, 0x11B9, 0x11DA, 0x11FB, 0x11FC, 0x1A1C,
    0x0101, 0x0902, 0x0902, 0x0903, 0x0903, 0x0904, 0x0905, 0x0905, 0x0906, 0x0927, 0x0928, 0x0928, 0x0929, 0x094A, 0x094B, 0x094D,
    0x096E, 0x096F, 0x0970, 0x0991, 0x0992, 0x0993, 0x0994, 0x09B5, 0x09B6, 0x11B7, 0x11D8, 0x11D9, 0x11FA, 0x121B, 0x123C, 0x1A3C,
    0x0141, 0x0942, 0x0922, 0x0923, 0x0924, 0x0924, 0x0924, 0x0925, 0x0946, 0x1147, 0x1148, 0x0948, 0x0969, 0x096A, 0x096B, 0x098D,
    0x098E, 0x098F, 0x09B0, 0x09B1, 0x09B2, 0x09D3, 0x09D4, 0x09D5, 0x09D6, 0x11F7, 0x11F8, 0x11F9, 0x121A, 0x123B, 0x125C, 0x1A5C,
    0x0161, 0x0162, 0x0962, 0x0963, 0x0964, 0x0964, 0x0965, 0x0965, 0x1166, 0x1167, 0x1167, 0x1168, 0x1189, 0x098A, 0x098B, 0x09AC,
    0x09AD, 0x09AF, 0x09D0, 0x09D1, 0x09F2, 0x09F3, 0x09F4, 0x0A15, 0x0A16, 0x1217, 0x1238, 0x1239, 0x123A, 0x125B, 0x127C, 0x1A9C,
    0x01A1, 0x01A2, 0x0182, 0x0983, 0x0984, 0x0984, 0x0985, 0x0985, 0x1186, 0x1187, 0x1187, 0x11A8, 0x11A9, 0x11AA, 0x11AB, 0x09CC,
    0x09CD, 0x09EE, 0x09F0, 0x09F1, 0x0A12, 0x0A13, 0x0A34, 0x0A35, 0x1236, 0x1257, 0x1258, 0x1279, 0x127A, 0x129B, 0x129C, 0x1ABC,
    0x01C1, 0x01C2, 0x01C2, 0x01C3, 0x09C4, 0x09C4, 0x11C5, 0x11C5, 0x11C6, 0x11C7, 0x11C7, 0x11C8, 0x11C9, 0x11CA, 0x11EB, 0x11EC,
    0x09ED, 0x0A0E, 0x0A0F, 0x0A31, 0x0A32, 0x0A53, 0x1254, 0x1275, 0x1276, 0x1277, 0x1298, 0x1299, 0x12BA, 0x12BB, 0x12BC, 0x1ADC,
    0x0201, 0x0202, 0x0202, 0x0203, 0x0204, 0x0A04, 0x1205, 0x1205, 0x1206, 0x1207, 0x11E7, 0x1208, 0x1209, 0x120A, 0x120B, 0x120C,
    0x122D, 0x122E, 0x0A2F, 0x0A51, 0x1272, 0x1273, 0x1274, 0x1295, 0x1296, 0x12B7, 0x12B8, 0x12D9, 0x12DA, 0x12FB, 0x12FC, 0x1B1C,
    0x0221, 0x0222, 0x0222, 0x0223, 0x0224, 0x0224, 0x0A25, 0x1225, 0x1226, 0x1227, 0x1227, 0x1228, 0x1229, 0x122A, 0x124B, 0x124C,
    0x124D, 0x124E, 0x126F, 0x1270, 0x1291, 0x1293, 0x12B4, 0x12B5, 0x12B6, 0x12D7, 0x12F8, 0x12F9, 0x131A, 0x131B, 0x133C, 0x1B3C,
    0x0261, 0x0262, 0x0262, 0x0263, 0x0264, 0x0264, 0x0A64, 0x0A65, 0x1266, 0x1267, 0x1267, 0x1268, 0x1269, 0x126A, 0x126B, 0x126C,
    0x126D, 0x126E, 0x128F, 0x1290, 0x12B1, 0x12B2, 0x12D4, 0x12D5, 0x12F6, 0x12F7, 0x1318, 0x1339, 0x133A, 0x135B, 0x1B7C, 0x1B7C,
    0x02A1, 0x02A2, 0x0282, 0x0283, 0x0284, 0x0A84, 0x0A84, 0x0A85, 0x1286, 0x1287, 0x1287, 0x12A8, 0x12A9, 0x128A, 0x12AB, 0x12AC,
    0x12AD, 0x12AE, 0x12AF, 0x12B0, 0x12D1, 0x12D2, 0x12F3, 0x12F5, 0x1316, 0x1337, 0x1338, 0x1359, 0x1B7A, 0x1B9B, 0x1B9C, 0x1BBC,
    0x02C1, 0x02C2, 0x02C2, 0x02C3, 0x0AC4, 0x0AC4, 0x0AC4, 0x0AC5, 0x0AC6, 0x12C7, 0x12C7, 0x12C8, 0x12C9, 0x12CA, 0x12CA, 0x12CC,
    0x12CD, 0x12EE, 0x12EF, 0x12F0, 0x12F1, 0x12F2, 0x1313, 0x1335, 0x1336, 0x1357, 0x1378, 0x1B79, 0x1B9A, 0x1BBB, 0x1BDC, 0x1BFC,
    0x0B01, 0x0B01, 0x0AE2, 0x0AE3, 0x0AE4, 0x0AE4, 0x0AE4, 0x0AE5, 0x0AE5, 0x0AE6, 0x1307, 0x1308, 0x1309, 0x130A, 0x130B, 0x130B,
    0x130C, 0x130D, 0x130F, 0x1330, 0x1331, 0x1332, 0x1333, 0x1354, 0x1355, 0x1376, 0x1B98, 0x1B99, 0x1BBA, 0x1BDB, 0x1BFB, 0x1C1C,
    0x0B21, 0x0B21, 0x0B22, 0x0B23, 0x0B23, 0x0B24, 0x0B24, 0x0B25, 0x0B25, 0x0B26, 0x0B27, 0x1328, 0x1349, 0x134A, 0x134B, 0x134B,
    0x134C, 0x134D, 0x134E, 0x1B50, 0x1351, 0x1372, 0x1373, 0x1374, 0x1375, 0x1B96, 0x1BB7, 0x1BD9, 0x1BDA, 0x1BFA, 0x1C1B, 0x1C1C,
    0x0B61, 0x0B61, 0x0B62, 0x0B63, 0x0B63, 0x0B64, 0x0B64, 0x0B65, 0x0B65, 0x0B66, 0x1367, 0x1368, 0x1369, 0x136A, 0x136A, 0x138B,
    0x138C, 0x136D, 0x1B8E, 0x1B8F, 0x1390, 0x1392, 0x13B3, 0x13B4, 0x1BB5, 0x1BD6, 0x1BD7, 0x1BF8, 0x1BF9, 0x1C1A, 0x1C3B, 0x245C,
    0x0BA1, 0x0BA1, 0x0B82, 0x0B83, 0x0B83, 0x0B84, 0x0B84, 0x0B85, 0x0B85, 0x1386, 0x1387, 0x13A8, 0x13A9, 0x13A9, 0x13AA, 0x13AB,
    0x13CC, 0x13CD, 0x13AE, 0x1BCF, 0x1BD0, 0x1BD1, 0x1BD3, 0x1BF4, 0x1BF5, 0x1BF6, 0x1C17, 0x1C18, 0x1C39, 0x1C3A, 0x1C5B, 0x247C,
    0x0BC1, 0x0BE1, 0x0BC2, 0x0BC2, 0x0BC3, 0x0BC4, 0x0BC4, 0x0BC5, 0x13C5, 0x13C6, 0x13C6, 0x13C7, 0x13C8, 0x13E9, 0x13EA, 0x13EB,
    0x13EC, 0x1C0D, 0x1C0E, 0x1BEF, 0x1BF0, 0x1C11, 0x1C12, 0x1C14, 0x1C35, 0x1C36, 0x1C37, 0x1C58, 0x1C59, 0x1C7A, 0x247B, 0x249C,
    0x0C01, 0x0C01, 0x0C01, 0x0C02, 0x0C03, 0x0C04, 0x0C04, 0x1405, 0x1405, 0x1406, 0x1406, 0x1407, 0x1408, 0x1409, 0x142A, 0x142B,
    0x1C2C, 0x1C2D, 0x1C2E, 0x1C2F, 0x1C30, 0x1C31, 0x1C52, 0x1C53, 0x1C55, 0x1C76, 0x1C77, 0x1C78, 0x1C99, 0x1C9A, 0x24BB, 0x24BC,
    0x0C41, 0x0C41, 0x0C21, 0x0C22, 0x0C43, 0x0C43, 0x1444, 0x1444, 0x1445, 0x1426, 0x1426, 0x1447, 0x1448, 0x1449, 0x1C4A, 0x1C6B,
    0x1C6C, 0x1C6D, 0x1C6E, 0x1C6F, 0x1C70, 0x1C71, 0x1C72, 0x1C93, 0x1C95, 0x1CB6, 0x1CB7, 0x1CB8, 0x1CD9, 0x24DA, 0x24DB, 0x24DC,
    0x1481, 0x1481, 0x1461, 0x1462, 0x1462, 0x1483, 0x1484, 0x1484, 0x1465, 0x1465, 0x1466, 0x1467, 0x1488, 0x1C89, 0x1C8A, 0x1C8B,
    0x1CAC, 0x1CAD, 0x1CAE, 0x1CCF, 0x1CD0, 0x1CD1, 0x1CB2, 0x1CD3, 0x1CD5, 0x1CD6, 0x1CF7, 0x1CF8, 0x24F9, 0x251A, 0x251B, 0x251C,
    0x14C1, 0x14C1, 0x14A1, 0x14A2, 0x14A2, 0x14A3, 0x14A3, 0x14A4, 0x14A5, 0x14A5, 0x14A6, 0x14A7, 0x14A7, 0x1CC8, 0x1CCA, 0x1CCB,
    0x1CEC, 0x1CED, 0x1CEE, 0x1CEF, 0x1D10, 0x1D11, 0x1D12, 0x1CF3, 0x1D14, 0x1D16, 0x1D17, 0x2538, 0x2539, 0x253A, 0x255B, 0x255C,
    0x1501, 0x1501, 0x1501, 0x14E2, 0x14E2, 0x14E3, 0x14E3, 0x14E4, 0x14E4, 0x14E5, 0x14E6, 0x14E6, 0x1CE7, 0x1D08, 0x1D09, 0x1D0B,
    0x1D0C, 0x1D2D, 0x1D2E, 0x1D2F, 0x1D30, 0x1D51, 0x1D52, 0x1D53, 0x1D34, 0x1D55, 0x2556, 0x2558, 0x2579, 0x257A, 0x257B, 0x257B,
    0x1541, 0x1561, 0x1541, 0x1542, 0x1542, 0x1543, 0x1543, 0x1544, 0x1544, 0x1545, 0x1525, 0x1D26, 0x1D27, 0x1D48, 0x1D49, 0x1D4A,
    0x1D4C, 0x1D4D, 0x1D4E, 0x1D6F, 0x1D70, 0x1D71, 0x1D92, 0x1D93, 0x2574, 0x2575, 0x2596, 0x2598, 0x2599, 0x25BA, 0x25BB, 0x25BC,
    0x1581, 0x15A1, 0x1581, 0x1582, 0x1582, 0x1583, 0x1583, 0x1584, 0x1584, 0x1585, 0x1585, 0x1D86, 0x1D87, 0x1D88, 0x1D88, 0x1D8A,
    0x1D8B, 0x1DAD, 0x1DAE, 0x1DAF, 0x1DB0, 0x1DD1, 0x25D3, 0x25D4, 0x25D5, 0x25D6, 0x25D6, 0x25D7, 0x25D9, 0x25FA, 0x25FB, 0x25FB,
    0x15E1, 0x15E1, 0x15E2, 0x15C2, 0x15C2, 0x15C3, 0x15C3, 0x15C4, 0x15C4, 0x15C5, 0x1DC5, 0x1DC5, 0x1DC6, 0x1DC7, 0x1DC8, 0x1DC9,
    0x1DCB, 0x1DEC, 0x1DEE, 0x1DEF, 0x1DF0, 0x2611, 0x2612, 0x2614, 0x2615, 0x2616, 0x2616, 0x2617, 0x2619, 0x261A, 0x263B, 0x263B,
    0x1621, 0x1641, 0x1622, 0x1602, 0x1602, 0x1603, 0x1603, 0x1604, 0x1604, 0x1E05, 0x1E05, 0x1E05, 0x1E06, 0x1E07, 0x1E08, 0x1E09,
    0x1E0A, 0x1E2C, 0x1E2D, 0x1E2F, 0x2630, 0x2631, 0x2652, 0x2653, 0x2655, 0x2676, 0x2677, 0x2657, 0x2658, 0x265A, 0x267B, 0x265B,
    0x16A1, 0x1EC2, 0x1EA2, 0x1682, 0x1E83, 0x1E83, 0x1E84, 0x1E84, 0x1E84, 0x1E85, 0x1E85, 0x1E66, 0x1E66, 0x1E66, 0x1E67, 0x1E68,
    0x1E6A, 0x1E6C, 0x1E6D, 0x266E, 0x2670, 0x2691, 0x2692, 0x2693, 0x2695, 0x26B6, 0x26B7, 0x26B8, 0x2699, 0x2699, 0x26BB, 0x26BB,
    0x1F02, 0x1F02, 0x1F02, 0x1EE2, 0x1EE3, 0x1EE3, 0x1EE4, 0x1EE4, 0x1EC5, 0x1EC5, 0x1EC6, 0x1EC6, 0x1EC6, 0x1EC7, 0x1EC7, 0x1EC8,
    0x1ECA, 0x26CB, 0x26CD, 0x26CF, 0x26D0, 0x26D1, 0x26D2, 0x26F3, 0x26F5, 0x26F6, 0x26F7, 0x26F8, 0x26F9, 0x26FA, 0x26FA, 0x2EFB,
    0x1F42, 0x1F42, 0x1F22, 0x1F03, 0x1F03, 0x1F04, 0x1F04, 0x1F04, 0x1F05, 0x1F05, 0x1F06, 0x1F06, 0x1F07, 0x1F07, 0x1F07, 0x2708,
    0x2709, 0x270B, 0x270D, 0x270E, 0x2710, 0x2711, 0x2712, 0x2713, 0x2734, 0x2736, 0x2737, 0x2738, 0x2739, 0x2F3A, 0x273B, 0x273B,
    0x0841, 0x0842, 0x0842, 0x0843, 0x0844, 0x0844, 0x0845, 0x0866, 0x0867, 0x0867, 0x0868, 0x0869, 0x088A, 0x088B, 0x088C, 0x08AD,
    0x08AE, 0x08AF, 0x10D0, 0x10D1, 0x10F2, 0x10F3, 0x10F4, 0x1115, 0x1116, 0x1137, 0x1138, 0x1159, 0x197A, 0x197B, 0x199C, 0x19BD,
    0x0861, 0x0862, 0x0862, 0x0863, 0x0864, 0x0884, 0x0885, 0x0886, 0x0887, 0x0887, 0x0888, 0x0889, 0x088A, 0x08AB, 0x08AC, 0x08AD,
    0x08CE, 0x08CF, 0x10D0, 0x10F1, 0x10F2, 0x1113, 0x1114, 0x1135, 0x1136, 0x1157, 0x1158, 0x1179, 0x197A, 0x199B, 0x19BC, 0x19DC,
    0x0881, 0x0882, 0x0882, 0x08A3, 0x08A4, 0x08A4, 0x08A5, 0x08A6, 0x08A6, 0x08A7, 0x08A8, 0x08A9, 0x08CA, 0x08CB, 0x08CC, 0x08CD,
    0x08CE, 0x08EF, 0x10F0, 0x10F1, 0x1112, 0x1113, 0x1135, 0x1136, 0x1157, 0x1158, 0x1178, 0x1179, 0x199A, 0x19BB, 0x19DC, 0x19DC,
    0x08C1, 0x08C2, 0x08C2, 0x10C3, 0x10C3, 0x10C4, 0x10C5, 0x08C5, 0x08C6, 0x08C7, 0x08E8, 0x08E9, 0x08EA, 0x08EA, 0x08EB, 0x08ED,
    0x090D, 0x090F, 0x0910, 0x1111, 0x1132, 0x1133, 0x1134, 0x1155, 0x1156, 0x1177, 0x1178, 0x1199, 0x19BA, 0x19BB, 0x19DC, 0x19FC,
    0x08E1, 0x08E2, 0x10E2, 0x10E3, 0x10E3, 0x10E4, 0x10E5, 0x10E5, 0x1106, 0x1107, 0x0908, 0x0909, 0x0909, 0x090A, 0x092B, 0x092D,
    0x092D, 0x092F, 0x0950, 0x1151, 0x1152, 0x1153, 0x1174, 0x1175, 0x1176, 0x1197, 0x11B8, 0x11B9, 0x11DA, 0x19FB, 0x19FC, 0x1A1C,
    0x0901, 0x0902, 0x1102, 0x1103, 0x1104, 0x1104, 0x1105, 0x1125, 0x1126, 0x1127, 0x1128, 0x1129, 0x0949, 0x094A, 0x094C, 0x094D,
    0x096E, 0x096F, 0x1170, 0x1191, 0x1192, 0x1193, 0x1194, 0x11B5, 0x11B6, 0x11B7, 0x11D8, 0x11D9, 0x11FA, 0x1A1B, 0x1A3C, 0x1A3C,
    0x0941, 0x0942, 0x1142, 0x1143, 0x1144, 0x1144, 0x1145, 0x1145, 0x1146, 0x1147, 0x1148, 0x1148, 0x1169, 0x116A, 0x096C, 0x098D,
    0x098E, 0x098F, 0x11B0, 0x11B1, 0x11B2, 0x11D3, 0x11D4, 0x11D5, 0x11D6, 0x11F7, 0x11F8, 0x11F9, 0x121A, 0x1A3B, 0x1A5C, 0x1A5C,
    0x0961, 0x0962, 0x1162, 0x1163, 0x1164, 0x1164, 0x1165, 0x1165, 0x1166, 0x1167, 0x1168, 0x1188, 0x1189, 0x118A, 0x11AB, 0x09AC,
    0x09AD, 0x11CF, 0x11D0, 0x11D1, 0x11F2, 0x11F3, 0x11F4, 0x1215, 0x1216, 0x1217, 0x1238, 0x1239, 0x125A, 0x1A5B, 0x1A7C, 0x1A7C,
    0x0981, 0x0982, 0x09A2, 0x1183, 0x1184, 0x1184, 0x1185, 0x1185, 0x1186, 0x11A7, 0x19A8, 0x19A8, 0x19A9, 0x19AA, 0x11CB, 0x11CC,
    0x11CD, 0x11EE, 0x11F0, 0x1211, 0x1212, 0x1213, 0x1234, 0x1235, 0x1256, 0x1257, 0x1258, 0x1279, 0x127A, 0x1A9B, 0x1A9C, 0x1ABC,
    0x09C1, 0x09C2, 0x09C2, 0x09C3, 0x11C4, 0x11C4, 0x11C5, 0x11C5, 0x11C6, 0x11C7, 0x19C8, 0x19C8, 0x19C9, 0x19EA, 0x19EB, 0x19EC,
    0x120D, 0x120E, 0x1230, 0x1231, 0x1232, 0x1253, 0x1254, 0x1275, 0x1276, 0x1297, 0x1298, 0x1299, 0x1ABA, 0x1ABB, 0x1ADC, 0x1ADC,
    0x0A01, 0x0A02, 0x0A02, 0x0A03, 0x0A04, 0x1204, 0x1205, 0x1205, 0x1206, 0x1207, 0x1A07, 0x1A08, 0x1A09, 0x1A0A, 0x1A0B, 0x1A0C,
    0x1A2D, 0x122E, 0x124F, 0x1251, 0x1272, 0x1273, 0x1294, 0x1295, 0x1296, 0x12B7, 0x12B8, 0x12D9, 0x1ADA, 0x1AFB, 0x1AFB, 0x1B1C,
    0x0A21, 0x0A22, 0x0A22, 0x0A23, 0x0A24, 0x0A24, 0x1225, 0x1225, 0x1A26, 0x1A27, 0x1A28, 0x1A28, 0x1A49, 0x1A4A, 0x1A4B, 0x1A4C,
    0x1A4D, 0x1A4E, 0x1A6F, 0x1270, 0x1291, 0x1293, 0x12B4, 0x12B5, 0x12D6, 0x12D7, 0x1AF8, 0x1AF9, 0x1B1A, 0x1B3B, 0x1B3B, 0x1B5C,
    0x0A61, 0x0A62, 0x0A62, 0x0A63, 0x0A64, 0x0A64, 0x0A65, 0x1265, 0x1A66, 0x1A67, 0x1A68, 0x1A68, 0x1A69, 0x1A6A, 0x1A6B, 0x1A6C,
    0x1A8D, 0x1A8E, 0x1A8F, 0x1A90, 0x12B1, 0x12B2, 0x12D4, 0x12D5, 0x1AF6, 0x1B17, 0x1B18, 0x1B39, 0x1B5A, 0x1B5B, 0x1B7B, 0x1B9C,
    0x0AA1, 0x0AA2, 0x0AA2, 0x0A83, 0x0A84, 0x0A84, 0x0A85, 0x0A85, 0x1286, 0x1AA7, 0x1AA7, 0x1AA8, 0x1AA9, 0x1AAA, 0x1AAB, 0x1AAC,
    0x1AAD, 0x1AAE, 0x1AAF, 0x1AB0, 0x1AD1, 0x12D2, 0x12F4, 0x1B15, 0x1B16, 0x1B37, 0x1B58, 0x1B59, 0x1B7A, 0x1B9B, 0x1BBB, 0x23BC,
    0x0AC1, 0x0AC2, 0x0AC2, 0x0AC3, 0x0AC4, 0x0AC4, 0x0AC5, 0x0AC5, 0x0AC6, 0x12C7, 0x1AC7, 0x1AC8, 0x1AC9, 0x1ACA, 0x1ACB, 0x1ACC,
    0x1AED, 0x1AEE, 0x1AEF, 0x1AF0, 0x1AF1, 0x1B12, 0x1B13, 0x1B35, 0x1B36, 0x1B57, 0x1B78, 0x1B79, 0x1B9A, 0x1BBB, 0x1BDB, 0x23FC,
    0x0B01, 0x0B01, 0x0B02, 0x0AE3, 0x0AE4, 0x0AE4, 0x0AE5, 0x0AE5, 0x12E6, 0x1306, 0x1B07, 0x1B08, 0x1B09, 0x1B0A, 0x1B0B, 0x1B0B,
    0x1B0D, 0x1B0E, 0x1B2F, 0x1B30, 0x1B31, 0x1B32, 0x1B33, 0x1B54, 0x1B55, 0x1B76, 0x1B98, 0x1BB9, 0x1BBA, 0x1BDB, 0x23FB, 0x241C,
    0x0B21, 0x0B21, 0x0B22, 0x0B23, 0x0B23, 0x0B24, 0x0B24, 0x1325, 0x1326, 0x1326, 0x1327, 0x1B28, 0x1B49, 0x1B4A, 0x1B4B, 0x1B4C,
    0x1B4C, 0x1B4D, 0x1B4E, 0x1B50, 0x1B51, 0x1B72, 0x1B73, 0x1B74, 0x1B95, 0x1B96, 0x1BB7, 0x1BD9, 0x1BFA, 0x23FA, 0x241B, 0x241C,
    0x0B61, 0x0B61, 0x0B62, 0x0B63, 0x0B63, 0x0B64, 0x1364, 0x1365, 0x1365, 0x1366, 0x1367, 0x1368, 0x1B69, 0x1B6A, 0x1B8B, 0x1B8B,
    0x1B8C, 0x1B8D, 0x1B8E, 0x1B8F, 0x1B91, 0x1B92, 0x1BB3, 0x1BB4, 0x1BB5, 0x1BD6, 0x1BD7, 0x1BF8, 0x2419, 0x241A, 0x243B, 0x245C,
    0x13A1, 0x13A1, 0x13A2, 0x1382, 0x1383, 0x1384, 0x1384, 0x1385, 0x1385, 0x1386, 0x1387, 0x13A8, 0x13A9, 0x1BA9, 0x1BAA, 0x1BCB,
    0x1BCC, 0x1BCD, 0x1BAE, 0x1BCF, 0x1BD0, 0x1BD1, 0x1BF3, 0x1BF4, 0x1BF5, 0x1BF6, 0x1C17, 0x1C18, 0x2439, 0x245A, 0x245B, 0x2C7C,
    0x13C1, 0x13E1, 0x13E2, 0x13C2, 0x13C3, 0x13C4, 0x13C4, 0x13C5, 0x13C5, 0x13C6, 0x13C6, 0x13C7, 0x1BC8, 0x1BE9, 0x1BEA, 0x1BEB,
    0x1BEC, 0x1C0D, 0x1C0E, 0x1BEF, 0x1C10, 0x1C11, 0x1C12, 0x1C14, 0x1C35, 0x1C36, 0x1C37, 0x2458, 0x2459, 0x247A, 0x247B, 0x2C9C,
    0x1401, 0x1401, 0x1401, 0x1402, 0x1403, 0x1404, 0x1404, 0x1405, 0x1405, 0x1406, 0x1406, 0x1C07, 0x1C08, 0x1C09, 0x1C2A, 0x1C2B,
    0x1C2C, 0x1C2D, 0x1C4E, 0x1C4F, 0x1C30, 0x1C31, 0x1C52, 0x1C53, 0x1C55, 0x2476, 0x2477, 0x2498, 0x2499, 0x249A, 0x24BB, 0x2CBC,
    0x1441, 0x1441, 0x1441, 0x1422, 0x1423, 0x1443, 0x1444, 0x1445, 0x1445, 0x1446, 0x1C46, 0x1C47, 0x1C48, 0x1C49, 0x1C4A, 0x1C6B,
    0x1C6C, 0x1C6D, 0x1C6E, 0x1C8F, 0x1C70, 0x1C71, 0x1C72, 0x1C93, 0x2495, 0x24B6, 0x24B7, 0x24B8, 0x24D9, 0x24DA, 0x24DB, 0x2CFC,
    0x1481, 0x1481, 0x1481, 0x1482, 0x1462, 0x1463, 0x1484, 0x1484, 0x1465, 0x1466, 0x1C66, 0x1C67, 0x1C88, 0x1C89, 0x1C8A, 0x1C8B,
    0x1CAC, 0x1CAD, 0x24AE, 0x24CF, 0x24D0, 0x24D1, 0x24B2, 0x24D3, 0x24D4, 0x24D6, 0x24F7, 0x24F8, 0x24F9, 0x251A, 0x251B, 0x2D1C,
    0x14C1, 0x14C1, 0x14C1, 0x14C2, 0x14A2, 0x14A3, 0x14A4, 0x14A4, 0x14A5, 0x1CA5, 0x1CA6, 0x1CA7, 0x1CA7, 0x1CC8, 0x1CC9, 0x1CCB,
    0x24CC, 0x24ED, 0x24EE, 0x24EF, 0x2510, 0x2511, 0x2512, 0x24F3, 0x2514, 0x2515, 0x2517, 0x2538, 0x2539, 0x255A, 0x255B, 0x2D5C,
    0x1501, 0x1501, 0x1D21, 0x1502, 0x14E2, 0x14E3, 0x14E3, 0x14E4, 0x1CE5, 0x1CE5, 0x1CE6, 0x1CE7, 0x1CE7, 0x1CE8, 0x1D09, 0x1D0A,
    0x250C, 0x252D, 0x252E, 0x252F, 0x2530, 0x2551, 0x2552, 0x2553, 0x2534, 0x2555, 0x2556, 0x2558, 0x2579, 0x257A, 0x257B, 0x2D7B,
    0x1D41, 0x1D61, 0x1D61, 0x1D42, 0x1D42, 0x1D43, 0x1D43, 0x1D44, 0x1D44, 0x1D45, 0x1D46, 0x1D26, 0x1D27, 0x1D28, 0x1D49, 0x254A,
    0x254C, 0x254D, 0x254E, 0x256F, 0x2570, 0x2571, 0x2592, 0x2593, 0x2574, 0x2575, 0x2596, 0x2598, 0x25B9, 0x25BA, 0x2DBB, 0x2DBC,
    0x1D81, 0x1DA1, 0x1DA2, 0x1D82, 0x1D82, 0x1D83, 0x1D83, 0x1D84, 0x1D84, 0x1D85, 0x1D85, 0x1D86, 0x1D87, 0x1D88, 0x1D88, 0x258A,
    0x258B, 0x258D, 0x25AE, 0x25AF, 0x25B0, 0x25D1, 0x25D3, 0x25D4, 0x25D5, 0x25D6, 0x25D6, 0x25D7, 0x25D9, 0x25FA, 0x2DFA, 0x2DFB,
    0x1DE1, 0x1DE1, 0x1E02, 0x1DE2, 0x1DC2, 0x1DC3, 0x1DC3, 0x1DC4, 0x1DC4, 0x1DC5, 0x1DC5, 0x1DC6, 0x1DC6, 0x1DC7, 0x25C8, 0x25C9,
    0x25CB, 0x25CC, 0x25EE, 0x25EF, 0x25F0, 0x2611, 0x2612, 0x2614, 0x2615, 0x2616, 0x2616, 0x2617, 0x2619, 0x2E3A, 0x2E3A, 0x2E3B,
    0x1E21, 0x1E41, 0x1E62, 0x1E22, 0x1E02, 0x1E03, 0x1E03, 0x1E04, 0x1E04, 0x1E05, 0x1E05, 0x1E05, 0x1E06, 0x1E07, 0x2608, 0x2609,
    0x260A, 0x262C, 0x262D, 0x262F, 0x2630, 0x2631, 0x2652, 0x2653, 0x2655, 0x2676, 0x2677, 0x2658, 0x2658, 0x2E5A, 0x2E5A, 0x2E7B,
    0x1EA1, 0x1EC2, 0x1EC2, 0x1EA2, 0x1E83, 0x1E83, 0x1E84, 0x1E84, 0x1E84, 0x1E85, 0x1E65, 0x1E66, 0x1E66, 0x1E67, 0x2667, 0x2668,
    0x266A, 0x266C, 0x266D, 0x266E, 0x2670, 0x2691, 0x2692, 0x2693, 0x2695, 0x2EB6, 0x2EB7, 0x2EB8, 0x2E99, 0x2E9A, 0x2E9A, 0x2EBB,
    0x1F02, 0x1F02, 0x2702, 0x1EE3, 0x1EC3, 0x1EA3, 0x1EA4, 0x1EA4, 0x26A5, 0x26A5, 0x26A6, 0x26A6, 0x26A6, 0x26A7, 0x26A7, 0x26A8,
    0x26CA, 0x26CB, 0x26CD, 0x26CF, 0x26D0, 0x26D1, 0x26D2, 0x26F3, 0x2EF5, 0x2EF6, 0x2EF7, 0x2EF8, 0x2EF9, 0x2EFA, 0x2EDA, 0x2EFB,
    0x1F42, 0x2742, 0x2723, 0x2703, 0x26E3, 0x26E4, 0x26E4, 0x26E4, 0x26E5, 0x26E5, 0x26E6, 0x26E6, 0x26E7, 0x2707, 0x2707, 0x2708,
    0x2709, 0x270B, 0x270D, 0x270E, 0x2710, 0x2711, 0x2712, 0x2F33, 0x2F34, 0x2F36, 0x2F37, 0x2F38, 0x2F39, 0x2F3A, 0x2F3B, 0x2F3B,
    0x1041, 0x1042, 0x1042, 0x0843, 0x0844, 0x0844, 0x0865, 0x0866, 0x0867, 0x0868, 0x0868, 0x0869, 0x088A, 0x088B, 0x108C, 0x10AD,
    0x10AE, 0x10AF, 0x10D0, 0x10D1, 0x10D2, 0x10F3, 0x10F4, 0x1915, 0x1916, 0x1937, 0x1938, 0x1959, 0x197A, 0x197B, 0x199C, 0x21BD,
    0x1061, 0x1062, 0x1062, 0x1063, 0x0884, 0x0884, 0x0885, 0x0886, 0x0887, 0x0888, 0x0888, 0x0889, 0x088A, 0x10AB, 0x10AC, 0x10AD,
    0x10AE, 0x10CF, 0x10D0, 0x10F1, 0x10F2, 0x1113, 0x1114, 0x1915, 0x1936, 0x1937, 0x1958, 0x1979, 0x197A, 0x199B, 0x19BC, 0x21DC,
    0x10A1, 0x10A2, 0x10A2, 0x10A3, 0x10A4, 0x10A4, 0x10A5, 0x08A6, 0x08A7, 0x08A7, 0x08A8, 0x08A9, 0x08CA, 0x10CB, 0x10CC, 0x10CD,
    0x10CE, 0x10EF, 0x10F0, 0x10F1, 0x1112, 0x1113, 0x1935, 0x1936, 0x1956, 0x1957, 0x1978, 0x1979, 0x199A, 0x19BB, 0x21DC, 0x21DC,
    0x10C1, 0x10C2, 0x10C2, 0x10C3, 0x10C4, 0x10C4, 0x10C5, 0x10C6, 0x10E6, 0x08E7, 0x08E8, 0x08E9, 0x08EA, 0x10EB, 0x10EC, 0x110D,
    0x110E, 0x110F, 0x1110, 0x1131, 0x1132, 0x1133, 0x1155, 0x1956, 0x1976, 0x1978, 0x1998, 0x1999, 0x19BA, 0x19DB, 0x21FB, 0x21FC,
    0x10E1, 0x10E2, 0x10E2, 0x10E3, 0x10E4, 0x18E4, 0x1905, 0x1906, 0x1106, 0x1107, 0x1108, 0x0909, 0x090A, 0x090B, 0x112C, 0x112D,
    0x112E, 0x112F, 0x1150, 0x1151, 0x1152, 0x1153, 0x1174, 0x1175, 0x1976, 0x1997, 0x1998, 0x19B9, 0x19DA, 0x19FB, 0x21FB, 0x221C,
    0x1101, 0x1102, 0x1102, 0x1123, 0x1924, 0x1924, 0x1925, 0x1926, 0x1926, 0x1927, 0x1928, 0x1129, 0x114A, 0x094B, 0x114C, 0x114D,
    0x116E, 0x116F, 0x1170, 0x1171, 0x1192, 0x1193, 0x1194, 0x19B5, 0x19B6, 0x19B7, 0x19D8, 0x19D9, 0x19FA, 0x1A1B, 0x223B, 0x223C,
    0x1141, 0x1142, 0x1142, 0x1143, 0x1944, 0x1944, 0x1945, 0x1945, 0x1946, 0x1947, 0x1968, 0x1969, 0x196A, 0x116B, 0x116C, 0x118D,
    0x118E, 0x118F, 0x11B0, 0x11B1, 0x11B2, 0x11B3, 0x11D4, 0x19D5, 0x19D6, 0x19F7, 0x19F8, 0x19F9, 0x1A1A, 0x1A3B, 0x225B, 0x225C,
    0x1161, 0x1162, 0x1162, 0x1163, 0x1964, 0x1964, 0x1965, 0x1965, 0x1966, 0x1967, 0x1988, 0x1989, 0x198A, 0x198B, 0x19AC, 0x11AD,
    0x11AE, 0x11CF, 0x11D0, 0x11D1, 0x11F2, 0x11F3, 0x11F4, 0x1A15, 0x1A16, 0x1A17, 0x1A38, 0x1A39, 0x1A3A, 0x1A5B, 0x227B, 0x229C,
    0x1181, 0x1182, 0x1182, 0x11A3, 0x1984, 0x1984, 0x19A5, 0x19A5, 0x19A6, 0x19A7, 0x19A8, 0x19A8, 0x19A9, 0x19CA, 0x19CB, 0x19CD,
    0x11ED, 0x11EF, 0x11F0, 0x1211, 0x1212, 0x1213, 0x1234, 0x1A35, 0x1A56, 0x1A57, 0x1A58, 0x1A79, 0x1A7A, 0x1A9B, 0x229B, 0x22BC,
    0x11C1, 0x11C2, 0x11C3, 0x11C3, 0x19C4, 0x19C4, 0x19C5, 0x19C5, 0x19C6, 0x19C7, 0x19C8, 0x19E8, 0x19E9, 0x19EA, 0x19EB, 0x19ED,
    0x1A0D, 0x1A0F, 0x1230, 0x1231, 0x1232, 0x1253, 0x1A54, 0x1A75, 0x1A76, 0x1A97, 0x1A98, 0x1A99, 0x1ABA, 0x1ABB, 0x22DB, 0x22FC,
    0x1201, 0x1202, 0x1202, 0x1203, 0x1204, 0x1A04, 0x1A05, 0x1A05, 0x1A06, 0x1A07, 0x1A08, 0x2208, 0x2209, 0x220A, 0x220B, 0x222C,
    0x1A2D, 0x1A2E, 0x1A50, 0x1A51, 0x1A72, 0x1A73, 0x1A94, 0x1A95, 0x1AB6, 0x1AB7, 0x1AB8, 0x1AD9, 0x1ADA, 0x1AFA, 0x231B, 0x231C,
    0x1221, 0x1222, 0x1222, 0x1223, 0x1224, 0x1224, 0x1A25, 0x1A25, 0x1A26, 0x1A47, 0x1A48, 0x1A48, 0x2249, 0x224A, 0x224B, 0x224C,
    0x224D, 0x226E, 0x1A6F, 0x1A70, 0x1A91, 0x1AB3, 0x1AB4, 0x1AB5, 0x1AD6, 0x1AD7, 0x1AF8, 0x1B19, 0x1B1A, 0x1B3A, 0x233B, 0x235B,
    0x0A61, 0x1262, 0x1262, 0x1263, 0x1264, 0x1264, 0x1265, 0x1265, 0x1A66, 0x1A67, 0x1A68, 0x1A68, 0x2269, 0x226A, 0x228B, 0x228C,
    0x228D, 0x228E, 0x228F, 0x1AB0, 0x1AB1, 0x1AB2, 0x1AD4, 0x1AF5, 0x1AF6, 0x1B17, 0x1B18, 0x1B39, 0x1B5A, 0x235A, 0x237B, 0x239B,
    0x0AA1, 0x0AA2, 0x0AA2, 0x12A3, 0x1284, 0x1284, 0x1285, 0x1285, 0x1AA6, 0x1AA7, 0x1AA8, 0x1AA8, 0x1AA9, 0x22AA, 0x22AB, 0x22AC,
    0x22AD, 0x22AE, 0x22AF, 0x22D0, 0x22D1, 0x1AF2, 0x1AF4, 0x1B15, 0x1B16, 0x1B37, 0x1B58, 0x1B79, 0x1B7A, 0x239A, 0x23BB, 0x23BB,
    0x12C1, 0x12C2, 0x12C2, 0x12C3, 0x12C4, 0x12C4, 0x12C5, 0x12C5, 0x12C6, 0x1AC7, 0x1AC8, 0x1AC8, 0x1AE9, 0x1AEA, 0x22CB, 0x22EC,
    0x22ED, 0x22EE, 0x22EF, 0x22F0, 0x22F1, 0x2312, 0x2313, 0x1B35, 0x1B56, 0x1B57, 0x1B78, 0x2399, 0x23BA, 0x23BA, 0x23DB, 0x23FB,
    0x1301, 0x1301, 0x1302, 0x1303, 0x12E3, 0x12E4, 0x12E5, 0x12E5, 0x1306, 0x1306, 0x1B07, 0x1B08, 0x1B09, 0x1B0A, 0x1B2B, 0x230C,
    0x230D, 0x232E, 0x232F, 0x2330, 0x2331, 0x2332, 0x2333, 0x2354, 0x1B75, 0x1B76, 0x2398, 0x23B9, 0x23DA, 0x23DA, 0x23FB, 0x241B,
    0x1321, 0x1321, 0x1322, 0x1323, 0x1323, 0x1324, 0x1325, 0x1325, 0x1326, 0x1326, 0x1327, 0x1B48, 0x1B49, 0x1B4A, 0x1B4B, 0x1B4C,
    0x234C, 0x234D, 0x234F, 0x2350, 0x2371, 0x2372, 0x2373, 0x2374, 0x2395, 0x2396, 0x23B7, 0x23D9, 0x23FA, 0x23FA, 0x241B, 0x2C3B,
    0x1361, 0x1361, 0x1362, 0x1363, 0x1343, 0x1364, 0x1364, 0x1365, 0x1366, 0x1366, 0x1B67, 0x1B68, 0x1B69, 0x1B8A, 0x1B8B, 0x1B8C,
    0x1B8D, 0x238D, 0x238E, 0x238F, 0x2391, 0x23B2, 0x23B3, 0x23B4, 0x23D5, 0x23D6, 0x23D7, 0x23F8, 0x2419, 0x241A, 0x2C3B, 0x2C5C,
    0x1381, 0x13A1, 0x13A2, 0x13A2, 0x1383, 0x1384, 0x1384, 0x1385, 0x1386, 0x1B86, 0x1BA7, 0x1BA8, 0x1BA9, 0x1BAA, 0x1BCB, 0x1BCC,
    0x1BCD, 0x1BCD, 0x23CE, 0x23CF, 0x23D1, 0x23D2, 0x23F3, 0x23F4, 0x23F5, 0x23F6, 0x2417, 0x2418, 0x2439, 0x2C5A, 0x2C5B, 0x2C7C,
    0x13C1, 0x13E1, 0x13E2, 0x13E2, 0x13C3, 0x13C4, 0x13C4, 0x13C5, 0x1BC5, 0x1BC6, 0x1BC7, 0x1BC7, 0x1BE8, 0x1BE9, 0x1BEA, 0x1BEB,
    0x1C0C, 0x1C0D, 0x240E, 0x23EF, 0x2410, 0x2411, 0x2412, 0x2434, 0x2435, 0x2436, 0x2437, 0x2458, 0x2459, 0x2C7A, 0x2C7B, 0x2C9C,
    0x1401, 0x1401, 0x1401, 0x1402, 0x1403, 0x1404, 0x1404, 0x1C05, 0x1C05, 0x1C06, 0x1C07, 0x1C07, 0x1C08, 0x1C09, 0x1C2A, 0x1C2B,
    0x242C, 0x242D, 0x244E, 0x244F, 0x2430, 0x2451, 0x2452, 0x2453, 0x2455, 0x2476, 0x2477, 0x2498, 0x2499, 0x2C9A, 0x2CBB, 0x2CBC,
    0x1C41, 0x1C41, 0x1C41, 0x1C42, 0x1C43, 0x1C23, 0x1C24, 0x1C45, 0x1C45, 0x1C46, 0x1C46, 0x1C47, 0x1C48, 0x1C49, 0x244A, 0x246B,
    0x246C, 0x246D, 0x246E, 0x248F, 0x2490, 0x2471, 0x2492, 0x2493, 0x2495, 0x24B6, 0x24B7, 0x24B8, 0x24D9, 0x2CDA, 0x2CDB, 0x34FC,
    0x1C81, 0x1C81, 0x1C81, 0x1C82, 0x1C82, 0x1C63, 0x1C64, 0x1C64, 0x1C65, 0x1C66, 0x1C66, 0x1C67, 0x1C88, 0x2489, 0x248A, 0x248B,
    0x24AC, 0x24AD, 0x24AE, 0x24CF, 0x24D0, 0x24D1, 0x24B2, 0x24D3, 0x24D4, 0x24D6, 0x24F7, 0x24F8, 0x2CF9, 0x2D1A, 0x2D1B, 0x2D1C,
    0x1CC1, 0x1CC1, 0x1CC1, 0x1CC2, 0x1CC2, 0x1CA3, 0x1CA4, 0x1CA4, 0x1CA5, 0x1CA6, 0x1CA6, 0x1CA7, 0x1CA8, 0x24C8, 0x24C9, 0x24CB,
    0x24CC, 0x24ED, 0x24EE, 0x24EF, 0x2510, 0x2511, 0x2512, 0x24F3, 0x2514, 0x2515, 0x2516, 0x2538, 0x2D39, 0x2D3A, 0x2D5B, 0x2D5B,
    0x1D01, 0x1D01, 0x1D21, 0x1D22, 0x1D02, 0x1CE3, 0x1CE3, 0x1CE4, 0x1CE5, 0x1CE5, 0x1CE6, 0x1CE7, 0x24E7, 0x24E8, 0x2509, 0x250A,
    0x250C, 0x250D, 0x252E, 0x252F, 0x2530, 0x2551, 0x2552, 0x2553, 0x2534, 0x2555, 0x2556, 0x2D58, 0x2D79, 0x2D7A, 0x2D7A, 0x2D7B,
    0x1D41, 0x1D61, 0x1D61, 0x1D62, 0x1D42, 0x1D23, 0x1D23, 0x1D44, 0x1D44, 0x1D45, 0x1D46, 0x2547, 0x2527, 0x2528, 0x2549, 0x254A,
    0x254B, 0x254D, 0x254E, 0x256F, 0x2570, 0x2571, 0x2572, 0x2593, 0x2574, 0x2575, 0x2D96, 0x2D98, 0x2DB9, 0x2DBA, 0x2DBB, 0x2DBB,
    0x1D81, 0x1DA1, 0x1DA2, 0x1DA2, 0x1D82, 0x1D83, 0x1D83, 0x1D84, 0x1D84, 0x1D85, 0x1D85, 0x2586, 0x2587, 0x2588, 0x2589, 0x258A,
    0x258B, 0x258D, 0x25AE, 0x25AF, 0x25B0, 0x25D1, 0x2DD2, 0x2DD4, 0x2DD5, 0x2DD6, 0x2DD6, 0x2DD7, 0x2DD9, 0x2DFA, 0x2DFA, 0x2DFB,
    0x1DC1, 0x1DE1, 0x1E02, 0x2602, 0x1DE2, 0x1DC3, 0x1DC3, 0x1DC4, 0x1DC4, 0x25C5, 0x25C5, 0x25C6, 0x25C7, 0x25C7, 0x25C8, 0x25C9,
    0x25CB, 0x25CC, 0x25EE, 0x25EF, 0x25F0, 0x2611, 0x2E12, 0x2E14, 0x2E15, 0x2E16, 0x2E16, 0x2E17, 0x2E19, 0x2E1A, 0x2E3A, 0x2E3B,
    0x1E21, 0x2641, 0x2662, 0x2682, 0x2622, 0x2603, 0x2603, 0x2604, 0x2604, 0x2605, 0x2605, 0x2606, 0x2606, 0x2607, 0x2608, 0x2609,
    0x260A, 0x260C, 0x262D, 0x262F, 0x2630, 0x2E31, 0x2E52, 0x2E53, 0x2E55, 0x2E76, 0x2E77, 0x2E58, 0x2E58, 0x2E59, 0x2E5A, 0x2E7B,
    0x26A1, 0x26C2, 0x26C2, 0x26A2, 0x2683, 0x2643, 0x2644, 0x2644, 0x2644, 0x2645, 0x2645, 0x2646, 0x2646, 0x2647, 0x2648, 0x2649,
    0x264A, 0x266B, 0x266D, 0x266E, 0x2E70, 0x2E71, 0x2E92, 0x2E93, 0x2E95, 0x2E96, 0x2EB7, 0x2EB8, 0x2E99, 0x2E99, 0x2E9A, 0x36BB,
    0x2702, 0x2702, 0x2702, 0x26E3, 0x26C3, 0x26A4, 0x26A4, 0x26A4, 0x26A5, 0x26A5, 0x26A6, 0x26A6, 0x26A6, 0x26A7, 0x26A8, 0x26A8,
    0x26CA, 0x26CB, 0x2ECD, 0x2ECF, 0x2ED0, 0x2ED1, 0x2ED2, 0x2EF3, 0x2EF5, 0x2EF6, 0x2EF7, 0x2EF8, 0x2EF9, 0x2EFA, 0x2EDA, 0x36FB,
    0x2742, 0x2742, 0x2723, 0x2703, 0x26E3, 0x26E4, 0x26E4, 0x26E4, 0x26E5, 0x26E5, 0x26E6, 0x26E6, 0x26E7, 0x26E7, 0x2707, 0x2708,
    0x2F09, 0x2F0B, 0x2F0D, 0x2F0E, 0x2F10, 0x2F11, 0x2F12, 0x2F33, 0x2F34, 0x2F36, 0x2F37, 0x2F38, 0x3739, 0x373A, 0x373B, 0x373B,
    0x1841, 0x1842, 0x1842, 0x1843, 0x1044, 0x0864, 0x0865, 0x0866, 0x0867, 0x0868, 0x0868, 0x0869, 0x108A, 0x108B, 0x108C, 0x10AD,
    0x10AE, 0x10AF, 0x18D0, 0x18D1, 0x18D2, 0x18F3, 0x18F4, 0x1915, 0x1916, 0x1937, 0x1938, 0x2159, 0x217A, 0x217B, 0x219C, 0x21BD,
    0x1861, 0x1882, 0x1882, 0x1883, 0x1084, 0x1084, 0x0885, 0x0886, 0x0887, 0x0888, 0x0888, 0x1089, 0x108A, 0x10AB, 0x10AC, 0x10AD,
    0x10AE, 0x18CF, 0x18D0, 0x18F1, 0x18F2, 0x18F3, 0x1914, 0x1915, 0x1936, 0x1937, 0x1958, 0x2179, 0x217A, 0x219B, 0x21BC, 0x21DC,
    0x18A1, 0x18A2, 0x18A2, 0x18A3, 0x18A4, 0x10A4, 0x10A5, 0x10A6, 0x08A7, 0x08A7, 0x08A8, 0x10C9, 0x10CA, 0x10CB, 0x10CC, 0x10CD,
    0x10CE, 0x18EF, 0x18F0, 0x18F1, 0x1912, 0x1913, 0x1935, 0x1936, 0x1956, 0x1957, 0x1978, 0x2179, 0x219A, 0x21BB, 0x21BC, 0x21DC,
    0x18C1, 0x18C2, 0x18C2, 0x18C3, 0x18C4, 0x18C4, 0x18C5, 0x10E6, 0x10E6, 0x10E7, 0x10E8, 0x10E9, 0x10EA, 0x10EB, 0x10EC, 0x110D,
    0x110E, 0x190F, 0x1910, 0x1931, 0x1932, 0x1933, 0x1935, 0x1956, 0x1956, 0x1977, 0x1998, 0x2199, 0x21BA, 0x21DB, 0x21FB, 0x21FC,
    0x18E1, 0x18E2, 0x18E2, 0x18E3, 0x18E4, 0x1904, 0x1905, 0x1906, 0x1907, 0x1907, 0x1108, 0x1109, 0x110A, 0x112B, 0x112C, 0x112D,
    0x112E, 0x194F, 0x1950, 0x1951, 0x1952, 0x1973, 0x1974, 0x1975, 0x1996, 0x1997, 0x19B8, 0x21B9, 0x21DA, 0x21FA, 0x221B, 0x223B,
    0x1901, 0x1902, 0x1922, 0x1923, 0x1924, 0x1924, 0x1925, 0x1926, 0x1926, 0x1927, 0x1948, 0x1949, 0x114A, 0x114B, 0x114C, 0x114D,
    0x116E, 0x116F, 0x1970, 0x1971, 0x1992, 0x1993, 0x1994, 0x1995, 0x19B6, 0x19B7, 0x19B8, 0x19D9, 0x21FA, 0x221A, 0x223B, 0x223B,
    0x1941, 0x1942, 0x1942, 0x1943, 0x1944, 0x1944, 0x1945, 0x2146, 0x2146, 0x2167, 0x2168, 0x1969, 0x196A, 0x196B, 0x118C, 0x118D,
    0x118E, 0x118F, 0x19B0, 0x19B1, 0x19B2, 0x19B3, 0x19D4, 0x19D5, 0x19D6, 0x19F7, 0x19F8, 0x19F9, 0x221A, 0x223A, 0x225B, 0x225B,
    0x1961, 0x1962, 0x1963, 0x1963, 0x1964, 0x1964, 0x2185, 0x2186, 0x2186, 0x2187, 0x2188, 0x2189, 0x21AA, 0x19AB, 0x19AC, 0x11AD,
    0x11AE, 0x11CF, 0x19D0, 0x19D1, 0x19F2, 0x19F3, 0x19F4, 0x19F5, 0x1A16, 0x1A17, 0x1A38, 0x1A39, 0x225A, 0x225A, 0x227B, 0x229B,
    0x1981, 0x1982, 0x1983, 0x19A3, 0x19A4, 0x19A4, 0x21A5, 0x21A6, 0x21A6, 0x21A7, 0x21A8, 0x21A9, 0x21CA, 0x21CB, 0x21CC, 0x19ED,
    0x19EE, 0x19EF, 0x19F0, 0x1A11, 0x1A12, 0x1A13, 0x1A34, 0x1A35, 0x1A36, 0x1A57, 0x1A58, 0x1A79, 0x227A, 0x229A, 0x22BB, 0x22BB,
    0x19C1, 0x19C2, 0x19C3, 0x19C3, 0x19C4, 0x21C4, 0x21C5, 0x21E6, 0x21E6, 0x21E7, 0x21E8, 0x21E9, 0x21EA, 0x21EB, 0x21EC, 0x220D,
    0x220E, 0x1A2F, 0x1A30, 0x1A31, 0x1A52, 0x1A53, 0x1A54, 0x1A75, 0x1A76, 0x1A97, 0x1A98, 0x2299, 0x22BA, 0x22BA, 0x22DB, 0x2AFB,
    0x1A01, 0x1A02, 0x1A03, 0x1A03, 0x1A04, 0x1A04, 0x2205, 0x2205, 0x2206, 0x2207, 0x2208, 0x2209, 0x220A, 0x222B, 0x222C, 0x222D,
    0x222E, 0x224F, 0x2250, 0x1A71, 0x1A72, 0x1A73, 0x1A94, 0x1A95, 0x1AB6, 0x1AB7, 0x1AB8, 0x22D9, 0x22FA, 0x22FA, 0x231B, 0x2B1B,
    0x1A21, 0x1A22, 0x1A22, 0x1A23, 0x1A24, 0x1A24, 0x1A25, 0x2225, 0x2246, 0x2247, 0x2248, 0x2248, 0x2249, 0x224A, 0x224B, 0x224D,
    0x226E, 0x226F, 0x2270, 0x2291, 0x2292, 0x1AB3, 0x1AB4, 0x1AB5, 0x1AD6, 0x1AD7, 0x22F8, 0x2319, 0x231A, 0x233A, 0x235B, 0x2B5B,
    0x1261, 0x1A62, 0x1A62, 0x1A63, 0x1A64, 0x1A64, 0x1A65, 0x1A65, 0x2266, 0x2267, 0x2268, 0x2288, 0x2269, 0x228A, 0x228B, 0x228C,
    0x228D, 0x228E, 0x228F, 0x22B1, 0x22B1, 0x22D3, 0x1AD4, 0x1AF5, 0x1AF6, 0x2317, 0x2338, 0x2339, 0x235A, 0x237A, 0x237B, 0x2B9B,
    0x1281, 0x1282, 0x12A2, 0x1AA3, 0x1AA4, 0x1A84, 0x1A85, 0x1A85, 0x1AA6, 0x22A7, 0x22A8, 0x22A8, 0x22A9, 0x22AA, 0x22AB, 0x22AC,
    0x22AD, 0x22CE, 0x2ACF, 0x2AD1, 0x22D1, 0x22F3, 0x22F4, 0x2315, 0x2336, 0x2337, 0x2358, 0x2379, 0x2379, 0x239A, 0x23BB, 0x2BBB,
    0x12C1, 0x12C2, 0x12C2, 0x12C3, 0x12C4, 0x12C4, 0x1AC5, 0x1AC5, 0x1AC6, 0x1AC7, 0x22C8, 0x22E8, 0x22E9, 0x22EA, 0x22EB, 0x2AEC,
    0x2AED, 0x2AEE, 0x2AEF, 0x2B10, 0x2B11, 0x2312, 0x2333, 0x2335, 0x2356, 0x2357, 0x2378, 0x2399, 0x23B9, 0x23BA, 0x2BDA, 0x2BFB,
    0x12E1, 0x1301, 0x1302, 0x1303, 0x1303, 0x12E4, 0x12E5, 0x12E5, 0x1306, 0x1B06, 0x2307, 0x2308, 0x2309, 0x232A, 0x232B, 0x232C,
    0x2B2D, 0x2B2E, 0x2B2F, 0x2B30, 0x2B31, 0x2B52, 0x2B53, 0x2354, 0x2375, 0x2396, 0x2398, 0x23B9, 0x23D9, 0x2BDA, 0x2BFA, 0x2C1B,
    0x1321, 0x1321, 0x1322, 0x1323, 0x1323, 0x1324, 0x1325, 0x1B25, 0x1B26, 0x1B26, 0x1B47, 0x2348, 0x2349, 0x234A, 0x236B, 0x236C,
    0x2B4D, 0x2B4E, 0x2B6F, 0x2B70, 0x2B71, 0x2B72, 0x2B73, 0x2B94, 0x2B95, 0x23B6, 0x23B7, 0x23D9, 0x2BF9, 0x2BFA, 0x2C1B, 0x343B,
    0x1B61, 0x1B61, 0x1B62, 0x1B63, 0x1B63, 0x1B64, 0x1B64, 0x1B65, 0x1B66, 0x1B66, 0x1B67, 0x1B68, 0x2389, 0x238A, 0x238B, 0x238C,
    0x23AD, 0x2B8D, 0x2B8F, 0x2BB0, 0x2BB1, 0x2BB2, 0x2BB3, 0x2BD4, 0x2BD5, 0x2BD6, 0x2BF7, 0x2BF8, 0x2C19, 0x2C3A, 0x343B, 0x345B,
    0x1B81, 0x1BA1, 0x1BA2, 0x1BA2, 0x1BA3, 0x1B84, 0x1B84, 0x1B85, 0x1B86, 0x1BA6, 0x1BA7, 0x1BA8, 0x23A9, 0x23AA, 0x23CB, 0x23CC,
    0x23CD, 0x23CE, 0x2BCE, 0x2BD0, 0x2BD1, 0x2BF2, 0x2BF3, 0x2BF4, 0x2BF5, 0x2C16, 0x2C17, 0x2C38, 0x2C39, 0x345A, 0x345B, 0x347C,
    0x1BC1, 0x1BC1, 0x1BC2, 0x1BC2, 0x1BC3, 0x1BC4, 0x1BC4, 0x1BC5, 0x1BC6, 0x1BC6, 0x1BC7, 0x1BE8, 0x1BE8, 0x23EA, 0x23EB, 0x240C,
    0x240D, 0x240E, 0x240E, 0x2C0F, 0x2C10, 0x2C11, 0x2C33, 0x2C34, 0x2C35, 0x2C36, 0x2C57, 0x2C58, 0x2C79, 0x347A, 0x349B, 0x349C,
    0x1C01, 0x1C01, 0x1C01, 0x1C02, 0x1C03, 0x1C04, 0x1C04, 0x1C05, 0x1C05, 0x1C06, 0x1C07, 0x1C07, 0x2408, 0x2429, 0x242A, 0x242B,
    0x242C, 0x244D, 0x244E, 0x244F, 0x2C50, 0x2C51, 0x2C52, 0x2454, 0x2475, 0x2476, 0x2C77, 0x2C98, 0x2C99, 0x349A, 0x34BB, 0x34BC,
    0x1C41, 0x1C41, 0x1C41, 0x1C42, 0x1C42, 0x1C43, 0x1C24, 0x1C25, 0x1C45, 0x1C46, 0x1C47, 0x2447, 0x2448, 0x2449, 0x246A, 0x246B,
    0x246C, 0x248D, 0x248E, 0x248F, 0x2490, 0x2471, 0x2492, 0x2493, 0x24B5, 0x2CB6, 0x2CB7, 0x2CD8, 0x2CD9, 0x2CDA, 0x34FB, 0x34FC,
    0x1C81, 0x1C81, 0x1C81, 0x1C82, 0x1C82, 0x1C83, 0x1C64, 0x1C64, 0x1C65, 0x1C66, 0x2487, 0x2487, 0x2488, 0x2489, 0x248A, 0x24AB,
    0x24AC, 0x24AD, 0x24CE, 0x24CF, 0x24D1, 0x24D1, 0x24D2, 0x24D3, 0x2CD4, 0x2CF6, 0x2CF7, 0x2CF8, 0x2CF9, 0x2D1A, 0x351B, 0x353B,
    0x1CA1, 0x1CC1, 0x24C1, 0x24C2, 0x24C2, 0x1CC3, 0x1CA3, 0x1CA4, 0x24A5, 0x24A6, 0x24A6, 0x24A7, 0x24C8, 0x24C8, 0x24C9, 0x24CB,
    0x24EC, 0x24ED, 0x2CEE, 0x2D0F, 0x2D10, 0x2D11, 0x2D12, 0x2CF3, 0x2D14, 0x2D15, 0x2D36, 0x2D38, 0x2D38, 0x2D3A, 0x2D5A, 0x355B,
    0x2501, 0x2501, 0x2521, 0x2522, 0x2522, 0x2503, 0x24E3, 0x24E4, 0x24E5, 0x24E5, 0x24E6, 0x24E7, 0x24E8, 0x24E8, 0x2509, 0x250A,
    0x2D0C, 0x2D2D, 0x2D2E, 0x2D2F, 0x2D50, 0x2D51, 0x2D52, 0x2D53, 0x2D34, 0x2D55, 0x2D56, 0x2D58, 0x2D78, 0x2D7A, 0x357A, 0x357B,
    0x2541, 0x2561, 0x2561, 0x2562, 0x2562, 0x2543, 0x2523, 0x2524, 0x2524, 0x2525, 0x2546, 0x2547, 0x2547, 0x2548, 0x2549, 0x254A,
    0x2D4B, 0x2D4D, 0x2D4E, 0x2D6F, 0x2D70, 0x2D71, 0x2D92, 0x2D93, 0x2D94, 0x2D75, 0x2D96, 0x2D98, 0x2D99, 0x35BA, 0x35BA, 0x35BB,
    0x2581, 0x25A1, 0x25A2, 0x25A2, 0x25A2, 0x2583, 0x2563, 0x2564, 0x2564, 0x2565, 0x2586, 0x2586, 0x2587, 0x2588, 0x2589, 0x2D8A,
    0x2D8B, 0x2D8D, 0x2DAE, 0x2DAF, 0x2DB0, 0x2DD1, 0x2DD2, 0x2DD4, 0x2DF5, 0x2DD6, 0x2DD6, 0x2DD7, 0x2DD8, 0x35FA, 0x35FA, 0x35FB,
    0x25C1, 0x25E1, 0x2602, 0x2602, 0x2602, 0x25E3, 0x25C3, 0x25C4, 0x25C4, 0x25C5, 0x25C5, 0x25C6, 0x25C7, 0x25C8, 0x25C8, 0x2DC9,
    0x2DCB, 0x2DCC, 0x2DEE, 0x2DEF, 0x2DF0, 0x2E11, 0x2E12, 0x2E14, 0x2E15, 0x2E16, 0x2E16, 0x2E17, 0x3618, 0x361A, 0x363A, 0x363B,
    0x2621, 0x2641, 0x2662, 0x2682, 0x2643, 0x2603, 0x25E4, 0x25E4, 0x25E4, 0x25E5, 0x25E5, 0x25E6, 0x25E7, 0x25E7, 0x2E08, 0x2E09,
    0x2E0A, 0x2E0C, 0x2E2D, 0x2E2F, 0x2E30, 0x2E31, 0x2E52, 0x2E53, 0x2E55, 0x3676, 0x3677, 0x3658, 0x3658, 0x365A, 0x367A, 0x367B,
    0x26A1, 0x26C2, 0x26C2, 0x26A2, 0x2E83, 0x2663, 0x2624, 0x2624, 0x2624, 0x2625, 0x2625, 0x2626, 0x2626, 0x2647, 0x2E48, 0x2E49,
    0x2E4A, 0x2E6B, 0x2E6D, 0x2E6E, 0x2E70, 0x2E71, 0x2E92, 0x2E93, 0x2E95, 0x36B6, 0x36B7, 0x36B8, 0x3699, 0x3699, 0x36BA, 0x36BB,
    0x2702, 0x2702, 0x2F02, 0x2EE3, 0x2EC3, 0x2EA4, 0x2EA4, 0x2EA4, 0x2EA5, 0x2EA5, 0x2EA6, 0x2EA6, 0x2EA6, 0x2EA7, 0x2EA8, 0x2EA9,
    0x2ECA, 0x2ECB, 0x2ECD, 0x2ECE, 0x2ED0, 0x2ED1, 0x2ED2, 0x2EF3, 0x36F5, 0x36F6, 0x36F7, 0x36F8, 0x36F9, 0x36FA, 0x36DA, 0x36FB,
    0x2F42, 0x2F42, 0x2F23, 0x2F03, 0x2EE4, 0x2EE4, 0x2EE4, 0x2EE4, 0x2EE5, 0x2EE5, 0x2EE6, 0x2EE6, 0x2EE7, 0x2EE7, 0x2EE8, 0x2F08,
    0x2F09, 0x2F0B, 0x2F0C, 0x2F0E, 0x2F10, 0x2F11, 0x2F12, 0x3733, 0x3735, 0x3736, 0x3737, 0x3738, 0x3739, 0x373A, 0x373B, 0x373B,
    0x2041, 0x2062, 0x2062, 0x2063, 0x1864, 0x1064, 0x1065, 0x1066, 0x1067, 0x1068, 0x1068, 0x1089, 0x108A, 0x108B, 0x108C, 0x10AD,
    0x18AE, 0x18AF, 0x18D0, 0x18D1, 0x18D2, 0x18F3, 0x20F4, 0x2115, 0x2116, 0x2137, 0x2138, 0x2159, 0x215A, 0x217B, 0x219C, 0x29BD,
    0x2081, 0x2082, 0x2082, 0x2083, 0x2084, 0x1884, 0x1085, 0x1086, 0x1087, 0x1088, 0x1088, 0x10A9, 0x10AA, 0x10AB, 0x10AC, 0x10AD,
    0x18AE, 0x18CF, 0x18D0, 0x18F1, 0x18F2, 0x18F3, 0x2114, 0x2115, 0x2136, 0x2137, 0x2158, 0x2159, 0x217A, 0x219B, 0x21BC, 0x29DC,
    0x20A1, 0x20A2, 0x20A2, 0x20A3, 0x20A4, 0x18A4, 0x18A5, 0x10A6, 0x10A7, 0x10A8, 0x10C8, 0x10C9, 0x10CA, 0x10CB, 0x10CC, 0x10CD,
    0x18EE, 0x18EF, 0x18F0, 0x18F1, 0x1912, 0x2114, 0x2115, 0x2136, 0x2136, 0x2157, 0x2178, 0x2179, 0x219A, 0x21BB, 0x29BC, 0x29DC,
    0x20C1, 0x20C2, 0x20C2, 0x20C3, 0x20C4, 0x20C4, 0x18C5, 0x18E6, 0x18E7, 0x10E7, 0x10E8, 0x10E9, 0x10EA, 0x10EB, 0x10EC, 0x190D,
    0x190E, 0x190F, 0x1910, 0x1931, 0x1932, 0x1933, 0x2135, 0x2156, 0x2156, 0x2177, 0x2178, 0x2199, 0x21BA, 0x21DB, 0x29DB, 0x29FC,
    0x20E1, 0x20E2, 0x20E2, 0x2103, 0x2104, 0x2104, 0x2105, 0x2106, 0x1907, 0x1907, 0x1908, 0x1109, 0x112A, 0x112B, 0x112C, 0x192D,
    0x192E, 0x192F, 0x1950, 0x1951, 0x1952, 0x1973, 0x2174, 0x2175, 0x2176, 0x2197, 0x21B8, 0x21B9, 0x21DA, 0x21FA, 0x2A1B, 0x2A1B,
    0x2101, 0x2102, 0x2122, 0x2123, 0x2124, 0x2124, 0x2125, 0x2126, 0x2147, 0x2147, 0x1948, 0x1949, 0x114A, 0x114B, 0x114C, 0x196D,
    0x196E, 0x196F, 0x1970, 0x1991, 0x1992, 0x1993, 0x2194, 0x21B6, 0x21B6, 0x21B7, 0x21D8, 0x21D9, 0x21FA, 0x2A1A, 0x2A3B, 0x2A3B,
    0x2141, 0x2142, 0x2143, 0x2143, 0x2144, 0x2144, 0x2165, 0x2166, 0x2167, 0x2167, 0x2168, 0x2169, 0x216A, 0x198B, 0x118C, 0x198D,
    0x198E, 0x198F, 0x19B0, 0x19B1, 0x19B2, 0x19B3, 0x19D4, 0x21D5, 0x21D6, 0x21F7, 0x21F8, 0x2219, 0x2219, 0x2A3A, 0x2A5B, 0x2A5B,
    0x2161, 0x2162, 0x2163, 0x2163, 0x2184, 0x2184, 0x2185, 0x2186, 0x2187, 0x2187, 0x2188, 0x21A9, 0x21AA, 0x21AB, 0x19AC, 0x19AD,
    0x19CE, 0x19CF, 0x19D0, 0x19D1, 0x19F2, 0x19F3, 0x19F4, 0x21F5, 0x2216, 0x2217, 0x2238, 0x2239, 0x2259, 0x2A7A, 0x2A7A, 0x2A9B,
    0x2181, 0x2182, 0x21A3, 0x21A3, 0x21A4, 0x21A4, 0x21A5, 0x21A6, 0x21A6, 0x21C7, 0x29C8, 0x29C9, 0x29CA, 0x21CB, 0x21EC, 0x21ED,
    0x19EE, 0x19EF, 0x19F0, 0x1A11, 0x1A12, 0x1A13, 0x1A34, 0x2235, 0x2236, 0x2257, 0x2258, 0x2279, 0x2299, 0x2A9A, 0x2ABA, 0x2ABB,
    0x21C1, 0x21C2, 0x21C3, 0x21C3, 0x21C4, 0x21E4, 0x21E5, 0x21E6, 0x29E6, 0x29E7, 0x29E8, 0x29E9, 0x29EA, 0x2A0B, 0x2A0C, 0x220D,
    0x222E, 0x222F, 0x1A30, 0x1A31, 0x1A52, 0x1A53, 0x2254, 0x2275, 0x2276, 0x2297, 0x2298, 0x22B9, 0x22B9, 0x2ADA, 0x2ADA, 0x2AFB,
    0x1A01, 0x2202, 0x2203, 0x2203, 0x2204, 0x2204, 0x2205, 0x2206, 0x2A06, 0x2A27, 0x2A28, 0x2A29, 0x2A2A, 0x2A2B, 0x2A2C, 0x2A2D,
    0x2A4E, 0x224F, 0x2270, 0x2271, 0x1A72, 0x1A93, 0x2294, 0x2295, 0x22B6, 0x22B7, 0x22B8, 0x22D9, 0x22F9, 0x2AFA, 0x2B1A, 0x2B1B,
    0x1A21, 0x1A22, 0x2223, 0x2223, 0x2224, 0x2244, 0x2225, 0x2245, 0x2A46, 0x2A47, 0x2A48, 0x2A49, 0x2A4A, 0x2A4B, 0x2A6C, 0x2A6D,
    0x2A6E, 0x2A6F, 0x2A90, 0x2291, 0x22B2, 0x22B3, 0x22B4, 0x22D5, 0x22D6, 0x22F7, 0x22F8, 0x2319, 0x2339, 0x2B3A, 0x2B5A, 0x2B5B,
    0x1A61, 0x1A62, 0x2262, 0x2263, 0x2264, 0x2264, 0x2265, 0x2265, 0x2266, 0x2A67, 0x2A88, 0x2A89, 0x2A89, 0x2A8A, 0x2A8C, 0x2A8D,
    0x2A8E, 0x2A8F, 0x2AB0, 0x2AB1, 0x2AB2, 0x22D3, 0x22F4, 0x22F5, 0x2316, 0x2317, 0x2338, 0x2339, 0x2359, 0x2B7A, 0x2B7A, 0x2B9B,
    0x1A81, 0x1A82, 0x1A82, 0x2283, 0x22A4, 0x22A4, 0x2285, 0x2285, 0x22A6, 0x22A7, 0x2AA8, 0x2AA9, 0x2AAA, 0x2AAA, 0x2ACB, 0x2ACC,
    0x2ACD, 0x2ACF, 0x2AD0, 0x2AD1, 0x2AF2, 0x2AF3, 0x2B14, 0x2315, 0x2336, 0x2357, 0x2358, 0x2378, 0x2B99, 0x2B9A, 0x2BBA, 0x2BDB,
    0x1AC1, 0x1AC2, 0x1AC2, 0x1AC3, 0x22C4, 0x22C4, 0x22C5, 0x22C5, 0x22C6, 0x22C7, 0x2AE8, 0x2AE8, 0x2AE9, 0x2AEA, 0x2AEB, 0x2AEC,
    0x2AED, 0x2B0E, 0x2B10, 0x2B11, 0x2B12, 0x2B13, 0x2B34, 0x2B35, 0x2B56, 0x2377, 0x2378, 0x2B98, 0x2BB9, 0x33DA, 0x33DA, 0x33FB,
    0x1AE1, 0x1AE2, 0x1AE2, 0x1B03, 0x1B03, 0x1B04, 0x1AE5, 0x22E5, 0x2306, 0x2306, 0x2307, 0x2B08, 0x2B29, 0x2B2A, 0x2B2B, 0x2B2C,
    0x2B2D, 0x2B2E, 0x2B2F, 0x2B50, 0x2B51, 0x2B52, 0x2B54, 0x2B75, 0x2B76, 0x2B97, 0x2BB8, 0x2BB8, 0x33D9, 0x33FA, 0x33FA, 0x341B,
    0x1B21, 0x1B21, 0x1B22, 0x1B23, 0x1B23, 0x1B24, 0x1B25, 0x1B25, 0x1B26, 0x1B26, 0x2347, 0x2348, 0x2B49, 0x2B6A, 0x2B6B, 0x2B6C,
    0x2B6D, 0x2B6E, 0x2B6F, 0x2B70, 0x2B71, 0x2B92, 0x2B93, 0x2B94, 0x2B96, 0x2BB6, 0x2BD7, 0x33D8, 0x33F9, 0x341A, 0x341A, 0x3C3B,
    0x1B61, 0x1B61, 0x1B62, 0x1B63, 0x1B63, 0x1B64, 0x1B64, 0x1B65, 0x1B66, 0x1B66, 0x1B67, 0x2388, 0x2B89, 0x2B8A, 0x2B8B, 0x2BAC,
    0x2BAD, 0x2BAE, 0x33AF, 0x33B0, 0x33B1, 0x33B2, 0x33D3, 0x33D4, 0x33D5, 0x33D6, 0x33F7, 0x33F8, 0x3419, 0x343A, 0x3C5A, 0x3C5B,
    0x1B81, 0x1BA1, 0x1BA2, 0x1BA2, 0x1BA3, 0x1BA4, 0x1B84, 0x1B85, 0x1B86, 0x1BA6, 0x23A7, 0x23A8, 0x23A9, 0x2BCA, 0x2BCB, 0x2BCC,
    0x2BED, 0x2BEE, 0x33CF, 0x33F0, 0x33F1, 0x33F2, 0x2BF3, 0x33F4, 0x3415, 0x3416, 0x3417, 0x3438, 0x3439, 0x3C5A, 0x3C7B, 0x3C7B,
    0x1BC1, 0x1BC1, 0x1BC2, 0x1BC2, 0x1BC3, 0x1BC4, 0x1BC4, 0x1BC5, 0x1BC6, 0x23C6, 0x23C7, 0x23E8, 0x23E8, 0x23EA, 0x2C0B, 0x2C0C,
    0x2C0D, 0x2C0E, 0x2C2F, 0x340F, 0x3411, 0x3432, 0x2C33, 0x2C34, 0x2C35, 0x3456, 0x3457, 0x3458, 0x3479, 0x3C7A, 0x3C9B, 0x3C9B,
    0x1C01, 0x2401, 0x2401, 0x2402, 0x2403, 0x2403, 0x2404, 0x2405, 0x2405, 0x2406, 0x2407, 0x2408, 0x2428, 0x2429, 0x2C2B, 0x2C2C,
    0x2C4D, 0x2C4E, 0x2C4F, 0x2C50, 0x2C50, 0x2C51, 0x2C53, 0x2C74, 0x2C75, 0x2C76, 0x3497, 0x3498, 0x3499, 0x3CBA, 0x3CBB, 0x3CBB,
    0x2441, 0x2441, 0x2441, 0x2442, 0x2442, 0x2443, 0x2444, 0x2425, 0x2425, 0x2446, 0x2447, 0x2447, 0x2448, 0x2449, 0x246A, 0x246B,
    0x2C8D, 0x2C8D, 0x2C8F, 0x2CB0, 0x2C91, 0x2C91, 0x2C92, 0x2CB4, 0x2CB5, 0x2CB6, 0x2CB7, 0x34D8, 0x34D9, 0x34DA, 0x3CFB, 0x3CFC,
    0x2461, 0x2481, 0x2481, 0x2482, 0x2482, 0x2483, 0x2484, 0x2464, 0x2465, 0x2466, 0x2487, 0x2487, 0x2488, 0x2489, 0x248A, 0x2CAB,
    0x2CAC, 0x2CCD, 0x2CCE, 0x2CD0, 0x2CF1, 0x2CD2, 0x2CD2, 0x2CD3, 0x2CF5, 0x2CF6, 0x2CF7, 0x34F7, 0x34F8, 0x351A, 0x3D1A, 0x3D3B,
    0x24A1, 0x24C1, 0x24C1, 0x24C2, 0x24C2, 0x24C3, 0x24C3, 0x24A4, 0x24A5, 0x24A6, 0x24A6, 0x24A7, 0x24C8, 0x24C9, 0x2CCA, 0x2CCB,
    0x2CEC, 0x2CED, 0x2CEE, 0x2D0F, 0x2D11, 0x2D12, 0x2D12, 0x2D13, 0x2D14, 0x2D15, 0x2D36, 0x3537, 0x3538, 0x355A, 0x355A, 0x3D5B,
    0x24E1, 0x2501, 0x2521, 0x2522, 0x2522, 0x2523, 0x2503, 0x24E4, 0x24E5, 0x24E5, 0x24E6, 0x24E7, 0x24E8, 0x2508, 0x2D09, 0x2D0A,
    0x2D0C, 0x2D2D, 0x2D2E, 0x2D2F, 0x2D50, 0x2D51, 0x2D52, 0x2D53, 0x2D34, 0x2D55, 0x2D56, 0x3557, 0x3578, 0x3579, 0x357A, 0x357B,
    0x2541, 0x2541, 0x2561, 0x2562, 0x2562, 0x2563, 0x2543, 0x2524, 0x2524, 0x2525, 0x2526, 0x2547, 0x2547, 0x2D48, 0x2D49, 0x2D4A,
    0x2D4B, 0x2D4D, 0x2D6E, 0x2D6F, 0x2D70, 0x2D71, 0x2D92, 0x2D94, 0x2D94, 0x2D75, 0x3596, 0x3597, 0x35B8, 0x35BA, 0x35BA, 0x35BB,
    0x2581, 0x25A1, 0x25A2, 0x25A2, 0x25A2, 0x25A3, 0x2583, 0x2564, 0x2564, 0x2565, 0x2566, 0x2566, 0x2D87, 0x2D88, 0x2D89, 0x2D8A,
    0x2D8B, 0x2D8D, 0x2DAE, 0x2DAF, 0x2DB0, 0x2DD1, 0x35D3, 0x35D4, 0x35F5, 0x35D6, 0x35D6, 0x35D7, 0x35D8, 0x35FA, 0x35FA, 0x35FB,
    0x25C1, 0x25E1, 0x2E02, 0x2E02, 0x2E02, 0x2DE3, 0x2DC4, 0x2DA4, 0x2DA4, 0x2DA5, 0x2DA5, 0x2DA6, 0x2DA7, 0x2DA8, 0x2DA9, 0x2DC9,
    0x2DCB, 0x2DCC, 0x2DEE, 0x2DEF, 0x2DF0, 0x3611, 0x3612, 0x3614, 0x3615, 0x3616, 0x3616, 0x3617, 0x3618, 0x363A, 0x363A, 0x363B,
    0x2621, 0x2E41, 0x2E62, 0x2E82, 0x2E43, 0x2E03, 0x2E04, 0x2DE4, 0x2DE4, 0x2DE5, 0x2DE5, 0x2DE6, 0x2DE7, 0x2DE8, 0x2E08, 0x2E09,
    0x2E0A, 0x2E0C, 0x2E2D, 0x2E2F, 0x2E30, 0x3631, 0x3652, 0x3653, 0x3655, 0x3676, 0x3677, 0x3658, 0x3658, 0x365A, 0x367A, 0x367B,
    0x2EA1, 0x2EC2, 0x2EC2, 0x2EA2, 0x2E83, 0x2E64, 0x2E24, 0x2E24, 0x2E24, 0x2E25, 0x2E25, 0x2E26, 0x2E26, 0x2E27, 0x2E48, 0x2E49,
    0x2E4A, 0x2E6B, 0x2E6D, 0x2E6E, 0x3670, 0x3691, 0x3692, 0x3693, 0x3695, 0x36B6, 0x36B7, 0x36B8, 0x36B9, 0x3699, 0x36BA, 0x3EBB,
    0x2F02, 0x2F02, 0x2F02, 0x2EE3, 0x2EC3, 0x36A4, 0x2EA4, 0x2EA4, 0x2EA5, 0x2E85, 0x2E86, 0x2E86, 0x2EA6, 0x2EA7, 0x2EA8, 0x2EA9,
    0x2EAA, 0x2ECB, 0x36CD, 0x36CE, 0x36D0, 0x36D1, 0x36D2, 0x36F4, 0x36F5, 0x36F6, 0x36F7, 0x36F8, 0x36F9, 0x36FA, 0x36DA, 0x3EFB,
    0x2F42, 0x2F22, 0x2F23, 0x3703, 0x36E4, 0x36E4, 0x36E4, 0x2EE5, 0x2EE5, 0x2EE5, 0x2EE6, 0x2EE6, 0x2EE7, 0x2EE7, 0x2EE8, 0x2F08,
    0x3709, 0x370B, 0x370C, 0x370E, 0x3710, 0x3711, 0x3712, 0x3733, 0x3735, 0x3736, 0x3737, 0x3738, 0x3F39, 0x3F3A, 0x3F3B, 0x3F3B,
    0x2861, 0x2862, 0x2862, 0x2063, 0x2064, 0x2064, 0x1865, 0x1066, 0x1067, 0x1068, 0x1069, 0x108A, 0x108B, 0x108C, 0x108D, 0x10AE,
    0x18AF, 0x18AF, 0x18D0, 0x18D1, 0x20D2, 0x20F3, 0x20F4, 0x2115, 0x2116, 0x2137, 0x2138, 0x2159, 0x295A, 0x297B, 0x299C, 0x29BD,
    0x2881, 0x2882, 0x2883, 0x2083, 0x2084, 0x2084, 0x1885, 0x1086, 0x1087, 0x1088, 0x10A9, 0x10AA, 0x10AB, 0x10AC, 0x10AD, 0x18CE,
    0x18CF, 0x18D0, 0x18D1, 0x18F2, 0x20F2, 0x20F3, 0x2114, 0x2115, 0x2136, 0x2137, 0x2158, 0x2959, 0x297A, 0x299B, 0x29BC, 0x29BC,
    0x28A1, 0x28A2, 0x28A3, 0x28A3, 0x20A4, 0x20A4, 0x20A5, 0x18A6, 0x10A7, 0x10C8, 0x10C8, 0x10C9, 0x10CA, 0x10CB, 0x10CD, 0x18ED,
    0x18EE, 0x18F0, 0x18F1, 0x20F2, 0x2113, 0x2114, 0x2115, 0x2136, 0x2137, 0x2157, 0x2158, 0x2979, 0x299A, 0x299B, 0x29BC, 0x29DC,
    0x28C1, 0x28C2, 0x28C2, 0x28C3, 0x28C4, 0x20C4, 0x20E5, 0x18E6, 0x18E7, 0x18E7, 0x10E8, 0x10E9, 0x10EA, 0x10EB, 0x190C, 0x190D,
    0x190E, 0x190F, 0x1911, 0x2131, 0x2132, 0x2134, 0x2135, 0x2156, 0x2156, 0x2177, 0x2178, 0x2999, 0x29BA, 0x29DB, 0x29DB, 0x29FC,
    0x2901, 0x2902, 0x2903, 0x2903, 0x2904, 0x2904, 0x2105, 0x2106, 0x2107, 0x2107, 0x1908, 0x1929, 0x112A, 0x192B, 0x192C, 0x192D,
    0x192E, 0x194F, 0x1950, 0x2151, 0x2152, 0x2153, 0x2174, 0x2176, 0x2176, 0x2197, 0x2198, 0x29B9, 0x29DA, 0x29FA, 0x2A1B, 0x2A1B,
    0x2121, 0x2922, 0x2923, 0x2923, 0x2924, 0x2924, 0x2925, 0x2126, 0x2147, 0x2147, 0x2148, 0x2149, 0x194A, 0x194B, 0x194C, 0x196D,
    0x196E, 0x1970, 0x1971, 0x2191, 0x2193, 0x2194, 0x2195, 0x21B6, 0x21B6, 0x21B7, 0x21D8, 0x29D9, 0x29FA, 0x2A1A, 0x2A3B, 0x2A3B,
    0x2141, 0x2142, 0x2943, 0x2943, 0x2944, 0x2964, 0x2965, 0x2966, 0x2967, 0x2968, 0x2968, 0x2169, 0x218A, 0x198B, 0x198C, 0x198D,
    0x198E, 0x19AF, 0x19B1, 0x21B1, 0x21B2, 0x21D4, 0x21D4, 0x21D5, 0x21D6, 0x21F7, 0x21F8, 0x2A19, 0x2A39, 0x2A5A, 0x2A5B, 0x2A7B,
    0x2161, 0x2162, 0x2963, 0x2963, 0x2984, 0x2984, 0x2985, 0x2986, 0x2987, 0x29A8, 0x29A8, 0x29A9, 0x29AA, 0x21AB, 0x21AC, 0x19CD,
    0x19CE, 0x19CF, 0x19D0, 0x21D1, 0x21F2, 0x21F3, 0x21F4, 0x21F5, 0x2216, 0x2217, 0x2238, 0x2A58, 0x2A59, 0x2A7A, 0x2A9A, 0x2A9B,
    0x2182, 0x21A2, 0x29A3, 0x29A3, 0x29A4, 0x29A4, 0x29C5, 0x29C6, 0x29C7, 0x29C7, 0x29C8, 0x29C9, 0x29CA, 0x29EB, 0x29EC, 0x21ED,
    0x21EE, 0x19EF, 0x1A10, 0x2211, 0x2212, 0x2213, 0x2234, 0x2235, 0x2236, 0x2257, 0x2278, 0x2A78, 0x2A99, 0x2ABA, 0x2ABA, 0x32BB,
    0x21C2, 0x21C2, 0x29C3, 0x29C3, 0x29E4, 0x29E4, 0x29E5, 0x29E6, 0x29E7, 0x2A07, 0x2A08, 0x2A09, 0x2A0A, 0x2A0B, 0x2A0C, 0x2A2D,
    0x2A2E, 0x222F, 0x2230, 0x2251, 0x2252, 0x2253, 0x2274, 0x2275, 0x2276, 0x2297, 0x2298, 0x2AB8, 0x2AB9, 0x2ADA, 0x2AFA, 0x32FB,
    0x2202, 0x2202, 0x2A03, 0x2A03, 0x2A04, 0x2A04, 0x2A05, 0x2A06, 0x2A26, 0x2A27, 0x2A28, 0x3229, 0x322A, 0x322B, 0x322C, 0x2A4D,
    0x2A4E, 0x2A4F, 0x2A70, 0x2271, 0x2272, 0x2293, 0x2294, 0x2295, 0x22B6, 0x22B7, 0x22D8, 0x2AD8, 0x2AF9, 0x2B1A, 0x2B1A, 0x333B,
    0x2222, 0x2222, 0x2223, 0x2A23, 0x2A24, 0x2A44, 0x2A45, 0x2A46, 0x2A46, 0x2A47, 0x3248, 0x3269, 0x326A, 0x326B, 0x326C, 0x326D,
    0x326E, 0x2A8F, 0x2A90, 0x2A91, 0x2AB2, 0x22B3, 0x22B4, 0x22D5, 0x22D6, 0x22F7, 0x2AF8, 0x2B18, 0x2B39, 0x2B3A, 0x2B5A, 0x335B,
    0x2262, 0x2262, 0x2263, 0x2263, 0x2A64, 0x2A64, 0x2A65, 0x2A65, 0x2A66, 0x2A87, 0x3288, 0x3289, 0x328A, 0x328B, 0x328C, 0x32AD,
    0x32AE, 0x32AF, 0x32B0, 0x2AB1, 0x2AD2, 0x2AD3, 0x2AF4, 0x22F5, 0x2316, 0x2317, 0x2B38, 0x2B58, 0x2B59, 0x2B7A, 0x339A, 0x339B,
    0x2281, 0x2282, 0x2283, 0x2283, 0x22A4, 0x2AA4, 0x2AA5, 0x2AA5, 0x2AA6, 0x2AA7, 0x32A8, 0x32A9, 0x32CA, 0x32CB, 0x32CC, 0x32CD,
    0x32CE, 0x32CF, 0x32D0, 0x32F1, 0x32F2, 0x3313, 0x2B14, 0x2B35, 0x2B36, 0x2B57, 0x2B78, 0x2B78, 0x2B99, 0x33BA, 0x33BA, 0x33DB,
    0x22A1, 0x22C2, 0x22C2, 0x22C3, 0x22C4, 0x22C4, 0x2AC5, 0x2AC5, 0x2AC6, 0x2AC7, 0x2AE8, 0x32E8, 0x32E9, 0x330B, 0x32EB, 0x330C,
    0x330D, 0x330F, 0x3310, 0x3311, 0x3312, 0x3333, 0x3334, 0x3355, 0x2B56, 0x2B77, 0x3397, 0x3398, 0x33B9, 0x3BDA, 0x3BFA, 0x3BFB,
    0x22E1, 0x22E2, 0x22E2, 0x22E3, 0x2304, 0x2304, 0x2305, 0x2305, 0x2B06, 0x2B06, 0x2B07, 0x3328, 0x3329, 0x332A, 0x332B, 0x332C,
    0x332D, 0x334E, 0x3350, 0x3351, 0x3352, 0x3353, 0x3374, 0x3375, 0x3396, 0x3397, 0x33B7, 0x33D8, 0x3BD9, 0x3BFA, 0x3C1A, 0x3C3B,
    0x1B21, 0x1B22, 0x2322, 0x2323, 0x2323, 0x2324, 0x2325, 0x2325, 0x2326, 0x2326, 0x2347, 0x2B48, 0x3349, 0x336A, 0x336B, 0x336C,
    0x336D, 0x336E, 0x336F, 0x3370, 0x3391, 0x3393, 0x3394, 0x3395, 0x33B6, 0x33D7, 0x33D7, 0x3BF8, 0x3BF9, 0x3C1A, 0x3C3A, 0x445B,
    0x1B41, 0x1B61, 0x2362, 0x2363, 0x2363, 0x2364, 0x2364, 0x2365, 0x2366, 0x2366, 0x2367, 0x2388, 0x2B89, 0x338A, 0x33AB, 0x33AC,
    0x33AD, 0x33AE, 0x33AF, 0x33B0, 0x33D1, 0x33D3, 0x33D4, 0x33D5, 0x33D6, 0x33F6, 0x3BF7, 0x3C18, 0x3C19, 0x3C3A, 0x445A, 0x447B,
    0x1B81, 0x2381, 0x2382, 0x23A2, 0x23A3, 0x23A4, 0x23A4, 0x2385, 0x2386, 0x23A6, 0x23A7, 0x23A8, 0x2BA9, 0x33CA, 0x33CB, 0x33EC,
    0x33ED, 0x33EE, 0x33EF, 0x33F0, 0x33F1, 0x33F2, 0x3413, 0x3414, 0x3416, 0x3416, 0x3C37, 0x3C38, 0x3C59, 0x445A, 0x447A, 0x447B,
    0x23C1, 0x23C1, 0x23C2, 0x23C2, 0x23C3, 0x23C4, 0x23E4, 0x23C5, 0x23C6, 0x23C6, 0x23C7, 0x23E8, 0x23E8, 0x2BEA, 0x340B, 0x340C,
    0x340D, 0x342E, 0x342F, 0x3410, 0x3431, 0x3432, 0x3433, 0x3434, 0x3455, 0x3456, 0x3C57, 0x3C58, 0x3C79, 0x447A, 0x449A, 0x449B,
    0x2401, 0x2401, 0x2401, 0x2402, 0x2403, 0x2403, 0x2404, 0x2405, 0x2405, 0x2406, 0x2407, 0x2408, 0x2428, 0x2429, 0x2C2B, 0x2C4C,
    0x344D, 0x344E, 0x346F, 0x3470, 0x3451, 0x3472, 0x3473, 0x3474, 0x3475, 0x3496, 0x3C97, 0x3C98, 0x3C99, 0x44BA, 0x44BA, 0x44DB,
    0x2441, 0x2441, 0x2441, 0x2442, 0x2442, 0x2443, 0x2444, 0x2445, 0x2425, 0x2446, 0x2447, 0x2447, 0x2448, 0x2C69, 0x2C6A, 0x2C6C,
    0x2C8D, 0x2C8E, 0x2CAF, 0x2CB0, 0x2CB1, 0x3492, 0x34B3, 0x34B4, 0x34B5, 0x34B6, 0x3CB7, 0x3CD8, 0x3CD9, 0x3CDA, 0x44FA, 0x44FB,
    0x2461, 0x2481, 0x2481, 0x2482, 0x2482, 0x2483, 0x2484, 0x2484, 0x2465, 0x2466, 0x2467, 0x2487, 0x2C88, 0x2C89, 0x2CAA, 0x2CAB,
    0x2CAC, 0x2CCD, 0x2CCF, 0x2CF0, 0x2CF1, 0x2CF2, 0x34D2, 0x34F4, 0x34F5, 0x34F6, 0x34F7, 0x3CF8, 0x3D19, 0x3D1A, 0x453A, 0x453B,
    0x24A1, 0x24C1, 0x2CC1, 0x2CC2, 0x2CC2, 0x2CC3, 0x2CC3, 0x2CC4, 0x24A5, 0x24A6, 0x2CA6, 0x2CA7, 0x2CC8, 0x2CC9, 0x2CCA, 0x2CEB,
    0x2CEC, 0x2CED, 0x2D0E, 0x2D10, 0x2D11, 0x2D32, 0x3533, 0x3513, 0x3514, 0x3536, 0x3536, 0x3537, 0x3D38, 0x3D59, 0x3D5A, 0x455B,
    0x24E1, 0x2D01, 0x2D21, 0x2D22, 0x2D22, 0x2D23, 0x2D23, 0x2D04, 0x2CE5, 0x2CE5, 0x2CE6, 0x2CE7, 0x2D08, 0x2D08, 0x2D09, 0x2D0A,
    0x2D2C, 0x2D2D, 0x2D2E, 0x354F, 0x3551, 0x3552, 0x3553, 0x3553, 0x3554, 0x3555, 0x3556, 0x3557, 0x3578, 0x3D79, 0x3D7A, 0x3D9B,
    0x2D41, 0x2D41, 0x2D61, 0x2D62, 0x2D62, 0x2D63, 0x2D63, 0x2D44, 0x2D24, 0x2D25, 0x2D26, 0x2D27, 0x2D48, 0x2D48, 0x2D49, 0x2D4A,
    0x2D4B, 0x356D, 0x356E, 0x356F, 0x3570, 0x3591, 0x3593, 0x3594, 0x3595, 0x3595, 0x3596, 0x3597, 0x35B8, 0x3DBA, 0x3DBA, 0x3DDB,
    0x2D81, 0x2DA1, 0x2DA2, 0x2DA2, 0x2DA2, 0x2DA3, 0x2D84, 0x2D84, 0x2D64, 0x2D65, 0x2D66, 0x2D67, 0x2D68, 0x2D68, 0x2D69, 0x2D8A,
    0x358B, 0x358D, 0x35AE, 0x35AF, 0x35B0, 0x35D1, 0x35D3, 0x35D4, 0x35F5, 0x35D6, 0x35D6, 0x35D7, 0x35D8, 0x3DFA, 0x3DFA, 0x3DFB,
    0x2DC1, 0x2DE1, 0x2E02, 0x2E02, 0x2E02, 0x2DE3, 0x2DC4, 0x2DA4, 0x2DA4, 0x2D85, 0x2DA5, 0x2DA6, 0x2DA7, 0x2DA8, 0x2DA9, 0x35CA,
    0x35CB, 0x35CC, 0x35EE, 0x35EF, 0x35F0, 0x3611, 0x3612, 0x3614, 0x3615, 0x3636, 0x3616, 0x3617, 0x3E18, 0x3E3A, 0x3E3A, 0x3E3B,
    0x2E21, 0x2E41, 0x2E62, 0x2E82, 0x2E43, 0x2E03, 0x3604, 0x35E4, 0x2DE5, 0x2DE5, 0x2DE5, 0x2DE6, 0x2DE7, 0x2DE8, 0x35E8, 0x3609,
    0x360A, 0x360C, 0x362D, 0x362F, 0x3630, 0x3631, 0x3652, 0x3653, 0x3655, 0x3E76, 0x3E77, 0x3E58, 0x3E58, 0x3E5A, 0x3E7A, 0x3E7B,
    0x2EA1, 0x2EC2, 0x2EC2, 0x36A2, 0x3683, 0x3664, 0x3624, 0x3624, 0x3625, 0x2E25, 0x2E25, 0x2E26, 0x2E26, 0x3627, 0x3628, 0x3649,
    0x364A, 0x364B, 0x366D, 0x366E, 0x3670, 0x3691, 0x3692, 0x3693, 0x3695, 0x3EB6, 0x3EB7, 0x3EB8, 0x3EB9, 0x3E9A, 0x3EBA, 0x3EBB,
    0x2EE2, 0x3702, 0x3702, 0x36E3, 0x36C3, 0x36A4, 0x36A4, 0x36A5, 0x36A5, 0x3685, 0x3686, 0x3686, 0x3686, 0x36A7, 0x36A8, 0x36A9,
    0x36AA, 0x36CB, 0x36CD, 0x36CE, 0x36D0, 0x36D1, 0x36D2, 0x3EF4, 0x3EF5, 0x3EF6, 0x3EF7, 0x3EF8, 0x3EF9, 0x3EFA, 0x3EFA, 0x3EFB,
    0x3742, 0x3722, 0x3723, 0x3703, 0x36E4, 0x36E4, 0x36E5, 0x36E5, 0x36E5, 0x36E5, 0x36E6, 0x36E6, 0x36E7, 0x36E7, 0x36E8, 0x36E8,
    0x3709, 0x370B, 0x370C, 0x370E, 0x3710, 0x3711, 0x3F12, 0x3F33, 0x3F35, 0x3F36, 0x3F37, 0x3F38, 0x3F39, 0x3F3A, 0x3F3B, 0x3F3B,
    0x3061, 0x2862, 0x2863, 0x2863, 0x2864, 0x2865, 0x2065, 0x1866, 0x1067, 0x1068, 0x1089, 0x108A, 0x108B, 0x108C, 0x18AD, 0x18AE,
    0x18AF, 0x18B0, 0x18D1, 0x20D2, 0x20D3, 0x20F4, 0x20F5, 0x2115, 0x2116, 0x2937, 0x2938, 0x2959, 0x295A, 0x297B, 0x299C, 0x31BD,
    0x3081, 0x3082, 0x2883, 0x2883, 0x2884, 0x2884, 0x2885, 0x1886, 0x1087, 0x1088, 0x10A9, 0x10AA, 0x10AB, 0x10AC, 0x18CD, 0x18CE,
    0x18CF, 0x18D0, 0x18D1, 0x20F2, 0x20F3, 0x20F4, 0x2115, 0x2116, 0x2936, 0x2937, 0x2958, 0x2959, 0x297A, 0x299B, 0x319C, 0x31BC,
    0x30A1, 0x30A2, 0x28A3, 0x28A3, 0x28A4, 0x28A4, 0x28A5, 0x20C6, 0x18C7, 0x18C8, 0x10C8, 0x10C9, 0x18CB, 0x18CC, 0x18ED, 0x18EE,
    0x18EF, 0x18F0, 0x1911, 0x2112, 0x2113, 0x2114, 0x2115, 0x2136, 0x2937, 0x2958, 0x2958, 0x2979, 0x299A, 0x299B, 0x31BC, 0x31DC,
    0x30C1, 0x30C2, 0x28C3, 0x28C3, 0x28E4, 0x28E4, 0x28E5, 0x20E6, 0x20E7, 0x18E7, 0x18E8, 0x18E9, 0x18EA, 0x190B, 0x190D, 0x190D,
    0x190F, 0x1910, 0x2131, 0x2132, 0x2133, 0x2134, 0x2135, 0x2956, 0x2957, 0x2978, 0x2978, 0x2999, 0x29BA, 0x29BB, 0x31DB, 0x31FC,
    0x3101, 0x3102, 0x3103, 0x3103, 0x3104, 0x3104, 0x2905, 0x2906, 0x2107, 0x2108, 0x2128, 0x1929, 0x192A, 0x192B, 0x192D, 0x192D,
    0x194F, 0x1950, 0x2151, 0x2152, 0x2153, 0x2174, 0x2175, 0x2976, 0x2976, 0x2997, 0x2998, 0x29B9, 0x29DA, 0x29FA, 0x31FB, 0x321B,
    0x2921, 0x2922, 0x3123, 0x3123, 0x3124, 0x3124, 0x3125, 0x2926, 0x2947, 0x2948, 0x2148, 0x2149, 0x214A, 0x194B, 0x196C, 0x196D,
    0x196F, 0x2170, 0x2171, 0x2192, 0x2193, 0x2194, 0x2195, 0x29B6, 0x29B6, 0x29B7, 0x29D8, 0x29D9, 0x29FA, 0x321A, 0x323B, 0x323B,
    0x2941, 0x2942, 0x2943, 0x3143, 0x3164, 0x3164, 0x3165, 0x3166, 0x2967, 0x2968, 0x2968, 0x2969, 0x218A, 0x218B, 0x198C, 0x198D,
    0x198E, 0x21B0, 0x21B1, 0x21B2, 0x21B3, 0x21B4, 0x21D5, 0x21D6, 0x29D6, 0x29F7, 0x29F8, 0x2A19, 0x2A39, 0x325A, 0x325A, 0x327B,
    0x2962, 0x2962, 0x2963, 0x2983, 0x3184, 0x3184, 0x3185, 0x31A6, 0x31A7, 0x31A8, 0x31A8, 0x29A9, 0x29AA, 0x29AB, 0x21CC, 0x21CD,
    0x21CE, 0x21D0, 0x21D1, 0x21F1, 0x21F3, 0x21F4, 0x21F5, 0x2216, 0x2A16, 0x2A37, 0x2A38, 0x2A58, 0x3279, 0x327A, 0x329A, 0x329B,
    0x29A2, 0x29A2, 0x29A3, 0x31A3, 0x31A4, 0x31A4, 0x31C5, 0x31C6, 0x31C7, 0x31C8, 0x31C8, 0x31E9, 0x31EA, 0x31EB, 0x29EC, 0x29ED,
    0x21EE, 0x220F, 0x2211, 0x2211, 0x2212, 0x2233, 0x2234, 0x2235, 0x2A56, 0x2A57, 0x2A77, 0x2A98, 0x3299, 0x32BA, 0x32BA, 0x32BB,
    0x29C2, 0x29C2, 0x31C3, 0x31E3, 0x31E4, 0x31E5, 0x31E5, 0x31E6, 0x3207, 0x3208, 0x3208, 0x3209, 0x320A, 0x320B, 0x322C, 0x322D,
    0x2A2E, 0x2A2F, 0x2251, 0x2251, 0x2253, 0x2254, 0x2275, 0x2275, 0x2A76, 0x2A97, 0x2A97, 0x2AB8, 0x32D9, 0x32DA, 0x32FA, 0x32FB,
    0x2A02, 0x2A02, 0x2A03, 0x3203, 0x3204, 0x3205, 0x3225, 0x3226, 0x3227, 0x3227, 0x3228, 0x3229, 0x322A, 0x324B, 0x324C, 0x324D,
    0x324E, 0x326F, 0x2A70, 0x2A71, 0x2292, 0x2293, 0x2294, 0x22B5, 0x2AB6, 0x2AB7, 0x2AD8, 0x2AF8, 0x32F9, 0x331A, 0x331A, 0x333B,
    0x2A22, 0x2A22, 0x2A23, 0x2A23, 0x3224, 0x3244, 0x3245, 0x3246, 0x3246, 0x3267, 0x3268, 0x3269, 0x326A, 0x326B, 0x326C, 0x326D,
    0x328E, 0x328F, 0x3290, 0x32B1, 0x2AB2, 0x2AB3, 0x22D4, 0x2AD5, 0x2AD6, 0x2AF7, 0x2B18, 0x2B18, 0x3339, 0x333A, 0x335A, 0x335B,
    0x2A62, 0x2A62, 0x2A63, 0x2A63, 0x2A64, 0x2A64, 0x3265, 0x3286, 0x3286, 0x3287, 0x3288, 0x3289, 0x328A, 0x32AB, 0x32AC, 0x3AAD,
    0x3AAE, 0x32AF, 0x32B0, 0x32D1, 0x32D2, 0x32F3, 0x2AF4, 0x2B15, 0x2B16, 0x2B37, 0x2B38, 0x2B58, 0x3379, 0x337A, 0x339A, 0x339B,
    0x2A82, 0x2A82, 0x2A83, 0x2AA3, 0x2AA4, 0x2AA4, 0x32A5, 0x32A6, 0x32A6, 0x32A7, 0x32A8, 0x32C9, 0x32CA, 0x3ACB, 0x3ACC, 0x3ACD,
    0x3ACE, 0x3AEF, 0x3AF0, 0x3AF1, 0x3312, 0x3313, 0x3334, 0x3335, 0x3356, 0x3357, 0x3377, 0x3398, 0x3399, 0x33BA, 0x33BA, 0x33DB,
    0x22A2, 0x2AC2, 0x2AC3, 0x2AC3, 0x2AC4, 0x2AC4, 0x2AC5, 0x32C6, 0x32C6, 0x32C7, 0x32E8, 0x32E9, 0x330A, 0x330B, 0x3B0C, 0x3B0D,
    0x3B0E, 0x3B0F, 0x3B10, 0x3B31, 0x3B32, 0x3B33, 0x3354, 0x3355, 0x3376, 0x3397, 0x3B97, 0x3BB8, 0x3BD9, 0x43DA, 0x43FA, 0x441B,
    0x22E1, 0x22E2, 0x2AE2, 0x2AE3, 0x2AE4, 0x2B04, 0x2B05, 0x2B05, 0x2B06, 0x3307, 0x3307, 0x3328, 0x3B29, 0x3B2A, 0x3B4C, 0x3B2C,
    0x3B4D, 0x3B4F, 0x3B50, 0x3B51, 0x3B52, 0x3B73, 0x3B74, 0x3B95, 0x3B96, 0x3BB7, 0x3BB7, 0x3BD8, 0x43F9, 0x43FA, 0x441A, 0x443B,
    0x2301, 0x2322, 0x2322, 0x2B23, 0x2B23, 0x2B24, 0x2B25, 0x2B45, 0x2B26, 0x2B26, 0x2B47, 0x3348, 0x3349, 0x3B6A, 0x3B6B, 0x3B8C,
    0x3B6D, 0x3B6E, 0x3B8F, 0x3B91, 0x3B92, 0x3B93, 0x3B94, 0x3BB5, 0x3BB6, 0x3BD6, 0x3BD7, 0x43F8, 0x4419, 0x441A, 0x443A, 0x445B,
    0x2341, 0x2342, 0x2362, 0x2B63, 0x2B63, 0x2B64, 0x2B65, 0x2B65, 0x2B66, 0x2B66, 0x2B67, 0x2B88, 0x3389, 0x3B8A, 0x3BAB, 0x3BAC,
    0x3BCD, 0x3BAE, 0x3BAF, 0x3BD1, 0x3BD2, 0x3BD3, 0x3BD4, 0x3BF5, 0x3BF6, 0x3BF6, 0x4417, 0x4418, 0x4439, 0x445A, 0x445A, 0x4C7B,
    0x2381, 0x2382, 0x2382, 0x2382, 0x23A3, 0x2BA4, 0x2BA4, 0x2BA5, 0x2BA6, 0x2B86, 0x2BA7, 0x2BA8, 0x2BA9, 0x33CA, 0x3BCB, 0x3BEC,
    0x3BED, 0x3BEE, 0x3BEF, 0x3BF0, 0x3C11, 0x3C12, 0x3C14, 0x3C15, 0x3C16, 0x3C36, 0x4437, 0x4438, 0x4459, 0x447A, 0x447A, 0x4C9B,
    0x23C1, 0x23C1, 0x23C2, 0x23C2, 0x23C3, 0x23C4, 0x23C4, 0x2BE5, 0x23C6, 0x23C6, 0x2BC7, 0x2BE8, 0x2BE8, 0x33EA, 0x340B, 0x3C0C,
    0x3C2D, 0x3C2E, 0x3C2F, 0x3C30, 0x3C31, 0x3C32, 0x3C53, 0x3C54, 0x3C56, 0x3C56, 0x4457, 0x4478, 0x4479, 0x449A, 0x4C9A, 0x4CBB,
    0x2401, 0x2401, 0x2402, 0x2402, 0x2C03, 0x2C03, 0x2C04, 0x2C05, 0x2C05, 0x2C06, 0x2C07, 0x2C08, 0x2C28, 0x2C29, 0x342B, 0x344C,
    0x344D, 0x3C4E, 0x3C6F, 0x3C70, 0x3C71, 0x3C72, 0x3C73, 0x3C74, 0x3C95, 0x3C96, 0x4497, 0x4498, 0x44B9, 0x44BA, 0x4CDA, 0x4CDB,
    0x2441, 0x2441, 0x2C42, 0x2C42, 0x2C42, 0x2C43, 0x2C44, 0x2C45, 0x2C45, 0x2C26, 0x2C47, 0x2C47, 0x2C48, 0x2C69, 0x2C6A, 0x348C,
    0x348D, 0x348E, 0x34AF, 0x34B0, 0x34B1, 0x3CB2, 0x3CB3, 0x3CB4, 0x3CD5, 0x3CD6, 0x44D7, 0x44D8, 0x44D9, 0x44FA, 0x4CFA, 0x4D1B,
    0x2C61, 0x2C81, 0x2C81, 0x2C82, 0x2C82, 0x2C83, 0x2C84, 0x2C84, 0x2C85, 0x2C66, 0x2C67, 0x2C87, 0x2C88, 0x2C89, 0x2CAA, 0x2CAB,
    0x34CD, 0x34CE, 0x34CF, 0x34F0, 0x34F1, 0x34F2, 0x3CF3, 0x3CF4, 0x3CF5, 0x3CF6, 0x3CF7, 0x4518, 0x4519, 0x451A, 0x453A, 0x4D3B,
    0x2CA1, 0x2CC1, 0x2CC1, 0x2CC2, 0x2CC2, 0x2CC3, 0x2CC3, 0x2CC4, 0x2CC5, 0x2CA6, 0x2CA6, 0x2CA7, 0x2CC8, 0x2CC9, 0x2CCA, 0x34EB,
    0x34EC, 0x350D, 0x350F, 0x3510, 0x3531, 0x3532, 0x3533, 0x3D14, 0x3D35, 0x3D36, 0x3D37, 0x3D38, 0x4559, 0x455A, 0x455A, 0x455B,
    0x2CE1, 0x2D01, 0x2D21, 0x2D22, 0x2D22, 0x2D23, 0x2D23, 0x2D24, 0x2D04, 0x2CE5, 0x2CE6, 0x2CE7, 0x2CE8, 0x2D08, 0x2D09, 0x350A,
    0x352C, 0x352D, 0x352E, 0x354F, 0x3551, 0x3552, 0x3553, 0x3554, 0x3554, 0x3D55, 0x3D56, 0x3D78, 0x3D79, 0x4579, 0x459A, 0x459B,
    0x2D41, 0x2D41, 0x2D61, 0x2D62, 0x3562, 0x3563, 0x3563, 0x3544, 0x3544, 0x2D25, 0x2D06, 0x2D27, 0x3528, 0x3528, 0x3529, 0x354A,
    0x354C, 0x354D, 0x356E, 0x356F, 0x3591, 0x3592, 0x3593, 0x3594, 0x3D95, 0x3595, 0x3D96, 0x3DB7, 0x3DB9, 0x45BA, 0x45DA, 0x45DB,
    0x2D81, 0x2DA1, 0x35A2, 0x35A2, 0x35A2, 0x35A3, 0x3584, 0x3584, 0x3565, 0x3545, 0x3546, 0x3567, 0x3568, 0x3568, 0x3569, 0x358A,
    0x358B, 0x35AD, 0x35AE, 0x35AF, 0x35D0, 0x35D2, 0x3DD3, 0x3DF4, 0x3DF5, 0x3DD6, 0x3DD6, 0x3DD7, 0x3DF9, 0x3DFA, 0x3DFA, 0x45FB,
    0x2DC1, 0x35E1, 0x3602, 0x3602, 0x3602, 0x35E3, 0x35C4, 0x35A4, 0x35A5, 0x35A5, 0x35A5, 0x35A6, 0x35A7, 0x35A8, 0x35A9, 0x35CA,
    0x35CB, 0x35CC, 0x35EE, 0x35EF, 0x35F0, 0x3611, 0x3E12, 0x3E14, 0x3E35, 0x3E36, 0x3E17, 0x3E17, 0x3E18, 0x3E3A, 0x3E3A, 0x3E3B,
    0x3621, 0x3641, 0x3662, 0x3682, 0x3643, 0x3603, 0x3604, 0x35E4, 0x35E5, 0x35E5, 0x35E5, 0x35E6, 0x35E7, 0x35E8, 0x35E8, 0x3609,
    0x360A, 0x360C, 0x362D, 0x362F, 0x3630, 0x3E31, 0x3E52, 0x3E53, 0x3E55, 0x3E76, 0x3E77, 0x3E78, 0x3E58, 0x3E7A, 0x3E7A, 0x3E7B,
    0x36A1, 0x36C2, 0x36C2, 0x36A2, 0x3683, 0x3664, 0x3624, 0x3624, 0x3625, 0x3625, 0x3625, 0x3626, 0x3626, 0x3627, 0x3628, 0x3649,
    0x364A, 0x364B, 0x366D, 0x366E, 0x3E70, 0x3E91, 0x3E92, 0x3E93, 0x3E95, 0x3EB6, 0x3EB7, 0x3EB8, 0x3EB9, 0x3E9A, 0x3EBA, 0x46BB,
    0x36E2, 0x3702, 0x36E2, 0x36E3, 0x36C3, 0x3EA4, 0x3EA4, 0x3EA5, 0x3EA5, 0x36A5, 0x3686, 0x3686, 0x3686, 0x3687, 0x36A8, 0x36A9,
    0x36AA, 0x36CB, 0x3ECD, 0x3ECE, 0x3ED0, 0x3ED1, 0x3ED2, 0x3EF4, 0x3EF5, 0x3EF6, 0x3EF7, 0x3EF8, 0x3EF9, 0x3EFA, 0x3EFA, 0x46FB,
    0x3742, 0x3722, 0x3723, 0x3F03, 0x3EE4, 0x3EE4, 0x3EE4, 0x3EE5, 0x3EE5, 0x3EE6, 0x36E6, 0x36E6, 0x36E7, 0x36E7, 0x36E8, 0x36E8,
    0x3F0A, 0x3F0B, 0x3F0C, 0x3F0E, 0x3F0F, 0x3F11, 0x3F12, 0x3F33, 0x3F35, 0x3F36, 0x3F37, 0x3F38, 0x4739, 0x473A, 0x473B, 0x473B,
    0x3061, 0x3062, 0x3063, 0x3063, 0x3064, 0x3064, 0x3065, 0x2866, 0x1867, 0x1868, 0x1889, 0x188A, 0x188B, 0x188C, 0x18AD, 0x18AE,
    0x18AF, 0x18D0, 0x18D1, 0x20D2, 0x20F3, 0x20F4, 0x20F5, 0x2916, 0x2916, 0x2937, 0x2938, 0x2959, 0x315A, 0x317B, 0x319C, 0x31BC,
    0x3081, 0x3082, 0x3083, 0x3083, 0x3084, 0x3084, 0x3085, 0x2886, 0x1887, 0x1888, 0x18A9, 0x18AA, 0x18AB, 0x18AC, 0x18CD, 0x18CE,
    0x18CF, 0x18F0, 0x20F1, 0x20F2, 0x20F3, 0x2114, 0x2115, 0x2916, 0x2937, 0x2938, 0x2958, 0x2959, 0x317A, 0x319B, 0x319C, 0x31BC,
    0x30A1, 0x30A2, 0x30A3, 0x30A3, 0x30C4, 0x30C4, 0x30C5, 0x28C6, 0x20C7, 0x18C8, 0x18C8, 0x18CA, 0x18CB, 0x18EC, 0x18ED, 0x18EE,
    0x18EF, 0x1910, 0x2111, 0x2112, 0x2113, 0x2114, 0x2135, 0x2936, 0x2937, 0x2958, 0x2959, 0x3179, 0x319A, 0x319B, 0x31BC, 0x31DC,
    0x30C1, 0x30C2, 0x30C3, 0x30E3, 0x30E4, 0x30E4, 0x30E5, 0x30E6, 0x28E7, 0x20E8, 0x18E8, 0x18E9, 0x190A, 0x190C, 0x190D, 0x190E,
    0x192F, 0x2130, 0x2131, 0x2132, 0x2133, 0x2154, 0x2955, 0x2956, 0x2957, 0x2978, 0x2979, 0x3199, 0x31BA, 0x31BB, 0x31DB, 0x31FC,
    0x3901, 0x3902, 0x3903, 0x3903, 0x3904, 0x3104, 0x3105, 0x3106, 0x2907, 0x2908, 0x2128, 0x2129, 0x192A, 0x192C, 0x192D, 0x194E,
    0x214F, 0x2150, 0x2151, 0x2152, 0x2173, 0x2174, 0x2975, 0x2976, 0x2997, 0x2998, 0x2998, 0x31B9, 0x31DA, 0x31FA, 0x31FB, 0x321B,
    0x3121, 0x3122, 0x3923, 0x3923, 0x3924, 0x3924, 0x3925, 0x3926, 0x3147, 0x2948, 0x2948, 0x2949, 0x214A, 0x196B, 0x196D, 0x216E,
    0x216F, 0x2170, 0x2191, 0x2192, 0x2193, 0x2194, 0x2995, 0x29B6, 0x29B7, 0x29B7, 0x29D8, 0x31D9, 0x31FA, 0x321A, 0x323B, 0x323B,
    0x3141, 0x3142, 0x3143, 0x3963, 0x3964, 0x3964, 0x3965, 0x3966, 0x3167, 0x3168, 0x3168, 0x2989, 0x298A, 0x218B, 0x218C, 0x218D,
    0x218F, 0x21B0, 0x21B1, 0x21B2, 0x21B3, 0x21D4, 0x29D5, 0x29D6, 0x29D6, 0x29F7, 0x29F8, 0x3219, 0x3239, 0x325A, 0x325A, 0x327B,
    0x3162, 0x3162, 0x3183, 0x3983, 0x3984, 0x3984, 0x3985, 0x39A6, 0x39A7, 0x31A8, 0x31A8, 0x31A9, 0x31AA, 0x29AB, 0x29CC, 0x21CD,
    0x21CE, 0x21CF, 0x21D1, 0x21F2, 0x21F3, 0x21F4, 0x29F5, 0x2A16, 0x2A16, 0x2A37, 0x3238, 0x3258, 0x3279, 0x327A, 0x329A, 0x329B,
    0x3182, 0x31A2, 0x31A3, 0x31A3, 0x31A4, 0x39C4, 0x39C5, 0x39C6, 0x39C7, 0x39E8, 0x39E8, 0x39E9, 0x31EA, 0x31EB, 0x31EC, 0x29ED,
    0x2A0F, 0x2210, 0x2211, 0x2212, 0x2233, 0x2234, 0x2A35, 0x2A36, 0x2A56, 0x2A77, 0x3277, 0x3298, 0x3299, 0x32BA, 0x32BA, 0x3ADB,
    0x31C2, 0x31C2, 0x31E3, 0x39E3, 0x39E4, 0x39E5, 0x39E5, 0x3A06, 0x3A07, 0x3A08, 0x3A08, 0x3A09, 0x3A0A, 0x3A2B, 0x3A2C, 0x322D,
    0x322E, 0x2A30, 0x2251, 0x2252, 0x2253, 0x2A54, 0x2A75, 0x2A76, 0x2A96, 0x2A97, 0x32B7, 0x32B8, 0x32D9, 0x32DA, 0x32FA, 0x3AFB,
    0x3202, 0x3202, 0x3203, 0x3A03, 0x3A04, 0x3A25, 0x3A25, 0x3A26, 0x3A27, 0x3A48, 0x3A48, 0x3A49, 0x3A4A, 0x3A4B, 0x3A4C, 0x3A4D,
    0x3A6E, 0x326F, 0x3271, 0x2A72, 0x2A93, 0x2A94, 0x2A95, 0x2AB6, 0x2AB6, 0x2AD7, 0x32D7, 0x32F8, 0x32F9, 0x331A, 0x331A, 0x3B3B,
    0x3222, 0x3222, 0x3223, 0x3243, 0x3244, 0x3245, 0x3245, 0x3A46, 0x3A67, 0x3A67, 0x3A68, 0x3A69, 0x3A6A, 0x3A6B, 0x3A6C, 0x3A8D,
    0x3A8E, 0x3A8F, 0x3AB0, 0x32B1, 0x32B2, 0x2AB3, 0x2AD4, 0x2AD6, 0x2AF6, 0x2AF7, 0x3317, 0x3338, 0x3339, 0x335A, 0x335A, 0x3B7B,
    0x3262, 0x3262, 0x3263, 0x3263, 0x3264, 0x3264, 0x3265, 0x3286, 0x3A86, 0x3A87, 0x3AA8, 0x3AA9, 0x3AAA, 0x3AAB, 0x3AAC, 0x3AAD,
    0x3AAE, 0x3AAF, 0x3AD0, 0x3AD1, 0x3AF2, 0x3AF3, 0x3314, 0x3315, 0x3336, 0x3337, 0x3357, 0x3358, 0x3379, 0x337A, 0x3B9A, 0x3B9B,
    0x3282, 0x3282, 0x32A3, 0x32A3, 0x32A4, 0x32A4, 0x32A5, 0x32A6, 0x3AA6, 0x3AA7, 0x3AC8, 0x3AC9, 0x3ACA, 0x3ACB, 0x3ACC, 0x3AED,
    0x3AEE, 0x42EF, 0x3AF0, 0x3B11, 0x3B12, 0x3B33, 0x3B34, 0x3B55, 0x3B56, 0x3B77, 0x3B77, 0x3B98, 0x3BB9, 0x3BBA, 0x3BDA, 0x3BDB,
    0x2AA2, 0x32C2, 0x32C3, 0x32C3, 0x32C4, 0x32C4, 0x32C5, 0x32C6, 0x32E6, 0x32E7, 0x3AE8, 0x3AE9, 0x3B0A, 0x3B0B, 0x3B0C, 0x430D,
    0x430E, 0x430F, 0x4330, 0x4331, 0x3B32, 0x3B53, 0x3B54, 0x3B75, 0x3B76, 0x4397, 0x43B7, 0x43B8, 0x43D9, 0x43FA, 0x43FA, 0x441B,
    0x2AE2, 0x2AE2, 0x32E3, 0x3303, 0x3304, 0x3304, 0x3305, 0x3306, 0x3306, 0x3307, 0x3307, 0x3B28, 0x3B2A, 0x3B4B, 0x3B4C, 0x434D,
    0x434E, 0x434F, 0x4350, 0x4351, 0x4372, 0x4373, 0x4374, 0x4395, 0x43B6, 0x43B6, 0x43D7, 0x43F8, 0x43F9, 0x4C1A, 0x4C3A, 0x4C3B,
    0x2B02, 0x2B22, 0x2B22, 0x3323, 0x3324, 0x3324, 0x3325, 0x3345, 0x3346, 0x3347, 0x3347, 0x3B48, 0x3B69, 0x3B6A, 0x3B6B, 0x3B8D,
    0x436D, 0x438E, 0x4390, 0x4391, 0x4392, 0x43B3, 0x43B4, 0x43B5, 0x43D6, 0x43D6, 0x43F7, 0x4418, 0x4C19, 0x4C3A, 0x4C5A, 0x4C5B,
    0x2B41, 0x2B42, 0x2B42, 0x2B63, 0x3363, 0x3364, 0x3365, 0x3365, 0x3366, 0x3367, 0x3367, 0x3388, 0x3B89, 0x3BAA, 0x43AB, 0x43AC,
    0x43CE, 0x43AE, 0x43CF, 0x43D1, 0x43D2, 0x43D3, 0x43F4, 0x43F5, 0x43F6, 0x43F6, 0x4417, 0x4C38, 0x4C39, 0x4C5A, 0x4C7A, 0x4C7B,
    0x2381, 0x2B82, 0x2B82, 0x2B83, 0x2B83, 0x2BA4, 0x33A4, 0x33A5, 0x33A6, 0x33A6, 0x33A7, 0x33A8, 0x33A9, 0x3BCA, 0x3BCB, 0x43EC,
    0x43ED, 0x440E, 0x43EF, 0x4410, 0x4411, 0x4413, 0x4414, 0x4435, 0x4436, 0x4436, 0x4C37, 0x4C58, 0x4C59, 0x4C7A, 0x4C9A, 0x4C9B,
    0x23A1, 0x23C2, 0x2BC2, 0x2BC2, 0x2BC3, 0x2BC4, 0x2BC4, 0x33E5, 0x33E6, 0x33E6, 0x33C7, 0x33E8, 0x33E8, 0x33E9, 0x3C0B, 0x3C0C,
    0x442D, 0x442E, 0x442F, 0x4430, 0x4431, 0x4452, 0x4454, 0x4455, 0x4456, 0x4476, 0x4C77, 0x4C78, 0x4C99, 0x4C9A, 0x4CBA, 0x54BB,
    0x23E1, 0x23E1, 0x2C02, 0x2C02, 0x2C03, 0x2C03, 0x2C04, 0x2C05, 0x2C05, 0x2C06, 0x2C07, 0x2C08, 0x2C08, 0x3429, 0x342A, 0x3C4C,
    0x3C4D, 0x3C6E, 0x446F, 0x4470, 0x4471, 0x4472, 0x4493, 0x4494, 0x4495, 0x4496, 0x4497, 0x4CB8, 0x4CB9, 0x4CDA, 0x54DA, 0x54FB,
    0x2C21, 0x2C21, 0x2C42, 0x2C42, 0x2C42, 0x2C43, 0x2C44, 0x2C44, 0x2C45, 0x2C46, 0x2C47, 0x2C47, 0x2C48, 0x3469, 0x346A, 0x3C8C,
    0x3C8D, 0x3C8E, 0x3CAF, 0x3CB0, 0x3CD1, 0x44B2, 0x44B3, 0x44D4, 0x44D5, 0x44D6, 0x44D7, 0x4CD8, 0x4CF9, 0x4CFA, 0x551A, 0x551B,
    0x2C61, 0x2C61, 0x2C82, 0x2C82, 0x2C82, 0x2C83, 0x2C84, 0x3484, 0x3485, 0x3486, 0x2C67, 0x2C67, 0x3488, 0x3489, 0x34AA, 0x34AB,
    0x3CCD, 0x3CCE, 0x3CCF, 0x3CF0, 0x3CF1, 0x3CF2, 0x44F3, 0x44F4, 0x44F5, 0x44F6, 0x4517, 0x4D18, 0x4D19, 0x4D3A, 0x4D3A, 0x553B,
    0x2CA1, 0x2CC1, 0x2CC2, 0x34C2, 0x34C2, 0x34C3, 0x34C3, 0x34C4, 0x34C5, 0x34C6, 0x34A6, 0x34A7, 0x34A8, 0x34C9, 0x34CA, 0x34EB,
    0x34EC, 0x350D, 0x350F, 0x3D10, 0x3D31, 0x3D32, 0x3D33, 0x4514, 0x4535, 0x4536, 0x4537, 0x4558, 0x4D59, 0x4D5A, 0x4D5A, 0x4D7B,
    0x2CE1, 0x2D01, 0x3502, 0x3522, 0x3522, 0x3503, 0x3503, 0x3504, 0x3505, 0x34E6, 0x34E6, 0x34E7, 0x34E8, 0x34E9, 0x350A, 0x350B,
    0x350C, 0x352D, 0x352E, 0x354F, 0x3D51, 0x3D52, 0x3D73, 0x3D54, 0x4555, 0x4556, 0x4577, 0x4578, 0x4579, 0x4D9A, 0x4D9A, 0x4D9B,
    0x3541, 0x3541, 0x3562, 0x3562, 0x3562, 0x3563, 0x3563, 0x3544, 0x3545, 0x3526, 0x3506, 0x3507, 0x3508, 0x3528, 0x3529, 0x354A,
    0x354C, 0x356D, 0x3D6E, 0x3D6F, 0x3D91, 0x3D92, 0x3DB3, 0x3DB4, 0x3DB5, 0x4596, 0x4597, 0x45B8, 0x45B9, 0x4DBA, 0x4DDA, 0x4DDB,
    0x3581, 0x35A1, 0x35A2, 0x35A2, 0x35A2, 0x35A3, 0x3584, 0x3584, 0x3565, 0x3565, 0x3546, 0x3547, 0x3568, 0x3568, 0x3569, 0x358A,
    0x358B, 0x3DAD, 0x3DAE, 0x3DAF, 0x3DD0, 0x3DD2, 0x3DD3, 0x3DF4, 0x3DF5, 0x3DF6, 0x3DD6, 0x45D7, 0x45F9, 0x45FA, 0x4DFA, 0x4E1B,
    0x35C1, 0x35E1, 0x3602, 0x3602, 0x3602, 0x35E3, 0x35C4, 0x3DA4, 0x3DA5, 0x3DA5, 0x35A6, 0x35A6, 0x35A7, 0x35A8, 0x35A9, 0x3DAA,
    0x3DCB, 0x3DCC, 0x3DEE, 0x3DEF, 0x3DF0, 0x3E11, 0x3E13, 0x3E14, 0x3E35, 0x3E36, 0x3E37, 0x3E17, 0x4639, 0x463A, 0x463A, 0x463B,
    0x3621, 0x3641, 0x3662, 0x3682, 0x3643, 0x3E03, 0x3E04, 0x3DE4, 0x3DE5, 0x3DE5, 0x3DE5, 0x35E6, 0x35E7, 0x35E8, 0x3DE8, 0x3DE9,
    0x3E0A, 0x3E0B, 0x3E2D, 0x3E2F, 0x3E30, 0x3E31, 0x3E52, 0x3E54, 0x3E55, 0x3E76, 0x4677, 0x4678, 0x4658, 0x467A, 0x467A, 0x467B,
    0x36A1, 0x36A2, 0x3EC2, 0x3EA2, 0x3E83, 0x3E64, 0x3E24, 0x3E24, 0x3E25, 0x3E25, 0x3E26, 0x3E26, 0x3E26, 0x3E27, 0x3E28, 0x3E29,
    0x3E4A, 0x3E4B, 0x3E6D, 0x3E6E, 0x3E70, 0x3E91, 0x3E92, 0x3E94, 0x3EB5, 0x46B6, 0x46B7, 0x46B8, 0x46B9, 0x46BA, 0x46BB, 0x46BB,
    0x3EE2, 0x3F02, 0x3EE2, 0x3EE3, 0x3EC3, 0x3EA4, 0x3EA4, 0x3EA5, 0x3EA5, 0x3EA6, 0x3E86, 0x3E86, 0x3E86, 0x3E87, 0x3EA8, 0x3EA9,
    0x3EAA, 0x3EAB, 0x3ECC, 0x3ECE, 0x3ED0, 0x3ED1, 0x3ED2, 0x46F4, 0x46F5, 0x46F6, 0x46F7, 0x46F8, 0x46F9, 0x46FA, 0x46FA, 0x46FC,
    0x3F42, 0x3F22, 0x3F23, 0x3F03, 0x3EE4, 0x3EE4, 0x3EE4, 0x3EE5, 0x3EE5, 0x3EE6, 0x3EE6, 0x3EE6, 0x3EE7, 0x3EE7, 0x3EE8, 0x3EE8,
    0x3EEA, 0x3F0B, 0x3F0C, 0x3F0E, 0x3F0F, 0x3F11, 0x4712, 0x4733, 0x4735, 0x4736, 0x4737, 0x4738, 0x4739, 0x475A, 0x473B, 0x473B,
    0x3861, 0x3862, 0x3863, 0x3863, 0x3864, 0x3864, 0x3865, 0x3066, 0x2867, 0x1888, 0x1889, 0x188A, 0x188B, 0x188C, 0x18AD, 0x18AE,
    0x18CF, 0x20D0, 0x20D1, 0x20F2, 0x20F3, 0x20F4, 0x20F5, 0x2916, 0x2917, 0x2938, 0x2938, 0x3159, 0x315A, 0x317B, 0x319C, 0x39BD,
    0x3881, 0x3882, 0x3883, 0x3883, 0x3884, 0x3884, 0x3885, 0x3086, 0x28A7, 0x18A8, 0x18A9, 0x18AA, 0x18AB, 0x18CC, 0x18CD, 0x18CE,
    0x18EF, 0x20F0, 0x20F1, 0x20F2, 0x2113, 0x2114, 0x2115, 0x2916, 0x2937, 0x2938, 0x3159, 0x3159, 0x317A, 0x319B, 0x319C, 0x39BC,
    0x38A1, 0x38A2, 0x38A3, 0x38C3, 0x38C4, 0x38C4, 0x38C5, 0x38C6, 0x30C7, 0x20C8, 0x18C8, 0x18CA, 0x18CB, 0x18EC, 0x18ED, 0x18EE,
    0x210F, 0x2110, 0x2111, 0x2112, 0x2133, 0x2134, 0x2935, 0x2936, 0x2957, 0x2958, 0x3159, 0x317A, 0x319A, 0x319B, 0x39BC, 0x39DC,
    0x38C1, 0x38C2, 0x38E3, 0x38E3, 0x38E4, 0x38E4, 0x38E5, 0x38E6, 0x30E7, 0x28E8, 0x20E8, 0x18E9, 0x190A, 0x190C, 0x190D, 0x212E,
    0x212F, 0x2130, 0x2131, 0x2152, 0x2153, 0x2154, 0x2955, 0x2956, 0x2977, 0x2978, 0x3179, 0x3199, 0x31BA, 0x31BB, 0x39DB, 0x39FC,
    0x3901, 0x3902, 0x3903, 0x3903, 0x3904, 0x3905, 0x3905, 0x3906, 0x3907, 0x3128, 0x2928, 0x2129, 0x212B, 0x212C, 0x214D, 0x214E,
    0x214F, 0x2150, 0x2171, 0x2172, 0x2173, 0x2974, 0x2975, 0x2996, 0x2997, 0x3198, 0x3198, 0x31B9, 0x31DA, 0x31FA, 0x39FB, 0x3A1B,
    0x3921, 0x3922, 0x4123, 0x4123, 0x4124, 0x4125, 0x4125, 0x3946, 0x3947, 0x3148, 0x2948, 0x2949, 0x294A, 0x216B, 0x216D, 0x216E,
    0x216F, 0x2190, 0x2191, 0x2192, 0x2193, 0x2994, 0x29B5, 0x29B6, 0x29B7, 0x31B8, 0x31D8, 0x31D9, 0x31FA, 0x321A, 0x3A3B, 0x3A3B,
    0x3941, 0x3942, 0x3963, 0x4163, 0x4164, 0x4164, 0x4165, 0x4166, 0x4167, 0x3968, 0x3168, 0x3189, 0x298A, 0x298B, 0x218C, 0x218D,
    0x21AF, 0x21B0, 0x21B1, 0x21B2, 0x29B3, 0x29D4, 0x29D5, 0x29D6, 0x29D7, 0x31F7, 0x31F8, 0x3219, 0x3239, 0x3A5A, 0x3A5A, 0x3A7B,
    0x3982, 0x3982, 0x3983, 0x4183, 0x4184, 0x4184, 0x4185, 0x4186, 0x41A7, 0x39A8, 0x39A8, 0x31A9, 0x31AA, 0x31AB, 0x29CC, 0x29CD,
    0x21CE, 0x21D0, 0x21D1, 0x21F2, 0x29F3, 0x29F4, 0x29F5, 0x2A16, 0x2A17, 0x3237, 0x3238, 0x3258, 0x3279, 0x3A7A, 0x3A9A, 0x3A9B,
    0x39A2, 0x39A2, 0x39A3, 0x39A3, 0x41C4, 0x41C5, 0x41C5, 0x41C6, 0x41C7, 0x41C8, 0x39E8, 0x39E9, 0x39EA, 0x39EB, 0x31EC, 0x31ED,
    0x2A0E, 0x2A0F, 0x2211, 0x2A12, 0x2A13, 0x2A34, 0x2A35, 0x2A36, 0x2A56, 0x3277, 0x3277, 0x3298, 0x3299, 0x3ABA, 0x3ABA, 0x3ADB,
    0x39C2, 0x39C2, 0x39C3, 0x39E3, 0x41E4, 0x41E5, 0x4205, 0x4206, 0x4207, 0x4208, 0x4209, 0x4209, 0x422A, 0x3A2B, 0x3A2C, 0x3A2D,
    0x322F, 0x3250, 0x2A51, 0x2A52, 0x2A53, 0x2A74, 0x2A75, 0x2A76, 0x3296, 0x32B7, 0x32B7, 0x32B8, 0x3AD9, 0x3ADA, 0x3AFA, 0x3AFB,
    0x3A02, 0x3A02, 0x3A03, 0x3A04, 0x4224, 0x4225, 0x4225, 0x4226, 0x4227, 0x4248, 0x4248, 0x4249, 0x424A, 0x424B, 0x424C, 0x426D,
    0x3A6E, 0x3A70, 0x3271, 0x3292, 0x2A93, 0x2A94, 0x2AB5, 0x2AB6, 0x32B6, 0x32D7, 0x32F8, 0x32F8, 0x3B19, 0x3B1A, 0x3B3A, 0x3B3B,
    0x3A22, 0x3A22, 0x3A43, 0x3A43, 0x3A44, 0x3A45, 0x3A45, 0x3A66, 0x3A67, 0x4267, 0x4268, 0x4289, 0x426A, 0x428B, 0x428C, 0x428D,
    0x428E, 0x42AF, 0x3AB0, 0x3AB1, 0x32B3, 0x32D4, 0x2AD5, 0x2AF5, 0x32F6, 0x3317, 0x3318, 0x3338, 0x3B39, 0x3B5A, 0x3B5A, 0x3B7B,
    0x3A62, 0x3A62, 0x3A63, 0x3A63, 0x3A64, 0x3A85, 0x3A85, 0x3A86, 0x3A86, 0x3A87, 0x42A8, 0x42A9, 0x42AA, 0x42AB, 0x42AC, 0x42AD,
    0x42AE, 0x42CF, 0x42D0, 0x42F1, 0x3AF2, 0x3AF4, 0x3B15, 0x3B15, 0x3B36, 0x3B37, 0x3B58, 0x3358, 0x3B79, 0x3B9A, 0x3B9A, 0x3BBB,
    0x3A82, 0x3A82, 0x3AA3, 0x3AA3, 0x3AA4, 0x3AA4, 0x3AA5, 0x3AA6, 0x3AA6, 0x3AC7, 0x3AC8, 0x42C9, 0x42EA, 0x42EB, 0x42EC, 0x42ED,
    0x42EE, 0x42EF, 0x42F0, 0x4311, 0x4312, 0x4333, 0x4334, 0x4355, 0x4356, 0x4377, 0x4397, 0x4398, 0x43B9, 0x43BA, 0x43DA, 0x43DB,
    0x32C2, 0x3AC2, 0x3AC3, 0x3AC3, 0x3AC4, 0x3AC4, 0x3AC5, 0x3AE6, 0x3AE6, 0x3AE7, 0x3AE8, 0x4309, 0x430A, 0x430B, 0x430C, 0x430D,
    0x432E, 0x432F, 0x4330, 0x4331, 0x4352, 0x4353, 0x4374, 0x4375, 0x4396, 0x4BB7, 0x4BB7, 0x4BD8, 0x4BF9, 0x4BFA, 0x4C1A, 0x4C1B,
    0x32E2, 0x32E2, 0x3AE3, 0x3B03, 0x3B04, 0x3B04, 0x3B05, 0x3B06, 0x3B06, 0x3B27, 0x3B28, 0x3B28, 0x432A, 0x434B, 0x434C, 0x434D,
    0x434E, 0x434F, 0x4350, 0x4371, 0x4372, 0x4373, 0x4394, 0x4395, 0x4BB6, 0x4BD7, 0x4BD7, 0x4BF8, 0x4C19, 0x4C3A, 0x543B, 0x545B,
    0x3322, 0x3322, 0x3323, 0x3323, 0x3B24, 0x3B24, 0x3B25, 0x3B46, 0x3B46, 0x3B47, 0x3B47, 0x3B48, 0x4369, 0x436A, 0x438C, 0x438D,
    0x438E, 0x438F, 0x4390, 0x4391, 0x43B2, 0x4BB3, 0x4BB4, 0x4BD5, 0x4BD6, 0x4BF7, 0x4BF7, 0x4C18, 0x4C39, 0x545A, 0x545A, 0x547B,
    0x3342, 0x3342, 0x3342, 0x3363, 0x3363, 0x3B64, 0x3B65, 0x3B65, 0x3B66, 0x3B87, 0x3B87, 0x3B88, 0x3B89, 0x43AA, 0x43AB, 0x43CD,
    0x43CE, 0x4BCE, 0x4BD0, 0x4BD1, 0x4BF2, 0x4BF3, 0x4BF4, 0x4BF5, 0x4BF6, 0x4C17, 0x4C17, 0x4C38, 0x5459, 0x547A, 0x547A, 0x549B,
    0x2B81, 0x3382, 0x3382, 0x3383, 0x3383, 0x33A4, 0x33A5, 0x3BA5, 0x3BA6, 0x3BA7, 0x3BA7, 0x3BA8, 0x3BC9, 0x43CA, 0x43EB, 0x43EC,
    0x43ED, 0x440F, 0x4BEF, 0x4C11, 0x4C12, 0x4C13, 0x4C34, 0x4C35, 0x4C36, 0x4C36, 0x4C57, 0x5458, 0x5479, 0x549A, 0x549A, 0x54BB,
    0x2BA1, 0x2BA2, 0x33C2, 0x33C3, 0x33C3, 0x33C4, 0x33C4, 0x33E5, 0x3BE6, 0x3BE6, 0x3BE7, 0x3BE8, 0x3BE8, 0x3BE9, 0x440B, 0x440C,
    0x442D, 0x442E, 0x444F, 0x4C30, 0x4C51, 0x4C52, 0x4C54, 0x4C55, 0x4C76, 0x4C76, 0x4C77, 0x5498, 0x5499, 0x54BA, 0x54BA, 0x54DB,
    0x2BE1, 0x2BE2, 0x2BE2, 0x3402, 0x3403, 0x3404, 0x3404, 0x3405, 0x3406, 0x3C26, 0x3C07, 0x3C08, 0x3C08, 0x3C29, 0x3C2A, 0x444C,
    0x444D, 0x446E, 0x446F, 0x4470, 0x4C71, 0x4C72, 0x4C93, 0x4C94, 0x4C95, 0x4CB6, 0x4CB7, 0x54B8, 0x54D9, 0x54DA, 0x5CFA, 0x5CFB,
    0x2C21, 0x2C22, 0x2C22, 0x2C42, 0x3443, 0x3443, 0x3444, 0x3445, 0x3445, 0x3446, 0x3447, 0x3447, 0x3448, 0x3469, 0x346A, 0x3C8B,
    0x448D, 0x44AE, 0x44AF, 0x44D0, 0x44D1, 0x4CB2, 0x4CD3, 0x4CD4, 0x4CD5, 0x4CD6, 0x4CD7, 0x54F8, 0x54F9, 0x54FA, 0x5D1A, 0x5D1B,
    0x2C61, 0x2C61, 0x2C62, 0x3482, 0x3482, 0x3483, 0x3484, 0x3484, 0x3485, 0x3486, 0x3487, 0x3487, 0x3488, 0x3489, 0x34AA, 0x34AB,
    0x44CC, 0x44CE, 0x44CF, 0x44F0, 0x44F1, 0x4512, 0x4CF3, 0x4CF4, 0x4CF5, 0x4D16, 0x4D17, 0x5518, 0x5539, 0x553A, 0x553A, 0x5D5B,
    0x2CA1, 0x2CA1, 0x34A2, 0x34C2, 0x34C2, 0x34C3, 0x34C3, 0x34C4, 0x34C5, 0x34C6, 0x34A7, 0x34A7, 0x34A8, 0x34A9, 0x34CA, 0x3CCB,
    0x3CEC, 0x44ED, 0x450E, 0x4510, 0x4531, 0x4532, 0x4533, 0x4D34, 0x4D35, 0x4D36, 0x4D57, 0x4D58, 0x5559, 0x555A, 0x557A, 0x557B,
    0x34E1, 0x34E1, 0x3502, 0x3502, 0x3502, 0x3503, 0x3503, 0x3504, 0x3505, 0x3CE6, 0x3CE7, 0x3CC7, 0x34C8, 0x3CE9, 0x3CEA, 0x3D0B,
    0x3D0C, 0x3D2D, 0x3D2E, 0x3D4F, 0x4551, 0x4552, 0x4573, 0x4574, 0x4D55, 0x4D76, 0x4D77, 0x4D78, 0x5579, 0x559A, 0x559A, 0x559B,
    0x3541, 0x3541, 0x3542, 0x3562, 0x3D62, 0x3D63, 0x3D63, 0x3D44, 0x3D45, 0x3D26, 0x3D27, 0x3D07, 0x3D08, 0x3D08, 0x3D29, 0x3D4A,
    0x3D4B, 0x3D6D, 0x3D6E, 0x3D8F, 0x3D91, 0x3D92, 0x45B3, 0x45B4, 0x45B5, 0x4D96, 0x4DB7, 0x4DB8, 0x55B9, 0x55DA, 0x55DA, 0x55DB,
    0x3581, 0x35A1, 0x35A2, 0x3DA2, 0x3DA2, 0x3DA3, 0x3D84, 0x3D84, 0x3D65, 0x3D66, 0x3D66, 0x3D67, 0x3D47, 0x3D68, 0x3D69, 0x3D8A,
    0x3D8B, 0x3DAC, 0x3DAE, 0x3DAF, 0x3DD1, 0x3DD2, 0x3DD3, 0x45F4, 0x45F5, 0x45F6, 0x45D6, 0x4DF8, 0x4DF9, 0x4DFA, 0x561A, 0x561B,
    0x35E1, 0x35E1, 0x3E02, 0x3E02, 0x3E02, 0x3DE3, 0x3DC4, 0x3DA4, 0x3DA5, 0x3DA5, 0x3DA6, 0x3DA7, 0x3DA7, 0x3DA8, 0x3DA9, 0x3DAA,
    0x3DCB, 0x3DCC, 0x3DED, 0x3DEF, 0x3DF0, 0x3E11, 0x4613, 0x4614, 0x4635, 0x4636, 0x4637, 0x4617, 0x4E39, 0x4E3A, 0x4E3A, 0x4E3B,
    0x3621, 0x3E41, 0x3E62, 0x3E82, 0x3E43, 0x3E03, 0x3E04, 0x3DE4, 0x3DE5, 0x3DE5, 0x3DE6, 0x3DE6, 0x3DE7, 0x3DE8, 0x3DE8, 0x3DE9,
    0x3E0A, 0x3E0B, 0x3E2D, 0x3E2F, 0x3E30, 0x4651, 0x4652, 0x4654, 0x4675, 0x4676, 0x4677, 0x4678, 0x4658, 0x467A, 0x467A, 0x467B,
    0x3EA1, 0x3EA2, 0x3EC2, 0x3EA2, 0x3E83, 0x3E64, 0x3E24, 0x3E24, 0x3E25, 0x4625, 0x3E26, 0x3E26, 0x3E26, 0x3E27, 0x3E28, 0x3E29,
    0x3E4A, 0x3E4B, 0x3E6C, 0x3E6E, 0x4670, 0x4691, 0x4692, 0x4694, 0x46B5, 0x46B6, 0x46B7, 0x46B8, 0x46B9, 0x46BA, 0x46BB, 0x4EBC,
    0x3EE2, 0x3F02, 0x3EE2, 0x3EE3, 0x46C3, 0x46A4, 0x46A4, 0x46A5, 0x46A5, 0x46A6, 0x46A6, 0x4686, 0x3E87, 0x3E87, 0x3E88, 0x3EA9,
    0x3EAA, 0x3EAB, 0x46CC, 0x46CE, 0x46D0, 0x46D1, 0x46D2, 0x46F4, 0x46F5, 0x46F6, 0x46F7, 0x46F8, 0x4719, 0x46FA, 0x46FB, 0x46FC,
    0x3F42, 0x3F22, 0x4723, 0x4703, 0x46E4, 0x46E4, 0x46E4, 0x46E5, 0x46E5, 0x46E6, 0x46E6, 0x46E6, 0x46E7, 0x3EE7, 0x3EE8, 0x3EE8,
    0x46EA, 0x470B, 0x470C, 0x470D, 0x470F, 0x4711, 0x4732, 0x4733, 0x4735, 0x4736, 0x4737, 0x4738, 0x4759, 0x475A, 0x473B, 0x473B,
    0x4061, 0x4062, 0x4063, 0x4063, 0x4064, 0x4064, 0x4065, 0x4066, 0x3867, 0x2888, 0x2089, 0x208A, 0x208B, 0x208C, 0x20AD, 0x20AE,
    0x20CF, 0x20D0, 0x20D1, 0x20F2, 0x20F3, 0x20F4, 0x2915, 0x2916, 0x2917, 0x2938, 0x3139, 0x315A, 0x315A, 0x397B, 0x399C, 0x399D,
    0x4081, 0x4082, 0x4083, 0x40A3, 0x40A4, 0x40A4, 0x40A5, 0x4086, 0x38A7, 0x30A8, 0x20A9, 0x20AA, 0x20AB, 0x20CC, 0x20CD, 0x20CE,
    0x20EF, 0x20F0, 0x20F1, 0x2112, 0x2113, 0x2114, 0x2935, 0x2936, 0x2937, 0x2958, 0x3159, 0x315A, 0x317A, 0x399B, 0x399C, 0x39BC,
    0x40A1, 0x40A2, 0x40C3, 0x40C3, 0x40C4, 0x40C4, 0x40C5, 0x40C6, 0x38C7, 0x30C8, 0x20C9, 0x20CA, 0x20CB, 0x20EC, 0x20ED, 0x20EE,
    0x210F, 0x2110, 0x2111, 0x2132, 0x2133, 0x2134, 0x2935, 0x2956, 0x2957, 0x3158, 0x3179, 0x317A, 0x319A, 0x399B, 0x39BC, 0x39DC,
    0x40C1, 0x40E2, 0x40E3, 0x40E3, 0x40E4, 0x40E4, 0x40E5, 0x40E6, 0x40E7, 0x38E8, 0x28E9, 0x2109, 0x210B, 0x210C, 0x210D, 0x212E,
    0x212F, 0x2130, 0x2151, 0x2152, 0x2153, 0x2954, 0x2975, 0x2976, 0x2977, 0x3178, 0x3199, 0x319A, 0x31BA, 0x39BB, 0x39DB, 0x39FC,
    0x4101, 0x4102, 0x4103, 0x4103, 0x4104, 0x4105, 0x4105, 0x4126, 0x4127, 0x3928, 0x3129, 0x292A, 0x212B, 0x212C, 0x214D, 0x214E,
    0x214F, 0x2170, 0x2171, 0x2172, 0x2973, 0x2994, 0x2995, 0x2996, 0x2997, 0x3198, 0x31B9, 0x31B9, 0x39DA, 0x39FA, 0x39FB, 0x3A1B,
    0x4121, 0x4122, 0x4123, 0x4123, 0x4124, 0x4125, 0x4145, 0x4146, 0x4147, 0x4148, 0x3949, 0x3149, 0x294A, 0x296C, 0x216D, 0x216E,
    0x218F, 0x2190, 0x2191, 0x2992, 0x2993, 0x29B4, 0x29B5, 0x29B6, 0x31B7, 0x31D8, 0x31D9, 0x31F9, 0x39FA, 0x3A1A, 0x3A3B, 0x3A3B,
    0x4141, 0x4142, 0x4163, 0x4163, 0x4164, 0x4164, 0x4165, 0x4166, 0x4167, 0x4168, 0x3969, 0x3189, 0x318A, 0x318B, 0x298C, 0x21AD,
    0x21AF, 0x29B0, 0x29B1, 0x29B2, 0x29D3, 0x29D4, 0x29D5, 0x29D6, 0x31F7, 0x31F8, 0x3218, 0x3219, 0x3A39, 0x3A5A, 0x3A5B, 0x3A5B,
    0x4182, 0x4182, 0x4183, 0x4183, 0x4184, 0x4984, 0x4985, 0x4986, 0x49A7, 0x41A8, 0x41A8, 0x39A9, 0x39AA, 0x31AB, 0x31CC, 0x29CD,
    0x29CE, 0x29D0, 0x29D1, 0x29F2, 0x29F3, 0x29F4, 0x2A15, 0x2A16, 0x3217, 0x3237, 0x3238, 0x3A58, 0x3A79, 0x3A7A, 0x3A9B, 0x3A9B,
    0x41A2, 0x41A2, 0x41A3, 0x41C3, 0x41C4, 0x49C4, 0x49C5, 0x49C6, 0x49C7, 0x49C8, 0x41E9, 0x41E9, 0x39EA, 0x39EB, 0x39EC, 0x31ED,
    0x320E, 0x2A0F, 0x2A11, 0x2A12, 0x2A33, 0x2A34, 0x2A35, 0x3236, 0x3256, 0x3277, 0x3278, 0x3A98, 0x3A99, 0x3ABA, 0x3ABA, 0x3ADB,
    0x41E2, 0x41E2, 0x41E3, 0x41E3, 0x41E4, 0x4A05, 0x4A05, 0x4A06, 0x4A07, 0x4A08, 0x4A09, 0x4209, 0x420A, 0x422B, 0x422C, 0x3A2D,
    0x3A2E, 0x322F, 0x3251, 0x2A52, 0x2A53, 0x2A54, 0x2A75, 0x3275, 0x3296, 0x3297, 0x32B8, 0x3AB8, 0x3AD9, 0x3ADA, 0x3AFA, 0x42FB,
    0x4202, 0x4202, 0x4203, 0x4204, 0x4224, 0x4224, 0x4225, 0x4A26, 0x4A47, 0x4A48, 0x4A48, 0x4A49, 0x4A4A, 0x424B, 0x424C, 0x426D,
    0x426E, 0x3A70, 0x3A71, 0x3292, 0x3293, 0x2A94, 0x32B5, 0x32B5, 0x32D6, 0x32D7, 0x3AF8, 0x3AF8, 0x3B19, 0x3B1A, 0x3B3A, 0x433B,
    0x4242, 0x4242, 0x4243, 0x4244, 0x4244, 0x4245, 0x4265, 0x4266, 0x4267, 0x4267, 0x4A68, 0x4A89, 0x4A8A, 0x4A8B, 0x4A8C, 0x4A8D,
    0x42AE, 0x42AF, 0x42B1, 0x3AB2, 0x3AB3, 0x32D4, 0x32D5, 0x32F5, 0x3316, 0x3317, 0x3B18, 0x3B38, 0x3B39, 0x3B5A, 0x437B, 0x437B,
    0x4262, 0x4262, 0x4263, 0x4264, 0x4284, 0x4285, 0x4285, 0x4286, 0x4287, 0x42A7, 0x42A8, 0x4AA9, 0x4AAA, 0x4AAB, 0x4AAC, 0x4AAD,
    0x4ACE, 0x4ACF, 0x4AF0, 0x42F1, 0x42F3, 0x4314, 0x4315, 0x4335, 0x4336, 0x3B57, 0x3B58, 0x3B78, 0x3B79, 0x3B9A, 0x439B, 0x43BB,
    0x42A2, 0x42A2, 0x42A3, 0x42A3, 0x42A4, 0x42A5, 0x42A5, 0x42A6, 0x42C7, 0x42C7, 0x42C8, 0x42C9, 0x4AEA, 0x4AEB, 0x4AEC, 0x4AED,
    0x4AEE, 0x4AEF, 0x4B10, 0x4B11, 0x4B32, 0x4334, 0x4354, 0x4355, 0x4376, 0x4377, 0x4398, 0x4398, 0x43B9, 0x43DA, 0x43DB, 0x43DB,
    0x42C2, 0x42C2, 0x42C3, 0x42C3, 0x42C4, 0x42E4, 0x42E5, 0x42E6, 0x42E6, 0x42E7, 0x42E8, 0x4309, 0x4B0A, 0x4B2B, 0x4B2C, 0x4B2D,
    0x4B2E, 0x4B2F, 0x4B30, 0x4B31, 0x4B52, 0x4B53, 0x4B74, 0x4B95, 0x4B96, 0x4BB7, 0x4BD8, 0x4BD8, 0x4BF9, 0x4BFA, 0x4C1B, 0x4C1B,
    0x3AE2, 0x3AE2, 0x4303, 0x4303, 0x4304, 0x4304, 0x4305, 0x4306, 0x4306, 0x4327, 0x4328, 0x4328, 0x434A, 0x4B4B, 0x4B4C, 0x4B4D,
    0x4B4E, 0x4B4F, 0x4B70, 0x4B71, 0x4B72, 0x4B93, 0x4B94, 0x53B5, 0x53B6, 0x53D7, 0x53F8, 0x5418, 0x5419, 0x543A, 0x5C5B, 0x5C5B,
    0x3B22, 0x3B22, 0x3B23, 0x4323, 0x4344, 0x4344, 0x4345, 0x4346, 0x4346, 0x4347, 0x4348, 0x4348, 0x4369, 0x4B6B, 0x4B8C, 0x4B8D,
    0x4B8E, 0x4B8F, 0x4B90, 0x4BB1, 0x4BB2, 0x4BB3, 0x53D4, 0x53D5, 0x53F6, 0x53F7, 0x5418, 0x5438, 0x5439, 0x5C5A, 0x5C7B, 0x5C7B,
    0x3B42, 0x3B42, 0x3B63, 0x3B63, 0x3B64, 0x4364, 0x4365, 0x4366, 0x4366, 0x4387, 0x4388, 0x4388, 0x4389, 0x43AA, 0x4BAC, 0x4BCD,
    0x4BCE, 0x4BCF, 0x53D0, 0x53D1, 0x53F2, 0x4BF3, 0x53F4, 0x53F5, 0x5416, 0x5417, 0x5438, 0x5458, 0x5C59, 0x5C7A, 0x5C9B, 0x5C9B,
    0x3B82, 0x3B82, 0x3B82, 0x3B83, 0x3BA3, 0x3BA4, 0x3BA5, 0x3BA5, 0x43A6, 0x43A7, 0x43C8, 0x43C8, 0x43C9, 0x43CA, 0x4BEB, 0x4BEC,
    0x4C0E, 0x4C0F, 0x5410, 0x5411, 0x5412, 0x5433, 0x5434, 0x5435, 0x5436, 0x5457, 0x5458, 0x5C78, 0x5C79, 0x5C9A, 0x5CBA, 0x5CBB,
    0x33A1, 0x33A2, 0x3BC2, 0x3BC3, 0x3BC3, 0x3BC4, 0x3BC4, 0x3BC5, 0x3BE6, 0x43E7, 0x43E7, 0x43E8, 0x43E9, 0x43EA, 0x440B, 0x4C2C,
    0x4C2D, 0x4C2E, 0x4C50, 0x5430, 0x5451, 0x5453, 0x5454, 0x5475, 0x5476, 0x5477, 0x5497, 0x5C98, 0x5C99, 0x5CBA, 0x5CDA, 0x5CDB,
    0x33E1, 0x33E2, 0x33E2, 0x3C03, 0x3C03, 0x3C04, 0x3C04, 0x3C05, 0x3C06, 0x4426, 0x4427, 0x4428, 0x4408, 0x4429, 0x442A, 0x4C4C,
    0x4C4D, 0x4C6E, 0x4C6F, 0x4C90, 0x5471, 0x5492, 0x5493, 0x5494, 0x54B6, 0x54B6, 0x54B7, 0x5CD8, 0x5CD9, 0x5CDA, 0x5CFB, 0x651B,
    0x2C21, 0x3422, 0x3422, 0x3422, 0x3C43, 0x3C43, 0x3C44, 0x3C45, 0x3C45, 0x3C46, 0x4467, 0x4448, 0x4448, 0x4449, 0x446A, 0x448B,
    0x4C8D, 0x4CAE, 0x4CAF, 0x4CD0, 0x4CD1, 0x54D2, 0x54D3, 0x54D4, 0x54D5, 0x54F6, 0x54F7, 0x5CF8, 0x5CF9, 0x5D1A, 0x5D1B, 0x653B,
    0x2C41, 0x2C62, 0x3462, 0x3462, 0x3483, 0x3C83, 0x3C84, 0x3C84, 0x3C85, 0x3C86, 0x4487, 0x4488, 0x4488, 0x4489, 0x448A, 0x44AB,
    0x44AC, 0x4CCE, 0x4CCF, 0x4CF0, 0x4CF1, 0x4D12, 0x54F3, 0x54F4, 0x5515, 0x5516, 0x5517, 0x5D38, 0x5D39, 0x5D3A, 0x5D5B, 0x655B,
    0x3481, 0x34A2, 0x34A2, 0x34A2, 0x34C3, 0x3CC3, 0x3CC3, 0x3CC4, 0x3CC5, 0x3CC6, 0x3CA7, 0x44A8, 0x44A8, 0x3CA9, 0x3CCA, 0x3CCB,
    0x3CEC, 0x4CED, 0x4D0E, 0x4D10, 0x4D31, 0x4D32, 0x4D33, 0x5534, 0x5535, 0x5556, 0x5557, 0x5558, 0x5D59, 0x5D7A, 0x5D7B, 0x5D7B,
    0x34E1, 0x34E2, 0x34E2, 0x3D02, 0x3D03, 0x3D03, 0x3D03, 0x3D04, 0x3D05, 0x3CE6, 0x3CE7, 0x3CE8, 0x3CE8, 0x3CE9, 0x3CEA, 0x3D0B,
    0x3D0C, 0x452D, 0x452E, 0x454F, 0x4D51, 0x4D52, 0x4D73, 0x4D74, 0x5575, 0x5576, 0x5577, 0x5598, 0x5D99, 0x5D9A, 0x5D9A, 0x5DBB,
    0x3521, 0x3542, 0x3D42, 0x3D42, 0x3D43, 0x3D63, 0x3D63, 0x3D44, 0x3D45, 0x3D26, 0x3D27, 0x3D27, 0x3D08, 0x3D08, 0x3D29, 0x3D2A,
    0x3D4B, 0x3D6D, 0x456E, 0x458F, 0x4591, 0x4D92, 0x4DB3, 0x4DB4, 0x4DB5, 0x55B6, 0x55B7, 0x55B8, 0x5DD9, 0x5DDA, 0x5DDB, 0x5DDB,
    0x3581, 0x3582, 0x3DA2, 0x3DA2, 0x3DA2, 0x3DA3, 0x3D84, 0x3D84, 0x3D65, 0x4566, 0x4566, 0x4567, 0x4568, 0x3D68, 0x3D69, 0x3D6A,
    0x3D8B, 0x458C, 0x45AE, 0x45AF, 0x45D0, 0x45D2, 0x45F3, 0x4DF4, 0x4DF5, 0x4DF6, 0x55F7, 0x55F8, 0x55F9, 0x5DFA, 0x5E1A, 0x5E1B,
    0x3DC1, 0x3DE1, 0x3DE2, 0x3DE2, 0x3E02, 0x3DE3, 0x45C4, 0x45A4, 0x45A5, 0x45A5, 0x45A6, 0x45A7, 0x45A7, 0x45A8, 0x3DA9, 0x45AA,
    0x45CB, 0x45CC, 0x45ED, 0x45EF, 0x45F0, 0x4611, 0x4613, 0x4634, 0x4635, 0x4E36, 0x4E37, 0x5638, 0x5639, 0x563A, 0x563A, 0x5E5B,
    0x3E21, 0x3E41, 0x3E62, 0x3E62, 0x4623, 0x4603, 0x45E4, 0x45E4, 0x45E5, 0x45E5, 0x45E6, 0x45E6, 0x45E7, 0x45E8, 0x45E8, 0x45E9,
    0x45EA, 0x460B, 0x460D, 0x462E, 0x4630, 0x4651, 0x4652, 0x4654, 0x4675, 0x4676, 0x4677, 0x4E78, 0x4E79, 0x567A, 0x567A, 0x567B,
    0x3EA1, 0x3EC2, 0x46C2, 0x46A2, 0x4683, 0x4664, 0x4624, 0x4624, 0x4625, 0x4625, 0x4626, 0x4626, 0x4626, 0x4627, 0x4628, 0x4629,
    0x462A, 0x464B, 0x466C, 0x466E, 0x4690, 0x4691, 0x4692, 0x4694, 0x46B5, 0x46B6, 0x4EB7, 0x4EB8, 0x4EB9, 0x4EBA, 0x56BB, 0x56BC,
    0x3EE2, 0x4702, 0x46E2, 0x46E3, 0x46C3, 0x46A4, 0x46A4, 0x46A5, 0x46A5, 0x46A6, 0x46A6, 0x46A6, 0x4687, 0x4687, 0x4688, 0x46A9,
    0x46AA, 0x46AB, 0x46AC, 0x46CE, 0x46CF, 0x46D1, 0x46D2, 0x46F4, 0x46F5, 0x4EF6, 0x4EF7, 0x4EF8, 0x4F19, 0x4EFA, 0x4EFB, 0x4EFC,
    0x4742, 0x4722, 0x4723, 0x4703, 0x46E4, 0x46E4, 0x46E4, 0x46E5, 0x46E5, 0x46E6, 0x46E6, 0x46E7, 0x46E7, 0x46E7, 0x46E8, 0x46E8,
    0x46E9, 0x46EB, 0x470C, 0x470D, 0x470F, 0x4711, 0x4732, 0x4733, 0x4F35, 0x4F36, 0x4F37, 0x4F38, 0x4F59, 0x4F5A, 0x4F5B, 0x4F3B,
    0x4861, 0x4862, 0x4883, 0x4883, 0x4864, 0x4864, 0x4885, 0x4866, 0x4067, 0x4088, 0x2889, 0x208A, 0x208B, 0x208C, 0x20AD, 0x20AE,
    0x20CF, 0x20D0, 0x20D1, 0x20F2, 0x28F3, 0x28F4, 0x2915, 0x2916, 0x2937, 0x2938, 0x3159, 0x315A, 0x315A, 0x397B, 0x399C, 0x419D,
    0x4881, 0x48A2, 0x48A3, 0x48A3, 0x48A4, 0x48A4, 0x48A5, 0x48A6, 0x40A7, 0x40A8, 0x28A9, 0x20AA, 0x20AB, 0x20CC, 0x20CD, 0x20CE,
    0x20EF, 0x20F0, 0x20F1, 0x2112, 0x2913, 0x2914, 0x2935, 0x2936, 0x2957, 0x3158, 0x3159, 0x317A, 0x397B, 0x399B, 0x399C, 0x41BC,
    0x48A1, 0x48C2, 0x48C3, 0x48C3, 0x48C4, 0x48C5, 0x48C5, 0x48C6, 0x40C7, 0x40C8, 0x30C9, 0x20CA, 0x20CB, 0x20EC, 0x20ED, 0x20EE,
    0x210F, 0x2110, 0x2131, 0x2932, 0x2933, 0x2934, 0x2955, 0x2956, 0x2957, 0x3178, 0x3179, 0x319A, 0x399A, 0x39BB, 0x39BC, 0x41DC,
    0x48E1, 0x48E2, 0x48E3, 0x48E3, 0x48E4, 0x48E5, 0x48E5, 0x48E6, 0x48E7, 0x4108, 0x3909, 0x290A, 0x210B, 0x210C, 0x210D, 0x212E,
    0x212F, 0x2130, 0x2151, 0x2952, 0x2953, 0x2974, 0x2975, 0x2976, 0x2977, 0x3198, 0x3199, 0x319A, 0x39BA, 0x39DB, 0x39DB, 0x41FC,
    0x4901, 0x4902, 0x4903, 0x4903, 0x4904, 0x4905, 0x4905, 0x4926, 0x4927, 0x4128, 0x4129, 0x312A, 0x292B, 0x214C, 0x214D, 0x214E,
    0x216F, 0x2970, 0x2971, 0x2972, 0x2993, 0x2994, 0x2995, 0x2996, 0x31B7, 0x31B8, 0x31B9, 0x31BA, 0x39DA, 0x39FA, 0x39FB, 0x421C,
    0x4921, 0x4922, 0x4923, 0x4923, 0x4924, 0x4925, 0x4945, 0x4946, 0x4947, 0x4948, 0x4149, 0x394A, 0x316B, 0x296C, 0x296D, 0x296E,
    0x298F, 0x2990, 0x2991, 0x29B2, 0x29B3, 0x29B4, 0x29B5, 0x31B6, 0x31D7, 0x31D8, 0x31D9, 0x39F9, 0x39FA, 0x3A1A, 0x3A3B, 0x423B,
    0x4941, 0x4942, 0x4963, 0x4963, 0x4964, 0x4964, 0x4965, 0x4966, 0x4967, 0x4968, 0x4969, 0x418A, 0x398A, 0x318B, 0x318D, 0x29AD,
    0x29AF, 0x29B0, 0x29B1, 0x29D2, 0x29D3, 0x29D4, 0x29D5, 0x31F6, 0x31F7, 0x31F8, 0x3218, 0x3A19, 0x3A39, 0x3A5A, 0x425B, 0x425B,
    0x4981, 0x4982, 0x4983, 0x4983, 0x5184, 0x5184, 0x5185, 0x5186, 0x51A7, 0x49A8, 0x49A9, 0x41A9, 0x39AA, 0x39AB, 0x39CC, 0x31CD,
    0x29CE, 0x29CF, 0x29F1, 0x29F2, 0x29F3, 0x29F4, 0x3215, 0x3216, 0x3217, 0x3237, 0x3A58, 0x3A59, 0x3A79, 0x3A7A, 0x429B, 0x429B,
    0x49A2, 0x49A2, 0x49C3, 0x49C3, 0x49C4, 0x51C4, 0x51C5, 0x51C6, 0x51C7, 0x51C8, 0x51C9, 0x49E9, 0x41EA, 0x41EB, 0x39EC, 0x39ED,
    0x3A0E, 0x320F, 0x2A11, 0x2A12, 0x2A33, 0x3234, 0x3235, 0x3256, 0x3256, 0x3277, 0x3A78, 0x3A99, 0x3A99, 0x3ABA, 0x42BB, 0x42DB,
    0x49E2, 0x49E2, 0x49E3, 0x49E3, 0x5204, 0x5204, 0x5205, 0x5206, 0x5207, 0x5208, 0x5208, 0x4A09, 0x4A0A, 0x422B, 0x422C, 0x422D,
    0x422E, 0x3A2F, 0x3251, 0x3251, 0x3253, 0x3274, 0x3275, 0x3276, 0x3296, 0x3A97, 0x3AB8, 0x3AB9, 0x3AD9, 0x42DA, 0x42FB, 0x42FB,
    0x4A02, 0x4A02, 0x4A03, 0x4A24, 0x4A24, 0x5225, 0x5245, 0x5246, 0x5247, 0x5248, 0x5248, 0x5249, 0x4A4A, 0x4A4B, 0x4A4C, 0x426D,
    0x426E, 0x426F, 0x4270, 0x3A91, 0x3292, 0x3294, 0x32B4, 0x32B5, 0x32D6, 0x3AD7, 0x3AD8, 0x3AF9, 0x3AF9, 0x431A, 0x431B, 0x433B,
    0x4A22, 0x4A42, 0x4A43, 0x4A44, 0x4A44, 0x4A65, 0x4A65, 0x4A66, 0x5267, 0x5268, 0x5288, 0x5289, 0x528A, 0x528B, 0x4A8C, 0x4A8D,
    0x4AAE, 0x4AAF, 0x42B0, 0x42B2, 0x42D3, 0x3AD4, 0x3AF4, 0x3AF5, 0x3B16, 0x3B17, 0x3B38, 0x3B39, 0x4359, 0x435A, 0x437B, 0x437B,
    0x4A62, 0x4A62, 0x4A63, 0x4A84, 0x4A84, 0x4A85, 0x4A85, 0x4AA6, 0x4AA7, 0x4AA7, 0x4AA8, 0x52A9, 0x52AA, 0x52AB, 0x52CC, 0x52CD,
    0x52CE, 0x4ACF, 0x4AF1, 0x4AF2, 0x4AF3, 0x4314, 0x4314, 0x4335, 0x4336, 0x4357, 0x4358, 0x4379, 0x4379, 0x439A, 0x439B, 0x43BB,
    0x4AA2, 0x4AA2, 0x4AA3, 0x4AA4, 0x4AA4, 0x4AA5, 0x4AC5, 0x4AC6, 0x4AC7, 0x4AC7, 0x4AC8, 0x4AC9, 0x52EA, 0x52EB, 0x52EC, 0x52ED,
    0x52EE, 0x530F, 0x5310, 0x5331, 0x4B33, 0x4B33, 0x4B54, 0x4B75, 0x4B76, 0x4B97, 0x4B98, 0x4BB9, 0x4BB9, 0x4BDA, 0x4BDB, 0x4BDB,
    0x4AC2, 0x4AC2, 0x4AC3, 0x4AE3, 0x4AE4, 0x4AE5, 0x4AE5, 0x4AE6, 0x4AE7, 0x4AE7, 0x4B08, 0x4B09, 0x4B0A, 0x532B, 0x532C, 0x532D,
    0x532E, 0x532F, 0x5330, 0x5351, 0x5352, 0x5373, 0x5374, 0x5395, 0x53B6, 0x53B7, 0x53D8, 0x53D8, 0x53F9, 0x53FA, 0x541B, 0x541B,
    0x42E2, 0x4302, 0x4B03, 0x4B03, 0x4B04, 0x4B04, 0x4B25, 0x4B26, 0x4B26, 0x4B27, 0x4B28, 0x4B29, 0x4B4A, 0x534B, 0x536C, 0x536D,
    0x536E, 0x536F, 0x5370, 0x5371, 0x5392, 0x5393, 0x53B4, 0x53B5, 0x53D6, 0x5BF7, 0x5BF8, 0x5C18, 0x5C39, 0x5C3A, 0x5C5B, 0x5C5B,
    0x4322, 0x4322, 0x4323, 0x4B43, 0x4B44, 0x4B44, 0x4B45, 0x4B46, 0x4B46, 0x4B47, 0x4B48, 0x4B69, 0x4B69, 0x4B8B, 0x538C, 0x53AD,
    0x538E, 0x53AF, 0x53B0, 0x53B1, 0x53B2, 0x5BD3, 0x5BD4, 0x5BF5, 0x5BF6, 0x5C17, 0x5C18, 0x5C38, 0x5C59, 0x5C7A, 0x647B, 0x649B,
    0x4342, 0x4362, 0x4363, 0x4363, 0x4364, 0x4B84, 0x4B85, 0x4B86, 0x4B86, 0x4B87, 0x4B88, 0x4B88, 0x4B89, 0x4BAA, 0x53CC, 0x53CD,
    0x53CE, 0x53CF, 0x53D0, 0x53F1, 0x53F2, 0x5BF3, 0x5BF4, 0x5C15, 0x5C16, 0x5C37, 0x5C38, 0x5C58, 0x5C79, 0x649A, 0x649B, 0x64BB,
    0x4382, 0x4382, 0x4383, 0x43A3, 0x43A4, 0x43A4, 0x43A5, 0x43A5, 0x43A6, 0x4BA7, 0x4BA8, 0x4BC8, 0x4BC9, 0x4BCA, 0x4BEB, 0x53ED,
    0x540E, 0x540F, 0x5410, 0x5411, 0x5432, 0x5C33, 0x5C34, 0x5C35, 0x5C56, 0x5C57, 0x5C78, 0x5C78, 0x6499, 0x64BA, 0x64BB, 0x64DB,
    0x3BA1, 0x3BC2, 0x43C2, 0x43C3, 0x43C3, 0x43E4, 0x43E5, 0x43E5, 0x43E6, 0x43E7, 0x4BE8, 0x4BE8, 0x4BE9, 0x4C0A, 0x4C0B, 0x542C,
    0x542D, 0x544F, 0x5450, 0x5C51, 0x5C52, 0x5C53, 0x5C74, 0x5C75, 0x5C76, 0x5C97, 0x5C98, 0x6498, 0x64B9, 0x64DA, 0x64FB, 0x64FC,
    0x3BE1, 0x3BE2, 0x3BE2, 0x4403, 0x4403, 0x4404, 0x4404, 0x4405, 0x4406, 0x4407, 0x4427, 0x4C28, 0x4C29, 0x4C29, 0x4C2A, 0x4C4C,
    0x544D, 0x546E, 0x548F, 0x5491, 0x5C91, 0x5C92, 0x5C94, 0x5CB5, 0x5CB6, 0x5CB7, 0x5CD8, 0x64D8, 0x64D9, 0x64FA, 0x651B, 0x6D1B,
    0x3C21, 0x3C22, 0x3C22, 0x3C43, 0x4443, 0x4444, 0x4444, 0x4445, 0x4446, 0x4446, 0x4467, 0x4C68, 0x4C49, 0x4C49, 0x4C6A, 0x4C6B,
    0x548D, 0x548E, 0x54AF, 0x5CD0, 0x5CD1, 0x5CD2, 0x5CD3, 0x5CD4, 0x5CF6, 0x5CF6, 0x5CF7, 0x64F8, 0x6519, 0x651A, 0x653B, 0x6D3B,
    0x3441, 0x3462, 0x3C62, 0x3C62, 0x3C83, 0x4483, 0x4484, 0x4484, 0x4485, 0x4486, 0x4487, 0x4C88, 0x4C89, 0x4C89, 0x4C8A, 0x4CAB,
    0x4CAC, 0x54CE, 0x54CF, 0x54F0, 0x54F1, 0x5D12, 0x5CF3, 0x5D14, 0x5D15, 0x5D16, 0x5D37, 0x6538, 0x6539, 0x655A, 0x655B, 0x655B,
    0x3481, 0x3482, 0x34A2, 0x3CA2, 0x3CC3, 0x3CC3, 0x44C4, 0x44C4, 0x44C5, 0x44C6, 0x44A7, 0x4CA8, 0x4CA9, 0x4CA9, 0x44AA, 0x44CB,
    0x44EC, 0x4CED, 0x550F, 0x5510, 0x5531, 0x5532, 0x5553, 0x5D34, 0x5D55, 0x5D56, 0x5D57, 0x5D58, 0x6579, 0x657A, 0x657B, 0x657B,
    0x34C1, 0x34E2, 0x34E2, 0x3CE2, 0x3D03, 0x3D03, 0x3D04, 0x4504, 0x44E5, 0x44E6, 0x44E7, 0x4CE8, 0x4CE8, 0x44E9, 0x44EA, 0x44EA,
    0x450C, 0x452D, 0x4D2E, 0x554F, 0x5551, 0x5552, 0x5573, 0x5574, 0x5D75, 0x5D76, 0x5D77, 0x5D98, 0x6599, 0x659A, 0x65BB, 0x65BB,
    0x3521, 0x3D22, 0x3D42, 0x3D42, 0x3D43, 0x3D43, 0x4543, 0x4544, 0x4545, 0x4526, 0x4527, 0x4D28, 0x4528, 0x4529, 0x4529, 0x452A,
    0x454B, 0x454C, 0x456E, 0x4D6F, 0x5591, 0x5592, 0x55B3, 0x5DD4, 0x5DB5, 0x5DB6, 0x5DB7, 0x65D8, 0x65D9, 0x65DA, 0x65DB, 0x65FB,
    0x3D61, 0x3D82, 0x3D82, 0x3D82, 0x45A3, 0x45A3, 0x4584, 0x4564, 0x4565, 0x4565, 0x4566, 0x4567, 0x4568, 0x4568, 0x4569, 0x456A,
    0x458B, 0x458C, 0x45AD, 0x45AF, 0x4DD0, 0x4DD2, 0x55F3, 0x55F4, 0x55F5, 0x55F6, 0x5DF7, 0x5DF8, 0x65F9, 0x661A, 0x661B, 0x661B,
    0x3DC1, 0x3DC2, 0x3DE2, 0x45E2, 0x45E3, 0x45E3, 0x45C4, 0x45A4, 0x45A5, 0x45A5, 0x45A6, 0x45A7, 0x45A8, 0x45A8, 0x45A9, 0x45AA,
    0x45AB, 0x45CC, 0x45ED, 0x45EF, 0x45F0, 0x4611, 0x4E13, 0x4E34, 0x5635, 0x5636, 0x5637, 0x5E38, 0x5E39, 0x5E3A, 0x665A, 0x665B,
    0x3E21, 0x3E22, 0x4642, 0x4662, 0x4623, 0x4603, 0x45E4, 0x45E4, 0x45E5, 0x45E5, 0x45E6, 0x45E6, 0x45E7, 0x45E8, 0x45E8, 0x45E9,
    0x45EA, 0x460B, 0x460D, 0x462E, 0x4630, 0x4651, 0x4652, 0x4E54, 0x4E75, 0x4E76, 0x5677, 0x5678, 0x5E79, 0x5E7A, 0x5E7A, 0x5E7B,
    0x3EA1, 0x46A2, 0x46C2, 0x46A2, 0x4683, 0x4664, 0x4624, 0x4624, 0x4625, 0x4625, 0x4626, 0x4E26, 0x4627, 0x4627, 0x4628, 0x4629,
    0x462A, 0x464B, 0x464C, 0x466E, 0x4690, 0x4E91, 0x4E92, 0x4EB4, 0x4EB5, 0x4EB6, 0x4EB7, 0x56D8, 0x56D9, 0x5EBA, 0x5EBB, 0x5EDC,
    0x4702, 0x4702, 0x46E2, 0x46E3, 0x46C3, 0x46A4, 0x4684, 0x4E85, 0x4EA5, 0x4EA6, 0x4EA6, 0x4EA7, 0x4EA7, 0x4EA7, 0x4688, 0x4689,
    0x46AA, 0x46AB, 0x46AC, 0x46CD, 0x4ECF, 0x4ED1, 0x4ED2, 0x4EF4, 0x4EF5, 0x4EF6, 0x4EF7, 0x4F18, 0x4F19, 0x4F1A, 0x56FB, 0x5EFC,
    0x4742, 0x4722, 0x4723, 0x4F03, 0x4EE4, 0x4EE4, 0x4EE4, 0x4EE5, 0x4EE5, 0x4EE6, 0x4EE6, 0x4EE7, 0x4EE7, 0x4EE7, 0x4EE8, 0x46E8,
    0x46E9, 0x46EB, 0x4F0C, 0x4F0D, 0x4F0F, 0x4F11, 0x4F32, 0x4F33, 0x4F35, 0x4F36, 0x4F37, 0x4F38, 0x4F59, 0x4F5A, 0x4F5B, 0x573B,
    0x5061, 0x5062, 0x5083, 0x5084, 0x5084, 0x5084, 0x5085, 0x5086, 0x5067, 0x4868, 0x408A, 0x288A, 0x208B, 0x208C, 0x28AD, 0x28AE,
    0x28CF, 0x28D0, 0x28D1, 0x28F2, 0x28F3, 0x28F4, 0x2915, 0x2916, 0x3137, 0x3138, 0x3159, 0x315A, 0x397B, 0x397B, 0x419C, 0x41BD,
    0x50A1, 0x50A2, 0x50A3, 0x50A4, 0x50A4, 0x50A5, 0x50A5, 0x50A6, 0x50A7, 0x48A8, 0x40AA, 0x28AA, 0x20AB, 0x20CC, 0x28CD, 0x28CE,
    0x28EF, 0x28F0, 0x28F1, 0x2912, 0x2913, 0x2914, 0x2935, 0x2936, 0x3157, 0x3158, 0x3179, 0x317A, 0x399B, 0x399B, 0x41BC, 0x41BD,
    0x50C1, 0x50C2, 0x50C3, 0x50C3, 0x50C4, 0x50C5, 0x50C5, 0x50C6, 0x48C7, 0x48C8, 0x40E9, 0x30EA, 0x28EB, 0x28EC, 0x28ED, 0x28EE,
    0x290F, 0x2910, 0x2931, 0x2932, 0x2933, 0x2954, 0x2955, 0x2956, 0x3177, 0x3178, 0x3179, 0x319A, 0x399B, 0x39BB, 0x41BC, 0x41DC,
    0x50E1, 0x50E2, 0x50E3, 0x50E3, 0x50E4, 0x50E5, 0x50E5, 0x5106, 0x5107, 0x4908, 0x4109, 0x390A, 0x290B, 0x290C, 0x290D, 0x292E,
    0x292F, 0x2950, 0x2951, 0x2952, 0x2973, 0x2974, 0x2975, 0x3196, 0x3197, 0x3198, 0x3199, 0x39BA, 0x39BA, 0x39DB, 0x41DB, 0x41FC,
    0x5101, 0x5102, 0x5103, 0x5103, 0x5104, 0x5105, 0x5125, 0x5126, 0x5127, 0x5128, 0x4929, 0x412A, 0x312B, 0x294C, 0x294D, 0x294E,
    0x296F, 0x2970, 0x2971, 0x2992, 0x2993, 0x2994, 0x2995, 0x31B6, 0x31B7, 0x31B8, 0x31B9, 0x39DA, 0x39DA, 0x39FB, 0x41FB, 0x421C,
    0x5121, 0x5122, 0x5123, 0x5123, 0x5124, 0x5145, 0x5145, 0x5146, 0x5147, 0x5148, 0x5149, 0x416A, 0x396B, 0x316C, 0x296D, 0x296E,
    0x298F, 0x2990, 0x2991, 0x29B2, 0x29B3, 0x29B4, 0x31D5, 0x31D6, 0x31D7, 0x31D8, 0x31F9, 0x39F9, 0x3A1A, 0x3A1A, 0x423B, 0x423C,
    0x5141, 0x5142, 0x5163, 0x5163, 0x5964, 0x5965, 0x5165, 0x5166, 0x5167, 0x5168, 0x5169, 0x498A, 0x418B, 0x398B, 0x318D, 0x31AD,
    0x29AF, 0x29B0, 0x29D1, 0x29D2, 0x31D3, 0x31D4, 0x31F5, 0x31F6, 0x31F7, 0x3218, 0x3A19, 0x3A39, 0x3A3A, 0x425A, 0x425B, 0x425C,
    0x5181, 0x5182, 0x5183, 0x5183, 0x5984, 0x5984, 0x5985, 0x5986, 0x51A7, 0x51A8, 0x51A9, 0x51AA, 0x41AA, 0x41AB, 0x39CC, 0x39CD,
    0x31CE, 0x29EF, 0x31F1, 0x31F2, 0x31F3, 0x3214, 0x3215, 0x3216, 0x3237, 0x3A38, 0x3A58, 0x3A59, 0x3A7A, 0x427A, 0x429B, 0x429C,
    0x51A2, 0x51A2, 0x51C3, 0x51C3, 0x59C4, 0x59C4, 0x59C5, 0x59C6, 0x59C7, 0x59C8, 0x59C8, 0x51CA, 0x49EA, 0x41EB, 0x41EC, 0x41ED,
    0x3A0E, 0x3A10, 0x3211, 0x3232, 0x3233, 0x3234, 0x3235, 0x3256, 0x3A56, 0x3A77, 0x3A78, 0x3A99, 0x429A, 0x42BA, 0x42BB, 0x42DC,
    0x51E2, 0x51E2, 0x51E3, 0x5203, 0x5A04, 0x5A04, 0x5A05, 0x5A06, 0x5A07, 0x5A08, 0x5A08, 0x5A09, 0x520A, 0x4A2B, 0x4A2C, 0x422D,
    0x422E, 0x422F, 0x3A50, 0x3251, 0x3253, 0x3274, 0x3275, 0x3276, 0x3A96, 0x3AB7, 0x3AB8, 0x3AB9, 0x42DA, 0x42DA, 0x42FB, 0x42FB,
    0x5202, 0x5222, 0x5223, 0x5224, 0x5A24, 0x5A44, 0x5A45, 0x5A46, 0x5A47, 0x5A48, 0x5A48, 0x5A49, 0x524A, 0x524B, 0x4A4C, 0x4A6D,
    0x4A6E, 0x426F, 0x4270, 0x4291, 0x3A92, 0x3293, 0x32B4, 0x3AB5, 0x3AD6, 0x3AD7, 0x3AD8, 0x3AF9, 0x42F9, 0x431A, 0x431B, 0x433B,
    0x5242, 0x5242, 0x5243, 0x5244, 0x5264, 0x5A65, 0x5A65, 0x5A66, 0x5A67, 0x5A88, 0x5A88, 0x5A89, 0x5A8A, 0x528B, 0x528C, 0x528D,
    0x528E, 0x4AAF, 0x4AB0, 0x4AB1, 0x42B2, 0x42D3, 0x42D4, 0x3AF5, 0x3AF6, 0x3B17, 0x3B18, 0x4339, 0x4339, 0x435A, 0x435B, 0x437C,
    0x5262, 0x5262, 0x5263, 0x5284, 0x5284, 0x5285, 0x52A5, 0x52A6, 0x5AA7, 0x5AA8, 0x5AA8, 0x5AA9, 0x5ACA, 0x5ACB, 0x5ACC, 0x52CD,
    0x52CE, 0x52CF, 0x52F1, 0x52F2, 0x4B13, 0x4B13, 0x4B34, 0x4B35, 0x4B56, 0x4B57, 0x4378, 0x4379, 0x4399, 0x439A, 0x43BB, 0x4BBC,
    0x52A2, 0x52A2, 0x52A3, 0x52A4, 0x52C4, 0x5AC5, 0x5AC5, 0x5AC6, 0x52C7, 0x52C7, 0x52E8, 0x5AE9, 0x5AEA, 0x5AEB, 0x5AEC, 0x5B0D,
    0x5B0E, 0x5B0F, 0x5B10, 0x5331, 0x5332, 0x5353, 0x5354, 0x5375, 0x5376, 0x5397, 0x5398, 0x53B9, 0x53B9, 0x53DA, 0x53DB, 0x53FB,
    0x52C2, 0x52C2, 0x52E3, 0x52E4, 0x52E4, 0x52E5, 0x52E5, 0x5306, 0x5307, 0x5307, 0x5308, 0x5309, 0x530A, 0x5B2B, 0x5B2C, 0x5B2D,
    0x5B2E, 0x5B2F, 0x5B50, 0x5B51, 0x5B72, 0x5B73, 0x5B94, 0x5B95, 0x5BB6, 0x5BB7, 0x5BD8, 0x5BF9, 0x5BF9, 0x5C1A, 0x5C1B, 0x5C1B,
    0x4B02, 0x5302, 0x5303, 0x5303, 0x5324, 0x5325, 0x5325, 0x5326, 0x5327, 0x5327, 0x5328, 0x5329, 0x534A, 0x534B, 0x5B6C, 0x5B6D,
    0x5B6E, 0x5B6F, 0x5B70, 0x5B71, 0x5B92, 0x5BB3, 0x5BB4, 0x5BD5, 0x5BD6, 0x5BF7, 0x5C18, 0x5C19, 0x6439, 0x643A, 0x645B, 0x645C,
    0x4B22, 0x4B22, 0x5343, 0x5343, 0x5344, 0x5344, 0x5345, 0x5346, 0x5366, 0x5367, 0x5368, 0x5369, 0x536A, 0x538B, 0x5B8C, 0x5BAD,
    0x5BAE, 0x5BAF, 0x5BB0, 0x5BB1, 0x5BD2, 0x63D3, 0x63D4, 0x63F5, 0x6416, 0x6417, 0x6438, 0x6459, 0x6459, 0x647A, 0x6C9B, 0x6C9C,
    0x4B62, 0x4B62, 0x4B63, 0x4B63, 0x5384, 0x5384, 0x5385, 0x5386, 0x5386, 0x5387, 0x5388, 0x5389, 0x53A9, 0x53AA, 0x53CC, 0x5BCD,
    0x5BEE, 0x5BEF, 0x5BF0, 0x5BF1, 0x5BF2, 0x63F3, 0x6414, 0x6415, 0x6436, 0x6437, 0x6458, 0x6479, 0x6479, 0x649A, 0x6CBB, 0x6CBC,
    0x4B82, 0x4B82, 0x4BA3, 0x4BA3, 0x4BA4, 0x4BA4, 0x53A5, 0x53C6, 0x53C6, 0x53C7, 0x53C8, 0x53C8, 0x53C9, 0x53CA, 0x53EB, 0x5C0D,
    0x5C0E, 0x5C0F, 0x5C10, 0x5C11, 0x5C32, 0x6433, 0x6434, 0x6455, 0x6456, 0x6457, 0x6478, 0x6499, 0x6499, 0x6CBA, 0x6CDB, 0x6CDC,
    0x43C1, 0x4BC2, 0x4BC3, 0x4BC3, 0x4BE4, 0x4BE4, 0x4BE5, 0x4BE5, 0x4BE6, 0x4BE7, 0x4BE8, 0x4BE8, 0x5409, 0x540A, 0x540B, 0x542C,
    0x5C2D, 0x5C4F, 0x5C50, 0x5C51, 0x6452, 0x6473, 0x6474, 0x6475, 0x6496, 0x6497, 0x6498, 0x64B9, 0x6CB9, 0x6CDA, 0x6CFB, 0x6D1C,
    0x43E1, 0x43E2, 0x4402, 0x4C03, 0x4C03, 0x4C04, 0x4C24, 0x4C25, 0x4C26, 0x4C27, 0x4C28, 0x4C28, 0x5429, 0x542A, 0x542B, 0x544C,
    0x5C6D, 0x5C6E, 0x5C90, 0x5C91, 0x6491, 0x6493, 0x64B4, 0x64B5, 0x64B6, 0x64D7, 0x64D8, 0x6CD9, 0x6CF9, 0x6CFA, 0x6D1B, 0x6D3C,
    0x4421, 0x4422, 0x4422, 0x4443, 0x4C43, 0x4C44, 0x4C44, 0x4C45, 0x4C46, 0x4C47, 0x4C47, 0x4C48, 0x5469, 0x546A, 0x546B, 0x546C,
    0x548D, 0x5CAE, 0x5CAF, 0x5CD1, 0x64D2, 0x64D2, 0x64D4, 0x64D5, 0x64F6, 0x64F7, 0x6517, 0x6D18, 0x6D19, 0x6D3A, 0x6D3B, 0x6D5C,
    0x4461, 0x4462, 0x4462, 0x4463, 0x4483, 0x4483, 0x4C84, 0x4C85, 0x4C85, 0x4C86, 0x4C87, 0x5488, 0x5489, 0x548A, 0x548A, 0x54AB,
    0x54AC, 0x5CCE, 0x5CCF, 0x5CF0, 0x5D11, 0x6512, 0x6513, 0x6514, 0x6515, 0x6536, 0x6537, 0x6D38, 0x6D59, 0x6D5A, 0x6D5B, 0x6D7C,
    0x3C81, 0x3CA2, 0x3CA2, 0x44A3, 0x44C3, 0x44C3, 0x44C4, 0x4CC4, 0x4CC5, 0x4CC6, 0x4CA7, 0x54A8, 0x54A9, 0x54A9, 0x54CA, 0x54CB,
    0x54CC, 0x54ED, 0x5D0F, 0x5D10, 0x5D31, 0x5D32, 0x6553, 0x6534, 0x6555, 0x6556, 0x6557, 0x6D78, 0x6D79, 0x6D7A, 0x6D7B, 0x6D9C,
    0x3CC1, 0x3CC2, 0x3CE2, 0x44E3, 0x4503, 0x4503, 0x4504, 0x4504, 0x4D05, 0x4CE6, 0x4CE7, 0x54E8, 0x54E9, 0x54E9, 0x54EA, 0x4CEA,
    0x4D0B, 0x4D0D, 0x552E, 0x5D4F, 0x5D51, 0x5D72, 0x5D73, 0x6574, 0x6575, 0x6576, 0x6597, 0x6598, 0x6D99, 0x6DBA, 0x6DBB, 0x6DDC,
    0x3D22, 0x3D22, 0x3D22, 0x3D43, 0x4543, 0x4543, 0x4564, 0x4D44, 0x4D45, 0x4D26, 0x4D27, 0x5528, 0x5528, 0x5529, 0x4D2A, 0x4D2A,
    0x4D4B, 0x454C, 0x4D6E, 0x556F, 0x5D91, 0x5D92, 0x5DB3, 0x65D4, 0x65D5, 0x65B6, 0x65B7, 0x6DD8, 0x6DD9, 0x6DDA, 0x6DFB, 0x6DFC,
    0x3D62, 0x3D62, 0x3D82, 0x4582, 0x4583, 0x45A3, 0x4584, 0x4D84, 0x4D65, 0x4D65, 0x4D66, 0x4D67, 0x5568, 0x4D69, 0x4D69, 0x4D6A,
    0x456B, 0x458C, 0x45AD, 0x4DAF, 0x55D0, 0x5DD2, 0x5DF3, 0x5DF4, 0x65F5, 0x65F6, 0x65F7, 0x65F8, 0x6E19, 0x6E1A, 0x6E1B, 0x6E1C,
    0x3DC1, 0x3DC2, 0x45C2, 0x45E2, 0x45E3, 0x45C3, 0x45C4, 0x4DA4, 0x4DA5, 0x4DA5, 0x4DA6, 0x4DA7, 0x4DA8, 0x4DA8, 0x4DA9, 0x4DAA,
    0x45AB, 0x4DCC, 0x4DCD, 0x4DEE, 0x4DF0, 0x5611, 0x5613, 0x5E34, 0x5E35, 0x5E36, 0x5E37, 0x6638, 0x6639, 0x6E5A, 0x6E5B, 0x6E5B,
    0x3E01, 0x3E22, 0x4622, 0x4642, 0x4623, 0x4603, 0x4DE4, 0x4DE4, 0x4DE5, 0x4DE5, 0x4DE6, 0x4DE6, 0x4DE7, 0x4DE8, 0x4DE9, 0x4DE9,
    0x4DEA, 0x4DEB, 0x4E0C, 0x4E2E, 0x4E30, 0x4E51, 0x4E52, 0x5654, 0x5675, 0x5E76, 0x5E77, 0x5E78, 0x6679, 0x667A, 0x667A, 0x669B,
    0x4682, 0x46A2, 0x46A2, 0x4683, 0x4683, 0x4E44, 0x4E24, 0x4E24, 0x4E25, 0x4E25, 0x4E26, 0x4E26, 0x4E27, 0x4E28, 0x4E28, 0x4E29,
    0x4E2A, 0x4E4B, 0x4E4C, 0x4E6D, 0x4E6F, 0x4E91, 0x4E92, 0x4EB4, 0x56B5, 0x56B6, 0x5EB7, 0x5ED8, 0x5ED9, 0x66BA, 0x66BB, 0x66DC,
    0x4702, 0x4702, 0x46E2, 0x4EC3, 0x4EA3, 0x4EA4, 0x4EA4, 0x4E85, 0x4E85, 0x4E86, 0x4E86, 0x4EA7, 0x4EA7, 0x4EA8, 0x4EA8, 0x4EA9,
    0x4EAA, 0x4EAB, 0x4EAC, 0x4ECD, 0x4ECF, 0x4ED1, 0x4ED2, 0x4EF4, 0x4EF5, 0x56F6, 0x56F7, 0x5F18, 0x5F19, 0x5F1A, 0x5EFB, 0x66FC,
    0x4742, 0x4F42, 0x4F23, 0x4F03, 0x4EE4, 0x4EE4, 0x4EE4, 0x4EE5, 0x4EE5, 0x4EE6, 0x4EE6, 0x4EE7, 0x56E7, 0x4EE8, 0x4EE8, 0x4EE8,
    0x4EE9, 0x4EEA, 0x4EEC, 0x4F0D, 0x4F0E, 0x4F10, 0x4F32, 0x4F33, 0x5735, 0x5736, 0x5737, 0x5758, 0x5759, 0x575A, 0x575B, 0x5F3C,
    0x5862, 0x5882, 0x5883, 0x5884, 0x5884, 0x5885, 0x5885, 0x5886, 0x5887, 0x5869, 0x508A, 0x408B, 0x28AB, 0x28AC, 0x28AD, 0x28AE,
    0x28CF, 0x28D0, 0x28D1, 0x28F2, 0x28F3, 0x30F4, 0x3115, 0x3116, 0x3137, 0x3138, 0x3159, 0x395A, 0x397B, 0x397B, 0x419C, 0x41BD,
    0x58A2, 0x58A2, 0x58A3, 0x58A4, 0x58A4, 0x58A5, 0x58A5, 0x58A6, 0x58A7, 0x50A8, 0x50AA, 0x40AB, 0x30CB, 0x28CC, 0x28CD, 0x28CE,
    0x28EF, 0x28F0, 0x28F1, 0x2912, 0x2913, 0x3114, 0x3135, 0x3136, 0x3157, 0x3158, 0x3179, 0x397A, 0x399B, 0x399B, 0x41BC, 0x41BD,
    0x58C2, 0x58C2, 0x58C3, 0x58C3, 0x58C4, 0x58C5, 0x58C5, 0x58C6, 0x58C7, 0x50C8, 0x50C9, 0x40EB, 0x30EB, 0x28EC, 0x28ED, 0x28EE,
    0x290F, 0x2910, 0x2931, 0x2932, 0x3133, 0x3154, 0x3155, 0x3156, 0x3177, 0x3178, 0x3199, 0x399A, 0x39BB, 0x39BB, 0x41DC, 0x41DC,
    0x58E2, 0x58E2, 0x58E3, 0x58E3, 0x58E4, 0x58E5, 0x58E5, 0x5906, 0x5907, 0x5908, 0x5109, 0x490A, 0x390B, 0x290C, 0x290D, 0x292E,
    0x292F, 0x2950, 0x2951, 0x2952, 0x3173, 0x3174, 0x3175, 0x3196, 0x3197, 0x3198, 0x31B9, 0x39BA, 0x39DB, 0x39DB, 0x41FB, 0x421C,
    0x5902, 0x5902, 0x5903, 0x5903, 0x5904, 0x5905, 0x5926, 0x5926, 0x5927, 0x5928, 0x5129, 0x494A, 0x414B, 0x314C, 0x294D, 0x294E,
    0x296F, 0x2970, 0x2971, 0x3192, 0x3193, 0x3194, 0x31B5, 0x31B6, 0x31B7, 0x31D8, 0x39D9, 0x39DA, 0x39FA, 0x41FB, 0x421B, 0x421C,
    0x5921, 0x5922, 0x5923, 0x5923, 0x5924, 0x5945, 0x5945, 0x5946, 0x5947, 0x5948, 0x5949, 0x516A, 0x496B, 0x396C, 0x316D, 0x296E,
    0x298F, 0x3190, 0x31B1, 0x31B2, 0x31B3, 0x31D4, 0x31D5, 0x31D6, 0x31F7, 0x31F8, 0x39F9, 0x3A1A, 0x3A1A, 0x421B, 0x423B, 0x423C,
    0x5941, 0x5942, 0x5963, 0x6163, 0x6164, 0x6165, 0x5965, 0x5966, 0x5967, 0x5988, 0x5989, 0x598A, 0x518B, 0x418C, 0x398D, 0x31AD,
    0x31AF, 0x31B0, 0x31D1, 0x31D2, 0x31D3, 0x31F4, 0x31F5, 0x31F6, 0x3217, 0x3A18, 0x3A39, 0x3A39, 0x3A3A, 0x425B, 0x425B, 0x425C,
    0x5981, 0x5982, 0x5983, 0x6183, 0x6184, 0x6184, 0x6185, 0x6186, 0x59A7, 0x59A8, 0x59A8, 0x59AA, 0x51AB, 0x49CB, 0x41CC, 0x39CD,
    0x39CE, 0x31EF, 0x31F1, 0x31F2, 0x3213, 0x3214, 0x3215, 0x3236, 0x3A37, 0x3A58, 0x3A58, 0x3A59, 0x427A, 0x427A, 0x429B, 0x429C,
    0x59A1, 0x59A2, 0x59C3, 0x59C3, 0x61C4, 0x61C4, 0x61C5, 0x61C6, 0x61C7, 0x61C8, 0x61C8, 0x59E9, 0x59EB, 0x51EC, 0x49EC, 0x41ED,
    0x420E, 0x3A0F, 0x3A11, 0x3232, 0x3233, 0x3234, 0x3A55, 0x3A56, 0x3A57, 0x3A77, 0x3A78, 0x4299, 0x429A, 0x42BA, 0x42BB, 0x42DC,
    0x59E2, 0x59E2, 0x59E3, 0x6203, 0x6204, 0x6204, 0x6205, 0x6206, 0x6207, 0x6208, 0x6208, 0x6209, 0x5A0A, 0x520B, 0x4A2C, 0x4A2D,
    0x4A2E, 0x424F, 0x4250, 0x3A51, 0x3A52, 0x3A74, 0x3A75, 0x3A95, 0x3A96, 0x3AB7, 0x3AB8, 0x42B9, 0x42DA, 0x42DA, 0x42FB, 0x4AFC,
    0x5A22, 0x5A22, 0x5A23, 0x5A23, 0x6224, 0x6244, 0x6245, 0x6246, 0x6227, 0x6227, 0x6228, 0x6249, 0x624A, 0x5A4B, 0x524C, 0x524D,
    0x4A6E, 0x4A6F, 0x4A70, 0x4291, 0x4292, 0x3A93, 0x3AB4, 0x3AB5, 0x3AD6, 0x3AD7, 0x42D8, 0x42F9, 0x42FA, 0x431A, 0x431B, 0x4B3C,
    0x5A42, 0x5A42, 0x5A43, 0x5A64, 0x6264, 0x6265, 0x6265, 0x6266, 0x6267, 0x6267, 0x6268, 0x6269, 0x628A, 0x5A8B, 0x5A8C, 0x528D,
    0x528E, 0x52AF, 0x52B0, 0x4AB1, 0x4AB2, 0x4AD3, 0x42D4, 0x42F5, 0x42F6, 0x4317, 0x4318, 0x4339, 0x433A, 0x435A, 0x4B5B, 0x4B7C,
    0x5A82, 0x5A83, 0x5A83, 0x5A84, 0x5A84, 0x62A5, 0x62A5, 0x62A6, 0x62A7, 0x62A8, 0x62A8, 0x62A9, 0x62AA, 0x62CB, 0x5ACC, 0x5ACD,
    0x5ACE, 0x5ACF, 0x52F0, 0x52F1, 0x52F2, 0x5313, 0x5314, 0x4B35, 0x4B36, 0x4B57, 0x4358, 0x4379, 0x437A, 0x437A, 0x4B9B, 0x4B9C,
    0x5AA2, 0x5AA2, 0x5AA3, 0x5AA4, 0x5AA4, 0x5AC5, 0x62C5, 0x62C6, 0x62E7, 0x62E8, 0x62E8, 0x62E9, 0x62EA, 0x62EB, 0x630C, 0x630D,
    0x630E, 0x5B0F, 0x5B10, 0x5B31, 0x5B32, 0x5B53, 0x5B54, 0x5B75, 0x5376, 0x5397, 0x53B8, 0x53B9, 0x53BA, 0x53DA, 0x53DB, 0x53FC,
    0x5AE2, 0x5AE2, 0x5AE3, 0x5AE4, 0x5AE4, 0x6305, 0x6305, 0x6306, 0x6307, 0x5B07, 0x5B08, 0x5B09, 0x632A, 0x632B, 0x632C, 0x632D,
    0x634E, 0x634F, 0x6350, 0x6371, 0x6372, 0x6393, 0x5B94, 0x5BB5, 0x5BB6, 0x5BD7, 0x5BD8, 0x5BF9, 0x5BF9, 0x5C1A, 0x5C1B, 0x5C3C,
    0x5B02, 0x5B02, 0x5B03, 0x5B24, 0x5B24, 0x5B25, 0x5B25, 0x5B26, 0x5B47, 0x5B47, 0x5B48, 0x5B49, 0x5B4A, 0x5B4B, 0x636C, 0x636D,
    0x636E, 0x636F, 0x6370, 0x6391, 0x6392, 0x63B3, 0x63D4, 0x63D5, 0x63F6, 0x63F7, 0x6418, 0x6419, 0x6439, 0x645A, 0x645B, 0x647C,
    0x5342, 0x5342, 0x5B43, 0x5B43, 0x5B44, 0x5B64, 0x5B65, 0x5B66, 0x5B67, 0x5B67, 0x5B68, 0x5B69, 0x5B6A, 0x5B8B, 0x5B8C, 0x63AD,
    0x63AE, 0x63AF, 0x63B0, 0x63B1, 0x63D2, 0x63D3, 0x63F4, 0x63F5, 0x6416, 0x6C37, 0x6C38, 0x6C59, 0x6C79, 0x6C7A, 0x6C9B, 0x6C9C,
    0x5362, 0x5362, 0x5363, 0x5B83, 0x5B84, 0x5B84, 0x5B85, 0x5B86, 0x5BA7, 0x5BA7, 0x5BA8, 0x5BA9, 0x5BAA, 0x5BAA, 0x5BCC, 0x63CD,
    0x63EE, 0x63EF, 0x63F0, 0x63F1, 0x63F2, 0x6C13, 0x6C14, 0x6C35, 0x6C36, 0x6C57, 0x6C58, 0x6C79, 0x6C99, 0x6CBA, 0x6CBB, 0x6CDC,
    0x53A2, 0x53A2, 0x53A3, 0x53A3, 0x5BA4, 0x5BC4, 0x5BC5, 0x5BC6, 0x5BC6, 0x5BC7, 0x5BC8, 0x5BC9, 0x5BC9, 0x5BEA, 0x5BEB, 0x5C0D,
    0x640E, 0x642F, 0x6430, 0x6431, 0x6432, 0x6C33, 0x6C54, 0x6C55, 0x6C56, 0x6C77, 0x6C98, 0x6C99, 0x6CB9, 0x6CDA, 0x6CDB, 0x6CFC,
    0x53C1, 0x53C2, 0x53C3, 0x53E3, 0x53E4, 0x53E4, 0x53E5, 0x5BE5, 0x5BE6, 0x5BE7, 0x5BE8, 0x5C08, 0x5C09, 0x5C0A, 0x5C0B, 0x5C2C,
    0x642E, 0x644F, 0x6450, 0x6451, 0x6452, 0x6C73, 0x6C74, 0x6C95, 0x6C96, 0x6C97, 0x6CB8, 0x6CB9, 0x6CD9, 0x74FA, 0x751B, 0x751C,
    0x4C01, 0x4C02, 0x5402, 0x5403, 0x5403, 0x5424, 0x5425, 0x5425, 0x5426, 0x5427, 0x5428, 0x5428, 0x5C29, 0x5C2A, 0x5C2B, 0x5C4C,
    0x5C6D, 0x646F, 0x6490, 0x64B1, 0x6C92, 0x6CB3, 0x6CB4, 0x6CB5, 0x6CD6, 0x6CD7, 0x6CD8, 0x6CF9, 0x74F9, 0x751A, 0x753B, 0x753C,
    0x4C21, 0x4C22, 0x4C42, 0x4C43, 0x5443, 0x5464, 0x5464, 0x5465, 0x5466, 0x5467, 0x5468, 0x5468, 0x5C69, 0x5C6A, 0x5C6B, 0x5C6C,
    0x5C8D, 0x64AE, 0x64CF, 0x64D1, 0x64F2, 0x6CD3, 0x6CD4, 0x6CF5, 0x6CF6, 0x6D17, 0x6D18, 0x6D18, 0x7539, 0x753A, 0x755B, 0x755C,
    0x4C61, 0x4C62, 0x4C62, 0x4C83, 0x4C83, 0x5484, 0x5484, 0x54A5, 0x5486, 0x5486, 0x5487, 0x5488, 0x5C89, 0x5C8A, 0x5C8B, 0x5CAB,
    0x5CAC, 0x5CCE, 0x64EF, 0x64F0, 0x6512, 0x6D13, 0x6D13, 0x6D15, 0x6D36, 0x6D36, 0x6D37, 0x6D58, 0x7559, 0x755A, 0x757B, 0x757C,
    0x44A1, 0x44A2, 0x4CA2, 0x4CA3, 0x4CC3, 0x4CC3, 0x4CC4, 0x54C4, 0x54C5, 0x54C6, 0x54A7, 0x54A8, 0x5CA9, 0x5CCA, 0x5CCA, 0x5CCB,
    0x5CCC, 0x5CED, 0x650E, 0x6510, 0x6531, 0x6552, 0x6D54, 0x6D54, 0x6D55, 0x6D56, 0x6D77, 0x6D78, 0x7579, 0x759A, 0x759B, 0x759C,
    0x44E2, 0x44E2, 0x44E2, 0x4CE3, 0x4D03, 0x4D03, 0x4D04, 0x4D24, 0x5505, 0x54E6, 0x54E7, 0x54E8, 0x5CE9, 0x5CE9, 0x5CEA, 0x5CEB,
    0x550C, 0x550D, 0x5D2E, 0x654F, 0x6551, 0x6572, 0x6D73, 0x6D94, 0x6D75, 0x6D96, 0x6D97, 0x6D98, 0x75B9, 0x75BA, 0x75DB, 0x75DC,
    0x4522, 0x4522, 0x4522, 0x4543, 0x4D43, 0x4D43, 0x4D64, 0x5544, 0x5545, 0x5546, 0x5527, 0x5528, 0x5D28, 0x5D29, 0x5D2A, 0x5D2B,
    0x552B, 0x554C, 0x556D, 0x5D6F, 0x6591, 0x65B2, 0x6DB3, 0x6DD4, 0x6DD6, 0x6DB6, 0x6DD7, 0x75D8, 0x75D9, 0x75FA, 0x75FB, 0x75FC,
    0x3D62, 0x4562, 0x4562, 0x4583, 0x4583, 0x4DA3, 0x4D84, 0x5584, 0x5565, 0x5566, 0x5566, 0x5567, 0x5D68, 0x5D69, 0x5D6A, 0x556A,
    0x556B, 0x4D8C, 0x4D8D, 0x55AF, 0x5DB0, 0x65D2, 0x65D3, 0x65F4, 0x6E15, 0x6E16, 0x6DF7, 0x6E18, 0x7619, 0x761A, 0x763B, 0x763C,
    0x45A2, 0x45C2, 0x45C2, 0x45C3, 0x45E3, 0x4DC3, 0x4DC4, 0x55A4, 0x55A5, 0x55A5, 0x55A6, 0x55A7, 0x55A8, 0x5DA9, 0x55A9, 0x55AA,
    0x4DAB, 0x4DAC, 0x4DCD, 0x4DEE, 0x55F0, 0x5E11, 0x5E13, 0x6634, 0x6635, 0x6E56, 0x6E57, 0x6E38, 0x6E39, 0x765A, 0x765B, 0x765C,
    0x4602, 0x4602, 0x4622, 0x4623, 0x4603, 0x4E04, 0x55E4, 0x55E4, 0x55E5, 0x55E5, 0x55E6, 0x55E6, 0x55E7, 0x55E8, 0x55E9, 0x4DEA,
    0x4DEA, 0x4DEB, 0x4E0C, 0x4E0E, 0x4E2F, 0x5651, 0x5E52, 0x5E54, 0x6675, 0x6676, 0x6E97, 0x6E98, 0x6E79, 0x6E7A, 0x6E9B, 0x6E9B,
    0x4682, 0x4682, 0x46A2, 0x4E83, 0x4E63, 0x4E44, 0x4E44, 0x5624, 0x5625, 0x5625, 0x5626, 0x5626, 0x5627, 0x5628, 0x5629, 0x4E29,
    0x4E2A, 0x4E2B, 0x4E4C, 0x4E6D, 0x4E6F, 0x4E91, 0x5692, 0x5EB4, 0x5EB5, 0x66B6, 0x66D7, 0x6ED8, 0x6ED9, 0x6EBA, 0x6EDB, 0x76DC,
    0x46E2, 0x4EE2, 0x4EE3, 0x4EC3, 0x4EA3, 0x4EA4, 0x56A4, 0x56A5, 0x56A5, 0x56A6, 0x5686, 0x56A7, 0x56A7, 0x56A8, 0x56A8, 0x56A9,
    0x4EAA, 0x4EAB, 0x4EAC, 0x4EAD, 0x4ECE, 0x56D0, 0x56D2, 0x56F4, 0x56F5, 0x5EF6, 0x66F7, 0x6718, 0x6719, 0x671A, 0x6EFB, 0x6EFC,
    0x4F42, 0x4F22, 0x4F03, 0x4F03, 0x4EE4, 0x4EE4, 0x56E4, 0x56E5, 0x56E5, 0x56E6, 0x56E6, 0x56E7, 0x56E7, 0x56E8, 0x56E8, 0x56E9,
    0x56EA, 0x4EEA, 0x56EC, 0x570D, 0x570E, 0x5710, 0x5732, 0x5733, 0x5735, 0x5736, 0x5F37, 0x5F58, 0x6759, 0x675A, 0x675B, 0x673C,
    0x6062, 0x6082, 0x6083, 0x6084, 0x6084, 0x6085, 0x6085, 0x6086, 0x6087, 0x6068, 0x586A, 0x508B, 0x408C, 0x30AC, 0x28AD, 0x30AE,
    0x30AF, 0x30D0, 0x30D1, 0x30F2, 0x30F3, 0x30F4, 0x3115, 0x3116, 0x3137, 0x3938, 0x3959, 0x395A, 0x397B, 0x419B, 0x419C, 0x41BD,
    0x60A2, 0x60A2, 0x60A3, 0x60A4, 0x60A4, 0x60A5, 0x60A5, 0x60A6, 0x60A7, 0x60A8, 0x58AA, 0x50AB, 0x48CC, 0x30CC, 0x30CD, 0x30CE,
    0x30CF, 0x30F0, 0x30F1, 0x3112, 0x3113, 0x3114, 0x3135, 0x3136, 0x3157, 0x3958, 0x3979, 0x397A, 0x399B, 0x419B, 0x41BC, 0x41DD,
    0x60C2, 0x60C2, 0x60C3, 0x60C4, 0x60C4, 0x60C5, 0x60C5, 0x60C6, 0x60C7, 0x58C8, 0x58CA, 0x50EB, 0x48EC, 0x30EC, 0x30ED, 0x30EE,
    0x310F, 0x3110, 0x3111, 0x3132, 0x3133, 0x3154, 0x3155, 0x3156, 0x3177, 0x3978, 0x3999, 0x399A, 0x39BB, 0x41BB, 0x41DC, 0x41FC,
    0x60E2, 0x60E2, 0x60E3, 0x60E4, 0x60E4, 0x60E5, 0x60E6, 0x6106, 0x6107, 0x6108, 0x5909, 0x590B, 0x490C, 0x312C, 0x312D, 0x312E,
    0x312F, 0x3150, 0x3151, 0x3152, 0x3173, 0x3174, 0x3175, 0x3196, 0x3997, 0x3998, 0x39B9, 0x39BA, 0x39DB, 0x41DB, 0x41FC, 0x421C,
    0x6102, 0x6102, 0x6103, 0x6103, 0x6104, 0x6125, 0x6126, 0x6126, 0x6127, 0x6128, 0x6129, 0x594A, 0x514B, 0x414C, 0x314D, 0x314E,
    0x316F, 0x3170, 0x3171, 0x3192, 0x3193, 0x3194, 0x31B5, 0x31B6, 0x39B7, 0x39D8, 0x39D9, 0x39DA, 0x39FB, 0x41FB, 0x421C, 0x423C,
    0x6122, 0x6122, 0x6123, 0x6123, 0x6144, 0x6145, 0x6146, 0x6146, 0x6147, 0x6168, 0x6169, 0x596A, 0x516B, 0x496C, 0x396D, 0x316E,
    0x318F, 0x3190, 0x31B1, 0x31B2, 0x31B3, 0x31D4, 0x31D5, 0x31D6, 0x39F7, 0x39F8, 0x39F9, 0x3A1A, 0x421A, 0x421B, 0x423C, 0x425C,
    0x6142, 0x6142, 0x6163, 0x6963, 0x6964, 0x6965, 0x6965, 0x6166, 0x6167, 0x6188, 0x6189, 0x618A, 0x598B, 0x51AC, 0x41AD, 0x39AD,
    0x31AF, 0x31B0, 0x31D1, 0x31D2, 0x31F3, 0x31F4, 0x39F5, 0x3A16, 0x3A17, 0x3A18, 0x3A39, 0x3A3A, 0x423A, 0x425B, 0x425B, 0x425C,
    0x6181, 0x6182, 0x6183, 0x6983, 0x6984, 0x6984, 0x6985, 0x6986, 0x61A7, 0x61A8, 0x61A8, 0x61AA, 0x61AB, 0x59CC, 0x49CD, 0x41CD,
    0x41CE, 0x39EF, 0x31F1, 0x31F2, 0x3213, 0x3A14, 0x3A35, 0x3A36, 0x3A37, 0x3A58, 0x3A59, 0x4279, 0x427A, 0x427B, 0x429B, 0x4A9C,
    0x61A1, 0x61A2, 0x61A3, 0x69C3, 0x69C4, 0x69C4, 0x69C5, 0x69C6, 0x69C7, 0x69C8, 0x69C8, 0x69E9, 0x61EB, 0x59EC, 0x51ED, 0x4A0D,
    0x4A0E, 0x420F, 0x4231, 0x3A31, 0x3A33, 0x3A54, 0x3A55, 0x3A56, 0x3A76, 0x3A77, 0x4298, 0x4299, 0x429A, 0x42BB, 0x4ABB, 0x4ABC,
    0x61E2, 0x61E2, 0x69E3, 0x6A03, 0x6A04, 0x6A04, 0x6A05, 0x6A06, 0x6A07, 0x6A08, 0x6A08, 0x6A09, 0x6A0A, 0x620C, 0x5A2D, 0x522D,
    0x4A2E, 0x4A4F, 0x4A50, 0x4251, 0x3A72, 0x3A74, 0x3A75, 0x3A95, 0x3A96, 0x42B7, 0x42B8, 0x42B9, 0x42DA, 0x42DA, 0x4AFB, 0x4AFC,
    0x6222, 0x6222, 0x6223, 0x6A23, 0x6A24, 0x6A44, 0x6A45, 0x6A26, 0x6A27, 0x6A27, 0x6A28, 0x6A49, 0x6A4A, 0x624B, 0x5A4C, 0x524D,
    0x526E, 0x526F, 0x4A70, 0x4A91, 0x4292, 0x4293, 0x42B4, 0x3AB5, 0x42D6, 0x42D7, 0x42F8, 0x42F9, 0x42FA, 0x4B1A, 0x4B1B, 0x4B3C,
    0x6242, 0x6242, 0x6263, 0x6264, 0x6A64, 0x6A64, 0x6A65, 0x6A66, 0x6A67, 0x6A67, 0x6A68, 0x6A69, 0x6A8A, 0x6A8B, 0x628C, 0x5A8D,
    0x5A8E, 0x52AF, 0x52B0, 0x52B1, 0x4AB2, 0x4AD3, 0x4AF4, 0x4AF5, 0x42F6, 0x4317, 0x4318, 0x4339, 0x433A, 0x4B5A, 0x4B5B, 0x4B7C,
    0x6282, 0x6282, 0x6283, 0x6284, 0x6AA4, 0x6AA5, 0x6AA5, 0x6AA6, 0x6AA7, 0x6AA7, 0x6AA8, 0x6AA9, 0x6AAA, 0x6ACB, 0x6ACC, 0x62CD,
    0x5ACE, 0x5ACF, 0x5AF0, 0x5AF1, 0x5AF2, 0x5313, 0x5314, 0x5335, 0x5336, 0x4B57, 0x4B58, 0x4B59, 0x4B7A, 0x4B7A, 0x4B9B, 0x4B9C,
    0x62A2, 0x62A3, 0x62A3, 0x62C4, 0x6AC4, 0x6AC5, 0x6AE5, 0x6AE6, 0x6AE7, 0x6AE8, 0x6AE8, 0x6AE9, 0x6AEA, 0x6AEB, 0x6B0C, 0x630D,
    0x630E, 0x630F, 0x6310, 0x6331, 0x5B32, 0x5B53, 0x5B54, 0x5B55, 0x5B76, 0x5377, 0x5398, 0x5399, 0x53BA, 0x53BA, 0x53DB, 0x53DC,
    0x62E2, 0x62E2, 0x62E3, 0x62E4, 0x62E4, 0x6305, 0x6B05, 0x6B06, 0x6B07, 0x6B08, 0x6B28, 0x6B29, 0x6B2A, 0x6B2B, 0x6B2C, 0x6B4D,
    0x6B4E, 0x6B4F, 0x6350, 0x6371, 0x6372, 0x6393, 0x6394, 0x63B5, 0x63B6, 0x63D7, 0x63D8, 0x63F9, 0x63FA, 0x641A, 0x641B, 0x643C,
    0x6302, 0x6322, 0x6323, 0x6324, 0x6324, 0x6B25, 0x6B45, 0x6B46, 0x6B47, 0x6B47, 0x6348, 0x6349, 0x6B4A, 0x6B6B, 0x6B6C, 0x6B6D,
    0x6B6E, 0x6B8F, 0x6B90, 0x6B91, 0x6BB2, 0x6BB3, 0x6BD4, 0x6BD5, 0x6BF6, 0x6C17, 0x6C18, 0x6C39, 0x6C3A, 0x6C5A, 0x6C5B, 0x6C7C,
    0x5B42, 0x6342, 0x6343, 0x6343, 0x6364, 0x6365, 0x6365, 0x6366, 0x6367, 0x6387, 0x6388, 0x6389, 0x638A, 0x638B, 0x638C, 0x6BAD,
    0x6BAE, 0x6BAF, 0x6BD0, 0x6BD1, 0x6BD2, 0x6BF3, 0x6BF4, 0x6C15, 0x6C16, 0x6C37, 0x6C58, 0x6C59, 0x6C7A, 0x6C7A, 0x749B, 0x749C,
    0x5B62, 0x5B82, 0x6383, 0x6383, 0x6384, 0x63A4, 0x63A5, 0x63A6, 0x63A7, 0x63A7, 0x63A8, 0x63A9, 0x63AA, 0x63AB, 0x63CC, 0x6BCD,
    0x6BEE, 0x6BEF, 0x6BF0, 0x6BF1, 0x6C12, 0x6C13, 0x6C14, 0x6C35, 0x6C56, 0x7457, 0x7478, 0x7499, 0x7499, 0x74BA, 0x74BB, 0x74DC,
    0x5BA2, 0x5BA2, 0x5BA3, 0x63C3, 0x63C4, 0x63C4, 0x63C5, 0x63C6, 0x63C6, 0x63C7, 0x63E8, 0x63E9, 0x63EA, 0x63EA, 0x63EB, 0x63ED,
    0x6C0E, 0x6C2F, 0x6C30, 0x6C31, 0x6C32, 0x6C33, 0x6C54, 0x7455, 0x7476, 0x7477, 0x7498, 0x74B9, 0x74B9, 0x74DA, 0x74DB, 0x74FC,
    0x5BC1, 0x5BE2, 0x5BE3, 0x5BE3, 0x5BE4, 0x6404, 0x6405, 0x6406, 0x6406, 0x6407, 0x6408, 0x6409, 0x6409, 0x640A, 0x640B, 0x642C,
    0x642D, 0x6C4F, 0x6C70, 0x6C71, 0x6C72, 0x6C73, 0x7474, 0x7495, 0x7496, 0x74B7, 0x74B8, 0x74D9, 0x74DA, 0x7CFA, 0x7D1B, 0x7D3C,
    0x5C01, 0x5C02, 0x5C02, 0x5C03, 0x5C23, 0x5C24, 0x5C25, 0x6425, 0x6446, 0x6447, 0x6448, 0x6449, 0x6429, 0x642A, 0x644B, 0x644C,
    0x646D, 0x6C8F, 0x6C90, 0x6CB1, 0x6CB2, 0x74B3, 0x74B4, 0x74D5, 0x74D6, 0x74D7, 0x74F8, 0x74F9, 0x7D1A, 0x7D1A, 0x7D3B, 0x7D5C,
    0x5441, 0x5442, 0x5C42, 0x5C43, 0x5C63, 0x5C64, 0x5C64, 0x5C65, 0x5C66, 0x5C67, 0x5C68, 0x5C69, 0x6469, 0x646A, 0x646B, 0x648C,
    0x648D, 0x64AE, 0x6CD0, 0x6CD1, 0x6CF2, 0x74F3, 0x74F4, 0x74F5, 0x74F6, 0x7517, 0x7518, 0x7539, 0x7D39, 0x7D5A, 0x7D5B, 0x7D5C,
    0x5462, 0x5462, 0x5482, 0x5483, 0x5C83, 0x5CA4, 0x5CA4, 0x5CA5, 0x5CA6, 0x5CA7, 0x5C88, 0x5C88, 0x5C89, 0x648A, 0x64AB, 0x64AC,
    0x64AD, 0x64CE, 0x6CEF, 0x6D10, 0x6D12, 0x6D33, 0x7514, 0x7535, 0x7536, 0x7537, 0x7557, 0x7558, 0x7D59, 0x7D7A, 0x7D7B, 0x7D7C,
    0x54A2, 0x54A2, 0x54A2, 0x54C3, 0x54C3, 0x54C3, 0x5CE4, 0x5CE5, 0x5CE5, 0x5CC7, 0x5CC8, 0x5CC8, 0x5CC9, 0x5CCA, 0x64CB, 0x64CB,
    0x64EC, 0x64ED, 0x650E, 0x6D30, 0x6D31, 0x6D53, 0x7554, 0x7554, 0x7556, 0x7576, 0x7577, 0x7578, 0x7D99, 0x7D9A, 0x7D9B, 0x7D9C,
    0x4CE2, 0x4CE2, 0x54E2, 0x54E3, 0x5503, 0x5504, 0x5524, 0x5D24, 0x5D05, 0x5CE6, 0x5CE7, 0x5CE8, 0x5CE9, 0x5CEA, 0x64EA, 0x650B,
    0x5D0C, 0x5D0D, 0x652E, 0x654F, 0x6D51, 0x6D72, 0x6D93, 0x7595, 0x7595, 0x7596, 0x7597, 0x75B8, 0x7DB9, 0x7DDA, 0x7DDB, 0x7DDC,
    0x4D22, 0x4D42, 0x4D42, 0x4D43, 0x5543, 0x5564, 0x5564, 0x5D44, 0x5D45, 0x5D46, 0x5D47, 0x5D48, 0x5D49, 0x6549, 0x654A, 0x654B,
    0x654C, 0x5D4C, 0x5D6D, 0x656F, 0x6D91, 0x6DB2, 0x6DB3, 0x75D5, 0x75D6, 0x75D6, 0x75D7, 0x7DD8, 0x7DF9, 0x7DFA, 0x7DFB, 0x7E1C,
    0x4D62, 0x4D62, 0x4D82, 0x4D83, 0x4D83, 0x55A4, 0x5584, 0x5D84, 0x5D85, 0x5D86, 0x5D87, 0x5D67, 0x5D68, 0x6569, 0x656A, 0x656A,
    0x5D6B, 0x5D6C, 0x5D8D, 0x5DAE, 0x65B0, 0x6DD2, 0x6DF3, 0x6DF4, 0x7615, 0x7616, 0x75F7, 0x7618, 0x7E19, 0x7E1A, 0x7E3B, 0x7E3C,
    0x45C2, 0x45C2, 0x45C2, 0x4DC3, 0x4DE3, 0x55C4, 0x55C4, 0x5DC5, 0x5DC5, 0x5DC5, 0x5DA6, 0x5DA7, 0x5DA8, 0x65A9, 0x65A9, 0x65AA,
    0x5DAB, 0x5DAC, 0x55CD, 0x55CE, 0x55EF, 0x6611, 0x6E13, 0x6E34, 0x6E35, 0x7656, 0x7657, 0x7638, 0x7659, 0x7E5A, 0x7E5B, 0x7E5C,
    0x4602, 0x4602, 0x4602, 0x4623, 0x4E03, 0x5604, 0x5604, 0x5E05, 0x5E05, 0x5E05, 0x5DE6, 0x5DE6, 0x5DE7, 0x5DE8, 0x5DE9, 0x5DEA,
    0x5DEA, 0x55EB, 0x560C, 0x560D, 0x562F, 0x5E31, 0x6652, 0x6E54, 0x6E75, 0x6E76, 0x7697, 0x7698, 0x7679, 0x767A, 0x769B, 0x769C,
    0x4682, 0x4682, 0x4E83, 0x4E83, 0x4E63, 0x5644, 0x5644, 0x5E45, 0x5E45, 0x5E46, 0x5E46, 0x5E46, 0x5E47, 0x5E48, 0x5E49, 0x5E49,
    0x564A, 0x562B, 0x564C, 0x564D, 0x566F, 0x5690, 0x6692, 0x66B4, 0x6EB5, 0x6EB6, 0x76D7, 0x76D8, 0x76D9, 0x76DA, 0x76DB, 0x7EDC,
    0x4EE2, 0x4EE2, 0x4EC3, 0x4EA3, 0x4EA4, 0x56A4, 0x56A4, 0x5EA5, 0x5EA5, 0x5EA6, 0x5EA6, 0x5EA7, 0x5EA7, 0x5EA8, 0x5EA8, 0x56A9,
    0x56AA, 0x56AB, 0x56AC, 0x56AD, 0x56CE, 0x56D0, 0x56D2, 0x5EF4, 0x66F5, 0x66F6, 0x6EF7, 0x6F18, 0x7719, 0x6F1A, 0x76FB, 0x771C,
    0x4F42, 0x4F23, 0x4F03, 0x4F03, 0x5704, 0x56E4, 0x56E5, 0x56E5, 0x5EE5, 0x5EE6, 0x5EE6, 0x5EE7, 0x5EE7, 0x5EE8, 0x5EE8, 0x56E9,
    0x56EA, 0x56EB, 0x56EB, 0x570D, 0x570E, 0x5710, 0x5732, 0x5F33, 0x5F35, 0x6736, 0x6737, 0x6F58, 0x6F59, 0x6F5A, 0x6F5B, 0x6F3C,
    0x6862, 0x6882, 0x6883, 0x6884, 0x6884, 0x6885, 0x6885, 0x6886, 0x6887, 0x6888, 0x686A, 0x608B, 0x588C, 0x48AD, 0x30AD, 0x30AE,
    0x30AF, 0x30D0, 0x30D1, 0x30F2, 0x30F3, 0x38F4, 0x3915, 0x3916, 0x3937, 0x3938, 0x3959, 0x395A, 0x417B, 0x419B, 0x419C, 0x49BD,
    0x68A2, 0x68A2, 0x68A3, 0x68A4, 0x68A4, 0x68A5, 0x68A5, 0x68A6, 0x68A7, 0x68A8, 0x68AA, 0x60AB, 0x58AC, 0x48CD, 0x30CD, 0x30CE,
    0x30CF, 0x30F0, 0x30F1, 0x3112, 0x3113, 0x3914, 0x3935, 0x3936, 0x3957, 0x3958, 0x3979, 0x397A, 0x419B, 0x41BB, 0x41BC, 0x41DD,
    0x68C2, 0x68C2, 0x68C3, 0x68C4, 0x68C4, 0x68C5, 0x68C6, 0x68C6, 0x68C7, 0x68C8, 0x60C9, 0x60CB, 0x58EC, 0x48ED, 0x30ED, 0x30EE,
    0x310F, 0x3110, 0x3111, 0x3132, 0x3133, 0x3954, 0x3955, 0x3956, 0x3977, 0x3978, 0x3999, 0x399A, 0x41BB, 0x41BB, 0x41DC, 0x41FD,
    0x68E2, 0x68E2, 0x68E3, 0x68E4, 0x68E4, 0x68E5, 0x6906, 0x6906, 0x6907, 0x6908, 0x6109, 0x610B, 0x590C, 0x492D, 0x312D, 0x312E,
    0x312F, 0x3130, 0x3151, 0x3152, 0x3973, 0x3974, 0x3975, 0x3996, 0x3997, 0x39B8, 0x39B9, 0x39BA, 0x41DB, 0x41FB, 0x41FC, 0x4A1D,
    0x6902, 0x6902, 0x6903, 0x6904, 0x6924, 0x6925, 0x6926, 0x6926, 0x6927, 0x6948, 0x6949, 0x612B, 0x594C, 0x514D, 0x394D, 0x314E,
    0x316F, 0x3170, 0x3171, 0x3192, 0x3993, 0x3994, 0x39B5, 0x39B6, 0x39D7, 0x39D8, 0x39D9, 0x39FA, 0x41FB, 0x421B, 0x421C, 0x4A3D,
    0x6922, 0x6922, 0x6923, 0x6923, 0x6944, 0x6945, 0x6946, 0x6946, 0x6947, 0x6968, 0x6969, 0x696A, 0x616B, 0x598C, 0x418D, 0x398E,
    0x318F, 0x3190, 0x31B1, 0x39B2, 0x39B3, 0x39D4, 0x39D5, 0x39F6, 0x39F7, 0x39F8, 0x3A19, 0x421A, 0x421B, 0x423B, 0x423C, 0x4A5D,
    0x6942, 0x6942, 0x6963, 0x6963, 0x6964, 0x6965, 0x6965, 0x6966, 0x6967, 0x6988, 0x6988, 0x698A, 0x618B, 0x59AC, 0x51AD, 0x41AE,
    0x39AF, 0x39B0, 0x39D1, 0x39D2, 0x39F3, 0x39F4, 0x3A15, 0x3A16, 0x3A17, 0x3A38, 0x3A39, 0x423A, 0x425A, 0x425B, 0x425C, 0x4A7C,
    0x6982, 0x6982, 0x6983, 0x6983, 0x7184, 0x7185, 0x7185, 0x6986, 0x69A7, 0x69A8, 0x69A8, 0x69A9, 0x69AB, 0x61CC, 0x59CD, 0x49CD,
    0x41CE, 0x41EF, 0x39F0, 0x3A11, 0x3A13, 0x3A14, 0x3A35, 0x3A36, 0x3A57, 0x3A58, 0x4259, 0x427A, 0x427A, 0x429B, 0x4A9C, 0x4A9C,
    0x69A1, 0x69A2, 0x69A3, 0x69C3, 0x71C4, 0x71C4, 0x71C5, 0x71C6, 0x71C7, 0x71C8, 0x69C8, 0x69E9, 0x69EB, 0x69EC, 0x620D, 0x520E,
    0x4A0E, 0x4A0F, 0x4230, 0x4231, 0x3A33, 0x3A54, 0x3A55, 0x3A76, 0x4277, 0x4278, 0x4298, 0x4299, 0x42BA, 0x42BB, 0x4ABB, 0x4ADC,
    0x69E1, 0x69E2, 0x69E3, 0x71E3, 0x71E4, 0x7204, 0x7205, 0x7206, 0x7207, 0x7208, 0x7208, 0x7209, 0x720A, 0x6A0C, 0x6A2D, 0x5A2D,
    0x522E, 0x524F, 0x4A50, 0x4A51, 0x4272, 0x4273, 0x4275, 0x4295, 0x42B6, 0x42B7, 0x42B8, 0x42B9, 0x42DA, 0x4ADB, 0x4AFB, 0x4AFC,
    0x6A22, 0x6A22, 0x6A23, 0x7223, 0x7224, 0x7224, 0x7225, 0x7226, 0x7227, 0x7227, 0x7228, 0x7249, 0x724A, 0x724B, 0x6A4D, 0x624D,
    0x5A6E, 0x526F, 0x5270, 0x5291, 0x4A92, 0x4AB3, 0x42B4, 0x42B5, 0x42D6, 0x42D7, 0x42F8, 0x42F9, 0x4AFA, 0x4B1A, 0x4B1B, 0x4B3C,
    0x6A42, 0x6A42, 0x6A63, 0x6A63, 0x7264, 0x7264, 0x7265, 0x7266, 0x7266, 0x7267, 0x7268, 0x7269, 0x726A, 0x728B, 0x6A8C, 0x6A8D,
    0x5A8E, 0x5AAF, 0x5AB0, 0x5AB1, 0x52B2, 0x52D3, 0x52F4, 0x4AF5, 0x4AF6, 0x4B17, 0x4318, 0x4B39, 0x4B3A, 0x4B5A, 0x4B5B, 0x537C,
    0x6A82, 0x6A82, 0x6A83, 0x6AA4, 0x72A4, 0x72A4, 0x72A5, 0x72A6, 0x72A7, 0x72A7, 0x72A8, 0x72A9, 0x72AA, 0x72AB, 0x72CC, 0x6ACD,
    0x62CE, 0x62CF, 0x62F0, 0x5AF1, 0x5AF2, 0x5B13, 0x5B14, 0x5B35, 0x5336, 0x5357, 0x5358, 0x4B59, 0x4B7A, 0x4B7A, 0x4B9B, 0x539C,
    0x6AC2, 0x6AC3, 0x6AC3, 0x6AC4, 0x72C4, 0x72E5, 0x72E5, 0x72E6, 0x72E7, 0x72E7, 0x72E8, 0x72E9, 0x72EA, 0x72EB, 0x72EC, 0x730D,
    0x6B0E, 0x6B0F, 0x6310, 0x6331, 0x6332, 0x6353, 0x6354, 0x5B55, 0x5B76, 0x5B77, 0x5B98, 0x5B99, 0x5BBA, 0x5BBA, 0x5BDB, 0x53DC,
    0x6AE2, 0x6AE3, 0x6AE3, 0x6B04, 0x6B04, 0x7305, 0x7305, 0x7326, 0x7327, 0x7328, 0x7328, 0x7329, 0x732A, 0x732B, 0x732C, 0x734D,
    0x6B4E, 0x6B4F, 0x6B50, 0x6B71, 0x6B72, 0x6B73, 0x6394, 0x6395, 0x63B6, 0x63B7, 0x63D8, 0x63D9, 0x63FA, 0x63FA, 0x63FB, 0x641C,
    0x6B02, 0x6B22, 0x6B23, 0x6B24, 0x6B24, 0x6B25, 0x6B45, 0x6B46, 0x7347, 0x7347, 0x7348, 0x7349, 0x736A, 0x736B, 0x736C, 0x736D,
    0x738E, 0x738F, 0x7390, 0x7391, 0x6BB2, 0x6BB3, 0x6BD4, 0x6BD5, 0x6BF6, 0x6C17, 0x6C18, 0x6C39, 0x6C3A, 0x6C5A, 0x6C5B, 0x6C7C,
    0x6B42, 0x6B42, 0x6B63, 0x6B64, 0x6B64, 0x6B65, 0x6B65, 0x7386, 0x7387, 0x7387, 0x6B88, 0x6B89, 0x6B8A, 0x73AB, 0x73AC, 0x73AD,
    0x73AE, 0x73CF, 0x73D0, 0x73D1, 0x73F2, 0x73F3, 0x7414, 0x7415, 0x7436, 0x7437, 0x7458, 0x7459, 0x747A, 0x749A, 0x749B, 0x749C,
    0x6382, 0x6B82, 0x6B83, 0x6B83, 0x6BA4, 0x6BA5, 0x6BA5, 0x6BA6, 0x6BA7, 0x6BC7, 0x6BC8, 0x6BC9, 0x6BCA, 0x6BCB, 0x6BCC, 0x6BCD,
    0x73EE, 0x73EF, 0x73F0, 0x7411, 0x7412, 0x7413, 0x7434, 0x7455, 0x7456, 0x7477, 0x7478, 0x7C99, 0x7CBA, 0x7CBA, 0x7CBB, 0x7CDC,
    0x63A2, 0x63A2, 0x6BC3, 0x6BC3, 0x6BC4, 0x6BC4, 0x6BE5, 0x6BE6, 0x6BE7, 0x6BE7, 0x6BE8, 0x6BE9, 0x6BEA, 0x6BEB, 0x6BEC, 0x6BED,
    0x6C0E, 0x742F, 0x7430, 0x7431, 0x7432, 0x7453, 0x7454, 0x7C75, 0x7C76, 0x7C97, 0x7CB8, 0x7CB9, 0x7CD9, 0x7CDA, 0x7CFB, 0x7D1C,
    0x63E2, 0x63E2, 0x63E3, 0x63E3, 0x6C04, 0x6C04, 0x6C05, 0x6C06, 0x6C06, 0x6C07, 0x6C08, 0x6C09, 0x6C0A, 0x6C0B, 0x6C0B, 0x6C2C,
    0x6C2D, 0x744F, 0x7470, 0x7471, 0x7472, 0x7473, 0x7C94, 0x7C95, 0x7CB6, 0x7CB7, 0x7CD8, 0x7CD9, 0x7CFA, 0x7D1A, 0x853B, 0x853C,
    0x6402, 0x6402, 0x6422, 0x6423, 0x6424, 0x6C24, 0x6C45, 0x6C45, 0x6C46, 0x6C47, 0x6C48, 0x6C49, 0x6C4A, 0x6C4B, 0x6C4B, 0x6C4C,
    0x6C6D, 0x6C8E, 0x74B0, 0x74B1, 0x74B2, 0x7CB3, 0x7CB4, 0x7CD5, 0x7CD6, 0x7CF7, 0x7CF8, 0x7D19, 0x851A, 0x853A, 0x855B, 0x855C,
    0x6442, 0x6442, 0x6442, 0x6463, 0x6463, 0x6464, 0x6C84, 0x6C85, 0x6C86, 0x6C87, 0x6C88, 0x6C69, 0x6C6A, 0x6C6A, 0x6C6B, 0x6C8C,
    0x6C8D, 0x6CAE, 0x74D0, 0x74D1, 0x74F2, 0x7CF3, 0x7CF4, 0x7CF5, 0x7D16, 0x7D17, 0x7D38, 0x7D39, 0x8539, 0x855A, 0x855B, 0x857C,
    0x5C82, 0x5C82, 0x5C82, 0x6483, 0x64A3, 0x64A4, 0x64A4, 0x64A5, 0x64A6, 0x64A7, 0x64A8, 0x64A9, 0x64A9, 0x64AA, 0x64AB, 0x6CAC,
    0x6CCD, 0x6CCE, 0x6CEF, 0x7511, 0x7512, 0x7533, 0x7D34, 0x7D35, 0x7D36, 0x7D57, 0x7D58, 0x7D58, 0x8579, 0x857A, 0x857B, 0x859C,
    0x5CC2, 0x5CC2, 0x5CC2, 0x5CC3, 0x64C3, 0x64E4, 0x64E4, 0x64E5, 0x64E6, 0x64E7, 0x64C8, 0x64C8, 0x64C9, 0x64CA, 0x64CB, 0x6CEC,
    0x64EC, 0x6CED, 0x6D0E, 0x7530, 0x7551, 0x7553, 0x7D74, 0x7D55, 0x7D56, 0x7D77, 0x7D77, 0x7D98, 0x8599, 0x859A, 0x859B, 0x85BC,
    0x5CE2, 0x5CE2, 0x5D02, 0x5D03, 0x5D03, 0x5D04, 0x6524, 0x6524, 0x6505, 0x6507, 0x6507, 0x6508, 0x6509, 0x650A, 0x650B, 0x6D0B,
    0x6D0C, 0x650D, 0x652E, 0x6D4F, 0x7571, 0x7572, 0x7594, 0x7D95, 0x7D95, 0x7D96, 0x7DB7, 0x85B8, 0x85D9, 0x85DA, 0x85DB, 0x85FC,
    0x5D42, 0x5D42, 0x5D42, 0x5D43, 0x5D43, 0x5D64, 0x6564, 0x6564, 0x6545, 0x6546, 0x6547, 0x6548, 0x6549, 0x654A, 0x6D4A, 0x6D4B,
    0x6D4C, 0x6D4D, 0x654D, 0x6D6F, 0x6D91, 0x75B2, 0x75B3, 0x7DD5, 0x7DD6, 0x7DD6, 0x7DD7, 0x85F8, 0x85F9, 0x85FA, 0x861B, 0x861C,
    0x5582, 0x5582, 0x5582, 0x5583, 0x5D83, 0x5DA4, 0x5DA4, 0x6585, 0x6585, 0x6586, 0x6587, 0x6588, 0x6588, 0x6589, 0x6D6A, 0x6D6B,
    0x6D6B, 0x6D8C, 0x658D, 0x658E, 0x65B0, 0x75D1, 0x75F3, 0x7DF4, 0x7E16, 0x7E16, 0x7E17, 0x8618, 0x8619, 0x863A, 0x863B, 0x863C,
    0x55C2, 0x55C2, 0x55C2, 0x55C3, 0x55E3, 0x5DC4, 0x5DC4, 0x65C5, 0x65C5, 0x65C6, 0x65C6, 0x65C7, 0x65C8, 0x6DC9, 0x6DAA, 0x6DAA,
    0x6DAB, 0x65AC, 0x65AD, 0x65CE, 0x65EF, 0x6DF1, 0x7613, 0x7634, 0x7E35, 0x7E56, 0x7E57, 0x7E58, 0x8659, 0x865A, 0x865B, 0x867C,
    0x4E02, 0x4E02, 0x4E02, 0x5623, 0x5603, 0x5E04, 0x5E04, 0x6605, 0x6605, 0x6606, 0x6606, 0x6607, 0x6608, 0x6E08, 0x6E09, 0x6DEA,
    0x65EB, 0x65EB, 0x5E0C, 0x5E0D, 0x562F, 0x5E30, 0x6E52, 0x7654, 0x7675, 0x7E76, 0x7E97, 0x7E98, 0x7E79, 0x7E9A, 0x7E9B, 0x869C,
    0x4E82, 0x4E82, 0x4E83, 0x4E63, 0x5664, 0x5E64, 0x5E64, 0x6665, 0x6665, 0x6666, 0x6666, 0x6647, 0x6E47, 0x6E48, 0x6E49, 0x664A,
    0x664A, 0x5E4B, 0x5E4C, 0x564D, 0x566E, 0x5690, 0x6692, 0x6EB4, 0x76B5, 0x76B6, 0x7ED7, 0x7ED8, 0x7ED9, 0x7EDA, 0x86DB, 0x86DC,
    0x4EE2, 0x4EE2, 0x4EC3, 0x4EA3, 0x56A4, 0x56C4, 0x5EC5, 0x66C5, 0x66A5, 0x66A6, 0x6EA6, 0x6EA7, 0x6EA7, 0x6EA8, 0x66A8, 0x66A9,
    0x66AA, 0x5EAB, 0x5EAC, 0x56AD, 0x56CE, 0x5ED0, 0x5ED2, 0x6EF3, 0x6EF5, 0x76F6, 0x7717, 0x7F18, 0x7F19, 0x7F1A, 0x7F1B, 0x7F1C,
    0x4F22, 0x4F03, 0x4F03, 0x5704, 0x5704, 0x5704, 0x5F05, 0x5F05, 0x6706, 0x6706, 0x66E6, 0x66E7, 0x66E7, 0x66E8, 0x66E8, 0x66E9,
    0x5EEA, 0x5EEB, 0x5EEC, 0x5F0D, 0x5F0E, 0x5F0F, 0x5F31, 0x6733, 0x6F35, 0x6F36, 0x7757, 0x7758, 0x7759, 0x7F5A, 0x775B, 0x7F5C,
    0x7062, 0x7082, 0x7083, 0x7084, 0x7084, 0x7085, 0x7086, 0x7086, 0x7087, 0x7088, 0x7069, 0x686B, 0x688C, 0x588D, 0x48AE, 0x38AF,
    0x38AF, 0x38D0, 0x38D1, 0x38D2, 0x38F3, 0x38F4, 0x3915, 0x3916, 0x3917, 0x4138, 0x4159, 0x415A, 0x417B, 0x419B, 0x499C, 0x49BD,
    0x70A2, 0x70A2, 0x70A3, 0x70A4, 0x70A4, 0x70A5, 0x70A6, 0x70A6, 0x70A7, 0x70A8, 0x68A9, 0x688B, 0x68AC, 0x58CD, 0x48CE, 0x38CF,
    0x38CF, 0x38F0, 0x38F1, 0x38F2, 0x3913, 0x3914, 0x3935, 0x3936, 0x3937, 0x4158, 0x4159, 0x417A, 0x419B, 0x41BB, 0x49BC, 0x49DD,
    0x70C2, 0x70C2, 0x70C3, 0x70C4, 0x70C4, 0x70C5, 0x70C6, 0x70C6, 0x70C7, 0x70E8, 0x68C9, 0x68CB, 0x68CC, 0x60ED, 0x48EE, 0x390E,
    0x390F, 0x3910, 0x3911, 0x3932, 0x3933, 0x3934, 0x3955, 0x3956, 0x3977, 0x4178, 0x4199, 0x419A, 0x41BB, 0x41BB, 0x41DC, 0x49FD,
    0x70E2, 0x70E2, 0x70E3, 0x70E4, 0x70E4, 0x7105, 0x7106, 0x7106, 0x7107, 0x7108, 0x6909, 0x690B, 0x690C, 0x612D, 0x492E, 0x392E,
    0x392F, 0x3930, 0x3951, 0x3952, 0x3973, 0x3974, 0x3975, 0x3996, 0x3997, 0x41B8, 0x41B9, 0x41BA, 0x41DB, 0x41FB, 0x49FC, 0x4A1D,
    0x7102, 0x7102, 0x7103, 0x7104, 0x7124, 0x7125, 0x7126, 0x7126, 0x7127, 0x7148, 0x7149, 0x694A, 0x694C, 0x614D, 0x514E, 0x396E,
    0x396F, 0x3970, 0x3971, 0x3992, 0x3993, 0x3994, 0x39B5, 0x39B6, 0x39D7, 0x41D8, 0x41D9, 0x41FA, 0x41FB, 0x421B, 0x4A1C, 0x4A3D,
    0x7122, 0x7122, 0x7123, 0x7144, 0x7144, 0x7145, 0x7146, 0x7147, 0x7147, 0x7168, 0x7169, 0x716A, 0x696B, 0x618D, 0x598D, 0x418E,
    0x398F, 0x3990, 0x39B1, 0x39B2, 0x39B3, 0x39D4, 0x39D5, 0x39F6, 0x41F7, 0x41F8, 0x4219, 0x421A, 0x421B, 0x423B, 0x4A3C, 0x4A5D,
    0x7142, 0x7142, 0x7163, 0x7163, 0x7164, 0x7165, 0x7165, 0x7166, 0x7187, 0x7188, 0x7189, 0x71AA, 0x718B, 0x69AC, 0x61AD, 0x51AE,
    0x41AF, 0x39D0, 0x39D1, 0x39D2, 0x39F3, 0x39F4, 0x3A15, 0x3A16, 0x4217, 0x4238, 0x4239, 0x423A, 0x425B, 0x425B, 0x4A5C, 0x4A7D,
    0x7182, 0x7182, 0x7183, 0x7183, 0x7984, 0x7985, 0x7985, 0x79A6, 0x71A7, 0x71A8, 0x71A9, 0x71C9, 0x71CB, 0x69CC, 0x69CD, 0x59EE,
    0x49EF, 0x49EF, 0x41F0, 0x3A11, 0x3A13, 0x3A34, 0x4235, 0x4236, 0x4257, 0x4258, 0x4279, 0x427A, 0x427A, 0x4A9B, 0x4A9C, 0x4A9D,
    0x71A2, 0x71A2, 0x71A3, 0x71C3, 0x79C4, 0x79C4, 0x79C5, 0x79C6, 0x79C7, 0x79C8, 0x79C9, 0x71E9, 0x71EA, 0x71EC, 0x69ED, 0x620E,
    0x520F, 0x520F, 0x4A30, 0x4231, 0x4232, 0x4254, 0x4255, 0x4276, 0x4277, 0x4298, 0x4299, 0x4299, 0x42BA, 0x4ABB, 0x4ABC, 0x4ADC,
    0x71E1, 0x71E2, 0x79E3, 0x79E3, 0x79E4, 0x7A04, 0x7A05, 0x7A06, 0x7A07, 0x7A08, 0x7A09, 0x7A09, 0x7A0A, 0x722B, 0x722D, 0x6A2E,
    0x5A2E, 0x524F, 0x5250, 0x4A51, 0x4A72, 0x4273, 0x4294, 0x4295, 0x42B6, 0x42B7, 0x42B8, 0x4AD9, 0x4ADA, 0x4ADB, 0x4AFB, 0x4AFC,
    0x7221, 0x7222, 0x7A23, 0x7A23, 0x7A24, 0x7A24, 0x7A25, 0x7A26, 0x7A27, 0x7A27, 0x7A28, 0x7A29, 0x7A4A, 0x7A4B, 0x724D, 0x726E,
    0x626E, 0x5A6F, 0x5A70, 0x5291, 0x5292, 0x52B3, 0x4AB4, 0x4AD5, 0x42D6, 0x42D7, 0x4AF8, 0x4AF9, 0x4B1A, 0x4B1B, 0x4B1B, 0x533C,
    0x7242, 0x7242, 0x7263, 0x7A63, 0x7A64, 0x7A64, 0x7A65, 0x7A66, 0x7A66, 0x7A67, 0x7A68, 0x7A69, 0x7A6A, 0x7A8B, 0x7A8C, 0x728D,
    0x6A8E, 0x62AF, 0x5AB0, 0x5AB1, 0x5AB2, 0x5AD3, 0x5AF4, 0x52F5, 0x5316, 0x4B17, 0x4B18, 0x4B39, 0x4B3A, 0x4B5B, 0x535B, 0x537C,
    0x7282, 0x7282, 0x7283, 0x72A3, 0x7AA4, 0x7AA4, 0x7AA5, 0x7AA6, 0x7AA6, 0x7AA7, 0x7AA8, 0x7AA9, 0x7AAA, 0x7AAB, 0x7ACC, 0x7ACD,
    0x72CE, 0x6ACF, 0x62D0, 0x62F1, 0x62F2, 0x6313, 0x5B14, 0x5B35, 0x5B36, 0x5B57, 0x5358, 0x5379, 0x537A, 0x537A, 0x539B, 0x539C,
    0x72C2, 0x72C2, 0x72C3, 0x7AC4, 0x7AC4, 0x7AE5, 0x7AE5, 0x7AE6, 0x7AE7, 0x7AE7, 0x7AE8, 0x7AE9, 0x7AEA, 0x7AEB, 0x7AEC, 0x7B0D,
    0x730E, 0x6B0F, 0x6B10, 0x6B31, 0x6B32, 0x6353, 0x6354, 0x6355, 0x6376, 0x6377, 0x6398, 0x5B99, 0x5BBA, 0x5BBA, 0x5BDB, 0x5BDC,
    0x7302, 0x7303, 0x7303, 0x7304, 0x7B04, 0x7B05, 0x7B25, 0x7B26, 0x7B27, 0x7B27, 0x7B28, 0x7B29, 0x7B2A, 0x7B2B, 0x7B2C, 0x7B2D,
    0x7B4E, 0x734F, 0x7350, 0x6B71, 0x6B72, 0x6B73, 0x6B94, 0x6B95, 0x6BB6, 0x6BB7, 0x63D8, 0x63D9, 0x63DA, 0x63FA, 0x63FB, 0x641C,
    0x7322, 0x7322, 0x7323, 0x7324, 0x7344, 0x7B45, 0x7B45, 0x7B66, 0x7B67, 0x7B68, 0x7B68, 0x7B69, 0x7B6A, 0x7B6B, 0x7B6C, 0x7B6D,
    0x7B8E, 0x738F, 0x7390, 0x7391, 0x73B2, 0x73B3, 0x73D4, 0x6BD5, 0x6BF6, 0x6BF7, 0x6C18, 0x6C19, 0x6C3A, 0x6C3A, 0x6C5B, 0x6C5C,
    0x6B42, 0x7342, 0x7363, 0x7364, 0x7364, 0x7365, 0x7365, 0x7386, 0x7B87, 0x7B87, 0x7B88, 0x7B89, 0x7BAA, 0x7BAB, 0x7BAC, 0x7BAD,
    0x7BCE, 0x7BCF, 0x7BD0, 0x7BD1, 0x7BF2, 0x7BF3, 0x7414, 0x7415, 0x7436, 0x7437, 0x7458, 0x7479, 0x7C7A, 0x7C9A, 0x7C9B, 0x7C9C,
    0x6B82, 0x7382, 0x73A3, 0x73A4, 0x73A4, 0x73A5, 0x7BA5, 0x7BC6, 0x7BC7, 0x7BC8, 0x7BC8, 0x7BC9, 0x73CA, 0x7BCB, 0x7BCC, 0x7BED,
    0x7BEE, 0x7BEF, 0x7C10, 0x7C11, 0x7C12, 0x7C33, 0x7C34, 0x7C55, 0x7C56, 0x7C77, 0x7C98, 0x7C99, 0x7CBA, 0x7CBA, 0x7CDB, 0x7CDC,
    0x6BC2, 0x6BC2, 0x73C3, 0x73C3, 0x73E4, 0x73E5, 0x73E5, 0x73E6, 0x7BE7, 0x73E7, 0x7408, 0x7409, 0x740A, 0x740B, 0x740C, 0x740D,
    0x740E, 0x7C2F, 0x7C30, 0x7C51, 0x7C52, 0x7C53, 0x7C74, 0x7C75, 0x7C96, 0x8497, 0x84B8, 0x84D9, 0x84D9, 0x84FA, 0x84FB, 0x851C,
    0x6BE2, 0x6BE2, 0x6C03, 0x7403, 0x7404, 0x7404, 0x7405, 0x7426, 0x7427, 0x7427, 0x7428, 0x7429, 0x742A, 0x742B, 0x742C, 0x742D,
    0x742D, 0x744E, 0x7C70, 0x7C71, 0x7C72, 0x7C93, 0x8494, 0x8495, 0x84B6, 0x84D7, 0x84D8, 0x84F9, 0x851A, 0x851A, 0x853B, 0x8D5C,
    0x6C22, 0x6C22, 0x6C22, 0x6C23, 0x6C44, 0x7444, 0x7445, 0x7446, 0x7446, 0x7467, 0x7468, 0x7469, 0x744A, 0x744B, 0x746C, 0x746C,
    0x746D, 0x748E, 0x7CB0, 0x7CB1, 0x7CB2, 0x84B3, 0x84D4, 0x84D5, 0x84F6, 0x84F7, 0x84F8, 0x8519, 0x853A, 0x8D3A, 0x8D5B, 0x8D5C,
    0x6C62, 0x6C62, 0x6C62, 0x6C63, 0x6C63, 0x7484, 0x7485, 0x7485, 0x7486, 0x7487, 0x7488, 0x7489, 0x748A, 0x748B, 0x748B, 0x748C,
    0x748D, 0x74AE, 0x74CF, 0x7CF1, 0x7CF2, 0x7CF3, 0x84F4, 0x8515, 0x8516, 0x8517, 0x8538, 0x8539, 0x8D5A, 0x8D5A, 0x8D7B, 0x8D7C,
    0x6C82, 0x6C82, 0x6CA2, 0x6CA3, 0x6CA3, 0x6CA4, 0x6CC4, 0x74C5, 0x74C6, 0x74C7, 0x74A8, 0x74A9, 0x74AA, 0x6CAA, 0x6CAB, 0x6CAC,
    0x6CCD, 0x74CE, 0x74EF, 0x7D11, 0x7D32, 0x7D33, 0x8534, 0x8535, 0x8536, 0x8557, 0x8558, 0x8559, 0x8D79, 0x8D7A, 0x8D9B, 0x8D9C,
    0x64C2, 0x64C2, 0x64C2, 0x6CC3, 0x6CE3, 0x6CE4, 0x6CE4, 0x6CE5, 0x6CE6, 0x6CE7, 0x6CE8, 0x6CE9, 0x6CE9, 0x6CEA, 0x6CEB, 0x6CEC,
    0x6CED, 0x6D0D, 0x750E, 0x7530, 0x7D51, 0x7D53, 0x8574, 0x8575, 0x8576, 0x8577, 0x8578, 0x8598, 0x8599, 0x8D9A, 0x8DBB, 0x8DBC,
    0x6502, 0x6502, 0x6502, 0x6503, 0x6503, 0x6D24, 0x6D24, 0x6D24, 0x6D25, 0x6D07, 0x6D08, 0x6D08, 0x6D09, 0x6D0A, 0x6D0B, 0x6D0B,
    0x6D2C, 0x6D2D, 0x6D2E, 0x754F, 0x7D71, 0x7D92, 0x7D94, 0x85B5, 0x8596, 0x85B7, 0x85B8, 0x8DB8, 0x8DD9, 0x8DDA, 0x8DFB, 0x8DFC,
    0x6542, 0x6542, 0x6543, 0x6543, 0x6563, 0x6D64, 0x6D64, 0x6D65, 0x6D65, 0x6D66, 0x6D67, 0x6D68, 0x6D49, 0x6D4A, 0x6D4B, 0x6D4B,
    0x754C, 0x6D4D, 0x6D6E, 0x6D6F, 0x7590, 0x7DB2, 0x7DD3, 0x85D5, 0x85F6, 0x85D6, 0x85F7, 0x8DF8, 0x8DF9, 0x8E1A, 0x8E1B, 0x8E1C,
    0x6582, 0x6582, 0x6583, 0x6583, 0x65A3, 0x65A4, 0x6DA4, 0x6DA5, 0x6DA5, 0x6DA6, 0x6DA7, 0x6D88, 0x6D89, 0x6D89, 0x6D8A, 0x758B,
    0x758C, 0x758C, 0x6D8D, 0x6D8E, 0x6DB0, 0x75D1, 0x7DF3, 0x85F4, 0x8616, 0x8617, 0x8617, 0x8E18, 0x8E39, 0x8E3A, 0x8E3B, 0x8E5C,
    0x5DC2, 0x5DC2, 0x5DC3, 0x65C3, 0x65E3, 0x65C4, 0x65C4, 0x6DC5, 0x6DE5, 0x6DE6, 0x6DE6, 0x6DC7, 0x6DC8, 0x6DC9, 0x6DCA, 0x75CB,
    0x75CB, 0x75CC, 0x6DCD, 0x6DCE, 0x6DEF, 0x6DF1, 0x7E12, 0x7E34, 0x8635, 0x8656, 0x8657, 0x8658, 0x8E59, 0x8E5A, 0x8E7B, 0x8E7C,
    0x5E02, 0x5E22, 0x5E23, 0x5E23, 0x5E04, 0x6604, 0x6604, 0x6605, 0x6E25, 0x6E26, 0x6E26, 0x6E07, 0x6E08, 0x6E09, 0x6E09, 0x760A,
    0x760B, 0x6E0C, 0x6E0C, 0x6E0D, 0x660E, 0x6630, 0x7652, 0x7E54, 0x7E75, 0x8676, 0x8697, 0x8698, 0x8699, 0x869A, 0x869B, 0x8E9C,
    0x5682, 0x5682, 0x5683, 0x5E63, 0x5E64, 0x6664, 0x6685, 0x6685, 0x6E85, 0x6E86, 0x6E86, 0x6E67, 0x6E67, 0x6E68, 0x7669, 0x766A,
    0x766B, 0x6E4C, 0x6E4C, 0x664D, 0x5E6E, 0x5E70, 0x6691, 0x7694, 0x7EB5, 0x7EB6, 0x86D7, 0x86D9, 0x86D9, 0x86DA, 0x8EDB, 0x8EDC,
    0x56E2, 0x56E2, 0x56C3, 0x56C3, 0x5EC4, 0x5EC4, 0x66C5, 0x66C5, 0x6EC6, 0x6EC6, 0x6EC6, 0x6EC7, 0x76C7, 0x76A8, 0x76A9, 0x76AA,
    0x6EAB, 0x6EAB, 0x66AC, 0x5EAD, 0x5EAE, 0x5ECF, 0x5ED1, 0x6EF3, 0x76F5, 0x7EF6, 0x7F17, 0x8718, 0x871A, 0x871A, 0x871B, 0x871C,
    0x5722, 0x5703, 0x5703, 0x5704, 0x5704, 0x5F04, 0x5F05, 0x6705, 0x6F06, 0x6F06, 0x6F07, 0x6F07, 0x6F08, 0x6F08, 0x6F08, 0x6F09,
    0x6F0A, 0x6F0B, 0x670C, 0x5F0D, 0x5F0E, 0x5F0F, 0x5F31, 0x6733, 0x7735, 0x7736, 0x7F57, 0x7F58, 0x8759, 0x875A, 0x875B, 0x875C,
    0x7862, 0x7882, 0x7883, 0x7884, 0x7884, 0x7885, 0x7886, 0x7886, 0x7887, 0x7888, 0x7889, 0x706B, 0x706C, 0x688D, 0x60AE, 0x48AF,
    0x38D0, 0x38D0, 0x38D1, 0x38D2, 0x38F3, 0x40F4, 0x4115, 0x4116, 0x4117, 0x4138, 0x4139, 0x415A, 0x417A, 0x499B, 0x499C, 0x49BD,
    0x78A2, 0x78A2, 0x78A3, 0x78A4, 0x78A4, 0x78A5, 0x78A6, 0x78A6, 0x78A7, 0x78A8, 0x78A9, 0x70AB, 0x708C, 0x68AD, 0x60CE, 0x48CF,
    0x38F0, 0x38F0, 0x38F1, 0x38F2, 0x3913, 0x4114, 0x4135, 0x4136, 0x4137, 0x4158, 0x4159, 0x417A, 0x419B, 0x499B, 0x49BC, 0x49DD,
    0x78C2, 0x78C2, 0x78C3, 0x78C4, 0x78C4, 0x78C5, 0x78C6, 0x78C6, 0x78C7, 0x78E8, 0x78C9, 0x70CB, 0x70CC, 0x68ED, 0x60EE, 0x490F,
    0x3910, 0x3910, 0x3911, 0x3932, 0x3933, 0x4134, 0x4155, 0x4156, 0x4177, 0x4178, 0x4199, 0x419A, 0x41BA, 0x49BB, 0x49DC, 0x49FD,
    0x78E2, 0x78E2, 0x78E3, 0x78E4, 0x78E4, 0x7905, 0x7906, 0x7907, 0x7907, 0x7908, 0x7909, 0x710A, 0x710C, 0x690D, 0x612E, 0x512F,
    0x392F, 0x3930, 0x3951, 0x3952, 0x3953, 0x4174, 0x4175, 0x4196, 0x4197, 0x41B8, 0x41B9, 0x41BA, 0x41DB, 0x49FC, 0x49FC, 0x4A1D,
    0x7902, 0x7902, 0x7903, 0x7924, 0x7924, 0x7925, 0x7926, 0x7927, 0x7927, 0x7948, 0x7949, 0x714A, 0x714C, 0x694D, 0x614E, 0x516F,
    0x416F, 0x3970, 0x3971, 0x3972, 0x4193, 0x4194, 0x41B5, 0x41B6, 0x41D7, 0x41D8, 0x41D9, 0x41FA, 0x41FB, 0x4A1B, 0x4A1C, 0x4A3D,
    0x7922, 0x7922, 0x7923, 0x7944, 0x7944, 0x7945, 0x7946, 0x7947, 0x7947, 0x7968, 0x7969, 0x796A, 0x716B, 0x716D, 0x698E, 0x598F,
    0x418F, 0x3990, 0x3991, 0x41B2, 0x41B3, 0x41D4, 0x41D5, 0x41F6, 0x41F7, 0x41F8, 0x4219, 0x421A, 0x421B, 0x4A3B, 0x4A3C, 0x4A5D,
    0x7942, 0x7942, 0x7963, 0x7963, 0x7964, 0x7965, 0x7966, 0x7966, 0x7987, 0x7988, 0x7989, 0x79A9, 0x79AB, 0x71AC, 0x69AD, 0x61CE,
    0x51CF, 0x41D0, 0x41D1, 0x41D2, 0x41F3, 0x41F4, 0x4215, 0x4216, 0x4237, 0x4238, 0x4239, 0x423A, 0x4A5B, 0x4A5B, 0x4A5C, 0x4A7D,
    0x7982, 0x7982, 0x7983, 0x7983, 0x8184, 0x8185, 0x8185, 0x81A6, 0x79A7, 0x79A8, 0x79A9, 0x79C9, 0x79CB, 0x79CC, 0x71CD, 0x69EE,
    0x59EF, 0x51F0, 0x49F1, 0x4211, 0x4213, 0x4234, 0x4235, 0x4256, 0x4257, 0x4258, 0x4279, 0x427A, 0x4A7A, 0x4A9B, 0x4A9C, 0x4ABD,
    0x79A2, 0x79A2, 0x79A3, 0x81C3, 0x81C4, 0x81C5, 0x81C5, 0x81C6, 0x81C7, 0x81C8, 0x81E9, 0x79E9, 0x79EA, 0x79EC, 0x7A0D, 0x720E,
    0x620F, 0x5A30, 0x5230, 0x4A31, 0x4A52, 0x4254, 0x4255, 0x4276, 0x4277, 0x4298, 0x4299, 0x4ABA, 0x4ABA, 0x4ABB, 0x4ADC, 0x4ADD,
    0x79E2, 0x79E2, 0x81E3, 0x81E3, 0x81E4, 0x81E4, 0x8205, 0x8206, 0x8207, 0x8208, 0x8209, 0x8209, 0x820A, 0x7A2B, 0x7A2D, 0x722E,
    0x6A4F, 0x624F, 0x5A50, 0x5251, 0x5272, 0x4A73, 0x4294, 0x4295, 0x42B6, 0x4AB7, 0x4AD8, 0x4AD9, 0x4ADA, 0x4AFB, 0x4AFC, 0x52FC,
    0x7A01, 0x7A02, 0x8223, 0x8223, 0x8224, 0x8224, 0x8225, 0x8226, 0x8227, 0x8228, 0x8228, 0x8249, 0x824A, 0x824B, 0x7A4C, 0x7A4E,
    0x726F, 0x6A6F, 0x6290, 0x5A91, 0x5A92, 0x52B3, 0x52B4, 0x52D5, 0x4AD6, 0x4AF7, 0x4AF8, 0x4AF9, 0x4B1A, 0x4B1B, 0x531B, 0x533C,
    0x7A41, 0x7A42, 0x8243, 0x8263, 0x8264, 0x8264, 0x8265, 0x8266, 0x8266, 0x8267, 0x8268, 0x8269, 0x826A, 0x828B, 0x828C, 0x828D,
    0x7A8F, 0x6AAF, 0x62B0, 0x62B1, 0x62D2, 0x5AD3, 0x5AF4, 0x5AF5, 0x5B16, 0x5317, 0x5338, 0x4B39, 0x535A, 0x535B, 0x535B, 0x537C,
    0x7A82, 0x7A82, 0x7A83, 0x82A3, 0x82A4, 0x82A4, 0x82A5, 0x82A6, 0x82A6, 0x82A7, 0x82A8, 0x82A9, 0x82AA, 0x82AB, 0x82AC, 0x82CD,
    0x7ACE, 0x72CF, 0x6AD0, 0x6AF1, 0x62F2, 0x6313, 0x6314, 0x6335, 0x6336, 0x5B57, 0x5B58, 0x5B79, 0x5B7A, 0x5B9A, 0x539B, 0x539C,
    0x7AC2, 0x7AC2, 0x7AC3, 0x82C3, 0x82E4, 0x82E4, 0x82E5, 0x82E6, 0x82E6, 0x82E7, 0x82E8, 0x82C9, 0x82EA, 0x82EB, 0x82EC, 0x830D,
    0x830E, 0x7B0F, 0x7310, 0x6B31, 0x6B32, 0x6B53, 0x6B54, 0x6B75, 0x6B76, 0x6377, 0x6398, 0x6399, 0x63BA, 0x63BA, 0x63BB, 0x5BDC,
    0x7B02, 0x7B02, 0x7B03, 0x8304, 0x8304, 0x8325, 0x8325, 0x8326, 0x8327, 0x8327, 0x8328, 0x8329, 0x832A, 0x832B, 0x832C, 0x832D,
    0x834E, 0x7B4F, 0x7350, 0x7351, 0x7372, 0x7373, 0x6B94, 0x6B95, 0x6BB6, 0x6BB7, 0x6BD8, 0x6BD9, 0x6BD9, 0x6BFA, 0x6BFB, 0x63FC,
    0x7B22, 0x7B43, 0x7B43, 0x8344, 0x8344, 0x8345, 0x8365, 0x8366, 0x8367, 0x8367, 0x8368, 0x8369, 0x836A, 0x836B, 0x836C, 0x836D,
    0x838E, 0x838F, 0x7B90, 0x7B91, 0x73B2, 0x73B3, 0x73D4, 0x73D5, 0x73F6, 0x73F7, 0x7418, 0x7419, 0x743A, 0x743A, 0x743B, 0x745C,
    0x7B62, 0x7B62, 0x7B63, 0x7B64, 0x7B84, 0x8385, 0x8386, 0x8386, 0x83A7, 0x83A8, 0x83A8, 0x83A9, 0x83AA, 0x83AB, 0x83AC, 0x83AD,
    0x83CE, 0x83CF, 0x83D0, 0x7BD1, 0x7BF2, 0x7BF3, 0x7BF4, 0x7C15, 0x7C16, 0x7C37, 0x7C38, 0x7C59, 0x7C79, 0x7C7A, 0x7C7B, 0x7C9C,
    0x7382, 0x7B82, 0x7B83, 0x7BA4, 0x7BA4, 0x7BA5, 0x7BA6, 0x83C6, 0x83C7, 0x83C8, 0x83C8, 0x83C9, 0x83EA, 0x83EB, 0x83EC, 0x83ED,
    0x83EE, 0x840F, 0x8410, 0x8411, 0x8432, 0x8433, 0x8434, 0x8455, 0x8456, 0x8477, 0x8498, 0x8499, 0x84BA, 0x84BA, 0x84DB, 0x84DC,
    0x73C2, 0x7BC2, 0x7BE3, 0x7BE3, 0x7BE4, 0x7BE5, 0x7BE5, 0x8406, 0x8407, 0x8408, 0x8408, 0x8409, 0x840A, 0x840B, 0x840C, 0x840D,
    0x842E, 0x842F, 0x8430, 0x8451, 0x8452, 0x8473, 0x8474, 0x8495, 0x8496, 0x84B7, 0x84B8, 0x84D9, 0x84D9, 0x84FA, 0x84FB, 0x8D1C,
    0x7402, 0x7402, 0x7C03, 0x7C03, 0x7C04, 0x7C25, 0x7C25, 0x7C26, 0x8427, 0x8427, 0x8448, 0x7C49, 0x7C4A, 0x7C4B, 0x7C4C, 0x7C4D,
    0x7C4E, 0x7C4F, 0x8470, 0x8491, 0x8492, 0x8493, 0x8C94, 0x8CB5, 0x8CB6, 0x8CD7, 0x8CF8, 0x8CF9, 0x8D1A, 0x8D3A, 0x8D3B, 0x8D5C,
    0x7422, 0x7422, 0x7423, 0x7443, 0x7C44, 0x7C44, 0x7C45, 0x7C66, 0x7C66, 0x7C67, 0x7C68, 0x7C69, 0x7C6A, 0x7C6B, 0x7C6C, 0x7C6D,
    0x7C6D, 0x7C8E, 0x7C8F, 0x84B1, 0x84D2, 0x8CD3, 0x8CD4, 0x8CD5, 0x8CF6, 0x8CF7, 0x8D18, 0x8D39, 0x8D3A, 0x8D5A, 0x8D5B, 0x8D7C,
    0x7462, 0x7462, 0x7462, 0x7483, 0x7C83, 0x7C84, 0x7C85, 0x7CA5, 0x7CA6, 0x7CA7, 0x7CA8, 0x7CA9, 0x7C8A, 0x7C8B, 0x7CAC, 0x7CAC,
    0x7CAD, 0x7CAE, 0x7CCF, 0x84F1, 0x84F2, 0x8513, 0x8D14, 0x8D15, 0x8D16, 0x8D37, 0x8D38, 0x8D59, 0x8D5A, 0x8D7A, 0x8D7B, 0x8D9C,
    0x74A2, 0x74A2, 0x74A2, 0x74A3, 0x74C3, 0x74C4, 0x7CC4, 0x7CC5, 0x7CC6, 0x7CC7, 0x7CC8, 0x7CC9, 0x7CCA, 0x7CCB, 0x7CCB, 0x74CC,
    0x74CD, 0x74CE, 0x7CEF, 0x7D10, 0x8532, 0x8533, 0x8D34, 0x8D35, 0x8D56, 0x8D57, 0x8D58, 0x8D79, 0x8D79, 0x8D7A, 0x8D9B, 0x8DBC,
    0x74C2, 0x74E2, 0x74E2, 0x74E3, 0x74E3, 0x74E4, 0x7504, 0x7D05, 0x7D06, 0x7D07, 0x7CE8, 0x7CE9, 0x7CEA, 0x7CEA, 0x74EB, 0x74EC,
    0x74ED, 0x750E, 0x750F, 0x7D30, 0x8551, 0x8553, 0x8D74, 0x8D75, 0x8D76, 0x8D77, 0x8D98, 0x8D98, 0x8D99, 0x8DBA, 0x95BB, 0x95DC,
    0x6D02, 0x6D02, 0x6D03, 0x6D03, 0x7523, 0x7524, 0x7524, 0x7544, 0x7526, 0x7527, 0x7528, 0x7528, 0x7529, 0x752A, 0x752B, 0x752C,
    0x752D, 0x752D, 0x754E, 0x754F, 0x7D71, 0x8592, 0x85B4, 0x8DB5, 0x8DB6, 0x8DB7, 0x8DB8, 0x95D9, 0x95D9, 0x95FA, 0x95FB, 0x95FC,
    0x6D62, 0x6D62, 0x6D63, 0x6D63, 0x7563, 0x7564, 0x7584, 0x7565, 0x7565, 0x7566, 0x7567, 0x7568, 0x7569, 0x756A, 0x756B, 0x756C,
    0x756C, 0x756D, 0x756E, 0x756F, 0x7D90, 0x85B2, 0x85D3, 0x8DD5, 0x8DF6, 0x8DF7, 0x8DF8, 0x95F9, 0x9619, 0x961A, 0x961B, 0x963C,
    0x6DA2, 0x6DA2, 0x6DA3, 0x6DA3, 0x6DA3, 0x6DA4, 0x75A4, 0x75A5, 0x75A5, 0x75A6, 0x75A7, 0x75A8, 0x75A9, 0x75AA, 0x758B, 0x758B,
    0x758C, 0x7D8D, 0x758D, 0x75AE, 0x75B0, 0x7DD1, 0x85F3, 0x8614, 0x8E16, 0x8E37, 0x8E17, 0x8E38, 0x9639, 0x963A, 0x965B, 0x965C,
    0x6DE2, 0x6DE2, 0x6DE3, 0x6DE3, 0x6DE3, 0x6DC4, 0x6DC4, 0x75E5, 0x75E5, 0x75E6, 0x75E6, 0x75E7, 0x75E8, 0x75E9, 0x75CA, 0x75CB,
    0x7DCC, 0x7DCD, 0x7DCD, 0x75CE, 0x75EF, 0x75F0, 0x7E12, 0x8634, 0x8E35, 0x8E57, 0x8E58, 0x8E58, 0x8E59, 0x8E7A, 0x8E7B, 0x967C,
    0x6622, 0x6E22, 0x6E23, 0x6E23, 0x6E04, 0x6E04, 0x6E24, 0x6E25, 0x7625, 0x7626, 0x7626, 0x7627, 0x7628, 0x7629, 0x762A, 0x760B,
    0x7E0B, 0x7E0C, 0x760D, 0x760D, 0x760E, 0x6E30, 0x7651, 0x8654, 0x8675, 0x8E76, 0x8E97, 0x8E98, 0x8E99, 0x8E9A, 0x8E9B, 0x96BC,
    0x6682, 0x6682, 0x6683, 0x6E63, 0x6E64, 0x6E84, 0x6E85, 0x6E85, 0x7685, 0x7686, 0x7686, 0x7687, 0x7688, 0x7688, 0x7669, 0x7E6A,
    0x7E6B, 0x7E6C, 0x766D, 0x766D, 0x6E6E, 0x6E6F, 0x6E91, 0x7E93, 0x86B5, 0x8EB6, 0x8ED7, 0x8ED9, 0x8EDA, 0x8EDA, 0x8EDB, 0x96FC,
    0x66E2, 0x66E2, 0x66C3, 0x66C4, 0x66C4, 0x66C4, 0x6EC5, 0x6EC5, 0x76C6, 0x76C6, 0x76C7, 0x76C7, 0x76C7, 0x76C8, 0x7EC9, 0x7ECA,
    0x7ECB, 0x7ECC, 0x76CC, 0x6ECD, 0x6ECE, 0x66CF, 0x66D1, 0x6EF3, 0x7EF5, 0x86F6, 0x8717, 0x8F18, 0x8F1A, 0x8F1A, 0x8F1B, 0x8F1C,
    0x5F22, 0x5F03, 0x5F03, 0x5F04, 0x6704, 0x6705, 0x6705, 0x6F05, 0x6F26, 0x7726, 0x7707, 0x7707, 0x7708, 0x7708, 0x7F09, 0x7F0A,
    0x7F0B, 0x770C, 0x770C, 0x6F0D, 0x670E, 0x670F, 0x6731, 0x6732, 0x7F35, 0x8756, 0x8757, 0x8758, 0x8F5A, 0x8F5A, 0x8F5B, 0x8F5C,
    0x8062, 0x8082, 0x8083, 0x8084, 0x8084, 0x8085, 0x8086, 0x8086, 0x8087, 0x8088, 0x8089, 0x808B, 0x786C, 0x786D, 0x708E, 0x60AF,
    0x48D0, 0x40D1, 0x40D1, 0x40D2, 0x40F3, 0x40F4, 0x4115, 0x4116, 0x4117, 0x4138, 0x4939, 0x495A, 0x497A, 0x497B, 0x499C, 0x51BD,
    0x80A2, 0x80A2, 0x80A3, 0x80A4, 0x80A4, 0x80A5, 0x80A6, 0x80A6, 0x80A7, 0x80A8, 0x80A9, 0x80AA, 0x788C, 0x78AD, 0x70AE, 0x60CF,
    0x48F0, 0x40F1, 0x40F1, 0x40F2, 0x4113, 0x4114, 0x4135, 0x4136, 0x4137, 0x4158, 0x4959, 0x497A, 0x499A, 0x499B, 0x49BC, 0x51DD,
    0x80C2, 0x80C2, 0x80C3, 0x80C4, 0x80C4, 0x80C5, 0x80C6, 0x80C6, 0x80C7, 0x80C8, 0x80E9, 0x80CA, 0x78CC, 0x78CD, 0x70EE, 0x60EF,
    0x5110, 0x4111, 0x4111, 0x4132, 0x4133, 0x4134, 0x4155, 0x4156, 0x4177, 0x4178, 0x4999, 0x499A, 0x499A, 0x49BB, 0x49DC, 0x51FD,
    0x80E2, 0x80E2, 0x80E3, 0x80E4, 0x80E4, 0x8105, 0x8106, 0x8107, 0x8107, 0x8108, 0x8109, 0x810A, 0x790C, 0x790D, 0x710E, 0x692F,
    0x5130, 0x4151, 0x4151, 0x4152, 0x4153, 0x4174, 0x4175, 0x4196, 0x4197, 0x41B8, 0x49B9, 0x49BA, 0x49DB, 0x49DB, 0x49FC, 0x521D,
    0x8102, 0x8102, 0x8103, 0x8124, 0x8124, 0x8125, 0x8126, 0x8127, 0x8127, 0x8148, 0x8149, 0x814A, 0x794C, 0x792D, 0x714E, 0x696F,
    0x5970, 0x4170, 0x4171, 0x4172, 0x4193, 0x4194, 0x41B5, 0x41B6, 0x41D7, 0x49D8, 0x49D9, 0x49FA, 0x49FB, 0x49FB, 0x4A1C, 0x523D,
    0x8122, 0x8122, 0x8123, 0x8144, 0x8144, 0x8145, 0x8146, 0x8147, 0x8167, 0x8168, 0x8169, 0x818A, 0x796B, 0x796D, 0x718E, 0x698F,
    0x5990, 0x49B0, 0x41B1, 0x41B2, 0x41B3, 0x41D4, 0x41D5, 0x41F6, 0x41F7, 0x49F8, 0x4A19, 0x4A1A, 0x4A1B, 0x4A3B, 0x4A3C, 0x525D,
    0x8142, 0x8142, 0x8163, 0x8164, 0x8164, 0x8165, 0x8166, 0x8186, 0x8187, 0x8188, 0x8189, 0x81AA, 0x81AB, 0x79AC, 0x79AE, 0x71CF,
    0x61D0, 0x51D0, 0x49D1, 0x41D2, 0x41F3, 0x41F4, 0x4215, 0x4216, 0x4237, 0x4A38, 0x4A39, 0x4A5A, 0x4A5A, 0x4A5B, 0x4A7C, 0x527D,
    0x8182, 0x8182, 0x8183, 0x8183, 0x8984, 0x8985, 0x89A5, 0x89A6, 0x81A7, 0x81A8, 0x81A9, 0x81CA, 0x81CA, 0x81CC, 0x79ED, 0x71EE,
    0x69EF, 0x5A10, 0x5211, 0x4A12, 0x4213, 0x4234, 0x4235, 0x4256, 0x4A57, 0x4A58, 0x4A79, 0x4A7A, 0x4A9A, 0x4A9B, 0x4A9C, 0x52BD,
    0x81A2, 0x81A2, 0x81A3, 0x89A3, 0x89C4, 0x89C5, 0x89C5, 0x89C6, 0x89C7, 0x89C8, 0x89E9, 0x81EA, 0x820A, 0x820C, 0x820D, 0x7A0E,
    0x722F, 0x6A30, 0x5A31, 0x5231, 0x4A52, 0x4A53, 0x4A75, 0x4A76, 0x4A77, 0x4A98, 0x4A99, 0x4ABA, 0x4ABA, 0x4ABB, 0x52DC, 0x52DD,
    0x81E2, 0x89E2, 0x89E3, 0x89E3, 0x89E4, 0x89E4, 0x89E5, 0x8A06, 0x8A07, 0x8A08, 0x8A09, 0x8A0A, 0x8A2A, 0x822B, 0x822D, 0x822E,
    0x7A4F, 0x7250, 0x6250, 0x5A71, 0x5A72, 0x5273, 0x4A94, 0x4AB5, 0x4AB6, 0x4AB7, 0x4AD8, 0x4AD9, 0x4ADA, 0x52FB, 0x52FC, 0x52FC,
    0x8201, 0x8202, 0x8A23, 0x8A23, 0x8A24, 0x8A24, 0x8A25, 0x8A26, 0x8A27, 0x8A28, 0x8A28, 0x8A49, 0x8A4A, 0x8A4B, 0x8A6C, 0x826E,
    0x826F, 0x7A90, 0x6A90, 0x6291, 0x6292, 0x5AB3, 0x5AB4, 0x52D5, 0x52D6, 0x4AF7, 0x4AF8, 0x4B19, 0x531A, 0x531B, 0x533B, 0x533C,
    0x8241, 0x8242, 0x8A43, 0x8A63, 0x8A64, 0x8A64, 0x8A65, 0x8A66, 0x8A67, 0x8A67, 0x8A68, 0x8A69, 0x8A6A, 0x8A8B, 0x8A8C, 0x8A8D,
    0x828F, 0x7AB0, 0x72B1, 0x6AB1, 0x62D2, 0x62D3, 0x62F4, 0x62F5, 0x5B16, 0x5B17, 0x5B38, 0x5339, 0x535A, 0x535B, 0x537B, 0x537C,
    0x8281, 0x8282, 0x8A83, 0x8A83, 0x8AA4, 0x8AA4, 0x8AA5, 0x8AA6, 0x8AA6, 0x8AA7, 0x8AA8, 0x8AA9, 0x8AAA, 0x8AAB, 0x8AAC, 0x8ACD,
    0x8ACF, 0x82D0, 0x7AF1, 0x6AF1, 0x6AF2, 0x6B13, 0x6B14, 0x6B35, 0x6336, 0x6357, 0x6358, 0x6379, 0x5B7A, 0x5B9A, 0x5B9B, 0x5B9C,
    0x82C2, 0x82C2, 0x8AC3, 0x8AC3, 0x8AC4, 0x8AE4, 0x8AE5, 0x8AE6, 0x8AE6, 0x8AE7, 0x8AC8, 0x8AC9, 0x8ACA, 0x8AEB, 0x8AEC, 0x8B0D,
    0x8B0E, 0x830F, 0x7B10, 0x7331, 0x7332, 0x7353, 0x6B54, 0x6B75, 0x6B76, 0x6B97, 0x6B98, 0x6BB9, 0x6BBA, 0x63BA, 0x63DB, 0x63DC,
    0x8302, 0x8302, 0x8B03, 0x8B03, 0x8B04, 0x8B25, 0x8B25, 0x8B26, 0x8B26, 0x8B27, 0x8B28, 0x8B29, 0x8B0A, 0x8B0B, 0x8B2C, 0x8B2D,
    0x8B4E, 0x8B4F, 0x8350, 0x7B51, 0x7372, 0x7373, 0x7394, 0x7395, 0x73B6, 0x73B7, 0x73D8, 0x6BD9, 0x6BD9, 0x6BFA, 0x6BFB, 0x6C1C,
    0x8342, 0x8342, 0x8343, 0x8B44, 0x8B44, 0x8B45, 0x8B65, 0x8B66, 0x8B67, 0x8B67, 0x8B68, 0x8B69, 0x8B6A, 0x8B6B, 0x8B6C, 0x8B6D,
    0x8B8E, 0x8B8F, 0x8390, 0x7B91, 0x7BB2, 0x7BB3, 0x7BB4, 0x7BD5, 0x7BD6, 0x7BF7, 0x7418, 0x7419, 0x7439, 0x743A, 0x743B, 0x745C,
    0x8362, 0x8362, 0x8383, 0x8B84, 0x8B84, 0x8B85, 0x8B86, 0x8BA6, 0x8BA7, 0x8BA8, 0x8BA8, 0x8BA9, 0x8BAA, 0x8BAB, 0x8BAC, 0x8BAD,
    0x8BAE, 0x8BCF, 0x8BD0, 0x83D1, 0x83F2, 0x83F3, 0x83F4, 0x7C15, 0x7C16, 0x7C37, 0x7C38, 0x7C59, 0x7C59, 0x7C7A, 0x7C7B, 0x7C9C,
    0x83A2, 0x83A2, 0x83A3, 0x83A4, 0x83C4, 0x8BC5, 0x8BC6, 0x8BC6, 0x8BE7, 0x8BE8, 0x8BE8, 0x8BE9, 0x8BEA, 0x8BEB, 0x8BEC, 0x8BED,
    0x8BEE, 0x8C0F, 0x8C10, 0x8C11, 0x8412, 0x8433, 0x8434, 0x8455, 0x8456, 0x8477, 0x8478, 0x8499, 0x8499, 0x84BA, 0x84BB, 0x84BC,
    0x7BC2, 0x83C2, 0x83E3, 0x83E4, 0x83E4, 0x83E5, 0x83E6, 0x8BE6, 0x8C07, 0x8C08, 0x8C08, 0x8C09, 0x8C0A, 0x8C2B, 0x8C2C, 0x8C2D,
    0x8C2E, 0x8C4F, 0x8C50, 0x8C51, 0x8C52, 0x8C73, 0x8C74, 0x8C95, 0x8C96, 0x8CB7, 0x8CB8, 0x8CD9, 0x8CD9, 0x8CFA, 0x8D1B, 0x8D1C,
    0x7C02, 0x8402, 0x8403, 0x8423, 0x8424, 0x8425, 0x8425, 0x8C26, 0x8C47, 0x8C48, 0x8C48, 0x8C49, 0x8C4A, 0x8C4B, 0x8C4C, 0x8C4D,
    0x8C6E, 0x8C6F, 0x8C70, 0x8C91, 0x8C92, 0x8C93, 0x8CB4, 0x8CB5, 0x8CD6, 0x8CD7, 0x8CF8, 0x9519, 0x951A, 0x953A, 0x953B, 0x955C,
    0x7C42, 0x7C42, 0x7C43, 0x8443, 0x8444, 0x8464, 0x8465, 0x8466, 0x8C67, 0x8C87, 0x8C88, 0x8C89, 0x848A, 0x848B, 0x848C, 0x848D,
    0x848E, 0x848F, 0x8C90, 0x8CB1, 0x8CD2, 0x8CD3, 0x94D4, 0x94F5, 0x94F6, 0x9517, 0x9518, 0x9539, 0x955A, 0x955A, 0x957B, 0x957C,
    0x7C62, 0x7C82, 0x7C83, 0x8483, 0x8484, 0x84A4, 0x84A5, 0x84A6, 0x84A6, 0x8CA7, 0x8CA8, 0x84A9, 0x84AA, 0x84AB, 0x84AC, 0x84AD,
    0x84AD, 0x84AE, 0x84CF, 0x84D0, 0x8CF2, 0x8D13, 0x9514, 0x9515, 0x9536, 0x9537, 0x9558, 0x9559, 0x955A, 0x957A, 0x959B, 0x959C,
    0x7CA2, 0x7CA2, 0x7CA3, 0x7CC3, 0x84C3, 0x84C4, 0x84E4, 0x84E5, 0x84E6, 0x84E7, 0x84E8, 0x84C9, 0x84CA, 0x84CB, 0x84EC, 0x84EC,
    0x84ED, 0x84EE, 0x84EF, 0x8510, 0x8D32, 0x8D33, 0x8D54, 0x9555, 0x9556, 0x9557, 0x9578, 0x9579, 0x9579, 0x959A, 0x959B, 0x95BC,
    0x7CE2, 0x7CE2, 0x7CE3, 0x7CE3, 0x7D03, 0x7D04, 0x8504, 0x8505, 0x8506, 0x8507, 0x8508, 0x8509, 0x850A, 0x850B, 0x850B, 0x850C,
    0x7D0D, 0x7D0E, 0x7D0F, 0x8530, 0x8551, 0x8D53, 0x8D74, 0x9575, 0x9576, 0x9597, 0x9598, 0x9599, 0x95B9, 0x95BA, 0x9DDB, 0x9DFC,
    0x7D22, 0x7D22, 0x7D23, 0x7D23, 0x7D23, 0x7D24, 0x7D44, 0x8544, 0x8546, 0x8527, 0x8528, 0x8529, 0x8529, 0x852A, 0x7D2B, 0x7D2C,
    0x7D4D, 0x7D4D, 0x7D4E, 0x7D4F, 0x8571, 0x8D92, 0x8DB4, 0x95B5, 0x95B6, 0x95B7, 0x95D8, 0x95D9, 0x9DDA, 0x9DFA, 0x9DFB, 0x9E1C,
    0x7D62, 0x7D62, 0x7D63, 0x7D63, 0x7D63, 0x7D84, 0x7D84, 0x7D85, 0x8565, 0x8566, 0x8587, 0x8568, 0x8569, 0x7D6A, 0x7D6B, 0x7D6C,
    0x7D6D, 0x7D6D, 0x7D6E, 0x7D8F, 0x7D90, 0x85B2, 0x8DD4, 0x8DF5, 0x95F6, 0x95F7, 0x95F8, 0x95F9, 0x9E1A, 0x9E1A, 0x9E3B, 0x9E3C,
    0x75A2, 0x75A2, 0x75A3, 0x7DA3, 0x7DA4, 0x7DC4, 0x7DA4, 0x7DA5, 0x7DA5, 0x7DA6, 0x7DA7, 0x7DA8, 0x7DA9, 0x7DAA, 0x7DAB, 0x7DAC,
    0x7DAC, 0x7DAD, 0x7DAE, 0x7DAF, 0x7DB0, 0x85D1, 0x8DF3, 0x8E14, 0x9616, 0x9637, 0x9638, 0x9639, 0x9E39, 0x9E5A, 0x9E5B, 0x9E5C,
    0x75E2, 0x75E2, 0x75E3, 0x75E3, 0x75E4, 0x75E4, 0x7DE4, 0x7DE5, 0x7DE5, 0x7DE6, 0x7DE7, 0x7DE8, 0x7DE9, 0x7DEA, 0x7DEA, 0x7DEB,
    0x7DEC, 0x85ED, 0x85ED, 0x7DEE, 0x7DEF, 0x7DF0, 0x8612, 0x8E34, 0x8E55, 0x9657, 0x9678, 0x9658, 0x9679, 0x967A, 0x967B, 0x9E7C,
    0x7622, 0x7622, 0x7623, 0x7623, 0x7624, 0x7624, 0x7624, 0x7E25, 0x7E25, 0x7E26, 0x7E26, 0x7E27, 0x7E28, 0x7E29, 0x7E2A, 0x7E2B,
    0x7E2C, 0x862D, 0x862D, 0x7E2E, 0x7E2F, 0x7E30, 0x7E51, 0x8653, 0x8E75, 0x8E76, 0x9697, 0x9699, 0x9699, 0x969A, 0x96BB, 0x9EBC,
    0x76A2, 0x76A2, 0x76A3, 0x7683, 0x7684, 0x7684, 0x7685, 0x7E85, 0x7E86, 0x7E86, 0x7E87, 0x7E87, 0x7E88, 0x7E89, 0x7E8A, 0x7E8B,
    0x868C, 0x868C, 0x868D, 0x866E, 0x7E6E, 0x766F, 0x7E91, 0x7E93, 0x8EB5, 0x8EB6, 0x96D7, 0x96D9, 0x96FA, 0x96DA, 0x9EDB, 0x9EFC,
    0x6EE2, 0x6EE3, 0x76C3, 0x76C4, 0x76C4, 0x76C4, 0x76C5, 0x76C5, 0x76E6, 0x7EE6, 0x7EE7, 0x7EE7, 0x7EC8, 0x7EC8, 0x7EC9, 0x86CA,
    0x86CB, 0x86CC, 0x86CD, 0x7ECD, 0x7ECE, 0x76CF, 0x76D0, 0x76F2, 0x86F4, 0x8EF6, 0x8F17, 0x9719, 0x971A, 0x973A, 0x971B, 0x971C,
    0x6F22, 0x6F03, 0x6F03, 0x6F04, 0x6F04, 0x6F25, 0x6F25, 0x7726, 0x7726, 0x7F26, 0x7F27, 0x7F27, 0x7F28, 0x7F28, 0x7F29, 0x870A,
    0x870B, 0x870C, 0x870D, 0x7F0E, 0x7F0E, 0x772F, 0x6F30, 0x6F32, 0x7F34, 0x8F56, 0x8F57, 0x8F58, 0x975A, 0x977B, 0x977B, 0x975C,
    0x8862, 0x8862, 0x8883, 0x8884, 0x8884, 0x8885, 0x8886, 0x8866, 0x8887, 0x8888, 0x8889, 0x888A, 0x886C, 0x806D, 0x808E, 0x78B0,
    0x68B1, 0x50D1, 0x40D2, 0x40D2, 0x40F3, 0x40F4, 0x48F5, 0x4916, 0x4917, 0x4938, 0x4939, 0x495A, 0x495A, 0x517B, 0x519C, 0x51BD,
    0x88A2, 0x88A2, 0x88A3, 0x88A4, 0x88A4, 0x88A5, 0x88A6, 0x88A6, 0x88A7, 0x88A8, 0x88A9, 0x88AA, 0x88AC, 0x808D, 0x80AE, 0x78D0,
    0x68D1, 0x50F1, 0x40F2, 0x40F2, 0x4113, 0x4114, 0x4915, 0x4936, 0x4937, 0x4958, 0x4959, 0x497A, 0x497A, 0x519B, 0x51BC, 0x51DD,
    0x88C2, 0x88C2, 0x88C3, 0x88C4, 0x88C4, 0x88C5, 0x88C6, 0x88C7, 0x88C7, 0x88C8, 0x88E9, 0x88EA, 0x88CC, 0x80CD, 0x80CE, 0x78F0,
    0x6911, 0x5111, 0x4932, 0x4132, 0x4133, 0x4134, 0x4955, 0x4956, 0x4977, 0x4978, 0x4979, 0x499A, 0x499A, 0x51BB, 0x51DC, 0x51FD,
    0x88E2, 0x88E2, 0x88E3, 0x88E4, 0x88E4, 0x8905, 0x8906, 0x8907, 0x8907, 0x8908, 0x8909, 0x890A, 0x890C, 0x810D, 0x810E, 0x792F,
    0x6930, 0x5951, 0x4952, 0x4152, 0x4153, 0x4174, 0x4975, 0x4996, 0x4997, 0x4998, 0x49B9, 0x49BA, 0x49DB, 0x51DB, 0x51FC, 0x521D,
    0x8902, 0x8902, 0x8903, 0x8924, 0x8924, 0x8925, 0x8926, 0x8927, 0x8927, 0x8928, 0x8949, 0x894A, 0x894B, 0x814D, 0x814E, 0x794F,
    0x6970, 0x5971, 0x4971, 0x4192, 0x4193, 0x4994, 0x49B5, 0x49B6, 0x49B7, 0x49D8, 0x49D9, 0x49FA, 0x49FB, 0x51FB, 0x521C, 0x523D,
    0x8922, 0x8922, 0x8923, 0x8944, 0x8944, 0x8945, 0x8946, 0x8947, 0x8968, 0x8968, 0x8969, 0x898A, 0x898B, 0x816D, 0x816E, 0x798F,
    0x7190, 0x61B1, 0x49B1, 0x41B2, 0x41B3, 0x49D4, 0x49D5, 0x49F6, 0x49F7, 0x49F8, 0x4A19, 0x4A1A, 0x4A1A, 0x523B, 0x523C, 0x525D,
    0x8942, 0x8942, 0x8963, 0x8964, 0x8964, 0x8965, 0x8986, 0x8986, 0x8987, 0x8988, 0x8989, 0x89AA, 0x89AB, 0x89AC, 0x81AE, 0x79AF,
    0x71D0, 0x69D1, 0x51D1, 0x49D2, 0x49F3, 0x49F4, 0x4A15, 0x4A16, 0x4A17, 0x4A38, 0x4A39, 0x4A3A, 0x4A5A, 0x525B, 0x527C, 0x527D,
    0x8982, 0x8982, 0x8983, 0x8984, 0x8984, 0x8985, 0x89A5, 0x89A6, 0x89A7, 0x89A8, 0x89C9, 0x89CA, 0x89EB, 0x89EC, 0x89ED, 0x81EF,
    0x79F0, 0x6A11, 0x5A11, 0x5212, 0x4A13, 0x4A34, 0x4A35, 0x4A56, 0x4A57, 0x4A58, 0x4A79, 0x4A7A, 0x529A, 0x529B, 0x529C, 0x52BD,
    0x89A2, 0x89A2, 0x89A3, 0x89A3, 0x91C4, 0x91C5, 0x91C5, 0x91C6, 0x91C7, 0x91C8, 0x89E9, 0x89EA, 0x8A0B, 0x8A0B, 0x8A0D, 0x8A0E,
    0x822F, 0x7230, 0x6A31, 0x5A52, 0x5252, 0x5253, 0x4A75, 0x4A76, 0x4A77, 0x4A98, 0x4A99, 0x52B9, 0x52BA, 0x52BB, 0x52DC, 0x52DD,
    0x89E2, 0x89E2, 0x91E3, 0x91E3, 0x91E4, 0x91E4, 0x91E5, 0x9206, 0x9207, 0x9208, 0x9209, 0x920A, 0x8A2A, 0x8A2B, 0x8A4D, 0x8A4E,
    0x824F, 0x7A50, 0x7271, 0x6271, 0x5A72, 0x5A93, 0x5294, 0x52B5, 0x4AB6, 0x4AB7, 0x52D8, 0x52D9, 0x52FA, 0x52FB, 0x52FC, 0x531D,
    0x8A01, 0x8A02, 0x8A23, 0x9223, 0x9224, 0x9224, 0x9225, 0x9226, 0x9227, 0x9228, 0x9229, 0x924A, 0x924A, 0x924B, 0x8A6C, 0x8A6E,
    0x8A6F, 0x8290, 0x7A91, 0x6A91, 0x62B2, 0x62B3, 0x62B4, 0x5AD5, 0x5AD6, 0x52F7, 0x52F8, 0x5319, 0x531A, 0x531B, 0x533B, 0x533C,
    0x8A41, 0x8A42, 0x8A43, 0x9243, 0x9264, 0x9264, 0x9265, 0x9266, 0x9267, 0x9268, 0x9268, 0x9269, 0x926A, 0x928B, 0x928C, 0x928D,
    0x8AAF, 0x8AB0, 0x82B1, 0x72B1, 0x6AD2, 0x6AD3, 0x6AF4, 0x6315, 0x6316, 0x6337, 0x5B38, 0x5B39, 0x5B5A, 0x535B, 0x5B7B, 0x5B7C,
    0x8A81, 0x8A82, 0x8A82, 0x9283, 0x9284, 0x92A4, 0x92A5, 0x92A6, 0x92A6, 0x92A7, 0x92A8, 0x92A9, 0x92AA, 0x92AB, 0x92AC, 0x92CD,
    0x92CE, 0x8AD0, 0x82F1, 0x7AF1, 0x7312, 0x7313, 0x6B34, 0x6B35, 0x6B56, 0x6B57, 0x6B78, 0x6379, 0x639A, 0x639A, 0x639B, 0x5BBC,
    0x8AC2, 0x8AC2, 0x92C3, 0x92C3, 0x92C4, 0x92E4, 0x92E5, 0x92E6, 0x92E6, 0x92C7, 0x92C8, 0x92C9, 0x92CA, 0x92EB, 0x92EC, 0x930D,
    0x930E, 0x930F, 0x8B11, 0x8331, 0x7B32, 0x7353, 0x7354, 0x7375, 0x7376, 0x7397, 0x6B98, 0x6BB9, 0x6BBA, 0x6BBA, 0x6BDB, 0x6BDC,
    0x8B02, 0x8B02, 0x9303, 0x9303, 0x9304, 0x9324, 0x9325, 0x9326, 0x9326, 0x9327, 0x9328, 0x9309, 0x930A, 0x932B, 0x932C, 0x932D,
    0x934E, 0x934F, 0x8B50, 0x8371, 0x7B72, 0x7B73, 0x7B94, 0x7B95, 0x73B6, 0x73B7, 0x73D8, 0x73D9, 0x73F9, 0x73FA, 0x73FB, 0x6C1C,
    0x8B42, 0x8B42, 0x8B43, 0x9343, 0x9344, 0x9345, 0x9365, 0x9366, 0x9366, 0x9367, 0x9368, 0x9369, 0x936A, 0x934B, 0x936C, 0x936D,
    0x938E, 0x938F, 0x9390, 0x8B91, 0x83B2, 0x83B3, 0x7BB4, 0x7BD5, 0x7BD6, 0x7BF7, 0x7C18, 0x7C19, 0x7C39, 0x7C3A, 0x7C3B, 0x7C5C,
    0x8B62, 0x8B82, 0x8B83, 0x8B84, 0x9384, 0x9385, 0x93A5, 0x93A6, 0x93A7, 0x93A7, 0x93A8, 0x93A9, 0x93AA, 0x93AB, 0x93AC, 0x93AD,
    0x93AE, 0x93CF, 0x93D0, 0x93D1, 0x8BF2, 0x83F3, 0x83F4, 0x8415, 0x8416, 0x8437, 0x8438, 0x8459, 0x8459, 0x847A, 0x847B, 0x849C,
    0x8BA2, 0x8BA2, 0x8BC3, 0x93C4, 0x93C4, 0x93C5, 0x93E6, 0x93E6, 0x93E7, 0x93E8, 0x93E8, 0x93E9, 0x93EA, 0x93EB, 0x93EC, 0x93ED,
    0x93EE, 0x93EF, 0x9410, 0x9411, 0x8C12, 0x8C33, 0x8C34, 0x8C55, 0x8C56, 0x8C77, 0x8C78, 0x8C99, 0x8499, 0x849A, 0x84BB, 0x84BC,
    0x8BE2, 0x8BE2, 0x8BE3, 0x8BE4, 0x8C04, 0x8C05, 0x9406, 0x9406, 0x9427, 0x9428, 0x9428, 0x9429, 0x942A, 0x942B, 0x942C, 0x942D,
    0x944E, 0x944F, 0x9450, 0x9451, 0x9452, 0x8C73, 0x8C74, 0x8C75, 0x8C96, 0x8C97, 0x8CB8, 0x8CB8, 0x8CD9, 0x8CDA, 0x8CFB, 0x8CFC,
    0x8402, 0x8C02, 0x8C03, 0x8C23, 0x8C24, 0x8C25, 0x8C26, 0x8C26, 0x9447, 0x9448, 0x9448, 0x9449, 0x944A, 0x944B, 0x946C, 0x946D,
    0x946E, 0x946F, 0x9490, 0x9491, 0x9492, 0x94B3, 0x94B4, 0x94B5, 0x94D6, 0x94D7, 0x94F8, 0x9519, 0x951A, 0x953A, 0x953B, 0x955C,
    0x8442, 0x8C42, 0x8C43, 0x8C63, 0x8C64, 0x8C65, 0x8C65, 0x8C66, 0x9487, 0x9488, 0x9488, 0x9489, 0x948A, 0x8C8B, 0x8C8C, 0x94AD,
    0x94AE, 0x94AF, 0x94B0, 0x94D1, 0x94D2, 0x94D3, 0x9CF4, 0x9CF5, 0x9D16, 0x9D17, 0x9D38, 0x9D39, 0x9D5A, 0x9D5A, 0x9D7B, 0x9D7C,
    0x8482, 0x8482, 0x8C83, 0x8CA3, 0x8CA4, 0x8CA4, 0x8CA5, 0x8CA6, 0x94C7, 0x94C7, 0x94C8, 0x94C9, 0x8CCA, 0x8CCB, 0x8CCC, 0x8CCD,
    0x8CCE, 0x8CCF, 0x8CD0, 0x8CF1, 0x94F2, 0x9513, 0x9D14, 0x9D15, 0x9D36, 0x9D37, 0x9D58, 0x9D59, 0x9D7A, 0x9D7A, 0x9D9B, 0x9DBC,
    0x84C2, 0x84C2, 0x84C3, 0x8CC3, 0x8CC3, 0x8CE4, 0x8CE5, 0x8CE5, 0x8CE6, 0x8CE7, 0x8CE8, 0x8CE9, 0x8CEA, 0x8CEB, 0x8CEC, 0x8CED,
    0x8CED, 0x8CEE, 0x8D0F, 0x8D10, 0x8D11, 0x9533, 0x9554, 0x9D55, 0x9D56, 0x9D57, 0x9D78, 0x9D79, 0x9D9A, 0x9D9A, 0x9DBB, 0x9DDC,
    0x84E2, 0x8502, 0x8503, 0x8503, 0x8D03, 0x8D04, 0x8D24, 0x8D25, 0x8D26, 0x8D27, 0x8D08, 0x8D09, 0x8D0A, 0x8D0B, 0x8D2C, 0x8D2C,
    0x8D2D, 0x8D2E, 0x8D2F, 0x8D30, 0x8D31, 0x9552, 0x9574, 0x9D95, 0x9D76, 0x9D97, 0x9D98, 0x9D99, 0x9DB9, 0x9DDA, 0xA5DB, 0xA5FC,
    0x8522, 0x8522, 0x8523, 0x8523, 0x8543, 0x8544, 0x8D44, 0x8D44, 0x8D46, 0x8D47, 0x8D48, 0x8D49, 0x8D4A, 0x8D4A, 0x8D4B, 0x8D4C,
    0x8D4D, 0x854E, 0x854F, 0x8550, 0x8D71, 0x8D92, 0x95B4, 0x9DB5, 0x9DD6, 0x9DD7, 0x9DD8, 0x9DD9, 0xA5FA, 0xA5FA, 0xA61B, 0xA61C,
    0x8562, 0x8582, 0x8583, 0x8583, 0x8584, 0x8584, 0x8D84, 0x8D85, 0x8D86, 0x8D87, 0x8D88, 0x8D88, 0x8D89, 0x8D8A, 0x8D8B, 0x8D8C,
    0x858D, 0x858E, 0x858E, 0x858F, 0x8590, 0x8DB2, 0x95D3, 0x95F5, 0x9DF6, 0x9DF7, 0x9DF8, 0x9E19, 0x9E1A, 0xA61A, 0xA63B, 0xA63C,
    0x85A2, 0x85C2, 0x85C3, 0x85C3, 0x85C4, 0x85C4, 0x85C4, 0x85A5, 0x8DC5, 0x8DC6, 0x8DC7, 0x8DC8, 0x8DC9, 0x8DCA, 0x85AB, 0x85AC,
    0x85AD, 0x85AD, 0x85AE, 0x85CF, 0x85D0, 0x85D1, 0x8DF2, 0x9614, 0x9E36, 0x9E37, 0x9E38, 0x9E39, 0x9E3A, 0x9E5A, 0xA65B, 0xA65C,
    0x85E2, 0x8602, 0x8603, 0x8603, 0x8604, 0x85E4, 0x85E4, 0x85E5, 0x85E5, 0x8606, 0x8607, 0x8608, 0x8609, 0x85EA, 0x85EB, 0x85EC,
    0x85EC, 0x85ED, 0x8DEE, 0x85EF, 0x85EF, 0x8610, 0x8612, 0x8E34, 0x9655, 0x9E57, 0x9E78, 0x9E79, 0x9E79, 0x9E7A, 0x9E7B, 0xA69C,
    0x7E42, 0x7E42, 0x7E43, 0x7E43, 0x7E24, 0x7E24, 0x8624, 0x8625, 0x8625, 0x8646, 0x8646, 0x8647, 0x8648, 0x8649, 0x862A, 0x862B,
    0x862C, 0x8E2D, 0x8E2E, 0x8E2E, 0x862F, 0x8630, 0x8651, 0x8653, 0x9675, 0x9696, 0x9E97, 0x9E99, 0x9E99, 0x9EBA, 0x9EBB, 0xA6BC,
    0x7EA2, 0x7EA2, 0x7EA3, 0x7E83, 0x7E84, 0x7E84, 0x8685, 0x8685, 0x8686, 0x86A6, 0x86A7, 0x86A7, 0x86A8, 0x8689, 0x868A, 0x868B,
    0x8E8C, 0x8E8D, 0x8E8D, 0x8E8E, 0x8E8F, 0x8690, 0x8691, 0x8692, 0x8EB4, 0x96B6, 0x9ED7, 0x9ED9, 0x9EFA, 0x9EDA, 0xA6FB, 0xA6FC,
    0x7EE2, 0x7EE3, 0x7EC3, 0x7EC4, 0x7EC4, 0x7EC4, 0x7EC5, 0x7EC5, 0x86E6, 0x86E6, 0x86E7, 0x86E7, 0x86E8, 0x86E9, 0x86EA, 0x86CB,
    0x8ECC, 0x8ECD, 0x8ECD, 0x8ECE, 0x86CF, 0x86CF, 0x7ED0, 0x7EF2, 0x86F4, 0x96F6, 0x9717, 0x9F18, 0x9F1A, 0x9F3B, 0x9F1B, 0x9F3C,
    0x7F22, 0x7F23, 0x7F23, 0x7F24, 0x7F24, 0x7F25, 0x7F25, 0x7F26, 0x7F26, 0x8727, 0x8727, 0x8728, 0x8728, 0x8729, 0x872A, 0x872B,
    0x8F2C, 0x8F2C, 0x8F2D, 0x8F2E, 0x8F2F, 0x872F, 0x7F30, 0x7F32, 0x8754, 0x8F56, 0x9757, 0x9758, 0x9F5A, 0x9F7B, 0x9F7C, 0x9F5C,
    0x9062, 0x9062, 0x9083, 0x9084, 0x9084, 0x9085, 0x9086, 0x9067, 0x9067, 0x9088, 0x9089, 0x908A, 0x908C, 0x906D, 0x886F, 0x8090,
    0x78B1, 0x70D2, 0x58D2, 0x48F3, 0x48F3, 0x48F4, 0x48F5, 0x4916, 0x4917, 0x4938, 0x5139, 0x515A, 0x515A, 0x517B, 0x519C, 0x59BD,
    0x90A2, 0x90A2, 0x90A3, 0x90A4, 0x90A4, 0x90A5, 0x90A6, 0x90A7, 0x90A7, 0x90A8, 0x90A9, 0x90AA, 0x90AC, 0x888D, 0x888F, 0x80B0,
    0x78D1, 0x70F2, 0x58F2, 0x4913, 0x4913, 0x4914, 0x4915, 0x4936, 0x4937, 0x4958, 0x5159, 0x517A, 0x517A, 0x519B, 0x51BC, 0x59DD,
    0x90C2, 0x90C2, 0x90C3, 0x90C4, 0x90C4, 0x90C5, 0x90C6, 0x90C7, 0x90C7, 0x90C8, 0x90C9, 0x90EA, 0x90CB, 0x88CD, 0x88CF, 0x80F0,
    0x78F1, 0x7112, 0x5932, 0x4933, 0x4933, 0x4934, 0x4955, 0x4956, 0x4977, 0x4978, 0x5179, 0x519A, 0x519A, 0x51BB, 0x51DC, 0x59FD,
    0x90E2, 0x90E2, 0x90E3, 0x90E4, 0x90E4, 0x90E5, 0x9106, 0x9107, 0x9107, 0x9108, 0x9109, 0x910A, 0x910B, 0x890D, 0x88EE, 0x810F,
    0x7931, 0x7131, 0x5952, 0x4953, 0x4953, 0x4974, 0x4975, 0x4996, 0x4997, 0x4998, 0x51B9, 0x51BA, 0x51DA, 0x51DB, 0x51FC, 0x5A1D,
    0x9102, 0x9102, 0x9103, 0x9124, 0x9124, 0x9125, 0x9126, 0x9127, 0x9128, 0x9128, 0x9149, 0x914A, 0x914B, 0x894D, 0x892E, 0x814F,
    0x8151, 0x7171, 0x6172, 0x4993, 0x4993, 0x4994, 0x49B5, 0x49B6, 0x49B7, 0x51D8, 0x51D9, 0x51FA, 0x51FA, 0x51FB, 0x521C, 0x5A3D,
    0x9122, 0x9122, 0x9123, 0x9144, 0x9144, 0x9145, 0x9146, 0x9147, 0x9168, 0x9168, 0x9169, 0x918A, 0x918B, 0x898D, 0x896E, 0x898F,
    0x8190, 0x7191, 0x61B2, 0x49B2, 0x49B3, 0x49D4, 0x49D5, 0x49D6, 0x49F7, 0x51F8, 0x5219, 0x521A, 0x521A, 0x523B, 0x523C, 0x5A5D,
    0x9142, 0x9142, 0x9163, 0x9164, 0x9164, 0x9165, 0x9186, 0x9186, 0x9187, 0x9188, 0x9189, 0x91AA, 0x91AB, 0x91AC, 0x89AE, 0x89AF,
    0x81D0, 0x79D1, 0x69D2, 0x51F2, 0x49F3, 0x49F4, 0x4A15, 0x4A16, 0x4A17, 0x5238, 0x5239, 0x523A, 0x525A, 0x525B, 0x527C, 0x5A7D,
    0x9182, 0x9182, 0x9183, 0x9184, 0x9184, 0x91A5, 0x91A5, 0x91A6, 0x91A7, 0x91A8, 0x91C9, 0x91CA, 0x91EB, 0x91EC, 0x91ED, 0x89EF,
    0x81F0, 0x7A11, 0x7212, 0x6212, 0x5213, 0x4A34, 0x4A35, 0x4A56, 0x5257, 0x5258, 0x5279, 0x527A, 0x529A, 0x529B, 0x529C, 0x5ABD,
    0x91A2, 0x91A2, 0x91A3, 0x91A3, 0x99A4, 0x99C5, 0x99C5, 0x99C6, 0x99C7, 0x99E8, 0x91E9, 0x91EA, 0x920B, 0x920B, 0x922D, 0x922E,
    0x8A2F, 0x8231, 0x7A51, 0x6A52, 0x5A53, 0x5A53, 0x5275, 0x5276, 0x5297, 0x5298, 0x5298, 0x52B9, 0x52BA, 0x52BB, 0x52DC, 0x5ADD,
    0x91E2, 0x91E2, 0x99E3, 0x99E3, 0x99E4, 0x99E5, 0x99E5, 0x9A06, 0x9A07, 0x9A08, 0x9A09, 0x9A0A, 0x922B, 0x922B, 0x924C, 0x924E,
    0x924F, 0x8A70, 0x8271, 0x7272, 0x6292, 0x6293, 0x5A94, 0x5AB5, 0x52B6, 0x52B7, 0x52D8, 0x52D9, 0x52FA, 0x52FB, 0x5AFC, 0x5B1D,
    0x9201, 0x9202, 0x9A23, 0x9A23, 0x9A24, 0x9A24, 0x9A25, 0x9A26, 0x9A27, 0x9A28, 0x9A29, 0x9A4A, 0x9A4B, 0x9A4B, 0x9A6C, 0x926D,
    0x926F, 0x8A90, 0x8A91, 0x7AB2, 0x72B2, 0x6AB3, 0x62D4, 0x62D5, 0x62D6, 0x5AF7, 0x52F8, 0x5319, 0x531A, 0x533B, 0x5B3C, 0x5B3C,
    0x9241, 0x9242, 0x9243, 0x9A43, 0x9A64, 0x9A64, 0x9A65, 0x9A66, 0x9A67, 0x9A68, 0x9A68, 0x9A69, 0x9A8B, 0x9A8B, 0x9A8C, 0x9AAD,
    0x92AF, 0x92B0, 0x8AB1, 0x82D2, 0x7AD2, 0x72F3, 0x6AF4, 0x6B15, 0x6B16, 0x6337, 0x6338, 0x6359, 0x5B5A, 0x5B7B, 0x5B7B, 0x5B7C,
    0x9282, 0x9282, 0x9282, 0x9A83, 0x9A84, 0x9A84, 0x9AA5, 0x9AA6, 0x9AA7, 0x9AA7, 0x9AA8, 0x9AA9, 0x9AAA, 0x9AAC, 0x9ACC, 0x9ACD,
    0x9ACE, 0x92F0, 0x92F1, 0x8AF2, 0x8312, 0x7313, 0x7334, 0x7335, 0x7356, 0x6B57, 0x6B78, 0x6B79, 0x6B9A, 0x639A, 0x639B, 0x63BC,
    0x92C2, 0x92C2, 0x9AC2, 0x9AC3, 0x9AC4, 0x9AC4, 0x9AE5, 0x9AE6, 0x9AC6, 0x9AC7, 0x9AC8, 0x9AC9, 0x9AEA, 0x9AEB, 0x9AEC, 0x9B0D,
    0x9B0E, 0x9B0F, 0x9331, 0x8B31, 0x8332, 0x7B53, 0x7B54, 0x7375, 0x7376, 0x7397, 0x7398, 0x73B9, 0x73B9, 0x6BDA, 0x6BDB, 0x6BDC,
    0x9302, 0x9302, 0x9B03, 0x9B03, 0x9B04, 0x9B04, 0x9B25, 0x9B26, 0x9B26, 0x9B27, 0x9B08, 0x9B09, 0x9B0A, 0x9B2B, 0x9B2C, 0x9B2D,
    0x9B4E, 0x9B4F, 0x9B50, 0x9371, 0x8B72, 0x8373, 0x7B94, 0x7B95, 0x7BB6, 0x7BB7, 0x7BD8, 0x7BD8, 0x73F9, 0x73FA, 0x73FB, 0x741C,
    0x9342, 0x9342, 0x9B43, 0x9B43, 0x9B44, 0x9B44, 0x9B65, 0x9B66, 0x9B66, 0x9B67, 0x9B68, 0x9B69, 0x9B4A, 0x9B4B, 0x9B6C, 0x9B6D,
    0x9B8E, 0x9B8F, 0x9B90, 0x9391, 0x93B2, 0x83B3, 0x83B4, 0x83D5, 0x83D6, 0x83F7, 0x8418, 0x8419, 0x8439, 0x843A, 0x845B, 0x845C,
    0x9362, 0x9382, 0x9383, 0x9B83, 0x9B84, 0x9B85, 0x9BA5, 0x9BA6, 0x9BA7, 0x9BA7, 0x9BA8, 0x9BA9, 0x9BAA, 0x9BAB, 0x9BAC, 0x9BAD,
    0x9BAE, 0x9BCF, 0x9BD0, 0x9BD1, 0x93F2, 0x8BF3, 0x8BF4, 0x8C15, 0x8416, 0x8437, 0x8438, 0x8458, 0x8459, 0x847A, 0x847B, 0x849C,
    0x93A2, 0x93C2, 0x93C3, 0x9BC4, 0x9BC4, 0x9BE5, 0x9BE6, 0x9BE6, 0x9BE7, 0x9BE7, 0x9BE8, 0x9BE9, 0x9BEA, 0x9BEB, 0x9BEC, 0x9BED,
    0x9BEE, 0x9BEF, 0x9C10, 0x9C11, 0x9C12, 0x9433, 0x8C34, 0x8C55, 0x8C56, 0x8C77, 0x8C78, 0x8C98, 0x8C99, 0x8C9A, 0x8CBB, 0x8CBC,
    0x93E2, 0x9402, 0x9403, 0x9C04, 0x9C04, 0x9C05, 0x9C26, 0x9C26, 0x9C27, 0x9C28, 0x9C28, 0x9C29, 0x9C2A, 0x9C2B, 0x9C2C, 0x9C2D,
    0x9C2E, 0x9C2F, 0x9C50, 0x9C51, 0x9C52, 0x9473, 0x9474, 0x9475, 0x9496, 0x9497, 0x94B8, 0x94B8, 0x8CD9, 0x8CDA, 0x8CDB, 0x8CFC,
    0x9422, 0x9422, 0x9423, 0x9424, 0x9444, 0x9445, 0x9C46, 0x9C46, 0x9C47, 0x9C68, 0x9C68, 0x9C69, 0x9C6A, 0x9C6B, 0x9C6C, 0x9C8D,
    0x9C8E, 0x9C8F, 0x9C90, 0x9C91, 0x9C92, 0x9C93, 0x94B4, 0x94B5, 0x94B6, 0x94D7, 0x94F8, 0x94F9, 0x9519, 0x951A, 0x953B, 0x9D3C,
    0x8C42, 0x8C42, 0x9443, 0x9463, 0x9464, 0x9465, 0x9465, 0x9466, 0x9487, 0x9C88, 0x9C88, 0x9C89, 0x9C8A, 0x9C8B, 0x9CAC, 0x9CAD,
    0x9CAE, 0x9CCF, 0x9CD0, 0x9CD1, 0x9CD2, 0x9CF3, 0x9CF4, 0x9CF5, 0x9D16, 0x9D17, 0x9D38, 0x9D39, 0x9D5A, 0x9D5A, 0x9D7B, 0x9D7C,
    0x8C82, 0x94A2, 0x94A3, 0x94A3, 0x94A4, 0x94C4, 0x94C5, 0x9CC6, 0x9CC7, 0x9CC8, 0x9CC8, 0x9CC9, 0x9CCA, 0x9CCB, 0x9CCC, 0x9CED,
    0x9CEE, 0x9CEF, 0x9CF0, 0x9CF1, 0x9D12, 0x9D13, 0xA534, 0xA535, 0xA536, 0xA557, 0xA558, 0xA579, 0xA57A, 0xA59A, 0xA59B, 0xA5BC,
    0x8CC2, 0x8CC2, 0x8CC3, 0x94E3, 0x94E4, 0x94E4, 0x94E5, 0x9506, 0x9D06, 0x9D07, 0x9D08, 0x9CE9, 0x9D0A, 0x950B, 0x950C, 0x950D,
    0x950E, 0x950F, 0x9510, 0x9511, 0x9D31, 0x9D33, 0x9D54, 0xA555, 0xA556, 0xA577, 0xA578, 0xA599, 0xA59A, 0xA5BA, 0xA5BB, 0xA5DC,
    0x8D02, 0x8D02, 0x8D03, 0x8D03, 0x9524, 0x9524, 0x9524, 0x9525, 0x9526, 0x9527, 0x9528, 0x9529, 0x952A, 0x952B, 0x952C, 0x952D,
    0x952D, 0x952E, 0x952F, 0x9550, 0x9551, 0x9552, 0x9D74, 0xA595, 0xA596, 0xA597, 0xA598, 0xA5B9, 0xA5BA, 0xA5DA, 0xADFB, 0xAE1C,
    0x8D42, 0x8D42, 0x8D43, 0x8D43, 0x8D44, 0x9544, 0x9544, 0x9565, 0x9546, 0x9547, 0x9548, 0x9549, 0x954A, 0x954B, 0x954C, 0x956C,
    0x956D, 0x956E, 0x956F, 0x9570, 0x9571, 0x9592, 0x9DB4, 0xA5B5, 0xA5D6, 0xA5D7, 0xA5D8, 0xA5F9, 0xA5FA, 0xADFB, 0xAE1B, 0xAE1C,
    0x8D82, 0x8D82, 0x8D83, 0x8D83, 0x8D84, 0x95A4, 0x95A4, 0x95A5, 0x9586, 0x9587, 0x9588, 0x9589, 0x958A, 0x958B, 0x958C, 0x958C,
    0x958D, 0x8D8E, 0x8D8F, 0x8D90, 0x8DB1, 0x95B2, 0x95D3, 0x9DF5, 0xA5F6, 0xA617, 0xA618, 0xA619, 0xA61A, 0xA63B, 0xAE3B, 0xAE5C,
    0x8DC2, 0x8DC2, 0x8DC3, 0x8DC3, 0x8DC4, 0x8DC4, 0x8DC4, 0x8DC5, 0x95C5, 0x95C6, 0x95C7, 0x95C8, 0x95C9, 0x95CA, 0x95CB, 0x95CC,
    0x8DCD, 0x8DCE, 0x8DCE, 0x8DCF, 0x8DD0, 0x8DD1, 0x95F2, 0x9E14, 0x9E36, 0xA637, 0xA638, 0xA639, 0xA65A, 0xA65B, 0xA65B, 0xAE7C,
    0x8E02, 0x8E02, 0x8E03, 0x8E03, 0x8E04, 0x8DE4, 0x8DE4, 0x8E05, 0x8E05, 0x9606, 0x9607, 0x9608, 0x9609, 0x960A, 0x8E0B, 0x8E0C,
    0x8E0D, 0x8E0D, 0x8E0E, 0x8E0F, 0x8E10, 0x8E11, 0x8E12, 0x9633, 0x9E55, 0xA657, 0xA678, 0xA679, 0xA67A, 0xA67A, 0xA69B, 0xAE9C,
    0x8E42, 0x8E42, 0x8E43, 0x8E43, 0x8E24, 0x8E24, 0x8E25, 0x8E45, 0x8E45, 0x8E46, 0x8E46, 0x8E47, 0x8E48, 0x8E4A, 0x8E4B, 0x8E4C,
    0x8E4D, 0x8E4D, 0x964E, 0x964F, 0x964F, 0x8E50, 0x8E51, 0x8E52, 0x9674, 0x9E96, 0xA697, 0xA6B9, 0xA699, 0xA6BA, 0xA6BC, 0xAEDD,
    0x8EA2, 0x8EA2, 0x8EA3, 0x8E83, 0x8E84, 0x8E84, 0x8E85, 0x8E85, 0x8EA6, 0x8EA6, 0x8EA7, 0x8EA7, 0x8EA8, 0x8EA9, 0x8EAB, 0x8E8C,
    0x8E8C, 0x968D, 0x968E, 0x96AF, 0x96AF, 0x9690, 0x8E91, 0x8EB2, 0x96B4, 0x9ED6, 0xA6D7, 0xA6D9, 0xA6FA, 0xA6FA, 0xA6FC, 0xAEFD,
    0x86E2, 0x86E3, 0x86C3, 0x86C4, 0x8EC4, 0x8EE5, 0x8EE5, 0x8EE5, 0x8EE6, 0x8EE6, 0x8EE7, 0x8EE7, 0x8EE8, 0x8EE9, 0x8EEA, 0x8EEB,
    0x8EEC, 0x96ED, 0x96EE, 0x96EE, 0x96EF, 0x96F0, 0x8EF1, 0x8EF1, 0x8EF3, 0x9715, 0x9F17, 0xA718, 0xA73A, 0xA73B, 0xA73B, 0xA73D,
    0x8742, 0x8723, 0x8723, 0x8724, 0x8724, 0x8725, 0x8725, 0x8726, 0x8F26, 0x8F27, 0x8F27, 0x8F28, 0x8F28, 0x8F29, 0x8F2A, 0x8F2B,
    0x8F2C, 0x972D, 0x972E, 0x972E, 0x972F, 0x9730, 0x8F31, 0x8F32, 0x8F53, 0x8F55, 0x9F57, 0x9F58, 0xA75A, 0xA77B, 0xA77C, 0xA75C,
    0x9862, 0x9862, 0x9863, 0x9864, 0x9884, 0x9865, 0x9866, 0x9867, 0x9867, 0x9868, 0x9889, 0x988A, 0x988B, 0x986D, 0x986E, 0x9070,
    0x8891, 0x80B2, 0x70D3, 0x60F3, 0x50F4, 0x50F4, 0x50F5, 0x5116, 0x5117, 0x5138, 0x5139, 0x5159, 0x515A, 0x597B, 0x599C, 0x59BD,
    0x9882, 0x98A2, 0x98A3, 0x98A4, 0x98A4, 0x98A5, 0x98A6, 0x98A7, 0x9887, 0x98A8, 0x98A9, 0x98AA, 0x98AB, 0x98AD, 0x988E, 0x9090,
    0x88B1, 0x80D2, 0x70F3, 0x6113, 0x5114, 0x5114, 0x5135, 0x5136, 0x5137, 0x5158, 0x5159, 0x517A, 0x517A, 0x599B, 0x599C, 0x59DD,
    0x98C2, 0x98C2, 0x98C3, 0x98C4, 0x98C4, 0x98C5, 0x98C6, 0x98C7, 0x98C7, 0x98C8, 0x98C9, 0x98EA, 0x98EB, 0x98CD, 0x90CE, 0x90D0,
    0x88F1, 0x8112, 0x7113, 0x6133, 0x5134, 0x5134, 0x5155, 0x5156, 0x5157, 0x5178, 0x5179, 0x5199, 0x519A, 0x599B, 0x59BC, 0x59FD,
    0x98E2, 0x98E2, 0x98E3, 0x98E4, 0x98E4, 0x98E5, 0x98E6, 0x9907, 0x9908, 0x9908, 0x9909, 0x990A, 0x990B, 0x990D, 0x910E, 0x9110,
    0x8911, 0x8132, 0x7953, 0x6153, 0x5174, 0x5174, 0x5175, 0x5196, 0x5197, 0x5198, 0x51B9, 0x51B9, 0x51DA, 0x59DB, 0x59FC, 0x5A1D,
    0x9902, 0x9902, 0x9923, 0x9924, 0x9924, 0x9925, 0x9926, 0x9927, 0x9928, 0x9928, 0x9949, 0x994A, 0x994B, 0x994D, 0x914E, 0x9130,
    0x8951, 0x8172, 0x7973, 0x6993, 0x5194, 0x5194, 0x51B5, 0x51B6, 0x51B7, 0x51D8, 0x51D9, 0x51FA, 0x59FA, 0x59FB, 0x5A1C, 0x5A3D,
    0x9922, 0x9922, 0x9943, 0x9944, 0x9944, 0x9945, 0x9946, 0x9947, 0x9968, 0x9968, 0x9969, 0x996A, 0x998B, 0x998C, 0x918E, 0x916F,
    0x8990, 0x8991, 0x79B2, 0x69B3, 0x51D4, 0x51D4, 0x51D5, 0x51D6, 0x51F7, 0x51F8, 0x5219, 0x521A, 0x5A1A, 0x5A3B, 0x5A3C, 0x5A5D,
    0x9942, 0x9942, 0x9963, 0x9964, 0x9964, 0x9965, 0x9986, 0x9987, 0x9988, 0x9988, 0x99A9, 0x99AA, 0x99AB, 0x99CC, 0x91CD, 0x91AF,
    0x91B0, 0x89D1, 0x81D2, 0x71F3, 0x59F3, 0x51F4, 0x5215, 0x5216, 0x5217, 0x5238, 0x5239, 0x5239, 0x5A5A, 0x5A5B, 0x5A7C, 0x5A7D,
    0x9982, 0x9982, 0x9983, 0x9984, 0x9984, 0x99A5, 0x99A6, 0x99A6, 0x99A7, 0x99C8, 0x99C9, 0x99CA, 0x99EB, 0x99EC, 0x99ED, 0x91EF,
    0x91F0, 0x8A11, 0x8212, 0x7213, 0x6233, 0x5A34, 0x5235, 0x5256, 0x5257, 0x5258, 0x5279, 0x5279, 0x5A9A, 0x5A9B, 0x5A9C, 0x5ABD,
    0x99A2, 0x99A2, 0x99A3, 0x99A4, 0xA1A4, 0xA1C5, 0xA1C5, 0xA1C6, 0xA1E7, 0xA1E8, 0x99E9, 0x99EA, 0x9A0B, 0x9A2C, 0x9A2D, 0x9A2E,
    0x9230, 0x9231, 0x8A52, 0x7A53, 0x6A53, 0x6254, 0x5A75, 0x5276, 0x5276, 0x5297, 0x5298, 0x5AB9, 0x5ABA, 0x5ABB, 0x5ADC, 0x5ADD,
    0x99E2, 0x99E2, 0xA1E3, 0xA1E3, 0xA1E4, 0xA1E5, 0xA1E5, 0xA206, 0xA207, 0xA208, 0xA209, 0xA22A, 0x9A2B, 0x9A4C, 0x9A4C, 0x9A6E,
    0x9A6F, 0x9271, 0x8A71, 0x8292, 0x7A93, 0x6A94, 0x6294, 0x62B5, 0x5AB6, 0x52B7, 0x52D8, 0x5AD9, 0x5AFA, 0x5AFB, 0x5AFC, 0x5B1C,
    0x9A02, 0x9A02, 0xA203, 0xA223, 0xA224, 0xA224, 0xA225, 0xA226, 0xA227, 0xA228, 0xA249, 0xA24A, 0xA24B, 0xA26C, 0x9A6C, 0x9A8D,
    0x9A8F, 0x9A90, 0x92B1, 0x8AB2, 0x82B3, 0x72B3, 0x6AD4, 0x6AD5, 0x62F6, 0x62F7, 0x5AF8, 0x5B19, 0x5B1A, 0x5B3B, 0x5B3B, 0x5B5C,
    0x9A42, 0x9A42, 0xA243, 0xA243, 0xA244, 0xA264, 0xA265, 0xA266, 0xA267, 0xA268, 0xA269, 0xA28A, 0xA28B, 0xA28C, 0xA2AC, 0x9AAD,
    0x9AAE, 0x9AB0, 0x92D1, 0x92D2, 0x8AF3, 0x7AF3, 0x72F4, 0x7315, 0x6B16, 0x6B37, 0x6B38, 0x6359, 0x635A, 0x637B, 0x5B7B, 0x5B7C,
    0x9A82, 0x9A82, 0xA282, 0xA283, 0xA284, 0xA284, 0xA2A5, 0xA2A6, 0xA2A7, 0xA2A8, 0xA2A8, 0xA2A9, 0xA2AB, 0xA2CC, 0xA2CD, 0xA2ED,
    0xA2EE, 0x9AF0, 0x9AF1, 0x9312, 0x8B12, 0x8333, 0x7B34, 0x7B35, 0x7356, 0x7357, 0x7378, 0x7379, 0x6B9A, 0x6B9A, 0x6BBB, 0x63BC,
    0x9AA2, 0x9AC2, 0xA2C2, 0xA2C3, 0xA2C4, 0xA2C4, 0xA2C5, 0xA2C6, 0xA2C6, 0xA2C7, 0xA2E8, 0xA2E9, 0xA2EA, 0xA2EC, 0xA30D, 0xA30D,
    0xA32E, 0xA32F, 0x9B31, 0x9B32, 0x9352, 0x8B53, 0x8354, 0x7B75, 0x7B76, 0x7B97, 0x7B98, 0x73B9, 0x73B9, 0x73DA, 0x73DB, 0x73FC,
    0x9B02, 0xA302, 0xA302, 0xA303, 0xA304, 0xA304, 0xA305, 0xA326, 0xA326, 0xA307, 0xA308, 0xA309, 0xA32A, 0xA32B, 0xA32C, 0xA34D,
    0xA34E, 0xA34F, 0xA370, 0x9B72, 0x9B72, 0x9373, 0x8394, 0x8395, 0x83B6, 0x83B7, 0x7BD7, 0x7BD8, 0x7BF9, 0x7BFA, 0x7C1B, 0x7C1C,
    0x9B42, 0x9B42, 0xA343, 0xA343, 0xA344, 0xA344, 0xA365, 0xA366, 0xA366, 0xA367, 0xA368, 0xA349, 0xA34A, 0xA36B, 0xA36C, 0xA36D,
    0xA38E, 0xA38F, 0xA390, 0xA391, 0x9BB2, 0x93B3, 0x8BB4, 0x83D5, 0x83F6, 0x83F7, 0x8418, 0x8418, 0x8439, 0x843A, 0x845B, 0x845C,
    0x9B82, 0x9B82, 0xA383, 0xA383, 0xA384, 0xA385, 0xA3A5, 0xA3A6, 0xA3A6, 0xA3A7, 0xA3A8, 0xA3A9, 0xA3AA, 0xA3AB, 0xA3AC, 0xA3AD,
    0xA3AE, 0xA3CF, 0xA3D0, 0xA3F1, 0xA3F2, 0x9BF3, 0x93F4, 0x8C15, 0x8C16, 0x8C37, 0x8C38, 0x8C58, 0x8C59, 0x8C7A, 0x8C7B, 0x8C9C,
    0x9BC2, 0x9BC2, 0xA3C3, 0xA3C3, 0xA3C4, 0xA3E5, 0xA3E5, 0xA3E6, 0xA3E7, 0xA3E7, 0xA3E8, 0xA3E9, 0xA3EA, 0xA3EB, 0xA3EC, 0xA3ED,
    0xA3EE, 0xA3EF, 0xA410, 0xA411, 0xA412, 0x9C33, 0x9434, 0x9455, 0x9456, 0x9477, 0x9478, 0x8C98, 0x8C99, 0x8C9A, 0x8CBB, 0x8CBC,
    0x9C02, 0x9C02, 0xA403, 0xA404, 0xA404, 0xA425, 0xA426, 0xA426, 0xA427, 0xA428, 0xA448, 0xA429, 0xA42A, 0xA42B, 0xA42C, 0xA42D,
    0xA42E, 0xA42F, 0xA450, 0xA451, 0xA472, 0xA473, 0x9C74, 0x9475, 0x9496, 0x9497, 0x94B8, 0x94B8, 0x94D9, 0x94DA, 0x94DB, 0x94FC,
    0x9C22, 0x9C42, 0x9C43, 0xA444, 0xA444, 0xA465, 0xA466, 0xA467, 0xA467, 0xA468, 0xA469, 0xA46A, 0xA46B, 0xA48C, 0xA48C, 0xA48D,
    0xA48E, 0xA48F, 0xA470, 0xA491, 0xA492, 0xA493, 0x9CB4, 0x9CB5, 0x9CB6, 0x9CD7, 0x9CF8, 0x9CF9, 0x9D19, 0x9D1A, 0x9D3B, 0x9D3C,
    0x9C62, 0x9C62, 0x9C63, 0x9C63, 0x9C84, 0x9C85, 0x9C86, 0xA486, 0xA487, 0xA4A8, 0xA4A8, 0xA4A9, 0xA4AA, 0xA4AB, 0xA4AC, 0xA4CD,
    0xA4CF, 0xA4D0, 0xA4D0, 0xA4D1, 0xA4D2, 0xA4F3, 0xA4F4, 0xA4F5, 0xA516, 0xA517, 0xA538, 0xA539, 0xA559, 0xA55A, 0xA55B, 0xA57C,
    0x9482, 0x9482, 0x9CA3, 0x9CA3, 0x9CA4, 0x9CC5, 0x9CC5, 0x9CC6, 0xA4C7, 0xA4C8, 0xA4C8, 0xA4C9, 0xA4CA, 0xA4EB, 0xA4EC, 0xA4ED,
    0xA4EE, 0xA4EF, 0xA510, 0xA511, 0xA512, 0xA513, 0xA534, 0xA535, 0xA536, 0xA557, 0xA558, 0xA579, 0xA57A, 0xA59A, 0xA59B, 0xA5BC,
    0x94C2, 0x9CE2, 0x9CE3, 0x9CE3, 0x9CE4, 0x9D04, 0x9D05, 0xA506, 0xA507, 0xA508, 0xA508, 0xA509, 0xA50A, 0xA50B, 0xA50C, 0xA52D,
    0xA52E, 0xA52F, 0xA530, 0xA531, 0xA532, 0xA553, 0xA554, 0xAD55, 0xAD76, 0xAD77, 0xAD78, 0xAD99, 0xADBA, 0xADBA, 0xADDB, 0xADDC,
    0x9502, 0x9502, 0x9D23, 0x9D23, 0x9D24, 0x9D24, 0x9D25, 0x9D45, 0x9D46, 0x9D27, 0x9D28, 0xA529, 0xA54A, 0xA54B, 0xA54C, 0x9D4D,
    0x9D4E, 0x9D4F, 0x9D50, 0x9D51, 0x9D51, 0x9D52, 0xA574, 0xA595, 0xAD96, 0xAD97, 0xAD98, 0xADB9, 0xADDA, 0xADFA, 0xADFB, 0xAE1C,
    0x9542, 0x9542, 0x9543, 0x9543, 0x9D44, 0x9D64, 0x9D64, 0x9D65, 0x9D66, 0x9D47, 0x9D68, 0x9D69, 0x9D6A, 0x9D6B, 0x9D6C, 0x9D6D,
    0x9D6E, 0x9D8F, 0x9D8F, 0x9D90, 0x9D91, 0x9D92, 0x9D93, 0xA5B5, 0xADD6, 0xADD7, 0xADD8, 0xADF9, 0xADFA, 0xAE1B, 0xAE1B, 0xB63C,
    0x9582, 0x9582, 0x9583, 0x9DA3, 0x9DA4, 0x9DA4, 0x9DA4, 0x9DA5, 0x9DA6, 0x9DA7, 0x9DA8, 0x9DA9, 0x9DAA, 0x9DAB, 0x9DAC, 0x9DAD,
    0x9DAD, 0x9DAE, 0x9DAF, 0x9DB0, 0x9DB1, 0x9DB2, 0x9DB3, 0xA5D4, 0xADF6, 0xAE17, 0xAE18, 0xAE19, 0xAE3A, 0xAE3B, 0xAE3C, 0xB65C,
    0x95C2, 0x95C2, 0x95C3, 0x95C3, 0x95C4, 0x9DE4, 0x9DC4, 0x9DC5, 0x9DC5, 0x9DC6, 0x9DE7, 0x9DE8, 0x9DE9, 0x9DEA, 0x9DEB, 0x9DEC,
    0x9DED, 0x9DEE, 0x9DEF, 0x95F0, 0x95F1, 0x95F1, 0x9DF2, 0x9E14, 0xA636, 0xAE37, 0xAE58, 0xAE59, 0xAE5A, 0xAE5B, 0xAE7C, 0xB67D,
    0x9602, 0x9602, 0x9603, 0x9603, 0x9604, 0x9604, 0x9605, 0x9605, 0x9E05, 0x9E06, 0x9E07, 0x9E08, 0x9E09, 0x9E0A, 0x9E0B, 0x9E0C,
    0x9E0D, 0x9E0E, 0x9E0F, 0x960F, 0x9610, 0x9611, 0x9612, 0x9E33, 0x9E55, 0xA656, 0xAE78, 0xAE79, 0xAE7A, 0xAE9B, 0xAE9C, 0xAE9D,
    0x9642, 0x9642, 0x9643, 0x9643, 0x9644, 0x9644, 0x9645, 0x9645, 0x9645, 0x9E46, 0x9E46, 0x9E48, 0x9E49, 0x9E4A, 0x9E4B, 0x9E4C,
    0x9E4D, 0x9E4E, 0x9E4E, 0x9E4F, 0x9E50, 0x9E71, 0x9651, 0x9652, 0x9E74, 0xA696, 0xAE97, 0xAEB9, 0xAEBA, 0xAEBB, 0xAEDC, 0xB6DD,
    0x96A2, 0x96A2, 0x96A3, 0x9684, 0x9684, 0x9684, 0x9685, 0x96A5, 0x96A6, 0x9EA6, 0x9EA7, 0x9EA7, 0x9EA8, 0x9EAA, 0x9EAB, 0x9EAC,
    0x9EAD, 0x9EAE, 0x9EAE, 0x9EAF, 0x9EB0, 0x9EB1, 0x9EB1, 0x96B2, 0x96B3, 0x9ED5, 0xA6D7, 0xAEF9, 0xAEFA, 0xAEFB, 0xAEFC, 0xB6FD,
    0x96E2, 0x9703, 0x96E3, 0x96E4, 0x96E4, 0x96E5, 0x96E5, 0x96E5, 0x96E6, 0x96E6, 0x96E7, 0x96E7, 0x9EE8, 0x9EE9, 0x9EEB, 0x96EC,
    0x9EED, 0x9EED, 0x9EEE, 0x9EEF, 0x9EF0, 0x9EF1, 0x9EF1, 0x96F2, 0x96F3, 0x9715, 0xA717, 0xAF18, 0xAF3A, 0xAF3B, 0xAF3C, 0xAF3D,
    0x9742, 0x8F23, 0x8F23, 0x8F24, 0x8F24, 0x8F25, 0x9725, 0x9726, 0x9726, 0x9727, 0x9727, 0x9748, 0x9748, 0x9749, 0x974A, 0x972C,
    0x972D, 0x9F2D, 0x9F2E, 0x9F2F, 0x9F50, 0x9F51, 0x9F51, 0x9752, 0x9753, 0x9755, 0x9F56, 0xA758, 0xAF7A, 0xAF7B, 0xAF7C, 0xAF7D,
    0xA062, 0xA062, 0xA063, 0xA064, 0xA064, 0xA065, 0xA066, 0xA067, 0xA067, 0xA068, 0xA069, 0xA08A, 0xA08B, 0xA08C, 0xA06E, 0xA070,
    0x9871, 0x90B2, 0x88B3, 0x78D4, 0x68F4, 0x50F5, 0x5115, 0x5116, 0x5117, 0x5138, 0x5939, 0x5939, 0x595A, 0x595B, 0x597C, 0x59BD,
    0xA082, 0xA082, 0xA083, 0xA0A4, 0xA0A4, 0xA0A5, 0xA0A6, 0xA0A7, 0xA087, 0xA088, 0xA0A9, 0xA0AA, 0xA0AB, 0xA0AC, 0xA0AE, 0xA090,
    0x98B1, 0x90D2, 0x88F3, 0x78F4, 0x6914, 0x5115, 0x5135, 0x5136, 0x5137, 0x5158, 0x5959, 0x5959, 0x597A, 0x597B, 0x599C, 0x61BD,
    0xA0C2, 0xA0C2, 0xA0C3, 0xA0C4, 0xA0C4, 0xA0C5, 0xA0C6, 0xA0C7, 0xA0C7, 0xA0C8, 0xA0C9, 0xA0CA, 0xA0EB, 0xA0CC, 0xA0CE, 0xA0D0,
    0x98D1, 0x90F2, 0x8913, 0x7934, 0x6934, 0x5155, 0x5155, 0x5156, 0x5177, 0x5178, 0x5978, 0x5999, 0x599A, 0x599B, 0x59BC, 0x59DD,
    0xA0E2, 0xA0E2, 0xA0E3, 0xA0E4, 0xA0E4, 0xA0E5, 0xA0E6, 0xA107, 0xA108, 0xA108, 0xA109, 0xA10A, 0xA10B, 0xA10C, 0xA10E, 0x98F0,
    0x9911, 0x9132, 0x8933, 0x7954, 0x6974, 0x5175, 0x5175, 0x5196, 0x5197, 0x5998, 0x59B9, 0x59B9, 0x59DA, 0x59DB, 0x59DC, 0x621D,
    0xA102, 0xA102, 0xA123, 0xA124, 0xA124, 0xA125, 0xA126, 0xA127, 0xA128, 0xA128, 0xA129, 0xA14A, 0xA14B, 0xA14C, 0xA14E, 0x9930,
    0x9931, 0x9152, 0x8973, 0x8174, 0x6994, 0x51B5, 0x51B5, 0x51B6, 0x51B7, 0x59D8, 0x59D8, 0x59F9, 0x59FA, 0x59FB, 0x5A1C, 0x621D,
    0xA122, 0xA122, 0xA143, 0xA144, 0xA144, 0xA145, 0xA146, 0xA147, 0xA168, 0xA168, 0xA169, 0xA16A, 0xA18B, 0xA18C, 0xA18E, 0x996F,
    0x9971, 0x9192, 0x8993, 0x81B4, 0x71B4, 0x59D5, 0x51D5, 0x51F6, 0x51F7, 0x59F7, 0x5A18, 0x5A19, 0x5A1A, 0x5A3B, 0x5A3C, 0x625D,
    0xA142, 0xA143, 0xA163, 0xA164, 0xA164, 0xA165, 0xA186, 0xA187, 0xA188, 0xA188, 0xA189, 0xA1AA, 0xA1AB, 0xA1CC, 0xA1CD, 0x99AF,
    0x99B0, 0x91B1, 0x89D2, 0x81D3, 0x71F4, 0x59F4, 0x5215, 0x5216, 0x5216, 0x5A37, 0x5A38, 0x5A39, 0x5A5A, 0x5A5B, 0x5A7C, 0x627D,
    0xA182, 0xA182, 0xA183, 0xA184, 0xA184, 0xA1A5, 0xA1A6, 0xA1A6, 0xA1A7, 0xA1C8, 0xA1C9, 0xA1CA, 0xA1EB, 0xA1EC, 0xA20D, 0xA20E,
    0x99F0, 0x99F1, 0x9212, 0x8A13, 0x7A34, 0x6A34, 0x5A35, 0x5A56, 0x5A57, 0x5A58, 0x5A78, 0x5A79, 0x5A9A, 0x5A9B, 0x5A9C, 0x62BD,
    0xA1A2, 0xA1A2, 0xA1A3, 0xA1A4, 0xA1C4, 0xA9C5, 0xA9C5, 0xA9C6, 0xA1E7, 0xA1E8, 0xA1E9, 0xA20A, 0xA20B, 0xA22C, 0xA22D, 0xA22E,
    0xA230, 0x9A31, 0x9252, 0x8A53, 0x8254, 0x7274, 0x6275, 0x5A76, 0x5A96, 0x5A97, 0x5A98, 0x5AB9, 0x5ABA, 0x5ABB, 0x5ADC, 0x62DC,
    0xA1E2, 0xA1E2, 0xA1E3, 0xA9E4, 0xA9E4, 0xA9E5, 0xA9E5, 0xAA06, 0xAA07, 0xAA08, 0xAA29, 0xA22A, 0xA22B, 0xA24C, 0xA26D, 0xA26D,
    0xA26F, 0xA271, 0x9A72, 0x9293, 0x8A93, 0x7A94, 0x6A95, 0x6AB5, 0x62B6, 0x5AB7, 0x5AD8, 0x5AD9, 0x5AFA, 0x5AFB, 0x5AFB, 0x631C,
    0xA202, 0xA202, 0xAA03, 0xAA03, 0xAA24, 0xAA25, 0xAA25, 0xAA26, 0xAA27, 0xAA48, 0xAA49, 0xA24A, 0xA26B, 0xA26C, 0xA28D, 0xA2AD,
    0xA2AF, 0xA2B0, 0x9AB1, 0x92B2, 0x8AD3, 0x82D4, 0x72D4, 0x72D5, 0x6AF6, 0x6AF7, 0x62F8, 0x6319, 0x5B1A, 0x5B3B, 0x633B, 0x635C,
    0xA242, 0xA242, 0xAA43, 0xAA43, 0xAA44, 0xAA64, 0xAA65, 0xAA66, 0xAA67, 0xAA68, 0xAA89, 0xA28A, 0xA28B, 0xA2AC, 0xA2AD, 0xA2AD,
    0xA2CE, 0xA2D0, 0xA2D1, 0x9AF2, 0x92F3, 0x8B14, 0x8314, 0x7315, 0x7316, 0x7337, 0x6B38, 0x6B59, 0x6B5A, 0x6B7B, 0x637B, 0x639C,
    0xA282, 0xA282, 0xAA82, 0xAA83, 0xAA84, 0xAA84, 0xAAA5, 0xAAA6, 0xAAA7, 0xAAA8, 0xAAA9, 0xAAAA, 0xA2CB, 0xA2CC, 0xA2CD, 0xA2ED,
    0xA2EE, 0xA30F, 0xA311, 0xA312, 0x9B33, 0x9333, 0x8B34, 0x7B55, 0x7B56, 0x7B57, 0x7378, 0x7379, 0x739A, 0x739A, 0x6BBB, 0x6BBC,
    0xA2A2, 0xA2A2, 0xAAC2, 0xAAC3, 0xAAC4, 0xAAC4, 0xAAC5, 0xAAC6, 0xAAC6, 0xAAE7, 0xAAE8, 0xAAEA, 0xAAEB, 0xAB0C, 0xAB0D, 0xAB0E,
    0xAB2E, 0xAB2F, 0xA331, 0xA332, 0x9B53, 0x9B53, 0x8B74, 0x8375, 0x8396, 0x7B97, 0x7BB8, 0x7BB8, 0x7BB9, 0x7BDA, 0x73DB, 0x73FC,
    0xA2E2, 0xAAE2, 0xAB03, 0xAB03, 0xAB04, 0xAB04, 0xAB05, 0xAB05, 0xAB06, 0xAB07, 0xAB28, 0xAB29, 0xAB2A, 0xAB2B, 0xAB2D, 0xAB4E,
    0xAB4E, 0xAB6F, 0xAB70, 0xA372, 0xA373, 0x9B93, 0x9394, 0x8BB5, 0x83B6, 0x83B7, 0x83D7, 0x83D8, 0x83F9, 0x7BFA, 0x7C1B, 0x7C3C,
    0xA322, 0xAB42, 0xAB43, 0xAB43, 0xAB44, 0xAB44, 0xAB65, 0xAB66, 0xAB66, 0xAB67, 0xAB68, 0xAB69, 0xAB6A, 0xAB6B, 0xAB6C, 0xAB6D,
    0xAB8E, 0xAB8F, 0xABB0, 0xABB1, 0xA3B2, 0xA3B3, 0x9BD4, 0x8BD5, 0x8BF6, 0x8BF7, 0x8C18, 0x8C18, 0x8C39, 0x8C3A, 0x8C5B, 0x845C,
    0xA382, 0xA382, 0xAB83, 0xAB83, 0xAB84, 0xAB84, 0xABA5, 0xABA6, 0xABA6, 0xABA7, 0xABA8, 0xABA9, 0xABAA, 0xABAB, 0xABAC, 0xABAD,
    0xABAE, 0xABCF, 0xABD0, 0xABF1, 0xABF2, 0xA3F3, 0x9BF4, 0x9415, 0x9416, 0x9437, 0x8C38, 0x8C58, 0x8C79, 0x8C7A, 0x8C7B, 0x8C9C,
    0xA3C2, 0xA3C2, 0xABC3, 0xABC3, 0xABE4, 0xABE5, 0xABE5, 0xABE6, 0xABE7, 0xABE7, 0xABE8, 0xABE9, 0xABEA, 0xABEB, 0xABEC, 0xABED,
    0xABEE, 0xABEF, 0xAC10, 0xAC31, 0xAC32, 0xAC34, 0xA434, 0x9C55, 0x9456, 0x9477, 0x9478, 0x9498, 0x9499, 0x949A, 0x94BB, 0x94BC,
    0xA402, 0xA402, 0xAC03, 0xAC03, 0xAC24, 0xAC25, 0xAC26, 0xAC26, 0xAC27, 0xAC48, 0xAC28, 0xAC29, 0xAC2A, 0xAC2B, 0xAC2C, 0xAC2D,
    0xAC2E, 0xAC2F, 0xAC50, 0xAC51, 0xAC72, 0xAC73, 0xA474, 0x9C75, 0x9C96, 0x9C97, 0x9CB8, 0x9CB8, 0x94D9, 0x94DA, 0x94DB, 0x94FC,
    0xA442, 0xA442, 0xAC43, 0xAC43, 0xAC64, 0xAC65, 0xAC66, 0xAC67, 0xAC67, 0xAC88, 0xAC89, 0xAC6A, 0xAC8A, 0xAC8B, 0xAC8C, 0xAC8D,
    0xAC6E, 0xAC6F, 0xAC70, 0xAC91, 0xAC92, 0xAC93, 0xAC94, 0xA4B5, 0x9CB6, 0x9CD7, 0x9CF8, 0x9CF9, 0x9D19, 0x9D1A, 0x9D3B, 0xA53C,
    0xA482, 0xA482, 0xA483, 0xA483, 0xAC84, 0xACA5, 0xACA6, 0xACA7, 0xACA7, 0xACA8, 0xACA9, 0xACAA, 0xACCB, 0xACCC, 0xACCD, 0xACCD,
    0xACCE, 0xACCF, 0xACD0, 0xACD1, 0xACD2, 0xACF3, 0xACF4, 0xACF5, 0xA516, 0xA517, 0xA538, 0xA539, 0xA559, 0xA55A, 0xA55B, 0xA57C,
    0xA4A2, 0xA4A2, 0xA4A3, 0xA4C3, 0xA4C4, 0xA4C5, 0xACC6, 0xACC6, 0xACE7, 0xACE8, 0xACE9, 0xACEA, 0xACEB, 0xACEC, 0xAD0D, 0xAD0D,
    0xAD0F, 0xAD10, 0xAD11, 0xAD11, 0xAD12, 0xAD13, 0xAD34, 0xAD35, 0xAD36, 0xAD57, 0xAD58, 0xAD59, 0xAD79, 0xAD7A, 0xAD9B, 0xAD9C,
    0x9CE2, 0xA4E2, 0xA4E3, 0xA4E3, 0xA4E4, 0xA504, 0xA505, 0xA506, 0xAD07, 0xAD08, 0xAD09, 0xAD09, 0xAD0A, 0xAD2B, 0xAD2C, 0xAD2D,
    0xAD2E, 0xAD2F, 0xAD50, 0xAD51, 0xAD52, 0xAD53, 0xAD54, 0xAD75, 0xAD76, 0xAD77, 0xAD78, 0xAD99, 0xADBA, 0xADBA, 0xADDB, 0xADDC,
    0x9D22, 0x9D22, 0xA523, 0xA523, 0xA524, 0xA544, 0xA545, 0xA546, 0xAD47, 0xAD48, 0xAD49, 0xAD49, 0xAD4A, 0xAD4B, 0xAD4C, 0xAD4D,
    0xAD4E, 0xAD4F, 0xAD70, 0xAD71, 0xAD72, 0xAD73, 0xAD74, 0xAD95, 0xAD96, 0xB597, 0xB5B8, 0xB5B9, 0xB5DA, 0xB5FB, 0xB61B, 0xB61C,
    0x9D42, 0x9D42, 0x9D43, 0xA563, 0xA564, 0xA564, 0xA564, 0xA565, 0xA566, 0xA567, 0xA568, 0xA569, 0xAD6A, 0xAD6B, 0xAD6C, 0xAD8D,
    0xA58E, 0xA58F, 0xA590, 0xA591, 0xADB2, 0xADB3, 0xADB4, 0xADB5, 0xB5D6, 0xB5D7, 0xB5F8, 0xB5F9, 0xB61A, 0xB61B, 0xB63B, 0xB63C,
    0x9D82, 0x9DA2, 0xA5A3, 0xA5A3, 0xA5A4, 0xA5A4, 0xA5A4, 0xA5A5, 0xA5A6, 0xA5A7, 0xA5A8, 0xADA9, 0xADAA, 0xADAB, 0xADAC, 0xADCD,
    0xA5CE, 0xA5CF, 0xA5D0, 0xA5D1, 0xA5D1, 0xA5D2, 0xA5D3, 0xA5D4, 0xADF6, 0xB617, 0xB618, 0xB619, 0xB63A, 0xB63B, 0xB65C, 0xB65C,
    0x9DC2, 0x9DE2, 0x9DE3, 0xA5E3, 0xA5E4, 0xA5E4, 0xA5E5, 0xA5E5, 0xA5E6, 0xA5E7, 0xA5E8, 0xA5E9, 0xA5EA, 0xA5EB, 0xA5EC, 0xA5ED,
    0xA5EE, 0xA5EE, 0xA5EF, 0xA5F0, 0xA5F1, 0xA5F2, 0xA5F3, 0xA5F4, 0xAE15, 0xAE37, 0xB658, 0xB659, 0xB65A, 0xB65B, 0xB67C, 0xB67D,
    0x9E02, 0x9E22, 0x9E23, 0x9E23, 0xA624, 0x9E04, 0xA605, 0xA605, 0xA605, 0xA626, 0xA627, 0xA628, 0xA629, 0xA62A, 0xA62B, 0xA62C,
    0xA62D, 0xA62E, 0xA62F, 0xA630, 0xA631, 0xA631, 0x9E32, 0x9E33, 0xA634, 0xAE56, 0xB678, 0xB679, 0xB67A, 0xB69B, 0xB69C, 0xB6BD,
    0x9E42, 0x9E62, 0x9E63, 0x9E63, 0x9E44, 0x9E44, 0x9E45, 0x9E45, 0xA645, 0xA646, 0xA666, 0xA668, 0xA669, 0xA66A, 0xA66B, 0xA66C,
    0xA64D, 0xA64E, 0xA64F, 0xA670, 0xA670, 0xA671, 0xA672, 0x9E73, 0x9E74, 0xA696, 0xAE97, 0xB6B9, 0xB6BA, 0xB6BB, 0xB6DC, 0xB6DD,
    0x9EA2, 0x9EC3, 0x9EC3, 0x9EA4, 0x9EA4, 0x9EA4, 0x9EA5, 0x9EA5, 0xA6A6, 0xA6A6, 0xA6A7, 0xA6A7, 0xA6A9, 0xA6AA, 0xA6AB, 0xA6AC,
    0xA6AD, 0xA6AE, 0xA6AF, 0xA6B0, 0xA6B0, 0xA6D1, 0xA6D2, 0xA6D2, 0x9EB3, 0xA6D5, 0xAED7, 0xB6F8, 0xB6FA, 0xB6FB, 0xB6FC, 0xB71D,
    0x9F02, 0x9F03, 0x9EE3, 0x9EE4, 0x9EE4, 0x9EE5, 0x9EE5, 0x9EE6, 0x9EE6, 0x9EE6, 0xA6E7, 0xA6E7, 0xA6E8, 0xA6EA, 0xA6EB, 0xA6EC,
    0xA6ED, 0xA6EE, 0xA6EF, 0xA6F0, 0xA710, 0xA711, 0xA712, 0xA712, 0x9F13, 0x9F14, 0xA716, 0xAF18, 0xB73A, 0xB73B, 0xB73C, 0xB73D,
    0x9F42, 0x9F23, 0x9F23, 0x9F24, 0x9F24, 0x9F25, 0x9F25, 0x9F26, 0x9F26, 0x9F27, 0x9F27, 0xA748, 0xA748, 0xA749, 0xA74B, 0xA74C,
    0xA74D, 0xA74E, 0xA74F, 0xA750, 0xA750, 0xA751, 0xA752, 0xA752, 0xA753, 0x9F54, 0xA776, 0xAF78, 0xB779, 0xB77B, 0xB77C, 0xB77D,
    0xA862, 0xA862, 0xA863, 0xA864, 0xA864, 0xA865, 0xA866, 0xA867, 0xA867, 0xA868, 0xA869, 0xA88A, 0xA88B, 0xA88C, 0xA88E, 0xA86F,
    0xA871, 0xA092, 0x98B3, 0x90D4, 0x80D5, 0x68F5, 0x5916, 0x5916, 0x5917, 0x5938, 0x5938, 0x5939, 0x595A, 0x615B, 0x617C, 0x619D,
    0xA882, 0xA882, 0xA883, 0xA884, 0xA884, 0xA885, 0xA886, 0xA887, 0xA888, 0xA888, 0xA889, 0xA8AA, 0xA8AB, 0xA8AC, 0xA8AE, 0xA88F,
    0xA891, 0xA0B2, 0x98D3, 0x90F4, 0x8115, 0x7115, 0x5936, 0x5936, 0x5937, 0x5958, 0x5958, 0x5959, 0x597A, 0x617B, 0x619C, 0x61BD,
    0xA8C2, 0xA8C2, 0xA8C3, 0xA8C4, 0xA8C4, 0xA8C5, 0xA8C6, 0xA8C7, 0xA8C8, 0xA8C8, 0xA8C9, 0xA8CA, 0xA8EB, 0xA8EC, 0xA8CE, 0xA8CF,
    0xA8B1, 0xA0D2, 0x98F3, 0x9114, 0x8135, 0x7135, 0x5956, 0x5956, 0x5977, 0x5978, 0x5978, 0x5979, 0x599A, 0x619B, 0x61BC, 0x61DD,
    0xA8E2, 0xA8E2, 0xA8E3, 0xA8E4, 0xA8E4, 0xA8E5, 0xA8E6, 0xA8E7, 0xA908, 0xA8E8, 0xA909, 0xA90A, 0xA90B, 0xA90C, 0xA90E, 0xA90F,
    0xA0F1, 0xA112, 0x9933, 0x9154, 0x8155, 0x7175, 0x5976, 0x5996, 0x5997, 0x5998, 0x59B8, 0x59B9, 0x59DA, 0x61DB, 0x61DC, 0x61FD,
    0xA902, 0xA902, 0xA923, 0xA924, 0xA924, 0xA925, 0xA926, 0xA927, 0xA928, 0xA928, 0xA929, 0xA94A, 0xA94B, 0xA94C, 0xA94E, 0xA94F,
    0xA931, 0xA152, 0x9953, 0x9174, 0x8195, 0x7195, 0x59B6, 0x59B6, 0x59D7, 0x59D7, 0x59D8, 0x59D9, 0x61FA, 0x61FB, 0x621C, 0x621D,
    0xA922, 0xA922, 0xA943, 0xA944, 0xA944, 0xA945, 0xA946, 0xA947, 0xA948, 0xA968, 0xA969, 0xA96A, 0xA98B, 0xA98C, 0xA98D, 0xA98F,
    0xA171, 0xA172, 0x9993, 0x91B4, 0x89B5, 0x79D5, 0x61D6, 0x59F6, 0x59F7, 0x59F7, 0x5A18, 0x5A19, 0x621A, 0x623B, 0x623C, 0x625D,
    0xA942, 0xA942, 0xA963, 0xA964, 0xA964, 0xA965, 0xA986, 0xA986, 0xA988, 0xA988, 0xA989, 0xA9AA, 0xA9AB, 0xA9CC, 0xA9CD, 0xA9CF,
    0xA1B0, 0xA1B1, 0x99D3, 0x91D4, 0x89F4, 0x79F5, 0x6A15, 0x5A16, 0x5A16, 0x5A37, 0x5A38, 0x5A39, 0x625A, 0x625B, 0x627C, 0x627D,
    0xA982, 0xA983, 0xA983, 0xA984, 0xA984, 0xA9A5, 0xA9A6, 0xA9A6, 0xA9A7, 0xA9C8, 0xA9C9, 0xA9CA, 0xA9EB, 0xA9EC, 0xAA0D, 0xAA0E,
    0xA9F0, 0xA1F1, 0xA1F2, 0x9A13, 0x8A14, 0x8235, 0x6A35, 0x6256, 0x5A57, 0x5A57, 0x5A78, 0x5A79, 0x629A, 0x629B, 0x629C, 0x62BD,
    0xA9A2, 0xA9A2, 0xA9A3, 0xA9A4, 0xA9C4, 0xB1C5, 0xB1C6, 0xB1E6, 0xA9E7, 0xA9E8, 0xAA09, 0xAA0A, 0xAA0B, 0xAA2C, 0xAA2D, 0xAA4E,
    0xAA4F, 0xA231, 0xA232, 0x9A53, 0x9254, 0x8275, 0x7275, 0x6A76, 0x6296, 0x5A97, 0x5A98, 0x62B9, 0x62BA, 0x62BB, 0x62DC, 0x62DC,
    0xA9E2, 0xA9E2, 0xA9E3, 0xB1E4, 0xB1E4, 0xB1E5, 0xB205, 0xB206, 0xB207, 0xAA28, 0xAA29, 0xAA4A, 0xAA4B, 0xAA4C, 0xAA6D, 0xAA8D,
    0xAA8F, 0xA290, 0xA292, 0x9A93, 0x9294, 0x8AB4, 0x7AB5, 0x6AB6, 0x6AB6, 0x6AB7, 0x62D8, 0x62D9, 0x62FA, 0x62FB, 0x62FB, 0x631C,
    0xAA02, 0xAA02, 0xAA03, 0xB203, 0xB224, 0xB225, 0xB225, 0xB226, 0xB247, 0xAA48, 0xAA69, 0xAA6A, 0xAA6B, 0xAA8C, 0xAA8D, 0xAAAD,
    0xAAAE, 0xAAB0, 0xA2B1, 0x9AD2, 0x9AD3, 0x92D4, 0x82D5, 0x7AD5, 0x72F6, 0x6AF7, 0x6AF8, 0x6B19, 0x631A, 0x633A, 0x633B, 0x635C,
    0xAA42, 0xAA42, 0xB243, 0xB243, 0xB244, 0xB244, 0xB265, 0xB266, 0xB267, 0xB288, 0xAA89, 0xAAAA, 0xAAAB, 0xAAAC, 0xAAAD, 0xAACE,
    0xAAEE, 0xAAF0, 0xAAF1, 0xA2F2, 0x9B13, 0x9314, 0x8B15, 0x8315, 0x7B16, 0x7B37, 0x7338, 0x7359, 0x735A, 0x6B7A, 0x6B7B, 0x6B9C,
    0xAA82, 0xAA82, 0xB282, 0xB283, 0xB284, 0xB284, 0xB285, 0xB2A6, 0xB2A7, 0xB2A8, 0xB2A9, 0xAACA, 0xAACB, 0xAACC, 0xAAED, 0xAAEE,
    0xAB0E, 0xAB0F, 0xAB11, 0xAB32, 0xA333, 0x9B34, 0x9354, 0x8B55, 0x8356, 0x7B77, 0x7B78, 0x7B79, 0x7B9A, 0x739A, 0x73BB, 0x73BC,
    0xAAA2, 0xAAA2, 0xB2C2, 0xB2C3, 0xB2C4, 0xB2C4, 0xB2C5, 0xB2C6, 0xB2C7, 0xB2E8, 0xB2E9, 0xAAEA, 0xAAEB, 0xB30C, 0xAB0D, 0xB30E,
    0xAB2E, 0xAB4F, 0xAB50, 0xAB52, 0xAB53, 0xA374, 0x9B74, 0x9375, 0x8B96, 0x8397, 0x83B7, 0x83B8, 0x7BB9, 0x7BDA, 0x7BDB, 0x7BFC,
    0xAAE2, 0xAAE2, 0xB2E3, 0xB303, 0xB303, 0xB304, 0xB305, 0xB306, 0xB306, 0xB328, 0xB329, 0xB32A, 0xB32B, 0xB32C, 0xB34D, 0xB34E,
    0xB34F, 0xB36F, 0xB370, 0xAB71, 0xAB73, 0xA394, 0xA394, 0x9BB5, 0x8BB6, 0x8BD6, 0x8BD7, 0x83D8, 0x83F9, 0x841A, 0x841B, 0x843C,
    0xAB22, 0xB342, 0xB343, 0xB343, 0xB343, 0xB344, 0xB345, 0xB365, 0xB366, 0xB367, 0xB368, 0xB369, 0xB36A, 0xB36B, 0xB36C, 0xB36D,
    0xB38F, 0xB38F, 0xB3B0, 0xB3B1, 0xABB2, 0xABB4, 0xA3D4, 0x9BD5, 0x93F6, 0x9417, 0x8C18, 0x8C38, 0x8C39, 0x8C5A, 0x8C5B, 0x8C5C,
    0xAB82, 0xB382, 0xB383, 0xB383, 0xB384, 0xB384, 0xB3A5, 0xB3A6, 0xB3A6, 0xB3A7, 0xB3A8, 0xB3A9, 0xB3AA, 0xB3AB, 0xB3AC, 0xB3AD,
    0xB3AE, 0xB3D0, 0xB3D0, 0xB3F1, 0xB3F2, 0xB3F4, 0xAC14, 0xA415, 0x9C16, 0x9437, 0x9458, 0x9458, 0x9479, 0x947A, 0x949B, 0x949C,
    0xABC2, 0xB3C2, 0xB3C3, 0xB3C3, 0xB3E4, 0xB3E4, 0xB3E5, 0xB3E6, 0xB3E7, 0xB3E8, 0xB3E8, 0xB3E9, 0xB3EA, 0xB3EB, 0xB3EC, 0xB3ED,
    0xB3EE, 0xB3EF, 0xB410, 0xB431, 0xB432, 0xB433, 0xAC34, 0xA455, 0x9C56, 0x9C77, 0x9C78, 0x9C98, 0x9499, 0x94BA, 0x94BB, 0x94BC,
    0xAC02, 0xB402, 0xB403, 0xB403, 0xB424, 0xB425, 0xB425, 0xB426, 0xB427, 0xB448, 0xB429, 0xB429, 0xB42A, 0xB42B, 0xB42C, 0xB42D,
    0xB42E, 0xB42F, 0xB450, 0xB451, 0xB472, 0xB473, 0xB474, 0xAC75, 0xA496, 0x9C97, 0x9CB8, 0x9CB8, 0x9CD9, 0x9CDA, 0x9CFB, 0x9CFC,
    0xAC42, 0xAC42, 0xB443, 0xB463, 0xB464, 0xB465, 0xB466, 0xB466, 0xB487, 0xB488, 0xB489, 0xB48A, 0xB48A, 0xB48B, 0xB48C, 0xB46D,
    0xB46E, 0xB46F, 0xB470, 0xB491, 0xB492, 0xB4B3, 0xB4B4, 0xACB5, 0xA4B6, 0xA4D7, 0xA4F8, 0xA4F9, 0xA519, 0xA51A, 0xA53B, 0xA53C,
    0xAC82, 0xAC82, 0xB483, 0xB4A3, 0xB4A4, 0xB4A5, 0xB4A6, 0xB4A7, 0xB4A7, 0xB4A8, 0xB4A9, 0xB4CA, 0xB4CB, 0xB4CC, 0xB4CD, 0xB4CD,
    0xB4CE, 0xB4CF, 0xB4D0, 0xB4D1, 0xB4D2, 0xB4F3, 0xB4F4, 0xB4F5, 0xAD16, 0xAD17, 0xAD18, 0xAD39, 0xAD39, 0xAD5A, 0xAD5B, 0xAD7C,
    0xACC2, 0xACC2, 0xACC3, 0xB4C3, 0xB4E4, 0xB4E5, 0xB4E6, 0xB4E7, 0xB4E8, 0xB4E8, 0xB4E9, 0xB50A, 0xB50B, 0xB50C, 0xB50D, 0xB50E,
    0xB50F, 0xB510, 0xB511, 0xB511, 0xB512, 0xB513, 0xB534, 0xB535, 0xB536, 0xAD57, 0xAD58, 0xAD59, 0xAD79, 0xAD7A, 0xAD9B, 0xAD9C,
    0xACE2, 0xACE2, 0xACE3, 0xAD03, 0xAD04, 0xAD05, 0xAD06, 0xB506, 0xB507, 0xB508, 0xB529, 0xB52A, 0xB52B, 0xB52C, 0xB52C, 0xB54D,
    0xB54E, 0xB550, 0xB551, 0xB552, 0xB553, 0xB553, 0xB554, 0xB555, 0xB576, 0xB577, 0xB578, 0xB599, 0xB59A, 0xB5BA, 0xB5BB, 0xB5DC,
    0xA522, 0xA522, 0xAD23, 0xAD23, 0xAD24, 0xAD44, 0xAD45, 0xAD46, 0xAD47, 0xAD48, 0xB549, 0xB549, 0xB54A, 0xB54B, 0xB54C, 0xB56D,
    0xB56E, 0xB56F, 0xB570, 0xB571, 0xB572, 0xB593, 0xB594, 0xB595, 0xB596, 0xB5B7, 0xB5B8, 0xB5D9, 0xB5DA, 0xB5FB, 0xB61B, 0xBE1C,
    0xA542, 0xA562, 0xAD63, 0xAD63, 0xAD64, 0xAD64, 0xAD85, 0xAD86, 0xAD67, 0xAD68, 0xAD68, 0xB569, 0xB58A, 0xB58B, 0xB58C, 0xB58D,
    0xB5AE, 0xB5AF, 0xB5B0, 0xB5B1, 0xB5B2, 0xB5B3, 0xB5D4, 0xB5D5, 0xB5D6, 0xBDF7, 0xBDF8, 0xBDF9, 0xBE1A, 0xBE3B, 0xBE3B, 0xBE5C,
    0xA5A2, 0xA5A2, 0xADA3, 0xADA3, 0xADA4, 0xADC4, 0xADC5, 0xADA6, 0xADA7, 0xADA7, 0xB5C8, 0xB5C9, 0xB5CA, 0xB5CB, 0xB5CC, 0xB5CD,
    0xB5CE, 0xB5CF, 0xB5D0, 0xADD1, 0xADD2, 0xADF3, 0xB5F4, 0xB5F5, 0xB5F6, 0xB617, 0xBE18, 0xBE39, 0xBE3A, 0xBE5B, 0xBE5C, 0xBE7C,
    0xA5E2, 0xA5E2, 0xADE3, 0xADE3, 0xADE4, 0xADE4, 0xADE5, 0xADE5, 0xADE6, 0xADE7, 0xADE8, 0xADE9, 0xB5EA, 0xB60B, 0xB60C, 0xB60D,
    0xB60E, 0xAE0F, 0xAE10, 0xAE11, 0xAE11, 0xAE12, 0xAE13, 0xAE14, 0xAE15, 0xB637, 0xBE58, 0xBE59, 0xBE5A, 0xBE7B, 0xBE7C, 0xBE9D,
    0xA622, 0xA622, 0xA623, 0xAE23, 0xAE24, 0xAE24, 0xAE25, 0xAE25, 0xAE26, 0xAE26, 0xAE27, 0xAE28, 0xAE29, 0xAE2B, 0xAE2C, 0xAE2D,
    0xAE2E, 0xAE2F, 0xAE2F, 0xAE30, 0xAE31, 0xAE32, 0xAE33, 0xAE34, 0xAE34, 0xAE56, 0xB678, 0xBE99, 0xBE9A, 0xBE9B, 0xBE9C, 0xBEBD,
    0xA662, 0xA662, 0xA663, 0xA663, 0xA644, 0xA644, 0xA645, 0xAE65, 0xAE66, 0xAE66, 0xAE67, 0xAE68, 0xAE69, 0xAE6A, 0xAE6B, 0xAE6C,
    0xAE6D, 0xAE6E, 0xAE6F, 0xAE70, 0xAE71, 0xAE92, 0xAE93, 0xAE93, 0xAE94, 0xAE95, 0xB697, 0xBEB9, 0xBEDA, 0xBEDB, 0xBEDC, 0xBEDD,
    0xA6A2, 0xA6C3, 0xA6C3, 0xA6A4, 0xA6A4, 0xA6A4, 0xA6A5, 0xAEA5, 0xAEA6, 0xAEA6, 0xAEA7, 0xAEA8, 0xAEA9, 0xAEAA, 0xAEAB, 0xAEAC,
    0xAEAD, 0xAEAE, 0xAEAF, 0xAEB0, 0xAED1, 0xAED2, 0xAED2, 0xAED3, 0xAED4, 0xAED5, 0xAED6, 0xB6F8, 0xBEFA, 0xBEFB, 0xBEFC, 0xBF1D,
    0xA702, 0xA703, 0xA6E3, 0xA6E4, 0xA6E4, 0xA6E5, 0xA6E5, 0xA6E6, 0xA6E6, 0xAEE6, 0xAEE7, 0xAEE7, 0xAF08, 0xAF0A, 0xAF0B, 0xAEEC,
    0xAEED, 0xAEEE, 0xAEEF, 0xAF10, 0xAF11, 0xAF11, 0xAF12, 0xAF33, 0xAF14, 0xAF14, 0xAF16, 0xB738, 0xBF39, 0xBF3B, 0xBF3C, 0xBF3D,
    0xA743, 0xA723, 0xA723, 0xA724, 0xA724, 0xA725, 0xA725, 0xA726, 0xA726, 0xA727, 0xAF47, 0xAF48, 0xAF48, 0xAF4A, 0xAF4B, 0xAF4C,
    0xAF4D, 0xAF4E, 0xAF4F, 0xAF50, 0xAF51, 0xAF51, 0xAF72, 0xB773, 0xAF74, 0xAF74, 0xAF76, 0xAF77, 0xB779, 0xBF7B, 0xBF7C, 0xBF7D,
    0xB062, 0xB062, 0xB063, 0xB064, 0xB064, 0xB065, 0xB066, 0xB067, 0xB068, 0xB068, 0xB069, 0xB06A, 0xB08B, 0xB08C, 0xB08D, 0xB08F,
    0xB071, 0xB072, 0xA893, 0xA0B4, 0x98D5, 0x88F6, 0x78F6, 0x6117, 0x5937, 0x5938, 0x6138, 0x6139, 0x615A, 0x615B, 0x617C, 0x619D,
    0xB082, 0xB082, 0xB083, 0xB084, 0xB084, 0xB085, 0xB086, 0xB087, 0xB088, 0xB088, 0xB089, 0xB0AA, 0xB0AB, 0xB0AC, 0xB0AD, 0xB0AF,
    0xB091, 0xB092, 0xA8B3, 0xA0D4, 0x98F5, 0x8916, 0x7916, 0x6137, 0x5957, 0x5958, 0x6158, 0x6159, 0x617A, 0x617B, 0x619C, 0x61BD,
    0xB0A2, 0xB0C2, 0xB0C3, 0xB0C4, 0xB0C4, 0xB0C5, 0xB0C6, 0xB0C7, 0xB0C8, 0xB0C8, 0xB0C9, 0xB0CA, 0xB0CB, 0xB0EC, 0xB0ED, 0xB0CF,
    0xB0D1, 0xB0B2, 0xA8F3, 0xA0F4, 0x9915, 0x8936, 0x7956, 0x6157, 0x5977, 0x5977, 0x6178, 0x6199, 0x619A, 0x619B, 0x61BC, 0x61DD,
    0xB0E2, 0xB0E2, 0xB0E3, 0xB0E4, 0xB0E4, 0xB0E5, 0xB0E6, 0xB0E7, 0xB0E8, 0xB0E8, 0xB109, 0xB10A, 0xB10B, 0xB10C, 0xB10D, 0xB10F,
    0xB111, 0xA8F2, 0xA913, 0xA134, 0x9955, 0x8956, 0x7976, 0x6197, 0x6197, 0x61B8, 0x61B8, 0x61B9, 0x61DA, 0x61DB, 0x61DC, 0x69FD,
    0xB102, 0xB102, 0xB103, 0xB124, 0xB124, 0xB125, 0xB126, 0xB127, 0xB128, 0xB128, 0xB129, 0xB12A, 0xB14B, 0xB14C, 0xB14D, 0xB14F,
    0xB131, 0xB132, 0xA953, 0xA174, 0x9975, 0x8996, 0x79B6, 0x69B6, 0x61D7, 0x61D7, 0x61D8, 0x61F9, 0x61FA, 0x61FB, 0x621C, 0x621D,
    0xB122, 0xB122, 0xB143, 0xB144, 0xB144, 0xB145, 0xB146, 0xB147, 0xB148, 0xB169, 0xB169, 0xB16A, 0xB16B, 0xB18C, 0xB18D, 0xB18F,
    0xB170, 0xB172, 0xA973, 0xA194, 0x99B5, 0x89D6, 0x81D6, 0x69F6, 0x61F7, 0x61F7, 0x6218, 0x6219, 0x621A, 0x623B, 0x623C, 0x6A5C,
    0xB142, 0xB162, 0xB163, 0xB164, 0xB164, 0xB165, 0xB186, 0xB187, 0xB187, 0xB188, 0xB189, 0xB1AA, 0xB1AB, 0xB1CC, 0xB1CD, 0xB1CE,
    0xB1B0, 0xA9B2, 0xA9B3, 0xA1D4, 0x99D5, 0x91F5, 0x8216, 0x7216, 0x6217, 0x6237, 0x6238, 0x6239, 0x625A, 0x625B, 0x627C, 0x6A7C,
    0xB182, 0xB183, 0xB183, 0xB184, 0xB1A4, 0xB1A5, 0xB1A6, 0xB1A6, 0xB1A7, 0xB1C8, 0xB1CA, 0xB1CA, 0xB1EB, 0xB1EC, 0xB20D, 0xB20E,
    0xB210, 0xB1F1, 0xA9F2, 0xA213, 0x9A15, 0x9235, 0x8A36, 0x7A56, 0x6257, 0x6257, 0x6278, 0x6279, 0x629A, 0x629B, 0x629C, 0x6ABC,
    0xB1A2, 0xB1A2, 0xB1A3, 0xB1C4, 0xB1C4, 0xB1C5, 0xB1C6, 0xB1E6, 0xB1E8, 0xB208, 0xB20A, 0xB20B, 0xB22B, 0xB22C, 0xB24D, 0xB24E,
    0xB24F, 0xAA51, 0xAA52, 0xA253, 0x9A54, 0x9275, 0x8A76, 0x7A96, 0x6A97, 0x6A97, 0x6298, 0x62B9, 0x62BA, 0x62BB, 0x62DB, 0x6ADC,
    0xB1E2, 0xB1E2, 0xB1E3, 0xB1E4, 0xB1E4, 0xB9E5, 0xBA05, 0xB206, 0xB227, 0xB229, 0xB24A, 0xB24B, 0xB24B, 0xB26C, 0xB28D, 0xB28E,
    0xB2AF, 0xAA90, 0xAA91, 0xA293, 0xA294, 0x9AB5, 0x8AB5, 0x82B6, 0x72B6, 0x6AB7, 0x6AD8, 0x62D9, 0x62DA, 0x62FA, 0x62FB, 0x6B1C,
    0xB202, 0xB202, 0xB203, 0xB204, 0xBA24, 0xBA25, 0xBA25, 0xBA26, 0xB247, 0xB268, 0xB26A, 0xB28B, 0xB28C, 0xB28C, 0xB2AD, 0xB2AE,
    0xB2CE, 0xB2D0, 0xAAD1, 0xAAD2, 0xA2D3, 0x9AF4, 0x92F5, 0x8AF6, 0x7AF6, 0x72F7, 0x72F8, 0x6B19, 0x6B1A, 0x6B3A, 0x6B3B, 0x6B5C,
    0xB242, 0xB242, 0xB243, 0xB243, 0xBA44, 0xBA45, 0xBA65, 0xBA66, 0xB267, 0xB288, 0xB2A9, 0xB2AA, 0xB2AB, 0xB2AC, 0xB2CD, 0xB2CE,
    0xB2EF, 0xB30F, 0xB311, 0xAB12, 0xAB13, 0xA314, 0x9B35, 0x9336, 0x8336, 0x7B37, 0x7B38, 0x7B59, 0x735A, 0x737A, 0x737B, 0x739C,
    0xB282, 0xB282, 0xB283, 0xBA83, 0xBA84, 0xBA84, 0xBA85, 0xBAA6, 0xBAA7, 0xB2A8, 0xB2C9, 0xB2CA, 0xB2CB, 0xB2EC, 0xB2ED, 0xB2EE,
    0xB30F, 0xB32F, 0xB331, 0xB332, 0xAB33, 0xA354, 0xA355, 0x9B55, 0x8B56, 0x8377, 0x8378, 0x8379, 0x7B99, 0x7B9A, 0x7BBB, 0x7BBC,
    0xB2A2, 0xB2A2, 0xB2A3, 0xBAC3, 0xBAC4, 0xBAC4, 0xBAC5, 0xBAC6, 0xBAE7, 0xB2E8, 0xB2E9, 0xB2EA, 0xB30B, 0xB30C, 0xB30D, 0xB32E,
    0xB32F, 0xB34F, 0xB350, 0xB372, 0xB373, 0xAB74, 0xA375, 0x9B95, 0x9396, 0x8B97, 0x8BB7, 0x83B8, 0x83B9, 0x83DA, 0x83DB, 0x7BFC,
    0xB2E2, 0xB2E2, 0xB2E3, 0xBB03, 0xBB03, 0xBB04, 0xBB05, 0xBB06, 0xBB07, 0xB328, 0xB329, 0xB32A, 0xB32B, 0xB32C, 0xB34D, 0xB34E,
    0xB36F, 0xB36F, 0xB390, 0xB391, 0xB393, 0xB394, 0xABB4, 0xA3B5, 0x9BB6, 0x93D6, 0x8BD7, 0x8BF8, 0x8BF9, 0x8C1A, 0x8C3B, 0x8C3C,
    0xB322, 0xB322, 0xB343, 0xBB43, 0xBB43, 0xBB44, 0xBB45, 0xBB46, 0xBB47, 0xB368, 0xB369, 0xB36A, 0xB36B, 0xB36C, 0xB36D, 0xB38E,
    0xB38F, 0xB390, 0xB3B0, 0xB3B1, 0xB3B2, 0xB3D4, 0xB3D5, 0xABF5, 0xA3F6, 0x9C17, 0x9417, 0x9438, 0x9439, 0x945A, 0x8C5B, 0x8C7C,
    0xB382, 0xB382, 0xB383, 0xBB83, 0xBB84, 0xBB84, 0xBBA5, 0xBBA6, 0xBBA7, 0xB3A8, 0xB3A8, 0xB3A9, 0xBBAA, 0xBBAB, 0xBBAC, 0xBBAD,
    0xBBCF, 0xBBD0, 0xBBF1, 0xBBF1, 0xBC12, 0xBC14, 0xB415, 0xAC15, 0xAC36, 0x9C37, 0x9C57, 0x9C58, 0x9479, 0x947A, 0x949B, 0x949C,
    0xB3C2, 0xB3C2, 0xBBC3, 0xBBC3, 0xBBE4, 0xBBE4, 0xBBE5, 0xBBE6, 0xBBE7, 0xBBE8, 0xBBE9, 0xBBE9, 0xBBEA, 0xBBEB, 0xBBEC, 0xBBED,
    0xBBEE, 0xBC0F, 0xBC11, 0xBC31, 0xBC32, 0xBC33, 0xBC35, 0xB455, 0xAC56, 0xA477, 0x9C78, 0x9C98, 0x9C99, 0x9CBA, 0x9CBB, 0x9CDC,
    0xB402, 0xB402, 0xBC03, 0xBC03, 0xBC24, 0xBC24, 0xBC25, 0xBC26, 0xBC27, 0xB428, 0xBC49, 0xBC49, 0xBC2A, 0xBC2B, 0xBC2C, 0xBC2D,
    0xBC2E, 0xBC2F, 0xBC50, 0xBC51, 0xBC72, 0xBC73, 0xBC74, 0xB475, 0xAC96, 0xA497, 0xA4B8, 0xA4B8, 0xA4D9, 0x9CDA, 0x9CFB, 0xA4FC,
    0xB442, 0xB442, 0xBC43, 0xBC63, 0xBC64, 0xBC65, 0xBC65, 0xBC66, 0xBC67, 0xB488, 0xBC89, 0xBC8A, 0xBC8A, 0xBC8B, 0xBC8C, 0xBC6D,
    0xBC6E, 0xBC6F, 0xBC70, 0xBC91, 0xBC92, 0xBCB3, 0xBCB4, 0xBCB5, 0xB4B6, 0xACD7, 0xA4F8, 0xACF9, 0xA519, 0xA51A, 0xA53B, 0xA53C,
    0xB482, 0xB482, 0xB4A3, 0xBCA3, 0xBCA4, 0xBCA5, 0xBCA6, 0xBCA7, 0xB4A8, 0xB4A8, 0xBCC9, 0xBCCA, 0xBCCB, 0xBCCC, 0xBCCD, 0xBCCD,
    0xBCCE, 0xBCCF, 0xBCD0, 0xBCD1, 0xBCD2, 0xBCF4, 0xBCF4, 0xBCF5, 0xB516, 0xB517, 0xAD18, 0xAD39, 0xAD39, 0xAD5A, 0xAD5B, 0xAD7C,
    0xB4C2, 0xB4E3, 0xB4E3, 0xBCE3, 0xBCE4, 0xBD05, 0xBD06, 0xBD07, 0xBD08, 0xBD09, 0xBD09, 0xBD0A, 0xBD0B, 0xBD0C, 0xBD0D, 0xBD0E,
    0xBD0E, 0xBD0F, 0xBD10, 0xBD11, 0xBD12, 0xBD13, 0xBD34, 0xBD35, 0xBD36, 0xB557, 0xB558, 0xB559, 0xB579, 0xB57A, 0xB59B, 0xB59C,
    0xB502, 0xB503, 0xB503, 0xB523, 0xB524, 0xBD25, 0xBD26, 0xBD27, 0xBD28, 0xBD28, 0xBD29, 0xBD4A, 0xBD4B, 0xBD4C, 0xBD4D, 0xBD4E,
    0xBD4F, 0xBD50, 0xBD51, 0xBD51, 0xBD52, 0xBD53, 0xBD54, 0xBD75, 0xBD76, 0xB577, 0xB578, 0xB599, 0xB59A, 0xB5BA, 0xB5BB, 0xB5DC,
    0xB522, 0xB523, 0xB543, 0xB543, 0xB544, 0xB544, 0xB545, 0xB546, 0xB547, 0xB548, 0xB549, 0xBD4A, 0xBD6B, 0xBD6C, 0xBD6C, 0xBD6D,
    0xBD6E, 0xBD8F, 0xBD91, 0xBD92, 0xBD93, 0xBD93, 0xBD94, 0xBD95, 0xBD96, 0xBDB7, 0xB5B8, 0xBDD9, 0xBDDA, 0xBDFB, 0xBE1B, 0xBE1C,
    0xAD62, 0xAD63, 0xB563, 0xB563, 0xB564, 0xB564, 0xB565, 0xB586, 0xB587, 0xB588, 0xB589, 0xB589, 0xB58A, 0xB58B, 0xB58C, 0xBD8D,
    0xBDAE, 0xBDAF, 0xBDB0, 0xBDD1, 0xBDD3, 0xBDD4, 0xBDD5, 0xBDF6, 0xBDF6, 0xBDF7, 0xBDF8, 0xBE19, 0xBE1A, 0xBE3B, 0xBE3C, 0xBE5C,
    0xADA2, 0xB5A3, 0xB5A3, 0xB5C3, 0xB5C4, 0xB5C4, 0xB5C5, 0xB5C6, 0xB5C7, 0xB5C8, 0xB5C9, 0xBDCA, 0xBDCA, 0xBDCB, 0xBDCC, 0xBDED,
    0xBDEE, 0xBDEF, 0xBDF0, 0xBDF1, 0xBDF2, 0xBDF3, 0xBDF4, 0xBE15, 0xBE16, 0xBE17, 0xC638, 0xC639, 0xC63A, 0xC65B, 0xC67C, 0xC67D,
    0xADE2, 0xADE3, 0xB5E3, 0xB5E3, 0xB604, 0xB604, 0xB5E5, 0xB5E5, 0xB606, 0xB607, 0xB608, 0xB609, 0xBE0A, 0xBE0B, 0xBE0C, 0xBE0D,
    0xBE0E, 0xBE0F, 0xB610, 0xB611, 0xB612, 0xB613, 0xB634, 0xB635, 0xB636, 0xBE36, 0xBE58, 0xC659, 0xC67A, 0xC67B, 0xC69C, 0xC69D,
    0xAE22, 0xAE23, 0xAE23, 0xB623, 0xB624, 0xB624, 0xB625, 0xB625, 0xB626, 0xB627, 0xB628, 0xB629, 0xB62A, 0xB64B, 0xB64C, 0xBE4D,
    0xBE4E, 0xB64F, 0xB650, 0xB651, 0xB652, 0xB652, 0xB653, 0xB654, 0xB655, 0xB656, 0xBE77, 0xBE99, 0xC69A, 0xC69B, 0xC6BC, 0xC6BD,
    0xAE62, 0xAE63, 0xAE63, 0xAE63, 0xAE64, 0xB664, 0xB665, 0xB665, 0xB666, 0xB666, 0xB667, 0xB668, 0xB669, 0xB66A, 0xB66B, 0xB66D,
    0xB66E, 0xB66F, 0xB670, 0xB670, 0xB691, 0xB692, 0xB693, 0xB694, 0xB695, 0xB696, 0xB697, 0xBEB9, 0xC6DA, 0xC6DB, 0xC6DC, 0xC6FD,
    0xAEC2, 0xAEC3, 0xAEC3, 0xAEA4, 0xAEA4, 0xB6A5, 0xB6A5, 0xB6A5, 0xB6A6, 0xB6A6, 0xB6C7, 0xB6C8, 0xB6C9, 0xB6CA, 0xB6CB, 0xB6CD,
    0xB6CE, 0xB6CF, 0xB6D0, 0xB6D1, 0xB6D1, 0xB6D2, 0xB6D3, 0xB6D4, 0xB6F4, 0xB6D5, 0xB6D6, 0xBEF8, 0xC6FA, 0xC71B, 0xC71C, 0xC71D,
    0xAF02, 0xAF03, 0xAEE3, 0xAEE4, 0xAEE4, 0xAEE5, 0xAEE5, 0xAEE6, 0xB6E6, 0xB6E7, 0xB707, 0xB708, 0xB709, 0xB70A, 0xB70B, 0xB70C,
    0xB70D, 0xB70F, 0xB710, 0xB711, 0xB711, 0xB712, 0xB733, 0xB733, 0xB734, 0xB735, 0xB736, 0xB737, 0xBF39, 0xC73B, 0xC73C, 0xC75D,
    0xAF43, 0xAF43, 0xAF24, 0xAF24, 0xAF24, 0xAF25, 0xAF25, 0xAF26, 0xAF26, 0xB747, 0xB747, 0xB748, 0xB748, 0xB74A, 0xB74B, 0xB74C,
    0xB74D, 0xB74F, 0xB750, 0xB751, 0xB751, 0xB772, 0xB773, 0xBF73, 0xBF74, 0xB775, 0xB776, 0xB777, 0xBF79, 0xBF7B, 0xC79C, 0xC77D,
    0xB862, 0xB862, 0xB863, 0xB864, 0xB864, 0xB865, 0xB866, 0xB867, 0xB868, 0xB868, 0xB869, 0xB86A, 0xB88B, 0xB88C, 0xB88D, 0xB88E,
    0xB890, 0xB872, 0xB073, 0xB094, 0xA8B5, 0x98D6, 0x90F7, 0x8117, 0x6917, 0x6138, 0x6138, 0x6159, 0x615A, 0x695B, 0x697C, 0x699C,
    0xB882, 0xB882, 0xB883, 0xB884, 0xB884, 0xB885, 0xB886, 0xB887, 0xB888, 0xB888, 0xB889, 0xB88A, 0xB8AB, 0xB8AC, 0xB8CD, 0xB8AE,
    0xB8B0, 0xB892, 0xB093, 0xB0B4, 0xA8D5, 0x98F6, 0x9117, 0x8137, 0x6937, 0x6158, 0x6158, 0x6179, 0x617A, 0x697B, 0x699C, 0x699D,
    0xB8A2, 0xB8A2, 0xB8A3, 0xB8A4, 0xB8C4, 0xB8C5, 0xB8C6, 0xB8C7, 0xB8C8, 0xB8A8, 0xB8C9, 0xB8CA, 0xB8CB, 0xB8EC, 0xB8ED, 0xB8EE,
    0xB8D0, 0xB8D2, 0xB0D3, 0xA8F4, 0xA915, 0x9936, 0x9137, 0x8157, 0x6977, 0x6178, 0x6178, 0x6199, 0x619A, 0x699B, 0x69BC, 0x69BC,
    0xB8E2, 0xB8E2, 0xB8E3, 0xB8E4, 0xB8E4, 0xB8E5, 0xB8E6, 0xB8E7, 0xB8E8, 0xB8E8, 0xB8E9, 0xB90A, 0xB90B, 0xB90C, 0xB92D, 0xB90E,
    0xB910, 0xB8F2, 0xB0F3, 0xA914, 0xA135, 0x9956, 0x9177, 0x8177, 0x7197, 0x61B8, 0x61B8, 0x61B9, 0x61DA, 0x69DB, 0x69DC, 0x69FD,
    0xB902, 0xB902, 0xB903, 0xB924, 0xB924, 0xB925, 0xB926, 0xB927, 0xB928, 0xB929, 0xB929, 0xB92A, 0xB94B, 0xB94C, 0xB94D, 0xB94E,
    0xB950, 0xB932, 0xB133, 0xB154, 0xA975, 0xA196, 0x9197, 0x89B7, 0x71D7, 0x61D8, 0x61D8, 0x61F9, 0x69FA, 0x69FB, 0x6A1C, 0x6A1C,
    0xB922, 0xB922, 0xB943, 0xB944, 0xB944, 0xB945, 0xB946, 0xB947, 0xB948, 0xB969, 0xB969, 0xB96A, 0xB96B, 0xB98C, 0xB98D, 0xB98E,
    0xB990, 0xB972, 0xB173, 0xB194, 0xA995, 0xA1B6, 0x91D6, 0x89D7, 0x79F7, 0x61F8, 0x6218, 0x6219, 0x6A1A, 0x6A3B, 0x6A3C, 0x6A5C,
    0xB942, 0xB962, 0xB963, 0xB964, 0xB964, 0xB965, 0xB986, 0xB987, 0xB988, 0xB988, 0xB98A, 0xB9AA, 0xB9AB, 0xB9CC, 0xB9CD, 0xB9CE,
    0xB9D0, 0xB1B1, 0xB1B3, 0xB1B4, 0xA9D5, 0xA1F6, 0x91F6, 0x8A17, 0x7A17, 0x6A37, 0x6238, 0x6239, 0x6A5A, 0x6A5B, 0x6A7B, 0x6A7C,
    0xB982, 0xB983, 0xB983, 0xB984, 0xB9A4, 0xB9A5, 0xB9A6, 0xB9C7, 0xB9C8, 0xB9C9, 0xB9CA, 0xB9EB, 0xB9EB, 0xBA0C, 0xBA0D, 0xBA2E,
    0xB20F, 0xB211, 0xB212, 0xB213, 0xAA14, 0xA235, 0x9A56, 0x8A56, 0x8277, 0x6A78, 0x6278, 0x6279, 0x6A9A, 0x6A9B, 0x6A9B, 0x6ABC,
    0xB9A2, 0xB9A3, 0xB9A3, 0xB9C4, 0xB9C4, 0xB9C5, 0xB9C6, 0xB9E7, 0xBA08, 0xBA09, 0xBA0A, 0xB22B, 0xB22C, 0xB24C, 0xB24D, 0xB26E,
    0xB26F, 0xB270, 0xB252, 0xB253, 0xAA54, 0xA275, 0x9A76, 0x9296, 0x8297, 0x7297, 0x6AB8, 0x6AB9, 0x6ABA, 0x6ABA, 0x6ADB, 0x6ADC,
    0xB9E2, 0xB9E2, 0xB9E3, 0xB9E4, 0xB9E4, 0xB9E5, 0xBA06, 0xBA07, 0xBA28, 0xBA49, 0xB24A, 0xB26B, 0xB26C, 0xB26C, 0xB28D, 0xB28E,
    0xB2AF, 0xB2B0, 0xB2B1, 0xB293, 0xAAB4, 0xA2B5, 0x9AB5, 0x92B6, 0x8AB7, 0x7AD7, 0x72D8, 0x72D9, 0x6AFA, 0x6AFA, 0x6AFB, 0x6B1C,
    0xBA02, 0xBA02, 0xBA03, 0xBA04, 0xBA24, 0xC225, 0xC226, 0xBA47, 0xBA48, 0xBA69, 0xBA8A, 0xBA8B, 0xBA8C, 0xBAAC, 0xBAAD, 0xBAAE,
    0xBACF, 0xB2F0, 0xB2F1, 0xB2D2, 0xAAD3, 0xAAD4, 0xA2F5, 0x9AF6, 0x8AF6, 0x82F7, 0x7AF8, 0x7319, 0x731A, 0x733A, 0x735B, 0x6B5C,
    0xBA42, 0xBA42, 0xBA43, 0xBA43, 0xC244, 0xC245, 0xC265, 0xBA66, 0xBA87, 0xBA88, 0xBAA9, 0xBAAB, 0xBAAC, 0xBACD, 0xBACD, 0xBAEE,
    0xBAEF, 0xBB0F, 0xBB11, 0xB312, 0xB313, 0xAB14, 0xA335, 0x9B36, 0x9337, 0x8B37, 0x8338, 0x8359, 0x7B5A, 0x7B7A, 0x7B7B, 0x7B9C,
    0xBA82, 0xBA82, 0xBA83, 0xBA83, 0xC284, 0xC284, 0xC285, 0xBAA6, 0xBAA7, 0xBAC8, 0xBAC9, 0xBACA, 0xBAEB, 0xBAEC, 0xBAED, 0xBB0E,
    0xBB0F, 0xBB2F, 0xBB50, 0xBB52, 0xB353, 0xB354, 0xAB55, 0xA376, 0x9B76, 0x9377, 0x8B78, 0x8399, 0x8399, 0x839A, 0x83BB, 0x7BBC,
    0xBAA2, 0xBAA2, 0xBAA3, 0xC2C3, 0xC2C4, 0xC2C4, 0xC2C5, 0xC2C6, 0xBAE7, 0xBAE8, 0xBAE9, 0xBB0A, 0xBB0B, 0xBB0C, 0xBB2D, 0xBB2E,
    0xBB4F, 0xBB50, 0xBB70, 0xBB71, 0xBB73, 0xB374, 0xB395, 0xAB96, 0xA396, 0x9B97, 0x8BB7, 0x8BB8, 0x8BB9, 0x83DA, 0x83FB, 0x83FC,
    0xBAE2, 0xBAE2, 0xBAE3, 0xC303, 0xC303, 0xC304, 0xC305, 0xC306, 0xBB27, 0xBB28, 0xBB29, 0xBB2A, 0xBB2B, 0xBB4C, 0xBB4D, 0xBB4E,
    0xBB6F, 0xBB70, 0xBB90, 0xBB91, 0xBB92, 0xBBB4, 0xB3B5, 0xABB5, 0xABD6, 0x9BD7, 0x93D7, 0x93F8, 0x93F9, 0x8C1A, 0x8C3B, 0x8C3C,
    0xBB22, 0xBB22, 0xBB23, 0xC343, 0xC343, 0xC344, 0xC345, 0xBB46, 0xBB67, 0xBB68, 0xBB69, 0xBB6A, 0xBB6B, 0xBB6C, 0xBB6D, 0xBB8E,
    0xBB8F, 0xBB90, 0xBBB0, 0xBBD1, 0xBBD2, 0xBBD4, 0xBBF5, 0xB3F6, 0xAC16, 0xA417, 0x9C17, 0x9C38, 0x9439, 0x945A, 0x945B, 0x947C,
    0xBB82, 0xBB82, 0xBB83, 0xC383, 0xC384, 0xC384, 0xC385, 0xBB86, 0xBBA7, 0xBBA8, 0xBBA8, 0xBBA9, 0xBBAB, 0xC3AC, 0xC3AD, 0xC3CE,
    0xC3CF, 0xC3D0, 0xC3F1, 0xC3F1, 0xC412, 0xBC14, 0xBC15, 0xBC16, 0xB436, 0xAC37, 0xA457, 0x9C58, 0x9C79, 0x9C7A, 0x9C9B, 0x9C9C,
    0xBBC2, 0xBBC2, 0xC3C3, 0xC3C3, 0xC3E4, 0xC3E4, 0xC3E5, 0xC3E6, 0xBBE7, 0xBBE8, 0xBBE9, 0xBBE9, 0xBBEA, 0xC3EB, 0xC3EC, 0xC3ED,
    0xC40E, 0xC410, 0xC411, 0xC432, 0xC432, 0xC453, 0xBC55, 0xBC56, 0xB456, 0xB477, 0xAC78, 0xA498, 0xA499, 0x9CBA, 0x9CBB, 0x9CDC,
    0xBC02, 0xBC03, 0xC403, 0xC403, 0xC424, 0xC424, 0xC425, 0xC426, 0xBC27, 0xBC28, 0xBC49, 0xBC49, 0xC44A, 0xC42B, 0xC42C, 0xC42D,
    0xC42E, 0xC42F, 0xC450, 0xC452, 0xC472, 0xC473, 0xC474, 0xBC75, 0xBC96, 0xB497, 0xACB8, 0xA4B8, 0xA4D9, 0xA4DA, 0xA4FB, 0xA4FC,
    0xBC42, 0xBC43, 0xC443, 0xC463, 0xC464, 0xC464, 0xC465, 0xBC66, 0xBC67, 0xBC88, 0xBC89, 0xBC8A, 0xBC8A, 0xC48B, 0xC48C, 0xC46D,
    0xC46E, 0xC46F, 0xC470, 0xC491, 0xC492, 0xC4B3, 0xC4B4, 0xC4B5, 0xBCB6, 0xB4D7, 0xB4F8, 0xACF9, 0xAD19, 0xAD1A, 0xAD3B, 0xAD3C,
    0xBC82, 0xBCA3, 0xBCA3, 0xC4A3, 0xC4A4, 0xC4A5, 0xC4A5, 0xBCA7, 0xBCA7, 0xBCC8, 0xBCC9, 0xC4CA, 0xC4CB, 0xC4CC, 0xC4CD, 0xC4CD,
    0xC4CE, 0xC4CF, 0xC4D0, 0xC4D1, 0xC4D2, 0xC4F4, 0xC514, 0xC515, 0xC516, 0xBD17, 0xB518, 0xB539, 0xB539, 0xAD5A, 0xAD5B, 0xAD7C,
    0xBCE2, 0xBCE3, 0xC4E3, 0xC4E3, 0xC4E4, 0xC505, 0xC506, 0xC507, 0xC508, 0xC509, 0xC509, 0xC50A, 0xC50B, 0xC50C, 0xC50D, 0xC50D,
    0xC50E, 0xC50F, 0xC510, 0xC511, 0xC512, 0xC513, 0xC535, 0xC535, 0xC536, 0xBD57, 0xBD58, 0xB559, 0xB57A, 0xB57A, 0xB59B, 0xB59C,
    0xBD22, 0xBD23, 0xBD23, 0xC523, 0xC524, 0xC545, 0xC546, 0xC547, 0xC548, 0xC549, 0xC54A, 0xC54A, 0xC54B, 0xC54C, 0xC54D, 0xC54E,
    0xC54F, 0xC550, 0xC551, 0xC551, 0xC552, 0xC553, 0xC554, 0xC575, 0xC576, 0xC577, 0xBD78, 0xB599, 0xB59A, 0xB5BA, 0xB5BB, 0xB5DC,
    0xBD42, 0xBD43, 0xBD43, 0xBD43, 0xBD44, 0xBD64, 0xBD66, 0xBD67, 0xBD68, 0xC569, 0xC569, 0xC56A, 0xC56B, 0xC58C, 0xC58D, 0xC58E,
    0xC58F, 0xC590, 0xC591, 0xC592, 0xC592, 0xC593, 0xC594, 0xC595, 0xC596, 0xC5B7, 0xBDB8, 0xBDD9, 0xBDDA, 0xBDFB, 0xBE1B, 0xBE1C,
    0xB562, 0xB563, 0xBD63, 0xBD83, 0xBD84, 0xBD84, 0xBD85, 0xBD86, 0xBD87, 0xBD88, 0xBD89, 0xBD8A, 0xBD8B, 0xBD8B, 0xC5AC, 0xC5AD,
    0xC5AE, 0xC5D0, 0xC5D1, 0xC5D2, 0xC5F3, 0xC5F4, 0xC5F5, 0xC5F6, 0xC5F6, 0xC5F7, 0xC5F8, 0xC619, 0xC61A, 0xC63B, 0xC63C, 0xC65C,
    0xB5A2, 0xB5A3, 0xBDA3, 0xBDC3, 0xBDC4, 0xBDC4, 0xBDC5, 0xBDC6, 0xBDC7, 0xBDC8, 0xBDC9, 0xBDCA, 0xC5CB, 0xC5CC, 0xC5EC, 0xC5ED,
    0xC5EE, 0xC5EF, 0xC5F1, 0xC5F2, 0xC613, 0xC614, 0xC615, 0xC616, 0xC636, 0xC637, 0xC638, 0xC639, 0xC65A, 0xC65B, 0xC67C, 0xC67D,
    0xB5E2, 0xB5E3, 0xB603, 0xBE03, 0xBE04, 0xBE04, 0xBE05, 0xBE06, 0xBE07, 0xBE08, 0xBE09, 0xBE0A, 0xC60A, 0xC60B, 0xC60C, 0xC60D,
    0xC60E, 0xC62F, 0xC630, 0xC631, 0xC632, 0xC633, 0xC634, 0xC635, 0xC636, 0xC657, 0xC658, 0xC679, 0xCE7A, 0xCE9B, 0xCE9C, 0xCEBD,
    0xB622, 0xB623, 0xB623, 0xBE43, 0xBE44, 0xBE24, 0xBE25, 0xBE25, 0xBE46, 0xBE47, 0xBE48, 0xBE49, 0xBE4A, 0xBE4B, 0xC64C, 0xC64D,
    0xC64E, 0xC64F, 0xC650, 0xBE51, 0xBE52, 0xBE53, 0xBE54, 0xBE75, 0xBE76, 0xBE76, 0xBE77, 0xC699, 0xCE9A, 0xCEBB, 0xCEBC, 0xCEDD,
    0xB662, 0xB663, 0xB663, 0xB683, 0xB664, 0xB664, 0xBE65, 0xBE65, 0xBE66, 0xBE67, 0xBE68, 0xBE68, 0xBE69, 0xBE6B, 0xBE6C, 0xBE6D,
    0xBE6E, 0xBE8F, 0xBE90, 0xBE91, 0xBE92, 0xBE93, 0xBE94, 0xBEB5, 0xBEB5, 0xBEB6, 0xBE97, 0xC6B8, 0xCEDA, 0xCEDB, 0xCEFC, 0xCEFD,
    0xB6C2, 0xB6C3, 0xB6C3, 0xB6A4, 0xB6A4, 0xB6A5, 0xBEA5, 0xBEA6, 0xBEC6, 0xBEC7, 0xBEC7, 0xBEC8, 0xBEC9, 0xBECA, 0xBECC, 0xBECD,
    0xC6CE, 0xC6CF, 0xC6D0, 0xBED1, 0xBED2, 0xBED3, 0xBEF4, 0xBEF4, 0xBEF5, 0xBEF6, 0xBEF6, 0xBEF8, 0xC6FA, 0xCF1B, 0xCF1C, 0xCF1D,
    0xB703, 0xB703, 0xB703, 0xB6E4, 0xB6E4, 0xB6E5, 0xB6E5, 0xB6E6, 0xBEE6, 0xBF07, 0xBF07, 0xBF08, 0xBF09, 0xBF0A, 0xBF0B, 0xBF0D,
    0xBF0E, 0xBF0F, 0xBF10, 0xBF11, 0xBF12, 0xBF13, 0xBF33, 0xBF34, 0xBF35, 0xBF36, 0xBF36, 0xBF37, 0xC739, 0xCF5B, 0xCF5C, 0xCF5D,
    0xB743, 0xB743, 0xB744, 0xB744, 0xB744, 0xB745, 0xB745, 0xB746, 0xB746, 0xBF47, 0xBF47, 0xBF48, 0xBF49, 0xBF4A, 0xBF4B, 0xBF4C,
    0xBF4E, 0xBF4F, 0xBF50, 0xBF51, 0xBF52, 0xBF73, 0xBF73, 0xC774, 0xC795, 0xC796, 0xBF96, 0xBF97, 0xBF99, 0xC79A, 0xCF9C, 0xCF9D,
    0xC842, 0xC062, 0xC063, 0xC063, 0xC064, 0xC065, 0xC066, 0xC067, 0xC068, 0xC068, 0xC069, 0xC06A, 0xC08B, 0xC08C, 0xC08D, 0xC0AE,
    0xC090, 0xC092, 0xC073, 0xB874, 0xB0B5, 0xB0D6, 0xA0F7, 0x98F8, 0x8918, 0x7138, 0x6939, 0x6959, 0x695A, 0x695B, 0x697C, 0x697C,
    0xC882, 0xC882, 0xC083, 0xC083, 0xC084, 0xC085, 0xC086, 0xC087, 0xC088, 0xC088, 0xC089, 0xC08A, 0xC0AB, 0xC0AC, 0xC0CD, 0xC0CE,
    0xC0B0, 0xC0B1, 0xC093, 0xB894, 0xB0D5, 0xA8F6, 0xA117, 0x9918, 0x8938, 0x7158, 0x6959, 0x6979, 0x697A, 0x697B, 0x699C, 0x699C,
    0xC0A2, 0xC0A2, 0xC0A3, 0xC0A3, 0xC0A4, 0xC0A5, 0xC0A6, 0xC0A7, 0xC0C8, 0xC0C8, 0xC0A9, 0xC0CA, 0xC0CB, 0xC0EC, 0xC0ED, 0xC0EE,
    0xC0F0, 0xC0D1, 0xC0D3, 0xB8D4, 0xB0F5, 0xA916, 0xA137, 0x9958, 0x8958, 0x7978, 0x6979, 0x6999, 0x699A, 0x69BB, 0x69BB, 0x69BC,
    0xC0E2, 0xC0E2, 0xC0E3, 0xC0E4, 0xC0E4, 0xC0E5, 0xC0E6, 0xC0E7, 0xC0E8, 0xC0E9, 0xC0E9, 0xC10A, 0xC10B, 0xC10C, 0xC12D, 0xC12E,
    0xC110, 0xC111, 0xB8F3, 0xB8F4, 0xB115, 0xA936, 0xA157, 0x9978, 0x8998, 0x79B8, 0x69B9, 0x69B9, 0x69DA, 0x69DB, 0x69FC, 0x69FC,
    0xC102, 0xC102, 0xC103, 0xC104, 0xC124, 0xC125, 0xC126, 0xC127, 0xC128, 0xC129, 0xC129, 0xC12A, 0xC14B, 0xC14C, 0xC14D, 0xC16E,
    0xC150, 0xC151, 0xC133, 0xB934, 0xB155, 0xB176, 0xA197, 0x99B7, 0x89B8, 0x79D8, 0x69D9, 0x69F9, 0x69FA, 0x69FB, 0x6A1B, 0x6A1C,
    0xC122, 0xC122, 0xC143, 0xC144, 0xC144, 0xC145, 0xC146, 0xC147, 0xC148, 0xC168, 0xC169, 0xC16A, 0xC16B, 0xC18C, 0xC18D, 0xC18E,
    0xC190, 0xC191, 0xC173, 0xB974, 0xB195, 0xA9B6, 0xA1D7, 0x99D7, 0x91F8, 0x81F8, 0x7218, 0x6A19, 0x6A1A, 0x6A3B, 0x6A3B, 0x6A5C,
    0xC142, 0xC162, 0xC163, 0xC164, 0xC164, 0xC165, 0xC186, 0xC187, 0xC188, 0xC189, 0xC1AA, 0xC1AA, 0xB9AB, 0xB9CC, 0xB9CD, 0xB9EE,
    0xB9CF, 0xB9D1, 0xB9D2, 0xB9B4, 0xB1D4, 0xA9F5, 0xA1F6, 0x9A17, 0x9217, 0x8238, 0x7238, 0x6A39, 0x6A5A, 0x6A5B, 0x6A7B, 0x6A7C,
    0xC182, 0xC182, 0xC183, 0xC184, 0xC1A4, 0xC1A5, 0xC1A6, 0xC1C7, 0xC1C8, 0xB9C9, 0xB9EA, 0xB9EB, 0xBA0C, 0xBA0C, 0xBA2D, 0xBA2E,
    0xBA2F, 0xBA31, 0xBA12, 0xBA13, 0xB214, 0xAA35, 0xA256, 0x9A57, 0x9277, 0x8A78, 0x7A78, 0x6A79, 0x6A9A, 0x6A9B, 0x6ABB, 0x6ABC,
    0xC1A2, 0xC1A3, 0xC1A3, 0xC1C4, 0xC1C4, 0xC1C5, 0xC1E6, 0xC1E7, 0xBA08, 0xBA09, 0xBA2A, 0xBA2B, 0xBA4C, 0xBA4C, 0xBA6D, 0xBA6E,
    0xBA6F, 0xBA70, 0xBA72, 0xBA73, 0xB274, 0xAA75, 0xAA96, 0xA296, 0x9297, 0x8A98, 0x7AB8, 0x72B9, 0x6ABA, 0x6ABA, 0x6ADB, 0x6ADC,
    0xC1E2, 0xC1E2, 0xC1E3, 0xC1E4, 0xC1E4, 0xC205, 0xC206, 0xC227, 0xBA28, 0xBA49, 0xBA6A, 0xBA6B, 0xBA6C, 0xBA8D, 0xBA8D, 0xBAAE,
    0xBAAF, 0xBAB0, 0xBAB1, 0xBAB3, 0xB294, 0xB2B5, 0xAAB5, 0xA2B6, 0x9AB7, 0x8AD8, 0x82D8, 0x7AD9, 0x72FA, 0x72FA, 0x6AFB, 0x731C,
    0xC202, 0xC202, 0xC203, 0xC204, 0xC224, 0xC225, 0xC246, 0xC247, 0xC268, 0xBA69, 0xBA8A, 0xBA8B, 0xBAAC, 0xBAAD, 0xBAAD, 0xBACE,
    0xBACF, 0xBAEF, 0xBAF1, 0xBAF2, 0xBAD4, 0xB2D4, 0xAAF5, 0xA2F6, 0x9AF7, 0x92F7, 0x82F8, 0x7B19, 0x7B3A, 0x7B3A, 0x7B5B, 0x735C,
    0xC242, 0xC242, 0xC243, 0xC244, 0xC244, 0xCA65, 0xC266, 0xC287, 0xC288, 0xC2A9, 0xC2AA, 0xC2AB, 0xC2CC, 0xC2CD, 0xC2ED, 0xC2EE,
    0xC30F, 0xC310, 0xC330, 0xBB32, 0xBB33, 0xBB14, 0xB335, 0xAB36, 0xA337, 0x9B37, 0x8B38, 0x8359, 0x835A, 0x837A, 0x837B, 0x7B9C,
    0xC282, 0xC282, 0xC283, 0xC283, 0xCA84, 0xCA85, 0xC2A6, 0xC2A7, 0xC2A8, 0xC2C8, 0xC2C9, 0xC2CA, 0xC2EC, 0xC2ED, 0xC30D, 0xC30E,
    0xC32F, 0xC330, 0xC350, 0xC351, 0xBB53, 0xBB54, 0xB355, 0xAB76, 0xAB77, 0xA377, 0x9378, 0x8B99, 0x8B99, 0x8B9A, 0x83BB, 0x83BC,
    0xC2A2, 0xC2A2, 0xC2A3, 0xC2C3, 0xCAC4, 0xCAC4, 0xC2C5, 0xC2E7, 0xC2E7, 0xC2E8, 0xC2E9, 0xC30A, 0xC30B, 0xC32C, 0xC32D, 0xC32E,
    0xC34F, 0xC350, 0xC370, 0xC391, 0xC392, 0xBB94, 0xBB95, 0xB396, 0xABB6, 0xA3B7, 0x9BB8, 0x93B8, 0x8BD9, 0x8BDA, 0x8BFB, 0x8BFC,
    0xC2E2, 0xC2E2, 0xC2E3, 0xC303, 0xCB04, 0xCB04, 0xC305, 0xC306, 0xC327, 0xC328, 0xC329, 0xC32A, 0xC34B, 0xC34C, 0xC34D, 0xC36E,
    0xC36F, 0xC370, 0xC390, 0xC3B1, 0xC3B2, 0xBBB3, 0xBBB5, 0xBBD6, 0xB3D6, 0xABF7, 0xA3D8, 0x9BF8, 0x9419, 0x941A, 0x943B, 0x943C,
    0xC322, 0xC322, 0xC323, 0xC343, 0xCB44, 0xCB44, 0xC345, 0xC346, 0xC367, 0xC368, 0xC369, 0xC36A, 0xC36B, 0xC36C, 0xC38D, 0xC38E,
    0xC38F, 0xC3B0, 0xC3B1, 0xC3D1, 0xC3F2, 0xC3F4, 0xC3F5, 0xBC16, 0xBC16, 0xB437, 0xAC38, 0xA438, 0x9C39, 0x9C5A, 0x9C5B, 0x9C7C,
    0xC362, 0xC362, 0xC383, 0xC383, 0xCB84, 0xCB84, 0xC385, 0xC386, 0xC387, 0xC3A8, 0xC3A9, 0xC3AA, 0xC3AB, 0xC3AC, 0xC3CD, 0xC3CE,
    0xCBCF, 0xC3F0, 0xCBF1, 0xC412, 0xC412, 0xC433, 0xC435, 0xC436, 0xBC36, 0xB457, 0xB458, 0xAC58, 0xA479, 0x9C7A, 0x9C9B, 0x9C9C,
    0xC3C2, 0xC3C3, 0xC3C3, 0xCBC3, 0xCBC4, 0xCBE4, 0xC3E5, 0xC3E6, 0xC3E7, 0xC3E8, 0xC3E9, 0xC3E9, 0xC3EA, 0xC3EC, 0xCBED, 0xCC0E,
    0xCC0F, 0xCC10, 0xCC31, 0xCC32, 0xCC52, 0xC453, 0xC454, 0xC456, 0xC456, 0xBC77, 0xB478, 0xAC98, 0xA499, 0xA4BA, 0xA4BB, 0xA4DC,
    0xC402, 0xC403, 0xC403, 0xCC03, 0xCC24, 0xCC24, 0xC425, 0xC426, 0xC427, 0xC428, 0xC449, 0xC44A, 0xC42A, 0xC42B, 0xC42C, 0xCC2D,
    0xCC2E, 0xCC4F, 0xCC51, 0xCC52, 0xCC72, 0xCC93, 0xC494, 0xC495, 0xC496, 0xBC97, 0xBCB8, 0xB4B8, 0xACD9, 0xACFA, 0xACFB, 0xAD1C,
    0xC442, 0xC443, 0xC463, 0xCC63, 0xCC64, 0xCC64, 0xC465, 0xC466, 0xC467, 0xC488, 0xC489, 0xC48A, 0xC48A, 0xC48B, 0xC46C, 0xC46D,
    0xC46E, 0xCC6F, 0xCC70, 0xCC91, 0xCC92, 0xCCB3, 0xCCD4, 0xCCD5, 0xC4D6, 0xC4D7, 0xBCF8, 0xB4F9, 0xB519, 0xB53A, 0xAD3B, 0xAD5C,
    0xC4A2, 0xC4A3, 0xC4A3, 0xCCA3, 0xCCA4, 0xCCA4, 0xC4A6, 0xC4A6, 0xC4C7, 0xC4C8, 0xC4C9, 0xC4CA, 0xCCCB, 0xCCCC, 0xCCCD, 0xCCCD,
    0xCCCE, 0xCCCF, 0xCCD0, 0xCCD1, 0xCCD3, 0xCCF4, 0xCD15, 0xCD15, 0xCD16, 0xC517, 0xC538, 0xBD39, 0xB559, 0xB55A, 0xB55B, 0xB57C,
    0xC4E2, 0xC4E3, 0xCCE3, 0xCCE3, 0xCCE4, 0xCD05, 0xCD06, 0xCD07, 0xC508, 0xC509, 0xC509, 0xC50A, 0xCD2B, 0xCD2C, 0xCD2D, 0xCD2E,
    0xCD0E, 0xCD0F, 0xCD10, 0xCD11, 0xCD12, 0xCD13, 0xCD35, 0xCD55, 0xCD56, 0xCD57, 0xC558, 0xBD59, 0xB57A, 0xB57A, 0xB59B, 0xB59C,
    0xC522, 0xC523, 0xC523, 0xCD23, 0xCD44, 0xCD45, 0xCD46, 0xCD47, 0xCD48, 0xC549, 0xC54A, 0xC54A, 0xCD4B, 0xCD4C, 0xCD4D, 0xCD4E,
    0xCD4F, 0xCD50, 0xCD50, 0xCD51, 0xCD52, 0xCD53, 0xCD54, 0xCD75, 0xCD76, 0xCD77, 0xC578, 0xBD99, 0xBD9A, 0xBDBA, 0xBDBB, 0xBDDC,
    0xC562, 0xC563, 0xC563, 0xC564, 0xCD64, 0xCD65, 0xC566, 0xC567, 0xC568, 0xC589, 0xC58A, 0xCD8B, 0xCD8B, 0xCD8C, 0xCD8D, 0xCD8E,
    0xCD8F, 0xCD90, 0xCD91, 0xCD91, 0xCD92, 0xCD93, 0xCD94, 0xCD95, 0xCDB6, 0xCDB7, 0xCDB8, 0xC5D9, 0xC5DA, 0xC5FB, 0xC61B, 0xC61C,
    0xC582, 0xC583, 0xC583, 0xC583, 0xC584, 0xC584, 0xC585, 0xC5A6, 0xC5A8, 0xC5A8, 0xC5A9, 0xC5AA, 0xC5AB, 0xC5AC, 0xCDCD, 0xCDCE,
    0xCDCF, 0xCDD0, 0xCDF1, 0xCDF2, 0xCDF3, 0xCDF4, 0xCDF5, 0xCDF6, 0xCDF6, 0xCDF7, 0xCDF8, 0xCE19, 0xC61A, 0xC63B, 0xC63C, 0xC65C,
    0xBDC2, 0xC5C3, 0xC5C3, 0xC5C4, 0xC5C4, 0xC5C4, 0xC5C5, 0xC5C6, 0xC5E7, 0xC5E8, 0xC5E9, 0xC5EA, 0xCDEB, 0xCDEC, 0xCDED, 0xCDEE,
    0xCDEF, 0xCE10, 0xCE11, 0xCE12, 0xCE13, 0xCE14, 0xCE35, 0xCE36, 0xCE37, 0xCE37, 0xCE38, 0xCE39, 0xCE5A, 0xCE5B, 0xCE7C, 0xCE7D,
    0xBDE2, 0xBE03, 0xBE03, 0xC604, 0xC604, 0xC604, 0xC605, 0xC606, 0xC607, 0xC608, 0xC609, 0xC60A, 0xC60B, 0xC60C, 0xCE0D, 0xCE2D,
    0xCE2E, 0xCE30, 0xCE31, 0xCE32, 0xCE33, 0xCE34, 0xCE55, 0xCE56, 0xCE56, 0xCE57, 0xCE78, 0xCE79, 0xCE7A, 0xCE9B, 0xCE9C, 0xCEBD,
    0xBE22, 0xBE43, 0xBE43, 0xC644, 0xC644, 0xC644, 0xC645, 0xC645, 0xC646, 0xC648, 0xC649, 0xC64A, 0xC64A, 0xC64B, 0xC64C, 0xCE4D,
    0xCE4E, 0xCE50, 0xCE51, 0xCE71, 0xC672, 0xC673, 0xC674, 0xC675, 0xCE76, 0xCE77, 0xCE98, 0xCE99, 0xCEBA, 0xCEBB, 0xD6DC, 0xD6DD,
    0xBE62, 0xBE63, 0xBE83, 0xBE84, 0xBE64, 0xBE65, 0xC665, 0xC666, 0xC686, 0xC687, 0xC688, 0xC689, 0xC68A, 0xC68B, 0xC68C, 0xC68D,
    0xC68E, 0xCE8F, 0xCE90, 0xC691, 0xC692, 0xC6B3, 0xC6B4, 0xCEB5, 0xCEB6, 0xCEB7, 0xCEB7, 0xCEB8, 0xCEDA, 0xD6FB, 0xD6FC, 0xD6FD,
    0xBEC2, 0xBEC3, 0xBEC3, 0xBEC4, 0xBEC4, 0xBEC5, 0xC6C5, 0xC6C6, 0xC6C6, 0xC6C7, 0xC6C8, 0xC6C9, 0xC6CA, 0xC6CB, 0xC6CC, 0xC6CD,
    0xCECE, 0xCECF, 0xCED1, 0xCED1, 0xCED2, 0xC6F3, 0xC6F4, 0xC6F5, 0xC6F6, 0xCEF6, 0xCEF7, 0xC6F8, 0xCEF9, 0xD71B, 0xD71C, 0xD71D,
    0xBF03, 0xBF03, 0xBF03, 0xBF04, 0xBF04, 0xBF05, 0xBF05, 0xC706, 0xC706, 0xC707, 0xC708, 0xC708, 0xC709, 0xC70B, 0xC70C, 0xC70D,
    0xC70E, 0xC70F, 0xC710, 0xC711, 0xC712, 0xC733, 0xC734, 0xC735, 0xC735, 0xC756, 0xCF57, 0xC737, 0xC739, 0xCF5B, 0xD75C, 0xD75D,
    0xBF43, 0xBF43, 0xBF44, 0xBF44, 0xBF45, 0xBF45, 0xBF46, 0xBF46, 0xC747, 0xC747, 0xC747, 0xC748, 0xC749, 0xC74A, 0xC74B, 0xC74D,
    0xC74E, 0xC74F, 0xC750, 0xC751, 0xC772, 0xC773, 0xC774, 0xC794, 0xCF95, 0xCF96, 0xCF97, 0xC797, 0xC798, 0xCF9A, 0xCF9C, 0xD79D,
    0xD042, 0xC842, 0xC843, 0xC863, 0xC864, 0xC865, 0xC866, 0xC867, 0xC868, 0xC868, 0xC869, 0xC86A, 0xC86B, 0xC88C, 0xC88D, 0xC8AD,
    0xC8AF, 0xC891, 0xC893, 0xC874, 0xC095, 0xB8B6, 0xB0D7, 0xA8F8, 0xA119, 0x9119, 0x8139, 0x7159, 0x695A, 0x697B, 0x717B, 0x717C,
    0xD082, 0xD082, 0xC883, 0xC883, 0xC884, 0xC885, 0xC886, 0xC887, 0xC888, 0xC889, 0xC889, 0xC88A, 0xC8AB, 0xC8AC, 0xC8CD, 0xC8CD,
    0xC8CF, 0xC8B1, 0xC8B3, 0xC894, 0xC0B5, 0xB8D6, 0xB0F7, 0xA918, 0xA139, 0x9139, 0x8159, 0x7179, 0x697A, 0x699B, 0x719B, 0x719C,
    0xD0A2, 0xD0A2, 0xD0A3, 0xC8A3, 0xC8A4, 0xC8A5, 0xC8A6, 0xC8A7, 0xC8A8, 0xC8C9, 0xC8A9, 0xC8CA, 0xC8CB, 0xC8CC, 0xC8ED, 0xC8ED,
    0xC8EF, 0xC8F1, 0xC8D3, 0xC8D4, 0xC0D5, 0xB8F6, 0xB117, 0xA938, 0xA158, 0x9179, 0x8179, 0x7199, 0x699A, 0x69BB, 0x71BB, 0x71DC,
    0xC8E2, 0xC8E2, 0xC8E3, 0xC8E3, 0xC8E4, 0xC8E5, 0xC8E6, 0xC8E6, 0xC8E7, 0xC8E8, 0xC8E9, 0xC8EA, 0xC90B, 0xC90C, 0xC90D, 0xC92D,
    0xC92F, 0xC911, 0xC912, 0xC0F4, 0xC115, 0xB936, 0xB157, 0xA978, 0xA198, 0x9199, 0x89B9, 0x71B9, 0x69DA, 0x71DB, 0x71FB, 0x71FC,
    0xD102, 0xD102, 0xD103, 0xC904, 0xC904, 0xC925, 0xC926, 0xC927, 0xC927, 0xC928, 0xC929, 0xC92A, 0xC94B, 0xC94C, 0xC94D, 0xC96E,
    0xC96F, 0xC951, 0xC952, 0xC954, 0xC155, 0xB976, 0xB197, 0xA998, 0xA1B8, 0x91D9, 0x89D9, 0x79F9, 0x69FA, 0x721B, 0x721B, 0x723C,
    0xC922, 0xC942, 0xC943, 0xC944, 0xC944, 0xC965, 0xC966, 0xC967, 0xC968, 0xC969, 0xC16A, 0xC16A, 0xC18B, 0xC18C, 0xC9AD, 0xC9AE,
    0xC9AF, 0xC1B1, 0xC192, 0xC194, 0xC195, 0xB9B6, 0xB1B6, 0xA9D7, 0xA1F8, 0x91F8, 0x8A19, 0x7A19, 0x6A3A, 0x723B, 0x723B, 0x725C,
    0xC942, 0xC962, 0xC963, 0xC964, 0xC964, 0xC985, 0xC1A6, 0xC1A7, 0xC1A8, 0xC1A9, 0xC1AA, 0xC1AB, 0xC1CB, 0xC1CC, 0xC1ED, 0xC1EE,
    0xC1EF, 0xC1F0, 0xC1D2, 0xC1D3, 0xB9D4, 0xB1F5, 0xB1F6, 0xAA17, 0xA237, 0x9A38, 0x8A38, 0x7A39, 0x6A5A, 0x727A, 0x727B, 0x729C,
    0xC982, 0xC982, 0xC983, 0xC9A4, 0xC9A4, 0xC9A5, 0xC1C6, 0xC1E7, 0xC1E8, 0xC1E9, 0xC1EA, 0xC20B, 0xC20C, 0xC20C, 0xC22D, 0xC22E,
    0xC24F, 0xC230, 0xC232, 0xC233, 0xBA34, 0xBA35, 0xB256, 0xAA57, 0xA277, 0x9A78, 0x9279, 0x8279, 0x729A, 0x729A, 0x72BB, 0x72BC,
    0xC9A2, 0xC9A3, 0xC9A3, 0xC9C4, 0xC9C4, 0xC9E5, 0xC9E6, 0xC207, 0xC228, 0xC229, 0xC22A, 0xC22B, 0xC24C, 0xC24D, 0xC26D, 0xC26E,
    0xC26F, 0xC290, 0xC271, 0xC273, 0xBA74, 0xBA75, 0xB276, 0xAA96, 0xA297, 0x9AB8, 0x92B8, 0x8AB9, 0x7ABA, 0x72DA, 0x72DB, 0x72DC,
    0xC9C2, 0xC9E3, 0xC9E3, 0xC9E4, 0xCA04, 0xCA05, 0xCA26, 0xC227, 0xC248, 0xC249, 0xC26A, 0xC26B, 0xC26C, 0xC28D, 0xC28D, 0xC2AE,
    0xC2AF, 0xC2B0, 0xC2B1, 0xC2B2, 0xC2B4, 0xBAB5, 0xB2B6, 0xAAB6, 0xAAD7, 0xA2D8, 0x92D8, 0x8AD9, 0x7AFA, 0x7AFA, 0x7B1B, 0x731C,
    0xCA02, 0xCA02, 0xCA03, 0xCA24, 0xCA24, 0xCA25, 0xCA46, 0xCA67, 0xC268, 0xC269, 0xC28A, 0xC28B, 0xC2AC, 0xC2AD, 0xC2AD, 0xC2CE,
    0xC2CF, 0xC2F0, 0xC2F1, 0xC2F2, 0xC2F3, 0xC2F5, 0xBAF6, 0xB2F6, 0xAB17, 0xA318, 0x9B18, 0x8B19, 0x833A, 0x833A, 0x835B, 0x835C,
    0xCA42, 0xCA42, 0xCA43, 0xCA44, 0xCA44, 0xCA65, 0xCA66, 0xCA87, 0xCA88, 0xCAA9, 0xC2AA, 0xCAAB, 0xCACC, 0xCACD, 0xCAEE, 0xCAEE,
    0xCB0F, 0xCB10, 0xCB30, 0xC331, 0xC333, 0xC334, 0xBB35, 0xB336, 0xB337, 0xAB58, 0xA358, 0x9359, 0x8B5A, 0x8B7A, 0x8B7B, 0x839C,
    0xCA82, 0xCA82, 0xCA83, 0xCA83, 0xCA84, 0xCA85, 0xCAA6, 0xCAA7, 0xCAA8, 0xCAC9, 0xCACA, 0xCACB, 0xCAEC, 0xCB0D, 0xCB0E, 0xCB0E,
    0xCB2F, 0xCB50, 0xCB50, 0xCB71, 0xC372, 0xC374, 0xC355, 0xBB76, 0xB377, 0xAB78, 0xA378, 0x9B79, 0x9399, 0x8BBA, 0x8BBB, 0x8BBC,
    0xCAA2, 0xCAA2, 0xCAA3, 0xCAA3, 0xCAC4, 0xCAC5, 0xCAC6, 0xCAE7, 0xCAE8, 0xCAE8, 0xCAE9, 0xCB0A, 0xCB0B, 0xCB2D, 0xCB2D, 0xCB4E,
    0xCB4F, 0xCB70, 0xCB70, 0xCB91, 0xCB92, 0xC394, 0xC395, 0xBB96, 0xB3B7, 0xB3B7, 0xABB8, 0xA3B9, 0x93D9, 0x93DA, 0x93FB, 0x8BFC,
    0xCAE2, 0xCAE2, 0xCAE3, 0xCAE3, 0xD304, 0xCB05, 0xCB06, 0xCB27, 0xCB27, 0xCB28, 0xCB29, 0xCB2A, 0xCB4B, 0xCB4C, 0xCB6D, 0xCB6E,
    0xCB6F, 0xCB90, 0xCB91, 0xCBB1, 0xCBB2, 0xCBD3, 0xC3D5, 0xC3D6, 0xBBF7, 0xB3F7, 0xB3F8, 0xABF9, 0x9C19, 0x9C1A, 0x9C3B, 0x943C,
    0xCB22, 0xCB22, 0xCB23, 0xCB23, 0xD344, 0xCB44, 0xCB45, 0xCB46, 0xCB67, 0xCB68, 0xCB69, 0xCB6A, 0xCB6B, 0xCB6C, 0xCB8D, 0xCB8E,
    0xCBAF, 0xCBB0, 0xCBD1, 0xCBD1, 0xCBF2, 0xCC13, 0xCC15, 0xCC16, 0xC416, 0xBC37, 0xB438, 0xAC38, 0xA439, 0xA45A, 0x9C5B, 0x9C7C,
    0xCB62, 0xCB62, 0xCB63, 0xCB83, 0xCB84, 0xCB84, 0xCB85, 0xCB86, 0xCB87, 0xCBA8, 0xCBA9, 0xCBAA, 0xCBAB, 0xCBAC, 0xCBCD, 0xCBCE,
    0xCBEF, 0xCBF0, 0xCBF1, 0xCC12, 0xCC32, 0xCC33, 0xCC34, 0xCC36, 0xC456, 0xC457, 0xBC58, 0xB478, 0xAC79, 0xA49A, 0xA49B, 0xA49C,
    0xCBC2, 0xCBC3, 0xCBC3, 0xD3C3, 0xD3C4, 0xCBC4, 0xCBE5, 0xCBE6, 0xCBE7, 0xCBE8, 0xCBE9, 0xCBEA, 0xCBEB, 0xCBEC, 0xCBED, 0xCC0E,
    0xCC0F, 0xCC10, 0xCC31, 0xCC32, 0xCC53, 0xCC53, 0xCC74, 0xCC75, 0xCC76, 0xC477, 0xC498, 0xBC98, 0xB4B9, 0xACBA, 0xACDB, 0xA4DC,
    0xCC02, 0xCC03, 0xCC03, 0xD403, 0xD424, 0xCC24, 0xCC25, 0xCC26, 0xCC27, 0xCC28, 0xCC29, 0xCC2A, 0xCC2A, 0xCC2B, 0xCC2C, 0xCC2D,
    0xCC4F, 0xCC50, 0xCC51, 0xCC72, 0xCC73, 0xCC93, 0xCC94, 0xCC95, 0xCC96, 0xCCB7, 0xC4B8, 0xBCD8, 0xB4D9, 0xACFA, 0xACFB, 0xAD1C,
    0xCC42, 0xCC63, 0xCC63, 0xD463, 0xD464, 0xCC64, 0xCC65, 0xCC66, 0xCC67, 0xCC88, 0xCC89, 0xCC8A, 0xCC8A, 0xCC8B, 0xCC6C, 0xCC6D,
    0xCC6E, 0xCC6F, 0xCC70, 0xCC91, 0xCC93, 0xCCB3, 0xCCD4, 0xCCD5, 0xCCF6, 0xCCF7, 0xCCF8, 0xC519, 0xBD19, 0xB53A, 0xB53B, 0xB55C,
    0xCCA2, 0xCCA3, 0xCCA3, 0xCCA4, 0xCCA4, 0xCCA4, 0xCCA5, 0xCCA6, 0xCCC7, 0xCCC8, 0xCCC9, 0xCCCA, 0xCCCB, 0xCCCC, 0xD4CD, 0xD4CD,
    0xD4CE, 0xD4CF, 0xD4D0, 0xD4D1, 0xD4F3, 0xD4F4, 0xD515, 0xD515, 0xD516, 0xCD17, 0xCD38, 0xC539, 0xBD59, 0xBD5A, 0xB55B, 0xB57C,
    0xCCE2, 0xCCE3, 0xCCE3, 0xD4E4, 0xD4E4, 0xCCE5, 0xCD06, 0xCD07, 0xCD08, 0xCD08, 0xCD09, 0xCD0A, 0xCD2B, 0xCD2C, 0xCD2D, 0xD52E,
    0xD50E, 0xD50F, 0xD510, 0xD511, 0xD512, 0xD513, 0xD535, 0xD555, 0xD556, 0xD557, 0xCD58, 0xCD59, 0xC57A, 0xBD9A, 0xBD9B, 0xBD9C,
    0xCD22, 0xCD23, 0xCD23, 0xD524, 0xD544, 0xCD45, 0xCD46, 0xCD47, 0xCD48, 0xCD49, 0xCD4A, 0xCD4A, 0xCD4B, 0xCD4C, 0xCD4D, 0xCD4E,
    0xD54F, 0xD54F, 0xD550, 0xD551, 0xD552, 0xD553, 0xD554, 0xD576, 0xD576, 0xD597, 0xCD98, 0xCD99, 0xC5BA, 0xBDBA, 0xBDDB, 0xBDDC,
    0xCD62, 0xCD63, 0xCD63, 0xCD64, 0xD564, 0xCD65, 0xCD66, 0xCD87, 0xCD88, 0xCD89, 0xCD8A, 0xCD8B, 0xCD8B, 0xCD8C, 0xCD8D, 0xCD8E,
    0xCD8F, 0xCD90, 0xD591, 0xD591, 0xD592, 0xD593, 0xD594, 0xD595, 0xD5B6, 0xD5B7, 0xD5D8, 0xCDD9, 0xCDDA, 0xC5FB, 0xC61B, 0xC61C,
    0xCDA2, 0xCDA3, 0xCDA3, 0xCDA4, 0xCDA4, 0xCDA5, 0xCDA6, 0xCDA7, 0xCDA8, 0xCDA9, 0xCDAA, 0xCDAB, 0xCDCC, 0xCDCD, 0xD5CD, 0xD5CE,
    0xD5CF, 0xD5F0, 0xD5F1, 0xD5F2, 0xD5F3, 0xD5F4, 0xD5F5, 0xD5F6, 0xD5F6, 0xD5F7, 0xD618, 0xD619, 0xCE1A, 0xCE3B, 0xCE3C, 0xCE5D,
    0xCDC2, 0xCDC3, 0xCDE3, 0xCDE4, 0xCDE4, 0xCDE4, 0xCDE5, 0xCDE6, 0xCDE8, 0xCDE9, 0xCDEA, 0xCDEB, 0xD5EC, 0xD60C, 0xD60D, 0xD60E,
    0xD60F, 0xD610, 0xD611, 0xD632, 0xD633, 0xD634, 0xD635, 0xD636, 0xD636, 0xD637, 0xD638, 0xD639, 0xCE5A, 0xCE5B, 0xCE7C, 0xCE7D,
    0xC602, 0xC603, 0xCE03, 0xCE04, 0xCE04, 0xCE04, 0xCE05, 0xCE06, 0xCE27, 0xCE28, 0xCE29, 0xCE2A, 0xCE2B, 0xCE2C, 0xD62D, 0xD62E,
    0xD62F, 0xD630, 0xD631, 0xD652, 0xD653, 0xD654, 0xD655, 0xD676, 0xD677, 0xD678, 0xD678, 0xD679, 0xD67A, 0xD69B, 0xD69C, 0xD6BD,
    0xC642, 0xC643, 0xC643, 0xC644, 0xCE44, 0xCE44, 0xCE45, 0xCE45, 0xCE47, 0xCE48, 0xCE49, 0xCE4A, 0xCE4B, 0xCE4C, 0xCE4D, 0xCE4E,
    0xD64F, 0xD650, 0xD651, 0xD672, 0xCE73, 0xCE74, 0xCE75, 0xCE96, 0xD696, 0xD697, 0xD698, 0xD6B9, 0xD6BA, 0xD6BB, 0xD6DC, 0xD6DD,
    0xC662, 0xC683, 0xC683, 0xC684, 0xC684, 0xC685, 0xCE85, 0xCE86, 0xCE86, 0xCE87, 0xCE88, 0xCE89, 0xCE8A, 0xCE8B, 0xCE8C, 0xCE8D,
    0xCE8E, 0xD690, 0xD691, 0xD692, 0xD6B3, 0xD6B4, 0xD6B5, 0xD6B6, 0xD6D6, 0xD6D7, 0xD6D8, 0xD6D9, 0xD6DA, 0xD6FB, 0xD6FC, 0xD71D,
    0xC6C3, 0xC6C3, 0xC6C3, 0xC6C4, 0xC6C4, 0xC6C5, 0xCEC5, 0xCEC6, 0xCEC6, 0xCEC7, 0xCEC8, 0xCEC9, 0xCECA, 0xCECB, 0xCECC, 0xCECD,
    0xD6CF, 0xD6D0, 0xD6D1, 0xD6F2, 0xD6F3, 0xD6F4, 0xD6F5, 0xD6F5, 0xD6F6, 0xD6F7, 0xD718, 0xD718, 0xCEF9, 0xD71B, 0xD73C, 0xDF3D,
    0xC703, 0xC703, 0xC704, 0xC704, 0xC704, 0xC705, 0xC705, 0xCF06, 0xCF06, 0xCF07, 0xCF08, 0xCF09, 0xCF0A, 0xCF0B, 0xCF0C, 0xCF0D,
    0xCF0E, 0xCF0F, 0xCF11, 0xD712, 0xCF33, 0xCF33, 0xCF34, 0xCF35, 0xCF36, 0xCF57, 0xD757, 0xD758, 0xCF59, 0xD75A, 0xD75C, 0xD75D,
    0xC743, 0xC743, 0xC744, 0xC744, 0xC745, 0xC745, 0xC746, 0xC746, 0xCF47, 0xCF47, 0xCF48, 0xCF48, 0xCF4A, 0xCF4B, 0xCF4C, 0xCF4D,
    0xCF4E, 0xCF4F, 0xCF50, 0xCF71, 0xCF72, 0xCF73, 0xCF74, 0xCF95, 0xD796, 0xD796, 0xD797, 0xD798, 0xCF99, 0xCF9A, 0xD79C, 0xD79D,
    0xD842, 0xD042, 0xD043, 0xD043, 0xD044, 0xD045, 0xD046, 0xD047, 0xD068, 0xD068, 0xD069, 0xD06A, 0xD06B, 0xD08C, 0xD0AD, 0xD0AD,
    0xD0AF, 0xD0B1, 0xD092, 0xD094, 0xD075, 0xC896, 0xC0B7, 0xB8D8, 0xB0F9, 0xA919, 0x993A, 0x913A, 0x795A, 0x717B, 0x717B, 0x719C,
    0xD882, 0xD882, 0xD083, 0xD083, 0xD084, 0xD085, 0xD086, 0xD086, 0xD087, 0xD088, 0xD089, 0xD08A, 0xD0AB, 0xD0AC, 0xD0CD, 0xD0CE,
    0xD0EF, 0xD0D1, 0xD0B2, 0xD0B4, 0xD095, 0xC8B6, 0xC0D7, 0xB8F8, 0xB119, 0xA939, 0x995A, 0x915A, 0x797A, 0x719B, 0x719B, 0x71BC,
    0xD8A2, 0xD0A2, 0xD0A3, 0xD0A3, 0xD0A4, 0xD0A5, 0xD0A6, 0xD0A6, 0xD0A7, 0xD0A8, 0xD0A9, 0xD0CA, 0xD0CB, 0xD0CC, 0xD0ED, 0xD0EE,
    0xD10F, 0xD0F0, 0xD0F2, 0xD0D4, 0xD0D5, 0xC8D6, 0xC117, 0xB938, 0xB159, 0xA959, 0x997A, 0x919A, 0x819A, 0x71BB, 0x71BB, 0x71DC,
    0xD0E2, 0xD0E2, 0xD0E3, 0xD0E3, 0xD0E4, 0xD0E5, 0xD0E5, 0xD0E6, 0xD0E7, 0xD0E8, 0xD0E9, 0xD0EA, 0xD10B, 0xD10C, 0xD10D, 0xD12D,
    0xD12E, 0xD130, 0xD112, 0xD113, 0xC8F5, 0xC916, 0xC137, 0xB958, 0xB179, 0xA999, 0xA1BA, 0x91BA, 0x81DA, 0x71DB, 0x71FB, 0x71FC,
    0xD902, 0xD102, 0xD103, 0xD103, 0xD124, 0xD125, 0xD126, 0xD127, 0xD128, 0xD129, 0xC94A, 0xD14A, 0xD14B, 0xD16C, 0xD16D, 0xD16E,
    0xD18F, 0xD170, 0xC972, 0xC973, 0xC955, 0xC176, 0xC177, 0xB997, 0xB1B8, 0xA9D9, 0x99D9, 0x91F9, 0x81FA, 0x721B, 0x721B, 0x723C,
    0xD122, 0xD142, 0xD143, 0xD143, 0xD144, 0xD165, 0xC966, 0xC967, 0xC968, 0xC969, 0xC98A, 0xC98B, 0xC98B, 0xC9AC, 0xC9AD, 0xC9AE,
    0xC9CF, 0xC9B0, 0xC9B2, 0xC9B3, 0xC994, 0xC1B5, 0xB9B6, 0xB1D7, 0xB1F8, 0xAA18, 0x9A19, 0x9219, 0x8A3A, 0x723B, 0x725B, 0x725C,
    0xD162, 0xD162, 0xD163, 0xD164, 0xD184, 0xD185, 0xC9A6, 0xC9A7, 0xC9A8, 0xC9A9, 0xC9CA, 0xC9CB, 0xC9CB, 0xC9EC, 0xC9ED, 0xC9EE,
    0xCA0F, 0xCA10, 0xC9F1, 0xC9F3, 0xC1F4, 0xC1F5, 0xBA16, 0xB217, 0xB238, 0xAA58, 0xA259, 0x9259, 0x8A5A, 0x727A, 0x727B, 0x729C,
    0xD182, 0xD182, 0xD183, 0xD1A4, 0xD1A4, 0xC9C5, 0xC9C6, 0xC9E7, 0xC9E8, 0xC9E9, 0xCA0A, 0xCA0B, 0xCA0C, 0xCA2D, 0xCA2D, 0xCA4E,
    0xCA4F, 0xCA50, 0xCA51, 0xCA53, 0xC234, 0xC235, 0xBA56, 0xB257, 0xB277, 0xAA78, 0xA279, 0x9A99, 0x8A9A, 0x7A9A, 0x72BB, 0x72BC,
    0xD1A2, 0xD1A3, 0xD1A3, 0xD1C4, 0xD1E4, 0xD1E5, 0xCA06, 0xCA07, 0xCA28, 0xCA29, 0xCA2A, 0xCA2B, 0xCA4C, 0xCA4D, 0xCA6D, 0xCA6E,
    0xCA6F, 0xCA90, 0xCA91, 0xCA72, 0xC274, 0xC275, 0xBA76, 0xBA96, 0xB297, 0xAAB8, 0xA2B9, 0x9AB9, 0x92BA, 0x82DA, 0x7ADB, 0x7AFC,
    0xD1C2, 0xD1E3, 0xD1E3, 0xD1E4, 0xD205, 0xD225, 0xCA26, 0xCA47, 0xCA48, 0xCA49, 0xCA4A, 0xCA6B, 0xCA6C, 0xCA8D, 0xCA8D, 0xCA8E,
    0xCAAF, 0xCAB0, 0xCAB1, 0xCAB2, 0xCAB3, 0xC2B5, 0xC2B6, 0xBAB6, 0xB2D7, 0xAAD8, 0xA2D9, 0x9AF9, 0x92FA, 0x8AFA, 0x831B, 0x7B1C,
    0xD202, 0xD202, 0xD203, 0xD224, 0xD225, 0xD245, 0xCA46, 0xCA67, 0xCA68, 0xCA69, 0xCA8A, 0xCA8B, 0xCAAC, 0xCAAD, 0xCAAD, 0xCACE,
    0xCACF, 0xCAF0, 0xCAF0, 0xCAF2, 0xCAF3, 0xCAF5, 0xC2F6, 0xBAF6, 0xBB17, 0xB318, 0xAB19, 0xA319, 0x9B3A, 0x8B3A, 0x8B5B, 0x8B5C,
    0xD242, 0xD242, 0xD243, 0xD244, 0xD264, 0xD265, 0xCA86, 0xD287, 0xD288, 0xD289, 0xCAAA, 0xD2AB, 0xD2CC, 0xD2ED, 0xD2EE, 0xD2EE,
    0xD30F, 0xD310, 0xD330, 0xD331, 0xCB33, 0xCB34, 0xCB36, 0xC336, 0xBB37, 0xB358, 0xAB59, 0xA359, 0x9B5A, 0x937A, 0x8B9B, 0x8B9C,
    0xD282, 0xD282, 0xD283, 0xD284, 0xD284, 0xD2A5, 0xD2A6, 0xD2A7, 0xD2A8, 0xD2C9, 0xD2CA, 0xD2CB, 0xD2EC, 0xD30D, 0xD30E, 0xD32E,
    0xD32F, 0xD330, 0xD350, 0xD371, 0xD372, 0xCB74, 0xCB75, 0xC376, 0xBB77, 0xBB78, 0xB398, 0xAB99, 0xA39A, 0x93BA, 0x93BB, 0x93DC,
    0xD2A2, 0xD2A2, 0xD2A3, 0xD2A3, 0xD2C4, 0xD2C5, 0xD2E6, 0xD2E7, 0xD2E8, 0xD2E8, 0xD2E9, 0xD30A, 0xD30B, 0xD32D, 0xD32E, 0xD34E,
    0xD34F, 0xD370, 0xD370, 0xD391, 0xD392, 0xCBB3, 0xCBB5, 0xCB96, 0xC3B7, 0xBBB7, 0xB3B8, 0xB3D9, 0xA3D9, 0x9BDA, 0x93FB, 0x93FC,
    0xD2E2, 0xD2E2, 0xD2E3, 0xD2E3, 0xD304, 0xD305, 0xD306, 0xD327, 0xD328, 0xD328, 0xD329, 0xD32A, 0xD32B, 0xD34C, 0xD36D, 0xD36E,
    0xD36F, 0xD390, 0xD390, 0xD3B1, 0xD3B2, 0xD3D3, 0xD3F4, 0xCBF6, 0xCBF7, 0xC3F7, 0xBC18, 0xB419, 0xAC19, 0xA41A, 0x9C3B, 0x9C3C,
    0xD322, 0xD322, 0xD323, 0xD323, 0xD344, 0xD345, 0xD346, 0xD346, 0xD367, 0xD368, 0xD369, 0xD36A, 0xD36B, 0xD36C, 0xD36D, 0xD38E,
    0xD3AF, 0xD3B0, 0xD3D1, 0xD3F2, 0xD3F2, 0xD413, 0xD434, 0xD436, 0xCC37, 0xC437, 0xC438, 0xBC59, 0xB459, 0xAC5A, 0xA47B, 0xA47C,
    0xD362, 0xD362, 0xD363, 0xD363, 0xD384, 0xD384, 0xD385, 0xD386, 0xD387, 0xD3A8, 0xD3A9, 0xD3AA, 0xD3AB, 0xD3AC, 0xD3CD, 0xD3CE,
    0xD3EF, 0xD3F0, 0xD411, 0xD412, 0xD432, 0xD433, 0xD454, 0xD455, 0xD456, 0xCC57, 0xC478, 0xC479, 0xBC79, 0xAC9A, 0xAC9B, 0xA4BC,
    0xD3C2, 0xD3C3, 0xD3C3, 0xD3C3, 0xD3C4, 0xD3C4, 0xD3C5, 0xD3E6, 0xD3E7, 0xD3E8, 0xD3E9, 0xD3EA, 0xD3EB, 0xD3EC, 0xD3ED, 0xD40E,
    0xD40F, 0xD430, 0xD431, 0xD432, 0xD453, 0xD453, 0xD474, 0xD475, 0xD496, 0xD497, 0xCC98, 0xC4B9, 0xBCB9, 0xB4BA, 0xACDB, 0xACDC,
    0xD402, 0xD403, 0xD403, 0xD404, 0xD404, 0xD404, 0xD425, 0xD426, 0xD427, 0xD428, 0xD429, 0xD429, 0xD42A, 0xD42B, 0xD42D, 0xD42E,
    0xD44F, 0xD450, 0xD451, 0xD472, 0xD473, 0xD493, 0xD494, 0xD4B5, 0xD4B6, 0xD4B7, 0xCCB8, 0xCCD9, 0xC4F9, 0xBCFA, 0xB51B, 0xB51C,
    0xD442, 0xD443, 0xD443, 0xD464, 0xD464, 0xD464, 0xD465, 0xD466, 0xD467, 0xD468, 0xD469, 0xD46A, 0xD46A, 0xD46B, 0xD46C, 0xD46D,
    0xD46E, 0xD46F, 0xD490, 0xD492, 0xD4B3, 0xD4B4, 0xD4D4, 0xD4F5, 0xD4F6, 0xD4F7, 0xD4F8, 0xCD19, 0xCD19, 0xBD3A, 0xB53B, 0xB55C,
    0xD4A2, 0xD4A3, 0xD4A3, 0xD4A4, 0xD4A4, 0xD4A4, 0xD4A5, 0xD4A6, 0xD4A7, 0xD4C8, 0xD4C9, 0xD4CA, 0xD4CB, 0xD4CC, 0xD4CD, 0xD4CD,
    0xD4CE, 0xD4CF, 0xD4D1, 0xD4D2, 0xD4F3, 0xD4F4, 0xD515, 0xD515, 0xD536, 0xD537, 0xD538, 0xD539, 0xCD5A, 0xC55A, 0xBD7B, 0xBD7C,
    0xD4E2, 0xD4E3, 0xD4E3, 0xD4E4, 0xD4E4, 0xD4E5, 0xD505, 0xD507, 0xD508, 0xD508, 0xD509, 0xD50A, 0xD52B, 0xD52C, 0xD50D, 0xD50E,
    0xD50E, 0xD50F, 0xD510, 0xD511, 0xD512, 0xD534, 0xD535, 0xD556, 0xD556, 0xD557, 0xD558, 0xD579, 0xCD7A, 0xC59A, 0xC59B, 0xBDBC,
    0xD522, 0xD523, 0xD523, 0xD524, 0xD524, 0xD525, 0xD546, 0xD547, 0xD548, 0xD549, 0xD54A, 0xD54A, 0xD54B, 0xD54C, 0xD54D, 0xD54E,
    0xD54F, 0xD54F, 0xD550, 0xD551, 0xD552, 0xD553, 0xD554, 0xD576, 0xD576, 0xD597, 0xD598, 0xD599, 0xCDBA, 0xCDBA, 0xC5DB, 0xC5DC,
    0xD562, 0xD563, 0xD563, 0xD564, 0xD564, 0xD565, 0xD566, 0xD587, 0xD588, 0xD589, 0xD58A, 0xD58B, 0xD58B, 0xD58C, 0xD58D, 0xD58E,
    0xD58F, 0xD590, 0xD590, 0xD591, 0xD592, 0xD573, 0xD594, 0xD595, 0xD5B6, 0xD5D7, 0xD5D8, 0xD5D9, 0xD5FA, 0xCDFB, 0xCE1B, 0xCE1C,
    0xD5A2, 0xD5A3, 0xD5A3, 0xD5A4, 0xD5A4, 0xD5A5, 0xD5A6, 0xD5A7, 0xD5A8, 0xD5A9, 0xD5CA, 0xD5CB, 0xD5CC, 0xD5CD, 0xD5CD, 0xD5CE,
    0xD5CF, 0xD5D0, 0xDDF1, 0xDDF2, 0xD5F3, 0xDDF4, 0xDDF5, 0xDDD6, 0xDDF7, 0xDDF8, 0xDE18, 0xDE19, 0xD61A, 0xCE3B, 0xCE3C, 0xCE5D,
    0xD5E3, 0xD5E3, 0xD5E3, 0xD5E4, 0xD5E4, 0xD5E5, 0xD5E6, 0xD607, 0xD608, 0xD609, 0xD60A, 0xD60B, 0xD60C, 0xD60D, 0xD60E, 0xDE0F,
    0xDE10, 0xDE10, 0xDE11, 0xD612, 0xD633, 0xD634, 0xD635, 0xD636, 0xDE36, 0xDE37, 0xDE38, 0xDE59, 0xD65A, 0xD65B, 0xD67C, 0xD67D,
    0xD602, 0xD603, 0xD623, 0xD624, 0xD604, 0xD625, 0xD625, 0xD626, 0xD627, 0xD628, 0xD62A, 0xD62B, 0xD62C, 0xD62D, 0xD62D, 0xDE2E,
    0xDE30, 0xDE51, 0xDE51, 0xDE52, 0xD653, 0xD654, 0xD675, 0xD676, 0xD677, 0xDE78, 0xDE78, 0xDE79, 0xDE7A, 0xD69B, 0xD69C, 0xD6BD,
    0xCE42, 0xCE43, 0xCE43, 0xCE44, 0xCE44, 0xD645, 0xD645, 0xD646, 0xD647, 0xD648, 0xD649, 0xD64A, 0xD64B, 0xD66C, 0xD66D, 0xD66E,
    0xD66F, 0xDE70, 0xDE71, 0xD672, 0xD673, 0xD694, 0xD695, 0xD696, 0xDE97, 0xDEB8, 0xDEB9, 0xDEB9, 0xDEBA, 0xDEBB, 0xD6DC, 0xD6DD,
    0xCE83, 0xCE83, 0xCE83, 0xCE84, 0xCE84, 0xCE85, 0xCE85, 0xD686, 0xD686, 0xD687, 0xD688, 0xD68A, 0xD68B, 0xD68C, 0xD68D, 0xD68D,
    0xD68F, 0xD690, 0xD691, 0xD692, 0xD6B3, 0xD6B4, 0xD6B5, 0xD6D6, 0xD6D7, 0xDED8, 0xDED8, 0xDEF9, 0xDEFA, 0xDEFB, 0xDF1C, 0xDF1D,
    0xCEC3, 0xCEC3, 0xCEC3, 0xCEC4, 0xCEC4, 0xCEC5, 0xD6C5, 0xD6C6, 0xD6C6, 0xD6C8, 0xD6C9, 0xD6CA, 0xD6CB, 0xD6EC, 0xD6ED, 0xD6EE,
    0xD6EF, 0xD6F0, 0xDEF1, 0xDEF2, 0xDEF3, 0xDEF4, 0xD6F5, 0xD6F6, 0xD717, 0xD717, 0xDF18, 0xDF19, 0xDF1A, 0xDF1B, 0xDF3C, 0xDF3D,
    0xCF03, 0xCF03, 0xCF04, 0xCF04, 0xCF04, 0xCF05, 0xCF05, 0xD706, 0xD706, 0xD707, 0xD708, 0xD709, 0xD70A, 0xD70B, 0xD70C, 0xD72D,
    0xD72E, 0xD730, 0xD731, 0xD732, 0xD733, 0xD734, 0xD735, 0xD736, 0xD756, 0xD757, 0xD758, 0xD759, 0xD759, 0xD75A, 0xDF5C, 0xDF7D,
    0xCF43, 0xCF43, 0xCF44, 0xCF44, 0xCF45, 0xCF45, 0xCF46, 0xCF46, 0xD747, 0xD747, 0xD748, 0xD749, 0xD74A, 0xD74B, 0xD74C, 0xD74D,
    0xD76E, 0xD76F, 0xD770, 0xD771, 0xD773, 0xD774, 0xD775, 0xD795, 0xD796, 0xD797, 0xDF98, 0xDFB8, 0xDFB9, 0xD7BA, 0xDFBC, 0xDFBD,
    0xE042, 0xD842, 0xD843, 0xD843, 0xD844, 0xD845, 0xD845, 0xD846, 0xD847, 0xD868, 0xD869, 0xD86A, 0xD86B, 0xD88C, 0xD8AD, 0xD8AE,
    0xD8CF, 0xD8D0, 0xD8B2, 0xD8B3, 0xD895, 0xD876, 0xD097, 0xC8D8, 0xC0F9, 0xB91A, 0xB13A, 0xA93A, 0x995B, 0x895B, 0x797B, 0x799C,
    0xE082, 0xE082, 0xD883, 0xD883, 0xD884, 0xD885, 0xD885, 0xD886, 0xD887, 0xD888, 0xD889, 0xD88A, 0xD8AB, 0xD8AC, 0xD8CD, 0xD8CE,
    0xD8EE, 0xD8F0, 0xD8D2, 0xD8D3, 0xD8B5, 0xD896, 0xD0B7, 0xC8F8, 0xC119, 0xB93A, 0xB15A, 0xA95A, 0x997B, 0x897B, 0x799B, 0x79BC,
    0xD8A2, 0xD8A2, 0xD8A3, 0xD8A3, 0xD8A4, 0xD8A5, 0xD8A5, 0xD8A6, 0xD8A7, 0xD8A8, 0xD8C9, 0xD8AA, 0xD8CB, 0xD8CC, 0xD8ED, 0xD8EE,
    0xD90E, 0xD910, 0xD8F2, 0xD8F3, 0xD8D5, 0xD0D6, 0xD0F7, 0xC918, 0xC139, 0xB95A, 0xB17A, 0xA97A, 0x999A, 0x899B, 0x79BB, 0x79DC,
    0xD8E2, 0xD8E2, 0xD8E3, 0xD8E4, 0xD8E4, 0xD8E5, 0xD8E6, 0xD8E7, 0xD8E7, 0xD108, 0xD109, 0xD10A, 0xD10B, 0xD92C, 0xD92D, 0xD94E,
    0xD94F, 0xD950, 0xD152, 0xD133, 0xD135, 0xD136, 0xC937, 0xC158, 0xC178, 0xB999, 0xB1BA, 0xA9BA, 0x99DA, 0x91DB, 0x79FB, 0x7A1C,
    0xE102, 0xE102, 0xD903, 0xD924, 0xD925, 0xD125, 0xD146, 0xD147, 0xD148, 0xD149, 0xD14A, 0xD14A, 0xD16B, 0xD16C, 0xD16D, 0xD18E,
    0xD18F, 0xD190, 0xD191, 0xD193, 0xD174, 0xD176, 0xC976, 0xC197, 0xB9B8, 0xB1D9, 0xB1D9, 0xA1FA, 0x99FA, 0x921B, 0x821B, 0x7A3C,
    0xD922, 0xD942, 0xD943, 0xD944, 0xD965, 0xD186, 0xD186, 0xD187, 0xD188, 0xD189, 0xD18A, 0xD18B, 0xD1AB, 0xD1AC, 0xD1AD, 0xD1CE,
    0xD1CF, 0xD1D0, 0xD1D1, 0xD1D3, 0xC9B4, 0xC9B5, 0xC1B6, 0xC1D7, 0xB9F8, 0xB218, 0xAA19, 0xAA3A, 0x9A3A, 0x923B, 0x825B, 0x7A5C,
    0xD962, 0xD962, 0xD963, 0xD984, 0xD185, 0xD1A6, 0xD1A7, 0xD1C7, 0xD1C8, 0xD1C9, 0xD1CA, 0xD1CB, 0xD1CC, 0xD1EC, 0xD1ED, 0xD20E,
    0xD20F, 0xD230, 0xD211, 0xD213, 0xCA14, 0xCA15, 0xCA16, 0xC217, 0xBA38, 0xB258, 0xB259, 0xAA5A, 0xA27A, 0x927B, 0x827B, 0x7A9C,
    0xD982, 0xD982, 0xD983, 0xD9A4, 0xD1C5, 0xD1C6, 0xD1E7, 0xD1E8, 0xD1E8, 0xD1E9, 0xD20A, 0xD20B, 0xD20C, 0xD22D, 0xD22D, 0xD24E,
    0xD24F, 0xD250, 0xD251, 0xD252, 0xD254, 0xCA35, 0xCA36, 0xC257, 0xBA77, 0xB278, 0xB299, 0xAA9A, 0xA29A, 0x9A9B, 0x8ABB, 0x7ABC,
    0xD9A2, 0xD9A2, 0xD9A3, 0xD9C4, 0xD1E5, 0xD206, 0xD207, 0xD207, 0xD228, 0xD229, 0xD22A, 0xD22B, 0xD24C, 0xD24D, 0xD24D, 0xD26E,
    0xD26F, 0xD290, 0xD291, 0xD292, 0xD274, 0xCA75, 0xCA76, 0xC296, 0xBA97, 0xBAB8, 0xB2B9, 0xAAB9, 0xA2BA, 0x9ADA, 0x8ADB, 0x82FC,
    0xD9C2, 0xD9E3, 0xD9E3, 0xDA04, 0xD205, 0xD226, 0xD227, 0xD247, 0xD248, 0xD249, 0xD24A, 0xD26B, 0xD26C, 0xD26D, 0xD28D, 0xD28E,
    0xD2AF, 0xD2B0, 0xD2B0, 0xD2B2, 0xD2B3, 0xCAB4, 0xCAB6, 0xC2B6, 0xC2B7, 0xBAD8, 0xB2F9, 0xB2F9, 0xAAFA, 0x9AFA, 0x931B, 0x8B1C,
    0xDA02, 0xDA03, 0xDA03, 0xDA24, 0xD245, 0xD246, 0xD267, 0xD267, 0xD268, 0xD269, 0xD28A, 0xD28B, 0xD28C, 0xD2AD, 0xD2AD, 0xD2AE,
    0xD2CF, 0xD2CF, 0xD2F0, 0xD2F1, 0xD2F3, 0xD2F4, 0xD2F6, 0xCAF6, 0xC317, 0xBB18, 0xBB39, 0xB339, 0xAB3A, 0xA33A, 0x935B, 0x8B5C,
    0xDA42, 0xDA42, 0xDA43, 0xDA64, 0xD265, 0xD286, 0xD286, 0xD287, 0xD288, 0xDA89, 0xD2AA, 0xD2AB, 0xDACC, 0xD2CD, 0xD2EE, 0xDAEE,
    0xDB0F, 0xDB10, 0xDB30, 0xDB31, 0xD332, 0xD334, 0xD335, 0xCB36, 0xC337, 0xC358, 0xBB59, 0xB379, 0xAB7A, 0xA37A, 0x9B7B, 0x939C,
    0xDA82, 0xDA82, 0xDA83, 0xDA84, 0xD2A5, 0xD2A5, 0xD2A6, 0xDAA7, 0xDAA8, 0xDAC9, 0xDACA, 0xDACB, 0xDAEC, 0xDB0D, 0xDB0E, 0xDB2E,
    0xDB2F, 0xDB30, 0xDB50, 0xDB51, 0xDB72, 0xD373, 0xD375, 0xD376, 0xCB77, 0xC378, 0xBB99, 0xBB99, 0xB39A, 0xABBA, 0x9BBB, 0x9BDC,
    0xDAA2, 0xDAA2, 0xDAA3, 0xDAC4, 0xDAC5, 0xDAE5, 0xDAE6, 0xDAE7, 0xDAE8, 0xDAE9, 0xDAE9, 0xDB0A, 0xDB0B, 0xDB2D, 0xDB2E, 0xDB4E,
    0xDB4F, 0xDB50, 0xDB70, 0xDB71, 0xDB92, 0xD3B3, 0xD3B4, 0xD3B6, 0xCB97, 0xCBB8, 0xC3B8, 0xBBD9, 0xB3DA, 0xABDA, 0xA3FB, 0x9BFC,
    0xDAE2, 0xDAE2, 0xDAE3, 0xDAE4, 0xDB04, 0xDB05, 0xDB06, 0xDB27, 0xDB28, 0xDB28, 0xDB29, 0xDB2A, 0xDB2B, 0xDB4C, 0xDB4D, 0xDB6E,
    0xDB6F, 0xDB90, 0xDB90, 0xDBB1, 0xDBB2, 0xDBD3, 0xDBF4, 0xD3F6, 0xD3F7, 0xCBF8, 0xCC18, 0xC419, 0xBC1A, 0xB41A, 0xA43B, 0xA43C,
    0xDB22, 0xDB22, 0xDB23, 0xDB24, 0xDB44, 0xDB45, 0xDB46, 0xDB47, 0xDB47, 0xDB48, 0xDB69, 0xDB6A, 0xDB6B, 0xDB6C, 0xDB6D, 0xDB8E,
    0xDBAF, 0xDBB0, 0xDBD1, 0xDBF1, 0xDBF2, 0xDC13, 0xDC34, 0xDC35, 0xD436, 0xD437, 0xCC38, 0xCC39, 0xC45A, 0xB45A, 0xAC7B, 0xA47C,
    0xDB62, 0xDB62, 0xDB63, 0xDB64, 0xDB84, 0xDB85, 0xDB85, 0xD386, 0xDB87, 0xDB88, 0xDB89, 0xDB8A, 0xDBAB, 0xDBAC, 0xDBAD, 0xDBCE,
    0xDBEF, 0xDBF0, 0xDC11, 0xDC12, 0xDC32, 0xDC33, 0xDC54, 0xDC55, 0xDC76, 0xD477, 0xD478, 0xCC79, 0xC49A, 0xBC9A, 0xB49B, 0xACBC,
    0xDBA2, 0xDBA3, 0xDBA3, 0xDBA4, 0xDBC4, 0xDBC4, 0xDBC5, 0xDBC6, 0xDBE7, 0xDBE8, 0xDBE9, 0xDBEA, 0xDBEB, 0xDBEC, 0xE3ED, 0xDBEE,
    0xDC0F, 0xDC30, 0xDC31, 0xDC32, 0xDC53, 0xDC53, 0xDC74, 0xDC95, 0xDC96, 0xDC97, 0xD498, 0xD4B9, 0xCCB9, 0xC4BA, 0xB4DB, 0xB4DC,
    0xDC02, 0xDC03, 0xDC03, 0xDC04, 0xDC04, 0xDC04, 0xDC05, 0xDC26, 0xDC27, 0xDC28, 0xDC29, 0xDC2A, 0xDC2B, 0xDC2C, 0xDC2D, 0xDC2E,
    0xDC2F, 0xDC50, 0xDC51, 0xDC72, 0xDC73, 0xDC93, 0xDC94, 0xDCB5, 0xDCD6, 0xDCD7, 0xDCD8, 0xD4D9, 0xD4FA, 0xCCFA, 0xBD1B, 0xB51C,
    0xDC42, 0xDC43, 0xDC43, 0xDC44, 0xDC44, 0xDC44, 0xDC65, 0xDC66, 0xDC67, 0xDC68, 0xDC69, 0xDC69, 0xDC6A, 0xDC6B, 0xDC6C, 0xDC6D,
    0xDC6E, 0xDC70, 0xDC91, 0xDC92, 0xDCB3, 0xDCD4, 0xDCD5, 0xDCF5, 0xDD16, 0xDD17, 0xDD18, 0xDD19, 0xD53A, 0xCD3A, 0xC53B, 0xBD5C,
    0xDCA2, 0xDCA3, 0xDCA3, 0xDC84, 0xDC84, 0xDC85, 0xDCA5, 0xDCA6, 0xDCA7, 0xDCA8, 0xDCC9, 0xDCCA, 0xDCCB, 0xDCCC, 0xDCCD, 0xDCAD,
    0xDCCF, 0xDCD0, 0xDCD1, 0xDCD2, 0xDCF3, 0xDCF4, 0xDD15, 0xDD36, 0xDD36, 0xDD37, 0xDD38, 0xDD59, 0xD55A, 0xD55A, 0xC57B, 0xC57C,
    0xDCE2, 0xDCE3, 0xDCE3, 0xDCE4, 0xDCE4, 0xDCE5, 0xDCE5, 0xDD06, 0xDD07, 0xDD08, 0xDD09, 0xDD0A, 0xDD0B, 0xDD0C, 0xDD0D, 0xDD0D,
    0xDD0E, 0xDCEF, 0xDD10, 0xDD11, 0xDD13, 0xDD34, 0xDD35, 0xDD56, 0xDD56, 0xDD77, 0xDD78, 0xDD79, 0xDD7A, 0xD59A, 0xCD9B, 0xC5BC,
    0xDD22, 0xDD23, 0xDD23, 0xDD24, 0xDD24, 0xDD25, 0xDD25, 0xDD46, 0xDD47, 0xDD48, 0xDD49, 0xDD4A, 0xDD4B, 0xDD4C, 0xDD4D, 0xDD4E,
    0xDD4E, 0xDD4F, 0xDD50, 0xDD31, 0xDD52, 0xDD53, 0xDD55, 0xDD76, 0xDD96, 0xDD97, 0xDD98, 0xDDB9, 0xDDBA, 0xD5BA, 0xCDDB, 0xC5DC,
    0xDD62, 0xDD63, 0xDD63, 0xDD64, 0xDD64, 0xDD65, 0xDD65, 0xDD66, 0xDD68, 0xDD89, 0xDD8A, 0xDD8A, 0xDD8B, 0xDD8C, 0xDD8D, 0xDD8E,
    0xDD8F, 0xDD90, 0xDD90, 0xDD91, 0xDD72, 0xDD73, 0xDD94, 0xDDB6, 0xDDB7, 0xDDD7, 0xDDD8, 0xDDF9, 0xDDFA, 0xD5FB, 0xD61C, 0xCE1C,
    0xDDA2, 0xDDA3, 0xDDA3, 0xDDA4, 0xDDA4, 0xDDA5, 0xDDA5, 0xDDA7, 0xDDA8, 0xDDA9, 0xDDCA, 0xDDCB, 0xDDCC, 0xDDCD, 0xDDCD, 0xDDCE,
    0xDDCF, 0xDDD0, 0xDDD1, 0xDDD2, 0xDDD3, 0xDDD4, 0xDDD5, 0xDDF6, 0xDDF7, 0xDDF8, 0xDE18, 0xDE19, 0xDE1A, 0xDE3B, 0xD63C, 0xD65D,
    0xDDE3, 0xDE03, 0xDE03, 0xDDE4, 0xDE04, 0xDE05, 0xDE06, 0xDE07, 0xDE08, 0xDE09, 0xDE0A, 0xDE0B, 0xDE0C, 0xDE0D, 0xDE0E, 0xDE0F,
    0xDE0F, 0xDE10, 0xDE11, 0xDE12, 0xDE13, 0xDE34, 0xDE35, 0xDE36, 0xDE36, 0xDE38, 0xDE38, 0xDE59, 0xDE5A, 0xDE5B, 0xD67C, 0xD67D,
    0xDE23, 0xDE23, 0xDE23, 0xDE24, 0xDE24, 0xDE25, 0xDE25, 0xDE27, 0xDE28, 0xDE29, 0xDE4A, 0xDE4B, 0xDE4C, 0xDE4D, 0xDE4E, 0xDE4F,
    0xE630, 0xE631, 0xE651, 0xDE52, 0xDE53, 0xDE54, 0xDE75, 0xDE76, 0xDE77, 0xDE77, 0xE678, 0xE679, 0xE69A, 0xDE9B, 0xDE9C, 0xD6BD,
    0xD643, 0xD643, 0xD663, 0xD644, 0xD644, 0xD665, 0xDE65, 0xDE66, 0xDE67, 0xDE68, 0xDE69, 0xDE6A, 0xDE6C, 0xDE6D, 0xDE6D, 0xDE6F,
    0xE670, 0xE671, 0xE672, 0xE673, 0xDE93, 0xDE94, 0xDE95, 0xDEB6, 0xDEB7, 0xDEB8, 0xE6B9, 0xE6B9, 0xE6BA, 0xE6DB, 0xDEDC, 0xDEDD,
    0xD683, 0xD683, 0xD683, 0xD684, 0xD684, 0xD685, 0xD685, 0xDE86, 0xDE86, 0xDE88, 0xDE89, 0xDE8A, 0xDE8B, 0xDE8C, 0xDEAD, 0xDEAE,
    0xDEAF, 0xDEB0, 0xE6B1, 0xDEB2, 0xDEB3, 0xDED4, 0xDED5, 0xDED6, 0xDED7, 0xE6F8, 0xE6F9, 0xE6FA, 0xE6FA, 0xE6FB, 0xE71C, 0xDF1D,
    0xD6C3, 0xD6C3, 0xD6C4, 0xD6C4, 0xD6C4, 0xD6C5, 0xD6C5, 0xDEC6, 0xDEC6, 0xDEE7, 0xDEE9, 0xDEEA, 0xDEEB, 0xDEEC, 0xDEED, 0xDEEE,
    0xDEEF, 0xDEF0, 0xDEF1, 0xE6F2, 0xDEF3, 0xDEF4, 0xDEF5, 0xDF16, 0xDF17, 0xDF18, 0xE719, 0xE719, 0xE73A, 0xE73B, 0xE73C, 0xE75D,
    0xD703, 0xD703, 0xD704, 0xD704, 0xD705, 0xD705, 0xD705, 0xD706, 0xDF07, 0xDF07, 0xDF28, 0xDF2A, 0xDF2B, 0xDF2C, 0xDF2D, 0xDF2E,
    0xDF2F, 0xDF30, 0xDF31, 0xDF32, 0xDF33, 0xDF34, 0xDF35, 0xDF56, 0xDF57, 0xDF57, 0xDF58, 0xE759, 0xE75A, 0xE75B, 0xE75C, 0xE77D,
    0xD743, 0xD744, 0xD744, 0xD744, 0xD745, 0xD745, 0xD746, 0xD746, 0xD747, 0xDF48, 0xDF48, 0xDF69, 0xDF6A, 0xDF6B, 0xDF6C, 0xDF6D,
    0xDF6E, 0xDF6F, 0xDF71, 0xDF72, 0xDF73, 0xDF74, 0xDF95, 0xDF96, 0xDF96, 0xDF97, 0xDF98, 0xE7B9, 0xE7BA, 0xE7BB, 0xDFBC, 0xE7BD,
    0xE842, 0xE042, 0xE043, 0xE043, 0xE044, 0xE045, 0xE045, 0xE046, 0xE047, 0xE068, 0xE069, 0xE06A, 0xE08B, 0xE08C, 0xE0AD, 0xE0AE,
    0xE0CF, 0xE0D0, 0xE0D1, 0xE0D3, 0xE0B4, 0xE096, 0xD897, 0xD0B8, 0xD0D9, 0xC8FA, 0xC11A, 0xB93B, 0xB15B, 0xA95B, 0x997C, 0x819C,
    0xE082, 0xE882, 0xE083, 0xE083, 0xE084, 0xE085, 0xE085, 0xE086, 0xE087, 0xE088, 0xE089, 0xE08A, 0xE0AB, 0xE0AC, 0xE0CD, 0xE0CE,
    0xE0EF, 0xE0EF, 0xE0F1, 0xE0D3, 0xE0D4, 0xE0B6, 0xD8B7, 0xD0D8, 0xD0F9, 0xC91A, 0xC13A, 0xB95B, 0xB17B, 0xA97B, 0x999C, 0x81BC,
    0xE0A2, 0xE0A2, 0xE0C3, 0xE0C4, 0xE0C4, 0xE0C5, 0xE0C6, 0xE0C6, 0xE0C7, 0xE0C8, 0xD8C9, 0xD8CA, 0xD8CB, 0xD8EC, 0xD8ED, 0xD90E,
    0xD90E, 0xD92F, 0xD911, 0xD912, 0xD914, 0xD8F5, 0xD8F7, 0xD117, 0xC938, 0xC159, 0xC17A, 0xB97A, 0xB19B, 0xA9BB, 0x99BB, 0x89DC,
    0xE0C2, 0xE0C2, 0xE0E3, 0xE104, 0xD905, 0xD905, 0xD906, 0xD907, 0xD908, 0xD908, 0xD90A, 0xD90A, 0xD92B, 0xD92C, 0xD94D, 0xD94E,
    0xD96F, 0xD96F, 0xD971, 0xD973, 0xD954, 0xD955, 0xD937, 0xD157, 0xC978, 0xC199, 0xB9BA, 0xB9DA, 0xB1DA, 0xA9FB, 0x99FB, 0x89FC,
    0xE902, 0xE902, 0xE123, 0xE124, 0xD945, 0xD946, 0xD946, 0xD947, 0xD948, 0xD949, 0xD96A, 0xD96B, 0xD96B, 0xD96C, 0xD98D, 0xD98E,
    0xD9AF, 0xD9AF, 0xD9B1, 0xD9B2, 0xD194, 0xD195, 0xD176, 0xC997, 0xC9B8, 0xC1D8, 0xB9F9, 0xB1FA, 0xB21A, 0xAA1B, 0x9A1B, 0x8A3C,
    0xE142, 0xE142, 0xE143, 0xE164, 0xD965, 0xD986, 0xD986, 0xD987, 0xD988, 0xD989, 0xD9AA, 0xD1AB, 0xD1AB, 0xD1AC, 0xD1CD, 0xD1CE,
    0xD1EF, 0xD1EF, 0xD1F1, 0xD1D2, 0xD1D3, 0xD1D5, 0xD1D6, 0xC9D7, 0xC1F7, 0xC1F8, 0xBA19, 0xB23A, 0xB23A, 0xAA3B, 0xA25B, 0x8A5C,
    0xE162, 0xE162, 0xE183, 0xD984, 0xD9A5, 0xD9A6, 0xD9C7, 0xD9C7, 0xD9C8, 0xD9C9, 0xD9CA, 0xD9CB, 0xD9CB, 0xD9EC, 0xD9ED, 0xDA0E,
    0xDA2F, 0xDA30, 0xDA31, 0xDA32, 0xD214, 0xD215, 0xD216, 0xCA17, 0xCA38, 0xC238, 0xBA59, 0xBA7A, 0xB27A, 0xAA7B, 0xA27B, 0x929C,
    0xE182, 0xE182, 0xE1A3, 0xD9A4, 0xD9C5, 0xD9E6, 0xD9E7, 0xD9E8, 0xD9E8, 0xD9E9, 0xDA0A, 0xDA0B, 0xDA0C, 0xDA0C, 0xDA2D, 0xDA4E,
    0xDA4F, 0xDA50, 0xDA71, 0xDA52, 0xDA53, 0xD255, 0xD256, 0xD257, 0xCA57, 0xC278, 0xBA99, 0xBA9A, 0xB29A, 0xAABB, 0xA2BB, 0x92BC,
    0xE1A2, 0xE1A2, 0xE1C3, 0xD9E4, 0xDA05, 0xDA06, 0xDA07, 0xDA07, 0xDA28, 0xDA29, 0xDA2A, 0xDA2B, 0xDA2C, 0xDA4C, 0xDA4D, 0xDA6E,
    0xDA6F, 0xDA90, 0xDA90, 0xDA92, 0xDA93, 0xD294, 0xD276, 0xD277, 0xCA97, 0xC298, 0xC2B9, 0xBABA, 0xB2DA, 0xB2DB, 0xA2DB, 0x9AFC,
    0xE1C2, 0xE1C3, 0xE1E3, 0xDA04, 0xDA25, 0xDA26, 0xDA47, 0xDA47, 0xDA48, 0xDA49, 0xDA4A, 0xDA4B, 0xDA6C, 0xDA6D, 0xDA6D, 0xDA8E,
    0xDA8F, 0xDAB0, 0xDAB0, 0xDAB1, 0xDAB3, 0xD2B4, 0xD2B5, 0xD2B6, 0xCAB7, 0xC2D8, 0xC2D9, 0xBAFA, 0xBAFA, 0xB31B, 0xAB1B, 0x9B1C,
    0xE202, 0xE203, 0xE223, 0xDA44, 0xDA45, 0xDA66, 0xDA67, 0xDA67, 0xDA68, 0xDA69, 0xE28A, 0xDA8B, 0xDA8C, 0xDA8C, 0xDAAD, 0xDAAE,
    0xDAAF, 0xDACF, 0xDAD0, 0xDAF1, 0xDAF2, 0xDAF4, 0xDAF5, 0xD2F7, 0xD2F7, 0xCB18, 0xC319, 0xC33A, 0xBB3A, 0xB35B, 0xAB5B, 0x9B5C,
    0xE242, 0xE242, 0xE243, 0xDA64, 0xDA85, 0xDA86, 0xDA86, 0xDA87, 0xDA88, 0xE289, 0xE28A, 0xE2AB, 0xE2AC, 0xE2CD, 0xE2EE, 0xE2EE,
    0xE2EF, 0xE310, 0xE310, 0xE331, 0xE332, 0xDB33, 0xDB35, 0xDB36, 0xD337, 0xCB38, 0xCB59, 0xC359, 0xBB7A, 0xB37B, 0xAB9B, 0xA39C,
    0xE282, 0xE282, 0xDA83, 0xDA84, 0xDAA5, 0xDAA6, 0xDAA6, 0xDAA7, 0xE2A8, 0xE2A9, 0xE2CA, 0xE2CB, 0xE2EC, 0xE30D, 0xE30E, 0xE30E,
    0xE32F, 0xE330, 0xE330, 0xE351, 0xE372, 0xDB73, 0xDB74, 0xDB76, 0xD377, 0xD378, 0xCB99, 0xC399, 0xC3BA, 0xBBBA, 0xB3BB, 0xA3DC,
    0xE2A2, 0xE2A2, 0xDAA3, 0xDAC4, 0xDAC5, 0xDAE5, 0xE2E6, 0xE2E7, 0xE2E8, 0xE2E9, 0xE2EA, 0xE2EA, 0xE30B, 0xE32D, 0xE32D, 0xE34E,
    0xE34F, 0xE350, 0xE370, 0xE371, 0xE392, 0xE3B3, 0xDBB4, 0xDBB5, 0xDBB7, 0xD3B8, 0xD3B8, 0xCBD9, 0xC3DA, 0xBBFA, 0xB3FB, 0xA3FC,
    0xE2E2, 0xE2E3, 0xE2E3, 0xDB04, 0xDB05, 0xE305, 0xE306, 0xE327, 0xE328, 0xE328, 0xE329, 0xE32A, 0xE32B, 0xE32C, 0xE34D, 0xE36E,
    0xE36F, 0xE390, 0xE390, 0xE391, 0xE3B2, 0xE3D3, 0xE3F4, 0xDBF5, 0xDBF6, 0xDBF8, 0xD3F8, 0xD419, 0xCC1A, 0xC43B, 0xB43B, 0xAC5C,
    0xE322, 0xE323, 0xE323, 0xDB24, 0xE344, 0xE345, 0xE346, 0xE347, 0xE348, 0xE348, 0xE349, 0xE34A, 0xE34B, 0xE36C, 0xE36D, 0xE38E,
    0xE3AF, 0xE3B0, 0xE3D1, 0xE3D1, 0xE3F2, 0xE413, 0xE434, 0xE435, 0xDC36, 0xDC37, 0xDC38, 0xD439, 0xCC5A, 0xC47A, 0xBC7B, 0xAC7C,
    0xE362, 0xE363, 0xE363, 0xDB64, 0xE364, 0xE385, 0xDB85, 0xDB86, 0xE387, 0xE388, 0xE389, 0xE38A, 0xE38B, 0xE38C, 0xEBAD, 0xEBAE,
    0xE3EF, 0xE3F0, 0xE411, 0xE412, 0xE432, 0xE433, 0xE454, 0xE475, 0xE476, 0xDC77, 0xDC78, 0xDC79, 0xD47A, 0xCC9A, 0xC49B, 0xB4BC,
    0xE3A2, 0xE3A3, 0xE3A3, 0xE3A4, 0xE3A4, 0xE3C5, 0xE3C5, 0xE3C6, 0xE3E7, 0xE3E8, 0xE3E9, 0xE3EA, 0xE3EB, 0xEBEC, 0xEBED, 0xEBEE,
    0xE3EF, 0xE410, 0xE431, 0xE432, 0xE453, 0xE453, 0xE474, 0xE495, 0xE4B6, 0xE4B7, 0xE4B8, 0xDCB9, 0xDCBA, 0xD4DA, 0xC4DB, 0xBCDC,
    0xE402, 0xE403, 0xE403, 0xE404, 0xE404, 0xE405, 0xE405, 0xE406, 0xE407, 0xE428, 0xE429, 0xE42A, 0xE42B, 0xE42C, 0xE42D, 0xE42E,
    0xE42F, 0xE430, 0xE451, 0xE472, 0xE473, 0xE493, 0xE4B4, 0xE4B5, 0xE4D6, 0xE4F7, 0xE4F8, 0xE4F9, 0xDCFA, 0xD4FA, 0xCD1B, 0xC51C,
    0xE442, 0xE443, 0xE443, 0xE444, 0xE444, 0xE445, 0xE445, 0xE466, 0xE467, 0xE468, 0xE469, 0xE469, 0xE46A, 0xE46B, 0xE44C, 0xE44D,
    0xE46E, 0xE470, 0xE471, 0xE492, 0xE4B3, 0xE4D4, 0xE4D5, 0xE4F5, 0xE516, 0xE517, 0xE538, 0xE539, 0xE53A, 0xDD3A, 0xD55B, 0xC55C,
    0xE482, 0xE483, 0xE483, 0xE484, 0xE484, 0xE485, 0xE485, 0xE4A6, 0xE4A7, 0xE4A8, 0xE4A9, 0xE4CA, 0xE4CB, 0xE4AC, 0xE4AC, 0xE4AD,
    0xE4AF, 0xE4D0, 0xE4D1, 0xE4D2, 0xE4F3, 0xE4F4, 0xE515, 0xE536, 0xE536, 0xE557, 0xE558, 0xE559, 0xE55A, 0xDD5A, 0xD57B, 0xCD7C,
    0xE4E2, 0xE4E3, 0xE4E3, 0xE4E4, 0xE4E4, 0xE4E5, 0xE4E5, 0xE4E6, 0xE4E7, 0xE508, 0xE509, 0xE50A, 0xE50B, 0xE50C, 0xE50D, 0xE4ED,
    0xE4EE, 0xE4EF, 0xE4F1, 0xE512, 0xE513, 0xE534, 0xE535, 0xE556, 0xE556, 0xE577, 0xE578, 0xE579, 0xE59A, 0xDD9A, 0xD5BB, 0xCDBC,
    0xE523, 0xE523, 0xE523, 0xE524, 0xE524, 0xE525, 0xE525, 0xE526, 0xE527, 0xE548, 0xE549, 0xE54A, 0xE54B, 0xE54C, 0xE54D, 0xE54D,
    0xE52E, 0xE52F, 0xE530, 0xE531, 0xE552, 0xE554, 0xE555, 0xE576, 0xE597, 0xE597, 0xE5B8, 0xE5B9, 0xE5BA, 0xE5BA, 0xDDDB, 0xD5DC,
    0xE563, 0xE563, 0xE563, 0xE564, 0xE564, 0xE565, 0xE565, 0xE566, 0xE567, 0xE568, 0xE569, 0xE58A, 0xE58B, 0xE58C, 0xE56D, 0xE56E,
    0xE56E, 0xE56F, 0xE570, 0xE571, 0xE572, 0xE593, 0xE595, 0xE5B6, 0xE5B7, 0xE5D8, 0xE5F8, 0xE5F9, 0xE5FA, 0xE5FB, 0xDE1C, 0xD61D,
    0xE5A3, 0xE5A3, 0xE5A3, 0xE5A4, 0xE5A4, 0xE5A5, 0xE5A5, 0xE5A6, 0xE5A7, 0xE5A8, 0xE5A9, 0xE5CB, 0xE5CC, 0xE5CC, 0xE5CD, 0xE5CE,
    0xE5CF, 0xE5D0, 0xE5D1, 0xE5D2, 0xE5D3, 0xE5D4, 0xE5D5, 0xE5F6, 0xE5F7, 0xE618, 0xE618, 0xE639, 0xE63A, 0xE63B, 0xDE3C, 0xD65D,
    0xE603, 0xE603, 0xE604, 0xE604, 0xE604, 0xE605, 0xE606, 0xE607, 0xE608, 0xE609, 0xE60A, 0xE60B, 0xE60C, 0xE60D, 0xE60E, 0xE60E,
    0xE60F, 0xE5F0, 0xE611, 0xE612, 0xE613, 0xE614, 0xE615, 0xE616, 0xE637, 0xE638, 0xE659, 0xE659, 0xE67A, 0xE67B, 0xE67C, 0xDE7D,
    0xE623, 0xE623, 0xE624, 0xE624, 0xE624, 0xE625, 0xE626, 0xE627, 0xE628, 0xE649, 0xE64A, 0xE64B, 0xE64C, 0xE64D, 0xE64E, 0xE64F,
    0xEE30, 0xEE30, 0xEE31, 0xE652, 0xE653, 0xE654, 0xE675, 0xE676, 0xE677, 0xE678, 0xEE79, 0xEE99, 0xEE9A, 0xE69B, 0xE6BC, 0xDEBD,
    0xDE63, 0xDE63, 0xDE64, 0xDE64, 0xDE64, 0xE665, 0xE665, 0xE666, 0xE667, 0xE668, 0xE66A, 0xE66B, 0xE66C, 0xE66D, 0xE66E, 0xE66F,
    0xEE70, 0xEE71, 0xEE71, 0xEE72, 0xE693, 0xE694, 0xE695, 0xE6B6, 0xE6B7, 0xE6B8, 0xEEB9, 0xEEB9, 0xEEBA, 0xEEDB, 0xE6DC, 0xE6DD,
    0xDE83, 0xDE83, 0xDE84, 0xDE84, 0xDE84, 0xDE85, 0xDEA5, 0xE6A6, 0xE6A7, 0xE6A8, 0xE6A9, 0xE6AA, 0xE6AB, 0xE6AC, 0xE6AD, 0xE6AF,
    0xE6B0, 0xEEB1, 0xEEB2, 0xEEB3, 0xEED4, 0xEED5, 0xEED6, 0xE6F7, 0xE6F7, 0xEEF8, 0xEEF9, 0xEEFA, 0xEEFA, 0xEEFB, 0xEF1C, 0xE71D,
    0xDEE3, 0xDEE3, 0xDEE4, 0xDEE4, 0xDEE5, 0xDEE5, 0xDEE5, 0xE6E6, 0xE6E6, 0xE6E8, 0xE6E9, 0xE6EA, 0xE6EB, 0xE6EC, 0xE6ED, 0xE6EE,
    0xE6EF, 0xE6F1, 0xEEF2, 0xEEF3, 0xEEF4, 0xEF14, 0xEF15, 0xEF16, 0xEF17, 0xEF18, 0xEF39, 0xEF3A, 0xEF3A, 0xEF3B, 0xEF3C, 0xE75D,
    0xDF03, 0xDF03, 0xDF04, 0xDF04, 0xDF05, 0xDF05, 0xDF26, 0xDF26, 0xE727, 0xE727, 0xE728, 0xE729, 0xE72B, 0xE72C, 0xE72D, 0xE72E,
    0xE72F, 0xE730, 0xE731, 0xE732, 0xE733, 0xEF34, 0xEF55, 0xEF56, 0xEF57, 0xEF58, 0xEF59, 0xEF59, 0xEF7A, 0xEF7B, 0xEF7C, 0xEF7D,
    0xDF44, 0xDF44, 0xDF44, 0xDF45, 0xDF45, 0xDF46, 0xDF46, 0xDF47, 0xDF68, 0xE768, 0xE769, 0xE769, 0xE76A, 0xE76C, 0xE76D, 0xE76E,
    0xE76F, 0xE770, 0xE771, 0xE772, 0xE773, 0xE794, 0xEF95, 0xEF96, 0xEF97, 0xEF97, 0xEFB8, 0xEFB9, 0xEFBA, 0xEFBB, 0xEFBC, 0xEFBD,
    0xE862, 0xE862, 0xE863, 0xE863, 0xE864, 0xE865, 0xE865, 0xE866, 0xE867, 0xE868, 0xE869, 0xE88A, 0xE88B, 0xE8AC, 0xE8AD, 0xE8CE,
    0xE8CF, 0xE8F0, 0xE8F1, 0xE8F2, 0xE8D4, 0xE8B5, 0xE8B7, 0xE098, 0xD8D9, 0xD8FA, 0xD11A, 0xC93B, 0xC15B, 0xB95C, 0xB17C, 0xA17C,
    0xE882, 0xE882, 0xE883, 0xE884, 0xE884, 0xE885, 0xE886, 0xE887, 0xE887, 0xE8A8, 0xE8A9, 0xE8AA, 0xE8AB, 0xE8CC, 0xE8CD, 0xE8EE,
    0xE8EF, 0xE90F, 0xE911, 0xE112, 0xE0F4, 0xE0F5, 0xE0D6, 0xE0D8, 0xD8F8, 0xD119, 0xD13A, 0xC95A, 0xC17B, 0xB99B, 0xB19C, 0xA1BC,
    0xE8A2, 0xE8C2, 0xE8C3, 0xE0C4, 0xE0C4, 0xE0C5, 0xE0C6, 0xE0C7, 0xE0C8, 0xE0C8, 0xE0E9, 0xE0EA, 0xE0EB, 0xE0EC, 0xE10D, 0xE10E,
    0xE12E, 0xE12F, 0xE130, 0xE132, 0xE133, 0xE115, 0xE116, 0xD917, 0xD138, 0xD159, 0xC979, 0xC19A, 0xC1BB, 0xB9BB, 0xB1DB, 0xA1DC,
    0xE8E2, 0xE8E2, 0xE903, 0xE124, 0xE125, 0xE125, 0xE126, 0xE127, 0xE128, 0xE129, 0xE12A, 0xE12B, 0xE14B, 0xE14C, 0xE16D, 0xE16E,
    0xE16F, 0xE18F, 0xE191, 0xE192, 0xE173, 0xD975, 0xD956, 0xD957, 0xD178, 0xD199, 0xC9B9, 0xC1DA, 0xB9DA, 0xB9FB, 0xB1FB, 0xA9FC,
    0xE902, 0xE922, 0xE923, 0xE144, 0xE165, 0xE166, 0xE166, 0xE167, 0xD968, 0xD969, 0xD96A, 0xD96B, 0xD98B, 0xD98C, 0xD98D, 0xD9AE,
    0xD9AF, 0xD9CF, 0xD9D1, 0xD9B2, 0xD9B3, 0xD9B5, 0xD996, 0xD997, 0xD1B8, 0xC9D8, 0xC9D9, 0xC1FA, 0xBA1A, 0xBA1B, 0xB23B, 0xAA3C,
    0xE942, 0xE942, 0xE963, 0xE164, 0xE185, 0xE186, 0xE187, 0xD987, 0xD988, 0xD9A9, 0xD9AA, 0xD9AB, 0xD9AB, 0xD9AC, 0xD9CD, 0xD9CE,
    0xD9EF, 0xD9EF, 0xD9F0, 0xD9F2, 0xD9F3, 0xD9D4, 0xD9D6, 0xD9D7, 0xD1D7, 0xC9F8, 0xCA19, 0xC21A, 0xC23A, 0xBA5B, 0xB25B, 0xAA5C,
    0xE962, 0xE962, 0xE183, 0xE1A4, 0xE1A5, 0xD9C6, 0xD9C7, 0xD9C7, 0xD9C8, 0xD9C9, 0xD9C9, 0xD9CA, 0xD9CB, 0xE1EC, 0xE20D, 0xE20E,
    0xE22F, 0xE230, 0xE251, 0xE232, 0xDA33, 0xDA35, 0xDA16, 0xDA17, 0xD238, 0xD238, 0xCA59, 0xC25A, 0xC27A, 0xBA9B, 0xB29B, 0xAA9C,
    0xE982, 0xE9A3, 0xE1A3, 0xE1C4, 0xE1E5, 0xE1E6, 0xE1E7, 0xE208, 0xE208, 0xE209, 0xE20A, 0xE20B, 0xE20C, 0xE22D, 0xE22D, 0xE24E,
    0xE24F, 0xE270, 0xE271, 0xE272, 0xE273, 0xDA54, 0xDA56, 0xDA57, 0xD257, 0xD278, 0xCA79, 0xC29A, 0xC2BA, 0xBABB, 0xB2BB, 0xAABC,
    0xE9A2, 0xE1C3, 0xE1E4, 0xE204, 0xE205, 0xE206, 0xE227, 0xE228, 0xE228, 0xE229, 0xE22A, 0xE22A, 0xE24B, 0xE24D, 0xE24D, 0xE26E,
    0xE26F, 0xE290, 0xE291, 0xE2B1, 0xE293, 0xDA94, 0xDA95, 0xDA97, 0xD297, 0xD298, 0xCAB9, 0xCABA, 0xC2DA, 0xBADB, 0xBAFB, 0xAAFC,
    0xE9C2, 0xE9E3, 0xE204, 0xE224, 0xE225, 0xE246, 0xE247, 0xE247, 0xE248, 0xE249, 0xE24A, 0xE26A, 0xE26B, 0xE26C, 0xE26D, 0xE28E,
    0xE2AF, 0xE2B0, 0xE2B0, 0xE2D1, 0xE2D2, 0xE2D4, 0xDAB5, 0xDAB6, 0xDAB7, 0xD2D8, 0xCAD9, 0xCAFA, 0xC2FA, 0xC31B, 0xBB1B, 0xB31C,
    0xEA02, 0xEA23, 0xE224, 0xE244, 0xE265, 0xE266, 0xE267, 0xE267, 0xE268, 0xE269, 0xE28A, 0xE28B, 0xE28B, 0xE28C, 0xE2AD, 0xE2AE,
    0xE2AF, 0xE2D0, 0xE2D0, 0xE2F1, 0xE312, 0xE314, 0xE315, 0xDB16, 0xDAF8, 0xD318, 0xD319, 0xCB3A, 0xCB3A, 0xC35B, 0xBB5B, 0xB37C,
    0xEA42, 0xE243, 0xE264, 0xE264, 0xE285, 0xE286, 0xE286, 0xE287, 0xE288, 0xE289, 0xE2AA, 0xEAAB, 0xEACC, 0xEACD, 0xEAEE, 0xEAEE,
    0xEB0F, 0xEB10, 0xEB11, 0xEB31, 0xE352, 0xE353, 0xE355, 0xDB56, 0xDB37, 0xDB38, 0xD359, 0xD35A, 0xCB7A, 0xC39B, 0xBB9B, 0xB39C,
    0xEA82, 0xE283, 0xE284, 0xE2A4, 0xE2A5, 0xE2A6, 0xE2A6, 0xE2C7, 0xEAC8, 0xEAC9, 0xEACA, 0xEACB, 0xEAEC, 0xEB0D, 0xEB0E, 0xEB2E,
    0xEB2F, 0xEB30, 0xEB50, 0xEB51, 0xEB72, 0xE373, 0xE374, 0xE376, 0xDB77, 0xDB78, 0xD399, 0xD399, 0xCBBA, 0xCBBB, 0xC3DB, 0xB3DC,
    0xEAA2, 0xE2C3, 0xE2C3, 0xE2C4, 0xE2C5, 0xE2E6, 0xE2E6, 0xEAE7, 0xEAE8, 0xEAE9, 0xEAEA, 0xEB0A, 0xEB0B, 0xEB2D, 0xEB2E, 0xEB4E,
    0xEB4F, 0xEB50, 0xEB70, 0xEB71, 0xEB92, 0xEBB3, 0xE3B4, 0xE3B5, 0xE3B7, 0xDBB8, 0xDBB9, 0xD3D9, 0xD3DA, 0xCBFB, 0xC3FB, 0xBBFC,
    0xEAE2, 0xEAE3, 0xE303, 0xE304, 0xE305, 0xE305, 0xE326, 0xEB27, 0xEB28, 0xEB29, 0xEB29, 0xEB2A, 0xEB2B, 0xEB4C, 0xEB6D, 0xEB6E,
    0xEB6F, 0xEB90, 0xEB91, 0xEBB1, 0xEBB2, 0xEBD3, 0xEBF4, 0xE415, 0xE416, 0xE418, 0xE3F9, 0xDC19, 0xD41A, 0xD43B, 0xC45B, 0xBC5C,
    0xEB22, 0xEB23, 0xE323, 0xE324, 0xE344, 0xE345, 0xE346, 0xEB47, 0xEB48, 0xEB48, 0xEB49, 0xEB4A, 0xEB6B, 0xEB6C, 0xEB6D, 0xEB8E,
    0xEBAF, 0xEBD0, 0xEBD1, 0xEBF2, 0xEBF2, 0xEC13, 0xEC34, 0xEC55, 0xE456, 0xE457, 0xE438, 0xDC39, 0xDC5A, 0xD47B, 0xCC7B, 0xBC7C,
    0xEB62, 0xEB63, 0xE363, 0xE364, 0xE364, 0xE385, 0xE386, 0xE386, 0xE387, 0xEB88, 0xEB89, 0xEB8A, 0xEB8B, 0xEB8C, 0xEBAD, 0xF3AE,
    0xEBF0, 0xEBF1, 0xEC11, 0xEC12, 0xEC32, 0xEC33, 0xEC54, 0xEC75, 0xEC76, 0xE497, 0xE478, 0xE479, 0xE47A, 0xDC9A, 0xD4BB, 0xC4BC,
    0xEBA2, 0xEBA3, 0xE3A3, 0xEBA4, 0xEBA4, 0xEBC5, 0xEBC5, 0xEBC6, 0xEBE7, 0xEBE8, 0xEBE9, 0xEBEA, 0xEBEB, 0xF3EC, 0xF3ED, 0xF3EE,
    0xF3EF, 0xEC30, 0xEC31, 0xEC52, 0xEC53, 0xEC73, 0xEC74, 0xEC95, 0xECB6, 0xECB6, 0xECB8, 0xE4B9, 0xE4BA, 0xDCDA, 0xD4DB, 0xCCDC,
    0xEBE2, 0xEBE3, 0xEBE3, 0xEBE4, 0xEBE4, 0xEC05, 0xEC05, 0xEC06, 0xEC07, 0xEC08, 0xEC29, 0xEC2A, 0xEC2B, 0xEC0C, 0xF40D, 0xF42E,
    0xEC2F, 0xEC30, 0xEC51, 0xEC72, 0xEC73, 0xEC94, 0xECB4, 0xECD5, 0xECD6, 0xECF6, 0xECF8, 0xECF9, 0xECFA, 0xE4FA, 0xDD1B, 0xD53C,
    0xEC42, 0xEC43, 0xEC43, 0xEC44, 0xEC44, 0xEC45, 0xEC45, 0xEC46, 0xEC47, 0xE448, 0xEC49, 0xEC4A, 0xEC6A, 0xEC4B, 0xEC4C, 0xEC4D,
    0xEC6F, 0xEC70, 0xEC91, 0xEC92, 0xECB3, 0xECD4, 0xECF5, 0xED16, 0xED16, 0xED37, 0xED38, 0xED39, 0xED3A, 0xE53A, 0xDD5B, 0xD55C,
    0xEC82, 0xEC83, 0xEC83, 0xEC84, 0xEC84, 0xEC85, 0xEC85, 0xEC86, 0xECA7, 0xECA8, 0xECA9, 0xECAA, 0xECAB, 0xECAB, 0xECAD, 0xECAD,
    0xECAF, 0xECD0, 0xECD1, 0xECD2, 0xECF3, 0xED14, 0xED15, 0xED36, 0xED36, 0xED57, 0xED58, 0xED59, 0xED5A, 0xED5A, 0xE57B, 0xDD9C,
    0xECE3, 0xECE3, 0xECE4, 0xECE4, 0xECE4, 0xECE5, 0xECE5, 0xECE6, 0xECE7, 0xECE8, 0xECE9, 0xED0A, 0xED0B, 0xECEC, 0xECEC, 0xECED,
    0xECEE, 0xECF0, 0xECF1, 0xED12, 0xED13, 0xED34, 0xED55, 0xED56, 0xED76, 0xED77, 0xED98, 0xED99, 0xED9A, 0xED9A, 0xE5BB, 0xDDBC,
    0xED23, 0xED23, 0xED24, 0xED24, 0xED24, 0xED25, 0xED25, 0xED26, 0xED27, 0xED28, 0xED49, 0xED4A, 0xED4B, 0xED4C, 0xED2C, 0xED2D,
    0xED2E, 0xED2F, 0xED30, 0xED31, 0xED53, 0xED54, 0xED75, 0xED76, 0xED97, 0xEDB7, 0xEDB8, 0xEDD9, 0xEDDA, 0xEDDA, 0xE5DB, 0xDDFD,
    0xED63, 0xED63, 0xED64, 0xED64, 0xED64, 0xED65, 0xED65, 0xED66, 0xED67, 0xED68, 0xED69, 0xED6A, 0xED6B, 0xED6C, 0xED6D, 0xED6D,
    0xED6E, 0xED6F, 0xED70, 0xED71, 0xED72, 0xED93, 0xED95, 0xEDB6, 0xEDD7, 0xEDD8, 0xEDF8, 0xEDF9, 0xEE1A, 0xEE1B, 0xEE1C, 0xE63D,
    0xEDA3, 0xEDA3, 0xEDA4, 0xEDA4, 0xEDA4, 0xEDA5, 0xEDA5, 0xEDA6, 0xEDA7, 0xEDA8, 0xEDA9, 0xEDCA, 0xEDCB, 0xEDCC, 0xEDCD, 0xEDCE,
    0xEDAF, 0xEDB0, 0xEDD1, 0xEDD2, 0xEDD3, 0xEDD4, 0xEDD5, 0xEDF6, 0xEDF7, 0xEE18, 0xEE19, 0xEE39, 0xEE3A, 0xEE3B, 0xEE5C, 0xE65D,
    0xEE03, 0xEDE3, 0xEE04, 0xEE04, 0xEE04, 0xEDE5, 0xEDE5, 0xEDE6, 0xEDE7, 0xEE08, 0xEE0A, 0xEE0B, 0xEE0C, 0xEE0D, 0xEE0D, 0xEE0E,
    0xEDEF, 0xEDF0, 0xEDF1, 0xEE12, 0xEE13, 0xEE14, 0xEE15, 0xEE16, 0xEE37, 0xEE38, 0xEE59, 0xEE59, 0xEE7A, 0xEE7B, 0xEE7C, 0xE69D,
    0xEE23, 0xEE23, 0xEE24, 0xEE24, 0xEE25, 0xEE25, 0xEE26, 0xEE27, 0xEE28, 0xEE29, 0xEE4A, 0xEE4B, 0xEE4C, 0xEE4D, 0xEE4E, 0xEE4F,
    0xEE2F, 0xF630, 0xF631, 0xEE32, 0xEE53, 0xEE54, 0xEE55, 0xEE76, 0xEE77, 0xEE78, 0xF679, 0xF69A, 0xEE9A, 0xEEBB, 0xEEBC, 0xEEBD,
    0xEE63, 0xEE63, 0xEE64, 0xEE64, 0xEE65, 0xEE65, 0xEE65, 0xEE67, 0xEE68, 0xEE69, 0xEE6A, 0xEE6B, 0xEE8C, 0xEE8D, 0xEE8E, 0xEE6F,
    0xEE70, 0xF671, 0xF671, 0xF672, 0xEE93, 0xEE94, 0xEE95, 0xEEB6, 0xEEB7, 0xEEB8, 0xF6B9, 0xF6BA, 0xF6DA, 0xF6DB, 0xF6DC, 0xEEFD,
    0xE6A3, 0xE6A3, 0xE6A4, 0xE6A4, 0xE6A5, 0xE6A5, 0xEEA5, 0xEEA6, 0xEEA7, 0xEEA8, 0xEEA9, 0xEEAB, 0xEEAC, 0xEEAD, 0xEEAE, 0xEEAF,
    0xEEB0, 0xF6B1, 0xF6B2, 0xF6B3, 0xF6D4, 0xF6D5, 0xEED6, 0xEEF6, 0xEEF7, 0xEEF8, 0xF6F9, 0xF6FA, 0xF6FA, 0xF71B, 0xF71C, 0xEF1D,
    0xE6E3, 0xE6E3, 0xE6E4, 0xE6E4, 0xE6E5, 0xE6E5, 0xEEE6, 0xEEE6, 0xEEE7, 0xEEE8, 0xEEE9, 0xEEEA, 0xEEEC, 0xEEED, 0xEEEE, 0xEF0F,
    0xF710, 0xF6F1, 0xF6F2, 0xF6F3, 0xF714, 0xF715, 0xF716, 0xF717, 0xEF37, 0xF738, 0xF739, 0xF73A, 0xF73A, 0xF73B, 0xF75C, 0xF75D,
    0xE723, 0xE723, 0xE724, 0xE724, 0xE725, 0xE725, 0xE726, 0xEF26, 0xEF27, 0xEF27, 0xEF29, 0xEF2A, 0xEF2B, 0xEF2C, 0xEF2D, 0xEF2E,
    0xEF2F, 0xEF30, 0xEF31, 0xF732, 0xF733, 0xF754, 0xF755, 0xF756, 0xF757, 0xF758, 0xF779, 0xF77A, 0xF77B, 0xF77B, 0xF77C, 0xF77D,
    0xE744, 0xE744, 0xE745, 0xE745, 0xE746, 0xE766, 0xE767, 0xE767, 0xEF68, 0xEF68, 0xEF69, 0xEF6A, 0xEF6A, 0xEF6B, 0xEF6D, 0xEF6E,
    0xEF6F, 0xEF90, 0xEF91, 0xEF92, 0xF793, 0xF794, 0xF795, 0xF796, 0xF797, 0xF798, 0xF7B9, 0xF7B9, 0xF7BA, 0xF7BB, 0xF7BC, 0xF7BD,
};
