/**
 * lut_custom_kodak_vision3_50d_5203_neg_vs.h
 * Custom LUT from 'Kodak Vision3 50D 5203 (NEG)_VS.cube'
 *
 * Auto-generated by tools/generate_luts.py — DO NOT EDIT
 * 32768 entries × 2 bytes = 64 KB, stored in Flash (.rodata)
 */
#pragma once
#include <stdint.h>

static const uint16_t LUT_CUSTOM_KODAK_VISION3_50D_5203_NEG_VS[32768] = {
    0x0020, 0x0020, 0x0020, 0x0021, 0x0021, 0x0022, 0x0022, 0x0023, 0x0023, 0x0024, 0x0024, 0x0025, 0x0025, 0x0826, 0x0826, 0x0827,
    0x0848, 0x0848, 0x0849, 0x0849, 0x084A, 0x084B, 0x084B, 0x084C, 0x084C, 0x084D, 0x084D, 0x084D, 0x084E, 0x084E, 0x084E, 0x084E,
    0x0040, 0x0040, 0x0021, 0x0021, 0x0022, 0x0022, 0x0022, 0x0023, 0x0023, 0x0024, 0x0024, 0x0025, 0x0046, 0x0846, 0x0847, 0x0847,
    0x0848, 0x0848, 0x0849, 0x084A, 0x084A, 0x084B, 0x084B, 0x084C, 0x084C, 0x086D, 0x086D, 0x086D, 0x086E, 0x086E, 0x086E, 0x086E,
    0x0860, 0x0841, 0x0841, 0x0841, 0x0042, 0x0042, 0x0043, 0x0043, 0x0044, 0x0044, 0x0045, 0x0045, 0x0846, 0x0846, 0x0847, 0x0848,
    0x0848, 0x0849, 0x0849, 0x084A, 0x086A, 0x086B, 0x086C, 0x086C, 0x086D, 0x086D, 0x086D, 0x086E, 0x086E, 0x086E, 0x086E, 0x086F,
    0x0881, 0x0881, 0x0881, 0x0862, 0x0862, 0x0863, 0x0863, 0x0864, 0x0864, 0x0864, 0x0865, 0x0865, 0x0866, 0x0867, 0x0867, 0x0868,
    0x0868, 0x0869, 0x0869, 0x086A, 0x086B, 0x086B, 0x086C, 0x086C, 0x086D, 0x086D, 0x086D, 0x086E, 0x086E, 0x086E, 0x086E, 0x086F,
    0x08C1, 0x08C1, 0x08A2, 0x08A2, 0x0882, 0x0883, 0x0883, 0x0884, 0x0884, 0x0885, 0x0865, 0x0866, 0x0866, 0x0867, 0x0868, 0x0868,
    0x0869, 0x0869, 0x086A, 0x086A, 0x086B, 0x086B, 0x086C, 0x088C, 0x088D, 0x088D, 0x088D, 0x088E, 0x088E, 0x088E, 0x088E, 0x088F,
    0x0901, 0x08E2, 0x08E2, 0x08E2, 0x08C3, 0x08C3, 0x08C4, 0x08A4, 0x08A5, 0x08A5, 0x08A6, 0x0886, 0x0887, 0x0887, 0x0888, 0x0888,
    0x0889, 0x0889, 0x088A, 0x088A, 0x088B, 0x088B, 0x088C, 0x088C, 0x088D, 0x088D, 0x088D, 0x088E, 0x088E, 0x088E, 0x088F, 0x088F,
    0x1142, 0x1122, 0x1122, 0x1123, 0x1103, 0x0904, 0x08E4, 0x08E4, 0x08E5, 0x08C5, 0x08C6, 0x08C6, 0x08A7, 0x08A7, 0x08A8, 0x08A8,
    0x08A9, 0x08A9, 0x08AA, 0x08AB, 0x088B, 0x088C, 0x088C, 0x08AD, 0x08AD, 0x08AD, 0x08AE, 0x08AE, 0x08AE, 0x08AE, 0x08AF, 0x08AF,
    0x1162, 0x1162, 0x1163, 0x1143, 0x1144, 0x1144, 0x1124, 0x1125, 0x0905, 0x0906, 0x0906, 0x08E7, 0x08E7, 0x08E8, 0x08C8, 0x08C9,
    0x08C9, 0x08CA, 0x08CA, 0x08AB, 0x08AB, 0x08AC, 0x08AC, 0x08AD, 0x08AD, 0x08AD, 0x08AE, 0x08AE, 0x08AE, 0x08AE, 0x08AF, 0x08AF,
    0x11A2, 0x11A3, 0x11A3, 0x1184, 0x1184, 0x1184, 0x1165, 0x1165, 0x1146, 0x1146, 0x1126, 0x0927, 0x0907, 0x0908, 0x0908, 0x0909,
    0x08E9, 0x08EA, 0x08EA, 0x08CB, 0x08CB, 0x08CC, 0x08CC, 0x08CD, 0x08CD, 0x08CD, 0x08CE, 0x08CE, 0x08CE, 0x08CF, 0x08CF, 0x08CF,
    0x11E3, 0x11E3, 0x11C4, 0x11C4, 0x11C4, 0x11C5, 0x11A5, 0x11A6, 0x1186, 0x1186, 0x1167, 0x1167, 0x1148, 0x1148, 0x1149, 0x1129,
    0x112A, 0x092A, 0x090B, 0x090B, 0x08EC, 0x08EC, 0x08EC, 0x08CD, 0x08CD, 0x08CD, 0x08CE, 0x08CE, 0x08CE, 0x08CF, 0x08CF, 0x08CF,
    0x1A23, 0x1A03, 0x1A04, 0x1A04, 0x1A05, 0x19E5, 0x11E5, 0x11E6, 0x11E6, 0x11C7, 0x11A7, 0x11A8, 0x1188, 0x1189, 0x1169, 0x116A,
    0x116A, 0x114A, 0x114B, 0x112B, 0x112C, 0x110C, 0x110D, 0x08ED, 0x08ED, 0x08EE, 0x08EE, 0x08EE, 0x08EE, 0x08EF, 0x08EF, 0x08EF,
    0x1A43, 0x1A44, 0x1A44, 0x1A44, 0x1A45, 0x1A25, 0x1A26, 0x1A26, 0x1A27, 0x1A07, 0x1208, 0x11E8, 0x11C8, 0x11C9, 0x11A9, 0x11AA,
    0x11AA, 0x118B, 0x118B, 0x116C, 0x116C, 0x114C, 0x112D, 0x112D, 0x110D, 0x110E, 0x110E, 0x10EE, 0x10EF, 0x10EF, 0x10EF, 0x10EF,
    0x1A84, 0x1A84, 0x1A84, 0x1A85, 0x1A85, 0x1A66, 0x1A66, 0x1A67, 0x1A67, 0x1A48, 0x1A48, 0x1A28, 0x1A29, 0x1A09, 0x120A, 0x11EA,
    0x11EB, 0x11CB, 0x11CC, 0x11AC, 0x118C, 0x118D, 0x116D, 0x114D, 0x114E, 0x112E, 0x112E, 0x110E, 0x110F, 0x110F, 0x110F, 0x110F,
    0x1AA4, 0x1AA4, 0x1AC4, 0x1AA5, 0x1AA5, 0x1AA6, 0x1AA6, 0x1AA7, 0x1AA7, 0x1AA8, 0x1A88, 0x1A89, 0x1A69, 0x1A6A, 0x1A4A, 0x1A2B,
    0x1A2B, 0x1A0B, 0x1A0C, 0x11EC, 0x11ED, 0x11CD, 0x11AD, 0x118E, 0x116E, 0x116E, 0x114E, 0x114F, 0x114F, 0x112F, 0x112F, 0x1130,
    0x22E4, 0x22E4, 0x22E5, 0x22E5, 0x22E6, 0x22E6, 0x22E7, 0x22E7, 0x22E8, 0x22E8, 0x1AC9, 0x1AC9, 0x1AAA, 0x1AAA, 0x1A8B, 0x1A8B,
    0x1A6B, 0x1A4C, 0x1A4C, 0x1A2D, 0x1A2D, 0x1A0D, 0x19EE, 0x11CE, 0x11AE, 0x11AE, 0x118F, 0x116F, 0x116F, 0x116F, 0x116F, 0x1170,
    0x2324, 0x2325, 0x2325, 0x2325, 0x2326, 0x2326, 0x2327, 0x2328, 0x2328, 0x2329, 0x2329, 0x230A, 0x230A, 0x22EA, 0x22CB, 0x1ACB,
    0x1AAC, 0x1AAC, 0x1A8D, 0x1A8D, 0x1A6D, 0x1A4E, 0x1A4E, 0x1A2E, 0x1A0F, 0x19EF, 0x19CF, 0x11AF, 0x11AF, 0x11B0, 0x1190, 0x1190,
    0x2365, 0x2365, 0x2365, 0x2366, 0x2366, 0x2367, 0x2367, 0x2368, 0x2368, 0x2369, 0x236A, 0x236A, 0x234B, 0x234B, 0x232B, 0x230C,
    0x22EC, 0x22ED, 0x22CD, 0x1ACD, 0x1AAE, 0x1AAE, 0x1A8E, 0x1A6F, 0x1A4F, 0x1A4F, 0x1A2F, 0x1A0F, 0x19F0, 0x19F0, 0x19D0, 0x19D0,
    0x2385, 0x2385, 0x23A6, 0x23A6, 0x2BA7, 0x2BA7, 0x2BA8, 0x2BA8, 0x2BA9, 0x2BA9, 0x2BAA, 0x2BAB, 0x2BAB, 0x2B8C, 0x2B8C, 0x236C,
    0x234D, 0x232D, 0x230D, 0x230E, 0x22EE, 0x22EE, 0x22CF, 0x22CF, 0x22AF, 0x2290, 0x2290, 0x1A70, 0x1A50, 0x1A30, 0x1A10, 0x1A10,
    0x2BC6, 0x2BC6, 0x2BC6, 0x2BE6, 0x2BE7, 0x2BE7, 0x2BE8, 0x2BE9, 0x2BE9, 0x2BEA, 0x2BEB, 0x2BEB, 0x2BEC, 0x2BEC, 0x2BCD, 0x2BCD,
    0x2BAD, 0x2B8D, 0x236E, 0x234E, 0x234E, 0x232F, 0x232F, 0x230F, 0x2310, 0x22F0, 0x22D0, 0x22D0, 0x22B1, 0x2291, 0x2271, 0x1A51,
    0x2C06, 0x2C06, 0x2C06, 0x2C07, 0x2C07, 0x2C28, 0x2C28, 0x2C29, 0x342A, 0x342A, 0x342B, 0x342C, 0x342C, 0x342D, 0x342D, 0x340E,
    0x340E, 0x33EE, 0x2BCE, 0x2BAF, 0x2B8F, 0x2B6F, 0x2B6F, 0x2B50, 0x2B50, 0x2B50, 0x2B31, 0x2B31, 0x2B11, 0x22F1, 0x22B1, 0x2291,
    0x2C26, 0x2C26, 0x2C27, 0x2C27, 0x2C48, 0x3448, 0x3449, 0x3469, 0x346A, 0x346B, 0x346B, 0x346C, 0x3C6D, 0x3C6D, 0x3C6E, 0x3C4E,
    0x3C4F, 0x342F, 0x342F, 0x340F, 0x33F0, 0x2BD0, 0x2BB0, 0x2BB0, 0x2BB1, 0x2B91, 0x2B91, 0x3391, 0x2B71, 0x2B51, 0x2B11, 0x22F1,
    0x2C47, 0x2C47, 0x2C47, 0x3467, 0x3468, 0x3468, 0x3489, 0x348A, 0x348A, 0x3C8B, 0x3C8C, 0x3C8D, 0x3CAD, 0x3CAE, 0x3CAE, 0x3C8F,
    0x3C8F, 0x3C90, 0x3C70, 0x3C70, 0x3C50, 0x3430, 0x3410, 0x33F1, 0x33F1, 0x33F1, 0x33F1, 0x33F2, 0x33D2, 0x33B2, 0x2B72, 0x2B32,
    0x3467, 0x3467, 0x3467, 0x3488, 0x3488, 0x3489, 0x34A9, 0x34AA, 0x3CAB, 0x3CAB, 0x3CAC, 0x3CCD, 0x44CE, 0x44CE, 0x44CF, 0x44CF,
    0x44D0, 0x44B0, 0x44B0, 0x44B1, 0x3C91, 0x3C71, 0x3C51, 0x3C31, 0x3431, 0x3431, 0x3C32, 0x3C32, 0x3C12, 0x3C12, 0x33D2, 0x2B92,
    0x34A7, 0x34A8, 0x34A8, 0x34A8, 0x34A8, 0x34A9, 0x3CA9, 0x3CCA, 0x3CCB, 0x3CCC, 0x3CCC, 0x44ED, 0x44EE, 0x44EF, 0x44EF, 0x4CF0,
    0x4CF0, 0x4CF1, 0x4CF1, 0x44D1, 0x44D1, 0x44B1, 0x44B2, 0x3C92, 0x3C72, 0x3C52, 0x3C52, 0x3C52, 0x3C53, 0x3C53, 0x3C13, 0x33D2,
    0x34A8, 0x34A8, 0x34C8, 0x34C8, 0x34C9, 0x3CC9, 0x3CCA, 0x3CEA, 0x3CEB, 0x3CEC, 0x44ED, 0x44ED, 0x450E, 0x4D0F, 0x4D10, 0x4D10,
    0x4D11, 0x4D11, 0x4D11, 0x4D12, 0x4CF2, 0x4CF2, 0x44D2, 0x44D2, 0x44B2, 0x4492, 0x4492, 0x4493, 0x4473, 0x4473, 0x3C53, 0x3C13,
    0x34C8, 0x34C8, 0x34C8, 0x3CC9, 0x3CE9, 0x3CEA, 0x3CEA, 0x3CEB, 0x3D0B, 0x450C, 0x450D, 0x450E, 0x4D0F, 0x4D2F, 0x4D30, 0x4D31,
    0x5531, 0x5532, 0x5532, 0x5532, 0x5532, 0x4D12, 0x4D13, 0x4CF3, 0x4CF3, 0x44D3, 0x44B3, 0x44B3, 0x44B3, 0x4493, 0x4473, 0x3C53,
    0x3CE8, 0x3CE9, 0x3CE9, 0x3CE9, 0x3CE9, 0x3CEA, 0x3D0A, 0x3D0B, 0x450C, 0x450D, 0x452D, 0x4D2E, 0x4D2F, 0x4D30, 0x5550, 0x5551,
    0x5551, 0x5552, 0x5552, 0x5552, 0x5533, 0x5533, 0x5533, 0x5533, 0x4D13, 0x4CF3, 0x4CF3, 0x4CD3, 0x44D3, 0x44D3, 0x44B3, 0x4493,
    0x3D09, 0x3D09, 0x3D09, 0x3D09, 0x3D0A, 0x3D0A, 0x3D0B, 0x452C, 0x452C, 0x452D, 0x4D2E, 0x4D4F, 0x4D4F, 0x5550, 0x5551, 0x5551,
    0x5D52, 0x5D52, 0x5D52, 0x5D53, 0x5D53, 0x5D53, 0x5553, 0x5553, 0x5533, 0x5534, 0x5514, 0x4D14, 0x4CF4, 0x4CF4, 0x44D4, 0x44D4,
    0x3D09, 0x3D09, 0x3D09, 0x3D0A, 0x3D2A, 0x3D2B, 0x452B, 0x452C, 0x452D, 0x4D4D, 0x4D4E, 0x4D4F, 0x5550, 0x5571, 0x5571, 0x5D72,
    0x5D72, 0x5D73, 0x5D73, 0x5D73, 0x5D73, 0x5D73, 0x5D54, 0x5D54, 0x5554, 0x5554, 0x5534, 0x5534, 0x5534, 0x4D14, 0x4D14, 0x4CF4,
    0x3D29, 0x3D29, 0x3D2A, 0x3D2A, 0x3D2A, 0x452B, 0x452C, 0x454C, 0x4D4D, 0x4D4E, 0x554F, 0x5570, 0x5570, 0x5591, 0x5D91, 0x5D92,
    0x5D92, 0x5D93, 0x5D93, 0x5D93, 0x5D93, 0x5D74, 0x5D74, 0x5D74, 0x5D74, 0x5D54, 0x5D54, 0x5D54, 0x5554, 0x5554, 0x5534, 0x4D14,
    0x3D29, 0x3D2A, 0x3D2A, 0x452A, 0x454B, 0x454B, 0x454C, 0x4D4D, 0x4D6E, 0x556E, 0x556F, 0x5570, 0x5591, 0x5D91, 0x5DB2, 0x5DB2,
    0x5DB3, 0x65B3, 0x65B3, 0x65B4, 0x65B4, 0x5D94, 0x5D94, 0x5D74, 0x5D74, 0x5D74, 0x5D74, 0x5D75, 0x5D55, 0x5D55, 0x5555, 0x5555,
    0x3D4A, 0x454A, 0x454A, 0x454B, 0x454B, 0x454C, 0x454C, 0x4D6D, 0x556E, 0x556F, 0x5590, 0x5590, 0x5DB1, 0x5DB1, 0x5DB2, 0x65D3,
    0x65D3, 0x65D3, 0x65D4, 0x65D4, 0x65D4, 0x65B4, 0x65B4, 0x5D94, 0x5D94, 0x5D74, 0x5D75, 0x5D75, 0x5D75, 0x5D75, 0x5D75, 0x5D75,
    0x0820, 0x0820, 0x0820, 0x0821, 0x0821, 0x0822, 0x0822, 0x0823, 0x0823, 0x0824, 0x0824, 0x0825, 0x0825, 0x0826, 0x0826, 0x0847,
    0x0848, 0x0848, 0x0849, 0x0849, 0x084A, 0x084B, 0x084B, 0x084C, 0x084C, 0x084D, 0x084D, 0x084D, 0x084E, 0x084E, 0x084E, 0x084E,
    0x0840, 0x0840, 0x0841, 0x0821, 0x0822, 0x0822, 0x0823, 0x0823, 0x0823, 0x0824, 0x0824, 0x0825, 0x0826, 0x0846, 0x0847, 0x0847,
    0x0848, 0x0848, 0x0849, 0x084A, 0x084A, 0x084B, 0x084B, 0x084C, 0x084C, 0x086D, 0x086D, 0x086D, 0x086E, 0x086E, 0x086E, 0x086E,
    0x0860, 0x0861, 0x0841, 0x0842, 0x0842, 0x0842, 0x0843, 0x0843, 0x0844, 0x0844, 0x0845, 0x0845, 0x0846, 0x0847, 0x0847, 0x0848,
    0x0848, 0x0849, 0x0849, 0x084A, 0x084B, 0x086B, 0x086C, 0x086C, 0x086D, 0x086D, 0x086D, 0x086E, 0x086E, 0x086E, 0x086E, 0x086F,
    0x0881, 0x0881, 0x0881, 0x0882, 0x0862, 0x0863, 0x0863, 0x0864, 0x0844, 0x0845, 0x0845, 0x0846, 0x0846, 0x0847, 0x0847, 0x0868,
    0x0868, 0x0869, 0x086A, 0x086A, 0x086B, 0x086B, 0x086C, 0x086C, 0x086D, 0x086D, 0x086D, 0x086E, 0x086E, 0x086E, 0x086E, 0x086F,
    0x08C1, 0x08C1, 0x08C2, 0x08C2, 0x08A3, 0x0883, 0x0884, 0x0884, 0x0864, 0x0865, 0x0865, 0x0866, 0x0867, 0x0867, 0x0868, 0x0868,
    0x0869, 0x0869, 0x086A, 0x086A, 0x086B, 0x086B, 0x086C, 0x086C, 0x086D, 0x088D, 0x088D, 0x088E, 0x088E, 0x088E, 0x088E, 0x088F,
    0x1101, 0x1102, 0x0902, 0x0903, 0x08E3, 0x08E4, 0x08C4, 0x08A4, 0x08A5, 0x08A5, 0x0886, 0x0886, 0x0887, 0x0887, 0x0888, 0x0888,
    0x0889, 0x0889, 0x088A, 0x088B, 0x088B, 0x088C, 0x088C, 0x088D, 0x088D, 0x088D, 0x088D, 0x088E, 0x088E, 0x088E, 0x088F, 0x088F,
    0x1142, 0x1142, 0x1142, 0x1143, 0x1123, 0x1124, 0x1104, 0x08E5, 0x08E5, 0x08C6, 0x08C6, 0x08A7, 0x08A7, 0x08A8, 0x08A8, 0x08A9,
    0x08A9, 0x08AA, 0x088A, 0x088B, 0x088B, 0x088C, 0x088C, 0x088D, 0x088D, 0x088D, 0x088E, 0x088E, 0x088E, 0x088E, 0x088F, 0x08AF,
    0x1162, 0x1182, 0x1183, 0x1183, 0x1164, 0x1164, 0x1145, 0x1145, 0x1126, 0x0906, 0x0907, 0x08E7, 0x08E7, 0x08C8, 0x08C8, 0x08C9,
    0x08C9, 0x08CA, 0x08AA, 0x08AB, 0x08AB, 0x08AC, 0x08AC, 0x08AD, 0x08AD, 0x08AD, 0x08AE, 0x08AE, 0x08AE, 0x08AE, 0x08AF, 0x08AF,
    0x19A2, 0x11C3, 0x11C3, 0x11C4, 0x11A4, 0x11A5, 0x11A5, 0x1186, 0x1166, 0x1146, 0x1147, 0x1127, 0x0908, 0x0908, 0x0909, 0x08E9,
    0x08EA, 0x08EA, 0x08CB, 0x08CB, 0x08CC, 0x08CC, 0x08CC, 0x08AD, 0x08AD, 0x08AD, 0x08AE, 0x08AE, 0x08AE, 0x08AF, 0x08AF, 0x08AF,
    0x19E3, 0x19E3, 0x1A03, 0x19E4, 0x19E4, 0x19E5, 0x11E5, 0x11C6, 0x11C6, 0x11A7, 0x1187, 0x1168, 0x1168, 0x1149, 0x1129, 0x1129,
    0x112A, 0x110A, 0x090B, 0x08EB, 0x08EC, 0x08EC, 0x08CD, 0x08CD, 0x08CD, 0x08CE, 0x08CE, 0x08CE, 0x08CE, 0x08CF, 0x08CF, 0x08CF,
    0x1A23, 0x1A23, 0x1A24, 0x1A24, 0x1A25, 0x1A25, 0x1A26, 0x1A06, 0x1A07, 0x11E7, 0x11C8, 0x11C8, 0x11A8, 0x1189, 0x1169, 0x116A,
    0x114A, 0x114B, 0x112B, 0x112B, 0x110C, 0x110C, 0x10ED, 0x10ED, 0x10ED, 0x10EE, 0x10EE, 0x10EE, 0x10EE, 0x10EF, 0x10EF, 0x10EF,
    0x1A63, 0x1A64, 0x1A64, 0x1A64, 0x1A65, 0x1A65, 0x1A66, 0x1A46, 0x1A47, 0x1A48, 0x1A28, 0x1A08, 0x11E9, 0x11C9, 0x11CA, 0x11AA,
    0x11AB, 0x118B, 0x116B, 0x116C, 0x114C, 0x112D, 0x112D, 0x110D, 0x110D, 0x110E, 0x10EE, 0x10EE, 0x10EF, 0x10EF, 0x10EF, 0x10EF,
    0x1A83, 0x1A84, 0x1AA4, 0x1AA4, 0x1AA5, 0x1AA6, 0x1AA6, 0x1A87, 0x1A87, 0x1A88, 0x1A68, 0x1A69, 0x1A49, 0x1A2A, 0x1A0A, 0x19EB,
    0x11EB, 0x11CB, 0x11AC, 0x11AC, 0x118C, 0x116D, 0x114D, 0x114D, 0x112E, 0x112E, 0x110E, 0x110E, 0x110F, 0x110F, 0x110F, 0x110F,
    0x22C4, 0x22C4, 0x22C4, 0x22C5, 0x22E5, 0x22E6, 0x22E6, 0x22C7, 0x22C8, 0x22C8, 0x1AA9, 0x1AA9, 0x1A8A, 0x1A8A, 0x1A6B, 0x1A4B,
    0x1A2B, 0x1A0C, 0x1A0C, 0x19EC, 0x11CD, 0x11AD, 0x118D, 0x118E, 0x116E, 0x114E, 0x114E, 0x112F, 0x112F, 0x112F, 0x112F, 0x112F,
    0x22E4, 0x2304, 0x2304, 0x2305, 0x2305, 0x2326, 0x2327, 0x2307, 0x2308, 0x2308, 0x2309, 0x22EA, 0x22EA, 0x22CB, 0x1AAB, 0x1A8B,
    0x1A8C, 0x1A6C, 0x1A4C, 0x1A2D, 0x1A0D, 0x1A0D, 0x19EE, 0x19CE, 0x11AE, 0x118E, 0x118F, 0x116F, 0x116F, 0x114F, 0x114F, 0x1150,
    0x2324, 0x2325, 0x2325, 0x2345, 0x2346, 0x2346, 0x2367, 0x2368, 0x2368, 0x2349, 0x2349, 0x234A, 0x232B, 0x232B, 0x230B, 0x22EC,
    0x22CC, 0x1AAC, 0x1A8D, 0x1A8D, 0x1A6D, 0x1A4E, 0x1A2E, 0x1A0E, 0x19EF, 0x19CF, 0x19CF, 0x19AF, 0x11AF, 0x118F, 0x1190, 0x1170,
    0x2365, 0x2365, 0x2365, 0x2386, 0x2386, 0x2B87, 0x2B87, 0x2BA8, 0x2BA8, 0x2BA9, 0x2B8A, 0x2B8A, 0x2B8B, 0x2B6C, 0x234C, 0x234C,
    0x232D, 0x230D, 0x22ED, 0x22CE, 0x22AE, 0x22AE, 0x1A8F, 0x1A6F, 0x1A4F, 0x1A2F, 0x1A0F, 0x19EF, 0x19F0, 0x19D0, 0x19B0, 0x19B0,
    0x2BA5, 0x2BA5, 0x2BA6, 0x2BA6, 0x2BC6, 0x2BC7, 0x2BC8, 0x2BC8, 0x2BE9, 0x2BEA, 0x2BEA, 0x2BCB, 0x2BCC, 0x2BCC, 0x2BAD, 0x2B8D,
    0x2B8D, 0x234D, 0x232E, 0x230E, 0x230E, 0x22EF, 0x22EF, 0x22CF, 0x22AF, 0x2290, 0x2270, 0x1A50, 0x1A30, 0x1A10, 0x1A10, 0x19F0,
    0x2BC5, 0x2BC6, 0x2BC6, 0x2BE6, 0x2BE7, 0x2BE7, 0x2C08, 0x2C08, 0x3409, 0x340A, 0x342B, 0x342B, 0x340C, 0x340D, 0x340D, 0x33ED,
    0x33CE, 0x2BAE, 0x2B8E, 0x2B6F, 0x2B4F, 0x234F, 0x232F, 0x2330, 0x2310, 0x22F0, 0x22D0, 0x22B0, 0x2290, 0x2270, 0x2250, 0x1A31,
    0x2C06, 0x2C06, 0x2C06, 0x2C07, 0x2C27, 0x2C28, 0x3428, 0x3449, 0x3449, 0x344A, 0x344B, 0x344C, 0x3C4D, 0x3C4D, 0x3C4E, 0x3C4E,
    0x342E, 0x340F, 0x33EF, 0x33CF, 0x2BAF, 0x2B90, 0x2B90, 0x2B70, 0x2B70, 0x2B51, 0x2B31, 0x2B11, 0x2AF1, 0x22D1, 0x22B1, 0x2271,
    0x2C26, 0x2C26, 0x2C27, 0x2C27, 0x3447, 0x3448, 0x3468, 0x3469, 0x346A, 0x346B, 0x3C8B, 0x3C8C, 0x3C8D, 0x3C8E, 0x3C8E, 0x3C8F,
    0x3C6F, 0x3C6F, 0x3C50, 0x3C30, 0x3410, 0x33F0, 0x33D0, 0x33D1, 0x33B1, 0x33B1, 0x3391, 0x3391, 0x2B51, 0x2B31, 0x2AF1, 0x22D1,
    0x3447, 0x3447, 0x3467, 0x3467, 0x3468, 0x3468, 0x3489, 0x3489, 0x3C8A, 0x3CAB, 0x3CAC, 0x3CAD, 0x3CAD, 0x44AE, 0x44AF, 0x44AF,
    0x44B0, 0x44B0, 0x4490, 0x4491, 0x3C71, 0x3C51, 0x3C31, 0x3411, 0x3411, 0x33F1, 0x33F2, 0x33F2, 0x33B2, 0x3392, 0x2B52, 0x2B32,
    0x3487, 0x3487, 0x3487, 0x3488, 0x3488, 0x3488, 0x34A9, 0x3CAA, 0x3CAA, 0x3CCB, 0x3CCC, 0x44CD, 0x44CE, 0x44CE, 0x44CF, 0x44D0,
    0x4CD0, 0x4CD1, 0x44D1, 0x44B1, 0x44B1, 0x4491, 0x3C71, 0x3C51, 0x3C52, 0x3C32, 0x3C32, 0x3C32, 0x3C12, 0x3BF2, 0x33B2, 0x3392,
    0x34A7, 0x34A8, 0x34A8, 0x34A8, 0x34A8, 0x34A9, 0x3CA9, 0x3CCA, 0x3CCB, 0x3CCC, 0x44EC, 0x44ED, 0x44EE, 0x44EF, 0x4CEF, 0x4D10,
    0x4D11, 0x4D11, 0x4CF1, 0x4CF2, 0x4CF2, 0x4CD2, 0x44B2, 0x4492, 0x4492, 0x3C72, 0x3C72, 0x4452, 0x3C53, 0x3C33, 0x3C12, 0x33D2,
    0x34C8, 0x34C8, 0x34C8, 0x34C8, 0x34C9, 0x3CC9, 0x3CCA, 0x3CEA, 0x3CEB, 0x44EC, 0x44ED, 0x450D, 0x450E, 0x4D0F, 0x4D10, 0x4D31,
    0x5531, 0x5531, 0x5512, 0x5512, 0x4D12, 0x4CF2, 0x4CF2, 0x4CD2, 0x44B2, 0x44B3, 0x4493, 0x4493, 0x4473, 0x4473, 0x3C53, 0x3C33,
    0x34C8, 0x3CE8, 0x3CE8, 0x3CE9, 0x3CE9, 0x3CE9, 0x3CEA, 0x3CEB, 0x450B, 0x450C, 0x450D, 0x450E, 0x4D2F, 0x4D2F, 0x5530, 0x5531,
    0x5531, 0x5532, 0x5532, 0x5532, 0x5533, 0x5533, 0x5513, 0x4D13, 0x4CF3, 0x4CF3, 0x4CD3, 0x44B3, 0x44B3, 0x4493, 0x4493, 0x3C73,
    0x3CE8, 0x3CE8, 0x3CE9, 0x3CE9, 0x3CE9, 0x3D0A, 0x3D0A, 0x450B, 0x450C, 0x452D, 0x452D, 0x4D2E, 0x4D2F, 0x5550, 0x5551, 0x5551,
    0x5552, 0x5D52, 0x5D52, 0x5D53, 0x5553, 0x5553, 0x5533, 0x5533, 0x5513, 0x5513, 0x4CF3, 0x4CF3, 0x4CD3, 0x4CD3, 0x44B3, 0x4493,
    0x3D09, 0x3D09, 0x3D09, 0x3D09, 0x3D0A, 0x3D0A, 0x450B, 0x452C, 0x452C, 0x452D, 0x4D2E, 0x4D4F, 0x554F, 0x5550, 0x5571, 0x5D71,
    0x5D72, 0x5D72, 0x5D73, 0x5D73, 0x5D73, 0x5D53, 0x5D53, 0x5D54, 0x5554, 0x5534, 0x5534, 0x5514, 0x4D14, 0x4CF4, 0x4CD4, 0x4CD4,
    0x3D29, 0x3D29, 0x3D29, 0x3D2A, 0x3D2A, 0x452B, 0x452B, 0x452C, 0x454D, 0x4D4D, 0x4D4E, 0x554F, 0x5570, 0x5571, 0x5D71, 0x5D92,
    0x5D92, 0x5D93, 0x5D93, 0x5D93, 0x5D73, 0x5D74, 0x5D74, 0x5D54, 0x5D54, 0x5D54, 0x5D54, 0x5534, 0x5534, 0x5514, 0x4D14, 0x4CF4,
    0x3D29, 0x3D29, 0x3D2A, 0x452A, 0x452A, 0x452B, 0x454C, 0x454C, 0x4D4D, 0x4D4E, 0x556F, 0x5570, 0x5570, 0x5D91, 0x5D91, 0x5D92,
    0x5DB3, 0x65B3, 0x65B3, 0x65B4, 0x6594, 0x5D94, 0x5D94, 0x5D74, 0x5D74, 0x5D74, 0x5D54, 0x5D54, 0x5D55, 0x5D55, 0x5534, 0x5534,
    0x3D49, 0x454A, 0x454A, 0x454A, 0x454B, 0x454B, 0x454C, 0x4D4D, 0x4D6E, 0x556E, 0x556F, 0x5590, 0x5591, 0x5D91, 0x5DB2, 0x5DB2,
    0x65B3, 0x65B3, 0x65B3, 0x65B4, 0x65B4, 0x65B4, 0x6594, 0x5D94, 0x5D94, 0x5D74, 0x5D75, 0x5D75, 0x5D75, 0x5D55, 0x5D55, 0x5555,
    0x454A, 0x454A, 0x454A, 0x454B, 0x454B, 0x454C, 0x4D4C, 0x4D6D, 0x556E, 0x558F, 0x558F, 0x5590, 0x5DB1, 0x5DB1, 0x5DB2, 0x65D2,
    0x65D3, 0x65D3, 0x65D4, 0x65D4, 0x65D4, 0x65D4, 0x65B4, 0x65B4, 0x6595, 0x5D95, 0x5D95, 0x5D95, 0x5D75, 0x5D75, 0x5D75, 0x5D75,
    0x0820, 0x0820, 0x0820, 0x0821, 0x0821, 0x0822, 0x0822, 0x0823, 0x0823, 0x0824, 0x0824, 0x0825, 0x0825, 0x0826, 0x0826, 0x0847,
    0x0848, 0x0848, 0x0849, 0x0849, 0x084A, 0x084B, 0x084B, 0x084C, 0x084C, 0x084D, 0x084D, 0x084D, 0x084E, 0x084E, 0x084E, 0x084E,
    0x1040, 0x0841, 0x0841, 0x0821, 0x0822, 0x0822, 0x0823, 0x0823, 0x0824, 0x0824, 0x0824, 0x0825, 0x0826, 0x0846, 0x0847, 0x0847,
    0x0848, 0x0849, 0x0849, 0x084A, 0x084A, 0x084B, 0x084B, 0x084C, 0x084C, 0x084D, 0x086D, 0x086D, 0x086E, 0x086E, 0x086E, 0x086F,
    0x1060, 0x0861, 0x0861, 0x0842, 0x0822, 0x0823, 0x0823, 0x0823, 0x0824, 0x0824, 0x0845, 0x0846, 0x0846, 0x0847, 0x0847, 0x0848,
    0x0848, 0x0849, 0x0849, 0x084A, 0x084B, 0x084B, 0x086C, 0x086C, 0x086D, 0x086D, 0x086D, 0x086E, 0x086E, 0x086E, 0x086E, 0x086F,
    0x10A1, 0x10A1, 0x08A1, 0x0882, 0x0863, 0x0863, 0x0863, 0x0844, 0x0844, 0x0845, 0x0845, 0x0846, 0x0846, 0x0847, 0x0848, 0x0848,
    0x0849, 0x0869, 0x086A, 0x086A, 0x086B, 0x086B, 0x086C, 0x086C, 0x086D, 0x086D, 0x086D, 0x086E, 0x086E, 0x086E, 0x086E, 0x086F,
    0x10C1, 0x10E1, 0x08E1, 0x08C2, 0x08C3, 0x08A3, 0x0884, 0x0864, 0x0865, 0x0865, 0x0866, 0x0866, 0x0867, 0x0867, 0x0868, 0x0868,
    0x0869, 0x0869, 0x086A, 0x086B, 0x086B, 0x086C, 0x086C, 0x086C, 0x086D, 0x086D, 0x086D, 0x086E, 0x086E, 0x088E, 0x088E, 0x088F,
    0x1101, 0x1122, 0x1142, 0x1123, 0x1103, 0x10E4, 0x08C4, 0x08A5, 0x08A5, 0x0886, 0x0886, 0x0887, 0x0887, 0x0888, 0x0888, 0x0889,
    0x0889, 0x088A, 0x088A, 0x088B, 0x088B, 0x088C, 0x088C, 0x088D, 0x088D, 0x088D, 0x088D, 0x088E, 0x088E, 0x088E, 0x088F, 0x088F,
    0x1142, 0x1162, 0x1182, 0x1163, 0x1144, 0x1144, 0x1125, 0x1105, 0x08E6, 0x08C6, 0x08A6, 0x08A7, 0x08A7, 0x08A8, 0x0888, 0x0889,
    0x0889, 0x088A, 0x088A, 0x088B, 0x088B, 0x088C, 0x088C, 0x088D, 0x088D, 0x088D, 0x088E, 0x088E, 0x088E, 0x088E, 0x088F, 0x088F,
    0x1982, 0x19A2, 0x11A3, 0x11A3, 0x1184, 0x1184, 0x1165, 0x1146, 0x1126, 0x1106, 0x0907, 0x08E7, 0x08C8, 0x08C8, 0x08C9, 0x08C9,
    0x08AA, 0x08AA, 0x08AB, 0x08AB, 0x08AC, 0x08AC, 0x08AC, 0x08AD, 0x08AD, 0x08AD, 0x08AE, 0x08AE, 0x08AE, 0x08AE, 0x08AF, 0x08AF,
    0x19A2, 0x19C3, 0x19E3, 0x19E4, 0x19C4, 0x19C5, 0x11C5, 0x11A6, 0x1187, 0x1167, 0x1147, 0x1128, 0x1108, 0x1108, 0x08E9, 0x08E9,
    0x08EA, 0x08CA, 0x08CB, 0x08CB, 0x08CC, 0x08AC, 0x08AD, 0x08AD, 0x08AD, 0x08AE, 0x08AE, 0x08AE, 0x08AE, 0x08AF, 0x08AF, 0x10AF,
    0x19E3, 0x1A03, 0x1A23, 0x1A24, 0x1A04, 0x1A05, 0x1A06, 0x19E6, 0x19E7, 0x11C7, 0x11A8, 0x1188, 0x1168, 0x1149, 0x1129, 0x112A,
    0x110A, 0x110A, 0x10EB, 0x10EB, 0x08EC, 0x08CC, 0x08CD, 0x08CD, 0x08CD, 0x08CE, 0x08CE, 0x08CE, 0x10CE, 0x10CF, 0x10CF, 0x10CF,
    0x1A23, 0x1A43, 0x1A43, 0x1A44, 0x1A44, 0x1A45, 0x1A46, 0x1A46, 0x1A27, 0x1A08, 0x19E8, 0x11C9, 0x11A9, 0x1189, 0x116A, 0x116A,
    0x114A, 0x112B, 0x112B, 0x110C, 0x110C, 0x10EC, 0x10ED, 0x10ED, 0x10ED, 0x10EE, 0x10CE, 0x10CE, 0x10CE, 0x10CF, 0x10CF, 0x10EF,
    0x2263, 0x2263, 0x1A84, 0x1A84, 0x1A85, 0x1A85, 0x1A86, 0x1A87, 0x1A67, 0x1A68, 0x1A48, 0x1A29, 0x1A09, 0x19EA, 0x11CA, 0x11AA,
    0x118B, 0x118B, 0x116C, 0x114C, 0x112C, 0x112D, 0x110D, 0x110D, 0x110E, 0x10EE, 0x10EE, 0x10EE, 0x10EF, 0x10EF, 0x10EF, 0x10EF,
    0x22A3, 0x22A4, 0x22A4, 0x22C4, 0x22C5, 0x22C5, 0x22C6, 0x22C7, 0x22A8, 0x22A8, 0x1AA9, 0x1A89, 0x1A6A, 0x1A4A, 0x1A2B, 0x1A0B,
    0x19EB, 0x11CC, 0x11AC, 0x118C, 0x116D, 0x114D, 0x114D, 0x112D, 0x112E, 0x110E, 0x110E, 0x110E, 0x110F, 0x110F, 0x110F, 0x110F,
    0x22C4, 0x22C4, 0x22E4, 0x22E5, 0x2305, 0x2306, 0x2306, 0x2307, 0x2308, 0x22E8, 0x22E9, 0x22CA, 0x22AA, 0x1AAB, 0x1A6B, 0x1A4B,
    0x1A2C, 0x1A2C, 0x1A0C, 0x19ED, 0x11CD, 0x11AD, 0x118D, 0x116E, 0x114E, 0x114E, 0x112E, 0x112F, 0x112F, 0x112F, 0x112F, 0x110F,
    0x2304, 0x2304, 0x2304, 0x2325, 0x2325, 0x2346, 0x2347, 0x2347, 0x2348, 0x2349, 0x2329, 0x232A, 0x230B, 0x22EB, 0x22CB, 0x22AC,
    0x1A8C, 0x1A6C, 0x1A4D, 0x1A2D, 0x1A0D, 0x19EE, 0x19CE, 0x19AE, 0x118E, 0x118E, 0x116F, 0x116F, 0x114F, 0x114F, 0x114F, 0x1130,
    0x2324, 0x2344, 0x2345, 0x2345, 0x2366, 0x2B66, 0x2B87, 0x2B88, 0x2B88, 0x2B89, 0x2B8A, 0x2B6A, 0x2B6B, 0x234C, 0x232C, 0x230C,
    0x22ED, 0x22CD, 0x22AD, 0x1A8D, 0x1A6E, 0x1A4E, 0x1A2E, 0x1A0E, 0x19EF, 0x19CF, 0x19AF, 0x19AF, 0x118F, 0x118F, 0x1170, 0x1150,
    0x2365, 0x2365, 0x2365, 0x2B85, 0x2B86, 0x2BA7, 0x2BA7, 0x2BC8, 0x2BC8, 0x2BC9, 0x2BCA, 0x2BCB, 0x2BAC, 0x2BAC, 0x2B8D, 0x2B6D,
    0x234D, 0x230D, 0x22EE, 0x22EE, 0x22CE, 0x22AF, 0x228F, 0x226F, 0x1A4F, 0x1A2F, 0x1A0F, 0x19EF, 0x19D0, 0x19D0, 0x19B0, 0x1990,
    0x2BA5, 0x2BA5, 0x2BA5, 0x2BA6, 0x2BC6, 0x2BE7, 0x2BE7, 0x2BE8, 0x2C09, 0x340A, 0x340A, 0x340B, 0x340C, 0x33ED, 0x33ED, 0x33CD,
    0x2BAE, 0x2B8E, 0x2B4E, 0x232E, 0x230F, 0x230F, 0x22EF, 0x22CF, 0x22B0, 0x2290, 0x2270, 0x2250, 0x1A30, 0x1A10, 0x19F0, 0x19D0,
    0x2BC5, 0x2BE6, 0x2BE6, 0x2BE6, 0x2BE7, 0x2C07, 0x2C08, 0x3428, 0x3429, 0x342A, 0x344B, 0x344C, 0x3C4C, 0x3C2D, 0x3C2E, 0x342E,
    0x340E, 0x33EF, 0x33AF, 0x2B8F, 0x2B6F, 0x2B6F, 0x2B50, 0x2B30, 0x2B10, 0x2AF0, 0x22D0, 0x22B0, 0x2290, 0x2250, 0x1A30, 0x1A10,
    0x2C06, 0x2C06, 0x2C06, 0x2C07, 0x2C27, 0x3427, 0x3448, 0x3449, 0x3449, 0x346A, 0x3C6B, 0x3C6C, 0x3C6D, 0x3C6D, 0x3C6E, 0x3C6F,
    0x3C4F, 0x3C4F, 0x3C30, 0x33F0, 0x33D0, 0x33B0, 0x2BB0, 0x2B90, 0x2B71, 0x2B71, 0x2B31, 0x2B11, 0x2AF1, 0x22B1, 0x2291, 0x2251,
    0x2C26, 0x2C26, 0x2C27, 0x3447, 0x3447, 0x3448, 0x3468, 0x3469, 0x348A, 0x3C8A, 0x3C8B, 0x3C8C, 0x3CAD, 0x44AE, 0x44AF, 0x44AF,
    0x4490, 0x4490, 0x3C70, 0x3C50, 0x3C30, 0x3411, 0x33F1, 0x33F1, 0x33D1, 0x33B1, 0x3391, 0x3371, 0x2B51, 0x2B11, 0x2AF1, 0x22B1,
    0x3467, 0x3467, 0x3467, 0x3467, 0x3468, 0x3468, 0x3489, 0x3489, 0x3CAA, 0x3CAB, 0x3CAC, 0x3CAC, 0x44CD, 0x44CE, 0x44CF, 0x44D0,
    0x4CD0, 0x44D1, 0x44B1, 0x44B1, 0x4491, 0x3C71, 0x3C51, 0x3C31, 0x3C11, 0x3C12, 0x3BF2, 0x3BD2, 0x33B2, 0x3372, 0x2B52, 0x2B11,
    0x3487, 0x3487, 0x3487, 0x3488, 0x3488, 0x3488, 0x34A9, 0x3CAA, 0x3CAA, 0x3CCB, 0x3CCC, 0x44CD, 0x44ED, 0x44EE, 0x4CEF, 0x4CF0,
    0x4CF1, 0x4CF1, 0x4CF1, 0x4CD1, 0x4CD2, 0x44B2, 0x4492, 0x4472, 0x3C52, 0x3C52, 0x3C32, 0x3C32, 0x3BF2, 0x33D2, 0x33B2, 0x3372,
    0x34A7, 0x34A7, 0x34A8, 0x34A8, 0x34A8, 0x34A9, 0x3CC9, 0x3CCA, 0x3CCB, 0x3CEB, 0x44EC, 0x44ED, 0x44EE, 0x4D0F, 0x4D10, 0x4D10,
    0x5511, 0x5511, 0x5512, 0x5512, 0x4CF2, 0x4CF2, 0x4CD2, 0x44B2, 0x4492, 0x4492, 0x4472, 0x4473, 0x3C53, 0x3C33, 0x3BF2, 0x33D2,
    0x34C8, 0x34C8, 0x34C8, 0x34C8, 0x3CC8, 0x3CC9, 0x3CCA, 0x3CEA, 0x3CEB, 0x44EC, 0x450D, 0x450D, 0x4D0E, 0x4D0F, 0x5530, 0x5531,
    0x5531, 0x5532, 0x5532, 0x5532, 0x5512, 0x5513, 0x4CF3, 0x4CF3, 0x4CD3, 0x44B3, 0x44B3, 0x4493, 0x4473, 0x4473, 0x3C53, 0x3C33,
    0x3CE8, 0x3CE8, 0x3CE8, 0x3CE9, 0x3CE9, 0x3CE9, 0x3CEA, 0x3CEB, 0x450B, 0x450C, 0x450D, 0x4D2E, 0x4D2F, 0x552F, 0x5530, 0x5551,
    0x5552, 0x5D52, 0x5D52, 0x5D53, 0x5D33, 0x5533, 0x5533, 0x5513, 0x5513, 0x4CF3, 0x4CD3, 0x4CD3, 0x44B3, 0x4493, 0x4493, 0x4473,
    0x3CE8, 0x3CE8, 0x3CE9, 0x3CE9, 0x3CE9, 0x3D0A, 0x3D0A, 0x450B, 0x450C, 0x452D, 0x4D2D, 0x4D2E, 0x554F, 0x5550, 0x5551, 0x5551,
    0x5D72, 0x5D72, 0x5D73, 0x5D53, 0x5D53, 0x5D53, 0x5D53, 0x5534, 0x5534, 0x5514, 0x5514, 0x4CF4, 0x4CF4, 0x4CD4, 0x44B4, 0x44B4,
    0x3D09, 0x3D09, 0x3D09, 0x3D09, 0x3D0A, 0x3D0A, 0x450B, 0x452B, 0x452C, 0x4D2D, 0x4D4E, 0x554F, 0x554F, 0x5570, 0x5571, 0x5D72,
    0x5D92, 0x5D93, 0x5D93, 0x5D73, 0x5D73, 0x5D74, 0x5D54, 0x5D54, 0x5D54, 0x5D54, 0x5534, 0x5534, 0x5514, 0x4CF4, 0x4CF4, 0x4CD4,
    0x3D29, 0x3D29, 0x3D29, 0x3D2A, 0x452A, 0x452B, 0x452B, 0x452C, 0x4D4D, 0x4D4D, 0x554E, 0x556F, 0x5570, 0x5571, 0x5D91, 0x5D92,
    0x5D92, 0x5D93, 0x6593, 0x6593, 0x5D94, 0x5D94, 0x5D74, 0x5D74, 0x5D54, 0x5D54, 0x5D54, 0x5D54, 0x5534, 0x5534, 0x5514, 0x5514,
    0x4529, 0x4529, 0x452A, 0x452A, 0x452A, 0x452B, 0x454C, 0x4D4C, 0x4D4D, 0x554E, 0x556F, 0x5570, 0x5590, 0x5D91, 0x5D91, 0x5DB2,
    0x65B3, 0x65B3, 0x65B3, 0x65B4, 0x65B4, 0x65B4, 0x5D94, 0x5D94, 0x5D74, 0x5D74, 0x5D75, 0x5D75, 0x5D55, 0x5D55, 0x5D55, 0x5534,
    0x4549, 0x454A, 0x454A, 0x454A, 0x454B, 0x454B, 0x454C, 0x4D4D, 0x4D6E, 0x556E, 0x558F, 0x5590, 0x5590, 0x5DB1, 0x5DB2, 0x5DB2,
    0x65B3, 0x65D3, 0x65D4, 0x65D4, 0x65B4, 0x65B4, 0x65B4, 0x6594, 0x6594, 0x5D95, 0x5D75, 0x5D75, 0x5D75, 0x5D75, 0x5D55, 0x5D55,
    0x454A, 0x454A, 0x454A, 0x454B, 0x454B, 0x454C, 0x4D4C, 0x4D6D, 0x556E, 0x558F, 0x558F, 0x55B0, 0x5DB1, 0x5DB1, 0x5DB2, 0x65D2,
    0x65D3, 0x65D3, 0x6DD4, 0x6DD4, 0x6DD4, 0x65D4, 0x65D5, 0x65B5, 0x65B5, 0x6595, 0x6595, 0x6595, 0x6595, 0x6595, 0x6575, 0x5D75,
    0x1020, 0x1020, 0x1021, 0x1021, 0x1021, 0x0822, 0x0822, 0x0823, 0x0823, 0x0824, 0x0824, 0x0825, 0x0825, 0x0826, 0x0826, 0x0847,
    0x0848, 0x0848, 0x0849, 0x0849, 0x084A, 0x084B, 0x084B, 0x084C, 0x084C, 0x084D, 0x084D, 0x084D, 0x084E, 0x084E, 0x084E, 0x084E,
    0x1040, 0x1041, 0x1041, 0x1041, 0x1022, 0x0822, 0x0823, 0x0823, 0x0824, 0x0824, 0x0824, 0x0825, 0x0846, 0x0846, 0x0847, 0x0847,
    0x0848, 0x0849, 0x0849, 0x084A, 0x084A, 0x084B, 0x084B, 0x084C, 0x084C, 0x086D, 0x086D, 0x086D, 0x086E, 0x086E, 0x086E, 0x086F,
    0x1061, 0x1061, 0x1061, 0x1041, 0x1042, 0x0842, 0x0823, 0x0823, 0x0824, 0x0844, 0x0845, 0x0845, 0x0846, 0x0847, 0x0847, 0x0848,
    0x0848, 0x0849, 0x0849, 0x084A, 0x084B, 0x086B, 0x086C, 0x086C, 0x086D, 0x086D, 0x086D, 0x086E, 0x086E, 0x086E, 0x086E, 0x086F,
    0x18A1, 0x10A1, 0x10A1, 0x1082, 0x1062, 0x0863, 0x0843, 0x0844, 0x0844, 0x0845, 0x0845, 0x0846, 0x0846, 0x0847, 0x0848, 0x0848,
    0x0849, 0x0869, 0x086A, 0x086A, 0x086B, 0x086B, 0x086C, 0x086C, 0x086D, 0x086D, 0x086D, 0x086E, 0x086E, 0x086E, 0x086E, 0x086F,
    0x18C1, 0x18E1, 0x1902, 0x10C2, 0x10A3, 0x1083, 0x0864, 0x0864, 0x0865, 0x0865, 0x0866, 0x0866, 0x0867, 0x0867, 0x0868, 0x0868,
    0x0869, 0x086A, 0x086A, 0x086B, 0x086B, 0x086C, 0x086C, 0x086D, 0x086D, 0x086D, 0x086D, 0x086E, 0x086E, 0x086E, 0x088E, 0x088F,
    0x1901, 0x1922, 0x1942, 0x1122, 0x1103, 0x10E4, 0x10C4, 0x08A5, 0x0885, 0x0886, 0x0886, 0x0867, 0x0867, 0x0868, 0x0868, 0x0869,
    0x0869, 0x086A, 0x086A, 0x086B, 0x088B, 0x088C, 0x088C, 0x088D, 0x088D, 0x088D, 0x088D, 0x088E, 0x088E, 0x088E, 0x088F, 0x088F,
    0x1942, 0x1962, 0x1982, 0x1163, 0x1163, 0x1144, 0x1125, 0x1105, 0x08C6, 0x08C6, 0x08A7, 0x08A7, 0x0888, 0x0888, 0x0888, 0x0889,
    0x088A, 0x088A, 0x088B, 0x088B, 0x088C, 0x088C, 0x088C, 0x088D, 0x088D, 0x088D, 0x088E, 0x088E, 0x088E, 0x088E, 0x088F, 0x088F,
    0x1982, 0x19A2, 0x19C3, 0x19A3, 0x11A3, 0x1184, 0x1185, 0x1166, 0x1126, 0x1107, 0x10E7, 0x08E7, 0x08C8, 0x08C8, 0x08A9, 0x08A9,
    0x08AA, 0x08AA, 0x08AB, 0x08AB, 0x08AC, 0x08AC, 0x08AD, 0x08AD, 0x08AD, 0x08AD, 0x08AE, 0x08AE, 0x08AE, 0x08AE, 0x08AF, 0x10AF,
    0x19C2, 0x19E3, 0x19E3, 0x19E3, 0x19E4, 0x19E4, 0x19C5, 0x19A6, 0x1187, 0x1167, 0x1148, 0x1128, 0x1108, 0x10E9, 0x08E9, 0x08C9,
    0x08CA, 0x08CA, 0x08CB, 0x08AB, 0x08AC, 0x08AC, 0x08AD, 0x08AD, 0x08AD, 0x08AE, 0x08AE, 0x08AE, 0x08AE, 0x10AF, 0x10AF, 0x10AF,
    0x21E3, 0x2203, 0x1A23, 0x1A24, 0x1A24, 0x1A25, 0x1A25, 0x1A06, 0x19E7, 0x19C8, 0x11A8, 0x1188, 0x1149, 0x1149, 0x1129, 0x110A,
    0x110A, 0x10EB, 0x10EB, 0x10CC, 0x10CC, 0x10CC, 0x10CD, 0x10CD, 0x10CD, 0x10CE, 0x10CE, 0x10CE, 0x10CE, 0x10CF, 0x10CF, 0x10CF,
    0x2223, 0x2243, 0x2263, 0x2264, 0x1A64, 0x1A65, 0x1A65, 0x1A66, 0x1A47, 0x1A28, 0x1A08, 0x19E9, 0x11A9, 0x1189, 0x116A, 0x114A,
    0x112B, 0x112B, 0x110B, 0x110C, 0x10EC, 0x10ED, 0x10ED, 0x10CD, 0x10CD, 0x10CE, 0x10CE, 0x10CE, 0x10CE, 0x10CF, 0x10CF, 0x10CF,
    0x2263, 0x2283, 0x2284, 0x22A4, 0x22A4, 0x22A5, 0x22A6, 0x22A6, 0x2287, 0x1A88, 0x1A69, 0x1A49, 0x1A2A, 0x19EA, 0x11CA, 0x11AB,
    0x118B, 0x116B, 0x114C, 0x112C, 0x112C, 0x110D, 0x110D, 0x10ED, 0x10EE, 0x10EE, 0x10EE, 0x10EE, 0x10EF, 0x10EF, 0x10EF, 0x10EF,
    0x22A3, 0x22A4, 0x22A4, 0x22C4, 0x22E5, 0x22E5, 0x22E6, 0x22E7, 0x22C7, 0x22C8, 0x22C9, 0x22AA, 0x1A8A, 0x1A4A, 0x1A2B, 0x1A0B,
    0x19EB, 0x11AC, 0x118C, 0x116C, 0x116D, 0x114D, 0x112D, 0x112D, 0x110E, 0x110E, 0x110E, 0x110E, 0x110F, 0x110F, 0x110F, 0x110F,
    0x22C4, 0x22E4, 0x22E4, 0x2304, 0x2305, 0x2305, 0x2326, 0x2327, 0x2328, 0x2308, 0x2309, 0x22EA, 0x22EB, 0x22AB, 0x1A8B, 0x1A6C,
    0x1A4C, 0x1A0C, 0x19EC, 0x19CD, 0x19AD, 0x118D, 0x116D, 0x114E, 0x114E, 0x112E, 0x112E, 0x112F, 0x112F, 0x112F, 0x110F, 0x110F,
    0x2B04, 0x2304, 0x2324, 0x2325, 0x2345, 0x2346, 0x2B66, 0x2B67, 0x2B68, 0x2B69, 0x2B49, 0x2B4A, 0x2B2B, 0x230B, 0x22EC, 0x22CC,
    0x22AC, 0x1A6D, 0x1A4D, 0x1A2D, 0x1A0D, 0x19EE, 0x19CE, 0x19AE, 0x118E, 0x116E, 0x116F, 0x114F, 0x114F, 0x114F, 0x112F, 0x1130,
    0x2B44, 0x2B44, 0x2B45, 0x2B65, 0x2B65, 0x2B86, 0x2B87, 0x2BA7, 0x2BA8, 0x2BA9, 0x2BAA, 0x2BAB, 0x2B8B, 0x2B6C, 0x2B4C, 0x232D,
    0x230D, 0x22CD, 0x22AD, 0x228E, 0x1A6E, 0x1A4E, 0x1A2E, 0x19EE, 0x19CF, 0x19AF, 0x19AF, 0x198F, 0x116F, 0x116F, 0x114F, 0x1150,
    0x2B65, 0x2B85, 0x2B85, 0x2B85, 0x2BA6, 0x2BA6, 0x2BC7, 0x2BC8, 0x2BE8, 0x2BE9, 0x33EA, 0x33EB, 0x33EC, 0x33CC, 0x33AD, 0x2B8D,
    0x2B6E, 0x2B2E, 0x230E, 0x22EE, 0x22CE, 0x22AF, 0x228F, 0x224F, 0x1A2F, 0x1A0F, 0x19EF, 0x19CF, 0x19B0, 0x19B0, 0x1990, 0x1970,
    0x2BA5, 0x2BA5, 0x2BA5, 0x2BC6, 0x2BC6, 0x2BE7, 0x2BE7, 0x3408, 0x3408, 0x3409, 0x342A, 0x342B, 0x342C, 0x340D, 0x340D, 0x33EE,
    0x33CE, 0x2BAE, 0x2B6F, 0x2B4F, 0x2B2F, 0x230F, 0x22EF, 0x22D0, 0x22B0, 0x2270, 0x2250, 0x1A30, 0x1A10, 0x19F0, 0x19D0, 0x19B0,
    0x2BE5, 0x2BE6, 0x2BE6, 0x2BE6, 0x2BE6, 0x2C07, 0x3428, 0x3428, 0x3429, 0x344A, 0x344A, 0x3C4B, 0x3C4C, 0x3C4D, 0x3C4E, 0x3C4E,
    0x3C2F, 0x340F, 0x33EF, 0x33AF, 0x2B90, 0x2B70, 0x2B50, 0x2B30, 0x2B10, 0x2AF0, 0x22B0, 0x2290, 0x2270, 0x2230, 0x1A10, 0x19F0,
    0x2C06, 0x2C06, 0x2C06, 0x2C27, 0x3427, 0x3427, 0x3448, 0x3448, 0x3469, 0x346A, 0x3C6B, 0x3C8C, 0x3C8D, 0x448D, 0x448E, 0x448F,
    0x4470, 0x4470, 0x3C50, 0x3C10, 0x33F0, 0x33D0, 0x33B1, 0x3391, 0x3371, 0x2B51, 0x2B31, 0x2AF1, 0x22D1, 0x2291, 0x2271, 0x2231,
    0x3446, 0x3446, 0x3447, 0x3447, 0x3447, 0x3448, 0x3468, 0x3469, 0x3C89, 0x3C8A, 0x3C8B, 0x3CAC, 0x44AD, 0x44AE, 0x44AF, 0x44AF,
    0x44B0, 0x44B0, 0x4491, 0x4471, 0x3C51, 0x3C31, 0x3C11, 0x3BF1, 0x33D1, 0x33B1, 0x3391, 0x3371, 0x2B31, 0x2AF1, 0x22B1, 0x2291,
    0x3467, 0x3467, 0x3467, 0x3467, 0x3468, 0x3468, 0x3488, 0x3C89, 0x3CAA, 0x3CAA, 0x3CAB, 0x44CC, 0x44CD, 0x44CE, 0x4CCF, 0x4CD0,
    0x4CD0, 0x4CD1, 0x4CD1, 0x4CB1, 0x4491, 0x4471, 0x4451, 0x3C32, 0x3C32, 0x3C12, 0x3BF2, 0x33D2, 0x3392, 0x3352, 0x2B31, 0x2AF1,
    0x3487, 0x3487, 0x3487, 0x3488, 0x3488, 0x3488, 0x3CA9, 0x3CA9, 0x3CAA, 0x3CCB, 0x44CC, 0x44CC, 0x44ED, 0x4CEE, 0x4CEF, 0x4D10,
    0x4D11, 0x5511, 0x4CF2, 0x4CF2, 0x4CD2, 0x4CB2, 0x44B2, 0x4492, 0x4472, 0x4452, 0x3C32, 0x3C12, 0x3BF2, 0x33B2, 0x3392, 0x3352,
    0x34A7, 0x34A7, 0x34A8, 0x34A8, 0x34A8, 0x3CA9, 0x3CC9, 0x3CCA, 0x3CCA, 0x44EB, 0x44EC, 0x44ED, 0x4D0E, 0x4D0F, 0x4D10, 0x5510,
    0x5531, 0x5532, 0x5512, 0x5512, 0x5512, 0x54F2, 0x4CF3, 0x4CD3, 0x44B3, 0x4493, 0x4473, 0x4473, 0x3C53, 0x3C13, 0x3BF2, 0x33B2,
    0x3CC8, 0x3CC8, 0x3CC8, 0x3CC8, 0x3CC8, 0x3CC9, 0x3CCA, 0x3CEA, 0x44EB, 0x44EC, 0x450C, 0x450D, 0x4D0E, 0x4D2F, 0x5530, 0x5531,
    0x5551, 0x5552, 0x5552, 0x5533, 0x5533, 0x5533, 0x5513, 0x54F3, 0x4CF3, 0x4CD3, 0x4CB3, 0x4493, 0x4473, 0x4473, 0x3C33, 0x3C13,
    0x3CE8, 0x3CE8, 0x3CE8, 0x3CE9, 0x3CE9, 0x3CE9, 0x3CEA, 0x44EB, 0x450B, 0x450C, 0x450D, 0x4D2E, 0x4D2E, 0x552F, 0x5550, 0x5551,
    0x5D52, 0x5D52, 0x5D53, 0x5D53, 0x5D53, 0x5D53, 0x5533, 0x5533, 0x5513, 0x5513, 0x4CF3, 0x4CD3, 0x4CB3, 0x4493, 0x4493, 0x4473,
    0x3CE8, 0x3CE8, 0x3CE9, 0x3D09, 0x3D09, 0x3D0A, 0x450A, 0x450B, 0x450C, 0x452D, 0x4D2D, 0x4D2E, 0x554F, 0x5550, 0x5551, 0x5D71,
    0x5D72, 0x5D72, 0x5D73, 0x5D73, 0x5D73, 0x5D53, 0x5D54, 0x5D54, 0x5D34, 0x5534, 0x5514, 0x5514, 0x4CF4, 0x4CD4, 0x4CB4, 0x4CB4,
    0x3D09, 0x3D09, 0x3D09, 0x3D09, 0x3D0A, 0x450A, 0x452B, 0x452B, 0x452C, 0x4D2D, 0x4D4E, 0x554F, 0x554F, 0x5570, 0x5571, 0x5D92,
    0x5D92, 0x5D93, 0x6593, 0x6593, 0x5D94, 0x5D74, 0x5D74, 0x5D54, 0x5D54, 0x5D54, 0x5D54, 0x5D34, 0x5514, 0x5514, 0x4CF4, 0x4CD4,
    0x4529, 0x4529, 0x4529, 0x452A, 0x452A, 0x452B, 0x452B, 0x452C, 0x4D4D, 0x4D4D, 0x554E, 0x556F, 0x5570, 0x5591, 0x5D91, 0x5D92,
    0x6592, 0x65B3, 0x65B3, 0x65B4, 0x6594, 0x6594, 0x6594, 0x5D74, 0x5D74, 0x5D74, 0x5D54, 0x5D54, 0x5D54, 0x5534, 0x5514, 0x5514,
    0x4529, 0x4529, 0x452A, 0x452A, 0x454A, 0x454B, 0x454C, 0x4D4C, 0x4D4D, 0x554E, 0x556F, 0x556F, 0x5590, 0x5D91, 0x5DB1, 0x5DB2,
    0x65B3, 0x65B3, 0x6DB4, 0x6DB4, 0x65B4, 0x65B4, 0x65B4, 0x6594, 0x5D94, 0x5D75, 0x5D75, 0x5D75, 0x5D75, 0x5D55, 0x5D55, 0x5535,
    0x4549, 0x454A, 0x454A, 0x454A, 0x454B, 0x454B, 0x4D4C, 0x4D4D, 0x4D6D, 0x556E, 0x558F, 0x5590, 0x5590, 0x5DB1, 0x5DB2, 0x65B2,
    0x65B3, 0x65D3, 0x6DD4, 0x6DD4, 0x6DD4, 0x6DB4, 0x65B4, 0x65B5, 0x6595, 0x6595, 0x6595, 0x6595, 0x5D75, 0x5D75, 0x5D75, 0x5D55,
    0x454A, 0x454A, 0x454A, 0x454B, 0x454B, 0x4D4C, 0x4D6C, 0x4D6D, 0x556E, 0x558E, 0x558F, 0x55B0, 0x5DB1, 0x5DB1, 0x5DB2, 0x65D2,
    0x65D3, 0x6DD3, 0x6DD4, 0x6DD4, 0x6DD4, 0x6DD4, 0x6DD5, 0x65B5, 0x65B5, 0x65B5, 0x6595, 0x6595, 0x6595, 0x6595, 0x6595, 0x6575,
    0x1020, 0x1021, 0x1021, 0x1021, 0x1021, 0x1022, 0x1022, 0x1023, 0x1023, 0x1024, 0x1024, 0x1025, 0x1025, 0x1026, 0x1046, 0x1047,
    0x1048, 0x1048, 0x1049, 0x1049, 0x104A, 0x104B, 0x104B, 0x104C, 0x104C, 0x104D, 0x104D, 0x104D, 0x104E, 0x104E, 0x104E, 0x104E,
    0x1840, 0x1841, 0x1841, 0x1041, 0x1042, 0x1022, 0x1023, 0x1023, 0x1023, 0x1024, 0x1024, 0x1025, 0x1046, 0x1046, 0x1047, 0x1047,
    0x1048, 0x1049, 0x1049, 0x104A, 0x104A, 0x084B, 0x084B, 0x084C, 0x086C, 0x086D, 0x086D, 0x086D, 0x086E, 0x106E, 0x106E, 0x106F,
    0x1881, 0x1861, 0x1861, 0x1841, 0x1042, 0x1042, 0x1043, 0x1023, 0x1024, 0x0844, 0x0845, 0x0845, 0x0846, 0x0847, 0x0847, 0x0848,
    0x0848, 0x0849, 0x0849, 0x084A, 0x084B, 0x086B, 0x086C, 0x086C, 0x086D, 0x086D, 0x086D, 0x086E, 0x086E, 0x086E, 0x106E, 0x106F,
    0x18A1, 0x18A1, 0x18A1, 0x1882, 0x1862, 0x1063, 0x1043, 0x0844, 0x0844, 0x0845, 0x0845, 0x0846, 0x0846, 0x0847, 0x0848, 0x0848,
    0x0849, 0x0849, 0x086A, 0x086A, 0x086B, 0x086B, 0x086C, 0x086C, 0x086D, 0x086D, 0x086D, 0x086E, 0x086E, 0x086E, 0x086E, 0x106F,
    0x18E1, 0x20E1, 0x2102, 0x18C2, 0x18A2, 0x1083, 0x1064, 0x0864, 0x0845, 0x0845, 0x0846, 0x0846, 0x0847, 0x0847, 0x0868, 0x0869,
    0x0869, 0x086A, 0x086A, 0x086B, 0x086B, 0x086C, 0x086C, 0x086D, 0x086D, 0x086D, 0x086D, 0x086E, 0x086E, 0x086E, 0x088E, 0x088F,
    0x1901, 0x2122, 0x2142, 0x1922, 0x1102, 0x10E4, 0x10C4, 0x10A5, 0x0885, 0x0886, 0x0866, 0x0867, 0x0867, 0x0868, 0x0868, 0x0869,
    0x0869, 0x086A, 0x086A, 0x086B, 0x086B, 0x086C, 0x086C, 0x088D, 0x088D, 0x088D, 0x088E, 0x088E, 0x088E, 0x088E, 0x088F, 0x108F,
    0x1942, 0x1962, 0x1982, 0x1982, 0x1163, 0x1144, 0x1125, 0x10E5, 0x10C6, 0x08A6, 0x08A7, 0x0887, 0x0888, 0x0888, 0x0889, 0x0889,
    0x088A, 0x088A, 0x088B, 0x088B, 0x088C, 0x088C, 0x088C, 0x088D, 0x088D, 0x088D, 0x088E, 0x088E, 0x088E, 0x088E, 0x108F, 0x108F,
    0x2182, 0x21A2, 0x21C3, 0x19C3, 0x19C3, 0x19A4, 0x1985, 0x1166, 0x1146, 0x1107, 0x10E7, 0x08C8, 0x08C8, 0x08A8, 0x08A9, 0x08A9,
    0x08AA, 0x088A, 0x088B, 0x088B, 0x088C, 0x088C, 0x088D, 0x088D, 0x088D, 0x088D, 0x088E, 0x08AE, 0x10AE, 0x10AE, 0x10AF, 0x10AF,
    0x21C2, 0x21E3, 0x2203, 0x1A03, 0x1A03, 0x1A04, 0x19E5, 0x19C6, 0x19A7, 0x1167, 0x1128, 0x1108, 0x10E8, 0x10E9, 0x10C9, 0x08CA,
    0x08CA, 0x08AB, 0x08AB, 0x08AB, 0x08AC, 0x08AC, 0x08AD, 0x08AD, 0x08AD, 0x10AE, 0x10AE, 0x10AE, 0x10AE, 0x10AF, 0x10AF, 0x10AF,
    0x2203, 0x2223, 0x2223, 0x2243, 0x1A44, 0x1A44, 0x1A25, 0x1A26, 0x1A07, 0x19E8, 0x19A8, 0x1189, 0x1149, 0x1129, 0x110A, 0x110A,
    0x10EA, 0x10EB, 0x10CB, 0x10CC, 0x10CC, 0x10CC, 0x10CD, 0x10CD, 0x10CD, 0x10CE, 0x10CE, 0x10CE, 0x10CE, 0x10CF, 0x10CF, 0x10CF,
    0x2223, 0x2243, 0x2263, 0x2284, 0x2284, 0x2284, 0x2285, 0x2266, 0x2267, 0x1A48, 0x1A29, 0x19E9, 0x19A9, 0x118A, 0x116A, 0x114A,
    0x112B, 0x110B, 0x110B, 0x10EC, 0x10EC, 0x10CD, 0x10CD, 0x10CD, 0x10CD, 0x10CE, 0x10CE, 0x10CE, 0x10CF, 0x10CF, 0x10CF, 0x10CF,
    0x2263, 0x2283, 0x22A4, 0x22A4, 0x22A4, 0x22C5, 0x22C5, 0x22A6, 0x22A7, 0x22A8, 0x2289, 0x1A6A, 0x1A2A, 0x19EA, 0x19CB, 0x11AB,
    0x116B, 0x114B, 0x112C, 0x112C, 0x110C, 0x110D, 0x10ED, 0x10ED, 0x10EE, 0x10EE, 0x10EE, 0x10EE, 0x10EF, 0x10EF, 0x10EF, 0x10EF,
    0x2AA3, 0x2AA4, 0x22C4, 0x22C4, 0x22E4, 0x22E5, 0x2305, 0x2306, 0x22E7, 0x22E8, 0x22E9, 0x22CA, 0x22AB, 0x1A6B, 0x1A2B, 0x1A0B,
    0x19CC, 0x19AC, 0x118C, 0x116C, 0x114D, 0x112D, 0x112D, 0x110D, 0x110E, 0x110E, 0x110E, 0x110E, 0x110F, 0x10EF, 0x10EF, 0x10EF,
    0x2AE4, 0x2AE4, 0x2AE4, 0x2B04, 0x2325, 0x2325, 0x2B26, 0x2B46, 0x2B47, 0x2B28, 0x2B29, 0x232A, 0x230B, 0x22CB, 0x22AC, 0x1A6C,
    0x1A4C, 0x1A0C, 0x19ED, 0x19AD, 0x198D, 0x116D, 0x116D, 0x114E, 0x112E, 0x112E, 0x112E, 0x112F, 0x110F, 0x110F, 0x110F, 0x110F,
    0x2B04, 0x2B24, 0x2B24, 0x2B25, 0x2B45, 0x2B65, 0x2B66, 0x2B67, 0x2B87, 0x2B88, 0x2B89, 0x2B6A, 0x2B6B, 0x2B4C, 0x230C, 0x22CD,
    0x22AD, 0x226D, 0x1A4D, 0x1A2D, 0x19ED, 0x19CE, 0x19AE, 0x198E, 0x116E, 0x116E, 0x114F, 0x114F, 0x112F, 0x112F, 0x112F, 0x112F,
    0x2B44, 0x2B44, 0x2B45, 0x2B65, 0x2B65, 0x2B86, 0x2BA6, 0x2BA7, 0x2BA8, 0x2BC9, 0x2BC9, 0x33CB, 0x33AC, 0x33AC, 0x2B8D, 0x2B4D,
    0x230D, 0x22ED, 0x22AE, 0x228E, 0x226E, 0x1A2E, 0x1A0E, 0x19EF, 0x19CF, 0x19AF, 0x198F, 0x196F, 0x116F, 0x114F, 0x114F, 0x1150,
    0x2B85, 0x2B85, 0x2B85, 0x2B85, 0x2BA6, 0x2BC6, 0x2BC7, 0x2BE7, 0x33E8, 0x33E9, 0x340A, 0x340B, 0x340C, 0x33ED, 0x33ED, 0x33AE,
    0x2B8E, 0x2B4E, 0x2B2E, 0x22EF, 0x22CF, 0x22AF, 0x226F, 0x224F, 0x1A2F, 0x1A0F, 0x19EF, 0x19CF, 0x19AF, 0x1990, 0x1970, 0x1970,
    0x2BA5, 0x2BC5, 0x2BC5, 0x2BC6, 0x2BC6, 0x2BE7, 0x33E7, 0x3408, 0x3408, 0x3429, 0x342A, 0x342B, 0x3C4C, 0x3C2D, 0x3C2E, 0x3C2E,
    0x3BEF, 0x33CF, 0x338F, 0x2B6F, 0x2B2F, 0x2B10, 0x2AF0, 0x22B0, 0x2290, 0x2270, 0x2230, 0x1A10, 0x19F0, 0x19D0, 0x19B0, 0x1990,
    0x2BE5, 0x2BE6, 0x2BE6, 0x2BE6, 0x2C06, 0x3407, 0x3427, 0x3428, 0x3449, 0x3449, 0x3C4A, 0x3C6B, 0x3C6C, 0x3C6D, 0x446E, 0x446F,
    0x444F, 0x3C30, 0x3C10, 0x33D0, 0x33B0, 0x3390, 0x2B50, 0x2B30, 0x2B10, 0x2AD0, 0x22B0, 0x2270, 0x2250, 0x1A10, 0x19F0, 0x19D0,
    0x3406, 0x3406, 0x3426, 0x3426, 0x3427, 0x3427, 0x3448, 0x3448, 0x3469, 0x3C6A, 0x3C8A, 0x3C8B, 0x3C8C, 0x448D, 0x44AE, 0x44AF,
    0x4490, 0x4490, 0x4471, 0x3C31, 0x3C11, 0x33F1, 0x33D1, 0x33B1, 0x3371, 0x2B51, 0x2B11, 0x2AD1, 0x22B1, 0x2271, 0x2230, 0x2210,
    0x3446, 0x3446, 0x3447, 0x3447, 0x3447, 0x3448, 0x3468, 0x3469, 0x3C89, 0x3C8A, 0x3CAB, 0x3CAC, 0x44AD, 0x44CE, 0x44CF, 0x4CD0,
    0x4CD0, 0x4CD1, 0x4CB1, 0x4491, 0x4471, 0x3C51, 0x3C31, 0x3C11, 0x3BD1, 0x33B1, 0x3391, 0x2B51, 0x2B11, 0x2AD1, 0x2291, 0x2271,
    0x3467, 0x3467, 0x3467, 0x3467, 0x3467, 0x3488, 0x3488, 0x3C89, 0x3CAA, 0x3CAA, 0x3CAB, 0x44CC, 0x44CD, 0x44CE, 0x4CEF, 0x4CF0,
    0x4CF1, 0x54F1, 0x4CF1, 0x4CD2, 0x4CB2, 0x4492, 0x4472, 0x4452, 0x3C32, 0x3C12, 0x3BF2, 0x33B2, 0x3372, 0x2B31, 0x2AF1, 0x2AB1,
    0x3487, 0x3487, 0x3487, 0x3488, 0x3488, 0x3488, 0x3CA9, 0x3CA9, 0x3CCA, 0x3CCB, 0x44CB, 0x44EC, 0x44ED, 0x4CEE, 0x4D0F, 0x5510,
    0x5511, 0x5511, 0x5512, 0x54F2, 0x54F2, 0x4CD2, 0x4CB2, 0x4492, 0x4472, 0x4452, 0x4432, 0x3C12, 0x3BD2, 0x33B2, 0x3372, 0x2B32,
    0x34A7, 0x34A7, 0x34A8, 0x3CA8, 0x3CA8, 0x3CA9, 0x3CC9, 0x3CCA, 0x3CCA, 0x44EB, 0x44EC, 0x44ED, 0x4D0D, 0x4D0E, 0x550F, 0x5530,
    0x5531, 0x5532, 0x5532, 0x5532, 0x5513, 0x5513, 0x54F3, 0x4CD3, 0x4CB3, 0x4493, 0x4473, 0x4473, 0x4433, 0x3C13, 0x3BD2, 0x3392,
    0x3CC8, 0x3CC8, 0x3CC8, 0x3CC8, 0x3CC8, 0x3CC9, 0x3CE9, 0x3CEA, 0x44EB, 0x44EC, 0x450C, 0x4D0D, 0x4D0E, 0x4D2F, 0x5530, 0x5551,
    0x5551, 0x5D52, 0x5D52, 0x5D53, 0x5D33, 0x5D33, 0x5513, 0x5513, 0x54F3, 0x4CD3, 0x4CB3, 0x4493, 0x4473, 0x4453, 0x4433, 0x3BF3,
    0x3CE8, 0x3CE8, 0x3CE8, 0x3CE9, 0x3CE9, 0x3CE9, 0x3CEA, 0x450B, 0x450B, 0x450C, 0x4D0D, 0x4D2E, 0x4D2E, 0x554F, 0x5550, 0x5551,
    0x5D72, 0x5D72, 0x5D73, 0x5D73, 0x5D53, 0x5D53, 0x5D54, 0x5D34, 0x5534, 0x5514, 0x54F4, 0x4CD3, 0x4CB3, 0x4CB3, 0x4473, 0x4453,
    0x3D08, 0x3D08, 0x3D09, 0x3D09, 0x3D09, 0x450A, 0x450A, 0x450B, 0x450C, 0x4D2C, 0x4D2D, 0x4D4E, 0x554F, 0x5550, 0x5571, 0x5D71,
    0x5D72, 0x5D93, 0x6593, 0x6593, 0x5D74, 0x5D74, 0x5D54, 0x5D54, 0x5D54, 0x5D34, 0x5534, 0x5514, 0x54F4, 0x4CD4, 0x4CB4, 0x4CB4,
    0x3D09, 0x3D09, 0x4509, 0x4509, 0x450A, 0x452A, 0x452B, 0x452B, 0x452C, 0x4D2D, 0x4D4E, 0x554E, 0x556F, 0x5570, 0x5D71, 0x5D92,
    0x5D92, 0x6593, 0x6593, 0x6594, 0x6594, 0x6594, 0x5D74, 0x5D74, 0x5D54, 0x5D54, 0x5D54, 0x5D54, 0x5534, 0x5514, 0x54F4, 0x4CF4,
    0x4529, 0x4529, 0x4529, 0x452A, 0x452A, 0x452B, 0x452B, 0x454C, 0x4D4D, 0x4D4D, 0x554E, 0x556F, 0x5570, 0x5590, 0x5D91, 0x5D92,
    0x65B2, 0x65B3, 0x6DB3, 0x6DB4, 0x65B4, 0x65B4, 0x6594, 0x6594, 0x5D74, 0x5D75, 0x5D75, 0x5D55, 0x5D55, 0x5D35, 0x5534, 0x5514,
    0x4549, 0x454A, 0x454A, 0x454A, 0x454A, 0x454B, 0x454C, 0x4D4C, 0x4D4D, 0x554E, 0x556E, 0x558F, 0x5590, 0x5D91, 0x5DB1, 0x65B2,
    0x65B3, 0x6DB3, 0x6DB4, 0x6DB4, 0x6DB4, 0x6DB4, 0x65B5, 0x65B5, 0x6595, 0x5D95, 0x5D75, 0x5D75, 0x5D75, 0x5D75, 0x5D55, 0x5D35,
    0x4549, 0x454A, 0x454A, 0x454A, 0x454B, 0x4D4B, 0x4D4C, 0x4D4D, 0x4D6D, 0x556E, 0x556F, 0x5590, 0x5590, 0x5DB1, 0x5DB1, 0x65B2,
    0x65B3, 0x6DD3, 0x6DD4, 0x6DD4, 0x6DD4, 0x6DD4, 0x6DB5, 0x65B5, 0x65B5, 0x6595, 0x6595, 0x6595, 0x6595, 0x6575, 0x5D75, 0x5D55,
    0x454A, 0x454A, 0x456A, 0x4D6B, 0x4D6B, 0x4D6C, 0x4D6C, 0x4D6D, 0x556E, 0x558E, 0x558F, 0x55B0, 0x5DB0, 0x5DB1, 0x5DB2, 0x65D2,
    0x65D3, 0x6DD3, 0x6DD4, 0x6DD4, 0x6DD4, 0x6DD5, 0x6DD5, 0x6DD5, 0x65B5, 0x65B5, 0x65B5, 0x6595, 0x6595, 0x6595, 0x6595, 0x6595,
    0x1820, 0x1821, 0x1821, 0x1821, 0x1021, 0x1022, 0x1022, 0x1023, 0x1023, 0x1024, 0x1024, 0x1025, 0x1025, 0x1026, 0x1046, 0x1047,
    0x1048, 0x1048, 0x1049, 0x1049, 0x104A, 0x104B, 0x104B, 0x104C, 0x104C, 0x104D, 0x104D, 0x104D, 0x104E, 0x106E, 0x106E, 0x106E,
    0x1861, 0x1841, 0x1841, 0x1841, 0x1842, 0x1842, 0x1023, 0x1023, 0x1024, 0x1024, 0x1024, 0x1045, 0x1046, 0x1046, 0x1047, 0x1047,
    0x1048, 0x1049, 0x1049, 0x104A, 0x104A, 0x104B, 0x104C, 0x106C, 0x106C, 0x106D, 0x106D, 0x106D, 0x106E, 0x106E, 0x106E, 0x106F,
    0x2081, 0x2061, 0x2061, 0x1841, 0x1842, 0x1842, 0x1843, 0x1043, 0x1044, 0x1044, 0x1045, 0x1045, 0x1046, 0x1047, 0x1047, 0x1048,
    0x1048, 0x1049, 0x1049, 0x104A, 0x106B, 0x106B, 0x106C, 0x106C, 0x106D, 0x106D, 0x106D, 0x106E, 0x106E, 0x106E, 0x106E, 0x106F,
    0x20A1, 0x20A1, 0x20A1, 0x2082, 0x1862, 0x1863, 0x1843, 0x1044, 0x1044, 0x1045, 0x1045, 0x1046, 0x1046, 0x1047, 0x1048, 0x1048,
    0x1049, 0x1069, 0x106A, 0x106A, 0x106B, 0x106B, 0x106C, 0x106C, 0x106D, 0x106D, 0x106D, 0x106E, 0x106E, 0x106E, 0x106E, 0x106F,
    0x20E1, 0x20E1, 0x2102, 0x20C2, 0x20A2, 0x1883, 0x1864, 0x1064, 0x1045, 0x1045, 0x1046, 0x1046, 0x1047, 0x1047, 0x0868, 0x0869,
    0x0869, 0x086A, 0x086A, 0x086B, 0x086B, 0x086C, 0x086C, 0x086D, 0x086D, 0x086D, 0x106D, 0x106E, 0x106E, 0x106E, 0x108F, 0x108F,
    0x2122, 0x2122, 0x2142, 0x2122, 0x2102, 0x18E3, 0x18C4, 0x18A5, 0x1085, 0x1066, 0x1066, 0x0867, 0x0867, 0x0868, 0x0868, 0x0869,
    0x0869, 0x086A, 0x086A, 0x086B, 0x086B, 0x086C, 0x086C, 0x086D, 0x086D, 0x088D, 0x088E, 0x108E, 0x108E, 0x108E, 0x108F, 0x108F,
    0x2142, 0x2162, 0x2182, 0x2182, 0x2183, 0x2144, 0x1924, 0x18E5, 0x10C6, 0x10A6, 0x1087, 0x0887, 0x0888, 0x0888, 0x0869, 0x0869,
    0x086A, 0x088A, 0x088B, 0x088B, 0x088C, 0x088C, 0x088C, 0x088D, 0x088D, 0x088D, 0x088E, 0x108E, 0x108E, 0x108E, 0x108F, 0x108F,
    0x2182, 0x21A2, 0x21C3, 0x21C3, 0x21C3, 0x21A4, 0x1984, 0x1965, 0x1926, 0x1107, 0x10C7, 0x10C8, 0x10A8, 0x08A8, 0x0889, 0x0889,
    0x088A, 0x088A, 0x088B, 0x088B, 0x088C, 0x088C, 0x088D, 0x088D, 0x088D, 0x108D, 0x108E, 0x108E, 0x108E, 0x10AF, 0x10AF, 0x10AF,
    0x21C2, 0x21E3, 0x2203, 0x2203, 0x2223, 0x2204, 0x19E4, 0x19C6, 0x19A7, 0x1967, 0x1128, 0x1108, 0x10E8, 0x10C9, 0x10C9, 0x10AA,
    0x08AA, 0x08AB, 0x08AB, 0x08AC, 0x10AC, 0x10AC, 0x10AD, 0x10AD, 0x10AD, 0x10AE, 0x10AE, 0x10AE, 0x10AE, 0x10AF, 0x10AF, 0x10AF,
    0x2203, 0x2A23, 0x2A43, 0x2243, 0x2264, 0x2244, 0x2244, 0x2225, 0x1A07, 0x19E8, 0x19A8, 0x1969, 0x1149, 0x1129, 0x110A, 0x10EA,
    0x10CA, 0x10CB, 0x10CB, 0x10CC, 0x10AC, 0x10AD, 0x10AD, 0x10AD, 0x10AD, 0x10AE, 0x10AE, 0x10AE, 0x10AE, 0x10CF, 0x10CF, 0x10CF,
    0x2A43, 0x2A63, 0x2A63, 0x2A84, 0x2A84, 0x22A4, 0x22A5, 0x2285, 0x2286, 0x2268, 0x2229, 0x19E9, 0x19AA, 0x118A, 0x114A, 0x112A,
    0x110B, 0x10EB, 0x10EC, 0x10EC, 0x10CC, 0x10CD, 0x10CD, 0x10CD, 0x10CD, 0x10CE, 0x10CE, 0x10CE, 0x10CF, 0x10CF, 0x10CF, 0x10CF,
    0x2A63, 0x2A83, 0x2AA4, 0x2AA4, 0x2AC4, 0x2AC4, 0x22C5, 0x22C6, 0x22C6, 0x22A8, 0x2289, 0x226A, 0x1A2A, 0x19EA, 0x19CB, 0x118B,
    0x116B, 0x114B, 0x112C, 0x110C, 0x110D, 0x10ED, 0x10ED, 0x10ED, 0x10EE, 0x10EE, 0x10EE, 0x10EE, 0x10EF, 0x10EF, 0x10EF, 0x10EF,
    0x2AA3, 0x2AC4, 0x2AC4, 0x2AE4, 0x2AE4, 0x2B05, 0x2B05, 0x2B06, 0x2B07, 0x2B08, 0x22E9, 0x22CA, 0x22AB, 0x226B, 0x1A2B, 0x19EB,
    0x19CC, 0x198C, 0x116C, 0x114C, 0x112D, 0x112D, 0x110D, 0x110E, 0x110E, 0x110E, 0x10EE, 0x10EE, 0x10EF, 0x10EF, 0x10EF, 0x10EF,
    0x2AE4, 0x2AE4, 0x2B04, 0x2B04, 0x2B25, 0x2B25, 0x2B45, 0x2B46, 0x2B47, 0x2B48, 0x2B49, 0x2B2A, 0x2B0B, 0x22EC, 0x22AC, 0x226C,
    0x1A2C, 0x1A0D, 0x19CD, 0x19AD, 0x198D, 0x116D, 0x114D, 0x112E, 0x112E, 0x112E, 0x110E, 0x110F, 0x110F, 0x110F, 0x110F, 0x110F,
    0x2B04, 0x2B24, 0x2B24, 0x2B45, 0x2B45, 0x2B65, 0x2B86, 0x2B86, 0x2B87, 0x2B88, 0x2B89, 0x2B8A, 0x2B6B, 0x2B4C, 0x2B2D, 0x22ED,
    0x22AD, 0x226D, 0x1A4D, 0x1A0D, 0x19CE, 0x19AE, 0x198E, 0x196E, 0x116E, 0x114E, 0x114F, 0x112F, 0x112F, 0x112F, 0x112F, 0x1130,
    0x3344, 0x2B44, 0x2B65, 0x2B65, 0x2B85, 0x2B86, 0x2BA6, 0x2BA7, 0x2BC8, 0x33C8, 0x33C9, 0x33CA, 0x33CB, 0x33AC, 0x338D, 0x2B6D,
    0x2B2E, 0x22EE, 0x22AE, 0x228E, 0x224E, 0x1A2E, 0x19EE, 0x19CE, 0x19AF, 0x198F, 0x196F, 0x196F, 0x194F, 0x114F, 0x114F, 0x1130,
    0x3385, 0x3385, 0x2B85, 0x2BA5, 0x2BA6, 0x2BC6, 0x33C7, 0x33E7, 0x33E8, 0x3408, 0x3409, 0x340A, 0x340B, 0x3C0D, 0x3BED, 0x33CE,
    0x33AE, 0x2B6F, 0x2B2F, 0x2AEF, 0x22CF, 0x228F, 0x226F, 0x222F, 0x1A0F, 0x19EF, 0x19CF, 0x19AF, 0x198F, 0x196F, 0x1970, 0x1950,
    0x33C5, 0x33C5, 0x33C5, 0x33C6, 0x33E6, 0x33E6, 0x3407, 0x3408, 0x3428, 0x3429, 0x342A, 0x3C4B, 0x3C4C, 0x3C4D, 0x3C4E, 0x3C2F,
    0x3C0F, 0x3BEF, 0x33AF, 0x336F, 0x2B50, 0x2B10, 0x2AD0, 0x22B0, 0x2270, 0x2250, 0x2210, 0x19F0, 0x19D0, 0x19B0, 0x1990, 0x1970,
    0x33E5, 0x33E6, 0x33E6, 0x3406, 0x3406, 0x3407, 0x3427, 0x3428, 0x3448, 0x3449, 0x3C6A, 0x3C6B, 0x3C6C, 0x446D, 0x446E, 0x446F,
    0x4470, 0x4450, 0x3C10, 0x3BF0, 0x33B0, 0x3390, 0x3350, 0x2B30, 0x2AF0, 0x22B0, 0x2290, 0x2250, 0x2210, 0x19F0, 0x19D0, 0x19B0,
    0x3426, 0x3426, 0x3426, 0x3426, 0x3427, 0x3447, 0x3448, 0x3448, 0x3C69, 0x3C6A, 0x3C8A, 0x3C8B, 0x448C, 0x44AD, 0x44AE, 0x4CAF,
    0x4CB0, 0x4C91, 0x4471, 0x4451, 0x3C31, 0x3BF1, 0x33D1, 0x3391, 0x3371, 0x2B31, 0x2AF1, 0x2AB1, 0x2290, 0x2250, 0x2210, 0x21F0,
    0x3446, 0x3446, 0x3447, 0x3447, 0x3447, 0x3468, 0x3468, 0x3C69, 0x3C89, 0x3C8A, 0x3CAB, 0x44AB, 0x44AC, 0x44CD, 0x4CCE, 0x4CD0,
    0x4CD0, 0x4CD1, 0x4CD1, 0x4CB1, 0x4471, 0x4451, 0x3C31, 0x3C11, 0x3BD1, 0x33B1, 0x3371, 0x2B31, 0x2AF1, 0x2AB1, 0x2271, 0x2251,
    0x3466, 0x3467, 0x3467, 0x3467, 0x3467, 0x3488, 0x3C88, 0x3C89, 0x3CAA, 0x3CAA, 0x44CB, 0x44CC, 0x44CD, 0x4CEE, 0x4CEF, 0x4CF0,
    0x5511, 0x5511, 0x54F2, 0x54F2, 0x4CD2, 0x4CB2, 0x4472, 0x4452, 0x4432, 0x3C12, 0x3BD2, 0x3392, 0x3351, 0x2B11, 0x2AD1, 0x2AB1,
    0x3487, 0x3487, 0x3487, 0x3488, 0x3C88, 0x3CA8, 0x3CA9, 0x3CA9, 0x3CCA, 0x44CB, 0x44CB, 0x44EC, 0x44ED, 0x4CEE, 0x4D0F, 0x5510,
    0x5531, 0x5532, 0x5512, 0x5512, 0x54F2, 0x54F3, 0x4CD3, 0x4CB3, 0x4472, 0x4452, 0x4432, 0x3C12, 0x3BD2, 0x3392, 0x3352, 0x2B12,
    0x3CA7, 0x3CA7, 0x3CA8, 0x3CA8, 0x3CA8, 0x3CC9, 0x3CC9, 0x3CCA, 0x44EA, 0x44EB, 0x44EC, 0x44ED, 0x4D0D, 0x4D0E, 0x552F, 0x5530,
    0x5531, 0x5D52, 0x5D52, 0x5D33, 0x5533, 0x5513, 0x5513, 0x54F3, 0x4CD3, 0x4CB3, 0x4473, 0x4453, 0x4433, 0x3BF2, 0x3BB2, 0x3372,
    0x3CC8, 0x3CC8, 0x3CC8, 0x3CC8, 0x3CC9, 0x3CC9, 0x3CEA, 0x44EA, 0x44EB, 0x450C, 0x450C, 0x4D0D, 0x4D0E, 0x4D2F, 0x5530, 0x5551,
    0x5D51, 0x5D52, 0x5D53, 0x5D53, 0x5D53, 0x5D33, 0x5D33, 0x5513, 0x54F3, 0x54F3, 0x4CD3, 0x4CB3, 0x4473, 0x4453, 0x4413, 0x3BF3,
    0x3CE8, 0x3CE8, 0x3CE8, 0x3CE9, 0x3CE9, 0x44E9, 0x450A, 0x450B, 0x450B, 0x450C, 0x4D0D, 0x4D2D, 0x4D2E, 0x554F, 0x5550, 0x5551,
    0x5D72, 0x5D72, 0x6573, 0x6573, 0x5D74, 0x5D54, 0x5D54, 0x5D54, 0x5D34, 0x5514, 0x54F4, 0x4CD4, 0x4CB3, 0x4CB3, 0x4473, 0x4453,
    0x3D08, 0x3D08, 0x4509, 0x4509, 0x4509, 0x450A, 0x450A, 0x450B, 0x452C, 0x4D2C, 0x4D2D, 0x4D4E, 0x554F, 0x5550, 0x5570, 0x5D71,
    0x5D92, 0x6593, 0x6593, 0x6594, 0x6594, 0x6574, 0x5D74, 0x5D54, 0x5D54, 0x5D54, 0x5D34, 0x5514, 0x54F4, 0x54D4, 0x4CB4, 0x4C94,
    0x4529, 0x4529, 0x4529, 0x4529, 0x452A, 0x452A, 0x452B, 0x452B, 0x4D2C, 0x4D4D, 0x4D4D, 0x554E, 0x554F, 0x5570, 0x5D91, 0x5D91,
    0x6592, 0x6593, 0x6D93, 0x6DB4, 0x6D94, 0x6594, 0x6594, 0x5D74, 0x5D74, 0x5D75, 0x5D55, 0x5D55, 0x5D34, 0x5514, 0x54F4, 0x54F4,
    0x4529, 0x4529, 0x4529, 0x452A, 0x452A, 0x452B, 0x454B, 0x4D4C, 0x4D4D, 0x4D4D, 0x554E, 0x556F, 0x556F, 0x5590, 0x5D91, 0x5D92,
    0x65B2, 0x65B3, 0x6DB3, 0x6DB4, 0x6DB4, 0x6DB4, 0x6594, 0x6595, 0x6595, 0x5D75, 0x5D75, 0x5D75, 0x5D55, 0x5D55, 0x5D35, 0x5514,
    0x4549, 0x454A, 0x454A, 0x454A, 0x454B, 0x4D4B, 0x4D4C, 0x4D4C, 0x4D4D, 0x554E, 0x556E, 0x556F, 0x5590, 0x5D91, 0x5DB1, 0x65B2,
    0x65B3, 0x6DB3, 0x6DB4, 0x6DB4, 0x6DB4, 0x6DB4, 0x6DB5, 0x65B5, 0x6595, 0x6595, 0x6595, 0x6595, 0x6575, 0x5D75, 0x5D55, 0x5D55,
    0x4549, 0x454A, 0x454A, 0x4D4A, 0x4D4B, 0x4D4B, 0x4D4C, 0x4D6D, 0x4D6D, 0x556E, 0x556F, 0x558F, 0x5590, 0x5DB1, 0x5DB1, 0x65B2,
    0x65B3, 0x6DD3, 0x6DD4, 0x6DD4, 0x6DD4, 0x6DD5, 0x6DD5, 0x6DB5, 0x65B5, 0x65B5, 0x6595, 0x6595, 0x6595, 0x6595, 0x6575, 0x5D75,
    0x4D6A, 0x4D6A, 0x4D6A, 0x4D6B, 0x4D6B, 0x4D6C, 0x4D6C, 0x4D6D, 0x556D, 0x556E, 0x558F, 0x5590, 0x5DB0, 0x5DB1, 0x5DB2, 0x65D2,
    0x65D3, 0x6DD3, 0x6DD4, 0x6DD4, 0x6DD4, 0x6DD5, 0x6DD5, 0x6DD5, 0x6DD5, 0x65B5, 0x65B5, 0x65B5, 0x65B5, 0x6596, 0x6596, 0x6596,
    0x1841, 0x1841, 0x1841, 0x1821, 0x1822, 0x1822, 0x1822, 0x1823, 0x1823, 0x1024, 0x1024, 0x1025, 0x1825, 0x1846, 0x1846, 0x1847,
    0x1848, 0x1848, 0x1849, 0x1849, 0x184A, 0x184B, 0x184B, 0x184C, 0x104C, 0x104D, 0x104D, 0x106D, 0x106E, 0x106E, 0x106E, 0x106E,
    0x2061, 0x2041, 0x2041, 0x2041, 0x1842, 0x1842, 0x1843, 0x1843, 0x1844, 0x1844, 0x1844, 0x1845, 0x1846, 0x1846, 0x1847, 0x1847,
    0x1848, 0x1849, 0x1049, 0x104A, 0x104A, 0x104B, 0x104C, 0x106C, 0x106D, 0x106D, 0x106D, 0x106D, 0x106E, 0x106E, 0x106E, 0x106F,
    0x2081, 0x2061, 0x2061, 0x2041, 0x2042, 0x2042, 0x1843, 0x1843, 0x1844, 0x1844, 0x1845, 0x1845, 0x1846, 0x1847, 0x1847, 0x1048,
    0x1048, 0x1049, 0x1049, 0x104A, 0x106B, 0x106B, 0x106C, 0x106C, 0x106D, 0x106D, 0x106D, 0x106E, 0x106E, 0x106E, 0x106E, 0x106F,
    0x20C1, 0x20A1, 0x28A1, 0x2081, 0x2062, 0x2062, 0x2063, 0x1844, 0x1844, 0x1845, 0x1045, 0x1046, 0x1046, 0x1047, 0x1048, 0x1048,
    0x1049, 0x1069, 0x106A, 0x106A, 0x106B, 0x106B, 0x106C, 0x106C, 0x106D, 0x106D, 0x106D, 0x106E, 0x106E, 0x106E, 0x106E, 0x106F,
    0x28E1, 0x28E1, 0x28E2, 0x28C2, 0x28A2, 0x2083, 0x2084, 0x1864, 0x1865, 0x1845, 0x1046, 0x1046, 0x1047, 0x1047, 0x1068, 0x1069,
    0x1069, 0x106A, 0x106A, 0x106B, 0x106B, 0x106C, 0x106C, 0x106D, 0x106D, 0x106D, 0x106D, 0x106E, 0x106E, 0x108E, 0x108F, 0x108F,
    0x2922, 0x2942, 0x2942, 0x2922, 0x2902, 0x28E3, 0x20C4, 0x18A5, 0x1885, 0x1066, 0x1066, 0x1067, 0x1067, 0x1068, 0x1068, 0x1069,
    0x1069, 0x106A, 0x106A, 0x106B, 0x106B, 0x106C, 0x106C, 0x106D, 0x106D, 0x108D, 0x108E, 0x108E, 0x108E, 0x108E, 0x108F, 0x108F,
    0x2962, 0x2982, 0x29A2, 0x2983, 0x2983, 0x2943, 0x2104, 0x20E5, 0x18A6, 0x10A6, 0x1087, 0x1087, 0x1068, 0x1068, 0x0869, 0x0869,
    0x086A, 0x086A, 0x086B, 0x088B, 0x088C, 0x088C, 0x088C, 0x108D, 0x108D, 0x108D, 0x108E, 0x108E, 0x108E, 0x108E, 0x108F, 0x108F,
    0x2982, 0x29A2, 0x29C3, 0x29C3, 0x29C3, 0x29A3, 0x2184, 0x2165, 0x1926, 0x1907, 0x10C7, 0x10A8, 0x10A8, 0x1089, 0x1089, 0x088A,
    0x088A, 0x088A, 0x088B, 0x088B, 0x108C, 0x108C, 0x108D, 0x108D, 0x108D, 0x108D, 0x108E, 0x108E, 0x108E, 0x10AF, 0x10AF, 0x10AF,
    0x29C2, 0x29E3, 0x2A03, 0x2A23, 0x2A23, 0x2203, 0x2204, 0x21E5, 0x21A7, 0x1967, 0x1928, 0x1108, 0x10C9, 0x10C9, 0x10A9, 0x10AA,
    0x10AA, 0x10AB, 0x10AB, 0x10AC, 0x10AC, 0x10AC, 0x10AD, 0x10AD, 0x10AD, 0x10AE, 0x10AE, 0x10AE, 0x10AE, 0x10AF, 0x10AF, 0x10AF,
    0x2A03, 0x2A23, 0x2A43, 0x2A63, 0x2A64, 0x2A64, 0x2264, 0x2245, 0x2226, 0x21E7, 0x19A8, 0x1969, 0x1129, 0x1109, 0x10EA, 0x10CA,
    0x10CB, 0x10CB, 0x10AB, 0x10AC, 0x10AC, 0x10AD, 0x10AD, 0x10AD, 0x10AD, 0x10AE, 0x10AE, 0x10AE, 0x10AE, 0x10AF, 0x10CF, 0x10CF,
    0x2A43, 0x2A63, 0x2A83, 0x2A84, 0x2AA4, 0x2AA4, 0x2AA4, 0x2AA5, 0x2286, 0x2267, 0x2229, 0x19E9, 0x19AA, 0x196A, 0x114A, 0x110B,
    0x10EB, 0x10EB, 0x10CC, 0x10CC, 0x10CC, 0x10CD, 0x10CD, 0x10CD, 0x10CE, 0x10CE, 0x10CE, 0x10CE, 0x10CF, 0x10CF, 0x10CF, 0x10CF,
    0x2A83, 0x3283, 0x32A4, 0x32C4, 0x32C4, 0x2AE4, 0x2AE5, 0x2AE5, 0x2AC6, 0x2AC7, 0x22A8, 0x226A, 0x222A, 0x19EB, 0x19AB, 0x196B,
    0x114B, 0x112C, 0x110C, 0x10EC, 0x10ED, 0x10ED, 0x10ED, 0x10ED, 0x10EE, 0x10CE, 0x10CE, 0x10CE, 0x10EF, 0x10EF, 0x10EF, 0x10EF,
    0x32A3, 0x32C4, 0x32C4, 0x32E4, 0x3304, 0x2B05, 0x2B25, 0x2B25, 0x2B26, 0x2B07, 0x2B08, 0x2AEA, 0x22AB, 0x226B, 0x222B, 0x19EC,
    0x19AC, 0x196C, 0x114C, 0x112D, 0x112D, 0x110D, 0x110D, 0x110E, 0x10EE, 0x10EE, 0x10EE, 0x10EF, 0x10EF, 0x10EF, 0x10EF, 0x10EF,
    0x32E4, 0x32E4, 0x3304, 0x3324, 0x3325, 0x2B45, 0x2B45, 0x2B66, 0x2B66, 0x2B67, 0x2B48, 0x2B4A, 0x2B2B, 0x2AEC, 0x22AC, 0x226C,
    0x1A2C, 0x19ED, 0x19AD, 0x198D, 0x196D, 0x114D, 0x112D, 0x112E, 0x112E, 0x110E, 0x110E, 0x110F, 0x110F, 0x110F, 0x110F, 0x110F,
    0x3324, 0x3324, 0x3324, 0x3345, 0x3365, 0x3365, 0x2B85, 0x2B86, 0x33A7, 0x33A8, 0x3388, 0x338A, 0x338B, 0x336C, 0x2B4D, 0x2AED,
    0x22AD, 0x226D, 0x222D, 0x19ED, 0x19CE, 0x198E, 0x196E, 0x196E, 0x114E, 0x114E, 0x112F, 0x112F, 0x112F, 0x112F, 0x112F, 0x1130,
    0x3364, 0x3364, 0x3365, 0x3385, 0x3385, 0x33A6, 0x33A6, 0x33C7, 0x33C7, 0x33C8, 0x33E9, 0x33CA, 0x33CB, 0x33CC, 0x33AD, 0x338E,
    0x2B4E, 0x2AEE, 0x22AE, 0x226E, 0x222E, 0x1A0E, 0x19CE, 0x19AE, 0x198F, 0x196F, 0x196F, 0x194F, 0x194F, 0x192F, 0x192F, 0x1930,
    0x3385, 0x3385, 0x33A5, 0x33A5, 0x33C5, 0x33C6, 0x33E6, 0x33E7, 0x3408, 0x3408, 0x3409, 0x340A, 0x3C0B, 0x3C0C, 0x3C0D, 0x3BEE,
    0x33CF, 0x336F, 0x2B2F, 0x2AEF, 0x22AF, 0x228F, 0x224F, 0x220F, 0x19EF, 0x19CF, 0x19AF, 0x198F, 0x196F, 0x196F, 0x1950, 0x1950,
    0x33C5, 0x33C5, 0x33C5, 0x33E6, 0x33E6, 0x3406, 0x3407, 0x3407, 0x3428, 0x3429, 0x3C49, 0x3C4A, 0x3C4B, 0x3C4C, 0x444E, 0x444F,
    0x442F, 0x3C10, 0x33D0, 0x3390, 0x2B50, 0x2B10, 0x2AD0, 0x2290, 0x2250, 0x222F, 0x19EF, 0x19CF, 0x19B0, 0x1990, 0x1990, 0x1970,
    0x3405, 0x3406, 0x3406, 0x3406, 0x3406, 0x3427, 0x3427, 0x3448, 0x3448, 0x3C49, 0x3C6A, 0x3C6B, 0x3C6B, 0x448D, 0x448E, 0x448F,
    0x4490, 0x4470, 0x4431, 0x3BF1, 0x3BD1, 0x3390, 0x3350, 0x2B10, 0x2AD0, 0x2290, 0x2250, 0x2230, 0x21F0, 0x19D0, 0x19B0, 0x19B0,
    0x3426, 0x3426, 0x3426, 0x3426, 0x3447, 0x3447, 0x3448, 0x3C68, 0x3C69, 0x3C69, 0x3C8A, 0x3C8B, 0x448C, 0x44AD, 0x44AE, 0x4CAF,
    0x4CB0, 0x4CB1, 0x4C91, 0x4471, 0x4431, 0x3C11, 0x3BD1, 0x3391, 0x3351, 0x2B11, 0x2AD1, 0x2290, 0x2250, 0x2230, 0x2210, 0x21F0,
    0x3446, 0x3446, 0x3446, 0x3447, 0x3467, 0x3468, 0x3C68, 0x3C89, 0x3C89, 0x3C8A, 0x3CAB, 0x44AB, 0x44AC, 0x44CD, 0x4CCE, 0x4CEF,
    0x54F0, 0x54F1, 0x4CD2, 0x4CB2, 0x4C92, 0x4472, 0x4432, 0x3C12, 0x3BD1, 0x3391, 0x3351, 0x2B11, 0x2AB1, 0x2291, 0x2251, 0x2231,
    0x3466, 0x3467, 0x3467, 0x3487, 0x3487, 0x3C88, 0x3C88, 0x3CA9, 0x3CAA, 0x44AA, 0x44CB, 0x44CC, 0x44CD, 0x4CED, 0x4CEE, 0x5510,
    0x5511, 0x5511, 0x5512, 0x54F2, 0x54D2, 0x4CB2, 0x4C92, 0x4452, 0x4432, 0x3C12, 0x3BD2, 0x3392, 0x3331, 0x2AF1, 0x2AB1, 0x2A91,
    0x3487, 0x3C87, 0x3C87, 0x3CA8, 0x3CA8, 0x3CA8, 0x3CA9, 0x3CC9, 0x44CA, 0x44CB, 0x44EB, 0x44EC, 0x4CED, 0x4CEE, 0x4D0F, 0x5510,
    0x5531, 0x5532, 0x5D32, 0x5D33, 0x5513, 0x54F3, 0x54D3, 0x4CB3, 0x4C93, 0x4452, 0x4432, 0x3BF2, 0x3BB2, 0x3372, 0x3332, 0x2AF1,
    0x3CA7, 0x3CA7, 0x3CA8, 0x3CA8, 0x3CC8, 0x3CC9, 0x3CC9, 0x44CA, 0x44EA, 0x44EB, 0x44EC, 0x4D0D, 0x4D0D, 0x4D0E, 0x552F, 0x5530,
    0x5551, 0x5D52, 0x5D53, 0x5D53, 0x5D33, 0x5D33, 0x5513, 0x54F3, 0x54D3, 0x4CB3, 0x4473, 0x4453, 0x4433, 0x3BF2, 0x3BB2, 0x3352,
    0x3CC8, 0x3CC8, 0x3CC8, 0x3CC8, 0x3CC9, 0x3CE9, 0x44EA, 0x44EA, 0x450B, 0x450C, 0x4D0C, 0x4D0D, 0x4D2E, 0x4D2F, 0x552F, 0x5550,
    0x5D51, 0x5D72, 0x5D73, 0x5D73, 0x5D53, 0x5D54, 0x5D34, 0x5D34, 0x5514, 0x54F3, 0x4CD3, 0x4CB3, 0x4473, 0x4453, 0x4413, 0x3BD3,
    0x3CE8, 0x3CE8, 0x3CE8, 0x44E9, 0x44E9, 0x450A, 0x450A, 0x450B, 0x450B, 0x4D0C, 0x4D2D, 0x4D2D, 0x4D2E, 0x554F, 0x5550, 0x5571,
    0x5D72, 0x6572, 0x6593, 0x6593, 0x6574, 0x5D74, 0x5D54, 0x5D54, 0x5D34, 0x5D34, 0x5514, 0x54F4, 0x4CD4, 0x4CB4, 0x4C73, 0x4453,
    0x4508, 0x4509, 0x4509, 0x4509, 0x4509, 0x450A, 0x452A, 0x452B, 0x4D2C, 0x4D2C, 0x4D2D, 0x4D4E, 0x554F, 0x554F, 0x5570, 0x5D71,
    0x5D92, 0x6593, 0x6D93, 0x6D94, 0x6D94, 0x6594, 0x6574, 0x5D74, 0x5D54, 0x5D54, 0x5D34, 0x5534, 0x5514, 0x54D4, 0x4CB4, 0x4C94,
    0x4529, 0x4529, 0x4529, 0x4529, 0x452A, 0x452A, 0x452B, 0x4D2B, 0x4D4C, 0x4D4D, 0x4D4D, 0x554E, 0x554F, 0x5570, 0x5D91, 0x5D91,
    0x6592, 0x6593, 0x6DB3, 0x6DB4, 0x6DB4, 0x6D94, 0x6594, 0x6594, 0x5D75, 0x5D75, 0x5D75, 0x5D55, 0x5D35, 0x5D14, 0x54F4, 0x54F4,
    0x4549, 0x4549, 0x4549, 0x454A, 0x454A, 0x4D4B, 0x4D4B, 0x4D4C, 0x4D4C, 0x4D4D, 0x554E, 0x556E, 0x556F, 0x5590, 0x5D91, 0x5D92,
    0x65B2, 0x6DB3, 0x6DB3, 0x6DB4, 0x6DB4, 0x6DB4, 0x6DB5, 0x6595, 0x6595, 0x6595, 0x6575, 0x5D75, 0x5D55, 0x5D55, 0x5D35, 0x5D15,
    0x4549, 0x4549, 0x4D4A, 0x4D4A, 0x4D4B, 0x4D4B, 0x4D4C, 0x4D4C, 0x4D4D, 0x556D, 0x556E, 0x556F, 0x5590, 0x5D90, 0x5DB1, 0x65B2,
    0x65B2, 0x6DB3, 0x6DB3, 0x75B4, 0x75B4, 0x75B5, 0x6DB5, 0x6DB5, 0x65B5, 0x6595, 0x6595, 0x6595, 0x6595, 0x6575, 0x5D55, 0x5D55,
    0x4D69, 0x4D6A, 0x4D6A, 0x4D6A, 0x4D6B, 0x4D6B, 0x4D6C, 0x4D6C, 0x4D6D, 0x556E, 0x556E, 0x558F, 0x5590, 0x5DB1, 0x5DB1, 0x65B2,
    0x65B3, 0x6DD3, 0x6DD4, 0x75D4, 0x75D4, 0x75D5, 0x75D5, 0x6DD5, 0x6DB5, 0x65B5, 0x65B5, 0x65B5, 0x6595, 0x6595, 0x6575, 0x6575,
    0x4D89, 0x4D8A, 0x4D8A, 0x4D8A, 0x4D6B, 0x4D6C, 0x4D6C, 0x4D6D, 0x556D, 0x556E, 0x558F, 0x558F, 0x55B0, 0x5DB1, 0x5DB1, 0x65D2,
    0x6DD3, 0x6DD3, 0x6DD4, 0x75D4, 0x75D4, 0x75D5, 0x75D5, 0x75D5, 0x6DD5, 0x6DD5, 0x65B5, 0x65B5, 0x65B6, 0x65B6, 0x65B6, 0x6596,
    0x2041, 0x2041, 0x2041, 0x2041, 0x1842, 0x1842, 0x1842, 0x1823, 0x1823, 0x1824, 0x1824, 0x1845, 0x1845, 0x1846, 0x1846, 0x1847,
    0x1848, 0x1848, 0x1849, 0x1849, 0x184A, 0x184B, 0x184B, 0x184C, 0x186C, 0x186D, 0x186D, 0x186D, 0x186E, 0x186E, 0x186E, 0x186E,
    0x2061, 0x2061, 0x2041, 0x2041, 0x2042, 0x2042, 0x2043, 0x1843, 0x1844, 0x1844, 0x1844, 0x1845, 0x1846, 0x1846, 0x1847, 0x1848,
    0x1848, 0x1849, 0x1849, 0x184A, 0x184A, 0x184B, 0x186C, 0x186C, 0x186D, 0x186D, 0x186D, 0x186E, 0x186E, 0x186E, 0x186E, 0x186F,
    0x2081, 0x2881, 0x2861, 0x2861, 0x2042, 0x2042, 0x2043, 0x2043, 0x1844, 0x1844, 0x1845, 0x1845, 0x1846, 0x1847, 0x1847, 0x1848,
    0x1848, 0x1849, 0x184A, 0x186A, 0x186B, 0x186B, 0x186C, 0x186C, 0x186D, 0x186D, 0x106D, 0x106E, 0x106E, 0x106E, 0x186E, 0x186F,
    0x28C1, 0x28A1, 0x28A1, 0x2881, 0x2862, 0x2862, 0x2063, 0x2064, 0x2044, 0x1845, 0x1845, 0x1846, 0x1846, 0x1847, 0x1848, 0x1868,
    0x1869, 0x1869, 0x186A, 0x186A, 0x106B, 0x106C, 0x106C, 0x106C, 0x106D, 0x106D, 0x106D, 0x106E, 0x106E, 0x106E, 0x186E, 0x188F,
    0x2901, 0x28E1, 0x30E2, 0x30C2, 0x28A2, 0x2882, 0x2883, 0x2064, 0x2065, 0x2065, 0x1866, 0x1866, 0x1867, 0x1867, 0x1868, 0x1869,
    0x1069, 0x106A, 0x106A, 0x106B, 0x106B, 0x106C, 0x106C, 0x106D, 0x106D, 0x106D, 0x106D, 0x106E, 0x108E, 0x108E, 0x188F, 0x188F,
    0x2922, 0x3142, 0x3142, 0x3122, 0x3102, 0x30E3, 0x28C3, 0x28A4, 0x2085, 0x2086, 0x1866, 0x1867, 0x1867, 0x1068, 0x1068, 0x1069,
    0x1069, 0x106A, 0x106A, 0x106B, 0x106B, 0x106C, 0x106C, 0x106D, 0x108D, 0x108D, 0x108E, 0x108E, 0x108E, 0x108E, 0x108F, 0x188F,
    0x2962, 0x3182, 0x3182, 0x3182, 0x3163, 0x3143, 0x3103, 0x28E5, 0x20C6, 0x20A6, 0x1887, 0x1887, 0x1068, 0x1068, 0x1069, 0x1069,
    0x106A, 0x106A, 0x106B, 0x108B, 0x108C, 0x108C, 0x108C, 0x108D, 0x108D, 0x108D, 0x108E, 0x108E, 0x108E, 0x108E, 0x108F, 0x108F,
    0x31A2, 0x31C2, 0x31C3, 0x31C3, 0x31C3, 0x31A3, 0x3184, 0x2965, 0x2926, 0x2107, 0x18C8, 0x18A8, 0x1088, 0x1088, 0x1089, 0x1089,
    0x108A, 0x108A, 0x108B, 0x108B, 0x108C, 0x108C, 0x108D, 0x108D, 0x108D, 0x108D, 0x108E, 0x108E, 0x108E, 0x10AF, 0x10AF, 0x10AF,
    0x31C2, 0x3203, 0x3223, 0x3223, 0x3223, 0x3224, 0x3204, 0x29E5, 0x29A6, 0x2168, 0x1928, 0x18E8, 0x10C9, 0x10A9, 0x10A9, 0x10AA,
    0x108A, 0x108B, 0x108B, 0x108C, 0x108C, 0x108C, 0x108D, 0x108D, 0x108D, 0x10AE, 0x10AE, 0x10AE, 0x10AE, 0x10AF, 0x10AF, 0x10AF,
    0x3203, 0x3223, 0x3243, 0x3264, 0x3264, 0x3264, 0x3264, 0x2A45, 0x2A26, 0x21E7, 0x21A9, 0x1969, 0x1929, 0x1109, 0x10EA, 0x10CA,
    0x10AB, 0x10AB, 0x10AB, 0x10AC, 0x10AC, 0x10AD, 0x10AD, 0x10AD, 0x10AD, 0x10AE, 0x10AE, 0x10AE, 0x10AE, 0x10AF, 0x10CF, 0x10CF,
    0x3243, 0x3263, 0x3284, 0x32A4, 0x32A4, 0x3AA4, 0x32A4, 0x32A5, 0x2AA5, 0x2A67, 0x2249, 0x21E9, 0x19AA, 0x196A, 0x112A, 0x110B,
    0x10EB, 0x10CB, 0x10CC, 0x10CC, 0x10CC, 0x10CD, 0x10CD, 0x10CD, 0x10CE, 0x10CE, 0x10CE, 0x10CE, 0x10CF, 0x10CF, 0x10CF, 0x10CF,
    0x3283, 0x32A4, 0x32A4, 0x32C4, 0x32E4, 0x3AE4, 0x3B05, 0x32E5, 0x32E6, 0x2AC7, 0x2AA8, 0x2289, 0x224A, 0x21EB, 0x19AB, 0x196B,
    0x112B, 0x110C, 0x10EC, 0x10EC, 0x10ED, 0x10CD, 0x10CD, 0x10CD, 0x10CE, 0x10CE, 0x10CE, 0x10CE, 0x10CF, 0x10CF, 0x10EF, 0x10EF,
    0x32A4, 0x32C4, 0x32E4, 0x32E4, 0x3B04, 0x3B25, 0x3B25, 0x3345, 0x3346, 0x3326, 0x2B27, 0x2AE9, 0x2ACB, 0x226B, 0x222C, 0x19CC,
    0x198C, 0x196C, 0x112C, 0x112D, 0x110D, 0x110D, 0x10ED, 0x10EE, 0x10EE, 0x10EE, 0x10EE, 0x10EF, 0x10EF, 0x10EF, 0x10EF, 0x10EF,
    0x32E4, 0x3304, 0x3304, 0x3324, 0x3B45, 0x3345, 0x3365, 0x3366, 0x3386, 0x3387, 0x2B67, 0x3349, 0x332A, 0x2AEC, 0x2AAC, 0x226C,
    0x222D, 0x19CD, 0x198D, 0x196D, 0x194D, 0x112D, 0x112D, 0x110E, 0x110E, 0x110E, 0x110E, 0x110F, 0x110F, 0x110F, 0x110F, 0x1910,
    0x3324, 0x3324, 0x3B44, 0x3B45, 0x3365, 0x3385, 0x3386, 0x33A6, 0x33A6, 0x33C7, 0x33A8, 0x33A9, 0x338A, 0x336C, 0x334D, 0x2AED,
    0x22AD, 0x224D, 0x220D, 0x19CD, 0x19AE, 0x198E, 0x196E, 0x194E, 0x194E, 0x112E, 0x112F, 0x112F, 0x110F, 0x110F, 0x190F, 0x1910,
    0x3B64, 0x3B65, 0x3B65, 0x3B85, 0x33A5, 0x33A6, 0x33C6, 0x33C6, 0x33E7, 0x33E8, 0x33E8, 0x33E9, 0x3BEA, 0x3BCC, 0x3BAD, 0x338E,
    0x334E, 0x2AEE, 0x22AE, 0x224E, 0x222E, 0x19EE, 0x19AE, 0x198E, 0x196E, 0x196F, 0x194F, 0x194F, 0x192F, 0x192F, 0x192F, 0x1930,
    0x3B85, 0x3BA5, 0x3BA5, 0x3BA5, 0x33C6, 0x33E6, 0x33E6, 0x3407, 0x3407, 0x3428, 0x3C29, 0x3C2A, 0x3C2B, 0x3C0C, 0x3C0D, 0x3BEE,
    0x3BCF, 0x338F, 0x2B2F, 0x2AEF, 0x22AF, 0x226F, 0x222F, 0x21EF, 0x19CF, 0x19AF, 0x198F, 0x196F, 0x196F, 0x194F, 0x1950, 0x1950,
    0x3BC5, 0x3BC5, 0x3BE5, 0x33E6, 0x33E6, 0x3406, 0x3407, 0x3427, 0x3C28, 0x3C49, 0x3C49, 0x3C4A, 0x3C4B, 0x444C, 0x444D, 0x444E,
    0x442F, 0x3C10, 0x3BD0, 0x3390, 0x3330, 0x2AF0, 0x2AB0, 0x226F, 0x222F, 0x220F, 0x19CF, 0x19AF, 0x198F, 0x1990, 0x1970, 0x1970,
    0x3C06, 0x3C06, 0x3C06, 0x3406, 0x3426, 0x3427, 0x3447, 0x3C48, 0x3C48, 0x3C69, 0x3C6A, 0x3C6B, 0x448B, 0x448C, 0x448D, 0x4C8F,
    0x4C90, 0x4470, 0x4451, 0x3C11, 0x3BD1, 0x3371, 0x3330, 0x2AF0, 0x2AB0, 0x2270, 0x2230, 0x2210, 0x21F0, 0x19D0, 0x19B0, 0x19B0,
    0x3426, 0x3426, 0x3C26, 0x3446, 0x3C47, 0x3C47, 0x3C68, 0x3C68, 0x3C69, 0x3C8A, 0x448A, 0x448B, 0x44AC, 0x44AD, 0x44AE, 0x4CAF,
    0x4CD0, 0x4CB1, 0x4CB1, 0x4C71, 0x4431, 0x3C11, 0x3BD1, 0x3371, 0x3331, 0x2AF1, 0x2AB0, 0x2270, 0x2230, 0x2210, 0x21F0, 0x21F0,
    0x3C46, 0x3C66, 0x3C66, 0x3C67, 0x3C67, 0x3C68, 0x3C88, 0x3C89, 0x3C89, 0x44AA, 0x44AB, 0x44AB, 0x44CC, 0x44CD, 0x4CCE, 0x4CEF,
    0x54F0, 0x54F1, 0x54F2, 0x4CD2, 0x4C92, 0x4472, 0x4432, 0x3BF2, 0x3BB1, 0x3371, 0x3331, 0x2AD1, 0x2AB1, 0x2271, 0x2251, 0x2231,
    0x3C87, 0x3C87, 0x3C87, 0x3C87, 0x3C87, 0x3C88, 0x3CA8, 0x3CA9, 0x44AA, 0x44CA, 0x44CB, 0x44CC, 0x44ED, 0x4CED, 0x4CEE, 0x4D0F,
    0x5510, 0x5511, 0x5512, 0x5512, 0x54F3, 0x54D3, 0x4C92, 0x4472, 0x4432, 0x3BF2, 0x3BB2, 0x3351, 0x3311, 0x2AD1, 0x2AB1, 0x2A91,
    0x3CA7, 0x3CA7, 0x3CA7, 0x3CA8, 0x3CA8, 0x3CA8, 0x3CC9, 0x44CA, 0x44CA, 0x44EB, 0x44EC, 0x44EC, 0x4CED, 0x4D0E, 0x4D0F, 0x5530,
    0x5531, 0x5D32, 0x5D32, 0x5D33, 0x5D13, 0x5513, 0x54D3, 0x4CB3, 0x4C93, 0x4452, 0x4412, 0x3BD2, 0x3B92, 0x3352, 0x3312, 0x32F2,
    0x3CC7, 0x3CC8, 0x3CC8, 0x3CC8, 0x3CC8, 0x3CC9, 0x44C9, 0x44EA, 0x44EB, 0x44EB, 0x4D0C, 0x4D0D, 0x4D0D, 0x4D0E, 0x552F, 0x5530,
    0x5551, 0x5D52, 0x5D53, 0x5D53, 0x5D53, 0x5D33, 0x5D13, 0x5513, 0x54D3, 0x4CB3, 0x4C73, 0x4453, 0x4413, 0x3BD2, 0x3B92, 0x3352,
    0x3CE8, 0x3CE8, 0x3CE8, 0x3CE8, 0x44E9, 0x44E9, 0x44EA, 0x450A, 0x450B, 0x4D0C, 0x4D0C, 0x4D0D, 0x4D2E, 0x4D2E, 0x554F, 0x5550,
    0x5D51, 0x6572, 0x6573, 0x6573, 0x6574, 0x5D54, 0x5D54, 0x5D34, 0x5514, 0x54F4, 0x54D3, 0x4CB3, 0x4C73, 0x4433, 0x4413, 0x43D3,
    0x4508, 0x4508, 0x4509, 0x4509, 0x4509, 0x450A, 0x450A, 0x450B, 0x4D2B, 0x4D2C, 0x4D2D, 0x4D2D, 0x4D2E, 0x554F, 0x5550, 0x5571,
    0x5D71, 0x6572, 0x6D93, 0x6D94, 0x6D74, 0x6574, 0x6574, 0x5D54, 0x5D54, 0x5D34, 0x5514, 0x54F4, 0x54D4, 0x4C94, 0x4C73, 0x4C53,
    0x4508, 0x4509, 0x4509, 0x4509, 0x452A, 0x452A, 0x452A, 0x4D2B, 0x4D2C, 0x4D2C, 0x4D4D, 0x4D4E, 0x554E, 0x554F, 0x5570, 0x5D71,
    0x5D92, 0x6592, 0x6D93, 0x6D94, 0x6D94, 0x6D94, 0x6594, 0x6574, 0x5D74, 0x5D55, 0x5D54, 0x5D34, 0x5514, 0x54F4, 0x54B4, 0x5494,
    0x4529, 0x4529, 0x4529, 0x452A, 0x452A, 0x454A, 0x4D4B, 0x4D4B, 0x4D4C, 0x4D4D, 0x4D4D, 0x554E, 0x556F, 0x5570, 0x5570, 0x5D91,
    0x6592, 0x6D93, 0x6DB3, 0x75B4, 0x75B4, 0x6DB4, 0x6D95, 0x6595, 0x6595, 0x6575, 0x5D75, 0x5D55, 0x5D55, 0x5D14, 0x5D14, 0x54F4,
    0x4549, 0x4549, 0x4549, 0x454A, 0x4D4A, 0x4D4B, 0x4D4B, 0x4D4C, 0x4D4C, 0x4D4D, 0x556E, 0x556E, 0x556F, 0x5590, 0x5D91, 0x5D91,
    0x65B2, 0x6DB3, 0x6DB3, 0x75B4, 0x75B4, 0x75B4, 0x6DB5, 0x6DB5, 0x6595, 0x6595, 0x6595, 0x6575, 0x5D75, 0x5D55, 0x5D35, 0x5D15,
    0x4569, 0x4569, 0x4569, 0x4D6A, 0x4D6A, 0x4D6B, 0x4D6B, 0x4D6C, 0x4D6D, 0x556D, 0x556E, 0x556F, 0x558F, 0x5D90, 0x5DB1, 0x65B2,
    0x65B2, 0x6DB3, 0x6DB3, 0x75B4, 0x75B4, 0x75B5, 0x75B5, 0x6DB5, 0x6DB5, 0x65B5, 0x6595, 0x6595, 0x6595, 0x6595, 0x5D75, 0x5D55,
    0x4D89, 0x4D89, 0x4D89, 0x4D8A, 0x4D8A, 0x4D8B, 0x4D8B, 0x4D6C, 0x4D6D, 0x556E, 0x558E, 0x558F, 0x5590, 0x5DB0, 0x5DB1, 0x65B2,
    0x6DB3, 0x6DD3, 0x75D4, 0x75D4, 0x75D4, 0x75D5, 0x75D5, 0x75D5, 0x6DD5, 0x6DB5, 0x6DB5, 0x65B5, 0x65B6, 0x6596, 0x6596, 0x6575,
    0x4D89, 0x4D89, 0x4D89, 0x4D8A, 0x4D8A, 0x4D8B, 0x4D8C, 0x4D8D, 0x558D, 0x558E, 0x558E, 0x558F, 0x55B0, 0x5DB1, 0x65B1, 0x65D2,
    0x6DD3, 0x6DD3, 0x75D4, 0x75D4, 0x75D4, 0x75D5, 0x75D5, 0x75D5, 0x75D5, 0x6DD5, 0x6DD6, 0x6DB6, 0x65B6, 0x65B6, 0x65B6, 0x65B6,
    0x2041, 0x2041, 0x2041, 0x2041, 0x2042, 0x2042, 0x2042, 0x2043, 0x2043, 0x1844, 0x1844, 0x1845, 0x1845, 0x2046, 0x2046, 0x2047,
    0x2048, 0x2048, 0x2049, 0x204A, 0x204A, 0x204B, 0x206B, 0x206C, 0x206D, 0x206D, 0x206D, 0x206E, 0x186E, 0x186E, 0x186E, 0x186F,
    0x2861, 0x2861, 0x2841, 0x2841, 0x2042, 0x2042, 0x2043, 0x2043, 0x2044, 0x2044, 0x2044, 0x2045, 0x2046, 0x2046, 0x2047, 0x2048,
    0x2048, 0x2049, 0x2049, 0x204A, 0x206A, 0x206B, 0x206C, 0x206C, 0x206D, 0x206D, 0x186D, 0x186E, 0x186E, 0x186E, 0x186E, 0x186F,
    0x28A1, 0x2881, 0x2861, 0x2861, 0x2862, 0x2862, 0x2043, 0x2043, 0x2044, 0x2044, 0x2045, 0x2045, 0x2046, 0x2047, 0x2047, 0x2048,
    0x2048, 0x2069, 0x206A, 0x206A, 0x206B, 0x186B, 0x186C, 0x186C, 0x186D, 0x186D, 0x186D, 0x186E, 0x186E, 0x186E, 0x186E, 0x186F,
    0x28C1, 0x30C1, 0x30A1, 0x3082, 0x2862, 0x2862, 0x2863, 0x2864, 0x2064, 0x2065, 0x2045, 0x2046, 0x2047, 0x2067, 0x2068, 0x2068,
    0x2069, 0x1869, 0x186A, 0x186A, 0x186B, 0x186C, 0x186C, 0x186C, 0x186D, 0x186D, 0x186D, 0x186E, 0x186E, 0x186E, 0x186F, 0x188F,
    0x3101, 0x3102, 0x30E2, 0x30C2, 0x3082, 0x3082, 0x2883, 0x2864, 0x2864, 0x2065, 0x2066, 0x2066, 0x2067, 0x2068, 0x2068, 0x1869,
    0x1869, 0x186A, 0x186A, 0x186B, 0x186B, 0x186C, 0x186C, 0x186D, 0x186D, 0x186D, 0x186D, 0x186E, 0x188E, 0x188E, 0x188F, 0x188F,
    0x3122, 0x3142, 0x3942, 0x3922, 0x3902, 0x30C2, 0x30A3, 0x30A4, 0x2885, 0x2885, 0x2066, 0x2067, 0x2067, 0x1868, 0x1868, 0x1869,
    0x1869, 0x186A, 0x186B, 0x186B, 0x106B, 0x106C, 0x106C, 0x108D, 0x108D, 0x108D, 0x108E, 0x108E, 0x188E, 0x188E, 0x188F, 0x188F,
    0x3162, 0x3182, 0x3982, 0x3982, 0x3962, 0x3923, 0x3903, 0x30E4, 0x30C5, 0x28A6, 0x2087, 0x2087, 0x1868, 0x1868, 0x1869, 0x1869,
    0x106A, 0x106A, 0x108B, 0x108B, 0x108C, 0x108C, 0x108C, 0x108D, 0x108D, 0x108D, 0x108E, 0x108E, 0x108E, 0x188F, 0x188F, 0x18AF,
    0x31A2, 0x39C2, 0x39C3, 0x39C3, 0x39C3, 0x39A3, 0x3984, 0x3965, 0x3126, 0x28E7, 0x20C8, 0x20A8, 0x1888, 0x1888, 0x1089, 0x1089,
    0x108A, 0x108B, 0x108B, 0x108B, 0x108C, 0x108C, 0x108D, 0x108D, 0x108D, 0x108D, 0x108E, 0x108E, 0x108E, 0x10AF, 0x10AF, 0x18AF,
    0x31E3, 0x3A03, 0x3A23, 0x3A23, 0x3A24, 0x3A24, 0x3A04, 0x39C5, 0x31A6, 0x2968, 0x2128, 0x20E8, 0x18C9, 0x18A9, 0x10A9, 0x108A,
    0x108A, 0x108B, 0x108B, 0x108C, 0x108C, 0x108C, 0x108D, 0x108D, 0x108D, 0x108E, 0x10AE, 0x10AE, 0x10AE, 0x10AF, 0x10AF, 0x10AF,
    0x3203, 0x3A43, 0x3A63, 0x3A64, 0x3A84, 0x4264, 0x4264, 0x3A45, 0x3226, 0x29E7, 0x29A9, 0x2169, 0x1929, 0x190A, 0x10CA, 0x10CA,
    0x10AB, 0x10AB, 0x10AB, 0x10AC, 0x10AC, 0x10AD, 0x10AD, 0x10AD, 0x10AD, 0x10AE, 0x10AE, 0x10AE, 0x10AF, 0x10AF, 0x10CF, 0x10CF,
    0x3243, 0x3A63, 0x3A84, 0x3AA4, 0x3AA4, 0x42C4, 0x42C5, 0x3AA5, 0x32A5, 0x2A67, 0x2A48, 0x21E9, 0x21AA, 0x194A, 0x192A, 0x10EB,
    0x10EB, 0x10CB, 0x10CC, 0x10AC, 0x10AC, 0x10AD, 0x10AD, 0x10AD, 0x10AE, 0x10AE, 0x10CE, 0x10CE, 0x10CF, 0x10CF, 0x10CF, 0x10CF,
    0x3A83, 0x3AA4, 0x3AC4, 0x3AC4, 0x3AE4, 0x4305, 0x4305, 0x3B05, 0x3B05, 0x32E6, 0x2AC7, 0x2A89, 0x2A4B, 0x21EB, 0x198B, 0x194B,
    0x192B, 0x110C, 0x10EC, 0x10EC, 0x10CD, 0x10CD, 0x10CD, 0x10CD, 0x10CE, 0x10CE, 0x10CE, 0x10CE, 0x10CF, 0x10CF, 0x10EF, 0x18EF,
    0x3AC4, 0x3AC4, 0x3AE4, 0x3B04, 0x3B25, 0x4325, 0x4345, 0x4345, 0x3B46, 0x3346, 0x3327, 0x3309, 0x2ACB, 0x2A6B, 0x222C, 0x21CC,
    0x198C, 0x194C, 0x112C, 0x110D, 0x10ED, 0x10ED, 0x10ED, 0x10EE, 0x10EE, 0x10EE, 0x10EE, 0x10EF, 0x10EF, 0x10EF, 0x18EF, 0x18F0,
    0x3AE4, 0x3B04, 0x3B04, 0x3B24, 0x3B45, 0x3B65, 0x4365, 0x3B86, 0x3B86, 0x3386, 0x3387, 0x3368, 0x332A, 0x330C, 0x2ACC, 0x226D,
    0x220D, 0x19CD, 0x198D, 0x194D, 0x192D, 0x112D, 0x110D, 0x110E, 0x110E, 0x110E, 0x110E, 0x110F, 0x110F, 0x190F, 0x190F, 0x1910,
    0x3B24, 0x3B44, 0x3B44, 0x3B65, 0x3B65, 0x3B85, 0x3BA6, 0x3BC6, 0x3BC6, 0x3BC7, 0x33C7, 0x33A8, 0x338A, 0x338C, 0x334D, 0x2AED,
    0x2AAD, 0x224D, 0x21ED, 0x19AD, 0x198D, 0x196E, 0x194E, 0x192E, 0x192E, 0x192E, 0x190F, 0x190F, 0x190F, 0x190F, 0x190F, 0x1910,
    0x3B64, 0x3B65, 0x3B65, 0x3B85, 0x3BA5, 0x3BC6, 0x3BC6, 0x3BE6, 0x3C06, 0x3C07, 0x3C08, 0x3C09, 0x3BEA, 0x3BCB, 0x3BAD, 0x3B8E,
    0x334E, 0x2AEE, 0x228E, 0x224E, 0x220E, 0x19CE, 0x198E, 0x196E, 0x196E, 0x194F, 0x194F, 0x192F, 0x192F, 0x192F, 0x1930, 0x1930,
    0x3BA5, 0x3BA5, 0x3BA5, 0x3BC5, 0x3BC6, 0x3BE6, 0x3C06, 0x3C07, 0x3C27, 0x3C28, 0x3C28, 0x3C29, 0x3C2A, 0x3C2B, 0x3C0D, 0x440E,
    0x3BCF, 0x338F, 0x332F, 0x2ACF, 0x228F, 0x224F, 0x220F, 0x19CF, 0x19AF, 0x198F, 0x196F, 0x196F, 0x194F, 0x194F, 0x1950, 0x1950,
    0x3BE5, 0x3BE5, 0x3BE5, 0x3BE6, 0x3C06, 0x3C06, 0x3C27, 0x3C27, 0x3C48, 0x3C48, 0x3C69, 0x3C6A, 0x446B, 0x444C, 0x444D, 0x444E,
    0x442F, 0x4410, 0x3BD0, 0x3370, 0x3330, 0x2AD0, 0x2A8F, 0x224F, 0x220F, 0x21CF, 0x19AF, 0x198F, 0x198F, 0x1970, 0x1970, 0x1970,
    0x3C06, 0x3C06, 0x3C06, 0x3C26, 0x3C26, 0x3C47, 0x3C47, 0x3C48, 0x3C68, 0x3C69, 0x448A, 0x448A, 0x448B, 0x448C, 0x448D, 0x4C8E,
    0x4C90, 0x4C70, 0x4451, 0x4411, 0x3BB1, 0x3371, 0x3310, 0x2AD0, 0x2A90, 0x2250, 0x2210, 0x21F0, 0x21D0, 0x21B0, 0x21B0, 0x21B0,
    0x3C46, 0x3C46, 0x3C46, 0x3C46, 0x3C47, 0x3C67, 0x3C68, 0x3C68, 0x3C89, 0x448A, 0x44AA, 0x44AB, 0x44AC, 0x44AC, 0x4CAD, 0x4CCF,
    0x4CD0, 0x4CD1, 0x4CB1, 0x4C91, 0x4451, 0x43F1, 0x3BB1, 0x3371, 0x3311, 0x2AB0, 0x2A90, 0x2250, 0x2210, 0x21F0, 0x21F0, 0x21F1,
    0x3C66, 0x3C66, 0x3C67, 0x3C67, 0x3C67, 0x3C87, 0x3C88, 0x3C89, 0x44A9, 0x44AA, 0x44CB, 0x44CB, 0x44CC, 0x4CCD, 0x4CCE, 0x4CEF,
    0x54F0, 0x54F1, 0x54F2, 0x54D2, 0x4CB2, 0x4C72, 0x4432, 0x3BF2, 0x3B91, 0x3351, 0x32F1, 0x2AB1, 0x2A91, 0x2251, 0x2251, 0x2A31,
    0x3C87, 0x3C87, 0x3C87, 0x3C87, 0x3C87, 0x3CA8, 0x3CA8, 0x44A9, 0x44CA, 0x44CB, 0x44EB, 0x44EC, 0x4CED, 0x4CED, 0x4CEE, 0x4D0F,
    0x5510, 0x5531, 0x5D32, 0x5513, 0x54F3, 0x54D3, 0x4C93, 0x4472, 0x4412, 0x3BD2, 0x3B92, 0x3331, 0x32F1, 0x2AB1, 0x2AB1, 0x2A91,
    0x3CA7, 0x3CA7, 0x3CA7, 0x3CA8, 0x3CA8, 0x3CC8, 0x44C9, 0x44CA, 0x44EA, 0x44EB, 0x4CEC, 0x4D0C, 0x4D0D, 0x4D0E, 0x4D0E, 0x552F,
    0x5530, 0x5D52, 0x5D52, 0x5D53, 0x5D33, 0x5D13, 0x54F3, 0x54B3, 0x4C93, 0x4453, 0x4412, 0x3BB2, 0x3B72, 0x3332, 0x3312, 0x32F2,
    0x3CC7, 0x3CC8, 0x3CC8, 0x3CC8, 0x3CC8, 0x44C9, 0x44E9, 0x44EA, 0x450B, 0x4D0B, 0x4D0C, 0x4D0D, 0x4D0D, 0x4D2E, 0x552F, 0x5530,
    0x5551, 0x5D52, 0x6553, 0x6553, 0x6554, 0x5D54, 0x5D34, 0x5D14, 0x54F3, 0x4CB3, 0x4C73, 0x4453, 0x4413, 0x3BD2, 0x3B92, 0x3B72,
    0x44E8, 0x44E8, 0x44E8, 0x44E8, 0x44E9, 0x44E9, 0x450A, 0x450A, 0x4D0B, 0x4D2C, 0x4D2C, 0x4D2D, 0x4D2E, 0x4D2E, 0x554F, 0x5550,
    0x5D51, 0x6572, 0x6573, 0x6D73, 0x6D74, 0x6554, 0x5D54, 0x5D54, 0x5D34, 0x54F4, 0x54D4, 0x4C93, 0x4C73, 0x4433, 0x4413, 0x43D3,
    0x4508, 0x4508, 0x4509, 0x4509, 0x4509, 0x450A, 0x452A, 0x4D2B, 0x4D2B, 0x4D2C, 0x4D2D, 0x4D4D, 0x4D4E, 0x554F, 0x554F, 0x5570,
    0x5D71, 0x6572, 0x6D93, 0x6D94, 0x6D94, 0x6D74, 0x6574, 0x6574, 0x5D54, 0x5D54, 0x5D14, 0x54F4, 0x54D4, 0x5494, 0x4C74, 0x4C54,
    0x4528, 0x4529, 0x4529, 0x4529, 0x452A, 0x452A, 0x4D4A, 0x4D4B, 0x4D4C, 0x4D4C, 0x4D4D, 0x4D4D, 0x554E, 0x554F, 0x5570, 0x5D71,
    0x5D91, 0x6592, 0x6D93, 0x7594, 0x7594, 0x6D94, 0x6D94, 0x6575, 0x6575, 0x5D75, 0x5D55, 0x5D34, 0x5D14, 0x54F4, 0x54D4, 0x54B4,
    0x4548, 0x4549, 0x4549, 0x4549, 0x454A, 0x4D4A, 0x4D4B, 0x4D4B, 0x4D4C, 0x4D4C, 0x4D4D, 0x554E, 0x556F, 0x556F, 0x5570, 0x5D91,
    0x6592, 0x6D93, 0x6DB3, 0x75B4, 0x75B4, 0x75B4, 0x75B5, 0x6D95, 0x6595, 0x6595, 0x6575, 0x6575, 0x5D55, 0x5D35, 0x5D15, 0x5CF4,
    0x4568, 0x4569, 0x4569, 0x4D6A, 0x4D6A, 0x4D6A, 0x4D6B, 0x4D6B, 0x4D6C, 0x4D6D, 0x556D, 0x556E, 0x556F, 0x5590, 0x5D91, 0x5D91,
    0x65B2, 0x6DB3, 0x6DB3, 0x75B4, 0x75B4, 0x75B5, 0x75B5, 0x6DB5, 0x6DB5, 0x6595, 0x6595, 0x6595, 0x6575, 0x5D55, 0x5D55, 0x5D35,
    0x4588, 0x4D89, 0x4D89, 0x4D8A, 0x4D8A, 0x4D8A, 0x4D8B, 0x4D8C, 0x4D8C, 0x556D, 0x556E, 0x558E, 0x558F, 0x5D90, 0x5DB1, 0x65B2,
    0x65B2, 0x6DB3, 0x75B3, 0x75B4, 0x75B4, 0x7DD5, 0x75B5, 0x75B5, 0x75B5, 0x6DB5, 0x6DB5, 0x6595, 0x6596, 0x6596, 0x6575, 0x5D55,
    0x4D88, 0x4D89, 0x4D89, 0x4D89, 0x4D8A, 0x4D8A, 0x4D8B, 0x4D8C, 0x4D8D, 0x558D, 0x558E, 0x558F, 0x5590, 0x5DB0, 0x5DB1, 0x65B2,
    0x6DB2, 0x6DD3, 0x75D4, 0x75D4, 0x7DD4, 0x7DD5, 0x7DD5, 0x75D5, 0x75D5, 0x75D5, 0x6DB6, 0x6DB6, 0x6DB6, 0x65B6, 0x6596, 0x6576,
    0x4DA9, 0x4DA9, 0x4DA9, 0x4DA9, 0x4DAA, 0x4DAB, 0x4DAB, 0x4D8C, 0x558D, 0x558E, 0x558E, 0x55AF, 0x5DB0, 0x5DB1, 0x65B1, 0x6DD2,
    0x6DD3, 0x75D3, 0x75D4, 0x75D4, 0x7DD4, 0x7DD5, 0x7DD5, 0x7DD5, 0x7DD5, 0x75D6, 0x75D6, 0x6DD6, 0x6DB6, 0x6DB6, 0x65B6, 0x65B6,
    0x2841, 0x2841, 0x2841, 0x2841, 0x2042, 0x2042, 0x2043, 0x2043, 0x2043, 0x2044, 0x2044, 0x2045, 0x2045, 0x2046, 0x2046, 0x2047,
    0x2048, 0x2048, 0x2049, 0x204A, 0x204A, 0x286B, 0x286C, 0x286C, 0x286D, 0x286D, 0x286D, 0x206E, 0x206E, 0x206E, 0x206E, 0x206F,
    0x2861, 0x2861, 0x2861, 0x2842, 0x2842, 0x2842, 0x2843, 0x2843, 0x2044, 0x2044, 0x2045, 0x2045, 0x2046, 0x2046, 0x2047, 0x2048,
    0x2048, 0x2049, 0x2069, 0x206A, 0x206B, 0x206B, 0x206C, 0x206C, 0x206D, 0x206D, 0x206D, 0x206E, 0x206E, 0x206E, 0x206E, 0x206F,
    0x30A1, 0x3081, 0x3061, 0x3062, 0x3062, 0x2862, 0x2863, 0x2863, 0x2844, 0x2844, 0x2845, 0x2846, 0x2846, 0x2847, 0x2867, 0x2868,
    0x2068, 0x2069, 0x206A, 0x206A, 0x206B, 0x206C, 0x206C, 0x206D, 0x206D, 0x206D, 0x206D, 0x206E, 0x206E, 0x206E, 0x206E, 0x206F,
    0x30C1, 0x30C1, 0x30A1, 0x3082, 0x3062, 0x3062, 0x3063, 0x2864, 0x2864, 0x2865, 0x2865, 0x2866, 0x2867, 0x2867, 0x2868, 0x2068,
    0x2069, 0x2069, 0x206A, 0x206B, 0x206B, 0x206C, 0x206C, 0x206D, 0x206D, 0x206D, 0x186D, 0x186E, 0x186E, 0x186E, 0x208F, 0x208F,
    0x3102, 0x3102, 0x38E2, 0x38C2, 0x3882, 0x3082, 0x3083, 0x3084, 0x3064, 0x2865, 0x2866, 0x2866, 0x2867, 0x2868, 0x2068, 0x2069,
    0x2069, 0x206A, 0x206A, 0x206B, 0x206B, 0x206C, 0x206C, 0x186D, 0x186D, 0x186D, 0x186E, 0x188E, 0x188E, 0x188E, 0x208F, 0x208F,
    0x3142, 0x3942, 0x3942, 0x3922, 0x38E2, 0x38C2, 0x38A3, 0x30A4, 0x3085, 0x3085, 0x2886, 0x2887, 0x2867, 0x2068, 0x2068, 0x2069,
    0x206A, 0x206A, 0x206B, 0x186B, 0x186C, 0x188C, 0x188C, 0x188D, 0x188D, 0x188D, 0x188E, 0x188E, 0x188E, 0x188E, 0x188F, 0x208F,
    0x3962, 0x3982, 0x3982, 0x4162, 0x4162, 0x4123, 0x38E3, 0x38C4, 0x38C5, 0x30A6, 0x30A7, 0x2887, 0x2888, 0x2088, 0x2089, 0x2089,
    0x208A, 0x188A, 0x188B, 0x188B, 0x188C, 0x188C, 0x188D, 0x188D, 0x188D, 0x188D, 0x188E, 0x188E, 0x188E, 0x188F, 0x188F, 0x18AF,
    0x39A2, 0x39C2, 0x41C3, 0x41C3, 0x41C3, 0x4183, 0x4163, 0x4144, 0x3925, 0x3906, 0x30E7, 0x28C8, 0x20A8, 0x2088, 0x2089, 0x1889,
    0x188A, 0x188B, 0x188B, 0x188B, 0x188C, 0x108C, 0x108D, 0x108D, 0x108D, 0x188E, 0x188E, 0x188E, 0x18AE, 0x18AF, 0x18AF, 0x18AF,
    0x39E3, 0x3A03, 0x4203, 0x4223, 0x4223, 0x4204, 0x41E4, 0x41A4, 0x4185, 0x3947, 0x3128, 0x28E8, 0x20C9, 0x20A9, 0x18A9, 0x188A,
    0x188A, 0x108B, 0x108B, 0x108C, 0x108C, 0x108C, 0x108D, 0x108D, 0x108D, 0x10AE, 0x10AE, 0x18AE, 0x18AE, 0x18AF, 0x18AF, 0x18AF,
    0x3A23, 0x3A43, 0x4263, 0x4264, 0x4284, 0x4264, 0x4264, 0x4245, 0x4205, 0x39E7, 0x31A8, 0x2969, 0x292A, 0x20EA, 0x18CA, 0x18CA,
    0x10AB, 0x10AB, 0x10AB, 0x10AC, 0x10AC, 0x10AD, 0x10AD, 0x10AD, 0x10AD, 0x10AE, 0x10AE, 0x10AE, 0x10AF, 0x18AF, 0x18CF, 0x18CF,
    0x3A43, 0x3A83, 0x42A4, 0x42A4, 0x42C4, 0x42C4, 0x4AC5, 0x42A5, 0x42A5, 0x3A67, 0x3A48, 0x31EA, 0x29AB, 0x214B, 0x192B, 0x18EB,
    0x18CB, 0x10CB, 0x10AC, 0x10AC, 0x10AC, 0x10AD, 0x10AD, 0x10AD, 0x10AE, 0x10AE, 0x10AE, 0x10CE, 0x10CF, 0x10CF, 0x18CF, 0x18D0,
    0x3A83, 0x3AA4, 0x42C4, 0x42E4, 0x42E4, 0x4305, 0x4B05, 0x4B05, 0x4306, 0x42E6, 0x3AC8, 0x328A, 0x2A4B, 0x29EB, 0x218B, 0x194B,
    0x192B, 0x18EC, 0x10EC, 0x10CC, 0x10CD, 0x10CD, 0x10CD, 0x10CD, 0x10CE, 0x10CE, 0x10CE, 0x10CF, 0x10CF, 0x18CF, 0x18CF, 0x18F0,
    0x3AC4, 0x42E4, 0x42E4, 0x4304, 0x4325, 0x4345, 0x4B45, 0x4B46, 0x4B66, 0x4346, 0x3B27, 0x3309, 0x32CB, 0x2A6B, 0x2A2C, 0x21CC,
    0x198C, 0x194C, 0x190C, 0x110D, 0x10ED, 0x10ED, 0x10ED, 0x10EE, 0x10EE, 0x10EE, 0x10EE, 0x10EF, 0x10EF, 0x18EF, 0x18EF, 0x18F0,
    0x3B04, 0x4304, 0x4324, 0x4345, 0x4345, 0x4365, 0x4B86, 0x4B86, 0x4BA6, 0x43A6, 0x3B87, 0x3B68, 0x3B4A, 0x330C, 0x32CD, 0x2A6D,
    0x220D, 0x21AD, 0x196D, 0x194D, 0x192D, 0x110D, 0x110D, 0x10EE, 0x10EE, 0x10EE, 0x10EE, 0x18EF, 0x18EF, 0x18EF, 0x190F, 0x1910,
    0x4324, 0x4344, 0x4345, 0x4365, 0x4385, 0x4385, 0x43A6, 0x43C6, 0x43C6, 0x43E7, 0x3BE7, 0x3BC8, 0x3BC9, 0x3B8B, 0x3B4D, 0x32ED,
    0x2AAD, 0x222D, 0x21ED, 0x198D, 0x196D, 0x194E, 0x192E, 0x192E, 0x190E, 0x190E, 0x190F, 0x190F, 0x190F, 0x190F, 0x1910, 0x1910,
    0x4364, 0x4365, 0x4385, 0x4385, 0x43A5, 0x43C6, 0x43E6, 0x43E6, 0x4407, 0x4407, 0x3C27, 0x3C28, 0x3C09, 0x3BEB, 0x3BCC, 0x3B8E,
    0x334E, 0x2AEE, 0x2A8E, 0x222E, 0x21CE, 0x19AE, 0x196E, 0x196E, 0x194E, 0x192F, 0x192F, 0x192F, 0x192F, 0x192F, 0x1930, 0x1930,
    0x43A5, 0x43A5, 0x43A5, 0x43C5, 0x43E6, 0x43E6, 0x4406, 0x4427, 0x4427, 0x4447, 0x3C48, 0x3C68, 0x3C49, 0x3C4B, 0x442C, 0x440E,
    0x43CF, 0x3B8F, 0x330F, 0x2AAF, 0x226F, 0x220F, 0x21EF, 0x19AF, 0x198F, 0x196F, 0x196F, 0x194F, 0x194F, 0x1950, 0x1950, 0x1950,
    0x43E5, 0x43E5, 0x43E6, 0x43E6, 0x4406, 0x4426, 0x4427, 0x4447, 0x4447, 0x3C68, 0x3C88, 0x4489, 0x448A, 0x446B, 0x446C, 0x446E,
    0x444F, 0x4410, 0x3BD0, 0x3370, 0x3310, 0x2AAF, 0x226F, 0x220F, 0x21EF, 0x19AF, 0x198F, 0x198F, 0x1970, 0x1970, 0x2170, 0x2170,
    0x4406, 0x4406, 0x4426, 0x4426, 0x4426, 0x4447, 0x4447, 0x4467, 0x3C88, 0x3C88, 0x3CA9, 0x44AA, 0x44AB, 0x44AC, 0x44AD, 0x4C8E,
    0x4C8F, 0x4C90, 0x4C51, 0x4411, 0x3BB1, 0x3350, 0x2AF0, 0x2AB0, 0x2250, 0x2210, 0x21F0, 0x21D0, 0x21B0, 0x21B0, 0x21B0, 0x21B1,
    0x4446, 0x4446, 0x4446, 0x4447, 0x4467, 0x4467, 0x4487, 0x3C88, 0x3CA8, 0x44A9, 0x44CA, 0x44CB, 0x44CC, 0x44CC, 0x4CCD, 0x4CCE,
    0x4CCF, 0x54D1, 0x4CB1, 0x4C92, 0x4451, 0x43F1, 0x3B91, 0x3331, 0x2AF0, 0x2A90, 0x2250, 0x2230, 0x2210, 0x21F0, 0x21F1, 0x21F1,
    0x4466, 0x4467, 0x4467, 0x4467, 0x4487, 0x4487, 0x44A8, 0x44A8, 0x44C9, 0x44CA, 0x44EB, 0x44EB, 0x4CEC, 0x4CED, 0x4CEE, 0x4CEF,
    0x54F0, 0x54F1, 0x54F2, 0x54D2, 0x54B2, 0x4C72, 0x4432, 0x3BD1, 0x3B71, 0x3331, 0x2AD1, 0x2A91, 0x2A71, 0x2A51, 0x2A51, 0x2A51,
    0x4487, 0x4487, 0x4487, 0x4487, 0x44A7, 0x44A8, 0x3CC8, 0x44C9, 0x44EA, 0x44EA, 0x44EB, 0x4D0C, 0x4D0D, 0x4D0D, 0x4D0E, 0x4D0F,
    0x5510, 0x5531, 0x5D32, 0x5D13, 0x5D13, 0x54D3, 0x4C93, 0x4C52, 0x4412, 0x3BB2, 0x3B71, 0x3311, 0x32F1, 0x2AB1, 0x32B1, 0x32B2,
    0x44A7, 0x44A7, 0x44A7, 0x44C8, 0x44C8, 0x44C8, 0x44E9, 0x44E9, 0x450A, 0x450B, 0x4D0B, 0x4D0C, 0x4D2D, 0x4D2E, 0x4D2E, 0x552F,
    0x5530, 0x5D51, 0x5D52, 0x6553, 0x5D33, 0x5D13, 0x54F3, 0x54D3, 0x4C93, 0x4432, 0x43F2, 0x3BB2, 0x3B72, 0x3332, 0x3B32, 0x3B12,
    0x44C7, 0x44C8, 0x44C8, 0x44E8, 0x44E8, 0x44E9, 0x4509, 0x450A, 0x452A, 0x4D2B, 0x4D2C, 0x4D2D, 0x4D2D, 0x4D2E, 0x552F, 0x5550,
    0x5551, 0x5D52, 0x6552, 0x6D73, 0x6554, 0x6554, 0x5D34, 0x5D14, 0x54F4, 0x54B3, 0x4C73, 0x4433, 0x43F3, 0x43B2, 0x43B2, 0x4393,
    0x44E8, 0x44E8, 0x44E8, 0x4508, 0x4509, 0x4509, 0x452A, 0x452A, 0x4D2B, 0x4D4B, 0x4D4C, 0x4D4D, 0x4D4D, 0x554E, 0x554F, 0x5550,
    0x5D51, 0x6572, 0x6573, 0x6D73, 0x6D74, 0x6D74, 0x6554, 0x5D54, 0x5D34, 0x5514, 0x54D4, 0x5493, 0x4C73, 0x4C33, 0x4C13, 0x43F3,
    0x4508, 0x4528, 0x4528, 0x4529, 0x4529, 0x4529, 0x454A, 0x4D4A, 0x4D4B, 0x4D4C, 0x4D4C, 0x4D4D, 0x554E, 0x554F, 0x554F, 0x5570,
    0x5D71, 0x6572, 0x6D93, 0x7594, 0x7594, 0x6D94, 0x6D74, 0x6574, 0x6555, 0x5D55, 0x5D34, 0x54F4, 0x54D4, 0x54B4, 0x5494, 0x5474,
    0x4548, 0x4548, 0x4548, 0x4549, 0x4549, 0x454A, 0x4D4A, 0x4D4B, 0x4D6B, 0x4D6C, 0x4D6D, 0x556D, 0x556E, 0x556F, 0x5570, 0x5D71,
    0x5D71, 0x6592, 0x6D93, 0x7594, 0x7594, 0x7594, 0x6D95, 0x6D95, 0x6575, 0x6575, 0x5D55, 0x5D35, 0x5D14, 0x54F4, 0x54D4, 0x54B4,
    0x4548, 0x4568, 0x4569, 0x4569, 0x4569, 0x4D6A, 0x4D6A, 0x4D6B, 0x4D6C, 0x4D6C, 0x556D, 0x556E, 0x556F, 0x556F, 0x5D90, 0x5D91,
    0x6592, 0x6D92, 0x6D93, 0x75B4, 0x7DB4, 0x7DB4, 0x75B5, 0x7595, 0x6D95, 0x6595, 0x6575, 0x6575, 0x5D55, 0x5D35, 0x5D15, 0x5D15,
    0x4D68, 0x4D69, 0x4D69, 0x4D69, 0x4D6A, 0x4D8A, 0x4D8B, 0x4D8B, 0x4D8C, 0x558D, 0x558D, 0x558E, 0x558F, 0x5590, 0x5D90, 0x6591,
    0x65B2, 0x6DB3, 0x75B3, 0x75B4, 0x7DB4, 0x7DB5, 0x7DB5, 0x75B5, 0x75B5, 0x6D95, 0x6D95, 0x6595, 0x6575, 0x6555, 0x5D55, 0x5D35,
    0x4D89, 0x4D89, 0x4D89, 0x4D89, 0x4D8A, 0x4D8A, 0x4D8B, 0x4D8B, 0x558C, 0x558D, 0x558E, 0x558E, 0x558F, 0x5D90, 0x5DB1, 0x65B2,
    0x6DB2, 0x6DB3, 0x75B3, 0x75B4, 0x7DB4, 0x7DD5, 0x7DD5, 0x7DB5, 0x75B5, 0x75B5, 0x6DB5, 0x6DB6, 0x6596, 0x6596, 0x6576, 0x5D55,
    0x55A9, 0x55A9, 0x55A9, 0x4DA9, 0x4DAA, 0x4DAA, 0x55AB, 0x55AC, 0x55AD, 0x558D, 0x558E, 0x55AF, 0x5DB0, 0x5DB0, 0x65B1, 0x65B2,
    0x6DB2, 0x75D3, 0x75D4, 0x7DD4, 0x7DD4, 0x7DD5, 0x7DD5, 0x7DD5, 0x7DD5, 0x75D6, 0x75D6, 0x6DB6, 0x6DB6, 0x6DB6, 0x6596, 0x6596,
    0x55A9, 0x55A9, 0x55A9, 0x55C9, 0x55CA, 0x55AA, 0x55AB, 0x55AC, 0x55AD, 0x55AD, 0x55AE, 0x55AF, 0x5DB0, 0x65B1, 0x65D1, 0x6DD2,
    0x6DD3, 0x75D3, 0x7DD4, 0x7DD4, 0x7DD4, 0x7DD5, 0x7DD5, 0x7DD5, 0x7DD5, 0x7DD6, 0x7DD6, 0x75D6, 0x75D6, 0x6DD6, 0x6DB6, 0x65B6,
    0x3041, 0x2841, 0x2841, 0x2842, 0x2842, 0x2842, 0x2843, 0x2843, 0x2843, 0x2044, 0x2044, 0x2045, 0x2045, 0x2846, 0x2846, 0x2847,
    0x2848, 0x2848, 0x2849, 0x286A, 0x286A, 0x286B, 0x286C, 0x306C, 0x306D, 0x306D, 0x306D, 0x286E, 0x286E, 0x286E, 0x206E, 0x206F,
    0x3081, 0x3061, 0x3061, 0x3062, 0x3062, 0x2842, 0x2843, 0x2843, 0x2844, 0x2844, 0x2845, 0x2845, 0x2846, 0x2846, 0x2847, 0x2868,
    0x2868, 0x2869, 0x2869, 0x286A, 0x286B, 0x286B, 0x286C, 0x286C, 0x286D, 0x286D, 0x286E, 0x286E, 0x286E, 0x206E, 0x206E, 0x206F,
    0x30A1, 0x3081, 0x3861, 0x3062, 0x3062, 0x3062, 0x3063, 0x3063, 0x3064, 0x2864, 0x2865, 0x2866, 0x2866, 0x2867, 0x2867, 0x2868,
    0x2868, 0x2869, 0x286A, 0x286A, 0x286B, 0x286C, 0x286C, 0x286D, 0x286D, 0x286D, 0x286E, 0x206E, 0x206E, 0x206E, 0x206F, 0x208F,
    0x30E1, 0x38C2, 0x38A2, 0x3882, 0x3882, 0x3062, 0x3063, 0x3063, 0x3064, 0x3065, 0x3065, 0x3066, 0x3067, 0x3067, 0x3068, 0x2868,
    0x2869, 0x2869, 0x286A, 0x286B, 0x286B, 0x286C, 0x286C, 0x286D, 0x286D, 0x206D, 0x206E, 0x206E, 0x208E, 0x208E, 0x208F, 0x208F,
    0x3902, 0x3902, 0x38E2, 0x38C2, 0x3882, 0x3882, 0x3883, 0x3884, 0x3084, 0x3085, 0x3066, 0x3066, 0x3067, 0x3068, 0x3068, 0x2869,
    0x2869, 0x286A, 0x286A, 0x288B, 0x288C, 0x288C, 0x208C, 0x208D, 0x208D, 0x208D, 0x208E, 0x208E, 0x208E, 0x208E, 0x208F, 0x208F,
    0x3942, 0x3942, 0x4122, 0x4102, 0x40E2, 0x40C2, 0x38A3, 0x38A4, 0x3884, 0x3885, 0x3886, 0x3087, 0x3087, 0x3088, 0x2888, 0x2889,
    0x288A, 0x288A, 0x288B, 0x208B, 0x208C, 0x208C, 0x208D, 0x208D, 0x208D, 0x208D, 0x208E, 0x208E, 0x208E, 0x208E, 0x208F, 0x208F,
    0x3962, 0x4182, 0x4182, 0x4162, 0x4142, 0x4102, 0x40E3, 0x40C4, 0x38C4, 0x38A5, 0x38A6, 0x30A7, 0x3088, 0x3088, 0x2889, 0x2889,
    0x288A, 0x208A, 0x208B, 0x208B, 0x208C, 0x208C, 0x208D, 0x188D, 0x188D, 0x188D, 0x188E, 0x188E, 0x208E, 0x208F, 0x20AF, 0x20AF,
    0x39A2, 0x41C2, 0x41C3, 0x41C3, 0x49A3, 0x4183, 0x4163, 0x4924, 0x4104, 0x40E6, 0x40E7, 0x38C8, 0x30A8, 0x28A8, 0x2889, 0x208A,
    0x208A, 0x208B, 0x208B, 0x188C, 0x188C, 0x188C, 0x188D, 0x188D, 0x188D, 0x188E, 0x188E, 0x18AE, 0x18AE, 0x20AF, 0x20AF, 0x20AF,
    0x41E3, 0x4203, 0x4203, 0x4A03, 0x4A03, 0x4A04, 0x49E4, 0x49A4, 0x4965, 0x4946, 0x4128, 0x3908, 0x30E9, 0x28C9, 0x20A9, 0x20AA,
    0x208A, 0x188B, 0x188B, 0x188C, 0x188C, 0x188C, 0x188D, 0x188D, 0x188D, 0x18AE, 0x18AE, 0x18AE, 0x18AF, 0x18AF, 0x18AF, 0x18AF,
    0x4223, 0x4243, 0x4263, 0x4A64, 0x4A84, 0x4A64, 0x4A44, 0x4A25, 0x4A05, 0x49E7, 0x41A8, 0x3969, 0x312A, 0x290A, 0x20CA, 0x20CA,
    0x18AB, 0x18AB, 0x18AB, 0x18AC, 0x18AC, 0x10AD, 0x10AD, 0x10AD, 0x18AD, 0x18AE, 0x18AE, 0x18AE, 0x18AF, 0x18AF, 0x18CF, 0x18CF,
    0x4263, 0x4283, 0x42A4, 0x4AA4, 0x4AC4, 0x4AC5, 0x4AC5, 0x4AA5, 0x4A86, 0x4A67, 0x4228, 0x39EA, 0x31AB, 0x294B, 0x212B, 0x20EB,
    0x18CB, 0x18CB, 0x18AC, 0x10AC, 0x10AC, 0x10AD, 0x10AD, 0x10AD, 0x10AE, 0x10AE, 0x10AE, 0x18AE, 0x18CF, 0x18CF, 0x18CF, 0x18D0,
    0x4283, 0x42A4, 0x42C4, 0x4AE4, 0x4B05, 0x4B05, 0x5305, 0x5305, 0x5306, 0x4AC7, 0x42A8, 0x3A8A, 0x3A4B, 0x31EB, 0x298C, 0x214C,
    0x190C, 0x18EC, 0x18CC, 0x10CC, 0x10CD, 0x10CD, 0x10CD, 0x10CD, 0x10CE, 0x10CE, 0x10CE, 0x18CF, 0x18CF, 0x18CF, 0x18CF, 0x18F0,
    0x42C4, 0x42E4, 0x4304, 0x4B25, 0x4B45, 0x4B45, 0x5365, 0x5366, 0x5366, 0x4B46, 0x4327, 0x4309, 0x3ACB, 0x328C, 0x2A2C, 0x21CC,
    0x216C, 0x192C, 0x190C, 0x18ED, 0x10ED, 0x10CD, 0x10CD, 0x10CE, 0x10CE, 0x10CE, 0x10CE, 0x18EF, 0x18EF, 0x18EF, 0x18EF, 0x18F0,
    0x4304, 0x4304, 0x4324, 0x4B45, 0x4B65, 0x4B65, 0x5386, 0x53A6, 0x53A6, 0x4BA7, 0x4BA7, 0x4388, 0x4369, 0x3B0C, 0x32CD, 0x2A6D,
    0x2A0D, 0x21AD, 0x196D, 0x192D, 0x190D, 0x190D, 0x10ED, 0x10EE, 0x10EE, 0x18EE, 0x18EF, 0x18EF, 0x18EF, 0x18EF, 0x18F0, 0x1910,
    0x4324, 0x4344, 0x4365, 0x4B65, 0x4B85, 0x4BA6, 0x4BC6, 0x53C6, 0x53E7, 0x4BE7, 0x4BE7, 0x43E8, 0x43C9, 0x43AB, 0x3B6D, 0x330D,
    0x32AE, 0x2A2E, 0x21CD, 0x198D, 0x194D, 0x192E, 0x192E, 0x190E, 0x190E, 0x190E, 0x190F, 0x190F, 0x190F, 0x190F, 0x1910, 0x1910,
    0x4365, 0x4385, 0x4385, 0x4BA5, 0x4BC6, 0x4BC6, 0x4BE6, 0x4BE7, 0x4C07, 0x4C27, 0x4427, 0x4428, 0x4429, 0x440A, 0x43CC, 0x43AE,
    0x3B4F, 0x32CE, 0x2A6E, 0x220E, 0x21AE, 0x198E, 0x196E, 0x194E, 0x192E, 0x192F, 0x192F, 0x192F, 0x192F, 0x192F, 0x1930, 0x2130,
    0x43A5, 0x43A5, 0x43C5, 0x4BC6, 0x4BE6, 0x4C06, 0x4C07, 0x4C27, 0x4C27, 0x4C47, 0x4467, 0x4468, 0x4469, 0x444A, 0x442C, 0x440E,
    0x43CF, 0x3B8F, 0x330F, 0x2AAF, 0x224F, 0x21EF, 0x21AE, 0x198F, 0x196F, 0x194F, 0x194F, 0x194F, 0x194F, 0x1950, 0x2150, 0x2150,
    0x43E5, 0x43E5, 0x43E6, 0x4406, 0x4C06, 0x4C27, 0x4C27, 0x4C47, 0x4467, 0x4487, 0x4488, 0x44A9, 0x44AA, 0x448B, 0x448C, 0x446E,
    0x444F, 0x4410, 0x43D0, 0x3B50, 0x32F0, 0x2A8F, 0x222F, 0x21EF, 0x21CF, 0x198F, 0x198F, 0x196F, 0x1970, 0x2170, 0x2170, 0x2170,
    0x4406, 0x4426, 0x4426, 0x4426, 0x4C27, 0x4C47, 0x4C67, 0x4467, 0x4487, 0x44A8, 0x44A9, 0x44CA, 0x44CB, 0x44CC, 0x4CAD, 0x4CAE,
    0x4C8F, 0x4C90, 0x4C51, 0x43F1, 0x3B91, 0x3330, 0x2AD0, 0x2A70, 0x2230, 0x21F0, 0x21D0, 0x21B0, 0x21B0, 0x21B0, 0x21B0, 0x21B1,
    0x4446, 0x4446, 0x4446, 0x4447, 0x4467, 0x4467, 0x4487, 0x44A8, 0x44A8, 0x44C9, 0x44C9, 0x44EB, 0x4CEC, 0x4CEC, 0x4CED, 0x4CCE,
    0x4CCF, 0x54D0, 0x54B1, 0x4C92, 0x4C32, 0x43F1, 0x3B71, 0x3311, 0x2AB0, 0x2A70, 0x2230, 0x2210, 0x21F0, 0x21F0, 0x29F1, 0x2A11,
    0x4467, 0x4467, 0x4467, 0x4487, 0x4487, 0x4487, 0x44A8, 0x44C8, 0x44C8, 0x44E9, 0x44EA, 0x4D0B, 0x4D0C, 0x4D0D, 0x4D0E, 0x4CEE,
    0x54EF, 0x5511, 0x54F2, 0x54F2, 0x54B2, 0x4C72, 0x4412, 0x3BB1, 0x3B51, 0x32F1, 0x2AB1, 0x2A91, 0x2A71, 0x2A51, 0x2A51, 0x3271,
    0x4487, 0x4487, 0x44A7, 0x44A7, 0x44A7, 0x44C8, 0x44C8, 0x44E8, 0x44E9, 0x450A, 0x4D0B, 0x4D0C, 0x4D2D, 0x4D2D, 0x552E, 0x550F,
    0x5510, 0x5D31, 0x5D32, 0x5D33, 0x5D13, 0x54F3, 0x5493, 0x4C52, 0x43F2, 0x3B92, 0x3B51, 0x3311, 0x32D1, 0x32B1, 0x32B2, 0x32D2,
    0x44A7, 0x44C7, 0x44C7, 0x44C8, 0x44C8, 0x44E8, 0x44E8, 0x4509, 0x450A, 0x4D2B, 0x4D2B, 0x4D2C, 0x552D, 0x552E, 0x552E, 0x552F,
    0x5530, 0x5D51, 0x6552, 0x6553, 0x6533, 0x5D34, 0x5CF3, 0x54D3, 0x4C73, 0x4432, 0x43D2, 0x3B92, 0x3B72, 0x3B32, 0x3B32, 0x3B32,
    0x44C8, 0x44E8, 0x44E8, 0x44E8, 0x44E8, 0x4508, 0x4509, 0x4529, 0x452A, 0x4D4B, 0x4D4C, 0x554D, 0x554D, 0x554E, 0x554F, 0x5550,
    0x5D50, 0x5D51, 0x6552, 0x6D73, 0x6D54, 0x6554, 0x6554, 0x5D34, 0x54F4, 0x54B3, 0x4C73, 0x4C33, 0x43F3, 0x43D3, 0x43B3, 0x43B3,
    0x4508, 0x4508, 0x4508, 0x4508, 0x4508, 0x4529, 0x4529, 0x4D4A, 0x4D4B, 0x4D4B, 0x554C, 0x554D, 0x554E, 0x554E, 0x554F, 0x5550,
    0x5D51, 0x6572, 0x6D72, 0x7573, 0x7574, 0x6D74, 0x6D74, 0x6554, 0x5D34, 0x5D14, 0x54D4, 0x5494, 0x4C73, 0x4C33, 0x4C33, 0x4C14,
    0x4528, 0x4528, 0x4528, 0x4528, 0x4529, 0x4549, 0x454A, 0x4D4A, 0x4D6B, 0x4D6C, 0x556C, 0x556D, 0x556E, 0x556F, 0x556F, 0x5D70,
    0x5D71, 0x6572, 0x6D73, 0x7593, 0x7594, 0x7594, 0x6D75, 0x6D75, 0x6575, 0x5D55, 0x5D34, 0x5CF4, 0x54D4, 0x54B4, 0x5494, 0x5494,
    0x4D48, 0x4548, 0x4548, 0x4549, 0x4549, 0x4D69, 0x4D6A, 0x4D6B, 0x4D6B, 0x556C, 0x556D, 0x556D, 0x556E, 0x556F, 0x5D70, 0x5D71,
    0x6571, 0x6592, 0x6D93, 0x7594, 0x7D94, 0x7D94, 0x7595, 0x6D95, 0x6D95, 0x6575, 0x6555, 0x5D35, 0x5D15, 0x5CF4, 0x5CF5, 0x5CD5,
    0x4D68, 0x4D68, 0x4568, 0x4D69, 0x4D69, 0x4D6A, 0x4D8A, 0x558B, 0x558C, 0x558C, 0x558D, 0x558E, 0x558F, 0x558F, 0x5D90, 0x5D91,
    0x6592, 0x6D92, 0x6D93, 0x75B4, 0x7DB4, 0x7DB5, 0x7DB5, 0x75B5, 0x7595, 0x6D95, 0x6595, 0x6575, 0x6555, 0x5D35, 0x5D35, 0x5D15,
    0x5589, 0x4D89, 0x4D89, 0x4D89, 0x4D89, 0x4D8A, 0x558A, 0x558B, 0x558C, 0x558D, 0x558D, 0x558E, 0x558F, 0x5D90, 0x5D90, 0x6591,
    0x6DB2, 0x6DB3, 0x75B3, 0x7DB4, 0x7DB4, 0x7DB5, 0x7DB5, 0x7DB5, 0x75B5, 0x75B5, 0x6D95, 0x6D96, 0x6575, 0x6575, 0x6555, 0x5D55,
    0x5D89, 0x55A9, 0x55A9, 0x55A9, 0x55AA, 0x55AA, 0x55AB, 0x55AB, 0x55AC, 0x55AD, 0x558E, 0x558E, 0x5D8F, 0x5DB0, 0x65B1, 0x65B2,
    0x6DB2, 0x75B3, 0x75B3, 0x7DB4, 0x7DD4, 0x85D5, 0x85D5, 0x85D5, 0x7DB5, 0x7DB6, 0x75B6, 0x6DB6, 0x6DB6, 0x6D96, 0x6576, 0x6576,
    0x5DA9, 0x5DA9, 0x5DA9, 0x55A9, 0x55AA, 0x55AA, 0x55AB, 0x55AC, 0x55AC, 0x55AD, 0x55AE, 0x5DAF, 0x5DB0, 0x65B0, 0x65B1, 0x6DB2,
    0x75B2, 0x75D3, 0x7DD4, 0x7DD4, 0x85D4, 0x85D5, 0x85D5, 0x85D5, 0x85D5, 0x7DD6, 0x7DD6, 0x75D6, 0x75B6, 0x6DB6, 0x6DB6, 0x6596,
    0x65A9, 0x65C9, 0x5DC9, 0x5DCA, 0x5DCA, 0x5DCA, 0x55CB, 0x55AC, 0x55AD, 0x55AD, 0x55AE, 0x5DAF, 0x5DB0, 0x65B1, 0x6DD1, 0x6DD2,
    0x75D3, 0x7DD3, 0x7DD4, 0x7DD4, 0x85D4, 0x85D5, 0x85D5, 0x85D5, 0x85D6, 0x85D6, 0x7DD6, 0x7DD6, 0x75D6, 0x75D6, 0x6DB6, 0x6DB6,
    0x3061, 0x3061, 0x3041, 0x3042, 0x3042, 0x3042, 0x2843, 0x2843, 0x2844, 0x2844, 0x2844, 0x2845, 0x2845, 0x2846, 0x2847, 0x3047,
    0x3048, 0x3068, 0x3069, 0x306A, 0x306A, 0x306B, 0x306C, 0x386C, 0x386D, 0x388D, 0x388E, 0x308E, 0x306E, 0x286E, 0x286F, 0x286F,
    0x3881, 0x3861, 0x3861, 0x3062, 0x3062, 0x3062, 0x3063, 0x3063, 0x3064, 0x3044, 0x3045, 0x3045, 0x3046, 0x3066, 0x3067, 0x3068,
    0x3068, 0x3069, 0x3069, 0x306A, 0x306B, 0x306B, 0x306C, 0x308D, 0x308D, 0x308D, 0x308E, 0x308E, 0x308E, 0x286E, 0x286F, 0x286F,
    0x38A1, 0x3881, 0x3861, 0x3862, 0x3862, 0x3862, 0x3063, 0x3063, 0x3064, 0x3064, 0x3065, 0x3066, 0x3066, 0x3067, 0x3067, 0x3068,
    0x3068, 0x3069, 0x306A, 0x306A, 0x306B, 0x308C, 0x308C, 0x308D, 0x308D, 0x308D, 0x308E, 0x288E, 0x288E, 0x288E, 0x288F, 0x288F,
    0x38E2, 0x38C2, 0x38A2, 0x3882, 0x3882, 0x3882, 0x3863, 0x3863, 0x3864, 0x3865, 0x3865, 0x3866, 0x3867, 0x3867, 0x3868, 0x3068,
    0x3069, 0x306A, 0x308A, 0x308B, 0x308B, 0x308C, 0x308C, 0x308D, 0x308D, 0x288D, 0x288E, 0x288E, 0x288E, 0x288E, 0x288F, 0x288F,
    0x3902, 0x4102, 0x40E2, 0x40C2, 0x4082, 0x4082, 0x3883, 0x3883, 0x3884, 0x3885, 0x3886, 0x3886, 0x3887, 0x3888, 0x3888, 0x3889,
    0x3089, 0x308A, 0x308B, 0x308B, 0x308C, 0x308C, 0x308D, 0x288D, 0x288D, 0x288D, 0x288E, 0x288E, 0x288E, 0x288E, 0x288F, 0x288F,
    0x4142, 0x4142, 0x4142, 0x4102, 0x40E2, 0x40C2, 0x40A3, 0x40A3, 0x4084, 0x4085, 0x3886, 0x3887, 0x3887, 0x3888, 0x3888, 0x3889,
    0x308A, 0x308A, 0x308B, 0x308B, 0x308C, 0x288C, 0x288D, 0x288D, 0x288D, 0x208E, 0x208E, 0x208E, 0x208E, 0x288F, 0x288F, 0x28AF,
    0x4182, 0x4182, 0x4182, 0x4162, 0x4943, 0x4902, 0x40E3, 0x40C3, 0x40A4, 0x40A5, 0x40A6, 0x40A7, 0x38A8, 0x38A8, 0x3889, 0x3089,
    0x308A, 0x308B, 0x308B, 0x288C, 0x288C, 0x288C, 0x288D, 0x208D, 0x208D, 0x208E, 0x208E, 0x208E, 0x208E, 0x20AF, 0x20AF, 0x28AF,
    0x41A2, 0x41C3, 0x49C3, 0x49C3, 0x49A3, 0x4983, 0x4943, 0x4924, 0x4904, 0x48E5, 0x40E6, 0x40C7, 0x40C8, 0x38A9, 0x38A9, 0x30AA,
    0x308A, 0x288B, 0x288B, 0x288C, 0x208C, 0x208D, 0x208D, 0x208D, 0x208D, 0x208E, 0x208E, 0x20AE, 0x20AE, 0x20AF, 0x20AF, 0x20AF,
    0x41E3, 0x4203, 0x4A03, 0x4A03, 0x5203, 0x51E3, 0x51C4, 0x5184, 0x5144, 0x4926, 0x4927, 0x4108, 0x40E9, 0x38C9, 0x30C9, 0x30AA,
    0x28AA, 0x28AB, 0x20AB, 0x208C, 0x208C, 0x208D, 0x208D, 0x208D, 0x20AD, 0x20AE, 0x20AE, 0x20AE, 0x20AF, 0x20AF, 0x20AF, 0x20AF,
    0x4223, 0x4A43, 0x4A43, 0x4A64, 0x5264, 0x5264, 0x5244, 0x5204, 0x51E5, 0x51C6, 0x5187, 0x4969, 0x414A, 0x390A, 0x30EA, 0x28CA,
    0x28AB, 0x20AB, 0x20AC, 0x20AC, 0x18AC, 0x18AD, 0x18AD, 0x18AD, 0x18AE, 0x18AE, 0x18AE, 0x18AE, 0x20AF, 0x20CF, 0x20CF, 0x20CF,
    0x4263, 0x4A83, 0x4AA4, 0x52A4, 0x52C4, 0x52A5, 0x52A5, 0x52A5, 0x5266, 0x5246, 0x5208, 0x51E9, 0x49AB, 0x396B, 0x312B, 0x290B,
    0x20CB, 0x20CB, 0x18AC, 0x18AC, 0x18AC, 0x18AD, 0x18AD, 0x18AD, 0x18AE, 0x18AE, 0x18AE, 0x18CF, 0x18CF, 0x18CF, 0x18CF, 0x20D0,
    0x42A3, 0x4AA4, 0x4AC4, 0x52E4, 0x5305, 0x5305, 0x5B05, 0x5B06, 0x5AE6, 0x52C7, 0x52A8, 0x4A8A, 0x4A4B, 0x41EC, 0x31AC, 0x294C,
    0x210C, 0x20EC, 0x18CC, 0x18CC, 0x18CD, 0x18CD, 0x18CD, 0x18CD, 0x18CE, 0x18CE, 0x18CE, 0x18CF, 0x18CF, 0x18CF, 0x18CF, 0x20F0,
    0x4AC4, 0x4AE4, 0x4B04, 0x5325, 0x5345, 0x5345, 0x5B66, 0x5B66, 0x5B46, 0x5B47, 0x5328, 0x4B09, 0x4ACB, 0x428C, 0x3A2D, 0x31CD,
    0x296D, 0x212D, 0x190D, 0x18ED, 0x18CD, 0x18CD, 0x18CD, 0x18CE, 0x18CE, 0x18CE, 0x18CE, 0x18CF, 0x18EF, 0x18EF, 0x18F0, 0x20F0,
    0x4B04, 0x4B24, 0x4B45, 0x5365, 0x5365, 0x5386, 0x5BA6, 0x5BA6, 0x5BA7, 0x5BA7, 0x5B88, 0x5369, 0x4B4A, 0x430C, 0x3ACD, 0x326E,
    0x2A0E, 0x21AD, 0x216D, 0x192D, 0x190D, 0x18ED, 0x18ED, 0x18EE, 0x18EE, 0x18EE, 0x18EF, 0x18EF, 0x18EF, 0x18EF, 0x18F0, 0x2110,
    0x4B44, 0x4B45, 0x4B65, 0x4B85, 0x53A6, 0x53A6, 0x53C6, 0x5BC6, 0x5BE7, 0x5BE7, 0x5BE7, 0x53E8, 0x4BC9, 0x4BAB, 0x436D, 0x3B0E,
    0x32AE, 0x2A2E, 0x21CE, 0x218D, 0x194D, 0x192E, 0x190E, 0x190E, 0x190E, 0x190E, 0x190F, 0x190F, 0x190F, 0x1910, 0x2110, 0x2110,
    0x4B65, 0x4B85, 0x4B85, 0x4BA5, 0x53C6, 0x53E6, 0x53E6, 0x5C07, 0x5C07, 0x5C27, 0x5C28, 0x5428, 0x4C29, 0x4C0B, 0x4BEC, 0x43AE,
    0x3B4F, 0x32CF, 0x2A6E, 0x21EE, 0x21AE, 0x196E, 0x194E, 0x192E, 0x192E, 0x192F, 0x192F, 0x190F, 0x192F, 0x1930, 0x2130, 0x2130,
    0x4BA5, 0x4BC5, 0x4BC5, 0x4BE6, 0x53E6, 0x5406, 0x5407, 0x5427, 0x5447, 0x5447, 0x5468, 0x4C68, 0x4C69, 0x4C6A, 0x4C4C, 0x4C2E,
    0x43EF, 0x438F, 0x3B0F, 0x328F, 0x2A2F, 0x21CE, 0x218E, 0x196E, 0x194F, 0x194F, 0x194F, 0x194F, 0x1950, 0x2150, 0x2150, 0x2151,
    0x4BE5, 0x4BE6, 0x4BE6, 0x4C06, 0x4C06, 0x5427, 0x5447, 0x5447, 0x5467, 0x5488, 0x5488, 0x4CA9, 0x4CAA, 0x4CAB, 0x548C, 0x4C6D,
    0x4C4F, 0x4C30, 0x43D0, 0x3B50, 0x32D0, 0x2A6F, 0x220F, 0x21CF, 0x21AF, 0x218F, 0x216F, 0x216F, 0x2170, 0x2170, 0x2170, 0x2171,
    0x4C26, 0x4C26, 0x4C26, 0x4C26, 0x4C47, 0x5447, 0x5467, 0x5467, 0x5488, 0x54A8, 0x4CC8, 0x4CC9, 0x4CCA, 0x54CC, 0x54CD, 0x54AE,
    0x54AF, 0x5490, 0x4C51, 0x43F1, 0x3B91, 0x3310, 0x2AB0, 0x2A50, 0x220F, 0x21CF, 0x21D0, 0x21B0, 0x21B0, 0x21B0, 0x29B1, 0x29B1,
    0x4C46, 0x4C46, 0x4C47, 0x4C67, 0x4C67, 0x4C67, 0x4C88, 0x4CA8, 0x4CA8, 0x4CC8, 0x4CE9, 0x4CEA, 0x54EB, 0x54EC, 0x54ED, 0x54EE,
    0x54EF, 0x54D0, 0x54B1, 0x5492, 0x4C32, 0x43D1, 0x3B51, 0x32F0, 0x2A90, 0x2A50, 0x2A30, 0x2210, 0x29F0, 0x29F1, 0x29F1, 0x3211,
    0x4C67, 0x4C87, 0x4C87, 0x4C87, 0x4C87, 0x4CA8, 0x4CA8, 0x4CC8, 0x4CE8, 0x4CE9, 0x4D0A, 0x550B, 0x550C, 0x550D, 0x5D0E, 0x550F,
    0x5D10, 0x5D11, 0x5CF1, 0x5CF2, 0x54B2, 0x4C72, 0x4412, 0x3B91, 0x3B31, 0x32D1, 0x32B1, 0x2A71, 0x2A71, 0x2A51, 0x3271, 0x3272,
    0x4CA7, 0x4CA7, 0x4CA7, 0x4CA7, 0x4CA8, 0x4CC8, 0x4CC8, 0x4CE8, 0x4D09, 0x4D0A, 0x552B, 0x552C, 0x5D2D, 0x5D2E, 0x5D2F, 0x5D2F,
    0x5D30, 0x5D31, 0x5D32, 0x6532, 0x5D13, 0x54F3, 0x5493, 0x4C52, 0x43F2, 0x3B92, 0x3B31, 0x32F1, 0x32D1, 0x32D2, 0x3AD2, 0x3AF2,
    0x4CC7, 0x4CC8, 0x4CC8, 0x4CC8, 0x4CC8, 0x4CE8, 0x4D08, 0x4D09, 0x4D29, 0x4D2A, 0x552B, 0x5D4C, 0x5D4D, 0x5D4E, 0x5D4F, 0x5D50,
    0x5D50, 0x5D51, 0x6552, 0x6D53, 0x6553, 0x6534, 0x5CF4, 0x54D3, 0x4C73, 0x4412, 0x43D2, 0x4392, 0x3B72, 0x3B52, 0x4353, 0x4353,
    0x4CE8, 0x4CE8, 0x4CE8, 0x4CE8, 0x4CE8, 0x4508, 0x4528, 0x4D29, 0x4D4A, 0x554B, 0x554C, 0x5D4D, 0x5D4E, 0x5D4E, 0x5D4F, 0x5D50,
    0x5D51, 0x6551, 0x6552, 0x6D73, 0x6D54, 0x6D54, 0x6554, 0x5D34, 0x5CF4, 0x54B3, 0x4C73, 0x4C33, 0x4BF3, 0x43D3, 0x4BD3, 0x4BD4,
    0x4D08, 0x4D08, 0x4D08, 0x4D08, 0x4528, 0x4D28, 0x4D49, 0x4D4A, 0x554B, 0x554B, 0x5D4C, 0x5D6D, 0x5D6E, 0x5D6F, 0x5D4F, 0x5D50,
    0x5D71, 0x6572, 0x6D72, 0x7573, 0x7574, 0x7574, 0x6D74, 0x6554, 0x6534, 0x5D14, 0x54D4, 0x5494, 0x5474, 0x4C54, 0x4C54, 0x5454,
    0x4D28, 0x4D28, 0x4D28, 0x4D48, 0x4548, 0x4D49, 0x4D49, 0x556A, 0x556B, 0x5D6C, 0x5D6D, 0x5D6D, 0x5D6E, 0x5D6F, 0x5D70, 0x5D70,
    0x6571, 0x6572, 0x6D73, 0x7593, 0x7D94, 0x7D94, 0x7595, 0x6D75, 0x6D75, 0x6555, 0x5D35, 0x5D14, 0x5CD4, 0x54B4, 0x54B4, 0x54B5,
    0x5548, 0x4D48, 0x4D48, 0x4D49, 0x4D69, 0x4D69, 0x556A, 0x556B, 0x5D8B, 0x5D8C, 0x5D8D, 0x5D6E, 0x5D6F, 0x5D6F, 0x5D70, 0x6571,
    0x6591, 0x6D92, 0x6D93, 0x7593, 0x7D94, 0x7D94, 0x7D95, 0x7595, 0x6D95, 0x6D75, 0x6555, 0x6555, 0x5D35, 0x5D15, 0x5CF5, 0x5CF5,
    0x5569, 0x5569, 0x5569, 0x4D89, 0x4D89, 0x558A, 0x558A, 0x5D8B, 0x5D8C, 0x5D8D, 0x5D8D, 0x5D8E, 0x5D8F, 0x5D90, 0x6590, 0x6591,
    0x6D92, 0x6D92, 0x7593, 0x7DB4, 0x7DB4, 0x85B5, 0x85B5, 0x7DB5, 0x7595, 0x7595, 0x6D95, 0x6575, 0x6555, 0x5D55, 0x5D35, 0x6535,
    0x5D89, 0x5D89, 0x5589, 0x5589, 0x558A, 0x5D8A, 0x5DAB, 0x5DAB, 0x5D8C, 0x5D8D, 0x5D8E, 0x5D8E, 0x5D8F, 0x6590, 0x6591, 0x6D91,
    0x6DB2, 0x75B3, 0x75B3, 0x7DB4, 0x85B4, 0x85B5, 0x85B5, 0x85B5, 0x7DB5, 0x7DB5, 0x75B6, 0x6D96, 0x6D96, 0x6576, 0x6556, 0x6556,
    0x65A9, 0x65A9, 0x5DA9, 0x5DAA, 0x5DAA, 0x5DAA, 0x5DAB, 0x5DAC, 0x5DAC, 0x5DAD, 0x5DAE, 0x5DAF, 0x65AF, 0x65B0, 0x6DB1, 0x6DB2,
    0x75B2, 0x75B3, 0x7DB3, 0x7DB4, 0x85D4, 0x85D5, 0x85D5, 0x85D5, 0x85D5, 0x7DD6, 0x7DB6, 0x75B6, 0x6DB6, 0x6DB6, 0x6D96, 0x6576,
    0x6DAA, 0x65AA, 0x65AA, 0x65AA, 0x65AA, 0x65AB, 0x65AB, 0x5DAC, 0x5DAD, 0x5DAD, 0x5DAE, 0x65AF, 0x65B0, 0x65B1, 0x6DB1, 0x75B2,
    0x75D3, 0x7DD3, 0x7DD4, 0x85D4, 0x85D4, 0x85D5, 0x8DD5, 0x8DD5, 0x85D6, 0x85D6, 0x85D6, 0x7DD6, 0x75D6, 0x75B6, 0x6DB6, 0x6D96,
    0x6DAA, 0x6DCA, 0x6DCA, 0x6DCA, 0x65CA, 0x65CB, 0x65CB, 0x5DCC, 0x5DCD, 0x5DAE, 0x5DAE, 0x65AF, 0x65B0, 0x6DD1, 0x6DD2, 0x75D2,
    0x7DD3, 0x7DD3, 0x85D4, 0x85D4, 0x85D5, 0x8DD5, 0x8DD5, 0x8DD5, 0x8DD6, 0x8DD6, 0x85D6, 0x85D6, 0x7DD6, 0x7DD6, 0x75D6, 0x6DB6,
    0x3861, 0x3861, 0x3861, 0x3062, 0x3062, 0x3043, 0x3043, 0x3043, 0x3044, 0x3044, 0x3044, 0x3045, 0x3045, 0x3046, 0x3047, 0x3067,
    0x3868, 0x3868, 0x3869, 0x386A, 0x386A, 0x386B, 0x386C, 0x388C, 0x408D, 0x408D, 0x408E, 0x388E, 0x388E, 0x308E, 0x308F, 0x308F,
    0x3881, 0x3881, 0x3861, 0x3862, 0x3862, 0x3862, 0x3863, 0x3863, 0x3064, 0x3064, 0x3065, 0x3065, 0x3066, 0x3866, 0x3867, 0x3868,
    0x3868, 0x3869, 0x3869, 0x386A, 0x386B, 0x388B, 0x388C, 0x388D, 0x388D, 0x388D, 0x388E, 0x388E, 0x308E, 0x308E, 0x308F, 0x308F,
    0x38A1, 0x4081, 0x4081, 0x4062, 0x3862, 0x3862, 0x3863, 0x3863, 0x3864, 0x3864, 0x3865, 0x3866, 0x3866, 0x3867, 0x3867, 0x3868,
    0x3869, 0x3869, 0x388A, 0x388A, 0x388B, 0x388C, 0x388C, 0x388D, 0x388D, 0x388E, 0x388E, 0x308E, 0x308E, 0x308E, 0x308F, 0x308F,
    0x40E2, 0x40C2, 0x40A2, 0x40A2, 0x4082, 0x4082, 0x4083, 0x4083, 0x3884, 0x3885, 0x3885, 0x3886, 0x4087, 0x4087, 0x4088, 0x4088,
    0x3889, 0x388A, 0x388A, 0x388B, 0x388B, 0x388C, 0x388D, 0x388D, 0x388D, 0x388E, 0x308E, 0x308E, 0x308E, 0x308F, 0x308F, 0x308F,
    0x4122, 0x4102, 0x40E2, 0x40C2, 0x40A2, 0x4082, 0x4083, 0x4083, 0x4084, 0x4085, 0x4085, 0x4086, 0x4087, 0x4088, 0x4088, 0x4089,
    0x4089, 0x408A, 0x388B, 0x388B, 0x388C, 0x388C, 0x388D, 0x388D, 0x308D, 0x308E, 0x308E, 0x308E, 0x308E, 0x308F, 0x308F, 0x30AF,
    0x4142, 0x4142, 0x4942, 0x4902, 0x48E2, 0x48C2, 0x40A3, 0x40A3, 0x40A4, 0x4085, 0x4086, 0x4086, 0x4087, 0x4088, 0x4088, 0x4089,
    0x408A, 0x408A, 0x388B, 0x388C, 0x388C, 0x388C, 0x308D, 0x308D, 0x308D, 0x308E, 0x288E, 0x288E, 0x288E, 0x28AF, 0x28AF, 0x30AF,
    0x4182, 0x4982, 0x4982, 0x4963, 0x4943, 0x4902, 0x48C3, 0x48C3, 0x48A4, 0x40A5, 0x40A6, 0x48A7, 0x48A7, 0x40A8, 0x40A9, 0x40A9,
    0x40AA, 0x38AB, 0x38AB, 0x38AC, 0x38AC, 0x30AD, 0x308D, 0x308D, 0x288D, 0x288E, 0x288E, 0x28AE, 0x28AE, 0x28AF, 0x28AF, 0x28AF,
    0x41A2, 0x49C3, 0x49C3, 0x49A3, 0x51A3, 0x5163, 0x5143, 0x4903, 0x48E4, 0x48E5, 0x48C6, 0x48C7, 0x48C8, 0x40C8, 0x40A9, 0x40AA,
    0x38AA, 0x38AB, 0x38AB, 0x30AC, 0x30AC, 0x28AD, 0x28AD, 0x28AD, 0x28AD, 0x28AE, 0x28AE, 0x28AE, 0x28AF, 0x28AF, 0x28AF, 0x28AF,
    0x49E3, 0x4A03, 0x4A03, 0x5203, 0x5203, 0x51E3, 0x51C4, 0x5184, 0x5144, 0x5125, 0x5106, 0x4907, 0x48E8, 0x48E9, 0x40C9, 0x38CA,
    0x38AB, 0x30AB, 0x30AC, 0x28AC, 0x28AC, 0x28AD, 0x28AD, 0x20AD, 0x20AD, 0x20AE, 0x20AE, 0x20AE, 0x28AF, 0x28AF, 0x28AF, 0x28CF,
    0x4A23, 0x4A43, 0x5243, 0x5264, 0x5A64, 0x5A44, 0x5A24, 0x5A04, 0x59C5, 0x59A5, 0x5967, 0x5968, 0x5149, 0x492A, 0x410A, 0x38EA,
    0x30CB, 0x30AB, 0x28AC, 0x28AC, 0x20AC, 0x20AD, 0x20AD, 0x20AD, 0x20AE, 0x20AE, 0x20AE, 0x20AE, 0x20AF, 0x20CF, 0x20CF, 0x20CF,
    0x4A63, 0x4A84, 0x52A4, 0x52A4, 0x5AA4, 0x5AA5, 0x5AA5, 0x5A85, 0x5A65, 0x6226, 0x61E7, 0x59C9, 0x59AA, 0x496B, 0x414B, 0x390B,
    0x30EB, 0x28CC, 0x20CC, 0x20AC, 0x20AD, 0x20AD, 0x20AD, 0x20AD, 0x20AE, 0x20AE, 0x20CE, 0x20CF, 0x20CF, 0x20CF, 0x20CF, 0x20D0,
    0x4AA4, 0x52A4, 0x52E4, 0x5AE4, 0x5B05, 0x5B05, 0x5B05, 0x5AE6, 0x62C6, 0x62A7, 0x6287, 0x5A69, 0x5A4B, 0x4A0C, 0x41AC, 0x396C,
    0x312C, 0x28EC, 0x20CC, 0x20CC, 0x18CD, 0x18CD, 0x18CD, 0x18CE, 0x18CE, 0x18CE, 0x18CE, 0x18CF, 0x20CF, 0x20CF, 0x20F0, 0x20F0,
    0x4AC4, 0x52E4, 0x5304, 0x5B25, 0x5B45, 0x5B66, 0x6366, 0x6346, 0x6347, 0x6327, 0x6328, 0x5AE9, 0x5ACB, 0x528C, 0x4A2D, 0x39CD,
    0x318D, 0x292D, 0x210D, 0x20ED, 0x18CD, 0x18CD, 0x18CD, 0x18CE, 0x18CE, 0x18CE, 0x18CF, 0x18CF, 0x18EF, 0x20EF, 0x20F0, 0x20F0,
    0x4B04, 0x5324, 0x5345, 0x5365, 0x5B85, 0x5B86, 0x5BA6, 0x63A6, 0x63A7, 0x63A7, 0x6388, 0x5B69, 0x5B4A, 0x530C, 0x4ACD, 0x426E,
    0x320E, 0x29AE, 0x216D, 0x212D, 0x190D, 0x18ED, 0x18EE, 0x18EE, 0x18EE, 0x18EE, 0x18EF, 0x18EF, 0x18EF, 0x20F0, 0x2110, 0x2110,
    0x5344, 0x5365, 0x5385, 0x5385, 0x5BA6, 0x5BC6, 0x5BC6, 0x63E7, 0x63E7, 0x63E7, 0x63E8, 0x5BC9, 0x5BAA, 0x538C, 0x4B6D, 0x430E,
    0x3AAF, 0x322E, 0x29CE, 0x216E, 0x214E, 0x190E, 0x190E, 0x190E, 0x18EE, 0x18EE, 0x18EF, 0x190F, 0x190F, 0x2110, 0x2110, 0x2110,
    0x5385, 0x5385, 0x53A5, 0x53C6, 0x5BC6, 0x5BE6, 0x5C07, 0x6407, 0x6407, 0x6428, 0x6428, 0x5C28, 0x5C29, 0x5C0B, 0x53EC, 0x4BAE,
    0x434F, 0x3AEF, 0x326F, 0x29EE, 0x21AE, 0x214E, 0x192E, 0x192E, 0x190E, 0x190F, 0x190F, 0x190F, 0x210F, 0x2130, 0x2130, 0x2130,
    0x53A5, 0x53C5, 0x53C6, 0x53E6, 0x5406, 0x5C07, 0x5C27, 0x5C27, 0x6447, 0x6448, 0x6468, 0x5C68, 0x5C69, 0x5C6B, 0x5C4C, 0x542E,
    0x4BEF, 0x4390, 0x3B10, 0x328F, 0x2A2F, 0x21CF, 0x218E, 0x194E, 0x194F, 0x192F, 0x192F, 0x212F, 0x2130, 0x2130, 0x2150, 0x2951,
    0x53E5, 0x53E6, 0x5406, 0x5406, 0x5426, 0x5C27, 0x5C47, 0x5C47, 0x6468, 0x6488, 0x6488, 0x5CA9, 0x5CA9, 0x5CAB, 0x5C8C, 0x548D,
    0x546F, 0x4C30, 0x43D1, 0x3B50, 0x32D0, 0x2A4F, 0x21EF, 0x21AF, 0x218F, 0x216F, 0x216F, 0x2170, 0x2170, 0x2170, 0x2971, 0x2971,
    0x4C26, 0x5426, 0x5426, 0x5426, 0x5447, 0x5447, 0x5C67, 0x5C88, 0x5C88, 0x5CA8, 0x5CC8, 0x5CC9, 0x5CEA, 0x5CEC, 0x5CCD, 0x5CCE,
    0x5CAF, 0x5490, 0x5451, 0x4BF1, 0x4391, 0x32F0, 0x2A90, 0x2A30, 0x21EF, 0x21CF, 0x21B0, 0x21B0, 0x21B0, 0x29B1, 0x29B1, 0x31B1,
    0x4C46, 0x5446, 0x5447, 0x5467, 0x5467, 0x5487, 0x5C88, 0x5CA8, 0x5CA8, 0x5CC8, 0x5CE9, 0x5CEA, 0x5D0B, 0x5D0C, 0x650E, 0x64EE,
    0x5CEF, 0x5CD0, 0x5CB1, 0x5492, 0x4C32, 0x43D1, 0x3B51, 0x32D0, 0x2A70, 0x2A30, 0x2A10, 0x29F0, 0x29F1, 0x29F1, 0x3211, 0x3212,
    0x4C87, 0x5487, 0x5487, 0x5487, 0x5487, 0x54A8, 0x54A8, 0x54C8, 0x54E8, 0x54E9, 0x5D09, 0x5D0B, 0x652C, 0x652D, 0x652E, 0x652F,
    0x6510, 0x6511, 0x5D11, 0x5CF2, 0x5CB2, 0x4C72, 0x43F2, 0x3B71, 0x3B11, 0x32B1, 0x3291, 0x3271, 0x3271, 0x3251, 0x3A72, 0x3A93,
    0x54A7, 0x54A7, 0x54A7, 0x54A8, 0x54A8, 0x54C8, 0x54C8, 0x54E8, 0x5508, 0x5529, 0x5D2A, 0x652C, 0x652D, 0x652E, 0x652F, 0x6530,
    0x6530, 0x6531, 0x6532, 0x6532, 0x6513, 0x5CF3, 0x5493, 0x4C32, 0x43D2, 0x3B72, 0x3B31, 0x3AF1, 0x3AD2, 0x3AD2, 0x3AF2, 0x42F3,
    0x54C8, 0x54C8, 0x54C8, 0x54C8, 0x54C8, 0x54E8, 0x5508, 0x5508, 0x5529, 0x5D2A, 0x5D4B, 0x654C, 0x654D, 0x6D4E, 0x6D4F, 0x6550,
    0x6551, 0x6551, 0x6D52, 0x6D53, 0x6D53, 0x6534, 0x5D14, 0x54B3, 0x4C73, 0x4C13, 0x43D2, 0x4392, 0x4372, 0x4353, 0x4373, 0x4B74,
    0x54E8, 0x54E8, 0x54E8, 0x54E8, 0x5508, 0x4D08, 0x4D28, 0x5549, 0x554A, 0x5D4B, 0x654C, 0x654D, 0x6D4E, 0x6D4F, 0x6D50, 0x6550,
    0x6551, 0x6551, 0x6D52, 0x7573, 0x7553, 0x7554, 0x6D54, 0x6534, 0x5CF4, 0x54B4, 0x5473, 0x4C33, 0x4C13, 0x4BF3, 0x4BF4, 0x53F4,
    0x5508, 0x5508, 0x5508, 0x5528, 0x4D28, 0x4D28, 0x5549, 0x554A, 0x5D6A, 0x5D6C, 0x656D, 0x656E, 0x6D6E, 0x6D6F, 0x6D70, 0x6571,
    0x6571, 0x6D72, 0x6D72, 0x7573, 0x7574, 0x7D74, 0x7574, 0x6D55, 0x6534, 0x5D14, 0x5CD4, 0x5494, 0x5474, 0x5454, 0x5454, 0x5475,
    0x5528, 0x5528, 0x5528, 0x4D48, 0x4D48, 0x4D49, 0x5569, 0x5D6A, 0x5D6B, 0x656C, 0x656D, 0x6D6E, 0x6D6F, 0x6D6F, 0x6D70, 0x6D71,
    0x6D71, 0x6D72, 0x6D73, 0x7593, 0x7D94, 0x7D94, 0x7D95, 0x7595, 0x6D75, 0x6555, 0x6535, 0x5D15, 0x5CF5, 0x5CD5, 0x5CD5, 0x5CD5,
    0x5D49, 0x5549, 0x5549, 0x5569, 0x5569, 0x5569, 0x5D8A, 0x5D8B, 0x658C, 0x658D, 0x6D8D, 0x6D8E, 0x6D8F, 0x6D90, 0x6D90, 0x6D91,
    0x6D92, 0x6D92, 0x7593, 0x7D93, 0x7D94, 0x8594, 0x8595, 0x7D95, 0x7595, 0x6D95, 0x6D75, 0x6555, 0x6535, 0x5D15, 0x5D15, 0x6516,
    0x5D69, 0x5D69, 0x5D69, 0x5589, 0x5589, 0x5D8A, 0x658B, 0x658B, 0x658C, 0x6D8D, 0x6D8E, 0x6D8E, 0x6D8F, 0x6D90, 0x6D91, 0x6D91,
    0x6D92, 0x7592, 0x7593, 0x7DB4, 0x85B4, 0x85B5, 0x85B5, 0x85B5, 0x7DB5, 0x7595, 0x7595, 0x6D95, 0x6575, 0x6555, 0x6556, 0x6556,
    0x6589, 0x6589, 0x6589, 0x658A, 0x5D8A, 0x65AA, 0x65AB, 0x65AC, 0x6DAC, 0x6DAD, 0x6DAE, 0x6D8F, 0x6D90, 0x6D90, 0x6DB1, 0x6DB2,
    0x75B2, 0x75B3, 0x7DB3, 0x85B4, 0x85B4, 0x8DB5, 0x8DB5, 0x8DB5, 0x85B5, 0x7DB6, 0x7DB6, 0x75B6, 0x6D96, 0x6D76, 0x6D76, 0x6556,
    0x6DAA, 0x6DAA, 0x6DAA, 0x6DAA, 0x6DAA, 0x6DAB, 0x6DAB, 0x6DAC, 0x6DAD, 0x6DAD, 0x65AE, 0x6DAF, 0x6DB0, 0x6DB1, 0x6DB1, 0x75B2,
    0x75B2, 0x7DB3, 0x85B4, 0x85B4, 0x85D4, 0x8DD5, 0x8DD5, 0x8DD5, 0x8DD6, 0x85D6, 0x85D6, 0x7DB6, 0x75B6, 0x6DB6, 0x6D96, 0x6D96,
    0x75AA, 0x75AA, 0x6DAA, 0x6DAA, 0x6DCA, 0x6DCB, 0x6DCB, 0x6DAC, 0x6DAD, 0x65AE, 0x65AE, 0x6DAF, 0x6DB0, 0x6DB1, 0x75B1, 0x75B2,
    0x7DD3, 0x85D3, 0x85D4, 0x85D4, 0x8DD4, 0x8DD5, 0x8DD5, 0x8DD5, 0x8DD6, 0x8DD6, 0x8DD6, 0x85D6, 0x7DD6, 0x7DD6, 0x75B6, 0x6DB6,
    0x7DCA, 0x75CA, 0x75CA, 0x75CA, 0x75CB, 0x6DCB, 0x6DCC, 0x6DCC, 0x65CD, 0x65CE, 0x65CF, 0x6DD0, 0x6DD0, 0x75D1, 0x75D2, 0x7DD2,
    0x85D3, 0x85D3, 0x85D4, 0x8DD4, 0x8DD5, 0x8DD5, 0x8DF5, 0x8DF5, 0x8DF6, 0x8DF6, 0x8DF6, 0x8DF6, 0x85D6, 0x85D6, 0x7DD6, 0x75D6,
    0x4061, 0x3861, 0x3862, 0x3862, 0x3862, 0x3863, 0x3863, 0x3863, 0x3864, 0x3864, 0x3865, 0x3865, 0x3866, 0x3866, 0x3867, 0x3867,
    0x3868, 0x3868, 0x4069, 0x406A, 0x406A, 0x406B, 0x408C, 0x408C, 0x408D, 0x408D, 0x408E, 0x408E, 0x408E, 0x388E, 0x388F, 0x388F,
    0x4081, 0x4081, 0x4062, 0x4062, 0x4062, 0x3863, 0x3863, 0x3863, 0x3864, 0x3864, 0x3865, 0x3865, 0x3866, 0x3866, 0x3867, 0x4068,
    0x4068, 0x4069, 0x4069, 0x408A, 0x408B, 0x408B, 0x408C, 0x408D, 0x408D, 0x408D, 0x408E, 0x408E, 0x388E, 0x388F, 0x388F, 0x388F,
    0x40C2, 0x40A2, 0x4082, 0x4082, 0x4062, 0x4063, 0x4063, 0x4064, 0x4064, 0x4064, 0x4065, 0x4066, 0x4066, 0x4067, 0x4067, 0x4088,
    0x4089, 0x4089, 0x408A, 0x408A, 0x408B, 0x408C, 0x408C, 0x408D, 0x408D, 0x408E, 0x408E, 0x388E, 0x388E, 0x388F, 0x388F, 0x388F,
    0x40E2, 0x40C2, 0x40C2, 0x40A2, 0x4082, 0x4082, 0x4083, 0x4083, 0x4084, 0x4085, 0x4085, 0x4086, 0x4086, 0x4087, 0x4088, 0x4088,
    0x4089, 0x408A, 0x408A, 0x408B, 0x408B, 0x408C, 0x40AD, 0x40AD, 0x40AD, 0x40AE, 0x388E, 0x388E, 0x388E, 0x388F, 0x38AF, 0x38AF,
    0x4122, 0x4902, 0x48E2, 0x48C2, 0x48A2, 0x4882, 0x4883, 0x4083, 0x4084, 0x4085, 0x4085, 0x4086, 0x4887, 0x4887, 0x4888, 0x4889,
    0x4889, 0x488A, 0x40AB, 0x40AB, 0x40AC, 0x40AC, 0x40AD, 0x40AD, 0x40AD, 0x38AE, 0x38AE, 0x38AE, 0x38AE, 0x38AF, 0x38AF, 0x38AF,
    0x4962, 0x4942, 0x4942, 0x4902, 0x48E2, 0x48C2, 0x48A3, 0x48A3, 0x48A4, 0x48A4, 0x48A5, 0x48A6, 0x48A7, 0x48A8, 0x48A8, 0x48A9,
    0x48AA, 0x48AA, 0x40AB, 0x40AC, 0x40AC, 0x40AD, 0x40AD, 0x38AD, 0x38AE, 0x38AE, 0x38AE, 0x30AE, 0x30AF, 0x30AF, 0x30AF, 0x30AF,
    0x4982, 0x4982, 0x5183, 0x5163, 0x5143, 0x5102, 0x48C3, 0x48C3, 0x48A4, 0x48A4, 0x48A5, 0x48A6, 0x48A7, 0x48A8, 0x48A9, 0x48A9,
    0x48AA, 0x48AB, 0x40AB, 0x40AC, 0x40AC, 0x40AD, 0x38AD, 0x38AD, 0x38AE, 0x30AE, 0x30AE, 0x30AE, 0x30AF, 0x30AF, 0x30AF, 0x30AF,
    0x49C2, 0x49C3, 0x51C3, 0x51A3, 0x51A3, 0x5163, 0x5143, 0x5103, 0x50E4, 0x50C4, 0x48C5, 0x48C6, 0x48C7, 0x48C8, 0x48C9, 0x48CA,
    0x48CA, 0x40AB, 0x40AC, 0x40AC, 0x38AC, 0x38AD, 0x38AD, 0x30AD, 0x30AE, 0x30AE, 0x30AE, 0x30AE, 0x30AF, 0x30AF, 0x30AF, 0x30CF,
    0x49E3, 0x5203, 0x5203, 0x5203, 0x5A03, 0x59E3, 0x59A3, 0x5964, 0x5924, 0x5105, 0x5106, 0x50E7, 0x50E8, 0x50E9, 0x48E9, 0x48CA,
    0x48CB, 0x40CB, 0x40CC, 0x38AC, 0x38AD, 0x30AD, 0x30AD, 0x30AD, 0x30AE, 0x30AE, 0x28AE, 0x28AE, 0x28AF, 0x28CF, 0x28CF, 0x28CF,
    0x4A23, 0x5243, 0x5244, 0x5A64, 0x5A64, 0x5A44, 0x5A24, 0x59E4, 0x59C4, 0x5985, 0x6166, 0x5947, 0x5928, 0x5129, 0x510A, 0x48EA,
    0x40EB, 0x40CB, 0x38CC, 0x30CC, 0x30AD, 0x30AD, 0x28AD, 0x28AD, 0x28AE, 0x28AE, 0x28AE, 0x28CF, 0x28CF, 0x28CF, 0x28CF, 0x28D0,
    0x4A63, 0x5284, 0x5AA4, 0x5AA4, 0x62A4, 0x62A5, 0x62A5, 0x6265, 0x6245, 0x6205, 0x69C6, 0x61A8, 0x5989, 0x598A, 0x514B, 0x492B,
    0x410B, 0x38EC, 0x30CC, 0x30CC, 0x28CD, 0x28AD, 0x28AD, 0x28AD, 0x28AE, 0x28CE, 0x28CE, 0x28CF, 0x28CF, 0x28CF, 0x28CF, 0x28F0,
    0x52A4, 0x52A4, 0x5AC4, 0x5AE5, 0x6305, 0x6305, 0x6305, 0x62E6, 0x62C6, 0x6AA6, 0x6A67, 0x6A48, 0x622A, 0x620B, 0x59CC, 0x498C,
    0x414C, 0x390C, 0x30EC, 0x28CD, 0x28CD, 0x20CD, 0x20CD, 0x20CE, 0x20CE, 0x20CE, 0x20CE, 0x20CF, 0x20CF, 0x20EF, 0x28F0, 0x28F0,
    0x52C4, 0x52E4, 0x5B25, 0x5B25, 0x6345, 0x6366, 0x6366, 0x6B46, 0x6B46, 0x6B27, 0x6B07, 0x6AC9, 0x6AAA, 0x628C, 0x5A4D, 0x51ED,
    0x418D, 0x394D, 0x290D, 0x28ED, 0x20CD, 0x20CD, 0x20CD, 0x20CE, 0x20CE, 0x20CE, 0x20CF, 0x20EF, 0x20EF, 0x20EF, 0x28F0, 0x28F0,
    0x5304, 0x5B24, 0x5B45, 0x5B65, 0x6386, 0x63A6, 0x63A6, 0x6BA7, 0x6BA7, 0x6B87, 0x6B88, 0x6B49, 0x632A, 0x630C, 0x5AED, 0x528E,
    0x422E, 0x39AE, 0x316E, 0x292D, 0x210D, 0x20ED, 0x18EE, 0x18EE, 0x18EE, 0x18EE, 0x20EF, 0x20EF, 0x20EF, 0x20F0, 0x2910, 0x2910,
    0x5344, 0x5B65, 0x5B85, 0x5BA6, 0x63C6, 0x63C6, 0x63E7, 0x6BE7, 0x6BE7, 0x6BE8, 0x6BE8, 0x6BC9, 0x6BAA, 0x638C, 0x5B6D, 0x530E,
    0x4AAF, 0x3A4F, 0x31CF, 0x296E, 0x214E, 0x210E, 0x190E, 0x18EE, 0x18EE, 0x18EF, 0x18EF, 0x210F, 0x210F, 0x2110, 0x2910, 0x2910,
    0x5385, 0x5BA5, 0x5BA5, 0x5BC6, 0x5BE6, 0x6406, 0x6407, 0x6C07, 0x6C28, 0x6C28, 0x6C28, 0x6C29, 0x6C2A, 0x640B, 0x63CD, 0x5BAE,
    0x536F, 0x42F0, 0x3A70, 0x320F, 0x29AF, 0x214E, 0x212E, 0x190E, 0x190E, 0x190F, 0x190F, 0x210F, 0x2110, 0x2130, 0x2930, 0x2930,
    0x53C5, 0x5BC5, 0x5BE6, 0x5BE6, 0x5C06, 0x6427, 0x6427, 0x6447, 0x6C48, 0x6C68, 0x6C68, 0x6C69, 0x6C69, 0x644B, 0x644D, 0x5C2E,
    0x5BEF, 0x4B90, 0x4330, 0x3AB0, 0x322F, 0x29CF, 0x216F, 0x214F, 0x212F, 0x192F, 0x212F, 0x2130, 0x2130, 0x2130, 0x2950, 0x2951,
    0x53E6, 0x5406, 0x5C06, 0x5C26, 0x5C27, 0x5C47, 0x6447, 0x6468, 0x6C68, 0x6C88, 0x6C89, 0x6CA9, 0x6CAA, 0x6CAB, 0x648D, 0x648E,
    0x646F, 0x5C30, 0x4BD1, 0x4351, 0x3AD0, 0x3250, 0x29EF, 0x218F, 0x216F, 0x216F, 0x214F, 0x2150, 0x2150, 0x2971, 0x2971, 0x3171,
    0x5426, 0x5426, 0x5C26, 0x5C47, 0x5C47, 0x5C67, 0x6468, 0x6488, 0x6488, 0x6CA8, 0x6CC9, 0x6CC9, 0x6CEA, 0x6CEC, 0x6CCD, 0x6CCE,
    0x6CAF, 0x64B0, 0x5C71, 0x4C11, 0x4391, 0x3AF1, 0x3290, 0x2A10, 0x21D0, 0x21B0, 0x21B0, 0x2190, 0x2990, 0x29B1, 0x31B1, 0x31B2,
    0x5446, 0x5447, 0x5467, 0x5C67, 0x5C67, 0x5C88, 0x6488, 0x64A8, 0x64A8, 0x64C9, 0x6CE9, 0x6D0A, 0x6D0B, 0x6D0C, 0x6D0E, 0x6CEF,
    0x6CF0, 0x6CF0, 0x64D1, 0x5C92, 0x5452, 0x43D1, 0x3B31, 0x32B0, 0x2A50, 0x2A10, 0x29F0, 0x29F0, 0x29F1, 0x31F1, 0x3212, 0x3A13,
    0x5487, 0x5487, 0x5487, 0x5C87, 0x5C88, 0x5CA8, 0x5CA8, 0x64C8, 0x64E9, 0x64E9, 0x6D09, 0x6D2A, 0x6D2C, 0x752D, 0x752E, 0x752F,
    0x7510, 0x6D11, 0x6D11, 0x64F2, 0x5CB3, 0x5472, 0x4BF2, 0x4371, 0x3AF1, 0x32B1, 0x3291, 0x3271, 0x3271, 0x3A72, 0x3A73, 0x4294,
    0x54A7, 0x54A7, 0x5CA7, 0x5CA8, 0x5CA8, 0x5CC8, 0x5CC8, 0x5CE8, 0x6509, 0x6529, 0x6D2A, 0x6D2B, 0x754D, 0x754E, 0x754F, 0x7550,
    0x7531, 0x7531, 0x7532, 0x6D32, 0x6D13, 0x5CF3, 0x5493, 0x4C33, 0x43D2, 0x3B52, 0x3B12, 0x3AF2, 0x3AF2, 0x42F3, 0x42F3, 0x4B14,
    0x54C8, 0x54C8, 0x5CC8, 0x5CC8, 0x5CC8, 0x5CE8, 0x5D08, 0x5D09, 0x6529, 0x654A, 0x6D4B, 0x6D4C, 0x754D, 0x754F, 0x7D50, 0x7551,
    0x7551, 0x7552, 0x7552, 0x7553, 0x7553, 0x6D34, 0x6514, 0x5CB3, 0x5473, 0x4BF3, 0x43B2, 0x4392, 0x4373, 0x4373, 0x4B94, 0x4B95,
    0x5CE8, 0x5CE8, 0x5CE8, 0x5CE8, 0x5D08, 0x5D08, 0x5D29, 0x5D49, 0x654A, 0x6D4B, 0x6D4C, 0x754D, 0x756E, 0x7D4F, 0x7D70, 0x7571,
    0x7571, 0x7552, 0x7572, 0x7573, 0x7573, 0x7554, 0x6D54, 0x6534, 0x5CF4, 0x54B4, 0x5474, 0x4C33, 0x4C14, 0x4C14, 0x5414, 0x5415,
    0x5D08, 0x5D08, 0x5D08, 0x5D08, 0x5D28, 0x5D29, 0x5D49, 0x654A, 0x656A, 0x6D6B, 0x756D, 0x756E, 0x756F, 0x7570, 0x7571, 0x7571,
    0x7572, 0x7572, 0x7573, 0x7D73, 0x7D74, 0x7D74, 0x7D74, 0x7575, 0x6D55, 0x6514, 0x5CD4, 0x54B4, 0x5494, 0x5474, 0x5C75, 0x5C95,
    0x5D29, 0x5D29, 0x5D29, 0x5D49, 0x5D49, 0x5D49, 0x5D69, 0x656A, 0x6D6B, 0x6D6C, 0x756D, 0x756E, 0x756F, 0x7570, 0x7571, 0x7571,
    0x7572, 0x7592, 0x7593, 0x7D93, 0x7D94, 0x8594, 0x8595, 0x7D95, 0x7575, 0x6D75, 0x6555, 0x5D15, 0x5CF5, 0x5CF5, 0x64D5, 0x64D6,
    0x6549, 0x6549, 0x6549, 0x5D49, 0x5D69, 0x6569, 0x658A, 0x6D8B, 0x6D8C, 0x758D, 0x758E, 0x758F, 0x7590, 0x7590, 0x7591, 0x7591,
    0x7592, 0x7D92, 0x7D93, 0x7D93, 0x8594, 0x8594, 0x8595, 0x8595, 0x7D95, 0x7595, 0x6D75, 0x6555, 0x6535, 0x6535, 0x6536, 0x6D16,
    0x6D69, 0x6569, 0x6569, 0x6589, 0x6589, 0x658A, 0x6D8B, 0x6D8B, 0x758C, 0x758D, 0x758E, 0x758F, 0x7590, 0x7590, 0x7591, 0x7592,
    0x7D92, 0x7D93, 0x7DB3, 0x85B4, 0x85B4, 0x8DB5, 0x8DB5, 0x8DB5, 0x85B5, 0x7DB5, 0x7596, 0x6D96, 0x6D76, 0x6556, 0x6D56, 0x6D56,
    0x758A, 0x6D8A, 0x6D8A, 0x6D8A, 0x6D8A, 0x6DAA, 0x75AB, 0x75AC, 0x75AD, 0x75AE, 0x75AE, 0x75AF, 0x75B0, 0x75B1, 0x75B1, 0x7DB2,
    0x7DB2, 0x7DB3, 0x85B3, 0x85B4, 0x8DB4, 0x8DB5, 0x8DB5, 0x8DB5, 0x8DB5, 0x85B6, 0x85B6, 0x7DB6, 0x7596, 0x6D96, 0x6D76, 0x6D76,
    0x7DAA, 0x75AA, 0x75AA, 0x75AA, 0x75AB, 0x75AB, 0x75AB, 0x75AC, 0x75AD, 0x75AE, 0x75AF, 0x75AF, 0x75B0, 0x75B1, 0x7DB1, 0x7DB2,
    0x85B3, 0x85B3, 0x85B4, 0x8DD4, 0x8DD4, 0x8DD5, 0x95D5, 0x95D5, 0x8DD6, 0x8DD6, 0x8DD6, 0x85D6, 0x7DB6, 0x75B6, 0x7596, 0x7596,
    0x7DAA, 0x7DAA, 0x7DAA, 0x7DCB, 0x7DCB, 0x75CB, 0x75CC, 0x75CC, 0x75AD, 0x75AE, 0x75AF, 0x75B0, 0x75B0, 0x7DB1, 0x7DB2, 0x7DD2,
    0x85D3, 0x85D3, 0x8DD4, 0x8DD4, 0x8DD5, 0x95D5, 0x95D5, 0x95D5, 0x95D6, 0x95D6, 0x8DD6, 0x8DD6, 0x85D6, 0x85D6, 0x7DB6, 0x75B6,
    0x85CB, 0x85CB, 0x7DCB, 0x7DCB, 0x7DCB, 0x7DCB, 0x7DCC, 0x75CD, 0x75CD, 0x75CE, 0x75CF, 0x75D0, 0x75D1, 0x7DD1, 0x7DD2, 0x85D3,
    0x85D3, 0x8DD4, 0x8DD4, 0x8DD4, 0x95D5, 0x95D5, 0x95F5, 0x95F5, 0x95F6, 0x95F6, 0x95F6, 0x95F6, 0x8DF6, 0x8DD6, 0x85D6, 0x7DD6,
    0x4061, 0x4061, 0x4062, 0x4062, 0x4062, 0x4063, 0x3863, 0x3864, 0x3864, 0x3864, 0x3865, 0x3865, 0x3866, 0x3866, 0x4067, 0x4067,
    0x4068, 0x4068, 0x4069, 0x406A, 0x408A, 0x408B, 0x488C, 0x488C, 0x488D, 0x488D, 0x488E, 0x488E, 0x408E, 0x408F, 0x408F, 0x408F,
    0x4081, 0x4082, 0x4062, 0x4062, 0x4062, 0x4063, 0x4063, 0x4064, 0x4064, 0x4064, 0x4065, 0x4065, 0x4066, 0x4066, 0x4067, 0x4068,
    0x4068, 0x4089, 0x4889, 0x488A, 0x488B, 0x488B, 0x488C, 0x488D, 0x488D, 0x48AD, 0x48AE, 0x48AE, 0x40AE, 0x408F, 0x408F, 0x408F,
    0x48C2, 0x48A2, 0x4882, 0x4882, 0x4082, 0x4083, 0x4083, 0x4084, 0x4084, 0x4084, 0x4085, 0x4086, 0x4086, 0x4087, 0x4887, 0x4888,
    0x4888, 0x4889, 0x488A, 0x488A, 0x488B, 0x488C, 0x48AC, 0x48AD, 0x48AD, 0x48AE, 0x48AE, 0x40AE, 0x40AE, 0x40AF, 0x40AF, 0x40AF,
    0x48E2, 0x48E2, 0x48C2, 0x48A2, 0x4882, 0x4882, 0x4883, 0x4883, 0x4884, 0x4884, 0x4885, 0x4886, 0x4886, 0x4887, 0x4888, 0x4888,
    0x4889, 0x488A, 0x48AA, 0x48AB, 0x48AB, 0x48AC, 0x48AD, 0x48AD, 0x48AD, 0x48AE, 0x40AE, 0x40AE, 0x40AF, 0x40AF, 0x40AF, 0x40AF,
    0x4922, 0x4902, 0x4902, 0x48C2, 0x48A2, 0x48A2, 0x4883, 0x4883, 0x4884, 0x4884, 0x4885, 0x4886, 0x4887, 0x48A7, 0x50A8, 0x50A9,
    0x50A9, 0x50AA, 0x50AB, 0x48AB, 0x48AC, 0x48AC, 0x48AD, 0x48AD, 0x48AE, 0x40AE, 0x40AE, 0x40AE, 0x40AF, 0x40AF, 0x40AF, 0x40AF,
    0x4962, 0x5142, 0x5142, 0x5102, 0x50E2, 0x50C2, 0x50A3, 0x48A3, 0x48A4, 0x48A4, 0x48A5, 0x48A6, 0x50A7, 0x50A8, 0x50A8, 0x50A9,
    0x50AA, 0x50AA, 0x50AB, 0x48AC, 0x48AC, 0x48AD, 0x48AD, 0x40AD, 0x40AE, 0x40AE, 0x40AE, 0x40AE, 0x38AF, 0x38AF, 0x38AF, 0x38CF,
    0x4982, 0x5183, 0x5183, 0x5163, 0x5143, 0x5103, 0x50C3, 0x50C3, 0x50A4, 0x50A4, 0x50A5, 0x50A6, 0x50A7, 0x50A8, 0x50C8, 0x50C9,
    0x50CA, 0x50CB, 0x50CB, 0x48CC, 0x48CC, 0x48CD, 0x40AD, 0x40AD, 0x40AE, 0x40AE, 0x38AE, 0x38AE, 0x38AF, 0x38CF, 0x38CF, 0x38CF,
    0x51C3, 0x51C3, 0x51C3, 0x59A3, 0x59A3, 0x5963, 0x5943, 0x5103, 0x50E3, 0x50C4, 0x50C5, 0x50C6, 0x50C7, 0x50C8, 0x50C9, 0x50CA,
    0x50CA, 0x50CB, 0x50CC, 0x48CC, 0x48CD, 0x40CD, 0x40CD, 0x40AE, 0x38AE, 0x38AE, 0x38AE, 0x38CF, 0x38CF, 0x38CF, 0x38CF, 0x38CF,
    0x51E3, 0x5203, 0x5A03, 0x5A03, 0x5A04, 0x59C3, 0x59A3, 0x5963, 0x5924, 0x5904, 0x58E5, 0x58E6, 0x50E7, 0x58E8, 0x58E9, 0x50EA,
    0x50EB, 0x50CB, 0x48CC, 0x48CC, 0x40CD, 0x40CD, 0x40CD, 0x38CE, 0x38CE, 0x38CE, 0x38CE, 0x38CF, 0x38CF, 0x38CF, 0x30CF, 0x30CF,
    0x5223, 0x5A43, 0x5A44, 0x6264, 0x6264, 0x6244, 0x6224, 0x61E4, 0x61A4, 0x6165, 0x6145, 0x5927, 0x5928, 0x5929, 0x592A, 0x510A,
    0x50EB, 0x48EB, 0x48CC, 0x40CC, 0x40CD, 0x38CD, 0x38CD, 0x38CE, 0x30CE, 0x30CE, 0x30CE, 0x30CF, 0x30CF, 0x30CF, 0x30CF, 0x30D0,
    0x5263, 0x5A84, 0x5AA4, 0x62A4, 0x62A4, 0x6AA5, 0x6AA5, 0x6A65, 0x6A25, 0x69E5, 0x69A6, 0x6187, 0x6168, 0x6169, 0x596A, 0x592B,
    0x510B, 0x490C, 0x40EC, 0x40CD, 0x38CD, 0x38CD, 0x30CD, 0x30CE, 0x30CE, 0x30CE, 0x30CE, 0x30CF, 0x30CF, 0x30CF, 0x30EF, 0x30F0,
    0x52A4, 0x5AC4, 0x62E4, 0x62E5, 0x6B05, 0x6B05, 0x6B05, 0x6AE6, 0x6AA6, 0x6A86, 0x6A46, 0x6A28, 0x6A09, 0x69EB, 0x61CC, 0x598C,
    0x516C, 0x492C, 0x410C, 0x38ED, 0x30CD, 0x30CD, 0x30CD, 0x28CE, 0x28CE, 0x28CE, 0x28CF, 0x28CF, 0x28EF, 0x28EF, 0x30F0, 0x30F0,
    0x5AE4, 0x5B04, 0x6325, 0x6345, 0x6B45, 0x6B66, 0x6B66, 0x6B46, 0x6B26, 0x7307, 0x72E7, 0x72A8, 0x7289, 0x726B, 0x6A4D, 0x620D,
    0x51AD, 0x496D, 0x392D, 0x310D, 0x30ED, 0x28CD, 0x28CE, 0x28CE, 0x28CE, 0x28CE, 0x28EF, 0x28EF, 0x28EF, 0x28EF, 0x28F0, 0x3110,
    0x5B24, 0x5B45, 0x6365, 0x6385, 0x6B86, 0x6BA6, 0x6BA7, 0x6BA7, 0x73A7, 0x7387, 0x7368, 0x7349, 0x732A, 0x730C, 0x6ACD, 0x628E,
    0x5A4E, 0x49CF, 0x396F, 0x312E, 0x290D, 0x28EE, 0x20EE, 0x20EE, 0x20EE, 0x20EF, 0x20EF, 0x20EF, 0x28EF, 0x2910, 0x2910, 0x3110,
    0x5B65, 0x5B65, 0x6385, 0x63A6, 0x6BC6, 0x6BE6, 0x6BE7, 0x6BE7, 0x73E8, 0x73E8, 0x73C8, 0x73C9, 0x73AA, 0x738C, 0x6B6D, 0x632E,
    0x5ACF, 0x4A50, 0x41F0, 0x318F, 0x294E, 0x210E, 0x210E, 0x20EE, 0x20EE, 0x20EF, 0x20EF, 0x210F, 0x2110, 0x2910, 0x2910, 0x3130,
    0x5B85, 0x5BA5, 0x63C6, 0x63E6, 0x63E6, 0x6C07, 0x6C07, 0x6C27, 0x7428, 0x7428, 0x7428, 0x7429, 0x742A, 0x73EC, 0x6BCD, 0x6BAE,
    0x5B70, 0x5310, 0x4290, 0x3A10, 0x31AF, 0x294E, 0x212E, 0x210E, 0x210F, 0x210F, 0x210F, 0x210F, 0x2110, 0x2930, 0x2930, 0x3131,
    0x5BC5, 0x5BE6, 0x63E6, 0x6406, 0x6427, 0x6C27, 0x6C47, 0x6C48, 0x7468, 0x7468, 0x7C69, 0x7C69, 0x746A, 0x744B, 0x6C2D, 0x6C2E,
    0x63F0, 0x5BB0, 0x4B31, 0x42B0, 0x3230, 0x29CF, 0x216F, 0x214F, 0x212F, 0x212F, 0x212F, 0x2130, 0x2130, 0x2930, 0x3151, 0x3151,
    0x5C06, 0x5C06, 0x5C06, 0x6426, 0x6447, 0x6447, 0x6C68, 0x6C68, 0x7488, 0x7489, 0x7CA9, 0x7CA9, 0x7CAA, 0x74AC, 0x748D, 0x746E,
    0x6C6F, 0x6431, 0x5BF1, 0x4B71, 0x42D1, 0x3250, 0x29F0, 0x218F, 0x216F, 0x214F, 0x2150, 0x2150, 0x2950, 0x2971, 0x3171, 0x3991,
    0x5C26, 0x5C26, 0x5C46, 0x6447, 0x6467, 0x6467, 0x6C88, 0x6C88, 0x74A8, 0x74A9, 0x7CC9, 0x7CC9, 0x7CEA, 0x74EC, 0x74CD, 0x74CE,
    0x74B0, 0x6CB1, 0x6471, 0x5412, 0x4B91, 0x42F1, 0x3290, 0x2A10, 0x29D0, 0x21B0, 0x2990, 0x2990, 0x2991, 0x31B1, 0x31B2, 0x39D2,
    0x5C46, 0x5C67, 0x5C67, 0x6467, 0x6487, 0x6488, 0x6CA8, 0x6CA8, 0x74C9, 0x74C9, 0x74E9, 0x7D0A, 0x7D0B, 0x7D0C, 0x7D0E, 0x7D0F,
    0x7CF0, 0x74F1, 0x6CD1, 0x64B2, 0x5C52, 0x4BD2, 0x4331, 0x32B1, 0x3250, 0x2A10, 0x29F1, 0x29F1, 0x31F1, 0x31F2, 0x3A13, 0x4214,
    0x5C87, 0x5C87, 0x5C87, 0x6487, 0x64A8, 0x64A8, 0x6CC8, 0x6CC9, 0x6CE9, 0x74E9, 0x750A, 0x7D2A, 0x7D2C, 0x7D2D, 0x852E, 0x8530,
    0x7D31, 0x7D11, 0x7512, 0x6CF2, 0x64D3, 0x5C73, 0x4BF2, 0x4372, 0x3AF1, 0x3291, 0x3271, 0x3271, 0x3A72, 0x3A73, 0x4274, 0x4295,
    0x5CA7, 0x5CA7, 0x5CA8, 0x64A8, 0x64C8, 0x64C8, 0x6CE9, 0x6CE9, 0x6D09, 0x7529, 0x752A, 0x7D4B, 0x7D4D, 0x854E, 0x854F, 0x8550,
    0x8551, 0x8552, 0x7D32, 0x7D33, 0x7513, 0x64F3, 0x5CB3, 0x5433, 0x43B2, 0x4352, 0x3B12, 0x3AF2, 0x42F3, 0x42F3, 0x4AF4, 0x4B15,
    0x5CC8, 0x5CC8, 0x5CC8, 0x64C8, 0x64E8, 0x64E9, 0x6D09, 0x6D09, 0x6D29, 0x754A, 0x754B, 0x7D4C, 0x854D, 0x854F, 0x8550, 0x8551,
    0x8551, 0x8552, 0x8552, 0x7D53, 0x7D53, 0x7534, 0x6D14, 0x5CD4, 0x5473, 0x4BF3, 0x4BB3, 0x4393, 0x4B93, 0x4B94, 0x5395, 0x53B5,
    0x5CE8, 0x5CE8, 0x64E8, 0x64E8, 0x6509, 0x6509, 0x6D29, 0x6D49, 0x6D4A, 0x754B, 0x7D6C, 0x7D6D, 0x856E, 0x8570, 0x8571, 0x8571,
    0x8572, 0x8572, 0x8573, 0x8573, 0x8574, 0x7D74, 0x7554, 0x6D34, 0x64F4, 0x54B4, 0x5474, 0x5434, 0x5434, 0x5414, 0x5C35, 0x5C35,
    0x6508, 0x6509, 0x6509, 0x6509, 0x6529, 0x6529, 0x6D49, 0x6D4A, 0x756A, 0x756B, 0x7D6D, 0x856E, 0x856F, 0x8570, 0x8571, 0x8571,
    0x8572, 0x8572, 0x8573, 0x8573, 0x8574, 0x8574, 0x7D74, 0x7575, 0x6D55, 0x6515, 0x5CF5, 0x5CB4, 0x5C95, 0x5C95, 0x6495, 0x6496,
    0x6529, 0x6529, 0x6529, 0x6529, 0x6549, 0x6D49, 0x6D6A, 0x756A, 0x756B, 0x7D8C, 0x7D8D, 0x858F, 0x8590, 0x8590, 0x8591, 0x8592,
    0x8592, 0x8593, 0x8593, 0x8593, 0x8594, 0x8D94, 0x8D95, 0x8595, 0x7D75, 0x6D75, 0x6D55, 0x6515, 0x6515, 0x64F5, 0x64F6, 0x6CF6,
    0x6D49, 0x6D49, 0x6D49, 0x6D49, 0x6D69, 0x6D6A, 0x758A, 0x758B, 0x7D8C, 0x7D8D, 0x858E, 0x858F, 0x8590, 0x8591, 0x8591, 0x8592,
    0x8592, 0x8593, 0x8593, 0x8594, 0x8D94, 0x8DB4, 0x8DB5, 0x8D95, 0x8595, 0x7D95, 0x7575, 0x6D55, 0x6D55, 0x6D36, 0x6D36, 0x6D36,
    0x756A, 0x756A, 0x6D6A, 0x6D8A, 0x6D8A, 0x758A, 0x758B, 0x7D8C, 0x7DAD, 0x85AD, 0x858E, 0x858F, 0x8590, 0x8591, 0x8591, 0x8592,
    0x85B3, 0x85B3, 0x85B3, 0x8DB4, 0x8DB4, 0x8DB5, 0x95B5, 0x95B5, 0x8DB5, 0x85B6, 0x7D96, 0x7596, 0x7576, 0x6D76, 0x7556, 0x7556,
    0x7D8A, 0x7D8A, 0x758A, 0x758A, 0x758A, 0x7DAB, 0x7DAB, 0x7DAC, 0x85AD, 0x85AE, 0x85AF, 0x85B0, 0x85B0, 0x85B1, 0x85B2, 0x85B2,
    0x85B3, 0x8DB3, 0x8DB4, 0x8DB4, 0x8DB4, 0x95B5, 0x95B5, 0x95D5, 0x95B6, 0x8DB6, 0x8DB6, 0x85B6, 0x7D96, 0x7596, 0x7596, 0x7576,
    0x85AA, 0x85AA, 0x85AA, 0x7DAB, 0x7DAB, 0x7DAB, 0x85AC, 0x85AC, 0x85AD, 0x85AE, 0x7DAF, 0x7DB0, 0x7DB1, 0x85B1, 0x85B2, 0x85B2,
    0x8DB3, 0x8DB3, 0x8DD4, 0x95D4, 0x95D5, 0x95D5, 0x95D5, 0x95D5, 0x95D6, 0x95D6, 0x95D6, 0x8DD6, 0x85B6, 0x7DB6, 0x7DB6, 0x7D96,
    0x85AB, 0x85CB, 0x85CB, 0x85CB, 0x85CB, 0x85CB, 0x85CC, 0x85CD, 0x7DCD, 0x7DAE, 0x7DAF, 0x7DB0, 0x85B1, 0x85B1, 0x85B2, 0x8DD3,
    0x8DD3, 0x8DD4, 0x95D4, 0x95D4, 0x95D5, 0x95D5, 0x95D5, 0x95D5, 0x95D6, 0x95D6, 0x95D6, 0x95D6, 0x8DD6, 0x8DD6, 0x85D6, 0x85B6,
    0x8DCB, 0x8DCB, 0x8DCB, 0x85CB, 0x85CB, 0x85CC, 0x85CC, 0x85CD, 0x7DCE, 0x7DCF, 0x7DD0, 0x7DD0, 0x85D1, 0x85D2, 0x85D2, 0x8DD3,
    0x8DD3, 0x95D4, 0x95D4, 0x95D4, 0x95D5, 0x95F5, 0x9DF5, 0x9DF6, 0x9DF6, 0x9DF6, 0x9DF6, 0x9DF6, 0x95F6, 0x95F6, 0x8DD7, 0x85D7,
    0x4861, 0x4862, 0x4062, 0x4062, 0x4062, 0x4063, 0x4063, 0x4064, 0x4064, 0x4064, 0x4065, 0x4065, 0x4066, 0x4066, 0x4067, 0x4067,
    0x4068, 0x4868, 0x4889, 0x488A, 0x488A, 0x488B, 0x488C, 0x508C, 0x508D, 0x50AD, 0x50AE, 0x50AE, 0x48AE, 0x48AF, 0x48AF, 0x40AF,
    0x48A2, 0x4882, 0x4882, 0x4862, 0x4862, 0x4863, 0x4063, 0x4064, 0x4064, 0x4064, 0x4065, 0x4065, 0x4866, 0x4867, 0x4887, 0x4888,
    0x4888, 0x4889, 0x4889, 0x488A, 0x508B, 0x508B, 0x508C, 0x50AD, 0x50AD, 0x50AD, 0x50AE, 0x48AE, 0x48AE, 0x48AF, 0x48AF, 0x40AF,
    0x48C2, 0x48A2, 0x4882, 0x4882, 0x4882, 0x4883, 0x4883, 0x4884, 0x4884, 0x4884, 0x4885, 0x4886, 0x4886, 0x4887, 0x4887, 0x4888,
    0x4888, 0x5089, 0x508A, 0x50AA, 0x50AB, 0x50AC, 0x50AC, 0x50AD, 0x50AD, 0x50AE, 0x48AE, 0x48AE, 0x48AE, 0x48AF, 0x48AF, 0x48AF,
    0x4902, 0x48E2, 0x50C2, 0x50A2, 0x5082, 0x4882, 0x4883, 0x4883, 0x4884, 0x4884, 0x4885, 0x4886, 0x4886, 0x5087, 0x5088, 0x50A8,
    0x50A9, 0x50A9, 0x50AA, 0x50AB, 0x50AB, 0x50AC, 0x50AD, 0x50AD, 0x50AD, 0x48AE, 0x48AE, 0x48AE, 0x48AF, 0x48AF, 0x48AF, 0x48AF,
    0x5122, 0x5122, 0x5102, 0x50C2, 0x50A2, 0x50A2, 0x50A3, 0x50A3, 0x5084, 0x5084, 0x50A5, 0x50A6, 0x50A6, 0x50A7, 0x50A8, 0x50A8,
    0x50A9, 0x50AA, 0x50AA, 0x50AB, 0x50AC, 0x50CC, 0x50CD, 0x50CD, 0x50CE, 0x48AE, 0x48AE, 0x48AE, 0x48AF, 0x48CF, 0x48CF, 0x48CF,
    0x5162, 0x5142, 0x5142, 0x5122, 0x50E2, 0x50C2, 0x50A3, 0x50A3, 0x50A4, 0x50A4, 0x50A5, 0x50A6, 0x50A7, 0x50A7, 0x50A8, 0x58A9,
    0x58C9, 0x58CA, 0x58CB, 0x58CC, 0x50CC, 0x50CD, 0x50CD, 0x50CD, 0x48CE, 0x48CE, 0x48CE, 0x48CE, 0x40CF, 0x40CF, 0x40CF, 0x40CF,
    0x51A3, 0x5183, 0x5983, 0x5963, 0x5943, 0x5903, 0x58C3, 0x58C3, 0x50C3, 0x50A4, 0x50A5, 0x50A6, 0x50C7, 0x58C7, 0x58C8, 0x58C9,
    0x58CA, 0x58CB, 0x58CB, 0x58CC, 0x50CC, 0x50CD, 0x50CD, 0x48CE, 0x48CE, 0x48CE, 0x48CE, 0x40CF, 0x40CF, 0x40CF, 0x40CF, 0x40CF,
    0x51C3, 0x59C3, 0x59C3, 0x59C3, 0x59A3, 0x5963, 0x5943, 0x5903, 0x58E3, 0x58C4, 0x58C5, 0x58C6, 0x58C7, 0x58C8, 0x58C8, 0x58C9,
    0x58CA, 0x58EB, 0x58EC, 0x58CC, 0x50CD, 0x50CD, 0x48CD, 0x48CE, 0x48CE, 0x40CE, 0x40CE, 0x40CF, 0x40CF, 0x40CF, 0x40CF, 0x40D0,
    0x5A03, 0x5A03, 0x6203, 0x6203, 0x6204, 0x61C4, 0x61A4, 0x6163, 0x5923, 0x5904, 0x58E5, 0x58E6, 0x58E7, 0x58E8, 0x58E9, 0x58EA,
    0x58EA, 0x58EB, 0x58EC, 0x50EC, 0x50ED, 0x48CD, 0x48CD, 0x48CE, 0x40CE, 0x40CE, 0x40CE, 0x40CF, 0x40CF, 0x40CF, 0x40EF, 0x38F0,
    0x5A23, 0x5A43, 0x6264, 0x6264, 0x6A64, 0x6A44, 0x6A24, 0x61E4, 0x61A4, 0x6164, 0x6125, 0x6126, 0x6107, 0x6108, 0x6109, 0x590A,
    0x590B, 0x590B, 0x58EC, 0x50ED, 0x48ED, 0x48ED, 0x48CE, 0x40CE, 0x40CE, 0x40CE, 0x40CF, 0x40CF, 0x38EF, 0x38EF, 0x38EF, 0x38F0,
    0x5A63, 0x6284, 0x62A4, 0x6AA4, 0x6AA5, 0x6AA5, 0x6A85, 0x6A65, 0x6A25, 0x69E5, 0x69A5, 0x6966, 0x6147, 0x6149, 0x614A, 0x614B,
    0x592B, 0x590C, 0x510C, 0x50ED, 0x48ED, 0x40ED, 0x40EE, 0x40CE, 0x38CE, 0x38CE, 0x38EF, 0x38EF, 0x38EF, 0x38EF, 0x38F0, 0x38F0,
    0x5AA4, 0x62C4, 0x62E4, 0x6AE5, 0x6B05, 0x7305, 0x7305, 0x72C5, 0x72A6, 0x7266, 0x7226, 0x7207, 0x71C8, 0x71C9, 0x69AB, 0x698C,
    0x616C, 0x594C, 0x512D, 0x490D, 0x40ED, 0x40ED, 0x38EE, 0x38EE, 0x38EE, 0x38EE, 0x38EF, 0x30EF, 0x30EF, 0x30EF, 0x38F0, 0x3910,
    0x5AE4, 0x6304, 0x6B25, 0x6B45, 0x7346, 0x7366, 0x7366, 0x7346, 0x7326, 0x72E6, 0x72C7, 0x7A87, 0x7A48, 0x7A4A, 0x722C, 0x6A0D,
    0x61CD, 0x598D, 0x514D, 0x412D, 0x410D, 0x38ED, 0x38EE, 0x30EE, 0x30EE, 0x30EE, 0x30EF, 0x30EF, 0x30EF, 0x30F0, 0x3910, 0x3910,
    0x6324, 0x6345, 0x6B65, 0x6B86, 0x7386, 0x73A6, 0x73A7, 0x73A7, 0x7B87, 0x7B67, 0x7B48, 0x7B28, 0x7AE9, 0x7ACB, 0x7AAC, 0x72AE,
    0x6A6E, 0x61EF, 0x51AF, 0x414E, 0x392E, 0x310E, 0x30EE, 0x28EE, 0x28EE, 0x28EF, 0x28EF, 0x28EF, 0x310F, 0x3110, 0x3110, 0x3930,
    0x6365, 0x6385, 0x6BA6, 0x6BA6, 0x6BC6, 0x73E7, 0x73E7, 0x73E7, 0x7BE8, 0x7BC8, 0x7BC8, 0x7BA9, 0x7B8A, 0x7B6B, 0x7B4D, 0x732E,
    0x6AEF, 0x6290, 0x5210, 0x41AF, 0x394E, 0x312E, 0x290E, 0x28EE, 0x28EE, 0x28EF, 0x290F, 0x290F, 0x2910, 0x3110, 0x3130, 0x3930,
    0x63A5, 0x63A5, 0x6BC6, 0x6BE6, 0x6C07, 0x7407, 0x7427, 0x7428, 0x7C28, 0x7C28, 0x7C29, 0x7C29, 0x7C0A, 0x7BEC, 0x7BCD, 0x73AE,
    0x7390, 0x6330, 0x5AB0, 0x4A30, 0x39B0, 0x316F, 0x292F, 0x210F, 0x210F, 0x210F, 0x210F, 0x290F, 0x2930, 0x3130, 0x3930, 0x3951,
    0x63C5, 0x63E6, 0x6C06, 0x6C06, 0x6C27, 0x6C47, 0x7448, 0x7468, 0x7C68, 0x7C69, 0x7C69, 0x8469, 0x846A, 0x7C4C, 0x7C4D, 0x7C2F,
    0x73F0, 0x6BB0, 0x5B51, 0x4AB1, 0x4251, 0x31D0, 0x298F, 0x294F, 0x212F, 0x212F, 0x212F, 0x2930, 0x2930, 0x3150, 0x3951, 0x4171,
    0x6406, 0x6406, 0x6426, 0x6C27, 0x6C47, 0x6C67, 0x7468, 0x7488, 0x7C89, 0x7CA9, 0x84A9, 0x84A9, 0x84AA, 0x84AC, 0x7C8D, 0x7C6E,
    0x7450, 0x7431, 0x63F1, 0x5B92, 0x4AF1, 0x3A51, 0x31F0, 0x2990, 0x296F, 0x2150, 0x2950, 0x2950, 0x2950, 0x3171, 0x3971, 0x4191,
    0x6426, 0x6446, 0x6447, 0x6C47, 0x6C67, 0x6C68, 0x7488, 0x74A8, 0x7CA9, 0x7CC9, 0x84CA, 0x84EA, 0x84EA, 0x84EC, 0x84ED, 0x84CF,
    0x7CB0, 0x7C91, 0x6C71, 0x6432, 0x53B2, 0x4312, 0x3A91, 0x3210, 0x29D0, 0x2990, 0x2990, 0x2991, 0x3191, 0x3191, 0x39B2, 0x41D2,
    0x6467, 0x6467, 0x6467, 0x6467, 0x6C88, 0x6C88, 0x74A8, 0x74A9, 0x7CC9, 0x7CE9, 0x84EA, 0x850A, 0x8D0B, 0x8D0C, 0x8D0E, 0x850F,
    0x84F0, 0x84F1, 0x7CD2, 0x6CB2, 0x6452, 0x53D2, 0x4352, 0x3AB1, 0x3251, 0x31F1, 0x31F1, 0x31D1, 0x31D2, 0x39F3, 0x41F3, 0x4A14,
    0x6487, 0x6487, 0x6487, 0x6488, 0x6CA8, 0x6CA8, 0x74C9, 0x74C9, 0x7CE9, 0x7D0A, 0x850A, 0x852B, 0x8D2C, 0x8D2D, 0x8D2E, 0x8D30,
    0x8D31, 0x8D11, 0x8512, 0x7D12, 0x6CD3, 0x6473, 0x53F3, 0x4372, 0x42F2, 0x3A91, 0x3A72, 0x3A52, 0x3A53, 0x4254, 0x4A74, 0x4A95,
    0x64A7, 0x64A7, 0x64A8, 0x64A8, 0x6CC8, 0x6CC8, 0x74E9, 0x74E9, 0x7D09, 0x7D2A, 0x852A, 0x8D4B, 0x8D4D, 0x8D4E, 0x8D4F, 0x8D50,
    0x8D51, 0x8D52, 0x8D52, 0x8533, 0x7D13, 0x7514, 0x64B3, 0x5433, 0x4BD3, 0x4352, 0x4312, 0x42F3, 0x42F4, 0x4AF4, 0x52F5, 0x5315,
    0x64C8, 0x64C8, 0x64C8, 0x64C8, 0x6CE8, 0x6CE9, 0x7509, 0x7509, 0x7D2A, 0x7D4A, 0x854B, 0x8D4C, 0x8D6D, 0x8D6F, 0x9570, 0x8D71,
    0x8D52, 0x8D52, 0x8D53, 0x8D53, 0x8553, 0x7D54, 0x7514, 0x64D4, 0x5C74, 0x4C13, 0x4BD3, 0x4B94, 0x4B94, 0x5395, 0x5B95, 0x5BB5,
    0x64E8, 0x64E8, 0x64E8, 0x6CE9, 0x6D09, 0x6D09, 0x7529, 0x754A, 0x7D4A, 0x854B, 0x856C, 0x8D6D, 0x8D6E, 0x8D6F, 0x9571, 0x9571,
    0x9572, 0x8D73, 0x8D73, 0x8D73, 0x8D74, 0x8574, 0x7D54, 0x7554, 0x6514, 0x5CB4, 0x5474, 0x5454, 0x5C35, 0x5C35, 0x6435, 0x6436,
    0x6D09, 0x6D09, 0x6D09, 0x6D09, 0x6D29, 0x7529, 0x754A, 0x7D4A, 0x7D6B, 0x856B, 0x856C, 0x8D6E, 0x8D8F, 0x8D90, 0x8D91, 0x8D72,
    0x8D72, 0x8D73, 0x8D93, 0x8D94, 0x8D74, 0x8D74, 0x8574, 0x7D75, 0x7555, 0x6D35, 0x64F5, 0x5CD5, 0x64B5, 0x64B5, 0x6CB5, 0x6CB6,
    0x6D29, 0x6D29, 0x6D29, 0x6D29, 0x6D49, 0x754A, 0x756A, 0x7D6A, 0x858B, 0x858C, 0x8D8D, 0x8D8E, 0x8D90, 0x8D91, 0x8D91, 0x8D92,
    0x8D93, 0x8D93, 0x8D93, 0x8D94, 0x8D94, 0x8D94, 0x8D95, 0x8D95, 0x8575, 0x7575, 0x6D55, 0x6D35, 0x6D15, 0x6D16, 0x6D16, 0x7516,
    0x754A, 0x754A, 0x754A, 0x754A, 0x756A, 0x756A, 0x7D8A, 0x858B, 0x858C, 0x8D8D, 0x8D8E, 0x8D8F, 0x8D90, 0x8D91, 0x8D92, 0x8D92,
    0x8D93, 0x8D93, 0x8D94, 0x9594, 0x95B4, 0x95B5, 0x95B5, 0x95B5, 0x8D95, 0x8595, 0x7D75, 0x7576, 0x7556, 0x6D56, 0x7536, 0x7D36,
    0x7D6A, 0x7D6A, 0x7D6A, 0x7D6A, 0x758A, 0x7D8A, 0x858B, 0x85AC, 0x8DAD, 0x8DAD, 0x8DAE, 0x8DB0, 0x8DB1, 0x8D91, 0x8D92, 0x8DB2,
    0x8DB3, 0x8DB3, 0x95B4, 0x95B4, 0x95B4, 0x95B5, 0x95B5, 0x95B5, 0x95B5, 0x8DB6, 0x85B6, 0x7D96, 0x7D96, 0x7576, 0x7D76, 0x7D76,
    0x858A, 0x858A, 0x858A, 0x858A, 0x7DAA, 0x85AB, 0x85AB, 0x8DAC, 0x8DAD, 0x8DAE, 0x8DAF, 0x8DB0, 0x8DB1, 0x8DB1, 0x8DB2, 0x8DB3,
    0x8DB3, 0x95B3, 0x95B4, 0x95B4, 0x95B5, 0x95B5, 0x9DD5, 0x9DD5, 0x95D6, 0x95D6, 0x8DB6, 0x8DB6, 0x85B6, 0x7D96, 0x7D96, 0x8596,
    0x8DAB, 0x8DAB, 0x8DAB, 0x8DAB, 0x85AB, 0x8DAB, 0x8DCC, 0x8DCD, 0x8DCD, 0x8DAE, 0x8DAF, 0x8DB0, 0x8DB1, 0x8DB2, 0x8DB2, 0x8DB3,
    0x95B3, 0x95D4, 0x95D4, 0x95D4, 0x9DD5, 0x9DD5, 0x9DD5, 0x9DD5, 0x9DD6, 0x9DD6, 0x95D6, 0x95D6, 0x8DD6, 0x85B6, 0x85B6, 0x85B6,
    0x8DCB, 0x8DCB, 0x8DCB, 0x8DCB, 0x8DCB, 0x8DCC, 0x8DCC, 0x8DCD, 0x8DCE, 0x8DCF, 0x8DD0, 0x8DB1, 0x8DB1, 0x8DB2, 0x8DD2, 0x95D3,
    0x95D3, 0x95D4, 0x95D4, 0x9DD4, 0x9DD5, 0x9DD5, 0x9DD5, 0x9DD5, 0x9DD6, 0x9DD6, 0x9DD6, 0x9DD6, 0x95D6, 0x8DD6, 0x8DD6, 0x8DD7,
    0x95CB, 0x95CB, 0x8DCB, 0x8DCB, 0x8DCB, 0x8DCC, 0x8DCC, 0x8DCD, 0x8DCE, 0x8DCF, 0x8DD0, 0x8DD1, 0x8DD1, 0x8DD2, 0x8DD3, 0x95D3,
    0x95D3, 0x95D4, 0x9DD4, 0x9DD5, 0x9DF5, 0x9DF5, 0x9DF5, 0x9DF6, 0x9DF6, 0x9DF6, 0x9DF6, 0x9DF6, 0x9DF6, 0x9DF7, 0x95F7, 0x8DD7,
    0x4861, 0x4862, 0x4862, 0x4862, 0x4862, 0x4863, 0x4863, 0x4864, 0x4864, 0x4864, 0x4865, 0x4865, 0x4866, 0x4866, 0x4867, 0x4867,
    0x4868, 0x4888, 0x5089, 0x508A, 0x508A, 0x508B, 0x508C, 0x50AC, 0x50AD, 0x50AD, 0x50AE, 0x50AE, 0x50AE, 0x50AF, 0x48AF, 0x48AF,
    0x48A2, 0x4882, 0x4882, 0x4882, 0x4882, 0x4883, 0x4883, 0x4884, 0x4884, 0x4884, 0x4885, 0x4885, 0x4886, 0x4887, 0x4887, 0x4888,
    0x5088, 0x5089, 0x5089, 0x508A, 0x50AB, 0x50AB, 0x50AC, 0x50AD, 0x50AD, 0x50AD, 0x50AE, 0x50AE, 0x50AE, 0x50AF, 0x48AF, 0x48AF,
    0x50C2, 0x50A2, 0x5082, 0x5082, 0x5082, 0x5083, 0x5083, 0x4884, 0x4884, 0x4884, 0x4885, 0x5086, 0x5086, 0x5087, 0x5087, 0x5088,
    0x5088, 0x50A9, 0x50AA, 0x58AA, 0x58AB, 0x58AC, 0x58AC, 0x58AD, 0x58AD, 0x50AE, 0x50AE, 0x50AE, 0x50AF, 0x48AF, 0x48AF, 0x48AF,
    0x5102, 0x50E2, 0x50C2, 0x50A2, 0x5082, 0x5082, 0x5083, 0x5083, 0x5084, 0x5084, 0x5085, 0x5086, 0x5086, 0x50A7, 0x50A7, 0x50A8,
    0x58A9, 0x58A9, 0x58AA, 0x58AB, 0x58AB, 0x58CC, 0x58CD, 0x58CD, 0x58CD, 0x50CE, 0x50CE, 0x50CE, 0x50CF, 0x48CF, 0x50CF, 0x50CF,
    0x5142, 0x5122, 0x5102, 0x58C2, 0x58A2, 0x50A2, 0x50A3, 0x50A3, 0x50A4, 0x50A4, 0x50A5, 0x50A6, 0x50A6, 0x58A7, 0x58A8, 0x58A8,
    0x58A9, 0x58AA, 0x58CA, 0x58CB, 0x58CC, 0x58CC, 0x58CD, 0x58CD, 0x50CE, 0x50CE, 0x50CE, 0x50CE, 0x50CF, 0x50CF, 0x50CF, 0x50CF,
    0x5962, 0x5962, 0x5942, 0x5922, 0x5902, 0x58C3, 0x58C3, 0x58A3, 0x58A4, 0x58A4, 0x58A5, 0x58A6, 0x58A6, 0x58A7, 0x58A8, 0x58C8,
    0x58C9, 0x58CA, 0x58CB, 0x58CC, 0x58CC, 0x58CD, 0x58CD, 0x58CD, 0x50CE, 0x50CE, 0x50CE, 0x50CF, 0x50CF, 0x48CF, 0x48CF, 0x48EF,
    0x59A3, 0x59A3, 0x5983, 0x5963, 0x5943, 0x5903, 0x58E3, 0x58C3, 0x58C3, 0x58C4, 0x58C5, 0x58C6, 0x58C6, 0x58C7, 0x58C8, 0x60C9,
    0x60CA, 0x60CA, 0x60EB, 0x60EC, 0x58EC, 0x58ED, 0x58ED, 0x50CE, 0x50CE, 0x50CE, 0x50CE, 0x50CF, 0x48EF, 0x48EF, 0x48EF, 0x48EF,
    0x59E3, 0x59E3, 0x61C3, 0x61C3, 0x61A3, 0x6163, 0x6143, 0x6103, 0x60E3, 0x58C4, 0x58C5, 0x58C5, 0x58C6, 0x58C7, 0x60C8, 0x60E9,
    0x60EA, 0x60EB, 0x60EB, 0x60EC, 0x58ED, 0x58ED, 0x58ED, 0x50EE, 0x50EE, 0x50EE, 0x50EE, 0x48EF, 0x48EF, 0x48EF, 0x48EF, 0x48F0,
    0x5A03, 0x6223, 0x6224, 0x6204, 0x6A04, 0x69C4, 0x61A4, 0x6163, 0x6123, 0x6104, 0x60E4, 0x60E5, 0x60E6, 0x60E7, 0x60E8, 0x60E9,
    0x60EA, 0x60EB, 0x610C, 0x60EC, 0x58ED, 0x58ED, 0x50EE, 0x50EE, 0x50EE, 0x48EE, 0x48EF, 0x48EF, 0x48EF, 0x48EF, 0x48EF, 0x48F0,
    0x6243, 0x6264, 0x6A64, 0x6A64, 0x6A64, 0x6A44, 0x6A24, 0x69E4, 0x69A4, 0x6964, 0x6125, 0x6105, 0x6106, 0x6108, 0x6109, 0x610A,
    0x610B, 0x610B, 0x610C, 0x610D, 0x590D, 0x58ED, 0x50EE, 0x50EE, 0x48EE, 0x48EE, 0x48EF, 0x48EF, 0x48EF, 0x40EF, 0x40F0, 0x4110,
    0x6284, 0x6284, 0x6AA4, 0x6AA4, 0x72A5, 0x72A5, 0x7285, 0x7265, 0x6A25, 0x69C5, 0x6985, 0x6966, 0x6947, 0x6928, 0x6929, 0x692A,
    0x692B, 0x612C, 0x612C, 0x590D, 0x590D, 0x510D, 0x50EE, 0x48EE, 0x48EE, 0x48EE, 0x40EF, 0x40EF, 0x40EF, 0x40EF, 0x4110, 0x4110,
    0x62A4, 0x6AC4, 0x6AE5, 0x7305, 0x7305, 0x7305, 0x7B06, 0x72C6, 0x72A5, 0x7265, 0x7226, 0x71E6, 0x71A7, 0x7188, 0x718A, 0x698B,
    0x696C, 0x616C, 0x614D, 0x592D, 0x510D, 0x510E, 0x48EE, 0x48EE, 0x40EE, 0x40EF, 0x40EF, 0x40EF, 0x40EF, 0x4110, 0x4110, 0x4110,
    0x62E4, 0x6B05, 0x6B25, 0x7345, 0x7366, 0x7B66, 0x7B66, 0x7B46, 0x7B26, 0x7AE6, 0x7AA6, 0x7A67, 0x8228, 0x7A09, 0x79EB, 0x71EC,
    0x71CD, 0x69AD, 0x616D, 0x594D, 0x512D, 0x490E, 0x410E, 0x40EE, 0x40EE, 0x40EF, 0x38EF, 0x390F, 0x390F, 0x3910, 0x4110, 0x4130,
    0x6325, 0x6B45, 0x6B65, 0x7386, 0x73A6, 0x7BA6, 0x7BA7, 0x7BA7, 0x7B87, 0x7B67, 0x7B27, 0x8308, 0x82C8, 0x82AA, 0x828B, 0x7A8D,
    0x7A4E, 0x720F, 0x61CF, 0x596E, 0x494E, 0x412E, 0x410E, 0x390E, 0x390E, 0x38EF, 0x390F, 0x390F, 0x390F, 0x3910, 0x4130, 0x4130,
    0x6B65, 0x6B85, 0x73A6, 0x73C6, 0x73C7, 0x7BE7, 0x7BE7, 0x7BE8, 0x83E8, 0x83C8, 0x83A8, 0x8388, 0x8369, 0x834A, 0x832C, 0x830E,
    0x7AEF, 0x7290, 0x6A30, 0x59CF, 0x498F, 0x414E, 0x392E, 0x310E, 0x310F, 0x310F, 0x310F, 0x310F, 0x3910, 0x3930, 0x4130, 0x4150,
    0x6BA5, 0x6BC6, 0x6BE6, 0x73E6, 0x7407, 0x7C07, 0x7C28, 0x7C28, 0x8428, 0x8428, 0x8429, 0x8409, 0x83EA, 0x83CB, 0x83AD, 0x83AE,
    0x7B6F, 0x7330, 0x6AD0, 0x5A51, 0x49F0, 0x416F, 0x394F, 0x312F, 0x310F, 0x290F, 0x310F, 0x312F, 0x3130, 0x3930, 0x4150, 0x4971,
    0x6BE6, 0x6BE6, 0x6C06, 0x7427, 0x7427, 0x7447, 0x7C48, 0x7C68, 0x8469, 0x8469, 0x8469, 0x846A, 0x8C6A, 0x8C4C, 0x842D, 0x842E,
    0x7BEF, 0x7BD0, 0x6B71, 0x62F2, 0x5271, 0x41F0, 0x3990, 0x314F, 0x292F, 0x292F, 0x292F, 0x3130, 0x3150, 0x3950, 0x4171, 0x4991,
    0x6C06, 0x6C26, 0x6C27, 0x6C47, 0x7447, 0x7468, 0x7C68, 0x7C89, 0x8489, 0x84A9, 0x8CAA, 0x8CAA, 0x8CAA, 0x8CAC, 0x8C8D, 0x846E,
    0x8450, 0x7C51, 0x7411, 0x6BB2, 0x5B12, 0x4A72, 0x39F1, 0x3190, 0x2970, 0x2950, 0x2950, 0x3150, 0x3150, 0x3971, 0x4191, 0x49B1,
    0x6C26, 0x6C46, 0x6C47, 0x6C67, 0x7468, 0x7488, 0x7C88, 0x7CA9, 0x84C9, 0x84CA, 0x8CEA, 0x8CEA, 0x8CEB, 0x8CEC, 0x8CED, 0x8CCF,
    0x84B0, 0x84B1, 0x7C71, 0x7432, 0x63B2, 0x5332, 0x4292, 0x3A11, 0x31D1, 0x3190, 0x3190, 0x3191, 0x3991, 0x3991, 0x41D2, 0x49F2,
    0x6C67, 0x6C67, 0x6C67, 0x6C87, 0x7488, 0x74A8, 0x7CA9, 0x7CC9, 0x84EA, 0x8CEA, 0x8D0A, 0x8D0B, 0x950B, 0x952C, 0x950E, 0x8D0F,
    0x8CF0, 0x8CF1, 0x84D2, 0x7CB2, 0x6C73, 0x5BF3, 0x5352, 0x42B2, 0x3A51, 0x31F1, 0x31D1, 0x39D2, 0x39D2, 0x41F3, 0x4A13, 0x5234,
    0x6C87, 0x6C87, 0x6C87, 0x6CA8, 0x74A8, 0x74C8, 0x7CC9, 0x7CE9, 0x850A, 0x8D0A, 0x8D2A, 0x952B, 0x952C, 0x954D, 0x954E, 0x9530,
    0x9531, 0x9531, 0x8D12, 0x8513, 0x7CD3, 0x6C93, 0x5C13, 0x4B73, 0x42F2, 0x3A92, 0x3A72, 0x3A53, 0x4253, 0x4A54, 0x5274, 0x5A95,
    0x6CA7, 0x6CA8, 0x6CA8, 0x6CC8, 0x74C8, 0x74E9, 0x7CE9, 0x7D0A, 0x850A, 0x8D2A, 0x8D4B, 0x954C, 0x954D, 0x954E, 0x9D4F, 0x9550,
    0x9551, 0x9552, 0x9553, 0x8D33, 0x8533, 0x7D14, 0x6CB4, 0x5C54, 0x53D3, 0x4B53, 0x4313, 0x42F3, 0x4AD4, 0x52F5, 0x5AF5, 0x5B15,
    0x6CC8, 0x6CC8, 0x6CC8, 0x6CE8, 0x74E9, 0x7509, 0x7D09, 0x852A, 0x852A, 0x8D4B, 0x8D4B, 0x956C, 0x956D, 0x9D6E, 0x9D70, 0x9D71,
    0x9D72, 0x9D73, 0x9553, 0x9553, 0x8D54, 0x8554, 0x7D14, 0x6CD4, 0x6474, 0x5414, 0x53D4, 0x5394, 0x5395, 0x5B95, 0x6395, 0x63B5,
    0x6CE8, 0x6CE8, 0x6CE8, 0x6D09, 0x7509, 0x7D09, 0x7D2A, 0x854A, 0x854A, 0x8D6B, 0x8D6C, 0x956D, 0x956E, 0x956F, 0x9D71, 0x9D71,
    0x9D72, 0x9D73, 0x9D73, 0x9574, 0x9574, 0x8D74, 0x8554, 0x7D55, 0x6D15, 0x64B4, 0x5C95, 0x5C55, 0x5C55, 0x6435, 0x6C35, 0x7456,
    0x6D09, 0x6D09, 0x6D09, 0x7529, 0x7529, 0x7D2A, 0x7D4A, 0x854A, 0x8D6B, 0x8D6C, 0x958D, 0x958E, 0x958F, 0x9590, 0x9D91, 0x9D92,
    0x9D93, 0x9D93, 0x9D94, 0x9D94, 0x9594, 0x9594, 0x8D75, 0x8D75, 0x7D55, 0x6D35, 0x6CF5, 0x64D5, 0x6CB5, 0x6CB5, 0x74B6, 0x74B6,
    0x7529, 0x7529, 0x7529, 0x754A, 0x7D4A, 0x7D4A, 0x856A, 0x856B, 0x8D8B, 0x8D8C, 0x958D, 0x958E, 0x9590, 0x9591, 0x9D92, 0x9D92,
    0x9D93, 0x9D93, 0x9D94, 0x9D94, 0x9D94, 0x9595, 0x9595, 0x9595, 0x8D95, 0x7D75, 0x7555, 0x6D35, 0x7536, 0x7516, 0x7D16, 0x7D16,
    0x7D4A, 0x7D4A, 0x7D4A, 0x7D4A, 0x7D6A, 0x856A, 0x858B, 0x8D8B, 0x8D8C, 0x95AD, 0x95AE, 0x95AF, 0x95B0, 0x9591, 0x9592, 0x9593,
    0x9D93, 0x9DB4, 0x9DB4, 0x9DB4, 0x9DB4, 0x9DB5, 0x9DB5, 0x95B5, 0x95B5, 0x8D96, 0x8596, 0x7D76, 0x7D56, 0x7D56, 0x7D56, 0x8556,
    0x856A, 0x856A, 0x856A, 0x858A, 0x858A, 0x858B, 0x8DAB, 0x8DAC, 0x95AD, 0x95AE, 0x95AF, 0x95B0, 0x95B1, 0x95B2, 0x95B2, 0x95B3,
    0x95B3, 0x9DB4, 0x9DB4, 0x9DB4, 0x9DB5, 0x9DB5, 0x9DB5, 0x9DB5, 0x9DB6, 0x95B6, 0x8DB6, 0x8596, 0x8596, 0x7D76, 0x8576, 0x8576,
    0x8D8B, 0x8D8B, 0x8D8B, 0x8D8B, 0x8DAB, 0x8DAB, 0x8DAC, 0x8DAC, 0x95AD, 0x95AE, 0x95AF, 0x95B0, 0x95B1, 0x95B2, 0x95B2, 0x95B3,
    0x9DB3, 0x9DB4, 0x9DB4, 0x9DB4, 0x9DB5, 0x9DD5, 0x9DD5, 0x9DD5, 0x9DD6, 0x9DD6, 0x95D6, 0x8DB6, 0x8DB6, 0x85B6, 0x8D96, 0x8D96,
    0x95AB, 0x95AB, 0x8DAB, 0x8DAB, 0x8DAB, 0x95CC, 0x95CC, 0x95CD, 0x95CE, 0x95CF, 0x95D0, 0x95B1, 0x95B1, 0x95B2, 0x95B3, 0x95B3,
    0x9DB4, 0x9DD4, 0x9DD4, 0x9DD5, 0x9DD5, 0x9DD5, 0x9DD5, 0x9DD5, 0x9DD6, 0x9DD6, 0x9DD6, 0x9DD6, 0x95D6, 0x8DD6, 0x8DB6, 0x8DB7,
    0x95CB, 0x95CB, 0x95CB, 0x95CB, 0x95CC, 0x95CC, 0x95CC, 0x95CD, 0x95CE, 0x95CF, 0x95D0, 0x95D1, 0x95D2, 0x95D2, 0x95D3, 0x9DD3,
    0x9DD4, 0x9DD4, 0x9DD4, 0x9DD5, 0x9DD5, 0x9DD5, 0xA5D5, 0xA5D6, 0xA5F6, 0xA5F6, 0x9DF6, 0x9DF6, 0x9DD6, 0x95D6, 0x95D7, 0x95D7,
    0x95CB, 0x95CB, 0x95CB, 0x95CC, 0x95CC, 0x95CC, 0x95CD, 0x95CD, 0x95CE, 0x95CF, 0x95D0, 0x95D1, 0x95D2, 0x95D2, 0x95D3, 0x9DD3,
    0x9DD4, 0x9DD4, 0x9DD4, 0x9DD5, 0x9DF5, 0xA5F5, 0xA5F5, 0xA5F6, 0xA5F6, 0xA5F6, 0xA5F6, 0xA5F6, 0xA5F6, 0x9DF7, 0x9DF7, 0x9DF7,
    0x5082, 0x5062, 0x5062, 0x5062, 0x4862, 0x4863, 0x4863, 0x4864, 0x4864, 0x4864, 0x4865, 0x4885, 0x4886, 0x5086, 0x5087, 0x5087,
    0x5088, 0x5088, 0x5089, 0x508A, 0x508A, 0x588B, 0x58AB, 0x58AC, 0x58AD, 0x58AD, 0x58AE, 0x58AE, 0x58AE, 0x50AF, 0x50AF, 0x50AF,
    0x50A2, 0x5082, 0x5082, 0x5082, 0x5082, 0x5083, 0x5083, 0x5084, 0x5084, 0x5084, 0x5085, 0x5085, 0x5086, 0x5087, 0x5087, 0x5088,
    0x5088, 0x5089, 0x5889, 0x58AA, 0x58AB, 0x58AB, 0x58AC, 0x58AD, 0x58AD, 0x58CD, 0x58CE, 0x58CE, 0x58CE, 0x50AF, 0x50CF, 0x50CF,
    0x50C2, 0x50A2, 0x5082, 0x5082, 0x5082, 0x5083, 0x5083, 0x5084, 0x5084, 0x5084, 0x5085, 0x5086, 0x5086, 0x5087, 0x5087, 0x58A8,
    0x58A8, 0x58A9, 0x58AA, 0x58AA, 0x58AB, 0x58AC, 0x58CC, 0x58CD, 0x58CD, 0x58CE, 0x58CE, 0x58CE, 0x50CF, 0x50CF, 0x50CF, 0x50CF,
    0x5102, 0x58E2, 0x58C2, 0x58A2, 0x58A2, 0x58A3, 0x58A3, 0x5883, 0x5084, 0x50A4, 0x50A5, 0x58A6, 0x58A6, 0x58A7, 0x58A7, 0x58A8,
    0x58A9, 0x58A9, 0x58AA, 0x60CB, 0x60CB, 0x60CC, 0x60CD, 0x60CD, 0x58CD, 0x58CE, 0x58CE, 0x58CE, 0x50CF, 0x50CF, 0x50CF, 0x50CF,
    0x5942, 0x5922, 0x5902, 0x58E2, 0x58C2, 0x58A2, 0x58A3, 0x58A3, 0x58A4, 0x58A4, 0x58A5, 0x58A6, 0x58A6, 0x58A7, 0x58A8, 0x58A8,
    0x60C9, 0x60CA, 0x60CA, 0x60CB, 0x60CC, 0x60CC, 0x60CD, 0x60CD, 0x58CE, 0x58CE, 0x58CE, 0x58CE, 0x58CF, 0x50CF, 0x58EF, 0x58EF,
    0x5962, 0x5963, 0x5943, 0x6123, 0x6103, 0x60E3, 0x60C3, 0x58C3, 0x58A4, 0x58A4, 0x58A5, 0x58A5, 0x58A6, 0x58C7, 0x60C8, 0x60C8,
    0x60C9, 0x60CA, 0x60CB, 0x60EB, 0x60EC, 0x60ED, 0x60ED, 0x60ED, 0x58EE, 0x58EE, 0x58EE, 0x58EF, 0x58EF, 0x58EF, 0x58EF, 0x58EF,
    0x59A3, 0x61A3, 0x6183, 0x6163, 0x6143, 0x6123, 0x60E3, 0x60C3, 0x60C3, 0x60C4, 0x60C5, 0x60C5, 0x60C6, 0x60C7, 0x60C8, 0x60C8,
    0x60E9, 0x60EA, 0x60EB, 0x60EC, 0x60EC, 0x60ED, 0x60ED, 0x60EE, 0x58EE, 0x58EE, 0x58EE, 0x58EF, 0x58EF, 0x58EF, 0x50EF, 0x50F0,
    0x61E3, 0x61E3, 0x61E3, 0x61C3, 0x69A3, 0x6983, 0x6943, 0x6103, 0x60E3, 0x60E4, 0x60C4, 0x60C5, 0x60C6, 0x60C7, 0x60E8, 0x60E9,
    0x68EA, 0x68EB, 0x68EB, 0x690C, 0x610D, 0x610D, 0x60ED, 0x58EE, 0x58EE, 0x58EE, 0x58EF, 0x58EF, 0x50EF, 0x50EF, 0x510F, 0x5110,
    0x6223, 0x6223, 0x6A24, 0x6A04, 0x6A04, 0x69E4, 0x69A4, 0x6964, 0x6923, 0x6104, 0x60E4, 0x60E5, 0x60E6, 0x60E7, 0x60E8, 0x68E9,
    0x68EA, 0x690B, 0x690C, 0x690C, 0x690D, 0x610D, 0x610E, 0x590E, 0x590E, 0x590E, 0x590F, 0x510F, 0x510F, 0x510F, 0x5110, 0x5110,
    0x6264, 0x6A64, 0x6A64, 0x6A64, 0x7264, 0x7244, 0x7224, 0x71E4, 0x69A4, 0x6964, 0x6924, 0x6905, 0x6106, 0x6107, 0x6908, 0x6909,
    0x690A, 0x690B, 0x690C, 0x690D, 0x610D, 0x610D, 0x610E, 0x590E, 0x590E, 0x590F, 0x510F, 0x510F, 0x510F, 0x510F, 0x5110, 0x5110,
    0x6A84, 0x6AA4, 0x72A4, 0x72C5, 0x72C5, 0x7AA5, 0x7AA5, 0x7265, 0x7225, 0x71C4, 0x6965, 0x6945, 0x6926, 0x6927, 0x6928, 0x6929,
    0x692A, 0x692B, 0x692C, 0x692D, 0x612D, 0x610E, 0x590E, 0x590E, 0x590E, 0x510F, 0x510F, 0x510F, 0x510F, 0x4910, 0x5110, 0x5130,
    0x6AC4, 0x6AE4, 0x72E5, 0x7305, 0x7B05, 0x7B06, 0x7B06, 0x7AC6, 0x7AA6, 0x7245, 0x7205, 0x71C6, 0x7186, 0x7168, 0x7169, 0x696A,
    0x696B, 0x696C, 0x694D, 0x694D, 0x612D, 0x592E, 0x592E, 0x590E, 0x510E, 0x510F, 0x510F, 0x490F, 0x490F, 0x4910, 0x4930, 0x5130,
    0x6B04, 0x7325, 0x7325, 0x7B46, 0x7B66, 0x7B66, 0x8366, 0x8346, 0x8326, 0x7AE6, 0x7AA6, 0x7A46, 0x7A07, 0x79E8, 0x79C9, 0x71CB,
    0x71AC, 0x71AD, 0x698D, 0x696D, 0x614E, 0x592E, 0x512E, 0x510E, 0x510F, 0x490F, 0x490F, 0x490F, 0x4930, 0x4930, 0x4930, 0x5150,
    0x6B45, 0x7365, 0x7366, 0x7B86, 0x7BA6, 0x83A7, 0x83A7, 0x83A7, 0x8387, 0x8347, 0x8327, 0x82E7, 0x82A8, 0x8269, 0x824A, 0x824C,
    0x822D, 0x7A0E, 0x71EE, 0x69AE, 0x616E, 0x594E, 0x512E, 0x492E, 0x490F, 0x410F, 0x410F, 0x410F, 0x4130, 0x4930, 0x4950, 0x5150,
    0x6B85, 0x7386, 0x73A6, 0x7BC6, 0x7BE7, 0x83E7, 0x83E7, 0x83E8, 0x83E8, 0x83C8, 0x83A8, 0x8368, 0x8B48, 0x8B09, 0x8AEB, 0x8ACD,
    0x82AE, 0x82AF, 0x7A70, 0x6A0F, 0x61AF, 0x516F, 0x494F, 0x412F, 0x412F, 0x410F, 0x412F, 0x412F, 0x4130, 0x4150, 0x4950, 0x5171,
    0x73A6, 0x73C6, 0x73E6, 0x7C07, 0x7C07, 0x8427, 0x8428, 0x8428, 0x8428, 0x8C28, 0x8C09, 0x8BE9, 0x8BC9, 0x8BAA, 0x8B8C, 0x8B6D,
    0x8B6F, 0x8350, 0x7AF1, 0x7291, 0x6210, 0x51AF, 0x496F, 0x414F, 0x392F, 0x392F, 0x392F, 0x3930, 0x4150, 0x4150, 0x4971, 0x5191,
    0x73E6, 0x7406, 0x7407, 0x7C27, 0x7C27, 0x7C48, 0x8448, 0x8468, 0x8C69, 0x8C69, 0x8C69, 0x8C49, 0x8C4A, 0x8C2B, 0x8C2C, 0x8C0E,
    0x8BEF, 0x83D0, 0x8391, 0x7332, 0x6AB1, 0x5211, 0x49B0, 0x416F, 0x394F, 0x312F, 0x392F, 0x3930, 0x4150, 0x4170, 0x4991, 0x51B1,
    0x7406, 0x7426, 0x7427, 0x7447, 0x7C68, 0x7C68, 0x8488, 0x8489, 0x8CA9, 0x8CA9, 0x8CAA, 0x8CAA, 0x8CAB, 0x948C, 0x8C8D, 0x8C6E,
    0x8C50, 0x8C51, 0x8411, 0x7BD2, 0x6B52, 0x5A92, 0x4A11, 0x39B0, 0x3970, 0x3150, 0x3150, 0x3950, 0x3970, 0x4171, 0x49B1, 0x59D1,
    0x6C46, 0x7447, 0x7467, 0x7467, 0x7C88, 0x7C88, 0x84A9, 0x84A9, 0x8CCA, 0x8CCA, 0x94EA, 0x94EB, 0x94EB, 0x94EC, 0x94CD, 0x94CF,
    0x8CB0, 0x8CB1, 0x8491, 0x8452, 0x73D2, 0x6353, 0x52B2, 0x4231, 0x39D1, 0x3191, 0x3191, 0x3971, 0x4191, 0x41B1, 0x51D2, 0x5A12,
    0x6C67, 0x7467, 0x7487, 0x7488, 0x7CA8, 0x7CA8, 0x84C9, 0x84CA, 0x8CEA, 0x8D0A, 0x950A, 0x950B, 0x950C, 0x950D, 0x950E, 0x950F,
    0x94F0, 0x94F1, 0x8CD2, 0x84B2, 0x7C73, 0x6C13, 0x5B73, 0x4AD3, 0x4252, 0x39F2, 0x39D2, 0x39B2, 0x41D2, 0x49F2, 0x5213, 0x6254,
    0x6C87, 0x6C87, 0x74A7, 0x74A8, 0x7CC8, 0x7CC9, 0x84E9, 0x8CEA, 0x8D0A, 0x952A, 0x952B, 0x9D2C, 0x9D4C, 0x9D4D, 0x9D4E, 0x9D2F,
    0x9D30, 0x9531, 0x9512, 0x8D13, 0x84D3, 0x7CB3, 0x6C33, 0x5B93, 0x4B13, 0x4293, 0x4253, 0x4233, 0x4A33, 0x5254, 0x5A74, 0x62B5,
    0x6CA7, 0x6CA8, 0x74A8, 0x74C8, 0x7CC8, 0x7CE9, 0x850A, 0x8D0A, 0x8D2A, 0x954B, 0x954B, 0x9D4C, 0x9D4D, 0x9D4E, 0x9D4F, 0x9D50,
    0x9D51, 0x9D52, 0x9D53, 0x9553, 0x9533, 0x8514, 0x7CD4, 0x6C74, 0x5BD4, 0x5354, 0x4B14, 0x4AD4, 0x52D4, 0x5AD5, 0x62F5, 0x6B15,
    0x6CC8, 0x74C8, 0x74C8, 0x74E8, 0x7CE9, 0x7D09, 0x852A, 0x8D2A, 0x8D4A, 0x954B, 0x954C, 0x9D6D, 0x9D6E, 0x9D6E, 0xA570, 0xA571,
    0x9D72, 0x9D72, 0x9D73, 0x9D73, 0x9554, 0x9554, 0x8534, 0x74F4, 0x6C94, 0x5C14, 0x5BD4, 0x5395, 0x5B75, 0x6375, 0x6B95, 0x73B5,
    0x74E8, 0x74E8, 0x74E8, 0x7509, 0x7D09, 0x852A, 0x852A, 0x8D4A, 0x8D4B, 0x956B, 0x956C, 0x9D6D, 0x9D8E, 0x9D8F, 0xA590, 0xA591,
    0xA592, 0xA593, 0xA594, 0x9D74, 0x9D74, 0x9D74, 0x9554, 0x8555, 0x7D15, 0x6CD5, 0x6495, 0x6455, 0x6C55, 0x6C35, 0x7435, 0x7C55,
    0x7509, 0x7509, 0x7509, 0x7D29, 0x7D2A, 0x854A, 0x8D4A, 0x8D6B, 0x956B, 0x958C, 0x9D8D, 0x9D8E, 0x9D8F, 0x9D90, 0x9D91, 0xA592,
    0xA593, 0xA593, 0xA594, 0xA594, 0x9D94, 0x9D94, 0x9595, 0x9575, 0x8555, 0x7D35, 0x7515, 0x6CD5, 0x74D5, 0x74B5, 0x7CB6, 0x84B6,
    0x7D29, 0x7D29, 0x7D29, 0x7D4A, 0x854A, 0x854A, 0x8D6B, 0x8D8B, 0x958C, 0x958D, 0x9D8D, 0x9D8E, 0x9DB0, 0x9DB1, 0x9D92, 0x9D92,
    0x9D93, 0xA594, 0xA594, 0xA594, 0xA5B5, 0x9D95, 0x9D95, 0x9D95, 0x9595, 0x8575, 0x7D55, 0x7D35, 0x7D36, 0x7D16, 0x8516, 0x8516,
    0x854A, 0x854A, 0x854A, 0x856A, 0x856A, 0x8D6B, 0x8D8B, 0x958C, 0x95AC, 0x9DAD, 0x9DAE, 0x9DAF, 0x9DB0, 0x9DB1, 0x9DB2, 0x9DB3,
    0x9DB3, 0x9DB4, 0xA5B4, 0xA5B4, 0xA5B5, 0xA5B5, 0x9DB5, 0x9DB5, 0x9DB5, 0x9596, 0x8D96, 0x8576, 0x8576, 0x8556, 0x8556, 0x8D56,
    0x8D6B, 0x8D6B, 0x8D6B, 0x8D8B, 0x8D8B, 0x8D8B, 0x95AB, 0x95AC, 0x9DAD, 0x9DAE, 0x9DAF, 0x9DB0, 0x9DB1, 0x9DB2, 0x9DB2, 0x9DB3,
    0x9DB4, 0x9DB4, 0xA5B4, 0xA5B5, 0xA5B5, 0xA5B5, 0xA5B5, 0xA5B5, 0x9DB6, 0x9DB6, 0x95B6, 0x8DB6, 0x8D96, 0x8D96, 0x8D76, 0x8D76,
    0x8D8B, 0x8D8B, 0x8D8B, 0x8DAB, 0x8DAB, 0x95AB, 0x95AC, 0x95AD, 0x9DCD, 0x9DCE, 0x9DCF, 0x9DB0, 0x9DB1, 0x9DB2, 0x9DB3, 0x9DB3,
    0x9DB4, 0xA5B4, 0xA5B4, 0xA5D5, 0xA5D5, 0xA5D5, 0xA5D5, 0xA5D5, 0xA5D6, 0x9DD6, 0x9DD6, 0x95D6, 0x95B6, 0x8DB6, 0x8DB6, 0x9596,
    0x95AB, 0x95AB, 0x95AB, 0x95CB, 0x95CB, 0x95CC, 0x9DCC, 0x9DCD, 0x9DCE, 0x9DCF, 0x9DD0, 0x9DD1, 0x9DD2, 0x9DD2, 0x9DD3, 0x9DD3,
    0x9DD4, 0xA5D4, 0xA5D4, 0xA5D5, 0xA5D5, 0xA5D5, 0xA5D5, 0xA5D6, 0xA5D6, 0xA5D6, 0xA5D6, 0xA5D6, 0x9DD6, 0x95D6, 0x95D7, 0x95B7,
    0x9DCB, 0x9DCB, 0x9DCB, 0x9DCC, 0x95CC, 0x9DCC, 0x9DCD, 0x9DCD, 0x9DCE, 0x9DCF, 0x9DD0, 0x9DD1, 0x9DD2, 0x9DD2, 0x9DD3, 0x9DD3,
    0xA5D4, 0xA5D4, 0xA5D5, 0xA5D5, 0xA5D5, 0xA5D5, 0xA5D5, 0xA5F6, 0xA5F6, 0xA5F6, 0xA5F6, 0xA5F6, 0xA5F6, 0x9DF7, 0x9DD7, 0x9DD7,
    0x9DCC, 0x9DCC, 0x9DCC, 0x9DEC, 0x9DEC, 0x9DEC, 0x9DED, 0x9DEE, 0x9DEE, 0x9DCF, 0x9DD0, 0x9DD1, 0x9DD2, 0x9DD2, 0x9DD3, 0x9DD4,
    0xA5D4, 0xA5D4, 0xA5D5, 0xA5F5, 0xA5F5, 0xA5F5, 0xA5F5, 0xA5F6, 0xA5F6, 0xA5F6, 0xA5F6, 0xA5F6, 0xA5F6, 0xA5F7, 0xA5F7, 0x9DF7,
    0x5082, 0x5082, 0x5082, 0x5082, 0x5082, 0x5083, 0x5083, 0x5084, 0x5084, 0x5084, 0x5085, 0x5085, 0x5086, 0x5086, 0x5087, 0x5087,
    0x5088, 0x5888, 0x5889, 0x5889, 0x588A, 0x58AB, 0x58AB, 0x60AC, 0x60AD, 0x60AD, 0x60CE, 0x60CE, 0x58CE, 0x58CF, 0x58CF, 0x58CF,
    0x58A2, 0x58A2, 0x5882, 0x5882, 0x5082, 0x5083, 0x5083, 0x5084, 0x5084, 0x5084, 0x5085, 0x5085, 0x5086, 0x5887, 0x5887, 0x5888,
    0x5888, 0x58A9, 0x58A9, 0x58AA, 0x58AA, 0x60AB, 0x60AC, 0x60CC, 0x60CD, 0x60CD, 0x60CE, 0x60CE, 0x58CE, 0x58CF, 0x58CF, 0x58CF,
    0x58E2, 0x58C2, 0x58A2, 0x58A2, 0x5882, 0x5883, 0x5883, 0x5884, 0x5884, 0x5884, 0x5885, 0x5886, 0x5886, 0x58A7, 0x58A7, 0x58A8,
    0x58A8, 0x58A9, 0x60A9, 0x60AA, 0x60AB, 0x60CC, 0x60CC, 0x60CD, 0x60CD, 0x60CE, 0x60CE, 0x58CE, 0x58CF, 0x58CF, 0x58CF, 0x58CF,
    0x5902, 0x58E2, 0x58C2, 0x58C2, 0x58A2, 0x58A3, 0x58A3, 0x58A3, 0x58A4, 0x58A4, 0x58A5, 0x58A6, 0x58A6, 0x58A7, 0x58A7, 0x60A8,
    0x60A8, 0x60A9, 0x60CA, 0x60CB, 0x60CB, 0x60CC, 0x60CD, 0x60CD, 0x60CD, 0x60CE, 0x60CE, 0x58CE, 0x58CF, 0x58EF, 0x58EF, 0x58EF,
    0x5942, 0x6122, 0x6102, 0x60E2, 0x60C2, 0x60C3, 0x60A3, 0x60A3, 0x60A4, 0x58A4, 0x58A5, 0x58A6, 0x60A6, 0x60A7, 0x60A7, 0x60C8,
    0x60C9, 0x60C9, 0x60CA, 0x60CB, 0x68EC, 0x68EC, 0x68ED, 0x60ED, 0x60EE, 0x60EE, 0x60EE, 0x58EE, 0x58EF, 0x58EF, 0x58EF, 0x60EF,
    0x6183, 0x6163, 0x6143, 0x6123, 0x6103, 0x60E3, 0x60C3, 0x60C3, 0x60C4, 0x60C4, 0x60C5, 0x60C5, 0x60C6, 0x60C7, 0x60C8, 0x60C8,
    0x60C9, 0x68CA, 0x68EB, 0x68EB, 0x68EC, 0x68ED, 0x68ED, 0x60ED, 0x60EE, 0x60EE, 0x60EE, 0x60EF, 0x58EF, 0x58EF, 0x58EF, 0x590F,
    0x61A3, 0x61A3, 0x6183, 0x6983, 0x6963, 0x6923, 0x68E3, 0x60E3, 0x60C3, 0x60C4, 0x60C5, 0x60C5, 0x60C6, 0x60C7, 0x60C8, 0x68C8,
    0x68E9, 0x68EA, 0x68EB, 0x68EC, 0x690C, 0x690D, 0x690D, 0x610E, 0x610E, 0x60EE, 0x60EE, 0x60EF, 0x610F, 0x610F, 0x590F, 0x5910,
    0x69E3, 0x69E3, 0x69E3, 0x69C3, 0x69A4, 0x6983, 0x6943, 0x6923, 0x68E3, 0x68E4, 0x68C4, 0x60C5, 0x60C6, 0x68E7, 0x68E8, 0x68E8,
    0x68E9, 0x68EA, 0x690B, 0x690C, 0x690D, 0x690D, 0x690D, 0x610E, 0x610E, 0x610E, 0x610F, 0x610F, 0x610F, 0x590F, 0x590F, 0x5910,
    0x6A23, 0x6A24, 0x6A24, 0x7224, 0x7204, 0x71E4, 0x71A4, 0x6964, 0x6924, 0x6904, 0x68E4, 0x68E5, 0x68E6, 0x68E7, 0x68E8, 0x68E8,
    0x6909, 0x690A, 0x690B, 0x690C, 0x692D, 0x690D, 0x690E, 0x610E, 0x610E, 0x610F, 0x610F, 0x610F, 0x590F, 0x590F, 0x5910, 0x5930,
    0x6A64, 0x6A64, 0x7284, 0x7264, 0x7264, 0x7244, 0x7224, 0x71E4, 0x71A4, 0x6964, 0x6924, 0x6905, 0x6906, 0x6907, 0x6908, 0x6908,
    0x690A, 0x690B, 0x692C, 0x692C, 0x692D, 0x692D, 0x692E, 0x612E, 0x612E, 0x610F, 0x610F, 0x592F, 0x592F, 0x592F, 0x5930, 0x5930,
    0x6AA4, 0x72A4, 0x72C5, 0x7AC5, 0x7AC5, 0x7AA5, 0x7AA5, 0x7A65, 0x7A25, 0x71C4, 0x7164, 0x7145, 0x6926, 0x6927, 0x6928, 0x6929,
    0x692A, 0x712B, 0x712C, 0x714D, 0x692D, 0x692E, 0x692E, 0x612E, 0x612F, 0x612F, 0x592F, 0x592F, 0x592F, 0x5930, 0x5930, 0x5930,
    0x72E4, 0x72E5, 0x7B05, 0x7B05, 0x7B26, 0x8306, 0x8306, 0x82E6, 0x7AA6, 0x7A45, 0x7A05, 0x79A5, 0x7166, 0x7167, 0x7148, 0x7149,
    0x714A, 0x716B, 0x716C, 0x714D, 0x694D, 0x694E, 0x612E, 0x612E, 0x612F, 0x592F, 0x592F, 0x592F, 0x5930, 0x5930, 0x5950, 0x5950,
    0x7305, 0x7325, 0x7B45, 0x7B46, 0x8366, 0x8366, 0x8367, 0x8347, 0x8326, 0x82C6, 0x7A86, 0x7A26, 0x79E6, 0x79A7, 0x79A8, 0x798A,
    0x798B, 0x71AC, 0x718D, 0x718D, 0x696E, 0x694E, 0x614E, 0x614F, 0x592F, 0x592F, 0x592F, 0x512F, 0x5150, 0x5150, 0x5950, 0x5970,
    0x7345, 0x7B65, 0x7B86, 0x8386, 0x83A7, 0x83A7, 0x8BA7, 0x8BA7, 0x8B87, 0x8347, 0x8307, 0x82C7, 0x8287, 0x8A48, 0x8A29, 0x820B,
    0x820C, 0x820D, 0x79EE, 0x71CE, 0x69AE, 0x696E, 0x614E, 0x594F, 0x594F, 0x512F, 0x512F, 0x5150, 0x5150, 0x5150, 0x5970, 0x5991,
    0x7385, 0x7BA6, 0x7BC6, 0x83C7, 0x83E7, 0x83E7, 0x8BE8, 0x8BE8, 0x8BE8, 0x8BC8, 0x8B88, 0x8B68, 0x8B28, 0x8AE8, 0x92AA, 0x8A8C,
    0x8A8D, 0x8A8E, 0x826F, 0x7A2F, 0x71EF, 0x61AF, 0x596F, 0x594F, 0x514F, 0x514F, 0x514F, 0x4950, 0x5150, 0x5170, 0x5991, 0x59B1,
    0x73C6, 0x7BC6, 0x7BE7, 0x8407, 0x8407, 0x8428, 0x8C28, 0x8C28, 0x8C28, 0x8C08, 0x8C09, 0x8BC9, 0x8BA9, 0x9389, 0x936B, 0x934C,
    0x8B2E, 0x8B2F, 0x8AF0, 0x82B1, 0x7250, 0x69F0, 0x59AF, 0x516F, 0x494F, 0x494F, 0x4950, 0x4950, 0x4970, 0x5170, 0x5991, 0x61B1,
    0x73E6, 0x7C06, 0x7C27, 0x8427, 0x8448, 0x8448, 0x8C48, 0x8C69, 0x8C69, 0x8C69, 0x8C49, 0x9449, 0x942A, 0x940A, 0x93EC, 0x93CD,
    0x93CE, 0x8BB0, 0x8B91, 0x8351, 0x7AD1, 0x6A51, 0x59F0, 0x5190, 0x4970, 0x414F, 0x4150, 0x4150, 0x4970, 0x5191, 0x59B1, 0x61D1,
    0x7426, 0x7C27, 0x7C47, 0x7C47, 0x8468, 0x8468, 0x8C89, 0x8C89, 0x8CA9, 0x94AA, 0x94AA, 0x94AA, 0x948B, 0x948B, 0x946D, 0x944E,
    0x944F, 0x9430, 0x8C11, 0x8BF2, 0x7B72, 0x6AD2, 0x6252, 0x51D1, 0x4990, 0x4170, 0x4170, 0x4170, 0x4990, 0x51B1, 0x59D1, 0x6212,
    0x7447, 0x7C47, 0x7C67, 0x7C68, 0x8488, 0x84A8, 0x8CA9, 0x8CC9, 0x94CA, 0x94CA, 0x94EA, 0x94EB, 0x94EB, 0x94CC, 0x94CD, 0x94CF,
    0x94B0, 0x94B1, 0x8C91, 0x8C72, 0x8412, 0x7373, 0x62F2, 0x5252, 0x49F1, 0x41B1, 0x4191, 0x4191, 0x49B1, 0x51D1, 0x59F2, 0x6A33,
    0x7467, 0x7467, 0x7C87, 0x7C88, 0x84A8, 0x84C9, 0x8CC9, 0x8CEA, 0x94EA, 0x950A, 0x9D0B, 0x9D0B, 0x9D0C, 0x9D0D, 0x9D0E, 0x9D0F,
    0x9CF0, 0x94F1, 0x94D2, 0x8CD2, 0x8C93, 0x7C33, 0x6B93, 0x5AF3, 0x5273, 0x41F2, 0x41D2, 0x41B1, 0x49D2, 0x51F2, 0x6233, 0x6A74,
    0x7487, 0x7487, 0x7CA8, 0x7CA8, 0x84C9, 0x84E9, 0x8CEA, 0x8D0A, 0x950A, 0x9D2B, 0x9D2B, 0x9D4C, 0x9D4D, 0x9D4D, 0x9D4E, 0x9D2F,
    0x9D30, 0x9D31, 0x9D12, 0x9513, 0x8CF3, 0x84B3, 0x7C33, 0x6BB4, 0x5B14, 0x4A93, 0x4A53, 0x4A33, 0x5233, 0x5A53, 0x6294, 0x72D5,
    0x74A8, 0x74A8, 0x7CC8, 0x7CC8, 0x84E9, 0x84E9, 0x8D0A, 0x952A, 0x952B, 0x9D4B, 0x9D4C, 0x9D4C, 0xA54D, 0xA54E, 0xA54F, 0xA550,
    0xA551, 0xA552, 0x9D52, 0x9D53, 0x9533, 0x9514, 0x84D4, 0x7474, 0x6BF4, 0x5B54, 0x52F4, 0x52B4, 0x5AB4, 0x62D5, 0x6B15, 0x7335,
    0x74C8, 0x74C8, 0x7CE8, 0x7CE9, 0x8509, 0x8D0A, 0x8D2A, 0x954A, 0x954B, 0x9D4B, 0x9D6C, 0xA56D, 0xA56E, 0xA56F, 0xA56F, 0xA570,
    0xA571, 0xA572, 0xA573, 0xA573, 0x9D54, 0x9D54, 0x8D34, 0x84F4, 0x7494, 0x6C14, 0x63D5, 0x6375, 0x6375, 0x6B75, 0x7395, 0x7BD5,
    0x74E8, 0x7CE8, 0x7D09, 0x7D09, 0x852A, 0x8D2A, 0x8D4A, 0x954B, 0x956B, 0x9D6C, 0x9D6D, 0xA58D, 0xA58E, 0xA58F, 0xA590, 0xA591,
    0xA592, 0xA593, 0xA593, 0xA594, 0xA574, 0xA574, 0x9D75, 0x9555, 0x8515, 0x74D5, 0x7495, 0x6C55, 0x7435, 0x7435, 0x7C55, 0x8455,
    0x7D09, 0x7D09, 0x7D29, 0x852A, 0x852A, 0x8D4A, 0x954B, 0x956B, 0x9D6C, 0x9D8C, 0x9D8D, 0xA58E, 0xA58F, 0xA590, 0xA591, 0xA592,
    0xA593, 0xA593, 0xA594, 0xA594, 0xA594, 0xA595, 0x9D95, 0x9D75, 0x8D55, 0x8535, 0x7D15, 0x74D5, 0x7CD5, 0x7CB5, 0x84B6, 0x8CD6,
    0x8529, 0x8529, 0x854A, 0x854A, 0x8D4A, 0x8D6B, 0x956B, 0x958B, 0x9D8C, 0x9D8D, 0xA5AE, 0xA5AF, 0xA5B0, 0xA5B1, 0xA5B1, 0xA5B2,
    0xA5B3, 0xA5B4, 0xA5B4, 0xA5B4, 0xA5B5, 0xA5B5, 0xA5B5, 0x9D95, 0x9D95, 0x9595, 0x8D76, 0x8556, 0x8536, 0x8536, 0x8D36, 0x8D36,
    0x854A, 0x854A, 0x8D4A, 0x8D6A, 0x8D6B, 0x958B, 0x958B, 0x9D8C, 0x9DAD, 0x9DAD, 0xA5AE, 0xA5AF, 0xA5B0, 0xA5B1, 0xA5B2, 0xA5B3,
    0xA5B3, 0xA5B4, 0xA5B4, 0xA5B5, 0xA5B5, 0xA5B5, 0xA5B5, 0xA5B5, 0x9DB6, 0x9DB6, 0x9596, 0x8D76, 0x8D76, 0x8D56, 0x8D56, 0x9556,
    0x8D6B, 0x8D6B, 0x8D8B, 0x8D8B, 0x958B, 0x958B, 0x9DAC, 0x9DAC, 0x9DAD, 0x9DAE, 0xA5AF, 0xA5B0, 0xA5B1, 0xA5B2, 0xA5B2, 0xA5B3,
    0xA5B4, 0xA5B4, 0xA5B4, 0xA5B5, 0xA5B5, 0xA5D5, 0xA5D5, 0xA5D6, 0xA5B6, 0xA5B6, 0x9DB6, 0x95B6, 0x9596, 0x9596, 0x9596, 0x9576,
    0x958B, 0x958B, 0x95AB, 0x95AB, 0x95AB, 0x9DAC, 0x9DAC, 0x9DCD, 0x9DCD, 0x9DCE, 0xA5CF, 0xA5D0, 0xA5D1, 0xA5D2, 0xA5D3, 0xA5D3,
    0xA5D4, 0xA5D4, 0xA5D5, 0xA5D5, 0xA5D5, 0xA5D5, 0xA5D5, 0xA5D6, 0xA5D6, 0xA5D6, 0xA5D6, 0x9DD6, 0x9DB6, 0x95B6, 0x95B6, 0x9DB7,
    0x9DAB, 0x9DAB, 0x9DCB, 0x9DCB, 0x9DCC, 0x9DCC, 0x9DCD, 0x9DCD, 0x9DCE, 0x9DCF, 0xA5D0, 0xA5D1, 0xA5D2, 0xA5D2, 0xA5D3, 0xA5D4,
    0xA5D4, 0xA5D4, 0xA5D5, 0xA5D5, 0xA5D5, 0xA5D5, 0xADD6, 0xADD6, 0xA5D6, 0xA5D6, 0xA5D6, 0xA5D6, 0xA5D6, 0x9DD6, 0x9DD7, 0x9DB7,
    0x9DCC, 0x9DCC, 0x9DCC, 0x9DCC, 0x9DCC, 0x9DCC, 0x9DCD, 0x9DCE, 0x9DCE, 0x9DCF, 0x9DD0, 0xA5D1, 0xA5D2, 0xA5D3, 0xA5D3, 0xA5D4,
    0xA5D4, 0xA5D4, 0xA5D5, 0xA5D5, 0xADD5, 0xADF5, 0xADF6, 0xADF6, 0xADF6, 0xADF6, 0xA5F6, 0xA5F6, 0xA5F6, 0xA5F7, 0xA5D7, 0x9DD7,
    0xA5CC, 0xA5EC, 0x9DEC, 0x9DEC, 0x9DEC, 0x9DED, 0x9DED, 0x9DEE, 0x9DEF, 0x9DF0, 0x9DF1, 0xA5F1, 0xA5D2, 0xA5D3, 0xA5D3, 0xA5D4,
    0xA5D4, 0xA5F4, 0xA5F5, 0xA5F5, 0xADF5, 0xADF5, 0xADF6, 0xADF6, 0xADF6, 0xADF6, 0xADF6, 0xADF6, 0xADF7, 0xA5F7, 0xA5F7, 0xA5F7,
    0x5882, 0x5882, 0x5882, 0x5882, 0x5883, 0x5883, 0x5883, 0x5884, 0x5884, 0x5885, 0x5885, 0x5885, 0x5886, 0x5886, 0x5887, 0x5887,
    0x5888, 0x5888, 0x5889, 0x58A9, 0x60AA, 0x60AB, 0x60AB, 0x60AC, 0x60CD, 0x60CD, 0x60CE, 0x60CE, 0x60CE, 0x60CF, 0x60CF, 0x58CF,
    0x58A2, 0x58A2, 0x5882, 0x5882, 0x5882, 0x5883, 0x5883, 0x5884, 0x5884, 0x5884, 0x5885, 0x5885, 0x5886, 0x5887, 0x5887, 0x58A8,
    0x60A8, 0x60A9, 0x60A9, 0x60AA, 0x60AA, 0x60AB, 0x60CC, 0x60CC, 0x60CD, 0x60CD, 0x60CE, 0x60CE, 0x60CE, 0x60CF, 0x60CF, 0x60CF,
    0x58E2, 0x60C2, 0x60A2, 0x60A2, 0x60A2, 0x58A3, 0x5883, 0x5884, 0x58A4, 0x58A4, 0x58A5, 0x58A6, 0x58A6, 0x60A7, 0x60A7, 0x60A8,
    0x60A8, 0x60A9, 0x60A9, 0x60CA, 0x60CB, 0x68CB, 0x68CC, 0x68CD, 0x68CD, 0x68EE, 0x60EE, 0x60EE, 0x60EF, 0x60EF, 0x60EF, 0x60EF,
    0x6102, 0x6102, 0x60E2, 0x60C2, 0x60A2, 0x60A3, 0x60A3, 0x60A3, 0x60A4, 0x60A4, 0x60A5, 0x60A6, 0x60A6, 0x60A7, 0x60A7, 0x60A8,
    0x60C8, 0x60C9, 0x68CA, 0x68CA, 0x68CB, 0x68CC, 0x68ED, 0x68ED, 0x68ED, 0x68EE, 0x60EE, 0x60EE, 0x60EF, 0x60EF, 0x60EF, 0x60EF,
    0x6142, 0x6122, 0x6123, 0x60E3, 0x60C3, 0x60C3, 0x60A3, 0x60A3, 0x60A4, 0x60A4, 0x60A5, 0x60A5, 0x60A6, 0x60C7, 0x60C7, 0x68C8,
    0x68C9, 0x68C9, 0x68CA, 0x68EB, 0x68EC, 0x68EC, 0x68ED, 0x68ED, 0x68EE, 0x68EE, 0x68EE, 0x60EF, 0x60EF, 0x60EF, 0x610F, 0x610F,
    0x6183, 0x6963, 0x6963, 0x6943, 0x6923, 0x68E3, 0x68C3, 0x68C3, 0x68C4, 0x68C4, 0x60C5, 0x60C5, 0x60C6, 0x68C7, 0x68C7, 0x68C8,
    0x68C9, 0x68EA, 0x68EA, 0x68EB, 0x68EC, 0x690D, 0x690D, 0x690D, 0x690E, 0x690E, 0x690E, 0x610F, 0x610F, 0x610F, 0x610F, 0x610F,
    0x69C3, 0x69A3, 0x69A3, 0x6983, 0x6963, 0x6923, 0x6903, 0x68E3, 0x68C3, 0x68C4, 0x68C4, 0x68C5, 0x68C6, 0x68C7, 0x68C7, 0x68E8,
    0x68E9, 0x68EA, 0x68EB, 0x690C, 0x690C, 0x690D, 0x690D, 0x690E, 0x690E, 0x690E, 0x690F, 0x610F, 0x610F, 0x610F, 0x610F, 0x6130,
    0x6A03, 0x69E3, 0x69E4, 0x71E4, 0x71C4, 0x7184, 0x7164, 0x6923, 0x68E3, 0x68E4, 0x68E4, 0x68E5, 0x68E6, 0x68E6, 0x68E7, 0x68E8,
    0x68E9, 0x690A, 0x710B, 0x710C, 0x710D, 0x712D, 0x692E, 0x692E, 0x690E, 0x690E, 0x690F, 0x690F, 0x612F, 0x612F, 0x612F, 0x6130,
    0x6A44, 0x7244, 0x7244, 0x7224, 0x7224, 0x71E4, 0x71C4, 0x7164, 0x7124, 0x7104, 0x68E4, 0x68E5, 0x68E6, 0x68E6, 0x68E7, 0x68E8,
    0x6909, 0x710A, 0x710B, 0x712C, 0x712D, 0x712D, 0x712E, 0x692E, 0x692E, 0x692F, 0x692F, 0x692F, 0x612F, 0x612F, 0x6130, 0x6130,
    0x7284, 0x7284, 0x7A84, 0x7A84, 0x7A85, 0x7A65, 0x7A45, 0x79E4, 0x71A4, 0x7164, 0x7124, 0x7105, 0x6905, 0x6906, 0x6907, 0x6908,
    0x7109, 0x710A, 0x712B, 0x712C, 0x712D, 0x714D, 0x712E, 0x692E, 0x692E, 0x692F, 0x692F, 0x692F, 0x612F, 0x6130, 0x6150, 0x6150,
    0x72A4, 0x7AC5, 0x7AC5, 0x7AC5, 0x82C5, 0x82C5, 0x82A5, 0x7A65, 0x7A25, 0x79C4, 0x7164, 0x7145, 0x7125, 0x7106, 0x7107, 0x7128,
    0x7129, 0x712A, 0x712B, 0x714C, 0x714D, 0x714E, 0x714E, 0x694E, 0x694F, 0x694F, 0x694F, 0x614F, 0x614F, 0x6150, 0x6150, 0x6150,
    0x72E5, 0x7B05, 0x7B05, 0x8326, 0x8326, 0x8326, 0x8306, 0x82E6, 0x82A6, 0x7A45, 0x79E5, 0x79A5, 0x7165, 0x7146, 0x7147, 0x7148,
    0x7149, 0x714B, 0x714C, 0x716D, 0x716D, 0x716E, 0x714E, 0x694E, 0x694F, 0x694F, 0x694F, 0x614F, 0x6150, 0x6150, 0x6170, 0x6170,
    0x7B25, 0x7B45, 0x8346, 0x8366, 0x8366, 0x8B87, 0x8B67, 0x8B67, 0x8B27, 0x82C6, 0x8286, 0x7A26, 0x79C6, 0x7986, 0x7987, 0x7969,
    0x796A, 0x798B, 0x798C, 0x718D, 0x718E, 0x716E, 0x716E, 0x696F, 0x694F, 0x694F, 0x614F, 0x6150, 0x6170, 0x6170, 0x6170, 0x6191,
    0x7B65, 0x7B66, 0x8386, 0x83A6, 0x8BA7, 0x8BC7, 0x8BC7, 0x8BA7, 0x8B87, 0x8B47, 0x8B07, 0x82A7, 0x8267, 0x8A07, 0x89E8, 0x81C9,
    0x81CB, 0x81CC, 0x79CD, 0x79CE, 0x79CE, 0x71AE, 0x698F, 0x696F, 0x696F, 0x616F, 0x616F, 0x6170, 0x6170, 0x6190, 0x6191, 0x69B1,
    0x7B86, 0x83A6, 0x83C6, 0x83C7, 0x8BE7, 0x8BE7, 0x8C08, 0x8BE8, 0x8BE8, 0x8BC8, 0x8B88, 0x8B48, 0x8AE8, 0x8AA8, 0x9268, 0x8A4A,
    0x8A4C, 0x8A4D, 0x824E, 0x824F, 0x7A0F, 0x71CF, 0x69AF, 0x698F, 0x616F, 0x616F, 0x6170, 0x5970, 0x6190, 0x6190, 0x61B1, 0x69D1,
    0x7BC6, 0x83E6, 0x83E7, 0x8407, 0x8C07, 0x8C28, 0x8C28, 0x8C28, 0x9428, 0x9408, 0x93E8, 0x8BC8, 0x9388, 0x9349, 0x9329, 0x92EB,
    0x92ED, 0x92EE, 0x8ACF, 0x8AB0, 0x8291, 0x7A30, 0x71F0, 0x69AF, 0x618F, 0x5970, 0x5970, 0x5990, 0x5990, 0x61B1, 0x61D1, 0x69F1,
    0x7C06, 0x8407, 0x8427, 0x8427, 0x8C48, 0x8C48, 0x8C48, 0x8C69, 0x9469, 0x9449, 0x9449, 0x9429, 0x9409, 0x93EA, 0x9BCA, 0x9BAC,
    0x938D, 0x938F, 0x9370, 0x9351, 0x8B11, 0x82B1, 0x7231, 0x69F0, 0x61B0, 0x5990, 0x5990, 0x5990, 0x59B1, 0x61D1, 0x69F1, 0x6A12,
    0x7C27, 0x8427, 0x8447, 0x8468, 0x8C68, 0x8C68, 0x8C89, 0x9489, 0x9489, 0x948A, 0x948A, 0x948A, 0x946A, 0x9C6B, 0x9C4C, 0x9C2D,
    0x9C2E, 0x9410, 0x9411, 0x93F2, 0x8BB2, 0x8332, 0x72B2, 0x6A31, 0x59D1, 0x51B0, 0x5190, 0x5190, 0x59B1, 0x61D1, 0x6A12, 0x7232,
    0x7C47, 0x7C67, 0x8467, 0x8488, 0x8C88, 0x8CA9, 0x8CA9, 0x94CA, 0x94CA, 0x94CA, 0x9CCA, 0x9CCB, 0x9CCB, 0x9CCC, 0x9CAD, 0x9CAE,
    0x9C8F, 0x9490, 0x9471, 0x9472, 0x8C32, 0x8BD3, 0x7B33, 0x6A92, 0x6232, 0x51D1, 0x51B1, 0x51B1, 0x59D1, 0x61F1, 0x6A32, 0x7273,
    0x7C67, 0x7C87, 0x8488, 0x84A8, 0x8CA9, 0x8CC9, 0x94EA, 0x94EA, 0x9D0A, 0x9D0B, 0x9D0B, 0x9D0B, 0x9D0C, 0x9D0D, 0x9D0E, 0x9D0F,
    0x9CF0, 0x9CF1, 0x9CD2, 0x94D2, 0x94B3, 0x8C73, 0x83D3, 0x7313, 0x6293, 0x5212, 0x51D2, 0x51D1, 0x59F2, 0x6212, 0x6A53, 0x7AB4,
    0x7C87, 0x7CA8, 0x84A8, 0x84C8, 0x8CC9, 0x8CEA, 0x950A, 0x950A, 0x9D2B, 0x9D2B, 0x9D2B, 0xA54C, 0xA54D, 0xA54E, 0xA52F, 0xA530,
    0xA530, 0x9D31, 0x9D12, 0x9D13, 0x94F3, 0x94D3, 0x8453, 0x7BD4, 0x6B33, 0x5A93, 0x5253, 0x5232, 0x5A33, 0x6273, 0x72B4, 0x7B15,
    0x7CA8, 0x7CC8, 0x84C8, 0x84E9, 0x8CE9, 0x8D0A, 0x952A, 0x9D2B, 0x9D4B, 0x9D4B, 0xA54C, 0xA54D, 0xA54D, 0xA54E, 0xA54F, 0xA550,
    0xA550, 0xA551, 0xA552, 0xA553, 0x9D33, 0x9514, 0x8CF4, 0x8494, 0x7414, 0x6B54, 0x62F4, 0x5AB4, 0x62B4, 0x6AD5, 0x7315, 0x8375,
    0x7CC8, 0x7CE8, 0x84E8, 0x8509, 0x8D0A, 0x8D2A, 0x952B, 0x9D4B, 0x9D4B, 0xA56C, 0xA56D, 0xA56D, 0xA56E, 0xA56F, 0xA570, 0xA570,
    0xA571, 0xA572, 0xA572, 0xA573, 0xA554, 0x9D54, 0x9D34, 0x8D14, 0x8494, 0x7414, 0x6BB4, 0x6B75, 0x6B55, 0x7375, 0x7BB5, 0x83F5,
    0x7D08, 0x7D09, 0x8509, 0x8509, 0x8D2A, 0x954A, 0x954B, 0x9D6B, 0x9D6C, 0xA56C, 0xA58D, 0xA58E, 0xA58F, 0xAD8F, 0xAD90, 0xAD91,
    0xAD92, 0xAD92, 0xAD93, 0xAD94, 0xA594, 0xA595, 0xA575, 0x9D55, 0x8D35, 0x84D5, 0x7C95, 0x7455, 0x7C35, 0x7C35, 0x8455, 0x8C75,
    0x8529, 0x8529, 0x8529, 0x8D2A, 0x8D4A, 0x954B, 0x9D6B, 0x9D6B, 0x9D8C, 0xA58D, 0xA58D, 0xA58E, 0xA58F, 0xAD90, 0xAD91, 0xADB2,
    0xADB2, 0xADB3, 0xADB4, 0xAD94, 0xAD95, 0xAD95, 0xA595, 0xA595, 0x9575, 0x8D55, 0x8D15, 0x84D5, 0x84D5, 0x84B5, 0x8CD5, 0x94D6,
    0x8549, 0x854A, 0x8D4A, 0x8D4A, 0x954B, 0x956B, 0x9D8B, 0x9D8C, 0xA58C, 0xA5AD, 0xA5AE, 0xA5AF, 0xA5B0, 0xADB1, 0xADB1, 0xADB2,
    0xADB3, 0xADB4, 0xADB4, 0xADB5, 0xADB5, 0xADB5, 0xADB5, 0xA5B5, 0xA595, 0x9D96, 0x9576, 0x8D56, 0x8D36, 0x8D36, 0x9536, 0x9536,
    0x8D4A, 0x8D4A, 0x8D6A, 0x956B, 0x956B, 0x9D8B, 0x9D8C, 0x9DAC, 0xA5AD, 0xA5AE, 0xA5AE, 0xA5AF, 0xA5B0, 0xA5B1, 0xADB2, 0xADB3,
    0xADB3, 0xADB4, 0xADB4, 0xADB5, 0xADB5, 0xADB5, 0xADB5, 0xADB5, 0xA5B6, 0xA5B6, 0x9D96, 0x9596, 0x9576, 0x9556, 0x9556, 0x9D56,
    0x956B, 0x958B, 0x958B, 0x958B, 0x9D8B, 0x9DAB, 0x9DAC, 0xA5AD, 0xA5AD, 0xA5AE, 0xA5CF, 0xA5D0, 0xA5D1, 0xA5D2, 0xA5D2, 0xADD3,
    0xADD4, 0xADD4, 0xADD5, 0xADD5, 0xADD5, 0xADD5, 0xADD6, 0xADD6, 0xADD6, 0xA5D6, 0xA5B6, 0x9DB6, 0x9DB6, 0x9596, 0x9D96, 0x9D96,
    0x9D8B, 0x9DAB, 0x9DAB, 0x9DAB, 0x9DAB, 0x9DAC, 0xA5CC, 0xA5CD, 0xA5CE, 0xA5CF, 0xA5CF, 0xA5D0, 0xA5D1, 0xA5D2, 0xA5D3, 0xADD3,
    0xADD4, 0xADD4, 0xADD5, 0xADD5, 0xADD5, 0xADD5, 0xADD6, 0xADD6, 0xADD6, 0xADD6, 0xA5D6, 0xA5D6, 0xA5D6, 0x9DB6, 0x9DB7, 0x9DB7,
    0x9DAB, 0x9DCB, 0x9DCC, 0x9DCC, 0x9DCC, 0xA5CC, 0xA5CD, 0xA5CD, 0xA5CE, 0xA5CF, 0xA5D0, 0xA5D1, 0xA5D2, 0xA5D2, 0xA5D3, 0xADD4,
    0xADD4, 0xADD4, 0xADD5, 0xADD5, 0xADD5, 0xADD5, 0xADD6, 0xADD6, 0xADD6, 0xADD6, 0xADD6, 0xADD6, 0xA5D6, 0xA5D7, 0xA5D7, 0xA5D7,
    0xA5CC, 0xA5CC, 0xA5CC, 0xA5CC, 0xA5CC, 0xA5CD, 0xA5CD, 0xA5EE, 0xA5EF, 0xA5EF, 0xA5F0, 0xA5D1, 0xA5D2, 0xA5D3, 0xA5D3, 0xADD4,
    0xADD4, 0xADD5, 0xADD5, 0xADF5, 0xADF5, 0xADF6, 0xADF6, 0xADF6, 0xADF6, 0xADF6, 0xADF6, 0xADF6, 0xADF7, 0xA5F7, 0xA5F7, 0xA5D7,
    0xA5EC, 0xA5EC, 0xA5EC, 0xA5EC, 0xA5ED, 0xA5ED, 0xA5ED, 0xA5EE, 0xA5EF, 0xA5F0, 0xA5F1, 0xA5F1, 0xA5F2, 0xA5F3, 0xA5F3, 0xADF4,
    0xADF4, 0xADF5, 0xADF5, 0xADF5, 0xADF5, 0xADF6, 0xADF6, 0xADF6, 0xADF6, 0xADF6, 0xADF6, 0xADF6, 0xADF7, 0xADF7, 0xADF7, 0xADF7,
    0x6082, 0x6082, 0x5882, 0x5882, 0x5883, 0x5883, 0x5883, 0x5884, 0x5884, 0x5885, 0x5885, 0x5885, 0x5886, 0x5886, 0x6087, 0x6087,
    0x6088, 0x60A8, 0x60A9, 0x60A9, 0x60AA, 0x60AB, 0x60AB, 0x68CC, 0x68CD, 0x68CD, 0x68CE, 0x68CE, 0x68CE, 0x60CF, 0x60CF, 0x60CF,
    0x60C2, 0x60A2, 0x60A2, 0x6082, 0x6083, 0x6083, 0x6083, 0x6084, 0x6084, 0x6085, 0x6085, 0x6086, 0x60A6, 0x60A7, 0x60A7, 0x60A8,
    0x60A8, 0x60A9, 0x60A9, 0x60AA, 0x68AA, 0x68CB, 0x68CC, 0x68CC, 0x68CD, 0x68CD, 0x68EE, 0x68EE, 0x68EE, 0x68EF, 0x60EF, 0x60EF,
    0x60E2, 0x60C2, 0x60A2, 0x60A2, 0x60A2, 0x60A3, 0x60A3, 0x60A4, 0x60A4, 0x60A4, 0x60A5, 0x60A6, 0x60A6, 0x60A7, 0x60A7, 0x60A8,
    0x60A8, 0x68A9, 0x68C9, 0x68CA, 0x68CB, 0x68CB, 0x68CC, 0x68ED, 0x68ED, 0x68EE, 0x68EE, 0x68EE, 0x68EF, 0x68EF, 0x60EF, 0x60EF,
    0x6122, 0x6902, 0x68E2, 0x68C2, 0x68C3, 0x68A3, 0x60A3, 0x60A3, 0x60A4, 0x60A4, 0x60A5, 0x60A5, 0x60A6, 0x60A7, 0x68A7, 0x68C8,
    0x68C8, 0x68C9, 0x68CA, 0x68CA, 0x68CB, 0x68EC, 0x68EC, 0x68ED, 0x68ED, 0x68EE, 0x68EE, 0x68EE, 0x68EF, 0x68EF, 0x68EF, 0x690F,
    0x6943, 0x6943, 0x6923, 0x6903, 0x68E3, 0x68C3, 0x68C3, 0x68C3, 0x68C4, 0x68C4, 0x68C5, 0x68C5, 0x68C6, 0x68C7, 0x68C7, 0x68C8,
    0x68C8, 0x68C9, 0x68EA, 0x68EB, 0x68EB, 0x68EC, 0x68ED, 0x710D, 0x690E, 0x690E, 0x690E, 0x690F, 0x690F, 0x690F, 0x690F, 0x690F,
    0x6983, 0x6983, 0x6963, 0x6943, 0x6923, 0x6903, 0x68E3, 0x68C3, 0x68C4, 0x68C4, 0x68C5, 0x68C5, 0x68C6, 0x68C7, 0x68C7, 0x68C8,
    0x68E9, 0x68E9, 0x68EA, 0x70EB, 0x710C, 0x710D, 0x710D, 0x710D, 0x710E, 0x690E, 0x690E, 0x690F, 0x690F, 0x690F, 0x690F, 0x692F,
    0x69C3, 0x69C3, 0x71A3, 0x7183, 0x7163, 0x7143, 0x7103, 0x70E3, 0x68E4, 0x68C4, 0x68C4, 0x68C5, 0x68C6, 0x68C6, 0x68E7, 0x68E8,
    0x68E9, 0x70E9, 0x710A, 0x710B, 0x710C, 0x710D, 0x712D, 0x712E, 0x712E, 0x692E, 0x692F, 0x690F, 0x692F, 0x692F, 0x692F, 0x6930,
    0x7203, 0x7204, 0x7204, 0x71E4, 0x71C4, 0x71A4, 0x7164, 0x7124, 0x7104, 0x70E4, 0x70E4, 0x68E5, 0x68E6, 0x68E6, 0x68E7, 0x70E8,
    0x70E9, 0x710A, 0x710B, 0x710C, 0x712C, 0x712D, 0x712D, 0x712E, 0x712E, 0x692E, 0x692F, 0x692F, 0x692F, 0x692F, 0x692F, 0x6930,
    0x7244, 0x7244, 0x7A44, 0x7A44, 0x7A24, 0x7A04, 0x79C4, 0x7184, 0x7124, 0x7104, 0x7104, 0x70E5, 0x70E5, 0x70E6, 0x70E7, 0x7108,
    0x7109, 0x710A, 0x710B, 0x712C, 0x712D, 0x712D, 0x714E, 0x714E, 0x712E, 0x712F, 0x692F, 0x692F, 0x692F, 0x694F, 0x6950, 0x6950,
    0x7A84, 0x7A84, 0x7A85, 0x7A85, 0x7A85, 0x7A65, 0x7A45, 0x7A04, 0x79A4, 0x7964, 0x7124, 0x7105, 0x7105, 0x7106, 0x7107, 0x7108,
    0x7108, 0x710A, 0x712B, 0x712C, 0x714D, 0x714D, 0x714E, 0x714E, 0x714F, 0x714F, 0x694F, 0x694F, 0x694F, 0x6950, 0x6950, 0x6970,
    0x7AC4, 0x7AC5, 0x82E5, 0x82E5, 0x82E5, 0x82C6, 0x82A6, 0x8285, 0x7A25, 0x79C5, 0x7964, 0x7145, 0x7125, 0x7106, 0x7107, 0x7108,
    0x7128, 0x712A, 0x712B, 0x714C, 0x714D, 0x714E, 0x716E, 0x714E, 0x714F, 0x714F, 0x694F, 0x694F, 0x6950, 0x6970, 0x6970, 0x6970,
    0x7B05, 0x8305, 0x8326, 0x8326, 0x8B26, 0x8B26, 0x8B26, 0x8AE6, 0x82A6, 0x8245, 0x79E5, 0x79A5, 0x7965, 0x7946, 0x7127, 0x7128,
    0x7129, 0x714A, 0x714B, 0x796C, 0x796D, 0x796E, 0x716E, 0x716F, 0x716F, 0x716F, 0x696F, 0x696F, 0x6970, 0x6970, 0x6990, 0x6990,
    0x7B45, 0x8346, 0x8366, 0x8B66, 0x8B87, 0x8B87, 0x8B87, 0x8B67, 0x8B27, 0x8AC6, 0x8286, 0x8205, 0x79A5, 0x7986, 0x7967, 0x7968,
    0x7969, 0x796A, 0x796B, 0x798D, 0x798D, 0x798E, 0x718E, 0x718F, 0x716F, 0x716F, 0x696F, 0x6970, 0x6990, 0x6990, 0x69B0, 0x69B1,
    0x8366, 0x8386, 0x83A6, 0x8BA7, 0x8BC7, 0x8BC7, 0x93C8, 0x93C8, 0x93A8, 0x8B47, 0x8B07, 0x82A6, 0x8246, 0x81E6, 0x81C7, 0x81A8,
    0x81A9, 0x81AB, 0x79CC, 0x79CD, 0x79CE, 0x79CE, 0x79AF, 0x718F, 0x718F, 0x698F, 0x6990, 0x6990, 0x6990, 0x69B0, 0x69D1, 0x71F1,
    0x83A6, 0x83C6, 0x8BC7, 0x8BE7, 0x8BE7, 0x8C08, 0x9408, 0x9408, 0x93E8, 0x93C8, 0x8B88, 0x8B27, 0x8AC7, 0x8A87, 0x8A48, 0x8A29,
    0x8A0A, 0x8A0C, 0x822D, 0x822E, 0x820F, 0x820F, 0x79EF, 0x71CF, 0x71AF, 0x69B0, 0x69B0, 0x69B0, 0x69B0, 0x69D1, 0x71F1, 0x7211,
    0x83E6, 0x83E7, 0x8C07, 0x8C07, 0x8C08, 0x8C28, 0x9428, 0x9428, 0x9428, 0x9408, 0x93E8, 0x93A8, 0x9368, 0x9328, 0x92E8, 0x92AA,
    0x92AB, 0x92AD, 0x92AE, 0x92B0, 0x8A90, 0x8250, 0x7A30, 0x71F0, 0x71D0, 0x69B0, 0x69B0, 0x69B0, 0x69D1, 0x69F1, 0x7211, 0x7232,
    0x8407, 0x8427, 0x8C27, 0x8C28, 0x8C48, 0x8C48, 0x9448, 0x9449, 0x9449, 0x9449, 0x9429, 0x9409, 0x93E9, 0x93C9, 0x9B89, 0x9B6B,
    0x9B2C, 0x9B2E, 0x9B2F, 0x9331, 0x9311, 0x8AD1, 0x8291, 0x7A31, 0x71F0, 0x69D0, 0x69D0, 0x69D1, 0x69F1, 0x6A11, 0x7232, 0x7A53,
    0x8427, 0x8447, 0x8C47, 0x8C68, 0x8C68, 0x8C68, 0x9489, 0x9489, 0x9489, 0x948A, 0x9C6A, 0x9C6A, 0x9C4A, 0x9C4A, 0x9C2B, 0x9C0C,
    0x9BED, 0x9BCF, 0x9BD0, 0x9BD1, 0x93B2, 0x9372, 0x8AF2, 0x7A72, 0x7231, 0x69F1, 0x61F1, 0x61F1, 0x69F1, 0x6A12, 0x7252, 0x7A93,
    0x8447, 0x8467, 0x8C68, 0x8C88, 0x8C88, 0x94A9, 0x94A9, 0x94AA, 0x9CCA, 0x9CCA, 0x9CCA, 0x9CAA, 0x9CAB, 0x9CAB, 0x9C8C, 0x9C8D,
    0x9C6E, 0x9C70, 0x9C51, 0x9C52, 0x9C32, 0x93F3, 0x8B73, 0x82F3, 0x7292, 0x6A31, 0x6211, 0x61F1, 0x6A12, 0x7232, 0x7A73, 0x82B4,
    0x8487, 0x8488, 0x8488, 0x8CA8, 0x8CC9, 0x94C9, 0x94EA, 0x9CEA, 0x9CEA, 0x9D0B, 0x9D0B, 0xA50B, 0xA50C, 0xA4EC, 0xA4ED, 0xA4EE,
    0xA4CF, 0x9CD0, 0x9CD1, 0x9CB2, 0x9CB3, 0x9473, 0x8C13, 0x8373, 0x72F3, 0x6A52, 0x6232, 0x6212, 0x6A32, 0x7253, 0x7AB4, 0x82F5,
    0x84A8, 0x84A8, 0x84A8, 0x8CC9, 0x8CE9, 0x94EA, 0x9D0A, 0x9D0B, 0x9D2B, 0xA52B, 0xA52B, 0xA52C, 0xA52D, 0xA52D, 0xA52E, 0xA52F,
    0xA530, 0xA511, 0xA512, 0x9D13, 0x9CF3, 0x9CD3, 0x9494, 0x8C14, 0x7B74, 0x6AD3, 0x6A93, 0x6253, 0x6A73, 0x7294, 0x7AF4, 0x8B55,
    0x84C8, 0x84C8, 0x84C8, 0x8CE9, 0x950A, 0x950A, 0x9D2B, 0x9D2B, 0xA54B, 0xA54C, 0xA54C, 0xA54D, 0xA54D, 0xAD4E, 0xAD4F, 0xAD50,
    0xA551, 0xA551, 0xA552, 0xA533, 0xA533, 0x9D34, 0x9CF4, 0x94B4, 0x8434, 0x7394, 0x6B14, 0x6AB4, 0x72B4, 0x7AF4, 0x8355, 0x8BB5,
    0x84E8, 0x84E8, 0x8CE9, 0x8D09, 0x950A, 0x952A, 0x9D4B, 0x9D4B, 0xA54B, 0xA56C, 0xA56D, 0xAD6D, 0xAD6E, 0xAD6F, 0xAD70, 0xAD70,
    0xAD71, 0xAD72, 0xAD72, 0xA573, 0xA554, 0xA554, 0x9D34, 0x9D14, 0x8CB4, 0x8434, 0x7BD4, 0x7375, 0x7B75, 0x7B75, 0x83D5, 0x8C35,
    0x8509, 0x8509, 0x8D09, 0x8D2A, 0x952A, 0x9D4B, 0x9D4B, 0xA56B, 0xA56C, 0xA56D, 0xAD8D, 0xAD8E, 0xAD8F, 0xAD90, 0xAD90, 0xAD91,
    0xAD92, 0xAD92, 0xAD93, 0xAD93, 0xAD94, 0xAD94, 0xA575, 0x9D55, 0x9535, 0x8CF5, 0x8495, 0x8455, 0x8435, 0x8435, 0x8C75, 0x9495,
    0x8D29, 0x8D29, 0x8D2A, 0x954A, 0x954B, 0x9D6B, 0x9D6B, 0xA56C, 0xA58C, 0xA58D, 0xAD8E, 0xAD8F, 0xAD8F, 0xADB0, 0xADB1, 0xADB2,
    0xADB2, 0xADB3, 0xADB3, 0xADB4, 0xADB4, 0xAD95, 0xAD95, 0xA595, 0x9D75, 0x9555, 0x9515, 0x8CD5, 0x8CD5, 0x8CB5, 0x94D5, 0x94F6,
    0x8D4A, 0x8D4A, 0x8D4A, 0x954B, 0x9D6B, 0x9D6B, 0xA58B, 0xA58C, 0xA58D, 0xA5AD, 0xADAE, 0xADAF, 0xADB0, 0xADB1, 0xADB1, 0xADB2,
    0xADB3, 0xADB3, 0xADB4, 0xADB4, 0xADB5, 0xADB5, 0xADB5, 0xADB5, 0xA595, 0xA596, 0x9D76, 0x9556, 0x9536, 0x9536, 0x9D36, 0x9D56,
    0x956A, 0x956B, 0x956B, 0x956B, 0x9D8B, 0x9D8B, 0xA5AC, 0xA5AD, 0xA5AD, 0xADAE, 0xADAF, 0xADB0, 0xADB0, 0xADB1, 0xADB2, 0xADB3,
    0xADB3, 0xADB4, 0xADB4, 0xADD5, 0xADD5, 0xADD5, 0xADD5, 0xADB6, 0xADB6, 0xA5B6, 0xA596, 0x9D96, 0x9D76, 0x9D76, 0x9D76, 0x9D76,
    0x9D8B, 0x9D8B, 0x9D8B, 0x9D8B, 0x9DAB, 0xA5AC, 0xA5AC, 0xA5AD, 0xA5AE, 0xADCE, 0xADCF, 0xADD0, 0xADD1, 0xADD2, 0xADD2, 0xADD3,
    0xADD4, 0xADD4, 0xADD5, 0xADD5, 0xADD5, 0xADD5, 0xADD6, 0xADD6, 0xADD6, 0xADD6, 0xA5D6, 0xA5B6, 0xA5B6, 0x9D96, 0x9D96, 0xA597,
    0x9DAB, 0x9DAB, 0x9DAB, 0x9DAC, 0xA5AC, 0xA5AC, 0xA5CD, 0xA5CD, 0xA5CE, 0xADCF, 0xADD0, 0xADD0, 0xADD1, 0xADD2, 0xADD3, 0xADD3,
    0xADD4, 0xADD4, 0xADD5, 0xADD5, 0xADD5, 0xADD6, 0xADD6, 0xADD6, 0xADD6, 0xADD6, 0xADD6, 0xA5D6, 0xA5D6, 0xA5B6, 0xA5B7, 0xA5B7,
    0xA5CC, 0xA5CC, 0xA5CC, 0xA5CC, 0xA5CC, 0xA5CD, 0xA5CD, 0xA5CE, 0xADCE, 0xADCF, 0xADD0, 0xADD1, 0xADD2, 0xADD2, 0xADD3, 0xADD4,
    0xADD4, 0xADD5, 0xADD5, 0xADD5, 0xADD5, 0xADF6, 0xADF6, 0xADF6, 0xADF6, 0xADF6, 0xADF6, 0xADF6, 0xADF7, 0xADD7, 0xA5D7, 0xA5D7,
    0xA5CC, 0xA5CC, 0xA5CC, 0xA5CC, 0xA5CC, 0xA5CD, 0xA5ED, 0xA5EE, 0xADEF, 0xADF0, 0xADF0, 0xADF1, 0xADF2, 0xADF3, 0xADF3, 0xADF4,
    0xADF4, 0xADF5, 0xADF5, 0xADF5, 0xADF5, 0xADF6, 0xADF6, 0xADF6, 0xADF6, 0xADF6, 0xADF6, 0xADF6, 0xADF7, 0xADF7, 0xADF7, 0xADF7,
    0xA5EC, 0xA5EC, 0xA5EC, 0xA5EC, 0xA5ED, 0xA5ED, 0xA5EE, 0xA5EE, 0xADEF, 0xADF0, 0xADF1, 0xADF1, 0xADF2, 0xADF3, 0xADF3, 0xADF4,
    0xADF4, 0xADF5, 0xADF5, 0xADF5, 0xADF5, 0xADF6, 0xADF6, 0xADF6, 0xADF6, 0xADF6, 0xADF6, 0xADF6, 0xADF7, 0xAE17, 0xADF7, 0xADF7,
    0x6082, 0x6082, 0x6082, 0x6082, 0x6083, 0x6083, 0x6083, 0x6084, 0x6084, 0x6085, 0x6085, 0x6086, 0x6086, 0x6086, 0x6087, 0x60A7,
    0x60A8, 0x60A8, 0x68A9, 0x68A9, 0x68AA, 0x68AA, 0x68AB, 0x68CC, 0x68CD, 0x68CD, 0x68CE, 0x68EE, 0x68EE, 0x68EF, 0x68EF, 0x68EF,
    0x68C2, 0x68A2, 0x68A2, 0x60A2, 0x60A3, 0x60A3, 0x60A3, 0x60A4, 0x60A4, 0x60A5, 0x60A5, 0x60A6, 0x60A6, 0x60A7, 0x60A7, 0x68A8,
    0x68A8, 0x68A9, 0x68A9, 0x68AA, 0x68CA, 0x68CB, 0x68CC, 0x68CC, 0x68ED, 0x68ED, 0x68EE, 0x68EE, 0x68EE, 0x68EF, 0x68EF, 0x68EF,
    0x68E2, 0x68C2, 0x68C2, 0x68A2, 0x68A3, 0x68A3, 0x68A3, 0x68A4, 0x68A4, 0x68A4, 0x68A5, 0x68A6, 0x68A6, 0x68A7, 0x68A7, 0x68A8,
    0x68A8, 0x68C9, 0x68C9, 0x68CA, 0x68CB, 0x68CB, 0x68EC, 0x68ED, 0x70ED, 0x70EE, 0x70EE, 0x68EE, 0x68EF, 0x68EF, 0x68EF, 0x68EF,
    0x6922, 0x6903, 0x68E3, 0x68E3, 0x68C3, 0x68C3, 0x68A3, 0x68A3, 0x68A4, 0x68A4, 0x68A5, 0x68A5, 0x68A6, 0x68C7, 0x68C7, 0x68C8,
    0x68C8, 0x68C9, 0x68CA, 0x68CA, 0x70EB, 0x70EC, 0x70EC, 0x70ED, 0x710D, 0x710E, 0x710E, 0x710E, 0x690F, 0x690F, 0x690F, 0x690F,
    0x6963, 0x6943, 0x7123, 0x7103, 0x70E3, 0x68C3, 0x68C3, 0x68C3, 0x68C4, 0x68C4, 0x68C5, 0x68C5, 0x68C6, 0x68C7, 0x68C7, 0x68C8,
    0x68C8, 0x70E9, 0x70EA, 0x70EB, 0x70EB, 0x710C, 0x710D, 0x710D, 0x710E, 0x710E, 0x710E, 0x710F, 0x690F, 0x690F, 0x690F, 0x690F,
    0x7183, 0x7183, 0x7163, 0x7143, 0x7123, 0x7103, 0x70E3, 0x70C3, 0x70C4, 0x68C4, 0x68C5, 0x68C5, 0x68C6, 0x68C6, 0x68C7, 0x70E8,
    0x70E8, 0x70E9, 0x70EA, 0x70EB, 0x710C, 0x710C, 0x710D, 0x710D, 0x712E, 0x712E, 0x712E, 0x712F, 0x712F, 0x692F, 0x692F, 0x692F,
    0x71C3, 0x71C3, 0x71C3, 0x71A4, 0x7184, 0x7143, 0x7103, 0x70E3, 0x70E4, 0x70E4, 0x70E4, 0x70E5, 0x70E6, 0x70E6, 0x70E7, 0x70E8,
    0x70E8, 0x70E9, 0x710A, 0x710B, 0x710C, 0x712D, 0x712D, 0x712E, 0x712E, 0x712E, 0x712F, 0x712F, 0x712F, 0x692F, 0x692F, 0x6930,
    0x7204, 0x7A04, 0x7A04, 0x79E4, 0x79E4, 0x79A4, 0x7964, 0x7124, 0x7104, 0x70E4, 0x70E4, 0x70E5, 0x70E5, 0x70E6, 0x70E7, 0x70E8,
    0x70E8, 0x7109, 0x710A, 0x710B, 0x712C, 0x712D, 0x712D, 0x714E, 0x714E, 0x714E, 0x712F, 0x712F, 0x712F, 0x714F, 0x7150, 0x7150,
    0x7A64, 0x7A64, 0x7A44, 0x7A44, 0x7A44, 0x7A04, 0x79C4, 0x7984, 0x7944, 0x7924, 0x7104, 0x7105, 0x70E5, 0x70E6, 0x7107, 0x7107,
    0x7108, 0x7109, 0x710A, 0x712B, 0x792C, 0x794D, 0x794E, 0x794E, 0x714E, 0x714F, 0x714F, 0x714F, 0x714F, 0x714F, 0x7150, 0x7170,
    0x7AA4, 0x7AA5, 0x82A5, 0x82A5, 0x82A5, 0x8285, 0x8245, 0x8205, 0x79A4, 0x7964, 0x7924, 0x7905, 0x7105, 0x7106, 0x7106, 0x7107,
    0x7108, 0x7109, 0x712A, 0x792B, 0x794C, 0x794D, 0x794E, 0x796E, 0x716F, 0x714F, 0x714F, 0x714F, 0x716F, 0x7170, 0x7170, 0x7170,
    0x82C5, 0x82E5, 0x82E5, 0x82E5, 0x8AE6, 0x8AE6, 0x8AC6, 0x8285, 0x8225, 0x79C5, 0x7964, 0x7945, 0x7925, 0x7926, 0x7106, 0x7127,
    0x7128, 0x7929, 0x792A, 0x794B, 0x794D, 0x796D, 0x796E, 0x796E, 0x796F, 0x716F, 0x716F, 0x716F, 0x7170, 0x7170, 0x7190, 0x7190,
    0x8305, 0x8325, 0x8B26, 0x8B46, 0x8B46, 0x8B46, 0x8B27, 0x8B06, 0x8AC6, 0x8245, 0x81E5, 0x7985, 0x7945, 0x7945, 0x7926, 0x7927,
    0x7928, 0x7949, 0x794A, 0x794B, 0x796D, 0x796E, 0x798E, 0x798F, 0x798F, 0x718F, 0x718F, 0x7190, 0x7190, 0x7190, 0x71B0, 0x71B1,
    0x8346, 0x8B66, 0x8B66, 0x8B87, 0x8B87, 0x9387, 0x9387, 0x9367, 0x8B47, 0x8AE6, 0x8266, 0x8205, 0x81A5, 0x7966, 0x7946, 0x7947,
    0x7948, 0x7949, 0x796A, 0x796C, 0x798D, 0x79AE, 0x79AE, 0x79AF, 0x798F, 0x798F, 0x7190, 0x7190, 0x71B0, 0x71B0, 0x71D1, 0x71F1,
    0x8386, 0x8B86, 0x8BA7, 0x8BC7, 0x93C7, 0x93C8, 0x93C8, 0x93C8, 0x93A8, 0x9367, 0x8B07, 0x8AA6, 0x8226, 0x81E6, 0x81A6, 0x8187,
    0x8188, 0x818A, 0x79AB, 0x81AC, 0x81CD, 0x81CE, 0x79CF, 0x79CF, 0x79AF, 0x79B0, 0x71B0, 0x71B0, 0x71D0, 0x71D1, 0x71F1, 0x7A11,
    0x8BA6, 0x8BC7, 0x8BE7, 0x8BE7, 0x9408, 0x9408, 0x9408, 0x9408, 0x93E8, 0x93C8, 0x9388, 0x8B27, 0x8AC7, 0x8A67, 0x8A07, 0x89E8,
    0x89C9, 0x89CA, 0x81EC, 0x81ED, 0x820E, 0x820F, 0x8210, 0x79F0, 0x79D0, 0x79D0, 0x71D0, 0x71D0, 0x71F1, 0x71F1, 0x7A11, 0x7A32,
    0x8BE7, 0x8BE7, 0x8C07, 0x8C07, 0x9428, 0x9428, 0x9428, 0x9428, 0x9429, 0x9408, 0x93C8, 0x9388, 0x9348, 0x9308, 0x92A8, 0x9268,
    0x9249, 0x924B, 0x924D, 0x926E, 0x9270, 0x8A71, 0x8A51, 0x8230, 0x7A10, 0x79F0, 0x71F0, 0x71F1, 0x7A11, 0x7A31, 0x7A52, 0x8273,
    0x8C07, 0x8C27, 0x8C27, 0x8C28, 0x9448, 0x9448, 0x9448, 0x9449, 0x9C49, 0x9C49, 0x9C29, 0x93E9, 0x93C9, 0x9389, 0x9B49, 0x9B09,
    0x9AEA, 0x9ACC, 0x9ACE, 0x9AF0, 0x92F1, 0x92F1, 0x8AB1, 0x8A71, 0x8251, 0x7A11, 0x7A11, 0x7211, 0x7A31, 0x7A52, 0x8273, 0x8A93,
    0x8C47, 0x8C47, 0x8C48, 0x8C68, 0x9468, 0x9468, 0x9489, 0x9C89, 0x9C89, 0x9C69, 0x9C69, 0x9C49, 0x9C29, 0x9C09, 0x9BEA, 0xA3CA,
    0xA3AC, 0x9B8D, 0x9B8F, 0x9B90, 0x9B91, 0x9B92, 0x9332, 0x8AD2, 0x8292, 0x7A51, 0x7A31, 0x7A32, 0x7A52, 0x7A73, 0x8293, 0x8AD4,
    0x8C67, 0x8C68, 0x8C68, 0x8C88, 0x9489, 0x94A9, 0x9CA9, 0x9CAA, 0x9CAA, 0x9CAA, 0x9CAA, 0x9C8A, 0x9C8A, 0x9C8A, 0xA46B, 0xA46C,
    0xA44D, 0xA42E, 0x9C30, 0x9C31, 0x9C12, 0x9C13, 0x9BD3, 0x9353, 0x8AF3, 0x8292, 0x7A72, 0x7A52, 0x7A73, 0x8293, 0x8AD4, 0x8B15,
    0x8C88, 0x8C88, 0x8CA8, 0x94A9, 0x94C9, 0x94C9, 0x9CCA, 0x9CEA, 0x9CEA, 0xA4EB, 0xA4EB, 0xA4EB, 0xA4EB, 0xA4CB, 0xA4CC, 0xA4CD,
    0xA4CE, 0xA4AF, 0xA4B1, 0x9C92, 0x9C92, 0x9C93, 0x9C53, 0x93F4, 0x8B53, 0x82D3, 0x7A93, 0x7A73, 0x7A93, 0x82B4, 0x8AF4, 0x9355,
    0x84A8, 0x8CA8, 0x8CC8, 0x94C9, 0x94EA, 0x9CEA, 0x9D0A, 0xA50B, 0xA52B, 0xA52B, 0xA52B, 0xA52C, 0xA52C, 0xA52D, 0xA52D, 0xA50E,
    0xA50F, 0xA511, 0xA511, 0xA4F2, 0xA4F3, 0xA4F3, 0x9CB4, 0x9474, 0x8BD4, 0x8334, 0x7AD4, 0x7A93, 0x7AB4, 0x82D4, 0x8B35, 0x9395,
    0x84C8, 0x8CC8, 0x8CE9, 0x94E9, 0x950A, 0x9D0A, 0x9D2B, 0xA54B, 0xA54B, 0xA54C, 0xAD4C, 0xAD4D, 0xAD4D, 0xAD4E, 0xAD4F, 0xAD50,
    0xAD51, 0xAD51, 0xA552, 0xA533, 0xA533, 0xA534, 0x9D14, 0x9CD4, 0x9474, 0x8BD4, 0x8354, 0x7AD4, 0x7AF4, 0x8315, 0x8B95, 0x93F5,
    0x8CE8, 0x8CE9, 0x8D09, 0x950A, 0x9D2A, 0x9D2B, 0xA54B, 0xA54B, 0xA56C, 0xAD6C, 0xAD6D, 0xAD6D, 0xAD6E, 0xAD6F, 0xAD70, 0xAD71,
    0xAD71, 0xAD72, 0xAD73, 0xAD73, 0xAD54, 0xA554, 0xA554, 0xA534, 0x9CD4, 0x8C74, 0x8BF4, 0x8374, 0x8375, 0x8B95, 0x93F5, 0x9475,
    0x8D09, 0x8D09, 0x952A, 0x952A, 0x9D4B, 0x9D4B, 0xA56B, 0xA56C, 0xAD6C, 0xAD8D, 0xAD8D, 0xAD8E, 0xAD8F, 0xAD90, 0xAD90, 0xAD91,
    0xAD92, 0xAD92, 0xAD93, 0xAD93, 0xAD94, 0xAD94, 0xAD75, 0xA575, 0x9D35, 0x9D15, 0x94B5, 0x8C35, 0x8C35, 0x8C35, 0x9475, 0x9CD6,
    0x8D29, 0x952A, 0x952A, 0x954B, 0x9D4B, 0xA56B, 0xA56B, 0xA58C, 0xAD8D, 0xAD8D, 0xAD8E, 0xAD8F, 0xADAF, 0xADB0, 0xADB1, 0xADB2,
    0xADB2, 0xADB3, 0xADB3, 0xADB4, 0xADB4, 0xAD95, 0xAD95, 0xAD95, 0xA575, 0x9D55, 0x9D15, 0x94D5, 0x94D5, 0x94B5, 0x9CF6, 0x9D16,
    0x954A, 0x954A, 0x954A, 0x9D6B, 0x9D6B, 0xA58B, 0xA58C, 0xA58C, 0xADAD, 0xADAE, 0xADAE, 0xADAF, 0xADB0, 0xADB1, 0xADB1, 0xADB2,
    0xADB3, 0xB5B3, 0xB5B4, 0xB5B4, 0xB5B5, 0xB5B5, 0xB5B5, 0xADB6, 0xADB6, 0xA596, 0xA576, 0x9D56, 0x9D56, 0x9D36, 0x9D56, 0xA556,
    0x956B, 0x9D6B, 0x9D6B, 0x9D6B, 0xA58B, 0xA58C, 0xA5AC, 0xADAD, 0xADAD, 0xADAE, 0xADAF, 0xADB0, 0xADB0, 0xADB1, 0xADD2, 0xADD3,
    0xADD3, 0xB5D4, 0xB5D4, 0xB5D5, 0xB5D5, 0xB5D5, 0xB5D6, 0xB5D6, 0xADB6, 0xADB6, 0xA5B6, 0xA596, 0xA576, 0x9D76, 0xA576, 0xA576,
    0x9D8B, 0x9D8B, 0x9D8B, 0xA58B, 0xA5AC, 0xA5AC, 0xADAD, 0xADAD, 0xADCE, 0xADCF, 0xADCF, 0xADD0, 0xADD1, 0xADD2, 0xADD2, 0xADD3,
    0xADD4, 0xB5D4, 0xB5D5, 0xB5D5, 0xB5D5, 0xB5D6, 0xB5D6, 0xB5D6, 0xB5D6, 0xADD6, 0xADD6, 0xADD6, 0xA5B6, 0xA5B6, 0xA5B6, 0xA5B7,
    0xA5AB, 0xA5AC, 0xA5AC, 0xA5AC, 0xA5AC, 0xA5CC, 0xADCD, 0xADCD, 0xADCE, 0xADCF, 0xADD0, 0xADD1, 0xADD1, 0xADD2, 0xADD3, 0xADD3,
    0xADD4, 0xB5D4, 0xB5D5, 0xB5D5, 0xB5D5, 0xB5D6, 0xB5D6, 0xB5D6, 0xB5D6, 0xB5D6, 0xADD6, 0xADD6, 0xADD6, 0xA5D7, 0xADD7, 0xADB7,
    0xA5CC, 0xA5CC, 0xA5CC, 0xA5CC, 0xADCC, 0xADCD, 0xADCD, 0xADCE, 0xADCF, 0xADCF, 0xADD0, 0xADF1, 0xADF2, 0xADF2, 0xADF3, 0xADF4,
    0xADF4, 0xB5F5, 0xB5F5, 0xB5F5, 0xB5F5, 0xB5F6, 0xB5F6, 0xB5F6, 0xB5F6, 0xB5F6, 0xB5F6, 0xADF6, 0xADF7, 0xADF7, 0xADD7, 0xADD7,
    0xADCC, 0xADCC, 0xADCC, 0xADCC, 0xADCD, 0xADED, 0xADEE, 0xADEE, 0xADEF, 0xADF0, 0xADF0, 0xADF1, 0xADF2, 0xADF3, 0xADF3, 0xADF4,
    0xB5F4, 0xB5F5, 0xB5F5, 0xB5F5, 0xB5F6, 0xB5F6, 0xB5F6, 0xB5F6, 0xB5F6, 0xB5F6, 0xB5F6, 0xB5F6, 0xB5F7, 0xADF7, 0xADF7, 0xADF7,
    0xADEC, 0xADEC, 0xADEC, 0xADED, 0xADED, 0xADED, 0xADEE, 0xADEE, 0xADEF, 0xADF0, 0xADF1, 0xADF1, 0xADF2, 0xADF3, 0xADF3, 0xADF4,
    0xB5F4, 0xB5F5, 0xB5F5, 0xB5F5, 0xB5F6, 0xB5F6, 0xB5F6, 0xB5F6, 0xB5F6, 0xB5F6, 0xB616, 0xB617, 0xB617, 0xB617, 0xB617, 0xAE17,
    0x68A2, 0x68A2, 0x6882, 0x6882, 0x6883, 0x6883, 0x6883, 0x6884, 0x6084, 0x6085, 0x6085, 0x6886, 0x68A6, 0x68A7, 0x68A7, 0x68A8,
    0x68A8, 0x68A8, 0x68A9, 0x68A9, 0x68AA, 0x68CA, 0x68CB, 0x68CC, 0x68CC, 0x70CD, 0x70ED, 0x70EE, 0x70EE, 0x70EF, 0x68EF, 0x68EF,
    0x68C2, 0x68C2, 0x68A2, 0x68A2, 0x68A3, 0x68A3, 0x68A3, 0x68A4, 0x68A4, 0x68A5, 0x68A5, 0x68A6, 0x68A6, 0x68A7, 0x68A7, 0x68A8,
    0x68A8, 0x68A9, 0x68C9, 0x68CA, 0x68CA, 0x68CB, 0x70CC, 0x70CC, 0x70ED, 0x70ED, 0x70EE, 0x70EE, 0x70EE, 0x70EF, 0x68EF, 0x68EF,
    0x6902, 0x68E2, 0x68C2, 0x68C3, 0x68A3, 0x68A3, 0x68A3, 0x68A4, 0x68A4, 0x68A4, 0x68A5, 0x68A6, 0x68A6, 0x68A7, 0x68A7, 0x68C8,
    0x68C8, 0x68C9, 0x70C9, 0x70CA, 0x70CB, 0x70EB, 0x70EC, 0x70ED, 0x70ED, 0x710E, 0x710E, 0x710E, 0x710F, 0x710F, 0x710F, 0x690F,
    0x7123, 0x7123, 0x7103, 0x70E3, 0x70C3, 0x70C3, 0x70C3, 0x68C4, 0x68C4, 0x68C4, 0x68C5, 0x68C5, 0x68C6, 0x68C7, 0x68C7, 0x70C8,
    0x70C8, 0x70C9, 0x70C9, 0x70EA, 0x70EB, 0x70EC, 0x70EC, 0x710D, 0x710D, 0x710E, 0x710E, 0x710E, 0x710F, 0x710F, 0x710F, 0x710F,
    0x7163, 0x7143, 0x7143, 0x7103, 0x70E3, 0x70E3, 0x70C3, 0x70C3, 0x70C4, 0x70C4, 0x70C5, 0x70C5, 0x70C6, 0x70C7, 0x70C7, 0x70C8,
    0x70C8, 0x70E9, 0x70EA, 0x70EA, 0x70EB, 0x710C, 0x710D, 0x710D, 0x710E, 0x712E, 0x712E, 0x712F, 0x712F, 0x712F, 0x712F, 0x712F,
    0x71A3, 0x7183, 0x7183, 0x7163, 0x7143, 0x7103, 0x70E3, 0x70E3, 0x70C4, 0x70C4, 0x70C5, 0x70C5, 0x70C6, 0x70C6, 0x70E7, 0x70E8,
    0x70E8, 0x70E9, 0x70EA, 0x710B, 0x710B, 0x710C, 0x712D, 0x712D, 0x712E, 0x712E, 0x712E, 0x712F, 0x712F, 0x712F, 0x712F, 0x712F,
    0x79E3, 0x79E4, 0x79C4, 0x79A4, 0x7984, 0x7944, 0x7903, 0x7104, 0x70E4, 0x70E4, 0x70E4, 0x70E5, 0x70E6, 0x70E6, 0x70E7, 0x70E8,
    0x70E8, 0x70E9, 0x710A, 0x710B, 0x790C, 0x792D, 0x792D, 0x792E, 0x792E, 0x712E, 0x712F, 0x712F, 0x712F, 0x712F, 0x714F, 0x7150,
    0x7A24, 0x7A24, 0x7A24, 0x7A04, 0x79E4, 0x79A4, 0x7964, 0x7944, 0x7904, 0x7904, 0x70E4, 0x70E5, 0x70E5, 0x70E6, 0x70E7, 0x70E7,
    0x7108, 0x7109, 0x790A, 0x790B, 0x792C, 0x792D, 0x794D, 0x794E, 0x794E, 0x794F, 0x714F, 0x714F, 0x714F, 0x714F, 0x7150, 0x7150,
    0x7A64, 0x8264, 0x8264, 0x8265, 0x8245, 0x8204, 0x81E4, 0x7984, 0x7944, 0x7924, 0x7904, 0x7905, 0x7905, 0x7906, 0x7106, 0x7907,
    0x7908, 0x7909, 0x790A, 0x792B, 0x792C, 0x794D, 0x794E, 0x794E, 0x794E, 0x794F, 0x794F, 0x714F, 0x714F, 0x716F, 0x7170, 0x7170,
    0x82A5, 0x82A5, 0x82A5, 0x82A5, 0x82A5, 0x8285, 0x8245, 0x8205, 0x81A4, 0x7964, 0x7924, 0x7925, 0x7905, 0x7906, 0x7906, 0x7907,
    0x7908, 0x7929, 0x792A, 0x792B, 0x794C, 0x794D, 0x796E, 0x796E, 0x796F, 0x796F, 0x796F, 0x796F, 0x716F, 0x7170, 0x7190, 0x7190,
    0x82E5, 0x82E5, 0x8B06, 0x8B06, 0x8B06, 0x8AE6, 0x8AC6, 0x8A86, 0x8225, 0x81C5, 0x7964, 0x7945, 0x7925, 0x7925, 0x7926, 0x7927,
    0x7928, 0x7928, 0x792A, 0x794B, 0x794C, 0x796D, 0x796E, 0x798E, 0x798F, 0x798F, 0x798F, 0x798F, 0x7990, 0x7190, 0x71B0, 0x79B0,
    0x8B25, 0x8B26, 0x8B46, 0x8B46, 0x8B47, 0x8B47, 0x8B27, 0x8B06, 0x8AA6, 0x8246, 0x81E5, 0x8185, 0x7945, 0x7945, 0x7926, 0x7927,
    0x7927, 0x7928, 0x7949, 0x794B, 0x796C, 0x798D, 0x798E, 0x798F, 0x798F, 0x798F, 0x798F, 0x79B0, 0x79B0, 0x79B0, 0x79D0, 0x79D1,
    0x8B66, 0x8B66, 0x8B87, 0x9387, 0x93A7, 0x93A7, 0x9387, 0x9367, 0x9327, 0x8AC6, 0x8A66, 0x8205, 0x81A5, 0x8165, 0x7946, 0x7947,
    0x7947, 0x7948, 0x796A, 0x796B, 0x798C, 0x798D, 0x79AE, 0x79AF, 0x79AF, 0x79AF, 0x79B0, 0x79B0, 0x79D0, 0x79D0, 0x79F1, 0x7A11,
    0x8B86, 0x8BA7, 0x93C7, 0x93C7, 0x93E8, 0x93E8, 0x93E8, 0x93C8, 0x93A8, 0x9347, 0x8AE7, 0x8A86, 0x8226, 0x81C6, 0x8186, 0x8187,
    0x8168, 0x8169, 0x818A, 0x818B, 0x81AD, 0x81CE, 0x81CF, 0x81EF, 0x81D0, 0x79D0, 0x79D0, 0x79F0, 0x79F1, 0x7A11, 0x7A11, 0x8232,
    0x8BC7, 0x8BC7, 0x93E7, 0x93E8, 0x9408, 0x9408, 0x9C08, 0x9C08, 0x9BE8, 0x93A8, 0x9368, 0x8B07, 0x8AA7, 0x8A46, 0x89E6, 0x89C7,
    0x89A8, 0x89A9, 0x81CB, 0x81CC, 0x81ED, 0x8A0F, 0x820F, 0x8210, 0x8210, 0x8210, 0x7A10, 0x7A11, 0x7A11, 0x8231, 0x8252, 0x8272,
    0x8BE7, 0x8C07, 0x9407, 0x9428, 0x9428, 0x9428, 0x9C28, 0x9C29, 0x9C29, 0x9C08, 0x93C8, 0x9388, 0x9328, 0x8AE7, 0x9287, 0x9248,
    0x9228, 0x920A, 0x920C, 0x922D, 0x924F, 0x9270, 0x8A70, 0x8A51, 0x8A51, 0x8231, 0x8231, 0x8231, 0x8251, 0x8252, 0x8A73, 0x8AB3,
    0x8C27, 0x8C27, 0x9428, 0x9448, 0x9448, 0x9448, 0x9C49, 0x9C49, 0x9C49, 0x9C29, 0x9C09, 0x93E9, 0x93A8, 0x9368, 0x9328, 0x9AE8,
    0x9AA9, 0x9A8B, 0x9A8C, 0x9AAE, 0x9AB0, 0x9AD1, 0x92B1, 0x92B2, 0x8A91, 0x8A71, 0x8251, 0x8252, 0x8272, 0x8A93, 0x8AB3, 0x92D4,
    0x8C47, 0x8C48, 0x9448, 0x9468, 0x9468, 0x9469, 0x9C69, 0x9C69, 0x9C69, 0x9C69, 0x9C49, 0x9C29, 0x9C09, 0x9BE9, 0x9BC9, 0x9B89,
    0xA36A, 0xA34C, 0x9B2D, 0x9B4F, 0x9B51, 0x9B52, 0x9B52, 0x9B13, 0x92D2, 0x8AB2, 0x8A92, 0x8292, 0x8A93, 0x8AB3, 0x8AF4, 0x9315,
    0x8C68, 0x8C68, 0x9468, 0x9488, 0x9489, 0x9C89, 0x9CA9, 0x9CAA, 0x9CAA, 0x9CAA, 0x9C8A, 0x9C8A, 0x9C6A, 0x9C4A, 0xA44A, 0xA42B,
    0xA40C, 0xA3ED, 0xA3CE, 0xA3D0, 0xA3F1, 0xA3F2, 0x9BD3, 0x9B93, 0x9353, 0x8AF3, 0x8AD3, 0x8AB3, 0x8AB3, 0x8AD4, 0x9314, 0x9355,
    0x8C88, 0x8C88, 0x94A8, 0x94A9, 0x94C9, 0x9CCA, 0x9CCA, 0x9CCA, 0xA4EA, 0xA4EA, 0xA4CA, 0xA4CA, 0xA4CB, 0xA4AB, 0xA4AB, 0xA4AC,
    0xA48D, 0xA48E, 0xA46F, 0xA471, 0xA472, 0xA473, 0xA453, 0x9C34, 0x9BB4, 0x9354, 0x8B14, 0x8AD3, 0x8AF4, 0x8B14, 0x9355, 0x9B95,
    0x8CA8, 0x8CA8, 0x94C9, 0x94C9, 0x9CEA, 0x9CEA, 0xA50A, 0xA50B, 0xA50B, 0xA50B, 0xA50B, 0xA50B, 0xA50C, 0xA50C, 0xAD0D, 0xAD0D,
    0xACEE, 0xACEF, 0xA4F1, 0xA4D2, 0xA4D2, 0xA4D3, 0xA4B4, 0xA494, 0x9C34, 0x93B4, 0x8B54, 0x8B14, 0x8B14, 0x9335, 0x9395, 0x9BF5,
    0x8CC8, 0x8CC9, 0x94E9, 0x94EA, 0x9D0A, 0x9D2B, 0xA52B, 0xA52B, 0xAD4B, 0xAD4C, 0xAD4C, 0xAD4C, 0xAD4D, 0xAD4D, 0xAD4E, 0xAD4F,
    0xAD50, 0xAD31, 0xAD32, 0xAD32, 0xA533, 0xA514, 0xA514, 0xA4F4, 0x9C94, 0x9434, 0x8BB4, 0x8B54, 0x8B54, 0x9375, 0x93D5, 0x9C55,
    0x8CE8, 0x94E9, 0x9509, 0x9D0A, 0x9D2B, 0xA54B, 0xA54B, 0xAD4B, 0xAD6C, 0xAD6C, 0xAD6D, 0xAD6D, 0xAD6E, 0xAD6F, 0xAD6F, 0xAD70,
    0xAD71, 0xAD72, 0xAD72, 0xAD53, 0xAD53, 0xAD54, 0xA554, 0xA535, 0xA4F5, 0x9CB5, 0x9435, 0x8BD4, 0x8BD5, 0x93D5, 0x9C35, 0x9C96,
    0x8D09, 0x9509, 0x952A, 0x9D2A, 0x9D4B, 0xA54B, 0xA56B, 0xAD6C, 0xAD6C, 0xAD8D, 0xAD8D, 0xAD8E, 0xAD8F, 0xAD90, 0xB590, 0xB591,
    0xB592, 0xB592, 0xAD93, 0xAD93, 0xAD94, 0xAD74, 0xAD75, 0xAD75, 0xA555, 0xA535, 0x9CD5, 0x9475, 0x9455, 0x9455, 0x9C95, 0xA4F6,
    0x952A, 0x952A, 0x9D4A, 0x9D4B, 0xA56B, 0xA56B, 0xAD8C, 0xAD8C, 0xAD8D, 0xAD8D, 0xAD8E, 0xAD8F, 0xB5AF, 0xB5B0, 0xB5B1, 0xB5B2,
    0xB5B2, 0xB5B3, 0xB5B3, 0xB5B4, 0xB5B4, 0xAD95, 0xAD95, 0xAD95, 0xAD75, 0xA575, 0xA535, 0x9CF5, 0x9CD5, 0x9CD5, 0x9CF6, 0xA536,
    0x954A, 0x9D4A, 0x9D4B, 0x9D6B, 0xA56B, 0xA58C, 0xAD8C, 0xAD8D, 0xADAD, 0xADAE, 0xADAE, 0xB5AF, 0xB5B0, 0xB5B1, 0xB5B1, 0xB5B2,
    0xB5B3, 0xB5B3, 0xB5B4, 0xB5B4, 0xB5B5, 0xB5B5, 0xB5B5, 0xB5B5, 0xADB6, 0xAD96, 0xA576, 0xA556, 0xA556, 0xA536, 0xA556, 0xA576,
    0x9D6B, 0x9D6B, 0x9D6B, 0xA58B, 0xA58C, 0xAD8C, 0xADAC, 0xADAD, 0xADAD, 0xADAE, 0xADAF, 0xB5B0, 0xB5D0, 0xB5D1, 0xB5D2, 0xB5D3,
    0xB5D3, 0xB5D4, 0xB5D4, 0xB5D5, 0xB5D5, 0xB5D5, 0xB5D5, 0xB5D6, 0xB5D6, 0xADB6, 0xADB6, 0xA596, 0xA596, 0xA576, 0xA576, 0xAD96,
    0xA58B, 0xA58B, 0xA58B, 0xA58C, 0xA5AC, 0xADAC, 0xADAD, 0xADCD, 0xADCE, 0xADCF, 0xADCF, 0xB5D0, 0xB5D1, 0xB5D2, 0xB5D2, 0xB5D3,
    0xB5D4, 0xB5D4, 0xB5D5, 0xB5D5, 0xB5D5, 0xB5D5, 0xB5D6, 0xB5D6, 0xB5D6, 0xB5D6, 0xADD6, 0xADD6, 0xADB6, 0xADB6, 0xADB7, 0xADB7,
    0xA5AC, 0xA5AC, 0xA5AC, 0xA5AC, 0xADAC, 0xADCD, 0xADCD, 0xADCE, 0xADCE, 0xADCF, 0xADD0, 0xADD1, 0xB5D1, 0xB5D2, 0xB5D3, 0xB5D3,
    0xB5D4, 0xB5D4, 0xB5F5, 0xB5F5, 0xB5F5, 0xB5F6, 0xB5F6, 0xB5F6, 0xB5F6, 0xB5F6, 0xB5D6, 0xADD6, 0xADD6, 0xADD7, 0xADD7, 0xADD7,
    0xADCC, 0xADCC, 0xADCC, 0xADCC, 0xADCC, 0xADCD, 0xADCD, 0xADCE, 0xADCF, 0xADEF, 0xADF0, 0xADF1, 0xB5F2, 0xB5F2, 0xB5F3, 0xB5F4,
    0xB5F4, 0xB5F5, 0xB5F5, 0xB5F5, 0xB5F6, 0xB5F6, 0xB5F6, 0xB5F6, 0xB5F6, 0xB5F6, 0xB5F6, 0xB5F6, 0xB5F7, 0xADF7, 0xADF7, 0xADD7,
    0xADCC, 0xADCC, 0xADCC, 0xADCC, 0xADED, 0xADED, 0xADEE, 0xADEE, 0xADEF, 0xADF0, 0xADF1, 0xADF1, 0xB5F2, 0xB5F3, 0xB5F3, 0xB5F4,
    0xB5F4, 0xB5F5, 0xB5F5, 0xB5F5, 0xB5F6, 0xB5F6, 0xB5F6, 0xB5F6, 0xB5F6, 0xB5F6, 0xB5F6, 0xB5F7, 0xB5F7, 0xB5F7, 0xB5F7, 0xB5F7,
    0xADEC, 0xADEC, 0xADEC, 0xADED, 0xADED, 0xADED, 0xADEE, 0xADEF, 0xADEF, 0xADF0, 0xADF1, 0xADF2, 0xB5F2, 0xB5F3, 0xB5F4, 0xB5F4,
    0xB5F4, 0xB5F5, 0xB5F5, 0xB5F5, 0xB5F6, 0xB5F6, 0xB5F6, 0xB5F6, 0xB616, 0xB616, 0xB616, 0xB617, 0xB617, 0xB617, 0xB617, 0xB617,
    0x68A2, 0x68A2, 0x68A2, 0x68A3, 0x68A3, 0x68A3, 0x68A3, 0x68A4, 0x68A4, 0x68A5, 0x68A5, 0x68A6, 0x68A6, 0x68A7, 0x68A7, 0x68A8,
    0x68A8, 0x68A8, 0x68A9, 0x68A9, 0x70CA, 0x70CB, 0x70CB, 0x70CC, 0x70CC, 0x70ED, 0x70ED, 0x70EE, 0x70EE, 0x70EF, 0x710F, 0x710F,
    0x70E2, 0x70C2, 0x70A2, 0x70A3, 0x68A3, 0x68A3, 0x68A3, 0x68A4, 0x68A4, 0x68A5, 0x68A5, 0x68A6, 0x68A6, 0x68A7, 0x68A7, 0x68A8,
    0x70A8, 0x70C9, 0x70C9, 0x70CA, 0x70CA, 0x70CB, 0x70EC, 0x70EC, 0x70ED, 0x70ED, 0x70EE, 0x710E, 0x710E, 0x710F, 0x710F, 0x710F,
    0x7103, 0x70E3, 0x70C3, 0x70C3, 0x70C3, 0x70A3, 0x70A3, 0x70A4, 0x70A4, 0x70A5, 0x70A5, 0x70A6, 0x70A6, 0x70C7, 0x70C7, 0x70C8,
    0x70C8, 0x70C9, 0x70C9, 0x70CA, 0x70EB, 0x70EB, 0x70EC, 0x70ED, 0x710D, 0x710E, 0x710E, 0x710E, 0x710F, 0x710F, 0x710F, 0x710F,
    0x7143, 0x7123, 0x7103, 0x70E3, 0x70C3, 0x70C3, 0x70C3, 0x70C4, 0x70C4, 0x70C4, 0x70C5, 0x70C5, 0x70C6, 0x70C7, 0x70C7, 0x70C8,
    0x70C8, 0x70C9, 0x70E9, 0x70EA, 0x70EB, 0x70EC, 0x710C, 0x710D, 0x710D, 0x710E, 0x710E, 0x712E, 0x712F, 0x712F, 0x712F, 0x712F,
    0x7183, 0x7963, 0x7943, 0x7923, 0x70E3, 0x70E3, 0x70C3, 0x70C4, 0x70C4, 0x70C4, 0x70C5, 0x70C5, 0x70C6, 0x70C6, 0x70C7, 0x70C8,
    0x70E8, 0x70E9, 0x70EA, 0x70EA, 0x710B, 0x790C, 0x790D, 0x790D, 0x792E, 0x792E, 0x792E, 0x792F, 0x712F, 0x712F, 0x712F, 0x712F,
    0x79C3, 0x79A3, 0x7984, 0x7963, 0x7943, 0x7903, 0x78E3, 0x78E4, 0x70E4, 0x70E4, 0x70E5, 0x70E5, 0x70E6, 0x70E6, 0x70E7, 0x70E7,
    0x70E8, 0x70E9, 0x70EA, 0x790A, 0x790B, 0x790C, 0x792D, 0x792D, 0x792E, 0x792E, 0x792E, 0x792F, 0x712F, 0x712F, 0x712F, 0x714F,
    0x79E4, 0x79E4, 0x79E4, 0x79C4, 0x7984, 0x7944, 0x7923, 0x7904, 0x78E4, 0x78E4, 0x78E4, 0x78E5, 0x78E6, 0x78E6, 0x78E7, 0x78E7,
    0x78E8, 0x7909, 0x790A, 0x790A, 0x790B, 0x792C, 0x792D, 0x794E, 0x794E, 0x794E, 0x794F, 0x794F, 0x794F, 0x714F, 0x714F, 0x7150,
    0x8244, 0x8224, 0x8224, 0x8204, 0x81E4, 0x81C4, 0x7984, 0x7944, 0x7904, 0x7904, 0x78E4, 0x78E5, 0x78E5, 0x78E6, 0x78E7, 0x7907,
    0x7908, 0x7909, 0x7909, 0x790A, 0x792B, 0x792C, 0x794D, 0x794E, 0x794E, 0x794F, 0x794F, 0x794F, 0x794F, 0x794F, 0x7170, 0x7170,
    0x8284, 0x8285, 0x8285, 0x8265, 0x8245, 0x8225, 0x81E4, 0x8184, 0x7944, 0x7924, 0x7904, 0x7905, 0x7905, 0x7906, 0x7906, 0x7907,
    0x7908, 0x7908, 0x7929, 0x792A, 0x792B, 0x794D, 0x794D, 0x796E, 0x796E, 0x796F, 0x796F, 0x796F, 0x796F, 0x7970, 0x7970, 0x7990,
    0x82C5, 0x8AC5, 0x8AC5, 0x8AC5, 0x8AA5, 0x8A85, 0x8A65, 0x8205, 0x81A4, 0x8164, 0x7924, 0x7925, 0x7905, 0x7905, 0x7906, 0x7907,
    0x7907, 0x7928, 0x7929, 0x792A, 0x794B, 0x794D, 0x796D, 0x796E, 0x796F, 0x798F, 0x798F, 0x798F, 0x7990, 0x7990, 0x7990, 0x79B0,
    0x8B05, 0x8B06, 0x8B06, 0x8B06, 0x8B06, 0x8AE6, 0x8AC6, 0x8A86, 0x8225, 0x81C5, 0x8164, 0x8145, 0x7925, 0x7925, 0x7926, 0x7927,
    0x7927, 0x7928, 0x7929, 0x794A, 0x794B, 0x796D, 0x796E, 0x798E, 0x798F, 0x798F, 0x798F, 0x7990, 0x79B0, 0x79B0, 0x79B0, 0x79D1,
    0x8B46, 0x8B46, 0x8B66, 0x9367, 0x9367, 0x9347, 0x9347, 0x8B06, 0x8AA6, 0x8A46, 0x81E5, 0x8185, 0x8145, 0x8145, 0x7926, 0x7926,
    0x7927, 0x7928, 0x7949, 0x794A, 0x796B, 0x796D, 0x818E, 0x81AF, 0x81AF, 0x81AF, 0x79B0, 0x79B0, 0x79D0, 0x79D0, 0x79F1, 0x79F1,
    0x8B66, 0x9386, 0x93A7, 0x93A7, 0x93A7, 0x93A8, 0x93A8, 0x9367, 0x9327, 0x8AC6, 0x8A66, 0x81E5, 0x81A5, 0x8165, 0x8146, 0x8146,
    0x8147, 0x8148, 0x7949, 0x796A, 0x816B, 0x818D, 0x81AE, 0x81CF, 0x81CF, 0x81D0, 0x81D0, 0x81D0, 0x81F0, 0x81F1, 0x8211, 0x8231,
    0x8BA6, 0x93C7, 0x93C7, 0x93E7, 0x9BE8, 0x9BE8, 0x9BE8, 0x9BC8, 0x93A8, 0x9347, 0x92E7, 0x8A86, 0x8A06, 0x81C6, 0x8186, 0x8166,
    0x8167, 0x8168, 0x8169, 0x818A, 0x818C, 0x81AD, 0x81CE, 0x81EF, 0x8210, 0x81F0, 0x8210, 0x8210, 0x8211, 0x8231, 0x8252, 0x8A72,
    0x93C7, 0x93E7, 0x93E7, 0x9408, 0x9C08, 0x9C28, 0x9C28, 0x9C08, 0x9BE8, 0x93A8, 0x9368, 0x92E7, 0x8A87, 0x8A26, 0x89E6, 0x89A7,
    0x89A7, 0x89A8, 0x81A9, 0x81AB, 0x81CC, 0x89EE, 0x8A0F, 0x8A30, 0x8A30, 0x8231, 0x8231, 0x8231, 0x8251, 0x8A52, 0x8A72, 0x8A93,
    0x9407, 0x9407, 0x9408, 0x9428, 0x9C28, 0x9C28, 0x9C29, 0x9C29, 0x9C29, 0x9BE8, 0x9BC8, 0x9368, 0x9327, 0x8AC7, 0x8A67, 0x9227,
    0x91E8, 0x91E9, 0x91EA, 0x89EC, 0x8A0D, 0x8A2F, 0x9250, 0x9271, 0x9271, 0x8A71, 0x8A71, 0x8A72, 0x8A72, 0x8A93, 0x92B3, 0x92D4,
    0x9427, 0x9427, 0x9428, 0x9448, 0x9C48, 0x9C48, 0x9C49, 0x9C49, 0x9C49, 0x9C29, 0x9C09, 0x9BC8, 0x9388, 0x9348, 0x92E8, 0x9AA8,
    0x9A68, 0x9A49, 0x9A4B, 0x926D, 0x926E, 0x9290, 0x9AB1, 0x9AD2, 0x92B2, 0x92B2, 0x9292, 0x8A92, 0x92B3, 0x92D3, 0x92F4, 0x9B14,
    0x9447, 0x9448, 0x9448, 0x9468, 0x9C68, 0x9C69, 0x9C69, 0x9C69, 0x9C69, 0x9C49, 0x9C29, 0x9C09, 0x9BE9, 0x9BC9, 0x9B89, 0x9B69,
    0xA329, 0xA2EA, 0xA2EC, 0xA2ED, 0x9AEF, 0x9B11, 0x9B32, 0x9B53, 0x9B33, 0x9AF3, 0x92D3, 0x92D3, 0x92F4, 0x92F4, 0x9B34, 0x9B75,
    0x9468, 0x9468, 0x9468, 0x9488, 0x9C89, 0x9C89, 0x9CA9, 0x9C89, 0x9C8A, 0x9C8A, 0x9C6A, 0x9C6A, 0x9C4A, 0x9C2A, 0x9C0A, 0xA3EA,
    0xA3CA, 0xA3AB, 0xA38D, 0xA38F, 0xA390, 0xA3B2, 0xA3B3, 0xA3D3, 0x9B93, 0x9B54, 0x9B34, 0x9314, 0x9334, 0x9B34, 0x9B75, 0x9BB5,
    0x9488, 0x9488, 0x94A8, 0x9CA9, 0x9CA9, 0x9CCA, 0xA4CA, 0xA4CA, 0xA4CA, 0xA4CA, 0xA4AA, 0xA4AA, 0xA4AA, 0xA48A, 0xA48A, 0xA46B,
    0xA46B, 0xAC4D, 0xA44E, 0xA430, 0xA431, 0xA452, 0xA453, 0xA454, 0xA414, 0x9BB4, 0x9B94, 0x9B54, 0x9B74, 0x9B75, 0x9BB5, 0x9BF5,
    0x94A8, 0x94A8, 0x94C9, 0x9CC9, 0x9CEA, 0xA4EA, 0xA4EA, 0xA50B, 0xA50B, 0xA50B, 0xA50B, 0xA4EB, 0xA4EB, 0xA4EB, 0xACEC, 0xACEC,
    0xACCD, 0xACCE, 0xACCF, 0xA4B1, 0xA4B2, 0xA4B3, 0xA4B3, 0xA4B4, 0xA474, 0xA434, 0x9BD4, 0x9B94, 0x9B95, 0x9BB5, 0x9BF5, 0xA455,
    0x94C8, 0x94C9, 0x9CE9, 0x9D0A, 0x9D0A, 0xA52B, 0xA52B, 0xAD2B, 0xAD2B, 0xAD4B, 0xAD4C, 0xAD2C, 0xAD2C, 0xAD2C, 0xAD2D, 0xAD2E,
    0xAD2F, 0xAD30, 0xAD31, 0xAD12, 0xAD13, 0xAD13, 0xA514, 0xA514, 0xA4D5, 0xA495, 0x9C35, 0x9BD5, 0x9BD5, 0x9BF5, 0x9C35, 0xA496,
    0x94E9, 0x94E9, 0x9D0A, 0x9D2A, 0xA52B, 0xA54B, 0xAD4B, 0xAD4C, 0xAD4C, 0xAD6C, 0xAD6C, 0xAD6D, 0xAD6D, 0xAD6E, 0xAD6F, 0xAD6F,
    0xAD70, 0xAD51, 0xAD52, 0xAD53, 0xAD53, 0xAD54, 0xAD54, 0xAD55, 0xA535, 0xA4F5, 0x9C95, 0x9C35, 0x9C35, 0x9C35, 0xA475, 0xA4D6,
    0x9509, 0x9D2A, 0x9D2A, 0xA54B, 0xA54B, 0xA54B, 0xAD6C, 0xAD6C, 0xAD6C, 0xAD8D, 0xB58D, 0xB58E, 0xB58F, 0xB58F, 0xB590, 0xB591,
    0xB592, 0xB592, 0xB593, 0xB593, 0xAD94, 0xAD74, 0xAD75, 0xAD75, 0xAD55, 0xA555, 0xA4F5, 0x9C95, 0x9C95, 0x9C75, 0xA4D6, 0xA516,
    0x9D2A, 0x9D4A, 0x9D4B, 0xA54B, 0xA56B, 0xAD6C, 0xAD8C, 0xAD8C, 0xAD8D, 0xB58D, 0xB58E, 0xB58F, 0xB5AF, 0xB5B0, 0xB5B1, 0xB5B2,
    0xB5B2, 0xB5B3, 0xB5B4, 0xB5B4, 0xB5B4, 0xB594, 0xB595, 0xAD95, 0xAD95, 0xAD75, 0xA555, 0xA4F5, 0xA4F5, 0xA4D5, 0xA516, 0xAD56,
    0x9D4A, 0x9D4B, 0xA56B, 0xA56B, 0xAD8C, 0xAD8C, 0xAD8C, 0xADAD, 0xB5AD, 0xB5AE, 0xB5AE, 0xB5AF, 0xB5B0, 0xB5B1, 0xB5B2, 0xB5B2,
    0xB5B3, 0xB5B3, 0xB5B4, 0xB5B4, 0xB5B4, 0xB5B5, 0xB5B5, 0xB5B5, 0xB5B6, 0xADB6, 0xAD96, 0xA576, 0xA556, 0xA556, 0xAD56, 0xAD76,
    0xA56B, 0xA56B, 0xA56B, 0xA58C, 0xAD8C, 0xADAC, 0xADAC, 0xADAD, 0xB5AE, 0xB5AE, 0xB5AF, 0xB5B0, 0xB5D1, 0xB5D1, 0xB5D2, 0xB5D3,
    0xB5D3, 0xB5D4, 0xB5D4, 0xB5D5, 0xB5D5, 0xB5D5, 0xB5D5, 0xB5D6, 0xB5D6, 0xB5D6, 0xADB6, 0xAD96, 0xAD96, 0xAD76, 0xAD96, 0xAD97,
    0xA58C, 0xA58C, 0xA58C, 0xADAC, 0xADAC, 0xADAC, 0xADAD, 0xB5CD, 0xB5CE, 0xB5CF, 0xB5CF, 0xB5D0, 0xB5D1, 0xB5D2, 0xB5D2, 0xB5D3,
    0xB5D4, 0xB5D4, 0xB5D5, 0xB5D5, 0xB5D5, 0xB5D5, 0xB5D6, 0xB5D6, 0xB5D6, 0xB5D6, 0xB5D6, 0xB5D6, 0xADB6, 0xADB6, 0xADB7, 0xADB7,
    0xADAC, 0xADAC, 0xADAC, 0xADAC, 0xADCC, 0xADCD, 0xADCD, 0xB5CE, 0xB5CE, 0xB5CF, 0xB5D0, 0xB5D1, 0xB5D1, 0xB5D2, 0xB5D3, 0xB5F3,
    0xB5F4, 0xB5F4, 0xB5F5, 0xB5F5, 0xB5F5, 0xB5F6, 0xB5F6, 0xB5F6, 0xB5F6, 0xB5F6, 0xB5F6, 0xB5F6, 0xB5D7, 0xADD7, 0xADD7, 0xB5D7,
    0xADCC, 0xADCC, 0xADCC, 0xADCC, 0xADCD, 0xADCD, 0xB5CE, 0xB5CE, 0xB5CF, 0xB5F0, 0xB5F0, 0xB5F1, 0xB5F2, 0xB5F3, 0xB5F3, 0xB5F4,
    0xB5F4, 0xB5F5, 0xB5F5, 0xB5F5, 0xB5F6, 0xB5F6, 0xB5F6, 0xB5F6, 0xB5F6, 0xB5F6, 0xB5F6, 0xB5F7, 0xB5F7, 0xB5F7, 0xB5F7, 0xB5F7,
    0xADCC, 0xADCC, 0xADCC, 0xADCD, 0xADED, 0xB5ED, 0xB5EE, 0xB5EE, 0xB5EF, 0xB5F0, 0xB5F1, 0xB5F1, 0xB5F2, 0xB5F3, 0xB5F3, 0xB5F4,
    0xB5F4, 0xB5F5, 0xB5F5, 0xB5F5, 0xB5F6, 0xB5F6, 0xB5F6, 0xB5F6, 0xB5F6, 0xB5F6, 0xB5F6, 0xB5F7, 0xB5F7, 0xB5F7, 0xB5F7, 0xB5F7,
    0xADEC, 0xADEC, 0xADED, 0xADED, 0xB5ED, 0xB5EE, 0xB5EE, 0xB5EF, 0xB5EF, 0xB5F0, 0xB5F1, 0xB5F2, 0xB5F2, 0xB5F3, 0xB5F4, 0xB614,
    0xB614, 0xB615, 0xB615, 0xB615, 0xB616, 0xB616, 0xB616, 0xB616, 0xB616, 0xB616, 0xB616, 0xB617, 0xB617, 0xB617, 0xB617, 0xB617,
    0x70A2, 0x70A2, 0x70A2, 0x70A3, 0x70A3, 0x70A3, 0x70A3, 0x70A4, 0x70A4, 0x70A5, 0x70A5, 0x70A6, 0x70A6, 0x70A7, 0x70A7, 0x70A8,
    0x70A8, 0x70A8, 0x70C9, 0x70C9, 0x70CA, 0x70CB, 0x70CB, 0x70CC, 0x70EC, 0x70ED, 0x70ED, 0x70EE, 0x710E, 0x710F, 0x710F, 0x710F,
    0x70E2, 0x70C3, 0x70C3, 0x70A3, 0x70A3, 0x70A3, 0x70A3, 0x70A4, 0x70A4, 0x70A5, 0x70A5, 0x70A6, 0x70A6, 0x70A7, 0x70A7, 0x70C8,
    0x70C8, 0x70C9, 0x70C9, 0x70CA, 0x70CA, 0x70EB, 0x70EC, 0x70EC, 0x70ED, 0x70ED, 0x710E, 0x710E, 0x710E, 0x710F, 0x710F, 0x710F,
    0x7123, 0x7103, 0x70E3, 0x70C3, 0x70C3, 0x70C3, 0x70C3, 0x70C4, 0x70C4, 0x70C5, 0x70C5, 0x70C6, 0x70C6, 0x70C7, 0x70C7, 0x70C8,
    0x70C8, 0x70C9, 0x70C9, 0x70EA, 0x70EA, 0x70EB, 0x70EC, 0x78ED, 0x790D, 0x790D, 0x790E, 0x790E, 0x790F, 0x792F, 0x712F, 0x712F,
    0x7963, 0x7943, 0x7923, 0x7903, 0x78E3, 0x78C3, 0x70C3, 0x70C4, 0x70C4, 0x70C4, 0x70C5, 0x70C5, 0x70C6, 0x70C6, 0x70C7, 0x70C8,
    0x70C8, 0x70E9, 0x70E9, 0x78EA, 0x78EB, 0x790B, 0x790C, 0x790D, 0x790D, 0x790E, 0x792E, 0x792E, 0x792F, 0x792F, 0x712F, 0x712F,
    0x7983, 0x7963, 0x7963, 0x7923, 0x7903, 0x78E3, 0x78E3, 0x78C4, 0x78C4, 0x78C4, 0x78C5, 0x70C5, 0x70C6, 0x70C6, 0x70C7, 0x78E7,
    0x78E8, 0x78E9, 0x78E9, 0x78EA, 0x790B, 0x790C, 0x790C, 0x792D, 0x792D, 0x792E, 0x792E, 0x792F, 0x792F, 0x792F, 0x792F, 0x712F,
    0x79C4, 0x79C4, 0x79A4, 0x7984, 0x7944, 0x7923, 0x78E3, 0x78E4, 0x78E4, 0x78E4, 0x78E5, 0x78E5, 0x78E6, 0x78E6, 0x78E7, 0x78E7,
    0x78E8, 0x78E8, 0x78E9, 0x790A, 0x790B, 0x790C, 0x792D, 0x792D, 0x792E, 0x794E, 0x794E, 0x794F, 0x794F, 0x794F, 0x794F, 0x794F,
    0x8204, 0x8204, 0x81E4, 0x81C4, 0x81A4, 0x7964, 0x7924, 0x7904, 0x78E4, 0x78E4, 0x78E4, 0x78E5, 0x78E5, 0x78E6, 0x78E7, 0x78E7,
    0x78E8, 0x7908, 0x7909, 0x790A, 0x790B, 0x792C, 0x792D, 0x794D, 0x794E, 0x794E, 0x794F, 0x794F, 0x794F, 0x794F, 0x794F, 0x7950,
    0x8244, 0x8244, 0x8244, 0x8224, 0x8204, 0x81C4, 0x8184, 0x8144, 0x7904, 0x7904, 0x7904, 0x7905, 0x7905, 0x7906, 0x7906, 0x7907,
    0x7908, 0x7908, 0x7909, 0x790A, 0x792B, 0x792C, 0x794D, 0x794E, 0x794E, 0x796F, 0x796F, 0x796F, 0x796F, 0x796F, 0x7970, 0x7970,
    0x8285, 0x8A85, 0x8A85, 0x8A85, 0x8A65, 0x8225, 0x81E4, 0x8184, 0x8144, 0x8124, 0x7904, 0x7905, 0x7905, 0x7906, 0x7906, 0x7907,
    0x7907, 0x7908, 0x7929, 0x792A, 0x792B, 0x794C, 0x794D, 0x796E, 0x796E, 0x796F, 0x796F, 0x796F, 0x796F, 0x7990, 0x7990, 0x7990,
    0x8AC5, 0x8AE5, 0x8AE6, 0x8AC6, 0x8AC6, 0x8A85, 0x8A45, 0x8205, 0x81A5, 0x8164, 0x8124, 0x8125, 0x7905, 0x7905, 0x7906, 0x7907,
    0x7927, 0x7928, 0x7929, 0x792A, 0x794B, 0x794C, 0x796D, 0x796E, 0x798E, 0x798F, 0x798F, 0x798F, 0x7990, 0x7990, 0x79B0, 0x79B0,
    0x8B06, 0x8B26, 0x9326, 0x9326, 0x9326, 0x92E6, 0x8AC6, 0x8A86, 0x8A25, 0x81C5, 0x8165, 0x8145, 0x8125, 0x8125, 0x8126, 0x7926,
    0x7927, 0x7928, 0x7929, 0x794A, 0x794B, 0x796C, 0x816D, 0x818E, 0x818F, 0x81AF, 0x81AF, 0x81B0, 0x81B0, 0x79D0, 0x81D0, 0x81F1,
    0x8B46, 0x9366, 0x9367, 0x9367, 0x9367, 0x9367, 0x9327, 0x92E6, 0x8AA6, 0x8A46, 0x89E5, 0x8185, 0x8145, 0x8145, 0x8126, 0x8126,
    0x8127, 0x8148, 0x8149, 0x814A, 0x816B, 0x816C, 0x818D, 0x81AE, 0x81AF, 0x81CF, 0x81D0, 0x81D0, 0x81F0, 0x81F0, 0x8211, 0x8211,
    0x9386, 0x93A7, 0x93A7, 0x93C7, 0x9BC8, 0x9BA8, 0x9388, 0x9367, 0x9307, 0x8AA6, 0x8A46, 0x89E5, 0x81A5, 0x8165, 0x8146, 0x8146,
    0x8147, 0x8148, 0x8149, 0x816A, 0x816B, 0x818C, 0x81AD, 0x81CF, 0x81EF, 0x81F0, 0x81F0, 0x8210, 0x8211, 0x8211, 0x8231, 0x8A52,
    0x93C7, 0x93C7, 0x93E7, 0x9BE8, 0x9BE8, 0x9BE8, 0x9BE8, 0x9BA8, 0x9388, 0x9327, 0x92C7, 0x8A66, 0x8A06, 0x89C6, 0x8186, 0x8166,
    0x8167, 0x8168, 0x8169, 0x818A, 0x818B, 0x81AD, 0x81CE, 0x81EF, 0x8A10, 0x8A30, 0x8A31, 0x8A31, 0x8A31, 0x8A51, 0x8A72, 0x8A93,
    0x93E7, 0x93E7, 0x9C08, 0x9C08, 0x9C28, 0x9C28, 0x9C08, 0x9C08, 0x9BC8, 0x9B88, 0x9347, 0x92E7, 0x8A86, 0x8A26, 0x89C6, 0x89A6,
    0x89A7, 0x8988, 0x89A9, 0x89AA, 0x89CC, 0x89ED, 0x8A0E, 0x8A30, 0x8A50, 0x8A51, 0x8A51, 0x8A71, 0x8A72, 0x8A92, 0x92B3, 0x92D3,
    0x9407, 0x9408, 0x9C28, 0x9C28, 0x9C28, 0x9C28, 0x9C29, 0x9C29, 0x9C09, 0x9BC8, 0x9BA8, 0x9348, 0x9307, 0x92A7, 0x8A67, 0x9207,
    0x91E7, 0x91C8, 0x91C9, 0x89EB, 0x8A0C, 0x8A2E, 0x924F, 0x9271, 0x9291, 0x9292, 0x9292, 0x9292, 0x92B3, 0x92B3, 0x92D4, 0x9B14,
    0x9427, 0x9428, 0x9C48, 0x9C48, 0x9C48, 0x9C49, 0x9C49, 0x9C49, 0x9C29, 0x9C09, 0x9BE9, 0x9BA8, 0x9368, 0x9328, 0x92E8, 0x9287,
    0x9A68, 0x9A29, 0x9A2A, 0x924C, 0x924D, 0x926F, 0x9A90, 0x9AD1, 0x9AD2, 0x9AD3, 0x9AD3, 0x9AD3, 0x9AF3, 0x9AF4, 0x9B34, 0x9B55,
    0x9448, 0x9448, 0x9C48, 0x9C68, 0x9C69, 0x9C69, 0x9C69, 0x9C69, 0x9C49, 0x9C49, 0x9C29, 0x9C09, 0x9BC9, 0x9BA9, 0x9B69, 0x9B28,
    0x9B09, 0xA2C9, 0xA2AA, 0xA2AC, 0xA2AE, 0x9AD0, 0x9B11, 0xA332, 0xA333, 0x9B33, 0x9B33, 0x9B14, 0x9B34, 0x9B54, 0x9B75, 0xA3B5,
    0x9468, 0x9468, 0x9C68, 0x9C89, 0x9C89, 0x9C89, 0x9C89, 0xA489, 0xA489, 0xA469, 0x9C69, 0x9C49, 0x9C29, 0x9C09, 0x9BE9, 0xA3C9,
    0xA3AA, 0xA36A, 0xAB4B, 0xA34D, 0xA34F, 0xA371, 0xA392, 0xA3B3, 0xA3B3, 0xA394, 0xA374, 0x9B74, 0x9B74, 0x9B95, 0xA3D5, 0xA3F5,
    0x9488, 0x9488, 0x9CA8, 0x9CA9, 0x9CA9, 0xA4CA, 0xA4CA, 0xA4CA, 0xA4AA, 0xA4AA, 0xA4AA, 0xA48A, 0xA48A, 0xA46A, 0xA46A, 0xA44A,
    0xAC4B, 0xAC2C, 0xAC0D, 0xABEE, 0xA3F0, 0xA411, 0xA412, 0xA433, 0xA434, 0xA414, 0xA3D4, 0xA3B4, 0xA3D5, 0xA3D5, 0xA415, 0xA435,
    0x94A8, 0x94A9, 0x9CC9, 0x9CC9, 0xA4EA, 0xA4EA, 0xA4EA, 0xA4EA, 0xA4EB, 0xA4EB, 0xA4EB, 0xA4CB, 0xA4CB, 0xA4CB, 0xACCB, 0xACCB,
    0xACAC, 0xACAD, 0xAC8E, 0xAC8F, 0xAC71, 0xAC72, 0xAC93, 0xAC94, 0xA494, 0xA474, 0xA435, 0xA415, 0xA415, 0xA415, 0xA455, 0xA496,
    0x94C8, 0x9CC9, 0x9CE9, 0x9CEA, 0xA50A, 0xA50B, 0xA52B, 0xAD2B, 0xAD2B, 0xAD2B, 0xAD2B, 0xAD2B, 0xAD0C, 0xAD0C, 0xAD0C, 0xAD0D,
    0xAD0D, 0xAD0E, 0xAD0F, 0xACF1, 0xACF2, 0xACF3, 0xACF3, 0xACF4, 0xACF4, 0xA4D5, 0xA495, 0xA455, 0xA455, 0xA455, 0xA495, 0xA4D6,
    0x94E9, 0x9D09, 0x9D0A, 0xA52A, 0xA52B, 0xA54B, 0xAD4B, 0xAD4B, 0xAD4C, 0xAD4C, 0xAD4C, 0xAD4C, 0xAD4D, 0xAD4D, 0xAD4E, 0xB54E,
    0xB54F, 0xB550, 0xB551, 0xAD52, 0xAD53, 0xAD33, 0xAD34, 0xAD34, 0xAD35, 0xAD15, 0xA4D5, 0xA495, 0xA495, 0xA495, 0xA4B6, 0xACF6,
    0x9D09, 0x9D2A, 0xA52A, 0xA54B, 0xA54B, 0xAD4B, 0xAD6C, 0xAD6C, 0xB56C, 0xB56D, 0xB56D, 0xB56D, 0xB56E, 0xB56F, 0xB58F, 0xB590,
    0xB591, 0xB592, 0xB572, 0xB573, 0xB573, 0xB574, 0xAD74, 0xAD75, 0xAD55, 0xAD55, 0xAD15, 0xA4D5, 0xA4D5, 0xA4B5, 0xA4F6, 0xAD36,
    0x9D2A, 0x9D4A, 0xA54B, 0xA54B, 0xAD6C, 0xAD6C, 0xAD8C, 0xB58C, 0xB58D, 0xB58D, 0xB58E, 0xB58E, 0xB58F, 0xB590, 0xB591, 0xB5B1,
    0xB5B2, 0xB5B3, 0xB5B3, 0xB5B4, 0xB594, 0xB594, 0xB595, 0xB595, 0xAD95, 0xAD76, 0xAD56, 0xAD36, 0xA516, 0xA516, 0xAD36, 0xAD56,
    0x9D4A, 0xA54B, 0xA56B, 0xAD6B, 0xAD8C, 0xAD8C, 0xB58C, 0xB5AD, 0xB5AD, 0xB5AE, 0xB5AE, 0xB5AF, 0xB5B0, 0xB5B1, 0xB5B1, 0xB5B2,
    0xB5B3, 0xB5B3, 0xB5B4, 0xB5B4, 0xB5B4, 0xB5B5, 0xB5B5, 0xB5B5, 0xB5B6, 0xB5B6, 0xAD96, 0xAD76, 0xAD56, 0xAD56, 0xAD76, 0xAD96,
    0xA56B, 0xA56B, 0xA58C, 0xAD8C, 0xAD8C, 0xADAC, 0xB5AD, 0xB5AD, 0xB5AE, 0xB5AE, 0xB5AF, 0xB5D0, 0xB5D0, 0xB5D1, 0xB5D2, 0xB5D3,
    0xB5D3, 0xB5D4, 0xB5D4, 0xB5D5, 0xB5D5, 0xB5D5, 0xB5D5, 0xB5D6, 0xB5D6, 0xB5D6, 0xB5B6, 0xADB6, 0xAD96, 0xAD96, 0xAD96, 0xB5B7,
    0xAD8C, 0xAD8C, 0xAD8C, 0xADAC, 0xADAC, 0xB5AC, 0xB5CD, 0xB5CD, 0xB5CE, 0xB5CF, 0xB5CF, 0xB5D0, 0xB5D1, 0xB5D2, 0xB5D2, 0xB5D3,
    0xB5D4, 0xB5D4, 0xB5D5, 0xB5D5, 0xB5D5, 0xB5D5, 0xB5D6, 0xB5D6, 0xB5D6, 0xB5D6, 0xB5D6, 0xB5D6, 0xB5D6, 0xADB7, 0xB5B7, 0xB5D7,
    0xADAC, 0xADAC, 0xADAC, 0xADAC, 0xB5CC, 0xB5CD, 0xB5CD, 0xB5CE, 0xB5CE, 0xB5CF, 0xB5D0, 0xB5D1, 0xB5D1, 0xB5D2, 0xB5F3, 0xB5F3,
    0xB5F4, 0xB5F4, 0xB5F5, 0xB5F5, 0xB5F5, 0xB5F6, 0xB5F6, 0xB5F6, 0xB5F6, 0xB5F6, 0xB5F6, 0xB5F6, 0xB5D7, 0xB5D7, 0xB5D7, 0xB5D7,
    0xADCC, 0xADCC, 0xADCC, 0xB5CC, 0xB5CD, 0xB5CD, 0xB5CE, 0xB5CE, 0xB5EF, 0xB5F0, 0xB5F0, 0xB5F1, 0xB5F2, 0xB5F3, 0xB5F3, 0xB5F4,
    0xB5F4, 0xB5F5, 0xB5F5, 0xB5F5, 0xB5F6, 0xB5F6, 0xB5F6, 0xB5F6, 0xB5F6, 0xB5F6, 0xB5F6, 0xB5F7, 0xB5F7, 0xB5F7, 0xB5F7, 0xB5F7,
    0xB5CC, 0xB5CC, 0xB5CC, 0xB5CD, 0xB5ED, 0xB5ED, 0xB5EE, 0xB5EF, 0xB5EF, 0xB5F0, 0xB5F1, 0xB5F1, 0xB5F2, 0xB5F3, 0xB5F3, 0xB5F4,
    0xB5F4, 0xB5F5, 0xB5F5, 0xB5F5, 0xB5F6, 0xB5F6, 0xB5F6, 0xB5F6, 0xB616, 0xBE16, 0xB617, 0xB617, 0xB617, 0xB617, 0xB617, 0xB5F7,
    0xB5EC, 0xB5EC, 0xB5ED, 0xB5ED, 0xB5ED, 0xB5EE, 0xB5EE, 0xB5EF, 0xB5EF, 0xB5F0, 0xB5F1, 0xB5F2, 0xB5F2, 0xB613, 0xB614, 0xB614,
    0xB615, 0xB615, 0xB615, 0xB615, 0xB616, 0xB616, 0xB616, 0xBE16, 0xBE16, 0xBE16, 0xBE17, 0xBE17, 0xBE17, 0xBE17, 0xB617, 0xB617,
    0x70C2, 0x70A2, 0x70A3, 0x70A3, 0x70A3, 0x70A3, 0x70A4, 0x70A4, 0x70A4, 0x70A5, 0x70A5, 0x70A6, 0x70A6, 0x70A7, 0x70A7, 0x70A8,
    0x70A8, 0x70C8, 0x70C9, 0x70C9, 0x70CA, 0x70CB, 0x70CB, 0x70EC, 0x70EC, 0x70ED, 0x78ED, 0x790E, 0x790E, 0x790F, 0x790F, 0x790F,
    0x7903, 0x78E3, 0x78C3, 0x78C3, 0x70A3, 0x70A3, 0x70A3, 0x70A4, 0x70A4, 0x70A5, 0x70A5, 0x70A6, 0x70A6, 0x70C7, 0x70C7, 0x70C8,
    0x70C8, 0x70C8, 0x70C9, 0x78CA, 0x78CA, 0x78EB, 0x78EC, 0x78EC, 0x78ED, 0x790D, 0x790E, 0x790E, 0x790E, 0x790F, 0x792F, 0x792F,
    0x7923, 0x7903, 0x78E3, 0x78C3, 0x78C3, 0x78C3, 0x78C3, 0x78C4, 0x78C4, 0x78C5, 0x78C5, 0x78C6, 0x70C6, 0x70C7, 0x78C7, 0x78C8,
    0x78C8, 0x78C8, 0x78C9, 0x78EA, 0x78EA, 0x78EB, 0x78EC, 0x790C, 0x790D, 0x790D, 0x790E, 0x792E, 0x792F, 0x792F, 0x792F, 0x792F,
    0x7963, 0x7943, 0x7923, 0x7903, 0x78E3, 0x78C3, 0x78C3, 0x78C4, 0x78C4, 0x78C4, 0x78C5, 0x78C5, 0x78C6, 0x78C6, 0x78C7, 0x78C7,
    0x78E8, 0x78E8, 0x78E9, 0x78EA, 0x78EB, 0x790B, 0x790C, 0x790D, 0x790D, 0x792E, 0x792E, 0x792E, 0x792F, 0x792F, 0x792F, 0x792F,
    0x79A3, 0x7983, 0x7963, 0x7923, 0x7903, 0x78E3, 0x78E3, 0x78E4, 0x78E4, 0x78E4, 0x78C5, 0x78E5, 0x78E6, 0x78E6, 0x78E7, 0x78E7,
    0x78E8, 0x78E8, 0x78E9, 0x78EA, 0x790B, 0x790B, 0x790C, 0x792D, 0x792D, 0x792E, 0x792E, 0x794F, 0x794F, 0x794F, 0x794F, 0x794F,
    0x81E4, 0x81C4, 0x81A4, 0x8184, 0x8144, 0x7924, 0x7904, 0x78E4, 0x78E4, 0x78E4, 0x78E5, 0x78E5, 0x78E6, 0x78E6, 0x78E7, 0x78E7,
    0x78E8, 0x78E8, 0x7909, 0x790A, 0x790B, 0x790C, 0x792C, 0x792D, 0x792E, 0x794E, 0x794E, 0x794F, 0x794F, 0x794F, 0x794F, 0x794F,
    0x8224, 0x8204, 0x8204, 0x81C4, 0x81A4, 0x8164, 0x8124, 0x8104, 0x7904, 0x78E4, 0x78E4, 0x78E5, 0x78E5, 0x78E6, 0x78E6, 0x78E7,
    0x7908, 0x7908, 0x7909, 0x790A, 0x790B, 0x792C, 0x792D, 0x794D, 0x794E, 0x794E, 0x794F, 0x796F, 0x796F, 0x796F, 0x796F, 0x7970,
    0x8A64, 0x8A65, 0x8A65, 0x8A25, 0x8204, 0x81C4, 0x8184, 0x8144, 0x8124, 0x8104, 0x8104, 0x7905, 0x7905, 0x7906, 0x7906, 0x7907,
    0x7907, 0x7908, 0x7909, 0x790A, 0x792B, 0x792C, 0x794D, 0x794D, 0x794E, 0x796E, 0x796F, 0x796F, 0x796F, 0x796F, 0x7970, 0x7990,
    0x8AA5, 0x8AA5, 0x8AA5, 0x8A85, 0x8A65, 0x8A25, 0x81E5, 0x8184, 0x8144, 0x8124, 0x8104, 0x8105, 0x8105, 0x8106, 0x7906, 0x7907,
    0x7907, 0x7908, 0x7929, 0x7929, 0x792B, 0x794C, 0x794D, 0x816D, 0x816E, 0x816F, 0x818F, 0x818F, 0x798F, 0x7990, 0x7990, 0x79B0,
    0x8AE5, 0x8AE6, 0x92E6, 0x92E6, 0x8AC6, 0x8A86, 0x8A45, 0x8A05, 0x81A5, 0x8164, 0x8144, 0x8125, 0x8125, 0x8125, 0x8126, 0x8126,
    0x8127, 0x8128, 0x8128, 0x8129, 0x814A, 0x814C, 0x816D, 0x816E, 0x818E, 0x818F, 0x818F, 0x81AF, 0x81B0, 0x81B0, 0x81D0, 0x81D0,
    0x9326, 0x9326, 0x9346, 0x9346, 0x9327, 0x92E6, 0x8AC6, 0x8A66, 0x8A05, 0x89C5, 0x8165, 0x8145, 0x8125, 0x8125, 0x8126, 0x8126,
    0x8127, 0x8128, 0x8128, 0x8149, 0x814A, 0x816C, 0x816D, 0x818E, 0x81AF, 0x81AF, 0x81AF, 0x81D0, 0x81D0, 0x81D0, 0x81F1, 0x81F1,
    0x9366, 0x9367, 0x9387, 0x9387, 0x9387, 0x9367, 0x9327, 0x92C6, 0x8A86, 0x8A25, 0x89C5, 0x8985, 0x8165, 0x8145, 0x8146, 0x8146,
    0x8147, 0x8148, 0x8148, 0x8149, 0x816A, 0x816C, 0x818D, 0x81AE, 0x81CF, 0x81CF, 0x81F0, 0x81F0, 0x81F0, 0x8211, 0x8231, 0x8A31,
    0x93A7, 0x93A7, 0x9BC7, 0x9BC8, 0x9BC8, 0x9BA8, 0x9B88, 0x9347, 0x92E7, 0x8AA6, 0x8A46, 0x89E5, 0x89A5, 0x8965, 0x8166, 0x8146,
    0x8147, 0x8148, 0x8168, 0x8169, 0x816A, 0x818C, 0x81AD, 0x81CE, 0x81EF, 0x8A10, 0x8A10, 0x8A31, 0x8A31, 0x8A31, 0x8A52, 0x8A72,
    0x93C7, 0x9BE7, 0x9BE8, 0x9C08, 0x9C08, 0x9BE8, 0x9BC8, 0x9BA8, 0x9367, 0x9307, 0x92A6, 0x8A66, 0x8A06, 0x89A6, 0x8986, 0x8966,
    0x8967, 0x8168, 0x8168, 0x8189, 0x818B, 0x81AC, 0x81CD, 0x89EF, 0x8A10, 0x8A31, 0x8A51, 0x8A51, 0x8A72, 0x8A72, 0x9292, 0x92B3,
    0x9BE7, 0x9C08, 0x9C28, 0x9C28, 0x9C28, 0x9C28, 0x9C08, 0x9BE8, 0x9BA8, 0x9B68, 0x9327, 0x92C7, 0x8A66, 0x8A06, 0x89C6, 0x89A6,
    0x89A7, 0x8988, 0x89A9, 0x89AA, 0x89CB, 0x89CC, 0x89EE, 0x8A2F, 0x8A50, 0x9271, 0x9292, 0x9292, 0x9292, 0x92B3, 0x9AD3, 0x9AF4,
    0x9C07, 0x9C28, 0x9C28, 0x9C48, 0x9C48, 0x9C29, 0x9C29, 0x9C09, 0x9BE8, 0x9BC8, 0x9B88, 0x9328, 0x92E7, 0x92A7, 0x9247, 0x9207,
    0x91E7, 0x91C8, 0x91C9, 0x89EA, 0x89EC, 0x8A0D, 0x922F, 0x9270, 0x9291, 0x9AB2, 0x9AD3, 0x9AD3, 0x9AD3, 0x9AF4, 0x9B14, 0x9B35,
    0x9C28, 0x9C48, 0x9C48, 0x9C48, 0x9C49, 0x9C49, 0x9C49, 0x9C29, 0x9C29, 0x9BE9, 0x9BC8, 0x9B88, 0x9368, 0x9308, 0x92C7, 0x9287,
    0x9A48, 0x9A28, 0x9A29, 0x922B, 0x922C, 0x924E, 0x926F, 0x9AB1, 0x9AD2, 0xA313, 0xA313, 0x9B14, 0x9B14, 0x9B34, 0xA355, 0xA395,
    0x9C48, 0x9C48, 0x9C68, 0x9C68, 0x9C69, 0x9C69, 0x9C69, 0x9C49, 0x9C29, 0x9C29, 0x9C09, 0x9BE9, 0x9BC9, 0x9B88, 0x9B48, 0x9B08,
    0x9AE8, 0xA2A8, 0xA28A, 0xA28B, 0xA28D, 0xA2AF, 0xA2D0, 0xA2F2, 0xA333, 0xA374, 0xA374, 0xA374, 0xA374, 0xA395, 0xA3B5, 0xA3F5,
    0x9C68, 0x9C68, 0x9C88, 0x9C89, 0xA489, 0xA489, 0xA489, 0xA469, 0xA469, 0xA449, 0x9C49, 0x9C29, 0x9C09, 0x9C09, 0x9BC9, 0xA3A9,
    0xA369, 0xA349, 0xAB0A, 0xAB0C, 0xAB0E, 0xA310, 0xA351, 0xA372, 0xA3B3, 0xA3D4, 0xA3D4, 0xA3B4, 0xA3D5, 0xA3D5, 0xA415, 0xA435,
    0x9488, 0x9C88, 0x9CA9, 0x9CA9, 0xA4A9, 0xA4A9, 0xA4AA, 0xA4AA, 0xA4AA, 0xA48A, 0xA48A, 0xA46A, 0xA46A, 0xA44A, 0xA44A, 0xA42A,
    0xAC2A, 0xABEB, 0xABCC, 0xABAD, 0xABAE, 0xABB0, 0xABD2, 0xABF3, 0xAC14, 0xAC54, 0xA435, 0xA415, 0xA435, 0xA435, 0xA455, 0xAC76,
    0x9CA8, 0x9CA9, 0x9CC9, 0xA4C9, 0xA4EA, 0xA4EA, 0xA4EA, 0xA4EA, 0xA4CA, 0xA4CA, 0xA4CA, 0xA4AA, 0xA4AA, 0xA4AB, 0xACAB, 0xACAB,
    0xAC8B, 0xAC8C, 0xAC6D, 0xAC4E, 0xAC4F, 0xAC51, 0xAC52, 0xAC73, 0xAC94, 0xAC95, 0xAC95, 0xAC75, 0xA475, 0xA475, 0xAC96, 0xACB6,
    0x9CC9, 0x9CC9, 0x9CE9, 0xA4EA, 0xA50A, 0xA50B, 0xAD0B, 0xAD0B, 0xAD0B, 0xAD0B, 0xAD0B, 0xAD0B, 0xAD0B, 0xACEB, 0xACEB, 0xACEC,
    0xACEC, 0xACED, 0xACEE, 0xACCF, 0xACD1, 0xACD2, 0xACD3, 0xACD4, 0xACF4, 0xACF5, 0xACD5, 0xACB5, 0xACB5, 0xACB5, 0xACD6, 0xACF6,
    0x9CE9, 0x9D09, 0xA50A, 0xA52A, 0xA52B, 0xAD2B, 0xAD4B, 0xAD4B, 0xAD4C, 0xAD4C, 0xAD4C, 0xAD4C, 0xAD4C, 0xAD2C, 0xB52D, 0xB52D,
    0xB52E, 0xB52F, 0xB530, 0xB531, 0xB532, 0xAD33, 0xAD34, 0xAD34, 0xAD35, 0xAD35, 0xAD15, 0xACF5, 0xACF5, 0xACD6, 0xACF6, 0xAD36,
    0x9D09, 0xA52A, 0xA52B, 0xA54B, 0xAD4B, 0xAD4B, 0xAD6C, 0xB56C, 0xB56C, 0xB56C, 0xB56D, 0xB56D, 0xB56D, 0xB56E, 0xB56E, 0xB56F,
    0xB570, 0xB571, 0xB571, 0xB572, 0xB573, 0xB574, 0xB554, 0xB555, 0xAD55, 0xB555, 0xAD56, 0xAD36, 0xAD16, 0xAD16, 0xAD36, 0xAD56,
    0x9D2A, 0xA54B, 0xA54B, 0xAD4B, 0xAD6C, 0xAD6C, 0xB58C, 0xB58C, 0xB58D, 0xB58D, 0xB58D, 0xB58E, 0xB58F, 0xB58F, 0xB590, 0xB591,
    0xB591, 0xB592, 0xB593, 0xB593, 0xB594, 0xB594, 0xB595, 0xB595, 0xB595, 0xB596, 0xB576, 0xAD56, 0xAD56, 0xAD36, 0xAD56, 0xB576,
    0xA54B, 0xA54B, 0xAD6B, 0xAD6C, 0xAD8C, 0xB58C, 0xB58C, 0xB5AD, 0xB5AD, 0xB5AE, 0xB5AE, 0xB5AF, 0xB5B0, 0xB5B1, 0xB5B1, 0xB5B2,
    0xB5B3, 0xB5B3, 0xB5B4, 0xB5B4, 0xB5B5, 0xB5B5, 0xB5B5, 0xB5B5, 0xB5B6, 0xB5B6, 0xB596, 0xB596, 0xAD76, 0xAD56, 0xAD76, 0xB597,
    0xA56B, 0xAD6B, 0xAD8C, 0xAD8C, 0xB5AC, 0xB5AC, 0xB5AD, 0xB5AD, 0xB5AE, 0xB5AE, 0xB5AF, 0xB5D0, 0xB5D0, 0xB5D1, 0xB5D2, 0xB5D3,
    0xB5D3, 0xB5D4, 0xB5D4, 0xB5D5, 0xB5D5, 0xB5D5, 0xB5D5, 0xB5D6, 0xB5D6, 0xB5D6, 0xB5B6, 0xB5B6, 0xB596, 0xB596, 0xB596, 0xB5B7,
    0xAD8C, 0xAD8C, 0xAD8C, 0xADAC, 0xB5AC, 0xB5AD, 0xB5CD, 0xB5CD, 0xB5CE, 0xB5CF, 0xB5CF, 0xB5D0, 0xB5D1, 0xB5D2, 0xB5D2, 0xB5D3,
    0xB5D4, 0xB5D4, 0xB5D5, 0xB5D5, 0xB5D5, 0xB5D5, 0xB5D6, 0xB5D6, 0xB5D6, 0xB5D6, 0xB5D6, 0xB5D6, 0xB5D6, 0xB5B7, 0xB5D7, 0xB5D7,
    0xADAC, 0xADAC, 0xADAC, 0xB5AC, 0xB5CC, 0xB5CD, 0xB5CD, 0xB5CE, 0xB5CE, 0xB5CF, 0xB5D0, 0xB5D1, 0xB5D1, 0xB5F2, 0xB5F3, 0xB5F3,
    0xB5F4, 0xB5F4, 0xBDF5, 0xBDF5, 0xBDF5, 0xBDF6, 0xBDF6, 0xBDF6, 0xBDF6, 0xBDF6, 0xBDF6, 0xB5F7, 0xB5F7, 0xB5D7, 0xB5D7, 0xB5D7,
    0xB5CC, 0xB5CC, 0xB5CC, 0xB5CC, 0xB5CD, 0xB5CD, 0xB5CE, 0xB5EE, 0xB5EF, 0xB5F0, 0xB5F0, 0xB5F1, 0xB5F2, 0xB5F3, 0xB5F3, 0xB5F4,
    0xB5F4, 0xBDF5, 0xBDF5, 0xBDF5, 0xBDF6, 0xBDF6, 0xBDF6, 0xBDF6, 0xBDF6, 0xBDF6, 0xBDF6, 0xBDF7, 0xBDF7, 0xB5F7, 0xB5F7, 0xB5F7,
    0xB5CC, 0xB5CC, 0xB5CC, 0xB5CD, 0xB5ED, 0xB5ED, 0xB5EE, 0xB5EF, 0xB5EF, 0xB5F0, 0xB5F1, 0xB5F1, 0xB5F2, 0xB5F3, 0xB5F3, 0xB5F4,
    0xB5F4, 0xBDF5, 0xBDF5, 0xBE15, 0xBE16, 0xBE16, 0xBE16, 0xBE16, 0xBE16, 0xBE16, 0xBE17, 0xBE17, 0xBE17, 0xBE17, 0xBE17, 0xB617,
    0xB5EC, 0xB5EC, 0xB5ED, 0xB5ED, 0xB5ED, 0xB5EE, 0xB5EE, 0xB5EF, 0xB5F0, 0xB5F0, 0xB5F1, 0xB612, 0xB612, 0xB613, 0xB614, 0xB614,
    0xBE15, 0xBE15, 0xBE15, 0xBE15, 0xBE16, 0xBE16, 0xBE16, 0xBE16, 0xBE16, 0xBE16, 0xBE17, 0xBE17, 0xBE17, 0xBE17, 0xBE17, 0xBE17,
    0x78C2, 0x78C3, 0x78A3, 0x78A3, 0x78A3, 0x78A3, 0x78A4, 0x78A4, 0x78A4, 0x70A5, 0x70A5, 0x70A6, 0x70A6, 0x70A7, 0x70A7, 0x78C8,
    0x78C8, 0x78C8, 0x78C9, 0x78C9, 0x78CA, 0x78CB, 0x78EB, 0x78EC, 0x78EC, 0x78ED, 0x790D, 0x790E, 0x790E, 0x790F, 0x790F, 0x792F,
    0x7903, 0x78E3, 0x78C3, 0x78C3, 0x78C3, 0x78C3, 0x78C4, 0x78C4, 0x78C4, 0x78C5, 0x78C5, 0x78C6, 0x78C6, 0x78C7, 0x78C7, 0x78C7,
    0x78C8, 0x78C8, 0x78C9, 0x78CA, 0x78EA, 0x78EB, 0x78EB, 0x78EC, 0x790D, 0x790D, 0x790E, 0x790E, 0x790E, 0x792F, 0x792F, 0x792F,
    0x7943, 0x7903, 0x78E3, 0x78E3, 0x78C3, 0x78C3, 0x78C4, 0x78C4, 0x78C4, 0x78C5, 0x78C5, 0x78C6, 0x78C6, 0x78C6, 0x78C7, 0x78C7,
    0x78C8, 0x78C8, 0x78E9, 0x78EA, 0x78EA, 0x78EB, 0x790C, 0x790C, 0x790D, 0x790D, 0x792E, 0x792E, 0x792F, 0x792F, 0x792F, 0x792F,
    0x8183, 0x8143, 0x8123, 0x7903, 0x78E3, 0x78E3, 0x78C4, 0x78C4, 0x78C4, 0x78C4, 0x78C5, 0x78C5, 0x78C6, 0x78C6, 0x78C7, 0x78E7,
    0x78E8, 0x78E8, 0x78E9, 0x78EA, 0x78EA, 0x790B, 0x790C, 0x790D, 0x792D, 0x792E, 0x792E, 0x792E, 0x792F, 0x792F, 0x794F, 0x794F,
    0x81A4, 0x8184, 0x8164, 0x8123, 0x8103, 0x80E3, 0x78E4, 0x78E4, 0x78E4, 0x78E4, 0x78E5, 0x78E5, 0x78E6, 0x78E6, 0x78E7, 0x78E7,
    0x78E8, 0x78E8, 0x78E9, 0x790A, 0x790A, 0x790B, 0x790C, 0x792D, 0x792D, 0x792E, 0x794E, 0x794F, 0x794F, 0x794F, 0x794F, 0x794F,
    0x8204, 0x81E4, 0x81C4, 0x8184, 0x8144, 0x8124, 0x8104, 0x80E4, 0x80E4, 0x78E4, 0x78E5, 0x78E5, 0x78E6, 0x78E6, 0x78E6, 0x78E7,
    0x78E7, 0x78E8, 0x7909, 0x7909, 0x790A, 0x790B, 0x792C, 0x792D, 0x792D, 0x794E, 0x794E, 0x794F, 0x794F, 0x794F, 0x794F, 0x796F,
    0x8A44, 0x8A24, 0x8A04, 0x81E4, 0x81A4, 0x8164, 0x8124, 0x8104, 0x8104, 0x8104, 0x80E4, 0x80E5, 0x80E5, 0x78E6, 0x7906, 0x7907,
    0x7907, 0x7908, 0x7909, 0x7909, 0x790A, 0x792B, 0x792C, 0x794D, 0x794E, 0x794E, 0x796F, 0x796F, 0x796F, 0x796F, 0x796F, 0x7970,
    0x8A85, 0x8A65, 0x8A65, 0x8A45, 0x8A05, 0x89C4, 0x8184, 0x8144, 0x8124, 0x8104, 0x8104, 0x8105, 0x8105, 0x8106, 0x8106, 0x8107,
    0x8107, 0x8108, 0x8108, 0x8129, 0x812A, 0x812B, 0x814C, 0x814D, 0x814E, 0x816E, 0x816F, 0x816F, 0x818F, 0x8190, 0x7990, 0x7990,
    0x8AC5, 0x8AC5, 0x8AA5, 0x8A85, 0x8A65, 0x8A25, 0x89E5, 0x8184, 0x8144, 0x8124, 0x8124, 0x8105, 0x8105, 0x8105, 0x8106, 0x8106,
    0x8107, 0x8128, 0x8128, 0x8129, 0x812A, 0x814B, 0x814C, 0x816D, 0x816E, 0x818E, 0x818F, 0x818F, 0x8190, 0x81B0, 0x81B0, 0x81B0,
    0x9306, 0x9306, 0x9306, 0x92E6, 0x92C6, 0x8A86, 0x8A45, 0x89E5, 0x89A5, 0x8164, 0x8144, 0x8125, 0x8125, 0x8125, 0x8126, 0x8126,
    0x8127, 0x8128, 0x8128, 0x8129, 0x814A, 0x814B, 0x816C, 0x816D, 0x818E, 0x818F, 0x81AF, 0x81B0, 0x81D0, 0x81D0, 0x81D0, 0x81F1,
    0x9346, 0x9346, 0x9367, 0x9347, 0x9327, 0x92E6, 0x92A6, 0x8A65, 0x8A05, 0x89A5, 0x8965, 0x8145, 0x8145, 0x8125, 0x8126, 0x8126,
    0x8127, 0x8128, 0x8148, 0x8149, 0x814A, 0x816B, 0x816C, 0x818D, 0x81AE, 0x81AF, 0x81CF, 0x81D0, 0x81F0, 0x81F0, 0x8211, 0x8211,
    0x9387, 0x9B87, 0x9BA7, 0x9B87, 0x9B87, 0x9347, 0x9307, 0x92C6, 0x8A66, 0x8A25, 0x89C5, 0x8985, 0x8965, 0x8145, 0x8146, 0x8146,
    0x8147, 0x8148, 0x8148, 0x8169, 0x816A, 0x816B, 0x818D, 0x81AE, 0x81CF, 0x81EF, 0x89F0, 0x8A10, 0x8A11, 0x8A31, 0x8A31, 0x8A52,
    0x9BA7, 0x9BC7, 0x9BE8, 0x9BC8, 0x9BC8, 0x9BA8, 0x9B67, 0x9327, 0x92C6, 0x8A86, 0x8A26, 0x89E5, 0x89A5, 0x8985, 0x8966, 0x8966,
    0x8967, 0x8168, 0x8168, 0x8169, 0x818A, 0x818C, 0x81AD, 0x89CE, 0x89EF, 0x8A10, 0x8A30, 0x8A51, 0x8A51, 0x8A51, 0x8A72, 0x9292,
    0x9BE7, 0x9BE8, 0x9C08, 0x9C08, 0x9C08, 0x9BE8, 0x9BC8, 0x9B88, 0x9327, 0x92E7, 0x92A6, 0x8A46, 0x8A06, 0x89C6, 0x8986, 0x8986,
    0x8987, 0x8988, 0x8989, 0x898A, 0x89AB, 0x89AC, 0x89CD, 0x89EE, 0x8A2F, 0x8A51, 0x9271, 0x9272, 0x9292, 0x9292, 0x92B3, 0x9AD3,
    0x9C08, 0x9C28, 0x9C28, 0x9C28, 0xA428, 0x9C08, 0x9BE8, 0x9BC8, 0x9B88, 0x9347, 0x9307, 0x92A7, 0x9266, 0x8A26, 0x89E6, 0x89C7,
    0x89A7, 0x89A8, 0x89A9, 0x89CA, 0x89CB, 0x89EC, 0x8A0E, 0x8A2F, 0x9250, 0x9291, 0x92B2, 0x9AB2, 0x9AB3, 0x9AD3, 0x9AF4, 0x9B14,
    0x9C28, 0x9C28, 0x9C48, 0x9C48, 0xA449, 0xA428, 0x9C08, 0x9BE8, 0x9BC8, 0x9B88, 0x9B68, 0x9327, 0x92E7, 0x92A7, 0x9247, 0x9227,
    0x91E7, 0x91E8, 0x91E9, 0x91EA, 0x920C, 0x920D, 0x922E, 0x9270, 0x9A91, 0x9AD2, 0x9AD3, 0x9AF3, 0x9B14, 0xA314, 0xA334, 0xA375,
    0x9C48, 0x9C48, 0x9C48, 0x9C48, 0xA449, 0xA449, 0xA429, 0x9C09, 0x9C08, 0x9BC8, 0x9BA8, 0x9B88, 0x9B48, 0x9308, 0x92C8, 0x9A87,
    0x9A68, 0x9A28, 0x9A29, 0x9A2B, 0x9A4C, 0x9A4E, 0x9A8F, 0x9AB1, 0x9AD2, 0xA313, 0xA333, 0xA354, 0xA354, 0xA374, 0xA395, 0xA3B5,
    0x9C48, 0x9C68, 0x9C68, 0xA469, 0xA469, 0xA449, 0xA449, 0x9C29, 0x9C29, 0x9C09, 0x9BE9, 0x9BC9, 0x9BA9, 0x9B89, 0x9B48, 0x9B28,
    0xA2E8, 0xA2A8, 0xA289, 0xA28B, 0xA28D, 0xA2AF, 0xA2D0, 0xA2F1, 0xA332, 0xA373, 0xA394, 0xA3B4, 0xA3B5, 0xA3D5, 0xA3F5, 0xAC15,
    0x9C68, 0x9C68, 0x9C88, 0xA489, 0xA489, 0xA469, 0xA469, 0xA469, 0xA449, 0xA449, 0xA429, 0xA429, 0xA409, 0xA3E9, 0xA3C9, 0xA3A9,
    0xA369, 0xAB49, 0xAB0A, 0xAB0C, 0xAB0D, 0xAB0F, 0xA331, 0xA372, 0xAB93, 0xABD4, 0xABF4, 0xABF5, 0xAC15, 0xAC15, 0xAC35, 0xAC56,
    0x9C88, 0x9C88, 0xA4A9, 0xA4A9, 0xA4A9, 0xA4A9, 0xA4A9, 0xA489, 0xA489, 0xA46A, 0xA46A, 0xA46A, 0xA44A, 0xA44A, 0xA44A, 0xA42A,
    0xAC0A, 0xABEA, 0xABCB, 0xABAC, 0xAB8E, 0xAB90, 0xABB1, 0xABF2, 0xAC13, 0xAC34, 0xAC54, 0xAC55, 0xAC55, 0xAC75, 0xAC95, 0xACB6,
    0x9CA8, 0x9CA9, 0xA4C9, 0xA4C9, 0xA4CA, 0xA4CA, 0xA4CA, 0xA4CA, 0xA4AA, 0xA4AA, 0xA4AA, 0xA4AA, 0xA4AA, 0xACAA, 0xACAB, 0xAC8B,
    0xAC8B, 0xAC6C, 0xAC6C, 0xAC2D, 0xAC2F, 0xAC30, 0xAC32, 0xAC53, 0xAC74, 0xAC94, 0xAC95, 0xAC95, 0xAC95, 0xACB5, 0xACD6, 0xACD6,
    0x9CC9, 0x9CC9, 0xA4EA, 0xA4EA, 0xA50A, 0xAD0B, 0xAD0B, 0xAD0B, 0xACEB, 0xACEB, 0xACEB, 0xACEB, 0xACEB, 0xACEB, 0xACEB, 0xACEC,
    0xB4EC, 0xB4ED, 0xB4CE, 0xB4CF, 0xACB0, 0xACB1, 0xACB2, 0xACB3, 0xACD4, 0xACF5, 0xACF5, 0xACD5, 0xACD5, 0xACD6, 0xACF6, 0xAD16,
    0x9CE9, 0xA50A, 0xA50A, 0xA52B, 0xAD2B, 0xAD2B, 0xAD2B, 0xAD2B, 0xAD2B, 0xAD2B, 0xAD2C, 0xAD2C, 0xAD2C, 0xB52C, 0xB52C, 0xB52D,
    0xB52D, 0xB52E, 0xB52F, 0xB530, 0xB511, 0xB512, 0xAD13, 0xAD14, 0xAD14, 0xB535, 0xAD35, 0xAD15, 0xAD16, 0xAD16, 0xAD36, 0xAD36,
    0xA50A, 0xA52A, 0xA52B, 0xAD4B, 0xAD4B, 0xAD4B, 0xAD4C, 0xB54C, 0xB56C, 0xB56C, 0xB56C, 0xB54C, 0xB54D, 0xB56D, 0xB56E, 0xB56E,
    0xB56F, 0xB570, 0xB571, 0xB571, 0xB552, 0xB553, 0xB554, 0xB554, 0xB555, 0xB555, 0xB556, 0xB556, 0xAD36, 0xAD36, 0xAD56, 0xB556,
    0xA52A, 0xA54B, 0xAD4B, 0xAD4B, 0xAD6C, 0xB56C, 0xB56C, 0xB58C, 0xB58C, 0xB58D, 0xB58D, 0xB58D, 0xB58E, 0xB58F, 0xB58F, 0xB590,
    0xB591, 0xB591, 0xB592, 0xB593, 0xB593, 0xB594, 0xB594, 0xB575, 0xB575, 0xB576, 0xB576, 0xB576, 0xB556, 0xB556, 0xB576, 0xB576,
    0xA54B, 0xAD6B, 0xAD6C, 0xAD6C, 0xB58C, 0xB58C, 0xB58C, 0xB5AD, 0xB5AD, 0xB5AD, 0xB5AE, 0xB5AF, 0xB5AF, 0xB5B0, 0xB5B1, 0xB5B2,
    0xB5B2, 0xB5B3, 0xB5B3, 0xB5B4, 0xB5B4, 0xB5B5, 0xB5B5, 0xB5B5, 0xB5B6, 0xB5B6, 0xB596, 0xB596, 0xB596, 0xB576, 0xB596, 0xB597,
    0xAD6B, 0xAD6C, 0xAD8C, 0xB58C, 0xB5AC, 0xB5AC, 0xB5AD, 0xB5AD, 0xB5AD, 0xB5AE, 0xB5AF, 0xB5AF, 0xB5D0, 0xB5D1, 0xB5D2, 0xB5D2,
    0xB5D3, 0xB5D4, 0xBDD4, 0xBDD4, 0xBDD5, 0xB5D5, 0xB5D5, 0xB5D5, 0xB5D6, 0xB5D6, 0xB5B6, 0xB5B6, 0xB5B6, 0xB596, 0xB5B7, 0xB5B7,
    0xAD8C, 0xAD8C, 0xB5AC, 0xB5AC, 0xB5AC, 0xB5AD, 0xB5CD, 0xB5CD, 0xB5CE, 0xB5CF, 0xB5CF, 0xB5D0, 0xB5D1, 0xB5D2, 0xBDD2, 0xBDD3,
    0xBDD4, 0xBDD4, 0xBDD5, 0xBDF5, 0xBDF5, 0xBDF5, 0xBDF6, 0xBDD6, 0xBDD6, 0xBDD6, 0xB5D6, 0xB5D6, 0xB5D7, 0xB5D7, 0xB5D7, 0xB5D7,
    0xADAC, 0xB5AC, 0xB5AC, 0xB5AC, 0xB5CD, 0xB5CD, 0xB5CD, 0xB5CE, 0xB5CE, 0xB5CF, 0xB5D0, 0xB5D1, 0xB5F1, 0xBDF2, 0xBDF3, 0xBDF3,
    0xBDF4, 0xBDF4, 0xBDF5, 0xBDF5, 0xBDF5, 0xBDF6, 0xBDF6, 0xBDF6, 0xBDF6, 0xBDF6, 0xBDF6, 0xBDF7, 0xB5F7, 0xB5F7, 0xB5F7, 0xB5F7,
    0xB5CC, 0xB5CC, 0xB5CC, 0xB5CD, 0xB5CD, 0xB5CD, 0xB5CE, 0xB5EE, 0xB5EF, 0xB5F0, 0xB5F0, 0xB5F1, 0xBDF2, 0xBDF3, 0xBDF3, 0xBDF4,
    0xBDF4, 0xBDF5, 0xBDF5, 0xBDF5, 0xBDF6, 0xBDF6, 0xBDF6, 0xBDF6, 0xBDF6, 0xBDF6, 0xBDF6, 0xBDF7, 0xBDF7, 0xBDF7, 0xBDF7, 0xBDF7,
    0xB5CC, 0xB5CC, 0xB5CC, 0xB5ED, 0xB5ED, 0xB5ED, 0xB5EE, 0xB5EF, 0xB5EF, 0xB5F0, 0xB5F1, 0xB5F1, 0xBDF2, 0xBDF3, 0xBDF3, 0xBDF4,
    0xBDF4, 0xBE15, 0xBE15, 0xBE15, 0xBE16, 0xBE16, 0xBE16, 0xBE16, 0xBE16, 0xBE16, 0xBE17, 0xBE17, 0xBE17, 0xBE17, 0xBE17, 0xBE17,
    0xB5EC, 0xB5EC, 0xB5ED, 0xB5ED, 0xB5ED, 0xB5EE, 0xB5EE, 0xB5EF, 0xB5F0, 0xB5F0, 0xB611, 0xB612, 0xBE13, 0xBE13, 0xBE14, 0xBE14,
    0xBE15, 0xBE15, 0xBE15, 0xBE15, 0xBE16, 0xBE16, 0xBE16, 0xBE16, 0xBE16, 0xBE17, 0xBE17, 0xBE17, 0xBE17, 0xBE17, 0xBE17, 0xBE18,
    0x78C3, 0x78C3, 0x78C3, 0x78C3, 0x78A3, 0x78A3, 0x78A4, 0x78A4, 0x78A4, 0x78A5, 0x78A5, 0x78A6, 0x78C6, 0x78C7, 0x78C7, 0x78C7,
    0x78C8, 0x78C8, 0x78C9, 0x78C9, 0x78CA, 0x78EB, 0x78EB, 0x78EC, 0x78EC, 0x790D, 0x790D, 0x790E, 0x790E, 0x790F, 0x792F, 0x792F,
    0x8103, 0x78E3, 0x78C3, 0x78C3, 0x78C3, 0x78C3, 0x78C4, 0x78C4, 0x78C4, 0x78C5, 0x78C5, 0x78C6, 0x78C6, 0x78C6, 0x78C7, 0x78C7,
    0x78C8, 0x78C8, 0x78C9, 0x78E9, 0x78EA, 0x78EB, 0x78EB, 0x790C, 0x790D, 0x790D, 0x790E, 0x790E, 0x792E, 0x792F, 0x792F, 0x792F,
    0x8143, 0x8103, 0x80E3, 0x80E3, 0x78C3, 0x78C3, 0x78C4, 0x78C4, 0x78C4, 0x78C5, 0x78C5, 0x78C5, 0x78C6, 0x78C6, 0x78C7, 0x78C7,
    0x78C8, 0x78E8, 0x78E9, 0x78EA, 0x78EA, 0x78EB, 0x790C, 0x790C, 0x790D, 0x790D, 0x792E, 0x792E, 0x792F, 0x792F, 0x792F, 0x792F,
    0x8183, 0x8163, 0x8123, 0x8103, 0x80E3, 0x80E3, 0x80E4, 0x80E4, 0x78C4, 0x78C4, 0x78C5, 0x78C5, 0x78E6, 0x78E6, 0x78E7, 0x78E7,
    0x78E8, 0x78E8, 0x78E9, 0x78E9, 0x790A, 0x790B, 0x790C, 0x790C, 0x792D, 0x792E, 0x792E, 0x792E, 0x794F, 0x794F, 0x794F, 0x794F,
    0x81C4, 0x81A4, 0x8164, 0x8123, 0x8103, 0x8103, 0x80E4, 0x80E4, 0x80E4, 0x80E4, 0x80E5, 0x80E5, 0x80E6, 0x78E6, 0x78E6, 0x78E7,
    0x78E7, 0x78E8, 0x78E9, 0x7909, 0x790A, 0x790B, 0x790C, 0x792D, 0x792D, 0x792E, 0x794E, 0x794F, 0x794F, 0x794F, 0x794F, 0x794F,
    0x8A04, 0x89E4, 0x89C4, 0x8184, 0x8144, 0x8124, 0x8104, 0x8104, 0x80E4, 0x80E4, 0x80E5, 0x80E5, 0x80E5, 0x80E6, 0x80E6, 0x80E7,
    0x80E7, 0x8108, 0x8108, 0x8109, 0x810A, 0x810B, 0x812C, 0x812D, 0x812D, 0x814E, 0x814E, 0x814F, 0x796F, 0x796F, 0x796F, 0x7970,
    0x8A45, 0x8A44, 0x8A24, 0x89E4, 0x89A4, 0x8164, 0x8124, 0x8104, 0x8104, 0x8104, 0x8104, 0x8105, 0x8105, 0x8106, 0x8106, 0x8107,
    0x8107, 0x8108, 0x8108, 0x8109, 0x812A, 0x812B, 0x812C, 0x814D, 0x814D, 0x814E, 0x816E, 0x816F, 0x816F, 0x816F, 0x8170, 0x8190,
    0x8AA5, 0x8A85, 0x8A85, 0x8A45, 0x8A05, 0x89C4, 0x8984, 0x8144, 0x8124, 0x8104, 0x8104, 0x8105, 0x8105, 0x8106, 0x8106, 0x8106,
    0x8107, 0x8108, 0x8108, 0x8129, 0x812A, 0x812B, 0x814C, 0x814D, 0x814D, 0x816E, 0x816F, 0x818F, 0x818F, 0x8190, 0x8190, 0x81B0,
    0x92E5, 0x92C6, 0x92C6, 0x92A5, 0x8A65, 0x8A25, 0x89C5, 0x8984, 0x8144, 0x8124, 0x8124, 0x8125, 0x8105, 0x8105, 0x8106, 0x8106,
    0x8127, 0x8127, 0x8128, 0x8129, 0x812A, 0x814B, 0x814C, 0x816D, 0x816E, 0x818E, 0x818F, 0x818F, 0x81B0, 0x81B0, 0x81B0, 0x81D0,
    0x9326, 0x9326, 0x9326, 0x92E6, 0x92C6, 0x8A85, 0x8A25, 0x89E5, 0x89A5, 0x8964, 0x8944, 0x8125, 0x8125, 0x8125, 0x8126, 0x8126,
    0x8127, 0x8127, 0x8128, 0x8149, 0x814A, 0x814B, 0x816C, 0x816D, 0x818E, 0x81AF, 0x81AF, 0x81D0, 0x81D0, 0x81F0, 0x81F0, 0x81F1,
    0x9366, 0x9B67, 0x9B67, 0x9B47, 0x9327, 0x92E6, 0x9286, 0x8A45, 0x89E5, 0x89A5, 0x8965, 0x8945, 0x8945, 0x8145, 0x8126, 0x8146,
    0x8147, 0x8148, 0x8148, 0x8149, 0x814A, 0x816B, 0x816C, 0x818D, 0x81AE, 0x81CF, 0x81CF, 0x89F0, 0x89F0, 0x8A11, 0x8A11, 0x8A31,
    0x9B87, 0x9BA7, 0x9BA7, 0x9BA7, 0x9B87, 0x9327, 0x92E6, 0x92A6, 0x8A46, 0x8A05, 0x89C5, 0x8985, 0x8965, 0x8965, 0x8946, 0x8946,
    0x8947, 0x8948, 0x8168, 0x8169, 0x816A, 0x818B, 0x818C, 0x81AD, 0x89CE, 0x89EF, 0x8A10, 0x8A30, 0x8A31, 0x8A51, 0x8A51, 0x9272,
    0x9BC7, 0x9BE8, 0x9BE8, 0x9BE8, 0x9BC8, 0x9B87, 0x9B47, 0x9307, 0x92A6, 0x9266, 0x8A26, 0x89C5, 0x89A5, 0x8986, 0x8966, 0x8966,
    0x8967, 0x8968, 0x8989, 0x8989, 0x898A, 0x89AB, 0x89AD, 0x89CE, 0x89EF, 0x8A30, 0x8A50, 0x9271, 0x9271, 0x9272, 0x9292, 0x92B3,
    0x9C08, 0x9C08, 0xA428, 0xA408, 0xA408, 0x9BC8, 0x9B88, 0x9B47, 0x9307, 0x92C6, 0x9286, 0x9246, 0x8A06, 0x89C6, 0x89A6, 0x89A7,
    0x8987, 0x89A8, 0x89A9, 0x89AA, 0x89AB, 0x89CC, 0x89ED, 0x8A0E, 0x8A2F, 0x9250, 0x9271, 0x9A92, 0x9AB3, 0x9AB3, 0x9AD3, 0x9AF4,
    0x9C28, 0xA428, 0xA448, 0xA428, 0xA428, 0xA408, 0x9BC8, 0x9BA8, 0x9B67, 0x9327, 0x92E7, 0x92A7, 0x9266, 0x9226, 0x91E6, 0x91E7,
    0x91C7, 0x91C8, 0x91C9, 0x91CA, 0x91EB, 0x89ED, 0x920E, 0x922F, 0x9270, 0x9291, 0x9AB2, 0x9AD3, 0x9AF3, 0xA2F4, 0xA314, 0xA334,
    0x9C28, 0xA448, 0xA448, 0xA448, 0xA449, 0xA428, 0x9C08, 0x9BC8, 0x9BA8, 0x9B68, 0x9B48, 0x9307, 0x92C7, 0x92A7, 0x9267, 0x9227,
    0x9A07, 0x9A08, 0x9A09, 0x9A0B, 0x920C, 0x922D, 0x924E, 0x9A70, 0x9A91, 0x9AD2, 0xA2F3, 0xA334, 0xA334, 0xA354, 0xA375, 0xA395,
    0x9C48, 0xA448, 0xA468, 0xA449, 0xA449, 0xA429, 0xA428, 0x9C08, 0x9BE8, 0x9BA8, 0x9B88, 0x9B68, 0x9B48, 0x9B08, 0x9AC8, 0x9AA8,
    0x9A68, 0xA248, 0xA249, 0xA24B, 0xA24C, 0x9A6E, 0x9A8F, 0x9AB1, 0xA2D2, 0xA313, 0xA353, 0xA394, 0xA394, 0xA395, 0xABB5, 0xABD5,
    0x9C68, 0xA468, 0xA468, 0xA469, 0xA469, 0xA449, 0xA429, 0x9C28, 0x9C08, 0x9BE8, 0x9BC8, 0x9BC9, 0x9BA9, 0x9B89, 0x9B69, 0xA328,
    0xA2E8, 0xAAC9, 0xAAAA, 0xAAAB, 0xAAAD, 0xA2AE, 0xA2D0, 0xA2F1, 0xA332, 0xA373, 0xABB4, 0xABD4, 0xABF5, 0xABF5, 0xAC15, 0xAC35,
    0x9C68, 0xA488, 0xA489, 0xA489, 0xA469, 0xA469, 0xA449, 0xA449, 0xA429, 0xA429, 0xA409, 0xA409, 0xA409, 0xA3E9, 0xA3C9, 0xA3A9,
    0xAB89, 0xAB49, 0xAB2A, 0xAB0B, 0xAB0D, 0xAB0F, 0xAB30, 0xAB52, 0xAB93, 0xABD4, 0xABF4, 0xAC35, 0xAC35, 0xAC55, 0xAC75, 0xAC76,
    0x9C88, 0xA489, 0xA4A9, 0xA4A9, 0xA4A9, 0xA489, 0xA489, 0xA469, 0xA469, 0xA449, 0xA449, 0xA44A, 0xA44A, 0xA44A, 0xA44A, 0xAC2A,
    0xAC0A, 0xABEB, 0xABCB, 0xABAC, 0xAB8D, 0xAB8F, 0xABB1, 0xABD2, 0xABF3, 0xAC34, 0xAC54, 0xAC75, 0xAC95, 0xAC95, 0xACB6, 0xACD6,
    0x9CA8, 0xA4A9, 0xA4C9, 0xA4CA, 0xA4CA, 0xA4CA, 0xA4AA, 0xA4AA, 0xA4AA, 0xA48A, 0xA48A, 0xA48A, 0xAC8A, 0xAC8A, 0xAC8B, 0xAC8B,
    0xAC8B, 0xB46C, 0xB44C, 0xB42D, 0xAC0E, 0xAC10, 0xAC31, 0xAC33, 0xAC53, 0xAC94, 0xACB5, 0xACB5, 0xACD5, 0xACD6, 0xACF6, 0xACF6,
    0x9CC9, 0xA4C9, 0xA4EA, 0xA4EA, 0xAD0A, 0xACEA, 0xACEB, 0xACEB, 0xACEB, 0xACCB, 0xACCB, 0xACCB, 0xACEB, 0xACEB, 0xACEB, 0xB4EB,
    0xB4EC, 0xB4CD, 0xB4CD, 0xB4AE, 0xB4AF, 0xAC91, 0xAC92, 0xACB3, 0xACB4, 0xACD5, 0xACF5, 0xACF5, 0xACF6, 0xAD16, 0xB516, 0xB536,
    0xA4E9, 0xA50A, 0xAD0A, 0xAD2B, 0xAD2B, 0xAD2B, 0xAD2B, 0xAD2B, 0xAD0B, 0xAD0B, 0xAD0B, 0xAD0B, 0xAD0C, 0xB52C, 0xB52C, 0xB52D,
    0xB52D, 0xB52E, 0xB50F, 0xB510, 0xB511, 0xB4F1, 0xB4F2, 0xB4F3, 0xB514, 0xB515, 0xB535, 0xB536, 0xB536, 0xB536, 0xB536, 0xB556,
    0xA50A, 0xA52A, 0xAD2B, 0xAD4B, 0xAD4B, 0xAD4B, 0xB54C, 0xB54C, 0xB54C, 0xB54C, 0xB54C, 0xB54C, 0xB54C, 0xB54D, 0xB54D, 0xB54E,
    0xB54E, 0xB54F, 0xB550, 0xB551, 0xB552, 0xB553, 0xB553, 0xB534, 0xB555, 0xB555, 0xB556, 0xB556, 0xB556, 0xB556, 0xB556, 0xB576,
    0xA52A, 0xAD4B, 0xAD4B, 0xAD4B, 0xB56C, 0xB56C, 0xB56C, 0xB56C, 0xB56C, 0xB56C, 0xB56D, 0xB56D, 0xB56D, 0xB56E, 0xB56F, 0xB58F,
    0xB590, 0xB591, 0xB591, 0xB592, 0xB593, 0xB573, 0xB574, 0xB574, 0xB575, 0xB575, 0xB576, 0xB576, 0xB576, 0xB576, 0xB576, 0xB597,
    0xAD4B, 0xAD6B, 0xAD6C, 0xB56C, 0xB58C, 0xB58C, 0xB58C, 0xB58C, 0xB58D, 0xB58D, 0xB5AE, 0xB5AE, 0xB5AF, 0xB5B0, 0xB5B0, 0xB5B1,
    0xB5B2, 0xB5B2, 0xB5B3, 0xB5B3, 0xB5B4, 0xB5B4, 0xB5B5, 0xB5B5, 0xB595, 0xB596, 0xB596, 0xB5B6, 0xB596, 0xB596, 0xB597, 0xB5B7,
    0xAD6B, 0xAD8C, 0xB58C, 0xB58C, 0xB5AC, 0xB5AC, 0xB5AD, 0xB5AD, 0xB5AD, 0xB5AE, 0xB5AF, 0xB5AF, 0xB5B0, 0xBDB1, 0xBDD1, 0xBDD2,
    0xBDD3, 0xBDD3, 0xBDD4, 0xBDD4, 0xBDD5, 0xBDD5, 0xBDD5, 0xBDD5, 0xBDD6, 0xB5B6, 0xB5B6, 0xB5B6, 0xB5B6, 0xB5B7, 0xB5B7, 0xB5D7,
    0xAD8C, 0xB58C, 0xB5AC, 0xB5AC, 0xB5AC, 0xB5AD, 0xB5CD, 0xB5CD, 0xB5CE, 0xBDCF, 0xBDCF, 0xBDD0, 0xBDD1, 0xBDD2, 0xBDD2, 0xBDD3,
    0xBDD4, 0xBDD4, 0xBDF5, 0xBDF5, 0xBDF5, 0xBDF5, 0xBDF6, 0xBDF6, 0xBDF6, 0xBDD6, 0xBDD6, 0xBDD7, 0xB5D7, 0xB5D7, 0xB5D7, 0xBDD7,
    0xB5AC, 0xB5AC, 0xB5AC, 0xB5CC, 0xB5CD, 0xB5CD, 0xB5CD, 0xB5CE, 0xBDCE, 0xBDCF, 0xBDD0, 0xBDD1, 0xBDF1, 0xBDF2, 0xBDF3, 0xBDF3,
    0xBDF4, 0xBDF4, 0xBDF5, 0xBDF5, 0xBDF5, 0xBDF6, 0xBDF6, 0xBDF6, 0xBDF6, 0xBDF6, 0xBDF6, 0xBDF7, 0xBDF7, 0xBDF7, 0xBDF7, 0xBDF7,
    0xB5CC, 0xB5CC, 0xB5CC, 0xB5CD, 0xB5CD, 0xB5CD, 0xB5EE, 0xBDEE, 0xBDEF, 0xBDF0, 0xBDF0, 0xBDF1, 0xBDF2, 0xBDF3, 0xBDF3, 0xBDF4,
    0xBDF4, 0xBDF5, 0xBDF5, 0xBDF5, 0xBDF6, 0xBDF6, 0xBDF6, 0xBDF6, 0xBDF6, 0xBDF6, 0xBDF6, 0xBDF7, 0xBDF7, 0xBE17, 0xBDF7, 0xBDF7,
    0xB5CC, 0xB5CC, 0xB5CC, 0xB5ED, 0xB5ED, 0xB5ED, 0xB5EE, 0xBDEF, 0xBDEF, 0xBDF0, 0xBDF1, 0xBDF1, 0xBDF2, 0xBDF3, 0xBDF3, 0xBE14,
    0xBE14, 0xBE15, 0xBE15, 0xBE15, 0xBE16, 0xBE16, 0xBE16, 0xBE16, 0xBE16, 0xBE16, 0xBE17, 0xBE17, 0xBE17, 0xBE17, 0xBE17, 0xBE17,
    0xB5EC, 0xB5ED, 0xB5ED, 0xB5ED, 0xB5ED, 0xB5EE, 0xBDEE, 0xBDEF, 0xBDF0, 0xBDF0, 0xBE11, 0xBE12, 0xBE13, 0xBE13, 0xBE14, 0xBE14,
    0xBE15, 0xBE15, 0xBE15, 0xBE15, 0xBE16, 0xBE16, 0xBE16, 0xBE16, 0xBE16, 0xBE17, 0xBE17, 0xBE17, 0xBE17, 0xBE17, 0xBE17, 0xBE18,
    0x80C3, 0x80C3, 0x80C3, 0x78C3, 0x78C3, 0x78C3, 0x78C4, 0x78C4, 0x78C4, 0x78C5, 0x78C5, 0x78C6, 0x78C6, 0x78C7, 0x78C7, 0x78C7,
    0x78C8, 0x78C8, 0x78C9, 0x78C9, 0x78EA, 0x78EB, 0x78EB, 0x78EC, 0x78EC, 0x790D, 0x790D, 0x790E, 0x790E, 0x792F, 0x792F, 0x792F,
    0x8103, 0x80E3, 0x80C3, 0x80C3, 0x80C3, 0x80C3, 0x80C4, 0x78C4, 0x78C4, 0x78C5, 0x78C5, 0x78C6, 0x78C6, 0x78C6, 0x78C7, 0x78C7,
    0x78C8, 0x78C8, 0x78E9, 0x78E9, 0x78EA, 0x78EB, 0x78EB, 0x790C, 0x790D, 0x790D, 0x790E, 0x792E, 0x792E, 0x792F, 0x792F, 0x792F,
    0x8143, 0x8123, 0x80E3, 0x80E3, 0x80E3, 0x80C3, 0x80C4, 0x80C4, 0x80C4, 0x80C5, 0x80C5, 0x80C5, 0x80C6, 0x78C6, 0x78C7, 0x78E7,
    0x78E8, 0x78E8, 0x78E9, 0x78E9, 0x78EA, 0x78EB, 0x790B, 0x790C, 0x790D, 0x792D, 0x792E, 0x792E, 0x792E, 0x792F, 0x794F, 0x794F,
    0x8184, 0x8163, 0x8123, 0x8103, 0x80E3, 0x80E3, 0x80E4, 0x80E4, 0x80E4, 0x80E4, 0x80E5, 0x80E5, 0x80E6, 0x80E6, 0x80E7, 0x80E7,
    0x80E7, 0x80E8, 0x80E8, 0x80E9, 0x810A, 0x810B, 0x810B, 0x810C, 0x812D, 0x812D, 0x792E, 0x792E, 0x794F, 0x794F, 0x794F, 0x794F,
    0x89E4, 0x89A4, 0x8164, 0x8144, 0x8103, 0x8104, 0x80E4, 0x80E4, 0x80E4, 0x80E4, 0x80E5, 0x80E5, 0x80E6, 0x80E6, 0x80E6, 0x80E7,
    0x80E7, 0x80E8, 0x8108, 0x8109, 0x810A, 0x810B, 0x810B, 0x812C, 0x812D, 0x812D, 0x814E, 0x814E, 0x814F, 0x814F, 0x814F, 0x796F,
    0x8A24, 0x89E4, 0x89C4, 0x8984, 0x8144, 0x8124, 0x8104, 0x8104, 0x80E4, 0x80E4, 0x80E5, 0x80E5, 0x80E5, 0x80E6, 0x80E6, 0x8107,
    0x8107, 0x8108, 0x8108, 0x8109, 0x810A, 0x810B, 0x812B, 0x812C, 0x812D, 0x814E, 0x814E, 0x814F, 0x816F, 0x816F, 0x816F, 0x8170,
    0x8A65, 0x8A45, 0x8A25, 0x89E4, 0x89A4, 0x8964, 0x8124, 0x8124, 0x8104, 0x8104, 0x8105, 0x8105, 0x8105, 0x8106, 0x8106, 0x8106,
    0x8107, 0x8107, 0x8108, 0x8109, 0x812A, 0x812A, 0x812B, 0x814C, 0x814D, 0x814E, 0x816E, 0x816F, 0x816F, 0x818F, 0x8190, 0x8190,
    0x92A5, 0x92A5, 0x9285, 0x8A45, 0x8A05, 0x89A4, 0x8984, 0x8944, 0x8124, 0x8124, 0x8104, 0x8105, 0x8105, 0x8106, 0x8106, 0x8106,
    0x8107, 0x8107, 0x8128, 0x8129, 0x812A, 0x812A, 0x814B, 0x814C, 0x814D, 0x816E, 0x816E, 0x818F, 0x818F, 0x8190, 0x81B0, 0x81B0,
    0x9306, 0x92E6, 0x92C6, 0x9285, 0x8A45, 0x8A05, 0x89C5, 0x8984, 0x8944, 0x8924, 0x8124, 0x8125, 0x8125, 0x8125, 0x8126, 0x8126,
    0x8127, 0x8127, 0x8128, 0x8129, 0x812A, 0x814A, 0x814B, 0x816D, 0x816D, 0x818E, 0x818F, 0x81AF, 0x81B0, 0x81D0, 0x81D0, 0x81F0,
    0x9B46, 0x9B26, 0x9326, 0x92E6, 0x92A6, 0x9265, 0x8A25, 0x89C5, 0x8985, 0x8965, 0x8945, 0x8925, 0x8925, 0x8925, 0x8126, 0x8126,
    0x8127, 0x8128, 0x8148, 0x8149, 0x814A, 0x814B, 0x816C, 0x816D, 0x818E, 0x81AE, 0x81AF, 0x81D0, 0x89F0, 0x89F0, 0x8A11, 0x8A11,
    0x9B87, 0x9B87, 0x9B67, 0x9B47, 0x9306, 0x92C6, 0x9266, 0x8A25, 0x89E5, 0x89A5, 0x8965, 0x8965, 0x8945, 0x8945, 0x8946, 0x8946,
    0x8947, 0x8948, 0x8948, 0x8149, 0x816A, 0x816B, 0x818C, 0x818D, 0x89AE, 0x89CF, 0x89EF, 0x8A10, 0x8A10, 0x8A31, 0x8A31, 0x8A51,
    0x9BA7, 0x9BC7, 0x9BC8, 0x9B87, 0x9B67, 0x9307, 0x92C6, 0x9286, 0x8A45, 0x8A05, 0x89C5, 0x8985, 0x8965, 0x8966, 0x8966, 0x8967,
    0x8967, 0x8968, 0x8969, 0x8969, 0x898A, 0x898B, 0x89AC, 0x89CD, 0x89CE, 0x89EF, 0x8A10, 0x8A31, 0x8A51, 0x9271, 0x9272, 0x9292,
    0x9BE8, 0xA3E8, 0xA3E8, 0x9BC8, 0x9BA8, 0x9B67, 0x9327, 0x92C6, 0x9286, 0x9246, 0x8A06, 0x89E5, 0x89A6, 0x89A6, 0x8986, 0x8987,
    0x8987, 0x8988, 0x8989, 0x89AA, 0x89AB, 0x89AC, 0x89CD, 0x89EE, 0x8A0F, 0x8A30, 0x9251, 0x9271, 0x9292, 0x92B2, 0x9AB3, 0x9AB3,
    0xA408, 0xA428, 0xA428, 0xA408, 0x9BE8, 0x9BA8, 0x9B67, 0x9B27, 0x92E7, 0x92A6, 0x9266, 0x9246, 0x9206, 0x91E6, 0x91C6, 0x91A7,
    0x91A8, 0x91A8, 0x91C9, 0x91CA, 0x89CB, 0x89EC, 0x8A0D, 0x8A0E, 0x9250, 0x9271, 0x9A91, 0x9AB2, 0x9AD3, 0x9AD3, 0xA2F4, 0xA314,
    0xA428, 0xA448, 0xA448, 0xA428, 0xA408, 0x9BE8, 0x9BA8, 0x9B67, 0x9B47, 0x9307, 0x92C7, 0x92A7, 0x9267, 0x9247, 0x9207, 0x9A07,
    0x99E8, 0x99E9, 0x99EA, 0x920B, 0x920C, 0x922D, 0x922E, 0x924F, 0x9A70, 0x9A91, 0x9AB2, 0xA2F3, 0xA314, 0xA334, 0xA334, 0xA355,
    0xA448, 0xA448, 0xA449, 0xA428, 0xA428, 0xA408, 0x9BC8, 0x9BA8, 0x9B88, 0x9B48, 0x9B27, 0x9B07, 0x9AC7, 0x9AA7, 0x9A87, 0x9A67,
    0xA248, 0xA229, 0xA22A, 0xA22B, 0x9A4D, 0x9A4E, 0x9A6F, 0x9A90, 0x9AB1, 0xA2D2, 0xA313, 0xA334, 0xA354, 0xA374, 0xAB95, 0xABB5,
    0xA448, 0xA468, 0xA469, 0xA448, 0xA428, 0xA408, 0xA3E8, 0x9BE8, 0x9BC8, 0x9BA8, 0x9B88, 0x9B68, 0x9B48, 0x9B28, 0x9AE8, 0xA2C8,
    0xA2A8, 0xAA89, 0xAA8A, 0xAA8C, 0xA28D, 0xA2AE, 0xA2B0, 0xA2D1, 0xA2F2, 0xA333, 0xAB53, 0xAB94, 0xABB4, 0xABD5, 0xABD5, 0xABF5,
    0xA468, 0xA468, 0xA469, 0xA449, 0xA448, 0xA428, 0xA408, 0xA408, 0x9BE8, 0x9BE8, 0x9BC8, 0x9BC9, 0x9BA9, 0xA389, 0xA369, 0xA349,
    0xAB29, 0xAAE9, 0xAAEA, 0xAACC, 0xAAED, 0xAAEF, 0xAB10, 0xAB31, 0xAB52, 0xAB93, 0xABB4, 0xABF4, 0xAC15, 0xAC15, 0xAC35, 0xAC55,
    0xA488, 0xA489, 0xA489, 0xA469, 0xA469, 0xA449, 0xA429, 0xA429, 0xA429, 0xA409, 0xA409, 0xA409, 0xA409, 0xA3E9, 0xA3EA, 0xABCA,
    0xABAA, 0xAB8A, 0xAB6B, 0xAB4C, 0xAB4E, 0xAB4F, 0xAB71, 0xAB92, 0xABB3, 0xABF4, 0xAC14, 0xAC55, 0xAC55, 0xAC75, 0xAC75, 0xAC96,
    0xA488, 0xA4A9, 0xA4A9, 0xA489, 0xA489, 0xA469, 0xA469, 0xA449, 0xA449, 0xA449, 0xA449, 0xA44A, 0xA44A, 0xAC4A, 0xAC4A, 0xAC4A,
    0xAC2B, 0xB40B, 0xB3EC, 0xB3CD, 0xABCE, 0xABD0, 0xABD1, 0xABF2, 0xAC33, 0xAC54, 0xAC74, 0xAC95, 0xAC95, 0xACB5, 0xACB6, 0xACD6,
    0xA4A9, 0xA4C9, 0xA4C9, 0xA4C9, 0xA4AA, 0xA4A9, 0xA489, 0xA48A, 0xA48A, 0xA48A, 0xA48A, 0xAC8A, 0xAC8A, 0xACAB, 0xACAB, 0xAC8B,
    0xB48C, 0xB48C, 0xB46D, 0xB44E, 0xB44F, 0xAC30, 0xAC52, 0xAC53, 0xAC74, 0xAC94, 0xB4B5, 0xB4D5, 0xB4D5, 0xB4D6, 0xB4F6, 0xB516,
    0xA4C9, 0xA4E9, 0xACEA, 0xACEA, 0xACEA, 0xACEA, 0xACCA, 0xACCA, 0xACCA, 0xACCA, 0xACCB, 0xACCB, 0xACCB, 0xACEB, 0xB4EB, 0xB4EC,
    0xB4EC, 0xB4ED, 0xB4CE, 0xB4CF, 0xB4D0, 0xB4B1, 0xB4B2, 0xB4B3, 0xB4D4, 0xB4F5, 0xB4F5, 0xB515, 0xB516, 0xB516, 0xB536, 0xB536,
    0xA4E9, 0xA50A, 0xAD0A, 0xAD0B, 0xAD0B, 0xAD0B, 0xAD0B, 0xAD0B, 0xAD0B, 0xAD0B, 0xAD0B, 0xAD0B, 0xB50B, 0xB50C, 0xB52C, 0xB52D,
    0xB52D, 0xB52E, 0xB52F, 0xB510, 0xB511, 0xB512, 0xB513, 0xB514, 0xB514, 0xB535, 0xB535, 0xB536, 0xB536, 0xB536, 0xB556, 0xB556,
    0xA50A, 0xAD2A, 0xAD2B, 0xAD4B, 0xAD4B, 0xAD4B, 0xAD4B, 0xAD4B, 0xB54B, 0xB54B, 0xB54C, 0xB54C, 0xB54C, 0xB54C, 0xB54D, 0xB54E,
    0xB54E, 0xB54F, 0xB550, 0xB551, 0xB552, 0xB553, 0xB553, 0xB554, 0xB555, 0xB555, 0xB556, 0xB556, 0xB556, 0xB556, 0xB576, 0xB576,
    0xAD4A, 0xAD4B, 0xAD4B, 0xB54B, 0xB56C, 0xB56C, 0xB56C, 0xB56C, 0xB56C, 0xB56C, 0xB56C, 0xB56D, 0xB56D, 0xB56E, 0xB56E, 0xB56F,
    0xB570, 0xB571, 0xB591, 0xB592, 0xB573, 0xB573, 0xB574, 0xB575, 0xB575, 0xB575, 0xB576, 0xB596, 0xB576, 0xB576, 0xB596, 0xB597,
    0xAD4B, 0xAD6B, 0xB56C, 0xB56C, 0xB58C, 0xB58C, 0xB58C, 0xB58C, 0xB58C, 0xB58D, 0xB58D, 0xB58E, 0xB58E, 0xB58F, 0xB5B0, 0xBDB1,
    0xBDB1, 0xBDB2, 0xBDB2, 0xBDB3, 0xBDB4, 0xBDB4, 0xBDB5, 0xB5B5, 0xB595, 0xB596, 0xB596, 0xB5B6, 0xB596, 0xB596, 0xB5B7, 0xB5B7,
    0xAD6B, 0xB58C, 0xB58C, 0xB58C, 0xB58C, 0xB5AC, 0xB5AC, 0xB5AD, 0xB5AD, 0xB5AE, 0xB5AE, 0xBDAF, 0xBDB0, 0xBDB0, 0xBDB1, 0xBDB2,
    0xBDD2, 0xBDD3, 0xBDD3, 0xBDD4, 0xBDD4, 0xBDD5, 0xBDD5, 0xBDD5, 0xBDB6, 0xBDB6, 0xBDB6, 0xBDB6, 0xBDB6, 0xB5B7, 0xBDB7, 0xBDD7,
    0xB58C, 0xB58C, 0xB5AC, 0xB5AC, 0xB5AC, 0xB5AD, 0xB5CD, 0xBDCD, 0xBDCE, 0xBDCE, 0xBDCF, 0xBDD0, 0xBDD1, 0xBDD1, 0xBDD2, 0xBDD3,
    0xBDD3, 0xBDD4, 0xBDD4, 0xBDD5, 0xBDD5, 0xBDD5, 0xBDD6, 0xBDD6, 0xBDD6, 0xBDD6, 0xBDD6, 0xBDD7, 0xBDD7, 0xBDD7, 0xBDD7, 0xBDD7,
    0xB5AC, 0xB5AC, 0xB5AC, 0xB5CC, 0xB5CD, 0xB5CD, 0xBDCD, 0xBDCE, 0xBDCE, 0xBDCF, 0xBDD0, 0xBDD1, 0xBDF1, 0xBDF2, 0xBDF3, 0xBDF3,
    0xBDF4, 0xBDF4, 0xBDF5, 0xBDF5, 0xBDF5, 0xBDF6, 0xBDF6, 0xBDF6, 0xBDF6, 0xBDF6, 0xBDF6, 0xBDF7, 0xBDF7, 0xBDF7, 0xBDF7, 0xBDF7,
    0xB5CC, 0xB5CC, 0xB5CC, 0xB5CD, 0xBDCD, 0xBDCD, 0xBDEE, 0xBDEE, 0xBDEF, 0xBDF0, 0xBDF0, 0xBDF1, 0xBDF2, 0xBDF3, 0xBDF3, 0xBDF4,
    0xBDF4, 0xBDF5, 0xBDF5, 0xBDF5, 0xBDF6, 0xBDF6, 0xBDF6, 0xBE16, 0xBE16, 0xBE16, 0xBE17, 0xBE17, 0xBE17, 0xBE17, 0xBE17, 0xBE17,
    0xB5CC, 0xB5CC, 0xB5CD, 0xB5ED, 0xBDED, 0xBDED, 0xBDEE, 0xBDEF, 0xBDEF, 0xBDF0, 0xBDF1, 0xBDF1, 0xBDF2, 0xBDF3, 0xBDF3, 0xBE14,
    0xBE14, 0xBE15, 0xBE15, 0xBE15, 0xBE16, 0xBE16, 0xBE16, 0xBE16, 0xBE16, 0xBE16, 0xBE17, 0xBE17, 0xBE17, 0xBE17, 0xBE17, 0xBE18,
    0xB5EC, 0xB5ED, 0xB5ED, 0xBDED, 0xBDED, 0xBDEE, 0xBDEE, 0xBDEF, 0xBDF0, 0xBE10, 0xBE11, 0xBE12, 0xBE13, 0xBE13, 0xBE14, 0xBE14,
    0xBE15, 0xBE15, 0xBE15, 0xBE15, 0xBE16, 0xBE16, 0xBE16, 0xBE16, 0xBE16, 0xBE17, 0xBE17, 0xBE17, 0xBE17, 0xBE17, 0xBE17, 0xBE38,
    0x80C3, 0x80C3, 0x80C3, 0x80C3, 0x80C3, 0x80C4, 0x80C4, 0x80C4, 0x80C4, 0x80C5, 0x80C5, 0x80C6, 0x80C6, 0x80C6, 0x80C7, 0x80C7,
    0x80C8, 0x80C8, 0x80C9, 0x80E9, 0x80EA, 0x80EB, 0x80EB, 0x80EC, 0x790C, 0x790D, 0x790D, 0x790E, 0x792E, 0x792F, 0x792F, 0x792F,
    0x8103, 0x80E3, 0x80C3, 0x80C3, 0x80C3, 0x80C4, 0x80C4, 0x80C4, 0x80C4, 0x80C5, 0x80C5, 0x80C6, 0x80C6, 0x80C6, 0x80C7, 0x80C7,
    0x80C8, 0x80E8, 0x80E9, 0x80E9, 0x80EA, 0x80EB, 0x80EB, 0x810C, 0x810D, 0x810D, 0x810D, 0x812E, 0x792E, 0x792F, 0x792F, 0x792F,
    0x8143, 0x8123, 0x80E3, 0x80E3, 0x80E3, 0x80E4, 0x80C4, 0x80C4, 0x80C4, 0x80C5, 0x80C5, 0x80C5, 0x80C6, 0x80E6, 0x80E7, 0x80E7,
    0x80E7, 0x80E8, 0x80E8, 0x80E9, 0x80EA, 0x810B, 0x810B, 0x810C, 0x810D, 0x812D, 0x812E, 0x812E, 0x812E, 0x814F, 0x814F, 0x794F,
    0x8984, 0x8964, 0x8123, 0x8103, 0x8103, 0x80E4, 0x80E4, 0x80E4, 0x80E4, 0x80E4, 0x80E5, 0x80E5, 0x80E6, 0x80E6, 0x80E6, 0x80E7,
    0x80E7, 0x80E8, 0x80E8, 0x80E9, 0x810A, 0x810A, 0x810B, 0x810C, 0x812D, 0x812D, 0x812E, 0x812E, 0x814F, 0x814F, 0x814F, 0x814F,
    0x89E4, 0x89A4, 0x8964, 0x8944, 0x8104, 0x8104, 0x80E4, 0x80E4, 0x80E4, 0x80E4, 0x80E5, 0x80E5, 0x80E5, 0x80E6, 0x80E6, 0x80E7,
    0x80E7, 0x8107, 0x8108, 0x8109, 0x8109, 0x810A, 0x810B, 0x812C, 0x812D, 0x812D, 0x814E, 0x814E, 0x814F, 0x814F, 0x816F, 0x816F,
    0x8A24, 0x8A04, 0x89C4, 0x8984, 0x8944, 0x8924, 0x8104, 0x8104, 0x8104, 0x8104, 0x80E5, 0x80E5, 0x80E5, 0x8106, 0x8106, 0x8106,
    0x8107, 0x8107, 0x8108, 0x8109, 0x8109, 0x810A, 0x812B, 0x812C, 0x812D, 0x814D, 0x814E, 0x814E, 0x816F, 0x816F, 0x816F, 0x8190,
    0x9285, 0x8A45, 0x8A25, 0x89E4, 0x89A4, 0x8964, 0x8924, 0x8924, 0x8104, 0x8104, 0x8105, 0x8105, 0x8105, 0x8106, 0x8106, 0x8106,
    0x8107, 0x8107, 0x8108, 0x8108, 0x8129, 0x812A, 0x812B, 0x812C, 0x814D, 0x814D, 0x816E, 0x816F, 0x816F, 0x818F, 0x8190, 0x8190,
    0x92C6, 0x92A5, 0x9285, 0x8A25, 0x89E5, 0x89A4, 0x8964, 0x8944, 0x8924, 0x8924, 0x8905, 0x8105, 0x8105, 0x8106, 0x8106, 0x8106,
    0x8107, 0x8127, 0x8128, 0x8129, 0x8129, 0x812A, 0x814B, 0x814C, 0x816D, 0x816E, 0x818E, 0x818F, 0x818F, 0x81B0, 0x81B0, 0x81D0,
    0x9B06, 0x92E6, 0x92C6, 0x9285, 0x8A45, 0x8A05, 0x89A4, 0x8984, 0x8944, 0x8924, 0x8925, 0x8925, 0x8925, 0x8926, 0x8126, 0x8126,
    0x8127, 0x8128, 0x8128, 0x8129, 0x8149, 0x814A, 0x814B, 0x816C, 0x816D, 0x818E, 0x818F, 0x81AF, 0x81D0, 0x81D0, 0x89F0, 0x89F1,
    0x9B67, 0x9B47, 0x9B27, 0x92E6, 0x92A6, 0x9245, 0x8A05, 0x89C5, 0x8985, 0x8965, 0x8945, 0x8945, 0x8925, 0x8926, 0x8926, 0x8927,
    0x8947, 0x8948, 0x8948, 0x8949, 0x894A, 0x816B, 0x816B, 0x818C, 0x818D, 0x89AE, 0x89CF, 0x89F0, 0x89F0, 0x8A10, 0x8A11, 0x8A31,
    0x9BA7, 0x9B87, 0x9B87, 0x9B27, 0x92E6, 0x92A6, 0x9245, 0x8A05, 0x89C5, 0x89A5, 0x8965, 0x8965, 0x8945, 0x8946, 0x8946, 0x8947,
    0x8947, 0x8968, 0x8969, 0x8969, 0x896A, 0x898B, 0x898C, 0x89AD, 0x89AE, 0x89CF, 0x89EF, 0x8A10, 0x8A31, 0x8A51, 0x9251, 0x9272,
    0xA3C8, 0xA3C8, 0x9BC8, 0x9B87, 0x9B27, 0x92E6, 0x92A6, 0x9266, 0x9225, 0x89E5, 0x89C5, 0x89A5, 0x8985, 0x8966, 0x8966, 0x8967,
    0x8968, 0x8988, 0x8989, 0x898A, 0x898B, 0x89AC, 0x89AC, 0x89CD, 0x89EE, 0x8A0F, 0x8A30, 0x9251, 0x9271, 0x9272, 0x9292, 0x9AB3,
    0xA408, 0xA408, 0xA408, 0x9BC8, 0x9B87, 0x9B27, 0x92E6, 0x92A6, 0x9266, 0x9246, 0x9206, 0x91E6, 0x91C6, 0x91A6, 0x91A6, 0x91A7,
    0x91A8, 0x91A8, 0x91A9, 0x89AA, 0x89CB, 0x89CC, 0x89ED, 0x8A0E, 0x8A0F, 0x9230, 0x9251, 0x9291, 0x9AB2, 0x9AB3, 0x9AD3, 0x9AD4,
    0xA428, 0xA428, 0xA428, 0xA3E8, 0x9BC8, 0x9B87, 0x9B47, 0x9307, 0x92C6, 0x92A6, 0x9266, 0x9246, 0x9226, 0x9206, 0x91E7, 0x99C7,
    0x99C8, 0x99C9, 0x91EA, 0x91EB, 0x91EC, 0x920D, 0x922E, 0x922F, 0x9250, 0x9A71, 0x9A91, 0x9AB2, 0xA2D3, 0xA314, 0xA314, 0xA314,
    0xA448, 0xA448, 0xA449, 0xA408, 0xA3E8, 0x9BA8, 0x9B87, 0x9B47, 0x9B07, 0x92E7, 0x92C7, 0x92A7, 0x9287, 0x9247, 0x9A27, 0xA227,
    0xA208, 0xA209, 0x9A2A, 0x9A2B, 0x9A2D, 0x9A4E, 0x9A4F, 0x9A70, 0x9A91, 0x9AB1, 0xA2D2, 0xA2F3, 0xA334, 0xAB54, 0xAB75, 0xAB75,
    0xA448, 0xA449, 0xA449, 0xA428, 0xA408, 0xA3C8, 0x9BA8, 0x9B88, 0x9B67, 0x9B47, 0x9B27, 0x9B07, 0x9AE8, 0x9AC8, 0x9AA8, 0xA288,
    0xA268, 0xAA69, 0xAA6A, 0xA26C, 0xA26D, 0xA28E, 0xA2B0, 0xA2B1, 0xA2D1, 0xA2F2, 0xA313, 0xAB54, 0xAB74, 0xABB5, 0xABB5, 0xABB5,
    0xA468, 0xA469, 0xA469, 0xA448, 0xA408, 0xA3E8, 0x9BC8, 0x9BC8, 0x9BA8, 0x9B88, 0x9B68, 0x9B68, 0x9B48, 0x9B28, 0xA308, 0xA2E8,
    0xAAC9, 0xAACA, 0xB2AB, 0xAAAC, 0xAACE, 0xAACF, 0xAAF0, 0xAB11, 0xAB32, 0xAB53, 0xAB73, 0xAB94, 0xABD4, 0xABF5, 0xAC15, 0xAC15,
    0xA468, 0xA469, 0xA469, 0xA448, 0xA428, 0xA408, 0xA3E8, 0xA3E8, 0xA3E8, 0xA3C8, 0xA3C9, 0xA3A9, 0xA3A9, 0xA3A9, 0xA389, 0xAB69,
    0xAB4A, 0xB32A, 0xB32B, 0xB32D, 0xAB2E, 0xAB30, 0xAB51, 0xAB72, 0xAB93, 0xABB3, 0xABD4, 0xABF4, 0xAC15, 0xAC35, 0xAC55, 0xAC56,
    0xA489, 0xA489, 0xA489, 0xA469, 0xA448, 0xA428, 0xA408, 0xA408, 0xA409, 0xA409, 0xA409, 0xA409, 0xA40A, 0xAC0A, 0xABEA, 0xABEA,
    0xABCA, 0xB3AB, 0xB3AC, 0xB38D, 0xB38F, 0xAB90, 0xABB1, 0xABD2, 0xABF3, 0xAC14, 0xAC34, 0xAC55, 0xAC75, 0xAC95, 0xB496, 0xB496,
    0xA4A9, 0xA4A9, 0xA4A9, 0xA489, 0xA469, 0xA449, 0xA449, 0xA449, 0xA449, 0xA449, 0xA44A, 0xA44A, 0xAC4A, 0xAC4A, 0xAC4A, 0xB44B,
    0xB44B, 0xB44C, 0xB42D, 0xB40E, 0xB40F, 0xAC11, 0xAC12, 0xAC33, 0xAC53, 0xB474, 0xB494, 0xB495, 0xB4B5, 0xB4B5, 0xB4D6, 0xB4D6,
    0xA4C9, 0xA4C9, 0xACCA, 0xA4A9, 0xA489, 0xA489, 0xA469, 0xA469, 0xA469, 0xA48A, 0xAC8A, 0xAC8A, 0xACAB, 0xACAB, 0xB4AB, 0xB4AB,
    0xB4AC, 0xB4AD, 0xB48E, 0xB48F, 0xB470, 0xB471, 0xB472, 0xB493, 0xB494, 0xB4B4, 0xB4D5, 0xB4F5, 0xB4F5, 0xB4F6, 0xB4F6, 0xB516,
    0xA4C9, 0xACEA, 0xACEA, 0xACEA, 0xACCA, 0xACCA, 0xACAA, 0xACAA, 0xACAA, 0xACCA, 0xACCB, 0xACCB, 0xACEB, 0xB4EB, 0xB4EB, 0xB4EC,
    0xB4ED, 0xB4EE, 0xB4EF, 0xB4F0, 0xB4D1, 0xB4D2, 0xB4D3, 0xB4D3, 0xB4F4, 0xB4F5, 0xB515, 0xB515, 0xB516, 0xB516, 0xB536, 0xB536,
    0xAD0A, 0xAD0A, 0xAD0B, 0xAD0B, 0xAD0B, 0xAD0A, 0xACEA, 0xACEB, 0xACEB, 0xACEB, 0xAD0B, 0xB50B, 0xB50B, 0xB50C, 0xB52C, 0xB52D,
    0xB52E, 0xB52E, 0xB530, 0xB531, 0xB532, 0xB512, 0xB513, 0xB514, 0xB514, 0xB535, 0xB535, 0xB556, 0xB556, 0xB556, 0xB556, 0xB556,
    0xAD2A, 0xAD2B, 0xAD4B, 0xAD4B, 0xAD2B, 0xAD2B, 0xAD2B, 0xAD2B, 0xAD2B, 0xB52B, 0xB52B, 0xB52C, 0xB54C, 0xB54C, 0xB54D, 0xB54E,
    0xB54E, 0xB54F, 0xB550, 0xB551, 0xB552, 0xB553, 0xB554, 0xB554, 0xB555, 0xB555, 0xB556, 0xB576, 0xB576, 0xB576, 0xB576, 0xB577,
    0xAD4B, 0xAD4B, 0xB54B, 0xB54C, 0xB54C, 0xB54C, 0xB54C, 0xB54C, 0xB54C, 0xB54C, 0xB54C, 0xB56C, 0xB56D, 0xB56D, 0xB56E, 0xB56F,
    0xBD70, 0xBD70, 0xBD71, 0xBD72, 0xBD73, 0xBD74, 0xB574, 0xB575, 0xB575, 0xB575, 0xB576, 0xB596, 0xB596, 0xB596, 0xB597, 0xB597,
    0xAD4B, 0xB56B, 0xB56C, 0xB56C, 0xB56C, 0xB56C, 0xB58C, 0xB58C, 0xB58C, 0xB58C, 0xB58D, 0xB58D, 0xB58E, 0xBD8F, 0xBD8F, 0xBD90,
    0xBD91, 0xBDB1, 0xBDB2, 0xBDB3, 0xBDB4, 0xBDB4, 0xBDB5, 0xBD95, 0xBD95, 0xBD96, 0xBD96, 0xBDB6, 0xBDB6, 0xBDB7, 0xBDB7, 0xBDB7,
    0xB56C, 0xB58C, 0xB58C, 0xB58C, 0xB58C, 0xB58C, 0xB5AC, 0xB5AD, 0xB5AD, 0xB5AD, 0xBDAE, 0xBDAE, 0xBDAF, 0xBDB0, 0xBDB1, 0xBDB1,
    0xBDB2, 0xBDB2, 0xBDB3, 0xBDB4, 0xBDB4, 0xBDD5, 0xBDB5, 0xBDB5, 0xBDB6, 0xBDB6, 0xBDB6, 0xBDB6, 0xBDB7, 0xBDB7, 0xBDD7, 0xBDD7,
    0xB58C, 0xB58C, 0xB5AC, 0xB5AC, 0xB5AC, 0xBDAD, 0xBDAD, 0xBDAD, 0xBDCE, 0xBDCE, 0xBDCF, 0xBDD0, 0xBDD0, 0xBDD1, 0xBDD2, 0xBDD2,
    0xBDD3, 0xBDD3, 0xBDD4, 0xBDD4, 0xBDD5, 0xBDD5, 0xBDD5, 0xBDD6, 0xBDD6, 0xBDD6, 0xBDD6, 0xBDD6, 0xBDD7, 0xBDD7, 0xBDD7, 0xBDF7,
    0xB5AC, 0xB5AC, 0xB5AC, 0xB5CC, 0xBDCD, 0xBDCD, 0xBDCD, 0xBDCE, 0xBDCE, 0xBDCF, 0xBDD0, 0xBDD0, 0xBDD1, 0xBDF2, 0xBDF2, 0xBDF3,
    0xBDF4, 0xBDF4, 0xBDF4, 0xBDF5, 0xBDF5, 0xBDF5, 0xBDF6, 0xBDF6, 0xBDF6, 0xBDF6, 0xBDF6, 0xBDF7, 0xBDF7, 0xBDF7, 0xBDF7, 0xBDF7,
    0xB5CC, 0xB5CC, 0xB5CC, 0xBDCD, 0xBDCD, 0xBDCD, 0xBDEE, 0xBDEE, 0xBDEF, 0xBDF0, 0xBDF0, 0xBDF1, 0xBDF2, 0xBDF3, 0xBDF3, 0xBDF4,
    0xBDF4, 0xBDF5, 0xBDF5, 0xBDF5, 0xBDF6, 0xBE16, 0xBE16, 0xBE16, 0xBE16, 0xBE16, 0xBE17, 0xBE17, 0xBE17, 0xBE17, 0xBE17, 0xBE17,
    0xB5CC, 0xBDCC, 0xBDCD, 0xBDED, 0xBDED, 0xBDED, 0xBDEE, 0xBDEF, 0xBDEF, 0xBDF0, 0xBDF1, 0xBDF2, 0xBDF2, 0xBDF3, 0xBE13, 0xBE14,
    0xBE14, 0xBE15, 0xBE15, 0xBE15, 0xBE16, 0xBE16, 0xBE16, 0xBE16, 0xBE16, 0xBE17, 0xBE17, 0xBE17, 0xBE17, 0xBE17, 0xBE17, 0xBE18,
    0xBDED, 0xBDED, 0xBDED, 0xBDED, 0xBDED, 0xBDEE, 0xBDEE, 0xBDEF, 0xBE10, 0xBE10, 0xBE11, 0xBE12, 0xBE13, 0xBE13, 0xBE14, 0xBE14,
    0xBE15, 0xBE15, 0xBE15, 0xBE15, 0xBE16, 0xBE16, 0xBE16, 0xBE16, 0xBE16, 0xBE17, 0xBE17, 0xBE17, 0xBE17, 0xBE17, 0xC637, 0xC638,
    0x80C3, 0x80C3, 0x80C3, 0x80C3, 0x80C3, 0x80C4, 0x80C4, 0x80C4, 0x80C4, 0x80C5, 0x80C5, 0x80C6, 0x80C6, 0x80C6, 0x80C7, 0x80C7,
    0x80C8, 0x80C8, 0x80C9, 0x80E9, 0x80EA, 0x80EA, 0x80EB, 0x80EC, 0x810C, 0x810D, 0x810D, 0x810E, 0x812E, 0x812E, 0x812F, 0x812F,
    0x8103, 0x80E3, 0x80E3, 0x80E3, 0x80C3, 0x80C4, 0x80C4, 0x80C4, 0x80C4, 0x80C5, 0x80C5, 0x80C5, 0x80C6, 0x80C6, 0x80C7, 0x80C7,
    0x80E7, 0x80E8, 0x80E8, 0x80E9, 0x80EA, 0x80EA, 0x810B, 0x810C, 0x810C, 0x810D, 0x812D, 0x812E, 0x812E, 0x812F, 0x812F, 0x814F,
    0x8923, 0x8103, 0x8103, 0x80E3, 0x80E3, 0x80E4, 0x80E4, 0x80E4, 0x80E4, 0x80E5, 0x80E5, 0x80E5, 0x80E6, 0x80E6, 0x80E6, 0x80E7,
    0x80E7, 0x80E8, 0x80E8, 0x80E9, 0x80E9, 0x810A, 0x810B, 0x810C, 0x810C, 0x812D, 0x812D, 0x812E, 0x812E, 0x814F, 0x814F, 0x814F,
    0x8984, 0x8964, 0x8923, 0x8903, 0x8103, 0x80E4, 0x80E4, 0x80E4, 0x80E4, 0x80E4, 0x80E5, 0x80E5, 0x80E6, 0x80E6, 0x80E6, 0x80E7,
    0x80E7, 0x80E7, 0x80E8, 0x8109, 0x8109, 0x810A, 0x810B, 0x810C, 0x812C, 0x812D, 0x812E, 0x812E, 0x814E, 0x814F, 0x814F, 0x814F,
    0x89E4, 0x89A4, 0x8964, 0x8944, 0x8924, 0x8904, 0x8104, 0x80E4, 0x80E4, 0x80E4, 0x80E5, 0x80E5, 0x80E5, 0x80E6, 0x80E6, 0x80E6,
    0x80E7, 0x8107, 0x8108, 0x8108, 0x8109, 0x810A, 0x810B, 0x812C, 0x812C, 0x812D, 0x814E, 0x814E, 0x814F, 0x816F, 0x816F, 0x816F,
    0x9245, 0x8A04, 0x89C4, 0x8984, 0x8944, 0x8924, 0x8904, 0x8904, 0x8104, 0x8104, 0x8105, 0x8105, 0x8105, 0x8106, 0x8106, 0x8106,
    0x8107, 0x8107, 0x8108, 0x8108, 0x8109, 0x812A, 0x812B, 0x812C, 0x812C, 0x814D, 0x814E, 0x816E, 0x816F, 0x816F, 0x818F, 0x8190,
    0x9285, 0x9245, 0x8A05, 0x89C4, 0x8984, 0x8964, 0x8924, 0x8924, 0x8904, 0x8904, 0x8905, 0x8105, 0x8105, 0x8106, 0x8106, 0x8106,
    0x8107, 0x8107, 0x8108, 0x8128, 0x8129, 0x812A, 0x812B, 0x814C, 0x814C, 0x814D, 0x816E, 0x816E, 0x818F, 0x818F, 0x8190, 0x81B0,
    0x92E6, 0x92A5, 0x9265, 0x9225, 0x89E4, 0x89A4, 0x8964, 0x8944, 0x8924, 0x8924, 0x8925, 0x8905, 0x8905, 0x8906, 0x8926, 0x8927,
    0x8927, 0x8128, 0x8128, 0x8129, 0x8129, 0x814A, 0x814B, 0x814C, 0x816D, 0x816D, 0x818E, 0x818F, 0x81AF, 0x81B0, 0x89D0, 0x89D0,
    0x9B26, 0x9AE6, 0x92A6, 0x9265, 0x9225, 0x89E5, 0x89A4, 0x8964, 0x8944, 0x8944, 0x8925, 0x8925, 0x8925, 0x8926, 0x8926, 0x8927,
    0x8927, 0x8928, 0x8948, 0x8949, 0x894A, 0x894A, 0x896B, 0x816C, 0x818D, 0x898E, 0x89AE, 0x89AF, 0x89D0, 0x89F0, 0x89F0, 0x8A11,
    0x9B87, 0x9B47, 0x9B06, 0x92C6, 0x9265, 0x9225, 0x89E5, 0x89C5, 0x8985, 0x8965, 0x8945, 0x8945, 0x8945, 0x8946, 0x8946, 0x8947,
    0x8947, 0x8948, 0x8949, 0x8969, 0x896A, 0x896B, 0x898C, 0x898D, 0x89AD, 0x89AE, 0x89CF, 0x89F0, 0x8A10, 0x8A31, 0x8A31, 0x9251,
    0xA3C8, 0x9B87, 0x9B47, 0x9B06, 0x92C6, 0x9286, 0x9245, 0x9205, 0x89C5, 0x89A5, 0x8985, 0x8965, 0x8965, 0x8966, 0x8966, 0x8967,
    0x8968, 0x8968, 0x8969, 0x898A, 0x898B, 0x898B, 0x89AC, 0x89AD, 0x89CE, 0x89EF, 0x8A0F, 0x8A30, 0x9231, 0x9251, 0x9272, 0x9292,
    0xA408, 0xA3C8, 0x9B87, 0x9B47, 0x9B06, 0x92C6, 0x9286, 0x9246, 0x9225, 0x91E5, 0x91C5, 0x91A5, 0x91A6, 0x9186, 0x9187, 0x9187,
    0x9188, 0x91A9, 0x89A9, 0x89AA, 0x89AB, 0x89CC, 0x89CD, 0x89EE, 0x8A0F, 0x8A2F, 0x9230, 0x9251, 0x9271, 0x9A92, 0x9AB3, 0x9AB3,
    0xA428, 0xA408, 0xA3C8, 0x9B87, 0x9B47, 0x9B07, 0x92C6, 0x92A6, 0x9266, 0x9246, 0x9226, 0x9206, 0x91E6, 0x91C6, 0x99C7, 0x99C7,
    0x91C8, 0x91C9, 0x91CA, 0x91EB, 0x91EC, 0x91ED, 0x920E, 0x922F, 0x922F, 0x9250, 0x9271, 0x9A92, 0x9AB2, 0xA2D3, 0xA2F3, 0xA2F4,
    0xA449, 0xA428, 0xA408, 0xA3C8, 0x9B87, 0x9B47, 0x9B07, 0x9AE7, 0x92A6, 0x9286, 0x9266, 0x9246, 0x9247, 0x9A27, 0x9A07, 0xA208,
    0xA208, 0x9A09, 0x9A0B, 0x9A0C, 0x9A2D, 0x9A2D, 0x9A4E, 0x9A6F, 0x9A70, 0x9A91, 0x9AB2, 0xA2D2, 0xA2F3, 0xA314, 0xA334, 0xAB54,
    0xA469, 0xA448, 0xA428, 0xA3E8, 0x9BA8, 0x9B87, 0x9B47, 0x9B27, 0x9B07, 0x9AE7, 0x9AC7, 0x9AA7, 0x9AA7, 0x9A87, 0xA268, 0xA248,
    0xAA49, 0xA24A, 0xA24B, 0xA24C, 0xA26D, 0xA26E, 0xA28F, 0xA2B0, 0xA2B1, 0xA2D2, 0xA2F3, 0xA313, 0xAB34, 0xAB54, 0xAB75, 0xAB95,
    0xA469, 0xA449, 0xA428, 0xA408, 0xA3C8, 0x9BA8, 0x9B88, 0x9B67, 0x9B47, 0x9B28, 0x9B28, 0x9B08, 0x9B08, 0xA2E8, 0xA2C8, 0xAAA8,
    0xAAA9, 0xAAAA, 0xAAAB, 0xAAAD, 0xAAAE, 0xAAAF, 0xA2D0, 0xA2F1, 0xAB12, 0xAB33, 0xAB53, 0xAB74, 0xAB94, 0xABB5, 0xABD5, 0xABD5,
    0xA489, 0xA449, 0xA428, 0xA408, 0xA3E8, 0xA3C8, 0x9BC8, 0x9BA8, 0x9B88, 0x9B88, 0x9B68, 0xA368, 0xA369, 0xA349, 0xA349, 0xAB29,
    0xAB0A, 0xB30B, 0xB2EC, 0xB30D, 0xAB0F, 0xAB10, 0xAB31, 0xAB52, 0xAB72, 0xAB93, 0xABB4, 0xABB4, 0xABD5, 0xAC15, 0xAC15, 0xAC35,
    0xA489, 0xA469, 0xA448, 0xA428, 0xA408, 0xA3E8, 0xA3E8, 0xA3E8, 0xA3C8, 0xA3C8, 0xA3C9, 0xA3C9, 0xA3C9, 0xABC9, 0xABAA, 0xABAA,
    0xB38B, 0xB38B, 0xB36D, 0xB36E, 0xB36F, 0xAB70, 0xAB91, 0xABB2, 0xABD3, 0xABF4, 0xAC14, 0xAC34, 0xAC35, 0xB455, 0xB455, 0xB476,
    0xA489, 0xA469, 0xA448, 0xA428, 0xA428, 0xA408, 0xA408, 0xA408, 0xA409, 0xA409, 0xA409, 0xA40A, 0xAC0A, 0xAC0A, 0xAC0A, 0xB40B,
    0xB40B, 0xB3EC, 0xB3ED, 0xB3EE, 0xB3D0, 0xB3F1, 0xB3F2, 0xB413, 0xB433, 0xB454, 0xB454, 0xB475, 0xB495, 0xB495, 0xB4B6, 0xB4B6,
    0xACA9, 0xA489, 0xA469, 0xA469, 0xA448, 0xA448, 0xA429, 0xA449, 0xA449, 0xA449, 0xA44A, 0xAC6A, 0xAC6A, 0xAC6A, 0xB46B, 0xB46B,
    0xB46C, 0xB46D, 0xB44E, 0xB44F, 0xB450, 0xB451, 0xB452, 0xB473, 0xB474, 0xB494, 0xB4B5, 0xB4D5, 0xB4D5, 0xB4D6, 0xB4D6, 0xB4F6,
    0xACC9, 0xACC9, 0xACA9, 0xA489, 0xA469, 0xA469, 0xA469, 0xA469, 0xA48A, 0xAC8A, 0xAC8A, 0xACAB, 0xACAB, 0xB4AB, 0xB4AB, 0xB4AC,
    0xB4AD, 0xB4AE, 0xB4AF, 0xB4B0, 0xB4B1, 0xB4B2, 0xB4B3, 0xB4B3, 0xB4D4, 0xB4D5, 0xB4F5, 0xB4F5, 0xB516, 0xB516, 0xB516, 0xB516,
    0xACEA, 0xACEA, 0xACCA, 0xACCA, 0xACA9, 0xACA9, 0xACAA, 0xACAA, 0xACAA, 0xACCB, 0xACCB, 0xACCB, 0xB4EB, 0xB4EB, 0xB4EC, 0xB4ED,
    0xB4ED, 0xB4EF, 0xB4F0, 0xB4F1, 0xB4F2, 0xB4F3, 0xB4F3, 0xB4F4, 0xB514, 0xB515, 0xB535, 0xB536, 0xB536, 0xB536, 0xB536, 0xB556,
    0xAD0A, 0xAD0A, 0xAD0A, 0xACEA, 0xACEA, 0xACEA, 0xACEA, 0xACEA, 0xACEB, 0xACEB, 0xB50B, 0xB50B, 0xB50C, 0xB52C, 0xB52D, 0xB52D,
    0xB52E, 0xB52F, 0xB530, 0xB531, 0xB532, 0xB533, 0xB534, 0xB534, 0xB535, 0xB555, 0xB555, 0xB556, 0xB556, 0xB556, 0xB556, 0xB556,
    0xAD2A, 0xAD2B, 0xAD2B, 0xAD2B, 0xAD2B, 0xAD0B, 0xAD0B, 0xAD0B, 0xAD2B, 0xB52B, 0xB52B, 0xB54C, 0xB54C, 0xB54D, 0xB54D, 0xB54E,
    0xBD4F, 0xBD50, 0xBD51, 0xBD52, 0xBD53, 0xB554, 0xB554, 0xB555, 0xB555, 0xB575, 0xB576, 0xB576, 0xB576, 0xB576, 0xB576, 0xB577,
    0xAD4B, 0xB54B, 0xB54B, 0xB54B, 0xB54B, 0xB54B, 0xB54B, 0xB54C, 0xB54C, 0xB54C, 0xB54C, 0xB56C, 0xB56D, 0xBD6D, 0xBD6E, 0xBD6F,
    0xBD70, 0xBD71, 0xBD72, 0xBD93, 0xBD93, 0xBD94, 0xBD94, 0xBD95, 0xBD95, 0xBD96, 0xBD96, 0xBD96, 0xBD96, 0xBD96, 0xBD97, 0xBD97,
    0xB56B, 0xB56C, 0xB56C, 0xB56C, 0xB56C, 0xB56C, 0xB56C, 0xB56C, 0xB56C, 0xB56C, 0xB58D, 0xBD8D, 0xBD8E, 0xBD8E, 0xBD8F, 0xBD90,
    0xBD91, 0xBD92, 0xBDB2, 0xBDB3, 0xBDB4, 0xBDB4, 0xBDB5, 0xBDB5, 0xBDB6, 0xBDB6, 0xBDB6, 0xBDB6, 0xBDB6, 0xBDB7, 0xBDB7, 0xBDB7,
    0xB56C, 0xB58C, 0xB58C, 0xB58C, 0xB58C, 0xB58C, 0xB58C, 0xB58C, 0xB58D, 0xBD8D, 0xBDAD, 0xBDAE, 0xBDAF, 0xBDB0, 0xBDB0, 0xBDB1,
    0xBDB2, 0xBDB2, 0xBDB3, 0xBDB4, 0xBDB4, 0xBDD5, 0xBDD5, 0xBDD5, 0xBDB6, 0xBDB6, 0xBDB6, 0xBDD6, 0xBDD7, 0xBDD7, 0xBDD7, 0xBDD7,
    0xB58C, 0xB58C, 0xB5AC, 0xB5AC, 0xB5AC, 0xBDAC, 0xBDAD, 0xBDAD, 0xBDAD, 0xBDAE, 0xBDAF, 0xBDCF, 0xBDD0, 0xBDD1, 0xBDD1, 0xBDD2,
    0xBDD3, 0xBDD3, 0xBDD4, 0xBDD4, 0xBDD5, 0xBDD5, 0xBDD5, 0xBDD6, 0xBDD6, 0xBDD6, 0xBDD6, 0xBDD7, 0xBDD7, 0xBDD7, 0xBDF7, 0xBDF7,
    0xB5AC, 0xB5AC, 0xB5AC, 0xBDAC, 0xBDCD, 0xBDCD, 0xBDCD, 0xBDCE, 0xBDCE, 0xBDCF, 0xBDCF, 0xBDD0, 0xBDD1, 0xBDD2, 0xBDF2, 0xBDF3,
    0xBDF3, 0xBDF4, 0xBDF4, 0xBDF5, 0xBDF5, 0xBDF5, 0xBDF6, 0xBDF6, 0xBDF6, 0xBDF6, 0xBDF7, 0xBDF7, 0xBDF7, 0xBDF7, 0xBDF7, 0xBDF7,
    0xB5CC, 0xBDCC, 0xBDCC, 0xBDCD, 0xBDCD, 0xBDCD, 0xBDCE, 0xBDEE, 0xBDEF, 0xBDF0, 0xBDF0, 0xBDF1, 0xBDF2, 0xBDF2, 0xBDF3, 0xBDF3,
    0xBDF4, 0xBDF4, 0xBDF5, 0xBDF5, 0xBDF5, 0xBDF6, 0xBDF6, 0xBE16, 0xBE16, 0xBE16, 0xBE17, 0xBE17, 0xBE17, 0xBE17, 0xBE17, 0xBE18,
    0xBDCC, 0xBDCD, 0xBDCD, 0xBDED, 0xBDED, 0xBDED, 0xBDEE, 0xBDEF, 0xBDEF, 0xBDF0, 0xBDF1, 0xBDF1, 0xBDF2, 0xBDF3, 0xBE13, 0xBE14,
    0xBE14, 0xBE15, 0xBE15, 0xBE15, 0xBE16, 0xBE16, 0xBE16, 0xBE16, 0xBE16, 0xBE17, 0xBE17, 0xBE17, 0xC617, 0xC617, 0xC617, 0xC618,
    0xBDED, 0xBDED, 0xBDED, 0xBDED, 0xBDED, 0xBDEE, 0xBDEE, 0xBDEF, 0xBE10, 0xBE11, 0xBE11, 0xBE12, 0xBE13, 0xBE13, 0xBE14, 0xBE14,
    0xBE15, 0xBE15, 0xBE15, 0xBE15, 0xBE16, 0xBE16, 0xC616, 0xC616, 0xC616, 0xC617, 0xC617, 0xC637, 0xC637, 0xC637, 0xC638, 0xC638,
    0x80C3, 0x80C3, 0x80C3, 0x80C3, 0x80C3, 0x80C4, 0x80C4, 0x80C4, 0x80C5, 0x80C5, 0x80C5, 0x80C6, 0x80C6, 0x80C6, 0x80C7, 0x80C7,
    0x80C7, 0x80C8, 0x80E8, 0x80E9, 0x80EA, 0x80EA, 0x80EB, 0x810C, 0x810C, 0x810D, 0x810D, 0x810E, 0x812E, 0x812E, 0x812F, 0x812F,
    0x88E3, 0x88E3, 0x80E3, 0x80E3, 0x80E3, 0x80C4, 0x80C4, 0x80C4, 0x80C4, 0x80C5, 0x80C5, 0x80C5, 0x80C6, 0x80C6, 0x80E6, 0x80E7,
    0x80E7, 0x80E8, 0x80E8, 0x80E9, 0x80E9, 0x80EA, 0x810B, 0x810C, 0x810C, 0x810D, 0x812D, 0x812E, 0x812E, 0x812E, 0x812F, 0x814F,
    0x8923, 0x8903, 0x8903, 0x8903, 0x88E3, 0x80E4, 0x80E4, 0x80E4, 0x80E4, 0x80E5, 0x80E5, 0x80E5, 0x80E6, 0x80E6, 0x80E6, 0x80E6,
    0x80E7, 0x80E7, 0x80E8, 0x80E8, 0x80E9, 0x810A, 0x810B, 0x810C, 0x810C, 0x812D, 0x812D, 0x812E, 0x812E, 0x814F, 0x814F, 0x814F,
    0x8984, 0x8964, 0x8944, 0x8924, 0x8904, 0x8904, 0x88E4, 0x80E4, 0x80E4, 0x80E4, 0x80E5, 0x80E5, 0x80E5, 0x80E6, 0x80E6, 0x80E6,
    0x80E7, 0x80E7, 0x80E8, 0x8108, 0x8109, 0x810A, 0x810A, 0x810B, 0x812C, 0x812D, 0x812D, 0x812E, 0x814E, 0x814F, 0x814F, 0x816F,
    0x89E4, 0x89A4, 0x8984, 0x8944, 0x8924, 0x8904, 0x8904, 0x88E4, 0x88E4, 0x88E4, 0x80E5, 0x80E5, 0x80E5, 0x80E6, 0x80E6, 0x8106,
    0x8107, 0x8107, 0x8108, 0x8108, 0x8109, 0x8109, 0x810A, 0x812B, 0x812C, 0x812D, 0x814D, 0x814E, 0x814E, 0x816F, 0x816F, 0x816F,
    0x9245, 0x9204, 0x89C4, 0x8984, 0x8964, 0x8924, 0x8904, 0x8904, 0x8904, 0x8904, 0x8905, 0x8905, 0x8905, 0x8906, 0x8906, 0x8906,
    0x8107, 0x8107, 0x8108, 0x8108, 0x8109, 0x8129, 0x812A, 0x812B, 0x812C, 0x814D, 0x814E, 0x816E, 0x816F, 0x816F, 0x818F, 0x8190,
    0x92A5, 0x9245, 0x9205, 0x89C4, 0x8984, 0x8964, 0x8924, 0x8924, 0x8904, 0x8904, 0x8905, 0x8905, 0x8905, 0x8906, 0x8906, 0x8906,
    0x8907, 0x8907, 0x8928, 0x8128, 0x8129, 0x812A, 0x812A, 0x814B, 0x814C, 0x814D, 0x816E, 0x816E, 0x818F, 0x818F, 0x81B0, 0x81B0,
    0x9B06, 0x92A6, 0x9245, 0x9205, 0x89C4, 0x89A4, 0x8964, 0x8944, 0x8924, 0x8924, 0x8925, 0x8925, 0x8925, 0x8926, 0x8926, 0x8927,
    0x8927, 0x8928, 0x8928, 0x8929, 0x8949, 0x894A, 0x894B, 0x894C, 0x896D, 0x896D, 0x898E, 0x89AF, 0x89AF, 0x89D0, 0x89D0, 0x89F0,
    0x9B47, 0x9AE6, 0x92A5, 0x9245, 0x9205, 0x89C5, 0x89A4, 0x8964, 0x8944, 0x8945, 0x8925, 0x8925, 0x8925, 0x8926, 0x8926, 0x8927,
    0x8947, 0x8948, 0x8949, 0x8949, 0x894A, 0x896B, 0x896B, 0x896C, 0x898D, 0x89AE, 0x89AE, 0x89CF, 0x89F0, 0x89F0, 0x8A11, 0x8A31,
    0xA3A7, 0x9B47, 0x9AE6, 0x92A6, 0x9245, 0x9205, 0x91E5, 0x89A5, 0x8985, 0x8965, 0x8965, 0x8945, 0x8945, 0x8946, 0x8946, 0x8947,
    0x8968, 0x8968, 0x8969, 0x896A, 0x896A, 0x898B, 0x898C, 0x89AD, 0x89AD, 0x89CE, 0x89EF, 0x8A10, 0x8A10, 0x8A31, 0x9251, 0x9272,
    0xA3E8, 0x9B87, 0x9B27, 0x9AE6, 0x9286, 0x9265, 0x9225, 0x91E5, 0x91C5, 0x91A5, 0x9185, 0x9185, 0x9186, 0x9166, 0x9167, 0x9187,
    0x9188, 0x8989, 0x8989, 0x898A, 0x89AB, 0x89AC, 0x89CD, 0x89CD, 0x89EE, 0x89EF, 0x8A10, 0x9230, 0x9251, 0x9271, 0x9292, 0x9AB3,
    0xA428, 0xA3C8, 0x9B67, 0x9B27, 0x92C6, 0x92A6, 0x9266, 0x9245, 0x9205, 0x91E5, 0x91E6, 0x91C6, 0x91C6, 0x99A6, 0x99A7, 0x91A8,
    0x91A8, 0x91A9, 0x91CA, 0x91CB, 0x91CC, 0x91ED, 0x91ED, 0x920E, 0x922F, 0x9230, 0x9250, 0x9271, 0x9A92, 0x9AB2, 0x9AD3, 0xA2F4,
    0xA449, 0xA3E8, 0xA3A7, 0x9B67, 0x9B06, 0x9AE6, 0x92A6, 0x9286, 0x9266, 0x9246, 0x9226, 0x9206, 0x9A06, 0x99E7, 0x99E7, 0x99E8,
    0x99E9, 0x99EA, 0x99EB, 0x9A0B, 0x920C, 0x922D, 0x922E, 0x924F, 0x9250, 0x9A70, 0x9A91, 0x9AB2, 0xA2B2, 0xA2D3, 0xA2F4, 0xAB34,
    0xAC69, 0xA428, 0xA3C8, 0x9B87, 0x9B47, 0x9B27, 0x9AE6, 0x9AC6, 0x92A6, 0x9A86, 0x9A87, 0x9A67, 0x9A67, 0x9A47, 0xA248, 0xAA28,
    0xAA29, 0xA22A, 0xA22B, 0xA24C, 0xA24D, 0xA26E, 0x9A6F, 0xA290, 0xA291, 0xA2B1, 0xA2D2, 0xA2D3, 0xA2F3, 0xA314, 0xAB54, 0xAB75,
    0xAC89, 0xA428, 0xA3E8, 0xA3A8, 0x9B87, 0x9B47, 0x9B27, 0x9B07, 0x9AE7, 0x9AE7, 0x9AC7, 0x9AC7, 0x9AC8, 0xA2A8, 0xA2A8, 0xAA89,
    0xB289, 0xAA8B, 0xAA8C, 0xAA8D, 0xAA8E, 0xA2AF, 0xA2B0, 0xA2D1, 0xA2F2, 0xAAF2, 0xAB13, 0xAB33, 0xAB54, 0xAB74, 0xAB95, 0xABB5,
    0xAC89, 0xA449, 0xA408, 0xA3C8, 0x9BA8, 0x9B87, 0x9B67, 0x9B47, 0x9B47, 0x9B28, 0x9B28, 0x9B28, 0xA328, 0xA308, 0xAB09, 0xAAE9,
    0xB2EA, 0xB2EB, 0xB2CC, 0xAAEE, 0xAAEF, 0xAAF0, 0xAB11, 0xAB32, 0xAB32, 0xAB53, 0xAB73, 0xAB94, 0xABB4, 0xABB5, 0xABD5, 0xABF5,
    0xAC89, 0xA449, 0xA408, 0xA3E8, 0xA3C8, 0xA3A8, 0x9BA8, 0x9B88, 0x9B88, 0xA388, 0xA388, 0xA389, 0xA389, 0xAB89, 0xAB69, 0xB36A,
    0xB34B, 0xB34C, 0xB34D, 0xB34E, 0xB350, 0xB351, 0xAB71, 0xAB92, 0xABB3, 0xABB3, 0xABD4, 0xABF4, 0xABF5, 0xB415, 0xB435, 0xB435,
    0xAC89, 0xA448, 0xA408, 0xA3E8, 0xA3E8, 0xA3E8, 0xA3C8, 0xA3C8, 0xA3C8, 0xA3C9, 0xA3C9, 0xA3C9, 0xABEA, 0xABEA, 0xB3EA, 0xB3CB,
    0xB3CC, 0xB3CD, 0xB3CE, 0xB3AF, 0xB3D0, 0xB3D1, 0xB3D2, 0xB3F3, 0xB413, 0xB434, 0xB434, 0xB455, 0xB455, 0xB475, 0xB475, 0xB476,
    0xACA9, 0xA469, 0xA428, 0xA408, 0xA408, 0xA408, 0xA408, 0xA409, 0xA409, 0xA409, 0xA429, 0xAC2A, 0xAC2A, 0xAC2A, 0xB42B, 0xB42B,
    0xB42C, 0xB42D, 0xB42F, 0xB430, 0xB431, 0xB432, 0xB432, 0xB453, 0xB474, 0xB474, 0xB495, 0xB4B5, 0xB4B5, 0xB4B5, 0xB4B6, 0xB4B6,
    0xACC9, 0xA489, 0xA448, 0xA428, 0xA428, 0xA428, 0xA429, 0xA449, 0xA449, 0xAC4A, 0xAC6A, 0xAC6A, 0xAC6B, 0xB48B, 0xB48B, 0xB48C,
    0xB48D, 0xB48E, 0xB48F, 0xB491, 0xB491, 0xB492, 0xB493, 0xB4B4, 0xB4B4, 0xB4D4, 0xB4D5, 0xB4F5, 0xB4F5, 0xB4F6, 0xB4F6, 0xB4F6,
    0xACEA, 0xACA9, 0xA489, 0xA469, 0xA448, 0xA449, 0xA469, 0xA469, 0xAC8A, 0xAC8A, 0xACAB, 0xACAB, 0xB4AB, 0xB4CB, 0xB4CC, 0xB4CD,
    0xB4CE, 0xB4CF, 0xB4D0, 0xB4D1, 0xB4D2, 0xB4D3, 0xB4D3, 0xB4F4, 0xB4F4, 0xB4F5, 0xB515, 0xB515, 0xB516, 0xB536, 0xB516, 0xB516,
    0xAD0A, 0xACEA, 0xACC9, 0xACA9, 0xA489, 0xA489, 0xAC89, 0xACAA, 0xACAA, 0xACCB, 0xACCB, 0xB4EB, 0xB4EB, 0xB4EC, 0xB4EC, 0xB50D,
    0xBD0E, 0xBD10, 0xB511, 0xB512, 0xB513, 0xB513, 0xB514, 0xB514, 0xB535, 0xB535, 0xB535, 0xB556, 0xB556, 0xB556, 0xB556, 0xB556,
    0xAD2A, 0xAD0A, 0xACEA, 0xACCA, 0xACCA, 0xACCA, 0xACCA, 0xACCA, 0xACEB, 0xACEB, 0xB50B, 0xB50B, 0xB50C, 0xB52C, 0xB52D, 0xBD2E,
    0xBD2F, 0xBD30, 0xBD51, 0xBD52, 0xBD53, 0xB554, 0xB554, 0xB555, 0xB555, 0xB555, 0xB556, 0xB556, 0xB576, 0xBD76, 0xB576, 0xB576,
    0xB54B, 0xB52B, 0xAD2B, 0xAD0B, 0xAD0A, 0xAD0A, 0xAD0B, 0xAD0B, 0xB50B, 0xB52B, 0xB52C, 0xB54C, 0xB54C, 0xBD4D, 0xBD4D, 0xBD4E,
    0xBD50, 0xBD51, 0xBD72, 0xBD73, 0xBD73, 0xBD74, 0xBD75, 0xBD75, 0xBD75, 0xBD76, 0xBD76, 0xBD76, 0xBD96, 0xBD96, 0xBD96, 0xBD97,
    0xB54B, 0xB54B, 0xB54B, 0xB54B, 0xB52B, 0xB52B, 0xB52B, 0xB52B, 0xB54C, 0xB54C, 0xB54C, 0xB54C, 0xBD6D, 0xBD6E, 0xBD6E, 0xBD6F,
    0xBD70, 0xBD71, 0xBD92, 0xBD93, 0xBD94, 0xBD94, 0xBD95, 0xBD95, 0xBD96, 0xBD96, 0xBD96, 0xBD96, 0xBD96, 0xBDB6, 0xBDB7, 0xBD97,
    0xB56C, 0xB56C, 0xB56C, 0xB56C, 0xB54C, 0xB54C, 0xB54C, 0xB56C, 0xB56C, 0xB56C, 0xBD6C, 0xBD8D, 0xBD8E, 0xBD8E, 0xBD8F, 0xBD90,
    0xBD91, 0xBD92, 0xBDB3, 0xBDB3, 0xBDB4, 0xBDB5, 0xBDB5, 0xBDB5, 0xBDB6, 0xBDB6, 0xBDB6, 0xBDB6, 0xBDB7, 0xBDB7, 0xBDB7, 0xBDB7,
    0xB58C, 0xB58C, 0xB58C, 0xB58C, 0xB58C, 0xB58C, 0xB58C, 0xB58C, 0xB58C, 0xBD8D, 0xBD8D, 0xBDAE, 0xBDAF, 0xBDAF, 0xBDB0, 0xBDB1,
    0xBDB2, 0xBDB3, 0xBDB3, 0xBDB4, 0xBDB4, 0xBDD5, 0xBDD5, 0xBDD6, 0xBDD6, 0xBDD6, 0xBDD6, 0xBDD7, 0xBDD7, 0xBDD7, 0xBDD7, 0xBDD7,
    0xB58C, 0xB58C, 0xB5AC, 0xB5AC, 0xB5AC, 0xBDAC, 0xBDAC, 0xBDAD, 0xBDAD, 0xBDAE, 0xBDAE, 0xBDAF, 0xBDD0, 0xBDD0, 0xBDD1, 0xBDD2,
    0xBDD3, 0xBDD3, 0xBDD4, 0xBDD4, 0xBDD5, 0xBDD5, 0xBDD5, 0xBDD6, 0xBDD6, 0xBDD6, 0xBDD6, 0xBDD7, 0xBDF7, 0xBDF7, 0xBDF7, 0xBDF7,
    0xB5AC, 0xB5AC, 0xBDAC, 0xBDAC, 0xBDAC, 0xBDCD, 0xBDCD, 0xBDCD, 0xBDCE, 0xBDCE, 0xBDCF, 0xBDD0, 0xBDD1, 0xBDD1, 0xBDD2, 0xBDD3,
    0xBDF3, 0xBDF4, 0xBDF4, 0xBDF5, 0xBDF5, 0xBDF5, 0xBDF6, 0xBDF6, 0xBDF6, 0xBDF6, 0xBDF7, 0xBDF7, 0xBDF7, 0xBDF7, 0xBDF7, 0xBDF7,
    0xB5AC, 0xBDCC, 0xBDCC, 0xBDCD, 0xBDCD, 0xBDCD, 0xBDCE, 0xBDCE, 0xBDEF, 0xBDEF, 0xBDF0, 0xBDF1, 0xBDF2, 0xBDF2, 0xBDF3, 0xBDF3,
    0xBDF4, 0xBDF4, 0xBDF5, 0xBDF5, 0xBDF5, 0xBDF6, 0xBDF6, 0xBDF6, 0xBDF6, 0xBDF6, 0xBE17, 0xBE17, 0xC617, 0xC617, 0xC617, 0xC618,
    0xBDCD, 0xBDCD, 0xBDCD, 0xBDED, 0xBDED, 0xBDED, 0xBDEE, 0xBDEF, 0xBDEF, 0xBDF0, 0xBDF1, 0xBDF1, 0xBDF2, 0xBDF3, 0xBE13, 0xBE14,
    0xBE14, 0xBE15, 0xBE15, 0xBE15, 0xBE15, 0xC616, 0xC616, 0xC616, 0xC616, 0xC617, 0xC617, 0xC617, 0xC617, 0xC617, 0xC618, 0xC618,
    0xBDED, 0xBDED, 0xBDED, 0xBDED, 0xBDED, 0xBDEE, 0xBDEE, 0xBE0F, 0xBE10, 0xBE11, 0xBE11, 0xBE12, 0xBE13, 0xBE13, 0xBE14, 0xC614,
    0xC615, 0xC615, 0xC615, 0xC615, 0xC616, 0xC616, 0xC616, 0xC616, 0xC616, 0xC637, 0xC637, 0xC637, 0xC637, 0xC637, 0xC638, 0xC638,
};
