/**
 * lut_custom_newark.h
 * Custom LUT from 'Newark.cube'
 *
 * Auto-generated by tools/generate_luts.py — DO NOT EDIT
 * 32768 entries × 2 bytes = 64 KB, stored in Flash (.rodata)
 */
#pragma once
#include <stdint.h>

static const uint16_t LUT_CUSTOM_NEWARK[32768] = {
    0x0841, 0x0841, 0x0841, 0x0841, 0x0841, 0x0041, 0x0041, 0x0042, 0x0042, 0x0043, 0x0044, 0x0045, 0x0046, 0x0047, 0x0049, 0x004B,
    0x004D, 0x004E, 0x0050, 0x0051, 0x0053, 0x0054, 0x0055, 0x0056, 0x0058, 0x0059, 0x005A, 0x005B, 0x005C, 0x005D, 0x005E, 0x007F,
    0x0841, 0x0840, 0x0841, 0x0841, 0x0841, 0x0841, 0x0841, 0x0842, 0x0042, 0x0043, 0x0044, 0x0045, 0x0046, 0x0048, 0x0069, 0x006B,
    0x006D, 0x006E, 0x0070, 0x0071, 0x0073, 0x0074, 0x0075, 0x0076, 0x0077, 0x0079, 0x0099, 0x009A, 0x009C, 0x009D, 0x009E, 0x009E,
    0x0841, 0x0840, 0x0841, 0x0841, 0x0841, 0x0041, 0x0841, 0x0042, 0x0042, 0x0043, 0x0043, 0x0064, 0x0066, 0x0067, 0x0069, 0x006B,
    0x008D, 0x008E, 0x0090, 0x0091, 0x0092, 0x00B4, 0x0095, 0x00B6, 0x00B7, 0x00B8, 0x00B9, 0x00BA, 0x00BC, 0x00BD, 0x00BE, 0x00BF,
    0x0841, 0x0840, 0x0841, 0x0841, 0x0841, 0x0041, 0x0041, 0x0041, 0x0042, 0x0043, 0x0063, 0x0064, 0x0066, 0x0087, 0x0089, 0x008B,
    0x00AD, 0x00AE, 0x00B0, 0x00B1, 0x00D2, 0x00D4, 0x00D5, 0x00D6, 0x00D7, 0x00D8, 0x00D9, 0x00DA, 0x00DC, 0x00DD, 0x00DD, 0x00FE,
    0x0841, 0x0861, 0x0841, 0x0841, 0x0841, 0x0061, 0x0061, 0x0061, 0x0062, 0x0062, 0x0063, 0x0085, 0x0086, 0x00A7, 0x00A9, 0x00CB,
    0x00CD, 0x00CE, 0x00F0, 0x00F1, 0x00F2, 0x00F4, 0x00F5, 0x0116, 0x0117, 0x0118, 0x0119, 0x011A, 0x011B, 0x011D, 0x011E, 0x011E,
    0x0861, 0x0041, 0x0041, 0x0841, 0x0041, 0x0061, 0x0061, 0x0062, 0x0062, 0x0063, 0x0084, 0x0085, 0x00A6, 0x00A7, 0x00C9, 0x00EB,
    0x010D, 0x010E, 0x0130, 0x0131, 0x0132, 0x0134, 0x0135, 0x0136, 0x0137, 0x0138, 0x013A, 0x015A, 0x015C, 0x015D, 0x013D, 0x015E,
    0x0861, 0x0060, 0x0061, 0x0061, 0x0061, 0x0061, 0x0062, 0x0062, 0x0082, 0x0083, 0x00A4, 0x00C5, 0x00C6, 0x00E8, 0x0109, 0x012B,
    0x014D, 0x014F, 0x0150, 0x0172, 0x0173, 0x0174, 0x0175, 0x0176, 0x0177, 0x0178, 0x017A, 0x017B, 0x017C, 0x017D, 0x017E, 0x019F,
    0x0861, 0x0080, 0x0081, 0x0061, 0x0061, 0x0081, 0x0081, 0x0082, 0x0082, 0x00A3, 0x00C4, 0x00E5, 0x0106, 0x0128, 0x0149, 0x016B,
    0x016D, 0x018F, 0x0190, 0x01B2, 0x01B3, 0x01B4, 0x01B5, 0x01B6, 0x01B7, 0x01B8, 0x01B9, 0x01BA, 0x01BC, 0x01BD, 0x01BE, 0x01BF,
    0x0081, 0x00A1, 0x00A1, 0x00A1, 0x0081, 0x0081, 0x00A1, 0x00A2, 0x00A2, 0x00C3, 0x00E4, 0x0105, 0x0126, 0x0148, 0x0169, 0x018B,
    0x01AD, 0x01CF, 0x01D0, 0x01D1, 0x01F3, 0x01F4, 0x01F5, 0x01F6, 0x01F7, 0x01F8, 0x01F9, 0x01FA, 0x01FC, 0x01FD, 0x01FE, 0x01FF,
    0x00A0, 0x00C0, 0x00C0, 0x00C0, 0x00C1, 0x00C1, 0x00C2, 0x00C2, 0x00C2, 0x00C2, 0x00E4, 0x0125, 0x0146, 0x0167, 0x01A9, 0x01CB,
    0x020D, 0x020F, 0x0210, 0x0211, 0x0233, 0x0234, 0x0235, 0x0236, 0x0237, 0x0238, 0x0239, 0x023B, 0x023C, 0x023D, 0x023E, 0x023F,
    0x00E0, 0x00E0, 0x00E0, 0x00E0, 0x00E1, 0x00E1, 0x00E1, 0x00E2, 0x0102, 0x0103, 0x0124, 0x0145, 0x0166, 0x01A8, 0x01C9, 0x020B,
    0x022D, 0x024E, 0x0270, 0x0271, 0x0273, 0x0274, 0x0275, 0x0276, 0x0277, 0x0278, 0x0279, 0x027A, 0x027C, 0x027D, 0x027E, 0x027E,
    0x0120, 0x0120, 0x0120, 0x0120, 0x0120, 0x0120, 0x0121, 0x0142, 0x0142, 0x0143, 0x0164, 0x0165, 0x01A6, 0x01C8, 0x01E9, 0x022B,
    0x026D, 0x028F, 0x02B0, 0x02B1, 0x02B3, 0x02B4, 0x02B5, 0x02B6, 0x02B7, 0x02B8, 0x02B9, 0x02BA, 0x02BC, 0x02BD, 0x02BE, 0x02BF,
    0x0180, 0x0180, 0x0180, 0x0180, 0x0180, 0x0180, 0x01A1, 0x01A1, 0x01A2, 0x01A3, 0x01A4, 0x01C5, 0x01E7, 0x0208, 0x0249, 0x028B,
    0x02AD, 0x02CF, 0x02F0, 0x02F1, 0x0313, 0x0314, 0x0315, 0x0316, 0x0317, 0x0319, 0x0319, 0x02FA, 0x02FC, 0x02FD, 0x031E, 0x031F,
    0x0220, 0x0200, 0x0200, 0x0200, 0x0200, 0x0220, 0x0220, 0x0221, 0x0223, 0x0224, 0x0245, 0x0246, 0x0247, 0x0269, 0x02AA, 0x02ED,
    0x030E, 0x032F, 0x0351, 0x0352, 0x0373, 0x0374, 0x0375, 0x0376, 0x0378, 0x0379, 0x037A, 0x037B, 0x035C, 0x035D, 0x037E, 0x035F,
    0x0260, 0x0260, 0x0240, 0x0240, 0x0240, 0x0260, 0x0280, 0x0281, 0x0262, 0x0284, 0x02A5, 0x02A6, 0x02A7, 0x02A8, 0x02CA, 0x030C,
    0x032E, 0x034F, 0x0371, 0x0392, 0x0393, 0x03B5, 0x03B5, 0x03B6, 0x03B7, 0x03B8, 0x03B9, 0x03BA, 0x03BB, 0x03BD, 0x03BE, 0x03BE,
    0x02C0, 0x02A0, 0x02A0, 0x02A0, 0x02A0, 0x02C0, 0x02E0, 0x02E0, 0x02C1, 0x02C3, 0x02E5, 0x02E6, 0x02E7, 0x02E8, 0x030A, 0x034C,
    0x036D, 0x038F, 0x03B0, 0x03B2, 0x03D3, 0x03F4, 0x03F5, 0x03F6, 0x03F7, 0x03F8, 0x03F9, 0x03FA, 0x03FB, 0x03FD, 0x041E, 0x041E,
    0x0320, 0x0320, 0x0300, 0x0300, 0x0320, 0x0320, 0x0340, 0x0340, 0x0320, 0x0343, 0x0365, 0x0366, 0x0347, 0x0348, 0x036A, 0x038C,
    0x03AD, 0x03CF, 0x03D0, 0x03F2, 0x0413, 0x0434, 0x0435, 0x0436, 0x0437, 0x0458, 0x0459, 0x045A, 0x045B, 0x045D, 0x045E, 0x047E,
    0x03A0, 0x0380, 0x0360, 0x0360, 0x0380, 0x0380, 0x03A0, 0x03A0, 0x0380, 0x0381, 0x03A4, 0x03C6, 0x03C7, 0x03C9, 0x03CA, 0x03CC,
    0x03ED, 0x040F, 0x0430, 0x0431, 0x0453, 0x0454, 0x0455, 0x0476, 0x0477, 0x0498, 0x0499, 0x049A, 0x049B, 0x049C, 0x04BE, 0x04BF,
    0x0400, 0x03E0, 0x03E0, 0x03C0, 0x03C0, 0x03E0, 0x0400, 0x0400, 0x03E0, 0x03E0, 0x0423, 0x0425, 0x0427, 0x0408, 0x042A, 0x044C,
    0x044D, 0x044E, 0x0450, 0x0471, 0x0493, 0x0494, 0x0495, 0x0496, 0x04B7, 0x04B8, 0x04D9, 0x04DA, 0x04FB, 0x04FC, 0x04FE, 0x04FE,
    0x04A0, 0x04A0, 0x0480, 0x0480, 0x0480, 0x04A0, 0x04A0, 0x04A0, 0x0480, 0x04A0, 0x04C3, 0x04C6, 0x04A8, 0x04A9, 0x04AB, 0x04CC,
    0x04CE, 0x04CF, 0x04D0, 0x04F2, 0x04F3, 0x04F4, 0x04F5, 0x04F6, 0x04F7, 0x0518, 0x053A, 0x053A, 0x053C, 0x055D, 0x055E, 0x055E,
    0x0500, 0x0500, 0x04E0, 0x04E0, 0x04E0, 0x0500, 0x0500, 0x04E0, 0x04E0, 0x0500, 0x0502, 0x0505, 0x0508, 0x0509, 0x050A, 0x052C,
    0x052E, 0x050F, 0x0510, 0x0531, 0x0533, 0x0554, 0x0535, 0x0536, 0x0557, 0x0558, 0x055A, 0x057A, 0x057C, 0x057D, 0x059E, 0x05BE,
    0x0540, 0x0520, 0x0520, 0x0520, 0x0520, 0x0520, 0x0520, 0x0520, 0x0520, 0x0540, 0x0541, 0x0524, 0x0527, 0x0548, 0x054A, 0x054C,
    0x054D, 0x054E, 0x0550, 0x0551, 0x0572, 0x0574, 0x0575, 0x0576, 0x0577, 0x0598, 0x059A, 0x059A, 0x05BC, 0x05BD, 0x05DE, 0x05FE,
    0x0580, 0x0560, 0x0560, 0x0560, 0x0560, 0x0560, 0x0560, 0x0560, 0x0560, 0x0560, 0x0560, 0x0563, 0x0587, 0x0588, 0x056A, 0x058C,
    0x058D, 0x058E, 0x0590, 0x0591, 0x0592, 0x0594, 0x05B5, 0x05B6, 0x05B7, 0x05D8, 0x05D9, 0x05DA, 0x05DB, 0x05FD, 0x061E, 0x061E,
    0x05C0, 0x05A0, 0x05A0, 0x05A0, 0x05A0, 0x05A0, 0x05A0, 0x05A0, 0x05A0, 0x05A0, 0x05C0, 0x05C2, 0x05C6, 0x05A8, 0x05AA, 0x05CC,
    0x05CD, 0x05CE, 0x05CF, 0x05D1, 0x05D2, 0x05D3, 0x05D4, 0x05F6, 0x05F7, 0x0618, 0x0619, 0x061A, 0x063B, 0x065D, 0x065E, 0x067E,
    0x0600, 0x05E0, 0x05E0, 0x05E0, 0x05E0, 0x05E0, 0x05E0, 0x05E0, 0x05E0, 0x05E0, 0x0600, 0x0602, 0x05E5, 0x05E8, 0x05EA, 0x060C,
    0x060D, 0x060E, 0x05EF, 0x0611, 0x0612, 0x0613, 0x0614, 0x0616, 0x0637, 0x0658, 0x0659, 0x065A, 0x067C, 0x067D, 0x069E, 0x06BF,
    0x0660, 0x0640, 0x0620, 0x0620, 0x0640, 0x0640, 0x0640, 0x0640, 0x0640, 0x0640, 0x0641, 0x0643, 0x0646, 0x0649, 0x064B, 0x064D,
    0x064E, 0x064F, 0x0650, 0x0651, 0x0672, 0x0673, 0x0654, 0x0656, 0x0677, 0x0698, 0x0699, 0x069A, 0x06BC, 0x06BD, 0x06DE, 0x06FF,
    0x06C0, 0x06A0, 0x06A0, 0x06A0, 0x06A0, 0x06C0, 0x06A0, 0x06A0, 0x06A0, 0x06A1, 0x06A4, 0x06A6, 0x06A8, 0x06AA, 0x06AC, 0x06AE,
    0x06AF, 0x06B0, 0x06B1, 0x06B1, 0x06B3, 0x06B4, 0x06B5, 0x06B6, 0x06B7, 0x06B8, 0x06D9, 0x06DA, 0x06FC, 0x071D, 0x071E, 0x073F,
    0x06E0, 0x06E0, 0x06E0, 0x06E0, 0x06E0, 0x06E0, 0x06E0, 0x06E0, 0x06E0, 0x06C2, 0x06E4, 0x06E6, 0x06E8, 0x06E9, 0x06CB, 0x06CE,
    0x06CF, 0x06D0, 0x06F0, 0x06F1, 0x06F3, 0x06F4, 0x06F4, 0x06D6, 0x06F7, 0x06F8, 0x0719, 0x071A, 0x073C, 0x073D, 0x075E, 0x077E,
    0x0720, 0x0720, 0x0720, 0x0720, 0x0720, 0x0720, 0x0720, 0x0720, 0x0721, 0x0704, 0x0706, 0x0727, 0x0728, 0x070A, 0x072C, 0x072E,
    0x072F, 0x0730, 0x0731, 0x0732, 0x0733, 0x0734, 0x0734, 0x0736, 0x0737, 0x0738, 0x0759, 0x075A, 0x077C, 0x077D, 0x079E, 0x079E,
    0x0760, 0x0760, 0x0760, 0x0760, 0x0760, 0x0761, 0x0761, 0x0762, 0x0763, 0x0765, 0x0767, 0x0768, 0x0769, 0x076B, 0x076C, 0x076E,
    0x076F, 0x0771, 0x0771, 0x0772, 0x0773, 0x0774, 0x0775, 0x0776, 0x0797, 0x0798, 0x0799, 0x079A, 0x079B, 0x07BD, 0x07DE, 0x07DE,
    0x07A1, 0x07A1, 0x07A1, 0x07A1, 0x07A1, 0x07A4, 0x07A5, 0x07A5, 0x07A7, 0x07A7, 0x07A9, 0x07AA, 0x07AA, 0x07AC, 0x07AD, 0x07AE,
    0x07AF, 0x07B1, 0x07B2, 0x07B3, 0x07B3, 0x07B4, 0x07B5, 0x07B6, 0x07B7, 0x07D8, 0x07D9, 0x07DA, 0x07DB, 0x07DD, 0x07FE, 0x07FF,
    0x07E6, 0x07E6, 0x07C6, 0x07C6, 0x07C6, 0x07E8, 0x07E8, 0x07E8, 0x07E9, 0x07EA, 0x07EB, 0x07EC, 0x07EC, 0x07ED, 0x07ED, 0x07EF,
    0x07F0, 0x07D1, 0x07D2, 0x07F3, 0x07F4, 0x07F5, 0x07F6, 0x07F6, 0x07D7, 0x07D8, 0x07F9, 0x07DB, 0x07FB, 0x07FC, 0x07FE, 0x07FF,
    0x0841, 0x0841, 0x0841, 0x0841, 0x0841, 0x0841, 0x0841, 0x0042, 0x0042, 0x0043, 0x0044, 0x0045, 0x0046, 0x0048, 0x0049, 0x004B,
    0x004D, 0x002F, 0x0030, 0x0031, 0x0033, 0x0054, 0x0055, 0x0056, 0x0037, 0x0038, 0x003A, 0x003B, 0x005C, 0x003D, 0x003E, 0x003E,
    0x0841, 0x0840, 0x0841, 0x0841, 0x0841, 0x0841, 0x0841, 0x0042, 0x0042, 0x0043, 0x0044, 0x0045, 0x0046, 0x0048, 0x0049, 0x004B,
    0x004D, 0x004E, 0x0050, 0x0051, 0x0053, 0x0054, 0x0055, 0x0056, 0x0057, 0x0058, 0x0059, 0x007B, 0x007C, 0x007D, 0x007E, 0x007E,
    0x0841, 0x0840, 0x0841, 0x0841, 0x0841, 0x0841, 0x0841, 0x0042, 0x0042, 0x0043, 0x0043, 0x0044, 0x0046, 0x0048, 0x0069, 0x006B,
    0x006D, 0x006E, 0x0070, 0x0071, 0x0073, 0x0094, 0x0095, 0x0096, 0x0097, 0x0098, 0x0099, 0x009B, 0x009C, 0x009D, 0x009E, 0x009E,
    0x0841, 0x0841, 0x0841, 0x0841, 0x0841, 0x0841, 0x0841, 0x0042, 0x0042, 0x0043, 0x0063, 0x0064, 0x0066, 0x0067, 0x0069, 0x008B,
    0x008D, 0x00AE, 0x00B0, 0x00B1, 0x00B3, 0x00B4, 0x00B5, 0x00B6, 0x00B7, 0x00B8, 0x00B9, 0x00BA, 0x00BC, 0x00DD, 0x00DE, 0x00BF,
    0x0841, 0x0841, 0x0841, 0x0841, 0x0841, 0x0041, 0x0061, 0x0061, 0x0062, 0x0062, 0x0064, 0x0085, 0x0086, 0x0087, 0x00A9, 0x00AB,
    0x00CD, 0x00CE, 0x00D0, 0x00D1, 0x00F3, 0x00F4, 0x00F5, 0x00F6, 0x00F7, 0x00F8, 0x00F9, 0x00FA, 0x00FB, 0x00FD, 0x00FE, 0x00FE,
    0x0841, 0x0841, 0x0841, 0x0841, 0x0061, 0x0061, 0x0061, 0x0062, 0x0062, 0x0063, 0x0084, 0x0085, 0x00A6, 0x00A7, 0x00C9, 0x00CB,
    0x00ED, 0x010E, 0x0110, 0x0111, 0x0132, 0x0134, 0x0135, 0x0136, 0x0137, 0x0138, 0x0139, 0x013A, 0x013C, 0x013D, 0x013E, 0x013E,
    0x0860, 0x0861, 0x0861, 0x0861, 0x0861, 0x0061, 0x0061, 0x0062, 0x0082, 0x0083, 0x00A4, 0x00C5, 0x00C6, 0x00E8, 0x0109, 0x012B,
    0x012D, 0x014F, 0x0150, 0x0151, 0x0153, 0x0174, 0x0175, 0x0176, 0x0177, 0x0178, 0x017A, 0x017A, 0x017C, 0x017D, 0x017E, 0x017E,
    0x0061, 0x0061, 0x0061, 0x0081, 0x0081, 0x0081, 0x0081, 0x0082, 0x0082, 0x00A3, 0x00C4, 0x00E5, 0x0106, 0x0108, 0x0149, 0x016B,
    0x016D, 0x018F, 0x0191, 0x0192, 0x0193, 0x0194, 0x0196, 0x01B6, 0x01B7, 0x01B8, 0x01BA, 0x01BA, 0x01BC, 0x01BD, 0x01BE, 0x01BF,
    0x0081, 0x0081, 0x00A1, 0x00A1, 0x0081, 0x00A1, 0x00A1, 0x00A2, 0x00A2, 0x00C3, 0x00E4, 0x0105, 0x0126, 0x0148, 0x0169, 0x018B,
    0x01AD, 0x01CF, 0x01D0, 0x01F1, 0x01F3, 0x01D4, 0x01D5, 0x01D6, 0x01D7, 0x01D8, 0x01FA, 0x01FA, 0x01FC, 0x01FD, 0x01DE, 0x01FF,
    0x00A1, 0x00C1, 0x00C0, 0x00C0, 0x00C0, 0x00C1, 0x00C1, 0x00C2, 0x00C2, 0x00C3, 0x00E4, 0x0125, 0x0146, 0x0168, 0x01A9, 0x01CB,
    0x01ED, 0x020F, 0x0210, 0x0231, 0x0233, 0x0234, 0x0215, 0x0216, 0x0237, 0x0238, 0x0219, 0x023A, 0x023C, 0x023D, 0x023E, 0x023E,
    0x00E0, 0x00E0, 0x00E0, 0x00E0, 0x00E0, 0x0101, 0x0101, 0x0102, 0x0102, 0x0103, 0x0124, 0x0145, 0x0166, 0x01A8, 0x01C9, 0x020B,
    0x022D, 0x024F, 0x0270, 0x0271, 0x0273, 0x0274, 0x0275, 0x0276, 0x0277, 0x0278, 0x027A, 0x027A, 0x027C, 0x027D, 0x027E, 0x027F,
    0x0120, 0x0120, 0x0120, 0x0120, 0x0120, 0x0120, 0x0141, 0x0142, 0x0142, 0x0143, 0x0164, 0x0165, 0x01A6, 0x01C8, 0x01E9, 0x022B,
    0x026D, 0x028E, 0x02B0, 0x02B1, 0x02B3, 0x02B4, 0x02B5, 0x02B6, 0x02B7, 0x02B8, 0x02B9, 0x02BA, 0x02BB, 0x02BD, 0x02BE, 0x02BF,
    0x0180, 0x0180, 0x0180, 0x0180, 0x0180, 0x0180, 0x01A1, 0x01A1, 0x01A2, 0x01A3, 0x01C4, 0x01C6, 0x01E7, 0x0208, 0x024A, 0x028C,
    0x02AD, 0x02CF, 0x02F0, 0x02F2, 0x0313, 0x0314, 0x0315, 0x0316, 0x0317, 0x0318, 0x0319, 0x02FA, 0x02FB, 0x02FD, 0x02FE, 0x02FF,
    0x0220, 0x0200, 0x0200, 0x0200, 0x0200, 0x0220, 0x0220, 0x0221, 0x0223, 0x0224, 0x0245, 0x0246, 0x0247, 0x0269, 0x02AB, 0x02ED,
    0x030E, 0x0330, 0x0351, 0x0372, 0x0373, 0x0374, 0x0376, 0x0376, 0x0378, 0x0379, 0x037A, 0x037B, 0x035C, 0x035D, 0x035E, 0x035F,
    0x0260, 0x0260, 0x0260, 0x0260, 0x0260, 0x0280, 0x0280, 0x0280, 0x0282, 0x0283, 0x02A5, 0x02A6, 0x02A7, 0x02A8, 0x02CA, 0x030C,
    0x032E, 0x034F, 0x0371, 0x0392, 0x0393, 0x03B4, 0x03B5, 0x03B6, 0x03B7, 0x03B8, 0x03BA, 0x03BB, 0x03BC, 0x03BD, 0x03BE, 0x03BE,
    0x02C0, 0x02C0, 0x02A0, 0x02A0, 0x02C0, 0x02E0, 0x02E0, 0x02E0, 0x02E1, 0x02E3, 0x02E5, 0x0306, 0x0308, 0x0309, 0x030A, 0x034C,
    0x036D, 0x038F, 0x03B0, 0x03B2, 0x03D3, 0x03F4, 0x03F5, 0x03F6, 0x03F7, 0x03F8, 0x03FA, 0x03FA, 0x03FB, 0x041D, 0x041E, 0x041E,
    0x0340, 0x0320, 0x0320, 0x0320, 0x0320, 0x0340, 0x0340, 0x0340, 0x0340, 0x0343, 0x0365, 0x0366, 0x0368, 0x0369, 0x036A, 0x038C,
    0x03AD, 0x03CF, 0x03F0, 0x03F2, 0x0413, 0x0414, 0x0435, 0x0436, 0x0437, 0x0458, 0x0459, 0x045A, 0x045B, 0x045D, 0x045E, 0x047E,
    0x03A0, 0x0380, 0x0380, 0x0380, 0x0380, 0x03A0, 0x03A0, 0x03A0, 0x03A0, 0x03A1, 0x03C4, 0x03C6, 0x03C7, 0x03C9, 0x03CA, 0x03EC,
    0x03ED, 0x040F, 0x0430, 0x0431, 0x0453, 0x0454, 0x0455, 0x0476, 0x0477, 0x0498, 0x0499, 0x049A, 0x049B, 0x049D, 0x04BE, 0x04BF,
    0x0400, 0x0400, 0x03E0, 0x03E0, 0x03E0, 0x0400, 0x0400, 0x0400, 0x03E0, 0x0400, 0x0423, 0x0425, 0x0427, 0x0429, 0x042A, 0x044C,
    0x044D, 0x044E, 0x0470, 0x0471, 0x0493, 0x0494, 0x0495, 0x04B6, 0x04B7, 0x04D8, 0x04D9, 0x04FA, 0x04FB, 0x04FD, 0x04FE, 0x051E,
    0x04A0, 0x04A0, 0x0480, 0x0480, 0x0480, 0x04A0, 0x04A0, 0x04A0, 0x0480, 0x04A0, 0x04C3, 0x04C6, 0x04A8, 0x04A9, 0x04AB, 0x04CC,
    0x04CE, 0x04CF, 0x04D0, 0x04D2, 0x04F3, 0x04F4, 0x04F5, 0x04F6, 0x04F7, 0x0518, 0x0519, 0x053A, 0x053B, 0x053D, 0x055E, 0x055E,
    0x0500, 0x0500, 0x04E0, 0x04E0, 0x04E0, 0x0500, 0x0500, 0x0500, 0x0500, 0x0500, 0x0502, 0x0505, 0x0507, 0x0509, 0x050B, 0x052C,
    0x052E, 0x050F, 0x0510, 0x0532, 0x0533, 0x0534, 0x0535, 0x0536, 0x0537, 0x0558, 0x055A, 0x057A, 0x057C, 0x057D, 0x059E, 0x05BE,
    0x0520, 0x0520, 0x0520, 0x0520, 0x0520, 0x0540, 0x0540, 0x0520, 0x0520, 0x0540, 0x0541, 0x0544, 0x0547, 0x0548, 0x054A, 0x054C,
    0x054D, 0x054F, 0x0550, 0x0551, 0x0553, 0x0574, 0x0575, 0x0576, 0x0577, 0x0578, 0x059A, 0x059A, 0x05BC, 0x05BD, 0x05DE, 0x05FE,
    0x0560, 0x0560, 0x0560, 0x0560, 0x0560, 0x0560, 0x0560, 0x0560, 0x0560, 0x0560, 0x0580, 0x0583, 0x0587, 0x0569, 0x058A, 0x058C,
    0x058D, 0x058E, 0x058F, 0x0591, 0x0592, 0x0594, 0x05B5, 0x05B6, 0x05B7, 0x05B8, 0x05DA, 0x05DA, 0x05FC, 0x05FD, 0x061E, 0x063E,
    0x05A0, 0x05A0, 0x05A0, 0x05A0, 0x05A0, 0x05A0, 0x05A0, 0x05A0, 0x05A0, 0x05A0, 0x05C0, 0x05C2, 0x05C6, 0x05C8, 0x05CA, 0x05CC,
    0x05CD, 0x05CE, 0x05D0, 0x05D1, 0x05D2, 0x05D3, 0x05D5, 0x05F6, 0x05F7, 0x0618, 0x0619, 0x061A, 0x063B, 0x063D, 0x065E, 0x067E,
    0x0600, 0x0600, 0x05E0, 0x05E0, 0x05E0, 0x0600, 0x0600, 0x05E0, 0x05E0, 0x05E0, 0x0600, 0x0602, 0x0605, 0x0608, 0x05EA, 0x060C,
    0x060D, 0x060E, 0x060F, 0x0611, 0x0612, 0x0613, 0x0614, 0x0616, 0x0637, 0x0638, 0x0659, 0x065A, 0x067C, 0x067D, 0x069E, 0x06BE,
    0x0640, 0x0640, 0x0640, 0x0620, 0x0640, 0x0640, 0x0640, 0x0640, 0x0640, 0x0640, 0x0641, 0x0643, 0x0646, 0x0648, 0x064B, 0x064D,
    0x064E, 0x064F, 0x0650, 0x0651, 0x0672, 0x0673, 0x0654, 0x0656, 0x0677, 0x0678, 0x0699, 0x069A, 0x06BC, 0x06BD, 0x06DE, 0x06FE,
    0x06C0, 0x06C0, 0x06A0, 0x06A0, 0x06A0, 0x06C0, 0x06A0, 0x06A0, 0x06A0, 0x06A1, 0x06A4, 0x06A6, 0x06A8, 0x06AA, 0x06AC, 0x06AE,
    0x06AF, 0x06B0, 0x06B1, 0x06B1, 0x06B3, 0x06B4, 0x06B5, 0x06B6, 0x06B7, 0x06B8, 0x06D9, 0x06DA, 0x06FC, 0x071D, 0x071E, 0x073F,
    0x06E0, 0x06E0, 0x06E0, 0x06E0, 0x06E0, 0x06E0, 0x06E0, 0x06E0, 0x06C0, 0x06E2, 0x06E4, 0x06E6, 0x06E8, 0x06E9, 0x06EC, 0x06EE,
    0x06EF, 0x06F0, 0x06D0, 0x06F1, 0x06F3, 0x06F4, 0x06F5, 0x06F6, 0x06F7, 0x06F8, 0x06F9, 0x071A, 0x073C, 0x073D, 0x075E, 0x075E,
    0x0720, 0x0720, 0x0720, 0x0720, 0x0720, 0x0720, 0x0720, 0x0720, 0x0721, 0x0724, 0x0726, 0x0727, 0x0728, 0x072A, 0x072B, 0x072E,
    0x072F, 0x0730, 0x0731, 0x0732, 0x0733, 0x0734, 0x0734, 0x0736, 0x0737, 0x0738, 0x0759, 0x075A, 0x077C, 0x079D, 0x079E, 0x079E,
    0x0760, 0x0760, 0x0760, 0x0760, 0x0760, 0x0761, 0x0762, 0x0762, 0x0764, 0x0766, 0x0767, 0x0769, 0x076A, 0x076B, 0x076C, 0x076D,
    0x076F, 0x0771, 0x0771, 0x0772, 0x0773, 0x0774, 0x0775, 0x0796, 0x0797, 0x0798, 0x0799, 0x079A, 0x079B, 0x07BD, 0x07DE, 0x07DF,
    0x07A1, 0x07A1, 0x07A1, 0x07A1, 0x07A2, 0x07A4, 0x07A5, 0x07A6, 0x07A6, 0x07A8, 0x07A9, 0x07AA, 0x07AB, 0x07AC, 0x07AC, 0x07AE,
    0x07B0, 0x07B1, 0x07B2, 0x07B3, 0x07B4, 0x07B4, 0x07B5, 0x07D6, 0x07D7, 0x07D8, 0x07D9, 0x07DA, 0x07DB, 0x07DD, 0x07FE, 0x07FE,
    0x07E6, 0x07E6, 0x07E6, 0x07E6, 0x07E7, 0x07E8, 0x07E8, 0x07E8, 0x07E9, 0x07CA, 0x07EB, 0x07EB, 0x07CC, 0x07ED, 0x07EE, 0x07EF,
    0x07F0, 0x07F1, 0x07D2, 0x07D3, 0x07F4, 0x07F5, 0x07F5, 0x07D6, 0x07F7, 0x07F8, 0x07F9, 0x07DA, 0x07DB, 0x07FD, 0x07FE, 0x07FE,
    0x0841, 0x0841, 0x0841, 0x0841, 0x0841, 0x0841, 0x0841, 0x0042, 0x0042, 0x0043, 0x0044, 0x0045, 0x0046, 0x0048, 0x0049, 0x004B,
    0x002D, 0x002F, 0x0030, 0x0032, 0x0033, 0x0034, 0x0035, 0x0036, 0x0037, 0x0038, 0x001A, 0x003B, 0x003C, 0x003D, 0x001E, 0x001E,
    0x0841, 0x0841, 0x0841, 0x0841, 0x0841, 0x0841, 0x0041, 0x0042, 0x0042, 0x0043, 0x0044, 0x0045, 0x0046, 0x0048, 0x0049, 0x004B,
    0x004D, 0x004E, 0x0030, 0x0031, 0x0033, 0x0034, 0x0035, 0x0036, 0x0037, 0x0038, 0x003A, 0x003A, 0x003C, 0x003D, 0x003E, 0x003E,
    0x0841, 0x0841, 0x0841, 0x0841, 0x0841, 0x0841, 0x0841, 0x0042, 0x0042, 0x0043, 0x0044, 0x0045, 0x0046, 0x0048, 0x0049, 0x004B,
    0x004D, 0x004E, 0x0050, 0x0051, 0x0053, 0x0054, 0x0055, 0x0056, 0x0077, 0x0078, 0x0059, 0x007A, 0x007C, 0x007D, 0x007E, 0x005F,
    0x0841, 0x0841, 0x0841, 0x0841, 0x0841, 0x0841, 0x0841, 0x0042, 0x0042, 0x0043, 0x0044, 0x0065, 0x0066, 0x0068, 0x0069, 0x006B,
    0x006D, 0x008E, 0x0090, 0x0091, 0x0093, 0x0094, 0x0095, 0x0096, 0x0097, 0x0098, 0x0099, 0x009A, 0x009C, 0x009D, 0x009E, 0x009F,
    0x0841, 0x0841, 0x0841, 0x0841, 0x0841, 0x0041, 0x0041, 0x0062, 0x0062, 0x0062, 0x0064, 0x0065, 0x0066, 0x0087, 0x0089, 0x00AB,
    0x00AD, 0x00AF, 0x00B0, 0x00D1, 0x00D3, 0x00D4, 0x00D5, 0x00D6, 0x00D7, 0x00D8, 0x00D9, 0x00DA, 0x00DB, 0x00DD, 0x00FE, 0x00DE,
    0x0841, 0x0841, 0x0841, 0x0841, 0x0861, 0x0861, 0x0061, 0x0062, 0x0062, 0x0062, 0x0084, 0x0085, 0x0086, 0x00A7, 0x00A9, 0x00CB,
    0x00ED, 0x00EF, 0x00F0, 0x0111, 0x0113, 0x0114, 0x0115, 0x0116, 0x0117, 0x0118, 0x0119, 0x011A, 0x011C, 0x011D, 0x011E, 0x011E,
    0x0861, 0x0861, 0x0861, 0x0861, 0x0861, 0x0861, 0x0061, 0x0062, 0x0082, 0x0083, 0x00A4, 0x00A5, 0x00C6, 0x00C8, 0x00E9, 0x010B,
    0x012D, 0x012F, 0x0130, 0x0152, 0x0153, 0x0154, 0x0155, 0x0156, 0x0157, 0x0158, 0x015A, 0x015B, 0x015C, 0x015D, 0x015E, 0x015F,
    0x0080, 0x0081, 0x0081, 0x0081, 0x0081, 0x0081, 0x0081, 0x0082, 0x0082, 0x00A3, 0x00C4, 0x00E5, 0x0106, 0x0108, 0x0129, 0x014B,
    0x016D, 0x016F, 0x0191, 0x0192, 0x0193, 0x0194, 0x0196, 0x0196, 0x0197, 0x0199, 0x019A, 0x019B, 0x019C, 0x019D, 0x019E, 0x01BF,
    0x00A1, 0x0081, 0x00A1, 0x00A1, 0x00A1, 0x00A1, 0x00A1, 0x00A2, 0x00A2, 0x00C3, 0x00C4, 0x0105, 0x0126, 0x0148, 0x0169, 0x018B,
    0x01AD, 0x01CF, 0x01D0, 0x01D2, 0x01D3, 0x01D4, 0x01D5, 0x01D6, 0x01D7, 0x01D8, 0x01DA, 0x01DA, 0x01DB, 0x01DD, 0x01DE, 0x01FF,
    0x00A0, 0x00C0, 0x00C1, 0x00C1, 0x00A1, 0x00C1, 0x00C1, 0x00C2, 0x00C2, 0x00C3, 0x00E4, 0x0125, 0x0146, 0x0188, 0x0189, 0x01CB,
    0x01ED, 0x020F, 0x0210, 0x0212, 0x0213, 0x0214, 0x0215, 0x0216, 0x0217, 0x0218, 0x021A, 0x021A, 0x021C, 0x021D, 0x023E, 0x023F,
    0x00E0, 0x00E0, 0x00E0, 0x00E0, 0x00E1, 0x0101, 0x0101, 0x0102, 0x0102, 0x0103, 0x0124, 0x0145, 0x0166, 0x01A8, 0x01C9, 0x020B,
    0x022D, 0x024F, 0x0250, 0x0271, 0x0273, 0x0274, 0x0275, 0x0276, 0x0277, 0x0278, 0x027A, 0x027A, 0x027C, 0x027D, 0x027E, 0x027E,
    0x0120, 0x0120, 0x0120, 0x0120, 0x0120, 0x0140, 0x0141, 0x0142, 0x0142, 0x0143, 0x0164, 0x0185, 0x01A6, 0x01C8, 0x0209, 0x024B,
    0x026D, 0x028E, 0x02B0, 0x02B1, 0x02B3, 0x02B4, 0x02B5, 0x02B6, 0x02B7, 0x02B8, 0x02B9, 0x02BA, 0x02BB, 0x02BD, 0x02BE, 0x02BE,
    0x0180, 0x0180, 0x0180, 0x0180, 0x0180, 0x01A0, 0x01A1, 0x01A1, 0x01A3, 0x01A3, 0x01A4, 0x01C6, 0x01E7, 0x0208, 0x024A, 0x028C,
    0x02AD, 0x02CF, 0x02F0, 0x02F2, 0x0313, 0x0314, 0x0315, 0x02F6, 0x02F7, 0x02F8, 0x02F9, 0x02FA, 0x02FB, 0x02FD, 0x02FE, 0x02FF,
    0x0220, 0x0200, 0x0200, 0x0200, 0x0200, 0x0220, 0x0220, 0x0221, 0x0223, 0x0224, 0x0245, 0x0246, 0x0247, 0x0269, 0x02AB, 0x02ED,
    0x030E, 0x0330, 0x0351, 0x0372, 0x0373, 0x0374, 0x0376, 0x0356, 0x0357, 0x0359, 0x035A, 0x035B, 0x035C, 0x035D, 0x035E, 0x035F,
    0x0260, 0x0260, 0x0260, 0x0260, 0x0260, 0x0280, 0x0280, 0x0280, 0x0282, 0x0283, 0x02A5, 0x02A6, 0x02A7, 0x02A8, 0x02CA, 0x030C,
    0x032E, 0x034F, 0x0371, 0x0392, 0x0393, 0x03B4, 0x03B5, 0x03B6, 0x03B7, 0x03B9, 0x03BA, 0x03BB, 0x03BC, 0x03BD, 0x03BE, 0x03BE,
    0x02C0, 0x02C0, 0x02C0, 0x02A0, 0x02C0, 0x02E0, 0x02E0, 0x02E0, 0x02E1, 0x02E3, 0x0305, 0x0306, 0x0308, 0x0309, 0x030A, 0x034C,
    0x036E, 0x038F, 0x03B0, 0x03B2, 0x03D3, 0x03F4, 0x03F5, 0x03F6, 0x03F7, 0x03F8, 0x03F9, 0x03FB, 0x03FC, 0x03FD, 0x041E, 0x041E,
    0x0340, 0x0320, 0x0320, 0x0320, 0x0320, 0x0340, 0x0340, 0x0340, 0x0340, 0x0342, 0x0364, 0x0366, 0x0368, 0x0369, 0x036A, 0x038C,
    0x03AE, 0x03CF, 0x03F0, 0x03F1, 0x0413, 0x0414, 0x0435, 0x0436, 0x0437, 0x0438, 0x0439, 0x045A, 0x045C, 0x045D, 0x045E, 0x045E,
    0x03A0, 0x03A0, 0x0380, 0x0380, 0x0380, 0x03A0, 0x03A0, 0x03A0, 0x03A0, 0x03A1, 0x03C4, 0x03C6, 0x03C7, 0x03C9, 0x03CA, 0x03EC,
    0x03ED, 0x040F, 0x0430, 0x0431, 0x0453, 0x0454, 0x0475, 0x0476, 0x0477, 0x0498, 0x0499, 0x049A, 0x049C, 0x049D, 0x049E, 0x04BE,
    0x0400, 0x0400, 0x03E0, 0x03E0, 0x03E0, 0x0400, 0x0400, 0x0400, 0x0400, 0x0400, 0x0423, 0x0425, 0x0427, 0x0429, 0x042A, 0x044C,
    0x044D, 0x044F, 0x0470, 0x0471, 0x0493, 0x0494, 0x04B5, 0x04B6, 0x04B7, 0x04D8, 0x04D9, 0x04FA, 0x04FB, 0x04FD, 0x04FE, 0x051F,
    0x04A0, 0x04A0, 0x0480, 0x0480, 0x0480, 0x04A0, 0x04A0, 0x04A0, 0x04A0, 0x04A0, 0x04C3, 0x04A5, 0x04A8, 0x04A9, 0x04AB, 0x04CC,
    0x04CE, 0x04CF, 0x04D0, 0x04D2, 0x04F3, 0x04F4, 0x04F5, 0x04F6, 0x04F7, 0x0518, 0x051A, 0x053A, 0x053B, 0x053D, 0x055E, 0x055F,
    0x0500, 0x0500, 0x04E0, 0x04E0, 0x04E0, 0x0500, 0x0500, 0x0500, 0x0500, 0x0500, 0x0502, 0x0505, 0x0508, 0x0509, 0x050B, 0x052C,
    0x052E, 0x050F, 0x0510, 0x0531, 0x0533, 0x0534, 0x0535, 0x0536, 0x0537, 0x0558, 0x055A, 0x055A, 0x057C, 0x057D, 0x059E, 0x05BE,
    0x0540, 0x0520, 0x0520, 0x0520, 0x0520, 0x0540, 0x0540, 0x0520, 0x0520, 0x0540, 0x0541, 0x0544, 0x0547, 0x0549, 0x054B, 0x054C,
    0x054D, 0x054F, 0x0550, 0x0551, 0x0573, 0x0574, 0x0575, 0x0576, 0x0577, 0x0598, 0x0599, 0x059A, 0x05BC, 0x05BD, 0x05DE, 0x05FE,
    0x0580, 0x0560, 0x0560, 0x0560, 0x0560, 0x0580, 0x0560, 0x0560, 0x0560, 0x0560, 0x0580, 0x0583, 0x0586, 0x0569, 0x058A, 0x058C,
    0x058D, 0x058E, 0x058F, 0x0591, 0x0592, 0x05B4, 0x05B5, 0x05B6, 0x05B7, 0x05B8, 0x05DA, 0x05FA, 0x05FC, 0x05FD, 0x061E, 0x063F,
    0x05C0, 0x05A0, 0x05A0, 0x05A0, 0x05A0, 0x05C0, 0x05A0, 0x05A0, 0x05A0, 0x05A0, 0x05C0, 0x05C2, 0x05C6, 0x05C9, 0x05CB, 0x05CC,
    0x05CD, 0x05CE, 0x05CF, 0x05D1, 0x05D2, 0x05D3, 0x05D5, 0x05F6, 0x05F7, 0x05F8, 0x0619, 0x061A, 0x063B, 0x063D, 0x065E, 0x067E,
    0x0600, 0x05E0, 0x05E0, 0x05E0, 0x05E0, 0x0600, 0x0600, 0x05E0, 0x05E0, 0x05E0, 0x0600, 0x0602, 0x0605, 0x0608, 0x060B, 0x060C,
    0x060D, 0x060E, 0x060F, 0x0611, 0x0612, 0x0613, 0x0614, 0x0616, 0x0637, 0x0638, 0x0659, 0x065A, 0x067B, 0x067D, 0x069E, 0x06BE,
    0x0640, 0x0640, 0x0640, 0x0640, 0x0640, 0x0640, 0x0640, 0x0640, 0x0640, 0x0640, 0x0642, 0x0644, 0x0646, 0x0649, 0x064B, 0x064D,
    0x064E, 0x064F, 0x0650, 0x0651, 0x0672, 0x0673, 0x0674, 0x0656, 0x0677, 0x0678, 0x0699, 0x069A, 0x06BC, 0x06BD, 0x06DE, 0x06FE,
    0x06C0, 0x06C0, 0x06A0, 0x06A0, 0x06A0, 0x06C0, 0x06A0, 0x06A0, 0x06A0, 0x06A1, 0x06A4, 0x06A6, 0x06A8, 0x06AA, 0x06AC, 0x06AE,
    0x06AF, 0x06B0, 0x06B1, 0x06B2, 0x06B3, 0x06B4, 0x06B5, 0x06B6, 0x06B7, 0x06B8, 0x06D9, 0x06FB, 0x06FC, 0x071D, 0x071E, 0x073F,
    0x06E0, 0x06E0, 0x06E0, 0x06E0, 0x06E0, 0x06E0, 0x06E0, 0x06E0, 0x06E0, 0x06E2, 0x06E5, 0x06E7, 0x06E8, 0x06E9, 0x06EC, 0x06EE,
    0x06EF, 0x06F0, 0x06F1, 0x06F2, 0x06F3, 0x06F4, 0x06F5, 0x06F6, 0x06F7, 0x06F8, 0x06F9, 0x071A, 0x073B, 0x073D, 0x075E, 0x075F,
    0x0720, 0x0720, 0x0720, 0x0720, 0x0720, 0x0720, 0x0720, 0x0720, 0x0722, 0x0724, 0x0726, 0x0728, 0x0729, 0x072A, 0x072C, 0x072D,
    0x072F, 0x0730, 0x0731, 0x0732, 0x0733, 0x0734, 0x0735, 0x0736, 0x0737, 0x0738, 0x0739, 0x075A, 0x077C, 0x077D, 0x079E, 0x079F,
    0x0760, 0x0760, 0x0760, 0x0760, 0x0760, 0x0761, 0x0762, 0x0763, 0x0764, 0x0766, 0x0768, 0x0769, 0x076A, 0x076A, 0x076C, 0x076E,
    0x076F, 0x0771, 0x0771, 0x0772, 0x0773, 0x0774, 0x0775, 0x0776, 0x0797, 0x0798, 0x0799, 0x079A, 0x079B, 0x07BD, 0x07DE, 0x07DF,
    0x07A1, 0x07A1, 0x07A1, 0x07A1, 0x07A2, 0x07A4, 0x07A5, 0x07A6, 0x07A7, 0x07A8, 0x07A9, 0x07AA, 0x07AB, 0x07AB, 0x07AC, 0x07AE,
    0x07B0, 0x07B1, 0x07B2, 0x07B3, 0x07B3, 0x07B4, 0x07B5, 0x07D6, 0x07D7, 0x07D8, 0x07D9, 0x07DA, 0x07DB, 0x07DC, 0x07FE, 0x07FF,
    0x07E7, 0x07E6, 0x07E6, 0x07E6, 0x07E7, 0x07E8, 0x07E8, 0x07E8, 0x07E9, 0x07EA, 0x07CB, 0x07EB, 0x07EC, 0x07ED, 0x07EE, 0x07EF,
    0x07F0, 0x07D1, 0x07F2, 0x07F3, 0x07F4, 0x07F5, 0x07D5, 0x07F6, 0x07F7, 0x07F8, 0x07F9, 0x07DA, 0x07FB, 0x07FC, 0x07FE, 0x07FE,
    0x0841, 0x0841, 0x0841, 0x0841, 0x0841, 0x0841, 0x0841, 0x0842, 0x0042, 0x0042, 0x0044, 0x0045, 0x0046, 0x0048, 0x0029, 0x002B,
    0x002D, 0x002F, 0x0030, 0x0012, 0x0013, 0x0014, 0x0015, 0x0016, 0x0017, 0x0018, 0x001A, 0x001B, 0x001C, 0x001D, 0x001E, 0x001E,
    0x0841, 0x0841, 0x0841, 0x0841, 0x0841, 0x0841, 0x0841, 0x0042, 0x0042, 0x0043, 0x0044, 0x0045, 0x0046, 0x0047, 0x0049, 0x002B,
    0x002D, 0x002F, 0x0030, 0x0031, 0x0033, 0x0034, 0x0035, 0x0036, 0x0037, 0x0018, 0x001A, 0x001A, 0x001C, 0x001D, 0x001E, 0x001F,
    0x0841, 0x0841, 0x0841, 0x0841, 0x0841, 0x0841, 0x0841, 0x0042, 0x0042, 0x0043, 0x0044, 0x0045, 0x0046, 0x0047, 0x0049, 0x004B,
    0x004D, 0x004F, 0x0030, 0x0031, 0x0033, 0x0034, 0x0035, 0x0036, 0x0037, 0x0038, 0x0039, 0x003A, 0x003C, 0x003D, 0x003E, 0x003F,
    0x0841, 0x0841, 0x0841, 0x0841, 0x0841, 0x0841, 0x0841, 0x0042, 0x0042, 0x0043, 0x0044, 0x0045, 0x0046, 0x0048, 0x0049, 0x004B,
    0x004D, 0x004F, 0x0050, 0x0051, 0x0053, 0x0074, 0x0075, 0x0076, 0x0077, 0x0078, 0x0079, 0x007A, 0x007C, 0x007D, 0x007E, 0x007E,
    0x0841, 0x0841, 0x0841, 0x0841, 0x0841, 0x0841, 0x0841, 0x0842, 0x0042, 0x0043, 0x0064, 0x0065, 0x0066, 0x0068, 0x0069, 0x008B,
    0x008D, 0x008E, 0x0090, 0x0091, 0x00B3, 0x00B4, 0x00B5, 0x00B6, 0x00B7, 0x00B8, 0x00B9, 0x00BA, 0x00BB, 0x00BD, 0x00BE, 0x00BE,
    0x0841, 0x0841, 0x0841, 0x0841, 0x0861, 0x0861, 0x0861, 0x0062, 0x0062, 0x0062, 0x0064, 0x0085, 0x0086, 0x0087, 0x00A9, 0x00AB,
    0x00CD, 0x00CE, 0x00D0, 0x00D1, 0x00F3, 0x00F4, 0x00F5, 0x00F6, 0x00F7, 0x00F8, 0x00F9, 0x00FB, 0x00FC, 0x00FD, 0x00FE, 0x00FE,
    0x0861, 0x0861, 0x0861, 0x0861, 0x0861, 0x0861, 0x0861, 0x0062, 0x0062, 0x0083, 0x00A4, 0x00A5, 0x00C6, 0x00C8, 0x00E9, 0x00EB,
    0x010D, 0x010F, 0x0110, 0x0132, 0x0133, 0x0134, 0x0136, 0x0136, 0x0137, 0x0138, 0x013A, 0x013B, 0x013C, 0x015D, 0x015E, 0x015F,
    0x0081, 0x0081, 0x0081, 0x0081, 0x0081, 0x0081, 0x0081, 0x0082, 0x0082, 0x00A3, 0x00C4, 0x00C5, 0x00E6, 0x0108, 0x012A, 0x014B,
    0x014D, 0x016F, 0x0170, 0x0172, 0x0173, 0x0174, 0x0176, 0x0196, 0x0197, 0x0179, 0x017A, 0x019B, 0x019C, 0x019D, 0x019E, 0x019F,
    0x00A0, 0x0081, 0x00A1, 0x00A1, 0x00A1, 0x00A1, 0x00A1, 0x00A2, 0x00A2, 0x00C3, 0x00C4, 0x00E5, 0x0126, 0x0148, 0x0149, 0x018B,
    0x018D, 0x01AF, 0x01B0, 0x01B2, 0x01B3, 0x01D4, 0x01D5, 0x01D6, 0x01D7, 0x01D8, 0x01BA, 0x01DA, 0x01DB, 0x01DD, 0x01DE, 0x01DE,
    0x00A0, 0x00A0, 0x00A1, 0x00A1, 0x00A1, 0x00C1, 0x00C1, 0x00C2, 0x00C2, 0x00C3, 0x00E4, 0x0125, 0x0146, 0x0168, 0x0189, 0x01CB,
    0x01ED, 0x01EF, 0x0210, 0x0212, 0x0213, 0x0214, 0x0215, 0x0216, 0x0217, 0x0218, 0x021A, 0x021A, 0x021C, 0x021D, 0x021E, 0x021F,
    0x00E0, 0x00E0, 0x00E0, 0x00E1, 0x00E1, 0x0101, 0x0101, 0x0102, 0x0102, 0x0103, 0x0124, 0x0145, 0x0166, 0x01A8, 0x01C9, 0x020B,
    0x022D, 0x024F, 0x0250, 0x0251, 0x0253, 0x0274, 0x0255, 0x0256, 0x0257, 0x0258, 0x025A, 0x025A, 0x025C, 0x025D, 0x025E, 0x025E,
    0x0120, 0x0120, 0x0120, 0x0120, 0x0120, 0x0140, 0x0141, 0x0142, 0x0142, 0x0143, 0x0164, 0x0185, 0x01A6, 0x01C8, 0x01E9, 0x022B,
    0x026D, 0x028F, 0x0290, 0x02B1, 0x02B3, 0x02B4, 0x02B5, 0x02B6, 0x02B7, 0x02B8, 0x02B9, 0x029A, 0x029C, 0x029D, 0x029E, 0x02BE,
    0x0180, 0x0180, 0x0180, 0x0180, 0x0180, 0x01A0, 0x01A0, 0x01A1, 0x01A2, 0x01A3, 0x01C4, 0x01C6, 0x01E7, 0x0208, 0x024A, 0x028C,
    0x02AD, 0x02CF, 0x02D0, 0x02F2, 0x02F3, 0x0314, 0x02F5, 0x02F6, 0x02F7, 0x02F8, 0x02F9, 0x02FA, 0x02FC, 0x02FD, 0x02FE, 0x02FF,
    0x0220, 0x0220, 0x0200, 0x0200, 0x0200, 0x0220, 0x0220, 0x0221, 0x0222, 0x0224, 0x0245, 0x0246, 0x0247, 0x0269, 0x02AB, 0x02ED,
    0x030E, 0x0330, 0x0351, 0x0352, 0x0373, 0x0374, 0x0356, 0x0356, 0x0357, 0x0358, 0x035A, 0x035B, 0x035C, 0x035D, 0x035E, 0x035F,
    0x0280, 0x0260, 0x0260, 0x0240, 0x0260, 0x0280, 0x0280, 0x0280, 0x0281, 0x0284, 0x02A5, 0x02A6, 0x02A7, 0x02A8, 0x02CA, 0x030C,
    0x032E, 0x034F, 0x0371, 0x0392, 0x0393, 0x03B4, 0x03B5, 0x0396, 0x0397, 0x03B9, 0x03BA, 0x03BB, 0x03BC, 0x039D, 0x039E, 0x039F,
    0x02C0, 0x02C0, 0x02C0, 0x02A0, 0x02C0, 0x02E0, 0x02E0, 0x02E0, 0x02E1, 0x02E3, 0x0305, 0x0306, 0x0307, 0x0309, 0x030A, 0x034C,
    0x036E, 0x038F, 0x03B0, 0x03B1, 0x03D3, 0x03F4, 0x03F5, 0x03F6, 0x03F7, 0x03F8, 0x03F9, 0x03FB, 0x03FC, 0x03FD, 0x03FE, 0x03FE,
    0x0340, 0x0320, 0x0320, 0x0320, 0x0320, 0x0340, 0x0340, 0x0340, 0x0340, 0x0342, 0x0364, 0x0366, 0x0367, 0x0369, 0x036A, 0x038C,
    0x03AE, 0x03CF, 0x03D0, 0x03F1, 0x0413, 0x0414, 0x0435, 0x0436, 0x0437, 0x0438, 0x0439, 0x045A, 0x045C, 0x045D, 0x045E, 0x045E,
    0x03A0, 0x03A0, 0x0380, 0x0380, 0x0380, 0x03A0, 0x03A0, 0x03A0, 0x03A0, 0x03A0, 0x03C4, 0x03E6, 0x03C7, 0x03C8, 0x03CA, 0x03EC,
    0x040D, 0x040F, 0x0430, 0x0431, 0x0453, 0x0454, 0x0475, 0x0476, 0x0477, 0x0478, 0x049A, 0x049A, 0x049C, 0x049D, 0x049E, 0x04BE,
    0x0420, 0x0400, 0x0400, 0x03E0, 0x03E0, 0x0400, 0x0400, 0x0400, 0x0400, 0x0400, 0x0423, 0x0425, 0x0427, 0x0428, 0x042A, 0x044C,
    0x044D, 0x044F, 0x0470, 0x0471, 0x0493, 0x0494, 0x04B5, 0x04B6, 0x04B7, 0x04D8, 0x04DA, 0x04FA, 0x04FB, 0x04FD, 0x04FE, 0x04FF,
    0x04A0, 0x04A0, 0x0480, 0x0480, 0x0480, 0x04A0, 0x04A0, 0x04A0, 0x04A0, 0x04A0, 0x04C3, 0x04A5, 0x04A7, 0x04A9, 0x04CA, 0x04CC,
    0x04CE, 0x04CF, 0x04D0, 0x04D2, 0x04F3, 0x04F4, 0x04F5, 0x04F6, 0x04F7, 0x0518, 0x051A, 0x053A, 0x053B, 0x053D, 0x055E, 0x055F,
    0x0500, 0x0500, 0x04E0, 0x04E0, 0x04E0, 0x0500, 0x0500, 0x0500, 0x0500, 0x0500, 0x0502, 0x0505, 0x0507, 0x0509, 0x050B, 0x052C,
    0x052E, 0x052F, 0x0510, 0x0531, 0x0533, 0x0534, 0x0535, 0x0536, 0x0537, 0x0558, 0x055A, 0x055A, 0x057C, 0x057D, 0x059E, 0x05BE,
    0x0540, 0x0520, 0x0520, 0x0520, 0x0520, 0x0540, 0x0540, 0x0520, 0x0520, 0x0540, 0x0540, 0x0543, 0x0547, 0x0549, 0x054B, 0x054C,
    0x054D, 0x054F, 0x0550, 0x0551, 0x0573, 0x0574, 0x0575, 0x0576, 0x0577, 0x0598, 0x059A, 0x059A, 0x05BC, 0x05BD, 0x05DE, 0x05FE,
    0x0580, 0x0560, 0x0560, 0x0560, 0x0560, 0x0580, 0x0580, 0x0560, 0x0560, 0x0580, 0x0580, 0x0582, 0x0586, 0x0569, 0x056A, 0x058C,
    0x058D, 0x058E, 0x058F, 0x0591, 0x0592, 0x0594, 0x05B5, 0x05B6, 0x05B7, 0x05D8, 0x05D9, 0x05FA, 0x05FC, 0x05FD, 0x061E, 0x063F,
    0x05C0, 0x05C0, 0x05A0, 0x05A0, 0x05A0, 0x05C0, 0x05A0, 0x05A0, 0x05A0, 0x05C0, 0x05C0, 0x05C2, 0x05C6, 0x05C9, 0x05CA, 0x05CC,
    0x05CD, 0x05CE, 0x05CF, 0x05D1, 0x05D2, 0x05D3, 0x05D5, 0x05F6, 0x05F7, 0x05F8, 0x0619, 0x061A, 0x063B, 0x063D, 0x065E, 0x067E,
    0x0600, 0x05E0, 0x05E0, 0x05E0, 0x05E0, 0x0600, 0x0600, 0x05E0, 0x05E0, 0x0600, 0x0600, 0x0602, 0x0605, 0x05E8, 0x060A, 0x060C,
    0x060D, 0x060E, 0x060F, 0x0611, 0x0612, 0x0613, 0x0614, 0x0636, 0x0637, 0x0638, 0x0659, 0x065A, 0x067B, 0x067D, 0x069E, 0x06BE,
    0x0640, 0x0640, 0x0640, 0x0640, 0x0640, 0x0640, 0x0640, 0x0640, 0x0640, 0x0640, 0x0642, 0x0644, 0x0646, 0x0649, 0x064B, 0x064D,
    0x064E, 0x064F, 0x0650, 0x0651, 0x0672, 0x0673, 0x0675, 0x0676, 0x0677, 0x0678, 0x0699, 0x06BA, 0x06BC, 0x06BD, 0x06DE, 0x06FE,
    0x06C0, 0x06C0, 0x06A0, 0x06A0, 0x06A0, 0x06C0, 0x06A0, 0x06A0, 0x06A0, 0x06A1, 0x06A4, 0x06A6, 0x06A8, 0x06AA, 0x06AC, 0x06AE,
    0x06AF, 0x06B0, 0x06B1, 0x06B2, 0x06B3, 0x06B4, 0x06B5, 0x06B6, 0x06B7, 0x06B8, 0x06DA, 0x06FB, 0x06FC, 0x071D, 0x071E, 0x073E,
    0x06E0, 0x06E0, 0x06E0, 0x06E0, 0x06E0, 0x06E0, 0x06E0, 0x06E0, 0x06E0, 0x06E3, 0x06E5, 0x06E7, 0x06E8, 0x06E9, 0x06EC, 0x06EE,
    0x06EF, 0x06F0, 0x06F1, 0x06F2, 0x06F3, 0x06F4, 0x06F5, 0x06F6, 0x06F7, 0x06F8, 0x06F9, 0x071A, 0x073C, 0x073D, 0x075E, 0x075F,
    0x0720, 0x0720, 0x0720, 0x0720, 0x0720, 0x0720, 0x0720, 0x0720, 0x0722, 0x0724, 0x0726, 0x0728, 0x0729, 0x072A, 0x072C, 0x072D,
    0x072F, 0x0730, 0x0731, 0x0732, 0x0733, 0x0734, 0x0735, 0x0736, 0x0737, 0x0738, 0x0739, 0x075A, 0x077C, 0x077D, 0x079E, 0x079F,
    0x0760, 0x0760, 0x0760, 0x0760, 0x0760, 0x0762, 0x0762, 0x0763, 0x0764, 0x0766, 0x0768, 0x0769, 0x076A, 0x076B, 0x076C, 0x076E,
    0x076F, 0x0770, 0x0771, 0x0772, 0x0773, 0x0774, 0x0775, 0x0776, 0x0797, 0x0798, 0x0799, 0x079A, 0x079B, 0x07BD, 0x07DE, 0x07DF,
    0x07A1, 0x07A1, 0x07A1, 0x07A1, 0x07A3, 0x07A5, 0x07A6, 0x07A6, 0x07A7, 0x07A8, 0x07A9, 0x07AA, 0x07AB, 0x07AB, 0x07AD, 0x07AE,
    0x07AF, 0x07B1, 0x07B2, 0x07B3, 0x07B3, 0x07B4, 0x07B5, 0x07B6, 0x07D7, 0x07D8, 0x07D9, 0x07DA, 0x07DB, 0x07DC, 0x07FE, 0x07FF,
    0x07E7, 0x07C7, 0x07E6, 0x07E6, 0x07E7, 0x07E8, 0x07E9, 0x07E9, 0x07E9, 0x07EA, 0x07CB, 0x07EC, 0x07EC, 0x07ED, 0x07ED, 0x07EE,
    0x07F0, 0x07D1, 0x07F2, 0x07F3, 0x07F4, 0x07F5, 0x07D6, 0x07F6, 0x07F7, 0x07F8, 0x07F9, 0x07FA, 0x07FB, 0x07FC, 0x07FD, 0x07FF,
    0x0841, 0x0841, 0x0841, 0x0841, 0x0841, 0x0841, 0x0841, 0x0842, 0x0842, 0x0843, 0x0044, 0x0045, 0x0046, 0x0028, 0x0029, 0x002B,
    0x002D, 0x000F, 0x0010, 0x0012, 0x0013, 0x0014, 0x0015, 0x0016, 0x0017, 0x0018, 0x001A, 0x001B, 0x001C, 0x001D, 0x001E, 0x001E,
    0x0841, 0x0841, 0x0841, 0x0841, 0x0841, 0x0841, 0x0841, 0x0842, 0x0842, 0x0843, 0x0024, 0x0025, 0x0026, 0x0047, 0x0029, 0x002B,
    0x002D, 0x002F, 0x0010, 0x0011, 0x0013, 0x0014, 0x0015, 0x0016, 0x0017, 0x0018, 0x001A, 0x001B, 0x001C, 0x001D, 0x001E, 0x001F,
    0x0841, 0x0841, 0x0841, 0x0841, 0x0841, 0x0841, 0x0841, 0x0842, 0x0842, 0x0843, 0x0044, 0x0025, 0x0026, 0x0047, 0x0029, 0x002B,
    0x002D, 0x002E, 0x0030, 0x0031, 0x0033, 0x0034, 0x0035, 0x0016, 0x0017, 0x0018, 0x0019, 0x001A, 0x001C, 0x001D, 0x001E, 0x001E,
    0x0841, 0x0841, 0x0841, 0x0841, 0x0841, 0x0841, 0x0841, 0x0842, 0x0842, 0x0043, 0x0044, 0x0045, 0x0046, 0x0048, 0x0049, 0x004B,
    0x004D, 0x004E, 0x0030, 0x0031, 0x0033, 0x0034, 0x0035, 0x0036, 0x0037, 0x0038, 0x0039, 0x003A, 0x003B, 0x003D, 0x003E, 0x003E,
    0x0841, 0x0841, 0x0841, 0x0841, 0x0841, 0x0841, 0x0841, 0x0842, 0x0042, 0x0043, 0x0044, 0x0045, 0x0066, 0x0068, 0x0049, 0x004B,
    0x004D, 0x006E, 0x0050, 0x0051, 0x0053, 0x0074, 0x0075, 0x0076, 0x0077, 0x0078, 0x0079, 0x007B, 0x007B, 0x007D, 0x007E, 0x007E,
    0x0841, 0x0841, 0x0841, 0x0861, 0x0861, 0x0861, 0x0861, 0x0861, 0x0062, 0x0063, 0x0064, 0x0065, 0x0066, 0x0088, 0x0089, 0x008B,
    0x008D, 0x00AE, 0x00B0, 0x00B1, 0x00B2, 0x00B4, 0x00B5, 0x00B6, 0x00B7, 0x00B8, 0x00D9, 0x00BA, 0x00BB, 0x00DD, 0x00DE, 0x00DE,
    0x0861, 0x0861, 0x0861, 0x0861, 0x0861, 0x0861, 0x0861, 0x0862, 0x0082, 0x0083, 0x0084, 0x00A5, 0x00A6, 0x00C8, 0x00C9, 0x00EB,
    0x00ED, 0x00EF, 0x00F0, 0x0112, 0x0113, 0x0114, 0x0116, 0x0116, 0x0117, 0x0118, 0x011A, 0x011B, 0x011C, 0x011D, 0x013E, 0x013E,
    0x0861, 0x0861, 0x0881, 0x0881, 0x0881, 0x0881, 0x0881, 0x0082, 0x0082, 0x00A3, 0x00A4, 0x00C5, 0x00E6, 0x0108, 0x010A, 0x012C,
    0x012D, 0x014F, 0x0150, 0x0152, 0x0153, 0x0155, 0x0176, 0x0156, 0x0157, 0x0178, 0x015A, 0x017B, 0x017C, 0x017D, 0x017E, 0x017E,
    0x0081, 0x0081, 0x0081, 0x00A1, 0x00A1, 0x00A1, 0x00A1, 0x00A2, 0x00A2, 0x00C3, 0x00E4, 0x0105, 0x0126, 0x0128, 0x0149, 0x016B,
    0x018D, 0x018F, 0x01B0, 0x0192, 0x0193, 0x01B4, 0x01B6, 0x01B6, 0x01B7, 0x01B8, 0x01B9, 0x01BB, 0x01BC, 0x01BD, 0x01BE, 0x01BE,
    0x00C1, 0x00A0, 0x00A1, 0x00A1, 0x00C1, 0x00C1, 0x00C1, 0x00C2, 0x00C2, 0x00C3, 0x00E4, 0x0125, 0x0146, 0x0168, 0x0189, 0x01AC,
    0x01CD, 0x01EF, 0x01F0, 0x01F2, 0x01F3, 0x01F4, 0x01F5, 0x01F6, 0x01F8, 0x01F9, 0x01FA, 0x01FA, 0x01FB, 0x01FD, 0x01FE, 0x01FF,
    0x00E0, 0x00E0, 0x00E0, 0x00E0, 0x00E1, 0x0101, 0x0101, 0x0102, 0x0102, 0x0103, 0x0124, 0x0145, 0x0166, 0x0188, 0x01C9, 0x020B,
    0x022D, 0x022F, 0x0250, 0x0252, 0x0253, 0x0254, 0x0255, 0x0236, 0x0237, 0x0238, 0x023A, 0x025A, 0x023C, 0x023D, 0x025E, 0x025F,
    0x0120, 0x0120, 0x0120, 0x0120, 0x0120, 0x0140, 0x0141, 0x0141, 0x0142, 0x0143, 0x0164, 0x0185, 0x0186, 0x01A8, 0x01E9, 0x022B,
    0x026D, 0x026F, 0x0290, 0x0291, 0x02B3, 0x02B4, 0x0295, 0x0296, 0x0297, 0x0298, 0x029A, 0x029B, 0x029C, 0x029D, 0x029E, 0x029F,
    0x0180, 0x0180, 0x0180, 0x0180, 0x0180, 0x01A0, 0x01A0, 0x01A1, 0x01A2, 0x01A3, 0x01C4, 0x01C5, 0x01E7, 0x0208, 0x024A, 0x028C,
    0x02AD, 0x02CF, 0x02D0, 0x02F2, 0x02F3, 0x02F4, 0x02F5, 0x02F6, 0x02F7, 0x02F8, 0x02FA, 0x02DB, 0x02DC, 0x02DD, 0x02DE, 0x02FF,
    0x0220, 0x0200, 0x0200, 0x0200, 0x0200, 0x0220, 0x0220, 0x0221, 0x0222, 0x0223, 0x0245, 0x0246, 0x0247, 0x0269, 0x02AA, 0x02ED,
    0x030E, 0x0330, 0x0331, 0x0352, 0x0353, 0x0354, 0x0355, 0x0356, 0x0357, 0x0358, 0x035A, 0x035A, 0x033C, 0x033D, 0x033E, 0x033F,
    0x0280, 0x0260, 0x0260, 0x0240, 0x0260, 0x0280, 0x0280, 0x0280, 0x0281, 0x0284, 0x02A5, 0x02A6, 0x02A7, 0x02A9, 0x02EA, 0x030C,
    0x032E, 0x034F, 0x0370, 0x0372, 0x0393, 0x03B4, 0x03B5, 0x0396, 0x0397, 0x0398, 0x039A, 0x039A, 0x039C, 0x039D, 0x039E, 0x039E,
    0x02E0, 0x02C0, 0x02C0, 0x02C0, 0x02C0, 0x02E0, 0x02E0, 0x02E0, 0x02E0, 0x02E3, 0x0305, 0x0306, 0x0307, 0x0309, 0x030A, 0x034C,
    0x036E, 0x038F, 0x0390, 0x03B2, 0x03D3, 0x03F4, 0x03F5, 0x03F6, 0x03F7, 0x03F8, 0x03FA, 0x03FA, 0x03FB, 0x03FD, 0x03FE, 0x03FE,
    0x0340, 0x0340, 0x0320, 0x0320, 0x0320, 0x0340, 0x0340, 0x0340, 0x0340, 0x0341, 0x0364, 0x0366, 0x0367, 0x0369, 0x036A, 0x03AC,
    0x03CE, 0x03CF, 0x03D0, 0x03F2, 0x0413, 0x0434, 0x0435, 0x0436, 0x0437, 0x0438, 0x043A, 0x045A, 0x045B, 0x045D, 0x045E, 0x045E,
    0x03A0, 0x03A0, 0x0380, 0x0380, 0x0380, 0x03C0, 0x03C0, 0x03A0, 0x03A0, 0x03A0, 0x03C3, 0x03E6, 0x03C7, 0x03C8, 0x03EA, 0x03EC,
    0x040D, 0x040F, 0x0430, 0x0431, 0x0453, 0x0454, 0x0475, 0x0476, 0x0477, 0x0478, 0x049A, 0x049A, 0x049B, 0x049D, 0x049E, 0x04BF,
    0x0400, 0x0400, 0x0400, 0x03E0, 0x03E0, 0x0400, 0x0400, 0x0400, 0x0400, 0x0400, 0x0423, 0x0445, 0x0427, 0x0428, 0x042A, 0x044C,
    0x044D, 0x044F, 0x0470, 0x0471, 0x0493, 0x0494, 0x0495, 0x04B6, 0x04B7, 0x04B8, 0x04DA, 0x04FB, 0x04FB, 0x04FD, 0x04FE, 0x04FF,
    0x04A0, 0x04A0, 0x0480, 0x0480, 0x0480, 0x04A0, 0x04A0, 0x04A0, 0x04A0, 0x04A0, 0x04A2, 0x04C5, 0x04A7, 0x04A9, 0x04CA, 0x04CC,
    0x04CE, 0x04CF, 0x04D0, 0x04F2, 0x04F3, 0x04F4, 0x04F5, 0x04F6, 0x04F7, 0x0518, 0x051A, 0x053A, 0x053B, 0x053D, 0x055E, 0x055F,
    0x0500, 0x0500, 0x04E0, 0x04E0, 0x04E0, 0x0500, 0x0500, 0x0500, 0x0500, 0x0500, 0x0501, 0x0504, 0x0507, 0x0509, 0x050A, 0x052C,
    0x052E, 0x052F, 0x0530, 0x0531, 0x0533, 0x0534, 0x0535, 0x0536, 0x0537, 0x0558, 0x055A, 0x055A, 0x057C, 0x057D, 0x059E, 0x05BF,
    0x0540, 0x0520, 0x0520, 0x0520, 0x0540, 0x0540, 0x0540, 0x0540, 0x0540, 0x0540, 0x0540, 0x0543, 0x0547, 0x0549, 0x054A, 0x054C,
    0x054D, 0x054E, 0x0550, 0x0551, 0x0573, 0x0574, 0x0575, 0x0576, 0x0577, 0x0578, 0x059A, 0x059A, 0x05BC, 0x05BD, 0x05DE, 0x05FF,
    0x0580, 0x0580, 0x0560, 0x0560, 0x0560, 0x0580, 0x0580, 0x0580, 0x0580, 0x0560, 0x0580, 0x0582, 0x0586, 0x0569, 0x056B, 0x058C,
    0x058D, 0x058E, 0x058F, 0x0591, 0x0592, 0x0594, 0x05B5, 0x05B6, 0x05B7, 0x05B8, 0x05DA, 0x05DB, 0x05FB, 0x05FD, 0x061E, 0x063F,
    0x05C0, 0x05C0, 0x05A0, 0x05A0, 0x05C0, 0x05C0, 0x05C0, 0x05C0, 0x05C0, 0x05C0, 0x05C0, 0x05C2, 0x05C5, 0x05A8, 0x05AA, 0x05CC,
    0x05CD, 0x05CE, 0x05D0, 0x05D1, 0x05D2, 0x05D3, 0x05D5, 0x05F6, 0x05F7, 0x0618, 0x0619, 0x061A, 0x063C, 0x063D, 0x065E, 0x067F,
    0x0600, 0x0600, 0x05E0, 0x05E0, 0x05E0, 0x0600, 0x0600, 0x05E0, 0x05E0, 0x05E0, 0x0600, 0x0602, 0x0605, 0x05E8, 0x05EA, 0x060C,
    0x060D, 0x060E, 0x0610, 0x0611, 0x0612, 0x0633, 0x0614, 0x0636, 0x0637, 0x0658, 0x0659, 0x065A, 0x067C, 0x067D, 0x069E, 0x06BE,
    0x0640, 0x0640, 0x0640, 0x0640, 0x0640, 0x0660, 0x0640, 0x0640, 0x0640, 0x0640, 0x0662, 0x0644, 0x0646, 0x0648, 0x064B, 0x064D,
    0x064E, 0x064F, 0x0650, 0x0651, 0x0672, 0x0674, 0x0674, 0x0676, 0x0677, 0x0678, 0x0699, 0x06BA, 0x06BC, 0x06BD, 0x06DE, 0x06FE,
    0x06C0, 0x06A0, 0x06A0, 0x06A0, 0x06A0, 0x06C0, 0x06A0, 0x06A0, 0x06A0, 0x06A2, 0x06A4, 0x06A6, 0x06A8, 0x06A9, 0x06AC, 0x06AE,
    0x06AF, 0x06B0, 0x06B1, 0x06B2, 0x06B3, 0x06B4, 0x06B5, 0x06B6, 0x06B7, 0x06B8, 0x06D9, 0x06FB, 0x06FC, 0x071D, 0x071E, 0x073E,
    0x06E0, 0x06E0, 0x06E0, 0x06E0, 0x06E0, 0x06E0, 0x06E0, 0x06E0, 0x06E0, 0x06E3, 0x06E5, 0x06E7, 0x06E8, 0x06EA, 0x06EC, 0x06EE,
    0x06EF, 0x06F0, 0x06D1, 0x06F2, 0x06F3, 0x06F4, 0x06F5, 0x06F6, 0x06F7, 0x06F8, 0x06F9, 0x073A, 0x073C, 0x073D, 0x075E, 0x075F,
    0x0720, 0x0720, 0x0720, 0x0720, 0x0720, 0x0720, 0x0720, 0x0720, 0x0722, 0x0725, 0x0727, 0x0728, 0x0729, 0x072A, 0x072C, 0x072E,
    0x072F, 0x0730, 0x0731, 0x0732, 0x0733, 0x0734, 0x0735, 0x0736, 0x0737, 0x0738, 0x0759, 0x075A, 0x077C, 0x079D, 0x079E, 0x079E,
    0x0780, 0x0760, 0x0760, 0x0760, 0x0761, 0x0762, 0x0762, 0x0763, 0x0764, 0x0766, 0x0768, 0x0769, 0x076A, 0x076B, 0x076C, 0x076E,
    0x076F, 0x0771, 0x0771, 0x0772, 0x0773, 0x0774, 0x0775, 0x0796, 0x0797, 0x0798, 0x0799, 0x079A, 0x079B, 0x07BD, 0x07DE, 0x07DE,
    0x07A2, 0x07A1, 0x07A1, 0x07A2, 0x07A3, 0x07A5, 0x07A6, 0x07A6, 0x07A7, 0x07A8, 0x07A9, 0x07AA, 0x07AB, 0x07AC, 0x07AD, 0x07AE,
    0x07AF, 0x07B0, 0x07B2, 0x07B3, 0x07B3, 0x07B4, 0x07B5, 0x07D6, 0x07D7, 0x07D8, 0x07D9, 0x07DA, 0x07DB, 0x07DC, 0x07DE, 0x07FE,
    0x07E7, 0x07E7, 0x07C7, 0x07C7, 0x07E7, 0x07E8, 0x07E9, 0x07E9, 0x07C9, 0x07EA, 0x07EB, 0x07EC, 0x07EC, 0x07ED, 0x07CD, 0x07EF,
    0x07F0, 0x07F1, 0x07F2, 0x07F3, 0x07F4, 0x07F5, 0x07D6, 0x07F6, 0x07F7, 0x07F8, 0x07F9, 0x07FA, 0x07FB, 0x07FD, 0x07FE, 0x07DE,
    0x0841, 0x0841, 0x0841, 0x0841, 0x0841, 0x0841, 0x0841, 0x0842, 0x0842, 0x0843, 0x0844, 0x0045, 0x0026, 0x0027, 0x0029, 0x000B,
    0x000D, 0x000F, 0x0010, 0x0012, 0x0013, 0x0014, 0x0015, 0x0016, 0x0017, 0x0018, 0x001A, 0x001B, 0x001C, 0x001D, 0x001E, 0x001E,
    0x0841, 0x0841, 0x0841, 0x0841, 0x0841, 0x0841, 0x0841, 0x0842, 0x0842, 0x0823, 0x0824, 0x0025, 0x0026, 0x0028, 0x0029, 0x000B,
    0x000D, 0x000F, 0x0010, 0x0011, 0x0013, 0x0014, 0x0015, 0x0016, 0x0017, 0x0018, 0x0019, 0x001A, 0x001C, 0x001D, 0x001E, 0x001E,
    0x0841, 0x0841, 0x0841, 0x0841, 0x0841, 0x0841, 0x0841, 0x0842, 0x0842, 0x0843, 0x0824, 0x0025, 0x0026, 0x0028, 0x0029, 0x002B,
    0x000D, 0x000F, 0x0010, 0x0011, 0x0013, 0x0014, 0x0015, 0x0016, 0x0017, 0x0018, 0x0019, 0x001A, 0x001C, 0x001D, 0x001E, 0x001E,
    0x0841, 0x0841, 0x0841, 0x0841, 0x0841, 0x0841, 0x0841, 0x0842, 0x0842, 0x0843, 0x0044, 0x0045, 0x0046, 0x0028, 0x0029, 0x002B,
    0x002D, 0x002E, 0x0030, 0x0011, 0x0013, 0x0014, 0x0015, 0x0016, 0x0017, 0x0018, 0x001A, 0x001A, 0x001C, 0x001D, 0x001E, 0x001E,
    0x0841, 0x0840, 0x0841, 0x0841, 0x0841, 0x0841, 0x0841, 0x0842, 0x0842, 0x0043, 0x0043, 0x0045, 0x0046, 0x0048, 0x0049, 0x004B,
    0x004D, 0x004E, 0x0030, 0x0031, 0x0033, 0x0034, 0x0035, 0x0036, 0x0037, 0x0038, 0x003A, 0x003B, 0x003C, 0x003D, 0x003E, 0x001F,
    0x0841, 0x0841, 0x0841, 0x0861, 0x0861, 0x0861, 0x0861, 0x0862, 0x0862, 0x0863, 0x0044, 0x0065, 0x0066, 0x0068, 0x0049, 0x006B,
    0x006D, 0x006E, 0x0070, 0x0071, 0x0073, 0x0074, 0x0075, 0x0076, 0x0077, 0x0078, 0x007A, 0x007B, 0x007B, 0x007D, 0x007E, 0x007F,
    0x0861, 0x0861, 0x0861, 0x0861, 0x0861, 0x0861, 0x0861, 0x0862, 0x0862, 0x0083, 0x0084, 0x0085, 0x0087, 0x0088, 0x008A, 0x00AB,
    0x00AD, 0x00CF, 0x00D0, 0x00D2, 0x00D3, 0x00D4, 0x00D6, 0x00D6, 0x00D7, 0x00D8, 0x00DA, 0x00DB, 0x00DC, 0x00DD, 0x00DE, 0x00DF,
    0x0861, 0x0881, 0x0881, 0x0881, 0x0881, 0x0881, 0x0881, 0x0882, 0x0082, 0x00A3, 0x00A4, 0x00C5, 0x00C7, 0x00C8, 0x00EA, 0x00EC,
    0x010D, 0x012F, 0x0131, 0x0132, 0x0133, 0x0134, 0x0136, 0x0136, 0x0137, 0x0139, 0x013A, 0x013B, 0x013C, 0x013D, 0x013E, 0x013F,
    0x0880, 0x0880, 0x0881, 0x08A1, 0x08A1, 0x08A1, 0x00A1, 0x00A2, 0x00A2, 0x00A3, 0x00C4, 0x00E5, 0x0106, 0x0128, 0x012A, 0x014C,
    0x016D, 0x018F, 0x0190, 0x0192, 0x0193, 0x0194, 0x0175, 0x0196, 0x0177, 0x0198, 0x019A, 0x019B, 0x019C, 0x019D, 0x019E, 0x019F,
    0x08C0, 0x08A0, 0x08A0, 0x08A1, 0x00C1, 0x00C1, 0x00C1, 0x00C2, 0x00C2, 0x00C3, 0x00E4, 0x0105, 0x0127, 0x0168, 0x0189, 0x01AC,
    0x01CD, 0x01CF, 0x01D0, 0x01D1, 0x01D3, 0x01F5, 0x01F6, 0x01D7, 0x01D7, 0x01D8, 0x01D9, 0x01DA, 0x01DC, 0x01DD, 0x01DE, 0x01DE,
    0x00E0, 0x00E0, 0x00E0, 0x00E0, 0x00E0, 0x0101, 0x0101, 0x0102, 0x0102, 0x0103, 0x0124, 0x0145, 0x0166, 0x0188, 0x01C9, 0x01EC,
    0x020D, 0x022F, 0x0230, 0x0231, 0x0233, 0x0234, 0x0235, 0x0236, 0x0237, 0x0238, 0x0239, 0x023A, 0x023C, 0x023D, 0x023E, 0x023F,
    0x0120, 0x0120, 0x0120, 0x0120, 0x0120, 0x0140, 0x0141, 0x0141, 0x0142, 0x0143, 0x0164, 0x0165, 0x0186, 0x01C8, 0x01E9, 0x022B,
    0x024D, 0x026F, 0x0270, 0x0271, 0x0293, 0x0294, 0x0295, 0x0296, 0x0277, 0x0278, 0x0279, 0x027A, 0x027C, 0x027D, 0x027E, 0x029F,
    0x0180, 0x0180, 0x0180, 0x0180, 0x0180, 0x01A0, 0x01A0, 0x01A1, 0x01A2, 0x01A3, 0x01C4, 0x01C5, 0x01E6, 0x0208, 0x0229, 0x026C,
    0x02AD, 0x02AF, 0x02D0, 0x02D2, 0x02D3, 0x02F4, 0x02F5, 0x02D6, 0x02D7, 0x02D8, 0x02D9, 0x02DA, 0x02DC, 0x02DD, 0x02DE, 0x02DF,
    0x0200, 0x0200, 0x0200, 0x0200, 0x0200, 0x0220, 0x0220, 0x0220, 0x0222, 0x0223, 0x0245, 0x0246, 0x0267, 0x0269, 0x02AA, 0x02CC,
    0x030E, 0x0310, 0x0331, 0x0332, 0x0353, 0x0355, 0x0335, 0x0356, 0x0337, 0x0338, 0x033A, 0x033B, 0x033C, 0x033D, 0x033E, 0x033E,
    0x0280, 0x0260, 0x0260, 0x0260, 0x0260, 0x0280, 0x0280, 0x0280, 0x0280, 0x0283, 0x02A4, 0x02A6, 0x02A7, 0x02A8, 0x02EA, 0x030C,
    0x032E, 0x034F, 0x0370, 0x0372, 0x0393, 0x03B5, 0x0395, 0x0396, 0x0397, 0x0398, 0x039A, 0x039A, 0x039C, 0x039D, 0x039E, 0x039E,
    0x02E0, 0x02C0, 0x02C0, 0x02C0, 0x02C0, 0x02E0, 0x02E0, 0x02E0, 0x02E0, 0x02E2, 0x0304, 0x0306, 0x0307, 0x0308, 0x032A, 0x034C,
    0x038E, 0x038F, 0x03B0, 0x03B2, 0x03D3, 0x03D4, 0x03D5, 0x03F6, 0x03D7, 0x03D8, 0x03FA, 0x03FB, 0x03FC, 0x03FD, 0x03FE, 0x03FE,
    0x0340, 0x0340, 0x0320, 0x0320, 0x0320, 0x0340, 0x0360, 0x0340, 0x0340, 0x0341, 0x0364, 0x0386, 0x0367, 0x0369, 0x036A, 0x03AC,
    0x03CE, 0x03CF, 0x03F0, 0x03F1, 0x0413, 0x0414, 0x0415, 0x0436, 0x0437, 0x0438, 0x043A, 0x043B, 0x043C, 0x043D, 0x045E, 0x045F,
    0x03C0, 0x03A0, 0x03A0, 0x0380, 0x0380, 0x03C0, 0x03C0, 0x03A0, 0x03A0, 0x03A0, 0x03C3, 0x03E6, 0x03C7, 0x03C8, 0x03CA, 0x03EC,
    0x040E, 0x040F, 0x0430, 0x0431, 0x0453, 0x0454, 0x0455, 0x0476, 0x0477, 0x0478, 0x049A, 0x049A, 0x049B, 0x049D, 0x049E, 0x049F,
    0x0420, 0x0400, 0x03E0, 0x03E0, 0x03E0, 0x0400, 0x0400, 0x0400, 0x0400, 0x0400, 0x0422, 0x0425, 0x0427, 0x0428, 0x042A, 0x044C,
    0x044D, 0x044E, 0x0470, 0x0471, 0x0493, 0x0494, 0x0495, 0x0496, 0x04B7, 0x04D8, 0x04DA, 0x04DB, 0x04DB, 0x04DD, 0x04FE, 0x04FE,
    0x04A0, 0x04A0, 0x0480, 0x0480, 0x0480, 0x04A0, 0x04A0, 0x04A0, 0x04A0, 0x04A0, 0x04A2, 0x04A4, 0x04A7, 0x04A9, 0x04AA, 0x04CC,
    0x04CE, 0x04CF, 0x04D0, 0x04D2, 0x04F3, 0x04F4, 0x04F5, 0x04F6, 0x04F7, 0x0519, 0x051A, 0x053A, 0x053B, 0x053D, 0x055E, 0x055E,
    0x0500, 0x0500, 0x04E0, 0x04E0, 0x04E0, 0x0500, 0x0500, 0x0500, 0x0500, 0x0500, 0x0520, 0x0504, 0x0507, 0x0509, 0x050A, 0x052C,
    0x052D, 0x052F, 0x0510, 0x0531, 0x0533, 0x0534, 0x0535, 0x0536, 0x0557, 0x0558, 0x0559, 0x057A, 0x057B, 0x057D, 0x059E, 0x059F,
    0x0540, 0x0540, 0x0520, 0x0520, 0x0520, 0x0540, 0x0540, 0x0540, 0x0540, 0x0540, 0x0540, 0x0543, 0x0546, 0x0549, 0x054A, 0x054C,
    0x054D, 0x054E, 0x0550, 0x0551, 0x0573, 0x0574, 0x0575, 0x0576, 0x0577, 0x0598, 0x0599, 0x059A, 0x05BC, 0x05BD, 0x05DE, 0x05FF,
    0x0580, 0x0560, 0x0560, 0x0560, 0x0560, 0x0580, 0x0580, 0x0580, 0x0580, 0x0580, 0x0580, 0x0582, 0x0586, 0x0588, 0x058A, 0x058C,
    0x058D, 0x058E, 0x0590, 0x0591, 0x0592, 0x05B4, 0x05B5, 0x05B6, 0x05B7, 0x05B8, 0x05D9, 0x05DA, 0x05FC, 0x05FD, 0x061E, 0x063E,
    0x05C0, 0x05C0, 0x05A0, 0x05A0, 0x05A0, 0x05C0, 0x05C0, 0x05A0, 0x05A0, 0x05A0, 0x05C0, 0x05C2, 0x05C5, 0x05A8, 0x05AA, 0x05CC,
    0x05CD, 0x05CE, 0x05CF, 0x05D1, 0x05D2, 0x05D3, 0x05D5, 0x05F6, 0x05F7, 0x0618, 0x0619, 0x061A, 0x063C, 0x063D, 0x065E, 0x067F,
    0x0600, 0x0600, 0x05E0, 0x05E0, 0x05E0, 0x0600, 0x0600, 0x05E0, 0x05E0, 0x05E0, 0x0600, 0x0603, 0x0605, 0x05E8, 0x05EA, 0x060C,
    0x060D, 0x060E, 0x0610, 0x0611, 0x0612, 0x0613, 0x0614, 0x0616, 0x0637, 0x0658, 0x0659, 0x065A, 0x067C, 0x067D, 0x069E, 0x06BE,
    0x0640, 0x0640, 0x0640, 0x0640, 0x0640, 0x0660, 0x0640, 0x0640, 0x0640, 0x0640, 0x0642, 0x0644, 0x0646, 0x0648, 0x064B, 0x064D,
    0x064E, 0x064F, 0x0650, 0x0651, 0x0672, 0x0673, 0x0674, 0x0656, 0x0677, 0x0678, 0x0699, 0x06BA, 0x06BC, 0x06BD, 0x06DE, 0x06FE,
    0x06C0, 0x06A0, 0x06A0, 0x06A0, 0x06A0, 0x06C0, 0x06A0, 0x06A0, 0x06A0, 0x06A2, 0x06A4, 0x06A6, 0x06A8, 0x06A9, 0x06AC, 0x06AE,
    0x06AF, 0x06B0, 0x06B1, 0x06B2, 0x06B3, 0x06B4, 0x06B5, 0x06B6, 0x06B7, 0x06B8, 0x06D9, 0x06FA, 0x06FC, 0x071D, 0x071E, 0x073E,
    0x06E0, 0x06E0, 0x06E0, 0x06E0, 0x06E0, 0x06E0, 0x06E0, 0x06E0, 0x06E0, 0x06E3, 0x06E5, 0x06E7, 0x06E8, 0x06EA, 0x06EC, 0x06ED,
    0x06EF, 0x06F0, 0x06D1, 0x06F2, 0x06F3, 0x06F4, 0x06F4, 0x06F6, 0x06F7, 0x06F8, 0x06F9, 0x073A, 0x073C, 0x073D, 0x075E, 0x077F,
    0x0720, 0x0720, 0x0720, 0x0720, 0x0720, 0x0720, 0x0720, 0x0721, 0x0722, 0x0725, 0x0727, 0x0728, 0x0729, 0x072A, 0x072C, 0x072D,
    0x072F, 0x0731, 0x0731, 0x0732, 0x0733, 0x0734, 0x0735, 0x0736, 0x0737, 0x0738, 0x0739, 0x075A, 0x077C, 0x077D, 0x079E, 0x079F,
    0x0761, 0x0760, 0x0760, 0x0760, 0x0761, 0x0782, 0x0763, 0x0763, 0x0765, 0x0767, 0x0768, 0x0769, 0x076A, 0x076B, 0x076C, 0x076E,
    0x076F, 0x0771, 0x0771, 0x0772, 0x0773, 0x0774, 0x0775, 0x0776, 0x0797, 0x0798, 0x0799, 0x079A, 0x079B, 0x07BD, 0x07DE, 0x07DF,
    0x07A3, 0x07A2, 0x07A1, 0x07A2, 0x07A4, 0x07A5, 0x07A6, 0x07A7, 0x07A7, 0x07A8, 0x07AA, 0x07AA, 0x07AB, 0x07AC, 0x07AD, 0x07AE,
    0x07AF, 0x07B1, 0x07B2, 0x07B3, 0x07B4, 0x07B4, 0x07B5, 0x07B6, 0x07B7, 0x07D8, 0x07D9, 0x07DA, 0x07DB, 0x07DD, 0x07FE, 0x07FF,
    0x07C7, 0x07C7, 0x07C7, 0x07C7, 0x07E7, 0x07E9, 0x07E9, 0x07C9, 0x07CA, 0x07EA, 0x07EB, 0x07EC, 0x07CC, 0x07CD, 0x07EE, 0x07EE,
    0x07EF, 0x07F1, 0x07F2, 0x07F3, 0x07F4, 0x07D5, 0x07F5, 0x07F6, 0x07F7, 0x07F8, 0x07F9, 0x07FA, 0x07FB, 0x07FC, 0x07FE, 0x07FF,
    0x0841, 0x0841, 0x0841, 0x0841, 0x0841, 0x0841, 0x0841, 0x0842, 0x0842, 0x0823, 0x0824, 0x0825, 0x0826, 0x0027, 0x0009, 0x000B,
    0x000D, 0x000F, 0x0010, 0x0012, 0x0013, 0x0014, 0x0015, 0x0016, 0x0017, 0x0018, 0x001A, 0x001B, 0x001C, 0x001D, 0x001E, 0x001E,
    0x0841, 0x0841, 0x0841, 0x0841, 0x0841, 0x0841, 0x0841, 0x0842, 0x1022, 0x0823, 0x0824, 0x0825, 0x0826, 0x0027, 0x0009, 0x000B,
    0x000D, 0x000F, 0x0010, 0x0011, 0x0013, 0x0014, 0x0015, 0x0016, 0x0017, 0x0018, 0x001A, 0x001B, 0x001C, 0x001D, 0x001E, 0x001E,
    0x0841, 0x0841, 0x0841, 0x0841, 0x0841, 0x0841, 0x0841, 0x0842, 0x0822, 0x0823, 0x0824, 0x0825, 0x0826, 0x0027, 0x0029, 0x000B,
    0x000D, 0x000F, 0x0010, 0x0011, 0x0013, 0x0014, 0x0015, 0x0016, 0x0017, 0x0018, 0x001A, 0x001B, 0x001C, 0x001D, 0x001E, 0x001E,
    0x0841, 0x0841, 0x0841, 0x0841, 0x0841, 0x0841, 0x0841, 0x0841, 0x0842, 0x0843, 0x0844, 0x0825, 0x0026, 0x0027, 0x0029, 0x000B,
    0x000D, 0x000F, 0x0010, 0x0011, 0x0013, 0x0014, 0x0015, 0x0016, 0x0017, 0x0018, 0x0019, 0x001A, 0x001C, 0x001D, 0x001E, 0x001E,
    0x0841, 0x0840, 0x0841, 0x0841, 0x0841, 0x0841, 0x0841, 0x0841, 0x0842, 0x0843, 0x0843, 0x0045, 0x0046, 0x0027, 0x0029, 0x002B,
    0x002D, 0x002E, 0x0010, 0x0011, 0x0013, 0x0014, 0x0015, 0x0016, 0x0017, 0x0018, 0x001A, 0x001B, 0x001C, 0x001D, 0x001E, 0x001E,
    0x0861, 0x0841, 0x0841, 0x0861, 0x0861, 0x0861, 0x0861, 0x0861, 0x0842, 0x0843, 0x0044, 0x0045, 0x0046, 0x0047, 0x0049, 0x004B,
    0x004D, 0x004E, 0x0050, 0x0031, 0x0033, 0x0034, 0x0035, 0x0036, 0x0037, 0x0038, 0x0039, 0x003A, 0x003B, 0x003D, 0x003E, 0x003E,
    0x0861, 0x0861, 0x0861, 0x0861, 0x0861, 0x0861, 0x0861, 0x0862, 0x0862, 0x0863, 0x0064, 0x0065, 0x0066, 0x0068, 0x006A, 0x006B,
    0x006D, 0x006F, 0x0091, 0x0092, 0x0093, 0x0094, 0x0096, 0x0096, 0x0097, 0x0098, 0x009A, 0x009B, 0x009C, 0x009D, 0x009E, 0x009E,
    0x0880, 0x0881, 0x0881, 0x0881, 0x0881, 0x0881, 0x0881, 0x0882, 0x0882, 0x0083, 0x0084, 0x00A5, 0x00A7, 0x00A8, 0x00AA, 0x00CC,
    0x00CD, 0x00CF, 0x00F1, 0x00F2, 0x00F3, 0x00F4, 0x00F6, 0x00F6, 0x00F7, 0x00F9, 0x00FA, 0x00FB, 0x00FC, 0x00FD, 0x00FE, 0x00FE,
    0x08A0, 0x08A0, 0x08A1, 0x08A1, 0x08A1, 0x08A1, 0x08A1, 0x08A2, 0x08A2, 0x00A3, 0x00C4, 0x00E5, 0x00E7, 0x00E8, 0x010A, 0x012C,
    0x012E, 0x014F, 0x0151, 0x0152, 0x0153, 0x0154, 0x0156, 0x0156, 0x0157, 0x0159, 0x015A, 0x015B, 0x015C, 0x015D, 0x015E, 0x017F,
    0x08C0, 0x08A0, 0x08A0, 0x08A1, 0x08A1, 0x08C1, 0x08C1, 0x08C2, 0x00C2, 0x00E3, 0x00E4, 0x0105, 0x0126, 0x0148, 0x016A, 0x018C,
    0x01AE, 0x01AF, 0x01B0, 0x01B2, 0x01B3, 0x01B5, 0x01B6, 0x01B6, 0x01B7, 0x01B8, 0x01BA, 0x01BB, 0x01BC, 0x01BD, 0x01BE, 0x01DE,
    0x08E0, 0x08E0, 0x08E0, 0x00E0, 0x00E1, 0x0101, 0x0101, 0x0102, 0x0102, 0x0103, 0x0124, 0x0145, 0x0166, 0x0188, 0x01A9, 0x01CC,
    0x01ED, 0x020F, 0x0210, 0x0212, 0x0213, 0x0214, 0x0215, 0x0216, 0x0217, 0x0218, 0x0219, 0x021B, 0x021C, 0x021D, 0x021E, 0x021E,
    0x0120, 0x0120, 0x0120, 0x0120, 0x0120, 0x0140, 0x0141, 0x0141, 0x0142, 0x0143, 0x0164, 0x0185, 0x01A6, 0x01C8, 0x01E9, 0x022C,
    0x024D, 0x024F, 0x0250, 0x0272, 0x0273, 0x0274, 0x0275, 0x0276, 0x0277, 0x0278, 0x0279, 0x027A, 0x025C, 0x025D, 0x025E, 0x027F,
    0x0180, 0x0180, 0x0180, 0x0180, 0x0180, 0x01A0, 0x01A0, 0x01A1, 0x01A2, 0x01A3, 0x01C4, 0x01C5, 0x01E7, 0x0208, 0x022A, 0x026C,
    0x02AE, 0x02AF, 0x02B0, 0x02D2, 0x02D3, 0x02D4, 0x02D5, 0x02D6, 0x02D7, 0x02B8, 0x02B9, 0x02BA, 0x02BC, 0x02BD, 0x02BE, 0x02BF,
    0x0220, 0x0200, 0x0200, 0x0200, 0x0200, 0x0220, 0x0220, 0x0220, 0x0221, 0x0223, 0x0245, 0x0246, 0x0247, 0x0269, 0x02AA, 0x02CC,
    0x02EE, 0x0310, 0x0331, 0x0332, 0x0333, 0x0335, 0x0336, 0x0336, 0x0337, 0x0339, 0x033A, 0x031B, 0x031C, 0x031D, 0x031E, 0x033F,
    0x0280, 0x0260, 0x0260, 0x0260, 0x0260, 0x0280, 0x0280, 0x0280, 0x0280, 0x0282, 0x02A4, 0x02A6, 0x02A7, 0x02A8, 0x02CA, 0x030C,
    0x032E, 0x034F, 0x0370, 0x0372, 0x0393, 0x0394, 0x0396, 0x0396, 0x0377, 0x0379, 0x039A, 0x039A, 0x037C, 0x037D, 0x037E, 0x037F,
    0x02E0, 0x02C0, 0x02C0, 0x02C0, 0x02C0, 0x02E0, 0x02E0, 0x02E0, 0x02E0, 0x02E1, 0x0304, 0x0326, 0x0307, 0x0309, 0x032A, 0x034C,
    0x038E, 0x038F, 0x03B0, 0x03B2, 0x03D3, 0x03D4, 0x03D5, 0x03D6, 0x03D7, 0x03D8, 0x03DA, 0x03DB, 0x03DC, 0x03DD, 0x03DE, 0x03DF,
    0x0340, 0x0340, 0x0320, 0x0320, 0x0320, 0x0340, 0x0340, 0x0340, 0x0340, 0x0340, 0x0363, 0x0386, 0x0387, 0x0368, 0x036A, 0x03AC,
    0x03CE, 0x03CF, 0x03F0, 0x03F2, 0x0413, 0x0414, 0x0415, 0x0416, 0x0417, 0x0438, 0x043A, 0x043B, 0x043C, 0x043D, 0x043E, 0x043F,
    0x03C0, 0x03A0, 0x03A0, 0x0380, 0x0380, 0x03C0, 0x03C0, 0x03A0, 0x03A0, 0x03A0, 0x03C3, 0x03E5, 0x03C7, 0x03C8, 0x03EA, 0x03EC,
    0x040D, 0x040F, 0x0430, 0x0431, 0x0453, 0x0454, 0x0455, 0x0456, 0x0477, 0x0478, 0x049A, 0x047A, 0x047B, 0x049D, 0x049E, 0x049F,
    0x0420, 0x0400, 0x0400, 0x03E0, 0x03E0, 0x0420, 0x0420, 0x0400, 0x0400, 0x0400, 0x0421, 0x0424, 0x0427, 0x0428, 0x042A, 0x044C,
    0x046D, 0x044F, 0x0470, 0x0471, 0x0493, 0x0494, 0x0495, 0x0496, 0x04B7, 0x04B8, 0x04DA, 0x04DA, 0x04DB, 0x04DC, 0x04DE, 0x04FE,
    0x04A0, 0x04A0, 0x0480, 0x0480, 0x0480, 0x04A0, 0x04A0, 0x04A0, 0x04A0, 0x04A0, 0x04A1, 0x04A4, 0x04A7, 0x04A9, 0x04CA, 0x04CC,
    0x04CE, 0x04CF, 0x04D0, 0x04D2, 0x04F3, 0x04F4, 0x04F5, 0x04F6, 0x04F7, 0x0518, 0x051A, 0x051A, 0x053B, 0x053D, 0x053E, 0x055E,
    0x0500, 0x0500, 0x04E0, 0x04E0, 0x04E0, 0x0500, 0x0500, 0x0500, 0x0500, 0x0500, 0x0500, 0x0503, 0x0507, 0x0509, 0x050B, 0x052C,
    0x052D, 0x050F, 0x0510, 0x0531, 0x0533, 0x0534, 0x0535, 0x0536, 0x0537, 0x0558, 0x0559, 0x055A, 0x057C, 0x057D, 0x059E, 0x059F,
    0x0540, 0x0540, 0x0520, 0x0520, 0x0540, 0x0540, 0x0540, 0x0540, 0x0540, 0x0540, 0x0540, 0x0543, 0x0546, 0x0549, 0x054A, 0x054C,
    0x054D, 0x054E, 0x0550, 0x0551, 0x0573, 0x0574, 0x0575, 0x0576, 0x0577, 0x0578, 0x0599, 0x059A, 0x05BC, 0x05BD, 0x05DE, 0x05FE,
    0x0580, 0x0580, 0x0560, 0x0560, 0x0560, 0x0580, 0x0580, 0x0560, 0x0560, 0x0580, 0x0580, 0x0582, 0x0585, 0x0588, 0x058A, 0x058C,
    0x058D, 0x058E, 0x0590, 0x0591, 0x0592, 0x05B4, 0x05B5, 0x05B6, 0x05B7, 0x05B8, 0x05DA, 0x05DA, 0x05FC, 0x05FD, 0x061E, 0x063F,
    0x05C0, 0x05C0, 0x05A0, 0x05A0, 0x05A0, 0x05C0, 0x05C0, 0x05A0, 0x05A0, 0x05C0, 0x05C0, 0x05C2, 0x05C5, 0x05C8, 0x05AA, 0x05CC,
    0x05CD, 0x05CE, 0x05CF, 0x05D1, 0x05D2, 0x05D3, 0x05D5, 0x05F6, 0x05F7, 0x05F8, 0x0619, 0x061A, 0x063C, 0x063D, 0x065E, 0x067E,
    0x0600, 0x0600, 0x05E0, 0x05E0, 0x05E0, 0x0600, 0x0600, 0x05E0, 0x05E0, 0x05E0, 0x0601, 0x0603, 0x0605, 0x0608, 0x05EA, 0x060C,
    0x060D, 0x060F, 0x060F, 0x0611, 0x0612, 0x0613, 0x0614, 0x0616, 0x0637, 0x0638, 0x0659, 0x065A, 0x067C, 0x067D, 0x069E, 0x06BF,
    0x0660, 0x0640, 0x0640, 0x0640, 0x0640, 0x0640, 0x0640, 0x0640, 0x0640, 0x0640, 0x0642, 0x0644, 0x0646, 0x0648, 0x064B, 0x064D,
    0x064E, 0x064F, 0x0650, 0x0651, 0x0672, 0x0673, 0x0654, 0x0656, 0x0677, 0x0678, 0x0699, 0x069A, 0x06BC, 0x06BD, 0x06DE, 0x06FE,
    0x06C0, 0x06A0, 0x06A0, 0x06A0, 0x06A0, 0x06A0, 0x06A0, 0x06A0, 0x06A0, 0x06A2, 0x06A4, 0x06A6, 0x06A8, 0x06A9, 0x06AC, 0x06AD,
    0x06AF, 0x06B0, 0x06B1, 0x06B2, 0x06B3, 0x06B4, 0x06B5, 0x06B6, 0x06B7, 0x06B8, 0x06D9, 0x06FA, 0x06FC, 0x06FD, 0x071E, 0x073E,
    0x06E0, 0x06E0, 0x06E0, 0x06E0, 0x06E0, 0x06E0, 0x06E0, 0x06E0, 0x06E0, 0x06E3, 0x06E6, 0x06E7, 0x06E8, 0x06EA, 0x06EB, 0x06ED,
    0x06EF, 0x06F0, 0x06F1, 0x06F2, 0x06F3, 0x06F4, 0x06F5, 0x06F6, 0x06F7, 0x06F8, 0x06F9, 0x071B, 0x073C, 0x073D, 0x075E, 0x075E,
    0x0720, 0x0720, 0x0720, 0x0720, 0x0720, 0x0720, 0x0720, 0x0721, 0x0723, 0x0725, 0x0727, 0x0728, 0x0729, 0x072A, 0x072C, 0x072D,
    0x072F, 0x0730, 0x0731, 0x0732, 0x0733, 0x0734, 0x0735, 0x0736, 0x0737, 0x0738, 0x0739, 0x075A, 0x077B, 0x077D, 0x079E, 0x079F,
    0x0781, 0x0760, 0x0760, 0x0760, 0x0761, 0x0762, 0x0763, 0x0764, 0x0765, 0x0767, 0x0768, 0x0769, 0x076A, 0x076B, 0x076C, 0x076E,
    0x076F, 0x0771, 0x0771, 0x0772, 0x0773, 0x0774, 0x0775, 0x0796, 0x0797, 0x0798, 0x0799, 0x079A, 0x079B, 0x07BD, 0x07DE, 0x07DF,
    0x07C3, 0x07A3, 0x07A2, 0x07A2, 0x07A4, 0x07A6, 0x07A6, 0x07A7, 0x07A8, 0x07A8, 0x07AA, 0x07AB, 0x07AB, 0x07AC, 0x07AD, 0x07AE,
    0x07AF, 0x07B1, 0x07B2, 0x07B3, 0x07B4, 0x07B4, 0x07B5, 0x07B6, 0x07B7, 0x07D8, 0x07D9, 0x07DA, 0x07DB, 0x07DD, 0x07DE, 0x07FF,
    0x07C8, 0x07C7, 0x07C7, 0x07C7, 0x07C8, 0x07E9, 0x07E9, 0x07E9, 0x07CA, 0x07EA, 0x07EC, 0x07EC, 0x07EC, 0x07ED, 0x07EE, 0x07EF,
    0x07F0, 0x07D1, 0x07F2, 0x07F3, 0x07F4, 0x07F5, 0x07F5, 0x07D6, 0x07D7, 0x07D8, 0x07D9, 0x07FA, 0x07FB, 0x07FC, 0x07FE, 0x07FF,
    0x0841, 0x0841, 0x0841, 0x0841, 0x1041, 0x0841, 0x1041, 0x1042, 0x1022, 0x1023, 0x1024, 0x1025, 0x1006, 0x1008, 0x0809, 0x080B,
    0x000D, 0x000E, 0x0010, 0x0011, 0x0013, 0x0014, 0x0015, 0x0016, 0x0017, 0x0019, 0x0019, 0x001A, 0x001C, 0x001D, 0x001E, 0x001E,
    0x0841, 0x0841, 0x0841, 0x1041, 0x0841, 0x0841, 0x0841, 0x1022, 0x1022, 0x1023, 0x1024, 0x1025, 0x1026, 0x0808, 0x0809, 0x000B,
    0x000D, 0x000F, 0x0010, 0x0011, 0x0013, 0x0014, 0x0015, 0x0016, 0x0017, 0x0018, 0x001A, 0x001B, 0x001C, 0x001D, 0x001E, 0x001E,
    0x0841, 0x0841, 0x0841, 0x0841, 0x0841, 0x0841, 0x0841, 0x1042, 0x1022, 0x1023, 0x1024, 0x1025, 0x1026, 0x0807, 0x0809, 0x000B,
    0x000D, 0x000F, 0x0010, 0x0011, 0x0013, 0x0014, 0x0015, 0x0016, 0x0017, 0x0018, 0x001A, 0x001B, 0x001C, 0x001D, 0x001E, 0x001E,
    0x0841, 0x0841, 0x0841, 0x0841, 0x0841, 0x0841, 0x0841, 0x1042, 0x1042, 0x1023, 0x1024, 0x1025, 0x1026, 0x0827, 0x0009, 0x000B,
    0x000D, 0x000F, 0x0010, 0x0011, 0x0013, 0x0014, 0x0015, 0x0016, 0x0017, 0x0018, 0x0019, 0x001A, 0x001C, 0x001D, 0x001E, 0x001E,
    0x0861, 0x0841, 0x0841, 0x0841, 0x0841, 0x0841, 0x1041, 0x1042, 0x1042, 0x1043, 0x1044, 0x0825, 0x0826, 0x0027, 0x0029, 0x000B,
    0x000D, 0x000E, 0x0010, 0x0011, 0x0013, 0x0014, 0x0015, 0x0016, 0x0017, 0x0018, 0x0019, 0x001A, 0x001C, 0x001D, 0x001E, 0x001E,
    0x0861, 0x0861, 0x0841, 0x0861, 0x1061, 0x1061, 0x1061, 0x0861, 0x0842, 0x0843, 0x0844, 0x0845, 0x0046, 0x0027, 0x0029, 0x002B,
    0x002D, 0x002E, 0x0030, 0x0011, 0x0013, 0x0014, 0x0015, 0x0016, 0x0017, 0x0018, 0x0019, 0x001A, 0x001B, 0x001D, 0x001E, 0x001E,
    0x0861, 0x0861, 0x0861, 0x0861, 0x1061, 0x1061, 0x1061, 0x1062, 0x0862, 0x0863, 0x0864, 0x0065, 0x0046, 0x0048, 0x0049, 0x004B,
    0x004D, 0x004F, 0x0050, 0x0052, 0x0053, 0x0054, 0x0056, 0x0056, 0x0057, 0x0058, 0x005A, 0x005A, 0x005C, 0x005D, 0x005E, 0x005E,
    0x0880, 0x0880, 0x0881, 0x0881, 0x0881, 0x1081, 0x1081, 0x1082, 0x0882, 0x0883, 0x0884, 0x0085, 0x0086, 0x0088, 0x008A, 0x008C,
    0x008D, 0x008F, 0x0091, 0x0092, 0x0093, 0x0094, 0x0096, 0x0096, 0x0097, 0x0098, 0x009A, 0x009B, 0x009C, 0x009D, 0x009E, 0x009E,
    0x08A0, 0x08A0, 0x08A1, 0x08A1, 0x08A1, 0x08A1, 0x08A1, 0x08A2, 0x08A2, 0x08A3, 0x00A4, 0x00C5, 0x00C6, 0x00C8, 0x00CA, 0x00EC,
    0x00EE, 0x00EF, 0x00F0, 0x0112, 0x0113, 0x0114, 0x0116, 0x00F6, 0x0117, 0x0118, 0x011A, 0x011B, 0x011C, 0x011D, 0x011E, 0x011F,
    0x08C0, 0x08C0, 0x08C0, 0x08C0, 0x08C1, 0x08C1, 0x08C1, 0x08C1, 0x08C2, 0x08C3, 0x00E4, 0x0105, 0x0126, 0x0128, 0x014A, 0x014C,
    0x016D, 0x016F, 0x0170, 0x0172, 0x0173, 0x0194, 0x0196, 0x0176, 0x0177, 0x0179, 0x017A, 0x017B, 0x017C, 0x017D, 0x017E, 0x019E,
    0x08E0, 0x08E0, 0x08E0, 0x08E0, 0x08E0, 0x0901, 0x0901, 0x0902, 0x0102, 0x0103, 0x0124, 0x0145, 0x0166, 0x0168, 0x0189, 0x01AC,
    0x01CD, 0x01CF, 0x01D0, 0x01F2, 0x01F3, 0x01F4, 0x01F5, 0x01D6, 0x01D7, 0x01D8, 0x01DA, 0x01DB, 0x01DC, 0x01DD, 0x01DE, 0x01FE,
    0x0920, 0x0920, 0x0920, 0x0120, 0x0120, 0x0140, 0x0141, 0x0141, 0x0142, 0x0143, 0x0164, 0x0165, 0x0186, 0x01A8, 0x01C9, 0x020C,
    0x022D, 0x022F, 0x0250, 0x0251, 0x0253, 0x0254, 0x0255, 0x0236, 0x0237, 0x0238, 0x0239, 0x023B, 0x023C, 0x023D, 0x023E, 0x025F,
    0x01A0, 0x0180, 0x0180, 0x0180, 0x0180, 0x01A0, 0x01A0, 0x01A1, 0x01A2, 0x01A3, 0x01C4, 0x01C5, 0x01E7, 0x0208, 0x022A, 0x026C,
    0x028E, 0x02AF, 0x02B0, 0x02B2, 0x02B3, 0x02B4, 0x02B5, 0x02B6, 0x02B7, 0x02B8, 0x02B9, 0x029A, 0x029C, 0x029D, 0x029E, 0x02BF,
    0x0220, 0x0200, 0x0200, 0x0200, 0x0200, 0x0220, 0x0220, 0x0220, 0x0221, 0x0222, 0x0244, 0x0246, 0x0247, 0x0269, 0x028A, 0x02CC,
    0x02EE, 0x0310, 0x0311, 0x0332, 0x0333, 0x0315, 0x0316, 0x0316, 0x0318, 0x0319, 0x031A, 0x031B, 0x02FC, 0x02FD, 0x02FE, 0x031F,
    0x0280, 0x0260, 0x0260, 0x0260, 0x0260, 0x0280, 0x0280, 0x0280, 0x0280, 0x0282, 0x02A4, 0x02A6, 0x02A7, 0x02A8, 0x02CA, 0x030C,
    0x032E, 0x034F, 0x0351, 0x0372, 0x0373, 0x0374, 0x0376, 0x0376, 0x0377, 0x0379, 0x037A, 0x037B, 0x037C, 0x035D, 0x035E, 0x035E,
    0x02E0, 0x02C0, 0x02C0, 0x02C0, 0x02C0, 0x02E0, 0x02E0, 0x02E0, 0x02E0, 0x02E1, 0x0303, 0x0326, 0x0307, 0x0308, 0x032A, 0x034C,
    0x036E, 0x038F, 0x0390, 0x03B2, 0x03B3, 0x03D4, 0x03D5, 0x03D6, 0x03D7, 0x03D8, 0x03DA, 0x03DB, 0x03DC, 0x03DD, 0x03DE, 0x03DF,
    0x0340, 0x0340, 0x0320, 0x0320, 0x0320, 0x0340, 0x0340, 0x0340, 0x0340, 0x0340, 0x0383, 0x0385, 0x0367, 0x0368, 0x036A, 0x03AC,
    0x03CE, 0x03CF, 0x03D0, 0x03F2, 0x03F3, 0x0414, 0x0415, 0x0416, 0x0417, 0x0418, 0x043A, 0x043A, 0x043C, 0x043D, 0x043E, 0x043F,
    0x03A0, 0x03A0, 0x0380, 0x0380, 0x0380, 0x03C0, 0x03A0, 0x03A0, 0x03A0, 0x03A0, 0x03E2, 0x03E4, 0x03C7, 0x03C8, 0x03EA, 0x03EC,
    0x040D, 0x040F, 0x0430, 0x0431, 0x0453, 0x0454, 0x0455, 0x0456, 0x0477, 0x0478, 0x047A, 0x047A, 0x047C, 0x047D, 0x047E, 0x049F,
    0x0420, 0x0400, 0x03E0, 0x03E0, 0x03E0, 0x0420, 0x0420, 0x0400, 0x0400, 0x0400, 0x0420, 0x0423, 0x0427, 0x0428, 0x042A, 0x044B,
    0x044D, 0x044E, 0x0470, 0x0471, 0x0492, 0x0494, 0x0495, 0x0496, 0x04B7, 0x04B8, 0x04D9, 0x04DB, 0x04DB, 0x04DD, 0x04DE, 0x04DE,
    0x04A0, 0x04A0, 0x0480, 0x0480, 0x0480, 0x04A0, 0x04A0, 0x04A0, 0x0480, 0x04A0, 0x04A1, 0x04C3, 0x04A7, 0x04A9, 0x04AA, 0x04CC,
    0x04CD, 0x04CF, 0x04D0, 0x04D2, 0x04F3, 0x04F4, 0x04F5, 0x04F6, 0x04F7, 0x0518, 0x051A, 0x051A, 0x053B, 0x053D, 0x053E, 0x055F,
    0x0500, 0x04E0, 0x04E0, 0x04E0, 0x04E0, 0x0500, 0x0500, 0x04E0, 0x04E0, 0x0500, 0x0500, 0x0503, 0x0506, 0x0509, 0x050B, 0x050C,
    0x050D, 0x050F, 0x0510, 0x0531, 0x0533, 0x0534, 0x0535, 0x0536, 0x0537, 0x0558, 0x055A, 0x055A, 0x057C, 0x057D, 0x059E, 0x059F,
    0x0540, 0x0540, 0x0520, 0x0520, 0x0540, 0x0540, 0x0540, 0x0540, 0x0520, 0x0540, 0x0540, 0x0543, 0x0546, 0x0548, 0x054A, 0x054C,
    0x054D, 0x054E, 0x0550, 0x0551, 0x0553, 0x0574, 0x0575, 0x0576, 0x0577, 0x0578, 0x059A, 0x059B, 0x05BC, 0x05DD, 0x05DE, 0x05FE,
    0x0580, 0x0580, 0x0560, 0x0560, 0x0560, 0x0580, 0x0580, 0x0560, 0x0560, 0x0560, 0x0580, 0x0582, 0x0585, 0x0588, 0x058A, 0x058C,
    0x058D, 0x058E, 0x0590, 0x0591, 0x0592, 0x05B4, 0x05B5, 0x05B6, 0x05B7, 0x05B8, 0x05DA, 0x05DB, 0x05FC, 0x05FD, 0x061E, 0x063E,
    0x05C0, 0x05C0, 0x05A0, 0x05A0, 0x05A0, 0x05C0, 0x05C0, 0x05C0, 0x05A0, 0x05C0, 0x05C0, 0x05C2, 0x05C5, 0x05C8, 0x05CA, 0x05CC,
    0x05CD, 0x05CE, 0x05D0, 0x05D1, 0x05D2, 0x05D3, 0x05D5, 0x05F6, 0x05F7, 0x05F8, 0x0619, 0x061A, 0x061C, 0x063D, 0x065E, 0x067E,
    0x0600, 0x0600, 0x05E0, 0x05E0, 0x05E0, 0x0600, 0x0600, 0x05E0, 0x05E0, 0x05E0, 0x0601, 0x0603, 0x0605, 0x0607, 0x05EA, 0x060C,
    0x060E, 0x060E, 0x060F, 0x0611, 0x0612, 0x0613, 0x0614, 0x0616, 0x0637, 0x0638, 0x0659, 0x065A, 0x065C, 0x067D, 0x069E, 0x06BF,
    0x0660, 0x0640, 0x0640, 0x0640, 0x0640, 0x0640, 0x0640, 0x0640, 0x0640, 0x0640, 0x0642, 0x0644, 0x0646, 0x0648, 0x064A, 0x064D,
    0x064E, 0x064F, 0x0650, 0x0651, 0x0672, 0x0673, 0x0655, 0x0656, 0x0677, 0x0678, 0x0699, 0x069A, 0x06BC, 0x06BD, 0x06DE, 0x06FF,
    0x06C0, 0x06A0, 0x06A0, 0x06A0, 0x06A0, 0x06A0, 0x06A0, 0x06A0, 0x06A0, 0x06A2, 0x06A5, 0x06A7, 0x06A8, 0x06A9, 0x06AB, 0x06AD,
    0x06AF, 0x06B0, 0x06B1, 0x06B2, 0x06B3, 0x06B4, 0x06B5, 0x06B6, 0x06B7, 0x06B8, 0x06D9, 0x06DA, 0x06FC, 0x06FD, 0x071E, 0x073E,
    0x06E0, 0x06E0, 0x06E0, 0x06E0, 0x06E0, 0x06E0, 0x06E0, 0x06E0, 0x06E0, 0x06E4, 0x06E6, 0x06E7, 0x06E8, 0x06CA, 0x06EB, 0x06ED,
    0x06EF, 0x06F0, 0x06F1, 0x06F2, 0x06F3, 0x06F4, 0x06F5, 0x06F6, 0x06F7, 0x06F8, 0x0719, 0x071A, 0x073C, 0x073D, 0x075E, 0x075E,
    0x0720, 0x0720, 0x0720, 0x0720, 0x0720, 0x0720, 0x0720, 0x0722, 0x0723, 0x0725, 0x0727, 0x0728, 0x0729, 0x072A, 0x072C, 0x072D,
    0x072F, 0x0730, 0x0731, 0x0732, 0x0733, 0x0734, 0x0735, 0x0736, 0x0737, 0x0738, 0x0759, 0x075A, 0x077B, 0x079D, 0x079E, 0x079F,
    0x0781, 0x0761, 0x0760, 0x0760, 0x0761, 0x0762, 0x0763, 0x0764, 0x0765, 0x0767, 0x0768, 0x076A, 0x076A, 0x076B, 0x076C, 0x076E,
    0x076F, 0x0770, 0x0771, 0x0772, 0x0773, 0x0774, 0x0775, 0x0796, 0x0797, 0x0798, 0x0799, 0x079A, 0x079B, 0x07BD, 0x07DE, 0x07DF,
    0x07A4, 0x07A3, 0x07A3, 0x07A3, 0x07A4, 0x07A6, 0x07A7, 0x07A7, 0x07A8, 0x07A9, 0x07AA, 0x07AB, 0x07AB, 0x07AC, 0x07AD, 0x07AE,
    0x07AF, 0x07B0, 0x07B2, 0x07B3, 0x07B4, 0x07B4, 0x07B5, 0x07B6, 0x07D7, 0x07D8, 0x07D9, 0x07DA, 0x07DB, 0x07DD, 0x07DE, 0x07FE,
    0x07C8, 0x07C8, 0x07E7, 0x07C7, 0x07C8, 0x07E9, 0x07E9, 0x07E9, 0x07EA, 0x07EA, 0x07CC, 0x07EC, 0x07EC, 0x07ED, 0x07CE, 0x07EF,
    0x07F0, 0x07F1, 0x07F2, 0x07F3, 0x07F4, 0x07F5, 0x07F5, 0x07F6, 0x07D7, 0x07D8, 0x07D9, 0x07FA, 0x07FB, 0x07FC, 0x07FE, 0x07FF,
    0x1041, 0x1041, 0x1041, 0x1041, 0x1021, 0x1041, 0x1041, 0x1022, 0x1022, 0x1023, 0x1824, 0x1805, 0x1806, 0x1808, 0x1809, 0x100B,
    0x080D, 0x000E, 0x0010, 0x0011, 0x0013, 0x0014, 0x0015, 0x0016, 0x0017, 0x0019, 0x001A, 0x001B, 0x001C, 0x001D, 0x001E, 0x001E,
    0x1041, 0x1041, 0x1021, 0x1021, 0x1021, 0x1041, 0x1021, 0x1022, 0x1022, 0x1023, 0x1824, 0x1805, 0x1806, 0x1808, 0x1809, 0x100B,
    0x080D, 0x000F, 0x0010, 0x0011, 0x0013, 0x0014, 0x0015, 0x0016, 0x0017, 0x0018, 0x001A, 0x001B, 0x001C, 0x001D, 0x001E, 0x001E,
    0x1040, 0x1040, 0x1041, 0x1041, 0x1021, 0x1041, 0x1021, 0x1022, 0x1022, 0x1023, 0x1024, 0x1825, 0x1806, 0x1808, 0x1009, 0x080B,
    0x080D, 0x000F, 0x0010, 0x0011, 0x0013, 0x0014, 0x0015, 0x0016, 0x0017, 0x0018, 0x001A, 0x001B, 0x001C, 0x001D, 0x001E, 0x001E,
    0x1040, 0x1040, 0x1041, 0x1041, 0x1041, 0x1041, 0x1041, 0x1042, 0x1042, 0x1023, 0x1024, 0x1025, 0x1826, 0x1007, 0x1009, 0x080B,
    0x000D, 0x000F, 0x0010, 0x0011, 0x0013, 0x0014, 0x0015, 0x0016, 0x0017, 0x0018, 0x001A, 0x001A, 0x001C, 0x001D, 0x001E, 0x001E,
    0x1061, 0x1041, 0x1041, 0x1041, 0x1041, 0x1041, 0x1041, 0x1042, 0x1042, 0x1023, 0x1024, 0x1025, 0x1026, 0x1008, 0x0809, 0x080B,
    0x000D, 0x000E, 0x0010, 0x0011, 0x0013, 0x0014, 0x0015, 0x0016, 0x0017, 0x0018, 0x0019, 0x001A, 0x001B, 0x001D, 0x001E, 0x001E,
    0x0861, 0x1061, 0x1061, 0x1061, 0x1061, 0x1061, 0x1061, 0x1062, 0x1042, 0x1043, 0x1044, 0x1025, 0x1026, 0x1027, 0x0809, 0x000B,
    0x000D, 0x000E, 0x0010, 0x0011, 0x0013, 0x0014, 0x0015, 0x0016, 0x0017, 0x0018, 0x0019, 0x001A, 0x001B, 0x001D, 0x001E, 0x001E,
    0x1080, 0x1060, 0x1060, 0x1061, 0x1061, 0x1061, 0x1061, 0x1062, 0x1062, 0x1063, 0x1064, 0x1045, 0x0846, 0x0848, 0x0029, 0x002B,
    0x002D, 0x000F, 0x0010, 0x0012, 0x0013, 0x0014, 0x0016, 0x0016, 0x0017, 0x0018, 0x001A, 0x001A, 0x001C, 0x001D, 0x001E, 0x001E,
    0x1080, 0x1080, 0x1080, 0x1081, 0x1081, 0x1081, 0x1081, 0x1082, 0x1082, 0x1083, 0x1064, 0x0865, 0x0866, 0x0068, 0x006A, 0x004C,
    0x004D, 0x004F, 0x0051, 0x0052, 0x0053, 0x0055, 0x0056, 0x0056, 0x0057, 0x0058, 0x005A, 0x005A, 0x005C, 0x005D, 0x005E, 0x005F,
    0x08A0, 0x08A0, 0x08A0, 0x08A1, 0x10A1, 0x10A1, 0x10A1, 0x10A2, 0x10A2, 0x10A3, 0x08A4, 0x08A5, 0x00A6, 0x00A8, 0x00AA, 0x00AC,
    0x00AD, 0x00AF, 0x00B0, 0x00B2, 0x00B3, 0x00B5, 0x00B6, 0x0096, 0x00B7, 0x00B8, 0x00B9, 0x00BB, 0x00BC, 0x00BD, 0x00BE, 0x00BF,
    0x08C0, 0x08C0, 0x08C0, 0x08C0, 0x10C1, 0x10C1, 0x10C1, 0x10C1, 0x10C2, 0x10C3, 0x08E4, 0x00E5, 0x0107, 0x0108, 0x010A, 0x010C,
    0x012D, 0x012F, 0x0130, 0x0132, 0x0133, 0x0134, 0x0136, 0x0136, 0x0137, 0x0138, 0x013A, 0x013B, 0x013C, 0x013D, 0x013E, 0x013E,
    0x1100, 0x1100, 0x08E0, 0x08E0, 0x08E0, 0x0900, 0x0901, 0x0901, 0x0902, 0x1103, 0x0904, 0x0125, 0x0146, 0x0168, 0x0169, 0x018B,
    0x01AD, 0x01AF, 0x01B0, 0x01B2, 0x01B3, 0x01B4, 0x01B5, 0x01B6, 0x0197, 0x0198, 0x01BA, 0x019B, 0x019C, 0x019D, 0x01BE, 0x01BF,
    0x0940, 0x0940, 0x0920, 0x0920, 0x0920, 0x0940, 0x0941, 0x0941, 0x0942, 0x0943, 0x0144, 0x0165, 0x0186, 0x01A8, 0x01C9, 0x01EB,
    0x020D, 0x020F, 0x0230, 0x0211, 0x0233, 0x0234, 0x0215, 0x0216, 0x0217, 0x0218, 0x021A, 0x021B, 0x021C, 0x021D, 0x021E, 0x021F,
    0x09A0, 0x0980, 0x0980, 0x0980, 0x0980, 0x01A0, 0x01A0, 0x01A1, 0x01A1, 0x01A2, 0x01A4, 0x01C5, 0x01E7, 0x01E8, 0x022A, 0x024C,
    0x026D, 0x028F, 0x0290, 0x0292, 0x0293, 0x0294, 0x0295, 0x0296, 0x0277, 0x0279, 0x027A, 0x027A, 0x027C, 0x027D, 0x027E, 0x027F,
    0x0220, 0x0220, 0x0200, 0x0200, 0x0200, 0x0220, 0x0220, 0x0220, 0x0221, 0x0222, 0x0244, 0x0246, 0x0247, 0x0269, 0x028A, 0x02CC,
    0x02EE, 0x02F0, 0x0311, 0x0312, 0x0313, 0x0315, 0x02F6, 0x02F6, 0x02F8, 0x02F9, 0x02FA, 0x02FB, 0x02DC, 0x02DD, 0x02DE, 0x02DE,
    0x0280, 0x0260, 0x0260, 0x0260, 0x0260, 0x0280, 0x0280, 0x0280, 0x0280, 0x0281, 0x02A4, 0x02A5, 0x02A7, 0x02A8, 0x02CA, 0x030C,
    0x032E, 0x032F, 0x0351, 0x0352, 0x0373, 0x0374, 0x0375, 0x0356, 0x0357, 0x0359, 0x035A, 0x035B, 0x035C, 0x033D, 0x035E, 0x035E,
    0x02E0, 0x02C0, 0x02C0, 0x02C0, 0x02C0, 0x02E0, 0x02E0, 0x02E0, 0x02E0, 0x02E0, 0x0303, 0x0305, 0x0307, 0x0308, 0x030A, 0x034C,
    0x036E, 0x038F, 0x0390, 0x03B2, 0x03B3, 0x03B4, 0x03B5, 0x03B6, 0x03B7, 0x03B8, 0x03BA, 0x03BB, 0x03BC, 0x03BD, 0x03BE, 0x03BE,
    0x0340, 0x0340, 0x0320, 0x0320, 0x0320, 0x0340, 0x0340, 0x0340, 0x0340, 0x0340, 0x0362, 0x0385, 0x0367, 0x0368, 0x036A, 0x038C,
    0x03AE, 0x03CF, 0x03D0, 0x03F2, 0x03F3, 0x0414, 0x0415, 0x0416, 0x0417, 0x0418, 0x0419, 0x041B, 0x041C, 0x041D, 0x041E, 0x041F,
    0x03A0, 0x03A0, 0x0380, 0x0380, 0x0380, 0x03C0, 0x03A0, 0x03A0, 0x03A0, 0x03A0, 0x03C1, 0x03E4, 0x03C7, 0x03C8, 0x03EA, 0x03EC,
    0x040D, 0x040F, 0x0410, 0x0431, 0x0433, 0x0454, 0x0455, 0x0456, 0x0457, 0x0478, 0x0479, 0x047B, 0x047C, 0x047D, 0x047E, 0x049F,
    0x0400, 0x0400, 0x03E0, 0x03E0, 0x03E0, 0x0420, 0x0420, 0x0400, 0x0400, 0x0400, 0x0420, 0x0443, 0x0426, 0x0428, 0x042A, 0x044C,
    0x044D, 0x044E, 0x0450, 0x0471, 0x0472, 0x0494, 0x0495, 0x0496, 0x04B7, 0x04B8, 0x04B9, 0x04DB, 0x04DB, 0x04DD, 0x04DE, 0x04DE,
    0x04A0, 0x0480, 0x0480, 0x0480, 0x0480, 0x04A0, 0x04A0, 0x0480, 0x0480, 0x0480, 0x04A0, 0x04C3, 0x04A6, 0x04A9, 0x04AA, 0x04AC,
    0x04CD, 0x04CF, 0x04D0, 0x04D2, 0x04F3, 0x04F4, 0x04F5, 0x04F6, 0x04F7, 0x0518, 0x051A, 0x051B, 0x053C, 0x053D, 0x053E, 0x053F,
    0x0500, 0x04E0, 0x04E0, 0x04E0, 0x04E0, 0x0500, 0x0500, 0x04E0, 0x04E0, 0x0500, 0x0500, 0x0503, 0x0506, 0x0508, 0x050A, 0x050C,
    0x050D, 0x050F, 0x0510, 0x0531, 0x0533, 0x0534, 0x0535, 0x0536, 0x0537, 0x0558, 0x055A, 0x055A, 0x057C, 0x057D, 0x059E, 0x059F,
    0x0540, 0x0520, 0x0520, 0x0520, 0x0520, 0x0540, 0x0540, 0x0520, 0x0520, 0x0540, 0x0540, 0x0542, 0x0545, 0x0548, 0x054A, 0x054C,
    0x054D, 0x054F, 0x0550, 0x0551, 0x0553, 0x0574, 0x0575, 0x0576, 0x0577, 0x0578, 0x0599, 0x059A, 0x05BB, 0x05DD, 0x05DE, 0x05FE,
    0x0580, 0x0560, 0x0560, 0x0560, 0x0560, 0x0580, 0x0580, 0x0560, 0x0560, 0x0560, 0x0580, 0x0582, 0x0585, 0x0588, 0x058A, 0x058C,
    0x058D, 0x058F, 0x0590, 0x0591, 0x0592, 0x05B4, 0x05B5, 0x05B6, 0x05B7, 0x05B8, 0x05D9, 0x05DA, 0x05FC, 0x05FD, 0x061E, 0x063E,
    0x05C0, 0x05C0, 0x05A0, 0x05A0, 0x05A0, 0x05C0, 0x05C0, 0x05A0, 0x05A0, 0x05A0, 0x05C0, 0x05C3, 0x05C5, 0x05C7, 0x05CA, 0x05CC,
    0x05CE, 0x05CE, 0x05B0, 0x05D1, 0x05D2, 0x05D3, 0x05D4, 0x05F6, 0x05F7, 0x05F8, 0x0619, 0x061A, 0x063C, 0x063D, 0x065E, 0x067E,
    0x0600, 0x0600, 0x05E0, 0x05E0, 0x05E0, 0x0600, 0x05E0, 0x05E0, 0x05E0, 0x05E0, 0x0601, 0x0603, 0x0605, 0x0607, 0x05EA, 0x060C,
    0x060E, 0x060E, 0x060F, 0x0611, 0x0612, 0x0613, 0x0614, 0x0616, 0x0637, 0x0638, 0x0659, 0x065A, 0x067C, 0x067D, 0x069E, 0x06BF,
    0x0640, 0x0640, 0x0640, 0x0640, 0x0640, 0x0640, 0x0640, 0x0640, 0x0640, 0x0640, 0x0643, 0x0645, 0x0646, 0x0648, 0x064A, 0x064D,
    0x064E, 0x064F, 0x0650, 0x0651, 0x0652, 0x0653, 0x0655, 0x0656, 0x0677, 0x0678, 0x069A, 0x069A, 0x06BC, 0x06BD, 0x06DE, 0x06FF,
    0x06A0, 0x06A0, 0x06A0, 0x06A0, 0x06A0, 0x06A0, 0x06A0, 0x06A0, 0x06A0, 0x06A2, 0x06A5, 0x06A7, 0x06A8, 0x06AA, 0x06AB, 0x06AD,
    0x06AF, 0x06B0, 0x06B1, 0x06B2, 0x06B3, 0x06B4, 0x06B5, 0x06B6, 0x06B7, 0x06B8, 0x06D9, 0x06DB, 0x06FC, 0x06FD, 0x071E, 0x071F,
    0x06E0, 0x06E0, 0x06E0, 0x06E0, 0x06E0, 0x06E0, 0x06E0, 0x06E0, 0x06E0, 0x06E4, 0x06E6, 0x06E7, 0x06E8, 0x06EA, 0x06EB, 0x06ED,
    0x06EF, 0x06D0, 0x06D1, 0x06F2, 0x06F3, 0x06F4, 0x06F5, 0x06F6, 0x06F7, 0x06F8, 0x0719, 0x071A, 0x073C, 0x073D, 0x075E, 0x075F,
    0x0720, 0x0720, 0x0720, 0x0720, 0x0720, 0x0720, 0x0721, 0x0722, 0x0723, 0x0725, 0x0727, 0x0728, 0x0729, 0x072A, 0x072C, 0x072D,
    0x072F, 0x0730, 0x0711, 0x0732, 0x0733, 0x0734, 0x0735, 0x0736, 0x0737, 0x0738, 0x0759, 0x075A, 0x077C, 0x077D, 0x079E, 0x079F,
    0x0761, 0x0761, 0x0760, 0x0761, 0x0761, 0x0782, 0x0764, 0x0765, 0x0766, 0x0767, 0x0769, 0x076A, 0x076A, 0x076B, 0x076C, 0x076D,
    0x076F, 0x0770, 0x0771, 0x0772, 0x0773, 0x0774, 0x0775, 0x0796, 0x0797, 0x0798, 0x0799, 0x079A, 0x079B, 0x07BD, 0x07DE, 0x07DF,
    0x07A4, 0x07A4, 0x07A3, 0x07A3, 0x07A4, 0x07A6, 0x07A7, 0x07A7, 0x07A8, 0x07A9, 0x07AA, 0x07AB, 0x07AB, 0x07AC, 0x07AD, 0x07AE,
    0x07AF, 0x07B0, 0x07B2, 0x07B3, 0x07B4, 0x07B5, 0x07B5, 0x07B6, 0x07D7, 0x07D8, 0x07D9, 0x07DA, 0x07DB, 0x07DD, 0x07FE, 0x07FF,
    0x07E8, 0x07C8, 0x07C7, 0x07C7, 0x07C8, 0x07E9, 0x07C9, 0x07EA, 0x07EA, 0x07CB, 0x07EC, 0x07EC, 0x07ED, 0x07ED, 0x07CE, 0x07CF,
    0x07F0, 0x07F0, 0x07F2, 0x07F3, 0x07F4, 0x07F5, 0x07F6, 0x07F6, 0x07F7, 0x07F8, 0x07F9, 0x07FB, 0x07FB, 0x07FC, 0x07FE, 0x07FE,
    0x1040, 0x1041, 0x1041, 0x1041, 0x1021, 0x1021, 0x1021, 0x1022, 0x1022, 0x1823, 0x1824, 0x1805, 0x2006, 0x2008, 0x200A, 0x200B,
    0x200D, 0x180F, 0x1010, 0x0012, 0x0013, 0x0014, 0x0015, 0x0016, 0x0018, 0x0019, 0x001A, 0x001B, 0x001C, 0x001D, 0x001E, 0x001E,
    0x1040, 0x1041, 0x1041, 0x1041, 0x1021, 0x1041, 0x1022, 0x1022, 0x1022, 0x1823, 0x1824, 0x1805, 0x2006, 0x2008, 0x2009, 0x200B,
    0x200D, 0x180F, 0x0810, 0x0011, 0x0013, 0x0014, 0x0015, 0x0016, 0x0017, 0x0018, 0x001A, 0x001A, 0x001C, 0x001D, 0x001E, 0x001E,
    0x1041, 0x1041, 0x1041, 0x1041, 0x1021, 0x1041, 0x1042, 0x1022, 0x1822, 0x1823, 0x1824, 0x1805, 0x2006, 0x2008, 0x2009, 0x200B,
    0x180D, 0x100F, 0x0010, 0x0011, 0x0013, 0x0014, 0x0015, 0x0016, 0x0017, 0x0018, 0x0019, 0x001B, 0x001C, 0x001D, 0x001E, 0x001E,
    0x1041, 0x1041, 0x1041, 0x1041, 0x1041, 0x1041, 0x1041, 0x1042, 0x1842, 0x1823, 0x1824, 0x1825, 0x2006, 0x2007, 0x2009, 0x180B,
    0x180D, 0x100F, 0x0010, 0x0011, 0x0013, 0x0014, 0x0015, 0x0016, 0x0017, 0x0018, 0x0019, 0x001B, 0x001C, 0x001D, 0x001E, 0x001E,
    0x1061, 0x1040, 0x1040, 0x1041, 0x1041, 0x1041, 0x1041, 0x1042, 0x1842, 0x1823, 0x1824, 0x1825, 0x2006, 0x2007, 0x2009, 0x180B,
    0x100D, 0x080E, 0x0010, 0x0011, 0x0013, 0x0014, 0x0015, 0x0016, 0x0017, 0x0018, 0x0019, 0x001A, 0x001B, 0x001D, 0x001E, 0x001F,
    0x1061, 0x1060, 0x1060, 0x1061, 0x1061, 0x1041, 0x1041, 0x1042, 0x1842, 0x1843, 0x1844, 0x1825, 0x1826, 0x1827, 0x1809, 0x100B,
    0x080D, 0x000E, 0x0010, 0x0011, 0x0013, 0x0014, 0x0015, 0x0016, 0x0017, 0x0018, 0x001A, 0x001A, 0x001C, 0x001D, 0x001E, 0x001E,
    0x1081, 0x1080, 0x1080, 0x1081, 0x1081, 0x1061, 0x1861, 0x1862, 0x1862, 0x1843, 0x1844, 0x1845, 0x1846, 0x1828, 0x1009, 0x080C,
    0x000D, 0x000F, 0x0011, 0x0012, 0x0013, 0x0014, 0x0015, 0x0016, 0x0017, 0x0019, 0x001A, 0x001A, 0x001C, 0x001D, 0x001E, 0x001E,
    0x10A0, 0x10A0, 0x1080, 0x1081, 0x1081, 0x1081, 0x1881, 0x1882, 0x1862, 0x1863, 0x1864, 0x1865, 0x1047, 0x1048, 0x084A, 0x002C,
    0x002E, 0x002F, 0x0031, 0x0032, 0x0013, 0x0035, 0x0016, 0x0016, 0x0017, 0x0019, 0x001A, 0x001A, 0x001C, 0x001D, 0x001E, 0x001E,
    0x10A0, 0x10A0, 0x10A0, 0x10A0, 0x10A1, 0x10A1, 0x10A1, 0x18A2, 0x18A2, 0x1883, 0x1884, 0x1085, 0x1087, 0x0888, 0x008A, 0x006C,
    0x006E, 0x006F, 0x0071, 0x0072, 0x0073, 0x0075, 0x0056, 0x0076, 0x0057, 0x0058, 0x005A, 0x005B, 0x005C, 0x005D, 0x005E, 0x005F,
    0x10C0, 0x10C1, 0x10C0, 0x10C1, 0x10C1, 0x10C0, 0x10C1, 0x10C1, 0x10C2, 0x18C3, 0x10C4, 0x08C5, 0x00C7, 0x00C8, 0x00A9, 0x00CC,
    0x00CE, 0x00AF, 0x00D0, 0x00B2, 0x00B3, 0x00B4, 0x00B5, 0x00B6, 0x00B7, 0x00D9, 0x00DA, 0x00BB, 0x00BC, 0x00BD, 0x00DE, 0x00DE,
    0x1100, 0x1100, 0x1100, 0x1100, 0x1100, 0x1100, 0x1101, 0x1101, 0x1102, 0x1103, 0x1104, 0x0925, 0x0126, 0x0128, 0x0149, 0x014C,
    0x014D, 0x014F, 0x0150, 0x0152, 0x0153, 0x0154, 0x0155, 0x0156, 0x0157, 0x0158, 0x015A, 0x015B, 0x015C, 0x015D, 0x015E, 0x015E,
    0x1140, 0x1140, 0x1140, 0x1120, 0x1120, 0x1140, 0x1140, 0x1141, 0x1142, 0x1143, 0x1164, 0x0965, 0x0187, 0x0188, 0x01A9, 0x01CB,
    0x01CD, 0x01EF, 0x01F0, 0x01F2, 0x01D3, 0x01D4, 0x01F5, 0x01D6, 0x01D7, 0x01D8, 0x01DA, 0x01DB, 0x01DC, 0x01DD, 0x01DE, 0x01DF,
    0x11A0, 0x11A0, 0x1180, 0x1180, 0x1180, 0x11A0, 0x09A0, 0x09A1, 0x09A1, 0x09A3, 0x09C4, 0x01C5, 0x01E7, 0x01E8, 0x020A, 0x024B,
    0x024D, 0x026F, 0x0270, 0x0272, 0x0273, 0x0274, 0x0256, 0x0256, 0x0257, 0x0258, 0x025A, 0x025A, 0x025C, 0x025D, 0x025E, 0x025F,
    0x1220, 0x1220, 0x0A00, 0x0A00, 0x0A00, 0x0A20, 0x0220, 0x0220, 0x0221, 0x0222, 0x0244, 0x0245, 0x0247, 0x0268, 0x028A, 0x02AC,
    0x02CE, 0x02F0, 0x02F1, 0x02F2, 0x02F3, 0x02F5, 0x02F6, 0x02D6, 0x02D7, 0x02D8, 0x02DA, 0x02DB, 0x02DC, 0x02BD, 0x02BE, 0x02BE,
    0x0A80, 0x0A60, 0x0260, 0x0260, 0x0260, 0x0280, 0x0280, 0x0280, 0x0280, 0x0281, 0x02A3, 0x02A5, 0x02A7, 0x02A9, 0x02CA, 0x02EC,
    0x030E, 0x032F, 0x0331, 0x0352, 0x0353, 0x0354, 0x0355, 0x0356, 0x0357, 0x0358, 0x033A, 0x033B, 0x033C, 0x033D, 0x031E, 0x033F,
    0x02E0, 0x02C0, 0x02C0, 0x02C0, 0x02C0, 0x02E0, 0x02E0, 0x02E0, 0x02E0, 0x02E0, 0x0303, 0x0305, 0x0307, 0x0308, 0x032A, 0x034C,
    0x036E, 0x038F, 0x0391, 0x0392, 0x03B3, 0x03B4, 0x03B5, 0x03B6, 0x03B7, 0x03B8, 0x0399, 0x03BA, 0x039C, 0x039D, 0x039E, 0x039F,
    0x0340, 0x0340, 0x0320, 0x0320, 0x0320, 0x0340, 0x0340, 0x0340, 0x0340, 0x0340, 0x0362, 0x0364, 0x0366, 0x0368, 0x038A, 0x03AC,
    0x03AE, 0x03CF, 0x03D1, 0x03D2, 0x03F3, 0x03F4, 0x03F6, 0x03F6, 0x0417, 0x0418, 0x0419, 0x041A, 0x03FB, 0x03FD, 0x041E, 0x041F,
    0x03A0, 0x03A0, 0x0380, 0x0380, 0x0380, 0x03C0, 0x03A0, 0x03A0, 0x03A0, 0x03A0, 0x03C1, 0x03C3, 0x03C6, 0x03C8, 0x03EA, 0x03EC,
    0x040D, 0x040F, 0x0430, 0x0431, 0x0433, 0x0434, 0x0435, 0x0456, 0x0457, 0x0458, 0x0479, 0x047A, 0x045B, 0x045D, 0x047E, 0x047F,
    0x0420, 0x0400, 0x03E0, 0x03E0, 0x03E0, 0x0420, 0x0400, 0x0400, 0x0400, 0x0400, 0x0420, 0x0422, 0x0425, 0x0428, 0x0429, 0x044C,
    0x044D, 0x046E, 0x0470, 0x0471, 0x0473, 0x0494, 0x0495, 0x0496, 0x0497, 0x04B8, 0x04B9, 0x04DA, 0x04BB, 0x04BD, 0x04BE, 0x04DE,
    0x04A0, 0x0480, 0x0480, 0x0480, 0x0480, 0x04A0, 0x04A0, 0x0480, 0x0480, 0x0480, 0x04A1, 0x04A3, 0x04A5, 0x04A8, 0x04AA, 0x04AC,
    0x04CD, 0x04CF, 0x04D0, 0x04D2, 0x04F3, 0x04F4, 0x04F5, 0x04F6, 0x04F7, 0x0518, 0x0519, 0x051A, 0x051C, 0x053D, 0x053E, 0x053F,
    0x0500, 0x04E0, 0x04E0, 0x04E0, 0x04E0, 0x0500, 0x0500, 0x04E0, 0x04E0, 0x04E0, 0x0500, 0x0503, 0x0505, 0x0508, 0x050A, 0x050C,
    0x050D, 0x050F, 0x0510, 0x0531, 0x0533, 0x0534, 0x0535, 0x0536, 0x0537, 0x0558, 0x0559, 0x055A, 0x057C, 0x057D, 0x059E, 0x059F,
    0x0540, 0x0540, 0x0520, 0x0520, 0x0540, 0x0540, 0x0540, 0x0540, 0x0540, 0x0540, 0x0540, 0x0542, 0x0545, 0x0547, 0x054A, 0x054C,
    0x054D, 0x054F, 0x0550, 0x0551, 0x0553, 0x0574, 0x0575, 0x0576, 0x0577, 0x0578, 0x0579, 0x059A, 0x05BC, 0x05BD, 0x05DE, 0x05DF,
    0x0580, 0x0560, 0x0560, 0x0560, 0x0560, 0x0560, 0x0560, 0x0560, 0x0560, 0x0560, 0x0580, 0x0582, 0x0585, 0x0587, 0x058A, 0x058C,
    0x058D, 0x058F, 0x058F, 0x0591, 0x0592, 0x0594, 0x05B5, 0x05B6, 0x05B7, 0x05B8, 0x05BA, 0x05DA, 0x05FB, 0x05FD, 0x061E, 0x063E,
    0x05C0, 0x05A0, 0x05A0, 0x05A0, 0x05A0, 0x05A0, 0x05C0, 0x05C0, 0x05A0, 0x05A0, 0x05C1, 0x05C3, 0x05C5, 0x05A7, 0x05CA, 0x05CC,
    0x05CD, 0x05CE, 0x05CF, 0x05D1, 0x05D2, 0x05D3, 0x05D5, 0x05F6, 0x05F7, 0x05F8, 0x0619, 0x061A, 0x061B, 0x063D, 0x065E, 0x067F,
    0x0600, 0x05E0, 0x05E0, 0x05E0, 0x05E0, 0x0600, 0x0600, 0x05E0, 0x05E0, 0x05E0, 0x0601, 0x0603, 0x0605, 0x05E7, 0x05E9, 0x060C,
    0x060E, 0x060F, 0x0610, 0x0611, 0x0612, 0x0613, 0x0614, 0x0616, 0x0637, 0x0638, 0x0659, 0x065A, 0x065B, 0x067D, 0x069E, 0x06BF,
    0x0640, 0x0640, 0x0640, 0x0640, 0x0640, 0x0640, 0x0640, 0x0640, 0x0640, 0x0641, 0x0643, 0x0645, 0x0646, 0x0648, 0x064A, 0x064C,
    0x064E, 0x064F, 0x0650, 0x0651, 0x0652, 0x0653, 0x0675, 0x0656, 0x0677, 0x0678, 0x0699, 0x069A, 0x06BC, 0x06BD, 0x06DE, 0x06FF,
    0x06A0, 0x06A0, 0x06A0, 0x06A0, 0x06A0, 0x06A0, 0x06A0, 0x06A0, 0x06A0, 0x06A3, 0x06A5, 0x06A7, 0x06A8, 0x06AA, 0x06AB, 0x06AD,
    0x06AF, 0x0690, 0x0691, 0x06B2, 0x06B3, 0x06B4, 0x06B5, 0x06B6, 0x06B7, 0x06B8, 0x06DA, 0x06FB, 0x06FC, 0x071D, 0x071E, 0x071F,
    0x06E0, 0x06E0, 0x06E0, 0x06E0, 0x06E0, 0x06E0, 0x06E0, 0x06E0, 0x06E1, 0x06E4, 0x06E6, 0x06E8, 0x06E9, 0x06EA, 0x06EC, 0x06ED,
    0x06EE, 0x06D0, 0x06D1, 0x06F2, 0x06F3, 0x06F4, 0x06F5, 0x06F6, 0x06F7, 0x06F8, 0x06F9, 0x071B, 0x073C, 0x073D, 0x075E, 0x075F,
    0x0720, 0x0720, 0x0720, 0x0720, 0x0720, 0x0720, 0x0721, 0x0722, 0x0724, 0x0726, 0x0727, 0x0728, 0x0729, 0x072A, 0x072C, 0x072D,
    0x072F, 0x0730, 0x0711, 0x0732, 0x0733, 0x0734, 0x0735, 0x0736, 0x0737, 0x0738, 0x0739, 0x075A, 0x077C, 0x077D, 0x079E, 0x079F,
    0x0761, 0x0761, 0x0761, 0x0761, 0x0762, 0x0763, 0x0764, 0x0765, 0x0766, 0x0767, 0x0769, 0x076A, 0x076A, 0x076B, 0x076C, 0x076E,
    0x076F, 0x0770, 0x0771, 0x0772, 0x0773, 0x0774, 0x0775, 0x0776, 0x0777, 0x0798, 0x0799, 0x079A, 0x079C, 0x07BD, 0x07BE, 0x07BF,
    0x07A4, 0x07A4, 0x07A4, 0x07A4, 0x07A5, 0x07A6, 0x07A7, 0x07A7, 0x07A8, 0x07A9, 0x07AA, 0x07AB, 0x07AB, 0x07AC, 0x07AD, 0x07AE,
    0x07AF, 0x07B0, 0x07B1, 0x07B3, 0x07B4, 0x07B5, 0x07B5, 0x07D6, 0x07D7, 0x07D8, 0x07D9, 0x07DA, 0x07DB, 0x07DD, 0x07DE, 0x07FE,
    0x07E8, 0x07C8, 0x07C8, 0x07E8, 0x07E8, 0x07E9, 0x07E9, 0x07EA, 0x07EA, 0x07EB, 0x07EC, 0x07EC, 0x07CD, 0x07CD, 0x07EE, 0x07EF,
    0x07D0, 0x07D1, 0x07F2, 0x07F3, 0x07F4, 0x07F5, 0x07D6, 0x07F6, 0x07F7, 0x07F8, 0x07F9, 0x07FA, 0x07DB, 0x07DD, 0x07DE, 0x07FF,
    0x1841, 0x1841, 0x1821, 0x1821, 0x1821, 0x1821, 0x1822, 0x1822, 0x1822, 0x1823, 0x2024, 0x2005, 0x2806, 0x2808, 0x2809, 0x300B,
    0x300D, 0x280F, 0x2010, 0x1812, 0x1013, 0x0014, 0x0015, 0x0016, 0x0018, 0x0019, 0x001A, 0x001B, 0x001C, 0x001D, 0x001E, 0x001E,
    0x1841, 0x1841, 0x1841, 0x1821, 0x1821, 0x1821, 0x1822, 0x1822, 0x1822, 0x1823, 0x2024, 0x2005, 0x2806, 0x2808, 0x2809, 0x280B,
    0x280D, 0x280F, 0x2010, 0x1811, 0x0813, 0x0014, 0x0016, 0x0016, 0x0017, 0x0018, 0x0019, 0x001B, 0x001C, 0x001D, 0x001E, 0x001F,
    0x1841, 0x1841, 0x1841, 0x1841, 0x1821, 0x1821, 0x1822, 0x1822, 0x1822, 0x1823, 0x2024, 0x2005, 0x2006, 0x2807, 0x2809, 0x280B,
    0x280D, 0x280F, 0x2010, 0x1811, 0x0813, 0x0014, 0x0015, 0x0016, 0x0017, 0x0018, 0x0019, 0x001A, 0x001C, 0x001D, 0x001E, 0x001E,
    0x1841, 0x1841, 0x1841, 0x1841, 0x1841, 0x1821, 0x1822, 0x1822, 0x1822, 0x1823, 0x2024, 0x2005, 0x2006, 0x2807, 0x2809, 0x280B,
    0x280D, 0x200F, 0x1810, 0x1011, 0x0813, 0x0014, 0x0015, 0x0016, 0x0017, 0x0018, 0x0019, 0x001A, 0x001C, 0x001D, 0x001E, 0x001E,
    0x1841, 0x1841, 0x1841, 0x1841, 0x1841, 0x1841, 0x1822, 0x1822, 0x1822, 0x1823, 0x2024, 0x2005, 0x2006, 0x2807, 0x2009, 0x280B,
    0x200D, 0x200F, 0x1810, 0x0811, 0x0013, 0x0014, 0x0015, 0x0016, 0x0017, 0x0018, 0x0019, 0x001A, 0x001C, 0x001D, 0x001E, 0x001E,
    0x1861, 0x1860, 0x1860, 0x1860, 0x1861, 0x1841, 0x1841, 0x1842, 0x1842, 0x1843, 0x2024, 0x2025, 0x2006, 0x2007, 0x2009, 0x200B,
    0x200D, 0x180F, 0x1010, 0x0011, 0x0012, 0x0014, 0x0015, 0x0016, 0x0017, 0x0018, 0x0019, 0x001A, 0x001C, 0x001D, 0x001E, 0x001E,
    0x1881, 0x1880, 0x1880, 0x1881, 0x1881, 0x1861, 0x1861, 0x1862, 0x1842, 0x1843, 0x2044, 0x2025, 0x2026, 0x2008, 0x2009, 0x200B,
    0x180D, 0x100F, 0x0010, 0x0012, 0x0013, 0x0014, 0x0015, 0x0016, 0x0017, 0x0018, 0x001A, 0x001B, 0x001C, 0x001D, 0x001E, 0x001E,
    0x18A0, 0x18A0, 0x18A0, 0x18A1, 0x18A0, 0x1881, 0x1881, 0x1882, 0x2062, 0x1863, 0x2064, 0x2045, 0x2047, 0x2028, 0x182A, 0x180C,
    0x100E, 0x080F, 0x0011, 0x0012, 0x0013, 0x0014, 0x0016, 0x0016, 0x0017, 0x0018, 0x001A, 0x001B, 0x001C, 0x001D, 0x001E, 0x001E,
    0x18A0, 0x18C0, 0x18C0, 0x18C0, 0x18C0, 0x18C1, 0x18A1, 0x18A1, 0x20A2, 0x2083, 0x2084, 0x2085, 0x2067, 0x1868, 0x104A, 0x104C,
    0x084E, 0x002F, 0x0031, 0x0032, 0x0033, 0x0034, 0x0035, 0x0036, 0x0037, 0x0039, 0x003A, 0x003B, 0x003C, 0x003D, 0x003E, 0x003E,
    0x18C0, 0x18E0, 0x18E0, 0x18E0, 0x18E1, 0x18E1, 0x18E1, 0x18E1, 0x18E2, 0x20C3, 0x20C4, 0x18C5, 0x18A7, 0x10A8, 0x08AA, 0x008C,
    0x008E, 0x008F, 0x0091, 0x0072, 0x0093, 0x0094, 0x0095, 0x0076, 0x0077, 0x0078, 0x007A, 0x007B, 0x007C, 0x007D, 0x007E, 0x009E,
    0x1900, 0x1900, 0x1900, 0x1900, 0x1900, 0x1900, 0x1901, 0x1901, 0x1902, 0x1903, 0x2104, 0x1905, 0x1106, 0x0908, 0x010A, 0x010C,
    0x010D, 0x010F, 0x00F0, 0x00F2, 0x00F3, 0x00F4, 0x00F5, 0x00F6, 0x00F7, 0x00F8, 0x00FA, 0x00FB, 0x00FC, 0x00FD, 0x00FE, 0x00FF,
    0x1940, 0x1940, 0x1940, 0x1940, 0x1920, 0x1940, 0x1940, 0x1941, 0x1942, 0x1943, 0x1944, 0x1965, 0x1166, 0x0168, 0x0169, 0x018B,
    0x018D, 0x018F, 0x0190, 0x0192, 0x0193, 0x0194, 0x0195, 0x0176, 0x0177, 0x0178, 0x017A, 0x017B, 0x017C, 0x017D, 0x017E, 0x017F,
    0x19A0, 0x19A0, 0x1980, 0x1980, 0x1980, 0x19A0, 0x19A0, 0x11A1, 0x11A1, 0x11A2, 0x11C4, 0x11C5, 0x09C6, 0x01E8, 0x01E9, 0x020C,
    0x022D, 0x022F, 0x0230, 0x0232, 0x0233, 0x0234, 0x0215, 0x0216, 0x0217, 0x0219, 0x021A, 0x021B, 0x021C, 0x021D, 0x021E, 0x021E,
    0x1A20, 0x1A20, 0x1A00, 0x1A00, 0x1A00, 0x1220, 0x1220, 0x1220, 0x1221, 0x1222, 0x0A44, 0x0A45, 0x0A47, 0x0268, 0x026A, 0x02AC,
    0x02CE, 0x02CF, 0x02D1, 0x02D2, 0x02D3, 0x02D5, 0x02B6, 0x02B7, 0x02B8, 0x0299, 0x029A, 0x029A, 0x029C, 0x029D, 0x029E, 0x029F,
    0x1280, 0x1280, 0x1260, 0x1260, 0x1280, 0x0A80, 0x0A80, 0x0A80, 0x0A80, 0x0281, 0x02A3, 0x02A5, 0x02A7, 0x02A8, 0x02CA, 0x02EC,
    0x030E, 0x030F, 0x0331, 0x0332, 0x0333, 0x0335, 0x0335, 0x0316, 0x0317, 0x0319, 0x031A, 0x031A, 0x031C, 0x02FD, 0x02FE, 0x02FE,
    0x12E0, 0x0AE0, 0x0AC0, 0x0AC0, 0x0AC0, 0x02E0, 0x02E0, 0x02E0, 0x02E0, 0x02E1, 0x0303, 0x0304, 0x0306, 0x0308, 0x032A, 0x034C,
    0x036E, 0x036F, 0x0371, 0x0392, 0x0393, 0x03B4, 0x0395, 0x0396, 0x0397, 0x0398, 0x0399, 0x039A, 0x037C, 0x037D, 0x037E, 0x037E,
    0x0340, 0x0340, 0x0320, 0x0320, 0x0320, 0x0340, 0x0340, 0x0340, 0x0340, 0x0340, 0x0362, 0x0364, 0x0366, 0x0368, 0x038A, 0x038C,
    0x03AD, 0x03CF, 0x03D0, 0x03D2, 0x03F3, 0x03F4, 0x03F5, 0x03F6, 0x03F7, 0x03F8, 0x03F9, 0x03FA, 0x03FC, 0x03FD, 0x03FE, 0x03FE,
    0x03A0, 0x03A0, 0x03A0, 0x0380, 0x0380, 0x03A0, 0x03A0, 0x03A0, 0x03A0, 0x03A0, 0x03C1, 0x03C3, 0x03C6, 0x03C8, 0x03C9, 0x03EB,
    0x040D, 0x040F, 0x0410, 0x0431, 0x0433, 0x0454, 0x0455, 0x0456, 0x0457, 0x0458, 0x0459, 0x045A, 0x045B, 0x045D, 0x045E, 0x045E,
    0x0420, 0x0400, 0x03E0, 0x03E0, 0x03E0, 0x0400, 0x0400, 0x0400, 0x0400, 0x0400, 0x0420, 0x0422, 0x0425, 0x0427, 0x0429, 0x044B,
    0x044D, 0x044E, 0x0470, 0x0471, 0x0473, 0x0474, 0x0495, 0x0496, 0x0497, 0x04B8, 0x04B9, 0x04BA, 0x04BB, 0x04BD, 0x04BE, 0x04DF,
    0x04A0, 0x0480, 0x0480, 0x0460, 0x0480, 0x04A0, 0x0480, 0x0480, 0x0480, 0x0480, 0x04A1, 0x04A3, 0x04A5, 0x04A8, 0x04AA, 0x04CC,
    0x04CD, 0x04CF, 0x04D0, 0x04D2, 0x04D3, 0x04D4, 0x04D5, 0x04F6, 0x04F7, 0x04F8, 0x0519, 0x051A, 0x051C, 0x051D, 0x051E, 0x053F,
    0x0500, 0x04E0, 0x04E0, 0x04E0, 0x04E0, 0x0500, 0x0500, 0x04E0, 0x04E0, 0x04E0, 0x0501, 0x0503, 0x0505, 0x0508, 0x050A, 0x050C,
    0x050D, 0x050F, 0x0510, 0x0511, 0x0533, 0x0534, 0x0535, 0x0536, 0x0537, 0x0538, 0x055A, 0x055A, 0x055C, 0x057D, 0x057E, 0x057F,
    0x0540, 0x0540, 0x0520, 0x0520, 0x0540, 0x0540, 0x0540, 0x0540, 0x0520, 0x0540, 0x0540, 0x0543, 0x0545, 0x0547, 0x054A, 0x054C,
    0x054D, 0x054F, 0x0550, 0x0551, 0x0553, 0x0574, 0x0575, 0x0576, 0x0577, 0x0578, 0x057A, 0x059A, 0x05BC, 0x05BD, 0x05DE, 0x05DE,
    0x0560, 0x0560, 0x0560, 0x0560, 0x0560, 0x0580, 0x0580, 0x0560, 0x0560, 0x0560, 0x0581, 0x0583, 0x0585, 0x0587, 0x058A, 0x058C,
    0x058E, 0x058F, 0x0590, 0x0591, 0x0592, 0x0594, 0x05B5, 0x0596, 0x05B7, 0x05B8, 0x05D9, 0x05DA, 0x05DB, 0x05FD, 0x061E, 0x063F,
    0x05C0, 0x05A0, 0x05A0, 0x05A0, 0x05A0, 0x05C0, 0x05C0, 0x05A0, 0x05A0, 0x05A0, 0x05C1, 0x05C3, 0x05C5, 0x05A7, 0x05C9, 0x05CC,
    0x05CE, 0x05CF, 0x05D0, 0x05D1, 0x05D2, 0x05D3, 0x05D4, 0x05F6, 0x05F7, 0x05F8, 0x0619, 0x061B, 0x063B, 0x063D, 0x065E, 0x067F,
    0x0600, 0x05E0, 0x05E0, 0x05E0, 0x05E0, 0x0600, 0x05E0, 0x05E0, 0x05E0, 0x05E0, 0x0601, 0x0603, 0x05E5, 0x05E7, 0x05E9, 0x060C,
    0x060D, 0x05EF, 0x0610, 0x0611, 0x0612, 0x0613, 0x0614, 0x0616, 0x0637, 0x0638, 0x0659, 0x065A, 0x065B, 0x067D, 0x069E, 0x06BF,
    0x0640, 0x0640, 0x0640, 0x0620, 0x0640, 0x0640, 0x0640, 0x0640, 0x0620, 0x0641, 0x0643, 0x0645, 0x0646, 0x0648, 0x064A, 0x064C,
    0x064E, 0x064F, 0x0650, 0x0651, 0x0652, 0x0653, 0x0655, 0x0656, 0x0657, 0x0678, 0x0699, 0x069A, 0x06BB, 0x06BD, 0x06DE, 0x06FF,
    0x06A0, 0x06A0, 0x06A0, 0x06A0, 0x06A0, 0x06A0, 0x06A0, 0x06A0, 0x0680, 0x06A3, 0x06A5, 0x06A7, 0x06A8, 0x06AA, 0x06AB, 0x06AD,
    0x06AF, 0x06B0, 0x0691, 0x0692, 0x06B3, 0x06B4, 0x06B5, 0x0696, 0x06B7, 0x06B8, 0x06D9, 0x06DA, 0x06FC, 0x06FD, 0x071E, 0x073E,
    0x06E0, 0x06E0, 0x06E0, 0x06E0, 0x06E0, 0x06E0, 0x06E0, 0x06E0, 0x06E1, 0x06E4, 0x06E6, 0x06E8, 0x06E9, 0x06EA, 0x06EC, 0x06ED,
    0x06EE, 0x06F0, 0x06D1, 0x06D2, 0x06F3, 0x06F4, 0x06F5, 0x06F6, 0x06F7, 0x06F8, 0x06F9, 0x071B, 0x073C, 0x073D, 0x075E, 0x075F,
    0x0720, 0x0720, 0x0720, 0x0720, 0x0720, 0x0721, 0x0722, 0x0723, 0x0724, 0x0726, 0x0728, 0x0729, 0x072A, 0x072B, 0x072C, 0x072D,
    0x072E, 0x0730, 0x0731, 0x0732, 0x0733, 0x0734, 0x0735, 0x0736, 0x0737, 0x0738, 0x0739, 0x075A, 0x077C, 0x077D, 0x079E, 0x079E,
    0x0761, 0x0761, 0x0761, 0x0761, 0x0762, 0x0763, 0x0764, 0x0765, 0x0766, 0x0768, 0x0769, 0x076A, 0x076B, 0x076B, 0x076D, 0x076E,
    0x076F, 0x0770, 0x0771, 0x0772, 0x0773, 0x0774, 0x0775, 0x0776, 0x0777, 0x0798, 0x0799, 0x079A, 0x079B, 0x07BD, 0x07BE, 0x07BE,
    0x07A4, 0x07A4, 0x07A4, 0x07A4, 0x07A5, 0x07A7, 0x07A7, 0x07A7, 0x07A8, 0x07A9, 0x07AA, 0x07AB, 0x07AC, 0x07AC, 0x07AD, 0x07AE,
    0x07AF, 0x07B0, 0x07B1, 0x07B2, 0x07B4, 0x07B5, 0x07B6, 0x07B6, 0x07B7, 0x07D8, 0x07D9, 0x07DA, 0x07DB, 0x07DD, 0x07FE, 0x07FF,
    0x07E9, 0x07E8, 0x07E8, 0x07E8, 0x07E8, 0x07E9, 0x07EA, 0x07EA, 0x07EA, 0x07EB, 0x07EC, 0x07EC, 0x07ED, 0x07ED, 0x07EE, 0x07EF,
    0x07F0, 0x07F1, 0x07F2, 0x07F3, 0x07F4, 0x07F5, 0x07D6, 0x07D6, 0x07F7, 0x07F8, 0x07D9, 0x07DA, 0x07DB, 0x07DD, 0x07FE, 0x07FF,
    0x1841, 0x1841, 0x1821, 0x1821, 0x1821, 0x2021, 0x2022, 0x2022, 0x2023, 0x2003, 0x2004, 0x2805, 0x2806, 0x3008, 0x3009, 0x380B,
    0x380D, 0x380F, 0x3810, 0x3012, 0x2013, 0x1814, 0x1015, 0x0016, 0x0017, 0x0019, 0x001A, 0x001A, 0x001C, 0x001D, 0x001E, 0x001E,
    0x1841, 0x1841, 0x1821, 0x1821, 0x1821, 0x2021, 0x2022, 0x2022, 0x2023, 0x2003, 0x2004, 0x2805, 0x2806, 0x3008, 0x3009, 0x380B,
    0x380D, 0x380F, 0x3010, 0x2811, 0x2013, 0x1814, 0x1015, 0x0016, 0x0017, 0x0018, 0x0019, 0x001A, 0x001C, 0x001D, 0x001E, 0x001E,
    0x1841, 0x1841, 0x1841, 0x1821, 0x1821, 0x2021, 0x2022, 0x2022, 0x2023, 0x2023, 0x2004, 0x2805, 0x2806, 0x3007, 0x3009, 0x380B,
    0x380D, 0x300F, 0x3010, 0x2811, 0x2013, 0x1014, 0x0815, 0x0016, 0x0017, 0x0018, 0x0019, 0x001A, 0x001C, 0x001D, 0x001E, 0x001E,
    0x1841, 0x1841, 0x1841, 0x1841, 0x2041, 0x2021, 0x2022, 0x2022, 0x2022, 0x2023, 0x2004, 0x2805, 0x2806, 0x3007, 0x3009, 0x300B,
    0x300D, 0x300F, 0x3010, 0x2811, 0x1813, 0x1014, 0x0815, 0x0016, 0x0017, 0x0018, 0x001A, 0x001A, 0x001C, 0x001D, 0x001E, 0x001E,
    0x1861, 0x1861, 0x1861, 0x2041, 0x2041, 0x2021, 0x2022, 0x2022, 0x2022, 0x2023, 0x2024, 0x2805, 0x2806, 0x3008, 0x3009, 0x300B,
    0x300D, 0x300F, 0x2810, 0x2011, 0x1813, 0x1014, 0x0815, 0x0016, 0x0017, 0x0018, 0x0019, 0x001A, 0x001C, 0x001D, 0x001E, 0x001E,
    0x1881, 0x1861, 0x2061, 0x1860, 0x1861, 0x2041, 0x2041, 0x2042, 0x2042, 0x2023, 0x2024, 0x2805, 0x2806, 0x3007, 0x3009, 0x300B,
    0x300D, 0x300F, 0x2810, 0x1811, 0x1012, 0x0814, 0x0015, 0x0016, 0x0017, 0x0018, 0x0019, 0x001A, 0x001C, 0x001D, 0x001E, 0x001E,
    0x2081, 0x2080, 0x2080, 0x2080, 0x2080, 0x2061, 0x2061, 0x2062, 0x2042, 0x2043, 0x2024, 0x2825, 0x2806, 0x3008, 0x3009, 0x300B,
    0x300D, 0x280F, 0x1810, 0x1012, 0x0813, 0x0014, 0x0015, 0x0016, 0x0017, 0x0018, 0x001A, 0x001B, 0x001C, 0x001D, 0x001E, 0x001E,
    0x20A0, 0x20A0, 0x20A0, 0x20A0, 0x20A0, 0x20A1, 0x2081, 0x2082, 0x2062, 0x2063, 0x2844, 0x2845, 0x2827, 0x3028, 0x280A, 0x280C,
    0x280E, 0x200F, 0x1011, 0x0812, 0x0813, 0x0014, 0x0015, 0x0016, 0x0017, 0x0019, 0x001A, 0x001B, 0x001C, 0x001D, 0x001E, 0x001E,
    0x20C0, 0x20C0, 0x20C0, 0x20C0, 0x20C0, 0x20C0, 0x20C1, 0x20A1, 0x20A2, 0x2883, 0x2884, 0x2865, 0x2867, 0x2848, 0x282A, 0x202C,
    0x202E, 0x100F, 0x1011, 0x0812, 0x0013, 0x0014, 0x0015, 0x0016, 0x0017, 0x0019, 0x001A, 0x001B, 0x001C, 0x001D, 0x001E, 0x001F,
    0x20E0, 0x20E0, 0x20E0, 0x20E0, 0x20E0, 0x2100, 0x2101, 0x20E1, 0x20E2, 0x28C3, 0x28C4, 0x28A5, 0x28A7, 0x2088, 0x208A, 0x186C,
    0x106E, 0x106F, 0x0051, 0x0052, 0x0053, 0x0054, 0x0055, 0x0056, 0x0057, 0x0058, 0x005A, 0x005A, 0x003C, 0x003D, 0x003E, 0x003F,
    0x1920, 0x1920, 0x1900, 0x1900, 0x2100, 0x2120, 0x2120, 0x2121, 0x2122, 0x2103, 0x2904, 0x2905, 0x20E7, 0x20E8, 0x18CA, 0x10CC,
    0x08CE, 0x00CF, 0x00B0, 0x00B2, 0x00B3, 0x00B4, 0x00B5, 0x00B6, 0x00B7, 0x00B8, 0x00BA, 0x00BB, 0x00BC, 0x00BD, 0x009E, 0x009F,
    0x2140, 0x1940, 0x1940, 0x1940, 0x1940, 0x2140, 0x2160, 0x2161, 0x2142, 0x2142, 0x2144, 0x2145, 0x2146, 0x1948, 0x1149, 0x094C,
    0x014D, 0x012F, 0x0130, 0x0132, 0x0133, 0x0134, 0x0135, 0x0136, 0x0137, 0x0138, 0x0139, 0x013B, 0x013C, 0x013D, 0x013E, 0x013E,
    0x21A0, 0x21A0, 0x21A0, 0x21A0, 0x2180, 0x21A0, 0x21A0, 0x21A0, 0x21A1, 0x21A2, 0x21C3, 0x21C5, 0x21C6, 0x11C8, 0x09CA, 0x01CC,
    0x01ED, 0x01CF, 0x01D0, 0x01D2, 0x01D3, 0x01D4, 0x01D5, 0x01B6, 0x01B7, 0x01B8, 0x01BA, 0x01BB, 0x01BC, 0x01BD, 0x01BE, 0x01BE,
    0x2240, 0x2220, 0x2220, 0x2220, 0x2220, 0x2240, 0x2220, 0x2220, 0x2221, 0x1A22, 0x2244, 0x2245, 0x1A47, 0x1248, 0x126A, 0x028C,
    0x02AE, 0x02B0, 0x0291, 0x0292, 0x0293, 0x0295, 0x0296, 0x0277, 0x0278, 0x0259, 0x025A, 0x025B, 0x025C, 0x025D, 0x025E, 0x025F,
    0x22A0, 0x2280, 0x2280, 0x2280, 0x1A80, 0x1AA0, 0x1A80, 0x1A80, 0x1280, 0x12A2, 0x12A3, 0x12A5, 0x12A6, 0x12A8, 0x0AAA, 0x02CC,
    0x030E, 0x030F, 0x0311, 0x0312, 0x0313, 0x0315, 0x02F6, 0x02F6, 0x02F7, 0x02F9, 0x02FA, 0x02DB, 0x02DC, 0x02DD, 0x02DE, 0x02DE,
    0x1AE0, 0x1AE0, 0x1AE0, 0x1AC0, 0x1AE0, 0x12E0, 0x12E0, 0x12E0, 0x0AE0, 0x0AE1, 0x0B03, 0x0B04, 0x0B06, 0x0B08, 0x030A, 0x032C,
    0x034E, 0x036F, 0x0370, 0x0372, 0x0373, 0x0394, 0x0375, 0x0376, 0x0377, 0x0379, 0x037A, 0x035B, 0x035C, 0x035D, 0x035E, 0x035E,
    0x1340, 0x1340, 0x1340, 0x1320, 0x1340, 0x0B40, 0x0B40, 0x0B40, 0x0340, 0x0340, 0x0362, 0x0364, 0x0366, 0x0368, 0x036A, 0x038C,
    0x03AD, 0x03AF, 0x03B0, 0x03D1, 0x03D3, 0x03F4, 0x03D5, 0x03D6, 0x03D7, 0x03D8, 0x03D9, 0x03DA, 0x03DC, 0x03DD, 0x03DE, 0x03DE,
    0x0BC0, 0x0BA0, 0x0BA0, 0x0B80, 0x0BA0, 0x03A0, 0x03A0, 0x03A0, 0x03A0, 0x03A0, 0x03C1, 0x03C3, 0x03C5, 0x03C7, 0x03C9, 0x03EB,
    0x03ED, 0x040F, 0x0410, 0x0411, 0x0433, 0x0434, 0x0435, 0x0436, 0x0437, 0x0438, 0x0459, 0x045A, 0x043C, 0x043D, 0x043E, 0x043F,
    0x0400, 0x0400, 0x0400, 0x03E0, 0x03E0, 0x0400, 0x0400, 0x0400, 0x0400, 0x0400, 0x0420, 0x0423, 0x0425, 0x0427, 0x0429, 0x044B,
    0x044D, 0x044E, 0x0450, 0x0471, 0x0473, 0x0474, 0x0475, 0x0496, 0x0497, 0x0498, 0x04B9, 0x04BA, 0x049B, 0x049D, 0x04BE, 0x04BF,
    0x04A0, 0x0480, 0x0480, 0x0480, 0x0480, 0x04A0, 0x0480, 0x0480, 0x0480, 0x0480, 0x04A1, 0x04A3, 0x04A5, 0x04A8, 0x04AA, 0x04AC,
    0x04CD, 0x04CF, 0x04D0, 0x04D2, 0x04D3, 0x04D4, 0x04D5, 0x04D6, 0x04F7, 0x04F8, 0x0519, 0x051A, 0x051C, 0x051D, 0x051E, 0x051F,
    0x0500, 0x04E0, 0x04E0, 0x04E0, 0x04E0, 0x0500, 0x04E0, 0x04E0, 0x04E0, 0x04E0, 0x0501, 0x0503, 0x0505, 0x0508, 0x050A, 0x050C,
    0x050D, 0x050F, 0x0510, 0x0512, 0x0533, 0x0534, 0x0535, 0x0536, 0x0537, 0x0538, 0x055A, 0x055B, 0x055C, 0x057D, 0x057E, 0x057F,
    0x0540, 0x0520, 0x0520, 0x0520, 0x0520, 0x0540, 0x0540, 0x0520, 0x0520, 0x0520, 0x0541, 0x0543, 0x0545, 0x0547, 0x054A, 0x054C,
    0x054D, 0x054F, 0x0550, 0x0551, 0x0553, 0x0574, 0x0555, 0x0556, 0x0577, 0x0578, 0x0599, 0x059A, 0x05BC, 0x05BD, 0x05BE, 0x05DF,
    0x0560, 0x0560, 0x0560, 0x0560, 0x0560, 0x0580, 0x0580, 0x0560, 0x0560, 0x0560, 0x0581, 0x0583, 0x0585, 0x0587, 0x0589, 0x058C,
    0x058D, 0x058F, 0x0590, 0x0591, 0x0592, 0x0594, 0x05B5, 0x05B6, 0x05B7, 0x05B8, 0x05D9, 0x05DA, 0x05DB, 0x05FD, 0x061E, 0x063F,
    0x05A0, 0x05A0, 0x05A0, 0x05A0, 0x05A0, 0x05A0, 0x05A0, 0x05A0, 0x05A0, 0x05A0, 0x05C1, 0x05C3, 0x05A5, 0x05A7, 0x05A9, 0x05CC,
    0x05CD, 0x05CF, 0x05D0, 0x05D1, 0x05D2, 0x05D3, 0x05D5, 0x05F6, 0x05F7, 0x05F8, 0x0619, 0x061B, 0x061C, 0x063D, 0x065E, 0x065F,
    0x0600, 0x05E0, 0x05E0, 0x05E0, 0x05E0, 0x05E0, 0x05E0, 0x05E0, 0x05E0, 0x05E0, 0x0602, 0x0604, 0x05E6, 0x05E7, 0x05E9, 0x060B,
    0x060D, 0x05EF, 0x05F0, 0x0611, 0x0612, 0x0613, 0x0614, 0x0616, 0x0637, 0x0638, 0x0659, 0x065A, 0x065B, 0x067D, 0x069E, 0x06BF,
    0x0640, 0x0640, 0x0640, 0x0620, 0x0640, 0x0640, 0x0640, 0x0640, 0x0620, 0x0641, 0x0643, 0x0645, 0x0647, 0x0648, 0x064A, 0x064C,
    0x064E, 0x0E4F, 0x0E50, 0x0651, 0x0652, 0x0653, 0x0654, 0x0656, 0x0677, 0x0678, 0x0699, 0x069A, 0x06BB, 0x06BD, 0x06DE, 0x06FE,
    0x06A0, 0x06A0, 0x06A0, 0x0680, 0x06A0, 0x06A0, 0x06A0, 0x06A0, 0x0680, 0x06A3, 0x06A6, 0x06A7, 0x06A8, 0x068A, 0x06AB, 0x06AD,
    0x06AE, 0x0E90, 0x1691, 0x1692, 0x0EB3, 0x06B4, 0x06B5, 0x06B6, 0x06B7, 0x06B8, 0x06D9, 0x06DA, 0x06FC, 0x06FD, 0x071E, 0x071E,
    0x06E0, 0x06E0, 0x06E0, 0x06C0, 0x06E0, 0x06E0, 0x06E0, 0x06E0, 0x06E2, 0x06E4, 0x06E6, 0x06E8, 0x06E9, 0x06CA, 0x06EB, 0x06ED,
    0x06EE, 0x06D0, 0x1ED1, 0x16D2, 0x0EF3, 0x0EF4, 0x06F5, 0x06F6, 0x06F7, 0x06F8, 0x06F9, 0x071A, 0x073C, 0x073D, 0x075E, 0x075F,
    0x0720, 0x0720, 0x0720, 0x0720, 0x0720, 0x0721, 0x0722, 0x0723, 0x0724, 0x0726, 0x0728, 0x0729, 0x072A, 0x072B, 0x072C, 0x072D,
    0x072F, 0x0730, 0x0F31, 0x1732, 0x1733, 0x0F34, 0x0735, 0x0736, 0x0737, 0x0738, 0x0739, 0x075A, 0x077C, 0x077D, 0x079E, 0x079E,
    0x0762, 0x0761, 0x0761, 0x0761, 0x0762, 0x0764, 0x0765, 0x0765, 0x0766, 0x0768, 0x0769, 0x076A, 0x076B, 0x076C, 0x076D, 0x076E,
    0x076F, 0x0770, 0x0771, 0x1772, 0x1773, 0x0F74, 0x0775, 0x0776, 0x0797, 0x0798, 0x0799, 0x079A, 0x079B, 0x07BD, 0x07DE, 0x07BE,
    0x07A5, 0x07A5, 0x07A4, 0x07A5, 0x07A5, 0x07A7, 0x07A8, 0x07A8, 0x07A8, 0x07A9, 0x07AA, 0x07AB, 0x07AC, 0x07AC, 0x07AD, 0x07AE,
    0x07AF, 0x07B0, 0x07B1, 0x0FB3, 0x17B4, 0x0FB5, 0x07B6, 0x07B6, 0x07B7, 0x07D8, 0x07D9, 0x07DA, 0x07DB, 0x07DD, 0x07FE, 0x07FF,
    0x07E9, 0x07E8, 0x07C8, 0x07C8, 0x07C9, 0x07CA, 0x07CA, 0x07EA, 0x07EB, 0x07EB, 0x07EC, 0x07ED, 0x07ED, 0x07ED, 0x07EE, 0x07EF,
    0x07F0, 0x07F0, 0x07F1, 0x07F3, 0x0FF4, 0x0FD5, 0x07F6, 0x07F6, 0x07D7, 0x07D8, 0x07F9, 0x07FA, 0x07DB, 0x07DD, 0x07FE, 0x07FF,
    0x2041, 0x2041, 0x2021, 0x2021, 0x2021, 0x2001, 0x2002, 0x2002, 0x2003, 0x2003, 0x2804, 0x2805, 0x3006, 0x3808, 0x3809, 0x400B,
    0x400D, 0x400F, 0x4010, 0x4011, 0x3813, 0x3014, 0x2815, 0x1816, 0x0817, 0x0018, 0x0019, 0x001A, 0x001C, 0x001D, 0x001E, 0x001E,
    0x2040, 0x2041, 0x2021, 0x2021, 0x2021, 0x2001, 0x2002, 0x2002, 0x2003, 0x2003, 0x2804, 0x2805, 0x3006, 0x3808, 0x3809, 0x400B,
    0x400D, 0x400F, 0x4010, 0x4011, 0x3813, 0x3014, 0x2815, 0x1016, 0x0817, 0x0018, 0x0019, 0x001A, 0x001B, 0x001D, 0x001E, 0x001E,
    0x2040, 0x2040, 0x2040, 0x2021, 0x2021, 0x2021, 0x2002, 0x2002, 0x2803, 0x2003, 0x2804, 0x2805, 0x3006, 0x3807, 0x3809, 0x400B,
    0x400D, 0x400F, 0x4010, 0x3811, 0x3813, 0x3014, 0x2015, 0x1016, 0x0817, 0x0018, 0x0019, 0x001A, 0x001C, 0x001D, 0x001E, 0x001E,
    0x2060, 0x2040, 0x2040, 0x2041, 0x2021, 0x2021, 0x2021, 0x2822, 0x2803, 0x2803, 0x2804, 0x2805, 0x3006, 0x3807, 0x3809, 0x400B,
    0x400D, 0x400E, 0x4010, 0x3811, 0x3013, 0x2814, 0x2015, 0x1016, 0x0817, 0x0018, 0x001A, 0x001A, 0x001C, 0x001D, 0x001E, 0x001E,
    0x2061, 0x2060, 0x2060, 0x2041, 0x2041, 0x2821, 0x2821, 0x2822, 0x2822, 0x2803, 0x2804, 0x2805, 0x3006, 0x3807, 0x3809, 0x400B,
    0x400D, 0x400F, 0x3810, 0x3811, 0x3013, 0x2814, 0x1815, 0x0816, 0x0017, 0x0018, 0x0019, 0x001A, 0x001C, 0x001D, 0x001E, 0x001E,
    0x2081, 0x2081, 0x2061, 0x2061, 0x2061, 0x2841, 0x2841, 0x2822, 0x2822, 0x2823, 0x2804, 0x2805, 0x3006, 0x3808, 0x3809, 0x380B,
    0x400D, 0x400F, 0x3810, 0x3011, 0x2813, 0x2014, 0x1015, 0x0816, 0x0017, 0x0018, 0x001A, 0x001A, 0x001C, 0x001D, 0x001E, 0x001E,
    0x20A0, 0x20A0, 0x2080, 0x2080, 0x2881, 0x2861, 0x2861, 0x2842, 0x2842, 0x2823, 0x2824, 0x3005, 0x3006, 0x3808, 0x3809, 0x400B,
    0x400D, 0x380F, 0x3010, 0x3012, 0x2013, 0x1814, 0x0815, 0x0016, 0x0017, 0x0018, 0x001A, 0x001B, 0x001C, 0x001D, 0x001E, 0x001E,
    0x20C0, 0x28C0, 0x28A0, 0x28A0, 0x28A0, 0x28A1, 0x2881, 0x2882, 0x2862, 0x3043, 0x3044, 0x3025, 0x3027, 0x3808, 0x380A, 0x380C,
    0x380E, 0x380F, 0x3011, 0x2812, 0x1813, 0x1015, 0x0815, 0x0016, 0x0017, 0x0019, 0x001A, 0x001B, 0x001C, 0x001D, 0x001E, 0x001F,
    0x20E0, 0x28E0, 0x28E0, 0x28E0, 0x28C0, 0x28E0, 0x28C1, 0x28A1, 0x28A2, 0x3083, 0x3064, 0x3065, 0x3047, 0x3828, 0x380A, 0x380C,
    0x300E, 0x300F, 0x2810, 0x1812, 0x1013, 0x0814, 0x0015, 0x0016, 0x0017, 0x0019, 0x001A, 0x001A, 0x001C, 0x001D, 0x001E, 0x001F,
    0x2920, 0x2900, 0x2900, 0x2900, 0x2900, 0x2920, 0x2901, 0x2901, 0x30E2, 0x30C3, 0x30C4, 0x30A5, 0x3887, 0x3068, 0x304A, 0x304C,
    0x302D, 0x282F, 0x1811, 0x1012, 0x0813, 0x0014, 0x0015, 0x0016, 0x0017, 0x0018, 0x001A, 0x001A, 0x001C, 0x001D, 0x001E, 0x001E,
    0x2120, 0x2120, 0x2120, 0x2120, 0x2120, 0x2940, 0x2940, 0x2921, 0x2922, 0x3103, 0x3104, 0x3105, 0x30E7, 0x30C8, 0x30AA, 0x28AC,
    0x20AD, 0x108F, 0x0890, 0x0892, 0x0093, 0x0094, 0x0075, 0x0076, 0x0077, 0x0078, 0x007A, 0x007B, 0x007C, 0x007D, 0x007E, 0x005F,
    0x2160, 0x2160, 0x2160, 0x2140, 0x2140, 0x2160, 0x2960, 0x2961, 0x2961, 0x2962, 0x3164, 0x3145, 0x3146, 0x3128, 0x290A, 0x210C,
    0x110D, 0x090F, 0x08F0, 0x00F2, 0x00F3, 0x00F4, 0x00F5, 0x00F6, 0x00F7, 0x00D8, 0x00DA, 0x00FB, 0x00FC, 0x00DD, 0x00DE, 0x00DF,
    0x29C0, 0x29A0, 0x21A0, 0x21A0, 0x21A0, 0x29C0, 0x29C0, 0x29C0, 0x29C1, 0x29A2, 0x31C3, 0x31C5, 0x31A6, 0x29A8, 0x21AA, 0x11AC,
    0x09AD, 0x098F, 0x0190, 0x0192, 0x0193, 0x0174, 0x0175, 0x0176, 0x0177, 0x0178, 0x017A, 0x017B, 0x017C, 0x015D, 0x015E, 0x017E,
    0x2A40, 0x2A20, 0x2A20, 0x2A20, 0x2A20, 0x2A40, 0x2A40, 0x2A40, 0x2A20, 0x2A22, 0x2A43, 0x3245, 0x3247, 0x3248, 0x224A, 0x126C,
    0x0A6E, 0x0270, 0x0251, 0x0252, 0x0253, 0x0235, 0x0236, 0x0237, 0x0218, 0x0219, 0x021A, 0x021B, 0x021C, 0x01FD, 0x01FE, 0x021F,
    0x2AA0, 0x2A80, 0x2A80, 0x2A80, 0x2A80, 0x2AA0, 0x2AA0, 0x2A80, 0x2280, 0x22A1, 0x2AA3, 0x2AA5, 0x2AA6, 0x2AA8, 0x22AA, 0x12CC,
    0x0AEE, 0x02EF, 0x02F1, 0x02F2, 0x02D3, 0x02D5, 0x02D6, 0x02B6, 0x02B7, 0x02B9, 0x02BA, 0x029B, 0x029C, 0x029D, 0x029E, 0x029E,
    0x2B00, 0x2AE0, 0x2AE0, 0x2AE0, 0x22E0, 0x2B00, 0x22E0, 0x22E0, 0x22E0, 0x1AE0, 0x1B03, 0x1B04, 0x1B06, 0x2308, 0x1B09, 0x132C,
    0x0B4E, 0x036F, 0x0350, 0x0352, 0x0353, 0x0374, 0x0355, 0x0356, 0x0338, 0x0339, 0x033A, 0x033B, 0x033C, 0x031D, 0x031E, 0x031E,
    0x2360, 0x2340, 0x2340, 0x2340, 0x2340, 0x2340, 0x1B60, 0x1B40, 0x1340, 0x1340, 0x1362, 0x1364, 0x1366, 0x1367, 0x0B69, 0x0B8C,
    0x0BAD, 0x03AF, 0x03B0, 0x03B1, 0x03D3, 0x03D4, 0x03D5, 0x03B6, 0x03B7, 0x03B9, 0x03B9, 0x03BA, 0x03BC, 0x03BD, 0x039E, 0x039F,
    0x1BC0, 0x1BA0, 0x1BA0, 0x1B80, 0x1BA0, 0x13A0, 0x13A0, 0x0BA0, 0x0BA0, 0x03A0, 0x0BC1, 0x0BC3, 0x0BC5, 0x03C7, 0x0BC9, 0x0BEB,
    0x0BED, 0x03EF, 0x03F0, 0x0411, 0x0413, 0x0434, 0x0435, 0x0436, 0x0437, 0x0438, 0x0439, 0x043A, 0x043C, 0x041D, 0x041E, 0x041F,
    0x0C00, 0x0C00, 0x0C00, 0x0BE0, 0x0C00, 0x0C00, 0x0C00, 0x0400, 0x03E0, 0x03E0, 0x0421, 0x0423, 0x0425, 0x0426, 0x0429, 0x042B,
    0x044D, 0x044E, 0x0450, 0x0451, 0x0473, 0x0474, 0x0475, 0x0476, 0x0497, 0x0498, 0x0499, 0x049A, 0x049C, 0x049D, 0x049E, 0x049F,
    0x0CA0, 0x0C80, 0x0480, 0x0480, 0x0480, 0x04A0, 0x04A0, 0x0480, 0x0480, 0x0480, 0x04A1, 0x04A3, 0x04A5, 0x04A8, 0x04AA, 0x0CAC,
    0x0CAD, 0x04AE, 0x04B0, 0x04D2, 0x04D3, 0x04D4, 0x04D5, 0x04D6, 0x04D7, 0x04F8, 0x04F9, 0x04FB, 0x04FC, 0x04FD, 0x051E, 0x051F,
    0x0500, 0x04E0, 0x04E0, 0x04E0, 0x04E0, 0x0500, 0x04E0, 0x04E0, 0x04E0, 0x04E0, 0x0501, 0x0503, 0x0506, 0x0508, 0x050A, 0x0D0C,
    0x0D0D, 0x0D0F, 0x0510, 0x0512, 0x0513, 0x0534, 0x0535, 0x0536, 0x0537, 0x0538, 0x0559, 0x055B, 0x055C, 0x055D, 0x057E, 0x057F,
    0x0540, 0x0520, 0x0520, 0x0520, 0x0520, 0x0540, 0x0520, 0x0520, 0x0520, 0x0520, 0x0541, 0x0543, 0x0545, 0x0547, 0x0549, 0x054C,
    0x0D4D, 0x0D4F, 0x0550, 0x0551, 0x0553, 0x0554, 0x0555, 0x0556, 0x0577, 0x0578, 0x0599, 0x059B, 0x059C, 0x05BD, 0x05BE, 0x05BF,
    0x0560, 0x0560, 0x0560, 0x0560, 0x0560, 0x0560, 0x0560, 0x0560, 0x0560, 0x0560, 0x0581, 0x0583, 0x0565, 0x0567, 0x0569, 0x058B,
    0x058D, 0x0D6F, 0x0590, 0x0591, 0x0592, 0x0594, 0x05B5, 0x05B6, 0x05B7, 0x05B8, 0x05D9, 0x05DA, 0x05DC, 0x05FD, 0x05FE, 0x061F,
    0x05A0, 0x05A0, 0x05A0, 0x05A0, 0x05A0, 0x05A0, 0x05A0, 0x05A0, 0x05A0, 0x05A0, 0x05C1, 0x05C4, 0x05A6, 0x05C7, 0x05A9, 0x05CB,
    0x05CD, 0x0DAF, 0x0DD0, 0x05D1, 0x05D2, 0x05D4, 0x05D5, 0x05F6, 0x05F7, 0x05F8, 0x05F9, 0x061B, 0x061C, 0x063D, 0x065E, 0x065F,
    0x0600, 0x05E0, 0x05E0, 0x05E0, 0x05E0, 0x05E0, 0x05E0, 0x05E0, 0x05E0, 0x05E0, 0x0602, 0x0604, 0x05E6, 0x05E8, 0x05E9, 0x060B,
    0x060D, 0x15EF, 0x0DF0, 0x0E11, 0x0612, 0x0613, 0x0615, 0x0616, 0x0637, 0x0638, 0x0659, 0x065A, 0x065B, 0x067D, 0x069E, 0x069E,
    0x0640, 0x0640, 0x0640, 0x0620, 0x0620, 0x0640, 0x0640, 0x0640, 0x0620, 0x0641, 0x0643, 0x0645, 0x0647, 0x0648, 0x064A, 0x064C,
    0x0E4D, 0x164F, 0x1E50, 0x1E51, 0x1652, 0x0E54, 0x0655, 0x0656, 0x0677, 0x0678, 0x0699, 0x069A, 0x069C, 0x06BD, 0x06DE, 0x06DE,
    0x06A0, 0x06A0, 0x06A0, 0x0680, 0x06A0, 0x06A0, 0x06A0, 0x06A0, 0x06A1, 0x06A4, 0x06A6, 0x06A7, 0x06A8, 0x068A, 0x06AB, 0x06AD,
    0x0EAE, 0x1E8F, 0x3691, 0x2E92, 0x1EB3, 0x16B4, 0x0EB5, 0x06B6, 0x06B7, 0x06B8, 0x06D9, 0x06DB, 0x06FC, 0x06FD, 0x071E, 0x071E,
    0x06E0, 0x06E0, 0x06E0, 0x06E0, 0x06E0, 0x06E0, 0x06E0, 0x06E0, 0x06E2, 0x06E5, 0x06E6, 0x06E8, 0x06E9, 0x06CA, 0x06EB, 0x06ED,
    0x06EE, 0x0ED0, 0x2ED1, 0x2ED2, 0x26F3, 0x1EF4, 0x0EF5, 0x06F6, 0x06F7, 0x06F8, 0x0719, 0x071A, 0x073C, 0x073D, 0x075E, 0x075F,
    0x0720, 0x0720, 0x0720, 0x0720, 0x0720, 0x0721, 0x0722, 0x0723, 0x0724, 0x0726, 0x0728, 0x0729, 0x072A, 0x072B, 0x072C, 0x072D,
    0x072F, 0x0730, 0x1F31, 0x2F32, 0x2F33, 0x1F34, 0x0F35, 0x0736, 0x0737, 0x0738, 0x0739, 0x075A, 0x075C, 0x077D, 0x079E, 0x079F,
    0x0762, 0x0762, 0x0762, 0x0762, 0x0762, 0x0764, 0x0765, 0x0766, 0x0767, 0x0768, 0x0769, 0x076A, 0x076B, 0x076C, 0x076D, 0x076E,
    0x076F, 0x0770, 0x0F71, 0x2772, 0x2F74, 0x1F74, 0x0F75, 0x0776, 0x0797, 0x0798, 0x0799, 0x079A, 0x079B, 0x07BD, 0x07DE, 0x07DF,
    0x07A5, 0x07A5, 0x07A5, 0x07A5, 0x07A6, 0x07A7, 0x07A8, 0x07A8, 0x07A8, 0x07A9, 0x07AB, 0x07AB, 0x07AC, 0x07AD, 0x07AD, 0x07AE,
    0x07AF, 0x07B0, 0x07B1, 0x1FB3, 0x2FB4, 0x27B5, 0x0FB5, 0x0FB6, 0x07B7, 0x07B8, 0x07D9, 0x07DA, 0x07DB, 0x07DD, 0x07FE, 0x07FF,
    0x07E9, 0x07E9, 0x07C8, 0x07C8, 0x07C9, 0x07CA, 0x07CA, 0x07CB, 0x07EB, 0x07EB, 0x07EC, 0x07ED, 0x07ED, 0x07CE, 0x07EF, 0x07EF,
    0x07F0, 0x07F0, 0x07F1, 0x17F2, 0x27D4, 0x27D5, 0x17F6, 0x0FF6, 0x07F7, 0x07D8, 0x07F9, 0x07FB, 0x07DC, 0x07FD, 0x07FE, 0x07FF,
    0x2841, 0x2841, 0x2820, 0x2800, 0x2801, 0x3001, 0x3002, 0x3002, 0x3003, 0x3004, 0x3004, 0x3005, 0x3806, 0x4008, 0x4009, 0x480B,
    0x500D, 0x500F, 0x5010, 0x4812, 0x4813, 0x4814, 0x4016, 0x3816, 0x2817, 0x1818, 0x001A, 0x001B, 0x001C, 0x001D, 0x001E, 0x001E,
    0x2840, 0x2841, 0x2821, 0x2821, 0x2801, 0x2801, 0x3002, 0x3002, 0x3003, 0x2803, 0x3004, 0x3005, 0x3806, 0x4008, 0x4009, 0x480B,
    0x500D, 0x500E, 0x5010, 0x4811, 0x4813, 0x4014, 0x4016, 0x3016, 0x2817, 0x1818, 0x0019, 0x001B, 0x001B, 0x001D, 0x001E, 0x001E,
    0x2840, 0x2840, 0x2840, 0x2821, 0x2821, 0x2801, 0x3002, 0x3002, 0x3003, 0x3003, 0x3004, 0x3005, 0x3806, 0x3808, 0x4009, 0x480B,
    0x480D, 0x500E, 0x5010, 0x4811, 0x4813, 0x4014, 0x3815, 0x3016, 0x2817, 0x1018, 0x0019, 0x001A, 0x001C, 0x001D, 0x001E, 0x001E,
    0x2860, 0x2840, 0x2840, 0x2841, 0x2821, 0x3001, 0x3001, 0x3002, 0x3003, 0x3003, 0x3004, 0x3005, 0x3806, 0x3807, 0x4009, 0x480B,
    0x480D, 0x500F, 0x4810, 0x4811, 0x4813, 0x4014, 0x3815, 0x3016, 0x2017, 0x1018, 0x0019, 0x001A, 0x001C, 0x001D, 0x001E, 0x001F,
    0x2860, 0x2860, 0x2860, 0x2841, 0x2841, 0x3021, 0x3021, 0x3002, 0x3003, 0x3003, 0x3004, 0x3005, 0x3806, 0x3807, 0x4009, 0x480B,
    0x480D, 0x480E, 0x4810, 0x4811, 0x4013, 0x4014, 0x3815, 0x2816, 0x1817, 0x0818, 0x0019, 0x001B, 0x001C, 0x001D, 0x001E, 0x001E,
    0x2880, 0x2880, 0x2880, 0x2860, 0x2861, 0x2841, 0x3021, 0x3022, 0x3003, 0x3003, 0x3004, 0x3005, 0x3806, 0x4007, 0x4009, 0x480B,
    0x480D, 0x480F, 0x4810, 0x4011, 0x4013, 0x3814, 0x3015, 0x2016, 0x1017, 0x0018, 0x001A, 0x001A, 0x001B, 0x001D, 0x001E, 0x001E,
    0x30A0, 0x30A0, 0x30A0, 0x3080, 0x2881, 0x3081, 0x3061, 0x3022, 0x3022, 0x3003, 0x3804, 0x3805, 0x3806, 0x4008, 0x4809, 0x480B,
    0x480D, 0x480F, 0x4811, 0x4012, 0x4013, 0x3014, 0x2816, 0x1816, 0x0817, 0x0018, 0x001A, 0x001B, 0x001C, 0x001D, 0x001E, 0x001F,
    0x30C0, 0x30C0, 0x30C0, 0x30C0, 0x30C0, 0x30A1, 0x3081, 0x3062, 0x3842, 0x3823, 0x3824, 0x3805, 0x4007, 0x4008, 0x480A, 0x480C,
    0x480E, 0x480F, 0x4011, 0x4012, 0x3813, 0x3015, 0x2016, 0x1017, 0x0017, 0x0018, 0x001A, 0x001B, 0x001C, 0x001D, 0x001E, 0x001F,
    0x30E0, 0x30E0, 0x30E0, 0x30E0, 0x30E0, 0x38E0, 0x30C1, 0x30A1, 0x3882, 0x3863, 0x3864, 0x4045, 0x4027, 0x4008, 0x4009, 0x480C,
    0x480E, 0x400F, 0x4011, 0x3812, 0x3013, 0x2014, 0x1015, 0x0017, 0x0017, 0x0018, 0x001A, 0x001A, 0x001C, 0x001D, 0x001E, 0x001E,
    0x3120, 0x3120, 0x3120, 0x3120, 0x3120, 0x3120, 0x3100, 0x3901, 0x38E2, 0x38C3, 0x38A4, 0x40A5, 0x4087, 0x4068, 0x402A, 0x400C,
    0x400D, 0x400F, 0x3810, 0x3011, 0x2013, 0x1014, 0x0016, 0x0016, 0x0017, 0x0018, 0x001A, 0x001B, 0x001C, 0x001D, 0x001E, 0x001E,
    0x3160, 0x3160, 0x3160, 0x3160, 0x3160, 0x3160, 0x3960, 0x3940, 0x3921, 0x3902, 0x3904, 0x40E5, 0x40C7, 0x40A8, 0x40AA, 0x408B,
    0x406D, 0x386F, 0x2850, 0x2051, 0x1053, 0x0854, 0x0056, 0x0056, 0x0057, 0x0059, 0x005A, 0x005B, 0x005C, 0x005D, 0x005E, 0x003F,
    0x2980, 0x2980, 0x2980, 0x2960, 0x2980, 0x3180, 0x3180, 0x3180, 0x3181, 0x3962, 0x3964, 0x3945, 0x4126, 0x4108, 0x3909, 0x390B,
    0x38ED, 0x28EF, 0x18D0, 0x10D1, 0x08D3, 0x00D4, 0x00D5, 0x00B6, 0x00B7, 0x00B9, 0x00BA, 0x00BB, 0x00BC, 0x00BD, 0x009E, 0x009F,
    0x29C0, 0x29C0, 0x29A0, 0x29A0, 0x29A0, 0x31C0, 0x31C0, 0x31E0, 0x31E1, 0x39C2, 0x39C3, 0x39C5, 0x41A6, 0x4188, 0x398A, 0x398C,
    0x296D, 0x216F, 0x0950, 0x0152, 0x0153, 0x0154, 0x0155, 0x0136, 0x0137, 0x0138, 0x013A, 0x013B, 0x011C, 0x011D, 0x011E, 0x011F,
    0x3240, 0x3240, 0x3220, 0x3220, 0x3220, 0x3240, 0x3240, 0x3240, 0x3240, 0x3242, 0x3A43, 0x4245, 0x4246, 0x4248, 0x3A2A, 0x322C,
    0x220E, 0x120F, 0x01F1, 0x01F2, 0x01F3, 0x01F5, 0x01D6, 0x01B7, 0x01B7, 0x01B9, 0x01BA, 0x01BB, 0x01BC, 0x01BD, 0x01BE, 0x01BF,
    0x32A0, 0x32A0, 0x3280, 0x3280, 0x3280, 0x32A0, 0x32A0, 0x32A0, 0x32A0, 0x32A1, 0x32A2, 0x3AA4, 0x3AA6, 0x3AA8, 0x3AAA, 0x32AC,
    0x2AAE, 0x1AAF, 0x02B0, 0x02B2, 0x02B3, 0x02B5, 0x0296, 0x0276, 0x0277, 0x0279, 0x025A, 0x025B, 0x025C, 0x025D, 0x025E, 0x025E,
    0x3300, 0x32E0, 0x32E0, 0x32E0, 0x32E0, 0x3300, 0x3300, 0x3300, 0x32E0, 0x3300, 0x3302, 0x3304, 0x3306, 0x32E8, 0x3309, 0x330C,
    0x2B2D, 0x1B2F, 0x0330, 0x0332, 0x0333, 0x0334, 0x0336, 0x0316, 0x0317, 0x02F9, 0x02FA, 0x031B, 0x02FC, 0x02FD, 0x02FE, 0x02DF,
    0x3360, 0x3340, 0x3340, 0x3340, 0x2B40, 0x3360, 0x2B60, 0x2B40, 0x2B40, 0x2B40, 0x2B62, 0x2B64, 0x2B66, 0x2B67, 0x3369, 0x2B8B,
    0x238D, 0x13AF, 0x03B0, 0x03B1, 0x03B3, 0x03B4, 0x03B5, 0x03B6, 0x0397, 0x0398, 0x0399, 0x039B, 0x037C, 0x037D, 0x037E, 0x037F,
    0x2BC0, 0x2BA0, 0x2BA0, 0x2B80, 0x2BA0, 0x2BC0, 0x23A0, 0x23A0, 0x23A0, 0x1BA0, 0x1BC1, 0x1BC3, 0x1BC5, 0x1BC7, 0x23C9, 0x2BEB,
    0x23ED, 0x0BEF, 0x03F0, 0x0411, 0x0413, 0x0434, 0x0435, 0x0416, 0x0417, 0x0418, 0x0419, 0x041A, 0x041C, 0x03FD, 0x03FE, 0x03FE,
    0x2C20, 0x2C00, 0x23E0, 0x23E0, 0x23E0, 0x2400, 0x2400, 0x1C00, 0x1400, 0x0C00, 0x0C20, 0x0423, 0x0425, 0x0426, 0x0428, 0x142B,
    0x144D, 0x044E, 0x0450, 0x0452, 0x0473, 0x0474, 0x0475, 0x0476, 0x0477, 0x0478, 0x0479, 0x049B, 0x047C, 0x047D, 0x047E, 0x047F,
    0x24A0, 0x1C80, 0x1C80, 0x1480, 0x1480, 0x14A0, 0x0CA0, 0x0C80, 0x0480, 0x0480, 0x0481, 0x04A3, 0x04A5, 0x04A7, 0x04A9, 0x1CAB,
    0x24AD, 0x1CAF, 0x0CB0, 0x04D2, 0x04D3, 0x04D4, 0x04D5, 0x04D6, 0x04D7, 0x04D8, 0x04F9, 0x04FA, 0x04FC, 0x04FD, 0x04FE, 0x04FF,
    0x0D00, 0x0CE0, 0x0CE0, 0x0CE0, 0x0CE0, 0x0500, 0x04E0, 0x04E0, 0x04E0, 0x04E0, 0x04E1, 0x04E3, 0x04E6, 0x04E8, 0x04E9, 0x250C,
    0x2D0D, 0x250F, 0x0D10, 0x0511, 0x0533, 0x0534, 0x0515, 0x0536, 0x0537, 0x0538, 0x0539, 0x055B, 0x055C, 0x055D, 0x055E, 0x055F,
    0x0540, 0x0520, 0x0520, 0x0520, 0x0520, 0x0540, 0x0520, 0x0520, 0x0520, 0x0520, 0x0541, 0x0543, 0x0526, 0x0547, 0x0529, 0x1D4B,
    0x2D4D, 0x2D4F, 0x1550, 0x0551, 0x0553, 0x0554, 0x0555, 0x0556, 0x0577, 0x0578, 0x0579, 0x059B, 0x059C, 0x05BD, 0x05BE, 0x05BF,
    0x0560, 0x0560, 0x0560, 0x0560, 0x0560, 0x0560, 0x0560, 0x0560, 0x0560, 0x0560, 0x0561, 0x0564, 0x0566, 0x0567, 0x0569, 0x0D6B,
    0x1D8D, 0x2D6F, 0x1D70, 0x0D91, 0x0592, 0x0594, 0x0595, 0x0596, 0x05B7, 0x05B8, 0x05B9, 0x05BB, 0x05DC, 0x05FD, 0x05FE, 0x061F,
    0x05C0, 0x05A0, 0x05A0, 0x05A0, 0x05A0, 0x05A0, 0x05A0, 0x05A0, 0x05A0, 0x05A0, 0x05C2, 0x05C4, 0x05A6, 0x05A7, 0x05A9, 0x05CB,
    0x15CD, 0x35AF, 0x25B0, 0x1DB1, 0x0DD2, 0x05D4, 0x05B5, 0x05D6, 0x05F7, 0x05F8, 0x05F9, 0x061B, 0x061C, 0x063D, 0x065E, 0x065F,
    0x0600, 0x05E0, 0x05E0, 0x05E0, 0x05E0, 0x05E0, 0x05E0, 0x05E0, 0x05E0, 0x05E0, 0x05E2, 0x05E4, 0x05E6, 0x05E8, 0x05EA, 0x060B,
    0x15ED, 0x25EF, 0x2DF0, 0x25F1, 0x1E12, 0x0E13, 0x0615, 0x0616, 0x0617, 0x0638, 0x0659, 0x063A, 0x065C, 0x067D, 0x069E, 0x069E,
    0x0640, 0x0640, 0x0640, 0x0640, 0x0640, 0x0640, 0x0640, 0x0640, 0x0620, 0x0641, 0x0644, 0x0646, 0x0647, 0x0649, 0x064A, 0x064C,
    0x0E4D, 0x264F, 0x3E30, 0x3651, 0x2E52, 0x2654, 0x0E55, 0x0656, 0x0657, 0x0678, 0x0699, 0x069B, 0x069C, 0x06BD, 0x06DE, 0x06DE,
    0x06A0, 0x06A0, 0x06A0, 0x06A0, 0x06A0, 0x06A0, 0x06A0, 0x06A0, 0x06A1, 0x06A4, 0x06A6, 0x06A7, 0x0689, 0x068A, 0x068C, 0x06AD,
    0x0EAE, 0x26AF, 0x4691, 0x4692, 0x3EB3, 0x36B4, 0x2695, 0x0E96, 0x0697, 0x06B8, 0x06D9, 0x06DB, 0x06DC, 0x06FD, 0x071E, 0x071E,
    0x06E0, 0x06E0, 0x06E0, 0x06E0, 0x06E0, 0x06E0, 0x06E0, 0x06E1, 0x06C3, 0x06E5, 0x06E7, 0x06E8, 0x06E9, 0x06EB, 0x06EC, 0x06ED,
    0x06EE, 0x0EEF, 0x36D1, 0x3EF2, 0x3EF3, 0x36F4, 0x26D5, 0x0EF6, 0x06F7, 0x06F8, 0x06F9, 0x071B, 0x073C, 0x073D, 0x075E, 0x075F,
    0x0720, 0x0720, 0x0720, 0x0720, 0x0720, 0x0722, 0x0723, 0x0723, 0x0705, 0x0726, 0x0728, 0x0729, 0x072A, 0x072B, 0x072C, 0x072D,
    0x072E, 0x0F2F, 0x2731, 0x3F12, 0x3F33, 0x3734, 0x2F35, 0x1736, 0x0F37, 0x0738, 0x0739, 0x075A, 0x075C, 0x077D, 0x077E, 0x079F,
    0x0762, 0x0762, 0x0762, 0x0762, 0x0763, 0x0765, 0x0765, 0x0766, 0x0767, 0x0768, 0x0769, 0x076A, 0x076B, 0x076C, 0x076D, 0x076E,
    0x076F, 0x0770, 0x1771, 0x2F72, 0x3F73, 0x3F74, 0x2F75, 0x1F76, 0x0F77, 0x0778, 0x0799, 0x079A, 0x079B, 0x07BD, 0x07BE, 0x07DF,
    0x07A6, 0x07A6, 0x07A5, 0x07A6, 0x07A6, 0x07A8, 0x07A8, 0x07A8, 0x07A9, 0x07AA, 0x07AB, 0x07AB, 0x07AC, 0x07AD, 0x07AE, 0x07AE,
    0x07AF, 0x07B0, 0x07B1, 0x27B2, 0x3FB3, 0x3FB5, 0x37B5, 0x1FB6, 0x0FB7, 0x07B8, 0x07D9, 0x07DA, 0x07DB, 0x07DD, 0x07FE, 0x07FE,
    0x07E9, 0x07E9, 0x07E9, 0x07E9, 0x07E9, 0x07EA, 0x07EA, 0x07EB, 0x07CB, 0x07CB, 0x07EC, 0x07ED, 0x07ED, 0x07CE, 0x07EF, 0x07EF,
    0x07F0, 0x07F1, 0x07F1, 0x1FF3, 0x37F4, 0x3FF5, 0x37F6, 0x27F6, 0x0FF7, 0x07F8, 0x07D9, 0x07DA, 0x07FC, 0x07FD, 0x07FE, 0x07DF,
    0x3020, 0x3020, 0x3020, 0x3801, 0x3801, 0x3801, 0x3802, 0x3802, 0x3803, 0x3804, 0x3805, 0x3806, 0x4006, 0x4008, 0x4809, 0x500B,
    0x580D, 0x580F, 0x5810, 0x5811, 0x5813, 0x5014, 0x5016, 0x4816, 0x4017, 0x3818, 0x2819, 0x201A, 0x081C, 0x001D, 0x001E, 0x001E,
    0x3040, 0x3040, 0x3021, 0x3021, 0x3801, 0x3801, 0x3802, 0x3802, 0x3803, 0x3804, 0x3805, 0x3805, 0x4006, 0x4008, 0x4809, 0x500B,
    0x580D, 0x580F, 0x5810, 0x5811, 0x5813, 0x5014, 0x5015, 0x4816, 0x4017, 0x3018, 0x2819, 0x181B, 0x081C, 0x001D, 0x001E, 0x001E,
    0x3060, 0x3040, 0x3040, 0x3020, 0x3001, 0x3801, 0x3802, 0x3802, 0x3803, 0x3804, 0x3805, 0x3805, 0x4006, 0x4007, 0x4809, 0x500B,
    0x580D, 0x580F, 0x5810, 0x5811, 0x5813, 0x5014, 0x4815, 0x4016, 0x3817, 0x3018, 0x2819, 0x181A, 0x081C, 0x001D, 0x001E, 0x001E,
    0x3060, 0x3060, 0x3040, 0x3040, 0x3021, 0x3801, 0x3802, 0x3802, 0x3803, 0x3804, 0x3804, 0x3805, 0x4006, 0x4007, 0x4809, 0x500B,
    0x580D, 0x580F, 0x5810, 0x5811, 0x5013, 0x5014, 0x4815, 0x4016, 0x3817, 0x3018, 0x2019, 0x101A, 0x001B, 0x001D, 0x001E, 0x001E,
    0x3080, 0x3060, 0x3060, 0x3040, 0x3041, 0x3801, 0x3801, 0x3802, 0x3803, 0x3804, 0x3804, 0x4005, 0x4006, 0x4007, 0x4809, 0x500B,
    0x500D, 0x580E, 0x5010, 0x5811, 0x5013, 0x4814, 0x4815, 0x4016, 0x3817, 0x2818, 0x2019, 0x081A, 0x001B, 0x001D, 0x001E, 0x001E,
    0x30A0, 0x3080, 0x3080, 0x3060, 0x3861, 0x3841, 0x3821, 0x3802, 0x3803, 0x3803, 0x3804, 0x4005, 0x4006, 0x4008, 0x4809, 0x500B,
    0x500D, 0x580E, 0x5010, 0x5011, 0x5013, 0x4814, 0x4015, 0x4016, 0x3017, 0x2818, 0x1819, 0x001A, 0x001B, 0x001D, 0x001E, 0x001E,
    0x38C0, 0x38C0, 0x38A0, 0x38A0, 0x3880, 0x3861, 0x3841, 0x4022, 0x4002, 0x4003, 0x4005, 0x4006, 0x4007, 0x4808, 0x4809, 0x500B,
    0x580D, 0x580F, 0x5810, 0x5012, 0x5013, 0x4814, 0x4015, 0x3816, 0x2817, 0x2018, 0x1019, 0x001A, 0x001C, 0x001D, 0x001E, 0x001E,
    0x38E0, 0x38E0, 0x38E0, 0x38C0, 0x38C0, 0x40A0, 0x4081, 0x4061, 0x4022, 0x4003, 0x4004, 0x4806, 0x4807, 0x4808, 0x500A, 0x500C,
    0x580D, 0x580F, 0x5011, 0x5012, 0x4813, 0x4014, 0x3815, 0x3016, 0x2017, 0x1819, 0x081A, 0x001A, 0x001C, 0x001D, 0x001E, 0x001E,
    0x3900, 0x3900, 0x3900, 0x3900, 0x3900, 0x40E0, 0x40E1, 0x40C1, 0x4082, 0x4043, 0x4044, 0x4825, 0x4807, 0x4808, 0x500A, 0x500C,
    0x500D, 0x500F, 0x5010, 0x4812, 0x4013, 0x3814, 0x3015, 0x2816, 0x1817, 0x0818, 0x001A, 0x001A, 0x001C, 0x001D, 0x001E, 0x001E,
    0x3940, 0x3940, 0x3940, 0x3940, 0x4120, 0x4120, 0x4120, 0x4101, 0x40E2, 0x40C3, 0x48A4, 0x4885, 0x4867, 0x4828, 0x480A, 0x500C,
    0x500D, 0x500F, 0x4810, 0x4011, 0x4013, 0x3814, 0x2815, 0x2016, 0x0817, 0x0018, 0x001A, 0x001B, 0x001C, 0x001D, 0x001E, 0x001E,
    0x3980, 0x3980, 0x3980, 0x3980, 0x3960, 0x4180, 0x4160, 0x4140, 0x4121, 0x4102, 0x4904, 0x48E5, 0x48C6, 0x48A8, 0x4869, 0x506B,
    0x504D, 0x484F, 0x4030, 0x4011, 0x3813, 0x2814, 0x2015, 0x0816, 0x0017, 0x0018, 0x001A, 0x001A, 0x001C, 0x001D, 0x001E, 0x001F,
    0x39A0, 0x39A0, 0x39A0, 0x39A0, 0x39A0, 0x41A0, 0x41A0, 0x41A0, 0x4181, 0x4162, 0x4963, 0x4945, 0x4926, 0x4908, 0x48E9, 0x48CB,
    0x48CD, 0x40AF, 0x3890, 0x3091, 0x2893, 0x2094, 0x0895, 0x0076, 0x0077, 0x0078, 0x007A, 0x007A, 0x007C, 0x007D, 0x007E, 0x007F,
    0x39E0, 0x39E0, 0x39E0, 0x39E0, 0x39E0, 0x39E0, 0x4200, 0x4200, 0x41E0, 0x41E1, 0x49E3, 0x49C4, 0x49A6, 0x4988, 0x496A, 0x496C,
    0x496D, 0x414F, 0x3130, 0x2932, 0x2133, 0x1134, 0x0135, 0x0117, 0x0118, 0x0118, 0x011A, 0x011B, 0x00FC, 0x00FD, 0x00FE, 0x00FF,
    0x3A60, 0x3A40, 0x3A40, 0x3A40, 0x3A40, 0x4260, 0x4260, 0x4260, 0x4260, 0x4261, 0x4A62, 0x4A64, 0x5246, 0x5228, 0x520A, 0x4A0C,
    0x420E, 0x39F0, 0x31D1, 0x21D2, 0x11D3, 0x01D5, 0x01B6, 0x01B7, 0x0198, 0x0199, 0x019A, 0x019B, 0x017C, 0x017D, 0x017E, 0x017F,
    0x42A0, 0x3AA0, 0x3AA0, 0x3AA0, 0x3AA0, 0x42A0, 0x3AA0, 0x3AA0, 0x42A0, 0x42A0, 0x42A2, 0x42A4, 0x4AA6, 0x4AA8, 0x4A8A, 0x4A8C,
    0x428E, 0x3A6F, 0x2A71, 0x1252, 0x0253, 0x0255, 0x0236, 0x0237, 0x0218, 0x0219, 0x021A, 0x021B, 0x01FC, 0x01FD, 0x01FE, 0x01FE,
    0x4300, 0x3AE0, 0x3AE0, 0x3AE0, 0x3AE0, 0x3B00, 0x3B00, 0x3B00, 0x3AE0, 0x3B00, 0x4302, 0x4304, 0x4306, 0x4308, 0x42E9, 0x430B,
    0x430D, 0x330F, 0x2B10, 0x1AF2, 0x12F3, 0x02F4, 0x02D5, 0x02D7, 0x02D7, 0x02B9, 0x02BA, 0x02BB, 0x02BC, 0x029D, 0x029E, 0x029F,
    0x3B60, 0x3B40, 0x3B40, 0x3B40, 0x3B40, 0x3B60, 0x3B60, 0x3B60, 0x3B40, 0x3B60, 0x3B61, 0x3B64, 0x3B65, 0x3B67, 0x4369, 0x436B,
    0x438D, 0x338F, 0x2B90, 0x2392, 0x1B93, 0x0B94, 0x0395, 0x0376, 0x0377, 0x0379, 0x037A, 0x035B, 0x035C, 0x033D, 0x033E, 0x033F,
    0x3BC0, 0x3BC0, 0x3BA0, 0x33A0, 0x33A0, 0x3BC0, 0x3BC0, 0x33A0, 0x33A0, 0x33A0, 0x33C1, 0x33C3, 0x33C5, 0x33A7, 0x3BC9, 0x43CB,
    0x43CD, 0x33EF, 0x2BF0, 0x1BF1, 0x1413, 0x0C14, 0x0415, 0x0416, 0x03F7, 0x03F8, 0x03FA, 0x03FB, 0x03DC, 0x03DD, 0x03DE, 0x03BF,
    0x3C20, 0x3420, 0x3400, 0x33E0, 0x3400, 0x3420, 0x3400, 0x2C00, 0x2C00, 0x2C00, 0x2C20, 0x2C22, 0x2425, 0x2427, 0x2C28, 0x3C2B,
    0x3C2D, 0x342E, 0x2C50, 0x1C51, 0x1453, 0x0C74, 0x0475, 0x0476, 0x0477, 0x0478, 0x0479, 0x047A, 0x047C, 0x045D, 0x045E, 0x045F,
    0x34A0, 0x2CA0, 0x2C80, 0x2C80, 0x2C80, 0x2CA0, 0x2CA0, 0x2480, 0x2480, 0x2480, 0x2481, 0x24A3, 0x24A5, 0x2487, 0x2CA9, 0x3CAB,
    0x44AD, 0x3CAF, 0x34B0, 0x2CB2, 0x24D3, 0x1CD4, 0x14D5, 0x04D6, 0x04D7, 0x04D8, 0x04F9, 0x04FA, 0x04DC, 0x04DD, 0x04FE, 0x04FF,
    0x2500, 0x24E0, 0x24E0, 0x24E0, 0x24E0, 0x2500, 0x1CE0, 0x1CE0, 0x1CE0, 0x14E0, 0x1D01, 0x1D04, 0x1D06, 0x24E8, 0x24EA, 0x350C,
    0x450D, 0x450F, 0x34F0, 0x3511, 0x2D13, 0x2D14, 0x1D15, 0x0516, 0x0537, 0x0538, 0x0559, 0x055A, 0x055B, 0x055D, 0x055E, 0x055F,
    0x1D40, 0x1520, 0x1520, 0x1520, 0x1520, 0x1540, 0x1520, 0x0D20, 0x0D20, 0x0D20, 0x0D41, 0x0D44, 0x1546, 0x1527, 0x1D29, 0x2D4B,
    0x3D4D, 0x452F, 0x3D30, 0x3551, 0x3553, 0x2D54, 0x2555, 0x0D56, 0x0557, 0x0578, 0x0599, 0x059A, 0x059C, 0x059D, 0x059E, 0x05BF,
    0x0580, 0x0560, 0x0560, 0x0560, 0x0560, 0x0560, 0x0560, 0x0560, 0x0560, 0x0560, 0x0561, 0x0564, 0x0566, 0x0568, 0x1569, 0x256B,
    0x356D, 0x456F, 0x4570, 0x3571, 0x3592, 0x2D94, 0x2595, 0x1DB6, 0x0DB7, 0x05B8, 0x05B9, 0x05DA, 0x05DC, 0x05DD, 0x05FE, 0x061E,
    0x05A0, 0x05A0, 0x05A0, 0x05A0, 0x05A0, 0x05A0, 0x05A0, 0x05A0, 0x05A0, 0x05A0, 0x05C2, 0x05A4, 0x05A6, 0x05A8, 0x05A9, 0x15AB,
    0x2DCD, 0x3DAF, 0x45B0, 0x3DB1, 0x35D2, 0x35D3, 0x2DD5, 0x25D6, 0x0DF7, 0x05F8, 0x05FA, 0x061A, 0x061C, 0x063D, 0x065E, 0x065F,
    0x0600, 0x05E0, 0x05E0, 0x05E0, 0x05E0, 0x05E0, 0x05E0, 0x05E0, 0x05E0, 0x05E0, 0x05E2, 0x05E4, 0x05E6, 0x05E8, 0x05E9, 0x160B,
    0x260D, 0x35EE, 0x45F0, 0x45F1, 0x3E12, 0x3613, 0x2E15, 0x2E16, 0x1E17, 0x0E38, 0x0639, 0x065A, 0x065C, 0x067D, 0x067E, 0x069E,
    0x0640, 0x0640, 0x0620, 0x0620, 0x0620, 0x0640, 0x0640, 0x0640, 0x0640, 0x0641, 0x0644, 0x0646, 0x0647, 0x0649, 0x0E4A, 0x164C,
    0x264D, 0x364F, 0x4E50, 0x4E51, 0x4652, 0x3E54, 0x3655, 0x2E56, 0x2657, 0x1678, 0x0679, 0x069A, 0x069C, 0x06BD, 0x06BE, 0x06DE,
    0x06A0, 0x06A0, 0x06A0, 0x06A0, 0x06A0, 0x06A0, 0x06A0, 0x06A0, 0x06A1, 0x06A4, 0x06A6, 0x06A8, 0x06A9, 0x068A, 0x168C, 0x268D,
    0x2E8E, 0x3E8F, 0x4E91, 0x56B2, 0x5693, 0x4E94, 0x3E95, 0x36B6, 0x2EB7, 0x26B8, 0x16D9, 0x06DA, 0x06FC, 0x06FD, 0x071E, 0x071E,
    0x06E0, 0x06E0, 0x06E0, 0x06E0, 0x06E0, 0x06E0, 0x06E0, 0x06C2, 0x06C4, 0x06E5, 0x06E7, 0x06E8, 0x06CA, 0x06CB, 0x16CC, 0x26ED,
    0x26EE, 0x2EEF, 0x3EF0, 0x4EF2, 0x56F3, 0x4ED4, 0x46F5, 0x36F6, 0x2EF7, 0x26F8, 0x26F9, 0x071A, 0x073C, 0x073D, 0x073E, 0x075E,
    0x0720, 0x0720, 0x0720, 0x0720, 0x0720, 0x0722, 0x0723, 0x0724, 0x0705, 0x0727, 0x0728, 0x0729, 0x072A, 0x072B, 0x172C, 0x1F2E,
    0x272F, 0x2730, 0x2F31, 0x4732, 0x4F33, 0x4F34, 0x4735, 0x3736, 0x2F37, 0x2738, 0x1F39, 0x0F5A, 0x075C, 0x077D, 0x077E, 0x079E,
    0x0762, 0x0762, 0x0762, 0x0762, 0x0763, 0x0765, 0x0766, 0x0766, 0x0767, 0x0768, 0x076A, 0x076A, 0x076B, 0x076C, 0x176D, 0x1F6E,
    0x276F, 0x2770, 0x2771, 0x3F72, 0x4F73, 0x4F74, 0x4775, 0x3F96, 0x2F97, 0x1F98, 0x0F99, 0x0F9A, 0x079B, 0x07BD, 0x07BE, 0x07BF,
    0x07A6, 0x07A6, 0x07A6, 0x07A6, 0x07A7, 0x07A8, 0x07A8, 0x07A8, 0x07A9, 0x07AA, 0x17AB, 0x17AC, 0x17AC, 0x17AD, 0x1FAE, 0x27AF,
    0x27AF, 0x27B0, 0x27B1, 0x37B2, 0x47B3, 0x4FB5, 0x47B5, 0x3FD6, 0x2FD7, 0x1FD8, 0x07D9, 0x07DA, 0x07DB, 0x07DD, 0x07DE, 0x07FE,
    0x1FEA, 0x17E9, 0x0FE9, 0x0FE9, 0x0FEA, 0x1FEB, 0x1FCB, 0x1FCB, 0x1FEB, 0x1FEC, 0x27CD, 0x27ED, 0x27ED, 0x27EE, 0x27EF, 0x27CF,
    0x27D0, 0x27F0, 0x27F1, 0x27D2, 0x3FD3, 0x4FD5, 0x47F6, 0x3FF7, 0x2FF7, 0x17F8, 0x07F9, 0x07FA, 0x07FB, 0x07FD, 0x07FE, 0x07DE,
    0x4020, 0x4020, 0x4000, 0x4000, 0x4001, 0x4001, 0x4002, 0x4003, 0x4004, 0x4004, 0x4005, 0x4806, 0x4807, 0x4808, 0x5009, 0x580B,
    0x600D, 0x680F, 0x6810, 0x6812, 0x6013, 0x6014, 0x6015, 0x5816, 0x5017, 0x4818, 0x401A, 0x381A, 0x281C, 0x181D, 0x101E, 0x001E,
    0x4040, 0x4020, 0x4020, 0x4000, 0x4000, 0x4001, 0x4002, 0x4002, 0x4003, 0x4004, 0x4805, 0x4806, 0x4807, 0x4808, 0x5009, 0x580B,
    0x600D, 0x600F, 0x6810, 0x6012, 0x6013, 0x6014, 0x5815, 0x5816, 0x5017, 0x4818, 0x4019, 0x381B, 0x281C, 0x181D, 0x101E, 0x001E,
    0x3860, 0x4040, 0x4020, 0x4020, 0x4001, 0x4001, 0x4002, 0x4002, 0x4003, 0x4004, 0x4805, 0x4806, 0x4807, 0x4808, 0x5009, 0x580B,
    0x600D, 0x600F, 0x6010, 0x6011, 0x6013, 0x6014, 0x5815, 0x5816, 0x5017, 0x4818, 0x4019, 0x301A, 0x201C, 0x181D, 0x081E, 0x001E,
    0x4060, 0x4060, 0x4040, 0x4020, 0x4001, 0x4001, 0x4001, 0x4002, 0x4003, 0x4004, 0x4805, 0x4806, 0x4807, 0x4808, 0x5009, 0x580B,
    0x600D, 0x600F, 0x6010, 0x6011, 0x6013, 0x5814, 0x5815, 0x5016, 0x4817, 0x4018, 0x3819, 0x301A, 0x201B, 0x101D, 0x081E, 0x001E,
    0x4080, 0x4060, 0x4060, 0x4060, 0x4040, 0x4001, 0x4001, 0x4002, 0x4003, 0x4004, 0x4805, 0x4806, 0x4807, 0x4808, 0x5009, 0x580B,
    0x600D, 0x600E, 0x6010, 0x6011, 0x6013, 0x5814, 0x5815, 0x5016, 0x4817, 0x4018, 0x3819, 0x281A, 0x201C, 0x101D, 0x001E, 0x001E,
    0x40A0, 0x40A0, 0x4080, 0x4080, 0x4060, 0x4041, 0x4001, 0x4002, 0x4003, 0x4004, 0x4805, 0x4806, 0x4807, 0x4808, 0x5009, 0x580B,
    0x580D, 0x600E, 0x6010, 0x6011, 0x5812, 0x5814, 0x5015, 0x5016, 0x4817, 0x4018, 0x3019, 0x201A, 0x181C, 0x081D, 0x001E, 0x001E,
    0x40E0, 0x40C0, 0x40C0, 0x40A0, 0x40A0, 0x4880, 0x4841, 0x4821, 0x4802, 0x4804, 0x5005, 0x5006, 0x5007, 0x5008, 0x5809, 0x580B,
    0x600D, 0x600F, 0x6010, 0x6012, 0x5813, 0x5814, 0x5015, 0x4816, 0x4017, 0x3818, 0x3019, 0x201B, 0x101C, 0x081D, 0x001E, 0x001E,
    0x4900, 0x4900, 0x40E0, 0x48E0, 0x48E0, 0x48C0, 0x48A1, 0x4861, 0x4822, 0x4803, 0x5005, 0x5006, 0x5007, 0x5008, 0x580A, 0x600C,
    0x600D, 0x600F, 0x6010, 0x6012, 0x5813, 0x5814, 0x5015, 0x4816, 0x4017, 0x3019, 0x281A, 0x181B, 0x081C, 0x001D, 0x001E, 0x001E,
    0x4920, 0x4920, 0x4920, 0x4920, 0x4900, 0x4900, 0x48E0, 0x50C1, 0x4882, 0x5023, 0x5024, 0x5006, 0x5007, 0x5008, 0x580A, 0x600C,
    0x600D, 0x600F, 0x6010, 0x5812, 0x5813, 0x5014, 0x4815, 0x4016, 0x3817, 0x2818, 0x201A, 0x101B, 0x001C, 0x001D, 0x001E, 0x001E,
    0x4960, 0x4960, 0x4960, 0x4940, 0x4940, 0x4940, 0x5120, 0x5101, 0x4902, 0x50C3, 0x5064, 0x5845, 0x5827, 0x5808, 0x580A, 0x580C,
    0x600D, 0x600F, 0x5810, 0x5812, 0x5013, 0x5014, 0x4815, 0x3816, 0x2817, 0x2018, 0x181A, 0x081A, 0x001C, 0x001D, 0x001E, 0x001F,
    0x49A0, 0x49A0, 0x49A0, 0x4980, 0x4980, 0x4980, 0x5180, 0x5160, 0x5141, 0x5122, 0x50E4, 0x58C5, 0x58A6, 0x5888, 0x586A, 0x584B,
    0x602D, 0x580F, 0x5810, 0x5012, 0x5013, 0x4814, 0x4015, 0x3016, 0x2017, 0x1818, 0x081A, 0x001A, 0x001C, 0x001D, 0x001E, 0x001E,
    0x49E0, 0x49E0, 0x41C0, 0x41C0, 0x49C0, 0x49C0, 0x49C0, 0x49C0, 0x51A1, 0x5182, 0x5163, 0x5944, 0x5926, 0x5908, 0x58E9, 0x58AB,
    0x588D, 0x588F, 0x5070, 0x5072, 0x4873, 0x3874, 0x3075, 0x2056, 0x1857, 0x1058, 0x0059, 0x005B, 0x005C, 0x005D, 0x005E, 0x005E,
    0x4A20, 0x4220, 0x4220, 0x4200, 0x4200, 0x4A20, 0x4A20, 0x5220, 0x5200, 0x51E1, 0x51E3, 0x59C4, 0x59A6, 0x5988, 0x596A, 0x594C,
    0x594D, 0x592F, 0x5111, 0x4912, 0x4113, 0x3114, 0x2116, 0x18F6, 0x10F7, 0x00F8, 0x00FA, 0x00DB, 0x00DC, 0x00DD, 0x00BE, 0x00BE,
    0x4A80, 0x4A80, 0x4260, 0x4260, 0x4A60, 0x4A80, 0x5280, 0x5280, 0x5280, 0x5280, 0x5A82, 0x5A64, 0x6246, 0x6228, 0x620A, 0x620C,
    0x61EE, 0x59EF, 0x49D1, 0x41B2, 0x39B3, 0x29B5, 0x21B6, 0x1197, 0x0998, 0x0179, 0x017A, 0x017B, 0x017C, 0x017D, 0x015E, 0x015E,
    0x4AC0, 0x4AA0, 0x42A0, 0x42A0, 0x42A0, 0x4AC0, 0x4AC0, 0x4AA0, 0x4AA0, 0x4AC0, 0x52C2, 0x52C4, 0x5AC6, 0x5AA8, 0x5A8A, 0x5A8C,
    0x5A6E, 0x526F, 0x4A51, 0x3A32, 0x2A33, 0x2235, 0x1A16, 0x0A17, 0x0218, 0x01F9, 0x01FA, 0x01FB, 0x01DC, 0x01DD, 0x01DE, 0x01DF,
    0x4300, 0x4B00, 0x42E0, 0x42E0, 0x4300, 0x4B00, 0x4B00, 0x4B00, 0x4B00, 0x4B00, 0x4B21, 0x5324, 0x5325, 0x5307, 0x5B09, 0x5B0B,
    0x5AED, 0x4AEF, 0x42D1, 0x3AD2, 0x2AD3, 0x22B4, 0x12B5, 0x02B6, 0x0297, 0x0299, 0x029A, 0x027B, 0x027C, 0x025D, 0x025E, 0x025F,
    0x4360, 0x4360, 0x4340, 0x4340, 0x4340, 0x4360, 0x4360, 0x4360, 0x4360, 0x4360, 0x4B61, 0x4B63, 0x4B65, 0x4B67, 0x5369, 0x536B,
    0x536D, 0x4B6F, 0x4370, 0x3B72, 0x3353, 0x2354, 0x1355, 0x0B36, 0x0337, 0x0339, 0x033A, 0x031B, 0x031C, 0x02FD, 0x02FE, 0x02FF,
    0x43C0, 0x43C0, 0x43A0, 0x43A0, 0x43A0, 0x43C0, 0x43C0, 0x43C0, 0x43A0, 0x43A0, 0x43C0, 0x43C3, 0x43C5, 0x43C7, 0x4BC9, 0x53CB,
    0x53CD, 0x4BCE, 0x43F0, 0x3BF1, 0x33F3, 0x2BF4, 0x23F5, 0x1BD6, 0x0BD7, 0x03D8, 0x03DA, 0x03BB, 0x03BC, 0x039D, 0x039E, 0x039E,
    0x4420, 0x4420, 0x4400, 0x4400, 0x3C00, 0x4420, 0x3C20, 0x3C00, 0x3C00, 0x3C00, 0x3C20, 0x3C22, 0x3C24, 0x3C26, 0x4428, 0x4C2B,
    0x4C2D, 0x4C2E, 0x4430, 0x3C51, 0x3452, 0x2C54, 0x2455, 0x2476, 0x1C57, 0x1458, 0x0C59, 0x045A, 0x043C, 0x043D, 0x043E, 0x043E,
    0x44A0, 0x3C80, 0x3C80, 0x3C80, 0x3C80, 0x3CA0, 0x3CA0, 0x3C80, 0x3C80, 0x3C80, 0x3CA0, 0x3CA3, 0x3CA5, 0x3CA7, 0x4489, 0x4CAB,
    0x54AD, 0x54AF, 0x4CB0, 0x4CB2, 0x44D3, 0x3CD4, 0x34D5, 0x24D6, 0x24D7, 0x1CD8, 0x14D9, 0x0CDA, 0x04DC, 0x04DD, 0x04DE, 0x04DE,
    0x3D00, 0x3CE0, 0x34E0, 0x34E0, 0x34E0, 0x3500, 0x34E0, 0x34E0, 0x34E0, 0x2CE0, 0x3501, 0x3503, 0x3506, 0x3CE8, 0x44EA, 0x4CEC,
    0x54ED, 0x54EF, 0x54F0, 0x4D11, 0x4D13, 0x4514, 0x3D15, 0x2D16, 0x2537, 0x1D38, 0x1539, 0x0D3A, 0x053C, 0x053D, 0x053E, 0x053E,
    0x2D40, 0x2D20, 0x2D20, 0x2D20, 0x2D20, 0x2D40, 0x2520, 0x2520, 0x2520, 0x2540, 0x2541, 0x2D43, 0x2D46, 0x2D28, 0x3529, 0x452B,
    0x4D2D, 0x552F, 0x5530, 0x4D31, 0x4D53, 0x4554, 0x3D55, 0x2D56, 0x2557, 0x1D78, 0x1579, 0x059A, 0x059B, 0x059D, 0x059E, 0x059F,
    0x2580, 0x1D60, 0x1D60, 0x1D60, 0x1D60, 0x1D80, 0x1D80, 0x1D60, 0x1D60, 0x1D60, 0x1D61, 0x1D63, 0x1D66, 0x2568, 0x2D69, 0x3D6B,
    0x456D, 0x4D6F, 0x5570, 0x5571, 0x4D92, 0x4D94, 0x4595, 0x3596, 0x2D97, 0x25B8, 0x1DBA, 0x05DA, 0x05DB, 0x05DD, 0x05FE, 0x05FE,
    0x15A0, 0x15A0, 0x15A0, 0x15A0, 0x15A0, 0x15C0, 0x15A0, 0x0DA0, 0x0DA0, 0x15A0, 0x15A2, 0x15A4, 0x1DA6, 0x1DA8, 0x25A9, 0x35AB,
    0x3DAD, 0x4DAE, 0x55B0, 0x55B1, 0x4DD2, 0x4DD3, 0x4DD5, 0x3DD6, 0x35D7, 0x25F8, 0x1DF9, 0x0E1A, 0x061C, 0x063D, 0x063E, 0x065F,
    0x0600, 0x05E0, 0x05E0, 0x05E0, 0x05E0, 0x05E0, 0x05E0, 0x05E0, 0x05E0, 0x05E0, 0x0DE2, 0x15E4, 0x15E6, 0x1DE8, 0x1DEA, 0x2DEB,
    0x3DED, 0x45EE, 0x55F0, 0x55F1, 0x5612, 0x4E13, 0x4E15, 0x4616, 0x3617, 0x2E38, 0x1E39, 0x165A, 0x065C, 0x067D, 0x067E, 0x069F,
    0x0640, 0x0640, 0x0620, 0x0640, 0x0640, 0x0640, 0x0640, 0x0640, 0x0640, 0x0641, 0x0E44, 0x1646, 0x1628, 0x1E29, 0x262A, 0x2E4C,
    0x3E4D, 0x464F, 0x4E50, 0x5E51, 0x5E53, 0x5654, 0x4E55, 0x4656, 0x3E57, 0x3678, 0x2679, 0x1E9A, 0x069B, 0x06BD, 0x06BE, 0x06DF,
    0x06A0, 0x06A0, 0x06A0, 0x06A0, 0x06A0, 0x06A0, 0x06A0, 0x06A0, 0x0681, 0x0EA4, 0x16A6, 0x1EA8, 0x1E89, 0x268A, 0x368C, 0x3E8D,
    0x468E, 0x468F, 0x4E90, 0x5E92, 0x5E93, 0x5E94, 0x5695, 0x4EB6, 0x46B7, 0x3EB8, 0x36D9, 0x1EDA, 0x0EDB, 0x06FD, 0x071E, 0x071F,
    0x06E0, 0x06E0, 0x06E0, 0x06E0, 0x06E0, 0x06E0, 0x06E0, 0x06C1, 0x06C3, 0x0EE5, 0x16E7, 0x1EE9, 0x1ECA, 0x26CB, 0x2ECC, 0x36ED,
    0x3EEE, 0x46EF, 0x46D0, 0x56D2, 0x5ED3, 0x5EF4, 0x56F5, 0x4EF6, 0x46F7, 0x3EF8, 0x3EF9, 0x271A, 0x0F1C, 0x073D, 0x073E, 0x075E,
    0x0720, 0x0720, 0x0720, 0x0720, 0x0720, 0x0722, 0x0723, 0x0724, 0x0726, 0x0F27, 0x1728, 0x1F2A, 0x1F2A, 0x270B, 0x2F0C, 0x372E,
    0x3F2F, 0x3F30, 0x3F10, 0x4F12, 0x5713, 0x5F34, 0x5735, 0x4F36, 0x4737, 0x3F38, 0x3739, 0x2F5A, 0x175C, 0x077D, 0x079E, 0x079E,
    0x0762, 0x0762, 0x0762, 0x0762, 0x0763, 0x0F65, 0x0F66, 0x0F67, 0x0F68, 0x1769, 0x1F6A, 0x276B, 0x276B, 0x276C, 0x2F6D, 0x376E,
    0x3F6F, 0x3F70, 0x3F71, 0x4772, 0x5773, 0x5F74, 0x5775, 0x4F76, 0x4797, 0x3798, 0x2F99, 0x279A, 0x1F9B, 0x0FBD, 0x07BE, 0x07BE,
    0x17A6, 0x0FA6, 0x0FA6, 0x0FA6, 0x17A7, 0x1FA8, 0x1FA8, 0x1FA9, 0x1FA9, 0x27AA, 0x2FAB, 0x2FAC, 0x2FAD, 0x2FAD, 0x37AE, 0x37AF,
    0x3FAF, 0x3FB0, 0x3FB1, 0x3FB2, 0x4FB3, 0x57B5, 0x57B5, 0x4FB6, 0x47D7, 0x37D8, 0x27D9, 0x1FDA, 0x17DB, 0x0FDD, 0x07FE, 0x07FE,
    0x37CA, 0x2FEA, 0x27E9, 0x27EA, 0x2FCA, 0x37EB, 0x37CB, 0x37CB, 0x37EB, 0x37EC, 0x3FED, 0x3FED, 0x3FEE, 0x3FEE, 0x3FEF, 0x3FF0,
    0x3FF0, 0x3FF1, 0x3FF1, 0x3FF2, 0x47F3, 0x57F5, 0x57F6, 0x4FF7, 0x47F7, 0x37F8, 0x27F9, 0x0FDA, 0x07DB, 0x07FD, 0x07FE, 0x07DF,
    0x4820, 0x4800, 0x4800, 0x4800, 0x4801, 0x5001, 0x5002, 0x5003, 0x5004, 0x5005, 0x5005, 0x5006, 0x5807, 0x5808, 0x580A, 0x600B,
    0x680D, 0x700F, 0x7010, 0x7012, 0x7013, 0x6814, 0x6815, 0x6016, 0x6017, 0x5818, 0x501A, 0x481A, 0x401C, 0x381D, 0x281E, 0x101E,
    0x4840, 0x4820, 0x4800, 0x4800, 0x4800, 0x5001, 0x5002, 0x5003, 0x5004, 0x5004, 0x5005, 0x5006, 0x5007, 0x5808, 0x5809, 0x600B,
    0x680D, 0x700F, 0x7010, 0x7012, 0x7013, 0x6814, 0x6815, 0x6016, 0x6017, 0x5818, 0x501A, 0x481A, 0x401C, 0x381D, 0x281E, 0x101E,
    0x4860, 0x4840, 0x4820, 0x4800, 0x4800, 0x5001, 0x5002, 0x5003, 0x5004, 0x5004, 0x5005, 0x5006, 0x5007, 0x5808, 0x5809, 0x600B,
    0x680D, 0x680F, 0x7010, 0x7011, 0x6813, 0x6814, 0x6815, 0x6016, 0x6017, 0x5818, 0x501A, 0x481A, 0x401C, 0x301D, 0x201E, 0x101E,
    0x4860, 0x4860, 0x4840, 0x4820, 0x4800, 0x5001, 0x5001, 0x5002, 0x5003, 0x5004, 0x5005, 0x5006, 0x5007, 0x5008, 0x5809, 0x600B,
    0x680D, 0x680F, 0x7010, 0x6811, 0x6813, 0x6814, 0x6815, 0x6016, 0x5817, 0x5818, 0x501A, 0x481B, 0x401B, 0x301D, 0x201E, 0x101E,
    0x4880, 0x4880, 0x4860, 0x4860, 0x4820, 0x5001, 0x5001, 0x5002, 0x5003, 0x5004, 0x5005, 0x5006, 0x5007, 0x5008, 0x5809, 0x600B,
    0x680D, 0x680E, 0x6810, 0x6811, 0x6812, 0x6814, 0x6015, 0x6016, 0x5817, 0x5818, 0x5019, 0x481B, 0x381C, 0x281D, 0x181E, 0x101F,
    0x48A0, 0x48A0, 0x48A0, 0x4880, 0x4860, 0x5040, 0x5001, 0x5002, 0x5003, 0x5004, 0x5005, 0x5806, 0x5807, 0x5808, 0x5809, 0x600B,
    0x600D, 0x680E, 0x6810, 0x6811, 0x6812, 0x6814, 0x6015, 0x6016, 0x5817, 0x5018, 0x4819, 0x401B, 0x381C, 0x201D, 0x101E, 0x081E,
    0x50E0, 0x50E0, 0x50C0, 0x50C0, 0x50A0, 0x5080, 0x5841, 0x5801, 0x5802, 0x5804, 0x5805, 0x5806, 0x5807, 0x5808, 0x600A, 0x600B,
    0x680D, 0x680F, 0x7010, 0x6812, 0x6813, 0x6814, 0x6015, 0x5816, 0x5817, 0x5018, 0x4819, 0x401B, 0x301C, 0x201D, 0x101E, 0x081E,
    0x5120, 0x5100, 0x5100, 0x5100, 0x50E0, 0x58C0, 0x58A0, 0x5861, 0x5822, 0x5803, 0x6005, 0x6006, 0x6008, 0x6009, 0x600A, 0x680C,
    0x680D, 0x700F, 0x7010, 0x6812, 0x6813, 0x6814, 0x6016, 0x5816, 0x5017, 0x4818, 0x401A, 0x381B, 0x281C, 0x181D, 0x101E, 0x001E,
    0x5940, 0x5140, 0x5140, 0x5120, 0x5120, 0x5900, 0x5900, 0x58C1, 0x5882, 0x5823, 0x6004, 0x6006, 0x6007, 0x6008, 0x600A, 0x680C,
    0x680D, 0x700F, 0x6810, 0x6812, 0x6813, 0x6014, 0x6015, 0x5816, 0x5017, 0x4818, 0x4019, 0x301B, 0x201C, 0x101D, 0x081E, 0x001E,
    0x5980, 0x5180, 0x5160, 0x5160, 0x5160, 0x5960, 0x5940, 0x5920, 0x5901, 0x58A3, 0x6044, 0x6005, 0x6007, 0x6008, 0x600A, 0x680C,
    0x680D, 0x680F, 0x6811, 0x6812, 0x6013, 0x6014, 0x5815, 0x5016, 0x4817, 0x4018, 0x301A, 0x201A, 0x181C, 0x081D, 0x001E, 0x001F,
    0x59C0, 0x59C0, 0x51C0, 0x51A0, 0x59A0, 0x59A0, 0x5980, 0x5960, 0x5941, 0x5922, 0x60E3, 0x60A5, 0x6086, 0x6068, 0x604A, 0x682C,
    0x680D, 0x680F, 0x6811, 0x6812, 0x6013, 0x5814, 0x5015, 0x4816, 0x4017, 0x3818, 0x281A, 0x181A, 0x101C, 0x081D, 0x001E, 0x001E,
    0x5A00, 0x5200, 0x5200, 0x51E0, 0x51E0, 0x59E0, 0x59E0, 0x59C0, 0x59A0, 0x5981, 0x6163, 0x6144, 0x6106, 0x60E8, 0x60CA, 0x688B,
    0x686D, 0x684F, 0x6850, 0x6052, 0x5853, 0x5054, 0x5055, 0x4036, 0x3837, 0x2838, 0x183A, 0x103B, 0x083C, 0x003D, 0x001E, 0x001E,
    0x5A60, 0x5240, 0x5240, 0x5240, 0x5240, 0x5A40, 0x5A40, 0x5A40, 0x5A20, 0x6201, 0x61E2, 0x69C4, 0x69A6, 0x6988, 0x6969, 0x694C,
    0x692D, 0x690F, 0x60F0, 0x60D2, 0x58D3, 0x50D4, 0x48D5, 0x38B6, 0x30B7, 0x20B8, 0x10BA, 0x08BB, 0x009C, 0x009D, 0x009E, 0x009E,
    0x5AC0, 0x5AA0, 0x5AA0, 0x5AA0, 0x5AA0, 0x62C0, 0x62C0, 0x62A0, 0x62A0, 0x62A0, 0x6A82, 0x6A64, 0x6A46, 0x6A28, 0x6A0A, 0x71EC,
    0x71EE, 0x69CF, 0x61B1, 0x6192, 0x5993, 0x4995, 0x4196, 0x3177, 0x2178, 0x1179, 0x117A, 0x095B, 0x015C, 0x015D, 0x015E, 0x013E,
    0x52E0, 0x52C0, 0x52C0, 0x52C0, 0x52C0, 0x52E0, 0x5AE0, 0x5AE0, 0x5AE0, 0x5AE0, 0x62E1, 0x6AE3, 0x6AC5, 0x6AA8, 0x6A8A, 0x728C,
    0x6A6E, 0x6A4F, 0x6231, 0x5A32, 0x5233, 0x4215, 0x3A16, 0x21F7, 0x19F8, 0x11F9, 0x09FA, 0x01DB, 0x01DC, 0x01DD, 0x01BE, 0x01BF,
    0x5320, 0x5300, 0x5300, 0x5300, 0x5300, 0x5320, 0x5320, 0x5320, 0x5300, 0x5B00, 0x5B21, 0x5B23, 0x6325, 0x6307, 0x6B09, 0x6B0B,
    0x6AED, 0x62CF, 0x5AB1, 0x52B2, 0x4AB3, 0x4294, 0x3295, 0x1A76, 0x1277, 0x0A79, 0x025A, 0x025B, 0x025C, 0x023D, 0x023E, 0x023F,
    0x5360, 0x5360, 0x5360, 0x4B60, 0x4B40, 0x5360, 0x5360, 0x5360, 0x5360, 0x5360, 0x5360, 0x5B83, 0x5B85, 0x5B67, 0x6369, 0x636B,
    0x6B6D, 0x634F, 0x5B50, 0x5332, 0x4B33, 0x4334, 0x3315, 0x2316, 0x12F7, 0x0AF9, 0x02FA, 0x02DB, 0x02DC, 0x02BD, 0x02BE, 0x02BF,
    0x4BC0, 0x4BC0, 0x4BC0, 0x4BA0, 0x4BA0, 0x53C0, 0x4BC0, 0x4BC0, 0x4BA0, 0x4BA0, 0x53C0, 0x53C2, 0x53C5, 0x53C7, 0x5BC8, 0x63CB,
    0x63CD, 0x63CE, 0x5BD0, 0x53D1, 0x53D3, 0x4BD4, 0x43B5, 0x33B6, 0x2397, 0x0B98, 0x0399, 0x037B, 0x037C, 0x035D, 0x035E, 0x035E,
    0x4C20, 0x4C20, 0x4C00, 0x4C00, 0x4C00, 0x4C20, 0x4C20, 0x4C20, 0x4C00, 0x4C00, 0x4C20, 0x4C22, 0x4C24, 0x5426, 0x5428, 0x5C2B,
    0x5C2D, 0x642E, 0x5C30, 0x5C31, 0x5452, 0x4C54, 0x4C55, 0x4456, 0x3C37, 0x2C38, 0x1C3A, 0x041A, 0x041C, 0x03FD, 0x03FE, 0x03FE,
    0x4CA0, 0x4C80, 0x4C80, 0x4C80, 0x4C80, 0x4CA0, 0x4CA0, 0x4CA0, 0x4C80, 0x4C80, 0x4CA0, 0x4CA2, 0x4CA5, 0x54A7, 0x5489, 0x5C8B,
    0x64AD, 0x64AF, 0x64B0, 0x5CB2, 0x5CB3, 0x54B4, 0x54B5, 0x44B6, 0x44B7, 0x3CB8, 0x2CBA, 0x1CBA, 0x14BC, 0x04BD, 0x049E, 0x049E,
    0x4D00, 0x44E0, 0x44E0, 0x44E0, 0x44E0, 0x4500, 0x4500, 0x44E0, 0x44E0, 0x44E0, 0x4500, 0x4503, 0x4CE5, 0x4CE7, 0x54E9, 0x5CEC,
    0x64ED, 0x64EF, 0x64F0, 0x64F1, 0x5D13, 0x5D14, 0x5515, 0x4D16, 0x4517, 0x3D38, 0x353A, 0x253A, 0x1D3C, 0x0D1D, 0x051E, 0x053E,
    0x4540, 0x4520, 0x3D20, 0x3D20, 0x4520, 0x3D40, 0x3D40, 0x3D20, 0x3D20, 0x3D20, 0x3D40, 0x4543, 0x4525, 0x4528, 0x4D29, 0x552B,
    0x5D2D, 0x5D2F, 0x6530, 0x6531, 0x5D53, 0x5D54, 0x5555, 0x4D56, 0x4557, 0x3D78, 0x357A, 0x257A, 0x157B, 0x157D, 0x0D7E, 0x059F,
    0x3D80, 0x3560, 0x3560, 0x3560, 0x3560, 0x3580, 0x3580, 0x3560, 0x3560, 0x3560, 0x3561, 0x3563, 0x3D66, 0x3D68, 0x4569, 0x4D6B,
    0x556D, 0x5D6E, 0x6570, 0x6571, 0x6592, 0x5D94, 0x5D95, 0x5596, 0x4D97, 0x45B8, 0x35B9, 0x25DA, 0x15DC, 0x0DDD, 0x05DE, 0x05FF,
    0x2DA0, 0x2DA0, 0x2DA0, 0x2DA0, 0x25A0, 0x2DA0, 0x25A0, 0x25A0, 0x25A0, 0x25A0, 0x2DA1, 0x35A4, 0x35A6, 0x35A8, 0x3DAA, 0x4DAB,
    0x55AD, 0x55AE, 0x65B0, 0x65B1, 0x65D2, 0x5DD3, 0x5DB5, 0x55D6, 0x4DD7, 0x45F8, 0x3DF9, 0x2DFA, 0x1E1C, 0x0E1D, 0x063E, 0x065F,
    0x1DE0, 0x1DE0, 0x1DE0, 0x1DE0, 0x1DE0, 0x1DE0, 0x1DE0, 0x1DE0, 0x15E0, 0x1DE0, 0x25E2, 0x25E4, 0x2DE6, 0x35E8, 0x3DEA, 0x45EC,
    0x4DED, 0x55EE, 0x5DF0, 0x65F1, 0x65F2, 0x5E13, 0x5E15, 0x5616, 0x4E17, 0x4638, 0x3E39, 0x2E3A, 0x1E5B, 0x0E5D, 0x067E, 0x069E,
    0x1640, 0x1640, 0x1640, 0x1640, 0x1640, 0x1640, 0x1640, 0x1620, 0x1640, 0x1641, 0x1E44, 0x2626, 0x2E28, 0x3629, 0x3E2B, 0x462C,
    0x4E4D, 0x564F, 0x5630, 0x6651, 0x6653, 0x6654, 0x5E55, 0x5E56, 0x5657, 0x4E78, 0x4679, 0x369A, 0x1E9B, 0x0EBD, 0x06BE, 0x06DE,
    0x0EA0, 0x0EA0, 0x0EA0, 0x0EA0, 0x0EA0, 0x16A0, 0x16A0, 0x1680, 0x1681, 0x1EA4, 0x2E86, 0x3688, 0x3E89, 0x3E8B, 0x468C, 0x4E8D,
    0x568E, 0x568F, 0x5690, 0x6692, 0x6E93, 0x6694, 0x6695, 0x5EB6, 0x56B7, 0x56B8, 0x4EB9, 0x3EDA, 0x26DC, 0x16FD, 0x0EFE, 0x071E,
    0x0EE0, 0x0EE0, 0x0EE0, 0x0EE0, 0x0EE0, 0x0EE0, 0x0EE0, 0x0EE1, 0x16C3, 0x1EC6, 0x2EE7, 0x36C9, 0x36CA, 0x3ECB, 0x46CC, 0x4EED,
    0x4EEE, 0x56CF, 0x56D0, 0x5ED1, 0x66D3, 0x66F4, 0x66F5, 0x5EF6, 0x56F7, 0x56F8, 0x4EF9, 0x3F1A, 0x2F1C, 0x173D, 0x0F3E, 0x075E,
    0x0F20, 0x0F20, 0x0F20, 0x0F20, 0x0F20, 0x1722, 0x1723, 0x1724, 0x1725, 0x2727, 0x2F29, 0x372A, 0x3F0B, 0x3F0B, 0x470D, 0x472E,
    0x4F2F, 0x4F30, 0x4F10, 0x5711, 0x5F13, 0x6734, 0x6735, 0x5F36, 0x5737, 0x4F38, 0x4F39, 0x475A, 0x2F5C, 0x1F7D, 0x0F7E, 0x0F7E,
    0x1762, 0x1762, 0x0F62, 0x1762, 0x1763, 0x1F65, 0x1F66, 0x1F67, 0x2768, 0x2F69, 0x376A, 0x3F6B, 0x3F6C, 0x3F4C, 0x476D, 0x476E,
    0x4F6F, 0x4F70, 0x4F71, 0x5772, 0x5F73, 0x6774, 0x6775, 0x5F76, 0x5777, 0x4F98, 0x4799, 0x479A, 0x379B, 0x1FBD, 0x0FBE, 0x0FBE,
    0x27A6, 0x1FA6, 0x1FA6, 0x1FA6, 0x27A7, 0x37A8, 0x37A9, 0x37A9, 0x37AA, 0x3FAA, 0x47AB, 0x47AC, 0x47AD, 0x47AD, 0x47AE, 0x4FAF,
    0x4FB0, 0x4FB0, 0x4FB1, 0x4FB2, 0x57B3, 0x5FB5, 0x67B6, 0x5FB6, 0x57B7, 0x4FD8, 0x47D9, 0x37DA, 0x37DB, 0x27DD, 0x17FE, 0x17DE,
    0x47CA, 0x3FE9, 0x3FEA, 0x3FEA, 0x47CA, 0x47EB, 0x47EB, 0x47CB, 0x47EC, 0x4FEC, 0x4FED, 0x4FED, 0x4FEE, 0x4FEE, 0x4FEF, 0x4FF0,
    0x4FF0, 0x4FF1, 0x4FF1, 0x4FF2, 0x4FF3, 0x5FF4, 0x67F6, 0x5FF7, 0x57F7, 0x4FF8, 0x47F9, 0x2FDA, 0x1FDB, 0x17DD, 0x17FE, 0x1FFF,
    0x5820, 0x5800, 0x5800, 0x5800, 0x5801, 0x6001, 0x6002, 0x6003, 0x6004, 0x6005, 0x6006, 0x6007, 0x6008, 0x6009, 0x680A, 0x680B,
    0x700D, 0x780F, 0x7811, 0x7811, 0x7813, 0x7814, 0x7015, 0x7016, 0x6817, 0x6818, 0x601A, 0x601B, 0x581B, 0x501D, 0x481E, 0x381E,
    0x5840, 0x5820, 0x5800, 0x5800, 0x5800, 0x5801, 0x6002, 0x6003, 0x6004, 0x6005, 0x6006, 0x6007, 0x6008, 0x6009, 0x600A, 0x680B,
    0x700D, 0x780F, 0x7810, 0x7811, 0x7813, 0x7814, 0x7015, 0x7016, 0x6817, 0x6818, 0x601A, 0x601B, 0x581C, 0x501D, 0x401E, 0x381F,
    0x5840, 0x5840, 0x5820, 0x5800, 0x5800, 0x5801, 0x6001, 0x6003, 0x6004, 0x6004, 0x6006, 0x6007, 0x6008, 0x6009, 0x600A, 0x680B,
    0x700D, 0x700F, 0x7810, 0x7811, 0x7813, 0x7814, 0x7015, 0x7016, 0x6817, 0x6818, 0x601A, 0x581B, 0x581C, 0x481D, 0x401E, 0x381F,
    0x5860, 0x5860, 0x5840, 0x5820, 0x5800, 0x5800, 0x6001, 0x6002, 0x5804, 0x6004, 0x6006, 0x6007, 0x6008, 0x6009, 0x600A, 0x680B,
    0x700D, 0x700E, 0x7810, 0x7811, 0x7813, 0x7814, 0x7015, 0x6816, 0x6817, 0x6818, 0x601A, 0x581A, 0x501B, 0x481D, 0x401E, 0x381F,
    0x5880, 0x5880, 0x5880, 0x5860, 0x5820, 0x5800, 0x6001, 0x5802, 0x5803, 0x6004, 0x6005, 0x6007, 0x6008, 0x6009, 0x6009, 0x680B,
    0x680D, 0x700E, 0x7810, 0x7811, 0x7813, 0x7014, 0x7015, 0x6816, 0x6817, 0x6818, 0x6019, 0x581B, 0x501C, 0x481D, 0x401E, 0x301F,
    0x58C0, 0x58A0, 0x58A0, 0x5880, 0x5860, 0x5820, 0x5801, 0x6001, 0x6003, 0x6004, 0x6005, 0x6006, 0x6008, 0x6009, 0x6009, 0x680B,
    0x680D, 0x700E, 0x7810, 0x7811, 0x7813, 0x7014, 0x7015, 0x6816, 0x6817, 0x6018, 0x6019, 0x581B, 0x501B, 0x401D, 0x381E, 0x281F,
    0x6100, 0x60E0, 0x60E0, 0x58C0, 0x58C0, 0x6080, 0x6040, 0x6801, 0x6002, 0x6804, 0x6805, 0x6807, 0x6808, 0x6809, 0x680A, 0x700C,
    0x700D, 0x780F, 0x7810, 0x7812, 0x7813, 0x7014, 0x7015, 0x6816, 0x6817, 0x6018, 0x5819, 0x501B, 0x481C, 0x401D, 0x381E, 0x201E,
    0x6140, 0x6120, 0x6120, 0x6100, 0x6100, 0x68E0, 0x68A0, 0x6861, 0x6822, 0x6803, 0x6805, 0x6806, 0x7008, 0x6809, 0x700A, 0x700C,
    0x780D, 0x780F, 0x7810, 0x7812, 0x7813, 0x7014, 0x7015, 0x6816, 0x6017, 0x6018, 0x5819, 0x501B, 0x481C, 0x401D, 0x301E, 0x181E,
    0x6160, 0x6160, 0x6160, 0x6140, 0x6140, 0x6920, 0x6900, 0x68C0, 0x6861, 0x6822, 0x6804, 0x6806, 0x7007, 0x6809, 0x700A, 0x700C,
    0x780D, 0x780F, 0x7811, 0x7812, 0x7813, 0x7014, 0x6815, 0x6816, 0x6017, 0x5818, 0x581A, 0x501B, 0x401C, 0x301D, 0x201E, 0x081F,
    0x61A0, 0x61A0, 0x6180, 0x6180, 0x6180, 0x6960, 0x6960, 0x6920, 0x68E1, 0x68A2, 0x7024, 0x7006, 0x7007, 0x7009, 0x700A, 0x700B,
    0x700D, 0x780F, 0x7811, 0x7812, 0x7013, 0x7014, 0x6816, 0x6016, 0x6017, 0x5818, 0x501A, 0x481B, 0x381C, 0x281D, 0x181E, 0x081E,
    0x61E0, 0x61E0, 0x61C0, 0x61C0, 0x61C0, 0x69A0, 0x69A0, 0x6980, 0x6941, 0x6922, 0x68E3, 0x70A5, 0x7066, 0x7048, 0x702A, 0x700B,
    0x780D, 0x780F, 0x7811, 0x7012, 0x7013, 0x6814, 0x6815, 0x6016, 0x5817, 0x5018, 0x481A, 0x401B, 0x301C, 0x201D, 0x081E, 0x081F,
    0x6240, 0x6220, 0x6220, 0x6200, 0x6200, 0x6A00, 0x69E0, 0x69C0, 0x69A0, 0x6981, 0x6963, 0x7124, 0x70E6, 0x70C8, 0x70AA, 0x708B,
    0x786D, 0x784F, 0x7030, 0x7032, 0x6813, 0x6814, 0x6015, 0x5816, 0x5017, 0x4818, 0x401A, 0x381A, 0x201C, 0x101D, 0x081E, 0x001F,
    0x6280, 0x6280, 0x6260, 0x6260, 0x6260, 0x6A60, 0x6A60, 0x6A40, 0x6A20, 0x6A00, 0x71E2, 0x71C4, 0x71A6, 0x7168, 0x7169, 0x792B,
    0x790D, 0x78CF, 0x70B0, 0x70B2, 0x6893, 0x6894, 0x6095, 0x5896, 0x5077, 0x4078, 0x387A, 0x287B, 0x105C, 0x085D, 0x005E, 0x005F,
    0x6AE0, 0x6AE0, 0x6AC0, 0x6AC0, 0x6AC0, 0x6AE0, 0x72E0, 0x72C0, 0x72A0, 0x72A0, 0x7A82, 0x7A64, 0x7A46, 0x7A28, 0x7A0A, 0x79EC,
    0x81CE, 0x79AF, 0x7991, 0x7192, 0x6993, 0x6975, 0x5976, 0x5177, 0x4957, 0x4159, 0x315A, 0x193B, 0x093C, 0x013D, 0x013E, 0x013F,
    0x6320, 0x6300, 0x6300, 0x6300, 0x6300, 0x6320, 0x6B20, 0x6B20, 0x6B00, 0x7300, 0x7301, 0x7AE3, 0x7AC5, 0x7AA8, 0x7A89, 0x7A6C,
    0x7A6D, 0x7A4F, 0x7231, 0x7212, 0x6A13, 0x6215, 0x59F6, 0x51D6, 0x41D8, 0x39D9, 0x21DA, 0x11DB, 0x09BC, 0x01BD, 0x01BE, 0x019F,
    0x5B40, 0x5B20, 0x5B20, 0x5B20, 0x5B20, 0x6340, 0x6340, 0x6340, 0x6320, 0x6B20, 0x6B40, 0x6B42, 0x7345, 0x7327, 0x7B09, 0x7AEB,
    0x7AED, 0x7ACF, 0x72B1, 0x6AB2, 0x6293, 0x5A94, 0x5276, 0x4A76, 0x3A58, 0x2A59, 0x1A5A, 0x0A3B, 0x023C, 0x023D, 0x021E, 0x021F,
    0x5B80, 0x5B60, 0x5B60, 0x5B60, 0x5B60, 0x5B80, 0x5B80, 0x5B60, 0x5B60, 0x5B60, 0x6380, 0x6382, 0x6B84, 0x6B87, 0x7369, 0x736B,
    0x7B6D, 0x734F, 0x7330, 0x6B12, 0x6313, 0x5B14, 0x52F5, 0x42F6, 0x3AD7, 0x22D9, 0x0ADA, 0x0ABB, 0x02BC, 0x02BD, 0x029E, 0x029F,
    0x5BC0, 0x5BC0, 0x5BC0, 0x5BC0, 0x5BA0, 0x5BC0, 0x5BC0, 0x5BC0, 0x5BC0, 0x5BC0, 0x5BC0, 0x63C2, 0x63C4, 0x63C6, 0x6BC8, 0x6BCB,
    0x73CD, 0x73AE, 0x6BB0, 0x6BB1, 0x6393, 0x5B94, 0x5395, 0x4B76, 0x3B77, 0x2359, 0x135A, 0x0B3B, 0x033C, 0x031D, 0x031E, 0x02FF,
    0x5C20, 0x5C20, 0x5C00, 0x5C00, 0x5400, 0x5C20, 0x5C20, 0x5C20, 0x5C20, 0x5C20, 0x5C20, 0x5C21, 0x5C24, 0x5C26, 0x6428, 0x642A,
    0x6C2C, 0x6C2E, 0x6C30, 0x6C31, 0x6C32, 0x6434, 0x6415, 0x5416, 0x4C17, 0x4418, 0x2BF9, 0x13DB, 0x03DC, 0x03BD, 0x03BE, 0x03BF,
    0x5CA0, 0x5CA0, 0x5C80, 0x5C80, 0x5C80, 0x5CA0, 0x54A0, 0x54A0, 0x5480, 0x5C80, 0x5CA0, 0x5CA2, 0x5CA5, 0x5C87, 0x6489, 0x6C8B,
    0x6C8D, 0x748F, 0x7490, 0x7491, 0x6CB3, 0x6CB4, 0x64B5, 0x5CB6, 0x5CB7, 0x5498, 0x4C9A, 0x3C9B, 0x2C7C, 0x147D, 0x047E, 0x047E,
    0x5500, 0x54E0, 0x54E0, 0x54E0, 0x54E0, 0x5500, 0x5500, 0x5500, 0x54E0, 0x54E0, 0x5500, 0x5502, 0x54E5, 0x5CE7, 0x5CE9, 0x64EB,
    0x6CED, 0x6CEF, 0x74F0, 0x74F1, 0x6CF3, 0x6D14, 0x6515, 0x6516, 0x5D17, 0x5518, 0x551A, 0x4D1A, 0x3D1C, 0x2D1D, 0x14FE, 0x051E,
    0x5540, 0x5520, 0x4D20, 0x4D20, 0x4D20, 0x4D40, 0x4D40, 0x4D20, 0x4D20, 0x4D20, 0x4D40, 0x4D42, 0x5545, 0x5527, 0x5D29, 0x652B,
    0x652D, 0x6D2E, 0x6D30, 0x7531, 0x7533, 0x6D54, 0x6555, 0x6556, 0x5D57, 0x5578, 0x557A, 0x4D7A, 0x457C, 0x357D, 0x257E, 0x057E,
    0x4580, 0x4560, 0x4560, 0x4560, 0x4560, 0x4560, 0x4560, 0x4560, 0x4560, 0x4560, 0x4D60, 0x4D62, 0x4D65, 0x4D68, 0x5569, 0x5D6B,
    0x656D, 0x656E, 0x6D70, 0x7571, 0x7572, 0x6D94, 0x6D95, 0x6596, 0x6597, 0x5DB8, 0x55B9, 0x4DBB, 0x3DBC, 0x2DDD, 0x1DDE, 0x0DDE,
    0x45A0, 0x45A0, 0x45A0, 0x3DA0, 0x3DA0, 0x3DA0, 0x3DA0, 0x3DA0, 0x3DA0, 0x3DA0, 0x45A1, 0x45A3, 0x45A6, 0x4DA8, 0x4DAA, 0x5DAC,
    0x5DAD, 0x65AE, 0x6DB0, 0x75B1, 0x75B2, 0x6DD4, 0x6DB5, 0x65D6, 0x65D7, 0x5DF8, 0x55F9, 0x4DFA, 0x3E1C, 0x261D, 0x0E3E, 0x0E3E,
    0x3DE0, 0x35E0, 0x35E0, 0x35E0, 0x35E0, 0x35E0, 0x35E0, 0x35E0, 0x35E0, 0x35E0, 0x3DE2, 0x3DE4, 0x45E6, 0x45E8, 0x4DEA, 0x55EC,
    0x5DED, 0x65EF, 0x65F0, 0x6DF1, 0x6DF2, 0x6E14, 0x6DF5, 0x6DF6, 0x6617, 0x5E38, 0x5639, 0x4E3A, 0x3E5B, 0x265D, 0x0E7E, 0x069E,
    0x3640, 0x2E40, 0x2E20, 0x2E20, 0x2E20, 0x3640, 0x3620, 0x3620, 0x3640, 0x3641, 0x3E43, 0x3E45, 0x4627, 0x4629, 0x4E2B, 0x562C,
    0x5E4E, 0x5E4F, 0x6630, 0x6E31, 0x6E53, 0x7654, 0x6E54, 0x6E56, 0x6657, 0x5E78, 0x5E79, 0x4E9A, 0x469C, 0x2E9D, 0x16BE, 0x06DE,
    0x2EA0, 0x2EA0, 0x2E80, 0x2E80, 0x2EA0, 0x2EA0, 0x2E80, 0x3680, 0x36A1, 0x3684, 0x3E86, 0x4688, 0x4E89, 0x4E8B, 0x568C, 0x5E8D,
    0x5E8F, 0x668F, 0x6691, 0x6E92, 0x7693, 0x7694, 0x7695, 0x6EB6, 0x6EB7, 0x66B8, 0x5EBA, 0x56DA, 0x4EDC, 0x36FD, 0x26FE, 0x0F1E,
    0x26E0, 0x26E0, 0x26E0, 0x26C0, 0x26E0, 0x2EE0, 0x2EE0, 0x2EE1, 0x2EE3, 0x36E5, 0x3EE7, 0x46C9, 0x4ECA, 0x4ECB, 0x56CC, 0x5ECE,
    0x5ECF, 0x5ECF, 0x5ED0, 0x66F1, 0x6EF3, 0x76D4, 0x76D5, 0x6EF6, 0x66F7, 0x66F8, 0x5EF9, 0x571B, 0x4F1C, 0x373D, 0x273E, 0x0F3F,
    0x2720, 0x2720, 0x2720, 0x2700, 0x2720, 0x2F22, 0x2F22, 0x2F24, 0x3725, 0x3F27, 0x4728, 0x4F0A, 0x4F0B, 0x4F0C, 0x570D, 0x570E,
    0x5F0F, 0x5F30, 0x5F31, 0x5F31, 0x6733, 0x6F34, 0x6F35, 0x6F36, 0x6737, 0x6738, 0x5F39, 0x5F3A, 0x4F5C, 0x3F7D, 0x277E, 0x1F7F,
    0x2F62, 0x2F62, 0x2F62, 0x2F62, 0x2F63, 0x3765, 0x3766, 0x3F66, 0x3F67, 0x4768, 0x4F6A, 0x4F6B, 0x4F4C, 0x4F6C, 0x576D, 0x576E,
    0x5F6F, 0x5F70, 0x5F71, 0x5F72, 0x6773, 0x6F74, 0x6F75, 0x6F76, 0x6797, 0x5F98, 0x5F99, 0x579A, 0x4F9B, 0x3FBD, 0x2FBE, 0x2FBF,
    0x3FA6, 0x3FA6, 0x37A6, 0x37A6, 0x3FA7, 0x47A8, 0x47A9, 0x47A9, 0x47AA, 0x4FAB, 0x4FAC, 0x57AC, 0x57AD, 0x57AD, 0x57AE, 0x5FAF,
    0x5FB0, 0x5FB1, 0x5FB1, 0x5FB2, 0x5FB3, 0x67B4, 0x6FB6, 0x6FB6, 0x67D7, 0x5FD8, 0x57B9, 0x4FDA, 0x4FDB, 0x3FDD, 0x2FFE, 0x3FDE,
    0x4FEA, 0x4FE9, 0x4FE9, 0x4FEA, 0x57CA, 0x57EB, 0x57EB, 0x57EC, 0x57EC, 0x5FED, 0x5FED, 0x5FEE, 0x5FEE, 0x5FEF, 0x5FEF, 0x5FF0,
    0x5FF0, 0x5FF1, 0x5FF2, 0x5FF2, 0x5FF3, 0x5FD4, 0x6FF6, 0x6FF7, 0x67D7, 0x67D8, 0x57DA, 0x4FFA, 0x3FDB, 0x3FDD, 0x3FFE, 0x47FF,
    0x6800, 0x6800, 0x6800, 0x6800, 0x6800, 0x6801, 0x6801, 0x6803, 0x6804, 0x6805, 0x7006, 0x7007, 0x7008, 0x700A, 0x700B, 0x780C,
    0x780D, 0x800F, 0x8010, 0x8011, 0x8013, 0x8014, 0x8015, 0x7816, 0x7817, 0x7818, 0x7019, 0x701B, 0x681C, 0x601D, 0x581E, 0x501E,
    0x6820, 0x6800, 0x6800, 0x6800, 0x6800, 0x6800, 0x6801, 0x6803, 0x7004, 0x6805, 0x7006, 0x7007, 0x7008, 0x7009, 0x700A, 0x700C,
    0x780D, 0x800F, 0x8010, 0x8011, 0x8013, 0x8014, 0x8015, 0x7816, 0x7817, 0x7018, 0x7019, 0x681A, 0x681C, 0x601D, 0x581E, 0x501F,
    0x6840, 0x6820, 0x6800, 0x6800, 0x6800, 0x6800, 0x6801, 0x6802, 0x6804, 0x6805, 0x7006, 0x7007, 0x7008, 0x7009, 0x700A, 0x700C,
    0x780D, 0x780F, 0x8010, 0x8011, 0x8013, 0x8014, 0x8015, 0x7816, 0x7817, 0x7018, 0x701A, 0x681B, 0x681C, 0x601D, 0x581E, 0x501F,
    0x6880, 0x6860, 0x6840, 0x6820, 0x6800, 0x6800, 0x6801, 0x6802, 0x6804, 0x6805, 0x7006, 0x7007, 0x7008, 0x7009, 0x700A, 0x700C,
    0x780D, 0x780E, 0x8010, 0x8011, 0x8013, 0x8014, 0x8015, 0x7816, 0x7817, 0x7018, 0x681A, 0x681B, 0x681C, 0x601D, 0x581E, 0x501F,
    0x68A0, 0x6880, 0x6880, 0x6060, 0x6820, 0x6800, 0x6800, 0x6801, 0x6803, 0x6804, 0x7005, 0x7007, 0x7008, 0x7009, 0x700A, 0x700B,
    0x780D, 0x780E, 0x8010, 0x8011, 0x8013, 0x8014, 0x8015, 0x7816, 0x7817, 0x7018, 0x6819, 0x681A, 0x601C, 0x601D, 0x581E, 0x501F,
    0x68C0, 0x68C0, 0x60A0, 0x6080, 0x6060, 0x6820, 0x6800, 0x6801, 0x6802, 0x6804, 0x6805, 0x7007, 0x7008, 0x7009, 0x700A, 0x700B,
    0x780D, 0x780E, 0x8010, 0x8011, 0x8013, 0x8014, 0x7815, 0x7816, 0x7017, 0x7018, 0x681A, 0x681B, 0x601C, 0x581D, 0x501E, 0x481E,
    0x6920, 0x6900, 0x6900, 0x68E0, 0x68C0, 0x7080, 0x7040, 0x7001, 0x7002, 0x7003, 0x7805, 0x7807, 0x7808, 0x7809, 0x780B, 0x780C,
    0x780D, 0x800F, 0x8010, 0x8011, 0x8013, 0x8014, 0x8015, 0x7816, 0x7017, 0x7018, 0x681A, 0x601B, 0x601C, 0x581D, 0x501E, 0x481F,
    0x7140, 0x7140, 0x7140, 0x6920, 0x7100, 0x70E0, 0x78A0, 0x7860, 0x7021, 0x7803, 0x7805, 0x7806, 0x7808, 0x7809, 0x780B, 0x780C,
    0x800D, 0x800F, 0x8010, 0x8012, 0x8013, 0x8014, 0x7815, 0x7816, 0x7017, 0x7018, 0x681A, 0x601B, 0x581C, 0x501D, 0x481E, 0x401F,
    0x7180, 0x7180, 0x7160, 0x7160, 0x7140, 0x7140, 0x7900, 0x78C0, 0x7081, 0x7822, 0x7804, 0x7806, 0x7808, 0x7809, 0x780A, 0x780C,
    0x800D, 0x800F, 0x8010, 0x8011, 0x8013, 0x8014, 0x7815, 0x7816, 0x7017, 0x6818, 0x6819, 0x601B, 0x581C, 0x501D, 0x481E, 0x381E,
    0x71A0, 0x71A0, 0x71A0, 0x71A0, 0x7180, 0x7180, 0x7160, 0x7140, 0x7100, 0x70A2, 0x7823, 0x7805, 0x8007, 0x8009, 0x780A, 0x780B,
    0x800D, 0x800F, 0x8010, 0x8012, 0x8013, 0x7814, 0x7815, 0x7016, 0x7017, 0x6818, 0x601A, 0x581A, 0x501C, 0x481D, 0x401E, 0x301E,
    0x7200, 0x7200, 0x71E0, 0x71C0, 0x71C0, 0x71C0, 0x71A0, 0x7180, 0x7160, 0x7122, 0x78E3, 0x7885, 0x7827, 0x7808, 0x780A, 0x800B,
    0x800D, 0x800F, 0x8010, 0x8012, 0x8013, 0x7814, 0x7015, 0x7016, 0x6817, 0x6018, 0x601A, 0x581A, 0x481C, 0x401D, 0x381E, 0x281E,
    0x7240, 0x7240, 0x7220, 0x6A20, 0x7200, 0x7220, 0x7200, 0x71E0, 0x71C0, 0x71A1, 0x7963, 0x7924, 0x78C6, 0x7888, 0x7889, 0x806B,
    0x804D, 0x802F, 0x8010, 0x8011, 0x7813, 0x7814, 0x7015, 0x7016, 0x6817, 0x6018, 0x581A, 0x501A, 0x481C, 0x381D, 0x281E, 0x181F,
    0x72A0, 0x7280, 0x7280, 0x7280, 0x7260, 0x7280, 0x7A60, 0x7A40, 0x7A20, 0x7A20, 0x7A02, 0x81C4, 0x8186, 0x8168, 0x8149, 0x812B,
    0x80ED, 0x80AF, 0x8070, 0x8071, 0x7873, 0x7874, 0x7075, 0x6856, 0x6057, 0x5858, 0x505A, 0x485A, 0x405C, 0x305D, 0x205E, 0x003E,
    0x7B00, 0x7B00, 0x7B00, 0x7B00, 0x7AE0, 0x7B00, 0x7AE0, 0x7AE0, 0x7AC0, 0x82A0, 0x8282, 0x8A64, 0x8A46, 0x8A28, 0x89EA, 0x89EC,
    0x89CE, 0x89B0, 0x8171, 0x8172, 0x7973, 0x7975, 0x7155, 0x6956, 0x6137, 0x5939, 0x513A, 0x413B, 0x391C, 0x291D, 0x111E, 0x00FE,
    0x7360, 0x7340, 0x7340, 0x7340, 0x7340, 0x7B60, 0x7B40, 0x7B40, 0x7B20, 0x7B00, 0x8300, 0x82E3, 0x82C6, 0x8288, 0x8289, 0x8A6C,
    0x8A6D, 0x8A2F, 0x8211, 0x8212, 0x7A13, 0x71F5, 0x69F6, 0x69D7, 0x61D8, 0x51D9, 0x49DA, 0x41BB, 0x31BC, 0x199D, 0x019E, 0x019F,
    0x6B80, 0x6B60, 0x6B60, 0x6B60, 0x6B60, 0x7380, 0x7380, 0x7360, 0x7360, 0x7B60, 0x7B60, 0x8362, 0x8344, 0x8307, 0x82E9, 0x82EB,
    0x8AED, 0x8AAF, 0x82B0, 0x8292, 0x7A93, 0x7294, 0x6A75, 0x6276, 0x5A57, 0x5259, 0x4A5A, 0x3A3B, 0x2A3C, 0x121D, 0x021E, 0x021F,
    0x6BA0, 0x6380, 0x6380, 0x6380, 0x6380, 0x6BA0, 0x6BA0, 0x6BA0, 0x6BA0, 0x6BA0, 0x73C0, 0x7BC1, 0x7BA4, 0x7B86, 0x8368, 0x836B,
    0x836D, 0x832E, 0x8330, 0x7B11, 0x7B13, 0x7314, 0x6AF5, 0x62D6, 0x5AD7, 0x52D9, 0x42BA, 0x32BB, 0x1ABC, 0x0A9D, 0x029E, 0x027F,
    0x63E0, 0x63C0, 0x63C0, 0x63C0, 0x63C0, 0x63E0, 0x63E0, 0x63C0, 0x63C0, 0x63C0, 0x6BE0, 0x6BE1, 0x73E4, 0x73E6, 0x7BE8, 0x7BEA,
    0x83CD, 0x83AE, 0x83B0, 0x7B91, 0x7393, 0x7394, 0x6B75, 0x6356, 0x5357, 0x4B59, 0x433A, 0x333B, 0x0B1C, 0x031D, 0x02FE, 0x02FF,
    0x6420, 0x6420, 0x6420, 0x5C00, 0x5C00, 0x6420, 0x6420, 0x6420, 0x6420, 0x6420, 0x6420, 0x6C21, 0x6C24, 0x6C26, 0x6C28, 0x742A,
    0x7C2C, 0x7C2E, 0x7C10, 0x7C11, 0x7412, 0x7414, 0x6BF5, 0x63F6, 0x5BD7, 0x53D8, 0x43D9, 0x33BA, 0x139C, 0x039D, 0x037E, 0x037F,
    0x64A0, 0x64A0, 0x6480, 0x6480, 0x6480, 0x64A0, 0x64A0, 0x6480, 0x64A0, 0x6480, 0x64A0, 0x64A2, 0x6CA4, 0x6C87, 0x6C89, 0x74AB,
    0x748D, 0x7C8E, 0x8490, 0x8491, 0x7C93, 0x7C94, 0x7495, 0x6C96, 0x6C77, 0x6478, 0x5479, 0x4C5B, 0x345C, 0x245D, 0x143E, 0x043F,
    0x6500, 0x6500, 0x64E0, 0x5CE0, 0x64E0, 0x6500, 0x64E0, 0x64E0, 0x64E0, 0x64E0, 0x6500, 0x6502, 0x64E5, 0x64E7, 0x6CE9, 0x74EB,
    0x74ED, 0x7CEE, 0x7CF0, 0x84D1, 0x7CF3, 0x7CF4, 0x74F5, 0x74F6, 0x6CF7, 0x6CF8, 0x64F9, 0x5CFB, 0x54FC, 0x44FD, 0x2CDE, 0x14DE,
    0x5D40, 0x5D40, 0x5D20, 0x5D20, 0x5D40, 0x5D40, 0x5D40, 0x5D20, 0x5D20, 0x5D20, 0x5D40, 0x5D42, 0x5D25, 0x6527, 0x6529, 0x6D4B,
    0x754D, 0x752E, 0x7D30, 0x7D31, 0x7D33, 0x7D34, 0x7555, 0x7556, 0x6D57, 0x6D58, 0x6579, 0x5D5A, 0x5D5C, 0x4D5D, 0x3D5E, 0x2D5E,
    0x5580, 0x5560, 0x5560, 0x5560, 0x5560, 0x5560, 0x5560, 0x5560, 0x5560, 0x5560, 0x5D60, 0x5D62, 0x5D65, 0x5D67, 0x6569, 0x656B,
    0x6D6D, 0x756E, 0x7570, 0x7D71, 0x7D72, 0x7D74, 0x7D75, 0x7576, 0x7597, 0x6DB8, 0x65B9, 0x5DBA, 0x55BB, 0x4DBD, 0x45BE, 0x3DDE,
    0x55A0, 0x4DA0, 0x4DA0, 0x4DA0, 0x4DA0, 0x4DA0, 0x4DA0, 0x4DA0, 0x4DA0, 0x4DA0, 0x55A0, 0x55A2, 0x55A5, 0x55A8, 0x5DA9, 0x65AB,
    0x6DAD, 0x6DAE, 0x75B0, 0x7DB1, 0x7DB2, 0x7DB4, 0x7DB5, 0x75D6, 0x75D7, 0x6DD8, 0x65F9, 0x5DFA, 0x561C, 0x4E1D, 0x3E1E, 0x361F,
    0x4DE0, 0x4DE0, 0x45E0, 0x45E0, 0x45E0, 0x45E0, 0x4DE0, 0x4DE0, 0x4DE0, 0x4DE0, 0x4DE1, 0x4DE3, 0x55E6, 0x55E8, 0x5DEA, 0x65EC,
    0x65ED, 0x6DEE, 0x6DF0, 0x75F1, 0x7DF2, 0x7DF4, 0x75F5, 0x7616, 0x7617, 0x6E18, 0x6639, 0x5E3A, 0x565B, 0x465D, 0x3E7E, 0x2E7F,
    0x4640, 0x4640, 0x4640, 0x4620, 0x4640, 0x4640, 0x4640, 0x4640, 0x4620, 0x4641, 0x4E43, 0x4E45, 0x5627, 0x5629, 0x5E2B, 0x662C,
    0x662E, 0x6E2F, 0x6E30, 0x7631, 0x7E33, 0x7E54, 0x7E55, 0x7656, 0x7657, 0x6E78, 0x6E79, 0x669A, 0x569B, 0x4E9D, 0x3EBE, 0x2EDF,
    0x46A0, 0x46A0, 0x4680, 0x4680, 0x3EA0, 0x46A0, 0x46A0, 0x46A0, 0x4680, 0x4E83, 0x4EA6, 0x56A7, 0x5689, 0x5E8A, 0x668C, 0x668D,
    0x6E8F, 0x6E8F, 0x6E90, 0x7691, 0x7E93, 0x7E94, 0x7E95, 0x7E96, 0x76B7, 0x76B8, 0x6ED9, 0x66DB, 0x5EDC, 0x56FD, 0x46FE, 0x3EFF,
    0x3EE0, 0x3EE0, 0x3EE0, 0x3EE0, 0x3EE0, 0x46E0, 0x46E0, 0x46E0, 0x46E2, 0x46E5, 0x4EE7, 0x56E8, 0x56CA, 0x5ECB, 0x5ECD, 0x66CE,
    0x66CF, 0x6ED0, 0x6ED0, 0x76D1, 0x76D2, 0x7ED4, 0x7ED5, 0x7ED6, 0x76D7, 0x6EF8, 0x6EF9, 0x671B, 0x5F1C, 0x573D, 0x473E, 0x3F5F,
    0x3F20, 0x3F20, 0x3F20, 0x3F20, 0x3F20, 0x4721, 0x4722, 0x4723, 0x4725, 0x4727, 0x4F28, 0x572A, 0x5F0B, 0x5F0C, 0x5F0D, 0x670E,
    0x670F, 0x6F10, 0x6F11, 0x6F12, 0x6F13, 0x7734, 0x7F15, 0x7736, 0x7737, 0x6F38, 0x6F39, 0x675A, 0x5F5C, 0x577D, 0x477E, 0x477F,
    0x4762, 0x3F62, 0x3F62, 0x3F62, 0x3F63, 0x4764, 0x4765, 0x4766, 0x4F67, 0x4F69, 0x576A, 0x5F6B, 0x5F6C, 0x5F6D, 0x674E, 0x674F,
    0x676F, 0x6770, 0x6F71, 0x6F72, 0x6F73, 0x6F74, 0x7F75, 0x7776, 0x7777, 0x6F98, 0x6F99, 0x679A, 0x5F9C, 0x57BD, 0x4FBE, 0x4FBF,
    0x4FA6, 0x47A5, 0x47A5, 0x47A6, 0x4FA7, 0x4FA8, 0x4FA8, 0x57A9, 0x57AA, 0x57AB, 0x5FAC, 0x5FAC, 0x67AD, 0x67AE, 0x67AF, 0x67AF,
    0x67B0, 0x67B1, 0x67B1, 0x6FB2, 0x6FB3, 0x6FB4, 0x77B5, 0x77B6, 0x77B7, 0x6FD8, 0x6FD9, 0x67DA, 0x5FDC, 0x57DD, 0x4FDE, 0x57DF,
    0x5FE9, 0x5FE9, 0x57E9, 0x57EA, 0x5FEA, 0x5FEB, 0x5FEB, 0x5FEC, 0x67EC, 0x67ED, 0x67ED, 0x67EE, 0x6FEE, 0x6FEF, 0x6FD0, 0x6FF0,
    0x6FF1, 0x6FD1, 0x6FF2, 0x6FD2, 0x6FD3, 0x6FF4, 0x6FF5, 0x77D6, 0x77F8, 0x6FF9, 0x6FF9, 0x5FFB, 0x57DC, 0x57DD, 0x57FE, 0x57FE,
    0x7800, 0x7800, 0x7000, 0x7800, 0x7800, 0x7800, 0x8001, 0x8003, 0x7804, 0x7805, 0x8007, 0x8008, 0x8009, 0x800A, 0x800B, 0x800C,
    0x880D, 0x880F, 0x8810, 0x8812, 0x9013, 0x8814, 0x8815, 0x8816, 0x8017, 0x8018, 0x801A, 0x781B, 0x781C, 0x701D, 0x681E, 0x681E,
    0x7820, 0x7800, 0x7000, 0x7000, 0x7800, 0x7800, 0x7801, 0x7802, 0x7804, 0x7805, 0x8006, 0x8008, 0x8009, 0x800A, 0x800B, 0x800C,
    0x800D, 0x880F, 0x8810, 0x8811, 0x8813, 0x8814, 0x8815, 0x8816, 0x8817, 0x8018, 0x8019, 0x781A, 0x781C, 0x701D, 0x681E, 0x681E,
    0x7840, 0x7820, 0x7000, 0x7000, 0x7800, 0x7800, 0x7801, 0x7802, 0x7804, 0x7805, 0x8006, 0x8008, 0x8009, 0x8009, 0x800B, 0x800C,
    0x800D, 0x880F, 0x8810, 0x8811, 0x8813, 0x8814, 0x8815, 0x8816, 0x8017, 0x8018, 0x781A, 0x781A, 0x701B, 0x701D, 0x681E, 0x601F,
    0x7080, 0x7860, 0x7040, 0x7020, 0x7000, 0x7800, 0x7800, 0x7802, 0x7803, 0x7805, 0x8006, 0x8007, 0x8008, 0x8009, 0x800B, 0x800C,
    0x800D, 0x880F, 0x8810, 0x8811, 0x8813, 0x8814, 0x8815, 0x8816, 0x8017, 0x8018, 0x7819, 0x781A, 0x701C, 0x701D, 0x681E, 0x601F,
    0x78A0, 0x7880, 0x7080, 0x7040, 0x7000, 0x7800, 0x7800, 0x7801, 0x7803, 0x7804, 0x8006, 0x8007, 0x8008, 0x8009, 0x800B, 0x800C,
    0x800D, 0x880E, 0x8810, 0x8811, 0x8813, 0x8814, 0x8815, 0x8816, 0x8017, 0x8018, 0x7819, 0x781A, 0x701C, 0x681D, 0x681E, 0x601F,
    0x78E0, 0x70E0, 0x70C0, 0x7080, 0x7060, 0x7820, 0x7800, 0x7801, 0x7802, 0x7804, 0x7805, 0x8007, 0x8008, 0x7809, 0x800A, 0x800C,
    0x800D, 0x800E, 0x8810, 0x8811, 0x8813, 0x8814, 0x8815, 0x8816, 0x8017, 0x8018, 0x7819, 0x781B, 0x701B, 0x681D, 0x601E, 0x601E,
    0x7920, 0x7920, 0x7900, 0x78E0, 0x78C0, 0x8080, 0x8040, 0x8001, 0x8002, 0x8003, 0x8805, 0x8807, 0x8808, 0x800A, 0x800B, 0x880C,
    0x880E, 0x880F, 0x8810, 0x8812, 0x8813, 0x8814, 0x8815, 0x8816, 0x8017, 0x7818, 0x7819, 0x701A, 0x701C, 0x681D, 0x601E, 0x581E,
    0x8160, 0x8160, 0x7940, 0x7920, 0x7900, 0x80E0, 0x80A0, 0x8040, 0x8001, 0x8803, 0x8805, 0x8806, 0x8808, 0x8809, 0x880B, 0x880C,
    0x880E, 0x880F, 0x8810, 0x8812, 0x8813, 0x8814, 0x8815, 0x8016, 0x8017, 0x7818, 0x781A, 0x701B, 0x681C, 0x681D, 0x601E, 0x581E,
    0x81A0, 0x81A0, 0x7980, 0x7960, 0x7960, 0x8140, 0x8120, 0x80C0, 0x8061, 0x8022, 0x8804, 0x8806, 0x8808, 0x8809, 0x880B, 0x880C,
    0x880D, 0x900F, 0x8810, 0x8811, 0x8813, 0x8814, 0x8815, 0x8016, 0x8017, 0x7818, 0x781A, 0x701B, 0x681C, 0x601D, 0x581E, 0x501E,
    0x81C0, 0x81C0, 0x81C0, 0x81A0, 0x79A0, 0x8180, 0x8160, 0x8140, 0x8100, 0x80A2, 0x8823, 0x8805, 0x8807, 0x8809, 0x880A, 0x880C,
    0x880E, 0x900F, 0x8810, 0x8811, 0x8813, 0x8814, 0x8015, 0x8016, 0x7817, 0x7818, 0x701A, 0x701A, 0x681C, 0x601D, 0x581E, 0x501E,
    0x8200, 0x8200, 0x7A00, 0x79E0, 0x79E0, 0x81E0, 0x81C0, 0x81A0, 0x8160, 0x8121, 0x88C3, 0x8865, 0x8806, 0x8808, 0x880A, 0x880C,
    0x880D, 0x880F, 0x9010, 0x8812, 0x8813, 0x8814, 0x8015, 0x8016, 0x7817, 0x7018, 0x701A, 0x681B, 0x601C, 0x581D, 0x501E, 0x481E,
    0x8260, 0x7A40, 0x7A40, 0x7A20, 0x7A20, 0x8220, 0x8200, 0x81E0, 0x81C0, 0x81A1, 0x8962, 0x8904, 0x88A6, 0x8888, 0x8869, 0x886B,
    0x884D, 0x880F, 0x8810, 0x8812, 0x8813, 0x8814, 0x8015, 0x8016, 0x7817, 0x7018, 0x681A, 0x601B, 0x601C, 0x581D, 0x481E, 0x381E,
    0x82A0, 0x82A0, 0x7A80, 0x8280, 0x8280, 0x8280, 0x8260, 0x8260, 0x8240, 0x8A20, 0x8A02, 0x89C4, 0x8986, 0x8948, 0x8929, 0x910B,
    0x90CD, 0x908F, 0x9070, 0x8852, 0x8853, 0x8854, 0x8055, 0x7856, 0x7857, 0x7058, 0x685A, 0x605B, 0x583C, 0x503D, 0x403E, 0x303E,
    0x8B20, 0x8320, 0x8300, 0x8300, 0x8300, 0x8B00, 0x8B00, 0x8AE0, 0x8AC0, 0x8AA0, 0x9282, 0x9264, 0x9246, 0x9208, 0x91E9, 0x91EC,
    0x91CE, 0x918F, 0x9171, 0x9152, 0x8953, 0x8934, 0x8135, 0x7916, 0x7117, 0x6919, 0x691A, 0x60FB, 0x58DC, 0x48DD, 0x38BE, 0x28BE,
    0x8360, 0x8360, 0x8360, 0x8360, 0x8360, 0x8B60, 0x8B60, 0x8B40, 0x8B20, 0x8B00, 0x8B01, 0x92E3, 0x92A5, 0x9287, 0x9269, 0x926B,
    0x926D, 0x922F, 0x9210, 0x91F2, 0x89F3, 0x89F4, 0x81D5, 0x79D6, 0x71B7, 0x69B8, 0x61BA, 0x599B, 0x519C, 0x417D, 0x317E, 0x295F,
    0x7BA0, 0x7BA0, 0x7BA0, 0x7B80, 0x7B80, 0x83A0, 0x83A0, 0x83A0, 0x8380, 0x8380, 0x8B60, 0x8B62, 0x8B24, 0x9307, 0x92E9, 0x92EB,
    0x92ED, 0x92CF, 0x92B0, 0x8A92, 0x8A73, 0x8274, 0x8275, 0x7A56, 0x7257, 0x6A38, 0x623A, 0x5A3B, 0x4A1C, 0x3A1D, 0x29FE, 0x21FF,
    0x73C0, 0x73C0, 0x73C0, 0x73C0, 0x73C0, 0x7BC0, 0x7BC0, 0x7BC0, 0x7BC0, 0x7BC0, 0x83C0, 0x8BC1, 0x8BA3, 0x8B86, 0x8B68, 0x8B6B,
    0x934D, 0x934E, 0x9330, 0x8B11, 0x8B13, 0x82F4, 0x7AF5, 0x72D6, 0x6AD7, 0x62B8, 0x62BA, 0x52BB, 0x429C, 0x329D, 0x227E, 0x1A7F,
    0x73E0, 0x6BE0, 0x6BE0, 0x6BE0, 0x73E0, 0x73E0, 0x73E0, 0x73E0, 0x73E0, 0x73E0, 0x7C00, 0x7C01, 0x8403, 0x8405, 0x8BE8, 0x8BEA,
    0x8BCC, 0x8BAE, 0x8BB0, 0x8B91, 0x8B93, 0x8374, 0x7B75, 0x7356, 0x6B57, 0x6358, 0x5B3A, 0x533B, 0x3B1C, 0x2AFD, 0x22FE, 0x0ADE,
    0x6C20, 0x6C20, 0x6C20, 0x6C20, 0x6C00, 0x6C20, 0x6C20, 0x6C20, 0x6C20, 0x6C20, 0x7420, 0x7421, 0x7423, 0x7C25, 0x7C28, 0x844A,
    0x8C2C, 0x8C2E, 0x8C10, 0x8C11, 0x8BF2, 0x83F4, 0x7BF5, 0x73D6, 0x6BB7, 0x63B8, 0x5BB9, 0x539B, 0x3B9C, 0x2B7D, 0x1B7E, 0x037F,
    0x6CA0, 0x6CA0, 0x6CA0, 0x6CA0, 0x6CA0, 0x6CA0, 0x6CA0, 0x6CA0, 0x6CA0, 0x6CA0, 0x74A0, 0x74A1, 0x74A4, 0x74A6, 0x7CA8, 0x7CAB,
    0x84AC, 0x8C8E, 0x8C90, 0x8C71, 0x8C73, 0x8474, 0x7C75, 0x7C76, 0x7457, 0x6C59, 0x645A, 0x5C3B, 0x4C3C, 0x3C1D, 0x2C1E, 0x0C1E,
    0x6D00, 0x6D00, 0x6CE0, 0x6CE0, 0x6CE0, 0x6D00, 0x6D00, 0x6CE0, 0x6CE0, 0x6CE0, 0x6D00, 0x7501, 0x74E4, 0x74E7, 0x74E9, 0x7CEB,
    0x84ED, 0x84EE, 0x84F0, 0x8CD1, 0x8CD3, 0x8CF4, 0x84F5, 0x7CD6, 0x7CD7, 0x74D8, 0x6CDA, 0x64DB, 0x5CBC, 0x4CBD, 0x3CBE, 0x249E,
    0x6D40, 0x6D40, 0x6520, 0x6520, 0x6520, 0x6D40, 0x6D40, 0x6D20, 0x6520, 0x6D20, 0x6D40, 0x6D42, 0x6D24, 0x6D27, 0x7529, 0x752B,
    0x7D2D, 0x7D2E, 0x8530, 0x8531, 0x8D33, 0x8D34, 0x8535, 0x8536, 0x7D57, 0x7D58, 0x7559, 0x6D3B, 0x653C, 0x5D3D, 0x4D3E, 0x3D3F,
    0x6580, 0x6560, 0x6560, 0x6560, 0x6560, 0x6580, 0x6560, 0x6560, 0x6560, 0x6560, 0x6560, 0x6562, 0x6564, 0x6567, 0x6D69, 0x756B,
    0x756D, 0x7D6E, 0x7D70, 0x8571, 0x8D72, 0x8D74, 0x8575, 0x8576, 0x7D97, 0x7D98, 0x75B9, 0x6DBA, 0x6DBC, 0x65BD, 0x5D9E, 0x4DBF,
    0x5DC0, 0x5DA0, 0x5DA0, 0x5DA0, 0x5DA0, 0x5DA0, 0x5DA0, 0x5DA0, 0x5DA0, 0x5DA0, 0x65A0, 0x65A2, 0x65A5, 0x65A7, 0x6DA9, 0x6DAB,
    0x75AD, 0x7DAF, 0x7DB0, 0x85B1, 0x85B2, 0x8DB4, 0x85B5, 0x85D6, 0x7DD7, 0x7DD8, 0x75F9, 0x6DFA, 0x6DFB, 0x65FD, 0x55FE, 0x4E1F,
    0x5600, 0x55E0, 0x55E0, 0x55E0, 0x55E0, 0x55E0, 0x55E0, 0x55E0, 0x55E0, 0x5DE0, 0x5DE0, 0x5DE3, 0x5DE6, 0x65E8, 0x65E9, 0x6DEB,
    0x75ED, 0x75EF, 0x7DF0, 0x7DF1, 0x85F2, 0x8DF4, 0x85F5, 0x85F6, 0x7E17, 0x7E18, 0x7639, 0x6E3A, 0x665B, 0x5E5D, 0x565E, 0x4E7E,
    0x5640, 0x5640, 0x5640, 0x5640, 0x5640, 0x5640, 0x5640, 0x5640, 0x5620, 0x5640, 0x5E42, 0x5E44, 0x5E47, 0x6649, 0x662A, 0x6E2C,
    0x762E, 0x762F, 0x7E30, 0x7E31, 0x8652, 0x8654, 0x8655, 0x8656, 0x8657, 0x7E58, 0x7679, 0x769A, 0x6E9B, 0x5E9D, 0x56BE, 0x4EBE,
    0x56A0, 0x4EA0, 0x4EA0, 0x4EA0, 0x56A0, 0x5680, 0x56A0, 0x5680, 0x5680, 0x56A2, 0x5EA5, 0x5EA7, 0x66A9, 0x668A, 0x6E8C, 0x6E8D,
    0x768E, 0x7690, 0x7E90, 0x7E91, 0x8693, 0x8694, 0x8E95, 0x8696, 0x8697, 0x7EB8, 0x7EBA, 0x76DB, 0x6EDC, 0x66FD, 0x5EFE, 0x56FE,
    0x4EE0, 0x4EE0, 0x4EC0, 0x4EC0, 0x4EE0, 0x4EE0, 0x56E0, 0x56C0, 0x56C1, 0x56C4, 0x5EE7, 0x5EE8, 0x66C9, 0x66CB, 0x6ECC, 0x6ECE,
    0x76CF, 0x76D0, 0x76D1, 0x7ED1, 0x7ED3, 0x86D4, 0x86D5, 0x86D6, 0x86F7, 0x7EF8, 0x7EF9, 0x771B, 0x6F1C, 0x673D, 0x5F3E, 0x573E,
    0x4F20, 0x4F20, 0x4F20, 0x4F20, 0x4F20, 0x4F20, 0x5721, 0x5723, 0x5724, 0x5726, 0x5F28, 0x5F2A, 0x670B, 0x670C, 0x6F0D, 0x6F0E,
    0x770F, 0x7710, 0x7711, 0x7712, 0x7F13, 0x7F34, 0x8735, 0x8736, 0x8737, 0x7F38, 0x7F39, 0x775A, 0x6F5C, 0x677D, 0x5F7E, 0x5F7E,
    0x4F61, 0x4F61, 0x4F61, 0x4F62, 0x4F62, 0x5763, 0x5764, 0x5765, 0x5767, 0x5F68, 0x5F6A, 0x676B, 0x676C, 0x6F6D, 0x6F6E, 0x6F6F,
    0x7770, 0x7770, 0x7771, 0x7772, 0x7773, 0x7F74, 0x7F75, 0x8776, 0x8777, 0x7F98, 0x7799, 0x779A, 0x6F9C, 0x67BD, 0x5FBE, 0x5FBF,
    0x57A5, 0x57A5, 0x57A5, 0x57A5, 0x57A6, 0x5FA7, 0x5FA8, 0x5FA8, 0x5FA9, 0x67AA, 0x67AB, 0x6FAC, 0x6FAD, 0x6FAE, 0x6FAF, 0x77AF,
    0x77B0, 0x77B1, 0x77B1, 0x77B2, 0x77B3, 0x77B4, 0x7FB5, 0x87B6, 0x87B7, 0x7FD8, 0x77D9, 0x6FDA, 0x6FDC, 0x67DD, 0x67DE, 0x67DF,
    0x67C9, 0x67C9, 0x67C9, 0x67C9, 0x67CA, 0x67EA, 0x67EB, 0x6FEB, 0x6FCC, 0x6FED, 0x6FED, 0x6FEE, 0x77EF, 0x77EF, 0x77D0, 0x77F0,
    0x77F1, 0x77F1, 0x77F2, 0x77D3, 0x77D3, 0x77F4, 0x77D5, 0x7FF6, 0x7FF8, 0x7FF9, 0x77F9, 0x77DA, 0x6FFC, 0x67DD, 0x67DE, 0x6FFF,
    0x8000, 0x8800, 0x8800, 0x8800, 0x8800, 0x8800, 0x8801, 0x8802, 0x8804, 0x8805, 0x8807, 0x9008, 0x9009, 0x900A, 0x900B, 0x900D,
    0x900E, 0x900F, 0x9010, 0x9812, 0x9813, 0x9814, 0x9815, 0x9016, 0x9017, 0x8818, 0x8819, 0x881A, 0x801C, 0x801D, 0x781E, 0x701F,
    0x8800, 0x8800, 0x8000, 0x8000, 0x8800, 0x8800, 0x8801, 0x8802, 0x8804, 0x8805, 0x8807, 0x9008, 0x9009, 0x880A, 0x880B, 0x900D,
    0x900E, 0x900F, 0x9010, 0x9011, 0x9813, 0x9814, 0x9015, 0x9016, 0x9017, 0x8818, 0x881A, 0x881A, 0x801C, 0x801D, 0x781E, 0x781F,
    0x8040, 0x8020, 0x8000, 0x8000, 0x8000, 0x8800, 0x8800, 0x8802, 0x8803, 0x8805, 0x8806, 0x8808, 0x8809, 0x880A, 0x880B, 0x900C,
    0x900E, 0x900F, 0x9010, 0x9011, 0x9813, 0x9814, 0x9015, 0x9016, 0x9017, 0x8818, 0x8819, 0x881A, 0x801B, 0x801D, 0x781E, 0x701F,
    0x8080, 0x8060, 0x8020, 0x8000, 0x8000, 0x8800, 0x8800, 0x8801, 0x8803, 0x8804, 0x8806, 0x8807, 0x8809, 0x880A, 0x880B, 0x900C,
    0x900E, 0x900F, 0x9010, 0x9011, 0x9813, 0x9814, 0x9015, 0x9016, 0x9017, 0x8818, 0x8819, 0x881A, 0x801B, 0x781D, 0x781E, 0x701F,
    0x80A0, 0x80A0, 0x8080, 0x8040, 0x8000, 0x8800, 0x8800, 0x8801, 0x8802, 0x8804, 0x8806, 0x8807, 0x8808, 0x880A, 0x880B, 0x880C,
    0x900D, 0x900F, 0x9010, 0x9011, 0x9013, 0x9814, 0x9015, 0x9016, 0x9017, 0x8818, 0x8819, 0x881A, 0x801C, 0x781D, 0x781E, 0x701E,
    0x88E0, 0x80E0, 0x80C0, 0x80A0, 0x8060, 0x8000, 0x8800, 0x8801, 0x8802, 0x8804, 0x8805, 0x8807, 0x8808, 0x8809, 0x880B, 0x880C,
    0x900D, 0x900F, 0x9010, 0x9011, 0x9013, 0x9814, 0x9015, 0x9016, 0x8817, 0x8818, 0x8819, 0x801A, 0x801B, 0x781D, 0x701E, 0x701E,
    0x8920, 0x8920, 0x8900, 0x88E0, 0x88C0, 0x8880, 0x8820, 0x8800, 0x9001, 0x9003, 0x9005, 0x9007, 0x9008, 0x900A, 0x900B, 0x900C,
    0x900E, 0x900F, 0x9010, 0x9011, 0x9813, 0x9814, 0x9815, 0x9016, 0x9017, 0x8818, 0x8819, 0x801A, 0x801C, 0x781D, 0x701E, 0x701E,
    0x8960, 0x8960, 0x8960, 0x8940, 0x8920, 0x9100, 0x90A0, 0x9040, 0x9001, 0x9002, 0x9804, 0x9806, 0x9808, 0x9809, 0x900B, 0x900C,
    0x980E, 0x980F, 0x9810, 0x9812, 0x9813, 0x9814, 0x9815, 0x9016, 0x8817, 0x8818, 0x881A, 0x801B, 0x781C, 0x781D, 0x701E, 0x681E,
    0x89A0, 0x89A0, 0x8980, 0x8980, 0x8960, 0x9140, 0x9120, 0x90C0, 0x9060, 0x9002, 0x9004, 0x9806, 0x9808, 0x9809, 0x900B, 0x980C,
    0x980E, 0x980F, 0x9810, 0x9812, 0x9813, 0x9814, 0x9015, 0x9016, 0x8817, 0x8818, 0x801A, 0x801B, 0x781C, 0x701D, 0x701E, 0x681F,
    0x91E0, 0x89E0, 0x89C0, 0x89C0, 0x89A0, 0x89A0, 0x9180, 0x9140, 0x90E0, 0x9081, 0x9023, 0x9805, 0x9807, 0x9009, 0x900A, 0x980C,
    0x980E, 0x980F, 0x9810, 0x9811, 0x9813, 0x9814, 0x9015, 0x9016, 0x8817, 0x8818, 0x801A, 0x801A, 0x781C, 0x701D, 0x681E, 0x681F,
    0x8A20, 0x8A20, 0x8A00, 0x8A00, 0x89E0, 0x89E0, 0x89C0, 0x91A0, 0x9160, 0x9121, 0x90C3, 0x9844, 0x9806, 0x9008, 0x980A, 0x980C,
    0x980D, 0x980F, 0x9810, 0x9812, 0x9813, 0x9814, 0x9015, 0x9016, 0x8817, 0x8018, 0x801A, 0x781B, 0x701C, 0x701D, 0x681E, 0x601F,
    0x8A60, 0x8A60, 0x8A40, 0x8A40, 0x8A40, 0x8A20, 0x8A20, 0x8A00, 0x89C0, 0x91A0, 0x9162, 0x9104, 0x9885, 0x9868, 0x984A, 0x984B,
    0x982D, 0x980F, 0x9810, 0x9812, 0x9813, 0x9014, 0x9015, 0x8816, 0x8817, 0x8018, 0x801A, 0x781B, 0x701C, 0x681D, 0x601E, 0x581E,
    0x8AC0, 0x8AA0, 0x8AA0, 0x8AA0, 0x8A80, 0x8A80, 0x9280, 0x9260, 0x9240, 0x9220, 0x91E2, 0x99C4, 0x9965, 0x9927, 0x98E9, 0x98EB,
    0x98AD, 0x986F, 0x9870, 0x9852, 0x9853, 0x9054, 0x9055, 0x8856, 0x8837, 0x8038, 0x783A, 0x703B, 0x703C, 0x681D, 0x601E, 0x581E,
    0x9340, 0x9320, 0x9320, 0x9300, 0x9300, 0x9300, 0x9B00, 0x9AE0, 0x9AC0, 0x9AA0, 0x9A81, 0x9A64, 0x9A46, 0xA207, 0xA1E9, 0xA1CB,
    0xA1CD, 0xA18F, 0xA171, 0xA132, 0x9933, 0x9914, 0x90F5, 0x88F6, 0x88D8, 0x80D9, 0x78DA, 0x70BB, 0x689C, 0x609D, 0x587E, 0x505F,
    0x9380, 0x9380, 0x9360, 0x9360, 0x9360, 0x9360, 0x9360, 0x9340, 0x9320, 0x9300, 0x9AE1, 0x9AC3, 0x9AA5, 0x9A87, 0x9A69, 0xA26B,
    0xA24D, 0xA22F, 0xA210, 0x99F2, 0x99D3, 0x91D4, 0x91B5, 0x89B6, 0x8197, 0x7999, 0x799A, 0x717B, 0x697C, 0x615D, 0x595E, 0x493F,
    0x8BC0, 0x8BC0, 0x8BC0, 0x8BA0, 0x8BA0, 0x93C0, 0x93C0, 0x93A0, 0x9380, 0x9380, 0x9B60, 0x9B42, 0x9B24, 0x9B07, 0x9AE9, 0x9AEB,
    0x9ACD, 0x9ACE, 0x9AB0, 0x9A92, 0x9A73, 0x9274, 0x9255, 0x8A56, 0x8237, 0x7A39, 0x723A, 0x6A1B, 0x621C, 0x59FD, 0x51FE, 0x41DF,
    0x8C00, 0x83E0, 0x83E0, 0x83E0, 0x8BE0, 0x8C00, 0x8C00, 0x8BE0, 0x8BE0, 0x8BC0, 0x93E0, 0x93C1, 0x9BA3, 0x9B86, 0x9B68, 0x9B6B,
    0x9B4D, 0x9B4E, 0x9B30, 0x9B11, 0x9AF3, 0x92F4, 0x92D5, 0x8AD6, 0x82B7, 0x7AB8, 0x72BA, 0x6ABB, 0x629C, 0x5A7D, 0x4A7E, 0x3A7F,
    0x7C20, 0x7C20, 0x7C00, 0x7C00, 0x8400, 0x8420, 0x8420, 0x8420, 0x8400, 0x8C20, 0x8C20, 0x8C20, 0x9402, 0x9405, 0x93E8, 0x9BCA,
    0x9BCC, 0x9BAE, 0x9BB0, 0x9B91, 0x9B93, 0x9374, 0x8B75, 0x8B56, 0x8357, 0x7B38, 0x733A, 0x6B1B, 0x631C, 0x52FD, 0x42FE, 0x32DF,
    0x7C40, 0x7440, 0x7420, 0x7420, 0x7C20, 0x7C40, 0x7C40, 0x7C40, 0x7C40, 0x7C40, 0x8440, 0x8440, 0x8442, 0x8C45, 0x8C47, 0x944A,
    0x942C, 0x942E, 0x940F, 0x9411, 0x93F2, 0x93F4, 0x8BF5, 0x8BD6, 0x83B7, 0x7BB8, 0x73B9, 0x6B9B, 0x639C, 0x537D, 0x437E, 0x2B5F,
    0x7CA0, 0x7CA0, 0x74A0, 0x74A0, 0x74A0, 0x7CA0, 0x7CA0, 0x7CA0, 0x7CA0, 0x7CA0, 0x7CA0, 0x84A1, 0x84A3, 0x84A6, 0x8CA8, 0x8CAA,
    0x94AC, 0x94AE, 0x9490, 0x9471, 0x9473, 0x9474, 0x8C75, 0x8C56, 0x8437, 0x7C38, 0x743A, 0x6C3B, 0x641C, 0x5BFD, 0x4BFE, 0x33FE,
    0x7500, 0x74E0, 0x74E0, 0x74E0, 0x74E0, 0x7D00, 0x7500, 0x74E0, 0x74E0, 0x7CE0, 0x7D00, 0x7D01, 0x7CE4, 0x7CE6, 0x84E8, 0x84EB,
    0x8CED, 0x8CEE, 0x94F0, 0x94D1, 0x94D3, 0x94D4, 0x8CD5, 0x8CD6, 0x84B7, 0x84B8, 0x7CB9, 0x749B, 0x6C9C, 0x5C7D, 0x547E, 0x447E,
    0x7540, 0x7540, 0x7520, 0x7520, 0x7520, 0x7540, 0x7540, 0x7520, 0x7520, 0x7520, 0x7540, 0x7541, 0x7D24, 0x7D26, 0x7D28, 0x852B,
    0x852D, 0x8D2E, 0x8D30, 0x9531, 0x9532, 0x9534, 0x9535, 0x8D36, 0x8D37, 0x8538, 0x8539, 0x7D1B, 0x751C, 0x64FD, 0x5CFE, 0x4CFE,
    0x6D80, 0x6D60, 0x6D60, 0x6D60, 0x6D60, 0x6D80, 0x6D60, 0x6D60, 0x6D60, 0x6D60, 0x7560, 0x7561, 0x7564, 0x7566, 0x7569, 0x7D6B,
    0x856D, 0x856E, 0x8570, 0x8D71, 0x9572, 0x9574, 0x9575, 0x8D76, 0x8D77, 0x8598, 0x859A, 0x859A, 0x7D9C, 0x757D, 0x6D7E, 0x5D7F,
    0x6DC0, 0x6DA0, 0x6DA0, 0x6DA0, 0x6DA0, 0x6DA0, 0x6DA0, 0x6DA0, 0x6DA0, 0x6DA0, 0x6DA0, 0x6DA2, 0x6DA4, 0x6DA7, 0x75A9, 0x7DAB,
    0x7DAD, 0x85AE, 0x85B0, 0x8DB1, 0x8DB2, 0x95B4, 0x95B5, 0x8DB6, 0x8DD7, 0x85D8, 0x85F9, 0x7DFA, 0x7DFB, 0x75FD, 0x6DFE, 0x65FF,
    0x65E0, 0x65E0, 0x65E0, 0x65E0, 0x65E0, 0x65E0, 0x65E0, 0x65E0, 0x65E0, 0x65E0, 0x65E0, 0x6DE2, 0x6DE5, 0x6DE7, 0x75E9, 0x75EB,
    0x7DED, 0x7DEF, 0x85F0, 0x85F1, 0x8DF2, 0x95F4, 0x95F5, 0x8DF6, 0x8E17, 0x8618, 0x8639, 0x7E3A, 0x763B, 0x765D, 0x6E5E, 0x665E,
    0x5E40, 0x5E40, 0x5E40, 0x5E40, 0x5E40, 0x6640, 0x6640, 0x6640, 0x6620, 0x6620, 0x6642, 0x6644, 0x6E47, 0x6E48, 0x764A, 0x762C,
    0x7E2D, 0x7E2F, 0x8630, 0x8631, 0x8E32, 0x8E54, 0x9635, 0x8E56, 0x8E57, 0x8E58, 0x8679, 0x7E7A, 0x769C, 0x769D, 0x6E9E, 0x66BE,
    0x5EA0, 0x5EA0, 0x5EA0, 0x5E80, 0x5EA0, 0x66A0, 0x66A0, 0x6680, 0x6680, 0x6681, 0x66A4, 0x6EA7, 0x6EA8, 0x6E8A, 0x768B, 0x7E8D,
    0x7E8E, 0x7E8F, 0x8690, 0x8691, 0x8E93, 0x8E94, 0x9695, 0x9696, 0x8E97, 0x8E98, 0x8EBA, 0x86DB, 0x7EDC, 0x76FD, 0x6EFE, 0x66FE,
    0x5EE0, 0x5EE0, 0x5EE0, 0x5EC0, 0x5EE0, 0x5EE0, 0x5EE0, 0x5EE0, 0x5EC0, 0x66C4, 0x66E6, 0x6EE8, 0x6EC9, 0x6ECA, 0x76CC, 0x76CD,
    0x7ECF, 0x7ED0, 0x86D1, 0x86D2, 0x86D3, 0x8ED4, 0x8ED5, 0x8ED6, 0x8ED7, 0x8EF8, 0x86F9, 0x86FB, 0x7F1C, 0x771D, 0x6F3E, 0x6F3E,
    0x5F20, 0x5F20, 0x5F20, 0x5F20, 0x5F20, 0x5F20, 0x5F21, 0x5F22, 0x5F23, 0x6726, 0x6728, 0x6F29, 0x6F0A, 0x6F0B, 0x770D, 0x772E,
    0x7F2F, 0x7F10, 0x8711, 0x8712, 0x8713, 0x8714, 0x8F35, 0x8F36, 0x8F37, 0x8F38, 0x8739, 0x873A, 0x7F5C, 0x777D, 0x6F7E, 0x6F7E,
    0x5F61, 0x5F61, 0x5F61, 0x5F61, 0x5F62, 0x5F63, 0x5F64, 0x6765, 0x6766, 0x6768, 0x6F69, 0x6F6B, 0x6F6C, 0x776D, 0x776E, 0x7F6F,
    0x7F70, 0x7F71, 0x7F71, 0x8772, 0x8773, 0x8774, 0x8775, 0x8F76, 0x8F77, 0x8F78, 0x8799, 0x879A, 0x7F9C, 0x77BD, 0x6FBE, 0x77BE,
    0x67A4, 0x67A4, 0x67A4, 0x67A5, 0x67A6, 0x67A7, 0x67A8, 0x67A8, 0x6FA9, 0x6FAA, 0x6FAB, 0x77AC, 0x77AD, 0x77AE, 0x7FAF, 0x7FAF,
    0x7FB0, 0x7FB1, 0x7FB2, 0x87B2, 0x87B3, 0x87B4, 0x87B5, 0x8FB6, 0x8FB7, 0x8FD8, 0x87D9, 0x7FDA, 0x7FDB, 0x77DD, 0x77DE, 0x77DF,
    0x6FC9, 0x6FC9, 0x6FC9, 0x6FC9, 0x6FEA, 0x6FEA, 0x6FEB, 0x77EB, 0x77EC, 0x77ED, 0x77ED, 0x7FEE, 0x7FEE, 0x7FEF, 0x7FD0, 0x7FD0,
    0x7FF1, 0x87F2, 0x7FF2, 0x87F3, 0x87F4, 0x7FF4, 0x7FD5, 0x87F6, 0x8FF7, 0x8FF8, 0x87F9, 0x87FA, 0x77DB, 0x77DD, 0x77DE, 0x7FFF,
    0x9000, 0x9000, 0x9000, 0x9000, 0x9000, 0x9800, 0x9800, 0x9802, 0x9804, 0x9805, 0x9807, 0x9808, 0x9809, 0x980B, 0x980C, 0x980D,
    0x980E, 0xA00F, 0xA010, 0xA011, 0xA013, 0xA014, 0xA015, 0xA016, 0x9817, 0x9818, 0x9819, 0x901A, 0x901C, 0x881D, 0x881E, 0x801F,
    0x9000, 0x9000, 0x9000, 0x9000, 0x9000, 0x9800, 0x9800, 0x9801, 0x9803, 0x9805, 0x9807, 0x9808, 0x9809, 0x980A, 0x980B, 0x980D,
    0x980E, 0x980F, 0x9810, 0xA011, 0xA013, 0xA014, 0xA015, 0xA016, 0x9817, 0x9818, 0x9819, 0x901A, 0x901C, 0x881D, 0x881E, 0x801F,
    0x9040, 0x9020, 0x9000, 0x9000, 0x9000, 0x9800, 0x9800, 0x9801, 0x9803, 0x9805, 0x9806, 0x9808, 0x9809, 0x980A, 0x980B, 0x980D,
    0x980E, 0x980F, 0x9810, 0xA011, 0xA013, 0xA014, 0xA015, 0xA016, 0x9817, 0x9818, 0x9819, 0x901A, 0x901B, 0x881D, 0x881E, 0x801F,
    0x9080, 0x9040, 0x9020, 0x9000, 0x9000, 0x9000, 0x9800, 0x9801, 0x9802, 0x9804, 0x9806, 0x9808, 0x9809, 0x980A, 0x980B, 0x980D,
    0x980E, 0x980F, 0x9810, 0xA011, 0xA013, 0xA014, 0xA015, 0xA016, 0x9817, 0x9818, 0x9819, 0x901A, 0x901B, 0x881D, 0x881E, 0x801E,
    0x90C0, 0x90A0, 0x9080, 0x9040, 0x9000, 0x9000, 0x9000, 0x9800, 0x9002, 0x9004, 0x9806, 0x9807, 0x9809, 0x980A, 0x980B, 0x980C,
    0x980E, 0x980F, 0x9810, 0x9811, 0xA013, 0xA014, 0xA015, 0x9816, 0x9817, 0x9818, 0x9819, 0x901A, 0x901C, 0x881D, 0x881E, 0x801E,
    0x90E0, 0x90E0, 0x90C0, 0x90A0, 0x9060, 0x9000, 0x9000, 0x9000, 0x9001, 0x9003, 0x9805, 0x9807, 0x9808, 0x980A, 0x980B, 0x980C,
    0x980D, 0x980F, 0x9810, 0x9811, 0xA012, 0xA014, 0xA015, 0x9816, 0x9817, 0x9818, 0x9019, 0x901A, 0x881B, 0x881D, 0x801E, 0x801E,
    0x9940, 0x9120, 0x9120, 0x9100, 0x90C0, 0x9880, 0x9820, 0x9800, 0x9801, 0x9802, 0xA005, 0xA007, 0xA008, 0xA00A, 0x980B, 0xA00C,
    0xA00E, 0xA00F, 0xA010, 0xA011, 0xA013, 0xA014, 0xA015, 0x9816, 0x9817, 0x9818, 0x9019, 0x901B, 0x881C, 0x881D, 0x801E, 0x801F,
    0x9980, 0x9980, 0x9960, 0x9940, 0x9920, 0x9900, 0x9880, 0x9840, 0xA000, 0xA002, 0xA004, 0xA006, 0xA008, 0xA009, 0xA00B, 0xA00C,
    0xA00E, 0xA00F, 0xA010, 0xA012, 0xA013, 0xA014, 0xA015, 0xA016, 0x9817, 0x9818, 0x901A, 0x901B, 0x881C, 0x881D, 0x801E, 0x781F,
    0x99C0, 0x99A0, 0x99A0, 0x9980, 0x9980, 0x9960, 0x9920, 0x98C0, 0x9840, 0xA001, 0xA003, 0xA005, 0xA007, 0xA009, 0xA00B, 0xA00C,
    0xA00E, 0xA00F, 0xA010, 0xA012, 0xA013, 0xA014, 0xA015, 0x9816, 0x9817, 0x9018, 0x901A, 0x881B, 0x881C, 0x801D, 0x801E, 0x781F,
    0x99E0, 0x99E0, 0x99E0, 0x99C0, 0x99C0, 0x99A0, 0x9980, 0x9940, 0x98E0, 0x9881, 0xA003, 0xA005, 0xA007, 0xA009, 0xA00A, 0xA00C,
    0xA00E, 0xA00F, 0xA010, 0xA012, 0xA013, 0xA014, 0xA015, 0x9816, 0x9817, 0x9018, 0x901A, 0x881B, 0x881C, 0x801D, 0x781E, 0x781F,
    0x9A20, 0x9A20, 0x9A20, 0x9200, 0x9200, 0x9A00, 0x99E0, 0x99A0, 0x9960, 0x9920, 0xA0C2, 0xA044, 0xA006, 0xA008, 0xA00A, 0xA00C,
    0xA00D, 0xA00F, 0xA010, 0xA011, 0xA013, 0xA014, 0xA015, 0x9816, 0x9817, 0x9018, 0x901A, 0x881B, 0x881C, 0x801D, 0x781E, 0x781F,
    0x9A80, 0x9A60, 0x9260, 0x9260, 0x9240, 0x9A40, 0x9A20, 0x9A00, 0x99E0, 0x99A0, 0xA162, 0xA0E4, 0xA085, 0xA047, 0xA029, 0xA02B,
    0xA00D, 0xA00F, 0xA010, 0xA011, 0xA013, 0xA014, 0x9815, 0x9816, 0x9817, 0x9018, 0x881A, 0x881B, 0x801C, 0x781D, 0x781E, 0x701F,
    0x9AC0, 0x9AC0, 0x9AA0, 0x9AA0, 0x92A0, 0x9AA0, 0x9A80, 0x9A60, 0x9A40, 0x9A20, 0xA201, 0xA1C3, 0xA165, 0xA107, 0xA0C9, 0xA8AB,
    0xA88D, 0xA86F, 0xA850, 0xA052, 0xA053, 0xA034, 0x9835, 0x9836, 0x9037, 0x9038, 0x883A, 0x881B, 0x801C, 0x781D, 0x701E, 0x681E,
    0xA340, 0x9B20, 0x9B20, 0x9B00, 0x9B00, 0xA300, 0xA2E0, 0xA2C0, 0xA2C0, 0xA2A0, 0xAA81, 0xAA63, 0xAA25, 0xAA07, 0xA9C9, 0xA9CB,
    0xA9AD, 0xA98F, 0xA970, 0xA932, 0xA913, 0xA0F4, 0xA0D5, 0x98B7, 0x90B8, 0x9099, 0x889A, 0x807B, 0x805C, 0x783D, 0x703E, 0x681F,
    0x9B80, 0x9B80, 0x9B80, 0x9B60, 0x9B60, 0x9B60, 0xA360, 0xA340, 0xA320, 0xA300, 0xA2E0, 0xAAC3, 0xAAA5, 0xA287, 0xAA69, 0xAA6B,
    0xAA4D, 0xAA2E, 0xAA10, 0xA9F2, 0xA1D3, 0xA1B4, 0x99B5, 0x9996, 0x9198, 0x8979, 0x897A, 0x815B, 0x795C, 0x793D, 0x711E, 0x691F,
    0x9BE0, 0x9BE0, 0x9BC0, 0x9BC0, 0x9BC0, 0x9BC0, 0x9BC0, 0x9BA0, 0x9B80, 0xA360, 0xA360, 0xA342, 0xA325, 0xA307, 0xA2E9, 0xAAEB,
    0xAACD, 0xAAAE, 0xAAB0, 0xAA91, 0xA273, 0xA254, 0xA255, 0x9A36, 0x9238, 0x8A19, 0x8A1A, 0x821B, 0x79FC, 0x71DD, 0x69DE, 0x61DF,
    0x9420, 0x9420, 0x9400, 0x9400, 0x9400, 0x9C00, 0x9C00, 0x9C00, 0x9BE0, 0x9BE0, 0xA3C0, 0xA3C1, 0xA3A3, 0xA366, 0xA368, 0xA34B,
    0xA34D, 0xA32E, 0xA330, 0xA311, 0xA2F3, 0xA2F4, 0xA2D5, 0x9AB6, 0x92B7, 0x8AB9, 0x8ABA, 0x829B, 0x7A7C, 0x727D, 0x6A7E, 0x5A5F,
    0x8C60, 0x8C40, 0x8C40, 0x8C40, 0x8C40, 0x9440, 0x9440, 0x9440, 0x9440, 0x9C20, 0x9C20, 0x9C20, 0xA401, 0xA3E5, 0xA3C8, 0xA3CA,
    0xA3AC, 0xA3AE, 0xA3AF, 0xA391, 0xA393, 0xA374, 0x9B75, 0x9B56, 0x9337, 0x8B38, 0x8339, 0x831B, 0x7B1C, 0x72FD, 0x62FE, 0x5ADF,
    0x8460, 0x8460, 0x8460, 0x8440, 0x8440, 0x8C60, 0x8C60, 0x8C60, 0x8C60, 0x8C60, 0x9460, 0x9460, 0x9461, 0x9C64, 0x9C47, 0xA449,
    0xA42C, 0xA40E, 0xA40F, 0xA411, 0xA3F2, 0xA3F4, 0x9BD5, 0x9BD6, 0x93B7, 0x8BB8, 0x83B9, 0x7B9B, 0x7B7C, 0x6B7D, 0x637E, 0x5B5F,
    0x84C0, 0x84A0, 0x84A0, 0x84A0, 0x84A0, 0x84C0, 0x84C0, 0x84A0, 0x8CA0, 0x8CC0, 0x8CC0, 0x8CC0, 0x94A2, 0x94A5, 0x94A8, 0x9CAA,
    0x9CAC, 0xA4AE, 0xA490, 0xA491, 0xA472, 0xA474, 0x9C55, 0x9C56, 0x9437, 0x8C38, 0x8C39, 0x841B, 0x7C1C, 0x73FD, 0x6BFE, 0x5BFE,
    0x8500, 0x8500, 0x84E0, 0x7CE0, 0x8500, 0x8500, 0x8500, 0x8500, 0x84E0, 0x8500, 0x8500, 0x8D01, 0x8CE3, 0x8CE6, 0x8D08, 0x950A,
    0x950C, 0x9CEE, 0x9CF0, 0xA4F1, 0xA4D2, 0xA4D4, 0x9CB5, 0x9CB6, 0x94B7, 0x8C98, 0x8C99, 0x849A, 0x7C7C, 0x747D, 0x6C5E, 0x5C5E,
    0x7D40, 0x7D40, 0x7D20, 0x7D20, 0x7D40, 0x7D40, 0x7D40, 0x7D20, 0x7D20, 0x7D20, 0x8540, 0x8541, 0x8523, 0x8526, 0x8528, 0x8D2A,
    0x8D2C, 0x952E, 0x9530, 0x9D31, 0x9D32, 0xA514, 0x9D15, 0x9D16, 0x9517, 0x8D18, 0x8CF9, 0x84FA, 0x7CFC, 0x74DD, 0x6CDE, 0x5CDE,
    0x7D80, 0x7D80, 0x7D60, 0x7560, 0x7D60, 0x7D80, 0x7D60, 0x7D60, 0x7D60, 0x7D60, 0x7D60, 0x7D61, 0x7D63, 0x8566, 0x8568, 0x856A,
    0x8D6C, 0x8D6E, 0x8D70, 0x9571, 0x9D72, 0x9D73, 0x9D75, 0x9D76, 0x9577, 0x9578, 0x8D79, 0x8D7A, 0x855C, 0x7D5D, 0x755E, 0x655E,
    0x75A0, 0x75A0, 0x75A0, 0x75A0, 0x75A0, 0x75A0, 0x75A0, 0x75A0, 0x75A0, 0x75A0, 0x75A0, 0x7DC1, 0x7DA4, 0x7DA6, 0x7DA9, 0x85AB,
    0x85AD, 0x8DAE, 0x8DB0, 0x95B1, 0x95B2, 0x9DB4, 0x9DB5, 0x9DB6, 0x95B7, 0x95D8, 0x8DD9, 0x8DDB, 0x85DB, 0x7DDD, 0x7DDE, 0x75DF,
    0x75E0, 0x6DE0, 0x6DE0, 0x6DE0, 0x6DE0, 0x6DE0, 0x6DE0, 0x6DE0, 0x75E0, 0x75E0, 0x75E0, 0x75E2, 0x75E5, 0x7DE7, 0x7DE9, 0x7DEB,
    0x85ED, 0x8DEE, 0x8DF0, 0x95F1, 0x95F2, 0x95F3, 0x9DF5, 0x9DF6, 0x9617, 0x9618, 0x8E19, 0x8E3A, 0x863C, 0x863D, 0x7E3E, 0x763F,
    0x6E40, 0x6E40, 0x6E40, 0x6E40, 0x6E40, 0x6E40, 0x6E40, 0x6E40, 0x6E40, 0x6E20, 0x7641, 0x7644, 0x7646, 0x7628, 0x7E4A, 0x7E4C,
    0x862D, 0x862F, 0x8E30, 0x8E31, 0x9632, 0x9654, 0x9E35, 0x9E56, 0x9657, 0x9658, 0x9679, 0x8E7A, 0x867C, 0x869D, 0x7E9E, 0x76BE,
    0x6EA0, 0x6EA0, 0x6E80, 0x6EA0, 0x6EA0, 0x6EA0, 0x6EA0, 0x6EA0, 0x6E80, 0x6E80, 0x76A4, 0x76A6, 0x7688, 0x7689, 0x7E8B, 0x868D,
    0x868E, 0x8E8F, 0x8E90, 0x8E91, 0x9693, 0x9694, 0x9E95, 0x9E96, 0x9E97, 0x9698, 0x96BA, 0x8EDB, 0x8EDC, 0x86DD, 0x7EFE, 0x76FF,
    0x66E0, 0x6EE0, 0x6EE0, 0x66E0, 0x6EE0, 0x6EE0, 0x6EE0, 0x6EE0, 0x6EE0, 0x6EE3, 0x76E6, 0x76E7, 0x76C9, 0x7ECA, 0x7ECC, 0x86CD,
    0x86CE, 0x86D0, 0x8ED1, 0x8ED2, 0x8ED3, 0x96D4, 0x96D5, 0x96D6, 0x96D7, 0x96D8, 0x96F9, 0x8EFB, 0x8F1C, 0x871D, 0x7F3E, 0x7F3F,
    0x6720, 0x6720, 0x6720, 0x6720, 0x6720, 0x6F20, 0x6F20, 0x6F21, 0x6F23, 0x6F25, 0x7727, 0x7729, 0x770A, 0x7F0B, 0x7F0D, 0x872E,
    0x872F, 0x8710, 0x8F11, 0x8F12, 0x8F13, 0x8F14, 0x9735, 0x9736, 0x9F37, 0x9738, 0x9739, 0x8F3A, 0x8F5C, 0x875D, 0x7F7E, 0x7F7E,
    0x6781, 0x6760, 0x6761, 0x6761, 0x6F61, 0x6F62, 0x6F63, 0x6F64, 0x6F66, 0x6F68, 0x7769, 0x776A, 0x776B, 0x7F6C, 0x7F6D, 0x876E,
    0x8770, 0x8771, 0x8F71, 0x8F72, 0x8F73, 0x8F74, 0x8F75, 0x9776, 0x9777, 0x9778, 0x9799, 0x8F9A, 0x8F9C, 0x87BD, 0x87BE, 0x87BE,
    0x6FA4, 0x6FA3, 0x6FA4, 0x6FA4, 0x6FA5, 0x6FA7, 0x6FA7, 0x77A8, 0x77A9, 0x77AA, 0x77AB, 0x7FAC, 0x7FAD, 0x7FAD, 0x87AE, 0x87AF,
    0x87B0, 0x87B1, 0x8FB2, 0x8FB3, 0x8FB3, 0x8FB4, 0x8FB5, 0x97B6, 0x97B7, 0x97B8, 0x97D9, 0x8FDA, 0x8FDB, 0x87DD, 0x87DE, 0x87DE,
    0x77E9, 0x77E9, 0x77C9, 0x77C9, 0x77EA, 0x7FEA, 0x7FEB, 0x7FEB, 0x7FEC, 0x7FEC, 0x7FED, 0x87ED, 0x87EE, 0x87EF, 0x87CF, 0x87D0,
    0x8FF1, 0x8FF2, 0x8FF2, 0x8FF3, 0x8FF4, 0x8FF4, 0x8FF5, 0x8FD6, 0x8FF7, 0x97F8, 0x97FA, 0x8FFA, 0x87DB, 0x87DD, 0x87FE, 0x8FDF,
    0xA000, 0xA000, 0xA000, 0xA000, 0xA000, 0xA000, 0xA800, 0xA801, 0xA803, 0xA005, 0xA807, 0xA808, 0xA809, 0xA80B, 0xA80C, 0xA80D,
    0xA80E, 0xA80F, 0xA810, 0xA811, 0xA813, 0xA814, 0xA815, 0xA816, 0xA817, 0xA818, 0xA019, 0xA01B, 0x981C, 0x981D, 0x981E, 0x901F,
    0xA000, 0xA000, 0xA000, 0xA000, 0xA000, 0xA000, 0xA800, 0xA801, 0xA003, 0xA005, 0xA807, 0xA808, 0xA809, 0xA00B, 0xA00C, 0xA80D,
    0xA80E, 0xA80F, 0xA810, 0xA811, 0xA813, 0xA814, 0xA815, 0xA816, 0xA817, 0xA818, 0xA019, 0xA01A, 0x981C, 0x981D, 0x981E, 0x901F,
    0xA020, 0xA000, 0xA000, 0xA000, 0xA000, 0xA000, 0xA000, 0xA001, 0xA002, 0xA005, 0xA806, 0xA808, 0xA809, 0xA00A, 0xA00C, 0xA80D,
    0xA80E, 0xA80F, 0xA810, 0xA811, 0xA813, 0xA814, 0xA815, 0xA816, 0xA817, 0xA818, 0xA019, 0xA01A, 0x981C, 0x981D, 0x981E, 0x901F,
    0xA080, 0xA040, 0x9820, 0x9800, 0x9800, 0xA000, 0xA000, 0xA000, 0xA002, 0xA004, 0xA006, 0xA808, 0xA809, 0xA00A, 0xA00B, 0xA80D,
    0xA80E, 0xA80F, 0xA810, 0xA811, 0xA813, 0xA814, 0xA815, 0xA816, 0xA817, 0xA018, 0xA019, 0xA01A, 0x981B, 0x981D, 0x981E, 0x901F,
    0xA0C0, 0xA0A0, 0x9860, 0x9840, 0x9800, 0xA000, 0xA000, 0xA000, 0xA001, 0xA004, 0xA006, 0xA807, 0xA809, 0xA00A, 0xA00B, 0xA80D,
    0xA80E, 0xA80F, 0xA810, 0xA811, 0xA813, 0xA814, 0xA815, 0xA816, 0xA817, 0xA018, 0xA019, 0x981A, 0x981B, 0x981D, 0x901E, 0x901F,
    0xA100, 0x98E0, 0x98C0, 0x98A0, 0x9860, 0xA000, 0xA000, 0xA000, 0xA001, 0xA003, 0xA005, 0xA007, 0xA008, 0xA00A, 0xA00B, 0xA80C,
    0xA80E, 0xA80F, 0xA810, 0xA811, 0xA812, 0xA813, 0xA815, 0xA816, 0xA017, 0xA018, 0xA019, 0xA01A, 0x981C, 0x981D, 0x901E, 0x901E,
    0xA140, 0xA120, 0xA120, 0xA100, 0xA0C0, 0xA080, 0xA020, 0xA000, 0xA800, 0xA802, 0xA804, 0xA806, 0xA808, 0xA80A, 0xA80B, 0xA80D,
    0xA80E, 0xA80F, 0xA810, 0xA811, 0xA813, 0xA814, 0xA815, 0xA816, 0xA817, 0xA018, 0xA019, 0xA01B, 0x981C, 0x981D, 0x901E, 0x901E,
    0xA980, 0xA180, 0xA160, 0xA140, 0xA120, 0xA900, 0xA880, 0xA820, 0xA800, 0xA802, 0xA804, 0xB006, 0xB008, 0xA809, 0xA80B, 0xB00D,
    0xB00E, 0xA80F, 0xA810, 0xA812, 0xA813, 0xA814, 0xA815, 0xA816, 0xA817, 0xA018, 0xA01A, 0xA01B, 0x981C, 0x981D, 0x901E, 0x881E,
    0xA1C0, 0xA1C0, 0xA1A0, 0xA1A0, 0xA180, 0xA960, 0xA920, 0xA8A0, 0xA840, 0xA801, 0xA803, 0xB005, 0xB007, 0xA809, 0xA80B, 0xB00C,
    0xB00E, 0xA80F, 0xA810, 0xA812, 0xA813, 0xA814, 0xA815, 0xA816, 0xA817, 0xA018, 0xA01A, 0x981B, 0x981C, 0x901D, 0x901E, 0x881F,
    0xA200, 0xA200, 0xA1E0, 0xA1E0, 0xA1C0, 0xA1C0, 0xA980, 0xA940, 0xA8E0, 0xA861, 0xA802, 0xB004, 0xB006, 0xA808, 0xA80A, 0xB00C,
    0xB00D, 0xB00F, 0xB011, 0xB012, 0xA813, 0xA814, 0xA815, 0xA816, 0xA017, 0xA019, 0x981A, 0x981B, 0x981C, 0x901D, 0x881E, 0x881F,
    0xA240, 0xA240, 0xA220, 0xA220, 0xA200, 0xA200, 0xA9E0, 0xA9A0, 0xA960, 0xA920, 0xA8C2, 0xA844, 0xA806, 0xB008, 0xB009, 0xB00B,
    0xB00D, 0xB00F, 0xB010, 0xA811, 0xA813, 0xA814, 0xA815, 0xA816, 0xA817, 0xA018, 0x981A, 0x981B, 0x901C, 0x901D, 0x881E, 0x881F,
    0xA280, 0xA280, 0xA260, 0xA260, 0xA260, 0xA240, 0xA220, 0xA200, 0xA1E0, 0xA9A0, 0xA961, 0xA8E3, 0xA885, 0xB047, 0xA809, 0xB00B,
    0xB00D, 0xB00E, 0xB010, 0xB011, 0xB013, 0xA814, 0xA815, 0xA816, 0xA017, 0xA018, 0x981A, 0x981A, 0x901B, 0x881D, 0x881E, 0x801F,
    0xA2C0, 0xA2C0, 0xA2C0, 0xA2A0, 0xA2A0, 0xA2A0, 0xAA80, 0xAA60, 0xAA40, 0xAA20, 0xAA01, 0xA9C3, 0xA965, 0xB0E7, 0xB089, 0xB08B,
    0xB06D, 0xB06E, 0xB050, 0xB051, 0xB033, 0xB034, 0xA835, 0xA816, 0xA017, 0xA019, 0x981A, 0x981A, 0x901B, 0x881D, 0x881E, 0x801F,
    0xAB40, 0xAB20, 0xAB20, 0xAB00, 0xAB00, 0xAB00, 0xAAE0, 0xAAC0, 0xAAC0, 0xAAA0, 0xB281, 0xB263, 0xB225, 0xB207, 0xB1C9, 0xB1CB,
    0xB1AD, 0xB18F, 0xB150, 0xB111, 0xB0F3, 0xB0D4, 0xA8B6, 0xA876, 0xA057, 0xA059, 0x9839, 0x903A, 0x901C, 0x881D, 0x801E, 0x801E,
    0xAB80, 0xAB80, 0xAB80, 0xAB60, 0xAB60, 0xAB60, 0xAB40, 0xAB20, 0xAB20, 0xAB00, 0xB2E0, 0xB2C2, 0xB2A5, 0xB287, 0xB269, 0xB24B,
    0xB24D, 0xB22E, 0xB210, 0xB1F1, 0xB1D3, 0xB1B4, 0xA995, 0xA976, 0xA177, 0xA159, 0x995A, 0x913B, 0x893C, 0x891D, 0x80FE, 0x80FE,
    0xA3E0, 0xA3E0, 0xA3C0, 0xA3C0, 0xA3C0, 0xABC0, 0xABA0, 0xABA0, 0xAB80, 0xAB60, 0xAB40, 0xB322, 0xB304, 0xB2E7, 0xB2E9, 0xB2EB,
    0xB2CD, 0xB2AE, 0xB2B0, 0xB291, 0xB273, 0xB254, 0xAA35, 0xAA36, 0xA218, 0xA219, 0x9A1A, 0x91FB, 0x89DC, 0x89BD, 0x81BE, 0x79BE,
    0xA440, 0xA420, 0xA420, 0xA400, 0xA400, 0xA420, 0xA400, 0xA400, 0xA3E0, 0xABE0, 0xABC0, 0xABA1, 0xAB83, 0xB366, 0xB348, 0xB34B,
    0xB34C, 0xB32E, 0xB32F, 0xB311, 0xB313, 0xAAF4, 0xAAD5, 0xAAB6, 0xA2B8, 0x9AB9, 0x9A9A, 0x929B, 0x8A7C, 0x825D, 0x7A5E, 0x7A5E,
    0xA480, 0x9C60, 0x9C60, 0x9C60, 0x9C60, 0xA460, 0xA460, 0xA460, 0xA440, 0xA440, 0xAC20, 0xAC20, 0xAC02, 0xABE5, 0xABC8, 0xABAA,
    0xABAC, 0xABAE, 0xABAF, 0xAB91, 0xAB92, 0xAB74, 0xAB55, 0xA356, 0xA337, 0x9B39, 0x9B1A, 0x931A, 0x8AFC, 0x82DD, 0x7ADE, 0x7ADE,
    0x94A0, 0x9480, 0x9480, 0x9480, 0x9480, 0x9C80, 0x9C80, 0x9C80, 0x9C80, 0xA480, 0xA480, 0xA480, 0xAC81, 0xAC64, 0xAC47, 0xAC2A,
    0xAC2C, 0xAC0E, 0xAC10, 0xAC11, 0xABF2, 0xABF4, 0xABD5, 0xA3D6, 0xA3B7, 0x9B98, 0x9399, 0x939A, 0x8B7C, 0x837D, 0x7B5E, 0x735F,
    0x94E0, 0x94C0, 0x8CC0, 0x8CC0, 0x94C0, 0x94C0, 0x94C0, 0x94C0, 0x94C0, 0x9CE0, 0x9CE0, 0x9CE0, 0xA4C1, 0xA4C5, 0xA4C7, 0xACCA,
    0xACAC, 0xAC8E, 0xAC70, 0xAC71, 0xAC72, 0xAC74, 0xAC55, 0xA456, 0xA437, 0x9C38, 0x9439, 0x941B, 0x8BFC, 0x83FD, 0x7BDE, 0x73DF,
    0x8D00, 0x8D00, 0x8D00, 0x8D00, 0x8D00, 0x8D00, 0x8D00, 0x8D00, 0x8D00, 0x9500, 0x9500, 0x9500, 0x9502, 0x9D05, 0x9D07, 0xA50A,
    0xA50C, 0xA4EE, 0xACEF, 0xACD1, 0xACD2, 0xACD4, 0xACB5, 0xA4B6, 0xA4B7, 0x9C98, 0x9C9A, 0x949B, 0x8C7C, 0x845D, 0x7C5E, 0x745F,
    0x8D40, 0x8D40, 0x8540, 0x8540, 0x8D40, 0x8D40, 0x8D40, 0x8D40, 0x8D20, 0x8D40, 0x8D40, 0x8D40, 0x8D22, 0x9525, 0x9548, 0x954A,
    0x9D4C, 0xA54E, 0xA52F, 0xA531, 0xAD32, 0xAD14, 0xAD15, 0xA516, 0xA4F7, 0x9CF8, 0x9CF9, 0x94FA, 0x8CDC, 0x84DD, 0x7CBE, 0x74BF,
    0x8580, 0x8560, 0x8560, 0x8560, 0x8560, 0x8580, 0x8580, 0x8560, 0x8560, 0x8560, 0x8580, 0x8D61, 0x8D63, 0x8D66, 0x8D68, 0x956A,
    0x956C, 0x956E, 0x9D6F, 0x9D71, 0xA572, 0xA573, 0xA555, 0xA556, 0xA557, 0x9D58, 0x9559, 0x955A, 0x8D3C, 0x853D, 0x7D1E, 0x751E,
    0x85A0, 0x7DA0, 0x7DA0, 0x7DA0, 0x7DA0, 0x85C0, 0x85C0, 0x7DC0, 0x7DC0, 0x7DA0, 0x85C0, 0x85A1, 0x85A3, 0x85A6, 0x8DA8, 0x8DAA,
    0x8DAC, 0x95AE, 0x9DAF, 0x9DB1, 0x9DB2, 0xA5B4, 0xADB5, 0xA5B6, 0xA5B7, 0x9DB8, 0x9DB9, 0x95BB, 0x95BC, 0x8DBD, 0x85BE, 0x7D9F,
    0x7DE0, 0x7DE0, 0x7DE0, 0x7DE0, 0x7DE0, 0x7DE0, 0x7DE0, 0x7DE0, 0x7DE0, 0x7DE0, 0x7DE0, 0x85E2, 0x85E4, 0x85E7, 0x85E9, 0x8DEB,
    0x8DED, 0x95EE, 0x95F0, 0x9DF1, 0x9DF2, 0xA5F4, 0xA5F5, 0xA5F6, 0xA5F7, 0xA5F8, 0x9E19, 0x961B, 0x961C, 0x8E1D, 0x8E1E, 0x861F,
    0x7E40, 0x7E40, 0x7640, 0x7640, 0x7640, 0x7640, 0x7E40, 0x7E40, 0x7E40, 0x7E40, 0x7E41, 0x7E43, 0x7E46, 0x8628, 0x864A, 0x8E4B,
    0x8E2D, 0x8E2E, 0x9630, 0x9631, 0x9E32, 0x9E34, 0xA635, 0xA636, 0xA637, 0xA658, 0x9E59, 0x9E7A, 0x967C, 0x8E7D, 0x8E9E, 0x869F,
    0x76A0, 0x76A0, 0x76A0, 0x76A0, 0x76A0, 0x7EA0, 0x7EA0, 0x76A0, 0x7EA0, 0x7E80, 0x7E83, 0x7E85, 0x7E87, 0x8689, 0x868B, 0x8E8C,
    0x8E8E, 0x8E8F, 0x9690, 0x9691, 0x9E93, 0x9E94, 0xA695, 0xA696, 0xA697, 0xA698, 0xA6BA, 0x9EBA, 0x96BC, 0x8EDD, 0x8EDE, 0x8EFE,
    0x76E0, 0x76E0, 0x76E0, 0x76E0, 0x76E0, 0x76E0, 0x76E0, 0x76C0, 0x76C0, 0x7EE2, 0x7EE5, 0x7EC7, 0x7EC8, 0x86CA, 0x86CC, 0x8ECD,
    0x8ECE, 0x8ECF, 0x96D0, 0x96D2, 0x9ED3, 0x9ED4, 0x9ED4, 0xA6D6, 0xA6D7, 0xA6D8, 0xA6F9, 0x9EFB, 0x971C, 0x971D, 0x8F3E, 0x8F3E,
    0x7720, 0x7720, 0x7720, 0x7720, 0x7720, 0x7720, 0x7720, 0x7721, 0x7723, 0x7725, 0x7F27, 0x7F28, 0x7F2A, 0x870B, 0x872C, 0x8F2E,
    0x8F2F, 0x8F30, 0x9711, 0x9712, 0x9713, 0x9F34, 0x9F15, 0x9F36, 0xA737, 0xA738, 0xA739, 0x9F3A, 0x975C, 0x975D, 0x8F7E, 0x8F7E,
    0x7780, 0x7760, 0x7760, 0x7761, 0x7761, 0x7782, 0x7763, 0x7764, 0x7766, 0x7F67, 0x7F69, 0x7F6A, 0x876B, 0x876C, 0x876D, 0x8F6E,
    0x8F6F, 0x8F71, 0x9771, 0x9772, 0x9773, 0x9774, 0x9F75, 0x9F76, 0x9F77, 0xA778, 0x9F79, 0x9F7A, 0x979B, 0x979D, 0x8FBE, 0x979E,
    0x77C2, 0x77A2, 0x77A3, 0x77A3, 0x7FA5, 0x77C6, 0x77A7, 0x7FA8, 0x7FA9, 0x7FAA, 0x87AB, 0x87AC, 0x87AD, 0x87AD, 0x8FAE, 0x8FAF,
    0x8FB0, 0x8FB1, 0x97B2, 0x97B3, 0x97B3, 0x9FB4, 0x9FB5, 0x9FB6, 0x9FB7, 0x9FB8, 0x9FBA, 0x9FDA, 0x97DB, 0x97DD, 0x97DE, 0x97DF,
    0x7FC8, 0x7FC9, 0x7FE9, 0x7FE9, 0x87E9, 0x87EA, 0x87EA, 0x87EB, 0x87EB, 0x87EC, 0x8FCD, 0x8FED, 0x8FEE, 0x8FCF, 0x8FF0, 0x8FF0,
    0x8FF1, 0x97F2, 0x97F2, 0x97D3, 0x97D4, 0x9FF5, 0x97F5, 0x97F6, 0x97F7, 0x9FF9, 0x9FFA, 0x9FDB, 0x97DC, 0x97FD, 0x97FE, 0x97FF,
    0xB000, 0xB000, 0xA800, 0xA800, 0xB000, 0xB000, 0xB000, 0xB001, 0xB002, 0xB005, 0xB007, 0xB008, 0xB009, 0xB00B, 0xB00C, 0xB00D,
    0xB00E, 0xB00F, 0xB010, 0xB011, 0xB013, 0xB014, 0xB015, 0xB016, 0xB017, 0xB018, 0xB019, 0xA81B, 0xA81C, 0xA01D, 0xA01E, 0xA01F,
    0xB000, 0xB000, 0xA800, 0xA800, 0xB000, 0xB000, 0xB000, 0xB000, 0xB002, 0xB004, 0xB006, 0xB008, 0xB009, 0xB00A, 0xB00C, 0xB00D,
    0xB00E, 0xB00F, 0xB010, 0xB011, 0xB013, 0xB014, 0xB015, 0xB016, 0xB017, 0xB018, 0xB019, 0xA81A, 0xA81B, 0xA01D, 0xA01E, 0xA01F,
    0xA820, 0xA800, 0xA800, 0xA800, 0xA800, 0xB000, 0xB000, 0xB000, 0xB002, 0xB004, 0xB006, 0xB008, 0xB009, 0xB00A, 0xB00C, 0xB00D,
    0xB00E, 0xB00F, 0xB010, 0xB011, 0xB013, 0xB014, 0xB015, 0xB016, 0xB017, 0xB018, 0xB019, 0xA81A, 0xA81B, 0xA01D, 0xA01E, 0xA01F,
    0xA860, 0xA840, 0xA820, 0xA800, 0xA800, 0xA800, 0xB000, 0xB000, 0xB001, 0xB003, 0xB006, 0xB007, 0xB009, 0xB00A, 0xB00C, 0xB00D,
    0xB00E, 0xB00F, 0xB010, 0xB012, 0xB013, 0xB014, 0xB015, 0xB016, 0xB017, 0xB018, 0xA819, 0xA81A, 0xA81B, 0xA81D, 0xA01E, 0xA01E,
    0xA8C0, 0xA8A0, 0xA860, 0xA820, 0xA800, 0xA800, 0xA800, 0xB000, 0xB001, 0xB003, 0xB005, 0xB007, 0xB008, 0xB00A, 0xB00B, 0xB00D,
    0xB00E, 0xB00F, 0xB010, 0xB011, 0xB013, 0xB014, 0xB015, 0xB016, 0xB017, 0xB018, 0xA819, 0xA81A, 0xA81B, 0xA81D, 0xA01E, 0xA01F,
    0xA900, 0xA8E0, 0xA8C0, 0xA8A0, 0xA840, 0xA800, 0xA800, 0xA800, 0xA800, 0xB002, 0xB004, 0xB006, 0xB008, 0xB009, 0xB00B, 0xB00C,
    0xB00E, 0xB00F, 0xB010, 0xB011, 0xB013, 0xB014, 0xB015, 0xB016, 0xB017, 0xB018, 0xA819, 0xA81A, 0xA81B, 0xA01D, 0xA01E, 0x981E,
    0xB140, 0xA920, 0xA920, 0xA900, 0xA8C0, 0xB080, 0xB020, 0xB000, 0xB000, 0xB002, 0xB004, 0xB006, 0xB008, 0xB009, 0xB00B, 0xB00D,
    0xB80E, 0xB00F, 0xB010, 0xB012, 0xB013, 0xB014, 0xB015, 0xB016, 0xB017, 0xB018, 0xB019, 0xA81B, 0xA81C, 0xA01D, 0xA01E, 0x981E,
    0xB180, 0xB180, 0xB160, 0xB140, 0xB120, 0xB100, 0xB080, 0xB020, 0xB000, 0xB002, 0xB803, 0xB805, 0xB808, 0xB809, 0xB80B, 0xB80D,
    0xB80E, 0xB80F, 0xB810, 0xB812, 0xB813, 0xB814, 0xB015, 0xB016, 0xB017, 0xB018, 0xB01A, 0xA81B, 0xA81C, 0xA01D, 0xA01E, 0x981E,
    0xB1C0, 0xB1C0, 0xB1A0, 0xA9A0, 0xB180, 0xB160, 0xB120, 0xB0A0, 0xB020, 0xB001, 0xB803, 0xB805, 0xB807, 0xB809, 0xB80B, 0xB80C,
    0xB80E, 0xB80F, 0xB810, 0xB811, 0xB813, 0xB014, 0xB015, 0xB016, 0xB017, 0xB019, 0xA81A, 0xA81B, 0xA01B, 0xA01D, 0xA01E, 0x981F,
    0xB200, 0xB200, 0xA9E0, 0xA9E0, 0xA9C0, 0xB1C0, 0xB180, 0xB140, 0xB0E0, 0xB060, 0xB802, 0xB804, 0xB806, 0xB808, 0xB80A, 0xB80C,
    0xB80D, 0xB80F, 0xB810, 0xB811, 0xB813, 0xB014, 0xB015, 0xB016, 0xB017, 0xA818, 0xA81A, 0xA81B, 0xA01C, 0xA01D, 0x981E, 0x981F,
    0xB240, 0xAA40, 0xAA20, 0xAA20, 0xAA00, 0xB200, 0xB1E0, 0xB1A0, 0xB160, 0xB120, 0xB0A2, 0xB844, 0xB806, 0xB808, 0xB809, 0xB80B,
    0xB80D, 0xB80F, 0xB810, 0xB811, 0xB813, 0xB814, 0xB015, 0xB016, 0xB017, 0xB018, 0xA81A, 0xA81A, 0xA01C, 0xA01D, 0x981E, 0x981E,
    0xAA80, 0xAA80, 0xAA60, 0xAA60, 0xAA60, 0xAA40, 0xB220, 0xB200, 0xB1E0, 0xB1A0, 0xB161, 0xB0E3, 0xB085, 0xB827, 0xB809, 0xB80B,
    0xB80D, 0xB80E, 0xB810, 0xB811, 0xB813, 0xB814, 0xB015, 0xB016, 0xB017, 0xA818, 0xA81A, 0xA01A, 0xA01C, 0x981D, 0x981E, 0x901F,
    0xB2C0, 0xAAC0, 0xAAC0, 0xAAA0, 0xAAA0, 0xB2A0, 0xB280, 0xB260, 0xB240, 0xB220, 0xB1E1, 0xB1A3, 0xB945, 0xB8C7, 0xB889, 0xB86B,
    0xB86D, 0xB86E, 0xB850, 0xB851, 0xB833, 0xB834, 0xB015, 0xB016, 0xB017, 0xA818, 0xA819, 0xA01A, 0xA01C, 0x981D, 0x981E, 0x901F,
    0xB320, 0xB320, 0xB320, 0xB300, 0xB300, 0xB300, 0xB2E0, 0xB2C0, 0xB2A0, 0xBA80, 0xBA81, 0xBA43, 0xBA25, 0xB9E7, 0xB9A9, 0xB9AB,
    0xB9AD, 0xB98E, 0xB950, 0xB911, 0xB8D3, 0xB894, 0xB876, 0xB036, 0xB037, 0xB019, 0xA81A, 0xA01A, 0xA01C, 0x981D, 0x981E, 0x901E,
    0xB380, 0xB380, 0xB360, 0xB360, 0xB360, 0xB360, 0xB340, 0xB320, 0xB300, 0xB2E0, 0xBAE0, 0xBAC2, 0xBAA5, 0xBA67, 0xBA49, 0xBA4B,
    0xBA4D, 0xBA2E, 0xBA10, 0xB9F1, 0xB9D3, 0xB9B4, 0xB975, 0xB156, 0xB157, 0xA939, 0xA93A, 0xA13B, 0xA11C, 0x98FD, 0x90DE, 0x88DF,
    0xB3E0, 0xB3C0, 0xB3C0, 0xB3C0, 0xB3C0, 0xB3C0, 0xB3A0, 0xB380, 0xB360, 0xB340, 0xBB40, 0xBB22, 0xBB04, 0xBAE6, 0xBAC8, 0xBACB,
    0xBACD, 0xBAAE, 0xBAB0, 0xBA91, 0xBA73, 0xBA54, 0xBA35, 0xB236, 0xB217, 0xA9F9, 0xA9FA, 0xA1FB, 0x99DC, 0x99BD, 0x919E, 0x899E,
    0xAC40, 0xAC20, 0xAC20, 0xAC00, 0xAC00, 0xB400, 0xB400, 0xB3E0, 0xB3E0, 0xB3C0, 0xB3A0, 0xB381, 0xBB63, 0xBB46, 0xBB48, 0xBB4A,
    0xBB4C, 0xBB2E, 0xBB2F, 0xBB11, 0xBB12, 0xBAF4, 0xBAD5, 0xB2B6, 0xB2B7, 0xAA99, 0xAA9A, 0xA29B, 0x9A7C, 0x925D, 0x925E, 0x8A3E,
    0xAC80, 0xAC60, 0xAC60, 0xAC60, 0xAC60, 0xAC60, 0xAC60, 0xAC40, 0xAC40, 0xAC20, 0xB420, 0xB400, 0xB3E2, 0xB3C5, 0xBBA8, 0xBBAA,
    0xB3AC, 0xB3AE, 0xB38F, 0xB391, 0xB372, 0xB374, 0xBB55, 0xB336, 0xB337, 0xAB18, 0xAB1A, 0xA2FA, 0x9AFC, 0x92DD, 0x92DE, 0x8ADE,
    0xA4C0, 0xA4A0, 0xA4A0, 0xA4A0, 0xA4A0, 0xACA0, 0xACA0, 0xACA0, 0xAC80, 0xAC80, 0xAC80, 0xB480, 0xB461, 0xB444, 0xB447, 0xB42A,
    0xB40C, 0xB40E, 0xB410, 0xB411, 0xB3F2, 0xB3F4, 0xB3D5, 0xB3B6, 0xABB7, 0xABB8, 0xA399, 0xA39A, 0x9B7C, 0x935D, 0x935E, 0x8B3E,
    0xA500, 0xA4E0, 0xA4E0, 0xA4E0, 0xA4E0, 0xA4E0, 0xA4E0, 0xA4E0, 0xA4E0, 0xACE0, 0xAD00, 0xACE0, 0xB4E1, 0xB4C4, 0xB4C7, 0xB4C9,
    0xB4AC, 0xB48E, 0xB470, 0xB471, 0xB472, 0xB474, 0xB455, 0xB436, 0xB437, 0xAC38, 0xAC1A, 0xA41B, 0x9BFC, 0x93FD, 0x93DE, 0x8BDE,
    0x9D20, 0x9D20, 0x9D20, 0x9D20, 0x9D20, 0x9D20, 0x9D20, 0x9D20, 0x9D20, 0x9D20, 0xA520, 0xA520, 0xA521, 0xAD24, 0xAD27, 0xAD2A,
    0xB50C, 0xB4EE, 0xB4F0, 0xB4D1, 0xB4D2, 0xB4D4, 0xB4B5, 0xB4B6, 0xB497, 0xAC98, 0xAC9A, 0xA47B, 0x9C7C, 0x945D, 0x8C5E, 0x8C5F,
    0x9540, 0x9540, 0x9540, 0x9540, 0x9540, 0x9540, 0x9540, 0x9540, 0x9540, 0x9540, 0x9D40, 0x9D40, 0x9D41, 0x9D45, 0xA547, 0xA54A,
    0xAD4C, 0xAD4D, 0xAD4F, 0xB531, 0xB532, 0xB534, 0xB515, 0xB516, 0xB4F7, 0xACF8, 0xACF9, 0xA4DA, 0x9CDC, 0x94BD, 0x8CBE, 0x8CBF,
    0x8D80, 0x8D60, 0x8D60, 0x8D60, 0x8D60, 0x8D80, 0x8D80, 0x8D80, 0x8D60, 0x8D60, 0x9560, 0x9560, 0x9562, 0x9565, 0x9568, 0x9D6A,
    0xA58C, 0xA58D, 0xA58F, 0xAD71, 0xAD72, 0xB574, 0xB555, 0xB556, 0xAD57, 0xAD58, 0xA539, 0xA53B, 0x9D3C, 0x951D, 0x8D1E, 0x8D1F,
    0x8DA0, 0x8DA0, 0x8DA0, 0x8DA0, 0x8DA0, 0x8DC0, 0x8DC0, 0x8DA0, 0x8DA0, 0x8DA0, 0x8DA0, 0x8DA1, 0x8DA3, 0x95A6, 0x95A8, 0x95AA,
    0x9DAC, 0x9DAE, 0xA5AF, 0xA5B1, 0xA5B2, 0xADB3, 0xADB5, 0xADB6, 0xAD97, 0xAD98, 0xA599, 0xA59A, 0x9D9C, 0x957D, 0x8D7E, 0x857E,
    0x85E0, 0x85E0, 0x85E0, 0x85E0, 0x85E0, 0x8600, 0x85E0, 0x85E0, 0x85E0, 0x8DE0, 0x8DE0, 0x8DE1, 0x8DE4, 0x8DE6, 0x8DE9, 0x95EB,
    0x95EC, 0x9DEE, 0x9DEF, 0xA5F1, 0xA5F2, 0xA5F3, 0xADF5, 0xADF6, 0xADF7, 0xADF8, 0xADF9, 0xA5FA, 0x9DFC, 0x9DFD, 0x95FE, 0x8DFE,
    0x8640, 0x8640, 0x8640, 0x8640, 0x8640, 0x8640, 0x8640, 0x8640, 0x8640, 0x8640, 0x8641, 0x8E43, 0x8E45, 0x8E47, 0x8E49, 0x964B,
    0x964D, 0x9E4E, 0x9E30, 0x9E31, 0xA632, 0xA633, 0xAE35, 0xAE36, 0xAE37, 0xAE58, 0xAE59, 0xA65A, 0xA67C, 0x9E7D, 0x967E, 0x967E,
    0x86A0, 0x86A0, 0x86A0, 0x86A0, 0x86A0, 0x86A0, 0x86A0, 0x86A0, 0x8680, 0x8680, 0x8683, 0x8E85, 0x8E87, 0x8E89, 0x8E8B, 0x968C,
    0x968D, 0x9E8F, 0x9E90, 0x9E91, 0xA693, 0xA694, 0xAE95, 0xAE96, 0xAE97, 0xAE98, 0xAE99, 0xA6BA, 0xA6BC, 0x9EDD, 0x9EDE, 0x96DF,
    0x7EE0, 0x7EE0, 0x7EE0, 0x7EC0, 0x7EE0, 0x86E0, 0x86E0, 0x86C0, 0x86C0, 0x86E1, 0x86E4, 0x86C6, 0x8EC8, 0x8EC9, 0x8ECB, 0x96CD,
    0x96CE, 0x96CF, 0x9ED0, 0x9ED2, 0xA6D3, 0xA6D4, 0xA6D5, 0xAED6, 0xAED7, 0xAED8, 0xAEF9, 0xAEFA, 0xA71C, 0x9F1D, 0x9F3E, 0x971E,
    0x7F20, 0x7F20, 0x7F20, 0x7F00, 0x7F20, 0x7F20, 0x7F20, 0x8720, 0x8702, 0x8724, 0x8726, 0x8728, 0x8F29, 0x8F2B, 0x8F2C, 0x972D,
    0x972F, 0x9730, 0x9711, 0x9F32, 0x9F33, 0xA714, 0xA715, 0xA736, 0xAF37, 0xAF38, 0xAF39, 0xA73A, 0xA75B, 0x9F5D, 0x9F7E, 0x9F5E,
    0x7F80, 0x7F60, 0x7F60, 0x7F60, 0x7F61, 0x7F62, 0x7F62, 0x8763, 0x8765, 0x8767, 0x8768, 0x8F6A, 0x8F6B, 0x8F6C, 0x8F6D, 0x976E,
    0x976F, 0x9770, 0x9F71, 0x9F72, 0x9F73, 0xA774, 0xA775, 0xA776, 0xA777, 0xAF78, 0xAF7A, 0xA77A, 0xA79B, 0x9F9D, 0x9FBE, 0x9F9F,
    0x7FC2, 0x7FA2, 0x7FA2, 0x7FA3, 0x87A4, 0x87A6, 0x87A7, 0x87A7, 0x87A8, 0x8FA9, 0x8FAA, 0x8FAC, 0x8FAD, 0x8FAD, 0x8FAE, 0x97AF,
    0x97B0, 0x97B1, 0x9FB2, 0x9FB3, 0x9FB3, 0x9FB4, 0xA7B5, 0xA7B6, 0xA7B7, 0xA7B8, 0xAFBA, 0xA7DA, 0xA7DB, 0x9FDD, 0x9FDE, 0xA7DF,
    0x8FC8, 0x87E8, 0x8FE8, 0x8FE9, 0x8FE9, 0x8FEA, 0x8FEA, 0x8FEB, 0x8FEB, 0x8FEC, 0x97CD, 0x97ED, 0x97EE, 0x97EF, 0x97EF, 0x97F0,
    0x97F1, 0x9FF2, 0x9FD3, 0x9FF3, 0x9FF4, 0xA7D5, 0xA7D6, 0xA7D6, 0xA7F7, 0xA7F8, 0xAFDA, 0xA7FB, 0xA7DB, 0xA7FD, 0xA7FE, 0xA7FF,
    0xB800, 0xB800, 0xB800, 0xB800, 0xB800, 0xB800, 0xB800, 0xB800, 0xB802, 0xB804, 0xB806, 0xC008, 0xC009, 0xB80A, 0xB80C, 0xB80D,
    0xC00E, 0xC010, 0xB811, 0xB811, 0xB813, 0xB814, 0xB815, 0xB816, 0xB817, 0xB818, 0xB819, 0xB81B, 0xB01C, 0xB01D, 0xB01E, 0xA81F,
    0xB800, 0xB800, 0xB800, 0xB800, 0xB800, 0xB800, 0xB800, 0xB800, 0xB801, 0xB804, 0xB806, 0xB808, 0xB809, 0xB80A, 0xB80C, 0xB80D,
    0xB80E, 0xB80F, 0xB811, 0xB812, 0xB813, 0xB814, 0xB815, 0xB816, 0xB817, 0xB818, 0xB819, 0xB81A, 0xB01C, 0xB01D, 0xB01E, 0xA81E,
    0xB820, 0xB800, 0xB800, 0xB000, 0xB800, 0xB800, 0xB800, 0xB800, 0xB801, 0xB803, 0xB805, 0xB807, 0xB809, 0xB80A, 0xB80C, 0xB80D,
    0xB80E, 0xB80F, 0xB810, 0xB812, 0xB813, 0xB814, 0xB815, 0xB816, 0xB817, 0xB818, 0xB819, 0xB81A, 0xB01B, 0xB01D, 0xB01E, 0xA81E,
    0xB860, 0xB020, 0xB000, 0xB000, 0xB000, 0xB800, 0xB800, 0xB800, 0xB801, 0xB803, 0xB805, 0xB807, 0xB809, 0xB80A, 0xB80B, 0xB80D,
    0xB80E, 0xB80F, 0xB810, 0xB812, 0xB813, 0xB814, 0xB815, 0xB816, 0xB817, 0xB818, 0xB819, 0xB81A, 0xB01B, 0xB01D, 0xB01E, 0xA81F,
    0xB0A0, 0xB0A0, 0xB060, 0xB020, 0xB000, 0xB800, 0xB800, 0xB800, 0xB800, 0xB802, 0xB805, 0xB807, 0xB808, 0xB80A, 0xB80B, 0xB80D,
    0xB80E, 0xB80F, 0xB810, 0xB811, 0xB813, 0xB814, 0xB815, 0xB816, 0xB817, 0xB818, 0xB819, 0xB01A, 0xB01B, 0xB01D, 0xB01E, 0xA81F,
    0xB0E0, 0xB0E0, 0xB0C0, 0xB080, 0xB040, 0xB000, 0xB800, 0xB800, 0xB800, 0xB802, 0xB804, 0xB806, 0xB808, 0xB809, 0xB80B, 0xB80C,
    0xB80E, 0xB80F, 0xB810, 0xB811, 0xB813, 0xB814, 0xB815, 0xB816, 0xB817, 0xB818, 0xB819, 0xB01A, 0xB01B, 0xB01D, 0xB01E, 0xA81F,
    0xB940, 0xB920, 0xB920, 0xB900, 0xB0C0, 0xB880, 0xB820, 0xB800, 0xB800, 0xB802, 0xC003, 0xC006, 0xC008, 0xC009, 0xC00B, 0xC00C,
    0xC00E, 0xC00F, 0xC010, 0xC012, 0xC013, 0xC014, 0xB815, 0xB816, 0xB817, 0xB818, 0xB819, 0xB01A, 0xB01C, 0xB01D, 0xA81E, 0xA81E,
    0xB980, 0xB980, 0xB960, 0xB940, 0xB920, 0xB8E0, 0xB880, 0xB820, 0xB800, 0xC001, 0xC003, 0xC005, 0xC007, 0xC009, 0xC00B, 0xC00C,
    0xC00E, 0xC00F, 0xC010, 0xC012, 0xC013, 0xC014, 0xC015, 0xB816, 0xB817, 0xB818, 0xB81A, 0xB01B, 0xB01C, 0xB01D, 0xA81E, 0xA81E,
    0xB9C0, 0xB9C0, 0xB9C0, 0xB9A0, 0xB980, 0xB960, 0xB920, 0xB8A0, 0xB820, 0xB800, 0xC002, 0xC004, 0xC006, 0xC008, 0xC00A, 0xC00C,
    0xC00D, 0xC00F, 0xC010, 0xC011, 0xC013, 0xC014, 0xB815, 0xB816, 0xB817, 0xB818, 0xB81A, 0xB01B, 0xB01C, 0xB01D, 0xA81E, 0xA81F,
    0xBA00, 0xBA00, 0xB1E0, 0xB1E0, 0xB9C0, 0xB9C0, 0xB980, 0xB940, 0xB8E0, 0xB840, 0xC002, 0xC004, 0xC006, 0xC008, 0xC00A, 0xC00B,
    0xC00D, 0xC00F, 0xC010, 0xC011, 0xC013, 0xC014, 0xC015, 0xB816, 0xB817, 0xB818, 0xB81A, 0xB01B, 0xB01C, 0xB01D, 0xA81E, 0xA81E,
    0xBA40, 0xBA40, 0xB220, 0xB220, 0xB220, 0xBA00, 0xB9E0, 0xB9A0, 0xB960, 0xB900, 0xC0A1, 0xC043, 0xC005, 0xC007, 0xC009, 0xC00B,
    0xC00D, 0xC00F, 0xC010, 0xC011, 0xC013, 0xC014, 0xC015, 0xB816, 0xB817, 0xB818, 0xB81A, 0xB01A, 0xB01C, 0xA81D, 0xA81E, 0xA81F,
    0xBA80, 0xB280, 0xB260, 0xB260, 0xB260, 0xBA40, 0xBA40, 0xBA00, 0xB9E0, 0xB9A0, 0xC141, 0xC0E3, 0xC065, 0xC027, 0xC009, 0xC00B,
    0xC00D, 0xC00E, 0xC00F, 0xC011, 0xC012, 0xC014, 0xC015, 0xB816, 0xB817, 0xB818, 0xB019, 0xB01A, 0xB01C, 0xA81D, 0xA81E, 0xA01E,
    0xBAC0, 0xBAC0, 0xBAC0, 0xBAA0, 0xBAA0, 0xBAA0, 0xBA80, 0xBA60, 0xBA40, 0xBA20, 0xC1E0, 0xC1A2, 0xC145, 0xC0A6, 0xC088, 0xC06B,
    0xC06D, 0xC06E, 0xC04F, 0xC051, 0xC032, 0xC034, 0xC015, 0xB816, 0xB817, 0xB818, 0xB019, 0xB01A, 0xB01C, 0xA81D, 0xA01E, 0xA01E,
    0xBB20, 0xBB20, 0xBB00, 0xBB00, 0xBB00, 0xC300, 0xC2E0, 0xC2C0, 0xC2A0, 0xC280, 0xC280, 0xC242, 0xC225, 0xC1E7, 0xC1A9, 0xC1AB,
    0xC98D, 0xC16E, 0xC150, 0xC111, 0xC0D3, 0xC094, 0xC035, 0xC016, 0xB817, 0xB819, 0xB01A, 0xB01B, 0xB01C, 0xA81D, 0xA01E, 0xA01E,
    0xBB80, 0xBB60, 0xBB60, 0xBB60, 0xBB60, 0xBB40, 0xBB40, 0xBB20, 0xBB00, 0xC2E0, 0xC2E0, 0xC2A2, 0xC284, 0xC267, 0xC249, 0xC24B,
    0xC22D, 0xC22E, 0xC210, 0xC1F1, 0xC1D2, 0xC1B4, 0xC175, 0xC156, 0xB937, 0xB939, 0xB91A, 0xB11B, 0xB0FC, 0xA8DD, 0xA0BE, 0xA09F,
    0xBBC0, 0xBBC0, 0xBBC0, 0xBBA0, 0xBBA0, 0xBBA0, 0xBBA0, 0xBB80, 0xBB60, 0xBB40, 0xC340, 0xC321, 0xC304, 0xC2E6, 0xC2C8, 0xC2CB,
    0xC2CC, 0xC2AE, 0xC2AF, 0xC291, 0xC272, 0xC274, 0xC235, 0xBA16, 0xBA17, 0xB9F9, 0xB1FA, 0xB1DB, 0xA9BC, 0xA99D, 0xA17E, 0x997E,
    0xBC20, 0xB420, 0xB400, 0xB400, 0xB400, 0xBC00, 0xBC00, 0xBBE0, 0xBBC0, 0xBBA0, 0xBBA0, 0xC381, 0xC363, 0xC346, 0xC348, 0xC34A,
    0xC32C, 0xC32E, 0xC32F, 0xC311, 0xC312, 0xC2F4, 0xC2D5, 0xBAB6, 0xBAB7, 0xBA98, 0xB29A, 0xB27B, 0xAA5C, 0xA23D, 0xA23E, 0x9A3E,
    0xB480, 0xB460, 0xB460, 0xB460, 0xB440, 0xB440, 0xB440, 0xBC40, 0xBC20, 0xBC20, 0xBC00, 0xBBE0, 0xBBE2, 0xBBC5, 0xC3A8, 0xC3AA,
    0xC3AC, 0xC3AE, 0xBB8F, 0xC391, 0xC392, 0xC374, 0xC355, 0xBB36, 0xBB37, 0xBB18, 0xB319, 0xB2FA, 0xAAFC, 0xA2DD, 0xA2DE, 0x9ABE,
    0xB4C0, 0xB4C0, 0xB4A0, 0xB4A0, 0xB4A0, 0xB4A0, 0xB4A0, 0xB4A0, 0xB480, 0xB480, 0xBC80, 0xBC60, 0xBC41, 0xBC25, 0xBC27, 0xBC0A,
    0xBC0C, 0xBC0E, 0xBC0F, 0xBBF1, 0xBBF2, 0xBBF3, 0xC3D5, 0xBBB6, 0xBBB7, 0xBB98, 0xB399, 0xB37A, 0xAB7C, 0xA35D, 0xA35E, 0x9B5E,
    0xB520, 0xAD00, 0xAD00, 0xB500, 0xB500, 0xB500, 0xB500, 0xB500, 0xB500, 0xB500, 0xBD00, 0xBCE0, 0xBCE1, 0xBCC4, 0xBCA7, 0xBCAA,
    0xBC8C, 0xBC6E, 0xBC70, 0xBC71, 0xBC72, 0xBC74, 0xBC55, 0xBC36, 0xBC37, 0xBC18, 0xB41A, 0xB3FA, 0xABFC, 0xABFD, 0xA3DE, 0x9BDE,
    0xAD40, 0xA540, 0xA540, 0xA540, 0xAD40, 0xAD40, 0xAD40, 0xAD40, 0xAD40, 0xAD40, 0xB540, 0xB540, 0xB521, 0xB524, 0xBD27, 0xBD09,
    0xBD0C, 0xBCEE, 0xBCCF, 0xBCD1, 0xBCD2, 0xBCD4, 0xBCB5, 0xBCB6, 0xBC97, 0xBC98, 0xB49A, 0xB47A, 0xAC5C, 0xAC5D, 0xA45E, 0x9C5F,
    0xA560, 0x9D60, 0x9D60, 0x9D40, 0x9D40, 0xA560, 0xA560, 0xA560, 0xA560, 0xA560, 0xAD60, 0xAD60, 0xAD61, 0xAD64, 0xB567, 0xB569,
    0xB54B, 0xBD4D, 0xBD2F, 0xBD31, 0xBD32, 0xBD14, 0xBD15, 0xBD16, 0xBCF7, 0xBCF8, 0xB4F9, 0xB4DB, 0xACDC, 0xA4BD, 0xA4BE, 0x9CBF,
    0x9D80, 0x9D80, 0x9580, 0x9560, 0x9560, 0x9D80, 0x9D80, 0x9D80, 0x9D80, 0x9D80, 0x9D80, 0x9D80, 0xA581, 0xA585, 0xA587, 0xAD89,
    0xAD8C, 0xB58D, 0xB58F, 0xB591, 0xBD72, 0xBD74, 0xBD55, 0xBD56, 0xBD57, 0xB538, 0xB539, 0xB53B, 0xAD3C, 0xA51D, 0xA51E, 0x9D1F,
    0x95C0, 0x95A0, 0x95A0, 0x95A0, 0x95A0, 0x95C0, 0x95C0, 0x95A0, 0x95A0, 0x95A0, 0x9DA0, 0x9DA0, 0x9DA2, 0x9DA5, 0x9DA8, 0xA5AA,
    0xA5CC, 0xADAD, 0xADAF, 0xADB1, 0xB5B2, 0xB5D3, 0xBDB5, 0xBDB6, 0xBD97, 0xB598, 0xB599, 0xAD7A, 0xAD7C, 0xA57D, 0x9D7E, 0x955E,
    0x8E00, 0x8DE0, 0x8DE0, 0x8DE0, 0x8DE0, 0x9600, 0x9600, 0x95E0, 0x95E0, 0x95E0, 0x95E0, 0x95E1, 0x95E3, 0x9606, 0x9DE8, 0x9DEA,
    0xA5EC, 0xA5EE, 0xA5EF, 0xADF1, 0xADF2, 0xB5F3, 0xB5F4, 0xB5F6, 0xB5F7, 0xB5F8, 0xB5F9, 0xADDA, 0xADDC, 0xA5DD, 0x9DDE, 0x9DDE,
    0x8E40, 0x8E40, 0x8E40, 0x8E40, 0x8E40, 0x8E40, 0x8E40, 0x8E40, 0x8E40, 0x9640, 0x9640, 0x9642, 0x9644, 0x9647, 0x9649, 0x9E4B,
    0x9E4D, 0xA64E, 0xA64F, 0xA631, 0xAE32, 0xAE33, 0xB634, 0xB636, 0xB637, 0xB658, 0xB659, 0xB65A, 0xAE5C, 0xAE5D, 0xA63E, 0x9E3F,
    0x8EA0, 0x8EA0, 0x8EA0, 0x8E80, 0x8EA0, 0x8EA0, 0x8EA0, 0x8EA0, 0x8E80, 0x8EA0, 0x96A2, 0x96A4, 0x9687, 0x9688, 0x9E8A, 0x9E8C,
    0x9E8D, 0xA68F, 0xA690, 0xA691, 0xAE93, 0xAE94, 0xB695, 0xB696, 0xB697, 0xBE98, 0xB699, 0xB6BA, 0xB6BC, 0xAEBD, 0xAEBE, 0xA6BF,
    0x8EE0, 0x8EE0, 0x8EE0, 0x8EC0, 0x8EE0, 0x8EE0, 0x8EE0, 0x8EE0, 0x8EE0, 0x8EE0, 0x8EE4, 0x96E6, 0x96C8, 0x96C9, 0x96CB, 0x9ECD,
    0x9ECE, 0x9ECF, 0xA6D0, 0xA6D1, 0xAED3, 0xAED4, 0xB6D5, 0xB6D6, 0xB6D7, 0xB6D8, 0xB6F9, 0xB6FA, 0xB71C, 0xAF1D, 0xA71E, 0xA71E,
    0x8F20, 0x8F20, 0x8F20, 0x8F20, 0x8F20, 0x8F20, 0x8F20, 0x8F20, 0x8F21, 0x8F23, 0x8F26, 0x8F28, 0x9729, 0x972A, 0x972C, 0x9F2D,
    0x9F2E, 0x9F2F, 0xA731, 0xA712, 0xA713, 0xAF14, 0xAF35, 0xAF36, 0xB737, 0xB738, 0xB739, 0xB73A, 0xB73C, 0xAF5D, 0xAF7E, 0xAF5E,
    0x8F80, 0x8F60, 0x8760, 0x8760, 0x8F60, 0x8F61, 0x8F62, 0x8F63, 0x8F64, 0x8F66, 0x8F68, 0x9769, 0x976A, 0x976C, 0x976D, 0x9F6E,
    0x9F6F, 0x9F70, 0x9F71, 0xA772, 0xA773, 0xAF74, 0xAF75, 0xAF76, 0xB777, 0xB778, 0xB77A, 0xB77A, 0xB79C, 0xAF9D, 0xAFBE, 0xAF9F,
    0x8FC1, 0x8FA1, 0x8FA1, 0x8FA2, 0x8FA3, 0x8FA5, 0x8FA6, 0x8FA7, 0x8FA8, 0x97A9, 0x97AA, 0x97AB, 0x97AC, 0x97AD, 0x9FAE, 0x9FAF,
    0x9FB0, 0x9FB1, 0xA7B1, 0xA7B2, 0xA7B3, 0xA7B4, 0xAFB5, 0xAFB6, 0xAFB7, 0xB7B8, 0xB7BA, 0xB7DA, 0xB7DB, 0xAFDD, 0xAFDE, 0xB7DF,
    0x97E8, 0x8FE8, 0x97E8, 0x97E8, 0x97E9, 0x97C9, 0x97CA, 0x97EA, 0x97EB, 0x97EC, 0x97EC, 0x9FCD, 0x9FEE, 0x9FEE, 0x9FEF, 0x9FF0,
    0xA7D1, 0xA7D2, 0xA7D2, 0xA7F3, 0xA7F4, 0xAFD5, 0xAFD6, 0xAFD6, 0xAFF7, 0xAFF8, 0xB7FA, 0xB7FB, 0xB7FC, 0xAFFD, 0xAFFE, 0xB7DF,
    0xC000, 0xC000, 0xC000, 0xC000, 0xC000, 0xC000, 0xC800, 0xC800, 0xC801, 0xC003, 0xC806, 0xC807, 0xC809, 0xC80A, 0xC80C, 0xC80D,
    0xC80E, 0xC80F, 0xC811, 0xC811, 0xC013, 0xC014, 0xC015, 0xC016, 0xC017, 0xC018, 0xC019, 0xC01B, 0xC01B, 0xB81D, 0xB81E, 0xB81F,
    0xC000, 0xC000, 0xC000, 0xC000, 0xC000, 0xC000, 0xC000, 0xC800, 0xC801, 0xC003, 0xC805, 0xC807, 0xC809, 0xC80A, 0xC80B, 0xC80D,
    0xC80E, 0xC80F, 0xC811, 0xC012, 0xC013, 0xC814, 0xC815, 0xC016, 0xC017, 0xC018, 0xC019, 0xC01A, 0xC01C, 0xB81D, 0xB81E, 0xB81E,
    0xC000, 0xC000, 0xC000, 0xC000, 0xC000, 0xC000, 0xC000, 0xC000, 0xC001, 0xC002, 0xC805, 0xC807, 0xC809, 0xC80A, 0xC80B, 0xC80D,
    0xC80E, 0xC80F, 0xC810, 0xC012, 0xC813, 0xC814, 0xC815, 0xC016, 0xC017, 0xC018, 0xC019, 0xC01A, 0xC01C, 0xB81D, 0xB81E, 0xB81E,
    0xC040, 0xC020, 0xC000, 0xC000, 0xC000, 0xC000, 0xC000, 0xC000, 0xC000, 0xC002, 0xC804, 0xC807, 0xC808, 0xC00A, 0xC00B, 0xC00D,
    0xC80E, 0xC80F, 0xC810, 0xC011, 0xC813, 0xC814, 0xC015, 0xC016, 0xC017, 0xC018, 0xC019, 0xC01A, 0xC01B, 0xB81D, 0xB81E, 0xB81F,
    0xC0A0, 0xC080, 0xB860, 0xB820, 0xB800, 0xC000, 0xC000, 0xC000, 0xC000, 0xC001, 0xC004, 0xC806, 0xC808, 0xC00A, 0xC00B, 0xC00D,
    0xC00E, 0xC00F, 0xC810, 0xC011, 0xC013, 0xC014, 0xC015, 0xC016, 0xC017, 0xC018, 0xC019, 0xC01A, 0xC01B, 0xB81D, 0xB81E, 0xB81F,
    0xB8E0, 0xB8E0, 0xB8C0, 0xB880, 0xB840, 0xC000, 0xC000, 0xC000, 0xC000, 0xC001, 0xC003, 0xC006, 0xC808, 0xC009, 0xC00B, 0xC00C,
    0xC00D, 0xC80F, 0xC010, 0xC011, 0xC013, 0xC014, 0xC015, 0xC016, 0xC017, 0xC018, 0xC019, 0xC01A, 0xB81B, 0xB81D, 0xB81E, 0xB81F,
    0xC140, 0xC120, 0xC120, 0xC0E0, 0xC0C0, 0xC060, 0xC020, 0xC000, 0xC000, 0xC801, 0xC803, 0xC805, 0xC807, 0xC809, 0xC80B, 0xC80C,
    0xC80E, 0xC80F, 0xC810, 0xC811, 0xC813, 0xC814, 0xC815, 0xC016, 0xC017, 0xC018, 0xC01A, 0xC01A, 0xC01C, 0xB81D, 0xB81E, 0xB81E,
    0xC180, 0xC180, 0xC160, 0xC140, 0xC120, 0xC0E0, 0xC880, 0xC820, 0xC800, 0xC800, 0xC802, 0xC805, 0xC807, 0xC809, 0xC80B, 0xC80C,
    0xC80E, 0xC80F, 0xC810, 0xC811, 0xC813, 0xC814, 0xC815, 0xC816, 0xC017, 0xC018, 0xC01A, 0xC01B, 0xC01C, 0xB81D, 0xB81E, 0xB81E,
    0xC1C0, 0xC1C0, 0xC1C0, 0xC1A0, 0xC180, 0xC160, 0xC920, 0xC8A0, 0xC820, 0xC800, 0xC802, 0xC804, 0xC806, 0xC808, 0xC80A, 0xC80C,
    0xC80D, 0xC80F, 0xC810, 0xC811, 0xC813, 0xC814, 0xC815, 0xC816, 0xC017, 0xC018, 0xC019, 0xC01B, 0xC01C, 0xB81D, 0xB81E, 0xB01F,
    0xC200, 0xC200, 0xC200, 0xC1E0, 0xC1C0, 0xC1C0, 0xC180, 0xC140, 0xC0E0, 0xC820, 0xC802, 0xC803, 0xC805, 0xC808, 0xC80A, 0xC80B,
    0xC80D, 0xC80E, 0xC810, 0xC811, 0xC813, 0xC814, 0xC815, 0xC816, 0xC017, 0xC018, 0xC01A, 0xC01B, 0xC01C, 0xB81D, 0xB81E, 0xB01E,
    0xC260, 0xC240, 0xC240, 0xC220, 0xC220, 0xC200, 0xC1E0, 0xC1A0, 0xC160, 0xC100, 0xC8A1, 0xC823, 0xC805, 0xC807, 0xC809, 0xC80B,
    0xC80D, 0xC80E, 0xC810, 0xC811, 0xC812, 0xC814, 0xC815, 0xC816, 0xC017, 0xC018, 0xC019, 0xC01A, 0xB81C, 0xB81D, 0xB81E, 0xB01F,
    0xC280, 0xC280, 0xC280, 0xC260, 0xC260, 0xC240, 0xC240, 0xC200, 0xC1E0, 0xC1A0, 0xC941, 0xC8E3, 0xC865, 0xC807, 0xC808, 0xC80A,
    0xC80C, 0xC80E, 0xC80F, 0xC811, 0xC812, 0xC814, 0xC815, 0xC816, 0xC017, 0xC018, 0xC019, 0xC01A, 0xB81C, 0xB81D, 0xB01E, 0xB01F,
    0xC2C0, 0xC2C0, 0xC2C0, 0xC2A0, 0xC2A0, 0xC2A0, 0xC280, 0xC260, 0xC240, 0xC220, 0xC9E0, 0xC9A2, 0xC924, 0xC8A6, 0xC868, 0xC86A,
    0xC86C, 0xC86E, 0xC84F, 0xC851, 0xC832, 0xC834, 0xC815, 0xC816, 0xC017, 0xC018, 0xC019, 0xB81B, 0xB81C, 0xB81D, 0xB01E, 0xB01E,
    0xC320, 0xC320, 0xC300, 0xC300, 0xC300, 0xCB00, 0xCAE0, 0xCAC0, 0xCAA0, 0xCAA0, 0xCA60, 0xCA42, 0xCA04, 0xC9E6, 0xC9A9, 0xD1AB,
    0xD18C, 0xC96E, 0xC950, 0xC911, 0xC8F3, 0xC894, 0xC815, 0xC816, 0xC818, 0xC019, 0xC01A, 0xC01B, 0xB81C, 0xB81D, 0xB01E, 0xB01E,
    0xC380, 0xC360, 0xC360, 0xC360, 0xC340, 0xCB40, 0xCB20, 0xCB20, 0xCB00, 0xCAE0, 0xCAC0, 0xCAA2, 0xCA84, 0xCA66, 0xCA49, 0xCA4B,
    0xCA2C, 0xCA2E, 0xCA0F, 0xC9F1, 0xC9D2, 0xC9B4, 0xC975, 0xC956, 0xC937, 0xC119, 0xC11A, 0xC0FB, 0xB8BC, 0xB89D, 0xB07E, 0xB05F,
    0xC3C0, 0xC3C0, 0xC3A0, 0xC3A0, 0xC3A0, 0xC3A0, 0xC380, 0xC380, 0xC360, 0xCB40, 0xCB20, 0xCB01, 0xCAE4, 0xCAC6, 0xCAC8, 0xCACA,
    0xCACC, 0xCAAE, 0xCAAF, 0xCA91, 0xCA92, 0xCA74, 0xCA55, 0xCA16, 0xC9F7, 0xC1F9, 0xC1DA, 0xC1BB, 0xB99C, 0xB97D, 0xB15E, 0xA93F,
    0xC420, 0xC400, 0xC400, 0xC400, 0xC400, 0xC400, 0xC3E0, 0xC3C0, 0xC3C0, 0xC3A0, 0xCB80, 0xCB81, 0xCB63, 0xCB46, 0xCB48, 0xCB2A,
    0xCB2C, 0xCB2E, 0xCB2F, 0xCB11, 0xCB12, 0xCAF4, 0xCAD5, 0xCAB6, 0xC2B7, 0xC298, 0xC29A, 0xC27B, 0xBA5C, 0xB23D, 0xB21E, 0xAA1E,
    0xBC60, 0xBC60, 0xBC60, 0xBC40, 0xBC40, 0xC440, 0xC440, 0xC440, 0xC420, 0xC400, 0xC400, 0xCBE0, 0xCBC2, 0xCBA5, 0xCBA8, 0xCB8A,
    0xCB8C, 0xCB8E, 0xC38F, 0xCB91, 0xCB92, 0xCB73, 0xCB75, 0xCB36, 0xC337, 0xC318, 0xC319, 0xC2FA, 0xBADC, 0xB2DD, 0xB2BE, 0xAABE,
    0xBCC0, 0xBCC0, 0xBCC0, 0xBCA0, 0xBCA0, 0xBCA0, 0xBCA0, 0xBC80, 0xBC80, 0xC460, 0xC460, 0xC440, 0xC441, 0xC405, 0xCC07, 0xCBEA,
    0xCBEC, 0xC3ED, 0xC40F, 0xC3F1, 0xC3F2, 0xC3F3, 0xCBD5, 0xC3B6, 0xC397, 0xC398, 0xC399, 0xBB7A, 0xBB7C, 0xB35D, 0xB35E, 0xAB5F,
    0xBD20, 0xBD20, 0xBD20, 0xBD00, 0xBD00, 0xBD00, 0xBD00, 0xBD00, 0xBD00, 0xC500, 0xC4E0, 0xC4E0, 0xC4C1, 0xC4A4, 0xCC87, 0xCC8A,
    0xCC6C, 0xCC6E, 0xC46F, 0xC471, 0xC472, 0xC473, 0xC455, 0xC456, 0xC437, 0xC418, 0xC41A, 0xC3FA, 0xBBFC, 0xB3DD, 0xB3DE, 0xABDF,
    0xB560, 0xB560, 0xB540, 0xB540, 0xB540, 0xBD60, 0xBD60, 0xBD40, 0xBD40, 0xBD40, 0xBD40, 0xC540, 0xC521, 0xC523, 0xC507, 0xC509,
    0xCCEC, 0xCCEE, 0xC4CF, 0xC4D1, 0xC4D2, 0xC4D4, 0xC4B5, 0xC4B6, 0xC497, 0xC498, 0xC49A, 0xC47A, 0xBC5C, 0xB45D, 0xB45E, 0xAC3F,
    0xAD80, 0xAD80, 0xAD80, 0xAD60, 0xAD60, 0xB580, 0xB580, 0xB580, 0xB580, 0xB580, 0xB580, 0xBD80, 0xBD60, 0xBD63, 0xBD66, 0xC569,
    0xC54B, 0xC54D, 0xC52F, 0xC531, 0xC532, 0xC514, 0xC515, 0xC516, 0xC4F7, 0xC4F8, 0xC4DA, 0xBCDB, 0xBCDC, 0xB4BD, 0xB4BE, 0xACBF,
    0xA5A0, 0xA5A0, 0xA580, 0xA580, 0xA580, 0xA5A0, 0xA5A0, 0xA580, 0xA580, 0xAD80, 0xADA0, 0xADA0, 0xB5A1, 0xB5A4, 0xB5A6, 0xBDA9,
    0xBDAB, 0xBDAD, 0xC58F, 0xC591, 0xC572, 0xC574, 0xC555, 0xC556, 0xC557, 0xC558, 0xC539, 0xBD3A, 0xBD1C, 0xB51D, 0xB51E, 0xAD1F,
    0x9DC0, 0x9DC0, 0x9DA0, 0x9DA0, 0x9DC0, 0x9DC0, 0x9DC0, 0xA5C0, 0xA5C0, 0xA5C0, 0xA5C0, 0xA5C0, 0xA5C1, 0xADC4, 0xADC7, 0xADC9,
    0xB5CB, 0xB5CD, 0xBDCF, 0xBDD0, 0xBDD2, 0xC5D3, 0xC5B5, 0xC596, 0xC597, 0xC598, 0xC599, 0xBD7B, 0xBD7C, 0xB57D, 0xAD5E, 0xAD5F,
    0x9E00, 0x9DE0, 0x9DE0, 0x95E0, 0x9DE0, 0x9E00, 0x9E00, 0x9E00, 0x9DE0, 0x9DE0, 0x9DE0, 0xA5E0, 0xA602, 0xA605, 0xA5E8, 0xAE0A,
    0xAE0C, 0xAE0D, 0xB60F, 0xB610, 0xBE12, 0xBE13, 0xBDF4, 0xC5F6, 0xC5F7, 0xC5F8, 0xBDD9, 0xBDDA, 0xB5DC, 0xB5BD, 0xADBE, 0xADBF,
    0x9640, 0x9640, 0x9640, 0x9640, 0x9640, 0x9E40, 0x9E40, 0x9E40, 0x9E40, 0x9E40, 0x9E40, 0x9E41, 0x9E44, 0x9E46, 0xA649, 0xA64B,
    0xA64C, 0xAE4E, 0xAE4F, 0xB651, 0xB652, 0xB653, 0xBE54, 0xBE56, 0xC637, 0xC638, 0xBE39, 0xBE3A, 0xBE3C, 0xB63D, 0xAE1E, 0xAE1F,
    0x96A0, 0x96A0, 0x96A0, 0x9680, 0x96A0, 0x96A0, 0x9EA0, 0x9EA0, 0x9E80, 0x9EA0, 0x9EA1, 0x9EA3, 0x9E86, 0x9E88, 0xA68A, 0xA68C,
    0xA68D, 0xAE8E, 0xAE90, 0xAE91, 0xB692, 0xB694, 0xB695, 0xBE96, 0xBE97, 0xC698, 0xC699, 0xBE9A, 0xBE9C, 0xB69D, 0xB6BE, 0xAE9E,
    0x96E0, 0x96E0, 0x96E0, 0x96E0, 0x96E0, 0x96E0, 0x96E0, 0x96E0, 0x96E0, 0x96E0, 0x9EE3, 0x9EE6, 0x9EE7, 0x9EC9, 0xA6CB, 0xA6EC,
    0xA6EE, 0xA6EF, 0xAEF0, 0xAED1, 0xB6D2, 0xB6D4, 0xB6D5, 0xBED6, 0xBED7, 0xC6D8, 0xC6F9, 0xC6FA, 0xBEFC, 0xBF1D, 0xB71E, 0xB71E,
    0x9740, 0x9720, 0x9720, 0x9720, 0x9720, 0x9720, 0x9720, 0x9720, 0x9721, 0x9723, 0x9725, 0x9F27, 0x9F29, 0x9F2A, 0xA72C, 0xA72D,
    0xA72E, 0xA72F, 0xAF30, 0xAF32, 0xAF13, 0xB714, 0xB735, 0xB736, 0xBF37, 0xBF38, 0xC739, 0xC73A, 0xBF3C, 0xBF5D, 0xB75E, 0xB75E,
    0x9780, 0x9760, 0x9760, 0x9760, 0x9760, 0x9761, 0x9762, 0x9762, 0x9764, 0x9766, 0x9768, 0x9F69, 0x9F6A, 0x9F6B, 0xA76D, 0xA76E,
    0xA76F, 0xA770, 0xAF71, 0xAF72, 0xAF73, 0xB774, 0xB775, 0xB776, 0xBF77, 0xBF78, 0xBF79, 0xC77A, 0xBF9C, 0xBF9D, 0xB79E, 0xBF9F,
    0x97C1, 0x97A1, 0x97A1, 0x97A2, 0x97A2, 0x97A4, 0x97A5, 0x9FA7, 0x9FA8, 0x9FA9, 0x9FAA, 0x9FAB, 0x9FAC, 0xA7AD, 0xA7AE, 0xA7AF,
    0xA7B0, 0xA7B1, 0xA7B1, 0xAFB2, 0xAFB3, 0xAFB4, 0xB7B5, 0xB7B6, 0xB7B7, 0xBFB8, 0xBFB9, 0xBFBA, 0xBFBC, 0xBFDD, 0xBFDE, 0xBFDF,
    0x9FE8, 0x9FE8, 0x9FE8, 0x9FE8, 0x9FE9, 0x9FC9, 0x9FCA, 0x9FEA, 0x9FEB, 0x9FEC, 0x9FEC, 0xA7ED, 0xA7EE, 0xA7EE, 0xA7EF, 0xA7F0,
    0xAFD1, 0xAFD1, 0xAFD2, 0xAFF3, 0xAFF4, 0xB7F5, 0xB7F6, 0xB7F6, 0xB7F7, 0xB7F8, 0xBFF9, 0xBFFB, 0xBFFC, 0xBFFD, 0xBFFE, 0xC7DF,
    0xD000, 0xC800, 0xC800, 0xC800, 0xC800, 0xD000, 0xD000, 0xD000, 0xD001, 0xD002, 0xD005, 0xD007, 0xD009, 0xD00A, 0xD00B, 0xD00D,
    0xD00E, 0xD00F, 0xD010, 0xD012, 0xD013, 0xD014, 0xD015, 0xD016, 0xC817, 0xC818, 0xC819, 0xC81B, 0xC81B, 0xC81D, 0xC81E, 0xC81F,
    0xD000, 0xC800, 0xC800, 0xC800, 0xC800, 0xC800, 0xD000, 0xD000, 0xD000, 0xD002, 0xD005, 0xD007, 0xD008, 0xD00A, 0xD00B, 0xD00D,
    0xD00E, 0xD00F, 0xD011, 0xD012, 0xD013, 0xD014, 0xD015, 0xC816, 0xC817, 0xC818, 0xC819, 0xC81A, 0xC81C, 0xC81D, 0xC81E, 0xC81F,
    0xC800, 0xC800, 0xC800, 0xC800, 0xC800, 0xC800, 0xC800, 0xD000, 0xD000, 0xD002, 0xD004, 0xD007, 0xD008, 0xD00A, 0xD00B, 0xD00D,
    0xD00E, 0xD00F, 0xD010, 0xD012, 0xD013, 0xD014, 0xD015, 0xD016, 0xC817, 0xC818, 0xC819, 0xC81A, 0xC81C, 0xC81D, 0xC81E, 0xC81F,
    0xC840, 0xC820, 0xC800, 0xC800, 0xC800, 0xC800, 0xC800, 0xC800, 0xC800, 0xC801, 0xD004, 0xD006, 0xD008, 0xD00A, 0xD00B, 0xD00C,
    0xD00E, 0xD00F, 0xD010, 0xD011, 0xD013, 0xD014, 0xD015, 0xD016, 0xC817, 0xC818, 0xC819, 0xC81A, 0xC81B, 0xC81D, 0xC81E, 0xC01F,
    0xC8A0, 0xC880, 0xC840, 0xC820, 0xC800, 0xC800, 0xC800, 0xC800, 0xC800, 0xC801, 0xD003, 0xD006, 0xD008, 0xD009, 0xD00B, 0xD00C,
    0xD00D, 0xD00F, 0xD010, 0xD011, 0xD013, 0xD014, 0xD015, 0xC816, 0xC817, 0xC818, 0xC819, 0xC81A, 0xC81B, 0xC81C, 0xC01E, 0xC01F,
    0xC900, 0xC0E0, 0xC0C0, 0xC080, 0xC840, 0xC800, 0xC800, 0xC800, 0xC800, 0xD001, 0xD003, 0xD005, 0xD007, 0xC809, 0xD00B, 0xD00C,
    0xD00D, 0xD00F, 0xD010, 0xD011, 0xD012, 0xD014, 0xD015, 0xC816, 0xC817, 0xC818, 0xC819, 0xC81A, 0xC81B, 0xC81D, 0xC01E, 0xC01F,
    0xC940, 0xC920, 0xC900, 0xC8E0, 0xC8A0, 0xC860, 0xD020, 0xD000, 0xD000, 0xD000, 0xD002, 0xD005, 0xD007, 0xD009, 0xD00B, 0xD00C,
    0xD00D, 0xD00F, 0xD010, 0xD011, 0xD013, 0xD014, 0xD015, 0xD016, 0xC817, 0xC818, 0xC81A, 0xC81A, 0xC81C, 0xC81D, 0xC81E, 0xC01F,
    0xD180, 0xC980, 0xC960, 0xC940, 0xC920, 0xD0E0, 0xD080, 0xD020, 0xD000, 0xD000, 0xD002, 0xD004, 0xD006, 0xD008, 0xD00A, 0xD00C,
    0xD00D, 0xD00F, 0xD010, 0xD011, 0xD013, 0xD014, 0xD015, 0xD016, 0xD017, 0xC818, 0xC81A, 0xC81B, 0xC81C, 0xC81D, 0xC81E, 0xC01E,
    0xC9C0, 0xC9C0, 0xC9A0, 0xC9A0, 0xC980, 0xD160, 0xD120, 0xD0A0, 0xD020, 0xD000, 0xD002, 0xD004, 0xD006, 0xD008, 0xD00A, 0xD00C,
    0xD00D, 0xD00F, 0xD010, 0xD011, 0xD013, 0xD014, 0xD015, 0xD016, 0xD017, 0xC818, 0xC819, 0xC81B, 0xC81C, 0xC81D, 0xC01E, 0xC01E,
    0xCA00, 0xCA00, 0xCA00, 0xC9E0, 0xC9C0, 0xC9A0, 0xC980, 0xD140, 0xD0E0, 0xD020, 0xD001, 0xD003, 0xD005, 0xD007, 0xD009, 0xD00B,
    0xD00D, 0xD00E, 0xD010, 0xD011, 0xD013, 0xD014, 0xD015, 0xD016, 0xD017, 0xC818, 0xC81A, 0xC81B, 0xC81C, 0xC81D, 0xC01E, 0xC01E,
    0xCA60, 0xCA40, 0xCA40, 0xCA20, 0xCA20, 0xCA00, 0xC9E0, 0xC9A0, 0xC960, 0xC900, 0xD081, 0xD023, 0xD005, 0xD007, 0xD009, 0xD00B,
    0xD00C, 0xD00E, 0xD00F, 0xD011, 0xD012, 0xD014, 0xD015, 0xD016, 0xD017, 0xC818, 0xC819, 0xC81A, 0xC81C, 0xC81D, 0xC01E, 0xC01F,
    0xCA80, 0xCA80, 0xCA80, 0xCA60, 0xCA60, 0xCA40, 0xCA40, 0xCA00, 0xC9E0, 0xC9A0, 0xD140, 0xD0C2, 0xD064, 0xD006, 0xD008, 0xD00A,
    0xD00C, 0xD00E, 0xD00F, 0xD011, 0xD012, 0xD014, 0xD015, 0xD016, 0xD017, 0xC818, 0xC819, 0xC81A, 0xC81C, 0xC81D, 0xC01E, 0xC01F,
    0xCAC0, 0xCAC0, 0xCAC0, 0xCAA0, 0xCAA0, 0xCAA0, 0xCA80, 0xCA60, 0xCA40, 0xCA20, 0xD1E0, 0xD182, 0xD124, 0xD086, 0xD068, 0xD06A,
    0xD06C, 0xD06E, 0xD04F, 0xD051, 0xD032, 0xD033, 0xD015, 0xD016, 0xD017, 0xC818, 0xC819, 0xC81B, 0xC81C, 0xC01D, 0xC01E, 0xC01F,
    0xCB20, 0xCB20, 0xCB00, 0xCB00, 0xCB00, 0xD300, 0xD2E0, 0xD2C0, 0xD2A0, 0xD2A0, 0xD260, 0xD242, 0xD204, 0xD1C6, 0xD1A8, 0xD1AA,
    0xD18C, 0xD16E, 0xD12F, 0xD111, 0xD0F2, 0xD094, 0xD015, 0xD016, 0xD018, 0xD019, 0xC81A, 0xC81B, 0xC81C, 0xC81D, 0xC01E, 0xC01F,
    0xD360, 0xCB60, 0xCB60, 0xCB40, 0xCB40, 0xD340, 0xD320, 0xD320, 0xD300, 0xD2E0, 0xD2C0, 0xD2A1, 0xD284, 0xD266, 0xD248, 0xD24B,
    0xD22C, 0xD20E, 0xD1EF, 0xD1F1, 0xD1D2, 0xD1B4, 0xD175, 0xD156, 0xD138, 0xD119, 0xC8FA, 0xC8DB, 0xC89C, 0xC85D, 0xC01E, 0xC01F,
    0xCBC0, 0xCBA0, 0xCBA0, 0xCBA0, 0xCB80, 0xCB80, 0xD380, 0xD360, 0xD360, 0xD340, 0xD320, 0xD301, 0xD2E3, 0xD2C6, 0xD2C8, 0xD2CA,
    0xD2CC, 0xD2AE, 0xD2AF, 0xD291, 0xD292, 0xD274, 0xD255, 0xD216, 0xD1F7, 0xD1F9, 0xC9DA, 0xC9BB, 0xC97C, 0xC13D, 0xC11E, 0xB91F,
    0xCC00, 0xCC00, 0xCC00, 0xCBE0, 0xCBE0, 0xCBE0, 0xCBE0, 0xCBC0, 0xCBA0, 0xD380, 0xD380, 0xD361, 0xD343, 0xD346, 0xD328, 0xD32A,
    0xD32C, 0xD32E, 0xD32F, 0xD311, 0xD312, 0xD313, 0xD2F5, 0xD2B6, 0xD2B7, 0xD298, 0xCA99, 0xCA5B, 0xCA3C, 0xC23D, 0xC21E, 0xBA1E,
    0xCC60, 0xCC60, 0xCC40, 0xCC40, 0xCC40, 0xCC40, 0xCC40, 0xCC20, 0xCC00, 0xCBE0, 0xD3E0, 0xD3C0, 0xD3A2, 0xD3A5, 0xD387, 0xD38A,
    0xD38C, 0xD38D, 0xD38F, 0xD391, 0xD392, 0xD393, 0xD374, 0xD356, 0xD337, 0xCB18, 0xCB19, 0xCAFA, 0xCADC, 0xC2DD, 0xC2BE, 0xBABE,
    0xC4C0, 0xC4A0, 0xC4A0, 0xC4A0, 0xC4A0, 0xC4A0, 0xCC80, 0xCC80, 0xCC60, 0xCC60, 0xCC40, 0xCC40, 0xCC21, 0xD405, 0xD3E7, 0xD3EA,
    0xD3EC, 0xD3ED, 0xCBEF, 0xCBF1, 0xCBF2, 0xCBF3, 0xD3D4, 0xD3D6, 0xCBB7, 0xCB98, 0xCB99, 0xCB7A, 0xC37C, 0xC35D, 0xC33E, 0xBB3F,
    0xC520, 0xC520, 0xC520, 0xC500, 0xC500, 0xCD00, 0xCD00, 0xCD00, 0xCCE0, 0xCCE0, 0xCCC0, 0xCCC0, 0xCCA1, 0xD484, 0xD487, 0xD46A,
    0xD46C, 0xD46E, 0xD46F, 0xD471, 0xCC72, 0xCC73, 0xD455, 0xD456, 0xD437, 0xD418, 0xCC1A, 0xCBFA, 0xCBFC, 0xC3DD, 0xC3DE, 0xBBBF,
    0xC560, 0xC560, 0xC560, 0xC560, 0xC560, 0xC560, 0xC560, 0xC560, 0xC540, 0xCD40, 0xCD40, 0xCD40, 0xCD21, 0xCD03, 0xCD07, 0xD4E9,
    0xD4EC, 0xD4CE, 0xD4CF, 0xD4D1, 0xCCD2, 0xD4D4, 0xD4B5, 0xCCB6, 0xD497, 0xD499, 0xCC7A, 0xCC7B, 0xCC5C, 0xC45D, 0xC45E, 0xBC3F,
    0xBDA0, 0xBDA0, 0xBD80, 0xBD80, 0xBDA0, 0xBDA0, 0xBDA0, 0xBDA0, 0xC580, 0xC580, 0xC580, 0xC580, 0xCD80, 0xCD62, 0xCD66, 0xCD69,
    0xCD4B, 0xCD4D, 0xCD2F, 0xCD31, 0xCD12, 0xCD14, 0xCD15, 0xCD16, 0xD4F7, 0xD4F8, 0xCCDA, 0xCCDB, 0xCCBC, 0xC4BD, 0xC4BE, 0xBC9F,
    0xB5C0, 0xB5C0, 0xB5A0, 0xB5A0, 0xB5A0, 0xB5C0, 0xB5C0, 0xB5C0, 0xB5A0, 0xBDA0, 0xBDC0, 0xBDC0, 0xC5C0, 0xC5C2, 0xC5C6, 0xCDC8,
    0xCDAB, 0xCDAD, 0xCD8F, 0xCD70, 0xCD72, 0xCD73, 0xCD55, 0xCD56, 0xD557, 0xD558, 0xCD39, 0xCD1A, 0xCD1C, 0xC51D, 0xC4FE, 0xBCFE,
    0xADC0, 0xADC0, 0xADC0, 0xADC0, 0xADC0, 0xADC0, 0xADC0, 0xADC0, 0xADC0, 0xADC0, 0xB5C0, 0xB5E0, 0xB5E1, 0xB5E3, 0xBDE7, 0xBDE9,
    0xBDEB, 0xC5ED, 0xC5EF, 0xCDD0, 0xCDD2, 0xCDB3, 0xCDB4, 0xCD96, 0xCD97, 0xCD98, 0xCD99, 0xCD7B, 0xCD7C, 0xC55D, 0xBD5E, 0xBD5F,
    0xA600, 0xA600, 0xA5E0, 0xA600, 0xA5E0, 0xA600, 0xA600, 0xA600, 0xA600, 0xAE00, 0xAE00, 0xAE00, 0xAE01, 0xAE05, 0xB607, 0xB609,
    0xB60B, 0xBE0D, 0xBE0F, 0xC610, 0xC611, 0xCE13, 0xCE14, 0xCDF5, 0xCDF7, 0xCDF8, 0xCDD9, 0xCDDA, 0xC5DC, 0xC5BD, 0xBDBE, 0xBD9E,
    0xA640, 0xA640, 0xA640, 0xA640, 0xA640, 0xA640, 0xA640, 0xA640, 0xA640, 0xA640, 0xA640, 0xA640, 0xAE43, 0xAE46, 0xAE48, 0xAE4A,
    0xB64C, 0xB64E, 0xB64F, 0xBE50, 0xBE52, 0xC653, 0xC654, 0xCE55, 0xCE37, 0xCE38, 0xCE39, 0xCE3A, 0xC61C, 0xC61D, 0xBE1E, 0xBDFE,
    0xA6A0, 0xA6A0, 0xA6A0, 0xA6A0, 0xA6A0, 0xA6A0, 0xA6A0, 0xA6A0, 0xA6A0, 0xA6A0, 0xA6A0, 0xA6A2, 0xA6A5, 0xAE88, 0xAE89, 0xAEAB,
    0xAEAD, 0xB68E, 0xB690, 0xB691, 0xBE92, 0xBE93, 0xC6B4, 0xC696, 0xCE97, 0xCE98, 0xCE99, 0xCE9A, 0xC69C, 0xC67D, 0xBE7E, 0xB67E,
    0x9F00, 0x9EE0, 0x9EE0, 0x9EE0, 0xA6E0, 0xA6E0, 0xA6E0, 0xA6E0, 0xA6E0, 0xA6E0, 0xA6E2, 0xA6E5, 0xA6E7, 0xA6E9, 0xAECA, 0xAEEC,
    0xAEED, 0xB6EF, 0xB6F0, 0xB6D1, 0xBED2, 0xBED4, 0xBEF5, 0xC6D6, 0xC6D7, 0xCED8, 0xCED9, 0xCEDA, 0xCEFC, 0xC6FD, 0xC6FE, 0xC6FF,
    0x9F40, 0x9F20, 0x9F20, 0x9F20, 0x9F20, 0x9F20, 0x9F20, 0x9F20, 0x9F20, 0xA722, 0xA725, 0xA727, 0xA728, 0xA72A, 0xAF2B, 0xAF2D,
    0xAF2E, 0xB72F, 0xB730, 0xB731, 0xB733, 0xBF34, 0xBF35, 0xBF36, 0xC737, 0xC738, 0xCF39, 0xCF3A, 0xCF3C, 0xC73D, 0xC75E, 0xC75F,
    0x9F80, 0x9F60, 0x9F60, 0x9F60, 0x9F60, 0x9F80, 0x9F81, 0x9F62, 0x9F63, 0x9F65, 0xA787, 0xA789, 0xA76A, 0xAF6B, 0xAF6C, 0xAF6E,
    0xAF6F, 0xAF70, 0xB771, 0xB772, 0xB773, 0xBF74, 0xBF75, 0xBF76, 0xC777, 0xC778, 0xC779, 0xCF7A, 0xCF7C, 0xC79D, 0xC79E, 0xC79F,
    0x9FC1, 0x9FA1, 0x9FA1, 0x9FA1, 0x9FA2, 0x9FC3, 0xA7A5, 0xA7A6, 0xA7A7, 0xA7A8, 0xA7CA, 0xA7CB, 0xAFAC, 0xAFAC, 0xAFAD, 0xAFAF,
    0xAFB0, 0xAFB0, 0xB7B1, 0xB7B2, 0xB7B3, 0xBFB4, 0xBFB5, 0xBFB6, 0xC7B7, 0xC7B8, 0xC7B9, 0xCFBA, 0xCFBC, 0xCFDD, 0xC7DE, 0xCFDF,
    0xA7E7, 0xA7C8, 0xA7E8, 0xA7E8, 0xA7E8, 0xA7E9, 0xA7EA, 0xA7EA, 0xA7EB, 0xA7EB, 0xAFEC, 0xAFED, 0xAFED, 0xAFEE, 0xAFEF, 0xAFF0,
    0xAFD0, 0xB7D1, 0xB7F2, 0xB7F3, 0xB7F4, 0xB7F5, 0xBFF6, 0xBFF6, 0xBFF7, 0xC7F8, 0xC7DA, 0xCFFB, 0xCFDC, 0xCFDD, 0xCFFE, 0xCFDE,
    0xD800, 0xD000, 0xD000, 0xD000, 0xD000, 0xD800, 0xD800, 0xD800, 0xD800, 0xD802, 0xD804, 0xD807, 0xD808, 0xD80A, 0xD80B, 0xD80D,
    0xD80E, 0xD80F, 0xD810, 0xD812, 0xD813, 0xD814, 0xD815, 0xD016, 0xD017, 0xD018, 0xD019, 0xD81B, 0xD01C, 0xD01D, 0xD01E, 0xD01F,
    0xD800, 0xD800, 0xD000, 0xD000, 0xD000, 0xD000, 0xD800, 0xD800, 0xD800, 0xD801, 0xD804, 0xD806, 0xD808, 0xD80A, 0xD80B, 0xD80D,
    0xD80E, 0xD80F, 0xD811, 0xD812, 0xD813, 0xD814, 0xD815, 0xD816, 0xD017, 0xD018, 0xD019, 0xD01A, 0xD01C, 0xD01D, 0xD01E, 0xD01F,
    0xD000, 0xD000, 0xD000, 0xD000, 0xD000, 0xD000, 0xD800, 0xD800, 0xD800, 0xD801, 0xD804, 0xD806, 0xD808, 0xD80A, 0xD80B, 0xD80C,
    0xD80E, 0xD80F, 0xD811, 0xD811, 0xD813, 0xD814, 0xD815, 0xD816, 0xD017, 0xD018, 0xD019, 0xD01A, 0xD01B, 0xD01D, 0xD01E, 0xD01F,
    0xD020, 0xD020, 0xD000, 0xD000, 0xD000, 0xD000, 0xD000, 0xD000, 0xD000, 0xD801, 0xD804, 0xD806, 0xD808, 0xD809, 0xD80B, 0xD80C,
    0xD80D, 0xD80F, 0xD810, 0xD811, 0xD813, 0xD814, 0xD815, 0xD816, 0xD017, 0xD018, 0xD019, 0xD01A, 0xD01B, 0xD01D, 0xD01E, 0xD01F,
    0xD080, 0xD060, 0xD020, 0xD000, 0xD000, 0xD000, 0xD000, 0xD000, 0xD000, 0xD000, 0xD803, 0xD805, 0xD807, 0xD809, 0xD00B, 0xD80C,
    0xD80D, 0xD80F, 0xD010, 0xD011, 0xD012, 0xD814, 0xD815, 0xD016, 0xD017, 0xD018, 0xD019, 0xD01A, 0xD01B, 0xD01C, 0xD01E, 0xD01F,
    0xD0E0, 0xD0E0, 0xD0A0, 0xD080, 0xD020, 0xD000, 0xD000, 0xD000, 0xD000, 0xD800, 0xD802, 0xD805, 0xD807, 0xD809, 0xD80A, 0xD80C,
    0xD80D, 0xD80F, 0xD810, 0xD811, 0xD812, 0xD814, 0xD815, 0xD016, 0xD017, 0xD018, 0xD019, 0xD01A, 0xD01B, 0xD01D, 0xD01E, 0xD01F,
    0xD140, 0xD120, 0xD100, 0xD0E0, 0xD0A0, 0xD060, 0xD800, 0xD800, 0xD800, 0xD800, 0xD802, 0xD804, 0xD807, 0xD808, 0xD80A, 0xD80C,
    0xD80D, 0xD80F, 0xD810, 0xD811, 0xD812, 0xD814, 0xD815, 0xD816, 0xD817, 0xD018, 0xD019, 0xD01A, 0xD01C, 0xD01D, 0xD01E, 0xD01E,
    0xD980, 0xD180, 0xD160, 0xD140, 0xD100, 0xD8E0, 0xD880, 0xD820, 0xD800, 0xD800, 0xD802, 0xD804, 0xD806, 0xD808, 0xD80A, 0xD80C,
    0xD80D, 0xD80F, 0xD810, 0xD811, 0xD812, 0xD814, 0xD815, 0xD816, 0xD817, 0xD818, 0xD81A, 0xD01A, 0xD01C, 0xD01D, 0xD01E, 0xD01E,
    0xD9C0, 0xD1C0, 0xD1A0, 0xD180, 0xD160, 0xD940, 0xD900, 0xD8A0, 0xD820, 0xD800, 0xD801, 0xD803, 0xD805, 0xD808, 0xD80A, 0xD80B,
    0xD80D, 0xD80E, 0xD810, 0xD811, 0xD812, 0xD814, 0xD815, 0xD816, 0xD817, 0xD818, 0xD819, 0xD01A, 0xD01C, 0xD01D, 0xD01E, 0xD01E,
    0xD200, 0xD200, 0xD1E0, 0xD1E0, 0xD1C0, 0xD1A0, 0xD180, 0xD140, 0xD8C0, 0xD800, 0xD801, 0xD803, 0xD805, 0xE007, 0xD809, 0xD80B,
    0xD80D, 0xD80E, 0xD810, 0xD811, 0xD812, 0xD814, 0xD815, 0xD816, 0xD817, 0xD818, 0xD019, 0xD01B, 0xD01C, 0xD01D, 0xD01E, 0xD01F,
    0xD260, 0xD240, 0xD240, 0xD220, 0xD220, 0xD200, 0xD1C0, 0xD1A0, 0xD160, 0xD0E0, 0xD881, 0xD823, 0xD804, 0xD807, 0xD809, 0xD80B,
    0xD80C, 0xD80E, 0xD80F, 0xD811, 0xD812, 0xD814, 0xD815, 0xD816, 0xD817, 0xD818, 0xD019, 0xD01A, 0xD01C, 0xD01D, 0xD01E, 0xD01F,
    0xD2A0, 0xD280, 0xD280, 0xD260, 0xD260, 0xD240, 0xD220, 0xD200, 0xD1E0, 0xD1A0, 0xD920, 0xD8C2, 0xD864, 0xD806, 0xD808, 0xD80A,
    0xD80C, 0xD80D, 0xD80F, 0xD810, 0xD812, 0xD813, 0xD815, 0xD816, 0xD817, 0xD818, 0xD019, 0xD01A, 0xD01C, 0xD01D, 0xD01E, 0xC81F,
    0xD2C0, 0xD2C0, 0xD2C0, 0xD2A0, 0xD2A0, 0xD2A0, 0xD280, 0xD260, 0xD240, 0xD220, 0xD9E0, 0xD982, 0xD924, 0xD886, 0xD868, 0xD86A,
    0xD86C, 0xD84D, 0xD84F, 0xD850, 0xD832, 0xD833, 0xD815, 0xD816, 0xD817, 0xD818, 0xD019, 0xD01B, 0xD01C, 0xD01D, 0xD01E, 0xC81E,
    0xD320, 0xD320, 0xD300, 0xD300, 0xD300, 0xDB00, 0xDAE0, 0xDAC0, 0xDAA0, 0xDA80, 0xDA60, 0xDA22, 0xDA04, 0xD9C6, 0xD988, 0xD98A,
    0xD98C, 0xD96E, 0xD92F, 0xD911, 0xD8F2, 0xD893, 0xD815, 0xD816, 0xD817, 0xD819, 0xD81A, 0xD81B, 0xD01C, 0xD01D, 0xD01E, 0xD01F,
    0xDB60, 0xD360, 0xD360, 0xD340, 0xD340, 0xDB40, 0xDB20, 0xDB20, 0xDB00, 0xDAE0, 0xDAC0, 0xDAA1, 0xDA84, 0xDA66, 0xDA48, 0xDA2B,
    0xDA2C, 0xDA0E, 0xDA0F, 0xD9F1, 0xD9D2, 0xD9B3, 0xD975, 0xD956, 0xD937, 0xD8F9, 0xD8FA, 0xD0BB, 0xD07C, 0xD03D, 0xD01E, 0xD01F,
    0xDBA0, 0xD3A0, 0xD3A0, 0xD380, 0xD380, 0xDB80, 0xDB80, 0xDB60, 0xDB40, 0xDB40, 0xDB20, 0xDB01, 0xDAE3, 0xDAC6, 0xDAA8, 0xDAAA,
    0xDAAC, 0xDAAE, 0xDAAF, 0xDA91, 0xDA92, 0xDA73, 0xDA55, 0xDA36, 0xDA17, 0xD9D9, 0xD9DA, 0xD19B, 0xD15C, 0xD13D, 0xD11E, 0xC8FF,
    0xD400, 0xD400, 0xD3E0, 0xD3E0, 0xD3E0, 0xD3E0, 0xD3C0, 0xD3C0, 0xD3A0, 0xDB80, 0xDB80, 0xDB60, 0xDB42, 0xDB25, 0xDB28, 0xDB2A,
    0xDB2C, 0xDB2E, 0xDB2F, 0xDB31, 0xDB12, 0xDB13, 0xDAF5, 0xDAD6, 0xDAB7, 0xDA98, 0xDA9A, 0xD25B, 0xD25C, 0xD23D, 0xD21E, 0xC9FF,
    0xD460, 0xD440, 0xD440, 0xD440, 0xD440, 0xD440, 0xD420, 0xD400, 0xD400, 0xD3E0, 0xD3C0, 0xDBC0, 0xDBA1, 0xDB85, 0xDB87, 0xDB89,
    0xDB8C, 0xDB8D, 0xDB8F, 0xDB90, 0xDB92, 0xDB93, 0xDB74, 0xDB56, 0xDB37, 0xDB18, 0xDB19, 0xD2FB, 0xD2DC, 0xD2DD, 0xD2BE, 0xCABE,
    0xCCA0, 0xD4A0, 0xCCA0, 0xCC80, 0xCC80, 0xD480, 0xD480, 0xD460, 0xD460, 0xD440, 0xD440, 0xD420, 0xDC01, 0xDBE5, 0xDBE7, 0xDBE9,
    0xDBEC, 0xDBED, 0xD3EF, 0xD3F0, 0xD3F2, 0xD3F3, 0xDBD4, 0xDBB6, 0xDBB7, 0xDB98, 0xD399, 0xD37A, 0xD35C, 0xD35D, 0xD33E, 0xCB3F,
    0xD520, 0xD520, 0xCD00, 0xCD00, 0xD500, 0xD500, 0xD500, 0xD4E0, 0xD4E0, 0xD4C0, 0xD4C0, 0xDCA0, 0xDCA1, 0xDC85, 0xDC67, 0xDC6A,
    0xDC6C, 0xDC6E, 0xDC6F, 0xDC71, 0xD472, 0xDC73, 0xDC55, 0xDC36, 0xDC37, 0xDC18, 0xDC19, 0xD3FB, 0xD3FC, 0xD3DD, 0xD3DE, 0xCBDF,
    0xD580, 0xCD60, 0xCD60, 0xCD60, 0xCD60, 0xD560, 0xD560, 0xD540, 0xD540, 0xD540, 0xD540, 0xD520, 0xD501, 0xD4E4, 0xDCE7, 0xDCE9,
    0xDCCC, 0xDCCE, 0xDCD0, 0xDCD1, 0xD4D2, 0xDCD3, 0xDCB5, 0xD4B6, 0xDC97, 0xDC98, 0xDC7A, 0xD47B, 0xD45C, 0xD45D, 0xD43E, 0xCC3F,
    0xCDC0, 0xCDA0, 0xCDA0, 0xCDA0, 0xCDA0, 0xCDA0, 0xCDA0, 0xCDA0, 0xCDA0, 0xD580, 0xD580, 0xD580, 0xD560, 0xD562, 0xD546, 0xD549,
    0xD54B, 0xD52D, 0xDD2F, 0xD511, 0xD512, 0xD513, 0xD514, 0xD516, 0xDCF7, 0xDCF8, 0xDCDA, 0xD4DB, 0xD4BC, 0xD4BD, 0xCC9E, 0xCCBF,
    0xC5E0, 0xC5E0, 0xC5C0, 0xC5C0, 0xC5E0, 0xC5E0, 0xC5E0, 0xC5E0, 0xCDE0, 0xCDE0, 0xCDE0, 0xCDE0, 0xCDE0, 0xD5C1, 0xD5C5, 0xD5C8,
    0xD5AB, 0xD58D, 0xD56F, 0xD571, 0xD572, 0xD553, 0xDD54, 0xD556, 0xD557, 0xDD38, 0xDD39, 0xD53A, 0xD51C, 0xD51D, 0xD4FE, 0xCCFE,
    0xB5E0, 0xB5E0, 0xB5E0, 0xB5E0, 0xB5E0, 0xBDE0, 0xBDE0, 0xBDE0, 0xBE00, 0xBE00, 0xC600, 0xC600, 0xC600, 0xC602, 0xCE05, 0xCE08,
    0xD60B, 0xD5ED, 0xD5CE, 0xD5D0, 0xD5B2, 0xD5B3, 0xD594, 0xD596, 0xD597, 0xD598, 0xDD79, 0xD57A, 0xD55C, 0xD55D, 0xCD5E, 0xCD5F,
    0xB600, 0xAE00, 0xAE00, 0xAE00, 0xAE00, 0xB600, 0xB600, 0xB600, 0xB600, 0xB600, 0xB620, 0xBE20, 0xBE21, 0xBE23, 0xBE26, 0xC629,
    0xC62B, 0xCE2D, 0xCE0E, 0xCE10, 0xD611, 0xD613, 0xD5F4, 0xD5F5, 0xD5F7, 0xD5D8, 0xD5D9, 0xD5DA, 0xD5BC, 0xD5BD, 0xCDBE, 0xCD9F,
    0xAE40, 0xAE40, 0xAE40, 0xAE40, 0xAE40, 0xAE40, 0xAE40, 0xAE40, 0xAE40, 0xAE40, 0xB640, 0xB640, 0xB642, 0xB645, 0xB648, 0xBE4A,
    0xBE6C, 0xC66D, 0xC64F, 0xC670, 0xCE71, 0xCE73, 0xD654, 0xD655, 0xD637, 0xD638, 0xD639, 0xD63A, 0xD61C, 0xD61D, 0xCE1E, 0xCDFF,
    0xAEA0, 0xAEA0, 0xAEA0, 0xAEA0, 0xAEA0, 0xAEA0, 0xAEA0, 0xAEA0, 0xAEA0, 0xAEA0, 0xB6A0, 0xB6A2, 0xB685, 0xB6A7, 0xB689, 0xB6AB,
    0xBEAD, 0xBE8E, 0xBE90, 0xC691, 0xC692, 0xC6B3, 0xCEB4, 0xD6B6, 0xD6B7, 0xD698, 0xD699, 0xD69A, 0xD67C, 0xD67D, 0xCE7E, 0xC67E,
    0xAEE0, 0xAEE0, 0xAEE0, 0xAEE0, 0xAEE0, 0xAEE0, 0xAEE0, 0xAEE0, 0xAEE0, 0xAEE0, 0xAEE2, 0xAEE4, 0xAEE6, 0xB6E8, 0xB6EA, 0xB6EC,
    0xBEED, 0xBEEE, 0xBEF0, 0xBEF1, 0xC6F2, 0xC6F3, 0xC6F5, 0xCEF6, 0xCEF7, 0xD6F8, 0xD6D9, 0xD6DA, 0xD6DC, 0xCEDD, 0xCEDE, 0xCEDE,
    0xAF20, 0xA720, 0xA720, 0xA720, 0xAF20, 0xAF20, 0xAF20, 0xAF20, 0xAF20, 0xAF22, 0xAF24, 0xAF26, 0xAF28, 0xAF2A, 0xB72B, 0xB72D,
    0xB72E, 0xBF2F, 0xBF30, 0xBF31, 0xC733, 0xC734, 0xC735, 0xC736, 0xCF37, 0xCF38, 0xD739, 0xD73A, 0xD73C, 0xD73D, 0xCF3E, 0xCF3F,
    0xA780, 0xA780, 0xA780, 0xA760, 0xA780, 0xA780, 0xAF81, 0xAF82, 0xA763, 0xAF65, 0xAF87, 0xAF88, 0xAF6A, 0xAF6B, 0xB76C, 0xB76D,
    0xB76F, 0xB770, 0xBF71, 0xBF72, 0xBF73, 0xC774, 0xC775, 0xC776, 0xCF77, 0xCF78, 0xCF79, 0xD77A, 0xD77C, 0xD79D, 0xD79E, 0xD79F,
    0xA7C1, 0xA7C1, 0xA7C1, 0xA7C1, 0xA7C1, 0xA7C2, 0xAFC4, 0xAFA5, 0xAFA7, 0xAFA8, 0xAFC9, 0xAFCA, 0xB7AB, 0xB7AC, 0xB7CD, 0xB7AE,
    0xB7AF, 0xB7B0, 0xBFB1, 0xBFB2, 0xBFB3, 0xBFB4, 0xC7B5, 0xC7B6, 0xCFB7, 0xCFB8, 0xCFD9, 0xD7BA, 0xD7BC, 0xD7DD, 0xD7DE, 0xD7DE,
    0xAFE7, 0xAFC7, 0xAFE7, 0xAFE7, 0xAFC8, 0xAFE8, 0xAFC9, 0xAFC9, 0xAFCA, 0xB7EB, 0xB7EC, 0xB7CC, 0xB7CD, 0xB7EE, 0xB7CF, 0xB7F0,
    0xB7F0, 0xBFF1, 0xBFF2, 0xBFF3, 0xBFF4, 0xC7D5, 0xC7F5, 0xC7D6, 0xC7F7, 0xCFF8, 0xCFFA, 0xD7FB, 0xD7FC, 0xD7DD, 0xD7DE, 0xDFFF,
    0xE000, 0xE000, 0xD800, 0xD800, 0xD800, 0xE000, 0xE000, 0xE000, 0xE000, 0xE001, 0xE004, 0xE006, 0xE008, 0xE009, 0xE00B, 0xE00C,
    0xE00E, 0xE00F, 0xE010, 0xE012, 0xE013, 0xE014, 0xE015, 0xE016, 0xE017, 0xE018, 0xE019, 0xE01A, 0xD81C, 0xD81D, 0xD81E, 0xD81F,
    0xE000, 0xE000, 0xE000, 0xD800, 0xD800, 0xE000, 0xE000, 0xE000, 0xE000, 0xE001, 0xE004, 0xE006, 0xE008, 0xE009, 0xE00B, 0xE00C,
    0xE00E, 0xE00F, 0xE010, 0xE011, 0xE013, 0xE014, 0xE015, 0xE016, 0xE017, 0xE018, 0xD819, 0xE01B, 0xE01C, 0xD81D, 0xD81E, 0xD81F,
    0xD800, 0xE000, 0xD800, 0xD800, 0xD800, 0xD800, 0xE000, 0xE000, 0xE000, 0xE001, 0xE003, 0xE006, 0xE008, 0xE009, 0xE00B, 0xE00C,
    0xE00D, 0xE00F, 0xE010, 0xE011, 0xE013, 0xE014, 0xE015, 0xE016, 0xE017, 0xD818, 0xD819, 0xD81B, 0xD81C, 0xD81D, 0xD81E, 0xD81F,
    0xD820, 0xD800, 0xD800, 0xD800, 0xD800, 0xD800, 0xD800, 0xE000, 0xE000, 0xE000, 0xE003, 0xE005, 0xE007, 0xE009, 0xE00B, 0xE00C,
    0xE00D, 0xE00F, 0xE010, 0xE011, 0xE012, 0xE014, 0xE015, 0xE016, 0xE017, 0xD818, 0xD819, 0xD81A, 0xD81B, 0xD81D, 0xD81E, 0xD81E,
    0xD880, 0xD860, 0xD820, 0xD800, 0xD800, 0xD800, 0xD800, 0xD800, 0xD800, 0xE000, 0xE002, 0xE005, 0xE007, 0xE009, 0xE00A, 0xE00C,
    0xE00D, 0xE00F, 0xE010, 0xE011, 0xE012, 0xE014, 0xE015, 0xE016, 0xE017, 0xD818, 0xD819, 0xD81A, 0xD81B, 0xD81D, 0xD81E, 0xD81E,
    0xD8E0, 0xD8C0, 0xD8A0, 0xD860, 0xD820, 0xD800, 0xD800, 0xD800, 0xD800, 0xE000, 0xE002, 0xE004, 0xE006, 0xE008, 0xE00A, 0xE00C,
    0xE00D, 0xE00E, 0xE010, 0xE011, 0xE012, 0xE013, 0xE015, 0xE016, 0xD817, 0xD818, 0xD819, 0xD81A, 0xD81B, 0xD81C, 0xD81E, 0xD81F,
    0xD920, 0xD920, 0xD900, 0xD8E0, 0xD8A0, 0xD860, 0xE000, 0xE000, 0xE000, 0xE000, 0xE002, 0xE004, 0xE006, 0xE008, 0xE00A, 0xE00C,
    0xE00D, 0xE00E, 0xE010, 0xE011, 0xE012, 0xE014, 0xE015, 0xE016, 0xE017, 0xE018, 0xE019, 0xD81A, 0xD81C, 0xD81D, 0xD81E, 0xD81F,
    0xE180, 0xE160, 0xD960, 0xD940, 0xE100, 0xE0C0, 0xE060, 0xE020, 0xE000, 0xE000, 0xE001, 0xE804, 0xE806, 0xE008, 0xE00A, 0xE80B,
    0xE80D, 0xE00E, 0xE010, 0xE011, 0xE012, 0xE014, 0xE015, 0xE016, 0xE017, 0xE018, 0xE01A, 0xE01B, 0xD81C, 0xD81D, 0xD81E, 0xD81E,
    0xE1C0, 0xE1C0, 0xD9A0, 0xD980, 0xD980, 0xE140, 0xE100, 0xE080, 0xE020, 0xE000, 0xE001, 0xE003, 0xE805, 0xE807, 0xE809, 0xE80B,
    0xE80D, 0xE00E, 0xE010, 0xE011, 0xE012, 0xE014, 0xE015, 0xE016, 0xE017, 0xE019, 0xE01A, 0xE01B, 0xD81C, 0xD81D, 0xD81E, 0xD81E,
    0xE200, 0xDA00, 0xDA00, 0xD9E0, 0xD9C0, 0xD9A0, 0xE180, 0xE120, 0xE0C0, 0xE000, 0xE001, 0xE003, 0xE005, 0xE807, 0xE009, 0xE80B,
    0xE80C, 0xE00E, 0xE810, 0xE011, 0xE012, 0xE014, 0xE015, 0xE016, 0xE017, 0xE018, 0xE01A, 0xE01B, 0xD81C, 0xD81D, 0xD81E, 0xD81F,
    0xDA40, 0xDA40, 0xDA40, 0xDA20, 0xDA00, 0xDA00, 0xE1C0, 0xE1A0, 0xD940, 0xE0E0, 0xE080, 0xE022, 0xE004, 0xE006, 0xE008, 0xE00A,
    0xE00C, 0xE00E, 0xE00F, 0xE011, 0xE012, 0xE013, 0xE015, 0xE016, 0xE017, 0xE018, 0xE01A, 0xD81A, 0xD81C, 0xD81D, 0xD81E, 0xD81F,
    0xDA80, 0xDA80, 0xDA80, 0xDA60, 0xDA60, 0xDA40, 0xDA20, 0xDA00, 0xD9C0, 0xD980, 0xE120, 0xE0C2, 0xE044, 0xE006, 0xE008, 0xE00A,
    0xE00C, 0xE00D, 0xE00F, 0xE010, 0xE012, 0xE013, 0xE015, 0xE016, 0xE017, 0xE018, 0xE019, 0xD81A, 0xD81C, 0xD81D, 0xD81E, 0xD81E,
    0xDAC0, 0xDAC0, 0xDAC0, 0xDAA0, 0xDAA0, 0xDAA0, 0xDA80, 0xDA60, 0xDA40, 0xDA00, 0xE1C0, 0xE181, 0xE104, 0xE086, 0xE068, 0xE06A,
    0xE06C, 0xE06D, 0xE04F, 0xE050, 0xE032, 0xE033, 0xE015, 0xE016, 0xE017, 0xE018, 0xE01A, 0xE01B, 0xD81C, 0xD81D, 0xD81E, 0xD81E,
    0xE320, 0xE320, 0xDB00, 0xDB00, 0xDB00, 0xE2E0, 0xE2E0, 0xE2C0, 0xE2A0, 0xE280, 0xE260, 0xE221, 0xEA04, 0xE9C6, 0xE988, 0xE98A,
    0xE96C, 0xE96D, 0xE92F, 0xE0F0, 0xE0D2, 0xE093, 0xE015, 0xE016, 0xE017, 0xE019, 0xE01A, 0xE01B, 0xE01C, 0xD81D, 0xD81E, 0xD81F,
    0xE360, 0xE360, 0xDB60, 0xDB40, 0xE340, 0xE340, 0xE320, 0xE300, 0xE300, 0xE2E0, 0xE2C0, 0xE2A1, 0xE284, 0xEA66, 0xE228, 0xE22A,
    0xE22C, 0xE22D, 0xE20F, 0xE1F0, 0xE1D2, 0xE1B3, 0xE975, 0xE956, 0xE937, 0xE118, 0xE0F9, 0xE0BB, 0xE05C, 0xD81D, 0xD81E, 0xD81E,
    0xE3A0, 0xDBA0, 0xDBA0, 0xDB80, 0xDB80, 0xE380, 0xE360, 0xE360, 0xE340, 0xE340, 0xE320, 0xE301, 0xE2E3, 0xE2C5, 0xE2A8, 0xE2AA,
    0xE2AC, 0xE2AE, 0xE2AF, 0xE291, 0xE292, 0xE273, 0xE255, 0xE236, 0xE217, 0xE1F8, 0xE1DA, 0xE19B, 0xE15C, 0xD91D, 0xD91E, 0xD8FE,
    0xDC00, 0xDBE0, 0xDBE0, 0xDBE0, 0xDBC0, 0xDBC0, 0xDBC0, 0xDBA0, 0xE3A0, 0xE380, 0xE380, 0xE360, 0xE342, 0xE325, 0xE327, 0xE32A,
    0xE32C, 0xE32D, 0xE32F, 0xE311, 0xE312, 0xE313, 0xE2F4, 0xE2D6, 0xE2B7, 0xE298, 0xE29A, 0xE27B, 0xE23C, 0xDA1D, 0xD9FE, 0xD9FF,
    0xDC40, 0xDC40, 0xDC20, 0xDC20, 0xDC20, 0xDC20, 0xDC20, 0xDC00, 0xDBE0, 0xDBE0, 0xE3C0, 0xE3C0, 0xE3A1, 0xE385, 0xE387, 0xE389,
    0xE38C, 0xE38D, 0xE38F, 0xE390, 0xE392, 0xE373, 0xE374, 0xE356, 0xE337, 0xE338, 0xE319, 0xE2FB, 0xE2DC, 0xDABD, 0xDABE, 0xDABE,
    0xD4A0, 0xDCA0, 0xD480, 0xD480, 0xDC80, 0xDC80, 0xDC80, 0xDC60, 0xDC40, 0xDC40, 0xDC40, 0xE420, 0xE401, 0xE3E4, 0xE3C7, 0xE3E9,
    0xE3EC, 0xE3ED, 0xDBEF, 0xDBF0, 0xDBF2, 0xE3F3, 0xE3F4, 0xE3D5, 0xE3B7, 0xE398, 0xE399, 0xE37A, 0xDB5C, 0xDB5D, 0xDB3E, 0xDB3E,
    0xDD00, 0xDD00, 0xDD00, 0xDD00, 0xDCE0, 0xDD00, 0xDCE0, 0xDCE0, 0xDCC0, 0xDCC0, 0xE4A0, 0xE4A0, 0xE481, 0xE464, 0xE447, 0xE46A,
    0xE46C, 0xE44E, 0xE44F, 0xE471, 0xE472, 0xE473, 0xE455, 0xE456, 0xE437, 0xE418, 0xE419, 0xE3FA, 0xDBFC, 0xDBDD, 0xDBDE, 0xDBDF,
    0xDD60, 0xDD60, 0xDD60, 0xDD60, 0xDD60, 0xDD60, 0xDD40, 0xDD40, 0xDD40, 0xDD20, 0xDD20, 0xE520, 0xE501, 0xE4E4, 0xE4C7, 0xE4CA,
    0xE4CC, 0xE4CE, 0xE4AF, 0xE4D1, 0xE4D2, 0xE4D3, 0xE4B5, 0xE4B6, 0xE497, 0xE498, 0xE499, 0xE47A, 0xE45C, 0xDC5D, 0xDC3E, 0xDC3F,
    0xD5C0, 0xD5C0, 0xD5A0, 0xD5A0, 0xD5A0, 0xDDA0, 0xDDA0, 0xDDA0, 0xDD80, 0xDD80, 0xDD80, 0xDD80, 0xDD60, 0xE543, 0xE546, 0xE549,
    0xE52B, 0xE50D, 0xE50F, 0xE511, 0xE512, 0xE513, 0xE515, 0xE516, 0xE4F7, 0xE4F8, 0xE4D9, 0xE4DA, 0xE4BC, 0xDCBD, 0xDC9E, 0xDC9F,
    0xD600, 0xD600, 0xD600, 0xD5E0, 0xD5E0, 0xD5E0, 0xD5E0, 0xD5E0, 0xD5E0, 0xD5E0, 0xDDE0, 0xDDE0, 0xDDC0, 0xDDC1, 0xDDA5, 0xDDA8,
    0xE58B, 0xE58D, 0xE56F, 0xDD70, 0xE572, 0xE553, 0xE555, 0xE556, 0xE557, 0xE538, 0xE539, 0xE53A, 0xE51C, 0xDD1D, 0xDCFE, 0xDCFF,
    0xC600, 0xCE00, 0xC600, 0xC600, 0xCE00, 0xCE20, 0xCE20, 0xCE20, 0xCE20, 0xCE00, 0xD620, 0xD620, 0xD620, 0xD601, 0xD605, 0xDE08,
    0xDE0A, 0xDDED, 0xDDCE, 0xDDD0, 0xDDB2, 0xDDB3, 0xDD94, 0xE596, 0xE597, 0xE598, 0xE599, 0xE57A, 0xE55C, 0xDD5D, 0xDD5E, 0xDD5F,
    0xBE20, 0xBE20, 0xBE20, 0xBE20, 0xBE20, 0xBE40, 0xC640, 0xC640, 0xC640, 0xC620, 0xC640, 0xC640, 0xCE40, 0xCE42, 0xCE45, 0xD648,
    0xD64B, 0xD64D, 0xDE2E, 0xDE30, 0xDE11, 0xDE13, 0xDDF4, 0xE5F5, 0xDDF7, 0xE5D8, 0xE5D9, 0xE5DA, 0xE5BC, 0xDDBD, 0xDDBE, 0xDD9F,
    0xBE60, 0xB660, 0xB660, 0xB660, 0xB660, 0xBE60, 0xBE60, 0xBE60, 0xBE60, 0xBE60, 0xBE60, 0xBE60, 0xC662, 0xC664, 0xC667, 0xCE69,
    0xCE8B, 0xCE8D, 0xD66E, 0xD670, 0xDE71, 0xDE73, 0xDE74, 0xDE55, 0xDE57, 0xE638, 0xE639, 0xE63A, 0xE61C, 0xDE1D, 0xDE1E, 0xD5FF,
    0xB6A0, 0xB6A0, 0xB6A0, 0xB6A0, 0xB6A0, 0xB6A0, 0xB6A0, 0xB6A0, 0xB6A0, 0xBEA0, 0xBEA0, 0xBEA2, 0xBEA4, 0xBEA7, 0xC6A9, 0xC6AB,
    0xC6AC, 0xC6AE, 0xCEAF, 0xCEB1, 0xD6B2, 0xD6B3, 0xDED4, 0xDEB6, 0xDEB7, 0xDE98, 0xE699, 0xE69A, 0xE67C, 0xDE7D, 0xDE7E, 0xD67F,
    0xB6E0, 0xB6E0, 0xB6E0, 0xB6E0, 0xB6E0, 0xB6E0, 0xB6E0, 0xB6E0, 0xB6E0, 0xB6E0, 0xBEE1, 0xBEE3, 0xBEE6, 0xBEE8, 0xBEEA, 0xBEEC,
    0xC6ED, 0xC6EE, 0xC6F0, 0xCEF1, 0xCEF2, 0xCEF3, 0xD6F5, 0xD6F6, 0xDEF7, 0xDEF8, 0xE6F9, 0xE6DA, 0xE6DC, 0xDEDD, 0xDEBE, 0xD6DF,
    0xB740, 0xB740, 0xB720, 0xB720, 0xB720, 0xB720, 0xB720, 0xB720, 0xB720, 0xB721, 0xB743, 0xB746, 0xB728, 0xBF29, 0xBF2B, 0xBF2C,
    0xBF2E, 0xC72F, 0xC730, 0xC731, 0xCF32, 0xCF33, 0xCF35, 0xD736, 0xD737, 0xD738, 0xDF39, 0xDF3A, 0xDF3C, 0xDF3D, 0xDF3E, 0xD73E,
    0xAF80, 0xAF80, 0xB780, 0xB780, 0xB780, 0xB780, 0xB780, 0xB781, 0xB782, 0xB784, 0xB786, 0xB788, 0xB789, 0xBF6A, 0xBF8C, 0xBF8D,
    0xBF8E, 0xC78F, 0xC790, 0xC791, 0xC793, 0xCF74, 0xCF75, 0xCF76, 0xD777, 0xD778, 0xD799, 0xDF7A, 0xDF7C, 0xDF9D, 0xDF9E, 0xDF9E,
    0xAFC1, 0xB7C1, 0xB7C1, 0xB7C1, 0xB7C1, 0xB7C1, 0xB7C3, 0xB7A4, 0xB7A6, 0xB7C7, 0xB7C9, 0xB7CA, 0xBFCB, 0xBFAC, 0xBFCD, 0xBFCE,
    0xBFCF, 0xBFD0, 0xC7D1, 0xC7D2, 0xC7D3, 0xCFB4, 0xCFB5, 0xCFB6, 0xCFB7, 0xD7B8, 0xD7D9, 0xDFBA, 0xDFBC, 0xDFDD, 0xDFDE, 0xE7DE,
    0xB7E6, 0xB7E6, 0xB7E6, 0xB7E6, 0xB7E7, 0xB7E8, 0xB7C8, 0xB7C9, 0xB7EA, 0xB7EA, 0xB7EB, 0xB7EC, 0xBFED, 0xBFEE, 0xBFCE, 0xBFEF,
    0xBFF0, 0xBFF1, 0xBFF1, 0xC7F2, 0xC7F3, 0xC7F4, 0xCFF5, 0xCFF6, 0xCFF7, 0xD7F8, 0xD7F9, 0xD7DB, 0xDFFC, 0xE7FD, 0xE7FE, 0xE7FF,
    0xE800, 0xE800, 0xE800, 0xE000, 0xE000, 0xE800, 0xE800, 0xE800, 0xE800, 0xE801, 0xE803, 0xE805, 0xE807, 0xE809, 0xE80B, 0xE80C,
    0xE80E, 0xE80F, 0xE810, 0xE811, 0xE813, 0xE814, 0xE815, 0xE816, 0xE817, 0xE818, 0xE819, 0xE81A, 0xE81C, 0xE81D, 0xE81E, 0xE81F,
    0xE800, 0xE800, 0xE800, 0xE000, 0xE000, 0xE800, 0xE800, 0xE800, 0xE800, 0xE800, 0xE803, 0xE805, 0xE807, 0xE809, 0xE80B, 0xE80C,
    0xE80D, 0xE80F, 0xE810, 0xE811, 0xE812, 0xE814, 0xE815, 0xE816, 0xE817, 0xE818, 0xE819, 0xE81B, 0xE81C, 0xE81D, 0xE81E, 0xE81F,
    0xE800, 0xE800, 0xE000, 0xE000, 0xE000, 0xE800, 0xE800, 0xE800, 0xE800, 0xE800, 0xE802, 0xE805, 0xE807, 0xE809, 0xE80A, 0xE80C,
    0xE80D, 0xE80F, 0xE810, 0xE811, 0xE812, 0xE814, 0xE815, 0xE816, 0xE817, 0xE818, 0xE819, 0xE81B, 0xE81C, 0xE81D, 0xE81E, 0xE81F,
    0xE020, 0xE000, 0xE000, 0xE000, 0xE000, 0xE000, 0xE800, 0xE800, 0xE800, 0xE800, 0xE802, 0xE804, 0xE807, 0xE809, 0xE80A, 0xE80C,
    0xE80D, 0xE80F, 0xE810, 0xE811, 0xE812, 0xE814, 0xE815, 0xE816, 0xE817, 0xE818, 0xE819, 0xE81A, 0xE01C, 0xE01D, 0xE81E, 0xE81E,
    0xE080, 0xE060, 0xE020, 0xE000, 0xE000, 0xE000, 0xE000, 0xE800, 0xE800, 0xE800, 0xE802, 0xE804, 0xE806, 0xE808, 0xE80A, 0xE80C,
    0xE80D, 0xE80E, 0xE810, 0xE811, 0xE812, 0xE813, 0xE815, 0xE816, 0xE817, 0xE818, 0xE819, 0xE81A, 0xE01B, 0xE01D, 0xE01E, 0xE81E,
    0xE0E0, 0xE0C0, 0xE0A0, 0xE060, 0xE000, 0xE000, 0xE000, 0xE000, 0xE000, 0xE800, 0xE801, 0xE803, 0xE806, 0xE808, 0xE80A, 0xE80B,
    0xE80D, 0xE80E, 0xE80F, 0xE811, 0xE812, 0xE813, 0xE815, 0xE816, 0xE817, 0xE818, 0xE019, 0xE01A, 0xE01B, 0xE01C, 0xE01E, 0xE01E,
    0xE920, 0xE120, 0xE100, 0xE0C0, 0xE080, 0xE040, 0xE800, 0xE800, 0xE800, 0xE800, 0xE801, 0xE804, 0xE806, 0xE808, 0xE80A, 0xE80B,
    0xF00D, 0xE80E, 0xE810, 0xE811, 0xE812, 0xE813, 0xE815, 0xE816, 0xE817, 0xE818, 0xE819, 0xE81A, 0xE81C, 0xE01D, 0xE01E, 0xE01F,
    0xE980, 0xE960, 0xE960, 0xE940, 0xE900, 0xE8C0, 0xE860, 0xE820, 0xE800, 0xE800, 0xF001, 0xF003, 0xF005, 0xF008, 0xF009, 0xF00B,
    0xF00D, 0xF00E, 0xF00F, 0xE811, 0xE812, 0xF013, 0xE815, 0xE816, 0xE817, 0xE818, 0xE81A, 0xE81B, 0xE81C, 0xE81D, 0xE81E, 0xE81E,
    0xE9C0, 0xE9C0, 0xE9A0, 0xE980, 0xE960, 0xE940, 0xE900, 0xE880, 0xE820, 0xE800, 0xE801, 0xF003, 0xF005, 0xF007, 0xF009, 0xF00B,
    0xF00D, 0xE80E, 0xE80F, 0xE811, 0xE812, 0xE813, 0xF015, 0xE816, 0xE817, 0xE819, 0xE81A, 0xE81A, 0xE81C, 0xE81D, 0xE81E, 0xE81E,
    0xEA00, 0xE200, 0xE1E0, 0xE1E0, 0xE1C0, 0xE9A0, 0xE960, 0xE920, 0xE8C0, 0xE800, 0xE800, 0xE802, 0xF004, 0xF006, 0xE808, 0xF00A,
    0xF00C, 0xF00E, 0xF00F, 0xE811, 0xE812, 0xE813, 0xE815, 0xE816, 0xE817, 0xE818, 0xE81A, 0xE81A, 0xE81C, 0xE01D, 0xE81E, 0xE81F,
    0xE240, 0xE240, 0xE240, 0xE220, 0xE200, 0xEA00, 0xE9C0, 0xE9A0, 0xE940, 0xE8E0, 0xE860, 0xE822, 0xE804, 0xF006, 0xE808, 0xF00A,
    0xF00C, 0xF00E, 0xE80F, 0xE810, 0xE812, 0xE813, 0xE815, 0xE816, 0xE817, 0xE818, 0xE81A, 0xE81A, 0xE81C, 0xE81D, 0xE81E, 0xE81F,
    0xE280, 0xE280, 0xE280, 0xE260, 0xE260, 0xE240, 0xE220, 0xE200, 0xE1C0, 0xE180, 0xE920, 0xE8A1, 0xE844, 0xE806, 0xE808, 0xE80A,
    0xE80C, 0xE80D, 0xE80F, 0xE810, 0xE812, 0xE813, 0xE814, 0xE816, 0xE817, 0xE818, 0xE819, 0xE81A, 0xE81C, 0xE01D, 0xE01E, 0xE01E,
    0xE2C0, 0xE2C0, 0xE2C0, 0xE2A0, 0xE2A0, 0xE2A0, 0xE280, 0xE260, 0xEA40, 0xEA00, 0xE9C0, 0xE961, 0xE903, 0xE865, 0xE867, 0xE86A,
    0xE86B, 0xE86D, 0xE84F, 0xE850, 0xE831, 0xE833, 0xE814, 0xE816, 0xE817, 0xE818, 0xE819, 0xE81B, 0xE81C, 0xE81D, 0xE01E, 0xE01E,
    0xEB20, 0xEB20, 0xEB00, 0xEB00, 0xEB00, 0xEAE0, 0xEAE0, 0xEAC0, 0xEAA0, 0xEA80, 0xF260, 0xF221, 0xF1E4, 0xF1A6, 0xF188, 0xF18A,
    0xF16C, 0xF14D, 0xF12F, 0xE8F0, 0xF0D2, 0xF093, 0xF015, 0xF016, 0xE817, 0xE818, 0xE81A, 0xE81B, 0xE81C, 0xE81D, 0xE81E, 0xE01F,
    0xEB60, 0xEB60, 0xE360, 0xE340, 0xEB40, 0xEB40, 0xEB20, 0xEB00, 0xEB00, 0xEAE0, 0xEAA0, 0xF2A1, 0xF263, 0xF246, 0xF228, 0xF22A,
    0xF22C, 0xEA2E, 0xEA0F, 0xE9F0, 0xE9D2, 0xF1B3, 0xF195, 0xF156, 0xF137, 0xE918, 0xE8FA, 0xE8BB, 0xE85C, 0xE81D, 0xE01E, 0xE01E,
    0xEBA0, 0xEBA0, 0xE380, 0xE380, 0xEB80, 0xEB80, 0xEB60, 0xEB60, 0xEB40, 0xEB20, 0xEB20, 0xEB01, 0xEAE3, 0xEAC5, 0xEAA8, 0xEAAA,
    0xEAAC, 0xEAAE, 0xEAAF, 0xEA91, 0xEA92, 0xF273, 0xF275, 0xEA36, 0xEA17, 0xE9F8, 0xE9DA, 0xE99B, 0xE95C, 0xE91D, 0xE11E, 0xE8FE,
    0xEBE0, 0xE3E0, 0xE3E0, 0xE3C0, 0xE3C0, 0xEBC0, 0xEBC0, 0xEBA0, 0xEBA0, 0xEB80, 0xEB80, 0xEB60, 0xEB42, 0xEB25, 0xEB07, 0xEB09,
    0xEB2C, 0xEB2D, 0xEB2F, 0xEB11, 0xEB12, 0xEB13, 0xEAF4, 0xEAD6, 0xEAB7, 0xEA98, 0xEA9A, 0xEA7B, 0xEA3C, 0xEA1D, 0xE1FE, 0xE9FF,
    0xE440, 0xE420, 0xE420, 0xE420, 0xE420, 0xE420, 0xE400, 0xEC00, 0xEBE0, 0xEBC0, 0xEBC0, 0xEBC0, 0xEBA1, 0xEB84, 0xEB67, 0xEB89,
    0xEB8B, 0xEB8D, 0xEB8F, 0xEB90, 0xEB92, 0xEB73, 0xEB74, 0xEB56, 0xEB37, 0xEB38, 0xEB19, 0xEAFB, 0xEADC, 0xEABD, 0xE2BE, 0xEABE,
    0xE4A0, 0xE4A0, 0xE480, 0xE480, 0xE460, 0xE460, 0xE460, 0xE460, 0xE440, 0xE440, 0xEC20, 0xEC00, 0xEC01, 0xEBE4, 0xEBC6, 0xEBC9,
    0xEBCB, 0xEBCD, 0xEBEF, 0xEBF0, 0xEBF2, 0xEBF3, 0xEBF4, 0xEBB5, 0xEBB7, 0xEB98, 0xEB99, 0xEB7A, 0xEB5C, 0xEB5D, 0xE33E, 0xE33E,
    0xE500, 0xE500, 0xE500, 0xE4E0, 0xE4E0, 0xE4E0, 0xE4E0, 0xE4C0, 0xE4C0, 0xECA0, 0xECA0, 0xEC80, 0xEC61, 0xEC64, 0xEC47, 0xEC4A,
    0xEC4C, 0xEC4D, 0xEC4F, 0xEC51, 0xEC72, 0xEC73, 0xEC55, 0xEC55, 0xEC37, 0xEC18, 0xEC19, 0xEBFB, 0xEBFC, 0xEBDD, 0xEBDE, 0xEBBF,
    0xE560, 0xE560, 0xE560, 0xE540, 0xE540, 0xE540, 0xE540, 0xE540, 0xE520, 0xED20, 0xED20, 0xED00, 0xECE1, 0xECC4, 0xECC7, 0xECCA,
    0xECCC, 0xECAE, 0xECAF, 0xECD1, 0xECD2, 0xECD3, 0xECB5, 0xECB6, 0xEC97, 0xEC98, 0xEC99, 0xEC7A, 0xEC5C, 0xEC5D, 0xEC3E, 0xEC3F,
    0xE5C0, 0xE5C0, 0xE5A0, 0xE5A0, 0xE5A0, 0xE5A0, 0xE5A0, 0xE580, 0xE580, 0xE580, 0xE580, 0xED60, 0xED40, 0xED43, 0xED46, 0xED29,
    0xED2C, 0xED0E, 0xED0F, 0xED11, 0xED12, 0xED13, 0xED15, 0xECF6, 0xECF7, 0xECF8, 0xECF9, 0xECDA, 0xECBC, 0xECBD, 0xECBE, 0xE49F,
    0xDE00, 0xDE00, 0xDE00, 0xDE00, 0xDDE0, 0xE600, 0xE5E0, 0xE5E0, 0xE5E0, 0xE5E0, 0xE5E0, 0xE5C0, 0xE5C0, 0xE5A1, 0xE5A5, 0xED89,
    0xED8B, 0xED6D, 0xED6F, 0xED71, 0xED52, 0xED53, 0xED55, 0xED56, 0xED57, 0xED38, 0xED3A, 0xED3B, 0xED1C, 0xED1D, 0xECFE, 0xECFF,
    0xD620, 0xD620, 0xD620, 0xDE20, 0xDE20, 0xDE40, 0xDE40, 0xDE20, 0xDE20, 0xDE20, 0xDE20, 0xE620, 0xE620, 0xE620, 0xE605, 0xE608,
    0xE5EA, 0xE5CD, 0xE5CE, 0xE5B0, 0xEDB2, 0xEDB3, 0xEDB4, 0xED96, 0xED97, 0xED98, 0xED99, 0xED7B, 0xED5C, 0xED5D, 0xED5E, 0xE55F,
    0xCE60, 0xCE60, 0xCE40, 0xCE40, 0xCE60, 0xD660, 0xD660, 0xD660, 0xD660, 0xD660, 0xD660, 0xD660, 0xDE60, 0xDE61, 0xDE65, 0xE648,
    0xE64A, 0xE64C, 0xE62E, 0xE630, 0xE611, 0xEE13, 0xEDF4, 0xEDF5, 0xEDF7, 0xEDD8, 0xEDD9, 0xEDDA, 0xEDBC, 0xEDBD, 0xEDBE, 0xE59F,
    0xC680, 0xC680, 0xC680, 0xC680, 0xC680, 0xC680, 0xCE80, 0xCE80, 0xCE80, 0xCE80, 0xCE80, 0xCE80, 0xD681, 0xD683, 0xD686, 0xDE89,
    0xDE8B, 0xDE8D, 0xE68E, 0xE690, 0xE671, 0xE673, 0xEE74, 0xEE55, 0xEE57, 0xEE38, 0xEE39, 0xEE3A, 0xEE1C, 0xEE1D, 0xEE1E, 0xE5FF,
    0xC6C0, 0xBEC0, 0xBEC0, 0xC6C0, 0xC6C0, 0xC6C0, 0xC6C0, 0xC6C0, 0xC6C0, 0xC6C0, 0xC6C0, 0xCEC1, 0xCEC3, 0xCEC6, 0xCEC8, 0xD6CA,
    0xD6CC, 0xD6CD, 0xD6CF, 0xDED0, 0xDED1, 0xE6D3, 0xE6D4, 0xE6B6, 0xEEB7, 0xEE98, 0xEE99, 0xEE9A, 0xEE7C, 0xEE7D, 0xEE7E, 0xE65F,
    0xBF00, 0xBF00, 0xBEE0, 0xBEE0, 0xBF00, 0xBF00, 0xBF00, 0xBEE0, 0xBEE0, 0xC6E0, 0xC700, 0xC703, 0xC705, 0xC6E7, 0xCEE9, 0xCEEB,
    0xCEED, 0xCEEE, 0xD710, 0xD711, 0xD712, 0xDF13, 0xDF14, 0xE716, 0xE6F7, 0xEEF8, 0xEEF9, 0xEEDA, 0xEEDC, 0xEEDD, 0xEEBE, 0xE6BF,
    0xBF40, 0xBF40, 0xBF40, 0xBF20, 0xBF40, 0xBF40, 0xBF40, 0xBF40, 0xBF40, 0xBF20, 0xBF43, 0xBF45, 0xC747, 0xC729, 0xC72B, 0xC72C,
    0xCF4D, 0xCF4E, 0xCF30, 0xCF31, 0xD752, 0xD753, 0xD754, 0xDF35, 0xDF37, 0xE738, 0xE739, 0xEF3A, 0xEF3B, 0xEF3D, 0xEF1E, 0xE71F,
    0xBF80, 0xBF80, 0xBF80, 0xBF80, 0xBF80, 0xBF80, 0xBF80, 0xBF81, 0xBF82, 0xBF83, 0xBF85, 0xBF87, 0xC789, 0xC78A, 0xC78C, 0xC78D,
    0xC78E, 0xCF8F, 0xCF90, 0xCF91, 0xD792, 0xD793, 0xD774, 0xD775, 0xDF77, 0xDF98, 0xE799, 0xE77A, 0xEF7C, 0xEF7D, 0xEF7E, 0xE77E,
    0xBFC1, 0xBFC1, 0xBFC1, 0xBFC1, 0xBFC1, 0xBFC1, 0xBFC2, 0xBFC3, 0xBFC5, 0xBFC7, 0xBFC8, 0xBFCA, 0xC7CB, 0xC7AC, 0xC7CD, 0xC7CE,
    0xC7CF, 0xCFD0, 0xCFD1, 0xCFD2, 0xCFD3, 0xD7D4, 0xD7B5, 0xD7B6, 0xD7D7, 0xDFD8, 0xDFD9, 0xE7BA, 0xE7DC, 0xEFDD, 0xEFDE, 0xEFDF,
    0xBFE4, 0xBFE5, 0xBFE5, 0xBFE5, 0xBFE6, 0xBFE7, 0xBFE7, 0xBFE8, 0xBFE9, 0xBFEA, 0xBFEB, 0xC7EC, 0xC7ED, 0xC7ED, 0xC7EE, 0xC7EF,
    0xC7F0, 0xC7F0, 0xC7F1, 0xCFF2, 0xCFF3, 0xCFF4, 0xD7F5, 0xD7F6, 0xD7F7, 0xD7F8, 0xDFD9, 0xDFDA, 0xE7FC, 0xEFFD, 0xEFFE, 0xF7FF,
    0xF000, 0xF000, 0xF000, 0xF000, 0xE800, 0xF000, 0xF000, 0xF000, 0xF000, 0xF000, 0xF002, 0xF005, 0xF007, 0xF009, 0xF00A, 0xF00C,
    0xF00D, 0xF00F, 0xF010, 0xF011, 0xF013, 0xF014, 0xF015, 0xF016, 0xF017, 0xF018, 0xF019, 0xF01A, 0xF01C, 0xF01D, 0xF01E, 0xF01F,
    0xF000, 0xF000, 0xF000, 0xE800, 0xE800, 0xF000, 0xF000, 0xF000, 0xF000, 0xF000, 0xF002, 0xF004, 0xF007, 0xF009, 0xF00A, 0xF00C,
    0xF00D, 0xF00F, 0xF010, 0xF011, 0xF012, 0xF014, 0xF015, 0xF016, 0xF017, 0xF018, 0xF019, 0xF01B, 0xF01C, 0xF01D, 0xF01E, 0xF01E,
    0xF000, 0xF000, 0xE800, 0xE800, 0xE800, 0xF000, 0xF000, 0xF000, 0xF000, 0xF000, 0xF002, 0xF004, 0xF007, 0xF009, 0xF00A, 0xF00C,
    0xF00D, 0xF00F, 0xF010, 0xF011, 0xF012, 0xF014, 0xF015, 0xF016, 0xF017, 0xF018, 0xF01A, 0xF01B, 0xF01C, 0xF01D, 0xF01E, 0xF01F,
    0xE820, 0xE800, 0xE800, 0xE800, 0xE800, 0xE800, 0xF000, 0xF000, 0xF000, 0xF000, 0xF002, 0xF004, 0xF006, 0xF008, 0xF00A, 0xF00C,
    0xF00D, 0xF00E, 0xF010, 0xF011, 0xF012, 0xF014, 0xF015, 0xF016, 0xF017, 0xF018, 0xF019, 0xF01A, 0xF01C, 0xE81D, 0xF01E, 0xF01F,
    0xE860, 0xE840, 0xE820, 0xE800, 0xE800, 0xE800, 0xF000, 0xF000, 0xF000, 0xF000, 0xF001, 0xF003, 0xF006, 0xF008, 0xF00A, 0xF00B,
    0xF00D, 0xF00E, 0xF010, 0xF011, 0xF012, 0xF013, 0xF015, 0xF016, 0xF017, 0xF018, 0xF019, 0xF01A, 0xF01C, 0xE81D, 0xE81E, 0xF01F,
    0xE8C0, 0xE8A0, 0xE880, 0xE840, 0xE800, 0xE800, 0xE800, 0xE800, 0xE800, 0xE800, 0xF001, 0xF003, 0xF005, 0xF008, 0xF009, 0xF00B,
    0xF00D, 0xF00E, 0xF00F, 0xF011, 0xF012, 0xF013, 0xF015, 0xF016, 0xF017, 0xF018, 0xF019, 0xE81A, 0xF01B, 0xF01C, 0xE81E, 0xE81E,
    0xF120, 0xF120, 0xE900, 0xE8C0, 0xE880, 0xE840, 0xF000, 0xF000, 0xF000, 0xF000, 0xF001, 0xF003, 0xF005, 0xF008, 0xF009, 0xF00B,
    0xF00D, 0xF00E, 0xF00F, 0xF011, 0xF012, 0xF013, 0xF015, 0xF016, 0xF017, 0xF018, 0xF019, 0xF01A, 0xF01C, 0xF01D, 0xF01E, 0xF01E,
    0xF180, 0xF160, 0xF160, 0xF120, 0xF100, 0xF0C0, 0xF060, 0xF020, 0xF000, 0xF000, 0xF001, 0xF003, 0xF005, 0xF007, 0xF009, 0xF00B,
    0xF00D, 0xF00E, 0xF00F, 0xF011, 0xF012, 0xF013, 0xF015, 0xF016, 0xF017, 0xF018, 0xF019, 0xF01A, 0xF01C, 0xF01D, 0xF01E, 0xF01E,
    0xF1C0, 0xF1C0, 0xF1A0, 0xF180, 0xF160, 0xF140, 0xF0E0, 0xF080, 0xF020, 0xF000, 0xF001, 0xF002, 0xF005, 0xF007, 0xF009, 0xF00B,
    0xF00C, 0xF00E, 0xF00F, 0xF010, 0xF012, 0xF013, 0xF015, 0xF016, 0xF017, 0xF018, 0xF019, 0xF01A, 0xF01C, 0xF01D, 0xF01E, 0xF01E,
    0xF200, 0xEA00, 0xE9E0, 0xE9E0, 0xF1C0, 0xF1A0, 0xF160, 0xF120, 0xF0A0, 0xF000, 0xF000, 0xF002, 0xF004, 0xF006, 0xF008, 0xF00A,
    0xF00C, 0xF00E, 0xF00F, 0xF010, 0xF012, 0xF013, 0xF014, 0xF016, 0xF017, 0xF018, 0xF019, 0xF01A, 0xF01B, 0xF01D, 0xF01E, 0xF01E,
    0xF240, 0xEA40, 0xEA40, 0xEA20, 0xEA00, 0xF200, 0xF1C0, 0xF1A0, 0xF140, 0xF0E0, 0xF060, 0xF001, 0xF004, 0xF006, 0xF008, 0xF00A,
    0xF00C, 0xF00D, 0xF00F, 0xF010, 0xF012, 0xF013, 0xF014, 0xF016, 0xF017, 0xF018, 0xF019, 0xF01A, 0xF01C, 0xF01D, 0xF01E, 0xF01E,
    0xEA80, 0xEA80, 0xEA80, 0xEA60, 0xEA60, 0xEA40, 0xEA20, 0xEA00, 0xF1C0, 0xF180, 0xF100, 0xF0A1, 0xF043, 0xF005, 0xF007, 0xF00A,
    0xF00B, 0xF00D, 0xF00E, 0xF010, 0xF011, 0xF013, 0xF014, 0xF016, 0xF017, 0xF018, 0xF019, 0xF01A, 0xF01C, 0xF01D, 0xF01E, 0xF01E,
    0xF2C0, 0xEAC0, 0xEAC0, 0xEAA0, 0xEAA0, 0xEAA0, 0xEA80, 0xF260, 0xF240, 0xF200, 0xF1C0, 0xF161, 0xF0E3, 0xF065, 0xF067, 0xF069,
    0xF06B, 0xF04D, 0xF04E, 0xF030, 0xF031, 0xF033, 0xF014, 0xF016, 0xF017, 0xF018, 0xF019, 0xF01B, 0xF01C, 0xF01D, 0xF01E, 0xF01E,
    0xF320, 0xF320, 0xF300, 0xF300, 0xF300, 0xF2E0, 0xF2E0, 0xF2C0, 0xF2A0, 0xF280, 0xF240, 0xF221, 0xF1E3, 0xF9A6, 0xF988, 0xF98A,
    0xF96C, 0xF14D, 0xF12F, 0xF0F0, 0xF0D2, 0xF093, 0xF034, 0xF016, 0xF017, 0xF018, 0xF01A, 0xF01B, 0xF01C, 0xF01D, 0xF01E, 0xF01F,
    0xF360, 0xF360, 0xF360, 0xF340, 0xF340, 0xF340, 0xF320, 0xF300, 0xF2E0, 0xF2C0, 0xF2A0, 0xF281, 0xF263, 0xF245, 0xF228, 0xF22A,
    0xF22C, 0xF20E, 0xF20F, 0xF1F0, 0xF1D2, 0xF1B3, 0xF195, 0xF176, 0xF137, 0xF118, 0xF0FA, 0xF0BB, 0xF03C, 0xF01D, 0xF01E, 0xF01F,
    0xF3A0, 0xF3A0, 0xF3A0, 0xF380, 0xF380, 0xF380, 0xF380, 0xF360, 0xF340, 0xF320, 0xF300, 0xF2E0, 0xF2C2, 0xF2C5, 0xF2A7, 0xF2A9,
    0xF2AC, 0xF2AE, 0xF2AF, 0xF291, 0xF292, 0xF273, 0xF274, 0xF236, 0xF217, 0xF1F8, 0xF1DA, 0xF19A, 0xF15C, 0xF11D, 0xF11E, 0xF0FF,
    0xF3E0, 0xF3E0, 0xEBE0, 0xEBC0, 0xEBC0, 0xF3C0, 0xF3C0, 0xF3A0, 0xF380, 0xF380, 0xF360, 0xF340, 0xF341, 0xF325, 0xF307, 0xF309,
    0xF30B, 0xF32D, 0xF32F, 0xF310, 0xF312, 0xF313, 0xF2F4, 0xF2D6, 0xF2B7, 0xF2B8, 0xF299, 0xF27A, 0xF25B, 0xF21D, 0xF1FE, 0xF1FF,
    0xEC40, 0xEC20, 0xEC20, 0xEC20, 0xEC20, 0xEC00, 0xF400, 0xF400, 0xF3E0, 0xF3C0, 0xF3C0, 0xF3A0, 0xF381, 0xF384, 0xF366, 0xF369,
    0xF36B, 0xF36D, 0xF36F, 0xF370, 0xF372, 0xF393, 0xF374, 0xF355, 0xF337, 0xF338, 0xF319, 0xF2FB, 0xF2DC, 0xF2BD, 0xF2BE, 0xF2BF,
    0xEC80, 0xEC80, 0xEC80, 0xEC60, 0xEC60, 0xEC60, 0xEC60, 0xEC40, 0xF420, 0xF420, 0xF400, 0xF400, 0xF3E1, 0xF3E4, 0xF3C6, 0xF3C9,
    0xF3CB, 0xF3CD, 0xF3CF, 0xF3F0, 0xF3F1, 0xF3F3, 0xF3D4, 0xF3B5, 0xF3B6, 0xF398, 0xF399, 0xF37A, 0xF35C, 0xF35D, 0xF33E, 0xF33F,
    0xED00, 0xED00, 0xECE0, 0xECE0, 0xECE0, 0xF4E0, 0xF4C0, 0xF4C0, 0xF4A0, 0xF4A0, 0xF480, 0xF480, 0xF461, 0xF444, 0xF447, 0xF449,
    0xF44B, 0xF44D, 0xF44F, 0xF451, 0xF452, 0xF453, 0xF454, 0xF435, 0xF437, 0xF418, 0xF419, 0xF3FB, 0xF3FC, 0xF3DD, 0xF3DE, 0xF3BE,
    0xF560, 0xED40, 0xED40, 0xED40, 0xED40, 0xF540, 0xF540, 0xF520, 0xED20, 0xF500, 0xF500, 0xF4E0, 0xF4E1, 0xF4C4, 0xF4C7, 0xF4C9,
    0xF4CC, 0xF4AD, 0xF4AF, 0xF4B1, 0xF4D2, 0xF4B3, 0xF4B5, 0xF4B6, 0xF497, 0xF498, 0xF479, 0xF47B, 0xF45C, 0xF45D, 0xF43E, 0xF43E,
    0xEDA0, 0xEDA0, 0xEDA0, 0xEDA0, 0xEDA0, 0xEDA0, 0xED80, 0xED80, 0xED80, 0xED60, 0xF560, 0xF560, 0xF540, 0xF523, 0xF526, 0xF529,
    0xF50B, 0xF50D, 0xF50F, 0xF510, 0xF512, 0xF513, 0xF515, 0xF4F6, 0xF4F7, 0xF4F8, 0xF4D9, 0xF4DB, 0xF4BC, 0xF4BD, 0xF49E, 0xF49E,
    0xEE00, 0xEE00, 0xEE00, 0xEE00, 0xEDE0, 0xEE00, 0xEDE0, 0xEDE0, 0xEDE0, 0xEDC0, 0xEDC0, 0xEDC0, 0xEDA0, 0xEDA1, 0xF585, 0xF589,
    0xF56B, 0xF56D, 0xF54F, 0xF551, 0xF552, 0xF553, 0xF554, 0xF556, 0xF557, 0xF538, 0xF539, 0xF53B, 0xF51C, 0xF51D, 0xF4FE, 0xF4DF,
    0xE640, 0xE640, 0xE640, 0xE640, 0xE640, 0xEE40, 0xEE40, 0xEE40, 0xEE20, 0xEE20, 0xEE20, 0xEE20, 0xEE20, 0xEE00, 0xEE05, 0xF5E8,
    0xF5EB, 0xF5CD, 0xF5CE, 0xF5B0, 0xF5B2, 0xF5B3, 0xF594, 0xF596, 0xF597, 0xF598, 0xF599, 0xF57A, 0xF57C, 0xF55D, 0xF55E, 0xF53F,
    0xDE80, 0xDE80, 0xDE80, 0xDE80, 0xDE80, 0xE680, 0xE680, 0xE680, 0xE680, 0xE680, 0xE660, 0xE660, 0xE660, 0xE660, 0xEE65, 0xEE68,
    0xEE4A, 0xEE4C, 0xF62E, 0xF610, 0xF611, 0xF613, 0xF5F4, 0xF5F6, 0xF5F7, 0xF5D8, 0xF5D9, 0xF5DA, 0xF5BC, 0xF5BD, 0xF59E, 0xF59F,
    0xD6A0, 0xD6A0, 0xD6A0, 0xD6A0, 0xD6A0, 0xD6C0, 0xD6C0, 0xDEC0, 0xDEA0, 0xDEA0, 0xDEC0, 0xDEC0, 0xE6C0, 0xE6A2, 0xE6A6, 0xEEA8,
    0xEEAB, 0xEEAC, 0xEE8E, 0xEE90, 0xF671, 0xF673, 0xF654, 0xF655, 0xF637, 0xF638, 0xF639, 0xF61A, 0xF61C, 0xF61D, 0xF5FE, 0xF5FF,
    0xCEE0, 0xCEE0, 0xCEE0, 0xCEE0, 0xCEE0, 0xD6E0, 0xD6E0, 0xD6E0, 0xD6E0, 0xD6E0, 0xD6E0, 0xD6E0, 0xD6E2, 0xDEE5, 0xDEE8, 0xDEEA,
    0xE6EC, 0xE6ED, 0xE6EE, 0xEEF0, 0xEEF1, 0xF6D3, 0xF6D4, 0xF6B6, 0xF697, 0xF698, 0xF699, 0xF67A, 0xF67C, 0xF67D, 0xF65E, 0xF65F,
    0xCF00, 0xCF00, 0xC700, 0xCF00, 0xCF00, 0xCF00, 0xCF00, 0xCF00, 0xCF00, 0xCF00, 0xCF00, 0xCF02, 0xCF05, 0xD707, 0xD709, 0xD70B,
    0xDF0C, 0xDF0E, 0xDF2F, 0xE730, 0xE731, 0xEF33, 0xEF34, 0xEF15, 0xF716, 0xF6F8, 0xF6F9, 0xF6DA, 0xF6DC, 0xF6DD, 0xF6BE, 0xF6BF,
    0xC740, 0xC740, 0xC740, 0xC740, 0xC740, 0xC740, 0xC740, 0xC740, 0xC740, 0xCF40, 0xCF42, 0xCF44, 0xCF47, 0xCF48, 0xCF4A, 0xD74C,
    0xD74D, 0xD74E, 0xDF4F, 0xDF51, 0xDF52, 0xE773, 0xE754, 0xE755, 0xEF56, 0xEF58, 0xF759, 0xF73A, 0xF73C, 0xF73D, 0xF71E, 0xEF1F,
    0xC780, 0xC780, 0xC780, 0xC780, 0xC780, 0xC780, 0xC780, 0xC780, 0xC781, 0xC782, 0xC785, 0xCF87, 0xCF88, 0xCF8A, 0xCF8B, 0xCF8D,
    0xD78E, 0xD78F, 0xD790, 0xD791, 0xDF92, 0xDF93, 0xDF94, 0xE795, 0xE796, 0xEF98, 0xEF99, 0xEF9A, 0xF77B, 0xF77D, 0xF77E, 0xF77F,
    0xC7C0, 0xC7C0, 0xC7C0, 0xC7C0, 0xC7C1, 0xC7C1, 0xC7C1, 0xC7C2, 0xC7C4, 0xC7C6, 0xCFC8, 0xCFC9, 0xCFCA, 0xCFCB, 0xCFCC, 0xCFCD,
    0xD7CF, 0xD7D0, 0xD7D1, 0xD7D2, 0xD7D2, 0xDFD3, 0xDFD5, 0xDFD6, 0xDFD7, 0xE7D8, 0xE7D9, 0xEFDA, 0xEFDC, 0xF7DD, 0xF7DE, 0xF7DF,
    0xC7E3, 0xC7E3, 0xC7E3, 0xC7C4, 0xC7E5, 0xC7E6, 0xC7E7, 0xC7E7, 0xC7E8, 0xC7E9, 0xC7EA, 0xCFEB, 0xCFCC, 0xCFED, 0xCFED, 0xCFEE,
    0xCFEF, 0xCFF0, 0xD7D1, 0xD7F2, 0xD7F3, 0xD7D4, 0xD7F5, 0xDFF6, 0xDFF7, 0xDFF8, 0xE7D9, 0xE7DA, 0xEFFC, 0xF7FD, 0xF7FE, 0xFFFF,
    0xF800, 0xF000, 0xF800, 0xF800, 0xF000, 0xF000, 0xF800, 0xF800, 0xF000, 0xF000, 0xF002, 0xF004, 0xF007, 0xF808, 0xF00A, 0xF00C,
    0xF00D, 0xF00F, 0xF010, 0xF811, 0xF813, 0xF814, 0xF015, 0xF816, 0xF817, 0xF818, 0xF81A, 0xF81A, 0xF81C, 0xF01D, 0xF01D, 0xF01E,
    0xF000, 0xF800, 0xF800, 0xF800, 0xF000, 0xF800, 0xF000, 0xF000, 0xF000, 0xF000, 0xF802, 0xF004, 0xF007, 0xF808, 0xF80A, 0xF00B,
    0xF00D, 0xF80F, 0xF810, 0xF811, 0xF812, 0xF814, 0xF015, 0xF816, 0xF817, 0xF818, 0xF01A, 0xF01A, 0xF81C, 0xF81D, 0xF81E, 0xF81E,
    0xF000, 0xF000, 0xF000, 0xF000, 0xF000, 0xF000, 0xF000, 0xF000, 0xF000, 0xF800, 0xF802, 0xF804, 0xF806, 0xF808, 0xF80A, 0xF00B,
    0xF00D, 0xF80E, 0xF810, 0xF811, 0xF812, 0xF813, 0xF015, 0xF816, 0xF817, 0xF818, 0xF819, 0xF81A, 0xF01C, 0xF01D, 0xF01E, 0xF01E,
    0xF020, 0xF000, 0xF000, 0xF000, 0xF000, 0xF000, 0xF000, 0xF000, 0xF000, 0xF800, 0xF801, 0xF803, 0xF806, 0xF808, 0xF00A, 0xF80B,
    0xF80D, 0xF00E, 0xF810, 0xF811, 0xF812, 0xF813, 0xF015, 0xF816, 0xF817, 0xF818, 0xF819, 0xF81A, 0xF01C, 0xF01D, 0xF01E, 0xF01F,
    0xF060, 0xF820, 0xF000, 0xF000, 0xF000, 0xF000, 0xF000, 0xF000, 0xF800, 0xF000, 0xF801, 0xF803, 0xF805, 0xF008, 0xF009, 0xF00B,
    0xF80D, 0xF00E, 0xF010, 0xF811, 0xF812, 0xF013, 0xF815, 0xF016, 0xF017, 0xF018, 0xF819, 0xF01B, 0xF01B, 0xF01D, 0xF81E, 0xF81F,
    0xF0C0, 0xF0A0, 0xF080, 0xF040, 0xF000, 0xF000, 0xF000, 0xF000, 0xF000, 0xF000, 0xF801, 0xF802, 0xF805, 0xF007, 0xF809, 0xF80B,
    0xF80D, 0xF80E, 0xF80F, 0xF011, 0xF012, 0xF813, 0xF814, 0xF816, 0xF817, 0xF818, 0xF819, 0xF01A, 0xF01B, 0xF01D, 0xF01E, 0xF01F,
    0xF920, 0xF100, 0xF0E0, 0xF0C0, 0xF080, 0xF040, 0xF000, 0xF000, 0xF000, 0xF800, 0xF801, 0xF803, 0xF005, 0xF807, 0xF809, 0xF80B,
    0xF80D, 0xF80E, 0xF810, 0xF011, 0xF012, 0xF813, 0xF815, 0xF816, 0xF817, 0xF818, 0xF019, 0xF01A, 0xF01C, 0xF01D, 0xF81E, 0xF81F,
    0xF980, 0xF960, 0xF940, 0xF920, 0xF100, 0xF0A0, 0xF060, 0xF820, 0xF800, 0xF800, 0xF801, 0xF003, 0xF004, 0xF807, 0xF809, 0xF80B,
    0xF00C, 0xF00E, 0xF80F, 0xF011, 0xF012, 0xF813, 0xF815, 0xF816, 0xF817, 0xF818, 0xF019, 0xF01B, 0xF01C, 0xF01D, 0xF81E, 0xF01E,
    0xF9C0, 0xF9C0, 0xF9A0, 0xF980, 0xF160, 0xF140, 0xF0E0, 0xF880, 0xF820, 0xF800, 0xF800, 0xF002, 0xF004, 0xF006, 0xF809, 0xF80A,
    0xF00C, 0xF00E, 0xF80F, 0xF010, 0xF012, 0xF813, 0xF814, 0xF016, 0xF017, 0xF818, 0xF81A, 0xF81B, 0xF01C, 0xF01D, 0xF01E, 0xF01E,
    0xFA20, 0xFA00, 0xF9E0, 0xF9C0, 0xF1C0, 0xF1A0, 0xF960, 0xF920, 0xF0A0, 0xF000, 0xF000, 0xF802, 0xF804, 0xF806, 0xF808, 0xF80A,
    0xF80C, 0xF80D, 0xF80F, 0xF810, 0xF812, 0xF813, 0xF014, 0xF816, 0xF017, 0xF018, 0xF81A, 0xF81A, 0xF01B, 0xF01D, 0xF81E, 0xF81F,
    0xFA40, 0xF240, 0xF240, 0xF220, 0xF200, 0xF1E0, 0xF1C0, 0xF9A0, 0xF140, 0xF0E0, 0xF840, 0xF001, 0xF004, 0xF806, 0xF008, 0xF80A,
    0xF80C, 0xF80D, 0xF80F, 0xF010, 0xF012, 0xF813, 0xF814, 0xF816, 0xF817, 0xF018, 0xF01A, 0xF01B, 0xF01C, 0xF81D, 0xF01E, 0xF01E,
    0xFA80, 0xF280, 0xF280, 0xF260, 0xF240, 0xF240, 0xF220, 0xFA00, 0xF9C0, 0xF980, 0xF900, 0xF8A1, 0xF843, 0xF805, 0xF807, 0xF009,
    0xF80B, 0xF80D, 0xF80E, 0xF010, 0xF811, 0xF813, 0xF814, 0xF816, 0xF817, 0xF818, 0xF019, 0xF01B, 0xF81C, 0xF81D, 0xF81E, 0xF81E,
    0xFAC0, 0xF2C0, 0xF2A0, 0xF2A0, 0xF2A0, 0xF280, 0xFA80, 0xFA60, 0xFA40, 0xFA00, 0xF9C0, 0xF961, 0xF8E3, 0xF865, 0xF867, 0xF069,
    0xF06B, 0xF84D, 0xF84E, 0xF830, 0xF831, 0xF833, 0xF814, 0xF815, 0xF017, 0xF018, 0xF819, 0xF01B, 0xF81C, 0xF81D, 0xF81E, 0xF81F,
    0xFB20, 0xFB20, 0xFB00, 0xFB00, 0xFB00, 0xF2E0, 0xF2E0, 0xF2C0, 0xF2A0, 0xFA80, 0xFA40, 0xFA21, 0xF9E3, 0xF9A6, 0xF168, 0xF96A,
    0xF96C, 0xF14D, 0xF10F, 0xF8F0, 0xF0D1, 0xF093, 0xF034, 0xF835, 0xF017, 0xF018, 0xF81A, 0xF01B, 0xF01C, 0xF81D, 0xF01E, 0xF81F,
    0xFB60, 0xFB60, 0xFB60, 0xFB40, 0xFB40, 0xFB40, 0xF320, 0xF300, 0xF2E0, 0xF2C0, 0xFAA0, 0xFA80, 0xFA62, 0xFA45, 0xF208, 0xFA0A,
    0xFA2C, 0xFA2E, 0xF9EF, 0xF1F0, 0xF1D2, 0xF1B3, 0xF194, 0xF175, 0xF157, 0xF118, 0xF8FA, 0xF0BA, 0xF03C, 0xF01D, 0xF81E, 0xF81F,
    0xF3C0, 0xFBA0, 0xFBA0, 0xFB80, 0xF380, 0xF380, 0xF360, 0xF360, 0xF340, 0xF320, 0xF300, 0xF2E0, 0xFAC2, 0xFAA5, 0xFA87, 0xFAA9,
    0xFAAC, 0xFAAE, 0xFAAF, 0xFA90, 0xF292, 0xF273, 0xFA54, 0xFA55, 0xFA17, 0xF9F8, 0xF9D9, 0xF19A, 0xF15C, 0xF91D, 0xF91E, 0xF0FF,
    0xF400, 0xFBE0, 0xFBE0, 0xFBC0, 0xF3C0, 0xF3C0, 0xFBC0, 0xFBA0, 0xF380, 0xF380, 0xF360, 0xF340, 0xFB21, 0xFB24, 0xFB07, 0xFB09,
    0xFB0B, 0xFB0D, 0xFB0F, 0xFB10, 0xFB12, 0xF313, 0xFAF4, 0xFAD6, 0xFAB7, 0xFAB8, 0xFA99, 0xF27A, 0xFA5C, 0xFA3D, 0xFA1E, 0xF1FF,
    0xFC20, 0xF420, 0xF420, 0xF400, 0xF400, 0xFC00, 0xFC00, 0xFBE0, 0xF3E0, 0xFBC0, 0xFBC0, 0xFBA0, 0xFB81, 0xFB84, 0xFB66, 0xF369,
    0xF36B, 0xFB6D, 0xFB6F, 0xFB70, 0xF372, 0xF373, 0xF374, 0xF356, 0xFB37, 0xFB38, 0xFB19, 0xFAFB, 0xFAFC, 0xFADD, 0xFABE, 0xFABF,
    0xF480, 0xF480, 0xF480, 0xF460, 0xF460, 0xFC60, 0xFC40, 0xFC20, 0xFC20, 0xFC20, 0xFC00, 0xFC00, 0xFBE1, 0xFBC3, 0xFBC6, 0xFBC9,
    0xFBCB, 0xFBCD, 0xFBCE, 0xFBD0, 0xFBF1, 0xFBF3, 0xF3D4, 0xFBB5, 0xFBB6, 0xFB98, 0xFB99, 0xFB7A, 0xFB5C, 0xFB5D, 0xF33E, 0xFB3F,
    0xFD00, 0xF4E0, 0xF4E0, 0xF4E0, 0xF4C0, 0xFCC0, 0xFCC0, 0xFCC0, 0xFCA0, 0xFCA0, 0xFC80, 0xFC60, 0xFC61, 0xFC44, 0xFC47, 0xFC49,
    0xFC4B, 0xFC4D, 0xFC4F, 0xF451, 0xF452, 0xFC53, 0xFC54, 0xF436, 0xF437, 0xFC18, 0xFC19, 0xF41A, 0xFBFC, 0xFBDD, 0xFBDE, 0xFBBF,
    0xFD40, 0xFD40, 0xF540, 0xF540, 0xFD40, 0xF540, 0xFD40, 0xFD20, 0xFD00, 0xFD00, 0xFCE0, 0xFCE0, 0xFCC1, 0xFCC4, 0xFCA7, 0xF4A9,
    0xF4CC, 0xFCAD, 0xF4AF, 0xF4B1, 0xF4B2, 0xFCB3, 0xFCB5, 0xF496, 0xFC97, 0xFC78, 0xFC79, 0xF47B, 0xF45C, 0xFC5D, 0xFC3E, 0xFC3F,
    0xFDA0, 0xF5A0, 0xF5A0, 0xF580, 0xF580, 0xF5A0, 0xF580, 0xF580, 0xFD60, 0xFD60, 0xFD40, 0xFD40, 0xFD40, 0xFD23, 0xFD06, 0xF509,
    0xF50B, 0xFD0D, 0xF50F, 0xF510, 0xF512, 0xFD13, 0xFD15, 0xFCF6, 0xFCF7, 0xFCD8, 0xFCD9, 0xF4DA, 0xF4BC, 0xF4BD, 0xFC9E, 0xFC9F,
    0xF5E0, 0xF5E0, 0xF5E0, 0xF5E0, 0xF5E0, 0xF5E0, 0xF5E0, 0xF5E0, 0xF5C0, 0xF5C0, 0xFDC0, 0xFDA0, 0xFDA0, 0xF581, 0xF585, 0xFD68,
    0xFD6B, 0xF54D, 0xFD4F, 0xF550, 0xF552, 0xF553, 0xF554, 0xF556, 0xF557, 0xF538, 0xF539, 0xFD1A, 0xF51C, 0xF4FD, 0xFCFE, 0xF4DF,
    0xF640, 0xF640, 0xF640, 0xF640, 0xF640, 0xF640, 0xF640, 0xF640, 0xF620, 0xF620, 0xF620, 0xF620, 0xF600, 0xF600, 0xF5E5, 0xF5E8,
    0xF5CB, 0xFDCD, 0xF5CE, 0xF5B0, 0xFDB2, 0xF5B3, 0xF594, 0xF596, 0xFD97, 0xFD98, 0xFD79, 0xFD7A, 0xF57B, 0xF55D, 0xFD5E, 0xFD3F,
    0xEEA0, 0xEEA0, 0xEEA0, 0xEEA0, 0xEE80, 0xEEA0, 0xF6A0, 0xF680, 0xF680, 0xF680, 0xF680, 0xF680, 0xF680, 0xF660, 0xF664, 0xF648,
    0xFE4A, 0xFE2C, 0xF62E, 0xF610, 0xF611, 0xF5F3, 0xF5F4, 0xFDF6, 0xFDF7, 0xFDD8, 0xFDD9, 0xFDDA, 0xFDBC, 0xFDBD, 0xFD9E, 0xFD7F,
    0xE6E0, 0xE6E0, 0xE6E0, 0xE6E0, 0xEEE0, 0xEEE0, 0xEEE0, 0xEEE0, 0xEEC0, 0xEEE0, 0xEEC0, 0xEEC0, 0xEEC0, 0xF6C1, 0xF6C5, 0xF6A8,
    0xF6AA, 0xFEAC, 0xF68E, 0xF690, 0xF671, 0xF673, 0xF654, 0xFE55, 0xFE37, 0xFE38, 0xFE39, 0xFE1A, 0xFE1C, 0xFE1D, 0xF5FE, 0xFDFF,
    0xDF20, 0xDF00, 0xDF00, 0xDF00, 0xDF00, 0xE720, 0xE700, 0xE700, 0xE700, 0xE700, 0xE700, 0xEF20, 0xEF21, 0xEF24, 0xEF07, 0xF729,
    0xF72B, 0xF70D, 0xF70E, 0xF6F0, 0xF6F1, 0xFED3, 0xF6D4, 0xF6B5, 0xF697, 0xF698, 0xF699, 0xF67A, 0xFE7C, 0xFE7D, 0xF65E, 0xF65F,
    0xD740, 0xD720, 0xD720, 0xD720, 0xD720, 0xD720, 0xDF20, 0xDF20, 0xDF20, 0xDF20, 0xDF40, 0xDF41, 0xDF24, 0xDF46, 0xE749, 0xE74B,
    0xE74C, 0xEF4D, 0xEF4F, 0xF750, 0xF751, 0xF753, 0xF734, 0xFF15, 0xF716, 0xF6F8, 0xFEF9, 0xF6FA, 0xF6DC, 0xFEBD, 0xFEBE, 0xFEBE,
    0xCF60, 0xD740, 0xD740, 0xD740, 0xD740, 0xD760, 0xD740, 0xD740, 0xD740, 0xD740, 0xD761, 0xD744, 0xD746, 0xD768, 0xDF6A, 0xDF6C,
    0xDF6D, 0xE76E, 0xE76F, 0xEF71, 0xEF72, 0xEF73, 0xF774, 0xF775, 0xF776, 0xF778, 0xFF59, 0xF73A, 0xFF3C, 0xFF1D, 0xFF1E, 0xF71F,
    0xCFA0, 0xCF80, 0xCF80, 0xCF80, 0xCF80, 0xCF80, 0xCF80, 0xCF80, 0xCF81, 0xD782, 0xD784, 0xD786, 0xD788, 0xD789, 0xD78B, 0xD78C,
    0xDF8E, 0xDF8F, 0xDF90, 0xE791, 0xE7B2, 0xE7B3, 0xEFB4, 0xEFB5, 0xEFB6, 0xF7B8, 0xF7B9, 0xF79A, 0xF79C, 0xFF9D, 0xF77E, 0xF79F,
    0xCFC0, 0xCFC0, 0xCFC0, 0xCFC0, 0xCFC0, 0xCFC1, 0xCFC1, 0xCFC2, 0xCFC3, 0xD7C6, 0xCFC7, 0xCFC9, 0xD7CA, 0xD7CB, 0xD7CC, 0xD7CD,
    0xD7CF, 0xDFD0, 0xDFD1, 0xDFD1, 0xDFD2, 0xE7D4, 0xE7D5, 0xE7D6, 0xE7D7, 0xEFD8, 0xF7D9, 0xF7DA, 0xF7DC, 0xF7DD, 0xF7DE, 0xF7DE,
    0xCFE1, 0xCFE1, 0xCFE1, 0xCFE2, 0xCFE4, 0xCFC5, 0xCFE6, 0xCFE7, 0xCFE8, 0xCFC9, 0xCFEA, 0xCFEB, 0xD7EC, 0xD7CC, 0xD7ED, 0xD7EE,
    0xD7EF, 0xD7F0, 0xD7F1, 0xD7F2, 0xDFF3, 0xDFF4, 0xDFD5, 0xDFF6, 0xE7D7, 0xE7D8, 0xEFF9, 0xEFFA, 0xEFFC, 0xF7FD, 0xF7FE, 0xFFDE,
};
