/**
 * lut_custom_salem.h
 * Custom LUT from 'Salem.cube'
 *
 * Auto-generated by tools/generate_luts.py — DO NOT EDIT
 * 32768 entries × 2 bytes = 64 KB, stored in Flash (.rodata)
 */
#pragma once
#include <stdint.h>

static const uint16_t LUT_CUSTOM_SALEM[32768] = {
    0x10A2, 0x10A2, 0x10A2, 0x10A2, 0x10A3, 0x10A3, 0x10A3, 0x10C4, 0x10C5, 0x10C6, 0x10C7, 0x08C8, 0x08CA, 0x00AB, 0x00CD, 0x00CE,
    0x00D0, 0x00D1, 0x00D2, 0x00F3, 0x00F4, 0x0115, 0x0135, 0x0136, 0x0977, 0x1997, 0x29D8, 0x3219, 0x4279, 0x52DA, 0x633B, 0x7BBB,
    0x10A1, 0x10A2, 0x10C2, 0x10C2, 0x10C3, 0x10C3, 0x10C3, 0x10C4, 0x10C5, 0x10C6, 0x08C7, 0x08C8, 0x00CA, 0x00CC, 0x00CD, 0x00CE,
    0x00D0, 0x00D1, 0x00F2, 0x00F3, 0x0114, 0x0135, 0x0135, 0x0156, 0x0976, 0x19B7, 0x29F8, 0x3A39, 0x4279, 0x52DA, 0x633B, 0x73BC,
    0x10C1, 0x10C2, 0x10C2, 0x10C2, 0x10C3, 0x10C3, 0x10C4, 0x10C4, 0x10C5, 0x10C6, 0x08C7, 0x00C9, 0x00EA, 0x00CC, 0x00ED, 0x00EE,
    0x00F0, 0x00F1, 0x0112, 0x0113, 0x0134, 0x0135, 0x0156, 0x0176, 0x0997, 0x19D7, 0x29F8, 0x3A38, 0x4A99, 0x52DA, 0x633A, 0x7BBC,
    0x10C2, 0x10C2, 0x10C2, 0x10C2, 0x10C3, 0x10E3, 0x10C4, 0x10C4, 0x10E5, 0x10E6, 0x08E8, 0x00E9, 0x00EA, 0x00EC, 0x00ED, 0x010F,
    0x0110, 0x0111, 0x0132, 0x0133, 0x0134, 0x0155, 0x0176, 0x0196, 0x09B7, 0x19F7, 0x2A17, 0x3A58, 0x4A99, 0x52DA, 0x633A, 0x7BDB,
    0x10C2, 0x10C2, 0x10E2, 0x10E2, 0x10E3, 0x10E3, 0x10E4, 0x10E4, 0x1105, 0x0906, 0x0908, 0x0109, 0x010A, 0x010C, 0x010D, 0x012F,
    0x0130, 0x0131, 0x0132, 0x0153, 0x0154, 0x0175, 0x0195, 0x01B6, 0x09D7, 0x21F7, 0x2A37, 0x3A78, 0x4AB9, 0x52FA, 0x6B5A, 0x7BDB,
    0x10E2, 0x10E2, 0x1102, 0x1103, 0x1103, 0x1103, 0x1104, 0x1104, 0x1125, 0x0926, 0x0128, 0x0129, 0x012B, 0x012C, 0x014D, 0x014F,
    0x0150, 0x0151, 0x0172, 0x0173, 0x0194, 0x01B5, 0x01B6, 0x01D6, 0x11F6, 0x2217, 0x3258, 0x3A98, 0x4AD9, 0x5B1A, 0x6B7A, 0x7BFB,
    0x1102, 0x1102, 0x1102, 0x1903, 0x1903, 0x1123, 0x1124, 0x1124, 0x1145, 0x0947, 0x0168, 0x0169, 0x016A, 0x016C, 0x016D, 0x016F,
    0x0170, 0x0191, 0x0192, 0x01B3, 0x01B4, 0x01D5, 0x01F6, 0x01F6, 0x1236, 0x2257, 0x3278, 0x42B9, 0x4AF9, 0x5B5A, 0x6B9A, 0x7C1B,
    0x1122, 0x1122, 0x1122, 0x1123, 0x1943, 0x1944, 0x1144, 0x1165, 0x1165, 0x0987, 0x0188, 0x0189, 0x01AA, 0x01AC, 0x01AD, 0x01AF,
    0x01B0, 0x01D1, 0x01D2, 0x01F3, 0x01F4, 0x01F5, 0x0215, 0x0A36, 0x1A56, 0x2A97, 0x3AB8, 0x42D8, 0x5339, 0x637A, 0x6BDB, 0x843C,
    0x1143, 0x1142, 0x1162, 0x1163, 0x1183, 0x1984, 0x1184, 0x1185, 0x11A6, 0x09C7, 0x01C8, 0x01CA, 0x01EB, 0x01EC, 0x020E, 0x020F,
    0x0210, 0x0211, 0x0212, 0x0233, 0x0234, 0x0235, 0x0255, 0x0A76, 0x1A96, 0x2AB7, 0x3AD8, 0x4318, 0x5359, 0x639A, 0x6BFB, 0x7C3C,
    0x0982, 0x1183, 0x11A3, 0x11A3, 0x11C4, 0x19C4, 0x11C5, 0x11E5, 0x09E6, 0x0207, 0x0208, 0x020A, 0x022B, 0x024C, 0x024D, 0x024F,
    0x0270, 0x0271, 0x0272, 0x0293, 0x0294, 0x0295, 0x0295, 0x12B6, 0x22D6, 0x32F7, 0x3B17, 0x4B38, 0x5379, 0x63BA, 0x741B, 0x845C,
    0x09C2, 0x09E2, 0x09E3, 0x09E3, 0x0A04, 0x1204, 0x1225, 0x1226, 0x0A46, 0x0248, 0x0268, 0x026A, 0x026B, 0x028C, 0x028D, 0x028F,
    0x0290, 0x02B1, 0x02B2, 0x02D3, 0x02D4, 0x02F5, 0x1AF5, 0x22F6, 0x2B16, 0x3337, 0x4358, 0x4B78, 0x5BB9, 0x63FA, 0x743A, 0x847B,
    0x0222, 0x0223, 0x0243, 0x0244, 0x0244, 0x0A64, 0x1265, 0x1286, 0x0A87, 0x02A8, 0x02A9, 0x02AA, 0x02CB, 0x02CD, 0x02EE, 0x02EF,
    0x02F0, 0x02F1, 0x0312, 0x0313, 0x0314, 0x0B35, 0x1B35, 0x2B56, 0x3356, 0x3B77, 0x4B98, 0x53B8, 0x5BD9, 0x641A, 0x745A, 0x849B,
    0x0263, 0x0283, 0x0283, 0x02A4, 0x02A4, 0x02A5, 0x0AC6, 0x12C7, 0x0AE7, 0x02E8, 0x0309, 0x030B, 0x030C, 0x032D, 0x032E, 0x032F,
    0x0330, 0x0351, 0x0352, 0x0353, 0x0354, 0x0355, 0x1B75, 0x2B96, 0x3B96, 0x43B7, 0x53D8, 0x5BD8, 0x63F9, 0x6C3A, 0x747A, 0x84BB,
    0x02A2, 0x02C3, 0x02C3, 0x02E4, 0x02E4, 0x02E5, 0x0306, 0x0B07, 0x0B28, 0x0349, 0x0349, 0x034B, 0x036C, 0x038D, 0x036E, 0x038F,
    0x0390, 0x0391, 0x0392, 0x0393, 0x0394, 0x0394, 0x13B5, 0x2BB6, 0x3BD6, 0x4BF7, 0x5417, 0x6438, 0x6C59, 0x747A, 0x7C9A, 0x84DB,
    0x0303, 0x0304, 0x0324, 0x0344, 0x0345, 0x0345, 0x0366, 0x0B67, 0x1388, 0x13A9, 0x0BAA, 0x03CB, 0x03CC, 0x03ED, 0x03EE, 0x03D0,
    0x03D1, 0x03F1, 0x03D3, 0x03D3, 0x03D3, 0x03D4, 0x13F5, 0x2BF6, 0x3C16, 0x4C17, 0x5437, 0x6458, 0x6C79, 0x749A, 0x7CDB, 0x84FB,
    0x0363, 0x0384, 0x0384, 0x0384, 0x03A5, 0x03A5, 0x03A6, 0x03C8, 0x13E9, 0x1BEA, 0x1C0B, 0x140C, 0x142D, 0x0C2E, 0x042F, 0x0430,
    0x0431, 0x0432, 0x0433, 0x0433, 0x0C34, 0x1434, 0x1C35, 0x2C36, 0x3C36, 0x4457, 0x5478, 0x5C78, 0x6C99, 0x74BA, 0x7CFB, 0x851C,
    0x03C4, 0x03C4, 0x03C4, 0x03E5, 0x03E6, 0x03E6, 0x0407, 0x0408, 0x1429, 0x244A, 0x2C4B, 0x244C, 0x246D, 0x248E, 0x1C8F, 0x1490,
    0x0C91, 0x0C92, 0x0C73, 0x1473, 0x1C74, 0x2475, 0x2C75, 0x2C76, 0x3C76, 0x4477, 0x5498, 0x5CB8, 0x6CB9, 0x74DA, 0x7D1B, 0x853B,
    0x0424, 0x0425, 0x0425, 0x0426, 0x0426, 0x0447, 0x0448, 0x0448, 0x1469, 0x2C8B, 0x348C, 0x3C8D, 0x34AE, 0x34AF, 0x34AF, 0x34D0,
    0x2CD1, 0x2CD2, 0x2CD2, 0x2CB4, 0x34B4, 0x3CB5, 0x3C95, 0x3C96, 0x4496, 0x44B7, 0x4CB7, 0x5CD8, 0x64D8, 0x6CF9, 0x7D3A, 0x855B,
    0x0465, 0x0465, 0x0466, 0x0486, 0x0487, 0x0488, 0x0488, 0x04A9, 0x14AA, 0x2CAB, 0x44CD, 0x44CE, 0x44CE, 0x44EF, 0x44F0, 0x4D11,
    0x4512, 0x44F2, 0x3CF3, 0x44F4, 0x44F4, 0x44F5, 0x44D5, 0x4CD6, 0x4CD6, 0x4CD7, 0x54D7, 0x5CF8, 0x6519, 0x6D39, 0x755A, 0x857B,
    0x04A6, 0x04A6, 0x04A6, 0x04A7, 0x04A7, 0x04A8, 0x04C9, 0x0CC9, 0x1CCA, 0x34EC, 0x44ED, 0x4CEE, 0x550F, 0x550F, 0x5510, 0x5531,
    0x5532, 0x5532, 0x5513, 0x5514, 0x5514, 0x5515, 0x5515, 0x5D16, 0x5D16, 0x5D17, 0x5D17, 0x6518, 0x6539, 0x6D5A, 0x755A, 0x859C,
    0x04C7, 0x04E7, 0x04E7, 0x04E8, 0x04E8, 0x04E9, 0x0CE9, 0x1D0A, 0x2D0B, 0x3D0C, 0x4D0D, 0x550E, 0x5D2F, 0x5D30, 0x6531, 0x6531,
    0x6552, 0x6553, 0x6553, 0x6554, 0x6554, 0x6555, 0x6535, 0x6536, 0x6536, 0x6537, 0x6D57, 0x6D58, 0x6D59, 0x757A, 0x757A, 0x85BC,
    0x0508, 0x0508, 0x0528, 0x0529, 0x0D29, 0x152A, 0x252A, 0x2D2B, 0x3D4C, 0x452D, 0x552E, 0x652F, 0x6D50, 0x6D51, 0x6D51, 0x6D52,
    0x7552, 0x7573, 0x7573, 0x7574, 0x6D75, 0x6D75, 0x6D55, 0x6D56, 0x6D56, 0x6D77, 0x7578, 0x7578, 0x7579, 0x759A, 0x7DBA, 0x7DDC,
    0x0549, 0x0D49, 0x154A, 0x1D4A, 0x254A, 0x2D4B, 0x354B, 0x3D4C, 0x4D4D, 0x556D, 0x5D6F, 0x6570, 0x7571, 0x7D71, 0x7D72, 0x7D72,
    0x7D93, 0x7D93, 0x7D94, 0x7D94, 0x7D95, 0x7D95, 0x7596, 0x7596, 0x7596, 0x7597, 0x7598, 0x7D98, 0x7D99, 0x7DBA, 0x7DDB, 0x85FC,
    0x256B, 0x2D6B, 0x356B, 0x356B, 0x3D6C, 0x3D6C, 0x458D, 0x4D8D, 0x556E, 0x5D8F, 0x658F, 0x6D70, 0x7591, 0x8592, 0x8592, 0x8593,
    0x8593, 0x85B3, 0x85B4, 0x8DB4, 0x85B5, 0x85B5, 0x85B6, 0x7DB6, 0x7DB6, 0x7DB7, 0x7DB8, 0x7DB8, 0x85D9, 0x85DA, 0x85FB, 0x8E1B,
    0x3D8C, 0x458C, 0x45AC, 0x458C, 0x4D8D, 0x4D8D, 0x55AE, 0x5D8E, 0x658F, 0x6DAF, 0x6DB0, 0x75B1, 0x7DB1, 0x85B2, 0x8DB3, 0x8DB3,
    0x8DB4, 0x8DD4, 0x8DD4, 0x8DD5, 0x8DD5, 0x8DD5, 0x8DD6, 0x85D6, 0x85D7, 0x85D7, 0x85D8, 0x85F8, 0x85F9, 0x85FA, 0x861B, 0x8E3C,
    0x4DAD, 0x55AD, 0x55AD, 0x55AD, 0x5DAE, 0x5DAE, 0x65AF, 0x65AF, 0x6DAF, 0x75B0, 0x75D1, 0x7DD1, 0x85D1, 0x8DD2, 0x8DD3, 0x8DD3,
    0x95D4, 0x95F4, 0x95F4, 0x95F5, 0x95F5, 0x95F6, 0x95F6, 0x8DF6, 0x8DF7, 0x8DF7, 0x8E18, 0x8E18, 0x8E19, 0x8E3A, 0x8E5B, 0x8E7C,
    0x5DCE, 0x5DCE, 0x65CE, 0x65CE, 0x65CF, 0x65CF, 0x6DCF, 0x6DD0, 0x75D0, 0x7DD1, 0x7DF1, 0x7DF1, 0x85D2, 0x8DF2, 0x95F3, 0x95F4,
    0x95F4, 0x95F5, 0x9615, 0x9615, 0x9615, 0x9616, 0x9E36, 0x9637, 0x9617, 0x9637, 0x9638, 0x8E38, 0x8E39, 0x8E5A, 0x8E7B, 0x8E9C,
    0x6E0F, 0x75F0, 0x7610, 0x7610, 0x7610, 0x75F0, 0x7E11, 0x7E11, 0x7E11, 0x8611, 0x8612, 0x8612, 0x8E13, 0x9613, 0x9614, 0x9634,
    0x9E35, 0x9E35, 0x9E35, 0x9E35, 0x9E36, 0x9E36, 0x9E57, 0x9E57, 0x9E57, 0x9658, 0x9658, 0x9659, 0x9679, 0x8E7A, 0x8E9B, 0x96BC,
    0x7E30, 0x7E31, 0x7E31, 0x7E31, 0x7E31, 0x8631, 0x8631, 0x8632, 0x8E32, 0x8E32, 0x8E32, 0x8E33, 0x9633, 0x9634, 0x9654, 0x9E54,
    0x9E55, 0x9E55, 0x9E56, 0x9E56, 0x9E76, 0x9E76, 0xA677, 0xA677, 0x9E78, 0x9E98, 0x9E98, 0x9679, 0x9699, 0x96BA, 0x96BB, 0x96DC,
    0x8E51, 0x8E52, 0x8E52, 0x8E52, 0x8E52, 0x8E52, 0x8E52, 0x8E53, 0x9653, 0x9673, 0x9673, 0x9673, 0x9674, 0x9E74, 0x9E74, 0x9E75,
    0xA675, 0xA676, 0xA696, 0xA696, 0xA696, 0xA697, 0xA697, 0xA6B7, 0xA6B8, 0xA6B9, 0x9ED9, 0x9EB9, 0x9EBA, 0x96DA, 0x96FB, 0x971C,
    0x9693, 0x9693, 0x9693, 0x9693, 0x9693, 0x9693, 0x9693, 0x9694, 0x9E94, 0x9E94, 0x9EB4, 0x9EB4, 0x9EB4, 0x9EB4, 0x9E95, 0xA6B5,
    0xA6B6, 0xA6B6, 0xA6B6, 0xA6B7, 0xA6D7, 0xA6D7, 0xA6D7, 0xA6D8, 0xA6F8, 0xA6F9, 0xA719, 0xA6FA, 0x9EFA, 0x9EFB, 0x9F1B, 0x973C,
    0x9ED4, 0x9ED4, 0x9ED4, 0x9ED4, 0x9ED4, 0x9ED4, 0x9ED4, 0x9ED4, 0x9ED4, 0x9ED5, 0x9ED5, 0x9ED5, 0x9ED5, 0x9EF5, 0xA6D5, 0xA6F6,
    0xA6F6, 0xAED6, 0xAEF6, 0xAEF7, 0xAEF7, 0xAF18, 0xA718, 0xA718, 0xA719, 0xA739, 0xA73A, 0xA73A, 0xA73B, 0x9F3B, 0x9F3B, 0x9F7C,
    0x10A2, 0x10A2, 0x10A2, 0x10A2, 0x10A3, 0x10A3, 0x10A3, 0x10A4, 0x10A5, 0x10C6, 0x10C7, 0x10C8, 0x08AA, 0x00AB, 0x00AD, 0x00CE,
    0x00D0, 0x00D1, 0x00D2, 0x00F3, 0x00F4, 0x0115, 0x0135, 0x0156, 0x0977, 0x1997, 0x29D8, 0x3A19, 0x4279, 0x52DA, 0x6B3B, 0x7BBB,
    0x10A2, 0x10A2, 0x10A2, 0x10C3, 0x10C3, 0x10C3, 0x10C4, 0x10C4, 0x10C5, 0x10C6, 0x10C7, 0x08C9, 0x08CA, 0x00CB, 0x00CD, 0x00CE,
    0x00CF, 0x00F1, 0x00F2, 0x00F3, 0x0114, 0x0115, 0x0135, 0x0156, 0x0997, 0x19B7, 0x29F8, 0x3A38, 0x4A79, 0x5ADA, 0x6B3B, 0x7BBB,
    0x10C2, 0x10C2, 0x10C2, 0x10C2, 0x10C3, 0x10C3, 0x10C4, 0x10C4, 0x10C5, 0x10C6, 0x10C8, 0x08C9, 0x00CA, 0x00EC, 0x00ED, 0x00EE,
    0x00F0, 0x00F1, 0x0112, 0x0113, 0x0114, 0x0135, 0x0155, 0x0176, 0x0997, 0x21D7, 0x29F8, 0x3A38, 0x4A99, 0x5ADA, 0x6B3A, 0x7BBB,
    0x10C2, 0x10C2, 0x10C2, 0x10C2, 0x18C3, 0x10E3, 0x10E4, 0x10E5, 0x10E5, 0x10E6, 0x10E8, 0x08E9, 0x00EA, 0x00EC, 0x010D, 0x010E,
    0x0110, 0x0111, 0x0112, 0x0133, 0x0134, 0x0155, 0x0175, 0x0196, 0x11B7, 0x21D7, 0x3218, 0x3A58, 0x4A99, 0x5AFA, 0x6B5A, 0x7BBB,
    0x10C2, 0x10E2, 0x18E2, 0x18E2, 0x10E3, 0x10E3, 0x10E4, 0x10E5, 0x1106, 0x1107, 0x0908, 0x0909, 0x010B, 0x010C, 0x012D, 0x012F,
    0x0130, 0x0131, 0x0132, 0x0153, 0x0174, 0x0175, 0x0195, 0x01B6, 0x11D7, 0x21F7, 0x3238, 0x3A78, 0x4AB9, 0x5AFA, 0x6B5A, 0x7BDB,
    0x10E2, 0x10E2, 0x18E2, 0x1902, 0x1103, 0x1103, 0x1104, 0x1125, 0x1126, 0x1127, 0x0928, 0x0129, 0x012B, 0x012C, 0x012D, 0x014F,
    0x0150, 0x0151, 0x0172, 0x0173, 0x0194, 0x0195, 0x01B6, 0x01D6, 0x11F6, 0x2217, 0x3258, 0x4298, 0x4AD9, 0x5B1A, 0x6B7A, 0x7BDB,
    0x1102, 0x1102, 0x1102, 0x1903, 0x1923, 0x1923, 0x1124, 0x1125, 0x1146, 0x1147, 0x0948, 0x0169, 0x016A, 0x016C, 0x016D, 0x016F,
    0x0170, 0x0191, 0x0192, 0x01B3, 0x01B4, 0x01D5, 0x01F6, 0x0A16, 0x1A36, 0x2A57, 0x3278, 0x42B8, 0x52F9, 0x5B5A, 0x6B9A, 0x7C1B,
    0x1122, 0x1122, 0x1122, 0x1943, 0x1943, 0x1944, 0x1944, 0x1165, 0x1166, 0x0987, 0x0188, 0x0189, 0x01AB, 0x01AC, 0x01AD, 0x01AF,
    0x01B0, 0x01D1, 0x01D2, 0x01D3, 0x01F4, 0x0215, 0x0216, 0x0A36, 0x1A57, 0x2A97, 0x3AB8, 0x42F8, 0x5339, 0x637A, 0x6BDA, 0x843B,
    0x1142, 0x1162, 0x1162, 0x1163, 0x1983, 0x1984, 0x1984, 0x11A5, 0x11A6, 0x09C7, 0x01C8, 0x01C9, 0x01EB, 0x01EC, 0x020D, 0x020F,
    0x0210, 0x0211, 0x0212, 0x0233, 0x0234, 0x0235, 0x0256, 0x1276, 0x2297, 0x32B7, 0x3AF8, 0x4B18, 0x5359, 0x639A, 0x6BFA, 0x843B,
    0x1182, 0x1183, 0x11A3, 0x11A3, 0x11C3, 0x19C4, 0x19C5, 0x11E5, 0x11E6, 0x0A07, 0x0208, 0x0209, 0x022B, 0x024C, 0x024D, 0x024F,
    0x0270, 0x0271, 0x0292, 0x0293, 0x0294, 0x0295, 0x0295, 0x12B6, 0x2AB6, 0x32F7, 0x4318, 0x4B38, 0x5B79, 0x63BA, 0x73FB, 0x845C,
    0x09E2, 0x09E3, 0x09E3, 0x0A03, 0x0A04, 0x1204, 0x1225, 0x1226, 0x1247, 0x0A48, 0x0248, 0x026A, 0x026B, 0x028D, 0x028E, 0x028F,
    0x02B0, 0x02B1, 0x02B2, 0x02D3, 0x02D4, 0x0AF5, 0x1AF5, 0x22F6, 0x2AF6, 0x3317, 0x4358, 0x5378, 0x5B99, 0x63DA, 0x743B, 0x847C,
    0x0222, 0x0223, 0x0243, 0x0243, 0x0244, 0x0A64, 0x1265, 0x1286, 0x12A7, 0x0AA8, 0x02A9, 0x02AA, 0x02CB, 0x02CD, 0x02EE, 0x02EF,
    0x02F0, 0x02F1, 0x0312, 0x0313, 0x0314, 0x0B35, 0x2335, 0x2B56, 0x3356, 0x3B77, 0x4B98, 0x53B8, 0x5BD9, 0x6BFA, 0x745A, 0x849B,
    0x0263, 0x0283, 0x0283, 0x0284, 0x02A4, 0x02A5, 0x0AC6, 0x12C7, 0x12E7, 0x0B08, 0x0309, 0x030A, 0x030C, 0x032D, 0x032E, 0x032F,
    0x0350, 0x0351, 0x0352, 0x0353, 0x0354, 0x0B75, 0x2375, 0x3396, 0x3B96, 0x43B7, 0x53D8, 0x5BD8, 0x6419, 0x6C3A, 0x747A, 0x84BB,
    0x02A3, 0x02C3, 0x02C3, 0x02E4, 0x02E4, 0x02E5, 0x0306, 0x0B27, 0x1328, 0x0B49, 0x034A, 0x036B, 0x036C, 0x036D, 0x038E, 0x038F,
    0x0390, 0x0391, 0x0392, 0x0393, 0x0394, 0x0394, 0x1BB5, 0x2BD6, 0x3BD6, 0x4BF7, 0x5C17, 0x6438, 0x6C59, 0x747A, 0x7C9B, 0x84DB,
    0x0303, 0x0323, 0x0324, 0x0324, 0x0345, 0x0345, 0x0366, 0x0B67, 0x1B88, 0x1BA9, 0x13AA, 0x0BCB, 0x03CC, 0x03ED, 0x03EF, 0x03F0,
    0x03F1, 0x03F2, 0x03F2, 0x03F3, 0x03F4, 0x03F4, 0x1BF5, 0x2BF6, 0x3C16, 0x4C37, 0x5437, 0x6458, 0x6C79, 0x74BA, 0x7CDA, 0x84FB,
    0x0363, 0x0384, 0x0384, 0x0384, 0x0385, 0x03A5, 0x03C6, 0x03C8, 0x13E9, 0x23EA, 0x1C0B, 0x1C0C, 0x142D, 0x142E, 0x0C2F, 0x0430,
    0x0431, 0x0432, 0x0432, 0x0C33, 0x0C34, 0x1434, 0x2435, 0x2C36, 0x3C56, 0x4C57, 0x5477, 0x6478, 0x6C99, 0x74BA, 0x7CFA, 0x8D1B,
    0x03C4, 0x03C4, 0x03E4, 0x03E5, 0x03E5, 0x03E6, 0x0407, 0x0428, 0x1429, 0x2C4B, 0x2C4B, 0x2C4C, 0x246D, 0x246E, 0x246F, 0x1470,
    0x1491, 0x1472, 0x1472, 0x1C73, 0x2474, 0x2C75, 0x2C75, 0x3476, 0x3C76, 0x4477, 0x5497, 0x64B8, 0x6CB9, 0x74DA, 0x7CFA, 0x8D3C,
    0x0424, 0x0425, 0x0425, 0x0426, 0x0446, 0x0447, 0x0447, 0x0468, 0x146A, 0x2C8B, 0x348C, 0x3C8D, 0x3CAE, 0x3CAF, 0x3CD0, 0x34D0,
    0x34D1, 0x2CB2, 0x2CB3, 0x34B3, 0x34B4, 0x3CB5, 0x3C95, 0x4496, 0x4496, 0x4CB7, 0x54B7, 0x5CD8, 0x64F9, 0x74FA, 0x7D1A, 0x855C,
    0x0465, 0x0465, 0x0466, 0x0486, 0x0487, 0x0487, 0x0488, 0x04A9, 0x14AA, 0x34AB, 0x44CD, 0x44CE, 0x44CE, 0x4CCF, 0x4CF0, 0x4D11,
    0x4D12, 0x44F2, 0x44F3, 0x44F3, 0x44F4, 0x44F5, 0x4CD5, 0x4CD6, 0x4CD6, 0x54D7, 0x54F7, 0x5CF8, 0x6519, 0x6D39, 0x7D3A, 0x855C,
    0x04A6, 0x04A6, 0x04A6, 0x04A7, 0x04A7, 0x04A8, 0x04C8, 0x0CC9, 0x24CB, 0x34EC, 0x44ED, 0x4CEE, 0x54EF, 0x550F, 0x5510, 0x5511,
    0x5532, 0x5532, 0x5533, 0x5514, 0x5514, 0x5515, 0x5515, 0x5516, 0x5D16, 0x5D17, 0x5D17, 0x6518, 0x6539, 0x6D5A, 0x7D5A, 0x859C,
    0x04E7, 0x04E7, 0x04E7, 0x04E8, 0x04E8, 0x04E9, 0x0CE9, 0x1CEA, 0x2D0B, 0x3D0C, 0x4D0D, 0x550F, 0x5D30, 0x6530, 0x6531, 0x6551,
    0x6552, 0x6553, 0x6553, 0x6554, 0x6554, 0x6555, 0x6535, 0x6536, 0x6536, 0x6537, 0x6D57, 0x6D58, 0x6D59, 0x757A, 0x7D7A, 0x85BB,
    0x0528, 0x0528, 0x0528, 0x0529, 0x0D29, 0x152A, 0x252A, 0x352B, 0x3D2C, 0x452D, 0x552E, 0x654F, 0x6D50, 0x6D51, 0x6D51, 0x6D51,
    0x7572, 0x7573, 0x7574, 0x7574, 0x6D75, 0x6D75, 0x6D75, 0x6D76, 0x6D76, 0x6D77, 0x7577, 0x7578, 0x7579, 0x759A, 0x7DBA, 0x7DDC,
    0x0549, 0x0D49, 0x1549, 0x1D4A, 0x254A, 0x2D4B, 0x354B, 0x454C, 0x4D4D, 0x554D, 0x5D4E, 0x654F, 0x7550, 0x7D71, 0x7D72, 0x7D72,
    0x7D93, 0x7D93, 0x7D94, 0x7D94, 0x7D95, 0x7D95, 0x7596, 0x7596, 0x7596, 0x7597, 0x7597, 0x7D98, 0x7D99, 0x7DB9, 0x7DDA, 0x85FC,
    0x256A, 0x2D6B, 0x356B, 0x356B, 0x3D6C, 0x3D6C, 0x456C, 0x4D6D, 0x556E, 0x5D6E, 0x656F, 0x6D90, 0x7591, 0x7D92, 0x8592, 0x8593,
    0x8593, 0x85B4, 0x85B4, 0x8DB4, 0x85B5, 0x85B5, 0x85B6, 0x85B6, 0x7DB6, 0x7DB7, 0x7DB8, 0x7DB8, 0x7DB9, 0x7DDA, 0x85FA, 0x861B,
    0x458C, 0x458C, 0x458C, 0x458C, 0x4DAD, 0x558D, 0x558D, 0x5DAE, 0x65AF, 0x6D8F, 0x6DB0, 0x75B1, 0x7DB1, 0x85B2, 0x8DB3, 0x8DB3,
    0x8DB3, 0x8DD4, 0x8DD4, 0x8DD5, 0x8DD5, 0x8DD6, 0x8DD6, 0x8DD6, 0x85D7, 0x85D7, 0x85D8, 0x85F8, 0x85F9, 0x85FA, 0x861B, 0x8E3C,
    0x55AD, 0x55AD, 0x55AD, 0x55AD, 0x5DAE, 0x5DAE, 0x65AE, 0x65AF, 0x6DCF, 0x75B0, 0x75D1, 0x7DD1, 0x85D1, 0x85D2, 0x8DD3, 0x8DD3,
    0x95D4, 0x95D4, 0x95D5, 0x95F5, 0x95F5, 0x95F6, 0x95F6, 0x95F6, 0x8DF7, 0x8DF7, 0x8E18, 0x8E18, 0x8E19, 0x8E3A, 0x8E5B, 0x8E7C,
    0x5DCE, 0x5DCE, 0x65CE, 0x65CE, 0x65CE, 0x65CF, 0x6DCF, 0x6DD0, 0x75D0, 0x7DD1, 0x7DF1, 0x7DF1, 0x85F2, 0x8DF2, 0x8DF3, 0x95F4,
    0x95F4, 0x95F5, 0x9615, 0x9615, 0x9615, 0x9E16, 0x9E16, 0x9E37, 0x9637, 0x9637, 0x9638, 0x8E38, 0x8E39, 0x8E5A, 0x8E7B, 0x8E9C,
    0x6DF0, 0x75F0, 0x75F0, 0x75EF, 0x75F0, 0x75F0, 0x7E10, 0x7E11, 0x7E11, 0x8612, 0x8612, 0x8612, 0x8E13, 0x9613, 0x9614, 0x9614,
    0x9E15, 0x9E15, 0x9E35, 0x9E36, 0x9E36, 0x9E36, 0x9E57, 0x9E57, 0x9E57, 0x9E58, 0x9658, 0x9679, 0x967A, 0x967A, 0x8E9B, 0x96BC,
    0x7E31, 0x7E31, 0x7E31, 0x8631, 0x8611, 0x8631, 0x8631, 0x8632, 0x8E32, 0x8E32, 0x8E32, 0x8E33, 0x9633, 0x9633, 0x9634, 0x9E34,
    0x9E55, 0x9E55, 0x9E56, 0xA656, 0xA656, 0xA676, 0xA677, 0xA677, 0xA698, 0x9E98, 0x9E79, 0x9699, 0x969A, 0x96BA, 0x96BB, 0x96DC,
    0x8E52, 0x8E52, 0x8E52, 0x8E52, 0x8E52, 0x8E52, 0x8E52, 0x8E52, 0x8E73, 0x9673, 0x9673, 0x9674, 0x9674, 0x9E74, 0x9E74, 0x9E75,
    0xA675, 0xA696, 0xA676, 0xA696, 0xA696, 0xA697, 0xA697, 0xA6B8, 0xA6B8, 0xA6B8, 0x9EB9, 0x9EB9, 0x9EBA, 0x96DA, 0x96FB, 0x971C,
    0x9693, 0x9693, 0x9693, 0x9693, 0x9693, 0x9693, 0x9693, 0x9693, 0x9694, 0x9E94, 0x9E94, 0x9EB4, 0x9EB4, 0x9EB4, 0x9EB5, 0xA6B5,
    0xA6B6, 0xA6B6, 0xA6B6, 0xA6D7, 0xA6D7, 0xA6D7, 0xA6D7, 0xA6D8, 0xA6D8, 0xA6F9, 0xA6F9, 0xA6FA, 0x9EFA, 0x9EFA, 0x9F1B, 0x973C,
    0x9ED4, 0x9ED4, 0x9ED4, 0x9ED4, 0x9ED4, 0x9ED4, 0x9ED4, 0x9ED4, 0x9ED4, 0x9ED5, 0x9ED4, 0x9ED5, 0xA6D5, 0xA6D5, 0xA6D5, 0xA6F6,
    0xA6F6, 0xAEF6, 0xAEF7, 0xAEF7, 0xAEF7, 0xAF18, 0xAF18, 0xA718, 0xA719, 0xA719, 0xAF3A, 0xA73A, 0xA73A, 0xA73B, 0x9F3B, 0x9F5C,
    0x10A2, 0x10A2, 0x10A2, 0x10A2, 0x18A3, 0x10A3, 0x18A3, 0x18A4, 0x10A5, 0x18C6, 0x10C7, 0x10A8, 0x10AA, 0x08CB, 0x00CD, 0x00CE,
    0x00CF, 0x00D1, 0x00D2, 0x00D3, 0x00F4, 0x0115, 0x0135, 0x0156, 0x1177, 0x21B7, 0x29D8, 0x3A39, 0x4A79, 0x5ADA, 0x6B3B, 0x7BBB,
    0x10A2, 0x10A2, 0x10A2, 0x10A2, 0x10C3, 0x18C3, 0x18C4, 0x18C4, 0x18C5, 0x18C6, 0x10C7, 0x10C9, 0x08CA, 0x08CB, 0x00CD, 0x00CE,
    0x00CF, 0x00D1, 0x00F2, 0x00F3, 0x0114, 0x0115, 0x0135, 0x0176, 0x1197, 0x21B7, 0x31F8, 0x3A38, 0x4A79, 0x5ADA, 0x6B3B, 0x7BBB,
    0x10C2, 0x10C2, 0x10C2, 0x10C2, 0x10C3, 0x10C3, 0x18C4, 0x18C4, 0x18C5, 0x10C6, 0x10C8, 0x10C9, 0x08CA, 0x00EC, 0x00ED, 0x00EE,
    0x00F0, 0x00F1, 0x00F2, 0x0113, 0x0114, 0x0135, 0x0155, 0x0176, 0x1197, 0x21D7, 0x3218, 0x3A38, 0x4A99, 0x5ADA, 0x6B5A, 0x7BBB,
    0x10C2, 0x10C2, 0x10C2, 0x18C2, 0x18C3, 0x10E3, 0x18E4, 0x18E4, 0x18E5, 0x10E6, 0x10E8, 0x10E9, 0x08EA, 0x00EC, 0x010D, 0x010E,
    0x0110, 0x0111, 0x0112, 0x0133, 0x0134, 0x0155, 0x0175, 0x0996, 0x19B7, 0x21F7, 0x3218, 0x4258, 0x4A99, 0x5AFA, 0x6B5A, 0x7BDB,
    0x10C2, 0x10C2, 0x18E2, 0x18E2, 0x18E3, 0x18E3, 0x18E4, 0x18E5, 0x18E6, 0x1107, 0x1108, 0x0909, 0x010A, 0x010C, 0x010D, 0x012F,
    0x0130, 0x0131, 0x0132, 0x0153, 0x0154, 0x0175, 0x0195, 0x09B6, 0x19D7, 0x21F7, 0x3238, 0x4278, 0x4AB9, 0x5AFA, 0x6B7B, 0x7BDB,
    0x10E2, 0x18E2, 0x18E2, 0x1902, 0x1903, 0x1903, 0x1904, 0x1925, 0x1126, 0x1127, 0x1128, 0x0929, 0x012A, 0x012C, 0x014D, 0x014F,
    0x0150, 0x0151, 0x0172, 0x0173, 0x0194, 0x0195, 0x01B6, 0x09D6, 0x19F7, 0x2A37, 0x3258, 0x4298, 0x4AD9, 0x5B1A, 0x6B7A, 0x7BFB,
    0x1102, 0x1102, 0x1902, 0x1923, 0x1923, 0x1923, 0x1924, 0x1925, 0x1146, 0x1147, 0x0948, 0x0969, 0x016A, 0x016C, 0x016D, 0x016F,
    0x0170, 0x0191, 0x0192, 0x0193, 0x01B4, 0x01D5, 0x01F5, 0x1216, 0x2237, 0x2A57, 0x3A98, 0x42B8, 0x52F9, 0x635A, 0x6B9B, 0x841B,
    0x1122, 0x1122, 0x1922, 0x1943, 0x1943, 0x1944, 0x1964, 0x1965, 0x1166, 0x1187, 0x0988, 0x0189, 0x01AB, 0x01AC, 0x01AD, 0x01AF,
    0x01B0, 0x01D1, 0x01D2, 0x01D3, 0x01F4, 0x0215, 0x0215, 0x1236, 0x2277, 0x3297, 0x3AB8, 0x4AF8, 0x5339, 0x637A, 0x73DA, 0x843B,
    0x1142, 0x1162, 0x1163, 0x1963, 0x1983, 0x1984, 0x1984, 0x19A5, 0x11A6, 0x11C7, 0x09C8, 0x01C9, 0x01EB, 0x01EC, 0x020D, 0x020F,
    0x0210, 0x0211, 0x0232, 0x0233, 0x0234, 0x0235, 0x0A56, 0x1A76, 0x2A97, 0x32B7, 0x42F8, 0x4B18, 0x5359, 0x639A, 0x73DA, 0x843B,
    0x1183, 0x1183, 0x11A3, 0x11A3, 0x11A3, 0x19C4, 0x19C4, 0x19E5, 0x11E6, 0x1207, 0x0208, 0x0209, 0x022B, 0x024C, 0x024E, 0x024F,
    0x0270, 0x0271, 0x0292, 0x0293, 0x0274, 0x0295, 0x0A95, 0x1AB6, 0x2AD7, 0x3AF7, 0x4318, 0x4B58, 0x5B79, 0x63BA, 0x73FB, 0x845B,
    0x09C3, 0x09E3, 0x09E3, 0x11E3, 0x1204, 0x1204, 0x1A25, 0x1A26, 0x1247, 0x1268, 0x0268, 0x026A, 0x028B, 0x028D, 0x028E, 0x02AF,
    0x02B0, 0x02B1, 0x02B2, 0x02D3, 0x0AD4, 0x12F5, 0x1AF6, 0x22F6, 0x3316, 0x3B17, 0x4358, 0x5378, 0x5BB9, 0x6BDA, 0x741A, 0x847C,
    0x0223, 0x0223, 0x0223, 0x0A43, 0x0A44, 0x0A64, 0x1265, 0x1A86, 0x12A7, 0x12A8, 0x02A9, 0x02AA, 0x02CB, 0x02CD, 0x02EE, 0x02EF,
    0x02F0, 0x02F1, 0x02F2, 0x0313, 0x0B34, 0x1335, 0x2336, 0x2B56, 0x3B56, 0x4377, 0x4B78, 0x53B8, 0x5BD9, 0x6C1A, 0x743A, 0x849B,
    0x0263, 0x0263, 0x0283, 0x0284, 0x02A4, 0x02A5, 0x0AC6, 0x12C7, 0x1AE7, 0x1308, 0x0B09, 0x030A, 0x030C, 0x032D, 0x032E, 0x032F,
    0x0350, 0x0351, 0x0352, 0x0353, 0x0354, 0x1375, 0x2375, 0x3396, 0x4396, 0x4BB7, 0x53D8, 0x5BF8, 0x6419, 0x6C3A, 0x7C7A, 0x84BB,
    0x02A3, 0x02A3, 0x02C3, 0x02E4, 0x02E4, 0x02E5, 0x0306, 0x1307, 0x1B28, 0x1349, 0x0B4A, 0x036B, 0x036C, 0x036D, 0x038E, 0x038F,
    0x0390, 0x0391, 0x0392, 0x0393, 0x0394, 0x0B94, 0x23B5, 0x33D6, 0x43D6, 0x4BF7, 0x5C17, 0x6438, 0x6C59, 0x747A, 0x7C9B, 0x84DB,
    0x0303, 0x0323, 0x0324, 0x0324, 0x0345, 0x0345, 0x0366, 0x0B67, 0x1B88, 0x1BA9, 0x1BAA, 0x13CB, 0x03CC, 0x03CD, 0x03EF, 0x03F0,
    0x03F1, 0x03F2, 0x03F2, 0x03F3, 0x03F4, 0x03F4, 0x1BF5, 0x33F6, 0x4416, 0x4C37, 0x5C37, 0x6458, 0x6C79, 0x749A, 0x7CBA, 0x8CFB,
    0x0363, 0x0364, 0x0384, 0x0384, 0x0385, 0x03A5, 0x03A6, 0x03C8, 0x13E9, 0x23EA, 0x240B, 0x1C0C, 0x1C2D, 0x142E, 0x142F, 0x0C30,
    0x0431, 0x0432, 0x0C32, 0x0C33, 0x1434, 0x1C34, 0x2435, 0x2C36, 0x3C56, 0x4C57, 0x5C77, 0x6478, 0x6C99, 0x74BA, 0x7CFA, 0x8D1B,
    0x03C4, 0x03C4, 0x03C4, 0x03E5, 0x03E5, 0x03E6, 0x0407, 0x0408, 0x1429, 0x2C2B, 0x2C4B, 0x2C4C, 0x2C6D, 0x2C6E, 0x248F, 0x1C70,
    0x1471, 0x1C72, 0x1C73, 0x2473, 0x2474, 0x2C75, 0x3475, 0x3476, 0x3C76, 0x4C77, 0x5497, 0x64B8, 0x6CB9, 0x74D9, 0x7D1A, 0x8D3B,
    0x0404, 0x0405, 0x0425, 0x0426, 0x0426, 0x0427, 0x0448, 0x0448, 0x146A, 0x2C6B, 0x3C8C, 0x3C8D, 0x3CAE, 0x3CAF, 0x3CD0, 0x3CD1,
    0x34D1, 0x34B2, 0x34B3, 0x34B3, 0x3CB4, 0x3CB5, 0x3CB5, 0x4496, 0x4496, 0x4CB7, 0x54B7, 0x5CD8, 0x6CF9, 0x74F9, 0x7D1A, 0x855C,
    0x0465, 0x0465, 0x0466, 0x0486, 0x0487, 0x0487, 0x0488, 0x0CA9, 0x1CAA, 0x34AB, 0x44CD, 0x4CCE, 0x4CCE, 0x4CEF, 0x4CF0, 0x4CF1,
    0x4CF1, 0x44F2, 0x44F3, 0x44F4, 0x44F4, 0x4CF5, 0x4CD5, 0x4CD6, 0x4CD6, 0x54D7, 0x54F7, 0x5CF8, 0x6519, 0x6D19, 0x7D3A, 0x857C,
    0x04A6, 0x0486, 0x04A6, 0x04A7, 0x04A7, 0x04A8, 0x04C9, 0x0CC9, 0x24CB, 0x34EC, 0x44ED, 0x4CEE, 0x54EF, 0x5D10, 0x5510, 0x5D11,
    0x5D32, 0x5D32, 0x5533, 0x5514, 0x5514, 0x5515, 0x5515, 0x5D16, 0x5D16, 0x5D17, 0x6517, 0x6538, 0x6D39, 0x6D5A, 0x7D5A, 0x859C,
    0x04E7, 0x04C7, 0x04E7, 0x04E8, 0x04E8, 0x04E9, 0x14E9, 0x1D0A, 0x2D0B, 0x3D0C, 0x4D0D, 0x550F, 0x6530, 0x6530, 0x6531, 0x6551,
    0x6552, 0x6D53, 0x6D53, 0x6554, 0x6554, 0x6555, 0x6535, 0x6536, 0x6536, 0x6D37, 0x6D57, 0x6D58, 0x6D59, 0x757A, 0x7D9A, 0x85BB,
    0x0508, 0x0528, 0x0528, 0x0D29, 0x0D29, 0x152A, 0x252A, 0x352B, 0x3D2C, 0x454D, 0x554E, 0x5D4F, 0x6D50, 0x7551, 0x7551, 0x7552,
    0x7572, 0x7573, 0x7573, 0x7574, 0x7574, 0x6D75, 0x6D56, 0x6D76, 0x6D76, 0x7577, 0x7578, 0x7578, 0x7579, 0x7599, 0x7DBA, 0x7DDB,
    0x0D49, 0x1549, 0x1D49, 0x254A, 0x254A, 0x2D4B, 0x354B, 0x454C, 0x4D4D, 0x554D, 0x5D4E, 0x656F, 0x7571, 0x7D71, 0x7D72, 0x7D72,
    0x7D92, 0x7D93, 0x8594, 0x8594, 0x7D95, 0x7D95, 0x7D96, 0x7596, 0x7596, 0x7597, 0x7D98, 0x7D98, 0x7DB9, 0x7DBA, 0x7DDA, 0x85FB,
    0x2D6A, 0x2D6B, 0x356B, 0x356B, 0x3D8C, 0x456C, 0x456C, 0x4D6D, 0x556E, 0x5D6E, 0x656F, 0x6D90, 0x7591, 0x8592, 0x8592, 0x8593,
    0x8593, 0x85B4, 0x85B4, 0x8DB4, 0x8DB5, 0x85B5, 0x85B6, 0x7DB6, 0x7DB6, 0x7DB7, 0x7DB7, 0x7DB8, 0x7DD9, 0x85DA, 0x85FA, 0x861C,
    0x458C, 0x458C, 0x458C, 0x4DAD, 0x4DAD, 0x558D, 0x558D, 0x5D8E, 0x658F, 0x6DAF, 0x6DB0, 0x75B1, 0x7DB1, 0x85B2, 0x8DB2, 0x8DB3,
    0x8DB3, 0x8DD4, 0x8DD4, 0x8DD5, 0x8DD5, 0x8DD6, 0x8DD6, 0x8DD6, 0x85D7, 0x85D7, 0x85D8, 0x85F8, 0x85F9, 0x85FA, 0x861B, 0x8E3C,
    0x55AD, 0x55AD, 0x55AD, 0x55AD, 0x5DAE, 0x5DAE, 0x65AE, 0x65AF, 0x6DAF, 0x75D0, 0x75D1, 0x7DD1, 0x85D2, 0x85D2, 0x8DD3, 0x8DD3,
    0x95D4, 0x95F4, 0x95D4, 0x95F5, 0x95F5, 0x95F6, 0x95F6, 0x95F6, 0x8DF7, 0x8DF7, 0x8E18, 0x8E18, 0x8E19, 0x8E3A, 0x8E5B, 0x8E7C,
    0x5DCE, 0x5DCE, 0x65CE, 0x65CE, 0x65CE, 0x65CF, 0x6DCF, 0x6DD0, 0x75D0, 0x75D1, 0x7DF1, 0x7DF1, 0x85F2, 0x8DF2, 0x8DF3, 0x95F4,
    0x95F4, 0x9615, 0x9615, 0x9615, 0x9E15, 0x9E16, 0x9E16, 0x9E37, 0x9637, 0x9637, 0x9638, 0x8E38, 0x8E39, 0x8E5A, 0x8E7B, 0x8E9C,
    0x6DF0, 0x75F0, 0x75F0, 0x75F0, 0x75F0, 0x75F0, 0x7DF0, 0x7E11, 0x7E11, 0x8611, 0x8612, 0x8612, 0x8E13, 0x9613, 0x9614, 0x9614,
    0x9E15, 0x9E35, 0x9E35, 0x9E36, 0x9E36, 0x9E36, 0x9E57, 0x9E57, 0x9E57, 0x9E58, 0x9E58, 0x9659, 0x967A, 0x967A, 0x8E9B, 0x96BC,
    0x7E31, 0x7E31, 0x8631, 0x8631, 0x8631, 0x8631, 0x8631, 0x8632, 0x8E32, 0x8E32, 0x8E32, 0x8E33, 0x9633, 0x9633, 0x9E34, 0x9E34,
    0x9E55, 0xA655, 0x9E55, 0xA656, 0xA656, 0xA677, 0xA677, 0xA677, 0xA698, 0x9E98, 0x9E78, 0x9E99, 0x969A, 0x96BA, 0x96BB, 0x96DC,
    0x8E52, 0x8E52, 0x8E52, 0x8E52, 0x8E52, 0x8E52, 0x8E52, 0x8E52, 0x9673, 0x9673, 0x9673, 0x9673, 0x9674, 0x9E74, 0x9E74, 0x9E75,
    0xA675, 0xA696, 0xA676, 0xA696, 0xA696, 0xA697, 0xA697, 0xA6B8, 0xA6B8, 0xA6B8, 0xA6B9, 0x9EB9, 0x9EBA, 0x96DA, 0x96FB, 0x971C,
    0x9693, 0x9693, 0x9693, 0x9693, 0x9693, 0x9693, 0x9693, 0x9693, 0x9E94, 0x9E94, 0x9E94, 0x9E94, 0x9E94, 0x9EB5, 0x9EB5, 0x9EB5,
    0xA6B6, 0xA6B6, 0xA6B6, 0xA6B7, 0xAED7, 0xA6D7, 0xA6D7, 0xA6D8, 0xA6D8, 0xA6F9, 0xA6F9, 0xA6FA, 0x9EFA, 0x9EFA, 0x9F1B, 0x9F3C,
    0x9ED4, 0x9ED4, 0x9ED4, 0x9ED4, 0x9ED4, 0x9ED4, 0x9ED4, 0x9ED4, 0x9ED5, 0xA6D4, 0xA6D5, 0xA6D5, 0xA6D5, 0xA6D5, 0xA6D5, 0xA6D6,
    0xA6F6, 0xA6F6, 0xAEF6, 0xAEF7, 0xAEF7, 0xAF17, 0xAF18, 0xAF18, 0xAF19, 0xAF19, 0xAF3A, 0xA73A, 0xA73A, 0xA73B, 0x9F3B, 0x9F5C,
    0x18A2, 0x18A2, 0x18A2, 0x18A2, 0x18A3, 0x18A3, 0x18A3, 0x18A4, 0x18C5, 0x18C6, 0x18C7, 0x18A8, 0x10AA, 0x10AC, 0x08CD, 0x00CE,
    0x00CF, 0x00D0, 0x00D2, 0x00D3, 0x00F4, 0x0115, 0x0135, 0x0956, 0x1977, 0x21B7, 0x31D8, 0x4238, 0x4A79, 0x5ADA, 0x6B3B, 0x7BBB,
    0x18A2, 0x18A2, 0x18A2, 0x18A2, 0x18A2, 0x18C3, 0x18C4, 0x18C4, 0x18C5, 0x18C6, 0x18C7, 0x18C9, 0x10CA, 0x10CC, 0x08CD, 0x00CE,
    0x00D0, 0x00D1, 0x00F2, 0x00F3, 0x0114, 0x0115, 0x0136, 0x1176, 0x1997, 0x29B7, 0x31F8, 0x4239, 0x4A79, 0x5ADA, 0x6B3B, 0x7BBC,
    0x18C2, 0x18C2, 0x18C2, 0x18C2, 0x18C2, 0x18C3, 0x18C4, 0x18C4, 0x18C5, 0x18C6, 0x18C8, 0x18C9, 0x10CA, 0x10EC, 0x00ED, 0x00EE,
    0x00F0, 0x00F1, 0x00F2, 0x0113, 0x0114, 0x0135, 0x0155, 0x1176, 0x1997, 0x29D7, 0x3218, 0x4258, 0x4A99, 0x5ADA, 0x6B5B, 0x7BBB,
    0x18C2, 0x18C2, 0x18C2, 0x18C2, 0x18C3, 0x18C3, 0x18E4, 0x18E4, 0x18E5, 0x18E6, 0x18E8, 0x10E9, 0x10EA, 0x08EC, 0x00ED, 0x010F,
    0x0110, 0x0111, 0x0112, 0x0133, 0x0134, 0x0155, 0x0175, 0x1196, 0x21B7, 0x29F7, 0x3218, 0x4258, 0x4A99, 0x5AFA, 0x6B5B, 0x7BDB,
    0x18E2, 0x18C2, 0x18E2, 0x18E3, 0x18E3, 0x18E3, 0x18E4, 0x18E5, 0x18E5, 0x1907, 0x1108, 0x1109, 0x090A, 0x090C, 0x010D, 0x010F,
    0x0130, 0x0131, 0x0132, 0x0153, 0x0154, 0x0175, 0x0995, 0x11B6, 0x21D7, 0x2A17, 0x3238, 0x4279, 0x52B9, 0x5AFA, 0x6B7B, 0x7BDB,
    0x10E2, 0x18E2, 0x18E2, 0x1902, 0x1903, 0x1903, 0x1904, 0x1905, 0x1926, 0x1927, 0x1128, 0x1129, 0x092B, 0x012C, 0x014D, 0x014F,
    0x0150, 0x0151, 0x0172, 0x0173, 0x0194, 0x0195, 0x09B6, 0x11D6, 0x21F7, 0x2A37, 0x3A58, 0x4299, 0x52D9, 0x5B1A, 0x6B7B, 0x7BFB,
    0x1902, 0x1902, 0x1902, 0x1923, 0x1923, 0x1923, 0x1924, 0x1925, 0x1946, 0x1147, 0x1148, 0x1169, 0x096B, 0x016C, 0x016D, 0x016F,
    0x0170, 0x0191, 0x0192, 0x01B3, 0x01B4, 0x01D5, 0x09F5, 0x1A16, 0x2237, 0x3257, 0x3A98, 0x4AB8, 0x52F9, 0x635A, 0x739B, 0x841B,
    0x1922, 0x1922, 0x1923, 0x1943, 0x1943, 0x1944, 0x1964, 0x1965, 0x1966, 0x1187, 0x1188, 0x0989, 0x01AB, 0x01AC, 0x01AD, 0x01AF,
    0x01B0, 0x01D1, 0x01D2, 0x01D3, 0x01F4, 0x0215, 0x0A15, 0x1A36, 0x2A77, 0x3297, 0x42B8, 0x4AF8, 0x5B39, 0x637A, 0x73DA, 0x843B,
    0x1942, 0x1942, 0x1963, 0x1963, 0x1963, 0x1984, 0x1984, 0x19A5, 0x19A6, 0x11A7, 0x09C8, 0x09C9, 0x01EB, 0x01EC, 0x01EE, 0x020F,
    0x0210, 0x0211, 0x0212, 0x0233, 0x0234, 0x0235, 0x1255, 0x2276, 0x2A97, 0x3AB7, 0x42F8, 0x4B18, 0x5B59, 0x639A, 0x73FB, 0x843B,
    0x1183, 0x1183, 0x11A3, 0x19A3, 0x19A3, 0x19C4, 0x19C5, 0x19E5, 0x19E6, 0x1207, 0x0A08, 0x0229, 0x022B, 0x024D, 0x024E, 0x024F,
    0x0270, 0x0271, 0x0272, 0x0293, 0x0274, 0x0295, 0x1295, 0x22B6, 0x32D7, 0x3AF7, 0x4318, 0x5358, 0x5B79, 0x6BBA, 0x73FB, 0x845B,
    0x09C2, 0x11E3, 0x11E3, 0x11E3, 0x1204, 0x1A04, 0x1A25, 0x1A26, 0x1A47, 0x1267, 0x0A68, 0x026A, 0x028B, 0x028D, 0x028E, 0x02AF,
    0x02B0, 0x02B1, 0x02B2, 0x02D3, 0x0AD4, 0x1AF5, 0x22F6, 0x2AF6, 0x3316, 0x3B37, 0x4B58, 0x5378, 0x5BB9, 0x6BDA, 0x741A, 0x847B,
    0x0A23, 0x0A23, 0x0A23, 0x0A43, 0x0A44, 0x1264, 0x1A65, 0x1A86, 0x1AA7, 0x1AA8, 0x0AA9, 0x02CA, 0x02CC, 0x02CD, 0x02EE, 0x02EF,
    0x02F0, 0x02F1, 0x0312, 0x0313, 0x0B34, 0x2335, 0x2B36, 0x3356, 0x3B56, 0x4377, 0x4B78, 0x53B8, 0x63D9, 0x6C1A, 0x745A, 0x849B,
    0x0263, 0x0263, 0x0283, 0x0284, 0x02A4, 0x0AA4, 0x12C5, 0x1AC7, 0x1AE8, 0x1B08, 0x1309, 0x0B0A, 0x032C, 0x032D, 0x032E, 0x032F,
    0x0350, 0x0351, 0x0352, 0x0353, 0x0B54, 0x1B75, 0x2B75, 0x3B96, 0x43B6, 0x4BB7, 0x53B8, 0x5BF8, 0x6419, 0x6C3A, 0x7C7A, 0x84BB,
    0x02A3, 0x02A3, 0x02C3, 0x02C4, 0x02E4, 0x02E5, 0x0B06, 0x1327, 0x1B28, 0x1B49, 0x134A, 0x0B6B, 0x036C, 0x038D, 0x038E, 0x038F,
    0x0390, 0x0391, 0x0392, 0x0393, 0x0394, 0x1395, 0x2BB5, 0x3BD6, 0x43D6, 0x53F7, 0x5C17, 0x6438, 0x6C59, 0x747A, 0x7C9B, 0x8CDB,
    0x0303, 0x0303, 0x0324, 0x0324, 0x0324, 0x0345, 0x0366, 0x0B67, 0x1B88, 0x23A9, 0x1BAA, 0x1BCB, 0x13CC, 0x03ED, 0x03EF, 0x03F0,
    0x03F1, 0x03F2, 0x03F3, 0x03D3, 0x03F4, 0x0BF4, 0x23F5, 0x33F6, 0x4416, 0x5437, 0x5C38, 0x6458, 0x6C79, 0x749A, 0x84BA, 0x8CFB,
    0x0363, 0x0364, 0x0384, 0x0384, 0x0385, 0x0385, 0x03A6, 0x0BC7, 0x1BE9, 0x2BEA, 0x2C0B, 0x240C, 0x242D, 0x1C2E, 0x142F, 0x0C30,
    0x0C31, 0x0C32, 0x1433, 0x1433, 0x1C34, 0x1C35, 0x2C35, 0x3436, 0x4456, 0x4C57, 0x5C77, 0x6498, 0x6C99, 0x7CBA, 0x84FA, 0x8D1B,
    0x03C4, 0x03C4, 0x03C4, 0x03E5, 0x03E5, 0x03E6, 0x0407, 0x0408, 0x1429, 0x2C2B, 0x344B, 0x344C, 0x346D, 0x346E, 0x2C8F, 0x2470,
    0x2471, 0x2472, 0x2473, 0x2C73, 0x2C74, 0x3475, 0x3475, 0x3C76, 0x4476, 0x4C77, 0x5C97, 0x64B8, 0x6CB9, 0x74F9, 0x851A, 0x8D3B,
    0x0404, 0x0405, 0x0425, 0x0425, 0x0426, 0x0427, 0x0448, 0x0448, 0x1C69, 0x346B, 0x3C8C, 0x3C8D, 0x44AE, 0x44AF, 0x44D0, 0x3CB1,
    0x3CB1, 0x34D2, 0x3CB3, 0x3CB4, 0x3CB4, 0x3CB5, 0x44B5, 0x4496, 0x4496, 0x4CB7, 0x54B7, 0x5CD8, 0x6CF9, 0x74F9, 0x7D3A, 0x8D5C,
    0x0465, 0x0465, 0x0466, 0x0486, 0x0487, 0x0487, 0x0488, 0x0C89, 0x1CAA, 0x34AB, 0x44CD, 0x4CCE, 0x4CCE, 0x4CEF, 0x4CF0, 0x4CF1,
    0x4CF1, 0x4CF2, 0x44F3, 0x44F4, 0x4CF4, 0x4CF5, 0x4CD5, 0x4CD6, 0x54D6, 0x54D7, 0x5CF7, 0x5CF8, 0x6D19, 0x7519, 0x7D3A, 0x857C,
    0x04A6, 0x0486, 0x04A7, 0x04A7, 0x04A7, 0x04A8, 0x04C9, 0x14CA, 0x24CB, 0x34EC, 0x44ED, 0x54EE, 0x5CEF, 0x5D10, 0x5D10, 0x5D11,
    0x5D32, 0x5D32, 0x5D13, 0x5514, 0x5514, 0x5515, 0x5D15, 0x5D16, 0x5D16, 0x6517, 0x6517, 0x6538, 0x6D39, 0x755A, 0x7D5A, 0x859C,
    0x04C7, 0x04C7, 0x04E7, 0x04E8, 0x04E8, 0x0CE9, 0x14E9, 0x250A, 0x350B, 0x3D0C, 0x4D0D, 0x5D2E, 0x652F, 0x6530, 0x6531, 0x6D31,
    0x6D52, 0x6D53, 0x6D53, 0x6554, 0x6554, 0x6535, 0x6535, 0x6536, 0x6D36, 0x6D37, 0x6D57, 0x6D58, 0x6D59, 0x7579, 0x7D9A, 0x85BC,
    0x0508, 0x0508, 0x0508, 0x0D29, 0x0D29, 0x1D2A, 0x252A, 0x352B, 0x3D2C, 0x454D, 0x554E, 0x5D4F, 0x6D50, 0x7551, 0x7551, 0x7552,
    0x7552, 0x7573, 0x7573, 0x7574, 0x7574, 0x7575, 0x7556, 0x7556, 0x7556, 0x7577, 0x7578, 0x7578, 0x7579, 0x7599, 0x7DBA, 0x85DB,
    0x0D49, 0x1549, 0x1D49, 0x254A, 0x2D4A, 0x2D4B, 0x3D4C, 0x454C, 0x4D4D, 0x554D, 0x5D4E, 0x6570, 0x7571, 0x7D71, 0x7D72, 0x7D72,
    0x7D92, 0x7D93, 0x8594, 0x8594, 0x7D95, 0x7D95, 0x7D96, 0x7D96, 0x7D96, 0x7D97, 0x7D98, 0x7D98, 0x7DB9, 0x7DBA, 0x7DDA, 0x85FB,
    0x2D6B, 0x356B, 0x356B, 0x3D6B, 0x3D6C, 0x456C, 0x456D, 0x4D6D, 0x556E, 0x5D6E, 0x658F, 0x6D90, 0x7D91, 0x8592, 0x8592, 0x8593,
    0x85B3, 0x85B3, 0x8DB4, 0x8DB5, 0x8DB5, 0x8DB5, 0x85B6, 0x85B6, 0x85B7, 0x85B7, 0x7DB7, 0x85D8, 0x85D9, 0x85DA, 0x85FA, 0x861C,
    0x458C, 0x458C, 0x458C, 0x4DAD, 0x4D8D, 0x558D, 0x558D, 0x5D8E, 0x658F, 0x6DAF, 0x6DB0, 0x75B1, 0x7DB1, 0x85B2, 0x8DB3, 0x8DB3,
    0x8DB3, 0x8DD4, 0x8DD4, 0x8DD5, 0x8DD5, 0x8DD6, 0x8DD6, 0x8DD6, 0x8DD7, 0x85D7, 0x85D8, 0x85F8, 0x85F9, 0x85FA, 0x861B, 0x8E3C,
    0x55AD, 0x55AD, 0x55CD, 0x5DCE, 0x5DAE, 0x5DAE, 0x65AE, 0x65AF, 0x6DAF, 0x75D0, 0x75D0, 0x7DD1, 0x85D2, 0x8DD2, 0x8DD3, 0x95D3,
    0x95D4, 0x95F4, 0x95F4, 0x95F5, 0x95F5, 0x95F6, 0x95F6, 0x95F6, 0x8DF7, 0x8DF7, 0x8E18, 0x8E18, 0x8E19, 0x8E3A, 0x8E5B, 0x8E7C,
    0x5DCE, 0x65CE, 0x65CE, 0x65CE, 0x65CF, 0x6DCF, 0x6DCF, 0x6DD0, 0x75D0, 0x7DF1, 0x7DF1, 0x85F1, 0x85F2, 0x8DF3, 0x95F3, 0x95F4,
    0x95F4, 0x9614, 0x9615, 0x9E15, 0x9E15, 0x9E16, 0x9E36, 0x9E37, 0x9637, 0x9637, 0x9638, 0x9639, 0x8E39, 0x8E5A, 0x8E7B, 0x8E9C,
    0x6DEF, 0x75F0, 0x75F0, 0x7610, 0x75F0, 0x75F0, 0x7DF0, 0x7DF1, 0x8611, 0x8611, 0x8612, 0x8612, 0x8E13, 0x9613, 0x9614, 0x9E14,
    0x9E14, 0x9E35, 0x9E35, 0x9E36, 0x9E36, 0x9E36, 0x9E57, 0x9E57, 0x9E57, 0x9E58, 0x9658, 0x9659, 0x967A, 0x967A, 0x969B, 0x96BC,
    0x7E31, 0x7E31, 0x8631, 0x8631, 0x8631, 0x8631, 0x8631, 0x8632, 0x8E32, 0x8E32, 0x8E32, 0x8E33, 0x9633, 0x9633, 0x9E34, 0x9E34,
    0x9E55, 0xA655, 0xA655, 0x9E56, 0xA676, 0xA677, 0xA677, 0xA677, 0xA678, 0x9E98, 0x9E78, 0x9E99, 0x969A, 0x96BA, 0x96BB, 0x96DC,
    0x8E52, 0x8E52, 0x8E52, 0x8E52, 0x8E52, 0x8E52, 0x8E52, 0x8E52, 0x9653, 0x9673, 0x9653, 0x9673, 0x9674, 0x9E74, 0x9E74, 0x9E75,
    0xA675, 0xA676, 0xA696, 0xA696, 0xA696, 0xA697, 0xA697, 0xA698, 0xA6B8, 0xA6B8, 0xA6B9, 0x9EB9, 0x9EBA, 0x9EDA, 0x96FB, 0x971C,
    0x9693, 0x9693, 0x9693, 0x9693, 0x9693, 0x9693, 0x9693, 0x9E93, 0x9E94, 0x9E94, 0x9E94, 0x9E94, 0x9E94, 0x9EB5, 0x9EB5, 0x9EB5,
    0xA6B6, 0xA6B6, 0xA6B6, 0xA6B6, 0xA6D7, 0xA6D7, 0xA6D7, 0xA6D8, 0xA6D8, 0xA6F9, 0xA6F9, 0xA6FA, 0x9EFA, 0x9EFA, 0x9F1C, 0x9F3C,
    0x9ED4, 0x9ED4, 0x9ED4, 0x9ED4, 0x9ED4, 0x9ED4, 0x9ED4, 0x9ED4, 0xA6D5, 0xA6D5, 0xA6D5, 0xA6D5, 0xA6D5, 0xA6D5, 0xA6F5, 0xA6F6,
    0xA6F6, 0xA6F6, 0xAEF7, 0xAEF7, 0xAF17, 0xAF17, 0xAF18, 0xAF18, 0xAF19, 0xAF19, 0xA71A, 0xA73A, 0xA73A, 0xA73B, 0x9F3B, 0x9F5C,
    0x18A1, 0x18A2, 0x18A2, 0x18A2, 0x18A2, 0x18A3, 0x18A3, 0x18A4, 0x18C5, 0x18A6, 0x18A7, 0x18A8, 0x18AA, 0x18AB, 0x10CD, 0x10AE,
    0x08CF, 0x00D1, 0x00D2, 0x00F3, 0x00F4, 0x0114, 0x0935, 0x1956, 0x2177, 0x29B7, 0x39D8, 0x4238, 0x5279, 0x5ADA, 0x6B3B, 0x7BBC,
    0x18A2, 0x18A2, 0x18A2, 0x18A2, 0x18A2, 0x18A3, 0x18C3, 0x18C4, 0x18C5, 0x18C6, 0x20C7, 0x20C9, 0x18CA, 0x18CC, 0x10CD, 0x10CE,
    0x08D0, 0x00D1, 0x00F2, 0x00F3, 0x0114, 0x0115, 0x1136, 0x1956, 0x2177, 0x31B7, 0x39F8, 0x4239, 0x5279, 0x5ADA, 0x6B3B, 0x7BBC,
    0x18A2, 0x18C2, 0x18C2, 0x18C2, 0x18C2, 0x18C3, 0x18C4, 0x18C4, 0x20C5, 0x18C6, 0x20C8, 0x18C9, 0x18CA, 0x18CC, 0x10CD, 0x08EE,
    0x08F0, 0x00F1, 0x00F2, 0x0113, 0x0114, 0x0935, 0x1156, 0x1976, 0x2197, 0x29D7, 0x3A18, 0x4259, 0x5299, 0x5AFA, 0x6B5B, 0x7BDC,
    0x18C2, 0x18C2, 0x18C2, 0x18C2, 0x18C3, 0x18E3, 0x18E4, 0x18E4, 0x20E5, 0x20E7, 0x18E8, 0x18E9, 0x18EA, 0x10EC, 0x10ED, 0x08EF,
    0x0110, 0x0111, 0x0112, 0x0133, 0x0134, 0x0955, 0x1175, 0x1996, 0x21B7, 0x31F7, 0x3A18, 0x4258, 0x52B9, 0x5AFA, 0x6B5A, 0x7BDC,
    0x18E2, 0x18E2, 0x18E2, 0x18E3, 0x18E3, 0x18E3, 0x18E4, 0x18E4, 0x18E5, 0x18E7, 0x18E8, 0x1909, 0x190B, 0x110C, 0x090D, 0x092F,
    0x0130, 0x0131, 0x0132, 0x0153, 0x0174, 0x0975, 0x1195, 0x21B6, 0x29D6, 0x3217, 0x3A38, 0x4A78, 0x52B9, 0x62FA, 0x6B5A, 0x7BDB,
    0x18E2, 0x18E2, 0x18E2, 0x1903, 0x1903, 0x1903, 0x1904, 0x1905, 0x1926, 0x1907, 0x1928, 0x1929, 0x112B, 0x112C, 0x092D, 0x012F,
    0x0150, 0x0151, 0x0172, 0x0173, 0x0194, 0x09B5, 0x19D6, 0x21F6, 0x29F6, 0x3237, 0x3A58, 0x4A99, 0x52D9, 0x631A, 0x737B, 0x7BFB,
    0x1902, 0x1902, 0x1902, 0x1923, 0x1923, 0x1923, 0x1924, 0x1945, 0x1946, 0x1947, 0x1948, 0x1149, 0x116B, 0x096C, 0x016D, 0x016F,
    0x0170, 0x0191, 0x0192, 0x01B3, 0x01B4, 0x09D5, 0x19F6, 0x2216, 0x2A37, 0x3257, 0x4298, 0x4AB8, 0x5AF9, 0x635A, 0x739A, 0x841B,
    0x1922, 0x1922, 0x1923, 0x1943, 0x1943, 0x2144, 0x2164, 0x2165, 0x1966, 0x1967, 0x1988, 0x1189, 0x118B, 0x01AC, 0x01AD, 0x01AF,
    0x01B0, 0x01B1, 0x01D2, 0x01F3, 0x01F4, 0x09F5, 0x1A16, 0x2236, 0x3277, 0x3A97, 0x42B8, 0x52F8, 0x5B39, 0x637A, 0x73DA, 0x843B,
    0x1962, 0x1962, 0x1963, 0x1963, 0x1963, 0x2184, 0x2185, 0x21A5, 0x19A6, 0x19A7, 0x11C8, 0x11C9, 0x09EB, 0x01EC, 0x020E, 0x020F,
    0x0210, 0x0211, 0x0213, 0x0233, 0x0234, 0x1235, 0x2256, 0x2A76, 0x3297, 0x3AD7, 0x42F8, 0x5318, 0x5B59, 0x6B9A, 0x73FB, 0x845B,
    0x1983, 0x19A2, 0x19A3, 0x19A3, 0x19A3, 0x19C4, 0x21C5, 0x21E5, 0x21E6, 0x1A07, 0x1208, 0x0A29, 0x022B, 0x024D, 0x024E, 0x024F,
    0x0250, 0x0271, 0x0272, 0x0273, 0x0274, 0x1295, 0x2295, 0x2AB6, 0x32D7, 0x3AF7, 0x4B18, 0x5358, 0x5B99, 0x6BBA, 0x7C1B, 0x845B,
    0x11C2, 0x11E3, 0x11E3, 0x19E3, 0x1A04, 0x1A04, 0x2225, 0x2226, 0x2247, 0x1A47, 0x1A69, 0x126A, 0x026B, 0x028D, 0x028E, 0x02AF,
    0x02B0, 0x02B1, 0x02D2, 0x0AD3, 0x1AD4, 0x22D5, 0x2AF6, 0x2AF6, 0x3316, 0x4337, 0x4B58, 0x5378, 0x63B9, 0x6BFA, 0x7C3B, 0x847B,
    0x0A02, 0x0A23, 0x1223, 0x1244, 0x1244, 0x1264, 0x1A65, 0x2286, 0x22A7, 0x1AA8, 0x1AA9, 0x12CA, 0x02CC, 0x02ED, 0x02EE, 0x02EF,
    0x02F0, 0x0311, 0x0312, 0x0B13, 0x1B14, 0x2B35, 0x3336, 0x3356, 0x3B56, 0x4377, 0x5378, 0x5BB8, 0x63D9, 0x6C1A, 0x7C5A, 0x849B,
    0x0263, 0x0263, 0x0A83, 0x0AA4, 0x0AA4, 0x0AA5, 0x12C5, 0x1AC7, 0x22E8, 0x2308, 0x1B09, 0x130A, 0x0B2C, 0x032D, 0x032E, 0x034F,
    0x0350, 0x0351, 0x0352, 0x0353, 0x1354, 0x2375, 0x3375, 0x3B96, 0x43B6, 0x4BB7, 0x53B8, 0x5BF8, 0x6419, 0x6C3A, 0x7C7A, 0x84BB,
    0x02A3, 0x02A3, 0x02C3, 0x02C4, 0x02C4, 0x0AE5, 0x0B06, 0x1B27, 0x2328, 0x2349, 0x234A, 0x1B6B, 0x136C, 0x038D, 0x038E, 0x038F,
    0x0390, 0x0391, 0x0392, 0x0393, 0x0B94, 0x1BB5, 0x33B5, 0x3BD6, 0x4BF6, 0x53F7, 0x5C17, 0x6438, 0x6C59, 0x747A, 0x7C9B, 0x8CDB,
    0x0303, 0x0303, 0x0324, 0x0324, 0x0324, 0x0345, 0x0366, 0x0B67, 0x1B88, 0x2BA9, 0x23AA, 0x23CB, 0x1BCC, 0x13EE, 0x0BEF, 0x03EF,
    0x03F1, 0x03D2, 0x03F3, 0x0BF3, 0x13F4, 0x1BF5, 0x2C15, 0x3C16, 0x4C16, 0x5437, 0x6438, 0x6C78, 0x7499, 0x7C9A, 0x84BB, 0x8CFB,
    0x0363, 0x0364, 0x0384, 0x0384, 0x0385, 0x03A6, 0x03A6, 0x0BC7, 0x1BC8, 0x2BEA, 0x2C0B, 0x2C0C, 0x2C2D, 0x242E, 0x242F, 0x1C30,
    0x1431, 0x1432, 0x1C33, 0x1C33, 0x2434, 0x2435, 0x3435, 0x3C36, 0x4456, 0x5457, 0x5C77, 0x6C98, 0x74B9, 0x7CBA, 0x84FA, 0x8D1B,
    0x03C4, 0x03C4, 0x03C5, 0x03C5, 0x03E6, 0x03E6, 0x0407, 0x0C08, 0x1C29, 0x344A, 0x344C, 0x344C, 0x346D, 0x3C8F, 0x348F, 0x2C90,
    0x2C71, 0x2C72, 0x2C73, 0x3474, 0x3474, 0x3475, 0x3C75, 0x3C76, 0x4476, 0x5477, 0x5C97, 0x64B8, 0x6CB9, 0x7CDA, 0x851A, 0x8D3B,
    0x0404, 0x0404, 0x0425, 0x0426, 0x0426, 0x0447, 0x0448, 0x0C48, 0x1C6A, 0x346B, 0x3C8C, 0x448D, 0x44AE, 0x44AF, 0x44D0, 0x44D1,
    0x3CB1, 0x3CB2, 0x3CB3, 0x3CB4, 0x44B4, 0x44B5, 0x44B5, 0x4496, 0x4C96, 0x54B7, 0x5CB7, 0x64D8, 0x6CD9, 0x74F9, 0x7D3A, 0x8D5C,
    0x0465, 0x0465, 0x0466, 0x0466, 0x0467, 0x0487, 0x0488, 0x1489, 0x24AA, 0x34AB, 0x44AD, 0x4CCE, 0x54CE, 0x54EF, 0x54F0, 0x54F1,
    0x54F1, 0x4CF2, 0x4CF3, 0x4CF3, 0x4CF4, 0x54F5, 0x54D5, 0x54D6, 0x54D6, 0x5CD7, 0x5CF7, 0x64F8, 0x6D19, 0x751A, 0x7D5A, 0x857B,
    0x0486, 0x0486, 0x04A7, 0x04A7, 0x04A8, 0x04A8, 0x0CA9, 0x1CC9, 0x2CCA, 0x34CB, 0x44ED, 0x54EE, 0x5D0F, 0x5D0F, 0x5D10, 0x5D11,
    0x6532, 0x6532, 0x5D13, 0x5D14, 0x5D14, 0x5D15, 0x5D15, 0x5D16, 0x6516, 0x6517, 0x6517, 0x6538, 0x6D39, 0x755A, 0x7D7A, 0x859C,
    0x04C7, 0x04E7, 0x04E7, 0x04E8, 0x04E8, 0x0CE9, 0x1CE9, 0x24EA, 0x350B, 0x3D0C, 0x4D0D, 0x5D2E, 0x652F, 0x6530, 0x6D31, 0x6D31,
    0x6D52, 0x6D53, 0x6D53, 0x6D54, 0x6554, 0x6555, 0x6D35, 0x6D36, 0x6D36, 0x6D37, 0x6D57, 0x6D58, 0x6D59, 0x757A, 0x7D9A, 0x85BC,
    0x0508, 0x0508, 0x0D28, 0x0D29, 0x1529, 0x1D2A, 0x2D2A, 0x352B, 0x452C, 0x4D4D, 0x554E, 0x5D4F, 0x6D50, 0x7551, 0x7551, 0x7552,
    0x7552, 0x7573, 0x7D73, 0x7574, 0x7575, 0x7555, 0x7576, 0x7556, 0x7557, 0x7577, 0x7577, 0x7578, 0x7579, 0x7D9A, 0x7DBA, 0x85DB,
    0x1549, 0x1D4A, 0x254A, 0x254A, 0x2D4A, 0x354B, 0x3D4C, 0x454C, 0x4D4D, 0x554D, 0x5D4E, 0x654F, 0x7570, 0x7D71, 0x7D72, 0x7D72,
    0x8573, 0x8593, 0x8594, 0x8594, 0x8595, 0x7D95, 0x7D96, 0x7D96, 0x7D96, 0x7D97, 0x7D98, 0x7D98, 0x7D99, 0x7DBA, 0x85DA, 0x85FC,
    0x2D6A, 0x356B, 0x356B, 0x3D6B, 0x456C, 0x456C, 0x4D6C, 0x556D, 0x5D6E, 0x5D6E, 0x658F, 0x6D90, 0x7591, 0x8592, 0x8592, 0x8592,
    0x8D93, 0x8DB3, 0x8DB4, 0x8DB5, 0x8DB5, 0x8DB5, 0x85B6, 0x85B6, 0x85B7, 0x85B7, 0x85B8, 0x85B8, 0x85D9, 0x85DA, 0x85FA, 0x8E1C,
    0x458C, 0x458C, 0x4D8C, 0x4D8C, 0x4D8D, 0x558D, 0x5D8D, 0x5D8E, 0x658F, 0x6DAF, 0x6DB0, 0x75B1, 0x7DB1, 0x85B2, 0x8DB3, 0x8DB3,
    0x8DB3, 0x8DD4, 0x95D4, 0x95D5, 0x95D5, 0x95D6, 0x8DD6, 0x8DD6, 0x8DD7, 0x8DD7, 0x8DD8, 0x85F8, 0x85F9, 0x861A, 0x8E1B, 0x8E3C,
    0x55AD, 0x55AD, 0x5DAD, 0x5DAD, 0x5DAE, 0x5DAE, 0x65AE, 0x6DAF, 0x6DAF, 0x75D0, 0x75D0, 0x7DD1, 0x85D2, 0x85D2, 0x8DD3, 0x95D3,
    0x95D4, 0x95F4, 0x95F4, 0x95F5, 0x95F5, 0x95F6, 0x95F6, 0x95F6, 0x8DF7, 0x8DF7, 0x8DF8, 0x8E18, 0x8E19, 0x8E3A, 0x8E5B, 0x8E7C,
    0x5DCE, 0x65CE, 0x65CE, 0x65CE, 0x6DCF, 0x6DCF, 0x6DCF, 0x75D0, 0x75D0, 0x7DF1, 0x7DD1, 0x85F1, 0x85F2, 0x8DF2, 0x95F3, 0x95F4,
    0x95F4, 0x9614, 0x9615, 0x9E15, 0x9E15, 0x9E16, 0x9E36, 0x9E37, 0x9637, 0x9638, 0x9638, 0x9639, 0x9639, 0x8E5A, 0x8E7B, 0x8E9C,
    0x6E0F, 0x75F0, 0x75F0, 0x7610, 0x7DF0, 0x7610, 0x7E11, 0x7DF1, 0x85F1, 0x8611, 0x8611, 0x8612, 0x8E12, 0x9613, 0x9613, 0x9E14,
    0x9E14, 0x9E35, 0x9E35, 0x9E36, 0x9E36, 0xA636, 0x9E57, 0x9E57, 0x9E57, 0x9E58, 0x9658, 0x9659, 0x967A, 0x967A, 0x969B, 0x96BC,
    0x7E30, 0x7E31, 0x8631, 0x8631, 0x8611, 0x8631, 0x8631, 0x8632, 0x8E32, 0x8E32, 0x8E32, 0x8E33, 0x9633, 0x9633, 0x9E34, 0x9E34,
    0x9E35, 0xA655, 0xA656, 0xA656, 0xA656, 0xA677, 0xA677, 0xA677, 0xA678, 0xA698, 0x9E78, 0x9E79, 0x9E9A, 0x96BA, 0x96BB, 0x96FC,
    0x8E52, 0x8E52, 0x8E52, 0x8E52, 0x8E52, 0x8E52, 0x8E52, 0x8E53, 0x9673, 0x9673, 0x9653, 0x9653, 0x9674, 0x9E74, 0x9E74, 0x9E75,
    0xA675, 0xA676, 0xA696, 0xA696, 0xA696, 0xA697, 0xA697, 0xA697, 0xA6B8, 0xA6B8, 0xA6B9, 0x9EB9, 0x9EBA, 0x9EDA, 0x96DB, 0x971C,
    0x9693, 0x9693, 0x9693, 0x9693, 0x9693, 0x9693, 0x9693, 0x9693, 0x9E94, 0x9E94, 0x9E94, 0x9E94, 0x9E94, 0x9E94, 0x9EB4, 0xA6B5,
    0xA6B6, 0xA6B6, 0xA6B6, 0xA6B6, 0xA6D7, 0xA6D7, 0xA6D8, 0xA6D8, 0xA6D8, 0xA6D9, 0xA6F9, 0xA6F9, 0x9EFA, 0x9EFB, 0x9F1B, 0x9F3C,
    0x9ED4, 0x9ED4, 0x9ED4, 0xA6D4, 0xA6B4, 0x9ED4, 0x9ED4, 0x9ED4, 0x9ED4, 0xA6D5, 0x9ED5, 0xA6D5, 0xA6D5, 0xA6D5, 0xA6F5, 0xA6F6,
    0xA6F6, 0xA6F6, 0xAEF7, 0xAEF7, 0xAF17, 0xAF18, 0xAEF8, 0xAF18, 0xA719, 0xA719, 0xA71A, 0xA73A, 0xA73A, 0x9F3B, 0x9F3B, 0x9F5C,
    0x18A2, 0x20A2, 0x18A2, 0x18A2, 0x18A2, 0x18A3, 0x20A3, 0x20A4, 0x20A5, 0x20A6, 0x20A7, 0x20C8, 0x20AA, 0x20AB, 0x20AD, 0x18AE,
    0x18D0, 0x10D1, 0x10D2, 0x10D3, 0x10F4, 0x1915, 0x1935, 0x2156, 0x2977, 0x31B7, 0x41D8, 0x4A39, 0x5279, 0x62DA, 0x6B3B, 0x83BC,
    0x20A2, 0x20A2, 0x20A2, 0x20A2, 0x20C2, 0x20C3, 0x20C3, 0x20C4, 0x20C5, 0x20C6, 0x20C7, 0x20C9, 0x20CA, 0x20CB, 0x20CD, 0x18CE,
    0x18D0, 0x10D1, 0x10F2, 0x10F3, 0x1914, 0x1915, 0x1935, 0x2176, 0x2997, 0x31B7, 0x39F8, 0x4A38, 0x5299, 0x62DA, 0x735B, 0x83BB,
    0x20A2, 0x20A2, 0x20C2, 0x20C2, 0x20C3, 0x20C3, 0x20C4, 0x20C4, 0x20C5, 0x20C6, 0x20C8, 0x20C9, 0x20CA, 0x20CC, 0x20CD, 0x18EF,
    0x18F0, 0x10F1, 0x10F2, 0x1113, 0x1914, 0x1935, 0x2156, 0x2976, 0x2997, 0x31D7, 0x4218, 0x4A58, 0x5299, 0x62FA, 0x735B, 0x83DB,
    0x20C2, 0x20C2, 0x20C2, 0x20C2, 0x20C3, 0x20C3, 0x20E4, 0x20E4, 0x20E5, 0x20E6, 0x20E8, 0x20E9, 0x20EA, 0x20EC, 0x18ED, 0x18EF,
    0x1910, 0x1911, 0x1112, 0x1133, 0x1934, 0x1955, 0x2176, 0x2996, 0x31B7, 0x39F7, 0x4218, 0x4A58, 0x52B9, 0x62FA, 0x735B, 0x83DB,
    0x20C2, 0x20E2, 0x20E2, 0x20E2, 0x20E3, 0x20E4, 0x20E4, 0x20E5, 0x20E5, 0x20E7, 0x2108, 0x2109, 0x210B, 0x210C, 0x190D, 0x190F,
    0x1930, 0x1931, 0x1132, 0x1153, 0x1974, 0x1975, 0x2196, 0x29B6, 0x31D7, 0x3A17, 0x4238, 0x4A78, 0x52B9, 0x631A, 0x737B, 0x83DC,
    0x18E2, 0x18E2, 0x1902, 0x2103, 0x2103, 0x2103, 0x2104, 0x2105, 0x2106, 0x2107, 0x2128, 0x2129, 0x212B, 0x192C, 0x192D, 0x194F,
    0x1150, 0x1151, 0x1152, 0x1173, 0x1994, 0x19B5, 0x21B6, 0x29F6, 0x3217, 0x3A37, 0x4278, 0x4A99, 0x5AD9, 0x633A, 0x737B, 0x83FB,
    0x1902, 0x1902, 0x1902, 0x2123, 0x2123, 0x2123, 0x2124, 0x2145, 0x2146, 0x2147, 0x2148, 0x2149, 0x194B, 0x194C, 0x116D, 0x116F,
    0x1170, 0x1191, 0x1192, 0x11B3, 0x11B4, 0x19D5, 0x21F6, 0x2A16, 0x3236, 0x3A57, 0x4298, 0x52B8, 0x5B19, 0x6B5A, 0x73BB, 0x841B,
    0x1922, 0x1922, 0x2143, 0x2143, 0x2143, 0x2144, 0x2164, 0x2165, 0x2166, 0x2187, 0x1988, 0x1989, 0x198B, 0x198C, 0x11AE, 0x09AF,
    0x09B0, 0x09B1, 0x09D2, 0x11F3, 0x11F4, 0x1A15, 0x2235, 0x2A56, 0x3A77, 0x4297, 0x4AB8, 0x52F8, 0x5B39, 0x6B7A, 0x73DB, 0x843C,
    0x1962, 0x1962, 0x1963, 0x2163, 0x2183, 0x2184, 0x2184, 0x21A5, 0x21A6, 0x21C7, 0x19C8, 0x19CA, 0x19EB, 0x11ED, 0x11EE, 0x09EF,
    0x09F0, 0x0A11, 0x0A12, 0x1233, 0x1234, 0x1A55, 0x2275, 0x3296, 0x3AB7, 0x42D7, 0x4AF8, 0x5338, 0x5B59, 0x6B9A, 0x73FB, 0x8C3C,
    0x1982, 0x19A3, 0x19A3, 0x19A3, 0x21C3, 0x21A4, 0x21C5, 0x21E5, 0x2206, 0x2207, 0x2209, 0x1A2A, 0x122B, 0x0A4C, 0x0A4E, 0x0A4F,
    0x1250, 0x1251, 0x0A72, 0x1273, 0x1274, 0x2295, 0x2A96, 0x32B6, 0x3AD6, 0x42F7, 0x4B38, 0x5B58, 0x6399, 0x6BDA, 0x7C1A, 0x8C5B,
    0x19C2, 0x19E3, 0x19E3, 0x19E3, 0x1A04, 0x2204, 0x2225, 0x2226, 0x2247, 0x2267, 0x2269, 0x1A6A, 0x128B, 0x0A8D, 0x028E, 0x02AF,
    0x02B0, 0x0AB1, 0x12B2, 0x1AD3, 0x22D4, 0x22D5, 0x2AF6, 0x32F6, 0x3B16, 0x4337, 0x5358, 0x5B78, 0x63B9, 0x6BFA, 0x7C3A, 0x8C7B,
    0x1223, 0x1223, 0x1223, 0x1A44, 0x1A44, 0x1A64, 0x2265, 0x2286, 0x2AA7, 0x22A8, 0x22A9, 0x1ACA, 0x12CC, 0x0AED, 0x02EE, 0x02EF,
    0x02F0, 0x02F1, 0x1312, 0x1B13, 0x2314, 0x2B35, 0x3335, 0x3B56, 0x4356, 0x4B77, 0x5398, 0x5BB8, 0x63D9, 0x6C1A, 0x7C5A, 0x8C9B,
    0x0A63, 0x0A63, 0x1283, 0x1284, 0x1284, 0x12A5, 0x1AA5, 0x22C7, 0x2AE8, 0x2B08, 0x2309, 0x232B, 0x1B2C, 0x132D, 0x0B2E, 0x034F,
    0x0350, 0x0351, 0x0B52, 0x1353, 0x2374, 0x3375, 0x3B95, 0x4396, 0x4B97, 0x4BB7, 0x53D8, 0x63F8, 0x6C19, 0x743A, 0x7C7A, 0x8CBB,
    0x02A3, 0x02C3, 0x0AC4, 0x0AC4, 0x0AC4, 0x12E5, 0x12E6, 0x1B07, 0x2328, 0x2B49, 0x2B4A, 0x236B, 0x1B6C, 0x136D, 0x138E, 0x0B8F,
    0x0390, 0x0391, 0x0392, 0x0B93, 0x1B94, 0x2BB5, 0x3BD5, 0x43D6, 0x53F6, 0x5BF7, 0x5C18, 0x6438, 0x6C59, 0x747A, 0x7C9A, 0x8CDB,
    0x0303, 0x0303, 0x0324, 0x0324, 0x0324, 0x0B45, 0x0B46, 0x1B67, 0x2388, 0x33AA, 0x2BAA, 0x2BCB, 0x2BCD, 0x23EE, 0x1BEF, 0x13F0,
    0x13F1, 0x13D1, 0x13F2, 0x1BF3, 0x23F4, 0x23F5, 0x3415, 0x4416, 0x4C16, 0x5C37, 0x6438, 0x6C78, 0x7479, 0x7C9A, 0x84BA, 0x8CFB,
    0x0364, 0x0364, 0x0364, 0x0384, 0x0385, 0x0385, 0x0BA6, 0x13C7, 0x23C9, 0x33EA, 0x33EB, 0x340C, 0x342D, 0x342E, 0x2C2F, 0x2430,
    0x2431, 0x2432, 0x2433, 0x2C33, 0x2C34, 0x3434, 0x3C35, 0x4436, 0x4C56, 0x5457, 0x6478, 0x6C98, 0x74B9, 0x7CDA, 0x84FA, 0x8D1B,
    0x03C4, 0x03C4, 0x03C4, 0x03C5, 0x03E5, 0x03E6, 0x03E7, 0x1408, 0x2429, 0x342A, 0x3C4C, 0x3C4D, 0x3C6D, 0x3C8E, 0x3C8F, 0x3490,
    0x3491, 0x3492, 0x3473, 0x3C73, 0x3C74, 0x3C74, 0x4475, 0x4476, 0x4C76, 0x5497, 0x5C97, 0x6CB8, 0x74D9, 0x7CFA, 0x851A, 0x8D3B,
    0x0404, 0x0405, 0x0425, 0x0425, 0x0426, 0x0447, 0x0448, 0x1448, 0x246A, 0x346B, 0x448C, 0x4C8D, 0x4CAE, 0x4CAF, 0x4CD0, 0x4CD1,
    0x44D1, 0x44D2, 0x44B2, 0x44B3, 0x44B4, 0x4CB5, 0x4CB5, 0x4CB6, 0x4CB6, 0x54B7, 0x5CB7, 0x6CD8, 0x74D9, 0x7CFA, 0x851B, 0x8D5C,
    0x0445, 0x0466, 0x0466, 0x0466, 0x0467, 0x0488, 0x0C88, 0x1CA9, 0x2CAA, 0x34AB, 0x44AD, 0x4CCE, 0x54CE, 0x5CCF, 0x54F0, 0x5CF1,
    0x54F1, 0x54F2, 0x4CF3, 0x54F3, 0x54F4, 0x54D5, 0x54D5, 0x54D6, 0x5CD6, 0x5CD7, 0x5CF7, 0x64F8, 0x6CF9, 0x751A, 0x7D3A, 0x8D7B,
    0x0486, 0x04A6, 0x04A7, 0x04A7, 0x04A7, 0x04A8, 0x14C9, 0x24CA, 0x34CB, 0x3CCC, 0x4CED, 0x54EE, 0x5CEF, 0x6510, 0x6510, 0x6511,
    0x6532, 0x6532, 0x5D33, 0x5D14, 0x5D14, 0x5D15, 0x5D15, 0x6516, 0x6516, 0x6517, 0x6517, 0x6D18, 0x6D39, 0x7559, 0x7D7A, 0x8D9C,
    0x04C7, 0x04C7, 0x04E7, 0x04E8, 0x0CE8, 0x14E9, 0x24E9, 0x2CEA, 0x3D0B, 0x450C, 0x4D0D, 0x5D0E, 0x652F, 0x6D30, 0x6D51, 0x6D51,
    0x6D52, 0x6D52, 0x6D53, 0x6D54, 0x6D54, 0x6D55, 0x6D55, 0x6D36, 0x6D36, 0x6D37, 0x6D37, 0x7558, 0x7559, 0x757A, 0x7D9B, 0x85BC,
    0x0508, 0x0D08, 0x0D08, 0x1509, 0x1D09, 0x250A, 0x352A, 0x3D2B, 0x452C, 0x4D2D, 0x554E, 0x654F, 0x6D50, 0x7551, 0x7551, 0x7552,
    0x7D52, 0x7D73, 0x7D73, 0x7D74, 0x7575, 0x7575, 0x7575, 0x7556, 0x7576, 0x7577, 0x7577, 0x7D78, 0x7D79, 0x7D9A, 0x7DBB, 0x85DC,
    0x1D49, 0x2549, 0x2D49, 0x2D4A, 0x354A, 0x354B, 0x3D4B, 0x454C, 0x4D4D, 0x554E, 0x5D4E, 0x6D6F, 0x7570, 0x7D71, 0x7D72, 0x7D72,
    0x8573, 0x8593, 0x8594, 0x8594, 0x8595, 0x7D95, 0x7D96, 0x7D96, 0x7D96, 0x7D97, 0x7D97, 0x7D98, 0x7D99, 0x7DBA, 0x85DA, 0x85FC,
    0x356A, 0x356B, 0x3D6B, 0x3D6B, 0x456C, 0x456C, 0x4D6C, 0x556D, 0x5D6E, 0x656E, 0x658F, 0x6D90, 0x7591, 0x8592, 0x8592, 0x8593,
    0x8593, 0x8DB4, 0x8DB4, 0x8DB5, 0x8DB5, 0x8DB5, 0x8DB6, 0x85B6, 0x85B7, 0x85B7, 0x85B7, 0x85B8, 0x85D9, 0x85DA, 0x85FA, 0x861B,
    0x458C, 0x4D8C, 0x4D8C, 0x4D8D, 0x558D, 0x558D, 0x5D8D, 0x5D8E, 0x658F, 0x6D8F, 0x6DB0, 0x75B0, 0x7DB1, 0x85B2, 0x8DB3, 0x8DB3,
    0x8DB3, 0x8DD4, 0x95D4, 0x95D5, 0x95D5, 0x95D5, 0x8DD6, 0x8DD6, 0x8DD7, 0x8DD7, 0x8DD8, 0x85D8, 0x85F9, 0x861A, 0x861A, 0x8E3C,
    0x55AD, 0x55AD, 0x5DAD, 0x5DAE, 0x5DAE, 0x65AE, 0x65AF, 0x6DAF, 0x6DAF, 0x75B0, 0x7DB0, 0x7DD1, 0x85D2, 0x85D2, 0x8DD3, 0x95D3,
    0x95D4, 0x95D4, 0x95F4, 0x95F5, 0x95F5, 0x95F6, 0x95F6, 0x95F6, 0x95F7, 0x8DF7, 0x8E18, 0x8E19, 0x8E19, 0x8E3A, 0x8E5B, 0x8E7C,
    0x65CE, 0x65CE, 0x65CE, 0x6DCF, 0x6DCF, 0x6DCF, 0x6DCF, 0x75D0, 0x75D0, 0x7DD1, 0x7DD1, 0x85F1, 0x85F2, 0x8DF3, 0x95F3, 0x95F4,
    0x9DF4, 0x9DF4, 0x9E15, 0x9E15, 0x9E15, 0x9E16, 0x9E36, 0x9E37, 0x9617, 0x9638, 0x9638, 0x9639, 0x9659, 0x8E5A, 0x967B, 0x969C,
    0x75EF, 0x75F0, 0x75F0, 0x75F0, 0x75F0, 0x7DF0, 0x7DF1, 0x7DF1, 0x85F1, 0x85F2, 0x85F2, 0x8E12, 0x8E13, 0x8E13, 0x9613, 0x9614,
    0x9E14, 0x9E15, 0x9E35, 0x9E36, 0x9E36, 0xA636, 0x9E56, 0x9E57, 0x9E58, 0x9E58, 0x9E58, 0x9659, 0x965A, 0x967A, 0x969B, 0x96BC,
    0x7E31, 0x8631, 0x8631, 0x8631, 0x8611, 0x8611, 0x8632, 0x8E32, 0x8E32, 0x8E32, 0x8E32, 0x8E33, 0x9633, 0x9633, 0x9634, 0x9E54,
    0x9E55, 0xA655, 0xA656, 0xA656, 0xA676, 0xA676, 0xA677, 0xA677, 0xA698, 0xA698, 0x9E79, 0x9E79, 0x9E9A, 0x96BA, 0x96BB, 0x96DC,
    0x8E52, 0x8E52, 0x8E52, 0x8E52, 0x8E52, 0x8E52, 0x8E52, 0x9653, 0x9653, 0x9653, 0x9673, 0x9673, 0x9674, 0x9E74, 0x9E74, 0x9E75,
    0xA675, 0xA696, 0xA696, 0xA696, 0xA697, 0xA697, 0xA697, 0xA6B8, 0xA6B8, 0xA6B8, 0xA6B9, 0x9EB9, 0x9EBA, 0x9EDA, 0x96DB, 0x9F1C,
    0x9693, 0x9693, 0x9693, 0x9693, 0x9E93, 0x9693, 0x9E93, 0x9E93, 0x9E94, 0x9E94, 0x9E94, 0x9E94, 0x9E94, 0x9E94, 0x9E95, 0x9EB5,
    0xA6B5, 0xA6B6, 0xA6B6, 0xA6B7, 0xAED7, 0xA6D7, 0xA6D7, 0xAED8, 0xA6D8, 0xA6F9, 0xA6F9, 0xA6FA, 0xA6FA, 0x9EFA, 0x9F1B, 0x9F3C,
    0x9ED4, 0x9ED4, 0xA6D4, 0xA6D4, 0xA6D4, 0x9ED4, 0xA6D4, 0xA6D4, 0xA6D4, 0x9ED4, 0xA6D4, 0xA6D5, 0xA6D5, 0xA6D5, 0xA6D5, 0xA6D6,
    0xA6F6, 0xAEF6, 0xAEF7, 0xAEF7, 0xAF17, 0xAF18, 0xAF18, 0xAF18, 0xAF19, 0xAF19, 0xAF3A, 0xA73A, 0xA71A, 0xA73B, 0xA73B, 0x9F5D,
    0x20A2, 0x20A2, 0x20A2, 0x20A2, 0x20A2, 0x20A3, 0x20A3, 0x20A4, 0x20A5, 0x28A6, 0x28A7, 0x28A8, 0x28AA, 0x28AB, 0x28AD, 0x28AE,
    0x20B0, 0x20D1, 0x20D2, 0x20D3, 0x20F4, 0x2115, 0x2936, 0x2956, 0x3176, 0x39B7, 0x41F8, 0x4A38, 0x5A79, 0x62DA, 0x733B, 0x83BB,
    0x20A2, 0x20A2, 0x20A2, 0x20A2, 0x20A2, 0x20C3, 0x20A3, 0x20A4, 0x20C5, 0x28C6, 0x28C7, 0x28C8, 0x28CA, 0x28AC, 0x28CD, 0x28CF,
    0x20D0, 0x20D1, 0x20D2, 0x20F3, 0x2114, 0x2135, 0x2955, 0x3176, 0x3197, 0x39D7, 0x41F8, 0x4A38, 0x5A99, 0x62FA, 0x735B, 0x83DB,
    0x20C2, 0x20C2, 0x20C2, 0x20C2, 0x20C3, 0x20C3, 0x20C4, 0x28C4, 0x28C5, 0x28C6, 0x28C7, 0x28C9, 0x28CA, 0x28CC, 0x28CD, 0x28CF,
    0x20F0, 0x20F1, 0x20F2, 0x2113, 0x2114, 0x2935, 0x2956, 0x3176, 0x31B7, 0x39D7, 0x4218, 0x5258, 0x5A99, 0x62FA, 0x735B, 0x83DB,
    0x20C2, 0x20C2, 0x20C2, 0x20C2, 0x20C3, 0x20C3, 0x20E4, 0x28E5, 0x28E5, 0x28E6, 0x28E8, 0x28E9, 0x28EA, 0x28EC, 0x28ED, 0x20EF,
    0x2110, 0x2111, 0x2112, 0x2133, 0x2134, 0x2955, 0x2976, 0x3196, 0x39B7, 0x39F7, 0x4A38, 0x5278, 0x5AB9, 0x62FA, 0x735B, 0x83DB,
    0x20E2, 0x20E2, 0x20E2, 0x20E2, 0x20E3, 0x20E3, 0x20E4, 0x20E5, 0x28E6, 0x2907, 0x2908, 0x2909, 0x290B, 0x290C, 0x290D, 0x212F,
    0x2130, 0x2131, 0x2132, 0x2153, 0x2174, 0x2975, 0x2996, 0x31B6, 0x39D7, 0x4217, 0x4A38, 0x5278, 0x5AB9, 0x6B1A, 0x737B, 0x83DB,
    0x2102, 0x2102, 0x2102, 0x2102, 0x2103, 0x2103, 0x2104, 0x2905, 0x2906, 0x2927, 0x2928, 0x2929, 0x292B, 0x212C, 0x212E, 0x214F,
    0x2150, 0x2171, 0x2172, 0x2173, 0x2194, 0x29B5, 0x29B6, 0x31F6, 0x3A17, 0x4237, 0x4A78, 0x52B9, 0x5AD9, 0x6B3A, 0x739B, 0x83FB,
    0x2102, 0x2102, 0x2122, 0x2123, 0x2123, 0x2123, 0x2124, 0x2945, 0x2946, 0x2947, 0x2948, 0x2149, 0x214B, 0x216C, 0x216E, 0x216F,
    0x2170, 0x2191, 0x2192, 0x21B3, 0x21B4, 0x29D5, 0x29F6, 0x3216, 0x3A37, 0x4257, 0x4A98, 0x52D8, 0x6319, 0x6B5A, 0x7BBB, 0x841B,
    0x2122, 0x2142, 0x2142, 0x2143, 0x2143, 0x2144, 0x2964, 0x2965, 0x2966, 0x2987, 0x2188, 0x2189, 0x218B, 0x218C, 0x21AE, 0x19AF,
    0x19B0, 0x19B1, 0x21D2, 0x21F3, 0x21F4, 0x2A15, 0x3235, 0x3A56, 0x4277, 0x4297, 0x4AB8, 0x5AF9, 0x6339, 0x6B9A, 0x7BDB, 0x8C3C,
    0x2162, 0x2162, 0x2163, 0x2163, 0x2183, 0x2184, 0x2984, 0x29A5, 0x29A6, 0x29C7, 0x21C8, 0x21CA, 0x21CB, 0x21EC, 0x19EE, 0x19EF,
    0x19F0, 0x1A11, 0x1A12, 0x2233, 0x2234, 0x2A55, 0x3275, 0x3A96, 0x42B7, 0x4AD7, 0x52F8, 0x5B39, 0x6379, 0x6BBA, 0x7BFB, 0x8C5C,
    0x2182, 0x21A2, 0x21A3, 0x21A3, 0x21C3, 0x21A4, 0x29C5, 0x29E5, 0x2A06, 0x2A07, 0x2209, 0x220A, 0x1A2B, 0x1A4D, 0x1A4E, 0x1A4F,
    0x1A50, 0x1A51, 0x1A52, 0x2273, 0x2274, 0x2A95, 0x32B6, 0x3AB6, 0x42D7, 0x4AF7, 0x5338, 0x5B58, 0x6399, 0x73DA, 0x7C1B, 0x8C7B,
    0x19E2, 0x19E3, 0x21E3, 0x21E3, 0x2204, 0x2204, 0x2205, 0x2A26, 0x2A47, 0x2A68, 0x2A69, 0x226A, 0x228B, 0x1A8D, 0x128E, 0x12AF,
    0x1AB0, 0x1AB1, 0x22B3, 0x2AB3, 0x2AD4, 0x32D5, 0x3AD5, 0x3AF6, 0x4316, 0x4B37, 0x5358, 0x5B98, 0x6BB9, 0x73FA, 0x7C3A, 0x8C7B,
    0x1A22, 0x1A23, 0x1A23, 0x1A43, 0x1A44, 0x2244, 0x2265, 0x2A86, 0x2AA7, 0x2AA8, 0x2AA9, 0x22CA, 0x22CC, 0x1AED, 0x12EE, 0x12EF,
    0x12F0, 0x1AF1, 0x2312, 0x2B13, 0x3314, 0x3335, 0x3B35, 0x4336, 0x4B56, 0x4B77, 0x5398, 0x63B8, 0x6BF9, 0x741A, 0x7C5A, 0x8C9B,
    0x1263, 0x1263, 0x1A83, 0x1A84, 0x1A84, 0x1AA5, 0x22A5, 0x2AC6, 0x2AE8, 0x3308, 0x2B09, 0x2B2B, 0x232C, 0x1B2D, 0x1B2E, 0x134F,
    0x1350, 0x1351, 0x1B52, 0x2353, 0x3374, 0x3B75, 0x4395, 0x4396, 0x4B96, 0x53B7, 0x5BD8, 0x63F8, 0x6C19, 0x743A, 0x7C7A, 0x8CBB,
    0x0AA3, 0x12A3, 0x12C3, 0x12C4, 0x12C4, 0x1AC5, 0x1AE6, 0x2307, 0x2B28, 0x3349, 0x334A, 0x2B6B, 0x2B8C, 0x238D, 0x238E, 0x1B8F,
    0x1390, 0x1391, 0x1392, 0x2393, 0x2BB4, 0x33B5, 0x43D5, 0x4BD6, 0x53F6, 0x5BF7, 0x6417, 0x6C38, 0x6C59, 0x7C7A, 0x849B, 0x8CDB,
    0x0303, 0x0303, 0x0B24, 0x0B24, 0x0B25, 0x1345, 0x1B46, 0x2367, 0x2388, 0x33A9, 0x33AA, 0x33AB, 0x33CD, 0x33EE, 0x2BEF, 0x23F0,
    0x23F1, 0x23D1, 0x23F2, 0x2BF3, 0x2BF4, 0x33F5, 0x43F5, 0x4C16, 0x5416, 0x5C37, 0x6C58, 0x6C78, 0x7479, 0x7C9A, 0x84BA, 0x8CFB,
    0x0364, 0x0364, 0x0364, 0x0385, 0x0B85, 0x0B86, 0x13A6, 0x1BC7, 0x23C8, 0x33EA, 0x3BEB, 0x3C0C, 0x3C2D, 0x3C2E, 0x342F, 0x3430,
    0x2C31, 0x3432, 0x3433, 0x3433, 0x3434, 0x3C34, 0x4435, 0x4C36, 0x5456, 0x5C57, 0x6478, 0x6C98, 0x74B9, 0x7CDA, 0x84FA, 0x8D1B,
    0x03C4, 0x03C4, 0x03C5, 0x03C5, 0x03E6, 0x0BE6, 0x13E7, 0x1C08, 0x2429, 0x342A, 0x444B, 0x444D, 0x446D, 0x446E, 0x448F, 0x4490,
    0x3C91, 0x3C72, 0x3C73, 0x4473, 0x4474, 0x4475, 0x4475, 0x4C76, 0x5476, 0x5C97, 0x6497, 0x6CB8, 0x74D9, 0x7CF9, 0x851A, 0x8D3B,
    0x0404, 0x0405, 0x0425, 0x0426, 0x0426, 0x0C27, 0x1448, 0x1C48, 0x2C69, 0x346B, 0x448C, 0x4C8D, 0x54AE, 0x54AF, 0x54D0, 0x4CD1,
    0x4CD1, 0x4CD2, 0x4CB3, 0x4CB3, 0x4CB4, 0x4CB5, 0x54B5, 0x54B6, 0x54B6, 0x5CB7, 0x64B7, 0x6CD8, 0x74F9, 0x7CFA, 0x851B, 0x8D5B,
    0x0445, 0x0466, 0x0466, 0x0466, 0x0467, 0x0C68, 0x1488, 0x2489, 0x34AA, 0x3CAB, 0x44AC, 0x54CE, 0x5CCF, 0x5CCF, 0x5CF0, 0x5CF1,
    0x5CF2, 0x5CF2, 0x54F3, 0x54F4, 0x5CF4, 0x5CF5, 0x5CD5, 0x5CD6, 0x5CD6, 0x5CD7, 0x64F7, 0x6CF8, 0x7519, 0x7D1A, 0x855A, 0x8D5B,
    0x0486, 0x0486, 0x04A7, 0x04A7, 0x0CA7, 0x14A8, 0x1CA9, 0x2CCA, 0x34CB, 0x3CCC, 0x4CED, 0x54EE, 0x64EF, 0x6510, 0x6510, 0x6511,
    0x6532, 0x6532, 0x6533, 0x6514, 0x6514, 0x6515, 0x6515, 0x6516, 0x6516, 0x6517, 0x6D17, 0x6D18, 0x7539, 0x7559, 0x857A, 0x8D9C,
    0x04C7, 0x04C7, 0x0CC7, 0x0CE8, 0x14E8, 0x1CE9, 0x24E9, 0x34EA, 0x3D0B, 0x450C, 0x4D0D, 0x5D0E, 0x652F, 0x6D30, 0x6D31, 0x6D31,
    0x7552, 0x7553, 0x7553, 0x6D54, 0x6D54, 0x6D55, 0x6D55, 0x6D56, 0x6D56, 0x6D57, 0x6D57, 0x7558, 0x7559, 0x7D7A, 0x7D9A, 0x8DBC,
    0x0D08, 0x1508, 0x1D08, 0x1D09, 0x2509, 0x2D0A, 0x352A, 0x3D2B, 0x452C, 0x4D2D, 0x552E, 0x654F, 0x6D50, 0x7551, 0x7D51, 0x7D52,
    0x7D52, 0x7D73, 0x7D74, 0x7D74, 0x7D75, 0x7575, 0x7575, 0x7576, 0x7576, 0x7577, 0x7577, 0x7D78, 0x7D79, 0x7D9A, 0x7DBA, 0x85DC,
    0x2549, 0x2D49, 0x2D4A, 0x354A, 0x354A, 0x3D4B, 0x454C, 0x4D4C, 0x554D, 0x5D4E, 0x5D4E, 0x6D4F, 0x7570, 0x7D71, 0x8572, 0x8572,
    0x8573, 0x8593, 0x8593, 0x8594, 0x8595, 0x8595, 0x8596, 0x7D96, 0x7D97, 0x7D97, 0x7D97, 0x7D98, 0x7D99, 0x85BA, 0x85DA, 0x85FC,
    0x3D6A, 0x3D6B, 0x3D6B, 0x456B, 0x456C, 0x4D6C, 0x4D6C, 0x556D, 0x5D6E, 0x656F, 0x658F, 0x6D90, 0x7D91, 0x8592, 0x8D92, 0x8D93,
    0x8D93, 0x8DB4, 0x8DB4, 0x8DB5, 0x8DB5, 0x8DB5, 0x8DB6, 0x8DB6, 0x85B7, 0x85B7, 0x85B8, 0x85B8, 0x85D9, 0x85DA, 0x85FB, 0x8E1C,
    0x4D8C, 0x4D8C, 0x4D8C, 0x558D, 0x558D, 0x558D, 0x5D8E, 0x658E, 0x658F, 0x6D8F, 0x75B0, 0x75B0, 0x7DB1, 0x85B2, 0x8DB3, 0x8DB3,
    0x8DB4, 0x95D4, 0x95D4, 0x95D5, 0x95D5, 0x95D5, 0x95D6, 0x8DD6, 0x8DD7, 0x8DD7, 0x8DD8, 0x8DD8, 0x8DF9, 0x861A, 0x8E1B, 0x8E3C,
    0x55AD, 0x5DAD, 0x5DAD, 0x5DAE, 0x5DAE, 0x65AE, 0x65AF, 0x6DAF, 0x6DAF, 0x75B0, 0x7DB0, 0x7DD1, 0x85D1, 0x8DD2, 0x8DD3, 0x95D3,
    0x95D4, 0x95D4, 0x95F4, 0x9DF5, 0x9DF5, 0x9DF6, 0x95F6, 0x95F6, 0x95F7, 0x95F7, 0x8E18, 0x8E18, 0x8E19, 0x8E3A, 0x8E5B, 0x8E7C,
    0x65CE, 0x65CE, 0x65CE, 0x6DCF, 0x6DCF, 0x6DCF, 0x75CF, 0x75D0, 0x7DD0, 0x7DD1, 0x7DD1, 0x85F1, 0x85F2, 0x8DF2, 0x8DF3, 0x95F4,
    0x9DF4, 0x9DF4, 0x9E15, 0x9E15, 0x9E15, 0x9E16, 0x9E16, 0x9E37, 0x9E37, 0x9638, 0x9638, 0x9639, 0x9659, 0x965A, 0x967B, 0x969C,
    0x75EF, 0x75F0, 0x75F0, 0x75F0, 0x75F0, 0x7DF0, 0x7DF1, 0x7DF1, 0x85F1, 0x8611, 0x85F2, 0x8E12, 0x8E13, 0x9613, 0x9613, 0x9614,
    0x9E15, 0x9E15, 0x9E35, 0x9E36, 0x9E36, 0xA636, 0xA657, 0xA657, 0x9E57, 0x9E58, 0x9E58, 0x9659, 0x967A, 0x967A, 0x969B, 0x96BC,
    0x8611, 0x8611, 0x8611, 0x8631, 0x8631, 0x8631, 0x8631, 0x8E32, 0x8E32, 0x8E32, 0x8E32, 0x8E33, 0x9633, 0x9633, 0x9634, 0x9E54,
    0x9E55, 0xA655, 0xA656, 0xA656, 0xA676, 0xA676, 0xA677, 0xA677, 0xA698, 0xA698, 0x9E78, 0x9E79, 0x9E99, 0x96BA, 0x96BB, 0x96DC,
    0x8E52, 0x8E52, 0x8E52, 0x8E52, 0x8E52, 0x8E52, 0x9652, 0x9653, 0x9653, 0x9653, 0x9673, 0x9673, 0x9E74, 0x9E74, 0x9E74, 0x9E75,
    0x9E75, 0xA676, 0xA676, 0xA696, 0xA696, 0xA697, 0xA6B7, 0xA6B8, 0xA6B8, 0xA6B8, 0xA6B9, 0xA6B9, 0x9EBA, 0x9EDA, 0x9EFB, 0x971C,
    0x9693, 0x9693, 0x9693, 0x9E93, 0x9E93, 0x9E93, 0x9E93, 0x9E93, 0x9E94, 0x9E94, 0x9E94, 0x9E94, 0x9E94, 0x9EB5, 0x9E95, 0x9EB5,
    0xA6B5, 0xA6B6, 0xAEB6, 0xAEB7, 0xAED7, 0xAED7, 0xA6D8, 0xA6D8, 0xA6F8, 0xA6F9, 0xA6F9, 0xA6FA, 0xA6FA, 0x9EFA, 0x9F1B, 0x9F3C,
    0x9ED4, 0xA6D4, 0xA6D4, 0xA6D4, 0xA6D4, 0xA6D4, 0xA6D4, 0xA6D4, 0xA6D4, 0xA6D5, 0xA6D4, 0xA6D5, 0xA6D5, 0xA6D5, 0xA6F5, 0xA6F6,
    0xA6F6, 0xAEF6, 0xAEF7, 0xAEF7, 0xAEF7, 0xAEF8, 0xAEF8, 0xAF18, 0xAF19, 0xAF19, 0xAF3A, 0xA73A, 0xA73A, 0xA73B, 0xA73B, 0x9F5D,
    0x28A2, 0x28A2, 0x20A2, 0x20A2, 0x20A3, 0x20A3, 0x28A4, 0x28A4, 0x28A5, 0x28A6, 0x30A7, 0x30A9, 0x30AA, 0x30AC, 0x30AD, 0x30AE,
    0x30B0, 0x30B1, 0x30D2, 0x30D3, 0x30F4, 0x3115, 0x3136, 0x3956, 0x3996, 0x41B7, 0x49F8, 0x5238, 0x5A99, 0x6ADA, 0x733B, 0x83BB,
    0x28A2, 0x28A2, 0x28A2, 0x28A2, 0x28A2, 0x20C3, 0x28A4, 0x28A4, 0x28C5, 0x30A6, 0x30A7, 0x30A9, 0x30AA, 0x30AC, 0x30CD, 0x30CF,
    0x30D0, 0x30D1, 0x30D2, 0x30F3, 0x3114, 0x3135, 0x3155, 0x3976, 0x4197, 0x41D7, 0x4A18, 0x5258, 0x5A99, 0x6AFA, 0x735B, 0x83DB,
    0x28C1, 0x28C2, 0x28C2, 0x28C2, 0x28C2, 0x28C3, 0x28C4, 0x28C4, 0x28C5, 0x30C6, 0x30C7, 0x30C9, 0x30CA, 0x30CC, 0x30CD, 0x30CF,
    0x30F0, 0x30F1, 0x30F2, 0x3113, 0x3134, 0x3135, 0x3155, 0x3996, 0x41B7, 0x41D7, 0x4A18, 0x5258, 0x5AB9, 0x6AFA, 0x7B5B, 0x83DB,
    0x28C1, 0x28C2, 0x28C2, 0x28C2, 0x28C3, 0x28C3, 0x28C4, 0x28E5, 0x30E6, 0x30E7, 0x30E8, 0x30E9, 0x30EA, 0x30EC, 0x30ED, 0x30EF,
    0x30F0, 0x3111, 0x3112, 0x3133, 0x3154, 0x3155, 0x3976, 0x3996, 0x41D7, 0x41F7, 0x4A38, 0x5278, 0x62B9, 0x6B1A, 0x7B7B, 0x83DB,
    0x28E2, 0x28E2, 0x28E2, 0x28E2, 0x28E3, 0x28E3, 0x28E4, 0x28E5, 0x30E6, 0x3107, 0x3108, 0x30E9, 0x310B, 0x310C, 0x310D, 0x310F,
    0x3130, 0x3131, 0x3152, 0x3153, 0x3174, 0x3175, 0x3996, 0x39B6, 0x41F7, 0x4217, 0x4A58, 0x5A98, 0x62D9, 0x6B1A, 0x737A, 0x83FB,
    0x2902, 0x2902, 0x2902, 0x2902, 0x2903, 0x2903, 0x2904, 0x2905, 0x3106, 0x3127, 0x3128, 0x3129, 0x312B, 0x312C, 0x312E, 0x314F,
    0x3150, 0x3171, 0x3172, 0x3193, 0x3194, 0x31B5, 0x39D6, 0x39F6, 0x4217, 0x4A37, 0x5278, 0x5AB9, 0x62F9, 0x6B3A, 0x7B9B, 0x83FB,
    0x2922, 0x2922, 0x2922, 0x2922, 0x2923, 0x2923, 0x2924, 0x2945, 0x3146, 0x3147, 0x3148, 0x3149, 0x314B, 0x316C, 0x316E, 0x296F,
    0x2970, 0x2991, 0x29B2, 0x31B3, 0x31D4, 0x31D5, 0x39F5, 0x3A16, 0x4237, 0x4A77, 0x5298, 0x5AD8, 0x6319, 0x6B5A, 0x7BBB, 0x8C1B,
    0x2142, 0x2142, 0x2142, 0x2963, 0x2963, 0x2963, 0x2964, 0x3165, 0x3166, 0x3187, 0x3188, 0x3189, 0x298B, 0x298C, 0x29AE, 0x29AF,
    0x29B0, 0x29D1, 0x29D2, 0x31F3, 0x31F4, 0x3215, 0x3A35, 0x4256, 0x4277, 0x4A97, 0x52D8, 0x5AF8, 0x6339, 0x739A, 0x7BDB, 0x8C3C,
    0x2162, 0x2162, 0x2182, 0x2183, 0x2983, 0x2984, 0x2984, 0x31A5, 0x31A6, 0x31C7, 0x31C8, 0x29CA, 0x29CB, 0x29ED, 0x29EE, 0x29EF,
    0x29F0, 0x2A11, 0x2A12, 0x3233, 0x3234, 0x3255, 0x3A75, 0x4296, 0x4AB7, 0x52D7, 0x52F8, 0x6338, 0x6B79, 0x73BA, 0x7BFB, 0x8C5C,
    0x21A2, 0x21A2, 0x21A3, 0x29C3, 0x29C3, 0x29C4, 0x29C5, 0x29E5, 0x3206, 0x3207, 0x2A09, 0x2A2A, 0x2A2B, 0x2A2D, 0x2A2E, 0x2A4F,
    0x2A50, 0x2A51, 0x2A52, 0x3273, 0x3294, 0x3A95, 0x3AB6, 0x42B6, 0x4AD7, 0x5317, 0x5B38, 0x6378, 0x6B99, 0x73DA, 0x841B, 0x8C7C,
    0x21E2, 0x21E2, 0x21E3, 0x2203, 0x2203, 0x2A04, 0x2A05, 0x2A26, 0x3247, 0x3268, 0x3269, 0x2A6A, 0x2A8B, 0x2A8D, 0x2A8E, 0x2AAF,
    0x2AB0, 0x2AB2, 0x32B3, 0x32B3, 0x32D4, 0x3AD5, 0x42F5, 0x42F6, 0x4B16, 0x5337, 0x5B78, 0x6398, 0x6BD9, 0x73FA, 0x843A, 0x8C7B,
    0x2222, 0x2243, 0x2243, 0x2243, 0x2244, 0x2264, 0x2A65, 0x2A86, 0x32A7, 0x3AA8, 0x32A9, 0x32CA, 0x2ACC, 0x2AED, 0x22EE, 0x22EF,
    0x22F1, 0x2B12, 0x3313, 0x3313, 0x3B14, 0x4335, 0x4335, 0x4B36, 0x4B56, 0x5377, 0x5B98, 0x63B8, 0x6BF9, 0x741A, 0x845A, 0x8C9B,
    0x1A63, 0x1A83, 0x2283, 0x2284, 0x2284, 0x22A5, 0x2AA5, 0x2AC6, 0x32E7, 0x3B09, 0x3B0A, 0x332B, 0x332C, 0x2B2D, 0x2B4E, 0x234F,
    0x2351, 0x2B52, 0x2B52, 0x3373, 0x3B74, 0x4375, 0x4B95, 0x4B96, 0x5396, 0x5BB7, 0x63D8, 0x6BF8, 0x6C19, 0x7C3A, 0x847A, 0x8CBB,
    0x1AA3, 0x1AC3, 0x1AC3, 0x1AC4, 0x1AE4, 0x22E5, 0x22E6, 0x2B07, 0x3328, 0x3B49, 0x3B4A, 0x3B6B, 0x338C, 0x338D, 0x2B8E, 0x2B90,
    0x2B91, 0x2391, 0x2B92, 0x33B3, 0x3BB4, 0x43B5, 0x4BD5, 0x53F6, 0x5BF6, 0x63F7, 0x6417, 0x6C38, 0x7459, 0x7C7A, 0x849B, 0x8CDB,
    0x0B03, 0x1303, 0x1324, 0x1324, 0x1B25, 0x1B45, 0x2346, 0x2367, 0x2B88, 0x33A9, 0x3BAA, 0x3BAC, 0x3BCD, 0x3BEE, 0x33EF, 0x33F0,
    0x33F1, 0x33F2, 0x33F2, 0x33F3, 0x3BF4, 0x43F5, 0x4BF5, 0x5416, 0x5C16, 0x6437, 0x6C57, 0x6C78, 0x7479, 0x7C9A, 0x84BA, 0x8CFB,
    0x0B64, 0x0B64, 0x0B64, 0x0B85, 0x1385, 0x1B86, 0x23A7, 0x23A7, 0x2BC8, 0x33EA, 0x440B, 0x440C, 0x442D, 0x442E, 0x442F, 0x3C30,
    0x3C31, 0x3C32, 0x3C33, 0x3C33, 0x4434, 0x4435, 0x4C35, 0x5436, 0x5C56, 0x6457, 0x6C77, 0x7498, 0x7CB9, 0x84DA, 0x84FA, 0x8D1B,
    0x03A4, 0x03C4, 0x03C5, 0x0BC5, 0x0BC6, 0x13E6, 0x1BE7, 0x2408, 0x3429, 0x342A, 0x444B, 0x4C4D, 0x4C6E, 0x4C6F, 0x4C8F, 0x4C90,
    0x4491, 0x4472, 0x4473, 0x4C73, 0x4C74, 0x4C75, 0x4C75, 0x5476, 0x5C76, 0x6497, 0x6C97, 0x74B8, 0x7CD9, 0x84FA, 0x8D1A, 0x8D3C,
    0x0404, 0x0405, 0x0405, 0x0C26, 0x0C26, 0x1427, 0x1C28, 0x2C48, 0x3469, 0x3C6A, 0x448C, 0x548D, 0x5CAE, 0x5CAF, 0x5CD0, 0x54D1,
    0x54D1, 0x54B2, 0x54B3, 0x54B4, 0x54B4, 0x54B5, 0x54B5, 0x54B6, 0x5CB6, 0x64B7, 0x6CB7, 0x6CD8, 0x74F9, 0x7D1A, 0x853A, 0x8D5B,
    0x0445, 0x0465, 0x0466, 0x0C67, 0x1467, 0x1C68, 0x2488, 0x2C89, 0x34AA, 0x44AB, 0x4CAC, 0x54CD, 0x64CF, 0x64CF, 0x64F0, 0x64F1,
    0x64F1, 0x64F2, 0x5CF3, 0x5CF4, 0x5CF4, 0x5CF5, 0x5CF5, 0x5CD6, 0x64D6, 0x64D7, 0x64F7, 0x6CF8, 0x7519, 0x7D3A, 0x855A, 0x8D5B,
    0x0486, 0x0486, 0x0CA7, 0x0CA7, 0x14A8, 0x1CA8, 0x24A9, 0x34CA, 0x3CCB, 0x44CB, 0x4CED, 0x5CEE, 0x64EF, 0x6D10, 0x6D11, 0x6D11,
    0x6D32, 0x6D32, 0x6D33, 0x6D14, 0x6514, 0x6515, 0x6515, 0x6D16, 0x6D16, 0x6D17, 0x6D17, 0x6D18, 0x7539, 0x7D5A, 0x857A, 0x8D9C,
    0x0CC7, 0x0CC7, 0x14C8, 0x1CE8, 0x1CE8, 0x24E9, 0x2CEA, 0x3CEA, 0x450B, 0x4D0C, 0x550D, 0x5D0E, 0x6D0F, 0x7530, 0x7531, 0x7531,
    0x7552, 0x7553, 0x7553, 0x7554, 0x7554, 0x7555, 0x7555, 0x7556, 0x7556, 0x7557, 0x7557, 0x7558, 0x7559, 0x7D7A, 0x859A, 0x8DBC,
    0x1508, 0x1D08, 0x2509, 0x2509, 0x2D09, 0x350A, 0x3D2B, 0x452B, 0x4D2C, 0x552D, 0x5D2E, 0x652F, 0x6D50, 0x7D51, 0x7D51, 0x7D52,
    0x7D52, 0x8573, 0x8574, 0x8574, 0x7D75, 0x7D75, 0x7D75, 0x7D76, 0x7D76, 0x7D77, 0x7D77, 0x7D78, 0x7D79, 0x7D9A, 0x85BB, 0x8DDC,
    0x2D29, 0x2D49, 0x354A, 0x354A, 0x3D4B, 0x3D4B, 0x454C, 0x4D4C, 0x554D, 0x5D4E, 0x654E, 0x6D4F, 0x7570, 0x7D71, 0x8572, 0x8572,
    0x8573, 0x8593, 0x8D93, 0x8D94, 0x8595, 0x8595, 0x8596, 0x8596, 0x8597, 0x8597, 0x8597, 0x8598, 0x8599, 0x85BA, 0x85DB, 0x85FC,
    0x3D6A, 0x3D6B, 0x456B, 0x456B, 0x4D6C, 0x4D6C, 0x556D, 0x5D6D, 0x5D6E, 0x656E, 0x6D6F, 0x7590, 0x7D91, 0x8592, 0x8D92, 0x8D93,
    0x8D93, 0x8DB4, 0x8DB4, 0x8DB5, 0x8DB5, 0x8DB5, 0x8DB6, 0x8DB6, 0x8DB7, 0x85B7, 0x85B8, 0x85B8, 0x85D9, 0x85DA, 0x85FB, 0x8E1C,
    0x4D8C, 0x4D8C, 0x558C, 0x558D, 0x558D, 0x5D8D, 0x5D8D, 0x658E, 0x6D8F, 0x6D8F, 0x75B0, 0x7DB0, 0x7DB1, 0x85B2, 0x8DB2, 0x95B3,
    0x95B4, 0x95D4, 0x95D4, 0x95D5, 0x95D5, 0x95D5, 0x95D6, 0x95D6, 0x8DD7, 0x8DD7, 0x8DD8, 0x8DD8, 0x8DF9, 0x8E1A, 0x8E1B, 0x8E3C,
    0x5DAD, 0x5DAD, 0x5DAD, 0x5DAE, 0x65AE, 0x65AE, 0x6DAF, 0x6DAF, 0x75AF, 0x75B0, 0x7DB0, 0x7DD1, 0x85D1, 0x8DD2, 0x8DD3, 0x95D3,
    0x95D4, 0x95D4, 0x9DF5, 0x9DF5, 0x9DF5, 0x9DF6, 0x9DF6, 0x95F6, 0x95F7, 0x95F7, 0x9618, 0x8E18, 0x8E19, 0x8E3A, 0x8E5B, 0x8E7C,
    0x65CE, 0x6DCE, 0x6DCE, 0x6DCF, 0x6DCF, 0x6DCF, 0x75D0, 0x75D0, 0x7DD0, 0x7DD1, 0x85D1, 0x85F1, 0x85F2, 0x8DF2, 0x95F3, 0x95F4,
    0x9DF4, 0x9DF4, 0x9E15, 0x9E15, 0x9E16, 0x9E16, 0x9E16, 0x9E37, 0x9E37, 0x9E38, 0x9638, 0x9639, 0x9639, 0x965A, 0x967B, 0x969C,
    0x75EF, 0x75F0, 0x75F0, 0x7DF0, 0x7DF0, 0x7DF0, 0x7DF1, 0x85F1, 0x85F1, 0x8611, 0x8DF2, 0x8E12, 0x8E13, 0x9613, 0x9613, 0x9E14,
    0x9E14, 0x9E15, 0xA635, 0x9E35, 0xA636, 0xA636, 0xA657, 0xA657, 0xA658, 0x9E58, 0x9E58, 0x9E59, 0x9679, 0x967A, 0x969B, 0x96BC,
    0x8611, 0x8611, 0x8611, 0x8611, 0x8631, 0x8631, 0x8E31, 0x8E32, 0x8E32, 0x8E32, 0x8E32, 0x9633, 0x9633, 0x9633, 0x9E34, 0x9E34,
    0x9E55, 0xA655, 0xA656, 0xA656, 0xA676, 0xA676, 0xA677, 0xA677, 0xA698, 0xA698, 0x9E99, 0x9E79, 0x9E99, 0x9EBA, 0x96BB, 0x96DC,
    0x8E52, 0x8E52, 0x8E52, 0x8E52, 0x9652, 0x9652, 0x9652, 0x9653, 0x9653, 0x9653, 0x9653, 0x9673, 0x9E74, 0x9E74, 0x9E74, 0x9E75,
    0xA675, 0xA676, 0xA676, 0xA696, 0xA696, 0xA697, 0xA6B7, 0xA6B8, 0xA6B8, 0xA6B9, 0xA6B9, 0xA6B9, 0x9EBA, 0x9EDA, 0x9EFB, 0x9F1C,
    0x9693, 0x9E93, 0x9E93, 0x9E93, 0x9E93, 0x9E93, 0x9E93, 0x9E94, 0x9E94, 0x9E94, 0x9E94, 0x9E94, 0x9E94, 0xA6B5, 0xA695, 0xA6B5,
    0xA6B5, 0xA6B6, 0xAEB6, 0xAEB7, 0xAED7, 0xAED7, 0xAED8, 0xA6D8, 0xAEF8, 0xAEF9, 0xA6F9, 0xA6FA, 0xA6FA, 0x9EFA, 0x9F1B, 0x9F3C,
    0xA6D4, 0xA6D4, 0xA6D4, 0xA6D4, 0xA6D4, 0xA6D4, 0xA6D4, 0xA6D4, 0xA6D4, 0xA6D5, 0xA6D5, 0xA6D5, 0xA6D5, 0xA6F5, 0xA6F5, 0xA6F5,
    0xA6F6, 0xAEF6, 0xAEF7, 0xAEF7, 0xAEF7, 0xAEF8, 0xAEF8, 0xAF18, 0xAF19, 0xAF19, 0xAF39, 0xAF3A, 0xA73A, 0xA73B, 0xA73B, 0xA75C,
    0x28A2, 0x28A2, 0x28A2, 0x28A2, 0x28A3, 0x28A3, 0x28A4, 0x28A4, 0x30A5, 0x30A6, 0x38A7, 0x38A9, 0x38AA, 0x38AC, 0x38AD, 0x38AE,
    0x38B0, 0x38B1, 0x38D2, 0x38D3, 0x38F4, 0x3915, 0x4136, 0x4156, 0x4997, 0x49B7, 0x51F8, 0x5A59, 0x6299, 0x6ADA, 0x7B5B, 0x8BDB,
    0x28A2, 0x28A2, 0x28A2, 0x28A2, 0x28C2, 0x28C3, 0x28C4, 0x30C4, 0x30C5, 0x38C6, 0x38A8, 0x38A9, 0x38AA, 0x38CC, 0x38AD, 0x38AE,
    0x38B0, 0x38D1, 0x38D2, 0x38F3, 0x3914, 0x3935, 0x4155, 0x4176, 0x4997, 0x49D7, 0x5218, 0x5A58, 0x6299, 0x6AFA, 0x7B5B, 0x8BDC,
    0x28C2, 0x28C2, 0x28C2, 0x28C2, 0x28C2, 0x28C3, 0x30C4, 0x30C4, 0x30C5, 0x38C7, 0x38C8, 0x38C9, 0x38CA, 0x38CC, 0x38CD, 0x38CF,
    0x38D0, 0x38D1, 0x38F2, 0x3913, 0x3934, 0x4135, 0x4155, 0x4196, 0x49B7, 0x49F7, 0x5218, 0x5A58, 0x62B9, 0x6AFA, 0x7B5B, 0x8BDB,
    0x30C1, 0x30C2, 0x30C2, 0x30C3, 0x30C3, 0x30C3, 0x30C4, 0x30C4, 0x30E6, 0x38E7, 0x38E8, 0x38E9, 0x38EA, 0x38EC, 0x38ED, 0x38EF,
    0x38F0, 0x3911, 0x3912, 0x3933, 0x3954, 0x4155, 0x4176, 0x41B6, 0x49D7, 0x49F7, 0x5238, 0x5A78, 0x62B9, 0x6B1A, 0x7B7B, 0x8BFB,
    0x30E1, 0x30E2, 0x30E2, 0x30E2, 0x30E3, 0x30E3, 0x30E4, 0x30E5, 0x30E6, 0x38E7, 0x38E8, 0x38E9, 0x390B, 0x390C, 0x390E, 0x390F,
    0x3930, 0x3931, 0x3952, 0x3953, 0x3974, 0x4175, 0x4196, 0x41D6, 0x49F7, 0x4A17, 0x5258, 0x5A98, 0x62D9, 0x6B1A, 0x7B7A, 0x8BFB,
    0x3102, 0x3102, 0x3102, 0x3102, 0x3103, 0x3103, 0x3104, 0x3105, 0x3906, 0x3907, 0x3928, 0x3929, 0x392B, 0x392C, 0x394E, 0x394F,
    0x3950, 0x3971, 0x3972, 0x3993, 0x3994, 0x41B5, 0x41D6, 0x41F6, 0x4A17, 0x5237, 0x5278, 0x5AB9, 0x62F9, 0x733A, 0x7B9B, 0x8BFB,
    0x3122, 0x3122, 0x3122, 0x3122, 0x3123, 0x3123, 0x3124, 0x3145, 0x3946, 0x3947, 0x3948, 0x3949, 0x394B, 0x396C, 0x396E, 0x396F,
    0x3990, 0x3991, 0x3992, 0x39B3, 0x39D4, 0x41D5, 0x41F5, 0x4A16, 0x4A57, 0x5277, 0x5AB8, 0x62D8, 0x6B19, 0x737A, 0x7BBB, 0x8C1B,
    0x2942, 0x2962, 0x3162, 0x3162, 0x3163, 0x3163, 0x3164, 0x3965, 0x3966, 0x3987, 0x3988, 0x3989, 0x398B, 0x39AC, 0x39AE, 0x39AF,
    0x39B0, 0x39D1, 0x39D2, 0x39F3, 0x41F4, 0x4215, 0x4235, 0x4A56, 0x5277, 0x52B7, 0x5AD8, 0x6318, 0x6B39, 0x739A, 0x83DB, 0x8C3C,
    0x2982, 0x2982, 0x2982, 0x29A2, 0x31A3, 0x31A4, 0x31A4, 0x39A5, 0x39A6, 0x39C7, 0x39C8, 0x39CA, 0x39EB, 0x39ED, 0x39EE, 0x39EF,
    0x39F0, 0x3A11, 0x3A12, 0x3A33, 0x4254, 0x4255, 0x4276, 0x4A96, 0x52B7, 0x52D7, 0x5B18, 0x6338, 0x6B79, 0x73BA, 0x83FB, 0x8C5C,
    0x29A2, 0x29A2, 0x29C2, 0x29C3, 0x29E3, 0x31C4, 0x31E4, 0x31E5, 0x3A07, 0x3A08, 0x3A09, 0x3A2A, 0x3A2B, 0x3A2D, 0x3A2E, 0x3A2F,
    0x3A50, 0x3A51, 0x3A72, 0x3A73, 0x4294, 0x4295, 0x42B5, 0x4AD6, 0x52F7, 0x5B17, 0x6338, 0x6B58, 0x7399, 0x7BDA, 0x841A, 0x947B,
    0x2A02, 0x2A02, 0x2A03, 0x2A03, 0x2A23, 0x3224, 0x3225, 0x3226, 0x3A47, 0x3A68, 0x3A69, 0x3A6A, 0x328C, 0x328D, 0x328E, 0x3A8F,
    0x3AB1, 0x3AB2, 0x3AB2, 0x3AB3, 0x42D4, 0x42D5, 0x4AF5, 0x4B16, 0x5337, 0x5B57, 0x6378, 0x6B98, 0x73D9, 0x7BFA, 0x843A, 0x949B,
    0x2A42, 0x2A42, 0x2A43, 0x2A63, 0x2A64, 0x2A64, 0x3265, 0x3286, 0x3AA7, 0x3AA8, 0x3AC9, 0x3ACB, 0x3AEC, 0x3AED, 0x32EE, 0x32EF,
    0x3AF1, 0x3B12, 0x3B12, 0x4313, 0x4314, 0x4B35, 0x4B35, 0x5356, 0x5357, 0x5B77, 0x6398, 0x6BD8, 0x73F9, 0x7C1A, 0x845A, 0x949B,
    0x2282, 0x2283, 0x22A3, 0x2AA3, 0x2AA4, 0x2AA5, 0x32A5, 0x32C6, 0x3AE7, 0x4309, 0x430A, 0x432B, 0x3B2C, 0x3B4D, 0x334E, 0x334F,
    0x3351, 0x3B52, 0x3B52, 0x4373, 0x4374, 0x4B75, 0x5375, 0x5396, 0x5B96, 0x5BB7, 0x63D8, 0x6BF8, 0x7419, 0x7C3A, 0x847A, 0x94BB,
    0x22C2, 0x22C3, 0x22C3, 0x22E4, 0x22E4, 0x2AE5, 0x2AE6, 0x3307, 0x3328, 0x3B49, 0x436A, 0x436B, 0x438C, 0x3B8D, 0x3B8E, 0x3B90,
    0x3391, 0x33B1, 0x3BB2, 0x43B3, 0x43B4, 0x4BB5, 0x53D5, 0x5BD6, 0x5BF6, 0x63F7, 0x6C17, 0x6C38, 0x7459, 0x847A, 0x8C9B, 0x94DB,
    0x1B23, 0x1B23, 0x1B23, 0x2324, 0x2325, 0x2345, 0x2B46, 0x3367, 0x3368, 0x3B89, 0x43AA, 0x43CC, 0x43CD, 0x43EE, 0x43EF, 0x43F0,
    0x3BF1, 0x3BF2, 0x43F2, 0x43F3, 0x43F4, 0x4BF5, 0x5415, 0x5C16, 0x6436, 0x6C37, 0x6C57, 0x7458, 0x7C79, 0x7C9A, 0x84BA, 0x8CFB,
    0x1363, 0x1364, 0x1B64, 0x1B84, 0x2385, 0x2386, 0x2BA7, 0x2BA8, 0x33C8, 0x3BE9, 0x43EB, 0x4C0C, 0x4C2D, 0x4C2E, 0x4C4F, 0x4C30,
    0x4431, 0x4432, 0x4433, 0x4C33, 0x4C34, 0x4C35, 0x5435, 0x5C56, 0x6456, 0x6C77, 0x6C77, 0x7498, 0x7CB9, 0x84DA, 0x8CFA, 0x8D1B,
    0x0BA4, 0x13C4, 0x13C5, 0x1BC5, 0x1BC6, 0x23E6, 0x2BE7, 0x2C08, 0x3409, 0x3C2A, 0x444B, 0x544C, 0x546E, 0x546F, 0x5490, 0x5490,
    0x5491, 0x5492, 0x4C73, 0x5473, 0x5474, 0x5475, 0x5475, 0x5C76, 0x5C76, 0x6497, 0x6CB7, 0x74B8, 0x7CD9, 0x84FA, 0x8D1A, 0x8D3B,
    0x0C05, 0x0C05, 0x1405, 0x1426, 0x1C27, 0x2427, 0x2C28, 0x3448, 0x3C69, 0x446B, 0x4C8C, 0x548D, 0x5CAE, 0x64AF, 0x64B0, 0x5CD1,
    0x5CD1, 0x5CB2, 0x5CB3, 0x5CB4, 0x5CB4, 0x5CB5, 0x5CB5, 0x5CB6, 0x5CB6, 0x64B7, 0x6CD7, 0x74D8, 0x7CF9, 0x851A, 0x8D3A, 0x955B,
    0x0445, 0x0C46, 0x1466, 0x1C67, 0x1C67, 0x2468, 0x2C88, 0x3489, 0x3C8A, 0x44AB, 0x4CAC, 0x5CCD, 0x64CE, 0x6CCF, 0x6CF0, 0x6CF1,
    0x6CF1, 0x6CF2, 0x64F3, 0x64F4, 0x64F4, 0x64F5, 0x64F5, 0x64D6, 0x64D6, 0x64F7, 0x6CF7, 0x74F8, 0x7D19, 0x853A, 0x855A, 0x8D5B,
    0x0C86, 0x1486, 0x14A7, 0x1CA7, 0x24A8, 0x24A8, 0x2CA9, 0x34CA, 0x44CB, 0x44CB, 0x54ED, 0x5CEE, 0x64EF, 0x6CF0, 0x7511, 0x6D11,
    0x7512, 0x7533, 0x6D33, 0x6D34, 0x6D14, 0x6D15, 0x6D15, 0x6D16, 0x6D16, 0x6D17, 0x6D17, 0x7538, 0x7D39, 0x7D5A, 0x855A, 0x8D9C,
    0x14C7, 0x1CC7, 0x24C8, 0x24C8, 0x2CC8, 0x2CE9, 0x34EA, 0x3CEB, 0x450B, 0x4D0C, 0x550D, 0x650E, 0x6D0F, 0x7530, 0x7531, 0x7531,
    0x7D52, 0x7D53, 0x7D53, 0x7D54, 0x7554, 0x7555, 0x7535, 0x7536, 0x7556, 0x7557, 0x7537, 0x7D58, 0x7D59, 0x7D7A, 0x859B, 0x8DBC,
    0x2508, 0x2508, 0x2D09, 0x3509, 0x3509, 0x3D0A, 0x450B, 0x452B, 0x4D2C, 0x552D, 0x5D2E, 0x652F, 0x6D50, 0x7D51, 0x7D51, 0x7D52,
    0x8552, 0x8573, 0x8574, 0x8574, 0x8575, 0x7D75, 0x7D76, 0x7D76, 0x7D76, 0x7D77, 0x7D77, 0x7D78, 0x7D79, 0x859A, 0x85BB, 0x8DDC,
    0x3529, 0x3549, 0x3D4A, 0x3D4A, 0x3D4B, 0x454B, 0x4D4B, 0x4D4C, 0x5D4D, 0x5D4E, 0x654E, 0x6D4F, 0x7550, 0x7D51, 0x8572, 0x8573,
    0x8D73, 0x8D93, 0x8D94, 0x8D94, 0x8D95, 0x8D95, 0x8596, 0x8596, 0x8596, 0x8597, 0x8597, 0x8598, 0x8599, 0x85BA, 0x85DB, 0x85FC,
    0x454A, 0x456B, 0x456B, 0x4D6B, 0x4D6C, 0x4D6C, 0x556C, 0x5D6D, 0x656E, 0x656E, 0x6D6F, 0x7570, 0x7D71, 0x8591, 0x8D92, 0x8D93,
    0x8D93, 0x8DB3, 0x95B4, 0x95B4, 0x95B5, 0x95B5, 0x8DB6, 0x8DB6, 0x8DB7, 0x8DB7, 0x8DB8, 0x8DB8, 0x8DD9, 0x8DDA, 0x8DFA, 0x8E1C,
    0x4D8C, 0x558C, 0x558C, 0x558D, 0x5D8D, 0x5D8D, 0x658D, 0x658E, 0x6DAF, 0x6D8F, 0x7590, 0x7D90, 0x7DB1, 0x85B2, 0x8DB2, 0x95B3,
    0x95B4, 0x95B4, 0x95D4, 0x95D5, 0x95D5, 0x95D5, 0x95D6, 0x95D6, 0x8DD7, 0x8DD7, 0x8DD8, 0x8DD8, 0x8DF9, 0x8DFA, 0x8E1A, 0x8E3C,
    0x5DAD, 0x5DAD, 0x65AD, 0x65AE, 0x65AE, 0x65AE, 0x6DAF, 0x6DAF, 0x75CF, 0x75B0, 0x7DB0, 0x85D1, 0x85D1, 0x8DD2, 0x8DD3, 0x95D3,
    0x95D4, 0x9DD4, 0x9DF5, 0x9DF5, 0x9DF5, 0x9DF6, 0x9DF6, 0x9DF6, 0x95F7, 0x95F7, 0x9618, 0x9618, 0x9619, 0x8E3A, 0x8E5B, 0x967C,
    0x6DAE, 0x6DCE, 0x6DCE, 0x6DCF, 0x6DCF, 0x6DCF, 0x75D0, 0x75D0, 0x7DD0, 0x7DD1, 0x85D1, 0x85D1, 0x8DF2, 0x8DF3, 0x95F3, 0x95F4,
    0x9DF4, 0x9DF4, 0x9E15, 0x9E15, 0x9E16, 0xA616, 0xA616, 0x9E37, 0x9E37, 0x9E38, 0x9E38, 0x9639, 0x9639, 0x965A, 0x967B, 0x969C,
    0x75F0, 0x75F0, 0x7DF0, 0x7DF0, 0x7DF0, 0x7DF0, 0x7DF1, 0x85F1, 0x85F1, 0x85F2, 0x8DF2, 0x8DF2, 0x8E13, 0x9613, 0x9613, 0x9E14,
    0x9E14, 0xA615, 0xA635, 0xA635, 0xA636, 0xA636, 0xA657, 0xA657, 0xA658, 0x9E58, 0x9E58, 0x9E59, 0x9E79, 0x967A, 0x969B, 0x96BC,
    0x8611, 0x8611, 0x8611, 0x8611, 0x8631, 0x8631, 0x8E11, 0x8E12, 0x8E32, 0x8E32, 0x8E32, 0x9633, 0x9633, 0x9633, 0x9E34, 0x9E34,
    0xA655, 0xA655, 0xA655, 0xA656, 0xA676, 0xA677, 0xA677, 0xA677, 0xA678, 0xA698, 0xA699, 0x9E99, 0x9E99, 0x9E9A, 0x96BB, 0x96DC,
    0x8E52, 0x8E52, 0x9652, 0x9652, 0x9652, 0x9652, 0x9652, 0x9653, 0x9653, 0x9653, 0x9653, 0x9E53, 0x9E74, 0x9E74, 0x9E74, 0x9E75,
    0xA675, 0xA676, 0xA676, 0xAE96, 0xA697, 0xA697, 0xA6B7, 0xA6B8, 0xA6B8, 0xA6B9, 0xA6B9, 0xA6B9, 0x9EBA, 0x9EDA, 0x9EDB, 0x9F1C,
    0x9E93, 0x9E93, 0x9E93, 0x9E93, 0x9E93, 0x9E93, 0x9E93, 0x9E94, 0x9E94, 0x9E94, 0x9E94, 0xA694, 0xA694, 0xA695, 0xA695, 0xA6B5,
    0xA6B5, 0xA6B6, 0xAEB6, 0xAEB6, 0xAED7, 0xAED7, 0xAED7, 0xAED8, 0xAEF8, 0xAEF9, 0xAEF9, 0xA6F9, 0xA6FA, 0xA6FA, 0x9F1B, 0x9F3C,
    0xA6D4, 0xA6D4, 0xA6D4, 0xA6D4, 0xA6D4, 0xA6D4, 0xA6D4, 0xA6D4, 0xA6D5, 0xA6D5, 0xA6D5, 0xA6D5, 0xA6F5, 0xA6F5, 0xA6F5, 0xA6F5,
    0xA6F6, 0xAEF6, 0xAEF7, 0xAEF7, 0xAEF7, 0xAEF8, 0xAEF8, 0xAF18, 0xAF19, 0xAF39, 0xAF3A, 0xAF3A, 0xAF3A, 0xA73B, 0xA73B, 0xA75C,
    0x30A2, 0x30A2, 0x30A2, 0x30A2, 0x30A2, 0x30A3, 0x30A4, 0x30A4, 0x38A5, 0x38A6, 0x40A7, 0x40A9, 0x408A, 0x408C, 0x408D, 0x48AF,
    0x48B0, 0x40B1, 0x40B2, 0x40D3, 0x48F4, 0x4915, 0x4936, 0x4956, 0x5197, 0x51D7, 0x5A18, 0x6259, 0x6A99, 0x72FA, 0x7B5B, 0x8BDC,
    0x30A1, 0x30A2, 0x30A2, 0x30A2, 0x30A2, 0x30A3, 0x30C3, 0x30A4, 0x38A5, 0x38C6, 0x40A8, 0x40A9, 0x40AA, 0x40AC, 0x48AD, 0x40AF,
    0x40B0, 0x48D1, 0x40D2, 0x48F3, 0x4914, 0x4935, 0x4956, 0x4976, 0x51B7, 0x51D7, 0x5A18, 0x6258, 0x6A99, 0x72FA, 0x835B, 0x8BDB,
    0x30C1, 0x30C2, 0x30C2, 0x30C2, 0x30A2, 0x30C3, 0x30C4, 0x38C4, 0x38C5, 0x38C7, 0x40C8, 0x40C9, 0x40CA, 0x40CC, 0x48CD, 0x48CF,
    0x48D0, 0x48F1, 0x40F2, 0x4913, 0x4914, 0x4935, 0x4956, 0x4996, 0x51B7, 0x51F7, 0x5A38, 0x6258, 0x6AB9, 0x731A, 0x837B, 0x8BDB,
    0x30C1, 0x30C2, 0x38C2, 0x38C3, 0x38C3, 0x38C3, 0x38C4, 0x38C4, 0x38C5, 0x38E7, 0x40E8, 0x40E9, 0x40EB, 0x40EC, 0x48ED, 0x48EF,
    0x48F0, 0x4911, 0x4912, 0x4933, 0x4934, 0x4955, 0x4976, 0x49B6, 0x51D7, 0x5217, 0x5A38, 0x6278, 0x6AB9, 0x731A, 0x837B, 0x8BFB,
    0x3901, 0x38E2, 0x38E2, 0x38E2, 0x38E3, 0x38E3, 0x38E4, 0x38E4, 0x38E6, 0x40E7, 0x40E8, 0x4109, 0x410B, 0x490C, 0x490E, 0x490F,
    0x4930, 0x4931, 0x4932, 0x4953, 0x4974, 0x4975, 0x49B6, 0x49D6, 0x51F7, 0x5237, 0x5A58, 0x6298, 0x6AD9, 0x733A, 0x837A, 0x8BFB,
    0x3901, 0x3922, 0x3902, 0x3902, 0x3903, 0x3903, 0x3904, 0x3905, 0x3906, 0x4107, 0x4128, 0x4129, 0x492B, 0x492C, 0x492E, 0x414F,
    0x4150, 0x4971, 0x4972, 0x4993, 0x4994, 0x49B5, 0x49D6, 0x49F6, 0x5217, 0x5A57, 0x5A78, 0x62B8, 0x6AF9, 0x733A, 0x839A, 0x8C1B,
    0x3942, 0x3942, 0x3922, 0x3922, 0x3943, 0x3923, 0x3924, 0x3925, 0x3946, 0x4147, 0x4148, 0x4149, 0x414B, 0x496C, 0x416E, 0x416F,
    0x4190, 0x4191, 0x41B2, 0x49B3, 0x49D4, 0x49D5, 0x49F5, 0x5216, 0x5257, 0x5A77, 0x5AB8, 0x62D8, 0x6B39, 0x7B7A, 0x83DB, 0x943B,
    0x3961, 0x3962, 0x3962, 0x3962, 0x3963, 0x3963, 0x3964, 0x4165, 0x4166, 0x4187, 0x4188, 0x4189, 0x418B, 0x418C, 0x41AE, 0x41AF,
    0x41B0, 0x41D1, 0x41D2, 0x49F3, 0x4A14, 0x4A15, 0x5235, 0x5256, 0x5277, 0x5AB7, 0x62D8, 0x6B18, 0x7359, 0x7B9A, 0x83FB, 0x943C,
    0x3181, 0x31A2, 0x39A2, 0x39A2, 0x39A3, 0x39A4, 0x39A4, 0x41A5, 0x41A6, 0x41C7, 0x41C8, 0x41CA, 0x41CB, 0x41ED, 0x41EE, 0x41EF,
    0x4210, 0x4211, 0x4A33, 0x4A33, 0x4A54, 0x4A55, 0x5275, 0x5296, 0x5AB7, 0x5AD7, 0x6318, 0x6B38, 0x7379, 0x7BBA, 0x83FB, 0x945C,
    0x31C2, 0x31C2, 0x31C2, 0x39E3, 0x39E3, 0x39E4, 0x39E4, 0x3A05, 0x4207, 0x4208, 0x4209, 0x422A, 0x422C, 0x424D, 0x424E, 0x4250,
    0x4251, 0x4252, 0x4273, 0x4A93, 0x4A94, 0x4A95, 0x52B5, 0x52D6, 0x5AF7, 0x5B17, 0x6338, 0x6B58, 0x7399, 0x7BDA, 0x8C1A, 0x947B,
    0x3202, 0x3202, 0x3202, 0x3223, 0x3223, 0x3A24, 0x3A25, 0x3A46, 0x4247, 0x4268, 0x4269, 0x428A, 0x428C, 0x428D, 0x428E, 0x4290,
    0x4291, 0x42B2, 0x42B3, 0x4AD3, 0x4AD4, 0x4AD5, 0x52F6, 0x5316, 0x5B36, 0x6357, 0x6B78, 0x6B98, 0x73B9, 0x7BFA, 0x8C3A, 0x949B,
    0x3242, 0x3242, 0x3262, 0x3263, 0x3283, 0x3264, 0x3A85, 0x3A86, 0x42A7, 0x42A8, 0x42C9, 0x42CB, 0x42EC, 0x42ED, 0x42EE, 0x42EF,
    0x42F1, 0x4312, 0x4B13, 0x4B13, 0x4B14, 0x5335, 0x5335, 0x5B56, 0x5B76, 0x6377, 0x6B98, 0x73D8, 0x73F9, 0x7C1A, 0x8C5A, 0x949B,
    0x2A82, 0x2AA2, 0x2AA3, 0x2AA3, 0x32A4, 0x32A4, 0x32C5, 0x3AC6, 0x3AE7, 0x42E8, 0x4B0A, 0x4B2B, 0x4B2C, 0x434D, 0x434E, 0x4350,
    0x4351, 0x4352, 0x4B72, 0x4B73, 0x5374, 0x5375, 0x5B75, 0x5B96, 0x63B6, 0x63B7, 0x6BD8, 0x73F8, 0x7C19, 0x845A, 0x8C7A, 0x94BB,
    0x22E2, 0x2AE3, 0x2AE3, 0x2AE3, 0x2AE4, 0x2B05, 0x3306, 0x3B07, 0x3B08, 0x4349, 0x4B6A, 0x4B6B, 0x4B8C, 0x4B8D, 0x4B8F, 0x4390,
    0x4391, 0x4392, 0x4B92, 0x4BB3, 0x53B4, 0x53B5, 0x5BD5, 0x5BD6, 0x63F6, 0x6BF7, 0x6C18, 0x7438, 0x7C59, 0x847A, 0x8C9B, 0x94DB,
    0x2323, 0x2323, 0x2B23, 0x2B24, 0x2B25, 0x2B45, 0x3346, 0x3B67, 0x3B68, 0x4389, 0x4BAA, 0x4BCC, 0x53ED, 0x53EE, 0x4BEF, 0x4BF0,
    0x4BF1, 0x43F2, 0x4BF2, 0x4BF3, 0x4BF4, 0x53F5, 0x5C15, 0x6416, 0x6C36, 0x6C37, 0x7458, 0x7458, 0x7C79, 0x849A, 0x8CBA, 0x94FB,
    0x2363, 0x2384, 0x2384, 0x2384, 0x2B85, 0x2B86, 0x33A7, 0x33A8, 0x3BC9, 0x43C9, 0x4BEB, 0x540C, 0x542D, 0x5C2E, 0x542F, 0x5430,
    0x5431, 0x4C32, 0x4C33, 0x5433, 0x5434, 0x5435, 0x5C55, 0x6456, 0x6C56, 0x6C77, 0x7478, 0x7C98, 0x7CB9, 0x84BA, 0x8CFA, 0x951B,
    0x1BC4, 0x23C4, 0x23C5, 0x23E5, 0x2BE6, 0x2BE6, 0x33E7, 0x3408, 0x3C09, 0x442A, 0x4C2B, 0x544C, 0x5C6E, 0x646F, 0x5C90, 0x5C91,
    0x5C91, 0x5C72, 0x5C93, 0x5C93, 0x5C74, 0x5C75, 0x5C75, 0x6476, 0x6496, 0x6C97, 0x74B7, 0x7CB8, 0x84D9, 0x84FA, 0x8D1A, 0x953B,
    0x1C04, 0x1C05, 0x2405, 0x2426, 0x2C27, 0x2C27, 0x3428, 0x3C48, 0x444A, 0x4C6A, 0x4C6C, 0x548D, 0x648E, 0x64AF, 0x6CB0, 0x64D1,
    0x64D1, 0x64D2, 0x64B3, 0x64B4, 0x64B4, 0x64B5, 0x64B5, 0x64B6, 0x64B6, 0x6CB7, 0x74D7, 0x7CD8, 0x84F9, 0x851A, 0x8D3A, 0x955B,
    0x1C46, 0x1C66, 0x2466, 0x2467, 0x2C67, 0x2C68, 0x3488, 0x3C89, 0x448A, 0x4C8B, 0x54AC, 0x5CCD, 0x64CE, 0x6CCF, 0x6CF0, 0x6CF1,
    0x6D12, 0x6D12, 0x6CF3, 0x6CF4, 0x6CF4, 0x6CF5, 0x6CF5, 0x6CD6, 0x6CD6, 0x6CF7, 0x6CF7, 0x74F8, 0x7D19, 0x853A, 0x8D3A, 0x955B,
    0x1C86, 0x1C87, 0x2487, 0x2C87, 0x2C88, 0x34A8, 0x34A9, 0x3CAA, 0x44CB, 0x4CCC, 0x54CD, 0x5CEE, 0x6CEF, 0x74F0, 0x7511, 0x7511,
    0x7512, 0x7533, 0x7533, 0x7534, 0x7514, 0x7515, 0x7515, 0x7516, 0x7516, 0x7517, 0x7517, 0x7538, 0x7D39, 0x855A, 0x8D5A, 0x959C,
    0x24C7, 0x24C7, 0x2CC8, 0x2CC8, 0x34C8, 0x34E9, 0x3CEA, 0x44EA, 0x4CEB, 0x550C, 0x5D0D, 0x650E, 0x6D0F, 0x7530, 0x7D31, 0x7D32,
    0x7D32, 0x8553, 0x7D54, 0x7D54, 0x7D54, 0x7D55, 0x7D36, 0x7D36, 0x7D56, 0x7D57, 0x7D57, 0x7D58, 0x7D59, 0x857A, 0x859A, 0x8DBC,
    0x2D08, 0x3508, 0x3509, 0x3509, 0x3D09, 0x3D0A, 0x450B, 0x4D2B, 0x552C, 0x5D2D, 0x5D2D, 0x652E, 0x754F, 0x7D50, 0x8551, 0x8552,
    0x8552, 0x8D53, 0x8D74, 0x8574, 0x8575, 0x8575, 0x8575, 0x7D76, 0x7D76, 0x8577, 0x8577, 0x8578, 0x8579, 0x859A, 0x85BA, 0x8DDC,
    0x3D29, 0x3D4A, 0x3D4A, 0x454A, 0x454B, 0x452B, 0x4D4C, 0x554C, 0x5D4D, 0x654E, 0x654E, 0x6D4F, 0x7550, 0x7D51, 0x8572, 0x8D72,
    0x8D73, 0x8D73, 0x8D94, 0x9594, 0x8D95, 0x8D95, 0x8D96, 0x8596, 0x8D96, 0x8D97, 0x8D97, 0x8598, 0x8599, 0x85BA, 0x85DA, 0x8DFC,
    0x454B, 0x4D6B, 0x4D6B, 0x4D6B, 0x556C, 0x556C, 0x5D6D, 0x5D6D, 0x656E, 0x6D6E, 0x6D6F, 0x7570, 0x7D91, 0x8571, 0x8D92, 0x8D93,
    0x9593, 0x9593, 0x95B4, 0x95B5, 0x95B5, 0x95B6, 0x95B6, 0x8DB6, 0x8DB7, 0x8DB7, 0x8DB8, 0x8DB8, 0x8DD9, 0x8DDA, 0x8DFB, 0x8E1C,
    0x558C, 0x558C, 0x5D8C, 0x5D8D, 0x5D8D, 0x658D, 0x658E, 0x6D8E, 0x6D8F, 0x758F, 0x7590, 0x7D90, 0x85B1, 0x85B2, 0x8DB2, 0x95B3,
    0x95B3, 0x95D4, 0x95D4, 0x95D5, 0x9DD5, 0x9DD6, 0x95D6, 0x95D6, 0x95D7, 0x95D7, 0x8DD8, 0x8DD8, 0x8DF9, 0x8DFA, 0x8E1B, 0x8E3C,
    0x65AD, 0x65AD, 0x65AD, 0x65AE, 0x6DAE, 0x6DAE, 0x6DAF, 0x75AF, 0x75AF, 0x7DB0, 0x7DB1, 0x85D1, 0x85D1, 0x8DD2, 0x95D3, 0x95D3,
    0x9DD4, 0x9DF4, 0x9DF5, 0x9DF5, 0x9DF5, 0x9DF6, 0x9DF6, 0x9DF6, 0x9DF7, 0x95F7, 0x9618, 0x9618, 0x9619, 0x963A, 0x963B, 0x967C,
    0x6DCE, 0x6DCE, 0x6DCE, 0x75CF, 0x75CF, 0x75CF, 0x75CF, 0x7DD0, 0x7DD0, 0x85D1, 0x85D1, 0x8DD1, 0x8DF2, 0x8DF2, 0x95F3, 0x95F3,
    0x9DF4, 0x9DF4, 0x9DF5, 0x9E15, 0xA616, 0xA616, 0xA636, 0x9E37, 0x9E37, 0x9E18, 0x9E38, 0x9E39, 0x9639, 0x965A, 0x965B, 0x969C,
    0x75EF, 0x7DF0, 0x7DF0, 0x7DF0, 0x7DF0, 0x7DF1, 0x85F1, 0x85F1, 0x85F1, 0x8DF2, 0x8DF2, 0x8DF2, 0x8E12, 0x9613, 0x9613, 0x9E14,
    0x9E14, 0xA615, 0xA635, 0xA636, 0xA636, 0xA636, 0xA656, 0xA657, 0xA658, 0xA658, 0x9E58, 0x9E59, 0x9E79, 0x967A, 0x969B, 0x96BC,
    0x8611, 0x8631, 0x8631, 0x8E11, 0x8E11, 0x8E11, 0x8E11, 0x8E12, 0x9612, 0x9632, 0x9633, 0x9633, 0x9633, 0x9633, 0x9E34, 0x9E34,
    0x9E55, 0xA655, 0xA655, 0xA656, 0xA656, 0xA676, 0xA677, 0xA677, 0xA678, 0xA698, 0xA679, 0x9E79, 0x9E9A, 0x9E9A, 0x9EBB, 0x9EDC,
    0x9652, 0x9652, 0x9652, 0x9652, 0x9652, 0x9652, 0x9652, 0x9653, 0x9E53, 0x9E53, 0x9E53, 0x9E54, 0x9E54, 0x9E54, 0x9E74, 0x9E75,
    0xA675, 0xA676, 0xAE76, 0xAE96, 0xAE96, 0xAE97, 0xAE97, 0xAEB7, 0xAEB8, 0xAEB8, 0xA6B9, 0xA6B9, 0xA6BA, 0x9EDA, 0x9EDB, 0x9F1C,
    0x9E93, 0x9E93, 0x9E93, 0x9E93, 0x9E93, 0x9E93, 0x9E93, 0x9E94, 0x9E94, 0x9E94, 0x9E94, 0xA694, 0xA694, 0xA695, 0xA695, 0xA695,
    0xA6B5, 0xAEB6, 0xAEB6, 0xAEB6, 0xAED7, 0xAED7, 0xAED7, 0xAED8, 0xAEF8, 0xAEF9, 0xAEF9, 0xAEFA, 0xA6FA, 0xA6FA, 0x9F1B, 0x9F3C,
    0xA6D4, 0xA6D4, 0xA6D4, 0xA6D4, 0xA6D5, 0xA6D4, 0xA6D4, 0xA6D4, 0xA6D5, 0xA6D5, 0xA6D5, 0xA6D5, 0xA6F5, 0xA6F5, 0xA6F5, 0xA6F5,
    0xAEF6, 0xAED6, 0xAEF7, 0xAEF7, 0xAEF7, 0xAEF8, 0xAEF8, 0xAF18, 0xAF19, 0xAF19, 0xAF3A, 0xAF3A, 0xAF3A, 0xA73B, 0xA73B, 0xA75C,
    0x38A1, 0x38A2, 0x38A2, 0x38A2, 0x3882, 0x38A3, 0x38A4, 0x38A4, 0x38A5, 0x40A6, 0x4087, 0x4889, 0x488A, 0x508C, 0x508D, 0x508E,
    0x5090, 0x50B1, 0x50B2, 0x50D3, 0x50F4, 0x5115, 0x5135, 0x5156, 0x5997, 0x59D7, 0x6218, 0x6A58, 0x72B9, 0x7AFA, 0x837B, 0x93DC,
    0x38A1, 0x38A2, 0x38A2, 0x38A2, 0x38A2, 0x38A3, 0x38A3, 0x38A4, 0x40A5, 0x40A6, 0x40A8, 0x48A9, 0x48AA, 0x50AC, 0x50AD, 0x50AF,
    0x50B0, 0x50B1, 0x50D2, 0x50F3, 0x5114, 0x5135, 0x5156, 0x5176, 0x59B7, 0x59F7, 0x6218, 0x6A59, 0x72B9, 0x7B1A, 0x837B, 0x93DB,
    0x38C1, 0x38C2, 0x38C2, 0x38C2, 0x38A3, 0x40A3, 0x40A4, 0x40C4, 0x40C5, 0x40C6, 0x48C8, 0x48A9, 0x48AB, 0x50AC, 0x50AD, 0x50CF,
    0x50D0, 0x50D1, 0x50F2, 0x5113, 0x5114, 0x5135, 0x5176, 0x5996, 0x59D7, 0x59F7, 0x6238, 0x6A78, 0x72B9, 0x7B1A, 0x837B, 0x93FB,
    0x38C1, 0x38C2, 0x38C2, 0x40C2, 0x40C3, 0x40C3, 0x40C4, 0x40C4, 0x40C5, 0x40E7, 0x48C8, 0x48C9, 0x50CB, 0x50CC, 0x50CE, 0x50EF,
    0x50F0, 0x50F1, 0x5112, 0x5133, 0x5154, 0x5155, 0x5196, 0x59B6, 0x59D7, 0x5A17, 0x6258, 0x6A98, 0x72D9, 0x7B1A, 0x837B, 0x93FB,
    0x40E1, 0x40E1, 0x40E2, 0x40E2, 0x40E3, 0x40E3, 0x40E4, 0x40E4, 0x40E5, 0x40E7, 0x48E8, 0x4909, 0x510B, 0x510C, 0x510E, 0x510F,
    0x5130, 0x5131, 0x5153, 0x5153, 0x5174, 0x5195, 0x51B6, 0x59D6, 0x59F7, 0x5A37, 0x6278, 0x6AB8, 0x72F9, 0x7B3A, 0x839A, 0x93FB,
    0x4121, 0x4102, 0x4102, 0x4102, 0x4103, 0x4103, 0x4104, 0x4105, 0x4106, 0x4107, 0x4928, 0x512A, 0x512B, 0x512C, 0x512E, 0x514F,
    0x5150, 0x5171, 0x5172, 0x5193, 0x5194, 0x51B5, 0x59D6, 0x59F6, 0x5A17, 0x6257, 0x6298, 0x6AB8, 0x72F9, 0x7B5A, 0x83BA, 0x941B,
    0x4141, 0x4142, 0x4142, 0x4142, 0x4143, 0x4123, 0x4124, 0x4925, 0x4926, 0x4947, 0x4948, 0x494A, 0x516B, 0x516C, 0x516E, 0x516F,
    0x5190, 0x5191, 0x51B2, 0x51B3, 0x51D4, 0x51F5, 0x5A15, 0x5A36, 0x5A57, 0x6297, 0x62B8, 0x6AF8, 0x7339, 0x7B7A, 0x8BDB, 0x943B,
    0x4161, 0x4161, 0x4162, 0x4162, 0x4163, 0x4963, 0x4964, 0x4965, 0x4966, 0x4987, 0x4988, 0x498A, 0x518B, 0x51AD, 0x51AE, 0x51AF,
    0x51D0, 0x51D1, 0x51F2, 0x51F3, 0x5214, 0x5235, 0x5A35, 0x5A76, 0x6297, 0x62B7, 0x6AF8, 0x6B19, 0x7359, 0x839A, 0x8BFB, 0x943C,
    0x41A1, 0x41A1, 0x41C2, 0x41C2, 0x41C3, 0x41C3, 0x49A4, 0x49A5, 0x49A6, 0x49C7, 0x49C8, 0x49CA, 0x51EB, 0x51ED, 0x51EE, 0x520F,
    0x5210, 0x5211, 0x5233, 0x5253, 0x5254, 0x5A75, 0x5A75, 0x5AB6, 0x62B7, 0x62F7, 0x6B18, 0x7359, 0x7B79, 0x83BA, 0x8C1B, 0x945C,
    0x39E1, 0x41E1, 0x41E2, 0x41E2, 0x4203, 0x4203, 0x4204, 0x4A05, 0x4A06, 0x4A08, 0x4A29, 0x522A, 0x522C, 0x524D, 0x524E, 0x5250,
    0x5251, 0x5271, 0x5293, 0x5293, 0x5294, 0x5AB5, 0x5AB6, 0x62D6, 0x62F7, 0x6317, 0x6B38, 0x7378, 0x7BB9, 0x83DA, 0x8C1B, 0x947B,
    0x3A21, 0x3A22, 0x3A22, 0x4242, 0x4243, 0x4244, 0x4244, 0x4265, 0x4A67, 0x4A68, 0x4A69, 0x528A, 0x528C, 0x528D, 0x52AE, 0x52B0,
    0x52B1, 0x52B2, 0x52D3, 0x52D3, 0x5AD4, 0x5AF5, 0x5B16, 0x6316, 0x6336, 0x6B57, 0x6B78, 0x7398, 0x7BD9, 0x841A, 0x8C5B, 0x949B,
    0x3A61, 0x3A62, 0x3A62, 0x3A83, 0x3A83, 0x4284, 0x4285, 0x42A6, 0x4AA7, 0x4AA8, 0x4AC9, 0x52CB, 0x52EC, 0x52ED, 0x52EF, 0x52F0,
    0x52F1, 0x5312, 0x5313, 0x5313, 0x5B14, 0x5B35, 0x5B55, 0x6356, 0x6376, 0x6B97, 0x73B8, 0x73D8, 0x7BF9, 0x843A, 0x8C5A, 0x9CBB,
    0x32A2, 0x3AA2, 0x3AA2, 0x3AC3, 0x3AC3, 0x3AC4, 0x42C5, 0x42C6, 0x42E7, 0x4AE8, 0x4B0A, 0x532B, 0x532C, 0x534D, 0x534F, 0x5350,
    0x5351, 0x5352, 0x5353, 0x5B73, 0x5B74, 0x5B75, 0x6395, 0x6396, 0x6BB6, 0x6BB7, 0x73D8, 0x7418, 0x7C39, 0x845A, 0x8C7A, 0x9CBB,
    0x32E2, 0x32E2, 0x3303, 0x3303, 0x3B04, 0x3B04, 0x3B05, 0x4326, 0x4327, 0x4B29, 0x4B4A, 0x536B, 0x538C, 0x538E, 0x538F, 0x5390,
    0x4BB1, 0x53B2, 0x53B3, 0x5BB3, 0x5BB4, 0x5BD5, 0x63D5, 0x63D6, 0x6BF6, 0x73F7, 0x7418, 0x7C38, 0x8459, 0x8C7A, 0x94BA, 0x9CDB,
    0x2B22, 0x3343, 0x3343, 0x3344, 0x3344, 0x3B45, 0x3B66, 0x3B67, 0x4368, 0x4B89, 0x53AA, 0x53CC, 0x5BCD, 0x5BEE, 0x53EF, 0x53F0,
    0x53F1, 0x53F2, 0x53F2, 0x5BF3, 0x5BF4, 0x6415, 0x6415, 0x6C16, 0x6C36, 0x7437, 0x7458, 0x7C58, 0x8479, 0x849A, 0x8CDA, 0x94FB,
    0x2B83, 0x2B83, 0x2B84, 0x33A4, 0x33A5, 0x33A5, 0x3BA6, 0x3BA7, 0x43C8, 0x4BCA, 0x53EB, 0x5C0C, 0x5C2D, 0x642F, 0x5C4F, 0x5C50,
    0x5C51, 0x5C52, 0x5C33, 0x5C33, 0x5C34, 0x6455, 0x6455, 0x6C56, 0x7456, 0x7477, 0x7C78, 0x7C98, 0x84B9, 0x8CBA, 0x8CDA, 0x951B,
    0x2BC4, 0x2BC4, 0x2BE4, 0x33E5, 0x33E6, 0x33E6, 0x3BE7, 0x3BE8, 0x4409, 0x4C2A, 0x542B, 0x5C4C, 0x646E, 0x646F, 0x6C90, 0x6491,
    0x6491, 0x6492, 0x6493, 0x6493, 0x6474, 0x6475, 0x6475, 0x6C96, 0x6C96, 0x7497, 0x7CB7, 0x7CB8, 0x84D9, 0x8CFA, 0x8CFA, 0x953B,
    0x2C04, 0x2C25, 0x2C25, 0x3426, 0x3426, 0x3427, 0x3C48, 0x4448, 0x444A, 0x4C6B, 0x546C, 0x5C8D, 0x648E, 0x6CAF, 0x6CB0, 0x6CD1,
    0x6CD1, 0x6CD2, 0x6CD3, 0x6CB4, 0x6CB4, 0x6CB5, 0x6CB5, 0x6CB6, 0x6CB6, 0x74B7, 0x7CD7, 0x7CD8, 0x84F9, 0x8D1A, 0x8D3A, 0x955B,
    0x2C65, 0x2C66, 0x2C66, 0x3466, 0x3467, 0x3468, 0x3C88, 0x4489, 0x4C8A, 0x548B, 0x5CAC, 0x64AD, 0x6CCE, 0x74D0, 0x74F0, 0x74F1,
    0x74F2, 0x74F2, 0x74F3, 0x74F4, 0x74F4, 0x74F5, 0x6CF5, 0x6CD6, 0x6CD6, 0x74F7, 0x74F7, 0x7CF8, 0x8519, 0x8D3A, 0x8D5A, 0x955C,
    0x2C86, 0x2CA6, 0x2CA7, 0x34A7, 0x34A8, 0x3CA8, 0x3CA9, 0x44AA, 0x4CCB, 0x54CC, 0x5CCD, 0x64EE, 0x6CEF, 0x74F0, 0x7D11, 0x7D11,
    0x7D12, 0x7D33, 0x7D33, 0x7D34, 0x7514, 0x7515, 0x7515, 0x7516, 0x7516, 0x7517, 0x7D17, 0x7D38, 0x8539, 0x855A, 0x8D5B, 0x957C,
    0x2CC7, 0x34C7, 0x34C8, 0x34C8, 0x3CE8, 0x3CE9, 0x44EA, 0x4CEA, 0x4CEB, 0x54EC, 0x5D0D, 0x650E, 0x6D0F, 0x7530, 0x7D31, 0x8532,
    0x8532, 0x8553, 0x8553, 0x8554, 0x8554, 0x7D55, 0x7D55, 0x7D56, 0x7D56, 0x7D57, 0x7D57, 0x7D58, 0x8559, 0x857A, 0x8D7B, 0x95BC,
    0x3508, 0x3D08, 0x3D09, 0x3D09, 0x4509, 0x450A, 0x4D0B, 0x552B, 0x552C, 0x5D2D, 0x652D, 0x6D2E, 0x754F, 0x7D50, 0x8551, 0x8552,
    0x8D52, 0x8D53, 0x8D74, 0x8D74, 0x8D75, 0x8D75, 0x8575, 0x8576, 0x8576, 0x8577, 0x8577, 0x8578, 0x8579, 0x859A, 0x8DBB, 0x8DDC,
    0x4529, 0x452A, 0x452A, 0x452A, 0x4D4B, 0x4D4B, 0x554C, 0x5D4C, 0x5D4D, 0x654E, 0x6D4E, 0x754F, 0x7550, 0x7D71, 0x8D72, 0x8D72,
    0x8D73, 0x8D73, 0x9594, 0x9594, 0x9595, 0x8D95, 0x8D96, 0x8D96, 0x8D96, 0x8D97, 0x8D97, 0x8D98, 0x8D99, 0x8DBA, 0x8DDA, 0x8DFC,
    0x4D6A, 0x4D6B, 0x4D6B, 0x556B, 0x556C, 0x5D6C, 0x5D6D, 0x656D, 0x656E, 0x6D6F, 0x756F, 0x7570, 0x7D91, 0x8591, 0x8D92, 0x9593,
    0x9593, 0x95B4, 0x95B4, 0x95B5, 0x95B5, 0x95B5, 0x95B6, 0x95B6, 0x8DB7, 0x8DB7, 0x8DB8, 0x8DB8, 0x8DB9, 0x8DDA, 0x8DFB, 0x8E1C,
    0x5D8C, 0x5D8C, 0x5D8C, 0x5D8D, 0x658D, 0x658D, 0x6D8E, 0x6D8E, 0x6D8F, 0x758F, 0x7D90, 0x7D90, 0x85B1, 0x85B2, 0x8DB2, 0x95B3,
    0x95B3, 0x9DB4, 0x9DD4, 0x9DD5, 0x9DD5, 0x9DD6, 0x9DD6, 0x95D6, 0x95D7, 0x95D7, 0x95D8, 0x95D8, 0x8DF9, 0x8DFA, 0x8E1B, 0x963C,
    0x65AD, 0x65AD, 0x65AD, 0x6DAE, 0x6DAE, 0x6DAE, 0x75AF, 0x75AF, 0x7DB0, 0x7DB0, 0x7DB1, 0x85B1, 0x85B1, 0x8DD2, 0x8DD3, 0x95D3,
    0x9DD4, 0x9DD4, 0x9DD5, 0x9DF5, 0x9DF5, 0x9DF6, 0x9DF6, 0x9DF7, 0x9DF7, 0x9DF7, 0x9618, 0x9618, 0x9619, 0x963A, 0x963B, 0x967C,
    0x6DCE, 0x6DCE, 0x75CE, 0x75CF, 0x75CF, 0x75CF, 0x7DCF, 0x7DD0, 0x7DD0, 0x85D1, 0x85D1, 0x8DD2, 0x8DD2, 0x8DF2, 0x95F3, 0x95F3,
    0x9DF4, 0xA5F5, 0xA5F5, 0xA5F5, 0xA615, 0xA616, 0xA616, 0xA637, 0xA637, 0x9E38, 0x9E38, 0x9E39, 0x9E39, 0x965A, 0x967B, 0x969C,
    0x7DF0, 0x7DF0, 0x7DF0, 0x7DF0, 0x85F0, 0x85F0, 0x85F1, 0x85F1, 0x8DF1, 0x8DF2, 0x8DF2, 0x8DF2, 0x9613, 0x9613, 0x9E13, 0x9E14,
    0x9E14, 0xA615, 0xA615, 0xA636, 0xA636, 0xA636, 0xA657, 0xA657, 0xA657, 0xA658, 0x9E58, 0x9E59, 0x9E79, 0x9E7A, 0x9E9B, 0x9EBC,
    0x8611, 0x8E11, 0x8E11, 0x8E11, 0x8E11, 0x8E31, 0x8E32, 0x8E32, 0x9632, 0x9632, 0x9633, 0x9633, 0x9633, 0x9E34, 0x9E34, 0x9E34,
    0xA635, 0xA655, 0xA656, 0xAE56, 0xAE56, 0xAE76, 0xAE77, 0xAE77, 0xAE78, 0xA698, 0xA698, 0xA699, 0x9E99, 0x9EBA, 0x9EBB, 0x9EDC,
    0x9652, 0x9652, 0x9652, 0x9652, 0x9652, 0x9652, 0x9653, 0x9653, 0x9E53, 0x9E53, 0x9E53, 0x9E54, 0x9E54, 0x9E74, 0xA674, 0xA675,
    0xA675, 0xA676, 0xAE76, 0xAE96, 0xAE96, 0xAE97, 0xAE97, 0xAEB7, 0xAEB8, 0xAEB9, 0xAEB9, 0xA6B9, 0xA6BA, 0x9EDA, 0x9EDB, 0x9F1C,
    0x9E93, 0x9E93, 0x9E93, 0x9E93, 0x9E93, 0x9E93, 0x9E93, 0x9E94, 0x9E94, 0x9E94, 0xA694, 0xA694, 0xA694, 0xA6B5, 0xA6B5, 0xA6B5,
    0xA6B5, 0xA6B6, 0xAEB6, 0xAEB7, 0xAED7, 0xAED7, 0xAED8, 0xAED8, 0xAED8, 0xAEF9, 0xAEF9, 0xAEFA, 0xA6FA, 0xA6FA, 0xA71B, 0xA73C,
    0xA6D4, 0xA6D4, 0xA6D4, 0xA6D4, 0xA6D4, 0xA6D4, 0xA6D4, 0xA6D5, 0xA6D5, 0xA6D5, 0xA6D5, 0xA6D5, 0xA6D5, 0xAED5, 0xA6F5, 0xAEF6,
    0xAED6, 0xAEF6, 0xAEF7, 0xAEF7, 0xAEF7, 0xAEF8, 0xAF18, 0xAF18, 0xAF19, 0xAF19, 0xAF3A, 0xAF3A, 0xAF3A, 0xA73B, 0xA73B, 0xA75C,
    0x40A1, 0x40A1, 0x40A2, 0x4082, 0x4082, 0x4083, 0x4083, 0x4084, 0x4885, 0x4886, 0x4887, 0x5089, 0x508A, 0x586C, 0x588D, 0x588F,
    0x5890, 0x5891, 0x58B2, 0x58D3, 0x58F4, 0x5915, 0x5935, 0x6176, 0x61B7, 0x69D7, 0x6A18, 0x7278, 0x7AB9, 0x831A, 0x8B7B, 0x93FC,
    0x40A1, 0x40A2, 0x40A2, 0x40A2, 0x40A2, 0x4883, 0x4883, 0x48A4, 0x48A5, 0x48A6, 0x4888, 0x5089, 0x508A, 0x588C, 0x588D, 0x588F,
    0x58B0, 0x58B1, 0x58D2, 0x58F3, 0x5914, 0x6135, 0x6156, 0x6196, 0x61B7, 0x61F7, 0x6A38, 0x7279, 0x72B9, 0x831A, 0x8B7B, 0x93FB,
    0x40C1, 0x40C2, 0x40C2, 0x40A2, 0x48A2, 0x4883, 0x48A4, 0x48A4, 0x48A5, 0x48A6, 0x50A8, 0x50A9, 0x58AB, 0x58AC, 0x58AE, 0x58AF,
    0x58D0, 0x58D1, 0x60F2, 0x5913, 0x6134, 0x6155, 0x6176, 0x6196, 0x61D7, 0x6217, 0x6A38, 0x7298, 0x7AD9, 0x831A, 0x8B7B, 0x93FC,
    0x48C1, 0x48C2, 0x48C2, 0x48C2, 0x48C3, 0x48A3, 0x48A4, 0x48C4, 0x48C5, 0x48C6, 0x50C8, 0x50C9, 0x58CB, 0x58CC, 0x58CE, 0x58EF,
    0x58F0, 0x60F1, 0x6112, 0x6133, 0x6154, 0x6175, 0x6196, 0x61B6, 0x61F7, 0x6217, 0x6A58, 0x7298, 0x7AD9, 0x833A, 0x8B9B, 0x93FC,
    0x48E1, 0x48E2, 0x48E2, 0x48E2, 0x48E3, 0x48E3, 0x48C4, 0x48C4, 0x48E5, 0x48E7, 0x50E8, 0x50E9, 0x58EB, 0x590C, 0x610E, 0x590F,
    0x5930, 0x5931, 0x5953, 0x6153, 0x6174, 0x6195, 0x61B6, 0x61D6, 0x6217, 0x6A37, 0x6A78, 0x72B8, 0x7AF9, 0x833A, 0x8B9A, 0x93FB,
    0x4921, 0x4901, 0x4902, 0x4902, 0x4902, 0x4903, 0x4904, 0x5105, 0x5106, 0x5107, 0x5128, 0x5929, 0x592B, 0x592D, 0x612E, 0x614F,
    0x6150, 0x6171, 0x6172, 0x5993, 0x6194, 0x61B5, 0x61D5, 0x6216, 0x6237, 0x6A57, 0x6A98, 0x72D8, 0x7B19, 0x835A, 0x8BBA, 0x941B,
    0x4941, 0x4941, 0x4942, 0x5142, 0x5142, 0x5123, 0x5124, 0x5125, 0x5126, 0x5147, 0x5148, 0x514A, 0x596B, 0x596D, 0x596E, 0x598F,
    0x5990, 0x5991, 0x59B2, 0x59B3, 0x59D4, 0x61F5, 0x6216, 0x6236, 0x6277, 0x6A97, 0x6AB8, 0x72F9, 0x7B39, 0x837A, 0x8BDB, 0x9C3B,
    0x4981, 0x4981, 0x4981, 0x5182, 0x5182, 0x5163, 0x5164, 0x5165, 0x5166, 0x5187, 0x5188, 0x518A, 0x59AB, 0x59AD, 0x59AE, 0x59CF,
    0x59D0, 0x59D1, 0x59F2, 0x5A13, 0x6214, 0x6235, 0x6256, 0x6276, 0x6A97, 0x6AB7, 0x72F8, 0x7339, 0x7B59, 0x83BA, 0x8BFB, 0x9C5B,
    0x49C1, 0x49C1, 0x49C1, 0x51C2, 0x51C2, 0x51C3, 0x51C4, 0x51A5, 0x51A6, 0x51C7, 0x51C8, 0x59EA, 0x59EB, 0x59ED, 0x5A0E, 0x620F,
    0x6211, 0x5A31, 0x5A33, 0x6254, 0x6254, 0x6275, 0x6295, 0x62B6, 0x6AD7, 0x6AF7, 0x7318, 0x7359, 0x7B99, 0x83DA, 0x941B, 0x9C5B,
    0x4A01, 0x4A01, 0x4A01, 0x4A02, 0x5222, 0x5223, 0x5224, 0x5205, 0x5A06, 0x5A07, 0x5A29, 0x5A2A, 0x5A4C, 0x5A4D, 0x5A4E, 0x5A50,
    0x6271, 0x5A71, 0x5A93, 0x6294, 0x62B4, 0x62B5, 0x62D6, 0x6AD6, 0x6AF7, 0x6B17, 0x7358, 0x7B78, 0x83B9, 0x8BFA, 0x943B, 0x9C7C,
    0x4221, 0x4A41, 0x4A41, 0x4A42, 0x4A63, 0x4A63, 0x5264, 0x5265, 0x5266, 0x5A68, 0x5A89, 0x5A8A, 0x5A8C, 0x5AAD, 0x5AAE, 0x5AB0,
    0x5AB1, 0x5AB2, 0x62D3, 0x62D3, 0x62F4, 0x62F5, 0x6316, 0x6B16, 0x6B36, 0x6B57, 0x7378, 0x7BB8, 0x83D9, 0x8C1A, 0x945B, 0x9C9B,
    0x4281, 0x4281, 0x4282, 0x4A82, 0x4AA3, 0x4AA4, 0x4AA5, 0x52A6, 0x52C7, 0x52C8, 0x5AC9, 0x5ACB, 0x5AEC, 0x5AED, 0x5AEF, 0x5AF0,
    0x5B11, 0x6312, 0x6313, 0x6313, 0x6334, 0x6335, 0x6B55, 0x6B56, 0x6B76, 0x7397, 0x73B8, 0x7BD8, 0x8419, 0x8C3A, 0x947A, 0x9CBB,
    0x42C1, 0x42C2, 0x42C2, 0x42C3, 0x42E3, 0x42E4, 0x4AE5, 0x4AE6, 0x5307, 0x5308, 0x530A, 0x5B2B, 0x5B4C, 0x5B4D, 0x5B4F, 0x5B50,
    0x5B51, 0x6352, 0x6373, 0x6373, 0x6374, 0x6395, 0x6B95, 0x6BB6, 0x6BB6, 0x73D7, 0x7BF8, 0x7C18, 0x8439, 0x8C5A, 0x949A, 0x9CBB,
    0x3B01, 0x3B02, 0x3B02, 0x4303, 0x4324, 0x4324, 0x4325, 0x4B26, 0x4B47, 0x5349, 0x534A, 0x5B6B, 0x5B8C, 0x5B8E, 0x5B8F, 0x5B90,
    0x5BB1, 0x5BB2, 0x63B3, 0x63B3, 0x63D4, 0x63D5, 0x6BD5, 0x6BF6, 0x73F6, 0x7417, 0x7C18, 0x8438, 0x8459, 0x8C7A, 0x94BA, 0x9CDB,
    0x3B42, 0x3B42, 0x3B43, 0x3B64, 0x4364, 0x4365, 0x4366, 0x4367, 0x4B88, 0x5389, 0x53AA, 0x5BAC, 0x63CD, 0x63EE, 0x63EF, 0x63F0,
    0x5BF1, 0x5BF2, 0x6413, 0x6413, 0x6C14, 0x6C15, 0x6C15, 0x7436, 0x7436, 0x7C37, 0x7C58, 0x8478, 0x8479, 0x8C9A, 0x94DA, 0x9CFB,
    0x3BA2, 0x3BA3, 0x3BA3, 0x3BA4, 0x3BA5, 0x43A5, 0x43A6, 0x43C7, 0x4BC8, 0x53EA, 0x53EB, 0x5C0C, 0x640D, 0x6C2F, 0x6C4F, 0x6450,
    0x6451, 0x6452, 0x6453, 0x6453, 0x6C54, 0x6C55, 0x6C55, 0x7456, 0x7476, 0x7C77, 0x7C78, 0x8498, 0x84B9, 0x8CDA, 0x94DA, 0x9D1B,
    0x33E3, 0x3BE4, 0x3BE4, 0x3BE4, 0x3BE5, 0x3BE6, 0x43E7, 0x4408, 0x4C09, 0x542A, 0x542B, 0x5C4C, 0x644E, 0x6C6F, 0x6C90, 0x6C91,
    0x6C91, 0x6C92, 0x6C93, 0x6C93, 0x6C94, 0x6C95, 0x6C75, 0x7496, 0x7496, 0x7C97, 0x7CB7, 0x84B8, 0x8CD9, 0x8CFA, 0x94FA, 0x9D1B,
    0x3424, 0x3424, 0x3C25, 0x3C25, 0x3C46, 0x3C47, 0x4448, 0x4C48, 0x4C4A, 0x546B, 0x5C6C, 0x646D, 0x6C8E, 0x74AF, 0x74B0, 0x74D1,
    0x74D2, 0x74D2, 0x74D3, 0x74B4, 0x6CB4, 0x6CB5, 0x74B5, 0x74B6, 0x74B6, 0x7CD7, 0x84D7, 0x84D8, 0x8CF9, 0x8D1A, 0x951A, 0x953B,
    0x3465, 0x3465, 0x3C86, 0x3C86, 0x3C67, 0x4487, 0x4488, 0x4C89, 0x548A, 0x548B, 0x5CAC, 0x64AD, 0x6CCE, 0x74D0, 0x7CD1, 0x7CF1,
    0x7CF2, 0x7CF3, 0x7CF3, 0x74F4, 0x74F4, 0x74F5, 0x74D5, 0x74D6, 0x74D6, 0x7CF7, 0x7CF7, 0x84F8, 0x8519, 0x8D3A, 0x955A, 0x955B,
    0x34A6, 0x34A6, 0x3CA6, 0x3CA7, 0x3CA8, 0x44A8, 0x44A9, 0x4CAA, 0x54CB, 0x54CC, 0x5CCD, 0x64CD, 0x6CEF, 0x74F0, 0x7D11, 0x8511,
    0x8512, 0x8533, 0x8533, 0x7D34, 0x7D14, 0x7D15, 0x7D15, 0x7D16, 0x7D16, 0x7D17, 0x7D17, 0x8518, 0x8539, 0x8D5A, 0x955B, 0x957C,
    0x3CC7, 0x3CC7, 0x3CC8, 0x44E8, 0x44E8, 0x44E9, 0x4CEA, 0x4CEB, 0x54EB, 0x5CEC, 0x64ED, 0x6D0E, 0x6D0F, 0x7D30, 0x8531, 0x8532,
    0x8D32, 0x8D53, 0x8D53, 0x8D54, 0x8554, 0x8555, 0x8555, 0x8536, 0x8536, 0x8557, 0x8557, 0x8558, 0x8559, 0x8D5A, 0x8D7B, 0x959C,
    0x3D08, 0x4508, 0x4509, 0x4509, 0x4D09, 0x4D0A, 0x550B, 0x550B, 0x5D2C, 0x652D, 0x6D2D, 0x6D2E, 0x754F, 0x7D50, 0x8551, 0x8D52,
    0x8D53, 0x8D53, 0x8D74, 0x8D74, 0x8D75, 0x8D75, 0x8D75, 0x8D76, 0x8D76, 0x8577, 0x8577, 0x8578, 0x8579, 0x8D9A, 0x8D9B, 0x95DC,
    0x4529, 0x4D2A, 0x4D2A, 0x4D2A, 0x4D4A, 0x554B, 0x5D4C, 0x5D4C, 0x654D, 0x6D4E, 0x6D4E, 0x754F, 0x7D50, 0x8571, 0x8D72, 0x8D72,
    0x9573, 0x9573, 0x9594, 0x9595, 0x9595, 0x9595, 0x8D96, 0x8D96, 0x8D96, 0x8D97, 0x8D97, 0x8D98, 0x8D99, 0x8DBA, 0x8DDB, 0x8DFC,
    0x556B, 0x556B, 0x556B, 0x556B, 0x5D6C, 0x5D6C, 0x656D, 0x656D, 0x6D6E, 0x6D6F, 0x756F, 0x7D70, 0x7D71, 0x8591, 0x8D92, 0x9593,
    0x9593, 0x9D94, 0x9DB4, 0x9DB5, 0x9DB5, 0x9DB6, 0x95B6, 0x95B6, 0x95B7, 0x95B7, 0x95B8, 0x8DB8, 0x8DB9, 0x8DDA, 0x8DFB, 0x961C,
    0x5D8C, 0x5D8C, 0x658C, 0x658D, 0x658D, 0x658D, 0x6D8E, 0x6D8E, 0x758F, 0x758F, 0x7D90, 0x7D91, 0x8591, 0x8D92, 0x8DB2, 0x95B3,
    0x9DB3, 0x9DB4, 0x9DD4, 0x9DD5, 0x9DD5, 0x9DD6, 0x9DD6, 0x9DD6, 0x9DD7, 0x95D7, 0x95D8, 0x95D8, 0x95F9, 0x95FA, 0x961B, 0x963C,
    0x65AD, 0x6DAD, 0x6DAD, 0x6DAE, 0x6DAE, 0x75AE, 0x75AF, 0x75AF, 0x7DB0, 0x7DB0, 0x85B1, 0x85B1, 0x8DB1, 0x8DB2, 0x95D2, 0x95D3,
    0x9DD4, 0x9DD4, 0xA5D5, 0xA5F5, 0xA5F5, 0xA5F6, 0xA5F6, 0xA5F7, 0x9DF7, 0x9DF7, 0x9E18, 0x9618, 0x9619, 0x963A, 0x963B, 0x967C,
    0x6DAE, 0x75CE, 0x75CE, 0x75CF, 0x75CF, 0x7DCF, 0x7DD0, 0x7DD0, 0x85D0, 0x85D1, 0x8DD1, 0x8DD2, 0x8DD2, 0x95D2, 0x95F3, 0x95F3,
    0x9DF4, 0xA5F5, 0xA5F5, 0xA5F5, 0xA616, 0xA616, 0xA616, 0xA637, 0xA637, 0xA638, 0x9E38, 0x9E39, 0x9E59, 0x9E5A, 0x967B, 0x9E9C,
    0x7DF0, 0x7DF0, 0x7DF0, 0x7DF0, 0x85F0, 0x85F0, 0x85F1, 0x8DF1, 0x8DF1, 0x8DF1, 0x8DF2, 0x95F2, 0x9613, 0x9613, 0x9E13, 0x9E14,
    0x9E14, 0xA615, 0xA615, 0xA636, 0xA636, 0xA636, 0xA657, 0xA657, 0xA657, 0xA658, 0xA658, 0x9E59, 0x9E79, 0x9E7A, 0x9E9B, 0x9EBC,
    0x8E11, 0x8E11, 0x8E31, 0x8E31, 0x8E31, 0x8E31, 0x8E32, 0x9612, 0x9632, 0x9632, 0x9633, 0x9633, 0x9E33, 0x9E34, 0x9E34, 0x9E34,
    0xA655, 0xA655, 0xAE56, 0xAE56, 0xAE56, 0xAE76, 0xAE77, 0xAE77, 0xAE78, 0xAE98, 0xA698, 0xA699, 0xA69A, 0x9EBA, 0x9EBB, 0x9EDC,
    0x9652, 0x9652, 0x9652, 0x9652, 0x9652, 0x9652, 0x9653, 0x9653, 0x9E53, 0x9E53, 0x9E53, 0x9E53, 0x9E74, 0x9E74, 0xA674, 0xA675,
    0xA675, 0xA675, 0xAE76, 0xAE96, 0xAE96, 0xAE97, 0xAE97, 0xAEB7, 0xAEB8, 0xAEB9, 0xAEB9, 0xA6B9, 0xA6BA, 0xA6DA, 0x9EFB, 0x9F1C,
    0x9E93, 0x9E93, 0x9E93, 0x9E93, 0x9E93, 0x9E93, 0x9E94, 0x9E94, 0xA694, 0xA694, 0xA694, 0xA694, 0xA694, 0xA6B5, 0xA6B5, 0xA6B5,
    0xA6B5, 0xAEB6, 0xAEB6, 0xAEB7, 0xAED7, 0xAED7, 0xAED8, 0xAED8, 0xAED8, 0xAEF9, 0xAEF9, 0xAEFA, 0xAEFA, 0xA6FA, 0xA71B, 0xA73C,
    0xA6D4, 0xA6D4, 0xA6D4, 0xA6D4, 0xA6D4, 0xA6D4, 0xA6D5, 0xAED5, 0xAED5, 0xAED5, 0xAED5, 0xAED5, 0xAED5, 0xAED5, 0xAEF5, 0xAEF6,
    0xAEF6, 0xAEF6, 0xAEF7, 0xAEF7, 0xB6F7, 0xB6F8, 0xB718, 0xB718, 0xB719, 0xAF19, 0xAF3A, 0xAF3A, 0xAF3A, 0xAF3B, 0xA73B, 0xA75D,
    0x48A1, 0x4881, 0x4882, 0x4882, 0x5083, 0x4863, 0x5063, 0x5064, 0x5065, 0x5086, 0x5087, 0x5869, 0x586A, 0x606C, 0x606D, 0x686F,
    0x6870, 0x6891, 0x68B2, 0x68D3, 0x68F4, 0x6915, 0x6956, 0x6976, 0x69B7, 0x71F7, 0x7238, 0x7278, 0x7AB9, 0x831A, 0x8B7B, 0x9BFB,
    0x48A1, 0x48A2, 0x48A2, 0x50A2, 0x5082, 0x5063, 0x5063, 0x5064, 0x5085, 0x5086, 0x5088, 0x5889, 0x608A, 0x606C, 0x688E, 0x688F,
    0x6890, 0x68B1, 0x68D2, 0x68F3, 0x6914, 0x6935, 0x6956, 0x6996, 0x69B7, 0x71F7, 0x7238, 0x7A99, 0x7AD9, 0x831A, 0x8B7B, 0x9BFB,
    0x50C1, 0x50C2, 0x50A2, 0x50A2, 0x50A2, 0x5083, 0x5084, 0x5084, 0x50A5, 0x50A6, 0x58A8, 0x58A9, 0x60AA, 0x608C, 0x68AE, 0x68AF,
    0x68B0, 0x68D1, 0x68F2, 0x6913, 0x6934, 0x6955, 0x6976, 0x69B6, 0x69D7, 0x6A17, 0x7258, 0x7A98, 0x7AD9, 0x833A, 0x8B9B, 0x9BFB,
    0x50E1, 0x50C2, 0x50C2, 0x50C2, 0x50C3, 0x50A3, 0x5084, 0x50A4, 0x50A5, 0x50C6, 0x58C8, 0x58C9, 0x60CB, 0x68CD, 0x68CE, 0x68CF,
    0x68F0, 0x68F1, 0x6913, 0x6933, 0x6954, 0x6975, 0x6996, 0x69B6, 0x69F7, 0x7237, 0x7258, 0x7AB8, 0x7AF9, 0x833A, 0x8B9A, 0x9C1B,
    0x50E1, 0x50E2, 0x50E2, 0x50E2, 0x50E3, 0x50E3, 0x58C4, 0x58C4, 0x58C5, 0x58E7, 0x58E8, 0x58E9, 0x60EB, 0x68ED, 0x690E, 0x690F,
    0x6930, 0x6931, 0x6953, 0x6953, 0x6974, 0x6995, 0x69B6, 0x69D6, 0x6A17, 0x7257, 0x7278, 0x7AB8, 0x82F9, 0x835A, 0x8BBA, 0x9C1B,
    0x5101, 0x5101, 0x5102, 0x5902, 0x5902, 0x5903, 0x58E4, 0x58E4, 0x58E5, 0x5907, 0x5908, 0x6129, 0x612B, 0x692D, 0x692E, 0x694F,
    0x6951, 0x6972, 0x6972, 0x6993, 0x69B4, 0x69D5, 0x69F5, 0x6A16, 0x6A37, 0x7277, 0x7298, 0x7AD8, 0x8319, 0x8B7A, 0x93BA, 0x9C1B,
    0x5141, 0x5141, 0x5941, 0x5942, 0x5942, 0x5923, 0x5924, 0x5924, 0x5926, 0x5947, 0x5948, 0x6149, 0x616B, 0x696D, 0x696E, 0x698F,
    0x6990, 0x6991, 0x69B2, 0x69D3, 0x69D4, 0x69F5, 0x6A16, 0x6A56, 0x6A77, 0x7297, 0x72D8, 0x7AF9, 0x8359, 0x8B9A, 0x93DA, 0x9C3B,
    0x5981, 0x5981, 0x5981, 0x5982, 0x5982, 0x5963, 0x5964, 0x5965, 0x5966, 0x6187, 0x6188, 0x618A, 0x61AB, 0x69AD, 0x69CE, 0x69CF,
    0x69D0, 0x69F1, 0x69F2, 0x6A13, 0x6A14, 0x6A35, 0x6A56, 0x6A76, 0x72B7, 0x72D7, 0x7AF8, 0x7B39, 0x8379, 0x8BBA, 0x93FB, 0x9C5B,
    0x59C1, 0x59C1, 0x59C1, 0x59C1, 0x59C2, 0x59C3, 0x61A4, 0x61A5, 0x61A6, 0x61C7, 0x61C8, 0x61EA, 0x61EB, 0x6A0D, 0x6A0E, 0x6A0F,
    0x6A31, 0x6A31, 0x6A33, 0x6A54, 0x6A74, 0x6A75, 0x6A96, 0x6AB6, 0x72D7, 0x72F7, 0x7B38, 0x7B58, 0x8399, 0x8BDA, 0x941B, 0x9C7B,
    0x5A20, 0x5A20, 0x5A21, 0x5A21, 0x5A22, 0x5A23, 0x5A23, 0x6204, 0x6206, 0x6207, 0x6229, 0x622A, 0x624C, 0x6A4D, 0x6A4E, 0x6A70,
    0x6A71, 0x6A72, 0x6A93, 0x6A94, 0x6AB4, 0x6AB5, 0x6AD5, 0x72F6, 0x7317, 0x7337, 0x7B58, 0x8378, 0x83B9, 0x8BFA, 0x943B, 0xA47B,
    0x5240, 0x5260, 0x5A61, 0x5A61, 0x5A62, 0x5A83, 0x6284, 0x6285, 0x6266, 0x6268, 0x6269, 0x628A, 0x6AAC, 0x6AAD, 0x6AAF, 0x6AB0,
    0x6AB1, 0x6AB2, 0x6AD3, 0x6AF3, 0x6AF4, 0x6B15, 0x6B15, 0x7336, 0x7356, 0x7B77, 0x7B98, 0x83B8, 0x83F9, 0x8C1A, 0x945A, 0x9C9B,
    0x5280, 0x52A1, 0x52A1, 0x52A2, 0x5AA2, 0x5AA3, 0x5AC4, 0x5AC5, 0x62C6, 0x62C8, 0x62C9, 0x6AEB, 0x6AEC, 0x6AED, 0x6B0F, 0x6B10,
    0x6B11, 0x6B12, 0x6B13, 0x6B33, 0x6B34, 0x6B55, 0x7355, 0x7376, 0x7376, 0x7B97, 0x7BD8, 0x83F8, 0x8C19, 0x8C3A, 0x947A, 0x9CBB,
    0x4AC0, 0x52C1, 0x52E1, 0x52E2, 0x52E3, 0x52E4, 0x5305, 0x5B06, 0x5B27, 0x5B28, 0x6329, 0x632B, 0x6B4C, 0x6B4D, 0x6B4F, 0x6B50,
    0x6B71, 0x6B72, 0x6B73, 0x6B73, 0x6B74, 0x6B95, 0x7395, 0x73B6, 0x73B6, 0x7BD7, 0x7BF8, 0x8418, 0x8C39, 0x8C5A, 0x949A, 0xA4DB,
    0x4B01, 0x4B21, 0x4B22, 0x4B23, 0x4B23, 0x4B24, 0x5325, 0x5346, 0x5B67, 0x5B48, 0x5B6A, 0x636B, 0x6B8C, 0x6B8E, 0x6BAF, 0x6BB0,
    0x6BB1, 0x6BB2, 0x6BB3, 0x6BD4, 0x6BD4, 0x73D5, 0x73D5, 0x73F6, 0x7BF6, 0x7C17, 0x8438, 0x8458, 0x8C79, 0x949A, 0x9CBA, 0xA4DB,
    0x4361, 0x4362, 0x4B62, 0x4B63, 0x4B64, 0x4B84, 0x4B85, 0x5386, 0x53A8, 0x5BA9, 0x5BAA, 0x63AC, 0x6BCD, 0x6BEE, 0x6BEF, 0x6BF0,
    0x6BF1, 0x6BF2, 0x6C13, 0x6C13, 0x7414, 0x7415, 0x7415, 0x7436, 0x7C36, 0x7C37, 0x8457, 0x8478, 0x8C99, 0x94BA, 0x94DA, 0x9CFB,
    0x43A2, 0x43A2, 0x43C3, 0x4BC4, 0x4BC4, 0x4BC5, 0x4BC6, 0x53C7, 0x53E8, 0x5BEA, 0x5BEB, 0x63EC, 0x6C0D, 0x742E, 0x7450, 0x7450,
    0x6C51, 0x6C52, 0x6C53, 0x7453, 0x7454, 0x7455, 0x7455, 0x7C56, 0x7C76, 0x8477, 0x8477, 0x8C98, 0x8CB9, 0x8CDA, 0x94FA, 0x9D1B,
    0x43E3, 0x4403, 0x4404, 0x4404, 0x4C05, 0x4C06, 0x4C07, 0x5408, 0x5429, 0x5C2A, 0x5C2B, 0x642C, 0x6C4E, 0x746F, 0x7490, 0x7491,
    0x7491, 0x7492, 0x7493, 0x7494, 0x7494, 0x7495, 0x7495, 0x7C96, 0x7C96, 0x8497, 0x84B8, 0x8CB8, 0x8CD9, 0x8CDA, 0x94FA, 0x9D3B,
    0x4424, 0x4444, 0x4445, 0x4445, 0x4446, 0x4C46, 0x4C47, 0x5448, 0x544A, 0x5C6B, 0x646C, 0x646D, 0x6C8E, 0x74AF, 0x7CB0, 0x7CB1,
    0x7CD2, 0x7CD3, 0x7CB3, 0x7CD4, 0x74B4, 0x74B5, 0x7CB5, 0x7CB6, 0x7CB6, 0x84D7, 0x84D8, 0x8CF8, 0x8CF9, 0x94FA, 0x951A, 0x9D3B,
    0x4465, 0x4485, 0x4486, 0x4486, 0x4487, 0x4C87, 0x4C88, 0x5489, 0x548A, 0x5C8B, 0x648C, 0x6CAD, 0x6CAE, 0x74CF, 0x84D1, 0x84F1,
    0x84F2, 0x84F3, 0x84F3, 0x7CF4, 0x7CF4, 0x7CF5, 0x7CD5, 0x7CD6, 0x7CD6, 0x84F7, 0x84F7, 0x8D18, 0x8D19, 0x953A, 0x955A, 0x9D5B,
    0x44A6, 0x44A6, 0x44A6, 0x44A7, 0x44A7, 0x4CA8, 0x4CA9, 0x54CA, 0x5CCB, 0x5CCC, 0x64CD, 0x6CCD, 0x74EE, 0x7CF0, 0x8511, 0x8511,
    0x8512, 0x8D33, 0x8D33, 0x8534, 0x8514, 0x8515, 0x8515, 0x8516, 0x8516, 0x8517, 0x8517, 0x8518, 0x8D39, 0x8D5A, 0x955A, 0x9D7C,
    0x44E7, 0x44E7, 0x44E7, 0x4CE8, 0x4CE8, 0x4CE9, 0x54EA, 0x54EA, 0x5CEB, 0x64EC, 0x64ED, 0x6D0E, 0x750F, 0x7D10, 0x8531, 0x8D32,
    0x8D32, 0x8D53, 0x8D54, 0x8D54, 0x8D55, 0x8D55, 0x8D55, 0x8D36, 0x8536, 0x8557, 0x8557, 0x8558, 0x8D59, 0x8D5A, 0x957B, 0x959C,
    0x4508, 0x4D08, 0x4D09, 0x4D09, 0x4D09, 0x550A, 0x550B, 0x5D0B, 0x652C, 0x652D, 0x6D2E, 0x752F, 0x7D30, 0x7D50, 0x8551, 0x8D52,
    0x9553, 0x9553, 0x9574, 0x9574, 0x9575, 0x8D75, 0x8D76, 0x8D56, 0x8D56, 0x8D77, 0x8D77, 0x8D78, 0x8D79, 0x8D9A, 0x959B, 0x95BC,
    0x4D29, 0x554A, 0x554A, 0x554A, 0x554B, 0x5D4B, 0x5D4B, 0x654C, 0x654D, 0x6D4E, 0x754E, 0x754F, 0x7D50, 0x8571, 0x8D71, 0x8D72,
    0x9573, 0x9573, 0x9594, 0x9D95, 0x9D95, 0x9595, 0x9596, 0x9596, 0x9596, 0x8D97, 0x8D98, 0x8D98, 0x8D99, 0x8DBA, 0x8DDB, 0x95FC,
    0x556B, 0x5D6B, 0x5D6B, 0x5D6B, 0x656C, 0x656C, 0x656D, 0x6D6D, 0x6D6E, 0x756F, 0x756F, 0x7D70, 0x8571, 0x8D71, 0x8D92, 0x9592,
    0x9593, 0x9D94, 0x9DB4, 0x9DB5, 0x9DB5, 0x9DB6, 0x9DB6, 0x95B6, 0x95B7, 0x95B7, 0x95B8, 0x95B8, 0x95B9, 0x95DA, 0x95FB, 0x961C,
    0x658C, 0x658C, 0x658C, 0x658D, 0x6D8D, 0x6D8D, 0x6D8E, 0x758E, 0x758F, 0x7D8F, 0x7D90, 0x8591, 0x8591, 0x8D92, 0x8DB2, 0x95B3,
    0x9DB3, 0x9DB4, 0x9DB4, 0x9DD5, 0xA5D5, 0xA5D6, 0xA5D6, 0x9DD6, 0x9DD7, 0x9DD7, 0x9DD8, 0x95D8, 0x95F9, 0x95FA, 0x961B, 0x963C,
    0x6DAD, 0x6DAD, 0x6DAE, 0x75AE, 0x75AE, 0x75AE, 0x75AF, 0x7DAF, 0x7DB0, 0x85B0, 0x85B1, 0x8DB1, 0x8DB2, 0x8DB2, 0x95D2, 0x95D3,
    0x9DD4, 0xA5D4, 0xA5D5, 0xA5F5, 0xA5F5, 0xA5F6, 0xA5F6, 0xA5F7, 0xA5F7, 0x9DF7, 0x9DF8, 0x9E18, 0x9E19, 0x963A, 0x963B, 0x9E5C,
    0x75AE, 0x75CE, 0x75CF, 0x7DCF, 0x7DCF, 0x7DCF, 0x7DD0, 0x85D0, 0x85D0, 0x85D1, 0x8DD1, 0x8DD2, 0x95D2, 0x95D2, 0x95F3, 0x9DF3,
    0x9DF4, 0xA5F4, 0xA5F5, 0xA615, 0xA616, 0xA616, 0xA636, 0xA637, 0xA637, 0xA638, 0xA638, 0x9E39, 0x9E39, 0x9E5A, 0x9E7B, 0x9E9C,
    0x85F0, 0x85F0, 0x85F0, 0x85F0, 0x85F0, 0x85F0, 0x8DF1, 0x8DF1, 0x8DF1, 0x8DF1, 0x95F2, 0x95F2, 0x9613, 0x9DF3, 0x9E13, 0x9E14,
    0x9E14, 0xA615, 0xA635, 0xAE36, 0xAE36, 0xAE36, 0xAE56, 0xAE57, 0xAE57, 0xAE58, 0xA658, 0xA659, 0x9E79, 0x9E7A, 0x9E9B, 0x9EBC,
    0x8E11, 0x8E11, 0x8E11, 0x8E31, 0x8E31, 0x8E31, 0x8E32, 0x9612, 0x9632, 0x9632, 0x9633, 0x9E33, 0x9E33, 0x9E34, 0x9E34, 0xA634,
    0xA654, 0xA655, 0xAE56, 0xAE56, 0xAE56, 0xAE76, 0xAE77, 0xAE77, 0xAE98, 0xAE98, 0xAE98, 0xA699, 0xA69A, 0x9EBA, 0x9EBB, 0x9EDC,
    0x9652, 0x9652, 0x9652, 0x9652, 0x9652, 0x9653, 0x9E53, 0x9E53, 0x9E53, 0x9E53, 0x9E53, 0x9E54, 0x9E74, 0xA674, 0xA674, 0xA675,
    0xA675, 0xA675, 0xAE76, 0xAE96, 0xAE97, 0xAE97, 0xAE97, 0xAEB8, 0xAEB8, 0xAEB9, 0xAEB9, 0xAEB9, 0xA6BA, 0xA6DA, 0xA6FB, 0xA71C,
    0x9E93, 0x9E93, 0x9E93, 0xA693, 0xA693, 0xA693, 0xA694, 0xA694, 0xA694, 0xA694, 0xA694, 0xA694, 0xA695, 0xA6B5, 0xA695, 0xA6B5,
    0xAEB5, 0xAEB6, 0xAEB6, 0xAEB6, 0xAEB7, 0xAED7, 0xAED8, 0xAED8, 0xAED8, 0xAEF9, 0xAEF9, 0xAEFA, 0xAEFA, 0xA6FB, 0xA71B, 0xA73C,
    0xA6D4, 0xA6D4, 0xA6D4, 0xA6D4, 0xAED4, 0xAED5, 0xAED5, 0xAED5, 0xAED5, 0xAED5, 0xAED5, 0xAED5, 0xAED5, 0xAED5, 0xAEF6, 0xAEF6,
    0xAEF6, 0xAEF6, 0xAEF6, 0xAEF7, 0xB6F7, 0xB718, 0xB718, 0xB718, 0xB719, 0xB719, 0xB73A, 0xB73A, 0xAF3A, 0xAF3B, 0xAF3B, 0xAF5D,
    0x5081, 0x5081, 0x5882, 0x5882, 0x5883, 0x5842, 0x5823, 0x5844, 0x6045, 0x6046, 0x5867, 0x6049, 0x684A, 0x684C, 0x704E, 0x704F,
    0x7070, 0x7091, 0x70B2, 0x70D3, 0x70F4, 0x7115, 0x7155, 0x7196, 0x71B7, 0x79F7, 0x7A38, 0x7A98, 0x82D9, 0x8B1A, 0x939B, 0xA3FC,
    0x58A1, 0x58A2, 0x58A2, 0x5882, 0x5882, 0x5863, 0x5843, 0x6044, 0x6045, 0x6066, 0x6067, 0x6069, 0x686A, 0x686C, 0x706E, 0x708F,
    0x7090, 0x70B1, 0x70D2, 0x70F3, 0x7114, 0x7135, 0x7176, 0x7196, 0x79D7, 0x7A17, 0x7A58, 0x8298, 0x82D9, 0x8B3A, 0x939A, 0x9BFB,
    0x58C1, 0x58A2, 0x58A2, 0x58A2, 0x58A2, 0x5883, 0x6063, 0x6044, 0x6065, 0x6086, 0x6088, 0x6089, 0x688B, 0x708C, 0x708E, 0x70AF,
    0x70B0, 0x70D1, 0x70F2, 0x7113, 0x7134, 0x7155, 0x7196, 0x71B6, 0x71F7, 0x7A17, 0x7A58, 0x82B8, 0x82F9, 0x8B3A, 0x939A, 0x9BFB,
    0x58C1, 0x58C1, 0x58C2, 0x58C2, 0x58A2, 0x58A3, 0x6084, 0x6064, 0x6085, 0x60A7, 0x60A8, 0x60A9, 0x68AB, 0x70AD, 0x70CE, 0x70CF,
    0x70F0, 0x7111, 0x7113, 0x7133, 0x7154, 0x7175, 0x7196, 0x71D6, 0x71F7, 0x7A37, 0x7A78, 0x82B8, 0x82F9, 0x8B5A, 0x939A, 0xA41B,
    0x58E1, 0x60E1, 0x60E2, 0x60E2, 0x60C2, 0x60C3, 0x60A3, 0x60A4, 0x60A5, 0x60C7, 0x60E8, 0x68E9, 0x68CB, 0x70ED, 0x70EE, 0x710F,
    0x7131, 0x7131, 0x7153, 0x7153, 0x7174, 0x71B5, 0x71B6, 0x71F6, 0x7217, 0x7A57, 0x7A98, 0x82D8, 0x8B19, 0x8B5A, 0x93BA, 0xA41B,
    0x6101, 0x6101, 0x6102, 0x6102, 0x6102, 0x6103, 0x60E4, 0x60E4, 0x68E5, 0x6907, 0x6908, 0x6909, 0x690B, 0x712D, 0x712E, 0x714F,
    0x7971, 0x7172, 0x7173, 0x7193, 0x71B4, 0x71D5, 0x71F6, 0x7A16, 0x7A57, 0x7A77, 0x7AB8, 0x82F8, 0x8B39, 0x8B7A, 0x93DA, 0xA43B,
    0x6141, 0x6141, 0x6141, 0x6142, 0x6122, 0x6123, 0x6124, 0x6124, 0x6925, 0x6927, 0x6948, 0x6949, 0x696B, 0x716D, 0x718E, 0x718F,
    0x7190, 0x71B1, 0x71B2, 0x71D3, 0x71F4, 0x7215, 0x7236, 0x7A56, 0x7A77, 0x7AB7, 0x7AD8, 0x8318, 0x8B59, 0x8B9A, 0x93FA, 0xA43B,
    0x6180, 0x6181, 0x6181, 0x6181, 0x6982, 0x6163, 0x6164, 0x6164, 0x6966, 0x6967, 0x6988, 0x698A, 0x69AB, 0x71AD, 0x71CE, 0x71CF,
    0x71D0, 0x71F1, 0x7213, 0x7213, 0x7234, 0x7255, 0x7276, 0x7A96, 0x7AB7, 0x7AD7, 0x8318, 0x8338, 0x8B79, 0x93BA, 0x9BFA, 0xA45B,
    0x61C0, 0x61C0, 0x69C1, 0x69C1, 0x69C2, 0x69C3, 0x69A4, 0x69A5, 0x69A6, 0x69A7, 0x69C8, 0x69EA, 0x69EB, 0x720D, 0x720E, 0x7230,
    0x7231, 0x7232, 0x7253, 0x7A54, 0x7274, 0x7295, 0x7AB6, 0x7AB6, 0x7AF7, 0x7B17, 0x8338, 0x8378, 0x8B99, 0x93DA, 0x9C1B, 0xA47B,
    0x6220, 0x6220, 0x6A20, 0x6A21, 0x6A22, 0x6A23, 0x6A03, 0x6A04, 0x7206, 0x7207, 0x7209, 0x6A2A, 0x724B, 0x724D, 0x726F, 0x7270,
    0x7271, 0x7292, 0x7293, 0x72B4, 0x72B4, 0x7AD5, 0x7AF5, 0x7B16, 0x7B17, 0x7B37, 0x8378, 0x8B99, 0x8BD9, 0x93FA, 0x9C3B, 0xA47B,
    0x6280, 0x6280, 0x6A80, 0x6A81, 0x6A82, 0x6A83, 0x6A84, 0x6A84, 0x7286, 0x7267, 0x7269, 0x728A, 0x72AC, 0x72AD, 0x72AF, 0x72B0,
    0x7AD1, 0x7AD2, 0x7AF3, 0x72F3, 0x72F4, 0x7315, 0x7B35, 0x7B36, 0x7B57, 0x8377, 0x8398, 0x83D8, 0x8BF9, 0x941A, 0x9C5A, 0xA49B,
    0x62A0, 0x62A0, 0x62C0, 0x62C1, 0x62C2, 0x62C3, 0x6AC4, 0x6AC5, 0x6AE6, 0x72C8, 0x72E9, 0x72EB, 0x72EC, 0x730D, 0x730F, 0x7310,
    0x7311, 0x7332, 0x7333, 0x7333, 0x7354, 0x7B55, 0x7B75, 0x7B76, 0x7B96, 0x83B7, 0x83D8, 0x8BF8, 0x8C19, 0x943A, 0x9C7A, 0xA4BB,
    0x5AE0, 0x5AE0, 0x5B00, 0x6301, 0x6302, 0x6303, 0x6304, 0x6B25, 0x6B27, 0x6B28, 0x7349, 0x734B, 0x734C, 0x734E, 0x736F, 0x7370,
    0x7371, 0x7372, 0x7373, 0x7B73, 0x7B94, 0x7B95, 0x7BB5, 0x7BB6, 0x7BD6, 0x83D7, 0x83F8, 0x8C18, 0x8C39, 0x945A, 0x9C9A, 0xA4DB,
    0x5320, 0x5B20, 0x5B21, 0x5B42, 0x5B43, 0x5B44, 0x6345, 0x6366, 0x6367, 0x6B88, 0x6B89, 0x6B8B, 0x738C, 0x73AE, 0x73AF, 0x73B0,
    0x73B1, 0x73B2, 0x73D3, 0x7BD4, 0x7BD4, 0x7BD5, 0x7BF5, 0x7BF6, 0x8416, 0x8417, 0x8C38, 0x8C58, 0x9479, 0x949A, 0x9CBA, 0xA4DB,
    0x5380, 0x5381, 0x5382, 0x5382, 0x5383, 0x5B84, 0x5BA5, 0x5BA6, 0x63A8, 0x63A9, 0x6BCA, 0x6BCC, 0x6BCD, 0x73EE, 0x740F, 0x73F0,
    0x73F1, 0x7412, 0x7C13, 0x7C14, 0x7C14, 0x7C15, 0x7C16, 0x7C36, 0x8436, 0x8457, 0x8C58, 0x8C78, 0x9499, 0x94BA, 0x9CDA, 0xA4FB,
    0x53C1, 0x53C2, 0x53C2, 0x53C3, 0x53C4, 0x53C5, 0x5BE6, 0x5BE7, 0x63E8, 0x63E9, 0x63EB, 0x6C0C, 0x740D, 0x742E, 0x7C50, 0x7C50,
    0x7C51, 0x7C52, 0x7C53, 0x7C54, 0x7C54, 0x7C55, 0x8455, 0x8456, 0x8476, 0x8477, 0x8C77, 0x8C98, 0x94B9, 0x94DA, 0x9CFA, 0xA51B,
    0x4C02, 0x4C03, 0x5403, 0x5404, 0x5405, 0x5405, 0x5C27, 0x5C28, 0x5C29, 0x642A, 0x642B, 0x6C4C, 0x744E, 0x7C6F, 0x7C90, 0x7C91,
    0x7C91, 0x7C92, 0x7C93, 0x7C94, 0x7C94, 0x7C95, 0x8495, 0x8496, 0x8496, 0x8C97, 0x8CB7, 0x8CB8, 0x94D9, 0x94DA, 0x9CFA, 0xA53B,
    0x4C44, 0x4C44, 0x4C44, 0x5445, 0x5445, 0x5446, 0x5467, 0x5C68, 0x5C69, 0x646A, 0x646B, 0x6C6D, 0x748E, 0x7C8F, 0x84B0, 0x84B1,
    0x84D2, 0x84D2, 0x84D3, 0x7CD4, 0x7CB4, 0x84B5, 0x7CB5, 0x84B6, 0x84B6, 0x8CD7, 0x8CD8, 0x8CF8, 0x94F9, 0x94FA, 0x9D1A, 0x9D3C,
    0x4C84, 0x4C85, 0x4C85, 0x5486, 0x5487, 0x5487, 0x5488, 0x5C89, 0x5CAA, 0x64AB, 0x6CAC, 0x6CAD, 0x74AE, 0x7CCF, 0x84D1, 0x8CF1,
    0x8CF2, 0x8CF2, 0x84F3, 0x84F4, 0x84F4, 0x84F5, 0x84F5, 0x84F6, 0x84F6, 0x84F7, 0x8CF7, 0x8D18, 0x9519, 0x953A, 0x9D3A, 0x9D5C,
    0x4CA6, 0x4CC6, 0x4CC6, 0x4CC7, 0x54C7, 0x54C8, 0x54C9, 0x5CCA, 0x64CB, 0x64CC, 0x6CCD, 0x6CCE, 0x74CF, 0x7CF0, 0x84F1, 0x8D11,
    0x8D12, 0x8D33, 0x8D33, 0x8D34, 0x8D34, 0x8D15, 0x8515, 0x8516, 0x8516, 0x8517, 0x8D17, 0x8D18, 0x9539, 0x955A, 0x9D5A, 0x9D7C,
    0x4CE7, 0x4CE7, 0x54E7, 0x54E8, 0x54E8, 0x54E9, 0x5CEA, 0x5CEA, 0x64EB, 0x64EC, 0x6CED, 0x74EE, 0x7D0F, 0x7D10, 0x8531, 0x8D32,
    0x9532, 0x9553, 0x9554, 0x9554, 0x8D55, 0x8D55, 0x8D55, 0x8D36, 0x8D36, 0x8D57, 0x8D57, 0x8D58, 0x8D59, 0x957A, 0x957B, 0x9D9C,
    0x5508, 0x5508, 0x5509, 0x5529, 0x5D09, 0x5D0A, 0x5D0B, 0x650B, 0x652C, 0x6D2D, 0x752E, 0x752F, 0x7D30, 0x8530, 0x8D51, 0x8D52,
    0x9553, 0x9553, 0x9574, 0x9574, 0x9575, 0x9575, 0x9576, 0x9556, 0x8D76, 0x8D77, 0x8D77, 0x8D78, 0x8D79, 0x959A, 0x95BB, 0x9DBC,
    0x5D49, 0x5D4A, 0x5D4A, 0x5D4A, 0x5D4B, 0x654B, 0x654C, 0x6D4C, 0x6D4D, 0x6D4E, 0x754F, 0x7D4F, 0x7D50, 0x8551, 0x8D71, 0x8D72,
    0x9573, 0x9D73, 0x9D94, 0x9D94, 0x9D95, 0x9D95, 0x9D96, 0x9596, 0x9597, 0x9597, 0x9598, 0x9598, 0x8D99, 0x95BA, 0x95DB, 0x9DDC,
    0x5D6A, 0x5D6B, 0x656B, 0x656B, 0x656C, 0x656C, 0x6D6D, 0x6D6D, 0x756E, 0x756F, 0x7D6F, 0x7D70, 0x8571, 0x8D71, 0x8D92, 0x9592,
    0x9D93, 0x9D94, 0xA5B4, 0x9DB5, 0x9DB5, 0x9DB6, 0x9DB6, 0x9DB6, 0x9DB7, 0x9DB7, 0x95B8, 0x95B8, 0x95D9, 0x95DA, 0x95FB, 0x961C,
    0x658C, 0x6D8C, 0x6D8C, 0x6D8D, 0x6D8D, 0x6D8D, 0x758E, 0x758E, 0x7D8F, 0x7D8F, 0x8590, 0x8591, 0x8D91, 0x8D92, 0x95B2, 0x95B3,
    0x9DB3, 0x9DB4, 0xA5D4, 0xA5D5, 0xA5D5, 0xA5D6, 0xA5D6, 0x9DD6, 0x9DD7, 0x9DD7, 0x9DD8, 0x9DD8, 0x95F9, 0x95FA, 0x961B, 0x9E3C,
    0x6DAD, 0x75AD, 0x75AE, 0x75AE, 0x75AE, 0x75AE, 0x7DAF, 0x7DAF, 0x7DB0, 0x85B0, 0x85B1, 0x8DB1, 0x8DB2, 0x95B2, 0x95B2, 0x9DD3,
    0x9DD4, 0xA5D4, 0xA5D4, 0xA5F5, 0xA5F5, 0xA5F6, 0xA616, 0xA5F6, 0xA5F7, 0xA5F7, 0x9DF8, 0x9E18, 0x9E19, 0x9E1A, 0x9E3B, 0x9E5C,
    0x7DCE, 0x7DCF, 0x7DCF, 0x7DCF, 0x7DCF, 0x7DCF, 0x85D0, 0x85D0, 0x85D0, 0x8DD1, 0x8DD1, 0x8DD1, 0x95D2, 0x95D2, 0x9DF3, 0x9DF3,
    0x9DF4, 0xA5F4, 0xA5F5, 0xA615, 0xAE16, 0xA616, 0xAE36, 0xAE37, 0xAE37, 0xA638, 0xA618, 0xA639, 0x9E39, 0x9E5A, 0x9E7B, 0x9E9C,
    0x85F0, 0x85F0, 0x85F0, 0x85F0, 0x85F0, 0x85F0, 0x8DF1, 0x8DF1, 0x8DF1, 0x8DF1, 0x95F2, 0x9612, 0x9613, 0x9E13, 0x9E13, 0x9E14,
    0xA614, 0xA615, 0xA635, 0xAE36, 0xAE36, 0xAE36, 0xAE57, 0xAE57, 0xAE58, 0xAE58, 0xA658, 0xA659, 0xA679, 0x9E7A, 0x9E9B, 0x9EBC,
    0x8E11, 0x8E11, 0x8E11, 0x8E11, 0x9632, 0x9612, 0x9632, 0x9632, 0x9632, 0x9632, 0x9E32, 0x9E33, 0x9E33, 0x9E34, 0x9E34, 0xA634,
    0xA634, 0xA655, 0xAE55, 0xAE56, 0xAE56, 0xAE77, 0xAE77, 0xAE77, 0xAE78, 0xAE98, 0xAE99, 0xA699, 0xA69A, 0xA6BA, 0xA6BB, 0xA6DC,
    0x9652, 0x9E52, 0x9E52, 0x9E53, 0x9E53, 0x9E53, 0x9E53, 0x9E53, 0x9E53, 0x9E53, 0x9E53, 0xA654, 0xA674, 0xA674, 0xA674, 0xA675,
    0xA675, 0xAE75, 0xAE76, 0xAE96, 0xAE97, 0xAE97, 0xAE97, 0xAEB8, 0xAEB8, 0xAEB9, 0xAEB9, 0xAEB9, 0xA6BA, 0xA6DA, 0xA6FB, 0xA71C,
    0xA693, 0xA693, 0xA693, 0xA694, 0xA694, 0xA694, 0xA694, 0xA694, 0xA694, 0xA694, 0xA694, 0xA694, 0xA695, 0xA6B5, 0xA6B5, 0xAEB5,
    0xAEB5, 0xAEB6, 0xAEB6, 0xAEB6, 0xB6B7, 0xB6D7, 0xB6D8, 0xB6D8, 0xB6D8, 0xB6F9, 0xB6F9, 0xAEFA, 0xAEFA, 0xAEFB, 0xA71B, 0xA73C,
    0xAED4, 0xAED4, 0xAED4, 0xAED4, 0xAED5, 0xAED5, 0xAED5, 0xAED5, 0xAED5, 0xAED5, 0xAED5, 0xAED5, 0xAED5, 0xAEF5, 0xAEF6, 0xAEF6,
    0xAEF6, 0xAEF6, 0xAEF6, 0xAEF7, 0xB6F7, 0xB717, 0xB718, 0xB718, 0xB719, 0xB719, 0xB73A, 0xB73A, 0xB73A, 0xAF3B, 0xAF3B, 0xAF5C,
    0x6081, 0x6082, 0x6062, 0x6062, 0x6062, 0x6003, 0x6003, 0x6804, 0x6805, 0x6826, 0x6827, 0x6828, 0x682A, 0x700C, 0x780E, 0x782F,
    0x7870, 0x7891, 0x78B2, 0x78D3, 0x78F4, 0x7935, 0x7955, 0x7996, 0x81D7, 0x8217, 0x8258, 0x8298, 0x8AD9, 0x933A, 0x9B9A, 0xA3FB,
    0x6081, 0x6081, 0x6082, 0x6082, 0x6062, 0x6043, 0x6823, 0x6804, 0x6825, 0x6826, 0x6847, 0x6849, 0x704A, 0x782C, 0x782E, 0x786F,
    0x7890, 0x78B1, 0x80D3, 0x80F3, 0x8114, 0x7955, 0x7976, 0x81B6, 0x81D7, 0x8217, 0x8258, 0x8AB9, 0x8AF9, 0x933A, 0x9B9B, 0xA3FB,
    0x60A1, 0x60A1, 0x60A2, 0x6082, 0x6082, 0x6863, 0x6823, 0x6824, 0x6825, 0x7046, 0x6868, 0x6869, 0x706A, 0x786C, 0x786E, 0x788F,
    0x78B0, 0x78D1, 0x80F2, 0x8113, 0x7934, 0x7975, 0x7996, 0x79D6, 0x81F7, 0x8237, 0x8278, 0x8AB8, 0x8AF9, 0x935A, 0x9BBA, 0xA41B,
    0x60C1, 0x68C1, 0x68A2, 0x68A2, 0x68A2, 0x68A3, 0x6863, 0x6844, 0x6845, 0x7067, 0x7088, 0x70A9, 0x70AA, 0x788C, 0x78AE, 0x80CF,
    0x80F0, 0x8111, 0x8132, 0x8133, 0x7954, 0x7995, 0x81B6, 0x79D6, 0x8217, 0x8257, 0x8298, 0x8AB8, 0x8B19, 0x935A, 0x9BBA, 0xA41B,
    0x68E1, 0x68E1, 0x68E2, 0x68E2, 0x68C2, 0x68C3, 0x68A3, 0x6884, 0x7085, 0x70A7, 0x70C8, 0x70C9, 0x70CB, 0x78CC, 0x78EE, 0x810F,
    0x8131, 0x8152, 0x8153, 0x8173, 0x8194, 0x81B5, 0x81D6, 0x79F6, 0x8237, 0x8277, 0x8298, 0x8AD8, 0x8B19, 0x937A, 0x9BBA, 0xA41B,
    0x6900, 0x6901, 0x6901, 0x6902, 0x6902, 0x68E3, 0x68E4, 0x68C4, 0x70C5, 0x70C7, 0x70E8, 0x7109, 0x710B, 0x790D, 0x792E, 0x814F,
    0x8171, 0x8172, 0x8193, 0x81B3, 0x81D4, 0x81F5, 0x81F6, 0x8236, 0x8257, 0x8297, 0x82B8, 0x8AF8, 0x8B39, 0x937A, 0x9BDB, 0xA43B,
    0x6941, 0x6941, 0x6941, 0x6942, 0x6922, 0x6923, 0x6924, 0x6904, 0x7105, 0x7106, 0x7128, 0x7149, 0x714B, 0x796D, 0x796E, 0x818F,
    0x81B1, 0x81B2, 0x81D3, 0x81F3, 0x81F4, 0x8215, 0x8236, 0x8256, 0x8297, 0x82B7, 0x82F8, 0x8B19, 0x8B59, 0x93BA, 0x9BFB, 0xA43B,
    0x6980, 0x7181, 0x7181, 0x7181, 0x7162, 0x7163, 0x7164, 0x7164, 0x7145, 0x7147, 0x7188, 0x7189, 0x71AB, 0x79AC, 0x79CE, 0x81CF,
    0x81F1, 0x81F1, 0x8213, 0x8234, 0x8234, 0x8255, 0x8276, 0x8296, 0x82B7, 0x82F7, 0x8B18, 0x8B59, 0x9399, 0x93DA, 0x9C1B, 0xAC5B,
    0x71C0, 0x71C0, 0x71C0, 0x71C1, 0x71C2, 0x71C3, 0x71A3, 0x71A4, 0x71A5, 0x71A7, 0x71C8, 0x71EA, 0x79EB, 0x7A0D, 0x7A0E, 0x8230,
    0x8231, 0x8252, 0x8253, 0x8274, 0x8294, 0x8295, 0x82B6, 0x82D6, 0x82F7, 0x8317, 0x8B38, 0x8B78, 0x93B9, 0x93FA, 0x9C3B, 0xA47B,
    0x7220, 0x7220, 0x7220, 0x7221, 0x7221, 0x7202, 0x7A03, 0x7A04, 0x7A06, 0x7A07, 0x7A08, 0x7A2A, 0x7A4B, 0x7A4D, 0x7A6E, 0x8270,
    0x8291, 0x8292, 0x82B3, 0x82B4, 0x82D4, 0x82D5, 0x82F6, 0x8316, 0x8337, 0x8357, 0x8B78, 0x8BB8, 0x93D9, 0x9C1A, 0xA43A, 0xAC9B,
    0x7280, 0x7280, 0x7280, 0x7280, 0x7281, 0x7282, 0x7A83, 0x7A64, 0x7A66, 0x7A67, 0x7A68, 0x7A8A, 0x7AAC, 0x7AAD, 0x82CF, 0x82D0,
    0x82D1, 0x82F2, 0x82F3, 0x82F4, 0x8314, 0x8335, 0x8335, 0x8356, 0x8376, 0x8397, 0x8BB8, 0x8BD8, 0x93F9, 0x9C3A, 0x9C5A, 0xAC9B,
    0x72E0, 0x72E0, 0x72E0, 0x72E0, 0x72E1, 0x72E2, 0x7AE3, 0x7AE5, 0x7AE6, 0x7AC7, 0x7AC9, 0x7AEA, 0x7AEC, 0x7B0D, 0x830F, 0x8330,
    0x8331, 0x8332, 0x8333, 0x8353, 0x8354, 0x8375, 0x8375, 0x8396, 0x8396, 0x8BB7, 0x8BD8, 0x8BF8, 0x9419, 0x9C5A, 0x9C7A, 0xACBB,
    0x6B20, 0x6B20, 0x6B20, 0x7320, 0x7321, 0x7322, 0x7324, 0x7325, 0x7B46, 0x7B48, 0x7B49, 0x7B4B, 0x7B4C, 0x7B4E, 0x836F, 0x8370,
    0x8371, 0x8392, 0x8373, 0x8394, 0x8394, 0x8395, 0x83B5, 0x83D6, 0x83D6, 0x8BF7, 0x8C18, 0x8C38, 0x9459, 0x9C7A, 0xA49A, 0xACDB,
    0x6340, 0x6340, 0x6B40, 0x6B61, 0x6B62, 0x6B63, 0x6B64, 0x7365, 0x7387, 0x73A8, 0x7BA9, 0x7B8B, 0x7B8C, 0x7B8E, 0x83AF, 0x83B0,
    0x83D1, 0x83D2, 0x83D3, 0x83D4, 0x83D4, 0x83D5, 0x83F5, 0x8416, 0x8C17, 0x8C37, 0x8C38, 0x9458, 0x9479, 0x9C9A, 0xA4BA, 0xACFB,
    0x6380, 0x6380, 0x63A1, 0x63A2, 0x63A3, 0x63A4, 0x6BA5, 0x6BA6, 0x6BC7, 0x73C9, 0x73CA, 0x7BCB, 0x7BED, 0x7BEE, 0x840F, 0x8410,
    0x8411, 0x8412, 0x8413, 0x8414, 0x8414, 0x8415, 0x8435, 0x8C36, 0x8C56, 0x8C57, 0x9478, 0x9478, 0x9499, 0x9CBA, 0xA4DA, 0xA4FB,
    0x5BE1, 0x5BE1, 0x63E2, 0x63E3, 0x63E4, 0x63E4, 0x63E5, 0x6BE7, 0x6C08, 0x6C09, 0x740B, 0x740C, 0x7C0D, 0x7C2E, 0x8450, 0x8451,
    0x8451, 0x8452, 0x8453, 0x8454, 0x8454, 0x8455, 0x8475, 0x8C76, 0x8C76, 0x8C77, 0x8C98, 0x9498, 0x94B9, 0x9CDA, 0x9CFA, 0xA51B,
    0x5C22, 0x5C22, 0x5C23, 0x5C24, 0x6424, 0x6425, 0x6426, 0x6427, 0x6C48, 0x6C4A, 0x6C4B, 0x744C, 0x7C4D, 0x7C6F, 0x8470, 0x8491,
    0x8492, 0x8492, 0x8493, 0x8494, 0x8494, 0x8495, 0x8C95, 0x8C96, 0x8C96, 0x8C97, 0x8CB8, 0x94B8, 0x94D9, 0x9CFA, 0x9CFA, 0xA53C,
    0x5463, 0x5C63, 0x5C64, 0x5C64, 0x6465, 0x6466, 0x6467, 0x6468, 0x6C69, 0x6C6A, 0x6C8B, 0x748D, 0x7C8E, 0x7C8F, 0x84B0, 0x8CB1,
    0x8CD2, 0x8CD2, 0x8CD3, 0x84D4, 0x84D4, 0x8CD5, 0x8CD5, 0x8CD6, 0x8CD6, 0x8CD7, 0x94D7, 0x94F8, 0x94F9, 0x9CFA, 0x9D1A, 0xA53B,
    0x5484, 0x5C85, 0x5CA5, 0x5CA6, 0x5C86, 0x5CA7, 0x64A8, 0x64A9, 0x64AA, 0x6CAB, 0x74AC, 0x74AD, 0x7CAE, 0x7CAF, 0x84D1, 0x8CD1,
    0x8CF2, 0x8CF3, 0x8CF3, 0x8CF4, 0x8CF4, 0x8CF5, 0x8CF5, 0x84F6, 0x8CF6, 0x8CF7, 0x94F7, 0x9518, 0x9519, 0x9D1A, 0x9D3A, 0xA55B,
    0x54A5, 0x54C6, 0x5CC6, 0x5CC6, 0x5CC7, 0x5CC8, 0x64C9, 0x64CA, 0x6CCA, 0x6CCC, 0x6CCD, 0x74CE, 0x7CCF, 0x7CF0, 0x84F1, 0x8D11,
    0x9512, 0x9513, 0x9534, 0x9534, 0x8D34, 0x8D15, 0x8D15, 0x8D16, 0x8D16, 0x8D17, 0x8D17, 0x9538, 0x9539, 0x9D5A, 0x9D5A, 0xA57C,
    0x54E6, 0x5CE7, 0x5CE7, 0x5D08, 0x5D08, 0x5CE9, 0x64EA, 0x64EA, 0x6CEB, 0x6D0C, 0x750D, 0x750E, 0x7D0F, 0x8510, 0x8D11, 0x8D31,
    0x9532, 0x9533, 0x9554, 0x9554, 0x9555, 0x9555, 0x9556, 0x9536, 0x8D36, 0x8D57, 0x8D57, 0x9558, 0x9559, 0x957A, 0x9D7B, 0x9D9C,
    0x5D28, 0x5D08, 0x5D28, 0x5D29, 0x6529, 0x652A, 0x652A, 0x6D2B, 0x6D2C, 0x752D, 0x752E, 0x7D2F, 0x8530, 0x8531, 0x8D31, 0x8D52,
    0x9552, 0x9D53, 0x9D74, 0x9D74, 0x9D75, 0x9D75, 0x9576, 0x9556, 0x9577, 0x9577, 0x9577, 0x9558, 0x9579, 0x959A, 0x9D9B, 0x9DBC,
    0x6549, 0x5D49, 0x654A, 0x654A, 0x654B, 0x654B, 0x6D4C, 0x6D4C, 0x754D, 0x754E, 0x7D4E, 0x7D4F, 0x8550, 0x8D51, 0x8D51, 0x9552,
    0x9573, 0x9D74, 0x9D74, 0x9D95, 0x9D95, 0x9D96, 0x9D96, 0x9D96, 0x9D97, 0x9597, 0x9598, 0x9598, 0x9599, 0x95BA, 0x95BB, 0x9DDC,
    0x656B, 0x656B, 0x656B, 0x6D6B, 0x6D6C, 0x6D6C, 0x6D6D, 0x756D, 0x756E, 0x7D6F, 0x7D6F, 0x8570, 0x8D71, 0x8D71, 0x9572, 0x9572,
    0x9D93, 0x9D94, 0xA5B4, 0xA5B5, 0xA5B5, 0xA5B6, 0xA5B6, 0x9DB6, 0x9DB7, 0x9DB7, 0x9DB8, 0x9DB8, 0x95B9, 0x95DA, 0x9DDB, 0x9DFC,
    0x6D8C, 0x6D8C, 0x6D8C, 0x6D8D, 0x6D8D, 0x758D, 0x758E, 0x7D8E, 0x7D8F, 0x858F, 0x8590, 0x8D90, 0x8D91, 0x9592, 0x9592, 0x95B3,
    0x9DB3, 0x9DB4, 0xA5D5, 0xA5D5, 0xA5D5, 0xA5D6, 0xA5D6, 0xA5D6, 0xA5D7, 0x9DD7, 0x9DD8, 0x9DD8, 0x9DF9, 0x9DFA, 0x9E1B, 0x9E3C,
    0x75AD, 0x75AD, 0x75AE, 0x75AE, 0x75AE, 0x7DAE, 0x7DAF, 0x7DAF, 0x85B0, 0x85B0, 0x8DB1, 0x8DB1, 0x8DB2, 0x95B2, 0x95B3, 0x9DD3,
    0x9DD4, 0xA5D4, 0xA5D5, 0xA5F5, 0xADF5, 0xADF6, 0xAE16, 0xA5F7, 0xA5F7, 0xA5F7, 0xA5F8, 0x9E18, 0x9E19, 0x9E1A, 0x9E3B, 0x9E5C,
    0x7DCE, 0x7DCF, 0x7DCF, 0x85CF, 0x85CF, 0x85CF, 0x85D0, 0x85D0, 0x8DD1, 0x8DD1, 0x8DD1, 0x8DD2, 0x95D2, 0x95D2, 0x9DD3, 0x9DF3,
    0x9DF4, 0xA5F4, 0xA5F5, 0xADF5, 0xAE16, 0xAE16, 0xAE36, 0xAE37, 0xAE37, 0xAE38, 0xA638, 0xA639, 0xA639, 0x9E5A, 0x9E5B, 0x9E7C,
    0x8DF0, 0x8DF0, 0x8DF0, 0x8DF0, 0x8DF0, 0x8DF0, 0x8DF1, 0x8DF1, 0x95F1, 0x95F2, 0x95F2, 0x95F2, 0x9DF3, 0x9E13, 0x9E13, 0xA614,
    0xA614, 0xA615, 0xAE15, 0xAE36, 0xAE36, 0xAE36, 0xAE57, 0xAE57, 0xAE58, 0xAE58, 0xAE58, 0xA679, 0xA679, 0xA67A, 0xA69B, 0xA6BC,
    0x9611, 0x9611, 0x9611, 0x9611, 0x9611, 0x9612, 0x9612, 0x9612, 0x9E32, 0x9E12, 0x9E33, 0x9E33, 0x9E33, 0xA634, 0xA634, 0xA634,
    0xA634, 0xA655, 0xAE55, 0xAE56, 0xAE56, 0xAE77, 0xAE77, 0xAE77, 0xAE78, 0xAE98, 0xAE99, 0xAE99, 0xA69A, 0xA6BA, 0xA6BB, 0xA6DC,
    0x9E52, 0x9E52, 0x9E52, 0x9E52, 0x9E53, 0x9E53, 0x9E53, 0x9E53, 0x9E53, 0xA653, 0xA653, 0xA654, 0xA674, 0xA674, 0xA674, 0xA675,
    0xAE75, 0xAE75, 0xAE76, 0xAE96, 0xAE96, 0xB697, 0xB697, 0xB6B8, 0xB6B8, 0xAEB9, 0xAEB9, 0xAEB9, 0xAEDA, 0xA6DA, 0xA6FB, 0xA71C,
    0xA693, 0xA693, 0xA693, 0xA694, 0xA694, 0xA694, 0xA694, 0xA694, 0xA694, 0xA694, 0xA694, 0xA694, 0xA695, 0xAE95, 0xAEB5, 0xAE95,
    0xAEB5, 0xAEB6, 0xAEB6, 0xAEB6, 0xB6D7, 0xB6D7, 0xB6D7, 0xB6D8, 0xB6D8, 0xB6F9, 0xB6F9, 0xB6FA, 0xAEFA, 0xAEFB, 0xAF1B, 0xAF3C,
    0xAED4, 0xAED4, 0xAED4, 0xAED4, 0xAED5, 0xAED4, 0xAED5, 0xAED5, 0xAED5, 0xAED5, 0xAED5, 0xAED5, 0xAED5, 0xAED5, 0xAEF6, 0xAEF6,
    0xAEF6, 0xAEF6, 0xAEF6, 0xB6F7, 0xB6F7, 0xB718, 0xB718, 0xB718, 0xB719, 0xB719, 0xB739, 0xB73A, 0xB73A, 0xAF3B, 0xAF3B, 0xAF5D,
    0x6861, 0x6861, 0x6862, 0x7062, 0x6842, 0x7003, 0x7003, 0x7004, 0x7805, 0x7806, 0x7807, 0x7809, 0x780A, 0x780C, 0x800E, 0x880F,
    0x8830, 0x8871, 0x88B3, 0x88D3, 0x8914, 0x8935, 0x8976, 0x89B6, 0x89F7, 0x8A17, 0x8A78, 0x8AB8, 0x92F9, 0x9B5A, 0xA3BA, 0xAC1B,
    0x6881, 0x6881, 0x6882, 0x7062, 0x7062, 0x7023, 0x7003, 0x7004, 0x7005, 0x7806, 0x7807, 0x7829, 0x782A, 0x780C, 0x800E, 0x882F,
    0x8870, 0x88B2, 0x88D3, 0x8913, 0x8934, 0x8955, 0x8996, 0x89B6, 0x89F7, 0x8A37, 0x8A78, 0x8AB9, 0x92F9, 0x9B5A, 0xA3BA, 0xAC1B,
    0x70A1, 0x70A1, 0x7081, 0x7082, 0x7062, 0x7063, 0x7023, 0x7004, 0x7805, 0x7826, 0x7827, 0x7849, 0x784A, 0x804C, 0x804E, 0x886F,
    0x88B0, 0x88D2, 0x8913, 0x8933, 0x8954, 0x8975, 0x89B6, 0x89D6, 0x8A17, 0x8A57, 0x8A98, 0x8AB8, 0x9319, 0x9B5A, 0xA3BA, 0xAC1B,
    0x70C1, 0x70A1, 0x70A1, 0x70A2, 0x7082, 0x7083, 0x7043, 0x7824, 0x7825, 0x7846, 0x7868, 0x7889, 0x788A, 0x808C, 0x808E, 0x88AF,
    0x88D0, 0x8912, 0x8933, 0x8953, 0x8974, 0x8995, 0x89D6, 0x89F6, 0x8A37, 0x8A57, 0x8A98, 0x8AD8, 0x9319, 0x9B7A, 0xA3BA, 0xAC1B,
    0x70E1, 0x70E1, 0x70E1, 0x70C2, 0x70C2, 0x70A3, 0x70A4, 0x7864, 0x7845, 0x8067, 0x78A8, 0x78C9, 0x78CB, 0x80CC, 0x88CE, 0x88EF,
    0x8911, 0x8952, 0x8953, 0x8974, 0x8994, 0x89D5, 0x89F6, 0x8A16, 0x8A57, 0x8A77, 0x8AB8, 0x8AF9, 0x9339, 0x9B7A, 0xA3DB, 0xAC3B,
    0x7900, 0x7901, 0x7901, 0x7902, 0x7902, 0x78E3, 0x78E4, 0x78C4, 0x78A5, 0x78A6, 0x80E8, 0x8109, 0x810B, 0x810C, 0x812E, 0x894F,
    0x8971, 0x8992, 0x8993, 0x89B3, 0x89D4, 0x89F5, 0x8A16, 0x8A36, 0x8A77, 0x8A97, 0x8AD8, 0x92F8, 0x9339, 0x9B9A, 0xA3DA, 0xAC3B,
    0x7940, 0x7941, 0x7941, 0x7941, 0x7922, 0x7922, 0x7903, 0x7904, 0x7905, 0x78E6, 0x8128, 0x8149, 0x814B, 0x814C, 0x816E, 0x898F,
    0x89B1, 0x89D2, 0x89D3, 0x89F3, 0x8A14, 0x8A35, 0x8A56, 0x8A76, 0x8AB7, 0x8AD7, 0x8AF8, 0x9338, 0x9379, 0x9BBA, 0xA3FA, 0xAC5B,
    0x7980, 0x7980, 0x7981, 0x7981, 0x7962, 0x7962, 0x7963, 0x7964, 0x7945, 0x7946, 0x8168, 0x8189, 0x81AB, 0x81AC, 0x81CE, 0x89CF,
    0x89F1, 0x8A12, 0x8A33, 0x8A34, 0x8A54, 0x8A75, 0x8A96, 0x8AB6, 0x8AD7, 0x8AF7, 0x8B38, 0x9358, 0x9399, 0x9BDA, 0xA41B, 0xAC7B,
    0x79C0, 0x79C0, 0x79C0, 0x81C1, 0x81C1, 0x79C2, 0x81A3, 0x81A4, 0x81A5, 0x81A7, 0x81A8, 0x81C9, 0x81EB, 0x820D, 0x8A0E, 0x8A30,
    0x8A51, 0x8A52, 0x8A73, 0x8A94, 0x8A94, 0x8AB5, 0x8AD6, 0x8AF6, 0x8B17, 0x8B37, 0x9358, 0x9398, 0x93B9, 0x9BFA, 0xA43B, 0xAC7B,
    0x7A20, 0x8220, 0x8220, 0x8220, 0x8221, 0x8202, 0x8203, 0x8204, 0x8206, 0x8207, 0x8208, 0x822A, 0x824B, 0x824D, 0x8A6E, 0x8A90,
    0x8A91, 0x8AB2, 0x8AB3, 0x8AD4, 0x8AD4, 0x8AF5, 0x8B16, 0x8B36, 0x8B36, 0x8B57, 0x9378, 0x93B8, 0x9BD9, 0x9C1A, 0xA45A, 0xAC9B,
    0x7A80, 0x8280, 0x8280, 0x8280, 0x8280, 0x8282, 0x8263, 0x8264, 0x8A65, 0x8267, 0x8268, 0x826A, 0x828C, 0x82AD, 0x8ACF, 0x8AD0,
    0x8AF1, 0x8AF2, 0x8B13, 0x8B14, 0x8B34, 0x8B35, 0x8B55, 0x8B56, 0x8B77, 0x8B97, 0x93B8, 0x93D8, 0x9C19, 0x9C3A, 0xA47A, 0xAC9B,
    0x7AE0, 0x7AE0, 0x82E0, 0x82E0, 0x82E0, 0x82E2, 0x82E3, 0x8AC4, 0x8AC6, 0x8AC7, 0x8AC9, 0x8ACA, 0x8AEC, 0x8B0D, 0x8B0F, 0x8B30,
    0x8B31, 0x8B52, 0x8B53, 0x8B54, 0x8B74, 0x8B75, 0x8B75, 0x8B96, 0x8BB7, 0x8BD7, 0x93F8, 0x93F8, 0x9C39, 0x9C5A, 0xA47A, 0xACBB,
    0x7B40, 0x7B40, 0x7B40, 0x8340, 0x8340, 0x8342, 0x8343, 0x8345, 0x8B46, 0x8B27, 0x8B29, 0x8B2A, 0x8B2C, 0x8B4D, 0x8B6F, 0x8B70,
    0x8B91, 0x8B92, 0x8B93, 0x8B93, 0x8BB4, 0x8BB5, 0x8BB6, 0x8BD6, 0x8BF7, 0x93F7, 0x9418, 0x9438, 0x9C59, 0x9C7A, 0xA49A, 0xACDB,
    0x7380, 0x7B80, 0x7B80, 0x7B80, 0x7B81, 0x7B82, 0x7B84, 0x8385, 0x8386, 0x83A8, 0x83A9, 0x8B8A, 0x8B8C, 0x8B8D, 0x8BAF, 0x8BD0,
    0x8BD1, 0x8BD2, 0x8BD3, 0x8BF4, 0x8BF4, 0x8BF5, 0x8BF6, 0x8C16, 0x9417, 0x9437, 0x9458, 0x9C58, 0x9C79, 0xA49A, 0xA4BB, 0xACFB,
    0x73A0, 0x73A0, 0x73A0, 0x73C1, 0x73C2, 0x73A3, 0x7BC4, 0x7BC6, 0x7BE7, 0x83E8, 0x83EA, 0x83EB, 0x8BED, 0x8BEE, 0x8C0F, 0x8C10,
    0x8C11, 0x8C12, 0x8C13, 0x8C14, 0x8C34, 0x8C35, 0x8C36, 0x8C56, 0x9457, 0x9457, 0x9478, 0x9C98, 0x9C99, 0xA4BA, 0xA4DA, 0xACFB,
    0x6BE0, 0x6BE0, 0x6BE1, 0x6C02, 0x7403, 0x7404, 0x7405, 0x7406, 0x7C08, 0x7C29, 0x7C2A, 0x842C, 0x842D, 0x844E, 0x8C50, 0x8C51,
    0x8C51, 0x8C52, 0x8C53, 0x8C74, 0x8C74, 0x8C75, 0x8C75, 0x9476, 0x9476, 0x9477, 0x9498, 0x9CB8, 0x9CB9, 0xA4DA, 0xA4FA, 0xAD1B,
    0x6C21, 0x6C21, 0x6C22, 0x6C23, 0x6C44, 0x6C45, 0x6C46, 0x7447, 0x7448, 0x7C49, 0x7C4B, 0x7C6C, 0x846D, 0x846F, 0x8C70, 0x8C91,
    0x8C92, 0x8C92, 0x8C93, 0x8C94, 0x8C94, 0x8C95, 0x8C95, 0x9496, 0x9496, 0x94B7, 0x94B8, 0x9CD8, 0x9CD9, 0x9CFA, 0xA51A, 0xAD3B,
    0x6462, 0x6463, 0x6C63, 0x6C64, 0x6C65, 0x6C86, 0x6C67, 0x7488, 0x7489, 0x748A, 0x7C8B, 0x7C8D, 0x848E, 0x84AF, 0x8CB0, 0x8CB1,
    0x94D2, 0x94D3, 0x8CD3, 0x8CD4, 0x8CD4, 0x8CD5, 0x94D5, 0x94D6, 0x94D6, 0x94D7, 0x94D8, 0x9CF8, 0x9CF9, 0x9D1A, 0xA51A, 0xA53B,
    0x64A4, 0x64A4, 0x64A5, 0x6CA5, 0x6CA6, 0x6CA7, 0x6CA8, 0x6CA9, 0x74AA, 0x74AB, 0x7CAC, 0x7CAD, 0x84CE, 0x84CF, 0x8CD0, 0x8CF1,
    0x94F2, 0x94F3, 0x94F3, 0x94F4, 0x94F4, 0x8CF5, 0x8CF5, 0x94F6, 0x94F6, 0x94F7, 0x94F7, 0x9D18, 0x9D19, 0x9D1A, 0xA53A, 0xA55B,
    0x64C5, 0x64C5, 0x64C6, 0x64C6, 0x64C7, 0x6CC8, 0x6CC8, 0x6CC9, 0x74CA, 0x74CB, 0x74CD, 0x7CEE, 0x84EF, 0x84F0, 0x8CF1, 0x8D11,
    0x9512, 0x9D33, 0x9D34, 0x9534, 0x9535, 0x9515, 0x9515, 0x9516, 0x9516, 0x9517, 0x9537, 0x9D38, 0x9D39, 0x9D5A, 0xA55A, 0xA57C,
    0x64E6, 0x6506, 0x6507, 0x6507, 0x6508, 0x6D08, 0x6D09, 0x6D0A, 0x750B, 0x750C, 0x750D, 0x7D0E, 0x850F, 0x8510, 0x8D11, 0x9531,
    0x9532, 0x9D33, 0x9D54, 0x9D54, 0x9D55, 0x9D55, 0x9556, 0x9556, 0x9556, 0x9557, 0x9557, 0x9558, 0x9D59, 0x9D5A, 0x9D7B, 0xA59C,
    0x6527, 0x6528, 0x6528, 0x6528, 0x6D29, 0x6D29, 0x6D2A, 0x752B, 0x752C, 0x752D, 0x7D2E, 0x7D2F, 0x8530, 0x8D31, 0x8D51, 0x9552,
    0x9552, 0x9D53, 0x9D74, 0x9D74, 0x9D75, 0x9D75, 0x9D76, 0x9D76, 0x9576, 0x9557, 0x9557, 0x9558, 0x9579, 0x9D7A, 0x9D9B, 0xA5BC,
    0x6549, 0x6D49, 0x6D49, 0x6D4A, 0x6D4A, 0x6D4B, 0x754B, 0x754C, 0x754D, 0x7D4E, 0x7D4E, 0x854F, 0x8D50, 0x8D51, 0x8D51, 0x9552,
    0x9D73, 0x9D74, 0xA574, 0xA595, 0xA595, 0xA596, 0xA596, 0x9D96, 0x9D97, 0x9D97, 0x9D98, 0x9598, 0x9D99, 0x9D9A, 0x9DBB, 0x9DDC,
    0x6D6A, 0x6D6B, 0x6D6B, 0x6D6B, 0x6D6C, 0x756C, 0x756D, 0x756D, 0x7D6E, 0x856F, 0x856F, 0x8570, 0x8D71, 0x8D71, 0x9572, 0x9572,
    0x9D93, 0x9D94, 0xA594, 0xA5B5, 0xA5B5, 0xA5B6, 0xA5B6, 0xA5B6, 0xA5B7, 0x9DB7, 0x9DB8, 0x9DB8, 0x9DB9, 0x9DDA, 0x9DDB, 0x9DFC,
    0x758C, 0x758C, 0x758C, 0x758D, 0x758D, 0x7D8D, 0x7D8E, 0x7D8E, 0x858F, 0x858F, 0x8D90, 0x8D91, 0x8D91, 0x9592, 0x9592, 0x9D93,
    0x9DB3, 0xA5B4, 0xA5B4, 0xADD5, 0xADD5, 0xADD6, 0xADD6, 0xA5D6, 0xA5D7, 0xA5D7, 0xA5D8, 0x9DD8, 0x9DF9, 0x9DFA, 0x9E1B, 0x9E3C,
    0x7DAD, 0x7DAD, 0x7DAD, 0x7DAE, 0x7DAE, 0x7DAE, 0x85AF, 0x85AF, 0x85B0, 0x8DB0, 0x8DB1, 0x8DB1, 0x95B2, 0x95B2, 0x9DB2, 0x9DB3,
    0x9DD3, 0xA5D4, 0xA5D4, 0xADF5, 0xADF5, 0xADF6, 0xADF6, 0xADF7, 0xADF7, 0xA5F7, 0xA5F8, 0xA618, 0xA619, 0x9E1A, 0x9E3B, 0x9E5C,
    0x7DCE, 0x85CE, 0x85CF, 0x85CF, 0x85CF, 0x85CF, 0x8DD0, 0x8DD0, 0x8DD1, 0x8DD1, 0x8DD1, 0x95D2, 0x95D2, 0x9DD2, 0x9DD3, 0x9DD3,
    0xA5F4, 0xA5F4, 0xADF5, 0xADF5, 0xAE16, 0xAE16, 0xAE16, 0xAE37, 0xAE37, 0xAE38, 0xAE38, 0xA639, 0xA639, 0xA65A, 0xA67B, 0xA67C,
    0x8DF0, 0x8DF0, 0x8DF0, 0x8DF0, 0x8DF0, 0x8DF1, 0x8DF1, 0x95F1, 0x95F1, 0x95F2, 0x95F2, 0x9DF2, 0x9DF3, 0x9DF3, 0xA5F3, 0xA614,
    0xA614, 0xA614, 0xAE15, 0xAE35, 0xAE36, 0xB636, 0xAE57, 0xB657, 0xB658, 0xAE58, 0xAE58, 0xAE79, 0xA67A, 0xA67A, 0xA69B, 0xA6BC,
    0x9611, 0x9631, 0x9631, 0x9611, 0x9611, 0x9612, 0x9612, 0x9E32, 0x9E32, 0x9E13, 0x9E33, 0x9E33, 0xA633, 0xA633, 0xA634, 0xA634,
    0xA634, 0xAE35, 0xAE55, 0xAE56, 0xAE56, 0xB677, 0xB677, 0xB677, 0xB678, 0xB698, 0xAE99, 0xAE99, 0xAE9A, 0xA6BA, 0xA6BB, 0xA6DC,
    0x9E52, 0x9E52, 0x9E52, 0x9E52, 0x9E53, 0x9E53, 0x9E53, 0xA653, 0xA653, 0xA653, 0xA653, 0xA654, 0xA674, 0xA674, 0xA674, 0xAE75,
    0xAE75, 0xAE75, 0xAE76, 0xAE96, 0xB696, 0xB697, 0xB697, 0xB6B8, 0xB6B8, 0xB6B8, 0xB6D9, 0xAED9, 0xAEDA, 0xAEDA, 0xAEFB, 0xA71C,
    0xA693, 0xA693, 0xA693, 0xA693, 0xA694, 0xA694, 0xA694, 0xA694, 0xAE94, 0xA694, 0xAE94, 0xAE94, 0xAE95, 0xAE95, 0xAEB5, 0xAEB5,
    0xAEB5, 0xAEB6, 0xAEB6, 0xAEB6, 0xB6D7, 0xB6D7, 0xB6D7, 0xB6D8, 0xB6F8, 0xB6F9, 0xB6F9, 0xB6FA, 0xB6FA, 0xAEFB, 0xAF1B, 0xAF3C,
    0xAED4, 0xAED4, 0xAED5, 0xAED5, 0xAED5, 0xAED4, 0xAED5, 0xAED5, 0xAED5, 0xAED5, 0xAED5, 0xAED5, 0xAED5, 0xAED6, 0xAEF6, 0xAEF6,
    0xAEF6, 0xAEF6, 0xB6F6, 0xB6F7, 0xB6F7, 0xB717, 0xB718, 0xB718, 0xB719, 0xB739, 0xB739, 0xB73A, 0xB73B, 0xB73B, 0xAF3C, 0xAF5D,
    0x7861, 0x7861, 0x7841, 0x7842, 0x7822, 0x7803, 0x7803, 0x8004, 0x8005, 0x8006, 0x8007, 0x8009, 0x800A, 0x880C, 0x880D, 0x900F,
    0x9010, 0x9052, 0x90B3, 0x90F4, 0x9114, 0x9155, 0x9196, 0x91D6, 0x91F7, 0x9237, 0x9278, 0x92B8, 0x9B19, 0xA35A, 0xA3BA, 0xAC1B,
    0x7881, 0x7881, 0x7861, 0x7842, 0x7842, 0x7823, 0x7803, 0x8004, 0x8005, 0x8006, 0x8007, 0x8009, 0x800A, 0x880C, 0x880D, 0x900F,
    0x9050, 0x9092, 0x90D3, 0x9114, 0x9154, 0x9175, 0x91B6, 0x91D6, 0x9217, 0x9257, 0x9298, 0x92D9, 0x9B19, 0xA35A, 0xA3BA, 0xAC1B,
    0x7881, 0x7881, 0x7881, 0x7862, 0x7862, 0x7843, 0x8003, 0x8004, 0x8005, 0x8806, 0x8807, 0x8829, 0x882A, 0x882C, 0x882D, 0x904F,
    0x9070, 0x90D2, 0x9113, 0x9134, 0x9174, 0x9195, 0x91B6, 0x91F6, 0x9217, 0x9257, 0x9298, 0x92D9, 0x9B19, 0xA37A, 0xABDA, 0xAC3B,
    0x78A1, 0x78A1, 0x78A1, 0x80A2, 0x8082, 0x7863, 0x8043, 0x8004, 0x8005, 0x8806, 0x8828, 0x8849, 0x886A, 0x888C, 0x886E, 0x908F,
    0x90D0, 0x9112, 0x9133, 0x9174, 0x9194, 0x91B5, 0x91D6, 0x9216, 0x9237, 0x9277, 0x92B8, 0x92F9, 0x9B39, 0xA37A, 0xABDA, 0xAC3B,
    0x80E1, 0x80E1, 0x80C1, 0x80C1, 0x80A2, 0x80A3, 0x8083, 0x8044, 0x8005, 0x8826, 0x8868, 0x8889, 0x88AB, 0x88CC, 0x88CE, 0x90EF,
    0x9111, 0x9132, 0x9173, 0x9194, 0x91B4, 0x91D5, 0x91F6, 0x9236, 0x9257, 0x9297, 0x92B8, 0x92F8, 0x9B39, 0xA39A, 0xABDA, 0xB43B,
    0x8100, 0x8100, 0x8101, 0x8101, 0x80E2, 0x80E2, 0x80C4, 0x80A4, 0x8085, 0x8866, 0x88A8, 0x88E9, 0x890B, 0x890C, 0x890E, 0x912F,
    0x9151, 0x9172, 0x91B3, 0x91D3, 0x91F4, 0x9215, 0x9235, 0x9256, 0x9277, 0x92B7, 0x92D8, 0x9318, 0x9B59, 0xA39A, 0xABFA, 0xAC3B,
    0x8140, 0x8140, 0x8141, 0x8141, 0x8122, 0x8122, 0x8103, 0x8104, 0x80E5, 0x88C6, 0x8908, 0x8929, 0x894B, 0x896C, 0x896E, 0x916F,
    0x9191, 0x91D2, 0x91F3, 0x9213, 0x9234, 0x9235, 0x9276, 0x9296, 0x92B7, 0x92D7, 0x9318, 0x9B38, 0x9B79, 0xA3BA, 0xAC1A, 0xB45B,
    0x8180, 0x8180, 0x8180, 0x8981, 0x8961, 0x8162, 0x8163, 0x8964, 0x8945, 0x8926, 0x8948, 0x8969, 0x89AB, 0x89AC, 0x89CE, 0x91CF,
    0x91F1, 0x9212, 0x9233, 0x9254, 0x9274, 0x9295, 0x92B6, 0x92B6, 0x92F7, 0x9317, 0x9338, 0x9B78, 0x9BB9, 0xA3FA, 0xAC3B, 0xB47B,
    0x89C0, 0x89C0, 0x89C0, 0x89C0, 0x89C1, 0x89A2, 0x89A3, 0x89A4, 0x89A5, 0x89A7, 0x89A8, 0x89C9, 0x89EB, 0x8A0D, 0x8A0E, 0x9230,
    0x9231, 0x9272, 0x9293, 0x9294, 0x92B4, 0x92B5, 0x92D6, 0x92F6, 0x9317, 0x9337, 0x9378, 0x9B98, 0x9BD9, 0xA3FA, 0xAC3B, 0xB47B,
    0x8A20, 0x8A20, 0x8A20, 0x8A20, 0x8A00, 0x8A02, 0x8A03, 0x8A04, 0x8A05, 0x8A07, 0x8A08, 0x8A09, 0x924B, 0x926D, 0x926E, 0x9290,
    0x9291, 0x92B2, 0x92D3, 0x92D4, 0x92F4, 0x9315, 0x9336, 0x9336, 0x9356, 0x9377, 0x9398, 0x9BB8, 0x9BF9, 0xA41A, 0xAC5B, 0xB49B,
    0x8A80, 0x8A80, 0x8A80, 0x8A80, 0x9280, 0x9261, 0x9263, 0x9264, 0x9265, 0x9267, 0x9268, 0x926A, 0x928B, 0x92AD, 0x92CE, 0x92D0,
    0x92F1, 0x9312, 0x9313, 0x9334, 0x9334, 0x9355, 0x9356, 0x9376, 0x9397, 0x93B7, 0x9BD8, 0x9BF8, 0x9C19, 0xA43A, 0xAC7A, 0xB4BB,
    0x8AE0, 0x8AE0, 0x8AE0, 0x8AE0, 0x8AE0, 0x8AE1, 0x92C2, 0x92C4, 0x92C5, 0x92C7, 0x92C8, 0x92CA, 0x92CC, 0x930D, 0x930F, 0x9330,
    0x9331, 0x9352, 0x9373, 0x9374, 0x9374, 0x9395, 0x9396, 0x93B6, 0x93B7, 0x93D7, 0x9BF8, 0x9C18, 0xA439, 0xA45A, 0xAC9A, 0xB4BB,
    0x8B40, 0x8B40, 0x8B40, 0x8B40, 0x8B40, 0x8B41, 0x8B43, 0x9344, 0x9326, 0x9327, 0x9328, 0x932A, 0x932C, 0x934D, 0x936F, 0x9370,
    0x9391, 0x9392, 0x93B3, 0x93B4, 0x93B4, 0x93D5, 0x93D6, 0x93D6, 0x93F7, 0x9C17, 0x9C18, 0x9C38, 0xA459, 0xA47A, 0xACBA, 0xB4DB,
    0x83A0, 0x8BA0, 0x8BA0, 0x8BA0, 0x8BA0, 0x8BA1, 0x8BA3, 0x8BA4, 0x8BA6, 0x9388, 0x9389, 0x938A, 0x938C, 0x938D, 0x93AF, 0x93D0,
    0x93D1, 0x93D2, 0x93F3, 0x93F4, 0x93F4, 0x93F5, 0x9416, 0x9416, 0x9C37, 0x9C37, 0x9C58, 0xA478, 0xA499, 0xA4BA, 0xACDB, 0xB4FB,
    0x83C0, 0x83C0, 0x83E0, 0x83E0, 0x83E1, 0x83C2, 0x8BE4, 0x8BE5, 0x8BE7, 0x8BE8, 0x93E9, 0x93EB, 0x93EC, 0x93EE, 0x93EF, 0x9410,
    0x9411, 0x9432, 0x9433, 0x9434, 0x9434, 0x9435, 0x9436, 0x9456, 0x9C57, 0x9C77, 0x9C78, 0x9C98, 0xA4B9, 0xA4BA, 0xACDA, 0xB51B,
    0x7C00, 0x7C00, 0x7C00, 0x7C01, 0x7C02, 0x8403, 0x8405, 0x8426, 0x8C27, 0x8C29, 0x8C2A, 0x8C2B, 0x8C4D, 0x944E, 0x944F, 0x9451,
    0x9452, 0x9472, 0x9473, 0x9474, 0x9474, 0x9475, 0x9476, 0x9C76, 0x9C76, 0x9C97, 0x9C98, 0x9CB8, 0xA4B9, 0xA4DA, 0xACFB, 0xAD1B,
    0x7440, 0x7441, 0x7C41, 0x7C42, 0x7C43, 0x7C44, 0x7C46, 0x7C47, 0x8468, 0x8469, 0x846B, 0x8C6C, 0x8C6D, 0x8C8F, 0x9490, 0x9491,
    0x9492, 0x9492, 0x94B3, 0x9494, 0x9494, 0x9495, 0x9CB5, 0x9CB6, 0x9CB6, 0x9CB7, 0x9CB8, 0x9CD8, 0xA4D9, 0xA4FA, 0xAD1B, 0xAD3B,
    0x7461, 0x7462, 0x7483, 0x7484, 0x7485, 0x7485, 0x7C87, 0x7C88, 0x7C89, 0x848A, 0x848B, 0x84AD, 0x8CAE, 0x8CAF, 0x8CB0, 0x94B1,
    0x94D2, 0x9CD3, 0x94D3, 0x94D4, 0x94D4, 0x9CD5, 0x9CD5, 0x9CD6, 0x9CD6, 0x9CD7, 0x9CD8, 0x9CF8, 0xA4F9, 0xA51A, 0xA53A, 0xAD3B,
    0x6CA3, 0x74A4, 0x74A4, 0x74A5, 0x74A6, 0x74A7, 0x74C8, 0x7CC9, 0x7CC9, 0x7CCB, 0x84CC, 0x84CD, 0x84CE, 0x8CCF, 0x8CD0, 0x94F1,
    0x94F2, 0x9CF3, 0x9CF3, 0x94F4, 0x94F4, 0x94F5, 0x94F5, 0x9CF6, 0x9CF6, 0x9CF7, 0x9CF7, 0x9D18, 0x9D19, 0xA51A, 0xA53A, 0xAD5B,
    0x6CC4, 0x6CE5, 0x6CE5, 0x6CE6, 0x74E7, 0x74E8, 0x74E8, 0x74E9, 0x7CEA, 0x7CEB, 0x7CEC, 0x84ED, 0x84EE, 0x8CF0, 0x8CF1, 0x9511,
    0x9512, 0x9D13, 0x9D34, 0x9D34, 0x9D35, 0x9D15, 0x9D15, 0x9D16, 0x9D16, 0x9D37, 0x9D38, 0x9D38, 0x9D39, 0xA55A, 0xA55A, 0xAD7C,
    0x6D06, 0x6D06, 0x6D07, 0x6D07, 0x6D08, 0x7508, 0x7509, 0x750A, 0x7D0B, 0x7D0C, 0x7D0D, 0x850E, 0x850F, 0x8D10, 0x8D31, 0x9531,
    0x9532, 0x9D33, 0xA554, 0xA554, 0xA555, 0x9D55, 0x9D56, 0x9D56, 0x9D56, 0x9D57, 0x9D57, 0x9D58, 0x9D59, 0xA55A, 0xA57B, 0xA59C,
    0x6D27, 0x6D28, 0x6D28, 0x6D28, 0x7529, 0x7529, 0x752A, 0x7D2B, 0x7D2C, 0x7D2D, 0x852E, 0x852E, 0x8D2F, 0x8D30, 0x9551, 0x9552,
    0x9D52, 0x9D53, 0xA574, 0xA574, 0xA575, 0xA575, 0xA576, 0x9D76, 0x9D76, 0x9D77, 0x9D77, 0x9D78, 0x9D79, 0x9D7A, 0xA59A, 0xA5BC,
    0x6D49, 0x6D49, 0x7549, 0x754A, 0x754A, 0x754B, 0x754B, 0x7D4C, 0x7D4D, 0x854E, 0x854E, 0x854F, 0x8D50, 0x8D51, 0x9551, 0x9572,
    0x9D73, 0xA574, 0xA574, 0xA595, 0xA595, 0xA596, 0xA596, 0xA596, 0xA596, 0x9D97, 0x9D97, 0x9D98, 0x9D99, 0x9D9A, 0x9DBB, 0xA5DC,
    0x756A, 0x756A, 0x756B, 0x756B, 0x756B, 0x7D6C, 0x7D6C, 0x7D6D, 0x856E, 0x858F, 0x856F, 0x8D70, 0x8D71, 0x9571, 0x9572, 0x9D72,
    0x9D93, 0xA593, 0xA594, 0xADB5, 0xADB5, 0xADB6, 0xADB6, 0xA5B6, 0xA5B7, 0xA5B7, 0x9DB8, 0x9DB8, 0x9DB9, 0x9DDA, 0x9DDB, 0xA5FC,
    0x7D8C, 0x7D8C, 0x7D8C, 0x7D8D, 0x7D8D, 0x7D8D, 0x858D, 0x858E, 0x858F, 0x8D8F, 0x8D90, 0x8D91, 0x9591, 0x9592, 0x9D92, 0x9D93,
    0x9DB3, 0xA5B4, 0xA5B4, 0xADD5, 0xADD5, 0xADD6, 0xADD6, 0xADD6, 0xADD7, 0xA5D7, 0xA5D8, 0xA5D8, 0xA5F9, 0x9DFA, 0x9DFB, 0x9E3C,
    0x7DAD, 0x7DAD, 0x7DAD, 0x85AD, 0x85AE, 0x85AE, 0x85AF, 0x8DAF, 0x8DB0, 0x8DB0, 0x8DB1, 0x95B1, 0x95B2, 0x9DB2, 0x9DB2, 0x9DB3,
    0xA5B3, 0xA5D4, 0xADD4, 0xADD5, 0xADF6, 0xADF6, 0xADF6, 0xADF7, 0xADF7, 0xADF7, 0xADF8, 0xA5F8, 0xA619, 0xA61A, 0xA63B, 0xA65C,
    0x85CE, 0x85CE, 0x85CE, 0x85CF, 0x85CF, 0x8DCF, 0x8DD0, 0x8DD0, 0x8DD1, 0x95D1, 0x95D1, 0x95D2, 0x9DD2, 0x9DD2, 0x9DD3, 0xA5D3,
    0xA5F4, 0xA5F4, 0xADF5, 0xADF5, 0xAE16, 0xB616, 0xB617, 0xB637, 0xAE37, 0xAE38, 0xAE38, 0xAE39, 0xA639, 0xA65A, 0xA67B, 0xA67C,
    0x8DF0, 0x8DF0, 0x8DF0, 0x8DF0, 0x8DF0, 0x8DF1, 0x95F1, 0x95F1, 0x95F1, 0x95F2, 0x9DF2, 0x9DF2, 0x9DF3, 0xA5F3, 0xA5F3, 0xA614,
    0xA614, 0xA614, 0xAE15, 0xAE35, 0xB636, 0xB636, 0xB657, 0xB657, 0xB658, 0xB658, 0xAE58, 0xAE59, 0xAE7A, 0xA67A, 0xA69B, 0xA6BC,
    0x9611, 0x9631, 0x9631, 0x9631, 0x9631, 0x9632, 0x9E32, 0x9E32, 0x9E32, 0x9E33, 0x9E33, 0xA633, 0xA633, 0xA633, 0xA634, 0xA634,
    0xA634, 0xAE35, 0xAE55, 0xAE56, 0xB656, 0xB677, 0xB677, 0xB677, 0xB678, 0xB698, 0xB699, 0xAE99, 0xAE9A, 0xAE9A, 0xAEBB, 0xA6DC,
    0x9E52, 0x9E52, 0x9E52, 0x9E52, 0xA653, 0xA653, 0xA653, 0xA653, 0xA653, 0xA653, 0xA653, 0xA654, 0xA654, 0xAE54, 0xAE74, 0xAE75,
    0xAE75, 0xAE75, 0xAE76, 0xAE96, 0xB696, 0xB697, 0xB697, 0xB6B8, 0xB6B8, 0xB6B8, 0xB6D9, 0xB6D9, 0xAEDA, 0xAEDA, 0xAEFB, 0xAF1C,
    0xA693, 0xA693, 0xAE93, 0xAE93, 0xAE94, 0xAE94, 0xAE94, 0xAE94, 0xAE94, 0xAE94, 0xAE94, 0xAE94, 0xAE95, 0xAE95, 0xAE95, 0xAEB5,
    0xAEB5, 0xAEB6, 0xAEB6, 0xB6B6, 0xB6D7, 0xB6D7, 0xB6D7, 0xB6D8, 0xB6F8, 0xB6F9, 0xB6F9, 0xB6FA, 0xB6FA, 0xB6FB, 0xAF1B, 0xAF3C,
    0xAED4, 0xAED4, 0xAED5, 0xAED5, 0xAED5, 0xAED5, 0xAED5, 0xAED5, 0xB6D5, 0xB6D5, 0xB6D5, 0xB6D5, 0xB6D5, 0xB6D6, 0xB6F6, 0xB6F6,
    0xB6F6, 0xB6F6, 0xB6F6, 0xB6F7, 0xB6F7, 0xB717, 0xB718, 0xBF19, 0xBF19, 0xBF39, 0xBF39, 0xBF3A, 0xB73B, 0xB73B, 0xB73C, 0xB75D,
    0x8041, 0x8041, 0x8021, 0x8022, 0x8002, 0x8003, 0x8803, 0x8804, 0x8804, 0x9006, 0x9007, 0x9008, 0x900A, 0x900C, 0x900D, 0x980F,
    0x9810, 0x9832, 0xA0B3, 0xA0F4, 0x9934, 0x9975, 0x9996, 0x99F6, 0x9A17, 0x9A57, 0x9A98, 0x9AD8, 0xA339, 0xA37A, 0xABDA, 0xB41C,
    0x8061, 0x8061, 0x8041, 0x8822, 0x8802, 0x8803, 0x8803, 0x8804, 0x8804, 0x9006, 0x9007, 0x9009, 0x900A, 0x900C, 0x900D, 0x980F,
    0x9830, 0xA072, 0xA0D3, 0xA114, 0xA154, 0x9995, 0x99B6, 0x99F6, 0x9A37, 0x9A57, 0x9AB8, 0x9AD9, 0xA339, 0xAB7A, 0xABDB, 0xB43B,
    0x8881, 0x8881, 0x8861, 0x8862, 0x8842, 0x8823, 0x8803, 0x8804, 0x8805, 0x9006, 0x9007, 0x9009, 0x900A, 0x902C, 0x902D, 0x982F,
    0x9850, 0xA0B2, 0xA113, 0xA154, 0x9974, 0x99B5, 0x99D6, 0x9A16, 0x9A37, 0x9A77, 0x9AB8, 0x9AF9, 0xA339, 0xAB7A, 0xABDA, 0xB43B,
    0x88A1, 0x88A1, 0x88A1, 0x8881, 0x8862, 0x8843, 0x8823, 0x8804, 0x8805, 0x9006, 0x9008, 0x9029, 0x904A, 0x906C, 0x908D, 0x988F,
    0x98B0, 0xA0F2, 0xA133, 0xA174, 0x99B4, 0x99D5, 0x99F6, 0x9A16, 0x9A57, 0x9A97, 0x9AB8, 0x9AF9, 0xA339, 0xAB9A, 0xABDA, 0xB43B,
    0x88E0, 0x88C0, 0x88C1, 0x88C1, 0x88A2, 0x88A2, 0x8883, 0x8844, 0x9005, 0x9006, 0x9027, 0x9069, 0x90AA, 0x98AC, 0x90CD, 0x98CF,
    0x98F1, 0xA132, 0xA173, 0xA1B4, 0x99D4, 0x99F5, 0x9A16, 0x9A56, 0x9A77, 0x9AB7, 0x9AD8, 0xA318, 0xA359, 0xAB9A, 0xABFA, 0xB43B,
    0x8900, 0x8900, 0x8901, 0x8901, 0x88E2, 0x88E2, 0x88C3, 0x90A4, 0x9065, 0x9026, 0x9067, 0x98C9, 0x98EB, 0x910C, 0x910D, 0x992F,
    0x9951, 0xA172, 0x99B3, 0x99D4, 0x99F4, 0x9A15, 0x9A35, 0x9A76, 0x9A97, 0x9AB7, 0x9AF8, 0x9B38, 0xA379, 0xABBA, 0xABFA, 0xB45B,
    0x8940, 0x8940, 0x8940, 0x8921, 0x8921, 0x9122, 0x9103, 0x9104, 0x90E5, 0x90A6, 0x90C7, 0x9109, 0x994B, 0x916C, 0x916E, 0x996F,
    0x9991, 0xA1B2, 0xA1F3, 0xA214, 0x9A34, 0x9A55, 0x9A76, 0x9AB6, 0x9AD7, 0x9AF7, 0x9B38, 0xA358, 0xA399, 0xABDA, 0xAC1B, 0xB45B,
    0x9180, 0x9180, 0x9180, 0x9180, 0x9161, 0x9162, 0x9163, 0x9144, 0x9145, 0x9126, 0x9127, 0x9169, 0x998B, 0x99AC, 0x91CE, 0x99CF,
    0x99F1, 0xA212, 0xA233, 0xA274, 0x9A94, 0x9A95, 0x9AB6, 0x9AD6, 0x9AF7, 0x9B37, 0x9B58, 0xA378, 0xA3B9, 0xABFA, 0xAC3B, 0xB47B,
    0x91C0, 0x91C0, 0x91C0, 0x91C0, 0x91C1, 0x91A2, 0x91A3, 0x91A4, 0x91A5, 0x91A7, 0x9188, 0x99A9, 0x99EB, 0x9A0C, 0x9A0E, 0x9A2F,
    0x9A51, 0xA272, 0xA293, 0xA2B4, 0x9AB4, 0x9AD5, 0x9AF6, 0x9B16, 0x9B37, 0x9B57, 0x9B78, 0xA3B8, 0xA3D9, 0xAC1A, 0xAC5B, 0xB49B,
    0x9220, 0x9220, 0x9A20, 0x9A20, 0x9A00, 0x9A01, 0x9A03, 0x9A04, 0x9A05, 0x9207, 0x9208, 0x9A09, 0x9A2B, 0x9A6D, 0x9A8E, 0x9A90,
    0x9A91, 0xA2B2, 0xA2D3, 0xA2F4, 0xA314, 0x9B15, 0x9B36, 0x9B56, 0x9B77, 0x9B97, 0x9BB8, 0xA3D8, 0xA419, 0xAC3A, 0xAC5A, 0xB49B,
    0x9A80, 0x9A80, 0x9A80, 0x9A80, 0x9A60, 0x9A61, 0x9A62, 0x9A44, 0x9A65, 0x9A67, 0x9A68, 0x9A69, 0x9A8B, 0x9AAD, 0x9ACE, 0x9AD0,
    0x9AF1, 0xA312, 0x9B33, 0xA334, 0x9B54, 0x9B75, 0x9B76, 0x9B76, 0x9B96, 0x9BB7, 0x9BD8, 0xA3F8, 0xA419, 0xAC5A, 0xAC7A, 0xB4BB,
    0x9AE0, 0x9AE0, 0x9AE0, 0x9AE0, 0x9AE0, 0x9AC1, 0x9AC2, 0x9AC4, 0x9AA5, 0x9AA7, 0x9AC8, 0x9ACA, 0x9ACB, 0x9AED, 0x9B0E, 0x9B30,
    0x9B31, 0x9B52, 0x9B73, 0x9B74, 0x9B94, 0x9B95, 0x9BB6, 0x9BB6, 0x9BD7, 0x9BF7, 0xA3F8, 0xA418, 0xA459, 0xAC7A, 0xAC9A, 0xB4DB,
    0x9340, 0x9340, 0x9B40, 0x9B40, 0x9B40, 0x9B41, 0x9B42, 0x9B24, 0x9B25, 0x9B27, 0x9B28, 0x9B2A, 0x9B2C, 0x9B2D, 0x9B6F, 0x9B70,
    0x9B91, 0x9B92, 0x9BB3, 0x9BD4, 0x9BD4, 0x9BD5, 0x9BD6, 0x9BF6, 0x9BF7, 0xA417, 0xA438, 0xA458, 0xA479, 0xAC9A, 0xB4BA, 0xB4DB,
    0x93A0, 0x93A0, 0x93A0, 0x93A0, 0x9BA0, 0x93A1, 0x93A2, 0x9B84, 0x9B86, 0x9B87, 0x9B88, 0x9B8A, 0x9B8C, 0x9B8D, 0x9BAF, 0x9BD0,
    0x9BD1, 0x9BF2, 0x9BF3, 0x9C14, 0x9C14, 0x9C15, 0x9C15, 0x9C36, 0xA437, 0xA457, 0xA478, 0xA478, 0xAC99, 0xACBA, 0xB4DA, 0xB4FB,
    0x93E0, 0x93E0, 0x9400, 0x9400, 0x9400, 0x93E1, 0x93E3, 0x9BE5, 0x9BE6, 0x9BE8, 0x9BE9, 0x9BEA, 0x9BEC, 0x9BEE, 0x9BEF, 0x9C10,
    0x9C31, 0x9C32, 0xA433, 0xA454, 0xA454, 0x9C55, 0x9C56, 0x9C56, 0xA477, 0xA477, 0xA498, 0xA498, 0xACB9, 0xACDA, 0xB4FB, 0xB51C,
    0x8C20, 0x8C20, 0x8C20, 0x8C20, 0x8C21, 0x8C23, 0x9424, 0x9426, 0x9427, 0x9448, 0x9C4A, 0x9C4B, 0x9C4D, 0x9C4E, 0x9C4F, 0x9C51,
    0x9C52, 0x9C72, 0xA473, 0x9C74, 0x9C74, 0x9C75, 0xA496, 0xA496, 0xA497, 0xA497, 0xA4B8, 0xA4B8, 0xACD9, 0xACDA, 0xACFB, 0xB51C,
    0x8440, 0x8440, 0x8461, 0x8461, 0x8463, 0x8C64, 0x8C65, 0x8C67, 0x8C68, 0x9469, 0x946B, 0x948C, 0x948D, 0x9C8F, 0x9C90, 0x9C91,
    0x9C92, 0x9C92, 0x9CB3, 0x9CB4, 0x9CB5, 0x9CB5, 0xA4B6, 0xA4B6, 0xA4B6, 0xA4B7, 0xA4D8, 0xA4D8, 0xA4D9, 0xACFA, 0xAD1B, 0xB53C,
    0x7C80, 0x8481, 0x8482, 0x8483, 0x8484, 0x8485, 0x8486, 0x8C87, 0x8C88, 0x8CAA, 0x8CAB, 0x94AC, 0x94AE, 0x94AF, 0x94D0, 0x9CD1,
    0x9CD2, 0xA4D3, 0x9CD3, 0x9CD4, 0x9CD4, 0x9CD5, 0x9CD5, 0xA4D6, 0xA4D6, 0xA4D7, 0xA4F8, 0xA4F8, 0xA4F9, 0xAD1A, 0xAD3A, 0xB55B,
    0x7CC3, 0x7CC3, 0x7CC4, 0x7CC4, 0x7CC5, 0x84C6, 0x84C7, 0x84C8, 0x84C9, 0x84CB, 0x8CCC, 0x8CCD, 0x8CCE, 0x94CF, 0x94D0, 0x9CF1,
    0x9CF2, 0x9CF3, 0x9CF3, 0x9CF4, 0x9CF4, 0x9CF5, 0x9CF6, 0x9CF6, 0x9CF6, 0xA517, 0xA518, 0xA518, 0xA519, 0xA53A, 0xAD3A, 0xAD5B,
    0x7CE4, 0x7CE4, 0x7CE5, 0x7CE6, 0x7CE6, 0x7CE7, 0x7CE8, 0x84E9, 0x84EA, 0x84EB, 0x84EC, 0x8CED, 0x8CEE, 0x94EF, 0x9510, 0x9511,
    0x9D12, 0x9D13, 0xA534, 0xA534, 0xA535, 0xA535, 0x9D15, 0x9D16, 0x9D36, 0xA537, 0xA538, 0xA538, 0xA539, 0xA55A, 0xAD5A, 0xAD7C,
    0x7506, 0x7506, 0x7D06, 0x7D07, 0x7D07, 0x7D08, 0x7D09, 0x850A, 0x850B, 0x850C, 0x850D, 0x8D0E, 0x8D0F, 0x9510, 0x9531, 0x9531,
    0x9D32, 0x9D33, 0xA554, 0xA554, 0xA555, 0xA555, 0xA555, 0xA556, 0x9D56, 0x9D57, 0xA558, 0xA558, 0xA559, 0xA55A, 0xAD7A, 0xAD7C,
    0x7527, 0x7528, 0x7D28, 0x7D28, 0x7D29, 0x7D29, 0x7D4A, 0x854B, 0x854C, 0x854D, 0x852E, 0x8D2E, 0x8D2F, 0x9550, 0x9551, 0x9D52,
    0x9D52, 0xA553, 0xA554, 0xA574, 0xAD75, 0xA575, 0xA576, 0xA576, 0xA556, 0xA577, 0xA577, 0xA578, 0xA579, 0xA57A, 0xA59A, 0xADBC,
    0x7548, 0x7D49, 0x7D49, 0x7D49, 0x7D4A, 0x7D4B, 0x7D4B, 0x854C, 0x854D, 0x856E, 0x8D4E, 0x8D4F, 0x8D50, 0x9551, 0x9D51, 0x9D52,
    0x9D53, 0xA573, 0xA574, 0xAD75, 0xAD95, 0xAD96, 0xAD96, 0xA596, 0xA596, 0xA597, 0xA597, 0x9D98, 0xA599, 0xA5BA, 0xA5BB, 0xA5DC,
    0x7D8A, 0x7D8A, 0x7D8B, 0x7D8B, 0x7D8B, 0x856C, 0x856C, 0x856D, 0x8D8E, 0x8D8F, 0x8D6F, 0x8D70, 0x9571, 0x9571, 0x9D72, 0x9D72,
    0x9D73, 0xA593, 0xA594, 0xADB5, 0xADB5, 0xADB6, 0xADB6, 0xADB6, 0xADB7, 0xA5B7, 0xA5B8, 0xA5B8, 0xA5B9, 0xA5DA, 0xA5DB, 0xA5FC,
    0x7DAC, 0x7D8C, 0x85AC, 0x85AC, 0x858D, 0x858D, 0x858D, 0x8D8E, 0x8D8F, 0x8DAF, 0x8D90, 0x9590, 0x9591, 0x9D91, 0x9D92, 0x9D93,
    0xA593, 0xA5B4, 0xADB4, 0xADB5, 0xADD5, 0xADD6, 0xADD6, 0xADD6, 0xADD7, 0xADD7, 0xA5D8, 0xA5D8, 0xA5D9, 0xA5FA, 0xA5FB, 0xA61C,
    0x85AD, 0x85AD, 0x85AD, 0x85AD, 0x85AE, 0x8DAE, 0x8DAF, 0x8DAF, 0x8DB0, 0x95B0, 0x95B1, 0x95B1, 0x9DB2, 0x9DB2, 0x9DB2, 0xA5B3,
    0xA5B3, 0xA5D4, 0xADD4, 0xADD5, 0xADF6, 0xB5F6, 0xB5F6, 0xB617, 0xADF7, 0xADF7, 0xADF8, 0xADF8, 0xA619, 0xA61A, 0xA63B, 0xA65C,
    0x8DCE, 0x8DCE, 0x8DCF, 0x8DCF, 0x8DCF, 0x8DCF, 0x8DD0, 0x95D0, 0x95F1, 0x95F1, 0x9DD1, 0x9DD2, 0x9DD2, 0x9DD2, 0xA5D3, 0xA5D3,
    0xA5D4, 0xA5F4, 0xADF5, 0xADF5, 0xB616, 0xB616, 0xB617, 0xB637, 0xB637, 0xB638, 0xAE38, 0xAE39, 0xAE39, 0xAE5A, 0xA65B, 0xA67C,
    0x95F0, 0x95F0, 0x95F0, 0x95F0, 0x95F0, 0x95F0, 0x95F1, 0x95F1, 0x9E11, 0x9E12, 0x9DF2, 0x9DF2, 0x9DF3, 0xA613, 0xA5F4, 0xA614,
    0xA614, 0xAE14, 0xAE15, 0xAE35, 0xB636, 0xB636, 0xB657, 0xB657, 0xB658, 0xB658, 0xB658, 0xAE59, 0xAE7A, 0xAE7A, 0xAE9B, 0xAEBC,
    0x9E31, 0x9E31, 0x9E31, 0x9E31, 0x9E31, 0x9E31, 0x9E32, 0x9E32, 0x9E32, 0xA632, 0xA633, 0xA633, 0xA633, 0xA633, 0xA634, 0xAE34,
    0xAE34, 0xAE35, 0xAE55, 0xAE56, 0xB656, 0xB676, 0xB677, 0xB677, 0xB678, 0xB698, 0xB699, 0xB699, 0xAE9A, 0xAE9A, 0xAEBB, 0xAEDC,
    0xA652, 0xA652, 0xA652, 0xA652, 0xA653, 0xA653, 0xA653, 0xA653, 0xA653, 0xA653, 0xA653, 0xAE54, 0xAE54, 0xAE54, 0xAE74, 0xAE75,
    0xAE75, 0xAE75, 0xAE76, 0xB676, 0xB696, 0xB697, 0xB697, 0xB6B8, 0xB6B8, 0xB6B9, 0xB6D9, 0xB6D9, 0xB6DA, 0xAEDA, 0xAEDB, 0xAF1C,
    0xAE93, 0xAE93, 0xAE94, 0xAE94, 0xAE94, 0xAE94, 0xAE94, 0xAE94, 0xAE94, 0xAE94, 0xAE94, 0xAE94, 0xAE95, 0xAE95, 0xAE95, 0xAEB5,
    0xB6B5, 0xB6B6, 0xB6B6, 0xB6B6, 0xB6B7, 0xB6D7, 0xB6D7, 0xBED8, 0xBED8, 0xB6F9, 0xB6F9, 0xBEFA, 0xB6FA, 0xB6FB, 0xB71B, 0xAF3C,
    0xB6D4, 0xB6D4, 0xB6D5, 0xB6D5, 0xB6D4, 0xB6D5, 0xB6D5, 0xB6D5, 0xB6D5, 0xB6D5, 0xB6D5, 0xB6D5, 0xB6D5, 0xB6D6, 0xB6F6, 0xB6F6,
    0xB6F6, 0xB6F6, 0xB6F6, 0xB6F7, 0xB6F7, 0xB717, 0xBF18, 0xBF18, 0xBF19, 0xBF39, 0xBF3A, 0xBF3A, 0xBF3A, 0xB73B, 0xB73C, 0xB75C,
    0x9021, 0x9021, 0x9001, 0x9002, 0x9002, 0x9003, 0x9003, 0x9004, 0x9804, 0x9805, 0x9807, 0x9808, 0x980A, 0xA00C, 0x980D, 0x980E,
    0xA010, 0xA011, 0xA893, 0xA8F4, 0xA954, 0xA195, 0xA1D6, 0xA216, 0xA237, 0xA277, 0xA2B8, 0xA2F8, 0xAB39, 0xAB9A, 0xB3DA, 0xBC3B,
    0x9040, 0x9041, 0x9021, 0x9002, 0x9002, 0x9003, 0x9003, 0x9004, 0x9804, 0x9805, 0x9807, 0xA008, 0xA00A, 0xA00B, 0x980D, 0x980E,
    0xA010, 0xA831, 0xA8B3, 0xA914, 0xA974, 0xA9B5, 0xA1D6, 0xA216, 0xA237, 0xA277, 0xA2B8, 0xA2F9, 0xAB39, 0xAB9A, 0xB3DA, 0xBC3B,
    0x9060, 0x9061, 0x9061, 0x9041, 0x9022, 0x9002, 0x9003, 0x9004, 0x9804, 0x9805, 0x9807, 0xA008, 0xA00A, 0xA00B, 0xA02D, 0xA04E,
    0xA050, 0xA872, 0xA8F3, 0xA954, 0xA994, 0xA1D5, 0xA1F6, 0xA216, 0xA257, 0xA297, 0xA2D8, 0xA2F8, 0xAB59, 0xAB9A, 0xB3FB, 0xBC3B,
    0x90A0, 0x90A0, 0x9081, 0x9061, 0x9042, 0x9022, 0x9023, 0x9004, 0x9804, 0x9806, 0x9807, 0xA008, 0xA02A, 0xA04C, 0xA06D, 0xA08F,
    0xA0B0, 0xA8D2, 0xA933, 0xA974, 0xA9B4, 0xA1F5, 0xA216, 0xA236, 0xA277, 0xA2B7, 0xA2D8, 0xA318, 0xAB59, 0xAB9A, 0xB3FB, 0xBC5B,
    0x90E0, 0x90C0, 0x90C1, 0x90A1, 0x98A2, 0x9082, 0x9063, 0x9024, 0x9805, 0x9806, 0x9807, 0xA049, 0xA08A, 0xA0AC, 0xA0CD, 0xA0EF,
    0xA0F0, 0xA112, 0xA953, 0xA9B4, 0xA9F5, 0xA215, 0xA236, 0xA276, 0xA297, 0xA2B7, 0xA2F8, 0xAB39, 0xAB79, 0xABBA, 0xB3FA, 0xBC5B,
    0x9900, 0x9900, 0x9901, 0x9901, 0x98E1, 0x98C2, 0x98C3, 0x98A4, 0x9865, 0x9806, 0xA027, 0xA089, 0xA0CA, 0xA10C, 0xA12D, 0xA12F,
    0xA150, 0xA972, 0xA9B3, 0xA9D4, 0xAA14, 0xA235, 0xA256, 0xA296, 0xA2B7, 0xA2D7, 0xA318, 0xA358, 0xAB79, 0xABBA, 0xB41B, 0xBC5B,
    0x9940, 0x9940, 0x9940, 0x9941, 0x9921, 0x9902, 0x9903, 0x9904, 0x98C5, 0x98A6, 0x98A7, 0xA0E9, 0xA12A, 0xA16C, 0xA16D, 0xA18F,
    0xA190, 0xA9B2, 0xA9F3, 0xAA34, 0xAA54, 0xA275, 0xA296, 0xA2B6, 0xA2D7, 0xA317, 0xA338, 0xA378, 0xABB9, 0xABDA, 0xB41A, 0xBC7B,
    0x9980, 0x9980, 0x9980, 0x9980, 0x9961, 0x9962, 0x9963, 0x9944, 0x9945, 0x9926, 0x9907, 0xA149, 0xA18A, 0xA1AC, 0xA1CD, 0xA1EF,
    0xA1F0, 0xAA12, 0xAA33, 0xAA74, 0xAA94, 0xA2B5, 0xA2D6, 0xA2F6, 0xA317, 0xA337, 0xA378, 0xA398, 0xABD9, 0xAC1A, 0xB43B, 0xBC7B,
    0x99C0, 0x99C0, 0x99C0, 0x99C0, 0x99C0, 0x99C1, 0x99A3, 0x99A4, 0x99A5, 0x99A6, 0x9987, 0xA189, 0xA1CB, 0xA20C, 0xA22E, 0xA22F,
    0xA251, 0xAA72, 0xAA93, 0xAAB4, 0xA2D4, 0xA2F5, 0xA316, 0xA336, 0xA357, 0xA377, 0xA398, 0xABB8, 0xABF9, 0xAC3A, 0xB45B, 0xBC9B,
    0x9A20, 0xA220, 0xA220, 0xA220, 0xA200, 0xA201, 0xA1E2, 0xA1E4, 0xA1E5, 0xA206, 0xA208, 0xA1E9, 0xA20B, 0xA26C, 0xA28E, 0xA28F,
    0xA2B0, 0xA2B2, 0xAAD3, 0xAAF4, 0xAB14, 0xA335, 0xA356, 0xA356, 0xA377, 0xA397, 0xA3B8, 0xABF8, 0xAC19, 0xAC3A, 0xB47A, 0xBCBB,
    0xA280, 0xA280, 0xA280, 0xA260, 0xA260, 0xA261, 0xA242, 0xA244, 0xA245, 0xA247, 0xA248, 0xA269, 0xA26B, 0xA2AD, 0xA2CE, 0xA2EF,
    0xA2F1, 0xA312, 0xAB33, 0xAB34, 0xAB54, 0xA375, 0xA396, 0xA396, 0xA3B7, 0xA3D7, 0xA3D8, 0xAC18, 0xAC39, 0xAC5A, 0xB49A, 0xBCBB,
    0xA2E0, 0xA2E0, 0xA2C0, 0xA2C0, 0xA2C0, 0xA2C0, 0xA2C2, 0xA2A3, 0xA2A5, 0xA2A7, 0xA2A8, 0xA2CA, 0xA2CB, 0xA2ED, 0xA30E, 0xA330,
    0xA351, 0xA352, 0xAB73, 0xA394, 0xA394, 0xA3B5, 0xA3B6, 0xA3D6, 0xA3D7, 0xA3F7, 0xA418, 0xAC38, 0xAC59, 0xB47A, 0xB49A, 0xBCDB,
    0xA340, 0xA340, 0xA320, 0xA320, 0xA320, 0xA320, 0xA322, 0xA323, 0xA305, 0xA307, 0xA308, 0xA30A, 0xA32B, 0xA32D, 0xA34E, 0xA370,
    0xA391, 0xA392, 0xA3B3, 0xA3D4, 0xA3D4, 0xA3F5, 0xA3F5, 0xA3F6, 0xA417, 0xA437, 0xAC38, 0xAC58, 0xAC79, 0xB49A, 0xB4BA, 0xBCDB,
    0xA3A0, 0xA380, 0xA380, 0xA380, 0xA3A0, 0xA380, 0xA382, 0xA384, 0xA365, 0xA367, 0xAB68, 0xA36A, 0xA36C, 0xA38D, 0xA38F, 0xA3D0,
    0xA3F1, 0xA3F2, 0xA413, 0xA414, 0xA434, 0xA435, 0xA435, 0xA456, 0xA456, 0xA457, 0xAC78, 0xAC98, 0xAC99, 0xB4BA, 0xB4DA, 0xBCFB,
    0x9BE0, 0xA3E0, 0xA400, 0xA400, 0xA3E0, 0xA3E1, 0xA3E2, 0xA3E4, 0xA3E6, 0xA3E7, 0xA3E9, 0xA3EA, 0xA3CC, 0xA3CD, 0xA3EF, 0xA410,
    0xA411, 0xA432, 0xA453, 0xAC54, 0xAC54, 0xA455, 0xA476, 0xA476, 0xA477, 0xA477, 0xAC98, 0xACB8, 0xACB9, 0xB4DA, 0xB4FB, 0xBD1C,
    0x9C20, 0x9C40, 0x9C40, 0x9C40, 0x9C40, 0x9C42, 0xA444, 0xA445, 0xA447, 0xA448, 0xA449, 0xA44B, 0xA42C, 0xA42E, 0xA42F, 0xA450,
    0xA451, 0xA472, 0xA473, 0xA494, 0xA494, 0xA495, 0xAC96, 0xA496, 0xA497, 0xA497, 0xACB8, 0xACB8, 0xACD9, 0xB4FA, 0xB4FA, 0xBD1C,
    0x9460, 0x9460, 0x9460, 0x9481, 0x9C81, 0x9C83, 0x9C85, 0x9C86, 0x9C88, 0x9C89, 0xA48A, 0xA48C, 0xA48D, 0xA48E, 0xA48F, 0xA491,
    0xA492, 0xA4B2, 0xA4B3, 0xA4B4, 0xA4B5, 0xA4B5, 0xA4B6, 0xA4B6, 0xA4B7, 0xA4B7, 0xACD8, 0xACD8, 0xACF9, 0xACFA, 0xB51A, 0xBD3C,
    0x8C80, 0x8C80, 0x8CA1, 0x8CA2, 0x94A4, 0x94A5, 0x94A6, 0x94A7, 0x94A8, 0x9CAA, 0x9CAB, 0x9CAD, 0x9CCE, 0xA4CF, 0xA4D0, 0xA4D1,
    0xA4D2, 0xA4D3, 0xA4D3, 0xA4D4, 0xA4D5, 0xA4D5, 0xA4D6, 0xA4D6, 0xA4D6, 0xA4D7, 0xACF8, 0xACF8, 0xAD19, 0xAD1A, 0xB53A, 0xB55B,
    0x8CC2, 0x8CC3, 0x8CC3, 0x8CC4, 0x8CC5, 0x8CC6, 0x8CC7, 0x8CC8, 0x94C9, 0x94CB, 0x94EC, 0x94ED, 0x9CEE, 0x9CEF, 0x9CF0, 0xA4F1,
    0xA4F2, 0xA4F3, 0xA4F3, 0xA514, 0xA514, 0xA4F5, 0xA4F5, 0xA4F6, 0xA4F6, 0xA517, 0xAD18, 0xAD18, 0xAD19, 0xAD3A, 0xB53B, 0xB55C,
    0x84E4, 0x84E4, 0x84E5, 0x84E5, 0x8CE6, 0x8CE7, 0x8CE8, 0x8CE9, 0x8CEA, 0x950B, 0x950C, 0x950D, 0x950E, 0x9D0F, 0x9D10, 0x9D11,
    0xA512, 0xA513, 0xA534, 0xAD34, 0xA535, 0xA535, 0xA516, 0xA536, 0xA537, 0xA537, 0xAD37, 0xAD38, 0xAD39, 0xAD5A, 0xAD5A, 0xB55C,
    0x8505, 0x8526, 0x8526, 0x8507, 0x8507, 0x8528, 0x8529, 0x8D2A, 0x8D2B, 0x8D2C, 0x8D2D, 0x952E, 0x952F, 0x9530, 0x9D31, 0x9D31,
    0x9D32, 0xA533, 0xA554, 0xAD54, 0xAD55, 0xAD55, 0xA555, 0xA556, 0xA556, 0xA557, 0xA557, 0xAD58, 0xAD59, 0xAD5A, 0xAD7A, 0xB57C,
    0x7D47, 0x8547, 0x8548, 0x8548, 0x8549, 0x8549, 0x854A, 0x8D4B, 0x8D4C, 0x8D4D, 0x8D4E, 0x954F, 0x954F, 0x9550, 0x9D51, 0x9D52,
    0xA552, 0xA553, 0xA554, 0xAD74, 0xAD75, 0xAD75, 0xAD76, 0xAD76, 0xA576, 0xA577, 0xA578, 0xAD78, 0xA579, 0xA57A, 0xAD9A, 0xAD9C,
    0x7D68, 0x7D69, 0x8569, 0x8569, 0x856A, 0x856A, 0x856B, 0x8D6C, 0x8D6D, 0x8D6E, 0x8D6E, 0x956F, 0x9570, 0x9D51, 0x9D71, 0x9D72,
    0xA553, 0xA573, 0xA574, 0xAD75, 0xB595, 0xAD95, 0xAD96, 0xAD96, 0xAD97, 0xA597, 0xA598, 0xA578, 0xA599, 0xA59A, 0xADBB, 0xADBC,
    0x858A, 0x858A, 0x858A, 0x858B, 0x858B, 0x8D6C, 0x8D8C, 0x8D6D, 0x8D6E, 0x8D6E, 0x956F, 0x9590, 0x9591, 0x9D71, 0x9D72, 0xA572,
    0xA573, 0xA593, 0xAD94, 0xAD95, 0xADB5, 0xB5B6, 0xADB6, 0xADB6, 0xADB7, 0xADB7, 0xADB8, 0xA5B8, 0xA5B9, 0xA5BA, 0xA5DB, 0xADFC,
    0x85AC, 0x85AC, 0x85AC, 0x8DAC, 0x8DAD, 0x8DAD, 0x8DAD, 0x8DAE, 0x958F, 0x958F, 0x9590, 0x9590, 0x9D91, 0x9D91, 0x9D92, 0xA593,
    0xA593, 0xA5B4, 0xADB4, 0xADB5, 0xB5B5, 0xB5D6, 0xB5D6, 0xB5F6, 0xADD7, 0xADD7, 0xADD8, 0xADD8, 0xA5D9, 0xA5FA, 0xA5FB, 0xA61C,
    0x8DCD, 0x8DAD, 0x8DCD, 0x8DCD, 0x8DCE, 0x8DCE, 0x8DCF, 0x95CF, 0x95AF, 0x95B0, 0x95B1, 0x9DB1, 0x9DB1, 0x9DB2, 0x9DB2, 0xA5B3,
    0xA5B3, 0xA5D4, 0xADD4, 0xADD5, 0xB5D5, 0xB5F6, 0xB5F6, 0xB617, 0xB617, 0xB5F8, 0xADF8, 0xADF8, 0xAE19, 0xAE1A, 0xA63B, 0xA65C,
    0x8DCE, 0x8DCE, 0x8DEF, 0x8DEF, 0x8DEF, 0x95EF, 0x95F0, 0x95F0, 0x95F0, 0x9DF1, 0x9DD1, 0x9DD2, 0x9DD2, 0x9DD2, 0xA5D3, 0xA5D4,
    0xA5D4, 0xADF4, 0xADF5, 0xADF5, 0xB616, 0xB616, 0xB636, 0xB637, 0xB637, 0xB638, 0xB638, 0xAE39, 0xAE39, 0xAE5A, 0xAE5B, 0xAE7C,
    0x9610, 0x9610, 0x9610, 0x9610, 0x9610, 0x9E10, 0x9DF1, 0x9DF1, 0x9E12, 0x9E11, 0xA5F2, 0xA5F2, 0xA5F3, 0xA5F3, 0xA5F3, 0xADF4,
    0xAE14, 0xAE14, 0xAE15, 0xAE15, 0xB636, 0xB636, 0xB657, 0xB657, 0xBE58, 0xB658, 0xB658, 0xB659, 0xAE79, 0xAE7A, 0xAE9B, 0xAEBC,
    0x9E31, 0x9E31, 0x9E31, 0x9E31, 0x9E31, 0x9E31, 0x9E32, 0xA632, 0xA632, 0xA632, 0xA633, 0xA633, 0xA633, 0xA633, 0xAE34, 0xAE34,
    0xAE35, 0xAE35, 0xB655, 0xB655, 0xB656, 0xB676, 0xB677, 0xBE77, 0xBE78, 0xBE98, 0xB699, 0xB699, 0xB69A, 0xAE9A, 0xAEBB, 0xAEDC,
    0xA652, 0xA652, 0xA672, 0xA672, 0xA672, 0xA672, 0xA653, 0xAE53, 0xAE73, 0xA673, 0xAE74, 0xAE54, 0xAE54, 0xAE54, 0xAE75, 0xAE75,
    0xB675, 0xB675, 0xB675, 0xB676, 0xB696, 0xB697, 0xB697, 0xBE98, 0xBEB8, 0xBEB9, 0xBED9, 0xB6D9, 0xB6DA, 0xB6DA, 0xB6DB, 0xAF1C,
    0xAE93, 0xAE93, 0xAE93, 0xAE93, 0xAE93, 0xAE94, 0xAE94, 0xAE94, 0xAE94, 0xAE94, 0xB694, 0xB695, 0xB695, 0xB695, 0xB695, 0xB695,
    0xB696, 0xB6B6, 0xB6B6, 0xB6B6, 0xB6B7, 0xB6D7, 0xBED7, 0xBED8, 0xBED9, 0xBEF9, 0xBEF9, 0xBEFA, 0xBEFA, 0xB6FB, 0xB71B, 0xB73C,
    0xB6D4, 0xB6D4, 0xB6D4, 0xB6D4, 0xB6D5, 0xB6D5, 0xB6D5, 0xB6D5, 0xB6D5, 0xB6D5, 0xB6D5, 0xB6D5, 0xB6D5, 0xB6F5, 0xB6D6, 0xB6F6,
    0xB6F6, 0xB6F6, 0xB6F6, 0xB6F7, 0xB6F7, 0xBF17, 0xBF18, 0xBF18, 0xBF19, 0xBF19, 0xBF3A, 0xBF3A, 0xBF3A, 0xBF3B, 0xBF3C, 0xB75D,
    0x9800, 0x9800, 0x9801, 0x9801, 0x9802, 0x9803, 0x9803, 0x9803, 0xA004, 0xA005, 0xA007, 0xA808, 0xA80A, 0xA80B, 0xA80D, 0xA80E,
    0xA810, 0xA811, 0xB073, 0xB0F4, 0xB154, 0xB1B5, 0xA9F6, 0xAA16, 0xAA57, 0xAA97, 0xAAD8, 0xAAF9, 0xAB59, 0xB39A, 0xB3FA, 0xBC5B,
    0x9840, 0x9820, 0x9801, 0x9801, 0x9802, 0x9802, 0x9803, 0x9804, 0xA004, 0xA005, 0xA807, 0xA808, 0xA80A, 0xA80B, 0xA80D, 0xA80E,
    0xA830, 0xA851, 0xB0B3, 0xB114, 0xB175, 0xB1B5, 0xAA16, 0xAA36, 0xAA77, 0xAA97, 0xAAD8, 0xAB19, 0xB359, 0xB39A, 0xBBFA, 0xBC5B,
    0x9860, 0x9840, 0x9841, 0x9821, 0x9802, 0x9802, 0x9803, 0x9804, 0xA004, 0xA005, 0xA807, 0xA808, 0xA80A, 0xA80B, 0xA82D, 0xA84E,
    0xA870, 0xA891, 0xB0D3, 0xB134, 0xB195, 0xB1D5, 0xAA16, 0xAA56, 0xAA77, 0xAAB7, 0xAAD8, 0xAB18, 0xB359, 0xB3BA, 0xBBFB, 0xBC5B,
    0x9880, 0x9880, 0x9881, 0xA061, 0xA042, 0x9822, 0x9803, 0xA004, 0xA004, 0xA005, 0xA007, 0xA808, 0xA80A, 0xA84B, 0xA86D, 0xA8AE,
    0xA8D0, 0xA8F1, 0xB113, 0xB174, 0xB1B5, 0xA9F5, 0xAA36, 0xAA56, 0xAA97, 0xAAB7, 0xAAF8, 0xAB38, 0xB379, 0xB3BA, 0xBBFB, 0xBC5B,
    0xA0C0, 0x98C0, 0xA0C0, 0xA0A1, 0xA082, 0xA082, 0xA043, 0xA024, 0xA005, 0xA005, 0xA807, 0xA808, 0xA84A, 0xA8AB, 0xA8CD, 0xA8EE,
    0xA910, 0xA931, 0xB153, 0xB194, 0xB1F4, 0xAA35, 0xAA56, 0xAA96, 0xAAB7, 0xAAD7, 0xAB18, 0xAB59, 0xB379, 0xB3BA, 0xB41A, 0xBC5B,
    0xA100, 0xA100, 0xA100, 0xA0E1, 0xA0E1, 0xA0C2, 0xA0A3, 0xA084, 0xA065, 0xA005, 0xA807, 0xA848, 0xA8AA, 0xA90C, 0xA92D, 0xA94F,
    0xA950, 0xA971, 0xB193, 0xB1D4, 0xB214, 0xAA55, 0xAA96, 0xAAB6, 0xAAD6, 0xAAF7, 0xAB38, 0xAB58, 0xAB99, 0xB3DA, 0xBC1A, 0xBC7B,
    0xA140, 0xA140, 0xA140, 0xA120, 0xA121, 0xA102, 0xA103, 0xA0E4, 0xA0C5, 0xA0A6, 0xA867, 0xA8A8, 0xA90A, 0xA96C, 0xA98D, 0xA98F,
    0xA9B0, 0xA9D1, 0xB1F3, 0xB234, 0xB254, 0xAA95, 0xAAB6, 0xAAD6, 0xAAF7, 0xAB37, 0xAB58, 0xAB98, 0xB3B9, 0xB3FA, 0xBC3A, 0xBC7B,
    0xA180, 0xA180, 0xA180, 0xA180, 0xA160, 0xA162, 0xA143, 0xA144, 0xA145, 0xA146, 0xA907, 0xA928, 0xA96A, 0xA9AC, 0xA9CD, 0xA9EF,
    0xA9F0, 0xAA11, 0xB233, 0xB274, 0xB2B4, 0xB2D5, 0xAAF6, 0xAB16, 0xAB37, 0xAB57, 0xAB78, 0xABB8, 0xB3D9, 0xB41A, 0xBC5A, 0xBC9B,
    0xA1C0, 0xA1C0, 0xA9C0, 0xA9C0, 0xA9C0, 0xA9A1, 0xA9A2, 0xA9A4, 0xA9A5, 0xA9A6, 0xA987, 0xA989, 0xA9AA, 0xAA0C, 0xAA2D, 0xAA4F,
    0xAA50, 0xAA71, 0xB293, 0xB2B4, 0xB2D4, 0xAB15, 0xAB36, 0xAB36, 0xAB57, 0xAB97, 0xABB8, 0xABD8, 0xB3F9, 0xB43A, 0xBC7A, 0xBC9B,
    0xAA20, 0xAA20, 0xAA20, 0xAA00, 0xAA00, 0xAA01, 0xAA02, 0xAA04, 0xAA05, 0xAA06, 0xAA08, 0xA9E9, 0xAA0A, 0xAA4C, 0xAA8E, 0xAAAF,
    0xAAB0, 0xAAB2, 0xB2D3, 0xB2F4, 0xAB34, 0xAB55, 0xAB56, 0xAB76, 0xAB97, 0xABB7, 0xABD8, 0xABF8, 0xB419, 0xB45A, 0xBC7A, 0xC4BB,
    0xAA60, 0xAA60, 0xAA60, 0xAA60, 0xAA60, 0xAA40, 0xAA42, 0xAA44, 0xAA45, 0xAA46, 0xAA48, 0xAA69, 0xAA6B, 0xAA8C, 0xAACE, 0xAAEF,
    0xAB11, 0xAB12, 0xB333, 0xAB54, 0xAB74, 0xAB95, 0xAB96, 0xABB6, 0xABB7, 0xABD7, 0xABF8, 0xAC18, 0xB439, 0xB47A, 0xBC9A, 0xBCBB,
    0xAAC0, 0xAAC0, 0xAAC0, 0xAAC0, 0xAAC0, 0xB2A0, 0xB2A1, 0xB2A3, 0xAAA5, 0xAAA6, 0xAAA8, 0xAAA9, 0xAACB, 0xAACD, 0xAB0E, 0xAB2F,
    0xAB51, 0xAB72, 0xAB73, 0xAB94, 0xABB4, 0xABD5, 0xABD6, 0xABD6, 0xABF6, 0xAC17, 0xAC18, 0xAC38, 0xB459, 0xB47A, 0xBC9A, 0xBCDB,
    0xAB20, 0xAB20, 0xAB20, 0xAB20, 0xAB20, 0xB320, 0xB301, 0xB303, 0xB305, 0xB306, 0xB308, 0xAB0A, 0xAB2B, 0xAB2D, 0xAB4E, 0xAB6F,
    0xAB91, 0xABB2, 0xABB3, 0xABD4, 0xABF4, 0xABF5, 0xAC16, 0xAC16, 0xAC36, 0xAC37, 0xAC58, 0xB458, 0xB479, 0xB49A, 0xBCBA, 0xBCFB,
    0xAB80, 0xAB80, 0xAB80, 0xAB80, 0xAB80, 0xAB80, 0xAB61, 0xAB63, 0xB365, 0xB367, 0xB348, 0xB36A, 0xAB6B, 0xAB8D, 0xAB8E, 0xABB0,
    0xABF1, 0xABF2, 0xAC13, 0xAC14, 0xAC34, 0xAC35, 0xAC56, 0xAC56, 0xAC57, 0xAC77, 0xB478, 0xB499, 0xB499, 0xB4BA, 0xBCDA, 0xBCFB,
    0xABE0, 0xABE0, 0xABE0, 0xABE0, 0xABE0, 0xABE0, 0xABE2, 0xABE4, 0xABE5, 0xABC7, 0xABC9, 0xABCA, 0xABCC, 0xABCD, 0xABEF, 0xABF0,
    0xAC11, 0xAC32, 0xAC53, 0xAC54, 0xAC54, 0xAC75, 0xAC75, 0xAC76, 0xAC77, 0xAC97, 0xB498, 0xB4B8, 0xB4B9, 0xB4DA, 0xBCFA, 0xBD1B,
    0xA420, 0xAC40, 0xAC40, 0xAC40, 0xAC40, 0xAC41, 0xAC43, 0xAC45, 0xAC46, 0xAC48, 0xAC29, 0xAC2B, 0xAC2C, 0xAC2E, 0xAC2F, 0xAC30,
    0xAC51, 0xAC72, 0xAC73, 0xAC94, 0xAC94, 0xAC95, 0xAC95, 0xAC96, 0xACB7, 0xACB7, 0xACB8, 0xB4D8, 0xB4D9, 0xB4FA, 0xBD1A, 0xBD3B,
    0xA460, 0xA480, 0xA480, 0xA480, 0xA481, 0xA483, 0xA484, 0xAC86, 0xAC87, 0xAC89, 0xAC8A, 0xAC8C, 0xAC8D, 0xAC8E, 0xAC6F, 0xAC90,
    0xAC91, 0xAC92, 0xACB3, 0xACB4, 0xACB5, 0xACD5, 0xACD5, 0xACD6, 0xACD7, 0xACD7, 0xACD8, 0xB4D8, 0xB4F9, 0xB51A, 0xB51A, 0xBD3C,
    0x9CA0, 0x9CA0, 0x9CA0, 0x9CA1, 0xA4C2, 0xA4C4, 0xA4C5, 0xA4C7, 0xA4C8, 0xA4C9, 0xA4CB, 0xACCC, 0xACCD, 0xACCE, 0xACD0, 0xACD1,
    0xACD2, 0xACD3, 0xACD3, 0xACD4, 0xACF5, 0xACF5, 0xACD5, 0xACF6, 0xACF7, 0xACF7, 0xACF8, 0xB4F8, 0xB519, 0xB51A, 0xB53A, 0xBD5B,
    0x94C1, 0x94C2, 0x94C2, 0x94C3, 0x94C4, 0x9CC5, 0x9CE7, 0x9CE8, 0x9CE9, 0x9CEA, 0xA4EC, 0xA4ED, 0xA4EE, 0xA4EF, 0xA4F0, 0xACF1,
    0xACF2, 0xACF3, 0xACF3, 0xAD14, 0xAD14, 0xAD15, 0xAD16, 0xAD16, 0xAD16, 0xAD17, 0xAD17, 0xAD18, 0xB539, 0xB53A, 0xB53B, 0xBD5C,
    0x8D03, 0x9504, 0x94E4, 0x94E5, 0x94E6, 0x9506, 0x9507, 0x9508, 0x950A, 0x9D0B, 0x9D0C, 0x9D0D, 0xA50E, 0xA50F, 0xA510, 0xA511,
    0xA512, 0xAD33, 0xAD14, 0xAD34, 0xAD35, 0xAD35, 0xAD36, 0xAD36, 0xAD36, 0xAD37, 0xAD37, 0xAD38, 0xB539, 0xB55A, 0xB55B, 0xB57C,
    0x8D25, 0x8D25, 0x8D26, 0x8D27, 0x8D27, 0x8D28, 0x9528, 0x9529, 0x952B, 0x952C, 0x952D, 0x9D2E, 0x9D2F, 0x9D30, 0xA531, 0xA531,
    0xA532, 0xAD53, 0xAD54, 0xAD54, 0xAD55, 0xAD55, 0xAD56, 0xAD56, 0xAD56, 0xAD57, 0xAD58, 0xAD58, 0xAD59, 0xB55A, 0xB57A, 0xB57C,
    0x8D47, 0x8D47, 0x8D48, 0x8D48, 0x8D48, 0x8D49, 0x8D4A, 0x954B, 0x954C, 0x954D, 0x954D, 0x9D4E, 0x9D4F, 0x9D50, 0xA551, 0xA552,
    0xA552, 0xAD53, 0xAD54, 0xAD74, 0xAD75, 0xB575, 0xAD76, 0xAD76, 0xAD76, 0xAD77, 0xAD78, 0xAD78, 0xAD79, 0xAD7A, 0xB59B, 0xB59C,
    0x8D68, 0x8D69, 0x8D69, 0x8D69, 0x8D6A, 0x8D6A, 0x8D6B, 0x8D6C, 0x956D, 0x956D, 0x956E, 0x9D6F, 0x9D70, 0x9D71, 0xA571, 0xA572,
    0xA573, 0xAD73, 0xAD74, 0xAD75, 0xB595, 0xB595, 0xB596, 0xAD96, 0xAD97, 0xAD77, 0xAD77, 0xAD78, 0xAD99, 0xAD9A, 0xADBB, 0xB5BC,
    0x8D8A, 0x8D8A, 0x8D8A, 0x8D8B, 0x8D8B, 0x8D8C, 0x958C, 0x958D, 0x958E, 0x958E, 0x9D8F, 0x9D90, 0x9D90, 0x9D91, 0xA592, 0xA592,
    0xA593, 0xAD94, 0xAD94, 0xAD94, 0xB595, 0xB5B6, 0xB5B6, 0xB5B6, 0xB5B7, 0xADB7, 0xADB8, 0xADB8, 0xADB9, 0xADBA, 0xADDB, 0xADFC,
    0x8DAB, 0x8DAC, 0x8DAC, 0x8DAC, 0x8DAC, 0x95AD, 0x95AD, 0x95AE, 0x95AF, 0x95AF, 0x9DB0, 0x9DB0, 0x9DB1, 0xA5B1, 0xA592, 0xA5B3,
    0xA5B3, 0xADB4, 0xADB4, 0xADB5, 0xB5B5, 0xB5D6, 0xB5D6, 0xB5F6, 0xB5D7, 0xB5D7, 0xADD8, 0xADD8, 0xADD9, 0xADFA, 0xADFB, 0xAE1C,
    0x8DCD, 0x8DCD, 0x95CD, 0x95CD, 0x95CE, 0x95CE, 0x95CE, 0x95CF, 0x9DAF, 0x9DD0, 0x9DD0, 0x9DD1, 0x9DD1, 0xA5B2, 0xA5B2, 0xA5D3,
    0xADD3, 0xADD4, 0xADD4, 0xADD5, 0xB5D5, 0xB5F6, 0xB5F6, 0xB617, 0xB617, 0xB5F8, 0xB5F8, 0xAE18, 0xAE19, 0xAE1A, 0xAE3B, 0xAE3C,
    0x95CE, 0x95EE, 0x95EE, 0x95EF, 0x95EF, 0x95EF, 0x9DF0, 0x9DD0, 0x9DD0, 0x9DF1, 0x9DF1, 0xA5F2, 0xA5F2, 0xA5F2, 0xA5F3, 0xA5F3,
    0xADD4, 0xADD4, 0xADF5, 0xADF5, 0xB615, 0xB616, 0xB617, 0xB637, 0xB637, 0xB638, 0xB638, 0xB639, 0xAE39, 0xAE5A, 0xAE5B, 0xAE7C,
    0x9E0F, 0x9E10, 0x9E10, 0x9E10, 0x9E10, 0x9E10, 0x9E11, 0x9E11, 0xA611, 0xA612, 0xA612, 0xA612, 0xA613, 0xA613, 0xAE13, 0xAE14,
    0xAE14, 0xAE15, 0xB615, 0xB615, 0xB636, 0xB636, 0xBE37, 0xBE57, 0xBE58, 0xBE58, 0xBE79, 0xB679, 0xB67A, 0xB67A, 0xAE9B, 0xAE9C,
    0xA631, 0xA631, 0xA631, 0xA631, 0xA631, 0xA631, 0xA632, 0xA632, 0xA632, 0xA633, 0xA633, 0xAE33, 0xAE33, 0xAE34, 0xAE34, 0xAE34,
    0xAE35, 0xB635, 0xB655, 0xB656, 0xB656, 0xB656, 0xBE77, 0xBE77, 0xBE78, 0xBE98, 0xBE99, 0xB699, 0xB69A, 0xB69A, 0xB6BB, 0xAEDC,
    0xA652, 0xAE52, 0xAE52, 0xAE72, 0xAE72, 0xAE73, 0xAE73, 0xAE73, 0xAE73, 0xAE73, 0xAE74, 0xAE74, 0xAE74, 0xAE74, 0xB675, 0xB675,
    0xB675, 0xB675, 0xB675, 0xB676, 0xB696, 0xBE96, 0xBE97, 0xBEB8, 0xBEB8, 0xBEB9, 0xBEB9, 0xBED9, 0xBEDA, 0xB6DA, 0xB6FB, 0xB71C,
    0xAE93, 0xAE93, 0xAE93, 0xAE93, 0xB693, 0xB694, 0xB694, 0xB6B4, 0xB694, 0xB694, 0xB694, 0xB695, 0xB6B5, 0xB695, 0xB695, 0xB695,
    0xB6B5, 0xB6B6, 0xB6B6, 0xB6B6, 0xBEB7, 0xBED7, 0xBED7, 0xBED8, 0xBEF8, 0xBEF9, 0xBEF9, 0xBEFA, 0xBEFA, 0xBF1B, 0xB71B, 0xB73C,
    0xB6F4, 0xB6F4, 0xB6F4, 0xB6D4, 0xB6D4, 0xB6F5, 0xB6F5, 0xB6F5, 0xB6F5, 0xB6F5, 0xB6D5, 0xB6F5, 0xB6F5, 0xB6F5, 0xB6D6, 0xB6F6,
    0xB6F6, 0xB6F6, 0xB6F6, 0xBEF7, 0xBEF7, 0xBF17, 0xBF18, 0xBF18, 0xBF19, 0xC739, 0xC73A, 0xBF3A, 0xC73A, 0xBF3B, 0xBF5C, 0xB75C,
    0xA000, 0xA000, 0xA001, 0xA001, 0xA802, 0xA002, 0xA003, 0xA803, 0xA804, 0xA805, 0xA806, 0xB008, 0xB009, 0xB00B, 0xB00D, 0xB00E,
    0xB00F, 0xB031, 0xB072, 0xB8D3, 0xB954, 0xB9B5, 0xB216, 0xB256, 0xB277, 0xB2B7, 0xB2F8, 0xB338, 0xB379, 0xBBBA, 0xBBFA, 0xC45B,
    0xA020, 0xA000, 0xA000, 0xA801, 0xA802, 0xA002, 0xA003, 0xA804, 0xA804, 0xA805, 0xB006, 0xB008, 0xB00A, 0xB00B, 0xB00D, 0xB00E,
    0xB050, 0xB071, 0xB0B2, 0xB914, 0xB975, 0xB1D5, 0xB216, 0xB256, 0xB297, 0xB2B7, 0xB2F8, 0xB338, 0xB379, 0xBBBA, 0xBC1A, 0xC45B,
    0xA840, 0xA040, 0xA820, 0xA801, 0xA801, 0xA802, 0xA003, 0xA804, 0xA804, 0xA805, 0xB007, 0xB008, 0xB00A, 0xB00B, 0xB02D, 0xB06E,
    0xB090, 0xB0B1, 0xB0F2, 0xB934, 0xB995, 0xB1F5, 0xB236, 0xB276, 0xB297, 0xB2D7, 0xB318, 0xB338, 0xB379, 0xBBBA, 0xBC1B, 0xC45B,
    0xA880, 0xA880, 0xA860, 0xA841, 0xA821, 0xA822, 0xA803, 0xA804, 0xA804, 0xA805, 0xB007, 0xB008, 0xB00A, 0xB02B, 0xB08D, 0xB0AE,
    0xB0D0, 0xB0F1, 0xB132, 0xB974, 0xB9B4, 0xB215, 0xB256, 0xB296, 0xB2B7, 0xB2D7, 0xB318, 0xB358, 0xB399, 0xBBDA, 0xBC1B, 0xC45B,
    0xA8C0, 0xA8C0, 0xA8A0, 0xA8A1, 0xA881, 0xA862, 0xA843, 0xA824, 0xA805, 0xA805, 0xB007, 0xB008, 0xB02A, 0xB08B, 0xB0ED, 0xB10E,
    0xB130, 0xB151, 0xB172, 0xB994, 0xB9F4, 0xB235, 0xB276, 0xB2B6, 0xB2D7, 0xB2F7, 0xB338, 0xB379, 0xB399, 0xBBDA, 0xBC1A, 0xC47B,
    0xA900, 0xA900, 0xA8E0, 0xA8E0, 0xA8C1, 0xA8C2, 0xA8A3, 0xA884, 0xA865, 0xA806, 0xB007, 0xB028, 0xB08A, 0xB0EB, 0xB12D, 0xB14E,
    0xB170, 0xB191, 0xB1B2, 0xB9D3, 0xB214, 0xB255, 0xB296, 0xB2D6, 0xB2F6, 0xB317, 0xB358, 0xB378, 0xB3B9, 0xBBFA, 0xBC3A, 0xC47B,
    0xA940, 0xA940, 0xA940, 0xA920, 0xA921, 0xA902, 0xA903, 0xA8E4, 0xA8C5, 0xA8A6, 0xB067, 0xB088, 0xB0EA, 0xB14C, 0xB18D, 0xB1AE,
    0xB1B0, 0xB1D1, 0xB1F2, 0xBA34, 0xBA54, 0xB295, 0xB2D6, 0xB2F6, 0xB317, 0xB357, 0xB378, 0xB3B8, 0xB3D9, 0xBC1A, 0xBC3B, 0xC49B,
    0xA980, 0xA980, 0xA980, 0xA980, 0xA960, 0xA961, 0xA943, 0xA944, 0xA945, 0xA946, 0xB107, 0xB108, 0xB14A, 0xB1AC, 0xB1ED, 0xB20E,
    0xB210, 0xB231, 0xB253, 0xB274, 0xBAB4, 0xB2D5, 0xB316, 0xB336, 0xB357, 0xB377, 0xB398, 0xB3D8, 0xB3F9, 0xBC3A, 0xBC5A, 0xC49B,
    0xB1C0, 0xB1C0, 0xB1C0, 0xB1C0, 0xB1C0, 0xB1A1, 0xB1A2, 0xB1A4, 0xB1A5, 0xB1A6, 0xB187, 0xB189, 0xB1AA, 0xB1EC, 0xB22D, 0xB24F,
    0xB270, 0xB271, 0xB293, 0xB2B4, 0xB2F4, 0xB315, 0xB336, 0xB356, 0xB377, 0xB397, 0xB3B8, 0xB3F8, 0xB419, 0xBC3A, 0xBC7A, 0xC4BB,
    0xB220, 0xB220, 0xB220, 0xB200, 0xB200, 0xB201, 0xB1E2, 0xB1E4, 0xB205, 0xB206, 0xB208, 0xB1E9, 0xB1EA, 0xB22C, 0xB28E, 0xB2AF,
    0xB2B0, 0xB2D1, 0xB2D3, 0xB2F4, 0xB334, 0xB355, 0xB376, 0xB396, 0xB3B7, 0xB3D7, 0xB3F8, 0xB418, 0xB439, 0xBC5A, 0xBC7A, 0xC4BB,
    0xB260, 0xB260, 0xB260, 0xB260, 0xB260, 0xB240, 0xB242, 0xB243, 0xB245, 0xB246, 0xB248, 0xB269, 0xB26B, 0xB28C, 0xB2AE, 0xB2EF,
    0xB310, 0xB311, 0xB333, 0xB354, 0xB374, 0xB395, 0xB3B5, 0xB3D6, 0xB3D7, 0xB3F7, 0xB418, 0xB438, 0xB459, 0xBC7A, 0xBC9A, 0xC4BB,
    0xB2C0, 0xB2C0, 0xB2A0, 0xB2A0, 0xB2A0, 0xBAA0, 0xBAA1, 0xB2A3, 0xB2A5, 0xB2A6, 0xB2A8, 0xB2A9, 0xB2CB, 0xB2CC, 0xB2EE, 0xB32F,
    0xB351, 0xB372, 0xB373, 0xB394, 0xB3B4, 0xB3D5, 0xB3F6, 0xB3F6, 0xB416, 0xB417, 0xB438, 0xB458, 0xB479, 0xBC9A, 0xBCBA, 0xC4DB,
    0xB320, 0xB320, 0xB300, 0xB300, 0xB300, 0xBB00, 0xBB01, 0xB2E3, 0xB2E5, 0xB2E6, 0xB308, 0xB309, 0xB30B, 0xB32C, 0xB32E, 0xB36F,
    0xB3B1, 0xB3B2, 0xB3D3, 0xB3D4, 0xB3F4, 0xB415, 0xB416, 0xB436, 0xB436, 0xB457, 0xB458, 0xB478, 0xB499, 0xBC9A, 0xBCBA, 0xC4FB,
    0xB380, 0xB380, 0xB380, 0xB380, 0xB360, 0xB360, 0xB361, 0xBB43, 0xBB45, 0xBB46, 0xBB48, 0xB34A, 0xB36B, 0xB36D, 0xB38E, 0xB3B0,
    0xB3F1, 0xB3F2, 0xB413, 0xB414, 0xB434, 0xB435, 0xB456, 0xB476, 0xB477, 0xB477, 0xB498, 0xB499, 0xBCB9, 0xBCDA, 0xBCFA, 0xC51B,
    0xB3E0, 0xB3E0, 0xB3E0, 0xB3E0, 0xB3C0, 0xB3C0, 0xB3C1, 0xB3C3, 0xB3C5, 0xB3C7, 0xB3A8, 0xB3AA, 0xB3CB, 0xB3CD, 0xB3EE, 0xB3F0,
    0xB411, 0xB432, 0xB453, 0xB454, 0xB454, 0xB475, 0xB496, 0xB496, 0xB497, 0xB497, 0xB4B8, 0xB4B9, 0xBCD9, 0xBCDA, 0xBCFB, 0xC51B,
    0xB420, 0xB440, 0xB440, 0xB420, 0xB420, 0xB420, 0xB422, 0xB424, 0xB426, 0xB427, 0xB429, 0xB42A, 0xB40C, 0xB42D, 0xB42F, 0xB430,
    0xB451, 0xB472, 0xB473, 0xB494, 0xB495, 0xB495, 0xB4B6, 0xB4B6, 0xB4B7, 0xB4B7, 0xB4D8, 0xB4D8, 0xBCD9, 0xBCFA, 0xBD1B, 0xC53B,
    0xAC80, 0xB480, 0xB480, 0xB480, 0xB480, 0xB482, 0xB484, 0xB485, 0xB487, 0xB488, 0xB48A, 0xB46B, 0xB46C, 0xB46E, 0xB46F, 0xB470,
    0xB471, 0xB492, 0xB4B3, 0xB4B4, 0xB4B5, 0xB4D5, 0xB4D6, 0xB4D6, 0xB4D7, 0xB4D7, 0xB4F8, 0xB4F8, 0xBCF9, 0xBD1A, 0xBD1A, 0xC53B,
    0xACC0, 0xACC0, 0xACC0, 0xACC0, 0xACC1, 0xACC3, 0xACC5, 0xACC6, 0xB4C8, 0xB4C9, 0xB4CA, 0xB4CC, 0xB4CD, 0xB4CE, 0xB4AF, 0xB4D0,
    0xB4B1, 0xB4B2, 0xB4D3, 0xB4D4, 0xB4F5, 0xB4F5, 0xB4F6, 0xB4F6, 0xB4F7, 0xB4F7, 0xB4F8, 0xB518, 0xB519, 0xBD1A, 0xBD3B, 0xC55C,
    0xA4E0, 0xA4E1, 0xA4E1, 0xA4E2, 0xA4E4, 0xA4E5, 0xA4E6, 0xACE7, 0xACE9, 0xACEA, 0xACEB, 0xACED, 0xACEE, 0xACEF, 0xB4F0, 0xB4F1,
    0xB4F2, 0xB4F2, 0xB4F3, 0xB514, 0xB514, 0xB515, 0xB516, 0xB516, 0xB516, 0xB517, 0xB518, 0xB538, 0xB539, 0xB53A, 0xBD5B, 0xBD5C,
    0x9D03, 0x9D03, 0x9D04, 0x9D04, 0x9D05, 0xA506, 0xA507, 0xA508, 0xA509, 0xA50B, 0xA50C, 0xA50D, 0xAD0E, 0xAD0F, 0xAD10, 0xAD31,
    0xAD32, 0xB533, 0xB534, 0xB534, 0xB535, 0xB535, 0xB536, 0xB536, 0xB536, 0xB537, 0xB538, 0xB538, 0xB559, 0xB55A, 0xBD5B, 0xBD7C,
    0x9525, 0x9D25, 0x9D26, 0x9D26, 0x9D27, 0x9D27, 0x9D28, 0x9D29, 0x9D2A, 0xA52B, 0xA52C, 0xA52E, 0xA52F, 0xA530, 0xAD31, 0xAD51,
    0xAD52, 0xAD53, 0xB554, 0xB554, 0xB555, 0xB555, 0xB556, 0xB556, 0xB557, 0xB557, 0xB558, 0xB558, 0xB559, 0xB55A, 0xB57B, 0xBD9C,
    0x9546, 0x9547, 0x9547, 0x9548, 0x9D48, 0x9549, 0x9D49, 0x9D4A, 0x9D4B, 0x9D4C, 0x9D4D, 0xA54E, 0xA54F, 0xA550, 0xA551, 0xAD52,
    0xAD52, 0xAD53, 0xAD54, 0xB574, 0xB575, 0xB575, 0xB576, 0xB576, 0xB577, 0xB577, 0xB578, 0xB578, 0xB579, 0xB57A, 0xB59B, 0xBD9C,
    0x9568, 0x9568, 0x9569, 0x9569, 0x9D6A, 0x956A, 0x956B, 0x9D6C, 0x9D6D, 0x9D6D, 0x9D6E, 0x9D6F, 0xA570, 0xA571, 0xA571, 0xA572,
    0xAD73, 0xAD73, 0xAD74, 0xB574, 0xB595, 0xB595, 0xB596, 0xB596, 0xB597, 0xB597, 0xB598, 0xB598, 0xB599, 0xB59A, 0xB5BB, 0xB5BC,
    0x958A, 0x958A, 0x958A, 0x958B, 0x958B, 0x958C, 0x958C, 0x9D8D, 0x9D8D, 0x9D8E, 0x9D8F, 0xA590, 0xA590, 0xA591, 0xA592, 0xAD92,
    0xAD93, 0xAD93, 0xAD94, 0xAD94, 0xB595, 0xB5B6, 0xB5B6, 0xB5B6, 0xB5B7, 0xB5B7, 0xB5B8, 0xADB8, 0xADB9, 0xADBA, 0xB5DB, 0xB5DC,
    0x95AB, 0x95AB, 0x95AC, 0x95AC, 0x95AC, 0x95AD, 0x9DAD, 0x9DAE, 0x9DAE, 0x9DAF, 0x9DB0, 0xA5B0, 0xA5B1, 0xA5B1, 0xA5B2, 0xADB3,
    0xADB3, 0xADB4, 0xADB4, 0xADB5, 0xB5B5, 0xB5D6, 0xB5D6, 0xB5D7, 0xB5D7, 0xB5D7, 0xB5D8, 0xB5D8, 0xADD9, 0xADFA, 0xADFB, 0xB61C,
    0x95CD, 0x95CD, 0x95CD, 0x95CD, 0x95CE, 0x9DCE, 0x9DCE, 0x9DCF, 0x9DCF, 0x9DD0, 0xA5D0, 0xA5D1, 0xA5D1, 0xA5D2, 0xA5D2, 0xADD3,
    0xADD3, 0xADD4, 0xADD4, 0xB5D5, 0xB5D5, 0xB5F6, 0xBDF6, 0xBDF7, 0xBE17, 0xB5F8, 0xB5F8, 0xB619, 0xB619, 0xAE1A, 0xAE1B, 0xAE3C,
    0x9DEE, 0x9DEE, 0x9DEE, 0x9DEF, 0x9DEF, 0x9DEF, 0x9DEF, 0x9DF0, 0xA5F0, 0xA5F1, 0xA5F1, 0xA5F2, 0xA5F2, 0xADF2, 0xADF3, 0xADF3,
    0xADF4, 0xADD4, 0xB5F5, 0xB5F5, 0xB5F5, 0xB616, 0xBE17, 0xBE37, 0xBE37, 0xBE38, 0xB638, 0xB639, 0xB639, 0xB63A, 0xAE5B, 0xAE7C,
    0x9E0F, 0x9E10, 0x9E10, 0x9E10, 0xA610, 0xA610, 0xA611, 0xA611, 0xA611, 0xA612, 0xA612, 0xAE12, 0xAE13, 0xAE13, 0xAE13, 0xAE14,
    0xAE14, 0xB615, 0xB615, 0xB615, 0xB616, 0xB636, 0xBE37, 0xBE57, 0xBE58, 0xBE58, 0xBE79, 0xBE79, 0xB67A, 0xB67A, 0xB67B, 0xB69C,
    0xA631, 0xA631, 0xA631, 0xA631, 0xA631, 0xA631, 0xAE32, 0xAE32, 0xAE32, 0xAE32, 0xAE33, 0xAE33, 0xAE33, 0xAE34, 0xAE34, 0xAE34,
    0xB635, 0xB635, 0xB655, 0xB655, 0xB656, 0xB656, 0xBE77, 0xBE77, 0xBE78, 0xBE98, 0xBE99, 0xBE99, 0xBE9A, 0xB69A, 0xB6BB, 0xB6DC,
    0xAE72, 0xAE72, 0xAE72, 0xAE72, 0xAE72, 0xAE72, 0xAE73, 0xAE73, 0xB673, 0xAE73, 0xB674, 0xB674, 0xB674, 0xB674, 0xB674, 0xB675,
    0xB675, 0xB675, 0xB675, 0xB676, 0xB676, 0xBE96, 0xBE97, 0xBE97, 0xBEB8, 0xC6B9, 0xC6D9, 0xBED9, 0xBEDA, 0xBEDB, 0xB6FB, 0xB6FC,
    0xB6B3, 0xB6B3, 0xB6B3, 0xB6B3, 0xB6B3, 0xB6B4, 0xB6B4, 0xB6B4, 0xB6B4, 0xB6B4, 0xB6B4, 0xB6B5, 0xB6B5, 0xB6B5, 0xB6B5, 0xB6B5,
    0xB6B5, 0xB6B6, 0xB6B6, 0xBEB6, 0xBEB7, 0xBED7, 0xBED7, 0xBED8, 0xC6D8, 0xC6F9, 0xC6F9, 0xC6FA, 0xBEFA, 0xBF1B, 0xBF1B, 0xBF3C,
    0xB6F4, 0xBEF4, 0xBEF4, 0xB6F4, 0xB6F4, 0xB6F5, 0xB6F5, 0xB6F5, 0xB6F5, 0xB6F5, 0xBEF5, 0xBEF5, 0xBEF5, 0xBEF5, 0xBEF6, 0xBEF6,
    0xBEF6, 0xBEF6, 0xBEF6, 0xBEF7, 0xBEF7, 0xBF17, 0xBF18, 0xBF18, 0xC719, 0xC719, 0xC73A, 0xC73A, 0xC73B, 0xC73B, 0xBF5C, 0xBF5D,
    0xB000, 0xB000, 0xB000, 0xB001, 0xB001, 0xB002, 0xB003, 0xB003, 0xB004, 0xB005, 0xB006, 0xB808, 0xB809, 0xB80B, 0xB80D, 0xB80E,
    0xB82F, 0xB871, 0xB8B2, 0xC0F3, 0xC154, 0xB9B5, 0xBA16, 0xBA76, 0xBAB7, 0xBAD7, 0xBB18, 0xBB58, 0xBB99, 0xBBDA, 0xC41A, 0xCC5B,
    0xB000, 0xB000, 0xB000, 0xB001, 0xB001, 0xB002, 0xB003, 0xB004, 0xB004, 0xB005, 0xB806, 0xB808, 0xB809, 0xB80B, 0xB80D, 0xB84E,
    0xB86F, 0xB8B1, 0xB8D2, 0xB913, 0xB974, 0xB9D5, 0xBA36, 0xBA76, 0xBAB7, 0xBAF7, 0xBB18, 0xBB58, 0xBB99, 0xBBDA, 0xC41A, 0xCC5B,
    0xB040, 0xB020, 0xB020, 0xB001, 0xB001, 0xB002, 0xB003, 0xB004, 0xB004, 0xB005, 0xB806, 0xB808, 0xB809, 0xB80B, 0xB84D, 0xB88E,
    0xB8AF, 0xB8F1, 0xB912, 0xB933, 0xB994, 0xB9F5, 0xBA36, 0xBA96, 0xBAB7, 0xBAF7, 0xBB38, 0xBB58, 0xBB99, 0xBBDA, 0xC41B, 0xCC7B,
    0xB080, 0xB060, 0xB060, 0xB040, 0xB021, 0xB002, 0xB003, 0xB004, 0xB005, 0xB005, 0xB806, 0xB808, 0xB809, 0xB82B, 0xB88D, 0xB8CE,
    0xB90F, 0xB911, 0xB952, 0xB973, 0xB9B4, 0xBA15, 0xBA56, 0xBA96, 0xBAD7, 0xBB17, 0xBB38, 0xBB78, 0xBBB9, 0xBBFA, 0xC43B, 0xCC7B,
    0xB0C0, 0xB0A0, 0xB0A0, 0xB080, 0xB081, 0xB062, 0xB023, 0xB004, 0xB005, 0xB005, 0xB806, 0xB808, 0xB809, 0xB86B, 0xB8ED, 0xB92E,
    0xB94F, 0xB971, 0xB992, 0xB9B3, 0xB9F4, 0xBA35, 0xBA76, 0xBAB6, 0xBAF7, 0xBB17, 0xBB58, 0xBB79, 0xBBB9, 0xBBFA, 0xC43A, 0xCC7B,
    0xB100, 0xB100, 0xB0E0, 0xB0E0, 0xB0C1, 0xB0C2, 0xB0A3, 0xB084, 0xB065, 0xB026, 0xB806, 0xB808, 0xB849, 0xB8CB, 0xB92D, 0xB96E,
    0xB990, 0xB9B1, 0xB9B2, 0xB9D3, 0xBA14, 0xBA55, 0xBA96, 0xBAD6, 0xBB17, 0xBB37, 0xBB78, 0xBB98, 0xBBD9, 0xBBFA, 0xC43A, 0xCC7B,
    0xB140, 0xB120, 0xB120, 0xB120, 0xB120, 0xB102, 0xB0E3, 0xB0E4, 0xB0E5, 0xB0C6, 0xB087, 0xB868, 0xB8A9, 0xB92B, 0xB98D, 0xB9CE,
    0xB9D0, 0xB9F1, 0xBA12, 0xBA33, 0xBA54, 0xBA95, 0xBAD6, 0xBB16, 0xBB37, 0xBB57, 0xBB98, 0xBBB8, 0xBBF9, 0xC41A, 0xC45B, 0xCC9B,
    0xB180, 0xB180, 0xB180, 0xB160, 0xB160, 0xB141, 0xB142, 0xB144, 0xB145, 0xB146, 0xB107, 0xB908, 0xB92A, 0xB98B, 0xB9ED, 0xBA0E,
    0xBA30, 0xBA51, 0xBA52, 0xBA73, 0xBAB4, 0xBAD5, 0xBB16, 0xBB36, 0xBB77, 0xBB97, 0xBBB8, 0xBBD8, 0xBC19, 0xC43A, 0xC47A, 0xCCBB,
    0xB9C0, 0xB9C0, 0xB9C0, 0xB9C0, 0xB9A0, 0xB9A1, 0xB9A2, 0xB9A3, 0xB185, 0xB1A6, 0xB187, 0xB988, 0xB98A, 0xB9CB, 0xBA2D, 0xBA6F,
    0xBA90, 0xBA91, 0xBAB2, 0xBAB3, 0xBAF4, 0xBB15, 0xBB36, 0xBB76, 0xBB97, 0xBBB7, 0xBBD8, 0xBBF8, 0xBC39, 0xC45A, 0xC47A, 0xCCBB,
    0xBA00, 0xBA00, 0xBA00, 0xBA00, 0xBA00, 0xBA00, 0xB9E2, 0xB9E3, 0xB9E5, 0xB9E6, 0xB9E7, 0xB9E9, 0xB9EA, 0xBA2C, 0xBA6D, 0xBAAF,
    0xBAD0, 0xBAD1, 0xBAF2, 0xBB13, 0xBB34, 0xBB55, 0xBB96, 0xBBB6, 0xBBB7, 0xBBD7, 0xBBF8, 0xBC18, 0xBC39, 0xC47A, 0xC49A, 0xCCBB,
    0xBA60, 0xBA60, 0xBA60, 0xBA60, 0xBA40, 0xBA40, 0xBA41, 0xBA43, 0xBA45, 0xBA46, 0xBA48, 0xBA69, 0xBA6A, 0xBA6C, 0xBAAD, 0xBAEF,
    0xBB10, 0xBB31, 0xBB32, 0xBB53, 0xBB74, 0xBB95, 0xBBB5, 0xBBD6, 0xBBF7, 0xBC17, 0xBC17, 0xBC38, 0xBC59, 0xC47A, 0xC4BA, 0xC4DB,
    0xBAA0, 0xBAA0, 0xBAA0, 0xBAA0, 0xBAA0, 0xBAA0, 0xBAA1, 0xBAA3, 0xBAA4, 0xBAA6, 0xBAA8, 0xBAA9, 0xBAAB, 0xBACC, 0xBAED, 0xBB2F,
    0xBB70, 0xB371, 0xB372, 0xBB93, 0xBBB4, 0xBBD5, 0xBBF6, 0xBC16, 0xBC17, 0xBC37, 0xBC58, 0xBC58, 0xBC79, 0xC49A, 0xC4BA, 0xC4DB,
    0xBB00, 0xBB00, 0xBB00, 0xBB00, 0xBAE0, 0xBAE0, 0xBAE1, 0xBAE3, 0xBAE4, 0xBAE6, 0xBAE8, 0xBB09, 0xBB0B, 0xBB2C, 0xBB2E, 0xBB6F,
    0xBBB0, 0xB3D2, 0xB3D2, 0xB3D3, 0xBBF4, 0xBC15, 0xBC16, 0xBC36, 0xBC57, 0xBC57, 0xBC78, 0xBC78, 0xBC99, 0xC4BA, 0xC4DA, 0xCCFB,
    0xBB60, 0xBB60, 0xBB60, 0xBB60, 0xBB60, 0xBB40, 0xBB41, 0xC343, 0xC325, 0xBB46, 0xBB48, 0xBB49, 0xBB4B, 0xBB6C, 0xB38E, 0xB3AF,
    0xB3D1, 0xB412, 0xB412, 0xB434, 0xB434, 0xBC55, 0xBC76, 0xBC76, 0xBC77, 0xBC97, 0xBC98, 0xBC99, 0xBCB9, 0xC4DA, 0xC4FB, 0xCD1B,
    0xBBC0, 0xBBC0, 0xBBC0, 0xBBC0, 0xBBC0, 0xBBA0, 0xBBA1, 0xBBA3, 0xBBA5, 0xBBA6, 0xBBA8, 0xBBAA, 0xBBAB, 0xBBCD, 0xB3CE, 0xB3EF,
    0xB411, 0xB432, 0xB453, 0xB454, 0xB474, 0xBC75, 0xBC96, 0xBC96, 0xBC97, 0xBCB7, 0xBCB8, 0xBCB9, 0xBCD9, 0xC4FA, 0xC4FB, 0xCD1B,
    0xBC20, 0xBC20, 0xBC20, 0xBC20, 0xBC20, 0xBC00, 0xBC22, 0xBC04, 0xBC05, 0xBC07, 0xBC08, 0xBC0A, 0xBC0C, 0xBC0D, 0xBC2E, 0xB430,
    0xB431, 0xB452, 0xB493, 0xB494, 0xB494, 0xBCB5, 0xBCB6, 0xBCB6, 0xBCB7, 0xBCD7, 0xBCD8, 0xBCD8, 0xBCF9, 0xC4FA, 0xC51B, 0xC53B,
    0xB480, 0xBC80, 0xBC80, 0xBC80, 0xBC60, 0xBC61, 0xBC63, 0xBC65, 0xBC66, 0xBC68, 0xBC69, 0xBC6B, 0xBC6C, 0xBC6D, 0xBC6F, 0xB470,
    0xB471, 0xB492, 0xB4B3, 0xB4B4, 0xB4B5, 0xB4D5, 0xBCD6, 0xBCD6, 0xB4F6, 0xBCF7, 0xBCF8, 0xBCF8, 0xBCF9, 0xBD1A, 0xC51B, 0xC53B,
    0xB4C0, 0xB4C0, 0xB4C0, 0xB4C0, 0xB4C1, 0xB4C2, 0xB4C4, 0xBCC6, 0xBCA7, 0xBCA9, 0xBCAA, 0xBCAB, 0xBCAD, 0xBCAE, 0xB4AF, 0xB4B0,
    0xB4B1, 0xB4B2, 0xB4D3, 0xB4D4, 0xB4F4, 0xB4F5, 0xB4F6, 0xBCF6, 0xBCF7, 0xB517, 0xBD18, 0xBD18, 0xBD19, 0xBD3A, 0xC53B, 0xC55C,
    0xB4E0, 0xB4E0, 0xB4E1, 0xB4E2, 0xB503, 0xB4E4, 0xB4E6, 0xB4E7, 0xB4E8, 0xB4EA, 0xB4EB, 0xB4EC, 0xB4ED, 0xB4EE, 0xB4F0, 0xB4F1,
    0xB4F1, 0xB4F2, 0xB4F3, 0xB4F4, 0xB514, 0xB515, 0xB516, 0xBD16, 0xB517, 0xB517, 0xBD18, 0xBD38, 0xBD39, 0xBD3A, 0xBD5B, 0xC55C,
    0xAD02, 0xAD02, 0xAD03, 0xAD04, 0xAD05, 0xAD06, 0xAD07, 0xAD08, 0xAD09, 0xB50A, 0xB52C, 0xB50D, 0xB50E, 0xB50F, 0xB530, 0xB531,
    0xB532, 0xB532, 0xB533, 0xB534, 0xB535, 0xB535, 0xB536, 0xB536, 0xB537, 0xB557, 0xBD58, 0xBD58, 0xBD59, 0xBD5A, 0xBD5B, 0xC57C,
    0xA524, 0xA524, 0xA525, 0xA526, 0xA526, 0xA527, 0xA528, 0xAD29, 0xAD2A, 0xAD2B, 0xAD2C, 0xAD2D, 0xAD4F, 0xAD50, 0xB551, 0xB551,
    0xB552, 0xB553, 0xB554, 0xB554, 0xB555, 0xB555, 0xBD56, 0xB556, 0xB557, 0xB557, 0xBD58, 0xBD58, 0xBD59, 0xBD7A, 0xBD7B, 0xC59C,
    0x9D46, 0xA546, 0xA547, 0xA547, 0xA548, 0xA549, 0xA549, 0xA54A, 0xA54B, 0xA54C, 0xAD4D, 0xAD4E, 0xAD4F, 0xAD50, 0xAD51, 0xAD52,
    0xB572, 0xB573, 0xB574, 0xB574, 0xB575, 0xB575, 0xB576, 0xB576, 0xB577, 0xB577, 0xB578, 0xB578, 0xBD79, 0xBD7A, 0xBD9B, 0xBD9C,
    0x9D68, 0x9D68, 0x9D68, 0x9D69, 0xA569, 0x9D6A, 0x9D6B, 0xA56B, 0xA56C, 0xA56D, 0xA56E, 0xA56F, 0xAD70, 0xAD71, 0xAD71, 0xAD72,
    0xAD92, 0xB573, 0xB574, 0xB574, 0xB595, 0xB596, 0xB596, 0xB596, 0xB597, 0xB597, 0xB598, 0xB598, 0xB599, 0xB59A, 0xB5BB, 0xBDBC,
    0x9D89, 0x9D8A, 0x9D8A, 0x9D8A, 0x9D8B, 0x9D8B, 0x9D8C, 0x9D8D, 0xA58D, 0xA58E, 0xA58F, 0xA590, 0xA590, 0xAD91, 0xAD92, 0xAD92,
    0xAD93, 0xAD93, 0xB594, 0xB594, 0xB595, 0xB5B6, 0xBDB6, 0xBDB6, 0xBDB7, 0xB5B7, 0xB5B8, 0xB5B8, 0xB5B9, 0xB5BA, 0xB5DB, 0xBDDC,
    0x9DAB, 0x9DAB, 0x9DAC, 0x9DAC, 0x9DAC, 0x9DAD, 0x9DAD, 0xA5AE, 0xA5AE, 0xA5AF, 0xA5B0, 0xA5B0, 0xADB1, 0xADB1, 0xADB2, 0xADB3,
    0xADB3, 0xB5B4, 0xB5B4, 0xB5B5, 0xB5B5, 0xB5D6, 0xBDD6, 0xBDD6, 0xBDD7, 0xBDD7, 0xB5D8, 0xB5D8, 0xB5D9, 0xB5DA, 0xB5FB, 0xB5FC,
    0x9DCD, 0x9DCD, 0x9DCD, 0x9DCD, 0x9DCD, 0x9DCE, 0xA5CE, 0xA5CF, 0xA5CF, 0xA5D0, 0xA5D0, 0xADD1, 0xADD1, 0xADD2, 0xADD2, 0xADD3,
    0xADD3, 0xB5D4, 0xB5D4, 0xB5D5, 0xB5D5, 0xB5F6, 0xBDF6, 0xBDF7, 0xBDF7, 0xBE18, 0xBE18, 0xB5F9, 0xB5F9, 0xB61A, 0xB61B, 0xB63C,
    0x9DEE, 0x9DEE, 0x9DEE, 0x9DEE, 0x9DEF, 0xA5EF, 0xA5EF, 0xA5F0, 0xA5F0, 0xA5F1, 0xADF1, 0xADF2, 0xADF2, 0xADF2, 0xADF3, 0xADF3,
    0xADF4, 0xB5F4, 0xB5F5, 0xB5F5, 0xB5F5, 0xBE16, 0xBE16, 0xBE17, 0xC638, 0xBE38, 0xBE38, 0xBE39, 0xB63A, 0xB63A, 0xB65B, 0xB67C,
    0xA60F, 0xA60F, 0xA610, 0xA610, 0xA610, 0xA610, 0xA611, 0xA611, 0xAE11, 0xAE12, 0xAE12, 0xAE12, 0xAE13, 0xAE13, 0xAE13, 0xB614,
    0xB614, 0xB615, 0xB615, 0xB615, 0xB616, 0xBE36, 0xBE37, 0xBE57, 0xC658, 0xC658, 0xC679, 0xBE79, 0xBE7A, 0xB67A, 0xB67B, 0xB69C,
    0xAE31, 0xAE31, 0xAE51, 0xAE51, 0xAE51, 0xAE31, 0xAE31, 0xAE32, 0xAE32, 0xAE32, 0xAE33, 0xB653, 0xB653, 0xB633, 0xB654, 0xB634,
    0xB635, 0xB655, 0xB655, 0xB655, 0xB656, 0xBE56, 0xBE57, 0xBE77, 0xC678, 0xC698, 0xC699, 0xC699, 0xBE9A, 0xBE9A, 0xB6BB, 0xB6BC,
    0xAE72, 0xAE72, 0xAE72, 0xAE72, 0xB672, 0xB672, 0xB673, 0xB673, 0xB673, 0xB673, 0xB673, 0xB674, 0xB674, 0xB674, 0xB674, 0xB675,
    0xB675, 0xB675, 0xB676, 0xB676, 0xBE76, 0xBE96, 0xBE97, 0xBE97, 0xC6B8, 0xC6B8, 0xC6D9, 0xC6DA, 0xC6DA, 0xBEDB, 0xBEFB, 0xBEFC,
    0xB6B3, 0xB6B3, 0xB6B3, 0xB6B3, 0xB6B3, 0xB6B3, 0xB6B4, 0xB6B4, 0xB6B4, 0xB6B4, 0xB6B4, 0xB6B4, 0xB6B5, 0xBEB5, 0xBEB5, 0xBEB5,
    0xBEB5, 0xBEB6, 0xBEB6, 0xBEB6, 0xBEB7, 0xBEB7, 0xBED7, 0xC6D8, 0xC6D8, 0xC6F9, 0xC6F9, 0xC6FA, 0xC71A, 0xC71B, 0xBF1C, 0xBF3D,
    0xBEF5, 0xBEF4, 0xBEF4, 0xBEF4, 0xBEF4, 0xBEF5, 0xBEF5, 0xBEF5, 0xBEF5, 0xBEF5, 0xBEF5, 0xBEF5, 0xBEF5, 0xBEF5, 0xBEF6, 0xBEF6,
    0xBEF6, 0xBEF6, 0xBEF7, 0xBEF7, 0xBEF7, 0xBF17, 0xC718, 0xC718, 0xC719, 0xC719, 0xC73A, 0xC73A, 0xC73B, 0xC73B, 0xC75C, 0xBF7D,
    0xB000, 0xB800, 0xB800, 0xB800, 0xB801, 0xB802, 0xB803, 0xB803, 0xB804, 0xB805, 0xB806, 0xC007, 0xC009, 0xC00A, 0xC00C, 0xC02E,
    0xC06F, 0xC0B1, 0xC0F2, 0xC113, 0xC154, 0xC1B5, 0xC216, 0xC276, 0xC2B7, 0xC2F7, 0xC338, 0xC378, 0xC3B9, 0xC3FA, 0xCC3A, 0xCC7B,
    0xB800, 0xB800, 0xB800, 0xB800, 0xB801, 0xB802, 0xB803, 0xB804, 0xB804, 0xB805, 0xC006, 0xC007, 0xC009, 0xC00B, 0xC02D, 0xC06E,
    0xC0AF, 0xC0F0, 0xC112, 0xC133, 0xC174, 0xC1D5, 0xC236, 0xC296, 0xC2D7, 0xC317, 0xC358, 0xC378, 0xC3B9, 0xC3FA, 0xCC3A, 0xCC7B,
    0xB820, 0xB820, 0xB800, 0xB800, 0xB801, 0xB802, 0xB803, 0xB804, 0xB804, 0xB805, 0xC006, 0xC007, 0xC009, 0xC00B, 0xC06D, 0xC0AE,
    0xC0EF, 0xC110, 0xC131, 0xC153, 0xC194, 0xC1F5, 0xC236, 0xC296, 0xC2D7, 0xC317, 0xC358, 0xC379, 0xC3B9, 0xC3FA, 0xCC3B, 0xCC7B,
    0xB860, 0xB860, 0xB840, 0xB820, 0xB801, 0xB802, 0xB803, 0xB804, 0xB804, 0xB805, 0xC006, 0xC008, 0xC009, 0xC00B, 0xC0AD, 0xC10E,
    0xC12F, 0xC151, 0xC171, 0xC193, 0xC1B4, 0xC215, 0xC256, 0xC2B6, 0xC2F7, 0xC317, 0xC358, 0xC399, 0xC3B9, 0xC3FA, 0xCC3B, 0xCC7B,
    0xB8A0, 0xB8A0, 0xB8A0, 0xB880, 0xB861, 0xB842, 0xB823, 0xB804, 0xB805, 0xB805, 0xC006, 0xC008, 0xC009, 0xC02B, 0xC0EC, 0xC14E,
    0xC16F, 0xC190, 0xC1B2, 0xC1B3, 0xC1F4, 0xC235, 0xC276, 0xC2B6, 0xC2F7, 0xC337, 0xC378, 0xC398, 0xC3D9, 0xC41A, 0xC45A, 0xCC7B,
    0xB900, 0xB8E0, 0xB8E0, 0xB8E0, 0xB8C1, 0xB8C2, 0xB8A2, 0xB884, 0xB864, 0xB866, 0xC006, 0xC008, 0xC029, 0xC0AB, 0xC12D, 0xC18E,
    0xC1AF, 0xC1D0, 0xB9F1, 0xC1F3, 0xC214, 0xC255, 0xC2B6, 0xC2F6, 0xC317, 0xC357, 0xC398, 0xC3B8, 0xC3D9, 0xC41A, 0xC45A, 0xCC9B,
    0xB940, 0xB920, 0xB920, 0xB920, 0xB900, 0xB902, 0xB8E2, 0xB8E3, 0xB8E5, 0xB8E6, 0xB887, 0xC068, 0xC089, 0xC10B, 0xC18D, 0xC1CE,
    0xC1EF, 0xC211, 0xBA32, 0xC233, 0xC274, 0xC295, 0xC2D6, 0xC316, 0xC357, 0xC377, 0xC3B8, 0xC3D8, 0xC3F9, 0xC43A, 0xC45A, 0xCC9B,
    0xB980, 0xB980, 0xB980, 0xC160, 0xC160, 0xB941, 0xB942, 0xB943, 0xB945, 0xB946, 0xB927, 0xC0E8, 0xC109, 0xC16B, 0xC1CD, 0xC22E,
    0xC250, 0xC251, 0xBA72, 0xC293, 0xC2B4, 0xC2D5, 0xC316, 0xC356, 0xC377, 0xC3B7, 0xC3D8, 0xC3F8, 0xC419, 0xC45A, 0xCC7A, 0xCCBB,
    0xC1C0, 0xC1C0, 0xC1C0, 0xC1C0, 0xC1A0, 0xC1A0, 0xC1A2, 0xC1A3, 0xC184, 0xB9A6, 0xB9A7, 0xC188, 0xC189, 0xC1CB, 0xC20D, 0xC26E,
    0xC290, 0xC2B1, 0xC2B2, 0xC2D3, 0xC2F4, 0xC315, 0xC336, 0xC376, 0xC3B7, 0xC3D7, 0xC3F8, 0xC418, 0xC439, 0xC45A, 0xCC9A, 0xCCBB,
    0xC200, 0xC200, 0xC200, 0xC200, 0xC200, 0xC200, 0xC201, 0xC1E3, 0xC1E4, 0xC1E6, 0xC207, 0xC1E9, 0xC1EA, 0xC20B, 0xC26D, 0xC2AF,
    0xC2F0, 0xC2F1, 0xC312, 0xBB13, 0xBB34, 0xC355, 0xBB76, 0xC3B6, 0xC3D7, 0xC3F7, 0xC418, 0xC438, 0xC459, 0xC47A, 0xCC9A, 0xCCDB,
    0xC260, 0xC260, 0xC260, 0xC240, 0xC240, 0xC240, 0xC241, 0xC243, 0xC244, 0xC246, 0xC248, 0xC269, 0xC26A, 0xC26B, 0xC2AD, 0xC2EF,
    0xC330, 0xC351, 0xBB52, 0xBB53, 0xBB74, 0xC395, 0xC3B6, 0xBBD6, 0xBBF7, 0xC417, 0xC438, 0xC458, 0xC479, 0xC49A, 0xCCBA, 0xCCDB,
    0xC2A0, 0xC2A0, 0xC2A0, 0xC2A0, 0xC280, 0xC2A0, 0xC281, 0xC283, 0xC284, 0xC286, 0xC2A8, 0xC2A9, 0xBAAA, 0xBACC, 0xC2CD, 0xC32F,
    0xBB70, 0xBB91, 0xBB92, 0xBB93, 0xBBB4, 0xBBD5, 0xC3F6, 0xBC16, 0xBC37, 0xBC57, 0xC458, 0xC478, 0xC479, 0xC49A, 0xCCBA, 0xCCFB,
    0xC300, 0xC2E0, 0xC2E0, 0xC2E0, 0xC2E0, 0xC2E0, 0xC2E1, 0xC2E3, 0xC2E4, 0xC2E6, 0xC2E7, 0xC2E9, 0xC30B, 0xBB2C, 0xBB2D, 0xBB4F,
    0xBB90, 0xBBD1, 0xBBD2, 0xBBD3, 0xBBF4, 0xBC15, 0xBC16, 0xBC36, 0xBC57, 0xBC77, 0xBC78, 0xC498, 0xC499, 0xC4BA, 0xCCDA, 0xCCFB,
    0xC340, 0xC340, 0xC340, 0xC340, 0xC340, 0xC320, 0xC321, 0xC322, 0xC324, 0xC326, 0xC348, 0xC349, 0xC34B, 0xBB6C, 0xBB8E, 0xBB8F,
    0xBBD0, 0xBC11, 0xBC13, 0xBC34, 0xBC34, 0xBC55, 0xBC56, 0xBC76, 0xBC97, 0xBC97, 0xC4B8, 0xC4B9, 0xC4D9, 0xC4DA, 0xCCFA, 0xCD1B,
    0xC3A0, 0xC3A0, 0xC3A0, 0xC3A0, 0xC3A0, 0xC3A0, 0xC3A1, 0xC3A3, 0xC384, 0xC386, 0xC388, 0xC389, 0xC3AB, 0xBBAC, 0xBBCE, 0xBBCF,
    0xBBF0, 0xBC32, 0xBC53, 0xBC73, 0xBC74, 0xBC75, 0xBC96, 0xBC96, 0xBCB7, 0xBCB7, 0xC4D8, 0xC4D9, 0xC4D9, 0xC4FA, 0xCD1B, 0xCD1B,
    0xC400, 0xC400, 0xC400, 0xC400, 0xC400, 0xC400, 0xC401, 0xC403, 0xC405, 0xC3E7, 0xC3E8, 0xC3EA, 0xC3EB, 0xC40D, 0xBC0E, 0xBC0F,
    0xBC31, 0xBC51, 0xBC93, 0xBC94, 0xBC94, 0xBC95, 0xBCB6, 0xBCB6, 0xBCD7, 0xBCD7, 0xBCD8, 0xC4F8, 0xC4F9, 0xC51A, 0xCD1B, 0xCD3C,
    0xBC60, 0xBC60, 0xC460, 0xC460, 0xC460, 0xC460, 0xC462, 0xC464, 0xC446, 0xC447, 0xC449, 0xC44A, 0xC44C, 0xC44D, 0xBC4E, 0xBC50,
    0xBC71, 0xBC72, 0xBC93, 0xBCB4, 0xBCB5, 0xBCD5, 0xBCD6, 0xBCD6, 0xBCF7, 0xBCF7, 0xBCF8, 0xC518, 0xC519, 0xC51A, 0xCD3B, 0xCD5B,
    0xBCC0, 0xBCA0, 0xBCA0, 0xBCA0, 0xBCA0, 0xC4A2, 0xC4A4, 0xC4A5, 0xBCA7, 0xBCA8, 0xC4AA, 0xC4AB, 0xC4AC, 0xBC8D, 0xBC8F, 0xBC90,
    0xBC91, 0xBCB2, 0xBCB3, 0xBCD4, 0xBCF5, 0xBCF5, 0xBCF6, 0xBCF6, 0xBD17, 0xBD17, 0xBD18, 0xC518, 0xC519, 0xC53A, 0xC53B, 0xCD5B,
    0xBD00, 0xBCE0, 0xBCE0, 0xBCE1, 0xBD02, 0xBCE4, 0xBCE5, 0xBCE7, 0xBCE8, 0xBCE9, 0xBCEB, 0xBCEC, 0xBCED, 0xBCEE, 0xBCCF, 0xBCD0,
    0xBCD1, 0xBCD2, 0xBCF3, 0xBCF4, 0xBD14, 0xBD15, 0xBD16, 0xBD16, 0xBD37, 0xBD37, 0xBD38, 0xBD38, 0xBD39, 0xC53A, 0xC55B, 0xC55C,
    0xB521, 0xB502, 0xB502, 0xB523, 0xB524, 0xB525, 0xBD27, 0xBD28, 0xBD29, 0xBD2A, 0xBD2C, 0xBD2D, 0xBD2E, 0xBD2F, 0xBD30, 0xBD11,
    0xBD11, 0xBD32, 0xBD13, 0xBD14, 0xBD35, 0xBD35, 0xBD56, 0xBD36, 0xBD57, 0xBD57, 0xBD58, 0xBD58, 0xC559, 0xC55A, 0xC57B, 0xC57C,
    0xB543, 0xB524, 0xB525, 0xB545, 0xB526, 0xB527, 0xB548, 0xB549, 0xB54A, 0xB54B, 0xB54C, 0xB54D, 0xB54F, 0xB550, 0xB551, 0xBD51,
    0xBD52, 0xBD53, 0xBD54, 0xBD54, 0xBD55, 0xBD55, 0xBD56, 0xBD56, 0xBD57, 0xBD57, 0xBD58, 0xBD78, 0xBD79, 0xC57A, 0xC57B, 0xC59C,
    0xAD45, 0xAD46, 0xAD47, 0xAD47, 0xAD48, 0xAD48, 0xAD49, 0xAD4A, 0xAD4B, 0xB54C, 0xB54D, 0xB56E, 0xB56F, 0xB570, 0xB571, 0xB572,
    0xB572, 0xBD73, 0xBD74, 0xBD74, 0xBD75, 0xBD75, 0xBD76, 0xBD76, 0xBD77, 0xBD77, 0xBD78, 0xBD78, 0xBD79, 0xBD9A, 0xC59B, 0xC5BC,
    0xA567, 0xA568, 0xA568, 0xA569, 0xAD69, 0xAD6A, 0xAD6B, 0xAD6B, 0xAD6C, 0xAD6D, 0xAD8E, 0xAD8F, 0xB570, 0xB571, 0xB571, 0xB592,
    0xB592, 0xB593, 0xBD74, 0xBD94, 0xBD95, 0xBD96, 0xBDB6, 0xBD97, 0xBD97, 0xBD97, 0xBD98, 0xBD98, 0xBD99, 0xBDBA, 0xBDBB, 0xC5BC,
    0xA589, 0xA58A, 0xA58A, 0xA58A, 0xA5AB, 0xA58B, 0xA58C, 0xA58D, 0xAD8D, 0xAD8E, 0xADAF, 0xADB0, 0xAD90, 0xAD91, 0xB592, 0xB592,
    0xB593, 0xB593, 0xB594, 0xB595, 0xBDB5, 0xBDB5, 0xBDB6, 0xBDB6, 0xBDB7, 0xBDB7, 0xBDB8, 0xBDB8, 0xBDB9, 0xBDBA, 0xBDDB, 0xBDDC,
    0xA5AB, 0xA5AB, 0xA5AB, 0xA5AB, 0xA5AC, 0xA5AC, 0xA5AD, 0xA5AD, 0xA5AE, 0xADAF, 0xADB0, 0xADB0, 0xADB1, 0xADB1, 0xB5B2, 0xB5B2,
    0xB5B3, 0xB5B4, 0xB5B4, 0xB5B5, 0xB5B5, 0xBDD6, 0xBDD6, 0xBDD6, 0xBDD7, 0xBDD7, 0xBDD8, 0xBDD8, 0xBDD9, 0xBDDA, 0xBDFB, 0xBDFC,
    0xA5CC, 0xA5CD, 0xA5CD, 0xA5CD, 0xA5CD, 0xA5CD, 0xA5CE, 0xA5CE, 0xADCF, 0xADD0, 0xADD0, 0xADD1, 0xADD1, 0xADD2, 0xB5D2, 0xB5D3,
    0xB5D3, 0xB5D4, 0xB5D4, 0xB5D5, 0xB5D5, 0xBDD6, 0xBDF6, 0xBDF7, 0xBE17, 0xBE18, 0xBDF8, 0xBDF9, 0xBDF9, 0xB61A, 0xB61B, 0xBE3C,
    0xA5EE, 0xA5EE, 0xA5EE, 0xA5EE, 0xA5EF, 0xA5EF, 0xADEF, 0xADF0, 0xADF0, 0xADF1, 0xADF1, 0xADF2, 0xB5F2, 0xB5F2, 0xB5F3, 0xB5F3,
    0xB5F4, 0xB5F4, 0xB5F5, 0xB5F5, 0xBDF5, 0xBE16, 0xBE16, 0xBE37, 0xC637, 0xC638, 0xBE38, 0xBE39, 0xBE39, 0xBE3A, 0xB65B, 0xB65C,
    0xAE0F, 0xAE0F, 0xAE10, 0xAE30, 0xAE10, 0xAE10, 0xAE10, 0xAE11, 0xAE11, 0xAE31, 0xB612, 0xB612, 0xB613, 0xB613, 0xB613, 0xB614,
    0xB614, 0xB615, 0xB615, 0xBE15, 0xBE16, 0xBE16, 0xBE36, 0xBE57, 0xC657, 0xC658, 0xC679, 0xC679, 0xBE79, 0xBE7A, 0xBE7B, 0xB69C,
    0xAE51, 0xAE51, 0xAE51, 0xAE51, 0xAE51, 0xB651, 0xB651, 0xB652, 0xB652, 0xB652, 0xB652, 0xB653, 0xB653, 0xB653, 0xB654, 0xB654,
    0xB655, 0xBE55, 0xBE55, 0xBE55, 0xBE56, 0xBE56, 0xBE57, 0xBE77, 0xC678, 0xC698, 0xC699, 0xC6B9, 0xBE9A, 0xBEBA, 0xBEBB, 0xBEBC,
    0xB672, 0xB672, 0xB672, 0xB692, 0xB672, 0xB672, 0xB672, 0xB673, 0xB673, 0xB673, 0xB673, 0xB673, 0xB694, 0xB674, 0xB674, 0xBE75,
    0xBE75, 0xBE75, 0xBE76, 0xBE76, 0xBE76, 0xBE96, 0xBE97, 0xC697, 0xC6B8, 0xC6B9, 0xC6D9, 0xC6DA, 0xC6DA, 0xC6DB, 0xBEFB, 0xBEFC,
    0xB6B3, 0xB6B3, 0xB6B3, 0xB6B3, 0xB6B3, 0xB6B3, 0xBEB4, 0xBEB4, 0xBEB4, 0xBEB4, 0xBEB4, 0xBEB4, 0xBEB5, 0xBEB5, 0xBEB5, 0xBEB5,
    0xBEB5, 0xBEB6, 0xBEB6, 0xBEB6, 0xBEB7, 0xBEB7, 0xC6D7, 0xC6D8, 0xC6D8, 0xC6F9, 0xCEF9, 0xC6FA, 0xC6FA, 0xC71B, 0xC71C, 0xBF3D,
    0xBEF5, 0xBEF4, 0xBEF4, 0xBEF4, 0xBEF4, 0xBEF4, 0xBEF5, 0xBEF5, 0xBEF5, 0xBEF5, 0xC6F5, 0xBEF5, 0xBEF5, 0xBEF5, 0xBEF6, 0xBEF6,
    0xBEF6, 0xC6F6, 0xC6F7, 0xC6F7, 0xC717, 0xC717, 0xC718, 0xC718, 0xC719, 0xC719, 0xCF3A, 0xCF3A, 0xCF3B, 0xCF3B, 0xC75C, 0xC75D,
    0xC000, 0xC000, 0xC000, 0xC000, 0xC001, 0xC001, 0xC002, 0xC003, 0xC004, 0xC005, 0xC005, 0xC807, 0xC809, 0xC80A, 0xC80C, 0xC86E,
    0xC8CF, 0xC8F0, 0xC931, 0xC953, 0xC994, 0xC9D5, 0xCA16, 0xCA76, 0xC2B7, 0xC317, 0xC358, 0xCB99, 0xCBD9, 0xCBFA, 0xCC3A, 0xD47B,
    0xC000, 0xC000, 0xC000, 0xC000, 0xC001, 0xC002, 0xC002, 0xC003, 0xC004, 0xC005, 0xC006, 0xC807, 0xC809, 0xC80A, 0xC82C, 0xC88E,
    0xC8EF, 0xC910, 0xC951, 0xC173, 0xC994, 0xC9D5, 0xCA36, 0xCA76, 0xCAD7, 0xCB17, 0xC378, 0xC398, 0xC3D9, 0xCBFA, 0xCC3A, 0xD47B,
    0xC020, 0xC020, 0xC000, 0xC000, 0xC001, 0xC002, 0xC002, 0xC003, 0xC004, 0xC005, 0xC006, 0xC807, 0xC809, 0xC80A, 0xC84C, 0xC8CE,
    0xC92F, 0xC950, 0xC971, 0xC192, 0xC9B4, 0xC9F5, 0xCA56, 0xCA96, 0xCAD7, 0xCB37, 0xC378, 0xCB99, 0xCBD9, 0xCC1A, 0xCC3A, 0xD47B,
    0xC060, 0xC060, 0xC040, 0xC020, 0xC001, 0xC002, 0xC002, 0xC003, 0xC004, 0xC005, 0xC006, 0xC807, 0xC809, 0xC80B, 0xC88C, 0xC90E,
    0xC94F, 0xC970, 0xC991, 0xC1B2, 0xC9D4, 0xCA15, 0xCA56, 0xCAB6, 0xC2F7, 0xC337, 0xCB78, 0xCBB9, 0xCBD9, 0xCC1A, 0xCC5A, 0xD49B,
    0xC0A0, 0xC0A0, 0xC0A0, 0xC080, 0xC060, 0xC041, 0xC022, 0xC003, 0xC004, 0xC005, 0xC006, 0xC807, 0xC809, 0xC80B, 0xC8CC, 0xC94E,
    0xC98F, 0xC9B0, 0xC9D1, 0xC1D2, 0xCA14, 0xCA35, 0xCA76, 0xC2B6, 0xC2F7, 0xC337, 0xC398, 0xC3B8, 0xC3F9, 0xCC1A, 0xCC5A, 0xD49B,
    0xC100, 0xC0E0, 0xC0E0, 0xC0E0, 0xC0C0, 0xC0A1, 0xC0A2, 0xC083, 0xC064, 0xC065, 0xC026, 0xC807, 0xC829, 0xC88B, 0xC90C, 0xC98E,
    0xC9CF, 0xC9F0, 0xC211, 0xC212, 0xC234, 0xCA75, 0xCAB6, 0xC2F6, 0xC337, 0xC357, 0xC398, 0xC3D8, 0xCBF9, 0xCC3A, 0xCC5A, 0xD49B,
    0xC140, 0xC120, 0xC120, 0xC120, 0xC100, 0xC101, 0xC0E2, 0xC0E3, 0xC0E4, 0xC0E6, 0xC0A7, 0xC068, 0xC869, 0xC8EB, 0xC96C, 0xC9CE,
    0xCA0F, 0xCA30, 0xC251, 0xC273, 0xC294, 0xCAB5, 0xCAD6, 0xCB16, 0xC357, 0xC397, 0xC3D8, 0xC3F8, 0xCC19, 0xCC3A, 0xCC7A, 0xD4BB,
    0xC180, 0xC180, 0xC160, 0xC160, 0xC960, 0xC141, 0xC142, 0xC143, 0xC144, 0xC146, 0xC147, 0xC108, 0xC8E9, 0xC94B, 0xC9AC, 0xCA0E,
    0xCA4F, 0xCA91, 0xC292, 0xC2B3, 0xC2B4, 0xCAF5, 0xCB16, 0xCB56, 0xC397, 0xC3B7, 0xC3F8, 0xC418, 0xCC39, 0xCC5A, 0xCC9A, 0xD4BB,
    0xC9C0, 0xC9C0, 0xC9C0, 0xC9C0, 0xC9A0, 0xC9A0, 0xC9A2, 0xC983, 0xC184, 0xC1A6, 0xC1A7, 0xC188, 0xC989, 0xC9AB, 0xCA0D, 0xCA6E,
    0xCAB0, 0xCAD1, 0xC2D2, 0xC2F3, 0xC2F4, 0xC315, 0xC356, 0xC376, 0xC3B7, 0xC3D7, 0xC418, 0xC438, 0xCC59, 0xCC7A, 0xCC9A, 0xD4DB,
    0xCA00, 0xCA00, 0xCA00, 0xCA00, 0xCA00, 0xC9E0, 0xC9E1, 0xC9E3, 0xC9E4, 0xC1E6, 0xC1E7, 0xC209, 0xC20A, 0xC9EB, 0xC24C, 0xCAAE,
    0xCAF0, 0xC311, 0xC312, 0xC333, 0xC334, 0xC355, 0xC396, 0xC3B6, 0xC3D7, 0xC417, 0xC438, 0xC458, 0xCC59, 0xCC7A, 0xCCBA, 0xD4DB,
    0xCA60, 0xCA60, 0xCA40, 0xCA40, 0xCA40, 0xCA40, 0xCA41, 0xCA43, 0xCA44, 0xCA46, 0xCA47, 0xC249, 0xC26A, 0xC26B, 0xC28D, 0xC2CE,
    0xC310, 0xC351, 0xC352, 0xC373, 0xC374, 0xC395, 0xC3B6, 0xC3D6, 0xC417, 0xC437, 0xC458, 0xC458, 0xCC79, 0xCC9A, 0xCCBA, 0xD4FB,
    0xCAA0, 0xCAA0, 0xCAA0, 0xCAA0, 0xCA80, 0xCA80, 0xCA81, 0xCA83, 0xCA84, 0xCA86, 0xCAA7, 0xC2A9, 0xC2AA, 0xC2CB, 0xC2CD, 0xC30E,
    0xC350, 0xC391, 0xC392, 0xC3B3, 0xC3B4, 0xC3D5, 0xC3F5, 0xC416, 0xC437, 0xC457, 0xC478, 0xC478, 0xC499, 0xCCBA, 0xCCDA, 0xD4FB,
    0xCAE0, 0xCAE0, 0xCAE0, 0xCAE0, 0xCAE0, 0xCAC0, 0xCAC1, 0xCAC2, 0xCAC4, 0xCAC6, 0xCAE7, 0xCAE9, 0xC30A, 0xC30C, 0xC32D, 0xC34E,
    0xC390, 0xC3D1, 0xC3D2, 0xC3F3, 0xC3F4, 0xC415, 0xC435, 0xC436, 0xC457, 0xC477, 0xC498, 0xC498, 0xC4B9, 0xCCBA, 0xCCDA, 0xD4FB,
    0xCB20, 0xCB20, 0xCB20, 0xCB20, 0xCB20, 0xCB20, 0xCB20, 0xCB22, 0xCB24, 0xCB25, 0xCB27, 0xCB49, 0xC34B, 0xC36C, 0xC36D, 0xC38F,
    0xC3B0, 0xC411, 0xC432, 0xBC33, 0xBC54, 0xC455, 0xC456, 0xC476, 0xC497, 0xC4B7, 0xC4B8, 0xC4B8, 0xC4D9, 0xCCDA, 0xCCFA, 0xD51B,
    0xCB80, 0xCB80, 0xCB80, 0xCB80, 0xCBA0, 0xCB80, 0xCB80, 0xCB82, 0xCB84, 0xCB86, 0xCB88, 0xCB89, 0xCBAB, 0xC3AC, 0xC3CE, 0xC3CF,
    0xC3F0, 0xC411, 0xC452, 0xBC73, 0xBC74, 0xC475, 0xC496, 0xC496, 0xC4B7, 0xC4B7, 0xC4D8, 0xC4D8, 0xC4F9, 0xCCFA, 0xCD1B, 0xD53B,
    0xCBE0, 0xCBE0, 0xCBE0, 0xCBE0, 0xCBE0, 0xCBE0, 0xCBE1, 0xCBE3, 0xCBE5, 0xCBC6, 0xCBC8, 0xCBE9, 0xCBEB, 0xC3ED, 0xC40E, 0xC40F,
    0xC430, 0xC451, 0xC472, 0xC493, 0xBC94, 0xBCB5, 0xC4B6, 0xC4B6, 0xC4D7, 0xC4D7, 0xC4F8, 0xC4F8, 0xCCF9, 0xCD1A, 0xCD1B, 0xD53C,
    0xCC40, 0xC440, 0xCC40, 0xCC40, 0xCC40, 0xCC40, 0xCC42, 0xCC44, 0xCC45, 0xCC27, 0xCC28, 0xCC2A, 0xCC2C, 0xC42D, 0xC44E, 0xC44F,
    0xC451, 0xC471, 0xC492, 0xC4B4, 0xBCD4, 0xBCD5, 0xC4D6, 0xC4D6, 0xC4F7, 0xC4F7, 0xC518, 0xC518, 0xCD19, 0xCD1A, 0xCD3B, 0xCD5C,
    0xC4A0, 0xC4A0, 0xC4A0, 0xC4A0, 0xC4A0, 0xC4A1, 0xCCA3, 0xC485, 0xC486, 0xC488, 0xC489, 0xC48B, 0xC48C, 0xC48D, 0xC48E, 0xC490,
    0xC491, 0xBCB2, 0xBCB2, 0xBCD3, 0xBCF4, 0xBCF5, 0xBCF6, 0xC4F6, 0xC517, 0xC517, 0xC518, 0xC518, 0xC539, 0xCD3A, 0xCD3B, 0xCD5C,
    0xC4E0, 0xC4E0, 0xC4E0, 0xC4E0, 0xC4E1, 0xC4E3, 0xC4E5, 0xC4E6, 0xC4E7, 0xC4E9, 0xC4EA, 0xC4CC, 0xC4CD, 0xC4CE, 0xC4CF, 0xC4D0,
    0xC4D1, 0xBCD2, 0xBCD3, 0xBCF3, 0xBCF4, 0xBD15, 0xBD16, 0xC536, 0xC537, 0xC537, 0xC538, 0xC538, 0xC559, 0xCD5A, 0xCD5B, 0xCD7C,
    0xC520, 0xC521, 0xC522, 0xC503, 0xC524, 0xC525, 0xC526, 0xC528, 0xC529, 0xC52A, 0xC50B, 0xC50D, 0xC52E, 0xC50F, 0xC510, 0xC511,
    0xC511, 0xC512, 0xC513, 0xBD14, 0xBD34, 0xC535, 0xC556, 0xC556, 0xC557, 0xC557, 0xC558, 0xC558, 0xC559, 0xC55A, 0xCD7B, 0xCD7C,
    0xBD43, 0xBD43, 0xBD44, 0xBD45, 0xBD46, 0xBD47, 0xBD48, 0xBD49, 0xBD4A, 0xBD4B, 0xBD4C, 0xBD4D, 0xBD4E, 0xC54F, 0xBD50, 0xBD51,
    0xC552, 0xBD53, 0xC553, 0xC554, 0xC555, 0xC555, 0xC556, 0xC556, 0xC577, 0xC577, 0xC578, 0xC579, 0xC579, 0xC57A, 0xCD9B, 0xCD9C,
    0xB565, 0xB546, 0xB566, 0xB567, 0xB567, 0xB568, 0xB569, 0xBD6A, 0xBD6B, 0xBD6C, 0xBD6D, 0xBD6E, 0xBD6F, 0xBD70, 0xBD71, 0xBD72,
    0xBD72, 0xBD73, 0xC574, 0xC574, 0xBD75, 0xBD75, 0xBD76, 0xC596, 0xC597, 0xC597, 0xC598, 0xC599, 0xC599, 0xC59A, 0xC59B, 0xCDBC,
    0xAD67, 0xB567, 0xB588, 0xB588, 0xB589, 0xB569, 0xB56A, 0xB58B, 0xB58C, 0xB58D, 0xB58E, 0xB58F, 0xB590, 0xBD71, 0xBD91, 0xBD92,
    0xBD93, 0xBD93, 0xBD94, 0xBD94, 0xBD95, 0xC595, 0xC596, 0xC597, 0xC597, 0xC597, 0xC598, 0xC599, 0xC599, 0xC5BA, 0xC5BB, 0xC5DC,
    0xAD89, 0xADA9, 0xAD89, 0xAD8A, 0xADAA, 0xB58B, 0xB58C, 0xADAC, 0xB5AD, 0xB58E, 0xB5AF, 0xB5B0, 0xB590, 0xB591, 0xB592, 0xB592,
    0xBDB3, 0xBDB3, 0xBDB4, 0xBDB4, 0xBDB5, 0xC5B6, 0xC5B6, 0xC5B7, 0xC5B7, 0xC5B7, 0xC5B8, 0xC5B9, 0xC5B9, 0xC5BA, 0xC5DB, 0xC5DC,
    0xADAB, 0xADCB, 0xADAB, 0xADAB, 0xADAC, 0xADAC, 0xADAD, 0xADAD, 0xADAE, 0xB5AF, 0xB5B0, 0xB5B0, 0xB5B1, 0xB5B1, 0xB5B2, 0xB5B2,
    0xB5B3, 0xBDB4, 0xBDD4, 0xBDD5, 0xBDD5, 0xBDD6, 0xC5D6, 0xC5D7, 0xC5D7, 0xC5F7, 0xBDD8, 0xBDD9, 0xBDD9, 0xBDDA, 0xC5FB, 0xC5FC,
    0xADCC, 0xADEC, 0xADCD, 0xADCD, 0xADCD, 0xADCD, 0xADCE, 0xADCE, 0xADCF, 0xB5EF, 0xB5D0, 0xB5D1, 0xB5D1, 0xB5D2, 0xB5D2, 0xB5D3,
    0xB5D3, 0xBDD4, 0xBDD4, 0xBDF5, 0xBDD5, 0xBDF6, 0xBDF6, 0xC5F7, 0xC617, 0xC618, 0xC618, 0xBDF9, 0xBDF9, 0xBE1A, 0xBE1B, 0xBE3C,
    0xADEE, 0xAE0E, 0xADEE, 0xADEE, 0xADEF, 0xADEF, 0xADEF, 0xB5F0, 0xB610, 0xB611, 0xB5F1, 0xB5F1, 0xB5F2, 0xB612, 0xB5F3, 0xB5F3,
    0xB5F4, 0xBDF4, 0xBDF5, 0xBDF5, 0xBDF5, 0xBE16, 0xBE16, 0xC617, 0xC637, 0xC638, 0xC638, 0xC639, 0xBE39, 0xBE3A, 0xBE3B, 0xBE5C,
    0xAE2F, 0xAE2F, 0xAE30, 0xAE30, 0xAE30, 0xAE10, 0xB630, 0xB631, 0xB631, 0xB631, 0xB632, 0xB612, 0xB633, 0xB633, 0xB633, 0xB614,
    0xBE34, 0xBE35, 0xBE35, 0xBE35, 0xBE36, 0xBE36, 0xBE36, 0xC637, 0xC657, 0xC658, 0xC679, 0xC659, 0xC679, 0xBE7A, 0xBE7B, 0xBE9C,
    0xB651, 0xB651, 0xB651, 0xB651, 0xB651, 0xB651, 0xB651, 0xB652, 0xB652, 0xB652, 0xB653, 0xB653, 0xB653, 0xB653, 0xBE54, 0xBE54,
    0xBE55, 0xBE55, 0xBE55, 0xBE56, 0xBE56, 0xBE56, 0xC657, 0xC677, 0xC678, 0xC698, 0xCE99, 0xC699, 0xC69A, 0xC69A, 0xBEBB, 0xBEBC,
    0xB692, 0xB692, 0xB692, 0xB692, 0xB672, 0xB672, 0xBE72, 0xBE73, 0xBE73, 0xBE93, 0xBE93, 0xBE94, 0xBE94, 0xBE94, 0xBE94, 0xBE95,
    0xBE95, 0xBE75, 0xBE76, 0xBE76, 0xBE76, 0xC697, 0xC697, 0xC697, 0xC6B8, 0xC6B8, 0xCED9, 0xCEDA, 0xC6DA, 0xC6DB, 0xC6FB, 0xC6FC,
    0xBEB3, 0xBEB3, 0xBEB3, 0xBEB3, 0xBEB3, 0xBEB3, 0xBEB3, 0xBEB4, 0xBEB4, 0xBEB4, 0xBEB4, 0xBEB4, 0xBEB4, 0xBED5, 0xBEB5, 0xBEB5,
    0xBEB5, 0xBEB6, 0xBEB6, 0xBEB6, 0xC6B7, 0xC6B7, 0xC6D7, 0xC6D8, 0xC6D8, 0xCEF9, 0xCEFA, 0xCEFA, 0xCF1A, 0xCF1B, 0xC71C, 0xC73D,
    0xC6F4, 0xC6F4, 0xC6F4, 0xC6F4, 0xC6F4, 0xC6F4, 0xC6F4, 0xC715, 0xC6F5, 0xC6F5, 0xC715, 0xC715, 0xC6F5, 0xC6F5, 0xC6F6, 0xC716,
    0xC716, 0xC716, 0xC716, 0xC717, 0xC717, 0xC717, 0xC718, 0xC718, 0xC719, 0xCF19, 0xCF3A, 0xCF3A, 0xCF3B, 0xCF5B, 0xCF5C, 0xCF5D,
    0xC800, 0xC000, 0xC800, 0xC800, 0xC801, 0xC801, 0xC802, 0xC803, 0xC804, 0xC805, 0xC806, 0xC807, 0xD008, 0xD00A, 0xD00C, 0xD08D,
    0xD10F, 0xD150, 0xD171, 0xC992, 0xC9B3, 0xC9F4, 0xCA35, 0xCA76, 0xCAD7, 0xCB17, 0xCB78, 0xCBB9, 0xCBD9, 0xD41A, 0xD45A, 0xD49B,
    0xC800, 0xC800, 0xC800, 0xC800, 0xC800, 0xC801, 0xC802, 0xC803, 0xC804, 0xC805, 0xC806, 0xC807, 0xD008, 0xD00A, 0xD00C, 0xD0AD,
    0xD12F, 0xD170, 0xD191, 0xC9B2, 0xC9D3, 0xC9F4, 0xCA35, 0xCA96, 0xCAD7, 0xCB17, 0xCB78, 0xCBB8, 0xCBF9, 0xCC1A, 0xD45A, 0xD49B,
    0xC820, 0xC820, 0xC800, 0xC800, 0xC800, 0xC801, 0xC802, 0xC803, 0xC804, 0xC805, 0xC806, 0xC807, 0xD008, 0xD00A, 0xD04C, 0xD0CD,
    0xD14F, 0xD190, 0xD1B1, 0xC9D2, 0xC9F3, 0xCA14, 0xD256, 0xCA96, 0xCAD7, 0xCB37, 0xCB78, 0xCBB8, 0xCBF9, 0xD41A, 0xD45A, 0xD49B,
    0xC860, 0xC860, 0xC840, 0xC820, 0xC800, 0xC801, 0xC802, 0xC803, 0xC804, 0xC805, 0xC806, 0xC807, 0xD008, 0xD00A, 0xD08C, 0xD10D,
    0xD18F, 0xD1B0, 0xD1D1, 0xC9F2, 0xCA13, 0xCA34, 0xCA76, 0xCAB6, 0xCAF7, 0xCB37, 0xCB98, 0xCBD9, 0xCBF9, 0xD43A, 0xD45A, 0xD49B,
    0xC8A0, 0xC8A0, 0xC8A0, 0xC880, 0xC860, 0xC841, 0xC822, 0xC803, 0xC804, 0xC805, 0xC806, 0xC807, 0xD008, 0xD00A, 0xD0CC, 0xD14D,
    0xD1AF, 0xD1D0, 0xC9F1, 0xCA12, 0xCA33, 0xCA54, 0xCA95, 0xCAD6, 0xCB17, 0xCB57, 0xCB98, 0xCBD8, 0xCC19, 0xCC3A, 0xD47A, 0xD49B,
    0xC900, 0xC8E0, 0xC8E0, 0xC8E0, 0xC8C0, 0xC8A1, 0xC8A2, 0xC883, 0xC884, 0xC885, 0xC826, 0xC807, 0xC809, 0xD04A, 0xD10C, 0xD18D,
    0xD1EF, 0xD210, 0xCA31, 0xCA52, 0xCA53, 0xCA94, 0xCAB6, 0xCAF6, 0xCB37, 0xCB77, 0xCBB8, 0xCBD8, 0xCC19, 0xCC3A, 0xD47A, 0xD4BB,
    0xC940, 0xC940, 0xC920, 0xC920, 0xC900, 0xC901, 0xC8E2, 0xC8E3, 0xC8E4, 0xC8E5, 0xC8C7, 0xC888, 0xC869, 0xD0CA, 0xD14C, 0xD1CD,
    0xD22F, 0xCA50, 0xCA71, 0xCA92, 0xCAB3, 0xCAB4, 0xCAF5, 0xCB16, 0xCB57, 0xCB97, 0xCBD8, 0xCC18, 0xCC39, 0xCC5A, 0xD49A, 0xD4BB,
    0xC980, 0xC980, 0xC960, 0xC960, 0xC960, 0xC940, 0xC942, 0xC943, 0xC944, 0xC946, 0xC947, 0xC928, 0xC909, 0xD14A, 0xD1AC, 0xD20E,
    0xCA6F, 0xCAB0, 0xCAB1, 0xCAD2, 0xCAD3, 0xCAF5, 0xCB15, 0xCB56, 0xCB97, 0xCBB7, 0xCBF8, 0xCC38, 0xCC59, 0xCC7A, 0xD49A, 0xD4BB,
    0xC9C0, 0xC9C0, 0xC9C0, 0xD1A0, 0xD1A0, 0xD1A0, 0xC981, 0xC983, 0xC984, 0xC9A6, 0xC9A7, 0xC9A8, 0xC989, 0xD18B, 0xD1EC, 0xCA4E,
    0xCAAF, 0xCAD1, 0xCAF2, 0xCB13, 0xCB14, 0xCB34, 0xCB55, 0xCB76, 0xCBB7, 0xCBF7, 0xCC18, 0xCC58, 0xCC59, 0xD47A, 0xD49A, 0xD4DB,
    0xD200, 0xCA00, 0xD200, 0xD200, 0xD1E0, 0xD1E0, 0xC9E1, 0xC9E3, 0xC9E4, 0xC9E6, 0xCA07, 0xCA08, 0xCA0A, 0xC9EB, 0xCA4C, 0xCA8E,
    0xCAEF, 0xCB11, 0xCB32, 0xCB53, 0xCB53, 0xCB74, 0xCB95, 0xCBB6, 0xCBD7, 0xCC17, 0xCC38, 0xCC58, 0xCC79, 0xD49A, 0xD4BA, 0xD4DB,
    0xD240, 0xD240, 0xD240, 0xD240, 0xD240, 0xD240, 0xD241, 0xD243, 0xCA44, 0xD246, 0xCA47, 0xCA68, 0xCA6A, 0xCA6B, 0xCA8C, 0xCACE,
    0xCB0F, 0xCB51, 0xCB72, 0xCB93, 0xCB94, 0xC3B5, 0xCBD5, 0xCBF6, 0xCC17, 0xCC37, 0xCC58, 0xCC78, 0xCC99, 0xCCBA, 0xD4DA, 0xD4FB,
    0xD2A0, 0xD2A0, 0xD280, 0xD280, 0xD280, 0xD280, 0xD281, 0xD282, 0xD284, 0xD286, 0xCAA7, 0xCAA8, 0xCAAA, 0xCAAB, 0xCACD, 0xCAEE,
    0xCB4F, 0xCB91, 0xCBB2, 0xC3B3, 0xC3D4, 0xC3D5, 0xCBF5, 0xCC16, 0xCC37, 0xCC57, 0xCC78, 0xCC98, 0xCCB9, 0xCCBA, 0xD4DA, 0xD4FB,
    0xD2E0, 0xD2C0, 0xD2C0, 0xD2C0, 0xD2C0, 0xD2C0, 0xD2C0, 0xD2C2, 0xD2C4, 0xD2C6, 0xCAE7, 0xCAE9, 0xCB0A, 0xCB0C, 0xCB0D, 0xCB2E,
    0xCB70, 0xCBB1, 0xCBF2, 0xC3F3, 0xC414, 0xC415, 0xC435, 0xC436, 0xCC57, 0xCC77, 0xCC98, 0xCCB8, 0xCCB9, 0xCCDA, 0xD4FA, 0xD51B,
    0xD320, 0xD320, 0xD320, 0xD320, 0xD320, 0xD320, 0xD320, 0xD322, 0xD324, 0xD325, 0xD327, 0xCB49, 0xCB4A, 0xCB6C, 0xCB6D, 0xCB8E,
    0xCBB0, 0xC3F1, 0xC432, 0xC453, 0xC454, 0xC455, 0xC475, 0xC476, 0xCC97, 0xCCB7, 0xCCB8, 0xCCD8, 0xCCD9, 0xCCFA, 0xD4FB, 0xD51C,
    0xD380, 0xD380, 0xD380, 0xD360, 0xD380, 0xD360, 0xD360, 0xD362, 0xD364, 0xD366, 0xD367, 0xD389, 0xCB8B, 0xCBAC, 0xCBAD, 0xC3CF,
    0xC3F0, 0xCC11, 0xC452, 0xC473, 0xC474, 0xC495, 0xC495, 0xC496, 0xCCB7, 0xCCD7, 0xCCD8, 0xCCF8, 0xCCF9, 0xCCFA, 0xD51B, 0xD53B,
    0xD3E0, 0xD3E0, 0xD3E0, 0xD3C0, 0xD3C0, 0xD3C0, 0xD3C0, 0xD3C2, 0xD3C4, 0xD3C6, 0xD3C8, 0xD3C9, 0xCBEB, 0xCBEC, 0xCBEE, 0xCC0F,
    0xC410, 0xC431, 0xC472, 0xC493, 0xC4B4, 0xC4B5, 0xC4B5, 0xC4B6, 0xC4D7, 0xCCF7, 0xCCF8, 0xCCF8, 0xCD19, 0xCD1A, 0xD53B, 0xD53B,
    0xCC20, 0xCC20, 0xD420, 0xD420, 0xD420, 0xD420, 0xD421, 0xD423, 0xD425, 0xCC26, 0xD428, 0xCC2A, 0xCC2B, 0xCC2D, 0xCC2E, 0xCC4F,
    0xC450, 0xC471, 0xC472, 0xC4B3, 0xC4D4, 0xC4D5, 0xC4D5, 0xC4F6, 0xC4F7, 0xC4F7, 0xCD18, 0xCD18, 0xCD19, 0xCD3A, 0xD53B, 0xD55B,
    0xCC80, 0xCC80, 0xCC80, 0xCC80, 0xCC80, 0xCC81, 0xCC82, 0xCC84, 0xCC66, 0xCC67, 0xCC69, 0xCC6A, 0xCC6C, 0xCC6D, 0xCC6E, 0xCC6F,
    0xC491, 0xC491, 0xC492, 0xC4D3, 0xC4F4, 0xC4F5, 0xC4F6, 0xC4F6, 0xC517, 0xCD17, 0xCD18, 0xCD38, 0xCD39, 0xCD3A, 0xD55B, 0xD55B,
    0xCCC0, 0xCCC0, 0xCCC0, 0xCCC0, 0xCCC0, 0xCCC2, 0xCCC4, 0xCCC5, 0xCCC7, 0xCCC8, 0xCCCA, 0xCCCB, 0xCCAC, 0xCCAD, 0xCCAE, 0xCCB0,
    0xC4B1, 0xC4D1, 0xC4D2, 0xC4D3, 0xC4F4, 0xC515, 0xC536, 0xC516, 0xC537, 0xC537, 0xCD38, 0xCD58, 0xCD59, 0xCD5A, 0xD55B, 0xD57C,
    0xCD00, 0xCD00, 0xCD01, 0xCD02, 0xCD03, 0xCD04, 0xCD06, 0xCD07, 0xCD08, 0xCD0A, 0xCD0B, 0xC50C, 0xC50D, 0xCD0E, 0xC50F, 0xC510,
    0xC511, 0xC512, 0xC513, 0xC513, 0xC514, 0xC535, 0xC556, 0xC556, 0xC557, 0xC557, 0xCD58, 0xCD58, 0xCD59, 0xCD7A, 0xCD7B, 0xD57C,
    0xC542, 0xC543, 0xC543, 0xC544, 0xC545, 0xC546, 0xC547, 0xC548, 0xC54A, 0xC54B, 0xC54C, 0xC54D, 0xC54E, 0xC54F, 0xC550, 0xC551,
    0xC552, 0xC552, 0xC533, 0xC534, 0xC534, 0xC555, 0xC556, 0xC556, 0xC577, 0xC577, 0xCD78, 0xCD78, 0xCD79, 0xCD7A, 0xCD9B, 0xD59C,
    0xC565, 0xC565, 0xC566, 0xC566, 0xC567, 0xC568, 0xC569, 0xC56A, 0xC56B, 0xC56C, 0xC56D, 0xC56E, 0xC56F, 0xC570, 0xC571, 0xC571,
    0xC572, 0xC573, 0xC573, 0xC574, 0xC575, 0xC575, 0xC576, 0xC596, 0xC597, 0xC597, 0xCD98, 0xCD99, 0xCD99, 0xCD9A, 0xCD9B, 0xD5BC,
    0xBD87, 0xBD87, 0xBD88, 0xBD88, 0xBD89, 0xBD69, 0xBD8A, 0xBD8B, 0xBD8C, 0xBD8D, 0xBD8E, 0xBD8F, 0xBD90, 0xC591, 0xC591, 0xC592,
    0xC593, 0xC593, 0xC594, 0xC594, 0xC595, 0xC595, 0xC596, 0xC597, 0xC597, 0xC598, 0xC5B8, 0xCDB9, 0xC5B9, 0xCDBA, 0xCDBB, 0xCDDC,
    0xB5A9, 0xB5A9, 0xB5A9, 0xB5A9, 0xB5AA, 0xBDAB, 0xBDAB, 0xB5AC, 0xB5AD, 0xBD8E, 0xBDAF, 0xBDAF, 0xBDB0, 0xBDB1, 0xBDB2, 0xBDB2,
    0xBDB3, 0xBDB3, 0xC5B4, 0xC5B4, 0xC5B5, 0xC5B6, 0xC5B6, 0xC5B6, 0xC5B7, 0xC5D8, 0xC5D8, 0xC5B9, 0xC5D9, 0xCDDA, 0xCDDB, 0xCDDC,
    0xB5CA, 0xB5CA, 0xB5CB, 0xB5CB, 0xB5CB, 0xB5AC, 0xB5AD, 0xB5CD, 0xB5CE, 0xB5CE, 0xB5CF, 0xBDD0, 0xBDB1, 0xBDB1, 0xBDB2, 0xBDD2,
    0xBDD3, 0xBDD3, 0xBDD4, 0xC5D5, 0xC5D5, 0xC5D6, 0xC5D6, 0xC5D7, 0xC5D7, 0xC5F8, 0xC5F8, 0xC5D9, 0xC5D9, 0xC5FA, 0xC5FB, 0xCE1C,
    0xB5EC, 0xB5EC, 0xB5EC, 0xB5ED, 0xB5ED, 0xB5CD, 0xB5CE, 0xB5CE, 0xB5EF, 0xB5EF, 0xB5F0, 0xB5D1, 0xBDD1, 0xBDD2, 0xBDD2, 0xBDF3,
    0xBDF3, 0xBDF4, 0xBDF4, 0xBDF5, 0xBDF5, 0xC5F6, 0xC5F6, 0xC5F7, 0xC617, 0xC618, 0xC618, 0xC5F9, 0xC5F9, 0xC61A, 0xC61B, 0xC63C,
    0xB60D, 0xB60E, 0xB60E, 0xB60E, 0xB60E, 0xB5EF, 0xB60F, 0xB610, 0xB610, 0xB611, 0xB611, 0xB5F1, 0xBDF2, 0xBE12, 0xBE13, 0xBE13,
    0xBDF4, 0xBE14, 0xBE14, 0xBE15, 0xBE15, 0xC616, 0xC616, 0xC616, 0xC637, 0xC638, 0xC638, 0xC639, 0xC639, 0xC63A, 0xC63B, 0xC65C,
    0xB62F, 0xB62F, 0xB62F, 0xB630, 0xB630, 0xB630, 0xB630, 0xB631, 0xB631, 0xB631, 0xB631, 0xBE32, 0xBE33, 0xBE33, 0xBE33, 0xBE34,
    0xBE34, 0xBE34, 0xBE35, 0xBE35, 0xC636, 0xC636, 0xC636, 0xC637, 0xC657, 0xCE58, 0xCE59, 0xCE59, 0xC67A, 0xC67A, 0xC67B, 0xC67C,
    0xB651, 0xB651, 0xB651, 0xB651, 0xB651, 0xB651, 0xBE51, 0xBE52, 0xBE52, 0xBE52, 0xBE52, 0xBE53, 0xBE53, 0xBE53, 0xBE54, 0xBE54,
    0xBE55, 0xC655, 0xBE55, 0xBE55, 0xC656, 0xC656, 0xC657, 0xC657, 0xC677, 0xCE78, 0xCE99, 0xCE99, 0xCE9A, 0xC69A, 0xC6BB, 0xC6BC,
    0xBE92, 0xBE92, 0xBE92, 0xBE92, 0xBE92, 0xBE92, 0xBE92, 0xBE93, 0xBE93, 0xBE93, 0xBE93, 0xBE93, 0xBE94, 0xBE94, 0xBE94, 0xC695,
    0xC695, 0xC695, 0xC696, 0xC696, 0xC696, 0xC697, 0xC697, 0xC697, 0xC698, 0xCEB8, 0xCED9, 0xCEDA, 0xCEDA, 0xCEDB, 0xC6DB, 0xC6FC,
    0xBED3, 0xBED3, 0xBED3, 0xBED3, 0xBEB3, 0xC6B3, 0xC6D3, 0xC6B3, 0xC6B4, 0xC6B4, 0xC6B4, 0xC6D4, 0xC6D4, 0xC6D4, 0xC6D5, 0xC6D5,
    0xC6D5, 0xC6D6, 0xC6B6, 0xC6D6, 0xC6D7, 0xC6D7, 0xC6D7, 0xC6D8, 0xCED8, 0xCEF9, 0xCEF9, 0xCEFA, 0xCF1A, 0xCF1B, 0xCF1C, 0xCF3C,
    0xC714, 0xC714, 0xC714, 0xC714, 0xC714, 0xC714, 0xC714, 0xC714, 0xC715, 0xC6F5, 0xC715, 0xC715, 0xC715, 0xC715, 0xC716, 0xC716,
    0xC716, 0xC716, 0xC716, 0xC717, 0xC717, 0xC717, 0xCF18, 0xCF18, 0xCF19, 0xCF19, 0xCF3A, 0xD73A, 0xD73B, 0xD75B, 0xCF5C, 0xCF7D,
    0xD000, 0xC800, 0xC800, 0xD000, 0xD000, 0xC801, 0xC802, 0xD003, 0xD004, 0xD005, 0xD006, 0xD007, 0xD008, 0xD00A, 0xD80B, 0xD88D,
    0xD12E, 0xD190, 0xD1B1, 0xD1D2, 0xD1F3, 0xD214, 0xD255, 0xD296, 0xD2D7, 0xD317, 0xD378, 0xD3B9, 0xD3F9, 0xD43A, 0xD45B, 0xDC9B,
    0xD000, 0xD000, 0xD000, 0xD000, 0xD000, 0xD001, 0xD002, 0xD003, 0xD004, 0xD005, 0xD006, 0xD007, 0xD008, 0xD00A, 0xD00B, 0xD0AD,
    0xD14E, 0xD1B0, 0xD1D1, 0xD1D2, 0xD1F3, 0xD234, 0xD255, 0xD296, 0xD2D7, 0xD337, 0xD378, 0xD3D8, 0xD3F9, 0xD43A, 0xD45A, 0xDC9B,
    0xD020, 0xD020, 0xD000, 0xD000, 0xD000, 0xD001, 0xD002, 0xD003, 0xD004, 0xD005, 0xD006, 0xD007, 0xD008, 0xD00A, 0xD02B, 0xD0CD,
    0xD16E, 0xD1D0, 0xD1F1, 0xD1F2, 0xD213, 0xD234, 0xD275, 0xD2B6, 0xD2F7, 0xD337, 0xD378, 0xD3D8, 0xD3F9, 0xD43A, 0xD47A, 0xDC9B,
    0xD060, 0xD060, 0xD040, 0xD020, 0xD020, 0xD001, 0xD002, 0xD003, 0xD004, 0xD005, 0xD006, 0xD007, 0xD008, 0xD00A, 0xD06B, 0xD10D,
    0xD18E, 0xD1F0, 0xD211, 0xD212, 0xD233, 0xD254, 0xD275, 0xD2B6, 0xD2F7, 0xD337, 0xD398, 0xD3D8, 0xD419, 0xD43A, 0xD47A, 0xDCBB,
    0xD0A0, 0xD0A0, 0xD0A0, 0xD080, 0xD060, 0xD041, 0xD022, 0xD003, 0xD004, 0xD006, 0xD006, 0xD007, 0xD008, 0xD00A, 0xD0AB, 0xD14D,
    0xD1CE, 0xD210, 0xD231, 0xD232, 0xD253, 0xD274, 0xD295, 0xD2D6, 0xD316, 0xD357, 0xD398, 0xD3D8, 0xD419, 0xD45A, 0xD47A, 0xDCBB,
    0xD100, 0xD0E0, 0xD0E0, 0xD0E0, 0xD0C0, 0xD0A1, 0xD0A2, 0xD083, 0xD084, 0xD085, 0xD046, 0xD027, 0xD008, 0xD02A, 0xD0EB, 0xD16D,
    0xD1EE, 0xD230, 0xD251, 0xD272, 0xD293, 0xCAB4, 0xD2B5, 0xD2F6, 0xD337, 0xD377, 0xD3B8, 0xD3F8, 0xD419, 0xD45A, 0xD49A, 0xDCBB,
    0xD140, 0xD120, 0xD120, 0xD120, 0xD100, 0xD100, 0xD102, 0xD0E3, 0xD0E4, 0xD0E5, 0xD0E7, 0xD0A8, 0xD088, 0xD0AA, 0xD14C, 0xD1CD,
    0xD22F, 0xD270, 0xD291, 0xD2B2, 0xD2B3, 0xD2D4, 0xD2F5, 0xD316, 0xD357, 0xD397, 0xD3D8, 0xD418, 0xD439, 0xD47A, 0xD49A, 0xDCBB,
    0xD180, 0xD180, 0xD160, 0xD160, 0xD160, 0xD140, 0xD141, 0xD143, 0xD144, 0xD145, 0xD147, 0xD148, 0xD129, 0xD12A, 0xD1AC, 0xD20D,
    0xD26F, 0xD2B0, 0xD2D1, 0xD2F2, 0xD2F3, 0xCB14, 0xD335, 0xD356, 0xD397, 0xD3B7, 0xD3F8, 0xD438, 0xD459, 0xD47A, 0xD49A, 0xDCDB,
    0xD1C0, 0xD1C0, 0xD1C0, 0xD1A0, 0xD1A0, 0xD1A0, 0xD181, 0xD183, 0xD1A4, 0xD1A5, 0xD1A7, 0xD1A8, 0xD1A9, 0xD18A, 0xD1EC, 0xD24E,
    0xD2AF, 0xD2F0, 0xD311, 0xD332, 0xCB33, 0xCB54, 0xCB55, 0xD396, 0xD3B7, 0xD3F7, 0xD418, 0xD458, 0xD479, 0xD49A, 0xD4BA, 0xDCDB,
    0xD200, 0xD200, 0xD200, 0xD200, 0xD1E0, 0xD1E0, 0xD1E1, 0xD1E3, 0xD1E4, 0xD1E6, 0xD207, 0xD208, 0xD209, 0xD20B, 0xD22C, 0xD28E,
    0xD2CF, 0xD331, 0xD352, 0xD352, 0xCB73, 0xCB74, 0xCB95, 0xCBB6, 0xCBD7, 0xCC17, 0xD438, 0xD478, 0xD499, 0xD4BA, 0xD4DA, 0xDCFB,
    0xD240, 0xD240, 0xD240, 0xD240, 0xD240, 0xD220, 0xD221, 0xD222, 0xD224, 0xD225, 0xD247, 0xD268, 0xD26A, 0xD26B, 0xD26C, 0xD2AE,
    0xD30F, 0xCB51, 0xCB92, 0xCB92, 0xCBB3, 0xCBB4, 0xCBD5, 0xCBF6, 0xCC17, 0xCC37, 0xCC58, 0xD478, 0xD499, 0xD4BA, 0xD4DA, 0xDCFB,
    0xD280, 0xD280, 0xD280, 0xD280, 0xD280, 0xD280, 0xD281, 0xD282, 0xD284, 0xD285, 0xD287, 0xD2A8, 0xD2AA, 0xCAAB, 0xD2CC, 0xCAEE,
    0xCB2F, 0xCB71, 0xCBB2, 0xCBD3, 0xCBD3, 0xCBF4, 0xCBF5, 0xCC16, 0xCC37, 0xCC57, 0xCC78, 0xD498, 0xD4B9, 0xD4DA, 0xD4DA, 0xDD1B,
    0xD2C0, 0xD2C0, 0xD2C0, 0xD2C0, 0xD2C0, 0xD2C0, 0xD2C0, 0xD2C2, 0xD2C4, 0xD2C6, 0xD2C7, 0xD2E8, 0xD2EA, 0xCB0B, 0xCB0D, 0xCB2E,
    0xCB6F, 0xCBB1, 0xCBF2, 0xCC13, 0xCC14, 0xCC34, 0xCC35, 0xCC36, 0xCC56, 0xCC77, 0xCC98, 0xD4B8, 0xD4D9, 0xD4DA, 0xD4FA, 0xDD1B,
    0xD300, 0xD300, 0xDB00, 0xDB00, 0xD300, 0xD300, 0xD300, 0xD302, 0xD324, 0xD325, 0xD327, 0xD329, 0xD34A, 0xD34C, 0xCB6D, 0xCB6E,
    0xCB8F, 0xCBD1, 0xCC12, 0xCC53, 0xCC54, 0xC475, 0xC475, 0xCC76, 0xCC97, 0xCCB7, 0xCCB8, 0xD4D8, 0xD4F9, 0xD4FA, 0xD51B, 0xDD3B,
    0xD360, 0xD360, 0xDB60, 0xDB60, 0xD360, 0xD360, 0xD360, 0xD362, 0xD364, 0xD366, 0xD367, 0xD369, 0xD38A, 0xD3AC, 0xCBAD, 0xCBCF,
    0xCBD0, 0xCBF1, 0xCC52, 0xCC73, 0xCC94, 0xCC95, 0xCC95, 0xCC96, 0xCCB7, 0xCCD7, 0xCCD8, 0xD4F8, 0xD4F9, 0xD51A, 0xD51B, 0xDD3B,
    0xD3C0, 0xD3C0, 0xDBC0, 0xDBC0, 0xD3C0, 0xD3C0, 0xD3A0, 0xD3A2, 0xD3A4, 0xD3A6, 0xD3A7, 0xD3C9, 0xD3CB, 0xD3EC, 0xCBED, 0xCC0F,
    0xCC10, 0xCC31, 0xCC52, 0xCC93, 0xCCB4, 0xC4B5, 0xCCB5, 0xCCD6, 0xCCD7, 0xCCF7, 0xCCF8, 0xCD18, 0xD519, 0xD51A, 0xD53B, 0xDD5B,
    0xD420, 0xD420, 0xD420, 0xD400, 0xD400, 0xD400, 0xD401, 0xD403, 0xD405, 0xD406, 0xD408, 0xD409, 0xD40B, 0xD42C, 0xD42E, 0xCC2F,
    0xCC50, 0xCC51, 0xCC72, 0xCC93, 0xC4D4, 0xC4D5, 0xC4D5, 0xCCF6, 0xCCF7, 0xCCF7, 0xCD18, 0xCD18, 0xD539, 0xD53A, 0xD53B, 0xDD5B,
    0xD460, 0xD460, 0xD460, 0xD460, 0xD460, 0xD460, 0xD462, 0xD464, 0xD465, 0xD467, 0xD468, 0xD44A, 0xD44B, 0xD44D, 0xD46E, 0xCC6F,
    0xCC90, 0xCC91, 0xC492, 0xCCB3, 0xCCD4, 0xC4F5, 0xC515, 0xCD16, 0xCD16, 0xCD17, 0xCD38, 0xCD38, 0xD539, 0xD55A, 0xD55B, 0xDD5B,
    0xD4C0, 0xD4C0, 0xD4A0, 0xD4A0, 0xD4A0, 0xD4C1, 0xD4C3, 0xD4A5, 0xD4A6, 0xCCA8, 0xD4A9, 0xD4AB, 0xD4AC, 0xD4AD, 0xCCAE, 0xCCAF,
    0xCCB1, 0xCCB1, 0xC4D2, 0xC4D3, 0xCCF4, 0xCD15, 0xC536, 0xC516, 0xCD37, 0xCD37, 0xCD38, 0xCD58, 0xCD59, 0xD55A, 0xD55B, 0xD57C,
    0xD500, 0xCD00, 0xD500, 0xD501, 0xCCE2, 0xCD04, 0xCD05, 0xCD07, 0xCD08, 0xCD09, 0xCCEA, 0xCCEC, 0xCCED, 0xCD0E, 0xCCEF, 0xCCF0,
    0xCCF1, 0xCCF2, 0xCCF3, 0xCCF3, 0xCD14, 0xCD35, 0xC556, 0xCD56, 0xCD57, 0xCD57, 0xCD58, 0xCD58, 0xCD79, 0xD57A, 0xD57B, 0xD59C,
    0xCD41, 0xCD42, 0xCD43, 0xCD44, 0xCD45, 0xCD46, 0xCD47, 0xCD48, 0xCD49, 0xCD4A, 0xCD4C, 0xCD4D, 0xCD4E, 0xCD4F, 0xCD30, 0xCD31,
    0xCD31, 0xCD32, 0xCD33, 0xCD33, 0xCD34, 0xCD55, 0xCD56, 0xCD56, 0xCD77, 0xCD77, 0xCD78, 0xCD78, 0xD579, 0xD59A, 0xD59B, 0xD59C,
    0xCD64, 0xCD65, 0xCD65, 0xCD66, 0xCD67, 0xCD68, 0xCD68, 0xCD69, 0xCD6A, 0xCD6C, 0xCD6D, 0xCD6E, 0xCD6F, 0xCD70, 0xCD70, 0xCD71,
    0xCD72, 0xCD73, 0xCD73, 0xCD54, 0xCD54, 0xCD55, 0xCD76, 0xCD76, 0xCD97, 0xCD97, 0xCD98, 0xCD99, 0xCD99, 0xD59A, 0xD5BB, 0xD5BC,
    0xC587, 0xC587, 0xC587, 0xC588, 0xC588, 0xC589, 0xC58A, 0xC58B, 0xC58C, 0xC58D, 0xC58E, 0xC58F, 0xC5B0, 0xC590, 0xCD91, 0xCD92,
    0xCD92, 0xCDB3, 0xC5B3, 0xCD94, 0xCD95, 0xCD95, 0xCD96, 0xCD96, 0xCD97, 0xCD98, 0xCDB8, 0xCDB9, 0xCDB9, 0xCDBA, 0xD5BB, 0xD5DC,
    0xBDA8, 0xBDA8, 0xBDA9, 0xBDA9, 0xBDAA, 0xC5AA, 0xC5AB, 0xC5AC, 0xC5AD, 0xC5AD, 0xC5AE, 0xC5AF, 0xC5B0, 0xC5B1, 0xC5B2, 0xC5B2,
    0xC5B3, 0xC5B3, 0xC5B4, 0xC5B4, 0xCDB5, 0xCDB5, 0xCDB6, 0xCDB6, 0xCDB7, 0xCDD8, 0xCDD8, 0xCDD9, 0xCDDA, 0xCDDA, 0xD5DB, 0xD5FC,
    0xBDCA, 0xBDCA, 0xBDCA, 0xBDCB, 0xBDCB, 0xBDCC, 0xBDCC, 0xBDCD, 0xBDCE, 0xBDCE, 0xBDCF, 0xBDD0, 0xBDD1, 0xC5D1, 0xC5D2, 0xC5D2,
    0xC5D3, 0xC5D3, 0xC5D4, 0xC5D5, 0xC5D5, 0xCDD6, 0xCDD6, 0xCDD6, 0xCDD7, 0xCDF8, 0xCDF8, 0xCDF9, 0xCDFA, 0xCDFA, 0xCDFB, 0xD61C,
    0xBDEC, 0xBDEC, 0xBDEC, 0xBDEC, 0xBDED, 0xBDED, 0xBDEE, 0xBDEE, 0xBDEF, 0xBDEF, 0xBDF0, 0xBDF1, 0xBDF1, 0xBDF2, 0xBDF2, 0xC5F3,
    0xC5F3, 0xC5F4, 0xC5F4, 0xC5F5, 0xC5F5, 0xC5F6, 0xC5F6, 0xCDF6, 0xCE17, 0xCE18, 0xCE18, 0xCE19, 0xCE1A, 0xCE1A, 0xCE1B, 0xCE3C,
    0xB60D, 0xB60E, 0xBE0E, 0xBE0E, 0xBE0E, 0xBE0F, 0xBE0F, 0xBE10, 0xBE10, 0xBE10, 0xBE11, 0xBE11, 0xBE12, 0xBE12, 0xBE13, 0xBE13,
    0xC614, 0xC614, 0xC614, 0xC615, 0xC615, 0xC616, 0xC616, 0xCE16, 0xCE37, 0xCE38, 0xCE38, 0xCE39, 0xCE3A, 0xCE3A, 0xCE3B, 0xCE5C,
    0xBE2F, 0xBE2F, 0xBE2F, 0xBE2F, 0xBE30, 0xBE30, 0xBE30, 0xBE30, 0xBE31, 0xBE31, 0xBE32, 0xBE32, 0xBE32, 0xBE33, 0xBE33, 0xC634,
    0xC634, 0xC634, 0xC635, 0xC635, 0xC636, 0xC636, 0xC657, 0xC637, 0xCE57, 0xCE58, 0xCE79, 0xCE79, 0xCE7A, 0xCE7A, 0xC67B, 0xC67C,
    0xBE70, 0xBE50, 0xBE51, 0xBE51, 0xBE51, 0xBE51, 0xBE71, 0xBE72, 0xBE52, 0xBE52, 0xBE52, 0xC653, 0xC653, 0xC653, 0xC674, 0xC674,
    0xC654, 0xC655, 0xC675, 0xC675, 0xC656, 0xC676, 0xC677, 0xC677, 0xCE77, 0xCE78, 0xCE99, 0xCE99, 0xCE9A, 0xCE9A, 0xC69B, 0xC6BC,
    0xBE92, 0xBE92, 0xBE92, 0xBE92, 0xC692, 0xC692, 0xC692, 0xC692, 0xC693, 0xC693, 0xC693, 0xC693, 0xC694, 0xC694, 0xC694, 0xC695,
    0xC695, 0xC695, 0xC695, 0xC696, 0xC696, 0xC697, 0xCE97, 0xC697, 0xCE98, 0xCEB8, 0xCEB9, 0xD6DA, 0xD6DA, 0xCEDB, 0xCEDB, 0xCEFC,
    0xC6D3, 0xC6D3, 0xC6D3, 0xC6D3, 0xC6D3, 0xC6D3, 0xC6D3, 0xC6D3, 0xC6D3, 0xC6D4, 0xC6D4, 0xC6D4, 0xC6D4, 0xC6D4, 0xC6D5, 0xC6D5,
    0xC6D5, 0xC6D6, 0xC6D6, 0xC6D6, 0xCED6, 0xCED7, 0xCED7, 0xCED8, 0xCED8, 0xCEF9, 0xCEF9, 0xD6FA, 0xD71A, 0xD71B, 0xCF1C, 0xCF3C,
    0xCF14, 0xC714, 0xC714, 0xCF14, 0xCF14, 0xCF14, 0xCF14, 0xCF14, 0xCF15, 0xCF15, 0xCF15, 0xCF15, 0xCF15, 0xCF15, 0xCF16, 0xCF16,
    0xCF16, 0xCF16, 0xCF16, 0xCF17, 0xCF17, 0xCF17, 0xCF18, 0xCF18, 0xCF19, 0xCF19, 0xD73A, 0xD73A, 0xD73B, 0xD75B, 0xD75C, 0xD77D,
    0xD000, 0xD000, 0xD000, 0xD000, 0xD000, 0xD001, 0xD002, 0xD003, 0xD004, 0xD005, 0xD806, 0xD807, 0xD808, 0xD809, 0xD80B, 0xD8AD,
    0xD94E, 0xD9D0, 0xD1F1, 0xD212, 0xD233, 0xD254, 0xD275, 0xD296, 0xD2D7, 0xD337, 0xD378, 0xD3D8, 0xDC19, 0xDC3A, 0xDC7B, 0xDCBB,
    0xD000, 0xD000, 0xD000, 0xD000, 0xD000, 0xD001, 0xD002, 0xD003, 0xD004, 0xD005, 0xD806, 0xD807, 0xD808, 0xD809, 0xD80B, 0xD8AD,
    0xD96E, 0xD9CF, 0xD9F1, 0xD212, 0xD233, 0xD254, 0xD275, 0xD2B6, 0xD2D7, 0xD337, 0xD378, 0xD3D8, 0xD419, 0xDC3A, 0xDC7A, 0xDCBB,
    0xD020, 0xD020, 0xD000, 0xD000, 0xD000, 0xD001, 0xD002, 0xD003, 0xD004, 0xD005, 0xD006, 0xD807, 0xD808, 0xD809, 0xD80B, 0xD8CD,
    0xD98E, 0xD9EF, 0xDA11, 0xD232, 0xD253, 0xD274, 0xD295, 0xD2B6, 0xD2F7, 0xD337, 0xD398, 0xD3D8, 0xD419, 0xDC5A, 0xDC7A, 0xDCBB,
    0xD060, 0xD060, 0xD040, 0xD040, 0xD020, 0xD801, 0xD002, 0xD003, 0xD004, 0xD005, 0xD006, 0xD807, 0xD808, 0xD809, 0xD84B, 0xD8ED,
    0xD9AE, 0xDA0F, 0xDA31, 0xD252, 0xD273, 0xD294, 0xD295, 0xD2D6, 0xD316, 0xD357, 0xD398, 0xD3D8, 0xD419, 0xDC5A, 0xDC7A, 0xDCBB,
    0xD8A0, 0xD0A0, 0xD0A0, 0xD080, 0xD060, 0xD860, 0xD022, 0xD023, 0xD004, 0xD006, 0xD006, 0xD807, 0xD808, 0xD809, 0xD88B, 0xD92D,
    0xD9CE, 0xDA30, 0xDA51, 0xD272, 0xD293, 0xD2B4, 0xD2B5, 0xD2D6, 0xD316, 0xD357, 0xD398, 0xD3F8, 0xD419, 0xDC5A, 0xDC9A, 0xDCBB,
    0xD900, 0xD0E0, 0xD0E0, 0xD0E0, 0xD0C0, 0xD8C0, 0xD8A1, 0xD083, 0xD084, 0xD085, 0xD086, 0xD047, 0xD808, 0xD809, 0xD8CB, 0xD96D,
    0xD9EE, 0xD250, 0xD291, 0xD292, 0xD2B3, 0xD2B4, 0xD2D5, 0xD2F6, 0xD336, 0xD377, 0xD3B8, 0xD3F8, 0xD439, 0xD47A, 0xDC9A, 0xDCBB,
    0xD940, 0xD120, 0xD920, 0xD920, 0xD920, 0xD900, 0xD901, 0xD0E3, 0xD0E4, 0xD0E5, 0xD107, 0xD8C8, 0xD8A8, 0xD8AA, 0xD92B, 0xD9AD,
    0xDA2E, 0xD290, 0xD2B1, 0xD2D2, 0xD2F3, 0xD2F4, 0xD315, 0xD336, 0xD377, 0xD397, 0xD3D8, 0xD419, 0xD459, 0xDC7A, 0xDCBA, 0xDCDB,
    0xD980, 0xD960, 0xD960, 0xD960, 0xD960, 0xD960, 0xD941, 0xD943, 0xD944, 0xD145, 0xD167, 0xD148, 0xD949, 0xD92A, 0xD98B, 0xD9ED,
    0xDA6F, 0xD2B0, 0xD2F1, 0xD312, 0xD313, 0xD334, 0xD355, 0xD376, 0xD397, 0xD3D7, 0xD3F8, 0xD438, 0xD459, 0xDC9A, 0xDCBA, 0xDCDB,
    0xD9C0, 0xD9C0, 0xD9C0, 0xD9A0, 0xD9A0, 0xD9A0, 0xD9A1, 0xD9A3, 0xD9A4, 0xD1A5, 0xD9A7, 0xD1C8, 0xD1C9, 0xD9AA, 0xD9EC, 0xDA2D,
    0xDA8F, 0xD2F0, 0xD331, 0xD352, 0xD353, 0xD374, 0xD375, 0xD396, 0xD3B7, 0xD3F7, 0xD418, 0xD458, 0xD479, 0xDC9A, 0xDCBA, 0xDCFB,
    0xDA00, 0xDA00, 0xDA00, 0xDA00, 0xD9E0, 0xD9E0, 0xD9E1, 0xD9E2, 0xD9E4, 0xD9E5, 0xDA07, 0xD228, 0xD229, 0xDA2B, 0xD22C, 0xD26D,
    0xD2CF, 0xD330, 0xD372, 0xD372, 0xD393, 0xD394, 0xD3B5, 0xD3B6, 0xD3F6, 0xD417, 0xD437, 0xD478, 0xD499, 0xD4BA, 0xDCDA, 0xDCFB,
    0xDA40, 0xDA40, 0xDA40, 0xDA40, 0xDA40, 0xDA20, 0xDA21, 0xDA22, 0xDA24, 0xDA25, 0xD247, 0xD268, 0xD269, 0xD26B, 0xD26C, 0xD2AD,
    0xD2EF, 0xD350, 0xD392, 0xD3B2, 0xD3B3, 0xD3D4, 0xD3D5, 0xD3F6, 0xD416, 0xD437, 0xD458, 0xD498, 0xD499, 0xD4BA, 0xDCDA, 0xDCFB,
    0xDA80, 0xDA80, 0xDA80, 0xDA80, 0xDA80, 0xDA60, 0xDA60, 0xDA62, 0xDA64, 0xDA85, 0xD287, 0xD2A8, 0xD2AA, 0xD2CB, 0xD2CC, 0xD2ED,
    0xD32F, 0xD370, 0xD3B2, 0xCBD2, 0xCBF3, 0xCBF4, 0xCC15, 0xCC16, 0xD436, 0xD457, 0xD478, 0xD498, 0xD4B9, 0xD4DA, 0xDCFA, 0xDD1B,
    0xDAC0, 0xDAC0, 0xDAC0, 0xDAC0, 0xDAC0, 0xDAC0, 0xDAA0, 0xDAA2, 0xDAA4, 0xDAC5, 0xDAC7, 0xD2E8, 0xD2EA, 0xD30B, 0xD30D, 0xD32E,
    0xD34F, 0xD390, 0xD3D2, 0xCC13, 0xCC34, 0xCC34, 0xCC35, 0xCC56, 0xCC56, 0xD477, 0xD498, 0xD4B8, 0xD4D9, 0xD4FA, 0xDCFA, 0xDD1B,
    0xDB00, 0xDB00, 0xDB00, 0xDB00, 0xDB00, 0xDB00, 0xDB00, 0xDB01, 0xDB04, 0xDB05, 0xDB07, 0xDB29, 0xD32A, 0xD34C, 0xD36D, 0xD36E,
    0xD38F, 0xD3D1, 0xD412, 0xD453, 0xCC74, 0xCC74, 0xCC75, 0xCC76, 0xCC96, 0xD4B7, 0xD4B8, 0xD4D8, 0xD4F9, 0xD51A, 0xDD1B, 0xDD3B,
    0xDB40, 0xDB40, 0xDB40, 0xDB40, 0xDB40, 0xDB40, 0xDB40, 0xDB41, 0xDB64, 0xDB65, 0xDB67, 0xDB69, 0xD38A, 0xD38C, 0xD3AD, 0xD3CE,
    0xD3CF, 0xD3F1, 0xD432, 0xCC53, 0xCC94, 0xCC95, 0xCC95, 0xCC96, 0xCCB7, 0xD4D7, 0xD4D8, 0xD4F9, 0xD4F9, 0xD51A, 0xDD3B, 0xDD5C,
    0xDBA0, 0xDBA0, 0xDBA0, 0xDBA0, 0xDBA0, 0xDBA0, 0xDBA0, 0xDBA2, 0xDBA4, 0xDBA6, 0xDBA7, 0xDBA9, 0xD3CA, 0xD3CC, 0xD3ED, 0xD3EE,
    0xD410, 0xCC11, 0xCC52, 0xCC73, 0xCCB4, 0xCCB5, 0xCCB5, 0xCCD6, 0xCCD6, 0xCCD7, 0xD4F8, 0xD4F8, 0xD519, 0xD53A, 0xDD3B, 0xDD5B,
    0xDC00, 0xDC00, 0xDC00, 0xDC00, 0xDC00, 0xDC00, 0xDBE0, 0xDBE2, 0xDBE4, 0xDBE6, 0xDC08, 0xDC09, 0xD40B, 0xD40C, 0xD40D, 0xD42F,
    0xCC50, 0xCC51, 0xCC72, 0xCC93, 0xCCB4, 0xCCD5, 0xCCF5, 0xCCF6, 0xCCF6, 0xD4F7, 0xD518, 0xD518, 0xD539, 0xD53A, 0xDD5B, 0xDD5B,
    0xDC60, 0xDC40, 0xDC40, 0xDC40, 0xDC40, 0xDC40, 0xDC41, 0xDC43, 0xDC45, 0xDC46, 0xDC48, 0xDC49, 0xD44B, 0xD44C, 0xD44D, 0xD46F,
    0xD470, 0xCC91, 0xCC92, 0xCCB3, 0xCCD4, 0xCCF5, 0xCD15, 0xCD16, 0xCD17, 0xD517, 0xD538, 0xD538, 0xD559, 0xD55A, 0xDD5B, 0xDD5B,
    0xDCA0, 0xDCA0, 0xD4A0, 0xD4A0, 0xD480, 0xD4A1, 0xD4A3, 0xD4A4, 0xD486, 0xD4A7, 0xD489, 0xD48A, 0xD48B, 0xD48D, 0xD48E, 0xD48F,
    0xD4B0, 0xD4B1, 0xCCB2, 0xCCD3, 0xCCF4, 0xCD15, 0xCD35, 0xCD36, 0xCD37, 0xCD37, 0xD558, 0xD558, 0xD559, 0xD55A, 0xDD7B, 0xDD7C,
    0xD4E0, 0xD4E0, 0xD4E0, 0xD4E1, 0xD4E2, 0xD4E3, 0xD4E5, 0xD4E6, 0xD4E7, 0xD4E9, 0xD4EA, 0xD4EB, 0xD4EC, 0xD4EE, 0xD4EF, 0xD4F0,
    0xD4F1, 0xD4F1, 0xCCF2, 0xCCF3, 0xCD14, 0xCD15, 0xCD36, 0xCD56, 0xCD57, 0xCD57, 0xD558, 0xD559, 0xD579, 0xD57A, 0xD59B, 0xDD9C,
    0xD521, 0xD521, 0xD522, 0xD523, 0xD524, 0xD525, 0xD526, 0xD528, 0xD529, 0xD52A, 0xD52B, 0xD52C, 0xD52D, 0xD52E, 0xD52F, 0xD530,
    0xD531, 0xCD32, 0xCD33, 0xCD33, 0xCD34, 0xCD35, 0xCD56, 0xCD76, 0xCD77, 0xCD77, 0xD578, 0xD579, 0xD599, 0xD59A, 0xD59B, 0xDDBC,
    0xD564, 0xD564, 0xD565, 0xD566, 0xD566, 0xD567, 0xD568, 0xD569, 0xD56A, 0xD56B, 0xD56C, 0xD56D, 0xD56E, 0xD56F, 0xD570, 0xD571,
    0xCD72, 0xCD72, 0xCD53, 0xCD53, 0xCD54, 0xCD55, 0xCD76, 0xCD76, 0xCD97, 0xCD97, 0xD598, 0xD5B9, 0xD599, 0xD5BA, 0xD5BB, 0xDDBC,
    0xCD86, 0xD5A7, 0xCDA7, 0xCDA8, 0xD5A8, 0xD589, 0xCD8A, 0xCD8B, 0xCD8C, 0xCDAC, 0xCD8D, 0xCD8E, 0xCDAF, 0xCD90, 0xCD91, 0xCD91,
    0xCD92, 0xCD93, 0xCD93, 0xCD94, 0xCD74, 0xCD75, 0xCD75, 0xCD96, 0xCD97, 0xD5B7, 0xD5B8, 0xD5B9, 0xD5BA, 0xD5BA, 0xD5DB, 0xDDDC,
    0xCDA8, 0xCDA8, 0xCDA9, 0xCDA9, 0xCDA9, 0xCDAA, 0xCDAB, 0xCDAC, 0xCDAC, 0xCDAD, 0xCDAE, 0xCDAF, 0xCDB0, 0xCDB1, 0xCDB1, 0xCDD2,
    0xCDD3, 0xCDD3, 0xCDD4, 0xCDB4, 0xCDB5, 0xCDB5, 0xCDB6, 0xCDB6, 0xCDB7, 0xCDD8, 0xD5D8, 0xD5D9, 0xD5DA, 0xD5DA, 0xD5DB, 0xD5FC,
    0xC5CA, 0xC5CA, 0xC5CA, 0xC5CA, 0xC5CB, 0xC5CC, 0xC5CC, 0xC5CD, 0xC5CE, 0xC5CE, 0xC5CF, 0xC5D0, 0xC5D0, 0xC5D1, 0xCDD2, 0xCDD2,
    0xCDD3, 0xCDD3, 0xCDD4, 0xCDD4, 0xCDD5, 0xCDF6, 0xCDD6, 0xCDD6, 0xCDD7, 0xCDF8, 0xD5F8, 0xD5F9, 0xD5FA, 0xD5FA, 0xD5FB, 0xD61C,
    0xC5EB, 0xC5EC, 0xC5EC, 0xC5EC, 0xBDEC, 0xC5ED, 0xC5EE, 0xC5EE, 0xC5EF, 0xC5EF, 0xC5F0, 0xC5F0, 0xC5F1, 0xC5F2, 0xC5F2, 0xC5F3,
    0xC5F3, 0xC5F4, 0xCDF4, 0xCDF5, 0xCE15, 0xCE16, 0xCE16, 0xCE16, 0xCE17, 0xCE18, 0xD618, 0xD619, 0xD61A, 0xD61A, 0xD61B, 0xD63C,
    0xBE0D, 0xBE0D, 0xBE0D, 0xBE0E, 0xBE0E, 0xBE0E, 0xC60F, 0xC60F, 0xC610, 0xC610, 0xC611, 0xC611, 0xC612, 0xC612, 0xC613, 0xC613,
    0xC634, 0xC614, 0xCE14, 0xCE35, 0xCE35, 0xCE36, 0xCE37, 0xCE37, 0xCE37, 0xD638, 0xD639, 0xD639, 0xD63A, 0xD63A, 0xD65B, 0xD65C,
    0xBE2F, 0xBE2F, 0xC62F, 0xC62F, 0xBE2F, 0xBE30, 0xC630, 0xC630, 0xC631, 0xC631, 0xC632, 0xC632, 0xC652, 0xC633, 0xC633, 0xC654,
    0xC654, 0xC654, 0xCE55, 0xCE55, 0xCE56, 0xCE56, 0xCE57, 0xCE57, 0xCE57, 0xCE58, 0xD679, 0xD679, 0xCE7A, 0xCE7A, 0xCE7B, 0xCE7C,
    0xC670, 0xC670, 0xC670, 0xC671, 0xC671, 0xC671, 0xC671, 0xC671, 0xC672, 0xC672, 0xC672, 0xC673, 0xC673, 0xC673, 0xC674, 0xC674,
    0xC674, 0xC674, 0xCE75, 0xCE75, 0xCE76, 0xCE76, 0xCE76, 0xCE77, 0xCE77, 0xCE78, 0xD699, 0xD699, 0xD69A, 0xCE9B, 0xCE9B, 0xCEBC,
    0xC691, 0xC692, 0xC692, 0xC692, 0xC692, 0xC692, 0xC692, 0xC692, 0xC692, 0xC693, 0xC693, 0xC693, 0xC694, 0xC694, 0xC694, 0xCEB4,
    0xCE95, 0xCE95, 0xCE95, 0xCE96, 0xCE96, 0xCEB6, 0xCE97, 0xCEB7, 0xCEB8, 0xCEB8, 0xD6B9, 0xD6D9, 0xD6DA, 0xD6DB, 0xCEDB, 0xCEFC,
    0xCED3, 0xCED3, 0xCED3, 0xC6D3, 0xC6D3, 0xCED3, 0xCED3, 0xCED3, 0xCED3, 0xCED4, 0xCED4, 0xCED4, 0xCED4, 0xCED4, 0xCED5, 0xCED5,
    0xCED5, 0xCED6, 0xCED6, 0xCED6, 0xCED6, 0xCED7, 0xCED7, 0xCED8, 0xCED8, 0xCED9, 0xD6F9, 0xD6FA, 0xD71A, 0xD71B, 0xD71C, 0xD73C,
    0xCF34, 0xCF14, 0xCF14, 0xCF14, 0xCF14, 0xCF14, 0xCF14, 0xCF14, 0xCF14, 0xCF15, 0xCF15, 0xCF15, 0xCF15, 0xCF15, 0xCF16, 0xCF16,
    0xCF16, 0xCF16, 0xCF16, 0xCF37, 0xCF37, 0xCF17, 0xD718, 0xCF38, 0xCF39, 0xCF39, 0xD73A, 0xD73A, 0xD73B, 0xD75B, 0xD75C, 0xD75D,
    0xD800, 0xD800, 0xD800, 0xD800, 0xD800, 0xD801, 0xD802, 0xD803, 0xD804, 0xD805, 0xD806, 0xE007, 0xE008, 0xE009, 0xE00B, 0xE08C,
    0xE14E, 0xD9CF, 0xDA31, 0xDA51, 0xDA72, 0xDA73, 0xDA94, 0xDAB6, 0xDAF6, 0xDB37, 0xDB78, 0xDBD8, 0xDBF9, 0xDC3A, 0xDC9B, 0xE4BB,
    0xD800, 0xD800, 0xD800, 0xD800, 0xD800, 0xD801, 0xD802, 0xD803, 0xD804, 0xD805, 0xD806, 0xD807, 0xE008, 0xE009, 0xE00B, 0xE0AC,
    0xE16E, 0xD9EF, 0xDA31, 0xDA51, 0xDA72, 0xDA94, 0xDAB4, 0xDAB5, 0xDAF6, 0xDB37, 0xDB78, 0xDBD9, 0xDC19, 0xDC5A, 0xDC9A, 0xE4BB,
    0xD820, 0xD820, 0xD820, 0xD800, 0xD800, 0xD801, 0xD802, 0xD803, 0xD804, 0xD805, 0xD806, 0xD807, 0xE008, 0xE009, 0xE00B, 0xE0CC,
    0xE18E, 0xDA0F, 0xDA51, 0xDA72, 0xDA93, 0xDAB4, 0xD2B4, 0xDAD5, 0xDB16, 0xDB37, 0xDB98, 0xDBD9, 0xDC19, 0xDC5A, 0xE49A, 0xE4BB,
    0xD860, 0xD860, 0xD860, 0xD840, 0xD820, 0xD820, 0xD802, 0xD803, 0xD804, 0xD805, 0xD806, 0xD807, 0xE008, 0xE009, 0xE02B, 0xE0EC,
    0xE1AE, 0xDA0F, 0xDA71, 0xDA92, 0xDA93, 0xDAB4, 0xDAD5, 0xD2F5, 0xDB16, 0xDB57, 0xDB98, 0xDBD8, 0xDC19, 0xDC5A, 0xE49A, 0xE4BB,
    0xD8C0, 0xD8A0, 0xD8A0, 0xD880, 0xD880, 0xD860, 0xD841, 0xD823, 0xD824, 0xD825, 0xD826, 0xD807, 0xE008, 0xD809, 0xD86B, 0xE12C,
    0xD9AE, 0xDA2F, 0xDA71, 0xDA91, 0xDAB3, 0xDAD4, 0xDAD5, 0xD2F5, 0xD336, 0xDB57, 0xDB98, 0xDBF8, 0xDC19, 0xDC5A, 0xDC9A, 0xE4DB,
    0xD900, 0xD8E0, 0xD8E0, 0xD8E0, 0xD8C0, 0xD8C0, 0xD8A1, 0xD8A3, 0xD884, 0xD885, 0xD8A6, 0xD867, 0xD828, 0xD809, 0xD8AB, 0xD94C,
    0xD9EE, 0xDA4F, 0xDA91, 0xDAB2, 0xDAD3, 0xDAF4, 0xD315, 0xD315, 0xD336, 0xDB77, 0xDBB8, 0xDBF8, 0xDC39, 0xDC7A, 0xDC9B, 0xE4DB,
    0xD940, 0xD920, 0xD920, 0xD920, 0xD900, 0xD900, 0xD901, 0xD903, 0xD8E4, 0xD905, 0xD906, 0xD908, 0xD8C8, 0xD8A9, 0xD92B, 0xD9AD,
    0xDA2E, 0xDA90, 0xDAD1, 0xDAF2, 0xDB13, 0xDB14, 0xD335, 0xD355, 0xD376, 0xDBB7, 0xDBD8, 0xDC18, 0xDC59, 0xDC7A, 0xDCBA, 0xE4DB,
    0xD980, 0xD980, 0xD960, 0xD960, 0xD960, 0xD960, 0xD941, 0xD943, 0xD944, 0xD965, 0xD967, 0xD968, 0xD969, 0xD94A, 0xD98B, 0xD9ED,
    0xDA4E, 0xDAB0, 0xDB11, 0xDB32, 0xDB53, 0xD354, 0xD375, 0xD376, 0xD3B6, 0xD3D7, 0xDBF8, 0xDC38, 0xDC79, 0xDC9A, 0xDCBA, 0xE4FB,
    0xD9C0, 0xD9C0, 0xD9C0, 0xD9C0, 0xE1A0, 0xD9A0, 0xD9A1, 0xD9A3, 0xD9A4, 0xD9A5, 0xD9A7, 0xD9C8, 0xD9C9, 0xD9CA, 0xD9CB, 0xDA2D,
    0xDA8E, 0xDAF0, 0xDB31, 0xDB52, 0xD373, 0xD394, 0xD395, 0xD3B5, 0xD3D6, 0xD3F7, 0xDC18, 0xDC58, 0xDC79, 0xDC9A, 0xDCDA, 0xE4FB,
    0xDA00, 0xE200, 0xE200, 0xE1E0, 0xE1E0, 0xE1E0, 0xE1E1, 0xD9E2, 0xD9E4, 0xD9E5, 0xDA07, 0xDA08, 0xDA29, 0xDA2B, 0xDA0C, 0xDA6D,
    0xDAAF, 0xDB10, 0xDB71, 0xD392, 0xD3B3, 0xD3B4, 0xD3D5, 0xD3D5, 0xD3F6, 0xD417, 0xD438, 0xD478, 0xDC99, 0xDCBA, 0xDCDA, 0xE51B,
    0xE240, 0xDA40, 0xDA40, 0xDA40, 0xDA20, 0xE220, 0xE220, 0xDA22, 0xDA24, 0xDA45, 0xDA47, 0xDA68, 0xDA69, 0xDA6B, 0xDA6C, 0xDA8D,
    0xDACF, 0xDB30, 0xD371, 0xD3B2, 0xD3D3, 0xD3F4, 0xD3F5, 0xD3F5, 0xD416, 0xD437, 0xD458, 0xD478, 0xDC99, 0xDCBA, 0xDCFA, 0xE51B,
    0xE280, 0xE280, 0xDA80, 0xDA80, 0xDA60, 0xE260, 0xE260, 0xDA62, 0xDA64, 0xDA85, 0xDA87, 0xDAA8, 0xDAA9, 0xDAAB, 0xDACC, 0xDACD,
    0xDB0F, 0xD350, 0xD3B1, 0xD3F2, 0xD413, 0xD414, 0xD415, 0xD435, 0xD436, 0xD457, 0xD478, 0xD498, 0xDCB9, 0xDCDA, 0xDCFA, 0xE51B,
    0xE2C0, 0xE2C0, 0xE2C0, 0xE2A0, 0xE2A0, 0xE2A0, 0xE2A0, 0xE2A2, 0xDAA4, 0xDAC5, 0xDAC7, 0xDAC8, 0xDAEA, 0xDB0B, 0xD30C, 0xD32D,
    0xD34F, 0xD390, 0xD3D1, 0xD413, 0xD433, 0xD454, 0xD455, 0xD456, 0xD476, 0xD477, 0xD498, 0xD4B8, 0xDCD9, 0xDCFA, 0xDD1A, 0xE53B,
    0xE300, 0xE300, 0xE300, 0xE300, 0xE300, 0xE300, 0xE2E0, 0xE301, 0xE304, 0xE305, 0xDB07, 0xDB28, 0xDB2A, 0xDB4B, 0xDB6D, 0xD36E,
    0xD38F, 0xD3B0, 0xD3F2, 0xD433, 0xD474, 0xD474, 0xD475, 0xD496, 0xD496, 0xD4B7, 0xD4B8, 0xD4D8, 0xDCF9, 0xDD1A, 0xDD3B, 0xE53B,
    0xE340, 0xE340, 0xE340, 0xE340, 0xE340, 0xE340, 0xE340, 0xE341, 0xE344, 0xE345, 0xDB47, 0xDB68, 0xDB6A, 0xDB8C, 0xDBAD, 0xD3AE,
    0xD3CF, 0xD3D0, 0xD411, 0xD453, 0xD494, 0xD494, 0xD4B5, 0xD4B6, 0xD4B6, 0xD4D7, 0xD4D8, 0xD4F8, 0xDCF9, 0xDD1A, 0xDD3B, 0xE55B,
    0xE380, 0xE380, 0xE380, 0xE380, 0xE380, 0xE380, 0xE380, 0xE381, 0xE384, 0xE385, 0xDBA7, 0xDBA9, 0xDBAA, 0xDBCC, 0xDBCD, 0xD3EE,
    0xD40F, 0xD411, 0xD432, 0xD473, 0xD4B4, 0xD4D5, 0xD4D5, 0xD4D6, 0xD4D6, 0xD4F7, 0xD4F8, 0xD519, 0xDD19, 0xDD3A, 0xDD3B, 0xE55B,
    0xDBE0, 0xDBE0, 0xE3E0, 0xE3E0, 0xE3E0, 0xE3E0, 0xE3E0, 0xE3E2, 0xE3E4, 0xDBE6, 0xDBE7, 0xDBE9, 0xDBEA, 0xDC0C, 0xDC0D, 0xD42E,
    0xD430, 0xD451, 0xD452, 0xD493, 0xD4B4, 0xD4D5, 0xD4F5, 0xD4F6, 0xD4F6, 0xD4F7, 0xD518, 0xD518, 0xDD39, 0xDD5A, 0xDD5B, 0xE55B,
    0xDC40, 0xDC40, 0xDC20, 0xDC20, 0xDC20, 0xE420, 0xDC21, 0xDC22, 0xDC24, 0xDC26, 0xDC28, 0xDC29, 0xDC2B, 0xDC4C, 0xDC4D, 0xD46F,
    0xD470, 0xD471, 0xD491, 0xD493, 0xD4B4, 0xD4F5, 0xD515, 0xD516, 0xD516, 0xD517, 0xD538, 0xD538, 0xDD59, 0xDD5A, 0xDD5B, 0xDD7C,
    0xDC80, 0xDC80, 0xDC80, 0xDC80, 0xDC80, 0xDC80, 0xDC82, 0xDC84, 0xDC85, 0xDC87, 0xDC88, 0xDC8A, 0xDC8B, 0xDC8D, 0xDC8D, 0xD48F,
    0xD490, 0xD4B1, 0xD4B2, 0xD4B3, 0xD4D3, 0xD4F5, 0xD515, 0xD536, 0xD537, 0xD537, 0xD538, 0xD558, 0xDD59, 0xDD7A, 0xDD7B, 0xE59C,
    0xDCC0, 0xDCC0, 0xDCE0, 0xDCE0, 0xDCC1, 0xDCC3, 0xDCC4, 0xDCE6, 0xDCC7, 0xDCC8, 0xDCC9, 0xDCCB, 0xDCCC, 0xDCED, 0xDCCE, 0xD4CF,
    0xD4F0, 0xD4F1, 0xD4F2, 0xD4F3, 0xD4F4, 0xD515, 0xD535, 0xD556, 0xD557, 0xD557, 0xD558, 0xD559, 0xDD79, 0xDD7A, 0xDD9B, 0xE59C,
    0xDD01, 0xDD21, 0xDD21, 0xDD22, 0xDD23, 0xDD25, 0xDD26, 0xDD27, 0xDD28, 0xDD29, 0xDD0B, 0xD50C, 0xD52D, 0xD52E, 0xD50F, 0xD510,
    0xD531, 0xD532, 0xD532, 0xD533, 0xD534, 0xD535, 0xD555, 0xD556, 0xD577, 0xD577, 0xD578, 0xD579, 0xDD99, 0xDD9A, 0xDD9B, 0xE5BC,
    0xDD43, 0xDD43, 0xD564, 0xD565, 0xD566, 0xD547, 0xD548, 0xD569, 0xD56A, 0xD54B, 0xD54C, 0xD54D, 0xD54E, 0xD54F, 0xD550, 0xD551,
    0xD551, 0xD552, 0xD553, 0xD553, 0xD554, 0xD555, 0xD555, 0xD576, 0xD577, 0xD597, 0xD598, 0xD599, 0xD5BA, 0xDDBA, 0xDDBB, 0xE5DC,
    0xD586, 0xD587, 0xD587, 0xD587, 0xD588, 0xD588, 0xD589, 0xD58A, 0xD58B, 0xD58C, 0xD58D, 0xD58E, 0xD58F, 0xD590, 0xD591, 0xD591,
    0xD592, 0xD593, 0xD593, 0xD574, 0xD574, 0xD575, 0xD575, 0xD596, 0xD597, 0xD5B7, 0xD5B8, 0xD5B9, 0xDDBA, 0xDDDA, 0xDDDB, 0xDDDC,
    0xD5C8, 0xD5C8, 0xD5C9, 0xD5C9, 0xD5A9, 0xD5CA, 0xD5CB, 0xD5CC, 0xD5CC, 0xD5CD, 0xD5CE, 0xD5CF, 0xD5D0, 0xD5D0, 0xD5D1, 0xD5D2,
    0xD5D2, 0xD5D3, 0xD5B3, 0xD5B4, 0xD5B5, 0xD5B5, 0xD5B6, 0xD5B6, 0xD5B7, 0xD5D8, 0xD5D8, 0xD5D9, 0xDDDA, 0xDDFA, 0xDDFB, 0xDE1C,
    0xCDCA, 0xCDCA, 0xCDCA, 0xCDCA, 0xCDCB, 0xCDCB, 0xCDCC, 0xCDCD, 0xCDCD, 0xCDCE, 0xCDCF, 0xCDF0, 0xCDF0, 0xCDF1, 0xCDF2, 0xCDF2,
    0xD5F3, 0xD5F3, 0xD5F4, 0xD5F4, 0xD5D5, 0xD5D5, 0xD5D6, 0xD5D6, 0xD5D7, 0xD5D8, 0xD5F8, 0xD5F9, 0xDDFA, 0xDDFA, 0xDE1B, 0xDE1C,
    0xCDEB, 0xCDEC, 0xCDEC, 0xC5EC, 0xC5EC, 0xCDED, 0xCDED, 0xCDEE, 0xCDEF, 0xCDEF, 0xCDF0, 0xCDF0, 0xCDF1, 0xCDF2, 0xCDF2, 0xCDF3,
    0xCE13, 0xCE14, 0xCE14, 0xCE15, 0xD615, 0xD616, 0xD616, 0xD616, 0xD617, 0xD618, 0xD618, 0xD619, 0xD61A, 0xDE3A, 0xDE3B, 0xDE3C,
    0xC60D, 0xC60D, 0xC60D, 0xC60D, 0xC60E, 0xC60E, 0xC60F, 0xC60F, 0xC610, 0xC610, 0xCE11, 0xCE11, 0xCE12, 0xCE12, 0xCE13, 0xCE13,
    0xCE34, 0xCE34, 0xCE34, 0xCE35, 0xCE35, 0xD636, 0xD636, 0xD637, 0xD637, 0xD638, 0xD638, 0xD659, 0xD65A, 0xD65B, 0xD65B, 0xDE5C,
    0xC62F, 0xC62F, 0xC62F, 0xC62F, 0xC62F, 0xC630, 0xC650, 0xCE50, 0xCE31, 0xC631, 0xCE32, 0xCE52, 0xCE52, 0xCE53, 0xCE53, 0xCE54,
    0xCE54, 0xCE54, 0xCE55, 0xCE55, 0xCE56, 0xCE56, 0xD656, 0xD677, 0xD677, 0xD678, 0xD679, 0xD67A, 0xD67A, 0xD67A, 0xD67B, 0xD69C,
    0xC670, 0xC670, 0xC670, 0xC671, 0xC671, 0xC671, 0xCE71, 0xCE71, 0xCE71, 0xCE72, 0xCE72, 0xCE73, 0xCE73, 0xCE73, 0xCE74, 0xCE74,
    0xCE74, 0xCE75, 0xCE75, 0xCE75, 0xCE76, 0xCE76, 0xCE96, 0xD697, 0xD698, 0xD698, 0xD699, 0xD699, 0xD69A, 0xD69B, 0xD6BB, 0xD6BC,
    0xCE91, 0xCE92, 0xCE92, 0xC6B2, 0xC6B2, 0xCEB2, 0xCEB2, 0xCE92, 0xCE92, 0xCE93, 0xCEB3, 0xCEB3, 0xCE93, 0xCE94, 0xCEB4, 0xCEB4,
    0xCEB5, 0xCEB5, 0xCEB6, 0xCEB6, 0xCEB6, 0xCEB6, 0xCEB7, 0xD6B7, 0xD6B8, 0xD6B8, 0xD6B9, 0xD6D9, 0xD6DA, 0xD6DB, 0xD6DC, 0xD6FD,
    0xCED3, 0xCED3, 0xCED3, 0xCED3, 0xCED3, 0xCED3, 0xCED3, 0xCED3, 0xCED3, 0xCED4, 0xCED4, 0xCED4, 0xCED4, 0xCED4, 0xCED5, 0xCED5,
    0xCEF5, 0xCEF5, 0xCED6, 0xD6F6, 0xD6F6, 0xD6F7, 0xD6F7, 0xD6F8, 0xD6F8, 0xD6F9, 0xD6F9, 0xD6FA, 0xD71A, 0xDF1B, 0xD71C, 0xD73D,
    0xD734, 0xD714, 0xD714, 0xD714, 0xD714, 0xD714, 0xD714, 0xD714, 0xD714, 0xD715, 0xD735, 0xD715, 0xD715, 0xD715, 0xD735, 0xD736,
    0xD736, 0xD736, 0xD736, 0xD736, 0xD737, 0xD737, 0xD738, 0xD738, 0xD739, 0xD739, 0xD71A, 0xD73A, 0xDF5B, 0xDF5B, 0xDF5C, 0xDF7D,
    0xE000, 0xE000, 0xE000, 0xE000, 0xE000, 0xE000, 0xE002, 0xE003, 0xD804, 0xE005, 0xE006, 0xE007, 0xE008, 0xE009, 0xE00A, 0xE08C,
    0xE14E, 0xE1EF, 0xE251, 0xE291, 0xDAB2, 0xDAB3, 0xDAD4, 0xDAF5, 0xDB16, 0xDB37, 0xDB98, 0xDBD8, 0xDC19, 0xE45A, 0xE49A, 0xE4DB,
    0xE000, 0xE000, 0xE000, 0xE000, 0xE000, 0xE000, 0xE001, 0xE003, 0xE004, 0xE005, 0xE006, 0xE007, 0xE008, 0xE009, 0xE00A, 0xE0AC,
    0xE16E, 0xE1EF, 0xE271, 0xE292, 0xE2B2, 0xDAD3, 0xDAD4, 0xDAF5, 0xDB16, 0xDB37, 0xDB98, 0xDBD9, 0xDC19, 0xE45A, 0xE49A, 0xE4DB,
    0xE040, 0xE040, 0xE020, 0xE000, 0xE000, 0xE000, 0xE001, 0xE003, 0xE004, 0xE005, 0xE006, 0xE007, 0xE008, 0xE009, 0xE00B, 0xE0CC,
    0xE18E, 0xE20F, 0xE271, 0xE292, 0xDAB3, 0xDAD3, 0xDAF4, 0xDAF5, 0xDB16, 0xDB57, 0xDB98, 0xDBD9, 0xDC19, 0xE45A, 0xE49A, 0xE4DB,
    0xE080, 0xE080, 0xE060, 0xE040, 0xE040, 0xE020, 0xE001, 0xE003, 0xE004, 0xE005, 0xE006, 0xE007, 0xE008, 0xE009, 0xE02B, 0xE0EC,
    0xE18E, 0xE20F, 0xE291, 0xDAB2, 0xDAD3, 0xDAF3, 0xDAF4, 0xDB15, 0xDB36, 0xDB57, 0xDB98, 0xDBD9, 0xDC19, 0xE45A, 0xE49A, 0xE4DB,
    0xE0C0, 0xE0A0, 0xE0A0, 0xE0A0, 0xE080, 0xE060, 0xE061, 0xE042, 0xE044, 0xE045, 0xE066, 0xE047, 0xE008, 0xE009, 0xE04A, 0xE10C,
    0xE1AD, 0xE22F, 0xE291, 0xE2B1, 0xDAD2, 0xDAF3, 0xDB14, 0xDB15, 0xDB36, 0xDB77, 0xDBB8, 0xDBF8, 0xDC19, 0xE45A, 0xE49A, 0xE4DB,
    0xE100, 0xE100, 0xE0E0, 0xE0E0, 0xE0C0, 0xE0C0, 0xE0C1, 0xE0A2, 0xE0A4, 0xE0A5, 0xE0C6, 0xE0A7, 0xE068, 0xE029, 0xE0AA, 0xE14C,
    0xE1CE, 0xE24F, 0xE2B1, 0xDAD2, 0xDAF3, 0xDB13, 0xDB34, 0xDB35, 0xDB56, 0xDB97, 0xDBB8, 0xDBF8, 0xDC39, 0xE47A, 0xE49B, 0xE4DB,
    0xE140, 0xE140, 0xE120, 0xE120, 0xE120, 0xE100, 0xE101, 0xE102, 0xE104, 0xE105, 0xE126, 0xE127, 0xE108, 0xE0C9, 0xE12B, 0xE18C,
    0xE20E, 0xE28F, 0xE2D1, 0xDB12, 0xDB33, 0xDB54, 0xDB55, 0xDB75, 0xDB96, 0xDBB7, 0xDBF8, 0xDC18, 0xDC59, 0xE47A, 0xE4BA, 0xE4DB,
    0xE180, 0xE180, 0xE160, 0xE160, 0xE160, 0xE160, 0xE141, 0xE142, 0xE144, 0xE165, 0xE166, 0xE188, 0xE189, 0xE16A, 0xE18B, 0xE1ED,
    0xE24E, 0xE2B0, 0xDB11, 0xDB52, 0xDB73, 0xDB74, 0xDB95, 0xDB95, 0xDBB6, 0xDBD7, 0xDC18, 0xDC38, 0xDC79, 0xE49A, 0xE4BA, 0xE4FB,
    0xE1C0, 0xE1C0, 0xE1C0, 0xE1A0, 0xE1A0, 0xE1A0, 0xE1A1, 0xE1A2, 0xE1A4, 0xE1A5, 0xE1A6, 0xE1C8, 0xE1E9, 0xE1CA, 0xE1CB, 0xE22D,
    0xE28E, 0xDAF0, 0xDB31, 0xDB72, 0xDB93, 0xDBB4, 0xDBB5, 0xD3D5, 0xD3D6, 0xDBF7, 0xDC18, 0xDC58, 0xDC79, 0xE49A, 0xE4DA, 0xE4FB,
    0xE200, 0xE200, 0xE200, 0xE1E0, 0xE1E0, 0xE1E0, 0xE1E1, 0xE1E2, 0xE1E4, 0xE1E5, 0xE206, 0xE228, 0xE229, 0xE24A, 0xE22B, 0xE26D,
    0xDAAE, 0xDB10, 0xDB51, 0xDB92, 0xDBD3, 0xDBD4, 0xDBF5, 0xD3F5, 0xD416, 0xD417, 0xDC38, 0xDC78, 0xDC99, 0xDCBA, 0xE4DA, 0xE51B,
    0xE240, 0xE240, 0xE240, 0xE240, 0xE220, 0xE220, 0xE220, 0xE222, 0xE223, 0xE225, 0xE246, 0xE248, 0xDA69, 0xDA8B, 0xDA6C, 0xDA8D,
    0xDACE, 0xDB30, 0xDB71, 0xDBB2, 0xDBF3, 0xDC14, 0xD415, 0xD415, 0xD436, 0xD437, 0xDC58, 0xDC78, 0xDC99, 0xDCDA, 0xE4FA, 0xE51B,
    0xE280, 0xE280, 0xE280, 0xE260, 0xE260, 0xE260, 0xE260, 0xE261, 0xE263, 0xE285, 0xE286, 0xE288, 0xDAA9, 0xDAAB, 0xDACC, 0xDACD,
    0xDB0E, 0xDB50, 0xDB91, 0xDBD2, 0xDC13, 0xD434, 0xD435, 0xD435, 0xD456, 0xD457, 0xDC78, 0xDC98, 0xDCB9, 0xDCDA, 0xE4FA, 0xE51B,
    0xE2C0, 0xE2A0, 0xE2A0, 0xE2A0, 0xE2A0, 0xE2A0, 0xE2A0, 0xE2A1, 0xE2A3, 0xE2C5, 0xE2C6, 0xE2C8, 0xE2E9, 0xDAEB, 0xDB0C, 0xDB2D,
    0xDB2E, 0xDB70, 0xDBB1, 0xDC12, 0xD433, 0xD454, 0xD455, 0xD455, 0xD476, 0xD477, 0xDC98, 0xDCB8, 0xDCD9, 0xE4FA, 0xE51A, 0xE53B,
    0xE300, 0xE300, 0xE300, 0xE2E0, 0xE2E0, 0xE2E0, 0xE2E0, 0xE2E1, 0xE303, 0xE305, 0xE307, 0xE328, 0xE32A, 0xE34B, 0xDB4C, 0xDB6E,
    0xDB8F, 0xDBB0, 0xDBF1, 0xD433, 0xD454, 0xD494, 0xD495, 0xD496, 0xD496, 0xD4B7, 0xD4B8, 0xDCD8, 0xDCF9, 0xE51A, 0xE51B, 0xE53C,
    0xE340, 0xE340, 0xEB40, 0xEB40, 0xE340, 0xE340, 0xE340, 0xE341, 0xE343, 0xE345, 0xE347, 0xE368, 0xE36A, 0xDB8B, 0xDB8D, 0xDBAE,
    0xDBAF, 0xDBD0, 0xDC11, 0xD452, 0xD473, 0xD4B4, 0xD4B5, 0xD4B6, 0xD4B6, 0xD4D7, 0xD4D8, 0xDCF8, 0xDCF9, 0xDD1A, 0xE53B, 0xE55B,
    0xE380, 0xE380, 0xE380, 0xE380, 0xE380, 0xE380, 0xE380, 0xE381, 0xE384, 0xE385, 0xE3A7, 0xE3A9, 0xE3AA, 0xDBCB, 0xDBCD, 0xDBEE,
    0xDBEF, 0xD410, 0xD431, 0xD452, 0xD493, 0xD4B4, 0xD4D5, 0xD4D6, 0xD4D6, 0xD4F7, 0xD4F8, 0xDCF8, 0xDD19, 0xDD3A, 0xE55B, 0xE55C,
    0xE3C0, 0xE3C0, 0xE3C0, 0xE3C0, 0xE3C0, 0xE3C0, 0xE3C0, 0xE3C1, 0xE3C4, 0xE3C6, 0xE3E7, 0xE3E9, 0xE3EA, 0xDBEC, 0xDC0D, 0xDC2E,
    0xDC2F, 0xD431, 0xD451, 0xD472, 0xD4B3, 0xD4D4, 0xD4F5, 0xD4F6, 0xD4F6, 0xD4F7, 0xD518, 0xDD18, 0xDD39, 0xDD3A, 0xE55B, 0xE57C,
    0xE420, 0xE420, 0xE420, 0xE420, 0xE400, 0xE420, 0xE420, 0xE402, 0xE404, 0xE406, 0xE428, 0xE429, 0xE42A, 0xDC2C, 0xDC4D, 0xDC4E,
    0xDC70, 0xDC71, 0xD471, 0xD492, 0xD4B3, 0xD4F4, 0xD515, 0xD516, 0xD516, 0xD517, 0xD538, 0xDD38, 0xDD59, 0xDD5A, 0xE55B, 0xE57C,
    0xE460, 0xE460, 0xE460, 0xE460, 0xE460, 0xE460, 0xE461, 0xE463, 0xE465, 0xE466, 0xE468, 0xE469, 0xE46B, 0xDC6C, 0xDC6D, 0xDC8F,
    0xDC90, 0xDCB1, 0xD4B2, 0xD4B2, 0xD4D3, 0xD4F4, 0xD515, 0xD536, 0xD536, 0xD537, 0xD538, 0xDD58, 0xDD59, 0xDD5A, 0xE57B, 0xE59C,
    0xE4C0, 0xE4C0, 0xE4C0, 0xE4C0, 0xE4C0, 0xE4C2, 0xE4C3, 0xE4C5, 0xE4C6, 0xE4C8, 0xE4C9, 0xE4AA, 0xDCCC, 0xDCCD, 0xDCCE, 0xDCCF,
    0xDCD0, 0xDCD1, 0xD4F2, 0xD4F3, 0xD4F3, 0xD514, 0xD535, 0xD556, 0xD556, 0xD557, 0xD558, 0xDD59, 0xDD79, 0xDD7A, 0xE59B, 0xE5BC,
    0xDD00, 0xDD00, 0xDD01, 0xDD02, 0xDD02, 0xDD04, 0xDD05, 0xDD07, 0xDD08, 0xDD09, 0xDD0A, 0xDD0B, 0xDD0D, 0xDD0E, 0xDD0F, 0xDD10,
    0xDD11, 0xDD11, 0xDD12, 0xD513, 0xD514, 0xD534, 0xD535, 0xD556, 0xD577, 0xD577, 0xD578, 0xDD79, 0xDD99, 0xDD9A, 0xE5BB, 0xE5BC,
    0xDD41, 0xDD43, 0xDD43, 0xDD44, 0xDD45, 0xDD46, 0xDD47, 0xDD48, 0xDD49, 0xDD4A, 0xDD4B, 0xDD4D, 0xDD4E, 0xDD4F, 0xDD4F, 0xDD50,
    0xDD51, 0xDD52, 0xDD52, 0xDD53, 0xD554, 0xD554, 0xD555, 0xD576, 0xD577, 0xDD97, 0xDD98, 0xDD99, 0xDDBA, 0xDDBA, 0xE5BB, 0xE5DC,
    0xDD85, 0xDD86, 0xDD86, 0xDD87, 0xDD87, 0xDD88, 0xDD89, 0xDD8A, 0xDD8B, 0xDD8C, 0xDD8D, 0xDD8E, 0xDD8E, 0xDD8F, 0xDD90, 0xDD91,
    0xDD91, 0xDD72, 0xDD73, 0xDD73, 0xDD74, 0xD575, 0xD575, 0xD576, 0xD597, 0xDDB8, 0xDDB8, 0xDDB9, 0xDDBA, 0xDDDA, 0xE5DB, 0xE5FC,
    0xDDC7, 0xDDC8, 0xDDC8, 0xDDC8, 0xDDC9, 0xDDCA, 0xDDCA, 0xDDCB, 0xDDCC, 0xD5AD, 0xD5AE, 0xDDAF, 0xDDD0, 0xD5D0, 0xD5D1, 0xD5B1,
    0xD5B2, 0xD5B3, 0xD5B3, 0xD5B4, 0xDDB4, 0xDDB5, 0xDD95, 0xD596, 0xD5B7, 0xD5B7, 0xDDD8, 0xDDD9, 0xDDDA, 0xDDFA, 0xE5FB, 0xE61C,
    0xD5E9, 0xD5EA, 0xD5EA, 0xD5EA, 0xD5EB, 0xD5EB, 0xD5EC, 0xD5ED, 0xD5ED, 0xD5EE, 0xD5EF, 0xD5F0, 0xD5F0, 0xD5F1, 0xD5F1, 0xD5F2,
    0xD5F3, 0xD5F3, 0xD5F4, 0xD5F4, 0xD5F5, 0xDDD5, 0xDDD6, 0xDDD6, 0xD5D7, 0xD5D7, 0xDDF8, 0xDDF9, 0xDDFA, 0xDE1A, 0xDE1B, 0xE63C,
    0xD60B, 0xD5EB, 0xD5EC, 0xD5EC, 0xD60C, 0xD60D, 0xD60D, 0xD60E, 0xD5EE, 0xD60F, 0xD610, 0xD610, 0xD611, 0xD611, 0xD612, 0xD612,
    0xD613, 0xD614, 0xD614, 0xD615, 0xD615, 0xD615, 0xDE16, 0xDE16, 0xDDF7, 0xDDF7, 0xDE18, 0xDE39, 0xDE3A, 0xDE3A, 0xDE3B, 0xE65C,
    0xCE0D, 0xCE0D, 0xCE0D, 0xCE0D, 0xCE0E, 0xCE0E, 0xCE0E, 0xCE0F, 0xCE0F, 0xCE10, 0xCE30, 0xD631, 0xD632, 0xD632, 0xD633, 0xD633,
    0xD633, 0xD634, 0xD634, 0xD655, 0xD655, 0xD656, 0xDE56, 0xDE37, 0xDE37, 0xDE38, 0xDE38, 0xDE59, 0xDE5A, 0xDE5B, 0xDE5B, 0xDE7C,
    0xCE4E, 0xCE4F, 0xCE4F, 0xCE4F, 0xCE4F, 0xCE4F, 0xCE50, 0xCE50, 0xCE51, 0xCE51, 0xCE51, 0xCE52, 0xCE52, 0xD653, 0xD653, 0xD653,
    0xD654, 0xD654, 0xD655, 0xD655, 0xD656, 0xD676, 0xD676, 0xD677, 0xDE77, 0xDE78, 0xDE78, 0xDE79, 0xDE7A, 0xDE7B, 0xDE9C, 0xDE9C,
    0xCE70, 0xCE70, 0xCE70, 0xCE70, 0xCE70, 0xCE71, 0xCE71, 0xCE71, 0xCE71, 0xCE72, 0xCE72, 0xCE72, 0xCE73, 0xD673, 0xD673, 0xD674,
    0xD674, 0xD674, 0xD695, 0xD695, 0xD696, 0xD696, 0xD696, 0xD697, 0xD698, 0xD698, 0xDE99, 0xDE99, 0xDEBA, 0xDEBB, 0xDEBB, 0xDEBC,
    0xCEB1, 0xCEB1, 0xCEB1, 0xCEB1, 0xCEB2, 0xCEB2, 0xCEB2, 0xCEB2, 0xCEB2, 0xCEB3, 0xCEB3, 0xD6B3, 0xD6B3, 0xD6B4, 0xD6B4, 0xD6B4,
    0xD6B5, 0xD6B5, 0xD6B5, 0xD6B6, 0xD6B6, 0xD6B6, 0xD6B7, 0xD6B7, 0xD6B8, 0xD6B8, 0xD6D9, 0xDEDA, 0xDEDA, 0xDEDB, 0xDEDC, 0xDEFD,
    0xD6F3, 0xD6F3, 0xD6F3, 0xD6D3, 0xD6D3, 0xD6F3, 0xD6F3, 0xD6F3, 0xD6F3, 0xD6F4, 0xD6F4, 0xD6F4, 0xD6F4, 0xD6F4, 0xD6F5, 0xD6F5,
    0xD6F5, 0xD6F5, 0xD6F6, 0xD6F6, 0xD6F6, 0xD6F7, 0xD6F7, 0xD6F8, 0xD6F8, 0xD6F9, 0xD6F9, 0xDEFA, 0xDF1A, 0xDF1B, 0xDF1C, 0xDF3D,
    0xD714, 0xD734, 0xD734, 0xD714, 0xD714, 0xD734, 0xD734, 0xD734, 0xD734, 0xD734, 0xD735, 0xD735, 0xD735, 0xD735, 0xD735, 0xD736,
    0xD736, 0xD736, 0xD736, 0xD737, 0xD737, 0xD737, 0xD738, 0xD738, 0xD739, 0xD739, 0xDF3A, 0xDF3A, 0xDF5B, 0xDF5B, 0xDF5C, 0xDF7D,
    0xE000, 0xE000, 0xE000, 0xE000, 0xE800, 0xE800, 0xE801, 0xE002, 0xE004, 0xE005, 0xE006, 0xE007, 0xE808, 0xE808, 0xE80A, 0xE88C,
    0xE94D, 0xE9EF, 0xE270, 0xE2B1, 0xE2D2, 0xE2F3, 0xE314, 0xE315, 0xDB36, 0xDB57, 0xE398, 0xE3D8, 0xE419, 0xE45A, 0xE49A, 0xECDB,
    0xE020, 0xE000, 0xE000, 0xE000, 0xE800, 0xE800, 0xE801, 0xE002, 0xE004, 0xE005, 0xE006, 0xE007, 0xE808, 0xE808, 0xE80A, 0xE8AC,
    0xE96D, 0xE9EF, 0xE270, 0xE2B2, 0xE2D2, 0xE2F3, 0xE314, 0xE335, 0xDB36, 0xE357, 0xE398, 0xE3D8, 0xE419, 0xE45A, 0xE49A, 0xECDB,
    0xE040, 0xE040, 0xE040, 0xE820, 0xE800, 0xE000, 0xE801, 0xE003, 0xE004, 0xE005, 0xE006, 0xE007, 0xE808, 0xE809, 0xE80A, 0xE8AC,
    0xE96E, 0xE20F, 0xE271, 0xE2D2, 0xE2F3, 0xE313, 0xE314, 0xDB35, 0xDB56, 0xDB77, 0xE397, 0xE3D8, 0xE419, 0xE45A, 0xE49A, 0xECDB,
    0xE080, 0xE080, 0xE080, 0xE860, 0xE040, 0xE020, 0xE821, 0xE823, 0xE024, 0xE025, 0xE046, 0xE027, 0xE808, 0xE809, 0xE80A, 0xE8CC,
    0xE18D, 0xE22F, 0xE291, 0xE2D2, 0xE2F2, 0xE313, 0xE334, 0xDB55, 0xDB56, 0xDB76, 0xE3B7, 0xE3F8, 0xE419, 0xE45A, 0xE49A, 0xECDB,
    0xE8C0, 0xE8C0, 0xE8A0, 0xE0A0, 0xE0A0, 0xE880, 0xE881, 0xE862, 0xE064, 0xE065, 0xE086, 0xE087, 0xE048, 0xE808, 0xE84A, 0xE90C,
    0xE1AD, 0xE22F, 0xE2B0, 0xE2D2, 0xE312, 0xE333, 0xE334, 0xDB55, 0xDB76, 0xDB96, 0xDBB7, 0xE3F8, 0xE439, 0xE45A, 0xE49A, 0xECDB,
    0xE900, 0xE100, 0xE0E0, 0xE0E0, 0xE0E0, 0xE0E0, 0xE0C1, 0xE0C2, 0xE0C4, 0xE0C5, 0xE0E6, 0xE0C7, 0xE0A8, 0xE069, 0xE8AA, 0xE94C,
    0xE9CD, 0xE24F, 0xE2B1, 0xE2F2, 0xE333, 0xDB53, 0xDB54, 0xDB75, 0xDB76, 0xDB96, 0xDBD7, 0xE3F8, 0xE439, 0xE47A, 0xE49A, 0xECDB,
    0xE940, 0xE940, 0xE920, 0xE920, 0xE120, 0xE120, 0xE901, 0xE902, 0xE904, 0xE105, 0xE126, 0xE147, 0xE128, 0xE109, 0xE92A, 0xE98C,
    0xE20E, 0xE26F, 0xE2D1, 0xE332, 0xE353, 0xE374, 0xDB94, 0xDB95, 0xDBB6, 0xDBD6, 0xDBF7, 0xDC18, 0xE459, 0xE47A, 0xE4BA, 0xECDB,
    0xE980, 0xE980, 0xE980, 0xE960, 0xE960, 0xE160, 0xE941, 0xE942, 0xE964, 0xE965, 0xE186, 0xE188, 0xE1A9, 0xE18A, 0xE18B, 0xE1CC,
    0xE24E, 0xE2AF, 0xE311, 0xE352, 0xE393, 0xE3B4, 0xDBB5, 0xDBD5, 0xDBD6, 0xDBF6, 0xDC17, 0xDC38, 0xE479, 0xE49A, 0xE4BA, 0xECFB,
    0xE9C0, 0xE9C0, 0xE9C0, 0xE9A0, 0xE9A0, 0xE9A0, 0xE9A1, 0xE9A2, 0xE9A4, 0xE9A5, 0xE1C6, 0xE1C8, 0xE1E9, 0xE1EA, 0xE1EB, 0xE22C,
    0xE26E, 0xE2CF, 0xE331, 0xE372, 0xDBB3, 0xDBD4, 0xDBD5, 0xDBF5, 0xDBF6, 0xDC17, 0xDC38, 0xE458, 0xE479, 0xE49A, 0xE4DA, 0xECFB,
    0xEA00, 0xEA00, 0xEA00, 0xE9E0, 0xE9E0, 0xE9E0, 0xE9E0, 0xE9E2, 0xE9E4, 0xE9E5, 0xEA06, 0xE228, 0xE229, 0xE24A, 0xE24B, 0xE26D,
    0xE2AE, 0xE2EF, 0xE351, 0xE392, 0xDBD3, 0xDBF4, 0xDC14, 0xDC15, 0xDC16, 0xDC36, 0xDC57, 0xDC78, 0xE499, 0xE4BA, 0xE4DA, 0xE51B,
    0xEA40, 0xEA40, 0xEA40, 0xEA20, 0xEA20, 0xEA20, 0xEA20, 0xEA22, 0xEA23, 0xEA25, 0xEA46, 0xE248, 0xE269, 0xE28A, 0xE28C, 0xE2AD,
    0xE2CE, 0xE30F, 0xE371, 0xDBB2, 0xDBF3, 0xDC14, 0xDC35, 0xDC35, 0xDC36, 0xDC57, 0xDC57, 0xDC78, 0xE499, 0xE4BA, 0xE4FA, 0xED1B,
    0xEA80, 0xEA80, 0xEA60, 0xEA60, 0xEA60, 0xEA60, 0xEA60, 0xEA61, 0xEA63, 0xE265, 0xE286, 0xE288, 0xE2A9, 0xE2AA, 0xE2CC, 0xE2CD,
    0xE30E, 0xE32F, 0xE391, 0xDBD2, 0xDC13, 0xDC34, 0xDC55, 0xDC55, 0xDC56, 0xDC77, 0xDC77, 0xDC98, 0xE4B9, 0xE4DA, 0xE4FA, 0xED1B,
    0xEAA0, 0xEAA0, 0xEAA0, 0xEAA0, 0xEAA0, 0xEAA0, 0xEAA0, 0xEAA1, 0xEAA3, 0xE2A5, 0xE2C6, 0xE2C8, 0xE2E9, 0xE2EB, 0xE30C, 0xE32D,
    0xE32E, 0xE370, 0xDBB1, 0xDBF2, 0xDC33, 0xDC54, 0xDC75, 0xDC75, 0xDC76, 0xDC97, 0xDC97, 0xDCB8, 0xE4D9, 0xE4FA, 0xE51A, 0xED3B,
    0xEB00, 0xEAE0, 0xEAE0, 0xEAE0, 0xEAE0, 0xEAE0, 0xEAE0, 0xEAE1, 0xEB03, 0xEB05, 0xEB07, 0xEB08, 0xE329, 0xE34B, 0xE34C, 0xE36D,
    0xE36F, 0xE390, 0xDBD1, 0xDC12, 0xDC53, 0xDC94, 0xDC95, 0xDC96, 0xDCB6, 0xDCB7, 0xDCB7, 0xDCD8, 0xE4F9, 0xE4FA, 0xE51B, 0xED3B,
    0xEB20, 0xEB20, 0xEB20, 0xEB20, 0xEB20, 0xEB40, 0xEB40, 0xEB41, 0xEB43, 0xEB45, 0xEB47, 0xE348, 0xE36A, 0xE38B, 0xE38C, 0xE3AE,
    0xDBAF, 0xDBD0, 0xDBF1, 0xDC32, 0xDC73, 0xDC94, 0xDCD5, 0xDCB6, 0xDCD6, 0xDCD7, 0xDCD8, 0xDCF8, 0xDCF9, 0xE51A, 0xE53B, 0xED5B,
    0xEB80, 0xEB80, 0xEB80, 0xEB80, 0xEB80, 0xEB80, 0xEB80, 0xEB81, 0xEB83, 0xEB85, 0xEB87, 0xE3A8, 0xE3AA, 0xE3AB, 0xE3CD, 0xE3EE,
    0xDBEF, 0xDC10, 0xDC11, 0xDC52, 0xDC73, 0xDCB4, 0xDCD5, 0xDCD6, 0xDCF6, 0xDCF7, 0xDCF8, 0xDCF8, 0xE519, 0xE53A, 0xE55B, 0xED5B,
    0xEBC0, 0xEBC0, 0xEBC0, 0xEBC0, 0xEBC0, 0xEBC0, 0xEBC0, 0xEBC1, 0xEBC4, 0xEBC5, 0xEBC7, 0xE3E9, 0xE3EA, 0xE3EB, 0xE40D, 0xE40E,
    0xDC2F, 0xDC30, 0xDC51, 0xDC72, 0xDC93, 0xDCD4, 0xDCF5, 0xDCF6, 0xDCF6, 0xDD17, 0xDD17, 0xDD18, 0xE539, 0xE53A, 0xE55B, 0xED7C,
    0xEC00, 0xEC00, 0xEC00, 0xEC00, 0xEC00, 0xEC00, 0xEC00, 0xEC01, 0xEC04, 0xEC06, 0xEC07, 0xE429, 0xE42A, 0xE42B, 0xE42D, 0xE44E,
    0xDC4F, 0xDC70, 0xDC71, 0xDC92, 0xDCB3, 0xDCD4, 0xDCF5, 0xDD16, 0xDD16, 0xDD37, 0xDD38, 0xDD38, 0xE539, 0xE55A, 0xE57B, 0xED7C,
    0xEC60, 0xEC60, 0xEC60, 0xEC40, 0xEC40, 0xE460, 0xEC60, 0xEC42, 0xE444, 0xE446, 0xEC48, 0xEC49, 0xE44A, 0xE46C, 0xE46D, 0xE48E,
    0xDC90, 0xDC90, 0xDC91, 0xDCB2, 0xDCB3, 0xDCF4, 0xDD15, 0xDD36, 0xDD36, 0xDD37, 0xDD38, 0xDD58, 0xDD59, 0xE55A, 0xE57B, 0xED9C,
    0xE4A0, 0xE4A0, 0xE4A0, 0xE4A0, 0xE4A0, 0xE4A1, 0xE4A2, 0xE4A4, 0xE4A6, 0xE4A7, 0xE4A8, 0xE4AA, 0xE4AB, 0xE4AC, 0xE4AE, 0xE4CF,
    0xE4D0, 0xDCD1, 0xDCD2, 0xDCF2, 0xDCF3, 0xDCF4, 0xDD15, 0xDD56, 0xDD57, 0xDD57, 0xDD58, 0xDD59, 0xE579, 0xE57A, 0xE59B, 0xEDBC,
    0xE500, 0xE500, 0xE500, 0xE501, 0xE502, 0xE4E3, 0xE504, 0xE506, 0xE507, 0xE508, 0xE50A, 0xE50B, 0xE50C, 0xE4ED, 0xE50E, 0xE50F,
    0xE510, 0xDD11, 0xDD12, 0xDD13, 0xDD13, 0xDD14, 0xDD35, 0xDD56, 0xDD77, 0xDD77, 0xDD78, 0xDD79, 0xE599, 0xE59A, 0xE5BB, 0xEDDC,
    0xE541, 0xE542, 0xE542, 0xE543, 0xE544, 0xE545, 0xE547, 0xE548, 0xE549, 0xE54A, 0xE54B, 0xE54C, 0xE54D, 0xE54E, 0xE54F, 0xE550,
    0xDD51, 0xDD51, 0xE552, 0xDD53, 0xDD54, 0xDD54, 0xDD55, 0xDD56, 0xDD77, 0xDD97, 0xDD98, 0xDD99, 0xE5BA, 0xE5BA, 0xE5BB, 0xEDDC,
    0xE564, 0xE585, 0xE586, 0xE586, 0xDD87, 0xE587, 0xE588, 0xE589, 0xE58A, 0xE56B, 0xE58C, 0xDD8D, 0xDD8E, 0xDD8F, 0xE590, 0xDD91,
    0xDD71, 0xDD72, 0xE572, 0xDD73, 0xDD74, 0xDD75, 0xDD75, 0xDD75, 0xDD96, 0xDDB8, 0xDDB8, 0xDDB9, 0xE5D9, 0xE5DA, 0xE5DB, 0xEDFC,
    0xDDA7, 0xDDC7, 0xDDC8, 0xDDC8, 0xDDC9, 0xDDC9, 0xDDCA, 0xDDAB, 0xDDAC, 0xDDAC, 0xDDAD, 0xDDAE, 0xDDAF, 0xDDB0, 0xDDB0, 0xDDB1,
    0xDDB2, 0xDDB2, 0xDDB3, 0xDDB3, 0xDDB4, 0xDDB5, 0xDD95, 0xDD96, 0xDD96, 0xDDB7, 0xDDD8, 0xDDD9, 0xE5DA, 0xE5FA, 0xE5FB, 0xEE1C,
    0xDDE9, 0xDDE9, 0xDDE9, 0xDDEA, 0xDDEA, 0xDDEB, 0xDDEC, 0xDDEC, 0xDDED, 0xDDEE, 0xDDEF, 0xDDEF, 0xDDF0, 0xDDF1, 0xDDF1, 0xDDF2,
    0xDDF2, 0xDDF3, 0xDDF3, 0xDDF4, 0xDDD4, 0xDDD5, 0xDDD5, 0xDDD6, 0xDDB6, 0xDDD7, 0xDDF8, 0xDDF9, 0xE61A, 0xE61A, 0xE61B, 0xE63C,
    0xDE0B, 0xDE0B, 0xDE0B, 0xDE0C, 0xDE0C, 0xDE0C, 0xDE0D, 0xDE0D, 0xDE0E, 0xDE0F, 0xDE10, 0xDE10, 0xDE11, 0xDE11, 0xDE12, 0xDE12,
    0xDE13, 0xDE13, 0xDE14, 0xDE14, 0xDE15, 0xDE15, 0xDE16, 0xDE16, 0xDDF7, 0xDDF7, 0xDE18, 0xDE39, 0xE63A, 0xE63A, 0xE63B, 0xE65C,
    0xD62D, 0xD62D, 0xD62D, 0xD62D, 0xD62D, 0xD62E, 0xD62E, 0xD62F, 0xD62F, 0xD630, 0xD630, 0xD631, 0xDE31, 0xD652, 0xDE52, 0xDE53,
    0xDE53, 0xDE54, 0xDE55, 0xDE55, 0xDE55, 0xDE56, 0xDE56, 0xE637, 0xE637, 0xDE37, 0xDE38, 0xDE59, 0xE65A, 0xE65B, 0xE67B, 0xE67C,
    0xD64E, 0xD64E, 0xD64E, 0xD64F, 0xD64F, 0xD64F, 0xD650, 0xD650, 0xD650, 0xD651, 0xD651, 0xD652, 0xD652, 0xD672, 0xD653, 0xD653,
    0xDE54, 0xDE74, 0xDE75, 0xDE75, 0xDE75, 0xDE76, 0xDE76, 0xDE77, 0xDE77, 0xE678, 0xE678, 0xE679, 0xE67A, 0xE69B, 0xE69C, 0xE69C,
    0xD670, 0xD670, 0xD670, 0xD670, 0xD690, 0xD670, 0xD671, 0xD671, 0xD671, 0xD672, 0xD692, 0xD692, 0xD673, 0xD693, 0xD693, 0xD694,
    0xD694, 0xD694, 0xD695, 0xDE95, 0xDE96, 0xDE96, 0xDE97, 0xDE97, 0xDEB8, 0xDEB8, 0xDEB9, 0xE699, 0xE6BA, 0xE6BB, 0xE6BC, 0xE6DC,
    0xD6B1, 0xD6B1, 0xD6B1, 0xD6B1, 0xD6B1, 0xD6B2, 0xD6B2, 0xD6B2, 0xD6B2, 0xD6B3, 0xD6B3, 0xD6B3, 0xD6B3, 0xD6B4, 0xD6B4, 0xD6B4,
    0xD6B5, 0xD6B5, 0xD6B5, 0xD6B5, 0xDEB6, 0xDEB6, 0xDED7, 0xDED7, 0xDED8, 0xDED8, 0xDED9, 0xDED9, 0xE6DA, 0xE6DB, 0xE6FC, 0xE6FD,
    0xD6F3, 0xD6F3, 0xD6F3, 0xD6F3, 0xD6F3, 0xD6F3, 0xD6F3, 0xD6F3, 0xD6F3, 0xD6F4, 0xD6F4, 0xD6F4, 0xD6F4, 0xD6F4, 0xD6F5, 0xDEF5,
    0xDEF5, 0xDEF5, 0xD6F6, 0xDEF6, 0xDEF6, 0xDEF7, 0xDEF7, 0xDEF8, 0xDEF8, 0xDEF9, 0xDF19, 0xDF1A, 0xE71A, 0xE71B, 0xE73C, 0xE73D,
    0xDF34, 0xDF34, 0xDF34, 0xDF34, 0xDF34, 0xDF34, 0xDF34, 0xDF34, 0xDF34, 0xDF34, 0xDF35, 0xDF35, 0xDF35, 0xDF35, 0xDF35, 0xDF36,
    0xDF36, 0xDF36, 0xDF36, 0xDF37, 0xDF37, 0xDF57, 0xDF38, 0xDF38, 0xDF39, 0xDF39, 0xDF3A, 0xDF3A, 0xE75B, 0xE75B, 0xE75C, 0xE77D,
    0xE800, 0xE800, 0xE800, 0xE800, 0xE800, 0xE800, 0xE801, 0xE802, 0xE804, 0xE805, 0xE806, 0xE807, 0xE808, 0xE808, 0xE80A, 0xE8AB,
    0xE94D, 0xE9EF, 0xEA70, 0xEAD1, 0xE312, 0xE333, 0xE334, 0xE355, 0xE356, 0xE376, 0xE3B7, 0xE3D8, 0xEC19, 0xEC5A, 0xEC9A, 0xECDB,
    0xE840, 0xE820, 0xE820, 0xE800, 0xE800, 0xE800, 0xE801, 0xE802, 0xE804, 0xE805, 0xE806, 0xE807, 0xE808, 0xE808, 0xF00A, 0xE8AC,
    0xE96D, 0xE9EF, 0xEA70, 0xEAD1, 0xE313, 0xE333, 0xE354, 0xE355, 0xE376, 0xE396, 0xE3B7, 0xE3D8, 0xEC19, 0xEC5A, 0xEC9A, 0xECDB,
    0xE860, 0xE860, 0xE840, 0xE840, 0xE820, 0xE820, 0xE801, 0xE802, 0xE804, 0xE805, 0xE826, 0xE827, 0xE808, 0xE809, 0xE80A, 0xE8AC,
    0xE96D, 0xEA0F, 0xEA70, 0xEAF1, 0xE312, 0xE333, 0xE354, 0xE375, 0xE376, 0xE396, 0xE3B7, 0xE3D8, 0xE419, 0xEC5A, 0xEC9B, 0xECDB,
    0xE8A0, 0xE8A0, 0xE880, 0xE880, 0xE860, 0xE840, 0xE841, 0xE822, 0xE844, 0xE845, 0xE866, 0xE867, 0xE848, 0xE809, 0xE80A, 0xE8CC,
    0xE98D, 0xEA2F, 0xEA90, 0xEAF1, 0xEB32, 0xE353, 0xE354, 0xE375, 0xE396, 0xE396, 0xE3B7, 0xE3F8, 0xE439, 0xEC5A, 0xEC9A, 0xECDB,
    0xE8E0, 0xE8C0, 0xE8C0, 0xE8C0, 0xE8A0, 0xE8A0, 0xE881, 0xE882, 0xE884, 0xE885, 0xE8C6, 0xE8C7, 0xE888, 0xE828, 0xE84A, 0xE90C,
    0xE9AD, 0xEA2F, 0xEAB0, 0xEAF1, 0xE333, 0xE353, 0xE374, 0xE395, 0xE396, 0xE3B6, 0xE3D7, 0xE3F8, 0xE439, 0xEC5A, 0xEC9A, 0xECDB,
    0xE900, 0xE900, 0xE900, 0xE900, 0xE8E0, 0xE8E0, 0xE8E1, 0xE8C2, 0xE8C4, 0xE8C5, 0xE8E6, 0xE907, 0xE8E8, 0xE8A9, 0xE8AA, 0xE92C,
    0xE9CD, 0xEA4F, 0xEAB0, 0xE311, 0xE352, 0xE373, 0xE394, 0xE395, 0xE3B6, 0xE3B6, 0xE3D7, 0xE418, 0xE439, 0xE45A, 0xEC9A, 0xECDB,
    0xE940, 0xE940, 0xE940, 0xE940, 0xE920, 0xE920, 0xE921, 0xE922, 0xE904, 0xE925, 0xE946, 0xE947, 0xE968, 0xE949, 0xE92A, 0xE98C,
    0xEA0D, 0xEA6F, 0xEAD0, 0xE332, 0xE373, 0xE394, 0xE3B4, 0xE3B5, 0xE3D6, 0xDBD6, 0xE3F7, 0xE438, 0xE459, 0xEC7A, 0xECBA, 0xECFB,
    0xE980, 0xE980, 0xE980, 0xE980, 0xE960, 0xE960, 0xE961, 0xE962, 0xE964, 0xE965, 0xE986, 0xE9A7, 0xE9A9, 0xE9AA, 0xE9AB, 0xE9CC,
    0xEA2D, 0xEAAF, 0xEB10, 0xE352, 0xE393, 0xE3D4, 0xE3D5, 0xE3F5, 0xE3F6, 0xDC16, 0xE417, 0xE438, 0xE459, 0xEC9A, 0xECBA, 0xECFB,
    0xE9C0, 0xE9C0, 0xE9C0, 0xE9C0, 0xE9A0, 0xE9A0, 0xE9A0, 0xE9A2, 0xE9A3, 0xE9A5, 0xE9C6, 0xE9C7, 0xE9E9, 0xEA0A, 0xE9EB, 0xEA2C,
    0xEA6D, 0xEACF, 0xE330, 0xE372, 0xE3D3, 0xE3F4, 0xE3F5, 0xE415, 0xE416, 0xE436, 0xE437, 0xE458, 0xE479, 0xE49A, 0xECDA, 0xECFB,
    0xEA00, 0xEA00, 0xF200, 0xF1E0, 0xE9E0, 0xE9E0, 0xE9E0, 0xE9E1, 0xE9E3, 0xE9E5, 0xEA06, 0xEA08, 0xEA29, 0xEA4A, 0xEA4B, 0xEA6C,
    0xEA8E, 0xEAEF, 0xE351, 0xE392, 0xE3D3, 0xE414, 0xE414, 0xE415, 0xDC36, 0xDC56, 0xDC57, 0xE478, 0xE499, 0xECBA, 0xECDA, 0xED1B,
    0xF240, 0xEA40, 0xEA40, 0xEA20, 0xEA20, 0xEA20, 0xEA20, 0xEA21, 0xEA23, 0xEA25, 0xEA46, 0xEA68, 0xEA69, 0xEA8A, 0xE28B, 0xEAAD,
    0xEACE, 0xEB0F, 0xE351, 0xE3B2, 0xE3F3, 0xE434, 0xDC55, 0xDC55, 0xDC56, 0xDC57, 0xDC77, 0xDC78, 0xE499, 0xE4BA, 0xECFA, 0xED1B,
    0xF260, 0xEA60, 0xEA60, 0xEA60, 0xEA60, 0xEA60, 0xEA60, 0xEA61, 0xEA63, 0xEA64, 0xEA86, 0xEA88, 0xEAA9, 0xEAAA, 0xE2CC, 0xE2CD,
    0xE2EE, 0xE32F, 0xE371, 0xE3D2, 0xE413, 0xE454, 0xDC55, 0xDC75, 0xDC76, 0xDC77, 0xDC97, 0xDC98, 0xE4B9, 0xE4DA, 0xECFA, 0xED1B,
    0xEAA0, 0xF2A0, 0xEAA0, 0xEAA0, 0xEAA0, 0xEAA0, 0xEAA0, 0xEAA1, 0xEAA3, 0xEAA4, 0xEAC6, 0xEAC8, 0xEAE9, 0xEAEA, 0xE30C, 0xE30D,
    0xE32E, 0xE34F, 0xE391, 0xE3F2, 0xE433, 0xE474, 0xDC75, 0xDC95, 0xDC96, 0xDC97, 0xDC97, 0xE4B8, 0xE4D9, 0xE4FA, 0xED1A, 0xED3B,
    0xEAE0, 0xF2E0, 0xF2E0, 0xF2E0, 0xF2E0, 0xEAE0, 0xEAE0, 0xEAE1, 0xEAE3, 0xEB05, 0xEB06, 0xEB08, 0xEB29, 0xEB4B, 0xE34C, 0xE36D,
    0xE36E, 0xE390, 0xE3D1, 0xE412, 0xE453, 0xDC94, 0xDCB5, 0xDCB6, 0xDCB6, 0xDCB7, 0xDCD7, 0xE4D8, 0xE4F9, 0xE4FA, 0xED1A, 0xED5B,
    0xEB20, 0xEB20, 0xF320, 0xF320, 0xF320, 0xF320, 0xEB20, 0xEB21, 0xEB23, 0xEB45, 0xEB46, 0xEB48, 0xEB69, 0xEB8B, 0xEB8C, 0xE3AD,
    0xE3AE, 0xE3D0, 0xE3D1, 0xE432, 0xE453, 0xE494, 0xDCD5, 0xDCD6, 0xDCD6, 0xDCD7, 0xDCF8, 0xDCF8, 0xE4F9, 0xE51A, 0xED3A, 0xED5B,
    0xEB80, 0xF360, 0xEB60, 0xEB60, 0xF360, 0xF360, 0xF360, 0xF381, 0xEB83, 0xEB85, 0xEB86, 0xEB88, 0xEBAA, 0xEBAB, 0xEBCD, 0xE3CE,
    0xE3EF, 0xE3F0, 0xE411, 0xE432, 0xE473, 0xE494, 0xDCD5, 0xDCF6, 0xDCF7, 0xDCF7, 0xDCF8, 0xDCF8, 0xE519, 0xE53A, 0xED5B, 0xED5B,
    0xF3C0, 0xF3A0, 0xF3A0, 0xEBA0, 0xF3A0, 0xF3A0, 0xF3A0, 0xF3C1, 0xF3C3, 0xEBC5, 0xEBC7, 0xEBC8, 0xEBEA, 0xEBEB, 0xEC0D, 0xE40E,
    0xE42F, 0xE430, 0xE431, 0xE452, 0xE493, 0xE4B4, 0xE4F5, 0xDCF6, 0xDD17, 0xDD17, 0xDD18, 0xDD18, 0xE539, 0xE53A, 0xED5B, 0xED7B,
    0xF400, 0xF400, 0xF3E0, 0xF3E0, 0xF3E0, 0xF3E0, 0xF400, 0xF401, 0xEC04, 0xEC05, 0xEC07, 0xEC08, 0xEC2A, 0xEC2B, 0xEC2D, 0xE44E,
    0xE44F, 0xE470, 0xDC71, 0xDC72, 0xDC93, 0xDCD4, 0xE4F5, 0xDD16, 0xDD36, 0xDD37, 0xDD38, 0xE538, 0xE539, 0xE55A, 0xED5B, 0xED7C,
    0xEC40, 0xEC40, 0xEC40, 0xEC40, 0xEC40, 0xEC40, 0xEC40, 0xEC41, 0xEC44, 0xEC46, 0xEC47, 0xEC49, 0xEC4A, 0xEC6B, 0xE46D, 0xE46E,
    0xE48F, 0xE490, 0xDC91, 0xDC92, 0xDCB3, 0xDCD4, 0xDCF5, 0xDD36, 0xDD36, 0xDD57, 0xDD38, 0xE558, 0xE559, 0xE55A, 0xED7B, 0xED9C,
    0xECA0, 0xECA0, 0xECA0, 0xECA0, 0xECA0, 0xEC80, 0xEC81, 0xEC83, 0xEC85, 0xEC87, 0xEC88, 0xECA9, 0xECAB, 0xECAC, 0xECAD, 0xE4AF,
    0xE4D0, 0xE4D1, 0xE4D1, 0xE4D2, 0xDCD3, 0xDCF4, 0xDD15, 0xDD36, 0xE557, 0xE557, 0xDD58, 0xE558, 0xE579, 0xE57A, 0xED9B, 0xEDBC,
    0xECE0, 0xECE0, 0xECE0, 0xECE0, 0xECE1, 0xECE2, 0xECE4, 0xECE5, 0xECE6, 0xECE8, 0xECE9, 0xECEA, 0xECEC, 0xECED, 0xECEE, 0xECEF,
    0xE4F0, 0xE511, 0xE512, 0xE513, 0xDD13, 0xDD14, 0xDD15, 0xE556, 0xE577, 0xE577, 0xE578, 0xE578, 0xE599, 0xE59A, 0xEDBB, 0xEDDC,
    0xED21, 0xED21, 0xED21, 0xED22, 0xED43, 0xED25, 0xED26, 0xED27, 0xED48, 0xED49, 0xED2A, 0xED2B, 0xE52C, 0xED2E, 0xED2F, 0xE530,
    0xE531, 0xE551, 0xE552, 0xE553, 0xE553, 0xE534, 0xDD35, 0xE556, 0xE576, 0xE597, 0xE598, 0xE5B8, 0xE5B9, 0xE5BA, 0xEDBB, 0xEDDC,
    0xE563, 0xE564, 0xED65, 0xE566, 0xE566, 0xED67, 0xED68, 0xE569, 0xE58A, 0xED6B, 0xE56C, 0xE58D, 0xE56D, 0xE56E, 0xE56F, 0xE570,
    0xE571, 0xE572, 0xE572, 0xE573, 0xE574, 0xE574, 0xE555, 0xE555, 0xE576, 0xE5B7, 0xE5B8, 0xE5D9, 0xE5D9, 0xE5DA, 0xEDDB, 0xEDFC,
    0xE5A6, 0xE5A7, 0xE5C7, 0xE5C8, 0xE5A8, 0xE5A9, 0xE5AA, 0xE5AA, 0xE5AB, 0xE5AC, 0xE5AD, 0xE5AE, 0xE5AF, 0xE5B0, 0xE5B0, 0xE5B1,
    0xE5B1, 0xE5B2, 0xE5B3, 0xE593, 0xE594, 0xE595, 0xE595, 0xE595, 0xE596, 0xE5B7, 0xE5D8, 0xE5D9, 0xE5FA, 0xE5FA, 0xEDFB, 0xEE1C,
    0xE5E9, 0xE5E9, 0xE5E9, 0xE5E9, 0xE5EA, 0xE5EB, 0xE5EB, 0xE5EC, 0xE5ED, 0xE5ED, 0xE5EE, 0xE5EF, 0xE5F0, 0xE5F0, 0xE5F1, 0xE5F1,
    0xE5F2, 0xE5F3, 0xE5F3, 0xE5D4, 0xE5D4, 0xE5D5, 0xE5D5, 0xE5D6, 0xE5B6, 0xE5D7, 0xE5F8, 0xE5F9, 0xE61A, 0xE61A, 0xEE1B, 0xEE3C,
    0xE62B, 0xE62B, 0xE62B, 0xE60B, 0xE62C, 0xE62C, 0xE62D, 0xE62D, 0xE62E, 0xE62F, 0xE62F, 0xE630, 0xE631, 0xDE31, 0xE632, 0xE632,
    0xE633, 0xE633, 0xE614, 0xE614, 0xE615, 0xE615, 0xE615, 0xE5F6, 0xE5F6, 0xE5F7, 0xE5F8, 0xE619, 0xE63A, 0xE63B, 0xEE3B, 0xEE5C,
    0xDE4D, 0xDE4D, 0xDE4D, 0xDE4D, 0xDE4D, 0xDE4E, 0xDE4E, 0xDE4F, 0xDE4F, 0xE650, 0xE650, 0xE651, 0xDE51, 0xDE52, 0xE652, 0xE653,
    0xE653, 0xE654, 0xE654, 0xE655, 0xE655, 0xE655, 0xE656, 0xE636, 0xE637, 0xE637, 0xE638, 0xE659, 0xE65A, 0xE65B, 0xEE7B, 0xEE7C,
    0xDE4E, 0xDE4E, 0xDE4E, 0xDE4E, 0xDE4F, 0xDE4F, 0xDE6F, 0xDE70, 0xDE70, 0xDE51, 0xDE51, 0xDE71, 0xDE72, 0xDE72, 0xDE73, 0xDE73,
    0xDE74, 0xDE74, 0xDE95, 0xE695, 0xE695, 0xE696, 0xE696, 0xE697, 0xE677, 0xE678, 0xE678, 0xE659, 0xEE7A, 0xEE9B, 0xEE9B, 0xEEBC,
    0xDE90, 0xDE90, 0xDE90, 0xDE90, 0xDE90, 0xDE90, 0xDE90, 0xDE91, 0xDE91, 0xDE91, 0xDE92, 0xDE92, 0xDE93, 0xDE93, 0xDE93, 0xDE94,
    0xDE94, 0xDE94, 0xDE95, 0xDE95, 0xDEB6, 0xE6B6, 0xE6B6, 0xE6B7, 0xE6B7, 0xE6B8, 0xE6B8, 0xE699, 0xE69A, 0xEEBB, 0xEEDC, 0xEEDD,
    0xDEB1, 0xDEB1, 0xDEB1, 0xDEB1, 0xDED1, 0xDEB1, 0xDEB2, 0xDEB2, 0xDEB2, 0xDEB2, 0xDEB3, 0xDEB3, 0xDEB3, 0xDEB4, 0xDEB4, 0xDEB4,
    0xDEB5, 0xDEB5, 0xDED5, 0xDED6, 0xDED6, 0xDED6, 0xE6D7, 0xE6D7, 0xE6D8, 0xE6D8, 0xE6F9, 0xE6D9, 0xE6DA, 0xE6FB, 0xEEFC, 0xEEFD,
    0xDEF2, 0xDEF2, 0xDEF2, 0xDEF2, 0xDEF3, 0xDEF3, 0xDEF3, 0xDEF3, 0xDEF3, 0xDEF3, 0xDEF4, 0xDEF4, 0xDEF4, 0xDEF4, 0xDEF5, 0xDEF5,
    0xDEF5, 0xDEF5, 0xDF16, 0xDF16, 0xDF16, 0xDF17, 0xDF17, 0xE717, 0xE718, 0xE719, 0xE719, 0xE71A, 0xE71A, 0xE71B, 0xEF3C, 0xEF3D,
    0xDF34, 0xDF34, 0xDF34, 0xDF34, 0xDF34, 0xDF34, 0xDF34, 0xDF34, 0xDF34, 0xDF34, 0xDF35, 0xDF35, 0xDF35, 0xDF35, 0xDF35, 0xDF36,
    0xDF36, 0xDF56, 0xDF56, 0xE737, 0xE757, 0xE757, 0xE758, 0xE758, 0xE759, 0xE759, 0xE75A, 0xE75A, 0xE75B, 0xE75B, 0xEF7C, 0xEF7D,
    0xF020, 0xF020, 0xF000, 0xF000, 0xF000, 0xF000, 0xF001, 0xF002, 0xF004, 0xF005, 0xE806, 0xF007, 0xF008, 0xF009, 0xF00A, 0xF0AB,
    0xF14D, 0xF1EE, 0xF270, 0xEAD1, 0xEB32, 0xEB53, 0xEB74, 0xE395, 0xEB96, 0xEBB6, 0xE3D7, 0xEBD8, 0xEC19, 0xEC5A, 0xF49A, 0xF4BC,
    0xF060, 0xF040, 0xF040, 0xF020, 0xF020, 0xF000, 0xF001, 0xF002, 0xF003, 0xF005, 0xF026, 0xF027, 0xF008, 0xF009, 0xF00A, 0xF0AB,
    0xF16D, 0xF1EF, 0xF270, 0xEAD1, 0xEB32, 0xEB53, 0xEB74, 0xEB95, 0xEBB6, 0xE3B6, 0xE3D7, 0xEBF8, 0xEC19, 0xEC5A, 0xF49A, 0xF4BB,
    0xF080, 0xF080, 0xF060, 0xF060, 0xF060, 0xF040, 0xF021, 0xF022, 0xF024, 0xE845, 0xF066, 0xF067, 0xF028, 0xF009, 0xF00A, 0xF0CB,
    0xF18D, 0xF20F, 0xF290, 0xEAD1, 0xEB32, 0xEB73, 0xEB94, 0xEB95, 0xE3B6, 0xE3B6, 0xE3D7, 0xE3F8, 0xEC19, 0xEC5A, 0xEC9A, 0xF4DB,
    0xF0A0, 0xF0A0, 0xF0A0, 0xF0A0, 0xF080, 0xF080, 0xF061, 0xF062, 0xF064, 0xE885, 0xF0A6, 0xE8A7, 0xF088, 0xF029, 0xF00A, 0xF0CB,
    0xF18D, 0xF22F, 0xF290, 0xEAF1, 0xEB32, 0xEB73, 0xEB94, 0xEB95, 0xE3B6, 0xE3B6, 0xE3D7, 0xE3F8, 0xEC39, 0xEC5A, 0xEC9A, 0xF4DB,
    0xF0E0, 0xF0E0, 0xF0E0, 0xF0C0, 0xF0C0, 0xF0C0, 0xF0A1, 0xF0A2, 0xF0A4, 0xF0C5, 0xF0C6, 0xE8E7, 0xE8E8, 0xE8A9, 0xF06A, 0xF0EC,
    0xF1AD, 0xEA2F, 0xEA90, 0xEAF1, 0xEB52, 0xEB93, 0xEB94, 0xEBB5, 0xE3B6, 0xE3D6, 0xE3F7, 0xE418, 0xEC38, 0xEC7A, 0xEC9A, 0xF4DB,
    0xF120, 0xF120, 0xF100, 0xF100, 0xF100, 0xE8E0, 0xF0E1, 0xF0E2, 0xF0E4, 0xE8E5, 0xF106, 0xE927, 0xE928, 0xE909, 0xE8CA, 0xF12B,
    0xF1CD, 0xEA4F, 0xEAB0, 0xEB11, 0xEB52, 0xEB93, 0xEBB4, 0xE3B5, 0xE3D6, 0xE3D6, 0xE3F7, 0xE418, 0xEC39, 0xEC7A, 0xEC9B, 0xF4DB,
    0xF140, 0xF140, 0xF140, 0xF140, 0xF140, 0xF120, 0xF121, 0xF122, 0xF123, 0xF124, 0xF146, 0xE967, 0xE968, 0xE969, 0xE94A, 0xF18B,
    0xF1ED, 0xEA6F, 0xEAD0, 0xEB31, 0xEB93, 0xEBD4, 0xE3D5, 0xE3F5, 0xE3F6, 0xE3F6, 0xE417, 0xE438, 0xEC59, 0xEC7A, 0xECBB, 0xF4DB,
    0xF180, 0xF180, 0xF180, 0xF180, 0xF180, 0xF180, 0xF160, 0xF162, 0xF163, 0xF164, 0xF186, 0xE9A7, 0xE9A8, 0xE9CA, 0xE9CB, 0xF1EC,
    0xEA2D, 0xEA8F, 0xEAF0, 0xEB52, 0xEBB3, 0xEBF4, 0xE415, 0xE415, 0xE416, 0xE436, 0xE437, 0xE458, 0xEC79, 0xEC9A, 0xECBB, 0xF4FB,
    0xF1C0, 0xF1C0, 0xF1C0, 0xF1C0, 0xF1C0, 0xF1C0, 0xF1A0, 0xF1A2, 0xF1A3, 0xF1A4, 0xF1C6, 0xE9E7, 0xEA08, 0xEA2A, 0xEA0B, 0xEA2C,
    0xEA6D, 0xEAAF, 0xEB10, 0xEB72, 0xEBD3, 0xE414, 0xE435, 0xE415, 0xE436, 0xE436, 0xE457, 0xE458, 0xEC99, 0xECBA, 0xECDB, 0xF4FB,
    0xF200, 0xF200, 0xF200, 0xF200, 0xF200, 0xF1E0, 0xF1E0, 0xF1E1, 0xF203, 0xF205, 0xF206, 0xEA27, 0xEA49, 0xEA4A, 0xEA4B, 0xEA6C,
    0xEA8D, 0xEACF, 0xEB31, 0xEB92, 0xEBF3, 0xE434, 0xE435, 0xE435, 0xE456, 0xE457, 0xE457, 0xE478, 0xE499, 0xECBA, 0xECDA, 0xF51B,
    0xF240, 0xF240, 0xF240, 0xF240, 0xF240, 0xF240, 0xF220, 0xF221, 0xF243, 0xF245, 0xF246, 0xEA68, 0xEA69, 0xEA8A, 0xEAAB, 0xEAAC,
    0xEACD, 0xEAEF, 0xEB50, 0xEB92, 0xEBF3, 0xE434, 0xE455, 0xE456, 0xE476, 0xE477, 0xE477, 0xE498, 0xE4B9, 0xECDA, 0xECFA, 0xF51C,
    0xF280, 0xF280, 0xF280, 0xF260, 0xF260, 0xF260, 0xF260, 0xF261, 0xF263, 0xF284, 0xF286, 0xEAA8, 0xEAA9, 0xEAAA, 0xEACB, 0xEAEC,
    0xEAED, 0xEB0F, 0xEB70, 0xEBB2, 0xE413, 0xE454, 0xE475, 0xE476, 0xE476, 0xE497, 0xE497, 0xE498, 0xE4B9, 0xECDA, 0xECFA, 0xF51B,
    0xF2A0, 0xF2A0, 0xF2A0, 0xF2A0, 0xF2A0, 0xF2A0, 0xF2A0, 0xF2A1, 0xF2A3, 0xF2C4, 0xF2C6, 0xF2C7, 0xEAE9, 0xEAEA, 0xEB0B, 0xEB0D,
    0xEB2E, 0xEB4F, 0xEB90, 0xEBD2, 0xE413, 0xE454, 0xE495, 0xE496, 0xE496, 0xE4B7, 0xE4B7, 0xE4B8, 0xE4D9, 0xECFA, 0xED1A, 0xF53B,
    0xF2E0, 0xF2E0, 0xF2E0, 0xF2E0, 0xF2E0, 0xF2E0, 0xF2E0, 0xF2E1, 0xF303, 0xF305, 0xF306, 0xF307, 0xF329, 0xF32B, 0xEB4C, 0xEB4D,
    0xEB6E, 0xEB8F, 0xEBB0, 0xEC12, 0xE453, 0xE474, 0xE4B5, 0xE4B6, 0xE4D6, 0xE4D7, 0xE4D7, 0xE4D8, 0xE4F9, 0xED1A, 0xED3A, 0xF55B,
    0xF320, 0xF320, 0xF320, 0xF320, 0xF320, 0xF320, 0xF320, 0xF321, 0xF323, 0xF345, 0xF346, 0xF348, 0xEB69, 0xEB6B, 0xEB8C, 0xEB8D,
    0xEBAF, 0xEBD0, 0xE3F0, 0xE412, 0xE453, 0xE494, 0xE4B5, 0xE4D6, 0xE4D6, 0xE4F7, 0xE4F7, 0xE4F8, 0xE4F9, 0xED1A, 0xED3A, 0xF55B,
    0xF360, 0xF360, 0xF360, 0xF360, 0xF360, 0xF360, 0xF380, 0xF381, 0xF383, 0xF385, 0xF386, 0xF388, 0xF3A9, 0xEBAB, 0xEBCC, 0xEBCD,
    0xEBEF, 0xEBF0, 0xE411, 0xE432, 0xE453, 0xE494, 0xE4D5, 0xE4F6, 0xE4F6, 0xE4F7, 0xE518, 0xE518, 0xE519, 0xED3A, 0xED3B, 0xF55B,
    0xF3A0, 0xF3A0, 0xF3A0, 0xF3A0, 0xF3A0, 0xF3A0, 0xF3C0, 0xF3C1, 0xF3C3, 0xF3C5, 0xF3C7, 0xF3C8, 0xF3C9, 0xEBEB, 0xEC0C, 0xEC0E,
    0xEC2F, 0xEC30, 0xE431, 0xE452, 0xE473, 0xE4B4, 0xE4D5, 0xE516, 0xE517, 0xE517, 0xE518, 0xE538, 0xE539, 0xED3A, 0xED5B, 0xED7C,
    0xF400, 0xF3E0, 0xF3E0, 0xF3E0, 0xF3E0, 0xF3E0, 0xF3E0, 0xF3E1, 0xF3E3, 0xF3E5, 0xF407, 0xF408, 0xF42A, 0xEC2B, 0xEC2D, 0xEC2E,
    0xEC4F, 0xE470, 0xE471, 0xE472, 0xE493, 0xE4B4, 0xE4F5, 0xE516, 0xE536, 0xE537, 0xE538, 0xE558, 0xE559, 0xED5A, 0xED5B, 0xF57C,
    0xF420, 0xF420, 0xF420, 0xF420, 0xF420, 0xF440, 0xF420, 0xF421, 0xF424, 0xF445, 0xF447, 0xF449, 0xF44A, 0xEC6B, 0xEC6D, 0xEC6E,
    0xEC8F, 0xEC90, 0xE491, 0xE492, 0xE4B3, 0xE4D4, 0xE4F5, 0xE516, 0xE536, 0xE557, 0xE558, 0xE558, 0xE559, 0xED5A, 0xED7B, 0xF59C,
    0xF480, 0xF480, 0xF480, 0xF480, 0xF480, 0xF480, 0xF481, 0xF482, 0xF484, 0xF486, 0xF488, 0xF489, 0xF48B, 0xF48C, 0xF4AD, 0xECAE,
    0xECCF, 0xECD0, 0xE4D1, 0xE4D2, 0xE4D3, 0xE4F4, 0xE4F5, 0xE536, 0xE557, 0xE557, 0xE578, 0xE578, 0xE579, 0xED7A, 0xED9B, 0xF5BC,
    0xF4C0, 0xF4E0, 0xF4E0, 0xF4E0, 0xF4E0, 0xF4C1, 0xF4C3, 0xF4C4, 0xF4C6, 0xF4E7, 0xF4C8, 0xF4CA, 0xF4CB, 0xF4ED, 0xECEE, 0xECEF,
    0xECF0, 0xED11, 0xED12, 0xE512, 0xE513, 0xE514, 0xE514, 0xE536, 0xE556, 0xED77, 0xE598, 0xE598, 0xE599, 0xED9A, 0xEDBB, 0xF5BC,
    0xF521, 0xF520, 0xF521, 0xF521, 0xED22, 0xF524, 0xF525, 0xED26, 0xED27, 0xF529, 0xF52A, 0xED2B, 0xED2C, 0xED2D, 0xED2E, 0xED2F,
    0xED30, 0xED31, 0xED32, 0xED33, 0xE533, 0xE534, 0xE534, 0xE556, 0xE556, 0xED97, 0xEDB8, 0xE5B9, 0xE5B9, 0xEDBA, 0xEDBB, 0xEDDC,
    0xED63, 0xED63, 0xED64, 0xF565, 0xED65, 0xED66, 0xED67, 0xED68, 0xED69, 0xED6A, 0xED6B, 0xED8C, 0xED6D, 0xED6E, 0xED6F, 0xED70,
    0xED71, 0xED71, 0xED72, 0xED73, 0xE573, 0xE554, 0xE554, 0xE575, 0xE596, 0xE597, 0xE5B8, 0xEDD9, 0xEDD9, 0xEDDA, 0xEDFB, 0xEE1C,
    0xEDA6, 0xEDA6, 0xEDA7, 0xEDA7, 0xEDA8, 0xEDA8, 0xEDA9, 0xEDAA, 0xEDAB, 0xEDAC, 0xEDAC, 0xEDAD, 0xEDAE, 0xEDAF, 0xEDB0, 0xEDB1,
    0xEDB1, 0xEDB2, 0xEDB3, 0xED93, 0xED94, 0xED94, 0xED95, 0xED96, 0xE596, 0xE5B7, 0xEDD8, 0xEDD9, 0xEDFA, 0xEDFA, 0xEE1B, 0xF61C,
    0xEDE8, 0xEDE9, 0xEDE9, 0xEDE9, 0xEDEA, 0xEDEA, 0xEDEB, 0xEDEB, 0xEDEC, 0xEDED, 0xEDEE, 0xEDEF, 0xEDEF, 0xEDF0, 0xEDF1, 0xEDF1,
    0xEDF2, 0xEDD2, 0xEDF3, 0xEDD3, 0xEDD4, 0xEDD5, 0xEDD5, 0xEDB6, 0xE5B6, 0xE5B7, 0xEDD8, 0xEDF9, 0xEE1A, 0xEE1A, 0xEE1B, 0xF63C,
    0xEE2B, 0xEE2B, 0xEE2B, 0xEE2B, 0xE62C, 0xEE2C, 0xEE2D, 0xEE2D, 0xE62E, 0xEE2E, 0xE62F, 0xE630, 0xE630, 0xE631, 0xE611, 0xE612,
    0xE632, 0xEE33, 0xEE13, 0xEE14, 0xEE14, 0xEE15, 0xEDF5, 0xEDF6, 0xEDF6, 0xEDF7, 0xEDF8, 0xEE19, 0xEE3A, 0xEE3A, 0xEE3B, 0xF65C,
    0xE64D, 0xE64D, 0xE64D, 0xE64D, 0xE64D, 0xE66E, 0xE64E, 0xE64F, 0xE64F, 0xE650, 0xE650, 0xE671, 0xE671, 0xE652, 0xE652, 0xE653,
    0xEE73, 0xEE73, 0xE654, 0xEE54, 0xEE55, 0xEE55, 0xEE56, 0xEE36, 0xEE37, 0xEE37, 0xEE17, 0xEE39, 0xEE5A, 0xEE7B, 0xEE7B, 0xF67C,
    0xE66E, 0xE68E, 0xE66E, 0xE66E, 0xE66E, 0xE66F, 0xE68F, 0xE690, 0xE690, 0xE671, 0xE692, 0xE692, 0xE692, 0xE693, 0xE693, 0xE693,
    0xE693, 0xE694, 0xEE94, 0xE695, 0xE695, 0xEE96, 0xEE96, 0xEE96, 0xEE77, 0xEE77, 0xEE58, 0xEE59, 0xEE7A, 0xEE9A, 0xEE9B, 0xF6BD,
    0xDE8F, 0xDE90, 0xDE90, 0xDE90, 0xE690, 0xDE90, 0xE690, 0xE691, 0xE691, 0xE692, 0xE692, 0xE692, 0xE692, 0xE6B3, 0xE693, 0xE6B4,
    0xE6B4, 0xE6B4, 0xE6B5, 0xE6B5, 0xE6D6, 0xE6D6, 0xEED6, 0xEED7, 0xEEB7, 0xEEB8, 0xEEB8, 0xEE99, 0xEE9A, 0xEEBA, 0xEEDB, 0xF6DD,
    0xDED1, 0xDED1, 0xDED1, 0xDEB1, 0xDED1, 0xDED1, 0xDED1, 0xDEB2, 0xDEB2, 0xE6D2, 0xDED3, 0xDEB3, 0xE6B3, 0xE6D3, 0xE6D4, 0xE6D4,
    0xE6D5, 0xE6D5, 0xE6D5, 0xE6D6, 0xE6F6, 0xE6F6, 0xE6F7, 0xE6F7, 0xEEF8, 0xEED8, 0xEEF9, 0xEEF9, 0xEEDA, 0xEEDB, 0xEEFC, 0xEF1D,
    0xDEF2, 0xDF12, 0xDEF2, 0xE6F2, 0xDEF2, 0xDEF3, 0xDEF3, 0xDEF3, 0xDEF3, 0xE6F3, 0xDF13, 0xE714, 0xE714, 0xE6F4, 0xE6F5, 0xE6F5,
    0xE6F5, 0xE715, 0xE716, 0xE716, 0xE716, 0xE717, 0xE717, 0xE717, 0xE718, 0xEF19, 0xEF19, 0xEF3A, 0xEF3A, 0xEF1B, 0xEF1C, 0xEF3D,
    0xE734, 0xE754, 0xE734, 0xE734, 0xE734, 0xE734, 0xE754, 0xE754, 0xE734, 0xE754, 0xE755, 0xE755, 0xE755, 0xE735, 0xE755, 0xE755,
    0xE756, 0xE756, 0xE756, 0xE756, 0xE757, 0xE757, 0xE758, 0xE758, 0xE759, 0xE759, 0xEF5A, 0xEF5A, 0xEF5B, 0xEF5B, 0xEF7C, 0xEF7D,
};
