/**
 * lut_custom_lapardin_wedluts_20.h
 * Custom LUT from 'LAPARDIN-WEDLUTS-20.cube'
 *
 * Auto-generated by tools/generate_luts.py — DO NOT EDIT
 * 32768 entries × 2 bytes = 64 KB, stored in Flash (.rodata)
 */
#pragma once
#include <stdint.h>

static const uint16_t LUT_CUSTOM_LAPARDIN_WEDLUTS_20[32768] = {
    0x0000, 0x0000, 0x0000, 0x0001, 0x0002, 0x0003, 0x0004, 0x0005, 0x0006, 0x0007, 0x0009, 0x000A, 0x000C, 0x000D, 0x000F, 0x0011,
    0x0013, 0x0014, 0x0016, 0x0017, 0x0018, 0x0039, 0x005A, 0x007B, 0x009C, 0x00BD, 0x00DD, 0x00FE, 0x00FE, 0x011E, 0x013F, 0x013F,
    0x0000, 0x0000, 0x0000, 0x0001, 0x0022, 0x0023, 0x0023, 0x0024, 0x0006, 0x0007, 0x0008, 0x000A, 0x000B, 0x000D, 0x000F, 0x0010,
    0x0012, 0x0014, 0x0036, 0x0037, 0x0038, 0x0059, 0x007A, 0x009B, 0x00BC, 0x00DD, 0x00FD, 0x00FE, 0x011E, 0x013E, 0x013F, 0x015F,
    0x0020, 0x0020, 0x0020, 0x0021, 0x0042, 0x0042, 0x0043, 0x0044, 0x0045, 0x0047, 0x0048, 0x0049, 0x004B, 0x004D, 0x004E, 0x0050,
    0x0052, 0x0054, 0x0055, 0x0057, 0x0078, 0x0079, 0x009A, 0x00BB, 0x00DC, 0x00DD, 0x00FD, 0x011E, 0x013E, 0x013F, 0x015F, 0x015F,
    0x0040, 0x0040, 0x0040, 0x0041, 0x0062, 0x0062, 0x0083, 0x0084, 0x0085, 0x0086, 0x00A8, 0x0089, 0x008B, 0x008C, 0x008E, 0x00B0,
    0x00B2, 0x00B4, 0x00B5, 0x00B7, 0x00B8, 0x00D9, 0x00DA, 0x00FB, 0x00FC, 0x011D, 0x011D, 0x013E, 0x015E, 0x015F, 0x015F, 0x017F,
    0x0060, 0x0060, 0x0081, 0x0081, 0x0082, 0x0082, 0x00A3, 0x00A4, 0x00C5, 0x00C6, 0x00E7, 0x00E9, 0x00EA, 0x00EC, 0x00EE, 0x00F0,
    0x00F2, 0x00F3, 0x00F5, 0x00F6, 0x0118, 0x0119, 0x011A, 0x013B, 0x013C, 0x015C, 0x015D, 0x017E, 0x017E, 0x019E, 0x019F, 0x019F,
    0x00A0, 0x00A1, 0x00A1, 0x00A1, 0x00A2, 0x00A2, 0x00C3, 0x00C4, 0x00E5, 0x0106, 0x0107, 0x0128, 0x012A, 0x012C, 0x014D, 0x014F,
    0x0151, 0x0153, 0x0155, 0x0156, 0x0158, 0x0159, 0x017A, 0x017B, 0x017C, 0x019C, 0x019D, 0x019E, 0x01BE, 0x01BE, 0x01DF, 0x01DF,
    0x00C1, 0x00C1, 0x00C2, 0x00E2, 0x00E2, 0x00E2, 0x00E3, 0x00E4, 0x0105, 0x0126, 0x0127, 0x0148, 0x016A, 0x016B, 0x018D, 0x018F,
    0x01B1, 0x01B3, 0x01B5, 0x01B6, 0x01B7, 0x01B9, 0x01BA, 0x01BB, 0x01DC, 0x01DC, 0x01DD, 0x01FD, 0x01FE, 0x01FE, 0x021F, 0x021F,
    0x0101, 0x0102, 0x0102, 0x0102, 0x0103, 0x0103, 0x0103, 0x0124, 0x0125, 0x0146, 0x0167, 0x0168, 0x0189, 0x01AB, 0x01CD, 0x01CF,
    0x01F1, 0x01F2, 0x0214, 0x0216, 0x0217, 0x0219, 0x021A, 0x021B, 0x021C, 0x021C, 0x023D, 0x023D, 0x023E, 0x025E, 0x025F, 0x025F,
    0x0142, 0x0142, 0x0142, 0x0143, 0x0143, 0x0143, 0x0144, 0x0144, 0x0144, 0x0165, 0x0187, 0x01A8, 0x01A9, 0x01CB, 0x01EC, 0x020E,
    0x0230, 0x0232, 0x0254, 0x0256, 0x0257, 0x0278, 0x027A, 0x027A, 0x027B, 0x027C, 0x029D, 0x029D, 0x029E, 0x029E, 0x029F, 0x029F,
    0x0182, 0x0183, 0x0183, 0x0183, 0x0184, 0x0184, 0x0184, 0x0184, 0x0185, 0x0185, 0x01A6, 0x01C8, 0x01E9, 0x020A, 0x022C, 0x024E,
    0x0270, 0x0272, 0x0294, 0x0295, 0x02B7, 0x02B8, 0x02B9, 0x02DA, 0x02DB, 0x02DC, 0x02FD, 0x02FD, 0x02FE, 0x02FE, 0x02DE, 0x02DF,
    0x01E3, 0x01C3, 0x01C3, 0x01C4, 0x01C4, 0x01C4, 0x09C5, 0x01C5, 0x01C5, 0x01C6, 0x01C6, 0x01E7, 0x0209, 0x022A, 0x024C, 0x026E,
    0x028F, 0x02B1, 0x02D3, 0x02D5, 0x02F6, 0x02F8, 0x02F9, 0x031A, 0x031B, 0x033C, 0x033D, 0x033D, 0x033E, 0x035E, 0x035E, 0x033F,
    0x0224, 0x0224, 0x0224, 0x0204, 0x0205, 0x0205, 0x0205, 0x0205, 0x0206, 0x0206, 0x0206, 0x0227, 0x0248, 0x026A, 0x028C, 0x02AD,
    0x02CF, 0x02F1, 0x0313, 0x0335, 0x0336, 0x0338, 0x0359, 0x035A, 0x037B, 0x037C, 0x037C, 0x037D, 0x039E, 0x039E, 0x039E, 0x039F,
    0x0284, 0x0264, 0x0265, 0x0265, 0x0265, 0x0265, 0x0246, 0x0246, 0x0246, 0x0267, 0x0267, 0x0268, 0x0268, 0x028A, 0x02AB, 0x02CD,
    0x02EF, 0x0311, 0x0352, 0x0374, 0x0376, 0x0397, 0x0399, 0x039A, 0x03BB, 0x03BC, 0x03BC, 0x03BD, 0x03DE, 0x03DE, 0x03DE, 0x03DF,
    0x02C5, 0x02C5, 0x02C5, 0x02C6, 0x02A6, 0x02A6, 0x02A6, 0x02A7, 0x0AA7, 0x02A7, 0x02A8, 0x02A8, 0x02A8, 0x02A9, 0x02CB, 0x02ED,
    0x032E, 0x0350, 0x0372, 0x0394, 0x03B5, 0x03D7, 0x03D8, 0x03FA, 0x03FB, 0x03FB, 0x041C, 0x041D, 0x041D, 0x041E, 0x041E, 0x03FF,
    0x0326, 0x0326, 0x0326, 0x0306, 0x0307, 0x0307, 0x0307, 0x02E7, 0x02E8, 0x02E8, 0x02E8, 0x0309, 0x0309, 0x02EA, 0x030B, 0x032C,
    0x034E, 0x0370, 0x03B2, 0x03D3, 0x03F5, 0x0417, 0x0418, 0x0439, 0x043A, 0x045B, 0x045C, 0x045D, 0x043D, 0x045E, 0x043E, 0x043F,
    0x0386, 0x0386, 0x0387, 0x0387, 0x0367, 0x0368, 0x0368, 0x0348, 0x0348, 0x0349, 0x0349, 0x0349, 0x034A, 0x034A, 0x034B, 0x034C,
    0x038E, 0x03AF, 0x03D1, 0x03F3, 0x0415, 0x0436, 0x0458, 0x0479, 0x047A, 0x049B, 0x049C, 0x049D, 0x047D, 0x049E, 0x047E, 0x045F,
    0x0407, 0x03E7, 0x03E7, 0x03E8, 0x03E8, 0x03C8, 0x03C8, 0x03C9, 0x03A9, 0x03A9, 0x03AA, 0x03AA, 0x03AA, 0x03AB, 0x03AB, 0x03AC,
    0x03AD, 0x03EF, 0x0411, 0x0433, 0x0454, 0x0476, 0x0497, 0x0499, 0x04BA, 0x04DB, 0x04DC, 0x04DC, 0x04DD, 0x04DE, 0x04BE, 0x049E,
    0x0468, 0x0448, 0x0448, 0x0448, 0x0449, 0x0449, 0x0429, 0x0429, 0x042A, 0x040A, 0x040A, 0x040B, 0x040B, 0x040C, 0x040C, 0x040D,
    0x040D, 0x040E, 0x0430, 0x0472, 0x0494, 0x04B6, 0x04B7, 0x04D8, 0x04FA, 0x04FA, 0x051B, 0x051C, 0x051D, 0x051D, 0x04FE, 0x04DE,
    0x04C9, 0x04A9, 0x04A9, 0x04A9, 0x04AA, 0x04AA, 0x04AA, 0x048A, 0x048A, 0x048B, 0x046B, 0x046C, 0x046C, 0x046D, 0x046D, 0x046D,
    0x046E, 0x046F, 0x0470, 0x0492, 0x04B3, 0x04D5, 0x04F7, 0x0518, 0x0519, 0x053A, 0x053B, 0x055C, 0x055D, 0x053D, 0x053E, 0x051E,
    0x052A, 0x050A, 0x050A, 0x050A, 0x050A, 0x050B, 0x050B, 0x04EB, 0x04EB, 0x04EC, 0x04CC, 0x04CD, 0x04CD, 0x04CD, 0x04CE, 0x04CE,
    0x04CE, 0x04CF, 0x04B0, 0x04D1, 0x04F3, 0x0515, 0x0536, 0x0558, 0x0559, 0x055A, 0x057B, 0x057C, 0x057C, 0x057D, 0x057E, 0x055E,
    0x058B, 0x056B, 0x056B, 0x056B, 0x056B, 0x056C, 0x056C, 0x054C, 0x054C, 0x054C, 0x054D, 0x052D, 0x052E, 0x0D2E, 0x052F, 0x052F,
    0x052F, 0x0530, 0x0510, 0x0511, 0x0513, 0x0554, 0x0556, 0x0577, 0x0599, 0x059A, 0x059B, 0x05BC, 0x059C, 0x05BD, 0x059E, 0x059E,
    0x05CC, 0x05CC, 0x05CC, 0x05CC, 0x05CC, 0x05CD, 0x05AD, 0x05AD, 0x05AD, 0x058D, 0x058E, 0x058E, 0x0D8F, 0x1D8F, 0x1D70, 0x0570,
    0x0570, 0x0571, 0x0571, 0x0572, 0x0573, 0x0574, 0x0596, 0x05B7, 0x05B8, 0x05DA, 0x05DA, 0x05DB, 0x05DC, 0x05DD, 0x05DD, 0x05BE,
    0x062D, 0x060D, 0x060D, 0x060D, 0x060D, 0x060E, 0x060E, 0x060E, 0x05EE, 0x05EE, 0x05EF, 0x05EF, 0x0DD0, 0x25D0, 0x35D1, 0x2DD1,
    0x0DD1, 0x05D1, 0x05D2, 0x05D2, 0x05B3, 0x05B4, 0x05D5, 0x05D7, 0x05F8, 0x05F9, 0x061A, 0x061B, 0x061C, 0x061D, 0x05FD, 0x05FE,
    0x066E, 0x064E, 0x064E, 0x064E, 0x064E, 0x064F, 0x064F, 0x064F, 0x064F, 0x062F, 0x0630, 0x1630, 0x2630, 0x3631, 0x4611, 0x4612,
    0x3612, 0x1E12, 0x0612, 0x0613, 0x0613, 0x0614, 0x0615, 0x0616, 0x0638, 0x0639, 0x063A, 0x065B, 0x065C, 0x063D, 0x063D, 0x063E,
    0x06AF, 0x068F, 0x068F, 0x068F, 0x068F, 0x0690, 0x0690, 0x0690, 0x1690, 0x1671, 0x1E71, 0x2671, 0x3671, 0x4672, 0x4E72, 0x5653,
    0x5653, 0x4653, 0x2653, 0x0654, 0x0654, 0x0655, 0x0655, 0x0656, 0x0658, 0x0679, 0x067A, 0x067B, 0x067C, 0x067C, 0x067D, 0x065E,
    0x06F1, 0x06D0, 0x06D0, 0x06D0, 0x06D1, 0x0ED1, 0x1ED1, 0x1ED1, 0x26D1, 0x2EB2, 0x36B2, 0x3EB2, 0x4EB2, 0x56B3, 0x5EB3, 0x6694,
    0x6694, 0x5E94, 0x4E94, 0x3695, 0x0E95, 0x0695, 0x0696, 0x0696, 0x0698, 0x0699, 0x06BA, 0x06BB, 0x06BC, 0x06BC, 0x069D, 0x069E,
    0x2712, 0x2711, 0x2711, 0x2712, 0x2712, 0x2F12, 0x3EF2, 0x46F2, 0x46F3, 0x4EF3, 0x4EF3, 0x56F3, 0x5EF3, 0x66D4, 0x66D4, 0x6ED5,
    0x76D5, 0x6ED5, 0x66D5, 0x56D5, 0x46D6, 0x1ED6, 0x06D6, 0x06D7, 0x06D8, 0x06D9, 0x06DA, 0x06DB, 0x06DB, 0x06DC, 0x06DD, 0x06DE,
    0x4733, 0x3F33, 0x4733, 0x4733, 0x4F33, 0x4F33, 0x5733, 0x5734, 0x5F34, 0x5F34, 0x6714, 0x6714, 0x6F14, 0x6F15, 0x7715, 0x7715,
    0x7F16, 0x7F16, 0x7716, 0x6F16, 0x5F16, 0x4F17, 0x2717, 0x0717, 0x0718, 0x0718, 0x0719, 0x071A, 0x071B, 0x071C, 0x071D, 0x071D,
    0x6774, 0x5F54, 0x5F54, 0x5F54, 0x5F54, 0x6754, 0x6754, 0x6F55, 0x6F55, 0x6F55, 0x7755, 0x7755, 0x7755, 0x7F36, 0x7F36, 0x8736,
    0x8736, 0x8F37, 0x8737, 0x7F37, 0x7737, 0x6F37, 0x5757, 0x2F58, 0x0758, 0x0759, 0x0759, 0x073A, 0x073B, 0x073C, 0x073D, 0x073D,
    0x7795, 0x6F95, 0x6F75, 0x6F75, 0x7775, 0x7775, 0x7775, 0x7776, 0x7F76, 0x7F76, 0x7F76, 0x8776, 0x8776, 0x8776, 0x8F77, 0x8F77,
    0x8F77, 0x9758, 0x9758, 0x9778, 0x8F78, 0x7F78, 0x7778, 0x6778, 0x4F79, 0x2779, 0x0779, 0x077A, 0x077B, 0x077C, 0x077D, 0x177D,
    0x87B6, 0x87B6, 0x8796, 0x8796, 0x8796, 0x8796, 0x8796, 0x8796, 0x8F97, 0x8F97, 0x8F97, 0x8F97, 0x8F97, 0x9797, 0x9798, 0x9798,
    0x9F98, 0x9F98, 0x9F99, 0x9F99, 0x9F99, 0x9799, 0x8F99, 0x7F99, 0x6F99, 0x5FB9, 0x3FBA, 0x27BA, 0x1FBB, 0x17BC, 0x17BD, 0x279D,
    0x97D7, 0x97B7, 0x8FB7, 0x97B7, 0x97B7, 0x97B7, 0x97B7, 0x97B7, 0x97B8, 0x97B8, 0x9FB8, 0x9FB8, 0x9FB8, 0x9FB8, 0x9FB8, 0xA7B9,
    0xA7B9, 0xA7B9, 0xAFB9, 0xAFBA, 0xA7BA, 0xA7BA, 0x9FBA, 0x97BA, 0x87BA, 0x77DA, 0x67DA, 0x4FDA, 0x3FDB, 0x3FDC, 0x37DC, 0x2FDD,
    0x0000, 0x0000, 0x0000, 0x0001, 0x0002, 0x0003, 0x0004, 0x0005, 0x0006, 0x0007, 0x0009, 0x000A, 0x000C, 0x000D, 0x000F, 0x0011,
    0x0013, 0x0014, 0x0016, 0x0017, 0x0018, 0x0039, 0x003A, 0x007B, 0x009C, 0x00BD, 0x00DD, 0x00FE, 0x00FE, 0x011E, 0x013F, 0x013F,
    0x0000, 0x0000, 0x0000, 0x0001, 0x0002, 0x0023, 0x0024, 0x0005, 0x0006, 0x0007, 0x0009, 0x000A, 0x000C, 0x000D, 0x000F, 0x0011,
    0x0013, 0x0014, 0x0016, 0x0037, 0x0038, 0x0059, 0x007A, 0x009B, 0x00BC, 0x00DD, 0x00FD, 0x00FE, 0x011E, 0x013F, 0x013F, 0x015F,
    0x0020, 0x0020, 0x0020, 0x0021, 0x0042, 0x0043, 0x0043, 0x0044, 0x0045, 0x0047, 0x0048, 0x0049, 0x004B, 0x004D, 0x004E, 0x0050,
    0x0052, 0x0054, 0x0055, 0x0057, 0x0058, 0x0079, 0x009A, 0x00BB, 0x00DC, 0x00DD, 0x00FD, 0x011E, 0x013E, 0x013F, 0x015F, 0x015F,
    0x0040, 0x0040, 0x0040, 0x0041, 0x0062, 0x0062, 0x0083, 0x0084, 0x0085, 0x0086, 0x0088, 0x0089, 0x008B, 0x008C, 0x008E, 0x0090,
    0x0092, 0x0094, 0x00B5, 0x00B7, 0x00B8, 0x00B9, 0x00DA, 0x00DB, 0x00FC, 0x011D, 0x013D, 0x013E, 0x015E, 0x015F, 0x017F, 0x017F,
    0x0060, 0x0081, 0x0081, 0x0081, 0x0082, 0x0082, 0x00A3, 0x00A4, 0x00C5, 0x00C6, 0x00C7, 0x00C9, 0x00CA, 0x00EC, 0x00EE, 0x00F0,
    0x00F2, 0x00F3, 0x00F5, 0x00F6, 0x0118, 0x0119, 0x011A, 0x013B, 0x013C, 0x015D, 0x015D, 0x017E, 0x017E, 0x019F, 0x019F, 0x019F,
    0x00A0, 0x00A1, 0x00A1, 0x00A2, 0x00A2, 0x00A2, 0x00C3, 0x00C4, 0x00E5, 0x0106, 0x0107, 0x0108, 0x012A, 0x012C, 0x012D, 0x012F,
    0x0131, 0x0133, 0x0155, 0x0156, 0x0158, 0x0159, 0x017A, 0x017B, 0x017C, 0x019C, 0x019D, 0x01BE, 0x01BE, 0x01BE, 0x01DF, 0x01DF,
    0x00C1, 0x00E1, 0x00C2, 0x00E2, 0x00E2, 0x00E3, 0x00E3, 0x00E4, 0x0105, 0x0126, 0x0127, 0x0148, 0x016A, 0x016B, 0x016D, 0x018F,
    0x0191, 0x0193, 0x0195, 0x0196, 0x0198, 0x0199, 0x01BA, 0x01BB, 0x01DC, 0x01DC, 0x01DD, 0x01FE, 0x01FE, 0x01FE, 0x021F, 0x021F,
    0x0101, 0x0102, 0x0102, 0x0102, 0x0903, 0x0103, 0x0123, 0x0124, 0x0125, 0x0146, 0x0167, 0x0168, 0x0189, 0x01AB, 0x01AD, 0x01CF,
    0x01F1, 0x01F2, 0x01F4, 0x01F6, 0x0217, 0x0219, 0x021A, 0x021B, 0x021C, 0x023C, 0x023D, 0x023E, 0x025E, 0x025E, 0x025F, 0x025F,
    0x0142, 0x0142, 0x0142, 0x0143, 0x0943, 0x0943, 0x0144, 0x0144, 0x0144, 0x0165, 0x0187, 0x01A8, 0x01A9, 0x01CB, 0x01ED, 0x020E,
    0x0230, 0x0232, 0x0254, 0x0256, 0x0257, 0x0278, 0x027A, 0x027B, 0x027B, 0x027C, 0x029D, 0x029D, 0x029E, 0x029E, 0x029F, 0x029F,
    0x0182, 0x0183, 0x0183, 0x0183, 0x0184, 0x0984, 0x0984, 0x0184, 0x0185, 0x0185, 0x01A6, 0x01C8, 0x01E9, 0x020B, 0x022C, 0x024E,
    0x0270, 0x0272, 0x0294, 0x0295, 0x02B7, 0x02B8, 0x02B9, 0x02DA, 0x02DB, 0x02DC, 0x02FD, 0x02FD, 0x02FE, 0x02FE, 0x02DF, 0x02DF,
    0x01E3, 0x01E3, 0x01C3, 0x01C4, 0x01C4, 0x09C4, 0x09C5, 0x09C5, 0x01C5, 0x01C6, 0x01C6, 0x01E8, 0x0209, 0x022A, 0x024C, 0x026E,
    0x0290, 0x02B1, 0x02D3, 0x02D5, 0x02F6, 0x02F8, 0x0319, 0x031A, 0x031B, 0x033C, 0x033D, 0x035D, 0x035E, 0x035E, 0x035E, 0x035F,
    0x0224, 0x0224, 0x0204, 0x0204, 0x0205, 0x0205, 0x0A05, 0x0A05, 0x0206, 0x0226, 0x0227, 0x0227, 0x0249, 0x026A, 0x028C, 0x02AD,
    0x02CF, 0x02F1, 0x0313, 0x0335, 0x0336, 0x0338, 0x0359, 0x035A, 0x037B, 0x037C, 0x037C, 0x039D, 0x039E, 0x039E, 0x039E, 0x039F,
    0x0284, 0x0284, 0x0265, 0x0265, 0x0265, 0x0265, 0x0266, 0x0A46, 0x0A66, 0x0267, 0x0267, 0x0268, 0x0268, 0x028A, 0x02AB, 0x02CD,
    0x02EF, 0x0311, 0x0352, 0x0374, 0x0376, 0x0397, 0x0399, 0x039A, 0x03BB, 0x03BC, 0x03BC, 0x03DD, 0x03DE, 0x03DE, 0x03DE, 0x03DF,
    0x02C5, 0x02C5, 0x02C5, 0x02A6, 0x02A6, 0x02A6, 0x02A6, 0x02A7, 0x0AA7, 0x02A7, 0x02A8, 0x02A8, 0x02A9, 0x02A9, 0x02CB, 0x030D,
    0x032E, 0x0350, 0x0372, 0x0394, 0x03B6, 0x03D7, 0x03D8, 0x03FA, 0x03FB, 0x03FB, 0x041C, 0x041D, 0x041D, 0x041E, 0x041E, 0x041F,
    0x0326, 0x0326, 0x0306, 0x0306, 0x0307, 0x0307, 0x0307, 0x0307, 0x02E8, 0x0AE8, 0x0308, 0x0309, 0x0309, 0x030A, 0x030B, 0x032C,
    0x034E, 0x0390, 0x03B2, 0x03D3, 0x03F5, 0x0417, 0x0418, 0x0439, 0x043A, 0x045B, 0x045C, 0x045D, 0x043D, 0x045E, 0x043E, 0x043F,
    0x0386, 0x0387, 0x0387, 0x0387, 0x0367, 0x0368, 0x0368, 0x0368, 0x0348, 0x0349, 0x0349, 0x0349, 0x034A, 0x036A, 0x034B, 0x034C,
    0x038E, 0x03AF, 0x03D1, 0x03F3, 0x0415, 0x0436, 0x0458, 0x0479, 0x047A, 0x049B, 0x049C, 0x049D, 0x047D, 0x049E, 0x047E, 0x047E,
    0x0407, 0x0407, 0x03E7, 0x03E8, 0x03E8, 0x03C8, 0x03C8, 0x03C9, 0x03C9, 0x03A9, 0x0BAA, 0x03AA, 0x03AB, 0x03AB, 0x03AB, 0x03AC,
    0x03AD, 0x03EF, 0x0411, 0x0433, 0x0454, 0x0476, 0x0497, 0x0499, 0x04BA, 0x04DB, 0x04DC, 0x04DC, 0x04DD, 0x04DE, 0x04BE, 0x04BE,
    0x0468, 0x0468, 0x0448, 0x0448, 0x0449, 0x0449, 0x0429, 0x0429, 0x042A, 0x040A, 0x040B, 0x040B, 0x040B, 0x040C, 0x040C, 0x040D,
    0x040D, 0x040E, 0x0450, 0x0472, 0x0494, 0x04B6, 0x04D7, 0x04D8, 0x04FA, 0x04FB, 0x051B, 0x051C, 0x051D, 0x051D, 0x04FE, 0x04FE,
    0x04C9, 0x04C9, 0x04A9, 0x04A9, 0x04AA, 0x04AA, 0x04AA, 0x048A, 0x048B, 0x048B, 0x046B, 0x046C, 0x046C, 0x046D, 0x046D, 0x046D,
    0x046E, 0x046F, 0x0470, 0x0492, 0x04B4, 0x04D5, 0x04F7, 0x0518, 0x0539, 0x053A, 0x055B, 0x055C, 0x055D, 0x055D, 0x053E, 0x053E,
    0x052A, 0x054A, 0x050A, 0x050A, 0x050A, 0x050B, 0x050B, 0x050B, 0x04EB, 0x04EC, 0x04EC, 0x04CD, 0x0CCD, 0x0CCD, 0x04CE, 0x04CE,
    0x04CF, 0x04CF, 0x04D0, 0x04D1, 0x04F3, 0x0515, 0x0536, 0x0558, 0x0559, 0x057A, 0x057B, 0x057C, 0x057C, 0x057D, 0x057E, 0x055E,
    0x058B, 0x058B, 0x056B, 0x056B, 0x056B, 0x056C, 0x056C, 0x054C, 0x054C, 0x054D, 0x054D, 0x052D, 0x0D2E, 0x1D2E, 0x0D2F, 0x052F,
    0x052F, 0x0530, 0x0530, 0x0511, 0x0533, 0x0554, 0x0556, 0x0577, 0x0599, 0x059A, 0x05BB, 0x05BC, 0x059C, 0x05BD, 0x059E, 0x059E,
    0x05CC, 0x05EC, 0x05CC, 0x05CC, 0x05CC, 0x05CD, 0x05CD, 0x05AD, 0x05AD, 0x05AD, 0x058E, 0x058E, 0x0D8F, 0x258F, 0x2D70, 0x0D90,
    0x0590, 0x0591, 0x0571, 0x0572, 0x0573, 0x0574, 0x0596, 0x05B7, 0x05B8, 0x05DA, 0x05DA, 0x05DB, 0x05DC, 0x05DD, 0x05DD, 0x05BE,
    0x062D, 0x062D, 0x060D, 0x060D, 0x060D, 0x060E, 0x060E, 0x060E, 0x05EE, 0x05EE, 0x05EF, 0x05EF, 0x15D0, 0x2DD0, 0x35D1, 0x35D1,
    0x1DD1, 0x05D1, 0x05D2, 0x05D2, 0x05D3, 0x05B4, 0x05D5, 0x05D7, 0x05F8, 0x0619, 0x061A, 0x061B, 0x061C, 0x061D, 0x061D, 0x05FE,
    0x066E, 0x066E, 0x066E, 0x064E, 0x064E, 0x064F, 0x064F, 0x064F, 0x064F, 0x0630, 0x0E30, 0x1630, 0x2631, 0x3631, 0x4611, 0x4E12,
    0x3E12, 0x2612, 0x0613, 0x0613, 0x0613, 0x0614, 0x0615, 0x0617, 0x0638, 0x0639, 0x065A, 0x065B, 0x065C, 0x065D, 0x063D, 0x063E,
    0x06AF, 0x06B0, 0x06AF, 0x068F, 0x0690, 0x0690, 0x0690, 0x0690, 0x1690, 0x1691, 0x2671, 0x2E71, 0x3E71, 0x4672, 0x4E72, 0x5653,
    0x5653, 0x4653, 0x2E53, 0x0E74, 0x0674, 0x0655, 0x0655, 0x0656, 0x0658, 0x0679, 0x067A, 0x067B, 0x067C, 0x067C, 0x067D, 0x065E,
    0x06F1, 0x0EF1, 0x06D1, 0x06D1, 0x06D1, 0x16D1, 0x1ED1, 0x26D1, 0x2ED2, 0x36B2, 0x3EB2, 0x46B2, 0x4EB2, 0x56B3, 0x5EB3, 0x6694,
    0x6694, 0x5E94, 0x4E94, 0x3E95, 0x1EB5, 0x06B5, 0x0696, 0x0696, 0x0698, 0x06B9, 0x06BA, 0x06BB, 0x06BC, 0x06BC, 0x06BD, 0x069D,
    0x2F12, 0x3712, 0x2F12, 0x2712, 0x2F12, 0x3712, 0x3F12, 0x46F2, 0x46F3, 0x4EF3, 0x56F3, 0x56F3, 0x5EF4, 0x66F4, 0x6ED4, 0x6ED5,
    0x76D5, 0x76D5, 0x66D5, 0x5ED6, 0x46D6, 0x26D6, 0x06D6, 0x06D7, 0x06D8, 0x06D9, 0x06DA, 0x06DB, 0x06DB, 0x06DC, 0x06DD, 0x06DD,
    0x4F33, 0x4F53, 0x4F33, 0x4733, 0x4F33, 0x4F33, 0x5733, 0x5F34, 0x5F34, 0x6734, 0x6714, 0x6714, 0x6F15, 0x6F15, 0x7715, 0x7F15,
    0x7F16, 0x7F16, 0x7F16, 0x6F16, 0x6716, 0x5717, 0x2F17, 0x0F17, 0x0718, 0x0718, 0x071A, 0x071A, 0x071B, 0x071C, 0x071D, 0x071D,
    0x6774, 0x6775, 0x6774, 0x5F54, 0x6754, 0x6754, 0x6754, 0x6F55, 0x6F55, 0x6F55, 0x7755, 0x7755, 0x7F55, 0x7F36, 0x7F36, 0x8736,
    0x8737, 0x8F37, 0x8F37, 0x8737, 0x7F37, 0x6F57, 0x5F58, 0x3758, 0x0F58, 0x0759, 0x0759, 0x075A, 0x073B, 0x075C, 0x075D, 0x073D,
    0x7795, 0x7F96, 0x7795, 0x7775, 0x7775, 0x7775, 0x7775, 0x7F76, 0x7F76, 0x7F76, 0x8776, 0x8776, 0x8776, 0x8F77, 0x8F77, 0x8F77,
    0x9777, 0x9778, 0x9778, 0x9778, 0x8F78, 0x8778, 0x7778, 0x6778, 0x4F79, 0x2F79, 0x0F7A, 0x077A, 0x077B, 0x077C, 0x0F7D, 0x177D,
    0x87B6, 0x8FB7, 0x87B6, 0x8796, 0x8796, 0x8796, 0x8796, 0x8797, 0x8F97, 0x8F97, 0x8F97, 0x8F97, 0x9797, 0x9797, 0x9798, 0x9798,
    0x9F98, 0x9F98, 0x9F99, 0xA799, 0x9F99, 0x9799, 0x8F99, 0x7F99, 0x7799, 0x5FBA, 0x47BA, 0x2FBA, 0x27BB, 0x27BC, 0x1FBD, 0x279D,
    0x97D7, 0x97B7, 0x8FB7, 0x8FB7, 0x8FB7, 0x8FB7, 0x8FB7, 0x8FB7, 0x97B7, 0x97B7, 0x97B8, 0x97B8, 0x9FB8, 0x9FB8, 0x9FB8, 0xA7B9,
    0xA7B9, 0xA7B9, 0xAFB9, 0xAFBA, 0xAFBA, 0xA7BA, 0x9FBA, 0x97BA, 0x87BA, 0x77DA, 0x67DA, 0x57DA, 0x47DB, 0x3FDC, 0x37DC, 0x37DD,
    0x0000, 0x0000, 0x0000, 0x0001, 0x0802, 0x0803, 0x0804, 0x0805, 0x0806, 0x0007, 0x0009, 0x000A, 0x000C, 0x000D, 0x000F, 0x0011,
    0x0013, 0x0014, 0x0016, 0x0017, 0x0018, 0x0019, 0x003A, 0x005B, 0x009C, 0x00BD, 0x00DD, 0x00FE, 0x00FE, 0x011E, 0x013F, 0x013F,
    0x0000, 0x0000, 0x0000, 0x0001, 0x0002, 0x0003, 0x0004, 0x0005, 0x0006, 0x0007, 0x0009, 0x000A, 0x000C, 0x000D, 0x000F, 0x0011,
    0x0013, 0x0014, 0x0016, 0x0017, 0x0038, 0x0059, 0x007A, 0x009B, 0x00BC, 0x00DD, 0x00FD, 0x00FE, 0x011E, 0x013F, 0x013F, 0x015F,
    0x0020, 0x0020, 0x0020, 0x0021, 0x0042, 0x0043, 0x0044, 0x0045, 0x0046, 0x0047, 0x0048, 0x004A, 0x004B, 0x004D, 0x002F, 0x0031,
    0x0033, 0x0035, 0x0036, 0x0057, 0x0059, 0x007A, 0x009B, 0x00BB, 0x00DC, 0x00FD, 0x011D, 0x011E, 0x013E, 0x013F, 0x015F, 0x015F,
    0x0040, 0x0040, 0x0041, 0x0061, 0x0062, 0x0063, 0x0063, 0x0084, 0x0085, 0x0086, 0x0088, 0x0089, 0x008B, 0x008C, 0x008E, 0x0090,
    0x0092, 0x0094, 0x0095, 0x0097, 0x00B8, 0x00B9, 0x00DA, 0x00DB, 0x00FC, 0x011D, 0x011D, 0x013E, 0x015E, 0x015F, 0x017F, 0x017F,
    0x0080, 0x0080, 0x0081, 0x0881, 0x0082, 0x00A2, 0x00A3, 0x00A4, 0x00C5, 0x00C6, 0x00C8, 0x00C9, 0x00CA, 0x00CC, 0x00CE, 0x00D0,
    0x00F1, 0x00F3, 0x00F5, 0x00F6, 0x00F8, 0x0119, 0x011A, 0x011B, 0x013C, 0x015C, 0x015D, 0x017E, 0x017E, 0x019F, 0x019F, 0x01BF,
    0x00A0, 0x00A1, 0x00A1, 0x08A2, 0x08A2, 0x00C2, 0x00C3, 0x00E4, 0x00E5, 0x0106, 0x0107, 0x0109, 0x010A, 0x012C, 0x012D, 0x012F,
    0x0131, 0x0133, 0x0135, 0x0136, 0x0158, 0x0159, 0x015A, 0x017B, 0x017C, 0x019C, 0x019D, 0x019E, 0x01BE, 0x01BE, 0x01DF, 0x01FF,
    0x00E1, 0x00E1, 0x00E2, 0x08E2, 0x08E2, 0x08E3, 0x00E3, 0x0104, 0x0105, 0x0126, 0x0127, 0x0148, 0x014A, 0x016B, 0x016D, 0x016F,
    0x0191, 0x0193, 0x0195, 0x0196, 0x0197, 0x0199, 0x01BA, 0x01BB, 0x01DC, 0x01DC, 0x01DD, 0x01FE, 0x01FE, 0x01FE, 0x021F, 0x023F,
    0x0101, 0x0102, 0x0102, 0x0902, 0x0903, 0x0903, 0x0923, 0x0124, 0x0125, 0x0146, 0x0167, 0x0168, 0x018A, 0x01AB, 0x01AD, 0x01CF,
    0x01D1, 0x01F2, 0x01F4, 0x01F6, 0x01F7, 0x01F9, 0x01FA, 0x01FB, 0x021C, 0x021C, 0x023D, 0x023E, 0x025E, 0x025E, 0x025F, 0x027F,
    0x0142, 0x0142, 0x0143, 0x0943, 0x0943, 0x0943, 0x0944, 0x0144, 0x0165, 0x0166, 0x0187, 0x01A8, 0x01C9, 0x01EB, 0x01ED, 0x020E,
    0x0210, 0x0232, 0x0234, 0x0256, 0x0257, 0x0258, 0x027A, 0x027A, 0x027B, 0x027C, 0x027D, 0x029D, 0x029E, 0x029E, 0x029F, 0x02BF,
    0x0182, 0x0183, 0x0183, 0x0183, 0x0984, 0x1184, 0x1184, 0x0984, 0x0185, 0x01A5, 0x01A7, 0x01C8, 0x01E9, 0x020B, 0x022C, 0x024E,
    0x0270, 0x0272, 0x0294, 0x0295, 0x02B7, 0x02B8, 0x02B9, 0x02DA, 0x02DB, 0x02DC, 0x02FD, 0x02FD, 0x02FE, 0x02FE, 0x02FE, 0x02FF,
    0x01C3, 0x01C3, 0x01C4, 0x01C4, 0x01C4, 0x09C4, 0x11C5, 0x11C5, 0x01C5, 0x01C6, 0x01E6, 0x01E8, 0x0209, 0x022A, 0x024C, 0x028E,
    0x02B0, 0x02B1, 0x02D3, 0x02D5, 0x02F6, 0x02F8, 0x0319, 0x031A, 0x031B, 0x033C, 0x033D, 0x035D, 0x035E, 0x035E, 0x035E, 0x035F,
    0x0224, 0x0224, 0x0224, 0x0204, 0x0205, 0x0A05, 0x1205, 0x1206, 0x0A06, 0x0226, 0x0227, 0x0227, 0x0249, 0x026A, 0x028C, 0x02AD,
    0x02CF, 0x02F1, 0x0313, 0x0335, 0x0336, 0x0338, 0x0359, 0x035A, 0x037B, 0x037C, 0x037C, 0x039D, 0x039E, 0x039E, 0x039E, 0x03BE,
    0x0284, 0x0284, 0x0265, 0x0265, 0x0265, 0x0265, 0x0A66, 0x1266, 0x1267, 0x0A67, 0x0267, 0x0268, 0x0268, 0x028A, 0x02AC, 0x02CD,
    0x02EF, 0x0331, 0x0353, 0x0374, 0x0376, 0x0397, 0x0399, 0x03BA, 0x03BB, 0x03BC, 0x03DC, 0x03DD, 0x03DE, 0x03FE, 0x03DE, 0x03FE,
    0x02C5, 0x02C5, 0x02C5, 0x02A5, 0x02A6, 0x02A6, 0x02A6, 0x0AA7, 0x12A7, 0x12A8, 0x02A8, 0x02A8, 0x02A9, 0x02CA, 0x02EB, 0x030D,
    0x032F, 0x0350, 0x0372, 0x0394, 0x03B6, 0x03D7, 0x03F8, 0x03FA, 0x03FB, 0x041B, 0x041C, 0x041D, 0x041D, 0x041E, 0x041E, 0x041E,
    0x0326, 0x0326, 0x0326, 0x0306, 0x0307, 0x0307, 0x0307, 0x0307, 0x0B08, 0x1308, 0x0B08, 0x0309, 0x0309, 0x030A, 0x030B, 0x032C,
    0x036E, 0x0390, 0x03B2, 0x03D4, 0x03F5, 0x0417, 0x0438, 0x0439, 0x045A, 0x045B, 0x045C, 0x045D, 0x045D, 0x045E, 0x045E, 0x045E,
    0x0386, 0x03A7, 0x0387, 0x0367, 0x0367, 0x0368, 0x0368, 0x0368, 0x0368, 0x0B49, 0x1349, 0x036A, 0x036A, 0x036A, 0x036B, 0x036C,
    0x038E, 0x03B0, 0x03F1, 0x0413, 0x0435, 0x0436, 0x0458, 0x0479, 0x049A, 0x049B, 0x049C, 0x049D, 0x049D, 0x049E, 0x049E, 0x049E,
    0x0407, 0x0407, 0x0408, 0x03E8, 0x03E8, 0x03C8, 0x03C9, 0x03C9, 0x03C9, 0x03C9, 0x0BAA, 0x0BAA, 0x03CB, 0x03CB, 0x03CC, 0x03AC,
    0x03CD, 0x03EF, 0x0411, 0x0433, 0x0454, 0x0476, 0x0497, 0x04B9, 0x04BA, 0x04DB, 0x04DC, 0x04DC, 0x04DD, 0x04DE, 0x04DE, 0x04BE,
    0x0468, 0x0468, 0x0468, 0x0448, 0x0449, 0x0449, 0x0429, 0x042A, 0x042A, 0x042A, 0x040B, 0x0C0B, 0x0C0C, 0x042C, 0x042C, 0x042D,
    0x040D, 0x040F, 0x0450, 0x0472, 0x0494, 0x04B6, 0x04D7, 0x04D8, 0x04FA, 0x051A, 0x051B, 0x051C, 0x051D, 0x051D, 0x051E, 0x04FE,
    0x04C9, 0x04C9, 0x04C9, 0x04A9, 0x04AA, 0x04AA, 0x04AA, 0x048A, 0x048B, 0x048B, 0x048B, 0x0C6C, 0x146C, 0x046D, 0x046D, 0x046D,
    0x046E, 0x046F, 0x0470, 0x0492, 0x04D4, 0x04F5, 0x04F7, 0x0518, 0x0539, 0x053A, 0x055B, 0x055C, 0x055D, 0x055D, 0x055E, 0x053E,
    0x052A, 0x054A, 0x054A, 0x050A, 0x050A, 0x050B, 0x050B, 0x050B, 0x04EC, 0x04EC, 0x04EC, 0x04CD, 0x14CD, 0x14CE, 0x04CE, 0x04CE,
    0x04CF, 0x04CF, 0x04D0, 0x04D1, 0x04F3, 0x0515, 0x0536, 0x0558, 0x0559, 0x057A, 0x057B, 0x059C, 0x057C, 0x059D, 0x057E, 0x055E,
    0x058B, 0x058B, 0x058B, 0x056B, 0x056B, 0x056C, 0x056C, 0x056C, 0x054D, 0x054D, 0x054D, 0x054D, 0x152E, 0x252E, 0x152F, 0x052F,
    0x052F, 0x0530, 0x0530, 0x0531, 0x0533, 0x0554, 0x0556, 0x0577, 0x0599, 0x059A, 0x05BB, 0x05BC, 0x059C, 0x05BD, 0x059D, 0x059E,
    0x05CC, 0x05EC, 0x05EC, 0x05CC, 0x05CC, 0x05CD, 0x05AD, 0x05AD, 0x05AD, 0x05AE, 0x058E, 0x058E, 0x158F, 0x258F, 0x3570, 0x1D90,
    0x0590, 0x0591, 0x0571, 0x0572, 0x0573, 0x0574, 0x0596, 0x05B7, 0x05B8, 0x05DA, 0x05DA, 0x05DB, 0x05DC, 0x05DD, 0x05DD, 0x05BE,
    0x062D, 0x062D, 0x062D, 0x060D, 0x060D, 0x060E, 0x060E, 0x060E, 0x060E, 0x05EF, 0x05EF, 0x0DEF, 0x1DD0, 0x2DD0, 0x3DD1, 0x3DD1,
    0x25D1, 0x05D1, 0x05D2, 0x05D2, 0x05D3, 0x05D4, 0x05D5, 0x05D7, 0x05F8, 0x0619, 0x061A, 0x061B, 0x061C, 0x061D, 0x061D, 0x05FE,
    0x066E, 0x066E, 0x068F, 0x066E, 0x064E, 0x064F, 0x064F, 0x064F, 0x0650, 0x0E50, 0x1630, 0x2630, 0x2E31, 0x3E31, 0x4611, 0x4E12,
    0x4612, 0x2E12, 0x0E13, 0x0613, 0x0613, 0x0614, 0x0615, 0x0616, 0x0638, 0x0639, 0x065A, 0x065B, 0x065C, 0x065D, 0x063D, 0x063E,
    0x06AF, 0x06B0, 0x06D0, 0x06B0, 0x068F, 0x0690, 0x0690, 0x0E90, 0x1691, 0x1E91, 0x2E71, 0x3671, 0x3E72, 0x4E72, 0x5672, 0x5E53,
    0x5E53, 0x4E53, 0x3654, 0x1E54, 0x0674, 0x0655, 0x0655, 0x0656, 0x0658, 0x0679, 0x067A, 0x067B, 0x067C, 0x067C, 0x067D, 0x065E,
    0x06F1, 0x0EF1, 0x16F1, 0x06D1, 0x06D1, 0x16D1, 0x1ED1, 0x26D1, 0x36D2, 0x3EB2, 0x46B2, 0x4EB2, 0x4EB3, 0x56B3, 0x5EB3, 0x6694,
    0x6E94, 0x6694, 0x5694, 0x4695, 0x2695, 0x06B5, 0x0696, 0x0696, 0x0698, 0x0699, 0x06BA, 0x06BB, 0x06BC, 0x06BC, 0x06BD, 0x069D,
    0x2F12, 0x3712, 0x3F32, 0x3712, 0x2F12, 0x3712, 0x3EF2, 0x46F2, 0x4EF3, 0x56F3, 0x56F3, 0x5EF3, 0x5EF4, 0x66F4, 0x6ED4, 0x6ED5,
    0x76D5, 0x76D5, 0x6ED5, 0x5ED6, 0x4ED6, 0x2ED6, 0x06D6, 0x06D7, 0x06D8, 0x06D9, 0x06DA, 0x06DB, 0x06DB, 0x06DC, 0x06DD, 0x06DD,
    0x4F33, 0x5753, 0x5754, 0x5733, 0x4F33, 0x4F33, 0x5733, 0x5F34, 0x5F34, 0x6734, 0x6714, 0x6F14, 0x6F15, 0x7715, 0x7715, 0x7F16,
    0x7F16, 0x8716, 0x7F16, 0x7716, 0x6716, 0x5717, 0x3F17, 0x1717, 0x0718, 0x0718, 0x071A, 0x071A, 0x071B, 0x071C, 0x071D, 0x071D,
    0x6774, 0x6F75, 0x6F75, 0x6774, 0x6754, 0x6754, 0x6754, 0x6F55, 0x6F55, 0x7755, 0x7755, 0x7755, 0x7F56, 0x7F36, 0x8736, 0x8736,
    0x8F37, 0x8F37, 0x8F37, 0x8737, 0x7F37, 0x6F57, 0x5F58, 0x3F58, 0x1758, 0x0758, 0x0759, 0x075A, 0x073B, 0x0F5C, 0x0F3D, 0x173D,
    0x7795, 0x7F96, 0x7F96, 0x7F96, 0x7775, 0x7775, 0x7775, 0x7F76, 0x7F76, 0x7F76, 0x8776, 0x8776, 0x8776, 0x8F77, 0x8F77, 0x8F77,
    0x9777, 0x9778, 0x9758, 0x9778, 0x8F78, 0x8778, 0x7F78, 0x6F79, 0x5779, 0x3779, 0x177A, 0x0F7A, 0x0F7B, 0x177C, 0x1F7D, 0x277D,
    0x87B6, 0x8FB7, 0x8FB7, 0x8796, 0x7F96, 0x7F96, 0x8796, 0x8796, 0x8796, 0x8F96, 0x8F97, 0x8F97, 0x8F97, 0x9797, 0x9797, 0x9798,
    0x9F98, 0x9F98, 0xA799, 0xA799, 0x9F99, 0x9799, 0x8F99, 0x8799, 0x7799, 0x5FBA, 0x47BA, 0x37BA, 0x2FBB, 0x2FBC, 0x279D, 0x2F9D,
    0x97D7, 0x97B7, 0x97B7, 0x8FB7, 0x8FB7, 0x8FB7, 0x8FB7, 0x8FB7, 0x97B7, 0x97B7, 0x97B7, 0x97B8, 0x9FB8, 0x9FB8, 0x9FB8, 0xA7B9,
    0xA7B9, 0xA7B9, 0xAFB9, 0xAFBA, 0xAFBA, 0xA7BA, 0x9FBA, 0x97BA, 0x8FBA, 0x7FDA, 0x6FDA, 0x57DA, 0x47DB, 0x47DC, 0x3FDC, 0x3FDD,
    0x0800, 0x0800, 0x0800, 0x0801, 0x0802, 0x1003, 0x1004, 0x1005, 0x1006, 0x1008, 0x0809, 0x080A, 0x080C, 0x000D, 0x000F, 0x0011,
    0x0013, 0x0014, 0x0016, 0x0017, 0x0018, 0x0019, 0x003A, 0x005B, 0x007C, 0x009D, 0x00DD, 0x00DE, 0x00FE, 0x011E, 0x013F, 0x013F,
    0x0820, 0x0820, 0x0820, 0x0801, 0x0802, 0x0803, 0x0804, 0x0805, 0x0806, 0x0807, 0x0809, 0x000A, 0x080C, 0x000E, 0x000F, 0x0011,
    0x0013, 0x0014, 0x0016, 0x0017, 0x0018, 0x0039, 0x005A, 0x007B, 0x009C, 0x00BD, 0x00FD, 0x00FE, 0x011E, 0x013F, 0x013F, 0x015F,
    0x0820, 0x0820, 0x0820, 0x0821, 0x0842, 0x0843, 0x0844, 0x0845, 0x0846, 0x0847, 0x0048, 0x002A, 0x002C, 0x002D, 0x002F, 0x0031,
    0x0033, 0x0015, 0x0036, 0x0037, 0x0059, 0x007A, 0x009A, 0x00BB, 0x00DC, 0x00DD, 0x00FD, 0x011E, 0x013E, 0x013F, 0x015F, 0x015F,
    0x0840, 0x0840, 0x0861, 0x0861, 0x0862, 0x0863, 0x0864, 0x0864, 0x0886, 0x0087, 0x0088, 0x008A, 0x008B, 0x008D, 0x008F, 0x0091,
    0x0092, 0x0094, 0x0096, 0x0097, 0x0098, 0x00BA, 0x00DA, 0x00DB, 0x00FC, 0x011D, 0x013D, 0x013E, 0x015E, 0x017F, 0x017F, 0x019F,
    0x0080, 0x0880, 0x0881, 0x0881, 0x0882, 0x08A3, 0x08A3, 0x08A4, 0x00A5, 0x00C6, 0x00C8, 0x00C9, 0x00CB, 0x00CC, 0x00CE, 0x00D0,
    0x00D2, 0x00D3, 0x00D5, 0x00F6, 0x00F8, 0x00F9, 0x011A, 0x011B, 0x013C, 0x013C, 0x015D, 0x017E, 0x017E, 0x019E, 0x01BF, 0x01DF,
    0x00A0, 0x00A1, 0x08A1, 0x08C2, 0x08C2, 0x08C3, 0x08C3, 0x08E4, 0x00E5, 0x00E6, 0x0108, 0x0109, 0x010A, 0x010C, 0x010E, 0x0110,
    0x0111, 0x0133, 0x0135, 0x0136, 0x0138, 0x0159, 0x015A, 0x017B, 0x017C, 0x017C, 0x019D, 0x019E, 0x01BE, 0x01DE, 0x01FE, 0x01FF,
    0x00E1, 0x00E1, 0x08E2, 0x08E2, 0x10E2, 0x10E3, 0x08E3, 0x0904, 0x0905, 0x0126, 0x0147, 0x0149, 0x014A, 0x014C, 0x016D, 0x016F,
    0x0171, 0x0173, 0x0175, 0x0176, 0x0197, 0x0199, 0x019A, 0x01BB, 0x01BC, 0x01DC, 0x01DD, 0x01FE, 0x01FE, 0x021E, 0x023E, 0x023F,
    0x0101, 0x0101, 0x0902, 0x0922, 0x1103, 0x1123, 0x1124, 0x0924, 0x0945, 0x0146, 0x0167, 0x0188, 0x018A, 0x01AB, 0x01AD, 0x01AF,
    0x01D1, 0x01D3, 0x01D4, 0x01D6, 0x01D7, 0x01F9, 0x01FA, 0x01FB, 0x021B, 0x021C, 0x023D, 0x023D, 0x025E, 0x027E, 0x027E, 0x029F,
    0x0142, 0x0142, 0x0142, 0x0943, 0x1143, 0x1144, 0x1144, 0x0964, 0x0965, 0x0166, 0x0187, 0x01A8, 0x01CA, 0x01EB, 0x01ED, 0x020F,
    0x0211, 0x0232, 0x0234, 0x0236, 0x0257, 0x0258, 0x025A, 0x025A, 0x027B, 0x027C, 0x027D, 0x029D, 0x029E, 0x02BE, 0x02BE, 0x02BF,
    0x0182, 0x0183, 0x0183, 0x0983, 0x1184, 0x1184, 0x1184, 0x1185, 0x09A5, 0x09A6, 0x01A7, 0x01C8, 0x01E9, 0x020B, 0x022D, 0x024E,
    0x0270, 0x0272, 0x0294, 0x0295, 0x0297, 0x02B8, 0x02B9, 0x02BA, 0x02DB, 0x02DC, 0x02DD, 0x02DD, 0x02DE, 0x02FE, 0x031E, 0x031E,
    0x01C3, 0x01C3, 0x01C4, 0x01C4, 0x09C4, 0x11C4, 0x11C5, 0x19C5, 0x11C5, 0x09E6, 0x01E7, 0x0208, 0x0229, 0x024B, 0x026C, 0x028E,
    0x02B0, 0x02B2, 0x02D3, 0x02D5, 0x02F6, 0x02F8, 0x02F9, 0x031A, 0x031B, 0x033C, 0x033D, 0x035D, 0x035E, 0x035E, 0x037E, 0x037E,
    0x0224, 0x0224, 0x0224, 0x0224, 0x0A05, 0x0A05, 0x1205, 0x1A06, 0x1A26, 0x0A26, 0x0227, 0x0228, 0x0249, 0x026A, 0x028C, 0x02AE,
    0x02D0, 0x02F1, 0x0313, 0x0335, 0x0336, 0x0338, 0x0359, 0x035A, 0x037B, 0x037C, 0x039C, 0x039D, 0x039E, 0x03BE, 0x03BE, 0x03BE,
    0x0284, 0x0284, 0x0265, 0x0265, 0x0265, 0x0A66, 0x1266, 0x1266, 0x1A67, 0x1267, 0x0A67, 0x0268, 0x0289, 0x02AA, 0x02AC, 0x02ED,
    0x030F, 0x0331, 0x0353, 0x0374, 0x0376, 0x0397, 0x0399, 0x03BA, 0x03BB, 0x03BC, 0x03DC, 0x03DD, 0x03FE, 0x03FE, 0x03FE, 0x03FE,
    0x02C5, 0x02C5, 0x02C5, 0x02C6, 0x02A6, 0x02A6, 0x0AA6, 0x12A7, 0x1AA7, 0x1AA8, 0x0AA8, 0x02C8, 0x02C9, 0x02CA, 0x02EB, 0x030D,
    0x032F, 0x0351, 0x0392, 0x03B4, 0x03B6, 0x03D7, 0x03F8, 0x03FA, 0x03FA, 0x041B, 0x041C, 0x041D, 0x041D, 0x043E, 0x043E, 0x043E,
    0x0326, 0x0326, 0x0326, 0x0326, 0x0306, 0x0307, 0x0307, 0x0308, 0x1308, 0x1B08, 0x1B09, 0x0309, 0x0309, 0x030A, 0x030B, 0x034D,
    0x036E, 0x0390, 0x03B2, 0x03D4, 0x03F5, 0x0417, 0x0438, 0x0439, 0x045A, 0x045B, 0x045C, 0x045D, 0x045D, 0x047E, 0x047E, 0x047E,
    0x0386, 0x0387, 0x0387, 0x0387, 0x0367, 0x0368, 0x0368, 0x0368, 0x0368, 0x1369, 0x1B69, 0x136A, 0x036A, 0x036B, 0x036B, 0x036C,
    0x038E, 0x03D0, 0x03F2, 0x0413, 0x0435, 0x0456, 0x0458, 0x0479, 0x049A, 0x049B, 0x049C, 0x049C, 0x049D, 0x049E, 0x04BE, 0x04BE,
    0x0407, 0x0407, 0x0408, 0x03E8, 0x03C8, 0x03C8, 0x03C9, 0x03C9, 0x03C9, 0x03CA, 0x13CA, 0x1BCB, 0x0BCB, 0x03CB, 0x03CC, 0x03CC,
    0x03CD, 0x03EF, 0x0411, 0x0433, 0x0455, 0x0476, 0x0497, 0x04B9, 0x04BA, 0x04DB, 0x04DC, 0x04FC, 0x04DD, 0x04DD, 0x04DE, 0x04DE,
    0x0468, 0x0468, 0x0468, 0x0469, 0x0449, 0x0429, 0x0429, 0x042A, 0x042A, 0x042A, 0x042B, 0x1C2B, 0x142C, 0x042C, 0x042C, 0x042D,
    0x042E, 0x042F, 0x0451, 0x0472, 0x0494, 0x04B6, 0x04D7, 0x04D8, 0x04FA, 0x051A, 0x051B, 0x051C, 0x051D, 0x051D, 0x051E, 0x04FE,
    0x04C9, 0x04C9, 0x04C9, 0x04C9, 0x04A9, 0x04AA, 0x04AA, 0x048B, 0x048B, 0x048B, 0x048C, 0x148C, 0x1C8D, 0x148D, 0x048D, 0x048E,
    0x048E, 0x046F, 0x0470, 0x04B2, 0x04D4, 0x04F5, 0x04F7, 0x0518, 0x0539, 0x053A, 0x055B, 0x055C, 0x055D, 0x055D, 0x055E, 0x053E,
    0x052A, 0x054A, 0x054A, 0x052A, 0x050A, 0x050B, 0x050B, 0x050B, 0x04EC, 0x04EC, 0x04EC, 0x04ED, 0x1CCD, 0x24CE, 0x0CCE, 0x04EE,
    0x04EF, 0x04CF, 0x04D0, 0x04D1, 0x04F3, 0x0515, 0x0536, 0x0558, 0x0559, 0x057A, 0x057B, 0x059C, 0x057C, 0x059D, 0x057E, 0x057E,
    0x058B, 0x058B, 0x058B, 0x058B, 0x056B, 0x056C, 0x056C, 0x054C, 0x054D, 0x054D, 0x054D, 0x054E, 0x152E, 0x2D2F, 0x252F, 0x0D2F,
    0x0530, 0x0530, 0x0531, 0x0531, 0x0533, 0x0554, 0x0576, 0x0577, 0x0599, 0x059A, 0x05BB, 0x05BC, 0x05BC, 0x05BD, 0x05BD, 0x059E,
    0x05CC, 0x05EC, 0x05EC, 0x05ED, 0x05CC, 0x05AD, 0x05AD, 0x05AD, 0x05AE, 0x05AE, 0x058E, 0x0D8E, 0x1D8F, 0x2D8F, 0x3590, 0x2D90,
    0x1590, 0x0591, 0x0591, 0x0572, 0x0573, 0x0574, 0x0596, 0x05B7, 0x05B8, 0x05DA, 0x05DA, 0x05DB, 0x05DC, 0x05DD, 0x05DD, 0x05DE,
    0x062D, 0x062D, 0x062D, 0x062E, 0x060D, 0x060D, 0x060E, 0x060E, 0x05EF, 0x05EF, 0x0DEF, 0x1DEF, 0x25F0, 0x35D0, 0x45D1, 0x45D1,
    0x35D1, 0x15D2, 0x05D2, 0x05D2, 0x05D3, 0x05D4, 0x05D5, 0x05D7, 0x05F8, 0x0619, 0x061A, 0x061B, 0x061C, 0x061D, 0x061D, 0x05FE,
    0x066E, 0x066E, 0x068F, 0x068F, 0x066F, 0x064F, 0x064F, 0x064F, 0x0650, 0x1650, 0x1E30, 0x2E30, 0x3631, 0x4631, 0x4E12, 0x5612,
    0x4E12, 0x3E12, 0x1E13, 0x0613, 0x0613, 0x0614, 0x0615, 0x0616, 0x0638, 0x0639, 0x063A, 0x065B, 0x065C, 0x065C, 0x063D, 0x063E,
    0x06AF, 0x06B0, 0x06D0, 0x06B0, 0x06B0, 0x0690, 0x0690, 0x0E90, 0x1E91, 0x2691, 0x3671, 0x3E71, 0x4672, 0x4E72, 0x5672, 0x5E53,
    0x5E53, 0x5653, 0x4654, 0x2654, 0x0654, 0x0655, 0x0655, 0x0656, 0x0658, 0x0679, 0x067A, 0x067B, 0x067C, 0x067C, 0x067D, 0x067E,
    0x06F1, 0x0EF1, 0x1EF1, 0x1EF1, 0x16D1, 0x16D1, 0x1ED1, 0x2ED1, 0x3ED2, 0x46B2, 0x4EB2, 0x4EB2, 0x56B3, 0x5EB3, 0x66B3, 0x6694,
    0x6E94, 0x6E94, 0x5E95, 0x4E95, 0x2E95, 0x06B5, 0x0696, 0x0696, 0x0698, 0x0699, 0x06BA, 0x06BB, 0x06BC, 0x06BC, 0x06BD, 0x069D,
    0x3712, 0x3F12, 0x4732, 0x4733, 0x3F12, 0x36F2, 0x3EF2, 0x46F2, 0x4EF3, 0x56F3, 0x5EF3, 0x5EF4, 0x66F4, 0x6ED4, 0x6ED4, 0x76D5,
    0x76D5, 0x76D5, 0x6ED6, 0x66D6, 0x56D6, 0x3ED6, 0x16D6, 0x06D7, 0x06D8, 0x06D9, 0x06DA, 0x06DB, 0x06DB, 0x06DC, 0x06DD, 0x06DD,
    0x4F33, 0x5753, 0x5F54, 0x5F54, 0x5733, 0x5733, 0x5733, 0x5F34, 0x5F34, 0x6734, 0x6F14, 0x6F14, 0x6F15, 0x7715, 0x7715, 0x7F16,
    0x7F16, 0x8716, 0x8716, 0x7716, 0x6F17, 0x5F17, 0x4717, 0x1F17, 0x0718, 0x0718, 0x071A, 0x071A, 0x071B, 0x071C, 0x071D, 0x0F1D,
    0x6774, 0x6F75, 0x6F75, 0x7775, 0x6F75, 0x6754, 0x6754, 0x6F55, 0x6F55, 0x7755, 0x7755, 0x7F55, 0x7F56, 0x7F36, 0x8736, 0x8736,
    0x8F37, 0x8F37, 0x8F37, 0x8737, 0x7F37, 0x7738, 0x6758, 0x4758, 0x2F58, 0x0F59, 0x0739, 0x073A, 0x073B, 0x0F3C, 0x173D, 0x1F3D,
    0x7795, 0x7F96, 0x8796, 0x7F96, 0x7775, 0x7775, 0x7775, 0x7775, 0x7F75, 0x7F76, 0x7F76, 0x8756, 0x8756, 0x8F56, 0x8F57, 0x8F57,
    0x9757, 0x9758, 0x9F58, 0x9758, 0x8F78, 0x8778, 0x7F78, 0x6F79, 0x5F79, 0x4779, 0x2F7A, 0x177A, 0x0F7B, 0x1F7C, 0x2F7D, 0x377D,
    0x8FB7, 0x8FB7, 0x8FB7, 0x8796, 0x8796, 0x7F96, 0x7F96, 0x8796, 0x8796, 0x8796, 0x8F77, 0x8F77, 0x8F77, 0x9797, 0x9798, 0x9F98,
    0x9F98, 0x9F98, 0xA799, 0xA799, 0x9F99, 0x9799, 0x8F99, 0x8799, 0x7799, 0x67BA, 0x4FBA, 0x3FBA, 0x37BB, 0x37BC, 0x379D, 0x3F9D,
    0x97D8, 0x97B7, 0x97B7, 0x8FB7, 0x8FB7, 0x8FB7, 0x8FB7, 0x8FB7, 0x97B7, 0x97B7, 0x9797, 0x9F98, 0x9F98, 0x9F98, 0x9FB8, 0xA7B9,
    0xA7B9, 0xAFB9, 0xAFB9, 0xAFBA, 0xAFBA, 0xA7BA, 0x9FBA, 0x97BA, 0x8FBA, 0x7FBA, 0x6FDA, 0x5FDA, 0x4FDB, 0x4FDC, 0x47DC, 0x3FDD,
    0x0800, 0x0800, 0x0801, 0x1001, 0x1002, 0x1003, 0x1004, 0x1005, 0x1006, 0x1008, 0x1009, 0x100B, 0x100C, 0x100E, 0x080F, 0x0011,
    0x0013, 0x0014, 0x0016, 0x0017, 0x0018, 0x0019, 0x001A, 0x003B, 0x007C, 0x009D, 0x00BD, 0x00DE, 0x00FE, 0x011E, 0x013F, 0x013F,
    0x0820, 0x1020, 0x0821, 0x1021, 0x1002, 0x1003, 0x1004, 0x1005, 0x1006, 0x1007, 0x1009, 0x100A, 0x100C, 0x080E, 0x0810, 0x0811,
    0x0013, 0x0015, 0x0016, 0x0017, 0x0018, 0x0019, 0x003A, 0x007B, 0x009C, 0x00BD, 0x00DD, 0x00FE, 0x011E, 0x011F, 0x013F, 0x015F,
    0x1040, 0x1040, 0x1041, 0x1041, 0x1042, 0x1043, 0x1044, 0x1045, 0x1046, 0x1047, 0x1029, 0x102A, 0x082C, 0x002D, 0x002F, 0x0011,
    0x0013, 0x0015, 0x0016, 0x0017, 0x0039, 0x005A, 0x007A, 0x009B, 0x00BC, 0x00DD, 0x00FD, 0x011E, 0x013E, 0x013F, 0x015F, 0x015F,
    0x1060, 0x1060, 0x1061, 0x1061, 0x1062, 0x1063, 0x1064, 0x1065, 0x1086, 0x1087, 0x0888, 0x088A, 0x008B, 0x006D, 0x006F, 0x0071,
    0x0073, 0x0074, 0x0076, 0x0077, 0x0098, 0x009A, 0x00BA, 0x00DB, 0x00FC, 0x011D, 0x013D, 0x013E, 0x015E, 0x017F, 0x017F, 0x019F,
    0x0880, 0x0880, 0x1081, 0x1081, 0x10A2, 0x10A3, 0x10A4, 0x10A4, 0x10A6, 0x08A7, 0x08C8, 0x00C9, 0x00CB, 0x00CD, 0x00CF, 0x00D1,
    0x00D2, 0x00D4, 0x00D6, 0x00D7, 0x00F8, 0x00F9, 0x011A, 0x011B, 0x013C, 0x013D, 0x015D, 0x017E, 0x017E, 0x019E, 0x01BE, 0x01DF,
    0x08A0, 0x08A1, 0x10C1, 0x10C2, 0x10C2, 0x10C3, 0x10E4, 0x10E4, 0x10E5, 0x08E6, 0x00E8, 0x0109, 0x010B, 0x010C, 0x010E, 0x0110,
    0x0112, 0x0113, 0x0115, 0x0136, 0x0138, 0x0139, 0x015A, 0x015B, 0x017C, 0x017C, 0x019D, 0x019E, 0x01BE, 0x01DE, 0x01FE, 0x021F,
    0x08E0, 0x08E1, 0x08E1, 0x10E2, 0x10E3, 0x1103, 0x1103, 0x1104, 0x1125, 0x0926, 0x0128, 0x0149, 0x014A, 0x014C, 0x014E, 0x0150,
    0x0151, 0x0173, 0x0175, 0x0176, 0x0178, 0x0199, 0x019A, 0x01BB, 0x01BC, 0x01DC, 0x01DD, 0x01FD, 0x01FE, 0x023E, 0x023E, 0x025F,
    0x0101, 0x0921, 0x0922, 0x1122, 0x1123, 0x1123, 0x1924, 0x1144, 0x1145, 0x0966, 0x0167, 0x0189, 0x018A, 0x018C, 0x01AD, 0x01AF,
    0x01B1, 0x01B3, 0x01B5, 0x01D6, 0x01D7, 0x01D9, 0x01FA, 0x01FB, 0x021B, 0x021C, 0x023D, 0x023D, 0x025E, 0x027E, 0x029E, 0x029F,
    0x0141, 0x0142, 0x0942, 0x1143, 0x1163, 0x1944, 0x1964, 0x1164, 0x1165, 0x1186, 0x0987, 0x01A8, 0x01CA, 0x01EC, 0x01ED, 0x020F,
    0x0211, 0x0213, 0x0234, 0x0236, 0x0237, 0x0238, 0x023A, 0x025A, 0x025B, 0x027C, 0x027D, 0x029D, 0x029E, 0x02BE, 0x02DE, 0x02DE,
    0x0182, 0x0182, 0x0183, 0x0983, 0x1184, 0x1984, 0x1984, 0x19A5, 0x11A5, 0x11A6, 0x09C7, 0x01E8, 0x01EA, 0x020B, 0x022D, 0x024F,
    0x0271, 0x0272, 0x0274, 0x0296, 0x0297, 0x0298, 0x02B9, 0x02BA, 0x02BB, 0x02DC, 0x02DD, 0x02DD, 0x02DE, 0x02FE, 0x031E, 0x031E,
    0x01C3, 0x01C3, 0x01C3, 0x09C4, 0x11C4, 0x11C4, 0x19C5, 0x19C5, 0x19E6, 0x11E6, 0x09E7, 0x0208, 0x0229, 0x024B, 0x026D, 0x028E,
    0x02B0, 0x02B2, 0x02D4, 0x02D5, 0x02F7, 0x02F8, 0x02F9, 0x031A, 0x031B, 0x033C, 0x033C, 0x035D, 0x035D, 0x037E, 0x037E, 0x037E,
    0x0223, 0x0224, 0x0224, 0x0224, 0x0A25, 0x1205, 0x1A05, 0x1A26, 0x2226, 0x1A27, 0x0A27, 0x0248, 0x0249, 0x026B, 0x02AC, 0x02AE,
    0x02F0, 0x02F2, 0x0313, 0x0335, 0x0336, 0x0358, 0x0359, 0x035A, 0x037B, 0x037C, 0x039C, 0x039D, 0x039D, 0x03BE, 0x03DE, 0x03DE,
    0x0264, 0x0264, 0x0265, 0x0265, 0x0265, 0x1266, 0x1266, 0x1A66, 0x2267, 0x1A67, 0x1288, 0x0288, 0x0289, 0x02AA, 0x02CC, 0x02EE,
    0x0310, 0x0331, 0x0353, 0x0375, 0x0396, 0x0397, 0x0399, 0x03BA, 0x03BB, 0x03DC, 0x03DC, 0x03DD, 0x03FD, 0x041E, 0x041E, 0x041E,
    0x02C5, 0x02C5, 0x02C5, 0x02C6, 0x02C6, 0x02A6, 0x12A7, 0x12A7, 0x1AA7, 0x22A8, 0x1AC8, 0x0AC8, 0x02C9, 0x02CA, 0x02EC, 0x030D,
    0x034F, 0x0371, 0x0393, 0x03B4, 0x03D6, 0x03D7, 0x03F8, 0x03FA, 0x041A, 0x041B, 0x041C, 0x041D, 0x041D, 0x043D, 0x045E, 0x043E,
    0x0326, 0x0326, 0x0326, 0x0326, 0x0327, 0x0307, 0x0307, 0x0B08, 0x1B08, 0x2308, 0x2309, 0x1309, 0x032A, 0x032A, 0x032B, 0x034D,
    0x036F, 0x0391, 0x03D2, 0x03F4, 0x03F6, 0x0417, 0x0438, 0x0439, 0x045A, 0x045B, 0x045C, 0x045D, 0x045D, 0x047D, 0x047E, 0x047E,
    0x0386, 0x0387, 0x0387, 0x0387, 0x0387, 0x0368, 0x0368, 0x0368, 0x0B69, 0x1B69, 0x236A, 0x1B6A, 0x0B6A, 0x038B, 0x036B, 0x038D,
    0x03AE, 0x03D0, 0x03F2, 0x0414, 0x0435, 0x0457, 0x0478, 0x0479, 0x049A, 0x049B, 0x049C, 0x049C, 0x049D, 0x04BD, 0x04BE, 0x04BE,
    0x0407, 0x0407, 0x0408, 0x03E8, 0x03E8, 0x03C8, 0x03C9, 0x03C9, 0x03C9, 0x0BCA, 0x1BCA, 0x23CB, 0x1BCB, 0x03CB, 0x03CC, 0x03CD,
    0x03CE, 0x0410, 0x0431, 0x0453, 0x0475, 0x0496, 0x0498, 0x04B9, 0x04DA, 0x04DB, 0x04FC, 0x04FC, 0x04FD, 0x04FD, 0x04FE, 0x04DE,
    0x0468, 0x0468, 0x0468, 0x0469, 0x0469, 0x0449, 0x0429, 0x042A, 0x042A, 0x042A, 0x0C2B, 0x242B, 0x242C, 0x0C2C, 0x042D, 0x042D,
    0x042E, 0x042F, 0x0451, 0x0473, 0x0494, 0x04B6, 0x04D7, 0x04F8, 0x04FA, 0x051A, 0x051B, 0x053C, 0x053D, 0x053D, 0x051E, 0x051E,
    0x04C9, 0x04C9, 0x04C9, 0x04C9, 0x04CA, 0x04AA, 0x04AA, 0x048B, 0x048B, 0x048B, 0x048C, 0x1C8C, 0x248D, 0x248D, 0x0C8D, 0x048E,
    0x048E, 0x048F, 0x0490, 0x04B2, 0x04D4, 0x04F6, 0x0517, 0x0518, 0x0539, 0x055A, 0x055B, 0x055C, 0x055C, 0x055D, 0x055D, 0x055E,
    0x052A, 0x054A, 0x054A, 0x052A, 0x052B, 0x050B, 0x050B, 0x050B, 0x050C, 0x04EC, 0x04ED, 0x14ED, 0x24ED, 0x2CEE, 0x1CEE, 0x04EF,
    0x04EF, 0x04F0, 0x04D0, 0x04F2, 0x0513, 0x0535, 0x0536, 0x0558, 0x0559, 0x057A, 0x057B, 0x059C, 0x057C, 0x059D, 0x059D, 0x057E,
    0x058B, 0x058B, 0x058B, 0x058B, 0x058C, 0x056C, 0x054C, 0x054C, 0x054D, 0x054D, 0x054D, 0x0D4E, 0x254E, 0x354F, 0x352F, 0x1D50,
    0x0550, 0x0550, 0x0531, 0x0532, 0x0533, 0x0555, 0x0576, 0x0577, 0x0599, 0x059A, 0x05BB, 0x05BC, 0x05BC, 0x05BD, 0x05BD, 0x059E,
    0x05CC, 0x05EC, 0x05EC, 0x05ED, 0x05ED, 0x05CD, 0x05AD, 0x05AD, 0x05AE, 0x05AE, 0x0DAE, 0x158F, 0x258F, 0x3590, 0x3D90, 0x3590,
    0x1D91, 0x0591, 0x0591, 0x0592, 0x0573, 0x0574, 0x0596, 0x05B7, 0x05D8, 0x05DA, 0x05DA, 0x05DB, 0x05DC, 0x05DC, 0x05DD, 0x05DE,
    0x062D, 0x062D, 0x062E, 0x062E, 0x062E, 0x060E, 0x060E, 0x060E, 0x05EF, 0x0DEF, 0x15EF, 0x25F0, 0x35F0, 0x3DF0, 0x45D1, 0x4DD1,
    0x3DD2, 0x25D2, 0x05D2, 0x05D2, 0x05D3, 0x05D4, 0x05D5, 0x05F7, 0x05F8, 0x0619, 0x061A, 0x061B, 0x061C, 0x061C, 0x061D, 0x061E,
    0x066E, 0x066E, 0x068F, 0x068F, 0x066F, 0x066F, 0x064F, 0x064F, 0x0E50, 0x1E50, 0x2630, 0x3631, 0x3E31, 0x4631, 0x4E32, 0x5612,
    0x5612, 0x4613, 0x2E13, 0x0E13, 0x0614, 0x0614, 0x0615, 0x0616, 0x0638, 0x0639, 0x065A, 0x065B, 0x065C, 0x065C, 0x063D, 0x063E,
    0x06AF, 0x06B0, 0x06D0, 0x0EB0, 0x0EB0, 0x06B0, 0x0690, 0x1690, 0x2691, 0x3691, 0x3E71, 0x4672, 0x4E72, 0x5672, 0x5E73, 0x6653,
    0x6653, 0x5E54, 0x4E54, 0x3654, 0x1674, 0x0655, 0x0655, 0x0656, 0x0658, 0x0679, 0x067A, 0x067B, 0x067B, 0x067C, 0x067D, 0x067D,
    0x06F1, 0x0EF1, 0x1EF1, 0x26F1, 0x2EF2, 0x2ED1, 0x1ED1, 0x36D1, 0x3EB2, 0x46B2, 0x4EB2, 0x56B3, 0x5EB3, 0x5EB3, 0x66B3, 0x6E94,
    0x6E94, 0x6E95, 0x6695, 0x5695, 0x3E95, 0x1EB5, 0x0696, 0x0696, 0x0698, 0x0699, 0x06BA, 0x06BB, 0x06BB, 0x06BC, 0x06BD, 0x069D,
    0x3F12, 0x4712, 0x4733, 0x4F33, 0x4F33, 0x4F12, 0x46F2, 0x4EF2, 0x4EF3, 0x56F3, 0x5EF3, 0x66F4, 0x66F4, 0x6EF4, 0x6ED4, 0x76D5,
    0x7ED5, 0x7ED5, 0x76D6, 0x6ED6, 0x5ED6, 0x46D6, 0x26D6, 0x06D7, 0x06D7, 0x06D9, 0x06DA, 0x06DB, 0x06DB, 0x06DC, 0x06DD, 0x06DD,
    0x5733, 0x5753, 0x5F54, 0x6754, 0x6754, 0x5F34, 0x5F33, 0x5F33, 0x6734, 0x6714, 0x6F14, 0x6F15, 0x7715, 0x7715, 0x7F15, 0x7F16,
    0x8716, 0x8716, 0x8716, 0x7F17, 0x7717, 0x6717, 0x4F17, 0x2717, 0x0718, 0x0718, 0x0719, 0x071A, 0x071B, 0x0F1C, 0x0F1D, 0x1F1D,
    0x6F74, 0x6F75, 0x7775, 0x7775, 0x6F75, 0x6F54, 0x6754, 0x6F34, 0x6F34, 0x7735, 0x7735, 0x7F35, 0x7F35, 0x8736, 0x8736, 0x8736,
    0x8F37, 0x8F37, 0x8F37, 0x8F37, 0x8737, 0x7F38, 0x6F58, 0x5758, 0x3F58, 0x1739, 0x0F39, 0x0F3A, 0x0F3B, 0x1F3C, 0x273D, 0x2F3D,
    0x7F96, 0x7F96, 0x8796, 0x7F96, 0x7F76, 0x7775, 0x7775, 0x7755, 0x7F55, 0x7F56, 0x8756, 0x8756, 0x8756, 0x8F56, 0x8F57, 0x9757,
    0x9757, 0x9758, 0x9F58, 0x9F58, 0x9778, 0x8F78, 0x8778, 0x7779, 0x6779, 0x4F79, 0x377A, 0x277A, 0x277B, 0x2F7C, 0x377D, 0x3F7D,
    0x8FB7, 0x8FB7, 0x8FB7, 0x8F96, 0x8796, 0x8796, 0x8796, 0x8796, 0x8796, 0x8F76, 0x8F77, 0x8F77, 0x9777, 0x9777, 0x9778, 0x9F98,
    0x9F98, 0xA798, 0xA799, 0xA799, 0xA799, 0x9F99, 0x9799, 0x8F99, 0x7F99, 0x6FBA, 0x57BA, 0x47BA, 0x47BB, 0x3FBC, 0x3F9D, 0x479D,
    0x97D8, 0x97B7, 0x97B7, 0x97B7, 0x8FB7, 0x8FB7, 0x8FB7, 0x97B7, 0x9797, 0x9797, 0x9797, 0x9F98, 0x9F98, 0x9F98, 0xA798, 0xA7B9,
    0xA7B9, 0xAFB9, 0xAFB9, 0xAFBA, 0xAFBA, 0xAFBA, 0xA7BA, 0x9FBA, 0x8FBA, 0x87BA, 0x77DA, 0x67DA, 0x57DB, 0x4FDC, 0x47DC, 0x47DD,
    0x1000, 0x1000, 0x1001, 0x1001, 0x1002, 0x1803, 0x1804, 0x1805, 0x1806, 0x1808, 0x1809, 0x180B, 0x180C, 0x100E, 0x1010, 0x1011,
    0x0813, 0x0015, 0x0016, 0x0017, 0x0018, 0x0019, 0x001A, 0x001B, 0x005C, 0x009D, 0x00BD, 0x00DE, 0x00FE, 0x011E, 0x011F, 0x013F,
    0x1020, 0x1020, 0x1021, 0x1021, 0x1022, 0x1803, 0x1804, 0x1805, 0x1806, 0x1807, 0x1809, 0x180B, 0x100C, 0x100E, 0x1010, 0x1012,
    0x0813, 0x0015, 0x0816, 0x0017, 0x0018, 0x0019, 0x003A, 0x005B, 0x007C, 0x00BD, 0x00DD, 0x00FE, 0x011E, 0x011F, 0x013F, 0x015F,
    0x1040, 0x1040, 0x1041, 0x1041, 0x1042, 0x1843, 0x1844, 0x1845, 0x1846, 0x1847, 0x1829, 0x182A, 0x102C, 0x102E, 0x1010, 0x0811,
    0x0013, 0x0015, 0x0816, 0x0017, 0x0019, 0x003A, 0x005A, 0x009B, 0x00BC, 0x00DD, 0x00FD, 0x00FE, 0x013E, 0x013F, 0x015F, 0x015F,
    0x1060, 0x1060, 0x1861, 0x1861, 0x1862, 0x1863, 0x1864, 0x1865, 0x1866, 0x1887, 0x1888, 0x108A, 0x106C, 0x106D, 0x086F, 0x0071,
    0x0053, 0x0054, 0x0056, 0x0077, 0x0078, 0x009A, 0x00BA, 0x00BB, 0x00DC, 0x00FD, 0x011D, 0x013E, 0x015E, 0x015E, 0x017F, 0x019F,
    0x10A0, 0x10A0, 0x18A1, 0x18A1, 0x18A2, 0x18A3, 0x18A4, 0x18A4, 0x18A6, 0x18A7, 0x10A8, 0x10CA, 0x10CB, 0x08CD, 0x00CF, 0x00D1,
    0x00D3, 0x00D4, 0x00D6, 0x00D7, 0x00D8, 0x00F9, 0x00FA, 0x011B, 0x013C, 0x013D, 0x015D, 0x015E, 0x017E, 0x019E, 0x01BE, 0x01DF,
    0x10C0, 0x10C0, 0x10C1, 0x18C2, 0x18C2, 0x18C3, 0x18E4, 0x18E4, 0x18E5, 0x10E7, 0x10E8, 0x08E9, 0x090B, 0x010D, 0x010F, 0x0111,
    0x0112, 0x0114, 0x0116, 0x0137, 0x0138, 0x0139, 0x015A, 0x015B, 0x017C, 0x017C, 0x019D, 0x01BD, 0x01DE, 0x01FE, 0x021E, 0x021F,
    0x10E0, 0x10E1, 0x10E1, 0x10E2, 0x1903, 0x1903, 0x1904, 0x1904, 0x1925, 0x1127, 0x1128, 0x0949, 0x014B, 0x014C, 0x014E, 0x0150,
    0x0152, 0x0174, 0x0175, 0x0176, 0x0178, 0x0199, 0x019A, 0x019B, 0x01BC, 0x01DC, 0x01DD, 0x01FD, 0x021E, 0x023E, 0x025E, 0x025F,
    0x1121, 0x1121, 0x1122, 0x1122, 0x1923, 0x1923, 0x1944, 0x1944, 0x1945, 0x1166, 0x1168, 0x0989, 0x018A, 0x018C, 0x018E, 0x01B0,
    0x01B1, 0x01B3, 0x01B5, 0x01B6, 0x01D8, 0x01D9, 0x01FA, 0x01FB, 0x021B, 0x021C, 0x023D, 0x025D, 0x025E, 0x027E, 0x029E, 0x029E,
    0x0941, 0x0942, 0x1142, 0x1163, 0x1963, 0x1964, 0x1964, 0x1965, 0x1985, 0x1986, 0x11A7, 0x09C9, 0x01CA, 0x01EC, 0x01EE, 0x01EF,
    0x0211, 0x0213, 0x0215, 0x0216, 0x0217, 0x0239, 0x023A, 0x025B, 0x025B, 0x027C, 0x027D, 0x029D, 0x02BD, 0x02BE, 0x02DE, 0x02DE,
    0x0182, 0x0982, 0x0983, 0x1183, 0x19A4, 0x19A4, 0x19A5, 0x21A5, 0x19A5, 0x19C6, 0x11C7, 0x09E8, 0x020A, 0x022C, 0x022D, 0x024F,
    0x0251, 0x0273, 0x0274, 0x0276, 0x0297, 0x0298, 0x029A, 0x02BA, 0x02BB, 0x02BC, 0x02BD, 0x02DD, 0x02FD, 0x031E, 0x031E, 0x031E,
    0x01C3, 0x01C3, 0x09E3, 0x09E4, 0x11E4, 0x19E5, 0x19E5, 0x21E5, 0x21E6, 0x19E6, 0x1207, 0x1208, 0x0A2A, 0x024B, 0x026D, 0x028F,
    0x02B1, 0x02B2, 0x02D4, 0x02D6, 0x02D7, 0x02F8, 0x02F9, 0x031A, 0x031B, 0x033C, 0x033C, 0x035D, 0x035D, 0x037D, 0x037E, 0x037E,
    0x0223, 0x0223, 0x0224, 0x0A24, 0x1225, 0x1A25, 0x1A25, 0x2226, 0x2226, 0x2227, 0x1A47, 0x1248, 0x0A69, 0x028B, 0x02AD, 0x02CE,
    0x02F0, 0x0312, 0x0314, 0x0335, 0x0337, 0x0358, 0x0359, 0x035A, 0x037B, 0x037C, 0x039C, 0x039D, 0x03BD, 0x03DD, 0x03FE, 0x03DE,
    0x0264, 0x0264, 0x0264, 0x0265, 0x0A65, 0x1286, 0x1A66, 0x2266, 0x2267, 0x2267, 0x2288, 0x1288, 0x0A89, 0x02AB, 0x02CC, 0x02EE,
    0x0330, 0x0352, 0x0373, 0x0375, 0x0396, 0x0398, 0x0399, 0x03BA, 0x03BB, 0x03DC, 0x03DC, 0x03FD, 0x03FD, 0x041D, 0x043E, 0x041E,
    0x02C5, 0x02C5, 0x02C5, 0x02C6, 0x02C6, 0x12C6, 0x12A7, 0x1AA7, 0x22A7, 0x22C8, 0x22C8, 0x1AC9, 0x0AC9, 0x02EA, 0x030C, 0x032E,
    0x0350, 0x0371, 0x0393, 0x03B5, 0x03D6, 0x03D7, 0x03F9, 0x03FA, 0x041B, 0x041B, 0x041C, 0x043D, 0x043D, 0x043D, 0x045E, 0x045E,
    0x0325, 0x0326, 0x0326, 0x0326, 0x0327, 0x0327, 0x0B07, 0x1B08, 0x1B08, 0x2308, 0x2B09, 0x2329, 0x0B2A, 0x032B, 0x032C, 0x034D,
    0x038F, 0x03B1, 0x03D3, 0x03F4, 0x0416, 0x0437, 0x0438, 0x0459, 0x045A, 0x045B, 0x045C, 0x047C, 0x047D, 0x047D, 0x049E, 0x049E,
    0x0386, 0x0387, 0x0387, 0x0387, 0x0387, 0x0388, 0x0368, 0x0B68, 0x1369, 0x2369, 0x236A, 0x236A, 0x1B8A, 0x0B8B, 0x038C, 0x038D,
    0x03AF, 0x03D0, 0x0412, 0x0434, 0x0456, 0x0457, 0x0478, 0x0479, 0x049A, 0x049B, 0x04BC, 0x04BC, 0x04BD, 0x04BD, 0x04BE, 0x04BE,
    0x03E7, 0x0407, 0x0408, 0x0408, 0x03E8, 0x03E8, 0x03C9, 0x03C9, 0x0BC9, 0x13CA, 0x23CA, 0x2BCB, 0x23CB, 0x13EC, 0x03EC, 0x03ED,
    0x03EE, 0x0410, 0x0432, 0x0453, 0x0475, 0x0496, 0x04B8, 0x04B9, 0x04DA, 0x04FB, 0x04FC, 0x04FC, 0x04FD, 0x04FD, 0x04FD, 0x04FE,
    0x0468, 0x0468, 0x0468, 0x0469, 0x0469, 0x0469, 0x0449, 0x042A, 0x042A, 0x0C2B, 0x1C2B, 0x242C, 0x2C2C, 0x1C2D, 0x044D, 0x044D,
    0x042E, 0x044F, 0x0471, 0x0493, 0x04B5, 0x04D6, 0x04D7, 0x04F9, 0x051A, 0x051B, 0x051B, 0x053C, 0x053C, 0x053D, 0x053D, 0x051E,
    0x04C9, 0x04C9, 0x04C9, 0x04C9, 0x04CA, 0x04CA, 0x04AA, 0x048A, 0x048B, 0x048B, 0x0C8C, 0x248C, 0x2C8D, 0x2C8D, 0x1C8E, 0x048E,
    0x048F, 0x048F, 0x0491, 0x04D2, 0x04F4, 0x04F6, 0x0517, 0x0538, 0x0539, 0x055A, 0x055B, 0x057C, 0x055C, 0x057D, 0x055D, 0x055E,
    0x052A, 0x054A, 0x054A, 0x052A, 0x052B, 0x052B, 0x050B, 0x050B, 0x050C, 0x04EC, 0x0CED, 0x1CED, 0x2CEE, 0x34EE, 0x2CEF, 0x14EF,
    0x04EF, 0x04F0, 0x04F1, 0x04F2, 0x0514, 0x0535, 0x0557, 0x0558, 0x0579, 0x057A, 0x057B, 0x059C, 0x059C, 0x059D, 0x059D, 0x057E,
    0x058B, 0x058B, 0x058B, 0x058B, 0x058C, 0x058C, 0x056C, 0x054C, 0x054D, 0x054D, 0x0D4D, 0x1D4E, 0x2D4E, 0x3D4F, 0x3D4F, 0x2D50,
    0x1550, 0x0551, 0x0551, 0x0532, 0x0553, 0x0555, 0x0576, 0x0598, 0x0599, 0x05BA, 0x05BB, 0x05BB, 0x05BC, 0x05BD, 0x05BD, 0x05BE,
    0x05CC, 0x05EC, 0x05EC, 0x05ED, 0x05ED, 0x05ED, 0x05CD, 0x05AD, 0x05AE, 0x05AE, 0x15AE, 0x25AF, 0x35AF, 0x3D90, 0x4590, 0x4591,
    0x2D91, 0x1591, 0x0592, 0x0592, 0x0593, 0x0594, 0x05B6, 0x05B7, 0x05D9, 0x05DA, 0x05DA, 0x05DB, 0x05DC, 0x05DC, 0x05FD, 0x05DE,
    0x062D, 0x062D, 0x062E, 0x062E, 0x062E, 0x062E, 0x060E, 0x05EE, 0x05EF, 0x15EF, 0x1DEF, 0x2DF0, 0x3DF0, 0x45F1, 0x4DF1, 0x55D2,
    0x45D2, 0x2DF2, 0x15F2, 0x05D3, 0x05D3, 0x05D4, 0x05D6, 0x05F7, 0x05F8, 0x0619, 0x061A, 0x061B, 0x061C, 0x061C, 0x061D, 0x061E,
    0x066E, 0x066F, 0x068F, 0x068F, 0x066F, 0x0E6F, 0x066F, 0x064F, 0x1650, 0x2650, 0x3630, 0x3E31, 0x4631, 0x4E31, 0x5632, 0x5E32,
    0x5E33, 0x4E33, 0x3E33, 0x1E33, 0x0634, 0x0614, 0x0615, 0x0617, 0x0638, 0x0639, 0x065A, 0x065B, 0x065C, 0x065C, 0x065D, 0x063E,
    0x06AF, 0x06B0, 0x0ED0, 0x16B0, 0x16B0, 0x16B1, 0x1EB0, 0x1E90, 0x2E91, 0x3691, 0x4671, 0x4E72, 0x5672, 0x5E72, 0x5E73, 0x6673,
    0x6E54, 0x6654, 0x5674, 0x4674, 0x2674, 0x0675, 0x0655, 0x0656, 0x0658, 0x0679, 0x067A, 0x067B, 0x067B, 0x067C, 0x067D, 0x067D,
    0x0EF1, 0x1EF1, 0x2EF1, 0x36F1, 0x36F2, 0x3EF2, 0x3ED2, 0x3ED1, 0x46B2, 0x4EB2, 0x56B2, 0x56B3, 0x5EB3, 0x66B3, 0x6EB4, 0x6EB4,
    0x7694, 0x7695, 0x6E95, 0x5E95, 0x4695, 0x26B6, 0x0EB6, 0x0696, 0x0698, 0x0699, 0x06BA, 0x06BB, 0x06BB, 0x0EBC, 0x06BD, 0x069D,
    0x3F12, 0x4712, 0x4F33, 0x4F33, 0x5733, 0x5733, 0x5713, 0x4EF3, 0x56F3, 0x5EF3, 0x66F3, 0x66F4, 0x6EF4, 0x6EF4, 0x76D5, 0x76D5,
    0x7ED5, 0x7ED6, 0x7ED6, 0x6ED6, 0x66D6, 0x56D6, 0x2ED6, 0x0ED7, 0x06D7, 0x06D9, 0x06DA, 0x06DA, 0x06DB, 0x16DC, 0x0EDD, 0x16DD,
    0x5733, 0x5F54, 0x6754, 0x6754, 0x6754, 0x6734, 0x6734, 0x5F13, 0x6713, 0x6714, 0x6F14, 0x6F14, 0x7715, 0x7F15, 0x7F15, 0x8716,
    0x8716, 0x8716, 0x8716, 0x8717, 0x7717, 0x6F17, 0x5717, 0x2F17, 0x1718, 0x0718, 0x0719, 0x071A, 0x071B, 0x1F1C, 0x271D, 0x2F1D,
    0x6F74, 0x6F75, 0x7775, 0x7775, 0x7775, 0x7755, 0x6F54, 0x6F34, 0x6F34, 0x7735, 0x7735, 0x7F35, 0x7F36, 0x8736, 0x8736, 0x8F36,
    0x8F37, 0x8F37, 0x9737, 0x8F38, 0x8F38, 0x7F38, 0x7758, 0x5F58, 0x4758, 0x2759, 0x1739, 0x0F3A, 0x0F3B, 0x273C, 0x375D, 0x3F3D,
    0x7F96, 0x7F96, 0x8796, 0x8796, 0x7F76, 0x7F75, 0x7F75, 0x7F55, 0x7F55, 0x7F56, 0x8756, 0x8756, 0x8F56, 0x8F56, 0x8F57, 0x9757,
    0x9757, 0x9F58, 0x9F58, 0x9F58, 0x9778, 0x8F78, 0x8779, 0x7F79, 0x6F79, 0x5779, 0x477A, 0x377A, 0x377B, 0x3F7C, 0x477D, 0x477D,
    0x8FB7, 0x8FB7, 0x8FB7, 0x8F96, 0x8F96, 0x8796, 0x8796, 0x8796, 0x8F76, 0x8F76, 0x8F77, 0x8F77, 0x9777, 0x9777, 0x9F78, 0x9F98,
    0x9F98, 0xA798, 0xA799, 0xA799, 0xA799, 0x9F99, 0x9799, 0x8F99, 0x879A, 0x6FBA, 0x5FBA, 0x4FBA, 0x4FBB, 0x47BC, 0x479D, 0x4F9D,
    0x9FD8, 0x97B7, 0x97B7, 0x97B7, 0x97B7, 0x97B7, 0x97B7, 0x97B7, 0x9797, 0x9797, 0x9F97, 0x9F98, 0x9F98, 0x9F98, 0xA798, 0xA799,
    0xA7B9, 0xAFB9, 0xAFB9, 0xAFBA, 0xB7BA, 0xAFBA, 0xA7BA, 0x9FBA, 0x97BA, 0x87BA, 0x7FDA, 0x67DA, 0x5FDB, 0x57DC, 0x4FDC, 0x4FDD,
    0x1800, 0x1800, 0x1801, 0x1821, 0x1802, 0x1803, 0x2004, 0x2005, 0x2006, 0x2008, 0x2009, 0x200B, 0x180D, 0x180E, 0x1010, 0x1012,
    0x1014, 0x0815, 0x1016, 0x0817, 0x0018, 0x0019, 0x001A, 0x001B, 0x003C, 0x007D, 0x00BD, 0x00DE, 0x00FE, 0x00FE, 0x011F, 0x013F,
    0x1820, 0x1820, 0x1821, 0x1821, 0x1822, 0x1823, 0x2004, 0x2005, 0x2006, 0x2008, 0x2009, 0x200B, 0x180C, 0x180E, 0x1010, 0x1012,
    0x1014, 0x0815, 0x1016, 0x0817, 0x0019, 0x001A, 0x001A, 0x003B, 0x007C, 0x009D, 0x00DD, 0x00DE, 0x011E, 0x011F, 0x013F, 0x013F,
    0x1840, 0x1840, 0x1841, 0x1841, 0x1842, 0x1843, 0x2044, 0x2025, 0x2046, 0x2027, 0x2029, 0x202A, 0x182C, 0x182E, 0x1810, 0x1012,
    0x1013, 0x1015, 0x1016, 0x0817, 0x0819, 0x081A, 0x003B, 0x007B, 0x009C, 0x00BD, 0x00FD, 0x00FE, 0x013E, 0x013F, 0x013F, 0x015F,
    0x1880, 0x1860, 0x1861, 0x1881, 0x1882, 0x1883, 0x2064, 0x2065, 0x2066, 0x2067, 0x2088, 0x208A, 0x188C, 0x186E, 0x186F, 0x1071,
    0x1053, 0x1055, 0x0856, 0x0057, 0x0058, 0x007A, 0x009A, 0x00BB, 0x00DC, 0x00FD, 0x011D, 0x013E, 0x015E, 0x015E, 0x017F, 0x019F,
    0x18A0, 0x18A0, 0x18A1, 0x18A1, 0x20A2, 0x18A3, 0x20A4, 0x20A4, 0x20A6, 0x20A7, 0x20A8, 0x18CA, 0x18CB, 0x18CD, 0x10CF, 0x08B1,
    0x08B3, 0x08B4, 0x00B6, 0x00B7, 0x00D8, 0x00D9, 0x00FA, 0x011B, 0x011C, 0x013D, 0x015D, 0x015E, 0x017E, 0x019E, 0x01BE, 0x01DF,
    0x18C0, 0x18C0, 0x18C1, 0x20C2, 0x20C2, 0x20E3, 0x20E4, 0x20E4, 0x20E6, 0x20E7, 0x20E8, 0x18E9, 0x190B, 0x110D, 0x090F, 0x0911,
    0x0112, 0x0114, 0x0116, 0x0117, 0x0138, 0x0139, 0x013A, 0x015B, 0x017C, 0x017C, 0x019D, 0x019D, 0x01BE, 0x01FE, 0x021E, 0x021F,
    0x18E0, 0x18E1, 0x18E1, 0x1902, 0x2102, 0x2103, 0x2104, 0x2104, 0x2125, 0x2127, 0x1928, 0x1929, 0x114B, 0x094D, 0x014E, 0x0150,
    0x0152, 0x0174, 0x0176, 0x0177, 0x0178, 0x0199, 0x019A, 0x01BB, 0x01BC, 0x01DC, 0x01FD, 0x021D, 0x023D, 0x023E, 0x025E, 0x025F,
    0x1921, 0x1921, 0x1922, 0x1922, 0x1923, 0x2143, 0x2144, 0x2145, 0x2165, 0x2167, 0x1968, 0x1989, 0x118B, 0x098C, 0x018E, 0x0190,
    0x01B2, 0x01B4, 0x01B5, 0x01B6, 0x01D8, 0x01D9, 0x01DA, 0x01FB, 0x01FB, 0x021C, 0x023D, 0x025D, 0x027D, 0x027E, 0x029E, 0x029E,
    0x1161, 0x1962, 0x1962, 0x1963, 0x1963, 0x2164, 0x2184, 0x2185, 0x2185, 0x21A6, 0x19A8, 0x19C9, 0x11CA, 0x01EC, 0x01EE, 0x01F0,
    0x01F1, 0x0213, 0x0215, 0x0216, 0x0218, 0x0239, 0x023A, 0x023B, 0x025B, 0x027C, 0x027D, 0x029D, 0x02BD, 0x02DE, 0x02DE, 0x02DE,
    0x1182, 0x1182, 0x19A3, 0x19A3, 0x19A4, 0x19A4, 0x21A5, 0x21A5, 0x21C6, 0x21C6, 0x19E7, 0x19E9, 0x120A, 0x022C, 0x022D, 0x024F,
    0x0251, 0x0273, 0x0275, 0x0276, 0x0277, 0x0299, 0x029A, 0x029A, 0x02BB, 0x02BC, 0x02DC, 0x02FD, 0x02FD, 0x031D, 0x031E, 0x033E,
    0x09E2, 0x09E3, 0x11E3, 0x19E4, 0x19E4, 0x19E5, 0x21E5, 0x21E6, 0x2A06, 0x2207, 0x2207, 0x1A28, 0x124A, 0x026C, 0x028D, 0x028F,
    0x02B1, 0x02B3, 0x02D4, 0x02D6, 0x02D7, 0x02F8, 0x02F9, 0x02FA, 0x031B, 0x031C, 0x033C, 0x035D, 0x035D, 0x037D, 0x037E, 0x037E,
    0x0223, 0x0223, 0x0A24, 0x1224, 0x1225, 0x1A25, 0x2246, 0x2226, 0x2A26, 0x2A47, 0x2247, 0x1A48, 0x126A, 0x0A8B, 0x02AD, 0x02CF,
    0x02F1, 0x0312, 0x0314, 0x0336, 0x0337, 0x0338, 0x0359, 0x035A, 0x037B, 0x037C, 0x039C, 0x03BD, 0x03BD, 0x03DD, 0x03FE, 0x03DE,
    0x0264, 0x0264, 0x0284, 0x0A85, 0x1285, 0x1A86, 0x2286, 0x2287, 0x2A87, 0x2A87, 0x2A88, 0x1A88, 0x12A9, 0x0AAB, 0x02CD, 0x030E,
    0x0330, 0x0352, 0x0374, 0x0375, 0x0397, 0x0398, 0x03B9, 0x03BA, 0x03DB, 0x03DC, 0x03FC, 0x041D, 0x041D, 0x041D, 0x043E, 0x041E,
    0x02C4, 0x02C5, 0x02C5, 0x02C5, 0x0AC6, 0x12C6, 0x1AC7, 0x22C7, 0x22C7, 0x2AC8, 0x2AC8, 0x22C9, 0x1AE9, 0x0AEB, 0x030C, 0x032E,
    0x0350, 0x0392, 0x03B3, 0x03D5, 0x03D6, 0x03F8, 0x03F9, 0x03FA, 0x041B, 0x041B, 0x043C, 0x043C, 0x045D, 0x045D, 0x045E, 0x045E,
    0x0325, 0x0325, 0x0326, 0x0326, 0x0327, 0x0B27, 0x1328, 0x1B28, 0x2308, 0x2B28, 0x2B29, 0x2B2A, 0x232A, 0x0B2B, 0x034C, 0x036D,
    0x038F, 0x03B1, 0x03D3, 0x03F5, 0x0416, 0x0437, 0x0438, 0x045A, 0x045A, 0x045B, 0x047C, 0x047C, 0x047D, 0x049D, 0x049E, 0x049E,
    0x0386, 0x0386, 0x0387, 0x0387, 0x0387, 0x0388, 0x0B88, 0x1B88, 0x2369, 0x2369, 0x2B6A, 0x338A, 0x2B8B, 0x138B, 0x038C, 0x03AD,
    0x03CF, 0x03F1, 0x0412, 0x0434, 0x0456, 0x0477, 0x0478, 0x0499, 0x04BA, 0x04BB, 0x04BC, 0x04BC, 0x04DC, 0x04DD, 0x04DD, 0x04DE,
    0x03E7, 0x03E7, 0x0407, 0x0408, 0x0408, 0x03E8, 0x0409, 0x0BE9, 0x13C9, 0x23CA, 0x2BCA, 0x33CB, 0x33EB, 0x23EC, 0x0BEC, 0x03ED,
    0x03EE, 0x0410, 0x0452, 0x0474, 0x0495, 0x0497, 0x04B8, 0x04D9, 0x04DA, 0x04FB, 0x04FB, 0x04FC, 0x04FC, 0x04FD, 0x04FD, 0x04FE,
    0x0448, 0x0468, 0x0468, 0x0469, 0x0469, 0x0469, 0x046A, 0x044A, 0x0C2A, 0x142B, 0x244B, 0x2C4C, 0x342C, 0x2C4D, 0x1C4D, 0x044E,
    0x044E, 0x0450, 0x0471, 0x0493, 0x04B5, 0x04D6, 0x04F8, 0x04F9, 0x051A, 0x051B, 0x053B, 0x053C, 0x053C, 0x053D, 0x053D, 0x053E,
    0x04C9, 0x04C9, 0x04C9, 0x04C9, 0x04CA, 0x04CA, 0x04CB, 0x04AB, 0x048B, 0x0CAB, 0x1CAC, 0x2CAC, 0x348D, 0x348D, 0x2C8E, 0x14AE,
    0x04AF, 0x0490, 0x04B1, 0x04D3, 0x04F5, 0x0516, 0x0537, 0x0539, 0x055A, 0x055A, 0x055B, 0x057C, 0x057C, 0x057D, 0x057D, 0x055E,
    0x052A, 0x052A, 0x052A, 0x052A, 0x052B, 0x052B, 0x052B, 0x050C, 0x04EC, 0x050C, 0x150D, 0x250D, 0x34EE, 0x3CEE, 0x3CEF, 0x24EF,
    0x0510, 0x04F0, 0x04F1, 0x0512, 0x0534, 0x0536, 0x0557, 0x0578, 0x0579, 0x057A, 0x059B, 0x059B, 0x059C, 0x059D, 0x059D, 0x057E,
    0x058B, 0x058B, 0x058B, 0x058B, 0x058C, 0x058C, 0x058C, 0x056D, 0x054D, 0x054D, 0x154E, 0x254E, 0x354F, 0x3D4F, 0x4550, 0x3D50,
    0x2550, 0x0551, 0x0551, 0x0552, 0x0554, 0x0575, 0x0577, 0x0598, 0x05B9, 0x05BA, 0x05BB, 0x05BB, 0x05BC, 0x05BD, 0x05BD, 0x05BE,
    0x05CC, 0x05EC, 0x05EC, 0x05ED, 0x05ED, 0x05ED, 0x05ED, 0x05CD, 0x05AD, 0x0DAE, 0x1DAE, 0x2DAF, 0x3DAF, 0x45B0, 0x4D91, 0x4D91,
    0x3D91, 0x2591, 0x0DB2, 0x0592, 0x0593, 0x0595, 0x05B6, 0x05B7, 0x05D9, 0x05DA, 0x05DA, 0x05DB, 0x05DC, 0x05FC, 0x05FD, 0x05DE,
    0x062D, 0x062D, 0x062E, 0x062E, 0x062E, 0x062E, 0x0E2F, 0x060F, 0x0DEF, 0x1DEF, 0x2DEF, 0x35F0, 0x45F0, 0x4DF1, 0x55F1, 0x55F2,
    0x4DF2, 0x3DF2, 0x25F3, 0x0DF3, 0x05F4, 0x05D5, 0x05F6, 0x05F7, 0x0618, 0x061A, 0x061A, 0x061B, 0x061C, 0x061C, 0x061D, 0x061E,
    0x066E, 0x066F, 0x068F, 0x068F, 0x0E6F, 0x0E6F, 0x1670, 0x1E70, 0x1E50, 0x2E30, 0x3E30, 0x4631, 0x4E31, 0x5632, 0x5E32, 0x6633,
    0x6633, 0x5633, 0x4633, 0x2E34, 0x0E34, 0x0635, 0x0616, 0x0637, 0x0638, 0x0639, 0x063A, 0x065B, 0x065C, 0x065C, 0x065D, 0x063D,
    0x06B0, 0x0EB0, 0x16B0, 0x1EB0, 0x1EB0, 0x26B1, 0x36B1, 0x3691, 0x3691, 0x3E71, 0x4671, 0x4E72, 0x5672, 0x5E73, 0x6673, 0x6E73,
    0x6E74, 0x6E74, 0x5E74, 0x4E74, 0x3675, 0x1675, 0x0676, 0x0677, 0x0678, 0x0679, 0x067A, 0x0E7B, 0x0E7B, 0x167C, 0x167D, 0x067D,
    0x26F1, 0x2EF1, 0x36F1, 0x3EF2, 0x46F2, 0x46F2, 0x4EF2, 0x4ED2, 0x4EB2, 0x4EB2, 0x56B2, 0x5EB3, 0x66B3, 0x6EB3, 0x6EB4, 0x76B4,
    0x76B5, 0x7E95, 0x6E95, 0x6695, 0x56B5, 0x3EB6, 0x1EB6, 0x0697, 0x0698, 0x0699, 0x0EBA, 0x16BB, 0x0EBB, 0x16BC, 0x26BD, 0x16BD,
    0x4712, 0x4F12, 0x5733, 0x5733, 0x5733, 0x5F33, 0x5F13, 0x5EF3, 0x5EF3, 0x5ED3, 0x66D3, 0x66D3, 0x6ED4, 0x76D4, 0x76D4, 0x7ED5,
    0x7ED5, 0x86D6, 0x7ED6, 0x76D6, 0x6ED6, 0x5ED6, 0x46D7, 0x1ED7, 0x0ED8, 0x06D8, 0x06DA, 0x0EDA, 0x16DB, 0x1EDC, 0x2EDD, 0x2EDD,
    0x5F33, 0x6754, 0x6754, 0x6F54, 0x6F54, 0x6F34, 0x6F34, 0x6714, 0x6714, 0x6F14, 0x6F14, 0x7714, 0x7715, 0x7F15, 0x7F15, 0x8716,
    0x8716, 0x8F16, 0x8F17, 0x8717, 0x7F17, 0x7717, 0x6717, 0x4717, 0x2F18, 0x1718, 0x0F19, 0x071A, 0x0F1B, 0x271C, 0x3F1D, 0x3F1D,
    0x6F74, 0x7775, 0x7775, 0x7F75, 0x7775, 0x7755, 0x7755, 0x7735, 0x7735, 0x7735, 0x7F35, 0x7F35, 0x8736, 0x8736, 0x8F36, 0x8F36,
    0x8F37, 0x9737, 0x9737, 0x9738, 0x8F38, 0x8738, 0x7758, 0x6758, 0x5758, 0x3759, 0x2F59, 0x273A, 0x273B, 0x375C, 0x475D, 0x473D,
    0x7F96, 0x8796, 0x8796, 0x8796, 0x8776, 0x7F75, 0x7F75, 0x8756, 0x8756, 0x8756, 0x8756, 0x8756, 0x8F56, 0x8F57, 0x9757, 0x9757,
    0x9757, 0x9F58, 0x9F58, 0x9F58, 0x9F79, 0x9779, 0x8F79, 0x7F79, 0x6F79, 0x5F79, 0x4F7A, 0x477A, 0x477B, 0x477C, 0x4F7D, 0x4F7D,
    0x8FB7, 0x97B7, 0x8FB7, 0x8F97, 0x8F96, 0x8F96, 0x8F96, 0x8F96, 0x8F76, 0x8F76, 0x8F77, 0x9777, 0x9777, 0x9777, 0x9F78, 0x9F78,
    0xA798, 0xA799, 0xA799, 0xAF99, 0xAF99, 0xA799, 0x9F99, 0x979A, 0x879A, 0x779A, 0x6FBA, 0x5FBA, 0x579B, 0x4FBC, 0x4F9D, 0x579D,
    0x9FD8, 0x9FB7, 0x97B7, 0x97B7, 0x97B7, 0x97B7, 0x97B7, 0x9797, 0x9797, 0x9797, 0x9F98, 0x9F98, 0x9F98, 0xA798, 0xA798, 0xA799,
    0xAFB9, 0xAFB9, 0xAFB9, 0xB7BA, 0xB7BA, 0xAFBA, 0xAFBA, 0xA7BA, 0x97BA, 0x8FBA, 0x7FDA, 0x6FDB, 0x67DB, 0x5FDC, 0x57DC, 0x57DD,
    0x2020, 0x2000, 0x2001, 0x1822, 0x1822, 0x2003, 0x2004, 0x2805, 0x2806, 0x2808, 0x2809, 0x280B, 0x280D, 0x200E, 0x2010, 0x1812,
    0x1014, 0x0815, 0x1017, 0x0818, 0x0819, 0x101A, 0x081A, 0x001B, 0x003C, 0x005D, 0x009D, 0x00BE, 0x00DE, 0x00FE, 0x011F, 0x013F,
    0x2040, 0x2020, 0x2021, 0x2022, 0x1842, 0x2043, 0x2024, 0x2805, 0x2806, 0x2807, 0x2809, 0x280B, 0x280D, 0x200E, 0x2010, 0x1812,
    0x1014, 0x1015, 0x1017, 0x0818, 0x0819, 0x101A, 0x081B, 0x003B, 0x005C, 0x009D, 0x00BD, 0x00DE, 0x00FE, 0x011E, 0x011F, 0x013F,
    0x2060, 0x2060, 0x2041, 0x2042, 0x2062, 0x2063, 0x2044, 0x2845, 0x2826, 0x2827, 0x2829, 0x282A, 0x202C, 0x202E, 0x2030, 0x1812,
    0x1014, 0x1015, 0x1016, 0x1018, 0x1019, 0x101A, 0x083B, 0x005B, 0x089C, 0x00BD, 0x00DD, 0x00FE, 0x011E, 0x013F, 0x013F, 0x015F,
    0x2080, 0x2080, 0x2081, 0x2082, 0x2082, 0x2083, 0x2084, 0x2865, 0x2866, 0x2867, 0x2868, 0x286A, 0x208C, 0x206E, 0x2070, 0x1871,
    0x1873, 0x1855, 0x1056, 0x1057, 0x1059, 0x107A, 0x089A, 0x08BB, 0x08DC, 0x00FD, 0x011D, 0x011E, 0x013E, 0x015E, 0x017F, 0x019F,
    0x20A0, 0x20A0, 0x20A1, 0x20A2, 0x20A2, 0x20A3, 0x20A4, 0x28A5, 0x28A6, 0x28A7, 0x28A8, 0x28AA, 0x20CC, 0x20CD, 0x20CF, 0x18B1,
    0x18B3, 0x10B5, 0x10B6, 0x10B7, 0x10D8, 0x08DA, 0x00DA, 0x00FB, 0x011C, 0x013D, 0x013D, 0x015E, 0x017E, 0x019E, 0x01BE, 0x01DF,
    0x20E0, 0x20E0, 0x20E1, 0x20E2, 0x20E2, 0x20E3, 0x20E4, 0x28E5, 0x28E6, 0x28E7, 0x28E8, 0x28EA, 0x210B, 0x210D, 0x210F, 0x1911,
    0x1113, 0x0914, 0x0916, 0x0917, 0x0118, 0x0139, 0x013A, 0x015B, 0x015C, 0x017C, 0x017D, 0x019D, 0x01BE, 0x01FE, 0x021E, 0x021F,
    0x2100, 0x2101, 0x2101, 0x2102, 0x2102, 0x2103, 0x2904, 0x2904, 0x2926, 0x2927, 0x2928, 0x2129, 0x212B, 0x214D, 0x194F, 0x0951,
    0x0152, 0x0154, 0x0176, 0x0177, 0x0178, 0x0179, 0x019A, 0x019B, 0x01BC, 0x01BC, 0x01FD, 0x021D, 0x021D, 0x023E, 0x025E, 0x025F,
    0x2120, 0x2121, 0x2121, 0x2142, 0x2143, 0x2143, 0x2944, 0x2945, 0x2965, 0x2967, 0x2168, 0x2169, 0x218B, 0x198D, 0x118E, 0x0190,
    0x01B2, 0x01B4, 0x01B5, 0x01B7, 0x01D8, 0x01D9, 0x01DA, 0x01FB, 0x01FC, 0x021C, 0x023D, 0x027D, 0x027D, 0x029E, 0x029E, 0x029E,
    0x2161, 0x2161, 0x2162, 0x2163, 0x2163, 0x2184, 0x2184, 0x2985, 0x2986, 0x29A7, 0x21A8, 0x21C9, 0x21CB, 0x19CC, 0x09CE, 0x01F0,
    0x01F2, 0x01F4, 0x0215, 0x0217, 0x0218, 0x0239, 0x023A, 0x023B, 0x025B, 0x027C, 0x029C, 0x02BD, 0x02BD, 0x02DE, 0x02DE, 0x02DE,
    0x19A2, 0x21A2, 0x21A3, 0x21A3, 0x21A4, 0x21A4, 0x21C5, 0x29C5, 0x29C6, 0x29C7, 0x21E8, 0x2209, 0x220A, 0x122C, 0x0A2E, 0x0250,
    0x0251, 0x0253, 0x0275, 0x0276, 0x0278, 0x0279, 0x029A, 0x029B, 0x02BB, 0x02BC, 0x02DC, 0x02FD, 0x031D, 0x031D, 0x033E, 0x033E,
    0x19E2, 0x19E3, 0x19E3, 0x21E4, 0x21E4, 0x21E5, 0x2205, 0x2A06, 0x2A06, 0x2A07, 0x2A27, 0x2229, 0x224A, 0x1A6C, 0x0A6D, 0x028F,
    0x02B1, 0x02B3, 0x02B5, 0x02D6, 0x02D7, 0x02D9, 0x02FA, 0x02FA, 0x031B, 0x031C, 0x033C, 0x035C, 0x035D, 0x037D, 0x037E, 0x037E,
    0x1223, 0x1223, 0x1A24, 0x1A24, 0x2225, 0x2245, 0x2246, 0x2A46, 0x2A47, 0x3247, 0x2A68, 0x2268, 0x226A, 0x1A8B, 0x0AAD, 0x02CF,
    0x02F1, 0x0313, 0x0314, 0x0336, 0x0337, 0x0338, 0x0359, 0x035A, 0x037B, 0x039C, 0x039C, 0x03BC, 0x03DD, 0x03DD, 0x03FE, 0x03DE,
    0x0264, 0x0A84, 0x1284, 0x1285, 0x1A85, 0x2286, 0x2286, 0x2A87, 0x2A87, 0x3288, 0x32A8, 0x2AA9, 0x22AA, 0x1ACB, 0x0AED, 0x030F,
    0x0330, 0x0352, 0x0374, 0x0375, 0x0397, 0x0398, 0x03B9, 0x03BA, 0x03DB, 0x03DC, 0x03FC, 0x041C, 0x041D, 0x041D, 0x043E, 0x043E,
    0x02C4, 0x02C4, 0x02C5, 0x0AC5, 0x12C6, 0x1AC6, 0x22E7, 0x2AE8, 0x2AC8, 0x32C8, 0x32C9, 0x32E9, 0x22EA, 0x1AEB, 0x130C, 0x034E,
    0x0370, 0x0392, 0x03B4, 0x03D5, 0x03D6, 0x03F8, 0x03F9, 0x041A, 0x041B, 0x043B, 0x043C, 0x045C, 0x045D, 0x045D, 0x047E, 0x045E,
    0x0325, 0x0325, 0x0326, 0x0326, 0x0326, 0x1327, 0x1B28, 0x2348, 0x2B28, 0x2B29, 0x3329, 0x332A, 0x2B4A, 0x1B4B, 0x134C, 0x0B6E,
    0x0390, 0x03D1, 0x03F3, 0x0415, 0x0416, 0x0438, 0x0459, 0x045A, 0x045A, 0x047B, 0x047C, 0x049C, 0x049D, 0x049D, 0x049E, 0x049E,
    0x0386, 0x0386, 0x0386, 0x03A7, 0x0387, 0x0388, 0x1388, 0x23A9, 0x2389, 0x2B89, 0x338A, 0x3B8A, 0x338B, 0x238B, 0x13AC, 0x0BAD,
    0x03CF, 0x03F1, 0x0413, 0x0434, 0x0456, 0x0477, 0x0478, 0x0499, 0x04BA, 0x04BB, 0x04BB, 0x04DC, 0x04DC, 0x04DD, 0x04DD, 0x04DE,
    0x03E7, 0x03E7, 0x03E7, 0x0408, 0x0408, 0x0408, 0x0C09, 0x1409, 0x23EA, 0x23EA, 0x2BEA, 0x33EB, 0x3BEC, 0x33EC, 0x1BED, 0x0BED,
    0x040F, 0x0430, 0x0452, 0x0474, 0x0496, 0x04B7, 0x04B8, 0x04D9, 0x04FA, 0x04FB, 0x04FB, 0x051C, 0x051C, 0x051D, 0x051D, 0x051E,
    0x0448, 0x0448, 0x0468, 0x0468, 0x0469, 0x0469, 0x046A, 0x0C6A, 0x1C4A, 0x244B, 0x2C4B, 0x344C, 0x3C4C, 0x3C4D, 0x2C4D, 0x0C4E,
    0x044F, 0x0450, 0x0492, 0x04B4, 0x04D5, 0x04F7, 0x04F8, 0x0519, 0x051A, 0x053B, 0x053B, 0x0D5C, 0x055C, 0x055D, 0x055D, 0x053E,
    0x04A9, 0x04C9, 0x04C9, 0x04C9, 0x04CA, 0x04CA, 0x04CB, 0x04CB, 0x0CAB, 0x1CAB, 0x24AC, 0x34AC, 0x3CAD, 0x3C8E, 0x3CAE, 0x24AE,
    0x0CAF, 0x04B0, 0x04B1, 0x04D3, 0x04F5, 0x0516, 0x0538, 0x0559, 0x055A, 0x055A, 0x055B, 0x0D7C, 0x057C, 0x0D7D, 0x0D7D, 0x057E,
    0x052A, 0x052A, 0x052A, 0x052A, 0x052B, 0x052B, 0x052B, 0x052C, 0x050C, 0x150C, 0x250D, 0x2D0D, 0x3D0E, 0x450E, 0x44EF, 0x350F,
    0x1D10, 0x0510, 0x0511, 0x0513, 0x0534, 0x0556, 0x0557, 0x0579, 0x057A, 0x059A, 0x059B, 0x0D9C, 0x059C, 0x059D, 0x0DBD, 0x059E,
    0x058B, 0x058B, 0x058B, 0x058C, 0x058C, 0x058C, 0x058D, 0x058D, 0x056D, 0x154D, 0x254E, 0x354E, 0x3D4F, 0x454F, 0x4D50, 0x4550,
    0x3550, 0x1D51, 0x0551, 0x0552, 0x0554, 0x0575, 0x0597, 0x0598, 0x05B9, 0x05BA, 0x05BB, 0x05BB, 0x05BC, 0x0DBC, 0x0DDD, 0x05BE,
    0x05CC, 0x05EC, 0x05EC, 0x05ED, 0x05ED, 0x05ED, 0x05ED, 0x0DEE, 0x0DCE, 0x1DAE, 0x2DAE, 0x35AF, 0x45B0, 0x4DB0, 0x55B1, 0x5591,
    0x4DB1, 0x35B2, 0x15B2, 0x05B3, 0x0594, 0x05B5, 0x05B6, 0x05B8, 0x05D9, 0x05DA, 0x05FA, 0x05FB, 0x05FC, 0x0DFC, 0x0DFD, 0x05FE,
    0x062D, 0x062D, 0x062E, 0x062E, 0x062E, 0x0E2E, 0x0E2F, 0x162F, 0x260F, 0x25EF, 0x35EF, 0x3DF0, 0x45F0, 0x55F1, 0x55F1, 0x5DF2,
    0x5DF2, 0x4DF2, 0x35F3, 0x15F3, 0x05F4, 0x05F5, 0x05F6, 0x05F7, 0x0619, 0x061A, 0x0E1A, 0x161B, 0x1E1C, 0x263C, 0x163D, 0x061E,
    0x066E, 0x066F, 0x066F, 0x0E6F, 0x166F, 0x1670, 0x2670, 0x3670, 0x3650, 0x3650, 0x3E30, 0x4E31, 0x5631, 0x5E32, 0x6632, 0x6633,
    0x6E33, 0x5E33, 0x5634, 0x3E34, 0x1E34, 0x0635, 0x0636, 0x0637, 0x0638, 0x0639, 0x065A, 0x165B, 0x1E5C, 0x265C, 0x1E5D, 0x0E5D,
    0x06B0, 0x0EB0, 0x1EB0, 0x1EB0, 0x2EB1, 0x36B1, 0x3EB1, 0x46B1, 0x4691, 0x4691, 0x4E71, 0x5672, 0x5E72, 0x6673, 0x6E73, 0x6E74,
    0x7674, 0x7674, 0x6674, 0x5675, 0x3E75, 0x1E75, 0x0676, 0x0677, 0x0678, 0x0679, 0x1E7A, 0x267B, 0x267B, 0x2E7C, 0x2E9D, 0x267D,
    0x2ED1, 0x36F1, 0x3EF1, 0x46F2, 0x46F2, 0x4EF2, 0x56F2, 0x56D2, 0x56D2, 0x56B2, 0x5EB2, 0x66B3, 0x6693, 0x6E93, 0x7694, 0x7694,
    0x7E95, 0x7E95, 0x7695, 0x6E95, 0x5EB6, 0x46B6, 0x26B6, 0x0E97, 0x0E98, 0x0699, 0x1EBA, 0x36BB, 0x2EBB, 0x2EBC, 0x36BD, 0x36BD,
    0x4F12, 0x5712, 0x5733, 0x5F33, 0x5F33, 0x5F13, 0x6713, 0x66F3, 0x66F3, 0x66D3, 0x66D3, 0x6ED3, 0x6ED4, 0x76D4, 0x7ED5, 0x7ED5,
    0x86D5, 0x86D6, 0x86D6, 0x7ED6, 0x76D6, 0x66D6, 0x4ED7, 0x2ED7, 0x26D8, 0x16D9, 0x1EDA, 0x2EDA, 0x2EDB, 0x36DC, 0x3EDD, 0x3EDD,
    0x5F33, 0x6754, 0x6F54, 0x6F54, 0x6F54, 0x6F34, 0x6F34, 0x6F14, 0x6F14, 0x6F14, 0x7714, 0x7714, 0x7F15, 0x7EF5, 0x86F5, 0x8716,
    0x8F16, 0x8F16, 0x8F17, 0x8F17, 0x8717, 0x7717, 0x6F17, 0x4F17, 0x3F18, 0x2F19, 0x2F19, 0x271A, 0x2F1B, 0x3F1C, 0x471D, 0x4F1D,
    0x7775, 0x7775, 0x7F75, 0x7F75, 0x7F75, 0x7755, 0x7F55, 0x7F35, 0x7F35, 0x7F35, 0x7F35, 0x8735, 0x8736, 0x8736, 0x8F36, 0x8F36,
    0x9737, 0x9737, 0x9F38, 0x9738, 0x9738, 0x8F38, 0x7F58, 0x6F58, 0x5F58, 0x4F59, 0x475A, 0x3F5A, 0x3F3B, 0x475C, 0x4F5D, 0x573D,
    0x8796, 0x8796, 0x8F96, 0x8796, 0x8776, 0x8776, 0x8776, 0x8756, 0x8756, 0x8756, 0x8756, 0x8F56, 0x8F56, 0x8F57, 0x9757, 0x9757,
    0x9F57, 0x9F58, 0xA758, 0xA759, 0x9F79, 0x9779, 0x8F79, 0x8779, 0x7779, 0x6779, 0x5F7A, 0x4F7A, 0x4F7B, 0x577C, 0x577D, 0x5F7D,
    0x8FB7, 0x97B7, 0x97B7, 0x8F97, 0x8F96, 0x8F96, 0x8F96, 0x9797, 0x9777, 0x9777, 0x9777, 0x9777, 0x9777, 0x9F77, 0x9F78, 0x9F78,
    0xA778, 0xA799, 0xAF99, 0xAF99, 0xAF99, 0xA79A, 0x9F9A, 0x979A, 0x8F9A, 0x7F9A, 0x6FBA, 0x67BA, 0x5F9B, 0x5FBC, 0x579D, 0x5F9D,
    0x9FB8, 0x9FB8, 0x9FB7, 0x97B7, 0x97B7, 0x97B7, 0x9F97, 0x9F97, 0x9F98, 0x9F98, 0x9F98, 0x9F98, 0xA798, 0xA798, 0xA798, 0xA799,
    0xAF99, 0xAFB9, 0xB7BA, 0xB7BA, 0xB7BA, 0xB7BA, 0xAFBA, 0xA7BA, 0x9FBA, 0x97BA, 0x87DA, 0x77DB, 0x6FDB, 0x67DC, 0x67DC, 0x5FDD,
    0x2820, 0x2820, 0x2801, 0x2022, 0x2022, 0x2023, 0x2804, 0x3005, 0x3006, 0x3008, 0x3009, 0x300B, 0x300D, 0x300E, 0x2810, 0x2812,
    0x2014, 0x1816, 0x1017, 0x1018, 0x0819, 0x101A, 0x101B, 0x081B, 0x103C, 0x105D, 0x089D, 0x00BE, 0x00DE, 0x00FE, 0x011F, 0x013F,
    0x2840, 0x2840, 0x2821, 0x2822, 0x2042, 0x2043, 0x2824, 0x3005, 0x3006, 0x3007, 0x3009, 0x300B, 0x300D, 0x300E, 0x2810, 0x2012,
    0x2014, 0x1816, 0x1017, 0x1018, 0x1019, 0x101A, 0x101B, 0x103C, 0x105C, 0x107D, 0x08BD, 0x00DE, 0x00FE, 0x011E, 0x011F, 0x013F,
    0x2860, 0x2860, 0x2861, 0x2842, 0x2062, 0x2063, 0x2864, 0x2845, 0x3026, 0x3027, 0x3029, 0x302A, 0x302C, 0x282E, 0x2810, 0x2812,
    0x2014, 0x1815, 0x1817, 0x1018, 0x1819, 0x183A, 0x183B, 0x185C, 0x187C, 0x10BD, 0x08DD, 0x00DE, 0x011E, 0x011F, 0x013F, 0x015F,
    0x2880, 0x2880, 0x2881, 0x2882, 0x2882, 0x2083, 0x2084, 0x2885, 0x3066, 0x3067, 0x3068, 0x306A, 0x306C, 0x306E, 0x2870, 0x2872,
    0x2073, 0x2075, 0x1876, 0x1878, 0x1879, 0x187A, 0x189B, 0x18BB, 0x18BC, 0x10DD, 0x08FD, 0x091E, 0x013E, 0x015E, 0x017F, 0x017F,
    0x28A0, 0x28A0, 0x28A1, 0x28A2, 0x28A2, 0x28A3, 0x28C4, 0x28C5, 0x30A6, 0x30A7, 0x30A8, 0x30AA, 0x30AC, 0x30CD, 0x28CF, 0x28D1,
    0x20D3, 0x20B5, 0x18D6, 0x18D7, 0x18D9, 0x18DA, 0x18FA, 0x18FB, 0x191C, 0x091D, 0x093D, 0x015E, 0x017E, 0x099E, 0x01BE, 0x01DF,
    0x28E0, 0x28E1, 0x28E1, 0x28E2, 0x28E2, 0x28E3, 0x28E4, 0x28E4, 0x30E6, 0x30E7, 0x30E8, 0x30EA, 0x30EB, 0x310D, 0x290F, 0x2911,
    0x2113, 0x1914, 0x1916, 0x1117, 0x1118, 0x113A, 0x113A, 0x115B, 0x095C, 0x017C, 0x017D, 0x099D, 0x09BE, 0x11FE, 0x121E, 0x021F,
    0x2900, 0x2901, 0x2901, 0x2922, 0x2902, 0x2903, 0x2904, 0x2924, 0x3126, 0x3127, 0x3128, 0x3129, 0x312B, 0x294D, 0x294F, 0x2151,
    0x2152, 0x1154, 0x1156, 0x0977, 0x0978, 0x0979, 0x099A, 0x099B, 0x01BC, 0x01BC, 0x09DD, 0x121D, 0x0A1D, 0x0A3E, 0x0A5E, 0x025F,
    0x2940, 0x2941, 0x2941, 0x3142, 0x3163, 0x3143, 0x3144, 0x3145, 0x3146, 0x3167, 0x3168, 0x3169, 0x296B, 0x298D, 0x218E, 0x2190,
    0x1192, 0x09B4, 0x01B5, 0x01B7, 0x01D8, 0x01D9, 0x01DA, 0x01FB, 0x01FC, 0x021C, 0x0A3D, 0x127D, 0x0A7D, 0x029E, 0x029E, 0x029E,
    0x2961, 0x2961, 0x2962, 0x2982, 0x2983, 0x2984, 0x2984, 0x3185, 0x3186, 0x31A7, 0x31A8, 0x29A9, 0x29CB, 0x29CC, 0x21CE, 0x19F0,
    0x09F2, 0x01F4, 0x0215, 0x0217, 0x0218, 0x0239, 0x023A, 0x023B, 0x025B, 0x027C, 0x0A9C, 0x0ABD, 0x02BD, 0x02DE, 0x02DE, 0x02FE,
    0x29A1, 0x29A2, 0x29A2, 0x29A3, 0x29C3, 0x29C4, 0x29C5, 0x29C5, 0x31C6, 0x31E7, 0x31E8, 0x2A09, 0x2A0A, 0x220C, 0x222E, 0x1230,
    0x0232, 0x0253, 0x0255, 0x0276, 0x0278, 0x0279, 0x029A, 0x029B, 0x02BB, 0x02DC, 0x02FC, 0x02FD, 0x031D, 0x031D, 0x033E, 0x0B3E,
    0x21E2, 0x21E2, 0x29E3, 0x29E3, 0x2A04, 0x2A04, 0x2A05, 0x2A06, 0x3206, 0x3227, 0x3228, 0x2A29, 0x2A4A, 0x226C, 0x226D, 0x128F,
    0x0291, 0x02B3, 0x02B5, 0x02B6, 0x02D7, 0x02D9, 0x02DA, 0x02FB, 0x031B, 0x031C, 0x033C, 0x035C, 0x035D, 0x037D, 0x037E, 0x0B7E,
    0x2223, 0x2223, 0x2223, 0x2244, 0x2A44, 0x2A45, 0x2A46, 0x2A46, 0x3267, 0x3267, 0x3268, 0x3269, 0x2A8A, 0x228B, 0x22AD, 0x12CF,
    0x0AF1, 0x02F3, 0x0314, 0x0316, 0x0337, 0x0338, 0x035A, 0x035A, 0x037B, 0x039B, 0x0BBC, 0x13DC, 0x0BDD, 0x0BDD, 0x23FE, 0x0BDE,
    0x1A83, 0x1A84, 0x2284, 0x2284, 0x2285, 0x2286, 0x2AA6, 0x2AA7, 0x32A7, 0x32A8, 0x3AA8, 0x32A9, 0x2AAA, 0x2ACB, 0x22ED, 0x130F,
    0x0330, 0x0352, 0x0374, 0x0376, 0x0397, 0x0398, 0x03B9, 0x03BA, 0x03DB, 0x03FB, 0x03FC, 0x141C, 0x0C1D, 0x0C1D, 0x243E, 0x243E,
    0x0AC4, 0x12C4, 0x1AC5, 0x1AE5, 0x22E6, 0x22E6, 0x22E7, 0x2AE7, 0x32E8, 0x32E8, 0x3AE9, 0x3AE9, 0x32EA, 0x2B0B, 0x230D, 0x1B4E,
    0x0370, 0x0392, 0x03B4, 0x03D5, 0x03D7, 0x03F8, 0x03F9, 0x041A, 0x041B, 0x043B, 0x043C, 0x045C, 0x045D, 0x0C5D, 0x147E, 0x0C7E,
    0x0325, 0x0325, 0x0325, 0x0B46, 0x1346, 0x1B47, 0x2347, 0x2B48, 0x3349, 0x3329, 0x3B29, 0x3B4A, 0x3B4A, 0x2B4B, 0x234C, 0x1B6E,
    0x03B0, 0x03D1, 0x03F3, 0x0415, 0x0436, 0x0438, 0x0459, 0x045A, 0x047A, 0x047B, 0x049B, 0x049C, 0x049D, 0x049D, 0x04BE, 0x04BE,
    0x0385, 0x0386, 0x0386, 0x03A6, 0x03A7, 0x0BA8, 0x1BA8, 0x23A9, 0x2BA9, 0x338A, 0x338A, 0x3B8B, 0x3B8B, 0x33AC, 0x23AC, 0x1BAD,
    0x0BCF, 0x03F1, 0x0433, 0x0455, 0x0456, 0x0477, 0x0498, 0x04BA, 0x04BA, 0x04BB, 0x04DB, 0x04DC, 0x04DD, 0x04DD, 0x04DD, 0x04DE,
    0x03E6, 0x03E7, 0x0407, 0x0407, 0x0408, 0x0408, 0x1409, 0x240A, 0x2C0A, 0x33EA, 0x33EB, 0x3BEB, 0x43EC, 0x3BEC, 0x2BED, 0x1C0E,
    0x140F, 0x0C31, 0x0452, 0x0474, 0x0496, 0x04B7, 0x04D8, 0x04D9, 0x04FA, 0x04FB, 0x051B, 0x051C, 0x051C, 0x051D, 0x051D, 0x051E,
    0x0447, 0x0447, 0x0468, 0x0468, 0x0469, 0x0469, 0x0C6A, 0x146A, 0x246B, 0x2C4B, 0x344B, 0x3C4C, 0x444C, 0x444D, 0x3C4D, 0x2C4E,
    0x144F, 0x0C70, 0x0492, 0x04B4, 0x04D5, 0x04F7, 0x04F8, 0x0519, 0x053A, 0x053A, 0x0D3B, 0x1D5C, 0x1D5C, 0x0D5D, 0x0D5D, 0x055E,
    0x04A8, 0x04A8, 0x04C9, 0x04C9, 0x04C9, 0x04CA, 0x04CB, 0x14CB, 0x24CC, 0x2CCC, 0x34AC, 0x3CAD, 0x44AD, 0x44AE, 0x44AE, 0x3CAF,
    0x24AF, 0x0CB0, 0x04D1, 0x04F3, 0x0515, 0x0516, 0x0538, 0x0559, 0x055A, 0x055A, 0x157B, 0x257C, 0x1D7C, 0x157D, 0x259D, 0x057E,
    0x0509, 0x050A, 0x052A, 0x052A, 0x054B, 0x052B, 0x052C, 0x0D2C, 0x1D2D, 0x252D, 0x2D0D, 0x350D, 0x450E, 0x450E, 0x4CEF, 0x450F,
    0x3510, 0x1510, 0x0511, 0x0513, 0x0534, 0x0556, 0x0557, 0x0579, 0x057A, 0x0D9A, 0x159B, 0x259C, 0x1D9C, 0x1D9D, 0x25BD, 0x0D9E,
    0x056B, 0x056B, 0x058B, 0x058B, 0x058C, 0x058C, 0x058D, 0x0D8D, 0x1D8D, 0x2D6E, 0x354E, 0x3D4E, 0x454F, 0x4D4F, 0x5550, 0x5550,
    0x4551, 0x3551, 0x1552, 0x0553, 0x0574, 0x0576, 0x0597, 0x05B8, 0x0DB9, 0x0DBA, 0x15BB, 0x1DDB, 0x15BC, 0x1DDC, 0x25DD, 0x05BE,
    0x05CC, 0x05CC, 0x05CC, 0x05ED, 0x05ED, 0x05ED, 0x0DEE, 0x15EE, 0x2DEE, 0x2DCF, 0x35AF, 0x3DAF, 0x45B0, 0x4DB0, 0x55B1, 0x5DB1,
    0x55B1, 0x45B2, 0x2DB2, 0x0DB3, 0x05B4, 0x05B5, 0x05B6, 0x0DD8, 0x0DD9, 0x15FA, 0x1DFB, 0x1DFB, 0x1DFC, 0x25FC, 0x2DFD, 0x15FE,
    0x060D, 0x062D, 0x062E, 0x062E, 0x0E2E, 0x162E, 0x162F, 0x2E2F, 0x3630, 0x3E10, 0x3DF0, 0x45F0, 0x4DF0, 0x55F1, 0x5DF1, 0x65F2,
    0x65F2, 0x5DF3, 0x4DF3, 0x2DF3, 0x0DF4, 0x05F5, 0x05F6, 0x0E18, 0x1619, 0x1E1A, 0x261A, 0x2E3B, 0x363C, 0x3E3C, 0x363D, 0x263E,
    0x066E, 0x066F, 0x0E6F, 0x166F, 0x1E6F, 0x2670, 0x3670, 0x3E70, 0x4671, 0x4651, 0x4E51, 0x4E31, 0x5631, 0x5E32, 0x6632, 0x6E33,
    0x6E33, 0x6E34, 0x5E34, 0x4E34, 0x2E34, 0x1635, 0x0E36, 0x0E37, 0x1E38, 0x2659, 0x2E5A, 0x365B, 0x365C, 0x3E5C, 0x365D, 0x2E5D,
    0x0EB0, 0x1EB0, 0x26B0, 0x36B1, 0x3EB1, 0x46B1, 0x46B1, 0x4EB1, 0x56B2, 0x5692, 0x5672, 0x5E72, 0x6672, 0x6673, 0x6E73, 0x7674,
    0x7674, 0x7674, 0x6E75, 0x6675, 0x4E75, 0x3675, 0x2676, 0x1E77, 0x1E78, 0x2E79, 0x367A, 0x3E9B, 0x3E7B, 0x469C, 0x469D, 0x3E7D,
    0x36D1, 0x3EF1, 0x46F2, 0x4EF2, 0x4EF2, 0x56F2, 0x5EF2, 0x5ED2, 0x66D2, 0x66B2, 0x66B2, 0x6693, 0x6E93, 0x6E93, 0x7694, 0x7E94,
    0x7E95, 0x8695, 0x7E95, 0x76B6, 0x66B6, 0x56B6, 0x3EB6, 0x2EB7, 0x2EB8, 0x2EB9, 0x3EBA, 0x46BB, 0x3EBB, 0x46BC, 0x46BD, 0x46BD,
    0x4F12, 0x5713, 0x5F33, 0x6733, 0x6733, 0x6713, 0x6713, 0x6EF3, 0x6EF3, 0x6ED3, 0x6ED3, 0x6ED4, 0x76D4, 0x7ED4, 0x7ED5, 0x86D5,
    0x86D6, 0x8ED6, 0x8ED6, 0x86D6, 0x7ED6, 0x6ED7, 0x5ED7, 0x46D7, 0x3ED8, 0x36D9, 0x36DA, 0x3EDA, 0x3EDB, 0x46DC, 0x4EFD, 0x4EDD,
    0x6733, 0x6F54, 0x6F54, 0x7754, 0x7754, 0x7734, 0x7734, 0x7714, 0x7714, 0x7F14, 0x7F14, 0x7EF4, 0x7EF5, 0x86F5, 0x86F5, 0x8F16,
    0x8F16, 0x9717, 0x9717, 0x9717, 0x8F17, 0x7F17, 0x7717, 0x5F18, 0x4F18, 0x4719, 0x3F1A, 0x3F1A, 0x471B, 0x4F1C, 0x571D, 0x5F1D,
    0x7775, 0x7F75, 0x7F75, 0x8775, 0x7F75, 0x7F55, 0x7F55, 0x7F35, 0x8735, 0x8735, 0x8735, 0x8735, 0x8736, 0x8F36, 0x8F36, 0x9736,
    0x9737, 0x9F37, 0x9F38, 0x9F38, 0x9738, 0x8F38, 0x8738, 0x7758, 0x6F59, 0x5759, 0x575A, 0x4F5A, 0x4F5B, 0x575C, 0x5F5D, 0x5F5D,
    0x8796, 0x8F96, 0x8F96, 0x8F96, 0x8776, 0x8776, 0x8756, 0x8F56, 0x8F56, 0x8F56, 0x8F56, 0x8F56, 0x8F56, 0x9757, 0x9757, 0x9F57,
    0x9F58, 0x9F58, 0xA758, 0xA759, 0xA779, 0x9F79, 0x9779, 0x8F79, 0x7F79, 0x6F79, 0x677A, 0x5F7A, 0x5F7B, 0x5F7C, 0x5F7D, 0x677D,
    0x97B7, 0x97B7, 0x97B7, 0x9797, 0x8F96, 0x8F96, 0x9796, 0x9777, 0x9777, 0x9777, 0x9777, 0x9777, 0x9F77, 0x9F77, 0x9F78, 0xA778,
    0xA778, 0xA779, 0xAF99, 0xAF99, 0xAF9A, 0xAF9A, 0xA79A, 0x9F9A, 0x979A, 0x879A, 0x7FBA, 0x6F9A, 0x67BB, 0x67BC, 0x5F9D, 0x679D,
    0x9FB8, 0x9FB8, 0x9FB7, 0x9FB7, 0x9F97, 0x9F97, 0x9F97, 0x9F98, 0xA798, 0xA798, 0xA798, 0xA798, 0xA798, 0xA798, 0xA798, 0xAF99,
    0xAF99, 0xAF99, 0xB7BA, 0xB7BA, 0xB7BA, 0xB7BA, 0xB7BA, 0xAFBA, 0xA7BA, 0x97BA, 0x8FDB, 0x7FDB, 0x77DB, 0x6FDC, 0x6FDC, 0x6FDD,
    0x3020, 0x2820, 0x2821, 0x2822, 0x2823, 0x2843, 0x2824, 0x3005, 0x3807, 0x3808, 0x3809, 0x380B, 0x380D, 0x380E, 0x3810, 0x3012,
    0x3014, 0x2816, 0x2017, 0x1818, 0x1019, 0x101A, 0x101B, 0x101C, 0x183C, 0x187D, 0x109D, 0x10BE, 0x10DE, 0x10FE, 0x08FF, 0x011F,
    0x3040, 0x3040, 0x3041, 0x2842, 0x2843, 0x2863, 0x2844, 0x3025, 0x3806, 0x3808, 0x3809, 0x380B, 0x380D, 0x380E, 0x3810, 0x3012,
    0x3014, 0x2816, 0x2017, 0x1818, 0x1819, 0x101A, 0x101B, 0x103C, 0x185C, 0x189D, 0x18BD, 0x18BE, 0x18FE, 0x10FE, 0x091F, 0x093F,
    0x3060, 0x3060, 0x3061, 0x3062, 0x2862, 0x2883, 0x2884, 0x3065, 0x3846, 0x3827, 0x3809, 0x380A, 0x380C, 0x380E, 0x3810, 0x3012,
    0x3014, 0x2815, 0x2017, 0x1838, 0x1839, 0x185A, 0x185B, 0x187C, 0x209C, 0x20BD, 0x20DD, 0x20DE, 0x211E, 0x111F, 0x113F, 0x193F,
    0x3080, 0x3080, 0x3081, 0x3082, 0x3082, 0x2883, 0x28A4, 0x30A5, 0x3886, 0x3867, 0x3868, 0x386A, 0x386C, 0x386E, 0x3870, 0x3072,
    0x3074, 0x2875, 0x2076, 0x2098, 0x2099, 0x209A, 0x20BB, 0x20BB, 0x20DC, 0x20DD, 0x20FD, 0x211E, 0x213E, 0x215E, 0x217F, 0x217F,
    0x30A0, 0x30A1, 0x30A1, 0x30A2, 0x30A2, 0x30A3, 0x28C4, 0x28C5, 0x30C6, 0x38A7, 0x38A8, 0x38AA, 0x38AC, 0x38AD, 0x38CF, 0x30D1,
    0x30D3, 0x28D5, 0x28D6, 0x20D8, 0x20D9, 0x20FA, 0x20FB, 0x20FB, 0x211C, 0x211D, 0x213D, 0x215E, 0x217E, 0x219E, 0x29BE, 0x29DF,
    0x30E0, 0x30E1, 0x30E1, 0x30E2, 0x30E2, 0x30E3, 0x30E4, 0x30E5, 0x30E6, 0x38E7, 0x38E8, 0x38EA, 0x38EB, 0x38ED, 0x390F, 0x3111,
    0x3113, 0x2915, 0x2916, 0x2117, 0x2139, 0x213A, 0x213A, 0x215B, 0x215C, 0x217C, 0x217D, 0x219D, 0x21BE, 0x29FE, 0x321E, 0x2A1F,
    0x3100, 0x3101, 0x3121, 0x3122, 0x3122, 0x3103, 0x3104, 0x3125, 0x3125, 0x3927, 0x3928, 0x3929, 0x392B, 0x392D, 0x394F, 0x3151,
    0x3152, 0x2954, 0x2956, 0x2177, 0x2178, 0x1979, 0x199A, 0x199B, 0x19BC, 0x21BC, 0x21DD, 0x2A1D, 0x2A1D, 0x2A3E, 0x2A5E, 0x2A5E,
    0x3140, 0x3141, 0x3141, 0x3162, 0x3163, 0x3143, 0x3144, 0x3145, 0x3165, 0x3967, 0x3968, 0x3969, 0x396B, 0x396D, 0x318E, 0x3190,
    0x2992, 0x29B4, 0x21B5, 0x19B7, 0x11B8, 0x11D9, 0x11DA, 0x11FB, 0x11FC, 0x221C, 0x223D, 0x2A5D, 0x2A7D, 0x2A7E, 0x2A9E, 0x229E,
    0x3180, 0x3981, 0x3982, 0x39A2, 0x39A3, 0x39A3, 0x39A4, 0x39A5, 0x3986, 0x3987, 0x39A8, 0x39A9, 0x39AB, 0x39CC, 0x31CE, 0x29D0,
    0x29F2, 0x21F4, 0x11F5, 0x0A17, 0x0A18, 0x0219, 0x023A, 0x0A3B, 0x125B, 0x1A7C, 0x229C, 0x2ABD, 0x2ABD, 0x2ADE, 0x2ADE, 0x22FE,
    0x31A1, 0x31A1, 0x31C2, 0x31C3, 0x31C3, 0x31C4, 0x31C4, 0x39E5, 0x39E6, 0x39E7, 0x39E8, 0x39E9, 0x39EA, 0x320C, 0x320E, 0x2A30,
    0x2232, 0x1233, 0x0A55, 0x0257, 0x0278, 0x0279, 0x029A, 0x0ABB, 0x12BB, 0x1ADC, 0x1AFC, 0x22FD, 0x231D, 0x2B1D, 0x2B3E, 0x233E,
    0x31E2, 0x31E2, 0x3203, 0x3203, 0x3204, 0x3204, 0x3205, 0x3226, 0x3A26, 0x3A27, 0x3A28, 0x3A29, 0x324A, 0x324C, 0x326D, 0x2A6F,
    0x2291, 0x0A93, 0x02B5, 0x02B6, 0x02D8, 0x02D9, 0x02DA, 0x02FA, 0x031B, 0x0B3C, 0x1B5C, 0x235D, 0x237D, 0x237D, 0x2B7E, 0x2B9E,
    0x2A42, 0x2A43, 0x3243, 0x3244, 0x3244, 0x3245, 0x3265, 0x3266, 0x3267, 0x3A68, 0x3A68, 0x3A69, 0x328A, 0x328C, 0x2AAD, 0x2ACF,
    0x22D1, 0x12F3, 0x0B14, 0x0316, 0x0337, 0x0339, 0x035A, 0x035A, 0x037B, 0x139B, 0x1BBC, 0x23BD, 0x23BD, 0x2BDD, 0x33FE, 0x2BDE,
    0x2A83, 0x2A83, 0x2A84, 0x3284, 0x32A5, 0x32A5, 0x32A6, 0x32A7, 0x32A7, 0x3AA8, 0x3AA9, 0x3AA9, 0x3AAA, 0x32CB, 0x32ED, 0x2B0F,
    0x1B31, 0x1352, 0x0B54, 0x0376, 0x0377, 0x0398, 0x03B9, 0x03BA, 0x0BDB, 0x1BFB, 0x241C, 0x343C, 0x2C1D, 0x343D, 0x3C3E, 0x343E,
    0x22C4, 0x22C4, 0x2AE4, 0x2AE5, 0x2AE5, 0x2AE6, 0x32E7, 0x32E7, 0x32E8, 0x3B09, 0x3AE9, 0x42EA, 0x3B0A, 0x330B, 0x332D, 0x2B4E,
    0x2370, 0x1392, 0x0BB4, 0x03D5, 0x03D7, 0x03F8, 0x03F9, 0x041A, 0x0C3A, 0x143B, 0x1C5C, 0x245C, 0x245D, 0x2C7D, 0x347E, 0x347E,
    0x1B24, 0x1B25, 0x1B45, 0x2346, 0x2346, 0x2B47, 0x2B47, 0x2B48, 0x3349, 0x3B49, 0x3B4A, 0x434A, 0x434B, 0x3B4B, 0x334C, 0x2B6E,
    0x23B0, 0x1BD1, 0x03F3, 0x0415, 0x0436, 0x0438, 0x0459, 0x045A, 0x147A, 0x147B, 0x1C9C, 0x249C, 0x24BD, 0x2CBD, 0x2CBE, 0x2CBE,
    0x0385, 0x0386, 0x0BA6, 0x13A6, 0x1BA7, 0x23A7, 0x23A8, 0x2BA9, 0x33A9, 0x3BAA, 0x3BAA, 0x43AB, 0x43AB, 0x43AC, 0x33AD, 0x2BAE,
    0x23CF, 0x1BF1, 0x0C33, 0x0455, 0x0476, 0x0477, 0x0499, 0x0CB9, 0x14BA, 0x1CDB, 0x1CDB, 0x24FC, 0x24FD, 0x24FD, 0x1CFE, 0x14DE,
    0x03E6, 0x03E6, 0x0407, 0x0407, 0x0408, 0x0C08, 0x1C09, 0x2409, 0x340A, 0x340B, 0x3C0B, 0x43EB, 0x43EC, 0x43ED, 0x3C0D, 0x340E,
    0x2C0F, 0x2431, 0x0C52, 0x0C74, 0x0496, 0x04B7, 0x04D8, 0x0CF9, 0x1CFA, 0x1CFB, 0x1D1B, 0x2D1C, 0x253C, 0x253D, 0x253D, 0x1D1E,
    0x0447, 0x0447, 0x0467, 0x0468, 0x0468, 0x0469, 0x1469, 0x1C6A, 0x2C6B, 0x346B, 0x3C6C, 0x444C, 0x444D, 0x4C4D, 0x444E, 0x3C6E,
    0x2C6F, 0x2470, 0x1492, 0x0CB4, 0x0CD5, 0x0CF7, 0x0D18, 0x1519, 0x253A, 0x253B, 0x2D5B, 0x3D5C, 0x2D5C, 0x357D, 0x2D5D, 0x1D5E,
    0x04A8, 0x04A8, 0x04C8, 0x04C9, 0x04E9, 0x04EA, 0x04CA, 0x1CCB, 0x2CCC, 0x34CC, 0x3CCD, 0x44AD, 0x44AD, 0x4CAE, 0x54AE, 0x44AF,
    0x34AF, 0x24B0, 0x1CD2, 0x14F3, 0x1515, 0x0D36, 0x1538, 0x1D59, 0x255A, 0x2D7A, 0x357B, 0x3D9C, 0x357C, 0x2D9D, 0x3D9D, 0x1D7E,
    0x0509, 0x0509, 0x0529, 0x052A, 0x054A, 0x054B, 0x054B, 0x152C, 0x2D2D, 0x352D, 0x3D2D, 0x450D, 0x450E, 0x4D0F, 0x550F, 0x5510,
    0x4510, 0x3511, 0x1D11, 0x1D13, 0x1535, 0x1556, 0x0D77, 0x1D78, 0x2599, 0x2D9A, 0x359B, 0x3DBC, 0x2DBC, 0x2DBD, 0x3DBD, 0x25BE,
    0x056A, 0x056A, 0x058B, 0x058B, 0x058B, 0x058C, 0x0D8C, 0x158D, 0x2D8E, 0x3D8E, 0x3D6E, 0x454E, 0x4D4F, 0x554F, 0x5550, 0x5D50,
    0x5551, 0x4551, 0x2D52, 0x1D53, 0x1574, 0x1596, 0x0D97, 0x1D98, 0x25B9, 0x2DBA, 0x35DB, 0x35DB, 0x2DDC, 0x35DC, 0x3DDD, 0x25DD,
    0x05AC, 0x05CC, 0x05CC, 0x05EC, 0x05ED, 0x0DED, 0x15EE, 0x25EE, 0x35EF, 0x45EF, 0x45CF, 0x45AF, 0x4DB0, 0x55B0, 0x5DB1, 0x65B1,
    0x6592, 0x55B2, 0x45B2, 0x2DB3, 0x15B4, 0x15B5, 0x0DB6, 0x15D8, 0x2DF9, 0x2DFA, 0x35FB, 0x35FB, 0x35FC, 0x3DFC, 0x461D, 0x2DFD,
    0x060D, 0x060D, 0x062D, 0x062E, 0x0E2E, 0x162E, 0x262F, 0x362F, 0x4630, 0x4E30, 0x4E10, 0x4DF0, 0x55F1, 0x5DF1, 0x65F2, 0x6DF2,
    0x6DF3, 0x65F3, 0x55F3, 0x45F3, 0x2DF4, 0x1DF5, 0x1DF6, 0x2617, 0x2E19, 0x361A, 0x3E3B, 0x463B, 0x463C, 0x463C, 0x463D, 0x3E3D,
    0x064E, 0x066E, 0x066F, 0x166F, 0x266F, 0x3670, 0x3E70, 0x4670, 0x4E71, 0x5671, 0x5E51, 0x5E31, 0x5E31, 0x6632, 0x6E32, 0x6E33,
    0x7633, 0x7614, 0x6E34, 0x5E34, 0x4634, 0x2E35, 0x2636, 0x2E37, 0x3658, 0x3E59, 0x3E5A, 0x465B, 0x465C, 0x4E5C, 0x465D, 0x465D,
    0x1690, 0x26B0, 0x36B0, 0x3EB1, 0x46B1, 0x46B1, 0x4EB1, 0x56B1, 0x5E92, 0x6692, 0x6672, 0x6672, 0x6652, 0x6E53, 0x7673, 0x7674,
    0x7E74, 0x7E75, 0x7675, 0x6E75, 0x5E75, 0x4E75, 0x3676, 0x3677, 0x3678, 0x3E79, 0x469A, 0x4E9B, 0x4E9C, 0x569C, 0x4E9D, 0x4E9D,
    0x3ED1, 0x46F1, 0x4EF2, 0x56F2, 0x56F2, 0x5EF2, 0x5EF2, 0x66D2, 0x66D3, 0x6EB3, 0x6EB3, 0x6E93, 0x6E93, 0x7693, 0x7E94, 0x7E94,
    0x8695, 0x8695, 0x8696, 0x7E96, 0x76B6, 0x66B6, 0x4EB6, 0x46B7, 0x3EB8, 0x3EB9, 0x4EBA, 0x56BB, 0x4EBB, 0x56BC, 0x56BD, 0x56BD,
    0x5712, 0x5F13, 0x5F13, 0x6713, 0x6F13, 0x6F13, 0x6F13, 0x6EF3, 0x76F3, 0x76D4, 0x76D4, 0x7ED4, 0x7ED4, 0x7ED4, 0x86D5, 0x86D5,
    0x8ED6, 0x8ED6, 0x8ED6, 0x8ED6, 0x86D7, 0x76D7, 0x66D7, 0x56D7, 0x4ED8, 0x46D9, 0x46DA, 0x4EDA, 0x4EDB, 0x56FC, 0x5EFD, 0x5EFD,
    0x6734, 0x6F54, 0x7754, 0x7754, 0x7754, 0x7734, 0x7734, 0x7F14, 0x7F14, 0x8715, 0x8715, 0x8715, 0x86F5, 0x86F5, 0x8EF5, 0x8EF6,
    0x9716, 0x9717, 0x9717, 0x9717, 0x8F17, 0x8717, 0x7F18, 0x6F18, 0x5F18, 0x4F19, 0x4F1A, 0x4F1A, 0x571B, 0x5F1C, 0x671D, 0x671D,
    0x7775, 0x7F75, 0x8775, 0x8776, 0x8775, 0x7F55, 0x8755, 0x8735, 0x8735, 0x8F36, 0x8F36, 0x8F36, 0x8F36, 0x8F36, 0x9736, 0x9736,
    0x9737, 0x9F37, 0x9F38, 0xA738, 0x9F38, 0x9738, 0x8F38, 0x8759, 0x7759, 0x6759, 0x5F5A, 0x5F5A, 0x5F5B, 0x675C, 0x675D, 0x6F5D,
    0x8796, 0x8F96, 0x8F96, 0x8F96, 0x8F76, 0x8F76, 0x8F56, 0x8F56, 0x8F56, 0x9756, 0x9756, 0x9756, 0x9756, 0x9757, 0x9F57, 0x9F57,
    0x9F58, 0xA758, 0xA758, 0xAF59, 0xAF59, 0xA779, 0x9F79, 0x9779, 0x8779, 0x7F7A, 0x6F7A, 0x677A, 0x677B, 0x677C, 0x6F7D, 0x6F7D,
    0x97B7, 0x9FB7, 0x97B7, 0x9797, 0x9797, 0x9796, 0x9777, 0x9777, 0x9F77, 0x9F77, 0x9F77, 0x9F77, 0x9F77, 0x9F77, 0xA778, 0xA778,
    0xA778, 0xAF79, 0xAF99, 0xAF99, 0xB79A, 0xAF9A, 0xAF9A, 0xA79A, 0x979A, 0x8F9A, 0x87BA, 0x779A, 0x6FBB, 0x6FBC, 0x6F9D, 0x6F9D,
    0xA7B8, 0x9FB8, 0x9FB7, 0x9FB7, 0x9F97, 0x9F97, 0x9F97, 0xA798, 0xA798, 0xA798, 0xA798, 0xA798, 0xA798, 0xA798, 0xAF98, 0xAF99,
    0xAF99, 0xB799, 0xB79A, 0xB7BA, 0xB7BA, 0xBFBA, 0xB7BA, 0xAFBA, 0xA7BA, 0x9FBA, 0x97DB, 0x87DB, 0x7FDB, 0x77DC, 0x6FDC, 0x6FDD,
    0x3820, 0x3020, 0x3021, 0x3002, 0x3023, 0x3043, 0x2844, 0x3025, 0x3806, 0x4008, 0x4009, 0x400B, 0x480D, 0x480E, 0x4010, 0x4012,
    0x4014, 0x3816, 0x3017, 0x2818, 0x2019, 0x201A, 0x181B, 0x183C, 0x183C, 0x187D, 0x189E, 0x20BE, 0x20DE, 0x28FE, 0x28FF, 0x291F,
    0x3840, 0x3840, 0x3041, 0x3042, 0x3043, 0x3063, 0x2864, 0x3045, 0x3826, 0x4008, 0x4009, 0x400B, 0x480C, 0x480E, 0x4010, 0x4012,
    0x4014, 0x3816, 0x3017, 0x2818, 0x2019, 0x201A, 0x183B, 0x185C, 0x187C, 0x209D, 0x20BE, 0x20DE, 0x28FE, 0x28FF, 0x291F, 0x293F,
    0x3860, 0x3860, 0x3861, 0x3862, 0x3062, 0x3083, 0x3084, 0x3085, 0x3866, 0x4028, 0x4009, 0x400A, 0x400C, 0x400E, 0x4010, 0x4012,
    0x3814, 0x3815, 0x3017, 0x2838, 0x2059, 0x205A, 0x207B, 0x209C, 0x20BC, 0x20BD, 0x28DE, 0x28FE, 0x291E, 0x291F, 0x313F, 0x313F,
    0x38A0, 0x3881, 0x3881, 0x3882, 0x3882, 0x3083, 0x30A4, 0x30A5, 0x38A6, 0x4067, 0x4049, 0x404A, 0x404C, 0x404E, 0x4050, 0x4052,
    0x3874, 0x3875, 0x3077, 0x2898, 0x28B9, 0x20BA, 0x28DB, 0x28DC, 0x28FC, 0x28FD, 0x311D, 0x311E, 0x313E, 0x315E, 0x395F, 0x397F,
    0x38C0, 0x38C1, 0x38C1, 0x38C2, 0x38C2, 0x38A3, 0x30C4, 0x30E5, 0x38C6, 0x40C7, 0x40A8, 0x40AA, 0x40AC, 0x40AD, 0x40AF, 0x40B1,
    0x38D3, 0x38D5, 0x30D6, 0x30D8, 0x28F9, 0x28FA, 0x291B, 0x291B, 0x293C, 0x313D, 0x313D, 0x315E, 0x317E, 0x399E, 0x39BE, 0x39BF,
    0x38E0, 0x38E1, 0x38E1, 0x38E2, 0x38E2, 0x38E3, 0x38E4, 0x3105, 0x3906, 0x40E7, 0x40E8, 0x40EA, 0x40EB, 0x40ED, 0x40EF, 0x4111,
    0x4113, 0x3915, 0x3916, 0x3137, 0x3139, 0x293A, 0x295B, 0x295B, 0x317C, 0x317D, 0x317D, 0x319D, 0x39BE, 0x41FE, 0x421E, 0x3A1F,
    0x3920, 0x3921, 0x3921, 0x3922, 0x3922, 0x3923, 0x3924, 0x3925, 0x3926, 0x3927, 0x4128, 0x4129, 0x412B, 0x412D, 0x412F, 0x4151,
    0x4152, 0x3954, 0x3956, 0x3177, 0x3178, 0x2999, 0x299A, 0x299B, 0x31BC, 0x31BD, 0x39FD, 0x39FD, 0x3A1D, 0x423E, 0x425E, 0x3A5E,
    0x3940, 0x3941, 0x3961, 0x3962, 0x3963, 0x3943, 0x3944, 0x3945, 0x3966, 0x3966, 0x4148, 0x4149, 0x416B, 0x416D, 0x418E, 0x4190,
    0x4192, 0x3994, 0x39B5, 0x31B7, 0x31B8, 0x29D9, 0x29DA, 0x29FB, 0x29FC, 0x321C, 0x3A3D, 0x425D, 0x427D, 0x427E, 0x429E, 0x3A9E,
    0x3980, 0x3981, 0x41A2, 0x41A2, 0x41A3, 0x41A3, 0x41A4, 0x4185, 0x4186, 0x39A7, 0x41A8, 0x41A9, 0x41AB, 0x41AC, 0x41CE, 0x41D0,
    0x39D2, 0x39F3, 0x31F5, 0x2A17, 0x2A18, 0x2219, 0x223A, 0x223B, 0x2A5C, 0x327C, 0x3A9C, 0x3ABD, 0x3ABD, 0x3ADE, 0x3ADE, 0x3ADE,
    0x41C0, 0x41C1, 0x41E2, 0x41E2, 0x41E3, 0x41E4, 0x41E4, 0x41E5, 0x41E6, 0x41E7, 0x41E8, 0x41E9, 0x41EA, 0x41EC, 0x420E, 0x3A10,
    0x3A31, 0x3233, 0x2A55, 0x2256, 0x1A78, 0x1A79, 0x1A9A, 0x1A9B, 0x2ABB, 0x32DC, 0x32FC, 0x3AFD, 0x3B1D, 0x3B1E, 0x3B3E, 0x3B3E,
    0x3A01, 0x3A02, 0x3A02, 0x4203, 0x4223, 0x4224, 0x4225, 0x4225, 0x4226, 0x4227, 0x4228, 0x4229, 0x422A, 0x424C, 0x3A4D, 0x3A6F,
    0x3271, 0x2A93, 0x2295, 0x1AB6, 0x0AB8, 0x0AD9, 0x0AFA, 0x1B1A, 0x2B3B, 0x333C, 0x335C, 0x3B7D, 0x3B7D, 0x3B7D, 0x437E, 0x439E,
    0x3A42, 0x3A42, 0x3A43, 0x3A43, 0x4264, 0x4264, 0x4265, 0x4266, 0x4267, 0x4267, 0x4268, 0x4269, 0x428A, 0x428C, 0x3AAD, 0x3AAF,
    0x32D1, 0x2AD3, 0x22F4, 0x1316, 0x0B17, 0x0B39, 0x135A, 0x1B7A, 0x2B9B, 0x339B, 0x3BBC, 0x3BDD, 0x3BBD, 0x43DD, 0x4BFE, 0x43DE,
    0x3283, 0x3A83, 0x3AA4, 0x3AA4, 0x3AA5, 0x3AA5, 0x3AA6, 0x3AA6, 0x3AA7, 0x42A8, 0x42A9, 0x42A9, 0x42AA, 0x42CB, 0x3AED, 0x3B0F,
    0x3331, 0x2B32, 0x2354, 0x1B76, 0x1377, 0x1398, 0x1BB9, 0x23DA, 0x33DB, 0x33FB, 0x3BFC, 0x441C, 0x3C1D, 0x443D, 0x4C3E, 0x443E,
    0x32E3, 0x32E4, 0x32E4, 0x3AE5, 0x3AE5, 0x3B06, 0x3B06, 0x3B07, 0x3B08, 0x4308, 0x4309, 0x430A, 0x430A, 0x430B, 0x3B2D, 0x3B4E,
    0x3370, 0x2B92, 0x23B4, 0x1BB5, 0x1BD7, 0x1BF8, 0x23F9, 0x2C1A, 0x343A, 0x343B, 0x3C5C, 0x447C, 0x3C5D, 0x447D, 0x4C9E, 0x4C7E,
    0x2B24, 0x2B44, 0x3345, 0x3345, 0x3346, 0x3346, 0x3B67, 0x3B68, 0x3B68, 0x4369, 0x436A, 0x4B4A, 0x4B4B, 0x434B, 0x3B6C, 0x3B6E,
    0x33B0, 0x2BD2, 0x23F3, 0x2415, 0x1C36, 0x1C38, 0x2439, 0x2C5A, 0x347A, 0x349B, 0x349C, 0x3CBC, 0x3CBD, 0x44BD, 0x44BE, 0x44BE,
    0x2385, 0x2385, 0x23A6, 0x2BA6, 0x2BA7, 0x33A7, 0x33C8, 0x33C8, 0x3BC9, 0x3BCA, 0x43AB, 0x4BAB, 0x4BAC, 0x4BAC, 0x43AD, 0x3BAE,
    0x33CF, 0x33F1, 0x2C33, 0x2455, 0x2476, 0x1C77, 0x2498, 0x2CB9, 0x34BA, 0x34DB, 0x3CDB, 0x3CFC, 0x3CFD, 0x3CFD, 0x3CFE, 0x3CFE,
    0x0BE6, 0x13E6, 0x1C06, 0x1C07, 0x2427, 0x2428, 0x2C28, 0x3429, 0x340A, 0x3C0B, 0x440B, 0x4C0C, 0x4C0C, 0x540D, 0x4C0D, 0x3C0E,
    0x3C0F, 0x3431, 0x2C53, 0x2474, 0x2496, 0x24B7, 0x24D8, 0x2CF9, 0x34FA, 0x351B, 0x3D1B, 0x453C, 0x3D3C, 0x3D3D, 0x3D3D, 0x353E,
    0x0447, 0x0447, 0x0467, 0x0468, 0x0C88, 0x1C89, 0x2489, 0x2C8A, 0x346B, 0x3C6B, 0x446C, 0x4C6C, 0x4C6D, 0x544D, 0x544E, 0x446E,
    0x3C6F, 0x3470, 0x3492, 0x2CB4, 0x24D5, 0x24F7, 0x2D18, 0x3519, 0x353A, 0x3D5B, 0x455B, 0x4D7C, 0x3D5C, 0x457D, 0x457D, 0x355E,
    0x04A7, 0x04A8, 0x04C8, 0x04C8, 0x04E9, 0x04E9, 0x14EA, 0x24EB, 0x2CCC, 0x3CCC, 0x44CD, 0x4CCD, 0x4CAD, 0x54AE, 0x5CAF, 0x54AF,
    0x44B0, 0x3CB0, 0x34D2, 0x2CF3, 0x2D15, 0x2D36, 0x2D38, 0x3559, 0x3D5A, 0x3D7B, 0x457B, 0x4D9C, 0x459C, 0x459D, 0x45BD, 0x3D9E,
    0x0508, 0x0509, 0x0529, 0x0529, 0x054A, 0x054A, 0x0D4B, 0x1D4C, 0x354D, 0x3D2D, 0x452E, 0x4D2E, 0x4D0E, 0x550F, 0x5D0F, 0x5D10,
    0x5510, 0x4511, 0x3512, 0x3533, 0x2D35, 0x2D56, 0x2D57, 0x3578, 0x3D9A, 0x459A, 0x45BB, 0x45BC, 0x3DBC, 0x45BD, 0x45DD, 0x3DBE,
    0x0569, 0x056A, 0x056A, 0x058B, 0x058B, 0x058C, 0x0D8C, 0x258D, 0x358D, 0x458E, 0x4D8F, 0x4D6F, 0x556F, 0x5D50, 0x5D50, 0x6551,
    0x6551, 0x5551, 0x4552, 0x3553, 0x3574, 0x2D96, 0x2D97, 0x3DB8, 0x3DB9, 0x45DA, 0x45DB, 0x45DB, 0x3DDC, 0x4DFD, 0x4DFD, 0x3DDD,
    0x05AB, 0x05CB, 0x05CB, 0x05EC, 0x05EC, 0x05ED, 0x15ED, 0x2DEE, 0x3DEE, 0x4DEF, 0x55F0, 0x55D0, 0x55B0, 0x5DB0, 0x65B1, 0x6DB1,
    0x6D92, 0x6592, 0x55B2, 0x45B3, 0x35B4, 0x35B5, 0x35B6, 0x35D8, 0x45F9, 0x45FA, 0x45FB, 0x4DFB, 0x4E1C, 0x4E1D, 0x4E1D, 0x461D,
    0x060C, 0x060D, 0x060D, 0x062D, 0x0E2D, 0x162E, 0x262E, 0x3E2F, 0x4630, 0x5630, 0x5E11, 0x5E11, 0x5DF1, 0x65F1, 0x6DF2, 0x6DF2,
    0x75D3, 0x6DD3, 0x65D3, 0x55F3, 0x45F4, 0x3DF5, 0x3DF6, 0x3E18, 0x4619, 0x4E3A, 0x4E3B, 0x4E3B, 0x563C, 0x563D, 0x563D, 0x4E3D,
    0x064E, 0x064E, 0x066E, 0x0E6F, 0x266F, 0x366F, 0x3E70, 0x4E70, 0x5671, 0x5E71, 0x6651, 0x6632, 0x6E32, 0x6E32, 0x6E32, 0x7633,
    0x7E33, 0x7E14, 0x7614, 0x6634, 0x5635, 0x4635, 0x3E36, 0x4637, 0x4658, 0x4E59, 0x4E5A, 0x565B, 0x565C, 0x5E7C, 0x567D, 0x565D,
    0x1E8F, 0x2690, 0x2EB0, 0x3EB0, 0x46B0, 0x4EB1, 0x56B1, 0x5EB1, 0x66B2, 0x6E92, 0x6E92, 0x6E72, 0x7673, 0x7653, 0x7673, 0x7E74,
    0x8674, 0x8675, 0x8655, 0x7675, 0x6E75, 0x5E76, 0x4E76, 0x4677, 0x4E78, 0x4E79, 0x569A, 0x5E9B, 0x569C, 0x5E9C, 0x5E9D, 0x5E9D,
    0x3ED1, 0x46D1, 0x4ED1, 0x56F2, 0x56F2, 0x5EF2, 0x66F2, 0x66D2, 0x6ED3, 0x76B3, 0x76B3, 0x7EB3, 0x7E93, 0x7E94, 0x7E94, 0x8694,
    0x8695, 0x8E95, 0x8E96, 0x8696, 0x7EB6, 0x6EB6, 0x5EB6, 0x56B7, 0x4EB8, 0x4EB9, 0x5EBA, 0x5EBB, 0x5EBB, 0x5EBC, 0x5EBD, 0x5EBD,
    0x5712, 0x5F12, 0x6713, 0x6713, 0x6F13, 0x6F13, 0x6F13, 0x76F3, 0x76F4, 0x7ED4, 0x86D4, 0x86D4, 0x86D4, 0x86D4, 0x86D5, 0x8ED5,
    0x8ED6, 0x96D6, 0x96D6, 0x96D7, 0x8ED7, 0x7ED7, 0x76D7, 0x66D7, 0x5ED8, 0x56D9, 0x56DA, 0x5EDA, 0x5EDB, 0x66FC, 0x66FD, 0x66FD,
    0x6F34, 0x6F34, 0x7754, 0x7754, 0x7F54, 0x7F34, 0x7F34, 0x7F14, 0x8714, 0x8715, 0x8F15, 0x8F15, 0x8F15, 0x8EF5, 0x8EF6, 0x8EF6,
    0x9716, 0x9717, 0x9F17, 0x9F17, 0x9718, 0x8F18, 0x8718, 0x7718, 0x6F18, 0x5F19, 0x5F1A, 0x5F1A, 0x5F1B, 0x671C, 0x6F1D, 0x6F1D,
    0x7F75, 0x7F75, 0x8775, 0x8776, 0x8775, 0x8755, 0x8755, 0x8735, 0x8F35, 0x8F36, 0x9736, 0x9736, 0x9736, 0x9736, 0x9736, 0x9737,
    0x9F37, 0x9F37, 0xA738, 0xA738, 0xA738, 0x9F38, 0x9739, 0x8F59, 0x7F59, 0x6F59, 0x6F5A, 0x675A, 0x675B, 0x6F5C, 0x6F5D, 0x775D,
    0x8F96, 0x8F96, 0x9796, 0x8F96, 0x8F76, 0x8F76, 0x8F56, 0x8F56, 0x9756, 0x9756, 0x9F57, 0x9F57, 0x9F57, 0x9F57, 0x9F57, 0x9F57,
    0xA758, 0xA758, 0xAF58, 0xAF59, 0xAF59, 0xAF79, 0xA779, 0x9F79, 0x8F79, 0x877A, 0x777A, 0x6F7A, 0x6F7B, 0x6F7C, 0x777D, 0x777D,
    0x97B7, 0x9FB7, 0x9FB7, 0x9F97, 0x9797, 0x9777, 0x9777, 0x9F77, 0x9F77, 0x9F77, 0xA777, 0xA778, 0xA778, 0xA778, 0xA778, 0xA778,
    0xAF78, 0xAF79, 0xAF79, 0xB799, 0xB79A, 0xB79A, 0xAF9A, 0xA79A, 0x9F9A, 0x979A, 0x8FBA, 0x7F9B, 0x779B, 0x77BC, 0x779D, 0x779D,
    0xA7B8, 0xA7B8, 0xA7B8, 0x9FB7, 0x9F97, 0x9F97, 0xA798, 0xA798, 0xA798, 0xAF98, 0xAF98, 0xAF98, 0xAF98, 0xAF98, 0xAF99, 0xAF99,
    0xB799, 0xB799, 0xB79A, 0xB7BA, 0xBFBA, 0xBFBA, 0xBFBA, 0xB7BB, 0xAFBB, 0xA7BB, 0x9FBB, 0x8FDB, 0x87DB, 0x7FDC, 0x7FDC, 0x77DD,
    0x4020, 0x3820, 0x3821, 0x3802, 0x3823, 0x3844, 0x3064, 0x3845, 0x4026, 0x4808, 0x500A, 0x500B, 0x500C, 0x500E, 0x5010, 0x5012,
    0x4814, 0x4816, 0x4017, 0x4018, 0x3819, 0x301A, 0x281B, 0x283C, 0x205C, 0x207D, 0x209E, 0x28BE, 0x28DE, 0x30FF, 0x38FF, 0x391F,
    0x4060, 0x4041, 0x3841, 0x3842, 0x3843, 0x3844, 0x3064, 0x3865, 0x3846, 0x4808, 0x5009, 0x500B, 0x500C, 0x500E, 0x5010, 0x5012,
    0x4814, 0x4816, 0x4017, 0x3818, 0x3819, 0x301A, 0x283B, 0x285C, 0x209C, 0x20BD, 0x28DE, 0x28DE, 0x30FE, 0x30FF, 0x391F, 0x391F,
    0x4080, 0x4081, 0x4061, 0x4062, 0x3862, 0x3863, 0x3884, 0x30A5, 0x3886, 0x4048, 0x4809, 0x480A, 0x500C, 0x500E, 0x5010, 0x4812,
    0x4814, 0x4815, 0x4017, 0x3838, 0x3859, 0x305A, 0x289B, 0x28BC, 0x28BC, 0x28DD, 0x30FE, 0x30FE, 0x391E, 0x391F, 0x413F, 0x413F,
    0x40A0, 0x40A1, 0x40A1, 0x40A2, 0x4082, 0x3883, 0x38A4, 0x38C5, 0x38A6, 0x4087, 0x4869, 0x484A, 0x504C, 0x502E, 0x5050, 0x4852,
    0x4854, 0x4055, 0x4077, 0x3898, 0x30B9, 0x30BA, 0x30DB, 0x28FC, 0x28FC, 0x311D, 0x311D, 0x313E, 0x393E, 0x415E, 0x415F, 0x497F,
    0x40C0, 0x40C1, 0x40C1, 0x40C2, 0x40C2, 0x40C3, 0x38C4, 0x38E5, 0x38E6, 0x40C7, 0x48A9, 0x508A, 0x508C, 0x50AD, 0x48AF, 0x48B1,
    0x48B3, 0x40D5, 0x40D6, 0x38F8, 0x38F9, 0x311A, 0x311B, 0x313C, 0x313C, 0x313D, 0x395D, 0x395E, 0x417E, 0x419E, 0x49BE, 0x49BF,
    0x40E0, 0x40E1, 0x40E1, 0x40E2, 0x40E2, 0x40E3, 0x40E4, 0x3905, 0x3906, 0x4107, 0x48E8, 0x50CA, 0x50EB, 0x50ED, 0x50EF, 0x48F1,
    0x4913, 0x4915, 0x4116, 0x4137, 0x3939, 0x395A, 0x395B, 0x317B, 0x317C, 0x317D, 0x399D, 0x399D, 0x41BE, 0x49FE, 0x4A1E, 0x4A1F,
    0x4120, 0x4121, 0x4121, 0x4122, 0x4123, 0x4123, 0x4124, 0x4125, 0x4126, 0x4127, 0x4928, 0x5109, 0x510B, 0x512D, 0x512F, 0x5150,
    0x4952, 0x4954, 0x4176, 0x4177, 0x4178, 0x3999, 0x399A, 0x39BB, 0x39BC, 0x39DD, 0x41FD, 0x41FD, 0x4A1D, 0x4A3E, 0x4A5E, 0x4A5E,
    0x4140, 0x4141, 0x4162, 0x4162, 0x4163, 0x4163, 0x4144, 0x4145, 0x4146, 0x4167, 0x4168, 0x5149, 0x514B, 0x516D, 0x516E, 0x5190,
    0x4992, 0x4994, 0x49B5, 0x41B7, 0x41D8, 0x39D9, 0x39FA, 0x39FB, 0x3A1C, 0x3A1C, 0x425D, 0x4A5D, 0x4A5D, 0x4A7E, 0x4A9E, 0x4A9E,
    0x4180, 0x4181, 0x41A2, 0x41A2, 0x41A3, 0x41A3, 0x4184, 0x4185, 0x4185, 0x4187, 0x41A8, 0x49A9, 0x51AB, 0x51AC, 0x51AE, 0x49D0,
    0x49D2, 0x49F3, 0x41F5, 0x41F6, 0x4218, 0x3A19, 0x3A3A, 0x3A5B, 0x3A5C, 0x427C, 0x429C, 0x4ABD, 0x4ABD, 0x4ADE, 0x4ADE, 0x4ADE,
    0x49E1, 0x49E1, 0x49E2, 0x49E2, 0x49E3, 0x49E4, 0x49E4, 0x49E5, 0x49C6, 0x49C7, 0x49E8, 0x49E9, 0x51EA, 0x51EC, 0x520E, 0x4A10,
    0x4A11, 0x4233, 0x4235, 0x4256, 0x3A58, 0x3279, 0x329A, 0x3A9B, 0x3ABB, 0x42DC, 0x42DC, 0x42FD, 0x4AFD, 0x4B1E, 0x4B1E, 0x4B3E,
    0x4A21, 0x4A21, 0x4A22, 0x4A23, 0x4A43, 0x4A44, 0x4A44, 0x4A45, 0x4A26, 0x4A27, 0x4A28, 0x4A29, 0x4A2A, 0x4A2C, 0x4A4D, 0x4A4F,
    0x4A71, 0x4273, 0x3A94, 0x3A96, 0x32B7, 0x32B9, 0x32D9, 0x32FA, 0x3B1B, 0x433C, 0x433C, 0x435D, 0x435D, 0x4B7E, 0x4B7E, 0x4B7E,
    0x4241, 0x4242, 0x4A62, 0x4A63, 0x4A64, 0x4A84, 0x4A85, 0x4A86, 0x4A86, 0x4A87, 0x4A68, 0x4A69, 0x4A6A, 0x4A8B, 0x4A8D, 0x4AAF,
    0x42B1, 0x42D3, 0x3AD4, 0x32F6, 0x3317, 0x3338, 0x3359, 0x3B7A, 0x439B, 0x439C, 0x4BBC, 0x4BDD, 0x4BBD, 0x53FE, 0x53FE, 0x53DE,
    0x42A2, 0x42A3, 0x42A3, 0x4AA4, 0x4AA4, 0x4AC5, 0x4AC5, 0x4AC6, 0x4AC7, 0x4AC8, 0x4AC8, 0x4AA9, 0x4AAA, 0x4ACB, 0x4AED, 0x42EF,
    0x4310, 0x4332, 0x3B34, 0x3356, 0x3377, 0x3398, 0x3BB9, 0x3BDA, 0x43FB, 0x43FB, 0x4C1C, 0x4C1D, 0x4C1D, 0x543D, 0x543E, 0x543E,
    0x42E3, 0x42E3, 0x42E4, 0x4304, 0x4305, 0x4B05, 0x4B06, 0x4B07, 0x4B08, 0x4B08, 0x4B09, 0x4B0A, 0x4B0A, 0x4B0B, 0x4B2D, 0x434E,
    0x4350, 0x4372, 0x3B94, 0x3BB5, 0x33D7, 0x3BD8, 0x3BF9, 0x441A, 0x443A, 0x4C3B, 0x4C5C, 0x4C5C, 0x4C5D, 0x547D, 0x5C9E, 0x547E,
    0x3B44, 0x3B44, 0x4344, 0x4345, 0x4366, 0x4366, 0x4367, 0x4368, 0x4368, 0x4369, 0x4B6A, 0x4B6A, 0x534B, 0x534C, 0x4B6C, 0x436E,
    0x4390, 0x43D1, 0x3BF3, 0x3C15, 0x3416, 0x3C37, 0x3C38, 0x4459, 0x447A, 0x4C9B, 0x4C9C, 0x54BC, 0x54BD, 0x54DD, 0x5CDE, 0x5CDE,
    0x33A5, 0x33A5, 0x3BA5, 0x3BA6, 0x3BC6, 0x43C7, 0x43C8, 0x43C8, 0x43C9, 0x43CA, 0x4BCA, 0x4BCB, 0x53AC, 0x53AC, 0x4BAD, 0x43CE,
    0x43CF, 0x43F1, 0x3C13, 0x3C55, 0x3C76, 0x3C77, 0x4498, 0x44B9, 0x44BA, 0x4CDB, 0x4CDC, 0x4CFC, 0x4CFD, 0x54FD, 0x54FE, 0x54FE,
    0x2BE5, 0x2C06, 0x3406, 0x3407, 0x3427, 0x3C28, 0x3C28, 0x3C29, 0x442A, 0x442A, 0x4C2B, 0x4C2C, 0x540C, 0x5C0D, 0x540D, 0x4C0E,
    0x440F, 0x4431, 0x4453, 0x3C74, 0x3C96, 0x3CB7, 0x44D8, 0x44F9, 0x44FA, 0x4D1B, 0x4D1B, 0x553C, 0x4D3C, 0x4D3D, 0x4D3D, 0x4D3E,
    0x1C46, 0x1C67, 0x2467, 0x2C67, 0x2C88, 0x3488, 0x3489, 0x3C8A, 0x3C8A, 0x448B, 0x448C, 0x548D, 0x546D, 0x5C6E, 0x5C6E, 0x546F,
    0x4C6F, 0x4471, 0x4492, 0x3CB4, 0x3CD5, 0x3CF7, 0x4518, 0x4539, 0x4D3A, 0x4D5B, 0x555B, 0x557C, 0x4D5C, 0x557D, 0x557D, 0x4D5E,
    0x04A7, 0x04C7, 0x0CC8, 0x14C8, 0x1CE9, 0x24E9, 0x2CEA, 0x34EB, 0x3CEB, 0x44EC, 0x4CED, 0x54ED, 0x54CE, 0x5CCE, 0x64AF, 0x5CAF,
    0x54D0, 0x44D1, 0x44D2, 0x44F3, 0x3D15, 0x4536, 0x4538, 0x4559, 0x4D7A, 0x557B, 0x559B, 0x559C, 0x4D9C, 0x55BD, 0x55BD, 0x4D9E,
    0x0508, 0x0508, 0x0529, 0x0529, 0x054A, 0x154A, 0x254B, 0x2D4C, 0x354C, 0x454D, 0x4D2E, 0x552E, 0x5D2F, 0x5D0F, 0x6510, 0x6510,
    0x5D11, 0x5511, 0x4512, 0x4533, 0x4535, 0x4556, 0x4557, 0x4D78, 0x4D9A, 0x55BA, 0x55BB, 0x55BC, 0x4DBC, 0x55DD, 0x55DD, 0x4DDE,
    0x0569, 0x0569, 0x056A, 0x058A, 0x058B, 0x0DAB, 0x1DAC, 0x2DAD, 0x3D8D, 0x458E, 0x4D8F, 0x5D8F, 0x5D70, 0x6570, 0x6550, 0x6D51,
    0x6D51, 0x5D52, 0x5572, 0x4553, 0x4574, 0x4576, 0x4597, 0x4DB8, 0x4DB9, 0x55DA, 0x55DB, 0x55DC, 0x4DDC, 0x5DFD, 0x55FD, 0x4DFE,
    0x05AA, 0x05CB, 0x05CB, 0x05EC, 0x0DEC, 0x15ED, 0x25ED, 0x35EE, 0x45EE, 0x4DEF, 0x55F0, 0x65D0, 0x65B0, 0x65B1, 0x6DB1, 0x6D91,
    0x7592, 0x6D92, 0x6593, 0x55B3, 0x4DB4, 0x45B5, 0x45B6, 0x4DD8, 0x55F9, 0x55FA, 0x561B, 0x5E1B, 0x5E1C, 0x5E1D, 0x5E1D, 0x561E,
    0x060C, 0x060C, 0x060C, 0x062D, 0x162D, 0x262E, 0x362E, 0x3E2F, 0x4E2F, 0x5630, 0x6611, 0x6E11, 0x6DF1, 0x6DF1, 0x6DF2, 0x75F2,
    0x7DD3, 0x7DD3, 0x75D3, 0x65F4, 0x55F4, 0x4DF5, 0x4DF6, 0x4E18, 0x5619, 0x563A, 0x5E3B, 0x5E3B, 0x663C, 0x665D, 0x5E5D, 0x5E3E,
    0x064D, 0x064E, 0x066E, 0x166E, 0x2E6F, 0x366F, 0x4670, 0x4E70, 0x5671, 0x6671, 0x6E51, 0x7652, 0x7632, 0x7632, 0x7632, 0x7E33,
    0x7E33, 0x8614, 0x7E14, 0x7634, 0x6635, 0x5635, 0x4E36, 0x5637, 0x5658, 0x5E5A, 0x5E5A, 0x5E5B, 0x667C, 0x667C, 0x667D, 0x667D,
    0x1E8F, 0x268F, 0x2EAF, 0x3EB0, 0x46B0, 0x4EB0, 0x56B1, 0x5EB1, 0x66B2, 0x6E92, 0x7692, 0x7E73, 0x7E73, 0x7E73, 0x7E53, 0x8674,
    0x8674, 0x8E75, 0x8E55, 0x8655, 0x7675, 0x6E76, 0x5E76, 0x5677, 0x5678, 0x5E79, 0x669A, 0x669B, 0x669C, 0x6E9C, 0x669D, 0x669D,
    0x3ED1, 0x46D1, 0x4ED1, 0x4EF1, 0x56F1, 0x5EF2, 0x66F2, 0x66D2, 0x6ED2, 0x76B3, 0x7EB3, 0x86B4, 0x86B4, 0x8694, 0x8694, 0x8695,
    0x8E95, 0x8E95, 0x9696, 0x8E96, 0x8696, 0x7EB6, 0x6EB7, 0x66B7, 0x5EB8, 0x5EB9, 0x66BA, 0x6EBB, 0x66BB, 0x6EDC, 0x6EBD, 0x6EBD,
    0x56F2, 0x5F12, 0x6712, 0x6713, 0x6F13, 0x6F13, 0x6F13, 0x76F3, 0x76F3, 0x7EF4, 0x86D4, 0x8ED5, 0x8ED5, 0x8ED5, 0x8ED5, 0x8ED5,
    0x96D6, 0x96D6, 0x96D6, 0x9ED7, 0x96D7, 0x8ED7, 0x7ED7, 0x6ED7, 0x66D8, 0x5ED9, 0x66DA, 0x66DB, 0x66DB, 0x6EFC, 0x6EFD, 0x76FD,
    0x6F33, 0x6F34, 0x7734, 0x7754, 0x7F54, 0x7F34, 0x7F34, 0x7F14, 0x8714, 0x8715, 0x8F15, 0x9716, 0x9716, 0x9716, 0x96F6, 0x96F6,
    0x96F6, 0x9F17, 0x9F17, 0xA718, 0x9F18, 0x9718, 0x8F18, 0x7F18, 0x7718, 0x6F19, 0x6F1A, 0x671A, 0x6F1B, 0x771C, 0x773D, 0x7F1D,
    0x7F55, 0x7F55, 0x8775, 0x8775, 0x8775, 0x8755, 0x8755, 0x8735, 0x8F35, 0x9736, 0x9736, 0x9F36, 0x9F36, 0x9F36, 0x9F36, 0x9F37,
    0x9F37, 0xA737, 0xA738, 0xA738, 0xAF39, 0xA739, 0x9F39, 0x9759, 0x8759, 0x7F59, 0x775A, 0x6F5A, 0x6F5B, 0x775C, 0x7F5D, 0x7F5D,
    0x8F96, 0x8F96, 0x9796, 0x9796, 0x8F76, 0x8F76, 0x8F76, 0x9756, 0x9756, 0x9F56, 0x9F57, 0xA757, 0xA757, 0xA757, 0xA757, 0xA757,
    0xA758, 0xA758, 0xAF58, 0xAF59, 0xB759, 0xAF79, 0xAF79, 0xA779, 0x977A, 0x8F7A, 0x7F7A, 0x777A, 0x777B, 0x777C, 0x7F7D, 0x7F7D,
    0x9FB7, 0x9FB7, 0x9F97, 0x9F97, 0x9796, 0x9796, 0x9F77, 0x9F77, 0x9F77, 0xA777, 0xA778, 0xAF78, 0xAF78, 0xAF78, 0xAF78, 0xAF78,
    0xAF78, 0xAF79, 0xB779, 0xB799, 0xB79A, 0xB79A, 0xB79A, 0xAF9A, 0xA79A, 0x9F9A, 0x8F9A, 0x879B, 0x7F9B, 0x7FBC, 0x7F9D, 0x7F9D,
    0xA7B8, 0xA7B8, 0xA7B8, 0xA7B7, 0x9F97, 0xA797, 0xA798, 0xA798, 0xAF98, 0xAF98, 0xAF98, 0xAF99, 0xB799, 0xB799, 0xB799, 0xB799,
    0xB799, 0xB799, 0xB79A, 0xBF9A, 0xBFBA, 0xBFBA, 0xBFBB, 0xB7BB, 0xB7BB, 0xAFBB, 0xA7BB, 0x97DB, 0x8FDB, 0x87DC, 0x87DC, 0x7FDD,
    0x4040, 0x4021, 0x4021, 0x4022, 0x4003, 0x4024, 0x3864, 0x3865, 0x4046, 0x4808, 0x580A, 0x580B, 0x580C, 0x580E, 0x5810, 0x5812,
    0x5814, 0x5815, 0x5017, 0x5018, 0x4819, 0x401A, 0x401B, 0x381C, 0x385C, 0x307D, 0x30BE, 0x30BE, 0x38DE, 0x38FF, 0x40FF, 0x411F,
    0x4060, 0x4061, 0x4041, 0x4042, 0x4023, 0x4044, 0x3864, 0x3885, 0x4066, 0x4828, 0x580A, 0x580B, 0x580C, 0x580E, 0x5810, 0x5812,
    0x5814, 0x5815, 0x5017, 0x4818, 0x4819, 0x401A, 0x403B, 0x385C, 0x387C, 0x30BD, 0x30DE, 0x30DE, 0x38FE, 0x40FF, 0x411F, 0x493F,
    0x4080, 0x4881, 0x4881, 0x4062, 0x4063, 0x4063, 0x4084, 0x38A5, 0x40A6, 0x4867, 0x5029, 0x580B, 0x580C, 0x580E, 0x5810, 0x5812,
    0x5814, 0x5015, 0x5017, 0x4818, 0x4839, 0x405A, 0x407B, 0x389C, 0x38DC, 0x30DD, 0x30FE, 0x391E, 0x391E, 0x411F, 0x493F, 0x493F,
    0x48A0, 0x48A1, 0x48A1, 0x48A2, 0x48A3, 0x4083, 0x40A4, 0x40C5, 0x40C6, 0x40A7, 0x5089, 0x584B, 0x582C, 0x582E, 0x5810, 0x5832,
    0x5834, 0x5055, 0x5057, 0x4878, 0x4099, 0x40BA, 0x38DB, 0x38FC, 0x391C, 0x391D, 0x393D, 0x393E, 0x415E, 0x415E, 0x497F, 0x517F,
    0x48C0, 0x48C1, 0x48C1, 0x48C2, 0x48C3, 0x48C3, 0x40C4, 0x40E5, 0x4106, 0x40E7, 0x48C8, 0x58AA, 0x588C, 0x588D, 0x588F, 0x5891,
    0x50B3, 0x50B5, 0x48D6, 0x48F8, 0x40F9, 0x411A, 0x413B, 0x393C, 0x395C, 0x395D, 0x395D, 0x397E, 0x417E, 0x499E, 0x51BE, 0x51BF,
    0x4900, 0x4901, 0x4901, 0x4902, 0x48E3, 0x48E3, 0x48E4, 0x48E5, 0x4106, 0x4127, 0x4908, 0x58EA, 0x58CB, 0x58CD, 0x58EF, 0x58F1,
    0x58F3, 0x5114, 0x5116, 0x4937, 0x4959, 0x415A, 0x417B, 0x417B, 0x419C, 0x399D, 0x419D, 0x41BE, 0x49DE, 0x51FE, 0x51FE, 0x51FF,
    0x4920, 0x4921, 0x4921, 0x4922, 0x4923, 0x4923, 0x4924, 0x4925, 0x4926, 0x4147, 0x4948, 0x512A, 0x590B, 0x590D, 0x592E, 0x5930,
    0x5952, 0x5154, 0x5176, 0x5177, 0x4998, 0x4999, 0x41BA, 0x41BB, 0x41DC, 0x41DD, 0x49FD, 0x4A1D, 0x4A1E, 0x523E, 0x523E, 0x525F,
    0x4940, 0x4961, 0x4962, 0x4962, 0x4963, 0x4963, 0x4964, 0x4945, 0x4946, 0x4967, 0x4968, 0x5169, 0x594B, 0x594D, 0x596E, 0x5970,
    0x5992, 0x5994, 0x51B5, 0x51B7, 0x49D8, 0x49D9, 0x49FA, 0x49FB, 0x421C, 0x4A3C, 0x4A5D, 0x525D, 0x525D, 0x527E, 0x529E, 0x529E,
    0x4981, 0x4981, 0x49A2, 0x49A2, 0x49A3, 0x49A3, 0x4984, 0x4985, 0x4985, 0x4987, 0x49A8, 0x51A9, 0x59AB, 0x59AC, 0x59AE, 0x59B0,
    0x59D1, 0x59D3, 0x51F5, 0x51F6, 0x5218, 0x4A19, 0x4A3A, 0x4A5B, 0x4A7C, 0x4A7C, 0x529D, 0x52BD, 0x52BD, 0x52BE, 0x5ADE, 0x52DE,
    0x51E1, 0x51E1, 0x51E2, 0x51E2, 0x51E3, 0x51E4, 0x51E4, 0x51C5, 0x51C6, 0x51C6, 0x49C8, 0x51E9, 0x59EA, 0x59EC, 0x59EE, 0x5A0F,
    0x5A11, 0x5A33, 0x5235, 0x5256, 0x4A57, 0x4A79, 0x4A9A, 0x4A9A, 0x4ABB, 0x4ADC, 0x52DC, 0x52FD, 0x52FD, 0x531E, 0x5B1E, 0x5B3E,
    0x5221, 0x5221, 0x5222, 0x5243, 0x5243, 0x5244, 0x5244, 0x5245, 0x5226, 0x5227, 0x5208, 0x5229, 0x5A2A, 0x5A2C, 0x5A2D, 0x5A4F,
    0x5A51, 0x5273, 0x5294, 0x4A96, 0x4AB7, 0x4AB8, 0x4AD9, 0x4AFA, 0x4B1B, 0x4B3C, 0x533C, 0x535D, 0x535D, 0x535E, 0x5B7E, 0x5B7E,
    0x5261, 0x5262, 0x5282, 0x5A83, 0x5A83, 0x5AA4, 0x5AA5, 0x5AA5, 0x5A86, 0x5A87, 0x5268, 0x5269, 0x526A, 0x5A6B, 0x5A8D, 0x5A8F,
    0x52B1, 0x52B2, 0x4AD4, 0x4AD6, 0x42F7, 0x4318, 0x4B39, 0x4B5A, 0x4B7B, 0x4B9C, 0x539C, 0x53BD, 0x53BD, 0x5BDE, 0x5BDE, 0x5BDE,
    0x52A2, 0x52A2, 0x52A3, 0x52A3, 0x5AC4, 0x5AC4, 0x5AC5, 0x5AE6, 0x5AC7, 0x52C8, 0x52C8, 0x52C9, 0x52CA, 0x52CB, 0x52CD, 0x52CE,
    0x52F0, 0x5312, 0x4B34, 0x4B36, 0x4B57, 0x4B78, 0x4B99, 0x4BBA, 0x53DB, 0x53FB, 0x5C1C, 0x5C1D, 0x5C1D, 0x643D, 0x643E, 0x5C3E,
    0x4AE3, 0x4AE3, 0x5304, 0x5304, 0x5305, 0x5325, 0x5326, 0x5327, 0x5327, 0x5328, 0x5329, 0x530A, 0x530B, 0x5B0B, 0x530D, 0x532E,
    0x5350, 0x5372, 0x4B94, 0x4B95, 0x4BB6, 0x4BD8, 0x4BF9, 0x541A, 0x543A, 0x545B, 0x5C5C, 0x5C7C, 0x5C5D, 0x649D, 0x649E, 0x647E,
    0x4B43, 0x4B44, 0x4B44, 0x5365, 0x5365, 0x5366, 0x5387, 0x5387, 0x5388, 0x5389, 0x536A, 0x536A, 0x5B6B, 0x5B6C, 0x536D, 0x536E,
    0x5390, 0x53B1, 0x4BD3, 0x4BF5, 0x4C16, 0x4C37, 0x4C38, 0x5459, 0x547A, 0x5C9B, 0x5CBC, 0x64BC, 0x64DD, 0x64DD, 0x64DE, 0x6CDE,
    0x43A4, 0x43A4, 0x4BA5, 0x4BC5, 0x4BC6, 0x53C7, 0x53C7, 0x53E8, 0x53E9, 0x53C9, 0x53CA, 0x53CB, 0x5BCC, 0x5BAC, 0x5BAD, 0x53CE,
    0x53CF, 0x53F1, 0x4C13, 0x4C55, 0x4C56, 0x4C77, 0x5498, 0x54B9, 0x54BA, 0x5CDB, 0x5CDC, 0x5CFC, 0x5CFD, 0x651D, 0x651E, 0x651E,
    0x3C05, 0x4405, 0x4406, 0x4426, 0x4C27, 0x4C27, 0x4C28, 0x4C29, 0x4C29, 0x4C2A, 0x542B, 0x542C, 0x5C2D, 0x5C0D, 0x640E, 0x5C0E,
    0x540F, 0x5431, 0x4C52, 0x4C74, 0x4C96, 0x54B7, 0x54D8, 0x54F9, 0x54FA, 0x5D1B, 0x5D1B, 0x5D3C, 0x5D3D, 0x655D, 0x5D5D, 0x5D3E,
    0x3466, 0x3C66, 0x3C67, 0x3C87, 0x4488, 0x4488, 0x4489, 0x4C89, 0x4C8A, 0x4C8B, 0x548C, 0x548D, 0x5C8D, 0x646E, 0x646E, 0x646F,
    0x546F, 0x5471, 0x5492, 0x4CB4, 0x4CD5, 0x54F6, 0x5518, 0x5539, 0x5D5A, 0x5D5B, 0x657C, 0x657C, 0x5D7C, 0x659D, 0x5D7D, 0x5D7E,
    0x24C7, 0x2CC7, 0x2CC8, 0x34E8, 0x3CE8, 0x3CE9, 0x44EA, 0x44EA, 0x44EB, 0x4CEC, 0x54ED, 0x54ED, 0x5CEE, 0x64CF, 0x64CF, 0x6CD0,
    0x5CD0, 0x54D1, 0x54D2, 0x4CF4, 0x5515, 0x5536, 0x5538, 0x5559, 0x5D7A, 0x5D7B, 0x659B, 0x659C, 0x5D9C, 0x65BD, 0x5DBD, 0x5D9E,
    0x1528, 0x1528, 0x1D28, 0x2549, 0x2D49, 0x354A, 0x3D4B, 0x3D4B, 0x454C, 0x4D4D, 0x554E, 0x5D4E, 0x654F, 0x652F, 0x6D10, 0x6D10,
    0x6D11, 0x5D11, 0x5512, 0x5533, 0x5535, 0x5556, 0x5557, 0x5D98, 0x5D9A, 0x65BA, 0x65BB, 0x65BC, 0x5DBC, 0x65FD, 0x5DDD, 0x5DDE,
    0x0569, 0x0D69, 0x0D8A, 0x1D8A, 0x258B, 0x2DAB, 0x35AC, 0x3DAD, 0x45AD, 0x4D8E, 0x558F, 0x5D8F, 0x6590, 0x6D70, 0x6D51, 0x7551,
    0x7552, 0x6D52, 0x5D52, 0x5553, 0x5574, 0x5576, 0x5597, 0x5DB8, 0x5DD9, 0x65DA, 0x65DB, 0x65DB, 0x5DDC, 0x6E1D, 0x65FD, 0x5DFE,
    0x05CA, 0x05CA, 0x05CB, 0x15CB, 0x1DEC, 0x2DEC, 0x35ED, 0x45EE, 0x4DEE, 0x55EF, 0x5DF0, 0x65D0, 0x6DD1, 0x6DB1, 0x75B1, 0x75B2,
    0x7D92, 0x7593, 0x6DB3, 0x65B3, 0x55B4, 0x55B5, 0x55B6, 0x5DD8, 0x5DF9, 0x661A, 0x661B, 0x661B, 0x6E1C, 0x6E3D, 0x663D, 0x663E,
    0x060C, 0x060C, 0x0E0C, 0x1E2D, 0x262D, 0x362E, 0x3E4E, 0x462F, 0x4E2F, 0x5E30, 0x6631, 0x6E11, 0x75F2, 0x75F2, 0x75F2, 0x7DF2,
    0x7DF3, 0x85F3, 0x7DF4, 0x75F4, 0x65F4, 0x5DF5, 0x5DF6, 0x5E18, 0x6619, 0x663A, 0x663B, 0x6E3B, 0x6E5C, 0x6E5D, 0x6E5D, 0x6E5E,
    0x0E4D, 0x0E4D, 0x1E6E, 0x266E, 0x366E, 0x466F, 0x4E8F, 0x5670, 0x5E71, 0x6671, 0x6E51, 0x7652, 0x7E32, 0x7E33, 0x7E33, 0x8633,
    0x8634, 0x8634, 0x8E14, 0x7E35, 0x7635, 0x6635, 0x5E36, 0x5E37, 0x6658, 0x665A, 0x6E5A, 0x6E7B, 0x6E7C, 0x767D, 0x6E7D, 0x6E7E,
    0x1E8E, 0x268F, 0x2E8F, 0x3EAF, 0x46B0, 0x4EB0, 0x56B1, 0x5EB1, 0x66B1, 0x6E92, 0x7692, 0x7E73, 0x8673, 0x8674, 0x8674, 0x8674,
    0x8E74, 0x8E75, 0x8E55, 0x8E55, 0x8676, 0x7676, 0x6E76, 0x6677, 0x6678, 0x6E79, 0x6E9A, 0x6E9B, 0x6E9C, 0x76BC, 0x769D, 0x769D,
    0x36D0, 0x3ED0, 0x46D1, 0x56F1, 0x5EF1, 0x5EF1, 0x66F2, 0x6EF2, 0x6ED2, 0x76D3, 0x7EB3, 0x86B4, 0x8EB4, 0x8EB4, 0x8E95, 0x8E95,
    0x8E95, 0x9696, 0x9696, 0x9696, 0x8E96, 0x8696, 0x7EB7, 0x6EB7, 0x6EB8, 0x6EB9, 0x6EBA, 0x76BB, 0x6EBB, 0x76DC, 0x76DD, 0x76DD,
    0x56F2, 0x5F12, 0x5F12, 0x6712, 0x6F12, 0x6F13, 0x7713, 0x7713, 0x7EF3, 0x7EF3, 0x86F4, 0x8EF5, 0x96D5, 0x96D5, 0x96D5, 0x96D5,
    0x96D6, 0x9ED6, 0x9ED7, 0x9ED7, 0x9ED7, 0x96D7, 0x86D7, 0x7ED8, 0x76D8, 0x6ED9, 0x6EDA, 0x6EDB, 0x6EDB, 0x76FC, 0x7EFD, 0x7EFD,
    0x6F33, 0x6F33, 0x7734, 0x7734, 0x7754, 0x7F34, 0x7F34, 0x7F34, 0x8714, 0x8714, 0x8F15, 0x9715, 0x9716, 0x9F16, 0x9F16, 0x9EF6,
    0x9EF6, 0x9F17, 0xA717, 0xA718, 0xA718, 0x9F18, 0x9718, 0x8F18, 0x7F19, 0x7719, 0x771A, 0x771A, 0x771B, 0x7F1C, 0x873D, 0x873D,
    0x7F55, 0x7F55, 0x8775, 0x8775, 0x8775, 0x8755, 0x8754, 0x8735, 0x8F35, 0x8F35, 0x9736, 0x9F36, 0x9F37, 0xA737, 0xA737, 0xA737,
    0xA737, 0xA737, 0xA738, 0xAF38, 0xAF39, 0xAF39, 0xA739, 0x9F59, 0x8F59, 0x8759, 0x7F5A, 0x7F5A, 0x7F5B, 0x7F5C, 0x875D, 0x875D,
    0x8F76, 0x8F96, 0x9796, 0x8F96, 0x8F76, 0x8F75, 0x8F75, 0x9776, 0x9756, 0x9F56, 0x9F57, 0xA757, 0xA757, 0xA758, 0xA758, 0xA758,
    0xA758, 0xAF58, 0xAF58, 0xB759, 0xB759, 0xB77A, 0xAF7A, 0xA77A, 0x9F7A, 0x977A, 0x8F7A, 0x877A, 0x877B, 0x7F7C, 0x877D, 0x877D,
    0x9FB7, 0x9FB7, 0x9F97, 0x9796, 0x9796, 0x9796, 0x9F96, 0x9F97, 0x9F77, 0xA777, 0xA778, 0xAF78, 0xAF78, 0xAF78, 0xAF78, 0xAF78,
    0xAF78, 0xB779, 0xB779, 0xB779, 0xBF9A, 0xBF9A, 0xBF9A, 0xB79A, 0xAF9A, 0xA79A, 0x979B, 0x8F9B, 0x879B, 0x879C, 0x879D, 0x879D,
    0xAFB8, 0xA7B8, 0xA7B8, 0xA7B7, 0x9FB7, 0xA7B7, 0xA797, 0xA798, 0xAF98, 0xAF98, 0xAF98, 0xB799, 0xB799, 0xB799, 0xB799, 0xB799,
    0xB799, 0xB799, 0xBF9A, 0xBF9A, 0xBFBA, 0xC7BB, 0xC7BB, 0xBFBB, 0xB7BB, 0xAFBB, 0xA7BB, 0x9FBB, 0x97DB, 0x8FDC, 0x8FDD, 0x87DD,
    0x5040, 0x4841, 0x4821, 0x4822, 0x4803, 0x4824, 0x4045, 0x4085, 0x4066, 0x4827, 0x5809, 0x680C, 0x680D, 0x680E, 0x6810, 0x6812,
    0x6814, 0x6815, 0x6017, 0x6018, 0x5819, 0x501A, 0x501B, 0x481C, 0x483C, 0x407D, 0x409E, 0x40BE, 0x40DE, 0x40FF, 0x48FF, 0x491F,
    0x5060, 0x5061, 0x4861, 0x4842, 0x4823, 0x4844, 0x4065, 0x4085, 0x4086, 0x4867, 0x5809, 0x600C, 0x680D, 0x680E, 0x6810, 0x6812,
    0x6814, 0x6015, 0x6017, 0x5818, 0x5819, 0x501A, 0x501B, 0x483C, 0x487C, 0x40BD, 0x40DE, 0x40FE, 0x411E, 0x40FF, 0x491F, 0x513F,
    0x5080, 0x5081, 0x5081, 0x4882, 0x4863, 0x4863, 0x4884, 0x40A5, 0x40C6, 0x4887, 0x5049, 0x600B, 0x680D, 0x600E, 0x6810, 0x6812,
    0x6014, 0x6015, 0x6017, 0x5818, 0x5819, 0x503A, 0x507B, 0x489C, 0x40BC, 0x40DD, 0x40FE, 0x411E, 0x413E, 0x493F, 0x513F, 0x513F,
    0x50A0, 0x50A1, 0x50A1, 0x50A2, 0x50A3, 0x4883, 0x48A4, 0x48C5, 0x40E6, 0x48C7, 0x50A9, 0x604B, 0x680D, 0x600E, 0x6010, 0x6012,
    0x6013, 0x6035, 0x5856, 0x5858, 0x5079, 0x50BA, 0x48DB, 0x48FC, 0x411C, 0x411D, 0x413D, 0x415E, 0x415E, 0x495E, 0x517F, 0x517F,
    0x50E0, 0x50E1, 0x50E1, 0x50C2, 0x50C3, 0x50C3, 0x50C4, 0x48E5, 0x4106, 0x4907, 0x50E8, 0x58AA, 0x606C, 0x606D, 0x606F, 0x6071,
    0x6073, 0x6095, 0x58B6, 0x58D8, 0x50F9, 0x511A, 0x493B, 0x493C, 0x415C, 0x415D, 0x417D, 0x417E, 0x499E, 0x519E, 0x51BF, 0x59BF,
    0x5100, 0x5101, 0x5101, 0x5102, 0x5103, 0x5103, 0x50E4, 0x50E5, 0x4906, 0x4927, 0x4928, 0x590A, 0x60CC, 0x60CD, 0x60CF, 0x60D1,
    0x60F3, 0x60F4, 0x5916, 0x5937, 0x5159, 0x515A, 0x497B, 0x499B, 0x499C, 0x49BD, 0x41BD, 0x49BE, 0x51FE, 0x51FE, 0x59FF, 0x59FF,
    0x5120, 0x5121, 0x5121, 0x5122, 0x5123, 0x5123, 0x5124, 0x5125, 0x5126, 0x4947, 0x4948, 0x5949, 0x612B, 0x690D, 0x690E, 0x6930,
    0x6132, 0x6154, 0x6156, 0x5977, 0x5998, 0x5199, 0x51BA, 0x49DB, 0x49DC, 0x49FD, 0x521D, 0x4A1D, 0x523E, 0x5A3E, 0x5A3E, 0x5A3F,
    0x5161, 0x5161, 0x5162, 0x5162, 0x5163, 0x5163, 0x5164, 0x5165, 0x5146, 0x5167, 0x4988, 0x5169, 0x616B, 0x694D, 0x694E, 0x6970,
    0x6972, 0x6194, 0x61B5, 0x61B7, 0x59D8, 0x59D9, 0x51FA, 0x521B, 0x521C, 0x523C, 0x525D, 0x525D, 0x525E, 0x5A7E, 0x5A9E, 0x5A9E,
    0x5181, 0x5181, 0x51A2, 0x51A2, 0x51A3, 0x51A3, 0x51A4, 0x5985, 0x5985, 0x5187, 0x51A8, 0x51A9, 0x59AA, 0x698C, 0x698E, 0x69B0,
    0x69D1, 0x69D3, 0x61F5, 0x61F6, 0x5A18, 0x5A39, 0x5A3A, 0x525B, 0x5A7C, 0x5A9C, 0x5A9D, 0x5ABD, 0x5ABE, 0x5ABE, 0x62DE, 0x62DE,
    0x51E1, 0x51E1, 0x59E2, 0x59E2, 0x59E3, 0x59E4, 0x59E4, 0x59E5, 0x59C6, 0x59C6, 0x59C8, 0x51E9, 0x59EA, 0x61EC, 0x69EE, 0x69EF,
    0x6A11, 0x6A13, 0x6235, 0x6256, 0x5A57, 0x5A79, 0x5A9A, 0x5ABA, 0x5ABB, 0x5ADC, 0x5ADC, 0x5AFD, 0x5AFD, 0x5B1E, 0x631E, 0x631E,
    0x5A21, 0x5A21, 0x5A22, 0x5A43, 0x5A43, 0x5A44, 0x5A44, 0x5A25, 0x5A26, 0x5A07, 0x5A07, 0x5A29, 0x5A2A, 0x622C, 0x6A2D, 0x6A4F,
    0x6A51, 0x6273, 0x6274, 0x6296, 0x5AB7, 0x5AB8, 0x5AD9, 0x5AFA, 0x5B1B, 0x5B3C, 0x5B3C, 0x5B5D, 0x5B5D, 0x635E, 0x637E, 0x637E,
    0x5A81, 0x6281, 0x6282, 0x6283, 0x62A3, 0x62A4, 0x62A5, 0x62A5, 0x6286, 0x5A67, 0x5A68, 0x5A69, 0x5A6A, 0x626B, 0x6A6D, 0x6A8F,
    0x6291, 0x62B2, 0x62D4, 0x5AD6, 0x5AF7, 0x5B18, 0x5B39, 0x5B5A, 0x5B7B, 0x5B7C, 0x639C, 0x63BD, 0x63BD, 0x6BDE, 0x63DE, 0x63DE,
    0x62C1, 0x62C2, 0x62C2, 0x62C3, 0x62E4, 0x62E4, 0x62E5, 0x6B06, 0x62E6, 0x62E7, 0x62C8, 0x62C9, 0x62AA, 0x62AB, 0x62CD, 0x62CE,
    0x62F0, 0x62F2, 0x5B14, 0x5B35, 0x5B56, 0x5B77, 0x5B99, 0x5BBA, 0x5BDB, 0x5BDB, 0x63FC, 0x63FD, 0x63FD, 0x6C3E, 0x641E, 0x641E,
    0x5B02, 0x5B02, 0x6303, 0x6304, 0x6324, 0x6325, 0x6345, 0x6346, 0x6347, 0x6328, 0x6329, 0x6329, 0x630A, 0x630B, 0x630D, 0x632E,
    0x6330, 0x5B52, 0x5B73, 0x5B95, 0x5BB6, 0x5BD7, 0x5BF8, 0x5C1A, 0x643A, 0x643B, 0x645C, 0x645C, 0x645D, 0x6C9D, 0x6C7E, 0x6C7E,
    0x5B43, 0x5B63, 0x5B64, 0x5B64, 0x6365, 0x6385, 0x6386, 0x6387, 0x6388, 0x6388, 0x6389, 0x636A, 0x636B, 0x636C, 0x636D, 0x636E,
    0x6390, 0x5BB1, 0x5BD3, 0x5BF5, 0x5C16, 0x5C37, 0x5C38, 0x6459, 0x647A, 0x649B, 0x6CBC, 0x6CBC, 0x6CDD, 0x74DD, 0x74DE, 0x74DE,
    0x53A4, 0x53C4, 0x5BC4, 0x5BC5, 0x5BC6, 0x5BE6, 0x63E7, 0x63E8, 0x5BE8, 0x5BE9, 0x5BEA, 0x5BCB, 0x63CC, 0x63CD, 0x63AD, 0x63AE,
    0x63CF, 0x5BF1, 0x5C13, 0x5C34, 0x5C56, 0x5C77, 0x6498, 0x64B9, 0x64BA, 0x64DB, 0x6CFC, 0x6CFC, 0x6D1D, 0x751D, 0x751E, 0x751E,
    0x5405, 0x5405, 0x5425, 0x5426, 0x5C26, 0x5C47, 0x5C48, 0x5C48, 0x5C49, 0x5C4A, 0x5C4B, 0x5C2C, 0x642C, 0x642D, 0x6C0E, 0x640E,
    0x640F, 0x5C31, 0x5C52, 0x5C74, 0x5C95, 0x5CB7, 0x64D8, 0x64F9, 0x64FA, 0x6D1B, 0x6D3C, 0x6D3C, 0x6D3D, 0x6D5D, 0x6D5D, 0x6D5E,
    0x4C65, 0x4C66, 0x4C86, 0x5487, 0x5487, 0x54A8, 0x5CA8, 0x5CA9, 0x5CAA, 0x5CAB, 0x5C8C, 0x5C8C, 0x648D, 0x648E, 0x6C6F, 0x6C6F,
    0x6470, 0x5C71, 0x5C92, 0x5CB4, 0x5CD5, 0x5CF6, 0x6518, 0x6539, 0x6D5A, 0x6D5B, 0x6D7C, 0x6D7C, 0x6D7C, 0x759D, 0x6D7D, 0x6D7E,
    0x44C6, 0x44C7, 0x44C7, 0x4CE8, 0x4CE8, 0x4D09, 0x5509, 0x550A, 0x550B, 0x5D0C, 0x5CED, 0x5CED, 0x64EE, 0x6CEF, 0x6CCF, 0x74D0,
    0x6CD0, 0x64D1, 0x5CD2, 0x5CF3, 0x5D15, 0x6536, 0x6538, 0x6559, 0x6D7A, 0x6D9B, 0x6D9B, 0x6D9C, 0x6D9C, 0x75BD, 0x6DBD, 0x65BE,
    0x3528, 0x3528, 0x3D28, 0x4549, 0x4549, 0x454A, 0x4D4A, 0x4D4B, 0x554C, 0x554D, 0x5D4D, 0x654E, 0x654F, 0x6D30, 0x7530, 0x7511,
    0x7511, 0x6D11, 0x6512, 0x5D33, 0x5D35, 0x6556, 0x6557, 0x6598, 0x6D99, 0x6DBA, 0x6DBB, 0x6DBC, 0x6DDC, 0x75FD, 0x6DDD, 0x65DE,
    0x2569, 0x2D69, 0x2D89, 0x358A, 0x3D8A, 0x45AB, 0x45AC, 0x4DAC, 0x55AD, 0x5DAE, 0x5D8E, 0x658F, 0x6D90, 0x7571, 0x7571, 0x7D71,
    0x7D52, 0x7552, 0x6D72, 0x6573, 0x6574, 0x6576, 0x5D97, 0x6DB8, 0x65B9, 0x6DDA, 0x6DFB, 0x6DFB, 0x6DFC, 0x761D, 0x6E1D, 0x6E1E,
    0x15CA, 0x1DCA, 0x25CB, 0x2DEB, 0x3DEC, 0x45EC, 0x45ED, 0x4DED, 0x55EE, 0x5DEF, 0x65EF, 0x6DD0, 0x75D1, 0x75D1, 0x7DB2, 0x7DB2,
    0x85B3, 0x85B3, 0x7DB3, 0x6DB4, 0x65B4, 0x65B6, 0x65B7, 0x6DD8, 0x6DF9, 0x6DFA, 0x761B, 0x761B, 0x763C, 0x763D, 0x6E3D, 0x6E3E,
    0x160B, 0x160C, 0x260C, 0x2E2C, 0x3E2D, 0x462D, 0x4E4E, 0x564F, 0x5E2F, 0x6630, 0x6E30, 0x6E11, 0x7E12, 0x7E12, 0x85F3, 0x85F3,
    0x85F3, 0x8DF4, 0x85F4, 0x7DF4, 0x6DF5, 0x6DF5, 0x6DF6, 0x6E18, 0x6E19, 0x6E3A, 0x763B, 0x765B, 0x765C, 0x765D, 0x765D, 0x765E,
    0x1E4D, 0x1E4D, 0x2E6D, 0x366E, 0x466E, 0x4E6F, 0x568F, 0x5E90, 0x6670, 0x6E71, 0x6E51, 0x7E52, 0x7E52, 0x8653, 0x8E33, 0x8E34,
    0x8E34, 0x8E34, 0x8E35, 0x8E35, 0x7E35, 0x7636, 0x6E36, 0x6E37, 0x6E59, 0x765A, 0x767A, 0x767B, 0x767C, 0x7E9D, 0x767D, 0x767E,
    0x268E, 0x2E8E, 0x3E8F, 0x46AF, 0x4EB0, 0x56B0, 0x5EB1, 0x66B1, 0x6EB1, 0x7692, 0x7E92, 0x7E93, 0x8693, 0x8E74, 0x8E74, 0x8E74,
    0x8E75, 0x9675, 0x9675, 0x9656, 0x8E76, 0x8676, 0x7676, 0x7677, 0x7678, 0x7699, 0x7E9A, 0x7E9B, 0x7E9C, 0x7EBC, 0x7EBD, 0x7EBE,
    0x3ED0, 0x46D0, 0x4ED0, 0x56D1, 0x5EF1, 0x66F1, 0x6EF2, 0x6EF2, 0x76D2, 0x7ED3, 0x86D3, 0x86B4, 0x8EB4, 0x96B5, 0x96B5, 0x96B5,
    0x9695, 0x9696, 0x9E96, 0x9E96, 0x9E97, 0x8E97, 0x86B7, 0x7EB7, 0x76B8, 0x76B9, 0x7EBA, 0x7EBB, 0x7EBB, 0x7EDC, 0x7EDD, 0x86DE,
    0x56F1, 0x5711, 0x5F12, 0x6712, 0x6F12, 0x7713, 0x7713, 0x7F13, 0x7EF3, 0x86F4, 0x86F4, 0x8EF5, 0x96F5, 0x96F5, 0x9ED6, 0x9ED6,
    0x9ED6, 0x9ED6, 0x9ED7, 0xA6D7, 0xA6D7, 0x9ED7, 0x96D7, 0x86D8, 0x7ED8, 0x76D9, 0x7EDA, 0x7EDB, 0x7EFB, 0x86FC, 0x86FD, 0x86FD,
    0x6733, 0x6F33, 0x6F33, 0x7733, 0x7F54, 0x7F34, 0x7F34, 0x8734, 0x8714, 0x8F14, 0x8F15, 0x9715, 0x9F16, 0x9F16, 0xA716, 0xA717,
    0xA6F7, 0xA6F7, 0xA717, 0xAF18, 0xAF18, 0xA718, 0x9F18, 0x9718, 0x8F19, 0x8719, 0x7F1A, 0x7F1A, 0x871B, 0x873C, 0x8F3D, 0x8F3D,
    0x7F54, 0x7F54, 0x7F55, 0x8775, 0x8755, 0x8754, 0x8754, 0x8F55, 0x8F55, 0x9755, 0x9736, 0x9F36, 0xA736, 0xA737, 0xA737, 0xA737,
    0xA737, 0xA738, 0xAF38, 0xAF38, 0xB739, 0xB739, 0xAF39, 0xA739, 0x9F59, 0x8F5A, 0x875A, 0x875B, 0x875B, 0x875C, 0x8F5D, 0x8F5D,
    0x8F76, 0x8F96, 0x8F96, 0x8F76, 0x8F75, 0x8F75, 0x9775, 0x9776, 0x9776, 0x9F76, 0x9F76, 0xA757, 0xA757, 0xAF58, 0xAF58, 0xAF58,
    0xAF58, 0xAF58, 0xB759, 0xB759, 0xB759, 0xB75A, 0xB77A, 0xAF7A, 0xA77A, 0x9F7A, 0x977A, 0x8F7B, 0x8F7B, 0x877C, 0x8F7D, 0x8F7D,
    0x9F97, 0x9FB7, 0x9F97, 0x9796, 0x9796, 0x9796, 0x9F96, 0x9F96, 0xA797, 0xA797, 0xA777, 0xAF78, 0xAF78, 0xB778, 0xB779, 0xB779,
    0xB779, 0xB779, 0xB779, 0xBF79, 0xBF9A, 0xBF9A, 0xBF9A, 0xBF9A, 0xB79A, 0xAF9A, 0x9F9B, 0x979B, 0x8F9B, 0x8F9C, 0x8F9D, 0x8F9D,
    0xA7B8, 0xA7B8, 0xA7B7, 0x9FB7, 0xA7B7, 0xA7B7, 0xA7B7, 0xA7B7, 0xAF98, 0xAF98, 0xAF98, 0xB799, 0xB799, 0xBF99, 0xBF99, 0xBF99,
    0xBF99, 0xBF99, 0xBF9A, 0xBF9A, 0xC7BA, 0xC7BB, 0xC7BB, 0xC7BB, 0xBFBB, 0xB7BB, 0xAFBB, 0xA7BB, 0x9FDB, 0x97DC, 0x8FDD, 0x8FDD,
    0x5840, 0x5041, 0x5041, 0x5022, 0x5003, 0x5004, 0x5045, 0x4866, 0x4886, 0x5067, 0x5809, 0x680B, 0x700D, 0x780F, 0x7010, 0x7012,
    0x7014, 0x7015, 0x7017, 0x6818, 0x6819, 0x601A, 0x601B, 0x581C, 0x581C, 0x505D, 0x509E, 0x48BE, 0x48DE, 0x50FF, 0x50FF, 0x511F,
    0x5860, 0x5861, 0x5061, 0x5042, 0x5043, 0x5024, 0x5065, 0x4886, 0x48A6, 0x4887, 0x5049, 0x680B, 0x700D, 0x700F, 0x7010, 0x7012,
    0x7014, 0x7015, 0x7017, 0x6818, 0x6819, 0x601A, 0x601B, 0x581C, 0x585C, 0x509D, 0x50DE, 0x48DE, 0x491E, 0x511F, 0x511F, 0x513F,
    0x58A0, 0x5881, 0x5881, 0x5882, 0x5083, 0x5063, 0x5084, 0x48A6, 0x48C6, 0x48C7, 0x5089, 0x600B, 0x700D, 0x700F, 0x7010, 0x7012,
    0x7014, 0x7015, 0x6817, 0x6818, 0x6819, 0x601A, 0x603B, 0x587C, 0x58BC, 0x50DD, 0x50FE, 0x491E, 0x493E, 0x513F, 0x513F, 0x595F,
    0x58C0, 0x58C1, 0x58C1, 0x58A2, 0x58A3, 0x58A3, 0x5084, 0x50C5, 0x48E6, 0x48E7, 0x50C8, 0x608A, 0x680D, 0x700E, 0x7010, 0x7011,
    0x7013, 0x7015, 0x6816, 0x6838, 0x6059, 0x609A, 0x58BB, 0x58FC, 0x50FC, 0x511D, 0x513D, 0x495E, 0x495E, 0x517F, 0x597F, 0x597F,
    0x58E0, 0x58E1, 0x58E1, 0x58E2, 0x58E3, 0x58C3, 0x58C4, 0x50C5, 0x5106, 0x4907, 0x5108, 0x58EA, 0x688C, 0x704E, 0x702F, 0x7051,
    0x7053, 0x6875, 0x6896, 0x68B7, 0x60D9, 0x60FA, 0x591B, 0x593B, 0x515C, 0x517D, 0x517D, 0x499E, 0x499E, 0x519E, 0x59BF, 0x59BF,
    0x5900, 0x5901, 0x5901, 0x5902, 0x5903, 0x5903, 0x5904, 0x58E5, 0x5106, 0x5127, 0x5128, 0x592A, 0x68EC, 0x70CE, 0x70AF, 0x70B1,
    0x70D3, 0x68F4, 0x68F6, 0x6917, 0x6138, 0x615A, 0x597A, 0x599B, 0x51BC, 0x51BD, 0x51DD, 0x51DE, 0x51FE, 0x51FE, 0x59FF, 0x59FF,
    0x5920, 0x5921, 0x5942, 0x5942, 0x5943, 0x5923, 0x5924, 0x5925, 0x5926, 0x5147, 0x5168, 0x5949, 0x614B, 0x710D, 0x710F, 0x7110,
    0x7132, 0x7134, 0x6956, 0x6977, 0x6198, 0x61B9, 0x59BA, 0x59DB, 0x59FC, 0x521D, 0x521D, 0x521E, 0x5A3E, 0x5A3E, 0x5A3E, 0x623F,
    0x5961, 0x5961, 0x5962, 0x5962, 0x5963, 0x5963, 0x5964, 0x5965, 0x5946, 0x5967, 0x5188, 0x5989, 0x618B, 0x716D, 0x714E, 0x7150,
    0x7172, 0x7193, 0x6995, 0x69B6, 0x69D8, 0x61F9, 0x61FA, 0x5A1B, 0x5A3C, 0x5A5C, 0x5A5D, 0x5A5D, 0x5A7E, 0x5A7E, 0x627E, 0x627F,
    0x5981, 0x59A1, 0x59A2, 0x59A2, 0x59A3, 0x61A3, 0x61A4, 0x61A5, 0x6186, 0x6186, 0x59A8, 0x59C9, 0x61AA, 0x69AC, 0x718E, 0x7190,
    0x71B1, 0x71D3, 0x71F5, 0x69F6, 0x6A18, 0x6A39, 0x623A, 0x625B, 0x627B, 0x629C, 0x629D, 0x62BD, 0x62BE, 0x62BE, 0x62DE, 0x62DF,
    0x59C1, 0x59C1, 0x59E2, 0x61E3, 0x61E3, 0x61E4, 0x61E4, 0x61E5, 0x61C6, 0x61C6, 0x61C7, 0x59E9, 0x59EA, 0x69EC, 0x71EE, 0x71EF,
    0x71F1, 0x7213, 0x7234, 0x7236, 0x6A57, 0x6A78, 0x6A9A, 0x6ABA, 0x6ABB, 0x62DC, 0x62DC, 0x62FD, 0x62FD, 0x631E, 0x6B1E, 0x6B1E,
    0x6221, 0x6221, 0x6222, 0x6223, 0x6243, 0x6244, 0x6224, 0x6225, 0x6226, 0x6207, 0x6207, 0x6208, 0x5A2A, 0x622B, 0x722D, 0x722F,
    0x7251, 0x7253, 0x7274, 0x7296, 0x6AB7, 0x6AB8, 0x6AD9, 0x6AFA, 0x6B1B, 0x6B3C, 0x6B3C, 0x6B3D, 0x6B5D, 0x6B5E, 0x6B7E, 0x6B7E,
    0x6281, 0x6A82, 0x6A82, 0x6A83, 0x6A83, 0x6AA4, 0x6AA4, 0x6A85, 0x6A86, 0x6267, 0x6268, 0x6268, 0x626A, 0x626B, 0x6A6D, 0x726F,
    0x7291, 0x72B2, 0x72B4, 0x6AD5, 0x6AF7, 0x6B18, 0x6B39, 0x6B5A, 0x6B7B, 0x6B7B, 0x6B9C, 0x6B9D, 0x6BBD, 0x73DE, 0x6BBE, 0x6BBE,
    0x6AC1, 0x6AC1, 0x6AE2, 0x6AE3, 0x6AE4, 0x6AE4, 0x7305, 0x72E5, 0x6AE6, 0x6AC7, 0x6AC8, 0x6AA9, 0x6AAA, 0x62AB, 0x6ACD, 0x72CE,
    0x72D0, 0x72F2, 0x6B14, 0x6B15, 0x6B36, 0x6B57, 0x6B79, 0x6B9A, 0x6BBA, 0x6BDB, 0x6BFC, 0x6BFD, 0x6BFD, 0x741E, 0x6C1E, 0x6C1E,
    0x6B21, 0x6B22, 0x6B23, 0x7323, 0x7344, 0x7344, 0x7345, 0x7366, 0x7367, 0x7348, 0x7348, 0x6B29, 0x6B0A, 0x6B0B, 0x6B0C, 0x6B0E,
    0x7330, 0x6B51, 0x6B53, 0x6B75, 0x6B96, 0x6BB7, 0x6BD8, 0x6BF9, 0x6C1A, 0x6C3B, 0x6C3C, 0x6C3C, 0x6C5D, 0x747D, 0x745E, 0x6C5E,
    0x6B62, 0x6B63, 0x6B63, 0x6B84, 0x6B84, 0x7385, 0x73A6, 0x73A6, 0x73A7, 0x73A8, 0x6B89, 0x6B8A, 0x6B8B, 0x6B6C, 0x6B6D, 0x6B6E,
    0x6B6F, 0x6B91, 0x6BB3, 0x6BD4, 0x6BF6, 0x6C17, 0x6C38, 0x6C59, 0x6C7A, 0x749B, 0x74BC, 0x74BC, 0x74DD, 0x7CDD, 0x7CDE, 0x7CDE,
    0x63C3, 0x63C4, 0x6BC4, 0x6BC5, 0x6BE5, 0x6BE6, 0x6BE7, 0x6BE7, 0x6C08, 0x6BE9, 0x6BEA, 0x6BEB, 0x6BCC, 0x6BCC, 0x6BCD, 0x6BAE,
    0x6BCF, 0x6BF1, 0x6C12, 0x6C34, 0x6C56, 0x6C77, 0x6C98, 0x6CB9, 0x74BA, 0x74DB, 0x74FC, 0x74FC, 0x7D1D, 0x7D1D, 0x7D1E, 0x7D1E,
    0x6424, 0x6424, 0x6425, 0x6425, 0x6C46, 0x6C47, 0x6C47, 0x6C48, 0x6C49, 0x6C4A, 0x6C4B, 0x6C4B, 0x6C2C, 0x6C2D, 0x6C2E, 0x740E,
    0x6C0F, 0x6C31, 0x6C52, 0x6C74, 0x6C95, 0x6CB7, 0x6CD8, 0x74F9, 0x74FA, 0x751B, 0x7D3C, 0x7D3C, 0x7D5D, 0x7D5D, 0x7D5D, 0x7D5E,
    0x5C65, 0x5C85, 0x5C86, 0x6486, 0x64A7, 0x64A7, 0x6CA8, 0x6CA9, 0x6CAA, 0x6CAA, 0x6CAB, 0x6CAC, 0x6C8D, 0x6C8E, 0x748F, 0x746F,
    0x7470, 0x6C71, 0x6C92, 0x6CB4, 0x6CD5, 0x6CF6, 0x6D18, 0x7539, 0x755A, 0x755B, 0x7D7B, 0x7D7C, 0x757C, 0x7D9D, 0x7D7D, 0x757E,
    0x54C6, 0x54E6, 0x5CE7, 0x5CE7, 0x5CE8, 0x6508, 0x6509, 0x650A, 0x650B, 0x650B, 0x6D0C, 0x6D0D, 0x6CEE, 0x6CEF, 0x74D0, 0x74D0,
    0x7CB1, 0x74D1, 0x6CD2, 0x6CF3, 0x6D15, 0x6D36, 0x6D58, 0x7559, 0x757A, 0x7D9A, 0x7D9B, 0x7D9C, 0x759C, 0x7DBD, 0x75BD, 0x75BE,
    0x4D27, 0x4D27, 0x5548, 0x5548, 0x5549, 0x5D49, 0x5D6A, 0x656B, 0x656C, 0x654C, 0x6D4D, 0x6D4E, 0x6D4F, 0x7550, 0x7D31, 0x7D31,
    0x7D11, 0x7D12, 0x6D12, 0x6D33, 0x6D35, 0x6D56, 0x6D57, 0x7598, 0x7599, 0x7DBA, 0x7DBB, 0x75BC, 0x75DC, 0x7DFD, 0x75DD, 0x75DE,
    0x4588, 0x4589, 0x4589, 0x4D89, 0x55AA, 0x55AA, 0x5DAB, 0x5DAC, 0x65AD, 0x65AD, 0x6DAE, 0x6DAF, 0x7590, 0x7591, 0x7D71, 0x7D72,
    0x8572, 0x8572, 0x7D73, 0x6D73, 0x6D74, 0x6D76, 0x6D97, 0x75B8, 0x75B9, 0x75DA, 0x7DFB, 0x7DFB, 0x7DFC, 0x7E1D, 0x761D, 0x761E,
    0x3DCA, 0x3DCA, 0x45CA, 0x45EB, 0x4DEB, 0x55EC, 0x560C, 0x5E0D, 0x65EE, 0x65EF, 0x6DEF, 0x75D0, 0x75D1, 0x7DD1, 0x85D2, 0x85B2,
    0x85B3, 0x8DB3, 0x85B4, 0x7DB4, 0x75B4, 0x6DB6, 0x6DB7, 0x75F8, 0x75F9, 0x7E1A, 0x7E1B, 0x7E3B, 0x863C, 0x7E3D, 0x7E3D, 0x7E3E,
    0x360B, 0x3E0B, 0x3E2C, 0x462C, 0x4E2D, 0x562D, 0x5E4E, 0x5E4E, 0x664F, 0x6E30, 0x6E30, 0x7611, 0x7E12, 0x8612, 0x8E13, 0x8E13,
    0x8DF4, 0x8DF4, 0x8DF4, 0x85F5, 0x7DF5, 0x75F6, 0x75F7, 0x7618, 0x7E19, 0x7E3A, 0x7E3A, 0x7E5B, 0x865C, 0x865D, 0x7E5D, 0x7E7E,
    0x364C, 0x3E6D, 0x466D, 0x466D, 0x4E6E, 0x566F, 0x5E8F, 0x6690, 0x6E90, 0x7671, 0x7651, 0x7E52, 0x8653, 0x8E53, 0x8E54, 0x8E54,
    0x8E34, 0x9635, 0x9635, 0x9635, 0x8E36, 0x7E36, 0x7E36, 0x7E37, 0x7E59, 0x7E5A, 0x7E7A, 0x867B, 0x867C, 0x869D, 0x869D, 0x869E,
    0x3E8E, 0x468E, 0x46AF, 0x4EAF, 0x56AF, 0x5EB0, 0x66B0, 0x6EB1, 0x76B1, 0x7692, 0x7E92, 0x8693, 0x8E93, 0x8E94, 0x9675, 0x9675,
    0x9675, 0x9675, 0x9E76, 0x9E76, 0x9676, 0x8E76, 0x8677, 0x7E77, 0x7E78, 0x7E99, 0x869A, 0x869B, 0x869C, 0x8EBC, 0x86BD, 0x86BE,
    0x4ED0, 0x4ED0, 0x56D0, 0x5ED0, 0x66F1, 0x6EF1, 0x6EF2, 0x76F2, 0x7ED2, 0x7ED3, 0x86D3, 0x8ED4, 0x8EB4, 0x96B5, 0x9EB5, 0x9EB6,
    0x9EB6, 0x9E96, 0x9E96, 0xA696, 0xA697, 0x9E97, 0x8EB7, 0x86B7, 0x7E98, 0x7EB9, 0x86BA, 0x86BB, 0x86BC, 0x8EDC, 0x8EDD, 0x8EDE,
    0x5F11, 0x5F11, 0x6711, 0x6F12, 0x6F12, 0x7713, 0x7F13, 0x7F13, 0x86F3, 0x86F4, 0x8EF4, 0x96F5, 0x96F5, 0x9EF5, 0x9EF6, 0xA6D6,
    0xA6D6, 0xA6D6, 0xA6D7, 0xA6D7, 0xAED7, 0xA6D8, 0x9ED8, 0x96D8, 0x86D8, 0x86D9, 0x86DA, 0x86DB, 0x86FB, 0x8EFC, 0x8EFD, 0x8F1E,
    0x6F32, 0x6F33, 0x7733, 0x7733, 0x7F33, 0x7F33, 0x8734, 0x8734, 0x8F34, 0x8F35, 0x9735, 0x9715, 0x9F16, 0x9F16, 0xA716, 0xA717,
    0xAF17, 0xA6F7, 0xAF17, 0xAF18, 0xAF18, 0xAF18, 0xA718, 0x9F19, 0x9719, 0x8F19, 0x8F1A, 0x871B, 0x8F1B, 0x8F3C, 0x973D, 0x973D,
    0x7F54, 0x7F54, 0x7F54, 0x8774, 0x8754, 0x8754, 0x8F54, 0x8F55, 0x9755, 0x9755, 0x9F56, 0x9F56, 0xA736, 0xA737, 0xAF37, 0xAF38,
    0xAF38, 0xAF38, 0xAF38, 0xB738, 0xB739, 0xB739, 0xB739, 0xAF39, 0xA759, 0x975A, 0x975A, 0x8F5B, 0x8F5B, 0x8F5C, 0x975D, 0x975D,
    0x8F75, 0x8F95, 0x8F96, 0x8F75, 0x8F75, 0x9775, 0x9775, 0x9776, 0x9F76, 0x9F76, 0xA776, 0xA777, 0xAF77, 0xAF58, 0xB758, 0xB758,
    0xB758, 0xB758, 0xB759, 0xB759, 0xBF59, 0xBF5A, 0xBF7A, 0xB77A, 0xAF7A, 0xA77A, 0x9F7A, 0x977B, 0x977B, 0x8F7C, 0x977D, 0x977D,
    0x9797, 0x9FB7, 0x9796, 0x9796, 0x9F96, 0x9F96, 0x9F96, 0xA796, 0xA797, 0xA797, 0xAF97, 0xAF98, 0xAF98, 0xB778, 0xB779, 0xBF79,
    0xBF79, 0xBF79, 0xBF79, 0xBF7A, 0xBF9A, 0xC79A, 0xC79A, 0xBF9B, 0xB79B, 0xB79B, 0xA79B, 0x9F9B, 0x979B, 0x979C, 0x979D, 0x979D,
    0xA7B8, 0xA7B7, 0x9FB7, 0xA7B7, 0xA7B7, 0xA7B7, 0xA7B7, 0xAFB7, 0xAFB8, 0xAFB8, 0xB798, 0xB798, 0xB799, 0xBF99, 0xBF99, 0xBF9A,
    0xBF9A, 0xBF9A, 0xBF9A, 0xC79A, 0xC79A, 0xC7BB, 0xC7BB, 0xC7BB, 0xC7BB, 0xBFBB, 0xB7BB, 0xAFBB, 0x9FBB, 0x9FDC, 0x97DD, 0x97DD,
    0x6060, 0x5841, 0x5841, 0x5822, 0x5803, 0x5804, 0x5825, 0x5066, 0x50A7, 0x5088, 0x5849, 0x600B, 0x780D, 0x800F, 0x8011, 0x8012,
    0x8013, 0x8015, 0x7816, 0x7818, 0x7819, 0x701A, 0x701B, 0x681C, 0x681C, 0x603D, 0x607E, 0x58BE, 0x58DE, 0x58FF, 0x58FF, 0x593F,
    0x6080, 0x6081, 0x6061, 0x5862, 0x5843, 0x5823, 0x5845, 0x5086, 0x50A7, 0x50A8, 0x5889, 0x602A, 0x780D, 0x800F, 0x8011, 0x8012,
    0x8013, 0x8015, 0x7816, 0x7818, 0x7819, 0x701A, 0x701B, 0x681C, 0x683C, 0x607D, 0x60BE, 0x58DE, 0x58FE, 0x591F, 0x591F, 0x593F,
    0x60A0, 0x60A1, 0x60A1, 0x6082, 0x6083, 0x6063, 0x5864, 0x5886, 0x50C7, 0x50C8, 0x58A9, 0x606A, 0x700D, 0x800F, 0x8011, 0x8012,
    0x7813, 0x7815, 0x7816, 0x7818, 0x7019, 0x701A, 0x701B, 0x685C, 0x689C, 0x60BD, 0x60FD, 0x591E, 0x593E, 0x593F, 0x593F, 0x595F,
    0x60C0, 0x60C1, 0x60C1, 0x60C2, 0x60A3, 0x60A3, 0x6084, 0x58A5, 0x50E7, 0x5108, 0x58E8, 0x60AA, 0x704D, 0x780F, 0x8010, 0x7811,
    0x7813, 0x7815, 0x7816, 0x7818, 0x7039, 0x705A, 0x689B, 0x68DB, 0x60FC, 0x611D, 0x593D, 0x595E, 0x595E, 0x597F, 0x597F, 0x597F,
    0x60E0, 0x60E1, 0x60E1, 0x60E2, 0x60E3, 0x60E3, 0x60C4, 0x60C5, 0x58E6, 0x5127, 0x5928, 0x610A, 0x68CC, 0x784E, 0x8010, 0x7831,
    0x7833, 0x7855, 0x7876, 0x7097, 0x70B9, 0x70DA, 0x691B, 0x693B, 0x615C, 0x615D, 0x597D, 0x599E, 0x599E, 0x59BF, 0x59BF, 0x59BF,
    0x6100, 0x6101, 0x6102, 0x6102, 0x6103, 0x6103, 0x6104, 0x60E5, 0x6106, 0x5927, 0x5148, 0x5949, 0x690B, 0x78CE, 0x8090, 0x7891,
    0x78B2, 0x78B4, 0x78D6, 0x70F7, 0x7138, 0x695A, 0x697A, 0x699B, 0x61BC, 0x61DD, 0x59DD, 0x59DE, 0x59FE, 0x59FF, 0x61FF, 0x61FF,
    0x6140, 0x6141, 0x6142, 0x6142, 0x6143, 0x6143, 0x6124, 0x6125, 0x6126, 0x6147, 0x5968, 0x5969, 0x614B, 0x712D, 0x790F, 0x78F0,
    0x7912, 0x7934, 0x7935, 0x7157, 0x7178, 0x6999, 0x69BA, 0x69DB, 0x61FC, 0x621D, 0x5A1D, 0x5A1E, 0x5A3E, 0x5A3E, 0x623F, 0x623F,
    0x6161, 0x6161, 0x6162, 0x6162, 0x6963, 0x6963, 0x6964, 0x6965, 0x6946, 0x6167, 0x5988, 0x5989, 0x618A, 0x718C, 0x796F, 0x8150,
    0x8152, 0x7973, 0x7995, 0x79B6, 0x71D8, 0x71F9, 0x6A1A, 0x6A1B, 0x6A3C, 0x625C, 0x625D, 0x625D, 0x627E, 0x627E, 0x627E, 0x627F,
    0x61A1, 0x61A1, 0x61A2, 0x69A2, 0x69A3, 0x69A4, 0x69A4, 0x69A5, 0x6986, 0x6986, 0x61A8, 0x61C9, 0x61CA, 0x69CC, 0x79AE, 0x8190,
    0x81B1, 0x81B3, 0x79D5, 0x79F6, 0x7A17, 0x7239, 0x725A, 0x6A7B, 0x6A9B, 0x6A9C, 0x6ABD, 0x6ABD, 0x62BE, 0x6ABE, 0x6ABE, 0x6ABF,
    0x61C1, 0x61C1, 0x69E2, 0x69E3, 0x69E3, 0x69E4, 0x69E4, 0x69E5, 0x69E6, 0x69C6, 0x69C7, 0x61E9, 0x620A, 0x69EB, 0x79ED, 0x81EF,
    0x81F1, 0x8213, 0x8214, 0x7A36, 0x7A57, 0x7A78, 0x729A, 0x72BA, 0x72DB, 0x6ADC, 0x6AFD, 0x6AFD, 0x6AFE, 0x6B1E, 0x6B1E, 0x731F,
    0x6A21, 0x6A22, 0x6A22, 0x6A23, 0x6A23, 0x6A24, 0x6A24, 0x6A25, 0x6A26, 0x6A06, 0x6A07, 0x6A08, 0x622A, 0x6A2B, 0x722D, 0x822F,
    0x8231, 0x8252, 0x8274, 0x7A96, 0x7A97, 0x7AB8, 0x7AD9, 0x72FA, 0x731B, 0x733C, 0x733C, 0x735D, 0x735D, 0x735E, 0x737E, 0x737F,
    0x6A61, 0x6A82, 0x6A82, 0x7283, 0x7283, 0x7284, 0x7284, 0x7285, 0x6A66, 0x6A67, 0x6A68, 0x6A48, 0x6A4A, 0x6A6B, 0x6A6C, 0x7A6F,
    0x8291, 0x8292, 0x82B4, 0x7AD5, 0x7AD7, 0x7B18, 0x7B39, 0x7B5A, 0x7B7B, 0x7B7B, 0x7B9C, 0x739D, 0x73BD, 0x7BDE, 0x73BE, 0x73BE,
    0x72C1, 0x72C2, 0x72C2, 0x72E3, 0x72E4, 0x72E4, 0x7AE5, 0x72E5, 0x72E6, 0x72C7, 0x72A8, 0x72A9, 0x72AA, 0x6AAB, 0x6AAC, 0x7ACE,
    0x82D0, 0x82F2, 0x7AF4, 0x7B15, 0x7B36, 0x7B57, 0x7B78, 0x7B9A, 0x7BBA, 0x7BDB, 0x7BFC, 0x7BFD, 0x73FD, 0x7C1E, 0x7C1E, 0x741E,
    0x7B41, 0x7B41, 0x7B42, 0x7B43, 0x7B44, 0x7B44, 0x7B65, 0x7B66, 0x7B46, 0x7B47, 0x7B28, 0x7309, 0x730A, 0x72EB, 0x730C, 0x730E,
    0x7B10, 0x7B31, 0x7B53, 0x7B75, 0x7B96, 0x7BB7, 0x73D8, 0x7BF9, 0x7C1A, 0x7C1B, 0x7C3C, 0x7C3C, 0x743D, 0x7C7D, 0x7C5E, 0x7C5E,
    0x7B81, 0x7B82, 0x7BA3, 0x7BA3, 0x7BA4, 0x83A5, 0x83C5, 0x83C6, 0x83C7, 0x83C8, 0x7BA9, 0x7B8A, 0x7B8B, 0x736B, 0x734C, 0x736E,
    0x7B6F, 0x7B91, 0x7B93, 0x7BB4, 0x7BD6, 0x7BF7, 0x7418, 0x7439, 0x7C5A, 0x7C7B, 0x7C9C, 0x7C9C, 0x7CBD, 0x7CBD, 0x7CBE, 0x7CBE,
    0x73C2, 0x73C3, 0x73E3, 0x7BE4, 0x7BE5, 0x7BE5, 0x7C06, 0x7C07, 0x7C08, 0x7C08, 0x7C09, 0x7BEA, 0x7BEB, 0x7BCC, 0x73CD, 0x73AE,
    0x7BCF, 0x7BD1, 0x7BF2, 0x7C14, 0x7C36, 0x7C57, 0x7C78, 0x7C99, 0x7CBA, 0x7CDB, 0x7CDB, 0x84FC, 0x851D, 0x851D, 0x851E, 0x851E,
    0x7423, 0x7424, 0x7424, 0x7445, 0x7C46, 0x7C46, 0x7C47, 0x7C68, 0x7C68, 0x7C69, 0x7C4A, 0x7C4B, 0x7C4C, 0x7C2D, 0x7C2E, 0x7C2F,
    0x7C0F, 0x7C30, 0x7C52, 0x7C74, 0x7C75, 0x7C97, 0x7CD8, 0x7CF9, 0x7CFA, 0x851B, 0x853C, 0x855C, 0x855D, 0x8D5D, 0x8D5D, 0x8D5E,
    0x6C84, 0x6C85, 0x6C85, 0x74A6, 0x74A6, 0x74A7, 0x7CA8, 0x7CA8, 0x7CC9, 0x7CCA, 0x74AB, 0x74AC, 0x74AD, 0x748E, 0x7C8F, 0x7C6F,
    0x7C70, 0x7C70, 0x7492, 0x74B3, 0x7CD5, 0x7CF6, 0x7D18, 0x7D39, 0x855A, 0x855B, 0x857B, 0x857C, 0x857C, 0x8D9D, 0x857D, 0x859E,
    0x64E5, 0x64E6, 0x6CE6, 0x6D07, 0x6D07, 0x7508, 0x7509, 0x7509, 0x750A, 0x750B, 0x750C, 0x750D, 0x750E, 0x7CEF, 0x7CEF, 0x7CD0,
    0x84D1, 0x7CD1, 0x7CD2, 0x74D3, 0x7CF5, 0x7D16, 0x7D37, 0x7D59, 0x857A, 0x859A, 0x859B, 0x859C, 0x859C, 0x85BD, 0x85BD, 0x85BE,
    0x5D27, 0x6547, 0x6547, 0x6548, 0x6D48, 0x6D49, 0x6D6A, 0x756A, 0x756B, 0x756C, 0x756D, 0x754E, 0x754F, 0x7D50, 0x7D30, 0x8531,
    0x8531, 0x8512, 0x7D12, 0x7533, 0x7D35, 0x7D56, 0x7D57, 0x7D98, 0x8599, 0x85BA, 0x85BB, 0x85DC, 0x85DC, 0x85FD, 0x7DDD, 0x85DE,
    0x5588, 0x5D88, 0x5D89, 0x65A9, 0x65A9, 0x65AA, 0x6DAB, 0x6DAC, 0x6DAC, 0x75AD, 0x75AE, 0x75AF, 0x7D90, 0x7D90, 0x8591, 0x8572,
    0x8D72, 0x8D73, 0x8573, 0x7D73, 0x7D74, 0x7D76, 0x7D97, 0x7DB8, 0x7DB9, 0x85DA, 0x85FB, 0x85FB, 0x85FC, 0x8E1D, 0x861D, 0x861E,
    0x55C9, 0x55C9, 0x55EA, 0x5DEA, 0x5DEB, 0x65EB, 0x660C, 0x6E0D, 0x6E0E, 0x760E, 0x75EF, 0x7DF0, 0x7DD1, 0x85D1, 0x85D2, 0x8DD3,
    0x8DB3, 0x8DB3, 0x8DB4, 0x85B4, 0x7DB5, 0x7DB6, 0x7DD7, 0x85F8, 0x85F9, 0x861A, 0x861B, 0x8E3B, 0x8E3C, 0x8E3D, 0x865D, 0x865E,
    0x4E2B, 0x4E2B, 0x562B, 0x562C, 0x5E2C, 0x664D, 0x664D, 0x6E4E, 0x6E4F, 0x7650, 0x7E30, 0x7E31, 0x8612, 0x8612, 0x8E13, 0x8E14,
    0x9614, 0x9614, 0x95F5, 0x95F5, 0x85F5, 0x7DF6, 0x7DF7, 0x8618, 0x8619, 0x863A, 0x863A, 0x8E5B, 0x8E5C, 0x8E7D, 0x8E7D, 0x8E7E,
    0x4E6C, 0x4E6C, 0x566D, 0x566D, 0x5E6E, 0x668E, 0x6E8F, 0x6E8F, 0x7690, 0x7E71, 0x7E71, 0x8652, 0x8653, 0x8E53, 0x9654, 0x9654,
    0x9655, 0x9E35, 0x9E35, 0x9E36, 0x9636, 0x8E36, 0x8637, 0x8638, 0x8659, 0x865A, 0x8E7A, 0x8E7B, 0x8E7C, 0x8E9D, 0x8E9D, 0x8E9E,
    0x4EAE, 0x56AE, 0x56AE, 0x5EAF, 0x66AF, 0x66B0, 0x6EB0, 0x76D1, 0x7EB1, 0x7EB2, 0x8692, 0x8E93, 0x8E93, 0x9694, 0x9695, 0x9E95,
    0x9E75, 0x9E76, 0x9E76, 0xA676, 0x9E76, 0x9677, 0x8E77, 0x8677, 0x8678, 0x8E99, 0x8E9A, 0x8E9B, 0x8EBC, 0x8EBC, 0x8EBD, 0x96BE,
    0x56CF, 0x5ED0, 0x5ED0, 0x66D0, 0x6EF1, 0x6EF1, 0x76F2, 0x7EF2, 0x7ED2, 0x86D3, 0x8ED3, 0x8ED4, 0x96D4, 0x96D5, 0x9EB5, 0xA6B6,
    0xA6B6, 0xA6B6, 0xA6B6, 0xA6B7, 0xA697, 0xA6B7, 0x9EB7, 0x8EB8, 0x8E98, 0x8EB9, 0x8EBA, 0x8EBB, 0x8EDC, 0x96DC, 0x96DD, 0x96FE,
    0x6711, 0x6711, 0x6F11, 0x6F12, 0x7712, 0x7F12, 0x7F13, 0x8713, 0x8713, 0x8F14, 0x9714, 0x96F5, 0x9EF5, 0x9EF6, 0xA6F6, 0xA6F6,
    0xAED7, 0xAED7, 0xAED7, 0xAED7, 0xAED8, 0xAED8, 0xA6D8, 0x9ED8, 0x8ED8, 0x8ED9, 0x8EDA, 0x8EDB, 0x8EFB, 0x96FC, 0x971D, 0x9F1E,
    0x6F32, 0x7732, 0x7733, 0x7F33, 0x7F33, 0x8733, 0x8734, 0x8F34, 0x8F34, 0x9735, 0x9735, 0x9F36, 0x9F36, 0xA716, 0xA716, 0xAF17,
    0xAF17, 0xAF17, 0xAF18, 0xAF18, 0xB718, 0xB719, 0xAF19, 0xA719, 0x9F19, 0x9719, 0x971A, 0x971B, 0x971C, 0x973C, 0x9F3D, 0x9F3E,
    0x7F54, 0x7F54, 0x8754, 0x8754, 0x8754, 0x8F54, 0x8F55, 0x9755, 0x9755, 0x9F56, 0x9F56, 0xA756, 0xA756, 0xAF57, 0xAF37, 0xB738,
    0xB738, 0xB738, 0xB738, 0xB738, 0xB739, 0xBF39, 0xBF39, 0xB73A, 0xAF3A, 0xA75A, 0x9F5A, 0x975B, 0x975B, 0x975C, 0x9F5D, 0x9F5E,
    0x8F75, 0x8F95, 0x8F95, 0x8F75, 0x8F75, 0x9775, 0x9776, 0x9F76, 0x9F76, 0xA776, 0xA777, 0xAF77, 0xAF77, 0xAF78, 0xB778, 0xB778,
    0xB759, 0xBF59, 0xBF59, 0xBF59, 0xBF59, 0xBF5A, 0xBF5A, 0xBF7A, 0xB77A, 0xAF7A, 0xA77A, 0x9F7B, 0x9F7B, 0x977C, 0x9F7D, 0x9F7D,
    0x9796, 0x9FB6, 0x9796, 0x9F96, 0x9F96, 0x9F96, 0xA796, 0xA797, 0xA797, 0xAF97, 0xAF97, 0xAF98, 0xB798, 0xB798, 0xB799, 0xBF99,
    0xBF79, 0xBF79, 0xBF79, 0xBF7A, 0xC77A, 0xC79A, 0xC79B, 0xC79B, 0xBF9B, 0xB79B, 0xAF9B, 0xA79B, 0x9F9B, 0x9F9C, 0x9F9D, 0x9F9D,
    0xA7B7, 0xA7B7, 0xA7B7, 0xA7B7, 0xA7B7, 0xA7B7, 0xAFB7, 0xAFB8, 0xAFB8, 0xB7B8, 0xB7B8, 0xB7B8, 0xB799, 0xBF99, 0xBF99, 0xC79A,
    0xC79A, 0xC79A, 0xC79A, 0xC79A, 0xC79A, 0xC7BB, 0xCFBB, 0xCFBB, 0xC7BB, 0xC7BB, 0xBFBB, 0xB7BB, 0xA7BC, 0xA7DC, 0x9FDD, 0x9FDD,
    0x6860, 0x6841, 0x6841, 0x6022, 0x6023, 0x6004, 0x6005, 0x6046, 0x5887, 0x58C8, 0x5889, 0x682A, 0x700D, 0x8810, 0x9011, 0x9012,
    0x8814, 0x8815, 0x8816, 0x8818, 0x8019, 0x801A, 0x801B, 0x781B, 0x781C, 0x701D, 0x685D, 0x689E, 0x68DE, 0x60DF, 0x60FF, 0x613F,
    0x6880, 0x6881, 0x6861, 0x6862, 0x6843, 0x6823, 0x6025, 0x6066, 0x58A7, 0x58C8, 0x58A9, 0x686A, 0x700D, 0x880F, 0x9011, 0x9012,
    0x8814, 0x8815, 0x8816, 0x8818, 0x8019, 0x801A, 0x781B, 0x781C, 0x701C, 0x705D, 0x689D, 0x68BE, 0x68FE, 0x60FF, 0x611F, 0x613F,
    0x68A0, 0x68A1, 0x68A1, 0x68A2, 0x6883, 0x6863, 0x6044, 0x6086, 0x58A7, 0x58E8, 0x58C9, 0x60AA, 0x702C, 0x880F, 0x9011, 0x9012,
    0x8813, 0x8815, 0x8816, 0x8818, 0x8019, 0x801A, 0x781B, 0x781B, 0x705C, 0x709D, 0x68DD, 0x68FE, 0x691E, 0x613F, 0x613F, 0x615F,
    0x68C0, 0x68C1, 0x68C1, 0x68C2, 0x68C3, 0x68A3, 0x6884, 0x60A6, 0x60C7, 0x5908, 0x5909, 0x60EA, 0x708C, 0x800F, 0x8811, 0x8812,
    0x8813, 0x8815, 0x8816, 0x8017, 0x8019, 0x803A, 0x787B, 0x789B, 0x70DC, 0x70FD, 0x693D, 0x693E, 0x615E, 0x617F, 0x617F, 0x617F,
    0x68E0, 0x68E1, 0x68E2, 0x68E2, 0x68E3, 0x68E3, 0x68C4, 0x68C5, 0x60E7, 0x5928, 0x5929, 0x612A, 0x68EB, 0x808E, 0x8810, 0x8812,
    0x8813, 0x8814, 0x8036, 0x8057, 0x8098, 0x78BA, 0x78FA, 0x791B, 0x713C, 0x695D, 0x697D, 0x617E, 0x619E, 0x61BF, 0x61BF, 0x61BF,
    0x6920, 0x6921, 0x6922, 0x6922, 0x6923, 0x6904, 0x6904, 0x68E5, 0x6906, 0x6128, 0x5948, 0x614A, 0x692B, 0x790D, 0x88B0, 0x8871,
    0x8873, 0x8894, 0x80B6, 0x80D7, 0x8118, 0x7939, 0x795A, 0x717B, 0x719C, 0x69BD, 0x69DD, 0x69DE, 0x61FE, 0x61FF, 0x61FF, 0x61FF,
    0x6940, 0x6941, 0x6942, 0x6942, 0x6943, 0x6944, 0x6944, 0x6925, 0x6926, 0x6947, 0x6168, 0x6189, 0x696B, 0x714D, 0x812F, 0x88F1,
    0x88F2, 0x8914, 0x8135, 0x8157, 0x8178, 0x7999, 0x79BA, 0x71DB, 0x71FC, 0x6A1D, 0x6A1D, 0x6A1E, 0x623E, 0x623E, 0x623F, 0x6A3F,
    0x6981, 0x6981, 0x6982, 0x7182, 0x7183, 0x7184, 0x7164, 0x7165, 0x7166, 0x6967, 0x6988, 0x61A9, 0x69AA, 0x718C, 0x816E, 0x8950,
    0x8952, 0x8973, 0x8975, 0x8196, 0x81B8, 0x79D9, 0x79FA, 0x721B, 0x723C, 0x6A5C, 0x6A5D, 0x6A5D, 0x6A7E, 0x6A7E, 0x6A7F, 0x6A7F,
    0x69A1, 0x69A1, 0x71A2, 0x71A2, 0x71A3, 0x71A4, 0x71A4, 0x71A5, 0x71A6, 0x7187, 0x6988, 0x69C9, 0x69CA, 0x69CC, 0x79CE, 0x89B0,
    0x8991, 0x89B3, 0x89D4, 0x89F6, 0x8217, 0x8239, 0x7A5A, 0x7A7B, 0x729B, 0x729C, 0x72BD, 0x6ABD, 0x6ABE, 0x6ADE, 0x6ABE, 0x6ABF,
    0x69E1, 0x71E1, 0x71E2, 0x71E3, 0x71E3, 0x71E4, 0x71E4, 0x71E5, 0x71E6, 0x71C6, 0x71C7, 0x71C9, 0x6A0A, 0x6A0B, 0x7A0D, 0x89EF,
    0x89F1, 0x89F3, 0x8A14, 0x8A36, 0x8257, 0x8278, 0x8299, 0x7ABA, 0x7ADB, 0x7ADC, 0x72FD, 0x72FD, 0x72FE, 0x731E, 0x731E, 0x731F,
    0x7221, 0x7222, 0x7222, 0x7223, 0x7223, 0x7224, 0x7224, 0x7225, 0x7226, 0x7227, 0x7207, 0x7208, 0x722A, 0x6A4B, 0x724D, 0x822F,
    0x8A31, 0x8A32, 0x8A54, 0x8A75, 0x8A97, 0x82B8, 0x82D9, 0x82FA, 0x831B, 0x833C, 0x7B5C, 0x7B5D, 0x7B5D, 0x7B5E, 0x7B7E, 0x7B7F,
    0x7261, 0x7262, 0x7262, 0x7283, 0x7A83, 0x7A84, 0x7A84, 0x7A65, 0x7A66, 0x7A67, 0x7A67, 0x7A48, 0x7249, 0x726B, 0x728C, 0x7A8E,
    0x8A90, 0x9292, 0x8AB4, 0x8AB5, 0x8AD6, 0x82F8, 0x8339, 0x835A, 0x837B, 0x837B, 0x839C, 0x839D, 0x83BD, 0x83DE, 0x7BBE, 0x7BBE,
    0x7AC1, 0x7AC2, 0x7AC2, 0x7AC3, 0x7AE4, 0x7AE4, 0x7AE5, 0x7AE5, 0x7AC6, 0x7AA7, 0x7AA8, 0x7AA8, 0x7AA9, 0x7AAB, 0x72AC, 0x7ACE,
    0x8AD0, 0x8AD2, 0x8AF3, 0x8B15, 0x8B36, 0x8B57, 0x8378, 0x8399, 0x83BA, 0x83DB, 0x83FC, 0x83FD, 0x83FD, 0x841E, 0x841E, 0x7C1E,
    0x8321, 0x8321, 0x8322, 0x8343, 0x8344, 0x8344, 0x8345, 0x8346, 0x8346, 0x8327, 0x7B08, 0x7B09, 0x7AEA, 0x7AEB, 0x7AEC, 0x7B0D,
    0x830F, 0x8B31, 0x8B33, 0x8B55, 0x8B96, 0x83B7, 0x83B8, 0x83F9, 0x841A, 0x841B, 0x843C, 0x843C, 0x843D, 0x845D, 0x845E, 0x845E,
    0x83A0, 0x83A1, 0x8BA2, 0x8BA3, 0x8BA4, 0x8BA4, 0x8BC5, 0x8BC6, 0x8BC7, 0x8BA8, 0x83A8, 0x8389, 0x836A, 0x7B4B, 0x7B4C, 0x7B4D,
    0x836F, 0x8B71, 0x8B93, 0x8BB4, 0x8BD6, 0x83F7, 0x8418, 0x8439, 0x845A, 0x847B, 0x847C, 0x849C, 0x849D, 0x8CBD, 0x84BE, 0x849E,
    0x8401, 0x8C02, 0x8C03, 0x8C03, 0x8C04, 0x8C25, 0x8C26, 0x8C26, 0x8C27, 0x8C28, 0x8C29, 0x8C0A, 0x8BEB, 0x83CC, 0x83CD, 0x83AE,
    0x83AF, 0x83D1, 0x8BF2, 0x8BF4, 0x8415, 0x8437, 0x8458, 0x8479, 0x849A, 0x84BB, 0x84DB, 0x84DC, 0x8CFD, 0x8CFD, 0x8CFE, 0x8D1E,
    0x8422, 0x8423, 0x8444, 0x8444, 0x8C45, 0x8C46, 0x8C66, 0x8C67, 0x8C68, 0x8C69, 0x8C6A, 0x8C6B, 0x8C4C, 0x844D, 0x842D, 0x842E,
    0x840F, 0x8410, 0x8432, 0x8454, 0x8475, 0x8497, 0x84B8, 0x8CD9, 0x8CFA, 0x8D1B, 0x8D3B, 0x8D3C, 0x8D5D, 0x8D5D, 0x8D5D, 0x8D5E,
    0x7C84, 0x7C84, 0x7CA5, 0x84A5, 0x84A6, 0x84A7, 0x8CC7, 0x8CC8, 0x8CC9, 0x8CCA, 0x84CB, 0x84AC, 0x84AD, 0x84AD, 0x848E, 0x848F,
    0x8470, 0x8471, 0x8472, 0x8493, 0x84B5, 0x84D6, 0x8CF8, 0x8D19, 0x8D3A, 0x8D5B, 0x957B, 0x8D7C, 0x8D7C, 0x959D, 0x8D9D, 0x959E,
    0x74E5, 0x74E5, 0x7CE6, 0x7D06, 0x7D07, 0x8508, 0x8508, 0x8529, 0x852A, 0x852B, 0x852C, 0x850D, 0x850D, 0x850E, 0x84EF, 0x84F0,
    0x84D1, 0x8CD1, 0x84D2, 0x84D3, 0x84F5, 0x8516, 0x8537, 0x8D59, 0x8D7A, 0x8D9A, 0x8D9B, 0x8D9C, 0x8DBC, 0x95BD, 0x8DBD, 0x8DBE,
    0x7546, 0x7547, 0x7547, 0x7547, 0x7D48, 0x7D69, 0x7D69, 0x856A, 0x856B, 0x856C, 0x856D, 0x856E, 0x856E, 0x854F, 0x8550, 0x8531,
    0x8D32, 0x8D32, 0x8D12, 0x8513, 0x8534, 0x8556, 0x8557, 0x8D98, 0x8D99, 0x8DBA, 0x8DDB, 0x8DDC, 0x8DDC, 0x8DFD, 0x8DDD, 0x8DFE,
    0x6D87, 0x6D88, 0x6D88, 0x75A9, 0x75A9, 0x75AA, 0x7DAA, 0x7DCB, 0x7DCC, 0x85AD, 0x85AE, 0x85AF, 0x85AF, 0x8590, 0x8D91, 0x8D92,
    0x8D72, 0x8D73, 0x9573, 0x8D74, 0x8574, 0x8576, 0x8597, 0x8DB8, 0x8DB9, 0x8DDA, 0x8DFB, 0x8DFB, 0x8E1C, 0x961D, 0x8E1D, 0x8E1E,
    0x65E9, 0x65E9, 0x6DEA, 0x6DEA, 0x6DEA, 0x760B, 0x760C, 0x7E0C, 0x7E0D, 0x7E0E, 0x860F, 0x85F0, 0x85F0, 0x8DD1, 0x8DD2, 0x8DD3,
    0x95D3, 0x95D4, 0x95B4, 0x95B4, 0x8DB5, 0x85B6, 0x85D7, 0x8DF8, 0x8DF9, 0x8E1A, 0x961B, 0x963B, 0x963C, 0x965D, 0x8E5D, 0x8E5E,
    0x5E2A, 0x662B, 0x662B, 0x662B, 0x6E2C, 0x6E4C, 0x764D, 0x764E, 0x7E4E, 0x7E4F, 0x8630, 0x8631, 0x8E31, 0x8E32, 0x8E13, 0x9614,
    0x9E14, 0x9E15, 0x9E15, 0x9DF5, 0x95F5, 0x8DF6, 0x8DF7, 0x8E18, 0x8E19, 0x8E3A, 0x965A, 0x965B, 0x965C, 0x967D, 0x967D, 0x967E,
    0x5E6C, 0x5E6C, 0x666D, 0x666D, 0x6E6D, 0x6E8E, 0x768E, 0x7E8F, 0x7E90, 0x8670, 0x8671, 0x8E72, 0x8E72, 0x9653, 0x9654, 0x9E54,
    0x9E55, 0x9E55, 0xA656, 0xA636, 0x9E36, 0x9636, 0x8E37, 0x8E38, 0x8E59, 0x965A, 0x967A, 0x967B, 0x969C, 0x969D, 0x969D, 0x969E,
    0x5EAD, 0x66AE, 0x66AE, 0x66AE, 0x6EAF, 0x76AF, 0x76D0, 0x7ED1, 0x86B1, 0x86B2, 0x8EB2, 0x8EB3, 0x9693, 0x9694, 0x9E95, 0x9E95,
    0xA696, 0xA696, 0xA676, 0xA676, 0xA677, 0xA677, 0x9677, 0x9678, 0x8E78, 0x9699, 0x969A, 0x969B, 0x96BC, 0x9EBC, 0x96BD, 0x9EDE,
    0x66CF, 0x66CF, 0x6ED0, 0x6ED0, 0x76F0, 0x76F1, 0x7EF1, 0x86F2, 0x86D2, 0x8ED3, 0x8ED3, 0x96D4, 0x96D4, 0x9ED5, 0x9ED5, 0xA6D6,
    0xA6B6, 0xAEB6, 0xAEB7, 0xAEB7, 0xAEB7, 0xAEB8, 0xA6B8, 0x9EB8, 0x96B8, 0x96B9, 0x96BA, 0x96DB, 0x96DC, 0x9EDC, 0x9EFD, 0x9EFE,
    0x6F11, 0x6F11, 0x7711, 0x7711, 0x7F12, 0x7F12, 0x8712, 0x8713, 0x8F13, 0x9714, 0x9714, 0x9F15, 0x9EF5, 0xA6F6, 0xA6F6, 0xA6F6,
    0xAEF7, 0xAEF7, 0xAED7, 0xAED7, 0xB6D8, 0xB6D8, 0xAED8, 0xA6D8, 0x9ED8, 0x96D9, 0x96DA, 0x96FB, 0x9EFC, 0x9F1C, 0x9F1D, 0xA71E,
    0x7732, 0x7F32, 0x7F33, 0x7F33, 0x8733, 0x8733, 0x8F33, 0x8F34, 0x9734, 0x9735, 0x9F35, 0x9F36, 0xA736, 0xA736, 0xAF17, 0xAF17,
    0xB717, 0xB718, 0xB718, 0xB718, 0xB718, 0xB719, 0xB719, 0xB719, 0xAF19, 0x9F19, 0x9F1A, 0x9F1B, 0x9F3C, 0x9F3C, 0xA73D, 0xA73E,
    0x8754, 0x8754, 0x8754, 0x8F54, 0x8F54, 0x8F54, 0x9755, 0x9755, 0x9F55, 0x9F56, 0xA756, 0xA756, 0xAF57, 0xAF57, 0xAF57, 0xB758,
    0xB758, 0xB738, 0xBF39, 0xBF39, 0xBF39, 0xBF39, 0xBF3A, 0xBF3A, 0xB73A, 0xAF5A, 0xA75A, 0x9F5B, 0x9F5C, 0x9F5C, 0xA75D, 0xA75E,
    0x8F95, 0x8F95, 0x9795, 0x9775, 0x9775, 0x9775, 0x9F76, 0x9F76, 0xA776, 0xA776, 0xAF77, 0xAF77, 0xAF77, 0xB778, 0xB778, 0xB778,
    0xBF79, 0xBF79, 0xBF59, 0xBF59, 0xBF59, 0xC75A, 0xC75A, 0xC77A, 0xBF7A, 0xB77A, 0xAF7B, 0xA77B, 0xA77B, 0x9F7C, 0xA77D, 0xA77D,
    0x9FB6, 0x9FB6, 0x9F96, 0x9F96, 0x9F96, 0xA796, 0xA797, 0xA797, 0xAF97, 0xAF97, 0xAF97, 0xB798, 0xB798, 0xB798, 0xBF99, 0xBF99,
    0xBF99, 0xC79A, 0xC77A, 0xC77A, 0xC77A, 0xC79A, 0xC79B, 0xCF9B, 0xC79B, 0xBF9B, 0xB79B, 0xAF9B, 0xA79C, 0xA79C, 0xA79D, 0xA79D,
    0xA7B7, 0xA7B7, 0xA7B7, 0xA7B7, 0xA7B7, 0xAFB7, 0xAFB8, 0xAFB8, 0xB7B8, 0xB7B8, 0xB7B8, 0xB7B8, 0xBFB9, 0xBFB9, 0xBFB9, 0xC79A,
    0xC79A, 0xC79A, 0xC79A, 0xC79A, 0xCF9A, 0xCFBB, 0xCFBB, 0xCFBB, 0xCFBC, 0xC7BC, 0xC7BC, 0xB7BC, 0xAFBC, 0xAFBC, 0xA7DD, 0xA7BD,
    0x7060, 0x7061, 0x7041, 0x7042, 0x7023, 0x6803, 0x6805, 0x6826, 0x6067, 0x60A8, 0x60A9, 0x686A, 0x700C, 0x880F, 0x9811, 0xA013,
    0x9814, 0x9815, 0x9016, 0x9017, 0x9019, 0x901A, 0x881B, 0x881B, 0x801C, 0x801D, 0x781D, 0x785E, 0x70BE, 0x70DF, 0x68FF, 0x691F,
    0x7080, 0x7081, 0x7081, 0x7062, 0x7043, 0x7023, 0x6804, 0x6846, 0x6887, 0x60C8, 0x60C9, 0x688A, 0x702C, 0x880F, 0x9811, 0xA013,
    0x9814, 0x9815, 0x9016, 0x9018, 0x9019, 0x901A, 0x881B, 0x881B, 0x801C, 0x801D, 0x787D, 0x78BE, 0x70DE, 0x70FF, 0x691F, 0x693F,
    0x70C0, 0x70A1, 0x70A1, 0x70A2, 0x7083, 0x7063, 0x7024, 0x6866, 0x68A7, 0x60E8, 0x60E9, 0x68CA, 0x706C, 0x800E, 0x9011, 0x9813,
    0x9814, 0x9815, 0x9016, 0x9017, 0x9019, 0x881A, 0x881B, 0x881B, 0x803C, 0x807D, 0x78BD, 0x78FE, 0x711E, 0x713F, 0x693F, 0x695F,
    0x70E0, 0x70E1, 0x70E2, 0x70C2, 0x70C3, 0x70A3, 0x7084, 0x7085, 0x68C7, 0x60E8, 0x6129, 0x690A, 0x70CC, 0x804E, 0x9011, 0x9813,
    0x9814, 0x9015, 0x9016, 0x9017, 0x9019, 0x881A, 0x883A, 0x887B, 0x80BC, 0x78FD, 0x791D, 0x713E, 0x715E, 0x695F, 0x697F, 0x697F,
    0x7100, 0x7101, 0x7102, 0x7102, 0x7103, 0x70E4, 0x70E4, 0x70C5, 0x68E7, 0x6908, 0x6149, 0x692A, 0x710B, 0x78CD, 0x9030, 0x9812,
    0x9813, 0x9015, 0x9016, 0x9017, 0x8858, 0x8899, 0x88DA, 0x80FB, 0x813C, 0x795C, 0x797D, 0x717E, 0x719E, 0x699F, 0x69BF, 0x69BF,
    0x7120, 0x7121, 0x7122, 0x7122, 0x7923, 0x7924, 0x7104, 0x7105, 0x70E6, 0x6928, 0x6949, 0x616A, 0x694B, 0x792D, 0x88D0, 0x9052,
    0x9853, 0x9054, 0x9076, 0x90B7, 0x88F8, 0x8919, 0x895A, 0x817B, 0x819C, 0x79BD, 0x79BD, 0x71DE, 0x71FE, 0x69FE, 0x69FF, 0x69FF,
    0x7141, 0x7141, 0x7142, 0x7942, 0x7943, 0x7944, 0x7944, 0x7945, 0x7126, 0x7127, 0x6969, 0x698A, 0x698B, 0x716C, 0x814F, 0x9111,
    0x98D3, 0x90F4, 0x9115, 0x9137, 0x8958, 0x8979, 0x81BA, 0x81DB, 0x81FC, 0x79FD, 0x7A1D, 0x721E, 0x723E, 0x6A3E, 0x6A3F, 0x6A3F,
    0x7181, 0x7981, 0x7982, 0x7982, 0x7983, 0x7984, 0x7984, 0x7965, 0x7966, 0x7947, 0x7168, 0x69AA, 0x69CB, 0x71AC, 0x818E, 0x9171,
    0x9952, 0x9153, 0x9175, 0x9196, 0x89B8, 0x89D9, 0x89FA, 0x821B, 0x823C, 0x7A5C, 0x7A5D, 0x725D, 0x727E, 0x727E, 0x6A7F, 0x6A7F,
    0x79A1, 0x79A1, 0x79A2, 0x79C2, 0x79C3, 0x79C4, 0x79A4, 0x79A5, 0x79A6, 0x7987, 0x7988, 0x71A9, 0x69EA, 0x71EC, 0x79CD, 0x89D0,
    0x91B2, 0x99B3, 0x91B4, 0x91D6, 0x91F7, 0x8A38, 0x8A5A, 0x827A, 0x829B, 0x7A9C, 0x7ABD, 0x7ABD, 0x72BE, 0x72DE, 0x72DE, 0x72DF,
    0x79E1, 0x79E1, 0x79E2, 0x79E2, 0x7A03, 0x79E4, 0x79E4, 0x79E5, 0x79E6, 0x79C7, 0x79C7, 0x79C9, 0x71EA, 0x720B, 0x7A0D, 0x8A0F,
    0x91F1, 0x99F3, 0x9A14, 0x9236, 0x9257, 0x9278, 0x8A99, 0x8ABA, 0x82DB, 0x82DC, 0x82FD, 0x7AFD, 0x7B1E, 0x7B1E, 0x7B1E, 0x7B1F,
    0x7A21, 0x7A22, 0x7A22, 0x7A23, 0x7A23, 0x7A44, 0x7A24, 0x7A25, 0x8226, 0x8227, 0x7A07, 0x8208, 0x7A0A, 0x724B, 0x7A4D, 0x824E,
    0x9251, 0x9A32, 0x9A54, 0x9A75, 0x9297, 0x92B8, 0x8AD9, 0x8AFA, 0x8B1B, 0x8B3C, 0x8B5C, 0x835D, 0x835D, 0x837E, 0x837E, 0x7B7F,
    0x7A61, 0x7A62, 0x7A62, 0x7A63, 0x8283, 0x8284, 0x8284, 0x8285, 0x8266, 0x8267, 0x8268, 0x8248, 0x8249, 0x7A6B, 0x728C, 0x828E,
    0x8A90, 0x9A92, 0x9A94, 0x9AB5, 0x92D6, 0x92F7, 0x9338, 0x8B5A, 0x8B7A, 0x8B9B, 0x8BBC, 0x8BBD, 0x8BBD, 0x8BDE, 0x83BE, 0x83BE,
    0x82C1, 0x82C2, 0x82C2, 0x82C3, 0x82C4, 0x82C4, 0x82C5, 0x82C5, 0x82C6, 0x82A7, 0x82A8, 0x82A8, 0x82A9, 0x828B, 0x7AAC, 0x7ACD,
    0x8ACF, 0x92D2, 0x9AD3, 0x9AF5, 0x9336, 0x9357, 0x9378, 0x9399, 0x93BA, 0x8BDB, 0x8BFC, 0x8BFC, 0x8BFD, 0x8C1E, 0x8C1E, 0x83FE,
    0x8B21, 0x8B22, 0x8B22, 0x8B23, 0x8B24, 0x8B44, 0x8B45, 0x8B46, 0x8B26, 0x8B27, 0x8308, 0x82E9, 0x82EA, 0x82EB, 0x82EC, 0x7B0D,
    0x830F, 0x9331, 0x9B33, 0x9B55, 0x9376, 0x9397, 0x93B8, 0x93D9, 0x93FA, 0x941B, 0x8C3C, 0x8C3C, 0x8C3D, 0x8C5D, 0x8C5E, 0x8C5E,
    0x8B81, 0x8BA1, 0x8BA2, 0x93A3, 0x93A4, 0x93A4, 0x93A5, 0x93A6, 0x93A7, 0x93A7, 0x8B88, 0x8B69, 0x8B4A, 0x834B, 0x834C, 0x834D,
    0x836F, 0x8B71, 0x9393, 0x93B4, 0x93D6, 0x93F7, 0x93F8, 0x9439, 0x945A, 0x947B, 0x947B, 0x949C, 0x949D, 0x94BD, 0x8C9E, 0x8C9E,
    0x9400, 0x9401, 0x9402, 0x9403, 0x9404, 0x9425, 0x9C25, 0x9C26, 0x9C27, 0x9428, 0x9409, 0x93EA, 0x8BCB, 0x8BCC, 0x8BAC, 0x8BAD,
    0x83AF, 0x8BD0, 0x93D2, 0x93F4, 0x9415, 0x9437, 0x9458, 0x9479, 0x949A, 0x94BB, 0x94BB, 0x94DC, 0x94DD, 0x94FD, 0x8CFE, 0x94FE,
    0x9461, 0x9462, 0x9463, 0x9C84, 0x9C84, 0x9C85, 0x9C86, 0x9C87, 0x9C88, 0x9C88, 0x9C89, 0x9C6A, 0x946B, 0x944C, 0x942D, 0x8C0E,
    0x8C0F, 0x8C10, 0x9432, 0x9434, 0x9455, 0x9476, 0x9498, 0x94B9, 0x94DA, 0x94FA, 0x951B, 0x953C, 0x953C, 0x953D, 0x953D, 0x955E,
    0x8C83, 0x8CA3, 0x8CA4, 0x94A5, 0x94A5, 0x94A6, 0x94C7, 0x94C7, 0x9CC8, 0x9CC9, 0x94CA, 0x94CB, 0x94CC, 0x94AD, 0x94AE, 0x8C8F,
    0x8C70, 0x8C70, 0x8C72, 0x9493, 0x94B5, 0x94D6, 0x94F8, 0x9519, 0x953A, 0x955A, 0x9D7B, 0x957C, 0x957C, 0x9D9D, 0x959D, 0x9D9E,
    0x84E4, 0x8CE5, 0x8D05, 0x8D06, 0x8D06, 0x9507, 0x9528, 0x9529, 0x9529, 0x952A, 0x952B, 0x952C, 0x950D, 0x950E, 0x8CEF, 0x8CF0,
    0x8CF1, 0x8CD1, 0x8CD2, 0x8CD3, 0x8CF5, 0x9516, 0x9537, 0x9559, 0x9559, 0x957A, 0x959B, 0x959C, 0x95BC, 0x9DDD, 0x9DBD, 0x9DDE,
    0x8546, 0x8546, 0x8546, 0x8D47, 0x8D68, 0x8D68, 0x8D69, 0x956A, 0x956A, 0x956B, 0x956C, 0x956D, 0x8D6E, 0x8D4F, 0x8D50, 0x8D51,
    0x9531, 0x9532, 0x9513, 0x9513, 0x8D34, 0x8D56, 0x8D57, 0x9598, 0x9599, 0x95BA, 0x95BB, 0x95DC, 0x95DC, 0x9DFD, 0x95FD, 0x9DFE,
    0x7D87, 0x7D87, 0x7DA8, 0x85A8, 0x85A9, 0x85A9, 0x8DCA, 0x8DCB, 0x8DCC, 0x8DCD, 0x8DCD, 0x8DAE, 0x8DAF, 0x8DB0, 0x9591, 0x9592,
    0x9592, 0x9573, 0x9573, 0x9574, 0x9574, 0x8D76, 0x9597, 0x95B8, 0x95B9, 0x95FA, 0x9DFB, 0x9E1B, 0x9E1C, 0x9E1D, 0x961D, 0x961E,
    0x75E8, 0x75E9, 0x7DE9, 0x7DEA, 0x7DEA, 0x860B, 0x860B, 0x860C, 0x8E0D, 0x8E0E, 0x8E0E, 0x8DEF, 0x8DF0, 0x95F1, 0x95F2, 0x95D3,
    0x95D3, 0x9DD4, 0x9DB4, 0x9DB5, 0x95B5, 0x95B6, 0x95D7, 0x95F8, 0x95F9, 0x9E1A, 0x9E1B, 0x9E3B, 0x9E5C, 0x9E5D, 0x9E5D, 0x9E5E,
    0x6E2A, 0x762A, 0x762B, 0x762B, 0x7E4C, 0x7E4C, 0x864D, 0x864D, 0x8E4E, 0x8E4F, 0x8E30, 0x8E30, 0x9631, 0x9632, 0x9633, 0x9E34,
    0x9E14, 0x9E15, 0xA615, 0xA5F5, 0x9DF6, 0x95F6, 0x95F7, 0x9618, 0x9619, 0x9E3A, 0x9E5B, 0x9E5B, 0x9E7C, 0x9E7D, 0x9E7D, 0x9E7E,
    0x6E6B, 0x6E6C, 0x766C, 0x766D, 0x766D, 0x7E8D, 0x868E, 0x868F, 0x8E8F, 0x8E70, 0x8E71, 0x9672, 0x9672, 0x9673, 0x9E74, 0x9E54,
    0x9E55, 0xA656, 0xA656, 0xA656, 0xA636, 0x9E36, 0x9637, 0x9638, 0x9659, 0x9E7A, 0x9E7A, 0x9E7B, 0x9E9C, 0xA69D, 0x9E9D, 0x9EBE,
    0x6EAD, 0x6EAD, 0x76AE, 0x76AE, 0x76AE, 0x7EAF, 0x86D0, 0x86D0, 0x8EB1, 0x8EB1, 0x96B2, 0x96B3, 0x96B3, 0x9E94, 0x9E95, 0xA695,
    0xA696, 0xAE96, 0xAE96, 0xAE97, 0xAE77, 0xAE77, 0xA677, 0x9E78, 0x9678, 0x9E9A, 0x9E9A, 0x9E9B, 0x9EBC, 0xA6BC, 0xA6DD, 0xA6DE,
    0x6EEF, 0x76EF, 0x76EF, 0x76F0, 0x7EF0, 0x7EF1, 0x86F1, 0x8EF1, 0x8ED2, 0x96D2, 0x96D3, 0x9ED4, 0x9ED4, 0x9ED5, 0xA6D5, 0xA6D6,
    0xAED6, 0xAED7, 0xB6B7, 0xB6B7, 0xB6B7, 0xB6B8, 0xAEB8, 0xA6B8, 0x9EB8, 0x9EB9, 0x9EBA, 0x9EDB, 0x9EDC, 0xA6FC, 0xA6FD, 0xA6FE,
    0x7710, 0x7F11, 0x7F11, 0x7F11, 0x8711, 0x8712, 0x8F12, 0x8F13, 0x9713, 0x9714, 0x9F14, 0x9F15, 0xA715, 0xA6F6, 0xA6F6, 0xAEF6,
    0xAEF7, 0xB6F7, 0xB6F8, 0xB6F8, 0xB6F8, 0xB6D8, 0xB6D8, 0xAEF9, 0xA6D9, 0x9ED9, 0x9EDA, 0x9EFB, 0xA6FC, 0xA71C, 0xA71D, 0xA71E,
    0x7F32, 0x8732, 0x8732, 0x8733, 0x8F33, 0x8F33, 0x8F33, 0x9734, 0x9734, 0x9F35, 0x9F35, 0xA736, 0xA736, 0xAF36, 0xAF37, 0xB737,
    0xB717, 0xB718, 0xBF18, 0xBF18, 0xBF19, 0xBF19, 0xBF19, 0xB719, 0xB719, 0xAF1A, 0xA71A, 0xA71B, 0xA73C, 0xA73C, 0xAF3D, 0xAF3E,
    0x8F73, 0x8F74, 0x8F74, 0x8F74, 0x8F54, 0x9754, 0x9755, 0x9F55, 0x9F55, 0xA756, 0xA756, 0xAF56, 0xAF57, 0xAF57, 0xB757, 0xB758,
    0xB758, 0xBF58, 0xBF39, 0xBF39, 0xBF39, 0xBF39, 0xC73A, 0xC73A, 0xBF3A, 0xB75A, 0xAF5A, 0xA75B, 0xA75C, 0xA75C, 0xAF5D, 0xAF5E,
    0x9795, 0x9795, 0x9795, 0x9775, 0x9775, 0x9F75, 0x9F76, 0xA776, 0xA776, 0xAF77, 0xAF77, 0xAF77, 0xB777, 0xB778, 0xB778, 0xBF78,
    0xBF79, 0xBF79, 0xC779, 0xC75A, 0xC75A, 0xC75A, 0xC77A, 0xC77A, 0xC77B, 0xBF7B, 0xB77B, 0xAF7B, 0xAF7C, 0xA77C, 0xAF7D, 0xAF7E,
    0x9FB6, 0x9FB6, 0x9F96, 0x9F96, 0xA796, 0xA796, 0xA797, 0xAF97, 0xAF97, 0xAF97, 0xB798, 0xB798, 0xB798, 0xBF98, 0xBF99, 0xBF99,
    0xC799, 0xC79A, 0xC79A, 0xC79A, 0xC79A, 0xCF9A, 0xCF9B, 0xCF9B, 0xCF9B, 0xC79B, 0xBF9B, 0xB79B, 0xAF9C, 0xAF9C, 0xAF9D, 0xAF9D,
    0xA7B7, 0xA7B7, 0xA7B7, 0xAFB7, 0xAFB7, 0xAFB7, 0xAFB8, 0xB7B8, 0xB7B8, 0xB7B8, 0xBFB8, 0xBFB9, 0xBFB9, 0xBFB9, 0xC7B9, 0xC7BA,
    0xC7BA, 0xCFBA, 0xCF9A, 0xCF9B, 0xCF9B, 0xCFBB, 0xCFBB, 0xD7BB, 0xD7BC, 0xCFBC, 0xC7BC, 0xBFBC, 0xB7BC, 0xB7BC, 0xAFBD, 0xAFBD,
    0x7860, 0x7861, 0x7861, 0x7842, 0x7823, 0x7804, 0x7804, 0x7006, 0x7047, 0x68A8, 0x68C9, 0x68AA, 0x784C, 0x800E, 0x9811, 0xA813,
    0xA815, 0xA816, 0xA016, 0xA017, 0xA019, 0x981A, 0x981A, 0x901B, 0x901C, 0x881D, 0x881D, 0x803E, 0x809E, 0x78BF, 0x78DF, 0x711F,
    0x78A0, 0x7881, 0x7881, 0x7862, 0x7863, 0x7824, 0x7804, 0x7006, 0x7067, 0x68A8, 0x68E9, 0x68CA, 0x786C, 0x800E, 0x9811, 0xA813,
    0xA815, 0xA816, 0xA016, 0xA017, 0xA019, 0x981A, 0x981A, 0x901B, 0x901C, 0x881D, 0x883D, 0x807E, 0x80DE, 0x78DF, 0x78FF, 0x711F,
    0x78C0, 0x78C1, 0x78A1, 0x78A2, 0x7883, 0x7864, 0x7844, 0x7846, 0x7087, 0x68C8, 0x6909, 0x68EA, 0x70AC, 0x802E, 0x9011, 0xA013,
    0xA814, 0xA815, 0xA016, 0xA017, 0x9818, 0x981A, 0x981A, 0x901B, 0x901C, 0x883D, 0x889D, 0x80DE, 0x80FE, 0x791F, 0x793F, 0x715F,
    0x78E0, 0x78E1, 0x78E2, 0x78E2, 0x78C3, 0x78C4, 0x7884, 0x7865, 0x70A7, 0x70E8, 0x6909, 0x692A, 0x70EC, 0x808D, 0x9010, 0xA013,
    0xA814, 0xA015, 0xA016, 0xA017, 0x9818, 0x9819, 0x981A, 0x903B, 0x909C, 0x88DD, 0x88FD, 0x811E, 0x813E, 0x795F, 0x795F, 0x717F,
    0x8100, 0x8101, 0x8102, 0x8102, 0x8103, 0x78E4, 0x78E4, 0x78C5, 0x78C7, 0x7108, 0x6929, 0x694A, 0x712B, 0x78ED, 0x9070, 0xA012,
    0xA814, 0xA015, 0xA016, 0x9817, 0x9818, 0x9859, 0x909A, 0x90DB, 0x891C, 0x893C, 0x895D, 0x815E, 0x797E, 0x799E, 0x79BF, 0x71BF,
    0x8120, 0x8121, 0x8122, 0x8122, 0x8123, 0x8124, 0x8124, 0x8105, 0x78E6, 0x7928, 0x7149, 0x698A, 0x716B, 0x794D, 0x890F, 0x9892,
    0xA013, 0xA035, 0xA056, 0x9877, 0x98B8, 0x98F9, 0x913A, 0x915B, 0x897C, 0x89BC, 0x89BD, 0x81DE, 0x81FE, 0x79FE, 0x79FF, 0x71FF,
    0x8161, 0x8161, 0x8162, 0x8162, 0x8163, 0x8164, 0x8144, 0x8145, 0x8126, 0x7927, 0x7169, 0x718A, 0x71AB, 0x798C, 0x816E, 0x9931,
    0xA0F3, 0xA0B4, 0xA0D5, 0x98F6, 0x9938, 0x9979, 0x919A, 0x91BB, 0x89DC, 0x89FC, 0x821D, 0x821E, 0x7A3E, 0x7A3E, 0x7A3F, 0x723F,
    0x8181, 0x8181, 0x8182, 0x8182, 0x8183, 0x8184, 0x8184, 0x8185, 0x8166, 0x8147, 0x7968, 0x71AA, 0x71CB, 0x79CC, 0x81AE, 0x9190,
    0x9972, 0xA134, 0xA155, 0x9976, 0x9997, 0x99D9, 0x91FA, 0x921B, 0x8A3C, 0x8A5C, 0x825D, 0x825D, 0x7A7E, 0x7A9E, 0x7A7F, 0x727F,
    0x81C1, 0x81C1, 0x81C2, 0x81C2, 0x81C3, 0x81C4, 0x81C4, 0x81A5, 0x81A6, 0x8187, 0x8188, 0x79A9, 0x71EB, 0x720C, 0x79ED, 0x89EF,
    0x99D2, 0xA1B3, 0xA1B5, 0xA1D6, 0x99F7, 0x9A18, 0x9239, 0x927A, 0x8A9B, 0x8A9C, 0x8ABD, 0x82BD, 0x82BE, 0x7ADE, 0x7ADE, 0x7ADF,
    0x81E1, 0x81E1, 0x81E2, 0x8202, 0x8203, 0x8A04, 0x8A04, 0x89E5, 0x89E6, 0x89E7, 0x81C8, 0x81C9, 0x79EA, 0x722C, 0x7A2D, 0x822E,
    0x9211, 0xA213, 0xA1F4, 0xA215, 0xA237, 0x9A78, 0x9A99, 0x92BA, 0x92DB, 0x8ADC, 0x8AFC, 0x82FD, 0x831E, 0x831E, 0x833E, 0x7B3F,
    0x8221, 0x8222, 0x8222, 0x8243, 0x8A43, 0x8A44, 0x8A44, 0x8A25, 0x8A26, 0x8A27, 0x8A08, 0x8A08, 0x820A, 0x7A2B, 0x7A4D, 0x824E,
    0x9250, 0xA252, 0xA254, 0xA255, 0xA296, 0x9AB8, 0x9AD9, 0x9AFA, 0x931B, 0x933C, 0x937C, 0x8B5D, 0x8B7D, 0x8B7E, 0x837E, 0x837F,
    0x8261, 0x8262, 0x8262, 0x8A63, 0x8A83, 0x8A84, 0x8A84, 0x8A85, 0x8A66, 0x8A67, 0x8A68, 0x8A48, 0x8A49, 0x824B, 0x7A8C, 0x828E,
    0x8A8F, 0x9A92, 0xA294, 0xA2B5, 0xA2D6, 0xA2F7, 0x9B18, 0x9B59, 0x9B7A, 0x939B, 0x93BC, 0x93BD, 0x93DD, 0x8BDE, 0x8BBE, 0x8BBE,
    0x8AA1, 0x8AA2, 0x8AC2, 0x8AC3, 0x8AC3, 0x8AC4, 0x8AC5, 0x8AC5, 0x8AC6, 0x8AA7, 0x8AA8, 0x8AA8, 0x8A89, 0x8A8B, 0x82AC, 0x82CD,
    0x8ACF, 0x9AD1, 0xA2D3, 0xAAF5, 0xA316, 0xA357, 0x9B78, 0x9B99, 0x9BBA, 0x9BDB, 0x9BFC, 0x93FC, 0x93FD, 0x941E, 0x941E, 0x8C1E,
    0x8B21, 0x8B22, 0x9322, 0x9323, 0x9324, 0x9324, 0x9325, 0x9325, 0x9326, 0x8B07, 0x8B08, 0x8AE9, 0x8AEA, 0x8AEB, 0x8AEC, 0x830D,
    0x8B0F, 0x9331, 0xA333, 0xA335, 0xA376, 0xA397, 0x9BB8, 0x9BD9, 0x9BFA, 0x9C1B, 0x9C3C, 0x9C3C, 0x943D, 0x9C7D, 0x945E, 0x945E,
    0x9381, 0x9382, 0x9382, 0x9383, 0x9B84, 0x9BA4, 0x9BA5, 0x9BA6, 0x9BA7, 0x9387, 0x9368, 0x9349, 0x934A, 0x8B4B, 0x8B2C, 0x8B4D,
    0x8B6F, 0x8B70, 0x9B92, 0xA394, 0xA3B6, 0xA3D7, 0x9BF8, 0x9C19, 0x9C5A, 0x9C5B, 0x9C7B, 0x9C9C, 0x9C9D, 0x9CBD, 0x949E, 0x949E,
    0x9C00, 0x9C01, 0x9C02, 0x9C03, 0x9C04, 0x9C05, 0xA405, 0xA426, 0xA407, 0x9C08, 0x9BE9, 0x9BE9, 0x93CA, 0x93AB, 0x938C, 0x938D,
    0x8BAF, 0x8BB0, 0x9BD2, 0xA3F4, 0xA415, 0xA437, 0x9C58, 0x9C79, 0x9C9A, 0x9C9A, 0x9CBB, 0x9CDC, 0x9CDD, 0x9CFD, 0x9CFE, 0x9CFE,
    0xA460, 0xA461, 0xA482, 0xA483, 0xA484, 0xA485, 0xA486, 0xA487, 0xA487, 0xA488, 0xA489, 0xA46A, 0x9C4B, 0x9C2C, 0x940D, 0x940E,
    0x93EF, 0x9410, 0x9411, 0x9C33, 0xA455, 0xA476, 0x9C98, 0x9CB9, 0x9CDA, 0x9CFA, 0x9D1B, 0x9D1C, 0x9D1C, 0x9D3D, 0x9D3D, 0x9D3E,
    0xA4C1, 0xA4C2, 0xA4E3, 0xA4E4, 0xA4E5, 0xACE6, 0xACE6, 0xACE7, 0xAD08, 0xAD09, 0xA4EA, 0xA4EB, 0xA4CC, 0xA4CD, 0x9CAE, 0x9C8F,
    0x946F, 0x9470, 0x9471, 0x9C73, 0x9C95, 0x9CB6, 0x9CD7, 0x9CF9, 0x9D1A, 0x9D3A, 0xA55B, 0x9D5C, 0x9D5C, 0xA59D, 0x9D7D, 0x9D7E,
    0x94E3, 0x94E4, 0x9D04, 0x9D05, 0x9D06, 0x9D07, 0xA527, 0xA528, 0xA529, 0xA52A, 0xA52B, 0xA52C, 0xA52D, 0xA52E, 0x9D0F, 0x9CF0,
    0x9CF0, 0x9CD1, 0x9CD2, 0x9CD3, 0x9CF4, 0x9CF6, 0x9D17, 0x9D38, 0x9D59, 0xA57A, 0xA59B, 0x9D9C, 0xA5BC, 0xA5DD, 0xA5BD, 0xA5DE,
    0x9545, 0x9545, 0x9546, 0x9567, 0x9D67, 0x9D68, 0x9D68, 0x9D69, 0xA56A, 0xA56B, 0xA56C, 0x9D6D, 0x9D6E, 0x9D6F, 0x9D50, 0x9D50,
    0x9D51, 0x9D32, 0x9D33, 0x9D13, 0x9D34, 0x9D36, 0x9D57, 0x9D78, 0x9D99, 0xA5BA, 0xA5BB, 0xA5DB, 0xA5DC, 0xA5FD, 0xA5FD, 0xA5FE,
    0x8D86, 0x8DA7, 0x8DA7, 0x95A8, 0x95A8, 0x95C9, 0x9DCA, 0x9DCA, 0x9DCB, 0x9DCC, 0x9DCD, 0x9DCE, 0x9DAF, 0x9DB0, 0x9DB1, 0x9D91,
    0x9D92, 0x9D93, 0x9D73, 0x9D74, 0x9D74, 0x9D75, 0x9D97, 0x9DB8, 0x9DB9, 0xA5DA, 0xA5FB, 0xA61B, 0xA61C, 0xA61D, 0xA63D, 0xA63E,
    0x85E8, 0x85E8, 0x8DE9, 0x8DE9, 0x8E0A, 0x960A, 0x960B, 0x960C, 0x960D, 0x9E0D, 0x9E0E, 0x9DEF, 0x9DF0, 0x9DF1, 0x9DF2, 0x9DF2,
    0x9DD3, 0x9DD4, 0xA5D4, 0xA5B5, 0xA5B5, 0x9DB5, 0x9DB7, 0x9DD8, 0x9DF9, 0xA61A, 0xA61B, 0xA63B, 0xA65C, 0xA65D, 0xA65D, 0xA65E,
    0x8629, 0x862A, 0x862A, 0x862B, 0x8E4B, 0x8E4C, 0x8E4C, 0x964D, 0x964E, 0x964F, 0x9E4F, 0x9E30, 0x9E31, 0x9E32, 0x9E33, 0x9E33,
    0xA634, 0xA615, 0xA615, 0xA616, 0xA5F6, 0xA5F6, 0x9DF7, 0x9E18, 0x9E19, 0xA63A, 0xA65B, 0xA65B, 0xA67C, 0xA67D, 0xA67D, 0xA69E,
    0x7E6B, 0x7E6B, 0x7E6C, 0x866C, 0x868D, 0x8E8D, 0x8E8E, 0x8E8E, 0x968F, 0x9690, 0x9671, 0x9E71, 0x9E72, 0x9E73, 0xA674, 0xA674,
    0xA675, 0xA656, 0xAE56, 0xAE56, 0xAE56, 0xAE37, 0xA637, 0x9E38, 0x9E59, 0xA67A, 0xA67A, 0xA67B, 0xA69C, 0xAE9D, 0xA6BD, 0xAEBE,
    0x7EAD, 0x7EAD, 0x7EAD, 0x86AE, 0x86AE, 0x8ECF, 0x8ECF, 0x8ED0, 0x96B0, 0x96B1, 0x9EB2, 0x9EB2, 0x9EB3, 0xA6B4, 0xA694, 0xA695,
    0xAE96, 0xAE96, 0xAE97, 0xB697, 0xB697, 0xB677, 0xAE77, 0xA678, 0x9E78, 0xA69A, 0xA69A, 0xA69B, 0xA6BC, 0xAEDD, 0xAEDD, 0xAEDE,
    0x7EEE, 0x7EEF, 0x7EEF, 0x86EF, 0x86F0, 0x8EF0, 0x8EF1, 0x96F1, 0x96F1, 0x96F2, 0x9EF3, 0x9ED4, 0xA6D4, 0xA6D5, 0xA6D5, 0xAED6,
    0xAED6, 0xB6D7, 0xB6D7, 0xB6D8, 0xB6B8, 0xB6B8, 0xB6B8, 0xAEB8, 0xA6B8, 0xA6B9, 0xA6BA, 0xA6DB, 0xAEDC, 0xAEFD, 0xAEFD, 0xAEFE,
    0x8710, 0x8710, 0x8711, 0x8711, 0x8F11, 0x8F12, 0x8F12, 0x9712, 0x9713, 0x9F13, 0x9F14, 0xA715, 0xA715, 0xAF16, 0xAEF6, 0xAEF6,
    0xB6F7, 0xB6F7, 0xB6F8, 0xBEF8, 0xBEF8, 0xBEF8, 0xBED9, 0xB6F9, 0xAED9, 0xA6F9, 0xA6FA, 0xA6FB, 0xAEFC, 0xAF1D, 0xAF1D, 0xAF1E,
    0x8732, 0x8F52, 0x8F52, 0x8F32, 0x8F33, 0x9733, 0x9733, 0x9F34, 0x9F34, 0xA735, 0xA735, 0xA736, 0xAF36, 0xAF36, 0xB737, 0xB737,
    0xB738, 0xBF38, 0xBF38, 0xBF19, 0xBF19, 0xBF19, 0xC719, 0xBF1A, 0xBF1A, 0xB71A, 0xAF1A, 0xAF1B, 0xAF3C, 0xAF3C, 0xB73D, 0xB73E,
    0x8F73, 0x9773, 0x9774, 0x9774, 0x9754, 0x9754, 0x9F54, 0x9F55, 0xA755, 0xA756, 0xAF56, 0xAF56, 0xB757, 0xB757, 0xB758, 0xB758,
    0xBF58, 0xBF59, 0xC759, 0xC759, 0xC759, 0xC73A, 0xC73A, 0xC73A, 0xC73A, 0xBF5A, 0xB75A, 0xAF5B, 0xAF5C, 0xAF5C, 0xB75D, 0xB75E,
    0x9795, 0x9F95, 0x9F95, 0x9F75, 0x9F75, 0x9F75, 0xA776, 0xA776, 0xAF76, 0xAF76, 0xAF77, 0xB777, 0xB778, 0xB778, 0xBF78, 0xBF79,
    0xBF79, 0xC779, 0xC779, 0xC77A, 0xC77A, 0xCF7A, 0xCF7A, 0xCF7A, 0xCF7B, 0xC77B, 0xBF7B, 0xB77B, 0xB77C, 0xAF7C, 0xB77D, 0xB77E,
    0xA7B6, 0xA7B6, 0xA796, 0xA796, 0xA796, 0xA796, 0xAF97, 0xAF97, 0xAF97, 0xB797, 0xB798, 0xB798, 0xBF98, 0xBF99, 0xBF99, 0xC799,
    0xC799, 0xC79A, 0xCF9A, 0xCF9A, 0xCF9A, 0xCF9B, 0xCF9B, 0xCF9B, 0xD79B, 0xCF9B, 0xC79B, 0xBF9B, 0xB79C, 0xB79C, 0xB79D, 0xB79E,
    0xAFB7, 0xAFB7, 0xAFB7, 0xAFB7, 0xAFB7, 0xAFB7, 0xB7B8, 0xB7B8, 0xB7B8, 0xBFB8, 0xBFB9, 0xBFB9, 0xBFB9, 0xC7B9, 0xC7B9, 0xC7BA,
    0xCFBA, 0xCFBA, 0xCFBA, 0xCFBB, 0xD7BB, 0xD7BB, 0xD7BB, 0xD7BB, 0xD7BC, 0xD7BC, 0xCFBC, 0xC7BC, 0xBFBC, 0xB7BC, 0xB7BD, 0xB7BD,
    0x8880, 0x8061, 0x8061, 0x8042, 0x8023, 0x8004, 0x8004, 0x8006, 0x7807, 0x7068, 0x70C9, 0x70EB, 0x788C, 0x880E, 0x9010, 0xA813,
    0xB015, 0xB016, 0xB017, 0xB017, 0xA818, 0xA819, 0xA01A, 0xA01B, 0xA01C, 0x981D, 0x981D, 0x901E, 0x887E, 0x889F, 0x80DF, 0x811F,
    0x88A0, 0x88A1, 0x8081, 0x8082, 0x8063, 0x8024, 0x8004, 0x8006, 0x7827, 0x7888, 0x70C9, 0x70EB, 0x78AC, 0x802E, 0x9010, 0xA813,
    0xB015, 0xB016, 0xB017, 0xB017, 0xA818, 0xA819, 0xA01A, 0xA01B, 0xA01C, 0x981D, 0x981D, 0x905E, 0x889E, 0x88DF, 0x80FF, 0x811F,
    0x88C0, 0x88C1, 0x88C2, 0x80A2, 0x80A3, 0x8084, 0x8044, 0x8005, 0x7867, 0x78A8, 0x70E9, 0x710A, 0x78CC, 0x808D, 0x9010, 0xA813,
    0xB015, 0xB016, 0xB017, 0xA817, 0xA818, 0xA819, 0xA01A, 0xA01B, 0x981C, 0x981D, 0x907D, 0x90BE, 0x88DE, 0x891F, 0x811F, 0x813F,
    0x88E0, 0x88E1, 0x88E2, 0x88E2, 0x80C3, 0x80C4, 0x80A4, 0x8045, 0x8087, 0x78C8, 0x7109, 0x712A, 0x790C, 0x80CD, 0x904F, 0xA012,
    0xB014, 0xB016, 0xB017, 0xA817, 0xA818, 0xA819, 0xA01A, 0xA01B, 0x985C, 0x989C, 0x90DD, 0x911E, 0x893E, 0x895E, 0x815F, 0x817F,
    0x8900, 0x8901, 0x8902, 0x8902, 0x8903, 0x8904, 0x88E4, 0x80A5, 0x80A6, 0x78E8, 0x7929, 0x714A, 0x794C, 0x812D, 0x88CF, 0xA032,
    0xA814, 0xB015, 0xB016, 0xA817, 0xA818, 0xA019, 0xA05A, 0xA0BB, 0x98FC, 0x991C, 0x915D, 0x915D, 0x897E, 0x899E, 0x819F, 0x81BF,
    0x8940, 0x8941, 0x8942, 0x8942, 0x8943, 0x8924, 0x8924, 0x8905, 0x88E6, 0x8108, 0x7949, 0x716A, 0x718B, 0x816D, 0x892E, 0x98D1,
    0xA854, 0xB015, 0xB016, 0xA857, 0xA878, 0xA0B9, 0xA11A, 0x993B, 0x997C, 0x999C, 0x91BD, 0x91BE, 0x89FE, 0x89FE, 0x81FF, 0x81FF,
    0x8961, 0x8961, 0x8962, 0x8962, 0x8963, 0x8964, 0x8964, 0x8945, 0x8926, 0x8927, 0x8149, 0x798A, 0x71AB, 0x79AC, 0x898E, 0x9150,
    0xA913, 0xB0B5, 0xB0B6, 0xA8D7, 0xA918, 0xA159, 0xA17A, 0x99BB, 0x99DC, 0x91FC, 0x91FD, 0x8A1D, 0x8A3E, 0x8A3E, 0x823F, 0x823F,
    0x8981, 0x8981, 0x8982, 0x8982, 0x8983, 0x8984, 0x8984, 0x8985, 0x8966, 0x8947, 0x8968, 0x818A, 0x79CB, 0x79EC, 0x81CE, 0x91B0,
    0xA192, 0xA954, 0xB155, 0xA956, 0xA977, 0xA1B9, 0xA1DA, 0x9A1B, 0x9A3B, 0x923C, 0x925D, 0x8A5D, 0x8A7E, 0x8A9E, 0x827F, 0x829F,
    0x89C1, 0x89C1, 0x89C2, 0x89C2, 0x89C3, 0x89C4, 0x91C4, 0x89C5, 0x89A6, 0x89A7, 0x8988, 0x89A9, 0x81CB, 0x7A0C, 0x820D, 0x89EF,
    0x99F1, 0xA9D3, 0xB1B5, 0xA9B6, 0xA9D7, 0xA218, 0xA239, 0xA25A, 0x9A7B, 0x929C, 0x92BD, 0x8ABD, 0x8ABE, 0x8ADE, 0x82DE, 0x82DF,
    0x8A01, 0x8A01, 0x8A02, 0x8A02, 0x9203, 0x9204, 0x9204, 0x91E5, 0x91E6, 0x91E7, 0x91C8, 0x89C9, 0x89EA, 0x822C, 0x822D, 0x8A2E,
    0x9230, 0xA233, 0xAA14, 0xAA16, 0xAA37, 0xAA58, 0xA279, 0xA2BA, 0x9ADB, 0x9ADC, 0x92FC, 0x931D, 0x8B1E, 0x8B1E, 0x8B3E, 0x833F,
    0x8A21, 0x8A41, 0x8A42, 0x9243, 0x9243, 0x9244, 0x9244, 0x9245, 0x9226, 0x9227, 0x9228, 0x9208, 0x8A0A, 0x8A2B, 0x826D, 0x8A6E,
    0x9270, 0xA272, 0xAA54, 0xB255, 0xAA76, 0xAAB8, 0xA2D9, 0xA2FA, 0xA31B, 0x9B5B, 0x9B7C, 0x937D, 0x937D, 0x8B7E, 0x8B7E, 0x8B7F,
    0x8A61, 0x8A62, 0x9282, 0x9283, 0x9283, 0x9284, 0x9284, 0x9285, 0x9286, 0x9267, 0x9268, 0x9248, 0x9249, 0x8A4B, 0x8A6D, 0x82AE,
    0x8AAF, 0x9AB1, 0xAAB4, 0xB2B5, 0xB2B6, 0xAAF7, 0xAB18, 0xA359, 0xA37A, 0xA39B, 0x9BBC, 0x9BBD, 0x9BDD, 0x93DE, 0x93DE, 0x8BBE,
    0x92A1, 0x92A2, 0x92A2, 0x92C3, 0x92C3, 0x92C4, 0x92C5, 0x92C5, 0x92C6, 0x92A7, 0x92A8, 0x92A8, 0x92A9, 0x928A, 0x8AAC, 0x8ACE,
    0x8ACF, 0x9AD1, 0xA2F3, 0xAAF5, 0xB316, 0xAB37, 0xAB58, 0xAB99, 0xA3BA, 0xA3DB, 0xA3FC, 0x9BFC, 0x9BFD, 0x9C1E, 0x941E, 0x941E,
    0x9301, 0x9302, 0x9302, 0x9B03, 0x9B24, 0x9B24, 0x9B25, 0x9B25, 0x9B06, 0x9307, 0x9308, 0x92E9, 0x92EA, 0x92EB, 0x92CC, 0x8AED,
    0x8B0F, 0x9330, 0xA332, 0xAB54, 0xB356, 0xAB77, 0xAB98, 0xABD9, 0xA3FA, 0xA41B, 0xA43B, 0xA43C, 0x9C3D, 0xA47D, 0x9C5E, 0x9C5E,
    0x9B61, 0x9B82, 0x9B82, 0x9B83, 0x9B84, 0x9B84, 0xA385, 0xA386, 0x9B86, 0x9B67, 0x9B68, 0x9B49, 0x9B4A, 0x934B, 0x934C, 0x934D,
    0x8B4F, 0x9370, 0x9B92, 0xAB94, 0xB3B6, 0xABD7, 0xABF8, 0xAC19, 0xAC3A, 0xA45B, 0xA47B, 0xA49C, 0xA49D, 0xA4BD, 0xA49E, 0x9C9E,
    0xA3E1, 0xA3E2, 0xA3E2, 0xA3E3, 0xA3E4, 0xA405, 0xA405, 0xA406, 0xA407, 0xA3E8, 0xA3E8, 0xA3C9, 0x9BAA, 0x9B8B, 0x9B8C, 0x9B8D,
    0x938F, 0x93B0, 0x9BD1, 0xA3F3, 0xABF5, 0xAC17, 0xAC38, 0xAC79, 0xAC9A, 0xA49A, 0xA4BB, 0xA4DC, 0xA4DC, 0xA4FD, 0xA4FE, 0xA4FE,
    0xAC60, 0xAC61, 0xAC62, 0xAC63, 0xAC64, 0xAC65, 0xAC66, 0xAC86, 0xAC87, 0xAC68, 0xAC69, 0xAC4A, 0xA42B, 0xA40C, 0x9C0D, 0x9BEE,
    0x9BEF, 0x9BF0, 0x9C11, 0xA433, 0xAC55, 0xAC76, 0xAC98, 0xACB9, 0xACDA, 0xACFA, 0xAD1B, 0xAD1C, 0xA51C, 0xAD5D, 0xA53D, 0xA53E,
    0xACC1, 0xACE2, 0xACE3, 0xB4E4, 0xB4E5, 0xB4E5, 0xB4E6, 0xB4E7, 0xB4E8, 0xB4E9, 0xB4EA, 0xACCB, 0xACCC, 0xACAD, 0xA48E, 0xA46E,
    0x9C4F, 0x9C50, 0x9C51, 0x9C73, 0xAC95, 0xACB6, 0xACD7, 0xACF9, 0xAD19, 0xAD3A, 0xAD5B, 0xAD5C, 0xA55C, 0xAD7D, 0xA57D, 0xA57E,
    0xAD22, 0xAD23, 0xAD24, 0xB544, 0xB545, 0xB546, 0xB547, 0xB548, 0xB548, 0xB549, 0xB54A, 0xB54B, 0xB52D, 0xAD2D, 0xAD0E, 0xAD0F,
    0xA4F0, 0xA4D1, 0xA4B1, 0xA4B3, 0xA4D4, 0xACF6, 0xAD17, 0xAD38, 0xAD59, 0xAD5A, 0xAD7B, 0xA57B, 0xA59C, 0xADBD, 0xA5BD, 0xA5BE,
    0xA544, 0xA544, 0xA545, 0xA546, 0xA566, 0xAD67, 0xAD68, 0xAD69, 0xAD69, 0xAD6A, 0xAD8B, 0xAD8C, 0xAD6D, 0xAD6E, 0xAD6F, 0xAD50,
    0xAD51, 0xA552, 0xA532, 0xA513, 0xA514, 0xA536, 0xA537, 0xAD78, 0xAD79, 0xAD9A, 0xADBB, 0xADBB, 0xADDC, 0xADFD, 0xADFD, 0xAE1E,
    0x9DA6, 0x9DA6, 0x9DA7, 0xA5A7, 0xA5A8, 0xA5C9, 0xA5C9, 0xADCA, 0xADCB, 0xADCC, 0xADCD, 0xADCE, 0xADAF, 0xA5B0, 0xA5B0, 0xA5B1,
    0xA592, 0xA593, 0xA593, 0xA574, 0xA554, 0xA575, 0xA577, 0xA5B8, 0xADB9, 0xADDA, 0xADFB, 0xAE1B, 0xAE1C, 0xAE3D, 0xAE3D, 0xAE3E,
    0x95E7, 0x95E8, 0x9DE8, 0x9E09, 0x9E09, 0x9E0A, 0xA60B, 0xA60B, 0xA60C, 0xA60D, 0xA60E, 0xA60F, 0xA5F0, 0xA5F1, 0xA5F1, 0xA5F2,
    0xA5F3, 0xA5D4, 0xA5D4, 0xADD5, 0xADB5, 0xA5B5, 0xA5B6, 0xA5D8, 0xADF9, 0xAE1A, 0xAE1B, 0xAE3B, 0xAE5C, 0xAE5D, 0xAE5D, 0xAE7E,
    0x8E29, 0x9629, 0x962A, 0x964A, 0x964B, 0x9E4B, 0x9E4C, 0x9E4D, 0xA64D, 0xA64E, 0xA64F, 0xA630, 0xA631, 0xA632, 0xA632, 0xA633,
    0xA634, 0xAE35, 0xAE15, 0xAE16, 0xAE16, 0xADF6, 0xA5F6, 0xA618, 0xAE19, 0xAE3A, 0xAE5A, 0xAE5B, 0xAE7C, 0xAE7D, 0xAE9D, 0xAE9E,
    0x8E6B, 0x8E6B, 0x8E6B, 0x968C, 0x968C, 0x968D, 0x9E8D, 0x9E8E, 0x9E8F, 0xA68F, 0xA670, 0xA671, 0xA672, 0xA673, 0xAE73, 0xAE74,
    0xAE75, 0xAE75, 0xAE76, 0xB656, 0xB657, 0xB637, 0xAE37, 0xA638, 0xA659, 0xAE5A, 0xAE7A, 0xAE7B, 0xAE9C, 0xB6BD, 0xB6BD, 0xB6BE,
    0x8EAC, 0x8EAD, 0x8EAD, 0x8EAD, 0x96AE, 0x96CE, 0x96CF, 0x9ED0, 0x9ED0, 0x9EB1, 0xA6B1, 0xA6B2, 0xA6B3, 0xAEB4, 0xAEB4, 0xAEB5,
    0xAEB6, 0xAEB6, 0xB697, 0xB697, 0xB697, 0xB698, 0xB678, 0xAE78, 0xAE78, 0xAE9A, 0xAE9A, 0xAE9B, 0xAEBC, 0xB6DD, 0xB6DD, 0xB6DE,
    0x8EEE, 0x8EEE, 0x8EEF, 0x8EEF, 0x8EEF, 0x96F0, 0x96F0, 0x9EF1, 0x9EF1, 0x9EF2, 0xA6F3, 0xA6F3, 0xAED4, 0xAED5, 0xAED5, 0xAED6,
    0xB6D6, 0xB6D7, 0xB6D7, 0xBED8, 0xBED8, 0xBEB8, 0xBEB8, 0xB6B8, 0xAEB9, 0xAEB9, 0xAEBA, 0xAEDB, 0xB6DC, 0xB6FD, 0xB6FD, 0xB6FE,
    0x8F10, 0x8F10, 0x8F10, 0x8F11, 0x9711, 0x9711, 0x9712, 0x9F12, 0x9F12, 0xA713, 0xA714, 0xAF14, 0xAF15, 0xAF16, 0xB716, 0xB716,
    0xB717, 0xB717, 0xBF18, 0xBF18, 0xBEF9, 0xBEF9, 0xBEF9, 0xBEF9, 0xB6F9, 0xB6FA, 0xAEFA, 0xAEFB, 0xB6FC, 0xB71D, 0xB71D, 0xB71E,
    0x8F51, 0x9752, 0x9752, 0x9752, 0x9752, 0x9733, 0x9F33, 0x9F33, 0xA734, 0xA734, 0xAF35, 0xAF35, 0xAF36, 0xB736, 0xB737, 0xB737,
    0xBF38, 0xBF38, 0xBF38, 0xC739, 0xC739, 0xC719, 0xC71A, 0xC71A, 0xC71A, 0xBF1A, 0xB71A, 0xB71B, 0xB73C, 0xB73D, 0xB73D, 0xB73E,
    0x9773, 0x9773, 0x9F73, 0x9F74, 0x9F53, 0x9F54, 0x9F54, 0xA755, 0xA755, 0xAF75, 0xAF76, 0xB756, 0xB757, 0xB757, 0xBF58, 0xBF58,
    0xBF58, 0xC759, 0xC759, 0xC759, 0xC75A, 0xCF5A, 0xCF5A, 0xCF5A, 0xCF3A, 0xC75A, 0xBF5A, 0xB75B, 0xB75C, 0xB75C, 0xB75D, 0xB75E,
    0x9F94, 0x9F95, 0xA795, 0x9F75, 0xA775, 0xA775, 0xA775, 0xAF76, 0xAF76, 0xAF96, 0xB797, 0xB777, 0xB778, 0xBF78, 0xBF78, 0xBF79,
    0xC779, 0xC779, 0xC77A, 0xCF7A, 0xCF7A, 0xCF7A, 0xCF7A, 0xCF7B, 0xCF7B, 0xCF7B, 0xC77B, 0xBF7B, 0xB77C, 0xB77C, 0xB77D, 0xBF7E,
    0xA7B6, 0xA7B6, 0xA796, 0xA796, 0xAF96, 0xAF96, 0xAF96, 0xAF97, 0xB797, 0xB797, 0xB798, 0xBF98, 0xBF98, 0xBF99, 0xC799, 0xC799,
    0xC79A, 0xCF9A, 0xCF9A, 0xCF9A, 0xCF9B, 0xD79B, 0xD79B, 0xD79B, 0xD79B, 0xD79C, 0xCF9C, 0xC79C, 0xBF9C, 0xBF9C, 0xB79D, 0xBF9E,
    0xAFD7, 0xAFB7, 0xAFB7, 0xAFB7, 0xAFB7, 0xB7B7, 0xB7B8, 0xB7B8, 0xB7B8, 0xBFB8, 0xBFB9, 0xBFB9, 0xC7B9, 0xC7B9, 0xC7BA, 0xCFBA,
    0xCFBA, 0xCFBA, 0xCFBA, 0xD7BB, 0xD7BB, 0xD7BB, 0xD7BB, 0xD7BC, 0xD7BC, 0xD7BC, 0xD7BC, 0xCFBC, 0xC7BC, 0xBFBC, 0xBFBD, 0xBFBE,
    0x9080, 0x9081, 0x8861, 0x8842, 0x8823, 0x8804, 0x8804, 0x8806, 0x8807, 0x8048, 0x78AA, 0x78EB, 0x80CC, 0x886D, 0x900F, 0xA812,
    0xB815, 0xC016, 0xC017, 0xB818, 0xB819, 0xB019, 0xB01A, 0xB01B, 0xA81C, 0xA81C, 0xA01D, 0xA01E, 0x983E, 0x907E, 0x90BF, 0x88FF,
    0x90A0, 0x90A1, 0x8881, 0x8882, 0x8863, 0x8824, 0x8804, 0x8805, 0x8807, 0x8068, 0x78AA, 0x790B, 0x78EC, 0x888D, 0x900F, 0xA012,
    0xB815, 0xC016, 0xC017, 0xB818, 0xB819, 0xB019, 0xB01A, 0xB01B, 0xA81C, 0xA81C, 0xA01D, 0xA01E, 0x987E, 0x90BE, 0x90DF, 0x88FF,
    0x90C0, 0x90C1, 0x90C1, 0x90A2, 0x88A3, 0x8884, 0x8844, 0x8805, 0x8827, 0x8088, 0x78CA, 0x790B, 0x790C, 0x88CD, 0x902F, 0xA012,
    0xB014, 0xB816, 0xC017, 0xB818, 0xB818, 0xB019, 0xB01A, 0xB01B, 0xA81C, 0xA81C, 0xA03D, 0xA07E, 0x98BE, 0x90FE, 0x911F, 0x893F,
    0x9100, 0x9101, 0x90E2, 0x90E2, 0x90E3, 0x90C4, 0x88A4, 0x8865, 0x8847, 0x80A8, 0x80EA, 0x792B, 0x792C, 0x890D, 0x90AF, 0xA011,
    0xB014, 0xB816, 0xC017, 0xB818, 0xB018, 0xB019, 0xB01A, 0xA81B, 0xA81C, 0xA05C, 0xA0BD, 0x98FD, 0x991E, 0x913E, 0x915F, 0x897F,
    0x9120, 0x9121, 0x9122, 0x9122, 0x9103, 0x9104, 0x90E4, 0x90C5, 0x8886, 0x88C8, 0x8109, 0x794B, 0x796C, 0x814D, 0x910F, 0x9891,
    0xB014, 0xB816, 0xB817, 0xB818, 0xB018, 0xB019, 0xB01A, 0xA87B, 0xA8DC, 0xA0FC, 0xA13D, 0x993D, 0x995E, 0x919E, 0x919F, 0x89BF,
    0x9140, 0x9141, 0x9142, 0x9142, 0x9143, 0x9144, 0x9124, 0x9105, 0x90E6, 0x88E8, 0x8929, 0x816B, 0x798C, 0x818D, 0x894E, 0x9910,
    0xA893, 0xB815, 0xB816, 0xB817, 0xB038, 0xB079, 0xB0DA, 0xA91B, 0xA95C, 0xA17C, 0xA1BD, 0x99BD, 0x99DE, 0x91DE, 0x91FF, 0x89FF,
    0x9161, 0x9161, 0x9162, 0x9162, 0x9163, 0x9164, 0x9164, 0x9145, 0x9126, 0x9127, 0x8949, 0x818A, 0x79AB, 0x81CD, 0x89AE, 0x9170,
    0xA932, 0xB0D5, 0xB896, 0xB897, 0xB0D8, 0xB119, 0xA95A, 0xA99B, 0xA9BB, 0xA1DC, 0xA1FD, 0x99FD, 0x9A3E, 0x923E, 0x923F, 0x8A3F,
    0x91A1, 0x91A1, 0x9182, 0x91A2, 0x91A3, 0x99A4, 0x99A4, 0x9185, 0x9186, 0x9167, 0x9148, 0x898A, 0x81CB, 0x81EC, 0x89EE, 0x91CF,
    0xA1B2, 0xB174, 0xB956, 0xB957, 0xB158, 0xB198, 0xA9DA, 0xA9FA, 0xAA1B, 0xA23C, 0xA25D, 0x9A5D, 0x9A7E, 0x927E, 0x927E, 0x8A9F,
    0x91C1, 0x91C1, 0x91C2, 0x99C2, 0x99C3, 0x99C4, 0x99C4, 0x99C5, 0x99A6, 0x99A7, 0x9188, 0x91A9, 0x89CB, 0x820C, 0x822D, 0x8A0F,
    0x9A11, 0xA9F3, 0xB1D5, 0xB9B6, 0xB1D7, 0xB1F8, 0xB239, 0xAA5A, 0xAA7B, 0xA29C, 0xA2BD, 0x9ABD, 0x9ABE, 0x92DE, 0x92DE, 0x8ADF,
    0x9201, 0x9201, 0x9A02, 0x9A02, 0x9A03, 0x9A04, 0x9A04, 0x9A05, 0x99E6, 0x99E7, 0x99C8, 0x99C9, 0x91EA, 0x8A0C, 0x824D, 0x8A4E,
    0x9250, 0xA232, 0xB235, 0xBA16, 0xB237, 0xB258, 0xB279, 0xAABA, 0xAABB, 0xA2DC, 0xA2FC, 0x9AFD, 0x9B1D, 0x933E, 0x933E, 0x8B3F,
    0x9A41, 0x9A41, 0x9A42, 0x9A43, 0x9A43, 0x9A44, 0x9A44, 0x9A45, 0x9A26, 0x9A27, 0x9A28, 0x9A09, 0x9A0A, 0x922C, 0x8A6D, 0x8A6E,
    0x9270, 0x9A71, 0xAA74, 0xB275, 0xBA76, 0xB297, 0xB2D8, 0xB2FA, 0xAB1A, 0xAB3B, 0xA37C, 0xA37D, 0x9B7D, 0x9B7E, 0x939E, 0x939F,
    0x9A81, 0x9A82, 0x9A82, 0x9A83, 0x9A83, 0x9A84, 0x9A84, 0x9A85, 0x9A86, 0x9A67, 0x9A68, 0x9A69, 0x9A4A, 0x9A4B, 0x926D, 0x8AAE,
    0x92AF, 0x9AB1, 0xAAB3, 0xB2B5, 0xBAD6, 0xB2F7, 0xB318, 0xB339, 0xAB7A, 0xAB9B, 0xABBC, 0xA3BD, 0xA3DD, 0x9BFE, 0x9BDE, 0x93DE,
    0x9AA1, 0x9AA2, 0x9AA2, 0x9AC3, 0x9AC3, 0x9AC4, 0x9AC5, 0xA2C5, 0x9AC6, 0x9AC7, 0x9AA8, 0x9AA9, 0x9AAA, 0x9A8B, 0x9AAC, 0x92CE,
    0x92EF, 0x9AF0, 0xA2F2, 0xB314, 0xB316, 0xBB37, 0xB358, 0xB399, 0xB3BA, 0xABDB, 0xABFC, 0xA3FC, 0xA41D, 0xA43E, 0x9C1E, 0x9C1E,
    0x9B01, 0x9B02, 0x9B02, 0x9B03, 0xA304, 0xA304, 0xA325, 0xA305, 0xA306, 0xA307, 0xA308, 0xA2E9, 0x9AEA, 0x9AEB, 0x9ACC, 0x9AED,
    0x932F, 0x9330, 0xA352, 0xAB54, 0xB355, 0xBB77, 0xB398, 0xB3D9, 0xB3FA, 0xAC1B, 0xAC3B, 0xAC3C, 0xA43D, 0xA47D, 0xA45E, 0x9C5E,
    0xA361, 0xA362, 0xA362, 0xA363, 0xA364, 0xA384, 0xA385, 0xA386, 0xA366, 0xA367, 0xA348, 0xA349, 0xA34A, 0xA34B, 0x9B4C, 0x9B2D,
    0x9B4F, 0x9370, 0x9B91, 0xAB93, 0xB3B5, 0xBBB7, 0xB3D8, 0xB419, 0xB43A, 0xB45A, 0xAC7B, 0xAC9C, 0xAC9D, 0xACBD, 0xA4BE, 0xA4BE,
    0xABC1, 0xABE2, 0xABE2, 0xABE3, 0xABE4, 0xABE5, 0xABE5, 0xABE6, 0xABE7, 0xABE8, 0xABC8, 0xA3A9, 0xA3AA, 0xA38B, 0xA38C, 0xA38D,
    0xA38E, 0x9BB0, 0x9BD1, 0xA3D3, 0xB3F5, 0xBC16, 0xB438, 0xB459, 0xB47A, 0xB49A, 0xB4BB, 0xACDC, 0xACDC, 0xACFD, 0xACFD, 0xACFE,
    0xB441, 0xB442, 0xB443, 0xB443, 0xB464, 0xB465, 0xB466, 0xB466, 0xB467, 0xB468, 0xB449, 0xAC2A, 0xAC2B, 0xA40C, 0xA3ED, 0xA3ED,
    0xA3EF, 0xA3F0, 0x9C11, 0xA413, 0xB435, 0xB456, 0xB478, 0xB499, 0xB4DA, 0xB4FA, 0xB4FB, 0xB51C, 0xAD1C, 0xB55D, 0xAD3D, 0xAD3E,
    0xB4C1, 0xB4C2, 0xB4C3, 0xB4C4, 0xB4C5, 0xB4C5, 0xB4C6, 0xBCE7, 0xBCE8, 0xBCE8, 0xB4C9, 0xB4CA, 0xB4AB, 0xAC8C, 0xAC6D, 0xA44E,
    0xA44F, 0xA450, 0xA451, 0xA472, 0xAC74, 0xB496, 0xB4D7, 0xB4F8, 0xB519, 0xB53A, 0xB55B, 0xB55C, 0xAD5C, 0xB57D, 0xAD7D, 0xAD7E,
    0xB521, 0xBD22, 0xBD43, 0xBD44, 0xBD45, 0xBD46, 0xBD47, 0xBD48, 0xBD48, 0xBD49, 0xBD4A, 0xBD4B, 0xB52C, 0xB50D, 0xB50E, 0xACEF,
    0xACD0, 0xACB0, 0xACB1, 0xA4B2, 0xACD4, 0xB4F6, 0xB4F7, 0xB538, 0xB539, 0xB55A, 0xB57B, 0xB57B, 0xAD7C, 0xB5BD, 0xAD9D, 0xADBE,
    0xB563, 0xB583, 0xB584, 0xBD85, 0xBD86, 0xBD87, 0xBD88, 0xBDA8, 0xBDA9, 0xBDAA, 0xBDAB, 0xBDAC, 0xBD8D, 0xB56E, 0xB56F, 0xB570,
    0xB551, 0xB531, 0xAD12, 0xAD13, 0xAD14, 0xB515, 0xB537, 0xB558, 0xB579, 0xB59A, 0xB59B, 0xB5BB, 0xB5BC, 0xB5DD, 0xB5DD, 0xB5FE,
    0xAD85, 0xADA5, 0xADA6, 0xADA7, 0xB5A7, 0xB5A8, 0xB5A9, 0xB5CA, 0xB5CA, 0xB5CB, 0xB5CC, 0xB5CD, 0xB5CE, 0xB5AF, 0xB5B0, 0xB5B1,
    0xB5B2, 0xB592, 0xB593, 0xAD74, 0xAD54, 0xAD55, 0xB577, 0xB598, 0xB5B9, 0xB5DA, 0xB5DB, 0xB5FB, 0xB61C, 0xB61D, 0xB63D, 0xB63E,
    0xA5E7, 0xA5E7, 0xA5E8, 0xAE08, 0xAE09, 0xAE0A, 0xAE0A, 0xB60B, 0xB60C, 0xB60D, 0xB60D, 0xB60E, 0xB5EF, 0xB5F0, 0xB5F1, 0xB5F2,
    0xB5F3, 0xB5F3, 0xB5D4, 0xB5D5, 0xADD5, 0xADB5, 0xADB6, 0xB5D8, 0xB5F9, 0xB5FA, 0xB61B, 0xB63B, 0xB65C, 0xB65D, 0xB65D, 0xB67E,
    0x9E28, 0x9E29, 0xA629, 0xA64A, 0xA64A, 0xA64B, 0xAE4C, 0xAE4C, 0xAE4D, 0xAE4E, 0xB64F, 0xB630, 0xB630, 0xB631, 0xB632, 0xB633,
    0xB634, 0xB634, 0xB635, 0xB615, 0xB616, 0xB5F6, 0xB5F6, 0xADF7, 0xB619, 0xB63A, 0xB65A, 0xB65B, 0xB67C, 0xB67D, 0xB69D, 0xB69E,
    0x9E6A, 0x9E6A, 0x9E6B, 0x9E8B, 0xA68C, 0xA68D, 0xA68D, 0xA68E, 0xAE8E, 0xAE8F, 0xAE70, 0xAE71, 0xAE72, 0xB672, 0xB673, 0xB674,
    0xB675, 0xB675, 0xB676, 0xB656, 0xB657, 0xB657, 0xB637, 0xB638, 0xB638, 0xB65A, 0xB67A, 0xB67B, 0xB69C, 0xB6BD, 0xB6BD, 0xBEDE,
    0x96AC, 0x96AC, 0x9EAD, 0x9EAD, 0x9EAD, 0x9ECE, 0xA6CF, 0xA6CF, 0xA6D0, 0xAEB0, 0xAEB1, 0xAEB2, 0xAEB3, 0xB6B3, 0xB6B4, 0xB6B5,
    0xB6B5, 0xB6B6, 0xB6B7, 0xB697, 0xBE97, 0xBE98, 0xBE78, 0xB678, 0xB678, 0xB699, 0xB69A, 0xB69B, 0xB6BC, 0xBEDD, 0xBEDD, 0xBEFE,
    0x96EE, 0x96EE, 0x96EE, 0x9EEF, 0x9EEF, 0x9EF0, 0xA6F0, 0xA6F1, 0xA6F1, 0xAEF2, 0xAEF2, 0xAEF3, 0xB6F4, 0xB6D4, 0xB6D5, 0xB6D6,
    0xB6D6, 0xB6D7, 0xBED7, 0xBED8, 0xBED8, 0xBED8, 0xBEB9, 0xBEB9, 0xB6B9, 0xB6B9, 0xB6BA, 0xB6DB, 0xBEDC, 0xBEFD, 0xBEFD, 0xBF1E,
    0x970F, 0x9710, 0x9710, 0x9F10, 0x9F11, 0x9F31, 0xA711, 0xA712, 0xA712, 0xAF13, 0xAF13, 0xAF14, 0xB715, 0xB715, 0xB716, 0xB716,
    0xBF17, 0xBF17, 0xBF18, 0xC718, 0xC719, 0xC6F9, 0xC6F9, 0xC6F9, 0xBEF9, 0xB6FA, 0xB6FA, 0xB6FB, 0xBF1C, 0xBF1D, 0xBF1D, 0xBF3E,
    0x9751, 0x9F51, 0x9F52, 0x9F52, 0x9F52, 0x9F32, 0xA733, 0xA733, 0xAF33, 0xAF34, 0xAF35, 0xB735, 0xB736, 0xB736, 0xBF37, 0xBF37,
    0xBF38, 0xBF38, 0xC739, 0xC739, 0xC739, 0xCF3A, 0xCF3A, 0xCF3A, 0xC71A, 0xC71A, 0xBF1A, 0xBF1B, 0xBF3C, 0xBF3D, 0xBF3D, 0xBF3E,
    0x9F73, 0x9F73, 0x9F73, 0xA773, 0xA753, 0xA754, 0xA754, 0xAF54, 0xAF55, 0xAF75, 0xB776, 0xB776, 0xB757, 0xBF57, 0xBF58, 0xBF58,
    0xC758, 0xC759, 0xC759, 0xCF59, 0xCF5A, 0xCF5A, 0xCF5A, 0xCF5A, 0xCF5B, 0xCF5B, 0xC75B, 0xBF5B, 0xBF5C, 0xBF5C, 0xBF5D, 0xBF5E,
    0xA794, 0xA794, 0xA795, 0xA794, 0xA795, 0xAF75, 0xAF75, 0xAF76, 0xB796, 0xB796, 0xB797, 0xBF97, 0xBF77, 0xBF78, 0xC778, 0xC779,
    0xC779, 0xC779, 0xCF7A, 0xCF7A, 0xCF7A, 0xD77A, 0xD77B, 0xD77B, 0xD77B, 0xD77B, 0xCF7B, 0xC77B, 0xBF7C, 0xBF7C, 0xBF7D, 0xBF7E,
    0xAFB6, 0xAFB6, 0xAF96, 0xAF96, 0xAF96, 0xAF96, 0xB796, 0xB797, 0xB797, 0xB797, 0xBF98, 0xBF98, 0xBF98, 0xC799, 0xC799, 0xC799,
    0xCF9A, 0xCF9A, 0xCF9A, 0xD79A, 0xD79B, 0xD79B, 0xD79B, 0xD79B, 0xD79B, 0xD79C, 0xD79C, 0xCF9C, 0xC79C, 0xBF9C, 0xBF9D, 0xC79E,
    0xB7D7, 0xAFB7, 0xB7B7, 0xB7B7, 0xB7B7, 0xB7B7, 0xB7B7, 0xB7B8, 0xBFB8, 0xBFB8, 0xBFB8, 0xC7B9, 0xC7B9, 0xC7B9, 0xCFBA, 0xCFBA,
    0xCFBA, 0xCFBA, 0xD7BB, 0xD7BB, 0xD7BB, 0xD7BB, 0xD7BC, 0xD7BC, 0xDFBC, 0xDFBC, 0xDFBC, 0xD7BC, 0xCFBC, 0xC7BC, 0xC7BD, 0xC7BE,
    0x9880, 0x9881, 0x9861, 0x9862, 0x9823, 0x9004, 0x9004, 0x9005, 0x9007, 0x8808, 0x886A, 0x80CB, 0x810C, 0x88AD, 0x982F, 0xA011,
    0xB014, 0xC016, 0xC817, 0xC818, 0xC819, 0xC019, 0xB81A, 0xB81B, 0xB81C, 0xB01C, 0xB01D, 0xA81D, 0xA81E, 0xA05E, 0x987F, 0x98DF,
    0x98A0, 0x98A1, 0x98A1, 0x9882, 0x9863, 0x9824, 0x9804, 0x9005, 0x9007, 0x8808, 0x888A, 0x80EB, 0x810C, 0x88CD, 0x986F, 0xA011,
    0xB014, 0xC016, 0xC817, 0xC818, 0xC819, 0xC01A, 0xB81A, 0xB81B, 0xB81C, 0xB01C, 0xB01D, 0xA81E, 0xA83E, 0xA09E, 0x98BF, 0x98FF,
    0x98E0, 0x98E1, 0x98C1, 0x98C2, 0x98A3, 0x9884, 0x9844, 0x9805, 0x9007, 0x9048, 0x88AA, 0x80EB, 0x812C, 0x88ED, 0x90AF, 0xA011,
    0xB014, 0xC016, 0xC817, 0xC818, 0xC819, 0xC019, 0xB81A, 0xB81B, 0xB81C, 0xB01C, 0xB01D, 0xA85D, 0xA89E, 0xA0FE, 0x98FF, 0x991F,
    0x9900, 0x9901, 0x9902, 0x98E2, 0x98E3, 0x98C4, 0x98A4, 0x9865, 0x9006, 0x9068, 0x88CA, 0x810B, 0x814C, 0x892D, 0x90EF, 0xA071,
    0xB013, 0xC016, 0xC817, 0xC818, 0xC019, 0xC019, 0xB81A, 0xB81B, 0xB01C, 0xB03C, 0xB09D, 0xA8DD, 0xA0FE, 0xA13E, 0x993F, 0x995F,
    0x9920, 0x9921, 0x9922, 0x9922, 0x9923, 0x9904, 0x98E4, 0x98C5, 0x9886, 0x90A8, 0x88E9, 0x892B, 0x816C, 0x896D, 0x912F, 0x98D0,
    0xB033, 0xB815, 0xC017, 0xC818, 0xC019, 0xC019, 0xB81A, 0xB83B, 0xB09B, 0xB0DC, 0xB11D, 0xA93D, 0xA15E, 0xA17E, 0x999F, 0x999F,
    0x9940, 0x9941, 0x9942, 0x9942, 0x9943, 0x9944, 0x9924, 0x9905, 0x98E6, 0x98C7, 0x9109, 0x894B, 0x818C, 0x818D, 0x916E, 0x9950,
    0xA8D2, 0xB855, 0xC017, 0xC818, 0xC018, 0xC039, 0xB89A, 0xB8FB, 0xB13B, 0xB17C, 0xB19D, 0xA99D, 0xA9DE, 0xA1DE, 0x99DF, 0x99FF,
    0x9960, 0x9961, 0x9962, 0x9962, 0xA163, 0xA164, 0xA164, 0x9945, 0x9946, 0x9907, 0x9129, 0x916A, 0x89AC, 0x81CD, 0x89AE, 0x9990,
    0xA152, 0xB0F4, 0xC0B6, 0xC097, 0xC0B8, 0xB8F9, 0xB93A, 0xB97A, 0xB1BB, 0xB1BC, 0xA9FD, 0xA9FD, 0xA21E, 0xA23E, 0x9A3E, 0x9A3F,
    0x99A1, 0x99A1, 0xA1A2, 0xA1A2, 0xA1A3, 0xA1A4, 0xA1A4, 0xA185, 0xA186, 0x9967, 0x9948, 0x918A, 0x91CB, 0x89ED, 0x8A0E, 0x91EF,
    0xA1D1, 0xB194, 0xB976, 0xC157, 0xC158, 0xB979, 0xB9B9, 0xB1DA, 0xB21B, 0xB21C, 0xAA5D, 0xAA5D, 0xA27E, 0xA27E, 0x9A7E, 0x9A9F,
    0xA1C1, 0xA1C1, 0xA1C2, 0xA1C2, 0xA1C3, 0xA1C4, 0xA1C4, 0xA1C5, 0xA1C6, 0xA1A7, 0xA188, 0x9989, 0x91CB, 0x8A0C, 0x8A2D, 0x922F,
    0x9A10, 0xA9F3, 0xB9F5, 0xC1D7, 0xC1D8, 0xC1D8, 0xBA19, 0xBA3A, 0xB27B, 0xB27C, 0xAABC, 0xAABD, 0xA2BE, 0xA2DE, 0x9ADE, 0x9ADF,
    0xA201, 0xA201, 0xA202, 0xA203, 0xA203, 0xA204, 0xA204, 0xA205, 0xA206, 0xA1E7, 0xA1E8, 0xA1C9, 0x99EA, 0x920C, 0x8A4D, 0x926E,
    0x9A70, 0xA252, 0xB254, 0xBA36, 0xC237, 0xC238, 0xBA59, 0xBA9A, 0xB2BB, 0xB2DB, 0xAAFC, 0xAAFD, 0xA31D, 0xA33E, 0x9B3E, 0x9B3F,
    0xA241, 0xA241, 0xA242, 0xA243, 0xA243, 0xA244, 0xA244, 0xA245, 0xA246, 0xA227, 0xA228, 0xA209, 0xA20A, 0x9A2C, 0x924D, 0x8A8E,
    0x9290, 0xA291, 0xAA93, 0xBA95, 0xC297, 0xC298, 0xBAB8, 0xBAFA, 0xB31A, 0xB33B, 0xB37C, 0xAB7D, 0xAB7D, 0xA37E, 0xA39E, 0x9B9F,
    0xA281, 0xA282, 0xA282, 0xA283, 0xA283, 0xA284, 0xAA84, 0xAA85, 0xAA86, 0xAA87, 0xA268, 0xA269, 0xA24A, 0xA24B, 0x9A8D, 0x92AE,
    0x92CF, 0x9AD1, 0xAAD2, 0xB2D4, 0xBAF6, 0xC2F7, 0xBB18, 0xBB39, 0xBB7A, 0xB39B, 0xB3BC, 0xABBC, 0xABDD, 0xA3FE, 0xA3DE, 0x9BDE,
    0xA2C1, 0xA2C2, 0xA2C2, 0xA2C3, 0xA2C3, 0xAAC4, 0xAAC5, 0xAAC5, 0xAAC6, 0xAAC7, 0xAAA8, 0xA2A9, 0xA2AA, 0xA2AB, 0xA2AC, 0x9ACE,
    0x92EF, 0x9B10, 0xA312, 0xB314, 0xBB36, 0xBB37, 0xC358, 0xBB79, 0xBBBA, 0xB3DB, 0xB3FC, 0xB3FC, 0xAC1D, 0xAC3D, 0xA41E, 0xA41E,
    0xA301, 0xA302, 0xA302, 0xAB03, 0xAB04, 0xAB04, 0xAB05, 0xAB25, 0xAB06, 0xAB07, 0xAB08, 0xAB09, 0xA30A, 0xA2EB, 0xA2EC, 0xA2ED,
    0x9B2F, 0x9B30, 0xA352, 0xAB53, 0xBB75, 0xBB76, 0xC398, 0xBBD9, 0xBBFA, 0xBC1A, 0xB43B, 0xB43C, 0xAC5D, 0xAC7D, 0xAC5E, 0xA45E,
    0xAB61, 0xAB62, 0xAB62, 0xAB63, 0xAB64, 0xAB64, 0xAB65, 0xAB66, 0xAB66, 0xAB67, 0xAB48, 0xAB49, 0xAB4A, 0xAB4B, 0xAB4C, 0xAB2D,
    0xA34F, 0x9B70, 0xA391, 0xAB93, 0xB3B5, 0xBBD6, 0xC3D8, 0xC419, 0xBC3A, 0xBC5A, 0xBC7B, 0xB49C, 0xB49D, 0xB4BD, 0xACBE, 0xACBE,
    0xB3C1, 0xB3C2, 0xB3C3, 0xB3C3, 0xB3C4, 0xB3E5, 0xB3E5, 0xB3E6, 0xB3E7, 0xB3C8, 0xB3A8, 0xABA9, 0xABAA, 0xABAB, 0xAB8C, 0xAB8D,
    0xAB8E, 0xA3B0, 0xA3D1, 0xABD3, 0xB3F4, 0xBC16, 0xC438, 0xC459, 0xBC7A, 0xBC9A, 0xBCBB, 0xB4DC, 0xB4DC, 0xB4FD, 0xB4FD, 0xB4FE,
    0xB421, 0xB442, 0xB443, 0xB443, 0xBC44, 0xBC45, 0xBC46, 0xBC46, 0xBC47, 0xBC48, 0xB449, 0xB42A, 0xAC0B, 0xABEC, 0xABED, 0xABED,
    0xABEE, 0xABF0, 0xA3F1, 0xA413, 0xB434, 0xBC56, 0xC477, 0xC499, 0xBCB9, 0xBCDA, 0xBCFB, 0xBD1C, 0xB51C, 0xBD5D, 0xB53D, 0xB53E,
    0xBCA1, 0xBCA2, 0xBCA3, 0xBCA4, 0xBCC5, 0xBCC5, 0xBCC6, 0xBCC7, 0xBCC8, 0xBCC8, 0xBCC9, 0xBCAA, 0xB48B, 0xB46C, 0xB44D, 0xAC4E,
    0xAC4F, 0xAC30, 0xAC51, 0xAC52, 0xAC74, 0xB496, 0xBCB7, 0xC4D8, 0xBCF9, 0xBD1A, 0xBD3B, 0xBD5C, 0xB55C, 0xBD7D, 0xB57D, 0xB57E,
    0xBD21, 0xC522, 0xC523, 0xC524, 0xC525, 0xC526, 0xC527, 0xC528, 0xC528, 0xC529, 0xC52A, 0xBD2B, 0xBD0C, 0xBCED, 0xB4EE, 0xB4CF,
    0xB4AF, 0xB4B0, 0xB491, 0xACB2, 0xACB4, 0xB4D5, 0xBCF7, 0xBD18, 0xBD39, 0xBD5A, 0xBD5B, 0xBD7B, 0xB57C, 0xBDBD, 0xB59D, 0xB5BE,
    0xC582, 0xC583, 0xC584, 0xC585, 0xC586, 0xC587, 0xC588, 0xC588, 0xC589, 0xC58A, 0xC58B, 0xC58C, 0xC56D, 0xBD6E, 0xBD6F, 0xBD50,
    0xBD30, 0xB531, 0xB512, 0xB4F3, 0xACF4, 0xB515, 0xBD36, 0xBD58, 0xBD79, 0xBD9A, 0xBD9B, 0xBDBB, 0xBDBC, 0xBDDD, 0xBDDD, 0xBDFE,
    0xBDC4, 0xBDC5, 0xC5C5, 0xC5C6, 0xC5E7, 0xC5E8, 0xC5E9, 0xC5E9, 0xC5EA, 0xC5EB, 0xC5EC, 0xC5ED, 0xC5CE, 0xC5CF, 0xBDD0, 0xBDB1,
    0xBDB2, 0xBD92, 0xBD93, 0xB573, 0xB554, 0xB555, 0xBD76, 0xBD98, 0xBDB9, 0xBDDA, 0xBDDB, 0xBDFB, 0xBDFC, 0xBE1D, 0xBE1D, 0xBE3E,
    0xB5E6, 0xB5E6, 0xB5E7, 0xB5E7, 0xB5E8, 0xBE09, 0xBE0A, 0xBE0A, 0xBE0B, 0xBE0C, 0xBE0D, 0xBE0E, 0xBE0F, 0xBE10, 0xBE11, 0xBE12,
    0xBDF2, 0xBDF3, 0xBDF4, 0xBDD4, 0xB5B5, 0xB5B5, 0xB5B6, 0xBDB8, 0xBDD9, 0xBDFA, 0xBE1B, 0xBE1B, 0xBE3C, 0xBE5D, 0xBE5D, 0xBE7E,
    0xAE28, 0xAE28, 0xAE49, 0xB649, 0xB64A, 0xB64B, 0xB64B, 0xB64C, 0xBE4D, 0xBE4D, 0xBE4E, 0xBE4F, 0xBE50, 0xBE51, 0xBE32, 0xBE33,
    0xBE33, 0xBE34, 0xBE35, 0xBE35, 0xBE16, 0xBE16, 0xB5F6, 0xB5F7, 0xBE19, 0xBE3A, 0xBE3A, 0xBE5B, 0xBE7C, 0xBE7D, 0xBE9D, 0xBE9E,
    0xA66A, 0xA66A, 0xAE8A, 0xAE8B, 0xAE8C, 0xB68C, 0xB68D, 0xB68D, 0xB68E, 0xB68F, 0xB670, 0xBE70, 0xBE71, 0xBE72, 0xBE73, 0xBE74,
    0xBE74, 0xBE75, 0xBE76, 0xBE76, 0xBE57, 0xBE57, 0xBE37, 0xBE38, 0xB638, 0xBE5A, 0xBE7A, 0xBE7B, 0xBE9C, 0xBEBD, 0xBEBD, 0xC6DE,
    0xA6AB, 0xA6AC, 0xA6AC, 0xA6AD, 0xAEAD, 0xAECE, 0xAECE, 0xB6CF, 0xB6CF, 0xB6B0, 0xB6B1, 0xB6B2, 0xB6B2, 0xBEB3, 0xBEB4, 0xBEB5,
    0xBEB5, 0xBEB6, 0xBEB6, 0xBEB7, 0xBE97, 0xBE98, 0xBE98, 0xBE78, 0xBE78, 0xBE79, 0xBE9A, 0xBE9B, 0xBEBC, 0xBEDD, 0xC6FD, 0xC6FE,
    0x9EED, 0xA6EE, 0xA6EE, 0xA6EE, 0xA6EF, 0xAEEF, 0xAEF0, 0xAEF0, 0xAEF1, 0xB6F1, 0xB6F2, 0xB6F3, 0xB6F3, 0xBEF4, 0xBEF5, 0xBEF5,
    0xBEF6, 0xBED7, 0xBED7, 0xBED8, 0xC6D8, 0xC6D8, 0xC6D9, 0xC6B9, 0xBEB9, 0xBEB9, 0xBEBA, 0xBEDB, 0xBEFC, 0xC6FD, 0xC71D, 0xC71E,
    0x9F0F, 0xA70F, 0xA710, 0xA710, 0xA710, 0xAF31, 0xAF11, 0xAF11, 0xAF12, 0xB713, 0xB713, 0xB714, 0xB715, 0xBF15, 0xBF16, 0xBF16,
    0xBF17, 0xBF17, 0xC718, 0xC718, 0xC719, 0xC719, 0xC6F9, 0xCEFA, 0xC6FA, 0xC6FA, 0xBEFA, 0xBEFB, 0xC71C, 0xC71D, 0xC73D, 0xC73E,
    0xA751, 0xA751, 0xA751, 0xA752, 0xA752, 0xAF32, 0xAF32, 0xAF33, 0xAF33, 0xB734, 0xB734, 0xB735, 0xBF36, 0xBF36, 0xBF37, 0xBF37,
    0xC738, 0xC738, 0xC739, 0xC739, 0xCF39, 0xCF3A, 0xCF3A, 0xCF3A, 0xCF3A, 0xCF1A, 0xC71A, 0xBF1B, 0xC73C, 0xC73D, 0xC75D, 0xC73E,
    0xA773, 0xA773, 0xA773, 0xAF73, 0xAF73, 0xAF73, 0xAF54, 0xAF74, 0xB775, 0xB775, 0xB775, 0xBF76, 0xBF76, 0xBF57, 0xC757, 0xC758,
    0xC758, 0xC759, 0xCF59, 0xCF5A, 0xCF5A, 0xCF5A, 0xD75A, 0xD75B, 0xD75B, 0xD75B, 0xCF5B, 0xC75B, 0xC75C, 0xC75D, 0xC75D, 0xC75E,
    0xAF94, 0xAF94, 0xAF94, 0xAF94, 0xAF94, 0xAF95, 0xB795, 0xB795, 0xB796, 0xB796, 0xBF96, 0xBF97, 0xBF97, 0xC798, 0xC778, 0xC779,
    0xCF79, 0xCF79, 0xCF7A, 0xCF7A, 0xD77A, 0xD77B, 0xD77B, 0xD77B, 0xD77B, 0xD77B, 0xD77B, 0xCF7B, 0xC77C, 0xC77C, 0xC77D, 0xC77E,
    0xAFB6, 0xB7B6, 0xAFB5, 0xAFB6, 0xB796, 0xB796, 0xB796, 0xB796, 0xB797, 0xBF97, 0xBF97, 0xBF98, 0xC798, 0xC799, 0xC799, 0xCF99,
    0xCF9A, 0xCF9A, 0xD79A, 0xD79A, 0xD79B, 0xD79B, 0xD79B, 0xDF9B, 0xDF9C, 0xDF9C, 0xDF9C, 0xD79C, 0xCF9C, 0xC79C, 0xC79D, 0xC79E,
    0xB7D7, 0xB7B6, 0xB7B6, 0xB7B7, 0xB7B7, 0xB7B7, 0xBFB7, 0xBFB8, 0xBFB8, 0xBFB8, 0xC7B8, 0xC7B9, 0xC7B9, 0xCFB9, 0xCFBA, 0xCFBA,
    0xCFBA, 0xD7BA, 0xD7BB, 0xD7BB, 0xD7BB, 0xDFBB, 0xDFBC, 0xDFBC, 0xDFBC, 0xDFBC, 0xDFBC, 0xDFBC, 0xD7BD, 0xCFBD, 0xCFBD, 0xC7BE,
    0xA8A0, 0xA081, 0xA081, 0xA062, 0xA023, 0xA004, 0xA004, 0xA005, 0x9807, 0x9808, 0x902A, 0x90AB, 0x890C, 0x88ED, 0x98AF, 0xA011,
    0xB013, 0xC015, 0xD017, 0xD019, 0xD019, 0xD01A, 0xC81A, 0xC81B, 0xC01C, 0xC01C, 0xB81D, 0xB81D, 0xB01E, 0xB01E, 0xA85F, 0xA0BF,
    0xA8C0, 0xA8A1, 0xA0A1, 0xA082, 0xA063, 0xA024, 0xA004, 0xA005, 0x9807, 0x9808, 0x904A, 0x90AB, 0x890C, 0x890D, 0x98CF, 0xA031,
    0xB013, 0xC015, 0xD017, 0xD019, 0xD019, 0xD01A, 0xC81A, 0xC81B, 0xC01C, 0xC01C, 0xB81D, 0xB81D, 0xB01E, 0xB05E, 0xA89F, 0xA0DF,
    0xA8E0, 0xA8E1, 0xA8C1, 0xA0C2, 0xA0A3, 0xA084, 0xA044, 0xA005, 0xA006, 0x9808, 0x906A, 0x90CB, 0x892C, 0x892D, 0x98EF, 0xA071,
    0xB013, 0xC015, 0xC817, 0xD018, 0xD019, 0xD01A, 0xC81A, 0xC81B, 0xC01C, 0xC01C, 0xB81D, 0xB81D, 0xB05E, 0xB0DE, 0xA8DF, 0xA11F,
    0xA900, 0xA901, 0xA901, 0xA902, 0xA0E3, 0xA0C4, 0xA0A4, 0xA065, 0xA006, 0x9828, 0x98AA, 0x90EB, 0x894C, 0x894D, 0x990F, 0xA0D0,
    0xB032, 0xC015, 0xC817, 0xD018, 0xD019, 0xD01A, 0xC81A, 0xC01B, 0xC01B, 0xB81C, 0xB85D, 0xB09D, 0xB0DE, 0xA91E, 0xA93F, 0xA15F,
    0xA920, 0xA921, 0xA922, 0xA922, 0xA923, 0xA104, 0xA0E4, 0xA0C5, 0xA066, 0xA068, 0x98C9, 0x910B, 0x894C, 0x896D, 0x914F, 0xA110,
    0xA8B2, 0xB815, 0xC817, 0xD018, 0xD019, 0xD01A, 0xC81A, 0xC01B, 0xC03B, 0xB8BC, 0xB91D, 0xB11D, 0xB15E, 0xA97E, 0xA99F, 0xA19F,
    0xA940, 0xA941, 0xA942, 0xA942, 0xA943, 0xA944, 0xA124, 0xA105, 0xA0E6, 0xA0C7, 0x98E9, 0x992B, 0x916C, 0x89AD, 0x918E, 0x9970,
    0xA912, 0xB894, 0xC816, 0xC818, 0xD019, 0xC819, 0xC85A, 0xC0BA, 0xC11B, 0xB95C, 0xB99D, 0xB17D, 0xB1DE, 0xA9DE, 0xA9DE, 0xA1FF,
    0xA980, 0xA981, 0xA982, 0xA982, 0xA983, 0xA984, 0xA964, 0xA965, 0xA146, 0xA107, 0xA109, 0x994A, 0x918C, 0x89CD, 0x91CE, 0x99B0,
    0xA191, 0xB134, 0xC0D6, 0xC898, 0xD099, 0xC8B9, 0xC8FA, 0xC15A, 0xC19B, 0xB9BC, 0xB9DD, 0xB1DD, 0xB21E, 0xAA1E, 0xAA3E, 0xA23F,
    0xA9A1, 0xA9A1, 0xA9A2, 0xA9A3, 0xA9A3, 0xA9A4, 0xA9A4, 0xA9A5, 0xA986, 0xA967, 0xA148, 0xA16A, 0x99AC, 0x91ED, 0x920E, 0x9A0F,
    0xA1F1, 0xB1B3, 0xC175, 0xC957, 0xC958, 0xC959, 0xC99A, 0xC1DA, 0xC1FB, 0xBA1C, 0xBA3D, 0xB25D, 0xB27E, 0xAA7E, 0xAA7E, 0xA29F,
    0xA9E1, 0xA9E1, 0xA9C2, 0xA9C3, 0xA9E3, 0xA9E4, 0xA9E4, 0xA9C5, 0xA9C6, 0xA9A7, 0xA9A8, 0xA189, 0xA1CB, 0x9A0D, 0x922E, 0x924F,
    0xA230, 0xAA12, 0xB9F5, 0xC1F7, 0xC9D8, 0xC9D9, 0xC9F9, 0xC23A, 0xC25B, 0xBA7C, 0xBA9C, 0xB2BD, 0xB2BD, 0xAADE, 0xAADE, 0xA2DF,
    0xAA01, 0xAA01, 0xAA02, 0xAA03, 0xAA03, 0xAA04, 0xAA04, 0xAA05, 0xAA06, 0xAA07, 0xA9E8, 0xA9C9, 0xA1CA, 0xA20C, 0x9A4D, 0x926F,
    0x9A70, 0xA271, 0xB254, 0xC256, 0xCA57, 0xCA58, 0xCA59, 0xC29A, 0xC2BB, 0xBABB, 0xBAFC, 0xB2FD, 0xB31D, 0xAB3E, 0xAB3E, 0xA33F,
    0xAA41, 0xAA41, 0xAA42, 0xAA43, 0xAA43, 0xB244, 0xB244, 0xB245, 0xB246, 0xAA47, 0xAA48, 0xAA29, 0xAA0A, 0xA22C, 0x9A6D, 0x9A8E,
    0x9AB0, 0xA2B1, 0xAAB3, 0xBAB5, 0xC2B7, 0xCAB8, 0xCAB9, 0xC2DA, 0xC31A, 0xBB3B, 0xBB5C, 0xB35D, 0xB37D, 0xAB7E, 0xAB9E, 0xA39E,
    0xAA81, 0xAA81, 0xAA82, 0xAA83, 0xB283, 0xB284, 0xB285, 0xB285, 0xB286, 0xB287, 0xAA88, 0xAA89, 0xAA6A, 0xAA6B, 0xA28D, 0x9AAE,
    0x9ACF, 0xA2F1, 0xAAF2, 0xB2F4, 0xBB16, 0xC317, 0xCB18, 0xC339, 0xC35A, 0xC37B, 0xBBBC, 0xBBBC, 0xB3DD, 0xB3FE, 0xABDE, 0xA3DE,
    0xAAC1, 0xAAC2, 0xAAC2, 0xB2C3, 0xB2C3, 0xB2C4, 0xB2C5, 0xB2C5, 0xB2C6, 0xB2C7, 0xB2C8, 0xAAC9, 0xAACA, 0xAAAB, 0xAAAD, 0xA2CE,
    0x9AEF, 0x9B10, 0xA332, 0xB333, 0xBB55, 0xC357, 0xC358, 0xCB79, 0xC3BA, 0xC3DB, 0xBBFB, 0xBBFC, 0xB41D, 0xB43D, 0xAC1E, 0xAC1E,
    0xAB01, 0xAB02, 0xB302, 0xB303, 0xB304, 0xB304, 0xB325, 0xB325, 0xB326, 0xB307, 0xB308, 0xB309, 0xAB0A, 0xAB0B, 0xAAEC, 0xAAEE,
    0xA30F, 0xA350, 0xA352, 0xAB73, 0xBB75, 0xC396, 0xC397, 0xCBB9, 0xC3FA, 0xC41A, 0xBC3B, 0xBC5C, 0xB45D, 0xB47D, 0xB47E, 0xAC7E,
    0xB341, 0xB342, 0xB363, 0xB363, 0xB364, 0xB364, 0xB365, 0xB366, 0xB366, 0xB367, 0xB368, 0xB369, 0xB34A, 0xB34B, 0xB34C, 0xB32D,
    0xAB4F, 0xA370, 0xA391, 0xAB93, 0xB3B4, 0xC3D6, 0xC3D7, 0xCBF9, 0xCC3A, 0xC45A, 0xC47B, 0xBC9C, 0xBC9C, 0xBCBD, 0xB4BE, 0xB4BE,
    0xB3C1, 0xB3C2, 0xB3C3, 0xBBC3, 0xBBC4, 0xBBC5, 0xBBC5, 0xBBC6, 0xBBC7, 0xBBC8, 0xB3A8, 0xB3AA, 0xB3AB, 0xB3AB, 0xB38C, 0xB38D,
    0xB36E, 0xAB90, 0xA3D1, 0xABD3, 0xB3F4, 0xBC16, 0xC437, 0xCC59, 0xCC79, 0xC49A, 0xC4BB, 0xBCDC, 0xBCDC, 0xBCFD, 0xB4FD, 0xB4FE,
    0xBC21, 0xBC22, 0xBC23, 0xBC24, 0xBC24, 0xBC45, 0xBC46, 0xBC46, 0xBC47, 0xBC28, 0xBC29, 0xB40A, 0xB40B, 0xB3EC, 0xB3ED, 0xB3ED,
    0xB3EE, 0xB3D0, 0xABF1, 0xAC12, 0xB434, 0xBC56, 0xC477, 0xCC98, 0xCCB9, 0xC4DA, 0xC4FB, 0xC51C, 0xBD1C, 0xBD5D, 0xBD3D, 0xBD3E,
    0xC481, 0xC482, 0xC4A3, 0xC4A4, 0xC4A5, 0xC4A5, 0xC4A6, 0xC4A7, 0xC4A8, 0xC4A8, 0xC4A9, 0xBC8A, 0xBC6B, 0xBC6C, 0xB44D, 0xB44E,
    0xB44F, 0xB430, 0xB431, 0xB452, 0xB474, 0xBC95, 0xC4B7, 0xCCD8, 0xCCF9, 0xC51A, 0xC53B, 0xC55B, 0xBD5C, 0xC57D, 0xBD7D, 0xBD7E,
    0xC502, 0xC503, 0xC503, 0xCD04, 0xCD05, 0xCD26, 0xCD27, 0xCD28, 0xCD28, 0xCD29, 0xC50A, 0xC50B, 0xC4EC, 0xBCED, 0xBCCE, 0xBCAE,
    0xBC8F, 0xB490, 0xB491, 0xB492, 0xB4B4, 0xB4D5, 0xBCF6, 0xC518, 0xC539, 0xC55A, 0xC55B, 0xC57B, 0xBD7C, 0xC59D, 0xBD9D, 0xBDBE,
    0xCD62, 0xCD63, 0xCD64, 0xCD85, 0xCD86, 0xCD87, 0xCD88, 0xCD88, 0xCD89, 0xCD8A, 0xCD8B, 0xC56C, 0xC56D, 0xC54E, 0xC54F, 0xC52F,
    0xBD30, 0xBD11, 0xBCF1, 0xBCF2, 0xB4F4, 0xB515, 0xBD16, 0xC558, 0xC559, 0xC57A, 0xC59B, 0xC5BB, 0xC5BC, 0xC5DD, 0xC5DD, 0xBDFE,
    0xCDC4, 0xCDC4, 0xCDE5, 0xCDE6, 0xCDE7, 0xCDE8, 0xCDE8, 0xCDE9, 0xCDEA, 0xCDEB, 0xCDCC, 0xCDCD, 0xCDCE, 0xCDCF, 0xC5D0, 0xC5B1,
    0xC5B1, 0xC592, 0xBD72, 0xBD53, 0xBD54, 0xB555, 0xBD56, 0xC578, 0xC599, 0xC5BA, 0xC5DB, 0xC5FB, 0xC5FC, 0xC61D, 0xC61D, 0xC61E,
    0xC605, 0xC606, 0xC606, 0xCE07, 0xCE28, 0xCE29, 0xCE2A, 0xCE2B, 0xCE2B, 0xCE2C, 0xCE2D, 0xCE2E, 0xCE2F, 0xCE10, 0xCE11, 0xC611,
    0xC612, 0xC5F3, 0xC5F4, 0xC5D4, 0xBDB5, 0xBD95, 0xBD96, 0xC5B7, 0xC5D9, 0xC5FA, 0xC5FA, 0xC61B, 0xC63C, 0xC63D, 0xC65D, 0xC65E,
    0xBE27, 0xBE28, 0xBE28, 0xBE28, 0xBE29, 0xBE4A, 0xC64B, 0xC64C, 0xC64C, 0xC64D, 0xC64E, 0xC64F, 0xC650, 0xC651, 0xC651, 0xC652,
    0xC653, 0xC654, 0xC635, 0xC635, 0xC616, 0xBE16, 0xBDF6, 0xBDF7, 0xC618, 0xC63A, 0xC63A, 0xC65B, 0xC67C, 0xC67D, 0xC69D, 0xC6BE,
    0xB669, 0xB669, 0xB68A, 0xBE8A, 0xBE8B, 0xBE8C, 0xBE8D, 0xBE8D, 0xC68E, 0xC68F, 0xC66F, 0xC670, 0xC671, 0xC672, 0xC693, 0xC673,
    0xC674, 0xC675, 0xC676, 0xC676, 0xC676, 0xC657, 0xC657, 0xBE37, 0xBE38, 0xC659, 0xC67A, 0xC67B, 0xC69C, 0xC6BD, 0xC6DD, 0xCEDE,
    0xAEAB, 0xAEAB, 0xB6AC, 0xB6AC, 0xB6CD, 0xB6CD, 0xBECE, 0xBECF, 0xBECF, 0xBEB0, 0xBEB1, 0xBEB1, 0xC6B2, 0xC6B3, 0xC6B4, 0xC6B4,
    0xC6B5, 0xC6B6, 0xC6B6, 0xC6B7, 0xC6B7, 0xC698, 0xC698, 0xC678, 0xC678, 0xC679, 0xC69A, 0xC69B, 0xC6BC, 0xC6DD, 0xC6FD, 0xC6FE,
    0xAEED, 0xAEED, 0xAEED, 0xB6EE, 0xB6EE, 0xB6EF, 0xB6F0, 0xB6F0, 0xB6F1, 0xBEF1, 0xBEF2, 0xBEF2, 0xBEF3, 0xC6F4, 0xC6F5, 0xC6F5,
    0xC6F6, 0xC6F6, 0xC6F7, 0xC6F8, 0xC6D8, 0xC6D8, 0xCED9, 0xC6B9, 0xC6B9, 0xC6B9, 0xC6BA, 0xC6DB, 0xC6FC, 0xC6FD, 0xCF1D, 0xCF1E,
    0xA70F, 0xAF0F, 0xAF2F, 0xAF30, 0xB730, 0xB731, 0xB711, 0xB711, 0xB712, 0xBF12, 0xBF13, 0xBF14, 0xBF14, 0xC715, 0xC716, 0xC716,
    0xC717, 0xC717, 0xC718, 0xC718, 0xCF19, 0xCF19, 0xCF1A, 0xCEFA, 0xCEFA, 0xCEFA, 0xC6FA, 0xC6FB, 0xC71C, 0xCF1D, 0xCF3D, 0xCF3E,
    0xAF51, 0xAF51, 0xAF51, 0xAF51, 0xAF52, 0xB732, 0xB732, 0xB733, 0xB733, 0xBF34, 0xBF34, 0xBF35, 0xBF35, 0xC736, 0xC736, 0xC737,
    0xC737, 0xC738, 0xCF39, 0xCF39, 0xCF39, 0xCF3A, 0xD73A, 0xD73A, 0xD73A, 0xD71A, 0xCF1A, 0xC71B, 0xC73C, 0xCF3D, 0xCF5D, 0xCF5E,
    0xAF72, 0xAF72, 0xAF73, 0xB773, 0xAF73, 0xB773, 0xB774, 0xB774, 0xB774, 0xBF75, 0xBF75, 0xBF76, 0xC776, 0xC777, 0xC777, 0xC758,
    0xCF58, 0xCF59, 0xCF59, 0xCF5A, 0xD77A, 0xD77A, 0xD77B, 0xD75B, 0xD75B, 0xD75B, 0xD75B, 0xCF5B, 0xC75C, 0xCF5D, 0xCF5D, 0xCF5E,
    0xAF94, 0xB794, 0xB794, 0xB794, 0xB794, 0xB795, 0xB795, 0xB795, 0xBF96, 0xBF96, 0xBF96, 0xC797, 0xC797, 0xC798, 0xC798, 0xCF79,
    0xCF79, 0xCF79, 0xCF7A, 0xD77A, 0xD79A, 0xD79B, 0xD79B, 0xDF9B, 0xDF7B, 0xDF7C, 0xD77C, 0xD77C, 0xCF7C, 0xCF7C, 0xCF7D, 0xCF7E,
    0xB7B5, 0xB7B5, 0xB7B5, 0xB7B5, 0xB7B6, 0xB7B6, 0xBF96, 0xBF96, 0xBF97, 0xBF97, 0xC7B7, 0xC7B8, 0xC798, 0xCF98, 0xCF99, 0xCF99,
    0xCF9A, 0xD79A, 0xD79A, 0xD79A, 0xD79B, 0xDF9B, 0xDFBB, 0xDFBC, 0xDF9C, 0xDF9C, 0xDF9C, 0xDF9C, 0xD79C, 0xCF9C, 0xCF9D, 0xCF9E,
    0xBFD7, 0xB7B6, 0xBFB6, 0xBFB6, 0xBFB7, 0xBFB7, 0xBFB7, 0xBFB7, 0xC7B8, 0xC7B8, 0xC7B8, 0xC7B9, 0xCFB9, 0xCFB9, 0xCFBA, 0xD7BA,
    0xD7BA, 0xD7BA, 0xD7BB, 0xD7BB, 0xDFBB, 0xDFBB, 0xDFBC, 0xDFBC, 0xDFBC, 0xDFBC, 0xE7BD, 0xDFBD, 0xDFBD, 0xD7BD, 0xCFBD, 0xCFBE,
    0xB0A0, 0xB080, 0xB081, 0xA862, 0xA823, 0xA804, 0xA804, 0xA805, 0xA806, 0xA008, 0xA00A, 0x984B, 0x90CC, 0x910D, 0x98EF, 0xA870,
    0xB012, 0xC015, 0xD017, 0xD819, 0xD81A, 0xD81A, 0xD81B, 0xD01B, 0xD01C, 0xC81C, 0xC81D, 0xC01D, 0xC01E, 0xB81E, 0xB03F, 0xB07F,
    0xB0C0, 0xB0C0, 0xB0A1, 0xA882, 0xA863, 0xA824, 0xA804, 0xA805, 0xA806, 0xA008, 0xA00A, 0x986B, 0x90EC, 0x912D, 0x990F, 0xA890,
    0xB012, 0xC014, 0xD017, 0xD819, 0xD81A, 0xD81A, 0xD81B, 0xD01B, 0xD01C, 0xC81C, 0xC81D, 0xC01D, 0xC01E, 0xB85E, 0xB07F, 0xB0BF,
    0xB0E0, 0xB0E1, 0xB0E1, 0xB0C2, 0xA8A3, 0xA884, 0xA844, 0xA805, 0xA806, 0xA808, 0xA00A, 0x988B, 0x990C, 0x914D, 0x992F, 0xA0D0,
    0xB052, 0xC014, 0xC817, 0xD818, 0xD819, 0xD81A, 0xD81B, 0xD01B, 0xD01B, 0xC81C, 0xC81D, 0xC01D, 0xB83E, 0xB89E, 0xB0BF, 0xB0FF,
    0xB120, 0xB101, 0xB101, 0xB102, 0xB0E3, 0xA8C4, 0xA8A4, 0xA865, 0xA806, 0xA808, 0xA049, 0x98CB, 0x990C, 0x916D, 0x994F, 0xA110,
    0xB092, 0xB814, 0xC816, 0xD018, 0xD819, 0xD81A, 0xD81A, 0xD01B, 0xD01B, 0xC81C, 0xC83D, 0xC05D, 0xB8BE, 0xB8FE, 0xB11E, 0xB13F,
    0xB140, 0xB141, 0xB142, 0xB122, 0xB123, 0xB104, 0xA8E4, 0xA8C5, 0xA886, 0xA827, 0xA089, 0xA0EB, 0x992C, 0x918D, 0x996F, 0xA150,
    0xB0F2, 0xB874, 0xC816, 0xD018, 0xD819, 0xD81A, 0xD81A, 0xD01B, 0xC81B, 0xC85C, 0xC8FD, 0xC0FD, 0xB93E, 0xB95E, 0xB17E, 0xB19F,
    0xB160, 0xB161, 0xB162, 0xB162, 0xB163, 0xB144, 0xB124, 0xB105, 0xA8E6, 0xA8A7, 0xA8C9, 0xA10B, 0x996C, 0x91AD, 0x91AE, 0xA190,
    0xA952, 0xB8F3, 0xC856, 0xD018, 0xD019, 0xD81A, 0xD01A, 0xD05B, 0xC8DB, 0xC93C, 0xC97D, 0xC17D, 0xB9BE, 0xB9DE, 0xB1DE, 0xB1FF,
    0xB180, 0xB181, 0xB182, 0xB182, 0xB183, 0xB184, 0xB164, 0xB165, 0xB146, 0xB107, 0xA908, 0xA94A, 0xA18C, 0x99AD, 0x91EE, 0xA1D0,
    0xA9B1, 0xB173, 0xC115, 0xD0D7, 0xD0B9, 0xD8BA, 0xD0DA, 0xD13A, 0xC97B, 0xC99C, 0xC1DD, 0xC1DD, 0xBA1E, 0xBA1E, 0xB23E, 0xB23F,
    0xB1A1, 0xB1A1, 0xB1A2, 0xB1A3, 0xB1A3, 0xB1A4, 0xB1A4, 0xB1A5, 0xB186, 0xB167, 0xB148, 0xA96A, 0xA1AC, 0x99CD, 0x9A0E, 0x9A0F,
    0xA1F1, 0xB1D2, 0xC195, 0xC977, 0xD158, 0xD159, 0xD17A, 0xD1BA, 0xC9DB, 0xC9FC, 0xC23C, 0xC23D, 0xBA5D, 0xBA7E, 0xB27E, 0xB27F,
    0xB1E1, 0xB1E1, 0xB1E2, 0xB1E3, 0xB1E3, 0xB1E4, 0xB1E4, 0xB1E5, 0xB1C6, 0xB1C7, 0xB1A8, 0xB189, 0xA9CB, 0xA1ED, 0x9A2E, 0x9A4F,
    0xA250, 0xAA32, 0xBA14, 0xC9F6, 0xD1F8, 0xD1F9, 0xD1FA, 0xD21A, 0xCA3B, 0xCA5B, 0xC29C, 0xC2BD, 0xBABD, 0xBABE, 0xB2DE, 0xB2DF,
    0xB221, 0xB201, 0xB202, 0xB203, 0xB203, 0xB204, 0xB224, 0xB205, 0xB206, 0xB207, 0xB208, 0xB1E9, 0xA9EB, 0xAA0C, 0xA24E, 0x9A8F,
    0x9A90, 0xAA91, 0xB293, 0xC275, 0xCA77, 0xD278, 0xD279, 0xD27A, 0xCA9B, 0xCABB, 0xC2FC, 0xC2FD, 0xBB1D, 0xBB3E, 0xB33E, 0xB33F,
    0xB241, 0xB241, 0xB242, 0xB243, 0xBA43, 0xBA44, 0xBA44, 0xBA45, 0xBA46, 0xB247, 0xB248, 0xB249, 0xB22A, 0xAA2C, 0xAA6D, 0xA2AF,
    0x9AD0, 0xA2D1, 0xAAD2, 0xBAD4, 0xC2D6, 0xCAD8, 0xD2D9, 0xD2DA, 0xCAFA, 0xCB3B, 0xC35C, 0xC35D, 0xBB7D, 0xBB9E, 0xB39E, 0xB39E,
    0xB281, 0xB281, 0xB282, 0xBA83, 0xBA83, 0xBA84, 0xBA85, 0xBA85, 0xBA86, 0xB287, 0xB288, 0xB289, 0xB28A, 0xB26B, 0xAA8D, 0xAAAE,
    0xA2F0, 0xA2F1, 0xAB12, 0xB314, 0xBB16, 0xCB37, 0xCB38, 0xD339, 0xCB5A, 0xCB7B, 0xC39C, 0xC3BC, 0xBBBD, 0xBBFE, 0xB3DE, 0xB3DE,
    0xB2C1, 0xB2C2, 0xBAC2, 0xBAC3, 0xBAC3, 0xBAC4, 0xBAC5, 0xBAC5, 0xBAC6, 0xBAC7, 0xB2C8, 0xB2C9, 0xB2CA, 0xB2AB, 0xB2AD, 0xAACE,
    0xAAEF, 0xA331, 0xAB32, 0xB353, 0xBB55, 0xC356, 0xCB78, 0xD379, 0xCB9A, 0xCBDB, 0xCBDB, 0xC3FC, 0xBBFD, 0xBC3D, 0xB41E, 0xB41E,
    0xB301, 0xBB02, 0xBB02, 0xBB03, 0xBB24, 0xBB24, 0xBB25, 0xBB26, 0xBB26, 0xBB27, 0xBB28, 0xB309, 0xB30A, 0xB30B, 0xB2EC, 0xB2EE,
    0xAB0F, 0xAB50, 0xAB72, 0xB373, 0xBB94, 0xC396, 0xCBB7, 0xCBD9, 0xD3FA, 0xCC1A, 0xCC3B, 0xC45C, 0xC45C, 0xBC7D, 0xBC7E, 0xB47E,
    0xBB41, 0xBB42, 0xBB43, 0xBB63, 0xBB64, 0xBB64, 0xBB65, 0xBB66, 0xBB67, 0xBB68, 0xBB69, 0xBB6A, 0xBB6A, 0xBB4B, 0xBB4C, 0xBB2D,
    0xB34F, 0xAB70, 0xAB91, 0xB3B3, 0xBBB4, 0xC3D6, 0xCBF7, 0xCC18, 0xD439, 0xCC5A, 0xCC7B, 0xC49C, 0xC49C, 0xC4BD, 0xBCBD, 0xBCDE,
    0xBBA1, 0xBBA2, 0xBBA3, 0xBBA3, 0xBBC4, 0xC3C5, 0xC3C5, 0xC3C6, 0xC3C7, 0xBBC8, 0xBBA9, 0xBBAA, 0xBBAB, 0xBBAC, 0xBBAC, 0xBB8D,
    0xBB8E, 0xB390, 0xB3B1, 0xABD3, 0xB3F4, 0xBC15, 0xCC37, 0xCC58, 0xD479, 0xCC9A, 0xCCBB, 0xCCDC, 0xC4DC, 0xC4FD, 0xBCFD, 0xBD1E,
    0xC401, 0xC422, 0xC423, 0xC424, 0xC424, 0xC425, 0xC426, 0xC426, 0xC427, 0xC428, 0xBC09, 0xBC0A, 0xBC0B, 0xBC0C, 0xBBED, 0xBBED,
    0xBBEE, 0xBBD0, 0xB3F1, 0xB413, 0xB434, 0xBC55, 0xC477, 0xCC98, 0xD4B9, 0xD4DA, 0xCCFB, 0xCD1C, 0xC51C, 0xC55D, 0xC53D, 0xC53E,
    0xC482, 0xCC82, 0xCC83, 0xCC84, 0xCC85, 0xCCA5, 0xCCA6, 0xCCA7, 0xCCA8, 0xC4A9, 0xC48A, 0xC48B, 0xC46B, 0xBC4C, 0xBC4D, 0xBC4E,
    0xBC4F, 0xBC30, 0xBC31, 0xB452, 0xB474, 0xBC95, 0xC4B6, 0xCCD8, 0xD4F9, 0xD51A, 0xCD3B, 0xCD5B, 0xC55C, 0xC57D, 0xC57D, 0xC57E,
    0xCCE2, 0xCCE3, 0xCCE4, 0xCD04, 0xCD05, 0xCD06, 0xCD07, 0xCD08, 0xCD08, 0xCD09, 0xCD0A, 0xCCEB, 0xC4EC, 0xC4CD, 0xC4CD, 0xBCAE,
    0xBC8F, 0xBC90, 0xBC91, 0xBC92, 0xB4B4, 0xBCD5, 0xC4F6, 0xCD18, 0xCD19, 0xD55A, 0xCD5B, 0xCD7B, 0xC57C, 0xCD9D, 0xC5BD, 0xC5BE,
    0xCD63, 0xD563, 0xD564, 0xD565, 0xD566, 0xD567, 0xD568, 0xD568, 0xD569, 0xCD6A, 0xCD6B, 0xCD6C, 0xCD4D, 0xCD4E, 0xCD4E, 0xC52F,
    0xC510, 0xC4F1, 0xC4F1, 0xC4F2, 0xBCF4, 0xBCF5, 0xBD16, 0xC537, 0xCD59, 0xCD7A, 0xCD9B, 0xCDBB, 0xCDBC, 0xCDDD, 0xC5DD, 0xC5FE,
    0xD5C4, 0xD5C4, 0xD5C5, 0xD5C6, 0xD5C7, 0xD5E8, 0xD5E8, 0xD5C9, 0xD5CA, 0xD5CB, 0xD5CC, 0xD5CD, 0xCDCE, 0xCDAF, 0xCDAF, 0xCDB0,
    0xCD91, 0xC572, 0xC552, 0xC553, 0xC554, 0xBD55, 0xBD56, 0xC577, 0xCD99, 0xCDBA, 0xCDDB, 0xCDFB, 0xCDFC, 0xCE1D, 0xCE1D, 0xC61E,
    0xD625, 0xD625, 0xD626, 0xD627, 0xD628, 0xD629, 0xD62A, 0xD62A, 0xD62B, 0xD62C, 0xD62D, 0xD62E, 0xD62F, 0xD610, 0xD611, 0xCE11,
    0xCE12, 0xCDF3, 0xCDD3, 0xC5B4, 0xC594, 0xC595, 0xC596, 0xC5B7, 0xCDD9, 0xCDFA, 0xCDFA, 0xCE1B, 0xCE3C, 0xCE3C, 0xCE5D, 0xCE5E,
    0xCE47, 0xCE47, 0xCE48, 0xCE48, 0xCE69, 0xCE6A, 0xD66B, 0xD66C, 0xD66D, 0xD66D, 0xD66E, 0xD66F, 0xD670, 0xD671, 0xD651, 0xCE52,
    0xCE53, 0xCE54, 0xCE55, 0xCE35, 0xCE15, 0xC5F6, 0xC5F6, 0xC5D7, 0xCDF8, 0xCE1A, 0xCE3A, 0xCE5B, 0xCE5C, 0xCE7D, 0xCE7D, 0xCE9E,
    0xBE68, 0xBE69, 0xC669, 0xC66A, 0xC66A, 0xC68B, 0xC68C, 0xCE8D, 0xCE8D, 0xCE8E, 0xCE8F, 0xCE90, 0xCE91, 0xCE91, 0xCE92, 0xCE93,
    0xCE94, 0xCE95, 0xCE95, 0xCE76, 0xCE76, 0xCE57, 0xC657, 0xC637, 0xC638, 0xCE59, 0xCE5A, 0xCE7B, 0xCE9C, 0xCEBD, 0xCEBD, 0xCEDE,
    0xBEAB, 0xBEAB, 0xBEAB, 0xBEAC, 0xC6CC, 0xC6CD, 0xC6CE, 0xC6CE, 0xC6AF, 0xC6B0, 0xC6B0, 0xCEB1, 0xCEB2, 0xCEB3, 0xCEB3, 0xCEB4,
    0xCEB5, 0xCEB6, 0xCEB6, 0xCEB7, 0xCEB7, 0xCE98, 0xCE98, 0xCE98, 0xC678, 0xC679, 0xCE9A, 0xCE9B, 0xCEBC, 0xCEDD, 0xCEFD, 0xCEFE,
    0xB6ED, 0xB6ED, 0xB6ED, 0xBEED, 0xBEEE, 0xBEEF, 0xBEEF, 0xBEF0, 0xC6F0, 0xC6F1, 0xC6F2, 0xC6F2, 0xCEF3, 0xCEF4, 0xCEF4, 0xCEF5,
    0xCEF6, 0xCEF6, 0xCEF7, 0xCEF8, 0xCEF8, 0xCED8, 0xCED9, 0xCED9, 0xCEB9, 0xCEB9, 0xCEBA, 0xCEDB, 0xCEFC, 0xCEFD, 0xCF1D, 0xCF1E,
    0xB70E, 0xB70F, 0xB72F, 0xB72F, 0xBF30, 0xBF30, 0xBF11, 0xBF11, 0xBF12, 0xC712, 0xC713, 0xC713, 0xC714, 0xCF15, 0xCF15, 0xCF16,
    0xCF17, 0xCF17, 0xCF18, 0xCF18, 0xCF19, 0xCF19, 0xCF1A, 0xD71A, 0xD6FA, 0xCEFA, 0xCEFA, 0xCEFB, 0xCF1C, 0xCF1D, 0xCF3D, 0xCF3E,
    0xB750, 0xB751, 0xB751, 0xB751, 0xB751, 0xBF51, 0xBF32, 0xBF52, 0xBF53, 0xBF53, 0xC754, 0xC754, 0xC755, 0xC756, 0xCF36, 0xCF37,
    0xCF37, 0xCF38, 0xCF38, 0xCF39, 0xD739, 0xD73A, 0xD73A, 0xD73A, 0xD73B, 0xD73B, 0xD71B, 0xCF1B, 0xCF3C, 0xCF3D, 0xD75D, 0xD75E,
    0xB772, 0xB772, 0xB772, 0xB773, 0xB773, 0xBF73, 0xBF73, 0xBF74, 0xBF74, 0xBF75, 0xC775, 0xC776, 0xC776, 0xCF77, 0xCF77, 0xCF78,
    0xCF78, 0xCF59, 0xD779, 0xD77A, 0xD77A, 0xD77A, 0xD77B, 0xD77B, 0xDF5B, 0xDF5B, 0xD75B, 0xD75B, 0xCF5C, 0xCF5C, 0xD75D, 0xD75E,
    0xB794, 0xB794, 0xB794, 0xB794, 0xBF94, 0xBF94, 0xBF95, 0xBF95, 0xBF95, 0xC796, 0xC796, 0xC796, 0xC797, 0xCF97, 0xCF98, 0xCF98,
    0xCF79, 0xD779, 0xD77A, 0xD79A, 0xD79A, 0xD79B, 0xDF9B, 0xDF9B, 0xDF9C, 0xDF7C, 0xDF7C, 0xDF7C, 0xD77C, 0xCF7C, 0xD77D, 0xD77E,
    0xB7B5, 0xBFB5, 0xBFB5, 0xBFB5, 0xBFB5, 0xBFB6, 0xBFB6, 0xBFB6, 0xC7B6, 0xC7B7, 0xC7B7, 0xC7B7, 0xCFB8, 0xCFB8, 0xCF99, 0xD799,
    0xD79A, 0xD79A, 0xD79A, 0xD79B, 0xDF9B, 0xDFBB, 0xDFBB, 0xDFBC, 0xDFBC, 0xDFBC, 0xDF9C, 0xDF9C, 0xDF9C, 0xD79D, 0xD79D, 0xD7BE,
    0xBFD6, 0xBFB6, 0xBFB6, 0xBFB6, 0xBFB7, 0xBFB7, 0xC7B7, 0xC7B7, 0xC7B8, 0xC7B8, 0xCFB8, 0xCFB8, 0xCFB9, 0xCFB9, 0xD7B9, 0xD7BA,
    0xD7BA, 0xD7BA, 0xD7BB, 0xDFBB, 0xDFBB, 0xDFBC, 0xDFBC, 0xE7BC, 0xE7BC, 0xE7BD, 0xE7BD, 0xE7BD, 0xE7BD, 0xDFBD, 0xD7DD, 0xD7BE,
    0xB8A0, 0xB8A0, 0xB881, 0xB862, 0xB843, 0xB004, 0xB004, 0xB005, 0xB006, 0xB008, 0xA80A, 0xA80B, 0xA08C, 0x990D, 0x992F, 0xA8D0,
    0xB052, 0xC014, 0xC816, 0xD818, 0xE01A, 0xE01A, 0xE01B, 0xE01B, 0xD81C, 0xD01C, 0xD01D, 0xD01D, 0xC81E, 0xC01E, 0xC01E, 0xB85F,
    0xB8C0, 0xB8C0, 0xB8A1, 0xB8A2, 0xB883, 0xB844, 0xB004, 0xB005, 0xB006, 0xB008, 0xA80A, 0xA80B, 0xA0AC, 0x990D, 0x992F, 0xA8F0,
    0xB072, 0xC014, 0xC816, 0xD818, 0xE01A, 0xE01A, 0xE01B, 0xE01B, 0xD81C, 0xD01C, 0xD01D, 0xD01D, 0xC81E, 0xC03E, 0xC03E, 0xB87F,
    0xB8E0, 0xB8E0, 0xB8E1, 0xB8C2, 0xB8A3, 0xB884, 0xB044, 0xB005, 0xB006, 0xB008, 0xA809, 0xA84B, 0xA0CC, 0x992D, 0x994F, 0xA910,
    0xB092, 0xC014, 0xC816, 0xD818, 0xE01A, 0xE01A, 0xE01B, 0xE01B, 0xD81C, 0xD01C, 0xD01D, 0xD01D, 0xC81E, 0xC07E, 0xC09E, 0xB8DF,
    0xB920, 0xB921, 0xB901, 0xB902, 0xB8E3, 0xB8C4, 0xB8A4, 0xB065, 0xB006, 0xB007, 0xB009, 0xA88B, 0xA0EC, 0x994D, 0x996F, 0xA930,
    0xB0F2, 0xB874, 0xC816, 0xD018, 0xD819, 0xE01A, 0xE01B, 0xE01B, 0xD81B, 0xD01C, 0xD03D, 0xC83D, 0xC87E, 0xC0DE, 0xC11E, 0xB93F,
    0xB940, 0xB941, 0xB941, 0xB942, 0xB923, 0xB904, 0xB904, 0xB8C5, 0xB086, 0xB007, 0xB049, 0xA8AB, 0xA10C, 0xA16D, 0x998F, 0xA170,
    0xB132, 0xB8D3, 0xC855, 0xD017, 0xD819, 0xE01A, 0xE01B, 0xD81B, 0xD81B, 0xD03C, 0xD0DD, 0xC8DD, 0xC93E, 0xC15E, 0xC17E, 0xB99F,
    0xB960, 0xB961, 0xB962, 0xB962, 0xB963, 0xB944, 0xB944, 0xB925, 0xB8E6, 0xB067, 0xB089, 0xB0EB, 0xA92C, 0xA18D, 0x99CE, 0xA1B0,
    0xB171, 0xB933, 0xC0D5, 0xD057, 0xD839, 0xD81A, 0xE03A, 0xD85B, 0xD89B, 0xD0FC, 0xD15D, 0xC95D, 0xC9BE, 0xC1DE, 0xC1DE, 0xB9DF,
    0xB980, 0xB981, 0xB982, 0xB982, 0xB983, 0xB984, 0xB964, 0xB965, 0xB946, 0xB907, 0xB0E8, 0xB10A, 0xA96C, 0xA1AD, 0x99EE, 0xA1F0,
    0xA9D1, 0xB993, 0xC155, 0xD117, 0xD8D9, 0xD8DA, 0xD8FA, 0xD91B, 0xD95B, 0xD17C, 0xD1BC, 0xC9DD, 0xC9FE, 0xC21E, 0xC21E, 0xBA3F,
    0xB9A0, 0xB9A1, 0xB9C2, 0xB9C3, 0xB9C3, 0xB9C4, 0xB9A4, 0xB9A5, 0xB986, 0xB967, 0xB948, 0xB14A, 0xB18C, 0xA9CD, 0xA20E, 0xA22F,
    0xAA11, 0xB1F2, 0xB9D4, 0xC996, 0xD178, 0xD979, 0xD99A, 0xD9BB, 0xD9DB, 0xD1DC, 0xD21C, 0xCA3D, 0xCA5D, 0xC27E, 0xC27E, 0xBA7F,
    0xB9E1, 0xB9E1, 0xB9E2, 0xB9E3, 0xB9E3, 0xB9E4, 0xB9E4, 0xB9E5, 0xB9E6, 0xB9C7, 0xB9C8, 0xB1A9, 0xB1CB, 0xA9ED, 0xA22E, 0xA24F,
    0xA270, 0xAA52, 0xBA33, 0xC215, 0xD217, 0xDA19, 0xDA1A, 0xDA3A, 0xDA3B, 0xD25B, 0xD27C, 0xCA9D, 0xCABD, 0xC2BE, 0xC2DE, 0xBADF,
    0xBA21, 0xBA21, 0xBA22, 0xBA23, 0xC223, 0xC224, 0xC224, 0xC225, 0xBA26, 0xBA28, 0xBA08, 0xBA09, 0xB1EB, 0xB22C, 0xAA4E, 0xA28F,
    0xA2B0, 0xAAB1, 0xB2B3, 0xBA95, 0xCA96, 0xD298, 0xD299, 0xDA9A, 0xD29B, 0xD2BB, 0xD2DC, 0xCAFD, 0xCB1D, 0xC33E, 0xC33E, 0xBB3E,
    0xBA41, 0xBA41, 0xBA42, 0xC243, 0xC243, 0xC244, 0xC265, 0xC265, 0xBA66, 0xBA68, 0xBA69, 0xBA49, 0xBA2A, 0xB24C, 0xB26D, 0xAAAF,
    0xA2D0, 0xA2F1, 0xB2F2, 0xBAF4, 0xC2D6, 0xCAF7, 0xD2F9, 0xDAFA, 0xD2FA, 0xD31B, 0xD35C, 0xCB5C, 0xCB7D, 0xC39E, 0xC39E, 0xBB9E,
    0xBA81, 0xC281, 0xC282, 0xC283, 0xC283, 0xC284, 0xC285, 0xC285, 0xC2A6, 0xBAA8, 0xBAA9, 0xBAAA, 0xBA8A, 0xBA6B, 0xB28D, 0xB2AE,
    0xAAF0, 0xA311, 0xAB12, 0xB333, 0xC335, 0xCB37, 0xD358, 0xD359, 0xD35A, 0xD37B, 0xD39C, 0xCBBC, 0xCBBD, 0xC3FD, 0xC3DE, 0xBBDE,
    0xC2C1, 0xC2C1, 0xC2C2, 0xC2C3, 0xC2C3, 0xC2C4, 0xC2C5, 0xC2C5, 0xC2C7, 0xC2E8, 0xBAE9, 0xBAC9, 0xBACA, 0xBAAB, 0xBAAD, 0xB2CE,
    0xB2F0, 0xAB31, 0xAB52, 0xB353, 0xBB75, 0xC376, 0xCB98, 0xD399, 0xD3BA, 0xD3BB, 0xD3DB, 0xCBFC, 0xCBFD, 0xC43D, 0xC41E, 0xBC3E,
    0xC301, 0xC302, 0xC302, 0xC323, 0xC324, 0xC324, 0xC325, 0xC326, 0xC327, 0xC328, 0xC329, 0xC32A, 0xC30A, 0xC30C, 0xC2EC, 0xBAEE,
    0xB30F, 0xB351, 0xAB72, 0xB393, 0xBB94, 0xC3B6, 0xCBB7, 0xD3F9, 0xD3FA, 0xD3FA, 0xD41B, 0xCC3C, 0xCC5C, 0xCC7D, 0xC47E, 0xBC7E,
    0xC341, 0xC342, 0xC363, 0xC363, 0xC364, 0xC364, 0xC365, 0xC366, 0xC367, 0xC368, 0xC369, 0xC36A, 0xC36B, 0xC34C, 0xC34D, 0xC32D,
    0xBB4F, 0xB370, 0xB392, 0xB3B3, 0xBBD4, 0xC3D5, 0xCBF7, 0xD418, 0xD439, 0xD45A, 0xD47B, 0xD49C, 0xCC9C, 0xCCBD, 0xC4BD, 0xC4DE,
    0xC3A2, 0xC3A2, 0xC3A3, 0xC3A3, 0xC3A4, 0xC3A5, 0xC3C5, 0xCBC6, 0xC3C7, 0xC3C8, 0xC3C9, 0xC3CA, 0xC3AB, 0xC3AC, 0xC3AD, 0xC38E,
    0xC38E, 0xBB90, 0xBBB1, 0xB3F3, 0xBBF4, 0xC415, 0xCC37, 0xD458, 0xD479, 0xD47A, 0xD4BB, 0xD4DB, 0xCCDC, 0xCD1D, 0xC4FD, 0xC51E,
    0xCC02, 0xCC02, 0xCC03, 0xCC04, 0xCC04, 0xCC25, 0xCC26, 0xCC26, 0xCC27, 0xC408, 0xC409, 0xC40A, 0xC40B, 0xC40C, 0xC3ED, 0xC3EE,
    0xC3EF, 0xC3D0, 0xBBF1, 0xBC13, 0xBC34, 0xBC55, 0xC476, 0xCC98, 0xD4B9, 0xD4DA, 0xD4FB, 0xD51B, 0xCD1C, 0xCD5D, 0xCD3D, 0xC55E,
    0xCC62, 0xCC63, 0xCC63, 0xCC84, 0xCC85, 0xD485, 0xD486, 0xCC87, 0xCC88, 0xCC89, 0xCC8A, 0xCC6B, 0xC46B, 0xC44C, 0xC44D, 0xC44E,
    0xC44F, 0xC430, 0xC431, 0xBC52, 0xBC74, 0xBC95, 0xC4B6, 0xCCB8, 0xD4F9, 0xD51A, 0xD53B, 0xD55B, 0xCD3C, 0xCD7D, 0xCD7D, 0xCD7E,
    0xD4E2, 0xD4E3, 0xD4E4, 0xD4E4, 0xD4E5, 0xD4E6, 0xD507, 0xD508, 0xD509, 0xCD0A, 0xCCEA, 0xCCEB, 0xCCCC, 0xCCCD, 0xC4AD, 0xC4AE,
    0xC48F, 0xC490, 0xC491, 0xC492, 0xBCB4, 0xBCB5, 0xC4D6, 0xCCF7, 0xD519, 0xD53A, 0xD55B, 0xD55B, 0xCD7C, 0xCD9D, 0xCDBD, 0xCDBE,
    0xD543, 0xD544, 0xD544, 0xD545, 0xD546, 0xD567, 0xD568, 0xD568, 0xD569, 0xD56A, 0xD56B, 0xD54C, 0xD54D, 0xCD4E, 0xCD2E, 0xCD0F,
    0xCCF0, 0xCCF1, 0xC4F1, 0xC4F2, 0xC4F3, 0xBCF5, 0xBD16, 0xC537, 0xCD58, 0xD57A, 0xD59B, 0xD59B, 0xD5BC, 0xD5DD, 0xCDDD, 0xCDFE,
    0xD5A4, 0xDDA4, 0xDDA5, 0xDDA6, 0xDDC7, 0xDDC8, 0xDDC8, 0xDDC9, 0xD5CA, 0xD5CB, 0xD5CC, 0xD5CD, 0xD5AE, 0xD5AF, 0xD5AF, 0xD590,
    0xCD71, 0xCD51, 0xCD52, 0xCD53, 0xC534, 0xC535, 0xC556, 0xC577, 0xCD98, 0xD5BA, 0xD5DB, 0xD5DB, 0xD5FC, 0xD61C, 0xCE1D, 0xCE1E,
    0xDE05, 0xDE25, 0xDE26, 0xDE27, 0xDE28, 0xDE29, 0xDE29, 0xDE2A, 0xDE2B, 0xDE2C, 0xDE2D, 0xD60E, 0xD60F, 0xD610, 0xD610, 0xD611,
    0xD5F2, 0xD5D2, 0xCDD3, 0xCDB4, 0xCD94, 0xCD95, 0xC596, 0xC597, 0xCDB8, 0xD5DA, 0xD5FA, 0xD61B, 0xD63C, 0xD63C, 0xD65D, 0xD65E,
    0xD666, 0xD667, 0xDE67, 0xDE68, 0xDE69, 0xDE6A, 0xDE6B, 0xDE6C, 0xDE6D, 0xDE6D, 0xDE6E, 0xDE6F, 0xDE70, 0xD671, 0xD671, 0xD672,
    0xD653, 0xD654, 0xD634, 0xD635, 0xCE15, 0xCDF6, 0xCDD6, 0xCDD7, 0xCDF8, 0xD61A, 0xD63A, 0xD63B, 0xD65C, 0xD67D, 0xD69D, 0xD69E,
    0xCE88, 0xCE88, 0xD689, 0xD689, 0xD68A, 0xD68B, 0xD68C, 0xD68D, 0xD68E, 0xD68E, 0xD68F, 0xD690, 0xD691, 0xD691, 0xD692, 0xD693,
    0xD694, 0xD695, 0xD695, 0xD696, 0xD676, 0xD657, 0xCE57, 0xCE37, 0xCE18, 0xCE39, 0xD65A, 0xD67B, 0xD69C, 0xD69D, 0xD6BD, 0xD6DE,
    0xC6AA, 0xC6AA, 0xC6AB, 0xCEAB, 0xCEAC, 0xCEAC, 0xCEAD, 0xCEAE, 0xCEAF, 0xCEAF, 0xD6B0, 0xD6B1, 0xD6B1, 0xD6B2, 0xD6B3, 0xD6B4,
    0xD6D5, 0xD6D5, 0xD6D6, 0xD6B7, 0xD6B7, 0xD6B7, 0xD698, 0xCE98, 0xCE78, 0xCE79, 0xD69A, 0xD69B, 0xD6BC, 0xD6DD, 0xD6FD, 0xD6FE,
    0xBEEC, 0xC6EC, 0xC6ED, 0xC6ED, 0xC6EE, 0xC6EE, 0xCEEF, 0xCEF0, 0xCEF0, 0xCEF1, 0xCEF1, 0xCEF2, 0xD6F3, 0xD6F3, 0xD6F4, 0xD6F5,
    0xD6F6, 0xD6F6, 0xD6F7, 0xD6F7, 0xD6F8, 0xD6D8, 0xD6D9, 0xD6D9, 0xD6D9, 0xCEB9, 0xCEBA, 0xCEBB, 0xD6DC, 0xD6FD, 0xD71D, 0xD71E,
    0xBF0E, 0xBF0E, 0xBF2F, 0xC72F, 0xC72F, 0xC730, 0xC710, 0xC711, 0xC712, 0xCF12, 0xCF13, 0xCF13, 0xCF14, 0xCF15, 0xD715, 0xD716,
    0xD716, 0xD717, 0xD718, 0xD718, 0xD719, 0xD719, 0xD71A, 0xD71A, 0xD71A, 0xD6FA, 0xD6FA, 0xCEFB, 0xD71C, 0xD71D, 0xD73D, 0xD73E,
    0xB750, 0xBF50, 0xBF51, 0xBF51, 0xC751, 0xC751, 0xC752, 0xC752, 0xC753, 0xC753, 0xCF54, 0xCF54, 0xCF55, 0xCF56, 0xCF56, 0xD757,
    0xD757, 0xD758, 0xD758, 0xD759, 0xD759, 0xD75A, 0xD75A, 0xD73A, 0xD73B, 0xD73B, 0xD71B, 0xD71B, 0xD71C, 0xD73D, 0xD75D, 0xD75E,
    0xB772, 0xBF72, 0xBF72, 0xBF72, 0xBF72, 0xBF73, 0xC773, 0xC774, 0xC774, 0xC775, 0xCF75, 0xCF75, 0xCF76, 0xCF76, 0xCF77, 0xD777,
    0xD778, 0xD778, 0xD779, 0xD77A, 0xD77A, 0xD77A, 0xDF7B, 0xDF7B, 0xDF7B, 0xDF5B, 0xDF5B, 0xDF5B, 0xD75C, 0xD75C, 0xD75D, 0xD77E,
    0xBF93, 0xBF94, 0xBF94, 0xBF94, 0xBF94, 0xBF94, 0xC795, 0xC795, 0xC795, 0xC796, 0xCF96, 0xCF96, 0xCF97, 0xCF97, 0xCF98, 0xD798,
    0xD799, 0xD799, 0xD79A, 0xD79A, 0xDF9A, 0xDF9B, 0xDF9B, 0xDF9B, 0xDF9C, 0xDF9C, 0xDF7C, 0xDF7C, 0xDF7C, 0xD77C, 0xD77D, 0xD79E,
    0xBFB5, 0xBFB5, 0xBFB5, 0xBFB5, 0xBFB5, 0xC7B5, 0xC7B6, 0xC7B6, 0xC7B6, 0xC7B7, 0xCFB7, 0xCFB7, 0xCFB8, 0xCFB8, 0xD7B9, 0xD799,
    0xD799, 0xD79A, 0xD79A, 0xDF9B, 0xDFBB, 0xDFBB, 0xDFBC, 0xDFBC, 0xE7BC, 0xE7BC, 0xE7BC, 0xE79C, 0xE79D, 0xDF9D, 0xD79D, 0xDFBE,
    0xC7D6, 0xBFD6, 0xC7D6, 0xC7B6, 0xC7B6, 0xC7B7, 0xC7B7, 0xC7B7, 0xCFB7, 0xCFB8, 0xCFB8, 0xCFB8, 0xCFB9, 0xD7B9, 0xD7B9, 0xD7BA,
    0xD7BA, 0xDFBA, 0xDFBB, 0xDFBB, 0xDFBB, 0xDFBC, 0xE7BC, 0xE7DC, 0xE7DC, 0xE7DD, 0xE7BD, 0xE7BD, 0xE7BD, 0xE7BD, 0xDFDD, 0xDFDE,
    0xC8A0, 0xC0A0, 0xC081, 0xC082, 0xC043, 0xC003, 0xC004, 0xC005, 0xC006, 0xB808, 0xB809, 0xB00B, 0xB02C, 0xA8CE, 0xA12F, 0xA930,
    0xB0D2, 0xC033, 0xC815, 0xD817, 0xE019, 0xE81A, 0xE81B, 0xE81C, 0xE81C, 0xE01C, 0xD81D, 0xD81D, 0xD01E, 0xD01E, 0xC81E, 0xC83F,
    0xC8C0, 0xC8C0, 0xC0C1, 0xC0A2, 0xC083, 0xC044, 0xC004, 0xC005, 0xC006, 0xB808, 0xB809, 0xB00B, 0xB04C, 0xA8EE, 0xA14F, 0xA930,
    0xB0D2, 0xC053, 0xC815, 0xD817, 0xE019, 0xE81A, 0xE81B, 0xE81C, 0xE81C, 0xE01C, 0xD81D, 0xD81D, 0xD01E, 0xD01E, 0xC81E, 0xC85F,
    0xC900, 0xC8E0, 0xC8E1, 0xC0C2, 0xC0C3, 0xC084, 0xC044, 0xC005, 0xC006, 0xB807, 0xB809, 0xB00B, 0xB06C, 0xA8EE, 0xA14F, 0xA950,
    0xB0F2, 0xC093, 0xC815, 0xD017, 0xE019, 0xE81A, 0xE81B, 0xE81B, 0xE01C, 0xE01C, 0xD81D, 0xD81D, 0xD01E, 0xD05E, 0xC87E, 0xC8BF,
    0xC920, 0xC920, 0xC921, 0xC902, 0xC0E3, 0xC0E4, 0xC0A4, 0xC065, 0xC006, 0xB807, 0xB809, 0xB02B, 0xB0AC, 0xA90E, 0xA16F, 0xA970,
    0xB132, 0xC0D3, 0xC855, 0xD017, 0xE019, 0xE01A, 0xE81B, 0xE81B, 0xE01C, 0xE01C, 0xD81D, 0xD83D, 0xD05E, 0xD0BE, 0xC8FE, 0xC91F,
    0xC940, 0xC941, 0xC941, 0xC142, 0xC123, 0xC124, 0xC104, 0xC0C5, 0xC086, 0xC027, 0xB809, 0xB86B, 0xB0EC, 0xA94E, 0xA18F, 0xA990,
    0xB172, 0xB913, 0xC8B5, 0xD037, 0xD819, 0xE01A, 0xE81B, 0xE81B, 0xE01C, 0xE03C, 0xD89D, 0xD8BD, 0xD11E, 0xD13E, 0xC97E, 0xC99F,
    0xC960, 0xC961, 0xC961, 0xC162, 0xC163, 0xC144, 0xC144, 0xC125, 0xC0E6, 0xC087, 0xB828, 0xB8AA, 0xB10C, 0xA96D, 0xA9AF, 0xA9D0,
    0xB191, 0xB973, 0xC135, 0xD0D6, 0xD878, 0xE05A, 0xE05B, 0xE07B, 0xE09C, 0xE0DC, 0xD93D, 0xD93D, 0xD19E, 0xD1BE, 0xC9DE, 0xC9DF,
    0xC980, 0xC9A1, 0xC1A2, 0xC1A2, 0xC183, 0xC184, 0xC184, 0xC165, 0xC146, 0xC107, 0xC0A8, 0xB8EA, 0xB14C, 0xB18D, 0xA9CF, 0xA1F0,
    0xB1F1, 0xB9B3, 0xC194, 0xC956, 0xD938, 0xE0FA, 0xE11A, 0xE11B, 0xE13B, 0xE15C, 0xD9BC, 0xD9BD, 0xD1FD, 0xD21E, 0xCA1E, 0xCA1F,
    0xC1C0, 0xC1C1, 0xC1C2, 0xC1C2, 0xC1C3, 0xC1C4, 0xC1C4, 0xC1A5, 0xC1A6, 0xC187, 0xC148, 0xB94A, 0xB98C, 0xB1CD, 0xA9EE, 0xA230,
    0xAA31, 0xB212, 0xB9F4, 0xC9D5, 0xD1B7, 0xD9B9, 0xE1BA, 0xE1BB, 0xE1DB, 0xE1DC, 0xDA1C, 0xDA3D, 0xD25D, 0xD27E, 0xCA7E, 0xC27E,
    0xC1E1, 0xC1E1, 0xC1E2, 0xC1E3, 0xC9E3, 0xC9E4, 0xC9E4, 0xC1E6, 0xC1E7, 0xC1E8, 0xC1C8, 0xB9AA, 0xB9CB, 0xB1ED, 0xB22E, 0xAA6F,
    0xAA70, 0xB272, 0xBA53, 0xC255, 0xCA37, 0xDA38, 0xDA3A, 0xDA3A, 0xE23B, 0xDA3B, 0xDA7C, 0xD29D, 0xD2BD, 0xD2BE, 0xCADE, 0xC2DE,
    0xC221, 0xCA21, 0xCA22, 0xCA23, 0xCA23, 0xCA24, 0xCA25, 0xC226, 0xC227, 0xC228, 0xC229, 0xBA0A, 0xBA0B, 0xBA2C, 0xB24E, 0xAA8F,
    0xAAB0, 0xAAB1, 0xB2B3, 0xBAB4, 0xCA96, 0xD298, 0xDAB9, 0xDABA, 0xDABB, 0xDA9B, 0xDADC, 0xD2FC, 0xD31D, 0xD33E, 0xCB3E, 0xC33E,
    0xCA61, 0xCA61, 0xCA62, 0xCA63, 0xCA63, 0xCA64, 0xCA65, 0xCA66, 0xC267, 0xC268, 0xC269, 0xC26A, 0xC24B, 0xBA4C, 0xBA6D, 0xB2AF,
    0xB2D0, 0xAAF1, 0xB2F2, 0xBAF4, 0xC2F5, 0xD2F7, 0xD2F9, 0xDB1A, 0xDB1B, 0xDB1B, 0xDB5C, 0xD35C, 0xD37D, 0xD39E, 0xCB9E, 0xC39E,
    0xCAA1, 0xCA81, 0xCA82, 0xCAA3, 0xCAA3, 0xCAA4, 0xCAA5, 0xCAA6, 0xC2A7, 0xC2A8, 0xC2A9, 0xC2AA, 0xC28B, 0xC26B, 0xC28D, 0xBAAF,
    0xB2F0, 0xB311, 0xB332, 0xBB33, 0xC335, 0xCB36, 0xD358, 0xDB59, 0xDB7A, 0xDB7B, 0xDB9C, 0xD3BC, 0xD3BD, 0xD3FD, 0xCBDE, 0xC3DE,
    0xCAC1, 0xCAC1, 0xCAC2, 0xCAC3, 0xCAC3, 0xCAC4, 0xCAC5, 0xCAE6, 0xCAE7, 0xC2E8, 0xC2E9, 0xC2EA, 0xC2CB, 0xC2CC, 0xC2AD, 0xC2CE,
    0xBAF0, 0xB331, 0xB352, 0xB373, 0xBB75, 0xC376, 0xD398, 0xD3B9, 0xDBBA, 0xDBBB, 0xDBDB, 0xD3FC, 0xD3FC, 0xD43D, 0xCC1E, 0xC43E,
    0xCB01, 0xCB02, 0xCB02, 0xCB23, 0xCB24, 0xCB24, 0xCB25, 0xCB26, 0xCB27, 0xCB28, 0xCB29, 0xCB2A, 0xCB0B, 0xCB0C, 0xCB0D, 0xC2EE,
    0xC30F, 0xBB51, 0xB372, 0xB393, 0xBBB4, 0xC3B6, 0xCBD7, 0xD3F9, 0xDC1A, 0xDC1A, 0xDC1B, 0xDC3C, 0xD45C, 0xD47D, 0xCC7E, 0xC47E,
    0xCB61, 0xCB62, 0xCB63, 0xCB63, 0xCB64, 0xCB64, 0xCB65, 0xCB66, 0xCB67, 0xCB68, 0xCB69, 0xCB6A, 0xCB6B, 0xCB6C, 0xCB4D, 0xCB4E,
    0xC34F, 0xC371, 0xBB92, 0xB3B3, 0xBBD4, 0xC3F5, 0xCC17, 0xD438, 0xD459, 0xDC5A, 0xDC7B, 0xDC9C, 0xD49C, 0xD4BD, 0xCCBD, 0xCCDE,
    0xCBA2, 0xCBA2, 0xCBA3, 0xCBA3, 0xCBA4, 0xCBA5, 0xCBC5, 0xCBC6, 0xCBC7, 0xCBC8, 0xCBC9, 0xCBCA, 0xCBAB, 0xCBAC, 0xCBAD, 0xCBAE,
    0xCB8F, 0xC390, 0xC3B2, 0xBBF3, 0xBC14, 0xC435, 0xCC36, 0xD458, 0xD479, 0xDC9A, 0xDCBB, 0xDCDB, 0xD4DC, 0xD51D, 0xCCFD, 0xCD1E,
    0xCC02, 0xCC02, 0xCC03, 0xD404, 0xD404, 0xD405, 0xD406, 0xCC07, 0xCC08, 0xCC08, 0xCC09, 0xCC0A, 0xCC0B, 0xCC0C, 0xCC0D, 0xCBEE,
    0xCBEF, 0xCBD0, 0xC3F1, 0xC413, 0xBC34, 0xC455, 0xCC76, 0xCC97, 0xD4B9, 0xDCDA, 0xDCFB, 0xDD1B, 0xD51C, 0xD55D, 0xD53D, 0xCD5E,
    0xD462, 0xD463, 0xD463, 0xD464, 0xD465, 0xD485, 0xD486, 0xD487, 0xD488, 0xD469, 0xCC6A, 0xCC6B, 0xCC6B, 0xCC4C, 0xCC4D, 0xCC4E,
    0xCC4F, 0xCC30, 0xCC31, 0xC452, 0xC474, 0xC495, 0xC4B6, 0xCCB7, 0xD4D9, 0xDD1A, 0xDD3B, 0xDD3B, 0xD53C, 0xD57D, 0xD57D, 0xCD7E,
    0xD4C3, 0xD4C3, 0xD4C4, 0xDCC5, 0xDCE5, 0xDCE6, 0xDCE7, 0xD4E8, 0xD4E9, 0xD4EA, 0xD4EA, 0xD4EB, 0xD4CC, 0xCCCD, 0xCCAE, 0xCCAE,
    0xCCAF, 0xCC90, 0xCC91, 0xCC92, 0xC494, 0xC4B5, 0xC4D6, 0xCCF7, 0xD518, 0xD53A, 0xDD5A, 0xDD5B, 0xD57C, 0xD59D, 0xD5BD, 0xD5BE,
    0xDD43, 0xDD44, 0xDD44, 0xDD45, 0xDD46, 0xDD47, 0xDD48, 0xDD49, 0xDD4A, 0xD54A, 0xD54B, 0xD54C, 0xD54D, 0xD52E, 0xD52E, 0xD50F,
    0xCCF0, 0xCCF1, 0xCCF1, 0xCCF2, 0xCCD3, 0xC4F5, 0xC516, 0xCD37, 0xCD58, 0xD57A, 0xDD7A, 0xDD9B, 0xDDBC, 0xD5DD, 0xD5FD, 0xD5FE,
    0xDDA4, 0xDDA5, 0xDDA5, 0xDDA6, 0xDDA7, 0xDDA8, 0xDDA9, 0xDDAA, 0xDDAA, 0xDDAB, 0xDDAC, 0xDDAD, 0xDDAE, 0xD5AF, 0xD58F, 0xD590,
    0xD571, 0xD551, 0xCD52, 0xCD53, 0xCD34, 0xCD35, 0xCD56, 0xC577, 0xCD78, 0xD599, 0xDDBA, 0xDDDB, 0xDDFC, 0xD61C, 0xD61D, 0xD63E,
    0xDE05, 0xE606, 0xE606, 0xE607, 0xE608, 0xE609, 0xE60A, 0xDE0B, 0xDE0C, 0xDE0C, 0xDE0D, 0xDE0E, 0xDE0F, 0xDE10, 0xDE10, 0xD5F1,
    0xD5F2, 0xD5D2, 0xD5B3, 0xD593, 0xCD94, 0xCD95, 0xCD96, 0xCD97, 0xCDB8, 0xD5D9, 0xDDFA, 0xDE1B, 0xDE3C, 0xD63C, 0xD65D, 0xD65E,
    0xE666, 0xE667, 0xE667, 0xE668, 0xE669, 0xE66A, 0xE66B, 0xE66C, 0xE66D, 0xDE6D, 0xDE6E, 0xDE6F, 0xDE70, 0xDE71, 0xDE51, 0xDE52,
    0xDE53, 0xDE33, 0xD634, 0xD615, 0xD5F5, 0xD5D5, 0xCDD6, 0xCDD7, 0xCDF8, 0xD619, 0xDE1A, 0xDE3B, 0xDE5C, 0xD67D, 0xD69D, 0xD69E,
    0xDE88, 0xDEA8, 0xDEA9, 0xDEA9, 0xDEAA, 0xDEAB, 0xDEAC, 0xDEAD, 0xDEAE, 0xDEAE, 0xDEAF, 0xDEB0, 0xDEB1, 0xDEB2, 0xDEB2, 0xDEB3,
    0xDEB4, 0xDE94, 0xDE95, 0xDE76, 0xD676, 0xD656, 0xD637, 0xD617, 0xCE18, 0xCE39, 0xD65A, 0xDE7B, 0xDE9C, 0xD69D, 0xD6BD, 0xD6BE,
    0xD6AA, 0xD6CA, 0xD6CA, 0xD6CB, 0xD6CC, 0xD6CC, 0xD6CD, 0xDECE, 0xDECF, 0xDED0, 0xDED0, 0xDED1, 0xDED2, 0xDED2, 0xDED3, 0xDED4,
    0xDED5, 0xDED5, 0xDED6, 0xDED6, 0xDEB7, 0xDEB7, 0xD6B8, 0xD698, 0xD678, 0xD659, 0xD67A, 0xD69B, 0xDEBC, 0xDEDD, 0xD6DD, 0xD6FE,
    0xCEEB, 0xCEEC, 0xCEEC, 0xCEED, 0xCEED, 0xD6EE, 0xD6EE, 0xD6EF, 0xD6F0, 0xD6F1, 0xD6F1, 0xD6F2, 0xD6F2, 0xDEF3, 0xDEF4, 0xDEF5,
    0xDEF5, 0xDEF6, 0xDEF7, 0xDEF7, 0xDEF8, 0xD6F8, 0xDEF9, 0xD6D9, 0xD6D9, 0xD6B9, 0xD6BA, 0xD6BB, 0xD6DC, 0xDEFD, 0xDF1D, 0xDF1E,
    0xC70E, 0xC70E, 0xCF2E, 0xCF2F, 0xCF2F, 0xCF30, 0xCF10, 0xCF11, 0xCF11, 0xD712, 0xD713, 0xD713, 0xD714, 0xD714, 0xD715, 0xD716,
    0xD716, 0xDF17, 0xD717, 0xDF18, 0xDF19, 0xD719, 0xDF19, 0xDF1A, 0xDF1A, 0xD6FA, 0xD6FA, 0xD6FB, 0xD6FC, 0xDF1D, 0xDF3D, 0xDF3E,
    0xC750, 0xC750, 0xC750, 0xC751, 0xCF51, 0xCF51, 0xCF52, 0xCF52, 0xCF53, 0xCF53, 0xD754, 0xD754, 0xD755, 0xD755, 0xD756, 0xD756,
    0xD757, 0xD758, 0xDF58, 0xDF59, 0xDF59, 0xDF5A, 0xDF5A, 0xDF5A, 0xDF3B, 0xDF3B, 0xDF3B, 0xD71B, 0xD71C, 0xDF3D, 0xDF5D, 0xDF5E,
    0xBF71, 0xC772, 0xC772, 0xC772, 0xC772, 0xC773, 0xCF73, 0xCF73, 0xCF74, 0xCF74, 0xCF75, 0xD775, 0xD776, 0xD776, 0xD777, 0xD777,
    0xD778, 0xD778, 0xDF79, 0xDF79, 0xDF7A, 0xDF7A, 0xDF7B, 0xDF7B, 0xDF7B, 0xDF7B, 0xDF5C, 0xDF5C, 0xDF5C, 0xD75C, 0xDF7D, 0xDF7E,
    0xBF93, 0xC793, 0xC794, 0xC793, 0xC794, 0xC794, 0xC794, 0xCF95, 0xCF95, 0xCF96, 0xCF96, 0xCF96, 0xD797, 0xD797, 0xD798, 0xD798,
    0xD799, 0xDF99, 0xDF9A, 0xDF9A, 0xDF9A, 0xDF9B, 0xDF9B, 0xDF9B, 0xE79C, 0xE79C, 0xE79C, 0xE77C, 0xDF7C, 0xDF7C, 0xDF7D, 0xDF9E,
    0xC7B5, 0xC7B5, 0xC7B5, 0xC7B5, 0xC7B5, 0xC7B5, 0xCFB6, 0xCFB6, 0xCFB6, 0xCFB7, 0xCFB7, 0xCFB7, 0xD7B8, 0xD7B8, 0xD7B8, 0xD7B9,
    0xD7B9, 0xDFBA, 0xDFBA, 0xDFBB, 0xDFBB, 0xDFBB, 0xE7BC, 0xE7BC, 0xE7BC, 0xE7BC, 0xE7BD, 0xE7BD, 0xE7BD, 0xDF9D, 0xDF9D, 0xDFBE,
    0xC7D6, 0xC7D6, 0xC7D6, 0xC7D6, 0xC7B6, 0xCFB6, 0xCFB7, 0xCFB7, 0xCFB7, 0xCFB8, 0xD7B8, 0xD7B8, 0xD7B8, 0xD7B9, 0xD7B9, 0xD7BA,
    0xDFBA, 0xDFBA, 0xDFBB, 0xDFBB, 0xDFBB, 0xE7BC, 0xE7DC, 0xE7DC, 0xE7DD, 0xE7DD, 0xEFDD, 0xEFDD, 0xEFDD, 0xE7DD, 0xDFDD, 0xDFDE,
    0xD0C0, 0xD0A0, 0xD0A1, 0xD082, 0xC863, 0xC803, 0xC804, 0xC805, 0xC806, 0xC807, 0xC009, 0xC00B, 0xB80D, 0xB86E, 0xB10F, 0xB150,
    0xB912, 0xC0B3, 0xC815, 0xD016, 0xE018, 0xE81A, 0xF01B, 0xF01C, 0xF01C, 0xE81D, 0xE81D, 0xE01D, 0xE01E, 0xD81E, 0xD81E, 0xD01F,
    0xD0E0, 0xD0C0, 0xD0C1, 0xD0A2, 0xC883, 0xC843, 0xC804, 0xC805, 0xC806, 0xC807, 0xC009, 0xC00B, 0xB80D, 0xB88E, 0xB10F, 0xB150,
    0xB932, 0xC0D3, 0xC855, 0xD016, 0xE018, 0xE81A, 0xE81B, 0xF01C, 0xF01C, 0xE81D, 0xE81D, 0xE01D, 0xE01E, 0xD81E, 0xD81E, 0xD05F,
    0xD100, 0xD100, 0xD0E1, 0xD0E2, 0xC8C3, 0xC8A3, 0xC864, 0xC805, 0xC806, 0xC807, 0xC009, 0xC00B, 0xB82C, 0xB8AE, 0xB12F, 0xB170,
    0xB952, 0xC0F3, 0xC875, 0xD016, 0xE018, 0xE81A, 0xE81B, 0xE81C, 0xE81C, 0xE81C, 0xE81D, 0xE01D, 0xE01E, 0xD83E, 0xD85E, 0xD07F,
    0xD120, 0xD120, 0xD121, 0xD102, 0xD103, 0xC8E3, 0xC8C4, 0xC865, 0xC806, 0xC807, 0xC009, 0xC00B, 0xB84C, 0xB8EE, 0xB14F, 0xA990,
    0xB972, 0xC133, 0xC8B5, 0xD056, 0xD818, 0xE81A, 0xE81B, 0xE81B, 0xE81C, 0xE81C, 0xE81D, 0xE01D, 0xE05D, 0xD89E, 0xD8DE, 0xD11F,
    0xD160, 0xD140, 0xD141, 0xD142, 0xD123, 0xC924, 0xC904, 0xC8C5, 0xC886, 0xC827, 0xC808, 0xC00A, 0xB8AC, 0xB90E, 0xB16F, 0xA9B0,
    0xB191, 0xC153, 0xC915, 0xD0B6, 0xD838, 0xE01A, 0xE81B, 0xE81B, 0xE81C, 0xE81C, 0xE83D, 0xE07D, 0xE0FE, 0xD91E, 0xD95E, 0xD17F,
    0xD180, 0xD181, 0xD181, 0xD162, 0xD163, 0xD164, 0xC944, 0xC925, 0xC8E6, 0xC8A7, 0xC828, 0xC06A, 0xC0EC, 0xB92E, 0xB18F, 0xA9D0,
    0xB1D1, 0xC193, 0xC974, 0xD136, 0xD8F8, 0xE099, 0xE89B, 0xE89B, 0xE8DC, 0xE8FC, 0xE91D, 0xE11D, 0xE19D, 0xD9BE, 0xD9BE, 0xD1DF,
    0xD1A0, 0xD1A1, 0xD1A2, 0xD1A2, 0xD1A3, 0xD184, 0xC985, 0xC965, 0xC946, 0xC927, 0xC8C8, 0xC0EA, 0xC12C, 0xB98D, 0xB1CF, 0xA9F0,
    0xB211, 0xB9F2, 0xC1D4, 0xC995, 0xD177, 0xE159, 0xE15A, 0xE95B, 0xE95B, 0xE97C, 0xE99C, 0xE19D, 0xE1DD, 0xDA1E, 0xD21E, 0xD21E,
    0xD1C0, 0xD1C1, 0xD1C2, 0xD1C2, 0xD1C3, 0xD1C4, 0xC9C5, 0xC9C6, 0xC9A7, 0xC988, 0xC968, 0xC14A, 0xC18C, 0xB9CD, 0xB1EF, 0xAA30,
    0xAA51, 0xB232, 0xC214, 0xCA15, 0xD1F6, 0xD9D8, 0xE1DA, 0xE1FB, 0xE1FB, 0xE1FC, 0xEA1C, 0xE21D, 0xDA3D, 0xDA7E, 0xD27E, 0xD27E,
    0xD1E1, 0xD1E1, 0xD202, 0xD203, 0xD203, 0xD204, 0xCA05, 0xCA06, 0xCA07, 0xC9E8, 0xC1C9, 0xC1AA, 0xC1CB, 0xB9ED, 0xBA2E, 0xB250,
    0xAA91, 0xB292, 0xBA73, 0xC274, 0xCA56, 0xD258, 0xDA59, 0xE25A, 0xE25B, 0xE25B, 0xE27C, 0xE27D, 0xDABD, 0xDABE, 0xD2DE, 0xD2DE,
    0xD221, 0xD221, 0xD222, 0xD223, 0xD223, 0xD224, 0xCA25, 0xCA46, 0xCA47, 0xC248, 0xC229, 0xC20A, 0xC20B, 0xC22D, 0xBA4E, 0xBA6F,
    0xB2B0, 0xB2D1, 0xBAB3, 0xC2B4, 0xCAB6, 0xD2B7, 0xDAB9, 0xE2BA, 0xE2BB, 0xE2BB, 0xE2DC, 0xE2DC, 0xDAFD, 0xDB1D, 0xD33E, 0xD33E,
    0xD261, 0xD261, 0xD262, 0xD263, 0xD263, 0xD264, 0xD265, 0xCA66, 0xCA87, 0xCA88, 0xCA69, 0xCA6A, 0xCA4B, 0xC24C, 0xC26E, 0xBA8F,
    0xBAD0, 0xB2F1, 0xB312, 0xBB14, 0xC2F5, 0xD2F7, 0xDB18, 0xE31A, 0xE31B, 0xE33B, 0xE33C, 0xE33C, 0xDB5D, 0xDB9D, 0xD37E, 0xD39E,
    0xD2A1, 0xD2A1, 0xD2A2, 0xD2A3, 0xD2A4, 0xD2A4, 0xD2A5, 0xCAA6, 0xCAA7, 0xCAA8, 0xCAA9, 0xCAAA, 0xCAAB, 0xCA8C, 0xCA8D, 0xC2AF,
    0xBAD0, 0xBB11, 0xB332, 0xBB53, 0xC355, 0xCB56, 0xD358, 0xDB79, 0xE37A, 0xE37B, 0xE39C, 0xE39C, 0xDBBD, 0xDBFD, 0xD3DE, 0xD3DE,
    0xD2C1, 0xD2C2, 0xD2C2, 0xD2C3, 0xD2E4, 0xD2E4, 0xD2E5, 0xD2E6, 0xCAE7, 0xCAE8, 0xCAE9, 0xCAEA, 0xCAEB, 0xCACC, 0xCAAD, 0xCACE,
    0xC2F0, 0xC331, 0xBB52, 0xBB73, 0xC394, 0xC396, 0xD3B7, 0xDB99, 0xDBBA, 0xE3DB, 0xE3DB, 0xE3DC, 0xDBFC, 0xDC3D, 0xD41E, 0xD43E,
    0xD301, 0xD302, 0xD302, 0xD323, 0xD324, 0xD324, 0xD325, 0xD326, 0xD327, 0xD328, 0xD329, 0xD32A, 0xD32B, 0xD32C, 0xD30D, 0xCAEE,
    0xCB0F, 0xC351, 0xC372, 0xBBB3, 0xC3B4, 0xC3D5, 0xCBF7, 0xD3F8, 0xDC1A, 0xE41A, 0xE41B, 0xE43C, 0xDC5C, 0xDC7D, 0xD47D, 0xCC7E,
    0xD361, 0xD362, 0xD363, 0xD363, 0xD364, 0xD364, 0xD365, 0xD366, 0xD367, 0xD368, 0xD369, 0xD36A, 0xD36B, 0xD36C, 0xD36D, 0xD34E,
    0xCB4F, 0xCB70, 0xC392, 0xBBD3, 0xBBF4, 0xC415, 0xCC16, 0xD438, 0xDC59, 0xDC5A, 0xE47B, 0xE47C, 0xDC9C, 0xDCBD, 0xD4BD, 0xD4DE,
    0xD3A2, 0xD3A2, 0xD3A3, 0xD3A3, 0xD3A4, 0xD3A5, 0xD3C6, 0xD3C7, 0xD3C8, 0xD3C8, 0xD3C9, 0xD3CA, 0xD3CB, 0xD3AC, 0xD3AD, 0xD3AE,
    0xD38F, 0xCB90, 0xCBB2, 0xC3F3, 0xC414, 0xC435, 0xCC56, 0xD477, 0xD499, 0xDCBA, 0xDCBB, 0xE4BB, 0xDCDC, 0xDD1D, 0xD4FD, 0xD51E,
    0xD3E2, 0xD3E3, 0xD3E3, 0xD404, 0xD404, 0xD405, 0xD406, 0xD407, 0xD408, 0xD409, 0xD409, 0xD40A, 0xD40B, 0xD40C, 0xD40D, 0xD3EE,
    0xD3EF, 0xD3F0, 0xCBF1, 0xCC13, 0xC434, 0xC455, 0xCC76, 0xD497, 0xD4B8, 0xDCDA, 0xE4FB, 0xE51B, 0xDD1C, 0xDD3D, 0xD53D, 0xD55E,
    0xDC42, 0xDC43, 0xDC44, 0xDC64, 0xDC65, 0xDC66, 0xD467, 0xD467, 0xD468, 0xD469, 0xD46A, 0xD46B, 0xD46C, 0xD46D, 0xD44D, 0xD44E,
    0xD44F, 0xD450, 0xD431, 0xCC52, 0xCC74, 0xC495, 0xCCB6, 0xCCD7, 0xD4D8, 0xDD19, 0xDD3A, 0xE53B, 0xDD3C, 0xDD7D, 0xDD7D, 0xD57E,
    0xDCC3, 0xDCC3, 0xDCC4, 0xDCC5, 0xDCC5, 0xDCC6, 0xDCC7, 0xDCC8, 0xDCC9, 0xDCCA, 0xD4CA, 0xD4CB, 0xD4CC, 0xD4AD, 0xD4AE, 0xD4AF,
    0xD4AF, 0xD490, 0xD491, 0xD492, 0xCC94, 0xCCB5, 0xC4F6, 0xCCF7, 0xD518, 0xDD39, 0xDD5A, 0xE55B, 0xDD7C, 0xDD9C, 0xDDBD, 0xD5BE,
    0xDD24, 0xE524, 0xE525, 0xE525, 0xE526, 0xE547, 0xDD48, 0xDD49, 0xDD4A, 0xDD4A, 0xDD4B, 0xDD4C, 0xDD2D, 0xDD2E, 0xD50E, 0xD50F,
    0xD4F0, 0xD4F1, 0xD4F1, 0xD4F2, 0xD4D3, 0xCCF5, 0xCD16, 0xCD37, 0xD558, 0xD559, 0xDD7A, 0xE59B, 0xE5BC, 0xDDDC, 0xDDFD, 0xDDFE,
    0xE584, 0xE585, 0xE585, 0xE586, 0xE587, 0xE5A8, 0xE5A9, 0xE5AA, 0xE5AB, 0xDDAB, 0xDDAC, 0xDDAD, 0xDDAE, 0xDD8F, 0xDD8F, 0xDD70,
    0xD551, 0xD551, 0xD552, 0xD553, 0xD534, 0xD535, 0xCD56, 0xCD57, 0xD578, 0xD599, 0xDDBA, 0xDDDB, 0xE5FC, 0xDE1C, 0xDE1D, 0xDE3E,
    0xE5E5, 0xE5E6, 0xE5E6, 0xE5E7, 0xE5E8, 0xE609, 0xE60A, 0xE60B, 0xE60C, 0xE60C, 0xE60D, 0xE60E, 0xDE0F, 0xDE10, 0xDDF0, 0xDDF1,
    0xDDD2, 0xDDB2, 0xD5B3, 0xD593, 0xD594, 0xD595, 0xD596, 0xCD97, 0xCDB8, 0xD5D9, 0xDDDA, 0xDDFB, 0xE61C, 0xDE3C, 0xDE5D, 0xDE7E,
    0xE646, 0xE647, 0xE647, 0xE648, 0xE649, 0xE64A, 0xE64B, 0xE64C, 0xE64D, 0xE64D, 0xE64E, 0xE64F, 0xE650, 0xE651, 0xE651, 0xDE52,
    0xDE33, 0xDE33, 0xDE14, 0xDE14, 0xD5F5, 0xD5D5, 0xD5D6, 0xD5D7, 0xD5D8, 0xD5F9, 0xDE1A, 0xDE3B, 0xE65C, 0xDE7D, 0xDE9D, 0xDE9E,
    0xE6A8, 0xE6A8, 0xE6A9, 0xEEA9, 0xEEAA, 0xEEAB, 0xE6AC, 0xE6AD, 0xE6AE, 0xE6AF, 0xE6AF, 0xE6B0, 0xE6B1, 0xE6B2, 0xE6B2, 0xE693,
    0xE694, 0xDE94, 0xDE75, 0xDE75, 0xDE56, 0xDE36, 0xD637, 0xD617, 0xD618, 0xD639, 0xD63A, 0xDE5B, 0xDE9C, 0xDE9D, 0xDEBD, 0xDEBE,
    0xDEC9, 0xE6CA, 0xE6CA, 0xE6CB, 0xE6CB, 0xE6EC, 0xE6CD, 0xE6EE, 0xE6EF, 0xE6D0, 0xE6D1, 0xE6D1, 0xE6D2, 0xE6D3, 0xE6D3, 0xE6D4,
    0xE6D5, 0xE6D5, 0xE6D6, 0xE6D6, 0xDEB7, 0xDEB7, 0xDE98, 0xDE78, 0xD678, 0xD659, 0xD67A, 0xDE9B, 0xDEBC, 0xDEDD, 0xDEDD, 0xDEFE,
    0xD6EB, 0xD6EC, 0xDEEC, 0xDEEC, 0xDEED, 0xDEEE, 0xDEEE, 0xDEEF, 0xDEF0, 0xDEF1, 0xDEF1, 0xDEF2, 0xE6F3, 0xE713, 0xE714, 0xE715,
    0xE715, 0xE716, 0xE6F7, 0xE6F7, 0xE6F8, 0xDEF8, 0xDEF9, 0xDED9, 0xDED9, 0xDEB9, 0xD69A, 0xDEBB, 0xDEDC, 0xDEFD, 0xDEFD, 0xDF1E,
    0xCF0D, 0xD70D, 0xD70E, 0xD70E, 0xD70E, 0xD70F, 0xD710, 0xD710, 0xD711, 0xDF12, 0xDF12, 0xDF13, 0xDF13, 0xDF14, 0xDF15, 0xDF15,
    0xDF16, 0xDF37, 0xDF37, 0xDF38, 0xDF38, 0xDF39, 0xDF19, 0xDF1A, 0xDF1A, 0xDEFA, 0xDEFA, 0xDEFB, 0xDEFC, 0xDF1D, 0xDF3D, 0xDF3E,
    0xCF4F, 0xCF50, 0xCF50, 0xCF50, 0xD751, 0xD751, 0xD751, 0xD752, 0xD753, 0xD753, 0xD754, 0xD754, 0xDF55, 0xDF55, 0xDF56, 0xDF56,
    0xDF57, 0xDF57, 0xDF58, 0xDF59, 0xDF59, 0xDF5A, 0xDF5A, 0xDF5A, 0xDF5B, 0xDF3B, 0xDF3B, 0xDF1B, 0xDF1B, 0xDF3C, 0xDF5D, 0xDF5E,
    0xC771, 0xC771, 0xCF72, 0xCF72, 0xCF72, 0xCF72, 0xCF73, 0xD773, 0xD774, 0xD774, 0xD775, 0xD775, 0xD776, 0xDF76, 0xDF77, 0xDF77,
    0xDF78, 0xDF78, 0xDF79, 0xDF79, 0xDF7A, 0xDF7A, 0xDF7B, 0xE77B, 0xE77B, 0xE77B, 0xE77C, 0xE75C, 0xDF5C, 0xDF5C, 0xDF7D, 0xDF7E,
    0xC793, 0xC793, 0xCF93, 0xCF93, 0xCF94, 0xCF94, 0xCF94, 0xCF95, 0xD795, 0xD795, 0xD796, 0xD796, 0xD797, 0xD797, 0xDF97, 0xDF98,
    0xDF98, 0xDF99, 0xDF99, 0xDF9A, 0xDF9A, 0xE79B, 0xE79B, 0xE79B, 0xE79C, 0xE79C, 0xE79C, 0xE79C, 0xE77C, 0xDF7C, 0xDF7D, 0xE79E,
    0xC7B5, 0xC7B5, 0xC7B5, 0xCFB5, 0xCFB5, 0xCFB5, 0xCFB5, 0xCFB6, 0xD7B6, 0xD7B6, 0xD7B7, 0xD7B7, 0xD7B8, 0xD7B8, 0xDFB8, 0xDFB9,
    0xDFB9, 0xDFBA, 0xDFBA, 0xDFBA, 0xE7BB, 0xE7BB, 0xE7BC, 0xE7BC, 0xE7BC, 0xE7BC, 0xE7BD, 0xE7BD, 0xE7BD, 0xE79D, 0xE79D, 0xE7BE,
    0xCFD6, 0xCFD6, 0xCFD6, 0xCFD6, 0xCFD6, 0xCFB6, 0xCFB7, 0xD7B7, 0xD7B7, 0xD7B7, 0xD7B8, 0xD7B8, 0xD7B8, 0xD7B9, 0xDFB9, 0xDFB9,
    0xDFBA, 0xDFBA, 0xDFBB, 0xE7BB, 0xE7BB, 0xE7DC, 0xE7DC, 0xE7DC, 0xEFDD, 0xEFDD, 0xEFDD, 0xEFDD, 0xEFDD, 0xEFDD, 0xE7DD, 0xE7DE,
    0xD8C0, 0xD8C0, 0xD8A1, 0xD882, 0xD863, 0xD823, 0xD004, 0xD005, 0xD006, 0xD007, 0xD009, 0xC80B, 0xC80D, 0xC02E, 0xC0CF, 0xB950,
    0xB952, 0xC113, 0xD095, 0xD836, 0xE018, 0xE819, 0xF01B, 0xF01C, 0xF01C, 0xF01D, 0xF01D, 0xF01D, 0xE81E, 0xE81E, 0xE01E, 0xD81F,
    0xD8E0, 0xD8E0, 0xD8C1, 0xD8C2, 0xD8A3, 0xD863, 0xD004, 0xD005, 0xD006, 0xD007, 0xD009, 0xC80B, 0xC80C, 0xC04E, 0xC0CF, 0xB950,
    0xB972, 0xC133, 0xD0D5, 0xD856, 0xE018, 0xE819, 0xF01B, 0xF01C, 0xF01C, 0xF01D, 0xF01D, 0xF01D, 0xE81E, 0xE81E, 0xE01E, 0xD83F,
    0xD900, 0xD900, 0xD901, 0xD8E2, 0xD8C3, 0xD8A3, 0xD064, 0xD005, 0xD006, 0xD007, 0xD009, 0xC80B, 0xC80C, 0xC06E, 0xC0EF, 0xB970,
    0xB972, 0xC133, 0xD0F5, 0xD076, 0xE038, 0xE819, 0xF01B, 0xF01C, 0xF01C, 0xF01D, 0xF01D, 0xF01D, 0xE81D, 0xE81E, 0xE05E, 0xD87F,
    0xD940, 0xD920, 0xD921, 0xD922, 0xD903, 0xD8E3, 0xD0C4, 0xD085, 0xD006, 0xD007, 0xD008, 0xC80A, 0xC82C, 0xC08E, 0xC10F, 0xB970,
    0xB991, 0xC173, 0xC934, 0xD0B6, 0xD857, 0xE819, 0xE81A, 0xF01B, 0xF01C, 0xF01C, 0xF01D, 0xF01D, 0xE83D, 0xE87E, 0xE0BE, 0xD91F,
    0xD960, 0xD960, 0xD941, 0xD942, 0xD943, 0xD924, 0xD104, 0xD0E5, 0xD0A6, 0xD027, 0xD008, 0xC80A, 0xC84C, 0xC0CE, 0xC14F, 0xB990,
    0xB9B1, 0xC193, 0xC974, 0xD136, 0xD8D7, 0xE079, 0xE83A, 0xF03B, 0xF05C, 0xF03C, 0xF03D, 0xF03D, 0xE8BD, 0xE8FE, 0xE15E, 0xD97F,
    0xD980, 0xD981, 0xD981, 0xD982, 0xD963, 0xD164, 0xD145, 0xD145, 0xD106, 0xD0C7, 0xD048, 0xC84A, 0xC8CC, 0xC12E, 0xB98F, 0xB1D0,
    0xB1F1, 0xC1D3, 0xC9B4, 0xD175, 0xD957, 0xE118, 0xE8FA, 0xE8DB, 0xF11C, 0xF13C, 0xE93C, 0xE8FD, 0xE97D, 0xE9BE, 0xE1BE, 0xD9DF,
    0xD9A0, 0xD9A1, 0xD9A1, 0xD9A2, 0xD9A3, 0xD1A4, 0xD1A5, 0xD186, 0xD166, 0xD147, 0xD0E8, 0xC8CA, 0xC92C, 0xC16D, 0xB9AF, 0xB1F0,
    0xB211, 0xBA12, 0xC1F4, 0xC9D5, 0xD1B6, 0xD998, 0xE19A, 0xE97B, 0xE99B, 0xE9BC, 0xE9BC, 0xE99D, 0xE9DD, 0xE21E, 0xE21E, 0xDA1E,
    0xD9C0, 0xD9C1, 0xD9C2, 0xD9E2, 0xD9C3, 0xD1E4, 0xD1C5, 0xD1C6, 0xD1C7, 0xD1A8, 0xC968, 0xC94A, 0xC96C, 0xC1AD, 0xB9EF, 0xBA30,
    0xB251, 0xBA52, 0xC253, 0xCA35, 0xD216, 0xDA18, 0xE219, 0xEA1A, 0xEA1B, 0xEA1C, 0xEA1C, 0xEA1D, 0xEA3D, 0xE27E, 0xE27E, 0xDA7E,
    0xDA01, 0xDA01, 0xDA02, 0xDA03, 0xDA03, 0xD204, 0xD205, 0xD206, 0xCA07, 0xC9E8, 0xC9E9, 0xC9AA, 0xC9AB, 0xC9ED, 0xC20E, 0xBA50,
    0xB291, 0xB292, 0xBA93, 0xC294, 0xCA76, 0xD277, 0xDA79, 0xE27A, 0xEA7B, 0xEA7B, 0xEA7C, 0xEA7D, 0xEA9D, 0xE2BE, 0xE2DE, 0xDADE,
    0xDA21, 0xDA21, 0xDA22, 0xDA23, 0xDA43, 0xD244, 0xD245, 0xD246, 0xD247, 0xD248, 0xD229, 0xCA0A, 0xC9EB, 0xCA0C, 0xC24E, 0xC26F,
    0xBAB1, 0xB2D2, 0xBAD3, 0xC2D4, 0xCAB5, 0xD2B7, 0xDAB8, 0xE2DA, 0xEADB, 0xEADB, 0xEADC, 0xEADC, 0xEAFD, 0xE31D, 0xE33E, 0xDB3E,
    0xDA61, 0xDA61, 0xDA62, 0xDA63, 0xDA64, 0xD264, 0xD285, 0xD286, 0xD287, 0xD288, 0xD269, 0xD26A, 0xD24B, 0xD24C, 0xCA6E, 0xCA8F,
    0xC2B0, 0xBAF1, 0xBB12, 0xC314, 0xCB15, 0xD316, 0xDB18, 0xE31A, 0xE33B, 0xEB5B, 0xEB5C, 0xEB3C, 0xEB5D, 0xE39D, 0xDB7E, 0xDB9E,
    0xDAA1, 0xDAA2, 0xDAA2, 0xDAA3, 0xDAA4, 0xDAA4, 0xD2A5, 0xD2A6, 0xD2A7, 0xD2A8, 0xD2A9, 0xD2AA, 0xD2AB, 0xD28C, 0xD28D, 0xCAAF,
    0xCAD0, 0xC311, 0xBB32, 0xBB53, 0xC355, 0xCB56, 0xD378, 0xDB79, 0xE37A, 0xE39B, 0xEB9C, 0xEB9C, 0xE39D, 0xE3DD, 0xDBDE, 0xDBDE,
    0xDAE1, 0xDAC2, 0xDAC2, 0xDAE3, 0xDAE4, 0xDAE5, 0xD2E6, 0xD2E6, 0xD2E7, 0xD2E8, 0xD2E9, 0xD2EA, 0xD2EB, 0xD2EC, 0xD2CD, 0xD2CE,
    0xCAF0, 0xCB11, 0xC352, 0xBB73, 0xC394, 0xCB95, 0xD3B7, 0xDBB8, 0xE3DA, 0xE3DB, 0xE3DB, 0xE3DC, 0xE3DC, 0xE43D, 0xDC1D, 0xDC3E,
    0xDB21, 0xDB22, 0xDB22, 0xDB23, 0xDB24, 0xDB25, 0xDB26, 0xD327, 0xDB27, 0xDB28, 0xDB29, 0xDB2A, 0xD32B, 0xD32C, 0xD30D, 0xD2EE,
    0xD30F, 0xCB31, 0xCB72, 0xC393, 0xC3D4, 0xCBD5, 0xD3F7, 0xD418, 0xDC19, 0xE43A, 0xE43B, 0xEC3C, 0xE43C, 0xE47D, 0xDC7D, 0xDC7E,
    0xDB61, 0xDB62, 0xDB63, 0xDB63, 0xDB64, 0xDB65, 0xDB66, 0xDB67, 0xDB68, 0xDB68, 0xDB69, 0xDB6A, 0xDB6B, 0xDB6C, 0xDB6D, 0xDB4E,
    0xD34F, 0xD370, 0xCB92, 0xCBB3, 0xC3F4, 0xCC15, 0xCC36, 0xD438, 0xDC59, 0xE47A, 0xE47B, 0xE47C, 0xE49C, 0xE4BD, 0xDCBD, 0xDCDE,
    0xDBA2, 0xDBA2, 0xDBA3, 0xDBA4, 0xDBA4, 0xDBC5, 0xDBC6, 0xDBC7, 0xDBC8, 0xDBC8, 0xDBC9, 0xDBCA, 0xDBAB, 0xDBAC, 0xDBAD, 0xDBAE,
    0xDB8F, 0xD390, 0xD3B1, 0xCBF3, 0xCC14, 0xC435, 0xCC56, 0xD477, 0xD498, 0xDCBA, 0xE4DB, 0xE4BB, 0xE4DC, 0xE4FD, 0xDCFD, 0xDD1E,
    0xDBE2, 0xDBE3, 0xDBE3, 0xDBE4, 0xDC04, 0xDC05, 0xDC06, 0xDC07, 0xDC08, 0xDC09, 0xDC0A, 0xDC0A, 0xDC0B, 0xDC0C, 0xDC0D, 0xDBEE,
    0xDBEF, 0xDBF0, 0xD3F1, 0xD413, 0xCC34, 0xCC75, 0xCC96, 0xD4B7, 0xD4B8, 0xDCD9, 0xE4FA, 0xE51B, 0xE51C, 0xE53D, 0xDD3D, 0xDD5E,
    0xDC43, 0xDC43, 0xDC44, 0xDC44, 0xDC45, 0xDC46, 0xDC67, 0xDC68, 0xDC68, 0xDC69, 0xDC6A, 0xDC6B, 0xDC6C, 0xDC6D, 0xDC4D, 0xDC4E,
    0xDC4F, 0xDC50, 0xDC31, 0xD452, 0xD474, 0xCC95, 0xCCB6, 0xD4D7, 0xD4F8, 0xDD19, 0xE53A, 0xE53B, 0xE53C, 0xE57D, 0xDD7D, 0xDD7E,
    0xE4A3, 0xE4A4, 0xE4A4, 0xE4A5, 0xE4A5, 0xE4C6, 0xDCC7, 0xDCC8, 0xDCC9, 0xDCCA, 0xDCCA, 0xDCCB, 0xDCAC, 0xDCAD, 0xDCAE, 0xDCAF,
    0xDCB0, 0xDCB1, 0xDC91, 0xDC92, 0xD494, 0xD4B5, 0xCCF6, 0xCCF7, 0xD518, 0xDD39, 0xDD5A, 0xE55B, 0xE57C, 0xE59C, 0xE5BD, 0xDDBE,
    0xE524, 0xE524, 0xE525, 0xE525, 0xE526, 0xE527, 0xE528, 0xE529, 0xE52A, 0xE52A, 0xE52B, 0xDD2C, 0xDD2D, 0xDD0E, 0xDD0E, 0xDD0F,
    0xDCF0, 0xDCF1, 0xDCF2, 0xDCF3, 0xDCF3, 0xD4F5, 0xD516, 0xCD37, 0xD558, 0xD559, 0xDD7A, 0xE59B, 0xE5BC, 0xE5DC, 0xE5FD, 0xDDFE,
    0xED65, 0xED85, 0xED86, 0xED86, 0xED87, 0xE588, 0xE589, 0xE58A, 0xE58B, 0xE58B, 0xE58C, 0xE58D, 0xE58E, 0xE58F, 0xDD6F, 0xDD70,
    0xDD51, 0xDD51, 0xDD52, 0xDD53, 0xDD34, 0xDD35, 0xD556, 0xD557, 0xD578, 0xD599, 0xDDBA, 0xE5DB, 0xE5FC, 0xE61C, 0xE61D, 0xE63E,
    0xEDE6, 0xEDE6, 0xEDE7, 0xEDE7, 0xEDE8, 0xEDE9, 0xEDEA, 0xEDEB, 0xE5EC, 0xE5EC, 0xE5ED, 0xE5EE, 0xE5EF, 0xE5F0, 0xE5F0, 0xE5D1,
    0xDDD1, 0xDDB2, 0xDD93, 0xDD93, 0xDD94, 0xDD95, 0xDD96, 0xD597, 0xD5B8, 0xD5B9, 0xDDDA, 0xE5FB, 0xE61C, 0xE63C, 0xE65D, 0xE67E,
    0xEE27, 0xEE47, 0xEE48, 0xEE48, 0xEE49, 0xEE4A, 0xEE4B, 0xEE4C, 0xEE4D, 0xEE4D, 0xE64E, 0xE64F, 0xE650, 0xE651, 0xE651, 0xE632,
    0xE633, 0xE613, 0xDE14, 0xDDF4, 0xDDD5, 0xDDD5, 0xDDD6, 0xDDD7, 0xD5D8, 0xD5F9, 0xDE1A, 0xDE3B, 0xE65C, 0xE67D, 0xE69D, 0xE69E,
    0xEE88, 0xEE88, 0xEE89, 0xEE89, 0xEE8A, 0xEE8B, 0xEE8C, 0xEE8D, 0xEE8E, 0xEE8F, 0xEE8F, 0xE690, 0xE691, 0xE692, 0xE692, 0xE693,
    0xE694, 0xE674, 0xE675, 0xE655, 0xDE56, 0xDE36, 0xDE37, 0xDE17, 0xDE18, 0xD639, 0xDE3A, 0xDE5B, 0xE67C, 0xE69D, 0xE6BD, 0xE6BE,
    0xEEE9, 0xEEEA, 0xEEEA, 0xEEEB, 0xEEEB, 0xEEEC, 0xEEED, 0xEEEE, 0xEEEF, 0xEEF0, 0xEEF1, 0xEEF1, 0xEED2, 0xEED3, 0xE6D3, 0xE6D4,
    0xE6D5, 0xE6D5, 0xE6D6, 0xE6B6, 0xE6B7, 0xE697, 0xDE97, 0xDE78, 0xDE78, 0xDE59, 0xD67A, 0xDE7A, 0xE6BC, 0xE6BD, 0xE6DD, 0xE6FE,
    0xE70B, 0xE70B, 0xE70C, 0xE70C, 0xE70D, 0xE70D, 0xE70E, 0xE70F, 0xE710, 0xE711, 0xE712, 0xE712, 0xE713, 0xE714, 0xEF14, 0xEF15,
    0xEF15, 0xE716, 0xE717, 0xE717, 0xE6F8, 0xE6F8, 0xE6F9, 0xE6D9, 0xDEB9, 0xDEB9, 0xDE9A, 0xDE9A, 0xE6DC, 0xE6FD, 0xE6FD, 0xE71E,
    0xDF0D, 0xDF2D, 0xDF2D, 0xDF2E, 0xDF2E, 0xDF2F, 0xDF30, 0xDF30, 0xE731, 0xE732, 0xE733, 0xE733, 0xE734, 0xE734, 0xE735, 0xE736,
    0xE736, 0xE737, 0xE737, 0xE738, 0xE738, 0xE739, 0xE739, 0xE73A, 0xE71A, 0xE71A, 0xDEFA, 0xDEDB, 0xE6FC, 0xE71D, 0xE73D, 0xE73E,
    0xD74F, 0xD74F, 0xD74F, 0xD750, 0xD750, 0xDF50, 0xDF51, 0xDF52, 0xDF52, 0xDF53, 0xDF53, 0xDF54, 0xDF55, 0xE755, 0xE756, 0xE756,
    0xE757, 0xE757, 0xE758, 0xE758, 0xE759, 0xE75A, 0xE75A, 0xE75A, 0xE75B, 0xE73B, 0xE73B, 0xE73B, 0xDF1B, 0xE73C, 0xE75D, 0xE75E,
    0xCF71, 0xCF71, 0xD771, 0xD772, 0xD772, 0xD772, 0xD773, 0xD773, 0xDF74, 0xDF74, 0xDF75, 0xDF75, 0xDF76, 0xDF76, 0xDF77, 0xE777,
    0xE778, 0xE778, 0xE779, 0xE779, 0xE77A, 0xE77A, 0xE77A, 0xE77B, 0xE77B, 0xE77B, 0xE77C, 0xE77C, 0xE75C, 0xE75C, 0xE75D, 0xE77E,
    0xCF93, 0xCF93, 0xCF93, 0xCF93, 0xD793, 0xD794, 0xD794, 0xD794, 0xD795, 0xD795, 0xDF96, 0xDF96, 0xDF97, 0xDF97, 0xDF97, 0xDF98,
    0xE798, 0xE799, 0xE799, 0xE79A, 0xE79A, 0xE79B, 0xE79B, 0xE79B, 0xE79C, 0xE79C, 0xE79C, 0xE79C, 0xE79D, 0xE77D, 0xE77D, 0xE79E,
    0xCFB4, 0xCFB5, 0xCFB5, 0xCFB5, 0xD7B5, 0xD7B5, 0xD7B5, 0xD7B6, 0xD7B6, 0xD7B6, 0xD7B7, 0xDFB7, 0xDFB8, 0xDFB8, 0xDFB8, 0xDFB9,
    0xDFB9, 0xE7BA, 0xE7BA, 0xE7BA, 0xE7BB, 0xE7BB, 0xE7BC, 0xE7BC, 0xE7BC, 0xEFBC, 0xEFBD, 0xEFBD, 0xEFBD, 0xEFBD, 0xE7BD, 0xE7BE,
    0xCFD6, 0xCFD6, 0xCFD6, 0xCFD6, 0xD7D6, 0xD7D6, 0xD7D6, 0xD7B7, 0xD7B7, 0xD7B7, 0xDFB8, 0xDFB8, 0xDFB8, 0xDFB9, 0xDFB9, 0xDFB9,
    0xDFBA, 0xE7BA, 0xE7BB, 0xE7DB, 0xE7DB, 0xE7DC, 0xE7DC, 0xEFDC, 0xEFDD, 0xEFDD, 0xEFDD, 0xEFDD, 0xEFDD, 0xEFDE, 0xEFDE, 0xE7DE,
    0xE0C0, 0xE0C0, 0xE0C1, 0xE0A2, 0xE083, 0xE043, 0xE004, 0xE005, 0xE006, 0xD807, 0xD808, 0xD80A, 0xD00C, 0xD00E, 0xC86F, 0xC111,
    0xC172, 0xC953, 0xD114, 0xD8B6, 0xE057, 0xE819, 0xF01A, 0xF01B, 0xF81C, 0xF81D, 0xF01D, 0xF01D, 0xF01E, 0xF01E, 0xE81E, 0xE81F,
    0xE0E0, 0xE0E0, 0xE0E1, 0xE0C2, 0xE0A3, 0xE083, 0xE024, 0xE005, 0xE006, 0xE007, 0xD808, 0xD80A, 0xD00C, 0xD00E, 0xC88F, 0xC931,
    0xC192, 0xC973, 0xD134, 0xD8D6, 0xE077, 0xE819, 0xF01A, 0xF01B, 0xF81C, 0xF81D, 0xF01D, 0xF01D, 0xF01E, 0xF01E, 0xE81E, 0xE81F,
    0xE100, 0xE100, 0xE101, 0xE0E2, 0xE0E3, 0xE0A3, 0xE084, 0xE025, 0xE006, 0xD807, 0xD808, 0xD80A, 0xD00C, 0xD02E, 0xC8AF, 0xC131,
    0xC192, 0xC973, 0xD154, 0xD8F6, 0xE097, 0xE839, 0xF01A, 0xF01B, 0xF81C, 0xF81D, 0xF01D, 0xF01D, 0xF01D, 0xF01E, 0xE83E, 0xE87F,
    0xE140, 0xE140, 0xE121, 0xE122, 0xE103, 0xE0E3, 0xE0C4, 0xE085, 0xD826, 0xD807, 0xD808, 0xD80A, 0xD00C, 0xD04E, 0xC8EF, 0xC151,
    0xC1B2, 0xC993, 0xD174, 0xD136, 0xD8F7, 0xE078, 0xE81A, 0xF01B, 0xF01C, 0xF81D, 0xF01D, 0xF01D, 0xF01D, 0xF07E, 0xE8BE, 0xE8FF,
    0xE160, 0xE161, 0xE161, 0xE142, 0xE143, 0xD944, 0xD924, 0xD905, 0xD8C6, 0xD847, 0xD808, 0xD00A, 0xD02C, 0xC8CE, 0xC92F, 0xC190,
    0xB9D1, 0xC1D3, 0xC994, 0xD175, 0xD937, 0xE118, 0xE8DA, 0xF09B, 0xF09C, 0xF07C, 0xF07D, 0xF09D, 0xF0BD, 0xF0DE, 0xE93E, 0xE95F,
    0xE180, 0xE181, 0xE181, 0xE182, 0xE183, 0xD984, 0xD965, 0xD946, 0xD926, 0xD8E7, 0xD088, 0xD02A, 0xD0AC, 0xC92E, 0xC16F, 0xC1B0,
    0xB9F1, 0xC1F2, 0xC9D4, 0xD1B5, 0xD996, 0xE178, 0xE959, 0xE93A, 0xF13B, 0xF15C, 0xF15C, 0xF13D, 0xF17D, 0xF19E, 0xE99E, 0xE9BE,
    0xE1A0, 0xE1A1, 0xE1A1, 0xE1A2, 0xD9A3, 0xD9A4, 0xD9A5, 0xD9A6, 0xD187, 0xD167, 0xD128, 0xD0A9, 0xD10C, 0xC96D, 0xC1AF, 0xC1F0,
    0xBA31, 0xBA32, 0xC233, 0xCA15, 0xD1F6, 0xD9D7, 0xE1D9, 0xE9BA, 0xE9BB, 0xF1DC, 0xF1BC, 0xF1BD, 0xF1DD, 0xF1FE, 0xE9FE, 0xE21E,
    0xE1C0, 0xE1C1, 0xE1E2, 0xE1E2, 0xD9E3, 0xD9E4, 0xD9E5, 0xD1E6, 0xD1C7, 0xD1A8, 0xD189, 0xD16A, 0xD16B, 0xC9AD, 0xC9EF, 0xC210,
    0xBA51, 0xBA72, 0xC273, 0xCA55, 0xD256, 0xDA37, 0xE239, 0xEA3A, 0xEA1B, 0xF23C, 0xF23C, 0xF23D, 0xF23D, 0xF25E, 0xEA7E, 0xE27E,
    0xE201, 0xE201, 0xE202, 0xE203, 0xDA24, 0xDA24, 0xDA25, 0xD226, 0xD207, 0xD208, 0xD1E9, 0xD1CA, 0xD18B, 0xD1CD, 0xCA0E, 0xCA30,
    0xC271, 0xBA92, 0xC2B3, 0xCA94, 0xD296, 0xD297, 0xDA98, 0xE27A, 0xEA7B, 0xEA9B, 0xF29C, 0xF29D, 0xF29D, 0xF2BD, 0xEABE, 0xE2DE,
    0xE221, 0xE221, 0xE222, 0xE243, 0xDA44, 0xDA45, 0xDA45, 0xDA46, 0xDA47, 0xDA48, 0xDA29, 0xDA0A, 0xD1EB, 0xD1EC, 0xD22E, 0xCA4F,
    0xCA91, 0xC2B2, 0xC2D3, 0xCAD4, 0xCAD5, 0xD2D7, 0xDAD8, 0xE2D9, 0xEADB, 0xEB1B, 0xEAFC, 0xF2DC, 0xF2FD, 0xEB1D, 0xEB1E, 0xE33E,
    0xE261, 0xE262, 0xE262, 0xE263, 0xDA84, 0xDA85, 0xDA86, 0xDA86, 0xDA87, 0xDA88, 0xDA69, 0xDA6A, 0xDA4B, 0xDA4C, 0xD24D, 0xD28F,
    0xCAB0, 0xCAD1, 0xC313, 0xC314, 0xCB15, 0xD316, 0xDB18, 0xE339, 0xEB3A, 0xEB5B, 0xEB5C, 0xEB3C, 0xEB5D, 0xEB7D, 0xEB7E, 0xE39E,
    0xE2A1, 0xE2A2, 0xE2A2, 0xE2A3, 0xE2A4, 0xDAA5, 0xDAC6, 0xDAC7, 0xDAA7, 0xDAA8, 0xDAA9, 0xDAAA, 0xDAAB, 0xDA8C, 0xDA8D, 0xD2AE,
    0xD2D0, 0xCAF1, 0xCB32, 0xC353, 0xCB55, 0xD356, 0xD377, 0xDB79, 0xE37A, 0xEB9B, 0xEB9C, 0xEB9C, 0xEB9D, 0xEBDD, 0xEBDE, 0xE3DE,
    0xE2E1, 0xE2E2, 0xE2E3, 0xE2E3, 0xE2E4, 0xDAE5, 0xDAE6, 0xDAE7, 0xDAE7, 0xDAE8, 0xDAE9, 0xDAEA, 0xDAEB, 0xDAEC, 0xDACD, 0xDACE,
    0xD2EF, 0xD311, 0xD332, 0xCB73, 0xC394, 0xCB95, 0xD3B7, 0xDBB8, 0xE3DA, 0xEBDB, 0xEBDB, 0xEBDC, 0xEBFC, 0xEC1D, 0xE41D, 0xE43E,
    0xE321, 0xE322, 0xE323, 0xE323, 0xE324, 0xDB25, 0xDB26, 0xDB27, 0xE328, 0xE328, 0xE329, 0xE32A, 0xE32B, 0xE32C, 0xDB2D, 0xDB0E,
    0xDB0F, 0xDB30, 0xD352, 0xD393, 0xCBB4, 0xCBF5, 0xD3F6, 0xDC18, 0xDC19, 0xE43A, 0xEC3B, 0xEC3C, 0xEC3C, 0xEC5D, 0xE47D, 0xE47E,
    0xE362, 0xE362, 0xE363, 0xE364, 0xE364, 0xE365, 0xDB86, 0xE387, 0xE368, 0xE368, 0xE369, 0xE36A, 0xE36B, 0xE36C, 0xE36D, 0xE34E,
    0xE34F, 0xDB50, 0xDB91, 0xD3B3, 0xCBF4, 0xCC15, 0xD436, 0xD457, 0xDC59, 0xE47A, 0xE47B, 0xEC7C, 0xEC9C, 0xEC9D, 0xE4BD, 0xE4DE,
    0xE3A2, 0xE3A2, 0xE3A3, 0xE3A4, 0xE3A5, 0xE3C5, 0xE3C6, 0xE3C7, 0xE3C8, 0xE3C9, 0xE3C9, 0xE3AA, 0xE3AB, 0xE3AC, 0xE3AD, 0xE3AE,
    0xE3AF, 0xDB90, 0xDBB1, 0xDBD3, 0xD414, 0xCC35, 0xCC76, 0xD477, 0xDC98, 0xDCB9, 0xE4DA, 0xECDB, 0xECDC, 0xECFD, 0xE4FD, 0xE51E,
    0xE3E2, 0xE3E3, 0xE3E3, 0xE3E4, 0xE405, 0xE406, 0xE407, 0xE407, 0xE408, 0xE409, 0xE40A, 0xE40B, 0xE40B, 0xE40C, 0xE40D, 0xE3EE,
    0xE3EF, 0xE3F0, 0xDBF1, 0xDC13, 0xD434, 0xD475, 0xCC96, 0xD4B7, 0xDCD8, 0xDCF9, 0xE4FA, 0xE4FB, 0xED1C, 0xED3D, 0xE53D, 0xE55E,
    0xE443, 0xE443, 0xE444, 0xE444, 0xE445, 0xE446, 0xE447, 0xE448, 0xE448, 0xE469, 0xE46A, 0xE46B, 0xE46C, 0xE44D, 0xE44E, 0xE44E,
    0xE44F, 0xE450, 0xE451, 0xDC52, 0xDC74, 0xD495, 0xD4B6, 0xD4D7, 0xD4F8, 0xDD19, 0xE51A, 0xE53B, 0xED3C, 0xED5D, 0xE57D, 0xE57E,
    0xE4A3, 0xECA4, 0xECA4, 0xECA5, 0xE4A6, 0xE4A7, 0xE4A7, 0xE4A8, 0xE4A9, 0xE4AA, 0xE4AA, 0xE4AB, 0xE4AC, 0xE4AD, 0xE4AE, 0xE4AF,
    0xE4B0, 0xE4B1, 0xE4B1, 0xE492, 0xDC94, 0xDCB5, 0xD4F6, 0xD4F7, 0xD518, 0xDD39, 0xDD59, 0xE55A, 0xED7B, 0xED9C, 0xEDBD, 0xE5BE,
    0xED04, 0xED04, 0xED05, 0xED06, 0xED06, 0xED07, 0xED08, 0xE529, 0xE52A, 0xE52A, 0xE52B, 0xE52C, 0xE50D, 0xE50E, 0xE50E, 0xE50F,
    0xE4F0, 0xE4F1, 0xE4F2, 0xE4F3, 0xE4F3, 0xDCF5, 0xD516, 0xD537, 0xD558, 0xDD59, 0xDD7A, 0xE59A, 0xEDBC, 0xEDDC, 0xEDFD, 0xE5FE,
    0xED65, 0xED65, 0xED66, 0xED66, 0xED67, 0xED68, 0xED69, 0xED6A, 0xED6B, 0xED8B, 0xE58C, 0xE58D, 0xE58E, 0xE56E, 0xE56F, 0xE550,
    0xE551, 0xE551, 0xE552, 0xE553, 0xE554, 0xE535, 0xDD56, 0xD557, 0xD578, 0xDD99, 0xDD9A, 0xE5BA, 0xE5DB, 0xEDFC, 0xEE1D, 0xE63E,
    0xEDC6, 0xEDC6, 0xEDC7, 0xEDC7, 0xEDC8, 0xEDC9, 0xEDCA, 0xEDCB, 0xEDEC, 0xEDEC, 0xEDED, 0xEDEE, 0xEDEF, 0xE5F0, 0xE5D0, 0xE5D1,
    0xE5B1, 0xE592, 0xE593, 0xE593, 0xE594, 0xE595, 0xE596, 0xDD97, 0xDDB8, 0xD5B9, 0xDDDA, 0xE5FA, 0xE61B, 0xEE3C, 0xEE5D, 0xE67E,
    0xF627, 0xF627, 0xF628, 0xF628, 0xEE29, 0xEE2A, 0xEE2B, 0xEE2C, 0xEE2D, 0xEE2D, 0xEE2E, 0xEE4F, 0xEE50, 0xEE31, 0xEE31, 0xE632,
    0xE612, 0xE613, 0xE5F4, 0xE5F4, 0xE5D5, 0xE5D5, 0xE5D6, 0xE5D7, 0xDDD8, 0xD5F9, 0xDE1A, 0xE61A, 0xE65C, 0xEE7C, 0xEE9D, 0xE69E,
    0xF688, 0xF688, 0xF689, 0xF68A, 0xF66A, 0xF68B, 0xF68C, 0xEE8D, 0xEE8E, 0xEE8F, 0xEE90, 0xEE90, 0xEE91, 0xEE92, 0xEE92, 0xEE93,
    0xEE73, 0xE674, 0xE655, 0xE655, 0xE636, 0xE636, 0xE637, 0xE617, 0xDE18, 0xDE19, 0xDE3A, 0xDE5A, 0xE67B, 0xEE9C, 0xEEBD, 0xE6BE,
    0xF6C9, 0xF6CA, 0xF6CA, 0xF6CB, 0xF6CB, 0xF6CC, 0xF6CD, 0xF6CE, 0xEECF, 0xEED0, 0xEED1, 0xEED1, 0xEED2, 0xEED3, 0xEED3, 0xEED4,
    0xEEB4, 0xEEB5, 0xEEB6, 0xE6B6, 0xE6B7, 0xE697, 0xE677, 0xE678, 0xE678, 0xDE59, 0xDE5A, 0xDE7A, 0xE69B, 0xEEBC, 0xEEDD, 0xE6DE,
    0xEF0B, 0xEF0B, 0xEF0C, 0xF70C, 0xEF0D, 0xEF0D, 0xEF0E, 0xEF0F, 0xEF10, 0xEF11, 0xEF12, 0xEF12, 0xEF13, 0xEF14, 0xEF14, 0xEF15,
    0xEEF5, 0xEEF6, 0xEEF6, 0xEEF7, 0xEEF7, 0xE6F8, 0xE6D8, 0xE6D9, 0xE6B9, 0xE699, 0xE69A, 0xDE9A, 0xE6BB, 0xE6DC, 0xEEFD, 0xE71E,
    0xE72D, 0xE72D, 0xE72D, 0xEF2E, 0xEF2E, 0xEF2F, 0xEF30, 0xEF30, 0xEF31, 0xEF32, 0xEF33, 0xEF33, 0xEF34, 0xEF35, 0xEF35, 0xEF36,
    0xEF36, 0xEF37, 0xEF37, 0xEF38, 0xEF38, 0xEF39, 0xEF39, 0xEF1A, 0xE71A, 0xE6FA, 0xE6FA, 0xE6DA, 0xE6FB, 0xE71C, 0xEF1D, 0xE73E,
    0xDF4F, 0xDF4F, 0xDF4F, 0xDF50, 0xE750, 0xE750, 0xE751, 0xE752, 0xE752, 0xE753, 0xE754, 0xE754, 0xE755, 0xEF55, 0xEF56, 0xEF56,
    0xEF57, 0xEF57, 0xEF58, 0xEF58, 0xEF59, 0xEF5A, 0xEF5A, 0xEF5A, 0xEF5B, 0xEF5B, 0xE73B, 0xE73B, 0xE71B, 0xE73C, 0xEF5D, 0xEF5E,
    0xD771, 0xDF71, 0xDF71, 0xDF71, 0xDF72, 0xDF72, 0xDF72, 0xDF73, 0xDF73, 0xE774, 0xE774, 0xE775, 0xE776, 0xE776, 0xE776, 0xE777,
    0xE777, 0xEF78, 0xEF78, 0xEF79, 0xEF7A, 0xEF7A, 0xEF7A, 0xEF7B, 0xEF7B, 0xEF7B, 0xEF7C, 0xE77C, 0xE75C, 0xE75C, 0xE75D, 0xEF7E,
    0xD792, 0xD793, 0xD793, 0xD793, 0xD793, 0xDF93, 0xDF94, 0xDF94, 0xDF95, 0xDF95, 0xDF96, 0xE796, 0xE797, 0xE797, 0xE797, 0xE798,
    0xE798, 0xE799, 0xE799, 0xE79A, 0xEF9A, 0xEF9B, 0xEF9B, 0xEF9B, 0xEF9C, 0xEF9C, 0xEF9C, 0xEF9C, 0xEF9D, 0xEF7D, 0xE77D, 0xEF9E,
    0xD7B4, 0xD7B4, 0xD7B4, 0xD7B5, 0xD7B5, 0xD7B5, 0xD7B5, 0xDFB6, 0xDFB6, 0xDFB6, 0xDFB7, 0xDFB7, 0xDFB8, 0xE7B8, 0xE7B8, 0xE7B9,
    0xE7B9, 0xE7BA, 0xE7BA, 0xE7BA, 0xE7BB, 0xEFBB, 0xEFBC, 0xEFBC, 0xEFBC, 0xEFBC, 0xEFBD, 0xEFBD, 0xEFBD, 0xEFBD, 0xEFBD, 0xEFBE,
    0xD7D6, 0xD7D6, 0xD7D6, 0xD7D6, 0xD7D6, 0xD7D6, 0xD7D6, 0xDFD7, 0xDFD7, 0xDFD7, 0xDFD8, 0xDFD8, 0xDFD8, 0xDFD9, 0xE7D9, 0xE7D9,
    0xE7DA, 0xE7DA, 0xE7DB, 0xE7DB, 0xE7DB, 0xEFDC, 0xEFDC, 0xEFDC, 0xEFDD, 0xEFDD, 0xEFDD, 0xEFDD, 0xEFDE, 0xEFDE, 0xEFDE, 0xEFDE,
    0xE8E0, 0xE8C0, 0xE8C1, 0xE8A2, 0xE8A3, 0xE863, 0xE804, 0xE805, 0xE806, 0xE807, 0xE808, 0xE00A, 0xE00C, 0xD80E, 0xD82F, 0xD0F1,
    0xC952, 0xC993, 0xD174, 0xD936, 0xE0D7, 0xE878, 0xF01A, 0xF01B, 0xF81C, 0xF81D, 0xF81D, 0xF81D, 0xF81E, 0xF81E, 0xF01E, 0xF01F,
    0xE900, 0xF0E1, 0xE8E1, 0xE8C2, 0xE8C3, 0xE883, 0xE844, 0xE805, 0xE806, 0xE807, 0xE808, 0xE00A, 0xE00C, 0xD80E, 0xD84F, 0xD0F1,
    0xC972, 0xC9B3, 0xD174, 0xD956, 0xE0F7, 0xE898, 0xF019, 0xF01B, 0xF81C, 0xF81D, 0xF81D, 0xF81D, 0xF81E, 0xF81E, 0xF01E, 0xF01E,
    0xE920, 0xF101, 0xF101, 0xE902, 0xE8E3, 0xE8C3, 0xE8A4, 0xE845, 0xE806, 0xE807, 0xE808, 0xE00A, 0xE00C, 0xD80E, 0xD86F, 0xD111,
    0xC972, 0xC9B3, 0xD194, 0xD956, 0xE117, 0xE8D8, 0xE859, 0xF03B, 0xF81C, 0xF81D, 0xF81D, 0xF81D, 0xF81E, 0xF81E, 0xF01E, 0xF05F,
    0xE940, 0xF141, 0xE941, 0xE922, 0xE923, 0xE904, 0xE0E4, 0xE0A5, 0xE046, 0xE007, 0xE008, 0xE00A, 0xD80C, 0xD82E, 0xD0CF, 0xC951,
    0xC992, 0xC9D3, 0xD1B4, 0xD175, 0xD956, 0xE118, 0xE8B9, 0xF03A, 0xF81B, 0xF81C, 0xF83D, 0xF85D, 0xF85D, 0xF87E, 0xF09E, 0xF0FF,
    0xE960, 0xE961, 0xE961, 0xE962, 0xE163, 0xE144, 0xE125, 0xE105, 0xE0E6, 0xE087, 0xE008, 0xD80A, 0xD80C, 0xD0AE, 0xD12F, 0xC990,
    0xC1D1, 0xC1F3, 0xC9D4, 0xD1B5, 0xD996, 0xE177, 0xE939, 0xF11A, 0xF11B, 0xF8DC, 0xF8BD, 0xF91D, 0xF93D, 0xF8FE, 0xF13E, 0xF15E,
    0xE9A0, 0xE9A1, 0xE981, 0xE982, 0xE183, 0xE184, 0xE185, 0xE166, 0xD946, 0xD907, 0xD8C8, 0xD829, 0xD88C, 0xD10D, 0xC96F, 0xC9B0,
    0xC1F1, 0xC212, 0xCA14, 0xD1F5, 0xD9D6, 0xD9D7, 0xE1B8, 0xE99A, 0xF17B, 0xF17C, 0xF17C, 0xF17D, 0xF9BD, 0xF99E, 0xF19E, 0xF1BE,
    0xE9C0, 0xE9C1, 0xE9C2, 0xE9C3, 0xE1C4, 0xE1C4, 0xD9C5, 0xD9A6, 0xD9A7, 0xD988, 0xD948, 0xD8E9, 0xD8EB, 0xD14D, 0xC9AF, 0xC9F0,
    0xC231, 0xC252, 0xCA53, 0xD235, 0xD216, 0xDA17, 0xE218, 0xE9FA, 0xF1DB, 0xF1FC, 0xF1DC, 0xF1DD, 0xFA1D, 0xF9FE, 0xF1FE, 0xF21E,
    0xE9E1, 0xE9E1, 0xE9E2, 0xE9E3, 0xE204, 0xE205, 0xDA06, 0xD9E6, 0xD9E7, 0xD9C8, 0xD9A8, 0xD969, 0xD92B, 0xD96D, 0xD1CE, 0xCA10,
    0xCA51, 0xC272, 0xC293, 0xCA74, 0xD276, 0xDA57, 0xE258, 0xEA59, 0xEA3A, 0xF25B, 0xF25C, 0xF25D, 0xF25D, 0xF25E, 0xF25E, 0xF25E,
    0xEA01, 0xEA01, 0xEA02, 0xEA23, 0xE224, 0xE225, 0xDA26, 0xE226, 0xE227, 0xE208, 0xE1E9, 0xE1C9, 0xE1AA, 0xD9AC, 0xD9EE, 0xD230,
    0xCA51, 0xCA92, 0xC2B3, 0xCAB4, 0xD2B6, 0xDAB7, 0xE298, 0xE299, 0xEA9A, 0xF29B, 0xF29C, 0xF29C, 0xF2BD, 0xF2BD, 0xF2BE, 0xF2DE,
    0xEA21, 0xEA22, 0xEA42, 0xEA43, 0xE264, 0xE265, 0xE266, 0xE267, 0xE247, 0xE248, 0xE229, 0xE22A, 0xE20A, 0xE1EC, 0xDA0D, 0xDA4F,
    0xD271, 0xCAB2, 0xCAD3, 0xCAF4, 0xD2F5, 0xDAF6, 0xDAF8, 0xE2F9, 0xEAFA, 0xF31B, 0xF2FC, 0xF2FC, 0xF31D, 0xF31D, 0xF31E, 0xEB3E,
    0xEA61, 0xEA62, 0xEA62, 0xE283, 0xE284, 0xE285, 0xE2A6, 0xE287, 0xE287, 0xE288, 0xE289, 0xE26A, 0xE24B, 0xE22C, 0xE22D, 0xDA6F,
    0xDA90, 0xD2B1, 0xCAF3, 0xCB14, 0xD335, 0xD336, 0xDB37, 0xE339, 0xEB5A, 0xEB5B, 0xF35C, 0xF35C, 0xF37D, 0xF37D, 0xF37E, 0xEB7E,
    0xEAA1, 0xEAA2, 0xEAA3, 0xE2A4, 0xE2C4, 0xE2C5, 0xE2C6, 0xE2C7, 0xE2A7, 0xE2A8, 0xE2A9, 0xE2AA, 0xE2AB, 0xE28C, 0xE28D, 0xE28E,
    0xDAB0, 0xDAD1, 0xD312, 0xD333, 0xCB75, 0xD376, 0xDB77, 0xE378, 0xE39A, 0xEB9B, 0xEB9B, 0xF39C, 0xF3BD, 0xF3DD, 0xF3BE, 0xEBDE,
    0xEAE1, 0xEAE2, 0xEAE3, 0xE2E4, 0xE2E4, 0xE305, 0xE306, 0xE307, 0xE2E7, 0xEAE8, 0xEAE9, 0xEAEA, 0xE2EB, 0xE2EC, 0xE2CD, 0xE2CE,
    0xE2CF, 0xDAF0, 0xDB32, 0xD353, 0xD394, 0xD3B5, 0xD3B7, 0xDBB8, 0xE3D9, 0xEBDA, 0xEBDB, 0xEBDC, 0xF3FD, 0xF41D, 0xF41D, 0xEC1E,
    0xEB22, 0xEB22, 0xEB23, 0xEB24, 0xE325, 0xE325, 0xE346, 0xE327, 0xEB28, 0xEB28, 0xEB29, 0xEB2A, 0xEB2B, 0xEB2C, 0xE32D, 0xE30E,
    0xE30F, 0xE310, 0xE351, 0xDB73, 0xD3B4, 0xD3D5, 0xD3F6, 0xDC17, 0xE419, 0xE41A, 0xEC3B, 0xEC5C, 0xF45C, 0xF45D, 0xEC5D, 0xEC7E,
    0xEB62, 0xEB62, 0xEB63, 0xEB64, 0xE365, 0xE366, 0xE386, 0xEB87, 0xEB68, 0xEB68, 0xEB69, 0xEB6A, 0xEB6B, 0xEB6C, 0xEB6D, 0xEB6E,
    0xEB4F, 0xE350, 0xE371, 0xE392, 0xDBD4, 0xD415, 0xD436, 0xDC57, 0xDC58, 0xE459, 0xEC7A, 0xEC7B, 0xF49C, 0xF49D, 0xECBD, 0xECDE,
    0xEBA2, 0xEBA3, 0xEBA3, 0xEBA4, 0xE3A5, 0xE3C6, 0xE3C6, 0xEBC7, 0xEBC8, 0xEBC9, 0xEBAA, 0xEBAA, 0xEBAB, 0xEBAC, 0xEBAD, 0xEBAE,
    0xEBAF, 0xEB90, 0xE3B1, 0xE3D2, 0xDBF4, 0xDC35, 0xD476, 0xD497, 0xDC98, 0xE4B9, 0xE4BA, 0xECBB, 0xECFC, 0xF4FD, 0xECFD, 0xED1E,
    0xEBE2, 0xEBE3, 0xEBE4, 0xEBE4, 0xEC05, 0xEC06, 0xEC07, 0xEC08, 0xEC08, 0xEC09, 0xEC0A, 0xEC0B, 0xEC0C, 0xEBEC, 0xEBED, 0xEBEE,
    0xEBEF, 0xEBF0, 0xEBF1, 0xE3F2, 0xE434, 0xDC55, 0xD496, 0xD4B7, 0xDCD8, 0xDCF9, 0xE4FA, 0xECFB, 0xED1C, 0xF53D, 0xED3D, 0xED5E,
    0xEC43, 0xEC43, 0xEC44, 0xEC45, 0xEC45, 0xEC46, 0xEC47, 0xEC48, 0xEC49, 0xEC49, 0xEC6A, 0xEC4B, 0xEC4C, 0xEC4D, 0xEC4E, 0xEC4E,
    0xEC4F, 0xEC50, 0xEC51, 0xE452, 0xE453, 0xDC95, 0xDCB6, 0xD4D7, 0xDCF8, 0xDD19, 0xE51A, 0xE53A, 0xED3B, 0xED5C, 0xED7D, 0xED7E,
    0xEC84, 0xEC84, 0xEC84, 0xEC85, 0xEC86, 0xEC87, 0xECA7, 0xECA8, 0xECA9, 0xECAA, 0xECAB, 0xECAB, 0xECAC, 0xECAD, 0xECAE, 0xECAF,
    0xEC90, 0xEC91, 0xECB2, 0xEC92, 0xE493, 0xE4B5, 0xDCD6, 0xD4F7, 0xD518, 0xDD39, 0xE559, 0xE55A, 0xED7B, 0xED9C, 0xF5BD, 0xEDBE,
    0xF4E4, 0xF4E5, 0xF4E5, 0xECE6, 0xECE6, 0xECE7, 0xED08, 0xED09, 0xED0A, 0xED0A, 0xED0B, 0xED0C, 0xED0D, 0xED0E, 0xECEE, 0xECEF,
    0xECF0, 0xECF1, 0xECF2, 0xECF3, 0xECF3, 0xE4F4, 0xE516, 0xDD37, 0xDD58, 0xDD79, 0xE579, 0xE59A, 0xEDBB, 0xEDDC, 0xF5FD, 0xEDFE,
    0xF545, 0xF545, 0xF546, 0xF547, 0xF547, 0xF548, 0xF549, 0xED6A, 0xED6B, 0xED6B, 0xED6C, 0xED6D, 0xED6E, 0xED4E, 0xED4F, 0xED50,
    0xED51, 0xED51, 0xED52, 0xED53, 0xED54, 0xED35, 0xE556, 0xDD57, 0xDD78, 0xDD99, 0xDDB9, 0xE5BA, 0xEDDB, 0xEDFC, 0xF61D, 0xEE3E,
    0xF5C6, 0xF5C6, 0xF5A7, 0xF5A8, 0xF5A8, 0xF5A9, 0xF5AA, 0xF5CB, 0xF5CC, 0xEDCC, 0xEDCD, 0xEDCE, 0xEDCF, 0xEDCF, 0xEDB0, 0xEDB1,
    0xED91, 0xED92, 0xED93, 0xED94, 0xED94, 0xED95, 0xE576, 0xE597, 0xDDB8, 0xDDB9, 0xDDD9, 0xE5FA, 0xEE1B, 0xEE3C, 0xEE5D, 0xEE7E,
    0xF607, 0xF628, 0xF608, 0xF608, 0xF609, 0xF60A, 0xF60B, 0xF60C, 0xF62D, 0xF62D, 0xF62E, 0xEE2F, 0xEE30, 0xEE31, 0xEE11, 0xEE12,
    0xEE12, 0xEDF3, 0xEDF3, 0xE5D4, 0xE5D5, 0xE5D6, 0xE5D6, 0xE5D7, 0xE5D8, 0xDDF9, 0xDE1A, 0xE61A, 0xE63B, 0xEE5C, 0xEE7D, 0xEE9E,
    0xF668, 0xF669, 0xF669, 0xF66A, 0xF66A, 0xF66B, 0xF66C, 0xF66D, 0xF66E, 0xF66F, 0xF66F, 0xF670, 0xEE71, 0xEE72, 0xEE72, 0xEE73,
    0xEE53, 0xEE54, 0xEE54, 0xEE35, 0xEE35, 0xE636, 0xE637, 0xE617, 0xE618, 0xE619, 0xDE3A, 0xE65A, 0xE67B, 0xEE9C, 0xEEBD, 0xEEBE,
    0xF6CA, 0xF6CA, 0xF6CB, 0xF6CB, 0xF6CC, 0xF6AC, 0xF6AD, 0xF6AE, 0xF6CF, 0xF6D0, 0xF6D1, 0xF6D1, 0xF6D2, 0xF6D3, 0xF6B3, 0xEEB4,
    0xEEB4, 0xEEB5, 0xEE95, 0xEE96, 0xEE96, 0xEE97, 0xE677, 0xE678, 0xE678, 0xE659, 0xE65A, 0xE67A, 0xE69B, 0xEEBC, 0xEEDD, 0xEEDE,
    0xF70B, 0xF70C, 0xF70C, 0xF70C, 0xF70D, 0xF70E, 0xF70E, 0xF70F, 0xF710, 0xF711, 0xF712, 0xF712, 0xF713, 0xF714, 0xF6F4, 0xF6F5,
    0xF6F5, 0xEEF6, 0xEEF6, 0xEEF7, 0xEEF7, 0xEED8, 0xEED8, 0xEEB8, 0xE6B9, 0xE699, 0xE69A, 0xE69A, 0xE6BB, 0xEEDC, 0xEEFD, 0xEF1E,
    0xF72D, 0xF74D, 0xF74E, 0xF72E, 0xF74E, 0xF74F, 0xF750, 0xF750, 0xF751, 0xF752, 0xF753, 0xF753, 0xF754, 0xF735, 0xF735, 0xF736,
    0xF736, 0xF716, 0xF717, 0xEF18, 0xEF38, 0xEF39, 0xEF19, 0xEF19, 0xEF1A, 0xEEFA, 0xE6DA, 0xE6DA, 0xE6DB, 0xEEFC, 0xEF1D, 0xEF3E,
    0xEF4E, 0xEF4F, 0xEF4F, 0xEF50, 0xEF50, 0xEF51, 0xEF51, 0xEF52, 0xEF52, 0xEF53, 0xEF54, 0xEF54, 0xEF55, 0xF755, 0xF756, 0xF756,
    0xF757, 0xF757, 0xF758, 0xF758, 0xF759, 0xEF59, 0xEF5A, 0xEF5A, 0xEF5A, 0xEF3B, 0xEF3B, 0xEF1B, 0xE71B, 0xE71C, 0xEF3D, 0xEF5E,
    0xE770, 0xE771, 0xE771, 0xE771, 0xE771, 0xE772, 0xE772, 0xE773, 0xEF73, 0xEF74, 0xEF74, 0xEF75, 0xEF76, 0xEF76, 0xEF77, 0xEF77,
    0xEF78, 0xF778, 0xF778, 0xF779, 0xEF7A, 0xEF7A, 0xEF7A, 0xEF7B, 0xEF9B, 0xEF7B, 0xEF7C, 0xEF7C, 0xEF5C, 0xEF3C, 0xEF5D, 0xEF7E,
    0xDF92, 0xDF92, 0xDF93, 0xDF93, 0xDF93, 0xDF93, 0xE794, 0xE794, 0xE794, 0xE795, 0xE795, 0xE796, 0xE796, 0xE797, 0xEF97, 0xEF98,
    0xEF98, 0xEF99, 0xEF99, 0xEF9A, 0xEF9A, 0xEF9A, 0xEF9B, 0xEF9B, 0xEF9C, 0xEF9C, 0xEF9C, 0xEF9C, 0xEF9D, 0xEF7D, 0xEF7D, 0xEF9E,
    0xD7B4, 0xDFB4, 0xDFB4, 0xDFB4, 0xDFB5, 0xDFB5, 0xDFB5, 0xDFB5, 0xE7B6, 0xE7B6, 0xE7B7, 0xE7B7, 0xE7B8, 0xE7B8, 0xE7B8, 0xE7B9,
    0xEFB9, 0xEFBA, 0xEFBA, 0xEFBA, 0xEFBB, 0xEFBB, 0xEFBB, 0xEFBC, 0xEFBC, 0xEFBC, 0xEFBD, 0xEFBD, 0xEFBD, 0xEFBD, 0xEFBD, 0xEFBE,
    0xD7D6, 0xD7D6, 0xD7D6, 0xDFD6, 0xDFD6, 0xDFD6, 0xDFD6, 0xDFD7, 0xDFD7, 0xE7D7, 0xE7D8, 0xE7D8, 0xE7D8, 0xE7D9, 0xE7D9, 0xE7D9,
    0xE7DA, 0xEFDA, 0xEFDB, 0xEFDB, 0xEFDB, 0xEFDC, 0xEFDC, 0xEFDC, 0xEFDD, 0xEFDD, 0xEFDD, 0xF7DD, 0xF7DE, 0xF7DE, 0xF7DE, 0xF7DE,
    0xF0E0, 0xF0E1, 0xF0E1, 0xF0C2, 0xF0A3, 0xF083, 0xF044, 0xF005, 0xF006, 0xF007, 0xF008, 0xF009, 0xE80C, 0xE80E, 0xE00F, 0xD8B1,
    0xD952, 0xD1B3, 0xD9B4, 0xE196, 0xE157, 0xE918, 0xF099, 0xF03A, 0xF81B, 0xF81C, 0xF81D, 0xF81E, 0xF81E, 0xF81E, 0xF81E, 0xF81E,
    0xF100, 0xF101, 0xF0E1, 0xF0E2, 0xF0C3, 0xF0A3, 0xF084, 0xF025, 0xF006, 0xF007, 0xF008, 0xF009, 0xE80C, 0xE80E, 0xE00F, 0xD8D1,
    0xD952, 0xD1B3, 0xD9B4, 0xD996, 0xE177, 0xE938, 0xF0B9, 0xF05A, 0xF81B, 0xF81C, 0xF81D, 0xF81E, 0xF81E, 0xF81E, 0xF81E, 0xF81E,
    0xF120, 0xF121, 0xF122, 0xF102, 0xF103, 0xF0E4, 0xF0A4, 0xF065, 0xE806, 0xE807, 0xE808, 0xE809, 0xE80C, 0xE00E, 0xD86F, 0xD911,
    0xD172, 0xD1B3, 0xD1B4, 0xD995, 0xE176, 0xE958, 0xE8F9, 0xF07A, 0xF85B, 0xF81C, 0xF81D, 0xF81D, 0xF81D, 0xF81E, 0xF81E, 0xF83E,
    0xF140, 0xF141, 0xF142, 0xF143, 0xE923, 0xE924, 0xE905, 0xE8C5, 0xE886, 0xE807, 0xE808, 0xE809, 0xE00C, 0xE02E, 0xD8CF, 0xD131,
    0xD192, 0xC9D3, 0xD1D4, 0xD9B5, 0xD996, 0xE177, 0xE938, 0xF0DA, 0xF0BB, 0xF87C, 0xF87C, 0xF89D, 0xF8BD, 0xF8DE, 0xF8BE, 0xF8DE,
    0xF180, 0xF161, 0xF182, 0xF183, 0xE964, 0xE964, 0xE945, 0xE926, 0xE906, 0xE8A7, 0xE028, 0xE009, 0xE02C, 0xD88D, 0xD90F, 0xD171,
    0xC9D2, 0xCA13, 0xCA14, 0xD1F5, 0xD9D6, 0xE1B7, 0xE998, 0xE979, 0xF17B, 0xF95C, 0xF8FC, 0xF95D, 0xF99D, 0xF95E, 0xF93E, 0xF93E,
    0xF1A0, 0xF1A1, 0xF1A2, 0xE9A3, 0xE9A4, 0xE9A5, 0xE185, 0xE186, 0xE167, 0xE127, 0xE0E8, 0xE069, 0xE06B, 0xD8ED, 0xD16F, 0xD1B0,
    0xC9F1, 0xCA32, 0xCA34, 0xD235, 0xDA16, 0xD9F7, 0xE1F8, 0xE9D9, 0xF1BA, 0xF1BB, 0xF97C, 0xF9BD, 0xF9DD, 0xF9BE, 0xF99E, 0xF1BE,
    0xF1C1, 0xF1C1, 0xF1C2, 0xE9E3, 0xE9E4, 0xE9E5, 0xE1C6, 0xE1C6, 0xE1A7, 0xE188, 0xE168, 0xE109, 0xE0AB, 0xE12D, 0xD98F, 0xD1D0,
    0xD211, 0xCA52, 0xCA73, 0xD255, 0xDA56, 0xDA37, 0xE238, 0xEA19, 0xF21A, 0xF21B, 0xF1DC, 0xFA1D, 0xFA3D, 0xFA1E, 0xF9FE, 0xF1FE,
    0xF1E1, 0xF1E1, 0xF202, 0xEA03, 0xEA04, 0xEA05, 0xEA06, 0xEA06, 0xE9E7, 0xE9C8, 0xE9A8, 0xE989, 0xE92A, 0xE14C, 0xD9AE, 0xD9F0,
    0xD231, 0xCA72, 0xCA93, 0xD294, 0xDA96, 0xDA97, 0xE278, 0xEA79, 0xEA5A, 0xF27B, 0xF25C, 0xFA7D, 0xFA7D, 0xFA7D, 0xFA5E, 0xFA5E,
    0xF201, 0xF202, 0xF222, 0xEA23, 0xEA44, 0xEA45, 0xEA26, 0xEA27, 0xEA27, 0xEA08, 0xEA08, 0xE9E9, 0xE9AA, 0xE96B, 0xE1AD, 0xDA0F,
    0xDA51, 0xD292, 0xCAB3, 0xD2D4, 0xD2D5, 0xDAD6, 0xE2B8, 0xE2B9, 0xEA9A, 0xF2BB, 0xF2BC, 0xF2BC, 0xFABD, 0xFABD, 0xFABE, 0xFADE,
    0xF241, 0xF242, 0xF243, 0xEA63, 0xEA64, 0xEA65, 0xEA66, 0xEA67, 0xEA47, 0xEA48, 0xEA49, 0xEA29, 0xEA0A, 0xE9EB, 0xE9ED, 0xE22F,
    0xDA50, 0xDA92, 0xD2D3, 0xD2F4, 0xD315, 0xDB16, 0xE317, 0xE319, 0xEB1A, 0xF31B, 0xF2FC, 0xF31C, 0xFB3D, 0xFB1D, 0xFB1E, 0xFB3E,
    0xF261, 0xF262, 0xEA83, 0xEA84, 0xEAA4, 0xEAA5, 0xEAA6, 0xEA87, 0xEA87, 0xEA88, 0xEA89, 0xEA6A, 0xEA6B, 0xEA4B, 0xEA2C, 0xEA4E,
    0xE270, 0xE2B1, 0xDAD3, 0xD314, 0xD335, 0xDB56, 0xDB57, 0xE358, 0xEB59, 0xF37B, 0xF35B, 0xF35C, 0xFB9D, 0xFB7D, 0xFB7E, 0xF37E,
    0xF2A2, 0xF2A2, 0xEAA3, 0xEAC4, 0xEAC5, 0xEAC5, 0xEAC6, 0xEAC7, 0xEAC7, 0xEAA8, 0xF2A9, 0xF2AA, 0xEAAB, 0xEA8C, 0xEA6C, 0xEA6E,
    0xEA8F, 0xE2D1, 0xE2F2, 0xDB33, 0xD375, 0xD376, 0xDB97, 0xE398, 0xE399, 0xEB9A, 0xF39B, 0xF39C, 0xF3DD, 0xF3DD, 0xF3BE, 0xF3DE,
    0xF2E2, 0xF2E2, 0xEAE3, 0xEAE4, 0xEB05, 0xEB05, 0xEB06, 0xEB07, 0xF2E8, 0xF2E8, 0xF2E9, 0xF2EA, 0xF2EB, 0xEAEC, 0xEACD, 0xEAAD,
    0xEAAF, 0xEAF0, 0xE312, 0xE353, 0xDB74, 0xD3B5, 0xDBD7, 0xDBD8, 0xE3D9, 0xEBDA, 0xEBDB, 0xF3DC, 0xF41C, 0xF41D, 0xF3FD, 0xF41E,
    0xF322, 0xF322, 0xEB23, 0xEB24, 0xEB25, 0xEB46, 0xEB46, 0xEB47, 0xF328, 0xF328, 0xF329, 0xF32A, 0xF32B, 0xF32C, 0xF32D, 0xEB0E,
    0xEB0F, 0xEB10, 0xEB31, 0xE352, 0xE394, 0xDBD5, 0xDBF6, 0xDC17, 0xE418, 0xE419, 0xEC3B, 0xF43C, 0xF45C, 0xF45D, 0xF45D, 0xF47E,
    0xF362, 0xF363, 0xF363, 0xEB64, 0xEB65, 0xEB86, 0xEB86, 0xF387, 0xF388, 0xF369, 0xF369, 0xF36A, 0xF36B, 0xF34C, 0xF36D, 0xF36E,
    0xF34F, 0xEB50, 0xEB71, 0xEB92, 0xE3B4, 0xE3F5, 0xDC36, 0xDC57, 0xE458, 0xE479, 0xEC7A, 0xEC7B, 0xF49C, 0xF49D, 0xF4BD, 0xF4BE,
    0xF3A2, 0xF3A3, 0xF3A4, 0xEBA4, 0xEBA5, 0xEBC6, 0xEBC7, 0xF3C7, 0xF3C8, 0xF3C9, 0xF3AA, 0xF3AA, 0xF3AB, 0xF3AC, 0xF3AD, 0xF3AE,
    0xF3AF, 0xF390, 0xF391, 0xEBB2, 0xEBF3, 0xE415, 0xDC56, 0xDC97, 0xDC98, 0xE4B9, 0xECBA, 0xECBB, 0xF4DC, 0xF4FD, 0xF4FD, 0xF4FE,
    0xF3E3, 0xF3E3, 0xF3E4, 0xEBE5, 0xF3E5, 0xF406, 0xEC07, 0xEC08, 0xF408, 0xF409, 0xF40A, 0xF40B, 0xF3EC, 0xF3EC, 0xF3ED, 0xF3EE,
    0xF3EF, 0xF3F0, 0xF3F1, 0xF3F2, 0xEC13, 0xEC55, 0xE476, 0xDCB7, 0xDCD8, 0xE4F9, 0xE4FA, 0xECFA, 0xF51C, 0xF53D, 0xF53D, 0xF55E,
    0xF423, 0xF444, 0xF424, 0xF425, 0xF446, 0xF446, 0xF447, 0xEC48, 0xEC49, 0xF44A, 0xF44A, 0xF44B, 0xF44C, 0xF44D, 0xF44E, 0xF42E,
    0xF42F, 0xF450, 0xF451, 0xF432, 0xEC53, 0xEC75, 0xE4B6, 0xDCD7, 0xDCF8, 0xE519, 0xE519, 0xED3A, 0xED3B, 0xF55C, 0xF57D, 0xF57E,
    0xF484, 0xF484, 0xF485, 0xF485, 0xF486, 0xF487, 0xF488, 0xECA8, 0xECA9, 0xECAA, 0xF4AB, 0xF4AC, 0xF4AC, 0xF4AD, 0xF48E, 0xF48F,
    0xF490, 0xF491, 0xF4B2, 0xF492, 0xF493, 0xECB4, 0xECD6, 0xE4F7, 0xDD18, 0xDD38, 0xE559, 0xE55A, 0xED7B, 0xF59C, 0xF5BD, 0xF5BE,
    0xF4E4, 0xF4E5, 0xF4E5, 0xF4E6, 0xF4C7, 0xF4E7, 0xF4E8, 0xF4E9, 0xF4EA, 0xECEB, 0xECEB, 0xF4EC, 0xF4ED, 0xF4EE, 0xF4EE, 0xF4EF,
    0xF4F0, 0xF4F1, 0xF4F2, 0xF4F3, 0xF4F4, 0xECF4, 0xED16, 0xE537, 0xE558, 0xDD79, 0xE579, 0xE59A, 0xEDBB, 0xF5DC, 0xF5FD, 0xF5FE,
    0xF545, 0xF546, 0xF546, 0xF547, 0xF547, 0xF548, 0xF549, 0xF54A, 0xF54B, 0xF54B, 0xF54C, 0xF54D, 0xF54E, 0xF54E, 0xF54F, 0xF550,
    0xF551, 0xF552, 0xED52, 0xED53, 0xED54, 0xED35, 0xED56, 0xED57, 0xE578, 0xE599, 0xE5B9, 0xE5BA, 0xEDDB, 0xEDFC, 0xF61D, 0xF63E,
    0xF5A6, 0xF5A7, 0xF5A7, 0xF5A8, 0xF588, 0xF589, 0xF58A, 0xF5AA, 0xF5AB, 0xF5AC, 0xF5AD, 0xF5AE, 0xF5AF, 0xF5AF, 0xF590, 0xF590,
    0xED91, 0xED92, 0xED93, 0xED94, 0xED94, 0xED95, 0xED76, 0xED97, 0xE5B8, 0xE5B9, 0xE5D9, 0xE5FA, 0xEE1B, 0xEE3C, 0xF65D, 0xF67E,
    0xFE08, 0xFE08, 0xF608, 0xF609, 0xF5E9, 0xF5EA, 0xF5EB, 0xF60B, 0xF60C, 0xF60D, 0xF60E, 0xF60F, 0xF610, 0xF610, 0xF611, 0xF5F1,
    0xF5F2, 0xEDD3, 0xEDD3, 0xEDD4, 0xEDD5, 0xEDD6, 0xEDD6, 0xEDD7, 0xEDD8, 0xE5F9, 0xE5FA, 0xE61A, 0xEE3B, 0xEE5C, 0xF67D, 0xF69E,
    0xFE69, 0xFE69, 0xFE69, 0xFE4A, 0xF64A, 0xFE4B, 0xFE4C, 0xFE4D, 0xF64D, 0xF66E, 0xF66F, 0xF670, 0xF671, 0xF671, 0xF652, 0xF653,
    0xF653, 0xF634, 0xEE34, 0xEE35, 0xEE35, 0xEE36, 0xEE37, 0xEE17, 0xEE18, 0xEE19, 0xE63A, 0xE63A, 0xEE5B, 0xEE7C, 0xF69D, 0xF6BE,
    0xFEAA, 0xFEAA, 0xFEAB, 0xFEAB, 0xFEAC, 0xFEAC, 0xFEAD, 0xFEAE, 0xFEAF, 0xF6B0, 0xF6B0, 0xF6B1, 0xF6B2, 0xF6B2, 0xF6B3, 0xF694,
    0xF694, 0xF695, 0xF695, 0xF696, 0xEE76, 0xEE77, 0xEE77, 0xEE78, 0xEE78, 0xEE59, 0xEE59, 0xE67A, 0xE69B, 0xEE9C, 0xF6DD, 0xF6DE,
    0xFF0B, 0xFF0C, 0xFF0C, 0xFF0D, 0xFEED, 0xFEEE, 0xFEEE, 0xFEEF, 0xFEF0, 0xFEF1, 0xF6F1, 0xF6F2, 0xF6F3, 0xF6F4, 0xF6F4, 0xF6D4,
    0xF6D5, 0xF6D5, 0xF6D6, 0xF6D7, 0xF6D7, 0xEED7, 0xEED8, 0xEEB8, 0xEEB9, 0xEE99, 0xEE9A, 0xEE9A, 0xEEBB, 0xEEDC, 0xF6FD, 0xF71E,
    0xF74D, 0xF74D, 0xF72E, 0xF72E, 0xF72F, 0xF72F, 0xFF30, 0xFF30, 0xFF31, 0xFF32, 0xF733, 0xF733, 0xF734, 0xF735, 0xF735, 0xF715,
    0xF716, 0xF716, 0xF717, 0xF717, 0xF718, 0xF718, 0xF719, 0xEF19, 0xEEF9, 0xEEFA, 0xEEDA, 0xEEDA, 0xEEDB, 0xEEFC, 0xEF1D, 0xF73E,
    0xF76F, 0xF76F, 0xF76F, 0xF770, 0xF770, 0xF771, 0xF771, 0xF772, 0xF772, 0xF773, 0xF773, 0xF774, 0xF775, 0xF775, 0xF756, 0xF756,
    0xF757, 0xF757, 0xF758, 0xF758, 0xF759, 0xF759, 0xF75A, 0xF75A, 0xF73A, 0xEF3A, 0xEF1B, 0xEF1B, 0xEF1B, 0xEF1C, 0xEF3D, 0xF75E,
    0xEF70, 0xEF70, 0xEF71, 0xEF71, 0xEF71, 0xEF72, 0xEF72, 0xF773, 0xF773, 0xF774, 0xF774, 0xF775, 0xF796, 0xF796, 0xF797, 0xF797,
    0xF778, 0xF778, 0xF778, 0xF779, 0xF779, 0xF77A, 0xF77A, 0xF77B, 0xF77B, 0xF77B, 0xF77B, 0xEF5B, 0xEF5C, 0xEF3C, 0xEF5D, 0xF77E,
    0xE792, 0xE792, 0xE792, 0xE793, 0xE793, 0xE793, 0xEF94, 0xEF94, 0xEF94, 0xEF95, 0xEF95, 0xEF96, 0xEF96, 0xEF97, 0xEF97, 0xF798,
    0xF798, 0xF799, 0xF799, 0xF79A, 0xF79A, 0xF79A, 0xF79B, 0xF79B, 0xF7BC, 0xF7BC, 0xF79C, 0xF79C, 0xF79C, 0xEF7D, 0xEF7D, 0xF79E,
    0xDFB4, 0xDFB4, 0xE7B4, 0xE7B4, 0xE7B4, 0xE7B5, 0xE7B5, 0xE7B5, 0xE7B6, 0xEFB6, 0xEFB6, 0xEFB7, 0xEFB7, 0xEFB8, 0xEFB8, 0xEFB9,
    0xEFB9, 0xEFB9, 0xEFBA, 0xEFBA, 0xF7BA, 0xF7BB, 0xF7BB, 0xF7BC, 0xF7BC, 0xF7BC, 0xF7BD, 0xF7BD, 0xF7BD, 0xF7BD, 0xF7BD, 0xF7BE,
    0xDFD5, 0xDFD5, 0xDFD6, 0xDFD6, 0xDFD6, 0xE7D6, 0xE7D6, 0xE7D7, 0xE7D7, 0xE7D7, 0xE7D8, 0xEFD8, 0xEFD8, 0xEFD9, 0xEFD9, 0xEFDA,
    0xEFDA, 0xEFDA, 0xEFDB, 0xEFDB, 0xEFDB, 0xEFDC, 0xF7DC, 0xF7DC, 0xF7DD, 0xF7DD, 0xF7DD, 0xF7DD, 0xF7DE, 0xF7DE, 0xF7DE, 0xF7DE,
    0xF901, 0xF8E1, 0xF8E2, 0xF8E2, 0xF8C3, 0xF8A3, 0xF864, 0xF805, 0xF806, 0xF807, 0xF808, 0xF009, 0xF00B, 0xF00D, 0xE80F, 0xE891,
    0xE132, 0xE193, 0xD9F4, 0xE1D6, 0xE9B7, 0xE998, 0xF159, 0xF0FA, 0xF89B, 0xF83C, 0xF83D, 0xF81D, 0xF81E, 0xF81E, 0xF81E, 0xF81E,
    0xF901, 0xF901, 0xF902, 0xF902, 0xF8E3, 0xF8C4, 0xF884, 0xF845, 0xF806, 0xF807, 0xF008, 0xF009, 0xF00B, 0xE80D, 0xE80F, 0xE0B1,
    0xE132, 0xD9B3, 0xD9D4, 0xE1D5, 0xE1B6, 0xE998, 0xF159, 0xF0FA, 0xF8BB, 0xF81C, 0xF81C, 0xF81D, 0xF81E, 0xF81E, 0xF81E, 0xF81E,
    0xF921, 0xF921, 0xF122, 0xF123, 0xF103, 0xF0E4, 0xF0C5, 0xF085, 0xF026, 0xF007, 0xF008, 0xF009, 0xE80C, 0xE80D, 0xE04F, 0xE0F1,
    0xD972, 0xD1B3, 0xD1F4, 0xD9D5, 0xE1B6, 0xE997, 0xE978, 0xF0F9, 0xF0DA, 0xF89B, 0xF83C, 0xF83D, 0xF81D, 0xF81E, 0xF83E, 0xF87E,
    0xF961, 0xF961, 0xF162, 0xF163, 0xF144, 0xF124, 0xF105, 0xF0E6, 0xF0A6, 0xF047, 0xF008, 0xE809, 0xE80B, 0xE02D, 0xE0AF, 0xD931,
    0xD992, 0xD1D3, 0xD214, 0xD9F5, 0xD9D6, 0xE1B7, 0xE998, 0xF179, 0xF15A, 0xF93B, 0xF8FC, 0xF8DD, 0xF8FD, 0xF91E, 0xF91E, 0xF8FE,
    0xF981, 0xF981, 0xF182, 0xF183, 0xF184, 0xE965, 0xE965, 0xE946, 0xE927, 0xE8E7, 0xE868, 0xE809, 0xE80B, 0xE08D, 0xD90F, 0xD971,
    0xD1D2, 0xD213, 0xD234, 0xD215, 0xDA16, 0xE1F7, 0xE9D8, 0xE9B9, 0xF1BA, 0xF99B, 0xF95C, 0xF97D, 0xF99D, 0xF99E, 0xF97E, 0xF95E,
    0xF9A1, 0xF9C1, 0xF1C2, 0xF1C3, 0xF1C4, 0xE9C5, 0xE9A5, 0xE986, 0xE967, 0xE947, 0xE908, 0xE869, 0xE82B, 0xE0CD, 0xE14F, 0xD990,
    0xD1F2, 0xD233, 0xD254, 0xD255, 0xDA36, 0xE237, 0xEA18, 0xE9F9, 0xF1FA, 0xF9FB, 0xF9BC, 0xF9DD, 0xF9FD, 0xF9DD, 0xF9DE, 0xF9BE,
    0xF9C1, 0xF9E2, 0xF1E2, 0xF1E3, 0xF1E4, 0xF1E5, 0xE9E6, 0xE9C6, 0xE9C7, 0xE9A8, 0xE968, 0xE929, 0xE88A, 0xE8EC, 0xE16E, 0xD9D0,
    0xDA12, 0xD253, 0xD274, 0xD295, 0xDA76, 0xE277, 0xE258, 0xEA59, 0xF23A, 0xF23B, 0xFA1C, 0xFA1C, 0xFA3D, 0xFA3D, 0xFA1E, 0xFA1E,
    0xF9E1, 0xFA02, 0xF203, 0xF223, 0xF224, 0xF225, 0xF206, 0xF207, 0xF207, 0xF1E8, 0xF1C8, 0xF1A9, 0xF14A, 0xE92C, 0xE98E, 0xE1D0,
    0xDA31, 0xDA73, 0xD294, 0xD2B5, 0xDAB6, 0xE2B7, 0xE2B8, 0xEA99, 0xEA7A, 0xF27B, 0xF27C, 0xFA7C, 0xFA7D, 0xFA9D, 0xFA9E, 0xFA7E,
    0xFA01, 0xF222, 0xF243, 0xF244, 0xF244, 0xF245, 0xF246, 0xF247, 0xF227, 0xF228, 0xF209, 0xF1E9, 0xF1CA, 0xF16B, 0xE9AD, 0xE9EF,
    0xE251, 0xDA92, 0xDAB4, 0xD2D5, 0xDAF6, 0xE2F6, 0xE2D7, 0xEAD8, 0xEAB9, 0xF2BB, 0xF2BB, 0xFABC, 0xFADD, 0xFADD, 0xFADE, 0xFADE,
    0xFA42, 0xF242, 0xF263, 0xF264, 0xF285, 0xF285, 0xF286, 0xF267, 0xF267, 0xF268, 0xF249, 0xF249, 0xF22A, 0xF1EB, 0xF1CC, 0xEA0F,
    0xEA50, 0xE292, 0xDAD3, 0xDB14, 0xDB15, 0xDB36, 0xE337, 0xEB38, 0xEB3A, 0xF33B, 0xF31B, 0xFB3C, 0xFB5D, 0xFB3D, 0xFB3E, 0xFB3E,
    0xFA82, 0xF282, 0xF283, 0xF2A4, 0xF2A5, 0xF2A5, 0xF2A6, 0xF2A7, 0xF2A8, 0xF288, 0xF289, 0xF28A, 0xF26B, 0xF24B, 0xF22C, 0xF22E,
    0xEA70, 0xEAB1, 0xE2D3, 0xDB14, 0xDB55, 0xDB56, 0xE377, 0xE378, 0xEB79, 0xF37A, 0xF35B, 0xF37C, 0xFB9D, 0xFB9D, 0xFB7E, 0xFB9E,
    0xFAA2, 0xF2A3, 0xF2C3, 0xF2C4, 0xF2C5, 0xF2E5, 0xF2E6, 0xF2C7, 0xF2C8, 0xF2C8, 0xF2A9, 0xF2CA, 0xF2AB, 0xF2AC, 0xF28C, 0xF26D,
    0xF28F, 0xEAB1, 0xEAF2, 0xE334, 0xDB75, 0xDB96, 0xE397, 0xE3B8, 0xEBB9, 0xEB9A, 0xF39B, 0xF39C, 0xFBDD, 0xFBDD, 0xFBDD, 0xFBDE,
    0xFAE2, 0xF2E3, 0xF2E4, 0xF304, 0xF305, 0xF306, 0xF306, 0xF307, 0xF308, 0xF308, 0xF2E9, 0xF2EA, 0xF2EB, 0xF2EC, 0xF2ED, 0xF2CD,
    0xF2AF, 0xF2D0, 0xEB12, 0xEB33, 0xE374, 0xDBB6, 0xDBD7, 0xE3D8, 0xEBF9, 0xEBDA, 0xF3DA, 0xF3FB, 0xFC1C, 0xFC1D, 0xFC1D, 0xFC1E,
    0xFB22, 0xF323, 0xF324, 0xF324, 0xF345, 0xF346, 0xF346, 0xF347, 0xF348, 0xF329, 0xF329, 0xF32A, 0xF32B, 0xF32C, 0xF32D, 0xF32E,
    0xF30F, 0xF310, 0xF331, 0xF353, 0xEB94, 0xE3D5, 0xDC16, 0xE417, 0xE438, 0xEC39, 0xEC3A, 0xF43B, 0xF45C, 0xF45D, 0xFC7D, 0xFC7E,
    0xFB62, 0xF363, 0xF364, 0xF365, 0xF365, 0xF386, 0xF387, 0xF387, 0xF388, 0xF369, 0xF36A, 0xF36A, 0xF36B, 0xF36C, 0xF36D, 0xF36E,
    0xF36F, 0xF350, 0xF351, 0xF392, 0xF3B4, 0xEBF5, 0xE436, 0xDC57, 0xE478, 0xEC79, 0xEC7A, 0xF47B, 0xF49C, 0xF49D, 0xF4BD, 0xFCDE,
    0xFBA3, 0xF3A3, 0xF3A4, 0xF3A5, 0xF3A5, 0xF3C6, 0xF3C7, 0xF3C8, 0xF3C8, 0xF3C9, 0xF3AA, 0xF3AB, 0xFBAB, 0xFBAC, 0xFBAD, 0xF3AE,
    0xF3AF, 0xF3B0, 0xF3B1, 0xF3B2, 0xF3F3, 0xEC15, 0xEC56, 0xE497, 0xE4B8, 0xE4B9, 0xECBA, 0xECBB, 0xF4DC, 0xF4FD, 0xF4FD, 0xFD1E,
    0xFBE3, 0xFBE4, 0xF3E4, 0xF3E5, 0xF3E6, 0xF406, 0xF407, 0xF408, 0xF409, 0xF409, 0xF40A, 0xF40B, 0xFBEC, 0xFBED, 0xFBED, 0xFBEE,
    0xFBEF, 0xF3F0, 0xF3F1, 0xF3F2, 0xF413, 0xF455, 0xEC76, 0xE4B7, 0xE4D8, 0xE4F9, 0xECFA, 0xECFA, 0xF51B, 0xF51C, 0xF53D, 0xFD5E,
    0xFC24, 0xFC24, 0xF425, 0xFC25, 0xF446, 0xF447, 0xF447, 0xF448, 0xF469, 0xF46A, 0xF44B, 0xF44B, 0xF44C, 0xFC4D, 0xFC4E, 0xFC2F,
    0xFC2F, 0xFC51, 0xF451, 0xF432, 0xF453, 0xF475, 0xECB6, 0xECD7, 0xE4F8, 0xE519, 0xE539, 0xED3A, 0xED3B, 0xF55C, 0xF57D, 0xFD9E,
    0xFC84, 0xFC84, 0xF485, 0xF486, 0xF486, 0xF487, 0xF488, 0xF4A8, 0xF4A9, 0xF4AA, 0xF4AB, 0xF4AC, 0xF4AD, 0xF4AD, 0xFC8E, 0xFC8F,
    0xFC90, 0xFC91, 0xF4B2, 0xF4B2, 0xF493, 0xF494, 0xF4D6, 0xECF7, 0xE518, 0xE559, 0xE559, 0xED5A, 0xED7B, 0xF59C, 0xF5BD, 0xFDDE,
    0xFCC5, 0xFCC5, 0xFCC6, 0xFCC6, 0xFCC7, 0xF4C7, 0xF4E8, 0xF4E9, 0xF4EA, 0xF4EB, 0xF4EC, 0xF4EC, 0xF4ED, 0xF4EE, 0xF4EF, 0xFCEF,
    0xFCF0, 0xFCF1, 0xF4F2, 0xF4F3, 0xF4F4, 0xF4F4, 0xF516, 0xED37, 0xED58, 0xE579, 0xE599, 0xED9A, 0xEDBB, 0xF5BC, 0xF5FD, 0xFDFE,
    0xFD46, 0xFD26, 0xFD26, 0xFD27, 0xFD27, 0xFD28, 0xFD29, 0xFD4A, 0xF54B, 0xF54B, 0xF54C, 0xF54D, 0xF54E, 0xF54E, 0xF54F, 0xF550,
    0xF531, 0xF552, 0xF552, 0xF553, 0xF554, 0xF555, 0xF556, 0xF557, 0xED78, 0xE599, 0xE5B9, 0xEDDA, 0xEDDB, 0xF5FC, 0xF61D, 0xF63E,
    0xFD87, 0xFD87, 0xFD87, 0xFD88, 0xFD88, 0xFD89, 0xFD8A, 0xFD8A, 0xFD8B, 0xF5AC, 0xF5AD, 0xF5AE, 0xF5AF, 0xF58F, 0xF590, 0xF591,
    0xF591, 0xF592, 0xF593, 0xF594, 0xF594, 0xF595, 0xF596, 0xF597, 0xEDB8, 0xEDB9, 0xEDDA, 0xEDFA, 0xEE1B, 0xF61C, 0xF63D, 0xF67E,
    0xFDE8, 0xFDE8, 0xFDE8, 0xFDE9, 0xFDE9, 0xFDEA, 0xFDEB, 0xFDEC, 0xFDEC, 0xFDED, 0xF60E, 0xF60F, 0xF610, 0xF5F0, 0xF5F1, 0xF5F1,
    0xF5D2, 0xF5D3, 0xF5D4, 0xF5D4, 0xF5D5, 0xF5D6, 0xF5D6, 0xF5D7, 0xF5D8, 0xEDF9, 0xEE1A, 0xEE1A, 0xEE3B, 0xEE5C, 0xF67D, 0xF69E,
    0xFE49, 0xFE49, 0xFE4A, 0xFE4A, 0xFE4B, 0xFE2B, 0xFE2C, 0xFE2D, 0xFE4D, 0xFE4E, 0xFE4F, 0xF650, 0xF651, 0xF651, 0xF652, 0xF652,
    0xF633, 0xF634, 0xF634, 0xF635, 0xF636, 0xF636, 0xF637, 0xF637, 0xF618, 0xF619, 0xEE3A, 0xEE3A, 0xEE5B, 0xEE7C, 0xF69D, 0xF6BE,
    0xFEAA, 0xFEAB, 0xFEAB, 0xFEAB, 0xFE8C, 0xFE8D, 0xFE8D, 0xFE8E, 0xFE8F, 0xFE90, 0xFEB0, 0xFEB1, 0xF6B2, 0xF692, 0xF693, 0xFE93,
    0xF694, 0xF674, 0xF675, 0xF676, 0xF676, 0xF677, 0xF677, 0xF678, 0xF678, 0xF659, 0xF659, 0xEE7A, 0xEE7B, 0xEE9C, 0xF6BD, 0xF6DE,
    0xFEEC, 0xFEEC, 0xFEEC, 0xFEED, 0xFEED, 0xFEEE, 0xFEEE, 0xFECF, 0xFED0, 0xFEF1, 0xFEF1, 0xFEF2, 0xFEF3, 0xFEF3, 0xFED4, 0xFED4,
    0xFED5, 0xF6B5, 0xF6B6, 0xF6B6, 0xF6B7, 0xF6B7, 0xF6B8, 0xF6B8, 0xF6B9, 0xF699, 0xF69A, 0xF69A, 0xEEBB, 0xEEBC, 0xF6DD, 0xF6FE,
    0xFF2D, 0xFF2D, 0xFF2E, 0xFF2E, 0xFF2F, 0xFF2F, 0xFF30, 0xFF30, 0xFF11, 0xFF12, 0xFF32, 0xFF33, 0xFF34, 0xFF34, 0xFF15, 0xFF15,
    0xFF16, 0xF6F6, 0xF6F7, 0xF6F7, 0xF718, 0xF718, 0xF719, 0xF6F9, 0xF6F9, 0xF6FA, 0xF6FA, 0xF6DB, 0xF6DB, 0xEEFC, 0xF71D, 0xF71E,
    0xFF6F, 0xFF6F, 0xF76F, 0xF770, 0xF770, 0xFF71, 0xFF71, 0xFF52, 0xFF52, 0xFF53, 0xFF53, 0xFF54, 0xFF55, 0xFF55, 0xFF56, 0xFF56,
    0xFF57, 0xFF37, 0xF737, 0xF738, 0xF738, 0xF759, 0xF75A, 0xF75A, 0xF73A, 0xF73A, 0xF71B, 0xF71B, 0xF71B, 0xEF1C, 0xF73D, 0xF75E,
    0xF790, 0xF790, 0xF791, 0xF791, 0xF791, 0xF792, 0xFF92, 0xFF93, 0xFF93, 0xFF94, 0xFF94, 0xFF95, 0xFF96, 0xFF96, 0xFF97, 0xFF77,
    0xFF77, 0xFF78, 0xFF78, 0xF779, 0xF779, 0xF77A, 0xF77A, 0xF77B, 0xF77B, 0xF77B, 0xF75B, 0xF75B, 0xF75C, 0xF73C, 0xF75D, 0xF77E,
    0xEF92, 0xEF92, 0xEF92, 0xEF92, 0xEF93, 0xF793, 0xF794, 0xF794, 0xF794, 0xF795, 0xF795, 0xF796, 0xF796, 0xF797, 0xF797, 0xF7B8,
    0xF798, 0xF799, 0xF799, 0xF799, 0xF79A, 0xF79A, 0xF79B, 0xF7BB, 0xF7BC, 0xF79C, 0xF79C, 0xF79C, 0xF79C, 0xF77D, 0xF77D, 0xF79E,
    0xE7B3, 0xEFB3, 0xEFB4, 0xEFB4, 0xEFB4, 0xEFB4, 0xEFB5, 0xEFB5, 0xEFB6, 0xF7B6, 0xF7B6, 0xF7B7, 0xF7B7, 0xF7B8, 0xF7B8, 0xF7B9,
    0xF7B9, 0xF7B9, 0xF7BA, 0xF7BA, 0xF7BA, 0xF7BB, 0xF7BB, 0xF7BC, 0xF7BC, 0xF7BC, 0xF7BD, 0xF7BD, 0xF7BD, 0xF7BD, 0xF7BD, 0xF7BE,
    0xE7D5, 0xE7D5, 0xE7D5, 0xE7D6, 0xE7D6, 0xE7D6, 0xEFD6, 0xEFD6, 0xEFD7, 0xEFD7, 0xEFD7, 0xEFD8, 0xEFD8, 0xEFD9, 0xEFD9, 0xEFD9,
    0xF7DA, 0xF7DA, 0xF7DB, 0xF7DB, 0xF7DB, 0xF7DB, 0xF7DC, 0xF7DC, 0xF7DD, 0xF7DD, 0xF7DD, 0xF7DD, 0xF7DE, 0xF7DE, 0xF7DE, 0xF7DE,
};
