/**
 * lut_custom_1_cine4_jobs.h
 * Custom LUT from '1 Cine4 Jobs.cube'
 *
 * Auto-generated by tools/generate_luts.py — DO NOT EDIT
 * 32768 entries × 2 bytes = 64 KB, stored in Flash (.rodata)
 */
#pragma once
#include <stdint.h>

static const uint16_t LUT_CUSTOM_1_CINE4_JOBS[32768] = {
    0x0080, 0x0061, 0x0061, 0x0061, 0x0061, 0x0061, 0x0062, 0x0062, 0x0063, 0x0084, 0x0085, 0x0086, 0x0087, 0x0089, 0x006B, 0x006D,
    0x006E, 0x0070, 0x0072, 0x0073, 0x0075, 0x0076, 0x0076, 0x0097, 0x0098, 0x0098, 0x0099, 0x009A, 0x009A, 0x009B, 0x00BB, 0x00BC,
    0x0080, 0x0081, 0x0081, 0x0061, 0x0061, 0x0081, 0x0062, 0x0082, 0x0083, 0x0084, 0x0085, 0x0086, 0x0088, 0x0089, 0x008B, 0x008D,
    0x008F, 0x0091, 0x0092, 0x0093, 0x0074, 0x0075, 0x0096, 0x0097, 0x0098, 0x0098, 0x0099, 0x009A, 0x009A, 0x009B, 0x00BB, 0x00DC,
    0x0080, 0x0081, 0x0081, 0x0081, 0x0081, 0x0081, 0x0082, 0x0082, 0x0083, 0x0084, 0x0085, 0x0086, 0x0088, 0x00A9, 0x00AB, 0x008D,
    0x008F, 0x0091, 0x0092, 0x0093, 0x0095, 0x0096, 0x0096, 0x0097, 0x0098, 0x0098, 0x0099, 0x00B9, 0x00BA, 0x00BB, 0x00BB, 0x00DC,
    0x0080, 0x0081, 0x0081, 0x0081, 0x0081, 0x0082, 0x0082, 0x00A3, 0x00A3, 0x00A4, 0x00A5, 0x00A6, 0x00A8, 0x00A9, 0x00AB, 0x00AD,
    0x00AF, 0x0091, 0x00B2, 0x00B3, 0x00B5, 0x00B6, 0x00B6, 0x00B7, 0x00B8, 0x00B8, 0x00B9, 0x00B9, 0x00BA, 0x00BB, 0x00DB, 0x00FC,
    0x00A1, 0x00A1, 0x00A1, 0x00A1, 0x00A1, 0x00A2, 0x00A2, 0x00A3, 0x00C3, 0x00C4, 0x00C5, 0x00C6, 0x00C8, 0x00A9, 0x00AB, 0x00AD,
    0x00AF, 0x00B1, 0x00B2, 0x00B3, 0x00B5, 0x00B5, 0x00B6, 0x00B7, 0x00B7, 0x00D8, 0x00D9, 0x00DA, 0x00DA, 0x00DA, 0x00FB, 0x00FC,
    0x00A0, 0x00A1, 0x00C1, 0x00C1, 0x00C2, 0x00C2, 0x00C2, 0x00C3, 0x00C3, 0x00E4, 0x00E5, 0x00E7, 0x00E8, 0x00CA, 0x00CB, 0x00CD,
    0x00CF, 0x00D1, 0x00D2, 0x00D3, 0x00D4, 0x00D6, 0x00D6, 0x00D7, 0x00D8, 0x00D8, 0x00F9, 0x00FA, 0x00FA, 0x00FB, 0x011B, 0x011C,
    0x00C1, 0x00C1, 0x00C1, 0x00E2, 0x00E2, 0x00E2, 0x00E3, 0x00E3, 0x00E4, 0x0104, 0x0106, 0x0107, 0x0109, 0x010A, 0x010C, 0x010E,
    0x0110, 0x00F1, 0x00F3, 0x00F4, 0x00F5, 0x00F6, 0x0116, 0x00F7, 0x0118, 0x0119, 0x0119, 0x011A, 0x013A, 0x013B, 0x015B, 0x015C,
    0x00C1, 0x00E1, 0x00E2, 0x00E2, 0x00E2, 0x0103, 0x0103, 0x0104, 0x0104, 0x0125, 0x0126, 0x0148, 0x0149, 0x014B, 0x014D, 0x014E,
    0x0150, 0x0152, 0x0153, 0x0134, 0x0135, 0x0136, 0x0136, 0x0137, 0x0138, 0x0139, 0x0159, 0x015A, 0x015A, 0x017B, 0x017B, 0x019C,
    0x00E2, 0x00E2, 0x0102, 0x0102, 0x0103, 0x0123, 0x0124, 0x0124, 0x0124, 0x0145, 0x0167, 0x0188, 0x018A, 0x018B, 0x01AD, 0x01AF,
    0x01B0, 0x0192, 0x0193, 0x0194, 0x0195, 0x0176, 0x0177, 0x0177, 0x0178, 0x0178, 0x0179, 0x019A, 0x019A, 0x019B, 0x01BB, 0x01DC,
    0x0102, 0x0102, 0x0122, 0x0123, 0x0123, 0x0143, 0x0164, 0x0165, 0x0165, 0x0166, 0x0187, 0x01A9, 0x01CA, 0x01EC, 0x01ED, 0x01EF,
    0x01F0, 0x0212, 0x0213, 0x01F4, 0x01F5, 0x01F6, 0x01D7, 0x01B7, 0x01B8, 0x01B8, 0x01B9, 0x01DA, 0x01DA, 0x01DB, 0x01FB, 0x021C,
    0x0142, 0x0142, 0x0143, 0x0163, 0x0163, 0x0184, 0x01A5, 0x01A5, 0x01C6, 0x01A7, 0x01C8, 0x01E9, 0x020B, 0x022C, 0x024E, 0x026F,
    0x0271, 0x0272, 0x0273, 0x0274, 0x0255, 0x0256, 0x0257, 0x0237, 0x0238, 0x0218, 0x0219, 0x021A, 0x021A, 0x021B, 0x023B, 0x025C,
    0x0183, 0x0183, 0x0183, 0x0183, 0x01A4, 0x01C4, 0x01E5, 0x0206, 0x0207, 0x0208, 0x0229, 0x024A, 0x024B, 0x026D, 0x028E, 0x02B0,
    0x02D1, 0x02D2, 0x02B3, 0x02B4, 0x02B5, 0x02D6, 0x02B6, 0x02B7, 0x0298, 0x0298, 0x0299, 0x029A, 0x027A, 0x027B, 0x029B, 0x029C,
    0x01C3, 0x01C4, 0x01C4, 0x01C4, 0x01E4, 0x0205, 0x0226, 0x0247, 0x0268, 0x0289, 0x02AA, 0x02AB, 0x02AC, 0x02AD, 0x02CE, 0x02F0,
    0x0311, 0x0333, 0x0334, 0x0334, 0x0335, 0x0336, 0x0336, 0x0337, 0x0318, 0x0318, 0x0319, 0x031A, 0x031A, 0x02FB, 0x02FB, 0x031C,
    0x0204, 0x0204, 0x0224, 0x0225, 0x0245, 0x0266, 0x0287, 0x02A7, 0x02E9, 0x030A, 0x032B, 0x032C, 0x030D, 0x032E, 0x0350, 0x0371,
    0x0372, 0x0393, 0x0394, 0x0395, 0x03B6, 0x03B6, 0x0397, 0x03B7, 0x03B8, 0x03B8, 0x03B9, 0x03BA, 0x03BA, 0x039B, 0x039B, 0x03BC,
    0x0245, 0x0265, 0x0265, 0x0285, 0x0286, 0x02A6, 0x02C7, 0x0308, 0x0329, 0x034A, 0x038C, 0x03AD, 0x038E, 0x038E, 0x03B0, 0x03B1,
    0x03D2, 0x03D3, 0x03D4, 0x03D5, 0x03F5, 0x03F6, 0x03F7, 0x03F7, 0x03F8, 0x0418, 0x0419, 0x143A, 0x041A, 0x041B, 0x03FB, 0x041C,
    0x02A5, 0x02A5, 0x02A6, 0x02C6, 0x02E6, 0x02E7, 0x0328, 0x0348, 0x036A, 0x03AB, 0x03ED, 0x040E, 0x040F, 0x040F, 0x03F0, 0x0411,
    0x0412, 0x0413, 0x0414, 0x0435, 0x0436, 0x0456, 0x0437, 0x0437, 0x0437, 0x0458, 0x0479, 0x147A, 0x1C7A, 0x1C7B, 0x1C7B, 0x1C7C,
    0x02E6, 0x02E6, 0x0306, 0x0307, 0x0327, 0x0348, 0x0368, 0x0389, 0x03CA, 0x03EB, 0x042D, 0x046F, 0x0490, 0x0470, 0x0451, 0x0451,
    0x0473, 0x0454, 0x0454, 0x0455, 0x0476, 0x0496, 0x0477, 0x0497, 0x0497, 0x0498, 0x04B9, 0x14B9, 0x24BA, 0x2CDA, 0x34DB, 0x3CFC,
    0x0326, 0x0327, 0x0347, 0x0347, 0x0368, 0x0388, 0x03A9, 0x03CA, 0x040B, 0x042C, 0x046D, 0x048F, 0x04B0, 0x04D2, 0x04B2, 0x04B2,
    0x0493, 0x0494, 0x0494, 0x0495, 0x04B6, 0x04D6, 0x04B7, 0x04D7, 0x04D8, 0x04D8, 0x04F9, 0x0CF9, 0x1CFA, 0x2D1A, 0x3D3B, 0x4D5B,
    0x0387, 0x0387, 0x0387, 0x03A8, 0x03A8, 0x03C9, 0x03E9, 0x040A, 0x042B, 0x046C, 0x048E, 0x04CF, 0x04F0, 0x0511, 0x0512, 0x0513,
    0x04F3, 0x04F4, 0x04D4, 0x04D5, 0x04D6, 0x04F6, 0x04F7, 0x04F7, 0x04F8, 0x0518, 0x0519, 0x0539, 0x153A, 0x253A, 0x355B, 0x457C,
    0x03E8, 0x03E8, 0x03E8, 0x0409, 0x0409, 0x042A, 0x044A, 0x046B, 0x048C, 0x04AD, 0x04EE, 0x0510, 0x0511, 0x0552, 0x0553, 0x0554,
    0x0554, 0x1534, 0x1D35, 0x2535, 0x2536, 0x2537, 0x2537, 0x2538, 0x2558, 0x2D58, 0x2D79, 0x2D7A, 0x2D9A, 0x359A, 0x459B, 0x4DBC,
    0x0429, 0x0429, 0x0449, 0x0449, 0x044A, 0x048B, 0x048B, 0x04AC, 0x04CD, 0x04EE, 0x050F, 0x0530, 0x0551, 0x0572, 0x0593, 0x0594,
    0x1575, 0x2575, 0x3555, 0x3556, 0x3D56, 0x3D57, 0x3D77, 0x3D78, 0x3D78, 0x3D78, 0x4599, 0x459A, 0x3DBA, 0x45BA, 0x45DB, 0x4DFC,
    0x0469, 0x046A, 0x048A, 0x048A, 0x048B, 0x04AC, 0x04CC, 0x04ED, 0x04ED, 0x050E, 0x052F, 0x0550, 0x0551, 0x0572, 0x0593, 0x0DB4,
    0x1DB5, 0x35B5, 0x4575, 0x4576, 0x4D76, 0x4D97, 0x4D97, 0x4D98, 0x4598, 0x4598, 0x4DB9, 0x45BA, 0x45DA, 0x45DA, 0x45FB, 0x4E1B,
    0x04AA, 0x04AA, 0x04AB, 0x04CB, 0x04EB, 0x04EC, 0x050D, 0x050D, 0x052E, 0x054F, 0x0550, 0x0570, 0x0571, 0x0592, 0x05B3, 0x15D4,
    0x35D5, 0x45D6, 0x4DB6, 0x55B6, 0x5596, 0x5D97, 0x5DB7, 0x55B8, 0x55B8, 0x55D9, 0x55D9, 0x55FA, 0x55FA, 0x4E1A, 0x4E3B, 0x563B,
    0x04EB, 0x04EB, 0x04EC, 0x04EC, 0x050C, 0x052D, 0x052D, 0x052E, 0x054E, 0x054F, 0x0570, 0x0571, 0x0592, 0x05B2, 0x05B3, 0x25D4,
    0x3DF5, 0x45F6, 0x55F7, 0x5DD7, 0x5DD6, 0x65D7, 0x65D7, 0x65B8, 0x5DD8, 0x5DD9, 0x5DF9, 0x5DF9, 0x5E1A, 0x563A, 0x563B, 0x5E5B,
    0x052C, 0x052C, 0x052C, 0x052D, 0x052D, 0x054E, 0x054E, 0x054E, 0x056F, 0x0570, 0x0590, 0x05B1, 0x05B2, 0x05B3, 0x05D3, 0x25D4,
    0x3DF5, 0x45F6, 0x55F7, 0x5DF7, 0x65F7, 0x65F7, 0x65F8, 0x65F8, 0x65F8, 0x65F9, 0x6619, 0x661A, 0x5E3A, 0x5E5A, 0x5E5B, 0x667B,
    0x054D, 0x054D, 0x054D, 0x054D, 0x056E, 0x056F, 0x056F, 0x058F, 0x0590, 0x0590, 0x05B1, 0x05B2, 0x0DD2, 0x0DD3, 0x15D4, 0x2DF5,
    0x4615, 0x4E16, 0x5617, 0x5E37, 0x6638, 0x6E38, 0x6E18, 0x6E18, 0x6E18, 0x6E19, 0x6E39, 0x6E3A, 0x665A, 0x667A, 0x667B, 0x6E7C,
    0x058E, 0x058E, 0x058F, 0x058F, 0x058F, 0x05B0, 0x05B0, 0x05B0, 0x05B1, 0x05D1, 0x0DD2, 0x15D2, 0x25F3, 0x2DF3, 0x35F4, 0x3E15,
    0x4E16, 0x5636, 0x5E37, 0x6658, 0x6E78, 0x6E58, 0x7658, 0x7638, 0x7639, 0x7659, 0x765A, 0x6E5A, 0x767A, 0x6E7B, 0x769B, 0x76BB,
    0x05AF, 0x05AF, 0x05AF, 0x05B0, 0x05B0, 0x05D0, 0x05D1, 0x05D1, 0x05F1, 0x15F2, 0x25F2, 0x2DF3, 0x35F3, 0x3614, 0x3E35, 0x3E35,
    0x4636, 0x5656, 0x5E57, 0x6678, 0x6E78, 0x6E79, 0x6E79, 0x7679, 0x7659, 0x7659, 0x7E79, 0x767A, 0x769A, 0x769A, 0x76BB, 0x76BB,
    0x05F0, 0x05D0, 0x05D0, 0x05F0, 0x0DF1, 0x1DF1, 0x25F2, 0x25F2, 0x25F2, 0x2E13, 0x3613, 0x3E13, 0x4614, 0x4634, 0x4635, 0x4656,
    0x4E56, 0x5677, 0x5E77, 0x6678, 0x6699, 0x6E99, 0x76B9, 0x7699, 0x7699, 0x7E9A, 0x7E9A, 0x7E9A, 0x7E9A, 0x7E9B, 0x7EBB, 0x7EDC,
    0x1E11, 0x1E11, 0x1E11, 0x2612, 0x2E12, 0x3E13, 0x3E13, 0x4613, 0x4613, 0x4634, 0x4E34, 0x4E34, 0x4E35, 0x4E55, 0x4E56, 0x5676,
    0x5676, 0x5697, 0x5E98, 0x5E98, 0x66B9, 0x6EB9, 0x76DA, 0x76DA, 0x7EBA, 0x7EBA, 0x7EBA, 0x7EBA, 0x7EBA, 0x7EBB, 0x86DB, 0x86DC,
    0x4633, 0x4633, 0x4633, 0x4633, 0x4E54, 0x5634, 0x5634, 0x5654, 0x5654, 0x5E55, 0x5E55, 0x5E55, 0x5E56, 0x5E76, 0x5E76, 0x5E97,
    0x5E97, 0x5697, 0x56B8, 0x5EB9, 0x66D9, 0x6EDA, 0x6EFA, 0x76FA, 0x7EFA, 0x7EFA, 0x86DB, 0x86DB, 0x86DB, 0x86DB, 0x86DC, 0x8EDC,
    0x5E74, 0x5E75, 0x5E74, 0x6675, 0x6675, 0x6675, 0x6676, 0x6676, 0x6675, 0x6E76, 0x6E96, 0x6E96, 0x6E96, 0x66B7, 0x66B7, 0x66B8,
    0x5EB8, 0x5EB8, 0x56D9, 0x5EF9, 0x66F9, 0x6F1A, 0x6F1A, 0x771B, 0x7F1B, 0x7EFB, 0x86FB, 0x86FB, 0x8EFB, 0x8EFB, 0x8EFB, 0x96FC,
    0x0060, 0x0060, 0x0060, 0x0061, 0x0061, 0x0061, 0x0062, 0x0082, 0x0083, 0x0064, 0x0065, 0x0086, 0x0087, 0x0089, 0x008B, 0x008D,
    0x006F, 0x0071, 0x0072, 0x0073, 0x0075, 0x0076, 0x0076, 0x0077, 0x0078, 0x0078, 0x0099, 0x009A, 0x009A, 0x009B, 0x00BB, 0x00DC,
    0x0080, 0x0080, 0x0081, 0x0081, 0x0081, 0x0081, 0x0082, 0x0082, 0x0083, 0x0064, 0x0085, 0x0086, 0x0088, 0x0089, 0x008B, 0x008D,
    0x008F, 0x0090, 0x0092, 0x0093, 0x0095, 0x0076, 0x0076, 0x0097, 0x0098, 0x0098, 0x0099, 0x009A, 0x009A, 0x00BB, 0x00BB, 0x00DC,
    0x0080, 0x0081, 0x0081, 0x0081, 0x0081, 0x0081, 0x0082, 0x0082, 0x0083, 0x0084, 0x0085, 0x0086, 0x0088, 0x0089, 0x008B, 0x008D,
    0x008F, 0x0090, 0x0092, 0x0093, 0x0095, 0x0096, 0x0096, 0x0097, 0x0098, 0x0098, 0x0099, 0x00BA, 0x00BA, 0x00BB, 0x00BB, 0x00DC,
    0x0081, 0x0081, 0x0081, 0x0081, 0x0081, 0x00A2, 0x00A2, 0x00A2, 0x00A3, 0x00A4, 0x00A5, 0x00A6, 0x00A8, 0x00A9, 0x00AB, 0x00AD,
    0x00AF, 0x0091, 0x00B2, 0x00B4, 0x00B5, 0x00B6, 0x00B6, 0x00B7, 0x00B8, 0x00B8, 0x00B9, 0x00BA, 0x00BA, 0x00DB, 0x00DB, 0x00FC,
    0x0080, 0x00A1, 0x00A1, 0x00A1, 0x00A2, 0x00A2, 0x00A2, 0x00A3, 0x00A3, 0x00C4, 0x00A5, 0x00A7, 0x00C8, 0x00A9, 0x00AB, 0x00AD,
    0x00AF, 0x00B1, 0x00B2, 0x00B4, 0x00B5, 0x00B6, 0x00B7, 0x00B7, 0x00D8, 0x00D8, 0x00D9, 0x00DA, 0x00DA, 0x00DB, 0x00FB, 0x011C,
    0x00A1, 0x00A1, 0x00C1, 0x00C1, 0x00C2, 0x00C2, 0x00C2, 0x00C3, 0x00C4, 0x00E4, 0x00E5, 0x00E7, 0x00E8, 0x00EA, 0x00CC, 0x00CD,
    0x00CF, 0x00D1, 0x00D2, 0x00D3, 0x00D4, 0x00D6, 0x00F6, 0x00D7, 0x00D8, 0x00D8, 0x00F9, 0x00F9, 0x00FA, 0x00FB, 0x011B, 0x011C,
    0x00C1, 0x00C1, 0x00C1, 0x00E2, 0x00E2, 0x00E2, 0x00E3, 0x00E3, 0x00E4, 0x0104, 0x0106, 0x0107, 0x0109, 0x010A, 0x010C, 0x010E,
    0x0110, 0x00F1, 0x00F3, 0x00F4, 0x00F5, 0x00F6, 0x0116, 0x0117, 0x0118, 0x0118, 0x0119, 0x011A, 0x013A, 0x013B, 0x015B, 0x015C,
    0x00E1, 0x00E1, 0x00E2, 0x00E2, 0x0102, 0x0103, 0x0103, 0x0103, 0x0104, 0x0125, 0x0126, 0x0148, 0x0149, 0x014B, 0x014D, 0x014E,
    0x0150, 0x0152, 0x0133, 0x0134, 0x0135, 0x0136, 0x0136, 0x0137, 0x0138, 0x0138, 0x0159, 0x015A, 0x015A, 0x017B, 0x017B, 0x019C,
    0x0102, 0x0101, 0x0102, 0x0102, 0x0123, 0x0123, 0x0123, 0x0124, 0x0144, 0x0145, 0x0167, 0x0188, 0x0189, 0x018B, 0x01AD, 0x01AF,
    0x0190, 0x0192, 0x0193, 0x0194, 0x0175, 0x0176, 0x0177, 0x0177, 0x0178, 0x0178, 0x0179, 0x019A, 0x019A, 0x019B, 0x01BB, 0x01DC,
    0x0102, 0x0122, 0x0122, 0x0123, 0x0123, 0x0144, 0x0164, 0x0165, 0x0165, 0x0166, 0x0187, 0x01A9, 0x01CA, 0x01EC, 0x01ED, 0x01EF,
    0x01F1, 0x0212, 0x0213, 0x01F4, 0x01F5, 0x01D6, 0x01D7, 0x01B7, 0x01B8, 0x01B9, 0x01B9, 0x01BA, 0x01DA, 0x01DB, 0x01FB, 0x021C,
    0x0142, 0x0143, 0x0143, 0x0163, 0x0164, 0x0184, 0x01A5, 0x01A5, 0x01C6, 0x01A6, 0x01C8, 0x01E9, 0x020B, 0x022C, 0x024E, 0x024F,
    0x0271, 0x0272, 0x0273, 0x0274, 0x0255, 0x0256, 0x0257, 0x0237, 0x0218, 0x0218, 0x0239, 0x021A, 0x021A, 0x021B, 0x023B, 0x025C,
    0x0183, 0x0183, 0x0183, 0x01A3, 0x01A4, 0x01C4, 0x01E5, 0x0206, 0x0227, 0x0228, 0x0228, 0x024A, 0x024B, 0x026D, 0x028E, 0x02AF,
    0x02D1, 0x02D2, 0x02B3, 0x02B4, 0x02D5, 0x02D6, 0x02B7, 0x02B7, 0x0298, 0x0298, 0x0299, 0x029A, 0x029A, 0x027B, 0x029B, 0x029C,
    0x01C3, 0x01C3, 0x01C4, 0x01E4, 0x01E4, 0x0205, 0x0226, 0x0247, 0x0268, 0x0289, 0x02AA, 0x02AB, 0x02AC, 0x02AD, 0x02CE, 0x02F0,
    0x0311, 0x0332, 0x0334, 0x0335, 0x0335, 0x0336, 0x0337, 0x0337, 0x0318, 0x0319, 0x0319, 0x031A, 0x031A, 0x02FB, 0x02FB, 0x031C,
    0x0204, 0x0204, 0x0204, 0x0225, 0x0245, 0x0266, 0x0287, 0x02A8, 0x02E8, 0x030A, 0x032B, 0x032C, 0x030D, 0x032E, 0x0350, 0x0371,
    0x0392, 0x0393, 0x0394, 0x03B5, 0x03B5, 0x03B6, 0x0397, 0x03B7, 0x03B8, 0x03B9, 0x03B9, 0x03BA, 0x03BA, 0x039B, 0x039B, 0x03BC,
    0x0244, 0x0245, 0x0265, 0x0265, 0x0286, 0x02A6, 0x02C7, 0x02E8, 0x0329, 0x036B, 0x038C, 0x03AD, 0x038E, 0x038E, 0x03B0, 0x03B1,
    0x03D2, 0x03D3, 0x03F4, 0x03F5, 0x03F6, 0x03F6, 0x03F7, 0x03F7, 0x0418, 0x0419, 0x0419, 0x143A, 0x041A, 0x041B, 0x041B, 0x041C,
    0x0285, 0x02A5, 0x02A5, 0x02A6, 0x02C6, 0x0307, 0x0328, 0x0349, 0x036A, 0x03AB, 0x03ED, 0x040E, 0x040F, 0x03EF, 0x03F0, 0x0411,
    0x0412, 0x0413, 0x0434, 0x0435, 0x0436, 0x0456, 0x0457, 0x0457, 0x0458, 0x0458, 0x0479, 0x1C7A, 0x1C7A, 0x247B, 0x247B, 0x1C7C,
    0x02E6, 0x02E6, 0x02E6, 0x0306, 0x0327, 0x0348, 0x0368, 0x0389, 0x03CA, 0x03EB, 0x042D, 0x046F, 0x0490, 0x0470, 0x0451, 0x0472,
    0x0473, 0x0473, 0x0474, 0x0475, 0x0476, 0x0496, 0x0497, 0x0497, 0x0498, 0x04B8, 0x04B9, 0x1CB9, 0x2CBA, 0x34DA, 0x3CDB, 0x3CFC,
    0x0326, 0x0326, 0x0347, 0x0347, 0x0368, 0x0388, 0x03A9, 0x03CA, 0x040B, 0x042C, 0x046D, 0x048F, 0x04B0, 0x04D1, 0x04D2, 0x04B2,
    0x04B3, 0x04B4, 0x0494, 0x0495, 0x04B6, 0x04B6, 0x04D7, 0x04D7, 0x04D8, 0x04D8, 0x04F9, 0x14F9, 0x24FA, 0x351A, 0x3D1B, 0x4D5B,
    0x0387, 0x0387, 0x0387, 0x03A8, 0x03A8, 0x03E9, 0x0409, 0x040A, 0x042B, 0x046C, 0x048E, 0x04CF, 0x04F0, 0x0512, 0x0513, 0x0513,
    0x04F3, 0x04F4, 0x04D4, 0x04D5, 0x04D6, 0x04F6, 0x04F7, 0x04F7, 0x04F8, 0x0518, 0x0539, 0x0D39, 0x1D3A, 0x2D5A, 0x3D5B, 0x4D7B,
    0x03C8, 0x03E8, 0x03E8, 0x0409, 0x0409, 0x042A, 0x044A, 0x046B, 0x048C, 0x04AD, 0x04CE, 0x0510, 0x0531, 0x0532, 0x0553, 0x0554,
    0x0D54, 0x1D34, 0x2535, 0x2535, 0x2536, 0x2536, 0x2537, 0x2537, 0x2538, 0x2D58, 0x2D79, 0x2D79, 0x359A, 0x3D9A, 0x45BB, 0x55BB,
    0x0429, 0x0429, 0x0449, 0x0449, 0x046A, 0x046B, 0x048B, 0x04AC, 0x04CD, 0x04EE, 0x050F, 0x0530, 0x0551, 0x0552, 0x0573, 0x0594,
    0x1575, 0x2D75, 0x3555, 0x3D56, 0x3D56, 0x3D57, 0x3D57, 0x3D77, 0x4578, 0x4579, 0x4599, 0x4599, 0x3DBA, 0x45DA, 0x45DB, 0x55FC,
    0x0469, 0x0469, 0x048A, 0x048A, 0x048B, 0x04AB, 0x04CC, 0x04ED, 0x04ED, 0x050E, 0x052F, 0x0550, 0x0551, 0x0572, 0x0593, 0x15B4,
    0x25B5, 0x3D96, 0x4575, 0x4D76, 0x4D76, 0x4D97, 0x4D97, 0x4D97, 0x4D98, 0x4D99, 0x4DB9, 0x4DB9, 0x45DA, 0x45FA, 0x45FB, 0x563C,
    0x04AA, 0x04AA, 0x04CA, 0x04CB, 0x04EC, 0x04EC, 0x04ED, 0x050D, 0x052E, 0x052F, 0x054F, 0x0570, 0x0571, 0x0592, 0x0593, 0x1DB4,
    0x35D6, 0x45D6, 0x4DD6, 0x55B6, 0x5DB6, 0x5DB7, 0x5DB7, 0x5DB8, 0x55B8, 0x55B8, 0x55D9, 0x55FA, 0x55FA, 0x4E1A, 0x4E3B, 0x565B,
    0x04EB, 0x04EB, 0x04EB, 0x050C, 0x050C, 0x050D, 0x052D, 0x052E, 0x054F, 0x054F, 0x0570, 0x0571, 0x0592, 0x05B2, 0x0DB3, 0x25D4,
    0x3DD5, 0x45F6, 0x55F6, 0x5DD6, 0x65D7, 0x65B7, 0x65D7, 0x65D8, 0x5DD8, 0x5DD9, 0x5DF9, 0x5E19, 0x5E1A, 0x561A, 0x563B, 0x5E5B,
    0x052C, 0x052C, 0x052C, 0x052D, 0x052D, 0x054E, 0x054E, 0x054F, 0x056F, 0x0570, 0x0591, 0x0591, 0x05B2, 0x05B3, 0x0DD3, 0x2DD4,
    0x3DF5, 0x4E16, 0x5617, 0x5E17, 0x65F7, 0x6DF7, 0x6DF8, 0x6DF8, 0x65F8, 0x65F9, 0x6619, 0x661A, 0x5E3A, 0x5E3A, 0x5E5B, 0x667B,
    0x054D, 0x054D, 0x054D, 0x054D, 0x056E, 0x056F, 0x058F, 0x058F, 0x0590, 0x0590, 0x05B1, 0x0DB2, 0x0DD2, 0x15D3, 0x1DD4, 0x35F5,
    0x4615, 0x4E16, 0x5637, 0x5E37, 0x6638, 0x6E38, 0x6E18, 0x6E18, 0x6E18, 0x6E39, 0x6E39, 0x6E3A, 0x665A, 0x665B, 0x667B, 0x6E9C,
    0x058E, 0x058E, 0x058E, 0x058F, 0x058F, 0x05B0, 0x05B0, 0x05B0, 0x05B0, 0x05D1, 0x15D2, 0x1DD2, 0x25D3, 0x2DF3, 0x35F4, 0x3E15,
    0x4E36, 0x5636, 0x5E57, 0x6658, 0x6E78, 0x6E58, 0x7658, 0x7658, 0x7659, 0x7659, 0x765A, 0x765A, 0x6E7A, 0x6E7B, 0x769B, 0x769C,
    0x05AF, 0x05AF, 0x05AF, 0x05AF, 0x05D0, 0x05D0, 0x05D0, 0x05D1, 0x0DD1, 0x1DD2, 0x25F2, 0x2DF3, 0x35F3, 0x3E14, 0x3E14, 0x4635,
    0x4636, 0x5656, 0x5E57, 0x6678, 0x6E78, 0x6E99, 0x7679, 0x7679, 0x7679, 0x7E59, 0x7E79, 0x767A, 0x767A, 0x769B, 0x769B, 0x7EBB,
    0x05D0, 0x05D0, 0x05D0, 0x05D0, 0x0DF1, 0x1DF1, 0x25F1, 0x25F2, 0x2DF2, 0x3612, 0x3E13, 0x3E13, 0x4614, 0x4634, 0x4635, 0x4E56,
    0x4E56, 0x5657, 0x5E77, 0x6678, 0x6E98, 0x6E99, 0x76B9, 0x7699, 0x769A, 0x7E9A, 0x7E7A, 0x7E9A, 0x7E9A, 0x7EBB, 0x7EBB, 0x7EBC,
    0x1E11, 0x1E11, 0x1E11, 0x2612, 0x2E12, 0x3E13, 0x3E13, 0x4613, 0x4613, 0x4E33, 0x4E34, 0x4E34, 0x4E55, 0x4E55, 0x5656, 0x5676,
    0x5676, 0x5677, 0x5E97, 0x5E98, 0x66B9, 0x6EB9, 0x76DA, 0x76DA, 0x7EBA, 0x7EBA, 0x7EBA, 0x7E9A, 0x7EBB, 0x7EBB, 0x86DB, 0x86DC,
    0x4633, 0x4633, 0x4633, 0x4633, 0x4E54, 0x5654, 0x5654, 0x5654, 0x5654, 0x5E55, 0x5E55, 0x5E55, 0x5E76, 0x5E76, 0x5E76, 0x5E96,
    0x5E97, 0x5697, 0x5EB8, 0x5EB9, 0x66D9, 0x6ED9, 0x6EFA, 0x76FA, 0x7EFA, 0x7EFA, 0x86DA, 0x86DB, 0x86DB, 0x86DB, 0x86DB, 0x8EDC,
    0x6675, 0x6675, 0x6654, 0x6675, 0x6675, 0x6E75, 0x6E75, 0x6E76, 0x6676, 0x6696, 0x6E96, 0x6E96, 0x6E96, 0x6697, 0x66B7, 0x66B7,
    0x66B8, 0x5EB8, 0x5ED8, 0x5ED9, 0x66F9, 0x6EFA, 0x6F1A, 0x771A, 0x7F1B, 0x7F1B, 0x86FB, 0x86FB, 0x8EFB, 0x8EFB, 0x8EFB, 0x96FB,
    0x0060, 0x0060, 0x0060, 0x0061, 0x0061, 0x0061, 0x0062, 0x0062, 0x0083, 0x0084, 0x0065, 0x0086, 0x0087, 0x0089, 0x008B, 0x008D,
    0x006F, 0x0070, 0x0072, 0x0073, 0x0075, 0x0076, 0x0076, 0x0077, 0x0078, 0x0078, 0x0099, 0x009A, 0x009A, 0x009B, 0x00BB, 0x00BC,
    0x0081, 0x0081, 0x0081, 0x0081, 0x0081, 0x0081, 0x0082, 0x0082, 0x0083, 0x0084, 0x0085, 0x0086, 0x0088, 0x0089, 0x008B, 0x008D,
    0x008F, 0x0091, 0x0092, 0x0073, 0x0074, 0x0076, 0x0076, 0x0097, 0x0098, 0x0098, 0x0099, 0x009A, 0x009A, 0x00BB, 0x00BB, 0x00BC,
    0x0080, 0x0080, 0x0081, 0x0081, 0x0081, 0x0081, 0x0082, 0x0082, 0x0083, 0x0084, 0x0085, 0x0086, 0x0088, 0x0089, 0x008B, 0x008D,
    0x008F, 0x0091, 0x0092, 0x0093, 0x0094, 0x0095, 0x0096, 0x0097, 0x0098, 0x0098, 0x0099, 0x00BA, 0x00BA, 0x00BB, 0x00DB, 0x00DC,
    0x0080, 0x0081, 0x0081, 0x0081, 0x0081, 0x00A2, 0x00A2, 0x00A3, 0x00A3, 0x00A4, 0x00A5, 0x00A6, 0x00A8, 0x00A9, 0x00AB, 0x00AD,
    0x00AF, 0x00B1, 0x00B2, 0x00B3, 0x0095, 0x00B6, 0x00B6, 0x00B7, 0x00B8, 0x00B8, 0x00B9, 0x00BA, 0x00BA, 0x00DB, 0x00DB, 0x00FC,
    0x00A1, 0x00A1, 0x00A1, 0x00A1, 0x00A1, 0x00A2, 0x00C2, 0x00A3, 0x00A3, 0x00C4, 0x00A5, 0x00A7, 0x00A8, 0x00AA, 0x00AB, 0x00AD,
    0x00AF, 0x00B1, 0x00B2, 0x00B4, 0x00B5, 0x00B6, 0x00B6, 0x00D7, 0x00D8, 0x00D8, 0x00D9, 0x00DA, 0x00DA, 0x00DB, 0x00FB, 0x011C,
    0x00A1, 0x00A1, 0x00A1, 0x00C1, 0x00C2, 0x00C2, 0x00C2, 0x00C3, 0x00C4, 0x00C4, 0x00E6, 0x00C7, 0x00C8, 0x00CA, 0x00CC, 0x00CE,
    0x00D0, 0x00D1, 0x00D2, 0x00D3, 0x00D5, 0x00D6, 0x00D6, 0x00D7, 0x00D8, 0x00D8, 0x00F9, 0x00FA, 0x00FA, 0x00FB, 0x011B, 0x013C,
    0x00C1, 0x00C1, 0x00C1, 0x00C2, 0x00E2, 0x00E2, 0x00E3, 0x00E3, 0x00E4, 0x0105, 0x0106, 0x0107, 0x0109, 0x010A, 0x010C, 0x00EE,
    0x00F0, 0x00F1, 0x00F3, 0x00F4, 0x00F5, 0x00F6, 0x00F6, 0x0117, 0x0118, 0x0118, 0x0119, 0x011A, 0x013A, 0x013B, 0x015B, 0x015C,
    0x00E1, 0x00E1, 0x00E2, 0x00E2, 0x00E2, 0x0103, 0x0103, 0x0103, 0x0104, 0x0125, 0x0126, 0x0148, 0x0149, 0x014B, 0x014D, 0x014E,
    0x0150, 0x0132, 0x0133, 0x0134, 0x0135, 0x0136, 0x0137, 0x0137, 0x0138, 0x0139, 0x0159, 0x015A, 0x015A, 0x017B, 0x017B, 0x019C,
    0x00E1, 0x0102, 0x0102, 0x0102, 0x0122, 0x0123, 0x0123, 0x0124, 0x0144, 0x0145, 0x0167, 0x0168, 0x018A, 0x018B, 0x018D, 0x01AF,
    0x0190, 0x0192, 0x0193, 0x0174, 0x0175, 0x0176, 0x0176, 0x0177, 0x0178, 0x0179, 0x0199, 0x019A, 0x019A, 0x019B, 0x01BB, 0x01DC,
    0x0102, 0x0122, 0x0122, 0x0122, 0x0143, 0x0144, 0x0164, 0x0164, 0x0165, 0x0186, 0x0187, 0x01A9, 0x01CA, 0x01EC, 0x01ED, 0x01EF,
    0x0211, 0x0212, 0x01F3, 0x01F4, 0x01D5, 0x01D6, 0x01B7, 0x01B7, 0x01B8, 0x01B9, 0x01D9, 0x01DA, 0x01DA, 0x01DB, 0x01FB, 0x021C,
    0x0142, 0x0142, 0x0143, 0x0163, 0x0163, 0x0184, 0x01A4, 0x01A5, 0x01C6, 0x01A6, 0x01C8, 0x01E9, 0x020A, 0x022C, 0x024E, 0x024F,
    0x0271, 0x0272, 0x0273, 0x0254, 0x0255, 0x0256, 0x0257, 0x0237, 0x0218, 0x0219, 0x0239, 0x021A, 0x021A, 0x023B, 0x023B, 0x027C,
    0x0163, 0x0183, 0x0183, 0x0183, 0x01A4, 0x01C4, 0x01E5, 0x0206, 0x0227, 0x0228, 0x0228, 0x024A, 0x026B, 0x026D, 0x028E, 0x02B0,
    0x02D1, 0x02D2, 0x02D3, 0x02D4, 0x02D5, 0x02D6, 0x02B7, 0x02B7, 0x0298, 0x0298, 0x0299, 0x029A, 0x029A, 0x029B, 0x029B, 0x02BC,
    0x01A3, 0x01C3, 0x01C4, 0x01E4, 0x01E4, 0x0205, 0x0226, 0x0247, 0x0288, 0x02A9, 0x02AA, 0x02AB, 0x02AC, 0x02CD, 0x02CE, 0x0310,
    0x0331, 0x0332, 0x0333, 0x0335, 0x0335, 0x0336, 0x0337, 0x0337, 0x0318, 0x0319, 0x0319, 0x031A, 0x031A, 0x02FB, 0x02FB, 0x031C,
    0x0204, 0x0204, 0x0204, 0x0224, 0x0245, 0x0266, 0x0287, 0x02A7, 0x02C8, 0x030A, 0x032B, 0x032C, 0x032D, 0x032E, 0x0350, 0x0371,
    0x0392, 0x0393, 0x03B4, 0x03B5, 0x03B6, 0x03B6, 0x03B7, 0x03B7, 0x03B8, 0x03B9, 0x03B9, 0x03BA, 0x03BA, 0x03BB, 0x03BB, 0x03BC,
    0x0244, 0x0244, 0x0245, 0x0265, 0x0286, 0x02A6, 0x02C7, 0x02E8, 0x0329, 0x036A, 0x03AC, 0x03AD, 0x038E, 0x038E, 0x03B0, 0x03B1,
    0x03D2, 0x03D3, 0x03F4, 0x03F5, 0x03F6, 0x03F6, 0x03F7, 0x03F7, 0x0418, 0x0419, 0x0C39, 0x1C1A, 0x0C1A, 0x041B, 0x03FB, 0x0C1C,
    0x0285, 0x02A5, 0x02A5, 0x02A6, 0x02C6, 0x0307, 0x0328, 0x0349, 0x036A, 0x03AB, 0x03EC, 0x040E, 0x042F, 0x040F, 0x03F0, 0x0411,
    0x0412, 0x0413, 0x0434, 0x0435, 0x0436, 0x0456, 0x0457, 0x0457, 0x0458, 0x0478, 0x0C79, 0x2479, 0x247A, 0x247A, 0x247B, 0x247C,
    0x02C5, 0x02E5, 0x02E6, 0x0306, 0x0327, 0x0348, 0x0368, 0x0389, 0x03CA, 0x03EB, 0x042D, 0x046E, 0x0490, 0x0471, 0x0451, 0x0472,
    0x0473, 0x0473, 0x0474, 0x0475, 0x0476, 0x0496, 0x0497, 0x0497, 0x0498, 0x04B8, 0x0CB9, 0x24D9, 0x2CDA, 0x34DA, 0x3CDB, 0x3CFC,
    0x0326, 0x0326, 0x0347, 0x0347, 0x0368, 0x0388, 0x03A9, 0x03CA, 0x040B, 0x042C, 0x046D, 0x048F, 0x04D0, 0x04D2, 0x04D2, 0x04B2,
    0x04B3, 0x04B4, 0x04B4, 0x04B5, 0x04B6, 0x04D6, 0x04B7, 0x04D7, 0x04D8, 0x04D8, 0x0CF9, 0x24F9, 0x2CFA, 0x351A, 0x453B, 0x555B,
    0x0367, 0x0367, 0x0387, 0x03A8, 0x03A8, 0x03C9, 0x03E9, 0x040A, 0x042B, 0x044C, 0x048E, 0x04CF, 0x04F0, 0x0512, 0x0513, 0x0513,
    0x04F3, 0x04F4, 0x04F4, 0x04D5, 0x04F6, 0x04F6, 0x04F7, 0x04F7, 0x04F8, 0x0518, 0x0D39, 0x1D39, 0x253A, 0x355A, 0x3D5B, 0x4D7B,
    0x03C8, 0x03E8, 0x03E8, 0x0409, 0x0409, 0x042A, 0x044A, 0x046B, 0x048C, 0x04AD, 0x04CE, 0x050F, 0x0531, 0x0532, 0x0553, 0x0554,
    0x0D54, 0x1D34, 0x2535, 0x2535, 0x2536, 0x2536, 0x2D37, 0x2D37, 0x2D58, 0x2D58, 0x3579, 0x3579, 0x357A, 0x3D9A, 0x45BB, 0x55BB,
    0x0428, 0x0429, 0x0449, 0x0449, 0x046A, 0x046B, 0x048B, 0x04AC, 0x04CD, 0x04EE, 0x050F, 0x0530, 0x0551, 0x0552, 0x0573, 0x0D94,
    0x1D75, 0x3575, 0x3D55, 0x3D56, 0x4556, 0x4557, 0x4557, 0x4577, 0x4578, 0x4579, 0x4599, 0x459A, 0x45BA, 0x45DA, 0x4DDB, 0x55FB,
    0x0469, 0x0469, 0x046A, 0x048A, 0x04AB, 0x04AB, 0x04CC, 0x04CD, 0x04ED, 0x050E, 0x052F, 0x0550, 0x0551, 0x0572, 0x0593, 0x15B4,
    0x2DB5, 0x3D96, 0x4596, 0x4D96, 0x4D76, 0x5577, 0x5597, 0x4D97, 0x4D98, 0x4D99, 0x4DB9, 0x4DD9, 0x4DDA, 0x4DFA, 0x4E1B, 0x561B,
    0x04AA, 0x04AA, 0x04AA, 0x04CB, 0x04EB, 0x04EC, 0x04ED, 0x050D, 0x052E, 0x052F, 0x0550, 0x0571, 0x0571, 0x0592, 0x0593, 0x1DB4,
    0x35D5, 0x45D6, 0x4DB6, 0x55B6, 0x5DB6, 0x5D97, 0x5DB7, 0x5DB8, 0x55B8, 0x5DB8, 0x5DD9, 0x55FA, 0x55FA, 0x561A, 0x563B, 0x563B,
    0x04EB, 0x04EB, 0x04EB, 0x04EC, 0x050C, 0x050D, 0x052D, 0x052E, 0x054E, 0x054F, 0x0570, 0x0571, 0x0592, 0x05B3, 0x15B3, 0x2DD4,
    0x3DD5, 0x4DF6, 0x55F6, 0x5DD6, 0x65D7, 0x65D7, 0x65D7, 0x65D8, 0x5DD8, 0x5DF9, 0x5DF9, 0x5E1A, 0x5E1A, 0x5E1A, 0x5E3B, 0x5E5B,
    0x052C, 0x052C, 0x052C, 0x052C, 0x052D, 0x054E, 0x054E, 0x054E, 0x056F, 0x0570, 0x0591, 0x0591, 0x05B2, 0x05B3, 0x15D4, 0x2DD4,
    0x45F5, 0x4DF6, 0x5617, 0x5E17, 0x65F7, 0x6DF7, 0x6DF7, 0x6DF8, 0x65F8, 0x6619, 0x6619, 0x661A, 0x663A, 0x5E3A, 0x5E5B, 0x667B,
    0x054D, 0x054D, 0x054D, 0x054D, 0x056E, 0x056E, 0x056F, 0x058F, 0x0590, 0x0590, 0x05B1, 0x0DB2, 0x0DD2, 0x15D3, 0x25F4, 0x35F5,
    0x4615, 0x4E16, 0x5637, 0x6637, 0x6E38, 0x6E38, 0x7618, 0x7618, 0x6E18, 0x6E39, 0x6E39, 0x6E3A, 0x665A, 0x665B, 0x6E7B, 0x6E9C,
    0x058E, 0x058E, 0x058E, 0x058E, 0x058F, 0x058F, 0x05B0, 0x05B0, 0x05B1, 0x05B1, 0x15D2, 0x25D2, 0x2DD3, 0x35F3, 0x3DF4, 0x4615,
    0x4E36, 0x5636, 0x5E57, 0x6658, 0x6E78, 0x6E58, 0x7659, 0x7658, 0x7659, 0x7659, 0x765A, 0x767A, 0x767A, 0x767B, 0x769B, 0x769B,
    0x05AF, 0x05AF, 0x05AF, 0x05AF, 0x05B0, 0x05D0, 0x05D1, 0x05D1, 0x15D1, 0x1DD2, 0x2DF2, 0x2DF3, 0x35F3, 0x3E14, 0x3E14, 0x4635,
    0x4E36, 0x5656, 0x5E57, 0x6678, 0x6E78, 0x6E99, 0x7679, 0x7679, 0x7E79, 0x7E59, 0x7E79, 0x767A, 0x769A, 0x769B, 0x769B, 0x7E9B,
    0x05D0, 0x05D0, 0x05D0, 0x05D1, 0x0DD1, 0x1DF1, 0x25F1, 0x25F2, 0x2DF2, 0x3613, 0x3E13, 0x3E13, 0x4614, 0x4634, 0x4E35, 0x4E35,
    0x4E56, 0x5677, 0x5E77, 0x6678, 0x6E99, 0x6E99, 0x76B9, 0x7699, 0x7E99, 0x7E9A, 0x7E9A, 0x7E9A, 0x7E9A, 0x7EBB, 0x7EBB, 0x7EBC,
    0x1E11, 0x1E11, 0x1E12, 0x2612, 0x2E12, 0x3612, 0x3E13, 0x4613, 0x4613, 0x4E33, 0x4E34, 0x4E34, 0x4E35, 0x4E55, 0x5656, 0x5656,
    0x5676, 0x5677, 0x5E98, 0x6698, 0x66B9, 0x6EB9, 0x76DA, 0x76DA, 0x7EBA, 0x7EBA, 0x7EBA, 0x7EBA, 0x7EBB, 0x7EBB, 0x86DB, 0x86DC,
    0x4633, 0x4633, 0x4633, 0x4633, 0x4E33, 0x5653, 0x5654, 0x5E54, 0x5E54, 0x5E54, 0x5E55, 0x5E75, 0x5E76, 0x5E76, 0x5E76, 0x5E96,
    0x5E97, 0x5EB8, 0x5EB8, 0x66B9, 0x66D9, 0x6ED9, 0x76FA, 0x76FA, 0x7EFA, 0x7EFA, 0x86DA, 0x86DB, 0x86DB, 0x86DB, 0x8EDB, 0x8EDC,
    0x5E75, 0x6675, 0x6674, 0x6675, 0x6675, 0x6675, 0x6E75, 0x6E75, 0x6E75, 0x6E96, 0x6E96, 0x6E96, 0x6E96, 0x6697, 0x66B7, 0x66B7,
    0x66B8, 0x5ED8, 0x5ED8, 0x5ED9, 0x66F9, 0x6EFA, 0x6F1A, 0x771A, 0x7F1B, 0x7F1B, 0x86FB, 0x86FB, 0x8EFB, 0x8EFB, 0x8EFC, 0x96FC,
    0x0060, 0x0060, 0x0060, 0x0061, 0x0061, 0x0081, 0x0062, 0x0062, 0x0083, 0x0084, 0x0065, 0x0066, 0x0087, 0x0089, 0x008B, 0x006D,
    0x006F, 0x0070, 0x0072, 0x0073, 0x0075, 0x0076, 0x0076, 0x0077, 0x0078, 0x0078, 0x0099, 0x009A, 0x009A, 0x009B, 0x00BC, 0x00BC,
    0x0081, 0x0081, 0x0081, 0x0881, 0x0881, 0x0082, 0x0082, 0x0082, 0x0083, 0x0084, 0x0085, 0x0086, 0x0088, 0x0089, 0x008B, 0x008D,
    0x008F, 0x0091, 0x0092, 0x0073, 0x0074, 0x0075, 0x0076, 0x0077, 0x0078, 0x0098, 0x0099, 0x009A, 0x009A, 0x00BB, 0x00BB, 0x00BC,
    0x0080, 0x0081, 0x0081, 0x0081, 0x0081, 0x0082, 0x0082, 0x0082, 0x0083, 0x0084, 0x0085, 0x0086, 0x0088, 0x0089, 0x008B, 0x008D,
    0x008F, 0x0091, 0x0092, 0x0093, 0x0094, 0x0095, 0x0096, 0x0097, 0x0098, 0x0098, 0x0099, 0x00BA, 0x00BA, 0x00BB, 0x00DB, 0x00DC,
    0x0080, 0x0081, 0x0081, 0x0081, 0x00A1, 0x00A2, 0x00A2, 0x00A3, 0x00A3, 0x00A4, 0x00A5, 0x00A6, 0x00A8, 0x00A9, 0x00AB, 0x00AD,
    0x00AF, 0x00B1, 0x00B2, 0x0093, 0x0094, 0x00B5, 0x0096, 0x00B7, 0x00B8, 0x00B8, 0x00B9, 0x00BA, 0x00BA, 0x00DB, 0x00DB, 0x00FC,
    0x00A1, 0x00A1, 0x00A1, 0x00A1, 0x00A1, 0x00C2, 0x00C2, 0x00A3, 0x00A3, 0x00A4, 0x00C5, 0x00A7, 0x00A8, 0x00AA, 0x00AB, 0x00AD,
    0x00AF, 0x00B1, 0x00B2, 0x00B4, 0x00B5, 0x00B5, 0x00B6, 0x00D7, 0x00B8, 0x00B8, 0x00D9, 0x00DA, 0x00DA, 0x00DB, 0x00FB, 0x011C,
    0x00A1, 0x00A1, 0x00A1, 0x00A1, 0x00C2, 0x00C2, 0x00C2, 0x00C3, 0x00C4, 0x00C4, 0x00C6, 0x00C7, 0x00C9, 0x00CA, 0x00CC, 0x00CE,
    0x00D0, 0x00D1, 0x00D2, 0x00D3, 0x00D5, 0x00D6, 0x00D6, 0x00D7, 0x00D8, 0x00D8, 0x00F9, 0x00FA, 0x00FA, 0x00FB, 0x011B, 0x011C,
    0x00C1, 0x00C1, 0x00C1, 0x00C2, 0x00E2, 0x00E2, 0x00E3, 0x00E3, 0x00E4, 0x0105, 0x0106, 0x0107, 0x0109, 0x010A, 0x010C, 0x00EE,
    0x00F0, 0x00F1, 0x00F3, 0x00F4, 0x00F5, 0x00F6, 0x00F7, 0x00F7, 0x0118, 0x0118, 0x0119, 0x011A, 0x013A, 0x013B, 0x015B, 0x017C,
    0x00E1, 0x00E1, 0x00E2, 0x00E2, 0x00E2, 0x0102, 0x0103, 0x0103, 0x0104, 0x0125, 0x0126, 0x0148, 0x0149, 0x014B, 0x014D, 0x014E,
    0x0130, 0x0131, 0x0133, 0x0134, 0x0135, 0x0136, 0x0137, 0x0137, 0x0138, 0x0159, 0x0159, 0x015A, 0x015A, 0x017B, 0x017B, 0x01BC,
    0x00E1, 0x00E2, 0x0102, 0x0102, 0x0122, 0x0123, 0x0123, 0x0144, 0x0144, 0x0145, 0x0167, 0x0168, 0x018A, 0x018B, 0x018D, 0x018F,
    0x0190, 0x0192, 0x0193, 0x0174, 0x0175, 0x0176, 0x0177, 0x0177, 0x0178, 0x0179, 0x0199, 0x019A, 0x019A, 0x019B, 0x01BB, 0x01DC,
    0x0102, 0x0122, 0x0122, 0x0122, 0x0143, 0x0143, 0x0164, 0x0164, 0x0165, 0x0166, 0x01A7, 0x01A9, 0x01CA, 0x01EC, 0x01ED, 0x01EF,
    0x0211, 0x01F2, 0x01F3, 0x01D4, 0x01D5, 0x01D6, 0x01B7, 0x01B7, 0x01B8, 0x01B9, 0x01D9, 0x01DA, 0x01DA, 0x01FB, 0x01FC, 0x021C,
    0x0122, 0x0142, 0x0142, 0x0163, 0x0163, 0x0184, 0x01A4, 0x01C5, 0x01C6, 0x01C6, 0x01E8, 0x01E9, 0x020A, 0x022C, 0x024E, 0x0270,
    0x0271, 0x0272, 0x0253, 0x0254, 0x0255, 0x0256, 0x0257, 0x0237, 0x0218, 0x0219, 0x0239, 0x023A, 0x023A, 0x023B, 0x025B, 0x027C,
    0x0162, 0x0163, 0x0183, 0x0183, 0x01A4, 0x01C4, 0x01E5, 0x0206, 0x0227, 0x0228, 0x0228, 0x024A, 0x026B, 0x028D, 0x028E, 0x02B0,
    0x02D1, 0x02D2, 0x02B3, 0x02D4, 0x02D5, 0x02D6, 0x02B7, 0x02B7, 0x0298, 0x0298, 0x0299, 0x029A, 0x029A, 0x029B, 0x029B, 0x02BC,
    0x01A3, 0x01A3, 0x01C3, 0x01C4, 0x01E4, 0x0205, 0x0226, 0x0247, 0x0288, 0x02A9, 0x02AA, 0x02AB, 0x02AC, 0x02CD, 0x02EF, 0x0310,
    0x0331, 0x0332, 0x0333, 0x0334, 0x0335, 0x0336, 0x0336, 0x0337, 0x0318, 0x0318, 0x0319, 0x031A, 0x02FA, 0x02FB, 0x02FB, 0x031C,
    0x01E3, 0x0204, 0x0204, 0x0224, 0x0225, 0x0266, 0x0286, 0x02A7, 0x02C8, 0x030A, 0x034B, 0x032C, 0x032D, 0x032E, 0x0350, 0x0371,
    0x0372, 0x0393, 0x03B4, 0x03B5, 0x03B6, 0x03B6, 0x03B7, 0x03B7, 0x03B8, 0x03B9, 0x03B9, 0x03BA, 0x039A, 0x039B, 0x03BB, 0x03BC,
    0x0224, 0x0244, 0x0244, 0x0265, 0x0285, 0x02A6, 0x02C7, 0x02E8, 0x0329, 0x036A, 0x03AC, 0x03AD, 0x03AE, 0x038E, 0x03B0, 0x03B1,
    0x03D2, 0x03D3, 0x03F4, 0x03F5, 0x03F6, 0x03F6, 0x03F7, 0x03F7, 0x0418, 0x0C18, 0x1C39, 0x1C1A, 0x141A, 0x0BFB, 0x0BFB, 0x141C,
    0x0285, 0x0285, 0x02A5, 0x02A5, 0x02C6, 0x02E7, 0x0308, 0x0348, 0x0369, 0x03AB, 0x03EC, 0x040E, 0x042F, 0x040F, 0x03F0, 0x0411,
    0x0413, 0x0433, 0x0434, 0x0435, 0x0436, 0x0456, 0x0457, 0x0457, 0x0458, 0x0C78, 0x1C79, 0x2C79, 0x2C7A, 0x2C7A, 0x247B, 0x2C7C,
    0x02C5, 0x02E5, 0x02E6, 0x0306, 0x0327, 0x0348, 0x0368, 0x0389, 0x03AA, 0x03EB, 0x042D, 0x044E, 0x0490, 0x0471, 0x0471, 0x0472,
    0x0473, 0x0474, 0x0474, 0x0475, 0x0476, 0x0496, 0x0497, 0x0497, 0x0498, 0x04B8, 0x1CB9, 0x2CD9, 0x34DA, 0x3CDA, 0x3CDB, 0x44DC,
    0x0326, 0x0326, 0x0326, 0x0347, 0x0367, 0x0388, 0x03A9, 0x03CA, 0x03EB, 0x042C, 0x044D, 0x048F, 0x04D0, 0x04F2, 0x04D2, 0x04B2,
    0x04B3, 0x04B4, 0x04B4, 0x04B5, 0x04B6, 0x04D6, 0x04D7, 0x04D7, 0x04D8, 0x04D8, 0x14F9, 0x2CF9, 0x351A, 0x3D1A, 0x453B, 0x555B,
    0x0367, 0x0367, 0x0387, 0x0388, 0x03A8, 0x03C9, 0x03EA, 0x040A, 0x042B, 0x046C, 0x048E, 0x04CF, 0x04F0, 0x0512, 0x0513, 0x0513,
    0x04F3, 0x04F4, 0x04F4, 0x04F5, 0x04F6, 0x04F6, 0x04F7, 0x04F7, 0x04F8, 0x0D18, 0x1D39, 0x2539, 0x2D3A, 0x355A, 0x455B, 0x557B,
    0x03C8, 0x03C8, 0x03E8, 0x03E8, 0x0409, 0x042A, 0x044A, 0x046B, 0x048C, 0x04AD, 0x04CE, 0x04EF, 0x0511, 0x0532, 0x0553, 0x0554,
    0x1554, 0x2534, 0x2535, 0x2535, 0x2D36, 0x2D36, 0x2D37, 0x2D37, 0x2D58, 0x3559, 0x3579, 0x3D7A, 0x3D7A, 0x459A, 0x4DBB, 0x55BB,
    0x0428, 0x0428, 0x0429, 0x0449, 0x044A, 0x046A, 0x048B, 0x04AC, 0x04CD, 0x04EE, 0x050F, 0x0530, 0x0551, 0x0552, 0x0573, 0x0D94,
    0x2575, 0x3575, 0x3D55, 0x4556, 0x4556, 0x4557, 0x4557, 0x4578, 0x4578, 0x4599, 0x4599, 0x459A, 0x45BA, 0x45DA, 0x4DDB, 0x55FB,
    0x0469, 0x0469, 0x046A, 0x048A, 0x048A, 0x04AB, 0x04CC, 0x04CD, 0x04ED, 0x050E, 0x052F, 0x0550, 0x0551, 0x0572, 0x0593, 0x1DB4,
    0x35B5, 0x45B6, 0x4D96, 0x4D96, 0x5576, 0x5577, 0x5597, 0x5598, 0x5598, 0x5599, 0x55B9, 0x4DDA, 0x4DDA, 0x4DFA, 0x4E1B, 0x561B,
    0x04AA, 0x04AA, 0x04AA, 0x04AB, 0x04CB, 0x04EC, 0x04ED, 0x050D, 0x050E, 0x052F, 0x0550, 0x0551, 0x0571, 0x0592, 0x0D93, 0x25B4,
    0x3DD5, 0x4DD6, 0x55B6, 0x5DB6, 0x5DB6, 0x5DB7, 0x5DB7, 0x5DB8, 0x5DB8, 0x5DB9, 0x5DD9, 0x5DFA, 0x55FA, 0x561B, 0x563B, 0x563B,
    0x04EB, 0x04EB, 0x04EB, 0x04EB, 0x050C, 0x050D, 0x052D, 0x052E, 0x054E, 0x054F, 0x0570, 0x0571, 0x0592, 0x05B3, 0x1DB3, 0x35D4,
    0x45D5, 0x4DF6, 0x55F6, 0x5DD6, 0x65D7, 0x65D7, 0x65D7, 0x65D8, 0x65D8, 0x65F9, 0x65F9, 0x5E1A, 0x5E1A, 0x5E3A, 0x5E5B, 0x665B,
    0x050C, 0x052C, 0x052C, 0x052C, 0x052D, 0x054D, 0x054E, 0x054E, 0x056F, 0x0570, 0x0590, 0x0591, 0x05B2, 0x05B3, 0x1DD3, 0x35D4,
    0x45F5, 0x4DF6, 0x5617, 0x6617, 0x65F7, 0x6DF7, 0x6DF7, 0x6DF8, 0x6DF8, 0x6E19, 0x6619, 0x661A, 0x663A, 0x5E3A, 0x665B, 0x667B,
    0x054D, 0x054D, 0x054D, 0x054D, 0x056E, 0x056E, 0x056F, 0x056F, 0x0590, 0x0590, 0x05B1, 0x0DB2, 0x15D2, 0x1DD3, 0x2DF4, 0x3DF4,
    0x4615, 0x5616, 0x5E37, 0x6637, 0x6E38, 0x6E38, 0x7618, 0x7618, 0x7618, 0x6E39, 0x6E39, 0x6E3A, 0x6E5A, 0x6E7B, 0x6E7B, 0x6E9B,
    0x058E, 0x058E, 0x058E, 0x058E, 0x058F, 0x058F, 0x05B0, 0x05B0, 0x05B1, 0x05B1, 0x1DD2, 0x25D2, 0x2DD3, 0x35F3, 0x3DF4, 0x4615,
    0x4E16, 0x5636, 0x5E57, 0x6658, 0x6E58, 0x7658, 0x7658, 0x7658, 0x7659, 0x7659, 0x765A, 0x767A, 0x767A, 0x769B, 0x769B, 0x769B,
    0x05AF, 0x05AF, 0x05AF, 0x05AF, 0x05B0, 0x05B0, 0x05D1, 0x0DD1, 0x15D1, 0x25D2, 0x2DF2, 0x35F3, 0x3DF3, 0x3E14, 0x4614, 0x4635,
    0x4E36, 0x5656, 0x5E57, 0x6678, 0x6E78, 0x7699, 0x7679, 0x7679, 0x7E79, 0x7E59, 0x7E79, 0x767A, 0x769A, 0x769B, 0x769B, 0x7E9C,
    0x05D0, 0x05D0, 0x05D0, 0x05D0, 0x0DD1, 0x1DF1, 0x25F1, 0x2DF2, 0x2DF2, 0x3613, 0x3E13, 0x4613, 0x4614, 0x4614, 0x4E35, 0x4E35,
    0x4E56, 0x5677, 0x5E77, 0x6678, 0x6E99, 0x6EB9, 0x76B9, 0x7E99, 0x7E99, 0x7E9A, 0x7E9A, 0x7E9A, 0x7E9B, 0x7EBB, 0x7EBB, 0x86BB,
    0x1E11, 0x1E11, 0x1E11, 0x1E12, 0x2612, 0x3612, 0x4612, 0x4613, 0x4633, 0x4E34, 0x4E34, 0x5634, 0x5635, 0x5655, 0x5655, 0x5656,
    0x5676, 0x5697, 0x5E98, 0x6698, 0x66B9, 0x6EB9, 0x76DA, 0x7EDA, 0x7EBA, 0x7EBA, 0x86BA, 0x86BA, 0x7EBB, 0x86BB, 0x86DB, 0x86DB,
    0x4633, 0x4633, 0x4633, 0x4633, 0x4E33, 0x5653, 0x5654, 0x5E54, 0x5E54, 0x5E55, 0x5E55, 0x5E75, 0x5E75, 0x5E76, 0x5E76, 0x5E97,
    0x5E97, 0x5EB8, 0x5EB8, 0x66B8, 0x66D9, 0x6EDA, 0x76FA, 0x76FA, 0x7EFA, 0x7EFA, 0x86DB, 0x86DA, 0x86DB, 0x86DB, 0x8EDB, 0x8EDC,
    0x6675, 0x6675, 0x6674, 0x6674, 0x6675, 0x6675, 0x6E75, 0x6E75, 0x6E76, 0x6E96, 0x6E96, 0x6E96, 0x6E96, 0x6E97, 0x66B7, 0x66B7,
    0x66D8, 0x66D8, 0x5ED9, 0x66D9, 0x66F9, 0x6F1A, 0x6F1A, 0x771B, 0x7F1B, 0x7F1B, 0x871B, 0x86FB, 0x8EFB, 0x8EFB, 0x8EFB, 0x96FC,
    0x0860, 0x0860, 0x0861, 0x0861, 0x0881, 0x0861, 0x0862, 0x0882, 0x0883, 0x0864, 0x0085, 0x0066, 0x0067, 0x0069, 0x008B, 0x006D,
    0x006F, 0x0071, 0x0072, 0x0073, 0x0075, 0x0056, 0x0076, 0x0077, 0x0078, 0x0078, 0x0079, 0x007A, 0x007A, 0x009B, 0x009B, 0x00BC,
    0x0881, 0x0881, 0x0881, 0x0881, 0x0881, 0x0881, 0x0882, 0x0882, 0x0883, 0x0084, 0x0085, 0x0086, 0x0088, 0x0089, 0x008B, 0x006D,
    0x006F, 0x0070, 0x0072, 0x0074, 0x0075, 0x0076, 0x0076, 0x0077, 0x0078, 0x0098, 0x0099, 0x009A, 0x009A, 0x009B, 0x00BB, 0x00BC,
    0x0081, 0x0881, 0x0881, 0x0881, 0x0881, 0x0881, 0x0882, 0x0882, 0x0883, 0x0084, 0x0085, 0x0086, 0x0088, 0x0089, 0x008B, 0x008D,
    0x008F, 0x0091, 0x0092, 0x0094, 0x0095, 0x0096, 0x0096, 0x0097, 0x0098, 0x0098, 0x0099, 0x00BA, 0x00BA, 0x00BB, 0x00BB, 0x00DC,
    0x0081, 0x0881, 0x0881, 0x08A1, 0x08A1, 0x08A1, 0x08A2, 0x08A3, 0x00A3, 0x00A4, 0x00A5, 0x00A6, 0x00A8, 0x00AA, 0x00AB, 0x008D,
    0x008F, 0x0091, 0x0092, 0x0094, 0x0095, 0x00B6, 0x0096, 0x00B7, 0x0098, 0x0098, 0x00B9, 0x00BA, 0x00BA, 0x00BB, 0x00DB, 0x00FC,
    0x00A1, 0x00A1, 0x08A1, 0x08A1, 0x08A1, 0x08A2, 0x08A2, 0x08A3, 0x00A3, 0x00A4, 0x00A5, 0x00A7, 0x00A8, 0x00AA, 0x00AC, 0x00AD,
    0x00AF, 0x00B1, 0x00B2, 0x00B4, 0x00B5, 0x00B6, 0x00B6, 0x00B7, 0x00B8, 0x00B8, 0x00D9, 0x00DA, 0x00DA, 0x00DB, 0x00FB, 0x00FC,
    0x00A1, 0x00A1, 0x00A1, 0x08A1, 0x08C2, 0x08C2, 0x08C2, 0x08C3, 0x00C4, 0x00C4, 0x00C6, 0x00C7, 0x00C9, 0x00CA, 0x00CC, 0x00CE,
    0x00CF, 0x00D1, 0x00D2, 0x00D4, 0x00D5, 0x00D6, 0x00D6, 0x00D7, 0x00D8, 0x00D8, 0x00D9, 0x00FA, 0x00FA, 0x00FB, 0x011B, 0x011C,
    0x00C1, 0x00C1, 0x00C1, 0x08C1, 0x08E2, 0x08E2, 0x08E3, 0x08E3, 0x00E4, 0x0104, 0x0106, 0x0108, 0x0109, 0x00EB, 0x00EC, 0x00EE,
    0x00F0, 0x00F1, 0x00F3, 0x00F4, 0x00F5, 0x00F6, 0x00F7, 0x00F7, 0x0118, 0x0118, 0x0119, 0x011A, 0x011A, 0x013B, 0x015B, 0x017C,
    0x00C1, 0x00C1, 0x00E1, 0x08E2, 0x0902, 0x0902, 0x0903, 0x0903, 0x0124, 0x0125, 0x0126, 0x0128, 0x0149, 0x014B, 0x012C, 0x012E,
    0x0130, 0x0132, 0x0133, 0x0114, 0x0135, 0x0136, 0x0137, 0x0137, 0x0138, 0x0158, 0x0159, 0x015A, 0x015A, 0x017B, 0x017B, 0x019C,
    0x00E1, 0x00E1, 0x0102, 0x0102, 0x0922, 0x0923, 0x0943, 0x0944, 0x0145, 0x0145, 0x0167, 0x0168, 0x018A, 0x018B, 0x018D, 0x018F,
    0x0191, 0x0192, 0x0173, 0x0174, 0x0175, 0x0176, 0x0177, 0x0177, 0x0178, 0x0178, 0x0199, 0x019A, 0x019A, 0x01BB, 0x01BC, 0x01DC,
    0x0102, 0x0122, 0x0122, 0x0122, 0x0923, 0x0943, 0x0164, 0x0185, 0x0185, 0x0166, 0x01A7, 0x01A9, 0x01CA, 0x01EC, 0x01ED, 0x01EF,
    0x01F1, 0x01F2, 0x01D3, 0x01D4, 0x01D5, 0x01B6, 0x01B7, 0x01B7, 0x01B8, 0x01B9, 0x01BA, 0x01DA, 0x01DA, 0x01FB, 0x021B, 0x021C,
    0x0122, 0x0142, 0x0142, 0x0143, 0x0163, 0x0184, 0x01A4, 0x01C5, 0x01C6, 0x01C6, 0x01E8, 0x0209, 0x020B, 0x022C, 0x024E, 0x026F,
    0x0271, 0x0272, 0x0253, 0x0254, 0x0255, 0x0236, 0x0237, 0x0237, 0x0218, 0x0219, 0x0239, 0x023A, 0x023A, 0x023B, 0x025B, 0x027C,
    0x0162, 0x0162, 0x0183, 0x0183, 0x0184, 0x01A4, 0x01E5, 0x0206, 0x0227, 0x0248, 0x0248, 0x024A, 0x026B, 0x028D, 0x028E, 0x02B0,
    0x02D1, 0x02D2, 0x02B3, 0x02B4, 0x02D5, 0x02B6, 0x02B7, 0x0297, 0x0298, 0x0298, 0x0299, 0x029A, 0x029A, 0x029B, 0x029B, 0x02BC,
    0x01A2, 0x01A3, 0x01A3, 0x01C4, 0x01E4, 0x0205, 0x0226, 0x0246, 0x0268, 0x02A9, 0x02AA, 0x02AB, 0x02AC, 0x02CD, 0x02EF, 0x0310,
    0x0331, 0x0333, 0x0334, 0x0334, 0x0335, 0x0336, 0x0337, 0x0337, 0x0318, 0x0318, 0x0319, 0x031A, 0x02FA, 0x02FB, 0x02FB, 0x031C,
    0x01E3, 0x01E4, 0x0204, 0x0204, 0x0225, 0x0265, 0x0286, 0x02A7, 0x02C8, 0x030A, 0x034B, 0x034C, 0x032C, 0x032E, 0x0350, 0x0371,
    0x0372, 0x0393, 0x03B4, 0x0395, 0x0396, 0x03B6, 0x03B7, 0x03B7, 0x03B8, 0x03B9, 0x03B9, 0x03BA, 0x039A, 0x039B, 0x039C, 0x039C,
    0x0224, 0x0224, 0x0244, 0x0265, 0x0265, 0x02A6, 0x02C7, 0x02E8, 0x0329, 0x036A, 0x03AC, 0x03CD, 0x03AE, 0x038E, 0x03B0, 0x03D1,
    0x03D2, 0x03D3, 0x03D4, 0x03F5, 0x03F5, 0x03F6, 0x0417, 0x0417, 0x0418, 0x0C18, 0x2439, 0x2419, 0x1C1A, 0x141B, 0x141B, 0x1C1C,
    0x0284, 0x0285, 0x0285, 0x02A5, 0x02C6, 0x02E7, 0x0308, 0x0348, 0x0369, 0x03AB, 0x03EC, 0x040E, 0x042F, 0x040F, 0x0410, 0x0411,
    0x0412, 0x0433, 0x0434, 0x0435, 0x0436, 0x0456, 0x0457, 0x0457, 0x0458, 0x1458, 0x2C79, 0x3479, 0x347A, 0x347A, 0x2C7B, 0x2C7C,
    0x02C5, 0x02C5, 0x02C6, 0x02E6, 0x0307, 0x0327, 0x0368, 0x0389, 0x03AA, 0x03EB, 0x040D, 0x044E, 0x0470, 0x0491, 0x0471, 0x0472,
    0x0473, 0x0474, 0x0474, 0x0475, 0x0476, 0x0496, 0x0497, 0x0497, 0x0498, 0x0CB8, 0x24B9, 0x34D9, 0x3CDA, 0x44DA, 0x44DB, 0x44DC,
    0x0305, 0x0306, 0x0326, 0x0347, 0x0347, 0x0388, 0x03A9, 0x03CA, 0x03EB, 0x040C, 0x044D, 0x048F, 0x04D0, 0x04F1, 0x04D2, 0x04B2,
    0x04B3, 0x04B4, 0x04B4, 0x04B5, 0x04B6, 0x04D6, 0x04D7, 0x04D7, 0x04D8, 0x0CF8, 0x24F9, 0x34FA, 0x3D1A, 0x3D1A, 0x4D3B, 0x555C,
    0x0366, 0x0367, 0x0367, 0x0387, 0x03A8, 0x03C9, 0x03EA, 0x040A, 0x042B, 0x046C, 0x048D, 0x04CF, 0x04F0, 0x0512, 0x0513, 0x0513,
    0x04F3, 0x04F4, 0x04F4, 0x04D5, 0x0CF6, 0x1CF6, 0x14F7, 0x0D17, 0x1518, 0x1D18, 0x2539, 0x2D3A, 0x353A, 0x3D5A, 0x455B, 0x557B,
    0x03C7, 0x03C8, 0x03C8, 0x03E8, 0x03E9, 0x042A, 0x044A, 0x046B, 0x048C, 0x048D, 0x04CE, 0x04EF, 0x0511, 0x0532, 0x0553, 0x0D54,
    0x1D54, 0x2D34, 0x2D35, 0x2D35, 0x3536, 0x3536, 0x3537, 0x3558, 0x3558, 0x3559, 0x3D79, 0x3D7A, 0x457A, 0x459A, 0x4DBB, 0x5DBB,
    0x0408, 0x0428, 0x0429, 0x0429, 0x0449, 0x046A, 0x048B, 0x04AC, 0x04AD, 0x04CE, 0x04EF, 0x0510, 0x0531, 0x0552, 0x0573, 0x1D74,
    0x2D75, 0x3D75, 0x4555, 0x4556, 0x4D56, 0x4D57, 0x4D57, 0x4D78, 0x4D78, 0x4D99, 0x4D99, 0x4D9A, 0x45BA, 0x4DDA, 0x4DDB, 0x5DFB,
    0x0449, 0x0449, 0x0469, 0x046A, 0x048A, 0x04AB, 0x04CC, 0x04CC, 0x04ED, 0x050E, 0x052F, 0x0530, 0x0551, 0x0572, 0x0593, 0x2594,
    0x3DB5, 0x45B6, 0x4D96, 0x5596, 0x5596, 0x5597, 0x5597, 0x5598, 0x5598, 0x55B9, 0x55B9, 0x55BA, 0x4DDA, 0x4DFA, 0x55FB, 0x563B,
    0x0489, 0x04AA, 0x04AA, 0x04AB, 0x04CB, 0x04CC, 0x04EC, 0x050D, 0x050D, 0x052F, 0x054F, 0x0550, 0x0571, 0x0572, 0x1D93, 0x2DB4,
    0x45D5, 0x4DD6, 0x55B6, 0x5DB6, 0x65B6, 0x65B7, 0x65B7, 0x5DB8, 0x5DB8, 0x5DD9, 0x5DD9, 0x5DFA, 0x5DFA, 0x561A, 0x563B, 0x5E5B,
    0x04CA, 0x04EB, 0x04EB, 0x04EB, 0x050C, 0x050C, 0x052D, 0x052D, 0x054E, 0x054F, 0x0550, 0x0571, 0x0591, 0x0DB2, 0x25B3, 0x35B4,
    0x45D5, 0x55F6, 0x5DF6, 0x65F7, 0x65D7, 0x6DD7, 0x6DD7, 0x65D8, 0x65D8, 0x65F9, 0x65F9, 0x5E1A, 0x5E1A, 0x5E3A, 0x5E5B, 0x665B,
    0x050B, 0x050C, 0x050C, 0x052C, 0x052D, 0x054D, 0x054E, 0x054E, 0x054F, 0x0570, 0x0570, 0x0591, 0x0DB2, 0x15B3, 0x25D3, 0x3DD4,
    0x45F5, 0x55F6, 0x5E17, 0x6617, 0x6DF7, 0x6DF7, 0x6DF7, 0x6DF8, 0x6DF8, 0x6DF9, 0x6E19, 0x663A, 0x663A, 0x665A, 0x665B, 0x667B,
    0x054C, 0x054D, 0x054D, 0x054D, 0x054D, 0x056E, 0x056F, 0x056F, 0x0570, 0x0590, 0x0D91, 0x15B2, 0x1DB2, 0x25D3, 0x35D3, 0x3DF5,
    0x4E15, 0x5616, 0x5E37, 0x6637, 0x6E38, 0x6E38, 0x7618, 0x7618, 0x7618, 0x7619, 0x7639, 0x6E5A, 0x6E5A, 0x6E5B, 0x6E7B, 0x6E9B,
    0x058D, 0x058E, 0x058E, 0x058E, 0x058E, 0x058F, 0x0590, 0x0590, 0x05B0, 0x0DB1, 0x1DD2, 0x2DD2, 0x35D3, 0x3DF3, 0x45F4, 0x4615,
    0x4E16, 0x5636, 0x5E37, 0x6E57, 0x6E58, 0x7658, 0x7658, 0x7658, 0x7E59, 0x7E59, 0x7659, 0x765A, 0x767A, 0x767B, 0x769B, 0x769B,
    0x05AF, 0x05AF, 0x05AF, 0x05AF, 0x05AF, 0x05D0, 0x0DD0, 0x15D1, 0x1DD1, 0x25D2, 0x35F2, 0x35F3, 0x3DF3, 0x4614, 0x4615, 0x4E35,
    0x4E36, 0x5656, 0x5E57, 0x6678, 0x6E78, 0x7679, 0x7679, 0x7679, 0x7E79, 0x7E59, 0x7E7A, 0x7E7A, 0x7E9A, 0x7E9B, 0x7EBB, 0x7EBB,
    0x05D0, 0x05D0, 0x05D0, 0x05D0, 0x05D0, 0x1DF1, 0x25F1, 0x2DF2, 0x35F2, 0x3DF2, 0x4613, 0x4613, 0x4E14, 0x4E14, 0x4E35, 0x5635,
    0x5656, 0x5656, 0x5E77, 0x6698, 0x6E98, 0x6EB9, 0x76B9, 0x7699, 0x7E9A, 0x7E9A, 0x7E9A, 0x7E9A, 0x7EBB, 0x7EBB, 0x7EBB, 0x86BB,
    0x1E11, 0x1E11, 0x1E11, 0x1E11, 0x25F2, 0x3612, 0x4612, 0x4613, 0x4E33, 0x4E33, 0x5634, 0x5634, 0x5635, 0x5635, 0x5655, 0x5E76,
    0x5676, 0x5697, 0x5E97, 0x6698, 0x66B9, 0x6ED9, 0x76D9, 0x76BA, 0x7EBA, 0x7EBA, 0x86BA, 0x86BA, 0x86BB, 0x86DB, 0x86DB, 0x86DB,
    0x4633, 0x4633, 0x4633, 0x4633, 0x4E33, 0x5634, 0x5634, 0x5E54, 0x5E54, 0x5E55, 0x6675, 0x6655, 0x6655, 0x5E76, 0x6676, 0x5E97,
    0x5E97, 0x5EB7, 0x5EB8, 0x66B9, 0x66D9, 0x6EDA, 0x76DA, 0x76DA, 0x7EDA, 0x86DB, 0x86DA, 0x86DB, 0x86DB, 0x86DB, 0x8EDB, 0x8EDC,
    0x6675, 0x6675, 0x6675, 0x5E75, 0x6675, 0x6E75, 0x6E75, 0x6E76, 0x6E76, 0x6E96, 0x6E96, 0x6E96, 0x6E96, 0x6E97, 0x6EB7, 0x6EB7,
    0x66B8, 0x66B8, 0x5ED9, 0x66F9, 0x66F9, 0x6EFA, 0x76FA, 0x76FB, 0x7F1B, 0x871B, 0x86FB, 0x8EFB, 0x8EFB, 0x8EDB, 0x8EDB, 0x96FC,
    0x0880, 0x0880, 0x0881, 0x0881, 0x0881, 0x0881, 0x0862, 0x0862, 0x0883, 0x0864, 0x0865, 0x0866, 0x0087, 0x0069, 0x006B, 0x006D,
    0x006F, 0x0050, 0x0052, 0x0053, 0x0055, 0x0056, 0x0077, 0x0077, 0x0078, 0x0078, 0x0079, 0x007A, 0x007A, 0x009B, 0x009B, 0x00BC,
    0x0880, 0x0880, 0x0881, 0x0881, 0x0881, 0x0882, 0x0882, 0x0882, 0x0883, 0x0884, 0x0885, 0x0086, 0x0087, 0x0069, 0x008B, 0x006D,
    0x006F, 0x0071, 0x0072, 0x0073, 0x0075, 0x0076, 0x0076, 0x0077, 0x0078, 0x0078, 0x0079, 0x009A, 0x009A, 0x009B, 0x00BB, 0x00DC,
    0x0880, 0x0881, 0x0881, 0x0881, 0x0881, 0x0881, 0x0882, 0x0883, 0x0883, 0x0884, 0x0885, 0x0086, 0x0088, 0x0089, 0x008B, 0x008D,
    0x008F, 0x0091, 0x0072, 0x0073, 0x0075, 0x0076, 0x0077, 0x0077, 0x0098, 0x0098, 0x0099, 0x009A, 0x009A, 0x00BB, 0x00BB, 0x00DC,
    0x0880, 0x0881, 0x08A1, 0x08A1, 0x08A1, 0x08A1, 0x10A2, 0x10A3, 0x08A3, 0x08A4, 0x08A5, 0x00A7, 0x00A8, 0x0089, 0x00AB, 0x008D,
    0x008F, 0x0091, 0x0092, 0x0094, 0x0095, 0x0096, 0x0097, 0x0097, 0x0098, 0x0099, 0x00B9, 0x00BA, 0x00BA, 0x00BB, 0x00DB, 0x00FC,
    0x08A0, 0x08A0, 0x08A1, 0x08A1, 0x08A1, 0x10A2, 0x10A2, 0x10A3, 0x08A3, 0x08A4, 0x08A5, 0x00A7, 0x00A8, 0x00AA, 0x00AC, 0x00AE,
    0x00AF, 0x00B1, 0x00B2, 0x00B4, 0x00B5, 0x00B6, 0x0096, 0x00B7, 0x00B8, 0x00B8, 0x00D9, 0x00DA, 0x00DA, 0x00DB, 0x00FB, 0x00FC,
    0x08A0, 0x08C1, 0x08C1, 0x08C1, 0x08C1, 0x10C2, 0x10C2, 0x10C3, 0x08C4, 0x08C4, 0x08C5, 0x00C7, 0x00C8, 0x00CA, 0x00CC, 0x00CE,
    0x00CF, 0x00D1, 0x00D2, 0x00D3, 0x00D5, 0x00D6, 0x00D6, 0x00D7, 0x00D8, 0x00D8, 0x00D9, 0x00FA, 0x00FA, 0x00FB, 0x011B, 0x013C,
    0x00C1, 0x00C1, 0x08C1, 0x08C1, 0x08E2, 0x10E2, 0x10E2, 0x10E3, 0x08E4, 0x0905, 0x0106, 0x00E7, 0x00E9, 0x00EA, 0x00EC, 0x00EE,
    0x00F0, 0x00F1, 0x00F2, 0x00F4, 0x00F5, 0x00F6, 0x00F6, 0x00F7, 0x00F8, 0x0118, 0x0119, 0x011A, 0x011A, 0x013B, 0x015B, 0x017C,
    0x00E1, 0x00C1, 0x08E1, 0x08E1, 0x08E2, 0x1102, 0x1103, 0x1104, 0x0924, 0x0925, 0x0126, 0x0128, 0x0129, 0x012B, 0x012D, 0x012E,
    0x0130, 0x0132, 0x0133, 0x0114, 0x0135, 0x0136, 0x0137, 0x0137, 0x0138, 0x0139, 0x0159, 0x015A, 0x015A, 0x017B, 0x019B, 0x019C,
    0x00E1, 0x00E1, 0x00E2, 0x0902, 0x0902, 0x1123, 0x1144, 0x1144, 0x0945, 0x0946, 0x0167, 0x0168, 0x016A, 0x018B, 0x018D, 0x016F,
    0x0170, 0x0172, 0x0173, 0x0154, 0x0175, 0x0176, 0x0157, 0x0177, 0x0178, 0x0179, 0x0179, 0x019A, 0x019A, 0x01BB, 0x01BB, 0x01DC,
    0x0101, 0x0102, 0x0122, 0x0922, 0x0942, 0x1143, 0x1164, 0x0985, 0x0985, 0x0986, 0x01A7, 0x01A9, 0x01CA, 0x01CC, 0x01CD, 0x01EF,
    0x01F1, 0x01D2, 0x01D3, 0x01D4, 0x01D5, 0x01B6, 0x0197, 0x01B7, 0x01B8, 0x01B9, 0x01D9, 0x01DA, 0x01FA, 0x01FB, 0x021B, 0x023C,
    0x0122, 0x0122, 0x0142, 0x0142, 0x0963, 0x0984, 0x09A4, 0x09A5, 0x01C6, 0x01C6, 0x01E8, 0x0209, 0x020B, 0x022C, 0x022E, 0x024F,
    0x0251, 0x0252, 0x0253, 0x0254, 0x0235, 0x0236, 0x0237, 0x0217, 0x0218, 0x0218, 0x0219, 0x021A, 0x023A, 0x023B, 0x023B, 0x027C,
    0x0162, 0x0162, 0x0163, 0x0183, 0x0183, 0x09A4, 0x09C5, 0x01E6, 0x0226, 0x0228, 0x0248, 0x024A, 0x026B, 0x026C, 0x028E, 0x02B0,
    0x02D1, 0x02D2, 0x02B4, 0x02B4, 0x02B5, 0x02B6, 0x02B7, 0x0297, 0x0298, 0x0298, 0x0299, 0x029A, 0x027A, 0x027B, 0x029B, 0x02BC,
    0x0182, 0x01A3, 0x01A3, 0x01C3, 0x01C4, 0x01E4, 0x0225, 0x0246, 0x0267, 0x02A9, 0x02AA, 0x02AB, 0x02CC, 0x02CD, 0x02EF, 0x0310,
    0x0331, 0x0332, 0x0334, 0x0334, 0x0335, 0x0336, 0x0337, 0x0317, 0x0318, 0x0318, 0x0319, 0x031A, 0x02FA, 0x02FB, 0x02FB, 0x031C,
    0x01C3, 0x01E3, 0x01E4, 0x0204, 0x0224, 0x0245, 0x0286, 0x02A7, 0x02C8, 0x0309, 0x034B, 0x034C, 0x032D, 0x032E, 0x0350, 0x0371,
    0x0392, 0x0393, 0x03B4, 0x03B5, 0x03B5, 0x03B6, 0x03B7, 0x03B7, 0x03B8, 0x03B8, 0x03B9, 0x03B9, 0x039A, 0x039B, 0x039B, 0x03BC,
    0x0223, 0x0224, 0x0224, 0x0244, 0x0265, 0x02A6, 0x02C7, 0x02E7, 0x0328, 0x034A, 0x038C, 0x03AD, 0x03AE, 0x038E, 0x03B0, 0x03D1,
    0x03D2, 0x03D3, 0x03F4, 0x03F5, 0x0415, 0x0416, 0x03F7, 0x0417, 0x0C18, 0x1C18, 0x2C19, 0x241A, 0x241A, 0x1BFB, 0x1BFB, 0x241C,
    0x0264, 0x0264, 0x0284, 0x0285, 0x02A6, 0x02E6, 0x0307, 0x0328, 0x0369, 0x038A, 0x03CC, 0x040E, 0x042F, 0x040F, 0x0410, 0x0411,
    0x0432, 0x0433, 0x0434, 0x0435, 0x0455, 0x0456, 0x0457, 0x0457, 0x0C58, 0x2478, 0x3479, 0x3C7A, 0x3C7A, 0x347A, 0x347B, 0x347C,
    0x02A4, 0x02A5, 0x02C5, 0x02E5, 0x0306, 0x0327, 0x0368, 0x0389, 0x03AA, 0x03EB, 0x040D, 0x044E, 0x048F, 0x0491, 0x0471, 0x0472,
    0x0473, 0x0473, 0x0474, 0x0475, 0x0475, 0x0496, 0x0497, 0x0497, 0x0C98, 0x1CB8, 0x34B9, 0x3CDA, 0x44DA, 0x44DA, 0x44DB, 0x4CDB,
    0x02E5, 0x0306, 0x0306, 0x0326, 0x0347, 0x0368, 0x03A8, 0x03C9, 0x03EA, 0x040C, 0x044D, 0x048E, 0x04B0, 0x04F1, 0x04D2, 0x04D2,
    0x04B3, 0x04B4, 0x04B4, 0x04B5, 0x04B6, 0x04D6, 0x04D7, 0x04D7, 0x0CD8, 0x1CF8, 0x2CF9, 0x3CF9, 0x451A, 0x451A, 0x4D3B, 0x555B,
    0x0346, 0x0346, 0x0367, 0x0367, 0x0388, 0x03A8, 0x03E9, 0x040A, 0x042B, 0x044C, 0x048D, 0x04AF, 0x04D0, 0x0511, 0x0513, 0x0513,
    0x14F3, 0x1CF4, 0x14F4, 0x14F5, 0x1CF6, 0x24F6, 0x24F7, 0x1CF7, 0x1D18, 0x2538, 0x2D39, 0x3539, 0x3D3A, 0x455A, 0x4D5B, 0x5D7B,
    0x03A7, 0x03A7, 0x03C7, 0x03C8, 0x03E8, 0x0409, 0x042A, 0x046B, 0x048C, 0x048D, 0x04CE, 0x04EF, 0x0511, 0x0532, 0x0553, 0x1554,
    0x2D54, 0x3534, 0x3535, 0x3535, 0x3D36, 0x3D36, 0x3D37, 0x3D58, 0x3D58, 0x3D58, 0x4579, 0x457A, 0x457A, 0x4D9A, 0x55BB, 0x5DBB,
    0x0408, 0x0408, 0x0408, 0x0429, 0x0429, 0x044A, 0x046B, 0x048C, 0x04AD, 0x04CD, 0x050F, 0x0530, 0x0531, 0x0552, 0x0D73, 0x2594,
    0x3D95, 0x4575, 0x4D55, 0x4D56, 0x4D56, 0x4D56, 0x4D77, 0x4D78, 0x4D78, 0x4D99, 0x4D99, 0x4DBA, 0x4DBA, 0x4DDA, 0x55FB, 0x5DFB,
    0x0449, 0x0449, 0x0469, 0x0469, 0x046A, 0x048B, 0x04AB, 0x04CC, 0x04ED, 0x050E, 0x052F, 0x0550, 0x0551, 0x0572, 0x1D93, 0x2D94,
    0x45B5, 0x4DB6, 0x5595, 0x5D96, 0x5D96, 0x5D96, 0x5D97, 0x5D98, 0x5D98, 0x55B9, 0x55B9, 0x55DA, 0x55DA, 0x55FA, 0x561B, 0x5E1B,
    0x0489, 0x0489, 0x048A, 0x04AA, 0x04AB, 0x04CB, 0x04EC, 0x050D, 0x050E, 0x052F, 0x054F, 0x0550, 0x0571, 0x0D72, 0x2593, 0x3DB4,
    0x45B5, 0x55D6, 0x5DD6, 0x65B6, 0x65B6, 0x65B7, 0x65B7, 0x65B8, 0x65B8, 0x65D9, 0x65D9, 0x5DF9, 0x5E1A, 0x5E1A, 0x5E3B, 0x5E3B,
    0x04CA, 0x04CA, 0x04CB, 0x04EB, 0x04EC, 0x050C, 0x050D, 0x052D, 0x054E, 0x054F, 0x0570, 0x0571, 0x0591, 0x1D92, 0x2DB3, 0x3DB4,
    0x4DD5, 0x55D6, 0x5DF7, 0x65D7, 0x6DD7, 0x6DD7, 0x6DD7, 0x6DD8, 0x6DD8, 0x65F9, 0x65F9, 0x65FA, 0x5E1A, 0x5E3A, 0x5E5B, 0x665B,
    0x050B, 0x050B, 0x050B, 0x050C, 0x052C, 0x052D, 0x054E, 0x054E, 0x056F, 0x0570, 0x0590, 0x0591, 0x15B2, 0x25B2, 0x2DB3, 0x3DD4,
    0x4DF5, 0x55F6, 0x5E17, 0x6617, 0x6DF7, 0x6DF7, 0x6DF7, 0x6DF8, 0x6DF8, 0x6DF9, 0x6E19, 0x6E1A, 0x663A, 0x663A, 0x665B, 0x6E7B,
    0x054C, 0x054C, 0x054C, 0x054D, 0x054D, 0x056E, 0x056E, 0x056F, 0x0590, 0x0590, 0x0DB1, 0x1DB1, 0x25B2, 0x2DD3, 0x35D4, 0x45F4,
    0x4E15, 0x5616, 0x5E37, 0x6637, 0x6E38, 0x6E38, 0x7618, 0x7618, 0x7618, 0x7619, 0x7639, 0x6E5A, 0x6E5A, 0x6E5B, 0x6E7B, 0x769B,
    0x056D, 0x058D, 0x056E, 0x056E, 0x058E, 0x058F, 0x058F, 0x05B0, 0x0DB0, 0x15B1, 0x25D2, 0x35D2, 0x35D3, 0x3DF4, 0x45F4, 0x4E15,
    0x5615, 0x5636, 0x5E57, 0x6E57, 0x6E58, 0x7658, 0x7658, 0x7E38, 0x7E39, 0x7E59, 0x7E5A, 0x765A, 0x767A, 0x769B, 0x769B, 0x7E9C,
    0x05AE, 0x05AE, 0x05AF, 0x05AF, 0x05AF, 0x05B0, 0x05B0, 0x15D1, 0x25D1, 0x2DD1, 0x35F2, 0x3DF3, 0x3DF3, 0x45F4, 0x4E15, 0x4E15,
    0x5636, 0x5636, 0x5E57, 0x6678, 0x6E78, 0x7679, 0x7699, 0x7E79, 0x7E79, 0x7E79, 0x7E7A, 0x7E7A, 0x7E9A, 0x7E9B, 0x7E9B, 0x7EBC,
    0x05CF, 0x05D0, 0x05D0, 0x05D0, 0x05D0, 0x15F1, 0x25F1, 0x2DF2, 0x3DF2, 0x3DF2, 0x45F3, 0x4613, 0x4E14, 0x4E14, 0x5635, 0x5635,
    0x5656, 0x5E56, 0x6677, 0x6678, 0x6E98, 0x7699, 0x76B9, 0x7E99, 0x7E9A, 0x7E9A, 0x869A, 0x869A, 0x7E9A, 0x7EBB, 0x7EBB, 0x86DB,
    0x1E11, 0x1DF1, 0x1DF1, 0x1DF1, 0x2612, 0x3612, 0x3E12, 0x4613, 0x4E13, 0x4E33, 0x5634, 0x5634, 0x5635, 0x5655, 0x5E55, 0x5E56,
    0x5E76, 0x5E77, 0x5E97, 0x6698, 0x6EB9, 0x6EB9, 0x76DA, 0x7EDA, 0x7EBA, 0x7EBA, 0x86BA, 0x86BA, 0x86BA, 0x86BB, 0x86DB, 0x86DB,
    0x3E32, 0x3E32, 0x4633, 0x4633, 0x4E33, 0x4E34, 0x5634, 0x5E34, 0x5E54, 0x5E54, 0x6655, 0x6655, 0x6675, 0x6676, 0x6676, 0x6697,
    0x6697, 0x5E97, 0x5EB8, 0x66B8, 0x6ED9, 0x6ED9, 0x76DA, 0x76FA, 0x7EFA, 0x7EDA, 0x86DA, 0x86DB, 0x86DB, 0x8EDB, 0x8EDB, 0x8EDB,
    0x5E74, 0x5E75, 0x5E75, 0x6675, 0x6675, 0x6675, 0x6E75, 0x6E75, 0x6E76, 0x6E96, 0x6E96, 0x6E96, 0x6E97, 0x6EB7, 0x6EB7, 0x6EB7,
    0x66B8, 0x66D8, 0x5ED9, 0x66F9, 0x6EF9, 0x6EFA, 0x771A, 0x771A, 0x7F1B, 0x871B, 0x871B, 0x8EFB, 0x8EFB, 0x8EFB, 0x96FB, 0x96FC,
    0x1080, 0x1081, 0x1081, 0x1081, 0x1061, 0x1081, 0x1062, 0x1062, 0x1083, 0x1064, 0x1085, 0x1086, 0x0867, 0x0869, 0x006B, 0x006D,
    0x004F, 0x0050, 0x0052, 0x0053, 0x0055, 0x0056, 0x0057, 0x0057, 0x0058, 0x0059, 0x0079, 0x007A, 0x007A, 0x009B, 0x009C, 0x00BC,
    0x1080, 0x1080, 0x1081, 0x1081, 0x1081, 0x1082, 0x1082, 0x1082, 0x1083, 0x1084, 0x1085, 0x1086, 0x0888, 0x0869, 0x006B, 0x006D,
    0x006F, 0x0071, 0x0072, 0x0053, 0x0055, 0x0056, 0x0056, 0x0077, 0x0078, 0x0078, 0x0079, 0x007A, 0x007A, 0x009B, 0x00BB, 0x00BC,
    0x1080, 0x1081, 0x1081, 0x1081, 0x1081, 0x1082, 0x1082, 0x1083, 0x1083, 0x1084, 0x1085, 0x1086, 0x0888, 0x0889, 0x008B, 0x008D,
    0x008F, 0x0071, 0x0072, 0x0073, 0x0075, 0x0076, 0x0076, 0x0077, 0x0078, 0x0078, 0x0099, 0x009A, 0x009A, 0x009B, 0x00BB, 0x00DC,
    0x1081, 0x10A1, 0x10A1, 0x10A1, 0x10A1, 0x10A2, 0x10A2, 0x10A3, 0x10A3, 0x10A4, 0x10A5, 0x10A6, 0x08A8, 0x0889, 0x008B, 0x008D,
    0x008F, 0x0091, 0x0092, 0x0093, 0x0095, 0x0096, 0x0096, 0x0097, 0x0098, 0x0098, 0x00B9, 0x00BA, 0x00BA, 0x00BB, 0x00DB, 0x00DC,
    0x10A1, 0x10A1, 0x10A1, 0x10A1, 0x10A1, 0x10A2, 0x10A2, 0x10A3, 0x18A3, 0x10A4, 0x10A5, 0x10A7, 0x08A8, 0x00AA, 0x00AB, 0x00AD,
    0x00AF, 0x00B1, 0x0092, 0x00B3, 0x00B5, 0x00B6, 0x00B6, 0x00B7, 0x00B8, 0x00B8, 0x00B9, 0x00DA, 0x00DA, 0x00DB, 0x00FB, 0x00FC,
    0x10A1, 0x10A1, 0x10C1, 0x10C1, 0x10C1, 0x10C2, 0x10C2, 0x10C3, 0x10C4, 0x10C4, 0x10C6, 0x08C7, 0x08C8, 0x00CA, 0x00CC, 0x00CE,
    0x00D0, 0x00D1, 0x00D2, 0x00B3, 0x00B5, 0x00D6, 0x00D6, 0x00D7, 0x00D8, 0x00D8, 0x00F9, 0x00FA, 0x00FA, 0x00FB, 0x011B, 0x013C,
    0x08C1, 0x08C1, 0x10C1, 0x10E1, 0x10E2, 0x10E2, 0x10E2, 0x10E3, 0x10E4, 0x1105, 0x10E6, 0x08E7, 0x00E9, 0x00EA, 0x00EC, 0x00EE,
    0x00F0, 0x00F1, 0x00F3, 0x00F4, 0x00F5, 0x00F6, 0x00F6, 0x00F7, 0x00F8, 0x0118, 0x0119, 0x011A, 0x013A, 0x013B, 0x015B, 0x017C,
    0x08E1, 0x08E1, 0x08E1, 0x10E2, 0x10E2, 0x1102, 0x1903, 0x1903, 0x1124, 0x1125, 0x0926, 0x0928, 0x0129, 0x012B, 0x010D, 0x010E,
    0x0110, 0x0131, 0x0113, 0x0114, 0x0115, 0x0136, 0x0136, 0x0137, 0x0138, 0x0139, 0x0159, 0x015A, 0x017A, 0x017B, 0x019B, 0x01BC,
    0x08E1, 0x08E1, 0x0902, 0x0902, 0x0902, 0x1123, 0x1923, 0x1944, 0x1945, 0x1145, 0x0967, 0x0968, 0x016A, 0x016C, 0x016D, 0x016F,
    0x0171, 0x0152, 0x0153, 0x0154, 0x0155, 0x0156, 0x0157, 0x0177, 0x0178, 0x0179, 0x0199, 0x019A, 0x01BA, 0x01BB, 0x01DB, 0x01FC,
    0x0101, 0x0101, 0x0902, 0x0922, 0x0922, 0x1143, 0x1163, 0x1964, 0x1985, 0x1186, 0x09A7, 0x01A9, 0x01CA, 0x01CC, 0x01CD, 0x01CF,
    0x01D1, 0x01D2, 0x01B3, 0x01B4, 0x01B5, 0x01B6, 0x01B7, 0x01B7, 0x01B8, 0x01B8, 0x01D9, 0x01DA, 0x01FA, 0x01FB, 0x021B, 0x023C,
    0x0122, 0x0122, 0x0122, 0x0942, 0x0943, 0x1163, 0x1184, 0x11A5, 0x11C6, 0x11E7, 0x09E8, 0x0209, 0x020B, 0x022C, 0x022E, 0x024F,
    0x0251, 0x0252, 0x0253, 0x0234, 0x0235, 0x0236, 0x0217, 0x0217, 0x0218, 0x0218, 0x0219, 0x023A, 0x023A, 0x023B, 0x025B, 0x027C,
    0x0142, 0x0142, 0x0162, 0x0163, 0x0983, 0x09A4, 0x11C4, 0x11E5, 0x0A06, 0x0A47, 0x0A48, 0x024A, 0x026B, 0x028D, 0x028E, 0x02B0,
    0x02B1, 0x02B2, 0x02B3, 0x02B4, 0x02B5, 0x02B6, 0x0297, 0x0297, 0x0278, 0x0278, 0x0299, 0x029A, 0x029A, 0x029B, 0x029B, 0x02BC,
    0x0182, 0x0183, 0x01A3, 0x01A3, 0x01C3, 0x09E4, 0x0A05, 0x0A46, 0x0A67, 0x02A8, 0x02A9, 0x02CA, 0x02CC, 0x02ED, 0x02EF, 0x0310,
    0x0331, 0x0333, 0x0334, 0x0334, 0x0335, 0x0336, 0x0337, 0x0317, 0x0318, 0x0318, 0x0319, 0x02FA, 0x02FA, 0x02FB, 0x02FB, 0x031C,
    0x01C3, 0x01C3, 0x01E3, 0x01E4, 0x0204, 0x0245, 0x0266, 0x02A7, 0x02C8, 0x02E9, 0x034B, 0x034C, 0x034D, 0x034E, 0x036F, 0x0371,
    0x0392, 0x0393, 0x03B4, 0x03B5, 0x03B5, 0x03B6, 0x03B6, 0x0BB7, 0x0BB8, 0x0B98, 0x0B99, 0x0B99, 0x039A, 0x039B, 0x0B9B, 0x13BC,
    0x0203, 0x0204, 0x0224, 0x0224, 0x0245, 0x0285, 0x02A6, 0x02E7, 0x0308, 0x034A, 0x038B, 0x03AD, 0x03CE, 0x038E, 0x03B0, 0x03D1,
    0x03D2, 0x03F3, 0x03F4, 0x03F5, 0x0416, 0x0416, 0x0417, 0x0C17, 0x1C18, 0x2C18, 0x3419, 0x2C1A, 0x23FA, 0x23FB, 0x23FB, 0x2C1C,
    0x0244, 0x0264, 0x0264, 0x0284, 0x02A5, 0x02C6, 0x0307, 0x0328, 0x0349, 0x038A, 0x03CC, 0x040D, 0x042F, 0x0430, 0x0410, 0x0411,
    0x0432, 0x0433, 0x0434, 0x0455, 0x0455, 0x0456, 0x0457, 0x0C57, 0x1C58, 0x2C78, 0x3C79, 0x3C7A, 0x3C7A, 0x3C7B, 0x347B, 0x3C7C,
    0x02A4, 0x02A4, 0x02A5, 0x02C5, 0x02E6, 0x0307, 0x0347, 0x0368, 0x03AA, 0x03CB, 0x040C, 0x044E, 0x046F, 0x0491, 0x0471, 0x0472,
    0x0473, 0x0473, 0x0474, 0x0475, 0x0495, 0x0496, 0x0497, 0x0C97, 0x1C98, 0x2CB8, 0x3CB9, 0x44D9, 0x44DA, 0x44DA, 0x44DB, 0x4CDB,
    0x02E5, 0x02E5, 0x0305, 0x0306, 0x0326, 0x0367, 0x0388, 0x03A9, 0x03EA, 0x040B, 0x044D, 0x046E, 0x04B0, 0x04D1, 0x04D2, 0x0CD2,
    0x14D3, 0x14B4, 0x0CB4, 0x0CB5, 0x14D6, 0x1CD6, 0x1CD7, 0x14D7, 0x1CD8, 0x2CF8, 0x3CF9, 0x4519, 0x451A, 0x4D1A, 0x553B, 0x553B,
    0x0326, 0x0346, 0x0346, 0x0367, 0x0387, 0x03A8, 0x03C9, 0x040A, 0x042B, 0x044C, 0x048D, 0x04AF, 0x04D0, 0x04F1, 0x0533, 0x1513,
    0x2514, 0x2CF4, 0x24F4, 0x24F5, 0x2CF6, 0x34F6, 0x2D17, 0x2D17, 0x2D18, 0x3538, 0x3539, 0x453A, 0x453A, 0x4D5A, 0x555B, 0x5D7B,
    0x0387, 0x03A7, 0x03A7, 0x03C7, 0x03C8, 0x0409, 0x042A, 0x044B, 0x046C, 0x048D, 0x04CE, 0x04EF, 0x0511, 0x0532, 0x1553, 0x2554,
    0x3554, 0x4534, 0x4535, 0x4535, 0x4536, 0x4536, 0x4557, 0x4557, 0x4558, 0x4558, 0x4579, 0x4D7A, 0x4D9A, 0x4D9A, 0x55BB, 0x5DBB,
    0x03E7, 0x03E7, 0x03E8, 0x0408, 0x0428, 0x0449, 0x046A, 0x048B, 0x04AC, 0x04CD, 0x04EF, 0x0510, 0x0531, 0x0D52, 0x1D73, 0x3574,
    0x4595, 0x4D75, 0x5555, 0x5556, 0x5556, 0x5576, 0x5577, 0x5578, 0x5578, 0x5598, 0x5599, 0x55BA, 0x55BA, 0x55DA, 0x55DB, 0x65FB,
    0x0428, 0x0428, 0x0449, 0x0449, 0x0469, 0x048A, 0x04AB, 0x04CC, 0x04ED, 0x050E, 0x052F, 0x0530, 0x0551, 0x1572, 0x2D93, 0x3D94,
    0x45B5, 0x55B6, 0x5D96, 0x5D96, 0x6596, 0x6597, 0x5D97, 0x5D97, 0x5D98, 0x5DB9, 0x5DB9, 0x5DD9, 0x55DA, 0x55FA, 0x561B, 0x5E1B,
    0x0469, 0x0489, 0x0489, 0x048A, 0x04AA, 0x04CB, 0x04CC, 0x04ED, 0x050E, 0x052E, 0x054F, 0x0550, 0x0D71, 0x1D72, 0x3593, 0x3DB4,
    0x4DB5, 0x55D6, 0x5DD6, 0x65B6, 0x6DB6, 0x6DB7, 0x6DB7, 0x65B7, 0x65B8, 0x65D9, 0x65D9, 0x5DFA, 0x5DFA, 0x5E1A, 0x5E1B, 0x5E3B,
    0x04CA, 0x04CA, 0x04CA, 0x04CB, 0x04EB, 0x04EC, 0x050D, 0x052D, 0x052E, 0x054F, 0x0550, 0x0D71, 0x1571, 0x2592, 0x35B3, 0x45B4,
    0x4DD5, 0x55F6, 0x65F7, 0x65D6, 0x6DD7, 0x6DD7, 0x6DD7, 0x6DD8, 0x6DD8, 0x6DF9, 0x6DF9, 0x65FA, 0x661A, 0x663A, 0x663B, 0x665B,
    0x050B, 0x050B, 0x050B, 0x050B, 0x050C, 0x052D, 0x052D, 0x054E, 0x054F, 0x056F, 0x0D70, 0x1591, 0x2592, 0x2DB2, 0x35B3, 0x45D4,
    0x4DD5, 0x5DF6, 0x6616, 0x6E17, 0x6DF7, 0x75F7, 0x75F7, 0x75F8, 0x6DF8, 0x6DF9, 0x6E19, 0x6E1A, 0x663A, 0x663A, 0x665B, 0x6E7B,
    0x052C, 0x054C, 0x054C, 0x054C, 0x054D, 0x054D, 0x056E, 0x056F, 0x056F, 0x0D90, 0x1D91, 0x25B1, 0x2DB2, 0x35D3, 0x3DD4, 0x45F4,
    0x55F5, 0x5E16, 0x6616, 0x6E37, 0x6E38, 0x7638, 0x7618, 0x7618, 0x7618, 0x7619, 0x7639, 0x763A, 0x6E5A, 0x6E7B, 0x6E7B, 0x769B,
    0x056D, 0x056D, 0x056D, 0x056E, 0x058E, 0x058E, 0x058F, 0x05B0, 0x15B0, 0x25B1, 0x2DB2, 0x35D2, 0x3DD3, 0x45F3, 0x4DF4, 0x4E15,
    0x5615, 0x5E36, 0x6657, 0x6E58, 0x7658, 0x7658, 0x7E58, 0x7E38, 0x7E39, 0x7E59, 0x7E5A, 0x7E5A, 0x767A, 0x769B, 0x769B, 0x7E9C,
    0x05AE, 0x05AE, 0x05AE, 0x05AF, 0x05AF, 0x05AF, 0x05D0, 0x15D0, 0x25D1, 0x35D1, 0x3DD2, 0x45F3, 0x45F3, 0x45F4, 0x4E15, 0x5615,
    0x5636, 0x5E36, 0x6657, 0x6E78, 0x6E78, 0x7679, 0x7E79, 0x7E79, 0x7E79, 0x7E79, 0x7E7A, 0x7E7A, 0x7E9A, 0x7E9B, 0x7EBB, 0x7EBC,
    0x05CF, 0x05CF, 0x05D0, 0x05D0, 0x05D0, 0x15D0, 0x1DF1, 0x2DF1, 0x3DF2, 0x45F2, 0x45F3, 0x4E13, 0x4E14, 0x5614, 0x5615, 0x5635,
    0x5E56, 0x5E56, 0x6677, 0x6678, 0x6E99, 0x7699, 0x76BA, 0x7E9A, 0x7E9A, 0x869A, 0x869A, 0x869A, 0x7E9A, 0x7EBB, 0x86BB, 0x86DC,
    0x15F1, 0x1DF1, 0x1DF1, 0x1DF1, 0x1E11, 0x2E12, 0x3E12, 0x4612, 0x4E13, 0x5613, 0x5614, 0x5634, 0x5E34, 0x5E55, 0x5E55, 0x5E56,
    0x5E76, 0x5E77, 0x6677, 0x6698, 0x6EB9, 0x76B9, 0x76DA, 0x7EDA, 0x7EBA, 0x86BA, 0x86BA, 0x86BA, 0x86BA, 0x86BB, 0x86DB, 0x8EDB,
    0x3E32, 0x3E32, 0x3E32, 0x4633, 0x4633, 0x4E33, 0x5634, 0x5E34, 0x5E54, 0x6654, 0x6655, 0x6655, 0x6675, 0x6676, 0x6676, 0x6696,
    0x6697, 0x6697, 0x5EB8, 0x66B8, 0x6ED9, 0x6ED9, 0x76DA, 0x7EFA, 0x7EFA, 0x86DA, 0x86DA, 0x86DA, 0x8EDB, 0x8EDB, 0x8EDB, 0x96DB,
    0x5E74, 0x5E74, 0x5E74, 0x6674, 0x6675, 0x6675, 0x6675, 0x6E75, 0x6E76, 0x6E76, 0x6E96, 0x7696, 0x6E97, 0x6E97, 0x6EB7, 0x6EB7,
    0x6EB8, 0x66D8, 0x66D8, 0x66F9, 0x6EF9, 0x6EFA, 0x76FA, 0x7F1A, 0x871B, 0x871B, 0x8EFB, 0x8EFB, 0x8EFB, 0x8EFB, 0x96FB, 0x9EFC,
    0x1080, 0x1081, 0x1081, 0x1081, 0x1881, 0x1881, 0x1862, 0x1862, 0x1863, 0x1864, 0x1885, 0x1886, 0x1867, 0x1069, 0x084B, 0x084D,
    0x004F, 0x0050, 0x0032, 0x0033, 0x0035, 0x0036, 0x0037, 0x0037, 0x0058, 0x0059, 0x0059, 0x005A, 0x007A, 0x007B, 0x009B, 0x00BC,
    0x1080, 0x1080, 0x1081, 0x1081, 0x1881, 0x1882, 0x1882, 0x1882, 0x1883, 0x1884, 0x1885, 0x1866, 0x1868, 0x1069, 0x086B, 0x086D,
    0x006F, 0x0051, 0x0052, 0x0053, 0x0055, 0x0056, 0x0056, 0x0057, 0x0058, 0x0058, 0x0079, 0x007A, 0x007A, 0x009B, 0x009B, 0x00BC,
    0x1080, 0x1080, 0x1081, 0x1081, 0x1881, 0x1882, 0x1882, 0x1883, 0x1883, 0x1884, 0x1885, 0x1886, 0x1888, 0x1089, 0x086B, 0x086D,
    0x006F, 0x0071, 0x0072, 0x0053, 0x0055, 0x0056, 0x0076, 0x0077, 0x0078, 0x0078, 0x0079, 0x009A, 0x009A, 0x009B, 0x00BB, 0x00DC,
    0x10A1, 0x10A1, 0x10A1, 0x18A1, 0x18A1, 0x18A2, 0x18A2, 0x18A3, 0x18A3, 0x18A4, 0x18A5, 0x18A6, 0x18A8, 0x108A, 0x088B, 0x088D,
    0x008F, 0x0091, 0x0072, 0x0073, 0x0075, 0x0076, 0x0076, 0x0097, 0x0097, 0x0098, 0x0099, 0x009A, 0x00BA, 0x00BB, 0x00DB, 0x00DC,
    0x10A1, 0x10A1, 0x10A1, 0x18A1, 0x18A1, 0x18C2, 0x18A2, 0x18A3, 0x18A3, 0x18C4, 0x18A5, 0x18A7, 0x18A8, 0x10AA, 0x08AB, 0x008D,
    0x008F, 0x0091, 0x0092, 0x0093, 0x0095, 0x0096, 0x0096, 0x00B7, 0x00B7, 0x00B8, 0x00B9, 0x00BA, 0x00BA, 0x00DB, 0x00DB, 0x00FC,
    0x10A1, 0x18C1, 0x18C1, 0x18C1, 0x18C2, 0x18C2, 0x18C2, 0x18C3, 0x18C4, 0x18C4, 0x18C6, 0x18C7, 0x18C8, 0x10AA, 0x08CC, 0x00CD,
    0x00CF, 0x00B1, 0x00B2, 0x00B3, 0x00B5, 0x00B6, 0x00D6, 0x00D7, 0x00D8, 0x00D8, 0x00F9, 0x00FA, 0x00FA, 0x00FB, 0x011B, 0x013C,
    0x10C1, 0x10C1, 0x18C1, 0x18E1, 0x18E2, 0x18E2, 0x18E2, 0x18E3, 0x20E4, 0x18E5, 0x18E6, 0x18E7, 0x10E9, 0x08EA, 0x08EC, 0x00EE,
    0x00F0, 0x00F1, 0x00F3, 0x00F4, 0x00F5, 0x00F6, 0x00F6, 0x00F7, 0x00F8, 0x0118, 0x0119, 0x011A, 0x013A, 0x013B, 0x015B, 0x017C,
    0x10E1, 0x10E1, 0x10E1, 0x18E2, 0x18E2, 0x1902, 0x1903, 0x2103, 0x2104, 0x1905, 0x1926, 0x1908, 0x1109, 0x090B, 0x010D, 0x010F,
    0x0110, 0x0112, 0x0113, 0x0114, 0x0115, 0x0136, 0x0137, 0x0137, 0x0138, 0x0159, 0x0159, 0x015A, 0x017A, 0x017B, 0x019B, 0x01BC,
    0x0901, 0x1101, 0x1101, 0x1102, 0x1102, 0x1922, 0x1923, 0x2144, 0x2144, 0x2145, 0x1967, 0x1168, 0x116A, 0x096B, 0x014D, 0x014F,
    0x0151, 0x0152, 0x0153, 0x0154, 0x0155, 0x0156, 0x0177, 0x0177, 0x0178, 0x0179, 0x0199, 0x019A, 0x01BA, 0x01BB, 0x01DB, 0x01FC,
    0x0901, 0x0921, 0x0922, 0x1122, 0x1122, 0x1123, 0x1943, 0x2164, 0x2185, 0x2186, 0x19A7, 0x11A9, 0x09CA, 0x09CC, 0x01AD, 0x01AF,
    0x01B1, 0x01B2, 0x01B3, 0x01B4, 0x01B5, 0x01B6, 0x01B7, 0x01B7, 0x01B8, 0x01B9, 0x01D9, 0x01DA, 0x01FA, 0x01FB, 0x021B, 0x023C,
    0x0922, 0x0922, 0x0922, 0x0942, 0x0942, 0x1163, 0x1984, 0x19A4, 0x21C6, 0x19E7, 0x19E8, 0x1209, 0x0A2B, 0x022C, 0x022E, 0x022F,
    0x0251, 0x0232, 0x0233, 0x0214, 0x0215, 0x0216, 0x0217, 0x0217, 0x0218, 0x0218, 0x0219, 0x023A, 0x023A, 0x025B, 0x025B, 0x029C,
    0x0142, 0x0142, 0x0162, 0x0962, 0x0963, 0x1183, 0x19C4, 0x19E5, 0x1A06, 0x1A47, 0x1A48, 0x126A, 0x0A8B, 0x028D, 0x028E, 0x02B0,
    0x02B1, 0x02B2, 0x02B3, 0x0294, 0x0295, 0x0296, 0x0297, 0x0277, 0x0278, 0x0278, 0x0279, 0x029A, 0x029A, 0x029B, 0x029B, 0x02DC,
    0x0182, 0x0182, 0x0182, 0x0183, 0x09A3, 0x09C4, 0x1205, 0x1A26, 0x1A67, 0x12A8, 0x12C9, 0x0ACB, 0x0AEC, 0x02ED, 0x02EF, 0x0310,
    0x0331, 0x0333, 0x0334, 0x0334, 0x0335, 0x0336, 0x0317, 0x0317, 0x02F8, 0x02F8, 0x02F9, 0x02FA, 0x02FA, 0x02FB, 0x02FB, 0x0B1C,
    0x01A2, 0x01C3, 0x01C3, 0x01C3, 0x01E4, 0x0224, 0x0A45, 0x1286, 0x12A7, 0x0AE9, 0x0B2B, 0x0B4C, 0x0B4D, 0x0B4E, 0x036F, 0x0391,
    0x0392, 0x03B3, 0x03B4, 0x03B5, 0x03B5, 0x0BB6, 0x13B7, 0x1BB7, 0x1B98, 0x1B98, 0x1B99, 0x139A, 0x137A, 0x137B, 0x139B, 0x239C,
    0x01E3, 0x0203, 0x0203, 0x0224, 0x0244, 0x0265, 0x0286, 0x02C7, 0x0B08, 0x0B49, 0x0B8B, 0x03CD, 0x03CE, 0x0BAE, 0x03D0, 0x03D1,
    0x03F2, 0x03F3, 0x03F4, 0x03F5, 0x0415, 0x0C16, 0x1417, 0x2417, 0x2C18, 0x3418, 0x3419, 0x33FA, 0x2BFA, 0x2BFB, 0x2BFB, 0x341C,
    0x0244, 0x0244, 0x0244, 0x0264, 0x0285, 0x02A5, 0x02E6, 0x0308, 0x0349, 0x038A, 0x03CC, 0x040D, 0x042F, 0x0430, 0x0C10, 0x0C31,
    0x0432, 0x0433, 0x0434, 0x0455, 0x0456, 0x0C56, 0x1457, 0x2457, 0x3458, 0x3C78, 0x4479, 0x4479, 0x447A, 0x3C5B, 0x3C5B, 0x447C,
    0x0284, 0x0284, 0x02A4, 0x02A5, 0x02C5, 0x02E6, 0x0327, 0x0368, 0x0389, 0x03CA, 0x040C, 0x044E, 0x046F, 0x0491, 0x0C71, 0x1472,
    0x1473, 0x1493, 0x0C74, 0x0C95, 0x1496, 0x1496, 0x1C97, 0x2497, 0x2CB8, 0x3CB8, 0x44D9, 0x4CD9, 0x4CDA, 0x4CDA, 0x4CDB, 0x4CDB,
    0x02C5, 0x02E5, 0x02E5, 0x02E5, 0x0306, 0x0347, 0x0368, 0x03A9, 0x03CA, 0x040B, 0x044D, 0x046E, 0x04AF, 0x04D1, 0x0CD2, 0x1CD2,
    0x24D3, 0x24B4, 0x1CB4, 0x24B5, 0x24D6, 0x2CD6, 0x2CD7, 0x24F7, 0x2CF8, 0x3CF8, 0x4519, 0x4D19, 0x4D1A, 0x551A, 0x551B, 0x5D3B,
    0x0325, 0x0325, 0x0326, 0x0346, 0x0366, 0x0387, 0x03A8, 0x03E9, 0x040A, 0x042C, 0x046D, 0x04AE, 0x04D0, 0x0CF1, 0x0D12, 0x2513,
    0x3514, 0x3CF4, 0x34F4, 0x34F5, 0x3CF6, 0x3D16, 0x3D17, 0x3517, 0x3518, 0x3D38, 0x4539, 0x453A, 0x4D5A, 0x4D5A, 0x555B, 0x5D7B,
    0x0366, 0x0386, 0x0386, 0x03A7, 0x03C7, 0x03E8, 0x0409, 0x042A, 0x044B, 0x048C, 0x04AE, 0x04EF, 0x0D10, 0x1531, 0x2553, 0x3554,
    0x4554, 0x4D34, 0x4D35, 0x4D35, 0x4D36, 0x4D36, 0x4D57, 0x4D57, 0x4D58, 0x4D58, 0x4D79, 0x4D7A, 0x559A, 0x559A, 0x5DBB, 0x65BB,
    0x03C7, 0x03C7, 0x03E7, 0x03E8, 0x0408, 0x0429, 0x044A, 0x046B, 0x048C, 0x04CD, 0x04EE, 0x0D0F, 0x1531, 0x1D52, 0x2D53, 0x3D74,
    0x4D95, 0x5575, 0x5575, 0x5D56, 0x5D76, 0x5D76, 0x5D77, 0x5D77, 0x5D78, 0x5D98, 0x5D99, 0x55B9, 0x55BA, 0x55DA, 0x5DDB, 0x65FB,
    0x0408, 0x0428, 0x0428, 0x0428, 0x0449, 0x046A, 0x048B, 0x04AC, 0x04CD, 0x04EE, 0x050F, 0x0D30, 0x1551, 0x2552, 0x3573, 0x4594,
    0x4DB5, 0x55B6, 0x5D96, 0x6596, 0x6596, 0x6597, 0x6597, 0x6597, 0x6598, 0x65B9, 0x65B9, 0x5DD9, 0x5DDA, 0x5DFA, 0x5E1B, 0x661B,
    0x0468, 0x0468, 0x0469, 0x0489, 0x048A, 0x04AA, 0x04CB, 0x04EC, 0x050D, 0x050E, 0x052F, 0x1550, 0x1D71, 0x2D72, 0x3D93, 0x45B4,
    0x55B5, 0x5DD6, 0x65D6, 0x6DB6, 0x6DB6, 0x6DB7, 0x6DB7, 0x6DB7, 0x6DB8, 0x65D9, 0x65D9, 0x65FA, 0x5DFA, 0x5E1A, 0x5E1B, 0x663C,
    0x04A9, 0x04A9, 0x04AA, 0x04CA, 0x04CB, 0x04EB, 0x04EC, 0x050D, 0x052E, 0x054F, 0x0D50, 0x1D70, 0x2D71, 0x3592, 0x3DB3, 0x45B4,
    0x55D5, 0x5DD6, 0x65F6, 0x6DF6, 0x6DD7, 0x75D7, 0x75D7, 0x6DD8, 0x6DD8, 0x6DF9, 0x6DF9, 0x6DFA, 0x661A, 0x663A, 0x663B, 0x6E5B,
    0x04EA, 0x04EA, 0x04EA, 0x050B, 0x050B, 0x050C, 0x052D, 0x052D, 0x054E, 0x054F, 0x1570, 0x2591, 0x2D91, 0x35B2, 0x3DB3, 0x4DD4,
    0x55D5, 0x5DF6, 0x6616, 0x6E17, 0x7617, 0x75F7, 0x75F7, 0x75F8, 0x75F8, 0x7619, 0x7619, 0x6E1A, 0x6E3A, 0x6E3A, 0x6E5B, 0x6E7B,
    0x052B, 0x052B, 0x052C, 0x052C, 0x054C, 0x054D, 0x054E, 0x056E, 0x056F, 0x1570, 0x2591, 0x2DB1, 0x35B2, 0x3DD3, 0x45D4, 0x4DF4,
    0x55F5, 0x5E16, 0x6616, 0x6E37, 0x7638, 0x7638, 0x7E18, 0x7E18, 0x7618, 0x7639, 0x7639, 0x763A, 0x765A, 0x6E5B, 0x6E7B, 0x769B,
    0x056C, 0x056D, 0x056D, 0x056D, 0x056D, 0x058E, 0x058F, 0x058F, 0x15B0, 0x2DB1, 0x35B1, 0x3DD2, 0x45D2, 0x45F3, 0x4DF4, 0x55F5,
    0x5E15, 0x5E36, 0x6637, 0x6E57, 0x7658, 0x7E58, 0x7E59, 0x7E38, 0x7E39, 0x7E59, 0x7E59, 0x7E5A, 0x7E7A, 0x767B, 0x769B, 0x7E9C,
    0x058D, 0x058D, 0x058E, 0x058E, 0x05AE, 0x05AF, 0x05B0, 0x0DB0, 0x25D1, 0x3DD1, 0x45D2, 0x45D2, 0x4DF3, 0x4DF4, 0x5614, 0x5615,
    0x5E35, 0x5E36, 0x6657, 0x6E58, 0x7678, 0x7679, 0x7E79, 0x7E79, 0x7E79, 0x8679, 0x8679, 0x7E7A, 0x7E9A, 0x7E9B, 0x7EBB, 0x86BC,
    0x05CF, 0x05CF, 0x05CF, 0x05CF, 0x05D0, 0x0DD0, 0x15D0, 0x25D1, 0x3DD2, 0x45F2, 0x4DF3, 0x4DF3, 0x5614, 0x5614, 0x5615, 0x5E35,
    0x5E56, 0x5E56, 0x6657, 0x6E78, 0x6E98, 0x7699, 0x7EBA, 0x7E9A, 0x869A, 0x869A, 0x869A, 0x869A, 0x869A, 0x86BB, 0x86BB, 0x86DB,
    0x15F0, 0x15F1, 0x15F1, 0x1DF1, 0x1E11, 0x2611, 0x3612, 0x4612, 0x4E13, 0x5613, 0x5E14, 0x5E34, 0x5E34, 0x5E35, 0x5E35, 0x5E56,
    0x6676, 0x6677, 0x6677, 0x6698, 0x6EB9, 0x76B9, 0x7EDA, 0x7EDA, 0x86BA, 0x86BA, 0x86BA, 0x86BA, 0x86BA, 0x86BB, 0x8EDB, 0x8EDB,
    0x3E32, 0x3E32, 0x3E32, 0x3E32, 0x4633, 0x4E33, 0x5633, 0x5634, 0x5E54, 0x6654, 0x6655, 0x6655, 0x6675, 0x6676, 0x6676, 0x6676,
    0x6697, 0x6697, 0x66B8, 0x66B8, 0x6ED9, 0x76D9, 0x76DA, 0x7EFA, 0x7EFA, 0x86DA, 0x86DA, 0x8EDA, 0x8EDB, 0x8EDB, 0x8EDB, 0x96DC,
    0x5E74, 0x5E74, 0x5E74, 0x5E74, 0x6674, 0x6674, 0x6675, 0x6E75, 0x6E75, 0x6E76, 0x7696, 0x7696, 0x7696, 0x6E96, 0x6EB7, 0x6EB7,
    0x6EB8, 0x6ED8, 0x66D8, 0x66F9, 0x6EF9, 0x6EFA, 0x76FA, 0x7F1A, 0x871B, 0x871B, 0x8EFB, 0x8EFB, 0x8EFB, 0x8EFB, 0x96FB, 0x9EFC,
    0x1880, 0x1881, 0x1881, 0x1881, 0x1881, 0x2061, 0x2062, 0x2062, 0x2063, 0x2084, 0x2085, 0x2066, 0x2067, 0x2049, 0x204B, 0x182D,
    0x102F, 0x0830, 0x0032, 0x0033, 0x0015, 0x0016, 0x0036, 0x0017, 0x0038, 0x0038, 0x0039, 0x005A, 0x005A, 0x007B, 0x007B, 0x00BC,
    0x1880, 0x1880, 0x1881, 0x1881, 0x1881, 0x2081, 0x2082, 0x2082, 0x2083, 0x2084, 0x2085, 0x2066, 0x2068, 0x2069, 0x206B, 0x184D,
    0x104F, 0x0030, 0x0032, 0x0033, 0x0035, 0x0036, 0x0036, 0x0037, 0x0038, 0x0058, 0x0059, 0x007A, 0x007A, 0x007B, 0x009B, 0x00BC,
    0x1880, 0x1880, 0x1881, 0x1881, 0x1881, 0x2081, 0x2082, 0x2083, 0x2083, 0x2084, 0x2085, 0x2086, 0x2088, 0x2069, 0x206B, 0x186D,
    0x104F, 0x0051, 0x0052, 0x0053, 0x0035, 0x0036, 0x0056, 0x0057, 0x0058, 0x0058, 0x0079, 0x007A, 0x007A, 0x009B, 0x00BB, 0x00DC,
    0x18A0, 0x18A0, 0x18A1, 0x18A1, 0x18A1, 0x20A2, 0x20A2, 0x20A3, 0x20A3, 0x20A4, 0x20A5, 0x2086, 0x2088, 0x208A, 0x208B, 0x186D,
    0x086F, 0x0071, 0x0072, 0x0053, 0x0055, 0x0056, 0x0076, 0x0077, 0x0078, 0x0078, 0x0099, 0x009A, 0x009A, 0x00BB, 0x00BB, 0x00FC,
    0x18A1, 0x18A1, 0x18A1, 0x18A1, 0x18A1, 0x20C2, 0x20A2, 0x20A3, 0x20A3, 0x20C4, 0x20A5, 0x20A7, 0x20A8, 0x20AA, 0x208C, 0x108D,
    0x088F, 0x0091, 0x0072, 0x0074, 0x0095, 0x0096, 0x0096, 0x0097, 0x0097, 0x0098, 0x00B9, 0x00BA, 0x00BA, 0x00DB, 0x00DB, 0x00FC,
    0x18C1, 0x18C1, 0x18C1, 0x20C1, 0x20C1, 0x20C2, 0x20C2, 0x20C3, 0x20C4, 0x20C4, 0x20C6, 0x20C7, 0x20A8, 0x20AA, 0x20AC, 0x10AD,
    0x08AF, 0x00B1, 0x00B2, 0x00B3, 0x00B5, 0x00B6, 0x00B6, 0x00B7, 0x00B8, 0x00D8, 0x00D9, 0x00DA, 0x00DA, 0x00FB, 0x00FB, 0x013C,
    0x18C1, 0x18C1, 0x18E1, 0x20E1, 0x20E2, 0x20E2, 0x20E2, 0x20E3, 0x28E4, 0x28E5, 0x28E6, 0x28E7, 0x20E9, 0x20EB, 0x18EC, 0x10EE,
    0x00F0, 0x00F1, 0x00D3, 0x00D4, 0x00D5, 0x00D6, 0x00F7, 0x00F7, 0x00F8, 0x0119, 0x0119, 0x011A, 0x013A, 0x013B, 0x015B, 0x017C,
    0x18E1, 0x18E1, 0x18E1, 0x2101, 0x2102, 0x2102, 0x2103, 0x2123, 0x2904, 0x2905, 0x2906, 0x2908, 0x2109, 0x210B, 0x110D, 0x090E,
    0x0110, 0x0112, 0x0113, 0x0114, 0x0115, 0x0116, 0x0137, 0x0137, 0x0138, 0x0139, 0x0159, 0x015A, 0x017A, 0x017B, 0x019B, 0x01BC,
    0x1901, 0x1921, 0x1921, 0x1902, 0x2122, 0x2122, 0x2123, 0x2143, 0x2944, 0x2945, 0x2947, 0x2148, 0x214A, 0x194B, 0x094D, 0x094F,
    0x0151, 0x0152, 0x0153, 0x0154, 0x0155, 0x0156, 0x0177, 0x0177, 0x0178, 0x0179, 0x0199, 0x019A, 0x019A, 0x01BB, 0x01DB, 0x01FC,
    0x1121, 0x1121, 0x1922, 0x1922, 0x1942, 0x1943, 0x2143, 0x2164, 0x2985, 0x29A6, 0x29A7, 0x21A9, 0x21AA, 0x19AC, 0x09AD, 0x01AF,
    0x0191, 0x0192, 0x0193, 0x0194, 0x0195, 0x01B6, 0x01B7, 0x01B7, 0x01B8, 0x01B9, 0x01D9, 0x01DA, 0x01FA, 0x01FB, 0x021B, 0x025C,
    0x1122, 0x1142, 0x1142, 0x1142, 0x1142, 0x1963, 0x1983, 0x21A4, 0x29C5, 0x29E7, 0x2A08, 0x2209, 0x1A2B, 0x0A2C, 0x0A2D, 0x022F,
    0x0231, 0x0212, 0x0213, 0x0214, 0x0215, 0x0216, 0x0217, 0x0217, 0x0218, 0x0219, 0x0239, 0x023A, 0x023A, 0x025B, 0x025B, 0x0A9C,
    0x0942, 0x0942, 0x0962, 0x0962, 0x1163, 0x1183, 0x19A4, 0x21C5, 0x2A06, 0x2A27, 0x2A68, 0x226A, 0x1A8B, 0x0A8D, 0x0A8E, 0x02AF,
    0x02B1, 0x02B2, 0x02B3, 0x0294, 0x0295, 0x0296, 0x0277, 0x0277, 0x0278, 0x0278, 0x0279, 0x029A, 0x029A, 0x029B, 0x02BB, 0x0ADC,
    0x0182, 0x0162, 0x0982, 0x0983, 0x09A3, 0x11C4, 0x19E4, 0x2205, 0x2246, 0x2288, 0x22C9, 0x22CB, 0x22EC, 0x12ED, 0x0AEE, 0x0310,
    0x0331, 0x0332, 0x0333, 0x0314, 0x0315, 0x0B16, 0x0B17, 0x0AF7, 0x0AF8, 0x0AF8, 0x0AF9, 0x0AFA, 0x0AFA, 0x0AFA, 0x0B1B, 0x1B3C,
    0x01A2, 0x01A2, 0x01A3, 0x01C3, 0x01E4, 0x0A04, 0x1225, 0x1A66, 0x22A7, 0x22E8, 0x232A, 0x234C, 0x234D, 0x1B6E, 0x0B6F, 0x0391,
    0x0392, 0x03B3, 0x03B4, 0x0BB5, 0x13B5, 0x23B6, 0x2BB7, 0x2B97, 0x2B98, 0x2B98, 0x2B99, 0x239A, 0x237A, 0x239B, 0x239B, 0x339C,
    0x01E3, 0x01E3, 0x01E3, 0x0203, 0x0224, 0x0244, 0x0A65, 0x12A6, 0x1AE8, 0x2329, 0x1B6B, 0x13AD, 0x13CE, 0x23CF, 0x13D0, 0x0BD1,
    0x03F2, 0x03F3, 0x03F4, 0x03F5, 0x1415, 0x1C16, 0x2C16, 0x3417, 0x3C18, 0x3C18, 0x3C19, 0x3BFA, 0x3BFA, 0x33FB, 0x33FB, 0x3BFC,
    0x0223, 0x0224, 0x0224, 0x0244, 0x0264, 0x02A5, 0x02C6, 0x0AE7, 0x1328, 0x136A, 0x13CB, 0x0C0D, 0x0C2F, 0x1430, 0x2430, 0x1C31,
    0x1C32, 0x1453, 0x0C54, 0x1455, 0x1456, 0x1C56, 0x2C57, 0x3457, 0x3C78, 0x4478, 0x4C79, 0x4C79, 0x445A, 0x445A, 0x445B, 0x445C,
    0x0264, 0x0264, 0x0284, 0x0284, 0x02A5, 0x02C5, 0x0306, 0x0348, 0x0389, 0x0BAA, 0x0C0C, 0x0C2D, 0x0C6F, 0x0C90, 0x2491, 0x2C72,
    0x2C73, 0x2493, 0x2494, 0x2495, 0x2496, 0x2C96, 0x34B7, 0x34B7, 0x3CB8, 0x44B8, 0x4CD9, 0x54D9, 0x54BA, 0x4CBA, 0x4CBB, 0x54BB,
    0x02A4, 0x02C4, 0x02C4, 0x02C5, 0x02E5, 0x0326, 0x0347, 0x0388, 0x03C9, 0x03EB, 0x0C2C, 0x0C6E, 0x0C8F, 0x0CD1, 0x24D2, 0x34D2,
    0x3CB3, 0x3CB4, 0x34D4, 0x34D5, 0x34D6, 0x3CD6, 0x3CD7, 0x34F7, 0x3CF8, 0x44F8, 0x4CF9, 0x5519, 0x551A, 0x5D1A, 0x5D1B, 0x5D1B,
    0x02E5, 0x0305, 0x0305, 0x0326, 0x0326, 0x0367, 0x0388, 0x03C9, 0x040A, 0x042B, 0x046D, 0x0C8E, 0x14CF, 0x1CF1, 0x2512, 0x3513,
    0x4514, 0x44F4, 0x44F4, 0x44F5, 0x4516, 0x4516, 0x4517, 0x4517, 0x4518, 0x4538, 0x4D39, 0x4D39, 0x553A, 0x555A, 0x5D5B, 0x657B,
    0x0345, 0x0366, 0x0366, 0x0386, 0x0387, 0x03C8, 0x03E8, 0x040A, 0x044B, 0x046C, 0x0CAD, 0x14CF, 0x24F0, 0x2D11, 0x3533, 0x4554,
    0x4D54, 0x5554, 0x5535, 0x5535, 0x5536, 0x5536, 0x5557, 0x5557, 0x5558, 0x5578, 0x5579, 0x557A, 0x5D9A, 0x5D9A, 0x659B, 0x65BB,
    0x03A6, 0x03A7, 0x03C7, 0x03C7, 0x03E8, 0x0408, 0x0429, 0x044A, 0x048C, 0x04AD, 0x0CEE, 0x1D0F, 0x2510, 0x3531, 0x3D53, 0x4574,
    0x5595, 0x5D75, 0x5D75, 0x6576, 0x6576, 0x6576, 0x6577, 0x6577, 0x5D78, 0x5D99, 0x5D99, 0x5DB9, 0x5DBA, 0x5DDA, 0x65DB, 0x65FB,
    0x0407, 0x0407, 0x0408, 0x0428, 0x0428, 0x0449, 0x046A, 0x048B, 0x04CC, 0x04EE, 0x150E, 0x1D30, 0x2D51, 0x3552, 0x4573, 0x4D94,
    0x55B5, 0x5DB5, 0x6596, 0x6D96, 0x6D96, 0x6D97, 0x6D97, 0x6597, 0x6598, 0x65B9, 0x65B9, 0x65D9, 0x5DFA, 0x5DFA, 0x661B, 0x661B,
    0x0448, 0x0448, 0x0448, 0x0469, 0x0489, 0x048A, 0x04AB, 0x04CC, 0x04ED, 0x050E, 0x152F, 0x2550, 0x2D51, 0x3D72, 0x4593, 0x4DB4,
    0x55B5, 0x65B5, 0x65D6, 0x6DB6, 0x6DB6, 0x75B7, 0x75B7, 0x6DB8, 0x6DB8, 0x6DD9, 0x6DD9, 0x65FA, 0x65FA, 0x661A, 0x661B, 0x663C,
    0x0489, 0x0489, 0x04A9, 0x04A9, 0x04AA, 0x04CB, 0x04EB, 0x050C, 0x052D, 0x052F, 0x1D50, 0x2D51, 0x3571, 0x3D92, 0x45B3, 0x4DB4,
    0x5DD5, 0x65D6, 0x65F6, 0x6DF6, 0x75D7, 0x75D7, 0x75D7, 0x75D8, 0x75D8, 0x6DF9, 0x6DF9, 0x6E19, 0x6E1A, 0x663A, 0x6E3B, 0x6E5C,
    0x04CA, 0x04EA, 0x04EA, 0x04EA, 0x04EB, 0x050C, 0x052C, 0x052D, 0x054E, 0x0D4F, 0x2570, 0x3571, 0x3D91, 0x3DB2, 0x45B3, 0x4DD4,
    0x5DD5, 0x65F6, 0x6616, 0x6E17, 0x7617, 0x75F7, 0x7DF7, 0x75F8, 0x75F8, 0x7619, 0x7619, 0x6E39, 0x6E3A, 0x6E3A, 0x6E5B, 0x6E7B,
    0x052B, 0x052B, 0x052B, 0x052B, 0x052C, 0x054D, 0x054D, 0x054E, 0x056F, 0x1D70, 0x2D91, 0x3D91, 0x3DB2, 0x45B3, 0x4DD3, 0x55D4,
    0x5DF5, 0x6616, 0x6616, 0x6E37, 0x7638, 0x7E38, 0x7E18, 0x7E18, 0x7E18, 0x7E39, 0x7639, 0x765A, 0x765A, 0x765A, 0x767B, 0x769B,
    0x054C, 0x056C, 0x054C, 0x054D, 0x056D, 0x056D, 0x058E, 0x058F, 0x0D8F, 0x2DB0, 0x3DB1, 0x45D2, 0x45D2, 0x4DD3, 0x55F4, 0x55F5,
    0x5E15, 0x6616, 0x6E36, 0x6E57, 0x7658, 0x7E58, 0x7E59, 0x7E58, 0x8639, 0x7E59, 0x7E5A, 0x7E5A, 0x7E7A, 0x7E7B, 0x7E9B, 0x7EBC,
    0x058D, 0x058D, 0x058D, 0x058E, 0x058E, 0x05AF, 0x05AF, 0x0DB0, 0x25B0, 0x3DD1, 0x45D2, 0x4DD2, 0x4DF3, 0x55F4, 0x5614, 0x5E15,
    0x5E35, 0x6636, 0x6E57, 0x6E57, 0x7678, 0x7E79, 0x7E79, 0x7E79, 0x8679, 0x8679, 0x8679, 0x7E7A, 0x7E9A, 0x7E9B, 0x7E9B, 0x86BB,
    0x05CF, 0x05AF, 0x05AF, 0x05CF, 0x05CF, 0x05D0, 0x15D0, 0x25D1, 0x35D1, 0x45F2, 0x4DF3, 0x55F3, 0x5614, 0x5E14, 0x5E15, 0x5E35,
    0x6656, 0x5E56, 0x6677, 0x6E78, 0x7698, 0x7699, 0x7E9A, 0x7E9A, 0x869A, 0x869A, 0x869A, 0x869A, 0x869A, 0x86BB, 0x86BB, 0x86DB,
    0x15F0, 0x15F0, 0x15F0, 0x15F0, 0x1DF1, 0x2611, 0x2E11, 0x3E12, 0x4613, 0x5613, 0x5E14, 0x5E34, 0x6634, 0x6635, 0x6655, 0x6656,
    0x6676, 0x6677, 0x6697, 0x6E98, 0x6EB8, 0x76B9, 0x7EBA, 0x7EDA, 0x86BA, 0x86BA, 0x86BA, 0x86BA, 0x86BA, 0x86BB, 0x8EDB, 0x8EDB,
    0x3632, 0x3632, 0x3E32, 0x3E32, 0x4632, 0x4E33, 0x4E33, 0x5633, 0x5E34, 0x6654, 0x6655, 0x6E55, 0x6E55, 0x6E76, 0x6E76, 0x6E76,
    0x6E97, 0x6697, 0x66B8, 0x6EB8, 0x6EB9, 0x76D9, 0x76DA, 0x7EFA, 0x86FA, 0x86FA, 0x8EDA, 0x8EDB, 0x8EDB, 0x8EDB, 0x8EDB, 0x96DC,
    0x5E53, 0x5E54, 0x5E54, 0x5E54, 0x5E74, 0x6674, 0x6675, 0x6E75, 0x6E75, 0x6E76, 0x7676, 0x7696, 0x7696, 0x7696, 0x76B7, 0x76B7,
    0x6EB7, 0x6ED8, 0x6ED8, 0x6EF9, 0x6EF9, 0x76FA, 0x771A, 0x7F1A, 0x871B, 0x871B, 0x8F1B, 0x8EFB, 0x8EFB, 0x96FB, 0x96FC, 0x9EFC,
    0x2080, 0x2081, 0x2081, 0x2081, 0x2081, 0x2061, 0x2062, 0x2862, 0x2863, 0x2064, 0x2865, 0x2866, 0x3047, 0x3049, 0x302B, 0x282D,
    0x280F, 0x2011, 0x1812, 0x0014, 0x0015, 0x0016, 0x0016, 0x0017, 0x0018, 0x0018, 0x0039, 0x003A, 0x005A, 0x005B, 0x007B, 0x00BC,
    0x2080, 0x2080, 0x2080, 0x2081, 0x2081, 0x2081, 0x2882, 0x2882, 0x2863, 0x2884, 0x2885, 0x3066, 0x3068, 0x3049, 0x304B, 0x282D,
    0x280F, 0x2011, 0x1812, 0x0013, 0x0014, 0x0015, 0x0016, 0x0017, 0x0038, 0x0039, 0x0039, 0x005A, 0x005A, 0x007B, 0x009B, 0x00BC,
    0x2080, 0x2080, 0x2081, 0x20A1, 0x2081, 0x2882, 0x2882, 0x2883, 0x2883, 0x2884, 0x2885, 0x3086, 0x3068, 0x3069, 0x304B, 0x284D,
    0x282F, 0x2031, 0x1012, 0x0013, 0x0014, 0x0035, 0x0036, 0x0037, 0x0038, 0x0059, 0x0059, 0x005A, 0x007A, 0x009B, 0x009B, 0x00BC,
    0x20A0, 0x20A1, 0x20A1, 0x20A1, 0x20A1, 0x28A2, 0x28A2, 0x2883, 0x28A3, 0x28A4, 0x2885, 0x3086, 0x3088, 0x3089, 0x306B, 0x286D,
    0x284F, 0x2051, 0x1032, 0x0033, 0x0034, 0x0055, 0x0056, 0x0057, 0x0058, 0x0078, 0x0079, 0x007A, 0x009A, 0x009B, 0x00BB, 0x00DC,
    0x20A0, 0x20A1, 0x20A1, 0x20C1, 0x20C1, 0x28C2, 0x28A2, 0x28A3, 0x28A3, 0x28C4, 0x28A5, 0x30A7, 0x30A8, 0x3089, 0x308C, 0x288D,
    0x286F, 0x2071, 0x1073, 0x0074, 0x0074, 0x0075, 0x0076, 0x0077, 0x0098, 0x0098, 0x0099, 0x00BA, 0x00BA, 0x00BB, 0x00DB, 0x011C,
    0x20C1, 0x20C1, 0x20C1, 0x20C1, 0x20C2, 0x20E2, 0x28E2, 0x28C3, 0x28C4, 0x28C4, 0x30C6, 0x30C7, 0x30C8, 0x30AA, 0x30AC, 0x28AD,
    0x20B0, 0x1891, 0x1092, 0x0093, 0x0094, 0x0095, 0x00B6, 0x00B7, 0x00B8, 0x00B8, 0x00D9, 0x00D9, 0x00FA, 0x00FB, 0x00FB, 0x013B,
    0x20E1, 0x20E1, 0x20E1, 0x28E1, 0x28E2, 0x28E2, 0x28E2, 0x28E3, 0x28E4, 0x30E5, 0x30E6, 0x30E7, 0x30E9, 0x30EB, 0x30CC, 0x28CE,
    0x20D0, 0x18D1, 0x10D3, 0x00D4, 0x00D5, 0x00D6, 0x00D6, 0x00F7, 0x00F8, 0x00F9, 0x0119, 0x011A, 0x013A, 0x013B, 0x015B, 0x117C,
    0x20E1, 0x20E1, 0x28E1, 0x2901, 0x2902, 0x2902, 0x2903, 0x2923, 0x3124, 0x3125, 0x3126, 0x3128, 0x3109, 0x310B, 0x290D, 0x290E,
    0x2110, 0x1912, 0x0913, 0x0114, 0x0115, 0x0116, 0x0117, 0x0137, 0x0138, 0x0138, 0x0159, 0x015A, 0x017A, 0x017B, 0x019B, 0x19BC,
    0x2101, 0x2121, 0x2922, 0x2922, 0x2922, 0x2922, 0x2923, 0x3144, 0x3144, 0x3165, 0x3167, 0x3148, 0x314A, 0x314B, 0x294D, 0x214F,
    0x2150, 0x1152, 0x0153, 0x0154, 0x0155, 0x0176, 0x0176, 0x0177, 0x0178, 0x0198, 0x0199, 0x01BA, 0x01BA, 0x01BB, 0x09DB, 0x21FC,
    0x2141, 0x2141, 0x2142, 0x2142, 0x2142, 0x2943, 0x2963, 0x2964, 0x3185, 0x39A6, 0x39A7, 0x31A9, 0x31AA, 0x298B, 0x29AD, 0x21AF,
    0x19B1, 0x11B2, 0x01B3, 0x01B4, 0x01B5, 0x01B6, 0x01B6, 0x01B7, 0x01D8, 0x01D8, 0x01F9, 0x01FA, 0x01FA, 0x021B, 0x0A1B, 0x2A3C,
    0x1942, 0x1962, 0x1962, 0x1962, 0x2163, 0x2183, 0x2183, 0x2984, 0x29C5, 0x31E6, 0x3A08, 0x3209, 0x320B, 0x2A0C, 0x220E, 0x2210,
    0x1211, 0x0A12, 0x0213, 0x0214, 0x0215, 0x0216, 0x0217, 0x0217, 0x0218, 0x0238, 0x0239, 0x023A, 0x025A, 0x025B, 0x127B, 0x2A7C,
    0x1162, 0x1162, 0x1162, 0x1982, 0x1983, 0x1983, 0x21A4, 0x21C4, 0x29E5, 0x3227, 0x3A68, 0x3A6A, 0x328B, 0x2A8D, 0x228E, 0x1A90,
    0x1A91, 0x1292, 0x0A93, 0x0274, 0x0295, 0x0296, 0x0276, 0x0277, 0x0278, 0x0278, 0x0299, 0x029A, 0x029A, 0x0ABA, 0x12BB, 0x2ABC,
    0x0982, 0x0982, 0x1182, 0x1183, 0x11A3, 0x11A3, 0x19C4, 0x21E5, 0x2A26, 0x3267, 0x3AA9, 0x3ACB, 0x32EC, 0x2AED, 0x230E, 0x1B10,
    0x1B31, 0x1B32, 0x1B13, 0x1314, 0x1B15, 0x1B16, 0x12F6, 0x12F7, 0x0AF8, 0x0AF8, 0x12F9, 0x12FA, 0x12FA, 0x1AFA, 0x231B, 0x331C,
    0x01A3, 0x09A2, 0x09A3, 0x09A3, 0x09C3, 0x09E3, 0x1204, 0x1A45, 0x2A86, 0x32C8, 0x3B0A, 0x3B4C, 0x336D, 0x336E, 0x2B6F, 0x2391,
    0x1B92, 0x13B3, 0x23B4, 0x2BB5, 0x33B5, 0x33B6, 0x3B97, 0x3B98, 0x3398, 0x3379, 0x3379, 0x337A, 0x337A, 0x339B, 0x3B9B, 0x43BC,
    0x01C2, 0x01C2, 0x01C3, 0x01E3, 0x0204, 0x0224, 0x0A45, 0x1A86, 0x22C7, 0x3308, 0x334A, 0x338C, 0x33CD, 0x3BCF, 0x33D0, 0x2BF1,
    0x23F2, 0x2413, 0x1C14, 0x2415, 0x2C15, 0x3C16, 0x4417, 0x4417, 0x4418, 0x4418, 0x43F9, 0x43FA, 0x43FA, 0x3BFB, 0x43FB, 0x43FC,
    0x01E3, 0x0203, 0x0203, 0x0223, 0x0244, 0x0264, 0x02A5, 0x0AC6, 0x1B07, 0x2B49, 0x2BAB, 0x33ED, 0x340E, 0x3430, 0x3C30, 0x3431,
    0x3452, 0x2C53, 0x2C54, 0x2C55, 0x3455, 0x3C76, 0x4477, 0x4477, 0x4C78, 0x4C78, 0x5479, 0x545A, 0x4C5A, 0x4C5A, 0x4C5B, 0x4C5C,
    0x0243, 0x0243, 0x0264, 0x0264, 0x0284, 0x02A5, 0x02E6, 0x0327, 0x1348, 0x23AA, 0x2BEC, 0x2C0D, 0x344F, 0x3491, 0x3C91, 0x4492,
    0x3C93, 0x3C94, 0x3C94, 0x3495, 0x3C95, 0x3CB6, 0x44B7, 0x44B7, 0x4CB8, 0x54B8, 0x5CD9, 0x5CD9, 0x54BA, 0x54BA, 0x54BB, 0x54BC,
    0x0284, 0x0284, 0x02A4, 0x02A4, 0x02C5, 0x02E5, 0x0326, 0x0368, 0x03A9, 0x1BEB, 0x2C2C, 0x2C4E, 0x348F, 0x34B0, 0x3CF2, 0x44D2,
    0x4CD3, 0x4CD4, 0x44D4, 0x44D5, 0x44D5, 0x44F6, 0x44D7, 0x44F7, 0x4CF8, 0x54F8, 0x5519, 0x5D19, 0x5D1A, 0x5D1A, 0x5D1B, 0x5D1C,
    0x02C4, 0x02E4, 0x02E5, 0x02E5, 0x0306, 0x0346, 0x0387, 0x03A8, 0x03CA, 0x1C0B, 0x244D, 0x2C8E, 0x34AF, 0x34F0, 0x3D12, 0x4513,
    0x5514, 0x5514, 0x54F4, 0x4CF5, 0x4D16, 0x4D16, 0x5517, 0x4D17, 0x4D18, 0x4D38, 0x5539, 0x5D39, 0x5D3A, 0x5D5A, 0x655B, 0x6D7B,
    0x0345, 0x0345, 0x0345, 0x0366, 0x0386, 0x03A7, 0x03C8, 0x0409, 0x042A, 0x144C, 0x248D, 0x2CCF, 0x34F0, 0x3D11, 0x4532, 0x4D53,
    0x5554, 0x5D54, 0x5D35, 0x5D35, 0x5D36, 0x5D56, 0x5D57, 0x5D57, 0x5D58, 0x5D78, 0x5D79, 0x5D79, 0x5D7A, 0x659A, 0x659B, 0x6DBB,
    0x0385, 0x0386, 0x03A6, 0x03A6, 0x03C7, 0x03E8, 0x0409, 0x044A, 0x046B, 0x14AD, 0x24CE, 0x34EF, 0x3D10, 0x4531, 0x4D52, 0x5573,
    0x5D74, 0x6575, 0x6575, 0x6D76, 0x6D76, 0x6D77, 0x6577, 0x6578, 0x6598, 0x6598, 0x65B9, 0x65B9, 0x65BA, 0x65DA, 0x65DB, 0x6DDB,
    0x03E6, 0x03E6, 0x03E7, 0x0407, 0x0428, 0x0428, 0x0449, 0x046B, 0x04AC, 0x0CCD, 0x24EE, 0x350F, 0x3D30, 0x4551, 0x4D72, 0x5593,
    0x5D95, 0x65B5, 0x6D95, 0x6D96, 0x6D96, 0x6D97, 0x6D97, 0x6D98, 0x6DB8, 0x6DB9, 0x65D9, 0x65D9, 0x65FA, 0x65FA, 0x65FB, 0x6E1B,
    0x0427, 0x0427, 0x0448, 0x0448, 0x0468, 0x0489, 0x048A, 0x04AB, 0x04CC, 0x04ED, 0x250F, 0x3530, 0x3D51, 0x4572, 0x4D93, 0x5594,
    0x5DB5, 0x65D5, 0x6DD6, 0x75B6, 0x75B6, 0x75B7, 0x75B7, 0x6DB8, 0x6DD8, 0x6DD9, 0x6DD9, 0x6DFA, 0x6DFA, 0x661A, 0x661B, 0x663C,
    0x0468, 0x0488, 0x0489, 0x0489, 0x04A9, 0x04CA, 0x04CB, 0x04EC, 0x050D, 0x052E, 0x2550, 0x3550, 0x3D71, 0x4592, 0x4D93, 0x55B4,
    0x5DD5, 0x65D5, 0x6DF6, 0x75F6, 0x75D7, 0x7DD7, 0x7DD7, 0x75D7, 0x75D8, 0x75F8, 0x6DF9, 0x6E19, 0x6E1A, 0x6E3A, 0x6E3B, 0x6E5B,
    0x04C9, 0x04C9, 0x04C9, 0x04CA, 0x04EA, 0x050B, 0x050C, 0x052D, 0x052D, 0x0D4F, 0x2D70, 0x3D71, 0x4591, 0x4592, 0x4DB3, 0x55D4,
    0x5DD5, 0x65F6, 0x6E16, 0x7617, 0x7617, 0x7DF7, 0x7DF7, 0x7DF8, 0x7DF8, 0x7618, 0x7619, 0x7639, 0x6E3A, 0x6E5A, 0x6E5B, 0x767B,
    0x050A, 0x050A, 0x050B, 0x050B, 0x052B, 0x052C, 0x054D, 0x054D, 0x056E, 0x1D6F, 0x3590, 0x4591, 0x45B2, 0x4DB3, 0x55D3, 0x5DD4,
    0x5DF5, 0x65F6, 0x6E16, 0x7637, 0x7638, 0x7E38, 0x7E18, 0x7E18, 0x7E18, 0x7E39, 0x7E39, 0x7E3A, 0x765A, 0x765A, 0x767B, 0x7E9B,
    0x054B, 0x054B, 0x054C, 0x054C, 0x056C, 0x056D, 0x056E, 0x056E, 0x0D8F, 0x2DB0, 0x3DB1, 0x4DB2, 0x4DD2, 0x55F3, 0x55F4, 0x5DF4,
    0x6615, 0x6616, 0x6E37, 0x7637, 0x7658, 0x7E58, 0x7E58, 0x8658, 0x8639, 0x8659, 0x7E5A, 0x7E7A, 0x7E7A, 0x7E7B, 0x7E9B, 0x7E9C,
    0x056D, 0x058D, 0x058D, 0x058D, 0x058D, 0x05AE, 0x05AF, 0x058F, 0x15B0, 0x35D1, 0x45D2, 0x4DD2, 0x55D3, 0x55F3, 0x5E14, 0x5E15,
    0x6615, 0x6636, 0x6E57, 0x6E77, 0x7678, 0x7E79, 0x7E79, 0x8679, 0x8679, 0x8679, 0x867A, 0x7E7A, 0x7E9B, 0x7E9B, 0x869B, 0x86BB,
    0x05AE, 0x05AE, 0x05AE, 0x05AE, 0x05CF, 0x05CF, 0x0DD0, 0x1DD0, 0x2DD1, 0x45F2, 0x4DF2, 0x5DF3, 0x5E13, 0x5E14, 0x6635, 0x6635,
    0x6636, 0x6656, 0x6677, 0x6E77, 0x7698, 0x7699, 0x7EB9, 0x7E99, 0x8699, 0x8699, 0x869A, 0x869A, 0x869B, 0x86BB, 0x86BB, 0x86DB,
    0x0DF0, 0x15F0, 0x15F0, 0x15F0, 0x1DF0, 0x1DF1, 0x2DF1, 0x3612, 0x4612, 0x4E12, 0x5E13, 0x6634, 0x6634, 0x6635, 0x6655, 0x6656,
    0x6656, 0x6677, 0x6697, 0x6E98, 0x7698, 0x76B9, 0x7EDA, 0x7EDA, 0x86DA, 0x86BA, 0x86BA, 0x86BA, 0x8EBB, 0x8EBB, 0x8EDB, 0x8EDB,
    0x2E32, 0x3631, 0x3631, 0x3632, 0x3E32, 0x4632, 0x4E33, 0x5633, 0x5633, 0x5E54, 0x6654, 0x6E55, 0x6E55, 0x6E56, 0x6E76, 0x6E76,
    0x6E97, 0x6E97, 0x6EB7, 0x6EB8, 0x6EB9, 0x76DA, 0x76DA, 0x7EFA, 0x86FA, 0x86FB, 0x8EDA, 0x8EDB, 0x8EDB, 0x8EDB, 0x8EDB, 0x96DC,
    0x5E73, 0x5E54, 0x5E54, 0x5E54, 0x5E74, 0x6674, 0x6675, 0x6E75, 0x6E95, 0x6E75, 0x7675, 0x7696, 0x7696, 0x7696, 0x7697, 0x76B7,
    0x76B7, 0x76D8, 0x6ED8, 0x6ED9, 0x6EF9, 0x76FA, 0x76FA, 0x7F1A, 0x871B, 0x8F1B, 0x8F1B, 0x8EFB, 0x96FB, 0x96FB, 0x96FB, 0x9EFC,
    0x2880, 0x2880, 0x2880, 0x2881, 0x2881, 0x3061, 0x3062, 0x3063, 0x3063, 0x3044, 0x3065, 0x3846, 0x3847, 0x3829, 0x380B, 0x380D,
    0x380F, 0x3010, 0x3012, 0x2013, 0x2014, 0x1815, 0x1016, 0x0017, 0x0018, 0x0019, 0x0019, 0x001A, 0x003A, 0x005B, 0x107B, 0x209C,
    0x2880, 0x2880, 0x2881, 0x2881, 0x2881, 0x2881, 0x3082, 0x3063, 0x3063, 0x3064, 0x3065, 0x3866, 0x3848, 0x3829, 0x380B, 0x380D,
    0x380F, 0x3010, 0x3012, 0x2013, 0x2014, 0x1815, 0x1016, 0x0817, 0x0017, 0x0018, 0x0039, 0x003A, 0x005A, 0x005B, 0x087B, 0x18BC,
    0x2880, 0x2881, 0x2881, 0x28A1, 0x2881, 0x3081, 0x3082, 0x3083, 0x3083, 0x3084, 0x3065, 0x3866, 0x3868, 0x3849, 0x382B, 0x380D,
    0x380F, 0x3011, 0x3012, 0x2013, 0x2015, 0x1816, 0x1016, 0x0017, 0x0017, 0x0038, 0x0039, 0x005A, 0x005A, 0x007B, 0x089B, 0x18DC,
    0x28A0, 0x28A1, 0x28A1, 0x28A1, 0x28A1, 0x30A2, 0x30A2, 0x3083, 0x3083, 0x3884, 0x3885, 0x3867, 0x3868, 0x3869, 0x404B, 0x382D,
    0x382F, 0x3011, 0x3012, 0x2014, 0x2015, 0x1816, 0x1016, 0x0037, 0x0038, 0x0058, 0x0059, 0x007A, 0x007A, 0x009B, 0x08BB, 0x18DC,
    0x28A0, 0x28C0, 0x28A1, 0x28A1, 0x28C1, 0x30A1, 0x30A2, 0x30A3, 0x30A3, 0x38A4, 0x38A5, 0x3887, 0x4088, 0x408A, 0x406B, 0x384D,
    0x384F, 0x3051, 0x2832, 0x2034, 0x2035, 0x1856, 0x1056, 0x0077, 0x0078, 0x0078, 0x0099, 0x009A, 0x00BA, 0x00BB, 0x08DB, 0x191C,
    0x28C1, 0x28C1, 0x28C1, 0x28C1, 0x28C1, 0x30C2, 0x30C2, 0x30C3, 0x38C4, 0x38C4, 0x38C6, 0x38A7, 0x40A8, 0x40AA, 0x40AC, 0x388E,
    0x388F, 0x3091, 0x2872, 0x2073, 0x2075, 0x1896, 0x1096, 0x0097, 0x0097, 0x00B8, 0x00D9, 0x00D9, 0x00DA, 0x00FB, 0x08FB, 0x213C,
    0x28E1, 0x28E1, 0x28E1, 0x30E1, 0x30E2, 0x3102, 0x30E3, 0x38E3, 0x38E4, 0x38E5, 0x38E6, 0x40E7, 0x40E9, 0x40CB, 0x40CC, 0x40CE,
    0x38B0, 0x30B1, 0x28B3, 0x20B4, 0x20D5, 0x18D6, 0x10D6, 0x08D7, 0x08F8, 0x00F8, 0x0119, 0x0919, 0x093A, 0x113B, 0x195B, 0x297C,
    0x30E1, 0x2901, 0x3101, 0x3101, 0x3102, 0x3122, 0x3923, 0x3923, 0x3924, 0x4125, 0x4126, 0x4108, 0x4109, 0x410B, 0x410D, 0x410E,
    0x3910, 0x30F2, 0x28F3, 0x20F4, 0x2115, 0x1916, 0x1916, 0x1137, 0x0938, 0x0939, 0x0959, 0x115A, 0x117A, 0x197B, 0x219B, 0x31DC,
    0x2901, 0x2921, 0x2921, 0x3122, 0x3122, 0x3923, 0x3943, 0x3944, 0x4164, 0x4165, 0x4167, 0x4148, 0x414A, 0x414B, 0x414D, 0x394F,
    0x3950, 0x3152, 0x2953, 0x2154, 0x2155, 0x1976, 0x1976, 0x1177, 0x1178, 0x1198, 0x1199, 0x119A, 0x19BA, 0x19DB, 0x29FB, 0x321C,
    0x2941, 0x2941, 0x3141, 0x3142, 0x3142, 0x3163, 0x3963, 0x3984, 0x4185, 0x41A6, 0x41A7, 0x41A9, 0x41AA, 0x41AC, 0x41AD, 0x39AF,
    0x31B1, 0x29B2, 0x29B3, 0x21B4, 0x21B5, 0x21B6, 0x19B7, 0x19D7, 0x11D8, 0x11D8, 0x19D9, 0x19FA, 0x1A1A, 0x221B, 0x2A3B, 0x3A5C,
    0x2961, 0x2961, 0x2962, 0x2962, 0x2982, 0x3183, 0x31A4, 0x39A4, 0x39C5, 0x41E6, 0x4208, 0x4209, 0x420B, 0x420C, 0x3A0E, 0x3A0F,
    0x3211, 0x2A12, 0x2A13, 0x2214, 0x2215, 0x2216, 0x2217, 0x1A17, 0x1A38, 0x1A38, 0x2239, 0x225A, 0x225A, 0x227B, 0x2A7B, 0x3ABC,
    0x2182, 0x2182, 0x2182, 0x2182, 0x21A3, 0x29A3, 0x29C4, 0x31C4, 0x31E5, 0x3A06, 0x4248, 0x426A, 0x428B, 0x3A8C, 0x3A8E, 0x3A90,
    0x3291, 0x2A92, 0x2A73, 0x2274, 0x2275, 0x2276, 0x2276, 0x1A77, 0x1A78, 0x2298, 0x2299, 0x229A, 0x22BA, 0x2ABB, 0x32BB, 0x3AFC,
    0x19A2, 0x19A2, 0x19A2, 0x19A3, 0x21C3, 0x21C3, 0x21E4, 0x29E4, 0x2A25, 0x3247, 0x42A9, 0x42CA, 0x42EC, 0x42ED, 0x3B0E, 0x3B10,
    0x3B11, 0x3313, 0x32F3, 0x2AF4, 0x2AF5, 0x2AF6, 0x2AF7, 0x2AF7, 0x2AF8, 0x2AF9, 0x2AF9, 0x32FA, 0x2AFA, 0x32FA, 0x3B1B, 0x433C,
    0x11C2, 0x11C2, 0x11C3, 0x19C3, 0x19E3, 0x19E3, 0x1A04, 0x2225, 0x2A46, 0x32A7, 0x42E9, 0x434B, 0x436D, 0x436E, 0x438F, 0x3B91,
    0x33B2, 0x3BB3, 0x3BB4, 0x3BB5, 0x4396, 0x4396, 0x4377, 0x4377, 0x4378, 0x3B79, 0x4379, 0x437A, 0x437A, 0x439B, 0x4B9B, 0x4BBC,
    0x09C3, 0x09C3, 0x09C3, 0x09E3, 0x11E3, 0x1204, 0x1224, 0x1A65, 0x22A6, 0x32E8, 0x3B2A, 0x438C, 0x43CD, 0x4BEF, 0x43F0, 0x43F1,
    0x3BF2, 0x3C13, 0x3414, 0x3C15, 0x4415, 0x4C16, 0x4C17, 0x4C17, 0x4BF8, 0x4BF9, 0x4BF9, 0x4BFA, 0x4BDA, 0x4BDB, 0x4BDB, 0x4BFC,
    0x01E3, 0x01E3, 0x0203, 0x0203, 0x0224, 0x0244, 0x0A85, 0x12A6, 0x22E7, 0x2B28, 0x3B8A, 0x43CC, 0x440E, 0x4430, 0x4C30, 0x4C31,
    0x4452, 0x4453, 0x3C54, 0x4455, 0x4475, 0x4C76, 0x4C77, 0x5477, 0x5478, 0x5C59, 0x5C79, 0x545A, 0x545A, 0x543A, 0x4C3B, 0x545C,
    0x0223, 0x0223, 0x0223, 0x0243, 0x0264, 0x0284, 0x02C5, 0x0AE6, 0x1B27, 0x2B69, 0x3BCB, 0x440D, 0x444E, 0x4470, 0x4C91, 0x4C92,
    0x4C93, 0x4C93, 0x4C94, 0x4495, 0x4CB5, 0x4CB6, 0x4CB7, 0x54B7, 0x5CB8, 0x5CB8, 0x5CB9, 0x5CB9, 0x5CBA, 0x5CBA, 0x54BB, 0x5CBC,
    0x0263, 0x0264, 0x0284, 0x0284, 0x02A4, 0x02C5, 0x0306, 0x0327, 0x0B68, 0x23A9, 0x340B, 0x3C4D, 0x446F, 0x44B0, 0x4CD2, 0x54D2,
    0x5CD3, 0x54D3, 0x54D4, 0x54D5, 0x54F5, 0x54F6, 0x54F7, 0x54F7, 0x54F8, 0x5CF8, 0x64F9, 0x6519, 0x651A, 0x64FA, 0x5CFB, 0x651C,
    0x02A4, 0x02C4, 0x02C4, 0x02C4, 0x02E5, 0x0325, 0x0346, 0x0387, 0x03A9, 0x1BEA, 0x2C4C, 0x3C8D, 0x3CAF, 0x44D0, 0x4D11, 0x5513,
    0x5D33, 0x5D14, 0x5CF4, 0x5CF5, 0x5D16, 0x5D16, 0x5D17, 0x5517, 0x5537, 0x5538, 0x5D39, 0x6559, 0x655A, 0x655A, 0x655B, 0x6D5B,
    0x0304, 0x0304, 0x0325, 0x0325, 0x0346, 0x0386, 0x03A7, 0x03C8, 0x0409, 0x1C4B, 0x348D, 0x3CAE, 0x44EF, 0x4D11, 0x5532, 0x5D53,
    0x5D54, 0x6554, 0x6535, 0x6535, 0x6556, 0x6556, 0x6557, 0x6557, 0x6558, 0x6578, 0x6579, 0x6579, 0x657A, 0x6D9A, 0x6D9B, 0x6DBB,
    0x0365, 0x0365, 0x0365, 0x0386, 0x03A6, 0x03C7, 0x03E8, 0x0429, 0x044A, 0x148B, 0x2CAD, 0x3CEF, 0x4510, 0x4D31, 0x5552, 0x5D73,
    0x6574, 0x6D95, 0x6D75, 0x6D76, 0x6D76, 0x6D76, 0x6D77, 0x6D77, 0x6D98, 0x6D98, 0x6DB9, 0x65B9, 0x65BA, 0x6DDA, 0x6DDB, 0x75DB,
    0x03A5, 0x03C6, 0x03C6, 0x03C7, 0x03E7, 0x0408, 0x0429, 0x046A, 0x048B, 0x0CAC, 0x2CEE, 0x3D0F, 0x4530, 0x4D51, 0x5552, 0x5D73,
    0x6594, 0x6DB5, 0x7596, 0x7596, 0x7596, 0x7596, 0x7597, 0x7597, 0x6DB8, 0x6DB9, 0x6DD9, 0x6DDA, 0x65FA, 0x65FA, 0x6DFB, 0x6E1B,
    0x0406, 0x0407, 0x0407, 0x0427, 0x0448, 0x0468, 0x0489, 0x04AA, 0x04CC, 0x04ED, 0x250E, 0x3D30, 0x4551, 0x4D71, 0x5573, 0x5D94,
    0x65B4, 0x6DD5, 0x75D6, 0x75B6, 0x7DB6, 0x7DB7, 0x75B7, 0x75B8, 0x75D8, 0x75D9, 0x75F9, 0x6DFA, 0x6DFA, 0x6E1A, 0x6E3B, 0x6E3C,
    0x0448, 0x0468, 0x0468, 0x0468, 0x0489, 0x04A9, 0x04AA, 0x04CB, 0x04EC, 0x050D, 0x252F, 0x3D50, 0x4571, 0x4D71, 0x5592, 0x5DB4,
    0x65D5, 0x6DD5, 0x75F6, 0x75F6, 0x7DF7, 0x7DD7, 0x7DD7, 0x7DD7, 0x7DD8, 0x75F8, 0x7619, 0x761A, 0x6E1A, 0x6E3A, 0x6E3B, 0x6E5B,
    0x04A8, 0x04A8, 0x04A9, 0x04C9, 0x04CA, 0x04EA, 0x04EB, 0x050C, 0x052D, 0x054E, 0x2D4F, 0x4570, 0x4D71, 0x4D92, 0x5593, 0x5DB4,
    0x65D5, 0x65F5, 0x6DF6, 0x7617, 0x7E17, 0x7E17, 0x7DF7, 0x7DF8, 0x7DF8, 0x7E19, 0x7E19, 0x763A, 0x763A, 0x765A, 0x765B, 0x767B,
    0x0509, 0x04E9, 0x050A, 0x050A, 0x050B, 0x052B, 0x052C, 0x054D, 0x054D, 0x0D6E, 0x2D70, 0x4591, 0x4D92, 0x55B2, 0x55B3, 0x5DD4,
    0x65F5, 0x65F5, 0x6E16, 0x7637, 0x7E37, 0x7E38, 0x7E18, 0x7E18, 0x7E18, 0x7E39, 0x7E39, 0x7E5A, 0x7E5A, 0x767A, 0x767B, 0x7E9B,
    0x054B, 0x054B, 0x054B, 0x054B, 0x054C, 0x056C, 0x056D, 0x056E, 0x058E, 0x1D90, 0x3D91, 0x4DB2, 0x55D2, 0x5DD3, 0x5DF3, 0x65F4,
    0x65F5, 0x6E16, 0x7636, 0x7637, 0x7E58, 0x7E58, 0x8659, 0x8658, 0x8659, 0x8659, 0x8659, 0x7E5A, 0x7E7A, 0x7E7B, 0x7E9B, 0x7EBB,
    0x056C, 0x056C, 0x056C, 0x056D, 0x058D, 0x058D, 0x058E, 0x05AF, 0x0DAF, 0x2DB0, 0x45D1, 0x4DD2, 0x55D3, 0x5DF3, 0x5DF4, 0x6614,
    0x6615, 0x6E36, 0x6E36, 0x7657, 0x7678, 0x7E78, 0x8679, 0x8679, 0x8679, 0x8679, 0x867A, 0x867A, 0x869A, 0x869B, 0x86BB, 0x86BB,
    0x05AD, 0x05AE, 0x05AE, 0x05AE, 0x05AE, 0x05CF, 0x05CF, 0x15D0, 0x25D0, 0x3DD1, 0x4DF2, 0x55F3, 0x5DF3, 0x6614, 0x6614, 0x6635,
    0x6E36, 0x6E56, 0x6E57, 0x6E77, 0x7678, 0x7E99, 0x7EB9, 0x8699, 0x8699, 0x8E9A, 0x8E9A, 0x869A, 0x869A, 0x86BB, 0x86BB, 0x8EDB,
    0x0DEF, 0x0DEF, 0x0DEF, 0x15F0, 0x15F0, 0x1DF0, 0x25F1, 0x2DF1, 0x3E12, 0x4E12, 0x5E13, 0x6613, 0x6634, 0x6635, 0x6E35, 0x6E56,
    0x6E56, 0x6E76, 0x6E77, 0x6E98, 0x7698, 0x76B9, 0x7EB9, 0x86BA, 0x86DA, 0x8EBA, 0x8EBA, 0x8EBA, 0x8EBA, 0x8EBB, 0x8EDB, 0x8EDB,
    0x2611, 0x2E11, 0x2E31, 0x3631, 0x3E12, 0x4632, 0x4632, 0x4E33, 0x5633, 0x5E33, 0x6654, 0x6E55, 0x6E55, 0x6E56, 0x6E76, 0x6E76,
    0x6E77, 0x6E97, 0x6E97, 0x6EB8, 0x76B9, 0x76D9, 0x7EDA, 0x7EFA, 0x86FA, 0x8EFB, 0x8EDB, 0x8EDB, 0x8EDB, 0x8EDB, 0x96DB, 0x9EDC,
    0x5673, 0x5E73, 0x5E53, 0x5E53, 0x5E74, 0x5E74, 0x6674, 0x6674, 0x6E74, 0x6E75, 0x7675, 0x7696, 0x7696, 0x7E76, 0x7E97, 0x76B7,
    0x76B8, 0x76B8, 0x76D8, 0x6ED9, 0x6ED9, 0x76FA, 0x76FA, 0x7EFA, 0x871A, 0x8F1B, 0x8F1B, 0x96FB, 0x96FB, 0x96FB, 0x96FC, 0x9EFC,
    0x3080, 0x3080, 0x3080, 0x3080, 0x3861, 0x3861, 0x3862, 0x3842, 0x3843, 0x4044, 0x4045, 0x4026, 0x4027, 0x4809, 0x480B, 0x480D,
    0x480F, 0x4810, 0x4012, 0x4013, 0x3815, 0x3015, 0x2816, 0x2017, 0x1818, 0x1819, 0x1019, 0x101A, 0x181A, 0x183B, 0x205B, 0x309C,
    0x3080, 0x3080, 0x3081, 0x3081, 0x3081, 0x3861, 0x3862, 0x3863, 0x3863, 0x4044, 0x4045, 0x4046, 0x4028, 0x4809, 0x480B, 0x480D,
    0x480F, 0x4810, 0x4012, 0x4013, 0x3814, 0x3015, 0x2816, 0x2017, 0x1818, 0x1818, 0x1019, 0x101A, 0x183A, 0x183B, 0x207C, 0x38BC,
    0x3080, 0x3080, 0x3081, 0x3081, 0x3881, 0x3881, 0x3882, 0x3863, 0x4063, 0x4064, 0x4065, 0x4046, 0x4048, 0x4829, 0x480B, 0x480D,
    0x480F, 0x4810, 0x4012, 0x4013, 0x3815, 0x3016, 0x2816, 0x2017, 0x1818, 0x1818, 0x1819, 0x103A, 0x185A, 0x187B, 0x209B, 0x38BC,
    0x30A0, 0x30A0, 0x30A1, 0x30A1, 0x38A1, 0x38A2, 0x3882, 0x3883, 0x4083, 0x4064, 0x4065, 0x4067, 0x4048, 0x484A, 0x482B, 0x480D,
    0x480F, 0x4811, 0x4012, 0x4013, 0x3815, 0x3016, 0x2816, 0x2017, 0x1818, 0x1838, 0x1839, 0x105A, 0x187A, 0x189B, 0x20BB, 0x38DC,
    0x30C0, 0x30C0, 0x30C1, 0x38C1, 0x38C1, 0x38A2, 0x38A2, 0x40A3, 0x4083, 0x4084, 0x4086, 0x4087, 0x4868, 0x486A, 0x484B, 0x482D,
    0x482F, 0x4811, 0x4012, 0x4013, 0x3815, 0x3016, 0x2836, 0x2037, 0x1858, 0x1858, 0x1879, 0x1899, 0x189A, 0x18BB, 0x20DB, 0x311C,
    0x30C1, 0x30C1, 0x30C1, 0x38C1, 0x38C1, 0x38C2, 0x40C2, 0x40C3, 0x40A4, 0x40A4, 0x48A6, 0x48A7, 0x4888, 0x488A, 0x488C, 0x486E,
    0x484F, 0x4851, 0x4052, 0x3853, 0x3855, 0x3076, 0x2876, 0x2077, 0x1897, 0x1898, 0x18B9, 0x18D9, 0x18DA, 0x18FB, 0x20FB, 0x393C,
    0x38E1, 0x38E1, 0x38E1, 0x38E1, 0x38E2, 0x38E2, 0x40E3, 0x40E3, 0x40E4, 0x40E5, 0x48E6, 0x48C7, 0x50C9, 0x50CA, 0x50AC, 0x50AE,
    0x48B0, 0x4891, 0x4093, 0x40B4, 0x38B5, 0x30B6, 0x28D6, 0x28D7, 0x20D8, 0x20F8, 0x2119, 0x211A, 0x213A, 0x293B, 0x315B, 0x417C,
    0x3901, 0x3901, 0x3901, 0x3901, 0x3902, 0x4122, 0x4123, 0x4123, 0x4924, 0x4905, 0x4906, 0x5108, 0x5109, 0x510B, 0x50ED, 0x50EE,
    0x48F0, 0x48F2, 0x40F3, 0x40F4, 0x38F5, 0x3916, 0x3117, 0x2937, 0x2938, 0x2159, 0x2959, 0x295A, 0x297A, 0x319B, 0x39BB, 0x41DC,
    0x3921, 0x3921, 0x3921, 0x3921, 0x3922, 0x4143, 0x4143, 0x4964, 0x4964, 0x4965, 0x5167, 0x5148, 0x514A, 0x514B, 0x514D, 0x514F,
    0x4950, 0x4952, 0x4133, 0x4154, 0x3955, 0x3976, 0x3177, 0x3177, 0x2978, 0x2998, 0x2999, 0x29BA, 0x31BA, 0x31DB, 0x39FB, 0x4A1C,
    0x3941, 0x3941, 0x3941, 0x3942, 0x4162, 0x4163, 0x4183, 0x4984, 0x49A5, 0x51A6, 0x51A7, 0x51A8, 0x51AA, 0x51AC, 0x51AD, 0x51AF,
    0x49B1, 0x49B2, 0x41B3, 0x41B4, 0x39B5, 0x39B6, 0x39D7, 0x31D7, 0x31D8, 0x29D8, 0x31F9, 0x321A, 0x321A, 0x3A1B, 0x423B, 0x4A7C,
    0x3981, 0x3981, 0x3982, 0x3982, 0x3982, 0x41A3, 0x41A4, 0x49C4, 0x49C5, 0x49E6, 0x5208, 0x5209, 0x520B, 0x520C, 0x520E, 0x4A0F,
    0x4A11, 0x4212, 0x4213, 0x4214, 0x3A15, 0x3A16, 0x3A37, 0x3237, 0x3238, 0x3238, 0x3A59, 0x3A5A, 0x3A7A, 0x3A7B, 0x429B, 0x4ABC,
    0x31A1, 0x31A2, 0x31A2, 0x31A2, 0x31C2, 0x39C3, 0x39E4, 0x41E4, 0x4205, 0x4A26, 0x5268, 0x5289, 0x528B, 0x528C, 0x528E, 0x4A90,
    0x4A91, 0x4292, 0x4273, 0x3A74, 0x3A75, 0x3A96, 0x3A96, 0x3A97, 0x3A98, 0x3A98, 0x3AB9, 0x3ABA, 0x3ABA, 0x3ABB, 0x42DB, 0x4AFC,
    0x29C2, 0x29C2, 0x29C2, 0x29E2, 0x29E3, 0x3203, 0x3204, 0x3A24, 0x3A45, 0x4266, 0x4AA8, 0x52CA, 0x52EC, 0x52ED, 0x4B0E, 0x4B10,
    0x4B11, 0x4B13, 0x42F3, 0x42F4, 0x42F5, 0x42F6, 0x42F7, 0x42F7, 0x3AF8, 0x42F9, 0x4319, 0x431A, 0x431A, 0x431B, 0x4B3B, 0x535C,
    0x21E2, 0x21E2, 0x21E3, 0x2203, 0x2203, 0x2A23, 0x2A24, 0x3245, 0x3266, 0x3AA7, 0x42E9, 0x532B, 0x536C, 0x538E, 0x538F, 0x4BB1,
    0x4BB2, 0x4BB3, 0x4B94, 0x4B95, 0x4B95, 0x4B76, 0x4B77, 0x4B77, 0x4B78, 0x4B79, 0x4B79, 0x539A, 0x4B9A, 0x539B, 0x539B, 0x5BBC,
    0x1A03, 0x19E3, 0x1A03, 0x1A03, 0x1A03, 0x1A23, 0x2244, 0x2265, 0x2A86, 0x32C7, 0x4309, 0x4B6B, 0x53AD, 0x5BEF, 0x53F0, 0x53F1,
    0x4C12, 0x4C13, 0x4C14, 0x5415, 0x5415, 0x5C16, 0x5C17, 0x53F7, 0x53F8, 0x53F9, 0x53F9, 0x53F9, 0x53DA, 0x53DB, 0x53DB, 0x5BFC,
    0x0A03, 0x0A03, 0x0A03, 0x1223, 0x1223, 0x1244, 0x1264, 0x1A85, 0x22C6, 0x3308, 0x4349, 0x4BAB, 0x53ED, 0x542F, 0x5C50, 0x5C51,
    0x5452, 0x5453, 0x5454, 0x5455, 0x5475, 0x5C76, 0x5C77, 0x5C77, 0x5C58, 0x5C58, 0x5C59, 0x5C59, 0x5C5A, 0x5C3B, 0x5C3B, 0x5C5C,
    0x0223, 0x0223, 0x0223, 0x0243, 0x0264, 0x0284, 0x0AA5, 0x12C5, 0x1B07, 0x2B48, 0x3BAA, 0x4BEC, 0x542E, 0x546F, 0x5C91, 0x5C92,
    0x5C93, 0x5C93, 0x5494, 0x54B5, 0x5CB5, 0x5CB6, 0x5CB7, 0x64B7, 0x64B8, 0x64B8, 0x64B9, 0x64B9, 0x64BA, 0x5C9A, 0x5C9B, 0x5C9C,
    0x0243, 0x0243, 0x0263, 0x0264, 0x0284, 0x02A4, 0x02C5, 0x0B06, 0x1347, 0x2388, 0x3BCA, 0x442C, 0x4C6E, 0x5490, 0x54D1, 0x5CD2,
    0x64D3, 0x64D3, 0x5CD4, 0x5CD5, 0x5CF6, 0x5CF6, 0x5CF7, 0x5CF7, 0x64F8, 0x64F8, 0x6CF9, 0x6D19, 0x6CFA, 0x64FA, 0x64FB, 0x64FC,
    0x0283, 0x0283, 0x02A4, 0x02A4, 0x02C4, 0x02E5, 0x0306, 0x0347, 0x0B88, 0x1BC9, 0x340B, 0x446D, 0x4C8E, 0x54D0, 0x54F1, 0x5D13,
    0x6533, 0x6D14, 0x64F4, 0x64F5, 0x6516, 0x6516, 0x6516, 0x5D37, 0x5D38, 0x6538, 0x6D39, 0x6D59, 0x6D3A, 0x6D3A, 0x6D5B, 0x6D5B,
    0x02C4, 0x02E4, 0x02E4, 0x0304, 0x0325, 0x0346, 0x0367, 0x03A7, 0x03E8, 0x1C0A, 0x346C, 0x448D, 0x4CCF, 0x54F1, 0x5D12, 0x6553,
    0x6D54, 0x6D54, 0x6D35, 0x6D35, 0x6D56, 0x6D56, 0x6D57, 0x6D57, 0x6D58, 0x6D78, 0x6D79, 0x6D79, 0x6D9A, 0x6D9A, 0x759B, 0x75BB,
    0x0324, 0x0344, 0x0345, 0x0365, 0x0366, 0x03A6, 0x03C7, 0x03E8, 0x0429, 0x144B, 0x2C8C, 0x44CE, 0x4CEF, 0x5511, 0x5D32, 0x6553,
    0x6D74, 0x7595, 0x7575, 0x7576, 0x7576, 0x7576, 0x7577, 0x7577, 0x7598, 0x6D98, 0x6DB9, 0x6DB9, 0x6DBA, 0x6DDA, 0x75DB, 0x75DB,
    0x0385, 0x0385, 0x03A5, 0x03A6, 0x03C6, 0x03E7, 0x0408, 0x0449, 0x046A, 0x0C8B, 0x2CCD, 0x44EE, 0x4D10, 0x5531, 0x5D52, 0x6573,
    0x6D94, 0x75B5, 0x7596, 0x7D96, 0x7D96, 0x7D96, 0x7597, 0x7597, 0x75B8, 0x75B8, 0x75D9, 0x6DD9, 0x6DDA, 0x6DFA, 0x6DFB, 0x761B,
    0x03E6, 0x03E6, 0x03E6, 0x0406, 0x0407, 0x0428, 0x0448, 0x0489, 0x04AB, 0x04CC, 0x24ED, 0x3D0F, 0x4D30, 0x5551, 0x5D72, 0x6593,
    0x6DB4, 0x6DB5, 0x75D6, 0x7DB6, 0x7DB6, 0x7DB7, 0x7DB7, 0x7DB7, 0x7DD8, 0x75D9, 0x75F9, 0x75FA, 0x6DFA, 0x6E1A, 0x6E3B, 0x763B,
    0x0427, 0x0427, 0x0447, 0x0447, 0x0468, 0x0489, 0x0489, 0x04AA, 0x04CB, 0x04ED, 0x252E, 0x3D4F, 0x4D51, 0x5572, 0x5D92, 0x6593,
    0x6DB4, 0x6DD5, 0x75F6, 0x7DF6, 0x7DD7, 0x85D7, 0x7DD7, 0x7DD7, 0x7DD8, 0x7DF9, 0x7E19, 0x761A, 0x761A, 0x763A, 0x763B, 0x765B,
    0x0488, 0x0488, 0x0488, 0x04A8, 0x04A9, 0x04C9, 0x04CA, 0x04EB, 0x050C, 0x052D, 0x254E, 0x3D50, 0x4D71, 0x5592, 0x5D93, 0x65B3,
    0x6DD4, 0x6DD5, 0x75F6, 0x7E16, 0x7E17, 0x85F7, 0x85F7, 0x85F8, 0x7DF8, 0x7E19, 0x7E19, 0x7E3A, 0x763A, 0x765A, 0x765B, 0x767B,
    0x04E9, 0x04C9, 0x04E9, 0x04E9, 0x04EA, 0x050A, 0x052B, 0x052C, 0x052D, 0x054E, 0x2D6F, 0x4570, 0x5591, 0x5DB2, 0x5DB3, 0x65D4,
    0x6DD4, 0x6DF5, 0x7616, 0x7616, 0x7E37, 0x8638, 0x8618, 0x8618, 0x8618, 0x8639, 0x8639, 0x7E3A, 0x7E5A, 0x7E7A, 0x7E7B, 0x7E9B,
    0x052A, 0x052A, 0x052A, 0x052A, 0x054B, 0x054C, 0x054C, 0x056D, 0x056E, 0x0D6F, 0x3590, 0x45B1, 0x55B2, 0x5DD2, 0x65D3, 0x65F4,
    0x6DF5, 0x6E15, 0x7636, 0x7637, 0x7E58, 0x8658, 0x8659, 0x8658, 0x8659, 0x8E59, 0x8659, 0x865A, 0x867A, 0x869B, 0x869B, 0x86BB,
    0x056B, 0x056B, 0x056C, 0x056C, 0x056C, 0x058D, 0x058D, 0x058E, 0x058F, 0x2590, 0x3DB1, 0x4DD1, 0x5DD2, 0x65F3, 0x65F4, 0x6E14,
    0x6E15, 0x6E36, 0x6E36, 0x7657, 0x7E58, 0x7E78, 0x8679, 0x8679, 0x8679, 0x8E79, 0x8E79, 0x8E7A, 0x869A, 0x869B, 0x86BB, 0x8EBB,
    0x05AD, 0x05AD, 0x05AD, 0x05AD, 0x05AD, 0x05AE, 0x05AF, 0x0DCF, 0x1DD0, 0x35D1, 0x45F1, 0x55F2, 0x5DF3, 0x6614, 0x6614, 0x6E15,
    0x6E35, 0x6E36, 0x6E56, 0x7677, 0x7678, 0x7E99, 0x86B9, 0x86B9, 0x869A, 0x8E9A, 0x8E9A, 0x8E9A, 0x8E9A, 0x8EBB, 0x8EBB, 0x8EBB,
    0x05EF, 0x05EF, 0x05EF, 0x0DEF, 0x15EF, 0x15F0, 0x1DF0, 0x25F1, 0x35F1, 0x4612, 0x5612, 0x5E13, 0x6614, 0x6E34, 0x6E35, 0x6E55,
    0x6E56, 0x6E56, 0x6E77, 0x7698, 0x7698, 0x7EB9, 0x7EB9, 0x86DA, 0x86DA, 0x8EBA, 0x8EBA, 0x8EBA, 0x8EBA, 0x8EBB, 0x8EDB, 0x96DB,
    0x1E11, 0x1E11, 0x2611, 0x2611, 0x3611, 0x3E31, 0x4632, 0x4E32, 0x5633, 0x5E33, 0x6634, 0x6E54, 0x6E55, 0x7655, 0x7676, 0x7676,
    0x7676, 0x7697, 0x7697, 0x76B8, 0x76B8, 0x76D9, 0x7EDA, 0x86FA, 0x86FA, 0x8EFB, 0x8EDB, 0x8EDA, 0x96DB, 0x96DB, 0x96DB, 0x9EDB,
    0x5653, 0x5653, 0x5653, 0x5E53, 0x5E53, 0x5E54, 0x6674, 0x6674, 0x6E54, 0x6E75, 0x7675, 0x7676, 0x7696, 0x7E96, 0x7E96, 0x7E97,
    0x7EB7, 0x7EB8, 0x76D8, 0x76D9, 0x76D9, 0x76F9, 0x7EFA, 0x7F1A, 0x871A, 0x8F1B, 0x96FB, 0x96FB, 0x96FB, 0x96FB, 0x9EFC, 0xA6FC,
    0x3860, 0x3860, 0x3880, 0x4061, 0x4061, 0x4041, 0x4042, 0x4822, 0x4823, 0x4824, 0x4825, 0x5006, 0x5008, 0x5009, 0x580B, 0x580D,
    0x580F, 0x5810, 0x5012, 0x5013, 0x4815, 0x4816, 0x4016, 0x4017, 0x3818, 0x3818, 0x3019, 0x301A, 0x301A, 0x381B, 0x403B, 0x489C,
    0x3880, 0x3880, 0x3880, 0x4081, 0x4061, 0x4061, 0x4042, 0x4842, 0x4823, 0x4824, 0x5025, 0x5026, 0x5008, 0x5009, 0x580B, 0x580D,
    0x580F, 0x5810, 0x5812, 0x5013, 0x4814, 0x4815, 0x4016, 0x4017, 0x3818, 0x3018, 0x3019, 0x301A, 0x301A, 0x383B, 0x405B, 0x48BC,
    0x3880, 0x3880, 0x4081, 0x4081, 0x4081, 0x4081, 0x4062, 0x4843, 0x4843, 0x4844, 0x5026, 0x5027, 0x5028, 0x5009, 0x580B, 0x580D,
    0x580F, 0x5811, 0x5812, 0x5013, 0x4814, 0x4815, 0x4016, 0x4017, 0x3818, 0x3018, 0x3019, 0x301A, 0x303A, 0x385B, 0x407B, 0x48BC,
    0x38A0, 0x38A0, 0x40A1, 0x4081, 0x4081, 0x4082, 0x4862, 0x4863, 0x4863, 0x4844, 0x5046, 0x5047, 0x5028, 0x580A, 0x580B, 0x580D,
    0x580F, 0x5811, 0x5012, 0x5013, 0x4814, 0x4816, 0x4016, 0x4017, 0x3818, 0x3018, 0x3019, 0x303A, 0x307A, 0x389B, 0x40BB, 0x48DC,
    0x38A0, 0x38C0, 0x40C1, 0x40A1, 0x40C1, 0x40A2, 0x4882, 0x4883, 0x4883, 0x4865, 0x5066, 0x5067, 0x5048, 0x582A, 0x580B, 0x580D,
    0x580F, 0x5811, 0x5812, 0x5013, 0x4814, 0x4816, 0x4016, 0x4017, 0x3838, 0x3038, 0x3059, 0x3079, 0x389A, 0x38BB, 0x38DC, 0x491C,
    0x40C0, 0x40C0, 0x40C1, 0x40C1, 0x40C1, 0x48C2, 0x48C2, 0x48A3, 0x50A4, 0x50A5, 0x5086, 0x5887, 0x5868, 0x586A, 0x584C, 0x584E,
    0x582F, 0x5811, 0x5032, 0x5033, 0x4834, 0x4836, 0x4056, 0x4057, 0x3878, 0x3098, 0x3099, 0x38B9, 0x38DA, 0x38FB, 0x38FB, 0x493C,
    0x40E0, 0x40E1, 0x4101, 0x4101, 0x4101, 0x48E2, 0x48E3, 0x50E3, 0x50C4, 0x50C5, 0x58C6, 0x58C8, 0x58A9, 0x60AA, 0x608C, 0x608E,
    0x5890, 0x5871, 0x5873, 0x5094, 0x5095, 0x4896, 0x40B7, 0x40D7, 0x40D8, 0x38F8, 0x3919, 0x391A, 0x393A, 0x415B, 0x417B, 0x519C,
    0x4100, 0x4101, 0x4121, 0x4121, 0x4922, 0x4922, 0x4923, 0x5123, 0x5104, 0x5905, 0x5906, 0x5908, 0x60E9, 0x60EB, 0x60ED, 0x60EE,
    0x60F0, 0x58D1, 0x58F3, 0x50F4, 0x50F5, 0x48F6, 0x4917, 0x4137, 0x4138, 0x4158, 0x4159, 0x417A, 0x417A, 0x419B, 0x49BB, 0x51DC,
    0x4121, 0x4121, 0x4921, 0x4941, 0x4942, 0x4963, 0x5163, 0x5164, 0x5164, 0x5965, 0x5947, 0x6148, 0x614A, 0x614C, 0x614D, 0x614F,
    0x6150, 0x5952, 0x5953, 0x5154, 0x5155, 0x5176, 0x4977, 0x4977, 0x4198, 0x4199, 0x41B9, 0x41BA, 0x41DA, 0x49DB, 0x49FB, 0x5A3C,
    0x4961, 0x4941, 0x4961, 0x4962, 0x4962, 0x5183, 0x5183, 0x51A4, 0x59A5, 0x59A6, 0x61A7, 0x61A8, 0x61AA, 0x61AC, 0x61AD, 0x61AF,
    0x61B0, 0x59B2, 0x59B3, 0x51B4, 0x51B5, 0x51B6, 0x49D7, 0x49D7, 0x41D8, 0x41F8, 0x4A19, 0x421A, 0x4A1A, 0x4A3B, 0x525B, 0x5A7C,
    0x4981, 0x4981, 0x4981, 0x49A2, 0x49A2, 0x51A3, 0x51C4, 0x51E4, 0x59E5, 0x5A06, 0x6228, 0x6229, 0x622A, 0x622C, 0x620E, 0x620F,
    0x6231, 0x5A32, 0x5A13, 0x5214, 0x5215, 0x5236, 0x4A36, 0x4A37, 0x4A38, 0x4A58, 0x4A59, 0x4A7A, 0x4A7A, 0x4A7B, 0x529B, 0x5ABB,
    0x41C1, 0x41C1, 0x41C2, 0x41C2, 0x41C2, 0x49E3, 0x4A04, 0x5204, 0x5225, 0x5A46, 0x5A68, 0x6289, 0x628B, 0x628C, 0x628E, 0x6290,
    0x5A91, 0x5A92, 0x5273, 0x5274, 0x5295, 0x5296, 0x4A96, 0x4A97, 0x4A98, 0x4A98, 0x4AB9, 0x4ABA, 0x4ABA, 0x4ABB, 0x52DB, 0x5AFB,
    0x3A02, 0x3A02, 0x3A02, 0x3A02, 0x4202, 0x4223, 0x4224, 0x4A44, 0x4A66, 0x5287, 0x5AA8, 0x62CA, 0x62EB, 0x630D, 0x630E, 0x6310,
    0x5B11, 0x5B12, 0x5AF3, 0x52F4, 0x52F5, 0x52F6, 0x52F6, 0x52F7, 0x52F8, 0x52F8, 0x5319, 0x531A, 0x531A, 0x531B, 0x533B, 0x5B5C,
    0x3222, 0x3222, 0x3222, 0x3222, 0x3243, 0x3A43, 0x3A64, 0x4285, 0x4286, 0x4AA7, 0x4AE8, 0x5B2A, 0x636C, 0x6B8E, 0x638F, 0x6391,
    0x6392, 0x6393, 0x5B94, 0x5B95, 0x5B95, 0x5B96, 0x5B76, 0x5B77, 0x5B78, 0x5B98, 0x5B99, 0x5B9A, 0x5B9A, 0x5B9B, 0x63BB, 0x63DC,
    0x2222, 0x2A22, 0x2A42, 0x2A43, 0x2A43, 0x2A63, 0x3284, 0x3285, 0x3AA6, 0x3AC7, 0x4B08, 0x534A, 0x638C, 0x63CE, 0x63F0, 0x6411,
    0x6412, 0x5C13, 0x6414, 0x6415, 0x6415, 0x63F6, 0x63F6, 0x5BF7, 0x5BF8, 0x5BF9, 0x5BF9, 0x5BF9, 0x5BFA, 0x5BFB, 0x63FB, 0x641C,
    0x1A42, 0x1A43, 0x1A43, 0x2243, 0x2263, 0x2264, 0x2284, 0x2AA5, 0x2AC6, 0x32E7, 0x4329, 0x538B, 0x5BCD, 0x642F, 0x6450, 0x6451,
    0x6452, 0x6473, 0x6474, 0x6475, 0x6475, 0x6476, 0x6C57, 0x6457, 0x6458, 0x6458, 0x6459, 0x6459, 0x643A, 0x643B, 0x643B, 0x645C,
    0x0A43, 0x1243, 0x1243, 0x1263, 0x1263, 0x1284, 0x1AA4, 0x1AA5, 0x22E6, 0x3327, 0x3B69, 0x4BCB, 0x5C0D, 0x644F, 0x6491, 0x6CB2,
    0x6CB3, 0x6CB3, 0x64B4, 0x64B5, 0x64B5, 0x64B6, 0x6CB7, 0x6CB7, 0x6CB8, 0x6CB8, 0x6CB9, 0x6C99, 0x649A, 0x649B, 0x649B, 0x649B,
    0x0243, 0x0243, 0x0263, 0x0263, 0x0264, 0x0284, 0x0AA5, 0x12E5, 0x1B06, 0x2B68, 0x3BA9, 0x4C0B, 0x544D, 0x648F, 0x64D1, 0x6CF2,
    0x6CF3, 0x6CD4, 0x6CD4, 0x64D5, 0x64F6, 0x64F6, 0x64F7, 0x6CF7, 0x6CF8, 0x6CF8, 0x74F9, 0x6CF9, 0x6CFA, 0x6CFA, 0x6CDB, 0x6CDC,
    0x0263, 0x0283, 0x0283, 0x0284, 0x02A4, 0x02C5, 0x02E5, 0x0326, 0x1347, 0x23A8, 0x33EA, 0x442C, 0x546E, 0x5CB0, 0x64F1, 0x6D12,
    0x6D33, 0x7514, 0x6D14, 0x6D15, 0x6D16, 0x6D16, 0x6D17, 0x6D37, 0x6D38, 0x6D38, 0x6D39, 0x6D59, 0x753A, 0x753A, 0x6D3B, 0x6D5B,
    0x02A3, 0x02C4, 0x02C4, 0x02C4, 0x02E5, 0x0305, 0x0346, 0x0367, 0x0BA8, 0x1BE9, 0x342B, 0x446D, 0x54AE, 0x5CF0, 0x6511, 0x6D33,
    0x7554, 0x7554, 0x7D55, 0x7555, 0x7556, 0x7556, 0x7557, 0x7557, 0x7558, 0x7578, 0x7579, 0x7579, 0x757A, 0x757A, 0x759B, 0x7D9B,
    0x0304, 0x0304, 0x0324, 0x0324, 0x0345, 0x0366, 0x0386, 0x03C7, 0x03E8, 0x142A, 0x2C6B, 0x44AD, 0x54CF, 0x5D11, 0x6532, 0x6D53,
    0x7574, 0x7575, 0x7D75, 0x7D76, 0x7D76, 0x7D76, 0x7D77, 0x7577, 0x7598, 0x7598, 0x75B9, 0x75B9, 0x75BA, 0x75BA, 0x75DB, 0x7DDB,
    0x0364, 0x0364, 0x0365, 0x0385, 0x0385, 0x03A6, 0x03E7, 0x0408, 0x0429, 0x0C6A, 0x24AC, 0x44CE, 0x550F, 0x5D31, 0x6552, 0x6D73,
    0x7594, 0x7595, 0x7DB6, 0x7D96, 0x7D96, 0x7D97, 0x7D97, 0x7D97, 0x7DB8, 0x75B8, 0x75D9, 0x75D9, 0x75DA, 0x75FA, 0x75FB, 0x761B,
    0x03A5, 0x03A5, 0x03C5, 0x03C6, 0x03E6, 0x0407, 0x0428, 0x0448, 0x046A, 0x048B, 0x24CD, 0x3D0E, 0x5530, 0x5D51, 0x6572, 0x6D93,
    0x6D94, 0x75B5, 0x7DD6, 0x7DD6, 0x85B6, 0x85B7, 0x85B7, 0x7DB7, 0x7DD8, 0x7DD9, 0x75F9, 0x75F9, 0x75FA, 0x761A, 0x761B, 0x763B,
    0x0406, 0x0406, 0x0406, 0x0427, 0x0427, 0x0448, 0x0468, 0x0489, 0x04AA, 0x04CC, 0x250D, 0x3D2F, 0x4D50, 0x5D72, 0x6572, 0x6D93,
    0x6DB4, 0x75D5, 0x75D6, 0x7DF6, 0x85F7, 0x85D7, 0x85D7, 0x85D7, 0x85F8, 0x7DF9, 0x7DF9, 0x7E1A, 0x763A, 0x763A, 0x763B, 0x765B,
    0x0467, 0x0467, 0x0467, 0x0467, 0x0488, 0x04A8, 0x04A9, 0x04CA, 0x04EB, 0x050C, 0x252E, 0x3D4F, 0x4D70, 0x5D72, 0x6592, 0x6DB3,
    0x6DB4, 0x75D5, 0x75F6, 0x7DF6, 0x8617, 0x85F7, 0x85F7, 0x85F8, 0x85F8, 0x8619, 0x7E19, 0x7E3A, 0x7E3A, 0x7E5A, 0x7E5B, 0x7E7B,
    0x04A8, 0x04A8, 0x04A8, 0x04C8, 0x04C9, 0x04E9, 0x050A, 0x050B, 0x052C, 0x054D, 0x254E, 0x3D70, 0x5591, 0x5D92, 0x65B3, 0x6DB3,
    0x6DD4, 0x75F5, 0x75F6, 0x7E16, 0x8637, 0x8638, 0x8638, 0x8618, 0x8638, 0x8639, 0x8639, 0x863A, 0x7E5A, 0x7E7A, 0x7E7B, 0x7E9B,
    0x0509, 0x0509, 0x0509, 0x052A, 0x052A, 0x054B, 0x054B, 0x054C, 0x054D, 0x056E, 0x258F, 0x4590, 0x55B1, 0x65B2, 0x6DD3, 0x6DD4,
    0x6DF5, 0x7615, 0x7616, 0x7E37, 0x7E58, 0x8658, 0x8E59, 0x8E58, 0x8E59, 0x8E59, 0x8E59, 0x8E5A, 0x867A, 0x869B, 0x869B, 0x869B,
    0x054A, 0x054B, 0x054B, 0x054B, 0x056C, 0x056C, 0x056C, 0x058D, 0x058E, 0x158F, 0x35B0, 0x45B1, 0x55D2, 0x65D3, 0x6DF4, 0x6DF4,
    0x6E15, 0x7636, 0x7636, 0x7657, 0x7E58, 0x8678, 0x8679, 0x8679, 0x8E79, 0x8E79, 0x8E79, 0x8E7A, 0x8E9A, 0x869B, 0x8EBB, 0x8EBC,
    0x05AC, 0x058C, 0x058C, 0x058D, 0x05AD, 0x05AD, 0x05AE, 0x05AE, 0x15AF, 0x2DD0, 0x3DD1, 0x4DD2, 0x5DF3, 0x65F3, 0x6E14, 0x6E15,
    0x7635, 0x7636, 0x7656, 0x7657, 0x7E78, 0x7E99, 0x8699, 0x86B9, 0x8E9A, 0x8E9A, 0x8E9A, 0x8E9A, 0x8E9A, 0x8EBB, 0x8EBB, 0x8EBC,
    0x05CE, 0x05CE, 0x05CE, 0x05CE, 0x0DCF, 0x15EF, 0x15F0, 0x1DF0, 0x2DF1, 0x45F1, 0x4E12, 0x5E13, 0x6613, 0x6E34, 0x6E35, 0x7635,
    0x7656, 0x7656, 0x7677, 0x7678, 0x7E98, 0x7EB9, 0x86B9, 0x86DA, 0x8EDA, 0x8EBA, 0x8EBA, 0x96BA, 0x8EBA, 0x8EDB, 0x96DB, 0x96DB,
    0x1610, 0x1610, 0x1610, 0x1E11, 0x2611, 0x3611, 0x3E31, 0x4632, 0x4E32, 0x5633, 0x5E33, 0x6634, 0x6E55, 0x7655, 0x7655, 0x7676,
    0x7676, 0x7677, 0x7697, 0x76B8, 0x76B8, 0x7ED9, 0x7ED9, 0x86FA, 0x86FA, 0x8EFA, 0x8EDA, 0x96DA, 0x96DB, 0x96DB, 0x96DB, 0x9EDB,
    0x5653, 0x5653, 0x5653, 0x5653, 0x5E53, 0x5E53, 0x6654, 0x6674, 0x6674, 0x6E75, 0x6E75, 0x7675, 0x7676, 0x7E96, 0x7E96, 0x7E97,
    0x7EB7, 0x7EB8, 0x76D8, 0x76D9, 0x76D9, 0x76F9, 0x7EFA, 0x871A, 0x871A, 0x8F1B, 0x96FB, 0x96FB, 0x96FB, 0x9EFB, 0x9EDB, 0xA6FC,
    0x4860, 0x4861, 0x4861, 0x4861, 0x4841, 0x5021, 0x5002, 0x5002, 0x5803, 0x5804, 0x5805, 0x5806, 0x6008, 0x6009, 0x600B, 0x680D,
    0x680F, 0x6811, 0x6812, 0x6013, 0x6014, 0x5815, 0x5816, 0x5017, 0x5018, 0x4818, 0x4819, 0x481A, 0x481A, 0x501B, 0x503B, 0x589C,
    0x4860, 0x4861, 0x4860, 0x4860, 0x4861, 0x5041, 0x5022, 0x5002, 0x5803, 0x5804, 0x5805, 0x5807, 0x6008, 0x600A, 0x600B, 0x680D,
    0x680F, 0x6811, 0x6812, 0x6013, 0x6014, 0x5816, 0x5816, 0x5017, 0x5018, 0x4818, 0x4819, 0x481A, 0x481A, 0x481B, 0x505B, 0x58BC,
    0x4880, 0x4880, 0x4880, 0x4881, 0x4881, 0x5061, 0x5042, 0x5822, 0x5803, 0x5804, 0x5806, 0x6007, 0x6008, 0x600A, 0x600B, 0x680D,
    0x680F, 0x6811, 0x6812, 0x6013, 0x6015, 0x5816, 0x5816, 0x5017, 0x5018, 0x4818, 0x4819, 0x481A, 0x481A, 0x483B, 0x507B, 0x58BC,
    0x4880, 0x4880, 0x4881, 0x4881, 0x4881, 0x5082, 0x5062, 0x5843, 0x5823, 0x5824, 0x6006, 0x6007, 0x6008, 0x600A, 0x680B, 0x680D,
    0x680F, 0x6811, 0x6812, 0x6014, 0x6015, 0x5816, 0x5816, 0x5017, 0x4818, 0x4818, 0x4819, 0x483A, 0x485A, 0x487B, 0x50BB, 0x58DC,
    0x48A0, 0x48A0, 0x48A1, 0x48A1, 0x50A1, 0x50A2, 0x5082, 0x5863, 0x5844, 0x5845, 0x6026, 0x6027, 0x6008, 0x600A, 0x680C, 0x680D,
    0x680F, 0x6811, 0x6812, 0x6013, 0x6014, 0x5816, 0x5816, 0x5017, 0x5017, 0x4818, 0x4839, 0x487A, 0x489A, 0x48BB, 0x50DB, 0x591C,
    0x48C0, 0x48E0, 0x48C1, 0x48C1, 0x50C1, 0x50C2, 0x58A2, 0x58A3, 0x5884, 0x6065, 0x6066, 0x6047, 0x6049, 0x604A, 0x682C, 0x680D,
    0x680F, 0x6811, 0x6812, 0x6013, 0x6014, 0x5815, 0x5016, 0x5037, 0x4857, 0x4878, 0x4899, 0x48B9, 0x48DA, 0x48FB, 0x511B, 0x593C,
    0x50E0, 0x4900, 0x5101, 0x5101, 0x5101, 0x58E2, 0x58E2, 0x58E3, 0x60C4, 0x60A5, 0x68A6, 0x68A8, 0x6889, 0x688B, 0x686C, 0x686E,
    0x7050, 0x6851, 0x6852, 0x6074, 0x6075, 0x6096, 0x5896, 0x50B7, 0x50D8, 0x50F8, 0x5119, 0x511A, 0x513A, 0x515B, 0x597B, 0x619C,
    0x5100, 0x5120, 0x5121, 0x5121, 0x5121, 0x5922, 0x5923, 0x6123, 0x6104, 0x6105, 0x68E6, 0x68E8, 0x68E9, 0x68EB, 0x70CD, 0x70CE,
    0x70D0, 0x70D1, 0x68D3, 0x68D4, 0x60F5, 0x60F6, 0x5916, 0x5937, 0x5138, 0x5158, 0x5159, 0x517A, 0x519A, 0x599B, 0x59DB, 0x61FC,
    0x5140, 0x5140, 0x5141, 0x5141, 0x5942, 0x5962, 0x5963, 0x6164, 0x6164, 0x6945, 0x6947, 0x7148, 0x714A, 0x714B, 0x714D, 0x714F,
    0x7150, 0x7132, 0x6953, 0x6954, 0x6155, 0x6176, 0x5976, 0x5977, 0x5998, 0x5198, 0x51B9, 0x51D9, 0x59DA, 0x59FB, 0x5A1B, 0x623C,
    0x5160, 0x5161, 0x5161, 0x5981, 0x5982, 0x5982, 0x61A3, 0x61C4, 0x61C5, 0x69C6, 0x69A7, 0x71A8, 0x71AA, 0x71AC, 0x71AD, 0x71AF,
    0x71B0, 0x71B2, 0x69B3, 0x69B4, 0x61D5, 0x61D6, 0x59D6, 0x59D7, 0x59F8, 0x59F8, 0x5A19, 0x5219, 0x5A3A, 0x5A3B, 0x625B, 0x6A7C,
    0x5181, 0x5981, 0x59A1, 0x59A2, 0x59A2, 0x59C3, 0x61E4, 0x61E4, 0x6205, 0x6A06, 0x6A28, 0x7229, 0x722A, 0x722C, 0x722E, 0x722F,
    0x7231, 0x6A32, 0x6A13, 0x6A34, 0x6235, 0x6236, 0x6236, 0x5A37, 0x5A58, 0x5A58, 0x5A79, 0x5A79, 0x5A7A, 0x5A9B, 0x629B, 0x6ADC,
    0x51C1, 0x51C1, 0x51E1, 0x59E2, 0x59E2, 0x5A03, 0x6224, 0x6224, 0x6245, 0x6A46, 0x6A88, 0x72A9, 0x72AB, 0x728C, 0x728E, 0x7290,
    0x72B1, 0x6A92, 0x6A93, 0x6294, 0x6295, 0x62B6, 0x62B6, 0x5AB7, 0x5AB8, 0x5AB8, 0x5AB9, 0x5AB9, 0x5ADA, 0x5ADA, 0x62DB, 0x631B,
    0x4A21, 0x5221, 0x5222, 0x5222, 0x5222, 0x5A43, 0x5A64, 0x5A65, 0x6286, 0x6287, 0x6AC8, 0x6AEA, 0x730B, 0x730D, 0x730E, 0x7310,
    0x7311, 0x6B12, 0x6AF3, 0x6AF4, 0x6315, 0x6316, 0x6316, 0x6317, 0x5B18, 0x5B18, 0x6319, 0x6339, 0x633A, 0x633A, 0x633B, 0x6B7C,
    0x4261, 0x4262, 0x4A62, 0x4A62, 0x4A63, 0x5283, 0x52A4, 0x52A5, 0x5AC6, 0x5AE7, 0x6308, 0x6B2A, 0x736C, 0x738D, 0x738F, 0x7391,
    0x7392, 0x6B93, 0x6B94, 0x6B95, 0x6B95, 0x6B96, 0x6B97, 0x6B97, 0x6B98, 0x6398, 0x6BB9, 0x63BA, 0x6BBA, 0x6BBB, 0x6BBB, 0x73DC,
    0x3A62, 0x3A62, 0x3A62, 0x3A82, 0x4283, 0x4284, 0x42A4, 0x42C5, 0x4AE6, 0x4AE7, 0x5328, 0x5B4A, 0x6B8C, 0x73CE, 0x73EF, 0x7411,
    0x7412, 0x6C13, 0x6C14, 0x6C15, 0x6C15, 0x6BF6, 0x6BF6, 0x6BF7, 0x6BF8, 0x6BF8, 0x63F9, 0x6BFA, 0x6BFA, 0x6BFB, 0x6BFB, 0x6C1C,
    0x2A62, 0x2A82, 0x3283, 0x3283, 0x3283, 0x32A4, 0x32C4, 0x3AC5, 0x3AE6, 0x4307, 0x4B28, 0x536A, 0x63AC, 0x740E, 0x7450, 0x7451,
    0x7472, 0x6C73, 0x6C74, 0x6C74, 0x6C75, 0x7476, 0x7456, 0x6C57, 0x6C58, 0x6C58, 0x6C59, 0x6C5A, 0x6C5A, 0x6C3B, 0x6C3B, 0x6C5C,
    0x2283, 0x2283, 0x2283, 0x2283, 0x22A3, 0x22A4, 0x2AC5, 0x2AC5, 0x32E6, 0x3B07, 0x4348, 0x4B8A, 0x5BEC, 0x6C4E, 0x7490, 0x74B1,
    0x74B2, 0x74B3, 0x74B4, 0x6CB5, 0x74B5, 0x74D6, 0x74B6, 0x74B7, 0x74B8, 0x7498, 0x7499, 0x6C99, 0x6C9A, 0x6C9B, 0x6C9B, 0x6C9C,
    0x1283, 0x1283, 0x1283, 0x1283, 0x12A4, 0x1AA4, 0x1AC5, 0x22C5, 0x22E6, 0x2B27, 0x3B89, 0x4BCA, 0x5C0D, 0x6C6E, 0x6CB1, 0x74F2,
    0x74F3, 0x74F4, 0x74D4, 0x74F5, 0x74F5, 0x74F6, 0x7516, 0x74F7, 0x74F8, 0x74F8, 0x74F9, 0x74F9, 0x74FA, 0x6CDA, 0x6CDB, 0x74DC,
    0x02A3, 0x0283, 0x0283, 0x0283, 0x02A4, 0x02A4, 0x0AC4, 0x0AE5, 0x1B26, 0x2367, 0x33A9, 0x440B, 0x544D, 0x648F, 0x6CD1, 0x7512,
    0x7533, 0x7D14, 0x7514, 0x7515, 0x7536, 0x7536, 0x7537, 0x7537, 0x7537, 0x7538, 0x7539, 0x7559, 0x753A, 0x753A, 0x753B, 0x753C,
    0x02A3, 0x02A3, 0x02A3, 0x02A4, 0x02C4, 0x02E5, 0x0305, 0x0326, 0x0B67, 0x23A8, 0x340A, 0x444B, 0x548D, 0x64D0, 0x6D11, 0x7532,
    0x7D54, 0x7D55, 0x7D35, 0x7D55, 0x7D56, 0x7D56, 0x7D57, 0x7D57, 0x7558, 0x7578, 0x7D79, 0x7D79, 0x7D7A, 0x7D7A, 0x7D7B, 0x7D7B,
    0x02C3, 0x02E3, 0x02E4, 0x0304, 0x0304, 0x0345, 0x0346, 0x0386, 0x03C7, 0x1409, 0x2C4A, 0x448C, 0x54CE, 0x64F0, 0x6D31, 0x7553,
    0x7D74, 0x7D75, 0x8575, 0x8576, 0x8576, 0x8577, 0x7D97, 0x7D97, 0x7D98, 0x7D98, 0x7DB9, 0x7DB9, 0x7DBA, 0x7DBA, 0x7DBB, 0x7DDB,
    0x0324, 0x0324, 0x0324, 0x0344, 0x0365, 0x0385, 0x03A6, 0x03C7, 0x0408, 0x0C29, 0x246B, 0x3CAD, 0x54EE, 0x6510, 0x6D52, 0x7553,
    0x7574, 0x7D95, 0x85B6, 0x85B6, 0x8596, 0x8597, 0x8597, 0x85B7, 0x7DB8, 0x7DB8, 0x7DD9, 0x7DD9, 0x7DDA, 0x7DFA, 0x7DFB, 0x7DFB,
    0x0384, 0x0384, 0x0385, 0x0385, 0x03A5, 0x03E6, 0x03E7, 0x0408, 0x0449, 0x046A, 0x24AC, 0x3CED, 0x4D0F, 0x6551, 0x6D51, 0x6D73,
    0x7594, 0x7DB5, 0x7DD6, 0x85D6, 0x85B6, 0x85B6, 0x85B7, 0x85B8, 0x85D8, 0x7DD9, 0x7DD9, 0x7DF9, 0x7DFA, 0x7E1A, 0x763B, 0x7E3B,
    0x03C5, 0x03C5, 0x03E5, 0x03E6, 0x0406, 0x0427, 0x0447, 0x0468, 0x048A, 0x04AA, 0x1CEC, 0x350E, 0x4D2F, 0x6551, 0x6D72, 0x7593,
    0x7594, 0x7DB5, 0x7DD6, 0x85F6, 0x85F7, 0x85F7, 0x8DD7, 0x85D8, 0x85D8, 0x85F9, 0x7E19, 0x7E1A, 0x7E3A, 0x7E3A, 0x7E5B, 0x7E5B,
    0x0426, 0x0426, 0x0426, 0x0447, 0x0447, 0x0467, 0x0488, 0x04A9, 0x04CA, 0x04EB, 0x1D0D, 0x352E, 0x4D50, 0x5D71, 0x6D72, 0x6D93,
    0x75B4, 0x75D5, 0x7DD6, 0x7DF6, 0x8617, 0x8E17, 0x8DF7, 0x8DF8, 0x8DF8, 0x8619, 0x8639, 0x863A, 0x7E3A, 0x7E5A, 0x7E5B, 0x7E7B,
    0x0487, 0x0487, 0x0487, 0x04A8, 0x04A8, 0x04C8, 0x04E9, 0x04EA, 0x050B, 0x052C, 0x1D4D, 0x354F, 0x4D70, 0x5D91, 0x6D92, 0x6DB3,
    0x75D4, 0x75D5, 0x7DF6, 0x7E16, 0x8637, 0x8638, 0x8E38, 0x8E38, 0x8E38, 0x8E39, 0x8E39, 0x865A, 0x865A, 0x867A, 0x867B, 0x869B,
    0x04E8, 0x04E8, 0x04E8, 0x0509, 0x0509, 0x052A, 0x052A, 0x052B, 0x054C, 0x054D, 0x256E, 0x3D90, 0x4D91, 0x65B2, 0x6DB3, 0x6DD4,
    0x75F4, 0x7DF5, 0x7E16, 0x7E37, 0x8658, 0x8658, 0x8E58, 0x8E59, 0x8E59, 0x8E59, 0x8E59, 0x8E5A, 0x8E7A, 0x8E9B, 0x8E9B, 0x8E9B,
    0x0549, 0x054A, 0x054A, 0x054A, 0x054B, 0x056B, 0x056C, 0x056C, 0x058D, 0x058E, 0x258F, 0x3DB0, 0x55B1, 0x65D2, 0x6DF4, 0x75F4,
    0x7615, 0x7615, 0x7E36, 0x7E37, 0x7E58, 0x8678, 0x8699, 0x8E79, 0x8E79, 0x8E79, 0x8E7A, 0x8E7A, 0x8E9A, 0x8E9B, 0x8EBB, 0x8EBC,
    0x058B, 0x058B, 0x058B, 0x058C, 0x058C, 0x058D, 0x058D, 0x05AE, 0x05AE, 0x1DAF, 0x35B0, 0x4DD1, 0x5DD2, 0x65F3, 0x6DF4, 0x7615,
    0x7635, 0x7636, 0x7636, 0x7E57, 0x7E78, 0x8698, 0x8699, 0x8EB9, 0x8E9A, 0x8E9A, 0x8E9A, 0x8E9A, 0x8EBA, 0x8EBB, 0x8EBB, 0x96BC,
    0x05CD, 0x05CD, 0x05CD, 0x05CD, 0x05CD, 0x0DCE, 0x15CF, 0x15CF, 0x1DF0, 0x35F1, 0x45F1, 0x55F2, 0x6613, 0x6E14, 0x7635, 0x7635,
    0x7656, 0x7656, 0x7657, 0x7677, 0x7E98, 0x7EB9, 0x86B9, 0x86DA, 0x8EDA, 0x8EBA, 0x96BA, 0x96BA, 0x96BA, 0x96DB, 0x96DB, 0x96DC,
    0x1610, 0x1610, 0x1610, 0x1610, 0x1610, 0x2E11, 0x3611, 0x3E11, 0x4611, 0x5612, 0x5E33, 0x6634, 0x6E34, 0x7655, 0x7E55, 0x7E76,
    0x7E76, 0x7E77, 0x7E97, 0x7E98, 0x7EB8, 0x7EB9, 0x7ED9, 0x86FA, 0x8EFA, 0x8EFA, 0x96FA, 0x96DA, 0x96DB, 0x96DB, 0x9EDB, 0x9EFC,
    0x5653, 0x5653, 0x5652, 0x5652, 0x5653, 0x5E53, 0x5E53, 0x5E53, 0x6674, 0x6E54, 0x6E75, 0x7675, 0x7675, 0x7E96, 0x7E96, 0x7E97,
    0x7EB7, 0x7EB7, 0x7EB8, 0x7ED8, 0x7ED9, 0x7EF9, 0x7EFA, 0x86FA, 0x871A, 0x8F1B, 0x971B, 0x971B, 0x9EFB, 0x9EFB, 0xA6DB, 0xA6DC,
    0x5840, 0x5840, 0x5840, 0x5840, 0x5821, 0x5801, 0x6002, 0x6002, 0x6003, 0x6804, 0x6805, 0x6807, 0x7008, 0x700A, 0x700B, 0x700D,
    0x780F, 0x7811, 0x7812, 0x7013, 0x7014, 0x6815, 0x6816, 0x6017, 0x6018, 0x6019, 0x5819, 0x5819, 0x581A, 0x581B, 0x603B, 0x68BC,
    0x5040, 0x5840, 0x5840, 0x5841, 0x5841, 0x6021, 0x6002, 0x6002, 0x6803, 0x6804, 0x6806, 0x6807, 0x7008, 0x700A, 0x700B, 0x700D,
    0x780F, 0x7811, 0x7812, 0x7013, 0x7014, 0x6815, 0x6816, 0x6017, 0x6018, 0x5818, 0x5819, 0x5819, 0x581A, 0x581B, 0x605B, 0x68BC,
    0x5060, 0x5860, 0x5860, 0x5861, 0x5841, 0x6041, 0x6002, 0x6802, 0x6803, 0x6804, 0x6806, 0x7007, 0x7008, 0x700A, 0x700B, 0x700D,
    0x780F, 0x7811, 0x7812, 0x7013, 0x7014, 0x6816, 0x6816, 0x6017, 0x6018, 0x5818, 0x5819, 0x581A, 0x581A, 0x583B, 0x607B, 0x68DC,
    0x5880, 0x5880, 0x5880, 0x5881, 0x5861, 0x6042, 0x6022, 0x6803, 0x6803, 0x6804, 0x6805, 0x7007, 0x7008, 0x700A, 0x700B, 0x700D,
    0x780F, 0x7811, 0x7812, 0x7013, 0x7015, 0x6816, 0x6816, 0x6017, 0x6018, 0x5818, 0x5819, 0x581A, 0x585A, 0x587A, 0x60BB, 0x68FC,
    0x58A0, 0x58A0, 0x58A0, 0x58A1, 0x58A1, 0x6082, 0x6062, 0x6843, 0x6803, 0x6804, 0x7006, 0x7007, 0x7009, 0x700A, 0x700B, 0x780D,
    0x780F, 0x7811, 0x7812, 0x7013, 0x7015, 0x6816, 0x6816, 0x6017, 0x6018, 0x6018, 0x5839, 0x585A, 0x589A, 0x58BA, 0x60DB, 0x691C,
    0x58C0, 0x58C0, 0x58C0, 0x58C1, 0x58C1, 0x60C2, 0x60A2, 0x6883, 0x6863, 0x6824, 0x7026, 0x7007, 0x7009, 0x780A, 0x700C, 0x780D,
    0x780F, 0x7811, 0x7812, 0x7013, 0x7014, 0x6815, 0x6816, 0x6017, 0x6037, 0x5858, 0x5899, 0x58BA, 0x58DA, 0x58FB, 0x611B, 0x693C,
    0x5900, 0x5900, 0x5900, 0x6101, 0x60E1, 0x60E2, 0x68E2, 0x68C3, 0x70A4, 0x7085, 0x7066, 0x7868, 0x7869, 0x784B, 0x784C, 0x784E,
    0x7850, 0x7831, 0x7852, 0x7054, 0x7075, 0x6876, 0x6896, 0x68B7, 0x60B8, 0x60D8, 0x60F9, 0x611A, 0x613A, 0x615B, 0x617B, 0x69BC,
    0x6120, 0x6120, 0x6121, 0x6121, 0x6121, 0x6922, 0x6923, 0x6923, 0x7104, 0x70E5, 0x78E6, 0x78C8, 0x78C9, 0x78CB, 0x78CD, 0x78AE,
    0x78B0, 0x78B1, 0x78B3, 0x78D4, 0x70D5, 0x70F6, 0x6917, 0x6937, 0x6938, 0x6158, 0x6179, 0x619A, 0x619A, 0x61BB, 0x69DB, 0x721C,
    0x6140, 0x6140, 0x6141, 0x6161, 0x6162, 0x6962, 0x6983, 0x6963, 0x7164, 0x7165, 0x7946, 0x7948, 0x7949, 0x794B, 0x814D, 0x812F,
    0x8130, 0x7931, 0x7953, 0x7954, 0x7155, 0x7176, 0x6976, 0x6997, 0x6998, 0x61B8, 0x61D9, 0x61D9, 0x61FA, 0x69FB, 0x6A1B, 0x725C,
    0x6160, 0x6181, 0x6181, 0x6181, 0x61A2, 0x69A2, 0x69C3, 0x69C4, 0x71C5, 0x71C6, 0x79C7, 0x79A8, 0x81AA, 0x81AC, 0x81AD, 0x81AF,
    0x81B1, 0x81B2, 0x79B3, 0x79B4, 0x71D5, 0x71F6, 0x69F7, 0x69F7, 0x69F8, 0x69F8, 0x6A19, 0x6A3A, 0x6A3A, 0x6A5B, 0x6A7B, 0x729C,
    0x61A0, 0x61A1, 0x69A1, 0x69C1, 0x69C2, 0x69E3, 0x6A03, 0x7204, 0x7205, 0x7226, 0x7A28, 0x7A29, 0x822A, 0x822C, 0x822D, 0x822F,
    0x8231, 0x8232, 0x7A33, 0x7A34, 0x7235, 0x7256, 0x6A57, 0x6A57, 0x6A58, 0x6A78, 0x6A79, 0x6A7A, 0x6A9A, 0x6A9A, 0x6ABB, 0x72DC,
    0x61E1, 0x69E1, 0x69E1, 0x69E2, 0x6A02, 0x6A23, 0x6A23, 0x7244, 0x7245, 0x7266, 0x7A88, 0x7AA9, 0x82AB, 0x82AC, 0x82AE, 0x82AF,
    0x82B1, 0x7AB2, 0x7AB3, 0x7294, 0x72B5, 0x72B6, 0x6AB6, 0x6AB7, 0x6AB8, 0x6AB8, 0x6AD9, 0x6AD9, 0x6ADA, 0x6ADA, 0x6AFB, 0x731B,
    0x6221, 0x6221, 0x6222, 0x6A22, 0x6A42, 0x6A63, 0x6A64, 0x6A84, 0x7286, 0x72A7, 0x7AE8, 0x7B0A, 0x7B0B, 0x830D, 0x830E, 0x8330,
    0x8331, 0x7B12, 0x7B13, 0x7B14, 0x7315, 0x7316, 0x7336, 0x6B17, 0x6B18, 0x6B38, 0x6B39, 0x6B39, 0x6B3A, 0x6B3B, 0x735B, 0x737C,
    0x5AA1, 0x5A81, 0x5A82, 0x6282, 0x62A3, 0x62A3, 0x6AC4, 0x6AC5, 0x6AE6, 0x7307, 0x7B29, 0x7B4A, 0x7B6C, 0x838D, 0x83AF, 0x83B1,
    0x83B2, 0x7BB3, 0x7BB4, 0x7B94, 0x7395, 0x7396, 0x73B7, 0x73B7, 0x73B8, 0x73B8, 0x73B9, 0x73BA, 0x73BA, 0x73DB, 0x73DB, 0x7BFC,
    0x52A2, 0x52A2, 0x52A2, 0x52C2, 0x52C3, 0x5AC3, 0x5AE4, 0x5B05, 0x6306, 0x6B27, 0x6B69, 0x738A, 0x73AC, 0x7BCD, 0x840F, 0x8411,
    0x7C12, 0x7C13, 0x7C14, 0x7C14, 0x7C15, 0x7416, 0x7417, 0x73F7, 0x73F8, 0x73F8, 0x7419, 0x73F9, 0x741A, 0x741B, 0x741B, 0x7C1C,
    0x42A2, 0x42C2, 0x42C2, 0x42C3, 0x42C3, 0x4AE4, 0x4B04, 0x5305, 0x5326, 0x5B47, 0x5B68, 0x638A, 0x6BCC, 0x73ED, 0x7C2F, 0x7C51,
    0x7C72, 0x7C73, 0x7C74, 0x7C75, 0x7C75, 0x7C76, 0x7456, 0x7457, 0x7458, 0x7458, 0x7459, 0x7459, 0x745A, 0x745B, 0x745B, 0x7C5C,
    0x32A2, 0x32C2, 0x32C3, 0x3AC3, 0x3AC3, 0x3AE4, 0x3B05, 0x4305, 0x4326, 0x4B47, 0x5368, 0x5BAA, 0x63CC, 0x6C0D, 0x7C70, 0x7C91,
    0x7CB2, 0x7CB3, 0x7CB4, 0x7CB5, 0x7CB5, 0x7CB6, 0x7CB6, 0x7CB7, 0x7498, 0x7498, 0x7499, 0x7499, 0x749A, 0x749A, 0x749B, 0x749B,
    0x22C3, 0x22C3, 0x2AC3, 0x2AC3, 0x2AE4, 0x2AE4, 0x3305, 0x3305, 0x3B26, 0x3B47, 0x4368, 0x4BAA, 0x5BEB, 0x6C2E, 0x7490, 0x7CD1,
    0x84F3, 0x84F4, 0x7CF4, 0x7CF5, 0x7CF5, 0x7CF6, 0x7CF6, 0x7CF7, 0x7CF8, 0x7CF8, 0x7CF9, 0x7CFA, 0x74DA, 0x74DA, 0x74DB, 0x74DC,
    0x1AC3, 0x1AC3, 0x1AC3, 0x1AC4, 0x1AE4, 0x1AE4, 0x2305, 0x2305, 0x2B26, 0x3347, 0x3B88, 0x43CA, 0x540C, 0x646E, 0x74B0, 0x7CF2,
    0x7D13, 0x8514, 0x8514, 0x7D35, 0x7D35, 0x7D36, 0x7D36, 0x7D37, 0x7D37, 0x7D38, 0x7D39, 0x7D39, 0x7D1A, 0x7D1A, 0x751B, 0x751B,
    0x02E3, 0x02E3, 0x02E4, 0x02E4, 0x02E4, 0x0B04, 0x0B05, 0x1326, 0x1B46, 0x2387, 0x33C9, 0x440A, 0x546C, 0x64AE, 0x74F0, 0x7D12,
    0x8533, 0x8554, 0x8555, 0x8555, 0x8556, 0x8556, 0x7D77, 0x7D57, 0x7D78, 0x7D78, 0x8579, 0x8579, 0x857A, 0x7D7A, 0x7D7B, 0x7D7B,
    0x02E3, 0x02E3, 0x02E4, 0x0304, 0x0304, 0x0324, 0x0325, 0x0346, 0x0B87, 0x13A8, 0x2C09, 0x3C4B, 0x4C8D, 0x64CF, 0x7511, 0x7D32,
    0x8553, 0x8574, 0x8575, 0x8D75, 0x8D76, 0x8576, 0x8597, 0x8597, 0x8598, 0x8598, 0x85B9, 0x85B9, 0x85BA, 0x85BA, 0x85BB, 0x85BB,
    0x0303, 0x0303, 0x0304, 0x0304, 0x0324, 0x0345, 0x0365, 0x03A6, 0x03C7, 0x0C08, 0x244A, 0x3C8B, 0x4CAD, 0x64EF, 0x6D31, 0x7D52,
    0x7D73, 0x8594, 0x8595, 0x8596, 0x8D96, 0x8D96, 0x85B7, 0x85B7, 0x85B8, 0x85B8, 0x85D9, 0x7DD9, 0x7DDA, 0x7DDA, 0x85FB, 0x85FB,
    0x0344, 0x0344, 0x0344, 0x0364, 0x0365, 0x03A5, 0x03C6, 0x03E7, 0x0408, 0x0449, 0x1C8A, 0x34AC, 0x4CEE, 0x5D30, 0x6D51, 0x7572,
    0x7D74, 0x8595, 0x85B5, 0x85D6, 0x8DB6, 0x8DB6, 0x8DB7, 0x8DB8, 0x85D8, 0x85D8, 0x85F9, 0x85F9, 0x7DFA, 0x7E1A, 0x7E1B, 0x863B,
    0x0384, 0x03A4, 0x03A5, 0x03C5, 0x03C5, 0x03E6, 0x0406, 0x0427, 0x0468, 0x0489, 0x14CB, 0x2CEC, 0x450E, 0x5D30, 0x6D51, 0x7573,
    0x7D94, 0x7DB5, 0x85D5, 0x85D6, 0x8DF7, 0x8DF7, 0x8DD7, 0x8DD7, 0x8DD8, 0x85F8, 0x85F9, 0x861A, 0x861A, 0x7E3A, 0x7E3B, 0x7E5B,
    0x03E5, 0x0405, 0x0405, 0x0406, 0x0426, 0x0447, 0x0467, 0x0468, 0x0489, 0x04CA, 0x0CEC, 0x2D0D, 0x452E, 0x5550, 0x6D71, 0x7593,
    0x7DB4, 0x7DB4, 0x7DD5, 0x85F6, 0x8617, 0x8E18, 0x8DF7, 0x8DF8, 0x8DF8, 0x8E18, 0x8619, 0x863A, 0x863A, 0x865A, 0x7E5B, 0x867B,
    0x0466, 0x0466, 0x0466, 0x0467, 0x0487, 0x04A8, 0x04A8, 0x04C9, 0x04EA, 0x050B, 0x0D2C, 0x2D4E, 0x454F, 0x5570, 0x6D92, 0x75B3,
    0x7DB4, 0x7DD5, 0x7DF6, 0x8616, 0x8637, 0x8E38, 0x8E38, 0x8E38, 0x8E38, 0x8E39, 0x8E39, 0x8E3A, 0x865A, 0x865A, 0x867B, 0x869B,
    0x04C7, 0x04C7, 0x04C7, 0x04C8, 0x04E8, 0x04E9, 0x0509, 0x050A, 0x054B, 0x054C, 0x154D, 0x2D6F, 0x4D90, 0x5D91, 0x6DB2, 0x75D3,
    0x7DF4, 0x7DF5, 0x7E16, 0x8636, 0x8637, 0x8E58, 0x8E59, 0x8E58, 0x9659, 0x9659, 0x8E59, 0x8E5A, 0x8E7A, 0x8E7B, 0x8E9B, 0x8E9B,
    0x0528, 0x0529, 0x0529, 0x0529, 0x0529, 0x054A, 0x054B, 0x054B, 0x056C, 0x056D, 0x1D8E, 0x358F, 0x4DB1, 0x5DB2, 0x6DD3, 0x75F4,
    0x7DF4, 0x7E15, 0x7E36, 0x7E36, 0x8657, 0x8678, 0x8E99, 0x8E79, 0x8E79, 0x9679, 0x9679, 0x8E7A, 0x8E9A, 0x8E9B, 0x8EBB, 0x96BB,
    0x056A, 0x056A, 0x056B, 0x056B, 0x056B, 0x058C, 0x058C, 0x058D, 0x05AD, 0x0DAE, 0x2DAF, 0x3DD0, 0x55D1, 0x5DF2, 0x6DF3, 0x75F4,
    0x7E15, 0x7E35, 0x7E36, 0x7E57, 0x7E78, 0x8678, 0x8E99, 0x8EB9, 0x8E99, 0x969A, 0x969A, 0x969A, 0x8E9A, 0x8EBB, 0x96BB, 0x96DC,
    0x05AC, 0x05AD, 0x05AD, 0x05AD, 0x05AD, 0x05CE, 0x0DCE, 0x15CF, 0x1DCF, 0x2DD0, 0x3DF1, 0x4DF2, 0x5DF2, 0x6613, 0x7614, 0x7635,
    0x7E35, 0x7E56, 0x7E57, 0x7E77, 0x7E78, 0x8698, 0x86B9, 0x8EDA, 0x8EDA, 0x96DA, 0x96BA, 0x96BA, 0x96BB, 0x96BB, 0x96DB, 0x9EDC,
    0x160F, 0x160F, 0x15EF, 0x15EF, 0x160F, 0x1E10, 0x2E10, 0x3611, 0x4611, 0x4E12, 0x5612, 0x5E33, 0x6634, 0x6E34, 0x7655, 0x7E56,
    0x7E76, 0x7E77, 0x7E97, 0x7E98, 0x7EB8, 0x7EB9, 0x86D9, 0x86DA, 0x8EFA, 0x96FA, 0x96FA, 0x9EDA, 0x9EDB, 0x9EDB, 0x9EDB, 0xA6DC,
    0x4E32, 0x4E52, 0x4E52, 0x4E52, 0x5652, 0x5E53, 0x5E53, 0x5E53, 0x6653, 0x6654, 0x6E74, 0x6E75, 0x7675, 0x7E76, 0x7E76, 0x7E96,
    0x8697, 0x86B7, 0x86B8, 0x7EB8, 0x7ED9, 0x7EF9, 0x7EFA, 0x86FA, 0x8F1A, 0x971B, 0x9F1B, 0x9EFB, 0x9EFB, 0x9EFB, 0xA6FB, 0xA6FC,
    0x6800, 0x6800, 0x6800, 0x6800, 0x6801, 0x6801, 0x7002, 0x7002, 0x7003, 0x7804, 0x7805, 0x7807, 0x8008, 0x800A, 0x800B, 0x800D,
    0x800F, 0x8010, 0x8012, 0x8013, 0x8014, 0x7815, 0x7816, 0x7017, 0x7018, 0x6819, 0x6819, 0x6819, 0x681A, 0x681B, 0x703B, 0x78BC,
    0x6020, 0x6820, 0x6820, 0x6820, 0x6801, 0x6801, 0x7002, 0x7002, 0x7803, 0x7804, 0x7805, 0x7807, 0x8008, 0x800A, 0x800B, 0x800D,
    0x800F, 0x8011, 0x8012, 0x8013, 0x8015, 0x8016, 0x7816, 0x7017, 0x7018, 0x6818, 0x6819, 0x681A, 0x681A, 0x681B, 0x705B, 0x70DC,
    0x6040, 0x6840, 0x6840, 0x6820, 0x6821, 0x7001, 0x7002, 0x7002, 0x7803, 0x7804, 0x7805, 0x8007, 0x8008, 0x800A, 0x800B, 0x800D,
    0x800F, 0x8011, 0x8012, 0x8013, 0x8014, 0x7815, 0x7816, 0x7017, 0x7018, 0x6818, 0x6819, 0x681A, 0x681A, 0x683B, 0x707B, 0x70DC,
    0x6860, 0x6860, 0x6860, 0x6860, 0x6841, 0x7021, 0x7002, 0x7803, 0x7803, 0x7804, 0x7805, 0x8007, 0x8009, 0x800A, 0x800C, 0x800D,
    0x800F, 0x8011, 0x8012, 0x8013, 0x8014, 0x7815, 0x7816, 0x7017, 0x7018, 0x6818, 0x6819, 0x681A, 0x683A, 0x687B, 0x70BB, 0x711C,
    0x6880, 0x6880, 0x6880, 0x6880, 0x6881, 0x7061, 0x7042, 0x7823, 0x7803, 0x7804, 0x7806, 0x8007, 0x8009, 0x800A, 0x800C, 0x800D,
    0x800F, 0x8011, 0x8012, 0x8013, 0x8014, 0x7815, 0x7816, 0x7017, 0x7018, 0x6818, 0x6819, 0x685A, 0x689A, 0x68BB, 0x68FB, 0x713C,
    0x68C0, 0x68C0, 0x68C0, 0x68C0, 0x68A1, 0x70A2, 0x7082, 0x7863, 0x7844, 0x7804, 0x8006, 0x8007, 0x8009, 0x800A, 0x800C, 0x800D,
    0x880F, 0x8811, 0x8012, 0x8013, 0x8014, 0x7815, 0x7816, 0x7017, 0x7017, 0x6858, 0x6899, 0x68B9, 0x68DA, 0x68FB, 0x691B, 0x715C,
    0x6900, 0x6900, 0x68E0, 0x70E0, 0x70E1, 0x70E2, 0x78E2, 0x78C3, 0x78A4, 0x8064, 0x8046, 0x8048, 0x8049, 0x882B, 0x882C, 0x882E,
    0x8830, 0x8831, 0x8832, 0x8054, 0x8055, 0x8076, 0x7896, 0x7897, 0x70B8, 0x70D8, 0x7119, 0x713A, 0x695A, 0x717B, 0x719B, 0x79DC,
    0x6920, 0x7120, 0x7120, 0x7121, 0x7141, 0x7122, 0x7922, 0x7923, 0x7904, 0x80E5, 0x88C6, 0x88A8, 0x88A9, 0x88AB, 0x88AD, 0x88AE,
    0x88B0, 0x88B1, 0x88B3, 0x88D4, 0x80D5, 0x80F6, 0x7917, 0x7937, 0x7138, 0x7158, 0x7179, 0x719A, 0x71BA, 0x71DB, 0x71FB, 0x7A3C,
    0x7160, 0x7160, 0x7160, 0x7161, 0x7182, 0x7982, 0x7983, 0x7983, 0x8164, 0x8165, 0x8947, 0x8948, 0x8929, 0x894B, 0x894D, 0x892F,
    0x8950, 0x8951, 0x8953, 0x8954, 0x8175, 0x8176, 0x7997, 0x7997, 0x7198, 0x71B8, 0x71D9, 0x71F9, 0x71FA, 0x721B, 0x7A3B, 0x7A7C,
    0x7180, 0x7180, 0x71A1, 0x71A1, 0x71A2, 0x79C2, 0x79C3, 0x79E4, 0x79C5, 0x81C6, 0x89C7, 0x89C8, 0x89AA, 0x89AB, 0x89CD, 0x89CF,
    0x89D0, 0x89D2, 0x89D3, 0x89D4, 0x81D5, 0x81F6, 0x79F7, 0x79F7, 0x71F8, 0x7218, 0x7239, 0x725A, 0x725A, 0x725B, 0x7A7B, 0x829C,
    0x71C0, 0x71C0, 0x71C1, 0x71E1, 0x71E2, 0x7A02, 0x7A03, 0x7A24, 0x8225, 0x8246, 0x8A48, 0x8A49, 0x8A2A, 0x8A2C, 0x8A2D, 0x8A2F,
    0x8A51, 0x8A52, 0x8A53, 0x8254, 0x8255, 0x8256, 0x7A76, 0x7A77, 0x7A78, 0x7278, 0x7299, 0x7299, 0x72BA, 0x72BA, 0x7ABB, 0x82DC,
    0x7200, 0x7201, 0x7201, 0x7202, 0x7222, 0x7A23, 0x7A43, 0x7A64, 0x8265, 0x8287, 0x82A8, 0x8AA9, 0x8AAB, 0x8AAC, 0x8AAE, 0x8AAF,
    0x8AB1, 0x8AB2, 0x8AB3, 0x82B4, 0x82B5, 0x82D6, 0x7AD6, 0x7AD7, 0x7AD8, 0x72D8, 0x72F9, 0x72F9, 0x72FA, 0x72FA, 0x7B1B, 0x7B3B,
    0x7241, 0x7241, 0x7241, 0x7242, 0x7242, 0x7A63, 0x7A84, 0x7AA5, 0x82A6, 0x82C7, 0x8308, 0x8B0A, 0x8B2B, 0x8B2D, 0x8B0E, 0x8B30,
    0x8B31, 0x8B32, 0x8333, 0x8334, 0x8335, 0x8336, 0x7B36, 0x7B37, 0x7B38, 0x7B38, 0x7B59, 0x7B59, 0x7B5A, 0x7B5A, 0x7B7B, 0x839B,
    0x72A1, 0x72A1, 0x72A1, 0x72A2, 0x72A3, 0x7AC3, 0x7AC4, 0x7AE5, 0x82E6, 0x8308, 0x8349, 0x8B6B, 0x8B8C, 0x8BAD, 0x8BAF, 0x8BB0,
    0x8BB2, 0x8BB3, 0x8BB4, 0x83B4, 0x83B5, 0x83B6, 0x83B7, 0x7BB7, 0x7BB8, 0x7BB8, 0x7BD9, 0x7BD9, 0x7BDA, 0x7BDA, 0x83DB, 0x83FC,
    0x6AE1, 0x6AE1, 0x6AE1, 0x6AE2, 0x6B03, 0x6B03, 0x7304, 0x7325, 0x7346, 0x7B48, 0x7B89, 0x83AB, 0x83CC, 0x83EE, 0x8C0F, 0x8C31,
    0x8C32, 0x8C33, 0x8414, 0x8414, 0x8415, 0x8416, 0x8417, 0x8417, 0x7C18, 0x7C18, 0x7C19, 0x7C19, 0x7C1A, 0x7C1A, 0x841B, 0x843C,
    0x5AE1, 0x5B02, 0x5B02, 0x5B02, 0x5B23, 0x6324, 0x6324, 0x6B45, 0x6B66, 0x6B87, 0x73A9, 0x73CB, 0x7BEC, 0x840E, 0x844F, 0x8C71,
    0x8C72, 0x8C73, 0x8474, 0x8475, 0x8475, 0x8476, 0x8476, 0x8457, 0x7C57, 0x7C58, 0x7C59, 0x7C59, 0x7C5A, 0x7C5A, 0x7C5B, 0x847C,
    0x4B02, 0x4B02, 0x4B02, 0x4B03, 0x5323, 0x5324, 0x5345, 0x5B45, 0x5B66, 0x5B87, 0x63A9, 0x6BCA, 0x6BEC, 0x742D, 0x7C4F, 0x8491,
    0x8CB2, 0x8CB3, 0x84B4, 0x84B5, 0x84B5, 0x84B6, 0x84B6, 0x84B7, 0x7C98, 0x7C98, 0x8499, 0x7C99, 0x7C9A, 0x7C9A, 0x7C9B, 0x84BC,
    0x3B02, 0x3B03, 0x3B03, 0x4323, 0x4324, 0x4324, 0x4345, 0x4B65, 0x4B66, 0x4B87, 0x53A8, 0x5BCA, 0x63EB, 0x6C2D, 0x7C6F, 0x84B1,
    0x8CF2, 0x8CF3, 0x84F4, 0x84F5, 0x84F5, 0x84F6, 0x84F6, 0x84F7, 0x84D8, 0x84D8, 0x84F9, 0x84DA, 0x7CDA, 0x7CDA, 0x7CDB, 0x7CDC,
    0x2B03, 0x2B03, 0x2B03, 0x3324, 0x3324, 0x3344, 0x3345, 0x3B46, 0x3B66, 0x4387, 0x4BA8, 0x53CA, 0x5C0B, 0x642D, 0x746F, 0x7CD1,
    0x8513, 0x8D34, 0x8D14, 0x8535, 0x8535, 0x8536, 0x8536, 0x8537, 0x8537, 0x8538, 0x8539, 0x8539, 0x851A, 0x7D1A, 0x7CFB, 0x7D1B,
    0x1B03, 0x1B03, 0x1B23, 0x1B24, 0x1B24, 0x2344, 0x2345, 0x2B66, 0x2B66, 0x3387, 0x3BC8, 0x43EA, 0x542B, 0x646D, 0x74AF, 0x7CF1,
    0x8533, 0x8D54, 0x8D55, 0x8D55, 0x8D56, 0x8D56, 0x8577, 0x8557, 0x8578, 0x8578, 0x8579, 0x8579, 0x857A, 0x855A, 0x855B, 0x855B,
    0x0B23, 0x0B23, 0x0B24, 0x0B24, 0x0B24, 0x1344, 0x1345, 0x1B66, 0x1B86, 0x23A7, 0x33E9, 0x3C2A, 0x4C6C, 0x5CAE, 0x74F0, 0x7D12,
    0x8553, 0x8D74, 0x8D75, 0x8D75, 0x8D76, 0x8D96, 0x8D97, 0x8D97, 0x8598, 0x8598, 0x85B9, 0x85B9, 0x85BA, 0x85BA, 0x85BB, 0x85BB,
    0x0323, 0x0323, 0x0324, 0x0324, 0x0344, 0x0344, 0x0365, 0x0B86, 0x0BA7, 0x13C7, 0x2409, 0x344A, 0x4C8C, 0x5CCE, 0x6D10, 0x7D32,
    0x8553, 0x8574, 0x8D95, 0x8D96, 0x8DB6, 0x8DB6, 0x8DB7, 0x8DB7, 0x8DB8, 0x85B8, 0x85D9, 0x85DA, 0x85DA, 0x85DA, 0x85FB, 0x85FB,
    0x0344, 0x0344, 0x0344, 0x0344, 0x0344, 0x0365, 0x0385, 0x03A6, 0x03C7, 0x0408, 0x1C49, 0x348B, 0x44AD, 0x5CEE, 0x6D30, 0x7D52,
    0x8573, 0x8594, 0x8DB5, 0x8DD6, 0x8DD6, 0x95D7, 0x8DD7, 0x8DD8, 0x8DD8, 0x8DD8, 0x85F9, 0x85F9, 0x861A, 0x861A, 0x861B, 0x861B,
    0x0364, 0x0364, 0x0364, 0x0384, 0x0384, 0x03C5, 0x03C6, 0x03E6, 0x0427, 0x0448, 0x148A, 0x24CB, 0x44ED, 0x550F, 0x6D31, 0x7572,
    0x7D93, 0x8594, 0x85B5, 0x8DD6, 0x8DF7, 0x95F7, 0x95D7, 0x8DD7, 0x8DF8, 0x8DF8, 0x8E19, 0x8619, 0x861A, 0x863A, 0x863B, 0x865B,
    0x03C4, 0x03C4, 0x03C4, 0x03C5, 0x03E5, 0x0406, 0x0426, 0x0447, 0x0468, 0x0489, 0x0CCA, 0x24EC, 0x3D0D, 0x552F, 0x6551, 0x7572,
    0x7D93, 0x85B4, 0x85D5, 0x85F6, 0x8E17, 0x8E17, 0x8E17, 0x8DF8, 0x8E18, 0x8E18, 0x8E19, 0x8E39, 0x863A, 0x865A, 0x865B, 0x867B,
    0x0425, 0x0425, 0x0425, 0x0445, 0x0446, 0x0466, 0x0487, 0x0488, 0x04A9, 0x04CA, 0x050B, 0x1D2D, 0x3D4E, 0x4D4F, 0x6571, 0x7592,
    0x7DB4, 0x7DD4, 0x85D5, 0x85F6, 0x8E17, 0x8E38, 0x8E38, 0x9638, 0x9638, 0x8E39, 0x8E39, 0x8E5A, 0x8E5A, 0x8E5A, 0x867B, 0x8E7B,
    0x0486, 0x04A6, 0x04A6, 0x04A6, 0x04C7, 0x04C8, 0x04E8, 0x04E9, 0x050A, 0x052B, 0x054C, 0x254D, 0x3D6F, 0x5590, 0x6592, 0x75B3,
    0x7DD4, 0x85F5, 0x8616, 0x8616, 0x8E37, 0x8E58, 0x8E58, 0x9658, 0x9659, 0x9659, 0x9659, 0x8E7A, 0x8E7A, 0x8E7B, 0x8E9B, 0x8E9B,
    0x0507, 0x0507, 0x0508, 0x0508, 0x0508, 0x0529, 0x0529, 0x054A, 0x054B, 0x054C, 0x0D6D, 0x258E, 0x3D8F, 0x55B1, 0x65B2, 0x75D3,
    0x7DF4, 0x7DF5, 0x7E16, 0x8636, 0x8657, 0x8E78, 0x8E79, 0x8E79, 0x9679, 0x9679, 0x9679, 0x967A, 0x969A, 0x8E9B, 0x96BB, 0x96BC,
    0x0549, 0x0549, 0x0549, 0x054A, 0x056A, 0x056A, 0x056B, 0x058C, 0x058C, 0x058D, 0x1DAE, 0x35AF, 0x45B1, 0x5DD2, 0x65D3, 0x75F4,
    0x7E15, 0x7E15, 0x7E36, 0x8656, 0x8657, 0x8678, 0x8E99, 0x8EB9, 0x9699, 0x969A, 0x969A, 0x969A, 0x969A, 0x96BB, 0x96BB, 0x9EBC,
    0x05AB, 0x05AB, 0x05AC, 0x05AC, 0x05AC, 0x05AD, 0x05CD, 0x0DCE, 0x15CE, 0x1DCF, 0x35F0, 0x45F1, 0x55F2, 0x65F3, 0x6E13, 0x7614,
    0x7E35, 0x8656, 0x7E56, 0x8677, 0x8678, 0x8698, 0x8EB9, 0x8EB9, 0x8EDA, 0x96DA, 0x96BA, 0x96BA, 0x96BB, 0x9EBB, 0x9EDB, 0x9EDC,
    0x15EE, 0x15EE, 0x15EE, 0x15EE, 0x15EF, 0x15EF, 0x1E0F, 0x2610, 0x3610, 0x4611, 0x4E12, 0x5E12, 0x6633, 0x6E34, 0x7634, 0x7E55,
    0x7E56, 0x8676, 0x8677, 0x8697, 0x8698, 0x86B9, 0x86D9, 0x8EDA, 0x8EFA, 0x96FA, 0x96FA, 0x9EDA, 0x9EDB, 0x9EDB, 0x9EDB, 0xA6FC,
    0x4E52, 0x4E52, 0x4E51, 0x4E51, 0x5652, 0x5652, 0x5E52, 0x5E52, 0x5E53, 0x6653, 0x6E74, 0x6E74, 0x7675, 0x7E75, 0x7E76, 0x8676,
    0x8697, 0x86B7, 0x86B8, 0x86B8, 0x86D8, 0x86D9, 0x86F9, 0x8EFA, 0x8EFA, 0x971B, 0x9F1B, 0x9EFB, 0x9EFB, 0xA6FB, 0xA6FB, 0xAEFB,
    0x7000, 0x7800, 0x7800, 0x7800, 0x7800, 0x7801, 0x8002, 0x8002, 0x8803, 0x8804, 0x8805, 0x8807, 0x9008, 0x900A, 0x900C, 0x900D,
    0x900F, 0x9010, 0x9012, 0x9013, 0x9014, 0x8815, 0x8816, 0x8017, 0x8018, 0x7818, 0x7819, 0x781A, 0x781A, 0x781B, 0x785B, 0x80DC,
    0x7000, 0x7800, 0x7800, 0x7800, 0x7800, 0x8001, 0x8002, 0x8002, 0x8803, 0x8804, 0x8805, 0x8807, 0x9008, 0x900A, 0x900C, 0x900D,
    0x900F, 0x9011, 0x9012, 0x9013, 0x9015, 0x8816, 0x8816, 0x8017, 0x8018, 0x7818, 0x7819, 0x781A, 0x781A, 0x783B, 0x787B, 0x80DC,
    0x7020, 0x7820, 0x7800, 0x7800, 0x7801, 0x8001, 0x8002, 0x8002, 0x8803, 0x8804, 0x8805, 0x8807, 0x9008, 0x900A, 0x900C, 0x900D,
    0x900F, 0x9011, 0x9012, 0x9013, 0x8814, 0x8815, 0x8816, 0x8017, 0x8018, 0x7818, 0x7819, 0x781A, 0x781A, 0x785B, 0x789B, 0x80FC,
    0x7040, 0x7840, 0x7840, 0x7820, 0x7821, 0x8001, 0x8002, 0x8003, 0x8803, 0x8804, 0x8805, 0x8807, 0x9008, 0x900A, 0x900C, 0x900D,
    0x900F, 0x9011, 0x9012, 0x9013, 0x8814, 0x8815, 0x8816, 0x8017, 0x7818, 0x7818, 0x7819, 0x781A, 0x785A, 0x787B, 0x78DB, 0x811C,
    0x7880, 0x7880, 0x7880, 0x7860, 0x7861, 0x8041, 0x8022, 0x8803, 0x8803, 0x8804, 0x8805, 0x9007, 0x9009, 0x900A, 0x900C, 0x900D,
    0x900F, 0x9011, 0x9012, 0x9013, 0x8815, 0x8815, 0x8816, 0x8017, 0x7818, 0x7818, 0x7819, 0x785A, 0x789A, 0x78DB, 0x78FB, 0x815C,
    0x78C0, 0x78C0, 0x78A0, 0x78A0, 0x78A1, 0x8081, 0x8062, 0x8843, 0x8804, 0x8804, 0x8806, 0x9007, 0x9009, 0x900A, 0x900C, 0x900D,
    0x900F, 0x9011, 0x9012, 0x9013, 0x8814, 0x8815, 0x8816, 0x8017, 0x7817, 0x7858, 0x7899, 0x78D9, 0x78FA, 0x791B, 0x793B, 0x817C,
    0x7900, 0x7900, 0x78E0, 0x78E0, 0x80E1, 0x80E1, 0x80E2, 0x88C3, 0x8884, 0x8844, 0x9026, 0x9027, 0x9029, 0x900B, 0x900C, 0x900E,
    0x9810, 0x9031, 0x9032, 0x9034, 0x9055, 0x8876, 0x8896, 0x8097, 0x80B8, 0x80F8, 0x7919, 0x793A, 0x795A, 0x797B, 0x81BB, 0x81FC,
    0x7940, 0x8140, 0x8140, 0x8140, 0x8141, 0x8142, 0x8922, 0x8923, 0x8904, 0x90E5, 0x90A6, 0x9088, 0x9089, 0x988B, 0x988D, 0x988E,
    0x9890, 0x9891, 0x90B3, 0x90D4, 0x90F5, 0x8916, 0x8936, 0x8937, 0x8158, 0x8178, 0x8199, 0x81BA, 0x81DA, 0x81DB, 0x821B, 0x8A3C,
    0x8180, 0x8180, 0x8180, 0x8181, 0x8181, 0x8182, 0x8983, 0x8983, 0x8964, 0x9165, 0x9147, 0x9948, 0x9929, 0x992B, 0x992D, 0x992F,
    0x9950, 0x9951, 0x9153, 0x9174, 0x9175, 0x8996, 0x89B7, 0x89B7, 0x81B8, 0x81D8, 0x81F9, 0x8219, 0x821A, 0x823A, 0x825B, 0x8A7C,
    0x81A0, 0x81A0, 0x81C0, 0x81C1, 0x81C1, 0x89E2, 0x89E3, 0x89E4, 0x89E5, 0x91E6, 0x91C7, 0x99C8, 0x99CA, 0x99AB, 0x99CD, 0x99CF,
    0x99D0, 0x91F2, 0x91F3, 0x91F4, 0x91F5, 0x8A16, 0x8A17, 0x8217, 0x8218, 0x8238, 0x8259, 0x825A, 0x827A, 0x827A, 0x829B, 0x8ABC,
    0x81E0, 0x81E0, 0x81E0, 0x8201, 0x8202, 0x8222, 0x8A23, 0x8A44, 0x8A45, 0x8A46, 0x9248, 0x9249, 0x924A, 0x9A4C, 0x9A4D, 0x9A4F,
    0x9A51, 0x9A52, 0x9253, 0x9254, 0x9275, 0x8A76, 0x8A76, 0x8297, 0x8298, 0x8298, 0x8299, 0x82B9, 0x82BA, 0x82BA, 0x82DB, 0x8AFC,
    0x8220, 0x8220, 0x8221, 0x8221, 0x8222, 0x8242, 0x8A63, 0x8A84, 0x8A85, 0x8AA7, 0x92A8, 0x92C9, 0x92AB, 0x92AC, 0x92AD, 0x9AAF,
    0x9AD1, 0x92D2, 0x92D3, 0x92D4, 0x8AD5, 0x8AD6, 0x8AD6, 0x82D7, 0x82D8, 0x82D8, 0x82F9, 0x8319, 0x82FA, 0x831A, 0x831B, 0x8B5C,
    0x8260, 0x8260, 0x8261, 0x8261, 0x8262, 0x8A83, 0x8AA4, 0x8AA5, 0x8AC6, 0x8AE7, 0x9308, 0x932A, 0x932B, 0x932D, 0x932E, 0x932F,
    0x9331, 0x9332, 0x9333, 0x9334, 0x8B55, 0x8B56, 0x8B56, 0x8B57, 0x8358, 0x8358, 0x8379, 0x8379, 0x835A, 0x837A, 0x837B, 0x8B9C,
    0x82A0, 0x82A1, 0x82A1, 0x82A2, 0x8AA3, 0x8AC3, 0x8AE4, 0x8AE5, 0x8B06, 0x8B28, 0x9369, 0x938B, 0x93AC, 0x93AE, 0x93CF, 0x93D0,
    0x93D1, 0x93D3, 0x93D4, 0x93D4, 0x8BD5, 0x8BD6, 0x8BD7, 0x8BD7, 0x8BD8, 0x8BD8, 0x8BD9, 0x8BD9, 0x8BDA, 0x8BFA, 0x8BFB, 0x8C1C,
    0x7B00, 0x7B01, 0x7B01, 0x8302, 0x8303, 0x8323, 0x8324, 0x8B45, 0x8B67, 0x8B68, 0x8B8A, 0x93CB, 0x93ED, 0x940E, 0x942F, 0x9431,
    0x9432, 0x9433, 0x9434, 0x9434, 0x8C35, 0x8C36, 0x8C37, 0x8C17, 0x8C17, 0x8C18, 0x8C39, 0x8C19, 0x8C1A, 0x8C3A, 0x8C3B, 0x8C5C,
    0x7321, 0x7341, 0x7342, 0x7342, 0x7343, 0x7364, 0x7B65, 0x7B86, 0x7B87, 0x83A8, 0x83C9, 0x8BEB, 0x8C0D, 0x8C2E, 0x8C50, 0x9471,
    0x9492, 0x9473, 0x9474, 0x8C74, 0x8C75, 0x8C76, 0x8C76, 0x8C77, 0x8C77, 0x8C78, 0x8C79, 0x8C79, 0x8C7A, 0x8C5A, 0x8C7B, 0x8C7C,
    0x6341, 0x6342, 0x6362, 0x6362, 0x6B63, 0x6B84, 0x6B85, 0x6B86, 0x73A7, 0x73C8, 0x7BE9, 0x7C0B, 0x842C, 0x844E, 0x8C6F, 0x8C91,
    0x94B2, 0x94D3, 0x94B4, 0x8CB4, 0x8CB5, 0x8CB6, 0x8CB6, 0x8CB7, 0x8CB7, 0x8CB8, 0x8CB9, 0x84B9, 0x849A, 0x849A, 0x849B, 0x8CBC,
    0x5342, 0x5362, 0x5363, 0x5363, 0x5B64, 0x5B84, 0x5B85, 0x5BA6, 0x63A7, 0x63C8, 0x6BE9, 0x740A, 0x742C, 0x7C4D, 0x7C6F, 0x8CB1,
    0x8CF2, 0x94F3, 0x8CF4, 0x8CF5, 0x8CF5, 0x8CF6, 0x8CF7, 0x8CF7, 0x8CD8, 0x8CD8, 0x8CD9, 0x84D9, 0x84DA, 0x84DA, 0x84DB, 0x84DB,
    0x4363, 0x4363, 0x4363, 0x4363, 0x4364, 0x4B84, 0x4B85, 0x4BA6, 0x53A7, 0x53C8, 0x5BE9, 0x640A, 0x642B, 0x6C2D, 0x746E, 0x84B0,
    0x8CF2, 0x9534, 0x8D14, 0x8D35, 0x8D35, 0x8D36, 0x8D36, 0x8D37, 0x8D37, 0x8D18, 0x8D19, 0x8519, 0x851A, 0x851A, 0x84FB, 0x851B,
    0x3363, 0x3363, 0x3363, 0x3364, 0x3B64, 0x3B85, 0x3BA5, 0x43A6, 0x43C7, 0x4BC8, 0x4BE9, 0x540A, 0x5C2B, 0x644D, 0x748F, 0x7CD1,
    0x8D12, 0x8D54, 0x9555, 0x9555, 0x8D56, 0x8D76, 0x8D57, 0x8D57, 0x8D78, 0x8D78, 0x8D79, 0x8D79, 0x8D5A, 0x855A, 0x855B, 0x855B,
    0x2363, 0x2363, 0x2364, 0x2364, 0x2384, 0x2385, 0x2BA5, 0x2BA6, 0x33A7, 0x3BC7, 0x3BE8, 0x440A, 0x544B, 0x5C8D, 0x6CAF, 0x7CF1,
    0x8532, 0x8D54, 0x9575, 0x9595, 0x9596, 0x9596, 0x8D97, 0x8D97, 0x8D98, 0x8D98, 0x8D99, 0x8D99, 0x8D9A, 0x8D9A, 0x8D9B, 0x8D9B,
    0x0B63, 0x0B64, 0x0B64, 0x0B64, 0x1364, 0x1385, 0x1385, 0x1BA6, 0x23A6, 0x23C7, 0x2BE8, 0x3C29, 0x4C6B, 0x548D, 0x6CCF, 0x7D11,
    0x8553, 0x8D74, 0x8D95, 0x95B6, 0x95B6, 0x95B6, 0x95B7, 0x8DB7, 0x8DB8, 0x8DB8, 0x8DD9, 0x8DD9, 0x8DDA, 0x8DDA, 0x8DDB, 0x8DDB,
    0x0364, 0x0364, 0x0364, 0x0364, 0x0364, 0x0384, 0x0385, 0x0BA5, 0x0BC6, 0x0BE7, 0x2408, 0x344A, 0x448B, 0x54CD, 0x650F, 0x7531,
    0x8553, 0x8D74, 0x8D95, 0x8DD6, 0x95D6, 0x95D7, 0x95D7, 0x95D8, 0x8DD8, 0x8DD8, 0x8DD9, 0x8DFA, 0x8DFA, 0x861A, 0x8E1B, 0x8E1B,
    0x0364, 0x0363, 0x0364, 0x0364, 0x0384, 0x03A5, 0x03A5, 0x03C6, 0x03E6, 0x0407, 0x0C48, 0x248A, 0x3CAC, 0x4CED, 0x650F, 0x7551,
    0x7D73, 0x8594, 0x8DB5, 0x8DD6, 0x95D7, 0x95F7, 0x95D7, 0x95F8, 0x95F8, 0x8DF8, 0x8E19, 0x8E19, 0x8E1A, 0x863A, 0x863B, 0x8E5B,
    0x0384, 0x03A4, 0x03A4, 0x03A4, 0x03C4, 0x03C5, 0x03E5, 0x0406, 0x0427, 0x0448, 0x0489, 0x1CCA, 0x34EC, 0x4D0E, 0x5D2F, 0x6D71,
    0x7D93, 0x8594, 0x8DB5, 0x8DD6, 0x8DF7, 0x9617, 0x9617, 0x95F8, 0x9618, 0x9618, 0x8E19, 0x8E39, 0x8E3A, 0x8E5A, 0x865B, 0x8E7B,
    0x03E4, 0x03E4, 0x03E4, 0x0404, 0x0405, 0x0425, 0x0446, 0x0467, 0x0487, 0x04A9, 0x04CA, 0x14EB, 0x350D, 0x454E, 0x5D50, 0x6D71,
    0x7D93, 0x85B4, 0x85D5, 0x8DF6, 0x8E17, 0x8E37, 0x9638, 0x9638, 0x9638, 0x9639, 0x9639, 0x965A, 0x8E5A, 0x8E5A, 0x8E7B, 0x8E7B,
    0x0464, 0x0465, 0x0465, 0x0485, 0x0486, 0x04A6, 0x04A7, 0x04C8, 0x04E8, 0x050A, 0x052B, 0x152C, 0x2D4E, 0x4D6F, 0x5D91, 0x6D92,
    0x7DB3, 0x85D4, 0x85F5, 0x8E16, 0x8E37, 0x8E57, 0x9658, 0x9658, 0x9659, 0x9659, 0x9659, 0x967A, 0x967A, 0x969B, 0x969B, 0x969C,
    0x04E6, 0x04E6, 0x04E6, 0x04E7, 0x04E7, 0x0507, 0x0508, 0x0529, 0x052A, 0x054B, 0x054C, 0x156D, 0x356E, 0x4D90, 0x5DB1, 0x6DD2,
    0x7DD4, 0x85F5, 0x8615, 0x8636, 0x8E37, 0x8E58, 0x9678, 0x9679, 0x9679, 0x9679, 0x9E79, 0x967A, 0x969A, 0x969B, 0x96BB, 0x96BC,
    0x0548, 0x0548, 0x0548, 0x0548, 0x0549, 0x0549, 0x056A, 0x056A, 0x056B, 0x058C, 0x0D8D, 0x25AE, 0x3DAF, 0x55D1, 0x65D2, 0x6DF3,
    0x7DF4, 0x8615, 0x8636, 0x8636, 0x8657, 0x8E78, 0x8E98, 0x9699, 0x96BA, 0x9E9A, 0x9E9A, 0x9E9A, 0x969A, 0x9EBB, 0x9EBB, 0x9EBB,
    0x058A, 0x058A, 0x058B, 0x058B, 0x05AB, 0x05AC, 0x05AC, 0x05AD, 0x0DAD, 0x15CE, 0x25CF, 0x3DD0, 0x4DF1, 0x5DF2, 0x6DF3, 0x7614,
    0x7E35, 0x8635, 0x8656, 0x8657, 0x8677, 0x8698, 0x8E99, 0x8EB9, 0x96DA, 0x96DA, 0x9EBA, 0x9EBA, 0x9EBB, 0x9EBB, 0x9EDB, 0xA6DC,
    0x15ED, 0x15ED, 0x15ED, 0x15EE, 0x15EE, 0x15EE, 0x15EE, 0x1E0F, 0x2610, 0x3E10, 0x4611, 0x5612, 0x5E12, 0x6E33, 0x7634, 0x7E55,
    0x7E56, 0x8676, 0x8677, 0x8697, 0x8698, 0x86B8, 0x8EB9, 0x8EDA, 0x8EFA, 0x96FA, 0x9EFB, 0x9EDA, 0x9EDB, 0xA6DB, 0xA6DB, 0xA6FC,
    0x4651, 0x4651, 0x4651, 0x4651, 0x4E51, 0x5651, 0x5652, 0x5652, 0x5E52, 0x6653, 0x6E53, 0x6E54, 0x6E74, 0x7675, 0x7E75, 0x7E76,
    0x8696, 0x8E97, 0x8EB8, 0x86B8, 0x86D8, 0x86D9, 0x86D9, 0x8EFA, 0x8EFA, 0x971B, 0x9F1B, 0x9EFB, 0xA6FB, 0xA6FB, 0xAEFB, 0xAEFB,
    0x8800, 0x8800, 0x8800, 0x8800, 0x8800, 0x8801, 0x9001, 0x9002, 0x9003, 0x9804, 0x9805, 0x9807, 0x9808, 0xA00A, 0xA00C, 0xA00D,
    0xA00F, 0x9810, 0x9812, 0x9813, 0x9814, 0x9815, 0x9816, 0x9017, 0x8817, 0x8818, 0x8819, 0x801A, 0x801A, 0x883B, 0x887B, 0x90FC,
    0x8000, 0x8800, 0x8800, 0x8800, 0x8800, 0x8801, 0x9001, 0x9002, 0x9003, 0x9804, 0x9805, 0x9807, 0x9808, 0xA00A, 0xA00C, 0xA00D,
    0xA00F, 0xA011, 0xA012, 0x9813, 0x9815, 0x9815, 0x9016, 0x9017, 0x8817, 0x8818, 0x8819, 0x801A, 0x801A, 0x883B, 0x889B, 0x891C,
    0x8000, 0x8800, 0x8800, 0x8800, 0x8800, 0x8801, 0x9002, 0x9002, 0x9803, 0x9804, 0x9805, 0x9807, 0x9808, 0x980A, 0xA00C, 0xA00D,
    0xA00F, 0xA011, 0xA012, 0x9813, 0x9814, 0x9815, 0x9016, 0x9017, 0x8817, 0x8818, 0x8819, 0x881A, 0x883A, 0x887B, 0x88BB, 0x893C,
    0x8820, 0x8820, 0x8800, 0x8800, 0x8800, 0x8801, 0x9002, 0x9002, 0x9803, 0x9804, 0x9805, 0x9807, 0x9808, 0x980A, 0xA00C, 0xA00D,
    0xA00F, 0xA011, 0x9812, 0x9813, 0x9814, 0x9815, 0x9016, 0x9017, 0x8817, 0x8818, 0x8819, 0x8839, 0x885A, 0x889A, 0x88FB, 0x893C,
    0x8860, 0x8860, 0x8860, 0x8840, 0x8820, 0x8821, 0x9002, 0x9002, 0x9003, 0x9804, 0x9805, 0x9807, 0x9809, 0x980A, 0xA00C, 0xA00D,
    0xA00F, 0xA011, 0x9812, 0x9814, 0x9815, 0x9815, 0x9016, 0x9017, 0x8817, 0x8818, 0x8839, 0x8879, 0x80BA, 0x80FA, 0x891B, 0x897B,
    0x88A0, 0x88A0, 0x88A0, 0x8880, 0x8880, 0x8881, 0x9062, 0x9023, 0x9003, 0x9004, 0x9805, 0x9807, 0x9808, 0x980A, 0x980C, 0xA00D,
    0xA00F, 0xA011, 0x9812, 0x9813, 0x9814, 0x9815, 0x9016, 0x9017, 0x8817, 0x8858, 0x88B9, 0x80D9, 0x80FA, 0x811B, 0x895B, 0x899C,
    0x8900, 0x8900, 0x8900, 0x88E0, 0x88E0, 0x90E1, 0x90C2, 0x90A3, 0x9884, 0x9844, 0x9826, 0xA007, 0xA009, 0xA00A, 0xA00C, 0xA00E,
    0xA010, 0xA011, 0xA032, 0x9854, 0x9875, 0x9896, 0x9096, 0x90B7, 0x88D8, 0x88F8, 0x8939, 0x895A, 0x897A, 0x899B, 0x89DB, 0x91FC,
    0x8940, 0x8940, 0x8940, 0x8940, 0x9140, 0x9141, 0x9122, 0x9923, 0x9904, 0x98E5, 0xA0A6, 0xA088, 0xA089, 0xA06B, 0xA06C, 0xA06E,
    0xA090, 0xA091, 0xA0B3, 0xA0D4, 0x98F5, 0x9936, 0x9956, 0x9157, 0x9178, 0x8998, 0x89B9, 0x89DA, 0x89FA, 0x89FB, 0x8A3B, 0x925C,
    0x8980, 0x8980, 0x91A0, 0x91A0, 0x91A0, 0x91A1, 0x9182, 0x9983, 0x9984, 0x9985, 0xA167, 0xA148, 0xA149, 0xA12B, 0xA12D, 0xA14E,
    0xA150, 0xA151, 0xA173, 0xA174, 0x9995, 0x99B6, 0x99D6, 0x91D7, 0x91D8, 0x89F8, 0x8A19, 0x8A39, 0x8A3A, 0x8A5A, 0x927B, 0x92BC,
    0x89C0, 0x89E0, 0x91E0, 0x91E0, 0x91E1, 0x91E1, 0x91E2, 0x99E4, 0x99E5, 0x99E6, 0xA1E7, 0xA1C8, 0xA1CA, 0xA1CB, 0xA1CD, 0xA1CE,
    0xA1D0, 0xA1F2, 0xA1F3, 0xA1F4, 0x9A15, 0x9A36, 0x9A36, 0x9237, 0x9238, 0x8A58, 0x8A79, 0x8A79, 0x8A9A, 0x8A9A, 0x8ABB, 0x92DB,
    0x8A00, 0x9200, 0x9200, 0x9220, 0x9221, 0x9222, 0x9243, 0x9244, 0x9A45, 0x9A46, 0x9A48, 0xA269, 0xA24A, 0xA24C, 0xA24D, 0xA24F,
    0xA250, 0xA272, 0xA273, 0x9A74, 0x9A95, 0x9A96, 0x9296, 0x9297, 0x8A98, 0x8AB8, 0x8AB9, 0x8AB9, 0x8ADA, 0x8ADA, 0x8AFB, 0x931C,
    0x9240, 0x9240, 0x8A40, 0x8A41, 0x9241, 0x9262, 0x9283, 0x9284, 0x92A5, 0x9AA7, 0x9AC8, 0x9AC9, 0xA2CB, 0xA2AC, 0xA2AD, 0xA2CF,
    0xA2D1, 0xA2D2, 0xA2D3, 0x9AD4, 0x9AF5, 0x9AF6, 0x92F6, 0x92F7, 0x8AF8, 0x8AF8, 0x8B19, 0x8B19, 0x8B1A, 0x8B1A, 0x8B3B, 0x935C,
    0x9280, 0x9280, 0x9280, 0x8A81, 0x9282, 0x92A3, 0x92C4, 0x92C5, 0x92E6, 0x9AE7, 0x9B29, 0x9B4A, 0x9B2B, 0x9B2D, 0xA32E, 0xA34F,
    0xA351, 0xA352, 0x9B53, 0x9B54, 0x9B55, 0x9B76, 0x9356, 0x9357, 0x9358, 0x8B78, 0x8B79, 0x8B79, 0x8B7A, 0x8B7A, 0x8B9B, 0x93BC,
    0x92C0, 0x92C0, 0x92C1, 0x92C1, 0x92E2, 0x92E3, 0x9304, 0x9305, 0x9B26, 0x9B48, 0x9B89, 0x9BAB, 0x9BCC, 0xA3CE, 0x9BCF, 0xA3D0,
    0xA3D1, 0x9BD3, 0x9BD3, 0x9BF4, 0x9BF5, 0x9BF6, 0x93F7, 0x93D7, 0x93D8, 0x93F8, 0x93F9, 0x93F9, 0x93FA, 0x93FA, 0x941B, 0x941C,
    0x8B00, 0x8B01, 0x9301, 0x9302, 0x9303, 0x9324, 0x9344, 0x9346, 0x9367, 0x9B88, 0x9BAA, 0x9BCB, 0x9BED, 0x9C0E, 0x9C30, 0x9C31,
    0x9C32, 0x9C33, 0x9C34, 0x9C34, 0x9C35, 0x9C36, 0x9436, 0x9437, 0x9437, 0x9438, 0x9439, 0x9439, 0x943A, 0x943A, 0x943B, 0x945B,
    0x8360, 0x8B61, 0x8B61, 0x8B62, 0x8B63, 0x8B84, 0x8B85, 0x93A6, 0x93A7, 0x93C8, 0x93EA, 0x940B, 0x9C2D, 0x9C4E, 0x9C70, 0x9C91,
    0x9C92, 0x9C93, 0x9C94, 0x9C74, 0x9C95, 0x9496, 0x9476, 0x9477, 0x9477, 0x9478, 0x9479, 0x9479, 0x8C7A, 0x947A, 0x947B, 0x949C,
    0x7B81, 0x7BA1, 0x7BA2, 0x7BA2, 0x7BA3, 0x83C4, 0x83C5, 0x83C6, 0x83E7, 0x8BE8, 0x8C0A, 0x8C2B, 0x944D, 0x946E, 0x9490, 0x94B1,
    0x9CD2, 0x9CD3, 0x9CD4, 0x94B4, 0x94B5, 0x94D6, 0x94B6, 0x94B7, 0x94B7, 0x94B8, 0x8CB9, 0x8CB9, 0x8CBA, 0x8CBA, 0x94BB, 0x94BB,
    0x6BA2, 0x6BA2, 0x6BA2, 0x6BA3, 0x6BA3, 0x73C4, 0x73E5, 0x73E6, 0x73E7, 0x7C08, 0x8429, 0x844B, 0x8C6C, 0x8C6D, 0x8C8F, 0x94D1,
    0x94F2, 0x9CF3, 0x94F4, 0x94F4, 0x94F5, 0x94F6, 0x94F6, 0x8CF7, 0x8CF7, 0x8CF8, 0x8CF9, 0x8CD9, 0x8CDA, 0x8CDA, 0x8CDB, 0x8CDB,
    0x5BA2, 0x5BA3, 0x5BA3, 0x5BA3, 0x5BA4, 0x63C5, 0x63E5, 0x63E6, 0x6BE7, 0x6C08, 0x7429, 0x744A, 0x7C6C, 0x7C6D, 0x848F, 0x84B0,
    0x8CF2, 0x9513, 0x9534, 0x9535, 0x9535, 0x9536, 0x9536, 0x8D37, 0x8D17, 0x8D18, 0x8D19, 0x8D19, 0x8D1A, 0x8D1A, 0x8D1B, 0x8D1B,
    0x4BA3, 0x4BA3, 0x4BC3, 0x4BC4, 0x53C4, 0x53E5, 0x53E6, 0x5BE6, 0x5C07, 0x6408, 0x6429, 0x6C4A, 0x6C4C, 0x746D, 0x748E, 0x7CD0,
    0x8CF2, 0x9533, 0x9554, 0x9555, 0x9556, 0x9576, 0x9577, 0x9577, 0x9558, 0x9558, 0x9559, 0x8D59, 0x8D5A, 0x8D5A, 0x8D5B, 0x8D5B,
    0x3BA3, 0x3BA4, 0x3BC4, 0x3BC4, 0x43C4, 0x43E5, 0x43E6, 0x43E6, 0x4C07, 0x4C08, 0x5429, 0x5C2A, 0x5C4B, 0x646C, 0x6C8E, 0x7CD0,
    0x8512, 0x9553, 0x9575, 0x9595, 0x9596, 0x9596, 0x9597, 0x9597, 0x9598, 0x9598, 0x9599, 0x9599, 0x8D9A, 0x8D9A, 0x8D9B, 0x8D9B,
    0x23A4, 0x23A4, 0x2BA4, 0x2BC4, 0x2BC4, 0x2BC5, 0x33E5, 0x33E6, 0x3BE7, 0x3C08, 0x4408, 0x4C29, 0x4C4B, 0x546C, 0x64AE, 0x74F0,
    0x8532, 0x8D54, 0x9594, 0x95B5, 0x95B6, 0x95B6, 0x95B7, 0x95B7, 0x95B8, 0x95B8, 0x95D9, 0x95D9, 0x8DDA, 0x8DDA, 0x8DDB, 0x8DDB,
    0x0BA4, 0x0BA4, 0x0BA4, 0x0BA4, 0x13A4, 0x13C5, 0x1BC5, 0x1BC6, 0x23E6, 0x23E7, 0x2C08, 0x3429, 0x444A, 0x4C8C, 0x64CE, 0x7510,
    0x8552, 0x8D74, 0x8D95, 0x95B6, 0x95D6, 0x9DD6, 0x95D7, 0x95D7, 0x95D8, 0x95D8, 0x95F9, 0x8DFA, 0x8DFA, 0x8DFA, 0x8E1B, 0x8E1B,
    0x03A4, 0x03A4, 0x03A4, 0x03A4, 0x03A4, 0x03A5, 0x0BC5, 0x0BC5, 0x0BC6, 0x0BE7, 0x1428, 0x2449, 0x348A, 0x44CC, 0x5CEE, 0x6D30,
    0x7D52, 0x8D73, 0x8D94, 0x95B5, 0x95D6, 0x9DF7, 0x9DF7, 0x95F7, 0x95F8, 0x95F8, 0x9619, 0x8E19, 0x8E1A, 0x8E3A, 0x8E3B, 0x8E3B,
    0x03A4, 0x03A4, 0x03A4, 0x03A4, 0x03A4, 0x03C4, 0x03C5, 0x03E5, 0x0406, 0x0427, 0x0448, 0x1489, 0x2CAB, 0x44EC, 0x550E, 0x6D50,
    0x7D72, 0x8593, 0x8DB5, 0x8DD6, 0x95F6, 0x9617, 0x9617, 0x95F8, 0x9618, 0x9618, 0x9639, 0x963A, 0x8E3A, 0x8E5A, 0x8E5B, 0x8E5B,
    0x03C3, 0x03C4, 0x03C4, 0x03C4, 0x03E4, 0x0404, 0x0405, 0x0426, 0x0446, 0x0467, 0x0489, 0x0CCA, 0x24EB, 0x3D2D, 0x554F, 0x6571,
    0x7592, 0x85B4, 0x8DB5, 0x8DD6, 0x8DF6, 0x9617, 0x9638, 0x9638, 0x9E38, 0x9639, 0x9639, 0x965A, 0x965A, 0x8E5A, 0x8E7B, 0x967B,
    0x0424, 0x0444, 0x0444, 0x0444, 0x0445, 0x0465, 0x0466, 0x0486, 0x04A7, 0x04C8, 0x04E9, 0x0D0B, 0x252C, 0x3D4E, 0x556F, 0x6D91,
    0x7DB3, 0x85D4, 0x8DF5, 0x8DF6, 0x8E16, 0x9637, 0x9658, 0x9659, 0x9E59, 0x9E59, 0x9E59, 0x9E7A, 0x967A, 0x969B, 0x969B, 0x969C,
    0x04A5, 0x04A5, 0x04A5, 0x04A5, 0x04C6, 0x04C6, 0x04E7, 0x04E7, 0x0508, 0x0529, 0x052A, 0x0D4C, 0x256D, 0x3D8F, 0x5590, 0x65B1,
    0x75D3, 0x85D4, 0x8DF5, 0x8E16, 0x8E36, 0x8E57, 0x9678, 0x9679, 0x9E99, 0x9E79, 0x9E79, 0x9E9A, 0x9E9A, 0x9E9B, 0x9E9B, 0x9EBB,
    0x0527, 0x0527, 0x0527, 0x0527, 0x0528, 0x0548, 0x0548, 0x0549, 0x054A, 0x056B, 0x058C, 0x158D, 0x2D8E, 0x45B0, 0x5DD1, 0x6DD2,
    0x75F3, 0x85F5, 0x8615, 0x8E36, 0x8E57, 0x8E78, 0x9678, 0x9699, 0x9EBA, 0x9EBA, 0x9E9A, 0x9EBA, 0x9EBA, 0x9EBB, 0x9EBB, 0x9EBB,
    0x0589, 0x0589, 0x0589, 0x058A, 0x058A, 0x058A, 0x058B, 0x05AB, 0x05AC, 0x0DAD, 0x15CE, 0x2DCF, 0x45D0, 0x55F1, 0x65F2, 0x6E13,
    0x7E14, 0x8635, 0x8636, 0x8E56, 0x8E77, 0x8E98, 0x8E99, 0x96B9, 0x96BA, 0x9EDA, 0x9EBA, 0x9EBA, 0x9EBB, 0x9EBB, 0xA6DB, 0xA6DB,
    0x0DEC, 0x0DEC, 0x0DED, 0x0DED, 0x15ED, 0x15ED, 0x15EE, 0x15EE, 0x1E0F, 0x2DEF, 0x3E10, 0x4E11, 0x5612, 0x6612, 0x6E33, 0x7634,
    0x7E55, 0x8656, 0x8676, 0x8E77, 0x8E97, 0x8EB8, 0x8EB9, 0x8ED9, 0x96DA, 0x9EFA, 0x9EDB, 0xA6DB, 0xA6DB, 0xA6DB, 0xA6DB, 0xAEDC,
    0x4650, 0x4650, 0x4630, 0x4630, 0x4650, 0x4E51, 0x5631, 0x5651, 0x5652, 0x5E52, 0x6653, 0x6E53, 0x6E54, 0x7654, 0x7675, 0x7E75,
    0x8696, 0x8E97, 0x8EB7, 0x8EB8, 0x8EB8, 0x8ED9, 0x8ED9, 0x8EFA, 0x96FA, 0x971B, 0x9F1B, 0xA71B, 0xA6FB, 0xAEFB, 0xAEFB, 0xB6FB,
    0x9800, 0x9000, 0x9000, 0x9800, 0x9800, 0x9800, 0x9801, 0xA002, 0xA003, 0xA803, 0xA805, 0xA806, 0xA808, 0xA80A, 0xA80B, 0xA80D,
    0xA80F, 0xA810, 0xA812, 0xA813, 0xA014, 0xA015, 0xA016, 0xA017, 0x9817, 0x9818, 0x9019, 0x901A, 0x901A, 0x905B, 0x90BB, 0x993C,
    0x9800, 0x9000, 0x9800, 0x9800, 0x9800, 0x9801, 0xA001, 0xA002, 0xA003, 0xA803, 0xA805, 0xA806, 0xA808, 0xA80A, 0xA80B, 0xA80D,
    0xA80F, 0xA810, 0xA812, 0xA813, 0xA014, 0xA015, 0xA016, 0x9817, 0x9817, 0x9018, 0x9019, 0x901A, 0x901A, 0x907B, 0x90DB, 0x993C,
    0x9800, 0x9000, 0x9000, 0x9800, 0x9800, 0x9801, 0xA001, 0xA002, 0xA003, 0xA004, 0xA805, 0xA807, 0xA808, 0xA80A, 0xA80B, 0xA80D,
    0xA80F, 0xA810, 0xA812, 0xA813, 0xA814, 0xA015, 0xA016, 0x9817, 0x9817, 0x9018, 0x9019, 0x9019, 0x905A, 0x909B, 0x90FB, 0x995C,
    0x9800, 0x9000, 0x9000, 0x9800, 0x9800, 0x9801, 0xA001, 0xA002, 0xA003, 0xA004, 0xA805, 0xA807, 0xA808, 0xA80A, 0xA80B, 0xA80D,
    0xA80F, 0xA810, 0xA812, 0xA813, 0xA814, 0xA015, 0xA016, 0x9817, 0x9817, 0x9018, 0x9019, 0x9039, 0x909A, 0x90DA, 0x911B, 0x997C,
    0x9840, 0x9820, 0x9820, 0x9820, 0x9820, 0x9800, 0x9801, 0xA002, 0xA003, 0xA004, 0xA805, 0xA807, 0xA808, 0xA80A, 0xA80C, 0xA80D,
    0xA80F, 0xA810, 0xA812, 0xA813, 0xA014, 0xA015, 0x9816, 0x9817, 0x9817, 0x9018, 0x9059, 0x90B9, 0x90DA, 0x911A, 0x915B, 0x999C,
    0x98A0, 0x9880, 0x9880, 0x9080, 0x9080, 0x9861, 0x9862, 0xA022, 0xA003, 0xA004, 0xA805, 0xA807, 0xA808, 0xA809, 0xA80B, 0xA80D,
    0xA80F, 0xA811, 0xA812, 0xA013, 0xA014, 0xA015, 0xA016, 0x9817, 0x9837, 0x9078, 0x90D9, 0x9119, 0x911A, 0x913B, 0x917B, 0x91BC,
    0x9900, 0x9900, 0x9900, 0x98E0, 0x98E0, 0xA0E1, 0xA0C2, 0xA0A3, 0xA084, 0xA064, 0xA825, 0xA807, 0xA808, 0xA80A, 0xA80C, 0xB00E,
    0xB00F, 0xA831, 0xA832, 0xA853, 0xA874, 0xA096, 0xA0B6, 0x98D7, 0x98F7, 0x9938, 0x9159, 0x9179, 0x919A, 0x91BB, 0x91FB, 0x9A3C,
    0x9960, 0x9940, 0x9940, 0x9940, 0xA140, 0xA141, 0xA142, 0xA123, 0xA104, 0xA105, 0xA8C6, 0xA887, 0xB089, 0xB08B, 0xB08C, 0xB08E,
    0xB090, 0xB0B1, 0xA8B2, 0xA8F4, 0xA915, 0xA156, 0xA176, 0xA177, 0x9998, 0x99B8, 0x99D9, 0x91F9, 0x921A, 0x923B, 0x9A5B, 0x9A9C,
    0x99A0, 0x99A0, 0x99A0, 0x99A0, 0xA1A0, 0x99A1, 0xA1A2, 0xA183, 0xA184, 0xA185, 0xA966, 0xA968, 0xB149, 0xB14B, 0xA94D, 0xA94E,
    0xA970, 0xB171, 0xA972, 0xA994, 0xA9B5, 0xA1D6, 0xA1F6, 0xA1F7, 0x99F8, 0x9A18, 0x9239, 0x9A59, 0x925A, 0x927B, 0x9A9B, 0x9ABC,
    0x9A00, 0x9A00, 0x9A00, 0x9A00, 0xA1E0, 0xA202, 0xA202, 0xA1E3, 0xA1E4, 0xAA06, 0xA9E7, 0xA9E8, 0xA9E9, 0xA9EB, 0xA9ED, 0xA9EE,
    0xA9F0, 0xAA11, 0xA9F2, 0xAA14, 0xA235, 0xA255, 0xA256, 0x9A57, 0x9A58, 0x9A78, 0x9A99, 0x9A99, 0x9ABA, 0x9ABB, 0x9ADB, 0x9AFB,
    0x9A40, 0x9A20, 0x9A40, 0x9A40, 0xA241, 0xA242, 0xA263, 0xA264, 0xA265, 0xA266, 0xAA67, 0xAA69, 0xAA6A, 0xAA6C, 0xAA4D, 0xAA6F,
    0xAA70, 0xAA92, 0xAA73, 0xAA94, 0xA295, 0xA2B6, 0xA2B6, 0x9AB7, 0x9AB8, 0x9AD8, 0x92D9, 0x9AF9, 0x92FA, 0x92FA, 0x9B1B, 0x9B3C,
    0x9A60, 0x9A60, 0x9A60, 0x9A60, 0x9A61, 0xA282, 0xA2A3, 0xA2A4, 0xA2A5, 0xA2C7, 0xA2C8, 0xAAC9, 0xAACB, 0xAACC, 0xAACD, 0xAACF,
    0xAAF0, 0xAAF2, 0xAAF3, 0xA2F4, 0xA2F5, 0xA316, 0xA316, 0x9B17, 0x9B17, 0x9B18, 0x9339, 0x9339, 0x933A, 0x933A, 0x9B5B, 0x9B7C,
    0x9AA0, 0x9AA0, 0x9AA0, 0x9AA0, 0x9AA1, 0xA2C3, 0xA2E4, 0xA2E5, 0xA306, 0xA307, 0xA329, 0xA34A, 0xA34B, 0xAB4D, 0xAB4E, 0xAB4F,
    0xAB51, 0xA352, 0xA353, 0xA354, 0xA375, 0xA376, 0xA376, 0x9B77, 0x9B77, 0x9B78, 0x9399, 0x9399, 0x939A, 0x939A, 0x9BBB, 0x9BDB,
    0x9AE0, 0x9AE0, 0x9AE0, 0x9AE1, 0x9AE2, 0xA303, 0xA324, 0xA345, 0xA346, 0xA368, 0xA389, 0xA3AB, 0xA3CC, 0xA3CD, 0xA3EF, 0xABD0,
    0xABD1, 0xABF2, 0xA3F3, 0xA3F4, 0xA3F5, 0xA3F6, 0xA3F6, 0x9BF7, 0x9BF7, 0x9BF8, 0x9C19, 0x9C19, 0x9BFA, 0x9C1A, 0x9C1B, 0x9C3B,
    0x9B00, 0x9B21, 0x9B21, 0x9B22, 0x9B23, 0xA344, 0xA345, 0xA366, 0xA387, 0xA3A8, 0xA3CA, 0xA3EB, 0xA40D, 0xA42E, 0xA42F, 0xA430,
    0xA431, 0xA432, 0xA434, 0xA434, 0xA455, 0xA456, 0x9C56, 0x9C37, 0x9C58, 0x9C58, 0x9C59, 0x9C5A, 0x9C5A, 0x9C5A, 0x9C5B, 0x9C5B,
    0x9361, 0x9B61, 0x9B62, 0x9B62, 0x9B63, 0x9B84, 0x9B85, 0x9BA6, 0xA3A7, 0xA3C9, 0xA3EA, 0xA40C, 0xA42D, 0xA44F, 0xA470, 0xA491,
    0xA492, 0xA493, 0xA494, 0xA494, 0xA495, 0x9C96, 0x9C96, 0x9C97, 0x9C98, 0x9C98, 0x9C99, 0x9C99, 0x9C7A, 0x9C7A, 0x9C9B, 0x9C9B,
    0x8BA1, 0x8BA1, 0x93A2, 0x93A3, 0x93C3, 0x93C4, 0x93E5, 0x9BE6, 0x9BE7, 0x9C08, 0x9C2A, 0x9C4C, 0x9C6D, 0x9C6F, 0x9CB0, 0x9CB1,
    0x9CD2, 0x9CD3, 0x9CD4, 0x9CD4, 0x9CD5, 0x9CD6, 0x9CD6, 0x9CD7, 0x9CB7, 0x9CD8, 0x9CD9, 0x94B9, 0x94BA, 0x94BA, 0x9CBB, 0x9CDB,
    0x83E1, 0x83E1, 0x83E2, 0x83E3, 0x8403, 0x8C04, 0x8C25, 0x8C26, 0x8C27, 0x8C48, 0x944A, 0x946C, 0x9C8D, 0x9C8E, 0x9CB0, 0x9CD1,
    0x9CF2, 0x9D13, 0x9D14, 0x9D14, 0x9D15, 0x9D16, 0x9CF6, 0x9CF7, 0x94F7, 0x94F8, 0x94F9, 0x94F9, 0x94FA, 0x94FA, 0x94FB, 0x94FB,
    0x73E2, 0x73E2, 0x73E3, 0x7403, 0x7404, 0x7C05, 0x7C25, 0x7C26, 0x7C47, 0x8448, 0x8469, 0x8C8B, 0x8C8D, 0x8CAE, 0x94AF, 0x94D1,
    0x94F2, 0x9D13, 0x9D34, 0x9D35, 0x9D35, 0x9D36, 0x9536, 0x9517, 0x9517, 0x9518, 0x9519, 0x9519, 0x951A, 0x951A, 0x951B, 0x951B,
    0x6403, 0x6403, 0x6403, 0x6404, 0x6C04, 0x6C25, 0x6C26, 0x6C27, 0x7448, 0x7448, 0x7469, 0x7C8B, 0x7CAC, 0x84AD, 0x84CF, 0x8CF0,
    0x8D12, 0x9513, 0x9D54, 0x9D55, 0x9D55, 0x9D76, 0x9D77, 0x9D57, 0x9D58, 0x9558, 0x9559, 0x9559, 0x955A, 0x955A, 0x955B, 0x955B,
    0x5403, 0x5404, 0x5404, 0x5404, 0x5C05, 0x5C25, 0x5C26, 0x5C46, 0x6447, 0x6448, 0x6C69, 0x6C8B, 0x748C, 0x74AD, 0x7CCE, 0x84F0,
    0x8511, 0x8D33, 0x9D54, 0x9D75, 0x9D96, 0x9D96, 0x9D97, 0x9D97, 0x9D98, 0x9598, 0x9599, 0x9599, 0x959A, 0x957A, 0x957B, 0x957B,
    0x4404, 0x4404, 0x4404, 0x4404, 0x4425, 0x4C25, 0x4C26, 0x4C26, 0x5447, 0x5448, 0x5C69, 0x5C6A, 0x648B, 0x648C, 0x6CAD, 0x74CF,
    0x7D11, 0x8D53, 0x9574, 0x9D95, 0x9DB6, 0x9DB6, 0x9DB7, 0x95B7, 0x95B8, 0x95B8, 0x95D9, 0x95D9, 0x95DA, 0x95BA, 0x95BB, 0x95BB,
    0x3403, 0x3404, 0x3404, 0x3404, 0x3405, 0x3425, 0x3C26, 0x3C26, 0x3C27, 0x4448, 0x4448, 0x4C69, 0x546A, 0x548B, 0x5CAC, 0x6CEF,
    0x7D11, 0x8D52, 0x9594, 0x95B5, 0x9DD6, 0x9DD7, 0x9DD7, 0x95D7, 0x95D8, 0x95F8, 0x95F9, 0x95F9, 0x95FA, 0x95FA, 0x95FB, 0x95FC,
    0x13E4, 0x1C04, 0x1C04, 0x1C04, 0x1C04, 0x1C05, 0x2405, 0x2426, 0x2426, 0x2C27, 0x3448, 0x3449, 0x3C6A, 0x448B, 0x54CC, 0x650F,
    0x7531, 0x8573, 0x8D94, 0x95B5, 0x9DD6, 0x9DF7, 0x9DF7, 0x9DF7, 0x9DF8, 0x9DF8, 0x9619, 0x9619, 0x961A, 0x961A, 0x963B, 0x963B,
    0x0BE4, 0x0BE4, 0x03E4, 0x03E4, 0x0BE4, 0x0C05, 0x0C05, 0x0C05, 0x0C06, 0x0C27, 0x1427, 0x1C48, 0x2489, 0x3CAB, 0x4CED, 0x652F,
    0x7551, 0x8573, 0x8D94, 0x95B5, 0x95D6, 0x9E17, 0x9E17, 0x9E18, 0x9E18, 0x9E19, 0x9639, 0x9639, 0x963A, 0x963A, 0x965B, 0x965B,
    0x03E4, 0x0404, 0x03E4, 0x03E4, 0x0404, 0x0404, 0x0405, 0x0405, 0x0426, 0x0426, 0x0467, 0x0488, 0x14AA, 0x34EB, 0x4D2D, 0x5D4F,
    0x6D71, 0x8593, 0x8DB4, 0x95D5, 0x95F6, 0x9617, 0x9E38, 0x9E38, 0x9E38, 0x9E39, 0x9E39, 0x965A, 0x965A, 0x965A, 0x967B, 0x967B,
    0x0424, 0x0424, 0x0404, 0x0404, 0x0424, 0x0424, 0x0425, 0x0445, 0x0466, 0x0487, 0x04A8, 0x04E9, 0x0D0A, 0x2D2C, 0x454E, 0x5D70,
    0x7592, 0x7D93, 0x8DD4, 0x8DF5, 0x9616, 0x9637, 0x9E58, 0x9E59, 0x9E59, 0x9E59, 0x9E59, 0x9E7A, 0x9E7A, 0x9E9B, 0x969B, 0x9E9C,
    0x0464, 0x0464, 0x0464, 0x0484, 0x0485, 0x04A5, 0x04A5, 0x04A6, 0x04C7, 0x04E8, 0x0509, 0x052A, 0x0D4B, 0x2D6D, 0x4D6F, 0x5D90,
    0x6DB2, 0x7DD3, 0x8DF5, 0x8E16, 0x9636, 0x9657, 0x9658, 0x9E79, 0x9E79, 0x9E7A, 0x9E7A, 0x9E7A, 0x9E9A, 0x9E9B, 0x9E9B, 0x9EBC,
    0x04E5, 0x04E5, 0x0505, 0x0506, 0x0506, 0x0506, 0x0527, 0x0528, 0x0548, 0x0549, 0x054A, 0x056C, 0x1D8D, 0x358E, 0x4DB0, 0x65B1,
    0x6DD2, 0x7DF4, 0x8615, 0x8E36, 0x8E57, 0x8E57, 0x9678, 0x9E99, 0x9E9A, 0x9EBA, 0x9EBA, 0xA69A, 0xA69A, 0xA6BB, 0x9EBB, 0xA6DB,
    0x0568, 0x0568, 0x0568, 0x0568, 0x0568, 0x0569, 0x0589, 0x058A, 0x058B, 0x058B, 0x0DAD, 0x1DAD, 0x35CF, 0x45D0, 0x5DD1, 0x65F2,
    0x7613, 0x7E14, 0x8635, 0x8E56, 0x8E57, 0x8E77, 0x8E98, 0x96B9, 0x9EBA, 0x9EDA, 0xA6DA, 0xA6BA, 0xA6BA, 0xA6BB, 0xA6DB, 0xA6DB,
    0x0DCB, 0x0DCB, 0x0DCB, 0x0DCB, 0x15CC, 0x15CC, 0x15ED, 0x15ED, 0x15EE, 0x15EE, 0x35EF, 0x45F0, 0x4E11, 0x5E12, 0x6613, 0x7633,
    0x7E34, 0x8655, 0x8E56, 0x8E77, 0x8E97, 0x8E98, 0x8EB8, 0x96D9, 0x96DA, 0x9EFA, 0xA6FA, 0xA6FB, 0xA6DB, 0xA6DB, 0xAEDB, 0xAEDC,
    0x3E30, 0x3E30, 0x3E2F, 0x3E2F, 0x4630, 0x4630, 0x4E30, 0x4E31, 0x5631, 0x5E52, 0x6652, 0x6653, 0x6E53, 0x6E54, 0x7674, 0x7E75,
    0x8675, 0x8E96, 0x8E97, 0x8EB7, 0x8EB8, 0x8ED8, 0x8ED9, 0x8EF9, 0x96FA, 0x9F1A, 0xA71B, 0xA71B, 0xAF1B, 0xAEFB, 0xB6FB, 0xB6FB,
    0xA000, 0xA000, 0xA000, 0xA000, 0xA000, 0xA800, 0xA801, 0xA802, 0xB003, 0xB003, 0xB005, 0xB006, 0xB008, 0xB00A, 0xB80B, 0xB80D,
    0xB80F, 0xB810, 0xB012, 0xB013, 0xB014, 0xA815, 0xA816, 0xA817, 0xA017, 0xA018, 0xA019, 0xA019, 0xA03A, 0xA09B, 0xA0FB, 0xA17C,
    0xA000, 0xA000, 0xA000, 0xA000, 0xA800, 0xA800, 0xA801, 0xA802, 0xB002, 0xB003, 0xB005, 0xB006, 0xB008, 0xB009, 0xB00B, 0xB80D,
    0xB80F, 0xB010, 0xB012, 0xB013, 0xB014, 0xA815, 0xA816, 0xA817, 0xA017, 0xA018, 0xA019, 0x9819, 0x985A, 0xA0BB, 0xA11B, 0xA17C,
    0xA000, 0xA000, 0xA000, 0xA000, 0xA800, 0xA800, 0xA801, 0xA802, 0xB002, 0xB004, 0xB005, 0xB006, 0xB008, 0xB009, 0xB00B, 0xB80D,
    0xB80F, 0xB810, 0xB012, 0xB013, 0xB014, 0xA815, 0xA816, 0xA817, 0xA017, 0xA018, 0xA019, 0x9839, 0x989A, 0x98DB, 0xA13B, 0xA19C,
    0xA000, 0xA000, 0xA000, 0xA000, 0xA000, 0xA800, 0xA801, 0xA802, 0xB003, 0xB004, 0xB005, 0xB006, 0xB008, 0xB009, 0xB00B, 0xB00D,
    0xB80F, 0xB810, 0xB012, 0xB013, 0xB014, 0xA815, 0xA816, 0xA817, 0xA017, 0xA018, 0xA039, 0x9899, 0x98DA, 0x991A, 0x995B, 0xA19C,
    0xA040, 0xA020, 0xA020, 0xA020, 0xA000, 0xA800, 0xA801, 0xA802, 0xA803, 0xB004, 0xB005, 0xB006, 0xB008, 0xB009, 0xB00B, 0xB00D,
    0xB00F, 0xB010, 0xB012, 0xB013, 0xB014, 0xA815, 0xA816, 0xA817, 0xA017, 0xA038, 0xA099, 0x98D9, 0x991A, 0x993A, 0x997B, 0xA1BC,
    0xA0A0, 0xA8A0, 0xA080, 0xA080, 0xA080, 0xA880, 0xA861, 0xA822, 0xA803, 0xB004, 0xB005, 0xB006, 0xB008, 0xB009, 0xB00B, 0xB00D,
    0xB00F, 0xB010, 0xB011, 0xB013, 0xB014, 0xA815, 0xA816, 0xA037, 0xA077, 0xA0B8, 0x98F9, 0x9939, 0x995A, 0x997A, 0x999B, 0xA1FB,
    0xA900, 0xA900, 0xA900, 0xA900, 0xA900, 0xA8E1, 0xA8E2, 0xB0A3, 0xB083, 0xB084, 0xB046, 0xB027, 0xB808, 0xB00A, 0xB02C, 0xB82D,
    0xB82F, 0xB051, 0xB052, 0xB073, 0xB094, 0xA8B5, 0xA8D6, 0xA8F7, 0xA137, 0xA158, 0xA199, 0xA1B9, 0x99DA, 0xA1FA, 0xA21B, 0xA25C,
    0xA960, 0xA960, 0xA960, 0xA960, 0xA960, 0xA941, 0xA942, 0xB143, 0xB124, 0xB125, 0xB0E6, 0xB8A7, 0xB889, 0xB8AA, 0xB8AC, 0xB8CE,
    0xB8D0, 0xB0D1, 0xB0F2, 0xB114, 0xB135, 0xB176, 0xA996, 0xA9B7, 0xA9B7, 0xA1D8, 0xA1F9, 0xA219, 0xA23A, 0xA25B, 0xA27B, 0xA2BC,
    0xA9C0, 0xA9C0, 0xA9C0, 0xA9A0, 0xA9A0, 0xA9A1, 0xA9A2, 0xA9A3, 0xA9A4, 0xB185, 0xB186, 0xB188, 0xB169, 0xB16B, 0xB96C, 0xB18E,
    0xB190, 0xB191, 0xB192, 0xB1B4, 0xB1D5, 0xB1F6, 0xA9F6, 0xAA17, 0xA217, 0xA238, 0xA259, 0xA279, 0xA27A, 0xA29A, 0xA2BB, 0xA2FC,
    0xA200, 0xAA00, 0xAA00, 0xAA00, 0xAA00, 0xAA01, 0xAA02, 0xAA03, 0xAA04, 0xB206, 0xB207, 0xB208, 0xB209, 0xB1EB, 0xB20D, 0xB20E,
    0xB210, 0xB211, 0xB233, 0xB234, 0xB255, 0xAA55, 0xAA56, 0xAA77, 0xA278, 0xA298, 0xA2B9, 0xA2B9, 0xA2DA, 0xA2DA, 0xA2FB, 0xA31B,
    0xAA40, 0xAA40, 0xAA40, 0xAA40, 0xAA60, 0xAA62, 0xAA63, 0xAA64, 0xAA65, 0xB266, 0xB287, 0xB289, 0xB28A, 0xB26B, 0xB26D, 0xB28F,
    0xB290, 0xB291, 0xB293, 0xB294, 0xB2B5, 0xAAB6, 0xAAD6, 0xAAD7, 0xA2D7, 0xA2F8, 0xA2F9, 0xA319, 0xA31A, 0xA31A, 0xA33B, 0xA35B,
    0xA280, 0xA280, 0xA280, 0xA280, 0xAA81, 0xAAA2, 0xAAA3, 0xAAC4, 0xAAC5, 0xAAC6, 0xAAE8, 0xB2E9, 0xB2EB, 0xB2EC, 0xB2ED, 0xB2EF,
    0xB2F0, 0xB2F1, 0xB2F3, 0xB2F4, 0xAB15, 0xAB16, 0xAB36, 0xA337, 0xA337, 0xA338, 0xA359, 0xA359, 0xA35A, 0x9B5A, 0xA37B, 0xA39B,
    0xAAA0, 0xA2C0, 0xA2C0, 0xA2C0, 0xA2C1, 0xAAE2, 0xAAE3, 0xAB04, 0xAB06, 0xAB27, 0xAB48, 0xAB4A, 0xAB4B, 0xB34D, 0xAB4E, 0xAB6F,
    0xB370, 0xB372, 0xAB73, 0xAB74, 0xAB75, 0xAB96, 0xAB96, 0xA397, 0xA397, 0xA398, 0xA3B8, 0xA3B9, 0xA3BA, 0x9BBA, 0xA3BB, 0xA3DB,
    0xAAE0, 0xAB00, 0xAB00, 0xAB01, 0xAB22, 0xAB23, 0xAB44, 0xAB45, 0xAB67, 0xAB88, 0xABAA, 0xABCB, 0xABCC, 0xABCD, 0xABEF, 0xABF0,
    0xABF1, 0xABF2, 0xABF3, 0xABF4, 0xAC15, 0xAC16, 0xAC16, 0xA417, 0xA417, 0xA418, 0xA439, 0xA419, 0xA41A, 0xA41A, 0xA43B, 0xA45B,
    0xA320, 0xAB40, 0xA341, 0xA342, 0xAB43, 0xAB64, 0xAB65, 0xAB86, 0xABA7, 0xABA8, 0xABEA, 0xAC0B, 0xAC0D, 0xAC2E, 0xAC2F, 0xAC50,
    0xAC51, 0xAC52, 0xAC53, 0xAC54, 0xAC55, 0xA456, 0xA456, 0xA457, 0xA457, 0xA458, 0xA459, 0xA459, 0xA45A, 0xA45A, 0xA47B, 0xA47B,
    0xA361, 0xA361, 0xA362, 0xA383, 0xA383, 0xABA4, 0xABA5, 0xABC6, 0xABC8, 0xABE9, 0xAC0A, 0xAC2C, 0xAC4D, 0xA46E, 0xA470, 0xA491,
    0xAC92, 0xAC93, 0xAC93, 0xA494, 0xA495, 0xA4B6, 0xA496, 0xA497, 0xA497, 0xA498, 0xA499, 0xA499, 0xA49A, 0xA49A, 0xA49B, 0xA49B,
    0xA3A1, 0x9BA2, 0xA3A2, 0xA3C3, 0xA3C4, 0xA3E4, 0xA3E6, 0xA3E7, 0xA408, 0xA409, 0xA42B, 0xA44C, 0xA46D, 0xA48F, 0xA4B0, 0xA4D1,
    0xA4D2, 0xA4D3, 0xA4D4, 0xA4D4, 0xA4D5, 0xA4D6, 0xA4D6, 0xA4D7, 0xA4D7, 0xA4D8, 0x9CD9, 0x9CD9, 0x9CBA, 0x9CBA, 0xA4DB, 0xA4DB,
    0x9401, 0x9402, 0x9403, 0x9403, 0x9C04, 0x9C25, 0x9C26, 0x9C27, 0x9C28, 0x9C49, 0xA46B, 0xA48C, 0xA48D, 0xA48F, 0xA4D0, 0xA4F1,
    0xA4F2, 0xA513, 0xA514, 0xA514, 0xA515, 0xA516, 0xA4F6, 0xA4F7, 0x9CF7, 0x9CF8, 0x9CF9, 0x9CF9, 0x9CFA, 0x9CFA, 0x9CFB, 0xA4FB,
    0x8C42, 0x8C23, 0x8C23, 0x8C23, 0x8C24, 0x8C45, 0x8C66, 0x9467, 0x9468, 0x9489, 0x948A, 0x9CAC, 0x9CAD, 0x9CAE, 0x9CD0, 0x9CF1,
    0x9D12, 0xA513, 0xA534, 0xA534, 0xA535, 0xA536, 0xA536, 0x9D37, 0x9D37, 0x9D38, 0x9D39, 0x9D39, 0x9D1A, 0x9D1A, 0x9D1B, 0x9D3B,
    0x7C43, 0x7C43, 0x7C44, 0x7C44, 0x7C45, 0x8465, 0x8466, 0x8467, 0x8488, 0x8489, 0x8CAA, 0x8CCC, 0x94CD, 0x94CE, 0x94F0, 0x9511,
    0x9D32, 0x9D33, 0xA554, 0xA555, 0xA575, 0xA576, 0xA556, 0x9D57, 0x9D58, 0x9D58, 0x9D59, 0x9D59, 0x9D5A, 0x9D5A, 0x9D5B, 0x9D5B,
    0x6C44, 0x6C44, 0x6C44, 0x6C44, 0x7465, 0x7466, 0x7466, 0x7487, 0x7488, 0x7C89, 0x7CAA, 0x84CB, 0x84CD, 0x84CE, 0x8CEF, 0x8D10,
    0x9532, 0x9533, 0x9D54, 0xA575, 0xA596, 0xA596, 0x9D97, 0x9D97, 0x9D98, 0x9D98, 0x9D99, 0x9D79, 0x9D7A, 0x9D7A, 0x9D7B, 0x9D7B,
    0x5C44, 0x5C44, 0x5C44, 0x6445, 0x6465, 0x6466, 0x6466, 0x6467, 0x6488, 0x6C88, 0x6CAA, 0x74AB, 0x74CC, 0x7CCD, 0x7CEE, 0x84F0,
    0x8D11, 0x8D32, 0x9554, 0x9D75, 0xA596, 0xA5B6, 0x9DB7, 0x9DB7, 0x9DB8, 0x9DB8, 0x9DB9, 0x9DB9, 0x9DBA, 0x95BA, 0x95BB, 0x9DBB,
    0x4C44, 0x4C44, 0x4C44, 0x4C45, 0x4C45, 0x4C66, 0x5466, 0x5467, 0x5467, 0x5C88, 0x5C89, 0x64AA, 0x64AB, 0x6CCC, 0x6CCD, 0x74EF,
    0x7D10, 0x8532, 0x9553, 0x9D95, 0x9DB6, 0xA5D6, 0xA5D7, 0x9DD7, 0x9DD8, 0x9DD8, 0x9DF9, 0x9DF9, 0x9DFA, 0x9DFA, 0x9DDB, 0x9DDB,
    0x3C44, 0x3C44, 0x3C44, 0x3C45, 0x3C45, 0x3C65, 0x3C66, 0x4466, 0x4467, 0x4468, 0x4C89, 0x4C89, 0x54AA, 0x5CAB, 0x5CCC, 0x64EE,
    0x7510, 0x7D51, 0x8D53, 0x9595, 0x9DD6, 0x9DD7, 0xA5F7, 0xA5F7, 0x9DF8, 0x9DF8, 0x9E19, 0x9E19, 0x961A, 0x961A, 0x961B, 0x9E3B,
    0x2444, 0x2444, 0x2444, 0x2444, 0x2445, 0x2445, 0x2445, 0x2C46, 0x2C66, 0x2C67, 0x3488, 0x3489, 0x3C8A, 0x44AA, 0x4CCC, 0x5CED,
    0x6D2F, 0x7D51, 0x8D73, 0x95B5, 0x9DD6, 0x9DF7, 0x9E17, 0xA618, 0x9E18, 0x9E18, 0x9E39, 0x9E39, 0x963A, 0x963A, 0x965B, 0x9E5B,
    0x0C44, 0x0C44, 0x0C44, 0x1444, 0x1444, 0x1445, 0x1445, 0x1466, 0x1466, 0x1467, 0x1488, 0x1C88, 0x24A9, 0x34CA, 0x44EC, 0x550E,
    0x6D50, 0x7D71, 0x8D93, 0x95B5, 0x95F6, 0x9E17, 0x9E38, 0xA638, 0xA638, 0x9E39, 0x9E39, 0x9E5A, 0x9E5A, 0x9E7A, 0x9E7B, 0x9E7B,
    0x0464, 0x0464, 0x0464, 0x0464, 0x0464, 0x0464, 0x0465, 0x0466, 0x0486, 0x0486, 0x0487, 0x04A8, 0x0CC9, 0x1CEA, 0x3D2C, 0x554E,
    0x6570, 0x7D92, 0x85B4, 0x8DD5, 0x95F6, 0x9E17, 0x9E38, 0xA658, 0xA659, 0xA659, 0xA679, 0x9E7A, 0x9E7A, 0x9E9B, 0x9E9B, 0x9E9B,
    0x0484, 0x0484, 0x0484, 0x0484, 0x0484, 0x04A5, 0x04A5, 0x04A5, 0x04A6, 0x04A7, 0x04E8, 0x0509, 0x050A, 0x152B, 0x3D4D, 0x556F,
    0x6591, 0x75B2, 0x85D4, 0x8DF5, 0x9616, 0x9637, 0x9E58, 0x9E78, 0xA679, 0xA679, 0xA67A, 0xA69A, 0xA69A, 0x9E9B, 0x9EBB, 0xA6BB,
    0x04E5, 0x04E4, 0x04E4, 0x04E5, 0x04E5, 0x0506, 0x0506, 0x0506, 0x0507, 0x0528, 0x0549, 0x054A, 0x0D6B, 0x256D, 0x3D8E, 0x55B0,
    0x6DB1, 0x7DD3, 0x85F4, 0x8E15, 0x9636, 0x9657, 0x9678, 0x9E79, 0x9E99, 0xA6BA, 0xA6BA, 0xA69A, 0xA69A, 0xA6BB, 0xA6BB, 0xA6BB,
    0x0547, 0x0546, 0x0546, 0x0547, 0x0547, 0x0568, 0x0568, 0x0569, 0x0569, 0x058A, 0x058B, 0x15AC, 0x25AD, 0x35CF, 0x4DD0, 0x5DD1,
    0x6DF2, 0x7E14, 0x8615, 0x8E36, 0x8E56, 0x9677, 0x9698, 0x9699, 0x9EBA, 0xA6DA, 0xA6DA, 0xA6BA, 0xA6BB, 0xAEBB, 0xAEDB, 0xAEDB,
    0x0DCA, 0x0DCA, 0x0DCA, 0x0DCA, 0x0DCB, 0x0DCB, 0x0DCB, 0x15CC, 0x15CC, 0x15CD, 0x1DEE, 0x35EF, 0x45F0, 0x5611, 0x5E12, 0x6E12,
    0x7633, 0x7E54, 0x8655, 0x8E56, 0x9677, 0x9698, 0x96B8, 0x96B9, 0x9EDA, 0x9EFA, 0xA6FA, 0xAEDB, 0xAEDB, 0xAEDB, 0xAEDB, 0xB6FB,
    0x3E2F, 0x3E2F, 0x362F, 0x362F, 0x3E2F, 0x4630, 0x4630, 0x4E30, 0x4E30, 0x5631, 0x5E31, 0x6652, 0x6E53, 0x6E53, 0x7654, 0x7E74,
    0x7E75, 0x8696, 0x8E96, 0x8E97, 0x96B8, 0x96B8, 0x96D9, 0x96D9, 0x96FA, 0x9EFA, 0xA71B, 0xAF1B, 0xAEFB, 0xB6FB, 0xB6FB, 0xB6FB,
    0xB000, 0xB000, 0xB000, 0xB000, 0xB000, 0xB000, 0xB001, 0xB802, 0xB802, 0xB804, 0xB805, 0xB806, 0xB808, 0xC009, 0xC00B, 0xC00D,
    0xC00E, 0xC010, 0xB811, 0xB813, 0xB814, 0xB815, 0xB016, 0xB017, 0xB017, 0xA818, 0xA819, 0xA839, 0xA89A, 0xA8DA, 0xA93B, 0xB1BC,
    0xB000, 0xB000, 0xB000, 0xB000, 0xB000, 0xB000, 0xB001, 0xB802, 0xB802, 0xB803, 0xB805, 0xB806, 0xC008, 0xC009, 0xC00B, 0xC00D,
    0xC00E, 0xC010, 0xB811, 0xB813, 0xB814, 0xB815, 0xB016, 0xB017, 0xB017, 0xA818, 0xA819, 0xA859, 0xA8BA, 0xA8FA, 0xA95B, 0xA9BC,
    0xB000, 0xB000, 0xB000, 0xB000, 0xB000, 0xB000, 0xB001, 0xB002, 0xB803, 0xB803, 0xB805, 0xB806, 0xC008, 0xC009, 0xC00B, 0xC00D,
    0xC00E, 0xC010, 0xB811, 0xB813, 0xB814, 0xB815, 0xB016, 0xB017, 0xB017, 0xA818, 0xA839, 0xA899, 0xA8DA, 0xA91A, 0xA97B, 0xA9DC,
    0xB000, 0xB000, 0xB000, 0xB000, 0xB000, 0xB000, 0xB001, 0xB002, 0xB803, 0xB804, 0xB805, 0xB806, 0xC008, 0xC009, 0xC00B, 0xC00D,
    0xC00E, 0xC010, 0xB811, 0xB813, 0xB814, 0xB815, 0xB016, 0xB017, 0xB017, 0xA838, 0xA879, 0xA8D9, 0xA91A, 0xA95A, 0xA99B, 0xA9DC,
    0xB040, 0xB020, 0xB020, 0xB020, 0xB000, 0xB000, 0xB001, 0xB802, 0xB003, 0xB804, 0xB805, 0xB806, 0xB808, 0xB809, 0xC00B, 0xB80D,
    0xB80E, 0xB810, 0xB811, 0xB813, 0xB814, 0xB815, 0xB016, 0xB017, 0xA837, 0xA878, 0xA8D9, 0xA919, 0xA95A, 0xA97A, 0xA9BB, 0xA9FC,
    0xB0A0, 0xB0A0, 0xB0A0, 0xB080, 0xB080, 0xB080, 0xB061, 0xB022, 0xB003, 0xB804, 0xB805, 0xB806, 0xB808, 0xB809, 0xB80B, 0xB80D,
    0xB80E, 0xB810, 0xB811, 0xB813, 0xB814, 0xB015, 0xB036, 0xB057, 0xA897, 0xA8D8, 0xA939, 0xA979, 0xA17A, 0xA99A, 0xA9DB, 0xAA1B,
    0xB100, 0xB100, 0xB100, 0xB100, 0xB100, 0xB100, 0xB8E1, 0xB8C2, 0xB8A3, 0xB8A4, 0xB886, 0xC067, 0xC048, 0xB84A, 0xB84B, 0xC06D,
    0xC06F, 0xB870, 0xB891, 0xB893, 0xB8B4, 0xB8D5, 0xB0F6, 0xB137, 0xB157, 0xA998, 0xA9B9, 0xA9D9, 0xA9FA, 0xAA1A, 0xAA3B, 0xAA7C,
    0xB160, 0xB160, 0xB160, 0xB160, 0xB160, 0xB160, 0xB961, 0xB943, 0xB944, 0xB925, 0xB926, 0xC0E7, 0xC0C9, 0xC0CA, 0xC0EC, 0xC10E,
    0xC10F, 0xB911, 0xB932, 0xB933, 0xB955, 0xB995, 0xB1B6, 0xB1D7, 0xB1F7, 0xAA18, 0xAA39, 0xAA59, 0xAA5A, 0xAA7A, 0xAA9B, 0xB2DC,
    0xB1C0, 0xB1C0, 0xB1C0, 0xB1C0, 0xB1C0, 0xB1C1, 0xB1C2, 0xB9A3, 0xB9A4, 0xB9A5, 0xB9A6, 0xB9A8, 0xB989, 0xB98B, 0xC1AC, 0xB9AE,
    0xB9AF, 0xB9B1, 0xB9D2, 0xB9D3, 0xB9F5, 0xBA16, 0xB216, 0xB237, 0xB257, 0xAA58, 0xAA79, 0xAA99, 0xAABA, 0xAABA, 0xAADB, 0xB31C,
    0xB220, 0xB220, 0xB220, 0xB220, 0xB220, 0xB221, 0xB222, 0xB223, 0xB224, 0xB225, 0xBA27, 0xBA28, 0xBA2A, 0xBA0B, 0xBA2D, 0xBA2E,
    0xBA2F, 0xBA51, 0xBA52, 0xBA53, 0xBA55, 0xB275, 0xB276, 0xB297, 0xAA97, 0xAAB8, 0xAAD9, 0xAAD9, 0xAAFA, 0xAAFA, 0xAB1B, 0xAB3B,
    0xB260, 0xB260, 0xB260, 0xB260, 0xB260, 0xB281, 0xB282, 0xB284, 0xB285, 0xB266, 0xBA87, 0xBAA9, 0xBA8A, 0xBA8B, 0xBA8D, 0xBAAE,
    0xBAB0, 0xBAB1, 0xBAB2, 0xBAB3, 0xB2B5, 0xB2D5, 0xB2F6, 0xAAF7, 0xAAF7, 0xAB18, 0xAB19, 0xAB39, 0xAB3A, 0xAB3A, 0xAB5B, 0xAB7B,
    0xB2A0, 0xB2A0, 0xB2A0, 0xB2A0, 0xB2A0, 0xB2C2, 0xB2C3, 0xB2C4, 0xB2C5, 0xB2C6, 0xB2E8, 0xB2E9, 0xB30B, 0xBAEC, 0xBAED, 0xBB0E,
    0xBB10, 0xBB11, 0xB312, 0xB313, 0xB335, 0xB336, 0xB336, 0xAB57, 0xAB57, 0xAB58, 0xAB78, 0xAB79, 0xAB7A, 0xAB7A, 0xAB9B, 0xABBB,
    0xB2C0, 0xB2E0, 0xB2E0, 0xB2E0, 0xB2E1, 0xB302, 0xB304, 0xB325, 0xB326, 0xB327, 0xB348, 0xB36A, 0xB36B, 0xB36D, 0xB36E, 0xB36F,
    0xB390, 0xB371, 0xB393, 0xB394, 0xB395, 0xB3B6, 0xABB6, 0xABB7, 0xABB7, 0xABB8, 0xABD8, 0xABD9, 0xABDA, 0xABDA, 0xABDB, 0xABFB,
    0xB300, 0xB320, 0xB320, 0xB321, 0xB322, 0xB343, 0xB364, 0xB365, 0xB387, 0xB3A8, 0xB3CA, 0xB3CB, 0xB3CC, 0xB3ED, 0xB3EF, 0xB410,
    0xB411, 0xB412, 0xB413, 0xB414, 0xB415, 0xB416, 0xAC16, 0xAC37, 0xAC37, 0xAC38, 0xAC39, 0xAC39, 0xAC3A, 0xAC3A, 0xAC3B, 0xAC5B,
    0xB340, 0xB340, 0xB341, 0xB362, 0xB363, 0xB384, 0xB385, 0xB3A6, 0xB3A7, 0xB3C9, 0xB3EA, 0xB40C, 0xB42D, 0xB42E, 0xB44F, 0xB450,
    0xB451, 0xB452, 0xAC73, 0xAC54, 0xAC75, 0xAC76, 0xAC76, 0xAC77, 0xAC77, 0xAC78, 0xAC79, 0xAC79, 0xAC7A, 0xAC7A, 0xAC7B, 0xAC7B,
    0xB381, 0xB381, 0xAB82, 0xB383, 0xB3A3, 0xB3A4, 0xB3C6, 0xB3C7, 0xB3E8, 0xB409, 0xB42B, 0xAC4C, 0xAC4D, 0xAC6F, 0xAC90, 0xAC91,
    0xAC92, 0xACB2, 0xACB3, 0xAC94, 0xACB5, 0xACB6, 0xACB6, 0xACB7, 0xACB7, 0xACB8, 0xACB9, 0xACB9, 0xA49A, 0xA49A, 0xACBB, 0xACBB,
    0xABC2, 0xABC2, 0xABC3, 0xABC3, 0xABC4, 0xABE5, 0xABE6, 0xAC07, 0xAC08, 0xAC29, 0xAC4B, 0xAC6C, 0xAC6D, 0xAC8F, 0xACB0, 0xACD1,
    0xACD2, 0xACD3, 0xACD4, 0xACD4, 0xACD5, 0xACF6, 0xACD6, 0xACD7, 0xACD7, 0xA4D8, 0xA4D8, 0xA4D9, 0xA4DA, 0xA4DA, 0xACDB, 0xACDB,
    0xAC02, 0xA403, 0xA403, 0xA404, 0xA404, 0xAC25, 0xAC26, 0xAC27, 0xAC28, 0xAC4A, 0xAC6B, 0xAC8D, 0xACAE, 0xACAF, 0xACD0, 0xACF1,
    0xAD12, 0xAD13, 0xAD14, 0xAD14, 0xAD15, 0xAD16, 0xAD16, 0xA517, 0xA517, 0xA518, 0xA518, 0xA519, 0xA4FA, 0xA4FA, 0xA4FB, 0xAD1B,
    0x9C43, 0x9C43, 0x9C43, 0x9C44, 0x9C44, 0xA465, 0xA466, 0xA467, 0xA468, 0xA489, 0xA4AB, 0xA4AC, 0xA4AD, 0xA4CF, 0xA4F0, 0xA4F1,
    0xA512, 0xA533, 0xA534, 0xA534, 0xA535, 0xAD36, 0xAD36, 0xA537, 0xA537, 0xA538, 0xA539, 0xA539, 0xA51A, 0xA51A, 0xA51B, 0xA53B,
    0x9483, 0x9484, 0x9484, 0x9484, 0x9485, 0x9486, 0x9487, 0x94A8, 0x94A9, 0x9CAA, 0x9CCB, 0x9CCC, 0x9CED, 0x9CEF, 0xA510, 0xA531,
    0xA532, 0xA553, 0xA554, 0xA555, 0xA576, 0xA576, 0xA576, 0xA557, 0xA558, 0xA558, 0xA559, 0xA559, 0xA55A, 0xA55A, 0xA55B, 0xA55B,
    0x8484, 0x8484, 0x8484, 0x8485, 0x84A5, 0x8CA6, 0x8CA7, 0x8CA8, 0x8CC9, 0x8CCA, 0x8CEB, 0x94EC, 0x94ED, 0x950E, 0x9510, 0x9D31,
    0x9D52, 0x9D53, 0xA554, 0xA575, 0xA596, 0xA596, 0xA597, 0xA597, 0xA598, 0xA598, 0xA599, 0xA579, 0xA57A, 0xA57A, 0xA57B, 0xA57B,
    0x7484, 0x7484, 0x7485, 0x7485, 0x7CA6, 0x7CA6, 0x7CA7, 0x7CA8, 0x7CC8, 0x7CC9, 0x84EA, 0x84EC, 0x8CED, 0x8D0E, 0x8D0F, 0x8D30,
    0x9531, 0x9552, 0x9D53, 0xA574, 0xA595, 0xA5B6, 0xA5B7, 0xA5B7, 0xA5B8, 0xA5B8, 0xA5B9, 0x9DB9, 0x9DBA, 0x9D9A, 0x9D9B, 0x9D9B,
    0x6484, 0x6485, 0x6485, 0x6485, 0x6C86, 0x6CA6, 0x6CA7, 0x6CA7, 0x6CA8, 0x74C9, 0x74CA, 0x74EB, 0x7CEC, 0x7CED, 0x7D0E, 0x850F,
    0x8531, 0x8D32, 0x9553, 0x9D74, 0xA595, 0xA5B6, 0xA5D7, 0xA5D7, 0xA5D8, 0xA5D8, 0xA5D9, 0x9DD9, 0x9DDA, 0x9DDA, 0x9DDB, 0x9DDB,
    0x5485, 0x5485, 0x5485, 0x5485, 0x54A6, 0x5CA6, 0x5CA6, 0x5CA7, 0x5CA8, 0x5CC8, 0x64C9, 0x64CA, 0x6CEB, 0x6CEC, 0x6CED, 0x74EE,
    0x7D10, 0x8531, 0x8D52, 0x9574, 0x9DB5, 0xA5D6, 0xA5F7, 0xA5F7, 0xA5F8, 0xA5F8, 0xA619, 0x9E19, 0x9E1A, 0x9E1A, 0x9E1B, 0x9E1B,
    0x4485, 0x4485, 0x4485, 0x4485, 0x4485, 0x44A6, 0x44A6, 0x44A7, 0x4CA7, 0x4CA8, 0x4CA9, 0x54CA, 0x54CA, 0x5CCB, 0x5CEC, 0x64ED,
    0x6D0F, 0x7D31, 0x8552, 0x9594, 0x9DB5, 0x9DF6, 0xA617, 0xA617, 0xA618, 0xA618, 0xA639, 0x9E39, 0x9E3A, 0x9E3A, 0x9E3B, 0x9E5B,
    0x2CA5, 0x2CA5, 0x2C85, 0x2C85, 0x2C85, 0x2CA6, 0x2CA6, 0x34A6, 0x34A7, 0x34A7, 0x34A8, 0x3CC9, 0x3CCA, 0x44CA, 0x4CEB, 0x550D,
    0x652E, 0x7550, 0x8572, 0x8D94, 0x9DD5, 0x9DF6, 0xA617, 0xA638, 0xA638, 0xA639, 0xA639, 0xA65A, 0x9E5A, 0x9E7A, 0x9E7B, 0xA67B,
    0x14A5, 0x14A5, 0x14A5, 0x14A5, 0x14A5, 0x14C5, 0x14C6, 0x14A6, 0x1CA7, 0x1CC7, 0x1CC8, 0x1CC8, 0x1CC9, 0x2CEA, 0x3D0B, 0x4D2D,
    0x5D4E, 0x6D71, 0x8592, 0x8DB4, 0x95F6, 0x9E17, 0x9E37, 0xA658, 0xA659, 0xA659, 0xA679, 0xA67A, 0xA67A, 0xA69B, 0xA69B, 0xA69B,
    0x04C4, 0x04C5, 0x04C5, 0x04C5, 0x04C5, 0x04C5, 0x04C5, 0x04C6, 0x04C6, 0x04C7, 0x04E7, 0x04E8, 0x0509, 0x0D0A, 0x2D2B, 0x454D,
    0x5D6F, 0x6D91, 0x7DB3, 0x8DD4, 0x95F6, 0x9E16, 0x9E57, 0xA658, 0xA679, 0xA679, 0xAE9A, 0xA69A, 0xA69A, 0xA69B, 0xA6BB, 0xA6BB,
    0x0505, 0x0505, 0x0505, 0x0505, 0x0505, 0x0506, 0x0506, 0x0506, 0x0507, 0x0507, 0x0528, 0x0529, 0x054A, 0x0D4B, 0x2D6D, 0x458E,
    0x5DB0, 0x6DB1, 0x7DD3, 0x8DF5, 0x9616, 0x9637, 0x9E57, 0x9E78, 0xA699, 0xA6BA, 0xAEBA, 0xAE9A, 0xAEBA, 0xAEBB, 0xAEBB, 0xAEBB,
    0x0546, 0x0546, 0x0546, 0x0546, 0x0547, 0x0547, 0x0567, 0x0568, 0x0568, 0x0569, 0x056A, 0x058B, 0x158C, 0x25AD, 0x3DAE, 0x55D0,
    0x65D1, 0x75F2, 0x7E14, 0x8E15, 0x9636, 0x9657, 0x9678, 0x9E99, 0x9EB9, 0xA6DA, 0xAEDA, 0xAEBA, 0xAEBB, 0xAEDB, 0xAEDB, 0xB6DB,
    0x0DA9, 0x0DA9, 0x0DA9, 0x0DA9, 0x0DAA, 0x0DAA, 0x0DCA, 0x0DCB, 0x15CB, 0x15CC, 0x15CD, 0x25ED, 0x35EE, 0x45F0, 0x55F1, 0x6611,
    0x6E13, 0x7E34, 0x8634, 0x8E56, 0x9677, 0x9677, 0x9698, 0x96B9, 0x9ED9, 0xA6DA, 0xAEFB, 0xAEFB, 0xAEDB, 0xB6DB, 0xB6FB, 0xB6FB,
    0x362E, 0x362E, 0x360E, 0x360E, 0x3E0E, 0x3E2F, 0x462F, 0x462F, 0x4E2F, 0x5630, 0x5E31, 0x5E31, 0x6632, 0x6E32, 0x7653, 0x7654,
    0x7E74, 0x8675, 0x8676, 0x8E97, 0x96B7, 0x96B8, 0x96D9, 0x96D9, 0x9EFA, 0x9EFA, 0xA71B, 0xAF1B, 0xB6FB, 0xB6FB, 0xB6FB, 0xBEFB,
    0xB800, 0xB800, 0xB800, 0xB800, 0xB800, 0xC000, 0xC001, 0xC001, 0xC002, 0xC004, 0xC004, 0xC006, 0xC807, 0xC809, 0xC80B, 0xC80C,
    0xC80E, 0xC810, 0xC011, 0xC013, 0xC014, 0xC015, 0xC016, 0xB817, 0xB817, 0xB018, 0xB039, 0xB099, 0xB0FA, 0xB13A, 0xB17B, 0xB1DC,
    0xB800, 0xB800, 0xB800, 0xB800, 0xB800, 0xB800, 0xC001, 0xC002, 0xC003, 0xC003, 0xC004, 0xC806, 0xC807, 0xC809, 0xC80B, 0xC80C,
    0xC00E, 0xC00F, 0xC011, 0xC012, 0xC014, 0xC015, 0xC016, 0xB817, 0xB817, 0xB018, 0xB059, 0xB0B9, 0xB11A, 0xB15A, 0xB19B, 0xB1FC,
    0xB800, 0xB800, 0xB800, 0xB800, 0xB800, 0xB800, 0xC001, 0xC002, 0xC003, 0xC003, 0xC004, 0xC806, 0xC807, 0xC809, 0xC80A, 0xC80C,
    0xC00E, 0xC00F, 0xC011, 0xC012, 0xC014, 0xC015, 0xB816, 0xB817, 0xB817, 0xB038, 0xB099, 0xB0F9, 0xB13A, 0xB15A, 0xB1BB, 0xB1FC,
    0xB800, 0xB800, 0xB800, 0xB800, 0xB800, 0xB800, 0xC001, 0xC002, 0xC003, 0xC003, 0xC004, 0xC006, 0xC807, 0xC809, 0xC80B, 0xC80C,
    0xC00E, 0xC00F, 0xC011, 0xC012, 0xC014, 0xC015, 0xB816, 0xB817, 0xB837, 0xB078, 0xB0D9, 0xB139, 0xB15A, 0xB17A, 0xB1DB, 0xB21C,
    0xB840, 0xB840, 0xB840, 0xB820, 0xB800, 0xB800, 0xC001, 0xC002, 0xB803, 0xC004, 0xC005, 0xC006, 0xC008, 0xC009, 0xC00B, 0xC00C,
    0xC00E, 0xC010, 0xC011, 0xC012, 0xC014, 0xC015, 0xB816, 0xB836, 0xB057, 0xB0B8, 0xB119, 0xB159, 0xB17A, 0xB1BA, 0xB1FB, 0xB23C,
    0xB8C0, 0xB8A0, 0xB8A0, 0xB8A0, 0xB880, 0xB880, 0xB861, 0xC042, 0xB823, 0xB804, 0xC005, 0xC006, 0xC008, 0xC009, 0xC00B, 0xC00D,
    0xC00E, 0xC010, 0xC011, 0xC012, 0xC014, 0xC035, 0xB856, 0xB897, 0xB0D7, 0xB118, 0xB159, 0xB199, 0xB1BA, 0xB1DA, 0xB21B, 0xB25B,
    0xB920, 0xB920, 0xB920, 0xB900, 0xB900, 0xB900, 0xC101, 0xC0E2, 0xC0C3, 0xC0A4, 0xC0A6, 0xC087, 0xC088, 0xC089, 0xC08B, 0xC08D,
    0xC0AF, 0xC0B0, 0xC0B1, 0xC0D3, 0xC0D4, 0xC115, 0xB936, 0xB957, 0xB197, 0xB1B8, 0xB1F9, 0xB219, 0xB23A, 0xB25A, 0xB27B, 0xB2BC,
    0xB980, 0xB980, 0xB980, 0xB960, 0xB960, 0xC180, 0xC161, 0xC162, 0xC144, 0xC145, 0xC146, 0xC128, 0xC129, 0xC12A, 0xC12C, 0xC14D,
    0xC14F, 0xC170, 0xC172, 0xC173, 0xC194, 0xC1B5, 0xB9D6, 0xB9F7, 0xB217, 0xB238, 0xB259, 0xB279, 0xB29A, 0xB2BA, 0xB2BB, 0xBAFC,
    0xB9E0, 0xB9E0, 0xB9E0, 0xB9C0, 0xB9C0, 0xC1C0, 0xB9C1, 0xC1C3, 0xC1C4, 0xC1C5, 0xC1C6, 0xC1C8, 0xC1C9, 0xC1CB, 0xC1CC, 0xC1EE,
    0xC1EF, 0xC1F1, 0xC1F2, 0xC1F3, 0xC214, 0xBA35, 0xBA36, 0xBA57, 0xB277, 0xB298, 0xB2B8, 0xB2B9, 0xB2DA, 0xB2DA, 0xB2FB, 0xB33B,
    0xBA20, 0xBA20, 0xBA20, 0xBA20, 0xBA20, 0xBA20, 0xBA22, 0xBA23, 0xBA24, 0xBA26, 0xC247, 0xC248, 0xC24A, 0xC24B, 0xC24C, 0xC24E,
    0xC26F, 0xC271, 0xBA72, 0xC273, 0xBA94, 0xBA95, 0xBAB6, 0xB2B7, 0xB2B7, 0xB2D8, 0xB2F8, 0xB319, 0xB31A, 0xB31A, 0xB33B, 0xB37B,
    0xBA80, 0xBA80, 0xBA80, 0xBA80, 0xBA80, 0xBA81, 0xBA82, 0xBA83, 0xBA85, 0xBA86, 0xC2A7, 0xC2A9, 0xC2AA, 0xC2AC, 0xC2AD, 0xC2AE,
    0xC2CF, 0xBAD1, 0xBAD2, 0xBAD3, 0xBAD4, 0xBAF5, 0xBB16, 0xB317, 0xB317, 0xB338, 0xB338, 0xB359, 0xB35A, 0xB35A, 0xB37B, 0xB39B,
    0xBAC0, 0xBAC0, 0xBAC0, 0xBAA0, 0xBAC0, 0xBAC1, 0xBAE3, 0xBAE4, 0xBAE5, 0xBAC6, 0xBAE8, 0xBB09, 0xBB0B, 0xBB0C, 0xBB0D, 0xBB2E,
    0xBB30, 0xBB31, 0xBB32, 0xBB33, 0xBB34, 0xBB55, 0xB356, 0xB376, 0xB377, 0xB378, 0xB398, 0xB399, 0xB39A, 0xB39A, 0xB3BB, 0xB3DB,
    0xBB00, 0xBB00, 0xBAE0, 0xBAE0, 0xBB01, 0xBB02, 0xBB24, 0xBB25, 0xBB26, 0xBB27, 0xBB48, 0xBB6A, 0xBB6B, 0xBB8D, 0xBB6E, 0xBB8F,
    0xBB90, 0xBB91, 0xBB92, 0xB393, 0xB3B4, 0xB3B5, 0xB3B6, 0xB3D7, 0xB3D7, 0xB3D8, 0xB3D8, 0xB3D9, 0xB3DA, 0xB3FA, 0xB3FB, 0xB41B,
    0xBB20, 0xBB20, 0xBB40, 0xBB40, 0xBB42, 0xBB63, 0xBB64, 0xBB86, 0xBBA7, 0xBBC8, 0xBBCA, 0xBBEB, 0xBBEC, 0xBBEE, 0xBC0F, 0xBC10,
    0xB411, 0xB412, 0xB413, 0xB414, 0xB435, 0xB436, 0xB436, 0xB437, 0xB437, 0xB458, 0xB459, 0xB459, 0xB45A, 0xB45A, 0xB45B, 0xB47B,
    0xBB60, 0xBB60, 0xBB61, 0xBB62, 0xBB83, 0xBB84, 0xBBA5, 0xBBA6, 0xBBC8, 0xBBE9, 0xB40A, 0xB42C, 0xB42D, 0xB44E, 0xB44F, 0xB450,
    0xB471, 0xB472, 0xB473, 0xB474, 0xB475, 0xB476, 0xB476, 0xB477, 0xB477, 0xB478, 0xB499, 0xB499, 0xB47A, 0xB47A, 0xB49B, 0xB49B,
    0xB381, 0xB3A2, 0xB3A2, 0xB3A3, 0xB3A4, 0xB3C5, 0xB3C6, 0xB3E7, 0xB3E8, 0xB409, 0xB42B, 0xB44C, 0xB46D, 0xB48F, 0xB490, 0xB491,
    0xB4B2, 0xB4B2, 0xB4B3, 0xB4B4, 0xB4B5, 0xB4B5, 0xB4B6, 0xB4B7, 0xB4B7, 0xACB8, 0xACB8, 0xB4B9, 0xACBA, 0xACBA, 0xB4BB, 0xB4DB,
    0xB3C2, 0xB3C3, 0xB3C3, 0xB3C4, 0xB3E4, 0xB3E5, 0xB406, 0xB408, 0xB428, 0xB42A, 0xB44B, 0xB46D, 0xB48E, 0xB4AF, 0xB4D0, 0xB4D1,
    0xACF2, 0xB4F3, 0xACF3, 0xACD4, 0xACF5, 0xACF5, 0xACF6, 0xACF7, 0xACF7, 0xACF8, 0xACF8, 0xACF9, 0xACDA, 0xACDA, 0xACFB, 0xB4FB,
    0xB403, 0xB404, 0xB404, 0xB404, 0xB405, 0xB426, 0xB427, 0xB428, 0xB449, 0xB44A, 0xB46B, 0xB48D, 0xB4AE, 0xACCF, 0xACD0, 0xAD11,
    0xAD12, 0xAD33, 0xAD14, 0xAD14, 0xAD15, 0xAD16, 0xAD16, 0xAD17, 0xAD17, 0xAD18, 0xAD18, 0xAD19, 0xAD1A, 0xAD1A, 0xAD1B, 0xAD1B,
    0xAC44, 0xAC44, 0xAC44, 0xAC44, 0xAC45, 0xAC66, 0xAC67, 0xAC68, 0xAC69, 0xAC6A, 0xACAC, 0xACAD, 0xACCE, 0xACCF, 0xACF0, 0xAD11,
    0xAD33, 0xAD33, 0xAD34, 0xAD34, 0xAD35, 0xAD36, 0xAD36, 0xAD37, 0xAD37, 0xAD38, 0xAD39, 0xAD39, 0xAD3A, 0xAD3A, 0xAD3B, 0xAD3B,
    0xA4A4, 0xA484, 0xA485, 0xA485, 0xA486, 0xA4A6, 0xACA7, 0xACA8, 0xACC9, 0xACCA, 0xACCC, 0xACED, 0xACEE, 0xAD0F, 0xAD11, 0xAD32,
    0xAD53, 0xAD53, 0xAD54, 0xAD75, 0xAD76, 0xAD76, 0xAD76, 0xAD77, 0xAD58, 0xAD58, 0xAD59, 0xAD59, 0xAD5A, 0xAD5A, 0xAD5B, 0xAD5B,
    0x9CC5, 0x9CC5, 0x9CC5, 0x9CC5, 0x9CC6, 0x9CE7, 0x9CE8, 0x9CE8, 0x9CE9, 0x9CEA, 0xA50C, 0xA50D, 0xA50E, 0xA52F, 0xA531, 0xA552,
    0xA553, 0xA553, 0xA574, 0xAD95, 0xAD96, 0xAD96, 0xAD97, 0xAD97, 0xAD98, 0xAD98, 0xAD99, 0xAD99, 0xAD9A, 0xAD7A, 0xAD7B, 0xAD7B,
    0x8CC5, 0x8CC5, 0x8CC5, 0x8CC6, 0x8CC6, 0x8CE7, 0x8CE8, 0x8CE8, 0x94E9, 0x950A, 0x950B, 0x950D, 0x952E, 0x9D2F, 0x9D30, 0x9D51,
    0x9D52, 0x9D73, 0xA574, 0xA594, 0xAD95, 0xADB6, 0xADB7, 0xADB7, 0xADB8, 0xADB8, 0xADB9, 0xA5B9, 0xA5BA, 0xA59A, 0xA59B, 0xA5BB,
    0x7CE5, 0x7CC5, 0x7CC6, 0x7CC6, 0x7CE6, 0x84E7, 0x84E8, 0x84E8, 0x84E9, 0x84EA, 0x850B, 0x8D0C, 0x8D2D, 0x8D2E, 0x8D2F, 0x9550,
    0x9551, 0x9552, 0x9D53, 0x9D74, 0xA595, 0xADB6, 0xADD7, 0xADD7, 0xA5D8, 0xA5D8, 0xA5D9, 0xA5D9, 0xA5DA, 0xA5DA, 0xA5DB, 0xA5DB,
    0x6CE5, 0x6CC6, 0x6CC6, 0x6CC6, 0x6CC6, 0x74E7, 0x74E7, 0x74E8, 0x74E9, 0x74E9, 0x7CEA, 0x7D0B, 0x7D0C, 0x7D0D, 0x852E, 0x852F,
    0x8D30, 0x8D51, 0x9552, 0x9573, 0x9D95, 0xA5D6, 0xADF7, 0xADF7, 0xADF8, 0xA618, 0xA619, 0xA619, 0xA5FA, 0xA5FA, 0xA5FB, 0xA61B,
    0x5CE5, 0x5CC5, 0x5CC6, 0x5CC6, 0x5CC6, 0x64E7, 0x64E7, 0x64E8, 0x64E8, 0x64E9, 0x6CEA, 0x6D0B, 0x6D0B, 0x6D0C, 0x750D, 0x750E,
    0x7D2F, 0x7D30, 0x8551, 0x8D73, 0x9D94, 0xA5D6, 0xA5F7, 0xAE17, 0xAE18, 0xA618, 0xA639, 0xA639, 0xA63A, 0xA63A, 0xA63B, 0xA63C,
    0x4CE5, 0x4CE5, 0x4CE5, 0x4CC6, 0x4CC6, 0x4CE6, 0x54E7, 0x54E7, 0x54E8, 0x54E8, 0x54E9, 0x5D0A, 0x5D0B, 0x5D0B, 0x5D0C, 0x650D,
    0x6D0E, 0x7530, 0x7D51, 0x8D73, 0x95B4, 0x9DD6, 0xA617, 0xA638, 0xAE38, 0xAE39, 0xA639, 0xA65A, 0xA65A, 0xA65A, 0xA67B, 0xA67B,
    0x3505, 0x3506, 0x3506, 0x3D06, 0x3CE6, 0x3D06, 0x3D07, 0x3D07, 0x3D08, 0x3D08, 0x4509, 0x4509, 0x450A, 0x450A, 0x4D0B, 0x550C,
    0x5D2D, 0x6D4F, 0x7D71, 0x8D93, 0x95D5, 0x9DF6, 0xA637, 0xA658, 0xAE59, 0xAE79, 0xAE79, 0xAE7A, 0xA67A, 0xA69B, 0xA69B, 0xAE9B,
    0x1505, 0x1506, 0x1506, 0x1506, 0x1506, 0x1526, 0x1526, 0x1D07, 0x1D07, 0x1D08, 0x1D08, 0x1D08, 0x1D09, 0x1D09, 0x2D2B, 0x452C,
    0x554E, 0x656F, 0x7591, 0x85B3, 0x8DD5, 0x9E16, 0x9E37, 0xA658, 0xA679, 0xAE99, 0xAE9A, 0xAE9A, 0xAE9A, 0xAE9B, 0xAEBB, 0xAEBB,
    0x0D46, 0x0D46, 0x0D46, 0x0D46, 0x0D46, 0x0D26, 0x0D47, 0x0D27, 0x0D27, 0x0D28, 0x1528, 0x0D28, 0x0D29, 0x154A, 0x254B, 0x3D6D,
    0x4D8E, 0x65B0, 0x75D2, 0x85D3, 0x8DF5, 0x9636, 0x9E57, 0x9E78, 0xA699, 0xAE9A, 0xAEBA, 0xAE9A, 0xAEBA, 0xAEBB, 0xAEBB, 0xAEBB,
    0x0D67, 0x0D67, 0x0D67, 0x0D67, 0x0D67, 0x0D67, 0x0D68, 0x0D68, 0x0D68, 0x0D69, 0x0D69, 0x0D6A, 0x0D6B, 0x1D8C, 0x2D8D, 0x45AE,
    0x5DD0, 0x6DD1, 0x7DF3, 0x8614, 0x8E35, 0x9657, 0x9E77, 0x9E98, 0xA699, 0xA6BA, 0xAEDA, 0xAEBA, 0xAEBB, 0xB6DB, 0xB6DB, 0xB6DC,
    0x15C9, 0x15A9, 0x15A9, 0x15A9, 0x15AA, 0x15AA, 0x15AA, 0x15CA, 0x15CB, 0x1DCB, 0x1DCC, 0x15CC, 0x1DCD, 0x3DCE, 0x4DEF, 0x5DF0,
    0x6E12, 0x7613, 0x7E34, 0x8635, 0x8E56, 0x9677, 0x9E98, 0x9EB9, 0x9EB9, 0xA6DA, 0xAEFB, 0xAEFB, 0xB6DB, 0xB6DB, 0xB6FB, 0xBEFB,
    0x3E2E, 0x3E2E, 0x3E0E, 0x3E0E, 0x3E0E, 0x462E, 0x462E, 0x462F, 0x462F, 0x4E2F, 0x5630, 0x5E31, 0x6631, 0x6631, 0x6E52, 0x7653,
    0x7E54, 0x7E75, 0x8676, 0x8E96, 0x9697, 0x9EB8, 0x9EB8, 0x9ED9, 0x9EFA, 0xA6FA, 0xAF1B, 0xB71B, 0xB71B, 0xBEFB, 0xBEFB, 0xC6FB,
    0xC000, 0xC000, 0xC000, 0xC000, 0xC000, 0xC800, 0xC801, 0xC802, 0xC802, 0xC804, 0xC804, 0xC805, 0xD007, 0xC809, 0xC80A, 0xC80C,
    0xC80D, 0xC80F, 0xC811, 0xC812, 0xC814, 0xC815, 0xC816, 0xC017, 0xC017, 0xB838, 0xB899, 0xB8F9, 0xB95A, 0xB99A, 0xB9DB, 0xC21C,
    0xC000, 0xC000, 0xC000, 0xC000, 0xC000, 0xC800, 0xC801, 0xC802, 0xC803, 0xC803, 0xC804, 0xC805, 0xD007, 0xC809, 0xD00A, 0xD00C,
    0xC80E, 0xC80F, 0xC811, 0xC812, 0xC814, 0xC815, 0xC816, 0xC017, 0xC017, 0xB858, 0xB8D9, 0xB919, 0xB95A, 0xB99A, 0xB9DB, 0xC23C,
    0xC000, 0xC000, 0xC000, 0xC000, 0xC000, 0xC800, 0xC801, 0xC802, 0xC803, 0xC804, 0xC805, 0xC806, 0xC807, 0xC809, 0xC80A, 0xD00C,
    0xC80E, 0xC80F, 0xC811, 0xC812, 0xC813, 0xC815, 0xC816, 0xC017, 0xC017, 0xB878, 0xB8F9, 0xB939, 0xB97A, 0xB9BA, 0xB9FB, 0xC23B,
    0xC000, 0xC000, 0xC000, 0xC000, 0xC000, 0xC800, 0xC800, 0xC802, 0xC803, 0xC804, 0xC805, 0xC806, 0xC807, 0xC809, 0xC80A, 0xC80C,
    0xC80E, 0xC80F, 0xC811, 0xC812, 0xC813, 0xC815, 0xC816, 0xC017, 0xC057, 0xB8B8, 0xB939, 0xB979, 0xB99A, 0xB9DA, 0xBA1B, 0xBA5B,
    0xC060, 0xC060, 0xC060, 0xC040, 0xC020, 0xC820, 0xC000, 0xC802, 0xC803, 0xC004, 0xC805, 0xC806, 0xD007, 0xC809, 0xC80A, 0xC80C,
    0xC80E, 0xC80F, 0xC811, 0xC812, 0xC813, 0xC815, 0xC016, 0xC057, 0xC0B7, 0xB8F8, 0xB958, 0xB999, 0xB9BA, 0xB9FA, 0xBA1B, 0xBA5B,
    0xC0C0, 0xC0C0, 0xC0C0, 0xC0A0, 0xC0A0, 0xC0A0, 0xC080, 0xC082, 0xC043, 0xC024, 0xC805, 0xC806, 0xC808, 0xC809, 0xC80B, 0xC80C,
    0xC80E, 0xC80F, 0xC810, 0xC812, 0xC033, 0xC075, 0xC0B6, 0xC0F7, 0xC117, 0xB958, 0xB998, 0xB9D9, 0xB9FA, 0xBA1A, 0xBA3B, 0xBA9B,
    0xC120, 0xC120, 0xC120, 0xC120, 0xC120, 0xC920, 0xC921, 0xC902, 0xC8E3, 0xC8C4, 0xC8C6, 0xC8C7, 0xC8A8, 0xC8A9, 0xC8AB, 0xC8CD,
    0xC8EE, 0xC8F0, 0xC8F1, 0xC8F2, 0xC113, 0xC955, 0xC176, 0xC197, 0xC1B7, 0xB9F8, 0xBA19, 0xBA39, 0xBA5A, 0xBA7A, 0xBABB, 0xC2DB,
    0xC180, 0xC180, 0xC180, 0xC180, 0xC180, 0xC980, 0xC981, 0xC982, 0xC964, 0xC965, 0xC986, 0xC968, 0xC969, 0xC96A, 0xC96C, 0xC98D,
    0xC9AF, 0xC9B0, 0xC9B1, 0xC1B2, 0xC1D4, 0xC1F5, 0xC216, 0xC217, 0xC237, 0xBA78, 0xBA99, 0xBAB9, 0xBABA, 0xBADA, 0xBAFB, 0xC33B,
    0xC1E0, 0xC1E0, 0xC1E0, 0xC1E0, 0xC1E0, 0xC1E0, 0xC1E1, 0xC1E3, 0xC9C4, 0xC9E5, 0xC9E7, 0xC9E8, 0xC9E9, 0xCA0A, 0xCA0C, 0xCA0D,
    0xCA0F, 0xCA30, 0xC231, 0xC232, 0xC254, 0xC275, 0xC276, 0xC277, 0xBA97, 0xBAB8, 0xBAD8, 0xBAF9, 0xBAFA, 0xBB1A, 0xBB3B, 0xBB5B,
    0xC240, 0xC240, 0xC240, 0xC240, 0xC240, 0xC240, 0xC242, 0xC243, 0xCA24, 0xCA46, 0xCA47, 0xCA69, 0xCA6A, 0xCA6B, 0xCA6C, 0xCA8D,
    0xCA8F, 0xCA90, 0xC291, 0xC2B3, 0xC2B4, 0xC2B5, 0xC2D6, 0xBAD6, 0xBAF7, 0xBAF8, 0xBB18, 0xBB39, 0xBB3A, 0xBB5A, 0xBB5B, 0xBB9B,
    0xC280, 0xC280, 0xC280, 0xC280, 0xC280, 0xC2A1, 0xC2A2, 0xC283, 0xC285, 0xC2A6, 0xC2A8, 0xC2C9, 0xC2CA, 0xC2CC, 0xC2CD, 0xC2EE,
    0xC2EF, 0xC2F0, 0xC2F1, 0xC2F3, 0xC2F4, 0xC315, 0xC336, 0xBB37, 0xBB37, 0xBB58, 0xBB58, 0xBB79, 0xBB79, 0xBB7A, 0xBB9B, 0xBBBB,
    0xC2C0, 0xC2C0, 0xC2C0, 0xC2C0, 0xC2C0, 0xC2E1, 0xC2E3, 0xC2E4, 0xC2E5, 0xC2E6, 0xC308, 0xC309, 0xC32B, 0xC32C, 0xC32D, 0xC34E,
    0xC350, 0xC351, 0xC352, 0xBB53, 0xBB54, 0xBB75, 0xBB76, 0xBB76, 0xBB77, 0xBB98, 0xBBB8, 0xB3B9, 0xB3B9, 0xB3BA, 0xBBDB, 0xBBFB,
    0xC300, 0xC300, 0xC300, 0xC300, 0xBB21, 0xC322, 0xC324, 0xC345, 0xC346, 0xC347, 0xC369, 0xC36A, 0xC38B, 0xBB8C, 0xC38D, 0xBBAF,
    0xBBB0, 0xBBB1, 0xBBB2, 0xBBB3, 0xBBB4, 0xBBD5, 0xBBD6, 0xBBD6, 0xBBD7, 0xBBD8, 0xB3F8, 0xB3F9, 0xB3F9, 0xB41A, 0xBC1B, 0xBC3B,
    0xC340, 0xC340, 0xC340, 0xC341, 0xC362, 0xC384, 0xC385, 0xC3A6, 0xC3A7, 0xBBC8, 0xBBCA, 0xBBEB, 0xBBEC, 0xBC0D, 0xBC0F, 0xBC30,
    0xBC31, 0xBC32, 0xBC33, 0xBC34, 0xBC35, 0xBC56, 0xBC36, 0xB437, 0xB457, 0xB458, 0xB479, 0xB459, 0xB45A, 0xBC5A, 0xBC7B, 0xBC7B,
    0xBB80, 0xBB80, 0xBB81, 0xBB82, 0xC383, 0xC3A4, 0xBBA5, 0xBBC7, 0xBBE8, 0xBBE9, 0xBC0B, 0xBC2C, 0xBC4D, 0xBC4E, 0xBC4F, 0xBC70,
    0xB471, 0xB472, 0xBC73, 0xBC94, 0xBC95, 0xB495, 0xB476, 0xB496, 0xB497, 0xB498, 0xB499, 0xB499, 0xB49A, 0xB49A, 0xBC9A, 0xBCBB,
    0xBBA1, 0xBBA2, 0xBBA2, 0xBBC3, 0xBBC4, 0xBBC5, 0xBBE6, 0xBBE7, 0xBC08, 0xBC29, 0xBC4B, 0xBC6C, 0xBC8D, 0xBC8F, 0xB4B0, 0xB4B1,
    0xB4B2, 0xB4B3, 0xB4B3, 0xB4B4, 0xB4B5, 0xB4B5, 0xB4B6, 0xB4B6, 0xB4D7, 0xB4D8, 0xB4D8, 0xB4D9, 0xB4BA, 0xB4BA, 0xB4DB, 0xBCDB,
    0xBBE3, 0xBBE3, 0xBBE3, 0xBBE4, 0xBBE5, 0xBC06, 0xBC07, 0xBC28, 0xBC29, 0xBC4A, 0xBC6B, 0xB48D, 0xB4AE, 0xB4AF, 0xB4D0, 0xB4F1,
    0xB4F2, 0xB4F3, 0xB4F3, 0xB4F4, 0xB4F5, 0xB4F5, 0xB4F6, 0xB4F6, 0xB4F7, 0xB4F8, 0xB4F8, 0xB4F9, 0xB4FA, 0xB4FA, 0xB4FB, 0xBCFB,
    0xBC04, 0xBC04, 0xBC04, 0xBC04, 0xBC25, 0xBC26, 0xBC27, 0xBC48, 0xB449, 0xB44A, 0xB48C, 0xB4AD, 0xB4AE, 0xB4CF, 0xB4F0, 0xB511,
    0xB512, 0xB513, 0xB514, 0xB514, 0xB515, 0xB516, 0xB516, 0xB517, 0xB517, 0xB518, 0xB519, 0xB519, 0xB51A, 0xB51A, 0xB51B, 0xB51B,
    0xB445, 0xBC25, 0xB445, 0xB445, 0xB425, 0xB446, 0xB448, 0xB469, 0xB46A, 0xB48B, 0xB4AC, 0xB4AD, 0xB4CE, 0xB4D0, 0xB4F1, 0xB512,
    0xAD33, 0xAD53, 0xAD34, 0xB534, 0xB535, 0xB536, 0xB556, 0xB537, 0xB537, 0xB538, 0xB539, 0xB539, 0xB539, 0xB53A, 0xB53B, 0xB53B,
    0xB485, 0xB485, 0xB486, 0xB486, 0xB487, 0xB4A7, 0xB4A8, 0xB4A9, 0xB4CA, 0xB4CB, 0xB4CC, 0xB4EE, 0xB4EF, 0xB510, 0xB511, 0xB532,
    0xB553, 0xAD53, 0xAD74, 0xAD75, 0xB575, 0xB576, 0xB576, 0xB577, 0xB577, 0xB578, 0xB579, 0xB559, 0xAD5A, 0xB55A, 0xB55B, 0xB55B,
    0xACC5, 0xACC6, 0xACC6, 0xACE6, 0xACE7, 0xACE8, 0xACE8, 0xACE9, 0xAD0A, 0xAD0B, 0xAD0D, 0xAD0E, 0xAD2F, 0xAD30, 0xAD51, 0xAD52,
    0xAD53, 0xAD74, 0xAD94, 0xAD95, 0xAD96, 0xB5B6, 0xB596, 0xB597, 0xB598, 0xAD98, 0xAD99, 0xB599, 0xAD9A, 0xAD9A, 0xAD9B, 0xB59B,
    0x9D06, 0x9D06, 0x9D06, 0x9D07, 0xA507, 0xA508, 0xA508, 0xA509, 0xA52A, 0xA52B, 0xA52C, 0xA52D, 0xA52F, 0xA550, 0xA551, 0xA572,
    0xAD73, 0xAD73, 0xAD94, 0xAD95, 0xADB5, 0xADB6, 0xB5B7, 0xADB7, 0xADB8, 0xADB8, 0xADB9, 0xADB9, 0xADBA, 0xADBA, 0xADBB, 0xADBB,
    0x8D06, 0x9506, 0x9506, 0x9507, 0x9507, 0x9528, 0x9528, 0x9509, 0x952A, 0x952B, 0x952C, 0x9D2D, 0x9D4E, 0x9D4F, 0x9D50, 0x9D71,
    0xA572, 0xA573, 0xA594, 0xA594, 0xADB5, 0xADB6, 0xADD7, 0xADD7, 0xADD8, 0xADD8, 0xADD9, 0xADDA, 0xADDA, 0xADDA, 0xADDB, 0xADDB,
    0x8506, 0x8506, 0x8507, 0x8507, 0x8507, 0x8508, 0x8D09, 0x8D09, 0x8D09, 0x8D2A, 0x8D2B, 0x8D4C, 0x8D2D, 0x954E, 0x954F, 0x9550,
    0x9551, 0x9572, 0x9D73, 0x9D74, 0xA595, 0xA5B6, 0xADF7, 0xADF7, 0xADF8, 0xADF8, 0xADF9, 0xADF9, 0xADFA, 0xADFA, 0xADFB, 0xADFB,
    0x7506, 0x7506, 0x7506, 0x7507, 0x7507, 0x7508, 0x7D08, 0x7D08, 0x7D09, 0x7D2A, 0x7D2B, 0x7D2C, 0x852C, 0x852D, 0x852E, 0x854F,
    0x8D50, 0x8D51, 0x8D52, 0x9573, 0x9D94, 0xA5B5, 0xADF7, 0xAE17, 0xAE18, 0xAE18, 0xAE19, 0xAE39, 0xA63A, 0xAE3A, 0xAE3B, 0xAE3B,
    0x6526, 0x6D06, 0x6506, 0x6507, 0x6527, 0x6D27, 0x6D28, 0x6D28, 0x6D28, 0x6D29, 0x6D2A, 0x752B, 0x752C, 0x752C, 0x752D, 0x7D4E,
    0x7D4F, 0x7D50, 0x8551, 0x8D72, 0x9594, 0x9DB5, 0xA5F7, 0xAE17, 0xAE38, 0xAE39, 0xAE59, 0xAE5A, 0xAE5A, 0xAE5A, 0xAE5B, 0xAE5B,
    0x5D27, 0x5D27, 0x5D27, 0x5D27, 0x5D27, 0x5D28, 0x5D28, 0x5D28, 0x6529, 0x5D49, 0x652A, 0x652B, 0x654B, 0x654C, 0x654D, 0x6D4D,
    0x6D4E, 0x6D4F, 0x7550, 0x8572, 0x8D94, 0x9DD5, 0xA616, 0xAE37, 0xAE58, 0xAE79, 0xAE79, 0xAE7A, 0xAE7A, 0xAE9B, 0xAE9B, 0xAE9B,
    0x4D47, 0x4D47, 0x4D47, 0x4D47, 0x4D48, 0x4D48, 0x4D48, 0x4D48, 0x4D49, 0x4D49, 0x4D4A, 0x554A, 0x554B, 0x554B, 0x554C, 0x554C,
    0x552D, 0x5D2D, 0x6D50, 0x7D92, 0x8DB4, 0x95F5, 0xA617, 0xA657, 0xAE78, 0xAE99, 0xB69A, 0xAE9A, 0xAE9A, 0xAE9A, 0xAEBB, 0xAEBB,
    0x3D68, 0x3D68, 0x3D68, 0x3D68, 0x3D68, 0x3D68, 0x3D68, 0x3D69, 0x3D69, 0x3D49, 0x3D69, 0x3D6A, 0x3D4A, 0x354A, 0x354B, 0x3D4C,
    0x456D, 0x556E, 0x6D90, 0x7DB2, 0x8DF4, 0x9615, 0x9E37, 0xA658, 0xA678, 0xAE99, 0xB6BA, 0xB6BA, 0xB6BA, 0xB6BA, 0xB6BB, 0xB6DC,
    0x3589, 0x3589, 0x2D89, 0x2D89, 0x2D89, 0x2D89, 0x2D89, 0x2D89, 0x2D8A, 0x2D8A, 0x258A, 0x258A, 0x1D8A, 0x258B, 0x2D8B, 0x3D8D,
    0x4DAE, 0x5DD0, 0x75D1, 0x7DF3, 0x8E14, 0x9636, 0x9E57, 0xA678, 0xA699, 0xAEB9, 0xAEDA, 0xB6DA, 0xB6DA, 0xB6DB, 0xB6DB, 0xBEDC,
    0x3DCB, 0x35CB, 0x35CB, 0x2DCB, 0x35CB, 0x35CB, 0x35CB, 0x2DCB, 0x2DCB, 0x25CC, 0x2DCC, 0x25CC, 0x1DCC, 0x2DCC, 0x3DEE, 0x4DEF,
    0x65F0, 0x6DF2, 0x7613, 0x8634, 0x8E35, 0x9656, 0x9E77, 0xA698, 0xA6B9, 0xA6DA, 0xAEFA, 0xB6FB, 0xB6DB, 0xB6DB, 0xBEDB, 0xBEFB,
    0x562F, 0x562E, 0x562E, 0x4E2E, 0x4E0E, 0x562F, 0x4E2F, 0x4E2F, 0x4E0F, 0x4E0F, 0x562F, 0x5E30, 0x5E30, 0x6631, 0x6E31, 0x6E52,
    0x7653, 0x7E54, 0x8675, 0x8E76, 0x9696, 0x9697, 0x9EB8, 0xA6D9, 0xA6D9, 0xA6FA, 0xAEFB, 0xB71B, 0xBF1B, 0xBEFB, 0xC6FB, 0xC71C,
    0xC800, 0xC800, 0xC800, 0xC800, 0xC800, 0xD000, 0xD000, 0xD001, 0xD002, 0xD003, 0xD004, 0xD005, 0xD007, 0xD009, 0xD00A, 0xD00C,
    0xD00D, 0xD00F, 0xD010, 0xD012, 0xD013, 0xD014, 0xC815, 0xC816, 0xC837, 0xC898, 0xC0F9, 0xC159, 0xC19A, 0xC1DA, 0xC21B, 0xCA7B,
    0xC800, 0xC800, 0xC800, 0xC800, 0xC800, 0xD000, 0xD000, 0xD001, 0xD002, 0xD004, 0xD004, 0xD006, 0xD007, 0xD009, 0xD00A, 0xD00C,
    0xD00D, 0xD00F, 0xD010, 0xD012, 0xD013, 0xC814, 0xC815, 0xC816, 0xC857, 0xC8B8, 0xC119, 0xC179, 0xC1BA, 0xC1FA, 0xC23B, 0xCA7B,
    0xC800, 0xC800, 0xC800, 0xC800, 0xC800, 0xD000, 0xC800, 0xC801, 0xD003, 0xD004, 0xD005, 0xD006, 0xD007, 0xD009, 0xD00A, 0xD00C,
    0xD00D, 0xD00F, 0xD010, 0xD011, 0xD013, 0xC814, 0xC815, 0xC836, 0xC877, 0xC0D8, 0xC159, 0xC199, 0xC1BA, 0xC1FA, 0xC23B, 0xCA9B,
    0xC820, 0xC820, 0xC820, 0xC800, 0xC800, 0xC800, 0xC800, 0xC801, 0xD003, 0xD004, 0xD005, 0xD006, 0xD007, 0xD009, 0xD00A, 0xD00C,
    0xD00D, 0xD00F, 0xD010, 0xC811, 0xC813, 0xC814, 0xC835, 0xC876, 0xC8B7, 0xC118, 0xC178, 0xC1B9, 0xC1DA, 0xC21A, 0xC25B, 0xC29B,
    0xC880, 0xC880, 0xC880, 0xC860, 0xC860, 0xC860, 0xC840, 0xC821, 0xC803, 0xD004, 0xD005, 0xD006, 0xD007, 0xD009, 0xD00A, 0xD00C,
    0xD00D, 0xD00F, 0xC810, 0xC811, 0xC833, 0xC874, 0xC8B6, 0xC8D6, 0xC8F7, 0xC158, 0xC198, 0xC1D9, 0xC1FA, 0xC23A, 0xC27B, 0xC2BB,
    0xC8E0, 0xC8E0, 0xC8E0, 0xC8C0, 0xC8C0, 0xC8C0, 0xC8C0, 0xC8A1, 0xC883, 0xC864, 0xC845, 0xD046, 0xD027, 0xD009, 0xD00A, 0xD02C,
    0xD06D, 0xD06F, 0xC870, 0xC871, 0xC8B3, 0xC8D4, 0xC915, 0xC936, 0xC157, 0xC178, 0xC1D8, 0xC1F9, 0xC21A, 0xC25A, 0xC29B, 0xC2BB,
    0xC940, 0xC940, 0xC940, 0xC940, 0xC920, 0xC940, 0xC920, 0xC922, 0xC923, 0xC904, 0xD106, 0xD107, 0xD108, 0xD0E9, 0xD0EB, 0xD10C,
    0xC92E, 0xC94F, 0xC951, 0xC952, 0xC973, 0xC995, 0xC9B5, 0xC9D6, 0xC1F7, 0xC218, 0xC258, 0xC279, 0xC29A, 0xC2BA, 0xC2DB, 0xC31B,
    0xC9A0, 0xC9A0, 0xC9A0, 0xC9A0, 0xC9A0, 0xC9A0, 0xC9A1, 0xC9A2, 0xC9A4, 0xD1A5, 0xD1A6, 0xD1A8, 0xD1A9, 0xD1AA, 0xD1CC, 0xC9CD,
    0xC9EE, 0xC9F0, 0xC9F1, 0xCA12, 0xCA14, 0xCA35, 0xCA36, 0xCA56, 0xC277, 0xC298, 0xC2B8, 0xC2D9, 0xC2DA, 0xC2FA, 0xC33B, 0xCB5B,
    0xC9E0, 0xC9E0, 0xC9E0, 0xC9E0, 0xC9E0, 0xC9E0, 0xC9E1, 0xC9E2, 0xC9E4, 0xCA05, 0xD207, 0xD208, 0xCA29, 0xCA2B, 0xCA2C, 0xCA4D,
    0xCA4F, 0xCA50, 0xCA71, 0xCA72, 0xCA74, 0xCA95, 0xCA96, 0xC2B6, 0xC2B7, 0xC2D8, 0xC2F8, 0xC319, 0xC31A, 0xC33A, 0xC35B, 0xC39B,
    0xCA40, 0xCA40, 0xCA40, 0xCA40, 0xCA40, 0xCA40, 0xCA42, 0xCA43, 0xCA44, 0xCA66, 0xCA67, 0xCA68, 0xCA8A, 0xCA8B, 0xCAAC, 0xCAAE,
    0xCACF, 0xCAD0, 0xCAD1, 0xCAD2, 0xC2D3, 0xC2D5, 0xCAF6, 0xC2F6, 0xC317, 0xC318, 0xC338, 0xBB59, 0xC35A, 0xC37A, 0xC39B, 0xC3BB,
    0xCA80, 0xCAA0, 0xCAA0, 0xCA80, 0xCA80, 0xCA81, 0xCAA2, 0xCAA3, 0xCAA4, 0xCAA6, 0xCAC7, 0xCAC9, 0xCACA, 0xCACB, 0xCAED, 0xCB0E,
    0xCB0F, 0xCB10, 0xCB11, 0xC312, 0xC314, 0xC335, 0xC356, 0xC356, 0xC357, 0xC378, 0xC378, 0xBB99, 0xBB99, 0xBBBA, 0xC3BB, 0xC3FB,
    0xCAE0, 0xCAE0, 0xC2C0, 0xC2C0, 0xC2C0, 0xC2E1, 0xCAE3, 0xCAE4, 0xCAE5, 0xCAE6, 0xCB08, 0xCB29, 0xCB2A, 0xCB2C, 0xC32D, 0xC34E,
    0xC370, 0xC371, 0xC371, 0xC353, 0xC374, 0xC395, 0xC396, 0xC396, 0xC397, 0xBBB8, 0xBBB8, 0xBBD9, 0xBBD9, 0xBBDA, 0xBBFB, 0xC41B,
    0xC320, 0xC320, 0xC320, 0xC320, 0xC321, 0xC342, 0xC344, 0xC345, 0xC346, 0xC347, 0xC369, 0xC38A, 0xC38B, 0xC38D, 0xC38D, 0xC3AF,
    0xC3D0, 0xC3D1, 0xC3D2, 0xC3D3, 0xBBD4, 0xBBF5, 0xBBF6, 0xBBF6, 0xBBF7, 0xBBF8, 0xBC18, 0xBC19, 0xBC19, 0xBC3A, 0xBC3B, 0xC45B,
    0xC360, 0xCB60, 0xCB60, 0xC361, 0xC382, 0xC384, 0xC3A5, 0xC3A6, 0xC3C7, 0xC3C8, 0xC3CA, 0xC3EB, 0xC3EC, 0xC40E, 0xC40F, 0xC430,
    0xC451, 0xBC52, 0xBC33, 0xBC53, 0xBC54, 0xBC55, 0xBC56, 0xBC57, 0xBC57, 0xBC78, 0xBC78, 0xBC79, 0xBC7A, 0xBC7A, 0xC49B, 0xC49B,
    0xC381, 0xC381, 0xC3A2, 0xC3A3, 0xC3A3, 0xC3C4, 0xC3C5, 0xC3E7, 0xC408, 0xC409, 0xC42B, 0xC42C, 0xC44D, 0xC44E, 0xBC4F, 0xBC70,
    0xBC91, 0xBC92, 0xBC93, 0xBC94, 0xBC94, 0xBC95, 0xBC96, 0xBC97, 0xBC97, 0xBC98, 0xBCB8, 0xBCB9, 0xBCBA, 0xBCBA, 0xBCBB, 0xC4BB,
    0xC3C2, 0xC3C2, 0xC3C3, 0xC3C3, 0xC3E4, 0xC3E5, 0xC406, 0xC407, 0xC428, 0xBC2A, 0xBC4B, 0xBC6D, 0xBC8E, 0xBC8F, 0xBCB0, 0xBCB1,
    0xBCB2, 0xBCB3, 0xBCD3, 0xBCD4, 0xBCD5, 0xBCD5, 0xBCD6, 0xBCD6, 0xBCD7, 0xBCD8, 0xBCD8, 0xBCD9, 0xBCDA, 0xBCDA, 0xBCDB, 0xC4FB,
    0xC403, 0xC403, 0xC404, 0xC404, 0xC405, 0xC426, 0xC427, 0xBC28, 0xBC49, 0xBC4A, 0xBC6C, 0xBC8D, 0xBCAE, 0xBCCF, 0xBCD0, 0xBCF1,
    0xBCF2, 0xBCF3, 0xB4F3, 0xB4F4, 0xB4F5, 0xB4F5, 0xB4F6, 0xB4F6, 0xB4F7, 0xBCF8, 0xBCF8, 0xBCF9, 0xBCF9, 0xBCFA, 0xBCFB, 0xC51B,
    0xBC24, 0xBC24, 0xC424, 0xC425, 0xBC25, 0xBC27, 0xBC48, 0xBC48, 0xBC69, 0xBC6A, 0xBC8C, 0xBCAD, 0xBCCE, 0xB4EF, 0xB4F1, 0xB512,
    0xB513, 0xB513, 0xB514, 0xB514, 0xB515, 0xB536, 0xB516, 0xB517, 0xB517, 0xB518, 0xB518, 0xB519, 0xBD19, 0xBD1A, 0xBD1B, 0xBD1B,
    0xBC45, 0xBC45, 0xBC45, 0xBC46, 0xBC46, 0xBC47, 0xBC68, 0xBC69, 0xBC8A, 0xBC8B, 0xBCAC, 0xBCCD, 0xB4EE, 0xB4F0, 0xB511, 0xB512,
    0xB532, 0xB553, 0xB554, 0xB534, 0xB555, 0xB556, 0xB556, 0xB537, 0xB537, 0xB538, 0xB558, 0xB559, 0xB539, 0xB53A, 0xBD3A, 0xBD3B,
    0xBC86, 0xBC86, 0xBC86, 0xBC87, 0xBC87, 0xBCA8, 0xBCA9, 0xBCAA, 0xBCCB, 0xB4CC, 0xBCED, 0xB4EE, 0xB50F, 0xB530, 0xB531, 0xB552,
    0xB553, 0xB574, 0xB574, 0xB575, 0xB575, 0xB576, 0xB576, 0xB577, 0xB577, 0xB578, 0xB579, 0xB579, 0xB57A, 0xB57A, 0xBD7B, 0xBD7B,
    0xB4C7, 0xB4C7, 0xB4C7, 0xB4C7, 0xB4E8, 0xB4E9, 0xB4E9, 0xB4EA, 0xB4EB, 0xB50C, 0xB50D, 0xB52E, 0xB52F, 0xB550, 0xB551, 0xB552,
    0xB573, 0xB574, 0xB594, 0xB595, 0xB596, 0xB596, 0xB596, 0xB597, 0xB597, 0xB598, 0xB599, 0xB599, 0xB59A, 0xB59A, 0xB59B, 0xBD9B,
    0xAD07, 0xAD07, 0xAD07, 0xAD08, 0xAD08, 0xAD29, 0xAD29, 0xAD2A, 0xAD2B, 0xAD2C, 0xB52D, 0xAD4E, 0xAD4F, 0xB550, 0xAD51, 0xAD72,
    0xB573, 0xB594, 0xB594, 0xB5B5, 0xB5B6, 0xB5B6, 0xB5B7, 0xB5B7, 0xB5B8, 0xB5B8, 0xB5B9, 0xB5B9, 0xB5BA, 0xB5BA, 0xB5BB, 0xB5BB,
    0xA527, 0xA527, 0xA527, 0xA528, 0xA528, 0xA549, 0xA549, 0xA54A, 0xA54B, 0xA54C, 0xAD4D, 0xAD4E, 0xAD4F, 0xAD70, 0xAD71, 0xAD72,
    0xAD73, 0xAD93, 0xAD94, 0xADB5, 0xB5B6, 0xB5D6, 0xB5F7, 0xB5D7, 0xB5D8, 0xB5D8, 0xB5D9, 0xB5D9, 0xB5DA, 0xB5DA, 0xB5DB, 0xB5DB,
    0x9527, 0x9527, 0x9527, 0x9528, 0x9528, 0x9549, 0x9D49, 0x9D4A, 0x9D4A, 0x9D4B, 0x9D4C, 0x9D4D, 0x9D4E, 0x9D6F, 0xA570, 0xA571,
    0xA592, 0xA593, 0xA593, 0xA5B4, 0xADB5, 0xADD6, 0xADF6, 0xB5F7, 0xB5F8, 0xB5F8, 0xB5F9, 0xB5F9, 0xB5FA, 0xB5FA, 0xB5FB, 0xB5FB,
    0x8D47, 0x8D27, 0x8D27, 0x8D28, 0x8D48, 0x8D48, 0x8D49, 0x8D49, 0x8D4A, 0x8D4B, 0x8D4C, 0x954D, 0x954D, 0x954E, 0x956F, 0x9570,
    0x9D71, 0x9D72, 0x9D93, 0x9D93, 0xA5B4, 0xA5B5, 0xADD6, 0xADF7, 0xB618, 0xB618, 0xAE19, 0xB639, 0xAE3A, 0xAE1A, 0xAE1B, 0xB63B,
    0x7D47, 0x7D47, 0x7D48, 0x7D48, 0x7D48, 0x7D48, 0x7D49, 0x8549, 0x854A, 0x854B, 0x854C, 0x854C, 0x856D, 0x8D4E, 0x8D6E, 0x8D6F,
    0x8D70, 0x8D71, 0x9572, 0x9593, 0x9D94, 0x9DB5, 0xA5D6, 0xAE17, 0xB638, 0xB639, 0xB659, 0xB65A, 0xAE5A, 0xAE5A, 0xAE5B, 0xB65B,
    0x7568, 0x7568, 0x7548, 0x7548, 0x7548, 0x7549, 0x7569, 0x756A, 0x754A, 0x7D6B, 0x7D6B, 0x7D6C, 0x7D6D, 0x7D6D, 0x7D6E, 0x7D6F,
    0x856F, 0x8570, 0x8571, 0x8D72, 0x9593, 0x9DB4, 0xA5F6, 0xAE17, 0xAE58, 0xB659, 0xB679, 0xB67A, 0xB67A, 0xB67A, 0xB67B, 0xB69B,
    0x6588, 0x6568, 0x6568, 0x6568, 0x6569, 0x6D69, 0x6D69, 0x6D6A, 0x6D6A, 0x6D6A, 0x6D6B, 0x6D6B, 0x6D6C, 0x6D6C, 0x6D6D, 0x6D6E,
    0x756E, 0x756F, 0x7570, 0x7D71, 0x8D93, 0x95B4, 0x9DF6, 0xA637, 0xAE58, 0xB679, 0xB69A, 0xB69A, 0xB69A, 0xB69A, 0xB6BB, 0xB6BB,
    0x5D89, 0x5D89, 0x5D89, 0x5D89, 0x5D89, 0x5D89, 0x5D8A, 0x5D8A, 0x5D8A, 0x5D8A, 0x5D8B, 0x5D8B, 0x5D8C, 0x5D8C, 0x5D8D, 0x5D8D,
    0x658E, 0x658E, 0x6590, 0x7591, 0x85B3, 0x8DF4, 0x9E16, 0xA637, 0xAE78, 0xB699, 0xB6BA, 0xB6BA, 0xB6BA, 0xB6BA, 0xB6BB, 0xBEDC,
    0x5DAA, 0x55AA, 0x55AA, 0x55AA, 0x55AA, 0x55AB, 0x55AB, 0x55AB, 0x55AB, 0x55AB, 0x55AC, 0x55AC, 0x55AC, 0x4DAC, 0x55AD, 0x55AD,
    0x5DAE, 0x5DAF, 0x65B0, 0x75D2, 0x85F3, 0x8E15, 0x9E36, 0xA657, 0xA678, 0xAE99, 0xB6BA, 0xB6DA, 0xB6DA, 0xBEDB, 0xBEDB, 0xBEDC,
    0x5DED, 0x5DED, 0x55EC, 0x55EC, 0x55EC, 0x5DED, 0x5DED, 0x55ED, 0x55ED, 0x55ED, 0x55ED, 0x55ED, 0x4DED, 0x4DCD, 0x55CE, 0x55CF,
    0x5DEF, 0x65F0, 0x6DF1, 0x7E13, 0x8634, 0x8E56, 0x9E77, 0xA698, 0xA6B9, 0xAED9, 0xB6DA, 0xB6FB, 0xBEFB, 0xBEDB, 0xC6FB, 0xC6FC,
    0x6E30, 0x6E30, 0x6E30, 0x6E30, 0x6E30, 0x6E30, 0x6E30, 0x6E30, 0x6630, 0x6630, 0x6E30, 0x6E30, 0x6E30, 0x6630, 0x6E31, 0x6E32,
    0x7652, 0x7E53, 0x8654, 0x8675, 0x8E96, 0x9697, 0x9EB7, 0xA6B9, 0xA6D9, 0xAEDA, 0xAEFA, 0xB6FB, 0xBEFB, 0xC6FB, 0xC6FB, 0xCEFB,
    0xD000, 0xD000, 0xD000, 0xD000, 0xD000, 0xD000, 0xD000, 0xD001, 0xD002, 0xD004, 0xD004, 0xD806, 0xD807, 0xD808, 0xD80A, 0xD80B,
    0xD80D, 0xD00E, 0xD010, 0xD011, 0xD013, 0xD034, 0xD055, 0xD076, 0xD097, 0xD0F8, 0xC959, 0xC9B9, 0xC9FA, 0xCA1A, 0xCA5B, 0xD2BB,
    0xD000, 0xD000, 0xD000, 0xD000, 0xD000, 0xD000, 0xD000, 0xD001, 0xD002, 0xD004, 0xD005, 0xD806, 0xD807, 0xD808, 0xD80A, 0xD80B,
    0xD80D, 0xD00F, 0xD010, 0xD011, 0xD032, 0xD054, 0xD075, 0xD096, 0xD0D7, 0xC918, 0xC979, 0xC9B9, 0xC9FA, 0xCA3A, 0xCA7B, 0xD2BB,
    0xD000, 0xD000, 0xD000, 0xD000, 0xD000, 0xD000, 0xD000, 0xD001, 0xD003, 0xD004, 0xD005, 0xD806, 0xD807, 0xD809, 0xD80A, 0xD00B,
    0xD00D, 0xD00F, 0xD010, 0xD031, 0xD053, 0xD074, 0xD095, 0xD0B6, 0xD0F7, 0xC958, 0xC998, 0xC9D9, 0xC9FA, 0xCA3A, 0xCA7B, 0xCABB,
    0xD040, 0xD040, 0xD040, 0xD040, 0xD020, 0xD020, 0xD020, 0xD021, 0xD003, 0xD004, 0xD005, 0xD806, 0xD807, 0xD009, 0xD00A, 0xD00C,
    0xD02D, 0xD04F, 0xD050, 0xD051, 0xD073, 0xD0B4, 0xD0D5, 0xD0F6, 0xD137, 0xC978, 0xC9B8, 0xC9F9, 0xCA1A, 0xCA5A, 0xCA9B, 0xCADB,
    0xD0A0, 0xD0A0, 0xD0A0, 0xD080, 0xD080, 0xD080, 0xD080, 0xD061, 0xD042, 0xD024, 0xD025, 0xD026, 0xD027, 0xD009, 0xD00A, 0xD04B,
    0xD06D, 0xD08F, 0xD090, 0xD091, 0xD0B2, 0xD0F4, 0xD135, 0xC936, 0xC957, 0xC998, 0xC9D8, 0xCA19, 0xCA3A, 0xCA5A, 0xCA9B, 0xCADB,
    0xD100, 0xD100, 0xD0E0, 0xD0E0, 0xC8E0, 0xD0E0, 0xD0E0, 0xD0C1, 0xD0A3, 0xD0A4, 0xD0A5, 0xD0A6, 0xD087, 0xD069, 0xD06A, 0xD0AC,
    0xD0CD, 0xD0EF, 0xD0F0, 0xD0F1, 0xD112, 0xD154, 0xD175, 0xC976, 0xC997, 0xC9B8, 0xCA18, 0xCA39, 0xCA5A, 0xCA7A, 0xCABB, 0xCAFB,
    0xD160, 0xD160, 0xD160, 0xD140, 0xD140, 0xD140, 0xD140, 0xD142, 0xD143, 0xD144, 0xD146, 0xD147, 0xD148, 0xD149, 0xD14B, 0xD16C,
    0xD18E, 0xD1AF, 0xD1B0, 0xD1B1, 0xD1D3, 0xD1F4, 0xD1F5, 0xCA16, 0xCA17, 0xCA58, 0xCA78, 0xCA99, 0xCABA, 0xCADA, 0xCB1B, 0xCB5B,
    0xD1A0, 0xD1A0, 0xD1A0, 0xD1A0, 0xD1A0, 0xD1A0, 0xD1A1, 0xD1A2, 0xD1A3, 0xD1C5, 0xD1C6, 0xD1E8, 0xD1E9, 0xD1EA, 0xD20C, 0xD20D,
    0xD22E, 0xD230, 0xD251, 0xD252, 0xD253, 0xD274, 0xCA75, 0xCA96, 0xCA97, 0xCAB8, 0xCAD8, 0xCAF9, 0xC31A, 0xCB3A, 0xCB5B, 0xCB9B,
    0xD200, 0xD200, 0xD200, 0xD200, 0xD200, 0xD200, 0xD201, 0xD202, 0xD204, 0xD225, 0xD227, 0xD248, 0xD249, 0xD24B, 0xD26C, 0xD28D,
    0xD28F, 0xD290, 0xD291, 0xCAB2, 0xCAB3, 0xCAB4, 0xCAD5, 0xCAD6, 0xCAF7, 0xCAF8, 0xC318, 0xC339, 0xC35A, 0xC35A, 0xCB7B, 0xCBBB,
    0xD240, 0xD240, 0xD240, 0xD240, 0xD240, 0xD240, 0xD242, 0xD263, 0xD264, 0xD265, 0xD287, 0xD2A8, 0xD2AA, 0xD2AB, 0xCACC, 0xCAEE,
    0xCAEF, 0xCAF0, 0xCAF1, 0xCAF2, 0xCAF3, 0xCB14, 0xCB15, 0xCB16, 0xCB37, 0xCB38, 0xC359, 0xC379, 0xC39A, 0xC39A, 0xCBBB, 0xCBFB,
    0xD2A0, 0xCAA0, 0xCAA0, 0xCA80, 0xCA80, 0xD2A1, 0xD2A2, 0xD2A3, 0xD2A4, 0xD2A6, 0xD2C7, 0xCAE9, 0xCAEA, 0xD2EC, 0xCB0D, 0xCB2E,
    0xCB4F, 0xCB50, 0xCB31, 0xCB32, 0xCB53, 0xCB54, 0xC375, 0xC376, 0xC377, 0xC398, 0xC398, 0xC3B9, 0xC3B9, 0xC3DA, 0xCBFB, 0xCC1B,
    0xCAE0, 0xCAE0, 0xCAE0, 0xCAC0, 0xCAE0, 0xCAE1, 0xCAE3, 0xCAE4, 0xCAE5, 0xCB06, 0xCB08, 0xCB29, 0xCB2B, 0xCB4C, 0xCB4D, 0xCB6E,
    0xCB90, 0xCB91, 0xC391, 0xC372, 0xC393, 0xC3B4, 0xC3B5, 0xC3B6, 0xC3B7, 0xC3B8, 0xC3D8, 0xC3F9, 0xC3F9, 0xC41A, 0xC41B, 0xCC3B,
    0xCB40, 0xCB20, 0xCB20, 0xCB20, 0xCB21, 0xCB43, 0xCB44, 0xCB45, 0xCB46, 0xCB47, 0xCB69, 0xCB8A, 0xCB8B, 0xCBAC, 0xCBAD, 0xCBCF,
    0xC3F0, 0xC3F1, 0xC3F2, 0xC3D3, 0xC3F4, 0xC3F5, 0xC416, 0xC3F6, 0xC3F7, 0xC418, 0xC438, 0xC439, 0xC439, 0xC45A, 0xC45B, 0xCC7B,
    0xCB60, 0xCB60, 0xCB81, 0xCB82, 0xCB83, 0xCBA4, 0xCBA5, 0xCBC6, 0xCBC7, 0xCBC9, 0xCBEA, 0xCBEB, 0xCC0C, 0xC40E, 0xC42F, 0xC430,
    0xC451, 0xC472, 0xC453, 0xC453, 0xC454, 0xC475, 0xC476, 0xC477, 0xC477, 0xC478, 0xC498, 0xC499, 0xC499, 0xC49A, 0xC49B, 0xCCBB,
    0xCBA1, 0xCBA2, 0xCBA2, 0xCBC3, 0xCBC4, 0xCBE5, 0xCBE6, 0xCBE7, 0xCC08, 0xCC2A, 0xC42B, 0xC44C, 0xC44D, 0xC44E, 0xC46F, 0xC490,
    0xC491, 0xC492, 0xC493, 0xBC94, 0xBCB4, 0xBCB5, 0xBCB6, 0xBCB6, 0xBCB7, 0xBCB8, 0xBCB8, 0xC4B9, 0xC4BA, 0xC4BA, 0xC4BB, 0xCCDB,
    0xCBE2, 0xCBE3, 0xCBE3, 0xCBE4, 0xC3E5, 0xCC06, 0xC407, 0xC428, 0xC429, 0xC44A, 0xC46B, 0xC48D, 0xC48E, 0xC48F, 0xC4B0, 0xBCB1,
    0xBCD2, 0xBCD3, 0xBCD3, 0xBCD4, 0xBCD5, 0xBCD5, 0xBCD6, 0xBCD6, 0xBCD7, 0xBCD8, 0xBCD8, 0xBCD9, 0xC4D9, 0xC4DA, 0xC4FB, 0xCCFB,
    0xC404, 0xC404, 0xC404, 0xC405, 0xC405, 0xC426, 0xC447, 0xC448, 0xC449, 0xC46A, 0xC48C, 0xC4AD, 0xBCCE, 0xBCCF, 0xBCD0, 0xBCF1,
    0xBCF2, 0xBCF3, 0xBCF3, 0xBCF4, 0xBCF5, 0xBCF5, 0xBCF6, 0xBCF7, 0xBCF7, 0xBCF8, 0xBCF8, 0xBCF9, 0xBCF9, 0xC4FA, 0xC51B, 0xC51B,
    0xC425, 0xC425, 0xC425, 0xC425, 0xC426, 0xC447, 0xC468, 0xC469, 0xC469, 0xC48A, 0xBCAC, 0xBCAD, 0xBCCF, 0xBCF0, 0xBCF1, 0xBD12,
    0xBD12, 0xBD13, 0xBD13, 0xBD14, 0xBD35, 0xBD35, 0xBD36, 0xBD17, 0xBD17, 0xBD18, 0xBD38, 0xBD19, 0xBD19, 0xBD3A, 0xC53B, 0xC53B,
    0xC446, 0xC466, 0xC466, 0xC446, 0xC467, 0xC468, 0xC468, 0xC489, 0xBC8A, 0xBCAB, 0xBCAC, 0xBCCE, 0xBCEF, 0xBCF0, 0xBD11, 0xBD32,
    0xB553, 0xB553, 0xBD54, 0xBD54, 0xBD55, 0xBD55, 0xBD56, 0xBD36, 0xBD37, 0xBD57, 0xBD58, 0xBD59, 0xBD5A, 0xBD5A, 0xBD3A, 0xC55B,
    0xC487, 0xC487, 0xC487, 0xBC87, 0xBCA8, 0xC4A9, 0xBCAA, 0xBCAA, 0xBCCB, 0xBCCC, 0xBCED, 0xBD0F, 0xBD10, 0xBD31, 0xB551, 0xB552,
    0xB553, 0xB574, 0xB574, 0xB575, 0xBD75, 0xBD76, 0xBD76, 0xBD77, 0xBD77, 0xBD78, 0xBD78, 0xBD79, 0xBD7A, 0xBD7A, 0xBD7B, 0xC57B,
    0xBCC8, 0xBCC8, 0xBCC8, 0xBCC8, 0xBCC9, 0xBCEA, 0xBCEA, 0xBCEB, 0xBCEC, 0xBD0D, 0xBD0E, 0xBD2F, 0xBD30, 0xB551, 0xB552, 0xB573,
    0xB573, 0xB594, 0xB595, 0xB595, 0xBD96, 0xBD96, 0xBD97, 0xBD97, 0xBD97, 0xBD98, 0xBD99, 0xBD99, 0xBD9A, 0xBD9A, 0xBD9B, 0xC59B,
    0xBD08, 0xB508, 0xB508, 0xB509, 0xB509, 0xBD0A, 0xBD0B, 0xB50B, 0xB52C, 0xB52D, 0xB52E, 0xB54F, 0xB550, 0xB551, 0xB572, 0xB573,
    0xB593, 0xB594, 0xB595, 0xB5B5, 0xB5B6, 0xBDB6, 0xBDB7, 0xBDB7, 0xBDB8, 0xBDB8, 0xBDB9, 0xBDB9, 0xBDBA, 0xBDBA, 0xBDBB, 0xBDBB,
    0xB548, 0xB528, 0xB528, 0xB549, 0xB549, 0xB54A, 0xB54B, 0xB54B, 0xB54C, 0xB54D, 0xB54E, 0xB54F, 0xB570, 0xB571, 0xB571, 0xB592,
    0xB593, 0xB594, 0xB595, 0xB5B5, 0xB5D6, 0xB5D6, 0xB5D7, 0xB5D7, 0xB5D8, 0xB5D8, 0xB5D9, 0xBDD9, 0xBDDA, 0xBDDA, 0xBDDB, 0xBDDB,
    0xA548, 0xA548, 0xA548, 0xA548, 0xA549, 0xA54A, 0xA54A, 0xA54B, 0xA54C, 0xA56C, 0xAD6D, 0xAD6E, 0xAD6F, 0xAD70, 0xAD91, 0xAD92,
    0xAD92, 0xADB3, 0xADB4, 0xADB5, 0xB5D5, 0xB5D6, 0xB5F7, 0xB5F7, 0xB5F8, 0xB5F8, 0xB5F9, 0xB5F9, 0xB5FA, 0xBDFA, 0xBDFB, 0xBDFB,
    0x9D48, 0x9D48, 0x9D48, 0x9D48, 0x9D49, 0x9D4A, 0x9D6A, 0x9D6B, 0x9D6B, 0x9D6C, 0x9D6D, 0x9D6E, 0xA56E, 0xA58F, 0xA590, 0xA591,
    0xA592, 0xA593, 0xADB3, 0xADB4, 0xADD5, 0xADD6, 0xB5F6, 0xB617, 0xB618, 0xB618, 0xB619, 0xB619, 0xB61A, 0xB61A, 0xB61B, 0xB63B,
    0x8D69, 0x8D69, 0x8D69, 0x9569, 0x9569, 0x956A, 0x956A, 0x956B, 0x956B, 0x956C, 0x956D, 0x956D, 0x956E, 0x958F, 0x9D90, 0x9D90,
    0x9D91, 0x9D92, 0x9D93, 0xA5B3, 0xA5B4, 0xA5D5, 0xADD6, 0xAE17, 0xB638, 0xB639, 0xB659, 0xB639, 0xB65A, 0xB65A, 0xB65B, 0xB65B,
    0x8D89, 0x8569, 0x8569, 0x8D69, 0x8D6A, 0x8D8A, 0x8D8B, 0x8D8B, 0x8D8B, 0x8D8C, 0x8D8D, 0x8D8D, 0x8D8E, 0x8D8E, 0x958F, 0x9590,
    0x9591, 0x95B1, 0x95B2, 0x95B3, 0x9DB4, 0x9DB4, 0xA5D5, 0xAE16, 0xB638, 0xB659, 0xBE79, 0xB67A, 0xB67A, 0xB67A, 0xB67B, 0xBE9B,
    0x7D89, 0x7D8A, 0x7D8A, 0x7D8A, 0x7D8A, 0x7D8A, 0x7D8B, 0x858B, 0x7D8B, 0x858C, 0x858C, 0x858D, 0x858D, 0x858E, 0x858E, 0x858F,
    0x8590, 0x8DB0, 0x8DB1, 0x8D92, 0x8DB3, 0x95D4, 0x9DD5, 0xA616, 0xAE37, 0xB679, 0xBE9A, 0xBE9A, 0xBE9A, 0xBE9A, 0xBE9B, 0xBEBB,
    0x75AA, 0x75AA, 0x75AA, 0x75AB, 0x75AB, 0x75AB, 0x75AB, 0x75AB, 0x75AC, 0x75AC, 0x75AC, 0x75AD, 0x7DAD, 0x7DAD, 0x7DAE, 0x7DAF,
    0x7DAF, 0x7DB0, 0x7D90, 0x7DB1, 0x85B2, 0x8DD3, 0x95F5, 0xA616, 0xAE58, 0xB679, 0xB69A, 0xBEBA, 0xBEBA, 0xBEBA, 0xBEBB, 0xBEBB,
    0x75EC, 0x75CC, 0x75CC, 0x75CC, 0x75CC, 0x75CC, 0x75CC, 0x75CC, 0x75CD, 0x75CD, 0x75CD, 0x75CD, 0x75CD, 0x6DCE, 0x6DCE, 0x6DCF,
    0x6DCF, 0x6DAF, 0x75B0, 0x7DD1, 0x85D2, 0x8DF4, 0x9615, 0x9E36, 0xA678, 0xAE99, 0xB6BA, 0xBEDA, 0xBEDA, 0xBEDB, 0xC6DB, 0xC6DC,
    0x760E, 0x760E, 0x760E, 0x760E, 0x760E, 0x760E, 0x760E, 0x760E, 0x760E, 0x760E, 0x760F, 0x75EF, 0x6DEF, 0x6DEF, 0x6DEF, 0x6DF0,
    0x6DF0, 0x6DF0, 0x75F1, 0x7DF2, 0x8613, 0x8E34, 0x9656, 0x9E77, 0xA698, 0xAEB9, 0xB6DA, 0xBEFB, 0xBEFB, 0xC6FB, 0xC6FB, 0xCEFC,
    0x8651, 0x8651, 0x7E51, 0x7E51, 0x7E51, 0x7E51, 0x7E51, 0x7E51, 0x7E51, 0x7E51, 0x7E51, 0x7E51, 0x7E51, 0x7E31, 0x7E51, 0x7E52,
    0x7E52, 0x7E53, 0x7E53, 0x8654, 0x8E75, 0x9696, 0x9697, 0x9EB8, 0xA6B8, 0xAED9, 0xB6FA, 0xBEFB, 0xC6FB, 0xCEFB, 0xCEFB, 0xCEFC,
    0xD800, 0xD800, 0xD800, 0xD800, 0xD800, 0xD800, 0xD800, 0xD801, 0xD802, 0xD803, 0xD805, 0xD806, 0xD807, 0xD808, 0xD80A, 0xD82B,
    0xD82D, 0xD84E, 0xD84F, 0xD851, 0xD872, 0xD894, 0xD0D5, 0xD0F6, 0xD117, 0xD158, 0xD1B8, 0xD1F9, 0xD23A, 0xD25A, 0xD29B, 0xD2FB,
    0xD800, 0xD800, 0xD800, 0xD800, 0xD800, 0xD800, 0xD800, 0xD801, 0xD802, 0xD804, 0xD805, 0xD806, 0xD807, 0xD808, 0xD82A, 0xD82B,
    0xD84D, 0xD84E, 0xD850, 0xD851, 0xD892, 0xD0D4, 0xD115, 0xD136, 0xD157, 0xD198, 0xD1D8, 0xD219, 0xD23A, 0xD27A, 0xD2BB, 0xD2FB,
    0xD840, 0xD840, 0xD840, 0xD820, 0xD820, 0xD820, 0xD820, 0xD821, 0xD803, 0xD804, 0xD805, 0xD826, 0xD827, 0xD828, 0xD82A, 0xD84B,
    0xD86D, 0xD88E, 0xD890, 0xD891, 0xD0D2, 0xD114, 0xD135, 0xD156, 0xD177, 0xD1B8, 0xD1D8, 0xD219, 0xD23A, 0xD27A, 0xD2BB, 0xD31B,
    0xD880, 0xD880, 0xD880, 0xD860, 0xD060, 0xD860, 0xD860, 0xD841, 0xD843, 0xD844, 0xD845, 0xD846, 0xD847, 0xD849, 0xD84A, 0xD86B,
    0xD8AD, 0xD8CE, 0xD8D0, 0xD0D1, 0xD112, 0xD134, 0xD155, 0xD176, 0xD197, 0xD1B7, 0xD1F8, 0xD239, 0xD25A, 0xD29A, 0xD2BB, 0xD31B,
    0xD0C0, 0xD8C0, 0xD8C0, 0xD0A0, 0xD0A0, 0xD8C0, 0xD8C0, 0xD8A1, 0xD082, 0xD863, 0xD885, 0xD886, 0xD888, 0xD869, 0xD86A, 0xD8AC,
    0xD8ED, 0xD90F, 0xD910, 0xD111, 0xD132, 0xD173, 0xD195, 0xD196, 0xD1B7, 0xD1D8, 0xD218, 0xCA59, 0xD27A, 0xD29A, 0xD2DB, 0xD31B,
    0xD120, 0xD100, 0xD100, 0xD100, 0xD0E0, 0xD100, 0xD100, 0xD0E1, 0xD0E2, 0xD0E4, 0xD8E5, 0xD906, 0xD8E7, 0xD0E9, 0xD8EA, 0xD92B,
    0xD94D, 0xD14E, 0xD14F, 0xD171, 0xD172, 0xD1B3, 0xD1B5, 0xD1B6, 0xD1D7, 0xD1F8, 0xCA38, 0xCA79, 0xCA9A, 0xCABA, 0xD2FB, 0xD33B,
    0xD160, 0xD160, 0xD160, 0xD160, 0xD160, 0xD960, 0xD960, 0xD962, 0xD963, 0xD964, 0xD986, 0xD987, 0xD9A8, 0xD9AA, 0xD9AB, 0xD1CC,
    0xD1EE, 0xD1EF, 0xD1F0, 0xD211, 0xD213, 0xD234, 0xD255, 0xD256, 0xD257, 0xD278, 0xD2B8, 0xCAD9, 0xCADA, 0xCB1A, 0xD33B, 0xD37B,
    0xD1C0, 0xD1C0, 0xD1C0, 0xD1C0, 0xD9C0, 0xD9C0, 0xD9C1, 0xD9C2, 0xD9C3, 0xD9E5, 0xD9E6, 0xDA08, 0xDA29, 0xDA2A, 0xD24C, 0xD26D,
    0xD26E, 0xD270, 0xD291, 0xD292, 0xD293, 0xD2B4, 0xD2B5, 0xD2B6, 0xD2D7, 0xD2F8, 0xCB18, 0xCB19, 0xCB3A, 0xCB5A, 0xD37B, 0xD3BB,
    0xD200, 0xD200, 0xD200, 0xD200, 0xD200, 0xDA20, 0xD221, 0xD222, 0xD224, 0xD225, 0xDA47, 0xD268, 0xD289, 0xD28B, 0xD2AC, 0xD2AD,
    0xD2CF, 0xD2D0, 0xD2D1, 0xD2D2, 0xD2D3, 0xD2F4, 0xD2F5, 0xCB16, 0xCB17, 0xCB38, 0xCB58, 0xCB79, 0xCB7A, 0xCB9A, 0xCBBB, 0xD3DB,
    0xD260, 0xD240, 0xD240, 0xD260, 0xD260, 0xD260, 0xD262, 0xD263, 0xD284, 0xD265, 0xD2A7, 0xD2A8, 0xD2CA, 0xD2CB, 0xD2EC, 0xD30E,
    0xD32F, 0xD330, 0xD311, 0xD332, 0xD333, 0xCB34, 0xCB55, 0xCB56, 0xCB57, 0xCB78, 0xCB78, 0xCB99, 0xCBBA, 0xCBBA, 0xCBDB, 0xD41B,
    0xD2A0, 0xD2A0, 0xD2A0, 0xD2A0, 0xD2A0, 0xD2A1, 0xD2A2, 0xD2A4, 0xD2A5, 0xD2C6, 0xD2E7, 0xD2E9, 0xD30A, 0xD30C, 0xD32D, 0xD34E,
    0xD36F, 0xD370, 0xCB71, 0xCB72, 0xCB73, 0xCB94, 0xCB95, 0xCB96, 0xCB97, 0xCBB7, 0xCBB8, 0xCBD9, 0xCBDA, 0xCBFA, 0xCC1B, 0xD43B,
    0xD2E0, 0xD2E0, 0xD2E0, 0xD2E0, 0xD2E0, 0xD2E2, 0xD2E3, 0xD304, 0xD305, 0xD306, 0xD328, 0xD349, 0xD34B, 0xD34C, 0xCB6D, 0xCB8E,
    0xCBB0, 0xCBB1, 0xCBB1, 0xCBB2, 0xCBB3, 0xCBD4, 0xCBD5, 0xCBD6, 0xCBD7, 0xCBD7, 0xCBF8, 0xCC19, 0xCC19, 0xCC1A, 0xCC3B, 0xD45B,
    0xD340, 0xD320, 0xD320, 0xD320, 0xD321, 0xD343, 0xD344, 0xD345, 0xD366, 0xD367, 0xD369, 0xD38A, 0xCBAB, 0xCBAC, 0xCBAD, 0xCBCF,
    0xCBF0, 0xCC11, 0xCBF2, 0xCBF3, 0xCC14, 0xC414, 0xC415, 0xC416, 0xC417, 0xC437, 0xC438, 0xC459, 0xCC59, 0xCC5A, 0xCC7B, 0xD49B,
    0xD380, 0xD381, 0xD381, 0xD3A2, 0xD3A3, 0xD3A4, 0xD3C5, 0xD3C6, 0xD3C8, 0xCBC9, 0xCBEA, 0xCC0B, 0xCC0D, 0xCC2E, 0xCC2F, 0xCC50,
    0xCC71, 0xC472, 0xCC73, 0xC473, 0xC474, 0xC495, 0xC476, 0xC476, 0xC477, 0xC498, 0xC498, 0xC499, 0xC499, 0xCCBA, 0xCCBA, 0xCCBB,
    0xCBC2, 0xCBC2, 0xCBC3, 0xCBC4, 0xCBE4, 0xCBE5, 0xCC06, 0xCC07, 0xCC09, 0xCC2A, 0xCC2B, 0xCC4C, 0xCC4D, 0xCC6E, 0xC48F, 0xC490,
    0xC491, 0xC4B2, 0xC4B3, 0xC4B4, 0xC4B4, 0xC4B5, 0xC4B6, 0xC4B6, 0xC4B7, 0xC4B8, 0xC4D8, 0xC4D9, 0xC4D9, 0xCCDA, 0xCCDB, 0xCCFB,
    0xCBE3, 0xCBE3, 0xCBE4, 0xCC04, 0xCC05, 0xCC06, 0xCC27, 0xCC28, 0xCC49, 0xCC4B, 0xCC6C, 0xC48D, 0xC48E, 0xC4AF, 0xC4B0, 0xC4D1,
    0xC4D2, 0xC4D3, 0xC4D3, 0xC4D4, 0xC4D5, 0xC4D5, 0xC4D6, 0xC4D6, 0xC4D7, 0xC4D8, 0xC4F8, 0xC4F9, 0xC4F9, 0xC4FA, 0xCCFB, 0xCD1B,
    0xCC24, 0xCC24, 0xCC05, 0xCC25, 0xCC26, 0xCC47, 0xCC48, 0xCC49, 0xCC6A, 0xC46B, 0xC4AC, 0xC4AE, 0xC4CF, 0xC4D0, 0xC4D0, 0xC4F1,
    0xC4F2, 0xC4F3, 0xC513, 0xC514, 0xBD15, 0xC515, 0xC516, 0xC4F7, 0xC4F7, 0xC518, 0xC518, 0xC519, 0xC519, 0xC51A, 0xCD1A, 0xCD3B,
    0xCC45, 0xCC45, 0xCC45, 0xCC26, 0xC446, 0xC468, 0xC468, 0xC469, 0xC46A, 0xC48B, 0xC4AD, 0xC4CE, 0xC4CF, 0xC4F0, 0xC511, 0xBD12,
    0xBD32, 0xBD33, 0xBD33, 0xBD14, 0xBD35, 0xBD35, 0xBD36, 0xBD36, 0xBD37, 0xC537, 0xC538, 0xC539, 0xC539, 0xC53A, 0xC53A, 0xCD3B,
    0xCC66, 0xCC66, 0xC466, 0xC466, 0xC467, 0xC488, 0xC489, 0xC489, 0xC4AA, 0xC4AB, 0xC4CD, 0xC4EE, 0xBCEF, 0xBD10, 0xBD11, 0xBD32,
    0xBD53, 0xBD53, 0xBD54, 0xBD54, 0xBD55, 0xBD55, 0xBD56, 0xBD56, 0xBD57, 0xBD57, 0xC558, 0xBD59, 0xC55A, 0xC55A, 0xC55A, 0xCD5B,
    0xC488, 0xC4A8, 0xC4A8, 0xC4A8, 0xC4A9, 0xC4A9, 0xC4CA, 0xC4CB, 0xC4CC, 0xC4ED, 0xC50E, 0xC50F, 0xBD30, 0xBD31, 0xBD52, 0xBD52,
    0xBD73, 0xBD74, 0xBD74, 0xBD75, 0xBD75, 0xBD76, 0xBD76, 0xBD77, 0xBD77, 0xBD78, 0xC578, 0xC579, 0xC57A, 0xC57A, 0xC57B, 0xCD7B,
    0xC4C8, 0xC4C9, 0xC4C9, 0xC4C9, 0xC4CA, 0xC4EA, 0xC4EB, 0xC4EC, 0xC50D, 0xC50D, 0xBD2F, 0xBD30, 0xBD51, 0xBD51, 0xBD72, 0xBD73,
    0xBD93, 0xBD94, 0xBD95, 0xBDB5, 0xBDB6, 0xBD96, 0xBD97, 0xBD97, 0xBD97, 0xBD98, 0xC599, 0xC599, 0xC59A, 0xC59A, 0xC59B, 0xC5BB,
    0xC509, 0xC509, 0xBD09, 0xC50A, 0xC50A, 0xC50B, 0xC50C, 0xBD0C, 0xBD2D, 0xBD2E, 0xBD4F, 0xBD50, 0xBD51, 0xBD51, 0xBD72, 0xBD73,
    0xBD93, 0xBDB4, 0xBDB5, 0xBDB5, 0xBDD6, 0xBDD6, 0xBDB7, 0xBDB7, 0xBDB8, 0xBDB8, 0xBDB9, 0xC5B9, 0xC5BA, 0xC5BA, 0xC5BB, 0xC5DB,
    0xBD49, 0xBD49, 0xBD2A, 0xBD2A, 0xBD2A, 0xBD4B, 0xBD4C, 0xBD4D, 0xBD4D, 0xBD4E, 0xBD4F, 0xBD70, 0xBD70, 0xBD71, 0xBD92, 0xBD93,
    0xBD94, 0xB5B4, 0xBDB5, 0xBDD5, 0xBDD6, 0xBDD6, 0xBDD7, 0xBDD7, 0xBDD8, 0xBDD8, 0xBDD9, 0xBDD9, 0xBDDA, 0xC5DA, 0xC5DB, 0xC5FB,
    0xB569, 0xB549, 0xB549, 0xB54A, 0xB54A, 0xB56B, 0xB56B, 0xB56C, 0xB56D, 0xB56D, 0xB56E, 0xB58F, 0xB590, 0xB591, 0xB591, 0xB5B2,
    0xB5B3, 0xB5B4, 0xB5B5, 0xB5D5, 0xBDD6, 0xBDF6, 0xBDF7, 0xBDF7, 0xBDF8, 0xBDF8, 0xBE19, 0xBDF9, 0xBDFA, 0xBDFA, 0xC5FB, 0xC61B,
    0xAD69, 0xAD69, 0xAD69, 0xAD69, 0xAD6A, 0xAD6B, 0xAD6B, 0xAD6C, 0xAD6C, 0xAD6D, 0xAD8E, 0xAD8F, 0xAD8F, 0xAD90, 0xAD91, 0xADB2,
    0xB5B3, 0xB5B3, 0xB5B4, 0xB5D5, 0xB5D5, 0xB5F6, 0xB5F6, 0xBE17, 0xBE18, 0xBE18, 0xBE19, 0xBE19, 0xBE1A, 0xBE1A, 0xBE1B, 0xBE3B,
    0xA58A, 0x9D8A, 0x9D8A, 0xA58A, 0xA58A, 0xA58B, 0xA58C, 0xA58C, 0xA58C, 0xA58D, 0xA58E, 0xA58F, 0xA58F, 0xA5B0, 0xA5B1, 0xA5B1,
    0xADB2, 0xADB3, 0xADB3, 0xADD4, 0xADD5, 0xADF6, 0xB5F6, 0xB617, 0xBE38, 0xBE39, 0xBE59, 0xBE39, 0xBE5A, 0xBE5A, 0xBE5B, 0xBE5B,
    0x95AB, 0x958B, 0x958B, 0x9D8B, 0x9D8B, 0x9DAC, 0x9DAC, 0x9DAC, 0x9DAD, 0x9DAD, 0x9DAE, 0x9DAF, 0x9DAF, 0x9DB0, 0xA5B1, 0xA5B1,
    0xA5B2, 0xA5D2, 0xA5D3, 0xA5D4, 0xA5D4, 0xA5F5, 0xADF6, 0xAE16, 0xB637, 0xBE59, 0xBE79, 0xBE7A, 0xBE7A, 0xBE7A, 0xBE7B, 0xBE7B,
    0x95AB, 0x95AB, 0x95AB, 0x95AB, 0x95AB, 0x95AC, 0x95AC, 0x95AC, 0x95AD, 0x95AD, 0x95AE, 0x95AE, 0x95AF, 0x95AF, 0x95B0, 0x95D1,
    0x95D1, 0x9DD2, 0x9DD2, 0x9DD3, 0x9DD3, 0x9DD4, 0x9DD5, 0xA5F6, 0xAE37, 0xB658, 0xBE99, 0xBE9A, 0xBE9A, 0xBE9B, 0xBE9B, 0xC69B,
    0x8DCC, 0x8DCC, 0x8DCC, 0x8DCC, 0x8DCC, 0x8DCC, 0x8DCD, 0x8DCD, 0x8DCD, 0x8DCD, 0x8DCE, 0x8DCE, 0x8DCF, 0x8DCF, 0x8DD0, 0x8DD0,
    0x8DD1, 0x8DD1, 0x95D2, 0x95D2, 0x95D3, 0x95D3, 0x9DF4, 0x9DF6, 0xAE37, 0xB658, 0xBE99, 0xBEBA, 0xC6BA, 0xC6BB, 0xC6BB, 0xC6BB,
    0x85ED, 0x85ED, 0x85ED, 0x85ED, 0x85ED, 0x85EE, 0x85EE, 0x85EE, 0x85EE, 0x85EE, 0x85EF, 0x85EF, 0x85EF, 0x85EF, 0x85F0, 0x85F0,
    0x85F1, 0x85F1, 0x85D1, 0x85D2, 0x8DD2, 0x8DF3, 0x95F4, 0x9E15, 0xA657, 0xAE78, 0xB6B9, 0xBEBA, 0xC6DA, 0xC6DB, 0xC6DB, 0xCEDB,
    0x8E2F, 0x862F, 0x862F, 0x862F, 0x8E2F, 0x8E0F, 0x8E0F, 0x860F, 0x860F, 0x860F, 0x8610, 0x8E10, 0x8610, 0x8610, 0x8611, 0x8611,
    0x8611, 0x8611, 0x8612, 0x85F2, 0x8613, 0x8E14, 0x9635, 0x9E56, 0xA677, 0xAE99, 0xB6BA, 0xBEDA, 0xC6FB, 0xCEFB, 0xCEFB, 0xCEFC,
    0x9672, 0x9672, 0x8E72, 0x8E72, 0x8E72, 0x9672, 0x8E72, 0x8E72, 0x8E52, 0x8E72, 0x8E72, 0x8E72, 0x8E72, 0x8E53, 0x8E73, 0x8E73,
    0x8E53, 0x8653, 0x8653, 0x8E54, 0x8E74, 0x8E75, 0x9696, 0x9E97, 0xA6B8, 0xAED9, 0xB6FA, 0xBEFA, 0xC6FB, 0xCEFB, 0xD6FC, 0xD6FC,
    0xD800, 0xD800, 0xE000, 0xD800, 0xD800, 0xD800, 0xD800, 0xE001, 0xE002, 0xD803, 0xE004, 0xE006, 0xE007, 0xE028, 0xE04A, 0xE08C,
    0xE0CD, 0xE0EE, 0xD8F0, 0xD8F1, 0xD912, 0xD953, 0xD974, 0xD995, 0xD9B6, 0xD9D7, 0xD218, 0xD259, 0xD27A, 0xD29A, 0xDADB, 0xDB3B,
    0xD840, 0xD840, 0xD840, 0xD840, 0xD840, 0xD820, 0xE020, 0xE021, 0xD822, 0xE023, 0xE025, 0xE026, 0xE047, 0xE069, 0xD88A, 0xD8CC,
    0xD8ED, 0xD90E, 0xD90F, 0xD911, 0xD952, 0xD973, 0xD995, 0xD9B6, 0xD1B6, 0xD1F7, 0xD218, 0xD259, 0xD27A, 0xD2BA, 0xD2DB, 0xDB3B,
    0xD880, 0xD880, 0xD880, 0xD860, 0xD860, 0xD860, 0xD860, 0xE061, 0xD862, 0xE043, 0xE065, 0xE066, 0xE087, 0xE0A9, 0xD8CA, 0xD8EC,
    0xD92D, 0xD92E, 0xD92F, 0xD951, 0xD972, 0xD993, 0xD9B5, 0xD1B5, 0xD1D6, 0xD1F7, 0xD238, 0xD259, 0xD27A, 0xD2BA, 0xD2FB, 0xDB3B,
    0xD8A0, 0xD8C0, 0xD8A0, 0xD8A0, 0xD8A0, 0xD8A0, 0xD8A0, 0xD8A1, 0xD882, 0xD884, 0xE0A5, 0xE0C6, 0xE0C8, 0xE0E9, 0xD8EA, 0xD92C,
    0xD94D, 0xD94E, 0xD94F, 0xD971, 0xD992, 0xD9B3, 0xD9D4, 0xD1D5, 0xD1F6, 0xD217, 0xD238, 0xD279, 0xD29A, 0xD2BA, 0xD2FB, 0xDB5B,
    0xD900, 0xD8E0, 0xD8E0, 0xD8E0, 0xD8C0, 0xD8E0, 0xD8E0, 0xD8E1, 0xD8C2, 0xD8C4, 0xD8E5, 0xD906, 0xD908, 0xD909, 0xD90A, 0xD94C,
    0xD98D, 0xD98E, 0xD98F, 0xD991, 0xD9B2, 0xD9D3, 0xD9F4, 0xD1F5, 0xD1F6, 0xD217, 0xD258, 0xD279, 0xD29A, 0xD2BA, 0xD2FB, 0xDB5B,
    0xD920, 0xD920, 0xD920, 0xD920, 0xD920, 0xD920, 0xD920, 0xD921, 0xD922, 0xD904, 0xD925, 0xD946, 0xD948, 0xD949, 0xD94A, 0xD98B,
    0xD9AD, 0xD9CE, 0xD9AF, 0xD9B0, 0xD1D2, 0xD1F3, 0xD214, 0xD215, 0xD216, 0xD237, 0xD278, 0xD299, 0xD2B9, 0xD2FA, 0xD31A, 0xD37B,
    0xD980, 0xD980, 0xD980, 0xD980, 0xD980, 0xD980, 0xD980, 0xD982, 0xD983, 0xD984, 0xD9A6, 0xD9C7, 0xD9E8, 0xD9EA, 0xDA0B, 0xDA2C,
    0xDA4E, 0xDA4F, 0xDA50, 0xDA51, 0xDA72, 0xD293, 0xD294, 0xD295, 0xD296, 0xD2B7, 0xD2D8, 0xD2F9, 0xD31A, 0xD33A, 0xD37B, 0xDBBB,
    0xD9C0, 0xD9C0, 0xD9C0, 0xD9C0, 0xD9E0, 0xD9E0, 0xD9E1, 0xD9E2, 0xD9E4, 0xDA05, 0xDA26, 0xDA28, 0xDA49, 0xDA6A, 0xDA8C, 0xDAAD,
    0xDAAE, 0xDAB0, 0xDAB1, 0xDAB1, 0xD2D3, 0xD2F4, 0xD2F5, 0xD2F6, 0xD317, 0xD318, 0xD338, 0xD359, 0xD35A, 0xD37A, 0xD39B, 0xDBDB,
    0xDA20, 0xDA00, 0xDA00, 0xDA20, 0xDA20, 0xDA20, 0xDA21, 0xDA43, 0xDA44, 0xDA45, 0xDA67, 0xDA88, 0xDAA9, 0xDAAB, 0xDACC, 0xDAEE,
    0xD30F, 0xD310, 0xD311, 0xD312, 0xD313, 0xD334, 0xD335, 0xD336, 0xD356, 0xD358, 0xD378, 0xD399, 0xD399, 0xD3BA, 0xD3DB, 0xD3FB,
    0xDA60, 0xDA60, 0xDA60, 0xDA60, 0xDA60, 0xDA80, 0xDA82, 0xDA83, 0xDA84, 0xDA85, 0xDAA7, 0xDAC8, 0xDAEA, 0xD2EB, 0xD30C, 0xD32E,
    0xD34F, 0xD350, 0xD351, 0xD352, 0xD353, 0xD374, 0xD375, 0xD396, 0xD396, 0xD397, 0xD398, 0xD3B9, 0xD3D9, 0xD3DA, 0xD41B, 0xD43B,
    0xDAA0, 0xDAA0, 0xD2A0, 0xD2A0, 0xD2A0, 0xDAA1, 0xDAC2, 0xDAC4, 0xDAC5, 0xD2C6, 0xD2E7, 0xD309, 0xD32A, 0xD32B, 0xD34D, 0xD36E,
    0xD38F, 0xD390, 0xD391, 0xD392, 0xD393, 0xD3B4, 0xCBB5, 0xCBB6, 0xCBB6, 0xCBB7, 0xCBD8, 0xCBF9, 0xD3F9, 0xD41A, 0xD43B, 0xD45B,
    0xD2E0, 0xD2E0, 0xD2E0, 0xD2E0, 0xD2E0, 0xD2E2, 0xD303, 0xD304, 0xD305, 0xD306, 0xD328, 0xD349, 0xD36B, 0xD36C, 0xD36D, 0xD38E,
    0xD3B0, 0xD3D1, 0xCBD1, 0xCBB2, 0xCBD3, 0xCBF4, 0xCBF5, 0xCBF6, 0xCBF6, 0xCBF7, 0xCC18, 0xCC19, 0xCC39, 0xCC3A, 0xD45B, 0xD47B,
    0xD340, 0xD340, 0xD340, 0xD341, 0xD341, 0xD343, 0xD364, 0xD365, 0xD366, 0xD367, 0xD389, 0xD38A, 0xD3AB, 0xD3AD, 0xD3CD, 0xD3EF,
    0xCC10, 0xCC11, 0xCC12, 0xCC13, 0xCC33, 0xCC34, 0xCC35, 0xCC36, 0xCC37, 0xCC37, 0xCC58, 0xCC59, 0xCC59, 0xCC7A, 0xD49A, 0xD49B,
    0xD3A1, 0xD3A1, 0xD3A2, 0xD3A3, 0xD3A4, 0xD3C5, 0xD3C6, 0xD3C7, 0xD3C8, 0xD3E9, 0xD3EA, 0xD40C, 0xD40D, 0xCC2E, 0xCC4F, 0xCC50,
    0xCC71, 0xCC72, 0xCC93, 0xCC93, 0xCC94, 0xCC95, 0xCC96, 0xCC96, 0xCC97, 0xCC98, 0xCC98, 0xCCB9, 0xCCB9, 0xCCBA, 0xD4BA, 0xD4DB,
    0xD3C3, 0xD3C3, 0xD3C3, 0xD3E4, 0xD3E5, 0xD406, 0xD407, 0xD408, 0xCC29, 0xD42A, 0xCC4B, 0xCC4C, 0xCC6D, 0xCC6E, 0xCC8F, 0xCC90,
    0xCCB1, 0xCCB2, 0xCCB3, 0xCCB3, 0xCCD4, 0xCCD5, 0xC4D6, 0xCCB6, 0xCCB7, 0xCCD8, 0xCCD8, 0xCCD9, 0xCCD9, 0xCCDA, 0xD4DB, 0xD4FB,
    0xD404, 0xD404, 0xD404, 0xD405, 0xD426, 0xD427, 0xD428, 0xCC48, 0xCC6A, 0xCC6B, 0xCC8C, 0xCC8D, 0xCCAE, 0xCCAF, 0xCCB0, 0xCCD1,
    0xCCD2, 0xCCD2, 0xC4D3, 0xC4F4, 0xC4F5, 0xC4F5, 0xC4F6, 0xC4F6, 0xC4F7, 0xC4F8, 0xC4F8, 0xCCF9, 0xCCF9, 0xCCFA, 0xCCFA, 0xD51B,
    0xD425, 0xD425, 0xD425, 0xD426, 0xCC46, 0xCC47, 0xCC68, 0xCC69, 0xCC8A, 0xCC8B, 0xCCAD, 0xCCCE, 0xC4CF, 0xC4D0, 0xC4D0, 0xC4F1,
    0xC4F2, 0xC4F3, 0xC513, 0xC514, 0xC515, 0xC515, 0xC516, 0xC516, 0xC517, 0xC517, 0xC518, 0xC519, 0xCD19, 0xCD1A, 0xCD1A, 0xD53B,
    0xCC46, 0xCC46, 0xCC46, 0xCC46, 0xCC67, 0xCC68, 0xCC89, 0xCC89, 0xCC8A, 0xCCAB, 0xC4CD, 0xC4EE, 0xC4EF, 0xC510, 0xC511, 0xC511,
    0xC532, 0xC533, 0xC533, 0xC534, 0xC535, 0xC535, 0xC536, 0xC536, 0xC537, 0xC537, 0xC538, 0xC539, 0xC539, 0xCD3A, 0xCD3A, 0xD55B,
    0xCC66, 0xCC87, 0xCC67, 0xCC67, 0xCC88, 0xCC88, 0xCC89, 0xC4AA, 0xC4AB, 0xC4AC, 0xC4CD, 0xC4EE, 0xC50F, 0xC530, 0xC531, 0xC552,
    0xC553, 0xC553, 0xBD54, 0xC554, 0xC555, 0xC555, 0xC556, 0xC556, 0xC557, 0xC558, 0xC558, 0xC559, 0xC559, 0xCD5A, 0xCD5A, 0xD55B,
    0xCCA8, 0xCCA8, 0xCCA8, 0xCCA9, 0xCCA9, 0xCCCA, 0xCCCB, 0xCCCC, 0xC4EC, 0xC50D, 0xC50E, 0xC52F, 0xC530, 0xC551, 0xC552, 0xC573,
    0xC573, 0xC574, 0xBD74, 0xC575, 0xC575, 0xC576, 0xC596, 0xC577, 0xC577, 0xC578, 0xC578, 0xC579, 0xC579, 0xCD7A, 0xCD7B, 0xCD9B,
    0xCCE9, 0xCCE9, 0xCCE9, 0xCCEA, 0xC4EA, 0xCCEB, 0xCD0C, 0xC50D, 0xC50D, 0xC52E, 0xC52F, 0xC550, 0xC551, 0xC572, 0xC572, 0xBD73,
    0xBD94, 0xBD94, 0xBD95, 0xBDB5, 0xC5B6, 0xC5B6, 0xC5B6, 0xC5B7, 0xC5B7, 0xC5B8, 0xC5B9, 0xC599, 0xC59A, 0xCD9A, 0xCD9B, 0xCDBB,
    0xC50A, 0xC50A, 0xC50A, 0xC50B, 0xC50B, 0xC52C, 0xC52C, 0xC52D, 0xC54E, 0xC52E, 0xC54F, 0xC550, 0xBD71, 0xBD72, 0xC572, 0xBD93,
    0xBD94, 0xBDB4, 0xBDB5, 0xBDB5, 0xBDD6, 0xC5D6, 0xC5B7, 0xC5B7, 0xC5D7, 0xC5D8, 0xC5D9, 0xC5B9, 0xC5BA, 0xCDBA, 0xCDBB, 0xCDDB,
    0xC52B, 0xC52B, 0xC52B, 0xC52B, 0xC52C, 0xC54C, 0xC54D, 0xBD4D, 0xBD4E, 0xC54E, 0xBD70, 0xBD70, 0xBD71, 0xBD72, 0xBD92, 0xBD93,
    0xBDB4, 0xBDB4, 0xBDB5, 0xBDD5, 0xBDF6, 0xC5F6, 0xC5D7, 0xC5D7, 0xC5F7, 0xC5F8, 0xC5F9, 0xC5D9, 0xC5DA, 0xC5DA, 0xCDFB, 0xCDFB,
    0xBD6B, 0xBD4B, 0xBD4B, 0xBD4B, 0xBD4B, 0xBD6C, 0xBD6D, 0xBD6D, 0xBD6D, 0xBD6E, 0xBD6F, 0xBD90, 0xBD91, 0xBD92, 0xBD92, 0xBDB3,
    0xBDB4, 0xBDB4, 0xBDD5, 0xBDD5, 0xBDF6, 0xBDF6, 0xC5F7, 0xC5F7, 0xC5F8, 0xC618, 0xC619, 0xC619, 0xC5FA, 0xC5FA, 0xC61B, 0xC61B,
    0xB58B, 0xB56B, 0xB56B, 0xB56B, 0xB56B, 0xB58C, 0xB58C, 0xB58D, 0xB58D, 0xB58E, 0xB58F, 0xB590, 0xB5B0, 0xB5B1, 0xB5B2, 0xB5B2,
    0xB5D3, 0xB5D4, 0xB5D4, 0xBDD5, 0xBDF6, 0xBDF6, 0xBE17, 0xBE17, 0xC618, 0xC618, 0xC639, 0xC639, 0xC61A, 0xC61A, 0xC63B, 0xC63B,
    0xB58B, 0xAD8B, 0xAD8B, 0xAD8B, 0xAD8C, 0xADAC, 0xADAD, 0xB5AD, 0xADAD, 0xB5AE, 0xB5AF, 0xB5AF, 0xB5B0, 0xB5B1, 0xB5B1, 0xB5D2,
    0xB5D3, 0xB5D3, 0xB5D4, 0xB5F5, 0xB5F5, 0xBE16, 0xBE17, 0xBE17, 0xBE38, 0xC638, 0xC659, 0xC65A, 0xC65A, 0xC63A, 0xC65B, 0xC65B,
    0xA5AC, 0xA5AC, 0xA5AC, 0xA5AC, 0xADAD, 0xADAD, 0xADAD, 0xADAE, 0xADCE, 0xADCE, 0xADCF, 0xADD0, 0xADD0, 0xADD1, 0xADD1, 0xADD2,
    0xADD3, 0xADF3, 0xADF4, 0xADF4, 0xB615, 0xB616, 0xB616, 0xB617, 0xBE38, 0xC658, 0xC679, 0xC67A, 0xC67A, 0xC67B, 0xC67B, 0xC67B,
    0xA5CD, 0xA5CC, 0xA5CC, 0xA5CC, 0xA5CD, 0xA5CD, 0xA5CD, 0xA5CD, 0xA5CE, 0xA5CE, 0xA5CF, 0xA5D0, 0xA5F0, 0xA5D1, 0xA5D1, 0xA5F2,
    0xA5F2, 0xA5F3, 0xADF3, 0xADF4, 0xADF4, 0xAE15, 0xAE15, 0xAE16, 0xB617, 0xB658, 0xBE79, 0xC69A, 0xC69A, 0xC69B, 0xC69B, 0xC69B,
    0x9DED, 0x9DED, 0x9DED, 0x9DED, 0x9DED, 0x9DEE, 0x9DEE, 0x9DEE, 0x9DEF, 0x9DEF, 0x9DEF, 0x9DF0, 0x9DF0, 0x9DF0, 0x9DF1, 0x9DF1,
    0x9DF2, 0x9DF2, 0xA5F3, 0xA5F3, 0x9DF4, 0xA5F4, 0xA5F5, 0xA5F5, 0xAE16, 0xB657, 0xBE79, 0xC69A, 0xC6BA, 0xCEBB, 0xCEBB, 0xCEDB,
    0x960E, 0x960E, 0x960E, 0x960E, 0x960F, 0x960F, 0x960F, 0x960F, 0x960F, 0x9610, 0x9610, 0x9610, 0x9E10, 0x9E11, 0x9611, 0x9E11,
    0x9E12, 0x9E12, 0x9E13, 0x9E13, 0x9613, 0x9614, 0x95F4, 0x9E15, 0xA636, 0xAE57, 0xBE99, 0xC6BA, 0xC6DA, 0xCEDB, 0xCEDB, 0xCEDC,
    0x9E30, 0x9630, 0x9630, 0x9630, 0x9650, 0x9E31, 0x9E31, 0x9631, 0x9631, 0x9631, 0x9E31, 0x9E31, 0x9E31, 0x9631, 0x9632, 0x9632,
    0x9632, 0x9633, 0x9633, 0x9633, 0x9633, 0x9634, 0x9634, 0x9635, 0xA656, 0xAE78, 0xB6B9, 0xBEDA, 0xC6DB, 0xCEFB, 0xD6FB, 0xD6FC,
    0x9E93, 0x9E73, 0x9E73, 0x9E73, 0x9E72, 0x9E73, 0x9E73, 0x9E73, 0x9E73, 0x9E73, 0x9E93, 0x9E73, 0x9E73, 0x9E73, 0x9E73, 0x9E74,
    0x9E74, 0x9674, 0x9674, 0x9674, 0x9674, 0x9675, 0x9675, 0x9E96, 0xA6B7, 0xAEB8, 0xBED9, 0xBEFA, 0xCEFB, 0xD6FB, 0xD71C, 0xD6FC,
    0xE060, 0xE040, 0xE040, 0xE060, 0xE060, 0xE060, 0xE060, 0xE061, 0xE062, 0xE063, 0xE085, 0xE0A6, 0xE0C8, 0xE0E9, 0xE12A, 0xE14C,
    0xE16D, 0xE16E, 0xE18F, 0xE191, 0xE1B2, 0xD9D3, 0xD9F4, 0xD9F5, 0xDA16, 0xDA37, 0xDA58, 0xDA99, 0xDAB9, 0xDADA, 0xDB1B, 0xDB5B,
    0xE080, 0xE080, 0xE080, 0xE080, 0xE080, 0xE080, 0xE080, 0xE081, 0xE082, 0xE084, 0xE0A5, 0xE0C6, 0xE0E8, 0xE109, 0xE14A, 0xE16C,
    0xE18D, 0xE18E, 0xE1AF, 0xE1B1, 0xE1D2, 0xD9F3, 0xD9F4, 0xDA15, 0xDA16, 0xDA37, 0xDA78, 0xDA99, 0xDAB9, 0xDADA, 0xDB1A, 0xDB7B,
    0xE0A0, 0xE0C0, 0xE0C0, 0xE0A0, 0xE0C0, 0xE0C0, 0xE0C0, 0xE0C1, 0xE0A2, 0xE0C4, 0xE0E5, 0xE106, 0xE128, 0xE129, 0xE16A, 0xE18C,
    0xE1AD, 0xE1AE, 0xE1AF, 0xE1D1, 0xD9F2, 0xD9F3, 0xDA14, 0xDA35, 0xDA36, 0xDA57, 0xDA78, 0xDAB9, 0xDABA, 0xDAFA, 0xDB1A, 0xDB7B,
    0xE0E0, 0xE0E0, 0xE0E0, 0xE0E0, 0xE0E0, 0xE0E0, 0xE0E0, 0xE0E1, 0xE0E2, 0xE0E4, 0xE105, 0xE126, 0xE148, 0xE149, 0xE16A, 0xE1AC,
    0xE1CD, 0xE1CE, 0xE1CF, 0xD9D0, 0xD9F2, 0xDA13, 0xDA34, 0xDA35, 0xDA36, 0xDA57, 0xDA78, 0xDAB9, 0xDAD9, 0xDAFA, 0xDB3A, 0xDB7B,
    0xE100, 0xE120, 0xE100, 0xE100, 0xE0E0, 0xE100, 0xE120, 0xE101, 0xE102, 0xE104, 0xE125, 0xE146, 0xE168, 0xE169, 0xE18A, 0xE1AC,
    0xE1ED, 0xD9EF, 0xD9EF, 0xD9F0, 0xDA11, 0xDA33, 0xDA34, 0xDA35, 0xDA56, 0xDA77, 0xDA98, 0xDAB9, 0xDAD9, 0xDAFA, 0xDB3A, 0xDB9B,
    0xE140, 0xE140, 0xE140, 0xD940, 0xD920, 0xD940, 0xE140, 0xE141, 0xE143, 0xE124, 0xE165, 0xE186, 0xE188, 0xE189, 0xE1AA, 0xE1CC,
    0xDA0D, 0xDA0E, 0xDA0F, 0xDA11, 0xDA32, 0xDA53, 0xDA74, 0xDA75, 0xDA76, 0xDA77, 0xDAB8, 0xDAD9, 0xDAF9, 0xDB1A, 0xDB5A, 0xDB9B,
    0xE1A0, 0xE1A0, 0xE1A0, 0xE1A0, 0xE1A0, 0xD9A0, 0xE1A0, 0xE1A2, 0xE1A3, 0xE1C4, 0xE1C6, 0xE1E7, 0xE209, 0xE22A, 0xE24B, 0xDA6D,
    0xDA8E, 0xDA8F, 0xDA90, 0xDA91, 0xDAB2, 0xDAB3, 0xDAD4, 0xDAD5, 0xDAD6, 0xDAF7, 0xDB18, 0xDB39, 0xDB3A, 0xDB7A, 0xDB9B, 0xDBDB,
    0xE1E0, 0xE1E0, 0xE1E0, 0xE1E0, 0xE1E0, 0xE1E0, 0xE201, 0xE202, 0xE204, 0xE225, 0xE246, 0xE268, 0xE269, 0xE28B, 0xDAAC, 0xDAED,
    0xDAEF, 0xDAF0, 0xDAF1, 0xDAF1, 0xDB13, 0xDB14, 0xDB35, 0xDB36, 0xD336, 0xD357, 0xDB78, 0xDB79, 0xD39A, 0xDBBA, 0xDBDB, 0xDC1B,
    0xE240, 0xE220, 0xE220, 0xE240, 0xE220, 0xE240, 0xE241, 0xDA43, 0xE264, 0xDA65, 0xE287, 0xDAA8, 0xDACA, 0xDACB, 0xDAEC, 0xDB2E,
    0xDB4F, 0xDB30, 0xDB31, 0xDB52, 0xDB53, 0xD374, 0xD355, 0xD376, 0xD376, 0xD397, 0xD398, 0xD3B9, 0xD3B9, 0xD3DA, 0xDBFA, 0xDC3B,
    0xE280, 0xE280, 0xDA80, 0xDA80, 0xDA80, 0xE280, 0xDA82, 0xDAA3, 0xE2A5, 0xDAA6, 0xDAC7, 0xDAE9, 0xDAEA, 0xDB0B, 0xDB2C, 0xDB4E,
    0xDB6F, 0xD390, 0xD391, 0xD372, 0xD393, 0xD394, 0xD3B5, 0xD395, 0xD3B6, 0xD3B7, 0xD3D8, 0xD3D9, 0xD3F9, 0xD3FA, 0xDC1A, 0xDC5B,
    0xDAC0, 0xDAC0, 0xDAA0, 0xDAA0, 0xDAA0, 0xDAC1, 0xDAC2, 0xDAC4, 0xDAC5, 0xDAE6, 0xDB08, 0xDB29, 0xDB2A, 0xDB4B, 0xDB4C, 0xD38E,
    0xD3AF, 0xD3B0, 0xD3B1, 0xD3B2, 0xD3D3, 0xD3D4, 0xD3F5, 0xD3D5, 0xD3D6, 0xD3F7, 0xD3F8, 0xD419, 0xD419, 0xD43A, 0xD45B, 0xDC7B,
    0xDB00, 0xDB00, 0xDAE0, 0xDAE0, 0xDAE0, 0xDB02, 0xDB03, 0xDB04, 0xDB05, 0xDB26, 0xDB48, 0xDB49, 0xDB6B, 0xD36C, 0xD38D, 0xD3AE,
    0xD3D0, 0xD3F1, 0xD3F1, 0xD3F2, 0xD3F3, 0xD414, 0xD415, 0xCC15, 0xCC16, 0xCC17, 0xD438, 0xD439, 0xD439, 0xD45A, 0xD47A, 0xDC9B,
    0xDB40, 0xDB40, 0xDB40, 0xDB41, 0xDB41, 0xDB43, 0xDB64, 0xDB65, 0xDB66, 0xDB67, 0xD389, 0xD3AA, 0xD3AB, 0xD3CD, 0xD3CE, 0xD3EF,
    0xD410, 0xD431, 0xD432, 0xD433, 0xCC33, 0xCC54, 0xCC55, 0xCC56, 0xCC56, 0xCC57, 0xCC58, 0xD459, 0xD479, 0xD47A, 0xD49A, 0xDCBB,
    0xDBA1, 0xDBA2, 0xDBA2, 0xDBA3, 0xDBA4, 0xDBC5, 0xDBC6, 0xD3C7, 0xD3E8, 0xD3E9, 0xD40B, 0xD40C, 0xD42D, 0xD42E, 0xD44F, 0xD470,
    0xD471, 0xCC92, 0xCC93, 0xCC93, 0xCC94, 0xCC95, 0xCCB6, 0xCC96, 0xCCB7, 0xCCB8, 0xCCB8, 0xCCB9, 0xCCB9, 0xD4DA, 0xD4DA, 0xD4FB,
    0xD3E3, 0xD3E4, 0xD3E4, 0xDC04, 0xDC05, 0xD406, 0xD427, 0xD428, 0xD429, 0xD44A, 0xD44C, 0xD46D, 0xD46D, 0xD46F, 0xCC8F, 0xCCB0,
    0xCCB1, 0xCCB2, 0xCCD3, 0xCCD4, 0xCCD4, 0xCCD5, 0xCCD6, 0xCCD6, 0xCCD7, 0xCCD8, 0xCCD8, 0xCCD9, 0xD4D9, 0xD4DA, 0xD4FA, 0xD4FB,
    0xD424, 0xD425, 0xD425, 0xD426, 0xD426, 0xD447, 0xD448, 0xD469, 0xD46A, 0xD48B, 0xD48C, 0xD4AD, 0xCCAE, 0xCCAF, 0xCCD0, 0xCCD1,
    0xCCF2, 0xCCF3, 0xCCF3, 0xCCF4, 0xCCF5, 0xCCF5, 0xCCF6, 0xCCF6, 0xCCF7, 0xCCF7, 0xCCF8, 0xCCF9, 0xCCF9, 0xD4FA, 0xD51A, 0xD51B,
    0xD446, 0xD446, 0xD446, 0xD446, 0xD447, 0xD468, 0xD469, 0xD48A, 0xD48B, 0xCCAC, 0xCCCD, 0xCCCE, 0xCCEF, 0xCCF0, 0xCCF1, 0xCD11,
    0xCD12, 0xCD13, 0xCD13, 0xCD14, 0xCD15, 0xCD15, 0xC536, 0xC516, 0xCD17, 0xCD17, 0xCD18, 0xCD19, 0xCD19, 0xD53A, 0xD53A, 0xD53B,
    0xD466, 0xD466, 0xD466, 0xD467, 0xD467, 0xD489, 0xD489, 0xD48A, 0xCCAB, 0xCCAC, 0xCCCD, 0xCCEE, 0xCD0F, 0xCD10, 0xCD11, 0xC532,
    0xC532, 0xC533, 0xC514, 0xC534, 0xCD35, 0xCD35, 0xC536, 0xC536, 0xC537, 0xCD38, 0xCD38, 0xCD39, 0xCD39, 0xCD3A, 0xD55A, 0xD55B,
    0xD487, 0xCC87, 0xD487, 0xCC88, 0xCC88, 0xCCA9, 0xCCAA, 0xCCAA, 0xCCCB, 0xCCCC, 0xCCED, 0xCD0F, 0xC530, 0xC530, 0xC531, 0xC552,
    0xC553, 0xC553, 0xC554, 0xC554, 0xC555, 0xC555, 0xC556, 0xC556, 0xC557, 0xC557, 0xCD58, 0xCD59, 0xCD59, 0xCD5A, 0xD55B, 0xD57B,
    0xD4C9, 0xCCC9, 0xCCC9, 0xCCC9, 0xCCCA, 0xCCEA, 0xCCEB, 0xCCEC, 0xCD0D, 0xCD0D, 0xCD2F, 0xCD30, 0xC551, 0xC552, 0xC572, 0xC573,
    0xC593, 0xC594, 0xC574, 0xC595, 0xC595, 0xC596, 0xC596, 0xC577, 0xC577, 0xC598, 0xCD98, 0xCD99, 0xCD79, 0xCD7A, 0xD59B, 0xD59B,
    0xCCEA, 0xCCEA, 0xCCEA, 0xCD0B, 0xCD0B, 0xCD0C, 0xCD0C, 0xCD2D, 0xCD2E, 0xCD2E, 0xCD4F, 0xC550, 0xC571, 0xC572, 0xC592, 0xC593,
    0xC594, 0xC5B4, 0xC5B5, 0xC5B5, 0xC5B6, 0xC5B6, 0xC5B6, 0xC5B7, 0xC5B7, 0xCDB8, 0xCDB8, 0xCDB9, 0xCDBA, 0xCDBA, 0xD5BB, 0xD5BB,
    0xCD2B, 0xCD2B, 0xCD2B, 0xCD2B, 0xCD2C, 0xCD2C, 0xCD2D, 0xCD4E, 0xC54E, 0xC54F, 0xC550, 0xC571, 0xC571, 0xC592, 0xC592, 0xC593,
    0xC5B4, 0xC5B4, 0xC5D5, 0xC5D5, 0xC5D6, 0xC5D6, 0xC5D6, 0xC5D7, 0xC5D7, 0xCDD8, 0xCDD9, 0xCDD9, 0xCDDA, 0xCDBA, 0xD5DB, 0xD5DB,
    0xCD2C, 0xCD4C, 0xCD2C, 0xCD2C, 0xCD4D, 0xC54D, 0xC54E, 0xC54E, 0xC54F, 0xC56F, 0xC570, 0xC571, 0xC592, 0xC592, 0xC592, 0xC5B3,
    0xC5B4, 0xC5B4, 0xC5D5, 0xC5D5, 0xC5F6, 0xC5F6, 0xC5F7, 0xC5F7, 0xC5F8, 0xC5D8, 0xCDD9, 0xCDF9, 0xCDDA, 0xCDDA, 0xD5FB, 0xD5FB,
    0xC54C, 0xC54C, 0xC54C, 0xC54C, 0xC54D, 0xC56D, 0xC56E, 0xC56E, 0xC56E, 0xC56F, 0xC590, 0xC591, 0xC592, 0xC592, 0xBDB2, 0xBDB3,
    0xC5D4, 0xC5D4, 0xBDD5, 0xC5F5, 0xC5F6, 0xC616, 0xC617, 0xC617, 0xC618, 0xC618, 0xC619, 0xC619, 0xCE1A, 0xCE1A, 0xCE1A, 0xD5FB,
    0xBD8C, 0xBD8C, 0xBD6C, 0xBD6C, 0xBD8C, 0xBD8D, 0xBD8D, 0xBD8E, 0xBD8E, 0xBD8F, 0xBDB0, 0xBDB1, 0xBDB1, 0xBDB2, 0xBDB2, 0xBDD3,
    0xBDD4, 0xBDD4, 0xBDF5, 0xBDF5, 0xC5F6, 0xC616, 0xC617, 0xC617, 0xC638, 0xC638, 0xC639, 0xCE39, 0xCE3A, 0xCE3A, 0xCE3B, 0xCE3B,
    0xBDAC, 0xBDAC, 0xBDAC, 0xBDAC, 0xBDAD, 0xBDAD, 0xBDAE, 0xBDAE, 0xBDAF, 0xBDAF, 0xBDD0, 0xB5D0, 0xBDD1, 0xBDD2, 0xBDD2, 0xBDD3,
    0xBDF4, 0xBDF4, 0xBDF5, 0xBDF5, 0xBE16, 0xBE16, 0xC617, 0xC637, 0xC638, 0xC659, 0xCE59, 0xCE5A, 0xCE5A, 0xCE5B, 0xCE5B, 0xCE5B,
    0xB5CD, 0xB5CD, 0xB5CD, 0xB5CD, 0xB5CE, 0xB5CE, 0xB5CE, 0xB5EF, 0xB5EF, 0xB5F0, 0xB5F0, 0xB5F1, 0xB5F1, 0xB5F2, 0xB5F2, 0xB5F3,
    0xB5F3, 0xBDF4, 0xBE14, 0xBE15, 0xBE16, 0xBE36, 0xBE37, 0xC658, 0xC658, 0xC659, 0xCE79, 0xCE7A, 0xCE7A, 0xCE7B, 0xCE7B, 0xCE7B,
    0xADEE, 0xADEE, 0xADEE, 0xADEE, 0xADEE, 0xADEF, 0xADEF, 0xADEF, 0xADEF, 0xADF0, 0xADF0, 0xB5F1, 0xB5F1, 0xADF1, 0xB5F2, 0xB5F3,
    0xB613, 0xB613, 0xB614, 0xB615, 0xB615, 0xB636, 0xBE36, 0xBE37, 0xBE58, 0xC658, 0xC679, 0xCE9A, 0xCE9A, 0xCE9B, 0xCE9B, 0xCE9C,
    0xAE0F, 0xA60F, 0xADEF, 0xADEF, 0xA60F, 0xAE0F, 0xAE10, 0xAE10, 0xAE10, 0xADF0, 0xAE11, 0xAE11, 0xAE11, 0xAE12, 0xAE12, 0xAE13,
    0xAE13, 0xAE13, 0xAE14, 0xAE34, 0xAE35, 0xAE35, 0xAE36, 0xB636, 0xB637, 0xB657, 0xBE78, 0xC69A, 0xCEBA, 0xCEBB, 0xCEBB, 0xCEBB,
    0xA630, 0xA630, 0xA610, 0xA630, 0xA630, 0xA630, 0xA630, 0xA630, 0xA610, 0xA611, 0xA631, 0xA631, 0xA631, 0xA632, 0xA632, 0xA633,
    0xA633, 0xA633, 0xA633, 0xA634, 0xA634, 0xA635, 0xA635, 0xAE36, 0xAE36, 0xAE57, 0xB678, 0xC6BA, 0xCEBA, 0xD6DB, 0xD6DB, 0xD6DB,
    0xA651, 0xA651, 0xA651, 0xA651, 0xA651, 0xA651, 0xA651, 0xA652, 0xA652, 0xA652, 0xA652, 0xA652, 0xA652, 0xA653, 0xA653, 0xA653,
    0xA653, 0xA653, 0xA654, 0xA654, 0xA654, 0xA655, 0xA655, 0xA656, 0xA656, 0xA677, 0xB698, 0xC6DA, 0xCEDA, 0xD6FB, 0xD6FB, 0xD6FB,
    0xAEB3, 0xAE93, 0xAE93, 0xAE93, 0xAE93, 0xAE93, 0xAE93, 0xAE94, 0xAE94, 0xAE94, 0xAE94, 0xAE94, 0xAE94, 0xA694, 0xAE94, 0xA694,
    0xA695, 0xA695, 0xA695, 0xA695, 0xA695, 0xA696, 0xA696, 0xA696, 0xA697, 0xAEB8, 0xB6D9, 0xC6FA, 0xCEFB, 0xD71B, 0xDF1C, 0xDF1C,
    0xE8A0, 0xE8A0, 0xE8A0, 0xE8A0, 0xE8A0, 0xE8C0, 0xE8C0, 0xE8C1, 0xE8C2, 0xE8C4, 0xE8E5, 0xE906, 0xE928, 0xE169, 0xE9AA, 0xE1CC,
    0xE1ED, 0xE20F, 0xE20F, 0xE211, 0xE232, 0xE233, 0xE254, 0xDA55, 0xDA76, 0xDA97, 0xDAB8, 0xE2D9, 0xE2F9, 0xE31A, 0xE35B, 0xE39B,
    0xE8C0, 0xE8C0, 0xE8C0, 0xE8C0, 0xE8C0, 0xE8C0, 0xE8E0, 0xE8E1, 0xE8E2, 0xE8E4, 0xE905, 0xE926, 0xE948, 0xE989, 0xE9AB, 0xE1EC,
    0xE20D, 0xE20E, 0xE230, 0xE231, 0xE232, 0xE253, 0xE274, 0xE275, 0xDA76, 0xDA97, 0xDAB8, 0xDAD9, 0xDAF9, 0xE31A, 0xE35A, 0xE39B,
    0xE0E0, 0xE0E0, 0xE8E0, 0xE0E0, 0xE0E0, 0xE0E0, 0xE900, 0xE901, 0xE902, 0xE904, 0xE925, 0xE946, 0xE968, 0xE1A9, 0xE1CB, 0xE20C,
    0xE22D, 0xE22E, 0xE230, 0xE231, 0xE252, 0xE253, 0xDA74, 0xDA75, 0xDA96, 0xDA97, 0xDAB8, 0xDAF9, 0xDB19, 0xDB3A, 0xE35A, 0xE3BB,
    0xE100, 0xE120, 0xE100, 0xE100, 0xE100, 0xE100, 0xE120, 0xE921, 0xE122, 0xE124, 0xE945, 0xE966, 0xE188, 0xE1A9, 0xE1CB, 0xE20C,
    0xE22D, 0xE24F, 0xE230, 0xE251, 0xE252, 0xE273, 0xDA94, 0xDA95, 0xDA96, 0xDA97, 0xDAD8, 0xDAF9, 0xDB19, 0xDB3A, 0xDB5A, 0xE3BB,
    0xE140, 0xE140, 0xE140, 0xE120, 0xE120, 0xE140, 0xE140, 0xE141, 0xE142, 0xE124, 0xE165, 0xE186, 0xE1A8, 0xE1A9, 0xE1CA, 0xE20C,
    0xE24D, 0xE24F, 0xE250, 0xDA50, 0xDA51, 0xDA93, 0xDAB4, 0xDA95, 0xDA96, 0xDAB6, 0xDAD8, 0xDAF9, 0xDB19, 0xDB3A, 0xDB7A, 0xE3BB,
    0xE160, 0xE160, 0xE160, 0xE160, 0xE160, 0xE160, 0xE160, 0xE161, 0xE162, 0xE164, 0xE185, 0xE1A6, 0xE1C8, 0xE1C9, 0xE1EA, 0xE22C,
    0xE24D, 0xE26F, 0xE24F, 0xE251, 0xDA72, 0xDA93, 0xDAB4, 0xDAB5, 0xDAB6, 0xDAB7, 0xDAD8, 0xDB19, 0xDB19, 0xDB5A, 0xDB9A, 0xE3BB,
    0xE1C0, 0xE1C0, 0xE1C0, 0xE1A0, 0xE1C0, 0xE1C0, 0xE1C0, 0xE1C2, 0xE1C3, 0xE1E4, 0xE206, 0xE227, 0xE229, 0xE24A, 0xE28B, 0xE2AD,
    0xE2CE, 0xE2CF, 0xDAD0, 0xDAD1, 0xDAF2, 0xDB13, 0xDB14, 0xDB15, 0xDB16, 0xDB37, 0xDB58, 0xDB59, 0xDB79, 0xDB9A, 0xDBDA, 0xE3FB,
    0xE200, 0xE200, 0xE200, 0xE200, 0xE200, 0xE200, 0xE201, 0xE222, 0xE224, 0xE245, 0xE266, 0xE288, 0xE2A9, 0xE2AB, 0xE2EC, 0xE30D,
    0xDB2F, 0xDB30, 0xDB31, 0xDB52, 0xDB53, 0xDB54, 0xDB75, 0xDB76, 0xDB76, 0xDB97, 0xDB98, 0xDBB9, 0xDBB9, 0xDBDA, 0xDBFA, 0xE43B,
    0xE240, 0xE240, 0xE240, 0xE240, 0xE240, 0xE240, 0xE261, 0xE263, 0xE284, 0xE285, 0xE2A7, 0xE2C8, 0xE2CA, 0xE2EB, 0xE30C, 0xDB4E,
    0xDB6F, 0xDB70, 0xDB71, 0xDB72, 0xDB93, 0xDB94, 0xDB95, 0xDB96, 0xDBB6, 0xDBB7, 0xDBD8, 0xDBD9, 0xDBF9, 0xDBFA, 0xDC1A, 0xE45B,
    0xE280, 0xE280, 0xE280, 0xE2A0, 0xE280, 0xE2A1, 0xE2A2, 0xE2A3, 0xE2A5, 0xE2C6, 0xE2E7, 0xE309, 0xE32A, 0xDB2B, 0xDB4C, 0xDB6E,
    0xDBB0, 0xDBB1, 0xDBB1, 0xDBB2, 0xDBD3, 0xD3D4, 0xD3D5, 0xD3D6, 0xD3D6, 0xD3D7, 0xD3F8, 0xDBF9, 0xDC19, 0xDC1A, 0xDC3A, 0xE47B,
    0xE2C0, 0xE2C0, 0xE2C0, 0xE2C0, 0xE2C0, 0xE2C1, 0xE2E3, 0xE2E4, 0xE2E5, 0xE2E6, 0xE308, 0xE329, 0xDB4A, 0xDB4C, 0xDB6D, 0xDBAE,
    0xDBD0, 0xDBF1, 0xDBF1, 0xD3D2, 0xD3F3, 0xD3F4, 0xD415, 0xD3F6, 0xD3F6, 0xD417, 0xD418, 0xD439, 0xD439, 0xDC5A, 0xDC5A, 0xDC9B,
    0xE300, 0xE300, 0xDB00, 0xDB00, 0xDAE0, 0xDB02, 0xDB23, 0xDB24, 0xDB25, 0xDB26, 0xDB48, 0xDB69, 0xDB8B, 0xDB8C, 0xDB8D, 0xDBCE,
    0xDBF0, 0xD411, 0xD412, 0xD412, 0xD413, 0xD434, 0xD435, 0xD435, 0xD436, 0xD437, 0xD458, 0xD459, 0xD459, 0xD47A, 0xDC7A, 0xDC9B,
    0xDB60, 0xDB60, 0xDB40, 0xDB41, 0xDB42, 0xDB63, 0xDB64, 0xDB65, 0xDB86, 0xDB88, 0xDBA9, 0xDBAA, 0xDBCB, 0xDBCD, 0xDBED, 0xD40F,
    0xD430, 0xD451, 0xD452, 0xD453, 0xD454, 0xD474, 0xD475, 0xD456, 0xD476, 0xD477, 0xD478, 0xD479, 0xD499, 0xD49A, 0xDCBA, 0xDCDB,
    0xDBC2, 0xDBC2, 0xDBC3, 0xDBC3, 0xDBC4, 0xDBC5, 0xDBE6, 0xDBE7, 0xDBE8, 0xDC09, 0xDC0B, 0xDC2C, 0xDC2D, 0xD44E, 0xD46F, 0xD470,
    0xD491, 0xD492, 0xD4B3, 0xD4B3, 0xD4B4, 0xD4B5, 0xD4B6, 0xD4B6, 0xD4B7, 0xD4B7, 0xD4D8, 0xD4D9, 0xD4D9, 0xD4DA, 0xDCDA, 0xDCFB,
    0xDC04, 0xDC04, 0xDC04, 0xDC05, 0xDC06, 0xDC27, 0xDC27, 0xDC28, 0xDC49, 0xDC4A, 0xDC6C, 0xD46D, 0xD46E, 0xD48F, 0xD490, 0xD4B1,
    0xD4B1, 0xD4D2, 0xD4D3, 0xD4D4, 0xD4D4, 0xD4F5, 0xCCF6, 0xCCD6, 0xCCD7, 0xD4D7, 0xD4F8, 0xD4F9, 0xD4F9, 0xD4FA, 0xDCFA, 0xDD1B,
    0xDC25, 0xDC25, 0xDC26, 0xDC46, 0xDC47, 0xDC68, 0xDC69, 0xDC69, 0xD48A, 0xD48B, 0xD4AD, 0xD4AE, 0xD4AF, 0xD4CF, 0xD4D0, 0xD4F1,
    0xD4F2, 0xD4F2, 0xCCF3, 0xCCF4, 0xCD15, 0xCD15, 0xCD16, 0xCCF6, 0xCCF7, 0xCD17, 0xD518, 0xD519, 0xD519, 0xD51A, 0xDD1A, 0xDD3B,
    0xDC66, 0xDC67, 0xD447, 0xD467, 0xD467, 0xD488, 0xD489, 0xD4AA, 0xD4AB, 0xD4AC, 0xD4CD, 0xD4EE, 0xD4EF, 0xCCF0, 0xCCF1, 0xCD11,
    0xCD12, 0xCD13, 0xCD13, 0xCD14, 0xCD35, 0xCD35, 0xCD36, 0xCD16, 0xCD17, 0xCD37, 0xCD38, 0xD539, 0xD539, 0xD53A, 0xD53A, 0xDD5B,
    0xD487, 0xD487, 0xD487, 0xD467, 0xD488, 0xD4A9, 0xD4AA, 0xD4AB, 0xD4CB, 0xD4CC, 0xD4EE, 0xCD0F, 0xCD0F, 0xCD10, 0xCD11, 0xCD32,
    0xCD32, 0xCD33, 0xCD33, 0xCD34, 0xCD35, 0xCD55, 0xCD56, 0xCD36, 0xCD37, 0xCD57, 0xCD58, 0xCD59, 0xD559, 0xD55A, 0xD55A, 0xDD5B,
    0xD4A8, 0xD4A8, 0xD488, 0xD488, 0xD4A9, 0xD4AA, 0xD4CA, 0xD4CB, 0xCCCC, 0xCCED, 0xCD0E, 0xCD2F, 0xCD30, 0xCD31, 0xCD51, 0xCD52,
    0xCD53, 0xCD53, 0xCD53, 0xCD54, 0xCD55, 0xCD56, 0xCD56, 0xCD56, 0xCD57, 0xCD57, 0xCD58, 0xCD59, 0xD559, 0xD55A, 0xD57A, 0xDD7B,
    0xD4EA, 0xD4EA, 0xD4EA, 0xD4EA, 0xD4EB, 0xD4EB, 0xD50C, 0xD50D, 0xCD0D, 0xCD2E, 0xCD2F, 0xCD50, 0xCD51, 0xCD71, 0xCD72, 0xCD93,
    0xCD93, 0xCD94, 0xCD94, 0xCD95, 0xCD95, 0xCD96, 0xCD96, 0xCD77, 0xCD77, 0xCD98, 0xCD98, 0xCD99, 0xD599, 0xD59A, 0xD59B, 0xDD9B,
    0xD50B, 0xD50B, 0xD50B, 0xD50B, 0xD52C, 0xCD2C, 0xCD2D, 0xCD2E, 0xCD4E, 0xCD4F, 0xCD50, 0xCD71, 0xCD71, 0xCD92, 0xCD93, 0xCDB3,
    0xCDB4, 0xCDB4, 0xCDB5, 0xCDB5, 0xCDB6, 0xCDB6, 0xCDB6, 0xCDB7, 0xCDB7, 0xCDB8, 0xCDB8, 0xCDB9, 0xD5BA, 0xD5BA, 0xD5BB, 0xDDBB,
    0xD52C, 0xCD2C, 0xCD2C, 0xCD2C, 0xCD4D, 0xCD4D, 0xCD4E, 0xCD4E, 0xCD4F, 0xCD6F, 0xCD70, 0xCD91, 0xCD92, 0xCD92, 0xC5B3, 0xC5B3,
    0xCDB4, 0xCDB5, 0xCDD5, 0xCDD5, 0xCDD6, 0xCDD6, 0xCDD6, 0xCDD7, 0xCDD7, 0xCDD8, 0xCDD9, 0xCDD9, 0xD5DA, 0xD5DA, 0xD5DB, 0xDDDB,
    0xCD4D, 0xCD4D, 0xCD4D, 0xCD4D, 0xCD4D, 0xCD4E, 0xCD6E, 0xCD6F, 0xCD6F, 0xCD70, 0xCD91, 0xCD91, 0xC592, 0xC5B2, 0xC5B3, 0xC5D4,
    0xC5D4, 0xC5D5, 0xC5D5, 0xC5F6, 0xC5F6, 0xCDF6, 0xCDF7, 0xCDF7, 0xCDF7, 0xCDF8, 0xCDF9, 0xCDF9, 0xD5FA, 0xD5FA, 0xD5FB, 0xD5FB,
    0xCD6D, 0xCD6D, 0xCD6D, 0xCD6D, 0xCD6E, 0xCD6E, 0xCD6F, 0xCD6F, 0xC58F, 0xC590, 0xC591, 0xC5B1, 0xC5B2, 0xC5B2, 0xC5B3, 0xC5D4,
    0xC5D4, 0xC5D5, 0xC5F5, 0xC5F6, 0xC616, 0xCE17, 0xCE17, 0xCE17, 0xCE18, 0xCDF8, 0xCE19, 0xCE19, 0xCE1A, 0xD61A, 0xD61B, 0xD61B,
    0xC58D, 0xC58D, 0xC58D, 0xC58D, 0xC58E, 0xC58E, 0xC58F, 0xC58F, 0xC58F, 0xC5B0, 0xC5B1, 0xC5B1, 0xC5B2, 0xC5B2, 0xC5D3, 0xC5D3,
    0xC5F4, 0xC5F5, 0xC5F5, 0xC5F5, 0xC616, 0xC617, 0xCE17, 0xCE37, 0xCE38, 0xCE38, 0xCE39, 0xCE39, 0xCE3A, 0xD63A, 0xD63B, 0xD63B,
    0xC5AD, 0xC5AE, 0xC5AE, 0xC5AE, 0xC5AE, 0xC5AE, 0xC5CF, 0xC5CF, 0xC5D0, 0xC5D0, 0xC5D1, 0xC5D1, 0xC5D2, 0xC5D2, 0xC5F3, 0xC5F3,
    0xC5F4, 0xC5F5, 0xC615, 0xC615, 0xC616, 0xC637, 0xCE37, 0xCE38, 0xCE58, 0xCE59, 0xCE59, 0xCE59, 0xD65A, 0xD65A, 0xD65B, 0xD65B,
    0xBDEE, 0xBDEE, 0xBDEE, 0xBDEF, 0xBDEF, 0xBDEF, 0xBDEF, 0xBDF0, 0xBDF0, 0xBDF1, 0xBDF1, 0xBDF2, 0xBDF2, 0xBDF3, 0xBE13, 0xBE14,
    0xBE14, 0xC615, 0xC615, 0xC636, 0xC636, 0xC636, 0xCE57, 0xCE58, 0xCE58, 0xCE79, 0xCE79, 0xD67A, 0xD67A, 0xD67B, 0xD67B, 0xD69B,
    0xB60F, 0xBDEF, 0xB60F, 0xB60F, 0xB60F, 0xBE10, 0xBE10, 0xBE10, 0xBE11, 0xBE11, 0xB611, 0xBE11, 0xBE12, 0xBE12, 0xBE13, 0xBE13,
    0xBE14, 0xBE34, 0xBE35, 0xBE35, 0xC636, 0xC656, 0xC657, 0xC657, 0xCE58, 0xCE79, 0xCE99, 0xD69A, 0xD69A, 0xD69B, 0xD69B, 0xD6BB,
    0xB610, 0xB610, 0xB610, 0xB610, 0xB610, 0xB630, 0xB611, 0xB611, 0xB631, 0xB631, 0xB631, 0xB632, 0xB632, 0xB632, 0xB633, 0xB633,
    0xB634, 0xB634, 0xB634, 0xB635, 0xBE35, 0xBE56, 0xBE56, 0xBE57, 0xC657, 0xC678, 0xC699, 0xCE9A, 0xD6BA, 0xD6BB, 0xD6BB, 0xD6DB,
    0xB631, 0xB631, 0xB631, 0xAE31, 0xB631, 0xB651, 0xB651, 0xB631, 0xB631, 0xB632, 0xB652, 0xB652, 0xB652, 0xB633, 0xB653, 0xB653,
    0xB654, 0xB634, 0xB654, 0xB655, 0xB655, 0xB656, 0xB656, 0xB656, 0xB657, 0xBE77, 0xBE78, 0xC699, 0xCEBA, 0xD6DB, 0xD6DB, 0xD6DB,
    0xB672, 0xB672, 0xB672, 0xB672, 0xB672, 0xB672, 0xB672, 0xB672, 0xB673, 0xB673, 0xB673, 0xB673, 0xB673, 0xB673, 0xB674, 0xB674,
    0xB674, 0xB674, 0xB675, 0xB675, 0xB675, 0xB676, 0xB676, 0xB676, 0xB677, 0xB677, 0xB698, 0xBEB9, 0xCEDA, 0xD6DB, 0xDEFB, 0xDEFC,
    0xB6B4, 0xB6B4, 0xBEB4, 0xBE94, 0xB6B4, 0xB6B4, 0xB6B4, 0xB6B4, 0xB6B4, 0xB6B4, 0xB6B5, 0xB6B5, 0xB6B5, 0xB6B5, 0xB6B5, 0xB6B5,
    0xB6B5, 0xB6B6, 0xB6B6, 0xB6B6, 0xB6B6, 0xB6B6, 0xB6B6, 0xAEB7, 0xAEB7, 0xAEB8, 0xB6D8, 0xBEDA, 0xCEFA, 0xD6FB, 0xDF1C, 0xDF1C,
    0xE8E0, 0xE8E0, 0xE8E0, 0xE8E0, 0xE8E0, 0xE900, 0xE900, 0xE901, 0xE902, 0xE924, 0xE945, 0xE966, 0xE988, 0xE9C9, 0xEA0B, 0xEA2C,
    0xEA6E, 0xEA6F, 0xEA70, 0xE271, 0xE292, 0xE2B3, 0xE2B4, 0xE2B5, 0xE2B6, 0xE2D6, 0xE2F7, 0xE318, 0xE339, 0xE35A, 0xE39A, 0xEBDB,
    0xE900, 0xE900, 0xE900, 0xE900, 0xE900, 0xE900, 0xE920, 0xE921, 0xE922, 0xE944, 0xE965, 0xE986, 0xE9A8, 0xE9C9, 0xEA0B, 0xEA4C,
    0xEA6E, 0xEA6F, 0xE290, 0xE291, 0xE292, 0xE2B3, 0xE2B4, 0xE2D5, 0xE2D6, 0xE2D7, 0xE2F8, 0xE339, 0xE339, 0xE35A, 0xE39A, 0xE3DB,
    0xE920, 0xE920, 0xE920, 0xE920, 0xE920, 0xE920, 0xE920, 0xE941, 0xE942, 0xE944, 0xE965, 0xE9A7, 0xE9C8, 0xE9E9, 0xEA2B, 0xEA6C,
    0xE28E, 0xE28F, 0xE290, 0xE291, 0xE2B2, 0xE2B3, 0xE2D4, 0xE2D5, 0xE2D6, 0xE2D7, 0xE318, 0xE339, 0xE339, 0xE35A, 0xE39B, 0xE3DB,
    0xE940, 0xE940, 0xE940, 0xE940, 0xE940, 0xE940, 0xE940, 0xE961, 0xE962, 0xE964, 0xE985, 0xE9A7, 0xE9C8, 0xE9E9, 0xEA2B, 0xE26C,
    0xE28E, 0xE2AF, 0xE290, 0xE2B1, 0xE2B2, 0xE2D3, 0xE2D4, 0xE2D5, 0xE2D6, 0xE2F7, 0xE318, 0xE338, 0xE359, 0xE37A, 0xE39A, 0xE3FB,
    0xE960, 0xE960, 0xE960, 0xE940, 0xE940, 0xE960, 0xE980, 0xE981, 0xE962, 0xE964, 0xE9A5, 0xE9C7, 0xE9E8, 0xE209, 0xEA0A, 0xE26C,
    0xE28E, 0xE2AF, 0xE2B0, 0xE2B1, 0xE2B2, 0xE2D3, 0xE2F4, 0xE2D5, 0xE2D6, 0xDAF6, 0xE318, 0xE338, 0xE359, 0xE37A, 0xE39A, 0xE3FB,
    0xE980, 0xE980, 0xE980, 0xE180, 0xE180, 0xE980, 0xE9A0, 0xE9A1, 0xE982, 0xE984, 0xE9C5, 0xE9E6, 0xE9E8, 0xE209, 0xE22A, 0xE26C,
    0xE2AE, 0xE2AF, 0xE2B0, 0xE2B1, 0xE2B2, 0xE2D3, 0xE2F4, 0xDAF5, 0xDAF5, 0xDAF6, 0xDB17, 0xDB38, 0xDB59, 0xE37A, 0xE3BA, 0xE3FB,
    0xE9E0, 0xE9E0, 0xE9C0, 0xE9C0, 0xE9C0, 0xE9E0, 0xE9E0, 0xE9E2, 0xEA03, 0xEA04, 0xEA26, 0xEA47, 0xEA69, 0xE28A, 0xE2AB, 0xE2ED,
    0xE30E, 0xE330, 0xE330, 0xE331, 0xE332, 0xE353, 0xDB54, 0xDB55, 0xDB56, 0xDB77, 0xDB78, 0xDB98, 0xDBB9, 0xE3DA, 0xE3FA, 0xE43B,
    0xEA20, 0xEA20, 0xEA20, 0xEA20, 0xEA20, 0xEA20, 0xEA21, 0xEA42, 0xEA44, 0xEA65, 0xEA87, 0xEAA8, 0xEAA9, 0xE2EB, 0xE30C, 0xE34E,
    0xE36F, 0xE370, 0xE391, 0xDB72, 0xE393, 0xDB94, 0xDBB5, 0xDBB5, 0xDBB6, 0xDBB7, 0xDBD8, 0xDBD8, 0xDBF9, 0xDBFA, 0xE41A, 0xE45B,
    0xEA60, 0xEA60, 0xEA60, 0xEA60, 0xEA60, 0xEA60, 0xEA81, 0xEA83, 0xEAA4, 0xEAA6, 0xEAC7, 0xE2C8, 0xE2EA, 0xE30B, 0xE32C, 0xE36E,
    0xDB8F, 0xDBB1, 0xDBB1, 0xDBB2, 0xDBB3, 0xDBD4, 0xDBD5, 0xDBD6, 0xDBD6, 0xDBF7, 0xDBF8, 0xDC18, 0xDC19, 0xDC1A, 0xE43A, 0xE47B,
    0xEAA0, 0xEAA0, 0xEAA0, 0xE2A0, 0xE2A0, 0xE2A1, 0xE2C2, 0xE2C4, 0xEAC5, 0xE2E6, 0xE308, 0xE329, 0xE32A, 0xE34B, 0xE36D, 0xE38E,
    0xDBD0, 0xDBF1, 0xDBF1, 0xDBF2, 0xDBF3, 0xDBF4, 0xDBF5, 0xDC16, 0xDC16, 0xDC17, 0xDC18, 0xDC38, 0xDC39, 0xDC5A, 0xE45A, 0xE49B,
    0xE2E0, 0xE2E0, 0xE2C0, 0xE2C0, 0xE2C0, 0xE2E2, 0xE303, 0xE304, 0xE305, 0xE306, 0xE328, 0xE349, 0xE36B, 0xE36C, 0xE38D, 0xE3AE,
    0xDBF0, 0xDC11, 0xDC12, 0xDC12, 0xDC13, 0xDC34, 0xD435, 0xDC36, 0xDC36, 0xD437, 0xD438, 0xDC58, 0xDC59, 0xDC5A, 0xDC7A, 0xE49B,
    0xE320, 0xE320, 0xE300, 0xE300, 0xE300, 0xE322, 0xE324, 0xE345, 0xE326, 0xE347, 0xE368, 0xE38A, 0xE38B, 0xE3AC, 0xDBAD, 0xDBCE,
    0xDC10, 0xDC31, 0xDC32, 0xDC32, 0xD433, 0xD454, 0xD455, 0xD456, 0xD456, 0xD457, 0xD478, 0xDC78, 0xDC79, 0xDC7A, 0xDC9A, 0xE4BB,
    0xE360, 0xE360, 0xE361, 0xE361, 0xE362, 0xE364, 0xE385, 0xE386, 0xE387, 0xE388, 0xE3A9, 0xDBCA, 0xDBEC, 0xDBEC, 0xDBED, 0xDC0F,
    0xDC30, 0xDC51, 0xD472, 0xD473, 0xD474, 0xD495, 0xD475, 0xD476, 0xD476, 0xD497, 0xD498, 0xD498, 0xDC99, 0xDCBA, 0xDCBA, 0xE4DB,
    0xE3C3, 0xE3C3, 0xE3C3, 0xE3C4, 0xE3C5, 0xE3E6, 0xE3E7, 0xE408, 0xE408, 0xE40A, 0xDC2B, 0xDC4C, 0xDC4D, 0xDC4E, 0xDC6F, 0xDC90,
    0xDC91, 0xDCB2, 0xD4B3, 0xD4D4, 0xD4D4, 0xD4D5, 0xD4D6, 0xD4D6, 0xD4D7, 0xD4D7, 0xD4D8, 0xD4D9, 0xDCD9, 0xDCDA, 0xDCFA, 0xE51B,
    0xE404, 0xDC25, 0xE425, 0xE426, 0xDC26, 0xDC27, 0xDC48, 0xDC49, 0xDC49, 0xDC6B, 0xDC6C, 0xDC8D, 0xDC8E, 0xDCAF, 0xDCB0, 0xDCB1,
    0xD4D1, 0xD4D2, 0xD4F3, 0xD4F4, 0xD4F4, 0xD4F5, 0xD4F6, 0xD4F6, 0xD4F7, 0xD4F7, 0xD4F8, 0xD4F9, 0xDCF9, 0xDCFA, 0xDD1A, 0xE51B,
    0xDC46, 0xDC46, 0xDC47, 0xDC47, 0xDC68, 0xDC68, 0xDC89, 0xDC8A, 0xDC8B, 0xDCAC, 0xDCAD, 0xDCCE, 0xD4CF, 0xD4D0, 0xD4D0, 0xD4F1,
    0xD4F2, 0xD4F3, 0xD4F3, 0xD514, 0xD514, 0xD515, 0xD516, 0xD516, 0xD517, 0xD517, 0xD518, 0xD519, 0xD519, 0xDD1A, 0xDD1A, 0xE53B,
    0xDC87, 0xDC87, 0xDC68, 0xDC88, 0xDC88, 0xDCA9, 0xDCAA, 0xDCAB, 0xD4CC, 0xD4CC, 0xD4EE, 0xD4EF, 0xD50F, 0xD510, 0xD511, 0xD512,
    0xD532, 0xD513, 0xD513, 0xD534, 0xD535, 0xD535, 0xD536, 0xD536, 0xD537, 0xD537, 0xD538, 0xD539, 0xD539, 0xDD3A, 0xDD3B, 0xE55B,
    0xDCA8, 0xDCA8, 0xDC88, 0xDC88, 0xDCA8, 0xD4CA, 0xD4CB, 0xD4CB, 0xD4EC, 0xD4ED, 0xD50E, 0xD52F, 0xD530, 0xD530, 0xD531, 0xD532,
    0xD553, 0xD533, 0xD533, 0xD534, 0xD555, 0xD555, 0xD556, 0xD556, 0xD557, 0xD557, 0xD558, 0xD559, 0xD559, 0xD55A, 0xDD5A, 0xDD7B,
    0xD4C9, 0xD4C9, 0xD4A9, 0xD4A9, 0xD4A9, 0xD4CA, 0xD4EB, 0xD4EC, 0xD4EC, 0xD50D, 0xD52E, 0xD52F, 0xCD50, 0xCD51, 0xCD51, 0xCD52,
    0xCD53, 0xCD53, 0xCD53, 0xCD54, 0xD555, 0xD556, 0xD556, 0xD557, 0xD557, 0xD557, 0xD558, 0xD579, 0xD579, 0xD57A, 0xDD7A, 0xDD9B,
    0xD50A, 0xD4EA, 0xD4EB, 0xD50B, 0xD50B, 0xD50C, 0xD52D, 0xD52D, 0xD52E, 0xD54F, 0xD550, 0xCD50, 0xCD71, 0xCD72, 0xCD92, 0xCD93,
    0xCD94, 0xCD94, 0xCD94, 0xCD95, 0xD595, 0xD596, 0xD596, 0xD597, 0xD597, 0xD598, 0xD598, 0xD599, 0xD599, 0xD59A, 0xDD9B, 0xDD9B,
    0xD52B, 0xD52C, 0xD52C, 0xD52C, 0xD52D, 0xD54D, 0xD54E, 0xD54E, 0xD54F, 0xD570, 0xD570, 0xCD71, 0xCD92, 0xCD92, 0xCDB3, 0xCDB4,
    0xCDB4, 0xCDB5, 0xCDD5, 0xCDB5, 0xD5B6, 0xD5B6, 0xD5B6, 0xD5B7, 0xD5B7, 0xD5B8, 0xD5B9, 0xD5B9, 0xD5BA, 0xD5BA, 0xDDBB, 0xDDBB,
    0xD54C, 0xD54D, 0xD54D, 0xD54D, 0xD54D, 0xD54E, 0xD54E, 0xCD6F, 0xCD6F, 0xCD70, 0xCD91, 0xCD91, 0xCDB2, 0xCDB2, 0xCDB3, 0xCDD4,
    0xCDD4, 0xCDD5, 0xCDD5, 0xCDD6, 0xCDD6, 0xCDD6, 0xD5D6, 0xD5D7, 0xD5D8, 0xD5D8, 0xD5D9, 0xD5D9, 0xD5DA, 0xD5DA, 0xDDDB, 0xDDDB,
    0xD56D, 0xD56D, 0xD56D, 0xD56D, 0xD56E, 0xD56E, 0xCD8F, 0xCD8F, 0xCD90, 0xCD90, 0xCDB1, 0xCDB2, 0xCDB2, 0xCDB3, 0xCDD3, 0xCDD4,
    0xCDD4, 0xCDF5, 0xCDF5, 0xCDF6, 0xCDF6, 0xCE17, 0xCDF7, 0xD5F7, 0xD5F8, 0xD5F8, 0xD5F9, 0xD5F9, 0xD5FA, 0xD5FA, 0xDDFB, 0xDDFB,
    0xCD6E, 0xCD6E, 0xCD6E, 0xCD8E, 0xCD8E, 0xCD8F, 0xCD8F, 0xCD90, 0xCD90, 0xCDB1, 0xCDB1, 0xCDB2, 0xCDD2, 0xCDD3, 0xCDD3, 0xCDD4,
    0xCDF4, 0xCDF5, 0xCDF5, 0xCE16, 0xCE16, 0xCE17, 0xCE17, 0xD617, 0xD618, 0xD618, 0xD619, 0xD619, 0xD61A, 0xD61A, 0xDE1B, 0xDE1B,
    0xCD8E, 0xCD8E, 0xCD8E, 0xCD8E, 0xCD8F, 0xCDAF, 0xCDB0, 0xCDB0, 0xCDB0, 0xCDB1, 0xCDD1, 0xCDD2, 0xCDD2, 0xCDD3, 0xCDD3, 0xCDF4,
    0xCDF4, 0xCDF5, 0xCE15, 0xCE16, 0xCE16, 0xCE17, 0xCE37, 0xCE37, 0xD638, 0xD638, 0xD639, 0xD639, 0xD63A, 0xD63A, 0xDE3B, 0xDE3B,
    0xCDAF, 0xCDCF, 0xCDCF, 0xCDCF, 0xCDAF, 0xCDD0, 0xCDD0, 0xC5D0, 0xC5D1, 0xC5D1, 0xC5F2, 0xCDF2, 0xCDF3, 0xCDF3, 0xCDF4, 0xCDF4,
    0xCE15, 0xCE15, 0xCE15, 0xCE36, 0xCE36, 0xCE37, 0xCE37, 0xCE58, 0xD658, 0xD659, 0xD659, 0xD659, 0xD65A, 0xD65A, 0xDE5B, 0xDE5B,
    0xC5F0, 0xC5F0, 0xC5F0, 0xC5F0, 0xC5F0, 0xC5F0, 0xC5F1, 0xC5F1, 0xC5F1, 0xC612, 0xC612, 0xC612, 0xC613, 0xC613, 0xC614, 0xCE14,
    0xCE15, 0xCE15, 0xCE35, 0xCE36, 0xCE36, 0xCE57, 0xCE57, 0xCE58, 0xD679, 0xD679, 0xD679, 0xD67A, 0xD67A, 0xDE7B, 0xDE7B, 0xDE9B,
    0xC610, 0xC610, 0xC610, 0xC610, 0xC611, 0xC611, 0xC611, 0xC611, 0xC612, 0xC632, 0xC632, 0xC632, 0xC633, 0xC633, 0xC634, 0xC634,
    0xC634, 0xC635, 0xC656, 0xCE56, 0xCE56, 0xCE57, 0xCE57, 0xCE58, 0xD678, 0xD699, 0xD699, 0xD69A, 0xD69A, 0xDE9B, 0xDE9B, 0xDEBC,
    0xBE31, 0xBE31, 0xBE31, 0xBE31, 0xBE31, 0xBE31, 0xBE31, 0xBE32, 0xBE32, 0xBE32, 0xBE32, 0xBE33, 0xBE33, 0xBE33, 0xBE33, 0xC654,
    0xC654, 0xC655, 0xC655, 0xC656, 0xC656, 0xC676, 0xCE77, 0xCE77, 0xCE78, 0xCE98, 0xD699, 0xD6BA, 0xD6BA, 0xDEBB, 0xDEBB, 0xDEDB,
    0xBE52, 0xBE52, 0xBE52, 0xBE52, 0xBE52, 0xBE52, 0xBE52, 0xBE52, 0xBE52, 0xBE53, 0xBE53, 0xBE53, 0xBE53, 0xBE53, 0xBE54, 0xBE54,
    0xBE54, 0xBE55, 0xBE75, 0xBE75, 0xC676, 0xC676, 0xC677, 0xC677, 0xC678, 0xCE98, 0xCE99, 0xCEB9, 0xD6BA, 0xDEDB, 0xDEDB, 0xDEDC,
    0xBE93, 0xBE93, 0xBE93, 0xBE73, 0xBE73, 0xBE93, 0xBE73, 0xBE73, 0xBE73, 0xBE74, 0xBE74, 0xBE94, 0xBE94, 0xBE94, 0xBE94, 0xBE95,
    0xBE95, 0xBE75, 0xBE95, 0xBE96, 0xBE96, 0xBE96, 0xBE97, 0xBE97, 0xC698, 0xC698, 0xC6B9, 0xC6B9, 0xD6DA, 0xD6DB, 0xDEFB, 0xDEFC,
    0xC6B5, 0xC6D5, 0xC6B4, 0xC6B4, 0xC6B5, 0xC6B5, 0xC6B5, 0xC6B5, 0xC6B5, 0xC6B5, 0xC6D5, 0xC6D5, 0xC6B5, 0xC6B6, 0xC6B6, 0xC6D6,
    0xC6D6, 0xC6B6, 0xC6B6, 0xBED6, 0xC6D7, 0xC6D7, 0xC6D7, 0xBED7, 0xBED8, 0xBED8, 0xBED8, 0xC6D9, 0xCEFA, 0xD6FB, 0xDF1C, 0xE71C,
    0xF120, 0xF120, 0xF120, 0xF120, 0xF120, 0xF120, 0xF140, 0xF141, 0xF142, 0xF164, 0xF185, 0xF1A6, 0xF1E8, 0xF209, 0xEA4B, 0xEA8D,
    0xEAAE, 0xEACF, 0xEAD0, 0xEAD1, 0xEAF2, 0xEB13, 0xE314, 0xE315, 0xE316, 0xE316, 0xE337, 0xE358, 0xE379, 0xE39A, 0xEBDA, 0xEBFB,
    0xF140, 0xF140, 0xF140, 0xF140, 0xF140, 0xF140, 0xF140, 0xF161, 0xF162, 0xF184, 0xF1A5, 0xF1C7, 0xF1E8, 0xEA29, 0xEA4B, 0xEAAD,
    0xEACE, 0xEACF, 0xEAD0, 0xEAD1, 0xEAF2, 0xE313, 0xE314, 0xE315, 0xE316, 0xE337, 0xE357, 0xE379, 0xE379, 0xE39A, 0xEBDA, 0xEC1B,
    0xF140, 0xF140, 0xF140, 0xF140, 0xF160, 0xF160, 0xF160, 0xF161, 0xF182, 0xF184, 0xF1A5, 0xF1E7, 0xF208, 0xF22A, 0xEA6B, 0xEAAD,
    0xEACE, 0xEAEF, 0xEAF0, 0xEAF1, 0xEAF2, 0xE313, 0xE314, 0xE335, 0xE336, 0xE337, 0xE357, 0xE378, 0xE379, 0xE39A, 0xEBDA, 0xEC1B,
    0xF160, 0xF160, 0xF160, 0xF160, 0xF160, 0xF180, 0xF180, 0xE981, 0xE982, 0xF184, 0xF1C5, 0xF1E7, 0xF208, 0xF22A, 0xEA6B, 0xEAAD,
    0xEAEE, 0xEAEF, 0xE2F0, 0xE2F1, 0xE312, 0xE313, 0xE334, 0xE335, 0xE336, 0xE336, 0xE357, 0xE378, 0xE379, 0xE39A, 0xE3DA, 0xEC1B,
    0xF180, 0xF180, 0xE980, 0xE980, 0xE980, 0xE9A0, 0xE9A0, 0xE9A1, 0xE9A2, 0xE9A4, 0xE9C5, 0xEA07, 0xEA28, 0xEA49, 0xEA4B, 0xEAAC,
    0xEAEE, 0xEB0F, 0xEAF0, 0xE2F1, 0xE312, 0xE313, 0xE334, 0xE335, 0xE336, 0xE336, 0xE357, 0xE378, 0xE399, 0xE3BA, 0xE3DA, 0xEC1B,
    0xE9C0, 0xE9A0, 0xE9A0, 0xE9A0, 0xE9A0, 0xE9A0, 0xE9C0, 0xE9C1, 0xE9C2, 0xE9C4, 0xE9E5, 0xEA06, 0xEA28, 0xEA49, 0xEA6B, 0xEAAC,
    0xEAEE, 0xE30F, 0xE2F0, 0xE2F1, 0xE312, 0xE333, 0xE334, 0xE335, 0xE336, 0xE356, 0xDB57, 0xE378, 0xE399, 0xE3B9, 0xE3DA, 0xEC1B,
    0xEA00, 0xEA00, 0xEA00, 0xEA00, 0xE9E0, 0xEA00, 0xEA00, 0xEA22, 0xEA23, 0xEA24, 0xEA46, 0xEA67, 0xEA89, 0xEAAA, 0xEACC, 0xEB0D,
    0xEB4F, 0xE370, 0xE371, 0xE371, 0xE372, 0xE393, 0xE394, 0xE395, 0xE396, 0xE397, 0xE3B7, 0xE3D8, 0xE3D9, 0xE3FA, 0xE41A, 0xEC5B,
    0xF240, 0xF240, 0xEA40, 0xEA40, 0xEA40, 0xEA40, 0xEA61, 0xEA63, 0xEA84, 0xEA85, 0xEAA7, 0xEAC8, 0xEACA, 0xEB0B, 0xEB2C, 0xEB6E,
    0xE38F, 0xE3B0, 0xE3B1, 0xE3B2, 0xE3D3, 0xE3D4, 0xE3F5, 0xE3D5, 0xE3F6, 0xDBF7, 0xDBF8, 0xE418, 0xE419, 0xE43A, 0xE45A, 0xEC7B,
    0xF260, 0xEA80, 0xEA80, 0xEA80, 0xEA80, 0xEA80, 0xEAA2, 0xEAA3, 0xEAA4, 0xEAC6, 0xEAE7, 0xEAE8, 0xEB0A, 0xEB2B, 0xEB4D, 0xE38E,
    0xE3D0, 0xE3F1, 0xE3F2, 0xE3F2, 0xE3F3, 0xE414, 0xDC15, 0xDC16, 0xDC16, 0xDC17, 0xDC18, 0xDC38, 0xE439, 0xE45A, 0xE45A, 0xEC9B,
    0xEAA0, 0xEAA0, 0xEAA0, 0xEAA0, 0xEAC0, 0xEAC1, 0xEAC3, 0xEAE4, 0xEAE5, 0xEB06, 0xEB28, 0xEB29, 0xEB4A, 0xEB6B, 0xE38D, 0xE3AE,
    0xE3F0, 0xE411, 0xE412, 0xE413, 0xDC13, 0xDC34, 0xDC35, 0xDC36, 0xDC36, 0xDC37, 0xDC38, 0xDC58, 0xDC59, 0xE47A, 0xE47A, 0xE49B,
    0xEAE0, 0xEB00, 0xEAE0, 0xEAE0, 0xEAE0, 0xEB02, 0xEB24, 0xEB24, 0xEB26, 0xEB27, 0xEB48, 0xEB69, 0xE38B, 0xE38C, 0xE38D, 0xE3CF,
    0xE410, 0xDC31, 0xDC32, 0xDC32, 0xDC53, 0xDC54, 0xDC55, 0xDC56, 0xDC56, 0xDC57, 0xDC77, 0xDC78, 0xDC79, 0xE47A, 0xE49A, 0xECBB,
    0xEB20, 0xEB20, 0xEB20, 0xEB20, 0xEB21, 0xEB43, 0xEB44, 0xEB45, 0xE346, 0xE347, 0xE388, 0xE3AA, 0xE3AB, 0xE3AC, 0xE3CD, 0xE3EE,
    0xE430, 0xDC31, 0xDC52, 0xDC52, 0xDC53, 0xDC74, 0xDC75, 0xDC76, 0xDC76, 0xDC77, 0xDC78, 0xDC98, 0xDC99, 0xDC9A, 0xE4BA, 0xE4DB,
    0xEB61, 0xEB61, 0xE381, 0xE382, 0xE383, 0xE384, 0xE3A5, 0xE3A6, 0xE3A7, 0xE3A8, 0xE3C9, 0xE3EB, 0xE3EC, 0xE40D, 0xE40E, 0xDC2F,
    0xDC50, 0xDC71, 0xDC72, 0xDC73, 0xDC94, 0xDC95, 0xDC95, 0xDC96, 0xDC96, 0xDC97, 0xDCB8, 0xDCB8, 0xDCB9, 0xDCBA, 0xE4DA, 0xE4FB,
    0xEBE3, 0xE3E4, 0xE3E4, 0xE3E5, 0xE3E5, 0xE3E6, 0xE407, 0xE408, 0xE409, 0xE42A, 0xE44B, 0xE46C, 0xE46D, 0xE46E, 0xE46F, 0xDC90,
    0xDCB1, 0xDCB2, 0xDCD3, 0xDCD4, 0xDCD4, 0xDCD5, 0xDCD6, 0xDCD6, 0xDCD7, 0xDCD7, 0xDCF8, 0xDCF8, 0xDCF9, 0xDCFA, 0xE4FA, 0xE51B,
    0xE425, 0xE425, 0xE426, 0xE426, 0xE447, 0xE448, 0xE448, 0xE449, 0xE46A, 0xE46B, 0xE48C, 0xE48D, 0xDCAE, 0xDCAF, 0xDCB0, 0xDCD1,
    0xDCD1, 0xDCD2, 0xDCF3, 0xDCF4, 0xDCF5, 0xDD15, 0xDCF6, 0xDD16, 0xDD17, 0xDD17, 0xDD18, 0xDCF9, 0xDCF9, 0xDD1A, 0xE51A, 0xE53B,
    0xE487, 0xE467, 0xE467, 0xE468, 0xE488, 0xE489, 0xE48A, 0xDCAA, 0xDCAB, 0xDCAC, 0xDCCD, 0xDCCE, 0xDCCF, 0xDCF0, 0xDCF0, 0xDCF1,
    0xDD12, 0xDD13, 0xDD13, 0xDD14, 0xDD15, 0xD535, 0xDD16, 0xD516, 0xD517, 0xDD18, 0xDD38, 0xDD19, 0xDD39, 0xDD3A, 0xE53B, 0xE53B,
    0xDCA8, 0xDCA8, 0xE488, 0xDCA9, 0xDCA9, 0xDCCA, 0xDCCB, 0xDCCB, 0xDCCC, 0xDCED, 0xDD0E, 0xDD0F, 0xD50F, 0xD510, 0xD511, 0xD532,
    0xD532, 0xD533, 0xDD33, 0xD534, 0xD535, 0xD535, 0xD536, 0xD536, 0xD537, 0xD538, 0xDD38, 0xDD59, 0xDD39, 0xDD3A, 0xE55B, 0xE55B,
    0xDCC9, 0xDCC9, 0xDCC9, 0xDCA9, 0xDCC9, 0xDCEB, 0xDCEC, 0xDCEC, 0xDCED, 0xD50D, 0xD52F, 0xD530, 0xD550, 0xD531, 0xD531, 0xD552,
    0xD553, 0xD553, 0xD553, 0xD554, 0xD555, 0xD555, 0xD556, 0xD556, 0xD557, 0xD557, 0xD558, 0xDD59, 0xDD59, 0xDD5A, 0xDD5A, 0xE57B,
    0xDCC9, 0xDCE9, 0xDCE9, 0xDCEA, 0xDCEA, 0xDCEB, 0xDD0C, 0xDD0C, 0xD50D, 0xD52E, 0xD52F, 0xD550, 0xD551, 0xD551, 0xD551, 0xD572,
    0xD573, 0xD573, 0xD573, 0xD554, 0xD555, 0xD576, 0xD576, 0xD556, 0xD577, 0xD578, 0xD578, 0xD579, 0xDD79, 0xDD7A, 0xE57A, 0xE59B,
    0xD52B, 0xDD0B, 0xDD2B, 0xDD2C, 0xD52C, 0xD52D, 0xDD2D, 0xD54E, 0xD54E, 0xD54F, 0xD570, 0xD571, 0xD591, 0xD592, 0xD593, 0xD593,
    0xD5B4, 0xD5B4, 0xD5B4, 0xD595, 0xD595, 0xD596, 0xD596, 0xD597, 0xD597, 0xD598, 0xD598, 0xDD99, 0xDD99, 0xDD9A, 0xDDBB, 0xE5BB,
    0xD54C, 0xD54C, 0xDD4D, 0xD54D, 0xD54D, 0xD54E, 0xD54E, 0xD56F, 0xD56F, 0xD570, 0xD591, 0xD592, 0xD5B2, 0xD5B2, 0xD5B3, 0xD5D4,
    0xD5D4, 0xD5D5, 0xD5D5, 0xD5D5, 0xD5D6, 0xD5B6, 0xD5B6, 0xD5B7, 0xD5B7, 0xD5B8, 0xD5B9, 0xDDB9, 0xDDBA, 0xDDBA, 0xDDDB, 0xE5DB,
    0xD56D, 0xD56D, 0xD56D, 0xD56D, 0xD56E, 0xD56F, 0xD56F, 0xD590, 0xD590, 0xD591, 0xD5B1, 0xD5B2, 0xD5B2, 0xD5D3, 0xD5D3, 0xD5D4,
    0xD5D4, 0xD5F5, 0xD5F5, 0xD5F6, 0xD5F6, 0xD5F6, 0xD5D6, 0xD5D7, 0xD5D8, 0xD5D8, 0xDDD9, 0xDDD9, 0xDDDA, 0xDDDA, 0xDDDB, 0xE5FB,
    0xD56E, 0xD58E, 0xD58E, 0xD58E, 0xD58F, 0xD58F, 0xD590, 0xD5B0, 0xD5B1, 0xD5B1, 0xD5B1, 0xD5D2, 0xD5D3, 0xD5D3, 0xD5D4, 0xD5F4,
    0xD5F4, 0xCDF5, 0xD615, 0xD616, 0xD616, 0xD616, 0xD617, 0xD5F7, 0xD5F8, 0xDDF8, 0xDDF9, 0xDDF9, 0xDDFA, 0xDDFA, 0xDDFB, 0xE5FB,
    0xD58F, 0xD58F, 0xD58F, 0xD58F, 0xD5AF, 0xD5B0, 0xD5B0, 0xD5B0, 0xD5B1, 0xCDB1, 0xD5D2, 0xD5D2, 0xD5D3, 0xCDD3, 0xCDF4, 0xD5F4,
    0xD5F4, 0xD5F5, 0xD615, 0xD616, 0xD616, 0xD637, 0xD637, 0xD617, 0xD618, 0xDE18, 0xDE19, 0xDE19, 0xDE1A, 0xDE1A, 0xDE1B, 0xE61B,
    0xD5AF, 0xD5AF, 0xD5B0, 0xD5B0, 0xD5B0, 0xD5B0, 0xD5D1, 0xD5D1, 0xCDD1, 0xCDD2, 0xCDD2, 0xCDD2, 0xCDD3, 0xCDF3, 0xCDF4, 0xCDF4,
    0xD615, 0xD615, 0xD615, 0xD616, 0xD636, 0xD637, 0xD637, 0xD637, 0xD638, 0xD638, 0xDE39, 0xDE39, 0xDE3A, 0xDE3A, 0xDE3B, 0xE63B,
    0xD5D0, 0xCDD0, 0xCDD0, 0xCDD0, 0xCDD0, 0xCDD1, 0xCDD1, 0xCDD1, 0xCDF2, 0xCDF2, 0xCDF3, 0xCDF3, 0xCDF3, 0xCDF4, 0xCE14, 0xD615,
    0xD615, 0xD615, 0xD636, 0xD636, 0xD636, 0xD637, 0xD657, 0xD658, 0xD658, 0xD659, 0xDE59, 0xDE59, 0xDE5A, 0xDE5A, 0xDE5B, 0xDE7B,
    0xCE11, 0xCE11, 0xCE11, 0xCE11, 0xCE11, 0xCE11, 0xCE12, 0xCE12, 0xCE12, 0xCE13, 0xCE13, 0xCE13, 0xCE14, 0xCE14, 0xD635, 0xD635,
    0xD635, 0xCE36, 0xD636, 0xD656, 0xD657, 0xD657, 0xD677, 0xD678, 0xD679, 0xDE79, 0xDE79, 0xDE7A, 0xDE7A, 0xDE7B, 0xDE9B, 0xDE9C,
    0xCE11, 0xCE31, 0xCE31, 0xCE31, 0xCE31, 0xCE32, 0xCE32, 0xCE32, 0xCE33, 0xCE33, 0xCE33, 0xCE33, 0xCE33, 0xCE33, 0xCE34, 0xCE55,
    0xCE55, 0xCE55, 0xCE56, 0xD656, 0xD657, 0xD677, 0xD678, 0xD678, 0xD679, 0xDE99, 0xDE99, 0xDE9A, 0xDE9A, 0xDE9B, 0xDEBB, 0xDEBC,
    0xC652, 0xC652, 0xC652, 0xC652, 0xCE52, 0xCE32, 0xCE52, 0xC653, 0xCE33, 0xCE53, 0xCE53, 0xCE53, 0xCE54, 0xCE54, 0xCE54, 0xCE55,
    0xCE75, 0xCE75, 0xCE76, 0xCE76, 0xD677, 0xD677, 0xD697, 0xD678, 0xD698, 0xD699, 0xDEB9, 0xDEBA, 0xDEBA, 0xDEBB, 0xDEBB, 0xE6DB,
    0xC672, 0xC672, 0xC672, 0xC673, 0xC673, 0xC673, 0xC673, 0xC673, 0xC653, 0xCE73, 0xCE74, 0xCE74, 0xC674, 0xC674, 0xCE74, 0xCE75,
    0xCE75, 0xCE75, 0xCE76, 0xCE76, 0xCE96, 0xCE97, 0xD697, 0xD698, 0xD698, 0xD6B9, 0xD6B9, 0xDEDA, 0xDEDA, 0xDEDB, 0xDEDB, 0xE6FB,
    0xCE93, 0xC693, 0xC693, 0xC694, 0xC694, 0xC694, 0xC694, 0xC694, 0xC694, 0xCE94, 0xCE95, 0xCE95, 0xCE95, 0xCE95, 0xCE95, 0xCE95,
    0xCE95, 0xCE96, 0xCE96, 0xCEB6, 0xCEB6, 0xCEB7, 0xCEB7, 0xCEB8, 0xCEB8, 0xD6B9, 0xD6D9, 0xD6DA, 0xD6DA, 0xDEFB, 0xDEFB, 0xE6FC,
    0xCED5, 0xCED5, 0xCED5, 0xCED5, 0xCED5, 0xCED5, 0xCED5, 0xCED5, 0xCED5, 0xCED6, 0xCED6, 0xCED6, 0xCED6, 0xCED6, 0xCED6, 0xCED6,
    0xCED6, 0xCED6, 0xCED7, 0xCED7, 0xCED7, 0xD6D8, 0xCEF8, 0xCEF8, 0xCEF9, 0xD6F9, 0xD6F9, 0xD6FA, 0xD6FA, 0xDEFB, 0xE71C, 0xE71C,
    0xF140, 0xF140, 0xF160, 0xF160, 0xF160, 0xF160, 0xF180, 0xF180, 0xF182, 0xF1A4, 0xF1C5, 0xF1E7, 0xF228, 0xF24A, 0xF28B, 0xF2CD,
    0xEB0E, 0xEB10, 0xEB30, 0xEB32, 0xEB33, 0xEB54, 0xEB54, 0xEB55, 0xEB76, 0xE376, 0xE397, 0xE3B9, 0xEBB9, 0xEBDA, 0xEBFA, 0xEC3B,
    0xF160, 0xF160, 0xF160, 0xF180, 0xF180, 0xF180, 0xF180, 0xF1A1, 0xF1A2, 0xF1A4, 0xF1C5, 0xF207, 0xF228, 0xF26A, 0xF2AB, 0xF2CD,
    0xEB0E, 0xEB30, 0xEB30, 0xEB31, 0xEB52, 0xEB53, 0xEB54, 0xEB55, 0xEB76, 0xE376, 0xE397, 0xEBB8, 0xEBB9, 0xEBDA, 0xEC1A, 0xF43B,
    0xF180, 0xF180, 0xF180, 0xF180, 0xF180, 0xF1A0, 0xF1A0, 0xF1A1, 0xF1A2, 0xF1C4, 0xF1E5, 0xF207, 0xF248, 0xF26A, 0xF2AB, 0xEAED,
    0xEB2F, 0xEB50, 0xEB31, 0xEB31, 0xEB52, 0xEB53, 0xE374, 0xEB75, 0xEB76, 0xE396, 0xE397, 0xE398, 0xEBB9, 0xEBDA, 0xEBFA, 0xF43B,
    0xF1A0, 0xF1A0, 0xF1A0, 0xF1A0, 0xF1A0, 0xF1A0, 0xF1C0, 0xF1C1, 0xF1C2, 0xF1C4, 0xF205, 0xF227, 0xF248, 0xF26A, 0xF2AB, 0xEAED,
    0xEB2E, 0xEB50, 0xEB31, 0xEB31, 0xEB52, 0xEB73, 0xE374, 0xE375, 0xE376, 0xE396, 0xE397, 0xE3B8, 0xE3D9, 0xEBDA, 0xEC1A, 0xEC3B,
    0xF1C0, 0xF1C0, 0xF1C0, 0xF1A0, 0xF1A0, 0xF1C0, 0xF1E0, 0xF1E1, 0xF1E3, 0xF1E4, 0xF205, 0xF227, 0xF268, 0xF26A, 0xEA8B, 0xEAED,
    0xEB2E, 0xEB50, 0xEB51, 0xEB51, 0xEB52, 0xEB73, 0xE394, 0xE375, 0xE376, 0xE396, 0xE3B7, 0xE3B8, 0xE3D9, 0xEBFA, 0xEC1A, 0xEC3B,
    0xF1E0, 0xF1C0, 0xF1C0, 0xF1C0, 0xF1C0, 0xF1C0, 0xF1E0, 0xF1E1, 0xF1E2, 0xF1E4, 0xF205, 0xF227, 0xF248, 0xEA69, 0xEA8B, 0xEACC,
    0xEB0E, 0xEB4F, 0xEB30, 0xE331, 0xEB52, 0xEB73, 0xE374, 0xE375, 0xE376, 0xE396, 0xE397, 0xE3B8, 0xE3D9, 0xE3FA, 0xEC1A, 0xEC5B,
    0xF220, 0xF220, 0xF220, 0xF220, 0xF220, 0xF220, 0xF241, 0xF242, 0xF243, 0xF244, 0xF266, 0xF288, 0xF2A9, 0xF2CA, 0xEAEC, 0xEB2D,
    0xEB6F, 0xE3B0, 0xEBB1, 0xE3B2, 0xE3B3, 0xE3D4, 0xE3D4, 0xE3D5, 0xE3D6, 0xE3D7, 0xE3F7, 0xE3F8, 0xE419, 0xE41A, 0xEC5A, 0xEC7B,
    0xF260, 0xF260, 0xF260, 0xF260, 0xF260, 0xF280, 0xF281, 0xF283, 0xF2A4, 0xF2A5, 0xF2C7, 0xF2E8, 0xEB0A, 0xF32B, 0xEB4D, 0xEB8E,
    0xEBD0, 0xE3F1, 0xEBF2, 0xE3F3, 0xE414, 0xE414, 0xE415, 0xE416, 0xE416, 0xE417, 0xE437, 0xE438, 0xE439, 0xE45A, 0xEC7B, 0xEC9B,
    0xF2A0, 0xF2A0, 0xF2A0, 0xF2A0, 0xF2A0, 0xF2A1, 0xF2C2, 0xF2C4, 0xF2C4, 0xEAE6, 0xEB07, 0xEB29, 0xEB2A, 0xEB4B, 0xEB6D, 0xEBAF,
    0xE3F0, 0xE411, 0xE412, 0xE433, 0xE434, 0xE435, 0xE435, 0xE436, 0xE436, 0xE437, 0xE457, 0xE458, 0xE459, 0xE47A, 0xEC7B, 0xECBB,
    0xF2C0, 0xF2C0, 0xF2C0, 0xF2C0, 0xF2C0, 0xF2E2, 0xF303, 0xF304, 0xEB05, 0xEB26, 0xEB48, 0xEB69, 0xEB6B, 0xEB8C, 0xEBAD, 0xEBCF,
    0xEC10, 0xE431, 0xE432, 0xE453, 0xE454, 0xE455, 0xE455, 0xE456, 0xE456, 0xE457, 0xE478, 0xE478, 0xE479, 0xE47A, 0xEC9A, 0xECBB,
    0xEB00, 0xEB00, 0xEB00, 0xF300, 0xEB00, 0xF323, 0xF344, 0xEB45, 0xEB46, 0xEB47, 0xEB68, 0xEB8A, 0xEBAB, 0xEBAC, 0xEBAD, 0xEBEF,
    0xE430, 0xE451, 0xE452, 0xE473, 0xE474, 0xE474, 0xE475, 0xE476, 0xDC76, 0xDC77, 0xDC98, 0xE498, 0xE499, 0xE49A, 0xE4BA, 0xECDB,
    0xEB40, 0xEB40, 0xEB40, 0xEB41, 0xEB41, 0xEB63, 0xEB64, 0xEB65, 0xEB66, 0xEB67, 0xEBA9, 0xEBCA, 0xEBCB, 0xE3CC, 0xE3CD, 0xE40F,
    0xE430, 0xE451, 0xDC72, 0xDC73, 0xDC74, 0xDC94, 0xDC95, 0xDC96, 0xDC96, 0xDC97, 0xDC98, 0xDC98, 0xE499, 0xE4BA, 0xE4BA, 0xECFB,
    0xEB81, 0xEB81, 0xEB82, 0xEB82, 0xEB83, 0xEBA4, 0xEBA5, 0xEBA6, 0xEBC7, 0xE3C8, 0xEBEA, 0xE40B, 0xE40C, 0xE40D, 0xE40E, 0xE42F,
    0xE450, 0xE471, 0xDC92, 0xDC93, 0xDCB4, 0xDCB5, 0xDCB5, 0xDCB6, 0xDCB6, 0xDCB7, 0xDCB8, 0xDCB8, 0xE4B9, 0xE4DA, 0xE4DA, 0xECFB,
    0xEC04, 0xEC04, 0xEC05, 0xEC05, 0xEC06, 0xEC07, 0xEC28, 0xEC28, 0xEC29, 0xEC4A, 0xE46B, 0xE46C, 0xE46D, 0xE48E, 0xE48F, 0xE490,
    0xE4B1, 0xE4D2, 0xDCF3, 0xDCF4, 0xE4F4, 0xE4F5, 0xDCF6, 0xDCF6, 0xDCF7, 0xDCF8, 0xDCF8, 0xDCF8, 0xE4F9, 0xE51A, 0xED1B, 0xED3B,
    0xEC46, 0xEC46, 0xEC46, 0xEC47, 0xEC47, 0xEC48, 0xEC69, 0xE469, 0xE46A, 0xE48B, 0xE48C, 0xE4AD, 0xE4AE, 0xE4CF, 0xE4D0, 0xE4D1,
    0xE4F1, 0xE4F2, 0xDCF3, 0xDD14, 0xDD15, 0xDD15, 0xDD16, 0xDD16, 0xDD17, 0xDD17, 0xDD18, 0xDD19, 0xDD19, 0xE51A, 0xE53A, 0xED3B,
    0xE487, 0xE487, 0xE488, 0xEC88, 0xE489, 0xE4AA, 0xE4AA, 0xE4AB, 0xE4AC, 0xE4CC, 0xE4CD, 0xE4CE, 0xDCEF, 0xE4F0, 0xE511, 0xDD11,
    0xDD12, 0xDD12, 0xDD13, 0xDD14, 0xDD35, 0xDD35, 0xDD36, 0xDD36, 0xDD37, 0xDD38, 0xDD38, 0xDD39, 0xDD39, 0xE53A, 0xE53A, 0xED5B,
    0xE4C9, 0xE4C9, 0xE4C9, 0xE4C9, 0xE4CA, 0xE4EB, 0xE4EB, 0xE4EC, 0xDCED, 0xDCED, 0xDD0E, 0xDD0F, 0xDD30, 0xDD30, 0xDD31, 0xDD32,
    0xDD32, 0xDD33, 0xDD33, 0xDD34, 0xDD35, 0xDD55, 0xDD56, 0xDD56, 0xDD37, 0xDD58, 0xDD58, 0xDD59, 0xDD59, 0xE55A, 0xE55A, 0xE55B,
    0xE4EA, 0xE4EA, 0xE4EA, 0xE4EA, 0xE4EA, 0xE50B, 0xDD0C, 0xDD0D, 0xDD2D, 0xDD2E, 0xDD4F, 0xDD50, 0xDD50, 0xDD51, 0xDD51, 0xDD52,
    0xDD53, 0xDD53, 0xDD53, 0xDD54, 0xDD55, 0xDD55, 0xDD56, 0xDD76, 0xDD57, 0xDD58, 0xDD58, 0xDD58, 0xDD59, 0xE55A, 0xE57A, 0xE57A,
    0xDD0A, 0xDD0A, 0xDD0A, 0xDD0A, 0xDD0B, 0xDD0C, 0xDD2C, 0xDD2D, 0xDD2E, 0xDD4E, 0xDD4F, 0xD570, 0xD571, 0xD571, 0xD572, 0xD572,
    0xD573, 0xD573, 0xDD74, 0xDD74, 0xDD75, 0xDD75, 0xDD76, 0xDD76, 0xDD77, 0xDD78, 0xDD78, 0xDD79, 0xDD79, 0xDD7A, 0xE59A, 0xED9B,
    0xDD4C, 0xDD4C, 0xDD4C, 0xDD4D, 0xDD4D, 0xDD4D, 0xDD4E, 0xDD4F, 0xDD6F, 0xDD70, 0xD591, 0xD591, 0xD592, 0xD5B2, 0xD5B3, 0xD5B3,
    0xD5B4, 0xDDB4, 0xDD94, 0xDD95, 0xDD95, 0xDD96, 0xDDB6, 0xDD97, 0xDD97, 0xDD98, 0xDD98, 0xDD99, 0xDD99, 0xDDBA, 0xE5BB, 0xEDBB,
    0xDD6D, 0xDD6D, 0xDD6D, 0xDD6E, 0xDD6E, 0xDD6E, 0xDD6F, 0xDD90, 0xDD90, 0xDD91, 0xD5B1, 0xD5B2, 0xD5B3, 0xD5D3, 0xD5D3, 0xD5D4,
    0xD5D4, 0xDDD5, 0xDDD5, 0xDDD5, 0xDDD6, 0xDDD6, 0xDDB6, 0xDDB7, 0xDDB8, 0xDDB8, 0xDDD8, 0xDDB9, 0xDDB9, 0xDDDA, 0xE5DB, 0xEDDB,
    0xDD8E, 0xDD8E, 0xDD8E, 0xDD8E, 0xDD8F, 0xDD8F, 0xD590, 0xDDB0, 0xDDB1, 0xD5B1, 0xD5D2, 0xD5D2, 0xD5D3, 0xD5D3, 0xD5D4, 0xD5F4,
    0xD5F4, 0xD5F5, 0xD5F6, 0xD5F6, 0xDDF6, 0xDDF6, 0xDDD7, 0xDDD7, 0xDDD8, 0xDDD8, 0xDDF8, 0xDDD9, 0xDDDA, 0xDDDA, 0xE5DA, 0xEDFB,
    0xDDAF, 0xDDAF, 0xDDAF, 0xDDB0, 0xD590, 0xD5B0, 0xD5B1, 0xD5B1, 0xDDB1, 0xD5D2, 0xD5D2, 0xD5D3, 0xD5F3, 0xD5D3, 0xD5F4, 0xD614,
    0xD614, 0xD5F5, 0xD616, 0xD616, 0xD616, 0xDE16, 0xDE17, 0xDDF7, 0xDE18, 0xDE18, 0xDDF9, 0xDDF9, 0xDDFA, 0xDE1A, 0xE61A, 0xEE1B,
    0xDDB0, 0xD5B0, 0xD5B0, 0xD5B0, 0xD5B0, 0xD5D1, 0xD5D1, 0xD5D1, 0xD5D1, 0xD5D2, 0xD5D2, 0xD5F3, 0xD5F3, 0xD5F3, 0xD5F4, 0xD614,
    0xD615, 0xD615, 0xD636, 0xD636, 0xD636, 0xD636, 0xDE37, 0xDE37, 0xDE18, 0xDE18, 0xDE19, 0xE619, 0xDE1A, 0xE61A, 0xE63B, 0xE63B,
    0xD5D0, 0xD5D0, 0xD5D1, 0xD5D1, 0xD5D1, 0xD5D1, 0xD5D1, 0xD5D2, 0xD5D2, 0xD5F2, 0xD5F3, 0xD5F3, 0xD5F3, 0xD5F4, 0xD614, 0xD615,
    0xD615, 0xD635, 0xD636, 0xD636, 0xD636, 0xD657, 0xDE57, 0xDE57, 0xDE58, 0xDE38, 0xDE39, 0xDE39, 0xE63A, 0xE63A, 0xE63B, 0xE65B,
    0xD5F1, 0xD5F1, 0xD5F1, 0xD5F1, 0xD5F1, 0xD5F2, 0xD5F2, 0xD5F2, 0xD5F2, 0xD5F3, 0xD613, 0xD614, 0xD614, 0xD614, 0xD615, 0xD635,
    0xD635, 0xD635, 0xD636, 0xD636, 0xD657, 0xDE57, 0xDE57, 0xDE58, 0xDE58, 0xDE59, 0xDE59, 0xDE5A, 0xE65A, 0xE65A, 0xE65B, 0xE67B,
    0xD612, 0xD612, 0xD612, 0xD612, 0xD612, 0xD612, 0xD612, 0xD613, 0xD613, 0xD613, 0xD634, 0xD634, 0xD634, 0xD635, 0xD635, 0xD655,
    0xD655, 0xD656, 0xD656, 0xD656, 0xDE57, 0xDE77, 0xDE78, 0xDE78, 0xDE78, 0xDE79, 0xDE79, 0xE67A, 0xE67A, 0xE67A, 0xE69B, 0xE69C,
    0xD632, 0xD632, 0xD632, 0xD632, 0xD632, 0xD632, 0xD632, 0xD633, 0xD633, 0xD633, 0xD634, 0xD634, 0xD634, 0xD654, 0xD655, 0xD655,
    0xD656, 0xD656, 0xD676, 0xDE56, 0xDE77, 0xDE77, 0xDE78, 0xDE98, 0xDE99, 0xDE99, 0xDE9A, 0xE69A, 0xE69A, 0xE6BB, 0xE6BB, 0xE6BC,
    0xD653, 0xD653, 0xD653, 0xD653, 0xD653, 0xD653, 0xD653, 0xCE53, 0xCE53, 0xD673, 0xD654, 0xD654, 0xD674, 0xD674, 0xD675, 0xD675,
    0xD676, 0xD676, 0xD676, 0xD676, 0xDE77, 0xDE98, 0xDE98, 0xDE98, 0xDE99, 0xDEB9, 0xE6BA, 0xE6BA, 0xE6BA, 0xE6DB, 0xE6DB, 0xE6DB,
    0xD693, 0xD673, 0xD673, 0xD673, 0xD673, 0xD693, 0xCE93, 0xCE73, 0xCE74, 0xCE94, 0xCE94, 0xD695, 0xD695, 0xD675, 0xD675, 0xD695,
    0xD696, 0xD696, 0xD696, 0xD696, 0xDE97, 0xDE98, 0xDE98, 0xDEB8, 0xDEB9, 0xDEB9, 0xE6BA, 0xE6DA, 0xE6DA, 0xE6DB, 0xE6FB, 0xE6FB,
    0xD6B4, 0xD6B4, 0xD6B4, 0xD694, 0xD694, 0xD6B4, 0xD6B4, 0xD6B4, 0xD6B5, 0xD6B5, 0xD6B5, 0xD6B5, 0xD6B5, 0xD695, 0xD6B6, 0xD6B6,
    0xD6B6, 0xD6B6, 0xD6B6, 0xD6B7, 0xDEB7, 0xDEB8, 0xDED8, 0xDED8, 0xDED9, 0xDED9, 0xDEDA, 0xDEFA, 0xDEFA, 0xE6FB, 0xE6FB, 0xE6FB,
    0xD6F6, 0xD6D6, 0xD6D6, 0xD6D6, 0xD6D6, 0xD6D6, 0xD6D6, 0xD6D6, 0xD6F6, 0xD6F6, 0xD6D6, 0xD6D6, 0xD6D6, 0xD6D6, 0xD6F7, 0xD6F7,
    0xD6F7, 0xD6D7, 0xDEF7, 0xDEF8, 0xDEF8, 0xDEF8, 0xDEF8, 0xDEF8, 0xDEF9, 0xDEF9, 0xE6FA, 0xDEFA, 0xDF1B, 0xE71B, 0xE71C, 0xE71C,
};
