/**
 * lut_custom_kodak_vision3_500t_5219_c41_vs.h
 * Custom LUT from 'Kodak Vision3 500T 5219 (C41)_VS.cube'
 *
 * Auto-generated by tools/generate_luts.py — DO NOT EDIT
 * 32768 entries × 2 bytes = 64 KB, stored in Flash (.rodata)
 */
#pragma once
#include <stdint.h>

static const uint16_t LUT_CUSTOM_KODAK_VISION3_500T_5219_C41_VS[32768] = {
    0x0841, 0x0841, 0x0842, 0x0843, 0x0844, 0x0864, 0x0864, 0x1065, 0x1066, 0x1086, 0x1087, 0x1087, 0x1088, 0x1089, 0x1889, 0x188A,
    0x188A, 0x18AA, 0x18AB, 0x18AB, 0x18AB, 0x18AB, 0x18CC, 0x20CC, 0x210E, 0x212F, 0x2970, 0x2990, 0x29B0, 0x29B0, 0x29D0, 0x29F0,
    0x0861, 0x0861, 0x0862, 0x0863, 0x0864, 0x0864, 0x0865, 0x1086, 0x1086, 0x1087, 0x1087, 0x1088, 0x1088, 0x1089, 0x1889, 0x18AA,
    0x18AA, 0x18AA, 0x18AB, 0x18AB, 0x18AB, 0x18AB, 0x20CC, 0x20ED, 0x210E, 0x214F, 0x2990, 0x29D0, 0x29D0, 0x29D0, 0x29F0, 0x2A10,
    0x0881, 0x0881, 0x0881, 0x0883, 0x0884, 0x0884, 0x0885, 0x1086, 0x1087, 0x1087, 0x1087, 0x1088, 0x1088, 0x1089, 0x1089, 0x18AA,
    0x18AB, 0x18AB, 0x18AB, 0x18AB, 0x18AB, 0x18AB, 0x20CC, 0x20ED, 0x212E, 0x216F, 0x29AF, 0x29F0, 0x2A10, 0x2A10, 0x2A10, 0x2A10,
    0x08C1, 0x08C1, 0x08A1, 0x08A2, 0x08A3, 0x08A4, 0x08A5, 0x10A6, 0x10A7, 0x10A7, 0x1088, 0x1088, 0x1088, 0x1089, 0x1089, 0x18AA,
    0x18AA, 0x18AB, 0x18AB, 0x18AB, 0x18AB, 0x18CB, 0x20CC, 0x20ED, 0x214E, 0x298F, 0x29CF, 0x2A30, 0x3230, 0x3250, 0x3250, 0x3250,
    0x0901, 0x08E1, 0x08E1, 0x08E2, 0x08C3, 0x08C4, 0x10C4, 0x10C5, 0x10C6, 0x10A7, 0x10A8, 0x10A8, 0x1088, 0x1089, 0x1889, 0x18AA,
    0x18AA, 0x18AB, 0x18AB, 0x18AB, 0x18AB, 0x20CC, 0x20ED, 0x210E, 0x214E, 0x29AF, 0x2A0F, 0x3250, 0x3270, 0x3270, 0x3290, 0x3290,
    0x1122, 0x1121, 0x1121, 0x1122, 0x1103, 0x1103, 0x10E4, 0x10E5, 0x10E6, 0x10E7, 0x10C8, 0x10C8, 0x10A9, 0x10A9, 0x10AA, 0x18AA,
    0x18AA, 0x18AB, 0x18AB, 0x18AB, 0x18AB, 0x20CC, 0x20ED, 0x210E, 0x216F, 0x29CF, 0x2A2F, 0x3270, 0x3270, 0x3290, 0x3290, 0x32B0,
    0x1162, 0x1162, 0x1162, 0x1142, 0x1143, 0x1143, 0x1124, 0x1125, 0x1126, 0x1107, 0x10E8, 0x10E9, 0x10C9, 0x10AA, 0x10AA, 0x18AA,
    0x18AA, 0x18AB, 0x18AB, 0x18AB, 0x18CC, 0x20CC, 0x20ED, 0x212E, 0x218F, 0x29EF, 0x2A4F, 0x3290, 0x3290, 0x32B0, 0x32B0, 0x32D0,
    0x19A2, 0x11A2, 0x11A2, 0x1182, 0x1183, 0x1184, 0x1164, 0x1965, 0x1966, 0x1947, 0x1927, 0x1908, 0x1909, 0x18EA, 0x18CB, 0x18AB,
    0x18AB, 0x18AB, 0x18AB, 0x18AB, 0x18CC, 0x20ED, 0x210E, 0x214E, 0x21AF, 0x2A0F, 0x2A4F, 0x32B0, 0x32B0, 0x32D0, 0x32D0, 0x32D0,
    0x19E3, 0x19E3, 0x19E3, 0x19C3, 0x19C3, 0x19C4, 0x19C4, 0x19A5, 0x19A6, 0x1987, 0x1967, 0x1948, 0x1929, 0x190A, 0x18EB, 0x18CB,
    0x18CB, 0x18AB, 0x18AB, 0x18CB, 0x18CC, 0x18ED, 0x212E, 0x216E, 0x29CF, 0x2A2F, 0x326F, 0x32B0, 0x32D0, 0x3AF0, 0x3AF0, 0x3AF0,
    0x1A03, 0x1A03, 0x1A03, 0x1A03, 0x1A03, 0x1A03, 0x1A04, 0x1A05, 0x19E6, 0x19E7, 0x19C7, 0x19A8, 0x1989, 0x196A, 0x192B, 0x18EC,
    0x18CC, 0x18CB, 0x18AB, 0x18CB, 0x18CC, 0x18ED, 0x212E, 0x218E, 0x29EF, 0x2A4F, 0x3290, 0x32D0, 0x32F0, 0x3AF0, 0x3B10, 0x3B30,
    0x2243, 0x2243, 0x2243, 0x1A43, 0x1A43, 0x1A43, 0x1A44, 0x2245, 0x2246, 0x2227, 0x2208, 0x21E8, 0x21E9, 0x21AA, 0x196B, 0x192C,
    0x190C, 0x18CC, 0x18CC, 0x18CC, 0x18CC, 0x18ED, 0x214E, 0x21AE, 0x2A0F, 0x326F, 0x32B0, 0x32F0, 0x3B10, 0x3B10, 0x3B30, 0x3B51,
    0x2284, 0x2284, 0x2284, 0x2284, 0x2284, 0x2284, 0x2264, 0x2265, 0x2265, 0x2267, 0x2248, 0x2248, 0x2229, 0x220A, 0x21CB, 0x21AC,
    0x216C, 0x192D, 0x18ED, 0x18ED, 0x18ED, 0x210E, 0x216E, 0x21CE, 0x2A2F, 0x328F, 0x32D0, 0x3B10, 0x3B30, 0x3B30, 0x3B51, 0x4371,
    0x22C4, 0x22C4, 0x22C4, 0x22A4, 0x22A4, 0x22A4, 0x22A4, 0x22A4, 0x22A5, 0x22A6, 0x22A8, 0x2288, 0x2269, 0x224A, 0x222B, 0x220C,
    0x21CC, 0x216D, 0x214D, 0x210D, 0x210D, 0x212E, 0x218E, 0x29EE, 0x2A4F, 0x32B0, 0x3AF0, 0x3B30, 0x3B50, 0x3B71, 0x4371, 0x4371,
    0x2B04, 0x2AE4, 0x2AE4, 0x22E4, 0x22E4, 0x22E4, 0x22E4, 0x22E4, 0x22E5, 0x22C6, 0x2AC7, 0x2AC8, 0x2AA9, 0x2AAA, 0x2A8B, 0x2A6C,
    0x2A4D, 0x220D, 0x21AE, 0x216E, 0x216E, 0x216E, 0x21AE, 0x2A2F, 0x328F, 0x32D0, 0x3B10, 0x3B51, 0x4371, 0x4391, 0x4391, 0x4391,
    0x2B25, 0x2B25, 0x2B25, 0x2B25, 0x2B24, 0x2B25, 0x2B25, 0x2B25, 0x2B25, 0x2B05, 0x2B06, 0x2B08, 0x2AE9, 0x2AEA, 0x2AEB, 0x2ACC,
    0x2AAD, 0x2A6D, 0x2A2E, 0x29EE, 0x29CE, 0x21CE, 0x2A0F, 0x2A6F, 0x32B0, 0x3AF0, 0x3B50, 0x4371, 0x4391, 0x43B1, 0x43B1, 0x43B1,
    0x2B65, 0x2B65, 0x2B65, 0x2B65, 0x2B65, 0x2B65, 0x2B65, 0x2B65, 0x2B65, 0x2B65, 0x2B46, 0x2B47, 0x3349, 0x334A, 0x332B, 0x330C,
    0x32ED, 0x32CD, 0x32AE, 0x328F, 0x2A6F, 0x2A4F, 0x2A6F, 0x32B0, 0x32F0, 0x3B30, 0x3B71, 0x4391, 0x43B1, 0x43D1, 0x4BF1, 0x4BF1,
    0x2BA5, 0x33A5, 0x33A5, 0x33A5, 0x2BA5, 0x33A5, 0x33A5, 0x33A5, 0x33A5, 0x2BA5, 0x2BA6, 0x33A7, 0x3388, 0x338A, 0x336B, 0x334C,
    0x334D, 0x332E, 0x330E, 0x32EF, 0x32CF, 0x32B0, 0x32D0, 0x32F0, 0x3B30, 0x3B51, 0x4391, 0x43B1, 0x4BD1, 0x4C11, 0x4C12, 0x4C32,
    0x33E6, 0x33E6, 0x3406, 0x33E6, 0x33E6, 0x33E6, 0x33E6, 0x33E6, 0x33E6, 0x33E6, 0x33E6, 0x33E6, 0x33E7, 0x33E9, 0x3BCB, 0x3BAC,
    0x3BAD, 0x3B8E, 0x3B6E, 0x3B4F, 0x3B50, 0x3B30, 0x3B30, 0x3B50, 0x3B71, 0x4391, 0x43B1, 0x4BF1, 0x4C12, 0x4C32, 0x5452, 0x5452,
    0x3426, 0x3426, 0x3426, 0x3C26, 0x3C26, 0x3C26, 0x3426, 0x3426, 0x3426, 0x3426, 0x3426, 0x3427, 0x3C27, 0x3C29, 0x3C2A, 0x3C0C,
    0x43ED, 0x43EE, 0x43CF, 0x43D0, 0x43B0, 0x4391, 0x4391, 0x4391, 0x43B1, 0x43D1, 0x4BF1, 0x4C12, 0x4C32, 0x5452, 0x5472, 0x5472,
    0x3C67, 0x3C67, 0x3C67, 0x3C67, 0x3C67, 0x3C67, 0x3C67, 0x3C67, 0x3C67, 0x3C67, 0x3C67, 0x3C87, 0x3C88, 0x3C89, 0x3C6A, 0x444C,
    0x442D, 0x442E, 0x442F, 0x4410, 0x4411, 0x4BF1, 0x4BF1, 0x4BF1, 0x4BF1, 0x4C12, 0x4C32, 0x5452, 0x5452, 0x5472, 0x5492, 0x5C93,
    0x3CA7, 0x3CA7, 0x3CA7, 0x3CA7, 0x3CA7, 0x3CA7, 0x3CA7, 0x3CA7, 0x3CA7, 0x3CA7, 0x3CA7, 0x3CA8, 0x3CA8, 0x44A9, 0x44AA, 0x448C,
    0x448D, 0x4C8F, 0x4C70, 0x4C70, 0x4C71, 0x4C51, 0x4C52, 0x4C32, 0x5432, 0x5452, 0x5472, 0x5472, 0x5492, 0x5C93, 0x5CB3, 0x5CB3,
    0x44E8, 0x44C8, 0x3CC7, 0x44C7, 0x44C7, 0x44C7, 0x3CC7, 0x3CC7, 0x3CC7, 0x44C8, 0x44C8, 0x44C8, 0x44C8, 0x44C9, 0x44CA, 0x44CC,
    0x4CCD, 0x4CCF, 0x54B0, 0x54B1, 0x54B1, 0x5492, 0x5492, 0x5492, 0x5C93, 0x5C93, 0x5C93, 0x5CB3, 0x5CB3, 0x5CB3, 0x5CD3, 0x64D3,
    0x4508, 0x4508, 0x44E8, 0x44E8, 0x4508, 0x4508, 0x4508, 0x4508, 0x4508, 0x4508, 0x4509, 0x4509, 0x450A, 0x4D0A, 0x4CEB, 0x4CED,
    0x54EE, 0x54EF, 0x5CF0, 0x5CF1, 0x5CF1, 0x5CD2, 0x5CD2, 0x5CD3, 0x5CD3, 0x5CD3, 0x64D3, 0x64D3, 0x64D3, 0x64F3, 0x64F4, 0x64F4,
    0x4528, 0x4528, 0x4528, 0x4528, 0x4529, 0x4529, 0x4529, 0x4529, 0x4529, 0x4529, 0x4D2A, 0x4D2A, 0x4D2B, 0x4D2C, 0x552D, 0x552E,
    0x552F, 0x5D30, 0x5D31, 0x5D11, 0x5D12, 0x6512, 0x6513, 0x64F3, 0x6514, 0x6514, 0x6514, 0x6D14, 0x6D14, 0x6514, 0x6D14, 0x6D34,
    0x4D49, 0x4D49, 0x4D49, 0x4D49, 0x4D49, 0x4D49, 0x4D49, 0x4D4A, 0x4D4A, 0x4D4A, 0x4D4B, 0x554C, 0x554C, 0x554D, 0x554E, 0x5D2F,
    0x5D30, 0x5D31, 0x5D31, 0x6532, 0x6532, 0x6533, 0x6533, 0x6D34, 0x6D34, 0x6D34, 0x6D34, 0x6D54, 0x6D54, 0x6D34, 0x6D54, 0x6D54,
    0x4D49, 0x4D49, 0x4D49, 0x4D49, 0x4D49, 0x4D4A, 0x4D4A, 0x4D4B, 0x4D4B, 0x554C, 0x554C, 0x554D, 0x554E, 0x5D4E, 0x5D4F, 0x5D50,
    0x5D50, 0x6551, 0x6551, 0x6552, 0x6552, 0x6553, 0x6D54, 0x6D54, 0x6D54, 0x6D54, 0x6D55, 0x6D55, 0x6D55, 0x6D55, 0x6D55, 0x6D55,
    0x4D49, 0x4D49, 0x4D49, 0x4D49, 0x4D49, 0x4D4A, 0x4D4A, 0x4D4B, 0x554C, 0x554D, 0x554D, 0x554E, 0x5D4E, 0x5D4F, 0x5D50, 0x5D50,
    0x5D51, 0x6551, 0x6552, 0x6552, 0x6553, 0x6D53, 0x6D54, 0x6D54, 0x6D54, 0x6D55, 0x6D55, 0x6D55, 0x6D55, 0x6D75, 0x6D75, 0x6D55,
    0x4D69, 0x4D69, 0x4D69, 0x4D49, 0x4D49, 0x4D4A, 0x4D4B, 0x554C, 0x554C, 0x554D, 0x554E, 0x5D4E, 0x5D4F, 0x5D50, 0x5D50, 0x5D51,
    0x5D51, 0x6552, 0x6552, 0x6552, 0x6553, 0x6D53, 0x6D54, 0x6D54, 0x6D54, 0x6D55, 0x6D55, 0x7575, 0x7575, 0x6D55, 0x6D55, 0x7575,
    0x4D69, 0x4D69, 0x4D69, 0x4D69, 0x4D69, 0x4D4A, 0x4D4B, 0x554C, 0x554C, 0x554D, 0x5D4E, 0x5D4E, 0x5D4F, 0x5D50, 0x5D50, 0x5D51,
    0x5D51, 0x6551, 0x6552, 0x6552, 0x6553, 0x6D53, 0x6D54, 0x6D54, 0x6D54, 0x6D55, 0x6D55, 0x6D75, 0x7575, 0x6D55, 0x6D55, 0x7575,
    0x4D69, 0x4D69, 0x4D69, 0x4D69, 0x4D6A, 0x4D6A, 0x4D4B, 0x554B, 0x554C, 0x554D, 0x5D4E, 0x5D4E, 0x5D4F, 0x5D50, 0x5D50, 0x5D51,
    0x5D51, 0x6551, 0x6552, 0x6552, 0x6553, 0x6553, 0x6D53, 0x6D54, 0x6D54, 0x6D55, 0x6D55, 0x6D75, 0x6D75, 0x7575, 0x7575, 0x6D55,
    0x4D69, 0x4D69, 0x4D69, 0x4D69, 0x4D69, 0x4D4A, 0x4D4B, 0x554B, 0x554C, 0x554D, 0x5D4E, 0x5D4E, 0x5D4F, 0x5D50, 0x5D50, 0x5D51,
    0x6551, 0x6551, 0x6552, 0x6552, 0x6553, 0x6553, 0x6D53, 0x6D54, 0x6D54, 0x6D54, 0x6D55, 0x6D55, 0x6D55, 0x6D75, 0x6D55, 0x6D55,
    0x4D69, 0x4D69, 0x4D69, 0x4D69, 0x4D69, 0x4D4A, 0x4D4B, 0x554B, 0x554C, 0x554D, 0x5D4E, 0x5D4E, 0x5D4F, 0x5D4F, 0x5D50, 0x5D51,
    0x6551, 0x6551, 0x6552, 0x6552, 0x6552, 0x6553, 0x6D53, 0x6D54, 0x6D54, 0x6D54, 0x6D54, 0x6D55, 0x6D55, 0x6D55, 0x6D55, 0x6D55,
    0x1041, 0x1041, 0x1042, 0x0843, 0x0843, 0x0844, 0x1064, 0x1065, 0x1066, 0x1066, 0x1066, 0x1087, 0x1088, 0x1089, 0x1889, 0x188A,
    0x18AA, 0x18AA, 0x18AB, 0x18AB, 0x18AB, 0x18AB, 0x20CC, 0x20CC, 0x20ED, 0x212F, 0x294F, 0x2970, 0x2990, 0x2990, 0x29B0, 0x29B0,
    0x0861, 0x0861, 0x0862, 0x1063, 0x1064, 0x1064, 0x1065, 0x1086, 0x1086, 0x1086, 0x1087, 0x1087, 0x1088, 0x1089, 0x1889, 0x188A,
    0x18AA, 0x18AA, 0x18AB, 0x18AB, 0x18AB, 0x18AB, 0x20CC, 0x20ED, 0x210E, 0x294F, 0x2990, 0x29B0, 0x29D0, 0x29D0, 0x31F0, 0x31F0,
    0x0881, 0x0881, 0x0882, 0x1083, 0x1084, 0x1085, 0x1085, 0x1086, 0x1087, 0x1087, 0x1087, 0x1088, 0x1088, 0x1089, 0x1889, 0x18AA,
    0x18AA, 0x18AB, 0x18AB, 0x18AB, 0x18AB, 0x18AB, 0x20CC, 0x20ED, 0x212E, 0x2970, 0x29B0, 0x31F0, 0x3210, 0x3211, 0x3231, 0x3231,
    0x08C1, 0x08C1, 0x08A1, 0x08A2, 0x10A3, 0x10A4, 0x10A5, 0x10A6, 0x10A7, 0x10A7, 0x10A8, 0x1088, 0x1088, 0x1089, 0x1889, 0x18AA,
    0x18AA, 0x18AB, 0x18AB, 0x18AB, 0x18AB, 0x18CB, 0x20CC, 0x20ED, 0x214E, 0x2990, 0x29D0, 0x3210, 0x3230, 0x3250, 0x3251, 0x3271,
    0x10E1, 0x08E1, 0x08E1, 0x08E2, 0x08C3, 0x10C4, 0x10C5, 0x10C6, 0x10C7, 0x10C7, 0x10A8, 0x10A8, 0x10A9, 0x1089, 0x18A9, 0x18AA,
    0x18AB, 0x18AB, 0x18AB, 0x18AB, 0x18AB, 0x20CC, 0x20ED, 0x210D, 0x214F, 0x29B0, 0x2A10, 0x3250, 0x3270, 0x3270, 0x3290, 0x3291,
    0x1122, 0x1122, 0x1122, 0x1122, 0x1103, 0x1104, 0x1104, 0x1105, 0x10E6, 0x10E7, 0x10E8, 0x10C8, 0x10A9, 0x10A9, 0x18AA, 0x18AA,
    0x18AB, 0x18AB, 0x18AB, 0x18AB, 0x18CB, 0x20CC, 0x20ED, 0x210E, 0x216F, 0x29D0, 0x3230, 0x3270, 0x3290, 0x3290, 0x32B0, 0x32B1,
    0x1162, 0x1162, 0x1162, 0x1142, 0x1143, 0x1144, 0x1124, 0x1125, 0x1126, 0x1107, 0x1108, 0x10E9, 0x10C9, 0x18AA, 0x18AA, 0x18AA,
    0x18AB, 0x18AB, 0x18AB, 0x18AB, 0x18CC, 0x20CC, 0x20ED, 0x212F, 0x298F, 0x29EF, 0x3250, 0x3290, 0x32B0, 0x32B0, 0x32B0, 0x3AD0,
    0x11A2, 0x11A2, 0x11A2, 0x1182, 0x1183, 0x1184, 0x1164, 0x1965, 0x1946, 0x1947, 0x1927, 0x1928, 0x1909, 0x18EA, 0x18CB, 0x18CB,
    0x18AB, 0x18AB, 0x18AB, 0x18AB, 0x18CC, 0x20ED, 0x210E, 0x214F, 0x29AF, 0x2A0F, 0x3270, 0x32B0, 0x32D0, 0x3AD0, 0x3AD1, 0x3AF1,
    0x19E3, 0x19C3, 0x19C3, 0x19C3, 0x19C3, 0x19C4, 0x19C4, 0x19A5, 0x1986, 0x1987, 0x1967, 0x1948, 0x1949, 0x190A, 0x18EB, 0x18CB,
    0x18CB, 0x18AB, 0x18AB, 0x18CB, 0x18CC, 0x20ED, 0x212E, 0x216F, 0x29CF, 0x2A2F, 0x3290, 0x32D0, 0x3AF0, 0x3AF0, 0x3AF1, 0x3B11,
    0x1A03, 0x1A03, 0x1A03, 0x1A03, 0x1A03, 0x1A03, 0x1A04, 0x19E5, 0x19E6, 0x19C7, 0x19C8, 0x19A8, 0x1989, 0x196A, 0x192B, 0x190C,
    0x18EC, 0x18CC, 0x18AB, 0x18CC, 0x18CC, 0x20ED, 0x212E, 0x218F, 0x29EF, 0x3270, 0x32B0, 0x3AF0, 0x3AF0, 0x3B10, 0x3B11, 0x3B31,
    0x2243, 0x2243, 0x2243, 0x1A43, 0x1A43, 0x1A43, 0x1A44, 0x2245, 0x2226, 0x2227, 0x2208, 0x21E8, 0x21E9, 0x21AA, 0x198B, 0x194C,
    0x190C, 0x18EC, 0x18CC, 0x18CC, 0x18ED, 0x210E, 0x214E, 0x21AF, 0x2A0F, 0x3290, 0x32D0, 0x3AF0, 0x3B10, 0x3B31, 0x3B51, 0x4351,
    0x2284, 0x2284, 0x2284, 0x2284, 0x2284, 0x2284, 0x2264, 0x2265, 0x2265, 0x2267, 0x2248, 0x2248, 0x2229, 0x220A, 0x21CA, 0x21AC,
    0x216C, 0x212D, 0x190D, 0x18ED, 0x20ED, 0x210E, 0x216E, 0x29CF, 0x2A2F, 0x32B0, 0x32F0, 0x3B30, 0x3B31, 0x3B51, 0x4371, 0x4371,
    0x22C4, 0x22C4, 0x22C4, 0x22A4, 0x22A4, 0x22A4, 0x22A4, 0x22A4, 0x22A5, 0x22A6, 0x2288, 0x2288, 0x2269, 0x224A, 0x222B, 0x220B,
    0x21CC, 0x218D, 0x214D, 0x212D, 0x212D, 0x212E, 0x218E, 0x29EF, 0x2A6F, 0x32B0, 0x3B10, 0x3B51, 0x3B51, 0x4371, 0x4391, 0x4391,
    0x22E4, 0x22E4, 0x22E4, 0x22E4, 0x22E4, 0x22E4, 0x22E4, 0x22E4, 0x22E5, 0x22C6, 0x22C7, 0x2AC8, 0x2AA9, 0x2AAA, 0x2A8B, 0x2A6C,
    0x2A4D, 0x2A0D, 0x21CE, 0x218E, 0x216E, 0x216E, 0x21CE, 0x2A2F, 0x328F, 0x32F0, 0x3B30, 0x4371, 0x4391, 0x4391, 0x4391, 0x43B1,
    0x2B25, 0x2B25, 0x2B25, 0x2B24, 0x2B04, 0x2B24, 0x2B25, 0x2B25, 0x2B25, 0x2B25, 0x2B06, 0x2B08, 0x2B09, 0x2AEA, 0x2ACB, 0x2ACC,
    0x2AAD, 0x2A8D, 0x2A4E, 0x2A0E, 0x29EE, 0x21CE, 0x2A0F, 0x2A6F, 0x32B0, 0x3B10, 0x3B51, 0x4391, 0x43B1, 0x43B1, 0x43D1, 0x43D1,
    0x2B65, 0x2B65, 0x2B65, 0x2B65, 0x2B65, 0x2B65, 0x2B65, 0x2B65, 0x2B65, 0x2B65, 0x2B66, 0x2B47, 0x3349, 0x334A, 0x332B, 0x330C,
    0x32ED, 0x32ED, 0x32AE, 0x328F, 0x2A6F, 0x2A4F, 0x326F, 0x32B0, 0x3AF0, 0x3B30, 0x4371, 0x4391, 0x43B1, 0x43D1, 0x4BF1, 0x4C12,
    0x2BA5, 0x33A5, 0x33A5, 0x33A5, 0x33A5, 0x33A5, 0x33A5, 0x33A5, 0x33A5, 0x2BA5, 0x2BA6, 0x33A7, 0x33A8, 0x338A, 0x338B, 0x336C,
    0x334D, 0x3B4E, 0x3B2E, 0x330F, 0x32F0, 0x32D0, 0x32D0, 0x32F0, 0x3B30, 0x3B71, 0x4391, 0x43B1, 0x4BF1, 0x4C12, 0x4C12, 0x4C32,
    0x33E6, 0x33E6, 0x33E6, 0x33E6, 0x33E6, 0x33E6, 0x33E6, 0x33E6, 0x33E6, 0x33E6, 0x33E6, 0x33E6, 0x33E7, 0x33E9, 0x3BCB, 0x3BCC,
    0x3BAD, 0x3B8E, 0x3B6F, 0x3B6F, 0x3B50, 0x3B30, 0x3B30, 0x3B50, 0x3B71, 0x4391, 0x43B1, 0x4BF1, 0x4C12, 0x4C32, 0x5452, 0x5452,
    0x3426, 0x3426, 0x3C26, 0x3C26, 0x3C26, 0x3426, 0x3426, 0x3426, 0x3426, 0x3426, 0x3426, 0x3427, 0x3427, 0x3C29, 0x3C2A, 0x3C0C,
    0x440D, 0x43EE, 0x43CF, 0x43D0, 0x43B0, 0x4391, 0x4391, 0x4391, 0x43B1, 0x43D1, 0x4BF1, 0x4C12, 0x5432, 0x5452, 0x5472, 0x5472,
    0x3C47, 0x3C67, 0x3C67, 0x3C67, 0x3C67, 0x3C67, 0x3C67, 0x3C67, 0x3C67, 0x3C67, 0x3C67, 0x3C67, 0x3C67, 0x3C68, 0x3C6A, 0x444C,
    0x444D, 0x442E, 0x442F, 0x4410, 0x4410, 0x4BF1, 0x4BF1, 0x4BF1, 0x4BF1, 0x4C12, 0x4C32, 0x5452, 0x5452, 0x5472, 0x5492, 0x5C93,
    0x3C87, 0x3C87, 0x3CA7, 0x3CA7, 0x3CA7, 0x3CA7, 0x3CA7, 0x3CA7, 0x3CA7, 0x3CA7, 0x3CA7, 0x3CA7, 0x3CA8, 0x44A9, 0x44AA, 0x448C,
    0x448D, 0x4C8F, 0x4C70, 0x4C70, 0x4C51, 0x4C51, 0x4C52, 0x5432, 0x5452, 0x5452, 0x5472, 0x5472, 0x5492, 0x5C93, 0x5CB3, 0x5CB3,
    0x44C8, 0x44C8, 0x44C8, 0x44C8, 0x44C7, 0x3CC7, 0x3CC7, 0x44C7, 0x44C8, 0x44C8, 0x44C8, 0x44E8, 0x44C8, 0x44C9, 0x44CA, 0x4CCC,
    0x4CCD, 0x54CF, 0x54D0, 0x54B1, 0x54B1, 0x5492, 0x5492, 0x5492, 0x5C92, 0x5C93, 0x5C93, 0x5CB3, 0x5CB3, 0x5CB3, 0x5CD3, 0x64D3,
    0x4508, 0x4508, 0x4508, 0x4508, 0x4508, 0x44E8, 0x44E8, 0x44E8, 0x4508, 0x4508, 0x4508, 0x4509, 0x450A, 0x4D0A, 0x4CEB, 0x4CED,
    0x54EE, 0x54EF, 0x5CF0, 0x5CF1, 0x5CF1, 0x5CD2, 0x5CD2, 0x5CD3, 0x5CD3, 0x5CD3, 0x64D3, 0x64D3, 0x64D3, 0x64D3, 0x64F4, 0x64F4,
    0x4528, 0x4528, 0x4528, 0x4528, 0x4528, 0x4528, 0x4528, 0x4529, 0x4529, 0x4529, 0x4D29, 0x4D2A, 0x4D2B, 0x4D2C, 0x552D, 0x552E,
    0x552F, 0x5D30, 0x5D31, 0x5D11, 0x5D12, 0x6512, 0x6513, 0x6513, 0x6514, 0x6514, 0x6514, 0x6514, 0x6514, 0x6514, 0x6514, 0x6D34,
    0x4D49, 0x4D49, 0x4D49, 0x4D49, 0x4D49, 0x4D49, 0x4D49, 0x4D4A, 0x4D4A, 0x4D4A, 0x4D2B, 0x4D2C, 0x552C, 0x554D, 0x554E, 0x5D2F,
    0x5D30, 0x5D31, 0x5D31, 0x6532, 0x6532, 0x6533, 0x6533, 0x6D34, 0x6D34, 0x6D34, 0x6D34, 0x6D54, 0x6D34, 0x6D34, 0x6D54, 0x6D54,
    0x4D49, 0x4D49, 0x4D49, 0x4D49, 0x4D49, 0x4D4A, 0x4D4A, 0x4D4B, 0x4D4B, 0x554C, 0x554C, 0x554D, 0x554E, 0x5D4E, 0x5D4F, 0x5D50,
    0x5D50, 0x6551, 0x6551, 0x6552, 0x6552, 0x6D53, 0x6D54, 0x6D54, 0x6D54, 0x6D55, 0x6D55, 0x6D55, 0x6D55, 0x6D55, 0x6D55, 0x6D55,
    0x4D49, 0x4D49, 0x4D49, 0x4D49, 0x4D49, 0x4D4A, 0x4D4A, 0x554B, 0x554C, 0x554D, 0x554D, 0x554E, 0x5D4E, 0x5D4F, 0x5D50, 0x5D50,
    0x5D51, 0x6551, 0x6552, 0x6552, 0x6553, 0x6D53, 0x6D54, 0x6D54, 0x6D54, 0x6D55, 0x6D55, 0x6D55, 0x6D55, 0x6D55, 0x6D55, 0x6D55,
    0x4D49, 0x4D49, 0x4D69, 0x4D49, 0x4D49, 0x4D4A, 0x4D4B, 0x554C, 0x554C, 0x554D, 0x554E, 0x5D4E, 0x5D4F, 0x5D4F, 0x5D50, 0x5D51,
    0x5D51, 0x6551, 0x6552, 0x6552, 0x6553, 0x6D53, 0x6D54, 0x6D54, 0x6D54, 0x6D55, 0x6D55, 0x6D55, 0x6D55, 0x6D55, 0x6D55, 0x6D55,
    0x4D49, 0x4D69, 0x4D69, 0x4D69, 0x4D49, 0x4D4A, 0x4D4B, 0x554C, 0x554C, 0x554D, 0x5D4E, 0x5D4E, 0x5D4F, 0x5D50, 0x5D50, 0x5D51,
    0x5D51, 0x6551, 0x6552, 0x6552, 0x6553, 0x6D53, 0x6D53, 0x6D54, 0x6D54, 0x6D55, 0x6D55, 0x6D75, 0x7575, 0x7575, 0x6D55, 0x6D55,
    0x4D69, 0x4D69, 0x4D69, 0x4D69, 0x4D49, 0x4D4A, 0x4D4B, 0x554C, 0x554C, 0x554D, 0x5D4E, 0x5D4F, 0x5D4F, 0x5D50, 0x5D50, 0x5D51,
    0x5D51, 0x6551, 0x6552, 0x6552, 0x6553, 0x6D53, 0x6D53, 0x6D54, 0x6D54, 0x6D55, 0x6D55, 0x6D75, 0x7575, 0x7575, 0x7575, 0x6D55,
    0x4D69, 0x4D69, 0x4D69, 0x4D69, 0x4D69, 0x4D4A, 0x4D4B, 0x554B, 0x554C, 0x554D, 0x5D4E, 0x5D4E, 0x5D4F, 0x5D50, 0x5D50, 0x5D51,
    0x6551, 0x6551, 0x6552, 0x6552, 0x6553, 0x6D53, 0x6D53, 0x6D54, 0x6D54, 0x6D54, 0x6D55, 0x6D55, 0x6D75, 0x7575, 0x6D55, 0x6D55,
    0x4D49, 0x4D69, 0x4D69, 0x4D69, 0x4D69, 0x4D4A, 0x4D4B, 0x554B, 0x554C, 0x554D, 0x5D4E, 0x5D4E, 0x5D4F, 0x5D4F, 0x5D50, 0x6551,
    0x6551, 0x6551, 0x6552, 0x6552, 0x6552, 0x6D53, 0x6D53, 0x6D54, 0x6D54, 0x6D54, 0x6D55, 0x6D55, 0x6D55, 0x6D55, 0x6D55, 0x6D55,
    0x1041, 0x1041, 0x1042, 0x1042, 0x1043, 0x1044, 0x1044, 0x1065, 0x1066, 0x1066, 0x1066, 0x1067, 0x1088, 0x1088, 0x1889, 0x18AA,
    0x18AA, 0x18AB, 0x18AB, 0x18AB, 0x18AB, 0x18CB, 0x20CC, 0x20CC, 0x20ED, 0x210E, 0x292F, 0x294F, 0x2950, 0x2970, 0x2970, 0x2990,
    0x1061, 0x1061, 0x1062, 0x1063, 0x1064, 0x1064, 0x1065, 0x1086, 0x1086, 0x1086, 0x1067, 0x1087, 0x1088, 0x1089, 0x1889, 0x188A,
    0x18AA, 0x18AA, 0x18AB, 0x18AB, 0x18AB, 0x18CB, 0x20CC, 0x20CC, 0x210E, 0x294F, 0x2970, 0x2990, 0x31B0, 0x31D1, 0x31D1, 0x31D1,
    0x1081, 0x1081, 0x1082, 0x1083, 0x1084, 0x1085, 0x1086, 0x10A6, 0x10A7, 0x1087, 0x1087, 0x1088, 0x1088, 0x1089, 0x1889, 0x188A,
    0x18AA, 0x18AA, 0x18AB, 0x18AB, 0x18AB, 0x18CB, 0x20CC, 0x20ED, 0x292E, 0x2970, 0x31B1, 0x31F1, 0x3211, 0x3231, 0x3231, 0x3231,
    0x10C1, 0x10A1, 0x10A1, 0x10A3, 0x10A4, 0x10A5, 0x10A6, 0x10C6, 0x10A7, 0x10A7, 0x10A8, 0x10A8, 0x1088, 0x1889, 0x1889, 0x18AA,
    0x18AA, 0x18AB, 0x18AB, 0x18AB, 0x18AB, 0x18CB, 0x20CC, 0x20ED, 0x292E, 0x2990, 0x31D1, 0x3211, 0x3231, 0x3251, 0x3251, 0x3A71,
    0x10E1, 0x10E1, 0x10E1, 0x10E2, 0x10C3, 0x10C4, 0x10E5, 0x10E6, 0x10C7, 0x10C8, 0x10C8, 0x10A8, 0x10A9, 0x18A9, 0x18AA, 0x18AA,
    0x18AB, 0x18AB, 0x18AB, 0x18AB, 0x18AB, 0x18CC, 0x20EC, 0x20ED, 0x294F, 0x29B0, 0x3210, 0x3251, 0x3271, 0x3271, 0x3A91, 0x3A91,
    0x1122, 0x1122, 0x1122, 0x1122, 0x1103, 0x1104, 0x1105, 0x1106, 0x1106, 0x10E7, 0x10E8, 0x10C9, 0x10A9, 0x18A9, 0x18AA, 0x18AA,
    0x18AB, 0x18AB, 0x18AB, 0x18AB, 0x18CB, 0x18CC, 0x20ED, 0x210E, 0x296F, 0x29D0, 0x3230, 0x3271, 0x3A91, 0x3A91, 0x3AB1, 0x3AB1,
    0x1142, 0x1142, 0x1162, 0x1142, 0x1143, 0x1144, 0x1124, 0x1125, 0x1126, 0x1127, 0x1108, 0x10E9, 0x18C9, 0x18CA, 0x18AA, 0x18AB,
    0x18AB, 0x18AB, 0x18AB, 0x18CB, 0x18CC, 0x18CC, 0x20ED, 0x212F, 0x2990, 0x2A10, 0x3250, 0x3AB1, 0x3AB1, 0x3AD1, 0x3AD1, 0x3AD1,
    0x1182, 0x1182, 0x1182, 0x1182, 0x1183, 0x1184, 0x1164, 0x1165, 0x1946, 0x1947, 0x1948, 0x1928, 0x1909, 0x18EA, 0x18CB, 0x18CB,
    0x18AB, 0x18AB, 0x18AB, 0x18AB, 0x18CC, 0x20ED, 0x210E, 0x214F, 0x29AF, 0x2A30, 0x3270, 0x3AD1, 0x3AD1, 0x3AD1, 0x3AF1, 0x3AF1,
    0x19C3, 0x19C3, 0x19C3, 0x19C3, 0x19C3, 0x19C3, 0x19A4, 0x19A5, 0x1986, 0x1987, 0x1967, 0x1968, 0x1949, 0x192A, 0x190B, 0x18CB,
    0x18CB, 0x18AB, 0x18AB, 0x18CB, 0x18CC, 0x20ED, 0x212E, 0x216F, 0x29CF, 0x3250, 0x3290, 0x3AF1, 0x3AF1, 0x3AF1, 0x3B11, 0x3B11,
    0x1A03, 0x1A03, 0x1A03, 0x1A03, 0x1A03, 0x1A03, 0x1A04, 0x19E5, 0x19E6, 0x19C7, 0x19C8, 0x19A8, 0x1989, 0x196A, 0x194B, 0x190C,
    0x18EC, 0x18CC, 0x18CC, 0x18CC, 0x18CC, 0x20EE, 0x214E, 0x21AF, 0x2A0F, 0x3270, 0x32B0, 0x3AF1, 0x3B11, 0x3B11, 0x3B31, 0x4351,
    0x2243, 0x2243, 0x1A43, 0x1A43, 0x1A43, 0x1A43, 0x1A44, 0x2245, 0x2226, 0x2227, 0x2208, 0x21E8, 0x21E9, 0x19A9, 0x198A, 0x194C,
    0x192C, 0x18EC, 0x18CC, 0x18CC, 0x20ED, 0x210E, 0x216F, 0x29CF, 0x2A2F, 0x3290, 0x3AD0, 0x3B11, 0x3B31, 0x3B31, 0x4351, 0x4371,
    0x2284, 0x2284, 0x2284, 0x2284, 0x2284, 0x2284, 0x2264, 0x2265, 0x2265, 0x2267, 0x2248, 0x2248, 0x2229, 0x220A, 0x21EA, 0x21AB,
    0x218C, 0x214D, 0x210D, 0x20ED, 0x20ED, 0x212E, 0x216F, 0x29EF, 0x2A4F, 0x32B0, 0x3AF0, 0x3B31, 0x3B51, 0x4351, 0x4371, 0x4391,
    0x22C4, 0x22C4, 0x22C4, 0x22A4, 0x22A4, 0x22A4, 0x22A4, 0x22A4, 0x22A5, 0x22A6, 0x2288, 0x2288, 0x2269, 0x224A, 0x222B, 0x220B,
    0x21EC, 0x21AD, 0x216E, 0x212D, 0x212E, 0x214E, 0x21AF, 0x2A0F, 0x326F, 0x32D0, 0x3B11, 0x3B51, 0x4371, 0x4371, 0x4391, 0x43B1,
    0x22E4, 0x22E4, 0x22E4, 0x22E4, 0x22C4, 0x22E4, 0x22E4, 0x22E4, 0x22E5, 0x22E6, 0x22C7, 0x2AC8, 0x2AA9, 0x2AAA, 0x2A8B, 0x2A6C,
    0x2A4C, 0x2A0D, 0x21CE, 0x218E, 0x218E, 0x218E, 0x29CF, 0x2A2F, 0x3290, 0x3AF0, 0x3B31, 0x4371, 0x4391, 0x4391, 0x43B1, 0x43D1,
    0x2B04, 0x2B04, 0x2B04, 0x2B04, 0x2B04, 0x2B04, 0x2B24, 0x2B25, 0x2B25, 0x2B25, 0x2B06, 0x2B08, 0x2B09, 0x2AEA, 0x2ACB, 0x2ACC,
    0x2AAD, 0x2A8D, 0x2A4E, 0x2A0E, 0x29EE, 0x29EE, 0x2A0F, 0x326F, 0x32D0, 0x3B30, 0x3B51, 0x4391, 0x43B1, 0x43B1, 0x43D1, 0x4BF2,
    0x2B45, 0x2B45, 0x2B45, 0x2B65, 0x2B65, 0x2B65, 0x2B65, 0x2B65, 0x2B65, 0x2B65, 0x2B66, 0x2B47, 0x2B49, 0x334A, 0x332B, 0x330C,
    0x32ED, 0x32EE, 0x32CE, 0x328F, 0x326F, 0x2A4F, 0x326F, 0x32B0, 0x3AF0, 0x3B51, 0x4371, 0x43B1, 0x43D1, 0x4BF1, 0x4BF2, 0x4C12,
    0x3385, 0x33A5, 0x33A5, 0x33A5, 0x33A5, 0x33A5, 0x33A5, 0x33A5, 0x2BA5, 0x2BA5, 0x2BA6, 0x33A7, 0x33A8, 0x338A, 0x338B, 0x336C,
    0x334D, 0x3B4E, 0x3B2F, 0x3B0F, 0x32F0, 0x32D0, 0x32D0, 0x3AF0, 0x3B30, 0x4371, 0x4391, 0x43D1, 0x4BF1, 0x4C12, 0x4C12, 0x4C32,
    0x33E6, 0x33E6, 0x33E6, 0x33E6, 0x33E6, 0x33E6, 0x33E6, 0x33E6, 0x33E6, 0x33E6, 0x33E6, 0x33E6, 0x33E7, 0x33E9, 0x3BCB, 0x3BCC,
    0x3BAD, 0x3B8E, 0x3B8F, 0x3B6F, 0x3B50, 0x3B30, 0x3B30, 0x3B50, 0x3B71, 0x4391, 0x43B1, 0x4BF1, 0x4C12, 0x4C32, 0x5452, 0x5452,
    0x3406, 0x3C26, 0x3C26, 0x3C26, 0x3C26, 0x3426, 0x3426, 0x3426, 0x3426, 0x3C26, 0x3C26, 0x3426, 0x3427, 0x3C29, 0x3C2A, 0x3C0C,
    0x440D, 0x43EE, 0x43CF, 0x43D0, 0x43B0, 0x4391, 0x4391, 0x4391, 0x43B1, 0x43D1, 0x4BF1, 0x4C12, 0x5432, 0x5452, 0x5472, 0x5472,
    0x3C47, 0x3C67, 0x3C67, 0x3C67, 0x3C67, 0x3C67, 0x3C67, 0x3C67, 0x3C67, 0x3C67, 0x3C67, 0x3C67, 0x3C67, 0x3C68, 0x3C6A, 0x444C,
    0x444D, 0x444E, 0x442F, 0x4410, 0x4410, 0x43F1, 0x4BF1, 0x4BF1, 0x4C12, 0x4C12, 0x4C32, 0x5452, 0x5452, 0x5472, 0x5C92, 0x5C93,
    0x3C87, 0x3C87, 0x3CA7, 0x3CA7, 0x3CA7, 0x3CA7, 0x3CA7, 0x3C87, 0x3C87, 0x3CA7, 0x3CA7, 0x3CA7, 0x3CA8, 0x3CA9, 0x448A, 0x448C,
    0x4C8D, 0x4C8F, 0x4C6F, 0x4C70, 0x4C51, 0x4C51, 0x5452, 0x5452, 0x5452, 0x5452, 0x5472, 0x5472, 0x5492, 0x5C93, 0x5CB3, 0x5CB3,
    0x3CC7, 0x44C8, 0x44C8, 0x44C8, 0x3CC7, 0x3CC7, 0x3CC7, 0x44C8, 0x44C8, 0x44C8, 0x44C8, 0x44E8, 0x44C8, 0x44C9, 0x44CA, 0x4CCC,
    0x4CCD, 0x54CF, 0x54D0, 0x54B1, 0x54B1, 0x5492, 0x5492, 0x5492, 0x5C92, 0x5C93, 0x5C93, 0x5C93, 0x5CB3, 0x5CB3, 0x5CD3, 0x64D3,
    0x44E8, 0x44E8, 0x4508, 0x4508, 0x4508, 0x44E8, 0x44E8, 0x44E8, 0x44E8, 0x4508, 0x4508, 0x4509, 0x450A, 0x4CEA, 0x4CEB, 0x4CED,
    0x54EE, 0x54EF, 0x5CF0, 0x5CF1, 0x5CF1, 0x5CF2, 0x5CD2, 0x5CD3, 0x5CD3, 0x64D3, 0x64D3, 0x64D3, 0x64D3, 0x64D3, 0x64F3, 0x6514,
    0x4528, 0x4528, 0x4528, 0x4528, 0x4528, 0x4528, 0x4508, 0x4529, 0x4529, 0x4529, 0x4529, 0x4D2A, 0x4D2B, 0x4D2C, 0x552D, 0x552E,
    0x552F, 0x5D30, 0x5D31, 0x5D11, 0x6512, 0x6512, 0x6513, 0x6513, 0x6514, 0x6514, 0x6514, 0x6514, 0x6514, 0x6514, 0x6514, 0x6D34,
    0x4D28, 0x4D48, 0x4D49, 0x4D49, 0x4D49, 0x4D49, 0x4D29, 0x4D49, 0x4D4A, 0x4D4A, 0x4D2B, 0x4D2B, 0x552C, 0x554D, 0x554E, 0x5D2F,
    0x5D30, 0x5D51, 0x6551, 0x6532, 0x6532, 0x6533, 0x6533, 0x6D34, 0x6D34, 0x6D34, 0x6D34, 0x6D34, 0x6D34, 0x6D34, 0x6D34, 0x6D54,
    0x4D49, 0x4D49, 0x4D49, 0x4D49, 0x4D49, 0x4D4A, 0x4D4A, 0x4D4A, 0x4D4B, 0x554C, 0x554C, 0x554D, 0x554E, 0x5D4E, 0x5D4F, 0x5D50,
    0x5D50, 0x6551, 0x6551, 0x6552, 0x6552, 0x6D53, 0x6D54, 0x6D54, 0x6D54, 0x6D55, 0x6D55, 0x6D55, 0x6D55, 0x6D55, 0x6D55, 0x6D55,
    0x4D49, 0x4D49, 0x4D49, 0x4D49, 0x4D49, 0x4D4A, 0x4D4A, 0x554B, 0x554C, 0x554C, 0x554D, 0x554E, 0x5D4E, 0x5D4F, 0x5D50, 0x5D50,
    0x5D51, 0x6551, 0x6552, 0x6552, 0x6553, 0x6D53, 0x6D54, 0x6D54, 0x6D54, 0x6D55, 0x6D75, 0x6D75, 0x6D55, 0x6D55, 0x6D55, 0x6D55,
    0x4D49, 0x4D49, 0x4D69, 0x4D49, 0x4D49, 0x4D4A, 0x4D4A, 0x554C, 0x554D, 0x554D, 0x554E, 0x5D4E, 0x5D4F, 0x5D4F, 0x5D50, 0x5D50,
    0x5D51, 0x6551, 0x6552, 0x6552, 0x6553, 0x6D53, 0x6D53, 0x6D54, 0x6D54, 0x6D55, 0x6D55, 0x6D55, 0x6D55, 0x7575, 0x6D55, 0x6D55,
    0x4D49, 0x4D69, 0x4D69, 0x4D49, 0x4D49, 0x4D4A, 0x4D4B, 0x554C, 0x554C, 0x554D, 0x5D4E, 0x5D4E, 0x5D4F, 0x5D50, 0x5D50, 0x5D51,
    0x5D51, 0x6551, 0x6552, 0x6552, 0x6553, 0x6D53, 0x6D53, 0x6D54, 0x6D54, 0x6D55, 0x6D55, 0x6D55, 0x7575, 0x7575, 0x6D55, 0x6D55,
    0x4D69, 0x4D69, 0x4D69, 0x4D49, 0x4D49, 0x4D4A, 0x4D4B, 0x554C, 0x554C, 0x554D, 0x5D4E, 0x5D4F, 0x5D4F, 0x5D50, 0x5D50, 0x5D51,
    0x6551, 0x6551, 0x6552, 0x6552, 0x6553, 0x6D53, 0x6D53, 0x6D54, 0x6D54, 0x6D75, 0x7575, 0x7575, 0x7575, 0x7575, 0x7575, 0x7575,
    0x4D69, 0x4D69, 0x4D69, 0x4D69, 0x4D49, 0x4D4A, 0x4D4B, 0x554B, 0x554C, 0x554D, 0x5D4E, 0x5D4E, 0x5D4F, 0x5D50, 0x5D50, 0x5D51,
    0x6551, 0x6551, 0x6552, 0x6552, 0x6553, 0x6D53, 0x6D53, 0x6D54, 0x6D54, 0x6D75, 0x6D75, 0x6D75, 0x7575, 0x7575, 0x7575, 0x6D75,
    0x4D49, 0x4D49, 0x4D69, 0x4D69, 0x4D69, 0x4D4A, 0x4D4B, 0x554B, 0x554C, 0x554D, 0x5D4E, 0x5D4E, 0x5D4F, 0x5D4F, 0x5D50, 0x6551,
    0x6551, 0x6551, 0x6552, 0x6552, 0x6553, 0x6D53, 0x6D53, 0x6D54, 0x6D54, 0x6D74, 0x6D75, 0x6D55, 0x6D55, 0x7575, 0x6D75, 0x6D55,
    0x1841, 0x1841, 0x1842, 0x1042, 0x1063, 0x1064, 0x1064, 0x1065, 0x1066, 0x1066, 0x1066, 0x1087, 0x1088, 0x1088, 0x1889, 0x18AA,
    0x18AA, 0x18AA, 0x18AB, 0x18AB, 0x18AB, 0x18AB, 0x18CB, 0x20CC, 0x20EC, 0x210D, 0x290E, 0x292E, 0x292F, 0x294F, 0x294F, 0x294F,
    0x1861, 0x1861, 0x1862, 0x1863, 0x1063, 0x1064, 0x1065, 0x1085, 0x1086, 0x1086, 0x1087, 0x1087, 0x1088, 0x1088, 0x1889, 0x18AA,
    0x18AA, 0x18AA, 0x18AB, 0x18AB, 0x18AB, 0x18AB, 0x20CC, 0x20CC, 0x20ED, 0x292F, 0x294F, 0x2970, 0x3190, 0x3190, 0x31B1, 0x31B1,
    0x1881, 0x1881, 0x1882, 0x1883, 0x1884, 0x1884, 0x1085, 0x1886, 0x1086, 0x1087, 0x1087, 0x1088, 0x1088, 0x1089, 0x1889, 0x18AA,
    0x18AA, 0x18AA, 0x18AB, 0x18AB, 0x18AB, 0x18AB, 0x20CC, 0x20ED, 0x210E, 0x2950, 0x3190, 0x31D1, 0x31F1, 0x31F2, 0x31F2, 0x3212,
    0x18C1, 0x18C1, 0x18A2, 0x18A3, 0x18A4, 0x18A5, 0x18A6, 0x18A6, 0x18A7, 0x18A7, 0x18A8, 0x1088, 0x1088, 0x1089, 0x1889, 0x18AA,
    0x18AA, 0x18AA, 0x18AB, 0x18AB, 0x18AB, 0x18AB, 0x20CC, 0x20ED, 0x292E, 0x2990, 0x31D1, 0x3211, 0x3A32, 0x3A32, 0x3A52, 0x3A52,
    0x18E1, 0x10E1, 0x10E2, 0x18E2, 0x18E3, 0x18E4, 0x18E6, 0x18C7, 0x18C7, 0x18C8, 0x18C8, 0x18A8, 0x18A9, 0x18A9, 0x18A9, 0x18AA,
    0x18AA, 0x18AB, 0x18AB, 0x18AB, 0x18AB, 0x18CB, 0x20CC, 0x20ED, 0x294F, 0x31B1, 0x3211, 0x3A51, 0x3A72, 0x3A72, 0x3A92, 0x3A92,
    0x1922, 0x1922, 0x1922, 0x1922, 0x1923, 0x1924, 0x1905, 0x1906, 0x1907, 0x18E8, 0x18E8, 0x18C9, 0x18C9, 0x18AA, 0x18AA, 0x18AA,
    0x18AA, 0x18AB, 0x18AB, 0x18AB, 0x18CB, 0x18CC, 0x20ED, 0x210E, 0x296F, 0x31D1, 0x3231, 0x3A71, 0x3A91, 0x3AB2, 0x3AB2, 0x3AB2,
    0x1942, 0x1942, 0x1962, 0x1962, 0x1963, 0x1144, 0x1145, 0x1946, 0x1927, 0x1928, 0x1908, 0x18E9, 0x18E9, 0x18CA, 0x18AA, 0x18AB,
    0x18AB, 0x18AB, 0x18AB, 0x18AB, 0x18CC, 0x20CC, 0x20ED, 0x212F, 0x2990, 0x31F0, 0x3251, 0x3AB1, 0x3AB1, 0x3AD1, 0x3AD1, 0x3AD1,
    0x1982, 0x1982, 0x1982, 0x1982, 0x1983, 0x1984, 0x1984, 0x1965, 0x1966, 0x1967, 0x1948, 0x1928, 0x1909, 0x18EA, 0x18EB, 0x18CB,
    0x18AB, 0x18AB, 0x18AB, 0x18AB, 0x18CC, 0x20CD, 0x210E, 0x214F, 0x29B0, 0x3230, 0x3291, 0x3AD1, 0x3AD1, 0x3AF1, 0x3AF1, 0x4311,
    0x19C3, 0x19C3, 0x19C3, 0x19C3, 0x19C3, 0x19C3, 0x19C4, 0x19A5, 0x19A6, 0x1987, 0x1988, 0x1968, 0x1949, 0x192A, 0x190B, 0x18EC,
    0x18CB, 0x18AB, 0x18AB, 0x18AB, 0x18CC, 0x20ED, 0x212E, 0x216F, 0x29F0, 0x3250, 0x3AB1, 0x3AF1, 0x3AF1, 0x3B11, 0x4311, 0x4331,
    0x2203, 0x1A03, 0x1A03, 0x1A03, 0x1A03, 0x1A03, 0x1A04, 0x19E5, 0x19E6, 0x19E7, 0x19C8, 0x19A8, 0x1989, 0x196A, 0x194B, 0x192C,
    0x18EC, 0x18CC, 0x18CC, 0x18CC, 0x20CC, 0x20ED, 0x214E, 0x218F, 0x2A10, 0x3290, 0x3AD1, 0x3B11, 0x4331, 0x4331, 0x4351, 0x4351,
    0x2243, 0x2243, 0x2243, 0x2243, 0x2243, 0x1A43, 0x1A44, 0x1A25, 0x2226, 0x2227, 0x2208, 0x21E8, 0x21E9, 0x21AA, 0x218B, 0x216C,
    0x212D, 0x190D, 0x18ED, 0x18CC, 0x20ED, 0x210E, 0x214E, 0x29CF, 0x2A30, 0x32B0, 0x3AF1, 0x3B31, 0x4351, 0x4351, 0x4371, 0x4391,
    0x2284, 0x2284, 0x2284, 0x2284, 0x2284, 0x2284, 0x2264, 0x2264, 0x2265, 0x2267, 0x2248, 0x2248, 0x2229, 0x220A, 0x21EB, 0x21AB,
    0x218C, 0x214D, 0x210D, 0x20ED, 0x20ED, 0x212E, 0x216E, 0x29EF, 0x3250, 0x3AB0, 0x3B11, 0x4351, 0x4371, 0x4371, 0x4391, 0x4391,
    0x22A4, 0x22A4, 0x22A4, 0x22A4, 0x22A4, 0x22A4, 0x22A4, 0x22A4, 0x22A5, 0x2286, 0x2287, 0x2288, 0x2269, 0x224A, 0x222B, 0x220B,
    0x21EC, 0x21AD, 0x216E, 0x212E, 0x212E, 0x214E, 0x21AF, 0x2A0F, 0x3290, 0x3AD0, 0x3B31, 0x4371, 0x4391, 0x4391, 0x43B2, 0x4BB2,
    0x22C4, 0x22C4, 0x22C4, 0x22C4, 0x22C4, 0x22C4, 0x22E4, 0x22E4, 0x22E5, 0x22C6, 0x22C7, 0x2AC8, 0x2AA9, 0x2AAA, 0x2A8B, 0x2A6C,
    0x2A4C, 0x2A2D, 0x29EE, 0x21AE, 0x218E, 0x218E, 0x29CF, 0x2A4F, 0x32B0, 0x3AF0, 0x3B51, 0x4391, 0x43B1, 0x43B2, 0x4BD2, 0x4BD2,
    0x2B04, 0x2B04, 0x2B04, 0x2B04, 0x2B04, 0x2B04, 0x2B04, 0x2B04, 0x2325, 0x2B05, 0x2B06, 0x2B08, 0x2B09, 0x2AEA, 0x2ACB, 0x2ACC,
    0x2AAD, 0x2A8D, 0x2A4E, 0x2A2E, 0x2A0E, 0x29EF, 0x2A2F, 0x328F, 0x32D0, 0x3B31, 0x4371, 0x43B1, 0x43D1, 0x4BD2, 0x4BF2, 0x4BF2,
    0x2B45, 0x2B45, 0x2B45, 0x2B45, 0x2B45, 0x2B45, 0x2B45, 0x2B45, 0x2B65, 0x2B45, 0x2B46, 0x2B47, 0x2B49, 0x332A, 0x332B, 0x330C,
    0x330D, 0x32ED, 0x32CE, 0x32AF, 0x328F, 0x2A6F, 0x328F, 0x32D0, 0x3B10, 0x3B51, 0x4391, 0x43D1, 0x4BD2, 0x4BF2, 0x4C12, 0x4C32,
    0x3385, 0x3385, 0x3385, 0x2B85, 0x2BA5, 0x2B85, 0x3385, 0x33A5, 0x2BA5, 0x2BA5, 0x2BA6, 0x33A7, 0x3388, 0x338A, 0x338B, 0x336C,
    0x334D, 0x3B4E, 0x3B2E, 0x3B0F, 0x32F0, 0x32D0, 0x32F0, 0x3B10, 0x3B31, 0x4371, 0x43B1, 0x4BD2, 0x4BF2, 0x4C12, 0x5432, 0x5452,
    0x33C6, 0x33E6, 0x33E6, 0x33E6, 0x33E6, 0x33E6, 0x33E6, 0x33E6, 0x33E6, 0x33E6, 0x33E6, 0x33E6, 0x33E7, 0x33E9, 0x3BCB, 0x3BCC,
    0x3BAD, 0x3B8E, 0x3B8F, 0x3B6F, 0x3B50, 0x3B30, 0x3B30, 0x3B51, 0x4371, 0x4391, 0x43D1, 0x4C12, 0x4C32, 0x5432, 0x5452, 0x5472,
    0x3406, 0x3426, 0x3C26, 0x3426, 0x3426, 0x3426, 0x3426, 0x3426, 0x3426, 0x3426, 0x3426, 0x3427, 0x3427, 0x3C29, 0x3C0A, 0x3C0C,
    0x440D, 0x43EE, 0x43EF, 0x43D0, 0x43B0, 0x4391, 0x4391, 0x4391, 0x43B1, 0x43D1, 0x4BF2, 0x4C32, 0x5452, 0x5452, 0x5472, 0x5C73,
    0x3C47, 0x3C67, 0x3C67, 0x3C67, 0x3C67, 0x3C67, 0x3C67, 0x3C67, 0x3C67, 0x3C67, 0x3C67, 0x3C67, 0x3C67, 0x3C68, 0x3C6A, 0x444C,
    0x444D, 0x444E, 0x4C2F, 0x4430, 0x4C10, 0x4BF1, 0x4BF1, 0x4BF1, 0x4BF2, 0x4C12, 0x4C32, 0x5452, 0x5472, 0x5C73, 0x5C93, 0x5CB3,
    0x3C87, 0x3C87, 0x3CA7, 0x3CA7, 0x3C87, 0x3C87, 0x3C87, 0x3C87, 0x3C87, 0x3CA7, 0x3CA7, 0x3CA7, 0x3CA8, 0x3CA9, 0x448A, 0x448C,
    0x4C8D, 0x4C8F, 0x4C90, 0x4C70, 0x4C51, 0x4C51, 0x5452, 0x5432, 0x5452, 0x5452, 0x5472, 0x5472, 0x5C93, 0x5C93, 0x5CB3, 0x5CD3,
    0x3CC7, 0x44C7, 0x44C7, 0x3CC7, 0x3CC7, 0x3CC7, 0x3CC7, 0x44C7, 0x44C8, 0x44C8, 0x44C8, 0x44C8, 0x44C8, 0x44C9, 0x44CA, 0x4CCC,
    0x4CCD, 0x54CF, 0x54D0, 0x54B1, 0x54B1, 0x5492, 0x5492, 0x5492, 0x5C93, 0x5C93, 0x5C93, 0x5C93, 0x5CB3, 0x5CB3, 0x5CD3, 0x64D3,
    0x44E8, 0x44E8, 0x44E8, 0x44E8, 0x44E8, 0x44E8, 0x44E8, 0x44E8, 0x44E8, 0x44E8, 0x4508, 0x44E9, 0x44E9, 0x44EA, 0x4CEB, 0x4CED,
    0x54EE, 0x54EF, 0x5CF0, 0x5CF1, 0x5CF2, 0x5CD2, 0x5CD2, 0x5CD3, 0x5CD3, 0x5CD3, 0x64D3, 0x64D3, 0x64D3, 0x64D3, 0x64F4, 0x64F4,
    0x4508, 0x4508, 0x4528, 0x4528, 0x4528, 0x4528, 0x4508, 0x4508, 0x4509, 0x4529, 0x4529, 0x4D0A, 0x4D0B, 0x4D0C, 0x4D2D, 0x550E,
    0x552F, 0x5D30, 0x5D31, 0x5D31, 0x6512, 0x6512, 0x6513, 0x6513, 0x6514, 0x6514, 0x6514, 0x6514, 0x6514, 0x6514, 0x6514, 0x6D34,
    0x4528, 0x4548, 0x4548, 0x4549, 0x4D49, 0x4D49, 0x4D29, 0x4D29, 0x4D2A, 0x4D2A, 0x4D2B, 0x4D2B, 0x552C, 0x552D, 0x552E, 0x552F,
    0x5D30, 0x5D31, 0x6531, 0x6532, 0x6532, 0x6533, 0x6533, 0x6D34, 0x6D34, 0x6D34, 0x6D34, 0x6D34, 0x6D34, 0x6D34, 0x6D34, 0x6D54,
    0x4D49, 0x4D49, 0x4D49, 0x4D49, 0x4D49, 0x4D49, 0x4D4A, 0x4D4A, 0x4D4B, 0x554C, 0x554C, 0x554D, 0x554E, 0x554E, 0x5D4F, 0x5D50,
    0x5D50, 0x5D51, 0x6551, 0x6552, 0x6552, 0x6D53, 0x6D54, 0x6D54, 0x6D54, 0x6D55, 0x6D55, 0x6D55, 0x6D55, 0x6D55, 0x6D55, 0x6D55,
    0x4D49, 0x4D49, 0x4D49, 0x4D49, 0x4D49, 0x4D4A, 0x4D4A, 0x4D4B, 0x554C, 0x554C, 0x554D, 0x554E, 0x5D4E, 0x5D4F, 0x5D4F, 0x5D50,
    0x5D51, 0x6551, 0x6552, 0x6552, 0x6553, 0x6D53, 0x6D54, 0x6D54, 0x6D54, 0x6D55, 0x6D55, 0x6D55, 0x6D55, 0x6D55, 0x6D55, 0x6D55,
    0x4D49, 0x4D49, 0x4D69, 0x4D49, 0x4D49, 0x4D4A, 0x4D4A, 0x554B, 0x554C, 0x554D, 0x554E, 0x5D4E, 0x5D4F, 0x5D4F, 0x5D50, 0x5D51,
    0x5D51, 0x6551, 0x6552, 0x6552, 0x6553, 0x6D53, 0x6D54, 0x6D54, 0x6D54, 0x6D55, 0x6D55, 0x6D55, 0x6D55, 0x7575, 0x6D55, 0x6D55,
    0x4D49, 0x4D69, 0x4D69, 0x4D49, 0x4D49, 0x4D4A, 0x4D4B, 0x554B, 0x554C, 0x554D, 0x5D4E, 0x5D4E, 0x5D4F, 0x5D50, 0x5D50, 0x5D51,
    0x5D51, 0x6551, 0x6552, 0x6552, 0x6553, 0x6D53, 0x6D53, 0x6D54, 0x6D54, 0x6D55, 0x6D55, 0x6D55, 0x6D55, 0x7575, 0x7555, 0x6D55,
    0x4D69, 0x4D69, 0x4D69, 0x4D49, 0x4D49, 0x4D4A, 0x4D4B, 0x554B, 0x554C, 0x554D, 0x5D4E, 0x5D4F, 0x5D4F, 0x5D50, 0x5D50, 0x5D51,
    0x5D51, 0x6551, 0x6552, 0x6552, 0x6553, 0x6D53, 0x6D53, 0x6D54, 0x6D54, 0x6D55, 0x6D55, 0x6D55, 0x6D55, 0x6D55, 0x7575, 0x7575,
    0x4D69, 0x4D69, 0x4D69, 0x4D69, 0x4D49, 0x4D4A, 0x4D4B, 0x554B, 0x554C, 0x554D, 0x5D4E, 0x5D4E, 0x5D4F, 0x5D50, 0x5D50, 0x5D51,
    0x6551, 0x6551, 0x6552, 0x6552, 0x6553, 0x6D53, 0x6D53, 0x6D54, 0x6D54, 0x6D55, 0x6D55, 0x6D55, 0x6D55, 0x6D75, 0x7575, 0x7575,
    0x4D49, 0x4D49, 0x4D49, 0x4D69, 0x4D69, 0x4D4A, 0x4D4B, 0x554B, 0x554C, 0x554D, 0x554E, 0x5D4E, 0x5D4F, 0x5D50, 0x5D50, 0x6551,
    0x6551, 0x6551, 0x6552, 0x6552, 0x6552, 0x6553, 0x6D53, 0x6D54, 0x6D54, 0x6D54, 0x6D55, 0x6D55, 0x6D55, 0x6D75, 0x6D75, 0x6D75,
    0x1841, 0x1861, 0x1862, 0x1862, 0x1863, 0x1863, 0x1864, 0x1865, 0x1866, 0x1086, 0x1087, 0x1087, 0x1088, 0x1888, 0x1889, 0x18AA,
    0x18AA, 0x18AA, 0x18AA, 0x18AB, 0x18AB, 0x18AB, 0x18AB, 0x20CB, 0x20CC, 0x20ED, 0x210D, 0x290D, 0x290E, 0x290E, 0x292E, 0x292E,
    0x1861, 0x2061, 0x2062, 0x1862, 0x1863, 0x1864, 0x1864, 0x1865, 0x1886, 0x1086, 0x1087, 0x1087, 0x1088, 0x1088, 0x1889, 0x18AA,
    0x18AA, 0x18AA, 0x18AB, 0x18AB, 0x18AB, 0x18AB, 0x20CB, 0x20CC, 0x20ED, 0x290E, 0x292F, 0x294F, 0x3170, 0x3170, 0x3170, 0x3170,
    0x1881, 0x2081, 0x2062, 0x2083, 0x1883, 0x1884, 0x1864, 0x1885, 0x1886, 0x1086, 0x1087, 0x1087, 0x1088, 0x1088, 0x1889, 0x18AA,
    0x18AA, 0x18AB, 0x18AB, 0x18AB, 0x18AB, 0x18AB, 0x20CC, 0x20CC, 0x210E, 0x292F, 0x3170, 0x31B1, 0x31B2, 0x31D2, 0x31D2, 0x31D2,
    0x18C1, 0x20C2, 0x20A2, 0x20A3, 0x20A3, 0x18A4, 0x18A5, 0x18A6, 0x18A7, 0x18A7, 0x1887, 0x1888, 0x1888, 0x1089, 0x1889, 0x18AA,
    0x18AA, 0x18AA, 0x18AB, 0x18AB, 0x18AB, 0x18AB, 0x20CC, 0x20ED, 0x292E, 0x3170, 0x31B1, 0x39F2, 0x3A12, 0x3A32, 0x3A32, 0x3A32,
    0x1902, 0x18E2, 0x18E2, 0x18E3, 0x20E3, 0x20E5, 0x20E6, 0x18C7, 0x18C8, 0x18C8, 0x18A8, 0x18A8, 0x18A8, 0x18A9, 0x1889, 0x18AA,
    0x18AA, 0x18AA, 0x18AB, 0x18AB, 0x18AB, 0x18AB, 0x20CC, 0x20ED, 0x294F, 0x31B1, 0x3A12, 0x3A52, 0x3A73, 0x4273, 0x4293, 0x4293,
    0x1922, 0x1922, 0x1922, 0x1922, 0x1923, 0x1924, 0x1905, 0x1907, 0x1908, 0x18E8, 0x18E8, 0x18C9, 0x18C9, 0x18AA, 0x18AA, 0x18AA,
    0x18AA, 0x18AB, 0x18AB, 0x18AB, 0x18AB, 0x18CC, 0x20ED, 0x210E, 0x296F, 0x31D1, 0x3A32, 0x3A92, 0x4292, 0x42B2, 0x42B2, 0x42B2,
    0x1942, 0x1942, 0x2162, 0x1962, 0x1962, 0x1964, 0x1945, 0x1946, 0x1947, 0x1928, 0x1929, 0x1909, 0x18EA, 0x18CA, 0x18CB, 0x18AB,
    0x18AB, 0x18AB, 0x18AB, 0x18AB, 0x18CB, 0x20CC, 0x20ED, 0x212E, 0x2990, 0x31F1, 0x3A51, 0x3AB2, 0x42B2, 0x42D2, 0x42D2, 0x42D2,
    0x1982, 0x2182, 0x2183, 0x1982, 0x1983, 0x19A3, 0x19A4, 0x1986, 0x1987, 0x1968, 0x1968, 0x1949, 0x1929, 0x190A, 0x18EB, 0x18CB,
    0x18AB, 0x18AB, 0x18AB, 0x18AB, 0x18CC, 0x20CD, 0x210D, 0x214F, 0x29B0, 0x3231, 0x3A91, 0x42D2, 0x42F2, 0x42F2, 0x42F2, 0x4312,
    0x21C3, 0x21C3, 0x21C3, 0x19C3, 0x19C3, 0x19C3, 0x19E4, 0x19C5, 0x19C6, 0x19A7, 0x19A8, 0x1988, 0x1969, 0x194A, 0x190B, 0x18EC,
    0x18CC, 0x18AB, 0x18AB, 0x18AB, 0x18CC, 0x20ED, 0x212E, 0x216F, 0x29F0, 0x3271, 0x3AB1, 0x42F2, 0x4312, 0x4312, 0x4332, 0x4352,
    0x2203, 0x2203, 0x2203, 0x2203, 0x2203, 0x1A03, 0x1A04, 0x1A05, 0x19E6, 0x19E7, 0x21C8, 0x21C8, 0x19A9, 0x198A, 0x194B, 0x192C,
    0x190C, 0x18EC, 0x18CC, 0x18CC, 0x20CC, 0x20ED, 0x214E, 0x218F, 0x2A10, 0x3291, 0x3AD1, 0x4332, 0x4332, 0x4352, 0x4352, 0x4372,
    0x2243, 0x2243, 0x2223, 0x2223, 0x2243, 0x2243, 0x2244, 0x2225, 0x2226, 0x2227, 0x2208, 0x2208, 0x21E9, 0x21CA, 0x21AB, 0x216C,
    0x214D, 0x190D, 0x18ED, 0x20EC, 0x20ED, 0x210E, 0x214E, 0x29CF, 0x3230, 0x3AB1, 0x3AF1, 0x4351, 0x4352, 0x4372, 0x4392, 0x4B92,
    0x2264, 0x2264, 0x2264, 0x2264, 0x2264, 0x2284, 0x2264, 0x2264, 0x2265, 0x2266, 0x2248, 0x2248, 0x2229, 0x220A, 0x21EB, 0x21CB,
    0x218C, 0x214D, 0x212D, 0x20ED, 0x210D, 0x212E, 0x218E, 0x29EF, 0x3270, 0x3AD1, 0x3B11, 0x4352, 0x4372, 0x4B92, 0x4BB2, 0x4BB2,
    0x22A4, 0x22A4, 0x22A4, 0x22A4, 0x22A4, 0x22A4, 0x22A4, 0x22A4, 0x22A5, 0x2286, 0x2287, 0x2288, 0x2269, 0x224A, 0x222B, 0x220B,
    0x21EC, 0x21AD, 0x216E, 0x214E, 0x212E, 0x214E, 0x21AF, 0x2A2F, 0x3290, 0x3AF1, 0x4331, 0x4372, 0x4392, 0x4BB2, 0x4BD2, 0x4BD2,
    0x2AC4, 0x2AC4, 0x2AC4, 0x2AC4, 0x2AC4, 0x22C4, 0x22C4, 0x22C4, 0x22C4, 0x22C6, 0x22C7, 0x2AC8, 0x2AA9, 0x2AAA, 0x2A8B, 0x2A6B,
    0x2A4C, 0x2A2D, 0x29EE, 0x21AE, 0x21AE, 0x218E, 0x29EF, 0x324F, 0x32B0, 0x3B11, 0x4351, 0x4392, 0x4BB2, 0x4BD2, 0x4BF2, 0x4BF2,
    0x2B04, 0x2B04, 0x2AE4, 0x2B04, 0x2B04, 0x2B04, 0x2B04, 0x2B04, 0x2305, 0x2305, 0x2B06, 0x2B08, 0x2B09, 0x2AEA, 0x2ACB, 0x2ACC,
    0x2AAC, 0x2A8D, 0x2A6E, 0x2A2E, 0x2A0E, 0x29EF, 0x2A2F, 0x3290, 0x3AF0, 0x3B31, 0x4371, 0x4BB2, 0x4BD2, 0x4BF2, 0x4C12, 0x5412,
    0x2B45, 0x2B45, 0x2B25, 0x2B45, 0x2B45, 0x2B45, 0x2B45, 0x2B45, 0x2B45, 0x2B45, 0x2B46, 0x2B47, 0x2B49, 0x332A, 0x332B, 0x330C,
    0x330D, 0x32ED, 0x32CE, 0x32AF, 0x328F, 0x326F, 0x32AF, 0x32D0, 0x3B10, 0x4351, 0x4391, 0x4BD2, 0x4BF2, 0x4C12, 0x5432, 0x5432,
    0x3385, 0x3385, 0x3385, 0x2B85, 0x2B85, 0x2B85, 0x3385, 0x3385, 0x2B85, 0x2B85, 0x2B86, 0x3387, 0x3388, 0x338A, 0x338B, 0x336C,
    0x334D, 0x332E, 0x332E, 0x330F, 0x32F0, 0x32F0, 0x3AF0, 0x3B10, 0x3B51, 0x4391, 0x43D1, 0x4BF2, 0x4C12, 0x5432, 0x5452, 0x5453,
    0x33C6, 0x33C6, 0x33C6, 0x33E6, 0x33E6, 0x33E6, 0x33E6, 0x33E6, 0x33E6, 0x33E6, 0x33E6, 0x33E6, 0x33E7, 0x3BE9, 0x3BCB, 0x3BAC,
    0x3BAD, 0x3B8E, 0x3B8F, 0x3B6F, 0x3B50, 0x3B50, 0x3B51, 0x3B51, 0x4391, 0x43B1, 0x4BF2, 0x4C12, 0x5432, 0x5452, 0x5453, 0x5473,
    0x3C06, 0x3406, 0x3426, 0x3426, 0x3426, 0x3426, 0x3426, 0x3426, 0x3426, 0x3426, 0x3426, 0x3427, 0x3427, 0x3C29, 0x3C0A, 0x3C0C,
    0x43ED, 0x43EE, 0x43EF, 0x43D0, 0x43B0, 0x43B1, 0x4391, 0x4391, 0x43B1, 0x4BF2, 0x4C12, 0x5432, 0x5452, 0x5473, 0x5C73, 0x5C93,
    0x3C47, 0x3C67, 0x3C67, 0x3C67, 0x3C67, 0x3C67, 0x3C47, 0x3C47, 0x3C47, 0x3C67, 0x3C67, 0x3C67, 0x3C67, 0x3C68, 0x3C6A, 0x444C,
    0x444D, 0x4C4F, 0x4C4F, 0x4C30, 0x4C10, 0x4C11, 0x4BF1, 0x4BF1, 0x4BF2, 0x4C12, 0x5432, 0x5452, 0x5473, 0x5C93, 0x5C93, 0x5CB3,
    0x3C87, 0x3C87, 0x3CA7, 0x3C87, 0x3C87, 0x3C87, 0x3C87, 0x3C87, 0x3C87, 0x3C87, 0x3C87, 0x3CA7, 0x3CA8, 0x3C89, 0x448A, 0x448C,
    0x4C8D, 0x4C8F, 0x4C90, 0x4C70, 0x4C71, 0x4C51, 0x5452, 0x5432, 0x5432, 0x5452, 0x5472, 0x5C73, 0x5C93, 0x5CB3, 0x5CB3, 0x64D3,
    0x3CC7, 0x3CC7, 0x3CC7, 0x3CA7, 0x3CA7, 0x3CC7, 0x3CC7, 0x3CC7, 0x3CC7, 0x44C8, 0x44C8, 0x44C8, 0x44C8, 0x44C9, 0x44CA, 0x4CCC,
    0x4CCD, 0x54CF, 0x54D0, 0x54B1, 0x54B1, 0x5492, 0x5492, 0x5492, 0x5C93, 0x5C93, 0x5C93, 0x5CB3, 0x5CB3, 0x5CB3, 0x64D3, 0x64F4,
    0x44E8, 0x44E8, 0x44E8, 0x44E8, 0x44E8, 0x44E8, 0x44E8, 0x44E8, 0x44E8, 0x44E8, 0x44E8, 0x44E9, 0x44E9, 0x44EA, 0x4CEB, 0x4CEC,
    0x54EE, 0x54EF, 0x5CF1, 0x5CF1, 0x5CF2, 0x5CD2, 0x5CD2, 0x5CD3, 0x5CD3, 0x5CD3, 0x5CD3, 0x64D3, 0x64D3, 0x64D3, 0x64F4, 0x64F4,
    0x4508, 0x4508, 0x4508, 0x4508, 0x4528, 0x4508, 0x4508, 0x4508, 0x4508, 0x4509, 0x4529, 0x4D0A, 0x4D0A, 0x4D0B, 0x4D0C, 0x550D,
    0x552F, 0x5D30, 0x5D31, 0x6531, 0x6532, 0x6512, 0x6513, 0x6513, 0x6514, 0x6514, 0x6514, 0x6514, 0x6514, 0x6514, 0x6514, 0x6D14,
    0x4528, 0x4528, 0x4528, 0x4529, 0x4D49, 0x4D29, 0x4529, 0x4D29, 0x4D2A, 0x4D2A, 0x4D2B, 0x4D2B, 0x4D2C, 0x552D, 0x552D, 0x552E,
    0x5D30, 0x5D30, 0x6531, 0x6532, 0x6532, 0x6533, 0x6533, 0x6D34, 0x6D34, 0x6D34, 0x6D34, 0x6D34, 0x6D34, 0x6D34, 0x6D34, 0x6D34,
    0x4D49, 0x4D49, 0x4D49, 0x4D49, 0x4D49, 0x4D49, 0x4D4A, 0x4D4A, 0x4D4B, 0x4D4C, 0x554C, 0x554D, 0x554D, 0x554E, 0x5D4F, 0x5D4F,
    0x5D50, 0x5D51, 0x6551, 0x6552, 0x6553, 0x6D53, 0x6D54, 0x6D54, 0x6D54, 0x6D55, 0x6D55, 0x6D55, 0x6D55, 0x6D55, 0x6D55, 0x6D55,
    0x4D49, 0x4D49, 0x4D49, 0x4D49, 0x4D49, 0x4D4A, 0x4D4A, 0x4D4B, 0x554C, 0x554C, 0x554D, 0x554E, 0x554E, 0x5D4F, 0x5D4F, 0x5D50,
    0x5D51, 0x6551, 0x6552, 0x6552, 0x6553, 0x6D53, 0x6D54, 0x6D54, 0x6D54, 0x6D55, 0x6D55, 0x6D55, 0x6D55, 0x6D55, 0x6D55, 0x6D55,
    0x4D49, 0x4D49, 0x4D69, 0x4D49, 0x4D49, 0x4D4A, 0x4D4A, 0x554B, 0x554C, 0x554D, 0x554E, 0x5D4E, 0x5D4F, 0x5D4F, 0x5D50, 0x5D51,
    0x5D51, 0x6551, 0x6552, 0x6552, 0x6553, 0x6D53, 0x6D54, 0x6D54, 0x6D54, 0x6D55, 0x6D55, 0x6D55, 0x6D55, 0x7575, 0x7575, 0x6D55,
    0x4D49, 0x4D49, 0x4D69, 0x4D49, 0x4D49, 0x4D4A, 0x4D4A, 0x554B, 0x554C, 0x554D, 0x554E, 0x5D4E, 0x5D4F, 0x5D50, 0x5D50, 0x5D51,
    0x5D51, 0x6551, 0x6552, 0x6552, 0x6553, 0x6D53, 0x6D54, 0x6D54, 0x6D54, 0x6D55, 0x6D55, 0x6D55, 0x6D55, 0x7575, 0x7575, 0x7575,
    0x4D69, 0x4D69, 0x4D69, 0x4D49, 0x4D49, 0x4D4A, 0x4D4A, 0x554B, 0x554C, 0x554D, 0x554E, 0x5D4E, 0x5D4F, 0x5D50, 0x5D50, 0x5D51,
    0x5D51, 0x6551, 0x6552, 0x6552, 0x6553, 0x6553, 0x6D53, 0x6D54, 0x6D54, 0x6D55, 0x6D55, 0x6D55, 0x6D55, 0x6D55, 0x7555, 0x7575,
    0x4D69, 0x4D69, 0x4D49, 0x4D69, 0x4D69, 0x4D4A, 0x4D4A, 0x4D4B, 0x554C, 0x554D, 0x554E, 0x5D4E, 0x5D4F, 0x5D50, 0x5D50, 0x5D50,
    0x5D51, 0x6551, 0x6552, 0x6552, 0x6553, 0x6553, 0x6D53, 0x6D54, 0x6D54, 0x6D55, 0x6D55, 0x6D55, 0x6D55, 0x6D55, 0x7575, 0x7575,
    0x4D49, 0x4D49, 0x4D49, 0x4D69, 0x4D69, 0x4D4A, 0x4D4A, 0x4D4B, 0x554C, 0x554D, 0x554E, 0x5D4E, 0x5D4F, 0x5D50, 0x5D50, 0x5D50,
    0x6551, 0x6551, 0x6552, 0x6552, 0x6552, 0x6553, 0x6D53, 0x6D54, 0x6D54, 0x6D54, 0x6D55, 0x6D55, 0x6D55, 0x6D75, 0x7575, 0x7575,
    0x2061, 0x2061, 0x2062, 0x1862, 0x1863, 0x1863, 0x1864, 0x1865, 0x1885, 0x1886, 0x1886, 0x1887, 0x1888, 0x1888, 0x1889, 0x18AA,
    0x18AA, 0x18AA, 0x18AA, 0x18AB, 0x18AB, 0x18AB, 0x18AB, 0x20CB, 0x20CC, 0x20ED, 0x28ED, 0x290D, 0x290D, 0x290D, 0x290E, 0x290E,
    0x2061, 0x2061, 0x2062, 0x2062, 0x2063, 0x1864, 0x1864, 0x1885, 0x1885, 0x1886, 0x1886, 0x1887, 0x1888, 0x1888, 0x1889, 0x18AA,
    0x18AA, 0x18AA, 0x18AA, 0x18AB, 0x18AB, 0x18AB, 0x20CB, 0x20CC, 0x20ED, 0x290E, 0x292E, 0x292F, 0x314F, 0x314F, 0x314F, 0x316F,
    0x2081, 0x2081, 0x2062, 0x2062, 0x2083, 0x2084, 0x1864, 0x1885, 0x1886, 0x1886, 0x1886, 0x1887, 0x1888, 0x1888, 0x1889, 0x18AA,
    0x18AA, 0x18AA, 0x18AA, 0x18AB, 0x18AB, 0x18AB, 0x20CC, 0x20CC, 0x20ED, 0x292E, 0x314F, 0x3170, 0x3191, 0x3191, 0x39B1, 0x39B1,
    0x20C2, 0x20C2, 0x20A2, 0x20A2, 0x20A3, 0x20A4, 0x20A5, 0x20A6, 0x20A6, 0x1887, 0x1887, 0x1887, 0x1888, 0x1888, 0x1889, 0x18AA,
    0x18AA, 0x18AA, 0x18AB, 0x18AB, 0x18AB, 0x18AB, 0x20CC, 0x20EC, 0x290E, 0x3150, 0x3191, 0x39D2, 0x39D2, 0x39F2, 0x39F2, 0x3A12,
    0x2102, 0x2102, 0x20E2, 0x20E3, 0x28E3, 0x28C5, 0x20C6, 0x20C6, 0x20C7, 0x20A7, 0x18A8, 0x18A8, 0x1888, 0x1889, 0x1889, 0x18AA,
    0x18AA, 0x18AA, 0x18AB, 0x18AB, 0x18AB, 0x18AB, 0x20CC, 0x20ED, 0x292E, 0x3190, 0x39D2, 0x3A33, 0x3A33, 0x4253, 0x4253, 0x4273,
    0x2122, 0x2122, 0x2122, 0x2122, 0x2123, 0x2124, 0x2105, 0x2107, 0x2108, 0x20E8, 0x20E8, 0x18C9, 0x18C9, 0x18A9, 0x18AA, 0x18AA,
    0x18AA, 0x18AA, 0x18AB, 0x18AB, 0x18AB, 0x18CB, 0x20CC, 0x210D, 0x294F, 0x31D1, 0x3A12, 0x4273, 0x4293, 0x4293, 0x4293, 0x42B3,
    0x2162, 0x2162, 0x2162, 0x2162, 0x2163, 0x2164, 0x2165, 0x2147, 0x2148, 0x2129, 0x2109, 0x210A, 0x18EA, 0x18CA, 0x18CA, 0x18AB,
    0x18AB, 0x18AB, 0x18AB, 0x18AB, 0x18CB, 0x20CC, 0x20ED, 0x212E, 0x2990, 0x31F2, 0x3A52, 0x42B3, 0x42B3, 0x42D3, 0x42D3, 0x42F3,
    0x2183, 0x2183, 0x2183, 0x2183, 0x2183, 0x21A3, 0x21A4, 0x21A6, 0x2187, 0x2168, 0x2169, 0x2149, 0x192A, 0x190B, 0x18EB, 0x18CB,
    0x18AB, 0x18AB, 0x18AB, 0x18AB, 0x18CC, 0x20CC, 0x210D, 0x214F, 0x29B0, 0x3A31, 0x3A92, 0x42D3, 0x42F3, 0x42F3, 0x4313, 0x4B13,
    0x21C3, 0x21C3, 0x21C3, 0x21C3, 0x21C3, 0x21E3, 0x21E4, 0x21E5, 0x19C7, 0x21C8, 0x21A9, 0x2189, 0x216A, 0x194B, 0x192B, 0x18EC,
    0x18CC, 0x18AB, 0x18AB, 0x18AB, 0x18CC, 0x20ED, 0x212E, 0x296F, 0x31D0, 0x3A51, 0x42B2, 0x4312, 0x4313, 0x4332, 0x4B33, 0x4B53,
    0x2203, 0x2203, 0x21E3, 0x2203, 0x2203, 0x2203, 0x2204, 0x2205, 0x2206, 0x2207, 0x21E8, 0x21C9, 0x21AA, 0x218A, 0x196B, 0x192C,
    0x190C, 0x18EC, 0x18CC, 0x18CC, 0x18CC, 0x20ED, 0x214E, 0x298F, 0x3210, 0x3A91, 0x42D2, 0x4332, 0x4352, 0x4B52, 0x4B73, 0x4B73,
    0x2A44, 0x2A23, 0x2223, 0x2223, 0x2223, 0x2243, 0x2244, 0x2244, 0x2245, 0x2227, 0x2228, 0x2209, 0x21E9, 0x21CA, 0x21AB, 0x218C,
    0x214D, 0x190D, 0x18ED, 0x18CC, 0x20ED, 0x210E, 0x216F, 0x29CF, 0x3250, 0x3AB1, 0x4312, 0x4352, 0x4B72, 0x4B72, 0x4B92, 0x4BB3,
    0x2A64, 0x2A64, 0x2A64, 0x2A64, 0x2A64, 0x2264, 0x2264, 0x2284, 0x2285, 0x2266, 0x2268, 0x2248, 0x2229, 0x220A, 0x21EB, 0x21CC,
    0x21AC, 0x216D, 0x212D, 0x210D, 0x210E, 0x212E, 0x218F, 0x2A0F, 0x3270, 0x3AF1, 0x4332, 0x4B72, 0x4B92, 0x4BB2, 0x4BB2, 0x4BD3,
    0x2AA4, 0x2AA4, 0x2AA4, 0x2AA4, 0x2AA4, 0x2AA4, 0x2AA4, 0x22A4, 0x22A4, 0x22A6, 0x22A7, 0x2288, 0x2269, 0x224A, 0x224B, 0x222B,
    0x220C, 0x21CD, 0x218E, 0x214E, 0x214E, 0x214E, 0x21AF, 0x2A2F, 0x32B0, 0x3B11, 0x4352, 0x4B92, 0x4BB2, 0x4BD2, 0x4BD2, 0x53F3,
    0x2AC4, 0x2AC4, 0x2AC4, 0x2AC4, 0x2AC4, 0x2AC4, 0x2AC4, 0x2AC4, 0x22C4, 0x22C6, 0x22C7, 0x2AC8, 0x2AA9, 0x2AAA, 0x2A8B, 0x2A6C,
    0x2A4C, 0x2A2D, 0x2A0E, 0x21CE, 0x21AE, 0x21AE, 0x29EF, 0x326F, 0x32B0, 0x3B31, 0x4372, 0x4BB2, 0x4BD2, 0x4BF2, 0x53F3, 0x5413,
    0x2B05, 0x2B04, 0x2AE4, 0x2B04, 0x2B05, 0x2B05, 0x2B04, 0x2B04, 0x2B05, 0x2B05, 0x2B06, 0x2B08, 0x2B09, 0x2AEA, 0x2ACB, 0x2ACC,
    0x2AAD, 0x2A8D, 0x2A6E, 0x2A4E, 0x2A2F, 0x2A0F, 0x2A4F, 0x3290, 0x3AF0, 0x4351, 0x4392, 0x4BD2, 0x4BF2, 0x5412, 0x5413, 0x5433,
    0x3345, 0x3345, 0x3345, 0x3345, 0x2B45, 0x2B45, 0x2B45, 0x2B45, 0x2B45, 0x2B45, 0x2B46, 0x2B47, 0x2B49, 0x332A, 0x332B, 0x332C,
    0x330D, 0x32ED, 0x32CE, 0x32AF, 0x328F, 0x328F, 0x32B0, 0x32D0, 0x3B31, 0x4371, 0x4BB2, 0x4BF2, 0x5412, 0x5433, 0x5433, 0x5453,
    0x3385, 0x3385, 0x3385, 0x3385, 0x3385, 0x3385, 0x3385, 0x3385, 0x3385, 0x2B85, 0x2BA6, 0x3387, 0x3388, 0x338A, 0x338B, 0x336C,
    0x3B4D, 0x334E, 0x332E, 0x330F, 0x32F0, 0x32F0, 0x3B10, 0x3B10, 0x4351, 0x4391, 0x4BD2, 0x5412, 0x5432, 0x5433, 0x5453, 0x5C73,
    0x33C6, 0x33C6, 0x33C6, 0x33E6, 0x33E6, 0x33C6, 0x33C6, 0x33C6, 0x33E6, 0x33E6, 0x33E6, 0x33E7, 0x33E8, 0x33E9, 0x3BCB, 0x3BAC,
    0x3BAD, 0x3B8E, 0x3B8F, 0x3B6F, 0x3B50, 0x3B50, 0x3B51, 0x4371, 0x4391, 0x4BD2, 0x4BF2, 0x5432, 0x5453, 0x5453, 0x5C73, 0x5C93,
    0x3C26, 0x3C26, 0x3C26, 0x3C26, 0x3C26, 0x3426, 0x3406, 0x3406, 0x3426, 0x3426, 0x3426, 0x3427, 0x3427, 0x3C29, 0x3C0B, 0x3C0C,
    0x43ED, 0x43EE, 0x43CF, 0x43D0, 0x43B0, 0x43B1, 0x43B1, 0x43B1, 0x43D1, 0x4BF2, 0x5432, 0x5452, 0x5473, 0x5C73, 0x5C93, 0x5CB3,
    0x3C47, 0x3C47, 0x3C47, 0x3C47, 0x3C47, 0x3C47, 0x3C47, 0x3C47, 0x3C47, 0x3C67, 0x3C67, 0x3C67, 0x3C67, 0x3C68, 0x3C4A, 0x444C,
    0x444D, 0x444E, 0x4C2F, 0x4C30, 0x4C10, 0x4C11, 0x4BF1, 0x4BF1, 0x4C12, 0x4C32, 0x5452, 0x5473, 0x5C93, 0x5C93, 0x5CB3, 0x5CB3,
    0x3C87, 0x3C87, 0x3C87, 0x3C87, 0x3C87, 0x3C87, 0x3C87, 0x3C87, 0x3C87, 0x3C87, 0x3C87, 0x3C87, 0x3C88, 0x3C89, 0x448A, 0x448C,
    0x4C8D, 0x4C8F, 0x4C90, 0x4C70, 0x4C71, 0x4C51, 0x5452, 0x5432, 0x5452, 0x5452, 0x5473, 0x5C93, 0x5C93, 0x5CB3, 0x64D3, 0x64D4,
    0x44C8, 0x44A7, 0x44A7, 0x44A7, 0x44A7, 0x44A7, 0x44A7, 0x44C7, 0x3CC7, 0x3CC7, 0x3CC8, 0x44C8, 0x44C8, 0x44C9, 0x44CA, 0x4CCC,
    0x4CCD, 0x54CF, 0x54D0, 0x54D1, 0x54B1, 0x5492, 0x5492, 0x5472, 0x5C93, 0x5C93, 0x5C93, 0x5CB3, 0x5CB3, 0x5CD3, 0x64D4, 0x64F4,
    0x44E8, 0x44E8, 0x44E8, 0x44E8, 0x44E8, 0x44E8, 0x44E8, 0x44E8, 0x44E8, 0x44E8, 0x44E8, 0x44E8, 0x44E9, 0x44EA, 0x4CEB, 0x4CEC,
    0x54EE, 0x54EF, 0x5CF0, 0x5CF1, 0x5CF2, 0x5CD2, 0x5CD2, 0x5CD3, 0x5CD3, 0x64D3, 0x64D3, 0x64D3, 0x64D4, 0x64F4, 0x64F4, 0x6D14,
    0x4508, 0x4508, 0x4508, 0x4508, 0x4508, 0x4508, 0x4508, 0x4508, 0x4508, 0x4509, 0x4509, 0x4509, 0x4D0A, 0x4D0B, 0x4D0C, 0x550D,
    0x550E, 0x5D30, 0x5D31, 0x5D31, 0x6512, 0x6512, 0x6513, 0x6513, 0x6514, 0x6514, 0x6514, 0x6514, 0x6514, 0x6514, 0x6D14, 0x6D34,
    0x4D28, 0x4D28, 0x4D28, 0x4D28, 0x4529, 0x4529, 0x4529, 0x4D29, 0x4D29, 0x4D2A, 0x4D2A, 0x4D2B, 0x4D2C, 0x552D, 0x552D, 0x552E,
    0x5D2F, 0x5D30, 0x6531, 0x6532, 0x6532, 0x6533, 0x6533, 0x6D34, 0x6D34, 0x6D34, 0x6D34, 0x6D34, 0x6D34, 0x6D34, 0x6D54, 0x6D55,
    0x4D49, 0x4D49, 0x4D49, 0x4D49, 0x4D49, 0x4D49, 0x4D4A, 0x4D4A, 0x4D4B, 0x4D4B, 0x554C, 0x554D, 0x554D, 0x554E, 0x5D4E, 0x5D4F,
    0x5D50, 0x6551, 0x6551, 0x6552, 0x6553, 0x6D53, 0x6D54, 0x6D54, 0x6D54, 0x6D55, 0x6D55, 0x6D55, 0x6D55, 0x6D55, 0x6D55, 0x7575,
    0x4D49, 0x4D49, 0x4D49, 0x4D49, 0x4D49, 0x4D4A, 0x4D4A, 0x4D4B, 0x554C, 0x554C, 0x554D, 0x554D, 0x554E, 0x5D4F, 0x5D4F, 0x5D50,
    0x5D51, 0x6551, 0x6552, 0x6552, 0x6553, 0x6D53, 0x6D54, 0x6D54, 0x6D54, 0x6D55, 0x6D55, 0x6D55, 0x7555, 0x7575, 0x7575, 0x7575,
    0x4D49, 0x4D49, 0x4D49, 0x4D49, 0x4D49, 0x4D4A, 0x4D4A, 0x554B, 0x554C, 0x554D, 0x554E, 0x5D4E, 0x5D4F, 0x5D4F, 0x5D50, 0x5D50,
    0x5D51, 0x6551, 0x6552, 0x6552, 0x6553, 0x6D53, 0x6D54, 0x6D54, 0x6D54, 0x6D75, 0x6D75, 0x6D55, 0x7575, 0x7575, 0x7575, 0x7575,
    0x4D49, 0x4D49, 0x4D49, 0x4D69, 0x4D69, 0x4D4A, 0x4D4A, 0x554B, 0x554C, 0x554D, 0x554E, 0x5D4E, 0x5D4F, 0x5D50, 0x5D50, 0x5D51,
    0x6551, 0x6551, 0x6552, 0x6552, 0x6553, 0x6D53, 0x6D54, 0x6D54, 0x6D54, 0x6D75, 0x6D75, 0x6D55, 0x7555, 0x7575, 0x7575, 0x7575,
    0x4D69, 0x4D69, 0x4D49, 0x4D69, 0x4D69, 0x4D6A, 0x4D4A, 0x554B, 0x554C, 0x554D, 0x554E, 0x5D4E, 0x5D4F, 0x5D50, 0x5D50, 0x5D51,
    0x6551, 0x6551, 0x6552, 0x6552, 0x6553, 0x6D53, 0x6D54, 0x6D54, 0x6D54, 0x6D75, 0x6D55, 0x7555, 0x7555, 0x7555, 0x7575, 0x7575,
    0x4D69, 0x4D69, 0x4D49, 0x4D69, 0x4D69, 0x4D6A, 0x4D6A, 0x554B, 0x554C, 0x554D, 0x554E, 0x5D4E, 0x5D4F, 0x5D50, 0x5D50, 0x5D51,
    0x6551, 0x6551, 0x6552, 0x6552, 0x6552, 0x6553, 0x6D53, 0x6D54, 0x6D54, 0x6D75, 0x6D55, 0x6D55, 0x7555, 0x7555, 0x7575, 0x7575,
    0x4D49, 0x4D49, 0x4D49, 0x4D69, 0x4D69, 0x4D6A, 0x4D6A, 0x4D4B, 0x554C, 0x554D, 0x554E, 0x5D4E, 0x5D4F, 0x5D4F, 0x5D50, 0x5D51,
    0x6551, 0x6551, 0x6551, 0x6552, 0x6552, 0x6553, 0x6D53, 0x6D54, 0x6D54, 0x6D74, 0x6D75, 0x6D75, 0x7575, 0x7575, 0x7575, 0x7575,
    0x2061, 0x2061, 0x2062, 0x2062, 0x2063, 0x2063, 0x2064, 0x2084, 0x2085, 0x2086, 0x1886, 0x1887, 0x1888, 0x1888, 0x1889, 0x18AA,
    0x18AA, 0x18AA, 0x18AA, 0x18AB, 0x18AB, 0x18AB, 0x18AB, 0x20CB, 0x20CC, 0x28EC, 0x28ED, 0x28ED, 0x28ED, 0x28ED, 0x290D, 0x290D,
    0x2061, 0x2061, 0x2062, 0x2062, 0x2063, 0x2064, 0x2064, 0x2085, 0x2085, 0x2086, 0x1886, 0x1887, 0x1888, 0x1888, 0x1889, 0x18AA,
    0x18AA, 0x18AA, 0x18AA, 0x18AB, 0x18AB, 0x18AB, 0x20CB, 0x20CC, 0x20EC, 0x290D, 0x290E, 0x312E, 0x312E, 0x312E, 0x314E, 0x314F,
    0x2081, 0x2081, 0x2862, 0x2862, 0x2083, 0x2084, 0x2084, 0x2085, 0x2085, 0x1885, 0x1886, 0x1887, 0x1888, 0x1888, 0x1889, 0x18AA,
    0x18AA, 0x18AA, 0x18AA, 0x18AA, 0x18AB, 0x18AB, 0x20CC, 0x20CC, 0x20ED, 0x292E, 0x312F, 0x314F, 0x314F, 0x3970, 0x3970, 0x3990,
    0x20C2, 0x28C2, 0x28A2, 0x28A2, 0x28A3, 0x28A4, 0x28A5, 0x20A5, 0x2086, 0x2086, 0x1886, 0x1887, 0x1888, 0x1888, 0x1889, 0x18AA,
    0x18AA, 0x18AA, 0x18AA, 0x18AB, 0x18AB, 0x18AB, 0x20CC, 0x20CC, 0x290D, 0x314F, 0x3170, 0x3991, 0x39B1, 0x39B2, 0x39D2, 0x39F2,
    0x2902, 0x2902, 0x28E2, 0x30E3, 0x30C3, 0x30C4, 0x28C5, 0x28C6, 0x20A7, 0x20A7, 0x20A7, 0x1887, 0x1888, 0x1888, 0x1889, 0x18AA,
    0x18AA, 0x18AA, 0x18AB, 0x18AB, 0x18AB, 0x18AB, 0x20CC, 0x20ED, 0x292E, 0x3170, 0x39B1, 0x39F3, 0x4213, 0x4214, 0x4234, 0x4234,
    0x2942, 0x2922, 0x2922, 0x2923, 0x3123, 0x3124, 0x2905, 0x2907, 0x2908, 0x28E8, 0x20C8, 0x20C9, 0x18A9, 0x18A9, 0x18AA, 0x18AA,
    0x18AA, 0x18AA, 0x18AB, 0x18AB, 0x18AB, 0x18AB, 0x20CC, 0x210D, 0x294F, 0x39B1, 0x39F2, 0x4254, 0x4274, 0x4274, 0x4294, 0x4294,
    0x2963, 0x2963, 0x2963, 0x2963, 0x2963, 0x2964, 0x2965, 0x2947, 0x2949, 0x2929, 0x290A, 0x20EA, 0x20EA, 0x18CA, 0x18CA, 0x18AB,
    0x18AB, 0x18AB, 0x18AB, 0x18AB, 0x18CB, 0x20CC, 0x20ED, 0x210E, 0x3170, 0x39F2, 0x4253, 0x4AB4, 0x4AB4, 0x4AD4, 0x4AD4, 0x4AF4,
    0x29A3, 0x29A3, 0x2983, 0x2983, 0x2983, 0x29A3, 0x29A4, 0x29A6, 0x2988, 0x2189, 0x216A, 0x214A, 0x212A, 0x210B, 0x18EB, 0x18CB,
    0x18AB, 0x18AB, 0x18AB, 0x18AB, 0x18CC, 0x20CC, 0x210D, 0x292F, 0x31B1, 0x3A32, 0x4293, 0x4AD4, 0x4AF4, 0x4B14, 0x4B14, 0x4B34,
    0x29C3, 0x29C3, 0x29C3, 0x29C3, 0x29C3, 0x29E3, 0x2204, 0x21E5, 0x21E7, 0x21C8, 0x21A9, 0x218A, 0x216B, 0x214B, 0x212C, 0x18EC,
    0x18CC, 0x18AB, 0x18AB, 0x18AB, 0x18CC, 0x20ED, 0x212E, 0x2970, 0x31D1, 0x3A52, 0x42B3, 0x4B13, 0x4B33, 0x4B33, 0x4B54, 0x4B54,
    0x2A03, 0x2A03, 0x29E3, 0x29E3, 0x2A03, 0x2A03, 0x2A24, 0x2225, 0x2226, 0x2207, 0x21E9, 0x21C9, 0x21CA, 0x218B, 0x216B, 0x214C,
    0x190C, 0x18EC, 0x18CC, 0x18CC, 0x18CC, 0x20ED, 0x214E, 0x298F, 0x3211, 0x3A92, 0x42F2, 0x4B33, 0x4B53, 0x4B53, 0x4B73, 0x4B94,
    0x2A24, 0x2A24, 0x2A24, 0x2A24, 0x2A23, 0x2A44, 0x2A44, 0x2244, 0x2265, 0x2247, 0x2228, 0x2229, 0x220A, 0x21EA, 0x21CB, 0x218C,
    0x214D, 0x210D, 0x18ED, 0x18CC, 0x18ED, 0x210E, 0x216F, 0x29CF, 0x3250, 0x3AB1, 0x4312, 0x4B73, 0x4B73, 0x4B73, 0x4B93, 0x53B3,
    0x2A64, 0x2A64, 0x2A64, 0x2A64, 0x2A64, 0x2A64, 0x2A64, 0x2284, 0x2285, 0x2286, 0x2268, 0x2249, 0x2249, 0x222A, 0x220B, 0x21EC,
    0x21AD, 0x216D, 0x214D, 0x210D, 0x210E, 0x212E, 0x218F, 0x2A0F, 0x3290, 0x42F1, 0x4352, 0x4B93, 0x4BB3, 0x4BB3, 0x53D3, 0x53F3,
    0x3284, 0x3284, 0x2A84, 0x2AA4, 0x2AA4, 0x2AA4, 0x2AA4, 0x2AA4, 0x22A4, 0x22A6, 0x2AA7, 0x2A88, 0x2A89, 0x226A, 0x224B, 0x222C,
    0x220C, 0x21ED, 0x21AE, 0x216E, 0x214E, 0x216E, 0x29AF, 0x2A4F, 0x3AB0, 0x4311, 0x4372, 0x4BB3, 0x4BD3, 0x53D3, 0x53F3, 0x5413,
    0x32C4, 0x32C4, 0x32C4, 0x32C4, 0x2AC4, 0x2AC4, 0x2AC4, 0x2AC4, 0x2AE4, 0x2AE5, 0x2AE7, 0x2AC8, 0x2AC9, 0x2AAA, 0x2A8B, 0x2A8C,
    0x2A6C, 0x2A4D, 0x2A0E, 0x29EE, 0x21CE, 0x21AE, 0x29EF, 0x3270, 0x3AD0, 0x4331, 0x4B92, 0x4BD3, 0x53F3, 0x53F3, 0x5413, 0x5433,
    0x3305, 0x3305, 0x32E5, 0x3305, 0x3305, 0x3305, 0x2B05, 0x2B05, 0x2B05, 0x2B25, 0x2B26, 0x2B08, 0x2B09, 0x2AEA, 0x2ACB, 0x2ACC,
    0x2AAD, 0x2AAD, 0x2A8E, 0x2A4E, 0x2A2F, 0x2A2F, 0x2A4F, 0x3290, 0x3AF1, 0x4351, 0x4BB2, 0x53F3, 0x5413, 0x5413, 0x5433, 0x5C53,
    0x3345, 0x3345, 0x3345, 0x3345, 0x3345, 0x3345, 0x3345, 0x2B45, 0x2B45, 0x2B45, 0x2B66, 0x2B47, 0x3349, 0x334A, 0x332B, 0x332C,
    0x330D, 0x32EE, 0x32CE, 0x32AF, 0x32AF, 0x328F, 0x32B0, 0x32D0, 0x3B31, 0x4392, 0x4BD2, 0x5413, 0x5433, 0x5433, 0x5C53, 0x5C73,
    0x3385, 0x3385, 0x3385, 0x3385, 0x3385, 0x3385, 0x3385, 0x3385, 0x3385, 0x3385, 0x2BA6, 0x3387, 0x3388, 0x338A, 0x338B, 0x336C,
    0x3B6D, 0x3B4E, 0x3B2E, 0x3B0F, 0x3B10, 0x3AF0, 0x3B10, 0x3B30, 0x4371, 0x4BB2, 0x4BF2, 0x5433, 0x5453, 0x5C53, 0x5C73, 0x5C93,
    0x3BC6, 0x3BE6, 0x3BE6, 0x3BE6, 0x3BC6, 0x33C6, 0x33C6, 0x33C6, 0x33C6, 0x33C6, 0x33E6, 0x33E6, 0x33E8, 0x33E9, 0x3BCB, 0x3BCC,
    0x3BAD, 0x3B8E, 0x3B6E, 0x3B6F, 0x3B70, 0x3B50, 0x3B51, 0x4371, 0x43B1, 0x4BF2, 0x5412, 0x5453, 0x5C53, 0x5C73, 0x5C93, 0x5CB3,
    0x3C26, 0x3C26, 0x3C26, 0x3C26, 0x3C06, 0x3C06, 0x3C06, 0x3C06, 0x3C06, 0x3C06, 0x3426, 0x3427, 0x3427, 0x3C29, 0x3C0B, 0x3C0C,
    0x43ED, 0x43EE, 0x43CF, 0x43D0, 0x43B0, 0x43B1, 0x43B1, 0x43B1, 0x4BD2, 0x4C12, 0x5432, 0x5473, 0x5C73, 0x5C93, 0x5CB3, 0x64B4,
    0x3C47, 0x3C47, 0x3C47, 0x3C47, 0x3C47, 0x3C47, 0x3C47, 0x3C47, 0x3C47, 0x3C47, 0x3C67, 0x3C67, 0x3C67, 0x3C68, 0x3C4A, 0x444C,
    0x444D, 0x444E, 0x4C2F, 0x4410, 0x4C10, 0x4C11, 0x4BF1, 0x4BF2, 0x4C12, 0x5432, 0x5453, 0x5C93, 0x5C93, 0x5CB3, 0x64B4, 0x64D4,
    0x4487, 0x4487, 0x4487, 0x3C87, 0x3C87, 0x3C87, 0x3C87, 0x3C87, 0x3C87, 0x3C87, 0x3C87, 0x3C87, 0x3C88, 0x3C88, 0x448A, 0x448C,
    0x4C8D, 0x4C8F, 0x4C90, 0x4C70, 0x4C71, 0x4C51, 0x5452, 0x5432, 0x5452, 0x5472, 0x5C73, 0x5C93, 0x5CB3, 0x64D4, 0x64D4, 0x64F4,
    0x44A8, 0x44A7, 0x44A7, 0x44A7, 0x44A7, 0x44A7, 0x44A7, 0x44A7, 0x44A7, 0x44C7, 0x3CC7, 0x3CC8, 0x44C8, 0x44C9, 0x44CA, 0x4CCC,
    0x4CCD, 0x54CF, 0x54D0, 0x54D1, 0x54B1, 0x54B2, 0x5492, 0x5472, 0x5C93, 0x5C93, 0x5CB3, 0x5CB3, 0x64D3, 0x64D4, 0x64F4, 0x6D14,
    0x44E8, 0x44E8, 0x44E8, 0x44E8, 0x44E8, 0x44E8, 0x44E8, 0x44E8, 0x44E8, 0x44E8, 0x44E8, 0x44E8, 0x44E9, 0x44EA, 0x4CEB, 0x4CEC,
    0x54EE, 0x54EF, 0x5CF0, 0x5CF1, 0x5CF2, 0x5CD2, 0x5CD2, 0x5CD3, 0x5CD3, 0x64D3, 0x64D3, 0x64F4, 0x64F4, 0x64F4, 0x6D14, 0x6D34,
    0x4508, 0x4508, 0x4D08, 0x4508, 0x4508, 0x4508, 0x4508, 0x4508, 0x4508, 0x4508, 0x4509, 0x4509, 0x4D0A, 0x4D0B, 0x4D2C, 0x550D,
    0x550E, 0x5D30, 0x5D31, 0x5D11, 0x6512, 0x6512, 0x6513, 0x6513, 0x6514, 0x6514, 0x6514, 0x6514, 0x6D14, 0x6D14, 0x6D34, 0x6D54,
    0x4D28, 0x4D28, 0x4D28, 0x4D28, 0x4D28, 0x4529, 0x4529, 0x4D29, 0x4D29, 0x4D2A, 0x4D2A, 0x4D2B, 0x4D2B, 0x552C, 0x552D, 0x552E,
    0x5D2F, 0x5D30, 0x5D31, 0x6532, 0x6532, 0x6533, 0x6533, 0x6D34, 0x6D34, 0x6D34, 0x6D34, 0x6D34, 0x6D34, 0x6D55, 0x6D55, 0x6D55,
    0x4D49, 0x4D49, 0x4D49, 0x4D49, 0x4D49, 0x4D49, 0x4D4A, 0x4D4A, 0x4D4B, 0x4D4B, 0x554C, 0x554C, 0x554D, 0x554E, 0x5D4E, 0x5D4F,
    0x5D50, 0x6551, 0x6551, 0x6552, 0x6553, 0x6D53, 0x6D54, 0x6D54, 0x6D54, 0x6D55, 0x6D55, 0x6D55, 0x6D55, 0x7555, 0x7575, 0x7575,
    0x4D49, 0x4D49, 0x4D49, 0x4D49, 0x4D49, 0x4D4A, 0x4D4A, 0x4D4B, 0x554B, 0x554C, 0x554D, 0x554D, 0x554E, 0x5D4F, 0x5D4F, 0x5D50,
    0x5D50, 0x6551, 0x6552, 0x6552, 0x6553, 0x6D53, 0x6D54, 0x6D54, 0x6D74, 0x6D75, 0x7575, 0x7555, 0x7575, 0x7575, 0x7575, 0x7575,
    0x4D49, 0x4D49, 0x4D49, 0x4D69, 0x4D69, 0x4D6A, 0x4D4A, 0x4D4B, 0x554C, 0x554D, 0x554D, 0x5D4E, 0x5D4F, 0x5D4F, 0x5D50, 0x5D50,
    0x6551, 0x6551, 0x6552, 0x6552, 0x6553, 0x6D53, 0x6D54, 0x6D54, 0x6D74, 0x7575, 0x7575, 0x7555, 0x7575, 0x7575, 0x7575, 0x7575,
    0x4D69, 0x4D69, 0x4D49, 0x4D69, 0x4D69, 0x4D6A, 0x4D6A, 0x554B, 0x554C, 0x554D, 0x554E, 0x5D4E, 0x5D4F, 0x5D4F, 0x5D50, 0x5D50,
    0x6551, 0x6551, 0x6552, 0x6552, 0x6553, 0x6D53, 0x6D54, 0x6D74, 0x6D74, 0x6D75, 0x7575, 0x7555, 0x7575, 0x7575, 0x7575, 0x7575,
    0x4D69, 0x4D69, 0x4D49, 0x4D69, 0x4D69, 0x4D6A, 0x4D6A, 0x556B, 0x554C, 0x554D, 0x554E, 0x5D4E, 0x5D4F, 0x5D50, 0x5D50, 0x5D51,
    0x6551, 0x6551, 0x6552, 0x6552, 0x6553, 0x6D53, 0x6D54, 0x6D74, 0x6D74, 0x6D75, 0x7575, 0x7555, 0x7555, 0x7555, 0x7575, 0x7575,
    0x4D69, 0x4D69, 0x4D49, 0x4D69, 0x4D69, 0x4D6A, 0x4D6A, 0x556B, 0x554C, 0x554D, 0x554E, 0x5D4E, 0x5D4F, 0x5D4F, 0x5D50, 0x5D51,
    0x6551, 0x6551, 0x6552, 0x6552, 0x6552, 0x6D53, 0x6D53, 0x6D74, 0x6D74, 0x6D75, 0x7575, 0x7575, 0x7575, 0x7575, 0x7575, 0x7575,
    0x4D49, 0x4D49, 0x4D49, 0x4D69, 0x4D6A, 0x4D6A, 0x4D6A, 0x556B, 0x554C, 0x554D, 0x554D, 0x554E, 0x5D4F, 0x5D4F, 0x5D50, 0x5D51,
    0x6551, 0x6551, 0x6551, 0x6552, 0x6552, 0x6553, 0x6D53, 0x6D54, 0x6D74, 0x6D74, 0x6D75, 0x7575, 0x7575, 0x7575, 0x7575, 0x7575,
    0x2861, 0x2862, 0x2862, 0x2062, 0x2063, 0x2884, 0x2884, 0x2084, 0x2085, 0x2086, 0x2086, 0x2087, 0x1887, 0x1888, 0x1889, 0x18AA,
    0x18AA, 0x18AA, 0x18AA, 0x18AB, 0x18AB, 0x18AB, 0x20AB, 0x20CB, 0x20CC, 0x28EC, 0x28ED, 0x30ED, 0x310D, 0x310D, 0x310D, 0x310D,
    0x2861, 0x2862, 0x2862, 0x2883, 0x2883, 0x2884, 0x2884, 0x2085, 0x2085, 0x2085, 0x2086, 0x2087, 0x1887, 0x1888, 0x1889, 0x18AA,
    0x18AA, 0x18AA, 0x18AB, 0x18AB, 0x18AB, 0x18AB, 0x20CB, 0x20CC, 0x20EC, 0x290D, 0x310D, 0x312E, 0x312E, 0x312E, 0x312E, 0x314E,
    0x2881, 0x2882, 0x3082, 0x2883, 0x2883, 0x2884, 0x2884, 0x2885, 0x2085, 0x2085, 0x2086, 0x2087, 0x1887, 0x1888, 0x1889, 0x18AA,
    0x18AA, 0x18AB, 0x18AB, 0x18AB, 0x18AB, 0x18AB, 0x20CC, 0x20CC, 0x28ED, 0x310E, 0x312E, 0x394F, 0x394F, 0x396F, 0x396F, 0x3970,
    0x28C2, 0x28C2, 0x28C2, 0x30A3, 0x30A3, 0x30A4, 0x28A5, 0x28A5, 0x28A6, 0x2086, 0x2086, 0x2087, 0x1888, 0x1888, 0x1889, 0x18AA,
    0x18AA, 0x18AA, 0x18AB, 0x18AB, 0x18AB, 0x18AB, 0x20CC, 0x20CC, 0x290D, 0x312E, 0x316F, 0x3990, 0x3990, 0x39B1, 0x39B1, 0x41B1,
    0x2902, 0x2902, 0x28E2, 0x30E3, 0x38C3, 0x30C4, 0x30C5, 0x30C6, 0x28A6, 0x28A6, 0x20A7, 0x2087, 0x1888, 0x1888, 0x1889, 0x18AA,
    0x18AA, 0x18AA, 0x18AB, 0x18AB, 0x18AB, 0x18AB, 0x20CC, 0x20EC, 0x290E, 0x314F, 0x3991, 0x41D1, 0x41D2, 0x41F2, 0x41F2, 0x4213,
    0x3142, 0x2922, 0x3122, 0x3123, 0x3103, 0x3904, 0x3905, 0x3106, 0x30E7, 0x28E8, 0x28C8, 0x20A8, 0x20A8, 0x18A9, 0x18A9, 0x18AA,
    0x18AA, 0x18AB, 0x18AB, 0x18AB, 0x18AB, 0x18AB, 0x20CC, 0x20ED, 0x292F, 0x3991, 0x39D2, 0x4213, 0x4233, 0x4A54, 0x4A54, 0x4A54,
    0x3163, 0x3163, 0x3163, 0x3163, 0x3163, 0x3944, 0x3945, 0x3947, 0x3128, 0x3129, 0x3109, 0x28E9, 0x20C9, 0x20C9, 0x18AA, 0x18AA,
    0x18AB, 0x18AB, 0x18AB, 0x18AB, 0x18CB, 0x20CC, 0x20ED, 0x210E, 0x3170, 0x39D2, 0x4233, 0x4A74, 0x4A95, 0x4AB5, 0x4AB5, 0x4AB5,
    0x31A3, 0x31A3, 0x31A3, 0x31A3, 0x3183, 0x31A4, 0x31A4, 0x31A6, 0x3188, 0x3189, 0x316A, 0x294A, 0x292B, 0x210B, 0x20EB, 0x18CB,
    0x18AB, 0x18AB, 0x18AB, 0x18AB, 0x18CC, 0x20CC, 0x20ED, 0x292F, 0x3191, 0x3A13, 0x4273, 0x4AB4, 0x4AD4, 0x52F4, 0x52F5, 0x5315,
    0x31E3, 0x31E3, 0x31E3, 0x31C3, 0x31C3, 0x31E4, 0x31E4, 0x31E5, 0x31E7, 0x31C9, 0x31CA, 0x318B, 0x296C, 0x294C, 0x210C, 0x20EC,
    0x18CC, 0x18CB, 0x18AB, 0x18AB, 0x18CC, 0x20ED, 0x210E, 0x294F, 0x31D1, 0x4253, 0x42B4, 0x4B14, 0x5334, 0x5334, 0x5354, 0x5354,
    0x3204, 0x3204, 0x3204, 0x3204, 0x3203, 0x3204, 0x3224, 0x2A25, 0x2A26, 0x2A28, 0x2A09, 0x29EA, 0x29CB, 0x29AC, 0x218C, 0x214C,
    0x210C, 0x18EC, 0x18CC, 0x18CC, 0x18CD, 0x20ED, 0x214F, 0x2990, 0x3211, 0x4293, 0x4AF3, 0x5354, 0x5354, 0x5374, 0x5374, 0x5394,
    0x3244, 0x3244, 0x3244, 0x3224, 0x3224, 0x3244, 0x3244, 0x2A64, 0x2A65, 0x2A67, 0x2A49, 0x2A4A, 0x2A2B, 0x2A0B, 0x21EC, 0x21AD,
    0x216D, 0x212D, 0x210D, 0x18ED, 0x20ED, 0x210E, 0x216F, 0x29D0, 0x3251, 0x42B2, 0x4B13, 0x5374, 0x5394, 0x5394, 0x53B4, 0x53B4,
    0x3264, 0x3264, 0x3264, 0x3264, 0x3264, 0x3264, 0x3264, 0x3284, 0x2A85, 0x2A86, 0x2A88, 0x2A89, 0x2A6A, 0x2A4B, 0x222B, 0x21EC,
    0x21CD, 0x218D, 0x214D, 0x212D, 0x212E, 0x212E, 0x298F, 0x2A10, 0x3A91, 0x42F2, 0x4B53, 0x53B3, 0x53B4, 0x53D4, 0x53D4, 0x5BF4,
    0x32A4, 0x3284, 0x3284, 0x3284, 0x3284, 0x32A4, 0x32A4, 0x32A4, 0x2AA5, 0x2AC6, 0x2AC7, 0x2AA9, 0x2AAA, 0x2A8A, 0x2A6B, 0x2A4C,
    0x2A2D, 0x21ED, 0x21AE, 0x216E, 0x216E, 0x216E, 0x29CF, 0x3250, 0x3AB1, 0x4332, 0x4B73, 0x53D3, 0x53F3, 0x53F3, 0x5C14, 0x5C34,
    0x3AC5, 0x32C4, 0x32C4, 0x32C4, 0x32C4, 0x32C4, 0x32C4, 0x32C4, 0x32E5, 0x2B05, 0x2B06, 0x2AE8, 0x2AEA, 0x2ACA, 0x2AAB, 0x2A8C,
    0x2A6D, 0x2A4D, 0x2A2E, 0x2A0E, 0x29EE, 0x29CE, 0x2A0F, 0x3270, 0x3AD1, 0x4352, 0x4B93, 0x53F3, 0x5413, 0x5413, 0x5C34, 0x5C54,
    0x3B05, 0x3AE5, 0x32E5, 0x32E5, 0x32E5, 0x32E5, 0x3305, 0x3305, 0x3305, 0x3325, 0x2B46, 0x3328, 0x3329, 0x330A, 0x32EB, 0x2ACC,
    0x2AAD, 0x2AAD, 0x2A8E, 0x2A6F, 0x2A4F, 0x2A2F, 0x326F, 0x32B0, 0x3B11, 0x4372, 0x4BD2, 0x5413, 0x5C33, 0x5C54, 0x5C54, 0x5C74,
    0x3B25, 0x3B25, 0x3B45, 0x3B25, 0x3B25, 0x3325, 0x3345, 0x3325, 0x3325, 0x3345, 0x3366, 0x3367, 0x3368, 0x334A, 0x332B, 0x332C,
    0x330D, 0x32ED, 0x32CE, 0x32CF, 0x32AF, 0x32AF, 0x32D0, 0x3AF0, 0x4351, 0x4B92, 0x53F3, 0x5433, 0x5C53, 0x5C54, 0x5C74, 0x5C94,
    0x3B65, 0x3B85, 0x3B86, 0x3B85, 0x3B65, 0x3B85, 0x3B85, 0x3B65, 0x3365, 0x3385, 0x33A6, 0x33A7, 0x33A8, 0x338A, 0x338B, 0x336C,
    0x334D, 0x334E, 0x3B2E, 0x3B0F, 0x3B10, 0x3B10, 0x3B10, 0x3B31, 0x4371, 0x4BD2, 0x5413, 0x5C53, 0x5C73, 0x5C74, 0x5C94, 0x64B4,
    0x3BC6, 0x3BC6, 0x3BC6, 0x3BC6, 0x3BC6, 0x3BC6, 0x3BC6, 0x3BC6, 0x3BC6, 0x3BC6, 0x33C6, 0x33E6, 0x33E7, 0x33E9, 0x3BCB, 0x3BCC,
    0x3BAD, 0x3B8E, 0x3B6E, 0x3B6F, 0x3B70, 0x3B50, 0x4371, 0x4371, 0x43B1, 0x4BF2, 0x5433, 0x5C73, 0x5C94, 0x5C94, 0x64B4, 0x64B4,
    0x4406, 0x4406, 0x4406, 0x3C06, 0x3C06, 0x3C06, 0x3C06, 0x3C06, 0x3C06, 0x3C06, 0x3C06, 0x3C26, 0x3427, 0x3C29, 0x3C0A, 0x3C0C,
    0x43ED, 0x43EE, 0x43CF, 0x43CF, 0x43B0, 0x43B1, 0x43B1, 0x43B1, 0x4BF2, 0x5432, 0x5453, 0x5C93, 0x5C94, 0x64B4, 0x64D4, 0x64D4,
    0x4447, 0x4447, 0x4447, 0x4447, 0x4447, 0x4447, 0x4447, 0x3C47, 0x3C47, 0x3C47, 0x3C47, 0x3C67, 0x3C67, 0x3C68, 0x3C4A, 0x444C,
    0x444D, 0x444E, 0x4C2F, 0x4410, 0x4C10, 0x4C11, 0x4BF1, 0x4BF2, 0x4C32, 0x5453, 0x5C73, 0x5CB3, 0x64B4, 0x64D4, 0x64D4, 0x64F4,
    0x4467, 0x4467, 0x4487, 0x4487, 0x4467, 0x4467, 0x4467, 0x4467, 0x4487, 0x4487, 0x4487, 0x3C87, 0x3C88, 0x3C88, 0x448A, 0x448C,
    0x4C8D, 0x4C8F, 0x4C90, 0x4C70, 0x4C51, 0x4C51, 0x5452, 0x5432, 0x5452, 0x5C73, 0x5C93, 0x64B4, 0x64D4, 0x64F4, 0x64F4, 0x6D14,
    0x44A8, 0x44A8, 0x44A8, 0x44A8, 0x44A8, 0x44A7, 0x44A7, 0x44A8, 0x44A8, 0x44A7, 0x44A7, 0x44C8, 0x44C8, 0x44C9, 0x44CA, 0x44CB,
    0x4CCD, 0x54CF, 0x54D0, 0x54B1, 0x54B1, 0x5492, 0x5492, 0x5C92, 0x5C93, 0x5CB3, 0x64B3, 0x64D4, 0x64F4, 0x64F4, 0x6D14, 0x6D15,
    0x44C8, 0x4CC8, 0x4CE8, 0x4CE8, 0x44E8, 0x44C8, 0x44C8, 0x44E8, 0x44E8, 0x44E8, 0x44E8, 0x44E8, 0x44E9, 0x44EA, 0x4CEB, 0x4CEC,
    0x54EE, 0x54EF, 0x5CF0, 0x5CF1, 0x5CF2, 0x5CD2, 0x5CD2, 0x5CD3, 0x64D3, 0x64D4, 0x64F4, 0x64F4, 0x6514, 0x6D14, 0x6D34, 0x6D35,
    0x4D08, 0x4D08, 0x4D08, 0x4D08, 0x4D08, 0x4D08, 0x4508, 0x4508, 0x4508, 0x4508, 0x4508, 0x4509, 0x4D0A, 0x4D0B, 0x4D0C, 0x550D,
    0x550E, 0x5D30, 0x5D11, 0x5D11, 0x5D12, 0x6512, 0x6513, 0x6513, 0x6514, 0x6514, 0x6D14, 0x6D34, 0x6D34, 0x6D34, 0x6D35, 0x6D55,
    0x4D28, 0x4D28, 0x4D29, 0x4D29, 0x4D28, 0x4D29, 0x4D29, 0x4D29, 0x4D29, 0x4D29, 0x4D2A, 0x4D2A, 0x4D2B, 0x552C, 0x552D, 0x552E,
    0x5D2F, 0x5D50, 0x5D31, 0x6532, 0x6532, 0x6533, 0x6533, 0x6D34, 0x6D34, 0x6D54, 0x6D55, 0x6D55, 0x6D55, 0x6D55, 0x7555, 0x7555,
    0x4D49, 0x4D49, 0x4D49, 0x4D49, 0x4D49, 0x4D49, 0x4D49, 0x4D4A, 0x4D4A, 0x4D4B, 0x554B, 0x554C, 0x554D, 0x554D, 0x5D4E, 0x5D4F,
    0x5D50, 0x6551, 0x6551, 0x6552, 0x6553, 0x6D53, 0x6D54, 0x6D74, 0x6D74, 0x7575, 0x7575, 0x7575, 0x7575, 0x7575, 0x7575, 0x7575,
    0x4D49, 0x4D49, 0x4D49, 0x4D49, 0x4D69, 0x4D69, 0x4D6A, 0x4D6A, 0x4D6B, 0x556C, 0x554C, 0x554D, 0x554E, 0x5D4E, 0x5D4F, 0x5D50,
    0x5D50, 0x6551, 0x6552, 0x6552, 0x6553, 0x6D73, 0x6D74, 0x6D74, 0x6D74, 0x7575, 0x7575, 0x7575, 0x7575, 0x7575, 0x7575, 0x7575,
    0x4D69, 0x4D69, 0x4D69, 0x4D69, 0x4D69, 0x4D69, 0x4D6A, 0x4D6B, 0x556C, 0x556C, 0x556D, 0x5D4E, 0x5D4F, 0x5D4F, 0x5D50, 0x5D70,
    0x6571, 0x6551, 0x6552, 0x6552, 0x6553, 0x6D73, 0x6D74, 0x6D74, 0x6D74, 0x7575, 0x7575, 0x7575, 0x7575, 0x7575, 0x7575, 0x7575,
    0x4D69, 0x4D69, 0x4D69, 0x4D69, 0x4D69, 0x4D6A, 0x4D6A, 0x556B, 0x556C, 0x556D, 0x556D, 0x5D4E, 0x5D4F, 0x5D4F, 0x5D70, 0x6570,
    0x6551, 0x6551, 0x6552, 0x6552, 0x6553, 0x6D73, 0x6D74, 0x6D74, 0x6D74, 0x7575, 0x7575, 0x7575, 0x7575, 0x7575, 0x7575, 0x7575,
    0x4D69, 0x4D69, 0x4D69, 0x4D69, 0x4D69, 0x4D6A, 0x4D6A, 0x556B, 0x556C, 0x556D, 0x556D, 0x5D4E, 0x5D4F, 0x5D6F, 0x5D70, 0x6551,
    0x6551, 0x6551, 0x6552, 0x6552, 0x6553, 0x6D73, 0x6D74, 0x6D74, 0x6D74, 0x7575, 0x7575, 0x7575, 0x7575, 0x7575, 0x7575, 0x7575,
    0x4D69, 0x4D69, 0x4D69, 0x4D69, 0x4D69, 0x4D6A, 0x4D6A, 0x556B, 0x556C, 0x556D, 0x554D, 0x5D4E, 0x5D4F, 0x5D4F, 0x5D50, 0x6551,
    0x6551, 0x6551, 0x6552, 0x6552, 0x6553, 0x6D73, 0x6D74, 0x6D74, 0x6D74, 0x7575, 0x7575, 0x7575, 0x7575, 0x7575, 0x7575, 0x7575,
    0x4D69, 0x4D69, 0x4D69, 0x4D69, 0x4D69, 0x4D6A, 0x4D6A, 0x556B, 0x556C, 0x556D, 0x554D, 0x5D4E, 0x5D4F, 0x5D4F, 0x5D50, 0x6550,
    0x6551, 0x6551, 0x6552, 0x6552, 0x6553, 0x6D73, 0x6D74, 0x6D74, 0x6D74, 0x6D74, 0x7575, 0x7575, 0x7575, 0x7575, 0x7575, 0x7575,
    0x2861, 0x2862, 0x2862, 0x2883, 0x2883, 0x2884, 0x2884, 0x2885, 0x2885, 0x2885, 0x2886, 0x2086, 0x2087, 0x2088, 0x18A9, 0x18AA,
    0x18AA, 0x18AB, 0x18AB, 0x18AB, 0x18AB, 0x18AB, 0x20AB, 0x20CB, 0x28CC, 0x28EC, 0x30EC, 0x30EC, 0x310D, 0x310D, 0x310D, 0x310D,
    0x2881, 0x2882, 0x3082, 0x3083, 0x3083, 0x2884, 0x2884, 0x2885, 0x2885, 0x2885, 0x2886, 0x2086, 0x2087, 0x2088, 0x18A9, 0x18AA,
    0x18AA, 0x18AB, 0x18AB, 0x18AB, 0x18AB, 0x18AB, 0x20AB, 0x20CC, 0x28EC, 0x310D, 0x310D, 0x312D, 0x392E, 0x392E, 0x392E, 0x394E,
    0x2881, 0x3082, 0x3082, 0x3083, 0x3084, 0x3084, 0x3084, 0x2885, 0x2885, 0x2885, 0x2886, 0x2087, 0x2087, 0x2088, 0x18A9, 0x18AA,
    0x18AA, 0x18AB, 0x18AB, 0x18AB, 0x18AB, 0x18AB, 0x20CB, 0x20CC, 0x28ED, 0x310D, 0x312E, 0x394E, 0x394F, 0x394F, 0x394F, 0x396F,
    0x28C2, 0x30C2, 0x30C2, 0x38A3, 0x38A3, 0x30A4, 0x30A4, 0x30A5, 0x28A5, 0x2886, 0x2886, 0x2087, 0x2087, 0x2088, 0x18A9, 0x18AA,
    0x18AA, 0x18AB, 0x18AB, 0x18AB, 0x18AB, 0x18AB, 0x20CC, 0x20CC, 0x290D, 0x312E, 0x394F, 0x396F, 0x4190, 0x4190, 0x4190, 0x4190,
    0x3102, 0x30E2, 0x30E2, 0x38E3, 0x40C3, 0x38C4, 0x38C5, 0x30C5, 0x30A6, 0x28A6, 0x28A6, 0x20A7, 0x2087, 0x2088, 0x18A9, 0x18AA,
    0x18AA, 0x18AA, 0x18AB, 0x18AB, 0x18AB, 0x20AB, 0x20CC, 0x20EC, 0x290D, 0x314F, 0x3970, 0x41B1, 0x41B1, 0x41D1, 0x41D1, 0x41D1,
    0x3143, 0x3123, 0x3123, 0x3923, 0x3903, 0x4104, 0x4105, 0x38E6, 0x38E7, 0x30C7, 0x30C7, 0x28A7, 0x20A8, 0x20A8, 0x18A9, 0x18AA,
    0x18AA, 0x18AB, 0x18AB, 0x18AB, 0x18AB, 0x20AB, 0x20CC, 0x20ED, 0x292E, 0x3990, 0x41B1, 0x41F2, 0x4A13, 0x4A13, 0x4A33, 0x4A33,
    0x3163, 0x3163, 0x3163, 0x3963, 0x3943, 0x4144, 0x4945, 0x4126, 0x4128, 0x3908, 0x3908, 0x30C8, 0x28C8, 0x20A9, 0x20A9, 0x18AA,
    0x18AA, 0x18AB, 0x18AB, 0x18AB, 0x18AB, 0x20CB, 0x20CC, 0x20ED, 0x314F, 0x39B1, 0x41F3, 0x4A34, 0x4A54, 0x4A75, 0x4A75, 0x4A95,
    0x39A3, 0x39A3, 0x39A3, 0x39A3, 0x3983, 0x3984, 0x4184, 0x4186, 0x4187, 0x3969, 0x396A, 0x312A, 0x310B, 0x28EB, 0x20CB, 0x20CB,
    0x18AB, 0x18AB, 0x18AB, 0x18AB, 0x18CB, 0x20CC, 0x20ED, 0x292E, 0x3190, 0x41F3, 0x4A54, 0x4AB4, 0x52B5, 0x52D5, 0x52D5, 0x52F5,
    0x39E4, 0x39E4, 0x39E4, 0x39E4, 0x39E4, 0x39E4, 0x39E4, 0x39E5, 0x39E7, 0x39C9, 0x39CA, 0x398C, 0x316C, 0x294C, 0x290C, 0x20EC,
    0x20CB, 0x18CB, 0x18AB, 0x18AB, 0x18CC, 0x20ED, 0x210E, 0x294F, 0x31D1, 0x4254, 0x4AB4, 0x52F5, 0x5315, 0x5B35, 0x5B35, 0x5B55,
    0x3A04, 0x3A04, 0x3A24, 0x3A04, 0x3A04, 0x3A04, 0x3A04, 0x3A25, 0x3A26, 0x3A28, 0x320A, 0x320B, 0x31EC, 0x31AC, 0x298D, 0x214D,
    0x210D, 0x20EC, 0x18CC, 0x18CC, 0x20CD, 0x20ED, 0x212E, 0x2990, 0x3211, 0x4293, 0x4AF4, 0x5355, 0x5B55, 0x5B75, 0x5B75, 0x5B95,
    0x3A44, 0x3A44, 0x3A44, 0x3A44, 0x3A44, 0x3A44, 0x3A44, 0x3264, 0x3265, 0x3267, 0x3269, 0x324A, 0x324C, 0x322C, 0x29ED, 0x29AD,
    0x216D, 0x212D, 0x210D, 0x18ED, 0x20ED, 0x210E, 0x296F, 0x29D0, 0x3A51, 0x42B3, 0x4B34, 0x5394, 0x5B94, 0x5BB4, 0x5BB4, 0x5BD4,
    0x3A64, 0x3A64, 0x3A64, 0x3A64, 0x3A64, 0x3A64, 0x3A64, 0x3A64, 0x3285, 0x32A6, 0x2AA8, 0x32AA, 0x328B, 0x2A6C, 0x2A4C, 0x2A0D,
    0x21CD, 0x218D, 0x216E, 0x212D, 0x212E, 0x214E, 0x29AF, 0x3230, 0x3A91, 0x4313, 0x4B53, 0x53B4, 0x5BD4, 0x5BD4, 0x5BF4, 0x5C14,
    0x3AA4, 0x3AA4, 0x3A84, 0x3A84, 0x3A84, 0x3A84, 0x3AA4, 0x3AA4, 0x32A5, 0x32C6, 0x2AE7, 0x32C9, 0x32CA, 0x2AAB, 0x2A8C, 0x2A6C,
    0x2A2D, 0x2A0D, 0x21CE, 0x218E, 0x218E, 0x218E, 0x29EF, 0x3250, 0x3AD1, 0x4332, 0x4B93, 0x53F4, 0x5BF4, 0x5C14, 0x5C34, 0x6434,
    0x3AC5, 0x3AC5, 0x3AC5, 0x3AC5, 0x3AC5, 0x3AC5, 0x3AC5, 0x3AC5, 0x3AC5, 0x3305, 0x3326, 0x3308, 0x330A, 0x32EB, 0x2AAC, 0x2AAC,
    0x2A8D, 0x2A6D, 0x2A4E, 0x2A0E, 0x2A0F, 0x29EF, 0x2A2F, 0x3290, 0x3AF1, 0x4352, 0x53B3, 0x5C14, 0x5C34, 0x5C34, 0x5C54, 0x6454,
    0x3B05, 0x3B05, 0x3AE5, 0x3AE5, 0x3AE5, 0x3AE5, 0x3B05, 0x3B05, 0x3B05, 0x3325, 0x3346, 0x3348, 0x3349, 0x332B, 0x330B, 0x32CC,
    0x32CD, 0x32AD, 0x32AE, 0x328F, 0x2A6F, 0x2A4F, 0x328F, 0x32D0, 0x4311, 0x4B72, 0x53D3, 0x5C34, 0x5C54, 0x5C74, 0x6474, 0x6494,
    0x3B25, 0x3B25, 0x3B25, 0x3B25, 0x3B25, 0x3B25, 0x3B25, 0x3B25, 0x3B25, 0x3B45, 0x3366, 0x3387, 0x3388, 0x336A, 0x334B, 0x332C,
    0x330D, 0x32ED, 0x32EE, 0x32CF, 0x32CF, 0x32B0, 0x32D0, 0x3B10, 0x4351, 0x4BB2, 0x5413, 0x5C54, 0x5C74, 0x6494, 0x6494, 0x64B4,
    0x3B65, 0x3B66, 0x3B66, 0x3B66, 0x3B66, 0x3B66, 0x3B66, 0x3B66, 0x3B65, 0x3B85, 0x3B86, 0x33A6, 0x33A8, 0x33AA, 0x338B, 0x336C,
    0x334D, 0x334E, 0x3B2E, 0x3B2F, 0x3B10, 0x3B10, 0x3B30, 0x3B51, 0x4391, 0x4BF2, 0x5433, 0x5C74, 0x6494, 0x6494, 0x64B4, 0x64D4,
    0x43A6, 0x43A6, 0x43A6, 0x43C6, 0x43C6, 0x43C6, 0x43C6, 0x43A6, 0x43A6, 0x3BC6, 0x3BC6, 0x3BE6, 0x33E7, 0x3BE9, 0x3BCB, 0x3BCC,
    0x3BAD, 0x3B8E, 0x3B8E, 0x3B6F, 0x3B70, 0x3B50, 0x4371, 0x4391, 0x4BD2, 0x5412, 0x5C53, 0x5C94, 0x64B4, 0x64B4, 0x64D4, 0x64D4,
    0x43E6, 0x43E6, 0x43E6, 0x4406, 0x4406, 0x4406, 0x4406, 0x43E6, 0x43E6, 0x4406, 0x3C06, 0x3C26, 0x3C27, 0x3C28, 0x3C0A, 0x3C0C,
    0x440D, 0x43EE, 0x43CF, 0x43CF, 0x43B0, 0x43B1, 0x43B1, 0x43D1, 0x4BF2, 0x5433, 0x5C73, 0x64B4, 0x64B4, 0x64D4, 0x64D4, 0x6CF4,
    0x4427, 0x4427, 0x4447, 0x4447, 0x4447, 0x4447, 0x4447, 0x4427, 0x4427, 0x4447, 0x4447, 0x4467, 0x3C67, 0x3C68, 0x3C49, 0x444C,
    0x444D, 0x444E, 0x442F, 0x4C10, 0x4C10, 0x4C11, 0x4BF1, 0x4C12, 0x5432, 0x5C73, 0x5C93, 0x64D4, 0x64D4, 0x64F4, 0x6CF4, 0x6D14,
    0x4467, 0x4467, 0x4C67, 0x4467, 0x4467, 0x4467, 0x4467, 0x4467, 0x4467, 0x4487, 0x4487, 0x4487, 0x4487, 0x3C88, 0x4489, 0x448B,
    0x4C8D, 0x4C8F, 0x4C90, 0x4C70, 0x4C51, 0x4C51, 0x5452, 0x5452, 0x5473, 0x5C93, 0x64B4, 0x64D4, 0x64F4, 0x6D14, 0x6D15, 0x6D15,
    0x4CA8, 0x4CA8, 0x4CA8, 0x4CA8, 0x4CA8, 0x4CA8, 0x4CA8, 0x4CA8, 0x4CA8, 0x44A8, 0x44A7, 0x44C8, 0x44C8, 0x44C8, 0x44CA, 0x44CB,
    0x4CCD, 0x54CF, 0x54D0, 0x54B1, 0x54B1, 0x5492, 0x5492, 0x5C92, 0x5C93, 0x5CB3, 0x64D4, 0x64F4, 0x6D14, 0x6D15, 0x6D35, 0x6D35,
    0x4CC8, 0x4CC8, 0x4CC8, 0x4CC8, 0x4CC8, 0x4CC8, 0x4CC8, 0x4CE8, 0x4CE8, 0x4CE8, 0x44E8, 0x44E8, 0x44E8, 0x44E9, 0x44EA, 0x4CEC,
    0x4CED, 0x54EF, 0x5CF0, 0x5CF1, 0x5CD1, 0x5CD2, 0x5CD2, 0x5CD3, 0x64D3, 0x64F4, 0x64F4, 0x6D14, 0x6D35, 0x6D35, 0x6D35, 0x7555,
    0x4CE8, 0x4D08, 0x4D08, 0x4D08, 0x4D08, 0x4D08, 0x4D08, 0x4D08, 0x4D08, 0x4D08, 0x4528, 0x4529, 0x4D29, 0x4D0A, 0x4D0B, 0x552D,
    0x552E, 0x5D30, 0x5D11, 0x5D11, 0x5D12, 0x6512, 0x6513, 0x6513, 0x6514, 0x6D14, 0x6D34, 0x6D35, 0x6D35, 0x6D55, 0x7555, 0x7555,
    0x4D28, 0x4D29, 0x4D29, 0x4D29, 0x4D29, 0x4D29, 0x4D29, 0x4D29, 0x4D29, 0x4D49, 0x4D49, 0x4D4A, 0x4D4B, 0x4D2C, 0x552D, 0x554E,
    0x5D4F, 0x5D50, 0x5D51, 0x6532, 0x6532, 0x6533, 0x6553, 0x6D54, 0x6D54, 0x6D55, 0x6D55, 0x6D55, 0x7555, 0x7555, 0x7575, 0x7575,
    0x5549, 0x5549, 0x5549, 0x5549, 0x5549, 0x4D49, 0x4D69, 0x4D49, 0x4D4A, 0x4D4A, 0x4D4B, 0x554C, 0x554D, 0x554D, 0x554E, 0x5D4F,
    0x5D50, 0x6551, 0x6551, 0x6552, 0x6553, 0x6D53, 0x6D74, 0x6D74, 0x7574, 0x7575, 0x7575, 0x7575, 0x7575, 0x7D75, 0x7D75, 0x7D75,
    0x5549, 0x5549, 0x5549, 0x5569, 0x5569, 0x4D69, 0x4D69, 0x4D6A, 0x4D6A, 0x556B, 0x556C, 0x556D, 0x556D, 0x5D4E, 0x5D4F, 0x5D70,
    0x6570, 0x6571, 0x6572, 0x6552, 0x6553, 0x6D73, 0x6D74, 0x6D74, 0x7575, 0x7575, 0x7575, 0x7575, 0x7575, 0x7D95, 0x7D95, 0x7D75,
    0x4D69, 0x4D69, 0x4D69, 0x4D69, 0x4D69, 0x4D69, 0x4D6A, 0x4D6A, 0x556B, 0x556C, 0x556D, 0x5D6E, 0x5D6E, 0x5D6F, 0x5D70, 0x6570,
    0x6571, 0x6571, 0x6572, 0x6552, 0x6D73, 0x6D74, 0x6D74, 0x6D74, 0x7575, 0x7575, 0x7575, 0x7D75, 0x7D95, 0x7D95, 0x7D95, 0x7D75,
    0x4D69, 0x4D69, 0x4D69, 0x4D69, 0x4D69, 0x4D69, 0x4D6A, 0x556B, 0x556B, 0x556C, 0x556D, 0x5D6E, 0x5D6E, 0x5D6F, 0x5D70, 0x6570,
    0x6571, 0x6571, 0x6572, 0x6572, 0x6D73, 0x6D73, 0x6D74, 0x6D74, 0x7575, 0x7575, 0x7575, 0x7575, 0x7D95, 0x7D95, 0x7D95, 0x7D95,
    0x4D69, 0x4D69, 0x4D69, 0x4D69, 0x4D69, 0x4D69, 0x4D6A, 0x556B, 0x556C, 0x556C, 0x556D, 0x5D6E, 0x5D6F, 0x5D6F, 0x5D70, 0x6571,
    0x6571, 0x6571, 0x6572, 0x6572, 0x6D73, 0x6D73, 0x6D74, 0x6D74, 0x7574, 0x7575, 0x7575, 0x7575, 0x7575, 0x7D75, 0x7D95, 0x7D95,
    0x4D69, 0x4D69, 0x4D69, 0x4D69, 0x4D69, 0x4D69, 0x4D6A, 0x556B, 0x556C, 0x556C, 0x556D, 0x5D6E, 0x5D6F, 0x5D6F, 0x5D70, 0x6571,
    0x6571, 0x6571, 0x6572, 0x6572, 0x6D73, 0x6D73, 0x6D74, 0x6D74, 0x7574, 0x7575, 0x7575, 0x7575, 0x7575, 0x7575, 0x7575, 0x7D95,
    0x4D69, 0x4D69, 0x4D69, 0x4D69, 0x4D69, 0x4D69, 0x4D6A, 0x556B, 0x556C, 0x556C, 0x556D, 0x5D6E, 0x5D6F, 0x5D6F, 0x5D70, 0x6570,
    0x6571, 0x6571, 0x6572, 0x6572, 0x6D73, 0x6D73, 0x6D74, 0x6D74, 0x6D74, 0x7575, 0x7575, 0x7575, 0x7575, 0x7575, 0x7575, 0x7595,
    0x3082, 0x3082, 0x3082, 0x3083, 0x3083, 0x3084, 0x3084, 0x3085, 0x3085, 0x30A6, 0x28A6, 0x28A6, 0x28A7, 0x28A8, 0x20A9, 0x20AA,
    0x18AA, 0x18AB, 0x18AB, 0x18AB, 0x18AB, 0x18AB, 0x20CB, 0x20CB, 0x28CC, 0x30EC, 0x310C, 0x390C, 0x390D, 0x390D, 0x390D, 0x390D,
    0x3082, 0x3082, 0x3082, 0x3083, 0x3083, 0x3084, 0x3084, 0x3085, 0x3085, 0x3086, 0x28A6, 0x28A6, 0x28A7, 0x28A8, 0x20A9, 0x20AA,
    0x18AA, 0x18AA, 0x18AB, 0x18AB, 0x18AB, 0x18AB, 0x20CB, 0x20CC, 0x28EC, 0x310D, 0x310D, 0x392D, 0x392D, 0x392D, 0x392E, 0x392E,
    0x3081, 0x3082, 0x3082, 0x3083, 0x3083, 0x3084, 0x3084, 0x3085, 0x3085, 0x3086, 0x2886, 0x28A7, 0x28A7, 0x28A8, 0x20A9, 0x20AA,
    0x18AA, 0x18AA, 0x18AA, 0x18AB, 0x18AB, 0x18AB, 0x20AB, 0x20CC, 0x28ED, 0x310D, 0x392E, 0x394E, 0x394E, 0x414E, 0x414F, 0x416F,
    0x30C2, 0x30C2, 0x30A2, 0x38A3, 0x38A3, 0x38A4, 0x38A5, 0x30A5, 0x30A5, 0x30A6, 0x28A6, 0x28A7, 0x28A7, 0x28A8, 0x20A9, 0x20AA,
    0x18AA, 0x18AA, 0x18AA, 0x18AB, 0x18AB, 0x18AB, 0x20CC, 0x20CC, 0x290D, 0x312E, 0x394F, 0x416F, 0x416F, 0x418F, 0x4190, 0x4190,
    0x30E2, 0x30E2, 0x30E2, 0x38C3, 0x40C3, 0x40C4, 0x40C5, 0x38C5, 0x38C6, 0x30A6, 0x30A6, 0x28A7, 0x28A7, 0x28A8, 0x20A9, 0x20AA,
    0x18AA, 0x18AA, 0x18AA, 0x18AB, 0x18AB, 0x20AB, 0x20CC, 0x20EC, 0x290D, 0x394F, 0x4170, 0x41B0, 0x41B0, 0x49B1, 0x49D1, 0x49D1,
    0x3923, 0x3923, 0x3923, 0x3903, 0x4103, 0x4104, 0x48E5, 0x40E6, 0x40E7, 0x38C7, 0x30C7, 0x30A7, 0x28A7, 0x28A8, 0x20A9, 0x20AA,
    0x18AA, 0x18AA, 0x18AB, 0x18AB, 0x18AB, 0x20AB, 0x20CC, 0x20ED, 0x312E, 0x3970, 0x41B1, 0x49D1, 0x49F2, 0x49F2, 0x4A12, 0x4A13,
    0x3963, 0x3963, 0x3963, 0x3943, 0x4143, 0x4944, 0x4925, 0x4926, 0x4127, 0x4108, 0x38E8, 0x30C8, 0x28C8, 0x28A8, 0x20A9, 0x20AA,
    0x18AA, 0x18AA, 0x18AB, 0x18AB, 0x18AB, 0x20CB, 0x20CC, 0x20ED, 0x314F, 0x39B1, 0x41F2, 0x4A13, 0x4A33, 0x5254, 0x5254, 0x5254,
    0x39A3, 0x39A3, 0x39A3, 0x39A3, 0x4183, 0x4184, 0x4984, 0x4986, 0x4987, 0x4968, 0x4149, 0x3929, 0x310A, 0x28EA, 0x28CA, 0x20CA,
    0x20AB, 0x18AB, 0x18AB, 0x18AB, 0x18AB, 0x20CC, 0x20ED, 0x290E, 0x3170, 0x41D2, 0x4A33, 0x5274, 0x5294, 0x52B4, 0x52B5, 0x52B5,
    0x39E4, 0x39E4, 0x39C4, 0x41E4, 0x41E4, 0x41E4, 0x41C4, 0x49E5, 0x49C7, 0x49C9, 0x49AA, 0x416B, 0x394B, 0x312B, 0x290B, 0x20EB,
    0x20CB, 0x18CB, 0x18AB, 0x18AB, 0x18CC, 0x20CC, 0x210D, 0x292F, 0x31B1, 0x4213, 0x4A74, 0x52D5, 0x5AF5, 0x5AF5, 0x5B15, 0x5B35,
    0x4224, 0x4224, 0x4224, 0x4224, 0x4204, 0x4204, 0x4204, 0x4225, 0x4226, 0x4228, 0x420A, 0x41EB, 0x41CC, 0x39AD, 0x316D, 0x294D,
    0x290D, 0x20EC, 0x20CC, 0x18CC, 0x20CC, 0x20ED, 0x212E, 0x2990, 0x39F2, 0x4274, 0x52D4, 0x5B35, 0x5B55, 0x5B55, 0x5B75, 0x6375,
    0x4244, 0x4244, 0x4244, 0x4244, 0x4244, 0x4244, 0x4244, 0x4244, 0x4265, 0x4267, 0x4269, 0x426B, 0x3A4C, 0x3A2E, 0x39EE, 0x31AE,
    0x296E, 0x212D, 0x210D, 0x20EC, 0x20ED, 0x210E, 0x296F, 0x31D1, 0x3A52, 0x4AB4, 0x5334, 0x5B95, 0x6395, 0x63B5, 0x63B5, 0x63D5,
    0x4284, 0x4284, 0x4284, 0x4264, 0x4264, 0x4264, 0x4264, 0x4264, 0x3A85, 0x3AA6, 0x3AA8, 0x3AAA, 0x3A8B, 0x3A6D, 0x324E, 0x322E,
    0x29EE, 0x29AE, 0x216E, 0x212E, 0x212E, 0x214E, 0x298F, 0x3210, 0x3A92, 0x4B13, 0x5374, 0x5BB4, 0x5BD4, 0x63D4, 0x63F4, 0x6414,
    0x42A5, 0x42A5, 0x42A5, 0x42A5, 0x42A5, 0x42A5, 0x42A5, 0x42A4, 0x3AA5, 0x3AC6, 0x3AE7, 0x3AE9, 0x32EB, 0x32CC, 0x32AD, 0x328E,
    0x326E, 0x2A2E, 0x29EE, 0x21AE, 0x218F, 0x218F, 0x29CF, 0x3250, 0x3AD2, 0x4B53, 0x5394, 0x5BF4, 0x5BF4, 0x6414, 0x6434, 0x6434,
    0x42C5, 0x42C5, 0x42C5, 0x42C5, 0x42C5, 0x42C5, 0x42C5, 0x42C5, 0x42C5, 0x3B05, 0x3B26, 0x3B28, 0x332A, 0x330B, 0x32EC, 0x32AD,
    0x32AD, 0x2A6E, 0x2A4E, 0x2A2F, 0x2A0F, 0x29EF, 0x2A2F, 0x3290, 0x42F1, 0x4B73, 0x53D4, 0x5C14, 0x6434, 0x6434, 0x6454, 0x6474,
    0x4305, 0x4305, 0x4305, 0x42E5, 0x42E5, 0x42E5, 0x42E5, 0x42E5, 0x4305, 0x4325, 0x3B46, 0x3B67, 0x3369, 0x334B, 0x330C, 0x32ED,
    0x32CD, 0x32CE, 0x32AE, 0x328F, 0x328F, 0x2A6F, 0x3290, 0x3AD0, 0x4331, 0x4B93, 0x53F4, 0x6434, 0x6454, 0x6474, 0x6474, 0x6C94,
    0x4325, 0x4325, 0x4325, 0x4325, 0x4325, 0x4325, 0x4325, 0x4325, 0x4325, 0x4345, 0x3B46, 0x3B87, 0x3BA8, 0x3B8A, 0x3B6C, 0x332C,
    0x330D, 0x330E, 0x32EE, 0x32EF, 0x32CF, 0x32D0, 0x3AF0, 0x3B11, 0x4372, 0x53D3, 0x5C13, 0x6454, 0x6474, 0x6494, 0x6CB4, 0x6CB4,
    0x4366, 0x4366, 0x4366, 0x4366, 0x4366, 0x4366, 0x4366, 0x4366, 0x4366, 0x4366, 0x4386, 0x3BA6, 0x3BC7, 0x3BC9, 0x3BAB, 0x3B8C,
    0x3B6D, 0x3B4E, 0x3B2E, 0x3B2F, 0x3B30, 0x3B30, 0x3B30, 0x4351, 0x4392, 0x53F3, 0x5C33, 0x6474, 0x6494, 0x6CB4, 0x6CB4, 0x6CD5,
    0x4BA6, 0x4BA6, 0x43A6, 0x43A6, 0x43A6, 0x43A6, 0x43A6, 0x43A6, 0x43A6, 0x43A6, 0x43C6, 0x43E6, 0x3C07, 0x3C09, 0x3BEB, 0x3BCC,
    0x3BAD, 0x3B8E, 0x3B8F, 0x3B6F, 0x3B70, 0x3B71, 0x4371, 0x4391, 0x4BD2, 0x5413, 0x5C53, 0x6494, 0x64B4, 0x6CD4, 0x6CD5, 0x6CF5,
    0x4BE7, 0x4BE7, 0x4BE7, 0x4BE6, 0x4BE7, 0x4BE7, 0x4BE7, 0x4BE7, 0x4BE6, 0x43E6, 0x4407, 0x4407, 0x4427, 0x3C28, 0x3C2A, 0x440C,
    0x440D, 0x43EE, 0x43CF, 0x43D0, 0x43B0, 0x43B1, 0x43B1, 0x43D1, 0x4C12, 0x5453, 0x5C74, 0x64B4, 0x6CD4, 0x6CF5, 0x6CF5, 0x6CF5,
    0x4C27, 0x4C27, 0x4C27, 0x4C27, 0x4C27, 0x4C27, 0x4C27, 0x4C27, 0x4C27, 0x4C47, 0x4C47, 0x4447, 0x4467, 0x3C68, 0x3C69, 0x446C,
    0x444D, 0x444E, 0x442F, 0x4410, 0x4C10, 0x4C11, 0x4C11, 0x4C12, 0x5432, 0x5C73, 0x64B4, 0x64D4, 0x6CF4, 0x6D15, 0x6D15, 0x6D15,
    0x4C67, 0x4C67, 0x4C67, 0x4C67, 0x4C67, 0x4C67, 0x4C67, 0x4C67, 0x4C67, 0x4C67, 0x4C87, 0x4C87, 0x4487, 0x44A8, 0x44A9, 0x448B,
    0x448D, 0x4C8E, 0x4C6F, 0x4C70, 0x4C51, 0x5451, 0x5452, 0x5452, 0x5473, 0x5CB3, 0x64D4, 0x64F4, 0x6CF5, 0x6D15, 0x6D35, 0x7535,
    0x4CA8, 0x4CA8, 0x4C88, 0x54A8, 0x54A8, 0x4CA8, 0x4CA8, 0x4CA8, 0x4CA8, 0x4CA8, 0x4CA8, 0x4CA8, 0x4CC8, 0x44C8, 0x44C9, 0x44CB,
    0x4CCD, 0x4CCF, 0x54B0, 0x54B1, 0x54B1, 0x5492, 0x5492, 0x5C92, 0x5CB3, 0x64D4, 0x64F4, 0x6D14, 0x6D15, 0x6D35, 0x7535, 0x7555,
    0x54C8, 0x54C8, 0x54C8, 0x54C8, 0x54C8, 0x54C8, 0x54C8, 0x4CC8, 0x4CC8, 0x4CC8, 0x4CE8, 0x4CE8, 0x4CE8, 0x4509, 0x450A, 0x4CEB,
    0x4CED, 0x54EF, 0x54F0, 0x5CF1, 0x5CD1, 0x5CD2, 0x5CD2, 0x5CD3, 0x64D3, 0x64F4, 0x6D14, 0x6D35, 0x6D35, 0x7535, 0x7555, 0x7555,
    0x54E8, 0x54E8, 0x54E8, 0x54E8, 0x54E8, 0x54E8, 0x5508, 0x5508, 0x5508, 0x4D08, 0x4D08, 0x4D09, 0x4D29, 0x4D2A, 0x4D2B, 0x4D2C,
    0x552E, 0x5D2F, 0x5D30, 0x5D11, 0x5D12, 0x6512, 0x6513, 0x6513, 0x6514, 0x6D14, 0x6D35, 0x7555, 0x7555, 0x7555, 0x7555, 0x7D75,
    0x5509, 0x5529, 0x5529, 0x5529, 0x5529, 0x5529, 0x5529, 0x5529, 0x5549, 0x4D49, 0x4D49, 0x4D4A, 0x4D4A, 0x4D4B, 0x554C, 0x554D,
    0x5D4F, 0x5D50, 0x5D51, 0x6552, 0x6532, 0x6553, 0x6553, 0x6D54, 0x6D54, 0x6D55, 0x7555, 0x7555, 0x7575, 0x7D75, 0x7D75, 0x7D75,
    0x5549, 0x5549, 0x5549, 0x5549, 0x5549, 0x5549, 0x5549, 0x4D69, 0x4D69, 0x4D6A, 0x4D6A, 0x556B, 0x556C, 0x556D, 0x556D, 0x5D6E,
    0x5D6F, 0x5D70, 0x6551, 0x6552, 0x6553, 0x6D73, 0x6D74, 0x6D74, 0x7575, 0x7575, 0x7575, 0x7D75, 0x7D75, 0x7D96, 0x7D95, 0x7D95,
    0x5549, 0x5549, 0x5549, 0x5549, 0x5549, 0x5569, 0x5569, 0x556A, 0x4D6A, 0x556B, 0x556B, 0x556C, 0x556D, 0x5D6E, 0x5D6E, 0x5D6F,
    0x6570, 0x6571, 0x6572, 0x6572, 0x6D73, 0x6D73, 0x6D74, 0x7574, 0x7575, 0x7575, 0x7D75, 0x7D95, 0x7D95, 0x7D96, 0x7D95, 0x7D95,
    0x5569, 0x5569, 0x5569, 0x5569, 0x5569, 0x5569, 0x556A, 0x558A, 0x558A, 0x558B, 0x558C, 0x558D, 0x5D6E, 0x5D8F, 0x5D8F, 0x6590,
    0x6591, 0x6591, 0x6D92, 0x6D72, 0x6D73, 0x6D94, 0x7594, 0x7574, 0x7575, 0x7575, 0x7D95, 0x7D95, 0x7D95, 0x7D96, 0x7D96, 0x7D95,
    0x5569, 0x5569, 0x5569, 0x5569, 0x5569, 0x5569, 0x558A, 0x558A, 0x558B, 0x558C, 0x558D, 0x556D, 0x5D6E, 0x5D8F, 0x5D90, 0x6590,
    0x6591, 0x6591, 0x6D92, 0x6D72, 0x6D73, 0x6D94, 0x7594, 0x7594, 0x7595, 0x7575, 0x7D95, 0x7D95, 0x7D95, 0x7D95, 0x7D95, 0x7D95,
    0x5569, 0x5569, 0x5569, 0x5569, 0x5569, 0x556A, 0x558A, 0x558A, 0x558B, 0x556C, 0x556D, 0x556D, 0x5D6E, 0x5D8F, 0x6590, 0x6591,
    0x6591, 0x6571, 0x6572, 0x6D72, 0x6D93, 0x6D93, 0x7594, 0x7594, 0x7595, 0x7575, 0x7D95, 0x7D95, 0x7D95, 0x7D95, 0x7D95, 0x7D95,
    0x5569, 0x5569, 0x5569, 0x5569, 0x5569, 0x5569, 0x4D6A, 0x558A, 0x558B, 0x556C, 0x556D, 0x5D6D, 0x5D6E, 0x5D6F, 0x5D70, 0x6570,
    0x6571, 0x6571, 0x6572, 0x6D72, 0x6D93, 0x6D93, 0x6D94, 0x7594, 0x7594, 0x7575, 0x7595, 0x7D95, 0x7D95, 0x7D95, 0x7D95, 0x7D95,
    0x4D69, 0x4D69, 0x4D69, 0x4D69, 0x4D69, 0x4D69, 0x4D69, 0x4D6A, 0x556B, 0x556C, 0x556D, 0x5D6E, 0x5D6E, 0x5D6F, 0x5D70, 0x6570,
    0x6571, 0x6571, 0x6572, 0x6D72, 0x6D73, 0x6D93, 0x6D94, 0x7574, 0x7574, 0x7575, 0x7595, 0x7D95, 0x7D95, 0x7D75, 0x7D75, 0x7D95,
    0x3082, 0x3082, 0x3082, 0x3083, 0x3084, 0x30A4, 0x30A4, 0x30A5, 0x30A5, 0x30A6, 0x30A6, 0x30A7, 0x30A7, 0x28A8, 0x28A8, 0x20A9,
    0x20AA, 0x20AA, 0x20AB, 0x18AB, 0x18AB, 0x20CB, 0x20CB, 0x20CB, 0x28CC, 0x30EC, 0x310C, 0x390C, 0x390D, 0x390D, 0x390D, 0x390D,
    0x3082, 0x3082, 0x3882, 0x3883, 0x3084, 0x30A4, 0x30A4, 0x30A5, 0x30A5, 0x30A6, 0x30A6, 0x30A7, 0x30A7, 0x30A8, 0x28A8, 0x20A9,
    0x20AA, 0x20AA, 0x18AB, 0x18AB, 0x18AB, 0x18AB, 0x20CB, 0x20CC, 0x28EC, 0x310C, 0x390D, 0x392D, 0x412D, 0x412D, 0x412D, 0x412D,
    0x3082, 0x3882, 0x3882, 0x3883, 0x38A3, 0x30A4, 0x30A4, 0x30A5, 0x30A5, 0x30A6, 0x30A6, 0x30A7, 0x30A7, 0x30A8, 0x28A8, 0x20A9,
    0x20AA, 0x20AA, 0x18AA, 0x18AB, 0x18AB, 0x18AB, 0x20AB, 0x20CC, 0x28EC, 0x310D, 0x392D, 0x414E, 0x414E, 0x414E, 0x414E, 0x414F,
    0x30C2, 0x38A2, 0x38A2, 0x38A3, 0x40A3, 0x40A4, 0x38A5, 0x38A5, 0x38A6, 0x30A6, 0x30A6, 0x30A6, 0x30A7, 0x30A8, 0x28A8, 0x20A9,
    0x20AA, 0x20AA, 0x18AA, 0x18AB, 0x18AB, 0x20AB, 0x20CC, 0x20CC, 0x290D, 0x392E, 0x414E, 0x416F, 0x416F, 0x416F, 0x418F, 0x4190,
    0x38E2, 0x38E2, 0x38C2, 0x40C3, 0x48C3, 0x40C4, 0x40C5, 0x40C6, 0x38C6, 0x38A6, 0x30A6, 0x30A6, 0x30A7, 0x28A8, 0x28A8, 0x20A9,
    0x20AA, 0x20AA, 0x18AA, 0x18AB, 0x18AB, 0x20CB, 0x20CC, 0x20EC, 0x310D, 0x394F, 0x416F, 0x4990, 0x49B0, 0x49B0, 0x49B0, 0x49D1,
    0x3923, 0x3923, 0x3923, 0x4103, 0x4103, 0x4904, 0x48E5, 0x48E6, 0x40E7, 0x40E7, 0x38C7, 0x38A7, 0x30A7, 0x28A8, 0x28A8, 0x20A9,
    0x20AA, 0x20AA, 0x18AA, 0x18AB, 0x18AB, 0x20CB, 0x20CC, 0x20EC, 0x312E, 0x396F, 0x41B0, 0x49D1, 0x49D1, 0x49F1, 0x49F2, 0x49F2,
    0x4163, 0x4163, 0x4163, 0x4143, 0x4143, 0x4924, 0x5125, 0x5126, 0x4927, 0x4908, 0x40E8, 0x38C8, 0x30C8, 0x30A8, 0x28A9, 0x20AA,
    0x20AA, 0x18AA, 0x18AA, 0x18AB, 0x18AB, 0x20CB, 0x20CC, 0x28ED, 0x312E, 0x4190, 0x49D1, 0x4A12, 0x5212, 0x5233, 0x5233, 0x5233,
    0x41A3, 0x41A3, 0x4183, 0x4183, 0x4183, 0x4984, 0x4984, 0x5186, 0x5167, 0x5148, 0x4929, 0x4109, 0x38E9, 0x30C9, 0x28C9, 0x20AA,
    0x20AA, 0x20AA, 0x18AB, 0x18AB, 0x18AB, 0x20CB, 0x20EC, 0x290D, 0x314F, 0x41D1, 0x4A13, 0x5254, 0x5274, 0x5A74, 0x5A94, 0x5A94,
    0x41E4, 0x41C4, 0x41C4, 0x41C4, 0x41E4, 0x41C4, 0x49C4, 0x51C6, 0x59C7, 0x59A8, 0x518A, 0x496A, 0x412A, 0x390A, 0x30EA, 0x28CB,
    0x20CB, 0x20AB, 0x18AB, 0x18AB, 0x20CB, 0x20CC, 0x20ED, 0x292E, 0x3990, 0x41F2, 0x5254, 0x5AB5, 0x5AD5, 0x5AD5, 0x5AF5, 0x5AF5,
    0x4224, 0x4224, 0x4224, 0x4224, 0x4224, 0x4204, 0x4A04, 0x4A05, 0x5206, 0x5208, 0x5209, 0x49EB, 0x49CC, 0x418D, 0x396D, 0x312D,
    0x290C, 0x20CC, 0x20CB, 0x20CB, 0x20CC, 0x20ED, 0x292E, 0x2970, 0x39D2, 0x4A54, 0x52B4, 0x5B15, 0x6335, 0x6355, 0x6355, 0x6375,
    0x4264, 0x4264, 0x4264, 0x4244, 0x4244, 0x4244, 0x4244, 0x4A45, 0x4A45, 0x4A67, 0x4A69, 0x4A4B, 0x4A2C, 0x4A0E, 0x41EF, 0x39AE,
    0x316E, 0x292D, 0x20EC, 0x20EC, 0x20ED, 0x210E, 0x294F, 0x31B1, 0x3A32, 0x4AB4, 0x5B15, 0x6375, 0x6395, 0x6395, 0x63B5, 0x6BD5,
    0x4A85, 0x4285, 0x4285, 0x4285, 0x4A85, 0x4A85, 0x4A85, 0x4265, 0x4285, 0x4AA6, 0x4AA8, 0x42AA, 0x42AC, 0x428D, 0x426E, 0x3A2F,
    0x3A0F, 0x31AE, 0x296E, 0x212E, 0x212E, 0x214E, 0x298F, 0x31F1, 0x4272, 0x4B14, 0x5B55, 0x63B5, 0x63D5, 0x63D5, 0x6BF5, 0x6C15,
    0x4AA5, 0x4AA5, 0x42A5, 0x4AA5, 0x4AA5, 0x4AA5, 0x4AA5, 0x42A5, 0x42A5, 0x42C6, 0x42E7, 0x4309, 0x42EB, 0x42CD, 0x3ACE, 0x3AAF,
    0x3A6F, 0x322F, 0x31EF, 0x29AF, 0x298F, 0x298F, 0x29D0, 0x3251, 0x42D2, 0x4B54, 0x5BB4, 0x63F5, 0x6415, 0x6C15, 0x6C35, 0x6C55,
    0x4AC5, 0x4AC5, 0x4AC5, 0x4AC5, 0x4AC5, 0x42C5, 0x42C5, 0x42C5, 0x42C5, 0x42E5, 0x4306, 0x4328, 0x3B4A, 0x3B0C, 0x3AED, 0x3ACE,
    0x3AAE, 0x328F, 0x326F, 0x2A2F, 0x2A0F, 0x2A0F, 0x3250, 0x3A91, 0x4312, 0x4B73, 0x5BD4, 0x6435, 0x6C35, 0x6C55, 0x6C55, 0x6C75,
    0x4B05, 0x4B05, 0x4B05, 0x4B05, 0x4B05, 0x4AE5, 0x42E5, 0x4AE5, 0x4B05, 0x4B05, 0x4326, 0x4367, 0x3B69, 0x3B4B, 0x3B2C, 0x3B0D,
    0x3AEE, 0x32EE, 0x32CF, 0x32AF, 0x328F, 0x326F, 0x32B0, 0x3AF1, 0x4352, 0x53B3, 0x5C14, 0x6454, 0x6C75, 0x6C75, 0x6C95, 0x6C95,
    0x4B25, 0x4B26, 0x4B26, 0x4B26, 0x4B26, 0x4B26, 0x4B25, 0x4B26, 0x4B26, 0x4B26, 0x4346, 0x4386, 0x3BA8, 0x3B8A, 0x3B8C, 0x3B4D,
    0x3B2E, 0x3B2E, 0x3B0F, 0x32EF, 0x32F0, 0x32F0, 0x3AF0, 0x3B31, 0x4372, 0x53F3, 0x5C34, 0x6474, 0x6C95, 0x6C95, 0x6CB5, 0x6CB5,
    0x4B66, 0x4B66, 0x4B66, 0x4B66, 0x4B66, 0x4B66, 0x4B66, 0x4B66, 0x4B66, 0x4B66, 0x4366, 0x43A6, 0x43C7, 0x43C9, 0x3BCB, 0x3B8C,
    0x3B6D, 0x3B6E, 0x3B4F, 0x3B2F, 0x3B30, 0x3B30, 0x3B51, 0x4351, 0x4BB2, 0x5413, 0x5C54, 0x6494, 0x6CB5, 0x6CD5, 0x6CD5, 0x74D5,
    0x4BA6, 0x4BA6, 0x4B86, 0x4B86, 0x4B86, 0x4BA6, 0x4BA6, 0x4BA6, 0x4BA6, 0x4BA6, 0x4BA6, 0x43C6, 0x43E7, 0x4409, 0x3C0A, 0x43EC,
    0x3BCD, 0x3BAE, 0x3B8F, 0x3B90, 0x4370, 0x4371, 0x4391, 0x43B1, 0x4BF2, 0x5433, 0x6474, 0x6CB4, 0x6CD5, 0x6CD5, 0x74F5, 0x74F5,
    0x53E7, 0x53E7, 0x4BC7, 0x4BC7, 0x4BE7, 0x53E7, 0x53E7, 0x4BE7, 0x4BE7, 0x4BE7, 0x4BE7, 0x4C07, 0x4C27, 0x4448, 0x4449, 0x442C,
    0x440D, 0x43EE, 0x43EF, 0x43D0, 0x43D0, 0x43D1, 0x43D1, 0x4BD2, 0x5412, 0x5C53, 0x6494, 0x6CD4, 0x6CD5, 0x74F5, 0x7515, 0x7515,
    0x5427, 0x5427, 0x5427, 0x5427, 0x5427, 0x5427, 0x5427, 0x5427, 0x5427, 0x5427, 0x4C47, 0x4C47, 0x4C47, 0x4467, 0x4469, 0x446B,
    0x446D, 0x444E, 0x442F, 0x4430, 0x4C11, 0x4C11, 0x4C12, 0x4C12, 0x5453, 0x5C94, 0x64B4, 0x6CD5, 0x6CF5, 0x7515, 0x7515, 0x7535,
    0x5468, 0x5468, 0x5448, 0x5468, 0x5468, 0x5468, 0x5447, 0x5468, 0x5468, 0x5468, 0x5468, 0x5488, 0x4C88, 0x44A7, 0x44A8, 0x44AB,
    0x4C8D, 0x4C8E, 0x4C6F, 0x4C70, 0x4C51, 0x5451, 0x5452, 0x5452, 0x5C73, 0x64B4, 0x64D4, 0x6CF5, 0x6D15, 0x7535, 0x7535, 0x7535,
    0x5488, 0x5488, 0x5488, 0x5488, 0x5488, 0x5488, 0x5488, 0x5488, 0x5488, 0x5488, 0x54A8, 0x54A8, 0x4CA8, 0x4CC8, 0x44E9, 0x44CA,
    0x4CCC, 0x4CCE, 0x54B0, 0x54B0, 0x54B1, 0x5492, 0x5C92, 0x5C93, 0x5CB3, 0x64D4, 0x6CF4, 0x6D15, 0x7515, 0x7535, 0x7535, 0x7D55,
    0x54C8, 0x54C8, 0x54C8, 0x54C8, 0x5CC8, 0x54C8, 0x54C8, 0x54C8, 0x54C8, 0x54C8, 0x54C8, 0x54E8, 0x4CE8, 0x4D08, 0x4D09, 0x4D0B,
    0x4CED, 0x54EF, 0x54F0, 0x5CF1, 0x5CF1, 0x5CD2, 0x5CD2, 0x5CD3, 0x64D4, 0x64F4, 0x6D15, 0x7535, 0x7535, 0x7555, 0x7D55, 0x7D75,
    0x5CE9, 0x5CE9, 0x5CE9, 0x5CE9, 0x5CE9, 0x5CE9, 0x5CE9, 0x5509, 0x5509, 0x5509, 0x5509, 0x5509, 0x4D29, 0x4D29, 0x4D2A, 0x4D2C,
    0x552D, 0x5D2F, 0x5D30, 0x5D31, 0x6512, 0x6512, 0x6513, 0x6513, 0x6D14, 0x6D34, 0x6D35, 0x7555, 0x7555, 0x7D55, 0x7D75, 0x8575,
    0x5D09, 0x5D09, 0x5D09, 0x5D09, 0x5D09, 0x5D29, 0x5529, 0x5529, 0x5549, 0x5549, 0x5549, 0x5549, 0x554A, 0x554B, 0x554C, 0x554D,
    0x554E, 0x5D4F, 0x5D51, 0x6551, 0x6552, 0x6553, 0x6D53, 0x6D54, 0x6D54, 0x7555, 0x7555, 0x7D75, 0x7D75, 0x7D75, 0x8575, 0x8595,
    0x5D29, 0x5D29, 0x5D29, 0x5D49, 0x5D49, 0x5D49, 0x5549, 0x5549, 0x5569, 0x5569, 0x556A, 0x556A, 0x556B, 0x556C, 0x556D, 0x5D6E,
    0x5D6F, 0x5D70, 0x6571, 0x6572, 0x6D73, 0x6D73, 0x6D74, 0x6D74, 0x7575, 0x7575, 0x7D75, 0x7D75, 0x8595, 0x8596, 0x8596, 0x8595,
    0x5D49, 0x5D49, 0x5D49, 0x5D49, 0x5D49, 0x5D69, 0x5569, 0x5569, 0x558A, 0x558A, 0x558B, 0x558B, 0x558C, 0x5D8D, 0x5D8E, 0x5D8F,
    0x6590, 0x6591, 0x6592, 0x6D72, 0x6D73, 0x6D93, 0x7594, 0x7574, 0x7575, 0x7D75, 0x7D95, 0x7D95, 0x8596, 0x8596, 0x8596, 0x8596,
    0x5D6A, 0x5D6A, 0x5D6A, 0x5D6A, 0x5D69, 0x5D6A, 0x558A, 0x558A, 0x558A, 0x558B, 0x558C, 0x558D, 0x5D8D, 0x5D8E, 0x658F, 0x6590,
    0x6591, 0x6D91, 0x6D92, 0x6D93, 0x6D93, 0x7594, 0x7594, 0x7594, 0x7D95, 0x7D95, 0x7D95, 0x8596, 0x8596, 0x8596, 0x8596, 0x8596,
    0x5D69, 0x5D69, 0x5D6A, 0x5D6A, 0x5D6A, 0x5D8A, 0x558A, 0x558A, 0x558A, 0x558B, 0x558C, 0x558D, 0x5D8E, 0x5D8F, 0x6590, 0x6590,
    0x6591, 0x6D92, 0x6D92, 0x6D93, 0x6D93, 0x7594, 0x7594, 0x7594, 0x7D95, 0x7D95, 0x7D95, 0x8596, 0x8596, 0x8596, 0x8596, 0x8596,
    0x5569, 0x5569, 0x5569, 0x5D6A, 0x5D6A, 0x558A, 0x558A, 0x558A, 0x558B, 0x558B, 0x558C, 0x558D, 0x5D8E, 0x5D8F, 0x6590, 0x6590,
    0x6591, 0x6D92, 0x6D92, 0x6D93, 0x6D93, 0x7594, 0x7594, 0x7594, 0x7D95, 0x7D95, 0x7D95, 0x7D95, 0x7D96, 0x8596, 0x8596, 0x8596,
    0x5569, 0x5569, 0x5569, 0x5569, 0x556A, 0x5569, 0x5589, 0x558A, 0x558B, 0x558B, 0x558C, 0x558D, 0x5D8E, 0x5D8F, 0x6590, 0x6590,
    0x6591, 0x6592, 0x6D92, 0x6D93, 0x6D93, 0x7594, 0x7594, 0x7594, 0x7595, 0x7D95, 0x7D95, 0x7D95, 0x7D95, 0x7D95, 0x7D95, 0x7D95,
    0x5569, 0x5569, 0x5569, 0x5569, 0x5569, 0x5569, 0x5569, 0x558A, 0x558B, 0x558B, 0x558C, 0x5D8D, 0x5D8E, 0x5D8F, 0x5D90, 0x6590,
    0x6591, 0x6591, 0x6D92, 0x6D93, 0x6D93, 0x7594, 0x7594, 0x7594, 0x7595, 0x7D95, 0x7D95, 0x7D95, 0x7D95, 0x7D95, 0x7D95, 0x7D95,
    0x3882, 0x3882, 0x3883, 0x3883, 0x38A4, 0x38A4, 0x38A5, 0x38A5, 0x38A5, 0x38A6, 0x38A6, 0x38A7, 0x38C7, 0x38C8, 0x30C8, 0x30C9,
    0x28CA, 0x28CA, 0x20AB, 0x20AA, 0x20AB, 0x20CB, 0x20CB, 0x20CB, 0x28CB, 0x30EC, 0x390C, 0x390C, 0x410C, 0x410D, 0x410D, 0x410C,
    0x3882, 0x3882, 0x3882, 0x38A3, 0x38A4, 0x38A4, 0x38A5, 0x38A5, 0x38A5, 0x38A6, 0x38A6, 0x38A7, 0x38A7, 0x30C8, 0x30C8, 0x30C9,
    0x28CA, 0x28CA, 0x20AA, 0x20AA, 0x20AB, 0x20AB, 0x20CB, 0x20CB, 0x28EC, 0x390C, 0x390D, 0x412D, 0x412D, 0x412D, 0x412D, 0x412D,
    0x3882, 0x3882, 0x38A2, 0x38A3, 0x38A4, 0x38A4, 0x38A4, 0x38A5, 0x38A5, 0x38A6, 0x38A6, 0x38A7, 0x38A7, 0x30C8, 0x30C8, 0x30C9,
    0x28CA, 0x28AA, 0x20AA, 0x20AA, 0x20AB, 0x20AB, 0x20CB, 0x20CC, 0x30EC, 0x390D, 0x412D, 0x414E, 0x414E, 0x414E, 0x414E, 0x414E,
    0x38A2, 0x38A2, 0x38C2, 0x40C3, 0x40C4, 0x40C4, 0x40C5, 0x40C5, 0x38A6, 0x38A6, 0x38A6, 0x38A7, 0x38A7, 0x30A8, 0x30C8, 0x30C9,
    0x28AA, 0x20AA, 0x20AA, 0x20AA, 0x20AB, 0x20AB, 0x20CC, 0x28CC, 0x310D, 0x392E, 0x414E, 0x496F, 0x496F, 0x498F, 0x498F, 0x498F,
    0x38E2, 0x38E2, 0x38E2, 0x40C3, 0x48C3, 0x48C4, 0x48C5, 0x40C6, 0x40C6, 0x38C6, 0x38A6, 0x38A7, 0x38A7, 0x30A8, 0x30A8, 0x30A9,
    0x28AA, 0x20AA, 0x20AA, 0x20AB, 0x20AB, 0x20CB, 0x20CC, 0x28EC, 0x310D, 0x394E, 0x416F, 0x4990, 0x51B0, 0x51B0, 0x51B0, 0x51D0,
    0x4103, 0x4103, 0x4103, 0x4103, 0x4903, 0x5104, 0x5105, 0x4906, 0x48E7, 0x40E7, 0x40C7, 0x38C7, 0x38A7, 0x30A8, 0x30A8, 0x30C9,
    0x28AA, 0x20AA, 0x20AB, 0x20AB, 0x20AB, 0x20CB, 0x20CC, 0x28EC, 0x312E, 0x416F, 0x49B0, 0x51D1, 0x51D1, 0x51F1, 0x51F1, 0x51F1,
    0x4143, 0x4143, 0x4143, 0x4143, 0x4943, 0x5124, 0x5925, 0x5926, 0x5127, 0x4907, 0x40E8, 0x40C7, 0x38C7, 0x30C8, 0x30A8, 0x30C9,
    0x28CA, 0x20AA, 0x20AB, 0x20AB, 0x20AB, 0x20CB, 0x20CC, 0x28ED, 0x312E, 0x4190, 0x49D1, 0x5212, 0x5212, 0x5212, 0x5232, 0x5232,
    0x4183, 0x4183, 0x4183, 0x4183, 0x4983, 0x4964, 0x5164, 0x5966, 0x6167, 0x5948, 0x5129, 0x4908, 0x40E8, 0x38C8, 0x30C9, 0x30C9,
    0x28AA, 0x20AA, 0x20AB, 0x20AB, 0x20CB, 0x20CB, 0x20EC, 0x290D, 0x394F, 0x41B1, 0x4A12, 0x5253, 0x5A53, 0x5A74, 0x5A74, 0x5A74,
    0x49C4, 0x49C4, 0x49C4, 0x49C4, 0x49C4, 0x49C4, 0x51A4, 0x59A5, 0x61A7, 0x61A8, 0x5989, 0x5149, 0x4929, 0x40E9, 0x38E9, 0x30CA,
    0x28CA, 0x20AB, 0x20AB, 0x20CB, 0x20CB, 0x20CC, 0x20ED, 0x290E, 0x3970, 0x49F2, 0x5253, 0x5A94, 0x5AB5, 0x62B5, 0x62B5, 0x62D5,
    0x4A24, 0x4A24, 0x4A04, 0x4A04, 0x4A04, 0x4A04, 0x4A04, 0x5205, 0x5A06, 0x5A08, 0x59E9, 0x59CA, 0x51AB, 0x496B, 0x414C, 0x390B,
    0x30EB, 0x28CB, 0x20CB, 0x20CB, 0x20CC, 0x20EC, 0x290D, 0x314F, 0x39B1, 0x4A33, 0x5294, 0x62F5, 0x6315, 0x6315, 0x6335, 0x6335,
    0x4A64, 0x4A64, 0x4A64, 0x4A44, 0x4A44, 0x4A44, 0x4A44, 0x5245, 0x5245, 0x5A47, 0x5A49, 0x5A2B, 0x5A0C, 0x51ED, 0x49AD, 0x416D,
    0x394D, 0x290C, 0x28EC, 0x20EC, 0x20ED, 0x210D, 0x292E, 0x3190, 0x4212, 0x4A94, 0x5AF5, 0x6355, 0x6375, 0x6B75, 0x6B95, 0x6B95,
    0x4A85, 0x4A85, 0x4A85, 0x4A85, 0x4A85, 0x4A85, 0x4A85, 0x4A85, 0x5285, 0x5286, 0x52A8, 0x52AA, 0x528C, 0x526D, 0x4A4E, 0x4A0F,
    0x41EF, 0x39AF, 0x316E, 0x292E, 0x292E, 0x292E, 0x2970, 0x31F1, 0x4273, 0x52F4, 0x5B55, 0x6BB5, 0x6BD5, 0x6BD5, 0x6BF5, 0x6BF4,
    0x4AA5, 0x4AA5, 0x4AA5, 0x4AA5, 0x4AA5, 0x4AA5, 0x4AA5, 0x4AA5, 0x4AA5, 0x52C6, 0x52E7, 0x52E9, 0x52EB, 0x52CD, 0x4AAE, 0x4AB0,
    0x4A70, 0x4251, 0x39F0, 0x31AF, 0x318F, 0x298F, 0x31D0, 0x3A32, 0x42B3, 0x5354, 0x63B4, 0x6BF4, 0x6C14, 0x7414, 0x7434, 0x7454,
    0x4AE5, 0x4AE5, 0x4AE5, 0x4AE5, 0x4AE5, 0x4AE5, 0x4AE5, 0x4AC5, 0x4AC5, 0x4AE6, 0x4B06, 0x4B28, 0x4B2A, 0x4B2C, 0x4B0D, 0x42EF,
    0x42D0, 0x42B0, 0x3A90, 0x3250, 0x3230, 0x3210, 0x3250, 0x3A91, 0x4313, 0x5374, 0x63D4, 0x6C35, 0x6C55, 0x7455, 0x7455, 0x7475,
    0x4B06, 0x5306, 0x5306, 0x5306, 0x5306, 0x5306, 0x4B05, 0x4B05, 0x4B05, 0x4B06, 0x4B26, 0x4B47, 0x4B69, 0x436B, 0x434D, 0x434E,
    0x432F, 0x4310, 0x3AF0, 0x3AD0, 0x32B0, 0x3290, 0x3AB1, 0x3AF1, 0x4B52, 0x53B4, 0x6414, 0x6C55, 0x7475, 0x7475, 0x7495, 0x7495,
    0x5326, 0x5326, 0x5326, 0x5346, 0x5346, 0x5346, 0x5326, 0x5326, 0x5326, 0x5326, 0x4B46, 0x4B67, 0x4BA8, 0x43AA, 0x43AC, 0x438D,
    0x436E, 0x3B4F, 0x3B30, 0x3B10, 0x3B10, 0x3AF0, 0x3B11, 0x4331, 0x4B92, 0x5BF4, 0x6434, 0x6C75, 0x7495, 0x74B5, 0x74B5, 0x74B5,
    0x5366, 0x5366, 0x5366, 0x5366, 0x5366, 0x5366, 0x5366, 0x5366, 0x5366, 0x5366, 0x5366, 0x4B86, 0x4BC7, 0x43E9, 0x43EB, 0x43CD,
    0x43AE, 0x438F, 0x3B6F, 0x3B50, 0x3B50, 0x3B51, 0x4351, 0x4371, 0x4BD2, 0x5C34, 0x6474, 0x6C95, 0x74B5, 0x74D5, 0x74D5, 0x74D5,
    0x53A6, 0x53A6, 0x53A6, 0x5386, 0x5386, 0x53A6, 0x53A6, 0x53A6, 0x5386, 0x53A6, 0x53A6, 0x4BA6, 0x4BC7, 0x4428, 0x442A, 0x440C,
    0x43EE, 0x43CF, 0x43AF, 0x4390, 0x4390, 0x4391, 0x4391, 0x43B2, 0x53F2, 0x5C34, 0x6474, 0x6CB5, 0x74D5, 0x74F5, 0x7CF5, 0x7CF5,
    0x53E7, 0x53E7, 0x53C7, 0x53C7, 0x53C7, 0x53C7, 0x53E7, 0x53C7, 0x53C7, 0x53C7, 0x53E7, 0x53E7, 0x4C07, 0x4C48, 0x4469, 0x444B,
    0x444D, 0x442E, 0x440F, 0x43F0, 0x43D0, 0x43D1, 0x4BD1, 0x4BF2, 0x5433, 0x5C74, 0x6494, 0x74D5, 0x74F5, 0x7D15, 0x7D15, 0x7D15,
    0x5C07, 0x5C07, 0x5C07, 0x5C07, 0x5C27, 0x5C07, 0x5C07, 0x5407, 0x5407, 0x5407, 0x5427, 0x5427, 0x5427, 0x4C68, 0x4C89, 0x448B,
    0x4C8D, 0x4C6E, 0x4C4F, 0x4C30, 0x4C11, 0x4C11, 0x4C12, 0x4C32, 0x5453, 0x6494, 0x6CD4, 0x74F5, 0x7515, 0x7D35, 0x7D35, 0x7D35,
    0x5C48, 0x5C48, 0x5C48, 0x5C48, 0x5C48, 0x5C48, 0x5C48, 0x5C48, 0x5C48, 0x5C48, 0x5C48, 0x5468, 0x5468, 0x4C88, 0x4CA8, 0x4CCA,
    0x4CCC, 0x4CAE, 0x4C90, 0x4C70, 0x4C71, 0x5451, 0x5452, 0x5452, 0x5C93, 0x64D4, 0x6CF4, 0x7515, 0x7515, 0x7D35, 0x7D35, 0x7D55,
    0x5C88, 0x5C88, 0x5C88, 0x5C88, 0x5C88, 0x5C88, 0x5C88, 0x5C88, 0x5C88, 0x5C88, 0x5C88, 0x5C88, 0x54A8, 0x54C8, 0x4CC9, 0x4CEA,
    0x4CEC, 0x54CE, 0x54D0, 0x54B0, 0x54B1, 0x5492, 0x5C92, 0x5C93, 0x5CB3, 0x64F4, 0x6D15, 0x7515, 0x7535, 0x7D35, 0x7D55, 0x8555,
    0x5CA8, 0x5CA8, 0x5CA8, 0x5CA8, 0x5CA8, 0x5CA8, 0x5CA8, 0x5CC8, 0x5CC8, 0x5CC8, 0x5CC8, 0x5CC8, 0x54E8, 0x54E8, 0x4D09, 0x4D2A,
    0x4D2C, 0x550E, 0x54F0, 0x5CF1, 0x5CF1, 0x5CD2, 0x5CD3, 0x64D3, 0x64F4, 0x6D14, 0x6D15, 0x7535, 0x7D55, 0x7D55, 0x8555, 0x8575,
    0x5CE9, 0x5CE9, 0x5CE9, 0x5CE9, 0x5CE9, 0x5CE9, 0x5CE9, 0x5CE9, 0x5CE9, 0x5D09, 0x5D09, 0x5D09, 0x5529, 0x5529, 0x554A, 0x4D4B,
    0x554C, 0x554E, 0x5D30, 0x5D31, 0x6512, 0x6512, 0x6513, 0x6514, 0x6D34, 0x6D35, 0x7535, 0x7D55, 0x7D55, 0x7D75, 0x8575, 0x8575,
    0x6509, 0x6509, 0x6509, 0x6509, 0x6509, 0x5D09, 0x5D09, 0x5D29, 0x5D29, 0x5D29, 0x5549, 0x5549, 0x554A, 0x556A, 0x556B, 0x556C,
    0x556D, 0x5D4F, 0x5D50, 0x6551, 0x6552, 0x6553, 0x6D53, 0x6D54, 0x6D54, 0x7555, 0x7D55, 0x7D75, 0x8575, 0x8576, 0x8596, 0x8596,
    0x6529, 0x6529, 0x6529, 0x6529, 0x6529, 0x6549, 0x5D49, 0x5D49, 0x5D49, 0x5569, 0x556A, 0x558A, 0x558A, 0x558B, 0x558C, 0x5D8E,
    0x5D8F, 0x6570, 0x6571, 0x6D72, 0x6D73, 0x6D73, 0x6D74, 0x7574, 0x7575, 0x7D75, 0x7D75, 0x8596, 0x8596, 0x8D96, 0x8D96, 0x8D96,
    0x654A, 0x654A, 0x654A, 0x654A, 0x654A, 0x654A, 0x5D6A, 0x5D6A, 0x5D6A, 0x558A, 0x558A, 0x55AB, 0x55AC, 0x5DAD, 0x5D8E, 0x658F,
    0x6590, 0x6591, 0x6D91, 0x6D92, 0x6D93, 0x7594, 0x7594, 0x7594, 0x7D95, 0x7D95, 0x8595, 0x8596, 0x8596, 0x8D96, 0x8D96, 0x8D96,
    0x656A, 0x656A, 0x656A, 0x656A, 0x656A, 0x656A, 0x5D8A, 0x5D8A, 0x55AA, 0x55AA, 0x55AB, 0x55AC, 0x5DAD, 0x5DAE, 0x65AF, 0x65B0,
    0x6DB1, 0x6DB2, 0x6D92, 0x7593, 0x7593, 0x7594, 0x7D94, 0x7D95, 0x7D95, 0x8595, 0x8595, 0x8596, 0x8596, 0x8DB6, 0x8DB6, 0x8DB6,
    0x656A, 0x656A, 0x656A, 0x656A, 0x656A, 0x658A, 0x5D8A, 0x5D8A, 0x55AA, 0x55AB, 0x55AB, 0x5DAC, 0x5DAD, 0x5DAE, 0x65AF, 0x65B0,
    0x6DB1, 0x6DB2, 0x6DB2, 0x7593, 0x7593, 0x7594, 0x7D94, 0x7D95, 0x7D95, 0x8595, 0x8595, 0x8596, 0x8596, 0x8596, 0x8DB6, 0x8DB6,
    0x5D6A, 0x5D6A, 0x5D6A, 0x656A, 0x656A, 0x5D8A, 0x5D8A, 0x5D8A, 0x55AA, 0x55AB, 0x55AC, 0x5DAD, 0x5DAE, 0x5DAF, 0x65B0, 0x65B0,
    0x6DB1, 0x6DB2, 0x6DB2, 0x75B3, 0x75B3, 0x75B4, 0x7DB4, 0x7D95, 0x7D95, 0x7D95, 0x8595, 0x8596, 0x8596, 0x8596, 0x8596, 0x85B6,
    0x5D6A, 0x5D6A, 0x5D6A, 0x5D6A, 0x5D6A, 0x5D8A, 0x5D8A, 0x558A, 0x55AA, 0x55AB, 0x55AC, 0x5DAD, 0x5DAE, 0x5DAF, 0x65B0, 0x65B0,
    0x6DB1, 0x6DB2, 0x6DB2, 0x6D93, 0x7593, 0x75B4, 0x7D94, 0x7D94, 0x7D95, 0x7D95, 0x8595, 0x8596, 0x8596, 0x8596, 0x8596, 0x8596,
    0x5D6A, 0x5D6A, 0x5D6A, 0x5D6A, 0x5D6A, 0x5D6A, 0x558A, 0x558A, 0x55AA, 0x55AB, 0x55AC, 0x55AD, 0x5DAE, 0x5DAF, 0x65B0, 0x65B0,
    0x6DB1, 0x6DB2, 0x6DB2, 0x6D93, 0x7593, 0x7594, 0x7594, 0x7D94, 0x7D95, 0x7D95, 0x8595, 0x8595, 0x8596, 0x8596, 0x8596, 0x8596,
    0x4082, 0x40A2, 0x40A3, 0x40A3, 0x40A4, 0x40A4, 0x40A5, 0x40C5, 0x40C6, 0x40C6, 0x40A6, 0x40C7, 0x40C8, 0x40C8, 0x38C8, 0x38C9,
    0x30CA, 0x30CA, 0x28CB, 0x20AA, 0x20AB, 0x20CB, 0x20CB, 0x28CB, 0x30EB, 0x38EC, 0x390C, 0x410C, 0x410C, 0x410C, 0x410C, 0x410C,
    0x3882, 0x4082, 0x40A3, 0x40A3, 0x40A4, 0x40A4, 0x40A5, 0x40A5, 0x40C6, 0x40C6, 0x40C6, 0x40C7, 0x40C7, 0x38C8, 0x38C8, 0x38C9,
    0x30CA, 0x30CA, 0x28CB, 0x20AA, 0x20AB, 0x20CB, 0x20CB, 0x28CB, 0x30EC, 0x390C, 0x412D, 0x412D, 0x412D, 0x412D, 0x412D, 0x412D,
    0x3882, 0x40A2, 0x40A2, 0x40A3, 0x40A4, 0x40A4, 0x40A5, 0x40A5, 0x40C6, 0x40C6, 0x40C7, 0x38C7, 0x38C7, 0x38C8, 0x38C8, 0x38C9,
    0x30CA, 0x30CA, 0x28CA, 0x20AA, 0x20AB, 0x20CB, 0x20CB, 0x28CB, 0x30EC, 0x392D, 0x412D, 0x494E, 0x494E, 0x494E, 0x494E, 0x494E,
    0x38A2, 0x40A2, 0x40C2, 0x40C3, 0x48C4, 0x40C4, 0x40C5, 0x40C5, 0x40C6, 0x40C6, 0x40C6, 0x40C7, 0x38C7, 0x38C8, 0x38C8, 0x38C9,
    0x30CA, 0x30CA, 0x28CB, 0x20AA, 0x20AB, 0x20CB, 0x28CB, 0x28EC, 0x310D, 0x412D, 0x494E, 0x496F, 0x516F, 0x518F, 0x518F, 0x518F,
    0x40C2, 0x40C2, 0x40E2, 0x48C3, 0x48C4, 0x48C4, 0x48C5, 0x48C6, 0x40C6, 0x40C6, 0x40C6, 0x40C7, 0x38C7, 0x38C8, 0x38C8, 0x38C9,
    0x30CA, 0x30CA, 0x28CB, 0x20AB, 0x20AB, 0x20CB, 0x28CC, 0x28EC, 0x390D, 0x414E, 0x496F, 0x518F, 0x51B0, 0x51B0, 0x51D0, 0x51D0,
    0x4103, 0x4103, 0x4103, 0x4903, 0x4903, 0x5104, 0x5105, 0x5106, 0x48E6, 0x48E7, 0x40C7, 0x40C7, 0x40C7, 0x38C8, 0x38C8, 0x38C9,
    0x30CA, 0x28CA, 0x28CB, 0x20CB, 0x20CB, 0x20CB, 0x28CC, 0x28EC, 0x392D, 0x416F, 0x49B0, 0x51D0, 0x51D1, 0x51F1, 0x51F1, 0x51F1,
    0x4143, 0x4143, 0x4143, 0x4923, 0x5123, 0x5924, 0x6125, 0x5926, 0x5927, 0x5107, 0x48E8, 0x40E7, 0x40C7, 0x38C8, 0x38C8, 0x38C9,
    0x30CA, 0x28CA, 0x28CB, 0x20CB, 0x20CB, 0x20CB, 0x28CC, 0x28EC, 0x392E, 0x418F, 0x51D0, 0x5A11, 0x5A12, 0x5A12, 0x5A12, 0x5A32,
    0x4983, 0x4983, 0x4983, 0x4963, 0x4963, 0x5164, 0x5965, 0x6166, 0x6167, 0x5948, 0x5148, 0x4908, 0x40E8, 0x40C8, 0x38C8, 0x38C9,
    0x30CA, 0x28CA, 0x28CB, 0x20CB, 0x20CB, 0x20CB, 0x28EC, 0x290D, 0x394E, 0x49B0, 0x51F1, 0x5A33, 0x5A53, 0x5A53, 0x5A73, 0x5A73,
    0x49C4, 0x49C4, 0x49C4, 0x49C4, 0x49A4, 0x51A4, 0x59A4, 0x61A6, 0x69A7, 0x6988, 0x6189, 0x5949, 0x4929, 0x40E9, 0x38E9, 0x38C9,
    0x30CA, 0x28CA, 0x28CB, 0x20CB, 0x20CB, 0x20CC, 0x28EC, 0x310D, 0x396F, 0x49D1, 0x5233, 0x5A74, 0x6294, 0x62B4, 0x62B4, 0x62B4,
    0x4A04, 0x4A04, 0x4A04, 0x4A04, 0x49E4, 0x51E4, 0x51E4, 0x59E5, 0x61E6, 0x61E8, 0x69E9, 0x61AA, 0x598B, 0x514B, 0x492A, 0x410A,
    0x38EB, 0x28CB, 0x28CB, 0x20CB, 0x20CC, 0x20CC, 0x290D, 0x312E, 0x4190, 0x4A13, 0x5A74, 0x62D4, 0x62F4, 0x62F5, 0x62F5, 0x62F5,
    0x5245, 0x5245, 0x5245, 0x5244, 0x5244, 0x5244, 0x5245, 0x5225, 0x5A46, 0x6247, 0x6A49, 0x6A2B, 0x61EC, 0x59CC, 0x518C, 0x494C,
    0x392C, 0x310C, 0x28EC, 0x28EC, 0x28EC, 0x28ED, 0x292E, 0x316F, 0x41D2, 0x5274, 0x5AD5, 0x6B35, 0x6B35, 0x6B55, 0x6B55, 0x6B55,
    0x5285, 0x5285, 0x5285, 0x5285, 0x5285, 0x5285, 0x5285, 0x5285, 0x5A85, 0x5A86, 0x6288, 0x628A, 0x628B, 0x624C, 0x5A2D, 0x520E,
    0x49CF, 0x418F, 0x394E, 0x312E, 0x312E, 0x292E, 0x316F, 0x39D1, 0x4253, 0x5AD4, 0x6335, 0x6B95, 0x6BB4, 0x73B4, 0x73D4, 0x73D4,
    0x52A5, 0x52C5, 0x52C5, 0x52C5, 0x52A5, 0x52C5, 0x52C5, 0x52A5, 0x52A5, 0x5AC6, 0x5AC7, 0x5AE9, 0x5AEB, 0x62CC, 0x5AAE, 0x5A90,
    0x5271, 0x4A31, 0x41F0, 0x39AF, 0x398F, 0x318F, 0x39D1, 0x3A32, 0x4AB3, 0x5B35, 0x6395, 0x73F4, 0x7414, 0x7414, 0x7434, 0x7C34,
    0x52E6, 0x52E6, 0x52E6, 0x52E6, 0x52E6, 0x52E6, 0x52E5, 0x52E5, 0x52E6, 0x52E6, 0x5B06, 0x5B28, 0x5B2A, 0x5B2C, 0x530E, 0x530F,
    0x52F1, 0x4AD1, 0x4A91, 0x4271, 0x3A31, 0x3A31, 0x3A51, 0x4292, 0x4AF3, 0x5B74, 0x6BD4, 0x7434, 0x7454, 0x7C54, 0x7C54, 0x7C74,
    0x5306, 0x5306, 0x5326, 0x5326, 0x5326, 0x5306, 0x5306, 0x5306, 0x5306, 0x5306, 0x5326, 0x5347, 0x5369, 0x536B, 0x536D, 0x536F,
    0x4B50, 0x4B31, 0x4B11, 0x42F1, 0x42D1, 0x3AB1, 0x42B2, 0x42F2, 0x4B53, 0x5BB4, 0x6C14, 0x7475, 0x7C75, 0x7C95, 0x7C95, 0x7C95,
    0x5346, 0x5346, 0x5B46, 0x5B46, 0x5B46, 0x5346, 0x5346, 0x5346, 0x5346, 0x5346, 0x5346, 0x5367, 0x5388, 0x53AA, 0x4BCC, 0x4BAE,
    0x4B8F, 0x4B70, 0x4351, 0x4331, 0x4331, 0x4311, 0x4332, 0x4352, 0x53B3, 0x5C14, 0x6C54, 0x7495, 0x7C95, 0x7CB5, 0x7CB5, 0x7CB5,
    0x5366, 0x5B66, 0x5B66, 0x5B66, 0x5B66, 0x5B66, 0x5B66, 0x5B66, 0x5366, 0x5B66, 0x5366, 0x5386, 0x53A7, 0x4BE9, 0x4C0B, 0x4BED,
    0x4BCE, 0x43AF, 0x4390, 0x4371, 0x4371, 0x4371, 0x4372, 0x4B92, 0x53D3, 0x5C34, 0x6C74, 0x74B5, 0x7CB5, 0x7CD5, 0x7CD5, 0x7CF5,
    0x5BA7, 0x5BA7, 0x5BA7, 0x5BA7, 0x5BA7, 0x5BA7, 0x5BA7, 0x5BA7, 0x5B87, 0x5BA7, 0x5BA7, 0x53A7, 0x53C7, 0x4C28, 0x4C49, 0x4C2C,
    0x4C2E, 0x4BEF, 0x4BD0, 0x43B0, 0x43B1, 0x43B1, 0x4BB2, 0x4BD2, 0x5413, 0x5C54, 0x6C94, 0x74D5, 0x7CF5, 0x7CF5, 0x7D15, 0x8515,
    0x5BE7, 0x5BE7, 0x5BE7, 0x5BC7, 0x5BC7, 0x5BC7, 0x5BC7, 0x5BC7, 0x5BC7, 0x5BC7, 0x5BC7, 0x5BC7, 0x53E7, 0x4C47, 0x4C69, 0x4C6B,
    0x4C6D, 0x4C4F, 0x4C30, 0x4BF0, 0x4BF1, 0x4BF1, 0x4BF2, 0x4C12, 0x5433, 0x6474, 0x6CB5, 0x74F5, 0x7CF5, 0x8515, 0x8515, 0x8535,
    0x5C07, 0x5C07, 0x5C07, 0x5C07, 0x5C07, 0x5C07, 0x5C07, 0x5C07, 0x5C07, 0x5C07, 0x5C07, 0x5C07, 0x5C27, 0x5448, 0x5489, 0x4CAB,
    0x4CAD, 0x4C8E, 0x4C70, 0x4C50, 0x4C31, 0x4C11, 0x4C12, 0x5432, 0x5C73, 0x64B4, 0x6CD5, 0x7CF5, 0x7D15, 0x8535, 0x8535, 0x8535,
    0x5C48, 0x6448, 0x6448, 0x6448, 0x5C48, 0x5C48, 0x5C48, 0x5C48, 0x5C48, 0x5C48, 0x5C48, 0x5C48, 0x5C68, 0x5C88, 0x54A8, 0x4CCA,
    0x4CEC, 0x54AE, 0x54B0, 0x5490, 0x5471, 0x5451, 0x5452, 0x5473, 0x5C93, 0x64D4, 0x74F5, 0x7D15, 0x7D35, 0x8535, 0x8555, 0x8555,
    0x6468, 0x6468, 0x6468, 0x6468, 0x6488, 0x6488, 0x6488, 0x6488, 0x6488, 0x6488, 0x6488, 0x6488, 0x5C88, 0x5CA8, 0x54C9, 0x4D09,
    0x4D0B, 0x54EE, 0x54CF, 0x54D1, 0x54B1, 0x54B2, 0x5C92, 0x5C93, 0x64D4, 0x6CF4, 0x7515, 0x7D35, 0x7D35, 0x8555, 0x8555, 0x8D55,
    0x64A9, 0x64A9, 0x64A9, 0x64A9, 0x64A9, 0x64A9, 0x64A9, 0x64A9, 0x64A9, 0x64A9, 0x64A8, 0x64C9, 0x5CC9, 0x5CE9, 0x5509, 0x552A,
    0x552B, 0x552E, 0x5D0F, 0x5D11, 0x5CF1, 0x5CF2, 0x5CF3, 0x64F3, 0x64F4, 0x6D15, 0x7535, 0x7D35, 0x8555, 0x8555, 0x8575, 0x8D75,
    0x64C9, 0x64C9, 0x64C9, 0x64C9, 0x64C9, 0x64C9, 0x64E9, 0x64E9, 0x64E9, 0x64E9, 0x64E9, 0x6509, 0x5D09, 0x5D29, 0x5549, 0x556A,
    0x556C, 0x5D4E, 0x5D50, 0x5D31, 0x6532, 0x6532, 0x6533, 0x6534, 0x6D34, 0x7535, 0x7555, 0x7D55, 0x8555, 0x8575, 0x8D76, 0x8D76,
    0x6509, 0x6509, 0x6509, 0x6509, 0x6509, 0x6509, 0x6509, 0x6509, 0x6509, 0x6529, 0x5D29, 0x5D49, 0x5D4A, 0x5D6A, 0x556B, 0x558C,
    0x5D8D, 0x5D6F, 0x6570, 0x6551, 0x6D52, 0x6D53, 0x6D53, 0x6D54, 0x7555, 0x7555, 0x7D75, 0x8575, 0x8576, 0x8D96, 0x8D96, 0x8D96,
    0x6D2A, 0x6D2A, 0x6D2A, 0x6D2A, 0x6D2A, 0x652A, 0x654A, 0x654A, 0x654A, 0x5D4A, 0x5D6A, 0x558A, 0x55AA, 0x558B, 0x5D8C, 0x5DAD,
    0x658F, 0x6590, 0x6D91, 0x6D92, 0x6D93, 0x7593, 0x7574, 0x7574, 0x7D75, 0x7D95, 0x8595, 0x8D96, 0x8D96, 0x8D96, 0x8D96, 0x8D96,
    0x6D4A, 0x6D4A, 0x6D4A, 0x6D4A, 0x6D4A, 0x6D4A, 0x656A, 0x656A, 0x5D6A, 0x5D8A, 0x5D8A, 0x5DAB, 0x5DAB, 0x5DAC, 0x5DAD, 0x65AF,
    0x6DB0, 0x6DB1, 0x6D92, 0x7592, 0x7593, 0x7594, 0x7D94, 0x7D95, 0x7D95, 0x8595, 0x8596, 0x8D96, 0x8D96, 0x8DB6, 0x8DB6, 0x8DB6,
    0x6D6A, 0x6D6A, 0x6D6A, 0x6D6A, 0x6D6A, 0x6D6A, 0x658A, 0x658A, 0x5DAA, 0x5DAA, 0x55CA, 0x5DCC, 0x5DCD, 0x65AE, 0x65AF, 0x6DB0,
    0x6DB1, 0x75B2, 0x75B2, 0x75B3, 0x7DB3, 0x7DB4, 0x7DB4, 0x85B5, 0x85B5, 0x85B5, 0x8DB6, 0x8DB6, 0x8DB6, 0x8DB6, 0x8DB6, 0x95B6,
    0x6D6A, 0x6D6A, 0x6D6A, 0x6D6A, 0x6D6A, 0x6D6A, 0x658A, 0x658A, 0x5DAA, 0x5DCA, 0x55CB, 0x5DCC, 0x5DCD, 0x65AE, 0x65AF, 0x6DB0,
    0x6DB1, 0x75B2, 0x75B2, 0x75B3, 0x7DB3, 0x7DB4, 0x7DB4, 0x85B5, 0x85B5, 0x85B5, 0x8DB6, 0x8DB6, 0x8DB6, 0x8DB6, 0x8DB6, 0x8DB6,
    0x656A, 0x656A, 0x656A, 0x656A, 0x6D6A, 0x658A, 0x658A, 0x5DAA, 0x5DAA, 0x5DCA, 0x5DCB, 0x5DCC, 0x5DCD, 0x65AF, 0x65B0, 0x6DB1,
    0x6DB1, 0x75B2, 0x75B2, 0x75B3, 0x7DB3, 0x7DB4, 0x7DB4, 0x85B5, 0x85B5, 0x85B5, 0x8DB6, 0x8DB6, 0x8DB6, 0x8DB6, 0x8DB6, 0x8DB6,
    0x656A, 0x656A, 0x656A, 0x656A, 0x656A, 0x658A, 0x658A, 0x5DAA, 0x5DAA, 0x5DCA, 0x55CB, 0x5DCC, 0x5DCD, 0x65AF, 0x65B0, 0x6DB1,
    0x6DB1, 0x75B2, 0x75B2, 0x75B3, 0x7DB3, 0x7DB4, 0x7DB4, 0x7DB5, 0x85B5, 0x85B5, 0x85B6, 0x8DB6, 0x8DB6, 0x8DB6, 0x8DB6, 0x8DB6,
    0x656A, 0x656A, 0x656A, 0x656A, 0x656A, 0x658A, 0x5D8A, 0x5DAA, 0x5DAA, 0x55AA, 0x55CB, 0x5DAC, 0x5DAD, 0x65AF, 0x65B0, 0x6DB1,
    0x6DB1, 0x75B2, 0x75B2, 0x75B3, 0x75B3, 0x7DB4, 0x7DB4, 0x7DB4, 0x85B5, 0x8595, 0x85B5, 0x8DB6, 0x8DB6, 0x8DB6, 0x8DB6, 0x8DB6,
    0x40A2, 0x40A3, 0x40A3, 0x40A4, 0x40A4, 0x40A4, 0x40C5, 0x40C5, 0x48C6, 0x40C6, 0x40C7, 0x48C7, 0x40E8, 0x40E8, 0x40E8, 0x40E9,
    0x40EA, 0x38EA, 0x38EB, 0x30CB, 0x28CB, 0x28CB, 0x28CB, 0x30CB, 0x38EB, 0x410C, 0x410C, 0x410C, 0x410C, 0x492C, 0x492C, 0x492C,
    0x40A2, 0x40A3, 0x40A3, 0x40A3, 0x40A4, 0x40A4, 0x40C5, 0x40C5, 0x48C6, 0x40C6, 0x40C7, 0x40C7, 0x40C8, 0x40E8, 0x40E8, 0x40E9,
    0x40EA, 0x38EA, 0x38CB, 0x30CB, 0x28CB, 0x28CB, 0x28CB, 0x30CB, 0x38EC, 0x410C, 0x412D, 0x492D, 0x492D, 0x492D, 0x492D, 0x494D,
    0x40A2, 0x40A2, 0x40A3, 0x40A3, 0x40A4, 0x40C4, 0x40C5, 0x40C5, 0x48C6, 0x48C6, 0x40C7, 0x40C7, 0x40C8, 0x40C8, 0x40E8, 0x40E9,
    0x40EA, 0x38EA, 0x38CB, 0x30CB, 0x28CB, 0x28CB, 0x28CB, 0x30EC, 0x38EC, 0x410D, 0x492D, 0x494D, 0x514E, 0x514E, 0x514E, 0x514E,
    0x40A2, 0x40A2, 0x48C3, 0x48C3, 0x48C4, 0x48C5, 0x48C5, 0x48C5, 0x48C6, 0x48C6, 0x40C7, 0x40C7, 0x40C7, 0x40C8, 0x40E8, 0x40E9,
    0x40EA, 0x38CA, 0x30CB, 0x30CB, 0x28CB, 0x28CB, 0x28CB, 0x30EC, 0x390D, 0x412D, 0x494E, 0x516E, 0x518E, 0x518F, 0x518F, 0x518F,
    0x40C2, 0x48C2, 0x48C3, 0x50C3, 0x50C4, 0x50E5, 0x50E5, 0x48E6, 0x48C6, 0x48C6, 0x40C7, 0x40C7, 0x40C7, 0x40C8, 0x40E8, 0x40E9,
    0x38CA, 0x38CA, 0x30CB, 0x30CB, 0x28CB, 0x28CB, 0x28CB, 0x30EC, 0x390D, 0x414E, 0x516F, 0x51AF, 0x59AF, 0x59B0, 0x59D0, 0x59D0,
    0x4903, 0x4903, 0x4903, 0x5103, 0x5104, 0x5904, 0x5905, 0x5106, 0x50E6, 0x48E7, 0x48E7, 0x48E7, 0x40C8, 0x40C8, 0x40C8, 0x40E9,
    0x38EA, 0x38CA, 0x30CB, 0x30CB, 0x28CB, 0x28CB, 0x28CB, 0x30EC, 0x392D, 0x496F, 0x51AF, 0x59D0, 0x59D0, 0x59F0, 0x59F1, 0x59F1,
    0x4943, 0x4943, 0x4923, 0x5123, 0x5924, 0x5924, 0x6125, 0x5926, 0x5907, 0x5107, 0x5108, 0x48E8, 0x48E8, 0x40C8, 0x40C8, 0x40E9,
    0x38EA, 0x38CA, 0x30CB, 0x30CB, 0x28CB, 0x28CB, 0x28CC, 0x30EC, 0x392D, 0x498F, 0x51D0, 0x5A11, 0x5A11, 0x5A11, 0x5A11, 0x6232,
    0x4963, 0x4963, 0x4963, 0x5164, 0x5164, 0x5964, 0x6165, 0x6166, 0x6947, 0x6148, 0x5948, 0x5128, 0x4908, 0x48E8, 0x40E8, 0x40C9,
    0x38CA, 0x38CA, 0x30CB, 0x30CB, 0x28CB, 0x28CB, 0x28EC, 0x310D, 0x414E, 0x49B0, 0x51F1, 0x6232, 0x6252, 0x6253, 0x6253, 0x6273,
    0x49A4, 0x51A4, 0x51A4, 0x51A4, 0x51A4, 0x59A4, 0x61A5, 0x69A6, 0x71A7, 0x6988, 0x6989, 0x5949, 0x5129, 0x4909, 0x40E9, 0x40E9,
    0x38CA, 0x38CA, 0x30CB, 0x30CB, 0x28CB, 0x28CB, 0x28EC, 0x310D, 0x416F, 0x51D1, 0x5A32, 0x6273, 0x6294, 0x6A94, 0x6A94, 0x6AB4,
    0x51E4, 0x51E4, 0x51E4, 0x51E4, 0x51E4, 0x51E4, 0x59E4, 0x61E5, 0x69E6, 0x71E8, 0x71E9, 0x69AA, 0x618A, 0x594A, 0x512A, 0x410A,
    0x40EA, 0x38EB, 0x30CB, 0x30CB, 0x28CB, 0x28EC, 0x310D, 0x392E, 0x4190, 0x5212, 0x5A73, 0x6AB4, 0x6AD4, 0x6AD4, 0x6AD4, 0x6AD4,
    0x5225, 0x5225, 0x5224, 0x5224, 0x5224, 0x5224, 0x5225, 0x5A25, 0x6226, 0x6A27, 0x7229, 0x720A, 0x69EB, 0x61AB, 0x598C, 0x514B,
    0x412B, 0x390B, 0x38EB, 0x30EB, 0x30EC, 0x28EC, 0x312D, 0x394F, 0x41D1, 0x5253, 0x62B4, 0x6B15, 0x6B15, 0x6B34, 0x6B34, 0x6B34,
    0x5265, 0x5A85, 0x5A85, 0x5A65, 0x5265, 0x5265, 0x5A65, 0x5A65, 0x5A65, 0x6266, 0x6A88, 0x6A8A, 0x6A6B, 0x6A4C, 0x620D, 0x59EE,
    0x51AE, 0x496D, 0x412D, 0x390D, 0x310D, 0x310D, 0x394F, 0x39B0, 0x4A12, 0x5AB4, 0x6314, 0x7374, 0x7374, 0x7394, 0x7394, 0x73B4,
    0x5AA5, 0x5AA5, 0x5AA5, 0x5AA5, 0x5AA5, 0x5AA5, 0x5AA5, 0x5AA5, 0x5AA5, 0x62A6, 0x62C7, 0x6AC9, 0x6ACB, 0x6AAD, 0x6AAE, 0x626F,
    0x5A2F, 0x51EF, 0x49AF, 0x416E, 0x396E, 0x396F, 0x39B0, 0x41F2, 0x5273, 0x5AF4, 0x6B75, 0x73D4, 0x73D4, 0x73F4, 0x7C14, 0x7C14,
    0x5AE6, 0x5AE6, 0x5AE6, 0x5AE6, 0x5AE6, 0x5AE6, 0x5AE6, 0x5AE6, 0x5AE6, 0x5AE6, 0x62E6, 0x6308, 0x6329, 0x630C, 0x630E, 0x62EF,
    0x62D0, 0x5AB1, 0x5271, 0x5251, 0x4A31, 0x4A12, 0x4A52, 0x4A93, 0x52F4, 0x6354, 0x6BD4, 0x7C34, 0x7C34, 0x7C54, 0x7C54, 0x8474,
    0x5B06, 0x5B26, 0x5B26, 0x5B26, 0x5B26, 0x5B26, 0x5B06, 0x5B06, 0x5B06, 0x5B06, 0x5B26, 0x5B47, 0x6348, 0x636B, 0x636D, 0x636E,
    0x5B50, 0x5B31, 0x5B12, 0x52F3, 0x52D3, 0x52B3, 0x4AD3, 0x4AF4, 0x5B54, 0x63B4, 0x7414, 0x7C74, 0x8494, 0x8494, 0x8494, 0x84B4,
    0x5B46, 0x5B46, 0x5B46, 0x5B46, 0x5B46, 0x5B46, 0x5B46, 0x5B46, 0x5B46, 0x5B46, 0x5B46, 0x5B67, 0x5B88, 0x5BAA, 0x5BAC, 0x5BAE,
    0x5B8F, 0x5B91, 0x5371, 0x5352, 0x5353, 0x4B33, 0x4B53, 0x4B73, 0x5BB4, 0x6414, 0x7454, 0x7C95, 0x84B5, 0x84B5, 0x84B5, 0x84D5,
    0x5B67, 0x5B87, 0x6387, 0x6387, 0x5B87, 0x5B87, 0x5B67, 0x5B67, 0x5B67, 0x5B67, 0x5B67, 0x5B87, 0x5BA7, 0x5BC9, 0x5BEB, 0x5BED,
    0x53EF, 0x53D0, 0x53B1, 0x53B2, 0x4B92, 0x4B93, 0x4BB3, 0x53D3, 0x5BF4, 0x6454, 0x7475, 0x7CB5, 0x84D5, 0x84D5, 0x84F5, 0x84F5,
    0x5BA7, 0x63A7, 0x63A7, 0x63A7, 0x63A7, 0x63A7, 0x5BA7, 0x5BA7, 0x5BA7, 0x5BA7, 0x5BA7, 0x5BA7, 0x5BC7, 0x5C08, 0x5429, 0x542C,
    0x542E, 0x5410, 0x53F1, 0x4BF1, 0x4BD2, 0x4BD2, 0x4BF3, 0x53F3, 0x5C34, 0x6C74, 0x74B5, 0x7CD5, 0x84F5, 0x8515, 0x8D15, 0x8D15,
    0x63E7, 0x63E7, 0x63E7, 0x63E7, 0x63E7, 0x63C7, 0x63C7, 0x63C7, 0x63C7, 0x5BC7, 0x5BC7, 0x5BC7, 0x5BE7, 0x5C28, 0x5449, 0x546B,
    0x546D, 0x544F, 0x5430, 0x5431, 0x4C12, 0x4C12, 0x5412, 0x5433, 0x5C54, 0x6C94, 0x74D5, 0x7CF5, 0x8515, 0x8D35, 0x8D35, 0x8D35,
    0x6408, 0x6408, 0x6408, 0x6408, 0x6408, 0x6408, 0x6408, 0x6408, 0x6408, 0x6408, 0x6408, 0x6408, 0x6428, 0x5C28, 0x5C68, 0x54AA,
    0x54AC, 0x54AE, 0x5490, 0x5471, 0x5451, 0x5432, 0x5432, 0x5453, 0x5C94, 0x6CD4, 0x74F5, 0x8515, 0x8535, 0x8D35, 0x8D55, 0x8D55,
    0x6448, 0x6448, 0x6448, 0x6448, 0x6448, 0x6448, 0x6428, 0x6448, 0x6448, 0x6448, 0x6448, 0x6448, 0x6448, 0x6468, 0x5C88, 0x54CA,
    0x54EB, 0x54CE, 0x54D0, 0x54B1, 0x5491, 0x5472, 0x5472, 0x5C73, 0x64B4, 0x6CF5, 0x7515, 0x8515, 0x8535, 0x8D55, 0x8D55, 0x8D55,
    0x6C68, 0x6468, 0x6468, 0x6468, 0x6468, 0x6468, 0x6468, 0x6468, 0x6488, 0x6468, 0x6468, 0x6468, 0x6488, 0x6488, 0x5CC9, 0x5D09,
    0x550B, 0x5D0D, 0x5CEF, 0x5CF1, 0x5CF1, 0x5CD2, 0x5CB3, 0x5CB3, 0x64D4, 0x6CF5, 0x7515, 0x8535, 0x8555, 0x8D55, 0x8D55, 0x8D75,
    0x6CA9, 0x6CA9, 0x6CA9, 0x6CA9, 0x6CA9, 0x6CA9, 0x6CA9, 0x6CA9, 0x6CA9, 0x6CA9, 0x6CA9, 0x6CA9, 0x64C9, 0x64E9, 0x5D09, 0x5D29,
    0x5D4B, 0x5D2D, 0x5D2F, 0x6531, 0x6512, 0x6512, 0x64F3, 0x64F4, 0x6D14, 0x7515, 0x7D35, 0x8555, 0x8D55, 0x8D75, 0x8D76, 0x9596,
    0x6CC9, 0x6CC9, 0x6CC9, 0x6CC9, 0x6CC9, 0x6CC9, 0x6CC9, 0x6CC9, 0x6CC9, 0x6CE9, 0x6CE9, 0x6CE9, 0x6509, 0x6529, 0x5D4A, 0x5D6A,
    0x5D6B, 0x5D6E, 0x654F, 0x6551, 0x6552, 0x6533, 0x6533, 0x6D34, 0x6D34, 0x7555, 0x7D55, 0x8555, 0x8D76, 0x8D76, 0x8D96, 0x9596,
    0x6CE9, 0x6CE9, 0x6CEA, 0x6CEA, 0x6CEA, 0x6D0A, 0x6D0A, 0x6D0A, 0x6D0A, 0x6D0A, 0x652A, 0x652A, 0x654A, 0x656A, 0x5D6B, 0x5D8C,
    0x658D, 0x658F, 0x6570, 0x6D71, 0x6D72, 0x6D53, 0x6D53, 0x6D54, 0x7555, 0x7D75, 0x8575, 0x8D76, 0x8D96, 0x8D96, 0x9596, 0x95B6,
    0x6D0A, 0x6D0A, 0x6D0A, 0x6D2A, 0x6D2A, 0x6D2A, 0x6D2A, 0x6D4A, 0x6D4A, 0x654A, 0x656A, 0x658A, 0x5D8A, 0x5DAB, 0x5DAC, 0x65AD,
    0x6DAF, 0x6D90, 0x6D91, 0x7592, 0x7593, 0x7593, 0x7594, 0x7574, 0x7D95, 0x8595, 0x8D96, 0x8D96, 0x9596, 0x95B6, 0x95B6, 0x95B6,
    0x754A, 0x754A, 0x754A, 0x754A, 0x754A, 0x6D4A, 0x6D4A, 0x6D6A, 0x6D6A, 0x658A, 0x658A, 0x65AB, 0x65AC, 0x65AC, 0x65AD, 0x6DAF,
    0x6DB0, 0x75B1, 0x75B2, 0x7DB3, 0x7DB3, 0x7D94, 0x7D94, 0x7D95, 0x8595, 0x8595, 0x8DB6, 0x95B6, 0x95B6, 0x95B6, 0x95B6, 0x95B6,
    0x756A, 0x756B, 0x756B, 0x756B, 0x756B, 0x756B, 0x6D6B, 0x6D8A, 0x658A, 0x65AA, 0x65CB, 0x65CC, 0x65CD, 0x6DCE, 0x6DCF, 0x75D0,
    0x75D1, 0x7DD2, 0x7DB3, 0x85B3, 0x85B4, 0x85B4, 0x85B4, 0x85B5, 0x8DB5, 0x8DB6, 0x8DB6, 0x95B6, 0x95B6, 0x95B6, 0x95B6, 0x95B6,
    0x6D6A, 0x6D6B, 0x6D6B, 0x756B, 0x756B, 0x6D6B, 0x6D8B, 0x6D8A, 0x65AA, 0x65CB, 0x65CB, 0x65CC, 0x65CD, 0x6DCF, 0x6DD0, 0x75D1,
    0x75D1, 0x7DB2, 0x7DB3, 0x85B3, 0x85B4, 0x85B4, 0x85B4, 0x85B5, 0x8DB5, 0x8DB6, 0x8DB6, 0x95B6, 0x95B6, 0x95B6, 0x95B6, 0x95B6,
    0x6D6A, 0x6D6A, 0x6D6A, 0x6D6B, 0x6D6B, 0x6D6B, 0x6D8A, 0x658A, 0x65AA, 0x65CB, 0x65CB, 0x65CC, 0x65CD, 0x6DCF, 0x6DD0, 0x75D1,
    0x75B1, 0x7DB2, 0x7DB3, 0x7DB3, 0x85B3, 0x85B4, 0x85B4, 0x85B5, 0x8DB5, 0x8DB5, 0x8DB6, 0x95B6, 0x95B6, 0x95B6, 0x95B6, 0x95B6,
    0x6D6A, 0x6D6A, 0x6D6A, 0x6D6B, 0x6D6B, 0x6D8A, 0x6D8A, 0x658A, 0x65AA, 0x5DCB, 0x5DCB, 0x65CC, 0x65CD, 0x6DCF, 0x6DD0, 0x75D1,
    0x75B1, 0x75B2, 0x7DB2, 0x7DB3, 0x7DB3, 0x85B4, 0x85B4, 0x85B5, 0x8DB5, 0x8DB5, 0x8DB6, 0x95B6, 0x95B6, 0x95B6, 0x95B6, 0x95B6,
    0x6D6A, 0x6D6A, 0x6D6B, 0x6D6A, 0x6D6A, 0x6D8A, 0x6D8A, 0x658A, 0x65AA, 0x5DCB, 0x5DCB, 0x5DCC, 0x65CD, 0x6DCF, 0x6DD0, 0x75B1,
    0x75B1, 0x75B2, 0x7DB2, 0x7DB3, 0x7DB3, 0x7DB4, 0x85B4, 0x85B5, 0x85B5, 0x8DB5, 0x8DB6, 0x8DB6, 0x8DB6, 0x8DB6, 0x8DB6, 0x95B6,
    0x48A3, 0x48A3, 0x48A3, 0x48C4, 0x48C4, 0x48C5, 0x48C5, 0x48C6, 0x48E6, 0x48E7, 0x48E7, 0x50E8, 0x50E8, 0x48E8, 0x48E9, 0x48E9,
    0x48EA, 0x40EA, 0x40EB, 0x40EB, 0x38EB, 0x30EB, 0x30EB, 0x38EB, 0x40EB, 0x410C, 0x490C, 0x492C, 0x492C, 0x492C, 0x492C, 0x492C,
    0x48A3, 0x48A3, 0x48A3, 0x48C4, 0x48C4, 0x48C5, 0x48C5, 0x48C6, 0x48C6, 0x48E7, 0x48E7, 0x48E7, 0x48E8, 0x48E8, 0x48E9, 0x48E9,
    0x48EA, 0x40EB, 0x40EB, 0x38EB, 0x38EB, 0x30CB, 0x30EB, 0x38EB, 0x410C, 0x410C, 0x492C, 0x512D, 0x514D, 0x514D, 0x514D, 0x514D,
    0x48A2, 0x48A3, 0x48A3, 0x48C4, 0x48C4, 0x48C5, 0x48C5, 0x48C6, 0x48C6, 0x48E6, 0x48E7, 0x48E7, 0x48E8, 0x48E8, 0x48E9, 0x48E9,
    0x48EA, 0x40EB, 0x40EB, 0x38EB, 0x38EB, 0x30CB, 0x30EB, 0x38EC, 0x410C, 0x412D, 0x492D, 0x514D, 0x514D, 0x516D, 0x516E, 0x516E,
    0x48C2, 0x48C3, 0x50C3, 0x50C4, 0x50C4, 0x50C5, 0x50C5, 0x50E6, 0x50E6, 0x48E6, 0x48E7, 0x48E7, 0x48E8, 0x48E8, 0x48E9, 0x48E9,
    0x48EA, 0x40EB, 0x40EB, 0x38EB, 0x38EB, 0x30CB, 0x30EB, 0x38EC, 0x410C, 0x494D, 0x516E, 0x596E, 0x598E, 0x598E, 0x598F, 0x598F,
    0x48C3, 0x50C3, 0x50C3, 0x50C4, 0x50E4, 0x50E5, 0x50E5, 0x50E6, 0x50E6, 0x50E6, 0x48E7, 0x48E7, 0x48E8, 0x48E8, 0x48E9, 0x48E9,
    0x48EA, 0x40EA, 0x40EB, 0x38EB, 0x38CB, 0x30CB, 0x30EB, 0x38EC, 0x412D, 0x494E, 0x518E, 0x59AF, 0x59AF, 0x59AF, 0x59D0, 0x61D0,
    0x4903, 0x5103, 0x5103, 0x5904, 0x5904, 0x5905, 0x5905, 0x5906, 0x50E6, 0x50E7, 0x50E7, 0x50E7, 0x48E8, 0x48E8, 0x48E9, 0x48E9,
    0x48EA, 0x40EA, 0x40EB, 0x38EB, 0x38EB, 0x30CB, 0x30EB, 0x38EC, 0x412D, 0x516E, 0x59AF, 0x59D0, 0x61D0, 0x61F0, 0x61F0, 0x61F1,
    0x5123, 0x5123, 0x5123, 0x5924, 0x6124, 0x6125, 0x6125, 0x6106, 0x5907, 0x5907, 0x5908, 0x5108, 0x50E8, 0x48E8, 0x48E9, 0x48E9,
    0x48EA, 0x40EB, 0x40EB, 0x38EB, 0x38EB, 0x30CB, 0x30EC, 0x390C, 0x414D, 0x518F, 0x59D0, 0x61F0, 0x6211, 0x6211, 0x6211, 0x6231,
    0x5163, 0x5164, 0x5164, 0x5964, 0x5964, 0x6164, 0x6965, 0x6966, 0x6947, 0x6948, 0x6148, 0x5928, 0x5108, 0x5108, 0x48E9, 0x48E9,
    0x48EA, 0x40EA, 0x40EB, 0x38EB, 0x38EB, 0x30CB, 0x30EC, 0x390D, 0x414E, 0x51B0, 0x59F1, 0x6232, 0x6A52, 0x6A52, 0x6A52, 0x6A73,
    0x51A4, 0x51A4, 0x51A4, 0x51A4, 0x59A4, 0x61A4, 0x69A5, 0x71A6, 0x71A7, 0x7188, 0x6989, 0x6149, 0x5929, 0x5109, 0x5109, 0x48E9,
    0x48EA, 0x40EA, 0x40EB, 0x38EB, 0x30EB, 0x30EB, 0x30EC, 0x392D, 0x496F, 0x51D0, 0x6232, 0x6A73, 0x6A93, 0x6A94, 0x6A94, 0x6AB4,
    0x51E4, 0x51E4, 0x51E4, 0x59E4, 0x59E4, 0x59E4, 0x61E5, 0x69E6, 0x71E7, 0x79E8, 0x79C9, 0x71AA, 0x698A, 0x614A, 0x592A, 0x510A,
    0x48EA, 0x40EB, 0x40EB, 0x38EB, 0x38EB, 0x30EC, 0x390D, 0x412E, 0x4990, 0x5A11, 0x6253, 0x6AB4, 0x6AB4, 0x6AD4, 0x6AD4, 0x6AD4,
    0x5A25, 0x5A25, 0x5A25, 0x5A24, 0x5A24, 0x5A25, 0x5A25, 0x6225, 0x6A26, 0x7A27, 0x8229, 0x7A0A, 0x71EB, 0x69AB, 0x618B, 0x594B,
    0x492B, 0x490B, 0x40EB, 0x38EB, 0x38EC, 0x38EC, 0x392D, 0x414E, 0x49D0, 0x5A33, 0x6294, 0x72F4, 0x7314, 0x7314, 0x7314, 0x7314,
    0x5A65, 0x5A65, 0x5A65, 0x5A65, 0x5A65, 0x5A65, 0x5A65, 0x6265, 0x6266, 0x6A67, 0x7268, 0x7269, 0x726B, 0x722C, 0x720D, 0x61CD,
    0x598D, 0x514D, 0x412C, 0x410C, 0x390C, 0x390D, 0x394E, 0x4190, 0x51F1, 0x6274, 0x6AD4, 0x7354, 0x7354, 0x7374, 0x7374, 0x7394,
    0x5AA5, 0x5AA5, 0x62A5, 0x5AA5, 0x5AA5, 0x5AA5, 0x5AA5, 0x5AA5, 0x62A6, 0x6AA6, 0x6AA7, 0x72C9, 0x72CB, 0x7AAD, 0x728E, 0x6A4E,
    0x620E, 0x59AE, 0x518E, 0x494E, 0x414E, 0x416E, 0x4190, 0x49D1, 0x5253, 0x62D4, 0x6B34, 0x73B4, 0x7BB4, 0x7BD4, 0x7BD4, 0x7BF4,
    0x5AC6, 0x62E6, 0x62E6, 0x62E6, 0x62E6, 0x62E6, 0x62C6, 0x62E6, 0x62E6, 0x62E6, 0x6AE6, 0x6B08, 0x7309, 0x730C, 0x730D, 0x6AEE,
    0x6AAF, 0x6290, 0x6251, 0x5A11, 0x5211, 0x51F1, 0x5212, 0x5273, 0x5AD4, 0x6B34, 0x73B4, 0x7C14, 0x8434, 0x8434, 0x8454, 0x8454,
    0x6306, 0x6326, 0x6326, 0x6326, 0x6326, 0x6306, 0x6306, 0x6306, 0x6326, 0x6306, 0x6326, 0x6B27, 0x6B48, 0x6B6B, 0x6B6D, 0x6B4E,
    0x6B50, 0x6B31, 0x6AF2, 0x62D3, 0x5AB3, 0x5A93, 0x5AB4, 0x5AF4, 0x6334, 0x6B94, 0x7C14, 0x8474, 0x8474, 0x8C94, 0x8C94, 0x8C94,
    0x6346, 0x6347, 0x6367, 0x6347, 0x6347, 0x6346, 0x6346, 0x6346, 0x6346, 0x6346, 0x6347, 0x6367, 0x6368, 0x6B8A, 0x6BAC, 0x6BAE,
    0x6B8F, 0x6B91, 0x6372, 0x6353, 0x5B53, 0x5B54, 0x5B54, 0x5B74, 0x63B4, 0x6C14, 0x7C54, 0x8494, 0x8CB4, 0x8CB4, 0x8CB5, 0x8CD5,
    0x6387, 0x6387, 0x6387, 0x6387, 0x6387, 0x6387, 0x6387, 0x6387, 0x6387, 0x6387, 0x6387, 0x6387, 0x6388, 0x63C9, 0x63EB, 0x63ED,
    0x63EF, 0x63F0, 0x63D1, 0x5BD2, 0x5BD3, 0x5BD4, 0x5BD4, 0x5BF4, 0x6414, 0x6C54, 0x7C95, 0x84B5, 0x8CD5, 0x8CF5, 0x8CF5, 0x8CF5,
    0x63A7, 0x63A7, 0x63C7, 0x63C7, 0x63A7, 0x63A7, 0x63A7, 0x63A7, 0x63A7, 0x63A7, 0x63A7, 0x63A7, 0x63C7, 0x63E8, 0x642A, 0x642C,
    0x642E, 0x6430, 0x5C11, 0x5C12, 0x5BF3, 0x5C13, 0x5C13, 0x5C14, 0x6454, 0x7494, 0x7CB5, 0x84D5, 0x8CF5, 0x8D15, 0x8D15, 0x8D15,
    0x63E8, 0x63E8, 0x6BE8, 0x63E8, 0x63E8, 0x63E7, 0x63E7, 0x63E7, 0x63E7, 0x63E7, 0x63C7, 0x63C7, 0x63E8, 0x6408, 0x6449, 0x646B,
    0x5C6D, 0x5C6F, 0x5C51, 0x5C51, 0x5C32, 0x5C33, 0x5C33, 0x5C53, 0x6474, 0x74B5, 0x7CD5, 0x84F5, 0x8D15, 0x8D35, 0x9535, 0x9535,
    0x6C08, 0x6C08, 0x6C08, 0x6C08, 0x6C08, 0x6408, 0x6408, 0x6C08, 0x6C08, 0x6C08, 0x6408, 0x6C08, 0x6C08, 0x6428, 0x6449, 0x5CAA,
    0x5CCC, 0x5CAE, 0x5C90, 0x5C91, 0x5C72, 0x5C52, 0x5C53, 0x5C73, 0x6494, 0x74D5, 0x7CF5, 0x8D15, 0x8D35, 0x8D35, 0x9555, 0x9555,
    0x6C48, 0x6C48, 0x6C48, 0x6C48, 0x6C48, 0x6C48, 0x6C28, 0x6C48, 0x6C48, 0x6C48, 0x6C48, 0x6C48, 0x6C48, 0x6C48, 0x6469, 0x64CA,
    0x5CEB, 0x5CEE, 0x64D0, 0x5CD1, 0x5CB2, 0x5C92, 0x5C93, 0x6494, 0x6CD4, 0x74F5, 0x7D15, 0x8D35, 0x8D35, 0x9555, 0x9555, 0x9576,
    0x6C69, 0x6C69, 0x6C69, 0x6C69, 0x6C69, 0x6C69, 0x6C69, 0x6C69, 0x6C69, 0x6C69, 0x6C68, 0x6C69, 0x6C69, 0x6C89, 0x64A9, 0x64E9,
    0x650B, 0x650D, 0x650F, 0x6511, 0x64F2, 0x64D2, 0x64D3, 0x64D4, 0x6CF4, 0x7515, 0x7D35, 0x8D35, 0x8D55, 0x9555, 0x9576, 0x9576,
    0x6CA9, 0x6CA9, 0x6CA9, 0x6C89, 0x6C89, 0x6C89, 0x6CA9, 0x6CA9, 0x6CA9, 0x6CA9, 0x6CA9, 0x6CA9, 0x6CA9, 0x6CC9, 0x64E9, 0x6529,
    0x654B, 0x654D, 0x654F, 0x6D31, 0x6D32, 0x6513, 0x6513, 0x6D14, 0x6D14, 0x7535, 0x8535, 0x8D55, 0x8D55, 0x9576, 0x9576, 0x9D96,
    0x74C9, 0x6CC9, 0x6CC9, 0x6CC9, 0x74C9, 0x74C9, 0x74C9, 0x74C9, 0x6CC9, 0x74C9, 0x74C9, 0x6CE9, 0x6CEA, 0x6D0A, 0x6D2A, 0x654A,
    0x656B, 0x656E, 0x6D70, 0x6D51, 0x6D52, 0x6D53, 0x6D53, 0x6D34, 0x7554, 0x7D55, 0x8555, 0x8D76, 0x9576, 0x9596, 0x9596, 0x9D96,
    0x74EA, 0x74EA, 0x74EA, 0x74EA, 0x74EA, 0x74EA, 0x74EA, 0x750A, 0x750A, 0x6D0A, 0x6D0A, 0x6D2A, 0x6D4A, 0x6D4A, 0x6D6B, 0x656C,
    0x6D8D, 0x6D8F, 0x6D90, 0x7572, 0x7573, 0x7573, 0x7574, 0x7554, 0x7D75, 0x8575, 0x8D76, 0x9596, 0x9596, 0x9596, 0x9DB6, 0x9DB6,
    0x750A, 0x750A, 0x750A, 0x750A, 0x752A, 0x752A, 0x752A, 0x752A, 0x752A, 0x6D4A, 0x6D4A, 0x6D6A, 0x658A, 0x658B, 0x65AC, 0x6DAD,
    0x6DAF, 0x7590, 0x7591, 0x7D92, 0x7D93, 0x7D94, 0x7D94, 0x7D94, 0x8595, 0x8595, 0x8D96, 0x95B6, 0x9DB6, 0x9DB6, 0x9DB6, 0x9DB6,
    0x752A, 0x752A, 0x752A, 0x754B, 0x754B, 0x754B, 0x754B, 0x754B, 0x756B, 0x6D6B, 0x6D8B, 0x6DAB, 0x6DAC, 0x6DAD, 0x6DAE, 0x75AF,
    0x75B0, 0x7DB1, 0x7DB2, 0x85B3, 0x85B3, 0x85B4, 0x85B4, 0x8595, 0x8DB5, 0x8DB6, 0x95B6, 0x9DB6, 0x9DB6, 0x9DB6, 0x9DB6, 0x9DB6,
    0x7D4B, 0x7D4B, 0x7D6B, 0x7D6B, 0x7D4B, 0x7D6B, 0x756B, 0x758B, 0x6D8B, 0x6DAB, 0x6DCB, 0x6DCC, 0x6DCD, 0x75CE, 0x75D0, 0x7DD1,
    0x85D2, 0x85D2, 0x85D3, 0x8DB3, 0x8DB4, 0x8DB4, 0x8DB5, 0x8DB5, 0x8DB5, 0x95B6, 0x95B6, 0x9DB6, 0x9DB6, 0x9DD6, 0x9DB6, 0x9DB6,
    0x756B, 0x756B, 0x756B, 0x756B, 0x7D6B, 0x756B, 0x758B, 0x758B, 0x6DAB, 0x6DCB, 0x6DCB, 0x6DCD, 0x6DCE, 0x75CF, 0x75D0, 0x7DD1,
    0x7DD2, 0x85D2, 0x85D3, 0x8DB3, 0x8DB4, 0x8DB4, 0x8DB5, 0x8DB5, 0x95B5, 0x95B6, 0x95B6, 0x9DB6, 0x9DD6, 0x9DD6, 0x9DB6, 0x9DB6,
    0x756B, 0x756B, 0x756B, 0x756B, 0x756B, 0x756B, 0x758B, 0x6D8B, 0x6DAB, 0x6DCB, 0x6DCB, 0x6DCC, 0x6DCE, 0x75CF, 0x75D0, 0x7DD1,
    0x7DD2, 0x85B2, 0x85B3, 0x85B3, 0x8DB4, 0x8DB4, 0x8DB5, 0x8DB5, 0x8DB5, 0x95B6, 0x95B6, 0x9DD6, 0x9DD6, 0x9DD6, 0x9DD6, 0x9DD6,
    0x756B, 0x756B, 0x756B, 0x756B, 0x756B, 0x756B, 0x758B, 0x6D8B, 0x6DAB, 0x6DCB, 0x65CB, 0x6DCC, 0x6DCE, 0x75CF, 0x75D0, 0x7DD1,
    0x7DD2, 0x7DB2, 0x85B3, 0x85B3, 0x85B4, 0x85B4, 0x8DB5, 0x8DB5, 0x8DB5, 0x8DB5, 0x95B6, 0x9DD6, 0x95D6, 0x95B6, 0x9DD6, 0x9DD6,
    0x756B, 0x756B, 0x756B, 0x756B, 0x756B, 0x758B, 0x758B, 0x6D8B, 0x6DAB, 0x65CB, 0x65EB, 0x65EC, 0x6DCE, 0x6DCF, 0x75D0, 0x7DD1,
    0x7DD1, 0x7DB2, 0x85B3, 0x85B3, 0x85B3, 0x85B4, 0x8DB4, 0x8DB5, 0x8DB5, 0x8DB5, 0x95B6, 0x95D6, 0x95D6, 0x95B6, 0x95B6, 0x95D6,
    0x50C3, 0x50C3, 0x50C4, 0x50C4, 0x50C5, 0x50C5, 0x50E6, 0x50E6, 0x58E6, 0x58E7, 0x58E7, 0x5908, 0x5908, 0x5909, 0x5109, 0x5109,
    0x510A, 0x490A, 0x490B, 0x490B, 0x490B, 0x40EB, 0x40EB, 0x410B, 0x490B, 0x490C, 0x512C, 0x512C, 0x512C, 0x512C, 0x512C, 0x512C,
    0x50C3, 0x50C3, 0x50C4, 0x50C4, 0x50C5, 0x50C5, 0x50E6, 0x50E6, 0x58E6, 0x58E7, 0x58E7, 0x58E8, 0x5908, 0x5909, 0x5909, 0x510A,
    0x510A, 0x490B, 0x490B, 0x490B, 0x410B, 0x40EB, 0x40EB, 0x410B, 0x490C, 0x492C, 0x512C, 0x514D, 0x514D, 0x514D, 0x514D, 0x514D,
    0x50C3, 0x50C3, 0x50C4, 0x50C4, 0x50C5, 0x50E5, 0x50E5, 0x50E6, 0x58E6, 0x58E7, 0x58E7, 0x58E8, 0x5908, 0x5909, 0x5909, 0x510A,
    0x510A, 0x510B, 0x490B, 0x490B, 0x410B, 0x40EB, 0x40EB, 0x410C, 0x490C, 0x492D, 0x514D, 0x596D, 0x596D, 0x596D, 0x596E, 0x596E,
    0x50C3, 0x50C3, 0x50C4, 0x58C4, 0x58E5, 0x58E5, 0x58E6, 0x58E6, 0x58E6, 0x58E7, 0x58E7, 0x58E8, 0x5908, 0x5908, 0x5909, 0x5109,
    0x510A, 0x510B, 0x490B, 0x490B, 0x40EB, 0x40EB, 0x40EB, 0x410C, 0x492C, 0x514D, 0x596D, 0x598E, 0x598E, 0x598E, 0x598E, 0x618E,
    0x50C3, 0x58C3, 0x58C3, 0x58C4, 0x58E5, 0x58E5, 0x58E6, 0x58E6, 0x58E6, 0x58E7, 0x58E7, 0x58E8, 0x5908, 0x5908, 0x5909, 0x5109,
    0x510A, 0x510B, 0x490B, 0x490B, 0x40EB, 0x40EB, 0x40EB, 0x410C, 0x492D, 0x514D, 0x598E, 0x61AF, 0x61AF, 0x61AF, 0x61CF, 0x61CF,
    0x5103, 0x5903, 0x5903, 0x5904, 0x6105, 0x6105, 0x6106, 0x5906, 0x58E6, 0x5907, 0x5907, 0x5908, 0x5908, 0x5908, 0x5909, 0x5109,
    0x510A, 0x490B, 0x490B, 0x490B, 0x40EB, 0x40EB, 0x40EB, 0x410C, 0x492D, 0x516E, 0x59AF, 0x61CF, 0x61D0, 0x61F0, 0x61F0, 0x69F0,
    0x5123, 0x5923, 0x5923, 0x6124, 0x6924, 0x6925, 0x6926, 0x6106, 0x6107, 0x6107, 0x5908, 0x5908, 0x5908, 0x5908, 0x5909, 0x510A,
    0x510A, 0x490B, 0x490B, 0x490B, 0x40EB, 0x40EB, 0x410C, 0x410C, 0x494D, 0x598F, 0x61CF, 0x61F0, 0x6A10, 0x6A11, 0x6A31, 0x6A31,
    0x5964, 0x5964, 0x5964, 0x6164, 0x6164, 0x6965, 0x7165, 0x6946, 0x6947, 0x6948, 0x6148, 0x6128, 0x5908, 0x5909, 0x5909, 0x5109,
    0x510A, 0x490B, 0x490B, 0x40EB, 0x40EB, 0x40EB, 0x410C, 0x410C, 0x496E, 0x59AF, 0x61F0, 0x6A31, 0x6A52, 0x6A52, 0x6A72, 0x7272,
    0x59A4, 0x59A4, 0x59A4, 0x59A4, 0x61A4, 0x69A5, 0x71A5, 0x7186, 0x7987, 0x7188, 0x7169, 0x6949, 0x6129, 0x5929, 0x5909, 0x510A,
    0x510A, 0x490B, 0x490B, 0x40EB, 0x40EB, 0x40EB, 0x410C, 0x412D, 0x516E, 0x59D0, 0x6A31, 0x7273, 0x7293, 0x7293, 0x7293, 0x72B3,
    0x59E4, 0x59E4, 0x59E4, 0x59E4, 0x61E4, 0x61E5, 0x69E5, 0x71E6, 0x79E7, 0x79E8, 0x81C9, 0x79AA, 0x698A, 0x696A, 0x612A, 0x592A,
    0x510A, 0x490B, 0x490B, 0x40EB, 0x40EB, 0x40EB, 0x410C, 0x494D, 0x518F, 0x6211, 0x6A72, 0x72B3, 0x72B3, 0x72D4, 0x72D4, 0x72D4,
    0x5A25, 0x5A25, 0x5A25, 0x5A25, 0x5A25, 0x6225, 0x6225, 0x6A25, 0x7226, 0x8228, 0x8A29, 0x820A, 0x79EB, 0x71AB, 0x696B, 0x614B,
    0x592B, 0x512B, 0x490B, 0x490B, 0x410C, 0x410C, 0x412D, 0x496E, 0x51D0, 0x6232, 0x6A93, 0x72F4, 0x72F4, 0x7314, 0x7314, 0x7314,
    0x6265, 0x6265, 0x6265, 0x6265, 0x6265, 0x6245, 0x6245, 0x6265, 0x6A66, 0x7267, 0x8268, 0x826A, 0x826B, 0x7A2C, 0x71ED, 0x69CD,
    0x618D, 0x594C, 0x512C, 0x490C, 0x490C, 0x412D, 0x494E, 0x498F, 0x59F1, 0x6273, 0x6AD4, 0x7B34, 0x7B54, 0x7B54, 0x7B54, 0x7B74,
    0x6285, 0x62A5, 0x62A5, 0x62A5, 0x6285, 0x6285, 0x6285, 0x6285, 0x62A6, 0x6AA6, 0x72A7, 0x7AC9, 0x82AB, 0x82AC, 0x7A6D, 0x722E,
    0x69EE, 0x61AE, 0x596D, 0x514D, 0x494D, 0x494E, 0x498F, 0x51D0, 0x5A32, 0x6AB4, 0x7314, 0x7B94, 0x7BB4, 0x7BB4, 0x7BB4, 0x7BB4,
    0x62C6, 0x62C6, 0x62C6, 0x62C6, 0x62C6, 0x62C6, 0x62C6, 0x62C6, 0x62C6, 0x6AC6, 0x6AE7, 0x72E8, 0x7B09, 0x7B0C, 0x7AED, 0x7ACE,
    0x728F, 0x7250, 0x6A10, 0x59CF, 0x59AF, 0x51AF, 0x51D0, 0x5A32, 0x6293, 0x6B14, 0x7374, 0x83F4, 0x8414, 0x8414, 0x8414, 0x8434,
    0x6306, 0x6306, 0x6306, 0x6306, 0x6306, 0x6B06, 0x6B06, 0x6306, 0x6306, 0x6B06, 0x6B06, 0x6B27, 0x7328, 0x734B, 0x7B4D, 0x7B4E,
    0x7B30, 0x72F1, 0x72B1, 0x6A71, 0x6251, 0x5A51, 0x6272, 0x62B3, 0x6B14, 0x7374, 0x7BD4, 0x8454, 0x8C54, 0x8C74, 0x8C74, 0x8C74,
    0x6B47, 0x6B47, 0x6B47, 0x6B47, 0x6B47, 0x6B67, 0x6B67, 0x6B47, 0x6B47, 0x6B47, 0x6B47, 0x6B47, 0x6B68, 0x738A, 0x73AC, 0x73AE,
    0x738F, 0x7391, 0x7371, 0x6B52, 0x6B32, 0x6B33, 0x6B53, 0x6B74, 0x73B4, 0x73F4, 0x8454, 0x8C94, 0x8CB4, 0x8CB4, 0x8CB4, 0x8CD5,
    0x6B87, 0x6B87, 0x6B87, 0x6B87, 0x6B87, 0x6B87, 0x6B87, 0x6B87, 0x6B87, 0x6B87, 0x6B87, 0x6B87, 0x6B88, 0x6BC9, 0x73CB, 0x73ED,
    0x73EF, 0x73F0, 0x73F1, 0x73D2, 0x73D3, 0x6BD4, 0x6BF4, 0x73F4, 0x7434, 0x7C54, 0x8494, 0x8CD5, 0x8CD5, 0x94F5, 0x94F5, 0x94F5,
    0x6BC7, 0x6BC7, 0x6BC7, 0x6BC7, 0x6BC7, 0x6BC7, 0x6BC7, 0x6BA7, 0x6BA7, 0x6BA7, 0x6BA7, 0x6BA7, 0x6BC8, 0x6BE8, 0x6C0A, 0x6C2C,
    0x6C2E, 0x6C30, 0x6C11, 0x6C12, 0x6C13, 0x6C33, 0x6C34, 0x6C34, 0x7474, 0x7C94, 0x84B5, 0x8CF5, 0x94F5, 0x9515, 0x9515, 0x9535,
    0x6BE8, 0x6BE8, 0x6BE8, 0x6BE8, 0x6BE8, 0x6BE8, 0x6BE8, 0x6BE8, 0x6BE8, 0x6BE8, 0x6BE8, 0x6BE8, 0x6BE8, 0x6C08, 0x6C29, 0x6C6B,
    0x6C6D, 0x6C6F, 0x6C51, 0x6C52, 0x6C52, 0x6C53, 0x6C74, 0x6C74, 0x7494, 0x7CB5, 0x84F5, 0x8CF5, 0x9515, 0x9535, 0x9535, 0x9555,
    0x6C08, 0x6C08, 0x6C28, 0x6C08, 0x6C08, 0x6C08, 0x6C08, 0x6C28, 0x6C28, 0x6C08, 0x6C08, 0x6C08, 0x6C28, 0x6C28, 0x6C49, 0x6C8A,
    0x6CAC, 0x6CAF, 0x6CB0, 0x6C91, 0x6C92, 0x6C73, 0x6C94, 0x6C94, 0x74B5, 0x7CF5, 0x8515, 0x8D35, 0x9535, 0x9555, 0x9D55, 0x9D76,
    0x6C48, 0x6C48, 0x6C48, 0x6C48, 0x6C48, 0x6C48, 0x6C48, 0x6C48, 0x6C48, 0x6C48, 0x6C48, 0x6C48, 0x6C48, 0x6C48, 0x6C69, 0x6CAA,
    0x6CEC, 0x6CEE, 0x6CF0, 0x6CD1, 0x6CD2, 0x6CB3, 0x6CB4, 0x6CB4, 0x74D5, 0x7D15, 0x8D15, 0x8D35, 0x9555, 0x9555, 0x9D76, 0x9D76,
    0x7469, 0x7469, 0x7469, 0x7469, 0x7469, 0x7469, 0x7469, 0x7469, 0x7469, 0x7469, 0x6C69, 0x7469, 0x7469, 0x7469, 0x6C89, 0x6CC9,
    0x6D0B, 0x750E, 0x7510, 0x6D11, 0x6CF2, 0x6CF3, 0x6CF3, 0x6CF4, 0x74F5, 0x7D15, 0x8535, 0x8D55, 0x9555, 0x9576, 0x9D76, 0x9D96,
    0x74A9, 0x74A9, 0x7489, 0x7489, 0x7489, 0x7489, 0x74A9, 0x74A9, 0x74A9, 0x7489, 0x7489, 0x74A9, 0x74A9, 0x74A9, 0x6CC9, 0x6D0A,
    0x6D2B, 0x752E, 0x7550, 0x7531, 0x7532, 0x6D33, 0x7514, 0x7514, 0x7D35, 0x8535, 0x8D55, 0x9555, 0x9576, 0x9D76, 0x9D96, 0x9D96,
    0x74C9, 0x74CA, 0x74CA, 0x74CA, 0x74C9, 0x74CA, 0x74CA, 0x74CA, 0x74CA, 0x74CA, 0x74CA, 0x74CA, 0x74EA, 0x74EA, 0x750A, 0x6D4A,
    0x6D4C, 0x756E, 0x7570, 0x7D71, 0x7D52, 0x7553, 0x7554, 0x7554, 0x7D55, 0x8555, 0x8D75, 0x9576, 0x9576, 0x9D96, 0x9D96, 0x9DB6,
    0x74EA, 0x74EA, 0x74EA, 0x74EA, 0x7CEA, 0x74EA, 0x74EA, 0x74EA, 0x74EA, 0x750A, 0x750A, 0x752A, 0x752A, 0x754B, 0x754B, 0x756C,
    0x756D, 0x7D8F, 0x7D91, 0x7D72, 0x7D73, 0x7D73, 0x7D74, 0x7D74, 0x8575, 0x8D75, 0x9596, 0x9596, 0x9D96, 0x9D96, 0x9DB6, 0x9DB6,
    0x7D0A, 0x7D0A, 0x7D0A, 0x7D0A, 0x7D0B, 0x7D0A, 0x7D0A, 0x7D2A, 0x7D2A, 0x754A, 0x754A, 0x6D6A, 0x6D8B, 0x6D8B, 0x6D8C, 0x758D,
    0x7D8F, 0x7D90, 0x8591, 0x8592, 0x8593, 0x8594, 0x8594, 0x8595, 0x8D95, 0x8D96, 0x95B6, 0x9DB6, 0x9DB6, 0x9DB6, 0x9DB6, 0xA5B6,
    0x7D2B, 0x7D2B, 0x7D2B, 0x7D2B, 0x7D4B, 0x7D4B, 0x7D4B, 0x7D4B, 0x7D4B, 0x756B, 0x758B, 0x75AC, 0x75AC, 0x75AD, 0x75AE, 0x7DAF,
    0x85B0, 0x85B1, 0x85B2, 0x8DB3, 0x8DB4, 0x8DB4, 0x8DB5, 0x8DB5, 0x95B5, 0x95B6, 0x9DB6, 0x9DB6, 0x9DB6, 0xA5B6, 0xA5B6, 0xA5B6,
    0x7D4B, 0x7D4B, 0x7D6B, 0x7D4B, 0x7D4B, 0x7D6B, 0x7D6B, 0x7D6B, 0x7D8B, 0x75AB, 0x75CC, 0x75CD, 0x75CE, 0x7DCF, 0x85D0, 0x85D1,
    0x85D2, 0x8DB2, 0x8DB3, 0x8DD4, 0x95D4, 0x95D5, 0x95B5, 0x95B5, 0x95B6, 0x9DD6, 0x9DD6, 0x9DD6, 0xA5D6, 0xA5D6, 0xA5D6, 0xA5D6,
    0x7D6B, 0x7D6B, 0x7D6B, 0x7D6B, 0x7D6B, 0x7D6B, 0x7D6B, 0x7D8B, 0x7D8B, 0x75AB, 0x75CC, 0x75CD, 0x75CE, 0x7DCF, 0x85D0, 0x85D1,
    0x85D2, 0x8DD3, 0x8DD3, 0x8DD4, 0x95D4, 0x95D5, 0x95B5, 0x95B5, 0x9DD6, 0x9DD6, 0x9DD6, 0x9DD6, 0xA5D6, 0xA5D6, 0xA5D6, 0xA5D6,
    0x7D6B, 0x7D6B, 0x7D6B, 0x7D6B, 0x7D6B, 0x7D6B, 0x7D8B, 0x7D8B, 0x75AB, 0x75CB, 0x75CC, 0x75CD, 0x75CE, 0x7DCF, 0x7DD0, 0x85D1,
    0x85B2, 0x8DD3, 0x8DD3, 0x8DD4, 0x8DD4, 0x95D5, 0x95B5, 0x95B5, 0x95D5, 0x9DD6, 0x9DD6, 0x9DD6, 0x9DD6, 0x9DD6, 0x9DD6, 0x9DD6,
    0x7D6B, 0x7D6B, 0x7D6B, 0x7D6B, 0x7D6B, 0x7D6B, 0x7D8B, 0x758B, 0x75AB, 0x75CB, 0x6DCC, 0x75CD, 0x75CE, 0x75CF, 0x7DD0, 0x85D1,
    0x85D2, 0x8DD3, 0x8DD3, 0x8DB4, 0x8DB4, 0x8DB4, 0x95B5, 0x95B5, 0x95D5, 0x95D6, 0x9DD6, 0x9DD6, 0x9DD6, 0x9DD6, 0x9DD6, 0x9DD6,
    0x7D6B, 0x7D6B, 0x7D6B, 0x7D6B, 0x7D6B, 0x7D6B, 0x7D8B, 0x758B, 0x75AB, 0x6DCB, 0x6DCC, 0x75CD, 0x75CE, 0x75CF, 0x7DD0, 0x85D1,
    0x85D2, 0x8DD2, 0x8DD3, 0x8DB3, 0x8DB4, 0x8DB4, 0x95B5, 0x95B5, 0x95D5, 0x95D6, 0x9DD6, 0x9DD6, 0x9DD6, 0x9DD6, 0x9DD6, 0x9DD6,
    0x58C4, 0x58C4, 0x58C4, 0x58C5, 0x58E5, 0x58E5, 0x58E6, 0x58E6, 0x58E7, 0x5907, 0x5908, 0x5908, 0x5908, 0x5909, 0x5909, 0x590A,
    0x590A, 0x510B, 0x510B, 0x512B, 0x510B, 0x510B, 0x490B, 0x490B, 0x510B, 0x512C, 0x592C, 0x594C, 0x592C, 0x592C, 0x592C, 0x594C,
    0x58C4, 0x58C4, 0x58C4, 0x58E5, 0x58E5, 0x58E5, 0x58E6, 0x58E6, 0x58E7, 0x5907, 0x5908, 0x5908, 0x5908, 0x6109, 0x5929, 0x590A,
    0x590A, 0x590B, 0x510B, 0x512B, 0x510B, 0x490B, 0x490B, 0x490B, 0x512C, 0x512C, 0x594C, 0x594D, 0x594D, 0x594D, 0x594D, 0x596D,
    0x58C3, 0x58C4, 0x58E4, 0x58E5, 0x58E5, 0x58E5, 0x58E6, 0x58E6, 0x58E7, 0x5907, 0x5907, 0x5908, 0x5908, 0x6109, 0x6129, 0x590A,
    0x590A, 0x590B, 0x510B, 0x510B, 0x510B, 0x490B, 0x490B, 0x490C, 0x512C, 0x594D, 0x594D, 0x616D, 0x616D, 0x616D, 0x616D, 0x616E,
    0x58C3, 0x58C4, 0x58C4, 0x58E4, 0x58E5, 0x58E5, 0x58E6, 0x58E6, 0x58E7, 0x5907, 0x5908, 0x5908, 0x5908, 0x6109, 0x6109, 0x590A,
    0x590A, 0x592B, 0x512B, 0x510B, 0x510B, 0x490B, 0x490B, 0x490C, 0x512C, 0x594D, 0x596D, 0x618E, 0x618E, 0x618E, 0x61AE, 0x61AE,
    0x58E3, 0x58C4, 0x58C4, 0x58E4, 0x58E5, 0x60E5, 0x60E6, 0x58E6, 0x58E7, 0x5907, 0x5908, 0x5908, 0x5908, 0x6109, 0x5909, 0x590A,
    0x590A, 0x592B, 0x512B, 0x512B, 0x510B, 0x490B, 0x490B, 0x490C, 0x512D, 0x596D, 0x618E, 0x61AE, 0x69AF, 0x69CF, 0x69CF, 0x69CF,
    0x5903, 0x60E4, 0x60E4, 0x6104, 0x6105, 0x6105, 0x6106, 0x6106, 0x6107, 0x6107, 0x6108, 0x6108, 0x6108, 0x5909, 0x5909, 0x592A,
    0x592A, 0x590B, 0x510B, 0x510B, 0x510B, 0x490B, 0x490C, 0x492C, 0x514D, 0x598E, 0x61AF, 0x69CF, 0x69EF, 0x69F0, 0x69F0, 0x6A10,
    0x6123, 0x6124, 0x6124, 0x6924, 0x6925, 0x6925, 0x6926, 0x6106, 0x6107, 0x6107, 0x6108, 0x6108, 0x6108, 0x5909, 0x5909, 0x592A,
    0x592A, 0x510B, 0x510B, 0x510B, 0x510B, 0x490B, 0x490C, 0x512C, 0x596D, 0x618E, 0x61CF, 0x6A10, 0x6A10, 0x6A10, 0x6A31, 0x7231,
    0x6164, 0x6164, 0x6164, 0x6964, 0x6945, 0x7145, 0x7146, 0x7147, 0x7147, 0x6948, 0x6948, 0x6128, 0x6128, 0x6109, 0x5909, 0x592A,
    0x592A, 0x590B, 0x510B, 0x510B, 0x510B, 0x490B, 0x490C, 0x512C, 0x596E, 0x61CF, 0x6A10, 0x7251, 0x7251, 0x7251, 0x7272, 0x7272,
    0x61A4, 0x61A4, 0x61A4, 0x69A4, 0x6984, 0x7185, 0x7986, 0x7987, 0x7987, 0x7188, 0x7169, 0x6949, 0x6149, 0x6129, 0x612A, 0x592A,
    0x592A, 0x590B, 0x510B, 0x510B, 0x510B, 0x490B, 0x492C, 0x512D, 0x598E, 0x61F0, 0x6A31, 0x7272, 0x7A92, 0x7A93, 0x7AB3, 0x7AB3,
    0x61E4, 0x61E4, 0x61E4, 0x61E4, 0x69C5, 0x69C5, 0x71C5, 0x79E6, 0x79E7, 0x81C8, 0x81C9, 0x79AA, 0x718A, 0x696A, 0x614A, 0x612A,
    0x592A, 0x592B, 0x510B, 0x510B, 0x510B, 0x490B, 0x492C, 0x514D, 0x59AF, 0x6A11, 0x7272, 0x7AB3, 0x7AB3, 0x7AD3, 0x7AD3, 0x7AD3,
    0x6225, 0x6225, 0x6225, 0x6225, 0x6225, 0x6A25, 0x6A25, 0x7226, 0x7A26, 0x8A08, 0x8A09, 0x820A, 0x81EB, 0x71AB, 0x698B, 0x696B,
    0x614B, 0x592B, 0x512B, 0x512B, 0x510C, 0x490C, 0x512D, 0x516E, 0x61CF, 0x6A31, 0x7293, 0x7AF3, 0x7AF4, 0x7B14, 0x7B14, 0x7B14,
    0x6245, 0x6245, 0x6265, 0x6265, 0x6245, 0x6245, 0x6A45, 0x6A46, 0x7266, 0x7A67, 0x8268, 0x8A6A, 0x8A4B, 0x822C, 0x79EC, 0x71CC,
    0x698C, 0x614C, 0x594C, 0x512C, 0x512C, 0x512C, 0x514D, 0x598F, 0x61F0, 0x6A72, 0x72D3, 0x7B34, 0x7B54, 0x7B54, 0x7B54, 0x7B54,
    0x6285, 0x6285, 0x6286, 0x6285, 0x6285, 0x6285, 0x6A85, 0x6A86, 0x6A86, 0x72A6, 0x82A7, 0x8AA9, 0x8AAB, 0x8A8C, 0x826D, 0x7A2E,
    0x71EE, 0x69AD, 0x618D, 0x594D, 0x514D, 0x514D, 0x598E, 0x59D0, 0x6231, 0x72B3, 0x7B14, 0x7B74, 0x8394, 0x83B4, 0x83B4, 0x83B4,
    0x6AC6, 0x6AC6, 0x6AC6, 0x6AC6, 0x6AC6, 0x6AC6, 0x6AC6, 0x6AC6, 0x6AC6, 0x72C6, 0x72C7, 0x7AE8, 0x82E9, 0x82EC, 0x82ED, 0x82AE,
    0x7A8F, 0x7A4F, 0x6A0F, 0x61AE, 0x598E, 0x598E, 0x59AF, 0x6211, 0x6A72, 0x72F4, 0x7B54, 0x83D4, 0x83F4, 0x83F4, 0x83F4, 0x8414,
    0x6B06, 0x6B06, 0x6B06, 0x6B06, 0x6B06, 0x6B06, 0x6B06, 0x6B06, 0x6B06, 0x6B06, 0x7307, 0x7307, 0x7B29, 0x834B, 0x834D, 0x832E,
    0x830F, 0x82D0, 0x7A91, 0x6A50, 0x6A30, 0x6210, 0x6231, 0x6A72, 0x72D3, 0x7354, 0x7BB4, 0x8C34, 0x8C34, 0x8C54, 0x8C54, 0x8C74,
    0x6B47, 0x6B47, 0x6B47, 0x6B47, 0x6B47, 0x6B47, 0x6B47, 0x6B47, 0x6B47, 0x6B47, 0x6B47, 0x7347, 0x7368, 0x7B8A, 0x7B8C, 0x838E,
    0x838F, 0x8390, 0x7B51, 0x7B31, 0x7312, 0x72F2, 0x7313, 0x7333, 0x7B94, 0x7BD4, 0x8434, 0x8C94, 0x8C94, 0x8C94, 0x94B4, 0x94B4,
    0x6B87, 0x6B87, 0x6B87, 0x6B87, 0x6B87, 0x6B87, 0x6B87, 0x6B87, 0x6B87, 0x6B87, 0x6B87, 0x6B87, 0x7388, 0x73A9, 0x7BCB, 0x7BED,
    0x7BEF, 0x7BF0, 0x7BF1, 0x7BD2, 0x7BB3, 0x7BB3, 0x7BB4, 0x7BD4, 0x7C14, 0x8454, 0x8C74, 0x94D4, 0x94D4, 0x94F5, 0x94F5, 0x94F5,
    0x73C8, 0x73C8, 0x6BC8, 0x73C8, 0x73C8, 0x73C8, 0x73C8, 0x73C8, 0x73C8, 0x73C8, 0x73C8, 0x73C8, 0x73C8, 0x73E8, 0x740A, 0x7C2C,
    0x7C2E, 0x7C30, 0x7C11, 0x7C32, 0x7C33, 0x7C33, 0x7C34, 0x7C54, 0x8474, 0x8494, 0x8CB4, 0x94F5, 0x94F5, 0x9D15, 0x9D15, 0x9D35,
    0x73E8, 0x73E8, 0x73E8, 0x73E8, 0x73E8, 0x73E8, 0x73E8, 0x73E8, 0x73E8, 0x73E8, 0x73E8, 0x73E8, 0x73E8, 0x7408, 0x7429, 0x744B,
    0x7C6D, 0x7C6F, 0x7C71, 0x7C72, 0x7C72, 0x7C73, 0x7C74, 0x7C94, 0x84B4, 0x8CD5, 0x8CF5, 0x9515, 0x9515, 0x9D35, 0x9D35, 0x9D55,
    0x7408, 0x7428, 0x7428, 0x7428, 0x7408, 0x7408, 0x7428, 0x7428, 0x7428, 0x7428, 0x7408, 0x7428, 0x7428, 0x7428, 0x7429, 0x748A,
    0x74AC, 0x7CAF, 0x7CB1, 0x74B2, 0x7492, 0x7493, 0x7C94, 0x7CB4, 0x84D5, 0x8CF5, 0x8D15, 0x9535, 0x9D35, 0x9D55, 0x9D55, 0x9D76,
    0x7449, 0x7449, 0x7449, 0x7449, 0x7448, 0x7449, 0x7449, 0x7449, 0x7449, 0x7448, 0x7448, 0x7449, 0x7449, 0x7448, 0x7469, 0x74AA,
    0x74CC, 0x7CEF, 0x7CF1, 0x7CD1, 0x74D2, 0x74D3, 0x74D4, 0x7CD4, 0x84F5, 0x8D15, 0x8D35, 0x9555, 0x9D55, 0x9D55, 0x9D76, 0xA576,
    0x7469, 0x7469, 0x7469, 0x7469, 0x7469, 0x7469, 0x7469, 0x7469, 0x7469, 0x7469, 0x7469, 0x7469, 0x7469, 0x7469, 0x7489, 0x74CA,
    0x74EB, 0x7D0E, 0x7D10, 0x7D11, 0x7CF2, 0x74F3, 0x74F4, 0x7CF4, 0x8515, 0x8D35, 0x8D35, 0x9555, 0x9D55, 0x9D76, 0x9D76, 0xA596,
    0x7CA9, 0x7C89, 0x7C89, 0x7C89, 0x7C89, 0x7CA9, 0x7CA9, 0x7CA9, 0x7CA9, 0x7489, 0x7489, 0x7CA9, 0x7CA9, 0x74A9, 0x74CA, 0x74EA,
    0x750C, 0x7D2E, 0x7D30, 0x7D31, 0x7D32, 0x7D33, 0x7D34, 0x7D34, 0x8535, 0x8D55, 0x9555, 0x9D76, 0x9D76, 0x9D76, 0xA596, 0xA596,
    0x7CCA, 0x7CCA, 0x7CAA, 0x7CCA, 0x7CCA, 0x7CCA, 0x7CCA, 0x7CCA, 0x7CCA, 0x7CCA, 0x7CCA, 0x7CCA, 0x7CCA, 0x7CEA, 0x7D0A, 0x752A,
    0x754C, 0x7D4E, 0x8550, 0x8552, 0x8553, 0x8553, 0x8554, 0x7D54, 0x8555, 0x8D55, 0x9576, 0x9D76, 0x9D96, 0xA596, 0xA596, 0xA5B6,
    0x7CEA, 0x7CEA, 0x7CEA, 0x7CEA, 0x7CEA, 0x7CEA, 0x7CEA, 0x7CEA, 0x7CEA, 0x7CEA, 0x7D0A, 0x7D0A, 0x7D2A, 0x7D2B, 0x7D4B, 0x7D4C,
    0x7D6D, 0x856F, 0x8571, 0x8D72, 0x8D73, 0x8D74, 0x8D74, 0x8575, 0x8D75, 0x9575, 0x9596, 0x9D96, 0x9D96, 0xA5B6, 0xA5B6, 0xA5B6,
    0x7D0A, 0x7D0A, 0x7D0B, 0x7D0B, 0x850B, 0x7D0B, 0x7D0B, 0x7D0B, 0x7D2B, 0x7D2B, 0x7D4B, 0x754B, 0x756B, 0x758B, 0x758C, 0x7D8D,
    0x858F, 0x8591, 0x8D92, 0x8D93, 0x8D93, 0x9594, 0x9595, 0x8D95, 0x9595, 0x9596, 0x9DB6, 0x9DB6, 0xA5B6, 0xA5B6, 0xA5B6, 0xA5B6,
    0x7D2B, 0x7D2B, 0x852B, 0x852B, 0x852B, 0x852B, 0x854B, 0x854B, 0x7D4B, 0x7D6B, 0x7D6B, 0x7D8C, 0x7DAC, 0x7DAD, 0x7DAE, 0x85AF,
    0x8DB1, 0x8DB2, 0x8DB3, 0x95B3, 0x95B4, 0x95B4, 0x95B5, 0x95B5, 0x95B5, 0x9DB6, 0x9DB6, 0xA5B6, 0xA5D6, 0xA5D6, 0xA5D6, 0xA5D6,
    0x854B, 0x854B, 0x854B, 0x854B, 0x854B, 0x854B, 0x856B, 0x856B, 0x858B, 0x7DAC, 0x7DAC, 0x7DCD, 0x7DCE, 0x85CF, 0x8DD0, 0x8DD1,
    0x8DB2, 0x95B3, 0x95D3, 0x95D4, 0x95D4, 0x9DD5, 0x9DD5, 0x9DD5, 0x9DD6, 0x9DD6, 0xA5D6, 0xA5D6, 0xA5D6, 0xA5D7, 0xA5D6, 0xA5D6,
    0x854B, 0x856B, 0x856B, 0x856B, 0x856B, 0x856B, 0x856B, 0x858B, 0x7D8C, 0x7DAC, 0x7DCC, 0x7DCD, 0x7DCE, 0x85D0, 0x8DD1, 0x8DD2,
    0x8DD2, 0x95D3, 0x95D4, 0x95D4, 0x95D4, 0x9DD5, 0x9DD5, 0x9DD5, 0x9DD6, 0xA5D6, 0xA5D6, 0xA5D6, 0xA5D6, 0xA5D7, 0xA5D6, 0xA5D6,
    0x856B, 0x856B, 0x856B, 0x856B, 0x856B, 0x856B, 0x858B, 0x858B, 0x7D8C, 0x7DAC, 0x7DCC, 0x7DCD, 0x7DCE, 0x85D0, 0x85D1, 0x8DD2,
    0x8DD2, 0x95D3, 0x95D4, 0x95D4, 0x95D4, 0x9DD5, 0x9DD5, 0x9DD5, 0x9DD6, 0xA5D6, 0xA5D6, 0xA5D6, 0xA5D6, 0xA5D6, 0xA5D6, 0xA5D6,
    0x856B, 0x856B, 0x856B, 0x856B, 0x856B, 0x856B, 0x858B, 0x7D8B, 0x7DAB, 0x7DAC, 0x7DCC, 0x7DCD, 0x7DCE, 0x85CF, 0x85D1, 0x8DD1,
    0x8DD2, 0x95D3, 0x95D4, 0x95D4, 0x95D4, 0x95D5, 0x9DD5, 0x9DD5, 0x9DD6, 0x9DD6, 0xA5D6, 0xA5D6, 0xA5D6, 0xA5D6, 0xA5D6, 0xA5D6,
    0x856B, 0x7D6B, 0x7D6B, 0x7D6B, 0x856B, 0x856B, 0x7D8B, 0x7D8B, 0x7DAB, 0x75AC, 0x75CC, 0x7DCD, 0x7DCE, 0x7DCF, 0x85D0, 0x8DD1,
    0x8DD2, 0x8DD3, 0x95D3, 0x95D4, 0x95D4, 0x95D5, 0x95D5, 0x9DD5, 0x9DD6, 0x9DD6, 0x9DD6, 0xA5D6, 0xA5D6, 0xA5D6, 0xA5D6, 0xA5D6,
    0x60E4, 0x60E4, 0x60E4, 0x60E5, 0x60E6, 0x60E6, 0x60E6, 0x6106, 0x6107, 0x6107, 0x6108, 0x6108, 0x6108, 0x6109, 0x6129, 0x612A,
    0x612A, 0x612B, 0x592B, 0x592C, 0x592C, 0x592C, 0x592C, 0x592B, 0x592C, 0x592C, 0x614C, 0x614C, 0x614C, 0x614C, 0x614C, 0x614C,
    0x60E4, 0x60E4, 0x60E4, 0x60E5, 0x60E5, 0x60E6, 0x60E6, 0x6106, 0x6107, 0x6107, 0x6108, 0x6108, 0x6108, 0x6109, 0x6129, 0x612A,
    0x612A, 0x612B, 0x592B, 0x592C, 0x592C, 0x592C, 0x592C, 0x592C, 0x592C, 0x594C, 0x614C, 0x614D, 0x616D, 0x616D, 0x616D, 0x616D,
    0x60E4, 0x60E4, 0x60E5, 0x60E5, 0x60E5, 0x60E6, 0x60E6, 0x60E6, 0x6107, 0x6107, 0x6108, 0x6108, 0x6108, 0x6129, 0x6129, 0x612A,
    0x612B, 0x612B, 0x592B, 0x592B, 0x592C, 0x592C, 0x592C, 0x592C, 0x594C, 0x614D, 0x616D, 0x616D, 0x616D, 0x618D, 0x618D, 0x618E,
    0x60E4, 0x60E4, 0x60E4, 0x60E5, 0x60E5, 0x60E6, 0x60E6, 0x6106, 0x6107, 0x6107, 0x6108, 0x6108, 0x6108, 0x6129, 0x6129, 0x612A,
    0x612A, 0x612B, 0x592B, 0x592C, 0x592C, 0x592C, 0x592C, 0x592C, 0x594C, 0x616D, 0x616D, 0x698E, 0x69AE, 0x69AE, 0x69AE, 0x69AE,
    0x60E4, 0x60E4, 0x60E4, 0x60E5, 0x60E5, 0x60E6, 0x60E6, 0x6106, 0x6107, 0x6107, 0x6108, 0x6108, 0x6108, 0x6129, 0x6129, 0x612A,
    0x612A, 0x612B, 0x592B, 0x592C, 0x592C, 0x592C, 0x592C, 0x592C, 0x594D, 0x616D, 0x698E, 0x69AE, 0x69CF, 0x69CF, 0x69CF, 0x69CF,
    0x60E4, 0x60E4, 0x60E4, 0x60E5, 0x6905, 0x6106, 0x6106, 0x6106, 0x6107, 0x6107, 0x6108, 0x6108, 0x6108, 0x6129, 0x6129, 0x612A,
    0x612A, 0x612B, 0x592B, 0x592C, 0x592C, 0x592C, 0x592C, 0x594C, 0x616D, 0x618E, 0x69AE, 0x69EF, 0x71EF, 0x71EF, 0x7210, 0x7210,
    0x6904, 0x6904, 0x6904, 0x6905, 0x6905, 0x6906, 0x6906, 0x6906, 0x6907, 0x6107, 0x6108, 0x6108, 0x6128, 0x6129, 0x6129, 0x612A,
    0x612A, 0x592B, 0x592B, 0x592C, 0x592C, 0x592C, 0x592C, 0x594C, 0x616D, 0x69AE, 0x69CF, 0x7210, 0x7210, 0x7230, 0x7230, 0x7251,
    0x6944, 0x6944, 0x6944, 0x7145, 0x7145, 0x7146, 0x7146, 0x7147, 0x7147, 0x6948, 0x6928, 0x6928, 0x6128, 0x6129, 0x6129, 0x612A,
    0x612A, 0x592B, 0x592B, 0x592B, 0x592C, 0x592C, 0x592C, 0x594D, 0x618E, 0x69CF, 0x7210, 0x7A51, 0x7A51, 0x7A71, 0x7A71, 0x7A72,
    0x6984, 0x69A4, 0x69A4, 0x7185, 0x7985, 0x7985, 0x7986, 0x7987, 0x7967, 0x7968, 0x7168, 0x6949, 0x6949, 0x6129, 0x612A, 0x612A,
    0x612A, 0x592B, 0x592B, 0x592B, 0x592C, 0x592C, 0x594C, 0x594D, 0x618E, 0x69EF, 0x7231, 0x7A72, 0x7A92, 0x82B2, 0x82B2, 0x82B3,
    0x69C4, 0x69C4, 0x69C5, 0x69C5, 0x71C5, 0x71C5, 0x79C6, 0x79C6, 0x81C7, 0x81C8, 0x81A9, 0x79A9, 0x718A, 0x716A, 0x694A, 0x694A,
    0x612B, 0x612B, 0x592B, 0x592C, 0x592C, 0x592C, 0x594C, 0x596D, 0x61AE, 0x7210, 0x7A71, 0x7AB2, 0x82B3, 0x82D3, 0x82D3, 0x82D3,
    0x6A05, 0x6A05, 0x6A05, 0x6A25, 0x6A25, 0x7225, 0x7225, 0x7A06, 0x8207, 0x8A08, 0x8A09, 0x89EA, 0x81EB, 0x79AB, 0x718B, 0x696B,
    0x694B, 0x614B, 0x612B, 0x592C, 0x592C, 0x592C, 0x594D, 0x616D, 0x69CF, 0x7251, 0x7A92, 0x82F3, 0x82F3, 0x8313, 0x8314, 0x8314,
    0x6A45, 0x6A45, 0x6A45, 0x6A45, 0x6A65, 0x6A45, 0x7245, 0x7246, 0x7A46, 0x8247, 0x8A48, 0x8A49, 0x8A4B, 0x8A2C, 0x81EC, 0x79CC,
    0x718C, 0x696C, 0x614C, 0x594C, 0x594C, 0x594C, 0x616D, 0x618E, 0x6A10, 0x7A72, 0x7AD3, 0x8333, 0x8334, 0x8354, 0x8354, 0x8374,
    0x6A86, 0x6A86, 0x6A86, 0x6A86, 0x6A86, 0x6A86, 0x6A86, 0x7286, 0x7286, 0x7AA7, 0x8AA8, 0x92A9, 0x92AA, 0x928C, 0x8A6D, 0x822D,
    0x79ED, 0x71AD, 0x698D, 0x616D, 0x614D, 0x616D, 0x618E, 0x69CF, 0x7231, 0x7AB3, 0x8313, 0x8374, 0x8394, 0x8394, 0x83B4, 0x83B4,
    0x6AC6, 0x6AC6, 0x6AC6, 0x6AC6, 0x6AC6, 0x6AC6, 0x6AC6, 0x6AC6, 0x72C6, 0x72C6, 0x7AC7, 0x8AE8, 0x8AEA, 0x8AEC, 0x8ACD, 0x8AAE,
    0x828F, 0x824F, 0x71EF, 0x69AE, 0x618E, 0x618E, 0x61AF, 0x69F0, 0x7271, 0x7AD3, 0x8354, 0x83D4, 0x8BD4, 0x8BF4, 0x8BF4, 0x8BF4,
    0x6B06, 0x6B06, 0x6B06, 0x6B06, 0x6AE6, 0x6AE6, 0x6B06, 0x6B06, 0x6B06, 0x7306, 0x7307, 0x8308, 0x8B29, 0x8B4B, 0x8B4D, 0x8B2E,
    0x8B0F, 0x82D0, 0x8290, 0x722F, 0x6A0F, 0x69EF, 0x6A10, 0x7251, 0x72B2, 0x7B34, 0x8394, 0x8C14, 0x8C34, 0x8C34, 0x8C34, 0x8C54,
    0x6B47, 0x7347, 0x7347, 0x7327, 0x6B27, 0x6B27, 0x6B27, 0x6B27, 0x6B27, 0x7327, 0x7327, 0x7B48, 0x7B68, 0x838A, 0x8B8C, 0x8B8E,
    0x8B8F, 0x8370, 0x8351, 0x82F1, 0x7AD1, 0x7AB2, 0x7AB2, 0x7AD3, 0x7B33, 0x8394, 0x83F4, 0x8C54, 0x8C74, 0x8C74, 0x9494, 0x9494,
    0x7387, 0x7387, 0x7387, 0x7387, 0x7367, 0x7367, 0x7367, 0x7367, 0x7367, 0x7367, 0x7367, 0x7388, 0x7BA8, 0x83A9, 0x83CB, 0x83ED,
    0x83EF, 0x83F0, 0x83D1, 0x8392, 0x8373, 0x8353, 0x8373, 0x8374, 0x83D4, 0x8414, 0x8C54, 0x94B4, 0x94B4, 0x94D4, 0x94D4, 0x94D4,
    0x73C8, 0x73C8, 0x73C8, 0x73C8, 0x73C8, 0x73C8, 0x73C8, 0x73C8, 0x73C8, 0x73C8, 0x73C8, 0x73C8, 0x7BC8, 0x7BE9, 0x840A, 0x840C,
    0x842E, 0x8430, 0x8431, 0x8412, 0x8412, 0x8413, 0x8433, 0x8434, 0x8C54, 0x8C94, 0x94B4, 0x94F4, 0x9CF5, 0x9D15, 0x9D15, 0x9D35,
    0x7408, 0x7408, 0x7C08, 0x7408, 0x7408, 0x7C08, 0x7C08, 0x7C08, 0x7C08, 0x7C08, 0x7408, 0x73E8, 0x7408, 0x7C08, 0x7C29, 0x7C4B,
    0x846D, 0x846F, 0x8471, 0x8471, 0x8472, 0x8473, 0x8494, 0x8C94, 0x8CB4, 0x8CD4, 0x94F5, 0x9D15, 0x9D15, 0x9D35, 0x9D35, 0xA555,
    0x7428, 0x7C29, 0x7C29, 0x7C28, 0x7428, 0x7428, 0x7C29, 0x7C28, 0x7C28, 0x7428, 0x7428, 0x7428, 0x7428, 0x7C28, 0x7C29, 0x7C6A,
    0x7C8C, 0x84AF, 0x84B1, 0x8491, 0x8492, 0x84B3, 0x84B4, 0x8CB4, 0x8CD4, 0x94F5, 0x9515, 0x9D35, 0x9D35, 0x9D55, 0x9D55, 0xA555,
    0x7C49, 0x7C49, 0x7C49, 0x7C49, 0x7C49, 0x7C49, 0x7C49, 0x7C49, 0x7C49, 0x7C49, 0x7C49, 0x7C49, 0x7C49, 0x7C49, 0x7C49, 0x7C8A,
    0x7CAC, 0x84CF, 0x84D1, 0x84D1, 0x84D2, 0x84D3, 0x84D4, 0x84D4, 0x8CF5, 0x9515, 0x9535, 0x9D55, 0x9D55, 0x9D55, 0xA576, 0xA576,
    0x7C69, 0x7C69, 0x7C69, 0x7C69, 0x7C69, 0x7C69, 0x7C69, 0x7C69, 0x7C69, 0x7C69, 0x7C69, 0x7C69, 0x7C69, 0x7C69, 0x7C89, 0x7CAA,
    0x7CCB, 0x84EE, 0x8510, 0x8512, 0x84F2, 0x84F3, 0x84F4, 0x8514, 0x8D15, 0x9535, 0x9555, 0x9D55, 0x9D75, 0xA576, 0xA576, 0xA596,
    0x7CAA, 0x7C89, 0x7C89, 0x7CAA, 0x7CAA, 0x7CAA, 0x7C8A, 0x7C8A, 0x7C89, 0x7C89, 0x7C89, 0x7C8A, 0x7CAA, 0x7CAA, 0x7CAA, 0x7CCA,
    0x7CEC, 0x852E, 0x8530, 0x8D32, 0x8D33, 0x8D33, 0x8534, 0x8D34, 0x8D35, 0x9555, 0x9555, 0x9D76, 0xA576, 0xA596, 0xA596, 0xA596,
    0x7CCA, 0x7CAA, 0x7CAA, 0x7CCA, 0x7CCA, 0x7CCA, 0x7CAA, 0x7CCA, 0x7CCA, 0x7CCA, 0x7CCA, 0x7CCA, 0x7CCA, 0x7CEA, 0x7CEA, 0x7D0A,
    0x7D2C, 0x854E, 0x8D51, 0x8D52, 0x8D53, 0x8D53, 0x8D54, 0x8D54, 0x8D55, 0x9555, 0x9D76, 0x9D76, 0xA596, 0xA596, 0xA5B6, 0xA5B6,
    0x7CEA, 0x7CEA, 0x84EA, 0x84EA, 0x84EA, 0x84EA, 0x7CEA, 0x84EA, 0x84EA, 0x84EA, 0x84EA, 0x7D0A, 0x7D0B, 0x7D2B, 0x7D2B, 0x7D4C,
    0x854D, 0x8D70, 0x8D71, 0x9573, 0x9573, 0x9574, 0x9574, 0x8D75, 0x9575, 0x9575, 0x9D96, 0xA596, 0xA596, 0xA5B6, 0xA5B6, 0xADB6,
    0x850B, 0x850B, 0x850B, 0x850B, 0x850B, 0x850B, 0x850B, 0x850B, 0x850B, 0x852B, 0x852B, 0x7D4B, 0x7D4B, 0x7D6C, 0x7D8D, 0x858E,
    0x8D8F, 0x8D91, 0x9592, 0x9593, 0x9594, 0x9D94, 0x9D95, 0x9595, 0x9595, 0x9D96, 0x9D96, 0xA5B6, 0xA5B6, 0xA5D6, 0xADD6, 0xADD6,
    0x852B, 0x852B, 0x852B, 0x852B, 0x852B, 0x852B, 0x852B, 0x854B, 0x854B, 0x854B, 0x856C, 0x856C, 0x858D, 0x85AD, 0x85AE, 0x8DAF,
    0x8DB1, 0x95B2, 0x95B3, 0x9DB4, 0x9DB4, 0x9DB5, 0x9DB5, 0x9DB5, 0x9DB5, 0x9DB6, 0xA5B6, 0xA5B6, 0xA5D6, 0xADD6, 0xADD6, 0xADD6,
    0x854B, 0x854B, 0x854B, 0x8D4C, 0x8D4C, 0x8D4C, 0x8D6C, 0x856C, 0x856C, 0x858C, 0x85AC, 0x85AD, 0x85CE, 0x8DCF, 0x8DD0, 0x95B1,
    0x95B2, 0x9DD3, 0x9DD4, 0x9DD4, 0x9DD5, 0xA5D5, 0xA5D5, 0xA5D6, 0xA5D6, 0xA5D6, 0xA5D6, 0xADD6, 0xADD6, 0xADD7, 0xADD7, 0xADD6,
    0x854B, 0x854B, 0x854B, 0x8D6C, 0x8D6C, 0x8D6C, 0x8D6C, 0x856C, 0x858C, 0x85AC, 0x85AD, 0x85CD, 0x85CE, 0x8DD0, 0x8DD1, 0x95D2,
    0x95D3, 0x9DD3, 0x9DD4, 0x9DD4, 0x9DD5, 0xA5D5, 0xA5D5, 0xA5D6, 0xA5D6, 0xA5D6, 0xA5D6, 0xADD6, 0xADD6, 0xADD7, 0xADD7, 0xADD7,
    0x856B, 0x856B, 0x856C, 0x8D6C, 0x8D6C, 0x8D6C, 0x8D8C, 0x858C, 0x858C, 0x85AC, 0x85CD, 0x85CE, 0x85CF, 0x8DD0, 0x8DD1, 0x95D2,
    0x95D3, 0x9DD3, 0x9DD4, 0x9DD4, 0x9DD5, 0xA5D5, 0xA5D5, 0xA5D6, 0xA5D6, 0xA5D6, 0xA5D6, 0xADD6, 0xADD7, 0xADD7, 0xADD7, 0xADD7,
    0x856B, 0x856B, 0x856B, 0x856C, 0x856C, 0x856C, 0x858C, 0x858C, 0x858C, 0x85AC, 0x85CD, 0x85CE, 0x85CF, 0x8DD0, 0x8DD1, 0x95D2,
    0x95D3, 0x9DD3, 0x9DD4, 0x9DD4, 0x9DD5, 0x9DD5, 0x9DD5, 0xA5D6, 0xA5D6, 0xA5D6, 0xA5D6, 0xA5D6, 0xA5D6, 0xA5D6, 0xA5D6, 0xADD7,
    0x856C, 0x856B, 0x856B, 0x856C, 0x856C, 0x856C, 0x858C, 0x858C, 0x858C, 0x85AC, 0x85CD, 0x85CE, 0x85CF, 0x85D0, 0x8DD1, 0x95D2,
    0x95D3, 0x9DD3, 0x9DD4, 0x9DD4, 0x9DD5, 0x9DD5, 0x9DD5, 0x9DD6, 0xA5D6, 0xA5D6, 0xA5D6, 0xA5D6, 0xA5D6, 0xA5D6, 0xA5D6, 0xA5D6,
    0x60E4, 0x60E5, 0x60E5, 0x60E5, 0x60E6, 0x6106, 0x6106, 0x6106, 0x6107, 0x6107, 0x6108, 0x6108, 0x6108, 0x6109, 0x6129, 0x612A,
    0x612A, 0x612B, 0x612B, 0x614C, 0x614C, 0x612C, 0x592C, 0x592C, 0x612C, 0x612C, 0x614C, 0x614C, 0x614C, 0x614C, 0x614C, 0x614C,
    0x60E4, 0x60E5, 0x60E5, 0x60E5, 0x60E6, 0x60E6, 0x6106, 0x6106, 0x6107, 0x6107, 0x6108, 0x6108, 0x6108, 0x6109, 0x6129, 0x612A,
    0x612A, 0x612B, 0x612B, 0x614C, 0x614C, 0x612C, 0x592C, 0x592C, 0x614C, 0x614C, 0x614C, 0x614D, 0x616D, 0x696D, 0x696D, 0x696D,
    0x60E4, 0x60E5, 0x60E5, 0x60E5, 0x60E5, 0x60E6, 0x60E6, 0x6106, 0x6107, 0x6107, 0x6108, 0x6108, 0x6108, 0x6129, 0x6129, 0x612A,
    0x612B, 0x612B, 0x612B, 0x612C, 0x612C, 0x612C, 0x612C, 0x612C, 0x614C, 0x614C, 0x616D, 0x696D, 0x696D, 0x698D, 0x698D, 0x698D,
    0x60E4, 0x60E4, 0x60E5, 0x60E5, 0x60E5, 0x60E6, 0x60E6, 0x6106, 0x6107, 0x6107, 0x6108, 0x6108, 0x6108, 0x6129, 0x6129, 0x612A,
    0x612A, 0x612B, 0x612B, 0x614C, 0x612C, 0x612C, 0x612C, 0x614C, 0x614C, 0x616D, 0x698D, 0x698D, 0x69AE, 0x69AE, 0x69AE, 0x69AE,
    0x60E4, 0x60E4, 0x60E5, 0x60E5, 0x60E5, 0x60E6, 0x60E6, 0x6106, 0x6107, 0x6107, 0x6107, 0x6108, 0x6108, 0x6129, 0x6129, 0x612A,
    0x612A, 0x614B, 0x614B, 0x614C, 0x614C, 0x612C, 0x612C, 0x614C, 0x616D, 0x698D, 0x69AE, 0x71AE, 0x71CE, 0x71CF, 0x71CF, 0x71CF,
    0x68E4, 0x68E4, 0x68E5, 0x68E5, 0x60E5, 0x6106, 0x6106, 0x6106, 0x6107, 0x6107, 0x6107, 0x6108, 0x6108, 0x6129, 0x6129, 0x612A,
    0x612A, 0x612B, 0x614B, 0x614C, 0x614C, 0x614C, 0x614C, 0x614C, 0x616D, 0x698E, 0x69CE, 0x71EF, 0x71EF, 0x720F, 0x720F, 0x7210,
    0x6904, 0x6904, 0x6905, 0x6905, 0x6905, 0x6906, 0x6906, 0x6906, 0x6907, 0x6107, 0x6107, 0x6108, 0x6128, 0x6129, 0x6129, 0x612A,
    0x612B, 0x612B, 0x612B, 0x614C, 0x614C, 0x614C, 0x614C, 0x614C, 0x696D, 0x69AE, 0x71EF, 0x7210, 0x7A30, 0x7A30, 0x7A50, 0x7A50,
    0x6944, 0x7144, 0x7145, 0x7145, 0x7125, 0x7146, 0x7146, 0x7127, 0x7127, 0x6927, 0x6928, 0x6928, 0x6128, 0x6129, 0x6129, 0x612A,
    0x612A, 0x612B, 0x612B, 0x612C, 0x614C, 0x614C, 0x614C, 0x614D, 0x698D, 0x71CF, 0x7210, 0x7A51, 0x7A71, 0x8271, 0x8271, 0x8291,
    0x6984, 0x7184, 0x7185, 0x7985, 0x7965, 0x7966, 0x7966, 0x7967, 0x7967, 0x7148, 0x7148, 0x6948, 0x6929, 0x6929, 0x6129, 0x612A,
    0x612A, 0x612B, 0x612B, 0x612C, 0x614C, 0x614C, 0x614C, 0x616D, 0x69AE, 0x71EF, 0x7A50, 0x8291, 0x8292, 0x82B2, 0x82B2, 0x82B2,
    0x69C5, 0x71C5, 0x71C5, 0x71C5, 0x79C5, 0x79C6, 0x81C6, 0x81C7, 0x81A7, 0x81A8, 0x81A9, 0x7989, 0x718A, 0x716A, 0x694A, 0x694A,
    0x614B, 0x612B, 0x612B, 0x614C, 0x614C, 0x612C, 0x614C, 0x616D, 0x69AE, 0x7A30, 0x7A71, 0x82B2, 0x82D2, 0x82D3, 0x82D3, 0x82F3,
    0x6A05, 0x6A05, 0x6A05, 0x7205, 0x7225, 0x7A05, 0x7A06, 0x8206, 0x8A07, 0x8A08, 0x89E9, 0x89EA, 0x81CA, 0x79AB, 0x718B, 0x696B,
    0x694B, 0x614B, 0x614C, 0x614C, 0x614C, 0x614C, 0x614C, 0x616D, 0x69CF, 0x7A51, 0x82B2, 0x82F3, 0x8AF3, 0x8B13, 0x8B13, 0x8B33,
    0x7245, 0x7245, 0x7245, 0x7245, 0x7246, 0x7246, 0x7A46, 0x7A46, 0x8247, 0x8A47, 0x9248, 0x9249, 0x922B, 0x8A0C, 0x81EC, 0x79CC,
    0x718C, 0x696C, 0x694C, 0x614C, 0x614C, 0x614C, 0x616D, 0x69AE, 0x7210, 0x8291, 0x82D2, 0x8B33, 0x8B33, 0x8B54, 0x8B54, 0x8B74,
    0x7286, 0x7286, 0x7286, 0x7286, 0x7286, 0x7286, 0x7286, 0x7A86, 0x7AA6, 0x8287, 0x9288, 0x9A89, 0x9A8A, 0x928C, 0x926D, 0x8A2D,
    0x79ED, 0x71CD, 0x698D, 0x696D, 0x616D, 0x616D, 0x698E, 0x69CF, 0x7A30, 0x82B2, 0x8B13, 0x8B74, 0x8B94, 0x8B94, 0x8BB4, 0x8BB4,
    0x72C6, 0x72C6, 0x72C6, 0x72C6, 0x72C6, 0x72C6, 0x72C6, 0x72C6, 0x7AC6, 0x7AC7, 0x82C7, 0x92C8, 0x92CA, 0x92EC, 0x92CD, 0x92AE,
    0x8A8E, 0x824F, 0x7A0E, 0x71AE, 0x698D, 0x698D, 0x69AE, 0x71EF, 0x7A71, 0x82D3, 0x8B53, 0x8BB4, 0x8BD4, 0x8BD4, 0x8BF4, 0x8BF4,
    0x72E6, 0x7307, 0x7307, 0x72E6, 0x72E6, 0x72E6, 0x72E6, 0x72E6, 0x72E7, 0x72E7, 0x7B07, 0x8B08, 0x9329, 0x932B, 0x932D, 0x932E,
    0x930F, 0x8AD0, 0x8290, 0x7A2F, 0x71EF, 0x71EF, 0x71EF, 0x7230, 0x7AB2, 0x8313, 0x8B94, 0x8C14, 0x8C14, 0x8C34, 0x8C34, 0x8C34,
    0x7327, 0x7327, 0x7327, 0x7327, 0x7327, 0x7327, 0x7327, 0x7327, 0x7327, 0x7327, 0x7B27, 0x8348, 0x8369, 0x8B6A, 0x938B, 0x938E,
    0x8B6F, 0x8B70, 0x8B31, 0x82F1, 0x82B1, 0x7A71, 0x7A91, 0x7AB2, 0x8313, 0x8394, 0x8BF4, 0x8C54, 0x9454, 0x9474, 0x9474, 0x9474,
    0x7367, 0x7367, 0x7367, 0x7367, 0x7367, 0x7367, 0x7367, 0x7367, 0x7367, 0x7367, 0x7367, 0x7B88, 0x8388, 0x8BA9, 0x8BCB, 0x8BCD,
    0x8BCF, 0x8BD0, 0x8BB1, 0x8B92, 0x8B52, 0x8332, 0x8333, 0x8333, 0x8B94, 0x8BF4, 0x8C54, 0x9494, 0x9494, 0x94B4, 0x94B4, 0x94D4,
    0x7BC8, 0x7BC8, 0x7BC8, 0x7BC8, 0x7BC8, 0x7BC8, 0x7BC8, 0x7BC8, 0x7BC8, 0x7BC8, 0x7BC8, 0x7BC8, 0x7BC8, 0x83E9, 0x83EA, 0x8C0C,
    0x8C0E, 0x8C30, 0x8C31, 0x8C12, 0x8BF2, 0x8BF3, 0x8BF3, 0x8C14, 0x8C34, 0x9474, 0x94B4, 0x94D4, 0x9CF4, 0x9CF5, 0x9D15, 0x9D15,
    0x7C08, 0x7C08, 0x7C08, 0x7C08, 0x7BE8, 0x7C08, 0x7C08, 0x7C08, 0x7C08, 0x7C08, 0x7C08, 0x7BE8, 0x7BE8, 0x7C09, 0x842A, 0x844B,
    0x8C4D, 0x8C6F, 0x8C71, 0x8C72, 0x8C72, 0x8C73, 0x8C73, 0x8C94, 0x94B4, 0x94D4, 0x94F4, 0x9D15, 0x9D15, 0x9D35, 0x9D35, 0xA535,
    0x7C29, 0x7C29, 0x7C29, 0x7C29, 0x7C29, 0x7C29, 0x7C29, 0x7C29, 0x7C29, 0x7C29, 0x7C29, 0x7C29, 0x7C29, 0x7C29, 0x7C29, 0x846A,
    0x848C, 0x8C8F, 0x8CB1, 0x8CB1, 0x8CB2, 0x8CB3, 0x8CB4, 0x94D4, 0x94D4, 0x94F5, 0x9D15, 0x9D35, 0x9D35, 0xA555, 0xA555, 0xA555,
    0x7C49, 0x7C49, 0x7C69, 0x7C49, 0x7C49, 0x7C49, 0x7C49, 0x7C49, 0x7C49, 0x7C49, 0x7C49, 0x7C49, 0x7C49, 0x7C49, 0x7C49, 0x848A,
    0x84AC, 0x8CCE, 0x8CD0, 0x8CD2, 0x8CD2, 0x8CD3, 0x8CF4, 0x94F4, 0x9514, 0x9515, 0x9D35, 0x9D55, 0xA555, 0xA555, 0xA576, 0xA576,
    0x7C69, 0x7C69, 0x7C69, 0x7C89, 0x8489, 0x7C89, 0x7C69, 0x7C69, 0x7C69, 0x7C69, 0x7C69, 0x7C69, 0x7C69, 0x7C69, 0x7C89, 0x84AA,
    0x84CB, 0x8CEE, 0x8D10, 0x8D12, 0x8D13, 0x8D13, 0x8D14, 0x9514, 0x9535, 0x9D35, 0x9D55, 0xA555, 0xA576, 0xA576, 0xA596, 0xA596,
    0x7CAA, 0x848A, 0x848A, 0x84AA, 0x84AA, 0x84AA, 0x84AA, 0x848A, 0x848A, 0x848A, 0x848A, 0x848A, 0x84AA, 0x84AA, 0x84AA, 0x84CA,
    0x84EC, 0x8D0E, 0x8D30, 0x9532, 0x9533, 0x9533, 0x9534, 0x9534, 0x9535, 0x9D55, 0x9D55, 0xA576, 0xA576, 0xA596, 0xA596, 0xADB6,
    0x84CA, 0x84AA, 0x84AA, 0x84CA, 0x84CA, 0x84CA, 0x84CA, 0x84CA, 0x84CA, 0x84CA, 0x84CA, 0x84CA, 0x84CA, 0x84CA, 0x84EA, 0x84EB,
    0x850C, 0x8D4E, 0x8D50, 0x9552, 0x9553, 0x9554, 0x9554, 0x9554, 0x9555, 0x9D55, 0x9D76, 0xA576, 0xA596, 0xA596, 0xADB6, 0xADB6,
    0x84EA, 0x84EA, 0x84CA, 0x84EA, 0x84EB, 0x84EB, 0x84EB, 0x84EB, 0x84EB, 0x84EB, 0x84EB, 0x84EB, 0x850B, 0x850B, 0x852B, 0x852C,
    0x8D4D, 0x8D6F, 0x9571, 0x9573, 0x9D74, 0x9D74, 0x9D74, 0x9575, 0x9D75, 0x9D75, 0xA596, 0xA596, 0xA5B6, 0xADB6, 0xADB6, 0xADD6,
    0x850B, 0x850B, 0x850B, 0x850B, 0x850B, 0x850B, 0x850B, 0x850B, 0x850B, 0x850B, 0x852B, 0x852B, 0x854B, 0x854C, 0x856C, 0x8D6D,
    0x8D8F, 0x9591, 0x9D92, 0x9D93, 0x9D94, 0x9D94, 0x9D95, 0x9D95, 0x9D95, 0x9D96, 0xA5B6, 0xA5B6, 0xADB6, 0xADD6, 0xADD7, 0xADD6,
    0x852B, 0x852B, 0x8D2B, 0x8D2B, 0x8D2B, 0x8D2B, 0x8D2B, 0x8D2B, 0x8D4B, 0x8D4B, 0x854C, 0x856C, 0x856D, 0x8D8D, 0x8D8E, 0x8DAF,
    0x95B1, 0x9DB2, 0x9DB3, 0x9DB4, 0xA5B4, 0xA5B5, 0xA5B5, 0xA5B5, 0xA5B6, 0xA5B6, 0xA5B6, 0xADB6, 0xADD6, 0xADD7, 0xADD7, 0xADD7,
    0x8D4B, 0x8D4C, 0x8D4C, 0x8D4C, 0x8D4C, 0x8D4C, 0x8D4C, 0x8D6C, 0x8D6C, 0x8D8C, 0x8D8C, 0x8DAD, 0x8DAE, 0x8DAF, 0x95B0, 0x95B2,
    0x9DD3, 0x9DD3, 0xA5D4, 0xA5D4, 0xA5D5, 0xA5D5, 0xA5D5, 0xA5D6, 0xA5D6, 0xA5D6, 0xADD6, 0xADD6, 0xADD7, 0xADD7, 0xADD7, 0xADD7,
    0x8D4C, 0x8D4C, 0x8D4C, 0x8D6C, 0x8D6C, 0x8D6C, 0x8D6C, 0x8D6C, 0x8D8C, 0x8D8C, 0x8DAD, 0x8DAD, 0x8DCF, 0x8DD0, 0x95D1, 0x9DD2,
    0x9DD3, 0x9DD4, 0xA5D4, 0xA5D4, 0xA5D5, 0xA5D5, 0xA5D5, 0xA5D6, 0xA5D6, 0xADD6, 0xADD6, 0xADD6, 0xADD7, 0xADD7, 0xADD7, 0xADD7,
    0x8D6C, 0x8D6C, 0x8D6C, 0x8D6C, 0x8D6C, 0x8D6C, 0x8D8C, 0x8D8C, 0x8D8C, 0x8DAC, 0x8DAD, 0x8DCE, 0x8DCF, 0x95D0, 0x95D1, 0x9DD2,
    0x9DD3, 0x9DD4, 0xA5D4, 0xA5D5, 0xA5D5, 0xA5D5, 0xA5D6, 0xA5D6, 0xA5D6, 0xADD6, 0xADD6, 0xADD7, 0xADD7, 0xADD7, 0xADD7, 0xADD7,
    0x8D6C, 0x8D6C, 0x8D6C, 0x8D6C, 0x8D6C, 0x8D6C, 0x8D8C, 0x8D8C, 0x8D8C, 0x8DAC, 0x8DAD, 0x8DCE, 0x8DCF, 0x8DD0, 0x95D1, 0x9DD2,
    0x9DD3, 0x9DD4, 0xA5D4, 0xA5D5, 0xA5D5, 0xA5D5, 0xA5D5, 0xA5D6, 0xA5D6, 0xA5D6, 0xADD6, 0xADD6, 0xADD6, 0xADD7, 0xADD7, 0xADD7,
    0x8D6C, 0x8D6C, 0x8D6C, 0x8D6C, 0x8D6C, 0x8D6C, 0x8D8C, 0x8D8C, 0x858C, 0x85AC, 0x85AD, 0x85CE, 0x8DCF, 0x8DD0, 0x95D1, 0x9DD2,
    0x9DD3, 0x9DD4, 0x9DD4, 0xA5D5, 0xA5D5, 0xA5D5, 0xA5D5, 0xA5D6, 0xA5D6, 0xA5D6, 0xA5D6, 0xADD6, 0xADD6, 0xADD6, 0xADD6, 0xADD7,
    0x60E5, 0x60E5, 0x60E5, 0x60E5, 0x60E6, 0x6106, 0x6106, 0x6107, 0x6107, 0x6107, 0x6107, 0x6108, 0x6108, 0x6109, 0x6109, 0x612A,
    0x612A, 0x612B, 0x614B, 0x614C, 0x614C, 0x612C, 0x612C, 0x612C, 0x612C, 0x614C, 0x614C, 0x614C, 0x614C, 0x614C, 0x614C, 0x614C,
    0x60E5, 0x60E5, 0x60E5, 0x60E5, 0x60E6, 0x60E6, 0x6106, 0x6106, 0x6107, 0x6107, 0x6107, 0x6108, 0x6108, 0x6109, 0x6129, 0x612A,
    0x612A, 0x612B, 0x614B, 0x614C, 0x614C, 0x612C, 0x612C, 0x612C, 0x614C, 0x614C, 0x614C, 0x614C, 0x616D, 0x696D, 0x696D, 0x696D,
    0x60E5, 0x60E5, 0x60E5, 0x60E5, 0x60E6, 0x60E6, 0x60E6, 0x6106, 0x6107, 0x6107, 0x6107, 0x6108, 0x6108, 0x6129, 0x6129, 0x612A,
    0x612B, 0x612B, 0x614B, 0x614C, 0x614C, 0x612C, 0x612C, 0x614C, 0x614C, 0x614C, 0x616D, 0x696D, 0x696D, 0x698D, 0x698D, 0x698D,
    0x60E5, 0x60E5, 0x60E5, 0x60E5, 0x60E5, 0x60E6, 0x60E6, 0x6106, 0x6107, 0x6107, 0x6107, 0x6108, 0x6108, 0x6109, 0x6129, 0x612A,
    0x612A, 0x612B, 0x614B, 0x614C, 0x614C, 0x614C, 0x614C, 0x614C, 0x614C, 0x696D, 0x698D, 0x698D, 0x69AE, 0x71AE, 0x71AE, 0x71AE,
    0x60E4, 0x60E5, 0x60E5, 0x60E5, 0x60E5, 0x60E6, 0x60E6, 0x6106, 0x6107, 0x6107, 0x6107, 0x6108, 0x6108, 0x6109, 0x6129, 0x612A,
    0x612A, 0x614B, 0x614C, 0x614C, 0x614C, 0x614C, 0x614C, 0x614C, 0x696D, 0x698D, 0x69AE, 0x71CE, 0x71CE, 0x71CE, 0x71EF, 0x71EF,
    0x60E4, 0x60E5, 0x60E5, 0x60E5, 0x60E5, 0x60E6, 0x6106, 0x6106, 0x6107, 0x6107, 0x6107, 0x6108, 0x6108, 0x6109, 0x6129, 0x612A,
    0x612A, 0x612B, 0x614C, 0x614C, 0x614C, 0x614C, 0x614C, 0x614C, 0x696D, 0x698E, 0x71CE, 0x71EF, 0x7A0F, 0x7A0F, 0x7A0F, 0x7A2F,
    0x6904, 0x6905, 0x6905, 0x6905, 0x6905, 0x6906, 0x6906, 0x6106, 0x6107, 0x6107, 0x6107, 0x6108, 0x6108, 0x6129, 0x6129, 0x612A,
    0x612A, 0x612B, 0x614B, 0x614C, 0x614C, 0x614C, 0x614C, 0x614C, 0x698D, 0x71AE, 0x71EF, 0x7A2F, 0x7A30, 0x7A50, 0x8250, 0x8250,
    0x7124, 0x7124, 0x7125, 0x7125, 0x7126, 0x7126, 0x7126, 0x6927, 0x6927, 0x6927, 0x6928, 0x6108, 0x6108, 0x6129, 0x6129, 0x612A,
    0x612A, 0x612B, 0x612B, 0x614C, 0x614C, 0x614C, 0x614C, 0x614C, 0x698D, 0x71EF, 0x7A2F, 0x8250, 0x8271, 0x8271, 0x8291, 0x8291,
    0x7164, 0x7964, 0x7965, 0x7965, 0x7966, 0x7966, 0x7967, 0x7947, 0x7147, 0x7148, 0x6948, 0x6928, 0x6928, 0x6129, 0x6129, 0x612A,
    0x612A, 0x612B, 0x612B, 0x614C, 0x614C, 0x614C, 0x614C, 0x616D, 0x69AE, 0x7A0F, 0x8250, 0x8291, 0x8AB1, 0x8AB2, 0x8AB2, 0x8AB2,
    0x71C5, 0x71C5, 0x79C5, 0x79A5, 0x79A6, 0x81A6, 0x81A6, 0x81A7, 0x81A7, 0x81A8, 0x8189, 0x7989, 0x7169, 0x6949, 0x694A, 0x612A,
    0x612A, 0x612B, 0x614B, 0x614C, 0x614C, 0x614C, 0x614C, 0x696D, 0x71CE, 0x7A30, 0x8271, 0x8AB2, 0x8AD2, 0x8AD2, 0x8AF3, 0x8AF3,
    0x7205, 0x7205, 0x7205, 0x7A05, 0x8206, 0x8206, 0x8A06, 0x89E7, 0x91E7, 0x91E8, 0x89E9, 0x89CA, 0x81AA, 0x798A, 0x716A, 0x696B,
    0x694B, 0x614B, 0x614B, 0x614C, 0x614C, 0x614C, 0x616C, 0x698D, 0x71EF, 0x8251, 0x8AB2, 0x8AF3, 0x8B13, 0x8B13, 0x8B13, 0x8B33,
    0x7246, 0x7245, 0x7245, 0x7A46, 0x7A46, 0x7A46, 0x8246, 0x8246, 0x8A47, 0x9248, 0x9248, 0x9A29, 0x922A, 0x8A0B, 0x81EC, 0x79AC,
    0x718C, 0x696C, 0x696C, 0x614C, 0x614C, 0x614C, 0x696D, 0x698E, 0x7A0F, 0x8291, 0x8AF2, 0x8B33, 0x8B53, 0x8B53, 0x8B53, 0x8B73,
    0x7286, 0x7286, 0x7286, 0x7286, 0x7A86, 0x7A86, 0x7AA6, 0x7AA6, 0x82A7, 0x8A87, 0x9288, 0x9A89, 0xA28A, 0x9A6C, 0x924D, 0x8A2D,
    0x81ED, 0x79CD, 0x718D, 0x696D, 0x696D, 0x696D, 0x698D, 0x71AE, 0x7A30, 0x8AB2, 0x8B13, 0x9373, 0x9394, 0x9394, 0x9394, 0x93B4,
    0x72C6, 0x72C6, 0x72C6, 0x72C6, 0x7AC6, 0x7AC6, 0x7AC6, 0x7AC6, 0x7AC7, 0x82C7, 0x8AC7, 0x92C8, 0x9ACA, 0x9ACB, 0x9ACD, 0x92AE,
    0x8A8E, 0x8A4E, 0x7A0E, 0x71CE, 0x69AD, 0x698D, 0x71AE, 0x71EF, 0x8271, 0x8AF3, 0x8B53, 0x93B4, 0x93D4, 0x93F4, 0x93F4, 0x93F4,
    0x72E7, 0x72E7, 0x72E7, 0x7AE7, 0x7AE7, 0x7AE7, 0x7AE7, 0x7AE7, 0x7AE7, 0x7AE7, 0x8307, 0x8B08, 0x9309, 0x9B2B, 0x9B2C, 0x9B0E,
    0x92EF, 0x92D0, 0x8A90, 0x822F, 0x7A0F, 0x71EF, 0x720F, 0x7A30, 0x82B1, 0x8B33, 0x9394, 0x93F4, 0x9414, 0x9434, 0x9434, 0x9434,
    0x7327, 0x7327, 0x7327, 0x7B27, 0x7B27, 0x7B27, 0x7B27, 0x7B27, 0x7B27, 0x7B27, 0x7B27, 0x8348, 0x8B49, 0x936A, 0x9B6B, 0x936D,
    0x936F, 0x9350, 0x9331, 0x8AF1, 0x8AB1, 0x8271, 0x8271, 0x8291, 0x8AF2, 0x8B73, 0x93D4, 0x9434, 0x9454, 0x9474, 0x9474, 0x9474,
    0x7B67, 0x7B67, 0x7B67, 0x7B67, 0x7B67, 0x7B67, 0x7B67, 0x7B67, 0x7B67, 0x7B67, 0x7B68, 0x8368, 0x8388, 0x8BA9, 0x93AB, 0x93CD,
    0x93CF, 0x93D0, 0x93B1, 0x9392, 0x9352, 0x8B12, 0x8AF2, 0x8B12, 0x8B73, 0x93D4, 0x9434, 0x9474, 0x9494, 0x94B4, 0x94B4, 0x94B4,
    0x7BA8, 0x7BA8, 0x7BA8, 0x7BA8, 0x7BA8, 0x7BA8, 0x7BA8, 0x7BA8, 0x7BA8, 0x7BA8, 0x7BA8, 0x7BA8, 0x83A8, 0x8BC9, 0x8BEA, 0x940C,
    0x940E, 0x9430, 0x9411, 0x9412, 0x93F2, 0x8BB3, 0x8BB3, 0x8BD3, 0x9414, 0x9454, 0x9474, 0x94B4, 0x9CD4, 0x9CD4, 0x9CF4, 0x9CF4,
    0x7BE8, 0x7BE8, 0x7BE8, 0x7BE8, 0x7BE8, 0x7BE8, 0x7BE8, 0x83E8, 0x83E8, 0x83E8, 0x7BE8, 0x7BE8, 0x83E8, 0x8409, 0x8C0A, 0x8C2B,
    0x944D, 0x946F, 0x9471, 0x9472, 0x9452, 0x9453, 0x9453, 0x9454, 0x9474, 0x94B4, 0x9CD4, 0x9CF4, 0x9CF5, 0x9D15, 0x9D15, 0x9D35,
    0x8429, 0x8429, 0x8429, 0x8429, 0x8429, 0x8429, 0x8429, 0x8429, 0x8429, 0x8429, 0x8429, 0x8429, 0x8429, 0x8429, 0x8429, 0x8C6A,
    0x8C8C, 0x8C8E, 0x94B0, 0x94B2, 0x94B3, 0x94B3, 0x94B4, 0x94B4, 0x9CD4, 0x9CF5, 0x9D15, 0xA535, 0xA535, 0xA555, 0xA555, 0xA555,
    0x8469, 0x8469, 0x8469, 0x8469, 0x8469, 0x8469, 0x8469, 0x8449, 0x8449, 0x8449, 0x8469, 0x8469, 0x8449, 0x8449, 0x846A, 0x8C8A,
    0x8CAC, 0x8CCE, 0x94D0, 0x94F2, 0x94F3, 0x94F3, 0x94F4, 0x94F4, 0x9D14, 0x9D35, 0xA535, 0xA555, 0xA555, 0xA576, 0xAD76, 0xAD96,
    0x848A, 0x848A, 0x848A, 0x848A, 0x848A, 0x848A, 0x848A, 0x846A, 0x8469, 0x846A, 0x846A, 0x8469, 0x8469, 0x846A, 0x848A, 0x84AA,
    0x8CCB, 0x8CEE, 0x94F0, 0x9512, 0x9513, 0x9513, 0x9514, 0x9D14, 0x9D35, 0x9D55, 0xA555, 0xA555, 0xA576, 0xAD96, 0xAD96, 0xAD96,
    0x848A, 0x848A, 0x848A, 0x84AA, 0x84AA, 0x84AA, 0x84AA, 0x84AA, 0x848A, 0x848A, 0x848A, 0x84AA, 0x84AA, 0x84AA, 0x84AA, 0x8CCB,
    0x8CEC, 0x8D0D, 0x952F, 0x9532, 0x9D33, 0x9D34, 0x9D34, 0x9D34, 0x9D55, 0x9D55, 0xA575, 0xA576, 0xA596, 0xAD96, 0xADB6, 0xADB6,
    0x84AA, 0x84AA, 0x84AA, 0x84CA, 0x84CA, 0x84CA, 0x84CA, 0x84CA, 0x8CCA, 0x84CA, 0x84CA, 0x8CCB, 0x8CCB, 0x8CCA, 0x8CEB, 0x8CEB,
    0x8D0C, 0x8D2D, 0x954F, 0x9552, 0x9D53, 0x9D54, 0x9D54, 0x9D54, 0x9D55, 0x9D75, 0xA576, 0xA596, 0xAD96, 0xADB6, 0xADB6, 0xADD6,
    0x84EB, 0x84EB, 0x8CEB, 0x8CEB, 0x8CEB, 0x8CEB, 0x8CEB, 0x8CEB, 0x8CEB, 0x8CEB, 0x8CEB, 0x8CEB, 0x8D0B, 0x8D0B, 0x8D2B, 0x8D2C,
    0x8D4D, 0x956F, 0x9570, 0x9D72, 0x9D74, 0x9D74, 0x9D75, 0x9D75, 0x9D75, 0xA595, 0xA596, 0xA596, 0xADB6, 0xADB6, 0xADD6, 0xB5D7,
    0x8D0B, 0x8D0B, 0x8D0B, 0x8D0B, 0x8D0B, 0x8D0B, 0x8D0B, 0x8D0B, 0x8D0B, 0x8D0B, 0x8D2B, 0x8D2B, 0x8D2B, 0x8D4C, 0x8D4C, 0x8D6D,
    0x8D8F, 0x9591, 0x9D92, 0xA593, 0xA594, 0xA5B5, 0xA595, 0xA595, 0xA595, 0xA5B6, 0xA5B6, 0xADB6, 0xADB6, 0xADD7, 0xB5D7, 0xB5D7,
    0x8D2B, 0x8D2B, 0x8D2B, 0x8D2B, 0x8D2C, 0x8D2C, 0x8D2C, 0x8D2C, 0x8D2C, 0x8D4C, 0x8D4C, 0x8D4C, 0x8D6C, 0x8D6D, 0x8D8E, 0x958F,
    0x95B1, 0x9DB2, 0xA5B3, 0xA5B4, 0xA5B5, 0xA5B5, 0xA5B5, 0xA5B5, 0xA5B6, 0xA5B6, 0xADB6, 0xADB6, 0xADD6, 0xADD7, 0xB5D7, 0xB5F7,
    0x8D4C, 0x8D4C, 0x8D4C, 0x8D4C, 0x8D4C, 0x8D4C, 0x8D4C, 0x8D4C, 0x8D6C, 0x8D6C, 0x8D8D, 0x8D8D, 0x8DAE, 0x95AF, 0x95B1, 0x9DB2,
    0x9DD3, 0xA5D4, 0xA5D4, 0xADD5, 0xADD5, 0xADD5, 0xADD5, 0xADD6, 0xADD6, 0xADD6, 0xADD6, 0xADD6, 0xADD7, 0xADF7, 0xB5F7, 0xB5F7,
    0x8D4C, 0x8D4C, 0x8D6C, 0x956C, 0x956C, 0x956C, 0x956C, 0x8D6C, 0x8D6C, 0x8D8C, 0x8DAD, 0x8DAD, 0x95AE, 0x95B0, 0x9DD1, 0x9DD2,
    0xA5D3, 0xA5D4, 0xA5D5, 0xA5D5, 0xADD5, 0xADD5, 0xADD6, 0xADD6, 0xADD6, 0xADD6, 0xADD6, 0xADD7, 0xADD7, 0xADF7, 0xADF7, 0xB5F7,
    0x8D6C, 0x8D6C, 0x956C, 0x956C, 0x956C, 0x956C, 0x956C, 0x8D8C, 0x8D8C, 0x8DAD, 0x8DAD, 0x8DCE, 0x95CF, 0x95D1, 0x9DD2, 0x9DD3,
    0xA5D4, 0xA5D4, 0xA5D4, 0xA5D5, 0xADD5, 0xADD5, 0xADD6, 0xADD6, 0xADD6, 0xADD6, 0xADD6, 0xADD7, 0xADD7, 0xADF7, 0xADD7, 0xADD7,
    0x8D6C, 0x8D6C, 0x8D6C, 0x956C, 0x956C, 0x956C, 0x956C, 0x8D8C, 0x8D8C, 0x8DAD, 0x8DAD, 0x8DCE, 0x8DCF, 0x95D1, 0x9DD2, 0x9DD3,
    0xA5D4, 0xA5D4, 0xA5D5, 0xA5D5, 0xADD5, 0xADD5, 0xADD6, 0xADD6, 0xADD6, 0xADD6, 0xADD6, 0xADD7, 0xADD7, 0xADF7, 0xADD7, 0xADD7,
    0x8D6C, 0x8D6C, 0x8D6C, 0x8D6C, 0x8D6C, 0x8D6C, 0x956C, 0x8D8C, 0x8D8C, 0x8DAD, 0x8DAD, 0x8DCE, 0x8DCF, 0x95D0, 0x95D2, 0x9DD3,
    0xA5D4, 0xA5D4, 0xA5D5, 0xA5D5, 0xADD5, 0xADD5, 0xADD6, 0xADD6, 0xADD6, 0xADD6, 0xADD6, 0xADD6, 0xADD7, 0xADD7, 0xADD7, 0xADD7,
    0x60E5, 0x60E5, 0x60E5, 0x60E5, 0x60E6, 0x60E6, 0x6106, 0x6107, 0x6107, 0x6107, 0x6107, 0x6108, 0x6108, 0x6108, 0x6109, 0x6129,
    0x612A, 0x612B, 0x612B, 0x614C, 0x614C, 0x612C, 0x612C, 0x612C, 0x612C, 0x614C, 0x614C, 0x614C, 0x614C, 0x614C, 0x614C, 0x614C,
    0x60E5, 0x60E5, 0x60E5, 0x60E5, 0x60E6, 0x60E6, 0x60E6, 0x6106, 0x6107, 0x6107, 0x6107, 0x6108, 0x6108, 0x6108, 0x6129, 0x612A,
    0x612A, 0x612B, 0x614B, 0x614C, 0x614C, 0x612C, 0x612C, 0x612C, 0x614C, 0x614C, 0x614C, 0x614C, 0x614C, 0x696D, 0x696D, 0x696D,
    0x60E5, 0x60E5, 0x60E5, 0x60E5, 0x60E6, 0x60E6, 0x60E6, 0x6106, 0x6107, 0x6107, 0x6107, 0x6108, 0x6108, 0x6109, 0x6129, 0x612A,
    0x612A, 0x612B, 0x614B, 0x614C, 0x614C, 0x612C, 0x612C, 0x614C, 0x614C, 0x614C, 0x614C, 0x696D, 0x696D, 0x698D, 0x698D, 0x698D,
    0x60E5, 0x60E5, 0x60E5, 0x60E5, 0x60E6, 0x60E6, 0x60E6, 0x6106, 0x6107, 0x6107, 0x6107, 0x6108, 0x6108, 0x6108, 0x6129, 0x612A,
    0x612A, 0x612B, 0x614B, 0x614C, 0x614C, 0x614C, 0x614C, 0x614C, 0x614C, 0x696D, 0x698D, 0x698D, 0x698D, 0x71AE, 0x71AE, 0x71AE,
    0x60E5, 0x60E5, 0x60E5, 0x60E5, 0x60E6, 0x60E6, 0x60E6, 0x6106, 0x6107, 0x6107, 0x6107, 0x6108, 0x6108, 0x6108, 0x6109, 0x612A,
    0x612A, 0x612B, 0x614B, 0x614C, 0x614C, 0x614C, 0x614C, 0x614C, 0x696D, 0x698D, 0x69AD, 0x71AE, 0x71CE, 0x71CE, 0x71CE, 0x71EE,
    0x60E5, 0x60E5, 0x60E5, 0x60E5, 0x60E5, 0x60E6, 0x60E6, 0x6106, 0x6107, 0x6107, 0x6107, 0x6108, 0x6108, 0x6108, 0x6129, 0x612A,
    0x612A, 0x612B, 0x614B, 0x614C, 0x614C, 0x614C, 0x614C, 0x614C, 0x696D, 0x69AD, 0x71CE, 0x79EF, 0x79EF, 0x7A0F, 0x7A0F, 0x7A0F,
    0x60E4, 0x68E5, 0x6905, 0x6105, 0x6106, 0x6106, 0x6106, 0x6106, 0x6107, 0x6107, 0x6107, 0x6108, 0x6108, 0x6108, 0x6129, 0x612A,
    0x612A, 0x612B, 0x614B, 0x614C, 0x614C, 0x614C, 0x614C, 0x614C, 0x698D, 0x71AE, 0x79EF, 0x7A0F, 0x7A30, 0x8250, 0x8250, 0x8250,
    0x7104, 0x7105, 0x7125, 0x7125, 0x6926, 0x6926, 0x6926, 0x6927, 0x6907, 0x6907, 0x6107, 0x6108, 0x6108, 0x6108, 0x6109, 0x612A,
    0x612A, 0x612B, 0x614B, 0x614C, 0x614C, 0x614C, 0x614C, 0x616C, 0x698D, 0x71EE, 0x7A0F, 0x8250, 0x8270, 0x8271, 0x8A91, 0x8A91,
    0x7944, 0x7945, 0x7945, 0x7945, 0x7946, 0x7946, 0x7947, 0x7147, 0x7127, 0x6927, 0x6928, 0x6928, 0x6128, 0x6129, 0x6129, 0x612A,
    0x612A, 0x612B, 0x612B, 0x614C, 0x614C, 0x614C, 0x614C, 0x696D, 0x71AE, 0x7A0F, 0x8250, 0x8A91, 0x8AB1, 0x8AB1, 0x8AB2, 0x8AB2,
    0x79A5, 0x79A5, 0x79A5, 0x79A5, 0x81A6, 0x81A6, 0x8186, 0x8187, 0x8188, 0x8188, 0x7989, 0x7969, 0x7169, 0x6949, 0x6929, 0x612A,
    0x612A, 0x612B, 0x614B, 0x614C, 0x614C, 0x614C, 0x614C, 0x696D, 0x71CE, 0x8230, 0x8271, 0x8AB2, 0x8AD2, 0x8AF2, 0x92F2, 0x92F2,
    0x7A05, 0x7A05, 0x7A05, 0x8206, 0x8206, 0x89E6, 0x89E6, 0x89E7, 0x91E8, 0x89E8, 0x89E9, 0x89CA, 0x81AA, 0x798A, 0x716A, 0x694A,
    0x694B, 0x614B, 0x614C, 0x614C, 0x614C, 0x614C, 0x696D, 0x698D, 0x71EF, 0x8250, 0x8AB1, 0x92F2, 0x9313, 0x9313, 0x9333, 0x9333,
    0x7A46, 0x7A46, 0x7A46, 0x7A46, 0x8246, 0x8246, 0x8246, 0x8A47, 0x8A47, 0x9228, 0x9A29, 0x9A29, 0x920A, 0x8A0B, 0x81EB, 0x79AC,
    0x718C, 0x696C, 0x696C, 0x696C, 0x616C, 0x696D, 0x696D, 0x71AE, 0x7A0F, 0x8A91, 0x8AF2, 0x9333, 0x9353, 0x9353, 0x9373, 0x9373,
    0x7A86, 0x7A86, 0x7A86, 0x7A86, 0x7AA6, 0x82A6, 0x82A6, 0x82A7, 0x8A87, 0x9287, 0x9A68, 0xA269, 0xA26A, 0x9A6C, 0x924C, 0x8A2D,
    0x81ED, 0x79CD, 0x71AD, 0x698D, 0x696D, 0x696D, 0x698D, 0x71CE, 0x8230, 0x8AB2, 0x9313, 0x9373, 0x9393, 0x9394, 0x93B4, 0x93B4,
    0x7AA6, 0x7AA6, 0x7AC6, 0x7AC6, 0x7AC7, 0x7AC7, 0x7AC7, 0x82C7, 0x82C7, 0x8AC7, 0x92C8, 0x9AC9, 0xA2CA, 0xA2CB, 0x9AAC, 0x9AAD,
    0x928E, 0x8A4E, 0x820E, 0x79CE, 0x71AE, 0x71AE, 0x71CE, 0x79EF, 0x8270, 0x8AF2, 0x9353, 0x93B4, 0x93D4, 0x93F4, 0x93F4, 0x93F4,
    0x7AE7, 0x7AE7, 0x7AE7, 0x7AE7, 0x7B07, 0x7AE7, 0x7AE7, 0x7AE7, 0x8307, 0x8307, 0x8B08, 0x9308, 0x9B09, 0xA30B, 0xA32C, 0xA30E,
    0x9AEF, 0x92CF, 0x8A8F, 0x824F, 0x7A0F, 0x79EF, 0x7A0F, 0x7A30, 0x8AB1, 0x9333, 0x9393, 0x93F4, 0x9414, 0x9434, 0x9434, 0x9434,
    0x7B27, 0x7B27, 0x7B07, 0x7B27, 0x7B27, 0x7B27, 0x7B27, 0x7B27, 0x7B27, 0x8327, 0x8328, 0x8B28, 0x9349, 0x9B6A, 0x9B6B, 0x9B6D,
    0x9B6F, 0x9B50, 0x9330, 0x92F1, 0x8AB1, 0x8271, 0x8271, 0x8A91, 0x8AF2, 0x9373, 0x93D4, 0x9434, 0x9454, 0x9C74, 0x9C74, 0x9C74,
    0x7B68, 0x7B67, 0x7B47, 0x7B47, 0x7B68, 0x7B67, 0x7B67, 0x7B68, 0x7B68, 0x8368, 0x8368, 0x8368, 0x8B69, 0x9389, 0x9BAB, 0x9BAD,
    0x9BCE, 0x9BD0, 0x9BB1, 0x9B91, 0x9352, 0x8B12, 0x8AF2, 0x8B12, 0x9353, 0x93D3, 0x9414, 0x9C74, 0x9C94, 0x9C94, 0x9CB4, 0x9CB4,
    0x7BA8, 0x7BA8, 0x7B88, 0x7B88, 0x7BA8, 0x7BA8, 0x83A8, 0x83A8, 0x83A8, 0x83A8, 0x83A8, 0x83A8, 0x83A8, 0x8BC9, 0x93EA, 0x93EC,
    0x9C0E, 0x9410, 0x9411, 0x9412, 0x93D2, 0x93B2, 0x93B3, 0x93B3, 0x93F4, 0x9434, 0x9474, 0x9C94, 0x9CB4, 0x9CD4, 0x9CD4, 0x9CD4,
    0x83E8, 0x83E8, 0x83E8, 0x83E8, 0x83E8, 0x83E8, 0x83E8, 0x83E8, 0x83E8, 0x83E8, 0x83E8, 0x83E8, 0x83E9, 0x8BE9, 0x8C0A, 0x942B,
    0x944D, 0x946F, 0x9471, 0x9472, 0x9C52, 0x9C33, 0x9433, 0x9454, 0x9474, 0x9C94, 0x9CB4, 0x9CD4, 0x9CF5, 0xA515, 0xA515, 0xA515,
    0x8429, 0x8429, 0x8429, 0x8429, 0x8429, 0x8429, 0x8429, 0x8429, 0x8429, 0x8429, 0x8429, 0x8429, 0x8C29, 0x8C29, 0x8C2A, 0x944B,
    0x946C, 0x948E, 0x94B0, 0x9CB2, 0x9CB3, 0x9CB3, 0x9CB3, 0x9CB4, 0x9CD4, 0x9CD4, 0x9CF5, 0xA515, 0xA535, 0xA555, 0xA555, 0xA555,
    0x846A, 0x846A, 0x846A, 0x846A, 0x846A, 0x846A, 0x8C6A, 0x8469, 0x8449, 0x8449, 0x8449, 0x8C6A, 0x8C6A, 0x8C4A, 0x8C6A, 0x8C8A,
    0x94AC, 0x94AE, 0x94D0, 0x9CF2, 0x9CF3, 0x9CF3, 0x9CF4, 0x9CF4, 0x9D14, 0x9D15, 0xA535, 0xA555, 0xA555, 0xAD75, 0xAD76, 0xAD76,
    0x848A, 0x8C8A, 0x8C8A, 0x8C8A, 0x848A, 0x8C8A, 0x8C8A, 0x8C8A, 0x846A, 0x8C6A, 0x8C6A, 0x8C8A, 0x8C8A, 0x8C8A, 0x8C8A, 0x8CAA,
    0x8CCC, 0x94ED, 0x94F0, 0x9D11, 0x9D13, 0x9D13, 0x9D14, 0x9D34, 0xA535, 0xA555, 0xA555, 0xA575, 0xAD76, 0xAD96, 0xAD96, 0xADB6,
    0x8CAA, 0x8CAA, 0x8CAA, 0x8CAA, 0x8CAA, 0x8CAA, 0x8CAA, 0x8CAA, 0x8CAA, 0x8CAA, 0x8CAA, 0x8CAA, 0x8CAA, 0x8CAA, 0x8CAA, 0x8CCB,
    0x8CEC, 0x950D, 0x950F, 0x9D31, 0x9D33, 0x9D34, 0x9D54, 0x9D54, 0xA555, 0xA555, 0xA575, 0xAD76, 0xAD96, 0xADB6, 0xADB6, 0xB5B6,
    0x8CAA, 0x8CCA, 0x8CCB, 0x8CCB, 0x8CCB, 0x8CCB, 0x8CCB, 0x8CCB, 0x8CCB, 0x8CCB, 0x8CCB, 0x8CCB, 0x8CCB, 0x8CCB, 0x8CEB, 0x8CEB,
    0x950C, 0x952D, 0x954F, 0x9D51, 0x9D53, 0xA554, 0xA554, 0xA555, 0xA575, 0xA575, 0xA576, 0xAD96, 0xADB6, 0xB5B6, 0xB5D6, 0xB5D7,
    0x8CEB, 0x8CEB, 0x8CEB, 0x8CEB, 0x8CEB, 0x8CEB, 0x8CEB, 0x8CEB, 0x8CEB, 0x8CEB, 0x8CEB, 0x8D0B, 0x8D0B, 0x8D0B, 0x8D0B, 0x8D2C,
    0x954D, 0x954E, 0x9D70, 0x9D72, 0xA574, 0xA574, 0xA575, 0xA575, 0xA595, 0xA595, 0xAD96, 0xAD96, 0xADB6, 0xB5D6, 0xB5D7, 0xB5D7,
    0x8D0B, 0x8D0B, 0x8D0B, 0x8D0B, 0x8D0B, 0x8D0B, 0x8D0B, 0x8D0B, 0x8D0B, 0x8D0B, 0x8D0B, 0x8D2B, 0x8D2C, 0x8D4C, 0x8D4C, 0x8D6D,
    0x956E, 0x9590, 0x9D91, 0xA593, 0xA594, 0xA5B5, 0xA5B5, 0xA595, 0xA5B5, 0xADB6, 0xADB6, 0xADB6, 0xADD6, 0xB5D7, 0xB5F7, 0xB5F7,
    0x8D2C, 0x8D2C, 0x8D2C, 0x952C, 0x952C, 0x952C, 0x952C, 0x952C, 0x952C, 0x954C, 0x8D4C, 0x8D4C, 0x956D, 0x956D, 0x956E, 0x958F,
    0x9D90, 0x9DB2, 0xA5B3, 0xA5B4, 0xADB5, 0xADB5, 0xADB5, 0xADB6, 0xADB6, 0xADD6, 0xADD6, 0xADD6, 0xB5D7, 0xB5F7, 0xB5F7, 0xB5F7,
    0x8D4C, 0x954C, 0x954C, 0x954C, 0x954C, 0x954C, 0x954C, 0x954C, 0x956C, 0x956C, 0x958D, 0x958D, 0x958E, 0x958F, 0x9DB0, 0x9DB1,
    0xA5D3, 0xA5D4, 0xADD4, 0xADD5, 0xADD5, 0xADD5, 0xADD6, 0xADD6, 0xADD6, 0xADD6, 0xADD6, 0xB5D7, 0xB5F7, 0xB5F7, 0xB5F7, 0xB5F7,
    0x954C, 0x954C, 0x956C, 0x956C, 0x956C, 0x956C, 0x956C, 0x956C, 0x956C, 0x958D, 0x958D, 0x95AD, 0x95AE, 0x95B0, 0x9DB1, 0xA5D2,
    0xA5D3, 0xA5D4, 0xADD5, 0xADD5, 0xADD5, 0xADD6, 0xADD6, 0xADF6, 0xADD6, 0xADD6, 0xADF6, 0xADF7, 0xB5F7, 0xB5F7, 0xB5F7, 0xB5F7,
    0x956C, 0x956C, 0x956C, 0x956D, 0x956D, 0x956D, 0x956C, 0x958C, 0x958D, 0x958D, 0x95AD, 0x95AE, 0x95CF, 0x9DD0, 0x9DD2, 0xA5D3,
    0xA5D4, 0xA5D4, 0xADD5, 0xADD5, 0xADD5, 0xADD6, 0xADF6, 0xADF6, 0xADF6, 0xADF6, 0xADF6, 0xADF7, 0xADF7, 0xB5F7, 0xB5F7, 0xB5F7,
    0x956C, 0x956C, 0x956C, 0x956C, 0x956D, 0x956D, 0x956C, 0x958C, 0x958D, 0x95AD, 0x95AD, 0x95CE, 0x95CF, 0x9DD1, 0x9DD2, 0xA5D3,
    0xA5D4, 0xA5D4, 0xADD5, 0xADD5, 0xADD5, 0xADF6, 0xADF6, 0xADD6, 0xADF6, 0xADF6, 0xADF6, 0xADF7, 0xADF7, 0xB5F7, 0xB5F7, 0xB5F7,
    0x956C, 0x956C, 0x956C, 0x956C, 0x956C, 0x956C, 0x956C, 0x958C, 0x958D, 0x95AD, 0x95AD, 0x95CE, 0x95CF, 0x95D1, 0x9DD2, 0xA5D3,
    0xA5D4, 0xA5D4, 0xADD5, 0xADD5, 0xADF5, 0xADF6, 0xADF6, 0xADD6, 0xADD6, 0xADD6, 0xADD6, 0xADF7, 0xADF7, 0xB5F7, 0xB5F7, 0xADF7,
    0x60E5, 0x60E5, 0x60E5, 0x60E5, 0x60E6, 0x60E6, 0x60E6, 0x6106, 0x6107, 0x6107, 0x6107, 0x6108, 0x6108, 0x6108, 0x6109, 0x6129,
    0x612A, 0x612B, 0x612B, 0x614C, 0x614C, 0x612C, 0x612C, 0x612C, 0x612C, 0x612C, 0x612C, 0x614C, 0x614C, 0x614C, 0x614C, 0x612C,
    0x60E5, 0x60E5, 0x60E5, 0x60E5, 0x60E6, 0x60E6, 0x60E6, 0x6106, 0x6107, 0x6107, 0x6107, 0x6108, 0x6108, 0x6108, 0x6109, 0x6129,
    0x612A, 0x612B, 0x614B, 0x614C, 0x614C, 0x612C, 0x612C, 0x612C, 0x614C, 0x614C, 0x614C, 0x614C, 0x614C, 0x614C, 0x614C, 0x616C,
    0x60E5, 0x60E5, 0x60E5, 0x60E5, 0x60E6, 0x60E6, 0x60E6, 0x6107, 0x6107, 0x6107, 0x6107, 0x6108, 0x6108, 0x6108, 0x6109, 0x6129,
    0x612A, 0x612B, 0x614B, 0x614C, 0x614C, 0x612C, 0x612C, 0x614C, 0x614C, 0x614C, 0x614C, 0x614C, 0x696D, 0x696D, 0x696D, 0x698D,
    0x60E5, 0x60E5, 0x60E5, 0x60E5, 0x60E6, 0x60E6, 0x60E6, 0x6107, 0x6107, 0x6107, 0x6107, 0x6108, 0x6108, 0x6108, 0x6109, 0x6129,
    0x612A, 0x612B, 0x612B, 0x614C, 0x614C, 0x612C, 0x614C, 0x614C, 0x614C, 0x696D, 0x696D, 0x698D, 0x698D, 0x698D, 0x71AE, 0x71AE,
    0x60E5, 0x60E5, 0x60E5, 0x60E5, 0x60E6, 0x60E6, 0x60E6, 0x6106, 0x6107, 0x6107, 0x6107, 0x6108, 0x6108, 0x6108, 0x6109, 0x6129,
    0x612A, 0x612B, 0x612B, 0x614C, 0x614C, 0x614C, 0x614C, 0x614C, 0x696D, 0x698D, 0x698D, 0x71AE, 0x71AE, 0x71CE, 0x71CE, 0x71CE,
    0x60E5, 0x60E5, 0x60E5, 0x60E5, 0x60E6, 0x60E6, 0x60E6, 0x6106, 0x6107, 0x6107, 0x6107, 0x6108, 0x6108, 0x6108, 0x6109, 0x6129,
    0x612A, 0x612B, 0x612B, 0x614C, 0x614C, 0x612C, 0x614C, 0x614C, 0x696D, 0x69AD, 0x71AE, 0x71CE, 0x79EF, 0x7A0F, 0x7A0F, 0x7A0F,
    0x60E5, 0x60E5, 0x60E5, 0x60E5, 0x60E6, 0x60E6, 0x6106, 0x6106, 0x6107, 0x6107, 0x6107, 0x6108, 0x6108, 0x6108, 0x6109, 0x6129,
    0x612A, 0x612B, 0x614B, 0x614C, 0x614C, 0x612C, 0x614C, 0x614C, 0x698D, 0x71AE, 0x71EE, 0x7A0F, 0x7A2F, 0x8250, 0x8250, 0x8250,
    0x6905, 0x6905, 0x6905, 0x6905, 0x6906, 0x6906, 0x6906, 0x6907, 0x6907, 0x6107, 0x6107, 0x6108, 0x6108, 0x6108, 0x6109, 0x6129,
    0x612A, 0x612B, 0x614B, 0x614C, 0x614C, 0x614C, 0x614C, 0x696D, 0x698D, 0x71CE, 0x7A0F, 0x8250, 0x8270, 0x8A71, 0x8A91, 0x8A91,
    0x7125, 0x7125, 0x7145, 0x7146, 0x7146, 0x7146, 0x7127, 0x7127, 0x6927, 0x6927, 0x6928, 0x6928, 0x6108, 0x6108, 0x6129, 0x612A,
    0x612A, 0x612B, 0x614B, 0x614C, 0x614C, 0x614C, 0x614C, 0x696D, 0x71AE, 0x79EF, 0x8230, 0x8A91, 0x8AB1, 0x8AB1, 0x8AB2, 0x92D2,
    0x7985, 0x7985, 0x7985, 0x8186, 0x8186, 0x8186, 0x8186, 0x8187, 0x8188, 0x7968, 0x7968, 0x7169, 0x7149, 0x6949, 0x6929, 0x612A,
    0x612A, 0x614B, 0x614B, 0x614C, 0x614C, 0x614C, 0x616C, 0x698D, 0x71CE, 0x7A0F, 0x8270, 0x8AB1, 0x92D2, 0x92F2, 0x92F2, 0x92F2,
    0x79E5, 0x81E5, 0x81E5, 0x81E6, 0x89E6, 0x89C6, 0x89C6, 0x89C7, 0x89C8, 0x89C8, 0x89C9, 0x81A9, 0x818A, 0x798A, 0x716A, 0x694A,
    0x694B, 0x614B, 0x614C, 0x614C, 0x614C, 0x614C, 0x696D, 0x698D, 0x79EF, 0x8250, 0x8AB1, 0x92F2, 0x9312, 0x9313, 0x9333, 0x9333,
    0x8226, 0x8246, 0x8246, 0x8246, 0x8246, 0x8A46, 0x8A47, 0x8A47, 0x9228, 0x9228, 0x9A09, 0x9A09, 0x920A, 0x89EB, 0x81CB, 0x79AB,
    0x718C, 0x696C, 0x696C, 0x696D, 0x696D, 0x696D, 0x698D, 0x71AE, 0x7A0F, 0x8A71, 0x92D2, 0x9333, 0x9353, 0x9B53, 0x9B73, 0x9B93,
    0x8286, 0x8286, 0x8286, 0x8286, 0x82A6, 0x8AA7, 0x8A87, 0x8A87, 0x9287, 0x9A88, 0xA268, 0xA269, 0xA26A, 0x9A6B, 0x924C, 0x8A0C,
    0x81ED, 0x79CD, 0x71AD, 0x718D, 0x698D, 0x698D, 0x71AE, 0x71CE, 0x8230, 0x8AB1, 0x9312, 0x9B73, 0x9B93, 0x9BB3, 0x9BB3, 0x9BD4,
    0x82A7, 0x82A6, 0x82A6, 0x82C7, 0x82C7, 0x82C7, 0x82C7, 0x8AC7, 0x8AC7, 0x92C8, 0x9AC8, 0xA2C9, 0xA2CA, 0xA2CB, 0xA2AC, 0x9AAD,
    0x928E, 0x8A4E, 0x820E, 0x79EE, 0x71CE, 0x71AE, 0x71CE, 0x7A0F, 0x8270, 0x92F2, 0x9353, 0x9BB3, 0x9BD4, 0x9BF4, 0x9BF4, 0x9BF4,
    0x82E7, 0x82E7, 0x7AE7, 0x82E7, 0x8307, 0x8307, 0x8307, 0x8307, 0x8B07, 0x8B08, 0x9308, 0x9B09, 0xA309, 0xA30B, 0xAB0C, 0xA30E,
    0xA30F, 0x9ACF, 0x9290, 0x8A6F, 0x822F, 0x7A0F, 0x7A2F, 0x8250, 0x8AB1, 0x9333, 0x9B93, 0x9BF4, 0x9C14, 0x9C34, 0x9C34, 0x9C34,
    0x8327, 0x8327, 0x8307, 0x8327, 0x8327, 0x8327, 0x8327, 0x8327, 0x8327, 0x8328, 0x8B48, 0x9328, 0x9B49, 0xA34A, 0xA36C, 0xA36D,
    0xA36F, 0x9B50, 0x9B30, 0x92F1, 0x92D1, 0x8A91, 0x8A91, 0x8A91, 0x92F2, 0x9373, 0x9BD3, 0x9C34, 0x9C54, 0x9C74, 0x9C74, 0x9C74,
    0x8368, 0x8347, 0x8347, 0x8348, 0x8368, 0x8368, 0x8348, 0x8368, 0x8368, 0x8368, 0x8368, 0x8B68, 0x9369, 0x9B8A, 0xA3AB, 0xA3AD,
    0xA3CE, 0x9BD0, 0x9BB1, 0x9B91, 0x9B52, 0x9332, 0x9312, 0x9312, 0x9353, 0x9BB3, 0x9C14, 0x9C74, 0x9C94, 0x9C94, 0x9CB4, 0x9CB4,
    0x8388, 0x8388, 0x8388, 0x8388, 0x8388, 0x8388, 0x8388, 0x83A8, 0x83A8, 0x83A8, 0x83A8, 0x8BA8, 0x8BA9, 0x93C9, 0x9BCA, 0x9BEC,
    0x9C0D, 0x9C10, 0x9C11, 0x9C12, 0x9BF2, 0x9BD3, 0x9BB3, 0x9BB3, 0x9BF3, 0x9C14, 0x9C54, 0x9C94, 0x9CB4, 0x9CD4, 0x9CD4, 0xA4D4,
    0x83C8, 0x83C8, 0x83C8, 0x83C8, 0x83C9, 0x83C9, 0x83E9, 0x83E9, 0x83E9, 0x83E9, 0x83C8, 0x8BE9, 0x8BE9, 0x8BE9, 0x940A, 0x9C0B,
    0x9C2D, 0x9C4F, 0x9C71, 0x9C72, 0x9C52, 0x9C53, 0x9C33, 0x9C34, 0x9C54, 0x9C74, 0x9CB4, 0x9CD4, 0xA4F5, 0xA515, 0xA515, 0xA515,
    0x8429, 0x8409, 0x8409, 0x8C09, 0x8C29, 0x8C29, 0x8C29, 0x8C29, 0x8C29, 0x8C29, 0x8C29, 0x8C29, 0x8C29, 0x8C29, 0x8C2A, 0x944B,
    0x9C6C, 0x9C8E, 0x9CB0, 0x9CB2, 0x9CB3, 0x9C93, 0x9C93, 0x9CB4, 0x9CB4, 0x9CD4, 0xA4F4, 0xA515, 0xA515, 0xA535, 0xA535, 0xA555,
    0x8C4A, 0x8C4A, 0x8C4A, 0x8C4A, 0x8C4A, 0x8C4A, 0x8C6A, 0x8C6A, 0x8C4A, 0x8C4A, 0x8C4A, 0x8C4A, 0x8C4A, 0x8C4A, 0x8C6A, 0x946B,
    0x948C, 0x9CAE, 0x9CD0, 0x9CF2, 0x9CF3, 0x9CF3, 0x9CF4, 0xA4F4, 0xA4F4, 0xA515, 0xA535, 0xA555, 0xAD55, 0xAD55, 0xAD75, 0xAD76,
    0x8C8A, 0x8C8A, 0x8C8A, 0x8C8A, 0x8C8A, 0x8C8A, 0x8C8A, 0x8C8A, 0x8C8A, 0x8C8A, 0x8C8A, 0x8C8A, 0x8C8A, 0x8C8A, 0x8C8A, 0x94AB,
    0x94CC, 0x9CEE, 0x9CEF, 0x9D11, 0x9D13, 0xA534, 0xA534, 0xA534, 0xA535, 0xA555, 0xAD55, 0xAD76, 0xAD76, 0xAD96, 0xAD96, 0xB5B6,
    0x8CAA, 0x8CAB, 0x8CAB, 0x8CAB, 0x8CAA, 0x8CAB, 0x8CAB, 0x8CAA, 0x8CAA, 0x8CAB, 0x8CAB, 0x8CAB, 0x8CAB, 0x8CAB, 0x8CAB, 0x94CB,
    0x94EC, 0x9D0D, 0x9D0F, 0x9D31, 0xA533, 0xA554, 0xA554, 0xA555, 0xA555, 0xAD75, 0xAD76, 0xAD96, 0xAD96, 0xB5B6, 0xB5B6, 0xB5D6,
    0x8CAA, 0x8CCB, 0x8CCB, 0x8CCB, 0x8CEB, 0x8CCB, 0x8CCB, 0x8CCB, 0x8CCB, 0x8CCB, 0x8CCB, 0x8CEB, 0x94EB, 0x94EB, 0x94EB, 0x94EB,
    0x950C, 0x952D, 0x9D2E, 0x9D51, 0xA553, 0xA554, 0xA575, 0xA575, 0xA575, 0xAD75, 0xAD96, 0xAD96, 0xB5B6, 0xB5D6, 0xB5D7, 0xB5D7,
    0x8CEB, 0x8CEB, 0x8CEB, 0x94EB, 0x950B, 0x94EB, 0x8CEB, 0x8CEB, 0x94EB, 0x94EB, 0x8CEB, 0x950B, 0x950C, 0x950C, 0x950C, 0x952C,
    0x952D, 0x954D, 0x9D4F, 0xA572, 0xA573, 0xAD94, 0xAD95, 0xAD95, 0xAD95, 0xAD96, 0xADB6, 0xADB6, 0xB5D6, 0xB5D7, 0xB5F7, 0xB5F7,
    0x950C, 0x950C, 0x950B, 0x950C, 0x952C, 0x950C, 0x950B, 0x950C, 0x950C, 0x950C, 0x950C, 0x952C, 0x952C, 0x954C, 0x954C, 0x954D,
    0x954D, 0x9D6F, 0x9D71, 0xA593, 0xAD94, 0xADB5, 0xADB5, 0xADB5, 0xADB6, 0xADB6, 0xADB6, 0xB5D6, 0xB5D7, 0xB5F7, 0xB5F7, 0xB5F7,
    0x952C, 0x952C, 0x952C, 0x952C, 0x954C, 0x952C, 0x952C, 0x952C, 0x954C, 0x954C, 0x954C, 0x954C, 0x954D, 0x956D, 0x956E, 0x9D6F,
    0x9D90, 0x9D91, 0xA5B2, 0xADB4, 0xADB5, 0xADB5, 0xADD6, 0xADD6, 0xADD6, 0xADD6, 0xB5D6, 0xB5D7, 0xB5F7, 0xB5F7, 0xB5F7, 0xB5F7,
    0x954C, 0x954C, 0x954C, 0x954C, 0x954C, 0x954C, 0x954C, 0x954C, 0x956C, 0x956D, 0x956D, 0x958D, 0x958D, 0x958E, 0x9D8F, 0x9DB1,
    0xA5B2, 0xA5B3, 0xADD4, 0xADD5, 0xADD5, 0xADD6, 0xB5D6, 0xB5D6, 0xB5D6, 0xB5D6, 0xB5F6, 0xB5F7, 0xB5F7, 0xB5F7, 0xB5F7, 0xB5F7,
    0x956C, 0x956C, 0x956C, 0x956C, 0x9D6D, 0x9D6D, 0x9D6D, 0x956D, 0x956D, 0x958D, 0x958D, 0x95AD, 0x9DAE, 0x9DAF, 0x9DB0, 0xA5D2,
    0xA5D3, 0xADD4, 0xADD5, 0xADD5, 0xADD6, 0xB5D6, 0xB5F6, 0xB5F6, 0xB5F6, 0xB5F6, 0xB5F7, 0xB5F7, 0xB5F7, 0xB5F7, 0xB5F7, 0xB5F7,
    0x956D, 0x956D, 0x956D, 0x9D8D, 0x9D8D, 0x9D8D, 0x9D8D, 0x958D, 0x958D, 0x958D, 0x9DAD, 0x9DAE, 0x9DAF, 0x9DD0, 0x9DD1, 0xA5D3,
    0xADD4, 0xADD4, 0xADD5, 0xADD5, 0xB5F6, 0xB5F6, 0xB5F6, 0xB5F6, 0xB5F6, 0xB5F6, 0xB5F7, 0xB5F7, 0xB5F7, 0xB5F7, 0xB5F7, 0xB5F7,
    0x956D, 0x956D, 0x956D, 0x9D6D, 0x9D6D, 0x9D8D, 0x9D8D, 0x958D, 0x958D, 0x95AD, 0x95AD, 0x95AE, 0x9DCF, 0x9DD0, 0xA5D2, 0xA5D3,
    0xADD4, 0xADD4, 0xADD5, 0xADF5, 0xADF6, 0xADF6, 0xB5F6, 0xB5F6, 0xB5F6, 0xB5F6, 0xB5F6, 0xB5F7, 0xB5F7, 0xB5F7, 0xB5F7, 0xB5F7,
    0x956D, 0x956D, 0x956D, 0x956D, 0x9D6D, 0x9D6D, 0x958D, 0x958D, 0x958D, 0x95AD, 0x95AD, 0x95AE, 0x9DCF, 0x9DD1, 0xA5D2, 0xA5D3,
    0xADD4, 0xADD5, 0xADD5, 0xADF5, 0xADF6, 0xADF6, 0xADF6, 0xADF6, 0xB5F6, 0xB5F6, 0xB5F6, 0xB5F7, 0xB5F7, 0xB5F7, 0xB5F7, 0xB5F7,
    0x60E5, 0x60E5, 0x60E5, 0x60E5, 0x60E6, 0x60E6, 0x60E6, 0x60E6, 0x60E6, 0x6107, 0x6107, 0x6107, 0x6108, 0x6108, 0x6109, 0x6109,
    0x612A, 0x612A, 0x612B, 0x614C, 0x614C, 0x612C, 0x612C, 0x612C, 0x612C, 0x612C, 0x612C, 0x614C, 0x614C, 0x614C, 0x612C, 0x612C,
    0x60E5, 0x60E5, 0x60E5, 0x60E5, 0x60E6, 0x60E6, 0x60E6, 0x6106, 0x6107, 0x6107, 0x6107, 0x6108, 0x6108, 0x6108, 0x6109, 0x6109,
    0x612A, 0x612A, 0x612B, 0x614C, 0x614C, 0x612C, 0x612C, 0x612C, 0x612C, 0x614C, 0x614C, 0x614C, 0x614C, 0x614C, 0x614C, 0x614C,
    0x60E5, 0x60E5, 0x60E5, 0x60E5, 0x60E6, 0x60E6, 0x60E6, 0x6106, 0x6107, 0x6107, 0x6107, 0x6108, 0x6108, 0x6108, 0x6109, 0x6109,
    0x612A, 0x612A, 0x614B, 0x614C, 0x614C, 0x612C, 0x612C, 0x614C, 0x614C, 0x614C, 0x614C, 0x614C, 0x696D, 0x696D, 0x696D, 0x696D,
    0x60E5, 0x60E5, 0x60E5, 0x60E5, 0x60E6, 0x60E6, 0x60E6, 0x6106, 0x6107, 0x6107, 0x6107, 0x6108, 0x6108, 0x6108, 0x6109, 0x6129,
    0x612A, 0x612B, 0x614B, 0x614C, 0x614C, 0x614C, 0x614C, 0x614C, 0x614C, 0x696D, 0x696D, 0x698D, 0x698D, 0x698D, 0x698D, 0x69AD,
    0x60E5, 0x60E5, 0x60E5, 0x60E5, 0x60E6, 0x60E6, 0x60E6, 0x6106, 0x6107, 0x6107, 0x6107, 0x6108, 0x6108, 0x6108, 0x6109, 0x6129,
    0x612A, 0x612B, 0x614B, 0x614C, 0x614C, 0x614C, 0x614C, 0x614C, 0x696D, 0x698D, 0x698D, 0x71AE, 0x71AE, 0x71AE, 0x71CE, 0x71CE,
    0x60E5, 0x60E5, 0x60E5, 0x60E5, 0x60E5, 0x60E6, 0x60E6, 0x6106, 0x6107, 0x6107, 0x6107, 0x6108, 0x6108, 0x6108, 0x6109, 0x6129,
    0x612A, 0x612B, 0x614B, 0x614C, 0x614C, 0x614C, 0x614C, 0x614C, 0x696D, 0x698D, 0x71AE, 0x71CE, 0x79EF, 0x79EF, 0x79EF, 0x7A0F,
    0x60E5, 0x60E5, 0x60E5, 0x60E5, 0x60E5, 0x6106, 0x6106, 0x6106, 0x6107, 0x6107, 0x6107, 0x6108, 0x6108, 0x6108, 0x6109, 0x6129,
    0x612A, 0x614B, 0x614B, 0x614C, 0x614C, 0x614C, 0x614C, 0x696D, 0x698D, 0x71AE, 0x71CE, 0x7A0F, 0x7A0F, 0x8230, 0x8230, 0x8250,
    0x6905, 0x6905, 0x6905, 0x6905, 0x6906, 0x6906, 0x6906, 0x6906, 0x6907, 0x6907, 0x6107, 0x6108, 0x6108, 0x6108, 0x6129, 0x612A,
    0x612A, 0x614B, 0x614B, 0x614C, 0x614C, 0x614C, 0x614C, 0x696D, 0x698D, 0x71CE, 0x7A0F, 0x8250, 0x8250, 0x8A71, 0x8A71, 0x8A91,
    0x7125, 0x7125, 0x7125, 0x7125, 0x7126, 0x7126, 0x7126, 0x7127, 0x6927, 0x6927, 0x6928, 0x6928, 0x6128, 0x6129, 0x6129, 0x612A,
    0x614A, 0x614B, 0x614C, 0x614C, 0x614C, 0x614C, 0x696D, 0x696D, 0x71AE, 0x79EF, 0x8230, 0x8A71, 0x8A91, 0x8AB1, 0x8AB1, 0x92B2,
    0x7985, 0x7985, 0x7985, 0x8185, 0x8186, 0x8166, 0x8166, 0x8167, 0x7968, 0x7968, 0x7968, 0x7169, 0x7149, 0x6949, 0x6949, 0x694A,
    0x694A, 0x694B, 0x694C, 0x694C, 0x696C, 0x616C, 0x696D, 0x698D, 0x71CE, 0x7A0F, 0x8270, 0x8AB1, 0x92D2, 0x92F2, 0x92F2, 0x92F2,
    0x81E5, 0x81E5, 0x81C5, 0x81C6, 0x89C6, 0x89C6, 0x89C6, 0x89C7, 0x89C8, 0x89C8, 0x89A9, 0x81A9, 0x81AA, 0x798A, 0x716A, 0x696A,
    0x696B, 0x694B, 0x696C, 0x696C, 0x696D, 0x696D, 0x698D, 0x71AE, 0x79EF, 0x8250, 0x8AB1, 0x92F2, 0x9312, 0x9312, 0x9333, 0x9B33,
    0x8226, 0x8226, 0x8226, 0x8246, 0x8A46, 0x8A26, 0x8A27, 0x8A27, 0x9228, 0x9208, 0x9A08, 0x9A09, 0x920A, 0x89EB, 0x81CB, 0x79AB,
    0x718C, 0x718C, 0x698C, 0x698D, 0x698D, 0x698D, 0x69AD, 0x71AE, 0x7A0F, 0x8A91, 0x92D2, 0x9333, 0x9B53, 0x9B73, 0x9B73, 0x9B73,
    0x8286, 0x8286, 0x8286, 0x8286, 0x8A87, 0x8A87, 0x8A87, 0x9287, 0x9287, 0x9A68, 0xA268, 0xA269, 0xA26A, 0x9A4B, 0x924C, 0x8A0C,
    0x81ED, 0x79CD, 0x71CD, 0x71AD, 0x71AE, 0x71AE, 0x71CE, 0x79EF, 0x8250, 0x8AB1, 0x9312, 0x9B73, 0x9B93, 0x9BB3, 0x9BB3, 0x9BB3,
    0x82C7, 0x82A7, 0x82A7, 0x82C7, 0x8AC7, 0x8AC7, 0x8AC7, 0x8AC7, 0x92C7, 0x92C8, 0x9AC8, 0xA2C9, 0xA2CA, 0xA2AB, 0xA2AC, 0x9AAD,
    0x928E, 0x8A4E, 0x822E, 0x7A0E, 0x79EE, 0x71EE, 0x79EF, 0x7A0F, 0x8A91, 0x92F2, 0x9B53, 0x9BB3, 0x9BD4, 0x9BF4, 0x9BF4, 0x9C14,
    0x82E7, 0x82E7, 0x82E7, 0x82E7, 0x8307, 0x8307, 0x8307, 0x8B07, 0x8B07, 0x9308, 0x9308, 0x9B09, 0xA30A, 0xAB0B, 0xAB0C, 0xA30D,
    0xA2EF, 0x9ACF, 0x92AF, 0x8A6F, 0x824F, 0x822F, 0x8250, 0x8270, 0x8AB1, 0x9333, 0x9B93, 0x9C14, 0x9C14, 0x9C34, 0x9C34, 0x9C54,
    0x8327, 0x8327, 0x8307, 0x8327, 0x8328, 0x8327, 0x8327, 0x8B27, 0x8B28, 0x8B28, 0x8B28, 0x9349, 0x9B49, 0xA34A, 0xAB6C, 0xA36D,
    0xA36F, 0xA350, 0x9B30, 0x9B11, 0x92D1, 0x8AB1, 0x8AB1, 0x8AB1, 0x9312, 0x9B73, 0x9BD3, 0x9C54, 0x9C54, 0xA474, 0xA474, 0xA494,
    0x8368, 0x8348, 0x8348, 0x8348, 0x8368, 0x8368, 0x8368, 0x8368, 0x8B68, 0x8B68, 0x8B68, 0x9368, 0x9369, 0x9B8A, 0xA3AB, 0xA3AD,
    0xA3CE, 0xA3D0, 0xA3B1, 0xA391, 0x9B72, 0x9B52, 0x9332, 0x9332, 0x9B73, 0x9BD3, 0x9C34, 0xA474, 0xA494, 0xA4B4, 0xA4B4, 0xA4B4,
    0x8388, 0x8388, 0x8388, 0x8388, 0x8B88, 0x8B88, 0x8388, 0x8B88, 0x8B88, 0x8B88, 0x8B88, 0x8BA9, 0x93A9, 0x9BCA, 0x9BCB, 0xA3EC,
    0xA3ED, 0xA410, 0xA411, 0xA412, 0x9BF2, 0x9BD3, 0x9BD3, 0x9BD3, 0x9BF3, 0x9C34, 0x9C74, 0xA4B4, 0xA4D4, 0xA4D5, 0xA4F5, 0xA4F4,
    0x8BC8, 0x8BC8, 0x8BC8, 0x8BC9, 0x8BC9, 0x8BC9, 0x8BC9, 0x8BC9, 0x8BC9, 0x8BC9, 0x8BC9, 0x8BC9, 0x8BE9, 0x93EA, 0x9C0A, 0x9C0B,
    0xA42D, 0xA44F, 0xA471, 0xA472, 0xA472, 0xA453, 0xA453, 0x9C34, 0x9C54, 0x9C74, 0xA4B4, 0xA4D4, 0xA4F5, 0xA515, 0xA515, 0xA515,
    0x8C09, 0x8C09, 0x8C09, 0x8C09, 0x8C09, 0x8C09, 0x8C09, 0x8C09, 0x8C09, 0x8C09, 0x8C09, 0x8C09, 0x8C09, 0x942A, 0x942A, 0x9C4B,
    0x9C4C, 0xA46E, 0xA490, 0xA4B2, 0xA4B3, 0xA4B3, 0xA493, 0xA494, 0xA4B4, 0xA4D4, 0xA4F4, 0xA515, 0xA515, 0xA535, 0xA535, 0xA535,
    0x8C4A, 0x8C4A, 0x8C4A, 0x8C4A, 0x8C4A, 0x8C4A, 0x8C4A, 0x8C4A, 0x8C4A, 0x8C4A, 0x8C4A, 0x8C4A, 0x8C4A, 0x944A, 0x944A, 0x9C6B,
    0x9C8C, 0x9CAE, 0xA4D0, 0xA4D1, 0xA4F2, 0xA4F3, 0xA4F4, 0xA4F4, 0xA4F4, 0xA515, 0xA515, 0xA535, 0xAD55, 0xAD55, 0xAD55, 0xAD75,
    0x8C6A, 0x8C8A, 0x8C8A, 0x8C8A, 0x8C6A, 0x8C8A, 0x8C8A, 0x8C8A, 0x8C8A, 0x8C8A, 0x8C8A, 0x8C8A, 0x948A, 0x948A, 0x948A, 0x948B,
    0x9CAC, 0x9CCD, 0xA4EF, 0xA4F1, 0xA512, 0xA534, 0xA534, 0xA534, 0xA535, 0xA535, 0xAD55, 0xAD75, 0xAD76, 0xAD96, 0xB596, 0xB596,
    0x8CAB, 0x8CAB, 0x94AB, 0x94AB, 0x94AB, 0x94AB, 0x94AB, 0x94AB, 0x94AB, 0x94AB, 0x94AB, 0x94AB, 0x94AB, 0x94AB, 0x94AB, 0x94CB,
    0x9CEC, 0x9D0D, 0x9D0F, 0xA531, 0xA532, 0xA554, 0xAD54, 0xAD55, 0xAD55, 0xAD75, 0xAD76, 0xAD96, 0xB596, 0xB5B6, 0xB5B6, 0xB5D6,
    0x8CCB, 0x94CB, 0x94CB, 0x94CB, 0x94EB, 0x94CB, 0x94CB, 0x94CB, 0x94CB, 0x94CB, 0x94CB, 0x94EB, 0x94EB, 0x94EB, 0x94EB, 0x94EC,
    0x9D0C, 0x9D2D, 0x9D2E, 0xA551, 0xA552, 0xAD74, 0xAD75, 0xAD75, 0xAD75, 0xAD96, 0xAD96, 0xB5B6, 0xB5B6, 0xB5D7, 0xB5D7, 0xB5F7,
    0x94EB, 0x94EB, 0x94EB, 0x950C, 0x950C, 0x94EC, 0x94EB, 0x94EC, 0x94EC, 0x94EC, 0x950C, 0x950C, 0x950C, 0x950C, 0x950C, 0x952C,
    0x9D2D, 0x9D4D, 0x9D4F, 0xA571, 0xA573, 0xAD94, 0xAD95, 0xAD95, 0xAD96, 0xADB6, 0xB5B6, 0xB5B6, 0xB5D7, 0xB5F7, 0xB5F7, 0xBDF7,
    0x950C, 0x950C, 0x950C, 0x952C, 0x952C, 0x952C, 0x950C, 0x950C, 0x950C, 0x950C, 0x952C, 0x952C, 0x952C, 0x9D2C, 0x9D4C, 0x9D4D,
    0x9D4D, 0x9D6E, 0xA570, 0xA592, 0xAD94, 0xAD95, 0xADB5, 0xADB6, 0xB5B6, 0xB5B6, 0xB5D6, 0xB5D7, 0xB5D7, 0xB5F7, 0xB5F7, 0xBDF7,
    0x952C, 0x952C, 0x952C, 0x952C, 0x9D4C, 0x9D4C, 0x954C, 0x9D4C, 0x9D4C, 0x9D4C, 0x954C, 0x9D4D, 0x9D4D, 0x9D6D, 0x9D6E, 0x9D6E,
    0x9D8F, 0xA591, 0xA592, 0xADB3, 0xADB4, 0xADB5, 0xB5D6, 0xB5D6, 0xB5D6, 0xB5D6, 0xB5D6, 0xB5F7, 0xB5F7, 0xB5F7, 0xBDF7, 0xBE17,
    0x954C, 0x954C, 0x954C, 0x9D4C, 0x9D4D, 0x9D4D, 0x9D4D, 0x9D6D, 0x9D6D, 0x9D6D, 0x9D6D, 0x9D8D, 0x9D8E, 0x9D8E, 0x9D8F, 0xA5B1,
    0xA5B2, 0xADB3, 0xADD4, 0xADD5, 0xB5D5, 0xB5D6, 0xB5D6, 0xB5F6, 0xB5F6, 0xB5F6, 0xB5F7, 0xB5F7, 0xB5F7, 0xB5F7, 0xBDF7, 0xBDF7,
    0x9D6D, 0x9D6D, 0x9D6D, 0x9D6D, 0x9D6D, 0x9D6D, 0x9D6D, 0x9D6D, 0x9D6D, 0x9D8D, 0x9D8D, 0x9D8E, 0x9DAE, 0x9DAF, 0x9DB0, 0xA5D2,
    0xADD3, 0xADD4, 0xADD4, 0xADD5, 0xB5D5, 0xB5F6, 0xB5F6, 0xB5F6, 0xB5F6, 0xB5F6, 0xB5F7, 0xB5F7, 0xB5F7, 0xB5F7, 0xB5F7, 0xB5F7,
    0x9D6D, 0x9D6D, 0x9D8D, 0x9D8D, 0x9D8D, 0x9D8D, 0x9D8D, 0x9D8D, 0x9D8D, 0x9D8D, 0x9DAD, 0x9DAE, 0x9DAF, 0x9DB0, 0xA5D1, 0xA5D2,
    0xADD4, 0xADD4, 0xADD5, 0xB5F5, 0xB5F6, 0xB5F6, 0xB5F6, 0xB5F6, 0xB5F6, 0xB5F6, 0xB5F7, 0xB5F7, 0xB5F7, 0xB5F7, 0xB5F7, 0xB5F7,
    0x9D6D, 0x9D8D, 0x9D8D, 0x9D8D, 0x9D8D, 0x9D8D, 0x9D8D, 0x9D8D, 0x9D8D, 0x9DAD, 0x9DAD, 0x9DAE, 0x9DAF, 0x9DD0, 0xA5D1, 0xA5D3,
    0xADD4, 0xADD5, 0xADF5, 0xB5F5, 0xB5F6, 0xB5F6, 0xB5F6, 0xB5F6, 0xB5F6, 0xB5F6, 0xB5F7, 0xB5F7, 0xB5F7, 0xB5F7, 0xB5F7, 0xB5F7,
    0x9D8D, 0x9D6D, 0x9D6D, 0x9D8D, 0x9D8D, 0x9D8D, 0x9D8D, 0x9D8D, 0x9D8D, 0x9DAD, 0x9DAD, 0x9DAE, 0x9DCF, 0x9DD0, 0xA5D2, 0xA5D3,
    0xADD4, 0xADD5, 0xADF5, 0xADF5, 0xB5F6, 0xB5F6, 0xB5F6, 0xB5F6, 0xB5F6, 0xB5F6, 0xB5F7, 0xB5F7, 0xB5F7, 0xB5F7, 0xB5F7, 0xB5F7,
    0x60E4, 0x60E5, 0x60E5, 0x60E5, 0x60E5, 0x60E6, 0x60E6, 0x60E6, 0x60E6, 0x60E7, 0x6107, 0x6107, 0x6108, 0x6108, 0x6109, 0x6109,
    0x612A, 0x612A, 0x612B, 0x614C, 0x614C, 0x612C, 0x612C, 0x612C, 0x612C, 0x612C, 0x612C, 0x614C, 0x614C, 0x612C, 0x612C, 0x612C,
    0x60E4, 0x60E5, 0x60E5, 0x60E5, 0x60E5, 0x60E6, 0x60E6, 0x60E6, 0x60E6, 0x6107, 0x6107, 0x6107, 0x6108, 0x6108, 0x6109, 0x6109,
    0x612A, 0x612A, 0x612B, 0x614C, 0x614C, 0x614C, 0x612C, 0x612C, 0x612C, 0x614C, 0x614C, 0x614C, 0x614C, 0x614C, 0x614C, 0x614C,
    0x60E4, 0x60E5, 0x60E5, 0x60E5, 0x60E5, 0x60E5, 0x60E6, 0x6106, 0x6106, 0x6107, 0x6107, 0x6107, 0x6108, 0x6108, 0x6109, 0x6109,
    0x612A, 0x612A, 0x612B, 0x614C, 0x614C, 0x614C, 0x614C, 0x614C, 0x614C, 0x614C, 0x614C, 0x614C, 0x614C, 0x696D, 0x696D, 0x696D,
    0x60E4, 0x60E5, 0x60E5, 0x60E5, 0x60E5, 0x60E6, 0x60E6, 0x6106, 0x6107, 0x6107, 0x6107, 0x6107, 0x6108, 0x6108, 0x6109, 0x6129,
    0x612A, 0x612A, 0x614B, 0x614C, 0x614C, 0x614C, 0x614C, 0x614C, 0x614C, 0x696D, 0x696D, 0x698D, 0x698D, 0x698D, 0x698D, 0x69AD,
    0x60E4, 0x60E5, 0x60E5, 0x60E5, 0x60E5, 0x60E6, 0x60E6, 0x6106, 0x6107, 0x6107, 0x6107, 0x6108, 0x6108, 0x6108, 0x6129, 0x6129,
    0x612A, 0x614B, 0x614B, 0x614C, 0x614C, 0x614C, 0x614C, 0x614C, 0x696D, 0x698D, 0x698D, 0x71AE, 0x71AE, 0x71AE, 0x71CE, 0x71CE,
    0x60E4, 0x60E5, 0x60E5, 0x60E5, 0x60E5, 0x60E6, 0x6106, 0x6106, 0x6107, 0x6107, 0x6107, 0x6108, 0x6108, 0x6128, 0x6129, 0x6129,
    0x612A, 0x614B, 0x694C, 0x694C, 0x696C, 0x616C, 0x614C, 0x614C, 0x696D, 0x698D, 0x71AE, 0x71CE, 0x71CE, 0x79EF, 0x79EF, 0x7A0F,
    0x68E4, 0x68E5, 0x68E5, 0x60E5, 0x6105, 0x6106, 0x6106, 0x6906, 0x6907, 0x6107, 0x6107, 0x6108, 0x6108, 0x6128, 0x6129, 0x612A,
    0x694A, 0x694B, 0x694C, 0x696C, 0x696D, 0x696D, 0x696D, 0x696D, 0x698D, 0x71AE, 0x71CE, 0x79EF, 0x7A0F, 0x7A0F, 0x7A2F, 0x8230,
    0x6905, 0x7105, 0x7105, 0x6905, 0x6905, 0x6906, 0x6926, 0x6906, 0x6907, 0x6907, 0x6907, 0x6928, 0x6928, 0x6929, 0x6929, 0x692A,
    0x694A, 0x694B, 0x694C, 0x696C, 0x696D, 0x696D, 0x696D, 0x696D, 0x698D, 0x71CE, 0x7A0F, 0x8230, 0x8250, 0x8270, 0x8270, 0x8A71,
    0x7125, 0x7125, 0x7925, 0x7125, 0x7125, 0x7126, 0x7146, 0x7127, 0x7127, 0x6927, 0x6928, 0x6928, 0x6928, 0x6949, 0x6949, 0x694A,
    0x694B, 0x694B, 0x696C, 0x696D, 0x696D, 0x696D, 0x696D, 0x696D, 0x71AE, 0x79EF, 0x8230, 0x8A71, 0x8A91, 0x8AB1, 0x8AB1, 0x8AB1,
    0x7985, 0x7985, 0x7965, 0x8165, 0x8165, 0x8166, 0x8166, 0x8167, 0x7967, 0x7968, 0x7968, 0x7969, 0x7169, 0x7169, 0x714A, 0x694A,
    0x696B, 0x696B, 0x696C, 0x696D, 0x696D, 0x696D, 0x698D, 0x698D, 0x71CE, 0x7A2F, 0x8270, 0x8AB1, 0x92D2, 0x92D2, 0x92F2, 0x92F2,
    0x79C5, 0x81C5, 0x81C5, 0x81C5, 0x89A6, 0x89C6, 0x89C6, 0x89A7, 0x89A8, 0x89A8, 0x89A9, 0x81A9, 0x81AA, 0x798A, 0x718A, 0x718B,
    0x716B, 0x716C, 0x696C, 0x698D, 0x698D, 0x698D, 0x698D, 0x71AE, 0x79EF, 0x8250, 0x8AB1, 0x92F2, 0x9312, 0x9312, 0x9332, 0x9B33,
    0x8226, 0x8226, 0x8226, 0x8226, 0x8A26, 0x8A26, 0x8A27, 0x8A27, 0x9227, 0x9208, 0x9A08, 0x9A09, 0x920A, 0x89EB, 0x81EB, 0x79CC,
    0x79AC, 0x71AC, 0x71AD, 0x71AD, 0x71AD, 0x71AE, 0x71AE, 0x71CE, 0x7A2F, 0x8A91, 0x92D2, 0x9332, 0x9B53, 0x9B53, 0x9B73, 0x9B73,
    0x8286, 0x8286, 0x8286, 0x8286, 0x8A87, 0x8A87, 0x8A87, 0x9287, 0x9267, 0x9A68, 0xA248, 0xA269, 0xA26A, 0x9A4B, 0x924C, 0x8A2C,
    0x820D, 0x81ED, 0x79CD, 0x79CE, 0x71CE, 0x71CE, 0x79EF, 0x7A0F, 0x8250, 0x92D2, 0x9332, 0x9B73, 0x9B93, 0x9BB3, 0x9BB3, 0x9BB3,
    0x82C7, 0x82C7, 0x82A7, 0x8AC7, 0x8AC7, 0x8AC7, 0x8AC7, 0x8AC7, 0x92C7, 0x9AA8, 0x9AA8, 0xA2A9, 0xA2AA, 0xA2AB, 0xA2AC, 0x9AAD,
    0x928E, 0x8A4E, 0x8A2E, 0x820E, 0x7A0F, 0x7A0F, 0x7A2F, 0x8250, 0x8AB1, 0x9312, 0x9B73, 0x9BD3, 0x9BD3, 0x9BF4, 0x9BF4, 0x9C14,
    0x8B07, 0x8AE7, 0x8AE7, 0x8AE7, 0x8B07, 0x8B07, 0x8B07, 0x8B07, 0x9308, 0x92E8, 0x9AE8, 0xA2E9, 0xAB0A, 0xAB0B, 0xAB0C, 0xAB0D,
    0xA2EE, 0x9ACF, 0x92AF, 0x8A8F, 0x8270, 0x8250, 0x8270, 0x8A91, 0x92F2, 0x9B53, 0x9BB3, 0xA414, 0xA434, 0xA434, 0xA454, 0xA454,
    0x8B28, 0x8B27, 0x8B27, 0x8B28, 0x8B28, 0x8B28, 0x8B28, 0x8B28, 0x8B28, 0x9328, 0x9328, 0x9B49, 0xA34A, 0xAB6B, 0xAB6C, 0xAB6D,
    0xA34E, 0xA34F, 0x9B50, 0x9B11, 0x92F1, 0x92D1, 0x92D1, 0x92F2, 0x9332, 0x9B93, 0x9BF4, 0xA454, 0xA474, 0xA474, 0xA494, 0xA494,
    0x8B48, 0x8B48, 0x8B48, 0x8B68, 0x8B68, 0x8B68, 0x8B68, 0x8B68, 0x8B68, 0x8B68, 0x9368, 0x9369, 0x9B89, 0xA38A, 0xABAB, 0xABAD,
    0xABAE, 0xA3D0, 0xA3B1, 0xA391, 0x9B72, 0x9B52, 0x9B52, 0x9B53, 0x9B93, 0x9BF4, 0xA434, 0xA494, 0xA4B4, 0xA4B4, 0xA4B4, 0xA4D4,
    0x8B88, 0x8B88, 0x8B88, 0x8B88, 0x8B88, 0x8B88, 0x8B88, 0x8B88, 0x8B88, 0x8B88, 0x8B88, 0x93A9, 0x93A9, 0x9BCA, 0xA3CB, 0xA3CC,
    0xABEE, 0xA410, 0xA431, 0xA412, 0xA3F2, 0xA3F3, 0x9BD3, 0x9BD3, 0x9BF3, 0xA434, 0xA474, 0xA4B4, 0xA4D4, 0xA4F5, 0xA4F5, 0xA4F5,
    0x8BC9, 0x8BC9, 0x8BC9, 0x8BC9, 0x8BC9, 0x8BC9, 0x8BC9, 0x8BC9, 0x8BC9, 0x8BC9, 0x8BC9, 0x93C9, 0x93E9, 0x9BEA, 0x9C0A, 0xA40B,
    0xA42D, 0xA44F, 0xA450, 0xA472, 0xA472, 0xA453, 0xA453, 0xA434, 0xA454, 0xA494, 0xA4B4, 0xA4D4, 0xA4F5, 0xAD15, 0xA515, 0xA515,
    0x8BE9, 0x8BE9, 0x8BE9, 0x8C09, 0x8C09, 0x8C09, 0x8C09, 0x8C09, 0x8C09, 0x8C09, 0x8C09, 0x8C09, 0x9409, 0x942A, 0x9C2A, 0xA42B,
    0xA44C, 0xA46E, 0xA48F, 0xA4B1, 0xA4B2, 0xA4B3, 0xA4B4, 0xA4B4, 0xA4B4, 0xA4D4, 0xA4F5, 0xA4F5, 0xAD15, 0xAD35, 0xAD35, 0xAD35,
    0x8C2A, 0x8C2A, 0x8C29, 0x8C2A, 0x8C4A, 0x8C4A, 0x8C4A, 0x8C4A, 0x944A, 0x944A, 0x8C4A, 0x944A, 0x944A, 0x944A, 0x944A, 0x9C6B,
    0xA46C, 0xA48D, 0xA4AF, 0xA4D1, 0xA4F2, 0xA4F3, 0xA4F4, 0xA4F4, 0xA4F4, 0xA4F5, 0xA515, 0xAD35, 0xAD35, 0xAD55, 0xAD55, 0xAD55,
    0x8C6A, 0x946A, 0x946A, 0x946A, 0x946A, 0x948A, 0x948B, 0x948A, 0x948A, 0x946A, 0x946A, 0x946A, 0x946A, 0x946A, 0x946B, 0x9C8B,
    0x9CAC, 0xA4CD, 0xA4CF, 0xA4F1, 0xA512, 0xA533, 0xAD34, 0xAD34, 0xAD35, 0xA535, 0xAD35, 0xAD55, 0xAD75, 0xAD76, 0xB596, 0xB596,
    0x94AB, 0x94AB, 0x94AB, 0x94AB, 0x94AB, 0x94AB, 0x94AB, 0x94AB, 0x94AB, 0x94AB, 0x94AB, 0x94AB, 0x94AB, 0x94AB, 0x94AB, 0x9CCB,
    0x9CCC, 0xA4ED, 0xA50F, 0xA511, 0xA532, 0xAD54, 0xAD54, 0xAD55, 0xAD55, 0xAD55, 0xAD75, 0xAD76, 0xB596, 0xB5B6, 0xB5B6, 0xB5B6,
    0x94CB, 0x94CB, 0x94CB, 0x94CB, 0x94EB, 0x94CB, 0x94CB, 0x94CB, 0x94CB, 0x94CB, 0x94CB, 0x94CB, 0x94CB, 0x94CB, 0x9CEC, 0x9CEC,
    0x9D0C, 0xA52D, 0xA52F, 0xA551, 0xAD52, 0xAD74, 0xAD75, 0xAD75, 0xAD96, 0xAD96, 0xB596, 0xB5B6, 0xB5B6, 0xB5D7, 0xB5D7, 0xBDF7,
    0x94EC, 0x94EC, 0x94EC, 0x950C, 0x950C, 0x950C, 0x94EC, 0x94EC, 0x9CEC, 0x9D0C, 0x9D0C, 0x9D0C, 0x9D0C, 0x9D0C, 0x9D0C, 0x9D2C,
    0x9D2D, 0xA54E, 0xA54F, 0xA571, 0xAD73, 0xAD94, 0xAD95, 0xB5B6, 0xB5B6, 0xB5B6, 0xB5B6, 0xB5D6, 0xB5D7, 0xBDF7, 0xBDF7, 0xBE17,
    0x950C, 0x950C, 0x9D0C, 0x9D2C, 0x9D2C, 0x9D2C, 0x9D2C, 0x9D0C, 0x9D0C, 0x9D2C, 0x9D2C, 0x9D2C, 0x9D2C, 0x9D2C, 0x9D4D, 0x9D4D,
    0xA56E, 0xA56F, 0xA570, 0xA592, 0xAD93, 0xAD94, 0xADB5, 0xB5D6, 0xB5D6, 0xB5D6, 0xB5D6, 0xB5D7, 0xB5F7, 0xBDF7, 0xBE17, 0xBE17,
    0x9D2C, 0x9D2C, 0x9D2C, 0x9D4C, 0x9D4C, 0x9D4C, 0x9D4C, 0x9D4C, 0x9D4C, 0x9D4D, 0x9D4D, 0x9D4D, 0x9D4D, 0x9D6D, 0x9D6E, 0xA56E,
    0xA58F, 0xA591, 0xAD92, 0xADB3, 0xADB4, 0xADB5, 0xB5D6, 0xB5D6, 0xB5D6, 0xB5D6, 0xB5F7, 0xB5F7, 0xBDF7, 0xBE17, 0xBE17, 0xBE17,
    0x9D4C, 0x9D4D, 0x9D4D, 0x9D4D, 0x9D4D, 0x9D4D, 0x9D6D, 0x9D6D, 0x9D6D, 0x9D6D, 0x9D6D, 0x9D6D, 0x9D8E, 0xA58E, 0xA58F, 0xA5B0,
    0xA5B1, 0xADB2, 0xADB3, 0xADD4, 0xB5D5, 0xB5D6, 0xB5F6, 0xB5F6, 0xB5F7, 0xB5F7, 0xB5F7, 0xB5F7, 0xBDF7, 0xBE17, 0xBE17, 0xBE17,
    0x9D6D, 0x9D6D, 0x9D6D, 0x9D6D, 0x9D6D, 0x9D6D, 0x9D6D, 0x9D6D, 0x9D8D, 0x9D8D, 0x9D8D, 0x9D8E, 0xA58E, 0xA5AF, 0xA5B0, 0xA5B1,
    0xADD2, 0xADD3, 0xADD4, 0xB5D5, 0xB5D5, 0xB5F6, 0xB5F6, 0xB5F6, 0xB5F7, 0xB5F7, 0xB5F7, 0xB5F7, 0xBDF7, 0xBDF7, 0xBDF7, 0xBDF7,
    0x9D8D, 0x9D8D, 0x9D8D, 0x9D6D, 0x9D6D, 0x9D8D, 0x9D8D, 0x9D8D, 0xA58D, 0x9D8D, 0x9DAE, 0x9DAE, 0xA5AF, 0xA5B0, 0xA5D1, 0xADD2,
    0xADD3, 0xADF4, 0xB5F5, 0xB5F5, 0xB5F6, 0xB5F6, 0xB5F6, 0xB5F6, 0xB5F7, 0xB5F7, 0xB5F7, 0xB5F7, 0xB5F7, 0xB5F7, 0xBDF7, 0xBDF7,
    0x9D8D, 0x9D8D, 0x9D8D, 0x9D8D, 0x9D8D, 0x9D8D, 0x9D8D, 0x9D8D, 0x9D8D, 0x9DAD, 0x9DAE, 0x9DAE, 0x9DAF, 0xA5D0, 0xA5D1, 0xADD2,
    0xADD4, 0xADF4, 0xB5F5, 0xB5F5, 0xB5F6, 0xB5F6, 0xB5F6, 0xB5F6, 0xB5F7, 0xB5F7, 0xB5F7, 0xB5F7, 0xB5F7, 0xB5F7, 0xB5F7, 0xB5F7,
    0x9D6D, 0x9D8D, 0x9D8D, 0x9D8D, 0x9D8D, 0x9D8D, 0x9D8D, 0x9D8D, 0x9D8D, 0x9DAD, 0x9DAE, 0x9DAE, 0x9DAF, 0xA5D0, 0xA5D1, 0xA5D3,
    0xADD4, 0xADD5, 0xADF5, 0xB5F6, 0xB5F6, 0xB5F6, 0xB5F6, 0xB5F6, 0xB5F7, 0xB5F7, 0xB5F7, 0xB5F7, 0xB5F7, 0xB5F7, 0xB5F7, 0xB5F7,
    0x60E4, 0x60E4, 0x60E4, 0x60E5, 0x60E5, 0x60E5, 0x60E5, 0x60E6, 0x60E6, 0x60E6, 0x6107, 0x6107, 0x6108, 0x6108, 0x6108, 0x6109,
    0x6109, 0x612A, 0x612B, 0x614C, 0x614C, 0x614C, 0x612C, 0x612C, 0x612C, 0x612C, 0x612C, 0x614C, 0x614C, 0x612C, 0x612C, 0x612C,
    0x60E4, 0x60E4, 0x60E4, 0x60E4, 0x60E5, 0x60E5, 0x60E5, 0x60E6, 0x60E6, 0x6107, 0x6107, 0x6107, 0x6108, 0x6108, 0x6108, 0x6109,
    0x612A, 0x612A, 0x612B, 0x614C, 0x614C, 0x614C, 0x614C, 0x614C, 0x614C, 0x614C, 0x614C, 0x614C, 0x614C, 0x614C, 0x614C, 0x614C,
    0x60E4, 0x60E4, 0x60E4, 0x60E4, 0x60E5, 0x60E5, 0x60E5, 0x60E6, 0x6106, 0x6107, 0x6107, 0x6107, 0x6108, 0x6108, 0x6108, 0x6109,
    0x612A, 0x612A, 0x614B, 0x614C, 0x614C, 0x614C, 0x614C, 0x614C, 0x614C, 0x614C, 0x614C, 0x614C, 0x614C, 0x696D, 0x696D, 0x696D,
    0x60E4, 0x60E4, 0x60E4, 0x60E4, 0x60E5, 0x60E5, 0x60E5, 0x6106, 0x6106, 0x6107, 0x6107, 0x6107, 0x6108, 0x6108, 0x6129, 0x6129,
    0x612A, 0x614B, 0x614B, 0x694C, 0x696C, 0x616C, 0x614C, 0x614C, 0x616C, 0x696D, 0x696D, 0x698D, 0x698D, 0x698D, 0x698D, 0x698D,
    0x60E4, 0x60E4, 0x60E4, 0x60E5, 0x60E5, 0x6105, 0x6106, 0x6106, 0x6106, 0x6107, 0x6107, 0x6107, 0x6108, 0x6928, 0x6929, 0x6129,
    0x612A, 0x694B, 0x694C, 0x696C, 0x696D, 0x696D, 0x696D, 0x696D, 0x696D, 0x698D, 0x698D, 0x71AE, 0x71AE, 0x71AE, 0x71AE, 0x71CE,
    0x6904, 0x68E4, 0x68E4, 0x6905, 0x6905, 0x6905, 0x6906, 0x6906, 0x6906, 0x6907, 0x6907, 0x6928, 0x6928, 0x6929, 0x6929, 0x694A,
    0x694A, 0x694B, 0x696C, 0x696C, 0x696D, 0x696D, 0x696D, 0x696D, 0x698D, 0x71AE, 0x71AE, 0x71CE, 0x71CE, 0x79EF, 0x79EF, 0x79EF,
    0x6904, 0x6904, 0x6904, 0x6905, 0x6905, 0x6905, 0x6906, 0x6906, 0x6927, 0x6927, 0x6927, 0x6928, 0x6928, 0x6949, 0x6949, 0x694A,
    0x694B, 0x696B, 0x696C, 0x698D, 0x698D, 0x698D, 0x698D, 0x698D, 0x698D, 0x71AE, 0x79EF, 0x7A0F, 0x7A0F, 0x7A0F, 0x7A2F, 0x8230,
    0x7124, 0x7124, 0x7124, 0x7125, 0x7125, 0x7125, 0x7126, 0x7126, 0x7127, 0x7127, 0x7128, 0x6948, 0x6948, 0x6949, 0x714A, 0x696A,
    0x696B, 0x696C, 0x698C, 0x718D, 0x698D, 0x698D, 0x698D, 0x698D, 0x71AE, 0x71CE, 0x7A0F, 0x8250, 0x8250, 0x8270, 0x8270, 0x8270,
    0x7144, 0x7144, 0x7145, 0x7945, 0x7945, 0x7945, 0x7946, 0x7946, 0x7947, 0x7947, 0x7148, 0x7148, 0x7149, 0x7169, 0x716A, 0x716A,
    0x716B, 0x718C, 0x718D, 0x718D, 0x71AD, 0x71AE, 0x71AE, 0x71AE, 0x71CE, 0x7A0F, 0x8250, 0x8A71, 0x8A91, 0x8AB1, 0x8AB1, 0x8AB1,
    0x7985, 0x7985, 0x7985, 0x7985, 0x8185, 0x8186, 0x8186, 0x8186, 0x8187, 0x8188, 0x8188, 0x8189, 0x7989, 0x798A, 0x798A, 0x718B,
    0x718B, 0x718C, 0x71AD, 0x71AD, 0x71AE, 0x71CE, 0x71CE, 0x71CE, 0x79EF, 0x8230, 0x8270, 0x8AB1, 0x92D2, 0x92D2, 0x92D2, 0x92D2,
    0x79C5, 0x79C5, 0x81C5, 0x81C5, 0x81C5, 0x89C6, 0x89C6, 0x89C7, 0x89C7, 0x89C8, 0x89C8, 0x89C9, 0x89CA, 0x81AA, 0x81AB, 0x79AB,
    0x79AC, 0x79AC, 0x79AD, 0x79CD, 0x71CE, 0x71CE, 0x79EE, 0x79EF, 0x7A2F, 0x8270, 0x8AB1, 0x92F2, 0x9312, 0x9312, 0x9312, 0x9332,
    0x8226, 0x8226, 0x8226, 0x8226, 0x8226, 0x8A26, 0x8A26, 0x8A27, 0x9227, 0x9208, 0x9A08, 0x9A09, 0x9A0A, 0x920B, 0x89EB, 0x81EC,
    0x81EC, 0x81ED, 0x79ED, 0x79EE, 0x79EE, 0x79EF, 0x7A0F, 0x7A2F, 0x8250, 0x8A91, 0x92F2, 0x9B33, 0x9B53, 0x9B53, 0x9B53, 0x9B53,
    0x8286, 0x8286, 0x8286, 0x8286, 0x8A86, 0x8A87, 0x8A87, 0x8A87, 0x9267, 0x9A68, 0xA268, 0xA269, 0xA26A, 0x9A4B, 0x9A4C, 0x924C,
    0x8A2D, 0x8A2D, 0x820E, 0x822E, 0x822F, 0x822F, 0x8230, 0x8250, 0x8A91, 0x92D2, 0x9332, 0x9B73, 0x9B93, 0x9BB3, 0x9BB3, 0x9BB3,
    0x8AC7, 0x8AC7, 0x8AA7, 0x8AA7, 0x8AC7, 0x8AC7, 0x8AC7, 0x8AC7, 0x92A7, 0x92A8, 0x9AA8, 0xA2A9, 0xAAAA, 0xA2AB, 0xA2AC, 0xA2AD,
    0x9AAE, 0x928E, 0x926F, 0x8A6F, 0x8A4F, 0x8270, 0x8A70, 0x8A91, 0x8AD1, 0x9312, 0x9B73, 0x9BD3, 0x9BD3, 0x9BF3, 0x9BF3, 0xA414,
    0x8B07, 0x8AE7, 0x8AE7, 0x8AE7, 0x8AE7, 0x8AE7, 0x8B07, 0x8B07, 0x9308, 0x92E8, 0x9AE8, 0xA2E9, 0xAB0A, 0xAB0B, 0xAB0C, 0xAB0D,
    0xA30E, 0x9AEF, 0x9AD0, 0x92B0, 0x8AB0, 0x8AB1, 0x8AB1, 0x92D2, 0x9312, 0x9B73, 0x9BB3, 0xA414, 0xA414, 0xA434, 0xA454, 0xA454,
    0x8B28, 0x8B28, 0x8B28, 0x8B28, 0x8B28, 0x8B28, 0x8B28, 0x8B28, 0x9328, 0x9328, 0x9328, 0x9B29, 0xA34A, 0xAB4B, 0xAB6C, 0xAB6D,
    0xA36E, 0xA36F, 0xA350, 0x9B31, 0x9B11, 0x9311, 0x9312, 0x9332, 0x9B73, 0x9BB3, 0xA3F4, 0xA454, 0xA474, 0xA474, 0xA494, 0xA494,
    0x8B48, 0x8B68, 0x8B68, 0x8B68, 0x8B68, 0x8B68, 0x8B68, 0x8B68, 0x9368, 0x9368, 0x9369, 0x9B69, 0x9B8A, 0xA38A, 0xABAB, 0xABAD,
    0xABAE, 0xA3CF, 0xA3B0, 0xA3B1, 0xA392, 0x9B72, 0x9B73, 0x9B93, 0x9BD3, 0xA3F4, 0xA434, 0xA494, 0xA494, 0xA4B4, 0xA4B4, 0xA4B4,
    0x8B88, 0x8B88, 0x8B88, 0x8B88, 0x8B88, 0x8B88, 0x8BA8, 0x8B88, 0x8B88, 0x9388, 0x9389, 0x93A9, 0x9BAA, 0xA3CA, 0xA3CB, 0xABEC,
    0xABEE, 0xA40F, 0xA411, 0xA411, 0xA412, 0xA3F3, 0xA3F3, 0xA413, 0xA434, 0xA454, 0xA474, 0xA4B4, 0xA4D4, 0xACF5, 0xACF5, 0xA4F5,
    0x8BC9, 0x8BC9, 0x8BC9, 0x8BC9, 0x8BC9, 0x8BC9, 0x93C9, 0x8BC9, 0x8BC9, 0x93C9, 0x93C9, 0x93C9, 0x9BEA, 0x9BEA, 0xA40B, 0xA40C,
    0xAC2D, 0xA44F, 0xA450, 0xA471, 0xA472, 0xA473, 0xA473, 0xA454, 0xA474, 0xA494, 0xA4B4, 0xA4D4, 0xACF5, 0xAD15, 0xAD15, 0xAD15,
    0x8BE9, 0x8BE9, 0x93E9, 0x93E9, 0x9409, 0x9409, 0x9409, 0x9409, 0x9409, 0x9409, 0x9409, 0x940A, 0x940A, 0x9C2A, 0x9C2B, 0xA42B,
    0xA44D, 0xA46E, 0xA490, 0xA4B1, 0xA4B3, 0xA4B3, 0xA4B4, 0xA4B4, 0xA4B4, 0xA4D4, 0xA4F5, 0xAD15, 0xAD15, 0xAD35, 0xAD35, 0xAD35,
    0x942A, 0x942A, 0x942A, 0x942A, 0x942A, 0x942A, 0x944A, 0x942A, 0x942A, 0x942A, 0x942A, 0x942A, 0x944A, 0x9C4A, 0x9C4B, 0xA46B,
    0xA46C, 0xA48E, 0xA4AF, 0xACD1, 0xACF2, 0xACF3, 0xACF4, 0xACF4, 0xACF4, 0xAD15, 0xAD15, 0xAD35, 0xAD35, 0xAD55, 0xAD55, 0xAD55,
    0x944A, 0x946A, 0x946A, 0x946A, 0x946A, 0x946A, 0x946B, 0x946A, 0x946A, 0x946A, 0x946A, 0x946A, 0x946B, 0x9C6B, 0x9C8B, 0xA48C,
    0xA4AC, 0xA4CE, 0xA4CF, 0xACF1, 0xAD12, 0xAD33, 0xAD34, 0xAD34, 0xAD35, 0xAD35, 0xAD55, 0xAD55, 0xAD55, 0xB576, 0xB596, 0xB596,
    0x948B, 0x948B, 0x94AB, 0x94AB, 0x94AB, 0x94AB, 0x94AB, 0x94AB, 0x94AB, 0x94AB, 0x94AB, 0x94AB, 0x9CAB, 0x9CAB, 0x9CAC, 0xA4CC,
    0xA4CD, 0xA4EE, 0xA50F, 0xAD11, 0xAD32, 0xAD53, 0xAD54, 0xAD55, 0xAD55, 0xAD55, 0xAD76, 0xAD76, 0xB596, 0xB596, 0xB5B6, 0xB5B6,
    0x94CB, 0x94CB, 0x9CCB, 0x9CCC, 0x9CCC, 0x9CCB, 0x9CCB, 0x9CCB, 0x9CCC, 0x9CCC, 0x9CCC, 0x9CCC, 0x9CCC, 0x9CCC, 0x9CEC, 0xA4EC,
    0xA50D, 0xA50E, 0xA52F, 0xAD31, 0xAD52, 0xAD53, 0xAD74, 0xAD75, 0xB596, 0xB596, 0xB596, 0xB5B6, 0xB5B6, 0xB5D7, 0xB5D7, 0xBDD7,
    0x9CEC, 0x9CEC, 0x9CEC, 0x9D0C, 0x9D0C, 0x9D0C, 0x9CEC, 0x9CEC, 0x9CEC, 0x9D0C, 0x9D0C, 0x9D0C, 0x9D0C, 0x9D0C, 0x9D0C, 0xA52D,
    0xA52D, 0xA54E, 0xA54F, 0xAD51, 0xAD72, 0xAD73, 0xAD94, 0xB595, 0xB5B6, 0xB5B6, 0xB5B6, 0xB5D6, 0xB5D7, 0xBDF7, 0xBDF7, 0xBDF7,
    0x9D0C, 0x9D0C, 0x9D2C, 0x9D2C, 0x9D2C, 0x9D2C, 0x9D2C, 0x9D2C, 0x9D2C, 0x9D2C, 0x9D2C, 0x9D2D, 0x9D2D, 0xA52D, 0xA54D, 0xA54D,
    0xA54E, 0xA56F, 0xAD70, 0xAD71, 0xAD93, 0xAD94, 0xB5B5, 0xB5B6, 0xB5D6, 0xB5D6, 0xB5D7, 0xB5D7, 0xBDF7, 0xBE17, 0xBE17, 0xBE17,
    0x9D2C, 0x9D2C, 0x9D4C, 0x9D4D, 0x9D4D, 0x9D4D, 0x9D4D, 0x9D4D, 0x9D4D, 0xA54D, 0xA54D, 0xA54D, 0xA54D, 0xA56D, 0xA56E, 0xA56F,
    0xA58F, 0xAD90, 0xAD91, 0xAD93, 0xADB4, 0xB5B4, 0xB5D5, 0xB5D6, 0xB5D6, 0xB5F7, 0xBDF7, 0xBDF7, 0xBDF7, 0xBE17, 0xBE17, 0xBE17,
    0x9D4D, 0x9D4D, 0x9D4D, 0x9D4D, 0x9D4D, 0xA54D, 0xA56D, 0xA56D, 0xA56D, 0xA56D, 0xA56D, 0xA56E, 0xA58E, 0xA58E, 0xA58F, 0xA590,
    0xADB1, 0xADB2, 0xADB3, 0xADD4, 0xB5D5, 0xB5D5, 0xB5D6, 0xB5F6, 0xBDF7, 0xBDF7, 0xBDF7, 0xBDF7, 0xBE17, 0xBE17, 0xBE17, 0xBE17,
    0x9D6D, 0x9D6D, 0x9D6D, 0xA56D, 0xA56D, 0xA56D, 0xA56D, 0xA58D, 0xA58D, 0xA58D, 0xA58E, 0xA58E, 0xA58E, 0xA5AF, 0xA5B0, 0xADB1,
    0xADB2, 0xADD3, 0xADD4, 0xB5D4, 0xB5D5, 0xB5F6, 0xB5F6, 0xB5F6, 0xBDF7, 0xBDF7, 0xBDF7, 0xBE17, 0xBE17, 0xBE17, 0xBE17, 0xBE17,
    0xA58D, 0xA58D, 0xA58D, 0xA58D, 0xA58D, 0xA58D, 0xA58E, 0xA58E, 0xA58E, 0xA58E, 0xA5AE, 0xA5AE, 0xA5AF, 0xA5B0, 0xADD1, 0xADD2,
    0xADD3, 0xADD4, 0xB5D5, 0xB5F5, 0xB5F6, 0xB5F6, 0xB5F6, 0xBDF7, 0xBDF7, 0xBDF7, 0xBDF7, 0xBE17, 0xBE17, 0xBE17, 0xBE17, 0xBE17,
    0x9D8D, 0x9D8D, 0x9D8D, 0xA58D, 0xA58D, 0xA58D, 0xA58D, 0xA58D, 0xA58E, 0xA5AE, 0xA5AE, 0xA5AE, 0xA5AF, 0xA5B0, 0xA5D1, 0xADD2,
    0xADD3, 0xADD4, 0xB5F5, 0xB5F5, 0xB5F6, 0xB5F6, 0xB5F6, 0xB5F7, 0xBDF7, 0xBDF7, 0xBDF7, 0xBE17, 0xBE17, 0xBE17, 0xBE17, 0xBE17,
    0x9D8D, 0x9D8D, 0x9D8D, 0x9D8D, 0xA58D, 0xA58D, 0xA58D, 0xA58D, 0xA58D, 0xA5AE, 0xA5AE, 0xA5AE, 0xA5AF, 0xA5B0, 0xA5D1, 0xADD2,
    0xADD3, 0xADD4, 0xB5F5, 0xB5F5, 0xB5F6, 0xB5F6, 0xB5F6, 0xB5F7, 0xB5F7, 0xBDF7, 0xBDF7, 0xBE17, 0xBE17, 0xBE17, 0xBDF7, 0xBDF7,
    0x60E4, 0x60E4, 0x60E4, 0x60E4, 0x60E4, 0x60E5, 0x60E5, 0x60E6, 0x60E6, 0x60E6, 0x60E7, 0x6107, 0x6107, 0x6108, 0x6108, 0x6109,
    0x6109, 0x612A, 0x612B, 0x614B, 0x614C, 0x614C, 0x614C, 0x612C, 0x612C, 0x612C, 0x612C, 0x612C, 0x612C, 0x614C, 0x612C, 0x592B,
    0x60E3, 0x60E4, 0x60E4, 0x60E4, 0x60E4, 0x60E5, 0x60E5, 0x60E5, 0x60E6, 0x60E6, 0x6107, 0x6107, 0x6107, 0x6108, 0x6108, 0x6109,
    0x6129, 0x612A, 0x612B, 0x614C, 0x614C, 0x614C, 0x614C, 0x614C, 0x614C, 0x612C, 0x614C, 0x614C, 0x614C, 0x614C, 0x614C, 0x614C,
    0x60E3, 0x60E4, 0x60E4, 0x60E4, 0x60E4, 0x60E4, 0x60E5, 0x60E5, 0x60E6, 0x6106, 0x6107, 0x6107, 0x6108, 0x6108, 0x6108, 0x6109,
    0x612A, 0x612A, 0x614B, 0x614C, 0x614C, 0x614C, 0x614C, 0x614C, 0x614C, 0x614C, 0x614C, 0x614C, 0x696D, 0x696D, 0x696D, 0x696D,
    0x60E3, 0x60E4, 0x60E4, 0x60E4, 0x60E4, 0x60E5, 0x68E5, 0x6906, 0x6906, 0x6906, 0x6107, 0x6107, 0x6108, 0x6128, 0x6129, 0x6929,
    0x692A, 0x694B, 0x694B, 0x696C, 0x696C, 0x696D, 0x696D, 0x696D, 0x696D, 0x696D, 0x696D, 0x698D, 0x698D, 0x698D, 0x698D, 0x698D,
    0x68E4, 0x68E4, 0x68E4, 0x68E4, 0x68E4, 0x6905, 0x6905, 0x6906, 0x6906, 0x6906, 0x6907, 0x6927, 0x6928, 0x6928, 0x6929, 0x694A,
    0x694A, 0x694B, 0x696C, 0x696C, 0x698D, 0x698D, 0x698D, 0x696D, 0x698D, 0x698D, 0x698D, 0x71AE, 0x71AE, 0x71AE, 0x71AE, 0x71AE,
    0x6904, 0x6904, 0x6904, 0x6904, 0x7104, 0x7105, 0x7105, 0x7126, 0x6926, 0x6927, 0x6927, 0x6928, 0x6948, 0x6949, 0x6949, 0x694A,
    0x696B, 0x696B, 0x718C, 0x718D, 0x718D, 0x718D, 0x698D, 0x698D, 0x698D, 0x71AE, 0x71AE, 0x71CE, 0x71EE, 0x79EF, 0x79EF, 0x79EF,
    0x7124, 0x6924, 0x6924, 0x7124, 0x7124, 0x7125, 0x7125, 0x7126, 0x7127, 0x7127, 0x7148, 0x7148, 0x7149, 0x7169, 0x716A, 0x716A,
    0x716B, 0x718C, 0x718C, 0x71AD, 0x71AD, 0x71AE, 0x71AE, 0x71AE, 0x71AE, 0x71CE, 0x79EF, 0x7A0F, 0x7A0F, 0x7A0F, 0x7A2F, 0x7A2F,
    0x7144, 0x7144, 0x7144, 0x7144, 0x7944, 0x7945, 0x7945, 0x7946, 0x7947, 0x7947, 0x7948, 0x7968, 0x7969, 0x7969, 0x798A, 0x798B,
    0x718B, 0x71AC, 0x71AD, 0x71AD, 0x71CE, 0x71CE, 0x71CE, 0x71CE, 0x71CE, 0x79EF, 0x7A0F, 0x8250, 0x8250, 0x8270, 0x8250, 0x8250,
    0x7164, 0x7164, 0x7164, 0x7964, 0x7965, 0x8165, 0x8165, 0x8166, 0x8167, 0x8167, 0x8188, 0x7988, 0x7989, 0x798A, 0x798A, 0x79AB,
    0x79AC, 0x79CD, 0x79CD, 0x79CE, 0x79EE, 0x79EE, 0x79EF, 0x79EF, 0x7A0F, 0x7A0F, 0x8250, 0x8A91, 0x8A91, 0x8AB1, 0x8A91, 0x8A91,
    0x71A5, 0x79A5, 0x79A5, 0x79A5, 0x79A5, 0x81A5, 0x81A5, 0x89A6, 0x89A7, 0x89A8, 0x89A8, 0x89A9, 0x81A9, 0x81AA, 0x81CB, 0x81CB,
    0x79CC, 0x79CD, 0x79ED, 0x79EE, 0x7A0E, 0x7A0F, 0x7A0F, 0x7A2F, 0x7A2F, 0x8250, 0x8A71, 0x8AB1, 0x92D2, 0x92D2, 0x92D2, 0x92D2,
    0x79E5, 0x79E5, 0x79E5, 0x79E5, 0x81E5, 0x81E5, 0x89E6, 0x89E6, 0x91E7, 0x91E8, 0x91E8, 0x91E9, 0x89EA, 0x89EA, 0x89EB, 0x81EC,
    0x81EC, 0x81ED, 0x820E, 0x820E, 0x822F, 0x822F, 0x8250, 0x8250, 0x8270, 0x8270, 0x8AB1, 0x92F2, 0x9312, 0x9312, 0x9312, 0x9312,
    0x8246, 0x8246, 0x8246, 0x8246, 0x8246, 0x8246, 0x8A46, 0x8A26, 0x9227, 0x9227, 0x9A28, 0x9A29, 0x9A2A, 0x9A2B, 0x922B, 0x922C,
    0x8A2D, 0x8A2D, 0x8A2E, 0x8A4F, 0x824F, 0x8270, 0x8A70, 0x8A91, 0x8AB1, 0x8AB1, 0x92F2, 0x9B33, 0x9B53, 0x9B53, 0x9B53, 0x9B53,
    0x8286, 0x8286, 0x8286, 0x8286, 0x8286, 0x8A86, 0x8A87, 0x8A87, 0x9267, 0x9267, 0x9A68, 0xA269, 0xA26A, 0xA26B, 0x9A6C, 0x9A6D,
    0x926D, 0x926E, 0x8A6F, 0x8A6F, 0x8A90, 0x8A90, 0x8AB1, 0x92D2, 0x92D2, 0x92F2, 0x9332, 0x9B73, 0x9B93, 0x9B93, 0x9B93, 0x9BB3,
    0x8AC7, 0x8AC7, 0x8AC7, 0x8AA7, 0x8AA7, 0x8AC7, 0x8AC7, 0x8AC7, 0x92A7, 0x92A8, 0x9AA8, 0xA2A9, 0xAAA9, 0xAAAB, 0xAAAC, 0xA2AD,
    0xA2AE, 0x9AAF, 0x9AAF, 0x92B0, 0x92B1, 0x92D1, 0x92D2, 0x92F2, 0x9312, 0x9332, 0x9B73, 0x9BB3, 0x9BD3, 0x9BD3, 0x9BF3, 0xA3F4,
    0x8B07, 0x8B07, 0x8AE7, 0x8AE7, 0x8AE7, 0x8AE7, 0x8B07, 0x8B08, 0x9308, 0x92E8, 0x9AE8, 0xA2E9, 0xA2E9, 0xAB0A, 0xAB0C, 0xAB0D,
    0xA30E, 0xA30F, 0xA310, 0x9AF0, 0x9AF1, 0x9B12, 0x9B12, 0x9B32, 0x9B53, 0x9B73, 0x9BB3, 0xA3F4, 0xA414, 0xA434, 0xA434, 0xA454,
    0x8B28, 0x8B28, 0x8B28, 0x8B28, 0x8B28, 0x8B28, 0x8B28, 0x9328, 0x9328, 0x9328, 0x9B28, 0x9B29, 0xA32A, 0xAB4A, 0xAB6C, 0xAB6D,
    0xAB6E, 0xA36F, 0xA370, 0xA351, 0x9B51, 0x9B52, 0x9B72, 0x9B93, 0x9BB3, 0x9BB3, 0xA3F4, 0xA454, 0xA454, 0xA474, 0xA474, 0xA474,
    0x8B68, 0x8B68, 0x8B68, 0x8B48, 0x8B48, 0x8B68, 0x8B68, 0x9368, 0x9368, 0x9368, 0x9B69, 0x9B69, 0xA36A, 0xA38A, 0xABAB, 0xABAD,
    0xABAE, 0xABAF, 0xA3B0, 0xA3B1, 0xA3B1, 0xA3B2, 0xA3B3, 0xA3D3, 0xA3F3, 0xA414, 0xA434, 0xA474, 0xA494, 0xA4B4, 0xA4B4, 0xA4B4,
    0x93A9, 0x93A9, 0x93A9, 0x9389, 0x9388, 0x9389, 0x93A9, 0x93A9, 0x93A9, 0x9389, 0x9389, 0x9BA9, 0xA3AA, 0xA3CA, 0xABCB, 0xABEC,
    0xABEE, 0xAC0F, 0xA410, 0xA411, 0xA412, 0xA412, 0xA413, 0xA433, 0xA454, 0xA454, 0xA494, 0xA4B4, 0xA4D4, 0xACD5, 0xACF5, 0xACF5,
    0x93C9, 0x93C9, 0x93C9, 0x93C9, 0x93C9, 0x93C9, 0x93C9, 0x93C9, 0x93C9, 0x93C9, 0x93C9, 0x9BEA, 0x9BEA, 0xA3EB, 0xA40B, 0xAC0C,
    0xAC2D, 0xAC2F, 0xAC50, 0xA471, 0xA472, 0xA473, 0xA473, 0xA494, 0xA494, 0xA494, 0xA4B4, 0xA4D4, 0xACF5, 0xAD15, 0xAD15, 0xAD15,
    0x93E9, 0x93E9, 0x93E9, 0x93E9, 0x9409, 0x940A, 0x940A, 0x940A, 0x940A, 0x9409, 0x940A, 0x9C0A, 0x9C2A, 0xA42B, 0xA42B, 0xAC4C,
    0xAC4D, 0xAC6E, 0xAC90, 0xACB2, 0xACB3, 0xA4B3, 0xA4B4, 0xA4D4, 0xA4D4, 0xA4D4, 0xACF5, 0xAD15, 0xAD15, 0xAD35, 0xAD35, 0xAD35,
    0x942A, 0x942A, 0x942A, 0x942A, 0x942A, 0x942A, 0x942A, 0x942A, 0x942A, 0x942A, 0x942A, 0x9C4A, 0x9C4B, 0xA44B, 0xA46B, 0xA46C,
    0xAC8D, 0xAC8E, 0xACB0, 0xACD1, 0xACF2, 0xACF3, 0xACF4, 0xACF4, 0xAD14, 0xAD15, 0xAD15, 0xAD35, 0xAD55, 0xAD55, 0xAD55, 0xAD55,
    0x944A, 0x944A, 0x946A, 0x946A, 0x946A, 0x946A, 0x946B, 0x946B, 0x946B, 0x946B, 0x9C6B, 0x9C6B, 0x9C6B, 0x9C8B, 0xA48C, 0xA4AC,
    0xACAD, 0xACCE, 0xACCF, 0xACF1, 0xAD12, 0xAD13, 0xAD34, 0xAD34, 0xAD35, 0xAD55, 0xAD55, 0xAD55, 0xAD75, 0xB576, 0xB596, 0xB596,
    0x948B, 0x948B, 0x9CAB, 0x9CAB, 0x9C8B, 0x9C8B, 0x9C8B, 0x9C8B, 0x9C8B, 0x9C8B, 0x9CAB, 0x9CAB, 0x9CAB, 0xA4AC, 0xA4CC, 0xA4CC,
    0xACED, 0xACEE, 0xAD0F, 0xAD11, 0xAD32, 0xAD33, 0xAD54, 0xAD55, 0xAD55, 0xB575, 0xB576, 0xB576, 0xB596, 0xB596, 0xB5B6, 0xB5B6,
    0x9CCB, 0x9CCC, 0x9CCC, 0x9CCC, 0x9CCC, 0x9CCC, 0x9CCC, 0x9CCB, 0x9CCB, 0x9CCC, 0x9CCC, 0x9CCC, 0x9CCC, 0xA4CC, 0xA4EC, 0xA4ED,
    0xA50D, 0xAD0E, 0xAD2F, 0xAD31, 0xAD52, 0xAD53, 0xAD54, 0xB575, 0xB595, 0xB596, 0xB596, 0xB596, 0xB5B6, 0xB5B6, 0xB5D6, 0xB5D7,
    0x9CEC, 0x9CEC, 0x9CEC, 0x9CEC, 0x9CEC, 0x9CEC, 0x9D0C, 0x9CEC, 0x9D0C, 0x9D0C, 0x9D0C, 0xA50C, 0xA50C, 0xA50C, 0xA50D, 0xA52D,
    0xA52E, 0xAD2E, 0xAD50, 0xAD51, 0xAD52, 0xAD73, 0xB574, 0xB595, 0xB5B6, 0xB5B6, 0xB5B6, 0xB5D7, 0xB5D7, 0xBDD7, 0xBDF7, 0xBDF7,
    0x9D0C, 0x9D2C, 0x9D2C, 0x9D2C, 0x9D2C, 0xA52C, 0xA52D, 0xA52D, 0xA52D, 0xA52D, 0xA52D, 0xA52D, 0xA54D, 0xA52D, 0xA54D, 0xA54E,
    0xAD4E, 0xAD4F, 0xAD70, 0xAD71, 0xAD92, 0xB593, 0xB594, 0xB5B5, 0xB5B6, 0xB5D6, 0xBDD7, 0xBDF7, 0xBDF7, 0xBE17, 0xBE17, 0xBE17,
    0x9D2D, 0x9D4D, 0x9D4D, 0x9D4D, 0xA54D, 0xA54D, 0xA54D, 0xA54D, 0xA54D, 0xA54D, 0xA54D, 0xA54D, 0xA56E, 0xA56E, 0xA56E, 0xAD6F,
    0xAD6F, 0xAD90, 0xAD91, 0xAD92, 0xB5B3, 0xB5B4, 0xB5B5, 0xB5D6, 0xB5D6, 0xBDF7, 0xBDF7, 0xBDF7, 0xBE17, 0xBE17, 0xBE17, 0xC618,
    0xA54D, 0xA54D, 0xA54D, 0xA54D, 0xA54D, 0xA56D, 0xA56D, 0xA56D, 0xA56D, 0xA56D, 0xA56D, 0xA58E, 0xAD8E, 0xAD8F, 0xAD8F, 0xAD90,
    0xADB1, 0xADB2, 0xADB3, 0xB5B4, 0xB5D4, 0xB5D5, 0xB5D5, 0xB5F6, 0xBDF6, 0xBE17, 0xBE17, 0xBE17, 0xBE17, 0xBE17, 0xBE18, 0xBE38,
    0xA56D, 0xA56D, 0xA56D, 0xA56D, 0xA56D, 0xA56D, 0xA56E, 0xA58E, 0xA58E, 0xA58E, 0xA58E, 0xA58E, 0xADAF, 0xADAF, 0xADB0, 0xADB1,
    0xADB2, 0xADD3, 0xB5D3, 0xB5D4, 0xB5D5, 0xB5D5, 0xB5F6, 0xBDF6, 0xBDF7, 0xBE17, 0xBE17, 0xBE17, 0xBE17, 0xBE17, 0xBE17, 0xBE18,
    0xA58E, 0xA58E, 0xA58E, 0xA58E, 0xA58E, 0xA58E, 0xA58E, 0xA58E, 0xA58E, 0xA58E, 0xA5AE, 0xA5AF, 0xADAF, 0xADB0, 0xADB1, 0xADD2,
    0xADD3, 0xB5D3, 0xB5D4, 0xB5D5, 0xB5F5, 0xB5F6, 0xBDF6, 0xBDF7, 0xBDF7, 0xBDF7, 0xBE17, 0xBE17, 0xBE17, 0xBE17, 0xBE17, 0xBE18,
    0xA58D, 0xA58D, 0xA58D, 0xA58E, 0xA58E, 0xA58E, 0xA58E, 0xA58E, 0xA58E, 0xA5AE, 0xA5AE, 0xA5AF, 0xA5AF, 0xADB0, 0xADB1, 0xADD2,
    0xADD3, 0xB5D4, 0xB5D4, 0xB5D5, 0xB5F6, 0xB5F6, 0xBDF6, 0xBDF7, 0xBDF7, 0xBDF7, 0xBE17, 0xBE17, 0xBE17, 0xBE17, 0xBE17, 0xBE17,
    0x9D8D, 0xA58D, 0xA56D, 0xA58D, 0xA58D, 0xA58E, 0xA58E, 0xA58E, 0xA58E, 0xA5AE, 0xA5AE, 0xA5AE, 0xA5AF, 0xA5B0, 0xADB1, 0xADD2,
    0xADD3, 0xB5D4, 0xB5D5, 0xB5F5, 0xB5F6, 0xB5F6, 0xBDF6, 0xBDF7, 0xBDF7, 0xBDF7, 0xBE17, 0xBE17, 0xBE17, 0xBE17, 0xBE17, 0xBE17,
    0x60E3, 0x60E3, 0x60E3, 0x60E4, 0x60E4, 0x60E4, 0x60E5, 0x60E5, 0x60E6, 0x60E6, 0x6106, 0x6107, 0x6107, 0x6108, 0x6108, 0x6109,
    0x6109, 0x612A, 0x612A, 0x612B, 0x614C, 0x614C, 0x614C, 0x612C, 0x612C, 0x612C, 0x612C, 0x612C, 0x612C, 0x612C, 0x612C, 0x592B,
    0x60E3, 0x60E3, 0x60E3, 0x60E4, 0x60E4, 0x60E4, 0x60E5, 0x60E5, 0x60E6, 0x60E6, 0x6106, 0x6107, 0x6107, 0x6108, 0x6108, 0x6109,
    0x6129, 0x612A, 0x612B, 0x614B, 0x614C, 0x614C, 0x614C, 0x614C, 0x614C, 0x614C, 0x614C, 0x614C, 0x614C, 0x614C, 0x614C, 0x614C,
    0x60E3, 0x60E3, 0x60E3, 0x60E4, 0x60E4, 0x60E4, 0x60E5, 0x60E5, 0x60E5, 0x60E6, 0x6107, 0x6107, 0x6107, 0x6108, 0x6108, 0x6109,
    0x6129, 0x612A, 0x614B, 0x614C, 0x614C, 0x614C, 0x614C, 0x614C, 0x614C, 0x614C, 0x614C, 0x696D, 0x696D, 0x696D, 0x696D, 0x696D,
    0x60E3, 0x60E3, 0x60E3, 0x60E4, 0x68E4, 0x68E4, 0x68E5, 0x6905, 0x6906, 0x6906, 0x6907, 0x6907, 0x6928, 0x6928, 0x6929, 0x6929,
    0x694A, 0x694B, 0x694B, 0x696C, 0x696D, 0x696D, 0x696D, 0x696D, 0x696D, 0x696D, 0x696D, 0x698D, 0x698D, 0x698D, 0x698D, 0x698D,
    0x68E3, 0x68E3, 0x68E3, 0x6904, 0x6904, 0x6904, 0x6905, 0x6905, 0x6906, 0x6906, 0x6927, 0x6927, 0x6928, 0x6928, 0x6949, 0x694A,
    0x694A, 0x696B, 0x696C, 0x698C, 0x698D, 0x698D, 0x698D, 0x698D, 0x698D, 0x698D, 0x71AE, 0x71AE, 0x71AE, 0x71AE, 0x71AE, 0x71AE,
    0x6904, 0x6904, 0x6904, 0x6904, 0x7124, 0x7124, 0x7125, 0x7125, 0x7126, 0x7127, 0x7127, 0x7148, 0x7148, 0x7149, 0x716A, 0x716A,
    0x716B, 0x718C, 0x718C, 0x71AD, 0x71AD, 0x71AE, 0x71AE, 0x71AE, 0x71AE, 0x71AE, 0x71CE, 0x71EE, 0x71EE, 0x79EF, 0x79EF, 0x79EF,
    0x7124, 0x6924, 0x6924, 0x7124, 0x7124, 0x7124, 0x7945, 0x7946, 0x7946, 0x7947, 0x7947, 0x7968, 0x7969, 0x7969, 0x798A, 0x798B,
    0x718B, 0x718C, 0x71AD, 0x71AD, 0x71CE, 0x71CE, 0x71CE, 0x71CE, 0x71CE, 0x71CE, 0x79EF, 0x7A0F, 0x7A0F, 0x7A0F, 0x7A0F, 0x7A2F,
    0x7164, 0x7164, 0x7164, 0x7164, 0x7164, 0x7965, 0x7965, 0x8166, 0x8166, 0x8167, 0x8168, 0x7988, 0x7989, 0x798A, 0x798A, 0x79AB,
    0x79AC, 0x79CC, 0x79CD, 0x79CE, 0x79EE, 0x79EF, 0x7A0F, 0x7A0F, 0x7A0F, 0x7A0F, 0x8230, 0x8250, 0x8250, 0x8250, 0x8250, 0x8250,
    0x7184, 0x7184, 0x7184, 0x7184, 0x7985, 0x7985, 0x8185, 0x8186, 0x8986, 0x8987, 0x8188, 0x81A8, 0x81A9, 0x81AA, 0x81AB, 0x81CB,
    0x81CC, 0x81ED, 0x81ED, 0x820E, 0x820E, 0x820F, 0x822F, 0x8230, 0x8230, 0x8250, 0x8270, 0x8A91, 0x8A91, 0x8A91, 0x8A91, 0x8A91,
    0x79C5, 0x79C5, 0x79C5, 0x79C5, 0x79C5, 0x81C5, 0x81C5, 0x89C6, 0x89C6, 0x89C7, 0x89C8, 0x89C9, 0x89C9, 0x89EA, 0x89EB, 0x89EC,
    0x81EC, 0x820D, 0x820E, 0x822E, 0x822F, 0x8250, 0x8250, 0x8270, 0x8270, 0x8A71, 0x8A91, 0x92B2, 0x92D2, 0x92D2, 0x92D2, 0x92D2,
    0x7A05, 0x7A05, 0x7A05, 0x7A05, 0x7A05, 0x8205, 0x8206, 0x89E6, 0x89E6, 0x9207, 0x9208, 0x9209, 0x920A, 0x920A, 0x920B, 0x8A0C,
    0x8A2D, 0x8A2D, 0x8A2E, 0x8A4F, 0x8A6F, 0x8A70, 0x8A91, 0x8AB1, 0x8AB1, 0x8AB1, 0x92D2, 0x92F2, 0x9312, 0x9312, 0x9312, 0x9312,
    0x8246, 0x8246, 0x8246, 0x8246, 0x8246, 0x8246, 0x8246, 0x8A46, 0x8A47, 0x9247, 0x9A48, 0x9A49, 0xA229, 0x9A4A, 0x9A4B, 0x9A4C,
    0x924D, 0x924E, 0x926F, 0x8A6F, 0x8A90, 0x8AB1, 0x92B1, 0x92D2, 0x92F2, 0x92F2, 0x9312, 0x9B33, 0x9B53, 0x9B53, 0x9B53, 0x9B53,
    0x8286, 0x8286, 0x8286, 0x8286, 0x8286, 0x8286, 0x8286, 0x8A87, 0x8A87, 0x9287, 0x9A88, 0xA268, 0xAA69, 0xA26A, 0xA26B, 0xA28D,
    0x9A8D, 0x9A8E, 0x92AF, 0x92B0, 0x92B0, 0x92D1, 0x92F2, 0x9312, 0x9312, 0x9332, 0x9B53, 0x9B73, 0x9B93, 0x9B93, 0x9B93, 0x9B93,
    0x8AC7, 0x8AA7, 0x8AA7, 0x8AA7, 0x8AA7, 0x8AC7, 0x8AC7, 0x8AC7, 0x92C7, 0x92A8, 0x9AA8, 0xA2A8, 0xA2A9, 0xAAAA, 0xAACB, 0xA2CD,
    0xA2CE, 0xA2CF, 0x9AF0, 0x9AF0, 0x9AF1, 0x9B11, 0x9B32, 0x9B52, 0x9B53, 0x9B73, 0x9B93, 0x9BD3, 0x9BD3, 0x9BD3, 0x9BF3, 0x9BF3,
    0x8AE7, 0x8AE7, 0x8AE7, 0x8AE7, 0x8AE7, 0x8AE7, 0x8AE7, 0x8AE7, 0x92E8, 0x92E8, 0x9AE8, 0x9AE9, 0xA2E9, 0xAB0A, 0xAB0B, 0xAB0D,
    0xAB2E, 0xA32F, 0xA330, 0xA331, 0x9B31, 0x9B52, 0x9B72, 0x9B93, 0x9B93, 0x9BB3, 0x9BD3, 0xA414, 0xA414, 0xA414, 0xA434, 0xA434,
    0x8B28, 0x8B28, 0x8B28, 0x8B28, 0x8B28, 0x8B28, 0x8B28, 0x8B28, 0x9328, 0x9328, 0x9B28, 0x9B29, 0xA329, 0xAB4A, 0xAB4B, 0xAB6D,
    0xAB6E, 0xA36F, 0xA370, 0xA371, 0xA371, 0x9B92, 0x9BB3, 0xA3D3, 0xA3F3, 0x9BF3, 0xA414, 0xA454, 0xA454, 0xA474, 0xA474, 0xA474,
    0x9368, 0x8B68, 0x8B48, 0x8B48, 0x8B48, 0x8B48, 0x9348, 0x9348, 0x9348, 0x9368, 0x9B69, 0x9B69, 0xA36A, 0xA38A, 0xAB8B, 0xABAC,
    0xABAE, 0xABAF, 0xA3D0, 0xA3D1, 0xA3D1, 0xA3D2, 0xA3F3, 0xA413, 0xA434, 0xA434, 0xA454, 0xA494, 0xA494, 0xA494, 0xA4B4, 0xA4B4,
    0x9389, 0x9389, 0x9389, 0x9389, 0x9388, 0x9389, 0x9389, 0x9389, 0x9389, 0x9389, 0x9B89, 0x9BA9, 0xA3AA, 0xA3CA, 0xABCB, 0xABCC,
    0xABEE, 0xAC0F, 0xA410, 0xA411, 0xA432, 0xA432, 0xA433, 0xA453, 0xA474, 0xA474, 0xA494, 0xA4B4, 0xA4B4, 0xA4D4, 0xACD5, 0xACD5,
    0x93C9, 0x93C9, 0x93C9, 0x93C9, 0x93C9, 0x93C9, 0x93C9, 0x93C9, 0x93C9, 0x93C9, 0x9BC9, 0x9BCA, 0xA3EA, 0xA3EB, 0xAC0B, 0xAC0C,
    0xAC2D, 0xAC2F, 0xAC50, 0xA471, 0xA472, 0xA473, 0xA493, 0xA494, 0xA4B4, 0xA4B4, 0xA4D4, 0xACD5, 0xACF5, 0xACF5, 0xAD15, 0xAD15,
    0x93E9, 0x93E9, 0x93E9, 0x93E9, 0x93E9, 0x940A, 0x940A, 0x940A, 0x940A, 0x9C0A, 0x9C0A, 0x9C0A, 0xA40B, 0xA42B, 0xA42B, 0xAC4C,
    0xAC4D, 0xAC6F, 0xAC90, 0xACB2, 0xACB2, 0xACB3, 0xA4D3, 0xA4D4, 0xA4D4, 0xACF4, 0xACF5, 0xAD15, 0xAD15, 0xAD35, 0xAD35, 0xAD35,
    0x942A, 0x942A, 0x942A, 0x942A, 0x942A, 0x9C2A, 0x9C2A, 0x9C2A, 0x9C2A, 0x9C2A, 0x9C2A, 0x9C4B, 0xA44B, 0xA44B, 0xA46C, 0xAC6C,
    0xAC8D, 0xAC8E, 0xACB0, 0xACD1, 0xACF2, 0xACF3, 0xACF4, 0xACF4, 0xAD14, 0xAD15, 0xAD35, 0xAD35, 0xAD55, 0xAD55, 0xAD55, 0xAD55,
    0x944A, 0x944A, 0x9C6A, 0x9C6B, 0x9C6B, 0x9C6B, 0x9C6B, 0x9C6B, 0x9C6B, 0x9C6B, 0x9C6B, 0x9C6B, 0xA48B, 0xA48C, 0xA48C, 0xACAD,
    0xACAD, 0xACAE, 0xACCF, 0xACF1, 0xACF2, 0xAD13, 0xAD14, 0xAD34, 0xAD35, 0xAD55, 0xAD55, 0xAD55, 0xAD55, 0xB576, 0xB576, 0xB576,
    0x9C6B, 0x9C8B, 0x9C8B, 0x9C8B, 0x9C8B, 0x9C8B, 0x9C8B, 0x9C8B, 0x9C8B, 0x9C8B, 0x9CAB, 0xA4AC, 0xA4AC, 0xA4AC, 0xA4CC, 0xACCD,
    0xACCD, 0xACEE, 0xACF0, 0xAD11, 0xAD12, 0xAD33, 0xAD54, 0xAD55, 0xAD55, 0xB575, 0xB576, 0xB576, 0xB596, 0xB596, 0xB596, 0xB5B6,
    0x9CAB, 0x9CCC, 0x9CCC, 0x9CCC, 0x9CCC, 0x9CCC, 0x9CCC, 0x9CCC, 0x9CCC, 0x9CCC, 0xA4CC, 0xA4EC, 0xA4EC, 0xA4ED, 0xACED, 0xACED,
    0xAD0E, 0xAD0F, 0xAD30, 0xAD31, 0xAD32, 0xAD53, 0xAD54, 0xB575, 0xB575, 0xB596, 0xB596, 0xB596, 0xB5B6, 0xB5B6, 0xB5B6, 0xB5D6,
    0x9CEC, 0x9CEC, 0x9CEC, 0x9CEC, 0xA4EC, 0xA4EC, 0xA4EC, 0xA4EC, 0xA4EC, 0xA50C, 0xA50C, 0xA50D, 0xA50D, 0xA50D, 0xAD0D, 0xAD2E,
    0xAD2E, 0xAD2F, 0xAD50, 0xAD51, 0xAD52, 0xB573, 0xB574, 0xB595, 0xB596, 0xB5B6, 0xB5B6, 0xB5D6, 0xBDD7, 0xBDD7, 0xBDF7, 0xBDF7,
    0xA50C, 0xA50C, 0xA52C, 0xA52D, 0xA52D, 0xA52D, 0xA52D, 0xA52D, 0xA52D, 0xA52D, 0xA52D, 0xA52D, 0xAD4D, 0xAD4D, 0xAD4E, 0xAD4E,
    0xAD4F, 0xAD50, 0xAD71, 0xAD72, 0xB573, 0xB594, 0xB594, 0xB5B5, 0xB5B6, 0xBDD6, 0xBDD7, 0xBDF7, 0xBDF7, 0xBDF7, 0xBE17, 0xBE17,
    0xA52D, 0xA54D, 0xA54D, 0xA54D, 0xA54D, 0xA54D, 0xA54D, 0xA54D, 0xA54D, 0xA54D, 0xA54D, 0xAD4E, 0xAD6E, 0xAD6E, 0xAD6F, 0xAD6F,
    0xAD70, 0xAD91, 0xAD91, 0xB593, 0xB5B3, 0xB5B4, 0xB5B5, 0xB5B5, 0xB5D6, 0xBDF7, 0xBDF7, 0xBDF7, 0xBE17, 0xBE17, 0xBE17, 0xC618,
    0xA54D, 0xA54D, 0xA54D, 0xA54D, 0xA54D, 0xA56D, 0xA56D, 0xA56E, 0xA56E, 0xA56E, 0xAD6E, 0xAD8E, 0xAD8F, 0xAD8F, 0xAD90, 0xAD90,
    0xAD91, 0xB5B2, 0xB5B3, 0xB5B3, 0xB5D4, 0xB5D5, 0xB5D5, 0xB5D6, 0xBDF6, 0xBDF7, 0xBE17, 0xBE17, 0xBE17, 0xBE18, 0xC638, 0xC638,
    0xA56D, 0xA56D, 0xA56D, 0xA56D, 0xA56E, 0xA56E, 0xAD8E, 0xAD8E, 0xAD8E, 0xAD8E, 0xAD8E, 0xAD8F, 0xADAF, 0xADB0, 0xADB0, 0xADB1,
    0xADB2, 0xB5D3, 0xB5D3, 0xB5D4, 0xB5D5, 0xB5D5, 0xB5F6, 0xBDF6, 0xBDF6, 0xBDF7, 0xBE17, 0xBE17, 0xBE18, 0xBE18, 0xBE38, 0xC638,
    0xA58E, 0xA58E, 0xA58E, 0xA58E, 0xA58E, 0xAD8E, 0xAD8E, 0xAD8E, 0xAD8E, 0xADAE, 0xADAF, 0xADAF, 0xADAF, 0xADB0, 0xADB1, 0xADD2,
    0xB5D2, 0xB5D3, 0xB5D4, 0xB5F5, 0xB5F5, 0xB5F6, 0xBDF6, 0xBDF6, 0xBDF7, 0xBDF7, 0xBE17, 0xBE17, 0xBE18, 0xBE18, 0xBE18, 0xC638,
    0xA58E, 0xA58E, 0xA58E, 0xA58E, 0xA58E, 0xA58E, 0xA58E, 0xA58E, 0xA58E, 0xADAE, 0xADAF, 0xADAF, 0xADAF, 0xADB0, 0xADB1, 0xADD2,
    0xB5D3, 0xB5D3, 0xB5D4, 0xB5F5, 0xB5F5, 0xB5F6, 0xBDF6, 0xBDF6, 0xBDF7, 0xBE17, 0xBE17, 0xBE17, 0xBE17, 0xBE17, 0xBE18, 0xBE18,
    0xA58E, 0xA58E, 0xA58E, 0xA58E, 0xA58E, 0xA58E, 0xA58E, 0xA58E, 0xA58E, 0xA5AE, 0xADAE, 0xADAF, 0xADAF, 0xADB0, 0xADB1, 0xADD2,
    0xB5D3, 0xB5D4, 0xB5D4, 0xB5F5, 0xB5F5, 0xB5F6, 0xBDF6, 0xBDF7, 0xBE17, 0xBE17, 0xBE17, 0xBE17, 0xBE17, 0xBE17, 0xBE17, 0xBE17,
    0x60C3, 0x60C3, 0x60C3, 0x60E3, 0x60E4, 0x60E4, 0x60E4, 0x60E5, 0x60E5, 0x60E6, 0x6106, 0x6107, 0x6107, 0x6108, 0x6108, 0x6109,
    0x6109, 0x612A, 0x612A, 0x612B, 0x614B, 0x614C, 0x614C, 0x612C, 0x612C, 0x612C, 0x612C, 0x612C, 0x612C, 0x612C, 0x612C, 0x612C,
    0x60C3, 0x60C3, 0x60E3, 0x60E3, 0x60E4, 0x60E4, 0x60E4, 0x60E5, 0x60E5, 0x60E6, 0x6106, 0x6107, 0x6107, 0x6108, 0x6108, 0x6109,
    0x6129, 0x612A, 0x612B, 0x614B, 0x614C, 0x614C, 0x614C, 0x614C, 0x614C, 0x614C, 0x614C, 0x614C, 0x614C, 0x614C, 0x614C, 0x614C,
    0x60C3, 0x60E3, 0x60E3, 0x60E3, 0x60C3, 0x60E4, 0x60E4, 0x60E5, 0x60E5, 0x60E6, 0x6106, 0x6107, 0x6107, 0x6108, 0x6108, 0x6109,
    0x6129, 0x612A, 0x614B, 0x614B, 0x614C, 0x614C, 0x614C, 0x614C, 0x614C, 0x614C, 0x614C, 0x696D, 0x694D, 0x614C, 0x614C, 0x614C,
    0x60E3, 0x60E3, 0x60E3, 0x60E3, 0x68E4, 0x68E4, 0x68E4, 0x68E5, 0x6905, 0x6906, 0x6907, 0x6907, 0x6928, 0x6928, 0x6928, 0x6929,
    0x694A, 0x694B, 0x696B, 0x696C, 0x696D, 0x696D, 0x696D, 0x696D, 0x696D, 0x696D, 0x698D, 0x698D, 0x698D, 0x698D, 0x698D, 0x698D,
    0x60E3, 0x6103, 0x6103, 0x6903, 0x6904, 0x6904, 0x6904, 0x6905, 0x6905, 0x6926, 0x6927, 0x6927, 0x6948, 0x6948, 0x6949, 0x714A,
    0x716B, 0x716B, 0x718C, 0x718D, 0x718D, 0x718D, 0x718D, 0x698D, 0x71AE, 0x71AE, 0x71AE, 0x71AE, 0x71AE, 0x71AE, 0x71AE, 0x71AE,
    0x6924, 0x6924, 0x6924, 0x6924, 0x6924, 0x7124, 0x7124, 0x7125, 0x7126, 0x7146, 0x7147, 0x7148, 0x7168, 0x7169, 0x716A, 0x716A,
    0x718B, 0x718C, 0x71AC, 0x71AD, 0x71AD, 0x71CE, 0x71CE, 0x71CE, 0x71CE, 0x71CE, 0x71CE, 0x79EF, 0x79EF, 0x71EE, 0x79EF, 0x79EF,
    0x6944, 0x6944, 0x6944, 0x6944, 0x6944, 0x7144, 0x7945, 0x7945, 0x7946, 0x7967, 0x7967, 0x7968, 0x7989, 0x798A, 0x798A, 0x79AB,
    0x79AB, 0x79AC, 0x79CD, 0x79CD, 0x79EE, 0x79EE, 0x79EF, 0x79EF, 0x7A0F, 0x7A0F, 0x7A0F, 0x7A0F, 0x7A0F, 0x7A0F, 0x7A0F, 0x7A2F,
    0x7164, 0x7164, 0x7164, 0x7164, 0x7164, 0x7964, 0x7965, 0x8185, 0x8186, 0x8187, 0x8187, 0x8188, 0x81A9, 0x81AA, 0x81AA, 0x81CB,
    0x81CC, 0x81CD, 0x81ED, 0x79EE, 0x7A0E, 0x820F, 0x822F, 0x822F, 0x8230, 0x8250, 0x8250, 0x8250, 0x8250, 0x8250, 0x8250, 0x8270,
    0x71A5, 0x71A4, 0x71A4, 0x71A4, 0x79A5, 0x79A5, 0x79A5, 0x89A5, 0x89A6, 0x89A7, 0x89A8, 0x89C8, 0x89C9, 0x89CA, 0x89CB, 0x89EB,
    0x81EC, 0x820D, 0x820E, 0x822E, 0x822F, 0x824F, 0x8250, 0x8270, 0x8270, 0x8A91, 0x8A91, 0x8A91, 0x8A91, 0x8A91, 0x8A91, 0x8AB1,
    0x79E5, 0x79E5, 0x79E5, 0x79E5, 0x79E5, 0x79E5, 0x81E5, 0x81E6, 0x89E6, 0x91E7, 0x91E8, 0x91E8, 0x91E9, 0x920A, 0x920B, 0x8A0C,
    0x8A2D, 0x8A2D, 0x8A4E, 0x8A4F, 0x8A6F, 0x8A70, 0x8A91, 0x8AB1, 0x8AB1, 0x8AB1, 0x8AB1, 0x92D2, 0x92D2, 0x92D2, 0x92D2, 0x92D2,
    0x7A05, 0x7A05, 0x7A05, 0x7A05, 0x7A25, 0x8205, 0x8206, 0x8206, 0x8A06, 0x9227, 0x9A28, 0x9A28, 0x9A29, 0x9A2A, 0x9A2B, 0x924C,
    0x924D, 0x924E, 0x926E, 0x926F, 0x9290, 0x92B1, 0x92B1, 0x92F2, 0x92F2, 0x92F2, 0x92F2, 0x9312, 0x9312, 0x9312, 0x9312, 0x9312,
    0x8246, 0x8246, 0x8246, 0x8246, 0x8246, 0x8246, 0x8246, 0x8A46, 0x8A47, 0x9247, 0x9A48, 0xA248, 0xA249, 0xA24A, 0xA26B, 0x9A6C,
    0x9A6D, 0x9A8E, 0x928F, 0x92B0, 0x92D1, 0x92D1, 0x92F2, 0x9B12, 0x9B32, 0x9B33, 0x9B33, 0x9B33, 0x9B53, 0x9B53, 0x9B53, 0x9B53,
    0x8286, 0x8286, 0x8286, 0x8286, 0x8286, 0x8286, 0x8286, 0x8A87, 0x8A87, 0x9287, 0x9A88, 0xA288, 0xAA89, 0xAA8A, 0xAA8B, 0xA2AD,
    0xA2AE, 0x9AAF, 0x9ACF, 0x9AD0, 0x9AF1, 0x9B12, 0x9B32, 0x9B53, 0x9B73, 0x9B73, 0x9B73, 0x9B93, 0x9B93, 0x9B93, 0x9B93, 0x9B93,
    0x8AA7, 0x8AA7, 0x8AA7, 0x8AA7, 0x8AC7, 0x8AA7, 0x8AA7, 0x8AC7, 0x8AC7, 0x92C8, 0x92C8, 0xA2C8, 0xA2C9, 0xAACA, 0xAACB, 0xAACC,
    0xA2EE, 0xA2EF, 0xA310, 0xA310, 0x9B31, 0x9B52, 0x9B72, 0x9B93, 0x9BB3, 0x9BB3, 0x9BD3, 0x9BD3, 0x9BD3, 0x9BD3, 0x9BD3, 0x9BD3,
    0x8AE7, 0x8AE7, 0x8AE7, 0x8AE7, 0x8AE7, 0x8AE7, 0x8AE7, 0x8AE7, 0x92E8, 0x92E8, 0x92E8, 0x9AE9, 0xA2E9, 0xAB0A, 0xAB0B, 0xAB0C,
    0xAB2E, 0xA32F, 0xA350, 0xA350, 0xA371, 0xA372, 0xA3B2, 0xA3D3, 0xA3F3, 0xA3F4, 0xA414, 0xA414, 0xA414, 0xA414, 0xA414, 0xA414,
    0x8B28, 0x8B28, 0x8B08, 0x8B28, 0x8B28, 0x8B28, 0x8B08, 0x8B08, 0x9328, 0x9328, 0x9328, 0x9B29, 0xA329, 0xAB4A, 0xAB4B, 0xAB4C,
    0xAB6D, 0xAB6F, 0xA390, 0xA391, 0xA3B1, 0xA3B2, 0xA3D3, 0xA413, 0xA433, 0xA434, 0xA454, 0xA454, 0xA454, 0xA454, 0xA454, 0xA454,
    0x8B48, 0x8B48, 0x8B48, 0x8B48, 0x9348, 0x8B48, 0x8B48, 0x9348, 0x9348, 0x9348, 0x9B69, 0x9B69, 0xA36A, 0xAB8A, 0xAB8B, 0xAB8C,
    0xABAD, 0xABAF, 0xA3D0, 0xA3F1, 0xA3F2, 0xA3F2, 0xA413, 0xA453, 0xA454, 0xA474, 0xA474, 0xA494, 0xA494, 0xA494, 0xA494, 0xA494,
    0x9388, 0x9388, 0x9389, 0x9389, 0x9389, 0x9389, 0x9389, 0x9389, 0x9389, 0x9389, 0x9B89, 0x9B89, 0xA3AA, 0xA3AA, 0xABCB, 0xABCC,
    0xABEE, 0xAC0F, 0xA410, 0xA431, 0xA432, 0xA432, 0xA453, 0xA473, 0xA494, 0xA4B4, 0xA4B4, 0xA4B4, 0xA4B4, 0xA4B4, 0xA4D4, 0xA4D4,
    0x93A9, 0x93A9, 0x93A9, 0x93C9, 0x93C9, 0x93C9, 0x93C9, 0x93C9, 0x93C9, 0x9BC9, 0x9BC9, 0x9BCA, 0xA3CA, 0xA3EB, 0xABEB, 0xAC0C,
    0xAC2E, 0xAC2F, 0xAC50, 0xA471, 0xA472, 0xA473, 0xA493, 0xA4B4, 0xA4B4, 0xACD4, 0xACD4, 0xACD5, 0xACF5, 0xACF5, 0xACF5, 0xACF5,
    0x93E9, 0x93E9, 0x93E9, 0x93E9, 0x93E9, 0x93E9, 0x940A, 0x9C0A, 0x9C0A, 0x9BEA, 0x9BEA, 0x9C0A, 0xA40B, 0xA40B, 0xAC2C, 0xAC2C,
    0xAC4D, 0xAC6F, 0xAC90, 0xAC91, 0xACB2, 0xACB3, 0xACD3, 0xA4D4, 0xACF4, 0xACF5, 0xAD15, 0xAD15, 0xAD15, 0xAD15, 0xAD35, 0xAD15,
    0x9C2A, 0x9C2A, 0x9C0A, 0x9C2A, 0x9C2A, 0x9C2A, 0x9C2A, 0x9C2A, 0x9C2A, 0x9C2A, 0x9C2A, 0xA44B, 0xA44B, 0xA44B, 0xAC4C, 0xAC6D,
    0xAC6D, 0xAC8F, 0xACB0, 0xACD1, 0xACD2, 0xACF3, 0xACF4, 0xACF4, 0xAD14, 0xAD35, 0xAD35, 0xAD35, 0xAD35, 0xAD55, 0xAD55, 0xAD55,
    0x9C4A, 0x9C4B, 0x9C6B, 0x9C6B, 0x9C6B, 0x9C6B, 0x9C6B, 0x9C6B, 0x9C6B, 0x9C6B, 0xA46B, 0xA48B, 0xA48C, 0xAC8C, 0xAC8C, 0xAC8D,
    0xACAE, 0xACAE, 0xACD0, 0xACD1, 0xACF2, 0xAD13, 0xAD14, 0xAD14, 0xAD35, 0xAD55, 0xAD55, 0xAD55, 0xAD55, 0xB576, 0xB576, 0xB576,
    0x9C6B, 0x9C8B, 0x9C8B, 0x9C8B, 0x9C8B, 0x9C8B, 0x9C8B, 0x9C8B, 0xA48B, 0xA4AC, 0xA4AC, 0xA4AC, 0xA4CC, 0xACCC, 0xACCD, 0xACCD,
    0xACCE, 0xACEF, 0xACF0, 0xAD11, 0xAD12, 0xAD33, 0xAD34, 0xAD55, 0xAD55, 0xB575, 0xB576, 0xB576, 0xB576, 0xB596, 0xB596, 0xB596,
    0x9CAB, 0x9CAB, 0x9CAB, 0x9CAC, 0x9CCC, 0x9CCC, 0xA4CC, 0xA4CC, 0xA4CC, 0xA4CC, 0xA4CC, 0xA4EC, 0xACED, 0xACED, 0xAD0D, 0xAD0E,
    0xAD0E, 0xAD0F, 0xB530, 0xB531, 0xAD32, 0xAD53, 0xAD54, 0xB575, 0xB575, 0xB596, 0xB596, 0xB596, 0xB5B6, 0xB5B6, 0xB5B6, 0xB5D6,
    0x9CCC, 0x9CEC, 0xA4EC, 0xA4EC, 0xA4EC, 0xA4EC, 0xA4EC, 0xA4EC, 0xA4EC, 0xA4EC, 0xA50D, 0xAD0D, 0xAD2D, 0xAD2D, 0xAD2E, 0xAD2E,
    0xAD2F, 0xB530, 0xB551, 0xB552, 0xB552, 0xB573, 0xB574, 0xB595, 0xB596, 0xB5B6, 0xB5B6, 0xB5B6, 0xBDD7, 0xBDD7, 0xBDD7, 0xBDF7,
    0xA50D, 0xA50D, 0xA50D, 0xA52D, 0xA52D, 0xA52D, 0xA50D, 0xA52D, 0xA52D, 0xA52D, 0xAD2D, 0xAD2D, 0xAD4E, 0xAD4E, 0xAD4E, 0xAD4F,
    0xB550, 0xB550, 0xB571, 0xB572, 0xB573, 0xB594, 0xB594, 0xB595, 0xB5B6, 0xBDD6, 0xBDD7, 0xBDD7, 0xBDF7, 0xBDF7, 0xBDF7, 0xBE17,
    0xA52D, 0xA52D, 0xA54D, 0xA54D, 0xA54D, 0xA54D, 0xA54D, 0xA54D, 0xAD4D, 0xAD4D, 0xAD4D, 0xAD4E, 0xAD6E, 0xAD6F, 0xAD6F, 0xAD70,
    0xB570, 0xB591, 0xB592, 0xB593, 0xB5B4, 0xB5B4, 0xB5B5, 0xB5B5, 0xBDD6, 0xBDF6, 0xBDF7, 0xBDF7, 0xBE17, 0xBE17, 0xBE17, 0xC618,
    0xA54D, 0xA54D, 0xA54D, 0xA54D, 0xAD6D, 0xAD6E, 0xAD6E, 0xAD6E, 0xAD6E, 0xAD6E, 0xAD6E, 0xAD8E, 0xAD8F, 0xAD8F, 0xAD90, 0xAD90,
    0xB591, 0xB5B2, 0xB5B3, 0xB5B3, 0xB5D4, 0xB5D5, 0xB5D5, 0xB5D5, 0xBDD6, 0xBDF6, 0xBE17, 0xC618, 0xC638, 0xC638, 0xC638, 0xC638,
    0xA56D, 0xA56E, 0xA56E, 0xAD6E, 0xAD6E, 0xAD8E, 0xAD8E, 0xAD8E, 0xAD8E, 0xAD8E, 0xAD8F, 0xAD8F, 0xADAF, 0xADB0, 0xADB0, 0xADB1,
    0xB5B2, 0xB5D3, 0xB5D3, 0xB5D4, 0xB5D4, 0xB5D5, 0xB5D5, 0xBDD6, 0xBDF6, 0xBDF7, 0xBE17, 0xC638, 0xC638, 0xC638, 0xC638, 0xC638,
    0xAD8E, 0xAD8E, 0xAD8E, 0xAD8E, 0xAD8E, 0xAD8E, 0xAD8E, 0xADAE, 0xADAF, 0xADAF, 0xADAF, 0xADAF, 0xADB0, 0xADB0, 0xADB1, 0xB5D2,
    0xB5D2, 0xB5D3, 0xB5D4, 0xB5F4, 0xB5F5, 0xB5F5, 0xBDF6, 0xBDF6, 0xBDF6, 0xBE17, 0xBE17, 0xC638, 0xC638, 0xC638, 0xC638, 0xC638,
    0xA58E, 0xA58E, 0xA58E, 0xAD8E, 0xAD8E, 0xAD8E, 0xAD8E, 0xAD8E, 0xADAE, 0xADAF, 0xADAF, 0xADAF, 0xADB0, 0xADB0, 0xADB1, 0xB5D2,
    0xB5D2, 0xB5D3, 0xB5D4, 0xB5F5, 0xB5F5, 0xB5F5, 0xB5F6, 0xBDF6, 0xBDF7, 0xBE17, 0xBE17, 0xC638, 0xC638, 0xC618, 0xC638, 0xC638,
    0xA58E, 0xA58E, 0xA58E, 0xA58E, 0xA58E, 0xA58E, 0xA58E, 0xAD8E, 0xAD8E, 0xADAF, 0xADAF, 0xADAF, 0xADB0, 0xADB0, 0xADB1, 0xB5D2,
    0xB5D3, 0xB5D3, 0xB5D4, 0xB5F5, 0xB5F5, 0xB5F6, 0xB5F6, 0xBDF6, 0xBE17, 0xBE17, 0xBE17, 0xBE18, 0xBE18, 0xC618, 0xC618, 0xC638,
    0x60C3, 0x60C3, 0x60C3, 0x60E3, 0x60E4, 0x60E4, 0x60E4, 0x60E5, 0x60E5, 0x60E6, 0x6106, 0x6107, 0x6107, 0x6108, 0x6108, 0x6109,
    0x6109, 0x612A, 0x612A, 0x612B, 0x614B, 0x614C, 0x614C, 0x614C, 0x612C, 0x612C, 0x612C, 0x612C, 0x612C, 0x612C, 0x612C, 0x612C,
    0x60C3, 0x60C3, 0x60E3, 0x60E3, 0x60E3, 0x60E4, 0x60E4, 0x60E5, 0x60E5, 0x60E6, 0x6106, 0x6107, 0x6107, 0x6108, 0x6108, 0x6109,
    0x6129, 0x612A, 0x612A, 0x614B, 0x614C, 0x614C, 0x614C, 0x614C, 0x614C, 0x614C, 0x614C, 0x614C, 0x614C, 0x614C, 0x614C, 0x614C,
    0x60E3, 0x60E3, 0x60E3, 0x60E3, 0x60E3, 0x60E4, 0x60E4, 0x60E5, 0x60E5, 0x60E6, 0x6106, 0x6107, 0x6107, 0x6108, 0x6108, 0x6129,
    0x6129, 0x612A, 0x614B, 0x614B, 0x614C, 0x694C, 0x694D, 0x614C, 0x614C, 0x614C, 0x614C, 0x614C, 0x614C, 0x614C, 0x614C, 0x614C,
    0x60E3, 0x60E3, 0x60E3, 0x60E3, 0x68E3, 0x68E4, 0x68E4, 0x6905, 0x6905, 0x6906, 0x6906, 0x6907, 0x6928, 0x6928, 0x6928, 0x6929,
    0x694A, 0x694B, 0x696B, 0x696C, 0x696D, 0x698D, 0x698D, 0x698D, 0x698D, 0x698D, 0x698D, 0x698D, 0x698D, 0x698D, 0x698D, 0x698D,
    0x60E3, 0x6103, 0x6103, 0x6903, 0x6904, 0x6904, 0x6904, 0x6905, 0x6905, 0x6926, 0x6927, 0x6927, 0x6928, 0x6948, 0x6949, 0x714A,
    0x716A, 0x716B, 0x718C, 0x718D, 0x71AD, 0x71AE, 0x71AE, 0x71AE, 0x71AE, 0x71AE, 0x71AE, 0x71AE, 0x71AE, 0x71AE, 0x71AE, 0x71AE,
    0x6924, 0x6924, 0x6924, 0x6924, 0x6924, 0x7124, 0x7124, 0x7125, 0x7126, 0x7146, 0x7147, 0x7148, 0x7168, 0x7169, 0x716A, 0x718A,
    0x718B, 0x718C, 0x71AC, 0x71AD, 0x71CE, 0x71CE, 0x71CE, 0x71CE, 0x71CE, 0x71CE, 0x71CE, 0x79EF, 0x79EF, 0x79EF, 0x79EF, 0x79EF,
    0x6944, 0x6944, 0x6944, 0x6944, 0x6944, 0x7144, 0x7944, 0x7945, 0x8146, 0x8167, 0x7967, 0x7968, 0x7989, 0x798A, 0x798A, 0x79AB,
    0x79AB, 0x79AC, 0x79CD, 0x79CD, 0x79EE, 0x79EF, 0x7A0F, 0x7A0F, 0x7A0F, 0x7A0F, 0x7A0F, 0x7A0F, 0x7A0F, 0x7A0F, 0x7A2F, 0x7A2F,
    0x7164, 0x7164, 0x7164, 0x7164, 0x7164, 0x7964, 0x7965, 0x8185, 0x8986, 0x8187, 0x8187, 0x8188, 0x81A9, 0x81AA, 0x81AA, 0x81CB,
    0x81CC, 0x81ED, 0x81ED, 0x820E, 0x820E, 0x822F, 0x822F, 0x8250, 0x8250, 0x8250, 0x8250, 0x8250, 0x8250, 0x8250, 0x8250, 0x8250,
    0x71A5, 0x71A5, 0x71A4, 0x71A5, 0x71A5, 0x79A5, 0x79A5, 0x81A5, 0x89A6, 0x89A7, 0x89A7, 0x89C8, 0x89C9, 0x89CA, 0x89EB, 0x89EC,
    0x89EC, 0x8A0D, 0x820E, 0x822E, 0x824F, 0x8250, 0x8A70, 0x8A70, 0x8A91, 0x8A91, 0x8A91, 0x8A91, 0x8A91, 0x8A91, 0x8A91, 0x8A91,
    0x79E5, 0x79E5, 0x79E5, 0x79E5, 0x79E5, 0x79E5, 0x81E5, 0x81E6, 0x89E6, 0x91E7, 0x91E7, 0x91E8, 0x91E9, 0x920A, 0x920B, 0x8A0C,
    0x8A2D, 0x8A2D, 0x8A4E, 0x8A4F, 0x8A6F, 0x8A90, 0x8AB1, 0x8AB1, 0x8AB1, 0x92D2, 0x92D2, 0x92D2, 0x92D2, 0x92D2, 0x92D2, 0x92D2,
    0x7A05, 0x7A05, 0x7A05, 0x7A05, 0x7A25, 0x7A25, 0x8206, 0x8206, 0x8A26, 0x9227, 0x9A27, 0x9A28, 0x9A29, 0x9A2A, 0x9A2B, 0x924C,
    0x924D, 0x926E, 0x926F, 0x928F, 0x9290, 0x92B1, 0x92D1, 0x92F2, 0x92F2, 0x92F2, 0x92F2, 0x92F2, 0x9312, 0x9312, 0x9312, 0x9312,
    0x8246, 0x8246, 0x8246, 0x8246, 0x8246, 0x8246, 0x8246, 0x8A46, 0x8A46, 0x9247, 0x9A48, 0x9A48, 0xA249, 0xA24A, 0xA26B, 0x9A6C,
    0x9A8D, 0x9A8E, 0x9AAF, 0x9AB0, 0x9AD1, 0x9AF1, 0x9B12, 0x9B32, 0x9B33, 0x9B33, 0x9B33, 0x9B33, 0x9B53, 0x9B53, 0x9B53, 0x9B53,
    0x8286, 0x8286, 0x8266, 0x8286, 0x8286, 0x8286, 0x8286, 0x8A86, 0x8A87, 0x9287, 0x9A88, 0xA288, 0xAA89, 0xAA8A, 0xAA8B, 0xA2AD,
    0xA2AE, 0xA2CF, 0x9ACF, 0x9AF0, 0x9B11, 0x9B32, 0x9B52, 0x9B73, 0x9B73, 0x9B73, 0x9B73, 0x9B73, 0x9B93, 0x9B93, 0x9B93, 0x9B93,
    0x8AA7, 0x8AA7, 0x8AA7, 0x8AA7, 0x8AA7, 0x8AA7, 0x8AA7, 0x8AA7, 0x8AA7, 0x92C8, 0x92C8, 0x9AC8, 0xA2A9, 0xAACA, 0xAACB, 0xAACC,
    0xA2EE, 0xA30F, 0xA310, 0xA310, 0x9B31, 0x9B52, 0x9B72, 0x9B93, 0x9BB3, 0x9BD3, 0x9BD3, 0x9BD3, 0x9BD3, 0x9BD3, 0x9BD3, 0x9BD3,
    0x8AE7, 0x8AE7, 0x8AE7, 0x8AE7, 0x8AE7, 0x8AE7, 0x8AE7, 0x8AE7, 0x8AE7, 0x92E8, 0x92E8, 0x9AE9, 0xA2E9, 0xAB0A, 0xAB0B, 0xAB0C,
    0xAB2D, 0xA32F, 0xA350, 0xA350, 0xA371, 0xA392, 0xA3B2, 0xA3D3, 0xA3F3, 0xA414, 0xA414, 0xA414, 0xA414, 0xA414, 0xA414, 0xA414,
    0x8B08, 0x8B08, 0x8B08, 0x8B08, 0x8B08, 0x8B08, 0x8B08, 0x8B08, 0x9308, 0x9328, 0x9B28, 0x9B29, 0xA329, 0xAB4A, 0xAB4B, 0xAB4C,
    0xAB6D, 0xAB6F, 0xA390, 0xA391, 0xA3B1, 0xA3B2, 0xA3F3, 0xA413, 0xA433, 0xA454, 0xA454, 0xA454, 0xA454, 0xA454, 0xA454, 0xA454,
    0x8B48, 0x8B48, 0x8B48, 0x8B48, 0x8B48, 0x8B48, 0x8B48, 0x9348, 0x9348, 0x9348, 0x9B49, 0x9B69, 0xA36A, 0xAB8A, 0xAB8B, 0xAB8C,
    0xABAD, 0xABAF, 0xA3D0, 0xA3D1, 0xA3F1, 0xA3F2, 0xA413, 0xA453, 0xA474, 0xA474, 0xA494, 0xA494, 0xA494, 0xA494, 0xA494, 0xA494,
    0x9368, 0x9388, 0x9388, 0x9388, 0x9388, 0x9388, 0x9368, 0x9388, 0x9389, 0x9389, 0x9B89, 0x9B89, 0xA38A, 0xA3AA, 0xABAB, 0xABCC,
    0xABCD, 0xABEF, 0xA410, 0xA431, 0xA432, 0xA452, 0xA453, 0xA473, 0xA494, 0xA4B4, 0xA4B4, 0xA4B4, 0xA4B4, 0xA4B4, 0xA4B4, 0xA4D4,
    0x93A9, 0x93A9, 0x93A9, 0x93A9, 0x93A9, 0x93A9, 0x93A9, 0x93A9, 0x93A9, 0x9BC9, 0x9BC9, 0x9BCA, 0xA3CA, 0xA3CB, 0xABEB, 0xABEC,
    0xAC0D, 0xAC2F, 0xAC50, 0xA471, 0xA472, 0xA473, 0xA493, 0xA4B4, 0xA4B4, 0xACD4, 0xACD5, 0xACF5, 0xACF5, 0xACF5, 0xACF5, 0xACF5,
    0x93E9, 0x93E9, 0x93E9, 0x93E9, 0x93E9, 0x93E9, 0x93E9, 0x93EA, 0x9BEA, 0x9BEA, 0x9BEA, 0x9C0A, 0xA40B, 0xA40B, 0xAC0B, 0xAC2C,
    0xAC4D, 0xAC4F, 0xAC70, 0xAC91, 0xACB2, 0xACB3, 0xA4D3, 0xA4D4, 0xACF4, 0xACF5, 0xAD15, 0xAD15, 0xAD15, 0xAD15, 0xAD15, 0xAD15,
    0x9C0A, 0x9C0A, 0x9C0A, 0x9C2A, 0x9C2A, 0x9C2A, 0x9C2A, 0x9C2A, 0x9C2A, 0x9C2A, 0x9C2A, 0xA42B, 0xA44B, 0xA44B, 0xAC4C, 0xAC6D,
    0xAC6D, 0xAC8F, 0xAC90, 0xACD1, 0xACD2, 0xACF3, 0xACF4, 0xACF4, 0xAD14, 0xAD35, 0xAD35, 0xAD35, 0xAD35, 0xAD55, 0xAD55, 0xAD55,
    0x9C4A, 0x9C4A, 0x9C4B, 0x9C4B, 0x9C6B, 0x9C4B, 0x9C4B, 0x9C4B, 0x9C4B, 0x9C6B, 0xA46B, 0xA46B, 0xA46B, 0xAC6C, 0xAC8C, 0xAC8D,
    0xACAE, 0xACAE, 0xACB0, 0xACD1, 0xACF2, 0xAD13, 0xAD14, 0xAD14, 0xAD35, 0xAD55, 0xAD55, 0xAD55, 0xB556, 0xB576, 0xB576, 0xB576,
    0x9C6B, 0x9C8B, 0x9C8B, 0x9C8B, 0x9C8B, 0x9C8B, 0x9C8B, 0xA48B, 0xA48B, 0xA48C, 0xA4AC, 0xA4AC, 0xACAC, 0xACAC, 0xACCD, 0xACCD,
    0xACCE, 0xACCF, 0xACF0, 0xACF1, 0xAD12, 0xAD33, 0xAD34, 0xAD54, 0xAD55, 0xB575, 0xB576, 0xB576, 0xB596, 0xB596, 0xB596, 0xB596,
    0x9CAB, 0x9CAB, 0x9CAC, 0xA4AC, 0xA4AC, 0xA4AC, 0xA4AC, 0xA4CC, 0xA4CC, 0xA4CC, 0xA4CC, 0xACEC, 0xACED, 0xACED, 0xACED, 0xACEE,
    0xAD0E, 0xAD0F, 0xB510, 0xB531, 0xB532, 0xAD53, 0xB554, 0xB575, 0xB575, 0xB596, 0xB596, 0xB5B6, 0xB5B6, 0xB5B6, 0xB5B6, 0xB5B6,
    0xA4CC, 0xA4CC, 0xA4EC, 0xA4EC, 0xA4EC, 0xA4EC, 0xA4EC, 0xA4EC, 0xA4EC, 0xA4EC, 0xAD0D, 0xAD0D, 0xAD0D, 0xAD2E, 0xAD2E, 0xAD2F,
    0xB52F, 0xB530, 0xB551, 0xB552, 0xB552, 0xB573, 0xB574, 0xB595, 0xB595, 0xB5B6, 0xB5B6, 0xB5B6, 0xBDD7, 0xBDD7, 0xBDD7, 0xBDD7,
    0xA50D, 0xA50D, 0xA50D, 0xA50D, 0xA50D, 0xA50D, 0xA50D, 0xA50D, 0xAD2D, 0xAD2D, 0xAD2D, 0xAD2D, 0xAD4E, 0xAD4E, 0xB54F, 0xB54F,
    0xB550, 0xB551, 0xB571, 0xB572, 0xB573, 0xB594, 0xB594, 0xB595, 0xB5B6, 0xBDD6, 0xBDD7, 0xBDD7, 0xBDF7, 0xBDF7, 0xBDF7, 0xBDF7,
    0xA52D, 0xA52D, 0xA52D, 0xAD2D, 0xAD4D, 0xAD4D, 0xAD4D, 0xAD4D, 0xAD4D, 0xAD4D, 0xAD4E, 0xAD4E, 0xAD4E, 0xAD6F, 0xB56F, 0xB570,
    0xB571, 0xB591, 0xB592, 0xB593, 0xB594, 0xB5B4, 0xB5B5, 0xB5B5, 0xB5D6, 0xBDD6, 0xBDF7, 0xBDF7, 0xBDF7, 0xBE17, 0xBE17, 0xC618,
    0xA54D, 0xA54D, 0xAD4D, 0xAD4E, 0xAD6E, 0xAD6E, 0xAD6E, 0xAD6E, 0xAD6E, 0xAD6E, 0xAD6E, 0xAD6F, 0xAD8F, 0xB58F, 0xB590, 0xB590,
    0xB591, 0xB5B2, 0xB5B3, 0xB5B4, 0xB5D4, 0xB5D5, 0xB5D5, 0xB5D5, 0xBDD6, 0xBDF6, 0xBDF7, 0xC617, 0xC618, 0xC638, 0xC638, 0xC638,
    0xAD6E, 0xAD6E, 0xAD8E, 0xAD6E, 0xAD6E, 0xAD8E, 0xAD8E, 0xAD8E, 0xAD8E, 0xAD8F, 0xAD8F, 0xAD8F, 0xB58F, 0xB5B0, 0xB5B1, 0xB5B1,
    0xB5B2, 0xB5D3, 0xB5D3, 0xB5D4, 0xBDD5, 0xBDD5, 0xBDD5, 0xBDD6, 0xBDF6, 0xBDF6, 0xBE17, 0xC617, 0xC638, 0xC638, 0xC638, 0xC638,
    0xAD8E, 0xAD8E, 0xADAE, 0xAD8E, 0xAD8E, 0xAD8F, 0xAD8F, 0xADAF, 0xADAF, 0xADAF, 0xB5AF, 0xB5B0, 0xB5B0, 0xB5B1, 0xB5D1, 0xB5D2,
    0xB5D3, 0xB5D3, 0xB5D4, 0xBDD4, 0xBDF5, 0xBDF5, 0xBDF6, 0xBDF6, 0xBDF6, 0xBDF7, 0xBE17, 0xC617, 0xC638, 0xC638, 0xC638, 0xC638,
    0xAD8E, 0xAD8E, 0xAD8E, 0xAD8E, 0xAD8E, 0xAD8E, 0xAD8F, 0xADAF, 0xADAF, 0xADAF, 0xADAF, 0xADB0, 0xB5B0, 0xB5B0, 0xB5D1, 0xB5D2,
    0xB5D3, 0xB5D3, 0xB5D4, 0xB5D5, 0xBDF5, 0xBDF5, 0xBDF6, 0xBDF6, 0xBDF6, 0xBE17, 0xBE17, 0xBE17, 0xC618, 0xC638, 0xC638, 0xC638,
    0xAD8E, 0xAD8E, 0xAD8E, 0xAD8E, 0xAD8E, 0xAD8E, 0xAD8E, 0xADAF, 0xADAF, 0xADAF, 0xADAF, 0xADB0, 0xADB0, 0xADB0, 0xB5D1, 0xB5D2,
    0xB5D3, 0xB5D3, 0xB5D4, 0xB5D5, 0xB5F5, 0xBDF5, 0xBDF6, 0xBDF6, 0xBDF6, 0xBE17, 0xBE17, 0xBE17, 0xBE17, 0xC638, 0xC638, 0xC638,
    0x60C3, 0x60C3, 0x60E3, 0x60E3, 0x60E3, 0x60E4, 0x60E4, 0x60E5, 0x60E5, 0x60E6, 0x60E6, 0x6107, 0x6107, 0x6108, 0x6108, 0x6108,
    0x6109, 0x612A, 0x612A, 0x612B, 0x614B, 0x614C, 0x614C, 0x614C, 0x614C, 0x612C, 0x612C, 0x612C, 0x612C, 0x612C, 0x612C, 0x612C,
    0x60C3, 0x60C3, 0x60E3, 0x60E3, 0x60E3, 0x60E4, 0x60E4, 0x60E5, 0x60E5, 0x60E6, 0x60E6, 0x6107, 0x6107, 0x6108, 0x6108, 0x6109,
    0x6129, 0x612A, 0x612A, 0x614B, 0x614C, 0x614C, 0x614C, 0x614C, 0x614C, 0x614C, 0x614C, 0x614C, 0x614C, 0x614C, 0x614C, 0x614C,
    0x60E3, 0x60E3, 0x60C3, 0x60E3, 0x60E3, 0x60E4, 0x60E4, 0x60E5, 0x60E5, 0x60E6, 0x6106, 0x6107, 0x6107, 0x6108, 0x6108, 0x6129,
    0x6129, 0x612A, 0x612B, 0x614B, 0x694C, 0x696D, 0x696D, 0x614C, 0x614C, 0x614C, 0x614C, 0x614C, 0x614C, 0x614C, 0x614C, 0x614C,
    0x60E3, 0x60E3, 0x60E3, 0x60E3, 0x68E3, 0x68E4, 0x68E4, 0x6905, 0x6905, 0x6906, 0x6906, 0x6907, 0x6928, 0x6928, 0x6929, 0x6929,
    0x694A, 0x694A, 0x694B, 0x696C, 0x698D, 0x698D, 0x698D, 0x698D, 0x698D, 0x698D, 0x698D, 0x698D, 0x698D, 0x698D, 0x698D, 0x698D,
    0x6903, 0x6103, 0x6903, 0x6903, 0x6903, 0x6904, 0x7104, 0x6905, 0x6925, 0x6926, 0x6927, 0x6927, 0x6928, 0x6948, 0x6949, 0x714A,
    0x716A, 0x716B, 0x716C, 0x718D, 0x71AD, 0x71AE, 0x71AE, 0x71AE, 0x71AE, 0x71AE, 0x71AE, 0x71AE, 0x71AE, 0x71AE, 0x71AE, 0x71AE,
    0x6924, 0x6924, 0x6924, 0x6924, 0x6924, 0x7124, 0x7124, 0x7125, 0x7946, 0x7946, 0x7147, 0x7148, 0x7148, 0x7169, 0x716A, 0x718A,
    0x718B, 0x718C, 0x79AC, 0x79AD, 0x79CE, 0x79CE, 0x79EE, 0x71CE, 0x71CE, 0x71CE, 0x71EE, 0x71EE, 0x79EF, 0x79EF, 0x79EF, 0x79EF,
    0x6944, 0x6944, 0x6944, 0x6944, 0x6944, 0x7144, 0x7944, 0x7945, 0x8166, 0x8167, 0x8167, 0x7968, 0x7989, 0x7989, 0x798A, 0x79AB,
    0x79AB, 0x79AC, 0x79CD, 0x79ED, 0x79EE, 0x7A0F, 0x7A0F, 0x7A0F, 0x7A0F, 0x7A0F, 0x7A0F, 0x7A0F, 0x7A0F, 0x7A2F, 0x7A2F, 0x7A0F,
    0x7164, 0x7164, 0x7184, 0x7164, 0x7164, 0x7164, 0x7965, 0x8185, 0x8186, 0x8987, 0x8987, 0x81A8, 0x81A9, 0x81AA, 0x81AA, 0x81CB,
    0x81CC, 0x81EC, 0x81ED, 0x820E, 0x820F, 0x822F, 0x8250, 0x8250, 0x8250, 0x8250, 0x8250, 0x8250, 0x8250, 0x8250, 0x8250, 0x8250,
    0x71A5, 0x71A5, 0x71A5, 0x71A5, 0x71A5, 0x79A5, 0x79A5, 0x81A5, 0x89A6, 0x89A7, 0x89C7, 0x89C8, 0x89C9, 0x89CA, 0x89EB, 0x89EC,
    0x89EC, 0x8A0D, 0x822E, 0x822E, 0x824F, 0x8A70, 0x8A70, 0x8A91, 0x8A91, 0x8A91, 0x8A91, 0x8A91, 0x8A91, 0x8A91, 0x8A91, 0x8A91,
    0x79C5, 0x79E5, 0x79E5, 0x79E5, 0x79E5, 0x79E5, 0x79E5, 0x81E6, 0x89E6, 0x91E7, 0x91E7, 0x91E8, 0x91E9, 0x920A, 0x920B, 0x8A0C,
    0x8A2D, 0x8A4D, 0x8A4E, 0x8A4F, 0x8A70, 0x8A90, 0x92B1, 0x92D1, 0x92D2, 0x92D2, 0x92D2, 0x8AB1, 0x92D2, 0x92D2, 0x92D2, 0x92D2,
    0x7A05, 0x7A05, 0x7A05, 0x7A05, 0x7A25, 0x7A25, 0x8226, 0x8A26, 0x8A26, 0x9227, 0x9A27, 0x9A08, 0x9A09, 0x9A2A, 0x9A2B, 0x924C,
    0x924D, 0x926E, 0x928F, 0x928F, 0x92B0, 0x92B1, 0x92D1, 0x92F2, 0x9312, 0x9312, 0x92F2, 0x92F2, 0x92F2, 0x9312, 0x9312, 0x9312,
    0x8246, 0x8246, 0x8246, 0x8246, 0x8246, 0x8246, 0x8246, 0x8A46, 0x8A46, 0x9247, 0x9A48, 0x9A48, 0xA249, 0xA24A, 0xA24B, 0x9A6C,
    0x9A8D, 0x9AAE, 0x9AAF, 0x9AB0, 0x9AD1, 0x9AF1, 0x9B12, 0x9B32, 0x9B33, 0x9B33, 0x9B33, 0x9B33, 0x9B33, 0x9B53, 0x9B53, 0x9B53,
    0x8266, 0x8266, 0x8266, 0x8286, 0x8286, 0x8286, 0x8266, 0x8A86, 0x8A87, 0x9287, 0x9A88, 0xA288, 0xAA89, 0xAA8A, 0xAA8B, 0xA2AD,
    0xA2AE, 0xA2CF, 0xA2EF, 0x9AF0, 0x9AF1, 0x9B11, 0x9B52, 0x9B73, 0x9B73, 0x9B73, 0x9B73, 0x9B73, 0x9B73, 0x9B93, 0x9B93, 0x9B93,
    0x82A6, 0x82A7, 0x8AA7, 0x8AA7, 0x8AA7, 0x8AA7, 0x8AA7, 0x8AA7, 0x8AA7, 0x92A7, 0x92C8, 0x9AA8, 0xA2A9, 0xAACA, 0xAACB, 0xAACC,
    0xA2EE, 0xA30F, 0xA30F, 0xA310, 0xA331, 0x9B52, 0x9B72, 0x9B93, 0x9BB3, 0x9BB3, 0x9BD3, 0x9BD3, 0x9BD3, 0x9BD3, 0x9BD3, 0x9BD3,
    0x8AC7, 0x8AE7, 0x8AE7, 0x8AE7, 0x8AE7, 0x8AE7, 0x8AC7, 0x8AC7, 0x8AE7, 0x92E8, 0x92E8, 0x9AE8, 0xA2E9, 0xAB0A, 0xAB0B, 0xAB0C,
    0xAB2D, 0xA32F, 0xA34F, 0xA350, 0xA371, 0xA392, 0xA3B2, 0xA3D3, 0xA3F3, 0xA414, 0xA414, 0xA414, 0xA414, 0xA414, 0xA414, 0xA414,
    0x8B07, 0x8B07, 0x8B08, 0x8B08, 0x8B07, 0x8B07, 0x8B07, 0x8B08, 0x9308, 0x9328, 0x9B28, 0x9B29, 0xA329, 0xAB4A, 0xAB4B, 0xAB4C,
    0xAB6D, 0xAB6F, 0xA390, 0xA390, 0xA3B1, 0xA3B2, 0xA3F3, 0xA413, 0xA433, 0xA454, 0xA454, 0xA454, 0xA454, 0xA454, 0xA454, 0xA454,
    0x8B28, 0x8B48, 0x8B48, 0x8B48, 0x8B48, 0x8B48, 0x8B28, 0x9348, 0x9348, 0x9348, 0x9B49, 0x9B69, 0xA36A, 0xAB6A, 0xAB8B, 0xAB8C,
    0xABAD, 0xABAF, 0xA3D0, 0xA3D1, 0xA3F1, 0xA412, 0xA433, 0xA453, 0xA474, 0xA494, 0xA494, 0xA494, 0xA494, 0xA494, 0xA494, 0xA494,
    0x9368, 0x9368, 0x9368, 0x9368, 0x9368, 0x9368, 0x9368, 0x9368, 0x9388, 0x9389, 0x9B89, 0x9B89, 0xA38A, 0xA38A, 0xAB8B, 0xABAC,
    0xABCD, 0xABEF, 0xA410, 0xA411, 0xA432, 0xA452, 0xA473, 0xA473, 0xA494, 0xA4B4, 0xA4B4, 0xA4B4, 0xA4B4, 0xA4B4, 0xA4B4, 0xA4B4,
    0x93A9, 0x93A9, 0x93A9, 0x93A9, 0x93A9, 0x93A9, 0x93A9, 0x93A9, 0x93A9, 0x93A9, 0x9BA9, 0x9BCA, 0xA3CA, 0xA3CA, 0xABCB, 0xABEC,
    0xAC0D, 0xAC2E, 0xAC30, 0xA451, 0xA472, 0xA493, 0xA493, 0xA4B4, 0xA4D4, 0xA4D4, 0xACF4, 0xACF5, 0xACF5, 0xACF5, 0xACF5, 0xACF5,
    0x93E9, 0x93E9, 0x93E9, 0x93E9, 0x93E9, 0x93E9, 0x93C9, 0x93E9, 0x9BE9, 0x9BEA, 0x9BEA, 0x9BEA, 0xA3EA, 0xA40B, 0xAC0B, 0xAC2C,
    0xAC2D, 0xAC4E, 0xAC70, 0xAC91, 0xACB2, 0xA4B3, 0xA4D3, 0xACD4, 0xACF4, 0xACF5, 0xAD15, 0xAD15, 0xAD15, 0xAD15, 0xAD15, 0xAD15,
    0x9C0A, 0x9C0A, 0x9C0A, 0x9C0A, 0x9C2A, 0x9C0A, 0x9C0A, 0x9C0A, 0x9C0A, 0x9C2A, 0x9C2A, 0xA42B, 0xA42B, 0xA42B, 0xAC4C, 0xAC4C,
    0xAC6D, 0xAC6E, 0xAC90, 0xACD1, 0xACD2, 0xACF3, 0xACF3, 0xACF4, 0xAD14, 0xAD35, 0xAD35, 0xAD35, 0xAD35, 0xAD55, 0xAD55, 0xAD55,
    0x9C4A, 0x9C4A, 0x9C4B, 0x9C4B, 0x9C4B, 0x9C4B, 0x9C4B, 0x9C4B, 0x9C4B, 0x9C4B, 0xA44B, 0xA44B, 0xA44B, 0xAC6C, 0xAC8C, 0xAC8D,
    0xAC8E, 0xAC8E, 0xACB0, 0xACD1, 0xACF2, 0xAD13, 0xAD14, 0xAD14, 0xAD35, 0xAD55, 0xAD55, 0xAD55, 0xB576, 0xB576, 0xB576, 0xB576,
    0x9C6B, 0x9C6B, 0x9C8B, 0x9C8B, 0xA48B, 0x9C8B, 0x9C6B, 0xA48B, 0xA48B, 0xA48B, 0xA48C, 0xA48C, 0xA48C, 0xACAC, 0xACAD, 0xACCD,
    0xACCE, 0xACCF, 0xACF0, 0xAD11, 0xAD12, 0xAD33, 0xAD34, 0xAD54, 0xAD55, 0xB575, 0xB576, 0xB596, 0xB596, 0xB596, 0xB596, 0xB596,
    0x9CAB, 0xA4AC, 0xA4AC, 0xA4AC, 0xA4AC, 0xA4AC, 0xA4AC, 0xA4AC, 0xA4CC, 0xA4CC, 0xA4CC, 0xACCC, 0xACED, 0xACED, 0xACED, 0xACEE,
    0xAD0E, 0xAD0F, 0xB510, 0xB531, 0xB532, 0xAD53, 0xB554, 0xB575, 0xB575, 0xB596, 0xB596, 0xB5B6, 0xB5B6, 0xB5B6, 0xB5B6, 0xB5B6,
    0xA4CC, 0xA4CC, 0xA4CC, 0xA4CC, 0xA4EC, 0xA4CC, 0xA4EC, 0xA4EC, 0xACED, 0xA4ED, 0xACED, 0xAD0D, 0xAD0D, 0xAD0E, 0xB50E, 0xB52F,
    0xB52F, 0xB530, 0xB551, 0xB552, 0xB552, 0xB573, 0xB574, 0xB575, 0xB595, 0xB5B6, 0xB5B6, 0xB5D6, 0xBDD7, 0xBDD7, 0xBDD7, 0xBDD7,
    0xA50D, 0xA50D, 0xA4ED, 0xAD0D, 0xAD0D, 0xAD0D, 0xAD0D, 0xAD0D, 0xAD2D, 0xAD2D, 0xAD2D, 0xAD2D, 0xB52E, 0xB54E, 0xB54F, 0xB54F,
    0xB550, 0xB551, 0xB571, 0xB572, 0xB573, 0xB594, 0xB594, 0xB595, 0xB5B5, 0xBDD6, 0xBDD7, 0xBDD7, 0xBDF7, 0xBDF7, 0xBDF7, 0xBDF7,
    0xAD2D, 0xAD2D, 0xAD2D, 0xAD2D, 0xAD2D, 0xAD2D, 0xAD4D, 0xAD4D, 0xAD4D, 0xAD4E, 0xAD4E, 0xAD4E, 0xB54E, 0xB54F, 0xB56F, 0xB570,
    0xB571, 0xB591, 0xB592, 0xB593, 0xB594, 0xB5B4, 0xB5B5, 0xB5B5, 0xB5B6, 0xBDD6, 0xBDF7, 0xBDF7, 0xBDF7, 0xBE17, 0xBE17, 0xC618,
    0xAD4D, 0xAD4D, 0xAD4E, 0xAD4E, 0xAD4E, 0xAD6E, 0xAD6E, 0xAD6E, 0xAD6E, 0xAD6E, 0xB56E, 0xB56F, 0xB56F, 0xB56F, 0xB590, 0xB591,
    0xB592, 0xB5B2, 0xB5B3, 0xB5B4, 0xB5B4, 0xB5D5, 0xB5D5, 0xB5D6, 0xBDD6, 0xBDD6, 0xBDF7, 0xC617, 0xC618, 0xC638, 0xC638, 0xC638,
    0xAD6E, 0xAD6E, 0xAD8E, 0xAD6E, 0xAD6E, 0xAD8E, 0xAD8F, 0xAD8F, 0xAD8F, 0xB58F, 0xB58F, 0xB58F, 0xB590, 0xB590, 0xB5B1, 0xB5B1,
    0xB5B2, 0xB5D3, 0xBDD4, 0xBDD4, 0xBDD5, 0xBDD5, 0xBDD5, 0xBDF6, 0xBDF6, 0xBDF6, 0xBDF7, 0xBE17, 0xC617, 0xC638, 0xC638, 0xC638,
    0xAD8E, 0xAD8E, 0xADAF, 0xAD8F, 0xAD8F, 0xB58F, 0xB5AF, 0xB5AF, 0xB5AF, 0xB5AF, 0xB5B0, 0xB5B0, 0xB5B0, 0xB5B1, 0xB5D1, 0xB5D2,
    0xBDD3, 0xBDF4, 0xBDD4, 0xBDD4, 0xBDD5, 0xBDF5, 0xBDF6, 0xBDF6, 0xBDF6, 0xBDF6, 0xBDF7, 0xBE17, 0xC617, 0xC638, 0xC638, 0xC638,
    0xAD8E, 0xAD8E, 0xAD8F, 0xAD8F, 0xAD8F, 0xAD8F, 0xB5AF, 0xB5AF, 0xB5AF, 0xB5AF, 0xB5B0, 0xB5B0, 0xB5B0, 0xB5D1, 0xB5D1, 0xB5D2,
    0xB5D3, 0xBDD4, 0xBDD4, 0xBDD4, 0xBDD5, 0xBDF5, 0xBDF6, 0xBDF6, 0xBDF6, 0xBDF6, 0xBDF7, 0xBE17, 0xC617, 0xC638, 0xC638, 0xC638,
    0xAD8F, 0xAD8E, 0xAD8E, 0xAD8E, 0xAD8F, 0xADAF, 0xADAF, 0xADAF, 0xADAF, 0xB5AF, 0xB5B0, 0xB5B0, 0xB5B0, 0xB5D1, 0xB5D1, 0xB5D2,
    0xB5D3, 0xB5D4, 0xBDD4, 0xBDD4, 0xBDF5, 0xBDF5, 0xBDF6, 0xBDF6, 0xBDF6, 0xBDF6, 0xBDF7, 0xBE17, 0xBE17, 0xC638, 0xC638, 0xC638,
    0x60C3, 0x60C3, 0x60E3, 0x60E3, 0x60E3, 0x60E4, 0x60E4, 0x60E5, 0x60E5, 0x60E6, 0x60E6, 0x6107, 0x6107, 0x6108, 0x6108, 0x6108,
    0x6109, 0x612A, 0x612A, 0x612B, 0x612B, 0x614C, 0x614C, 0x612C, 0x612C, 0x612C, 0x612C, 0x612C, 0x612C, 0x612C, 0x612C, 0x612C,
    0x60C3, 0x60C3, 0x60C3, 0x60C3, 0x60E3, 0x60E4, 0x60E4, 0x60E5, 0x60E5, 0x60E6, 0x60E6, 0x6107, 0x6107, 0x6108, 0x6108, 0x6109,
    0x6129, 0x612A, 0x612A, 0x614B, 0x614C, 0x614C, 0x614C, 0x614C, 0x614C, 0x614C, 0x614C, 0x614C, 0x614C, 0x614C, 0x614C, 0x614C,
    0x60E3, 0x60C3, 0x60C3, 0x60C3, 0x60E3, 0x60E4, 0x60E4, 0x60E4, 0x60E5, 0x60E6, 0x60E6, 0x6107, 0x6107, 0x6108, 0x6108, 0x6129,
    0x6129, 0x612A, 0x612B, 0x614B, 0x694C, 0x696C, 0x694D, 0x614C, 0x614C, 0x614C, 0x614C, 0x614C, 0x614C, 0x614C, 0x614C, 0x614C,
    0x60E3, 0x60E3, 0x60E3, 0x60E3, 0x60E3, 0x68E4, 0x68E4, 0x6905, 0x6905, 0x6906, 0x6906, 0x6907, 0x6928, 0x6928, 0x6928, 0x6929,
    0x694A, 0x694A, 0x694B, 0x696C, 0x696D, 0x698D, 0x698D, 0x698D, 0x698D, 0x698D, 0x698D, 0x698D, 0x698D, 0x698D, 0x698D, 0x698D,
    0x6103, 0x6103, 0x6103, 0x6903, 0x6903, 0x6904, 0x6904, 0x6905, 0x6905, 0x6926, 0x6927, 0x6927, 0x6928, 0x6948, 0x6949, 0x714A,
    0x716A, 0x716B, 0x716C, 0x718C, 0x718D, 0x71AE, 0x71AE, 0x71AE, 0x71AE, 0x71AE, 0x71AE, 0x71AE, 0x71AE, 0x71AE, 0x71AE, 0x71AE,
    0x6924, 0x6924, 0x6924, 0x6924, 0x6924, 0x7124, 0x7124, 0x7125, 0x7125, 0x7146, 0x7147, 0x7148, 0x7148, 0x7169, 0x7169, 0x716A,
    0x718B, 0x718C, 0x71AC, 0x71AD, 0x71CE, 0x79CE, 0x79EE, 0x71CE, 0x71CE, 0x71CE, 0x71CE, 0x71EE, 0x71EE, 0x79EF, 0x79EF, 0x71EE,
    0x6944, 0x6944, 0x6944, 0x6944, 0x6944, 0x7144, 0x7944, 0x7945, 0x8146, 0x8166, 0x7967, 0x7968, 0x7989, 0x7989, 0x798A, 0x79AB,
    0x79AB, 0x79AC, 0x79CD, 0x79CD, 0x79EE, 0x7A0F, 0x7A0F, 0x7A0F, 0x7A0F, 0x7A0F, 0x7A0F, 0x7A0F, 0x7A0F, 0x7A0F, 0x7A0F, 0x7A0F,
    0x7164, 0x7164, 0x7164, 0x7164, 0x7164, 0x7964, 0x7985, 0x8185, 0x8186, 0x8186, 0x8187, 0x8188, 0x81A9, 0x81AA, 0x81CA, 0x81CB,
    0x81CC, 0x81EC, 0x81ED, 0x820E, 0x820F, 0x822F, 0x8250, 0x8250, 0x8250, 0x8250, 0x8250, 0x8250, 0x8250, 0x8250, 0x8250, 0x8250,
    0x71A4, 0x71A4, 0x71A4, 0x71A5, 0x71A5, 0x79A5, 0x79A5, 0x81A5, 0x89A6, 0x89A6, 0x89A7, 0x89C8, 0x89C9, 0x89CA, 0x89EB, 0x89EB,
    0x8A0C, 0x8A0D, 0x820E, 0x822E, 0x8A4F, 0x8A70, 0x8A70, 0x8A91, 0x8A91, 0x8A91, 0x8A91, 0x8A91, 0x8A91, 0x8A91, 0x8A91, 0x8A91,
    0x79E5, 0x79E5, 0x79E5, 0x79E5, 0x79E5, 0x79E5, 0x79E5, 0x81E6, 0x89E6, 0x91E7, 0x91E7, 0x91E8, 0x91E9, 0x91EA, 0x920B, 0x8A0C,
    0x8A2D, 0x8A4D, 0x8A4E, 0x8A6F, 0x8A70, 0x8A90, 0x92B1, 0x92D1, 0x92D2, 0x92D2, 0x92D2, 0x8AB1, 0x92D2, 0x92D2, 0x92D2, 0x92D2,
    0x7A05, 0x7A05, 0x7A05, 0x7A05, 0x7A05, 0x7A05, 0x8205, 0x8206, 0x8A26, 0x9227, 0x9A07, 0x9A08, 0x9A09, 0x9A2A, 0x9A2B, 0x924C,
    0x924D, 0x926E, 0x928F, 0x928F, 0x92B0, 0x92B1, 0x92D1, 0x92F2, 0x9312, 0x9312, 0x92F2, 0x92F2, 0x92F2, 0x9312, 0x9312, 0x92F2,
    0x8246, 0x8246, 0x8246, 0x8246, 0x8246, 0x8246, 0x8246, 0x8246, 0x8A46, 0x9247, 0x9A48, 0x9A48, 0xA249, 0xA24A, 0xA26B, 0x9A6C,
    0x9A8D, 0x9AAE, 0x9AAF, 0x9AB0, 0x9AD0, 0x9AF1, 0x9B12, 0x9B32, 0x9B33, 0x9B33, 0x9B33, 0x9B33, 0x9B33, 0x9B33, 0x9B33, 0x9B33,
    0x8266, 0x8266, 0x8266, 0x8286, 0x8286, 0x8286, 0x8266, 0x8A66, 0x8A87, 0x9287, 0x9A88, 0xA288, 0xAA89, 0xAA8A, 0xAA8B, 0xA2AC,
    0xA2AD, 0xA2CE, 0xA2CF, 0x9AF0, 0x9B11, 0x9B11, 0x9B52, 0x9B73, 0x9B73, 0x9B73, 0x9B73, 0x9B73, 0x9B73, 0x9B73, 0x9B73, 0x9B73,
    0x82A6, 0x82A7, 0x82A7, 0x8AA7, 0x8AA7, 0x8AA7, 0x8AA7, 0x8AA7, 0x8AA7, 0x92A7, 0x92C8, 0x9AA8, 0xA2A9, 0xAACA, 0xAACB, 0xAACC,
    0xAAED, 0xA30E, 0xA30F, 0xA310, 0xA331, 0x9B52, 0x9B72, 0x9B93, 0x9BB3, 0x9BB3, 0x9BB3, 0x9BD3, 0x9BD3, 0x9BD3, 0x9BD3, 0x9BD3,
    0x8AC7, 0x8AC7, 0x8AE7, 0x8AE7, 0x8AE7, 0x8AC7, 0x8AC7, 0x8AC7, 0x8AE7, 0x92E8, 0x92E8, 0x9AE8, 0xA2E9, 0xAB0A, 0xAB0B, 0xAB0C,
    0xAB2D, 0xAB2E, 0xA34F, 0xA350, 0xA371, 0xA392, 0xA3B2, 0xA3D3, 0xA3F3, 0xA3F4, 0xA414, 0xA414, 0xA414, 0xA414, 0xA414, 0xA414,
    0x8B07, 0x8B07, 0x8B07, 0x8B07, 0x8B08, 0x8B07, 0x8B07, 0x8B08, 0x9308, 0x9308, 0x9328, 0x9B29, 0xA329, 0xAB2A, 0xAB4B, 0xAB4C,
    0xAB6D, 0xAB6E, 0xA390, 0xA391, 0xA3B1, 0xA3B2, 0xA3F2, 0xA413, 0xA433, 0xA454, 0xA454, 0xA454, 0xA454, 0xA454, 0xA454, 0xA454,
    0x8B28, 0x8B28, 0x8B28, 0x8B48, 0x8B48, 0x8B28, 0x8B28, 0x9328, 0x9348, 0x9348, 0x9B49, 0x9B49, 0xA369, 0xAB6A, 0xAB6B, 0xAB8C,
    0xAB8D, 0xABAE, 0xA3D0, 0xA3D1, 0xA3F1, 0xA3F2, 0xA413, 0xA453, 0xA454, 0xA474, 0xA494, 0xA494, 0xA494, 0xA494, 0xA494, 0xA494,
    0x9368, 0x9368, 0x9368, 0x9368, 0x9368, 0x9368, 0x9368, 0x9368, 0x9368, 0x9369, 0x9B89, 0x9B89, 0xA38A, 0xA38A, 0xABAB, 0xABAC,
    0xABCD, 0xABEF, 0xA410, 0xA411, 0xA431, 0xA432, 0xA453, 0xA473, 0xA494, 0xA4B4, 0xA4B4, 0xA4B4, 0xA4B4, 0xA4B4, 0xA4B4, 0xA4D4,
    0x93A9, 0x9389, 0x9389, 0x93A9, 0x93A9, 0x93A9, 0x93A9, 0x93A9, 0x93A9, 0x93A9, 0x9BA9, 0x9BAA, 0xA3CA, 0xA3CA, 0xABCB, 0xABEC,
    0xABED, 0xAC2E, 0xAC30, 0xA451, 0xA472, 0xA472, 0xA493, 0xA4B3, 0xA4B4, 0xA4D4, 0xACD4, 0xACF5, 0xACF5, 0xACF5, 0xACF5, 0xACF5,
    0x93C9, 0x93C9, 0x93C9, 0x93C9, 0x93C9, 0x93C9, 0x93C9, 0x93C9, 0x93C9, 0x9BEA, 0x9BEA, 0x9BEA, 0xA3EA, 0xA40B, 0xAC0B, 0xAC2C,
    0xAC2D, 0xAC4E, 0xAC70, 0xAC91, 0xA4B2, 0xA4B3, 0xA4B3, 0xACD4, 0xACD4, 0xACF4, 0xAD15, 0xAD15, 0xAD15, 0xAD15, 0xAD15, 0xAD15,
    0x9C0A, 0x9C0A, 0x9C0A, 0x9C0A, 0x9C0A, 0x9C0A, 0x9C0A, 0x9C0A, 0x9C0A, 0x9C0A, 0x9C0A, 0xA40B, 0xA42B, 0xA42B, 0xAC4C, 0xAC4C,
    0xAC6D, 0xAC6E, 0xAC90, 0xACB1, 0xACD2, 0xACD3, 0xACF3, 0xACF4, 0xAD14, 0xAD15, 0xAD35, 0xAD35, 0xAD35, 0xAD55, 0xAD55, 0xAD55,
    0x9C2A, 0x9C2A, 0x9C2A, 0x9C4B, 0x9C4B, 0x9C4B, 0x9C4A, 0x9C4A, 0x9C4B, 0x9C4B, 0xA44B, 0xA44B, 0xA44B, 0xAC6C, 0xAC6C, 0xAC8D,
    0xAC8E, 0xACAF, 0xACB0, 0xACD1, 0xACF2, 0xAD13, 0xAD14, 0xAD14, 0xAD35, 0xAD35, 0xAD55, 0xAD55, 0xB556, 0xB576, 0xB576, 0xB576,
    0x9C6B, 0x9C6B, 0x9C6B, 0x9C6B, 0x9C8B, 0x9C6B, 0x9C6B, 0x9C6B, 0xA48B, 0xA48B, 0xA48C, 0xA48C, 0xA48C, 0xACAC, 0xACAD, 0xACCD,
    0xACCE, 0xACCF, 0xACF0, 0xACF1, 0xAD12, 0xAD33, 0xAD34, 0xAD54, 0xAD55, 0xB555, 0xB576, 0xB576, 0xB596, 0xB596, 0xB596, 0xB596,
    0xA4AB, 0xA4AC, 0xA4AC, 0xA4AC, 0xA4AC, 0xA4AC, 0xA4AC, 0xA4AC, 0xA4AC, 0xA4AC, 0xA4CC, 0xACCC, 0xACCD, 0xACCD, 0xACED, 0xACEE,
    0xACEE, 0xACEF, 0xAD10, 0xB531, 0xB532, 0xAD53, 0xB554, 0xB575, 0xB575, 0xB596, 0xB596, 0xB5B6, 0xB5B6, 0xB5B6, 0xB5B6, 0xB5B6,
    0xA4CC, 0xA4CC, 0xA4CC, 0xA4CC, 0xA4CC, 0xA4CC, 0xA4CC, 0xA4EC, 0xA4EC, 0xA4EC, 0xACED, 0xAD0D, 0xAD0D, 0xAD0E, 0xAD0E, 0xAD2E,
    0xAD2F, 0xB530, 0xB531, 0xB551, 0xB552, 0xB553, 0xB574, 0xB575, 0xB595, 0xB5B6, 0xB5B6, 0xB5B6, 0xBDD7, 0xBDD7, 0xBDD7, 0xBDD7,
    0xA50D, 0xA50D, 0xA4EC, 0xA50D, 0xAD0D, 0xAD0D, 0xAD0D, 0xAD0D, 0xAD0D, 0xAD2D, 0xAD2D, 0xAD2D, 0xAD2E, 0xB52E, 0xB54F, 0xB54F,
    0xB550, 0xB550, 0xB551, 0xB572, 0xB573, 0xB594, 0xB594, 0xB595, 0xB5B5, 0xBDD6, 0xBDD6, 0xBDD7, 0xBDD7, 0xBDF7, 0xBDF7, 0xBDF7,
    0xAD2D, 0xAD2D, 0xAD2D, 0xAD2D, 0xAD2D, 0xAD2D, 0xAD2D, 0xAD2D, 0xAD4D, 0xAD4D, 0xAD4E, 0xAD4E, 0xB54E, 0xB54F, 0xB54F, 0xB570,
    0xB571, 0xB571, 0xB572, 0xB593, 0xB593, 0xB594, 0xB5B5, 0xB5B5, 0xB5B6, 0xBDD6, 0xBDF7, 0xBDF7, 0xBDF7, 0xBE17, 0xBE17, 0xBE17,
    0xAD4D, 0xAD4E, 0xAD4E, 0xAD4E, 0xAD4E, 0xAD4E, 0xAD6E, 0xAD4E, 0xAD4E, 0xAD4E, 0xB56E, 0xB56F, 0xB56F, 0xB570, 0xB590, 0xB591,
    0xB591, 0xB592, 0xB5B3, 0xB5B4, 0xB5B4, 0xB5B5, 0xB5D5, 0xBDD6, 0xBDD6, 0xBDD6, 0xBDF7, 0xBE17, 0xC618, 0xC618, 0xC638, 0xC638,
    0xAD6E, 0xAD6E, 0xAD6E, 0xAD6E, 0xAD6E, 0xB56F, 0xB58F, 0xB58F, 0xB58F, 0xB58F, 0xB58F, 0xB58F, 0xB590, 0xB590, 0xB5B1, 0xB5B2,
    0xB5B2, 0xB5B3, 0xB5B4, 0xBDD4, 0xBDD5, 0xBDD5, 0xBDD5, 0xBDD6, 0xBDF6, 0xBDF6, 0xBDF7, 0xBE17, 0xC617, 0xC638, 0xC638, 0xC638,
    0xAD8F, 0xAD8F, 0xAD8F, 0xB58F, 0xB58F, 0xB58F, 0xB58F, 0xB5AF, 0xB5AF, 0xB5B0, 0xB5B0, 0xB5B0, 0xB5B0, 0xB5B1, 0xB5D2, 0xB5D2,
    0xBDD3, 0xBDD4, 0xBDD4, 0xBDD4, 0xBDD5, 0xBDF5, 0xBDF6, 0xBDF6, 0xBDF6, 0xBDF6, 0xBDF7, 0xBE17, 0xC617, 0xC638, 0xC638, 0xC638,
    0xAD8F, 0xAD8F, 0xAD8F, 0xAD8F, 0xB58F, 0xB5AF, 0xB5AF, 0xB5AF, 0xB5AF, 0xB5B0, 0xB5B0, 0xB5B0, 0xB5B1, 0xB5B1, 0xB5D2, 0xB5D2,
    0xBDD3, 0xBDD4, 0xBDD4, 0xBDD5, 0xBDF5, 0xBDF5, 0xBDF6, 0xBDF6, 0xBDF6, 0xBDF6, 0xBDF7, 0xBE17, 0xC617, 0xC638, 0xC638, 0xC638,
    0xAD8F, 0xADAF, 0xADAF, 0xADAF, 0xADAF, 0xB5AF, 0xB5AF, 0xB5AF, 0xB5AF, 0xB5B0, 0xB5B0, 0xB5B0, 0xB5D1, 0xB5D1, 0xB5D2, 0xB5D2,
    0xBDD3, 0xBDF4, 0xBDF4, 0xBDF5, 0xBDF5, 0xBDF5, 0xBDF6, 0xBDF6, 0xBDF6, 0xBDF6, 0xBE17, 0xBE17, 0xC617, 0xC638, 0xC638, 0xC638,
    0x60C3, 0x60C3, 0x60C3, 0x60E3, 0x60E3, 0x60E4, 0x60E4, 0x60E5, 0x60E5, 0x60E6, 0x60E6, 0x60E7, 0x6107, 0x6108, 0x6108, 0x6108,
    0x6109, 0x6129, 0x612A, 0x612B, 0x612B, 0x612C, 0x612C, 0x592B, 0x592B, 0x612C, 0x612C, 0x612C, 0x612C, 0x614C, 0x614C, 0x612C,
    0x60C3, 0x60C3, 0x60C3, 0x60C3, 0x60E3, 0x60E4, 0x60E4, 0x60E5, 0x60E5, 0x60E6, 0x60E6, 0x6107, 0x6107, 0x6107, 0x6108, 0x6109,
    0x6129, 0x612A, 0x612A, 0x612B, 0x614C, 0x614C, 0x614C, 0x614C, 0x614C, 0x614C, 0x614C, 0x612C, 0x614C, 0x614C, 0x614C, 0x614C,
    0x60C3, 0x60C3, 0x60C3, 0x60C3, 0x60C3, 0x60E4, 0x60E4, 0x60E4, 0x60E5, 0x60E6, 0x60E6, 0x6107, 0x6107, 0x6107, 0x6108, 0x6129,
    0x6129, 0x612A, 0x612A, 0x694B, 0x694C, 0x694C, 0x614C, 0x614C, 0x614C, 0x614C, 0x614C, 0x614C, 0x614C, 0x614C, 0x614C, 0x614C,
    0x60E3, 0x60E3, 0x60E3, 0x60E3, 0x60E3, 0x68E4, 0x68E4, 0x68E5, 0x6905, 0x6906, 0x6906, 0x6907, 0x6927, 0x6928, 0x6928, 0x6929,
    0x694A, 0x694A, 0x694B, 0x696C, 0x696C, 0x698D, 0x698D, 0x698D, 0x696D, 0x696D, 0x696D, 0x696D, 0x698D, 0x698D, 0x698D, 0x698D,
    0x6103, 0x6103, 0x6103, 0x6903, 0x6903, 0x6904, 0x6904, 0x6905, 0x6905, 0x6926, 0x6927, 0x6927, 0x6928, 0x6948, 0x6949, 0x694A,
    0x716A, 0x716B, 0x716C, 0x718C, 0x718D, 0x71AE, 0x71AE, 0x71AE, 0x71AE, 0x698D, 0x71AE, 0x71AE, 0x71AE, 0x71AE, 0x71AE, 0x71AE,
    0x6924, 0x6924, 0x6924, 0x6924, 0x6924, 0x7124, 0x7124, 0x7125, 0x7125, 0x7146, 0x7147, 0x7148, 0x7148, 0x7169, 0x7169, 0x716A,
    0x718B, 0x718B, 0x71AC, 0x71AD, 0x71CD, 0x79CE, 0x71CE, 0x71CE, 0x71CE, 0x71CE, 0x71CE, 0x71CE, 0x71CE, 0x71CE, 0x71CE, 0x71CE,
    0x6944, 0x6944, 0x6944, 0x6944, 0x6944, 0x7144, 0x7944, 0x7945, 0x7945, 0x7966, 0x7967, 0x7968, 0x7968, 0x7989, 0x798A, 0x79AB,
    0x79AB, 0x79AC, 0x79CD, 0x79CD, 0x79EE, 0x7A0F, 0x7A0F, 0x7A0F, 0x7A0F, 0x7A0F, 0x7A0F, 0x7A0F, 0x7A0F, 0x7A0F, 0x7A0F, 0x7A0F,
    0x7164, 0x7164, 0x7164, 0x7164, 0x7164, 0x7984, 0x7985, 0x8165, 0x8166, 0x8186, 0x8187, 0x8188, 0x81A9, 0x81A9, 0x81CA, 0x81CB,
    0x81CC, 0x81EC, 0x81ED, 0x820E, 0x820E, 0x822F, 0x8250, 0x8250, 0x8250, 0x8250, 0x8250, 0x8250, 0x8250, 0x8250, 0x8250, 0x8250,
    0x71A4, 0x71A4, 0x71A4, 0x71A4, 0x71A5, 0x79A5, 0x79A5, 0x81A5, 0x89A6, 0x89A6, 0x89A7, 0x89A8, 0x89C9, 0x89CA, 0x89EB, 0x89EB,
    0x8A0C, 0x820D, 0x820E, 0x8A2E, 0x8A4F, 0x8A70, 0x8A90, 0x8A91, 0x8A91, 0x8A91, 0x8A91, 0x8A91, 0x8A91, 0x8A91, 0x8A91, 0x8A91,
    0x79E5, 0x79C5, 0x79C5, 0x79C5, 0x79C5, 0x79C5, 0x79E5, 0x81E5, 0x89E6, 0x91E7, 0x91E7, 0x91E8, 0x91E9, 0x91EA, 0x920B, 0x8A0C,
    0x8A2C, 0x8A2D, 0x8A4E, 0x8A6F, 0x8A70, 0x8A90, 0x92B1, 0x92D1, 0x92D2, 0x92D2, 0x92D2, 0x92B2, 0x92B2, 0x8AB1, 0x8AB1, 0x8AB1,
    0x7A05, 0x7A05, 0x7A05, 0x7A05, 0x7A05, 0x7A05, 0x7A05, 0x8206, 0x8A06, 0x9207, 0x9A07, 0x9A08, 0x9A09, 0x9A2A, 0x9A2B, 0x924C,
    0x924D, 0x926E, 0x926F, 0x928F, 0x92B0, 0x92B1, 0x92D1, 0x92F2, 0x9312, 0x92F2, 0x92F2, 0x92F2, 0x92F2, 0x92F2, 0x92F2, 0x92F2,
    0x8246, 0x8246, 0x8246, 0x8246, 0x8246, 0x8246, 0x8246, 0x8246, 0x8A46, 0x9247, 0x9A48, 0x9A48, 0xA249, 0xA24A, 0xA26B, 0xA26C,
    0x9A8D, 0x9A8E, 0x9AAF, 0x9AB0, 0x9AD0, 0x9AF1, 0x9B12, 0x9B32, 0x9B32, 0x9B33, 0x9B33, 0x9B33, 0x9B33, 0x9B33, 0x9B33, 0x9B33,
    0x8286, 0x8266, 0x8266, 0x8286, 0x8286, 0x8266, 0x8266, 0x8A66, 0x8A87, 0x9287, 0x9A88, 0xA288, 0xAA89, 0xAA8A, 0xAA8B, 0xA2AC,
    0xA2AD, 0xA2CE, 0xA2CF, 0x9AF0, 0x9B11, 0x9B31, 0x9B52, 0x9B72, 0x9B73, 0x9B73, 0x9B73, 0x9B93, 0x9B73, 0x9B73, 0x9B73, 0x9B73,
    0x82A7, 0x82A6, 0x82A6, 0x82A7, 0x8AA7, 0x8AA7, 0x8AA7, 0x8AA7, 0x8AA7, 0x92A7, 0x92A8, 0x9AA8, 0xA2A9, 0xAACA, 0xAACB, 0xAACC,
    0xAAED, 0xA2EE, 0xA30F, 0xA330, 0xA331, 0x9B51, 0x9B72, 0x9B93, 0x9BB3, 0x9BB3, 0x9BB3, 0x9BD3, 0x9BB3, 0x9BB3, 0x9BB3, 0x9BB3,
    0x8AC7, 0x8AC7, 0x8AC7, 0x8AC7, 0x8AE7, 0x8AC7, 0x8AC7, 0x8AC7, 0x8AE7, 0x92E8, 0x92E8, 0x9AE8, 0xA2E9, 0xAAEA, 0xAB0B, 0xAB0C,
    0xAB0D, 0xAB2E, 0xA34F, 0xA370, 0xA371, 0xA372, 0xA392, 0xA3D3, 0xA3D3, 0xA3F4, 0xA3F4, 0xA414, 0xA414, 0xA3F4, 0xA3F4, 0xA3F4,
    0x8B07, 0x8B07, 0x8AE7, 0x8B07, 0x8B08, 0x8B07, 0x8B07, 0x8B08, 0x9308, 0x9308, 0x9308, 0x9B09, 0xA329, 0xAB2A, 0xAB4B, 0xAB4C,
    0xAB6D, 0xAB6E, 0xA390, 0xA391, 0xA3B1, 0xA3B2, 0xA3D2, 0xA3F3, 0xA413, 0xA434, 0xA454, 0xA454, 0xA454, 0xA454, 0xA454, 0xA454,
    0x8B28, 0x8B28, 0x8B28, 0x8B28, 0x8B48, 0x8B28, 0x8B28, 0x9328, 0x9328, 0x9348, 0x9348, 0x9B49, 0xA349, 0xAB6A, 0xAB6B, 0xAB8C,
    0xAB8D, 0xABAE, 0xA3D0, 0xA3D1, 0xA3F1, 0xA3F2, 0xA413, 0xA433, 0xA453, 0xA474, 0xA474, 0xA474, 0xA494, 0xA494, 0xA494, 0xA494,
    0x9368, 0x8B68, 0x8B48, 0x9368, 0x9368, 0x9368, 0x9368, 0x9368, 0x9368, 0x9369, 0x9B69, 0x9B89, 0xA38A, 0xA3AA, 0xABAB, 0xABAC,
    0xABCD, 0xABEE, 0xA410, 0xA411, 0xA411, 0xA432, 0xA453, 0xA473, 0xA494, 0xA494, 0xA4B4, 0xA4B4, 0xA4B4, 0xA4D4, 0xA4D4, 0xA4D4,
    0x9389, 0x9389, 0x9388, 0x9389, 0x9389, 0x9389, 0x9389, 0x9389, 0x9389, 0x93A9, 0x9BA9, 0x9BAA, 0xA3CA, 0xA3CB, 0xABEB, 0xABEC,
    0xABED, 0xAC2F, 0xA430, 0xA451, 0xA452, 0xA472, 0xA473, 0xA493, 0xA4B4, 0xA4D4, 0xACD4, 0xACD5, 0xACF5, 0xACF5, 0xACF5, 0xACF5,
    0x93C9, 0x93C9, 0x93C9, 0x93C9, 0x93C9, 0x93C9, 0x93C9, 0x93C9, 0x93C9, 0x9BC9, 0x9BCA, 0x9BEA, 0xA3EA, 0xA40B, 0xAC2C, 0xAC2C,
    0xAC2D, 0xAC4F, 0xAC70, 0xA471, 0xA492, 0xA4B3, 0xA4B3, 0xA4B3, 0xACD4, 0xACF4, 0xACF5, 0xAD15, 0xAD15, 0xAD15, 0xAD35, 0xAD35,
    0x93EA, 0x93EA, 0x93EA, 0x940A, 0x9C0A, 0x9C0A, 0x9C0A, 0x9C0A, 0x9C0A, 0x9C0A, 0x9C0A, 0x9C0A, 0xA42B, 0xA44B, 0xAC4C, 0xAC6D,
    0xAC6D, 0xAC8F, 0xAC90, 0xACB1, 0xACD2, 0xACD3, 0xACF3, 0xACF4, 0xACF4, 0xAD14, 0xAD35, 0xAD35, 0xAD35, 0xAD55, 0xAD55, 0xAD55,
    0x9C2A, 0x9C2A, 0x9C2A, 0x9C2A, 0x9C4A, 0x9C4A, 0x9C4A, 0x9C4A, 0x9C4B, 0x9C4B, 0xA44B, 0xA44B, 0xA44B, 0xAC6C, 0xAC6C, 0xAC8D,
    0xAC8E, 0xACAF, 0xACD0, 0xACD1, 0xACF2, 0xAD13, 0xAD14, 0xAD14, 0xAD34, 0xAD35, 0xAD55, 0xAD55, 0xB556, 0xB576, 0xB576, 0xB576,
    0x9C6B, 0x9C4B, 0x9C4B, 0x9C6B, 0x9C6B, 0x9C6B, 0x9C6B, 0x9C6B, 0xA46B, 0xA48B, 0xA48B, 0xA48C, 0xA48C, 0xAC8C, 0xACAD, 0xACAD,
    0xACCE, 0xACCF, 0xACF0, 0xACF1, 0xAD12, 0xAD33, 0xAD34, 0xAD54, 0xAD55, 0xAD55, 0xB575, 0xB576, 0xB576, 0xB596, 0xB596, 0xB596,
    0xA4AB, 0xA48B, 0x9C8B, 0xA4AC, 0xA4AC, 0xA4AC, 0xA4AC, 0xA4AC, 0xA4AC, 0xA4AC, 0xA4AC, 0xACCC, 0xACCD, 0xACCD, 0xACED, 0xACEE,
    0xACEE, 0xACEF, 0xAD10, 0xB531, 0xB532, 0xAD53, 0xB554, 0xB575, 0xB575, 0xB575, 0xB596, 0xB596, 0xB5B6, 0xB5B6, 0xB5B6, 0xB5B6,
    0xA4CC, 0xA4CC, 0xA4CC, 0xA4CC, 0xA4CC, 0xA4CC, 0xA4CC, 0xA4EC, 0xA4EC, 0xA4EC, 0xACEC, 0xACED, 0xAD0D, 0xAD0D, 0xAD0E, 0xAD0E,
    0xAD2F, 0xAD0F, 0xB530, 0xB551, 0xB552, 0xB553, 0xB574, 0xB575, 0xB595, 0xB596, 0xB5B6, 0xB5B6, 0xB5B6, 0xBDD7, 0xBDD7, 0xBDD7,
    0xA50D, 0xA4ED, 0xA4EC, 0xA4ED, 0xA50D, 0xAD0D, 0xAD0D, 0xAD0D, 0xAD0D, 0xAD0D, 0xAD0D, 0xAD2D, 0xAD2E, 0xAD2E, 0xB52E, 0xB54F,
    0xB550, 0xB550, 0xB551, 0xB552, 0xB573, 0xB573, 0xB574, 0xB574, 0xB595, 0xB5B6, 0xBDD6, 0xBDD7, 0xBDD7, 0xBDD7, 0xBDF7, 0xBDF7,
    0xAD2D, 0xAD2D, 0xAD2D, 0xAD2D, 0xAD2D, 0xAD2D, 0xAD2D, 0xAD2D, 0xAD2D, 0xAD2D, 0xAD2E, 0xAD4E, 0xB54E, 0xB54F, 0xB54F, 0xB570,
    0xB570, 0xB571, 0xB572, 0xB572, 0xB593, 0xB594, 0xB594, 0xB595, 0xB5B6, 0xBDD6, 0xBDD6, 0xBDF7, 0xBDF7, 0xBDF7, 0xBE17, 0xBE17,
    0xAD4E, 0xAD4E, 0xAD4E, 0xAD4E, 0xAD4E, 0xAD4E, 0xAD4E, 0xAD4E, 0xAD4E, 0xAD4E, 0xAD4E, 0xB56F, 0xB56F, 0xB570, 0xB590, 0xB591,
    0xB591, 0xB592, 0xB592, 0xB593, 0xB5B4, 0xB5B5, 0xB5B5, 0xBDD6, 0xBDD6, 0xBDD6, 0xBDF7, 0xBE17, 0xC617, 0xC618, 0xC638, 0xC638,
    0xAD6E, 0xAD6E, 0xAD6E, 0xAD6E, 0xB56F, 0xB56F, 0xB56F, 0xB56F, 0xB56F, 0xB56F, 0xB56F, 0xB58F, 0xB590, 0xB591, 0xB591, 0xB5B1,
    0xB5B2, 0xB5B3, 0xB5B3, 0xBDB4, 0xBDD4, 0xBDD5, 0xBDD5, 0xBDD6, 0xBDD6, 0xBDF6, 0xBDF7, 0xBE17, 0xC617, 0xC638, 0xC638, 0xC638,
    0xB58F, 0xB58F, 0xB58F, 0xB58F, 0xB58F, 0xB58F, 0xB590, 0xB5B0, 0xB5B0, 0xB5B0, 0xB5B0, 0xB5B0, 0xB5B1, 0xB5B1, 0xB5B2, 0xB5B2,
    0xB5D3, 0xBDD4, 0xBDD4, 0xBDD5, 0xBDD5, 0xBDF5, 0xBDF6, 0xBDF6, 0xBDF6, 0xBDF6, 0xBDF7, 0xBE17, 0xC617, 0xC638, 0xC638, 0xC638,
    0xB58F, 0xB58F, 0xB58F, 0xB58F, 0xB5AF, 0xB5AF, 0xB5B0, 0xB5B0, 0xB5B0, 0xB5B0, 0xB5B0, 0xB5B0, 0xB5B1, 0xB5B1, 0xB5D2, 0xBDD3,
    0xBDD3, 0xBDD4, 0xBDF4, 0xBDF5, 0xBDF5, 0xBDF5, 0xBDF6, 0xBDF6, 0xBDF6, 0xBDF7, 0xBE17, 0xBE17, 0xC617, 0xC638, 0xC638, 0xC638,
    0xADAF, 0xB5AF, 0xB5AF, 0xB5B0, 0xB5B0, 0xB5B0, 0xB5B0, 0xB5B0, 0xB5B0, 0xB5B0, 0xB5B0, 0xB5B1, 0xB5D1, 0xB5D2, 0xBDD2, 0xBDD3,
    0xBDF3, 0xBDF4, 0xBDF4, 0xBDF5, 0xBDF5, 0xBDF5, 0xBDF6, 0xBDF6, 0xBDF6, 0xBDF7, 0xBE17, 0xBE17, 0xC617, 0xC638, 0xC638, 0xC638,
};
