/**
 * lut_custom_lpp_tetrachrome_400_fc.h
 * Custom LUT from 'LPP Tetrachrome 400_FC.cube'
 *
 * Auto-generated by tools/generate_luts.py — DO NOT EDIT
 * 32768 entries × 2 bytes = 64 KB, stored in Flash (.rodata)
 */
#pragma once
#include <stdint.h>

static const uint16_t LUT_CUSTOM_LPP_TETRACHROME_400_FC[32768] = {
    0x0020, 0x0021, 0x0022, 0x0022, 0x0023, 0x0024, 0x0044, 0x0045, 0x0046, 0x0046, 0x0047, 0x0048, 0x0048, 0x0049, 0x004A, 0x004B,
    0x004C, 0x004D, 0x004E, 0x004F, 0x006F, 0x0070, 0x0071, 0x0071, 0x0072, 0x0073, 0x0074, 0x0075, 0x0076, 0x0076, 0x0077, 0x0078,
    0x0040, 0x0041, 0x0041, 0x0042, 0x0043, 0x0043, 0x0044, 0x0045, 0x0045, 0x0046, 0x0046, 0x0047, 0x0048, 0x0069, 0x0069, 0x006A,
    0x006B, 0x006C, 0x006D, 0x006E, 0x006F, 0x006F, 0x0070, 0x0071, 0x0072, 0x0073, 0x0073, 0x0074, 0x0075, 0x0076, 0x0077, 0x0078,
    0x0040, 0x0041, 0x0041, 0x0042, 0x0062, 0x0063, 0x0064, 0x0064, 0x0065, 0x0065, 0x0066, 0x0067, 0x0068, 0x0068, 0x0069, 0x006A,
    0x006B, 0x006C, 0x008D, 0x008D, 0x008E, 0x008F, 0x0090, 0x0091, 0x0091, 0x0092, 0x0093, 0x0094, 0x0095, 0x0095, 0x0096, 0x0097,
    0x0060, 0x0061, 0x0061, 0x0062, 0x0062, 0x0063, 0x0083, 0x0084, 0x0085, 0x0085, 0x0086, 0x0086, 0x0087, 0x0088, 0x0089, 0x008A,
    0x008B, 0x008B, 0x008C, 0x008D, 0x008E, 0x008F, 0x008F, 0x0090, 0x0091, 0x0092, 0x0092, 0x00B3, 0x00B4, 0x00B5, 0x00B6, 0x00B6,
    0x0080, 0x0081, 0x0081, 0x0081, 0x0082, 0x0083, 0x0083, 0x0084, 0x0084, 0x0085, 0x00A6, 0x00A6, 0x00A7, 0x00A8, 0x00A8, 0x00A9,
    0x00AA, 0x00AB, 0x00AC, 0x00AD, 0x00AE, 0x00AE, 0x00AF, 0x00B0, 0x00B0, 0x00B1, 0x00B2, 0x00B3, 0x00B4, 0x00B4, 0x00B5, 0x00B6,
    0x0080, 0x00A1, 0x00A1, 0x00A1, 0x00A2, 0x00A3, 0x00A3, 0x00A4, 0x00A4, 0x00A5, 0x00A5, 0x00A6, 0x00A7, 0x00C8, 0x00C8, 0x00C9,
    0x00CA, 0x00CB, 0x00CC, 0x00CD, 0x00CD, 0x00CE, 0x00CF, 0x00CF, 0x00D0, 0x00D1, 0x00D1, 0x00D2, 0x00D3, 0x00D4, 0x00D5, 0x00D6,
    0x00A0, 0x00A1, 0x00A1, 0x00A1, 0x00C2, 0x00C2, 0x00C3, 0x00C4, 0x00C4, 0x00C5, 0x00C5, 0x00C6, 0x00C7, 0x00C7, 0x00C8, 0x00E9,
    0x00EA, 0x00EB, 0x00EB, 0x00EC, 0x00ED, 0x00EE, 0x00EE, 0x00EF, 0x00F0, 0x00F0, 0x00F1, 0x00F2, 0x00F3, 0x00F4, 0x00F4, 0x00F5,
    0x00C0, 0x00C1, 0x00C1, 0x00C1, 0x00C2, 0x00C2, 0x00E3, 0x00E4, 0x00E4, 0x00E5, 0x00E5, 0x00E6, 0x00E7, 0x00E7, 0x00E8, 0x00E9,
    0x010A, 0x010B, 0x010B, 0x010C, 0x010D, 0x010E, 0x010E, 0x010F, 0x0110, 0x0110, 0x0111, 0x0112, 0x0113, 0x0113, 0x0114, 0x0115,
    0x00E0, 0x00E0, 0x00E1, 0x00E1, 0x00E2, 0x00E2, 0x00E3, 0x0104, 0x0104, 0x0105, 0x0105, 0x0106, 0x0107, 0x0107, 0x0108, 0x0109,
    0x012A, 0x012B, 0x012B, 0x012C, 0x012D, 0x012E, 0x012E, 0x012F, 0x0130, 0x0130, 0x0131, 0x0132, 0x0132, 0x0133, 0x0134, 0x0135,
    0x0100, 0x0100, 0x0101, 0x0101, 0x0102, 0x0102, 0x0103, 0x0103, 0x0124, 0x0125, 0x0125, 0x0126, 0x0127, 0x0127, 0x0128, 0x0129,
    0x014A, 0x014A, 0x014B, 0x014C, 0x014D, 0x014E, 0x014E, 0x014F, 0x0150, 0x0150, 0x0151, 0x0152, 0x0152, 0x0173, 0x0174, 0x0175,
    0x0120, 0x0120, 0x0121, 0x0121, 0x0122, 0x0122, 0x0123, 0x0123, 0x0144, 0x0145, 0x0145, 0x0146, 0x0147, 0x0147, 0x0148, 0x0149,
    0x016A, 0x016A, 0x016B, 0x016C, 0x016D, 0x016E, 0x016E, 0x018F, 0x0190, 0x0190, 0x0191, 0x0192, 0x0193, 0x0193, 0x01B4, 0x01B5,
    0x0140, 0x0140, 0x0141, 0x0141, 0x0142, 0x0142, 0x0143, 0x0143, 0x0164, 0x0165, 0x0165, 0x0166, 0x0167, 0x0167, 0x0168, 0x0189,
    0x018A, 0x018A, 0x018B, 0x01AC, 0x01AD, 0x01AE, 0x01AE, 0x01AF, 0x01B0, 0x01B1, 0x01D1, 0x01D2, 0x01D3, 0x01D3, 0x01D4, 0x01D5,
    0x0160, 0x0161, 0x0161, 0x0161, 0x0162, 0x0162, 0x0163, 0x0184, 0x0184, 0x0185, 0x0185, 0x0186, 0x0187, 0x0187, 0x01A8, 0x01A9,
    0x01AA, 0x01AA, 0x01CB, 0x01CC, 0x01CD, 0x01CE, 0x01CE, 0x01EF, 0x01F0, 0x01F1, 0x01F1, 0x0212, 0x0213, 0x0214, 0x0214, 0x0215,
    0x0180, 0x0181, 0x0181, 0x0181, 0x0182, 0x0182, 0x01A3, 0x01A4, 0x01A4, 0x01A5, 0x01A5, 0x01A6, 0x01C7, 0x01C7, 0x01C8, 0x01C9,
    0x01CA, 0x01EB, 0x01EB, 0x01EC, 0x01ED, 0x020E, 0x020E, 0x020F, 0x0210, 0x0231, 0x0232, 0x0232, 0x0253, 0x0254, 0x0255, 0x0255,
    0x01A0, 0x01A1, 0x01A1, 0x01A1, 0x01A2, 0x01C2, 0x01C3, 0x01C4, 0x01E4, 0x01E5, 0x01E5, 0x01E6, 0x01E7, 0x01E8, 0x01E8, 0x0209,
    0x020A, 0x020B, 0x020C, 0x020C, 0x022D, 0x022E, 0x022F, 0x024F, 0x0250, 0x0251, 0x0272, 0x0273, 0x0273, 0x0294, 0x0295, 0x0275,
    0x01E0, 0x01C1, 0x01C1, 0x01C1, 0x01C2, 0x01E2, 0x01E3, 0x0204, 0x0205, 0x0205, 0x0206, 0x0206, 0x0227, 0x0228, 0x0228, 0x0229,
    0x022A, 0x022B, 0x024C, 0x024C, 0x024D, 0x024E, 0x026F, 0x0270, 0x0290, 0x0291, 0x0292, 0x02B3, 0x02B3, 0x02B4, 0x02B5, 0x02B5,
    0x0200, 0x0201, 0x0201, 0x0201, 0x0202, 0x0202, 0x0223, 0x0224, 0x0245, 0x0245, 0x0246, 0x0247, 0x0247, 0x0248, 0x0269, 0x0269,
    0x026A, 0x026B, 0x026C, 0x026D, 0x028D, 0x028E, 0x028F, 0x02B0, 0x02B0, 0x02B1, 0x02D2, 0x02D3, 0x02D3, 0x02F4, 0x02F5, 0x02D5,
    0x0220, 0x0221, 0x0221, 0x0221, 0x0222, 0x0242, 0x0243, 0x0264, 0x0265, 0x0265, 0x0286, 0x0287, 0x0288, 0x0288, 0x0289, 0x02AA,
    0x02AB, 0x02AB, 0x02AC, 0x02AD, 0x02AD, 0x02AE, 0x02CF, 0x02D0, 0x02F1, 0x02F1, 0x02F2, 0x0313, 0x0313, 0x0314, 0x0315, 0x0315,
    0x0260, 0x0261, 0x0261, 0x0261, 0x0262, 0x0262, 0x0263, 0x0284, 0x0284, 0x02A5, 0x02A6, 0x02A7, 0x02A8, 0x02C8, 0x02C9, 0x02CA,
    0x02CB, 0x02EC, 0x02EC, 0x02ED, 0x02EE, 0x02EF, 0x030F, 0x0310, 0x0B31, 0x0B32, 0x0B32, 0x0B53, 0x0B54, 0x0B54, 0x0B55, 0x0B56,
    0x02A0, 0x0281, 0x0281, 0x0281, 0x0282, 0x0282, 0x02A3, 0x02A4, 0x02A4, 0x02C5, 0x02C6, 0x02E7, 0x02E8, 0x0309, 0x0309, 0x030A,
    0x030B, 0x0B2C, 0x0B2D, 0x0B2D, 0x0B2E, 0x0B2F, 0x0B50, 0x0B50, 0x0B51, 0x0B72, 0x0B73, 0x0B93, 0x0B94, 0x0B94, 0x0B75, 0x0B76,
    0x02C0, 0x02C1, 0x02C1, 0x02C1, 0x02A2, 0x02A2, 0x02C2, 0x02C3, 0x02C4, 0x02E5, 0x0306, 0x0307, 0x0328, 0x0329, 0x034A, 0x0B4B,
    0x0B4B, 0x0B6C, 0x0B6D, 0x0B6E, 0x0B6F, 0x0B8F, 0x0B90, 0x0B91, 0x0BB1, 0x0BB2, 0x0BB3, 0x13B3, 0x0BB4, 0x0BB5, 0x0BB5, 0x0BB6,
    0x0300, 0x02E1, 0x02E1, 0x02E1, 0x02E2, 0x02E2, 0x02E2, 0x02E3, 0x02E4, 0x0305, 0x0326, 0x0347, 0x0348, 0x0369, 0x0B8A, 0x0B8B,
    0x0BAC, 0x0BAD, 0x13AE, 0x13CE, 0x13CF, 0x13D0, 0x13D1, 0x13D1, 0x13F2, 0x13F2, 0x13F3, 0x13F4, 0x13F4, 0x13F5, 0x13F6, 0x13F6,
    0x0320, 0x0321, 0x0321, 0x0321, 0x0301, 0x0302, 0x0302, 0x0303, 0x0323, 0x0324, 0x0345, 0x0367, 0x0388, 0x0BA9, 0x0BCA, 0x0BCB,
    0x13EC, 0x13ED, 0x140E, 0x140F, 0x1C10, 0x1C30, 0x1C31, 0x1C31, 0x1C32, 0x1C33, 0x1C33, 0x1434, 0x1435, 0x1435, 0x1436, 0x1416,
    0x0340, 0x0341, 0x0341, 0x0341, 0x0341, 0x0342, 0x0322, 0x0343, 0x0343, 0x0344, 0x0365, 0x0387, 0x0BA8, 0x0BC9, 0x0BEB, 0x140C,
    0x142D, 0x142E, 0x1C4E, 0x1C4F, 0x1C70, 0x1C71, 0x1C71, 0x1C72, 0x1C73, 0x1C73, 0x1C74, 0x1C74, 0x1C75, 0x1C56, 0x1456, 0x1457,
    0x0380, 0x0381, 0x0361, 0x0361, 0x0361, 0x0362, 0x0362, 0x0363, 0x0363, 0x0384, 0x03A5, 0x03C7, 0x0BE8, 0x0C09, 0x0C2B, 0x144C,
    0x146D, 0x1C8E, 0x1C8F, 0x1C90, 0x24B0, 0x24B1, 0x24B2, 0x24B2, 0x24B3, 0x24B3, 0x1CB4, 0x1C95, 0x1C95, 0x1C96, 0x1C96, 0x1477,
    0x03A0, 0x03A1, 0x03A1, 0x03A1, 0x0381, 0x0382, 0x0382, 0x0383, 0x03A3, 0x03A4, 0x03C5, 0x03E6, 0x0C08, 0x0C2A, 0x146B, 0x148D,
    0x1CAE, 0x1CCF, 0x24CF, 0x24F0, 0x24F1, 0x24F1, 0x24F2, 0x24F3, 0x24F3, 0x24F4, 0x24D4, 0x24D5, 0x1CD5, 0x1CB6, 0x1CB6, 0x1CB7,
    0x03C0, 0x03C1, 0x03C1, 0x03C1, 0x03C1, 0x03A2, 0x03A2, 0x03C3, 0x03C3, 0x03E4, 0x03E5, 0x0407, 0x0C28, 0x0C6A, 0x148B, 0x14AD,
    0x1CCE, 0x1CEF, 0x2510, 0x2510, 0x2531, 0x2532, 0x2532, 0x2533, 0x2533, 0x2534, 0x2515, 0x24F5, 0x24F6, 0x1CF6, 0x1CD6, 0x1CD7,
    0x03E0, 0x03E1, 0x03E1, 0x03E1, 0x03E1, 0x03E2, 0x03E2, 0x03E3, 0x03E3, 0x0404, 0x0425, 0x0C47, 0x0C68, 0x0C8A, 0x14AB, 0x14CD,
    0x1D0E, 0x1D2F, 0x2550, 0x2551, 0x2551, 0x2572, 0x2572, 0x2573, 0x2574, 0x2554, 0x2555, 0x2535, 0x2516, 0x2516, 0x1D17, 0x1CF7,
    0x0400, 0x0401, 0x0401, 0x0401, 0x0401, 0x0402, 0x0402, 0x0403, 0x0424, 0x0425, 0x0446, 0x0C67, 0x0C88, 0x0CAA, 0x14CB, 0x150D,
    0x1D2E, 0x1D4F, 0x2570, 0x2571, 0x2591, 0x2592, 0x2592, 0x2593, 0x2594, 0x2594, 0x2575, 0x2575, 0x2556, 0x2556, 0x1D37, 0x1D37,
    0x0420, 0x0421, 0x0421, 0x0421, 0x0422, 0x0422, 0x0423, 0x0423, 0x0444, 0x0465, 0x0466, 0x0C87, 0x0CA8, 0x0CCA, 0x14EB, 0x152D,
    0x1D4E, 0x1D6F, 0x2590, 0x2591, 0x25B1, 0x25B2, 0x25B2, 0x25B3, 0x25B4, 0x25B4, 0x25B5, 0x2595, 0x2596, 0x2576, 0x1D77, 0x1D57,
    0x0440, 0x0441, 0x0441, 0x0441, 0x0442, 0x0442, 0x0443, 0x0464, 0x0465, 0x0486, 0x0CA7, 0x0CC8, 0x0CC9, 0x0CEA, 0x152B, 0x154D,
    0x1D6E, 0x1D8F, 0x25B0, 0x25B1, 0x25B1, 0x25D2, 0x25D2, 0x25D3, 0x25D4, 0x25D4, 0x25D5, 0x25B5, 0x25B6, 0x2596, 0x2597, 0x1D97,
    0x0460, 0x0461, 0x0461, 0x0461, 0x0462, 0x0462, 0x0483, 0x0484, 0x04A5, 0x04C6, 0x0CC7, 0x0CE8, 0x0D09, 0x152A, 0x154C, 0x156D,
    0x1D8E, 0x1DAF, 0x1DD0, 0x25D1, 0x25D1, 0x25D2, 0x25D2, 0x25F3, 0x25F4, 0x25F4, 0x25F5, 0x25F5, 0x25D6, 0x25D6, 0x25D7, 0x25D7,
    0x0820, 0x0821, 0x0022, 0x0022, 0x0023, 0x0024, 0x0024, 0x0025, 0x0026, 0x0026, 0x0047, 0x0048, 0x0048, 0x0049, 0x004A, 0x004B,
    0x004C, 0x004D, 0x004D, 0x004E, 0x004F, 0x0070, 0x0071, 0x0071, 0x0072, 0x0073, 0x0074, 0x0075, 0x0075, 0x0076, 0x0077, 0x0078,
    0x0040, 0x0041, 0x0041, 0x0042, 0x0043, 0x0044, 0x0044, 0x0045, 0x0046, 0x0046, 0x0047, 0x0048, 0x0049, 0x0049, 0x004A, 0x004B,
    0x004C, 0x006D, 0x006E, 0x006F, 0x006F, 0x0070, 0x0071, 0x0072, 0x0072, 0x0073, 0x0074, 0x0075, 0x0076, 0x0076, 0x0077, 0x0077,
    0x0040, 0x0041, 0x0041, 0x0042, 0x0043, 0x0044, 0x0044, 0x0045, 0x0046, 0x0046, 0x0047, 0x0068, 0x0069, 0x006A, 0x006A, 0x006B,
    0x006C, 0x006D, 0x006E, 0x006F, 0x006F, 0x0070, 0x0071, 0x0072, 0x0073, 0x0073, 0x0074, 0x0075, 0x0076, 0x0076, 0x0097, 0x0097,
    0x0060, 0x0060, 0x0061, 0x0062, 0x0063, 0x0063, 0x0064, 0x0065, 0x0065, 0x0066, 0x0067, 0x0068, 0x0068, 0x0069, 0x008A, 0x008B,
    0x008C, 0x008D, 0x008D, 0x008E, 0x008F, 0x0090, 0x0091, 0x0091, 0x0092, 0x0093, 0x0094, 0x0095, 0x0095, 0x0096, 0x0096, 0x00B6,
    0x0080, 0x0080, 0x0081, 0x0081, 0x0082, 0x0083, 0x0084, 0x0084, 0x0085, 0x0086, 0x0086, 0x0087, 0x0088, 0x0089, 0x0089, 0x008A,
    0x008B, 0x008C, 0x00AD, 0x00AE, 0x00AF, 0x00AF, 0x00B0, 0x00B1, 0x00B2, 0x00B2, 0x00B3, 0x00B4, 0x00B5, 0x00B5, 0x00B6, 0x00B6,
    0x00A0, 0x00A0, 0x00A1, 0x00A1, 0x00A2, 0x00A3, 0x00A4, 0x00A4, 0x00A5, 0x00A5, 0x00A6, 0x00A7, 0x00A8, 0x00A8, 0x00A9, 0x00AA,
    0x00AB, 0x00AC, 0x00AD, 0x00AD, 0x00AE, 0x00AF, 0x00B0, 0x00B0, 0x00B1, 0x00B2, 0x00B3, 0x00B3, 0x00B4, 0x00D5, 0x00D5, 0x00D5,
    0x00A0, 0x00C0, 0x00C1, 0x00C1, 0x00C2, 0x00C3, 0x00E3, 0x00C4, 0x00C5, 0x00C5, 0x00C6, 0x00C7, 0x00C7, 0x00C8, 0x00C9, 0x00CA,
    0x00CB, 0x00CC, 0x00CC, 0x00CD, 0x00CE, 0x00CF, 0x00CF, 0x00D0, 0x00D1, 0x00D1, 0x00D2, 0x00D3, 0x00D4, 0x00D4, 0x00F5, 0x00F5,
    0x00C0, 0x00E0, 0x00E1, 0x00E1, 0x00E2, 0x00E2, 0x00E3, 0x0104, 0x00E5, 0x00E5, 0x00E6, 0x00E7, 0x00E7, 0x00E8, 0x00E9, 0x00EA,
    0x00EB, 0x00EB, 0x00EC, 0x00ED, 0x00EE, 0x00EE, 0x00EF, 0x00F0, 0x00F1, 0x00F1, 0x00F2, 0x00F3, 0x00F3, 0x00F4, 0x0114, 0x0115,
    0x00E0, 0x0100, 0x0101, 0x0101, 0x0101, 0x0102, 0x0103, 0x0124, 0x0125, 0x0105, 0x0106, 0x0107, 0x0107, 0x0108, 0x0109, 0x010A,
    0x012A, 0x012B, 0x012C, 0x012D, 0x012E, 0x010E, 0x010F, 0x0110, 0x0110, 0x0111, 0x0112, 0x0112, 0x0113, 0x0134, 0x0134, 0x0135,
    0x0100, 0x0120, 0x0121, 0x0121, 0x0121, 0x0122, 0x0123, 0x0144, 0x0144, 0x0145, 0x0146, 0x0147, 0x0127, 0x0128, 0x0149, 0x014A,
    0x014A, 0x014B, 0x014C, 0x014D, 0x014E, 0x014E, 0x014F, 0x0150, 0x0150, 0x0151, 0x0152, 0x0153, 0x0153, 0x0154, 0x0174, 0x0175,
    0x0120, 0x0140, 0x0141, 0x0141, 0x0141, 0x0142, 0x0143, 0x0164, 0x0164, 0x0165, 0x0166, 0x0167, 0x0167, 0x0168, 0x0169, 0x016A,
    0x016A, 0x016B, 0x016C, 0x016D, 0x016E, 0x016E, 0x016F, 0x0170, 0x0171, 0x0171, 0x0172, 0x0193, 0x0193, 0x0194, 0x0194, 0x01B5,
    0x0140, 0x0160, 0x0161, 0x0161, 0x0161, 0x0162, 0x0183, 0x0184, 0x0184, 0x0185, 0x0186, 0x0187, 0x0187, 0x0188, 0x0189, 0x018A,
    0x018A, 0x01AB, 0x01AC, 0x01AD, 0x01AE, 0x01AE, 0x01AF, 0x01B0, 0x01B1, 0x01B1, 0x01B2, 0x01B3, 0x01D3, 0x01D4, 0x01D4, 0x01D5,
    0x0160, 0x0180, 0x0181, 0x0181, 0x0181, 0x0182, 0x01A3, 0x01A4, 0x01A4, 0x01A5, 0x01A6, 0x01C7, 0x01C7, 0x01C8, 0x01C9, 0x01CA,
    0x01CA, 0x01CB, 0x01CC, 0x01CD, 0x01CE, 0x01EE, 0x01EF, 0x01F0, 0x01F1, 0x01F1, 0x01F2, 0x01F3, 0x01F4, 0x0214, 0x0215, 0x0215,
    0x01A0, 0x01A0, 0x01A1, 0x01A1, 0x01A1, 0x01C2, 0x01C3, 0x01C4, 0x01E4, 0x01E5, 0x01E6, 0x01E7, 0x01E7, 0x01E8, 0x01E9, 0x01EA,
    0x01EB, 0x020B, 0x020C, 0x020D, 0x020E, 0x020F, 0x020F, 0x0210, 0x0231, 0x0232, 0x0232, 0x0233, 0x0234, 0x0234, 0x0255, 0x0255,
    0x01C0, 0x01C0, 0x01C1, 0x01C1, 0x01C1, 0x01E2, 0x01E3, 0x0204, 0x0204, 0x0205, 0x0206, 0x0227, 0x0228, 0x0228, 0x0229, 0x022A,
    0x022B, 0x022C, 0x022C, 0x022D, 0x024E, 0x024F, 0x024F, 0x0250, 0x0251, 0x0272, 0x0272, 0x0273, 0x0274, 0x0275, 0x0275, 0x0275,
    0x0200, 0x0200, 0x0201, 0x0201, 0x0201, 0x0202, 0x0223, 0x0224, 0x0224, 0x0245, 0x0246, 0x0247, 0x0248, 0x0268, 0x0269, 0x026A,
    0x026B, 0x026C, 0x026D, 0x026D, 0x026E, 0x026F, 0x0290, 0x0290, 0x0291, 0x0292, 0x02B3, 0x02B3, 0x02B4, 0x02B5, 0x02B5, 0x02B5,
    0x0220, 0x0220, 0x0221, 0x0221, 0x0221, 0x0222, 0x0243, 0x0244, 0x0264, 0x0265, 0x0286, 0x0287, 0x0288, 0x0289, 0x02A9, 0x02AA,
    0x02AB, 0x02AC, 0x02AD, 0x02AD, 0x02AE, 0x02AF, 0x02B0, 0x02B1, 0x02D1, 0x02D2, 0x02D3, 0x02D3, 0x02F4, 0x02F5, 0x02D5, 0x02D5,
    0x0260, 0x0260, 0x0261, 0x0261, 0x0261, 0x0262, 0x0263, 0x0283, 0x0284, 0x02A5, 0x02A6, 0x02A7, 0x02C8, 0x02C9, 0x02CA, 0x02CB,
    0x02CB, 0x02EC, 0x02ED, 0x02CE, 0x02EE, 0x02EF, 0x02F0, 0x02F1, 0x0311, 0x0312, 0x0313, 0x0313, 0x0314, 0x0315, 0x0B15, 0x0B15,
    0x0280, 0x0280, 0x0281, 0x0281, 0x0281, 0x0282, 0x02A2, 0x02A3, 0x02A4, 0x02C5, 0x02C6, 0x02E7, 0x02E8, 0x0309, 0x030A, 0x030B,
    0x0B2C, 0x0B2D, 0x0B2D, 0x0B2E, 0x0B2F, 0x0B30, 0x0B30, 0x0B31, 0x0B52, 0x0B52, 0x0B53, 0x0B54, 0x0B54, 0x0B55, 0x0B55, 0x0B55,
    0x02C0, 0x02C0, 0x02C1, 0x02C1, 0x02A1, 0x02C2, 0x02C2, 0x02C3, 0x02C4, 0x02E5, 0x0306, 0x0307, 0x0328, 0x0329, 0x0B4A, 0x0B4B,
    0x0B6C, 0x0B6D, 0x0B6E, 0x0B6F, 0x0B6F, 0x0B70, 0x0B71, 0x0B91, 0x0B92, 0x0B93, 0x0B93, 0x0B94, 0x0B94, 0x0B95, 0x0B95, 0x0B96,
    0x02E0, 0x02E0, 0x02E1, 0x02E1, 0x02E1, 0x02E2, 0x02E2, 0x02E3, 0x02E4, 0x0304, 0x0326, 0x0347, 0x0348, 0x0369, 0x0B8A, 0x0B8B,
    0x0BAC, 0x13AD, 0x13CE, 0x13CF, 0x13D0, 0x13D0, 0x13D1, 0x13D2, 0x13D2, 0x13D3, 0x13D4, 0x13D4, 0x13D5, 0x13D5, 0x13D6, 0x13B6,
    0x0300, 0x0320, 0x0321, 0x0321, 0x0301, 0x0302, 0x0302, 0x0303, 0x0323, 0x0324, 0x0345, 0x0367, 0x0388, 0x0BA9, 0x0BCB, 0x0BCC,
    0x13ED, 0x13EE, 0x140E, 0x140F, 0x1C10, 0x1C11, 0x1C11, 0x1412, 0x1413, 0x1413, 0x1414, 0x1415, 0x1415, 0x1416, 0x13F6, 0x13F6,
    0x0340, 0x0340, 0x0341, 0x0341, 0x0341, 0x0342, 0x0322, 0x0342, 0x0343, 0x0344, 0x0365, 0x0387, 0x03A8, 0x0BC9, 0x0BEB, 0x140C,
    0x142D, 0x142E, 0x1C4F, 0x1C50, 0x1C70, 0x1C71, 0x1C72, 0x1C52, 0x1C53, 0x1C54, 0x1C54, 0x1C55, 0x1455, 0x1436, 0x1436, 0x1416,
    0x0360, 0x0360, 0x0361, 0x0361, 0x0361, 0x0361, 0x0362, 0x0362, 0x0363, 0x0384, 0x0385, 0x03A6, 0x0BE8, 0x0C09, 0x142B, 0x144C,
    0x146D, 0x1C8E, 0x1C8F, 0x1CB0, 0x24B1, 0x24B1, 0x24B2, 0x24B3, 0x1C93, 0x1C94, 0x1C95, 0x1C95, 0x1C76, 0x1C76, 0x1C56, 0x1C57,
    0x0380, 0x0381, 0x03A1, 0x03A1, 0x0381, 0x0381, 0x0382, 0x0382, 0x0383, 0x03A4, 0x03C5, 0x03E6, 0x0C08, 0x0C29, 0x144B, 0x148C,
    0x1CAE, 0x1CAF, 0x24D0, 0x24D0, 0x24F1, 0x24F2, 0x24F2, 0x24F3, 0x24D4, 0x24D4, 0x1CD5, 0x1CB5, 0x1CB6, 0x1CB6, 0x1C96, 0x1C77,
    0x03A0, 0x03A1, 0x03C1, 0x03C1, 0x03C1, 0x03C2, 0x03C2, 0x03C2, 0x03C3, 0x03C4, 0x03E5, 0x0406, 0x0C28, 0x0C49, 0x148B, 0x14AD,
    0x1CCE, 0x1CEF, 0x2510, 0x2511, 0x2531, 0x2532, 0x2533, 0x2533, 0x2514, 0x2515, 0x24F5, 0x24F6, 0x1CF6, 0x1CD6, 0x1CD7, 0x1CB7,
    0x03C0, 0x03E1, 0x03E1, 0x03E1, 0x03E1, 0x03E2, 0x03E2, 0x03E2, 0x03E3, 0x0404, 0x0405, 0x0426, 0x0C48, 0x0C89, 0x14AB, 0x14CD,
    0x1D0E, 0x1D2F, 0x2530, 0x2551, 0x2551, 0x2552, 0x2553, 0x2553, 0x2554, 0x2555, 0x2535, 0x2536, 0x1D16, 0x1D16, 0x1CF7, 0x1CD7,
    0x03E0, 0x0401, 0x0401, 0x0401, 0x0401, 0x0402, 0x0402, 0x0403, 0x0403, 0x0424, 0x0445, 0x0C67, 0x0C88, 0x0CA9, 0x14CB, 0x14ED,
    0x1D2E, 0x1D4F, 0x2550, 0x2571, 0x2571, 0x2592, 0x2593, 0x2593, 0x2594, 0x2575, 0x2575, 0x2556, 0x2556, 0x1D36, 0x1D17, 0x2517,
    0x0400, 0x0421, 0x0421, 0x0421, 0x0421, 0x0422, 0x0422, 0x0423, 0x0444, 0x0445, 0x0466, 0x0C87, 0x0CA8, 0x0CCA, 0x14EB, 0x152D,
    0x1D4E, 0x1D6F, 0x2570, 0x2591, 0x2591, 0x25B2, 0x25B3, 0x25B3, 0x25B4, 0x2595, 0x2595, 0x2596, 0x2576, 0x2557, 0x2557, 0x2537,
    0x0420, 0x0441, 0x0441, 0x0441, 0x0441, 0x0442, 0x0442, 0x0463, 0x0464, 0x0485, 0x0C86, 0x0CA7, 0x0CC9, 0x0CEA, 0x150B, 0x154D,
    0x1D6E, 0x1D8F, 0x2590, 0x25B1, 0x25B1, 0x25B2, 0x25D3, 0x25D3, 0x25D4, 0x25B5, 0x25B5, 0x25B6, 0x25B6, 0x2597, 0x2577, 0x2557,
    0x0440, 0x0441, 0x0461, 0x0461, 0x0462, 0x0462, 0x0463, 0x0484, 0x0485, 0x0CA6, 0x0CA7, 0x0CC8, 0x0CE9, 0x150A, 0x152B, 0x154D,
    0x1D6E, 0x1D8F, 0x25B0, 0x25B1, 0x25D1, 0x25D2, 0x25D2, 0x25D3, 0x25D4, 0x25D4, 0x25D5, 0x25D6, 0x25B6, 0x25B6, 0x25B7, 0x2597,
    0x0460, 0x0461, 0x0461, 0x0462, 0x0482, 0x0483, 0x0484, 0x04A4, 0x0CA5, 0x0CC6, 0x0CC7, 0x0CE8, 0x0D09, 0x152A, 0x152C, 0x154D,
    0x1D6E, 0x1D8F, 0x25B0, 0x25D0, 0x25D1, 0x25D2, 0x25D2, 0x25D3, 0x25D3, 0x25D4, 0x25D5, 0x25D5, 0x25D6, 0x25D6, 0x25D7, 0x25D7,
    0x0820, 0x0821, 0x0822, 0x0822, 0x0823, 0x0824, 0x0825, 0x0825, 0x0026, 0x0027, 0x0027, 0x0028, 0x0048, 0x0049, 0x004A, 0x004B,
    0x004C, 0x004C, 0x004D, 0x004E, 0x004F, 0x0070, 0x0071, 0x0071, 0x0072, 0x0073, 0x0074, 0x0074, 0x0075, 0x0076, 0x0077, 0x0078,
    0x0840, 0x0841, 0x0841, 0x0842, 0x0023, 0x0024, 0x0025, 0x0026, 0x0026, 0x0047, 0x0048, 0x0048, 0x0049, 0x004A, 0x004B, 0x004C,
    0x004D, 0x004D, 0x004E, 0x004F, 0x0070, 0x0071, 0x0071, 0x0072, 0x0073, 0x0074, 0x0075, 0x0075, 0x0076, 0x0077, 0x0077, 0x0077,
    0x0840, 0x0841, 0x0861, 0x0042, 0x0044, 0x0044, 0x0045, 0x0046, 0x0047, 0x0048, 0x0048, 0x0049, 0x004A, 0x004B, 0x004C, 0x004D,
    0x004D, 0x004E, 0x006F, 0x0070, 0x0071, 0x0071, 0x0072, 0x0073, 0x0074, 0x0075, 0x0076, 0x0076, 0x0077, 0x0078, 0x0077, 0x0096,
    0x0860, 0x0860, 0x0081, 0x0082, 0x0063, 0x0064, 0x0065, 0x0065, 0x0066, 0x0067, 0x0068, 0x0068, 0x0069, 0x006A, 0x006B, 0x006C,
    0x006D, 0x006E, 0x006F, 0x006F, 0x0070, 0x0071, 0x0072, 0x0073, 0x0073, 0x0074, 0x0095, 0x0096, 0x0096, 0x0097, 0x0096, 0x00B6,
    0x0880, 0x0080, 0x00A0, 0x00A2, 0x00A3, 0x00A3, 0x0084, 0x0085, 0x0086, 0x0086, 0x0087, 0x0088, 0x0089, 0x008A, 0x008B, 0x008B,
    0x008C, 0x008D, 0x008E, 0x008F, 0x0090, 0x0090, 0x0091, 0x0092, 0x0093, 0x0094, 0x0094, 0x0095, 0x0096, 0x0096, 0x00B6, 0x00B6,
    0x08A0, 0x00A0, 0x00C0, 0x00C1, 0x00C2, 0x00C3, 0x00C4, 0x00C5, 0x00A5, 0x00A6, 0x00A7, 0x00A8, 0x00A8, 0x00A9, 0x00AA, 0x00AB,
    0x00AC, 0x00AD, 0x00AE, 0x00AE, 0x00AF, 0x00B0, 0x00B1, 0x00B1, 0x00B2, 0x00B3, 0x00B4, 0x00B5, 0x00B5, 0x00B6, 0x00D6, 0x00D5,
    0x00C0, 0x00C0, 0x00E0, 0x00E1, 0x00E2, 0x00E3, 0x00E4, 0x00E4, 0x00E5, 0x00C6, 0x00C7, 0x00C7, 0x00C8, 0x00C9, 0x00CA, 0x00CB,
    0x00CC, 0x00CD, 0x00CD, 0x00CE, 0x00CF, 0x00CF, 0x00D0, 0x00D1, 0x00D2, 0x00D2, 0x00D3, 0x00D4, 0x00D5, 0x00D5, 0x00D5, 0x00F5,
    0x00E0, 0x00E0, 0x0100, 0x0101, 0x0101, 0x0102, 0x0103, 0x0104, 0x0105, 0x0106, 0x0107, 0x00E7, 0x00E8, 0x00E9, 0x00EA, 0x00EB,
    0x00EB, 0x00EC, 0x00ED, 0x00EE, 0x00EE, 0x00EF, 0x00F0, 0x00F1, 0x00F1, 0x00F2, 0x00F3, 0x00F4, 0x00F4, 0x00F5, 0x00F5, 0x0115,
    0x00E0, 0x0100, 0x0120, 0x0121, 0x0121, 0x0122, 0x0123, 0x0144, 0x0145, 0x0126, 0x0127, 0x0127, 0x0128, 0x0129, 0x010A, 0x010A,
    0x010B, 0x010C, 0x010D, 0x010E, 0x010E, 0x010F, 0x0110, 0x0110, 0x0111, 0x0112, 0x0113, 0x0113, 0x0114, 0x0115, 0x0135, 0x0135,
    0x0120, 0x0120, 0x0140, 0x0141, 0x0141, 0x0142, 0x0143, 0x0164, 0x0165, 0x0166, 0x0167, 0x0147, 0x0148, 0x0149, 0x014A, 0x014A,
    0x014B, 0x014C, 0x014D, 0x014E, 0x014E, 0x012F, 0x0130, 0x0130, 0x0131, 0x0132, 0x0133, 0x0133, 0x0154, 0x0155, 0x0155, 0x0175,
    0x0140, 0x0140, 0x0160, 0x0161, 0x0161, 0x0162, 0x0163, 0x0184, 0x0185, 0x0186, 0x0187, 0x0187, 0x0188, 0x0169, 0x016A, 0x016A,
    0x016B, 0x016C, 0x016D, 0x016E, 0x016E, 0x016F, 0x0170, 0x0171, 0x0171, 0x0172, 0x0173, 0x0173, 0x0174, 0x0175, 0x0195, 0x01B5,
    0x0160, 0x0160, 0x0180, 0x0181, 0x0181, 0x0182, 0x01A3, 0x01A4, 0x01A5, 0x01A5, 0x01A6, 0x01C7, 0x01A8, 0x01A9, 0x01AA, 0x01AA,
    0x01AB, 0x01AC, 0x01AD, 0x01AE, 0x01AE, 0x01AF, 0x01B0, 0x01B1, 0x01B1, 0x01B2, 0x01B3, 0x01B4, 0x01B4, 0x01B5, 0x01D5, 0x01D5,
    0x0980, 0x01A0, 0x01A0, 0x01A1, 0x01A1, 0x01A2, 0x01C3, 0x01C4, 0x01E5, 0x01E5, 0x01E6, 0x01E7, 0x01E8, 0x01E9, 0x01EA, 0x01EB,
    0x01EB, 0x01EC, 0x01ED, 0x01EE, 0x01EE, 0x01EF, 0x01F0, 0x01F1, 0x01F1, 0x01F2, 0x01F3, 0x01F4, 0x01F4, 0x01F5, 0x0215, 0x0215,
    0x09C0, 0x01C0, 0x01E0, 0x01C1, 0x01C1, 0x01E2, 0x01E3, 0x0204, 0x0205, 0x0205, 0x0206, 0x0227, 0x0228, 0x0229, 0x022A, 0x020B,
    0x020C, 0x020C, 0x020D, 0x020E, 0x020F, 0x022F, 0x0230, 0x0231, 0x0232, 0x0232, 0x0233, 0x0234, 0x0234, 0x0235, 0x0235, 0x0255,
    0x09E0, 0x0200, 0x0200, 0x0201, 0x01E1, 0x0202, 0x0203, 0x0224, 0x0225, 0x0245, 0x0246, 0x0247, 0x0248, 0x0269, 0x026A, 0x024B,
    0x024C, 0x024C, 0x024D, 0x024E, 0x024F, 0x0250, 0x0270, 0x0271, 0x0272, 0x0272, 0x0273, 0x0274, 0x0274, 0x0275, 0x0275, 0x0A75,
    0x0A20, 0x0220, 0x0220, 0x0221, 0x0221, 0x0222, 0x0242, 0x0244, 0x0264, 0x0265, 0x0286, 0x0287, 0x0288, 0x0289, 0x02AA, 0x028B,
    0x028C, 0x028D, 0x028D, 0x028E, 0x028F, 0x0290, 0x0290, 0x02B1, 0x02B2, 0x02B3, 0x02B3, 0x02B4, 0x02B5, 0x02B5, 0x02B5, 0x0AB5,
    0x0A40, 0x0260, 0x0260, 0x0261, 0x0241, 0x0262, 0x0262, 0x0283, 0x0284, 0x02A5, 0x02A6, 0x02A7, 0x02C8, 0x02C9, 0x02CA, 0x02CB,
    0x02CC, 0x02CD, 0x02CE, 0x02CE, 0x02CF, 0x02D0, 0x02D1, 0x02D1, 0x02F2, 0x02F3, 0x02F3, 0x02F4, 0x02F5, 0x02F5, 0x0AD5, 0x0AD5,
    0x0A80, 0x0280, 0x02A0, 0x0281, 0x0281, 0x0282, 0x0282, 0x02A3, 0x02A4, 0x02C5, 0x02C6, 0x02E7, 0x02E8, 0x0309, 0x030A, 0x030B,
    0x0B2C, 0x0B2D, 0x0B2E, 0x0B0F, 0x0B10, 0x0B10, 0x0B11, 0x0B31, 0x0B32, 0x0B33, 0x0B33, 0x0B34, 0x0B35, 0x0B15, 0x0B15, 0x0B15,
    0x0AA0, 0x02C0, 0x02C0, 0x02C1, 0x02A1, 0x02A1, 0x02C2, 0x02C3, 0x02C4, 0x02E5, 0x0306, 0x0307, 0x0328, 0x0329, 0x0B4B, 0x0B4C,
    0x0B6D, 0x0B6E, 0x0B6E, 0x0B6F, 0x0B70, 0x0B71, 0x0B71, 0x0B72, 0x0B72, 0x0B73, 0x0B74, 0x0B74, 0x0B55, 0x0B55, 0x0B55, 0x0B55,
    0x0AE0, 0x02E0, 0x02E0, 0x02E1, 0x02E1, 0x02E1, 0x02E2, 0x02E2, 0x02E3, 0x0304, 0x0326, 0x0347, 0x0368, 0x0B6A, 0x0B8B, 0x0B8C,
    0x0BAD, 0x13AE, 0x13CF, 0x13D0, 0x13D0, 0x13B1, 0x13B2, 0x13B2, 0x13B3, 0x0BB3, 0x0BB4, 0x0BB5, 0x0B95, 0x0B95, 0x0B96, 0x1396,
    0x0300, 0x0300, 0x0320, 0x0321, 0x0321, 0x0301, 0x0302, 0x0302, 0x0303, 0x0324, 0x0345, 0x0367, 0x0388, 0x0BAA, 0x0BCB, 0x0BCC,
    0x13ED, 0x140E, 0x140F, 0x1C10, 0x1411, 0x1411, 0x1412, 0x1413, 0x13F3, 0x13F4, 0x13F4, 0x13F5, 0x13D5, 0x13D6, 0x13D6, 0x13D6,
    0x0320, 0x0340, 0x0340, 0x0341, 0x0341, 0x0341, 0x0342, 0x0342, 0x0343, 0x0344, 0x0365, 0x0386, 0x0BA8, 0x0BEA, 0x0C0B, 0x140C,
    0x142D, 0x1C4E, 0x1C4F, 0x1C70, 0x1C71, 0x1C52, 0x1C52, 0x1C53, 0x1C54, 0x1C34, 0x1435, 0x1435, 0x1416, 0x1416, 0x1416, 0x13F6,
    0x0340, 0x0360, 0x0360, 0x0361, 0x0361, 0x0361, 0x0362, 0x0362, 0x0363, 0x0384, 0x0385, 0x03A6, 0x0BE8, 0x0C0A, 0x142B, 0x144D,
    0x1C6E, 0x1C8F, 0x1C90, 0x24B1, 0x24B1, 0x24B2, 0x2493, 0x1C93, 0x1C94, 0x1C74, 0x1C75, 0x1C76, 0x1C56, 0x1456, 0x1C36, 0x1C36,
    0x0380, 0x0380, 0x03A0, 0x03A1, 0x03A1, 0x0381, 0x0382, 0x0382, 0x0383, 0x03A4, 0x03C5, 0x03E6, 0x0C08, 0x0C2A, 0x146B, 0x148D,
    0x1CAE, 0x1CCF, 0x24D0, 0x24F1, 0x24F1, 0x24F2, 0x24F3, 0x24D4, 0x24D4, 0x1CB5, 0x1CB5, 0x1C96, 0x1C96, 0x1C97, 0x1C77, 0x1C57,
    0x03A0, 0x03A0, 0x03C0, 0x03C1, 0x03C1, 0x03C1, 0x03C2, 0x03C2, 0x03C3, 0x03C4, 0x03E5, 0x0406, 0x0C28, 0x0C49, 0x148B, 0x14AD,
    0x1CCE, 0x24EF, 0x2510, 0x2511, 0x2532, 0x2532, 0x2533, 0x2514, 0x2514, 0x24F5, 0x1CF6, 0x1CD6, 0x1CD6, 0x1CB7, 0x1C97, 0x1C97,
    0x03A0, 0x03C0, 0x03E0, 0x03E1, 0x03E1, 0x03E1, 0x03E2, 0x03E2, 0x03E3, 0x03E4, 0x0405, 0x0426, 0x0C48, 0x0C89, 0x14AB, 0x14CD,
    0x1D0E, 0x252F, 0x2550, 0x2551, 0x2552, 0x2553, 0x2553, 0x2554, 0x2555, 0x2555, 0x2536, 0x1D16, 0x1CF6, 0x1CF7, 0x1CD7, 0x24B7,
    0x03C0, 0x03E0, 0x0400, 0x0401, 0x0401, 0x0401, 0x0402, 0x0402, 0x0403, 0x0424, 0x0425, 0x0C46, 0x0C68, 0x0CA9, 0x14CB, 0x14ED,
    0x1D2E, 0x254F, 0x2570, 0x2571, 0x2572, 0x2593, 0x2593, 0x2574, 0x2575, 0x2575, 0x2556, 0x2556, 0x1D36, 0x1D17, 0x24F7, 0x24D7,
    0x0400, 0x0400, 0x0420, 0x0421, 0x0421, 0x0421, 0x0422, 0x0423, 0x0423, 0x0444, 0x0465, 0x0C87, 0x0CA8, 0x0CC9, 0x14EB, 0x150D,
    0x1D4E, 0x1D6F, 0x2590, 0x2591, 0x2592, 0x25B2, 0x25B3, 0x25B4, 0x25B5, 0x2595, 0x2596, 0x2596, 0x2577, 0x1D57, 0x2537, 0x2517,
    0x0400, 0x0420, 0x0441, 0x0441, 0x0441, 0x0442, 0x0442, 0x0443, 0x0464, 0x0465, 0x0486, 0x0CA7, 0x0CC8, 0x0CEA, 0x150B, 0x152D,
    0x1D4E, 0x1D8F, 0x2590, 0x25B1, 0x25B2, 0x25B2, 0x25B3, 0x25B4, 0x25B4, 0x25B5, 0x25B6, 0x25B6, 0x2597, 0x2577, 0x2557, 0x2537,
    0x0420, 0x0440, 0x0461, 0x0461, 0x0461, 0x0462, 0x0462, 0x0483, 0x0484, 0x04A5, 0x0CA6, 0x0CC7, 0x0CE9, 0x0D0A, 0x152B, 0x154D,
    0x1D6E, 0x1D8F, 0x25B0, 0x25D1, 0x25D1, 0x25D2, 0x25D3, 0x25D3, 0x25D4, 0x25D5, 0x25D6, 0x25D6, 0x25D6, 0x25B7, 0x2597, 0x2577,
    0x0440, 0x0461, 0x0461, 0x0461, 0x0482, 0x0482, 0x0483, 0x0484, 0x0CA5, 0x0CA6, 0x0CC7, 0x0CE8, 0x0CE9, 0x150A, 0x152B, 0x154D,
    0x1D6E, 0x1D8F, 0x25B0, 0x25B0, 0x25D1, 0x25D2, 0x25D2, 0x25D3, 0x25D4, 0x25D4, 0x25D5, 0x25D6, 0x25D6, 0x25D7, 0x25B7, 0x2597,
    0x0460, 0x0461, 0x0461, 0x0482, 0x0482, 0x0C83, 0x0CA4, 0x0CA5, 0x0CA6, 0x0CC7, 0x0CC8, 0x0CE8, 0x1509, 0x150A, 0x152C, 0x1D4D,
    0x1D6D, 0x1D8E, 0x25AF, 0x25B0, 0x25B1, 0x25D1, 0x25D2, 0x25D3, 0x25D3, 0x25D4, 0x25D5, 0x25D5, 0x2DD6, 0x2DD6, 0x2DD7, 0x25D7,
    0x1020, 0x1021, 0x1022, 0x0822, 0x0823, 0x0824, 0x0825, 0x0825, 0x0826, 0x0827, 0x0827, 0x0828, 0x0829, 0x0829, 0x084A, 0x084B,
    0x084C, 0x084C, 0x084D, 0x084E, 0x084F, 0x0870, 0x0870, 0x0871, 0x0872, 0x0873, 0x0874, 0x0874, 0x0875, 0x0876, 0x0877, 0x0877,
    0x1040, 0x1041, 0x1041, 0x1022, 0x0823, 0x0824, 0x0825, 0x0826, 0x0827, 0x0827, 0x0828, 0x0029, 0x0049, 0x004A, 0x004B, 0x004C,
    0x004D, 0x004D, 0x004E, 0x004F, 0x0070, 0x0071, 0x0071, 0x0072, 0x0073, 0x0074, 0x0075, 0x0075, 0x0076, 0x0076, 0x0877, 0x0877,
    0x1040, 0x1040, 0x1041, 0x1042, 0x0844, 0x0825, 0x0826, 0x0826, 0x0027, 0x0028, 0x0048, 0x0049, 0x004A, 0x004B, 0x004C, 0x004D,
    0x004D, 0x004E, 0x006F, 0x0070, 0x0071, 0x0071, 0x0072, 0x0073, 0x0074, 0x0075, 0x0075, 0x0076, 0x0077, 0x0077, 0x0077, 0x0896,
    0x0860, 0x1060, 0x1081, 0x0862, 0x0863, 0x0864, 0x0865, 0x0046, 0x0047, 0x0048, 0x0048, 0x0049, 0x004A, 0x004B, 0x006C, 0x006D,
    0x006E, 0x006E, 0x006F, 0x0070, 0x0071, 0x0072, 0x0072, 0x0073, 0x0074, 0x0075, 0x0076, 0x0076, 0x0076, 0x0097, 0x0096, 0x08B6,
    0x0880, 0x08A0, 0x10A0, 0x08A1, 0x08A2, 0x0883, 0x0084, 0x0085, 0x0066, 0x0067, 0x0068, 0x0069, 0x006A, 0x006B, 0x006C, 0x006D,
    0x006E, 0x006F, 0x006F, 0x0070, 0x0071, 0x0072, 0x0073, 0x0073, 0x0074, 0x0095, 0x0096, 0x0096, 0x0096, 0x0096, 0x00B6, 0x08B5,
    0x08A0, 0x08C0, 0x08C0, 0x08C1, 0x08C2, 0x00C3, 0x00C4, 0x00A5, 0x00A6, 0x00A7, 0x0088, 0x0089, 0x008A, 0x008B, 0x008B, 0x008C,
    0x008D, 0x008E, 0x008F, 0x0090, 0x0090, 0x0091, 0x0092, 0x0093, 0x0094, 0x0094, 0x0095, 0x0096, 0x00B6, 0x00B6, 0x00D5, 0x08D5,
    0x08C0, 0x08E0, 0x08E0, 0x08E1, 0x00E1, 0x00E3, 0x00E4, 0x00E5, 0x00C6, 0x00C6, 0x00C7, 0x00C8, 0x00C9, 0x00AA, 0x00AB, 0x00AC,
    0x00AD, 0x00AD, 0x00AE, 0x00AF, 0x00B0, 0x00B1, 0x00B1, 0x00B2, 0x00B3, 0x00B4, 0x00B4, 0x00B5, 0x00B5, 0x00D5, 0x00D5, 0x08F5,
    0x08E0, 0x0900, 0x0900, 0x0101, 0x0101, 0x0102, 0x0123, 0x0124, 0x0106, 0x0106, 0x00E7, 0x00E8, 0x00E9, 0x00EA, 0x00EB, 0x00EC,
    0x00EC, 0x00CD, 0x00CE, 0x00CF, 0x00CF, 0x00D0, 0x00D1, 0x00D2, 0x00D2, 0x00D3, 0x00D4, 0x00D4, 0x00D5, 0x00F5, 0x00F5, 0x0914,
    0x0900, 0x0920, 0x0940, 0x0120, 0x0121, 0x0142, 0x0143, 0x0144, 0x0145, 0x0146, 0x0127, 0x0128, 0x0129, 0x010A, 0x010A, 0x010B,
    0x010C, 0x010D, 0x010E, 0x010E, 0x00EF, 0x00F0, 0x00F1, 0x00F1, 0x00F2, 0x00F3, 0x00F3, 0x00F4, 0x0114, 0x0115, 0x0135, 0x0934,
    0x0920, 0x0940, 0x0960, 0x0160, 0x0161, 0x0162, 0x0163, 0x0164, 0x0185, 0x0186, 0x0167, 0x0168, 0x0149, 0x014A, 0x014A, 0x014B,
    0x014C, 0x012D, 0x012E, 0x012E, 0x012F, 0x0130, 0x0130, 0x0131, 0x0132, 0x0133, 0x0133, 0x0134, 0x0134, 0x0135, 0x0155, 0x0974,
    0x0940, 0x0960, 0x0980, 0x0180, 0x0181, 0x0182, 0x0183, 0x01A4, 0x01A5, 0x01A6, 0x01A7, 0x01A8, 0x0189, 0x018A, 0x018A, 0x016B,
    0x016C, 0x016D, 0x016E, 0x016E, 0x016F, 0x0170, 0x0150, 0x0151, 0x0152, 0x0153, 0x0153, 0x0174, 0x0174, 0x0175, 0x0195, 0x09B4,
    0x0960, 0x0980, 0x09A0, 0x01A0, 0x01A1, 0x01A2, 0x01C2, 0x01C4, 0x01C5, 0x01E6, 0x01E7, 0x01E8, 0x01E9, 0x01CA, 0x01CB, 0x01AB,
    0x01AC, 0x01AD, 0x01AE, 0x01AE, 0x01AF, 0x01B0, 0x01B1, 0x0191, 0x0192, 0x0193, 0x01B3, 0x01B4, 0x01B4, 0x01B5, 0x01D5, 0x09D4,
    0x09A0, 0x09C0, 0x09C0, 0x01C0, 0x01C1, 0x01E1, 0x01E2, 0x01E3, 0x0204, 0x0206, 0x0207, 0x0228, 0x0229, 0x020A, 0x020B, 0x01EB,
    0x01EC, 0x01ED, 0x01EE, 0x01EE, 0x01EF, 0x01F0, 0x01F1, 0x01F1, 0x01F2, 0x01F3, 0x01F3, 0x01F4, 0x01F4, 0x01F5, 0x0215, 0x0A15,
    0x11C0, 0x09E0, 0x0A00, 0x0200, 0x0201, 0x0201, 0x0202, 0x0223, 0x0224, 0x0245, 0x0247, 0x0248, 0x0269, 0x024A, 0x024B, 0x024C,
    0x022C, 0x022D, 0x022E, 0x022F, 0x022F, 0x0230, 0x0231, 0x0232, 0x0232, 0x0233, 0x0234, 0x0234, 0x0234, 0x0235, 0x0A35, 0x0A55,
    0x1200, 0x0A20, 0x0A20, 0x0220, 0x0221, 0x0221, 0x0222, 0x0243, 0x0264, 0x0265, 0x0287, 0x0288, 0x0289, 0x02AA, 0x028B, 0x028C,
    0x028D, 0x026D, 0x026E, 0x026F, 0x0270, 0x0270, 0x0271, 0x0272, 0x0272, 0x0273, 0x0274, 0x0274, 0x0275, 0x0275, 0x0A75, 0x0A95,
    0x1220, 0x0A40, 0x0A60, 0x0260, 0x0261, 0x0261, 0x0262, 0x0263, 0x0284, 0x02A5, 0x02A6, 0x02A8, 0x02C9, 0x02CA, 0x02CB, 0x02CC,
    0x02CD, 0x02AE, 0x02AE, 0x02AF, 0x02B0, 0x02B0, 0x02B1, 0x02B2, 0x02B2, 0x02B3, 0x02B4, 0x02B4, 0x02B5, 0x02B5, 0x0AB5, 0x0AB5,
    0x1260, 0x0A80, 0x0A80, 0x0280, 0x0281, 0x0281, 0x0282, 0x02A3, 0x02A4, 0x02C5, 0x02C6, 0x02E7, 0x02E9, 0x030A, 0x0B0B, 0x0B2C,
    0x0B2D, 0x0B0E, 0x0B0F, 0x02EF, 0x02F0, 0x02F1, 0x02F1, 0x02F2, 0x02F3, 0x02F3, 0x02F4, 0x02F4, 0x02F5, 0x0AF5, 0x0AF5, 0x0AF5,
    0x1280, 0x0AA0, 0x02C0, 0x02C0, 0x02C1, 0x02C1, 0x02A2, 0x02C2, 0x02C3, 0x02E4, 0x02E6, 0x0307, 0x0329, 0x0B4A, 0x0B4B, 0x0B6C,
    0x0B6D, 0x0B6E, 0x0B6F, 0x0B50, 0x0B50, 0x0B51, 0x0B52, 0x0B32, 0x0B33, 0x0B33, 0x0B34, 0x0B35, 0x0B35, 0x0B35, 0x0B35, 0x0B35,
    0x12A0, 0x0AC0, 0x02E0, 0x02E0, 0x02E1, 0x02E1, 0x02E2, 0x02E2, 0x02E3, 0x0304, 0x0325, 0x0347, 0x0368, 0x0B6A, 0x0B8B, 0x0BAC,
    0x13AE, 0x13CF, 0x13B0, 0x13B0, 0x0BB1, 0x0B91, 0x0B92, 0x0B93, 0x0B93, 0x0B74, 0x0B74, 0x0B75, 0x0B75, 0x0B55, 0x0B55, 0x1355,
    0x12E0, 0x0B00, 0x0300, 0x0320, 0x0321, 0x0301, 0x0301, 0x0302, 0x0303, 0x0324, 0x0345, 0x0367, 0x0388, 0x0BAA, 0x0BCB, 0x13ED,
    0x13EE, 0x140F, 0x1410, 0x1411, 0x1411, 0x13F2, 0x13F2, 0x13D3, 0x13D4, 0x13D4, 0x13B5, 0x0BB5, 0x13B5, 0x1396, 0x1396, 0x1396,
    0x0B00, 0x0B20, 0x0340, 0x0341, 0x0341, 0x0341, 0x0341, 0x0342, 0x0343, 0x0344, 0x0365, 0x0386, 0x0BA8, 0x0BEA, 0x0C0B, 0x142D,
    0x142E, 0x1C4F, 0x1C50, 0x1C71, 0x1C52, 0x1C52, 0x1C33, 0x1433, 0x1434, 0x1415, 0x1415, 0x13F5, 0x13F6, 0x13D6, 0x13D6, 0x1BD6,
    0x0B20, 0x0340, 0x0360, 0x0361, 0x0361, 0x0361, 0x0361, 0x0362, 0x0362, 0x0363, 0x0384, 0x03A6, 0x0BE8, 0x0C0A, 0x142B, 0x144D,
    0x1C6E, 0x1C8F, 0x1C90, 0x24B1, 0x24B2, 0x1C93, 0x1C93, 0x1C74, 0x1C74, 0x1C55, 0x1455, 0x1436, 0x1436, 0x1416, 0x1C16, 0x1BF6,
    0x0B60, 0x0360, 0x0380, 0x0381, 0x0381, 0x0381, 0x0381, 0x0382, 0x0382, 0x03A3, 0x03A4, 0x03C6, 0x0C08, 0x0C29, 0x146B, 0x148D,
    0x1CAE, 0x1CCF, 0x24D0, 0x24F1, 0x24F2, 0x24D3, 0x24D4, 0x1CB4, 0x1CB5, 0x1C95, 0x1C96, 0x1C76, 0x1C76, 0x1C56, 0x1C36, 0x1C36,
    0x0380, 0x0380, 0x03A0, 0x03A1, 0x03C1, 0x03C1, 0x03C1, 0x03C2, 0x03C2, 0x03C3, 0x03E4, 0x0406, 0x0C27, 0x0C49, 0x148B, 0x14AD,
    0x1CCE, 0x24EF, 0x2511, 0x2511, 0x2512, 0x2533, 0x2514, 0x2514, 0x24F5, 0x1CD5, 0x1CD6, 0x1CB6, 0x1C96, 0x1C97, 0x1C76, 0x2456,
    0x03A0, 0x03A0, 0x03C0, 0x03E1, 0x03E1, 0x03E1, 0x03E1, 0x03E2, 0x03E2, 0x03E3, 0x0404, 0x0426, 0x0C47, 0x0C69, 0x14AB, 0x14CD,
    0x1D0E, 0x252F, 0x2531, 0x2551, 0x2552, 0x2553, 0x2554, 0x2555, 0x2535, 0x2516, 0x1D16, 0x1CF6, 0x1CD6, 0x1CB7, 0x24B7, 0x2497,
    0x03C0, 0x03C0, 0x03E0, 0x0401, 0x0401, 0x0401, 0x0401, 0x0402, 0x0403, 0x0404, 0x0425, 0x0446, 0x0C67, 0x0C89, 0x14CB, 0x150D,
    0x1D2E, 0x254F, 0x2570, 0x2571, 0x2572, 0x2573, 0x2574, 0x2574, 0x2575, 0x2556, 0x2556, 0x2536, 0x2517, 0x24F7, 0x24D7, 0x24B7,
    0x03E0, 0x03E0, 0x0400, 0x0421, 0x0421, 0x0421, 0x0422, 0x0422, 0x0423, 0x0444, 0x0445, 0x0C66, 0x0C88, 0x0CA9, 0x14EB, 0x150D,
    0x1D4E, 0x1D6F, 0x2570, 0x2591, 0x2592, 0x2593, 0x2594, 0x2594, 0x2595, 0x2596, 0x2576, 0x2556, 0x2557, 0x2537, 0x2517, 0x24F7,
    0x0400, 0x0400, 0x0420, 0x0441, 0x0441, 0x0441, 0x0442, 0x0442, 0x0443, 0x0464, 0x0465, 0x0C87, 0x0CA8, 0x0CC9, 0x150B, 0x152D,
    0x1D4E, 0x1D6F, 0x2590, 0x25B1, 0x25B2, 0x25B3, 0x25B3, 0x25B4, 0x25B5, 0x25B6, 0x25B6, 0x2597, 0x2577, 0x2557, 0x2537, 0x2D17,
    0x0420, 0x0420, 0x0441, 0x0441, 0x0461, 0x0462, 0x0462, 0x0463, 0x0464, 0x0485, 0x0C86, 0x0CA7, 0x0CC8, 0x0CEA, 0x150B, 0x154C,
    0x1D6E, 0x1D8F, 0x25B0, 0x25B1, 0x25B2, 0x25D2, 0x25D3, 0x25D4, 0x25D4, 0x25D5, 0x25B6, 0x25B6, 0x2597, 0x2597, 0x2557, 0x2D57,
    0x0440, 0x0441, 0x0461, 0x0461, 0x0461, 0x0462, 0x0483, 0x0483, 0x0484, 0x0CA5, 0x0CA6, 0x0CC7, 0x0CE9, 0x150A, 0x152B, 0x154C,
    0x1D6E, 0x1D8F, 0x25B0, 0x25B1, 0x25D1, 0x25D2, 0x25D3, 0x25D3, 0x25D4, 0x25D5, 0x25D6, 0x25D6, 0x25D7, 0x25B7, 0x2597, 0x2D77,
    0x0460, 0x0461, 0x0461, 0x0482, 0x0482, 0x0C83, 0x0C83, 0x0CA4, 0x0CA5, 0x0CC6, 0x0CC7, 0x0CE8, 0x14E9, 0x150A, 0x152B, 0x1D4C,
    0x1D6D, 0x1D8E, 0x25AF, 0x25B0, 0x25B1, 0x25D2, 0x25D2, 0x25D3, 0x2DD4, 0x2DD4, 0x2DD5, 0x2DD6, 0x2DD6, 0x2DD7, 0x2DB7, 0x2D97,
    0x0480, 0x0481, 0x0C81, 0x0C82, 0x0C83, 0x0CA4, 0x0CA4, 0x0CA5, 0x0CC6, 0x0CC7, 0x14E8, 0x14E9, 0x1509, 0x150A, 0x152B, 0x1D4C,
    0x1D4D, 0x1D6E, 0x258F, 0x25B0, 0x25B1, 0x25B1, 0x2DD2, 0x2DD3, 0x2DD3, 0x2DD4, 0x2DD5, 0x2DD5, 0x2DD6, 0x2DD6, 0x2DD7, 0x2DD7,
    0x1020, 0x1021, 0x1021, 0x1022, 0x1023, 0x1024, 0x1025, 0x0825, 0x0826, 0x0827, 0x0828, 0x0828, 0x0829, 0x082A, 0x082A, 0x084B,
    0x084C, 0x084C, 0x084D, 0x084E, 0x084F, 0x084F, 0x0850, 0x0871, 0x0872, 0x0873, 0x0874, 0x0874, 0x0875, 0x0876, 0x0876, 0x0877,
    0x1040, 0x1040, 0x1821, 0x1022, 0x1023, 0x1024, 0x0825, 0x0826, 0x0827, 0x0828, 0x0828, 0x0829, 0x082A, 0x084A, 0x084B, 0x084C,
    0x084D, 0x084D, 0x084E, 0x084F, 0x0850, 0x0870, 0x0871, 0x0872, 0x0873, 0x0874, 0x0874, 0x0875, 0x0876, 0x0876, 0x0876, 0x0877,
    0x1040, 0x1840, 0x1840, 0x1842, 0x1024, 0x1025, 0x0826, 0x0827, 0x0827, 0x0828, 0x0829, 0x082A, 0x084A, 0x084B, 0x084C, 0x084C,
    0x084D, 0x084E, 0x084F, 0x0870, 0x0871, 0x0871, 0x0872, 0x0073, 0x0074, 0x0075, 0x0075, 0x0076, 0x0076, 0x0877, 0x0876, 0x0896,
    0x1060, 0x1860, 0x1880, 0x1862, 0x1063, 0x1044, 0x0845, 0x0846, 0x0847, 0x0048, 0x0049, 0x004A, 0x004B, 0x004C, 0x004D, 0x004D,
    0x004E, 0x004F, 0x0070, 0x0071, 0x0071, 0x0072, 0x0073, 0x0074, 0x0075, 0x0075, 0x0076, 0x0077, 0x0077, 0x0077, 0x0896, 0x08B6,
    0x1080, 0x10A0, 0x18A0, 0x10A1, 0x1082, 0x0883, 0x0865, 0x0866, 0x0067, 0x0048, 0x0049, 0x004A, 0x004B, 0x004C, 0x006D, 0x006E,
    0x006F, 0x0070, 0x0071, 0x0071, 0x0072, 0x0073, 0x0074, 0x0075, 0x0075, 0x0076, 0x0077, 0x0077, 0x0097, 0x0096, 0x08B6, 0x08B5,
    0x10A0, 0x10C0, 0x10E0, 0x10C1, 0x08C1, 0x08C3, 0x08A4, 0x08A5, 0x0086, 0x0088, 0x0089, 0x008A, 0x008B, 0x008C, 0x008D, 0x008D,
    0x008E, 0x008F, 0x0090, 0x0091, 0x0092, 0x0092, 0x0093, 0x0094, 0x0095, 0x0096, 0x0096, 0x0096, 0x0096, 0x00B6, 0x08B5, 0x08D5,
    0x10C0, 0x10E0, 0x1100, 0x08E0, 0x08E1, 0x08E3, 0x08E4, 0x08E5, 0x00C6, 0x00C7, 0x00A8, 0x00A9, 0x00AA, 0x00AB, 0x00AC, 0x00AD,
    0x00AE, 0x00AE, 0x008F, 0x0090, 0x0091, 0x0092, 0x0093, 0x0093, 0x0094, 0x0095, 0x00B5, 0x00B6, 0x00B6, 0x00D6, 0x08D5, 0x08F4,
    0x10E0, 0x1100, 0x1120, 0x0920, 0x0921, 0x0122, 0x0123, 0x0125, 0x0126, 0x0107, 0x00E8, 0x00E9, 0x00EA, 0x00CB, 0x00CC, 0x00CC,
    0x00CD, 0x00CE, 0x00CF, 0x00D0, 0x00B0, 0x00B1, 0x00B2, 0x00B3, 0x00B3, 0x00B4, 0x00D5, 0x00D5, 0x00D5, 0x00F5, 0x08F5, 0x0914,
    0x1100, 0x1120, 0x0940, 0x0940, 0x0141, 0x0142, 0x0143, 0x0164, 0x0166, 0x0147, 0x0128, 0x0129, 0x0109, 0x010A, 0x010B, 0x010C,
    0x00ED, 0x00EE, 0x00EE, 0x00EF, 0x00F0, 0x00F1, 0x00D1, 0x00D2, 0x00D3, 0x00F4, 0x00F4, 0x00F5, 0x00F5, 0x0115, 0x0915, 0x0934,
    0x1120, 0x1140, 0x0960, 0x0960, 0x0160, 0x0181, 0x0182, 0x0184, 0x0185, 0x0187, 0x0188, 0x0169, 0x0169, 0x014A, 0x014B, 0x014C,
    0x012D, 0x012E, 0x012E, 0x012F, 0x0110, 0x0110, 0x0111, 0x0112, 0x0113, 0x0113, 0x0114, 0x0114, 0x0135, 0x0135, 0x0954, 0x0974,
    0x1160, 0x1180, 0x09A0, 0x09A0, 0x01A0, 0x01A1, 0x01A2, 0x01C4, 0x01C5, 0x01C6, 0x01C8, 0x01C9, 0x01AA, 0x018A, 0x018B, 0x018C,
    0x016D, 0x016E, 0x016E, 0x014F, 0x0150, 0x0150, 0x0151, 0x0152, 0x0152, 0x0153, 0x0154, 0x0154, 0x0154, 0x0175, 0x0994, 0x09B4,
    0x1180, 0x11A0, 0x09C0, 0x09C0, 0x01C0, 0x01C1, 0x01C2, 0x01E3, 0x0205, 0x0206, 0x0207, 0x0209, 0x020A, 0x01EB, 0x01CB, 0x01CC,
    0x01AD, 0x01AE, 0x01AE, 0x01AF, 0x0190, 0x0191, 0x0191, 0x0192, 0x0193, 0x0193, 0x0194, 0x0194, 0x0194, 0x01B5, 0x09D4, 0x09D4,
    0x11A0, 0x11C0, 0x11E0, 0x0A00, 0x0200, 0x0201, 0x0202, 0x0203, 0x0224, 0x0226, 0x0247, 0x0249, 0x024A, 0x022B, 0x022C, 0x020C,
    0x020D, 0x01EE, 0x01EE, 0x01EF, 0x01F0, 0x01D1, 0x01D1, 0x01D2, 0x01D3, 0x01D3, 0x01D4, 0x01D4, 0x01F5, 0x01F5, 0x09F5, 0x0A15,
    0x19E0, 0x1200, 0x1220, 0x0A20, 0x0220, 0x0221, 0x0222, 0x0243, 0x0244, 0x0265, 0x0287, 0x0288, 0x028A, 0x028B, 0x028C, 0x026D,
    0x024D, 0x024E, 0x022F, 0x022F, 0x0230, 0x0231, 0x0232, 0x0232, 0x0233, 0x0234, 0x0234, 0x0235, 0x0235, 0x0235, 0x0A35, 0x0A55,
    0x1A00, 0x1220, 0x1240, 0x0A60, 0x0260, 0x0261, 0x0262, 0x0263, 0x0284, 0x0285, 0x02A7, 0x02A8, 0x02C9, 0x02CB, 0x02CC, 0x02AD,
    0x02AE, 0x028E, 0x028F, 0x0290, 0x0290, 0x0271, 0x0272, 0x0272, 0x0273, 0x0274, 0x0274, 0x0275, 0x0275, 0x0A75, 0x0A75, 0x0A95,
    0x1A40, 0x1260, 0x1280, 0x0A80, 0x02A0, 0x0281, 0x0281, 0x0282, 0x02A3, 0x02A5, 0x02C6, 0x02E8, 0x0309, 0x030B, 0x0B0C, 0x0B0D,
    0x0B0E, 0x02EF, 0x02CF, 0x02D0, 0x02D1, 0x02D1, 0x02B2, 0x02B2, 0x02B3, 0x02B4, 0x02B4, 0x02B5, 0x02B5, 0x0AB5, 0x0AB5, 0x0AB5,
    0x1A60, 0x1280, 0x0AA0, 0x0AC0, 0x02C0, 0x02C1, 0x02A1, 0x02C2, 0x02C3, 0x02E4, 0x02E6, 0x0307, 0x0329, 0x0B4A, 0x0B4C, 0x0B6D,
    0x0B6E, 0x0B4F, 0x0B30, 0x0B30, 0x0B11, 0x0B11, 0x0312, 0x0313, 0x02F3, 0x02F4, 0x02F4, 0x02F5, 0x0AF5, 0x0AF5, 0x0AF5, 0x12F5,
    0x1AA0, 0x12C0, 0x0AE0, 0x02E0, 0x02E0, 0x02E1, 0x02E1, 0x02E2, 0x02E3, 0x0304, 0x0325, 0x0347, 0x0369, 0x0B8A, 0x0B8C, 0x13AD,
    0x13AE, 0x13AF, 0x13B0, 0x0B91, 0x0B71, 0x0B72, 0x0B72, 0x0B53, 0x0B53, 0x0B54, 0x0B34, 0x0B35, 0x0B35, 0x0B35, 0x1335, 0x1335,
    0x1AC0, 0x12E0, 0x0B00, 0x0300, 0x0320, 0x0301, 0x0301, 0x0302, 0x0302, 0x0324, 0x0345, 0x0367, 0x0B88, 0x0BAA, 0x0BCC, 0x13ED,
    0x140F, 0x1410, 0x1411, 0x13F1, 0x13D2, 0x13D2, 0x13B3, 0x0BB3, 0x0B94, 0x0B94, 0x0B95, 0x0B75, 0x0B75, 0x0B75, 0x1375, 0x1375,
    0x12E0, 0x0B00, 0x0320, 0x0340, 0x0340, 0x0341, 0x0341, 0x0342, 0x0342, 0x0343, 0x0364, 0x0386, 0x0BA8, 0x0BEA, 0x140C, 0x142D,
    0x1C4F, 0x1C50, 0x1C51, 0x1C52, 0x1C32, 0x1433, 0x1413, 0x1414, 0x13F4, 0x13D5, 0x13D5, 0x13B5, 0x13B6, 0x13B6, 0x13B6, 0x1BB6,
    0x1300, 0x0B20, 0x0340, 0x0360, 0x0360, 0x0361, 0x0361, 0x0362, 0x0362, 0x0363, 0x0384, 0x03A6, 0x0BE8, 0x0C0A, 0x142C, 0x146D,
    0x1C6F, 0x1C90, 0x1CB1, 0x24B2, 0x1C93, 0x1C73, 0x1C74, 0x1C54, 0x1455, 0x1435, 0x1416, 0x13F6, 0x13F6, 0x13D6, 0x1BD6, 0x1BD6,
    0x0B40, 0x0B60, 0x0380, 0x0380, 0x0380, 0x0381, 0x0381, 0x0382, 0x0382, 0x03A3, 0x03A4, 0x03C6, 0x0C07, 0x0C29, 0x146B, 0x1C8D,
    0x1CAF, 0x24D0, 0x24D1, 0x24F2, 0x24F3, 0x24D4, 0x1CB4, 0x1C95, 0x1C95, 0x1C76, 0x1C56, 0x1456, 0x1C36, 0x1C16, 0x1C16, 0x1C16,
    0x0B60, 0x0380, 0x03A0, 0x03A0, 0x03C0, 0x03C1, 0x03C1, 0x03C2, 0x03C2, 0x03C3, 0x03C4, 0x03E5, 0x0C27, 0x0C49, 0x148B, 0x1CAD,
    0x1CEF, 0x24F0, 0x2511, 0x2532, 0x2513, 0x2514, 0x2514, 0x24F5, 0x1CD5, 0x1CB6, 0x1C96, 0x1C96, 0x1C76, 0x1C56, 0x1C56, 0x2436,
    0x0B80, 0x03A0, 0x03C0, 0x03C0, 0x03E0, 0x03E1, 0x03E1, 0x03E2, 0x03E2, 0x03E3, 0x0404, 0x0425, 0x0C47, 0x0C69, 0x14AB, 0x1CED,
    0x1D0F, 0x2530, 0x2551, 0x2552, 0x2553, 0x2554, 0x2554, 0x2535, 0x2516, 0x1CF6, 0x1CD6, 0x1CD6, 0x1CB7, 0x1C97, 0x2476, 0x2456,
    0x03A0, 0x03C0, 0x03E0, 0x03E0, 0x0401, 0x0401, 0x0401, 0x0402, 0x0402, 0x0403, 0x0424, 0x0446, 0x0C67, 0x0C89, 0x14CB, 0x1D0D,
    0x1D2E, 0x2550, 0x2571, 0x2572, 0x2573, 0x2573, 0x2574, 0x2575, 0x2556, 0x2536, 0x1D16, 0x1CF7, 0x24D7, 0x24B7, 0x24B7, 0x2497,
    0x03C0, 0x03E0, 0x0400, 0x0400, 0x0421, 0x0421, 0x0421, 0x0422, 0x0422, 0x0443, 0x0444, 0x0466, 0x0C87, 0x0CA9, 0x14EB, 0x152D,
    0x1D4E, 0x2570, 0x2591, 0x2591, 0x2592, 0x2593, 0x2594, 0x2595, 0x2596, 0x2576, 0x2556, 0x2537, 0x2517, 0x24F7, 0x24D7, 0x2CB7,
    0x03E0, 0x0400, 0x0400, 0x0420, 0x0441, 0x0441, 0x0441, 0x0442, 0x0443, 0x0464, 0x0465, 0x0C86, 0x0CA8, 0x0CC9, 0x150B, 0x152D,
    0x1D4E, 0x1D6F, 0x2590, 0x25B1, 0x25B2, 0x25B3, 0x25B4, 0x25B5, 0x25B5, 0x25B6, 0x2596, 0x2577, 0x2557, 0x2537, 0x2517, 0x2CF7,
    0x0400, 0x0400, 0x0420, 0x0441, 0x0461, 0x0461, 0x0462, 0x0462, 0x0463, 0x0484, 0x0485, 0x0CA6, 0x0CC8, 0x0CE9, 0x150B, 0x154C,
    0x1D6E, 0x1D8F, 0x25B0, 0x25B1, 0x25B2, 0x25D3, 0x25D3, 0x25D4, 0x25D5, 0x25D6, 0x25B6, 0x25B7, 0x2597, 0x2557, 0x2D37, 0x2D17,
    0x0420, 0x0420, 0x0441, 0x0461, 0x0461, 0x0462, 0x0482, 0x0483, 0x0484, 0x0C85, 0x0CA6, 0x0CC7, 0x0CC8, 0x14EA, 0x150B, 0x154C,
    0x1D6E, 0x1D8F, 0x25B0, 0x25B1, 0x25D1, 0x25D2, 0x25D3, 0x25D4, 0x25D5, 0x25D5, 0x25D6, 0x25D6, 0x25B7, 0x2597, 0x2D77, 0x2D57,
    0x0440, 0x0441, 0x0461, 0x0461, 0x0461, 0x0482, 0x0483, 0x0C84, 0x0CA4, 0x0CA5, 0x0CC6, 0x0CC8, 0x0CE9, 0x150A, 0x152B, 0x154C,
    0x1D4D, 0x1D8E, 0x2590, 0x25B0, 0x25B1, 0x25D2, 0x25D3, 0x25D3, 0x2DD4, 0x2DD5, 0x2DD6, 0x2DD6, 0x2DD7, 0x2DD7, 0x2DB7, 0x3577,
    0x0460, 0x0461, 0x0C61, 0x0C82, 0x0C82, 0x0C83, 0x0CA4, 0x0CA5, 0x0CA5, 0x0CC6, 0x0CC7, 0x14E8, 0x14E9, 0x150A, 0x152B, 0x1D2C,
    0x1D4D, 0x1D6E, 0x258F, 0x25B0, 0x25B1, 0x2DB2, 0x2DD2, 0x2DD3, 0x2DD4, 0x2DD4, 0x2DD5, 0x2DD6, 0x2DD6, 0x2DD7, 0x2DB7, 0x35B7,
    0x0480, 0x0C81, 0x0C82, 0x0C82, 0x0CA3, 0x0CA4, 0x14C5, 0x14C6, 0x14C6, 0x14C7, 0x14E8, 0x14E9, 0x150A, 0x150A, 0x1D0B, 0x1D2C,
    0x1D4D, 0x256E, 0x258F, 0x2590, 0x2DB1, 0x2DB1, 0x2DB2, 0x2DD3, 0x2DD3, 0x35D4, 0x35D5, 0x35F5, 0x35F6, 0x35F6, 0x35D7, 0x35D7,
    0x1820, 0x1821, 0x1821, 0x1822, 0x1823, 0x1024, 0x1025, 0x1025, 0x1026, 0x1027, 0x1028, 0x1028, 0x1029, 0x082A, 0x082B, 0x082B,
    0x082C, 0x084D, 0x084E, 0x084E, 0x084F, 0x0850, 0x0851, 0x0852, 0x0853, 0x0853, 0x0854, 0x0855, 0x0856, 0x0856, 0x0857, 0x0858,
    0x1840, 0x1840, 0x1821, 0x1822, 0x1823, 0x1824, 0x1025, 0x1026, 0x1027, 0x1027, 0x0828, 0x0829, 0x082A, 0x082A, 0x082B, 0x084C,
    0x084D, 0x084D, 0x084E, 0x084F, 0x0850, 0x0851, 0x0851, 0x0852, 0x0853, 0x0854, 0x0855, 0x0855, 0x0876, 0x0876, 0x0877, 0x0877,
    0x1840, 0x1840, 0x2040, 0x2022, 0x1823, 0x1824, 0x1026, 0x1026, 0x1027, 0x0828, 0x0829, 0x082A, 0x082A, 0x084B, 0x084C, 0x084D,
    0x084D, 0x084E, 0x084F, 0x0850, 0x0851, 0x0851, 0x0852, 0x0873, 0x0874, 0x0875, 0x0875, 0x0876, 0x0876, 0x0877, 0x0876, 0x0896,
    0x1860, 0x1860, 0x2060, 0x2061, 0x1842, 0x1844, 0x1045, 0x1046, 0x0827, 0x0828, 0x0829, 0x084A, 0x084B, 0x084C, 0x084D, 0x084D,
    0x084E, 0x084F, 0x0850, 0x0851, 0x0871, 0x0872, 0x0873, 0x0874, 0x0875, 0x0875, 0x0876, 0x0876, 0x0876, 0x0876, 0x0896, 0x08B6,
    0x1880, 0x18A0, 0x20A0, 0x2081, 0x1881, 0x1863, 0x1065, 0x1046, 0x0847, 0x0848, 0x084A, 0x084B, 0x004C, 0x004C, 0x004D, 0x004E,
    0x006F, 0x0070, 0x0071, 0x0071, 0x0072, 0x0073, 0x0074, 0x0075, 0x0075, 0x0076, 0x0076, 0x0077, 0x0896, 0x0896, 0x08B6, 0x08B5,
    0x18A0, 0x18C0, 0x20C0, 0x18C1, 0x18C1, 0x18A3, 0x10A4, 0x1085, 0x0887, 0x0868, 0x0869, 0x006A, 0x006B, 0x006C, 0x006D, 0x006E,
    0x006F, 0x0070, 0x0071, 0x0072, 0x0072, 0x0073, 0x0074, 0x0075, 0x0075, 0x0076, 0x0096, 0x0096, 0x0096, 0x08B6, 0x08B5, 0x08D5,
    0x18C0, 0x18E0, 0x1900, 0x1900, 0x1901, 0x10E2, 0x10E4, 0x08C5, 0x08C6, 0x08A7, 0x00A8, 0x0089, 0x008B, 0x008C, 0x008D, 0x008E,
    0x008F, 0x0090, 0x0091, 0x0092, 0x0093, 0x0093, 0x0094, 0x0095, 0x0095, 0x0096, 0x0096, 0x0096, 0x00B6, 0x08B5, 0x08D5, 0x08F4,
    0x18E0, 0x1900, 0x1920, 0x1920, 0x1121, 0x1122, 0x0903, 0x0904, 0x0906, 0x08E7, 0x00E8, 0x00C9, 0x00CA, 0x00CB, 0x00AD, 0x00AD,
    0x00AE, 0x00AF, 0x00B0, 0x00B1, 0x00B2, 0x00B3, 0x00B3, 0x00B4, 0x00B5, 0x00B5, 0x00B5, 0x00B6, 0x00D5, 0x08D5, 0x08F5, 0x0914,
    0x1900, 0x1940, 0x1960, 0x1160, 0x1160, 0x0941, 0x0942, 0x0944, 0x0945, 0x0947, 0x0128, 0x0109, 0x010A, 0x00EB, 0x00EC, 0x00ED,
    0x00EE, 0x00CF, 0x00CF, 0x00D0, 0x00D1, 0x00D2, 0x00D3, 0x00D3, 0x00D4, 0x00D4, 0x00D5, 0x00D5, 0x00F5, 0x0915, 0x0934, 0x0954,
    0x1940, 0x1960, 0x1980, 0x1180, 0x11A0, 0x0981, 0x0982, 0x0983, 0x0985, 0x0186, 0x0188, 0x0169, 0x014A, 0x014B, 0x012C, 0x012D,
    0x012E, 0x010E, 0x010F, 0x0110, 0x00F1, 0x00F1, 0x00F2, 0x00F3, 0x00F3, 0x00F4, 0x0114, 0x0115, 0x0115, 0x0935, 0x0954, 0x0974,
    0x1960, 0x1980, 0x19C0, 0x11C0, 0x11C0, 0x09C1, 0x01A2, 0x01A3, 0x01C4, 0x01C6, 0x01C8, 0x01A9, 0x01AA, 0x018B, 0x018C, 0x016D,
    0x016E, 0x014E, 0x014F, 0x0150, 0x0130, 0x0131, 0x0132, 0x0133, 0x0133, 0x0134, 0x0134, 0x0134, 0x0154, 0x0974, 0x0994, 0x09B4,
    0x1980, 0x19C0, 0x19E0, 0x1200, 0x1200, 0x09E1, 0x01E1, 0x01E3, 0x01E4, 0x0206, 0x0207, 0x0209, 0x020A, 0x01EB, 0x01CC, 0x01CD,
    0x01AE, 0x01AE, 0x018F, 0x0190, 0x0191, 0x0171, 0x0172, 0x0173, 0x0173, 0x0174, 0x0174, 0x0194, 0x0194, 0x0994, 0x09D4, 0x09F4,
    0x21C0, 0x19E0, 0x1A00, 0x1220, 0x0A20, 0x0A21, 0x0221, 0x0222, 0x0224, 0x0245, 0x0247, 0x0269, 0x026A, 0x024B, 0x022C, 0x022D,
    0x020E, 0x01EE, 0x01EF, 0x01F0, 0x01D1, 0x01D1, 0x01D2, 0x01D3, 0x01B3, 0x01B4, 0x01D4, 0x01D4, 0x01D4, 0x09D4, 0x09F4, 0x0A15,
    0x2200, 0x2220, 0x1A40, 0x1240, 0x0A60, 0x0261, 0x0241, 0x0242, 0x0263, 0x0265, 0x0287, 0x02A8, 0x02AA, 0x02AB, 0x02AD, 0x028D,
    0x026E, 0x024F, 0x024F, 0x0230, 0x0231, 0x0232, 0x0212, 0x0213, 0x0213, 0x0214, 0x0214, 0x0215, 0x0A15, 0x0A35, 0x0A35, 0x1255,
    0x2220, 0x2240, 0x1A60, 0x1280, 0x0A80, 0x0281, 0x0281, 0x0282, 0x0283, 0x02A4, 0x02C6, 0x02C8, 0x02EA, 0x0AEB, 0x0AED, 0x02EE,
    0x02CE, 0x02AF, 0x02B0, 0x0290, 0x0291, 0x0272, 0x0272, 0x0273, 0x0274, 0x0254, 0x0254, 0x0255, 0x0A75, 0x0A75, 0x0A75, 0x1295,
    0x2260, 0x2280, 0x1AA0, 0x12A0, 0x0AC0, 0x02C1, 0x02A1, 0x02A2, 0x02C3, 0x02C4, 0x02E6, 0x0308, 0x0329, 0x0B4B, 0x0B4D, 0x0B4E,
    0x0B4F, 0x0B0F, 0x0AF0, 0x02F1, 0x02D1, 0x02D2, 0x02D2, 0x02B3, 0x02B4, 0x02B4, 0x02B4, 0x02B5, 0x0AB5, 0x0AB5, 0x0AB5, 0x12D5,
    0x2280, 0x1AA0, 0x1AC0, 0x12C0, 0x0AE0, 0x02E1, 0x02E1, 0x02E2, 0x02E2, 0x0304, 0x0305, 0x0347, 0x0B69, 0x0B8B, 0x0BAD, 0x13AE,
    0x13AF, 0x0B90, 0x0B71, 0x0B51, 0x0B32, 0x0B32, 0x0B13, 0x0313, 0x02F4, 0x02F4, 0x0AF5, 0x0AF5, 0x0AF5, 0x0AF5, 0x12F5, 0x1315,
    0x22A0, 0x1AC0, 0x12E0, 0x0B00, 0x0300, 0x0321, 0x0321, 0x0301, 0x0302, 0x0323, 0x0345, 0x0367, 0x0B89, 0x0BAB, 0x13ED, 0x13EE,
    0x140F, 0x1410, 0x13F1, 0x13B2, 0x0BB2, 0x0B93, 0x0B73, 0x0B74, 0x0B54, 0x0B54, 0x0B35, 0x0B35, 0x0B35, 0x1335, 0x1335, 0x1B35,
    0x22C0, 0x1AE0, 0x1300, 0x0B20, 0x0340, 0x0341, 0x0341, 0x0341, 0x0342, 0x0343, 0x0364, 0x0386, 0x0BA8, 0x0BEA, 0x140C, 0x142E,
    0x1C4F, 0x1C51, 0x1C51, 0x1432, 0x1413, 0x13F3, 0x13D4, 0x0BB4, 0x0BB4, 0x0B95, 0x0B95, 0x0B75, 0x1375, 0x1375, 0x1376, 0x1B76,
    0x1AE0, 0x1300, 0x0B40, 0x0B40, 0x0360, 0x0361, 0x0361, 0x0361, 0x0362, 0x0363, 0x0384, 0x03A6, 0x0BE8, 0x0C0A, 0x144C, 0x1C6E,
    0x1C8F, 0x1CB1, 0x1CB2, 0x1C93, 0x1C73, 0x1C54, 0x1434, 0x1414, 0x13F5, 0x13F5, 0x13D5, 0x13B6, 0x13B6, 0x13B6, 0x1BB6, 0x1BB6,
    0x1B00, 0x1340, 0x0B60, 0x0360, 0x0380, 0x0381, 0x0381, 0x0381, 0x0382, 0x0383, 0x03A4, 0x03C5, 0x0C07, 0x0C2A, 0x146C, 0x1C8E,
    0x1CAF, 0x24D1, 0x24F2, 0x24F3, 0x24D3, 0x1CB4, 0x1C94, 0x1C75, 0x1C55, 0x1436, 0x1416, 0x1416, 0x1BF6, 0x1BF6, 0x1BD6, 0x23D6,
    0x1340, 0x0B60, 0x0B80, 0x0380, 0x03A0, 0x03A1, 0x03C1, 0x03C1, 0x03A2, 0x03C3, 0x03C4, 0x03E5, 0x0C27, 0x0C49, 0x148B, 0x1CCD,
    0x1CEF, 0x2510, 0x2511, 0x2533, 0x2513, 0x24F4, 0x1CD5, 0x1CB5, 0x1C96, 0x1C76, 0x1C76, 0x1C56, 0x1C36, 0x1C16, 0x2416, 0x2416,
    0x0B60, 0x0B80, 0x03A0, 0x03A0, 0x03C0, 0x03C1, 0x03E1, 0x03E1, 0x03E2, 0x03E3, 0x03E4, 0x0405, 0x0C47, 0x0C69, 0x14AB, 0x1CED,
    0x1D0F, 0x2530, 0x2551, 0x2552, 0x2553, 0x2534, 0x2535, 0x2515, 0x1CF6, 0x1CD6, 0x1CB6, 0x1C96, 0x1C76, 0x2456, 0x2456, 0x2436,
    0x0B80, 0x0BA0, 0x03C0, 0x03C0, 0x03E0, 0x0401, 0x0401, 0x0401, 0x0402, 0x0403, 0x0424, 0x0425, 0x0C67, 0x0C89, 0x14CB, 0x1D0D,
    0x1D2F, 0x2550, 0x2571, 0x2572, 0x2573, 0x2574, 0x2575, 0x2556, 0x2536, 0x2516, 0x1CF6, 0x1CD7, 0x24B7, 0x2497, 0x2476, 0x2C76,
    0x0BA0, 0x0BC0, 0x03E0, 0x03E0, 0x0400, 0x0421, 0x0421, 0x0421, 0x0422, 0x0423, 0x0444, 0x0465, 0x0C87, 0x0CA9, 0x14EB, 0x150D,
    0x1D4E, 0x2570, 0x2571, 0x2592, 0x2593, 0x2594, 0x2595, 0x2575, 0x2576, 0x2556, 0x2537, 0x2517, 0x24D7, 0x24B7, 0x2CB7, 0x2C97,
    0x0BC0, 0x03E0, 0x0400, 0x0400, 0x0421, 0x0441, 0x0441, 0x0442, 0x0442, 0x0443, 0x0464, 0x0486, 0x0CA7, 0x0CC9, 0x14EB, 0x152C,
    0x1D4E, 0x1D8F, 0x2591, 0x25B1, 0x25B2, 0x25B3, 0x25B4, 0x25B5, 0x2596, 0x2596, 0x2577, 0x2537, 0x2517, 0x24F7, 0x2CD7, 0x2CD7,
    0x0BE0, 0x0400, 0x0420, 0x0421, 0x0441, 0x0441, 0x0461, 0x0462, 0x0463, 0x0464, 0x0485, 0x0C86, 0x0CA7, 0x0CE9, 0x150B, 0x152C,
    0x1D4E, 0x1D8F, 0x25B0, 0x25B1, 0x25B2, 0x25B3, 0x25B4, 0x25B5, 0x25B6, 0x25B6, 0x2597, 0x2577, 0x2557, 0x2D37, 0x2D17, 0x34F7,
    0x0C00, 0x0420, 0x0440, 0x0441, 0x0461, 0x0461, 0x0462, 0x0482, 0x0483, 0x0484, 0x0CA5, 0x0CA6, 0x0CC8, 0x0CE9, 0x150B, 0x154C,
    0x1D6E, 0x1D8F, 0x25B0, 0x25B1, 0x25D2, 0x25D3, 0x25D3, 0x25D4, 0x25D5, 0x25D6, 0x25D6, 0x25B7, 0x2D97, 0x2D57, 0x2D57, 0x3537,
    0x0C20, 0x0440, 0x0441, 0x0461, 0x0461, 0x0482, 0x0482, 0x0C83, 0x0C84, 0x0CA5, 0x0CA6, 0x0CC7, 0x0CE8, 0x14E9, 0x150B, 0x152C,
    0x1D4D, 0x1D6F, 0x2590, 0x25B1, 0x25B1, 0x25D2, 0x2DD3, 0x2DD4, 0x2DD5, 0x2DD5, 0x2DD6, 0x2DD7, 0x2DB7, 0x2D97, 0x3577, 0x3557,
    0x0C40, 0x0461, 0x0461, 0x0C61, 0x0C82, 0x0C82, 0x0C83, 0x0CA4, 0x0CA5, 0x0CA6, 0x0CC7, 0x14C8, 0x14E9, 0x150A, 0x150B, 0x1D2C,
    0x1D4D, 0x1D6E, 0x258F, 0x25B0, 0x25B1, 0x2DD2, 0x2DD3, 0x2DD3, 0x2DD4, 0x2DD5, 0x2DD6, 0x2DF6, 0x2DD7, 0x2DD7, 0x35B7, 0x3597,
    0x0C60, 0x0C61, 0x0C81, 0x0C82, 0x0C83, 0x0CA3, 0x0CA4, 0x14A5, 0x14C6, 0x14C7, 0x14C7, 0x14E8, 0x14E9, 0x150A, 0x1D0B, 0x1D2C,
    0x1D4D, 0x256E, 0x258F, 0x25B0, 0x2DB1, 0x2DB2, 0x2DD2, 0x2DD3, 0x35D4, 0x35F5, 0x35F5, 0x35F6, 0x35F7, 0x35F7, 0x35D7, 0x3DB8,
    0x0C80, 0x0C81, 0x0C82, 0x14A3, 0x14A4, 0x14C4, 0x14C5, 0x14C6, 0x14C7, 0x14E7, 0x14E8, 0x14E9, 0x1CEA, 0x1D0A, 0x1D0B, 0x1D2C,
    0x254D, 0x256E, 0x258F, 0x2D90, 0x2DB1, 0x2DB1, 0x35D2, 0x35D3, 0x35F4, 0x35F4, 0x35F5, 0x3DF6, 0x3DF6, 0x3E17, 0x3DF7, 0x3DF8,
    0x2020, 0x1821, 0x1821, 0x1822, 0x1823, 0x1824, 0x1824, 0x1025, 0x1026, 0x1027, 0x1027, 0x1028, 0x1029, 0x102A, 0x102B, 0x102B,
    0x102C, 0x102D, 0x102E, 0x102F, 0x1050, 0x1050, 0x1051, 0x1052, 0x1053, 0x1054, 0x1055, 0x1055, 0x1056, 0x1057, 0x1057, 0x1058,
    0x1840, 0x2040, 0x2021, 0x2022, 0x2022, 0x1824, 0x1825, 0x1826, 0x1027, 0x1027, 0x1028, 0x1029, 0x102A, 0x102B, 0x102B, 0x102C,
    0x102D, 0x104E, 0x104F, 0x104F, 0x1050, 0x1051, 0x1052, 0x1053, 0x1054, 0x1054, 0x1055, 0x1056, 0x1056, 0x1057, 0x1077, 0x1077,
    0x1860, 0x2040, 0x2020, 0x2021, 0x2022, 0x2024, 0x1825, 0x1826, 0x1027, 0x1028, 0x1029, 0x102A, 0x102B, 0x102B, 0x102C, 0x084D,
    0x084E, 0x084E, 0x084F, 0x0850, 0x0851, 0x0852, 0x0852, 0x0853, 0x0854, 0x0855, 0x0856, 0x0876, 0x0876, 0x0877, 0x0877, 0x0896,
    0x1860, 0x2060, 0x2060, 0x2061, 0x2042, 0x2044, 0x2045, 0x1826, 0x1028, 0x1028, 0x1029, 0x082A, 0x082B, 0x084C, 0x084D, 0x084D,
    0x084E, 0x084F, 0x0850, 0x0851, 0x0851, 0x0852, 0x0853, 0x0874, 0x0875, 0x0875, 0x0876, 0x0876, 0x0876, 0x0876, 0x0896, 0x08B6,
    0x1880, 0x2080, 0x2080, 0x2080, 0x2061, 0x2063, 0x2065, 0x1846, 0x1048, 0x1049, 0x084A, 0x084B, 0x084C, 0x084C, 0x084D, 0x084E,
    0x084F, 0x0850, 0x0851, 0x0871, 0x0872, 0x0873, 0x0874, 0x0874, 0x0875, 0x0876, 0x0876, 0x0877, 0x0876, 0x0896, 0x08B6, 0x08B5,
    0x18A0, 0x20C0, 0x28C0, 0x28C0, 0x28C1, 0x20A2, 0x2084, 0x1885, 0x1067, 0x0868, 0x0869, 0x086A, 0x084B, 0x084D, 0x004E, 0x004F,
    0x0070, 0x0071, 0x0071, 0x0072, 0x0073, 0x0074, 0x0075, 0x0075, 0x0076, 0x0076, 0x0076, 0x0896, 0x0896, 0x08B6, 0x08B5, 0x08D5,
    0x18C0, 0x20E0, 0x2900, 0x2900, 0x2901, 0x20E2, 0x18C3, 0x10C5, 0x10A6, 0x0887, 0x0888, 0x088A, 0x006B, 0x006D, 0x006E, 0x006F,
    0x0070, 0x0071, 0x0072, 0x0073, 0x0074, 0x0075, 0x0075, 0x0076, 0x0076, 0x0077, 0x0096, 0x0096, 0x08B6, 0x08B5, 0x08D5, 0x10F4,
    0x18E0, 0x2100, 0x2940, 0x2140, 0x2140, 0x1921, 0x1903, 0x1104, 0x1106, 0x08E7, 0x08C8, 0x08C9, 0x00AB, 0x00AC, 0x00AD, 0x008E,
    0x008F, 0x0090, 0x0091, 0x0092, 0x0093, 0x0094, 0x0095, 0x0095, 0x0096, 0x0096, 0x00B6, 0x00B6, 0x08D5, 0x08D5, 0x08F5, 0x1114,
    0x2120, 0x2140, 0x2160, 0x2180, 0x2180, 0x1961, 0x1142, 0x1144, 0x1145, 0x0926, 0x0908, 0x0909, 0x00EA, 0x00EB, 0x00CD, 0x00CE,
    0x00CF, 0x00B0, 0x00B0, 0x00B1, 0x00B2, 0x00B3, 0x00B4, 0x00B5, 0x00B5, 0x00B5, 0x00D5, 0x00D5, 0x08F5, 0x08F5, 0x0934, 0x0954,
    0x2140, 0x2160, 0x21A0, 0x21A0, 0x21C0, 0x11A1, 0x0982, 0x0983, 0x0984, 0x0986, 0x0968, 0x0949, 0x014A, 0x012B, 0x012C, 0x010D,
    0x010E, 0x00EF, 0x00F0, 0x00F1, 0x00D2, 0x00D2, 0x00D3, 0x00D4, 0x00D4, 0x00F5, 0x00F5, 0x00F5, 0x0915, 0x0934, 0x0954, 0x1174,
    0x2160, 0x21A0, 0x21C0, 0x21E0, 0x1A00, 0x11E0, 0x09C1, 0x09A2, 0x09A4, 0x09C6, 0x09C8, 0x09A9, 0x01AA, 0x018B, 0x016C, 0x016D,
    0x014E, 0x012F, 0x0130, 0x0130, 0x0111, 0x0112, 0x0113, 0x0113, 0x0114, 0x0114, 0x0115, 0x0135, 0x0954, 0x0954, 0x0994, 0x11B4,
    0x21A0, 0x21C0, 0x2200, 0x2220, 0x1A20, 0x1200, 0x0A01, 0x09E2, 0x01E3, 0x0205, 0x0A07, 0x0209, 0x020A, 0x01EB, 0x01CC, 0x01CD,
    0x01AE, 0x018F, 0x0190, 0x0170, 0x0171, 0x0172, 0x0153, 0x0153, 0x0154, 0x0154, 0x0174, 0x0174, 0x0994, 0x0994, 0x09D4, 0x11F4,
    0x29C0, 0x2A00, 0x2220, 0x2240, 0x1A60, 0x1240, 0x0241, 0x0222, 0x0223, 0x0245, 0x0247, 0x0268, 0x026A, 0x024B, 0x022C, 0x022D,
    0x020E, 0x01EF, 0x01F0, 0x01D1, 0x01D1, 0x01B2, 0x01B3, 0x01B3, 0x01B4, 0x01B4, 0x01B4, 0x01B4, 0x09D4, 0x09D4, 0x09F4, 0x1235,
    0x2A00, 0x2A20, 0x2260, 0x2280, 0x1A80, 0x0A80, 0x0281, 0x0261, 0x0263, 0x0284, 0x0286, 0x02A8, 0x02AA, 0x0AAC, 0x0AAD, 0x028E,
    0x026E, 0x024F, 0x0250, 0x0231, 0x0231, 0x0212, 0x0213, 0x0213, 0x01F4, 0x01F4, 0x01F4, 0x0214, 0x0A14, 0x0A15, 0x1255, 0x1275,
    0x2A40, 0x2A60, 0x2280, 0x1AA0, 0x12A0, 0x0AA0, 0x02A1, 0x02A1, 0x02A2, 0x02A4, 0x02C6, 0x02E8, 0x0B0A, 0x0B0C, 0x0B0D, 0x0B0E,
    0x0AEF, 0x02D0, 0x02B0, 0x0291, 0x0292, 0x0272, 0x0273, 0x0274, 0x0254, 0x0254, 0x0254, 0x0A55, 0x0A55, 0x0A75, 0x1295, 0x12B5,
    0x2A60, 0x2A80, 0x22A0, 0x1AC0, 0x12E0, 0x0AE0, 0x02E1, 0x02E1, 0x02C2, 0x02E3, 0x0305, 0x0327, 0x0B49, 0x0B6B, 0x0B8D, 0x0B8F,
    0x0B70, 0x0B50, 0x0B11, 0x0B11, 0x02F2, 0x02D3, 0x02D3, 0x02B4, 0x02B4, 0x02B4, 0x0295, 0x0A95, 0x0AB5, 0x0AB5, 0x12B5, 0x1AD5,
    0x2AA0, 0x2AA0, 0x22C0, 0x1AE0, 0x0B00, 0x0B00, 0x0321, 0x0301, 0x0302, 0x0303, 0x0324, 0x0347, 0x0B89, 0x0BAB, 0x13CD, 0x13EF,
    0x13F0, 0x13B1, 0x0B91, 0x0B72, 0x0B52, 0x0B33, 0x0B33, 0x0B14, 0x0AF4, 0x0AF5, 0x0AF5, 0x0AD5, 0x0AF5, 0x12F5, 0x12F5, 0x1B16,
    0x2AA0, 0x22C0, 0x1AE0, 0x1300, 0x0B20, 0x0340, 0x0341, 0x0341, 0x0322, 0x0343, 0x0344, 0x0386, 0x0BA8, 0x0BEB, 0x140D, 0x1C2F,
    0x1C50, 0x1C31, 0x1C12, 0x13F2, 0x13D3, 0x0BB3, 0x0B94, 0x0B74, 0x0B55, 0x0B55, 0x0B35, 0x0B35, 0x1335, 0x1335, 0x1B36, 0x1B56,
    0x2AC0, 0x2300, 0x1320, 0x1340, 0x0B60, 0x0360, 0x0361, 0x0361, 0x0361, 0x0362, 0x0384, 0x03A5, 0x0BC8, 0x0C0A, 0x144D, 0x1C6E,
    0x1C90, 0x1C91, 0x1C92, 0x1C53, 0x1433, 0x1414, 0x13F4, 0x13D5, 0x0BB5, 0x0B95, 0x1395, 0x1375, 0x1375, 0x1376, 0x1B76, 0x2396,
    0x22E0, 0x1B20, 0x1340, 0x0B60, 0x0380, 0x0380, 0x0381, 0x0381, 0x0381, 0x0382, 0x03A3, 0x03C5, 0x0BE7, 0x0C2A, 0x146C, 0x1CAE,
    0x1CD0, 0x24F1, 0x24D2, 0x24D3, 0x1CB4, 0x1C74, 0x1C55, 0x1435, 0x1415, 0x13F6, 0x13D6, 0x13B6, 0x13B6, 0x1BB6, 0x1BB6, 0x23B6,
    0x1B00, 0x1340, 0x0B60, 0x0B80, 0x03A0, 0x03A0, 0x03C1, 0x03C1, 0x03A1, 0x03C2, 0x03C3, 0x03E5, 0x0C07, 0x0C49, 0x148C, 0x1CCE,
    0x24F0, 0x2511, 0x2512, 0x2513, 0x24F4, 0x1CD5, 0x1CB5, 0x1C95, 0x1C56, 0x1436, 0x1C16, 0x1C16, 0x1BF6, 0x1BF6, 0x23F6, 0x23F6,
    0x1320, 0x1360, 0x0B80, 0x0BA0, 0x03C0, 0x03C0, 0x03E1, 0x03E1, 0x03E1, 0x03E2, 0x03E3, 0x0405, 0x0C26, 0x0C69, 0x14AB, 0x1CED,
    0x1D0F, 0x2531, 0x2552, 0x2553, 0x2554, 0x2535, 0x2515, 0x1CD6, 0x1CB6, 0x1C96, 0x1C76, 0x1C56, 0x1C36, 0x2436, 0x2416, 0x2C16,
    0x1360, 0x0B80, 0x0BA0, 0x03C0, 0x03E0, 0x03E0, 0x0401, 0x0401, 0x0401, 0x0402, 0x0403, 0x0425, 0x0C46, 0x0C89, 0x14CB, 0x1D0D,
    0x1D2F, 0x2550, 0x2572, 0x2573, 0x2574, 0x2555, 0x2556, 0x2536, 0x1CF6, 0x1CD6, 0x1CB6, 0x1C96, 0x2476, 0x2456, 0x2456, 0x2C56,
    0x0B80, 0x0BA0, 0x0BC0, 0x03E0, 0x0400, 0x0400, 0x0421, 0x0421, 0x0422, 0x0422, 0x0443, 0x0445, 0x0C66, 0x0CA8, 0x14EB, 0x152D,
    0x1D4F, 0x2570, 0x2591, 0x2592, 0x2593, 0x2595, 0x2595, 0x2576, 0x2556, 0x2517, 0x24F7, 0x24D7, 0x24B7, 0x2497, 0x2C97, 0x2C77,
    0x0BA0, 0x0BC0, 0x0BE0, 0x0400, 0x0400, 0x0421, 0x0441, 0x0441, 0x0442, 0x0443, 0x0464, 0x0465, 0x0C87, 0x0CC8, 0x14EA, 0x152C,
    0x1D4E, 0x2590, 0x2591, 0x25B2, 0x25B3, 0x25B4, 0x25B5, 0x2596, 0x2576, 0x2557, 0x2537, 0x2517, 0x24F7, 0x2CD7, 0x2CB7, 0x34B7,
    0x0BC0, 0x0BE0, 0x0C00, 0x0420, 0x0421, 0x0441, 0x0461, 0x0461, 0x0462, 0x0463, 0x0484, 0x0C85, 0x0CA7, 0x0CC8, 0x150A, 0x152C,
    0x1D6E, 0x1D8F, 0x25B1, 0x25B1, 0x25B2, 0x25D3, 0x25D4, 0x25B5, 0x25B6, 0x2597, 0x2577, 0x2557, 0x2D17, 0x2CF7, 0x34F7, 0x34F7,
    0x0BE0, 0x0C00, 0x0C20, 0x0441, 0x0441, 0x0461, 0x0461, 0x0462, 0x0482, 0x0484, 0x0C85, 0x0CA6, 0x0CC7, 0x0CE9, 0x150A, 0x152C,
    0x1D6D, 0x1D8F, 0x25B0, 0x25B1, 0x25D2, 0x25D3, 0x25D4, 0x25D5, 0x25D6, 0x25B6, 0x25B7, 0x2577, 0x2D57, 0x2D37, 0x3537, 0x3D17,
    0x0C00, 0x0C20, 0x0C40, 0x0441, 0x0461, 0x0461, 0x0482, 0x0482, 0x0C83, 0x0CA4, 0x0CA5, 0x0CC6, 0x0CC8, 0x14E9, 0x150A, 0x152C,
    0x1D4D, 0x1D8F, 0x25B0, 0x25B1, 0x25D2, 0x25D2, 0x2DD3, 0x2DD4, 0x2DD5, 0x2DD6, 0x2DD7, 0x2DB7, 0x2D97, 0x3577, 0x3557, 0x3D57,
    0x0C20, 0x0C40, 0x0C61, 0x0C61, 0x0C61, 0x0C82, 0x0C82, 0x0C83, 0x0CA4, 0x0CA5, 0x0CC6, 0x0CC7, 0x14E8, 0x14E9, 0x150B, 0x1D2C,
    0x1D4D, 0x1D6E, 0x258F, 0x25B0, 0x25B1, 0x2DD2, 0x2DD3, 0x2DD4, 0x2DD5, 0x2DD6, 0x2DD6, 0x2DD7, 0x2DB7, 0x3597, 0x3597, 0x3D78,
    0x0C40, 0x0C60, 0x0C81, 0x0C81, 0x0C82, 0x0C82, 0x0CA3, 0x0CA4, 0x14A5, 0x14C6, 0x14C7, 0x14C8, 0x14E9, 0x14EA, 0x150B, 0x1D2C,
    0x1D4D, 0x256E, 0x258F, 0x25B0, 0x2DB1, 0x2DD2, 0x2DD3, 0x2DD3, 0x35D4, 0x35F5, 0x35F6, 0x35F6, 0x35F7, 0x35D8, 0x3DB8, 0x3DB8,
    0x0C60, 0x0C81, 0x0C81, 0x1482, 0x14A3, 0x14A4, 0x14C4, 0x14C5, 0x14C6, 0x14C7, 0x14C8, 0x14E8, 0x14E9, 0x1D0A, 0x1D0B, 0x1D2C,
    0x254D, 0x256E, 0x256F, 0x2D90, 0x2DB1, 0x2DD2, 0x35D2, 0x35D3, 0x35F4, 0x35F5, 0x35F6, 0x3DF6, 0x3DF7, 0x3DF7, 0x3DF8, 0x3DD8,
    0x0C80, 0x0C81, 0x14A2, 0x14A3, 0x14C4, 0x1CC5, 0x1CC6, 0x1CE6, 0x1CE7, 0x1CE8, 0x1CE8, 0x1CE9, 0x1CEA, 0x1D0B, 0x1D0B, 0x252C,
    0x254D, 0x254E, 0x2D6F, 0x2D90, 0x2DB1, 0x35D1, 0x35D2, 0x3DF3, 0x3DF4, 0x3E15, 0x3E15, 0x3E16, 0x3E17, 0x4617, 0x4618, 0x45F8,
    0x2020, 0x2021, 0x2021, 0x2022, 0x2022, 0x2023, 0x1824, 0x1825, 0x1826, 0x1826, 0x1827, 0x1828, 0x1829, 0x182A, 0x182A, 0x102B,
    0x102C, 0x102D, 0x102E, 0x102F, 0x1830, 0x1831, 0x1831, 0x1832, 0x1833, 0x1834, 0x1835, 0x1835, 0x1856, 0x1857, 0x1858, 0x1858,
    0x2040, 0x2040, 0x2021, 0x2021, 0x2022, 0x2023, 0x2024, 0x1825, 0x1826, 0x1827, 0x1828, 0x1829, 0x182A, 0x102A, 0x102B, 0x102C,
    0x102D, 0x102E, 0x102F, 0x1030, 0x1030, 0x1031, 0x1052, 0x1053, 0x1054, 0x1055, 0x1055, 0x1056, 0x1057, 0x1057, 0x1057, 0x1058,
    0x2060, 0x2040, 0x2820, 0x2821, 0x2822, 0x2023, 0x2025, 0x2026, 0x1827, 0x1828, 0x1829, 0x1829, 0x182A, 0x102B, 0x102C, 0x102D,
    0x102E, 0x102F, 0x104F, 0x1050, 0x1051, 0x1052, 0x1053, 0x1054, 0x1054, 0x1055, 0x1056, 0x1056, 0x1057, 0x1057, 0x1077, 0x1077,
    0x2060, 0x2860, 0x2860, 0x2841, 0x2841, 0x2843, 0x2044, 0x2026, 0x2027, 0x1828, 0x1829, 0x102A, 0x102B, 0x102C, 0x102D, 0x102E,
    0x104F, 0x104F, 0x1050, 0x1051, 0x1052, 0x1053, 0x1053, 0x1054, 0x1055, 0x0856, 0x0856, 0x0857, 0x1077, 0x1077, 0x1096, 0x1096,
    0x2080, 0x2880, 0x2880, 0x2860, 0x2861, 0x2862, 0x2844, 0x2046, 0x2047, 0x1829, 0x182A, 0x102B, 0x102C, 0x102D, 0x104E, 0x104E,
    0x084F, 0x0850, 0x0851, 0x0852, 0x0852, 0x0853, 0x0854, 0x0855, 0x0855, 0x0876, 0x0876, 0x0877, 0x0876, 0x0896, 0x10B6, 0x10B5,
    0x20A0, 0x28C0, 0x28C0, 0x28A0, 0x30A1, 0x2882, 0x2883, 0x2085, 0x2067, 0x1868, 0x1049, 0x104B, 0x104C, 0x084D, 0x084E, 0x084F,
    0x0850, 0x0851, 0x0852, 0x0852, 0x0853, 0x0874, 0x0875, 0x0875, 0x0876, 0x0876, 0x0876, 0x0876, 0x0896, 0x08B6, 0x10B5, 0x10D5,
    0x20C0, 0x28E0, 0x2900, 0x30E0, 0x30E0, 0x28C1, 0x28C3, 0x20A4, 0x20A6, 0x1888, 0x1069, 0x106A, 0x086C, 0x086D, 0x086E, 0x086F,
    0x0870, 0x0871, 0x0072, 0x0073, 0x0074, 0x0074, 0x0075, 0x0076, 0x0076, 0x0076, 0x0896, 0x0896, 0x08B6, 0x08B5, 0x10D5, 0x10F4,
    0x20E0, 0x2900, 0x3120, 0x3140, 0x3140, 0x2921, 0x2902, 0x2104, 0x18E6, 0x18C7, 0x10C8, 0x08A9, 0x08AB, 0x088C, 0x088D, 0x008E,
    0x0090, 0x0091, 0x0072, 0x0073, 0x0074, 0x0075, 0x0075, 0x0076, 0x0096, 0x0096, 0x0896, 0x08B6, 0x08D5, 0x08D5, 0x10F4, 0x1134,
    0x2100, 0x2940, 0x3160, 0x3180, 0x3180, 0x2981, 0x2162, 0x2144, 0x1945, 0x1126, 0x1108, 0x08E9, 0x08EA, 0x08CB, 0x08CD, 0x00AE,
    0x00AF, 0x00B0, 0x0091, 0x0093, 0x0094, 0x0095, 0x0095, 0x0096, 0x0096, 0x00B6, 0x00B6, 0x08D5, 0x08F5, 0x08F5, 0x1134, 0x1154,
    0x2140, 0x2960, 0x31A0, 0x31C0, 0x31E0, 0x29C1, 0x21A1, 0x1983, 0x1164, 0x1166, 0x1168, 0x0949, 0x092A, 0x092B, 0x090C, 0x00ED,
    0x00EF, 0x00D0, 0x00D1, 0x00D2, 0x00B3, 0x00B4, 0x00B4, 0x00B5, 0x00D5, 0x00D5, 0x00D5, 0x08F5, 0x0915, 0x0934, 0x1154, 0x1194,
    0x2960, 0x29A0, 0x31E0, 0x3200, 0x3220, 0x2200, 0x19E1, 0x11C2, 0x11A3, 0x11C5, 0x11C7, 0x09A8, 0x098A, 0x096B, 0x014C, 0x014D,
    0x012E, 0x010F, 0x0110, 0x00F1, 0x00F2, 0x00F3, 0x00F4, 0x00F4, 0x00F5, 0x00F5, 0x0115, 0x0935, 0x0934, 0x0954, 0x1194, 0x11B4,
    0x29A0, 0x31E0, 0x3200, 0x3240, 0x2A40, 0x2240, 0x1A21, 0x1202, 0x09E3, 0x09E5, 0x09E7, 0x09E8, 0x09EA, 0x09CB, 0x01AC, 0x01AD,
    0x018E, 0x016F, 0x0170, 0x0151, 0x0152, 0x0133, 0x0133, 0x0134, 0x0134, 0x0135, 0x0154, 0x0954, 0x0974, 0x0994, 0x11D4, 0x11F4,
    0x31E0, 0x3200, 0x3240, 0x2A60, 0x2A80, 0x2280, 0x1A60, 0x1241, 0x0A22, 0x0A24, 0x0A26, 0x0A48, 0x0A4A, 0x0A2B, 0x0A2C, 0x020D,
    0x01EE, 0x01CF, 0x01D0, 0x01B1, 0x0192, 0x0193, 0x0193, 0x0194, 0x0194, 0x0194, 0x0194, 0x09B4, 0x09B4, 0x09D4, 0x1215, 0x1235,
    0x3220, 0x3240, 0x3260, 0x2A80, 0x22A0, 0x1AA0, 0x12A0, 0x0A81, 0x0A62, 0x0A64, 0x0A65, 0x0A87, 0x0AA9, 0x0AAB, 0x0A8D, 0x0A6E,
    0x026F, 0x0250, 0x0230, 0x0231, 0x0212, 0x01F3, 0x01F3, 0x01F4, 0x01F4, 0x01D4, 0x09F4, 0x09F4, 0x0A14, 0x0A35, 0x1255, 0x1A75,
    0x3240, 0x3260, 0x32A0, 0x2AA0, 0x22C0, 0x1AC0, 0x0AC0, 0x0AA1, 0x02A2, 0x02A3, 0x02A5, 0x0AC7, 0x0AE9, 0x0B0B, 0x0B0D, 0x0AEE,
    0x0ACF, 0x0AB0, 0x02B1, 0x0291, 0x0272, 0x0273, 0x0254, 0x0254, 0x0234, 0x0234, 0x0A34, 0x0A55, 0x0A55, 0x1275, 0x1295, 0x1AB5,
    0x3280, 0x32A0, 0x2AC0, 0x22C0, 0x1AE0, 0x1300, 0x0B00, 0x02E1, 0x02E1, 0x02E3, 0x02E4, 0x0306, 0x0B29, 0x0B4B, 0x136D, 0x136E,
    0x1370, 0x0B50, 0x0B31, 0x0B12, 0x02F2, 0x02D3, 0x02B4, 0x02B4, 0x0294, 0x0A95, 0x0A95, 0x0A95, 0x0AB5, 0x12B5, 0x1AD5, 0x1AF5,
    0x32A0, 0x32C0, 0x2AE0, 0x2300, 0x1300, 0x0B20, 0x0B20, 0x0321, 0x0321, 0x0322, 0x0324, 0x0346, 0x0B68, 0x0BAA, 0x13CD, 0x13EF,
    0x13F0, 0x13D1, 0x13B2, 0x0B72, 0x0B53, 0x0B33, 0x0B34, 0x0B14, 0x0AF5, 0x0AF5, 0x0AD5, 0x0AD5, 0x12F5, 0x12F5, 0x1B15, 0x2336,
    0x32C0, 0x2AE0, 0x2300, 0x1B20, 0x1340, 0x0B40, 0x0360, 0x0361, 0x0361, 0x0342, 0x0363, 0x0385, 0x0BA7, 0x0BEA, 0x140D, 0x1C4F,
    0x1C50, 0x1C52, 0x1C32, 0x1413, 0x13D3, 0x0BB4, 0x0B94, 0x0B75, 0x0B55, 0x0B35, 0x0B35, 0x1335, 0x1335, 0x1B35, 0x1B56, 0x2376,
    0x2AE0, 0x2300, 0x1B20, 0x1340, 0x0B60, 0x0B60, 0x0380, 0x0381, 0x0381, 0x0382, 0x0383, 0x03A5, 0x0BC7, 0x0C2A, 0x144C, 0x1C8E,
    0x1CB0, 0x24B2, 0x24B3, 0x1C73, 0x1C54, 0x1414, 0x13F5, 0x13D5, 0x13B5, 0x1395, 0x1395, 0x1375, 0x1B76, 0x1B76, 0x2396, 0x23B6,
    0x2B00, 0x2320, 0x1340, 0x1360, 0x0B80, 0x03A0, 0x03A0, 0x03A1, 0x03A1, 0x03A2, 0x03C3, 0x03C4, 0x0C06, 0x0C49, 0x148C, 0x1CCE,
    0x24F0, 0x2512, 0x2513, 0x24F4, 0x1CD5, 0x1C95, 0x1C55, 0x1436, 0x1416, 0x13F6, 0x13D6, 0x1BB6, 0x1BB6, 0x1BB6, 0x23D6, 0x2BD6,
    0x2300, 0x1B40, 0x1360, 0x0B80, 0x0BA0, 0x03C0, 0x03C0, 0x03E1, 0x03E1, 0x03E2, 0x03E3, 0x0404, 0x0C26, 0x0C69, 0x14AB, 0x1CEE,
    0x2510, 0x2531, 0x2553, 0x2534, 0x2515, 0x1CF5, 0x1CB6, 0x1C96, 0x1C76, 0x1C36, 0x1C16, 0x1C16, 0x1BF6, 0x23F6, 0x23F6, 0x2C16,
    0x1B20, 0x1360, 0x0B80, 0x0BA0, 0x0BC0, 0x03E0, 0x03E0, 0x0401, 0x0401, 0x0402, 0x0403, 0x0424, 0x0446, 0x0C88, 0x14CB, 0x1D0D,
    0x1D2F, 0x2551, 0x2572, 0x2573, 0x2555, 0x2556, 0x2516, 0x1CF6, 0x1CB6, 0x1C96, 0x1C76, 0x2456, 0x2436, 0x2436, 0x2C36, 0x3437,
    0x1360, 0x1380, 0x0BA0, 0x0BC0, 0x03E0, 0x0400, 0x0401, 0x0421, 0x0421, 0x0422, 0x0423, 0x0444, 0x0C66, 0x0CA8, 0x14CA, 0x1D0D,
    0x1D4F, 0x2570, 0x2592, 0x2593, 0x2594, 0x2575, 0x2556, 0x2536, 0x2516, 0x24D6, 0x24B7, 0x2497, 0x2476, 0x2C76, 0x2C77, 0x3477,
    0x1380, 0x0BA0, 0x0BC0, 0x0BE0, 0x0400, 0x0420, 0x0421, 0x0441, 0x0441, 0x0442, 0x0443, 0x0464, 0x0C86, 0x0CA8, 0x14EA, 0x152C,
    0x1D4E, 0x2590, 0x2591, 0x25B2, 0x25B4, 0x25B5, 0x2596, 0x2596, 0x2557, 0x2517, 0x24F7, 0x24D7, 0x2CB7, 0x2C97, 0x3497, 0x3497,
    0x0BA0, 0x0BC0, 0x0BE0, 0x0C00, 0x0420, 0x0421, 0x0441, 0x0441, 0x0461, 0x0462, 0x0463, 0x0485, 0x0CA6, 0x0CC8, 0x14EA, 0x152C,
    0x1D4E, 0x258F, 0x25B1, 0x25B2, 0x25B3, 0x25B4, 0x25B5, 0x25B6, 0x2596, 0x2557, 0x2537, 0x2D17, 0x2CF7, 0x2CD7, 0x34D7, 0x3CD7,
    0x0BC0, 0x0BE0, 0x0C00, 0x0C20, 0x0440, 0x0441, 0x0461, 0x0461, 0x0462, 0x0483, 0x0484, 0x0CA5, 0x0CA7, 0x0CC8, 0x150A, 0x152C,
    0x1D4D, 0x1D8F, 0x25B0, 0x25B1, 0x25D2, 0x25D3, 0x25D4, 0x25D6, 0x25B6, 0x25B7, 0x2D77, 0x2D57, 0x2D37, 0x3517, 0x3517, 0x3CF7,
    0x0BE0, 0x0C00, 0x0C20, 0x0C41, 0x0C61, 0x0C61, 0x0461, 0x0482, 0x0C82, 0x0C83, 0x0CA4, 0x0CA6, 0x0CC7, 0x14E8, 0x150A, 0x152C,
    0x1D4D, 0x1D8F, 0x2590, 0x25B1, 0x25D2, 0x2DD3, 0x2DD4, 0x2DD5, 0x2DD6, 0x2DD6, 0x2DB7, 0x2D97, 0x3577, 0x3557, 0x3D37, 0x3D38,
    0x0C00, 0x0C20, 0x0C40, 0x0C61, 0x0C61, 0x0C81, 0x0C82, 0x0C82, 0x0C83, 0x0CA4, 0x0CA5, 0x0CC6, 0x14C8, 0x14E9, 0x150A, 0x1D2C,
    0x1D4D, 0x1D6E, 0x2590, 0x25B1, 0x2DB1, 0x2DD2, 0x2DD3, 0x2DD4, 0x2DD5, 0x2DF6, 0x2DD7, 0x2DD7, 0x35B7, 0x3577, 0x3D78, 0x4558,
    0x0C20, 0x0C40, 0x0C60, 0x0C61, 0x0C81, 0x0C82, 0x0C83, 0x0CA3, 0x0CA4, 0x14C5, 0x14C6, 0x14C7, 0x14E8, 0x14E9, 0x150A, 0x1D2C,
    0x1D4D, 0x256E, 0x258F, 0x25B0, 0x2DB1, 0x2DD2, 0x2DD3, 0x35D4, 0x35F5, 0x35F6, 0x35F6, 0x35F7, 0x35D7, 0x3DB8, 0x3D98, 0x4598,
    0x0C40, 0x0C60, 0x0C81, 0x0C81, 0x1482, 0x14A3, 0x14A4, 0x14A4, 0x14C5, 0x14C6, 0x14C7, 0x14E8, 0x14E9, 0x1CEA, 0x1D0B, 0x1D2C,
    0x1D2D, 0x254E, 0x256F, 0x2D90, 0x2DB1, 0x35D2, 0x35D3, 0x35F3, 0x35F4, 0x35F5, 0x3DF6, 0x3DF7, 0x3DF7, 0x3DF8, 0x3DD8, 0x45B8,
    0x0C60, 0x0C81, 0x14A1, 0x14A2, 0x14A3, 0x1CC4, 0x1CC5, 0x1CC5, 0x1CC6, 0x1CE7, 0x1CE8, 0x1CE8, 0x1CE9, 0x1D0A, 0x1D0B, 0x1D2C,
    0x254D, 0x254E, 0x2D6F, 0x2D90, 0x35B1, 0x35D2, 0x35D3, 0x3DF3, 0x3DF4, 0x3E15, 0x3E16, 0x3E16, 0x4617, 0x4618, 0x45F8, 0x45F8,
    0x0C80, 0x14A1, 0x1CA2, 0x1CC3, 0x1CC4, 0x1CE5, 0x1CE6, 0x1CE6, 0x1CE7, 0x1CE8, 0x1CE8, 0x1CE9, 0x1CEA, 0x1D0B, 0x250B, 0x252C,
    0x254D, 0x2D4E, 0x2D6F, 0x2DB0, 0x35B1, 0x3DD2, 0x3DF3, 0x3DF3, 0x4614, 0x4615, 0x4636, 0x4636, 0x4637, 0x4638, 0x4638, 0x4619,
    0x2820, 0x2820, 0x2821, 0x2022, 0x2022, 0x2023, 0x2024, 0x2025, 0x1826, 0x1826, 0x1827, 0x1828, 0x1829, 0x1829, 0x182A, 0x182B,
    0x182C, 0x182D, 0x182E, 0x182F, 0x1830, 0x1831, 0x1831, 0x1832, 0x1833, 0x2034, 0x2035, 0x2036, 0x2036, 0x2037, 0x2038, 0x2038,
    0x2840, 0x2840, 0x2820, 0x2821, 0x2822, 0x2823, 0x2024, 0x2025, 0x2026, 0x2027, 0x1828, 0x1828, 0x1829, 0x182A, 0x182B, 0x182C,
    0x182D, 0x182E, 0x182F, 0x1830, 0x1831, 0x1831, 0x1832, 0x1833, 0x1834, 0x1835, 0x1836, 0x1836, 0x1837, 0x1857, 0x1858, 0x1858,
    0x2860, 0x2840, 0x3020, 0x3021, 0x2821, 0x2823, 0x2824, 0x2825, 0x2026, 0x2027, 0x2028, 0x2029, 0x182A, 0x182B, 0x182C, 0x182D,
    0x182E, 0x182F, 0x1830, 0x1831, 0x1831, 0x1832, 0x1833, 0x1834, 0x1835, 0x1836, 0x1856, 0x1857, 0x1857, 0x1858, 0x1858, 0x1877,
    0x2880, 0x2860, 0x3060, 0x3040, 0x3041, 0x3042, 0x2844, 0x2825, 0x2827, 0x2028, 0x2029, 0x202A, 0x182B, 0x182C, 0x182D, 0x182E,
    0x182F, 0x1830, 0x1031, 0x1031, 0x1032, 0x1053, 0x1054, 0x1055, 0x1055, 0x1056, 0x1056, 0x1057, 0x1057, 0x1077, 0x1077, 0x1096,
    0x2880, 0x2880, 0x3080, 0x3060, 0x3040, 0x3042, 0x3043, 0x3045, 0x2847, 0x2028, 0x202A, 0x182B, 0x182C, 0x182D, 0x182E, 0x102F,
    0x1030, 0x1030, 0x1051, 0x1052, 0x1053, 0x1054, 0x1054, 0x1055, 0x1056, 0x1056, 0x1057, 0x1077, 0x1077, 0x1076, 0x1096, 0x10B5,
    0x28A0, 0x28A0, 0x30A0, 0x30A0, 0x3880, 0x3081, 0x3063, 0x3065, 0x2867, 0x2048, 0x204A, 0x184B, 0x184C, 0x104D, 0x104E, 0x104F,
    0x1050, 0x1051, 0x1052, 0x1052, 0x0853, 0x0854, 0x0855, 0x0855, 0x0876, 0x0876, 0x0876, 0x0876, 0x0896, 0x1096, 0x10B5, 0x10D5,
    0x28C0, 0x28E0, 0x30E0, 0x38E0, 0x38E0, 0x38C1, 0x30A2, 0x30A4, 0x28A6, 0x2088, 0x1869, 0x186B, 0x104C, 0x104D, 0x104E, 0x084F,
    0x0850, 0x0851, 0x0852, 0x0873, 0x0874, 0x0874, 0x0875, 0x0876, 0x0876, 0x0876, 0x0896, 0x0896, 0x08B6, 0x10B5, 0x10D5, 0x10F4,
    0x28E0, 0x3100, 0x3920, 0x3920, 0x4140, 0x3921, 0x3902, 0x3104, 0x28E5, 0x20C7, 0x18A8, 0x10AA, 0x108B, 0x108C, 0x086D, 0x086F,
    0x0870, 0x0871, 0x0872, 0x0874, 0x0874, 0x0075, 0x0076, 0x0876, 0x0876, 0x0896, 0x0896, 0x08B6, 0x08B5, 0x10D5, 0x10F4, 0x1134,
    0x2900, 0x3140, 0x3960, 0x4180, 0x41A0, 0x3981, 0x3962, 0x3143, 0x2925, 0x2106, 0x1908, 0x10E9, 0x10CA, 0x08AB, 0x08AD, 0x088E,
    0x0890, 0x0091, 0x0092, 0x0074, 0x0075, 0x0076, 0x0076, 0x0096, 0x0096, 0x0096, 0x08B6, 0x08D5, 0x08D5, 0x08F4, 0x1134, 0x1154,
    0x2940, 0x3180, 0x39A0, 0x41C0, 0x41E0, 0x39C1, 0x31C1, 0x2983, 0x2164, 0x1966, 0x1967, 0x1148, 0x112A, 0x090B, 0x08EC, 0x08ED,
    0x08CF, 0x00B0, 0x00B1, 0x00B3, 0x00B4, 0x0095, 0x0095, 0x00B6, 0x00B6, 0x00B6, 0x08D5, 0x08F5, 0x0915, 0x0934, 0x1154, 0x1194,
    0x3160, 0x31A0, 0x39E0, 0x4200, 0x4240, 0x3A20, 0x3201, 0x21E2, 0x19C3, 0x19C5, 0x19A7, 0x1188, 0x1169, 0x096B, 0x094C, 0x092D,
    0x090E, 0x00EF, 0x00F1, 0x00D2, 0x00D3, 0x00D4, 0x00D5, 0x00D5, 0x00D5, 0x00F5, 0x08F5, 0x0915, 0x0934, 0x1154, 0x1194, 0x11D4,
    0x31A0, 0x39E0, 0x3A20, 0x3A40, 0x3A60, 0x3260, 0x2A41, 0x2221, 0x19E2, 0x11E4, 0x11E6, 0x11E8, 0x11E9, 0x09CB, 0x09AC, 0x098D,
    0x096E, 0x014F, 0x0151, 0x0132, 0x0112, 0x0113, 0x0114, 0x0115, 0x0115, 0x0135, 0x0935, 0x0954, 0x0974, 0x1194, 0x11D4, 0x1A15,
    0x39E0, 0x3A20, 0x3A60, 0x3A80, 0x3AA0, 0x32A0, 0x2A80, 0x1A61, 0x1222, 0x1223, 0x1225, 0x1227, 0x1249, 0x0A2B, 0x0A0C, 0x09ED,
    0x09CE, 0x01CF, 0x01B0, 0x0191, 0x0172, 0x0173, 0x0174, 0x0154, 0x0174, 0x0175, 0x0974, 0x0994, 0x09B4, 0x11D4, 0x1215, 0x1A55,
    0x3A20, 0x3A40, 0x3A80, 0x3AA0, 0x32C0, 0x2AC0, 0x22C0, 0x1AA1, 0x1261, 0x0A63, 0x0A64, 0x0A67, 0x0A89, 0x0A8B, 0x0A8C, 0x0A6D,
    0x0A4E, 0x0230, 0x0231, 0x0212, 0x01F2, 0x01D3, 0x01D4, 0x01D4, 0x01D4, 0x01D4, 0x09D4, 0x09F4, 0x0A14, 0x1235, 0x1A55, 0x1A95,
    0x3A60, 0x3A80, 0x3AA0, 0x32C0, 0x2AE0, 0x22E0, 0x1AE0, 0x12C0, 0x0AA1, 0x0AA2, 0x0AA4, 0x0AA6, 0x0AC8, 0x0AEB, 0x0AEC, 0x0ACE,
    0x0ACF, 0x0AB0, 0x0A91, 0x0292, 0x0273, 0x0253, 0x0234, 0x0234, 0x0234, 0x0A35, 0x0A35, 0x0A34, 0x1255, 0x1275, 0x1AB5, 0x22D6,
    0x3A80, 0x3AA0, 0x3AC0, 0x2AE0, 0x2300, 0x1B00, 0x1320, 0x0B00, 0x0AE1, 0x0AE2, 0x02C3, 0x0AE5, 0x0B08, 0x0B2A, 0x134C, 0x136E,
    0x1350, 0x0B30, 0x0B11, 0x0AF2, 0x0AD3, 0x02B4, 0x02B4, 0x0294, 0x0A95, 0x0A95, 0x0A95, 0x0A95, 0x12B5, 0x12B5, 0x1AD5, 0x2316,
    0x3AA0, 0x3AC0, 0x32E0, 0x2B00, 0x1B20, 0x1320, 0x0B40, 0x0B40, 0x0321, 0x0322, 0x0323, 0x0325, 0x0B47, 0x0B8A, 0x13AC, 0x13CE,
    0x1BD0, 0x13D1, 0x13B2, 0x0B73, 0x0B53, 0x0B34, 0x0B14, 0x0AF5, 0x0AF5, 0x0AD5, 0x0AD5, 0x12D5, 0x12F5, 0x1AF5, 0x2336, 0x2B56,
    0x3AC0, 0x32E0, 0x2B00, 0x2320, 0x1B40, 0x1360, 0x0B60, 0x0380, 0x0381, 0x0362, 0x0363, 0x0364, 0x0B87, 0x0BC9, 0x140C, 0x1C4E,
    0x1C50, 0x1C52, 0x1C33, 0x1413, 0x13D4, 0x13B4, 0x0B95, 0x0B75, 0x0B55, 0x0B35, 0x1335, 0x1335, 0x1B35, 0x1B56, 0x2376, 0x2B96,
    0x32E0, 0x2B00, 0x2320, 0x1B40, 0x1360, 0x0B80, 0x0BA0, 0x03A0, 0x03A1, 0x03A1, 0x03A2, 0x03A4, 0x0BC6, 0x0C09, 0x144C, 0x1C8E,
    0x24B0, 0x24D2, 0x24B3, 0x1C94, 0x1C54, 0x1435, 0x13F5, 0x13D5, 0x13B5, 0x1396, 0x1396, 0x1376, 0x1B76, 0x2396, 0x23B6, 0x2BD6,
    0x2B00, 0x2320, 0x1B20, 0x1360, 0x0B80, 0x0BA0, 0x03C0, 0x03C0, 0x03E1, 0x03C1, 0x03C2, 0x03E4, 0x0C06, 0x0C48, 0x148B, 0x1CCE,
    0x2510, 0x2512, 0x2513, 0x2514, 0x24D5, 0x1C95, 0x1C76, 0x1C36, 0x1416, 0x13F6, 0x1BD6, 0x1BB6, 0x23D6, 0x23D6, 0x2BD6, 0x33F7,
    0x2320, 0x1B20, 0x1340, 0x1380, 0x0BA0, 0x0BC0, 0x03E0, 0x03E0, 0x0401, 0x0401, 0x0402, 0x0403, 0x0425, 0x0C68, 0x14AB, 0x1CED,
    0x2530, 0x2551, 0x2553, 0x2554, 0x2535, 0x2516, 0x1CD6, 0x1C96, 0x1C76, 0x1C36, 0x1C16, 0x2416, 0x2416, 0x23F6, 0x2C16, 0x3437,
    0x1B20, 0x1340, 0x1360, 0x0BA0, 0x0BC0, 0x0BE0, 0x0400, 0x0400, 0x0421, 0x0421, 0x0422, 0x0423, 0x0445, 0x0C88, 0x14CA, 0x1D0D,
    0x1D4F, 0x2571, 0x2592, 0x2594, 0x2575, 0x2576, 0x2536, 0x24F6, 0x24B6, 0x2496, 0x2476, 0x2456, 0x2436, 0x2C36, 0x3457, 0x3457,
    0x1340, 0x1360, 0x0B80, 0x0BC0, 0x0BE0, 0x0C00, 0x0420, 0x0421, 0x0441, 0x0441, 0x0442, 0x0444, 0x0C65, 0x0CA8, 0x14EA, 0x152C,
    0x1D4E, 0x2590, 0x2592, 0x25B3, 0x25B4, 0x2596, 0x2576, 0x2556, 0x2517, 0x24D7, 0x24B7, 0x2497, 0x2C77, 0x2C77, 0x3477, 0x3C97,
    0x1380, 0x1380, 0x0BA0, 0x0BE0, 0x0C00, 0x0C20, 0x0441, 0x0441, 0x0461, 0x0462, 0x0463, 0x0464, 0x0C85, 0x0CC8, 0x14EA, 0x152C,
    0x1D4E, 0x2590, 0x25B1, 0x25B2, 0x25B4, 0x25B5, 0x25B6, 0x2597, 0x2557, 0x2537, 0x24F7, 0x2CD7, 0x2CB7, 0x34B7, 0x3CB7, 0x3CB7,
    0x13A0, 0x0BC0, 0x0BE0, 0x0C00, 0x0C20, 0x0C41, 0x0441, 0x0461, 0x0461, 0x0462, 0x0483, 0x0C84, 0x0CA6, 0x0CC8, 0x14EA, 0x152C,
    0x1D4D, 0x1D8F, 0x25B1, 0x25B2, 0x25D3, 0x25D4, 0x25D5, 0x25B6, 0x2597, 0x2577, 0x2D57, 0x2D17, 0x34F7, 0x34F7, 0x3CF7, 0x44F8,
    0x0BA0, 0x0BE0, 0x0C00, 0x0C20, 0x0C40, 0x0C61, 0x0C61, 0x0461, 0x0482, 0x0C83, 0x0C84, 0x0CA5, 0x0CA6, 0x0CC8, 0x150A, 0x152B,
    0x1D4D, 0x1D8F, 0x25B0, 0x25B1, 0x25D2, 0x2DD3, 0x2DD5, 0x2DD6, 0x2DD6, 0x2DB7, 0x2D97, 0x2D57, 0x3537, 0x3D17, 0x3D18, 0x4518,
    0x0BC0, 0x0C00, 0x0C20, 0x0C40, 0x0C61, 0x0C61, 0x0C81, 0x0C82, 0x0C82, 0x0CA3, 0x0CA4, 0x0CA6, 0x0CC7, 0x14E8, 0x150A, 0x152B,
    0x1D4D, 0x256E, 0x2590, 0x25B1, 0x2DD2, 0x2DD3, 0x2DD4, 0x2DD5, 0x2DD6, 0x2DD7, 0x35B7, 0x3597, 0x3577, 0x3D57, 0x4558, 0x4558,
    0x0C00, 0x0C20, 0x0C40, 0x0C61, 0x0C81, 0x0C81, 0x0C82, 0x0C83, 0x0CA3, 0x0CA4, 0x14C5, 0x14C6, 0x14C8, 0x14E9, 0x150A, 0x1D2B,
    0x1D4D, 0x256E, 0x258F, 0x2DB0, 0x2DB1, 0x2DD2, 0x2DD3, 0x35F4, 0x35F5, 0x35F6, 0x35F7, 0x35D7, 0x3DB8, 0x3D98, 0x4598, 0x4D78,
    0x0C20, 0x0C40, 0x0C60, 0x1481, 0x1481, 0x1482, 0x14A3, 0x14A4, 0x14C4, 0x14C5, 0x14C6, 0x14C7, 0x14E8, 0x14E9, 0x1D0A, 0x1D0C,
    0x1D2D, 0x254E, 0x256F, 0x2DB0, 0x2DB1, 0x35D2, 0x35D3, 0x35F4, 0x35F5, 0x3DF6, 0x3DF7, 0x3DF7, 0x3DF8, 0x3DD8, 0x45B8, 0x4DB8,
    0x1440, 0x1460, 0x0C80, 0x1481, 0x14A2, 0x14A3, 0x1CC4, 0x1CC5, 0x1CC5, 0x1CC6, 0x1CE7, 0x1CE8, 0x1CE9, 0x1CEA, 0x1D0B, 0x1D0C,
    0x252D, 0x254E, 0x2D6F, 0x2D90, 0x35B1, 0x35D2, 0x35F3, 0x3DF4, 0x3DF5, 0x3E15, 0x3E16, 0x3E17, 0x4618, 0x4618, 0x45F8, 0x4DD9,
    0x1460, 0x1481, 0x14A1, 0x1CA2, 0x1CC3, 0x1CC4, 0x1CC5, 0x1CE6, 0x1CE6, 0x1CE7, 0x1CE8, 0x1CE8, 0x1CE9, 0x1D0A, 0x250B, 0x252C,
    0x252D, 0x2D4E, 0x2D6F, 0x35B0, 0x35B1, 0x3DD2, 0x3DF3, 0x3DF4, 0x4614, 0x4615, 0x4636, 0x4637, 0x4637, 0x4638, 0x4E19, 0x4E19,
    0x1480, 0x14A1, 0x1CC2, 0x24C3, 0x24E4, 0x24E5, 0x24E6, 0x24E7, 0x24E7, 0x24E8, 0x24E8, 0x24E9, 0x250A, 0x250B, 0x250B, 0x252C,
    0x2D4D, 0x2D4E, 0x2D8F, 0x35B0, 0x3DD1, 0x3DF2, 0x45F3, 0x4614, 0x4615, 0x4E35, 0x4E36, 0x4E57, 0x4E57, 0x4E58, 0x4E59, 0x4E39,
    0x2820, 0x2820, 0x2821, 0x2821, 0x2822, 0x2823, 0x2024, 0x2025, 0x2025, 0x2026, 0x2027, 0x2028, 0x2028, 0x2029, 0x202A, 0x202B,
    0x202C, 0x202D, 0x202E, 0x202F, 0x202F, 0x2030, 0x2031, 0x2032, 0x2033, 0x2034, 0x2835, 0x2835, 0x2836, 0x2837, 0x2858, 0x2858,
    0x2840, 0x2840, 0x3020, 0x3021, 0x3022, 0x2823, 0x2824, 0x2825, 0x2826, 0x2027, 0x2027, 0x2028, 0x2029, 0x202A, 0x202B, 0x202C,
    0x202D, 0x202E, 0x202F, 0x2030, 0x2030, 0x2031, 0x2032, 0x2033, 0x2034, 0x2035, 0x2035, 0x2036, 0x2037, 0x2057, 0x2058, 0x2058,
    0x2860, 0x3040, 0x3020, 0x3021, 0x3021, 0x3022, 0x3024, 0x2825, 0x2826, 0x2827, 0x2828, 0x2029, 0x202A, 0x202B, 0x202C, 0x202D,
    0x202E, 0x202F, 0x2030, 0x2030, 0x2031, 0x2032, 0x2033, 0x2034, 0x2035, 0x2035, 0x2036, 0x2037, 0x2057, 0x2058, 0x2058, 0x2057,
    0x2880, 0x3060, 0x3060, 0x3040, 0x3841, 0x3042, 0x3023, 0x3024, 0x3026, 0x2827, 0x2829, 0x282A, 0x202B, 0x202C, 0x202D, 0x202E,
    0x202F, 0x2030, 0x2030, 0x2031, 0x1832, 0x1833, 0x1834, 0x1835, 0x1835, 0x1856, 0x1857, 0x1857, 0x1857, 0x1857, 0x1877, 0x1877,
    0x2880, 0x3080, 0x3880, 0x3860, 0x3840, 0x3841, 0x3843, 0x3844, 0x3046, 0x3028, 0x3029, 0x282A, 0x202C, 0x202D, 0x202E, 0x202F,
    0x2030, 0x1830, 0x1831, 0x1832, 0x1833, 0x1834, 0x1854, 0x1855, 0x1856, 0x1856, 0x1857, 0x1857, 0x1877, 0x1877, 0x1896, 0x1896,
    0x28A0, 0x30A0, 0x38A0, 0x38A0, 0x3880, 0x3861, 0x3862, 0x3864, 0x3866, 0x3048, 0x3049, 0x284B, 0x204C, 0x202D, 0x202E, 0x182F,
    0x1830, 0x1831, 0x1852, 0x1853, 0x1054, 0x1054, 0x1055, 0x1056, 0x1056, 0x1057, 0x1057, 0x1077, 0x1076, 0x1096, 0x10B6, 0x18D5,
    0x30C0, 0x30E0, 0x38E0, 0x38C0, 0x40C0, 0x40A1, 0x3881, 0x3883, 0x3885, 0x3087, 0x2869, 0x286B, 0x204C, 0x184D, 0x184E, 0x184F,
    0x1051, 0x1051, 0x1052, 0x1053, 0x1054, 0x1055, 0x1056, 0x1056, 0x1057, 0x1077, 0x1077, 0x1096, 0x1096, 0x10B5, 0x10D5, 0x10F4,
    0x30E0, 0x3100, 0x3920, 0x4120, 0x4120, 0x4101, 0x40E1, 0x38E3, 0x38C4, 0x30C7, 0x28A9, 0x208A, 0x188B, 0x186D, 0x106E, 0x106F,
    0x1070, 0x1071, 0x0853, 0x0854, 0x0855, 0x0875, 0x0876, 0x0876, 0x0876, 0x0876, 0x0896, 0x08B6, 0x10B5, 0x10D5, 0x10F4, 0x1134,
    0x3120, 0x3940, 0x4160, 0x4160, 0x4980, 0x4161, 0x4141, 0x3922, 0x3924, 0x3106, 0x2908, 0x20C9, 0x18AB, 0x10AC, 0x108D, 0x088E,
    0x0890, 0x0871, 0x0872, 0x0874, 0x0875, 0x0876, 0x0876, 0x0876, 0x0896, 0x0896, 0x08B6, 0x08B5, 0x10D5, 0x10F4, 0x1134, 0x1954,
    0x3140, 0x3960, 0x41A0, 0x49C0, 0x49E0, 0x49C1, 0x41C1, 0x39A2, 0x3984, 0x3166, 0x2968, 0x2129, 0x190A, 0x10EB, 0x10CC, 0x08CD,
    0x08AF, 0x08B0, 0x0891, 0x0893, 0x0094, 0x0095, 0x0096, 0x0096, 0x08B6, 0x08B6, 0x08D5, 0x08F5, 0x1114, 0x1134, 0x1154, 0x1994,
    0x3160, 0x41A0, 0x41E0, 0x4A20, 0x5240, 0x4A20, 0x4221, 0x3A02, 0x31E3, 0x29C5, 0x21A7, 0x2188, 0x1969, 0x114A, 0x112B, 0x090D,
    0x08EE, 0x08EF, 0x08D1, 0x00D2, 0x00B3, 0x00B4, 0x00B5, 0x00B6, 0x00D6, 0x08D5, 0x08F5, 0x0915, 0x1134, 0x1154, 0x1194, 0x19D4,
    0x39A0, 0x41E0, 0x4A20, 0x4A60, 0x4A80, 0x4A80, 0x4261, 0x3A41, 0x3222, 0x2A04, 0x21E6, 0x19E8, 0x19C9, 0x11AA, 0x118B, 0x096D,
    0x094E, 0x092F, 0x0930, 0x0111, 0x00F3, 0x00F4, 0x00F4, 0x00F5, 0x00F5, 0x0915, 0x0935, 0x0954, 0x1174, 0x1194, 0x19D5, 0x1A15,
    0x39E0, 0x4220, 0x4A60, 0x4A80, 0x4AA0, 0x42A0, 0x3AA0, 0x3281, 0x2A62, 0x2243, 0x1A25, 0x1A27, 0x1A29, 0x120A, 0x11EC, 0x09CD,
    0x09AE, 0x09AF, 0x0990, 0x0171, 0x0152, 0x0133, 0x0134, 0x0135, 0x0155, 0x0955, 0x0974, 0x0994, 0x11B4, 0x11D4, 0x1A35, 0x2275,
    0x4220, 0x4260, 0x4A80, 0x42A0, 0x42C0, 0x3AE0, 0x32E0, 0x2AC1, 0x22A1, 0x1A82, 0x1264, 0x1266, 0x1268, 0x126A, 0x126C, 0x0A4D,
    0x0A2E, 0x0A0F, 0x09F0, 0x01D1, 0x01D2, 0x01B3, 0x01B4, 0x0194, 0x0995, 0x09B5, 0x09B4, 0x09D4, 0x11F5, 0x1235, 0x1A75, 0x22B6,
    0x4260, 0x4280, 0x42C0, 0x42C0, 0x3AE0, 0x3300, 0x2B00, 0x22E0, 0x1AE1, 0x12A2, 0x12A3, 0x12A5, 0x12A8, 0x12CA, 0x12CC, 0x12AD,
    0x0AAE, 0x0A8F, 0x0A70, 0x0A51, 0x0232, 0x0233, 0x0214, 0x0214, 0x0A15, 0x0A15, 0x0A15, 0x1235, 0x1255, 0x1A75, 0x22B6, 0x2AF6,
    0x42A0, 0x42A0, 0x42E0, 0x3AE0, 0x3300, 0x2320, 0x1B20, 0x1B20, 0x1301, 0x12E2, 0x0AC3, 0x0AC5, 0x0AE7, 0x1309, 0x132C, 0x132D,
    0x132F, 0x1310, 0x0AF1, 0x0AD2, 0x0AB3, 0x0AB4, 0x0A94, 0x0A75, 0x0A75, 0x0A75, 0x0A75, 0x1295, 0x12B5, 0x1AD5, 0x22F6, 0x2B36,
    0x42C0, 0x42C0, 0x3AE0, 0x3300, 0x2320, 0x1B40, 0x1340, 0x1340, 0x1341, 0x0B21, 0x0B02, 0x0B04, 0x0B26, 0x1349, 0x138B, 0x1BAE,
    0x1BAF, 0x1390, 0x1371, 0x1352, 0x0B33, 0x0B14, 0x0AF4, 0x0AD5, 0x0AD5, 0x0AD5, 0x12D5, 0x12D5, 0x1AF5, 0x2316, 0x2B56, 0x3377,
    0x42E0, 0x3AE0, 0x3300, 0x2B20, 0x1B40, 0x1360, 0x1360, 0x0B80, 0x0B81, 0x0B61, 0x0342, 0x0B44, 0x0B66, 0x0BA8, 0x13CB, 0x1C0D,
    0x1C2F, 0x2431, 0x1C12, 0x1BF3, 0x13D4, 0x1394, 0x0B75, 0x0B55, 0x0B35, 0x1335, 0x1335, 0x1B35, 0x1B36, 0x2356, 0x2B96, 0x33B7,
    0x3AE0, 0x3300, 0x2B20, 0x2340, 0x1B60, 0x1380, 0x0BA0, 0x0BA0, 0x03A1, 0x03A1, 0x0382, 0x0383, 0x0BA5, 0x0BE8, 0x142B, 0x1C4D,
    0x248F, 0x24B1, 0x2493, 0x2474, 0x1C54, 0x1C15, 0x13F5, 0x13B6, 0x13B6, 0x1396, 0x1B76, 0x1B76, 0x2396, 0x2396, 0x2BD7, 0x3BF7,
    0x3300, 0x2B20, 0x2340, 0x1B60, 0x1380, 0x0BA0, 0x0BC0, 0x0BC0, 0x03E1, 0x03E1, 0x03C2, 0x03C3, 0x0BE5, 0x0C27, 0x146A, 0x1CAD,
    0x24CF, 0x2511, 0x2513, 0x24F4, 0x24D5, 0x1C95, 0x1C56, 0x1C36, 0x1C16, 0x1BF6, 0x1BD6, 0x23D6, 0x23D6, 0x2BD6, 0x33F7, 0x3C37,
    0x2B20, 0x2340, 0x1B40, 0x1380, 0x13A0, 0x0BC0, 0x0BE0, 0x03E0, 0x0401, 0x0401, 0x0402, 0x0403, 0x0C25, 0x0C47, 0x148A, 0x1CCD,
    0x250F, 0x2551, 0x2553, 0x2554, 0x2535, 0x2516, 0x24D6, 0x1C96, 0x1C76, 0x1C36, 0x2436, 0x2416, 0x2C16, 0x2C16, 0x3437, 0x3C57,
    0x2320, 0x1B40, 0x1360, 0x13A0, 0x0BC0, 0x0BE0, 0x0C00, 0x0420, 0x0421, 0x0421, 0x0422, 0x0443, 0x0C45, 0x0C87, 0x14A9, 0x14EC,
    0x1D2E, 0x2570, 0x2572, 0x2594, 0x2575, 0x2576, 0x2536, 0x24F6, 0x24B6, 0x2496, 0x2476, 0x2456, 0x2C57, 0x3457, 0x3C77, 0x4477,
    0x1B40, 0x1360, 0x1380, 0x13C0, 0x0BE0, 0x0C00, 0x0C20, 0x0421, 0x0441, 0x0441, 0x0442, 0x0463, 0x0C65, 0x0CA7, 0x14C9, 0x150C,
    0x1D4E, 0x2570, 0x2591, 0x25B3, 0x25B4, 0x25B6, 0x2576, 0x2557, 0x2517, 0x24F7, 0x2CB7, 0x2C97, 0x3497, 0x3497, 0x3C97, 0x44B8,
    0x1360, 0x1380, 0x13A0, 0x0BE0, 0x0C00, 0x0C20, 0x0C41, 0x0C41, 0x0461, 0x0461, 0x0462, 0x0483, 0x0C85, 0x0CC7, 0x14E9, 0x152B,
    0x1D4D, 0x258F, 0x25B1, 0x25B2, 0x25B4, 0x25D5, 0x25B6, 0x25B7, 0x2D77, 0x2D37, 0x2D17, 0x2CF7, 0x34D7, 0x3CD7, 0x3CD7, 0x44D8,
    0x1380, 0x13A0, 0x13E0, 0x0C00, 0x0C20, 0x0C41, 0x0C61, 0x0C61, 0x0C61, 0x0C82, 0x0C83, 0x0C84, 0x0CA5, 0x0CC7, 0x14E9, 0x152B,
    0x1D4D, 0x256F, 0x25B0, 0x25B2, 0x2DD3, 0x2DD4, 0x2DD5, 0x2DD6, 0x2DB7, 0x2D77, 0x2D57, 0x3537, 0x3517, 0x3D17, 0x4518, 0x4D18,
    0x13A0, 0x13E0, 0x1400, 0x0C20, 0x0C40, 0x0C61, 0x0C81, 0x0C81, 0x0C82, 0x0C83, 0x0C83, 0x0CA5, 0x0CC6, 0x14C8, 0x14E9, 0x152B,
    0x1D4D, 0x256E, 0x2590, 0x25B1, 0x2DD2, 0x2DD3, 0x2DD5, 0x2DD6, 0x2DD7, 0x2DD7, 0x3597, 0x3577, 0x3D58, 0x4538, 0x4538, 0x4D38,
    0x13E0, 0x1400, 0x1420, 0x1440, 0x0C60, 0x0C81, 0x1481, 0x1482, 0x14A3, 0x0CA3, 0x0CA4, 0x14C5, 0x14C7, 0x14E8, 0x14E9, 0x1D0B,
    0x1D4D, 0x256E, 0x258F, 0x2DB1, 0x2DD2, 0x2DD3, 0x35D4, 0x35F5, 0x35F6, 0x35F7, 0x35D7, 0x3DB8, 0x3D98, 0x4578, 0x4578, 0x4D78,
    0x1400, 0x1420, 0x1440, 0x1460, 0x1481, 0x1481, 0x14A2, 0x14A3, 0x14A4, 0x14C4, 0x14C5, 0x14C6, 0x14E8, 0x14E9, 0x1CEA, 0x1D0B,
    0x1D2C, 0x254E, 0x256F, 0x2DB0, 0x2DB1, 0x35D2, 0x35F4, 0x35F5, 0x35F6, 0x3E16, 0x3DF7, 0x3DF8, 0x3DD8, 0x45B8, 0x4D98, 0x5599,
    0x1420, 0x1440, 0x1460, 0x1481, 0x14A1, 0x1CA2, 0x1CC3, 0x1CC4, 0x1CC4, 0x1CC5, 0x1CC6, 0x1CE7, 0x1CE8, 0x1CE9, 0x1D0A, 0x1D0B,
    0x252D, 0x254E, 0x2D6F, 0x2D90, 0x35B1, 0x35D2, 0x3DF3, 0x3DF4, 0x3E15, 0x3E16, 0x3E17, 0x4618, 0x45F8, 0x45F8, 0x4DD9, 0x55D9,
    0x1440, 0x1460, 0x1480, 0x1CA1, 0x1CC2, 0x1CC3, 0x1CC4, 0x1CE5, 0x1CE6, 0x1CE6, 0x1CE7, 0x1CE8, 0x1CE9, 0x1CEA, 0x1D0A, 0x250C,
    0x252D, 0x254E, 0x2D6F, 0x3590, 0x35B1, 0x3DD2, 0x3DF3, 0x4614, 0x4615, 0x4616, 0x4636, 0x4637, 0x4638, 0x4619, 0x4E19, 0x55F9,
    0x1C60, 0x1C80, 0x1CA1, 0x24C2, 0x24C2, 0x24E3, 0x24E4, 0x24E5, 0x24E6, 0x24E7, 0x24E8, 0x24E8, 0x24E9, 0x250A, 0x250B, 0x252C,
    0x254D, 0x2D4E, 0x2D6F, 0x35B0, 0x3DD1, 0x3DF2, 0x45F3, 0x4614, 0x4635, 0x4E36, 0x4E36, 0x4E57, 0x4E58, 0x4E38, 0x5639, 0x5639,
    0x1C80, 0x24A1, 0x24C1, 0x2CE2, 0x2CE3, 0x2D04, 0x2D05, 0x2D06, 0x2D07, 0x2508, 0x2508, 0x2509, 0x250A, 0x250B, 0x2D0B, 0x2D2C,
    0x2D4D, 0x356E, 0x358F, 0x3DB0, 0x3DD1, 0x45F2, 0x4613, 0x4E14, 0x4E35, 0x4E55, 0x5656, 0x5657, 0x5658, 0x5658, 0x5659, 0x565A,
    0x3020, 0x3020, 0x3021, 0x3021, 0x3022, 0x2823, 0x2824, 0x2824, 0x2825, 0x2026, 0x2027, 0x2027, 0x2028, 0x2029, 0x202A, 0x202B,
    0x202C, 0x282D, 0x282E, 0x282F, 0x282F, 0x2830, 0x2831, 0x2832, 0x2833, 0x2833, 0x3034, 0x3035, 0x3036, 0x3057, 0x3057, 0x3058,
    0x3040, 0x3040, 0x3020, 0x3021, 0x3021, 0x3022, 0x3023, 0x2824, 0x2825, 0x2826, 0x2827, 0x2828, 0x2829, 0x282A, 0x282B, 0x282C,
    0x282D, 0x282E, 0x282F, 0x282F, 0x2830, 0x2831, 0x2832, 0x2833, 0x2834, 0x2834, 0x2835, 0x2836, 0x2857, 0x2857, 0x2858, 0x2858,
    0x3060, 0x3040, 0x3820, 0x3821, 0x3821, 0x3822, 0x3023, 0x3024, 0x3025, 0x3026, 0x3028, 0x2829, 0x282A, 0x282B, 0x282C, 0x282D,
    0x282E, 0x282E, 0x282F, 0x2830, 0x2831, 0x2832, 0x2833, 0x2834, 0x2834, 0x2835, 0x2836, 0x2857, 0x2857, 0x2858, 0x2858, 0x2057,
    0x3080, 0x3060, 0x3860, 0x3840, 0x3821, 0x3822, 0x3823, 0x3824, 0x3825, 0x3827, 0x3028, 0x3029, 0x302B, 0x282C, 0x282D, 0x282E,
    0x282E, 0x282F, 0x2830, 0x2831, 0x2032, 0x2033, 0x2034, 0x2035, 0x2035, 0x2036, 0x2057, 0x2057, 0x2057, 0x2058, 0x2077, 0x2077,
    0x3080, 0x3880, 0x3880, 0x4060, 0x4040, 0x4041, 0x4042, 0x3844, 0x3825, 0x3827, 0x3829, 0x382A, 0x302B, 0x302D, 0x282D, 0x282E,
    0x282F, 0x2830, 0x2031, 0x2032, 0x2033, 0x2034, 0x2035, 0x2035, 0x2036, 0x2057, 0x2057, 0x2057, 0x2057, 0x1877, 0x1877, 0x1896,
    0x30A0, 0x38A0, 0x38A0, 0x4080, 0x4080, 0x4061, 0x4061, 0x4043, 0x4045, 0x4047, 0x3849, 0x384A, 0x302C, 0x282D, 0x282E, 0x282F,
    0x2030, 0x2031, 0x2032, 0x2033, 0x2034, 0x2035, 0x1835, 0x1856, 0x1856, 0x1857, 0x1857, 0x1857, 0x1877, 0x1896, 0x18B6, 0x18B5,
    0x30C0, 0x38C0, 0x40E0, 0x40C0, 0x40A0, 0x40A0, 0x4081, 0x4083, 0x4064, 0x4066, 0x3868, 0x384A, 0x304C, 0x284D, 0x284F, 0x2030,
    0x2031, 0x2032, 0x1833, 0x1834, 0x1854, 0x1855, 0x1856, 0x1856, 0x1857, 0x1057, 0x1077, 0x1077, 0x1096, 0x10B6, 0x18D5, 0x18F4,
    0x30E0, 0x3900, 0x4100, 0x4100, 0x4900, 0x48E0, 0x48C1, 0x40C2, 0x40A4, 0x40A6, 0x40A8, 0x308A, 0x286C, 0x206D, 0x204E, 0x184F,
    0x1850, 0x1852, 0x1853, 0x1054, 0x1055, 0x1055, 0x1056, 0x1056, 0x1076, 0x1076, 0x1096, 0x1096, 0x10B5, 0x10D5, 0x18F5, 0x1934,
    0x3920, 0x3920, 0x4140, 0x4940, 0x5160, 0x4940, 0x4921, 0x4922, 0x4103, 0x4106, 0x38E8, 0x30CA, 0x28AB, 0x208C, 0x188D, 0x186F,
    0x1070, 0x1071, 0x1072, 0x1074, 0x1075, 0x0876, 0x0876, 0x0876, 0x0876, 0x0896, 0x10B6, 0x10B5, 0x10D5, 0x10F4, 0x1934, 0x1954,
    0x3940, 0x4160, 0x49A0, 0x51C0, 0x51C0, 0x51C1, 0x51A1, 0x49A2, 0x4983, 0x4165, 0x3947, 0x3129, 0x210A, 0x20EB, 0x18CC, 0x10AD,
    0x10AF, 0x1090, 0x0891, 0x0893, 0x0874, 0x0875, 0x0876, 0x0896, 0x0896, 0x08B6, 0x08B5, 0x10D5, 0x1114, 0x1134, 0x1974, 0x1994,
    0x3960, 0x41A0, 0x49E0, 0x5200, 0x5A40, 0x5A21, 0x5A21, 0x5202, 0x49E3, 0x41C5, 0x39A7, 0x2988, 0x2169, 0x194A, 0x192B, 0x110C,
    0x10EE, 0x08CF, 0x08B0, 0x08B2, 0x08B3, 0x0895, 0x0896, 0x0896, 0x08B6, 0x08D5, 0x08F5, 0x1114, 0x1134, 0x1154, 0x1994, 0x21F5,
    0x41A0, 0x49E0, 0x5220, 0x5260, 0x5A80, 0x5A80, 0x5A81, 0x5262, 0x4242, 0x3A24, 0x3206, 0x29E8, 0x21C9, 0x19AA, 0x198B, 0x116C,
    0x114D, 0x092F, 0x0910, 0x08F1, 0x08D3, 0x08D4, 0x00D5, 0x08D5, 0x08F5, 0x08F5, 0x0915, 0x1134, 0x1174, 0x1194, 0x19F5, 0x2235,
    0x41E0, 0x4A20, 0x5260, 0x52A0, 0x5AC0, 0x52C0, 0x52C1, 0x4AA1, 0x4282, 0x3263, 0x2A45, 0x2A47, 0x2229, 0x1A0A, 0x19EB, 0x11CC,
    0x11AD, 0x098E, 0x0970, 0x0951, 0x0932, 0x0113, 0x0114, 0x0915, 0x0935, 0x0935, 0x0954, 0x1174, 0x11B4, 0x19F4, 0x2235, 0x2A96,
    0x4A20, 0x4A60, 0x52A0, 0x52C0, 0x52E0, 0x4B00, 0x4300, 0x42E1, 0x3AC1, 0x2AA2, 0x2263, 0x2266, 0x1A68, 0x1A6A, 0x1A4B, 0x122C,
    0x120D, 0x09EF, 0x09D0, 0x09B1, 0x0992, 0x0193, 0x0174, 0x0974, 0x0975, 0x0995, 0x09B4, 0x11D4, 0x11F5, 0x1A35, 0x2296, 0x2AD6,
    0x4A60, 0x4AA0, 0x52C0, 0x4AE0, 0x4B00, 0x4300, 0x3B20, 0x3B20, 0x3301, 0x22C2, 0x1AA3, 0x1AA5, 0x1AA7, 0x1AA9, 0x1AAB, 0x12AD,
    0x128E, 0x126F, 0x0A50, 0x0A31, 0x0A12, 0x09F3, 0x09F4, 0x09D4, 0x09D5, 0x09F5, 0x0A15, 0x1235, 0x1A55, 0x1A95, 0x2AD6, 0x3317,
    0x4AA0, 0x4AC0, 0x4AE0, 0x4300, 0x3B00, 0x3320, 0x2B40, 0x2B40, 0x2321, 0x1B01, 0x12C2, 0x12C4, 0x12C6, 0x12E8, 0x1B0B, 0x1B0D,
    0x1B0E, 0x12EF, 0x12D0, 0x0AB1, 0x0A92, 0x0A73, 0x0A74, 0x0A55, 0x0A55, 0x0A55, 0x1275, 0x1275, 0x1AB5, 0x22D6, 0x2B16, 0x3B77,
    0x4AC0, 0x4AE0, 0x4300, 0x3B00, 0x3320, 0x2B40, 0x2340, 0x1B60, 0x1B61, 0x1321, 0x1302, 0x1303, 0x1305, 0x1328, 0x134A, 0x1B8D,
    0x1B8F, 0x1B70, 0x1351, 0x1332, 0x1313, 0x0AF4, 0x0AD4, 0x0AD5, 0x0AB5, 0x12B5, 0x12D5, 0x1AD5, 0x1AF6, 0x2336, 0x3377, 0x3BB8,
    0x4AE0, 0x4300, 0x3B00, 0x3320, 0x2340, 0x2360, 0x1B60, 0x1380, 0x1381, 0x0B61, 0x0B42, 0x0B43, 0x0B45, 0x1367, 0x13AA, 0x1BCD,
    0x23EF, 0x2411, 0x23F2, 0x1BD3, 0x13B3, 0x1394, 0x1355, 0x1335, 0x1335, 0x1315, 0x1B35, 0x1B36, 0x2356, 0x2B76, 0x33B7, 0x3BF8,
    0x4300, 0x3B00, 0x3320, 0x2B40, 0x1B60, 0x1B80, 0x1380, 0x13A0, 0x0BC1, 0x0BA1, 0x0B82, 0x0B83, 0x0B84, 0x0BA7, 0x13E9, 0x1C2C,
    0x244F, 0x2471, 0x2472, 0x2453, 0x1C34, 0x1C15, 0x13D5, 0x13B6, 0x1396, 0x1B76, 0x1B76, 0x2396, 0x2396, 0x2BB6, 0x3BF7, 0x4418,
    0x3B00, 0x3320, 0x2340, 0x2360, 0x1B80, 0x13A0, 0x13C0, 0x0BC0, 0x0BE1, 0x0BE1, 0x0BC1, 0x0BC3, 0x0BC4, 0x0BE6, 0x1429, 0x1C6C,
    0x24AF, 0x2CF1, 0x2CF2, 0x2CF4, 0x24D5, 0x2495, 0x1C56, 0x1C36, 0x1BF6, 0x1BD6, 0x23D6, 0x23D6, 0x2BD6, 0x33F7, 0x3C17, 0x4458,
    0x3320, 0x2B40, 0x2360, 0x1B80, 0x13A0, 0x13C0, 0x0BE0, 0x0C00, 0x0C01, 0x0C01, 0x0401, 0x0C03, 0x0C04, 0x0C26, 0x1469, 0x1CAC,
    0x24EE, 0x2530, 0x2D52, 0x2D54, 0x2D35, 0x2516, 0x24D6, 0x2496, 0x2476, 0x2436, 0x2436, 0x2C16, 0x2C37, 0x3437, 0x3C57, 0x4478,
    0x2340, 0x2360, 0x1B60, 0x1380, 0x13C0, 0x13E0, 0x0C00, 0x0C20, 0x0C21, 0x0441, 0x0441, 0x0443, 0x0C44, 0x0C66, 0x1488, 0x14CB,
    0x1D0E, 0x2550, 0x2D72, 0x2D93, 0x2D75, 0x2D76, 0x2536, 0x24F7, 0x24D7, 0x2497, 0x2C77, 0x2C57, 0x3457, 0x3C77, 0x4497, 0x4498,
    0x2340, 0x1B60, 0x1380, 0x13A0, 0x13E0, 0x1400, 0x0C20, 0x0C41, 0x0C41, 0x0C41, 0x0462, 0x0C63, 0x0C64, 0x0C86, 0x14C8, 0x14EB,
    0x1D2D, 0x256F, 0x2591, 0x2DB3, 0x2DB4, 0x2DB6, 0x2D96, 0x2D57, 0x2D17, 0x2CF7, 0x2CD7, 0x34B7, 0x34B7, 0x3C97, 0x44B8, 0x4CD8,
    0x1B60, 0x1380, 0x13A0, 0x13E0, 0x1400, 0x1420, 0x0C40, 0x0C61, 0x0C61, 0x0C61, 0x0C82, 0x0C83, 0x0CA4, 0x0CA6, 0x14E8, 0x150B,
    0x1D4D, 0x256F, 0x2591, 0x25B2, 0x2DD4, 0x2DD5, 0x2DD6, 0x2DB7, 0x2D77, 0x2D37, 0x3517, 0x34F7, 0x3CF7, 0x3CD7, 0x44F8, 0x4CF8,
    0x1380, 0x13A0, 0x13E0, 0x1400, 0x1420, 0x1440, 0x1461, 0x0C61, 0x0C81, 0x0C82, 0x0C83, 0x0CA4, 0x0CA5, 0x0CC7, 0x14E9, 0x150A,
    0x1D4C, 0x256E, 0x2590, 0x2DB1, 0x2DD3, 0x2DD4, 0x2DD5, 0x2DD6, 0x35B7, 0x3597, 0x3557, 0x3D37, 0x3D38, 0x4518, 0x4D38, 0x5539,
    0x13A0, 0x13E0, 0x1400, 0x1420, 0x1440, 0x1460, 0x1481, 0x1481, 0x14A2, 0x14A3, 0x0CA3, 0x14A4, 0x14C6, 0x14C7, 0x14E9, 0x150A,
    0x1D2C, 0x256E, 0x258F, 0x2DB1, 0x2DD2, 0x2DD3, 0x35F5, 0x35F6, 0x35F7, 0x35D7, 0x3DB8, 0x3D78, 0x4578, 0x4558, 0x4D58, 0x5559,
    0x13E0, 0x1400, 0x1420, 0x1440, 0x1460, 0x1481, 0x14A1, 0x14A2, 0x14A3, 0x14A3, 0x14A4, 0x14C5, 0x14C7, 0x14E8, 0x1CE9, 0x1D0B,
    0x1D2C, 0x254E, 0x256F, 0x2DB0, 0x2DD2, 0x35D3, 0x35F4, 0x35F5, 0x3DF6, 0x3DF7, 0x3DD8, 0x3DB8, 0x45B8, 0x4D98, 0x4D99, 0x5599,
    0x1400, 0x1C20, 0x1C40, 0x1C60, 0x1480, 0x1CA1, 0x1CA2, 0x1CC3, 0x1CC4, 0x1CC4, 0x1CC5, 0x1CC6, 0x1CE7, 0x1CE8, 0x1CEA, 0x1D0B,
    0x252C, 0x254D, 0x2D6F, 0x2D90, 0x35B1, 0x35D2, 0x3DF4, 0x3E15, 0x3E16, 0x3E17, 0x4617, 0x45F8, 0x45D8, 0x4DD9, 0x55B9, 0x5DB9,
    0x1C20, 0x1C40, 0x1C60, 0x1C80, 0x1CA1, 0x1CC2, 0x24C2, 0x24E4, 0x24E4, 0x1CE5, 0x1CE6, 0x1CE7, 0x1CE8, 0x1CE9, 0x1D0A, 0x250B,
    0x252C, 0x254E, 0x2D6F, 0x3590, 0x35D1, 0x3DD2, 0x3DF3, 0x4614, 0x4615, 0x4636, 0x4637, 0x4638, 0x4E18, 0x4DF9, 0x55F9, 0x5DD9,
    0x1C40, 0x1C60, 0x1C80, 0x24A1, 0x24C1, 0x24E2, 0x24E3, 0x24E4, 0x2505, 0x24E6, 0x24E7, 0x24E8, 0x24E8, 0x24E9, 0x250A, 0x250B,
    0x252D, 0x2D4E, 0x2D6F, 0x35B0, 0x3DD1, 0x3DF2, 0x4613, 0x4614, 0x4635, 0x4E36, 0x4E37, 0x4E58, 0x4E38, 0x4E39, 0x5619, 0x5E19,
    0x2460, 0x2480, 0x24C0, 0x2CC1, 0x2CE2, 0x2D03, 0x2D04, 0x2D05, 0x2D06, 0x2D07, 0x2D08, 0x2508, 0x2509, 0x250A, 0x250B, 0x2D2C,
    0x2D4D, 0x2D4E, 0x358F, 0x3DB0, 0x3DD1, 0x45F2, 0x4613, 0x4E34, 0x4E35, 0x4E56, 0x5657, 0x5657, 0x5658, 0x5659, 0x5E59, 0x5E3A,
    0x2480, 0x2CA0, 0x34E1, 0x34E2, 0x3503, 0x3504, 0x3525, 0x3526, 0x3506, 0x2D07, 0x2D08, 0x2D09, 0x2D0A, 0x2D2B, 0x2D2B, 0x2D2C,
    0x354D, 0x356E, 0x3D8F, 0x3DB1, 0x45F1, 0x4DF2, 0x4E13, 0x5634, 0x5655, 0x5656, 0x5676, 0x5E77, 0x5E78, 0x5E79, 0x5E79, 0x5E7A,
    0x3020, 0x3020, 0x3021, 0x3021, 0x3022, 0x3023, 0x3023, 0x3024, 0x2825, 0x2826, 0x2826, 0x2827, 0x2828, 0x2829, 0x282A, 0x282B,
    0x282C, 0x282D, 0x302E, 0x302E, 0x302F, 0x3030, 0x3031, 0x3032, 0x3032, 0x3033, 0x3834, 0x3835, 0x3856, 0x3856, 0x3857, 0x4078,
    0x3040, 0x3840, 0x3820, 0x3821, 0x3821, 0x3822, 0x3023, 0x3024, 0x3025, 0x3026, 0x3027, 0x3028, 0x3029, 0x302A, 0x302B, 0x302C,
    0x302D, 0x302D, 0x302E, 0x302F, 0x3030, 0x3031, 0x3032, 0x3033, 0x3033, 0x3034, 0x3855, 0x3856, 0x3856, 0x3857, 0x3857, 0x3877,
    0x3060, 0x3840, 0x3820, 0x3820, 0x3821, 0x3822, 0x3823, 0x3824, 0x3825, 0x3826, 0x3827, 0x3828, 0x3029, 0x302A, 0x302C, 0x302D,
    0x302D, 0x302E, 0x302F, 0x3030, 0x3031, 0x3032, 0x3032, 0x3033, 0x3034, 0x3035, 0x3056, 0x3856, 0x3057, 0x3057, 0x3057, 0x3077,
    0x3880, 0x3860, 0x4060, 0x4040, 0x4021, 0x4021, 0x4022, 0x4023, 0x4025, 0x4026, 0x4027, 0x3829, 0x382A, 0x382B, 0x382C, 0x302D,
    0x302E, 0x302F, 0x3030, 0x3031, 0x3032, 0x3033, 0x3033, 0x3034, 0x3035, 0x3056, 0x3056, 0x3057, 0x3057, 0x2857, 0x2877, 0x2877,
    0x38A0, 0x3880, 0x4080, 0x4060, 0x4040, 0x4041, 0x4042, 0x4023, 0x4024, 0x4026, 0x4028, 0x4029, 0x402B, 0x402C, 0x382D, 0x382E,
    0x302F, 0x3030, 0x3031, 0x3032, 0x3033, 0x3033, 0x3034, 0x3035, 0x3056, 0x2856, 0x2857, 0x2857, 0x2857, 0x2877, 0x2077, 0x2096,
    0x38A0, 0x38A0, 0x40A0, 0x4080, 0x4860, 0x4861, 0x4841, 0x4843, 0x4844, 0x4846, 0x4848, 0x404A, 0x404B, 0x402D, 0x382E, 0x382F,
    0x3030, 0x3031, 0x3032, 0x2833, 0x2834, 0x2834, 0x2835, 0x2856, 0x2856, 0x2857, 0x2057, 0x2057, 0x2077, 0x2077, 0x2096, 0x20B6,
    0x38C0, 0x40C0, 0x40C0, 0x48C0, 0x48A0, 0x4880, 0x4861, 0x4862, 0x4863, 0x4865, 0x4868, 0x484A, 0x404B, 0x384D, 0x384E, 0x302F,
    0x3031, 0x3031, 0x2832, 0x2833, 0x2834, 0x2835, 0x2056, 0x2056, 0x2057, 0x2057, 0x2057, 0x2077, 0x1877, 0x1896, 0x18B6, 0x20D5,
    0x3900, 0x4100, 0x4900, 0x4900, 0x50E0, 0x50E0, 0x50C1, 0x48A2, 0x48A3, 0x4885, 0x4887, 0x4089, 0x408B, 0x386D, 0x304E, 0x284F,
    0x2850, 0x2852, 0x2053, 0x2054, 0x2055, 0x2056, 0x2056, 0x1857, 0x1857, 0x1877, 0x1877, 0x1896, 0x18B6, 0x18D5, 0x18F5, 0x2115,
    0x3920, 0x4120, 0x4940, 0x5140, 0x5140, 0x5120, 0x5101, 0x5101, 0x48E2, 0x48E4, 0x48C7, 0x40C9, 0x40AB, 0x308C, 0x288E, 0x206F,
    0x2070, 0x2051, 0x2053, 0x1854, 0x1855, 0x1856, 0x1856, 0x1057, 0x1077, 0x1076, 0x1096, 0x10B6, 0x18D5, 0x18F5, 0x1934, 0x2154,
    0x4140, 0x4960, 0x4980, 0x51A0, 0x59A0, 0x59A0, 0x5981, 0x5161, 0x5142, 0x4944, 0x4926, 0x4128, 0x390A, 0x30EC, 0x28CD, 0x20AE,
    0x188F, 0x1890, 0x1872, 0x1073, 0x1074, 0x1076, 0x1076, 0x1076, 0x1096, 0x1096, 0x10B5, 0x10D5, 0x10F5, 0x1934, 0x1974, 0x21B4,
    0x4180, 0x49A0, 0x51C0, 0x59E0, 0x6200, 0x6200, 0x6201, 0x59E2, 0x51C3, 0x51A4, 0x49A6, 0x4188, 0x396A, 0x294B, 0x210C, 0x18ED,
    0x18CE, 0x10AF, 0x10B1, 0x1092, 0x0894, 0x0895, 0x0896, 0x0896, 0x08B6, 0x08D5, 0x10F5, 0x1114, 0x1134, 0x1954, 0x21B4, 0x21F5,
    0x41A0, 0x51E0, 0x5A20, 0x5A40, 0x6280, 0x6280, 0x6281, 0x6262, 0x5A42, 0x5224, 0x4A06, 0x4208, 0x39EA, 0x29AB, 0x218C, 0x194C,
    0x112D, 0x110E, 0x10F0, 0x08D1, 0x08D2, 0x08B4, 0x08B5, 0x08B5, 0x08D5, 0x08F5, 0x1115, 0x1134, 0x1174, 0x19B4, 0x21F5, 0x2A55,
    0x49E0, 0x5220, 0x5A60, 0x62A0, 0x62C0, 0x62E0, 0x62E1, 0x62C1, 0x5AA2, 0x5284, 0x4265, 0x4267, 0x3249, 0x2A2A, 0x21EB, 0x19AC,
    0x118D, 0x116E, 0x114F, 0x0930, 0x0911, 0x08F3, 0x08F4, 0x08F5, 0x0915, 0x0935, 0x1154, 0x1174, 0x19B4, 0x19F5, 0x2255, 0x3296,
    0x5220, 0x5260, 0x5AA0, 0x5AC0, 0x6300, 0x5B00, 0x5B20, 0x5B01, 0x5302, 0x4AC3, 0x42A4, 0x3286, 0x2A88, 0x2A6A, 0x226B, 0x1A2C,
    0x120D, 0x11CE, 0x11AF, 0x0990, 0x0971, 0x0953, 0x0954, 0x0954, 0x0954, 0x0974, 0x1194, 0x11D4, 0x19F5, 0x2235, 0x2A96, 0x3AF7,
    0x5260, 0x52A0, 0x5AC0, 0x5B00, 0x5B20, 0x5340, 0x4B40, 0x4B41, 0x4B21, 0x4302, 0x3AE3, 0x2AA4, 0x22A6, 0x22A9, 0x22AB, 0x1A8C,
    0x1A6D, 0x124E, 0x122F, 0x0A10, 0x09F1, 0x09D3, 0x09B3, 0x09B4, 0x09B4, 0x09D4, 0x11F5, 0x1215, 0x1A55, 0x2296, 0x32F7, 0x3B38,
    0x52A0, 0x52C0, 0x5300, 0x5320, 0x4B20, 0x4340, 0x3B60, 0x3B60, 0x3B41, 0x3321, 0x2B02, 0x22E3, 0x1AC5, 0x1AE8, 0x22EA, 0x230C,
    0x1AEE, 0x1ACF, 0x12B0, 0x1291, 0x0A72, 0x0A53, 0x0A34, 0x0A34, 0x0A35, 0x1235, 0x1255, 0x1A75, 0x22B6, 0x2AF6, 0x3337, 0x4398,
    0x52C0, 0x5300, 0x4B20, 0x4B20, 0x4340, 0x3B60, 0x3360, 0x2B60, 0x2B60, 0x2B61, 0x2342, 0x1B03, 0x1B04, 0x1B07, 0x1B2A, 0x236C,
    0x236E, 0x1B4F, 0x1B30, 0x1311, 0x12F2, 0x12D3, 0x0AB4, 0x0AB5, 0x12B5, 0x12B5, 0x1AB5, 0x1AD6, 0x2316, 0x2B36, 0x3B97, 0x43D9,
    0x5300, 0x4B00, 0x4320, 0x3B40, 0x3340, 0x2B60, 0x2380, 0x2380, 0x1B80, 0x1B81, 0x1B61, 0x1342, 0x1324, 0x1346, 0x1B69, 0x1BAC,
    0x23CE, 0x23D0, 0x23D1, 0x1BB2, 0x1B73, 0x1354, 0x1334, 0x1315, 0x1315, 0x1315, 0x1B16, 0x2336, 0x2B56, 0x3397, 0x3BD8, 0x4C19,
    0x4B00, 0x4320, 0x3B40, 0x3340, 0x2B60, 0x2380, 0x1BA0, 0x1BA0, 0x13C0, 0x13A1, 0x13A1, 0x1382, 0x0B64, 0x1386, 0x13A8, 0x1BEB,
    0x242E, 0x2C50, 0x2C51, 0x2432, 0x2413, 0x1BF4, 0x1BB5, 0x1B95, 0x1B96, 0x1B76, 0x2376, 0x2396, 0x2BB7, 0x33D7, 0x4418, 0x4C59,
    0x4320, 0x3B40, 0x3340, 0x2B60, 0x2380, 0x1BA0, 0x1BC0, 0x13C0, 0x13E0, 0x13E1, 0x0BE1, 0x0BC2, 0x0BA4, 0x13C6, 0x13E8, 0x1C2B,
    0x246E, 0x2CB0, 0x2CD2, 0x2CD3, 0x2CB4, 0x2475, 0x2435, 0x1C16, 0x23F6, 0x23D6, 0x23D6, 0x2BD6, 0x33F7, 0x3C17, 0x4458, 0x4C79,
    0x3B20, 0x3340, 0x2B60, 0x2380, 0x1BA0, 0x1BC0, 0x13E0, 0x1400, 0x1400, 0x0C01, 0x0C01, 0x0C02, 0x0BE3, 0x0C05, 0x1428, 0x1C6B,
    0x24AD, 0x2CF0, 0x2D12, 0x3533, 0x2D14, 0x2CF5, 0x24B6, 0x2496, 0x2456, 0x2436, 0x2C36, 0x2C37, 0x3437, 0x3C57, 0x4478, 0x5499,
    0x3340, 0x2B60, 0x2380, 0x1BA0, 0x1BC0, 0x1BE0, 0x1400, 0x1420, 0x0C40, 0x0C41, 0x0C41, 0x0C22, 0x0C24, 0x0C45, 0x1468, 0x14AA,
    0x1CED, 0x252F, 0x2D51, 0x2D73, 0x2D74, 0x2D76, 0x2D36, 0x2CF7, 0x2CB7, 0x2C97, 0x2C77, 0x3477, 0x3C77, 0x4497, 0x4CB8, 0x54D9,
    0x2360, 0x2380, 0x1BA0, 0x1BC0, 0x1BE0, 0x1400, 0x1420, 0x1440, 0x1461, 0x0C61, 0x0C62, 0x0C63, 0x0C64, 0x0C86, 0x14A8, 0x14CA,
    0x1D0C, 0x254F, 0x2D71, 0x2D92, 0x2DB4, 0x35B5, 0x2D96, 0x2D57, 0x2D37, 0x34F7, 0x34D7, 0x34B7, 0x3CB7, 0x44B8, 0x4CD8, 0x54F9,
    0x1B80, 0x1BA0, 0x1BA0, 0x1BE0, 0x1C00, 0x1C20, 0x1440, 0x1460, 0x1481, 0x1481, 0x0C82, 0x0C83, 0x0C84, 0x0CA6, 0x14C8, 0x14EA,
    0x1D2C, 0x254E, 0x2590, 0x2DB2, 0x2DD3, 0x2DD5, 0x35D6, 0x35B7, 0x3597, 0x3557, 0x3D37, 0x3D17, 0x44F8, 0x44F8, 0x4D18, 0x5519,
    0x1BA0, 0x1BC0, 0x1BE0, 0x1C00, 0x1C20, 0x1C40, 0x1C60, 0x1481, 0x1481, 0x14A2, 0x14A3, 0x14A4, 0x14A5, 0x14C6, 0x14E8, 0x150A,
    0x1D2C, 0x254E, 0x2590, 0x2DB1, 0x2DD3, 0x35D4, 0x35F5, 0x35F7, 0x35B7, 0x3D97, 0x3D78, 0x4558, 0x4558, 0x4D38, 0x5539, 0x5D59,
    0x1BC0, 0x1BE0, 0x1C00, 0x1C20, 0x1C40, 0x1C60, 0x1C80, 0x1CA1, 0x1CA2, 0x1CA3, 0x14C4, 0x14C4, 0x14C6, 0x14C7, 0x14E8, 0x1D0A,
    0x1D2C, 0x254D, 0x256F, 0x2DB1, 0x35D2, 0x35F3, 0x35F5, 0x3DF6, 0x3DF7, 0x3DF8, 0x3DB8, 0x4598, 0x4D78, 0x4D79, 0x5579, 0x5D79,
    0x1BE0, 0x1C00, 0x1C20, 0x1C40, 0x1C60, 0x1C80, 0x1CA1, 0x1CC2, 0x1CC2, 0x1CC3, 0x1CC4, 0x1CC5, 0x1CC6, 0x1CE8, 0x1CE9, 0x1D0A,
    0x1D2C, 0x254D, 0x2D6F, 0x2DB0, 0x35D2, 0x35F3, 0x3DF4, 0x3E15, 0x3E16, 0x4617, 0x45F8, 0x45D8, 0x4DB9, 0x55B9, 0x55B9, 0x5D99,
    0x1C00, 0x2420, 0x2440, 0x2460, 0x2480, 0x24A1, 0x24C1, 0x24C2, 0x24E3, 0x24E4, 0x24E5, 0x1CE6, 0x1CE7, 0x1CE8, 0x1CE9, 0x250B,
    0x252C, 0x254D, 0x2D6F, 0x3590, 0x35D1, 0x3DF3, 0x3DF4, 0x4615, 0x4636, 0x4637, 0x4638, 0x4619, 0x4DF9, 0x55D9, 0x5DD9, 0x65DA,
    0x2420, 0x2440, 0x2460, 0x2480, 0x2CC1, 0x2CC1, 0x2CE2, 0x2CE3, 0x2CE4, 0x24E5, 0x24E6, 0x24E7, 0x24E8, 0x2509, 0x250A, 0x250B,
    0x252C, 0x2D4D, 0x2D6F, 0x35B0, 0x3DD1, 0x3DF2, 0x4614, 0x4635, 0x4E36, 0x4E37, 0x4E57, 0x4E38, 0x5639, 0x5619, 0x5E19, 0x65FA,
    0x2C40, 0x2C60, 0x2CA0, 0x2CC0, 0x34E1, 0x34E2, 0x3503, 0x3504, 0x3505, 0x2D06, 0x2D07, 0x2D08, 0x2508, 0x2509, 0x250A, 0x2D2B,
    0x2D2C, 0x2D4E, 0x356F, 0x3DB0, 0x3DD1, 0x45F2, 0x4613, 0x4E34, 0x4E55, 0x5656, 0x5657, 0x5678, 0x5659, 0x5659, 0x5E3A, 0x661A,
    0x2C60, 0x34A0, 0x34C0, 0x3CE1, 0x3D02, 0x3D02, 0x3D23, 0x3D24, 0x3505, 0x3506, 0x3507, 0x2D08, 0x2D09, 0x2D2A, 0x2D2B, 0x2D2C,
    0x354D, 0x356E, 0x3D8F, 0x3DB0, 0x45F1, 0x4E12, 0x4E33, 0x5634, 0x5655, 0x5E76, 0x5E77, 0x5E78, 0x5E78, 0x5E79, 0x667A, 0x665A,
    0x34A0, 0x3CC0, 0x3CE1, 0x4501, 0x4522, 0x4523, 0x4524, 0x3D24, 0x3D25, 0x3D26, 0x3527, 0x3528, 0x3529, 0x352A, 0x354B, 0x354C,
    0x356D, 0x3D8F, 0x3DB0, 0x45D1, 0x4DF2, 0x4E13, 0x5634, 0x5E55, 0x5E75, 0x5E76, 0x6677, 0x6697, 0x6698, 0x6699, 0x6699, 0x669A,
    0x3820, 0x3820, 0x3821, 0x3821, 0x3822, 0x3822, 0x3023, 0x3024, 0x3025, 0x3025, 0x3026, 0x3027, 0x3028, 0x3028, 0x3029, 0x302B,
    0x302C, 0x302D, 0x302D, 0x382E, 0x382F, 0x3830, 0x3831, 0x3832, 0x3832, 0x4033, 0x4034, 0x4055, 0x4055, 0x4056, 0x4876, 0x4877,
    0x3840, 0x3840, 0x3820, 0x3821, 0x3821, 0x3822, 0x3823, 0x3824, 0x3824, 0x3825, 0x3826, 0x3827, 0x3828, 0x3829, 0x382A, 0x382B,
    0x382C, 0x382D, 0x382E, 0x382F, 0x3830, 0x3831, 0x3831, 0x3832, 0x3833, 0x4034, 0x4055, 0x4055, 0x4056, 0x4076, 0x4077, 0x4077,
    0x3860, 0x4040, 0x4020, 0x4020, 0x4021, 0x4022, 0x4022, 0x4023, 0x4024, 0x4025, 0x4027, 0x4028, 0x4029, 0x382A, 0x382B, 0x382C,
    0x382D, 0x382E, 0x382F, 0x3830, 0x3831, 0x3831, 0x3832, 0x3833, 0x4034, 0x4055, 0x4055, 0x4056, 0x4076, 0x4077, 0x3877, 0x3877,
    0x3880, 0x4060, 0x4060, 0x4040, 0x4820, 0x4021, 0x4022, 0x4023, 0x4024, 0x4025, 0x4027, 0x4828, 0x482A, 0x402B, 0x402C, 0x402D,
    0x402E, 0x402F, 0x3830, 0x3831, 0x3831, 0x3832, 0x3833, 0x3834, 0x3855, 0x3855, 0x3856, 0x3856, 0x3877, 0x3877, 0x3877, 0x3077,
    0x38A0, 0x4080, 0x4080, 0x4860, 0x4840, 0x4841, 0x4821, 0x4823, 0x4824, 0x4825, 0x4827, 0x5029, 0x502A, 0x482C, 0x482D, 0x402E,
    0x402F, 0x4030, 0x4031, 0x3831, 0x3832, 0x3833, 0x3834, 0x3855, 0x3855, 0x3856, 0x3857, 0x3857, 0x3077, 0x3077, 0x3077, 0x2896,
    0x40C0, 0x40A0, 0x48A0, 0x4880, 0x4860, 0x4860, 0x4841, 0x4842, 0x5043, 0x5045, 0x5047, 0x5049, 0x504B, 0x502C, 0x482E, 0x482F,
    0x4030, 0x4031, 0x3831, 0x3832, 0x3833, 0x3834, 0x3855, 0x3856, 0x3056, 0x3057, 0x3057, 0x3057, 0x2877, 0x2877, 0x2896, 0x28B6,
    0x40E0, 0x40C0, 0x48C0, 0x48C0, 0x50A0, 0x5080, 0x5061, 0x5062, 0x5043, 0x5045, 0x5047, 0x5049, 0x504B, 0x504D, 0x484E, 0x402F,
    0x4030, 0x4031, 0x3832, 0x3833, 0x3834, 0x3055, 0x3056, 0x3056, 0x3057, 0x2857, 0x2857, 0x2877, 0x2877, 0x2096, 0x20B6, 0x20D6,
    0x4100, 0x4100, 0x4900, 0x50E0, 0x50E0, 0x50C0, 0x50A1, 0x5081, 0x5082, 0x5084, 0x5086, 0x5088, 0x506B, 0x486C, 0x404E, 0x404F,
    0x3850, 0x3851, 0x3033, 0x3034, 0x3055, 0x2856, 0x2856, 0x2857, 0x2857, 0x2057, 0x2077, 0x2077, 0x2096, 0x20B6, 0x20F5, 0x2115,
    0x4120, 0x4920, 0x5120, 0x5120, 0x5920, 0x5900, 0x5900, 0x58E1, 0x50C2, 0x50C4, 0x50A6, 0x50A8, 0x50AA, 0x488C, 0x408E, 0x386F,
    0x3050, 0x3051, 0x2853, 0x2854, 0x2855, 0x2056, 0x2057, 0x2057, 0x2077, 0x2077, 0x1896, 0x1896, 0x18B6, 0x20F5, 0x2115, 0x2155,
    0x4140, 0x4960, 0x5180, 0x5980, 0x5980, 0x6160, 0x6160, 0x5941, 0x5922, 0x5923, 0x5105, 0x5108, 0x510A, 0x40EC, 0x38CD, 0x30AE,
    0x2890, 0x2071, 0x2072, 0x2073, 0x2075, 0x1876, 0x1876, 0x1876, 0x1876, 0x1896, 0x18B6, 0x18D5, 0x18F5, 0x1915, 0x2155, 0x29B5,
    0x4980, 0x51A0, 0x59C0, 0x59E0, 0x61E0, 0x61E0, 0x69E1, 0x61C1, 0x61A2, 0x5983, 0x5985, 0x5187, 0x516A, 0x414B, 0x310D, 0x28EE,
    0x20CF, 0x20B0, 0x1891, 0x1892, 0x1894, 0x1075, 0x1096, 0x1096, 0x1096, 0x10B5, 0x10D5, 0x18F5, 0x1934, 0x1954, 0x21B5, 0x29F5,
    0x49C0, 0x51E0, 0x5A00, 0x6240, 0x6A60, 0x6A60, 0x7261, 0x6A41, 0x6A42, 0x6224, 0x5A05, 0x5207, 0x49E9, 0x41AB, 0x318C, 0x294D,
    0x210E, 0x18EF, 0x18D0, 0x10D1, 0x10B2, 0x10B4, 0x10B5, 0x10B5, 0x10D5, 0x10D5, 0x1115, 0x1134, 0x1974, 0x21B4, 0x29F5, 0x3256,
    0x51E0, 0x5A20, 0x6260, 0x6AA0, 0x6AC0, 0x72C1, 0x72E1, 0x72C1, 0x6AA2, 0x62A4, 0x5A85, 0x5267, 0x4A49, 0x3A2A, 0x31EB, 0x29AC,
    0x218D, 0x194E, 0x112F, 0x1110, 0x10F1, 0x08F3, 0x08D4, 0x08D5, 0x08F5, 0x1115, 0x1134, 0x1174, 0x19B4, 0x21F5, 0x2A56, 0x3AB7,
    0x5220, 0x5A60, 0x62A0, 0x6AC0, 0x6B00, 0x6B20, 0x6B41, 0x6B21, 0x6B22, 0x6303, 0x5AC4, 0x4AA6, 0x4288, 0x3A8A, 0x326B, 0x2A2C,
    0x21ED, 0x19CE, 0x11AF, 0x1170, 0x1151, 0x0932, 0x0933, 0x0934, 0x0934, 0x1154, 0x1194, 0x19B4, 0x1A15, 0x2255, 0x32B6, 0x4317,
    0x5A60, 0x5AA0, 0x62E0, 0x6300, 0x6B40, 0x6360, 0x6360, 0x6361, 0x6361, 0x5B42, 0x5303, 0x42E4, 0x3AC6, 0x32C9, 0x32CB, 0x2A8C,
    0x226D, 0x1A2E, 0x120F, 0x11F0, 0x11D1, 0x09B2, 0x0993, 0x0994, 0x0994, 0x11B4, 0x11D5, 0x1A15, 0x2255, 0x2AB6, 0x3AF7, 0x4B58,
    0x5AA0, 0x5AE0, 0x6300, 0x5B20, 0x5B40, 0x5B60, 0x5380, 0x5380, 0x5381, 0x4B61, 0x4342, 0x3B03, 0x32E5, 0x2AE8, 0x2AEA, 0x2AEC,
    0x22ED, 0x1AAE, 0x1A8F, 0x1270, 0x1251, 0x1232, 0x0A13, 0x0A14, 0x1214, 0x1235, 0x1A55, 0x1A75, 0x22B6, 0x32F6, 0x3B58, 0x4BB9,
    0x5AE0, 0x5B00, 0x5B20, 0x5340, 0x5360, 0x4B80, 0x4380, 0x4380, 0x4381, 0x3B81, 0x3B62, 0x2B22, 0x2304, 0x2306, 0x2329, 0x2B4C,
    0x234E, 0x232F, 0x2310, 0x1AF1, 0x12D2, 0x12B3, 0x1293, 0x1294, 0x1295, 0x1295, 0x1AB5, 0x22D6, 0x2B16, 0x3357, 0x43B8, 0x53F9,
    0x5B00, 0x5320, 0x5340, 0x4B60, 0x4360, 0x3B80, 0x3380, 0x33A0, 0x2BA0, 0x2BA1, 0x2B81, 0x2362, 0x1B43, 0x1B45, 0x2368, 0x238B,
    0x23AD, 0x2BCF, 0x2BB0, 0x2371, 0x1B52, 0x1B33, 0x1314, 0x1315, 0x1AF5, 0x1B15, 0x2316, 0x2336, 0x3377, 0x3BB7, 0x4BF8, 0x5439,
    0x5320, 0x4B40, 0x4B40, 0x4360, 0x3B80, 0x3380, 0x2BA0, 0x23C0, 0x23C0, 0x23C1, 0x23C1, 0x1B82, 0x1B63, 0x1B65, 0x1B87, 0x23CA,
    0x240D, 0x2C2F, 0x2C31, 0x2C12, 0x23F3, 0x23D4, 0x1BB4, 0x1B95, 0x1B76, 0x2376, 0x2396, 0x2B96, 0x33D7, 0x3BF8, 0x4C39, 0x5C79,
    0x4B40, 0x4340, 0x3B60, 0x3380, 0x2B80, 0x2BA0, 0x23C0, 0x23E0, 0x1BE0, 0x1BE1, 0x1BE1, 0x13C2, 0x13A3, 0x13A5, 0x1BC7, 0x1C0A,
    0x244D, 0x2C8F, 0x34B1, 0x34B3, 0x3494, 0x2C54, 0x2435, 0x2416, 0x23F6, 0x23D6, 0x2BD6, 0x33F7, 0x3C17, 0x4438, 0x4C79, 0x5C99,
    0x4340, 0x3B60, 0x3360, 0x2B80, 0x23A0, 0x23C0, 0x23E0, 0x1C00, 0x1C20, 0x1C21, 0x1421, 0x1402, 0x13E3, 0x13E5, 0x1407, 0x1C4A,
    0x248C, 0x2CCF, 0x34F1, 0x3513, 0x3514, 0x34D5, 0x2CB6, 0x2C76, 0x2C56, 0x2C36, 0x3437, 0x3437, 0x3C57, 0x4478, 0x5499, 0x5CB9,
    0x3B40, 0x3360, 0x2B80, 0x23A0, 0x23C0, 0x23E0, 0x2400, 0x1C20, 0x1C40, 0x1C41, 0x1441, 0x1442, 0x1423, 0x1425, 0x1447, 0x1C69,
    0x1CAC, 0x24EE, 0x2D31, 0x3553, 0x3574, 0x3556, 0x3536, 0x2CF7, 0x2CB7, 0x3497, 0x3497, 0x3C77, 0x4498, 0x4CB8, 0x54D9, 0x5CF9,
    0x3360, 0x2B80, 0x23A0, 0x23C0, 0x23E0, 0x2400, 0x2420, 0x1C40, 0x1C60, 0x1C61, 0x1482, 0x1462, 0x1463, 0x1465, 0x1487, 0x1CA9,
    0x1CEB, 0x250E, 0x2D50, 0x3592, 0x3594, 0x35B5, 0x3596, 0x3557, 0x3537, 0x34F7, 0x3CD7, 0x3CD7, 0x44D8, 0x4CD8, 0x54F9, 0x5D19,
    0x2380, 0x23A0, 0x23C0, 0x23E0, 0x2400, 0x2420, 0x2440, 0x1C60, 0x1C81, 0x1C81, 0x1CA2, 0x1483, 0x1484, 0x14A5, 0x14A7, 0x14C9,
    0x1D0B, 0x252D, 0x256F, 0x2D91, 0x35B3, 0x35D5, 0x35D6, 0x35B7, 0x3D97, 0x3D57, 0x3D38, 0x4518, 0x4D18, 0x4D18, 0x5539, 0x6539,
    0x23A0, 0x23C0, 0x23E0, 0x2400, 0x2420, 0x2440, 0x2460, 0x2481, 0x24A1, 0x1CA2, 0x1CC3, 0x1CA3, 0x14A4, 0x14C6, 0x14C8, 0x1CE9,
    0x1D0B, 0x254D, 0x256F, 0x2DB1, 0x35D3, 0x35F4, 0x3DF6, 0x3DF7, 0x3DD7, 0x3DB8, 0x4578, 0x4558, 0x4D58, 0x5559, 0x5D59, 0x6579,
    0x23C0, 0x23E0, 0x2400, 0x2420, 0x2440, 0x2460, 0x24A0, 0x24A1, 0x24C1, 0x24C2, 0x24C3, 0x1CC4, 0x1CC5, 0x1CE7, 0x1CE8, 0x1CEA,
    0x1D0B, 0x254D, 0x256F, 0x2DB0, 0x35D2, 0x3DF3, 0x3DF5, 0x3E16, 0x3E17, 0x45F8, 0x45D8, 0x4DB8, 0x4D99, 0x5599, 0x5D99, 0x659A,
    0x23E0, 0x2400, 0x2C20, 0x2C40, 0x2C80, 0x2CA0, 0x2CC1, 0x2CC1, 0x2CE2, 0x2CE3, 0x24E4, 0x24E5, 0x1CE6, 0x1CE7, 0x1CE9, 0x1D0A,
    0x250B, 0x254D, 0x2D6F, 0x35B0, 0x35D2, 0x3DF3, 0x4614, 0x4616, 0x4637, 0x4638, 0x4E18, 0x4DF9, 0x55D9, 0x5DD9, 0x65B9, 0x6DBA,
    0x2400, 0x2C20, 0x2C60, 0x2C80, 0x34A0, 0x34C1, 0x34E1, 0x34E2, 0x3503, 0x2D04, 0x2D05, 0x24E6, 0x24E7, 0x24E8, 0x2509, 0x250A,
    0x252C, 0x2D4D, 0x2D6E, 0x3590, 0x3DD1, 0x45F3, 0x4614, 0x4635, 0x4E36, 0x4E57, 0x4E38, 0x4E39, 0x5619, 0x5DF9, 0x65FA, 0x6DFA,
    0x2C20, 0x3460, 0x3480, 0x34A0, 0x3CC0, 0x3CE1, 0x3D02, 0x3D02, 0x3503, 0x3504, 0x3505, 0x2D06, 0x2D07, 0x2508, 0x250A, 0x250B,
    0x2D2C, 0x2D4D, 0x356F, 0x3DB0, 0x3DD1, 0x45F3, 0x4E14, 0x4E35, 0x5656, 0x5657, 0x5658, 0x5659, 0x5659, 0x5E3A, 0x663A, 0x6E1A,
    0x3440, 0x3480, 0x3CA0, 0x3CC0, 0x4501, 0x4501, 0x4522, 0x4523, 0x3D24, 0x3D25, 0x3526, 0x3507, 0x2D08, 0x2D09, 0x2D2A, 0x2D2B,
    0x2D4C, 0x354D, 0x358F, 0x3DB0, 0x45D1, 0x4E12, 0x4E34, 0x5655, 0x5656, 0x5E76, 0x5E77, 0x5E78, 0x5E79, 0x5E7A, 0x665A, 0x6E3A,
    0x3C80, 0x3CA0, 0x44E0, 0x4501, 0x4D21, 0x4D22, 0x4D43, 0x4523, 0x4524, 0x3D25, 0x3D26, 0x3527, 0x3528, 0x3529, 0x354B, 0x354C,
    0x354D, 0x3D6E, 0x3DAF, 0x45D1, 0x4DF2, 0x5613, 0x5634, 0x5E55, 0x5E76, 0x6676, 0x6697, 0x6698, 0x6699, 0x6699, 0x6E7A, 0x6E7A,
    0x44A0, 0x44E0, 0x4D01, 0x5521, 0x5542, 0x5543, 0x5543, 0x4D44, 0x4524, 0x4525, 0x4526, 0x3D27, 0x3D29, 0x3D4A, 0x3D4B, 0x3D6C,
    0x3D8E, 0x45AF, 0x45D0, 0x4DF1, 0x5612, 0x5633, 0x5E54, 0x6675, 0x6676, 0x6E96, 0x6E97, 0x6EB8, 0x6EB8, 0x6EB9, 0x6EBA, 0x6E9A,
    0x3820, 0x3820, 0x3821, 0x3821, 0x3822, 0x3822, 0x3823, 0x3824, 0x3824, 0x3825, 0x3826, 0x3827, 0x3827, 0x3828, 0x3829, 0x382A,
    0x382B, 0x382C, 0x402D, 0x402E, 0x402F, 0x4030, 0x4031, 0x4031, 0x4032, 0x4833, 0x4854, 0x4854, 0x4855, 0x5075, 0x5076, 0x5097,
    0x4040, 0x4040, 0x4020, 0x4021, 0x4021, 0x4022, 0x4023, 0x4023, 0x4024, 0x4025, 0x4026, 0x4027, 0x4028, 0x4029, 0x402A, 0x402B,
    0x402C, 0x402D, 0x402E, 0x402F, 0x4030, 0x4031, 0x4031, 0x4032, 0x4833, 0x4854, 0x4854, 0x4855, 0x4875, 0x5076, 0x4876, 0x4897,
    0x4060, 0x4040, 0x4820, 0x4820, 0x4821, 0x4021, 0x4022, 0x4023, 0x4024, 0x4025, 0x4026, 0x4027, 0x4829, 0x482A, 0x482B, 0x482C,
    0x482D, 0x402E, 0x402F, 0x4030, 0x4031, 0x4831, 0x4832, 0x4833, 0x4854, 0x4854, 0x4855, 0x4875, 0x4876, 0x4877, 0x4876, 0x4096,
    0x4080, 0x4060, 0x4860, 0x4840, 0x4820, 0x4821, 0x4822, 0x4823, 0x4824, 0x4825, 0x4826, 0x5028, 0x5029, 0x502B, 0x502C, 0x482D,
    0x482E, 0x482F, 0x4830, 0x4831, 0x4831, 0x4832, 0x4833, 0x4854, 0x4854, 0x4855, 0x4856, 0x4876, 0x4876, 0x4077, 0x4096, 0x4096,
    0x40A0, 0x4080, 0x4880, 0x4860, 0x5040, 0x5041, 0x5021, 0x5022, 0x5023, 0x5025, 0x5026, 0x5828, 0x582A, 0x582B, 0x582D, 0x502E,
    0x502F, 0x5030, 0x4830, 0x4831, 0x4832, 0x4833, 0x4854, 0x4854, 0x4855, 0x4856, 0x4876, 0x4076, 0x4077, 0x4077, 0x3896, 0x3896,
    0x40C0, 0x48A0, 0x48A0, 0x5080, 0x5060, 0x5040, 0x5041, 0x5042, 0x5043, 0x5844, 0x5846, 0x5848, 0x582A, 0x602C, 0x582D, 0x582E,
    0x502F, 0x5030, 0x4831, 0x4832, 0x4833, 0x4854, 0x4854, 0x4055, 0x4056, 0x4076, 0x4076, 0x4077, 0x3877, 0x3897, 0x3096, 0x30B6,
    0x40E0, 0x48C0, 0x50C0, 0x50A0, 0x50A0, 0x5860, 0x5860, 0x5841, 0x5842, 0x5844, 0x5846, 0x6048, 0x604A, 0x604C, 0x604E, 0x584F,
    0x5030, 0x5031, 0x4832, 0x4833, 0x4854, 0x4054, 0x4055, 0x4056, 0x4076, 0x3876, 0x3877, 0x3877, 0x3097, 0x3096, 0x30B6, 0x30D6,
    0x4100, 0x4900, 0x5100, 0x50E0, 0x58C0, 0x58A0, 0x58A0, 0x5881, 0x5862, 0x5863, 0x5865, 0x6068, 0x606A, 0x606C, 0x586D, 0x504F,
    0x5050, 0x4851, 0x4852, 0x4053, 0x4054, 0x4055, 0x3856, 0x3856, 0x3876, 0x3077, 0x3077, 0x3096, 0x2896, 0x28B6, 0x28D6, 0x3116,
    0x4920, 0x4920, 0x5120, 0x5920, 0x5900, 0x6100, 0x60E0, 0x58C1, 0x58A1, 0x58A3, 0x5885, 0x6087, 0x5889, 0x588B, 0x588D, 0x506F,
    0x4870, 0x4051, 0x4052, 0x4054, 0x3855, 0x3856, 0x3856, 0x3077, 0x3077, 0x2877, 0x2897, 0x2896, 0x28B6, 0x28D5, 0x2915, 0x3156,
    0x4940, 0x5160, 0x5960, 0x5960, 0x6160, 0x6140, 0x6140, 0x6121, 0x6101, 0x60E3, 0x60E4, 0x60E7, 0x58E9, 0x58EB, 0x50CD, 0x48AE,
    0x4090, 0x3871, 0x3072, 0x3073, 0x3054, 0x2856, 0x2876, 0x2877, 0x2077, 0x2096, 0x2096, 0x20B6, 0x20F5, 0x2115, 0x2955, 0x3196,
    0x4980, 0x51A0, 0x59A0, 0x61C0, 0x69C0, 0x69C0, 0x69A0, 0x6981, 0x6981, 0x6162, 0x6144, 0x6146, 0x5948, 0x592B, 0x512D, 0x40EE,
    0x38CF, 0x30B0, 0x2891, 0x2873, 0x2074, 0x2075, 0x2076, 0x2076, 0x1896, 0x1896, 0x18D6, 0x18F5, 0x2115, 0x2155, 0x29B5, 0x31F6,
    0x51C0, 0x59E0, 0x6200, 0x6A20, 0x6A20, 0x7240, 0x7241, 0x7221, 0x6A02, 0x69E3, 0x69C4, 0x61C6, 0x59A8, 0x59AB, 0x498C, 0x414E,
    0x310F, 0x28EF, 0x20D0, 0x20B1, 0x18B3, 0x1894, 0x1895, 0x1895, 0x18B5, 0x18D5, 0x18F5, 0x1935, 0x2175, 0x21B5, 0x3216, 0x3A56,
    0x51E0, 0x5A20, 0x6240, 0x6A80, 0x72A0, 0x72A0, 0x7AA1, 0x7AA1, 0x7282, 0x7283, 0x6A64, 0x6246, 0x6228, 0x5A2A, 0x4A0C, 0x39CD,
    0x318E, 0x214F, 0x2110, 0x18F1, 0x18F2, 0x10D3, 0x10D4, 0x10D5, 0x10F5, 0x1114, 0x1934, 0x1974, 0x21B5, 0x29F5, 0x3256, 0x42B7,
    0x5A20, 0x6260, 0x6AA0, 0x72C0, 0x7300, 0x7B21, 0x7B21, 0x7B21, 0x7B22, 0x7303, 0x6AE4, 0x6AC6, 0x62A8, 0x52AA, 0x4A8C, 0x3A4D,
    0x320D, 0x21CE, 0x198F, 0x1970, 0x1151, 0x1132, 0x1113, 0x1114, 0x1134, 0x1134, 0x1974, 0x19B4, 0x21F5, 0x2A56, 0x3AB7, 0x4B38,
    0x5A60, 0x62A0, 0x6AE0, 0x7300, 0x7340, 0x7361, 0x7B81, 0x7381, 0x7382, 0x7363, 0x6B44, 0x6325, 0x5B07, 0x5309, 0x42EB, 0x3AAC,
    0x326D, 0x222E, 0x1A0F, 0x19CF, 0x11B0, 0x1191, 0x1172, 0x1173, 0x1174, 0x1194, 0x19D5, 0x1A15, 0x2256, 0x32B6, 0x4317, 0x5379,
    0x62A0, 0x62E0, 0x6B00, 0x6B40, 0x6B60, 0x6B80, 0x6BA0, 0x6BA1, 0x6BA1, 0x6BA2, 0x6383, 0x5B64, 0x5325, 0x4328, 0x430A, 0x3B0C,
    0x32ED, 0x2AAE, 0x228F, 0x1A50, 0x1A31, 0x1212, 0x11F3, 0x11F4, 0x11F4, 0x1215, 0x1A35, 0x2275, 0x2AB6, 0x3B17, 0x4B78, 0x5BD9,
    0x62E0, 0x6300, 0x6340, 0x6360, 0x6380, 0x5BA0, 0x5BC0, 0x5BC0, 0x5BC1, 0x5BC1, 0x53A2, 0x4B83, 0x4364, 0x3B46, 0x3328, 0x334B,
    0x334D, 0x2B2E, 0x230F, 0x22D0, 0x1AB1, 0x1A92, 0x1273, 0x1274, 0x1A74, 0x1A75, 0x22B5, 0x2AD6, 0x3337, 0x4378, 0x4BB9, 0x5C1A,
    0x6300, 0x6340, 0x5B60, 0x5B80, 0x53A0, 0x53A0, 0x4BC0, 0x4BC0, 0x43C0, 0x43C1, 0x43C1, 0x3BA2, 0x3B83, 0x2B65, 0x2B67, 0x2B8A,
    0x33AD, 0x33AF, 0x2B90, 0x2371, 0x2332, 0x1B12, 0x1B13, 0x1AF4, 0x1AF5, 0x1AF5, 0x2316, 0x2B57, 0x3B97, 0x43B8, 0x5419, 0x645A,
    0x5B40, 0x5B60, 0x5360, 0x5380, 0x4BA0, 0x43C0, 0x43C0, 0x3BE0, 0x3BE0, 0x3BE1, 0x3BE1, 0x33C2, 0x2BA3, 0x2384, 0x2386, 0x2BAA,
    0x2BEC, 0x340F, 0x3410, 0x33F1, 0x2BD2, 0x23B3, 0x2394, 0x2375, 0x2375, 0x2376, 0x2B96, 0x33B7, 0x3BD8, 0x4C18, 0x5459, 0x649A,
    0x5340, 0x5360, 0x4B80, 0x4380, 0x43A0, 0x3BC0, 0x33E0, 0x33E0, 0x3400, 0x2C00, 0x2C01, 0x2BE1, 0x23C2, 0x1BA4, 0x1BA6, 0x23E9,
    0x2C2C, 0x346E, 0x3C91, 0x3C92, 0x3473, 0x3454, 0x2C15, 0x23F5, 0x2BF6, 0x2BD6, 0x33F7, 0x3C17, 0x4438, 0x4C59, 0x5C99, 0x64BA,
    0x4B60, 0x4360, 0x4380, 0x3BA0, 0x3BC0, 0x33E0, 0x3400, 0x2C00, 0x2C20, 0x2C20, 0x2421, 0x2421, 0x1C02, 0x1BE4, 0x1BE6, 0x1C09,
    0x244B, 0x2C8E, 0x34D0, 0x3CF2, 0x3CF4, 0x3CD5, 0x34B5, 0x2C76, 0x2C56, 0x3437, 0x3457, 0x3C57, 0x4478, 0x4C99, 0x5CB9, 0x64DA,
    0x4360, 0x3B80, 0x3BA0, 0x33C0, 0x33E0, 0x3400, 0x3420, 0x2C40, 0x2C40, 0x2C60, 0x2461, 0x2442, 0x1C43, 0x1C24, 0x1C26, 0x1C48,
    0x248B, 0x2CCE, 0x3510, 0x3D52, 0x3D54, 0x3D55, 0x3D36, 0x34F6, 0x34D7, 0x3497, 0x3C97, 0x4498, 0x4CB8, 0x54B9, 0x5CF9, 0x6D1A,
    0x3B80, 0x3B80, 0x33A0, 0x33C0, 0x3400, 0x3420, 0x3440, 0x2C60, 0x2C80, 0x2C81, 0x2481, 0x2482, 0x1C63, 0x1C64, 0x1C66, 0x1C88,
    0x24AB, 0x24ED, 0x2D2F, 0x3572, 0x3D93, 0x3D95, 0x3D96, 0x3D57, 0x3D37, 0x3D17, 0x44F8, 0x44F8, 0x4CF8, 0x54F9, 0x5D19, 0x6D3A,
    0x3380, 0x33A0, 0x33C0, 0x33E0, 0x3420, 0x3440, 0x3460, 0x3480, 0x2CA0, 0x2CA1, 0x24C1, 0x24A2, 0x1CA4, 0x1CA5, 0x1CA6, 0x1CA8,
    0x1CEA, 0x250D, 0x2D4F, 0x3591, 0x3DB3, 0x3DD5, 0x3DD6, 0x3DD7, 0x4598, 0x4558, 0x4558, 0x4D38, 0x5539, 0x5D39, 0x6559, 0x6D5A,
    0x2BA0, 0x2BC0, 0x33E0, 0x3420, 0x3440, 0x3460, 0x3480, 0x34A0, 0x34C1, 0x2CC1, 0x2CE2, 0x24C3, 0x24C4, 0x1CC6, 0x1CC7, 0x1CC9,
    0x1CEA, 0x252D, 0x2D4E, 0x3591, 0x35D2, 0x3DF4, 0x3DF6, 0x45F7, 0x45D8, 0x45B8, 0x4D98, 0x4D78, 0x5579, 0x5D79, 0x6579, 0x6D9A,
    0x2BC0, 0x2BE0, 0x3400, 0x3440, 0x3460, 0x3C80, 0x3CA0, 0x3CC1, 0x34E1, 0x34E2, 0x2D03, 0x2CE4, 0x24E5, 0x24E6, 0x1CE8, 0x1CE9,
    0x250B, 0x252C, 0x2D4E, 0x3590, 0x35D2, 0x3DF3, 0x4615, 0x4616, 0x4617, 0x4618, 0x4DF9, 0x55B9, 0x55B9, 0x5DB9, 0x65BA, 0x6DBA,
    0x2BE0, 0x3420, 0x3440, 0x3C60, 0x3CA0, 0x3CC0, 0x3CE1, 0x3CE1, 0x3D02, 0x3D02, 0x3503, 0x2D04, 0x2D06, 0x24E7, 0x2508, 0x2509,
    0x250B, 0x254D, 0x2D6E, 0x3590, 0x3DD1, 0x45F3, 0x4615, 0x4E36, 0x4E37, 0x4E38, 0x5639, 0x5619, 0x5DF9, 0x65DA, 0x6DDA, 0x75DA,
    0x3400, 0x3440, 0x3C60, 0x3CA0, 0x44C0, 0x44E1, 0x4501, 0x4522, 0x4522, 0x3D23, 0x3D24, 0x3505, 0x2D06, 0x2D07, 0x2509, 0x250A,
    0x2D2B, 0x2D4D, 0x356E, 0x35B0, 0x3DD1, 0x45F3, 0x4E34, 0x4E35, 0x5656, 0x5657, 0x5658, 0x5659, 0x5E3A, 0x661A, 0x6E1A, 0x761A,
    0x3C40, 0x3C60, 0x44A0, 0x44C0, 0x4CE0, 0x4D01, 0x4D22, 0x4D22, 0x4D23, 0x4524, 0x3D24, 0x3D05, 0x3506, 0x2D08, 0x2D09, 0x2D2A,
    0x2D4C, 0x354D, 0x356E, 0x3DB0, 0x45D1, 0x4E13, 0x4E34, 0x5655, 0x5676, 0x5E77, 0x5E78, 0x5E79, 0x6659, 0x665A, 0x6E3A, 0x763A,
    0x4460, 0x44A0, 0x4CC0, 0x4D00, 0x5521, 0x5541, 0x5542, 0x5543, 0x4D43, 0x4D24, 0x4525, 0x3D26, 0x3D27, 0x3528, 0x3529, 0x354B,
    0x354C, 0x3D6D, 0x3D8F, 0x45B0, 0x4DF1, 0x4E13, 0x5634, 0x5E55, 0x5E76, 0x6697, 0x6698, 0x6698, 0x6699, 0x669A, 0x6E7A, 0x765A,
    0x44A0, 0x4CC0, 0x5501, 0x5521, 0x5D42, 0x5D42, 0x5D43, 0x5543, 0x5543, 0x4D24, 0x4D25, 0x4526, 0x4527, 0x3D49, 0x3D4A, 0x3D6C,
    0x3D6D, 0x458E, 0x45AF, 0x4DD1, 0x5612, 0x5633, 0x5E54, 0x6675, 0x6696, 0x6E97, 0x6E97, 0x6EB8, 0x6EB9, 0x6EBA, 0x769A, 0x769A,
    0x4CE0, 0x5500, 0x5D41, 0x6542, 0x6562, 0x6563, 0x5D63, 0x5D43, 0x5544, 0x5524, 0x4D25, 0x4D46, 0x4548, 0x4549, 0x456B, 0x458C,
    0x45AE, 0x4DAF, 0x4DD0, 0x55F1, 0x5E12, 0x5E53, 0x6674, 0x6E95, 0x6E96, 0x76B7, 0x76B7, 0x76B8, 0x76B9, 0x76B9, 0x76BA, 0x76BA,
    0x4040, 0x4020, 0x4021, 0x4021, 0x4021, 0x4022, 0x4023, 0x4023, 0x4024, 0x4025, 0x4026, 0x4026, 0x4027, 0x4028, 0x4029, 0x402A,
    0x402B, 0x402C, 0x402D, 0x482E, 0x482F, 0x4830, 0x4831, 0x4831, 0x5032, 0x5033, 0x5053, 0x5054, 0x5854, 0x5875, 0x5876, 0x6096,
    0x4040, 0x4040, 0x4820, 0x4821, 0x4821, 0x4022, 0x4022, 0x4023, 0x4024, 0x4025, 0x4026, 0x4027, 0x4828, 0x4829, 0x482A, 0x482B,
    0x482C, 0x482D, 0x482E, 0x482F, 0x4830, 0x4830, 0x5031, 0x5032, 0x5033, 0x5053, 0x5054, 0x5854, 0x5875, 0x5876, 0x5896, 0x5896,
    0x4060, 0x4840, 0x4820, 0x4820, 0x4821, 0x4821, 0x4822, 0x4823, 0x4824, 0x4825, 0x4826, 0x5027, 0x5028, 0x5029, 0x502B, 0x502C,
    0x502D, 0x502E, 0x502F, 0x5030, 0x5030, 0x5031, 0x5032, 0x5033, 0x5053, 0x5054, 0x5854, 0x5875, 0x5876, 0x5896, 0x5096, 0x5096,
    0x4080, 0x4860, 0x4860, 0x5040, 0x5020, 0x5021, 0x5022, 0x5023, 0x5024, 0x5025, 0x5026, 0x5827, 0x5829, 0x582A, 0x582C, 0x582D,
    0x582E, 0x582F, 0x502F, 0x5030, 0x5031, 0x5032, 0x5032, 0x5053, 0x5054, 0x5054, 0x5075, 0x5076, 0x5076, 0x5096, 0x4896, 0x4896,
    0x48A0, 0x4880, 0x5080, 0x5060, 0x5840, 0x5841, 0x5841, 0x5822, 0x5823, 0x5824, 0x5826, 0x6027, 0x6029, 0x602B, 0x682C, 0x602D,
    0x602E, 0x582F, 0x5830, 0x5831, 0x5832, 0x5032, 0x5053, 0x5054, 0x5054, 0x5075, 0x5076, 0x5076, 0x5096, 0x4896, 0x4896, 0x40B6,
    0x48C0, 0x48A0, 0x50A0, 0x5080, 0x5860, 0x5840, 0x5841, 0x5842, 0x5843, 0x6044, 0x6025, 0x6027, 0x6829, 0x684B, 0x684D, 0x682E,
    0x602F, 0x6030, 0x5831, 0x5832, 0x5852, 0x5053, 0x5054, 0x5054, 0x5075, 0x5076, 0x5076, 0x4896, 0x4896, 0x4096, 0x40B6, 0x40B6,
    0x48E0, 0x50C0, 0x50C0, 0x58A0, 0x5880, 0x5860, 0x6040, 0x6041, 0x6042, 0x6043, 0x6045, 0x6847, 0x6849, 0x704B, 0x704D, 0x684E,
    0x6850, 0x6051, 0x5851, 0x5852, 0x5853, 0x5054, 0x5054, 0x5075, 0x5076, 0x4876, 0x4876, 0x4096, 0x4096, 0x4096, 0x38B6, 0x38D6,
    0x4900, 0x5100, 0x50E0, 0x58E0, 0x58C0, 0x60A0, 0x6080, 0x6061, 0x6062, 0x6063, 0x6064, 0x6847, 0x6849, 0x686B, 0x686D, 0x684E,
    0x6050, 0x6051, 0x5852, 0x5853, 0x5054, 0x5054, 0x5055, 0x4876, 0x4876, 0x4076, 0x4096, 0x3896, 0x3896, 0x38B6, 0x38D6, 0x3916,
    0x4920, 0x5120, 0x5920, 0x5900, 0x6100, 0x60E0, 0x60C0, 0x60A1, 0x6081, 0x6082, 0x6084, 0x6886, 0x6888, 0x688B, 0x688D, 0x606E,
    0x5870, 0x5851, 0x5052, 0x5053, 0x5054, 0x4855, 0x4876, 0x4076, 0x4076, 0x3876, 0x3896, 0x3096, 0x30B6, 0x30D6, 0x3916, 0x3936,
    0x5140, 0x5160, 0x5960, 0x6160, 0x6140, 0x6940, 0x6920, 0x6901, 0x68E1, 0x68C2, 0x60C3, 0x68C5, 0x68C8, 0x68CA, 0x60CC, 0x58AE,
    0x508F, 0x5071, 0x4872, 0x4873, 0x4054, 0x4075, 0x3876, 0x3876, 0x3876, 0x3096, 0x3096, 0x28B6, 0x30D6, 0x3116, 0x3956, 0x3996,
    0x5180, 0x5980, 0x61A0, 0x61A0, 0x69A0, 0x69A0, 0x7180, 0x7161, 0x6941, 0x6922, 0x6923, 0x6905, 0x6907, 0x692A, 0x610C, 0x58EE,
    0x50CF, 0x40B0, 0x4091, 0x3873, 0x3874, 0x3075, 0x3076, 0x3076, 0x2896, 0x2896, 0x28B6, 0x28D6, 0x2916, 0x3155, 0x3996, 0x41F7,
    0x59C0, 0x59C0, 0x61E0, 0x6A00, 0x7200, 0x7200, 0x7A00, 0x79E1, 0x71E1, 0x71C2, 0x71A3, 0x6985, 0x6987, 0x698A, 0x618C, 0x514E,
    0x492F, 0x40F0, 0x30D1, 0x30B2, 0x2893, 0x2894, 0x2895, 0x2096, 0x20B6, 0x20D5, 0x20F5, 0x2115, 0x2955, 0x3196, 0x39F6, 0x4A77,
    0x5A00, 0x6220, 0x6A40, 0x7260, 0x7280, 0x7A80, 0x8281, 0x7A81, 0x7A62, 0x7A42, 0x7223, 0x7205, 0x6A07, 0x6A0A, 0x620C, 0x51CD,
    0x418F, 0x394F, 0x3110, 0x28F1, 0x20D2, 0x20D3, 0x18D4, 0x18D5, 0x18D5, 0x18F5, 0x2135, 0x2155, 0x29B5, 0x31F6, 0x4277, 0x52D8,
    0x6220, 0x6A60, 0x7280, 0x72C0, 0x7AE0, 0x8301, 0x8321, 0x8301, 0x8302, 0x82E3, 0x7AC4, 0x7AC5, 0x72A7, 0x6AAA, 0x628C, 0x524D,
    0x420E, 0x39CF, 0x298F, 0x2150, 0x2131, 0x1912, 0x1913, 0x18F4, 0x1914, 0x1934, 0x1975, 0x21B5, 0x29F5, 0x3256, 0x42B7, 0x5B38,
    0x6260, 0x6AA0, 0x72C0, 0x7B00, 0x7B41, 0x8361, 0x8B81, 0x8B81, 0x8382, 0x8363, 0x8344, 0x7B45, 0x7327, 0x6B09, 0x5AEB, 0x52CD,
    0x428E, 0x3A4E, 0x2A0F, 0x21D0, 0x19B1, 0x1971, 0x1972, 0x1153, 0x1154, 0x1974, 0x19B5, 0x21F5, 0x2A56, 0x3AB7, 0x4B18, 0x6399,
    0x6AA0, 0x6AE0, 0x7300, 0x7340, 0x7B80, 0x7BA1, 0x83C1, 0x83C1, 0x83C2, 0x7BC2, 0x7BA3, 0x7384, 0x6B66, 0x6348, 0x5B2A, 0x532C,
    0x430E, 0x3ACE, 0x2A8F, 0x2250, 0x2231, 0x19F1, 0x19D2, 0x11D3, 0x19D4, 0x19F4, 0x2235, 0x2A76, 0x32B6, 0x4318, 0x5378, 0x63F9,
    0x6AE0, 0x6B00, 0x7340, 0x7380, 0x73A0, 0x73C0, 0x73E1, 0x7401, 0x7401, 0x7402, 0x73E3, 0x6BC4, 0x63A5, 0x5366, 0x4B68, 0x4B6B,
    0x436D, 0x3B2E, 0x330F, 0x2AD0, 0x22B1, 0x2292, 0x1A73, 0x1A53, 0x1A54, 0x1A75, 0x2296, 0x2AD6, 0x3B37, 0x4B78, 0x5BD9, 0x6C3A,
    0x6B20, 0x6B40, 0x6B60, 0x6BA0, 0x6BC0, 0x63E0, 0x6400, 0x6400, 0x6401, 0x6401, 0x6402, 0x5BE3, 0x53C4, 0x4B85, 0x4387, 0x438A,
    0x3BAD, 0x3BAF, 0x3B90, 0x3351, 0x2B31, 0x2312, 0x22F3, 0x22D4, 0x22D5, 0x22F6, 0x2B16, 0x3357, 0x4398, 0x4BD9, 0x5C39, 0x6C7A,
    0x6340, 0x6360, 0x6380, 0x63A0, 0x5BC0, 0x5BE0, 0x5C00, 0x5400, 0x5420, 0x5421, 0x5401, 0x4C02, 0x43E3, 0x3BA4, 0x33A6, 0x33C9,
    0x3BEC, 0x3C0E, 0x3C10, 0x3BF1, 0x33D2, 0x2B93, 0x2B74, 0x2375, 0x2355, 0x2B76, 0x3397, 0x3BB7, 0x43F8, 0x5439, 0x647A, 0x74BA,
    0x6360, 0x5B80, 0x5BA0, 0x53C0, 0x53C0, 0x53E0, 0x4C00, 0x4C20, 0x4C40, 0x4441, 0x4421, 0x4421, 0x3C02, 0x33C3, 0x2BC5, 0x2BE8,
    0x340B, 0x3C4E, 0x3C70, 0x4472, 0x3C73, 0x3C34, 0x3414, 0x2BF5, 0x2BD6, 0x33D6, 0x3BF7, 0x4418, 0x4C58, 0x5479, 0x649A, 0x74DA,
    0x5B80, 0x5380, 0x53A0, 0x4BC0, 0x4BE0, 0x4C00, 0x4420, 0x4440, 0x4460, 0x4460, 0x3C61, 0x3C41, 0x3422, 0x2C03, 0x23E5, 0x2408,
    0x2C2A, 0x346D, 0x3CB0, 0x44F2, 0x44F3, 0x44D4, 0x3C95, 0x3476, 0x3456, 0x3457, 0x3C57, 0x4478, 0x4C99, 0x5CB9, 0x64DA, 0x74FA,
    0x4B80, 0x4BA0, 0x4BA0, 0x43E0, 0x4400, 0x4420, 0x4440, 0x4460, 0x4480, 0x3C80, 0x3C81, 0x3481, 0x2C62, 0x2423, 0x2425, 0x2427,
    0x246A, 0x2CAD, 0x3CEF, 0x4532, 0x4554, 0x4555, 0x4536, 0x3CF6, 0x3CD7, 0x3CB7, 0x44B8, 0x4CB8, 0x54D9, 0x5CD9, 0x651A, 0x753A,
    0x4B80, 0x43A0, 0x43C0, 0x43E0, 0x4420, 0x4440, 0x4460, 0x4480, 0x44A0, 0x3CA1, 0x3CC1, 0x34A2, 0x2CA3, 0x2464, 0x2465, 0x2467,
    0x248A, 0x2CCC, 0x350F, 0x3D51, 0x4573, 0x4595, 0x4596, 0x4557, 0x4537, 0x4518, 0x4518, 0x4CF8, 0x5519, 0x5D19, 0x6D3A, 0x755A,
    0x43A0, 0x43C0, 0x3BE0, 0x4400, 0x4440, 0x4460, 0x4480, 0x44A0, 0x44C0, 0x44E1, 0x3CE1, 0x34E2, 0x2CC3, 0x24A4, 0x24A6, 0x24A7,
    0x24CA, 0x24EC, 0x2D2E, 0x3571, 0x3DB3, 0x45D5, 0x45D6, 0x45D7, 0x45B8, 0x4D78, 0x4D58, 0x5559, 0x5D59, 0x6559, 0x6D5A, 0x757A,
    0x3BC0, 0x3BE0, 0x3C00, 0x4420, 0x4460, 0x4480, 0x4CA0, 0x4CC0, 0x44E1, 0x4501, 0x3D02, 0x3D03, 0x34E4, 0x2CE5, 0x24C6, 0x24C8,
    0x24EA, 0x250C, 0x2D4E, 0x3590, 0x3DB2, 0x45F4, 0x45F6, 0x4E17, 0x4DF8, 0x4DD8, 0x55B9, 0x5599, 0x5D79, 0x657A, 0x6D9A, 0x759A,
    0x3BE0, 0x3C00, 0x4420, 0x4460, 0x4C80, 0x4CC0, 0x4CE0, 0x4D01, 0x4D01, 0x4522, 0x4522, 0x3D23, 0x3504, 0x2D06, 0x24E7, 0x24E8,
    0x250A, 0x252C, 0x2D4E, 0x3590, 0x3DD1, 0x45F3, 0x4615, 0x4E36, 0x4E38, 0x4E39, 0x55F9, 0x5DD9, 0x65D9, 0x65BA, 0x6DDA, 0x7DDA,
    0x3C00, 0x3C20, 0x4460, 0x4C80, 0x4CC0, 0x54E0, 0x5501, 0x5521, 0x5522, 0x4D22, 0x4523, 0x4524, 0x3D25, 0x3506, 0x2D07, 0x2D09,
    0x2D0A, 0x2D2C, 0x356E, 0x3590, 0x3DD1, 0x4613, 0x4E35, 0x4E56, 0x5657, 0x5658, 0x5639, 0x5E19, 0x661A, 0x6DFA, 0x75FA, 0x7DFA,
    0x3C20, 0x4440, 0x4C80, 0x4CC0, 0x54E0, 0x5521, 0x5D41, 0x5D42, 0x5542, 0x5543, 0x4D43, 0x4524, 0x3D25, 0x3507, 0x3508, 0x2D29,
    0x2D2B, 0x354C, 0x356E, 0x3DB0, 0x45D1, 0x4E13, 0x5634, 0x5656, 0x5E77, 0x5E78, 0x5E79, 0x5E7A, 0x665A, 0x6E3A, 0x763A, 0x7E3A,
    0x4440, 0x4C80, 0x54C0, 0x54E0, 0x5D21, 0x5D41, 0x5D42, 0x5D42, 0x5D43, 0x5543, 0x4D44, 0x4D24, 0x4525, 0x3D27, 0x3528, 0x352A,
    0x354B, 0x356D, 0x3D8E, 0x45B0, 0x4DF1, 0x5613, 0x5634, 0x5E75, 0x5E76, 0x6697, 0x6698, 0x6699, 0x6E7A, 0x6E7A, 0x765A, 0x7E5A,
    0x4C80, 0x54C0, 0x5D00, 0x5D21, 0x6541, 0x6562, 0x6562, 0x6563, 0x5D63, 0x5D43, 0x5544, 0x4D25, 0x4526, 0x4527, 0x3D49, 0x3D4A,
    0x3D6C, 0x3D6D, 0x45AF, 0x45D0, 0x4DF1, 0x5633, 0x5E54, 0x6675, 0x6696, 0x6E97, 0x6EB8, 0x6EB9, 0x6EBA, 0x6EBA, 0x769A, 0x7E7A,
    0x54C0, 0x5D00, 0x6521, 0x6541, 0x6D62, 0x6D62, 0x6D83, 0x6563, 0x6563, 0x5D44, 0x5544, 0x5545, 0x4D46, 0x4D48, 0x456A, 0x456B,
    0x458D, 0x4DAE, 0x4DCF, 0x55F1, 0x5E12, 0x5E53, 0x6674, 0x6E95, 0x6E96, 0x76B7, 0x76B8, 0x76B9, 0x76B9, 0x76BA, 0x7EBA, 0x7EBA,
    0x5D20, 0x6541, 0x6D61, 0x6D82, 0x7583, 0x6D83, 0x6D83, 0x6D63, 0x6563, 0x5D44, 0x5D44, 0x5D45, 0x5567, 0x5569, 0x4D8B, 0x4DAC,
    0x55CE, 0x55CF, 0x55F0, 0x5E11, 0x6632, 0x6E53, 0x6E74, 0x7695, 0x76B6, 0x7ED7, 0x7ED8, 0x7ED8, 0x7ED9, 0x7EDA, 0x7EDA, 0x7EDB,
    0x4840, 0x4820, 0x4821, 0x4821, 0x4821, 0x4022, 0x4023, 0x4023, 0x4024, 0x4025, 0x4025, 0x4026, 0x4027, 0x4028, 0x4829, 0x482A,
    0x482B, 0x482C, 0x502D, 0x502E, 0x502F, 0x502F, 0x5030, 0x5831, 0x5832, 0x5832, 0x5853, 0x5854, 0x6054, 0x6075, 0x6075, 0x6896,
    0x4840, 0x4840, 0x4820, 0x4821, 0x4821, 0x4822, 0x4822, 0x4823, 0x4824, 0x4825, 0x4826, 0x4827, 0x5028, 0x5029, 0x502A, 0x502B,
    0x502C, 0x502D, 0x502E, 0x582F, 0x582F, 0x5830, 0x5831, 0x5832, 0x5852, 0x5853, 0x6053, 0x6054, 0x6075, 0x6075, 0x6095, 0x6096,
    0x4860, 0x4840, 0x5020, 0x5020, 0x5021, 0x5021, 0x5022, 0x5023, 0x5024, 0x5025, 0x5026, 0x5827, 0x5828, 0x5829, 0x582A, 0x582C,
    0x602D, 0x582E, 0x582F, 0x582F, 0x5830, 0x5831, 0x5831, 0x5852, 0x5853, 0x6053, 0x6054, 0x6075, 0x6075, 0x6096, 0x6096, 0x5896,
    0x4880, 0x5060, 0x5040, 0x5040, 0x5820, 0x5821, 0x5822, 0x5822, 0x5823, 0x5824, 0x5826, 0x6027, 0x6028, 0x602A, 0x602B, 0x682C,
    0x682D, 0x602E, 0x602F, 0x6030, 0x6031, 0x6031, 0x6052, 0x6053, 0x6053, 0x6054, 0x6075, 0x6075, 0x6095, 0x5896, 0x5896, 0x50B6,
    0x48A0, 0x5080, 0x5080, 0x5860, 0x5840, 0x5841, 0x6041, 0x6022, 0x6023, 0x6024, 0x6025, 0x6027, 0x6828, 0x682A, 0x682C, 0x702D,
    0x682E, 0x682F, 0x6830, 0x6031, 0x6051, 0x6052, 0x6053, 0x6053, 0x6054, 0x6075, 0x6075, 0x6096, 0x5896, 0x5896, 0x50B6, 0x50B6,
    0x50C0, 0x50A0, 0x58A0, 0x5880, 0x5860, 0x6040, 0x6041, 0x6041, 0x6042, 0x6824, 0x6825, 0x6827, 0x7029, 0x702B, 0x702C, 0x704E,
    0x704F, 0x6850, 0x6851, 0x6851, 0x6052, 0x6053, 0x6053, 0x6054, 0x6074, 0x6075, 0x5875, 0x5896, 0x5096, 0x50B6, 0x50B6, 0x48D6,
    0x50E0, 0x50C0, 0x58C0, 0x58A0, 0x6080, 0x6060, 0x6040, 0x6841, 0x6842, 0x6843, 0x6845, 0x7047, 0x7048, 0x784B, 0x784D, 0x784E,
    0x784F, 0x7050, 0x6851, 0x6852, 0x6853, 0x6053, 0x6054, 0x6074, 0x5875, 0x5875, 0x5896, 0x5096, 0x50B6, 0x48B6, 0x48D6, 0x48F6,
    0x5100, 0x5100, 0x58E0, 0x58E0, 0x60C0, 0x60A0, 0x6880, 0x6861, 0x6861, 0x6843, 0x6844, 0x7046, 0x7048, 0x704A, 0x784C, 0x784E,
    0x704F, 0x7050, 0x6851, 0x6852, 0x6053, 0x6054, 0x6074, 0x5875, 0x5875, 0x5096, 0x5096, 0x4896, 0x48B6, 0x48D6, 0x48F6, 0x4916,
    0x5120, 0x5920, 0x5920, 0x6100, 0x60E0, 0x68E0, 0x68C0, 0x68A0, 0x6881, 0x6862, 0x6863, 0x7065, 0x7067, 0x706A, 0x706C, 0x706E,
    0x706F, 0x6871, 0x6852, 0x6053, 0x6053, 0x6074, 0x5875, 0x5875, 0x5096, 0x4896, 0x4896, 0x40B6, 0x40D6, 0x40D6, 0x4116, 0x4956,
    0x5140, 0x5940, 0x6140, 0x6140, 0x6940, 0x6920, 0x6900, 0x68E0, 0x68C1, 0x68C2, 0x68A3, 0x68A5, 0x70A7, 0x70A9, 0x70AC, 0x70AD,
    0x68AF, 0x6090, 0x6071, 0x5872, 0x5873, 0x5874, 0x5075, 0x5096, 0x4896, 0x4096, 0x40B6, 0x40D6, 0x40F6, 0x4116, 0x4156, 0x4997,
    0x5980, 0x5980, 0x6180, 0x6980, 0x6980, 0x7180, 0x7160, 0x7140, 0x7121, 0x7101, 0x68E2, 0x68E4, 0x70E6, 0x70E9, 0x70EB, 0x68ED,
    0x68CF, 0x60B0, 0x5891, 0x5092, 0x5073, 0x4875, 0x4895, 0x4096, 0x4096, 0x38B6, 0x38D6, 0x38D6, 0x3916, 0x3956, 0x4196, 0x51F7,
    0x59C0, 0x61C0, 0x69E0, 0x69E0, 0x71E0, 0x79E0, 0x79E0, 0x79C1, 0x79A1, 0x7982, 0x7163, 0x7144, 0x7146, 0x7148, 0x714B, 0x694D,
    0x612F, 0x5910, 0x50D1, 0x48B2, 0x40B3, 0x4094, 0x3895, 0x3896, 0x30B6, 0x30D6, 0x30F6, 0x3116, 0x3956, 0x3996, 0x49F7, 0x5258,
    0x61E0, 0x6A00, 0x6A20, 0x7240, 0x7A40, 0x8260, 0x8260, 0x8241, 0x8221, 0x8202, 0x7A03, 0x79E4, 0x71C6, 0x71C8, 0x71CB, 0x69CD,
    0x61AF, 0x5170, 0x4931, 0x40F1, 0x38D2, 0x30D3, 0x30B4, 0x28B5, 0x28D5, 0x28F5, 0x2915, 0x2955, 0x3196, 0x41F7, 0x4A57, 0x5AD8,
    0x6220, 0x6A60, 0x7280, 0x7AA0, 0x82C0, 0x82C1, 0x8AE1, 0x8AE1, 0x8AC2, 0x8AA2, 0x82A3, 0x8284, 0x7A66, 0x7A68, 0x724A, 0x6A4D,
    0x622F, 0x51F0, 0x4190, 0x3951, 0x3132, 0x2913, 0x20F4, 0x20F4, 0x2115, 0x2115, 0x2955, 0x29B5, 0x39F6, 0x4257, 0x52D8, 0x6339,
    0x6A60, 0x72A0, 0x7AC0, 0x7AE0, 0x8321, 0x8B41, 0x9361, 0x9362, 0x9362, 0x8B43, 0x8B24, 0x8B25, 0x8306, 0x7AE8, 0x72CA, 0x6ACD,
    0x62AE, 0x526F, 0x4210, 0x31D1, 0x2991, 0x2172, 0x2153, 0x1934, 0x1954, 0x2175, 0x21B5, 0x29F5, 0x3A56, 0x42B7, 0x5B38, 0x6B99,
    0x6AA0, 0x72E0, 0x7B00, 0x8341, 0x8381, 0x8BA1, 0x93C1, 0x93E2, 0x93E2, 0x93C3, 0x8BA4, 0x8BA5, 0x8386, 0x7B68, 0x736A, 0x6B6D,
    0x632E, 0x52EF, 0x42B0, 0x3250, 0x2A11, 0x21F1, 0x21D2, 0x19B3, 0x19B4, 0x19D4, 0x2215, 0x2A56, 0x3AB7, 0x4B38, 0x5B99, 0x73FA,
    0x6AE0, 0x7300, 0x7B40, 0x7B81, 0x83C1, 0x8BE1, 0x8C21, 0x8C22, 0x8C22, 0x8C23, 0x8C03, 0x83E4, 0x7BE6, 0x73C7, 0x6BA9, 0x63AC,
    0x5B8D, 0x4B4F, 0x4310, 0x3AD0, 0x2AB1, 0x2271, 0x2252, 0x2233, 0x2234, 0x2235, 0x2A76, 0x32D6, 0x4337, 0x5398, 0x63F9, 0x745A,
    0x7320, 0x7340, 0x7380, 0x7BA0, 0x7BE1, 0x7C01, 0x7C21, 0x7C41, 0x7C61, 0x7C42, 0x7C43, 0x7C23, 0x7404, 0x6BE6, 0x63C8, 0x5BCA,
    0x53CC, 0x53CF, 0x4BB0, 0x3B51, 0x3331, 0x2AF2, 0x2AD3, 0x22D4, 0x22D5, 0x2AD6, 0x3316, 0x3B57, 0x4B98, 0x5BF9, 0x6C3A, 0x7C9A,
    0x6B40, 0x6B80, 0x6BA0, 0x6BC0, 0x7400, 0x7420, 0x7441, 0x7461, 0x7481, 0x7461, 0x7462, 0x6C43, 0x6C24, 0x5C05, 0x53E6, 0x4BE9,
    0x4BEB, 0x4C0E, 0x4C10, 0x43F1, 0x3BD2, 0x3393, 0x3373, 0x2B55, 0x2B55, 0x3356, 0x3B97, 0x43D8, 0x53F9, 0x5C39, 0x6C7A, 0x7CBA,
    0x6B80, 0x6BA0, 0x6BC0, 0x63E0, 0x6400, 0x6420, 0x6C40, 0x6C81, 0x6C81, 0x6481, 0x6481, 0x6462, 0x5C43, 0x5424, 0x4C05, 0x43E8,
    0x440A, 0x444D, 0x4C70, 0x4C72, 0x4C53, 0x4433, 0x3BF4, 0x33F5, 0x33D6, 0x3BD7, 0x43F8, 0x4C38, 0x5459, 0x649A, 0x6CBA, 0x7CFA,
    0x6380, 0x63A0, 0x63C0, 0x5BE0, 0x5C20, 0x6440, 0x6460, 0x6480, 0x64A1, 0x64A1, 0x5CA1, 0x5C82, 0x5462, 0x4443, 0x3C24, 0x3407,
    0x342A, 0x3C6D, 0x44AF, 0x4CD2, 0x4CD3, 0x4CB4, 0x4495, 0x3C76, 0x3C56, 0x3C57, 0x4458, 0x4C79, 0x5C99, 0x64DA, 0x74FA, 0x7D1A,
    0x5BA0, 0x5BC0, 0x5BE0, 0x5C00, 0x5C20, 0x5C40, 0x5C80, 0x5CA0, 0x5CC1, 0x5CC1, 0x5CC1, 0x54C2, 0x4CA2, 0x4463, 0x3444, 0x2C26,
    0x2C49, 0x348C, 0x3CCF, 0x4D11, 0x4D33, 0x5555, 0x4D36, 0x44F6, 0x44D7, 0x44B7, 0x4CB8, 0x54D9, 0x5CD9, 0x64FA, 0x751A, 0x7D5A,
    0x53A0, 0x53C0, 0x53E0, 0x5420, 0x5440, 0x5C60, 0x5CA0, 0x5CC1, 0x5CE1, 0x5D01, 0x5D01, 0x54E2, 0x4CC2, 0x3CA3, 0x3484, 0x2C66,
    0x2C89, 0x34AC, 0x3CEE, 0x4551, 0x4D73, 0x5595, 0x5596, 0x4D77, 0x4D57, 0x4D18, 0x4D18, 0x5519, 0x5D19, 0x6D3A, 0x755A, 0x7D7A,
    0x4BC0, 0x4BE0, 0x4C00, 0x5440, 0x5460, 0x5CA0, 0x5CC0, 0x5CE1, 0x5D01, 0x5D21, 0x5D21, 0x5522, 0x4503, 0x3CE3, 0x34A4, 0x2CA6,
    0x24A9, 0x2CCB, 0x350E, 0x3D50, 0x4592, 0x4DD4, 0x55D6, 0x55D7, 0x55B8, 0x5578, 0x5579, 0x5D59, 0x6559, 0x6D5A, 0x757A, 0x7D9A,
    0x4BE0, 0x4C00, 0x4C20, 0x5460, 0x5C80, 0x5CC0, 0x64E1, 0x6501, 0x6521, 0x5D41, 0x5D42, 0x5522, 0x4D23, 0x3D04, 0x34E5, 0x2CC7,
    0x24C9, 0x2CEB, 0x352D, 0x3D70, 0x45B2, 0x4DF4, 0x4E16, 0x5617, 0x5618, 0x55D9, 0x5DB9, 0x5D99, 0x659A, 0x6D9A, 0x75BA, 0x7DBA,
    0x43E0, 0x4C20, 0x5440, 0x5480, 0x5CC0, 0x5CE1, 0x6521, 0x6521, 0x6541, 0x6542, 0x5D42, 0x5543, 0x4D44, 0x4524, 0x3506, 0x2D07,
    0x2D09, 0x2D2B, 0x2D4D, 0x358F, 0x3DD1, 0x4E13, 0x4E35, 0x5656, 0x5658, 0x5639, 0x5E19, 0x65FA, 0x6DDA, 0x75DA, 0x7DDA, 0x85FA,
    0x4C00, 0x4C40, 0x5480, 0x5CC0, 0x64E1, 0x6521, 0x6D41, 0x6D42, 0x6D62, 0x6562, 0x5D63, 0x5543, 0x4D44, 0x4525, 0x3D26, 0x3508,
    0x2D2A, 0x2D2B, 0x354D, 0x3D8F, 0x45D1, 0x4E13, 0x5635, 0x5656, 0x5E77, 0x5E79, 0x6659, 0x663A, 0x6E1A, 0x761A, 0x7E1A, 0x861A,
    0x4C40, 0x5460, 0x5CA0, 0x64E0, 0x6521, 0x6D41, 0x6D62, 0x6D62, 0x6D83, 0x6D63, 0x6563, 0x5D44, 0x5544, 0x4525, 0x3D26, 0x3528,
    0x352A, 0x354C, 0x3D6D, 0x3DAF, 0x45D1, 0x4E13, 0x5634, 0x5E76, 0x6677, 0x6698, 0x6699, 0x669A, 0x6E7A, 0x763A, 0x7E3A, 0x865B,
    0x5460, 0x5CA0, 0x64E0, 0x6521, 0x6D41, 0x6D62, 0x7582, 0x7583, 0x6D83, 0x6D63, 0x6564, 0x5D44, 0x5544, 0x4D46, 0x4547, 0x3D49,
    0x3D4B, 0x3D6C, 0x458E, 0x45D0, 0x4DF1, 0x5633, 0x5E54, 0x6676, 0x6E96, 0x6EB8, 0x6EB9, 0x6EBA, 0x769A, 0x767A, 0x7E7A, 0x867B,
    0x5CA0, 0x64E0, 0x6D21, 0x6D41, 0x7582, 0x7582, 0x7583, 0x7583, 0x7583, 0x6D84, 0x6564, 0x5D44, 0x5D45, 0x5546, 0x4D48, 0x4549,
    0x456B, 0x458D, 0x4DAF, 0x4DF0, 0x5611, 0x5E33, 0x6674, 0x6E95, 0x6E96, 0x76B7, 0x76B8, 0x76B9, 0x76BA, 0x76BA, 0x7EBA, 0x86BB,
    0x6500, 0x6D21, 0x7561, 0x7582, 0x7DA3, 0x7DA3, 0x75A3, 0x7584, 0x7584, 0x6D84, 0x6D64, 0x6565, 0x5D66, 0x5D67, 0x5569, 0x558B,
    0x4DAC, 0x55CE, 0x55EF, 0x5E11, 0x6632, 0x6E53, 0x6E74, 0x7696, 0x76B6, 0x7ED7, 0x7ED8, 0x7ED9, 0x7ED9, 0x86DA, 0x86DA, 0x8EDB,
    0x6D41, 0x7561, 0x7D82, 0x7DA3, 0x7DA3, 0x7DA4, 0x7DA4, 0x75A4, 0x7584, 0x6D84, 0x6D65, 0x6D65, 0x6587, 0x6588, 0x5DAA, 0x5DAC,
    0x5DCD, 0x5DEF, 0x6610, 0x6631, 0x6E52, 0x7674, 0x7695, 0x7EB6, 0x7ED6, 0x86D7, 0x86D8, 0x86D8, 0x8ED9, 0x8EDA, 0x8EDA, 0x8EDB,
    0x4820, 0x4820, 0x4821, 0x4821, 0x4821, 0x4822, 0x4822, 0x4823, 0x4824, 0x4825, 0x4825, 0x4826, 0x4827, 0x5028, 0x5029, 0x502A,
    0x502B, 0x502C, 0x582D, 0x582E, 0x582F, 0x582F, 0x5830, 0x6031, 0x6031, 0x6052, 0x6053, 0x6053, 0x6854, 0x6874, 0x6875, 0x6895,
    0x4840, 0x5040, 0x5020, 0x5021, 0x5021, 0x5022, 0x5022, 0x5023, 0x5024, 0x5024, 0x5025, 0x5026, 0x5827, 0x5828, 0x5829, 0x582B,
    0x602C, 0x602D, 0x602E, 0x602E, 0x602F, 0x6030, 0x6031, 0x6031, 0x6052, 0x6053, 0x6853, 0x6854, 0x6874, 0x6875, 0x6895, 0x6895,
    0x5060, 0x5040, 0x5820, 0x5840, 0x5841, 0x5821, 0x5822, 0x5823, 0x5824, 0x5824, 0x5825, 0x5827, 0x6028, 0x6029, 0x602A, 0x682B,
    0x682D, 0x682D, 0x682E, 0x682F, 0x6830, 0x6831, 0x6051, 0x6852, 0x6853, 0x6853, 0x6854, 0x6874, 0x6875, 0x6895, 0x6895, 0x6095,
    0x5080, 0x5060, 0x5840, 0x5840, 0x5820, 0x5821, 0x6021, 0x6022, 0x6023, 0x6024, 0x6025, 0x6027, 0x6828, 0x6829, 0x682B, 0x702C,
    0x702D, 0x702E, 0x684F, 0x6850, 0x6851, 0x6851, 0x6852, 0x6852, 0x6853, 0x6854, 0x6874, 0x6875, 0x6895, 0x6895, 0x6095, 0x60B5,
    0x50A0, 0x5080, 0x5860, 0x5840, 0x6040, 0x6041, 0x6041, 0x6022, 0x6823, 0x6824, 0x6825, 0x6827, 0x7028, 0x702A, 0x702B, 0x782D,
    0x784E, 0x704F, 0x7050, 0x7050, 0x7051, 0x6852, 0x6852, 0x6853, 0x6853, 0x6874, 0x6875, 0x6895, 0x6895, 0x6096, 0x60B5, 0x58B5,
    0x50C0, 0x58A0, 0x58A0, 0x6080, 0x6060, 0x6040, 0x6841, 0x6841, 0x6842, 0x6823, 0x7025, 0x7026, 0x7028, 0x782A, 0x782C, 0x804D,
    0x784E, 0x784F, 0x7850, 0x7051, 0x7052, 0x7052, 0x6853, 0x6853, 0x6874, 0x6874, 0x6895, 0x6095, 0x6095, 0x60B6, 0x58D5, 0x58D5,
    0x50E0, 0x58C0, 0x58C0, 0x60A0, 0x6080, 0x6860, 0x6840, 0x6841, 0x7042, 0x7043, 0x7024, 0x7826, 0x7828, 0x802A, 0x804C, 0x804E,
    0x804F, 0x8050, 0x7851, 0x7851, 0x7052, 0x7053, 0x6853, 0x6874, 0x6874, 0x6895, 0x6095, 0x6096, 0x58B6, 0x58B6, 0x58D5, 0x50F5,
    0x5900, 0x58E0, 0x60E0, 0x60C0, 0x60C0, 0x6880, 0x6880, 0x7061, 0x7041, 0x7042, 0x7044, 0x7845, 0x7847, 0x804A, 0x804C, 0x804D,
    0x806F, 0x8050, 0x7851, 0x7852, 0x7053, 0x7053, 0x6874, 0x6874, 0x6895, 0x6095, 0x6095, 0x58B6, 0x58B6, 0x50D6, 0x50F6, 0x5116,
    0x5920, 0x5920, 0x6120, 0x6100, 0x68E0, 0x68C0, 0x70A0, 0x7080, 0x7061, 0x7062, 0x7863, 0x7865, 0x7847, 0x7869, 0x806B, 0x806D,
    0x806F, 0x7870, 0x7871, 0x7072, 0x7073, 0x7074, 0x6874, 0x6875, 0x6095, 0x5895, 0x58B6, 0x50B6, 0x50D6, 0x50F6, 0x5116, 0x5156,
    0x5940, 0x6140, 0x6140, 0x6940, 0x6920, 0x7100, 0x70E0, 0x70C0, 0x70C1, 0x70A1, 0x7082, 0x7084, 0x7886, 0x7888, 0x788B, 0x808D,
    0x788F, 0x7890, 0x7091, 0x7072, 0x6873, 0x6874, 0x6075, 0x6095, 0x5895, 0x50B6, 0x50B6, 0x48D6, 0x48F6, 0x4916, 0x5156, 0x5997,
    0x5980, 0x6180, 0x6980, 0x6980, 0x7180, 0x7160, 0x7940, 0x7920, 0x7901, 0x70E1, 0x70E2, 0x70C4, 0x78C5, 0x78C8, 0x78CA, 0x78CC,
    0x78CE, 0x70B0, 0x68B1, 0x6892, 0x6093, 0x6094, 0x5895, 0x5895, 0x50B6, 0x48B6, 0x48D6, 0x48F6, 0x4916, 0x4956, 0x5197, 0x59F7,
    0x61C0, 0x69C0, 0x69C0, 0x71E0, 0x79E0, 0x79C0, 0x81C0, 0x81A0, 0x8181, 0x7961, 0x7942, 0x7923, 0x7925, 0x7907, 0x792A, 0x792C,
    0x792E, 0x690F, 0x68F1, 0x60D2, 0x58B3, 0x5094, 0x5095, 0x48B5, 0x48B6, 0x40D6, 0x40F6, 0x4116, 0x4956, 0x4996, 0x59F7, 0x6258,
    0x61E0, 0x6A00, 0x7220, 0x7A20, 0x7A40, 0x8240, 0x8A20, 0x8A21, 0x8A01, 0x81E1, 0x81C2, 0x81A3, 0x7985, 0x7987, 0x7989, 0x79AC,
    0x718E, 0x6970, 0x6131, 0x5111, 0x50D2, 0x48D3, 0x40B4, 0x40B5, 0x40D5, 0x38F6, 0x3916, 0x4156, 0x4196, 0x49F7, 0x5A58, 0x6AB8,
    0x6A20, 0x7240, 0x7A60, 0x7A80, 0x82A0, 0x8AA1, 0x92A1, 0x92A1, 0x92A1, 0x8A82, 0x8A63, 0x8A44, 0x8225, 0x8227, 0x8209, 0x7A2C,
    0x7A0E, 0x69F0, 0x61B1, 0x5172, 0x4132, 0x4113, 0x38F4, 0x30F5, 0x3115, 0x3115, 0x3956, 0x3996, 0x41F7, 0x5257, 0x62B8, 0x7339,
    0x6A60, 0x72A0, 0x7AC0, 0x82E1, 0x8B01, 0x9321, 0x9341, 0x9B41, 0x9B22, 0x9B22, 0x9303, 0x92E4, 0x8AC5, 0x8AA7, 0x82A9, 0x82AC,
    0x7AAE, 0x6A70, 0x5A31, 0x49D1, 0x4192, 0x3973, 0x3153, 0x2934, 0x2955, 0x2975, 0x31B6, 0x39F6, 0x4257, 0x52B8, 0x6339, 0x7399,
    0x72A0, 0x7AC0, 0x8301, 0x8B41, 0x8B61, 0x9381, 0x9BC1, 0xA3C2, 0xA3C2, 0x9BA3, 0x9BA4, 0x9B85, 0x9366, 0x8B68, 0x8B4A, 0x834C,
    0x732E, 0x6AEF, 0x5AB0, 0x4A71, 0x4231, 0x31F2, 0x31D3, 0x2994, 0x29B4, 0x29B5, 0x31F6, 0x3A56, 0x4AB7, 0x5B38, 0x6B99, 0x7BFA,
    0x72E0, 0x7B00, 0x8341, 0x8B81, 0x8BC1, 0x93E1, 0x9C22, 0x9C22, 0xA422, 0x9C23, 0x9C04, 0x9C04, 0x93E6, 0x8BE7, 0x8BC9, 0x7BAB,
    0x73AD, 0x6B6F, 0x5B30, 0x4AF1, 0x42B1, 0x3A72, 0x3253, 0x2A34, 0x2A14, 0x2A35, 0x3276, 0x3AB7, 0x4B38, 0x5B99, 0x6BF9, 0x845A,
    0x7320, 0x7B40, 0x8381, 0x83C1, 0x8BE1, 0x8C21, 0x9441, 0x9462, 0x9482, 0x9463, 0x9463, 0x9444, 0x8C45, 0x8C27, 0x8408, 0x73EA,
    0x6BED, 0x6BEF, 0x5BB0, 0x4B71, 0x4331, 0x3B12, 0x32D3, 0x32B4, 0x32B5, 0x32B6, 0x3AF7, 0x4338, 0x5399, 0x63F9, 0x745A, 0x849A,
    0x7340, 0x7B80, 0x7BA1, 0x7BE1, 0x8421, 0x8441, 0x8C81, 0x8CA1, 0x8CA2, 0x8CA2, 0x8CA3, 0x8C83, 0x8464, 0x7C45, 0x7427, 0x6C09,
    0x640B, 0x642E, 0x5C10, 0x53F1, 0x4BD2, 0x4393, 0x3B73, 0x3354, 0x3356, 0x3B56, 0x4377, 0x4BB8, 0x5C19, 0x6C5A, 0x749A, 0x84DA,
    0x7380, 0x73A0, 0x73E0, 0x7400, 0x7C21, 0x7C61, 0x7C81, 0x84A1, 0x84C1, 0x84C2, 0x84C2, 0x7CA3, 0x7C83, 0x7464, 0x6C46, 0x5C28,
    0x542A, 0x544D, 0x5C70, 0x5C71, 0x5453, 0x4C33, 0x43F4, 0x43D5, 0x43D6, 0x43D7, 0x4BF8, 0x5439, 0x6479, 0x6C9A, 0x7CDA, 0x851A,
    0x6BA0, 0x6BC0, 0x6BE0, 0x7420, 0x7440, 0x7481, 0x7CA1, 0x7CC1, 0x7CE1, 0x7CE2, 0x7CE2, 0x74C2, 0x6CC3, 0x6483, 0x5C65, 0x5447,
    0x4C49, 0x4C6C, 0x548F, 0x5CD1, 0x5CD3, 0x54B4, 0x4C95, 0x4C76, 0x4456, 0x4457, 0x4C78, 0x5C99, 0x64BA, 0x6CDA, 0x7D1A, 0x853A,
    0x63C0, 0x63E0, 0x6C00, 0x6C20, 0x6C60, 0x7481, 0x74C1, 0x74E1, 0x7D01, 0x7D21, 0x7522, 0x7502, 0x6CE2, 0x5CC3, 0x5484, 0x4466,
    0x4468, 0x448C, 0x4CCE, 0x5511, 0x5D33, 0x5D35, 0x5D36, 0x54F6, 0x4CD7, 0x4CB8, 0x54D8, 0x5CD9, 0x64FA, 0x751A, 0x7D3A, 0x855A,
    0x63C0, 0x63E0, 0x6400, 0x6440, 0x6C80, 0x6CA1, 0x74E1, 0x7501, 0x7D21, 0x7542, 0x7542, 0x6D22, 0x6522, 0x5CE3, 0x4CC4, 0x4486,
    0x3C88, 0x3CAB, 0x44EE, 0x4D30, 0x5573, 0x5D95, 0x5D96, 0x5D77, 0x5558, 0x5538, 0x5D39, 0x5D19, 0x6D3A, 0x755A, 0x7D5A, 0x857A,
    0x5BE0, 0x5C00, 0x6420, 0x6460, 0x6CA0, 0x6CC1, 0x7501, 0x7521, 0x7D41, 0x7542, 0x7562, 0x6D42, 0x6543, 0x5523, 0x4CE4, 0x3CC5,
    0x34A8, 0x34CA, 0x3D0D, 0x4550, 0x4D92, 0x55D4, 0x5DD6, 0x5DF7, 0x5DB8, 0x5D99, 0x5D79, 0x6579, 0x6D7A, 0x757A, 0x7D9A, 0x85BA,
    0x5C00, 0x5C20, 0x6440, 0x6480, 0x6CC1, 0x6D01, 0x7521, 0x7541, 0x7D62, 0x7562, 0x7562, 0x6D63, 0x6543, 0x5523, 0x4D04, 0x3CE6,
    0x34E8, 0x34EA, 0x352D, 0x3D6F, 0x4DB1, 0x55F4, 0x5E15, 0x5E37, 0x5E18, 0x5DF9, 0x65D9, 0x65BA, 0x6DBA, 0x75BA, 0x7DBA, 0x8DDA,
    0x5400, 0x5C40, 0x6480, 0x64C0, 0x6D01, 0x7521, 0x7541, 0x7D62, 0x7D82, 0x7D82, 0x7583, 0x6D83, 0x6563, 0x5D44, 0x4D25, 0x3D26,
    0x3508, 0x352A, 0x354C, 0x3D6F, 0x45B1, 0x4E13, 0x5635, 0x5E56, 0x5E58, 0x6659, 0x663A, 0x6DFA, 0x75FA, 0x7DFA, 0x85FA, 0x8DFA,
    0x5420, 0x5C60, 0x64A0, 0x6CE1, 0x7521, 0x7541, 0x7D62, 0x7D82, 0x7D83, 0x7D83, 0x7583, 0x6D83, 0x6564, 0x5D44, 0x4D45, 0x4527,
    0x3D28, 0x354A, 0x3D4D, 0x3D8F, 0x45D1, 0x5613, 0x5E55, 0x5E76, 0x6677, 0x6699, 0x6E79, 0x6E5A, 0x763A, 0x7E1A, 0x863A, 0x8E3B,
    0x5C60, 0x64A0, 0x6CE0, 0x7521, 0x7541, 0x7D62, 0x7D82, 0x7DA3, 0x7DA3, 0x7DA3, 0x7584, 0x6D84, 0x6564, 0x5D45, 0x5546, 0x4547,
    0x4549, 0x3D4B, 0x3D6D, 0x45AF, 0x4DF1, 0x5613, 0x5E54, 0x6676, 0x6E97, 0x6EB8, 0x6E99, 0x6E9A, 0x767A, 0x7E5A, 0x865A, 0x8E5B,
    0x5C80, 0x6CE0, 0x6D21, 0x7541, 0x7D82, 0x7D82, 0x85A3, 0x85A3, 0x7DA4, 0x7DA4, 0x7584, 0x6D84, 0x6D64, 0x6565, 0x5546, 0x4D48,
    0x4D6A, 0x458C, 0x4DAE, 0x4DCF, 0x5611, 0x5E33, 0x6674, 0x6E96, 0x6EB7, 0x76B8, 0x76B9, 0x76BA, 0x7EBA, 0x7E9A, 0x869B, 0x8E9B,
    0x64C0, 0x6D21, 0x7561, 0x7D82, 0x85A2, 0x85A3, 0x85C3, 0x85A4, 0x85A4, 0x7DA4, 0x7584, 0x7584, 0x6D65, 0x6566, 0x5D67, 0x5569,
    0x558B, 0x55AD, 0x55CE, 0x55F0, 0x5E31, 0x6653, 0x6E74, 0x7696, 0x76B6, 0x7ED7, 0x7ED8, 0x7ED9, 0x86DA, 0x86DA, 0x8EBB, 0x8EBB,
    0x6D21, 0x7541, 0x7D82, 0x85A2, 0x85C3, 0x85C4, 0x85C4, 0x85C4, 0x7DA4, 0x7DA4, 0x7DA5, 0x7585, 0x7586, 0x6D87, 0x6588, 0x65AA,
    0x5DCC, 0x5DCE, 0x660F, 0x6631, 0x6E52, 0x7673, 0x7695, 0x7EB6, 0x7ED7, 0x86D7, 0x86D8, 0x86D9, 0x8EDA, 0x8EDA, 0x8EDA, 0x96DB,
    0x7581, 0x7DA2, 0x85C3, 0x85C3, 0x8DC4, 0x8DC4, 0x85C4, 0x85C4, 0x7DA5, 0x7DA5, 0x7DA5, 0x7DA6, 0x75A7, 0x75A8, 0x6DCA, 0x6DCC,
    0x6DED, 0x6E0F, 0x6E30, 0x7651, 0x7673, 0x7E94, 0x7EB5, 0x86D6, 0x86D7, 0x8ED7, 0x8EF8, 0x8EF9, 0x96F9, 0x96FA, 0x96FA, 0x96FB,
    0x5020, 0x5020, 0x5021, 0x5021, 0x5021, 0x5022, 0x5022, 0x5023, 0x5024, 0x5024, 0x5025, 0x5026, 0x5827, 0x5828, 0x5829, 0x582A,
    0x582B, 0x602C, 0x602D, 0x602E, 0x602E, 0x602F, 0x6830, 0x6831, 0x6851, 0x6852, 0x6852, 0x6853, 0x6853, 0x6874, 0x7074, 0x7075,
    0x5040, 0x5040, 0x5820, 0x5821, 0x5821, 0x5822, 0x5822, 0x5823, 0x5824, 0x5824, 0x5825, 0x5826, 0x6027, 0x6028, 0x6029, 0x602B,
    0x682C, 0x682D, 0x682D, 0x682E, 0x682F, 0x6830, 0x6851, 0x6851, 0x6852, 0x6852, 0x6853, 0x6853, 0x7074, 0x7074, 0x7075, 0x6895,
    0x5060, 0x5840, 0x5840, 0x5840, 0x6041, 0x6041, 0x6022, 0x6023, 0x6023, 0x6024, 0x6025, 0x6026, 0x6827, 0x6829, 0x682A, 0x682B,
    0x702C, 0x702D, 0x704E, 0x704F, 0x7050, 0x7050, 0x7051, 0x7052, 0x7052, 0x7053, 0x7053, 0x7074, 0x7074, 0x7075, 0x6895, 0x6895,
    0x5080, 0x5860, 0x5840, 0x6040, 0x6040, 0x6041, 0x6041, 0x6022, 0x6823, 0x6824, 0x6825, 0x6826, 0x6828, 0x7029, 0x702A, 0x782C,
    0x782D, 0x784E, 0x784F, 0x7850, 0x7050, 0x7051, 0x7052, 0x7052, 0x7053, 0x7053, 0x7074, 0x7074, 0x7075, 0x6895, 0x6895, 0x68B5,
    0x58A0, 0x5880, 0x5860, 0x6040, 0x6840, 0x6840, 0x6841, 0x6842, 0x6823, 0x7024, 0x7025, 0x7026, 0x7028, 0x7829, 0x782B, 0x802C,
    0x804D, 0x804F, 0x804F, 0x7850, 0x7851, 0x7851, 0x7052, 0x7053, 0x7053, 0x7074, 0x7074, 0x7075, 0x6895, 0x6895, 0x68B5, 0x60D5,
    0x58C0, 0x58A0, 0x60A0, 0x6080, 0x6860, 0x6840, 0x7041, 0x7041, 0x7022, 0x7023, 0x7824, 0x7826, 0x7828, 0x8029, 0x802B, 0x804D,
    0x804E, 0x804F, 0x8050, 0x8051, 0x7851, 0x7852, 0x7853, 0x7053, 0x7074, 0x7074, 0x7074, 0x6895, 0x6895, 0x68B5, 0x68D5, 0x60F5,
    0x58E0, 0x58C0, 0x60C0, 0x60A0, 0x6880, 0x6860, 0x7040, 0x7041, 0x7841, 0x7823, 0x7824, 0x8026, 0x8027, 0x8029, 0x884B, 0x884D,
    0x884E, 0x8850, 0x8851, 0x8051, 0x8052, 0x7852, 0x7853, 0x7073, 0x7074, 0x7074, 0x6895, 0x6895, 0x68B5, 0x60D5, 0x60F5, 0x60F5,
    0x5900, 0x60E0, 0x60E0, 0x68C0, 0x68A0, 0x6880, 0x7060, 0x7060, 0x7841, 0x7842, 0x8043, 0x8045, 0x8047, 0x8849, 0x884B, 0x884D,
    0x884E, 0x8870, 0x8871, 0x8052, 0x8052, 0x7853, 0x7873, 0x7074, 0x7074, 0x6895, 0x6895, 0x68B5, 0x60D5, 0x60D5, 0x6115, 0x6135,
    0x5920, 0x6120, 0x6100, 0x6900, 0x68E0, 0x70C0, 0x70A0, 0x7080, 0x7861, 0x7861, 0x8043, 0x8044, 0x8046, 0x8848, 0x884B, 0x886D,
    0x886E, 0x8870, 0x8871, 0x8072, 0x8073, 0x7873, 0x7874, 0x7074, 0x7094, 0x6895, 0x68B5, 0x60D5, 0x60D5, 0x60F5, 0x6136, 0x6156,
    0x6140, 0x6140, 0x6940, 0x6920, 0x7120, 0x7100, 0x78E0, 0x78C0, 0x78A1, 0x7881, 0x7882, 0x8084, 0x8065, 0x8068, 0x806A, 0x888C,
    0x888E, 0x888F, 0x8091, 0x8072, 0x7873, 0x7873, 0x7074, 0x7094, 0x6895, 0x68B5, 0x60D5, 0x60D5, 0x58F5, 0x5936, 0x6156, 0x6196,
    0x6180, 0x6980, 0x6980, 0x7180, 0x7160, 0x7940, 0x7920, 0x7900, 0x80E0, 0x78E1, 0x78C2, 0x78A3, 0x80A5, 0x80A7, 0x80A9, 0x80AC,
    0x80AE, 0x80AF, 0x80B0, 0x7891, 0x7092, 0x7093, 0x6894, 0x6895, 0x60B5, 0x60D5, 0x58D5, 0x58F5, 0x5936, 0x5956, 0x6197, 0x69F7,
    0x61A0, 0x69C0, 0x71C0, 0x71C0, 0x79C0, 0x81A0, 0x81A0, 0x8180, 0x8161, 0x8141, 0x8122, 0x8103, 0x80E4, 0x80E6, 0x80E9, 0x80EB,
    0x80ED, 0x810F, 0x78F0, 0x70D1, 0x68B2, 0x68B3, 0x68B4, 0x60B5, 0x58D5, 0x58D5, 0x58F6, 0x5136, 0x5956, 0x5996, 0x61F7, 0x6A58,
    0x69E0, 0x7200, 0x7200, 0x7A20, 0x8220, 0x8220, 0x8A00, 0x89E0, 0x89C1, 0x89A1, 0x8982, 0x8163, 0x8164, 0x8146, 0x8148, 0x814B,
    0x814D, 0x794F, 0x7950, 0x6911, 0x68F2, 0x60D3, 0x58D4, 0x58D5, 0x50D5, 0x50F5, 0x5136, 0x5156, 0x5996, 0x61F7, 0x6A58, 0x72B8,
    0x6A20, 0x7240, 0x7A60, 0x8260, 0x8A80, 0x8A80, 0x9281, 0x9281, 0x9261, 0x9242, 0x9222, 0x8A03, 0x89E4, 0x89C6, 0x89C8, 0x89CB,
    0x81CD, 0x81CF, 0x79B1, 0x6971, 0x6152, 0x5913, 0x5114, 0x48F5, 0x4915, 0x4936, 0x4956, 0x5196, 0x59F7, 0x6258, 0x6AB8, 0x7B39,
    0x7260, 0x7A80, 0x82A0, 0x8AC1, 0x8AE1, 0x9301, 0x9B01, 0xA301, 0xA301, 0x9AE2, 0x9AC3, 0x92A3, 0x9284, 0x9266, 0x8A68, 0x8A6B,
    0x8A6D, 0x826F, 0x7A51, 0x69F2, 0x61B2, 0x5173, 0x4954, 0x4135, 0x4155, 0x4156, 0x4196, 0x49F7, 0x5A57, 0x62B8, 0x7339, 0x8399,
    0x72A0, 0x7AC0, 0x82E1, 0x8B21, 0x9341, 0x9B61, 0xA381, 0xA382, 0xAB82, 0xAB82, 0xA363, 0xA344, 0x9B45, 0x9B26, 0x9308, 0x8B0B,
    0x8B0D, 0x830F, 0x7AD1, 0x6A92, 0x5A53, 0x51F3, 0x49D4, 0x4195, 0x39B5, 0x39B6, 0x41F6, 0x4A57, 0x5AB8, 0x6B39, 0x7B99, 0x83FA,
    0x7AE0, 0x8301, 0x8B41, 0x8B61, 0x93A1, 0x9BC1, 0xA3E2, 0xAC02, 0xAC02, 0xAC03, 0xAC03, 0xA3E4, 0xA3C5, 0x9BC7, 0x9BA8, 0x93AB,
    0x8B8D, 0x838F, 0x7B71, 0x6B12, 0x5AD2, 0x4A93, 0x4254, 0x3A15, 0x3A15, 0x3A16, 0x4277, 0x4AB7, 0x5B38, 0x6B99, 0x7BFA, 0x8C5A,
    0x7B00, 0x8341, 0x8B81, 0x93C1, 0x9401, 0x9C22, 0xA442, 0xA462, 0xAC82, 0xAC63, 0xAC63, 0xAC64, 0xA445, 0xA427, 0x9C28, 0x940B,
    0x8C0D, 0x840F, 0x73F1, 0x6B91, 0x5B52, 0x4B13, 0x42D4, 0x3AB4, 0x3A95, 0x3A96, 0x42D7, 0x4B38, 0x6399, 0x73FA, 0x7C5A, 0x8C9A,
    0x7B40, 0x8381, 0x83C1, 0x8C01, 0x9421, 0x9C62, 0x9C82, 0xA4A2, 0xA4C2, 0xA4C3, 0xA4C3, 0xA4A4, 0x9CA5, 0x9C86, 0x9468, 0x8C6A,
    0x846C, 0x7C4E, 0x7450, 0x6C11, 0x5BD2, 0x5393, 0x4B74, 0x4335, 0x4336, 0x3B36, 0x4B57, 0x53B9, 0x63F9, 0x745A, 0x849A, 0x8CDA,
    0x7B80, 0x7BC1, 0x83E1, 0x8421, 0x8C61, 0x8C81, 0x94C2, 0x9CE2, 0x9D02, 0x9D03, 0x9D03, 0x9CE4, 0x94C4, 0x94C5, 0x8CA7, 0x8489,
    0x748B, 0x6C6D, 0x6C6F, 0x6C71, 0x6453, 0x5C33, 0x53F4, 0x4BD5, 0x4BD6, 0x4BD7, 0x53F8, 0x5C39, 0x6C7A, 0x7C9A, 0x84DA, 0x8D1A,
    0x73C0, 0x7BE0, 0x7C21, 0x8441, 0x8481, 0x8CA1, 0x8CE2, 0x9502, 0x9522, 0x9522, 0x9523, 0x9523, 0x8D04, 0x8CE5, 0x7CC6, 0x74A7,
    0x6CA9, 0x648C, 0x648E, 0x6CD1, 0x64D3, 0x64B4, 0x5C95, 0x5476, 0x5457, 0x5458, 0x5C79, 0x649A, 0x6CBA, 0x7CDA, 0x851A, 0x8D5B,
    0x73E0, 0x7400, 0x7420, 0x7C61, 0x7C81, 0x84C1, 0x8D01, 0x8D22, 0x9542, 0x9562, 0x9563, 0x8D43, 0x8D23, 0x7D04, 0x74E5, 0x6CC6,
    0x64A8, 0x54AB, 0x54CE, 0x6510, 0x6533, 0x6D35, 0x6516, 0x5CF6, 0x5CD7, 0x54D8, 0x5CD9, 0x64FA, 0x74FA, 0x7D1A, 0x855A, 0x8D7B,
    0x6C00, 0x6C20, 0x7440, 0x7481, 0x7CA1, 0x84E1, 0x8521, 0x8D42, 0x8D62, 0x9582, 0x8D83, 0x8D63, 0x8563, 0x7D44, 0x6D04, 0x64E5,
    0x54C7, 0x4CCA, 0x4CED, 0x5530, 0x6552, 0x6D94, 0x6D96, 0x6577, 0x6558, 0x5D38, 0x6539, 0x6D3A, 0x755A, 0x7D5A, 0x857A, 0x8D9B,
    0x6C00, 0x6C20, 0x6C60, 0x74A1, 0x7CC1, 0x8501, 0x8541, 0x8D62, 0x8D82, 0x8D82, 0x8DA3, 0x8DA3, 0x8583, 0x7564, 0x6D44, 0x5D05,
    0x4CE6, 0x44C9, 0x450C, 0x4D4F, 0x5592, 0x65D4, 0x65F6, 0x6DF7, 0x65D8, 0x6599, 0x6599, 0x6D7A, 0x757A, 0x7D9A, 0x859A, 0x8DBB,
    0x6420, 0x6C40, 0x6C80, 0x74C1, 0x7D01, 0x8521, 0x8D62, 0x8D82, 0x8D82, 0x8DA3, 0x8DA3, 0x8DA3, 0x85A4, 0x7584, 0x6D44, 0x5D25,
    0x4D06, 0x4509, 0x3D2C, 0x454E, 0x55B1, 0x5DF3, 0x6615, 0x6E37, 0x6E38, 0x6619, 0x6DFA, 0x6DDA, 0x75BA, 0x7DBA, 0x8DDA, 0x95DB,
    0x6440, 0x6C60, 0x6CA0, 0x74E1, 0x7D21, 0x8542, 0x8D82, 0x8DA2, 0x8DA3, 0x8DA3, 0x8DC4, 0x85A4, 0x7DA4, 0x7584, 0x6565, 0x5D45,
    0x4D27, 0x3D29, 0x3D4B, 0x456E, 0x4DB0, 0x5613, 0x5E35, 0x6676, 0x6E78, 0x6E7A, 0x6E5A, 0x761A, 0x7E1A, 0x85FA, 0x8DFA, 0x961B,
    0x6460, 0x6CA0, 0x74E1, 0x7D21, 0x8541, 0x8D82, 0x8DA2, 0x8DA3, 0x8DC3, 0x8DC4, 0x8DC4, 0x85A4, 0x7DA4, 0x7584, 0x6D65, 0x5D46,
    0x4D47, 0x4549, 0x456C, 0x458E, 0x4DD0, 0x5612, 0x6654, 0x6E76, 0x6E98, 0x6E99, 0x767A, 0x765A, 0x7E5A, 0x863A, 0x8E3B, 0x963B,
    0x6480, 0x6CC1, 0x7D21, 0x8541, 0x8582, 0x8DA2, 0x8DA3, 0x8DC3, 0x8DC4, 0x8DC4, 0x8DC4, 0x85A4, 0x7DA5, 0x7585, 0x6D85, 0x5D66,
    0x5568, 0x4D6A, 0x458C, 0x4DAE, 0x55F0, 0x5E32, 0x6654, 0x6E96, 0x76B7, 0x76B8, 0x76B9, 0x7EBA, 0x7E9A, 0x867A, 0x8E7B, 0x967B,
    0x6CC0, 0x7501, 0x7D41, 0x8582, 0x8DA2, 0x8DA3, 0x95C3, 0x8DC4, 0x8DC4, 0x8DC4, 0x8DC5, 0x85C5, 0x7DA5, 0x75A6, 0x6D86, 0x6587,
    0x5D89, 0x558B, 0x55AD, 0x55EF, 0x5E11, 0x6652, 0x6E74, 0x7696, 0x7EB7, 0x7ED8, 0x7ED9, 0x86DA, 0x86BA, 0x8EBB, 0x8E9B, 0x9E9B,
    0x7501, 0x7D41, 0x8582, 0x8DA2, 0x8DC3, 0x95C3, 0x95C4, 0x95C4, 0x8DC5, 0x8DC5, 0x85C5, 0x85C5, 0x7DA6, 0x75A6, 0x75A7, 0x6DA8,
    0x65AA, 0x5DCC, 0x5DEE, 0x6610, 0x6631, 0x6E73, 0x7694, 0x7EB6, 0x7ED7, 0x86D8, 0x86D9, 0x8ED9, 0x8EDA, 0x8EDB, 0x96DB, 0x9EDB,
    0x7D41, 0x8582, 0x8DA2, 0x8DC3, 0x95C4, 0x95C4, 0x95C4, 0x8DC5, 0x8DC5, 0x8DC5, 0x8DC6, 0x85C6, 0x85C7, 0x7DC8, 0x75C9, 0x75CA,
    0x6DCC, 0x6DED, 0x6E0F, 0x6E31, 0x7672, 0x7E93, 0x7EB5, 0x86D6, 0x8ED7, 0x8ED7, 0x8EF8, 0x8EF9, 0x96FA, 0x96FA, 0x96FB, 0x9EFB,
    0x85A2, 0x8DA2, 0x8DC3, 0x95C4, 0x95E4, 0x95E4, 0x95E5, 0x8DC5, 0x8DC5, 0x8DC6, 0x8DC6, 0x8DE7, 0x85E8, 0x85E9, 0x7DEA, 0x7DEC,
    0x7E0D, 0x762F, 0x7E50, 0x7E71, 0x8693, 0x86B4, 0x8ED5, 0x8ED6, 0x8ED7, 0x96F7, 0x96F8, 0x96F9, 0x9EFA, 0x9EFA, 0x9EFA, 0x9F1B,
    0x5820, 0x5840, 0x5841, 0x5821, 0x5821, 0x5822, 0x5822, 0x5823, 0x5824, 0x5824, 0x5825, 0x5826, 0x6027, 0x6028, 0x6029, 0x602A,
    0x602B, 0x682C, 0x682D, 0x682D, 0x682E, 0x682F, 0x6850, 0x7050, 0x7051, 0x7052, 0x7052, 0x7053, 0x7053, 0x7074, 0x7074, 0x7075,
    0x5840, 0x5840, 0x5840, 0x5841, 0x5841, 0x6022, 0x6022, 0x6023, 0x6024, 0x6024, 0x6025, 0x6026, 0x6827, 0x6828, 0x6829, 0x682A,
    0x682C, 0x702D, 0x702D, 0x704E, 0x704F, 0x7050, 0x7050, 0x7051, 0x7052, 0x7052, 0x7053, 0x7053, 0x7074, 0x7074, 0x7074, 0x7095,
    0x5860, 0x5840, 0x6040, 0x6040, 0x6041, 0x6041, 0x6042, 0x6823, 0x6823, 0x6824, 0x6825, 0x6826, 0x6827, 0x7028, 0x702A, 0x702B,
    0x782C, 0x784D, 0x784E, 0x784F, 0x7850, 0x7850, 0x7851, 0x7851, 0x7852, 0x7853, 0x7053, 0x7074, 0x7074, 0x7074, 0x7095, 0x7095,
    0x5880, 0x5860, 0x6040, 0x6040, 0x6840, 0x6841, 0x6841, 0x6822, 0x6823, 0x7024, 0x7025, 0x7026, 0x7027, 0x7829, 0x782A, 0x782B,
    0x804D, 0x804E, 0x804F, 0x804F, 0x7850, 0x7851, 0x7851, 0x7852, 0x7852, 0x7853, 0x7873, 0x7874, 0x7074, 0x7095, 0x7095, 0x70B5,
    0x58A0, 0x6080, 0x6060, 0x6840, 0x6840, 0x7040, 0x7041, 0x7042, 0x7023, 0x7024, 0x7825, 0x7826, 0x7827, 0x8029, 0x802A, 0x802C,
    0x804D, 0x884E, 0x884F, 0x8050, 0x8051, 0x8051, 0x7852, 0x7852, 0x7853, 0x7873, 0x7874, 0x7874, 0x7094, 0x7095, 0x70B5, 0x68D5,
    0x58C0, 0x60A0, 0x6080, 0x6880, 0x6860, 0x7040, 0x7040, 0x7841, 0x7822, 0x7823, 0x8024, 0x8026, 0x8027, 0x8029, 0x882B, 0x884C,
    0x884E, 0x884F, 0x8850, 0x8851, 0x8051, 0x8052, 0x8052, 0x7853, 0x7873, 0x7874, 0x7874, 0x7094, 0x7095, 0x70B5, 0x68D5, 0x68F5,
    0x60E0, 0x60C0, 0x68C0, 0x68A0, 0x6880, 0x7060, 0x7840, 0x7841, 0x8041, 0x8023, 0x8024, 0x8825, 0x8827, 0x8829, 0x884B, 0x904C,
    0x904E, 0x904F, 0x9050, 0x8851, 0x8852, 0x8052, 0x8053, 0x8073, 0x7874, 0x7874, 0x7894, 0x7095, 0x70B5, 0x68D5, 0x68F5, 0x6915,
    0x6100, 0x60E0, 0x68E0, 0x68C0, 0x70A0, 0x7080, 0x7860, 0x7860, 0x8041, 0x8042, 0x8843, 0x8845, 0x8846, 0x8848, 0x904A, 0x904C,
    0x904E, 0x904F, 0x9071, 0x8871, 0x8872, 0x8853, 0x8073, 0x8074, 0x7874, 0x7894, 0x7094, 0x70B5, 0x68D5, 0x68F5, 0x6915, 0x6935,
    0x6120, 0x6100, 0x6900, 0x68E0, 0x70E0, 0x70C0, 0x78A0, 0x7880, 0x8060, 0x8041, 0x8842, 0x8844, 0x8846, 0x9048, 0x904A, 0x904C,
    0x906E, 0x906F, 0x9071, 0x9072, 0x8872, 0x8873, 0x8073, 0x7874, 0x7894, 0x7094, 0x70B5, 0x68D5, 0x68F5, 0x6915, 0x6935, 0x6955,
    0x6140, 0x6940, 0x6940, 0x7120, 0x7120, 0x7900, 0x78E0, 0x80C0, 0x80A0, 0x8081, 0x8062, 0x8863, 0x8865, 0x8867, 0x8869, 0x906C,
    0x906D, 0x908F, 0x9090, 0x8891, 0x8872, 0x8073, 0x8073, 0x7894, 0x7894, 0x70B4, 0x68D5, 0x68F5, 0x6915, 0x6935, 0x6976, 0x7196,
    0x6980, 0x6980, 0x7180, 0x7160, 0x7960, 0x7940, 0x8120, 0x8100, 0x80E0, 0x80C1, 0x80A1, 0x88A3, 0x8884, 0x8887, 0x8889, 0x888B,
    0x88AD, 0x88AF, 0x88B0, 0x88B1, 0x8092, 0x8093, 0x7894, 0x7894, 0x70B4, 0x68D5, 0x68F5, 0x6915, 0x6935, 0x6956, 0x69B6, 0x71F7,
    0x69A0, 0x71C0, 0x71C0, 0x79C0, 0x81A0, 0x81A0, 0x8980, 0x8960, 0x8940, 0x8921, 0x8901, 0x80E2, 0x80C4, 0x88C6, 0x88C8, 0x88CA,
    0x88CD, 0x88EE, 0x88F0, 0x80D1, 0x80B2, 0x78B3, 0x78B3, 0x70B4, 0x68D5, 0x68D5, 0x6915, 0x6135, 0x6976, 0x6996, 0x71F7, 0x7A58,
    0x69E0, 0x7200, 0x7A00, 0x8200, 0x8200, 0x8A00, 0x89E0, 0x91C0, 0x91A1, 0x8981, 0x8961, 0x8942, 0x8923, 0x8925, 0x8907, 0x890A,
    0x892C, 0x892E, 0x8930, 0x8111, 0x78F2, 0x70D3, 0x70D3, 0x68D4, 0x68F5, 0x60F5, 0x6135, 0x6156, 0x6996, 0x69F7, 0x7257, 0x7AB8,
    0x7220, 0x7A40, 0x8240, 0x8260, 0x8A60, 0x9260, 0x9260, 0x9A61, 0x9A41, 0x9A21, 0x9202, 0x91E2, 0x91C3, 0x89A5, 0x8987, 0x898A,
    0x898C, 0x89AE, 0x89B0, 0x8171, 0x7952, 0x7133, 0x6913, 0x60F4, 0x6115, 0x5935, 0x6156, 0x6196, 0x69F7, 0x7257, 0x7AB8, 0x8319,
    0x7A60, 0x7A80, 0x82A0, 0x8AA1, 0x92C1, 0x9AE1, 0xA2E1, 0xA2E1, 0xA2C1, 0xA2A2, 0xA2A2, 0x9A83, 0x9A64, 0x9225, 0x9227, 0x9209,
    0x922C, 0x922F, 0x8A30, 0x81F1, 0x71D2, 0x6993, 0x6154, 0x5934, 0x5955, 0x5976, 0x5996, 0x61F7, 0x6A57, 0x72B8, 0x7B19, 0x8B99,
    0x7AA0, 0x82C0, 0x8AE1, 0x9301, 0x9B21, 0xA341, 0xAB61, 0xAB61, 0xB361, 0xAB42, 0xAB42, 0xAB23, 0xA304, 0xA2E5, 0x9AC7, 0x9AC9,
    0x92CC, 0x92CF, 0x8AD1, 0x8292, 0x7A53, 0x6A14, 0x61D4, 0x59B5, 0x51B5, 0x51B6, 0x59F7, 0x5A57, 0x6AB8, 0x7B19, 0x8399, 0x8BFA,
    0x7AE0, 0x8301, 0x8B41, 0x9361, 0x9B81, 0xA3A1, 0xABC1, 0xB3E2, 0xB3E2, 0xB3E2, 0xB3C3, 0xB3C4, 0xABA5, 0xAB86, 0xA388, 0x9B6A,
    0x9B6C, 0x936F, 0x8B51, 0x8332, 0x72F3, 0x6A94, 0x5A54, 0x5215, 0x5216, 0x4A16, 0x5257, 0x5AB8, 0x6B19, 0x7B99, 0x83FA, 0x945A,
    0x8301, 0x8B41, 0x9381, 0x9BC1, 0xA3E2, 0xAC02, 0xAC22, 0xB442, 0xB462, 0xBC63, 0xBC43, 0xB444, 0xB425, 0xB426, 0xAC08, 0xA40A,
    0x9C0C, 0x940F, 0x8BF0, 0x83B2, 0x7373, 0x6333, 0x5AF4, 0x52B5, 0x4A96, 0x4A96, 0x52D7, 0x5B18, 0x6B99, 0x7BFA, 0x8C5A, 0x949A,
    0x8341, 0x8B81, 0x93C1, 0x9C01, 0x9C22, 0xA462, 0xAC82, 0xB4A2, 0xB4A3, 0xB4C3, 0xB4C3, 0xB4A4, 0xB4A5, 0xAC86, 0xAC88, 0xA48A,
    0x9C6C, 0x946E, 0x8C50, 0x7C31, 0x73F3, 0x6BB3, 0x5B74, 0x5355, 0x5336, 0x4B17, 0x5358, 0x6399, 0x73F9, 0x845A, 0x8C9A, 0x94DA,
    0x8381, 0x8BC1, 0x8C01, 0x9421, 0x9C62, 0x9C82, 0xA4C2, 0xACE2, 0xAD03, 0xAD03, 0xB503, 0xB504, 0xACE5, 0xACE6, 0xA4C7, 0x9CC9,
    0x94AB, 0x8C8D, 0x848F, 0x7C91, 0x7473, 0x6C34, 0x6414, 0x5BD5, 0x5BD6, 0x53D8, 0x5BF9, 0x6C19, 0x745A, 0x849A, 0x8CDA, 0x951B,
    0x83C1, 0x8401, 0x8C21, 0x8C61, 0x9482, 0x9CC2, 0x9CE2, 0xA502, 0xA542, 0xAD43, 0xAD43, 0xAD44, 0xA525, 0xA525, 0x9D07, 0x94E8,
    0x8CEA, 0x7CCC, 0x7CCE, 0x7CD1, 0x74D2, 0x6CB4, 0x6C95, 0x6476, 0x5C57, 0x5C58, 0x6479, 0x6C9A, 0x74BA, 0x84FA, 0x8D1A, 0x955B,
    0x7BE1, 0x8421, 0x8441, 0x8C81, 0x8CC1, 0x94E2, 0x9D22, 0x9D42, 0xA562, 0xA563, 0xA583, 0xA564, 0xA564, 0x9D45, 0x9526, 0x8D07,
    0x7CE8, 0x74EB, 0x6CED, 0x7510, 0x7532, 0x7534, 0x7515, 0x6CF6, 0x64D7, 0x64D8, 0x6CD9, 0x6CFA, 0x7D1A, 0x853A, 0x8D5A, 0x957B,
    0x7C00, 0x7C41, 0x8461, 0x84A1, 0x8CE1, 0x9502, 0x9542, 0x9D62, 0xA582, 0xA583, 0xA5A3, 0xA5A4, 0x9D84, 0x9564, 0x8D45, 0x8526,
    0x7507, 0x6D0A, 0x650D, 0x652F, 0x6D52, 0x7594, 0x7596, 0x6D77, 0x6D58, 0x6D39, 0x6D39, 0x753A, 0x7D5A, 0x855A, 0x8D7A, 0x95BB,
    0x7420, 0x7C61, 0x7C81, 0x84C1, 0x8D01, 0x9522, 0x9562, 0x9D82, 0xA5A3, 0xA5A3, 0xA5C3, 0xA5C4, 0x9DC4, 0x95A4, 0x8D85, 0x7D45,
    0x6D27, 0x5D09, 0x5D2C, 0x5D4E, 0x6591, 0x6DD3, 0x75D6, 0x75F7, 0x75D8, 0x6D99, 0x759A, 0x759A, 0x7D9A, 0x859A, 0x8DBA, 0x95DB,
    0x7440, 0x7481, 0x7CA1, 0x84E1, 0x8D21, 0x9542, 0x9582, 0x9DA3, 0xA5A3, 0xA5C3, 0xA5C4, 0x9DC4, 0x9DC4, 0x8DA4, 0x8585, 0x7565,
    0x6D46, 0x5D28, 0x554B, 0x554E, 0x5D90, 0x65F3, 0x6E15, 0x7637, 0x7638, 0x7619, 0x75FA, 0x7DDA, 0x7DDA, 0x8DDA, 0x8DDB, 0x9DFB,
    0x7460, 0x74A1, 0x7CE1, 0x8521, 0x8D42, 0x9582, 0x9DA2, 0x9DA3, 0x9DC3, 0x9DC4, 0x9DE4, 0x9DE4, 0x95C5, 0x8DC5, 0x85A5, 0x7585,
    0x6566, 0x5548, 0x4D4A, 0x4D6D, 0x55B0, 0x5DF2, 0x6E34, 0x6E76, 0x7678, 0x767A, 0x7E5A, 0x7E3A, 0x861A, 0x8E1A, 0x961B, 0x9E1B,
    0x7480, 0x7CC1, 0x8501, 0x8D42, 0x9562, 0x95A2, 0x9DC3, 0x9DC3, 0x9DC4, 0x9DE4, 0x9DE4, 0x9DE5, 0x95C5, 0x8DC5, 0x85A5, 0x7586,
    0x6D87, 0x5D69, 0x556B, 0x4D8D, 0x55D0, 0x5E12, 0x6E54, 0x7696, 0x7698, 0x7EB9, 0x7E9A, 0x7E7A, 0x865A, 0x8E5B, 0x965B, 0x9E5B,
    0x74C1, 0x7D01, 0x8541, 0x8D62, 0x95A2, 0x9DC3, 0x9DC3, 0x9DE4, 0x9DE4, 0x9DE4, 0x9DE5, 0x95E5, 0x8DC5, 0x8DC6, 0x85A6, 0x75A6,
    0x6D88, 0x5D89, 0x55AB, 0x55CD, 0x5DF0, 0x6632, 0x6E74, 0x7696, 0x7EB7, 0x7ED8, 0x86D9, 0x86DA, 0x8EBB, 0x8E9B, 0x967B, 0x9E7B,
    0x7CE1, 0x8541, 0x8D62, 0x9582, 0x95C3, 0x9DC3, 0x9DE4, 0x9DE4, 0x9DE4, 0x9DE5, 0x9DE5, 0x95E6, 0x8DE6, 0x8DC6, 0x85C7, 0x7DC8,
    0x75A9, 0x65AA, 0x65CC, 0x5DEE, 0x6610, 0x6E52, 0x7694, 0x7EB6, 0x86D7, 0x86D8, 0x86D9, 0x8EDA, 0x8EDA, 0x96BB, 0x9EBB, 0xA6BB,
    0x7D41, 0x8562, 0x8DA2, 0x95C3, 0x9DC3, 0x9DE4, 0x9DE4, 0x9DE5, 0x9DE5, 0x9DE5, 0x95E6, 0x95E6, 0x8DE7, 0x8DE7, 0x85E8, 0x7DC9,
    0x75CA, 0x6DEC, 0x6DED, 0x6E0F, 0x6E51, 0x7673, 0x7E94, 0x86B6, 0x86D7, 0x8ED8, 0x8EF9, 0x96FA, 0x96FA, 0x96FB, 0x9EDB, 0xA6DB,
    0x8562, 0x8DA2, 0x95C3, 0x9DC3, 0x9DE4, 0x9DE4, 0x9DE5, 0x9DE5, 0x9DE6, 0x9DE6, 0x95E6, 0x95E7, 0x9608, 0x8DE8, 0x8DE9, 0x85EA,
    0x7E0C, 0x7E0D, 0x762F, 0x7E50, 0x7E72, 0x8693, 0x86B5, 0x8ED6, 0x8ED7, 0x96F8, 0x96F8, 0x9EF9, 0x9EFA, 0x9EFA, 0x9EFB, 0xA6FB,
    0x8DA2, 0x95C3, 0x9DE3, 0x9DE4, 0x9DE4, 0x9DE5, 0x9DE5, 0x9DE6, 0x9DE6, 0x9DE7, 0x9607, 0x9608, 0x9609, 0x8E0A, 0x8E0B, 0x8E0C,
    0x862D, 0x864F, 0x8670, 0x8691, 0x8EB3, 0x8ED4, 0x96D5, 0x96D6, 0x96F7, 0x9EF8, 0x9EF8, 0x9EF9, 0xA6FA, 0xA6FA, 0xA71B, 0xA71B,
    0x5840, 0x5840, 0x6041, 0x6041, 0x6041, 0x6042, 0x6022, 0x6023, 0x6024, 0x6024, 0x6025, 0x6026, 0x6027, 0x6828, 0x6829, 0x682A,
    0x682B, 0x702C, 0x702D, 0x702D, 0x704E, 0x704F, 0x7850, 0x7850, 0x7851, 0x7851, 0x7852, 0x7853, 0x7853, 0x7874, 0x7874, 0x7875,
    0x5840, 0x6040, 0x6040, 0x6041, 0x6041, 0x6041, 0x6022, 0x6823, 0x6823, 0x6824, 0x6825, 0x6826, 0x6827, 0x7028, 0x7029, 0x702A,
    0x702B, 0x782C, 0x784D, 0x784E, 0x784F, 0x7850, 0x7850, 0x7851, 0x7851, 0x7852, 0x7852, 0x7853, 0x7873, 0x7874, 0x7874, 0x7875,
    0x5860, 0x6040, 0x6840, 0x6840, 0x6841, 0x6841, 0x6822, 0x6822, 0x6823, 0x7024, 0x7025, 0x7026, 0x7027, 0x7828, 0x782A, 0x782B,
    0x782C, 0x804D, 0x804E, 0x804F, 0x804F, 0x8050, 0x8051, 0x8051, 0x7852, 0x7852, 0x7853, 0x7873, 0x7874, 0x7874, 0x7874, 0x7095,
    0x6080, 0x6060, 0x6840, 0x6840, 0x6840, 0x7041, 0x7041, 0x7022, 0x7023, 0x7024, 0x7825, 0x7826, 0x7827, 0x7828, 0x802A, 0x802B,
    0x804C, 0x804D, 0x884E, 0x884F, 0x8050, 0x8051, 0x8051, 0x8052, 0x8052, 0x8053, 0x7873, 0x7874, 0x7874, 0x7894, 0x7894, 0x70B4,
    0x60A0, 0x6080, 0x6860, 0x6860, 0x7040, 0x7040, 0x7841, 0x7842, 0x7822, 0x7823, 0x8024, 0x8026, 0x8027, 0x8028, 0x882A, 0x882C,
    0x884D, 0x884E, 0x884F, 0x8850, 0x8851, 0x8851, 0x8852, 0x8052, 0x8053, 0x8073, 0x8074, 0x7874, 0x7894, 0x7894, 0x78B4, 0x70D4,
    0x60C0, 0x60A0, 0x6880, 0x6880, 0x7060, 0x7840, 0x7840, 0x8041, 0x8022, 0x8023, 0x8024, 0x8825, 0x8827, 0x8828, 0x882A, 0x884C,
    0x904D, 0x904E, 0x904F, 0x9050, 0x8851, 0x8852, 0x8852, 0x8053, 0x8073, 0x8074, 0x7874, 0x7874, 0x7894, 0x78B4, 0x70D4, 0x70F4,
    0x60E0, 0x68C0, 0x68C0, 0x68A0, 0x7080, 0x7860, 0x8040, 0x8041, 0x8841, 0x8842, 0x8824, 0x8825, 0x9027, 0x9028, 0x904A, 0x904C,
    0x904D, 0x904F, 0x9050, 0x9051, 0x9051, 0x8852, 0x8853, 0x8873, 0x8073, 0x8074, 0x7874, 0x7894, 0x78B4, 0x70D4, 0x70F4, 0x70F4,
    0x6100, 0x68E0, 0x68E0, 0x70C0, 0x70A0, 0x7880, 0x8060, 0x8060, 0x8841, 0x8842, 0x9043, 0x9044, 0x9046, 0x9048, 0x984A, 0x984C,
    0x984D, 0x984F, 0x9850, 0x9871, 0x9072, 0x9072, 0x8873, 0x8873, 0x8074, 0x8074, 0x7894, 0x78B4, 0x78D4, 0x70F4, 0x7114, 0x7135,
    0x6920, 0x6900, 0x6900, 0x70E0, 0x70E0, 0x78C0, 0x80A0, 0x8080, 0x8860, 0x8841, 0x9042, 0x9044, 0x9846, 0x9848, 0x984A, 0x984C,
    0x984D, 0x986F, 0x9870, 0x9871, 0x9072, 0x9073, 0x8873, 0x8874, 0x8074, 0x7894, 0x78B4, 0x78B4, 0x70D4, 0x7114, 0x7135, 0x7155,
    0x6940, 0x6940, 0x7140, 0x7120, 0x7900, 0x7900, 0x80E0, 0x80A0, 0x8880, 0x8881, 0x8862, 0x9063, 0x9065, 0x9867, 0x9869, 0x986B,
    0x986D, 0x986F, 0x9870, 0x9091, 0x9072, 0x9073, 0x8873, 0x8074, 0x8094, 0x78B4, 0x78B4, 0x70D4, 0x7115, 0x7135, 0x7175, 0x7996,
    0x6980, 0x7180, 0x7160, 0x7960, 0x7940, 0x8140, 0x8120, 0x88E0, 0x88C0, 0x88A1, 0x88A1, 0x9083, 0x9084, 0x9086, 0x9088, 0x908B,
    0x908D, 0x908E, 0x9090, 0x9091, 0x9092, 0x8893, 0x8893, 0x8094, 0x80B4, 0x78B4, 0x78D4, 0x70F5, 0x7135, 0x7155, 0x79B6, 0x79F6,
    0x71A0, 0x71A0, 0x79C0, 0x81A0, 0x81A0, 0x8980, 0x8960, 0x8940, 0x8920, 0x8901, 0x88E1, 0x88C2, 0x88C3, 0x90A5, 0x90A8, 0x90AA,
    0x90AC, 0x90CE, 0x90CF, 0x90D1, 0x88D1, 0x88B2, 0x80B3, 0x80B4, 0x78B4, 0x78D4, 0x70F5, 0x7135, 0x7175, 0x7196, 0x79F6, 0x8257,
    0x71E0, 0x7A00, 0x8200, 0x8200, 0x8A00, 0x89E0, 0x91C0, 0x91A0, 0x9180, 0x9161, 0x9141, 0x8922, 0x8903, 0x8905, 0x90E7, 0x90E9,
    0x90EC, 0x910D, 0x910F, 0x8910, 0x88F1, 0x80D2, 0x80D3, 0x78D4, 0x78F4, 0x70F4, 0x7135, 0x7155, 0x7196, 0x79F6, 0x8257, 0x82B8,
    0x7A20, 0x7A40, 0x8240, 0x8A40, 0x9260, 0x9240, 0x9A40, 0x9A20, 0x9A01, 0x99E1, 0x99C1, 0x99A2, 0x9183, 0x9164, 0x9146, 0x9149,
    0x914B, 0x916D, 0x916F, 0x8970, 0x8951, 0x8132, 0x7913, 0x78F4, 0x7114, 0x7135, 0x7155, 0x7196, 0x79F6, 0x7A57, 0x82B8, 0x8B18,
    0x7A60, 0x8280, 0x8AA0, 0x92A1, 0x92C1, 0x9AC1, 0xA2C1, 0xA2A1, 0xAAA1, 0xAA81, 0xA262, 0xA242, 0x9A23, 0x99E4, 0x99E6, 0x91C8,
    0x91CB, 0x91ED, 0x91EF, 0x91F1, 0x89B2, 0x8192, 0x7973, 0x7154, 0x7155, 0x6975, 0x7196, 0x71F6, 0x7A57, 0x82B8, 0x8B18, 0x9379,
    0x82A0, 0x8AC1, 0x8AE1, 0x9301, 0x9B21, 0xA321, 0xAB21, 0xB321, 0xB321, 0xB322, 0xB302, 0xAAE3, 0xAAC4, 0xA2A5, 0xA286, 0xA268,
    0x9A6B, 0x9A8D, 0x9A90, 0x9291, 0x8A52, 0x8213, 0x79D4, 0x71B5, 0x69B5, 0x69B6, 0x69F7, 0x7257, 0x7AB8, 0x8319, 0x8B79, 0x93DA,
    0x82E1, 0x8B01, 0x9321, 0x9B41, 0xA381, 0xAB81, 0xB3A1, 0xB3A1, 0xBBA1, 0xBBA2, 0xBBA2, 0xB383, 0xB364, 0xB345, 0xAB47, 0xAB28,
    0xA30B, 0xA30D, 0x9B10, 0x9B12, 0x92F3, 0x82B4, 0x7A74, 0x7235, 0x6A16, 0x6A16, 0x6A57, 0x72B8, 0x7B19, 0x8B79, 0x93DA, 0x9C3A,
    0x8321, 0x8B41, 0x9361, 0xA3A1, 0xABC1, 0xABE2, 0xB402, 0xBC22, 0xBC22, 0xC422, 0xC423, 0xC423, 0xBC04, 0xBBE5, 0xB3E7, 0xB3E9,
    0xABCB, 0xA3CD, 0x9BB0, 0x9BB2, 0x9393, 0x8354, 0x7B15, 0x72D6, 0x6AB6, 0x6A97, 0x6AD8, 0x7319, 0x7B79, 0x8BFA, 0x943A, 0x9C9A,
    0x8341, 0x8B81, 0x9BC1, 0xA3E2, 0xAC22, 0xAC42, 0xB462, 0xBC62, 0xBC82, 0xC482, 0xC4A3, 0xC484, 0xC484, 0xBC66, 0xBC67, 0xB469,
    0xAC6B, 0xA44D, 0x9C50, 0x9C52, 0x8C13, 0x83D4, 0x7B95, 0x7356, 0x6B37, 0x6318, 0x6B58, 0x7399, 0x7BFA, 0x8C5A, 0x949A, 0x9CDA,
    0x8B81, 0x93C1, 0x9C01, 0xA422, 0xA462, 0xAC82, 0xB4A2, 0xB4C2, 0xB4E2, 0xBCE3, 0xC503, 0xC504, 0xC4E5, 0xBCE6, 0xBCC7, 0xB4C9,
    0xB4CB, 0xA4CD, 0x9CCF, 0x94B1, 0x8C93, 0x8454, 0x7415, 0x6BF6, 0x6BD7, 0x63B8, 0x6BD9, 0x73FA, 0x7C5A, 0x8C9A, 0x94DA, 0x9D1B,
    0x8BC1, 0x8C01, 0x9442, 0x9C62, 0xA4A2, 0xA4C2, 0xACE2, 0xAD02, 0xB523, 0xBD43, 0xBD43, 0xBD44, 0xBD45, 0xBD26, 0xB527, 0xB528,
    0xAD0A, 0xA50D, 0x950F, 0x8D11, 0x8CF2, 0x84D4, 0x7C95, 0x6C76, 0x6C57, 0x6C38, 0x6C59, 0x747A, 0x84BA, 0x8CFA, 0x951B, 0x9D5B,
    0x8401, 0x8C21, 0x9461, 0x9CA2, 0x9CC2, 0xA4E2, 0xA522, 0xAD43, 0xB543, 0xB563, 0xB583, 0xBD84, 0xB585, 0xB565, 0xAD46, 0xAD48,
    0xA549, 0x954C, 0x8D2E, 0x8530, 0x8532, 0x8534, 0x7D15, 0x74F6, 0x74D7, 0x6CB8, 0x74D9, 0x7CDA, 0x851A, 0x8D3A, 0x955B, 0x9D9B,
    0x8421, 0x8C61, 0x8C81, 0x94C2, 0x9CE2, 0xA522, 0xA542, 0xAD63, 0xAD83, 0xB5A3, 0xB5A3, 0xB5A4, 0xB5A5, 0xB5A5, 0xAD86, 0xA567,
    0x9D68, 0x8D4B, 0x854D, 0x7D4F, 0x7D51, 0x8574, 0x7D75, 0x7D77, 0x7D58, 0x7539, 0x7539, 0x7D3A, 0x855A, 0x8D7A, 0x959B, 0x9DBB,
    0x8441, 0x8481, 0x8CC1, 0x94E2, 0x9522, 0x9D42, 0xA562, 0xAD83, 0xADA3, 0xB5C3, 0xB5C3, 0xB5C4, 0xB5C4, 0xADC5, 0xA5A6, 0x9DA7,
    0x9588, 0x8569, 0x7D6B, 0x6D4E, 0x7570, 0x7DB3, 0x7DD5, 0x85F7, 0x7DD8, 0x7DB9, 0x7D9A, 0x7D9A, 0x859A, 0x8DBA, 0x95BB, 0x9DDB,
    0x7C61, 0x84A1, 0x8CE1, 0x9502, 0x9542, 0x9D62, 0xA583, 0xADA3, 0xADC3, 0xB5C3, 0xB5E4, 0xB5E4, 0xADE5, 0xADE5, 0xA5C6, 0x95A6,
    0x8DA7, 0x7D88, 0x756A, 0x656D, 0x6D90, 0x75D2, 0x7E15, 0x7E37, 0x8638, 0x7E19, 0x7DFA, 0x85FA, 0x8DDA, 0x8DFB, 0x9DFB, 0xA5FB,
    0x7C81, 0x84C1, 0x8D01, 0x9542, 0x9D62, 0xA582, 0xA5A3, 0xADC3, 0xADE3, 0xADE4, 0xADE4, 0xADE5, 0xADE5, 0xA5E6, 0x9DE6, 0x95C6,
    0x85A7, 0x7588, 0x6D8A, 0x5D8C, 0x5DAF, 0x6DF2, 0x7634, 0x7E76, 0x7E78, 0x869A, 0x867A, 0x863A, 0x8E3A, 0x961B, 0x9E1B, 0xA63B,
    0x7CC1, 0x8501, 0x8D42, 0x9562, 0x9D82, 0xA5A3, 0xADC3, 0xADC3, 0xADE4, 0xADE4, 0xADE5, 0xAE05, 0xA606, 0xA5E6, 0x9DE6, 0x95E7,
    0x85C8, 0x75A8, 0x6DAA, 0x5DAC, 0x5DCF, 0x6611, 0x7654, 0x7E96, 0x86B7, 0x86B9, 0x869A, 0x8E9A, 0x8E7B, 0x965B, 0x9E5B, 0xA65B,
    0x7CE1, 0x8D21, 0x9562, 0x9D82, 0xA5A3, 0xA5C3, 0xADE3, 0xADE4, 0xADE4, 0xADE5, 0xAE05, 0xA606, 0xA606, 0x9E07, 0x95E7, 0x8DE8,
    0x85E8, 0x7DC9, 0x6DCB, 0x65CC, 0x65EF, 0x6E31, 0x7673, 0x7EB5, 0x86D7, 0x86D8, 0x8EDA, 0x8EDA, 0x96BB, 0x969B, 0x9E9B, 0xA69B,
    0x8521, 0x8D42, 0x9582, 0x9DA3, 0xA5C3, 0xA5C3, 0xADE4, 0xADE4, 0xADE5, 0xADE5, 0xAE06, 0xA606, 0xA607, 0x9E07, 0x9608, 0x8E09,
    0x85E9, 0x7DEB, 0x75EC, 0x6DEE, 0x6E30, 0x7652, 0x7E94, 0x86B5, 0x8ED7, 0x8ED8, 0x8EF9, 0x96FA, 0x96DA, 0x9EDB, 0xA6BB, 0xAEBB,
    0x8D62, 0x9582, 0x9DA3, 0xA5C3, 0xA5E3, 0xADE4, 0xADE4, 0xADE5, 0xADE5, 0xA606, 0xA606, 0xA607, 0xA608, 0x9E08, 0x9609, 0x8E0A,
    0x8E0B, 0x860C, 0x7E0D, 0x762F, 0x7E51, 0x7E92, 0x86B4, 0x8ED5, 0x8ED6, 0x96F8, 0x96F9, 0x9EFA, 0x9EFA, 0x9EFB, 0xA6FB, 0xAEDB,
    0x9582, 0x9DA3, 0x9DC3, 0xA5E3, 0xA5E4, 0xADE4, 0xADE5, 0xADE5, 0xAE06, 0xA606, 0xA607, 0xA628, 0xA628, 0x9E29, 0x962A, 0x962B,
    0x8E2C, 0x8E2D, 0x864F, 0x8670, 0x8692, 0x8EB3, 0x8ED4, 0x96D6, 0x96F7, 0x9EF8, 0x9EF8, 0xA6F9, 0xA6FA, 0xA71B, 0xA6FB, 0xAEFB,
    0x9DC3, 0x9DC3, 0xA5E3, 0xA5E4, 0xADE4, 0xADE5, 0xADE5, 0xAE06, 0xA606, 0xA607, 0xA628, 0xA628, 0xA629, 0x9E4A, 0x9E4C, 0x964D,
    0x964E, 0x8E6F, 0x8E70, 0x9691, 0x96B3, 0x96D4, 0x96D5, 0x9EF6, 0x9EF7, 0xA6F8, 0xA6F8, 0xA719, 0xAF1A, 0xAF1A, 0xAF1B, 0xAF1B,
    0x6040, 0x6040, 0x6041, 0x6041, 0x6041, 0x6042, 0x6822, 0x6823, 0x6824, 0x6824, 0x6825, 0x6826, 0x6827, 0x7028, 0x7029, 0x702A,
    0x702B, 0x782C, 0x782D, 0x782D, 0x784E, 0x784F, 0x7850, 0x7850, 0x7851, 0x7851, 0x7852, 0x7852, 0x7853, 0x7873, 0x7874, 0x7874,
    0x6040, 0x6040, 0x6840, 0x6841, 0x6841, 0x6841, 0x6822, 0x6823, 0x6823, 0x7024, 0x7025, 0x7026, 0x7027, 0x7028, 0x7829, 0x782A,
    0x782B, 0x782C, 0x804D, 0x804E, 0x804F, 0x8050, 0x8050, 0x8051, 0x8051, 0x8052, 0x8052, 0x8053, 0x8073, 0x8074, 0x7874, 0x7874,
    0x6060, 0x6840, 0x6840, 0x6840, 0x7041, 0x7041, 0x7022, 0x7022, 0x7023, 0x7824, 0x7825, 0x7826, 0x7827, 0x7828, 0x8029, 0x802B,
    0x802C, 0x804D, 0x804E, 0x884E, 0x884F, 0x8850, 0x8851, 0x8051, 0x8052, 0x8052, 0x8053, 0x8073, 0x8074, 0x8074, 0x7874, 0x7894,
    0x6080, 0x6860, 0x6840, 0x7040, 0x7040, 0x7841, 0x7841, 0x7822, 0x7823, 0x7824, 0x8025, 0x8026, 0x8027, 0x8028, 0x882A, 0x882B,
    0x884C, 0x884D, 0x884E, 0x884F, 0x8850, 0x8851, 0x8851, 0x8852, 0x8852, 0x8053, 0x8073, 0x8074, 0x8074, 0x8074, 0x7894, 0x78B4,
    0x60A0, 0x6880, 0x6860, 0x7060, 0x7840, 0x7840, 0x8041, 0x8042, 0x8022, 0x8023, 0x8024, 0x8826, 0x8827, 0x8828, 0x882A, 0x884B,
    0x904D, 0x904E, 0x904F, 0x9050, 0x9050, 0x9051, 0x8852, 0x8852, 0x8853, 0x8873, 0x8074, 0x8074, 0x8074, 0x7894, 0x78B4, 0x78B4,
    0x68C0, 0x68A0, 0x6880, 0x7080, 0x7860, 0x7840, 0x8040, 0x8041, 0x8842, 0x8823, 0x8824, 0x8825, 0x9027, 0x9028, 0x904A, 0x904B,
    0x904D, 0x904E, 0x904F, 0x9050, 0x9051, 0x9051, 0x9052, 0x8853, 0x8873, 0x8873, 0x8074, 0x8074, 0x8094, 0x78B4, 0x78B4, 0x78D4,
    0x68E0, 0x68C0, 0x70C0, 0x70A0, 0x7880, 0x8060, 0x8040, 0x8841, 0x8841, 0x9042, 0x9044, 0x9045, 0x9847, 0x9848, 0x984A, 0x984C,
    0x984D, 0x984E, 0x984F, 0x9850, 0x9871, 0x9072, 0x9072, 0x8873, 0x8873, 0x8874, 0x8074, 0x8094, 0x80B4, 0x78B4, 0x78D4, 0x78F4,
    0x6900, 0x68E0, 0x70E0, 0x70C0, 0x78A0, 0x8080, 0x8060, 0x8860, 0x9041, 0x9042, 0x9843, 0x9844, 0x9846, 0x9848, 0x984A, 0x984B,
    0x984D, 0x984E, 0x9850, 0x9871, 0x9871, 0x9872, 0x9073, 0x8873, 0x8873, 0x8874, 0x8094, 0x80B4, 0x78B4, 0x78D4, 0x7914, 0x7934,
    0x6920, 0x7100, 0x7100, 0x78E0, 0x78E0, 0x80C0, 0x80A0, 0x8880, 0x9060, 0x9041, 0x9842, 0x9844, 0xA045, 0xA047, 0xA049, 0xA04B,
    0xA04D, 0x986E, 0x9870, 0x9871, 0x9872, 0x9872, 0x9073, 0x9073, 0x8874, 0x8094, 0x8094, 0x80B4, 0x78D4, 0x78F4, 0x7934, 0x7955,
    0x6940, 0x7140, 0x7140, 0x7920, 0x8100, 0x80E0, 0x88E0, 0x88A0, 0x9080, 0x9081, 0x9062, 0x9863, 0x9865, 0xA067, 0xA069, 0xA06B,
    0x986D, 0x986E, 0x9870, 0x9871, 0x9872, 0x9872, 0x9073, 0x8873, 0x8894, 0x8094, 0x80B4, 0x78D4, 0x78F4, 0x7934, 0x7955, 0x7995,
    0x7180, 0x7160, 0x7960, 0x7960, 0x8140, 0x8120, 0x8900, 0x88E0, 0x90C0, 0x90A1, 0x9081, 0x9882, 0x9884, 0x9886, 0x9888, 0x988A,
    0x988C, 0x988E, 0x988F, 0x9891, 0x9891, 0x9092, 0x9093, 0x8893, 0x8894, 0x80B4, 0x80D4, 0x78F4, 0x7934, 0x7955, 0x8195, 0x81F6,
    0x71A0, 0x79A0, 0x81A0, 0x81A0, 0x89A0, 0x8980, 0x8960, 0x9140, 0x9120, 0x90E1, 0x90E1, 0x90C2, 0x90A3, 0x98A5, 0x98A7, 0x98A9,
    0x98AC, 0x98AD, 0x98AF, 0x98B0, 0x90B1, 0x90B2, 0x90B3, 0x88B3, 0x88B4, 0x80D4, 0x80F4, 0x7934, 0x7955, 0x8195, 0x81F6, 0x8A37,
    0x79E0, 0x81E0, 0x8200, 0x89E0, 0x89E0, 0x91C0, 0x91C0, 0x99A0, 0x9960, 0x9941, 0x9921, 0x9102, 0x9103, 0x98E4, 0x98E6, 0x98E9,
    0x98EB, 0x98ED, 0x90EF, 0x90F0, 0x90F1, 0x90D2, 0x88D3, 0x88D3, 0x80D4, 0x80F4, 0x7934, 0x7955, 0x8195, 0x81D6, 0x8A37, 0x8A97,
    0x7A20, 0x8240, 0x8A40, 0x8A40, 0x9240, 0x9A40, 0x9A20, 0xA200, 0xA1E0, 0xA1C1, 0xA1A1, 0x9982, 0x9963, 0x9944, 0x9925, 0x9928,
    0x992A, 0x992D, 0x912E, 0x9150, 0x9131, 0x8912, 0x8913, 0x80F3, 0x8114, 0x7934, 0x7955, 0x7995, 0x81F6, 0x8237, 0x8AB7, 0x9318,
    0x8260, 0x8A80, 0x8A80, 0x92A1, 0x9AA1, 0xA2A1, 0xA2A1, 0xAA81, 0xAA61, 0xAA41, 0xAA21, 0xAA02, 0xA1E3, 0xA1C4, 0x99A5, 0x99A8,
    0x998A, 0x99AC, 0x99AE, 0x99B0, 0x9191, 0x8972, 0x8953, 0x8153, 0x8154, 0x7955, 0x7995, 0x81D6, 0x8237, 0x8A97, 0x9318, 0x9B79,
    0x82A0, 0x8AC1, 0x92E1, 0x9AE1, 0xA301, 0xAB01, 0xB301, 0xB301, 0xB301, 0xB2E1, 0xB2C2, 0xB2A2, 0xB2A3, 0xAA64, 0xAA45, 0xA227,
    0xA229, 0xA22C, 0xA22F, 0xA251, 0x9A32, 0x9213, 0x89D3, 0x81B4, 0x81B5, 0x79B5, 0x79F6, 0x8237, 0x8AB8, 0x8B18, 0x9379, 0x9BDA,
    0x8AE1, 0x9301, 0x9B21, 0xA341, 0xAB61, 0xB361, 0xB381, 0xBB81, 0xBB81, 0xC381, 0xC362, 0xBB43, 0xBB43, 0xB324, 0xB306, 0xB2C7,
    0xAAC9, 0xAACC, 0xA2CF, 0xA2D1, 0xA2D2, 0x9AB3, 0x8A74, 0x8235, 0x8216, 0x7A16, 0x8257, 0x82B8, 0x8B18, 0x9379, 0x9BD9, 0xA43A,
    0x8B21, 0x9341, 0x9B61, 0xA381, 0xABC1, 0xB3C1, 0xBBE1, 0xC3E1, 0xC3E1, 0xC402, 0xCBE2, 0xC3E3, 0xC3E4, 0xC3C5, 0xBBA6, 0xBBA8,
    0xB38A, 0xAB6C, 0xAB6F, 0xAB91, 0xA373, 0x9B54, 0x9315, 0x8AD6, 0x82B6, 0x7A97, 0x82D8, 0x8318, 0x8B79, 0x93DA, 0x9C3A, 0xA49A,
    0x8B61, 0x9381, 0xA3C1, 0xABE2, 0xB402, 0xB422, 0xBC42, 0xBC42, 0xC462, 0xCC62, 0xCC62, 0xCC63, 0xCC64, 0xC445, 0xC447, 0xC448,
    0xBC2A, 0xB42C, 0xAC0F, 0xAC11, 0xA413, 0x9BF4, 0x93B5, 0x8B76, 0x8337, 0x7B18, 0x7B58, 0x8379, 0x8BDA, 0x943A, 0x9C9A, 0xA4DA,
    0x9381, 0x9BC1, 0xA402, 0xAC22, 0xAC42, 0xB462, 0xBC82, 0xBCA2, 0xC4A2, 0xC4C3, 0xCCE3, 0xCCE4, 0xCCE4, 0xCCC5, 0xC4C7, 0xC4C8,
    0xBCCA, 0xBCAD, 0xB4AF, 0xACB1, 0x9C93, 0x9454, 0x8C35, 0x83F6, 0x7BD7, 0x7BB8, 0x7BD9, 0x83FA, 0x8C3A, 0x949A, 0x9CDA, 0xA51B,
    0x93C1, 0x9C01, 0xA442, 0xA462, 0xAC82, 0xB4A2, 0xB4C2, 0xB4E2, 0xBD03, 0xC523, 0xC523, 0xCD24, 0xCD44, 0xCD25, 0xC527, 0xC528,
    0xBD2A, 0xB52C, 0xAD0E, 0xA510, 0x9CF2, 0x94D4, 0x8CB5, 0x8476, 0x7C57, 0x7C38, 0x7C39, 0x845A, 0x8C9A, 0x94DA, 0x9D1B, 0xA55B,
    0x9401, 0x9442, 0x9C62, 0xA4A2, 0xACC2, 0xACE2, 0xB502, 0xB523, 0xBD43, 0xBD63, 0xC563, 0xC584, 0xC585, 0xC566, 0xC567, 0xBD68,
    0xBD6A, 0xB56C, 0xAD4E, 0x9D50, 0x9D52, 0x9554, 0x8D35, 0x84F6, 0x84D7, 0x7CB8, 0x7CB9, 0x84DA, 0x8CFA, 0x953B, 0x9D5B, 0xA59B,
    0x8C41, 0x9462, 0x9CA2, 0xA4C2, 0xA4E2, 0xAD22, 0xAD43, 0xB543, 0xB563, 0xBD83, 0xC5A3, 0xC5A4, 0xC5A5, 0xC5A6, 0xBDA7, 0xBDA8,
    0xB589, 0xAD8B, 0x9D6D, 0x956F, 0x9571, 0x9593, 0x8D95, 0x8D76, 0x8558, 0x8539, 0x8539, 0x853A, 0x8D5A, 0x957B, 0x9D9B, 0xA5BB,
    0x8C61, 0x94A2, 0x9CC2, 0x9CE2, 0xA522, 0xAD42, 0xAD63, 0xB583, 0xB5A3, 0xBDA3, 0xBDC4, 0xC5C4, 0xC5E5, 0xBDE6, 0xBDE6, 0xB5C7,
    0xADC8, 0xA5AA, 0x95AC, 0x8D8E, 0x8590, 0x8DB3, 0x8DD5, 0x8DF7, 0x8DD8, 0x85B9, 0x859A, 0x859A, 0x8D9A, 0x95BB, 0x9DDB, 0xA5FB,
    0x8C81, 0x94C2, 0x94E2, 0x9D22, 0xA542, 0xAD63, 0xAD83, 0xB5A3, 0xB5C3, 0xBDC4, 0xBDE4, 0xBDE4, 0xBE05, 0xBE06, 0xB5E7, 0xB5E7,
    0xA5E8, 0x9DC9, 0x8DAB, 0x85AD, 0x7DAF, 0x85F2, 0x8614, 0x8E36, 0x8E38, 0x8E19, 0x8DFA, 0x8DFA, 0x95FA, 0x95FB, 0x9DFB, 0xA61B,
    0x8CA1, 0x8CE2, 0x9522, 0x9D42, 0xA562, 0xAD83, 0xADA3, 0xB5C3, 0xB5C3, 0xBDE4, 0xBDE4, 0xBE05, 0xBE05, 0xB606, 0xB607, 0xAE07,
    0xA5E8, 0x95E8, 0x8DCA, 0x7DAC, 0x75CE, 0x75F1, 0x7E33, 0x8676, 0x8E78, 0x8E99, 0x8E7A, 0x8E3A, 0x963B, 0x9E3B, 0xA63B, 0xAE3B,
    0x8CE1, 0x9522, 0x9D42, 0x9D62, 0xA583, 0xADA3, 0xB5C3, 0xB5E3, 0xB5E4, 0xBDE4, 0xBE05, 0xBE05, 0xB606, 0xB627, 0xAE27, 0xAE08,
    0x9E08, 0x95E9, 0x85EA, 0x75CC, 0x75EE, 0x7611, 0x7E53, 0x8695, 0x8EB7, 0x8EB9, 0x96BA, 0x969A, 0x967B, 0x9E7B, 0xA67B, 0xAE7B,
    0x8D01, 0x9542, 0x9D82, 0xA583, 0xADA3, 0xADC3, 0xB5E3, 0xB5E4, 0xB604, 0xB605, 0xB605, 0xB606, 0xB627, 0xB627, 0xAE28, 0xA628,
    0x9E09, 0x960A, 0x860B, 0x760C, 0x760E, 0x7630, 0x7E73, 0x86B5, 0x8ED7, 0x8ED8, 0x96DA, 0x96DB, 0x9EDB, 0x9EBB, 0xA69B, 0xAE9B,
    0x8D42, 0x9562, 0x9DA3, 0xA5A3, 0xADC3, 0xB5E3, 0xB5E4, 0xB5E4, 0xB605, 0xB605, 0xB606, 0xB627, 0xB627, 0xAE28, 0xAE29, 0xA629,
    0x9E2A, 0x962B, 0x8E2C, 0x7E2D, 0x7E4F, 0x7E71, 0x8693, 0x8EB5, 0x8ED6, 0x96F8, 0x96F9, 0x9EFA, 0x9EFB, 0xA6DB, 0xAEDB, 0xB6BB,
    0x9562, 0x9DA2, 0xA5C3, 0xADC3, 0xADE3, 0xB5E4, 0xB604, 0xB605, 0xB605, 0xB606, 0xB607, 0xB627, 0xAE28, 0xAE49, 0xA649, 0xA64A,
    0x9E4B, 0x964D, 0x8E4E, 0x864F, 0x8670, 0x8692, 0x8EB3, 0x96D5, 0x96F6, 0x9EF8, 0x9EF9, 0xA71A, 0xA71A, 0xA71B, 0xAEFB, 0xB6DB,
    0x9DA3, 0xA5A3, 0xADC3, 0xADE3, 0xB5E4, 0xB5E4, 0xB605, 0xB605, 0xB606, 0xB627, 0xB627, 0xB628, 0xAE49, 0xAE4A, 0xA64B, 0xA64C,
    0x9E4D, 0x9E6E, 0x966F, 0x9670, 0x8E91, 0x96B3, 0x96D4, 0x9EF6, 0x9EF7, 0xA6F8, 0xA719, 0xA719, 0xAF1A, 0xAF1B, 0xAF1B, 0xB6FB,
    0xA5C3, 0xA5C3, 0xADE3, 0xADE4, 0xB604, 0xB605, 0xB605, 0xB606, 0xB607, 0xB627, 0xB628, 0xB649, 0xAE4A, 0xAE6B, 0xA66C, 0xA66D,
    0x9E6E, 0x9E8F, 0x9E90, 0x9EB1, 0x9EB3, 0x9ED4, 0x9EF5, 0xA6F6, 0xA6F7, 0xA718, 0xAF18, 0xAF19, 0xB71A, 0xB71A, 0xB71B, 0xB71B,
    0x6840, 0x6840, 0x6840, 0x6841, 0x6841, 0x6842, 0x6822, 0x6823, 0x7024, 0x7024, 0x7025, 0x7026, 0x7027, 0x7028, 0x7829, 0x782A,
    0x782B, 0x782C, 0x802D, 0x804D, 0x804E, 0x804F, 0x8050, 0x8050, 0x8051, 0x8051, 0x8052, 0x8052, 0x8053, 0x8053, 0x8074, 0x8074,
    0x6840, 0x6840, 0x6840, 0x7041, 0x7041, 0x7041, 0x7022, 0x7023, 0x7023, 0x7824, 0x7825, 0x7826, 0x7827, 0x7828, 0x8029, 0x802A,
    0x802B, 0x804C, 0x804D, 0x884E, 0x884F, 0x884F, 0x8850, 0x8851, 0x8851, 0x8852, 0x8052, 0x8053, 0x8073, 0x8074, 0x8074, 0x8074,
    0x6860, 0x6840, 0x7040, 0x7040, 0x7841, 0x7841, 0x7822, 0x7822, 0x7823, 0x7824, 0x8025, 0x8026, 0x8027, 0x8028, 0x8829, 0x882B,
    0x882C, 0x884D, 0x884E, 0x884E, 0x884F, 0x8850, 0x8851, 0x8851, 0x8852, 0x8852, 0x8853, 0x8853, 0x8074, 0x8074, 0x8074, 0x8094,
    0x6880, 0x6860, 0x7060, 0x7840, 0x7840, 0x7841, 0x8041, 0x8022, 0x8023, 0x8024, 0x8825, 0x8826, 0x8827, 0x8828, 0x8829, 0x882B,
    0x884C, 0x904D, 0x904E, 0x904F, 0x9050, 0x9050, 0x9051, 0x9052, 0x8852, 0x8853, 0x8873, 0x8874, 0x8074, 0x8074, 0x8094, 0x8094,
    0x68A0, 0x6880, 0x7060, 0x7860, 0x7840, 0x8040, 0x8041, 0x8842, 0x8822, 0x8823, 0x8824, 0x9026, 0x9027, 0x9028, 0x902A, 0x904B,
    0x904C, 0x904D, 0x904E, 0x904F, 0x9050, 0x9051, 0x9051, 0x9072, 0x9073, 0x8873, 0x8873, 0x8874, 0x8074, 0x8094, 0x8094, 0x80B4,
    0x68C0, 0x70A0, 0x7080, 0x7880, 0x7860, 0x8040, 0x8840, 0x8841, 0x9042, 0x9043, 0x9044, 0x9045, 0x9847, 0x9848, 0x984A, 0x984B,
    0x984D, 0x984E, 0x984F, 0x9850, 0x9851, 0x9871, 0x9072, 0x9072, 0x9073, 0x8873, 0x8874, 0x8874, 0x8094, 0x8094, 0x80B4, 0x80D4,
    0x68C0, 0x70C0, 0x70A0, 0x78A0, 0x7880, 0x8060, 0x8840, 0x9041, 0x9041, 0x9842, 0x9844, 0x9845, 0x9846, 0x9848, 0xA04A, 0x984B,
    0x984D, 0x984E, 0x984F, 0x9850, 0x9871, 0x9872, 0x9872, 0x9073, 0x9073, 0x8873, 0x8874, 0x8894, 0x8094, 0x80B4, 0x80D4, 0x80F4,
    0x6900, 0x70E0, 0x78E0, 0x78C0, 0x80A0, 0x8080, 0x8860, 0x9060, 0x9041, 0x9842, 0xA043, 0xA044, 0xA046, 0xA048, 0xA049, 0xA04B,
    0xA04D, 0xA04E, 0xA04F, 0xA070, 0xA071, 0xA072, 0x9873, 0x9073, 0x9073, 0x8874, 0x8894, 0x8894, 0x80B4, 0x80D4, 0x80F4, 0x8134,
    0x7120, 0x7100, 0x7900, 0x78E0, 0x80E0, 0x88C0, 0x88A0, 0x9080, 0x9060, 0x9841, 0xA042, 0xA044, 0xA845, 0xA847, 0xA869, 0xA06B,
    0xA06D, 0xA06E, 0xA06F, 0xA070, 0xA071, 0xA072, 0x9873, 0x9873, 0x9073, 0x8894, 0x8894, 0x80B4, 0x80D4, 0x80F4, 0x8134, 0x8154,
    0x7140, 0x7940, 0x7920, 0x8120, 0x8100, 0x88E0, 0x88C0, 0x90A0, 0x9080, 0x9861, 0x9861, 0xA063, 0xA864, 0xA866, 0xA868, 0xA06A,
    0xA06C, 0xA06E, 0xA06F, 0xA070, 0xA071, 0xA072, 0x9873, 0x9073, 0x9093, 0x8894, 0x88B4, 0x80D4, 0x80F4, 0x8114, 0x8154, 0x8195,
    0x7180, 0x7960, 0x8160, 0x8160, 0x8940, 0x8920, 0x9100, 0x90E0, 0x98C0, 0x98A0, 0x9881, 0xA082, 0xA084, 0xA086, 0xA888, 0xA08A,
    0xA08C, 0xA08D, 0xA08F, 0xA090, 0xA091, 0xA092, 0x9893, 0x9093, 0x9094, 0x88B4, 0x88D4, 0x80F4, 0x8114, 0x8154, 0x8195, 0x89D5,
    0x79A0, 0x81A0, 0x81A0, 0x89A0, 0x8980, 0x9160, 0x9160, 0x9120, 0x9900, 0x98E0, 0x98C1, 0x98A2, 0xA0A3, 0xA0A5, 0xA0A7, 0xA0A9,
    0xA0AB, 0xA0AD, 0x98AE, 0x98B0, 0x98B1, 0x98B2, 0x98B3, 0x9093, 0x90B3, 0x88D4, 0x88F4, 0x8114, 0x8154, 0x8195, 0x89D6, 0x8A36,
    0x79E0, 0x81E0, 0x89E0, 0x89E0, 0x91E0, 0x91C0, 0x99A0, 0x9980, 0x9960, 0x9941, 0xA121, 0x9901, 0x98E2, 0xA0C4, 0xA0C6, 0xA0C8,
    0xA0CA, 0x98CC, 0x98CE, 0x98CF, 0x98D1, 0x98D2, 0x90D2, 0x90D3, 0x88D3, 0x88F4, 0x8914, 0x8154, 0x8995, 0x89D6, 0x8A36, 0x9297,
    0x8220, 0x8A40, 0x8A40, 0x9240, 0x9A40, 0x9A20, 0xA200, 0xA1E0, 0xA1C0, 0xA1A1, 0xA181, 0xA162, 0xA142, 0xA123, 0xA105, 0xA108,
    0xA10A, 0x990C, 0x990E, 0x990F, 0x9910, 0x9911, 0x9112, 0x90F3, 0x8913, 0x8914, 0x8954, 0x8995, 0x89D6, 0x8A36, 0x9297, 0x9AF8,
    0x8260, 0x8A80, 0x9280, 0x9A80, 0xA281, 0xA281, 0xAA81, 0xAA61, 0xAA41, 0xAA21, 0xAA01, 0xA9E2, 0xA9C2, 0xA1A3, 0xA185, 0xA167,
    0xA169, 0xA16C, 0x996E, 0x996F, 0x9970, 0x9971, 0x9152, 0x9133, 0x8954, 0x8954, 0x8995, 0x89D6, 0x8A36, 0x9297, 0x9AF8, 0x9B79,
    0x8AA0, 0x92C1, 0x9AC1, 0xA2E1, 0xAAE1, 0xAAE1, 0xB2E1, 0xB2E1, 0xBAC1, 0xBAA1, 0xBAA1, 0xBA82, 0xB263, 0xB244, 0xAA25, 0xA9E6,
    0xA9E8, 0xA9EB, 0xA1EE, 0xA1EF, 0xA1F1, 0xA1F2, 0x99D3, 0x9194, 0x8994, 0x89B5, 0x89F6, 0x8A36, 0x9297, 0x9AF8, 0x9B79, 0xA3D9,
    0x8AE1, 0x9301, 0x9B21, 0xA341, 0xAB41, 0xB361, 0xBB61, 0xBB61, 0xC341, 0xC341, 0xC322, 0xC322, 0xC303, 0xBAE4, 0xBAC5, 0xB2A6,
    0xB288, 0xAA8B, 0xAA8E, 0xAA90, 0xAA91, 0xA273, 0x9A54, 0x9214, 0x9215, 0x8A16, 0x8A56, 0x9297, 0x92F8, 0x9B79, 0xA3D9, 0xA43A,
    0x9321, 0x9B41, 0xA361, 0xAB81, 0xB3A1, 0xBBC1, 0xC3C1, 0xC3C1, 0xCBC1, 0xCBC1, 0xCBC2, 0xCBA2, 0xCBA3, 0xC384, 0xC386, 0xC367,
    0xBB49, 0xB32B, 0xB32D, 0xB330, 0xB332, 0xAB34, 0xA315, 0x9AD5, 0x92B6, 0x9297, 0x92B7, 0x92F8, 0x9B79, 0x9BD9, 0xA43A, 0xAC9A,
    0x9361, 0x9B81, 0xA3A1, 0xABC1, 0xB3E2, 0xBC02, 0xC422, 0xC422, 0xCC22, 0xCC42, 0xD442, 0xD443, 0xD423, 0xCC24, 0xCC06, 0xCC08,
    0xC3E9, 0xBBEB, 0xBBCD, 0xB3D0, 0xB3D2, 0xB3D4, 0xABB5, 0x9B76, 0x9B37, 0x9317, 0x9338, 0x9379, 0x9BD9, 0x9C3A, 0xA49A, 0xACDA,
    0x93A1, 0xA3C1, 0xABE2, 0xB402, 0xB422, 0xBC42, 0xBC62, 0xC482, 0xC482, 0xCCA2, 0xD4A2, 0xD4A3, 0xD4A4, 0xD4A5, 0xD4A6, 0xCC88,
    0xCC8A, 0xC48C, 0xBC8E, 0xB470, 0xB472, 0xAC74, 0xA435, 0x9C16, 0x93D7, 0x93B8, 0x93B9, 0x93F9, 0x9C3A, 0xA49A, 0xA4DA, 0xAD1A,
    0x9BC1, 0xA402, 0xAC22, 0xAC42, 0xB462, 0xB482, 0xBCA2, 0xBCC2, 0xC4E2, 0xCCE2, 0xCD03, 0xD503, 0xD524, 0xD525, 0xD506, 0xCD08,
    0xCD0A, 0xC50C, 0xC50E, 0xB4F0, 0xB4F2, 0xACF4, 0xA4B5, 0x9C96, 0x9457, 0x8C38, 0x8C39, 0x945A, 0x9C9A, 0x9CDA, 0xA51A, 0xAD5B,
    0x9C02, 0xA442, 0xAC62, 0xAC82, 0xB4A2, 0xB4C2, 0xB4E2, 0xBD02, 0xBD22, 0xC543, 0xCD43, 0xD564, 0xD564, 0xD585, 0xD567, 0xCD68,
    0xCD69, 0xC56B, 0xC56D, 0xBD70, 0xB552, 0xAD54, 0xA535, 0x94F6, 0x94D7, 0x8CB8, 0x8CB9, 0x8CBA, 0x94FA, 0x9D1A, 0xA55B, 0xAD9B,
    0x9C42, 0xA462, 0xA4A2, 0xACC2, 0xACE2, 0xB502, 0xB523, 0xBD43, 0xBD43, 0xC563, 0xCD83, 0xCDA4, 0xD5A5, 0xD5C6, 0xCDC7, 0xCDA8,
    0xCDA9, 0xC5AB, 0xBDAD, 0xB5AF, 0xADB1, 0xA593, 0x9D95, 0x9D76, 0x9557, 0x8D38, 0x8D19, 0x8D1A, 0x953A, 0x9D5B, 0xA59B, 0xADDB,
    0x9462, 0x9CA2, 0xA4C2, 0xACE2, 0xAD02, 0xAD23, 0xB543, 0xB563, 0xBD83, 0xC5A3, 0xC5A4, 0xCDC4, 0xCDE5, 0xCDE6, 0xCDE7, 0xCDE8,
    0xC5E9, 0xBDCA, 0xB5CC, 0xADCE, 0xA5D0, 0x9DD2, 0x9DD4, 0x9DF6, 0x95D8, 0x9599, 0x8D9A, 0x8D7A, 0x959A, 0x9DBB, 0xA5DB, 0xADFB,
    0x94A2, 0x9CC2, 0xA502, 0xA522, 0xAD43, 0xB563, 0xB563, 0xBD83, 0xBDA3, 0xC5C4, 0xC5E4, 0xCDE5, 0xCE05, 0xCE06, 0xC607, 0xC608,
    0xBE09, 0xBE0A, 0xADEB, 0xA5ED, 0x9DEF, 0x95F1, 0x9614, 0x9636, 0x9637, 0x9619, 0x95FA, 0x95DA, 0x9DFB, 0x9DFB, 0xA61B, 0xAE1B,
    0x94C2, 0x9D02, 0xA522, 0xA543, 0xAD63, 0xB583, 0xB5A3, 0xBDA3, 0xBDC3, 0xC5E4, 0xC604, 0xC605, 0xC626, 0xC627, 0xC627, 0xC628,
    0xBE29, 0xB629, 0xAE2B, 0x9E0D, 0x960E, 0x8E10, 0x8E33, 0x9655, 0x9677, 0x9E99, 0x9E7A, 0x963A, 0x9E3B, 0xA63B, 0xAE3B, 0xB65B,
    0x9502, 0x9D22, 0xA542, 0xAD63, 0xAD83, 0xB5A3, 0xBDC3, 0xBDC4, 0xC5E4, 0xC604, 0xC605, 0xC626, 0xC626, 0xC627, 0xC648, 0xBE48,
    0xB649, 0xB64A, 0xA62B, 0x962D, 0x8E2E, 0x8630, 0x8652, 0x8E95, 0x96B7, 0x9EB9, 0x9EBA, 0x9E9A, 0x9E7B, 0xA67B, 0xAE7B, 0xB67B,
    0x9522, 0x9D42, 0xA583, 0xADA3, 0xB5A3, 0xB5C3, 0xBDE3, 0xBDE4, 0xC604, 0xC605, 0xC625, 0xC626, 0xC627, 0xBE48, 0xBE48, 0xBE49,
    0xB64A, 0xAE4B, 0xA64C, 0x964D, 0x8E4E, 0x7E30, 0x8672, 0x8EB4, 0x96D6, 0x96D8, 0x9EF9, 0x9EFB, 0xA6DB, 0xA6BB, 0xAEBB, 0xB69B,
    0x9D42, 0xA582, 0xADA3, 0xADA3, 0xB5C3, 0xB5E3, 0xBDE4, 0xBE04, 0xBE05, 0xBE05, 0xBE26, 0xBE27, 0xBE48, 0xBE48, 0xBE49, 0xB64A,
    0xB66B, 0xAE6C, 0xA66D, 0x966E, 0x8E6F, 0x8670, 0x8E92, 0x8ED5, 0x96D6, 0x9EF8, 0x9EF9, 0xA6FA, 0xA6FB, 0xAEDB, 0xB6DB, 0xB6BB,
    0x9D83, 0xA5A3, 0xADC3, 0xB5C3, 0xB5E3, 0xBDE4, 0xBE04, 0xBE05, 0xBE05, 0xBE26, 0xBE27, 0xBE47, 0xBE48, 0xBE49, 0xB66A, 0xB66B,
    0xAE6C, 0xA66D, 0x9E6E, 0x9E6F, 0x9690, 0x9691, 0x96B3, 0x96D5, 0x9EF6, 0xA6F8, 0xA719, 0xAF1A, 0xAF1A, 0xAF1B, 0xB6FB, 0xB6DB,
    0xA5A3, 0xADC3, 0xB5C3, 0xB5E3, 0xB5E4, 0xBE04, 0xBE05, 0xBE05, 0xBE26, 0xBE27, 0xBE47, 0xBE48, 0xBE69, 0xBE6A, 0xB66B, 0xB66C,
    0xAE8D, 0xA68E, 0xA68F, 0x9E90, 0x9EB1, 0x9EB3, 0x9ED4, 0x9EF5, 0xA6F7, 0xA6F8, 0xAF19, 0xAF19, 0xB71A, 0xB71B, 0xB71B, 0xBF1B,
    0xADC3, 0xADC3, 0xB5E3, 0xB5E4, 0xBE04, 0xBE05, 0xBE05, 0xBE26, 0xBE27, 0xBE47, 0xBE48, 0xBE69, 0xBE6A, 0xBE6B, 0xB68C, 0xB68D,
    0xAE8E, 0xA6AF, 0xA6B0, 0xA6B1, 0xA6D2, 0xA6D4, 0xA6F5, 0xAEF6, 0xAEF7, 0xAF18, 0xB718, 0xB719, 0xB71A, 0xBF1A, 0xBF1B, 0xBF3B,
    0x6840, 0x6840, 0x7040, 0x7041, 0x7041, 0x7022, 0x7022, 0x7023, 0x7024, 0x7824, 0x7825, 0x7826, 0x7827, 0x7828, 0x8029, 0x802A,
    0x802B, 0x802C, 0x804D, 0x884D, 0x884E, 0x884F, 0x884F, 0x8850, 0x8851, 0x8851, 0x8852, 0x8852, 0x8853, 0x8853, 0x8074, 0x8074,
    0x6840, 0x7040, 0x7040, 0x7841, 0x7841, 0x7841, 0x7822, 0x7823, 0x7823, 0x8024, 0x8025, 0x8026, 0x8027, 0x8028, 0x8029, 0x882A,
    0x882B, 0x884C, 0x884D, 0x884E, 0x884F, 0x884F, 0x8850, 0x8851, 0x8851, 0x8852, 0x8852, 0x8853, 0x8873, 0x8874, 0x8874, 0x8074,
    0x6860, 0x7040, 0x7840, 0x7840, 0x8041, 0x8041, 0x8022, 0x8022, 0x8023, 0x8024, 0x8825, 0x8826, 0x8827, 0x8828, 0x8829, 0x882A,
    0x884C, 0x904D, 0x904D, 0x904E, 0x904F, 0x9050, 0x9050, 0x9051, 0x9052, 0x8852, 0x8853, 0x8853, 0x8874, 0x8874, 0x8874, 0x8094,
    0x6880, 0x7060, 0x7860, 0x7840, 0x8040, 0x8041, 0x8841, 0x8842, 0x8823, 0x8824, 0x8825, 0x9026, 0x9027, 0x9028, 0x9049, 0x904B,
    0x904C, 0x904D, 0x904E, 0x904F, 0x904F, 0x9050, 0x9051, 0x9051, 0x9052, 0x9053, 0x9073, 0x8873, 0x8874, 0x8874, 0x8894, 0x8094,
    0x68A0, 0x7080, 0x7860, 0x7860, 0x8040, 0x8840, 0x8841, 0x9042, 0x9043, 0x9044, 0x9044, 0x9046, 0x9847, 0x9848, 0x9849, 0x984B,
    0x984C, 0x984D, 0x984E, 0x984F, 0x9850, 0x9851, 0x9871, 0x9872, 0x9072, 0x9073, 0x9073, 0x8874, 0x8874, 0x8894, 0x8894, 0x80B4,
    0x70C0, 0x70A0, 0x7880, 0x8080, 0x8060, 0x8840, 0x8840, 0x9041, 0x9042, 0x9843, 0x9844, 0x9845, 0x9847, 0x9848, 0xA049, 0x984B,
    0x984C, 0x984D, 0x984E, 0x984F, 0x9850, 0x9871, 0x9872, 0x9872, 0x9873, 0x9073, 0x9073, 0x8874, 0x8894, 0x8894, 0x80B4, 0x80D4,
    0x70E0, 0x70C0, 0x78C0, 0x80A0, 0x8080, 0x8860, 0x9040, 0x9041, 0x9841, 0x9842, 0xA044, 0xA045, 0xA046, 0xA048, 0xA049, 0xA04B,
    0xA04D, 0xA04E, 0xA04F, 0xA050, 0xA071, 0xA071, 0x9872, 0x9873, 0x9873, 0x9073, 0x9074, 0x8894, 0x8894, 0x88B4, 0x80D4, 0x80F4,
    0x7100, 0x78E0, 0x78E0, 0x80C0, 0x80A0, 0x8880, 0x9080, 0x9060, 0x9841, 0xA042, 0xA043, 0xA844, 0xA846, 0xA847, 0xA869, 0xA86B,
    0xA04C, 0xA04E, 0xA04F, 0xA070, 0xA071, 0xA072, 0xA072, 0x9873, 0x9873, 0x9073, 0x9094, 0x8894, 0x88B4, 0x88D4, 0x80F4, 0x8114,
    0x7120, 0x7900, 0x7900, 0x80E0, 0x88E0, 0x88C0, 0x90A0, 0x9080, 0x9860, 0xA061, 0xA842, 0xA864, 0xA865, 0xA867, 0xA869, 0xA86B,
    0xA86C, 0xA06E, 0xA06F, 0xA070, 0xA071, 0xA072, 0xA072, 0x9873, 0x9873, 0x9093, 0x9094, 0x88B4, 0x88D4, 0x88F4, 0x8114, 0x8154,
    0x7940, 0x7940, 0x8120, 0x8120, 0x8900, 0x88E0, 0x90C0, 0x98A0, 0x9880, 0xA081, 0xA061, 0xA863, 0xA864, 0xA866, 0xA868, 0xA86A,
    0xA86C, 0xA86D, 0xA06F, 0xA070, 0xA071, 0xA072, 0xA072, 0x9873, 0x9893, 0x9093, 0x90B4, 0x88D4, 0x88F4, 0x8914, 0x8954, 0x8995,
    0x7980, 0x8160, 0x8160, 0x8960, 0x8940, 0x9120, 0x9100, 0x98E0, 0x98C0, 0x98A0, 0xA081, 0xA882, 0xA884, 0xA886, 0xA888, 0xA889,
    0xA88B, 0xA88D, 0xA08E, 0xA090, 0xA091, 0xA092, 0xA092, 0x9893, 0x9893, 0x90B3, 0x88D4, 0x88F4, 0x8914, 0x8954, 0x8995, 0x89D5,
    0x81A0, 0x81A0, 0x89A0, 0x89A0, 0x9180, 0x9160, 0x9940, 0x9920, 0x9900, 0xA0E1, 0xA0C1, 0xA0A2, 0xA0A3, 0xA8A5, 0xA8A7, 0xA8A9,
    0xA8AB, 0xA0AD, 0xA0AE, 0xA0AF, 0xA0B0, 0xA0B1, 0xA092, 0x9893, 0x98B3, 0x90D3, 0x88F4, 0x8914, 0x8954, 0x8995, 0x89D5, 0x9236,
    0x81E0, 0x89E0, 0x89E0, 0x91E0, 0x91C0, 0x99C0, 0x99A0, 0xA180, 0xA160, 0xA141, 0xA101, 0xA0E1, 0xA0E2, 0xA8C4, 0xA8C6, 0xA8C8,
    0xA8CA, 0xA0CC, 0xA0CE, 0xA0CF, 0xA0D0, 0xA0D1, 0x98D2, 0x98B3, 0x90D3, 0x90F3, 0x8914, 0x8954, 0x8995, 0x91D5, 0x9236, 0x9A97,
    0x8A20, 0x8A20, 0x9240, 0x9A20, 0x9A20, 0xA220, 0xA200, 0xA1E0, 0xA9C0, 0xA9A1, 0xA981, 0xA941, 0xA922, 0xA103, 0xA105, 0xA907,
    0xA109, 0xA10C, 0xA10D, 0xA0EF, 0xA0F0, 0xA0F1, 0x98F2, 0x98F3, 0x90F3, 0x9114, 0x9154, 0x9195, 0x91D5, 0x9236, 0x9A97, 0xA2F8,
    0x8A60, 0x9280, 0x9A80, 0x9A80, 0xA280, 0xAA80, 0xAA61, 0xB241, 0xB221, 0xB201, 0xB1E1, 0xB1C2, 0xA9A2, 0xA983, 0xA964, 0xA946,
    0xA949, 0xA14B, 0xA14D, 0xA14F, 0xA150, 0xA151, 0x9932, 0x9933, 0x9133, 0x9154, 0x9195, 0x91D5, 0x9236, 0x9A97, 0xA2F8, 0xA358,
    0x92A1, 0x9AC1, 0xA2C1, 0xA2E1, 0xAAE1, 0xB2E1, 0xB2E1, 0xBAC1, 0xBAA1, 0xBAA1, 0xBA81, 0xBA62, 0xBA42, 0xB203, 0xB1E4, 0xB1C6,
    0xA9A8, 0xA9CB, 0xA9AD, 0xA9AF, 0xA1B0, 0xA1B1, 0xA1B2, 0x9993, 0x9994, 0x9194, 0x91D5, 0x9236, 0x9A97, 0xA2F8, 0xA358, 0xABD9,
    0x92E1, 0x9B01, 0xA321, 0xAB21, 0xB341, 0xBB41, 0xBB41, 0xC341, 0xC321, 0xC321, 0xC301, 0xC2E2, 0xC2C3, 0xC2A4, 0xBA85, 0xBA66,
    0xB248, 0xB24A, 0xB24D, 0xAA4F, 0xAA51, 0xAA32, 0xAA33, 0xA214, 0x9A15, 0x99F5, 0x9A36, 0x9A97, 0x9AF8, 0xA358, 0xABD9, 0xAC3A,
    0x9B21, 0xA341, 0xAB61, 0xB381, 0xBBA1, 0xBBA1, 0xC3A1, 0xCBA1, 0xCBA1, 0xCBA1, 0xD3A2, 0xD382, 0xCB63, 0xCB64, 0xCB45, 0xC326,
    0xC308, 0xBAEA, 0xBAEC, 0xB2EF, 0xB2F1, 0xB2F3, 0xB2D4, 0xAAB5, 0xA296, 0x9A76, 0x9AB7, 0x9AF8, 0xA358, 0xA3D9, 0xAC3A, 0xB49A,
    0x9B61, 0xA381, 0xABA1, 0xB3C1, 0xBBE1, 0xC3E1, 0xC401, 0xCC01, 0xCC01, 0xD402, 0xD402, 0xD402, 0xD403, 0xD404, 0xD3E5, 0xCBC7,
    0xCBC8, 0xC3AA, 0xC38D, 0xBB8F, 0xBB91, 0xBB93, 0xB375, 0xAB56, 0xAB36, 0xA317, 0xA338, 0xA378, 0xA3D9, 0xAC3A, 0xAC7A, 0xB4DA,
    0x9BA1, 0xABC1, 0xB3E2, 0xB402, 0xBC22, 0xC442, 0xC442, 0xCC62, 0xCC62, 0xD462, 0xD482, 0xD483, 0xDC83, 0xD484, 0xD486, 0xD467,
    0xD469, 0xCC4B, 0xC44D, 0xC42F, 0xBC31, 0xBC33, 0xB415, 0xB3F6, 0xABD7, 0xA3B8, 0xA3B9, 0xA3D9, 0xA43A, 0xAC9A, 0xACDA, 0xB51A,
    0xA3E2, 0xAC02, 0xB422, 0xB442, 0xBC62, 0xBC62, 0xC482, 0xC4A2, 0xCCA2, 0xD4C2, 0xD4E3, 0xD4E3, 0xDD04, 0xDD05, 0xD4E6, 0xD4E7,
    0xD4E9, 0xD4EB, 0xCCCD, 0xC4CF, 0xBCD1, 0xBCD3, 0xB4B5, 0xAC96, 0xAC57, 0xA438, 0xA439, 0xA43A, 0xA49A, 0xACDA, 0xAD1A, 0xB55B,
    0xA402, 0xAC42, 0xB462, 0xB482, 0xB482, 0xBCA2, 0xBCC2, 0xC4E2, 0xC502, 0xCD03, 0xD523, 0xD543, 0xDD44, 0xDD65, 0xDD66, 0xD548,
    0xD549, 0xD54B, 0xCD4D, 0xCD4F, 0xC551, 0xBD53, 0xB535, 0xAD16, 0xA4D7, 0x9CB8, 0x9CB9, 0x9CBA, 0xA4DA, 0xAD1A, 0xAD5B, 0xB59B,
    0xA442, 0xAC62, 0xAC82, 0xB4A2, 0xB4C2, 0xB4E2, 0xBD02, 0xBD23, 0xC543, 0xCD43, 0xCD63, 0xD584, 0xD5A4, 0xD5A6, 0xD5A7, 0xD5A8,
    0xD5A9, 0xD5AB, 0xCDAD, 0xC5AF, 0xBDB1, 0xB593, 0xB595, 0xAD76, 0xA557, 0x9D38, 0x9D19, 0x9D1A, 0xA53A, 0xA55B, 0xAD9B, 0xB5DB,
    0xA482, 0xA4A2, 0xACC2, 0xACE2, 0xB502, 0xB523, 0xB543, 0xBD43, 0xC563, 0xC583, 0xCDA4, 0xD5C4, 0xD5E5, 0xD5E6, 0xD5E7, 0xD5E8,
    0xD5E9, 0xCDEA, 0xCDEC, 0xC5EE, 0xBDF0, 0xB5F2, 0xADF4, 0xADF6, 0xA5D7, 0x9D99, 0x9D79, 0x9D7A, 0x9D9A, 0xA5BB, 0xADDB, 0xB5FB,
    0xA4A2, 0xA4C2, 0xACE2, 0xAD03, 0xB523, 0xB543, 0xBD63, 0xBD83, 0xC583, 0xC5A4, 0xCDC4, 0xD5E5, 0xD605, 0xD606, 0xD627, 0xD628,
    0xCE29, 0xCE2A, 0xC62C, 0xBE0E, 0xB60F, 0xAE11, 0xA613, 0xA636, 0xA637, 0xA619, 0x9DFA, 0x9DDA, 0xA5DB, 0xA5FB, 0xAE1B, 0xB63B,
    0x9CE2, 0xA502, 0xAD22, 0xAD43, 0xB563, 0xB563, 0xBD83, 0xBDA3, 0xC5C3, 0xCDE4, 0xCDE4, 0xCE05, 0xD626, 0xD627, 0xCE48, 0xCE48,
    0xCE49, 0xC64A, 0xBE4B, 0xB64D, 0xAE2F, 0xA630, 0x9E33, 0x9E55, 0xA677, 0xA699, 0xA67A, 0xA63A, 0xA63B, 0xAE3B, 0xB65B, 0xB65B,
    0x9D02, 0xA522, 0xAD43, 0xAD63, 0xB583, 0xB5A3, 0xBDA3, 0xC5C4, 0xC5E4, 0xCDE4, 0xCE05, 0xCE26, 0xCE27, 0xCE47, 0xCE48, 0xCE69,
    0xC66A, 0xC66B, 0xBE6C, 0xB64D, 0xA64E, 0x9E50, 0x9672, 0x9E94, 0x9E96, 0xA6B8, 0xA6BA, 0xA69A, 0xAE9B, 0xAE7B, 0xB67B, 0xBE9B,
    0x9D42, 0xA543, 0xAD83, 0xB583, 0xB5A3, 0xBDC3, 0xC5C3, 0xC5E4, 0xC604, 0xCE05, 0xCE26, 0xCE27, 0xCE47, 0xCE48, 0xCE69, 0xC669,
    0xC66A, 0xBE6B, 0xB66C, 0xAE6D, 0xA66E, 0x9670, 0x9691, 0x96B4, 0x9ED6, 0x9ED8, 0xA6F9, 0xAEFA, 0xAEDB, 0xAEBB, 0xB6BB, 0xBEBB,
    0xA563, 0xA583, 0xADA3, 0xB5A3, 0xBDC3, 0xBDC3, 0xC5E4, 0xC604, 0xC605, 0xC626, 0xCE26, 0xCE47, 0xCE48, 0xCE69, 0xC669, 0xC66A,
    0xBE8B, 0xBE8C, 0xB68D, 0xAE8E, 0xA68F, 0x9E90, 0x96B2, 0x9ED4, 0x9ED6, 0xA6F8, 0xA6F9, 0xAF1A, 0xAEFB, 0xB6FB, 0xB6DB, 0xBEDB,
    0xA583, 0xADA3, 0xB5C3, 0xB5C3, 0xBDC3, 0xC5E4, 0xC604, 0xC605, 0xC626, 0xC626, 0xC647, 0xC648, 0xC669, 0xC669, 0xC66A, 0xC68B,
    0xBE8C, 0xB68D, 0xB68E, 0xAEAF, 0xA6B0, 0x9EB1, 0x9ED3, 0x9ED4, 0xA6F6, 0xA6F7, 0xAF19, 0xAF1A, 0xB71A, 0xB71B, 0xBF1B, 0xBEFB,
    0xADA3, 0xADC3, 0xB5C3, 0xBDE3, 0xBDE4, 0xC604, 0xC605, 0xC626, 0xC626, 0xC647, 0xC648, 0xC669, 0xC669, 0xC66A, 0xC68B, 0xBE8C,
    0xBE8D, 0xB6AE, 0xB6AF, 0xAEB1, 0xAED2, 0xA6D3, 0xA6D4, 0xA6F5, 0xAEF6, 0xAF18, 0xB719, 0xB71A, 0xB71A, 0xBF1B, 0xBF1B, 0xC71B,
    0xADC3, 0xB5C3, 0xBDE3, 0xBDE4, 0xC604, 0xC605, 0xC625, 0xC626, 0xC627, 0xC648, 0xC668, 0xC669, 0xC66A, 0xC68B, 0xC68C, 0xBE8D,
    0xB6AF, 0xB6B0, 0xB6D1, 0xAED2, 0xAED3, 0xAEF4, 0xAEF5, 0xB6F6, 0xB717, 0xB718, 0xB719, 0xBF19, 0xBF1A, 0xBF3A, 0xC73B, 0xC73B,
    0x7040, 0x7040, 0x7840, 0x7841, 0x7841, 0x7822, 0x7822, 0x7823, 0x7824, 0x7824, 0x8025, 0x8026, 0x8027, 0x8028, 0x8029, 0x882A,
    0x882B, 0x882C, 0x884D, 0x884D, 0x884E, 0x884F, 0x884F, 0x8850, 0x8851, 0x8851, 0x8872, 0x8872, 0x8873, 0x8853, 0x8854, 0x8854,
    0x7040, 0x7040, 0x7840, 0x7841, 0x8041, 0x8041, 0x8022, 0x8023, 0x8023, 0x8024, 0x8825, 0x8826, 0x8827, 0x8828, 0x8829, 0x882A,
    0x882B, 0x904C, 0x904D, 0x904E, 0x904F, 0x904F, 0x9050, 0x9050, 0x9051, 0x9052, 0x9072, 0x9073, 0x8873, 0x8874, 0x8874, 0x8874,
    0x7060, 0x7840, 0x7840, 0x8040, 0x8041, 0x8841, 0x8822, 0x8823, 0x8823, 0x8824, 0x8825, 0x9026, 0x9027, 0x9028, 0x9029, 0x904A,
    0x904C, 0x904D, 0x904D, 0x904E, 0x904F, 0x9050, 0x9050, 0x9051, 0x9071, 0x9052, 0x9073, 0x9073, 0x9073, 0x8874, 0x8874, 0x8894,
    0x7080, 0x7860, 0x7860, 0x8040, 0x8840, 0x8841, 0x8841, 0x9042, 0x9023, 0x9024, 0x9045, 0x9846, 0x9847, 0x9848, 0x9849, 0x984B,
    0x984C, 0x984D, 0x984E, 0x984F, 0x984F, 0x9850, 0x9851, 0x9871, 0x9872, 0x9072, 0x9073, 0x9073, 0x9074, 0x8874, 0x8894, 0x8894,
    0x70A0, 0x7880, 0x7880, 0x8060, 0x8840, 0x8840, 0x9041, 0x9042, 0x9843, 0x9844, 0x9845, 0x9846, 0x9847, 0xA048, 0xA049, 0xA04B,
    0x984C, 0x984D, 0x984E, 0x984F, 0x9850, 0x9850, 0x9871, 0x9872, 0x9872, 0x9873, 0x9073, 0x9074, 0x9074, 0x8874, 0x8894, 0x88B4,
    0x70C0, 0x78A0, 0x80A0, 0x8080, 0x8860, 0x9060, 0x9040, 0x9841, 0x9842, 0xA043, 0xA044, 0xA045, 0xA047, 0xA048, 0xA049, 0xA04B,
    0xA04C, 0xA04D, 0xA04E, 0xA04F, 0xA050, 0xA071, 0xA071, 0xA072, 0x9873, 0x9873, 0x9073, 0x9074, 0x9094, 0x8894, 0x88B4, 0x88D4,
    0x70E0, 0x78C0, 0x80C0, 0x80A0, 0x8880, 0x9060, 0x9040, 0x9841, 0xA041, 0xA042, 0xA844, 0xA845, 0xA846, 0xA848, 0xA869, 0xA84B,
    0xA04C, 0xA04D, 0xA04E, 0xA04F, 0xA070, 0xA071, 0xA072, 0xA072, 0x9873, 0x9873, 0x9073, 0x9074, 0x8894, 0x88B4, 0x88D4, 0x88F4,
    0x7900, 0x78E0, 0x80E0, 0x88C0, 0x88A0, 0x9080, 0x9080, 0x9860, 0xA061, 0xA042, 0xA843, 0xA864, 0xA866, 0xA867, 0xA869, 0xA86B,
    0xA86C, 0xA86D, 0xA06E, 0xA06F, 0xA070, 0xA071, 0xA072, 0xA073, 0xA073, 0x9873, 0x9093, 0x9094, 0x88B4, 0x88D4, 0x88F4, 0x8914,
    0x7920, 0x8100, 0x8100, 0x88E0, 0x88E0, 0x90C0, 0x90A0, 0x9880, 0xA060, 0xA061, 0xA862, 0xA864, 0xB065, 0xB067, 0xB069, 0xA86A,
    0xA86C, 0xA86D, 0xA86E, 0xA86F, 0xA870, 0xA071, 0xA072, 0xA073, 0xA073, 0x9893, 0x9093, 0x90B3, 0x88D4, 0x88F4, 0x8914, 0x8954,
    0x7940, 0x8140, 0x8120, 0x8920, 0x8900, 0x90E0, 0x98C0, 0x98C0, 0xA0A0, 0xA081, 0xA862, 0xA863, 0xB084, 0xB086, 0xB088, 0xB08A,
    0xA88C, 0xA88D, 0xA86E, 0xA86F, 0xA870, 0xA871, 0xA072, 0xA073, 0xA093, 0x9893, 0x90B3, 0x90D3, 0x88F4, 0x8914, 0x8954, 0x8994,
    0x8180, 0x8160, 0x8960, 0x8940, 0x9140, 0x9120, 0x9900, 0x98E0, 0xA0C0, 0xA0A1, 0xA081, 0xA882, 0xB084, 0xB085, 0xB087, 0xB089,
    0xB08B, 0xA88D, 0xA88E, 0xA88F, 0xA890, 0xA891, 0xA092, 0xA093, 0xA093, 0x98B3, 0x90D3, 0x90F3, 0x9114, 0x8954, 0x9194, 0x91D5,
    0x81A0, 0x89A0, 0x89A0, 0x9180, 0x9180, 0x9960, 0x9940, 0xA120, 0xA100, 0xA0E1, 0xA0C1, 0xA8C2, 0xA8A3, 0xB0A5, 0xB0A7, 0xB0A9,
    0xA8AA, 0xA8AC, 0xA8AE, 0xA8AF, 0xA0B0, 0xA0B1, 0xA092, 0xA093, 0xA0B3, 0x98D3, 0x90F3, 0x9114, 0x9154, 0x9194, 0x91D5, 0x9A16,
    0x89E0, 0x89E0, 0x91E0, 0x91E0, 0x99C0, 0x99A0, 0xA180, 0xA180, 0xA160, 0xA941, 0xA921, 0xA8E1, 0xA8E2, 0xA8C4, 0xB0C6, 0xB0C8,
    0xA8CA, 0xA8CC, 0xA8CD, 0xA8CF, 0xA0D0, 0xA0B1, 0xA0B2, 0xA0B2, 0x98D3, 0x98F3, 0x9114, 0x9154, 0x9194, 0x91D5, 0x9A36, 0x9A76,
    0x8A20, 0x9220, 0x9A20, 0x9A20, 0xA220, 0xA200, 0xA9E0, 0xA9C0, 0xA9C1, 0xA981, 0xA961, 0xA941, 0xA922, 0xA903, 0xA8E5, 0xA8E7,
    0xA8E9, 0xA8EB, 0xA8ED, 0xA0EE, 0xA0EF, 0xA0F1, 0xA0F1, 0xA0F2, 0x98F3, 0x9913, 0x9954, 0x9174, 0x99D5, 0x9A16, 0xA296, 0xA2F7,
    0x9260, 0x9A80, 0x9A80, 0xA280, 0xAA80, 0xAA60, 0xB261, 0xB241, 0xB221, 0xB201, 0xB1E1, 0xB1C2, 0xB182, 0xB163, 0xB144, 0xB146,
    0xB128, 0xA92B, 0xA92D, 0xA92E, 0xA12F, 0xA130, 0xA131, 0xA132, 0xA133, 0x9954, 0x9994, 0x99D5, 0x9A16, 0xA276, 0xA2F7, 0xAB58,
    0x92A1, 0x9AC1, 0xA2C1, 0xAAC1, 0xB2C1, 0xB2C1, 0xBAC1, 0xBAA1, 0xBAA1, 0xC281, 0xC261, 0xC242, 0xBA22, 0xB9E3, 0xB9C4, 0xB1A5,
    0xB187, 0xB18A, 0xB18C, 0xA98E, 0xA98F, 0xA971, 0xA172, 0xA173, 0xA194, 0xA194, 0x99D5, 0x9A16, 0xA276, 0xA2D7, 0xAB58, 0xB3D9,
    0x9AE1, 0xA301, 0xAB21, 0xB321, 0xB321, 0xBB21, 0xC321, 0xC321, 0xCB01, 0xCB01, 0xCAE1, 0xCAC2, 0xCAA3, 0xC283, 0xC264, 0xBA25,
    0xBA07, 0xBA0A, 0xB20C, 0xB20E, 0xB210, 0xA9F1, 0xA9F2, 0xA9F3, 0xA9F4, 0xA1F5, 0xA236, 0xA276, 0xAAD7, 0xAB58, 0xB3B9, 0xB43A,
    0x9B21, 0xAB41, 0xB361, 0xB361, 0xBB81, 0xC381, 0xCB81, 0xCB81, 0xCB81, 0xD381, 0xD362, 0xD362, 0xD343, 0xD324, 0xCB05, 0xCAE6,
    0xCAC7, 0xC2A9, 0xBAAC, 0xBAAE, 0xBA90, 0xB292, 0xB293, 0xB294, 0xB275, 0xAA76, 0xAAB7, 0xAAF7, 0xAB58, 0xABB9, 0xB43A, 0xB49A,
    0xA361, 0xAB81, 0xB3A1, 0xBBC1, 0xC3C1, 0xC3E1, 0xCBE1, 0xCBE1, 0xD3E1, 0xD3E2, 0xD3E2, 0xDBE2, 0xDBE3, 0xD3C4, 0xD3C5, 0xD3A6,
    0xD388, 0xCB69, 0xCB4C, 0xC34E, 0xC330, 0xBB32, 0xBB34, 0xBB35, 0xB316, 0xAAF7, 0xAB17, 0xAB58, 0xABB9, 0xB43A, 0xB47A, 0xB4DA,
    0xA3A1, 0xB3C1, 0xB3E1, 0xBC01, 0xC401, 0xC421, 0xCC21, 0xD441, 0xD442, 0xD442, 0xDC62, 0xDC63, 0xDC63, 0xDC64, 0xDC45, 0xDC47,
    0xD428, 0xD42A, 0xCC0C, 0xCBEE, 0xC3F0, 0xC3F2, 0xC3F4, 0xBBF6, 0xBBD7, 0xB398, 0xB3B8, 0xB3D9, 0xB419, 0xB47A, 0xB4DA, 0xBD1A,
    0xABE2, 0xB402, 0xB422, 0xBC42, 0xC442, 0xC462, 0xCC62, 0xCC82, 0xD482, 0xD4A2, 0xDCA2, 0xDCC3, 0xDCC4, 0xDCC4, 0xDCC6, 0xDCC7,
    0xDCC9, 0xD4CA, 0xD4AC, 0xCC8E, 0xCC90, 0xC492, 0xC494, 0xC476, 0xBC57, 0xB438, 0xB439, 0xAC39, 0xB47A, 0xB4DA, 0xB51A, 0xBD5A,
    0xAC22, 0xB422, 0xB442, 0xBC62, 0xBC82, 0xC4A2, 0xC4A2, 0xCCC2, 0xCCC2, 0xD4E2, 0xD503, 0xDD23, 0xDD24, 0xDD45, 0xDD46, 0xDD47,
    0xDD29, 0xDD2B, 0xD52C, 0xD52E, 0xCD30, 0xC512, 0xC514, 0xBD16, 0xBCF7, 0xB4B8, 0xACB9, 0xAC9A, 0xACDA, 0xB51A, 0xB55A, 0xBD9B,
    0xAC42, 0xB462, 0xB482, 0xB4A2, 0xBCA2, 0xBCC2, 0xC4E2, 0xC502, 0xCD03, 0xCD23, 0xD543, 0xDD64, 0xDD84, 0xDD85, 0xDDA6, 0xDD88,
    0xDD89, 0xDD8B, 0xD58C, 0xD58E, 0xCD90, 0xC592, 0xC574, 0xBD76, 0xB557, 0xB538, 0xAD19, 0xACFA, 0xAD3A, 0xB55A, 0xB59B, 0xBDDB,
    0xAC62, 0xAC82, 0xB4A2, 0xB4C2, 0xB4E2, 0xBD02, 0xBD22, 0xC543, 0xC543, 0xCD63, 0xD583, 0xD5A4, 0xDDC5, 0xDDE6, 0xDDE7, 0xDDE8,
    0xDDE9, 0xDDEA, 0xD5EC, 0xD5EE, 0xCDF0, 0xC5F2, 0xC5F4, 0xBDF6, 0xB5D7, 0xAD98, 0xAD79, 0xA55A, 0xAD7A, 0xAD9B, 0xB5DB, 0xBE1B,
    0xACA2, 0xACC2, 0xB4E2, 0xB502, 0xB523, 0xBD43, 0xBD43, 0xC563, 0xC583, 0xCDA3, 0xD5C4, 0xD5E5, 0xD605, 0xDE06, 0xDE28, 0xDE28,
    0xDE29, 0xD62A, 0xD62C, 0xD62E, 0xCE30, 0xC632, 0xBE34, 0xB636, 0xB637, 0xAE19, 0xADF9, 0xA5BA, 0xADDA, 0xADDB, 0xB61B, 0xBE3B,
    0xACE2, 0xACE2, 0xAD03, 0xB523, 0xB543, 0xBD63, 0xBD83, 0xC5A3, 0xCDA3, 0xCDC4, 0xD5E4, 0xD605, 0xD626, 0xD627, 0xD648, 0xD649,
    0xD66A, 0xD66A, 0xD66C, 0xCE4D, 0xC64F, 0xBE71, 0xB673, 0xAE75, 0xB677, 0xB699, 0xAE7A, 0xAE3A, 0xAE3B, 0xB63B, 0xB65B, 0xBE7B,
    0xAD02, 0xAD23, 0xAD43, 0xB563, 0xB563, 0xBD83, 0xC5A3, 0xC5C4, 0xCDE4, 0xCDE5, 0xD605, 0xD626, 0xD627, 0xD648, 0xD669, 0xD669,
    0xD66A, 0xD68B, 0xCE8C, 0xCE6D, 0xBE8F, 0xB690, 0xAE92, 0xA694, 0xAE96, 0xAEB8, 0xAEB9, 0xAE9A, 0xB69B, 0xB67B, 0xBE9B, 0xC69B,
    0xA543, 0xAD43, 0xAD63, 0xB583, 0xBDA3, 0xBDA3, 0xC5C3, 0xCDE4, 0xCE04, 0xCE05, 0xD626, 0xD627, 0xD648, 0xD668, 0xD669, 0xD68A,
    0xD68B, 0xCE8B, 0xCE8C, 0xC68D, 0xBEAF, 0xAEB0, 0xA6B1, 0xA6B3, 0xA6B5, 0xAED7, 0xAEF9, 0xB6FA, 0xB6DB, 0xB6BB, 0xBEBB, 0xC6BB,
    0xAD63, 0xAD83, 0xB583, 0xB5A3, 0xBDC3, 0xC5C3, 0xC5E4, 0xCE04, 0xCE05, 0xCE26, 0xCE47, 0xD648, 0xD668, 0xD669, 0xD68A, 0xCE8B,
    0xCE8C, 0xCEAC, 0xC6AD, 0xBEAE, 0xB6B0, 0xAEB1, 0xAEB2, 0xA6B3, 0xA6D5, 0xAEF7, 0xAEF9, 0xB71A, 0xB6FB, 0xBEFB, 0xBEFB, 0xC6DB,
    0xAD83, 0xB5A3, 0xB5A3, 0xBDC3, 0xC5C3, 0xC5E4, 0xCE04, 0xCE05, 0xCE26, 0xCE47, 0xCE48, 0xCE68, 0xCE69, 0xCE8A, 0xCE8B, 0xCE8B,
    0xCE8C, 0xC6AD, 0xC6AE, 0xBED0, 0xB6D1, 0xAED2, 0xAED3, 0xA6D4, 0xAEF6, 0xAEF7, 0xB719, 0xB71A, 0xBF1A, 0xBF1B, 0xC71B, 0xC6FB,
    0xADA3, 0xB5A3, 0xBDC3, 0xBDE3, 0xC5E4, 0xC604, 0xCE05, 0xCE26, 0xCE27, 0xCE48, 0xCE68, 0xCE69, 0xCE8A, 0xCE8B, 0xCE8B, 0xCE8C,
    0xC6AD, 0xC6AF, 0xBED0, 0xBED1, 0xB6D2, 0xB6F3, 0xB6F4, 0xAEF5, 0xB6F6, 0xB718, 0xB719, 0xBF1A, 0xBF3A, 0xC73B, 0xC71B, 0xC71B,
    0xB5A3, 0xB5C3, 0xBDC3, 0xC5E4, 0xC604, 0xC605, 0xC626, 0xCE27, 0xCE47, 0xCE68, 0xCE69, 0xCE8A, 0xCE8A, 0xCE8B, 0xCE8C, 0xCEAD,
    0xC6AF, 0xBED0, 0xBED1, 0xBEF2, 0xB6F3, 0xB6F4, 0xB6F5, 0xB716, 0xBF17, 0xBF18, 0xBF19, 0xC73A, 0xC73A, 0xC73A, 0xC73B, 0xCF3B,
    0x7840, 0x7840, 0x7840, 0x8041, 0x8041, 0x8022, 0x8022, 0x8023, 0x8024, 0x8024, 0x8825, 0x8826, 0x8827, 0x8828, 0x8829, 0x882A,
    0x902B, 0x904C, 0x904D, 0x904D, 0x904E, 0x904F, 0x904F, 0x9050, 0x9050, 0x9071, 0x9072, 0x9072, 0x9073, 0x9073, 0x9054, 0x9054,
    0x7840, 0x7840, 0x8040, 0x8041, 0x8841, 0x8842, 0x8822, 0x8823, 0x8824, 0x8824, 0x8825, 0x9026, 0x9027, 0x9028, 0x9029, 0x904A,
    0x904B, 0x904C, 0x904D, 0x904E, 0x904F, 0x904F, 0x9050, 0x9050, 0x9051, 0x9071, 0x9072, 0x9072, 0x9073, 0x9073, 0x9074, 0x8874,
    0x7860, 0x7860, 0x8040, 0x8840, 0x8841, 0x8841, 0x9042, 0x9043, 0x9023, 0x9024, 0x9025, 0x9846, 0x9847, 0x9848, 0x9849, 0x984A,
    0x984C, 0x984D, 0x984D, 0x984E, 0x984F, 0x9850, 0x9850, 0x9871, 0x9871, 0x9872, 0x9072, 0x9073, 0x9073, 0x9074, 0x9074, 0x8874,
    0x7880, 0x7860, 0x8060, 0x8840, 0x8840, 0x9041, 0x9041, 0x9842, 0x9843, 0x9844, 0x9845, 0x9846, 0x9847, 0xA048, 0xA049, 0xA04B,
    0x984C, 0x984D, 0x984E, 0x984E, 0x984F, 0x9850, 0x9851, 0x9871, 0x9872, 0x9872, 0x9873, 0x9873, 0x9073, 0x9074, 0x9094, 0x8894,
    0x78A0, 0x7880, 0x8080, 0x8860, 0x9040, 0x9040, 0x9841, 0x9842, 0xA043, 0xA044, 0xA045, 0xA046, 0xA047, 0xA048, 0xA049, 0xA04B,
    0xA04C, 0xA04D, 0xA04E, 0xA04F, 0xA04F, 0xA050, 0xA071, 0xA071, 0xA072, 0x9873, 0x9873, 0x9873, 0x9074, 0x9074, 0x8894, 0x88B4,
    0x78C0, 0x80A0, 0x80A0, 0x8880, 0x9060, 0x9060, 0x9841, 0x9841, 0xA042, 0xA043, 0xA844, 0xA845, 0xA847, 0xA848, 0xA869, 0xA86B,
    0xA04C, 0xA04D, 0xA04E, 0xA04F, 0xA050, 0xA070, 0xA071, 0xA072, 0xA072, 0xA073, 0x9873, 0x9873, 0x9094, 0x9094, 0x88B4, 0x88D3,
    0x78E0, 0x80C0, 0x88C0, 0x88A0, 0x9080, 0x9060, 0x9860, 0xA061, 0xA041, 0xA843, 0xA844, 0xA865, 0xA866, 0xA868, 0xA869, 0xA86B,
    0xA86C, 0xA86D, 0xA86E, 0xA06F, 0xA070, 0xA071, 0xA071, 0xA072, 0xA073, 0xA073, 0x9873, 0x9873, 0x9093, 0x90B4, 0x88D3, 0x88F3,
    0x7900, 0x80E0, 0x88E0, 0x88C0, 0x90A0, 0x90A0, 0x9880, 0xA061, 0xA061, 0xA862, 0xA863, 0xB064, 0xB066, 0xB067, 0xB069, 0xA86A,
    0xA86C, 0xA86D, 0xA86E, 0xA86F, 0xA870, 0xA071, 0xA071, 0xA072, 0xA073, 0xA073, 0x9893, 0x9093, 0x90B3, 0x90D3, 0x88F3, 0x8913,
    0x8120, 0x8100, 0x8900, 0x88E0, 0x90E0, 0x98C0, 0x98A0, 0xA080, 0xA081, 0xA861, 0xA862, 0xB064, 0xB085, 0xB087, 0xB089, 0xB08A,
    0xA88C, 0xA88D, 0xA86E, 0xA86F, 0xA870, 0xA871, 0xA871, 0xA872, 0xA073, 0xA093, 0x9893, 0x90B3, 0x90D3, 0x90F3, 0x9114, 0x8934,
    0x8140, 0x8940, 0x8920, 0x9120, 0x9100, 0x98E0, 0x98E0, 0xA0C0, 0xA0A1, 0xA881, 0xA882, 0xB083, 0xB085, 0xB086, 0xB088, 0xB08A,
    0xB08B, 0xA88D, 0xA88E, 0xA88F, 0xA890, 0xA891, 0xA891, 0xA892, 0xA093, 0xA093, 0x98B3, 0x90B3, 0x90F3, 0x9114, 0x9154, 0x9174,
    0x8180, 0x8960, 0x8960, 0x9140, 0x9140, 0x9920, 0x9900, 0xA0E0, 0xA0E1, 0xA0C1, 0xA8A1, 0xB0A3, 0xB0A4, 0xB0A6, 0xB0A8, 0xB0A9,
    0xB0AB, 0xA8AC, 0xA8AE, 0xA88F, 0xA890, 0xA891, 0xA891, 0xA892, 0xA093, 0xA0B3, 0x98D3, 0x98F3, 0x9114, 0x9134, 0x9194, 0x91D5,
    0x89A0, 0x89A0, 0x91A0, 0x9180, 0x9980, 0x9960, 0xA140, 0xA120, 0xA121, 0xA901, 0xA8E1, 0xA8C2, 0xB0C3, 0xB0C5, 0xB0C7, 0xB0C9,
    0xB0CA, 0xA8CC, 0xA8AD, 0xA8AE, 0xA8AF, 0xA8B0, 0xA8B1, 0xA0B2, 0xA0B3, 0xA0D3, 0x98F3, 0x9914, 0x9954, 0x9174, 0x99D5, 0x9A16,
    0x89E0, 0x91E0, 0x91E0, 0x99C0, 0xA1C0, 0xA1A0, 0xA180, 0xA980, 0xA961, 0xA941, 0xA921, 0xA902, 0xB0E3, 0xB0E4, 0xB0E6, 0xB0E8,
    0xB0EA, 0xB0EC, 0xA8CD, 0xA8CE, 0xA8CF, 0xA8D0, 0xA0D1, 0xA0D2, 0xA0D3, 0xA0F3, 0x9913, 0x9934, 0x9994, 0x99D5, 0x9A16, 0xA276,
    0x9220, 0x9A20, 0x9A20, 0xA220, 0xA200, 0xAA00, 0xA9E0, 0xA9C1, 0xB1C1, 0xB1A1, 0xB181, 0xB162, 0xB142, 0xB103, 0xB105, 0xB107,
    0xB109, 0xB10B, 0xA90D, 0xA90E, 0xA8EF, 0xA8F0, 0xA0F1, 0xA0F2, 0xA0F3, 0xA113, 0xA154, 0x9974, 0x99D5, 0xA216, 0xA276, 0xAAD7,
    0x9260, 0x9A80, 0xA280, 0xAA60, 0xAA60, 0xB261, 0xB241, 0xB241, 0xB221, 0xBA01, 0xB9E1, 0xB9C2, 0xB9A2, 0xB163, 0xB144, 0xB146,
    0xB148, 0xB14B, 0xB14C, 0xA92E, 0xA92F, 0xA930, 0xA931, 0xA932, 0xA133, 0xA154, 0xA194, 0xA1D5, 0xA216, 0xA276, 0xAAD7, 0xB358,
    0x9AA1, 0xA2C1, 0xAAC1, 0xB2C1, 0xB2C1, 0xBAC1, 0xBAA1, 0xBAA1, 0xC2A1, 0xC281, 0xC262, 0xC242, 0xC223, 0xC1E3, 0xB9C4, 0xB9A5,
    0xB987, 0xB98A, 0xB18C, 0xB18E, 0xB18F, 0xA970, 0xA971, 0xA972, 0xA993, 0xA994, 0xA1D5, 0xA216, 0xAA76, 0xAAD7, 0xB358, 0xB3B9,
    0xA2E1, 0xAB01, 0xB301, 0xB321, 0xBB21, 0xC321, 0xC301, 0xC301, 0xCB01, 0xCAE1, 0xCAE2, 0xCAC2, 0xCAA3, 0xCA84, 0xCA64, 0xC225,
    0xC207, 0xBA09, 0xBA0C, 0xB9EE, 0xB1EF, 0xB1D0, 0xB1D2, 0xB1D3, 0xA9F4, 0xA9F5, 0xAA36, 0xAA76, 0xAAD7, 0xB358, 0xB3B9, 0xBC3A,
    0xA321, 0xAB41, 0xB361, 0xBB61, 0xC361, 0xC381, 0xCB81, 0xCB61, 0xD361, 0xD362, 0xD362, 0xD343, 0xD343, 0xD324, 0xD305, 0xD2C6,
    0xCAA7, 0xCA89, 0xC28B, 0xC28D, 0xBA6F, 0xBA71, 0xBA72, 0xBA74, 0xB275, 0xB276, 0xB296, 0xB2D7, 0xB358, 0xB3B9, 0xBC19, 0xBC9A,
    0xAB61, 0xB381, 0xBBA1, 0xBBA1, 0xC3C1, 0xCBC1, 0xCBC1, 0xD3C1, 0xD3C1, 0xD3E2, 0xDBE2, 0xDBC3, 0xDBC3, 0xDBC4, 0xDBA5, 0xD386,
    0xD368, 0xD329, 0xCB2B, 0xCB0D, 0xC30F, 0xC2F1, 0xC2F3, 0xBAF4, 0xBAF5, 0xBAF6, 0xB317, 0xB358, 0xB3B9, 0xBC19, 0xBC7A, 0xBCDA,
    0xABA1, 0xB3C1, 0xBBE1, 0xC3E1, 0xC401, 0xCC01, 0xD421, 0xD421, 0xDC22, 0xDC42, 0xDC42, 0xDC43, 0xDC44, 0xDC44, 0xDC26, 0xDC27,
    0xDC08, 0xD40A, 0xD3EB, 0xCBCD, 0xCBAF, 0xCBB2, 0xC3B3, 0xC3B5, 0xC396, 0xBB97, 0xBB98, 0xBBD9, 0xBC19, 0xBC7A, 0xBCDA, 0xBD1A,
    0xB3E2, 0xB402, 0xBC02, 0xC422, 0xC442, 0xCC42, 0xCC62, 0xD462, 0xD482, 0xDC82, 0xDCA3, 0xDCA3, 0xDCA4, 0xDCC5, 0xDCA6, 0xDCA7,
    0xDCA9, 0xDC8A, 0xDC8C, 0xD46D, 0xD44F, 0xCC51, 0xCC54, 0xCC55, 0xC437, 0xC418, 0xBC39, 0xBC39, 0xBC7A, 0xBCDA, 0xBD1A, 0xBD5A,
    0xB402, 0xB422, 0xBC42, 0xC462, 0xC462, 0xC482, 0xCCA2, 0xD4A2, 0xD4C2, 0xD4C3, 0xDCE3, 0xDD04, 0xDD04, 0xDD25, 0xDD26, 0xDD27,
    0xDD29, 0xDD2A, 0xDD0C, 0xDD0E, 0xD4F0, 0xCCD1, 0xCCD3, 0xCCD6, 0xC4D7, 0xC4B8, 0xBCB9, 0xBC9A, 0xBCDA, 0xBD1A, 0xBD5A, 0xC59B,
    0xB442, 0xB462, 0xBC62, 0xBC82, 0xC4A2, 0xC4C2, 0xC4C2, 0xCCE2, 0xD503, 0xD523, 0xDD23, 0xDD44, 0xDD64, 0xDD65, 0xDD87, 0xDD88,
    0xDD89, 0xDD8A, 0xDD8C, 0xDD8E, 0xD570, 0xD571, 0xCD53, 0xCD56, 0xC557, 0xBD38, 0xBD19, 0xB4FA, 0xB53A, 0xBD5A, 0xBD9B, 0xC5DB,
    0xB462, 0xB482, 0xB4A2, 0xBCC2, 0xBCC2, 0xBCE2, 0xC502, 0xCD23, 0xCD43, 0xD543, 0xD563, 0xDD84, 0xDDA5, 0xDDC6, 0xDDC7, 0xDDE8,
    0xDDE9, 0xDDEA, 0xDDEC, 0xDDEE, 0xD5F0, 0xD5F2, 0xCDD4, 0xCDD5, 0xC5B7, 0xBD98, 0xBD79, 0xB55A, 0xB57A, 0xB59B, 0xBDDB, 0xC61B,
    0xB4A2, 0xB4A2, 0xB4C2, 0xB4E2, 0xBD02, 0xBD22, 0xC543, 0xC543, 0xCD63, 0xD583, 0xD5A4, 0xDDC5, 0xDDE5, 0xDE07, 0xDE08, 0xDE29,
    0xDE2A, 0xDE2B, 0xDE2C, 0xDE2D, 0xD62F, 0xD631, 0xCE33, 0xC635, 0xC617, 0xBE18, 0xBDF9, 0xB5BA, 0xB5DA, 0xB5DB, 0xBE1B, 0xC65B,
    0xACC2, 0xB4E2, 0xB502, 0xB522, 0xB543, 0xBD43, 0xC563, 0xC583, 0xCDA3, 0xD5C4, 0xD5E4, 0xDE05, 0xDE06, 0xDE27, 0xDE48, 0xDE49,
    0xDE6A, 0xDE6B, 0xDE6C, 0xDE6D, 0xD66F, 0xCE71, 0xC673, 0xC675, 0xBE76, 0xC698, 0xBE59, 0xB63A, 0xB63B, 0xB63B, 0xBE5B, 0xC67B,
    0xAD03, 0xB503, 0xB523, 0xB543, 0xBD63, 0xBD83, 0xC583, 0xCDA3, 0xCDC4, 0xD5E4, 0xD605, 0xD626, 0xDE27, 0xDE48, 0xDE69, 0xDE6A,
    0xDE8A, 0xDE8B, 0xD68C, 0xD68D, 0xCE8F, 0xCE91, 0xC692, 0xBE94, 0xBEB6, 0xBEB8, 0xBEB9, 0xBE9A, 0xBE7B, 0xBE7B, 0xC69B, 0xC6BB,
    0xAD23, 0xAD43, 0xB563, 0xB563, 0xBD83, 0xC5A3, 0xCDC3, 0xCDE4, 0xD5E4, 0xD605, 0xD626, 0xD647, 0xD648, 0xD669, 0xD66A, 0xD68A,
    0xD68B, 0xD6AC, 0xD6AD, 0xD6AE, 0xCEAF, 0xC6B0, 0xBEB2, 0xB6B3, 0xB6D5, 0xB6D7, 0xB6F9, 0xBEFA, 0xBEDB, 0xBEBB, 0xC6DB, 0xCEDB,
    0xAD43, 0xB563, 0xB583, 0xBD83, 0xC5A3, 0xC5C3, 0xCDE4, 0xCE05, 0xD605, 0xD626, 0xD647, 0xD648, 0xD669, 0xD669, 0xD68A, 0xD68B,
    0xD6AC, 0xD6AD, 0xD6AD, 0xCEAF, 0xC6D0, 0xC6D1, 0xBED2, 0xB6D4, 0xB6D5, 0xB6F7, 0xB6F9, 0xBF1A, 0xBEFB, 0xC6FB, 0xC6FB, 0xCEFB,
    0xAD83, 0xB583, 0xB5A3, 0xBDA3, 0xC5C3, 0xCDE4, 0xCE04, 0xCE05, 0xD626, 0xD647, 0xD648, 0xD669, 0xD669, 0xD68A, 0xD68B, 0xD6AC,
    0xD6AD, 0xD6AD, 0xCEAF, 0xCED0, 0xC6D1, 0xBEF2, 0xBEF3, 0xB6F4, 0xB6F5, 0xB6F7, 0xB718, 0xBF1A, 0xBF3B, 0xC73B, 0xC71B, 0xCF1B,
    0xB583, 0xB5A3, 0xBDC3, 0xC5C3, 0xCDE4, 0xCE04, 0xCE05, 0xCE26, 0xCE47, 0xD648, 0xD669, 0xD669, 0xD68A, 0xD68B, 0xD68C, 0xD6AD,
    0xCEAD, 0xCEAF, 0xCED0, 0xC6D1, 0xC6F2, 0xBEF3, 0xBEF4, 0xBEF5, 0xBF16, 0xBF17, 0xBF19, 0xC73A, 0xC73A, 0xC73B, 0xCF3B, 0xCF1C,
    0xB5A3, 0xBDC3, 0xC5C3, 0xC5E4, 0xCE04, 0xCE25, 0xCE26, 0xCE27, 0xCE48, 0xD668, 0xD689, 0xD68A, 0xD68B, 0xD68C, 0xD6AD, 0xCEAD,
    0xCEAF, 0xCED0, 0xC6D1, 0xC6F2, 0xC6F3, 0xC714, 0xC715, 0xC716, 0xC717, 0xC738, 0xC739, 0xCF3A, 0xCF3A, 0xCF3B, 0xCF3B, 0xCF3C,
    0x8040, 0x8040, 0x8040, 0x8041, 0x8841, 0x8822, 0x8823, 0x8823, 0x8824, 0x8825, 0x8825, 0x9026, 0x9027, 0x9028, 0x9029, 0x902A,
    0x902B, 0x904C, 0x904D, 0x904D, 0x904E, 0x904F, 0x904F, 0x9050, 0x9050, 0x9071, 0x9071, 0x9072, 0x9072, 0x9073, 0x9053, 0x9054,
    0x7860, 0x8040, 0x8840, 0x8841, 0x8841, 0x9042, 0x9042, 0x9023, 0x9024, 0x9024, 0x9025, 0x9846, 0x9847, 0x9848, 0x9849, 0x984A,
    0x984B, 0x984C, 0x984D, 0x984E, 0x984F, 0x984F, 0x9850, 0x9850, 0x9871, 0x9871, 0x9872, 0x9872, 0x9073, 0x9073, 0x9074, 0x9074,
    0x7860, 0x8060, 0x8840, 0x8840, 0x9041, 0x9041, 0x9842, 0x9843, 0x9844, 0x9844, 0x9845, 0x9846, 0xA047, 0xA048, 0xA049, 0xA04B,
    0xA04C, 0x984D, 0x984D, 0x984E, 0x984F, 0x984F, 0x9850, 0x9871, 0x9871, 0x9872, 0x9872, 0x9873, 0x9873, 0x9874, 0x9074, 0x9074,
    0x7880, 0x8060, 0x8860, 0x9040, 0x9040, 0x9841, 0x9841, 0xA042, 0xA043, 0xA044, 0xA045, 0xA046, 0xA047, 0xA048, 0xA049, 0xA04B,
    0xA04C, 0xA04D, 0xA04E, 0xA04E, 0xA04F, 0xA050, 0xA050, 0xA071, 0xA071, 0xA072, 0x9873, 0x9873, 0x9873, 0x9074, 0x9074, 0x9094,
    0x80A0, 0x8080, 0x8880, 0x9060, 0x9040, 0x9840, 0x9841, 0xA042, 0xA843, 0xA844, 0xA845, 0xA846, 0xA847, 0xA848, 0xA849, 0xA84B,
    0xA84C, 0xA04D, 0xA04E, 0xA04F, 0xA04F, 0xA050, 0xA071, 0xA071, 0xA072, 0xA072, 0xA073, 0x9873, 0x9873, 0x9074, 0x9094, 0x90B4,
    0x80C0, 0x80A0, 0x88A0, 0x9080, 0x9060, 0x9860, 0xA041, 0xA041, 0xA842, 0xA843, 0xA864, 0xA866, 0xA867, 0xA868, 0xA869, 0xA86B,
    0xA86C, 0xA86D, 0xA86E, 0xA06F, 0xA06F, 0xA070, 0xA071, 0xA071, 0xA072, 0xA073, 0xA073, 0x9873, 0x9893, 0x9093, 0x90B3, 0x90B3,
    0x80E0, 0x88C0, 0x88C0, 0x90A0, 0x9080, 0x9880, 0xA060, 0xA061, 0xA862, 0xA863, 0xB064, 0xB065, 0xB066, 0xB068, 0xB069, 0xB06A,
    0xA86C, 0xA86D, 0xA86E, 0xA86F, 0xA86F, 0xA870, 0xA871, 0xA871, 0xA072, 0xA073, 0xA073, 0x9873, 0x9893, 0x90B3, 0x90D3, 0x90D3,
    0x8100, 0x88E0, 0x88E0, 0x90C0, 0x98C0, 0x98A0, 0xA080, 0xA081, 0xA861, 0xA862, 0xB063, 0xB065, 0xB086, 0xB088, 0xB089, 0xB08A,
    0xA88C, 0xA86D, 0xA86E, 0xA86F, 0xA86F, 0xA870, 0xA871, 0xA871, 0xA072, 0xA073, 0xA093, 0x9893, 0x98B3, 0x90B3, 0x90F3, 0x9113,
    0x8120, 0x8920, 0x9100, 0x90E0, 0x98E0, 0x98C0, 0xA0A0, 0xA0A1, 0xA081, 0xA882, 0xB083, 0xB084, 0xB086, 0xB087, 0xB089, 0xB08A,
    0xB08B, 0xA88D, 0xA88E, 0xA88E, 0xA88F, 0xA890, 0xA891, 0xA891, 0xA892, 0xA093, 0xA093, 0x98B3, 0x98B3, 0x90D3, 0x9113, 0x9134,
    0x8940, 0x8940, 0x9120, 0x9120, 0x9900, 0x9900, 0xA0E0, 0xA0C1, 0xA0C1, 0xA8A1, 0xA8A2, 0xB0A4, 0xB0A5, 0xB0A7, 0xB0A8, 0xB0AA,
    0xB0AB, 0xA8AC, 0xA8AD, 0xA88E, 0xA88F, 0xA890, 0xA891, 0xA891, 0xA092, 0xA093, 0xA0B3, 0x98B3, 0x98F3, 0x9113, 0x9154, 0x9174,
    0x8980, 0x8960, 0x9160, 0x9940, 0x9940, 0xA120, 0xA100, 0xA101, 0xA8E1, 0xA8C1, 0xA8C2, 0xB0C3, 0xB0A4, 0xB0C6, 0xB0C8, 0xB0C9,
    0xB0CB, 0xB0CC, 0xA8AD, 0xA8AE, 0xA8AF, 0xA8B0, 0xA8B1, 0xA8B1, 0xA0B2, 0xA0B3, 0xA0D3, 0x98D3, 0x9913, 0x9934, 0x9974, 0x99B5,
    0x89A0, 0x91A0, 0x91A0, 0x9980, 0xA180, 0xA160, 0xA140, 0xA941, 0xA921, 0xA901, 0xA902, 0xB0E2, 0xB0C4, 0xB0C5, 0xB0E7, 0xB0E9,
    0xB0EA, 0xB0CC, 0xA8CD, 0xA8CE, 0xA8CF, 0xA8D0, 0xA8D1, 0xA8D1, 0xA0D2, 0xA0D3, 0xA0F3, 0x9913, 0x9954, 0x9974, 0x99D5, 0xA216,
    0x91E0, 0x91E0, 0x99E0, 0xA1C0, 0xA1C0, 0xA9A0, 0xA980, 0xA981, 0xA961, 0xA941, 0xB142, 0xB122, 0xB103, 0xB104, 0xB0E6, 0xB108,
    0xB10A, 0xB10C, 0xB0ED, 0xA8EE, 0xA8EF, 0xA8F0, 0xA8D1, 0xA8D1, 0xA8F2, 0xA0F3, 0xA113, 0xA134, 0xA174, 0xA1D5, 0xA216, 0xAA76,
    0x9A20, 0x9A20, 0xA220, 0xA220, 0xAA00, 0xAA00, 0xB1E1, 0xB1E1, 0xB1C1, 0xB1A1, 0xB182, 0xB162, 0xB143, 0xB124, 0xB125, 0xB927,
    0xB129, 0xB12B, 0xB12D, 0xA90E, 0xA90F, 0xA910, 0xA911, 0xA911, 0xA912, 0xA913, 0xA154, 0xA174, 0xA1D5, 0xA216, 0xAA76, 0xB2D7,
    0x9A60, 0xA260, 0xAA60, 0xAA60, 0xB261, 0xB261, 0xB241, 0xBA41, 0xBA21, 0xBA01, 0xBA02, 0xB9E2, 0xB9A3, 0xB983, 0xB965, 0xB947,
    0xB948, 0xB94B, 0xB14C, 0xB14E, 0xB14F, 0xA930, 0xA931, 0xA931, 0xA932, 0xA953, 0xA994, 0xA9D5, 0xAA16, 0xAA76, 0xB2D7, 0xB358,
    0xA2A1, 0xAAC1, 0xB2C1, 0xB2C1, 0xBAC1, 0xBAA1, 0xC2A1, 0xC2A1, 0xC281, 0xC282, 0xC262, 0xC263, 0xC243, 0xC204, 0xC1C5, 0xC1A6,
    0xB987, 0xB9AA, 0xB9AC, 0xB98D, 0xB18F, 0xB170, 0xB171, 0xA972, 0xA973, 0xB194, 0xB1D5, 0xAA15, 0xB276, 0xB2D7, 0xB358, 0xBBB9,
    0xAAE1, 0xAB01, 0xB301, 0xBB01, 0xBB01, 0xC301, 0xC301, 0xCB01, 0xCB01, 0xCAE2, 0xCAE2, 0xD2C3, 0xD2A3, 0xCA84, 0xCA65, 0xCA25,
    0xC207, 0xC1E9, 0xC1EB, 0xB9ED, 0xB9EF, 0xB1D0, 0xB1D1, 0xB1D2, 0xB1D3, 0xB1F4, 0xB235, 0xB276, 0xB2D7, 0xBB58, 0xBBB9, 0xBC39,
    0xAB21, 0xB341, 0xBB61, 0xC361, 0xC361, 0xCB61, 0xCB61, 0xD361, 0xD362, 0xD362, 0xD362, 0xD343, 0xDB44, 0xD324, 0xD305, 0xD2C6,
    0xD2A7, 0xCA69, 0xCA6B, 0xCA6D, 0xC26F, 0xBA50, 0xBA51, 0xBA33, 0xBA54, 0xBA55, 0xBA96, 0xBAD7, 0xBB38, 0xBBB9, 0xBC19, 0xBC9A,
    0xB361, 0xBB81, 0xBBA1, 0xC3A1, 0xCBA1, 0xCBC1, 0xD3C1, 0xD3C1, 0xDBC2, 0xDBC2, 0xDBC3, 0xDBC3, 0xDBC4, 0xDBA5, 0xDB86, 0xDB67,
    0xDB48, 0xD309, 0xD2EB, 0xCAED, 0xCAEF, 0xC2D1, 0xC2D2, 0xC2B3, 0xC2D5, 0xC2D6, 0xC317, 0xBB58, 0xBBB9, 0xBC19, 0xC47A, 0xC4DA,
    0xB3A1, 0xBBC1, 0xC3C1, 0xC3E1, 0xCBE1, 0xD401, 0xD401, 0xDC01, 0xDC22, 0xDC22, 0xDC23, 0xDC43, 0xDC44, 0xDC25, 0xDC26, 0xDC07,
    0xDBE8, 0xDBC9, 0xDBAB, 0xD38D, 0xD38F, 0xCB71, 0xCB72, 0xCB54, 0xCB75, 0xCB77, 0xC398, 0xC3B9, 0xC419, 0xC47A, 0xC4DA, 0xC53A,
    0xB3E1, 0xBBE1, 0xC401, 0xC421, 0xCC21, 0xD441, 0xD441, 0xDC62, 0xDC62, 0xDC82, 0xDC83, 0xDCA4, 0xE4A4, 0xE4A5, 0xE4A6, 0xE487,
    0xDC89, 0xDC6A, 0xDC6B, 0xDC2D, 0xD42F, 0xD411, 0xD413, 0xCBF4, 0xCC16, 0xCC17, 0xCC18, 0xC439, 0xC47A, 0xC4DA, 0xC51A, 0xC55A,
    0xBC02, 0xBC22, 0xC442, 0xC442, 0xCC62, 0xCC62, 0xD482, 0xD4A2, 0xDCA2, 0xDCC3, 0xDCE3, 0xDCE4, 0xE505, 0xE506, 0xE507, 0xE508,
    0xE509, 0xE50A, 0xDCEC, 0xDCED, 0xDCCF, 0xD4B1, 0xD493, 0xD495, 0xD496, 0xCC98, 0xCC99, 0xC49A, 0xC4DA, 0xC51A, 0xC55A, 0xC5BA,
    0xBC42, 0xBC42, 0xBC62, 0xC482, 0xC482, 0xCCA2, 0xCCC2, 0xD4C2, 0xD4E3, 0xDD03, 0xDD23, 0xDD44, 0xE545, 0xE546, 0xE567, 0xE568,
    0xE569, 0xE56A, 0xE56C, 0xDD6D, 0xDD4F, 0xDD31, 0xD533, 0xD535, 0xD536, 0xCD38, 0xCD19, 0xC51A, 0xC53A, 0xC55A, 0xC59A, 0xCDDB,
    0xB462, 0xBC82, 0xBC82, 0xBCA2, 0xC4C2, 0xC4C2, 0xCCE2, 0xD503, 0xD523, 0xDD43, 0xDD44, 0xDD64, 0xDD85, 0xE5A6, 0xE5A7, 0xE5A8,
    0xE5C9, 0xE5CA, 0xE5CC, 0xE5CD, 0xDDCF, 0xDDD1, 0xD5B3, 0xD5B4, 0xD596, 0xCD98, 0xCD99, 0xC55A, 0xC57A, 0xC59A, 0xC5DB, 0xCE1B,
    0xB482, 0xB4A2, 0xBCC2, 0xBCC2, 0xBCE2, 0xC502, 0xC523, 0xCD43, 0xD563, 0xD563, 0xDD84, 0xDDA5, 0xDDC6, 0xE5E7, 0xE608, 0xE609,
    0xE60A, 0xE60B, 0xE62C, 0xE62D, 0xDE2F, 0xDE31, 0xD633, 0xD615, 0xD616, 0xCE18, 0xCDF9, 0xC5DA, 0xC5DA, 0xC5DB, 0xC61B, 0xCE5B,
    0xB4C2, 0xB4C2, 0xB4E2, 0xBD02, 0xBD22, 0xC542, 0xC543, 0xCD63, 0xD583, 0xD5A4, 0xDDC4, 0xDDE5, 0xDE06, 0xDE27, 0xE648, 0xE649,
    0xE66A, 0xE66B, 0xE66C, 0xE66D, 0xDE6F, 0xDE91, 0xD693, 0xD695, 0xD697, 0xCE78, 0xC659, 0xC63A, 0xBE1A, 0xBE1B, 0xC65B, 0xCE9B,
    0xB4E2, 0xB502, 0xB522, 0xBD22, 0xBD43, 0xC563, 0xCD83, 0xCDA3, 0xD5C4, 0xD5E4, 0xDE05, 0xDE06, 0xDE27, 0xDE48, 0xDE69, 0xDE6A,
    0xDE8B, 0xDE8B, 0xDE8C, 0xDE8D, 0xDEAF, 0xDEB1, 0xD6B2, 0xCEB4, 0xCEB6, 0xCEB8, 0xC6B9, 0xC69A, 0xC67B, 0xC67B, 0xC69B, 0xCEBB,
    0xB503, 0xB523, 0xB543, 0xBD63, 0xBD83, 0xC583, 0xCDA3, 0xD5C4, 0xD5E4, 0xD605, 0xDE26, 0xDE47, 0xDE48, 0xDE69, 0xDE6A, 0xDE8A,
    0xDE8B, 0xDEAC, 0xDEAD, 0xDEAE, 0xD6AF, 0xD6D0, 0xD6D2, 0xCED4, 0xC6D5, 0xC6D7, 0xC6F9, 0xC6FA, 0xC6DB, 0xC6BB, 0xCEDB, 0xCEDB,
    0xB543, 0xB543, 0xB563, 0xBD83, 0xC5A3, 0xCDA3, 0xCDC4, 0xD5E5, 0xD605, 0xD626, 0xD647, 0xDE48, 0xDE69, 0xDE6A, 0xDE8A, 0xDE8B,
    0xDEAC, 0xDEAD, 0xDEAE, 0xD6CF, 0xD6D0, 0xD6D1, 0xCEF3, 0xC6F4, 0xC6F5, 0xBEF7, 0xC6F8, 0xC71A, 0xC71B, 0xC6FB, 0xCEFB, 0xD6FC,
    0xB563, 0xB583, 0xBD83, 0xC5A3, 0xCDC3, 0xCDE4, 0xD5E4, 0xD605, 0xD626, 0xD647, 0xD648, 0xD669, 0xD66A, 0xDE8A, 0xDE8B, 0xDEAC,
    0xD6AD, 0xD6AE, 0xD6CF, 0xD6D0, 0xD6F1, 0xCEF2, 0xCEF3, 0xC715, 0xBF16, 0xBF16, 0xBF18, 0xC73A, 0xC73B, 0xCF3B, 0xCF3C, 0xD71C,
    0xB583, 0xBD83, 0xBDA3, 0xC5C3, 0xCDE4, 0xCE04, 0xD605, 0xD626, 0xD647, 0xD648, 0xD669, 0xD66A, 0xD68A, 0xD68B, 0xD6AC, 0xD6AD,
    0xD6AE, 0xD6CF, 0xD6D0, 0xD6F1, 0xCEF2, 0xCEF3, 0xCF15, 0xC716, 0xC716, 0xC717, 0xC739, 0xCF3A, 0xCF3B, 0xCF3B, 0xD73B, 0xD73C,
    0xB5A3, 0xBDA3, 0xC5C3, 0xCDE4, 0xCE04, 0xCE25, 0xD626, 0xD647, 0xD648, 0xD669, 0xD68A, 0xD68A, 0xD6AB, 0xD6AC, 0xD6AD, 0xD6AD,
    0xD6AF, 0xD6D0, 0xD6F1, 0xCEF2, 0xCF14, 0xCF15, 0xCF16, 0xCF16, 0xCF37, 0xCF38, 0xCF39, 0xCF3A, 0xD73A, 0xD75B, 0xD75B, 0xD75C,
    0x8040, 0x8840, 0x8840, 0x8841, 0x9041, 0x9042, 0x9023, 0x9023, 0x9024, 0x9025, 0x9026, 0x9846, 0x9847, 0x9848, 0x9849, 0x984A,
    0x984B, 0x984C, 0x984D, 0x984E, 0x984E, 0x984F, 0x984F, 0x9850, 0x9850, 0x9871, 0x9871, 0x9872, 0x9872, 0x9873, 0x9873, 0x9854,
    0x8060, 0x8840, 0x8840, 0x9041, 0x9041, 0x9842, 0x9842, 0x9843, 0x9844, 0x9845, 0x9846, 0x9846, 0x9847, 0xA048, 0xA049, 0xA04A,
    0xA04B, 0x984C, 0x984D, 0x984E, 0x984E, 0x984F, 0x9850, 0x9850, 0x9871, 0x9871, 0x9872, 0x9872, 0x9873, 0x9873, 0x9873, 0x9074,
    0x8060, 0x8860, 0x9040, 0x9040, 0x9841, 0x9841, 0xA042, 0xA043, 0xA044, 0xA045, 0xA045, 0xA046, 0xA047, 0xA048, 0xA049, 0xA04B,
    0xA04C, 0xA04D, 0xA04D, 0xA04E, 0xA04F, 0xA04F, 0xA050, 0xA071, 0xA071, 0xA072, 0xA072, 0x9873, 0x9873, 0x9873, 0x9874, 0x9074,
    0x8080, 0x8880, 0x9060, 0x9060, 0x9840, 0x9841, 0xA041, 0xA042, 0xA843, 0xA844, 0xA845, 0xA846, 0xA847, 0xA848, 0xA849, 0xA84B,
    0xA84C, 0xA04D, 0xA04D, 0xA04E, 0xA04F, 0xA050, 0xA070, 0xA071, 0xA071, 0xA072, 0xA072, 0xA073, 0x9873, 0x9873, 0x9874, 0x9094,
    0x80A0, 0x8880, 0x9080, 0x9060, 0x9860, 0xA061, 0xA041, 0xA842, 0xA843, 0xA844, 0xB065, 0xB066, 0xB067, 0xB068, 0xA869, 0xA86B,
    0xA86C, 0xA86D, 0xA86E, 0xA84E, 0xA06F, 0xA070, 0xA070, 0xA071, 0xA072, 0xA072, 0xA073, 0xA073, 0x9873, 0x9873, 0x9093, 0x9093,
    0x88C0, 0x88A0, 0x90A0, 0x9080, 0x9880, 0xA060, 0xA061, 0xA861, 0xA862, 0xA863, 0xB064, 0xB066, 0xB067, 0xB068, 0xB069, 0xB06B,
    0xA86C, 0xA86D, 0xA86E, 0xA86E, 0xA86F, 0xA870, 0xA870, 0xA871, 0xA872, 0xA072, 0xA073, 0xA073, 0x9893, 0x9893, 0x90B3, 0x90B3,
    0x88E0, 0x88C0, 0x90C0, 0x98A0, 0x98A0, 0xA080, 0xA061, 0xA861, 0xA862, 0xB063, 0xB064, 0xB085, 0xB087, 0xB088, 0xB089, 0xB08A,
    0xB08C, 0xA86D, 0xA86E, 0xA86E, 0xA86F, 0xA870, 0xA870, 0xA871, 0xA872, 0xA872, 0xA073, 0xA093, 0x9893, 0x98B3, 0x90B3, 0x90D3,
    0x8900, 0x88E0, 0x90E0, 0x98C0, 0x98C0, 0xA0A0, 0xA0A1, 0xA081, 0xA881, 0xA883, 0xB084, 0xB085, 0xB086, 0xB088, 0xB089, 0xB08A,
    0xB08C, 0xA88D, 0xA88D, 0xA88E, 0xA88F, 0xA890, 0xA890, 0xA891, 0xA892, 0xA892, 0xA093, 0xA093, 0x98B3, 0x98B3, 0x90F3, 0x9113,
    0x8920, 0x9120, 0x9100, 0x9900, 0x98E0, 0xA0C0, 0xA0C1, 0xA0A1, 0xA8A1, 0xA8A2, 0xB0A3, 0xB0A4, 0xB0A6, 0xB0A7, 0xB0A9, 0xB0AA,
    0xB0AB, 0xA8AC, 0xA8AD, 0xA88E, 0xA88F, 0xA890, 0xA890, 0xA891, 0xA892, 0xA892, 0xA093, 0xA0B3, 0x98B3, 0x98D3, 0x9913, 0x9134,
    0x8940, 0x9140, 0x9120, 0x9920, 0x9900, 0xA100, 0xA0E1, 0xA8E1, 0xA8C1, 0xA8C2, 0xB0C3, 0xB0C4, 0xB0C5, 0xB0C7, 0xB0C8, 0xB0CA,
    0xB0CB, 0xA8CC, 0xA8AD, 0xA8AE, 0xA8AF, 0xA8B0, 0xA8B0, 0xA8B1, 0xA8B2, 0xA8B2, 0xA0B3, 0xA0B3, 0x98F3, 0x9913, 0x9954, 0x9974,
    0x9180, 0x9160, 0x9960, 0x9940, 0xA140, 0xA120, 0xA921, 0xA901, 0xA901, 0xA8E2, 0xB0E2, 0xB0C3, 0xB0C5, 0xB0E6, 0xB0E8, 0xB0E9,
    0xB0EB, 0xB0CC, 0xA8CD, 0xA8CE, 0xA8CF, 0xA8D0, 0xA8D0, 0xA8D1, 0xA8D2, 0xA8D2, 0xA0D3, 0xA0D3, 0xA113, 0x9934, 0x9974, 0xA1B5,
    0x91A0, 0x99A0, 0x99A0, 0xA180, 0xA180, 0xA960, 0xA961, 0xA941, 0xA941, 0xA922, 0xB102, 0xB103, 0xB0E4, 0xB0E6, 0xB107, 0xB109,
    0xB10B, 0xB10C, 0xB0ED, 0xA8EE, 0xA8EF, 0xA8EF, 0xA8D0, 0xA8D1, 0xA8D2, 0xA8D2, 0xA0F3, 0xA113, 0xA154, 0xA174, 0xA1D5, 0xA215,
    0x99E0, 0x99E0, 0xA1E0, 0xA1C0, 0xA9C0, 0xA9A0, 0xA9A1, 0xB181, 0xB181, 0xB162, 0xB162, 0xB143, 0xB124, 0xB925, 0xB927, 0xB929,
    0xB12A, 0xB12C, 0xB12D, 0xB10E, 0xA90F, 0xA910, 0xA910, 0xA8F1, 0xA912, 0xA912, 0xA913, 0xA153, 0xA194, 0xA1D5, 0xAA16, 0xAA76,
    0x9A20, 0xA220, 0xA220, 0xAA20, 0xAA00, 0xB201, 0xB201, 0xB1E1, 0xB9E1, 0xB9C2, 0xB9A2, 0xB983, 0xB984, 0xB964, 0xB946, 0xB948,
    0xB94A, 0xB94B, 0xB14D, 0xB14E, 0xB14F, 0xA930, 0xA930, 0xA931, 0xA932, 0xA933, 0xA953, 0xA994, 0xA9D5, 0xAA16, 0xB276, 0xB2D7,
    0xA260, 0xAA60, 0xAA60, 0xB261, 0xB261, 0xBA61, 0xBA41, 0xBA41, 0xBA42, 0xC222, 0xC203, 0xC203, 0xC1E4, 0xC1A4, 0xC185, 0xC187,
    0xB989, 0xB98B, 0xB98D, 0xB98E, 0xB18F, 0xB170, 0xB170, 0xA951, 0xA972, 0xB173, 0xB194, 0xA9D5, 0xB215, 0xB276, 0xB2D7, 0xBB58,
    0xAAA1, 0xAAA1, 0xB2C1, 0xBAA1, 0xBAA1, 0xC2A1, 0xC2A1, 0xC2A1, 0xCAA2, 0xCAA2, 0xCA83, 0xCA63, 0xCA64, 0xCA25, 0xCA05, 0xC1E7,
    0xC1C8, 0xC1CA, 0xC1EC, 0xB9CE, 0xB9CF, 0xB1B0, 0xB1B1, 0xB1B1, 0xB1B2, 0xB1B3, 0xB1F4, 0xB215, 0xB276, 0xBAD7, 0xBB58, 0xBBB9,
    0xAAE1, 0xB301, 0xBB01, 0xBB01, 0xC301, 0xC301, 0xCB01, 0xCB01, 0xCB02, 0xD302, 0xD2E3, 0xD2E4, 0xD2C4, 0xD2A5, 0xD286, 0xCA46,
    0xCA48, 0xCA2A, 0xCA2C, 0xC22D, 0xC22F, 0xBA10, 0xBA11, 0xB9F2, 0xB9F3, 0xBA14, 0xBA35, 0xBA76, 0xBAD7, 0xBB38, 0xC3B9, 0xC419,
    0xB321, 0xBB41, 0xC341, 0xC341, 0xCB61, 0xCB61, 0xD361, 0xD362, 0xD362, 0xD362, 0xDB63, 0xDB64, 0xDB44, 0xDB45, 0xDB26, 0xD2E7,
    0xD2C8, 0xD2A9, 0xCA8B, 0xCAAD, 0xCA8F, 0xC290, 0xC271, 0xC253, 0xC274, 0xC275, 0xC2B6, 0xC2D7, 0xC338, 0xC3B8, 0xC419, 0xC47A,
    0xB361, 0xBB81, 0xC381, 0xCBA1, 0xCBA1, 0xD3A1, 0xD3A1, 0xD3C2, 0xDBC2, 0xDBC3, 0xDBC3, 0xDBC4, 0xDBC5, 0xDBC6, 0xDBA7, 0xDB88,
    0xDB68, 0xD329, 0xD32B, 0xD30D, 0xD30F, 0xCAF0, 0xCAF2, 0xC2D3, 0xC2D4, 0xC2F6, 0xC317, 0xC338, 0xC3B8, 0xC419, 0xC47A, 0xC4DA,
    0xBBA1, 0xC3C1, 0xCBC1, 0xCBE1, 0xD3E1, 0xD3E1, 0xDC01, 0xDC02, 0xDC22, 0xDC23, 0xDC23, 0xDC24, 0xDC45, 0xE426, 0xDC27, 0xDC28,
    0xDC09, 0xDBEA, 0xDBCB, 0xDBAD, 0xD38E, 0xD391, 0xD372, 0xCB74, 0xCB75, 0xCB76, 0xCB97, 0xCBB8, 0xCC19, 0xC47A, 0xC4DA, 0xC51A,
    0xBBE1, 0xC3E1, 0xCC01, 0xCC01, 0xD421, 0xD421, 0xDC42, 0xDC42, 0xDC62, 0xDC63, 0xDC83, 0xE484, 0xE4A5, 0xE4A6, 0xE4A7, 0xE488,
    0xE489, 0xE48B, 0xDC6C, 0xDC2D, 0xDC2F, 0xD410, 0xD412, 0xD3F4, 0xD3F5, 0xD3F7, 0xD418, 0xCC19, 0xCC79, 0xCCDA, 0xCD1A, 0xC55A,
    0xBC01, 0xC421, 0xCC22, 0xCC42, 0xD462, 0xD462, 0xDC82, 0xDC82, 0xDCA3, 0xDCC3, 0xDCC4, 0xE4E4, 0xE4E5, 0xE506, 0xE508, 0xE509,
    0xE50A, 0xE50B, 0xE4EC, 0xE4ED, 0xDCCF, 0xDC90, 0xDC92, 0xD474, 0xD476, 0xD497, 0xD498, 0xCC99, 0xCCDA, 0xCD1A, 0xCD5A, 0xCDBA,
    0xBC42, 0xC442, 0xC462, 0xCC62, 0xCC82, 0xD4A2, 0xD4A2, 0xDCC2, 0xDCE3, 0xDD03, 0xDD04, 0xE525, 0xE546, 0xE547, 0xE548, 0xE549,
    0xE54A, 0xE56B, 0xE54C, 0xE54E, 0xE54F, 0xDD30, 0xDD12, 0xDD14, 0xD4F6, 0xD4F7, 0xD4F8, 0xCCFA, 0xCD3A, 0xCD5A, 0xCD9A, 0xCDFB,
    0xBC62, 0xBC82, 0xC482, 0xC4A2, 0xCCA2, 0xCCC2, 0xD4E2, 0xD503, 0xDD23, 0xDD24, 0xDD44, 0xDD65, 0xE566, 0xE587, 0xE5A8, 0xE5A9,
    0xE5AA, 0xE5AB, 0xE5AC, 0xE5CE, 0xE5AF, 0xDDB1, 0xDD92, 0xDD74, 0xD576, 0xD577, 0xD579, 0xCD5A, 0xCD7A, 0xCD9A, 0xCDDB, 0xCE1B,
    0xBC82, 0xBCA2, 0xBCA2, 0xC4C2, 0xC4E2, 0xCD02, 0xCD03, 0xD523, 0xD543, 0xDD64, 0xDD84, 0xDDA5, 0xE5A6, 0xE5C7, 0xE5E8, 0xE5E9,
    0xE5EA, 0xE60B, 0xE60C, 0xE60E, 0xE60F, 0xE611, 0xDE12, 0xDDF4, 0xD5F6, 0xD5F7, 0xD5D9, 0xCDBA, 0xCDDA, 0xCDDB, 0xCE1B, 0xD65B,
    0xB4A2, 0xBCC2, 0xBCE2, 0xBCE2, 0xC502, 0xC523, 0xCD43, 0xD563, 0xD583, 0xDDA4, 0xDDC5, 0xDDE6, 0xDDE7, 0xE608, 0xE629, 0xE62A,
    0xE64B, 0xE64B, 0xE64C, 0xE64E, 0xE66F, 0xE671, 0xDE72, 0xDE74, 0xD676, 0xD657, 0xD659, 0xCE3A, 0xCE3A, 0xCE1B, 0xCE5B, 0xD69B,
    0xB4E2, 0xB4E2, 0xBD02, 0xBD22, 0xC542, 0xC543, 0xCD63, 0xD583, 0xD5A4, 0xDDC4, 0xDDE5, 0xDE06, 0xDE27, 0xE628, 0xE649, 0xE66A,
    0xE66B, 0xE66C, 0xE68D, 0xE68E, 0xE68F, 0xE690, 0xDEB2, 0xDEB4, 0xD6B6, 0xD6B7, 0xD699, 0xCE9A, 0xCE7B, 0xCE7B, 0xCE9B, 0xD6BB,
    0xB502, 0xB522, 0xB542, 0xBD43, 0xC563, 0xCD83, 0xCDA3, 0xD5C4, 0xD5E4, 0xDE05, 0xDE26, 0xDE27, 0xDE48, 0xDE69, 0xDE6A, 0xE68B,
    0xE68B, 0xE6AC, 0xE6AD, 0xE6AE, 0xDECF, 0xDED0, 0xDED2, 0xD6D4, 0xD6F5, 0xCEF7, 0xCEF9, 0xD6FA, 0xCEDB, 0xCEBB, 0xCEDB, 0xD6DC,
    0xB523, 0xB543, 0xBD63, 0xBD63, 0xC583, 0xCDA3, 0xD5C4, 0xD5E4, 0xD605, 0xDE26, 0xDE27, 0xDE48, 0xDE69, 0xDE6A, 0xDE8B, 0xDE8B,
    0xDEAC, 0xDEAD, 0xDEAE, 0xDECF, 0xDED0, 0xDED1, 0xD6F2, 0xD6F4, 0xCEF5, 0xCEF7, 0xCF18, 0xCF1A, 0xCF1B, 0xCEFB, 0xD6FC, 0xD6FC,
    0xB543, 0xB563, 0xBD83, 0xC5A3, 0xCDA3, 0xD5C4, 0xD5E4, 0xD605, 0xD626, 0xDE27, 0xDE48, 0xDE69, 0xDE6A, 0xDE8A, 0xDE8B, 0xDEAC,
    0xDEAD, 0xDEAE, 0xDECF, 0xDED0, 0xDEF1, 0xD6F2, 0xD6F3, 0xCF15, 0xCF16, 0xCF17, 0xCF18, 0xCF3A, 0xCF3A, 0xD73C, 0xD73C, 0xD71C,
    0xB563, 0xBD83, 0xC5A3, 0xCDC3, 0xCDC4, 0xD5E4, 0xD605, 0xD626, 0xD627, 0xD648, 0xDE69, 0xDE6A, 0xDE8A, 0xDE8B, 0xDEAC, 0xDEAD,
    0xDEAE, 0xDECF, 0xDED0, 0xD6F1, 0xD6F2, 0xD713, 0xD715, 0xD716, 0xCF17, 0xCF38, 0xCF39, 0xD73A, 0xD73B, 0xD75B, 0xD73C, 0xD73C,
    0xB583, 0xBDA3, 0xCDC3, 0xCDE4, 0xD604, 0xD605, 0xD626, 0xD627, 0xD648, 0xD669, 0xDE8A, 0xDE8A, 0xDEAB, 0xDEAC, 0xDEAD, 0xDEAE,
    0xDECF, 0xD6D0, 0xD6F1, 0xD6F2, 0xD714, 0xD715, 0xD716, 0xD737, 0xD738, 0xD739, 0xD739, 0xD75A, 0xD75B, 0xD75B, 0xDF5C, 0xDF5C,
    0x8840, 0x8840, 0x9040, 0x9041, 0x9841, 0x9842, 0x9843, 0x9844, 0x9844, 0x9845, 0x9846, 0xA047, 0xA048, 0xA048, 0xA049, 0xA04A,
    0xA04B, 0xA04C, 0xA04D, 0x984E, 0x984E, 0x984F, 0x984F, 0x9850, 0x9850, 0x9871, 0x9871, 0x9872, 0x9872, 0x9873, 0x9873, 0x9874,
    0x8860, 0x9040, 0x9040, 0x9841, 0x9841, 0x9842, 0xA042, 0xA043, 0xA044, 0xA045, 0xA046, 0xA047, 0xA048, 0xA048, 0xA049, 0xA04A,
    0xA04B, 0xA04C, 0xA04D, 0xA04E, 0xA04E, 0xA04F, 0xA050, 0xA050, 0xA071, 0xA071, 0xA072, 0xA072, 0x9873, 0x9873, 0x9873, 0x9874,
    0x8880, 0x9060, 0x9040, 0x9840, 0x9841, 0xA041, 0xA042, 0xA843, 0xA844, 0xA845, 0xA846, 0xA847, 0xA848, 0xA848, 0xA84A, 0xA84B,
    0xA84C, 0xA84D, 0xA04D, 0xA04E, 0xA04F, 0xA04F, 0xA050, 0xA050, 0xA071, 0xA071, 0xA072, 0xA073, 0xA073, 0xA073, 0x9873, 0x9874,
    0x8880, 0x9080, 0x9060, 0x9860, 0x9840, 0xA041, 0xA842, 0xA842, 0xA843, 0xA844, 0xB065, 0xB066, 0xB067, 0xB068, 0xA869, 0xA86B,
    0xA86C, 0xA86D, 0xA86D, 0xA84E, 0xA84F, 0xA850, 0xA070, 0xA071, 0xA071, 0xA072, 0xA072, 0xA073, 0xA073, 0xA073, 0x9873, 0x9893,
    0x88A0, 0x90A0, 0x9080, 0x9860, 0xA060, 0xA061, 0xA861, 0xA862, 0xB063, 0xB064, 0xB065, 0xB066, 0xB067, 0xB068, 0xB069, 0xB06B,
    0xB06C, 0xA86D, 0xA86D, 0xA86E, 0xA86F, 0xA870, 0xA870, 0xA871, 0xA871, 0xA872, 0xA872, 0xA073, 0xA073, 0x9873, 0x9893, 0x9093,
    0x88C0, 0x90A0, 0x98A0, 0x9880, 0xA080, 0xA081, 0xA061, 0xA862, 0xB063, 0xB064, 0xB065, 0xB086, 0xB087, 0xB088, 0xB089, 0xB08B,
    0xB08C, 0xA86D, 0xA86D, 0xA86E, 0xA86F, 0xA870, 0xA870, 0xA871, 0xA871, 0xA872, 0xA872, 0xA073, 0xA093, 0x9893, 0x98B3, 0x90B3,
    0x88E0, 0x90C0, 0x98C0, 0x98A0, 0xA0A0, 0xA080, 0xA081, 0xA881, 0xA882, 0xB083, 0xB084, 0xB086, 0xB087, 0xB088, 0xB089, 0xB08B,
    0xB08C, 0xA88D, 0xA88D, 0xA88E, 0xA86F, 0xA86F, 0xA870, 0xA891, 0xA891, 0xA892, 0xA892, 0xA093, 0xA093, 0x98B3, 0x98B3, 0x98D3,
    0x9100, 0x9100, 0x98E0, 0x98E0, 0xA0C0, 0xA0C1, 0xA0A1, 0xA8A1, 0xA8A2, 0xB0A3, 0xB0A4, 0xB0A5, 0xB0A7, 0xB0A8, 0xB0A9, 0xB0AA,
    0xB0AB, 0xA8AC, 0xA8AD, 0xA88E, 0xA88F, 0xA88F, 0xA890, 0xA891, 0xA891, 0xA892, 0xA892, 0xA093, 0xA0B3, 0x98B3, 0x98F3, 0x9913,
    0x9120, 0x9120, 0x9900, 0x9900, 0xA0E0, 0xA0E1, 0xA0C1, 0xA8C1, 0xA8C2, 0xB0C3, 0xB0A4, 0xB0A5, 0xB0C6, 0xB0C8, 0xB0C9, 0xB0CA,
    0xB0CB, 0xA8CC, 0xA8AD, 0xA8AE, 0xA8AF, 0xA8AF, 0xA8B0, 0xA8B1, 0xA8B1, 0xA8B2, 0xA8B2, 0xA0B3, 0xA0B3, 0x98D3, 0x9913, 0x9933,
    0x9140, 0x9940, 0x9940, 0xA120, 0xA100, 0xA101, 0xA901, 0xA901, 0xA8E2, 0xB0E2, 0xB0C3, 0xB0C4, 0xB0C6, 0xB0C7, 0xB0E9, 0xB0EA,
    0xB0EB, 0xB0CC, 0xA8CD, 0xA8CE, 0xA8CF, 0xA8CF, 0xA8B0, 0xA8B1, 0xA8D1, 0xA8D2, 0xA8D2, 0xA0D3, 0xA0F3, 0xA113, 0xA154, 0xA174,
    0x9180, 0x9960, 0x9960, 0xA140, 0xA140, 0xA941, 0xA921, 0xA921, 0xA922, 0xB102, 0xB103, 0xB0E4, 0xB0E5, 0xB0E7, 0xB108, 0xB10A,
    0xB10B, 0xB0EC, 0xA8ED, 0xA8EE, 0xA8EF, 0xA8EF, 0xA8D0, 0xA8D0, 0xA8D1, 0xA8D2, 0xA8F2, 0xA8F3, 0xA113, 0xA134, 0xA174, 0xA1D5,
    0x99A0, 0x99A0, 0xA1A0, 0xA180, 0xA980, 0xA981, 0xA961, 0xB161, 0xB162, 0xB142, 0xB123, 0xB124, 0xB905, 0xB926, 0xB928, 0xB929,
    0xB12B, 0xB12C, 0xB12D, 0xA90E, 0xA90F, 0xA90F, 0xA910, 0xA8F1, 0xA8F1, 0xA912, 0xA912, 0xA913, 0xA954, 0xA174, 0xA9D5, 0xAA15,
    0x99E0, 0xA1E0, 0xA1E0, 0xA9C0, 0xA9C0, 0xB1C1, 0xB1A1, 0xB1A1, 0xB1A2, 0xB182, 0xB983, 0xB963, 0xB944, 0xB946, 0xB947, 0xB949,
    0xB94B, 0xB14C, 0xB14D, 0xB14E, 0xB14F, 0xA92F, 0xA930, 0xA931, 0xA931, 0xA932, 0xA933, 0xA953, 0xA994, 0xA9D5, 0xB216, 0xB276,
    0xA220, 0xA220, 0xAA20, 0xB220, 0xB201, 0xB201, 0xBA01, 0xBA01, 0xB9E2, 0xB9E2, 0xC1C3, 0xC1C4, 0xC1A4, 0xC185, 0xC187, 0xC189,
    0xB98A, 0xB98C, 0xB98D, 0xB18E, 0xB16F, 0xB170, 0xB170, 0xA951, 0xA951, 0xA952, 0xB173, 0xB194, 0xB1D5, 0xB216, 0xB276, 0xBAD7,
    0xAA60, 0xAA60, 0xB260, 0xB261, 0xBA61, 0xBA61, 0xBA61, 0xC262, 0xC242, 0xC243, 0xC223, 0xCA24, 0xCA04, 0xC1E5, 0xC1C6, 0xC1C8,
    0xC1CA, 0xC1CB, 0xC1CD, 0xB9CE, 0xB9CF, 0xB1B0, 0xB1B0, 0xB191, 0xB192, 0xB193, 0xB1B3, 0xB1D4, 0xB215, 0xBA76, 0xBAD7, 0xBB58,
    0xAAA1, 0xB2A1, 0xBAA1, 0xBAA1, 0xC2A1, 0xC2A1, 0xC2A1, 0xCAA2, 0xCAA2, 0xCAA3, 0xCAA3, 0xD284, 0xD285, 0xD265, 0xCA46, 0xCA28,
    0xCA29, 0xCA2B, 0xC22D, 0xC22E, 0xC20F, 0xBA10, 0xB9F1, 0xB1D1, 0xB1F2, 0xB1F3, 0xBA14, 0xBA15, 0xBA76, 0xBAD7, 0xC358, 0xC3B9,
    0xB2E1, 0xBAE1, 0xBB01, 0xC301, 0xC301, 0xCB01, 0xCB01, 0xD302, 0xD302, 0xD303, 0xD304, 0xD304, 0xD2E5, 0xD2E6, 0xD2C7, 0xD2A8,
    0xD289, 0xD28B, 0xCA8C, 0xCA8E, 0xCA6F, 0xC270, 0xC251, 0xBA32, 0xBA33, 0xBA54, 0xBA55, 0xC276, 0xC2D7, 0xC338, 0xC3B8, 0xC419,
    0xBB21, 0xBB41, 0xC341, 0xCB41, 0xCB41, 0xD341, 0xD361, 0xD362, 0xD362, 0xDB63, 0xDB64, 0xDB64, 0xDB65, 0xDB66, 0xDB47, 0xDB28,
    0xDB09, 0xD2EA, 0xD2CC, 0xD2EE, 0xD2CF, 0xCAD1, 0xCAB2, 0xC2B3, 0xC2B4, 0xC2B5, 0xC2B6, 0xCAD7, 0xCB37, 0xCBB8, 0xCC19, 0xCC7A,
    0xBB61, 0xC381, 0xCB81, 0xCB81, 0xD3A1, 0xD3A1, 0xD3A2, 0xDBA2, 0xDBC2, 0xDBC3, 0xDBC4, 0xDBE5, 0xDBE6, 0xDBE7, 0xDBC8, 0xDBA8,
    0xDB89, 0xDB6A, 0xDB4C, 0xDB4D, 0xD34F, 0xD331, 0xD332, 0xCB13, 0xCB14, 0xCB15, 0xCB36, 0xCB37, 0xCB98, 0xCC19, 0xCC7A, 0xCCDA,
    0xC3A1, 0xC3C1, 0xCBC1, 0xD3C1, 0xD3E1, 0xDBE1, 0xDC02, 0xDC02, 0xDC03, 0xDC23, 0xDC24, 0xDC25, 0xE446, 0xE447, 0xE448, 0xE429,
    0xE42A, 0xDC0B, 0xDBEC, 0xDBAD, 0xDBAF, 0xD3B0, 0xD392, 0xD393, 0xD375, 0xD376, 0xD397, 0xD3B8, 0xD419, 0xCC7A, 0xCCDA, 0xCD1A,
    0xC3E1, 0xCBE1, 0xCC01, 0xD401, 0xD421, 0xDC21, 0xDC42, 0xDC42, 0xDC63, 0xDC63, 0xE484, 0xE485, 0xE486, 0xE4A7, 0xE4A8, 0xE4A9,
    0xE4AA, 0xE48B, 0xE46C, 0xDC4D, 0xDC2F, 0xDC10, 0xDC12, 0xD3F3, 0xD3F5, 0xD3F6, 0xD3F7, 0xD419, 0xD479, 0xCCDA, 0xCD1A, 0xCD5A,
    0xC401, 0xCC21, 0xCC21, 0xD441, 0xD441, 0xDC62, 0xDC82, 0xDC82, 0xDCA3, 0xE4C4, 0xE4C4, 0xE4E5, 0xE4E6, 0xE4E7, 0xE508, 0xE50A,
    0xE50B, 0xE50C, 0xE4ED, 0xE4CE, 0xE4AF, 0xDC90, 0xDC72, 0xDC73, 0xDC55, 0xDC56, 0xD478, 0xD479, 0xD4DA, 0xD51A, 0xCD5A, 0xCDBA,
    0xC422, 0xC442, 0xCC62, 0xCC62, 0xD482, 0xD482, 0xDCA2, 0xDCC3, 0xDCE3, 0xDD04, 0xE505, 0xE526, 0xE527, 0xE548, 0xE549, 0xE54A,
    0xE54B, 0xE54C, 0xE54D, 0xE54E, 0xE52F, 0xE510, 0xDCF2, 0xDCD3, 0xDCD5, 0xDCD7, 0xDCD8, 0xD4F9, 0xD53A, 0xD55A, 0xD59A, 0xD5FB,
    0xC462, 0xC462, 0xC482, 0xCC82, 0xD4A2, 0xD4C2, 0xDCC2, 0xDCE3, 0xDD03, 0xDD24, 0xE545, 0xE546, 0xE567, 0xE568, 0xE589, 0xE58A,
    0xE5AB, 0xE5AC, 0xE5AD, 0xE5AE, 0xE5AF, 0xE590, 0xE572, 0xDD53, 0xDD55, 0xDD37, 0xDD58, 0xD55A, 0xD57A, 0xD5BA, 0xD5FB, 0xD63B,
    0xBC82, 0xC4A2, 0xC4A2, 0xC4C2, 0xCCC2, 0xD4E2, 0xD503, 0xDD23, 0xDD43, 0xDD64, 0xDD85, 0xE586, 0xE5A7, 0xE5A8, 0xE5C9, 0xE5CA,
    0xE5CB, 0xE5EC, 0xE5ED, 0xE5EE, 0xE5EF, 0xE5F1, 0xE5F2, 0xDDD3, 0xDDB5, 0xDDB7, 0xDDB8, 0xD5BA, 0xD5DA, 0xD5FB, 0xD61B, 0xD65B,
    0xBCA2, 0xBCC2, 0xC4C2, 0xC4E2, 0xC502, 0xCD03, 0xD523, 0xD543, 0xDD64, 0xDD84, 0xDDA5, 0xE5C6, 0xE5C7, 0xE5E8, 0xE5E9, 0xE60A,
    0xE60B, 0xE62C, 0xE62D, 0xE62E, 0xE64F, 0xE651, 0xE652, 0xE653, 0xDE35, 0xDE37, 0xDE38, 0xDE3A, 0xD63A, 0xD63B, 0xD65B, 0xD69B,
    0xBCC2, 0xBCE2, 0xBD02, 0xC502, 0xC522, 0xCD43, 0xD563, 0xD583, 0xDDA4, 0xDDC5, 0xDDE6, 0xE5E7, 0xE608, 0xE629, 0xE62A, 0xE64A,
    0xE64B, 0xE66C, 0xE66D, 0xE66E, 0xE68F, 0xE690, 0xE692, 0xE693, 0xDE95, 0xDE97, 0xDE98, 0xDE9A, 0xD67A, 0xD67B, 0xD69B, 0xD6BB,
    0xB4E2, 0xBD02, 0xBD22, 0xBD42, 0xC543, 0xCD63, 0xD583, 0xD5A4, 0xDDC4, 0xDDE5, 0xDE06, 0xDE27, 0xE648, 0xE649, 0xE66A, 0xE68B,
    0xE68B, 0xE6AC, 0xE6AD, 0xE6AE, 0xE6CF, 0xE6D0, 0xE6D2, 0xE6D3, 0xDEF5, 0xDEF7, 0xDEF9, 0xDEFA, 0xD6DB, 0xD6BB, 0xD6DB, 0xDEFC,
    0xB522, 0xBD22, 0xBD42, 0xC563, 0xCD83, 0xCDA3, 0xD5C4, 0xD5E4, 0xDE05, 0xDE06, 0xDE27, 0xDE48, 0xDE69, 0xE66A, 0xE68B, 0xE68B,
    0xE6AC, 0xE6AD, 0xE6CE, 0xE6CF, 0xE6D0, 0xE6F1, 0xDEF2, 0xDEF4, 0xDF16, 0xDF17, 0xD718, 0xD71A, 0xD6FA, 0xD6FB, 0xD6FC, 0xDF1C,
    0xB542, 0xBD63, 0xBD63, 0xC583, 0xCDA3, 0xD5C4, 0xD5E4, 0xDE05, 0xDE26, 0xDE27, 0xDE48, 0xDE69, 0xDE6A, 0xDE8B, 0xDE8B, 0xDEAC,
    0xDEAD, 0xDEAE, 0xDECF, 0xDED0, 0xDED1, 0xDEF2, 0xDEF3, 0xDF15, 0xD716, 0xD717, 0xD738, 0xD739, 0xD73A, 0xD73C, 0xDF3C, 0xDF3C,
    0xB563, 0xBD83, 0xC583, 0xCDA3, 0xD5C4, 0xD5E4, 0xD605, 0xDE26, 0xDE27, 0xDE48, 0xDE69, 0xDE6A, 0xDE8B, 0xDE8B, 0xDEAC, 0xDEAD,
    0xDEAE, 0xDECF, 0xDED0, 0xDEF1, 0xDEF2, 0xDF13, 0xDF15, 0xD716, 0xD737, 0xD738, 0xD739, 0xD73A, 0xDF5B, 0xDF5C, 0xDF5C, 0xDF5C,
    0xB583, 0xC5A3, 0xCDA3, 0xD5C4, 0xD5E4, 0xD605, 0xD626, 0xD627, 0xDE48, 0xDE69, 0xDE6A, 0xDE8A, 0xDEAB, 0xDEAC, 0xDEAD, 0xDEAD,
    0xDECE, 0xDED0, 0xDEF1, 0xDEF2, 0xDF13, 0xD715, 0xD716, 0xD737, 0xD738, 0xD739, 0xDF5A, 0xDF5A, 0xDF5B, 0xDF5B, 0xDF5C, 0xDF5C,
    0x9040, 0x9040, 0x9041, 0x9841, 0x9841, 0xA042, 0xA043, 0xA044, 0xA044, 0xA045, 0xA046, 0xA047, 0xA048, 0xA049, 0xA04A, 0xA04A,
    0xA04B, 0xA04C, 0xA04D, 0xA04E, 0xA04E, 0xA04F, 0xA04F, 0xA050, 0xA050, 0xA071, 0xA071, 0xA072, 0xA072, 0xA073, 0xA073, 0x9874,
    0x9060, 0x9060, 0x9840, 0x9841, 0xA041, 0xA042, 0xA842, 0xA843, 0xA844, 0xA845, 0xA846, 0xA847, 0xA848, 0xA849, 0xA84A, 0xA84B,
    0xA84B, 0xA84C, 0xA04D, 0xA04E, 0xA04E, 0xA04F, 0xA050, 0xA050, 0xA071, 0xA071, 0xA072, 0xA072, 0xA073, 0xA073, 0xA073, 0x9873,
    0x9080, 0x9060, 0x9840, 0x9840, 0xA041, 0xA041, 0xA842, 0xA843, 0xB044, 0xB065, 0xB066, 0xB067, 0xB068, 0xB069, 0xB06A, 0xA86B,
    0xA86C, 0xA86D, 0xA86D, 0xA84E, 0xA84F, 0xA84F, 0xA850, 0xA870, 0xA871, 0xA871, 0xA072, 0xA072, 0xA073, 0xA073, 0xA073, 0x9873,
    0x9080, 0x9080, 0x9860, 0xA060, 0xA061, 0xA861, 0xA862, 0xA863, 0xB064, 0xB065, 0xB066, 0xB067, 0xB068, 0xB069, 0xB06A, 0xB06B,
    0xA86C, 0xA86D, 0xA86D, 0xA86E, 0xA86F, 0xA86F, 0xA870, 0xA870, 0xA871, 0xA871, 0xA872, 0xA072, 0xA073, 0xA073, 0x9873, 0x9893,
    0x90A0, 0x90A0, 0x9880, 0xA080, 0xA060, 0xA861, 0xA861, 0xB062, 0xB063, 0xB064, 0xB085, 0xB087, 0xB088, 0xB089, 0xB08A, 0xB08B,
    0xB08C, 0xA86D, 0xA86D, 0xA86E, 0xA86F, 0xA86F, 0xA870, 0xA870, 0xA871, 0xA871, 0xA872, 0xA872, 0xA073, 0xA073, 0x9893, 0x9893,
    0x90C0, 0x98C0, 0x98A0, 0xA0A0, 0xA080, 0xA081, 0xA881, 0xA882, 0xB083, 0xB084, 0xB085, 0xB086, 0xB087, 0xB088, 0xB08A, 0xB08B,
    0xB08C, 0xA88C, 0xA88D, 0xA88E, 0xA88F, 0xA88F, 0xA890, 0xA890, 0xA891, 0xA891, 0xA892, 0xA892, 0xA093, 0xA093, 0x98B3, 0x98B3,
    0x90E0, 0x98E0, 0x98C0, 0xA0C0, 0xA0A1, 0xA0A1, 0xA8A1, 0xA8A2, 0xB0A3, 0xB0A4, 0xB0A5, 0xB0A6, 0xB0A7, 0xB0A8, 0xB0A9, 0xB0AB,
    0xB0AC, 0xA8AC, 0xA8AD, 0xA88E, 0xA88F, 0xA88F, 0xA890, 0xA890, 0xA891, 0xA891, 0xA892, 0xA892, 0xA093, 0xA0B3, 0x98B3, 0x98D3,
    0x9100, 0x9900, 0x98E0, 0xA0E0, 0xA0E1, 0xA0C1, 0xA8C1, 0xA8C2, 0xB0C2, 0xB0A3, 0xB0C4, 0xB0C6, 0xB0C7, 0xB0C8, 0xB0C9, 0xB0CA,
    0xB0CB, 0xA8CC, 0xA8AD, 0xA8AE, 0xA8AE, 0xA8AF, 0xA8B0, 0xA8B0, 0xA8B1, 0xA8B1, 0xA8B2, 0xA8B2, 0xA0B3, 0xA0B3, 0xA0F3, 0x9913,
    0x9120, 0x9920, 0x9900, 0xA100, 0xA101, 0xA8E1, 0xA8E1, 0xA8E2, 0xA8E2, 0xB0C3, 0xB0C4, 0xB0C5, 0xB0C7, 0xB0E8, 0xB0E9, 0xB0EA,
    0xB0EB, 0xB0CC, 0xA8CD, 0xA8CE, 0xA8CE, 0xA8CF, 0xA8D0, 0xA8D0, 0xA8D1, 0xA8D1, 0xA8D2, 0xA8B2, 0xA0D3, 0xA0D3, 0xA113, 0x9933,
    0x9940, 0x9940, 0xA140, 0xA120, 0xA921, 0xA921, 0xA921, 0xA902, 0xB102, 0xB103, 0xB0E4, 0xB0E5, 0xB0E6, 0xB108, 0xB109, 0xB10A,
    0xB10B, 0xB10C, 0xA8ED, 0xA8EE, 0xA8EE, 0xA8EF, 0xA8F0, 0xA8D0, 0xA8D1, 0xA8D1, 0xA8D2, 0xA8F2, 0xA0F3, 0xA113, 0xA154, 0xA174,
    0x9980, 0x9960, 0xA160, 0xA160, 0xA941, 0xA941, 0xA941, 0xB142, 0xB142, 0xB123, 0xB123, 0xB925, 0xB926, 0xB927, 0xB929, 0xB12A,
    0xB12B, 0xB12C, 0xB12D, 0xB10E, 0xA90F, 0xA90F, 0xA910, 0xA8F0, 0xA8F1, 0xA911, 0xA912, 0xA912, 0xA933, 0xA133, 0xA994, 0xA9D5,
    0x99C0, 0xA1A0, 0xA1A0, 0xA9A0, 0xA981, 0xB181, 0xB181, 0xB182, 0xB182, 0xB163, 0xB963, 0xB944, 0xB945, 0xB947, 0xB948, 0xB94A,
    0xB94B, 0xB14C, 0xB14D, 0xB14E, 0xB14F, 0xA92F, 0xA930, 0xA930, 0xA931, 0xA931, 0xA932, 0xA933, 0xA953, 0xA994, 0xA9D5, 0xB215,
    0xA1E0, 0xA9E0, 0xA9E0, 0xA9E0, 0xB1C1, 0xB1C1, 0xB1C1, 0xB9C2, 0xB9C2, 0xB9A3, 0xB9A4, 0xB984, 0xC185, 0xC187, 0xC188, 0xB98A,
    0xB98B, 0xB98C, 0xB98D, 0xB18E, 0xB18F, 0xB16F, 0xB170, 0xA951, 0xA951, 0xA952, 0xA972, 0xB173, 0xB194, 0xB1D5, 0xB215, 0xB276,
    0xAA20, 0xAA20, 0xB220, 0xB221, 0xBA21, 0xBA21, 0xBA22, 0xC222, 0xC223, 0xC203, 0xC204, 0xC1E4, 0xC1E5, 0xC1C6, 0xC1C8, 0xC1C9,
    0xC1CB, 0xC1CC, 0xC1CD, 0xB9CE, 0xB9CF, 0xB1B0, 0xB1B0, 0xB191, 0xB192, 0xB192, 0xB1B3, 0xB1B4, 0xB1F4, 0xB235, 0xBA96, 0xBAD7,
    0xAA60, 0xB261, 0xB261, 0xBA61, 0xBA61, 0xC261, 0xC262, 0xC262, 0xCA63, 0xCA63, 0xCA64, 0xCA45, 0xCA45, 0xCA26, 0xCA27, 0xCA29,
    0xCA2B, 0xCA2C, 0xC22D, 0xC22E, 0xC20F, 0xBA10, 0xB9F1, 0xB9F1, 0xB1F2, 0xB1F3, 0xB9F3, 0xBA14, 0xBA35, 0xBA76, 0xC2D7, 0xC358,
    0xB2A1, 0xBAA1, 0xBAA1, 0xC2A1, 0xC2C1, 0xC2C1, 0xCAC2, 0xCAC2, 0xD2C3, 0xD2C4, 0xD2C4, 0xD2C5, 0xD2A6, 0xD2A7, 0xD288, 0xD289,
    0xD28A, 0xCA8C, 0xCA8D, 0xCA8F, 0xCA70, 0xC270, 0xC251, 0xBA32, 0xBA33, 0xBA33, 0xBA54, 0xC275, 0xC296, 0xC2D7, 0xC358, 0xCBB8,
    0xBAE1, 0xBAE1, 0xC301, 0xC301, 0xCB01, 0xCB02, 0xD302, 0xD322, 0xD323, 0xD324, 0xDB24, 0xDB25, 0xDB26, 0xDB07, 0xDB08, 0xD2E9,
    0xD2EA, 0xD2EC, 0xD2ED, 0xD2EF, 0xCAD0, 0xCAB1, 0xCAB2, 0xC2B2, 0xC293, 0xC294, 0xC2B5, 0xC2B6, 0xCAF7, 0xCB57, 0xCBB8, 0xCC19,
    0xBB21, 0xC341, 0xCB41, 0xCB41, 0xD341, 0xD362, 0xD362, 0xDB62, 0xDB83, 0xDB84, 0xDB85, 0xDB86, 0xDB87, 0xDB88, 0xDB88, 0xDB69,
    0xDB4A, 0xDB4B, 0xD32D, 0xD34F, 0xD330, 0xD331, 0xCB12, 0xCB13, 0xCAF4, 0xCAF5, 0xCB16, 0xCB17, 0xCB77, 0xCBB8, 0xCC19, 0xCC7A,
    0xC361, 0xCB81, 0xCB81, 0xD381, 0xD3A1, 0xD3A2, 0xDBA2, 0xDBC3, 0xDBC3, 0xDBE4, 0xDBE5, 0xDBE6, 0xDC07, 0xDC08, 0xDBE9, 0xDBEA,
    0xDBCB, 0xDBAC, 0xDBAD, 0xDBAE, 0xDB90, 0xD391, 0xD392, 0xD373, 0xD374, 0xD375, 0xD376, 0xD397, 0xD3D8, 0xD419, 0xD479, 0xCCDA,
    0xC3A1, 0xCBC1, 0xD3C1, 0xD3C1, 0xDBE1, 0xDBE2, 0xDC02, 0xDC03, 0xDC23, 0xDC24, 0xE445, 0xE446, 0xE447, 0xE468, 0xE469, 0xE46A,
    0xE44B, 0xE44C, 0xDC2D, 0xDC0E, 0xDBF0, 0xDBF1, 0xDBF2, 0xD3D4, 0xD3D5, 0xD3D6, 0xD3D7, 0xD3F8, 0xD439, 0xD479, 0xD4BA, 0xCD1A,
    0xCBE1, 0xCBE1, 0xD401, 0xD401, 0xDC21, 0xDC22, 0xDC42, 0xDC43, 0xDC63, 0xE464, 0xE485, 0xE486, 0xE4A7, 0xE4A8, 0xE4C9, 0xE4CB,
    0xE4CC, 0xE4AD, 0xE48D, 0xE48E, 0xDC70, 0xDC51, 0xDC52, 0xDC34, 0xDC35, 0xDC36, 0xDC37, 0xDC58, 0xD499, 0xD4BA, 0xD51A, 0xD55A,
    0xCC01, 0xCC21, 0xD421, 0xD441, 0xDC41, 0xDC62, 0xDC82, 0xDC83, 0xE4A4, 0xE4C4, 0xE4C5, 0xE4E6, 0xE4E7, 0xE509, 0xE50A, 0xE52B,
    0xE52C, 0xE52D, 0xE50E, 0xE50F, 0xE4F0, 0xDCD1, 0xDCB2, 0xDC94, 0xDC95, 0xDC96, 0xDC98, 0xDCB9, 0xD4D9, 0xD51A, 0xD55A, 0xD5BA,
    0xCC21, 0xCC41, 0xD461, 0xD462, 0xDC82, 0xDC82, 0xDCA2, 0xDCC3, 0xE4E4, 0xE505, 0xE505, 0xE527, 0xE528, 0xE549, 0xE54A, 0xE54B,
    0xE56C, 0xE56D, 0xE56E, 0xE54F, 0xE550, 0xE531, 0xE512, 0xDD14, 0xDCF5, 0xDCF6, 0xDCF8, 0xDD19, 0xDD3A, 0xD55A, 0xD59A, 0xD5FB,
    0xC462, 0xCC62, 0xCC82, 0xD482, 0xD4A2, 0xDCC2, 0xDCE3, 0xDD03, 0xDD04, 0xE525, 0xE546, 0xE547, 0xE568, 0xE569, 0xE58A, 0xE58B,
    0xE5AC, 0xE5AD, 0xE5AE, 0xE5AF, 0xE5B0, 0xE5B1, 0xE592, 0xDD73, 0xDD55, 0xDD57, 0xDD58, 0xDD59, 0xDD7A, 0xD5BA, 0xD5FB, 0xD63B,
    0xC482, 0xC482, 0xCCA2, 0xCCC2, 0xD4C2, 0xD4E3, 0xDD03, 0xDD23, 0xDD44, 0xE565, 0xE566, 0xE587, 0xE588, 0xE5A9, 0xE5AA, 0xE5CB,
    0xE5CC, 0xE5ED, 0xE5EE, 0xE5EF, 0xE5F0, 0xE5F1, 0xE5F2, 0xE5D3, 0xDDD5, 0xDDB7, 0xDDB8, 0xDDD9, 0xDDDA, 0xD5FB, 0xD63B, 0xD65B,
    0xC4A2, 0xC4A2, 0xC4C2, 0xCCE2, 0xD4E2, 0xD503, 0xDD23, 0xDD44, 0xDD64, 0xDD85, 0xE5A6, 0xE5A7, 0xE5C8, 0xE5C9, 0xE5EA, 0xE5EB,
    0xE60C, 0xE60D, 0xE62E, 0xE62F, 0xE630, 0xE651, 0xE652, 0xE634, 0xE635, 0xDE36, 0xDE38, 0xDE39, 0xDE3A, 0xDE3B, 0xDE5B, 0xDE9B,
    0xBCC2, 0xBCE2, 0xC4E2, 0xCD02, 0xCD23, 0xD543, 0xD563, 0xDD84, 0xDDA4, 0xDDC5, 0xE5C6, 0xE5E7, 0xE608, 0xE609, 0xE62A, 0xE62B,
    0xE64C, 0xE64D, 0xE64E, 0xE66F, 0xE670, 0xE691, 0xE692, 0xE694, 0xE695, 0xDE77, 0xDE78, 0xDE79, 0xDE7A, 0xDE7B, 0xDE9B, 0xDEBC,
    0xBCE2, 0xBD02, 0xBD02, 0xC522, 0xCD43, 0xD563, 0xD583, 0xDDA4, 0xDDC5, 0xDDE6, 0xDE07, 0xE608, 0xE629, 0xE64A, 0xE64A, 0xE66B,
    0xE66C, 0xE68D, 0xEE8E, 0xE6AF, 0xE6B0, 0xE6B1, 0xE6D2, 0xE6D4, 0xE6D5, 0xE6D7, 0xDED8, 0xDED9, 0xDEBA, 0xDEBB, 0xDEDB, 0xDEFC,
    0xBD02, 0xBD22, 0xBD42, 0xC543, 0xCD63, 0xD583, 0xD5A4, 0xDDC4, 0xDDE5, 0xDE06, 0xDE28, 0xE648, 0xE649, 0xE66A, 0xE66B, 0xE68C,
    0xE68D, 0xE6AD, 0xE6AE, 0xE6AF, 0xE6D0, 0xE6D1, 0xE6F3, 0xE6F4, 0xE6F6, 0xDEF7, 0xDF18, 0xDEF9, 0xDEFA, 0xDEFB, 0xDEFC, 0xDF1C,
    0xB542, 0xBD42, 0xBD62, 0xCD83, 0xD5A3, 0xD5C4, 0xDDE4, 0xDE05, 0xDE06, 0xDE27, 0xDE48, 0xDE69, 0xE66A, 0xE68B, 0xE68B, 0xE6AC,
    0xE6AD, 0xE6AE, 0xE6CF, 0xE6D0, 0xE6F1, 0xE6F2, 0xE6F3, 0xDF15, 0xDF16, 0xDF37, 0xDF38, 0xDF39, 0xDF3A, 0xDF3B, 0xDF3C, 0xDF3C,
    0xB562, 0xBD63, 0xC583, 0xCDA3, 0xD5C4, 0xD5E4, 0xDE05, 0xDE06, 0xDE27, 0xDE48, 0xDE69, 0xDE6A, 0xDE8B, 0xE68B, 0xE6AC, 0xE6AD,
    0xE6AE, 0xE6CF, 0xE6D0, 0xE6F1, 0xDEF2, 0xDEF3, 0xDF15, 0xDF16, 0xDF37, 0xDF38, 0xDF39, 0xDF3A, 0xDF5B, 0xDF5B, 0xDF5C, 0xDF5C,
    0xB582, 0xC583, 0xCDA3, 0xD5C4, 0xD5E4, 0xDE05, 0xDE26, 0xDE27, 0xDE48, 0xDE69, 0xDE6A, 0xDE8B, 0xDEAB, 0xDEAC, 0xDEAD, 0xDEAE,
    0xDECE, 0xDED0, 0xDEF1, 0xDEF2, 0xDF13, 0xDF15, 0xDF16, 0xDF37, 0xDF38, 0xDF39, 0xDF5A, 0xDF5A, 0xDF5B, 0xDF5B, 0xDF5C, 0xE77C,
    0x9040, 0x9840, 0x9841, 0xA041, 0xA041, 0xA842, 0xA843, 0xA844, 0xA845, 0xA845, 0xA846, 0xA847, 0xA848, 0xA849, 0xA84A, 0xA84B,
    0xA84B, 0xA84C, 0xA84D, 0xA04E, 0xA04E, 0xA04F, 0xA04F, 0xA050, 0xA050, 0xA051, 0xA071, 0xA072, 0xA072, 0xA073, 0xA073, 0xA074,
    0x9060, 0x9860, 0x9840, 0xA041, 0xA041, 0xA842, 0xA843, 0xA844, 0xB044, 0xB065, 0xB066, 0xB067, 0xB068, 0xB069, 0xB06A, 0xA86B,
    0xA86C, 0xA86C, 0xA86D, 0xA84E, 0xA84E, 0xA84F, 0xA850, 0xA850, 0xA871, 0xA871, 0xA871, 0xA872, 0xA072, 0xA073, 0xA073, 0xA073,
    0x9880, 0x9860, 0xA060, 0xA060, 0xA861, 0xA861, 0xB042, 0xB063, 0xB064, 0xB065, 0xB066, 0xB067, 0xB068, 0xB069, 0xB06A, 0xB06B,
    0xB06C, 0xB06C, 0xA86D, 0xA86E, 0xA86F, 0xA86F, 0xA870, 0xA870, 0xA871, 0xA871, 0xA872, 0xA872, 0xA873, 0xA073, 0xA073, 0xA073,
    0x98A0, 0x9880, 0xA060, 0xA060, 0xA061, 0xA861, 0xB062, 0xB063, 0xB064, 0xB065, 0xB086, 0xB087, 0xB088, 0xB089, 0xB08A, 0xB08B,
    0xB08C, 0xA86C, 0xA86D, 0xA86E, 0xA86E, 0xA86F, 0xA870, 0xA870, 0xA871, 0xA871, 0xA872, 0xA872, 0xA872, 0xA073, 0xA093, 0x9893,
    0x98A0, 0x98A0, 0xA080, 0xA080, 0xA081, 0xA881, 0xA882, 0xB083, 0xB084, 0xB085, 0xB086, 0xB087, 0xB088, 0xB089, 0xB08A, 0xB08B,
    0xB08C, 0xA88C, 0xA88D, 0xA88E, 0xA86E, 0xA86F, 0xA86F, 0xA870, 0xA871, 0xA891, 0xA891, 0xA892, 0xA092, 0xA093, 0xA093, 0x9893,
    0x98C0, 0x98C0, 0xA0A0, 0xA0A0, 0xA0A1, 0xA8A1, 0xA8A2, 0xB0A3, 0xB0A3, 0xB0A4, 0xB0A6, 0xB0A7, 0xB0A8, 0xB0A9, 0xB0AA, 0xB0AB,
    0xB0AC, 0xA8AC, 0xA8AD, 0xA88E, 0xA88E, 0xA88F, 0xA88F, 0xA890, 0xA891, 0xA891, 0xA891, 0xA892, 0xA092, 0xA093, 0xA0B3, 0x98B3,
    0x98E0, 0x98E0, 0xA0C0, 0xA0C0, 0xA0C1, 0xA8C1, 0xA8C2, 0xB0A2, 0xB0A3, 0xB0A4, 0xB0A5, 0xB0C7, 0xB0C8, 0xB0C9, 0xB0CA, 0xB0CB,
    0xB0CC, 0xA8AC, 0xA8AD, 0xA8AE, 0xA8AE, 0xA8AF, 0xA8AF, 0xA8B0, 0xA8B1, 0xA8B1, 0xA8B1, 0xA8B2, 0xA0B2, 0xA0B3, 0xA0B3, 0x98D3,
    0x9900, 0x9900, 0xA0E0, 0xA0E0, 0xA8E1, 0xA8E1, 0xA8E2, 0xA8E2, 0xB0C3, 0xB0C4, 0xB0C5, 0xB0C6, 0xB0C8, 0xB0E9, 0xB0EA, 0xB0EB,
    0xB0CC, 0xA8CC, 0xA8CD, 0xA8CE, 0xA8CE, 0xA8CF, 0xA8CF, 0xA8B0, 0xA8B0, 0xA8B1, 0xA8B1, 0xA8B2, 0xA0B2, 0xA0B3, 0xA0F3, 0xA113,
    0x9920, 0xA120, 0xA100, 0xA100, 0xA901, 0xA901, 0xA902, 0xA902, 0xB0E3, 0xB0E4, 0xB0E5, 0xB0E6, 0xB0E7, 0xB0E8, 0xB0EA, 0xB0EB,
    0xB0EB, 0xB0EC, 0xA8ED, 0xA8EE, 0xA8EE, 0xA8EF, 0xA8CF, 0xA8D0, 0xA8D0, 0xA8D1, 0xA8D1, 0xA8D2, 0xA8D2, 0xA8D3, 0xA113, 0xA133,
    0x9960, 0xA140, 0xA140, 0xA941, 0xA941, 0xA921, 0xA922, 0xB122, 0xB123, 0xB123, 0xB104, 0xB906, 0xB927, 0xB928, 0xB929, 0xB12B,
    0xB12B, 0xB12C, 0xB12D, 0xA90E, 0xA90E, 0xA90F, 0xA90F, 0xA8F0, 0xA8F0, 0xA8F1, 0xA911, 0xA912, 0xA912, 0xA913, 0xA954, 0xA994,
    0xA180, 0xA180, 0xA960, 0xA961, 0xA961, 0xB161, 0xB162, 0xB162, 0xB163, 0xB143, 0xB944, 0xB945, 0xB947, 0xB948, 0xB949, 0xB94A,
    0xB94B, 0xB14C, 0xB14D, 0xB14E, 0xB14F, 0xA92F, 0xA930, 0xA930, 0xA931, 0xA931, 0xA931, 0xA932, 0xA933, 0xA953, 0xA994, 0xA9D5,
    0xA1C0, 0xA9A0, 0xA9A0, 0xB1A1, 0xB1A1, 0xB1A1, 0xB1A2, 0xB9A2, 0xB9A3, 0xB983, 0xB984, 0xB985, 0xC166, 0xC188, 0xC189, 0xB98A,
    0xB98C, 0xB98C, 0xB98D, 0xB18E, 0xB16F, 0xB16F, 0xB170, 0xA950, 0xA951, 0xA951, 0xA952, 0xA972, 0xA973, 0xB194, 0xB1D5, 0xB215,
    0xA9E0, 0xA9E0, 0xB1E0, 0xB1E1, 0xB1E1, 0xB9E1, 0xB9E2, 0xB9E2, 0xC1E3, 0xC1E4, 0xC1C4, 0xC1C5, 0xC1C6, 0xC1C7, 0xC1C9, 0xC1CA,
    0xC1CC, 0xC1CD, 0xB9CD, 0xB9CE, 0xB9CF, 0xB1B0, 0xB1B0, 0xB191, 0xB191, 0xB192, 0xB192, 0xB1B3, 0xB1B4, 0xB1D4, 0xBA35, 0xBA76,
    0xAA20, 0xB220, 0xB220, 0xBA21, 0xBA21, 0xBA22, 0xC242, 0xC243, 0xCA43, 0xCA24, 0xCA25, 0xCA25, 0xCA26, 0xCA07, 0xCA09, 0xCA2A,
    0xCA2C, 0xCA2D, 0xC22E, 0xC22F, 0xC20F, 0xBA10, 0xB9F1, 0xB9F1, 0xB1D2, 0xB1D2, 0xB9F3, 0xB9F3, 0xBA14, 0xBA35, 0xBA96, 0xC2D7,
    0xB260, 0xB261, 0xBA61, 0xBA61, 0xC281, 0xC282, 0xCA82, 0xCA83, 0xCA83, 0xD284, 0xD285, 0xD286, 0xD287, 0xD267, 0xD269, 0xD26A,
    0xD28B, 0xCA8D, 0xCA8E, 0xCA8F, 0xC270, 0xC251, 0xC251, 0xBA32, 0xBA32, 0xBA33, 0xBA34, 0xBA54, 0xC275, 0xC296, 0xC2D7, 0xCB58,
    0xBAA1, 0xBAA1, 0xC2A1, 0xC2C1, 0xCAC1, 0xCAC2, 0xCAE2, 0xD2E3, 0xD2E4, 0xD2E4, 0xDAE5, 0xDAE6, 0xDAE7, 0xDAE8, 0xDAE9, 0xD2CA,
    0xD2EB, 0xD2ED, 0xD2EE, 0xD2EF, 0xCAD0, 0xCAB1, 0xCAB2, 0xC2B2, 0xC293, 0xC294, 0xC294, 0xC2B5, 0xCAD6, 0xCAF7, 0xCB57, 0xCBB8,
    0xBAE1, 0xC2E1, 0xCAE1, 0xCB01, 0xCB01, 0xD322, 0xD322, 0xD323, 0xDB44, 0xDB44, 0xDB45, 0xDB46, 0xDB47, 0xDB48, 0xDB49, 0xDB4A,
    0xDB4B, 0xDB4D, 0xD34E, 0xD34F, 0xD330, 0xD331, 0xCB12, 0xCB13, 0xCAF4, 0xCAF4, 0xCB15, 0xCB16, 0xCB37, 0xD357, 0xD3B8, 0xD419,
    0xC321, 0xCB21, 0xCB41, 0xD341, 0xD341, 0xD362, 0xDB62, 0xDB83, 0xDB84, 0xDBA5, 0xDBA6, 0xDBA7, 0xDBC8, 0xDBC9, 0xDBCA, 0xDBAB,
    0xDBAC, 0xDBAD, 0xDBAE, 0xDBAF, 0xDB91, 0xD392, 0xD392, 0xD373, 0xD374, 0xD375, 0xD376, 0xD376, 0xD397, 0xD3B8, 0xD419, 0xD47A,
    0xC361, 0xCB61, 0xD381, 0xD381, 0xDB81, 0xDBA2, 0xDBC2, 0xDBC3, 0xDBE4, 0xDBE5, 0xDC06, 0xDC07, 0xE408, 0xE429, 0xE42A, 0xE42B,
    0xE40C, 0xDC0D, 0xDC0E, 0xDC0F, 0xDBF1, 0xDBF2, 0xDBF3, 0xD3D4, 0xD3D4, 0xD3D5, 0xD3D6, 0xD3D7, 0xD3F8, 0xD419, 0xD479, 0xD4BA,
    0xCBA1, 0xD3A1, 0xD3C1, 0xDBC1, 0xDBE1, 0xDBE2, 0xDC02, 0xDC03, 0xDC24, 0xE445, 0xE446, 0xE467, 0xE468, 0xE489, 0xE48A, 0xE48B,
    0xE48C, 0xE46D, 0xDC6E, 0xDC4F, 0xDC51, 0xDC52, 0xDC33, 0xDC34, 0xDC35, 0xDC36, 0xDC37, 0xDC38, 0xDC58, 0xDC79, 0xD4BA, 0xD51A,
    0xCBE1, 0xD3E1, 0xDC01, 0xDC01, 0xDC21, 0xDC22, 0xDC43, 0xDC43, 0xE464, 0xE485, 0xE486, 0xE4A7, 0xE4A8, 0xE4CA, 0xE4EB, 0xE4EC,
    0xE4ED, 0xE4EE, 0xE4CF, 0xE4CF, 0xDCB1, 0xDCB2, 0xDC93, 0xDC94, 0xDC95, 0xDC96, 0xDC97, 0xDC98, 0xDCB9, 0xDCBA, 0xD51A, 0xD55A,
    0xCC01, 0xD421, 0xDC21, 0xDC41, 0xDC42, 0xDC62, 0xDC83, 0xE484, 0xE4A4, 0xE4C5, 0xE4C6, 0xE4E7, 0xE509, 0xE50A, 0xE52B, 0xE52C,
    0xE52D, 0xE52E, 0xE52F, 0xE530, 0xE511, 0xE4F2, 0xE4F3, 0xDCF4, 0xDCD5, 0xDCD6, 0xDCD7, 0xDCF8, 0xDCF9, 0xDD1A, 0xD55A, 0xD5BA,
    0xCC41, 0xD441, 0xD441, 0xDC62, 0xDC82, 0xDCA2, 0xDCA3, 0xE4C4, 0xE4E4, 0xE505, 0xE506, 0xE528, 0xE529, 0xE54A, 0xE54B, 0xE56C,
    0xE56D, 0xE56E, 0xE56F, 0xE570, 0xE571, 0xE552, 0xE553, 0xE534, 0xDD35, 0xDD37, 0xDD37, 0xDD38, 0xDD59, 0xDD5A, 0xDD9A, 0xD5FB,
    0xCC62, 0xD462, 0xD482, 0xDC82, 0xDCA2, 0xDCC2, 0xDCE3, 0xE504, 0xE525, 0xE526, 0xE547, 0xE548, 0xE569, 0xE56A, 0xE58B, 0xE5AC,
    0xE5AD, 0xE5AE, 0xE5AF, 0xE5D0, 0xE5B1, 0xE5B2, 0xE5B3, 0xE594, 0xE575, 0xDD77, 0xDD78, 0xDD79, 0xDD99, 0xDD9A, 0xDDFB, 0xDE3B,
    0xCC82, 0xCC82, 0xD4A2, 0xD4C2, 0xDCC2, 0xDCE3, 0xDD03, 0xE524, 0xE545, 0xE546, 0xE567, 0xE588, 0xE589, 0xE5AA, 0xE5AB, 0xE5CC,
    0xE5CD, 0xE5EE, 0xE5EF, 0xE5F0, 0xE5F1, 0xE5F2, 0xE5F3, 0xE5F4, 0xE5D5, 0xE5D6, 0xDDD8, 0xDDD9, 0xDDDA, 0xDDFA, 0xDE3B, 0xDE7B,
    0xC4A2, 0xC4A2, 0xCCC2, 0xD4E2, 0xD4E3, 0xDD03, 0xDD23, 0xDD44, 0xE565, 0xE586, 0xE5A7, 0xE5A8, 0xE5A9, 0xE5CA, 0xE5CB, 0xE5EC,
    0xE60D, 0xE60E, 0xE62F, 0xE630, 0xE631, 0xE632, 0xE633, 0xE634, 0xE635, 0xE616, 0xE618, 0xE619, 0xDE3A, 0xDE3B, 0xDE7B, 0xDE9B,
    0xC4C2, 0xC4C2, 0xCCE2, 0xCD03, 0xD523, 0xDD43, 0xDD43, 0xDD64, 0xE585, 0xE5A6, 0xE5C7, 0xE5C8, 0xE5E9, 0xE5EA, 0xE60B, 0xE60C,
    0xE62D, 0xE62E, 0xE64F, 0xE650, 0xE671, 0xE672, 0xE673, 0xE694, 0xE675, 0xE676, 0xE678, 0xE679, 0xE67A, 0xE67B, 0xDE9B, 0xDEDC,
    0xBCE2, 0xC4E2, 0xC502, 0xCD23, 0xD543, 0xD563, 0xDD84, 0xDDA4, 0xDDC5, 0xE5E7, 0xE5E8, 0xE608, 0xE609, 0xE62A, 0xE62B, 0xE64C,
    0xEE4D, 0xEE6E, 0xEE6F, 0xE690, 0xE691, 0xE6B2, 0xE6B3, 0xE6D4, 0xE6D6, 0xE6B7, 0xE6B8, 0xE6B9, 0xE6BA, 0xE6BB, 0xE6DC, 0xE6FC,
    0xBD02, 0xBD02, 0xC522, 0xCD43, 0xD563, 0xD583, 0xDDA4, 0xDDC5, 0xDDE6, 0xE607, 0xE628, 0xE629, 0xE64A, 0xE64A, 0xE66B, 0xE66C,
    0xE68D, 0xE68E, 0xE68F, 0xE6B0, 0xE6B1, 0xE6D2, 0xE6D3, 0xE6F4, 0xE6F6, 0xE6F7, 0xE6F8, 0xE6F9, 0xE6FA, 0xE6FB, 0xE6FC, 0xE71C,
    0xBD22, 0xBD42, 0xC542, 0xCD63, 0xD5A3, 0xD5A4, 0xDDC4, 0xDDE5, 0xDE06, 0xDE27, 0xE648, 0xE649, 0xE66A, 0xE68B, 0xE6AC, 0xE6AC,
    0xE6CD, 0xE6CE, 0xE6CF, 0xE6D0, 0xE6F1, 0xE6F2, 0xE6F3, 0xE714, 0xE716, 0xE737, 0xE738, 0xE739, 0xE73A, 0xE73B, 0xE73C, 0xE73C,
    0xBD42, 0xC563, 0xCD83, 0xCDA3, 0xD5C4, 0xDDC4, 0xDDE5, 0xDE06, 0xDE27, 0xDE48, 0xE669, 0xE66A, 0xE68B, 0xE68B, 0xE6AC, 0xE6AD,
    0xE6CE, 0xE6CF, 0xE6D0, 0xE6F1, 0xE6F2, 0xE6F3, 0xE714, 0xE716, 0xE737, 0xE738, 0xE739, 0xE75A, 0xE75B, 0xE75B, 0xE75C, 0xE75C,
    0xBD82, 0xC583, 0xD5A3, 0xD5C4, 0xDDE4, 0xDE05, 0xDE26, 0xDE27, 0xDE48, 0xDE69, 0xDE6A, 0xE68B, 0xE6AB, 0xE6AC, 0xE6AD, 0xE6AE,
    0xE6CE, 0xE6CF, 0xE6F1, 0xE6F2, 0xE713, 0xDF14, 0xDF16, 0xDF37, 0xDF38, 0xDF59, 0xE75A, 0xE75A, 0xE75B, 0xE77B, 0xE77C, 0xE77C,
    0x9840, 0xA040, 0xA041, 0xA041, 0xA841, 0xA842, 0xB043, 0xB044, 0xB045, 0xB046, 0xB067, 0xB067, 0xB068, 0xB069, 0xB06A, 0xB06B,
    0xA86C, 0xA86C, 0xA86D, 0xA84E, 0xA84E, 0xA84F, 0xA84F, 0xA850, 0xA850, 0xA851, 0xA851, 0xA872, 0xA872, 0xA873, 0xA073, 0xA073,
    0x9860, 0xA060, 0xA060, 0xA061, 0xA861, 0xA862, 0xB063, 0xB064, 0xB065, 0xB065, 0xB066, 0xB067, 0xB068, 0xB069, 0xB06A, 0xB06B,
    0xB06C, 0xA86C, 0xA86D, 0xA86E, 0xA86E, 0xA86F, 0xA86F, 0xA870, 0xA870, 0xA871, 0xA871, 0xA872, 0xA872, 0xA873, 0xA073, 0xA073,
    0x9880, 0xA080, 0xA060, 0xA061, 0xA861, 0xA862, 0xB063, 0xB064, 0xB064, 0xB065, 0xB086, 0xB087, 0xB088, 0xB089, 0xB08A, 0xB08B,
    0xB08C, 0xA86C, 0xA86D, 0xA86E, 0xA86E, 0xA86F, 0xA86F, 0xA870, 0xA870, 0xA871, 0xA871, 0xA872, 0xA872, 0xA873, 0xA073, 0xA073,
    0x98A0, 0xA080, 0xA080, 0xA081, 0xA881, 0xA882, 0xB082, 0xB083, 0xB084, 0xB085, 0xB086, 0xB087, 0xB088, 0xB089, 0xB08A, 0xB08B,
    0xB08C, 0xA88C, 0xA88D, 0xA88E, 0xA88E, 0xA86F, 0xA86F, 0xA870, 0xA870, 0xA891, 0xA891, 0xA892, 0xA892, 0xA093, 0xA093, 0xA093,
    0x98A0, 0xA0A0, 0xA0A0, 0xA0A1, 0xA8A1, 0xA8A2, 0xB0A2, 0xB0A3, 0xB0A4, 0xB0A5, 0xB0A6, 0xB0A7, 0xB0A8, 0xB0A9, 0xB0AA, 0xB0AB,
    0xB0AC, 0xA8AC, 0xA8AD, 0xA88E, 0xA88E, 0xA88F, 0xA88F, 0xA890, 0xA890, 0xA891, 0xA891, 0xA891, 0xA092, 0xA092, 0xA093, 0xA093,
    0x98C0, 0xA0C0, 0xA0C0, 0xA0C1, 0xA8C1, 0xA8C2, 0xB0C2, 0xB0C3, 0xB0C4, 0xB0C5, 0xB0C6, 0xB0C7, 0xB0C8, 0xB0C9, 0xB0CA, 0xB0CB,
    0xB0CC, 0xA8CC, 0xA8AD, 0xA8AE, 0xA8AE, 0xA8AF, 0xA8AF, 0xA8B0, 0xA8B0, 0xA8B1, 0xA8B1, 0xA8B1, 0xA0B2, 0xA0B2, 0xA0B3, 0xA0B3,
    0x98E0, 0xA0E0, 0xA0E0, 0xA0E1, 0xA8E1, 0xA8E2, 0xA8C2, 0xB0C3, 0xB0C4, 0xB0C5, 0xB0C6, 0xB0C7, 0xB0E8, 0xB0E9, 0xB0EA, 0xB0EB,
    0xB0CC, 0xA8CC, 0xA8CD, 0xA8CE, 0xA8CE, 0xA8CF, 0xA8CF, 0xA8B0, 0xA8B0, 0xA8B1, 0xA8B1, 0xA8B1, 0xA0B2, 0xA0B2, 0xA0D3, 0xA0D3,
    0x9900, 0xA100, 0xA100, 0xA901, 0xA901, 0xA902, 0xA902, 0xB0E3, 0xB0E4, 0xB0E4, 0xB0E6, 0xB0E7, 0xB0E8, 0xB109, 0xB10A, 0xB10B,
    0xB10C, 0xB0EC, 0xA8ED, 0xA8EE, 0xA8EE, 0xA8EF, 0xA8EF, 0xA8D0, 0xA8D0, 0xA8D1, 0xA8D1, 0xA8D1, 0xA8D2, 0xA8D2, 0xA0F3, 0xA113,
    0xA120, 0xA120, 0xA920, 0xA921, 0xA921, 0xA922, 0xB122, 0xB123, 0xB103, 0xB104, 0xB905, 0xB927, 0xB928, 0xB929, 0xB12A, 0xB12B,
    0xB12C, 0xB12D, 0xB12D, 0xA90E, 0xA90E, 0xA90F, 0xA90F, 0xA8F0, 0xA8F0, 0xA8F1, 0xA8F1, 0xA8F2, 0xA912, 0xA913, 0xA913, 0xA133,
    0xA160, 0xA160, 0xA940, 0xA941, 0xA941, 0xB162, 0xB162, 0xB143, 0xB143, 0xB944, 0xB945, 0xB946, 0xB948, 0xB949, 0xB94A, 0xB94B,
    0xB94C, 0xB14D, 0xB14D, 0xB14E, 0xB14F, 0xA92F, 0xA930, 0xA930, 0xA930, 0xA931, 0xA931, 0xA932, 0xA932, 0xA933, 0xA953, 0xA994,
    0xA180, 0xA980, 0xA981, 0xB181, 0xB181, 0xB182, 0xB182, 0xB983, 0xB983, 0xB984, 0xB985, 0xC186, 0xC187, 0xC189, 0xB98A, 0xB98B,
    0xB98C, 0xB98D, 0xB98D, 0xB18E, 0xB16F, 0xB16F, 0xB170, 0xA950, 0xA951, 0xA951, 0xA951, 0xA972, 0xA973, 0xB173, 0xB194, 0xB1D5,
    0xA9C0, 0xA9C0, 0xB1C1, 0xB1C1, 0xB1C1, 0xB9C2, 0xB9C2, 0xB9C3, 0xC1C4, 0xC1C4, 0xC1C5, 0xC1C6, 0xC1C7, 0xC1C9, 0xC1CA, 0xC1CB,
    0xC1EC, 0xC1ED, 0xB9CE, 0xB9CF, 0xB9CF, 0xB1B0, 0xB1B0, 0xB191, 0xB191, 0xB191, 0xB192, 0xB1B2, 0xB1B3, 0xB1B4, 0xB1F5, 0xBA15,
    0xB1E0, 0xB1E0, 0xB201, 0xBA01, 0xBA01, 0xBA02, 0xC203, 0xC223, 0xCA24, 0xCA04, 0xCA05, 0xCA06, 0xCA07, 0xCA29, 0xCA2A, 0xCA2B,
    0xCA2C, 0xC22D, 0xC22E, 0xC22F, 0xC210, 0xBA10, 0xB9F1, 0xB9F1, 0xB9F2, 0xB1D2, 0xB9F3, 0xB9F3, 0xB9F4, 0xBA14, 0xBA55, 0xBA76,
    0xB220, 0xB241, 0xBA41, 0xBA41, 0xC242, 0xC262, 0xCA63, 0xCA63, 0xCA64, 0xD265, 0xD266, 0xD267, 0xD268, 0xD289, 0xD28A, 0xD28B,
    0xCA8C, 0xCA8D, 0xCA8E, 0xCA8F, 0xC270, 0xC271, 0xC251, 0xC252, 0xBA32, 0xBA33, 0xBA33, 0xBA54, 0xC255, 0xC275, 0xC2B6, 0xC2D7,
    0xBA61, 0xBA81, 0xC281, 0xC281, 0xC2A2, 0xCAA2, 0xCAA3, 0xD2A4, 0xD2C4, 0xD2C5, 0xD2C6, 0xD2C7, 0xD2C8, 0xD2C9, 0xD2CA, 0xD2EB,
    0xD2ED, 0xD2EE, 0xD2EF, 0xD2D0, 0xCAD0, 0xCAB1, 0xCAB2, 0xC2B2, 0xC293, 0xC293, 0xC2B4, 0xC2B5, 0xC2B5, 0xCAD6, 0xCB17, 0xCB57,
    0xBAA1, 0xC2C1, 0xC2C1, 0xCAC1, 0xCAE2, 0xD2E2, 0xD303, 0xD304, 0xD304, 0xDB25, 0xDB26, 0xDB27, 0xDB28, 0xDB29, 0xDB4A, 0xDB4B,
    0xDB4D, 0xD34E, 0xD34F, 0xD350, 0xD331, 0xD331, 0xCB12, 0xCB13, 0xCB13, 0xCAF4, 0xCB15, 0xCB16, 0xCB16, 0xCB37, 0xD377, 0xD3B8,
    0xC2E1, 0xC301, 0xCB01, 0xCB01, 0xD322, 0xD322, 0xD343, 0xDB64, 0xDB65, 0xDB66, 0xDB86, 0xDB88, 0xDB88, 0xDBAA, 0xDBAB, 0xDBAC,
    0xDBAD, 0xDBAE, 0xDBAF, 0xDBB0, 0xD391, 0xD392, 0xD373, 0xD373, 0xD374, 0xD375, 0xD375, 0xD376, 0xD397, 0xD397, 0xD3D8, 0xD419,
    0xC321, 0xCB41, 0xD341, 0xD341, 0xD362, 0xDB82, 0xDB83, 0xDBA4, 0xDBA5, 0xDBC6, 0xDBC7, 0xDBE8, 0xDBE9, 0xDC0A, 0xDC0B, 0xDC0C,
    0xDC0D, 0xDC0E, 0xDC0F, 0xDBF0, 0xDBF1, 0xDBF2, 0xDBF3, 0xD3D4, 0xD3D4, 0xD3D5, 0xD3D6, 0xD3D7, 0xD3F7, 0xD3F8, 0xD439, 0xD479,
    0xCB61, 0xD381, 0xD381, 0xD381, 0xDBA2, 0xDBC2, 0xDBC3, 0xDBE4, 0xDC05, 0xDC06, 0xE427, 0xE428, 0xE449, 0xE44A, 0xE46B, 0xE46C,
    0xE44D, 0xDC4E, 0xDC4F, 0xDC50, 0xDC51, 0xDC53, 0xDC33, 0xDC34, 0xDC35, 0xDC36, 0xDC36, 0xDC37, 0xDC58, 0xDC59, 0xD499, 0xD4BA,
    0xD3A1, 0xD3A1, 0xDBC1, 0xDBC1, 0xDBE2, 0xDC02, 0xDC03, 0xDC24, 0xE445, 0xE446, 0xE467, 0xE488, 0xE489, 0xE4AB, 0xE4AC, 0xE4AD,
    0xE4AE, 0xE4AE, 0xE4AF, 0xDCB0, 0xDCB2, 0xDC93, 0xDC94, 0xDC94, 0xDC95, 0xDC96, 0xDC97, 0xDC98, 0xDC98, 0xDCB9, 0xDCDA, 0xD51A,
    0xD3E1, 0xD3E1, 0xDC01, 0xDC02, 0xDC22, 0xDC23, 0xDC43, 0xE464, 0xE485, 0xE486, 0xE4A7, 0xE4C8, 0xE4CA, 0xE4EB, 0xE50C, 0xE50D,
    0xE50E, 0xE50F, 0xE510, 0xE511, 0xE4F2, 0xDCF3, 0xDCF4, 0xDCD5, 0xDCD6, 0xDCD6, 0xDCD7, 0xDCF8, 0xDCF9, 0xDCF9, 0xDD3A, 0xD55A,
    0xD401, 0xD421, 0xDC21, 0xDC42, 0xDC62, 0xDC63, 0xE483, 0xE4A4, 0xE4C5, 0xE4C6, 0xE4E8, 0xE509, 0xE50A, 0xE52B, 0xE54C, 0xE54D,
    0xE54E, 0xE54F, 0xE550, 0xE551, 0xE552, 0xE553, 0xE534, 0xDD35, 0xDD36, 0xDD37, 0xDD37, 0xDD38, 0xDD39, 0xDD5A, 0xDD7A, 0xDDBA,
    0xD421, 0xD441, 0xDC61, 0xDC62, 0xDC82, 0xDCA3, 0xE4C4, 0xE4C4, 0xE4E5, 0xE507, 0xE508, 0xE529, 0xE54A, 0xE54B, 0xE56C, 0xE58D,
    0xE58E, 0xE58F, 0xE590, 0xE591, 0xE592, 0xE593, 0xE594, 0xE575, 0xDD76, 0xDD77, 0xDD78, 0xDD78, 0xDD99, 0xDD9A, 0xDDBA, 0xDDFB,
    0xD461, 0xD462, 0xDC82, 0xDCA2, 0xDCC2, 0xDCC3, 0xE4E4, 0xE505, 0xE526, 0xE527, 0xE548, 0xE549, 0xE56A, 0xE58B, 0xE5AC, 0xE5AD,
    0xE5AE, 0xE5CF, 0xE5D0, 0xE5D1, 0xE5D2, 0xE5D3, 0xE5D4, 0xE5D5, 0xE5D6, 0xE5B7, 0xDDB8, 0xDDD9, 0xDDD9, 0xDDDA, 0xDDFA, 0xDE3B,
    0xCC82, 0xD482, 0xD4A2, 0xDCC2, 0xDCE3, 0xDCE3, 0xE504, 0xE525, 0xE546, 0xE547, 0xE568, 0xE589, 0xE58A, 0xE5AB, 0xE5CC, 0xE5CD,
    0xE5EE, 0xE5EF, 0xE5F0, 0xE611, 0xE612, 0xE613, 0xE614, 0xE615, 0xE616, 0xE617, 0xE618, 0xE619, 0xDE1A, 0xDE1A, 0xDE5B, 0xDE7B,
    0xCCA2, 0xCCA2, 0xD4C2, 0xD4E2, 0xDD03, 0xDD23, 0xDD44, 0xE545, 0xE566, 0xE587, 0xE588, 0xE5A9, 0xE5CA, 0xE5CB, 0xE5EC, 0xE5ED,
    0xE60E, 0xE60F, 0xE630, 0xE631, 0xE652, 0xE653, 0xE654, 0xE655, 0xE656, 0xE657, 0xE658, 0xE659, 0xE65A, 0xE65B, 0xE67B, 0xDEBB,
    0xC4A2, 0xCCC2, 0xD4E2, 0xD503, 0xDD23, 0xDD44, 0xDD64, 0xE585, 0xE586, 0xE5A7, 0xE5C8, 0xE5C9, 0xE5EA, 0xE5EB, 0xE60C, 0xE60D,
    0xE62E, 0xE62F, 0xE650, 0xE651, 0xE672, 0xE673, 0xE694, 0xE695, 0xE696, 0xE697, 0xE698, 0xE699, 0xE69A, 0xE69B, 0xE6BB, 0xE6DC,
    0xC4C2, 0xC4E2, 0xCD02, 0xD523, 0xDD43, 0xDD64, 0xDD84, 0xDDA5, 0xE5C6, 0xE5C7, 0xE5E8, 0xE5E9, 0xE60A, 0xE62B, 0xE62C, 0xE64D,
    0xEE4E, 0xEE4F, 0xE670, 0xE691, 0xE692, 0xE6B3, 0xE6B4, 0xE6B5, 0xE6D6, 0xE6D7, 0xE6D8, 0xE6D9, 0xE6DA, 0xE6DB, 0xE6FB, 0xE6FC,
    0xBCE2, 0xC502, 0xCD23, 0xD543, 0xD563, 0xDD84, 0xDDA5, 0xDDC6, 0xE5E7, 0xE5E8, 0xE609, 0xE629, 0xE62A, 0xE64B, 0xE64C, 0xE66D,
    0xEE6E, 0xEE8F, 0xE690, 0xE6B1, 0xE6B2, 0xE6D3, 0xE6D4, 0xE6D6, 0xE6F6, 0xE6F8, 0xE6F9, 0xE6FA, 0xE6FA, 0xE71B, 0xE71C, 0xE71C,
    0xBD02, 0xC522, 0xCD43, 0xD563, 0xD583, 0xDDA4, 0xDDC5, 0xDDE6, 0xE607, 0xE628, 0xE629, 0xE64A, 0xE66B, 0xE66B, 0xE68C, 0xE68D,
    0xEEAE, 0xEEAF, 0xEED0, 0xE6D1, 0xE6D2, 0xE6F3, 0xE6F4, 0xE6F6, 0xE717, 0xE718, 0xE719, 0xE73A, 0xE73A, 0xE73B, 0xE73C, 0xE73C,
    0xBD42, 0xC543, 0xCD63, 0xD583, 0xD5A4, 0xDDC4, 0xDDE5, 0xDE07, 0xDE28, 0xE649, 0xE649, 0xE66A, 0xE68B, 0xE68C, 0xE6AD, 0xE6AD,
    0xE6AE, 0xE6CF, 0xE6D0, 0xE6D1, 0xE6F2, 0xE6F4, 0xE715, 0xE716, 0xE717, 0xE738, 0xE739, 0xE73A, 0xE75B, 0xE75B, 0xE75C, 0xE75C,
    0xBD62, 0xC583, 0xD5A3, 0xD5A4, 0xDDC4, 0xDE05, 0xDE26, 0xDE27, 0xDE48, 0xE669, 0xE66A, 0xE68B, 0xE6AB, 0xE6AC, 0xE6AD, 0xE6AE,
    0xE6CE, 0xE6CF, 0xE6F1, 0xE6F2, 0xE713, 0xE714, 0xE716, 0xE737, 0xE738, 0xE759, 0xE75A, 0xE75B, 0xE75B, 0xE77B, 0xE77C, 0xE77C,
    0xA040, 0xA040, 0xA841, 0xA841, 0xB041, 0xB042, 0xB043, 0xB044, 0xB865, 0xB866, 0xB867, 0xB868, 0xB868, 0xB069, 0xB06A, 0xB06B,
    0xB06C, 0xB06D, 0xB06D, 0xB06E, 0xA84E, 0xA84F, 0xA84F, 0xA850, 0xA850, 0xA851, 0xA851, 0xA852, 0xA872, 0xA873, 0xA873, 0xA873,
    0xA060, 0xA060, 0xA061, 0xA861, 0xA862, 0xB062, 0xB063, 0xB064, 0xB065, 0xB066, 0xB087, 0xB088, 0xB088, 0xB089, 0xB08A, 0xB08B,
    0xB08C, 0xB06C, 0xA86D, 0xA86E, 0xA86E, 0xA86F, 0xA86F, 0xA870, 0xA870, 0xA871, 0xA871, 0xA871, 0xA872, 0xA872, 0xA873, 0xA873,
    0xA080, 0xA080, 0xA081, 0xA881, 0xA882, 0xB082, 0xB083, 0xB084, 0xB085, 0xB086, 0xB087, 0xB088, 0xB088, 0xB089, 0xB08A, 0xB08B,
    0xB08C, 0xA88C, 0xA88D, 0xA88E, 0xA86E, 0xA86F, 0xA86F, 0xA870, 0xA870, 0xA870, 0xA871, 0xA891, 0xA892, 0xA892, 0xA893, 0xA073,
    0xA0A0, 0xA0A0, 0xA0A1, 0xA8A1, 0xA8A2, 0xB0A2, 0xB0A3, 0xB0A4, 0xB0A5, 0xB0A6, 0xB0A7, 0xB0A8, 0xB0A8, 0xB0A9, 0xB0AA, 0xB0AB,
    0xB0AC, 0xA8AC, 0xA8AD, 0xA88E, 0xA88E, 0xA88F, 0xA88F, 0xA88F, 0xA890, 0xA890, 0xA891, 0xA891, 0xA892, 0xA892, 0xA092, 0xA093,
    0xA0C0, 0xA0C0, 0xA0C1, 0xA8C1, 0xA8C2, 0xB0C2, 0xB0C3, 0xB0A4, 0xB0A5, 0xB0C6, 0xB0C7, 0xB0C8, 0xB0C8, 0xB0C9, 0xB0CA, 0xB0CB,
    0xB0CC, 0xA8AC, 0xA8AD, 0xA8AD, 0xA8AE, 0xA8AE, 0xA8AF, 0xA8AF, 0xA8B0, 0xA8B0, 0xA8B1, 0xA8B1, 0xA0B2, 0xA0B2, 0xA092, 0xA093,
    0xA0E0, 0xA0E0, 0xA8E1, 0xA8E1, 0xA8E2, 0xA8E2, 0xB0C3, 0xB0C4, 0xB0C4, 0xB0C6, 0xB0C7, 0xB0C8, 0xB0C9, 0xB0E9, 0xB0EA, 0xB0CB,
    0xB0CC, 0xA8CC, 0xA8CD, 0xA8CE, 0xA8CE, 0xA8CF, 0xA8AF, 0xA8B0, 0xA8B0, 0xA8B0, 0xA8B1, 0xA8B1, 0xA8B1, 0xA0B2, 0xA0B2, 0xA0B3,
    0xA0E0, 0xA100, 0xA901, 0xA901, 0xA902, 0xA8E2, 0xB0E3, 0xB0E3, 0xB0E4, 0xB0E5, 0xB0E6, 0xB0E8, 0xB0E9, 0xB0EA, 0xB0EA, 0xB0EB,
    0xB0EC, 0xA8ED, 0xA8ED, 0xA8EE, 0xA8EE, 0xA8EF, 0xA8CF, 0xA8D0, 0xA8D0, 0xA8D0, 0xA8D1, 0xA8D1, 0xA8D1, 0xA0D2, 0xA0D2, 0xA0D3,
    0xA100, 0xA120, 0xA921, 0xA921, 0xA922, 0xA922, 0xB123, 0xB103, 0xB104, 0xB905, 0xB906, 0xB907, 0xB929, 0xB129, 0xB12A, 0xB12B,
    0xB12C, 0xB12D, 0xB10D, 0xA90E, 0xA90E, 0xA90F, 0xA90F, 0xA8F0, 0xA8F0, 0xA8F1, 0xA8F1, 0xA8F1, 0xA8F2, 0xA912, 0xA912, 0xA913,
    0xA120, 0xA940, 0xA941, 0xA941, 0xA942, 0xB142, 0xB143, 0xB143, 0xB944, 0xB945, 0xB946, 0xB947, 0xB948, 0xB949, 0xB94A, 0xB94B,
    0xB14C, 0xB14D, 0xB14D, 0xB14E, 0xA94E, 0xA92F, 0xA92F, 0xA930, 0xA910, 0xA911, 0xA911, 0xA931, 0xA932, 0xA932, 0xA933, 0xA933,
    0xA960, 0xA960, 0xA961, 0xB161, 0xB162, 0xB182, 0xB183, 0xB963, 0xB964, 0xB965, 0xB966, 0xC187, 0xC188, 0xB98A, 0xB98B, 0xB98B,
    0xB98C, 0xB98D, 0xB98E, 0xB18E, 0xB16F, 0xB16F, 0xB170, 0xA950, 0xA950, 0xA951, 0xA951, 0xA952, 0xA952, 0xA972, 0xB173, 0xB174,
    0xA980, 0xA980, 0xB1A1, 0xB1A1, 0xB1A2, 0xB9A2, 0xB9C3, 0xB9A4, 0xC1A4, 0xC1A5, 0xC1A6, 0xC1C7, 0xC1C8, 0xC1CA, 0xC1CB, 0xC1CC,
    0xC1CC, 0xC1CD, 0xB9CE, 0xB9CE, 0xB9AF, 0xB1B0, 0xB1B0, 0xB190, 0xB191, 0xB191, 0xB191, 0xB192, 0xB192, 0xB1B3, 0xB1B4, 0xB1D4,
    0xB1C0, 0xB1C1, 0xB1C1, 0xB1E1, 0xB9E2, 0xB9E2, 0xC203, 0xC204, 0xC204, 0xCA05, 0xCA06, 0xCA07, 0xCA28, 0xCA2A, 0xCA2B, 0xCA2C,
    0xCA2D, 0xC22D, 0xC22E, 0xC22F, 0xC210, 0xBA10, 0xB9F1, 0xB9F1, 0xB9D1, 0xB1D2, 0xB1D2, 0xB1F3, 0xB9F3, 0xB9F4, 0xBA15, 0xBA15,
    0xB1E0, 0xBA01, 0xBA01, 0xBA21, 0xBA22, 0xC243, 0xCA43, 0xCA44, 0xCA45, 0xCA45, 0xD246, 0xD267, 0xD268, 0xD28A, 0xD28B, 0xD28C,
    0xCA8D, 0xCA8E, 0xCA8F, 0xCA6F, 0xC270, 0xC251, 0xC251, 0xC252, 0xBA32, 0xBA32, 0xBA33, 0xBA33, 0xBA54, 0xBA55, 0xC275, 0xC276,
    0xBA40, 0xBA41, 0xC261, 0xC262, 0xC262, 0xCA83, 0xCA83, 0xD2A4, 0xD2A5, 0xD2A6, 0xD2A7, 0xD2A8, 0xD2C9, 0xD2EA, 0xD2EB, 0xD2EC,
    0xD2ED, 0xD2EE, 0xD2EF, 0xD2D0, 0xCAD0, 0xCAB1, 0xCAB2, 0xC2B2, 0xC2B3, 0xC293, 0xC294, 0xC2B4, 0xC2B5, 0xC2B5, 0xCAD6, 0xCAD7,
    0xBA81, 0xC281, 0xC2A1, 0xCAA2, 0xCAC2, 0xCAC3, 0xD2E4, 0xD2E4, 0xDAE5, 0xDAE6, 0xDB07, 0xDB08, 0xDB29, 0xDB2A, 0xDB4B, 0xDB4D,
    0xDB4E, 0xD34F, 0xD34F, 0xD350, 0xD331, 0xD331, 0xD312, 0xCB13, 0xCB13, 0xCAF4, 0xCB15, 0xCB15, 0xCB16, 0xCB16, 0xCB37, 0xCB57,
    0xC2C1, 0xC2C1, 0xCAE1, 0xCAE2, 0xCB02, 0xD303, 0xD324, 0xDB24, 0xDB45, 0xDB46, 0xDB67, 0xDB68, 0xDB89, 0xDB8B, 0xDBAC, 0xDBAD,
    0xDBAE, 0xDBAF, 0xDBB0, 0xDBB1, 0xD391, 0xD392, 0xD373, 0xD373, 0xD374, 0xD375, 0xD375, 0xD376, 0xD376, 0xD397, 0xD397, 0xD3B8,
    0xC301, 0xCB01, 0xD301, 0xD322, 0xD342, 0xD343, 0xDB64, 0xDB85, 0xDB86, 0xDBA7, 0xDBA8, 0xDBC9, 0xDBCA, 0xDBEB, 0xDBEC, 0xDC0D,
    0xDC0E, 0xDC0F, 0xDBF0, 0xDBF1, 0xDBF2, 0xDBF2, 0xDBF3, 0xD3D4, 0xD3D4, 0xD3D5, 0xD3D6, 0xD3D6, 0xD3F7, 0xD3F8, 0xD3F8, 0xD419,
    0xCB41, 0xD341, 0xD341, 0xD362, 0xDB62, 0xDB83, 0xDBA4, 0xDBC5, 0xDBC6, 0xDBE7, 0xDC08, 0xE409, 0xE42A, 0xE42B, 0xE44C, 0xE44D,
    0xDC4E, 0xDC4F, 0xDC50, 0xDC51, 0xDC52, 0xDC53, 0xDC34, 0xDC34, 0xDC35, 0xDC36, 0xDC36, 0xDC37, 0xDC57, 0xDC58, 0xDC59, 0xDC79,
    0xD361, 0xD381, 0xDB81, 0xDBA2, 0xDBA2, 0xDBC3, 0xDBE4, 0xDC05, 0xDC06, 0xE427, 0xE448, 0xE469, 0xE46A, 0xE48C, 0xE48D, 0xE48E,
    0xE4AF, 0xE4B0, 0xE4B1, 0xDCB1, 0xDC92, 0xDC93, 0xDC94, 0xDC95, 0xDC95, 0xDC96, 0xDC97, 0xDC97, 0xDC98, 0xDC98, 0xDCB9, 0xDCBA,
    0xD3A1, 0xDBA1, 0xDBC1, 0xDBC2, 0xDBE2, 0xDC03, 0xDC24, 0xE445, 0xE446, 0xE467, 0xE488, 0xE4AA, 0xE4CB, 0xE4CC, 0xE4ED, 0xE4EE,
    0xE4EF, 0xE4F0, 0xE4F1, 0xE4F1, 0xE4F3, 0xE4F4, 0xDCF4, 0xDCF5, 0xDCD6, 0xDCD6, 0xDCD7, 0xDCF8, 0xDCF8, 0xDCF9, 0xDCF9, 0xDD1A,
    0xD3C1, 0xDBE1, 0xDC01, 0xDC02, 0xDC22, 0xDC43, 0xE464, 0xE465, 0xE486, 0xE4A7, 0xE4C8, 0xE4EA, 0xE4EB, 0xE50C, 0xE52D, 0xE52E,
    0xE52F, 0xE530, 0xE531, 0xE532, 0xE533, 0xE534, 0xE535, 0xDD35, 0xDD36, 0xDD37, 0xDD37, 0xDD38, 0xDD38, 0xDD39, 0xDD5A, 0xDD5A,
    0xDC01, 0xDC21, 0xDC21, 0xDC42, 0xDC63, 0xE483, 0xE4A4, 0xE4A5, 0xE4C6, 0xE4E7, 0xE4E9, 0xE50A, 0xE52B, 0xE54C, 0xE54D, 0xE56E,
    0xE56F, 0xE570, 0xE571, 0xE572, 0xE593, 0xE594, 0xE595, 0xE576, 0xDD76, 0xDD77, 0xDD78, 0xDD78, 0xDD79, 0xDD79, 0xDD9A, 0xDDBA,
    0xDC21, 0xDC41, 0xDC62, 0xDC82, 0xE4A3, 0xE4A4, 0xE4C4, 0xE4E5, 0xE4E6, 0xE508, 0xE529, 0xE54A, 0xE54B, 0xE56C, 0xE58D, 0xE58E,
    0xE58F, 0xE5B0, 0xE5B1, 0xE5B2, 0xE5D3, 0xE5D4, 0xE5D5, 0xE5D6, 0xE5D7, 0xDDD7, 0xDDD8, 0xDDD8, 0xDDD9, 0xDDDA, 0xDDDA, 0xDDFA,
    0xD441, 0xDC61, 0xDC82, 0xDCA2, 0xE4C3, 0xE4E4, 0xE505, 0xE506, 0xE527, 0xE548, 0xE549, 0xE56A, 0xE58B, 0xE58C, 0xE5AD, 0xE5AE,
    0xE5CF, 0xE5D0, 0xE5F1, 0xE5F2, 0xE5F3, 0xE614, 0xE615, 0xE616, 0xE617, 0xE617, 0xE618, 0xDE19, 0xDE19, 0xDE1A, 0xDE1A, 0xDE3B,
    0xD462, 0xDC82, 0xDCA2, 0xDCC2, 0xDCE3, 0xE504, 0xE525, 0xE546, 0xE547, 0xE568, 0xE569, 0xE58A, 0xE5AB, 0xE5AC, 0xE5CD, 0xE5CE,
    0xE5EF, 0xE5F0, 0xE611, 0xE612, 0xE633, 0xE634, 0xE635, 0xE656, 0xE657, 0xE658, 0xE659, 0xE659, 0xE65A, 0xE65A, 0xE65B, 0xE67B,
    0xD4A2, 0xD4A2, 0xDCC2, 0xDCE2, 0xDD03, 0xDD24, 0xE545, 0xE566, 0xE567, 0xE588, 0xE589, 0xE5AA, 0xE5CB, 0xE5CC, 0xE5ED, 0xE5EE,
    0xE60F, 0xE610, 0xE631, 0xE632, 0xE653, 0xE654, 0xE675, 0xE676, 0xE697, 0xE698, 0xE699, 0xE69A, 0xE69A, 0xE69A, 0xE69B, 0xE6BB,
    0xCCA2, 0xD4C2, 0xDCE2, 0xDD03, 0xDD23, 0xDD44, 0xE565, 0xE586, 0xE587, 0xE5A8, 0xE5A9, 0xE5CA, 0xE5EB, 0xE5EC, 0xE60D, 0xE60E,
    0xE62F, 0xE630, 0xE651, 0xE672, 0xE673, 0xE694, 0xE695, 0xE696, 0xE6B7, 0xE6B8, 0xE6B9, 0xE6BA, 0xE6BA, 0xE6BB, 0xE6DB, 0xE6DC,
    0xC4C2, 0xCCE2, 0xD503, 0xDD23, 0xDD43, 0xDD64, 0xE585, 0xE5A6, 0xE5C7, 0xE5C8, 0xE5C9, 0xE5EA, 0xE60B, 0xE60C, 0xEE2D, 0xEE2E,
    0xEE4F, 0xE650, 0xE671, 0xE692, 0xE693, 0xE6B4, 0xE6B6, 0xE6B6, 0xE6D7, 0xE6D8, 0xE6D9, 0xE6FA, 0xE6FB, 0xE6FB, 0xE6FB, 0xE6FC,
    0xC4C2, 0xCD02, 0xD523, 0xDD43, 0xDD63, 0xDD84, 0xE5A5, 0xE5C7, 0xE5E8, 0xE5E8, 0xE609, 0xE60A, 0xE62B, 0xE62C, 0xEE4D, 0xEE4E,
    0xEE6F, 0xEE70, 0xE691, 0xE6B2, 0xE6B3, 0xE6D4, 0xE6D6, 0xE6D7, 0xE6D8, 0xE6F8, 0xE6F9, 0xE71A, 0xE71B, 0xE71B, 0xE71C, 0xE71C,
    0xC4E2, 0xCD23, 0xD543, 0xD563, 0xDD83, 0xDDA4, 0xE5C6, 0xE5E7, 0xE608, 0xE609, 0xE629, 0xE62A, 0xE64B, 0xE64C, 0xEE6D, 0xEE8E,
    0xEE8F, 0xEEB0, 0xE6B1, 0xE6D2, 0xE6D3, 0xE6D4, 0xE6F5, 0xE6F7, 0xE6F8, 0xE6F9, 0xE719, 0xE71A, 0xE73B, 0xE73B, 0xE73C, 0xE73C,
    0xBD22, 0xCD43, 0xD563, 0xD583, 0xDDA4, 0xDDC5, 0xDE06, 0xE607, 0xE628, 0xE649, 0xE64A, 0xE66B, 0xE66B, 0xE68C, 0xEE8D, 0xEEAE,
    0xEEAF, 0xEEB0, 0xE6D1, 0xE6D2, 0xE6F3, 0xE6F4, 0xE6F5, 0xE717, 0xE718, 0xE739, 0xE73A, 0xE73A, 0xE75B, 0xE75B, 0xE75C, 0xE75C,
    0xBD42, 0xCD63, 0xD583, 0xD5A4, 0xDDC4, 0xDDE5, 0xDE26, 0xE627, 0xE648, 0xE669, 0xE66A, 0xE68B, 0xE6AC, 0xE6AC, 0xEECD, 0xEECE,
    0xEECE, 0xEECF, 0xE6F1, 0xE6F2, 0xE6F3, 0xE714, 0xE715, 0xE737, 0xE738, 0xE759, 0xE75A, 0xE75B, 0xE75B, 0xEF7B, 0xEF7C, 0xEF7C,
};
