/**
 * lut_custom_lpp_tetrachrome_400_fpe.h
 * Custom LUT from 'LPP Tetrachrome 400_FPE.cube'
 *
 * Auto-generated by tools/generate_luts.py — DO NOT EDIT
 * 32768 entries × 2 bytes = 64 KB, stored in Flash (.rodata)
 */
#pragma once
#include <stdint.h>

static const uint16_t LUT_CUSTOM_LPP_TETRACHROME_400_FPE[32768] = {
    0x0041, 0x0041, 0x0041, 0x0041, 0x0042, 0x0042, 0x0042, 0x0042, 0x0043, 0x0043, 0x0043, 0x0043, 0x0044, 0x0044, 0x0044, 0x0045,
    0x0045, 0x0045, 0x0845, 0x0846, 0x0846, 0x0846, 0x0846, 0x0846, 0x0847, 0x0847, 0x0847, 0x0847, 0x0847, 0x0848, 0x0848, 0x0848,
    0x0041, 0x0041, 0x0041, 0x0041, 0x0042, 0x0042, 0x0042, 0x0043, 0x0043, 0x0043, 0x0043, 0x0044, 0x0044, 0x0044, 0x0044, 0x0045,
    0x0045, 0x0845, 0x0846, 0x0846, 0x0846, 0x0846, 0x0846, 0x0847, 0x0847, 0x0847, 0x0867, 0x0867, 0x0868, 0x0868, 0x0848, 0x0848,
    0x0041, 0x0041, 0x0041, 0x0041, 0x0042, 0x0042, 0x0062, 0x0063, 0x0063, 0x0063, 0x0063, 0x0064, 0x0064, 0x0064, 0x0065, 0x0065,
    0x0865, 0x0865, 0x0866, 0x0866, 0x0866, 0x0866, 0x0867, 0x0867, 0x0867, 0x0867, 0x0867, 0x0868, 0x0868, 0x0868, 0x0868, 0x0868,
    0x0041, 0x0041, 0x0041, 0x0061, 0x0062, 0x0062, 0x0062, 0x0063, 0x0063, 0x0063, 0x0064, 0x0064, 0x0064, 0x0064, 0x0865, 0x0865,
    0x0865, 0x0866, 0x0866, 0x0866, 0x0866, 0x0867, 0x0867, 0x0867, 0x0867, 0x0867, 0x0868, 0x0868, 0x0868, 0x0868, 0x0868, 0x0868,
    0x0061, 0x0061, 0x0061, 0x0061, 0x0062, 0x0062, 0x0062, 0x0063, 0x0063, 0x0064, 0x0084, 0x0084, 0x0884, 0x0885, 0x0885, 0x0885,
    0x0886, 0x0886, 0x0886, 0x0886, 0x0887, 0x0887, 0x0887, 0x0887, 0x0887, 0x0888, 0x0888, 0x0888, 0x0888, 0x0888, 0x0888, 0x0889,
    0x0061, 0x0061, 0x0061, 0x0061, 0x0062, 0x0082, 0x0083, 0x0083, 0x0083, 0x0084, 0x0084, 0x0084, 0x0885, 0x0885, 0x0885, 0x0886,
    0x0886, 0x0886, 0x0886, 0x0887, 0x0887, 0x0887, 0x0887, 0x0887, 0x0888, 0x0888, 0x0888, 0x0888, 0x0888, 0x0888, 0x0889, 0x0889,
    0x0061, 0x0061, 0x0081, 0x0081, 0x0082, 0x0082, 0x0083, 0x0083, 0x0083, 0x00A4, 0x00A4, 0x08A4, 0x08A5, 0x08A5, 0x08A5, 0x08A6,
    0x08A6, 0x08A6, 0x08A7, 0x08A7, 0x08A7, 0x08A7, 0x08A8, 0x08A8, 0x08A8, 0x08A8, 0x08A8, 0x08A8, 0x08A8, 0x08A9, 0x08A9, 0x08A9,
    0x0081, 0x0081, 0x0081, 0x0082, 0x0082, 0x00A2, 0x00A3, 0x00A3, 0x00A4, 0x00A4, 0x00A4, 0x08A5, 0x08A5, 0x08A5, 0x08C6, 0x08C6,
    0x08C6, 0x08C7, 0x08C7, 0x08C7, 0x08C7, 0x08C8, 0x08C8, 0x08C8, 0x08C8, 0x08C8, 0x08C8, 0x08C9, 0x08C9, 0x08C9, 0x08C9, 0x08CA,
    0x0081, 0x0081, 0x00A1, 0x00A2, 0x00A2, 0x00A2, 0x00A3, 0x00A3, 0x00C4, 0x00C4, 0x00C4, 0x08C5, 0x08C5, 0x08C6, 0x08C6, 0x08C6,
    0x08C7, 0x08E7, 0x08E7, 0x08E8, 0x08E8, 0x08E8, 0x08E8, 0x08E8, 0x08E8, 0x08E9, 0x08E9, 0x08E9, 0x08E9, 0x08E9, 0x08EA, 0x08EA,
    0x00A1, 0x00A1, 0x00A1, 0x00A2, 0x00A2, 0x00C2, 0x00C3, 0x00C3, 0x00C4, 0x00C4, 0x00C5, 0x08C5, 0x08E5, 0x08E6, 0x08E6, 0x08E7,
    0x08E7, 0x08E7, 0x08E8, 0x0908, 0x0908, 0x0908, 0x0909, 0x0909, 0x0909, 0x0909, 0x0909, 0x090A, 0x090A, 0x090A, 0x090A, 0x090B,
    0x00A1, 0x00C1, 0x00C1, 0x00C2, 0x00C2, 0x00C3, 0x00E3, 0x00E4, 0x00E4, 0x00E4, 0x00E5, 0x08E5, 0x08E6, 0x08E6, 0x0906, 0x0907,
    0x0907, 0x0908, 0x0908, 0x0908, 0x0908, 0x0929, 0x0929, 0x0929, 0x0929, 0x092A, 0x092A, 0x092A, 0x092A, 0x092B, 0x092B, 0x094B,
    0x00C1, 0x00C1, 0x00C1, 0x00C2, 0x00E2, 0x00E3, 0x00E3, 0x00E4, 0x0104, 0x0105, 0x0105, 0x0905, 0x0906, 0x0906, 0x0907, 0x0927,
    0x0927, 0x0928, 0x0928, 0x0928, 0x0929, 0x0949, 0x0949, 0x094A, 0x094A, 0x094A, 0x094A, 0x094B, 0x094B, 0x094B, 0x096B, 0x096C,
    0x00E1, 0x00E1, 0x00E2, 0x00E2, 0x00E2, 0x00E3, 0x0103, 0x0104, 0x0104, 0x0105, 0x0125, 0x0926, 0x0926, 0x0926, 0x0927, 0x0927,
    0x0948, 0x0948, 0x0948, 0x0949, 0x0949, 0x0969, 0x096A, 0x096A, 0x096A, 0x096B, 0x096B, 0x098B, 0x098B, 0x098C, 0x098C, 0x098C,
    0x00E1, 0x00E1, 0x00E2, 0x0102, 0x0102, 0x0103, 0x0124, 0x0124, 0x0125, 0x0125, 0x0125, 0x0946, 0x0946, 0x0947, 0x0947, 0x0948,
    0x0968, 0x0968, 0x0969, 0x0969, 0x0969, 0x096A, 0x098A, 0x098A, 0x098B, 0x098B, 0x09AB, 0x09AC, 0x09AC, 0x09AC, 0x09AC, 0x09AC,
    0x0101, 0x0101, 0x0102, 0x0102, 0x0102, 0x0123, 0x0124, 0x0144, 0x0145, 0x0145, 0x0946, 0x0966, 0x0967, 0x0967, 0x0968, 0x0968,
    0x0968, 0x0989, 0x0989, 0x0989, 0x098A, 0x098A, 0x09AA, 0x09AB, 0x09AB, 0x09AB, 0x09CC, 0x09CC, 0x09CC, 0x09CD, 0x09CD, 0x09CD,
    0x0121, 0x0121, 0x0122, 0x0122, 0x0123, 0x0143, 0x0144, 0x0145, 0x0165, 0x0966, 0x0966, 0x0987, 0x0987, 0x0988, 0x0988, 0x0988,
    0x0989, 0x09A9, 0x09A9, 0x09AA, 0x09AA, 0x09AA, 0x09CB, 0x09CB, 0x09CB, 0x09CC, 0x09EC, 0x09EC, 0x09ED, 0x09ED, 0x09ED, 0x09ED,
    0x0121, 0x0122, 0x0122, 0x0142, 0x0143, 0x0143, 0x0164, 0x0165, 0x0985, 0x0986, 0x0986, 0x0987, 0x09A7, 0x09A8, 0x09A8, 0x09A9,
    0x09C9, 0x09C9, 0x09CA, 0x09CA, 0x09CA, 0x09CB, 0x09EB, 0x09EB, 0x09EC, 0x09EC, 0x0A0C, 0x0A0D, 0x0A0D, 0x0A0D, 0x0A0D, 0x0A0D,
    0x0141, 0x0142, 0x0142, 0x0142, 0x0163, 0x0963, 0x0964, 0x0985, 0x0985, 0x09A6, 0x09A7, 0x09A7, 0x09C8, 0x09C8, 0x09C9, 0x09E9,
    0x09EA, 0x09EA, 0x09EA, 0x09EA, 0x09EB, 0x09EB, 0x0A0C, 0x0A0C, 0x0A0C, 0x0A2D, 0x0A2D, 0x0A2D, 0x0A2D, 0x0A2E, 0x0A2E, 0x0A2E,
    0x0961, 0x0962, 0x0962, 0x0962, 0x0963, 0x0983, 0x0984, 0x09A5, 0x09A5, 0x09A6, 0x09C7, 0x09C7, 0x09E8, 0x09E8, 0x09E9, 0x0A0A,
    0x0A0A, 0x0A0A, 0x0A0B, 0x0A0B, 0x0A2B, 0x0A2C, 0x0A2C, 0x0A2C, 0x0A4D, 0x0A4D, 0x0A4D, 0x0A6E, 0x0A6E, 0x0A6E, 0x0A6E, 0x0A6E,
    0x0961, 0x0982, 0x0982, 0x0982, 0x0983, 0x0983, 0x09A4, 0x09A5, 0x09C5, 0x09C6, 0x09E7, 0x09E8, 0x0A08, 0x0A09, 0x0A09, 0x0A2A,
    0x0A2A, 0x0A4B, 0x0A4B, 0x0A4C, 0x0A4C, 0x0A4C, 0x0A6D, 0x0A6D, 0x0A6D, 0x0A8E, 0x0A8E, 0x0A8E, 0x0A8E, 0x0A8E, 0x0A8F, 0x0A8F,
    0x0982, 0x0982, 0x0982, 0x0982, 0x09A3, 0x09A3, 0x09A4, 0x09A4, 0x09C5, 0x09E6, 0x09E7, 0x0A08, 0x0A08, 0x0A29, 0x0A4A, 0x0A4A,
    0x0A6B, 0x0A6B, 0x0A8C, 0x0A8C, 0x0A8D, 0x0A8D, 0x0AAD, 0x0AAD, 0x0AAE, 0x0AAE, 0x0AAE, 0x0AAF, 0x0AAF, 0x0AAF, 0x0AAF, 0x0AAF,
    0x09A2, 0x09A2, 0x09A2, 0x09A2, 0x09A3, 0x09A3, 0x09A4, 0x09C4, 0x09C5, 0x09E6, 0x0A07, 0x0A08, 0x0A29, 0x0A49, 0x0A6A, 0x0A8B,
    0x0A8B, 0x0AAC, 0x0AAC, 0x0ACD, 0x0ACD, 0x0ACD, 0x0ACE, 0x0AEE, 0x0AEE, 0x0AEF, 0x0AEF, 0x0AEF, 0x0AEF, 0x0AEF, 0x0AD0, 0x0AD0,
    0x09A2, 0x09A2, 0x09A2, 0x09C2, 0x09C3, 0x09C3, 0x09C3, 0x09C4, 0x09E5, 0x09E6, 0x0A07, 0x0A28, 0x0A49, 0x0A6A, 0x0A8A, 0x0AAB,
    0x0ACC, 0x0AEC, 0x0AED, 0x0B0D, 0x0B0E, 0x0B0E, 0x0B2E, 0x0B2F, 0x0B2F, 0x0B2F, 0x0B2F, 0x0B0F, 0x0B10, 0x0B10, 0x0B10, 0x0AF0,
    0x09C2, 0x09C2, 0x09C2, 0x09C2, 0x09C3, 0x09C3, 0x09C3, 0x09E4, 0x09E4, 0x0A05, 0x0A27, 0x0A48, 0x0A69, 0x0A8A, 0x0AAB, 0x0ACC,
    0x0B0C, 0x0B0D, 0x0B2D, 0x0B4E, 0x0B4E, 0x136F, 0x136F, 0x136F, 0x136F, 0x0B50, 0x0B50, 0x0B50, 0x0B50, 0x0B30, 0x0B30, 0x0B10,
    0x09C2, 0x09C2, 0x09C2, 0x09E2, 0x09E3, 0x09E3, 0x09E3, 0x09E4, 0x0A04, 0x0A05, 0x0A26, 0x0A48, 0x0A89, 0x0AAA, 0x0ACB, 0x0B0C,
    0x0B2D, 0x0B4D, 0x0B6E, 0x136E, 0x138F, 0x138F, 0x138F, 0x1390, 0x1390, 0x1390, 0x1370, 0x0B70, 0x0B70, 0x0B50, 0x0B51, 0x0B31,
    0x09E2, 0x09E2, 0x09E2, 0x09E2, 0x09E3, 0x09E3, 0x09E3, 0x0A04, 0x0A05, 0x0A25, 0x0A46, 0x0A68, 0x0A89, 0x0ACA, 0x0AEB, 0x0B2C,
    0x0B4D, 0x0B6E, 0x138E, 0x13AF, 0x13AF, 0x13AF, 0x13D0, 0x13D0, 0x13B0, 0x13B0, 0x13B0, 0x1391, 0x1391, 0x0B71, 0x0B71, 0x0B51,
    0x09E2, 0x09E2, 0x09E2, 0x09E2, 0x0A03, 0x0A03, 0x0A04, 0x0A04, 0x0A25, 0x0A46, 0x0A67, 0x0A88, 0x0AA9, 0x0ACA, 0x0B0C, 0x0B4D,
    0x0B6D, 0x138E, 0x13AE, 0x13CF, 0x13CF, 0x13D0, 0x13D0, 0x13D0, 0x13D0, 0x13D1, 0x13B1, 0x13B1, 0x1391, 0x0B91, 0x0B91, 0x0B71,
    0x09E2, 0x0A02, 0x0A02, 0x0A02, 0x0A03, 0x0A03, 0x0A04, 0x0A24, 0x0A25, 0x0A46, 0x0A67, 0x0A88, 0x0AA9, 0x0AEA, 0x0B0C, 0x0B4D,
    0x0B6D, 0x13AE, 0x13CF, 0x13CF, 0x13EF, 0x13F0, 0x13F0, 0x13F0, 0x13F1, 0x13F1, 0x13D1, 0x13D1, 0x13B1, 0x13B1, 0x0B91, 0x0B91,
    0x0A02, 0x0A02, 0x0A02, 0x0A02, 0x0A03, 0x0A23, 0x0A24, 0x0A45, 0x0A45, 0x0A66, 0x0A87, 0x0AA8, 0x0AC9, 0x0AEB, 0x0B2C, 0x0B4D,
    0x0B8D, 0x13AE, 0x13CF, 0x13CF, 0x13EF, 0x13F0, 0x13F0, 0x13F0, 0x13F1, 0x13F1, 0x13F1, 0x13D1, 0x13D1, 0x13B1, 0x13B1, 0x0B91,
    0x0A02, 0x0A02, 0x0A02, 0x0A23, 0x0A23, 0x0A24, 0x0A44, 0x0A45, 0x0A66, 0x0A87, 0x0AA8, 0x0AA9, 0x0AEA, 0x0B0B, 0x0B2C, 0x0B6D,
    0x0B8D, 0x0BAE, 0x13CF, 0x13CF, 0x13EF, 0x13F0, 0x13F0, 0x13F0, 0x13F1, 0x13F1, 0x13F1, 0x13F1, 0x13F1, 0x13D2, 0x13D2, 0x13B2,
    0x0A02, 0x0A22, 0x0A22, 0x0A23, 0x0A23, 0x0A44, 0x0A44, 0x0A65, 0x0A86, 0x0AA7, 0x0AA8, 0x0AC9, 0x0AEA, 0x0B0B, 0x0B4C, 0x0B6D,
    0x0B8E, 0x0BAE, 0x13CF, 0x13CF, 0x13EF, 0x13F0, 0x13F0, 0x13F0, 0x13F1, 0x13F1, 0x13F1, 0x13F1, 0x13F2, 0x13F2, 0x13D2, 0x13D2,
    0x0A22, 0x0A22, 0x0A22, 0x0A23, 0x0A43, 0x0A44, 0x0A65, 0x0A86, 0x0AA7, 0x0AA8, 0x0AC9, 0x0AEA, 0x0B0A, 0x0B2B, 0x0B4C, 0x0B6D,
    0x0B8E, 0x0BAE, 0x13CF, 0x13EF, 0x13EF, 0x13F0, 0x13F0, 0x13F0, 0x13F1, 0x13F1, 0x13F1, 0x13F1, 0x13F2, 0x13F2, 0x13F2, 0x13F2,
    0x0841, 0x0841, 0x0041, 0x0041, 0x0042, 0x0042, 0x0042, 0x0043, 0x0043, 0x0043, 0x0043, 0x0044, 0x0044, 0x0044, 0x0044, 0x0045,
    0x0045, 0x0045, 0x0845, 0x0846, 0x0846, 0x0846, 0x0846, 0x0846, 0x0847, 0x0847, 0x0847, 0x0847, 0x0847, 0x0848, 0x0848, 0x0848,
    0x0841, 0x0841, 0x0041, 0x0041, 0x0042, 0x0042, 0x0042, 0x0043, 0x0043, 0x0043, 0x0043, 0x0044, 0x0044, 0x0044, 0x0044, 0x0045,
    0x0045, 0x0845, 0x0846, 0x0846, 0x0846, 0x0846, 0x0846, 0x0847, 0x0847, 0x0847, 0x0847, 0x0847, 0x0848, 0x0848, 0x0848, 0x0868,
    0x0841, 0x0841, 0x0841, 0x0041, 0x0042, 0x0042, 0x0043, 0x0043, 0x0043, 0x0043, 0x0044, 0x0044, 0x0044, 0x0044, 0x0045, 0x0045,
    0x0845, 0x0846, 0x0846, 0x0846, 0x0846, 0x0846, 0x0847, 0x0847, 0x0867, 0x0867, 0x0867, 0x0868, 0x0868, 0x0868, 0x0868, 0x0868,
    0x0841, 0x0061, 0x0061, 0x0061, 0x0062, 0x0062, 0x0063, 0x0063, 0x0063, 0x0064, 0x0064, 0x0064, 0x0064, 0x0065, 0x0865, 0x0865,
    0x0865, 0x0866, 0x0866, 0x0866, 0x0866, 0x0867, 0x0867, 0x0867, 0x0867, 0x0867, 0x0868, 0x0868, 0x0868, 0x0868, 0x0868, 0x0868,
    0x0061, 0x0061, 0x0061, 0x0061, 0x0062, 0x0062, 0x0063, 0x0063, 0x0063, 0x0064, 0x0064, 0x0064, 0x0864, 0x0865, 0x0865, 0x0865,
    0x0866, 0x0866, 0x0866, 0x0866, 0x0867, 0x0867, 0x0867, 0x0867, 0x0867, 0x0868, 0x0868, 0x0868, 0x0868, 0x0868, 0x0868, 0x0889,
    0x0061, 0x0061, 0x0061, 0x0081, 0x0082, 0x0082, 0x0083, 0x0083, 0x0084, 0x0084, 0x0084, 0x0884, 0x0885, 0x0885, 0x0885, 0x0886,
    0x0886, 0x0886, 0x0886, 0x0887, 0x0887, 0x0887, 0x0887, 0x0887, 0x0888, 0x0888, 0x0888, 0x0888, 0x0888, 0x0888, 0x0889, 0x0889,
    0x0081, 0x0081, 0x0081, 0x0081, 0x0082, 0x00A3, 0x00A3, 0x00A4, 0x00A4, 0x00A4, 0x00A4, 0x08A5, 0x08A5, 0x08A5, 0x08A6, 0x08A6,
    0x08A6, 0x08A7, 0x08A7, 0x08A7, 0x08A7, 0x08A7, 0x0887, 0x0888, 0x0888, 0x0888, 0x0888, 0x0888, 0x0888, 0x0889, 0x08A9, 0x08A9,
    0x0081, 0x0081, 0x0081, 0x00A1, 0x00A2, 0x00A3, 0x00A3, 0x00A4, 0x00C4, 0x00A4, 0x08A5, 0x08A5, 0x08A5, 0x08A6, 0x08C6, 0x08C6,
    0x08C7, 0x08C7, 0x08C7, 0x08C7, 0x08C8, 0x08A8, 0x08A8, 0x08A8, 0x08A8, 0x08A8, 0x08A8, 0x08A9, 0x08A9, 0x08A9, 0x08C9, 0x08C9,
    0x00A1, 0x00A1, 0x00A1, 0x00A2, 0x00A2, 0x00C3, 0x00C3, 0x00C4, 0x00C4, 0x00C5, 0x08C5, 0x08C5, 0x08C6, 0x08C6, 0x08C6, 0x08C7,
    0x08C7, 0x08C7, 0x08C7, 0x08C8, 0x08C8, 0x08C8, 0x08C8, 0x08C8, 0x08C9, 0x08C9, 0x08C9, 0x08C9, 0x08C9, 0x08C9, 0x08EA, 0x08EA,
    0x00A1, 0x00A1, 0x00C1, 0x00C2, 0x00C2, 0x00C3, 0x00E3, 0x00E4, 0x00E4, 0x00E5, 0x08E5, 0x08E5, 0x08E6, 0x08E6, 0x08E7, 0x08E7,
    0x08E7, 0x08E8, 0x08E8, 0x08E8, 0x08E8, 0x08E8, 0x08E9, 0x08E9, 0x08E9, 0x08E9, 0x08E9, 0x08EA, 0x08EA, 0x090A, 0x090A, 0x090A,
    0x00C1, 0x00C1, 0x00C1, 0x00C2, 0x00C2, 0x00E3, 0x00E3, 0x00E4, 0x0104, 0x0105, 0x0905, 0x0906, 0x0906, 0x0906, 0x0907, 0x0907,
    0x0908, 0x0908, 0x0908, 0x0908, 0x0909, 0x0909, 0x0909, 0x0909, 0x092A, 0x092A, 0x092A, 0x092A, 0x092A, 0x092B, 0x092B, 0x094B,
    0x00E1, 0x00E1, 0x00E1, 0x00E2, 0x00E2, 0x00E3, 0x0103, 0x0104, 0x0104, 0x0125, 0x0926, 0x0926, 0x0926, 0x0927, 0x0927, 0x0928,
    0x0928, 0x0928, 0x0928, 0x0929, 0x0949, 0x0949, 0x094A, 0x094A, 0x094A, 0x094A, 0x094A, 0x094B, 0x094B, 0x094B, 0x096B, 0x096C,
    0x00E1, 0x00E1, 0x00E1, 0x00E2, 0x0102, 0x0103, 0x0103, 0x0124, 0x0125, 0x0125, 0x0946, 0x0946, 0x0947, 0x0947, 0x0948, 0x0948,
    0x0948, 0x0948, 0x0949, 0x0949, 0x0969, 0x096A, 0x096A, 0x096A, 0x096A, 0x096B, 0x096B, 0x096B, 0x096B, 0x098C, 0x098C, 0x098C,
    0x0101, 0x0101, 0x0101, 0x0102, 0x0102, 0x0123, 0x0124, 0x0144, 0x0145, 0x0945, 0x0946, 0x0966, 0x0967, 0x0968, 0x0968, 0x0968,
    0x0968, 0x0969, 0x0969, 0x0969, 0x098A, 0x098A, 0x098A, 0x098B, 0x098B, 0x098B, 0x09AB, 0x09AC, 0x09AC, 0x09AC, 0x09AC, 0x09AC,
    0x0921, 0x0121, 0x0121, 0x0122, 0x0122, 0x0123, 0x0144, 0x0144, 0x0165, 0x0966, 0x0966, 0x0987, 0x0987, 0x0988, 0x0988, 0x0989,
    0x0989, 0x0989, 0x0989, 0x09AA, 0x09AA, 0x09AA, 0x09AB, 0x09AB, 0x09AB, 0x09CC, 0x09CC, 0x09CC, 0x09CC, 0x09CD, 0x09CD, 0x09CD,
    0x0941, 0x0941, 0x0122, 0x0122, 0x0142, 0x0143, 0x0164, 0x0164, 0x0985, 0x0986, 0x0986, 0x09A7, 0x09A8, 0x09A8, 0x09A9, 0x09A9,
    0x09C9, 0x09AA, 0x09CA, 0x09CA, 0x09CB, 0x09CB, 0x09CB, 0x09CB, 0x09EC, 0x09EC, 0x09EC, 0x09ED, 0x09ED, 0x09ED, 0x09ED, 0x09ED,
    0x0961, 0x0941, 0x0142, 0x0142, 0x0142, 0x0163, 0x0964, 0x0984, 0x0985, 0x09A6, 0x09A7, 0x09A7, 0x09C8, 0x09C8, 0x09E9, 0x09E9,
    0x09EA, 0x09EA, 0x09EA, 0x09EB, 0x09EB, 0x09EB, 0x09EC, 0x0A0C, 0x0A0C, 0x0A0D, 0x0A0D, 0x0A0D, 0x0A0D, 0x0A0D, 0x0A0D, 0x0A0E,
    0x0961, 0x0961, 0x0962, 0x0962, 0x0962, 0x0963, 0x0984, 0x0984, 0x09A5, 0x09A6, 0x09C7, 0x09C8, 0x09E8, 0x09E9, 0x0A09, 0x0A0A,
    0x0A0A, 0x0A0B, 0x0A0B, 0x0A0B, 0x0A0C, 0x0A2C, 0x0A2C, 0x0A2C, 0x0A2D, 0x0A2D, 0x0A2D, 0x0A4D, 0x0A4E, 0x0A4E, 0x0A4E, 0x0A4E,
    0x0981, 0x0981, 0x0962, 0x0982, 0x0982, 0x0983, 0x0984, 0x09A4, 0x09A5, 0x09C6, 0x09C7, 0x09E8, 0x0A08, 0x0A09, 0x0A2A, 0x0A2A,
    0x0A4B, 0x0A4B, 0x0A4C, 0x0A4C, 0x0A4C, 0x0A4C, 0x0A4D, 0x0A4D, 0x0A6D, 0x0A6D, 0x0A6E, 0x0A6E, 0x0A6E, 0x0A6E, 0x0A6E, 0x0A6E,
    0x09A1, 0x0981, 0x0982, 0x0982, 0x0982, 0x09A3, 0x09A3, 0x09A4, 0x09C5, 0x09C6, 0x09E7, 0x0A08, 0x0A28, 0x0A29, 0x0A4A, 0x0A6B,
    0x0A6B, 0x0A8C, 0x0A8C, 0x0A8D, 0x0A8D, 0x0A8D, 0x0A8D, 0x0A8E, 0x0A8E, 0x0AAE, 0x0AAE, 0x0AAE, 0x0A8F, 0x0A8F, 0x0A8F, 0x0A8F,
    0x09A1, 0x09A2, 0x09A2, 0x09A2, 0x09A2, 0x09A3, 0x09A3, 0x09C4, 0x09C5, 0x09E6, 0x0A07, 0x0A08, 0x0A29, 0x0A49, 0x0A6A, 0x0A8B,
    0x0AAC, 0x0AAC, 0x0ACD, 0x0ACD, 0x0ACD, 0x0ACE, 0x0ACE, 0x0ACE, 0x0ACE, 0x0ACF, 0x0ACF, 0x0ACF, 0x0ACF, 0x0ACF, 0x0AAF, 0x0AAF,
    0x09A1, 0x09A2, 0x09A2, 0x09A2, 0x09C2, 0x09C3, 0x09C3, 0x09C4, 0x09E4, 0x09E5, 0x0A06, 0x0A28, 0x0A49, 0x0A6A, 0x0A8B, 0x0AAB,
    0x0ACC, 0x0AED, 0x0AED, 0x0B0E, 0x0B0E, 0x0B0E, 0x0B0E, 0x0B0F, 0x0B0F, 0x0B0F, 0x0B0F, 0x0AEF, 0x0AF0, 0x0AF0, 0x0AF0, 0x0AF0,
    0x09C1, 0x09C2, 0x09C2, 0x09C2, 0x09C2, 0x09C3, 0x09C3, 0x09E4, 0x09E4, 0x0A05, 0x0A26, 0x0A48, 0x0A69, 0x0A8A, 0x0AAB, 0x0AEC,
    0x0B0D, 0x0B0D, 0x0B2E, 0x0B4E, 0x0B4E, 0x0B4F, 0x0B4F, 0x0B4F, 0x0B4F, 0x0B30, 0x0B30, 0x0B30, 0x0B30, 0x0B10, 0x0B10, 0x0B10,
    0x09C1, 0x09C2, 0x09C2, 0x09C2, 0x09E2, 0x09E3, 0x09E3, 0x09E4, 0x09E4, 0x0A05, 0x0A26, 0x0A48, 0x0A89, 0x0AAA, 0x0ACB, 0x0B0C,
    0x0B2D, 0x0B4D, 0x0B6E, 0x136E, 0x138F, 0x138F, 0x138F, 0x1390, 0x1370, 0x0B70, 0x0B70, 0x0B50, 0x0B50, 0x0B30, 0x0B30, 0x0B30,
    0x09E1, 0x09E2, 0x09E2, 0x09E2, 0x09E2, 0x09E3, 0x09E3, 0x0A04, 0x0A04, 0x0A25, 0x0A46, 0x0A68, 0x0A89, 0x0ACA, 0x0AEB, 0x0B2C,
    0x0B4D, 0x0B6E, 0x138E, 0x138F, 0x13AF, 0x13AF, 0x13B0, 0x13B0, 0x13B0, 0x1390, 0x1390, 0x0B71, 0x0B71, 0x0B51, 0x0B51, 0x0B51,
    0x09E1, 0x09E2, 0x09E2, 0x09E2, 0x09E2, 0x0A03, 0x0A03, 0x0A04, 0x0A24, 0x0A25, 0x0A46, 0x0A68, 0x0AA9, 0x0ACA, 0x0B0C, 0x0B4D,
    0x0B6D, 0x138E, 0x13AF, 0x13CF, 0x13CF, 0x13D0, 0x13D0, 0x13D0, 0x13D1, 0x13B1, 0x13B1, 0x1391, 0x0B91, 0x0B71, 0x0B71, 0x0B71,
    0x09E2, 0x09E2, 0x0A02, 0x0A02, 0x0A02, 0x0A03, 0x0A03, 0x0A24, 0x0A25, 0x0A46, 0x0A67, 0x0A88, 0x0AA9, 0x0AEA, 0x0B0C, 0x0B4D,
    0x0B6D, 0x13AE, 0x13AF, 0x13CF, 0x13CF, 0x13F0, 0x13F0, 0x13F0, 0x13D1, 0x13D1, 0x13D1, 0x13B1, 0x13B1, 0x0B91, 0x0B91, 0x0B91,
    0x0A02, 0x0A02, 0x0A02, 0x0A02, 0x0A03, 0x0A03, 0x0A24, 0x0A24, 0x0A45, 0x0A66, 0x0A87, 0x0AA8, 0x0AC9, 0x0AEA, 0x0B2C, 0x0B4D,
    0x0B8D, 0x13AE, 0x13CF, 0x13CF, 0x13F0, 0x13F0, 0x13F0, 0x13F1, 0x13F1, 0x13F1, 0x13F1, 0x13D1, 0x13D1, 0x13B1, 0x13B1, 0x13B1,
    0x0A02, 0x0A02, 0x0A02, 0x0A02, 0x0A23, 0x0A23, 0x0A24, 0x0A44, 0x0A65, 0x0A66, 0x0A87, 0x0AA8, 0x0AC9, 0x0B0B, 0x0B2C, 0x0B6D,
    0x0B8D, 0x0BAE, 0x13CF, 0x13EF, 0x13F0, 0x13F0, 0x13F0, 0x13F1, 0x13F1, 0x13F1, 0x13F1, 0x13F1, 0x13D1, 0x13D2, 0x13D2, 0x13B2,
    0x0A02, 0x0A02, 0x0A22, 0x0A22, 0x0A23, 0x0A23, 0x0A44, 0x0A65, 0x0A66, 0x0A87, 0x0AA8, 0x0AC9, 0x0AEA, 0x0B0B, 0x0B2C, 0x0B6D,
    0x0B8D, 0x0BAE, 0x13CF, 0x13EF, 0x13F0, 0x13F0, 0x13F0, 0x13F0, 0x13F1, 0x13F1, 0x13F1, 0x13F2, 0x13F2, 0x13F2, 0x13D2, 0x13D2,
    0x0A22, 0x0A22, 0x0A22, 0x0A23, 0x0A43, 0x0A44, 0x0A65, 0x0A86, 0x0A86, 0x0AA7, 0x0AC8, 0x0AE9, 0x0B0A, 0x0B2B, 0x0B4C, 0x0B6D,
    0x0B8D, 0x0BAE, 0x13CF, 0x13EF, 0x13EF, 0x13F0, 0x13F0, 0x13F0, 0x13F1, 0x13F1, 0x1411, 0x1411, 0x13F2, 0x13F2, 0x13F2, 0x13F2,
    0x0A22, 0x0A22, 0x0A22, 0x0A43, 0x0A44, 0x0A64, 0x0A85, 0x0AA6, 0x0AA7, 0x0AC8, 0x0AE9, 0x0AEA, 0x0B0B, 0x0B2B, 0x0B4C, 0x0B6D,
    0x0B8D, 0x0BAE, 0x13CF, 0x13EF, 0x13EF, 0x13F0, 0x13F0, 0x1410, 0x1411, 0x1411, 0x1411, 0x1411, 0x1412, 0x1412, 0x1412, 0x1412,
    0x0841, 0x0841, 0x0841, 0x0841, 0x0042, 0x0042, 0x0042, 0x0043, 0x0043, 0x0043, 0x0043, 0x0044, 0x0044, 0x0044, 0x0044, 0x0045,
    0x0045, 0x0045, 0x0845, 0x0846, 0x0846, 0x0846, 0x0846, 0x0847, 0x0847, 0x0847, 0x0847, 0x0847, 0x0847, 0x0847, 0x0848, 0x0848,
    0x0841, 0x0841, 0x0841, 0x0841, 0x0042, 0x0042, 0x0043, 0x0043, 0x0043, 0x0043, 0x0044, 0x0044, 0x0044, 0x0044, 0x0045, 0x0045,
    0x0045, 0x0845, 0x0846, 0x0846, 0x0846, 0x0846, 0x0846, 0x0847, 0x0847, 0x0847, 0x0847, 0x0847, 0x0848, 0x0848, 0x0848, 0x0868,
    0x0841, 0x0841, 0x0861, 0x0842, 0x0042, 0x0042, 0x0043, 0x0043, 0x0043, 0x0043, 0x0044, 0x0044, 0x0044, 0x0045, 0x0045, 0x0045,
    0x0845, 0x0846, 0x0846, 0x0846, 0x0846, 0x0846, 0x0847, 0x0847, 0x0847, 0x0847, 0x0847, 0x0848, 0x0848, 0x0848, 0x0868, 0x0868,
    0x0861, 0x0861, 0x0861, 0x0062, 0x0062, 0x0063, 0x0063, 0x0063, 0x0063, 0x0064, 0x0044, 0x0044, 0x0044, 0x0045, 0x0045, 0x0845,
    0x0846, 0x0846, 0x0846, 0x0866, 0x0866, 0x0867, 0x0867, 0x0867, 0x0867, 0x0867, 0x0868, 0x0868, 0x0868, 0x0868, 0x0868, 0x0868,
    0x0861, 0x0861, 0x0061, 0x0082, 0x0082, 0x0083, 0x0063, 0x0063, 0x0064, 0x0064, 0x0064, 0x0064, 0x0865, 0x0865, 0x0865, 0x0866,
    0x0866, 0x0866, 0x0866, 0x0866, 0x0867, 0x0867, 0x0867, 0x0867, 0x0867, 0x0868, 0x0868, 0x0868, 0x0868, 0x0868, 0x0868, 0x0889,
    0x0861, 0x0881, 0x0081, 0x0081, 0x0082, 0x0083, 0x0083, 0x0084, 0x0084, 0x0084, 0x0884, 0x0885, 0x0885, 0x0885, 0x0886, 0x0886,
    0x0886, 0x0886, 0x0887, 0x0867, 0x0867, 0x0867, 0x0867, 0x0867, 0x0868, 0x0868, 0x0868, 0x0868, 0x0868, 0x0888, 0x0889, 0x0889,
    0x0881, 0x0081, 0x0081, 0x00A1, 0x00A2, 0x00A3, 0x00A4, 0x00A4, 0x00A4, 0x08A4, 0x08A5, 0x08A5, 0x08A5, 0x08A6, 0x08A6, 0x08A6,
    0x08A6, 0x0887, 0x0887, 0x0887, 0x0887, 0x0887, 0x0887, 0x0888, 0x0888, 0x0888, 0x0888, 0x0888, 0x0888, 0x0889, 0x08A9, 0x08A9,
    0x0881, 0x00A1, 0x00A1, 0x00A1, 0x00A2, 0x00C3, 0x00C3, 0x00C4, 0x00C4, 0x08C5, 0x08C5, 0x08C5, 0x08C6, 0x08A6, 0x08A6, 0x08A7,
    0x08A7, 0x08A7, 0x08A7, 0x08A7, 0x08A8, 0x08A8, 0x08A8, 0x08A8, 0x08A8, 0x08A8, 0x08A8, 0x08A9, 0x08A9, 0x08A9, 0x08A9, 0x08C9,
    0x08A1, 0x00A1, 0x00A1, 0x00C1, 0x00C2, 0x00C3, 0x00E3, 0x00E4, 0x00E5, 0x08E5, 0x08E5, 0x08E6, 0x08C6, 0x08C6, 0x08C7, 0x08C7,
    0x08C7, 0x08C7, 0x08C8, 0x08C8, 0x08C8, 0x08C8, 0x08C8, 0x08C8, 0x08C9, 0x08C9, 0x08C9, 0x08C9, 0x08C9, 0x08C9, 0x08CA, 0x08EA,
    0x08C1, 0x00C1, 0x00C1, 0x00C1, 0x00C2, 0x00E3, 0x00E3, 0x00E4, 0x0105, 0x0905, 0x0906, 0x0906, 0x08E6, 0x08E7, 0x08E7, 0x08E7,
    0x08E8, 0x08E8, 0x08E8, 0x08E8, 0x08E8, 0x08E9, 0x08E9, 0x08E9, 0x08E9, 0x08E9, 0x08E9, 0x08EA, 0x08EA, 0x08EA, 0x090A, 0x090A,
    0x08C1, 0x00E1, 0x00E1, 0x00E1, 0x00E2, 0x00E3, 0x0103, 0x0104, 0x0105, 0x0925, 0x0926, 0x0926, 0x0927, 0x0927, 0x0907, 0x0908,
    0x0908, 0x0908, 0x0908, 0x0909, 0x0909, 0x0909, 0x0909, 0x0909, 0x090A, 0x090A, 0x090A, 0x090A, 0x090A, 0x090B, 0x092B, 0x094B,
    0x08E1, 0x00E1, 0x00E1, 0x00E2, 0x00E2, 0x0103, 0x0103, 0x0124, 0x0125, 0x0925, 0x0946, 0x0947, 0x0947, 0x0947, 0x0948, 0x0948,
    0x0948, 0x0948, 0x0949, 0x0949, 0x0949, 0x094A, 0x094A, 0x094A, 0x094A, 0x094A, 0x094B, 0x094B, 0x094B, 0x094B, 0x094B, 0x096C,
    0x0901, 0x0901, 0x0101, 0x0102, 0x0102, 0x0123, 0x0123, 0x0144, 0x0145, 0x0946, 0x0966, 0x0967, 0x0967, 0x0968, 0x0968, 0x0968,
    0x0969, 0x0969, 0x0969, 0x0969, 0x096A, 0x096A, 0x096A, 0x096A, 0x096B, 0x096B, 0x096B, 0x096B, 0x096C, 0x096C, 0x098C, 0x098C,
    0x0921, 0x0921, 0x0121, 0x0122, 0x0122, 0x0123, 0x0144, 0x0144, 0x0165, 0x0966, 0x0966, 0x0987, 0x0988, 0x0988, 0x0988, 0x0989,
    0x0989, 0x0989, 0x098A, 0x098A, 0x098A, 0x098A, 0x098B, 0x098B, 0x098B, 0x098B, 0x098C, 0x09AC, 0x09AC, 0x09AC, 0x09AC, 0x09AC,
    0x0941, 0x0941, 0x0121, 0x0122, 0x0122, 0x0143, 0x0144, 0x0164, 0x0985, 0x0986, 0x0987, 0x09A7, 0x09A8, 0x09A8, 0x09A9, 0x09A9,
    0x09A9, 0x09AA, 0x09AA, 0x09AA, 0x09AB, 0x09AB, 0x09AB, 0x09CB, 0x09CC, 0x09CC, 0x09CC, 0x09CC, 0x09CD, 0x09CD, 0x09CD, 0x09CD,
    0x0961, 0x0961, 0x0941, 0x0142, 0x0142, 0x0163, 0x0963, 0x0984, 0x0985, 0x09A6, 0x09A7, 0x09C8, 0x09C8, 0x09C9, 0x09E9, 0x09EA,
    0x09EA, 0x09CA, 0x09CB, 0x09CB, 0x09EB, 0x09EB, 0x09EC, 0x09EC, 0x09EC, 0x09EC, 0x09ED, 0x09ED, 0x09ED, 0x09ED, 0x09ED, 0x09ED,
    0x0981, 0x0961, 0x0961, 0x0962, 0x0962, 0x0963, 0x0983, 0x0984, 0x09A5, 0x09A6, 0x09C7, 0x09C8, 0x09E8, 0x09E9, 0x0A0A, 0x0A0A,
    0x0A0B, 0x0A0B, 0x0A0B, 0x0A0B, 0x0A0C, 0x0A0C, 0x0A0C, 0x0A0C, 0x0A0D, 0x0A0D, 0x0A2D, 0x0A2D, 0x0A0D, 0x0A0D, 0x0A2E, 0x0A2E,
    0x09A1, 0x0981, 0x0961, 0x0982, 0x0982, 0x0983, 0x0983, 0x09A4, 0x09A5, 0x09C6, 0x09E7, 0x09E8, 0x0A09, 0x0A09, 0x0A2A, 0x0A4B,
    0x0A4B, 0x0A4C, 0x0A4C, 0x0A4C, 0x0A4C, 0x0A4D, 0x0A4D, 0x0A4D, 0x0A4D, 0x0A4D, 0x0A4E, 0x0A4E, 0x0A4E, 0x0A4E, 0x0A4E, 0x0A4E,
    0x09A1, 0x09A1, 0x0981, 0x0982, 0x0982, 0x09A3, 0x09A3, 0x09A4, 0x09C5, 0x09C6, 0x09E7, 0x0A08, 0x0A29, 0x0A29, 0x0A4A, 0x0A6B,
    0x0A6C, 0x0A8C, 0x0A8D, 0x0A8D, 0x0A8D, 0x0A8D, 0x0A8D, 0x0A8E, 0x0A8E, 0x0A8E, 0x0A8E, 0x0A6E, 0x0A6E, 0x0A6E, 0x0A6E, 0x0A6F,
    0x09C1, 0x09A1, 0x09A2, 0x09A2, 0x09A2, 0x09A3, 0x09A3, 0x09C4, 0x09C4, 0x09E6, 0x0A07, 0x0A28, 0x0A29, 0x0A4A, 0x0A6B, 0x0A8B,
    0x0AAC, 0x0ACD, 0x0ACD, 0x0ACD, 0x0ACE, 0x0ACE, 0x0AAE, 0x0AAE, 0x0AAE, 0x0AAF, 0x0AAF, 0x0AAF, 0x0AAF, 0x0AAF, 0x0AAF, 0x0AAF,
    0x09C1, 0x09C1, 0x09A2, 0x09A2, 0x09A2, 0x09C3, 0x09C3, 0x09C4, 0x09C4, 0x09E5, 0x0A06, 0x0A28, 0x0A49, 0x0A6A, 0x0AAB, 0x0AAC,
    0x0ACC, 0x0AED, 0x0B0D, 0x0B0E, 0x0B0E, 0x0B0E, 0x0B0F, 0x0AEF, 0x0AEF, 0x0AEF, 0x0AEF, 0x0ACF, 0x0ACF, 0x0ACF, 0x0ACF, 0x0AD0,
    0x09C1, 0x09C1, 0x09C2, 0x09C2, 0x09C2, 0x09C3, 0x09C3, 0x09C3, 0x09E4, 0x0A05, 0x0A26, 0x0A48, 0x0A69, 0x0A8A, 0x0ACB, 0x0AEC,
    0x0B0D, 0x0B2D, 0x0B4E, 0x0B4E, 0x0B4F, 0x0B4F, 0x0B4F, 0x0B2F, 0x0B2F, 0x0B30, 0x0B10, 0x0B10, 0x0B10, 0x0AF0, 0x0AF0, 0x0AF0,
    0x09C1, 0x09C1, 0x09C2, 0x09C2, 0x09C2, 0x09E3, 0x09E3, 0x09E3, 0x09E4, 0x0A05, 0x0A26, 0x0A48, 0x0A89, 0x0AAA, 0x0AEB, 0x0B0C,
    0x0B2D, 0x0B4E, 0x136E, 0x138F, 0x138F, 0x138F, 0x1370, 0x1370, 0x0B70, 0x0B50, 0x0B50, 0x0B30, 0x0B30, 0x0B30, 0x0B30, 0x0B30,
    0x09E1, 0x09E1, 0x09E2, 0x09E2, 0x09E2, 0x09E3, 0x09E3, 0x09E4, 0x0A04, 0x0A25, 0x0A46, 0x0A67, 0x0A89, 0x0ACA, 0x0AEC, 0x0B2D,
    0x0B4D, 0x138E, 0x138E, 0x13AF, 0x13AF, 0x13B0, 0x13B0, 0x13B0, 0x1390, 0x1390, 0x0B71, 0x0B71, 0x0B51, 0x0B51, 0x0B51, 0x0B51,
    0x09E1, 0x09E2, 0x09E2, 0x09E2, 0x09E2, 0x09E3, 0x0A03, 0x0A04, 0x0A04, 0x0A25, 0x0A46, 0x0A68, 0x0AA9, 0x0ACA, 0x0B0C, 0x0B4D,
    0x0B6D, 0x138E, 0x13AF, 0x13CF, 0x13D0, 0x13D0, 0x13D0, 0x13D1, 0x13B1, 0x13B1, 0x1391, 0x0B91, 0x0B71, 0x0B71, 0x0B71, 0x0B71,
    0x09E1, 0x09E2, 0x09E2, 0x0A02, 0x0A02, 0x0A03, 0x0A03, 0x0A04, 0x0A24, 0x0A45, 0x0A66, 0x0A88, 0x0AA9, 0x0AEA, 0x0B0C, 0x0B4D,
    0x0B8E, 0x13AE, 0x13CF, 0x13CF, 0x13F0, 0x13F0, 0x13F0, 0x13F1, 0x13D1, 0x13D1, 0x13B1, 0x13B1, 0x0B91, 0x0B91, 0x0B91, 0x1391,
    0x0A01, 0x0A02, 0x0A02, 0x0A02, 0x0A02, 0x0A03, 0x0A23, 0x0A24, 0x0A45, 0x0A46, 0x0A67, 0x0A88, 0x0AA9, 0x0AEA, 0x0B2C, 0x0B4D,
    0x0B8E, 0x13AE, 0x13CF, 0x13EF, 0x13F0, 0x13F0, 0x13F0, 0x13F1, 0x13F1, 0x13F1, 0x13D1, 0x13D1, 0x13B1, 0x0BB1, 0x13B1, 0x13B1,
    0x0A01, 0x0A02, 0x0A02, 0x0A02, 0x0A02, 0x0A23, 0x0A23, 0x0A44, 0x0A45, 0x0A66, 0x0A87, 0x0AA8, 0x0AC9, 0x0AEA, 0x0B2C, 0x0B6D,
    0x0B8E, 0x13AE, 0x13CF, 0x13EF, 0x13F0, 0x13F0, 0x13F0, 0x13F1, 0x13F1, 0x13F1, 0x13F1, 0x13D2, 0x13D2, 0x13B2, 0x13B1, 0x13D1,
    0x0A02, 0x0A02, 0x0A02, 0x0A22, 0x0A22, 0x0A23, 0x0A44, 0x0A44, 0x0A65, 0x0A86, 0x0AA7, 0x0AC8, 0x0AEA, 0x0B0B, 0x0B2C, 0x0B6D,
    0x0B8E, 0x0BAE, 0x13CF, 0x13EF, 0x13F0, 0x13F0, 0x13F0, 0x13F1, 0x13F1, 0x13F1, 0x13F1, 0x13F2, 0x13F2, 0x13D2, 0x13D2, 0x13D2,
    0x0A02, 0x0A22, 0x0A22, 0x0A22, 0x0A23, 0x0A43, 0x0A44, 0x0A65, 0x0A86, 0x0AA7, 0x0AA8, 0x0AC9, 0x0AEA, 0x0B0B, 0x0B4C, 0x0B6D,
    0x0B8D, 0x0BAE, 0x13CF, 0x13EF, 0x13F0, 0x13F0, 0x13F0, 0x13F1, 0x13F1, 0x13F1, 0x13F1, 0x13F2, 0x13F2, 0x13F2, 0x13F2, 0x13F2,
    0x0A22, 0x0A22, 0x0A22, 0x0A43, 0x0A43, 0x0A64, 0x0A65, 0x0A86, 0x0AA7, 0x0AA8, 0x0AC8, 0x0AE9, 0x0B0A, 0x0B2B, 0x0B4C, 0x0B6D,
    0x0B8D, 0x0BAE, 0x13CF, 0x13EF, 0x13EF, 0x13F0, 0x13F0, 0x1410, 0x1411, 0x1411, 0x1411, 0x1412, 0x1412, 0x1412, 0x1412, 0x1412,
    0x0A22, 0x0A22, 0x0A42, 0x0A63, 0x0A64, 0x0A85, 0x0AA6, 0x0AA7, 0x0AC7, 0x0AC8, 0x0AE9, 0x0B0A, 0x0B2B, 0x0B2B, 0x0B4C, 0x0B6D,
    0x0B8D, 0x0BAE, 0x13CE, 0x13EF, 0x13EF, 0x13F0, 0x1410, 0x1410, 0x1411, 0x1411, 0x1411, 0x1432, 0x1432, 0x1432, 0x1432, 0x1432,
    0x0841, 0x0841, 0x0841, 0x0841, 0x0842, 0x0842, 0x0842, 0x0843, 0x0843, 0x0843, 0x0843, 0x0844, 0x0044, 0x0044, 0x0044, 0x0845,
    0x0845, 0x0845, 0x0845, 0x0846, 0x0846, 0x0846, 0x0846, 0x0847, 0x0847, 0x0847, 0x0847, 0x0847, 0x0847, 0x0847, 0x0848, 0x0848,
    0x0841, 0x0841, 0x0841, 0x0841, 0x0842, 0x0842, 0x0843, 0x0843, 0x0843, 0x0043, 0x0044, 0x0044, 0x0044, 0x0044, 0x0045, 0x0045,
    0x0845, 0x0845, 0x0846, 0x0846, 0x0846, 0x0846, 0x0846, 0x0847, 0x0847, 0x0847, 0x0847, 0x0847, 0x0847, 0x0848, 0x0848, 0x0868,
    0x0841, 0x0841, 0x0841, 0x0842, 0x0842, 0x0843, 0x0843, 0x0843, 0x0043, 0x0044, 0x0044, 0x0044, 0x0044, 0x0045, 0x0045, 0x0045,
    0x0845, 0x0846, 0x0846, 0x0846, 0x0846, 0x0846, 0x0847, 0x0847, 0x0847, 0x0847, 0x0847, 0x0848, 0x0848, 0x0848, 0x0868, 0x0868,
    0x0861, 0x0861, 0x1061, 0x0862, 0x0862, 0x0863, 0x0863, 0x0043, 0x0043, 0x0044, 0x0044, 0x0044, 0x0044, 0x0045, 0x0045, 0x0845,
    0x0846, 0x0846, 0x0846, 0x0846, 0x0846, 0x0847, 0x0847, 0x0847, 0x0847, 0x0847, 0x0848, 0x0848, 0x0868, 0x0868, 0x0868, 0x0868,
    0x0861, 0x0881, 0x1081, 0x0881, 0x0882, 0x0883, 0x0063, 0x0063, 0x0064, 0x0064, 0x0064, 0x0064, 0x0065, 0x0865, 0x0865, 0x0866,
    0x0866, 0x0866, 0x0866, 0x0866, 0x0867, 0x0867, 0x0867, 0x0867, 0x0867, 0x0868, 0x0868, 0x0868, 0x0868, 0x0868, 0x0868, 0x0889,
    0x0881, 0x08A1, 0x08A1, 0x08A1, 0x0882, 0x08A3, 0x0083, 0x0084, 0x0084, 0x0084, 0x0064, 0x0865, 0x0865, 0x0865, 0x0866, 0x0866,
    0x0866, 0x0866, 0x0867, 0x0867, 0x0867, 0x0867, 0x0867, 0x0867, 0x0868, 0x0868, 0x0868, 0x0868, 0x0868, 0x0868, 0x0889, 0x08A9,
    0x08A1, 0x08A1, 0x08C1, 0x08A1, 0x00A2, 0x00A3, 0x00C4, 0x00A4, 0x00A4, 0x08A5, 0x0885, 0x0885, 0x0885, 0x0886, 0x0886, 0x0886,
    0x0886, 0x0887, 0x0887, 0x0887, 0x0887, 0x0887, 0x0888, 0x0888, 0x0888, 0x0888, 0x0888, 0x0888, 0x0888, 0x0889, 0x08A9, 0x08A9,
    0x08A1, 0x08C1, 0x08C1, 0x08C1, 0x00C2, 0x00C3, 0x00C3, 0x00C4, 0x08C5, 0x08C5, 0x08C5, 0x08A6, 0x08A6, 0x08A6, 0x08A6, 0x08A7,
    0x08A7, 0x08A7, 0x08A7, 0x08A7, 0x08A8, 0x0888, 0x0888, 0x0888, 0x0888, 0x0888, 0x0888, 0x0889, 0x08A9, 0x08A9, 0x08C9, 0x08CA,
    0x08C1, 0x08C1, 0x08E1, 0x08C1, 0x00C2, 0x00E2, 0x00E3, 0x00E4, 0x0905, 0x08E5, 0x08E6, 0x08E6, 0x08C6, 0x08C7, 0x08C7, 0x08C7,
    0x08C7, 0x08C7, 0x08C8, 0x08C8, 0x08A8, 0x08A8, 0x08A8, 0x08A8, 0x08A8, 0x08A9, 0x08A9, 0x08A9, 0x08A9, 0x08C9, 0x08CA, 0x08EA,
    0x08E1, 0x08E1, 0x08E1, 0x08E1, 0x00E2, 0x00E2, 0x0103, 0x0104, 0x0105, 0x0906, 0x0906, 0x0906, 0x0907, 0x0907, 0x08E7, 0x08E7,
    0x08E8, 0x08E8, 0x08E8, 0x08E8, 0x08E8, 0x08E8, 0x08E9, 0x08C9, 0x08C9, 0x08C9, 0x08C9, 0x08EA, 0x08EA, 0x08EA, 0x090A, 0x092B,
    0x0901, 0x0901, 0x0901, 0x0901, 0x00E2, 0x0102, 0x0103, 0x0124, 0x0125, 0x0946, 0x0947, 0x0927, 0x0927, 0x0927, 0x0928, 0x0928,
    0x0908, 0x0908, 0x0908, 0x0909, 0x0909, 0x0909, 0x0909, 0x0909, 0x090A, 0x090A, 0x090A, 0x090A, 0x090A, 0x090A, 0x092B, 0x094B,
    0x0921, 0x0921, 0x0921, 0x0901, 0x0102, 0x0102, 0x0123, 0x0124, 0x0145, 0x0946, 0x0967, 0x0967, 0x0968, 0x0948, 0x0948, 0x0948,
    0x0949, 0x0949, 0x0949, 0x0929, 0x0929, 0x092A, 0x092A, 0x092A, 0x092A, 0x092A, 0x092B, 0x092B, 0x094B, 0x094B, 0x094B, 0x096C,
    0x1141, 0x0941, 0x0941, 0x0921, 0x0122, 0x0122, 0x0123, 0x0144, 0x0165, 0x0966, 0x0987, 0x0988, 0x0988, 0x0988, 0x0969, 0x0969,
    0x0969, 0x0969, 0x0969, 0x096A, 0x096A, 0x096A, 0x096A, 0x096B, 0x096B, 0x096B, 0x096B, 0x096B, 0x096C, 0x096C, 0x098C, 0x098C,
    0x1161, 0x0961, 0x0961, 0x0941, 0x0122, 0x0142, 0x0143, 0x0164, 0x0965, 0x0986, 0x0987, 0x09A8, 0x09A8, 0x09A9, 0x09A9, 0x09A9,
    0x098A, 0x098A, 0x098A, 0x098A, 0x098A, 0x098B, 0x098B, 0x098B, 0x098B, 0x098C, 0x098C, 0x098C, 0x09AC, 0x09AC, 0x09AC, 0x09CD,
    0x1181, 0x0981, 0x0961, 0x0961, 0x0142, 0x0142, 0x0163, 0x0964, 0x0985, 0x09A6, 0x09A7, 0x09C8, 0x09C8, 0x09E9, 0x09EA, 0x09CA,
    0x09CA, 0x09CA, 0x09CB, 0x09CB, 0x09CB, 0x09CB, 0x09CB, 0x09CC, 0x09CC, 0x09CC, 0x09CC, 0x09CC, 0x09CD, 0x09CD, 0x09CD, 0x09ED,
    0x11A1, 0x11A1, 0x0981, 0x0961, 0x0962, 0x0962, 0x0963, 0x0984, 0x09A5, 0x09A6, 0x09C7, 0x09E8, 0x09E9, 0x0A09, 0x0A0A, 0x0A0B,
    0x0A0B, 0x0A0B, 0x09EB, 0x09EB, 0x09EC, 0x09EC, 0x09EC, 0x09EC, 0x09EC, 0x09ED, 0x09ED, 0x09ED, 0x09ED, 0x09ED, 0x0A0D, 0x0A0D,
    0x11C1, 0x11A1, 0x09A1, 0x0981, 0x0962, 0x0982, 0x0983, 0x09A4, 0x09A5, 0x09C6, 0x09E7, 0x09E8, 0x0A09, 0x0A2A, 0x0A2A, 0x0A4B,
    0x0A4B, 0x0A4C, 0x0A2C, 0x0A2C, 0x0A2C, 0x0A2C, 0x0A2D, 0x0A2D, 0x0A2D, 0x0A2D, 0x0A2D, 0x0A2D, 0x0A2D, 0x0A2E, 0x0A2E, 0x0A2E,
    0x11E1, 0x11C1, 0x09A1, 0x09A1, 0x0982, 0x0982, 0x09A3, 0x09A4, 0x09C4, 0x09C6, 0x09E7, 0x0A08, 0x0A29, 0x0A4A, 0x0A6B, 0x0A6B,
    0x0A8C, 0x0A8C, 0x0A8D, 0x0A6D, 0x0A6D, 0x0A6D, 0x0A6D, 0x0A4D, 0x0A4D, 0x0A4E, 0x0A4E, 0x0A4E, 0x0A4E, 0x0A4E, 0x0A4E, 0x0A6E,
    0x11E1, 0x09C1, 0x09A1, 0x09A2, 0x09A2, 0x09A2, 0x09A3, 0x09C3, 0x09C4, 0x09E5, 0x0A06, 0x0A28, 0x0A49, 0x0A6A, 0x0A8B, 0x0AAC,
    0x0AAC, 0x0ACD, 0x0ACD, 0x0AAD, 0x0AAE, 0x0AAE, 0x0AAE, 0x0A8E, 0x0A8E, 0x0A8E, 0x0A8E, 0x0A8E, 0x0A8F, 0x0A8F, 0x0A8F, 0x0A8F,
    0x1201, 0x09E1, 0x09C1, 0x09A2, 0x09A2, 0x09A2, 0x09C3, 0x09C3, 0x09C4, 0x09E5, 0x0A06, 0x0A28, 0x0A49, 0x0A8A, 0x0AAB, 0x0ACC,
    0x0AED, 0x0B0D, 0x0B0E, 0x0B0E, 0x0B0E, 0x0AEE, 0x0AEF, 0x0ACF, 0x0ACF, 0x0ACF, 0x0AAF, 0x0AAF, 0x0AAF, 0x0AAF, 0x0AAF, 0x0AAF,
    0x09E1, 0x09E1, 0x09C1, 0x09C2, 0x09C2, 0x09C2, 0x09C3, 0x09C3, 0x09E4, 0x09E5, 0x0A06, 0x0A47, 0x0A69, 0x0AAA, 0x0ACB, 0x0AEC,
    0x0B0D, 0x0B2E, 0x0B4E, 0x0B4F, 0x0B4F, 0x0B2F, 0x0B2F, 0x0B0F, 0x0B0F, 0x0AEF, 0x0AEF, 0x0AF0, 0x0AF0, 0x0AD0, 0x0AF0, 0x0AF0,
    0x09E1, 0x09E1, 0x09C1, 0x09C2, 0x09C2, 0x09C2, 0x09E3, 0x09E3, 0x09E4, 0x0A05, 0x0A26, 0x0A47, 0x0A89, 0x0AAA, 0x0AEB, 0x0B0C,
    0x0B4D, 0x0B4E, 0x136E, 0x138F, 0x136F, 0x1370, 0x0B70, 0x0B50, 0x0B50, 0x0B30, 0x0B30, 0x0B10, 0x0B10, 0x0B10, 0x0B10, 0x0B10,
    0x09E1, 0x09E1, 0x09E2, 0x09E2, 0x09E2, 0x09E2, 0x09E3, 0x09E3, 0x0A04, 0x0A05, 0x0A26, 0x0A67, 0x0A89, 0x0ACA, 0x0AEC, 0x0B2D,
    0x0B4D, 0x136E, 0x138F, 0x13AF, 0x13B0, 0x13B0, 0x1390, 0x1390, 0x0B70, 0x0B70, 0x0B50, 0x0B50, 0x0B30, 0x0B30, 0x0B30, 0x0B30,
    0x09E1, 0x09E1, 0x09E2, 0x09E2, 0x09E2, 0x09E2, 0x09E3, 0x0A03, 0x0A04, 0x0A25, 0x0A46, 0x0A67, 0x0AA9, 0x0ACA, 0x0B0C, 0x0B4D,
    0x0B6E, 0x138E, 0x13AF, 0x13CF, 0x13D0, 0x13D0, 0x13D0, 0x13B1, 0x13B1, 0x1391, 0x0B71, 0x0B71, 0x0B71, 0x0B51, 0x0B51, 0x1351,
    0x09E1, 0x09E1, 0x09E2, 0x09E2, 0x0A02, 0x0A02, 0x0A03, 0x0A03, 0x0A24, 0x0A25, 0x0A46, 0x0A87, 0x0AA9, 0x0AEA, 0x0B0C, 0x0B4D,
    0x0B8E, 0x13AE, 0x13CF, 0x13CF, 0x13D0, 0x13D0, 0x13D1, 0x13D1, 0x13D1, 0x13B1, 0x13B1, 0x0B91, 0x0B91, 0x0B71, 0x1371, 0x1391,
    0x0A01, 0x0A01, 0x0A02, 0x0A02, 0x0A02, 0x0A02, 0x0A03, 0x0A23, 0x0A24, 0x0A45, 0x0A66, 0x0A88, 0x0AA9, 0x0AEA, 0x0B2C, 0x0B4D,
    0x0B8E, 0x13AE, 0x13CF, 0x13EF, 0x13F0, 0x13F0, 0x13F1, 0x13F1, 0x13F1, 0x13D1, 0x13D1, 0x13B1, 0x13B1, 0x1391, 0x1391, 0x13B1,
    0x0A01, 0x0A01, 0x0A02, 0x0A02, 0x0A02, 0x0A22, 0x0A23, 0x0A24, 0x0A44, 0x0A65, 0x0A87, 0x0AA8, 0x0AC9, 0x0AEA, 0x0B2C, 0x0B6D,
    0x0B8E, 0x13AE, 0x13CF, 0x13EF, 0x13F0, 0x13F0, 0x13F1, 0x13F1, 0x13F1, 0x13F1, 0x13D1, 0x13D2, 0x13D1, 0x13B1, 0x13B1, 0x13B1,
    0x0A01, 0x0A01, 0x0A02, 0x0A02, 0x0A22, 0x0A23, 0x0A23, 0x0A44, 0x0A65, 0x0A66, 0x0A87, 0x0AA8, 0x0AC9, 0x0B0A, 0x0B2C, 0x0B6D,
    0x0B8D, 0x0BAE, 0x13CF, 0x13EF, 0x13F0, 0x13F0, 0x13F1, 0x13F1, 0x13F1, 0x13F1, 0x13F2, 0x13F2, 0x13D2, 0x13D2, 0x13D2, 0x13D2,
    0x0A21, 0x0A22, 0x0A22, 0x0A22, 0x0A22, 0x0A43, 0x0A44, 0x0A64, 0x0A65, 0x0A86, 0x0AA7, 0x0AC8, 0x0AEA, 0x0B0B, 0x0B2C, 0x0B6D,
    0x0B8D, 0x0BAE, 0x13CF, 0x13EF, 0x13F0, 0x13F0, 0x13F0, 0x1411, 0x1411, 0x1411, 0x1412, 0x13F2, 0x13F2, 0x13F2, 0x13F2, 0x13F2,
    0x0A21, 0x0A22, 0x0A22, 0x0A22, 0x0A43, 0x0A43, 0x0A64, 0x0A85, 0x0A86, 0x0AA7, 0x0AC8, 0x0AE9, 0x0B0A, 0x0B2B, 0x0B4C, 0x0B6D,
    0x0B8D, 0x0BAE, 0x13CF, 0x13EF, 0x13F0, 0x13F0, 0x1410, 0x1411, 0x1411, 0x1411, 0x1412, 0x1412, 0x1412, 0x1412, 0x1412, 0x1412,
    0x0A21, 0x0A42, 0x0A42, 0x0A43, 0x0A63, 0x0A84, 0x0A85, 0x0AA6, 0x0AA7, 0x0AC8, 0x0AE9, 0x0B09, 0x0B0A, 0x0B2B, 0x0B4C, 0x0B6D,
    0x0B8D, 0x0BAE, 0x13CE, 0x13EF, 0x13EF, 0x1410, 0x1410, 0x1410, 0x1411, 0x1431, 0x1431, 0x1432, 0x1432, 0x1432, 0x1432, 0x1432,
    0x0A21, 0x0A42, 0x0A63, 0x0A83, 0x0A84, 0x0AA5, 0x0AA6, 0x0AC7, 0x0AE8, 0x0AE9, 0x0B09, 0x0B0A, 0x0B2B, 0x0B4B, 0x0B6C, 0x0B8D,
    0x0B8D, 0x13AE, 0x13CE, 0x13EF, 0x13EF, 0x1410, 0x1410, 0x1430, 0x1431, 0x1431, 0x1C31, 0x1C32, 0x1C52, 0x1C52, 0x1C52, 0x1C32,
    0x0841, 0x0841, 0x0841, 0x0841, 0x0842, 0x0842, 0x0843, 0x0843, 0x0843, 0x0843, 0x0844, 0x0844, 0x0844, 0x0844, 0x0844, 0x0845,
    0x0845, 0x0845, 0x0845, 0x0846, 0x0846, 0x0846, 0x0846, 0x0847, 0x0847, 0x0847, 0x0847, 0x0847, 0x0847, 0x0848, 0x0848, 0x0848,
    0x0841, 0x1041, 0x1041, 0x1042, 0x0842, 0x0842, 0x0843, 0x0843, 0x0843, 0x0843, 0x0844, 0x0844, 0x0844, 0x0844, 0x0845, 0x0845,
    0x0845, 0x0845, 0x0846, 0x0846, 0x0846, 0x0846, 0x0846, 0x0847, 0x0847, 0x0847, 0x0847, 0x0847, 0x0847, 0x0848, 0x0868, 0x0868,
    0x1061, 0x1061, 0x1041, 0x1042, 0x1042, 0x0843, 0x0843, 0x0843, 0x0843, 0x0844, 0x0044, 0x0044, 0x0044, 0x0045, 0x0045, 0x0845,
    0x0845, 0x0846, 0x0846, 0x0846, 0x0846, 0x0846, 0x0847, 0x0847, 0x0847, 0x0847, 0x0847, 0x0847, 0x0848, 0x0848, 0x0868, 0x0868,
    0x1061, 0x1081, 0x1081, 0x1081, 0x1062, 0x0863, 0x0843, 0x0843, 0x0844, 0x0044, 0x0044, 0x0044, 0x0045, 0x0045, 0x0045, 0x0845,
    0x0846, 0x0846, 0x0846, 0x0846, 0x0846, 0x0847, 0x0847, 0x0847, 0x0847, 0x0847, 0x0848, 0x0848, 0x0848, 0x0868, 0x0868, 0x0888,
    0x1081, 0x10A1, 0x18A1, 0x10A1, 0x0882, 0x0882, 0x0863, 0x0863, 0x0044, 0x0044, 0x0044, 0x0045, 0x0045, 0x0045, 0x0845, 0x0846,
    0x0846, 0x0846, 0x0846, 0x0847, 0x0847, 0x0847, 0x0847, 0x0847, 0x0847, 0x0848, 0x0848, 0x0848, 0x0868, 0x0868, 0x0888, 0x0889,
    0x10A1, 0x10A1, 0x10C1, 0x10A1, 0x08A2, 0x08A3, 0x08A3, 0x0884, 0x0884, 0x0864, 0x0865, 0x0865, 0x0865, 0x0865, 0x0866, 0x0866,
    0x0866, 0x0866, 0x0867, 0x0867, 0x0867, 0x0867, 0x0867, 0x0867, 0x0868, 0x0868, 0x0868, 0x0868, 0x0868, 0x0868, 0x0889, 0x08A9,
    0x10A1, 0x10C1, 0x10E1, 0x08C1, 0x08A1, 0x08C3, 0x08C4, 0x08A4, 0x08A4, 0x0885, 0x0885, 0x0885, 0x0886, 0x0886, 0x0886, 0x0866,
    0x0866, 0x0867, 0x0867, 0x0867, 0x0867, 0x0867, 0x0868, 0x0868, 0x0868, 0x0868, 0x0868, 0x0868, 0x0888, 0x0889, 0x08A9, 0x08C9,
    0x10C1, 0x10E1, 0x10E1, 0x08E1, 0x08C1, 0x08C2, 0x08E3, 0x08E4, 0x08E5, 0x08C5, 0x08C5, 0x08A6, 0x08A6, 0x08A6, 0x08A6, 0x08A7,
    0x0887, 0x0887, 0x0887, 0x0887, 0x0887, 0x0888, 0x0888, 0x0888, 0x0888, 0x0888, 0x0888, 0x0889, 0x0889, 0x08A9, 0x08C9, 0x08EA,
    0x10E1, 0x1101, 0x0901, 0x08E1, 0x08E1, 0x08E2, 0x00E3, 0x0904, 0x0905, 0x0906, 0x08E6, 0x08E6, 0x08C7, 0x08C7, 0x08C7, 0x08C7,
    0x08C7, 0x08A7, 0x08A8, 0x08A8, 0x08A8, 0x08A8, 0x08A8, 0x08A8, 0x08A8, 0x08A9, 0x08A9, 0x08A9, 0x08A9, 0x08C9, 0x08EA, 0x090A,
    0x1101, 0x1101, 0x0921, 0x0901, 0x08E1, 0x0902, 0x0103, 0x0104, 0x0925, 0x0926, 0x0927, 0x0907, 0x0907, 0x0907, 0x08E8, 0x08E8,
    0x08E8, 0x08E8, 0x08E8, 0x08C8, 0x08C8, 0x08C8, 0x08C9, 0x08C9, 0x08C9, 0x08C9, 0x08C9, 0x08C9, 0x08CA, 0x08EA, 0x090A, 0x092B,
    0x1121, 0x1121, 0x0941, 0x0921, 0x0901, 0x0902, 0x0123, 0x0124, 0x0145, 0x0946, 0x0947, 0x0947, 0x0948, 0x0928, 0x0928, 0x0928,
    0x0908, 0x0908, 0x0909, 0x0909, 0x0909, 0x08E9, 0x08E9, 0x08E9, 0x08EA, 0x08EA, 0x08EA, 0x08EA, 0x090A, 0x090A, 0x092B, 0x094B,
    0x1141, 0x1141, 0x0961, 0x0941, 0x0921, 0x0922, 0x0123, 0x0144, 0x0965, 0x0966, 0x0967, 0x0988, 0x0968, 0x0968, 0x0948, 0x0949,
    0x0949, 0x0949, 0x0949, 0x0929, 0x092A, 0x092A, 0x092A, 0x092A, 0x092A, 0x092A, 0x092B, 0x092B, 0x092B, 0x094B, 0x096B, 0x096C,
    0x1961, 0x1161, 0x1181, 0x0941, 0x0941, 0x0942, 0x0143, 0x0164, 0x0965, 0x0986, 0x0987, 0x09A8, 0x09A9, 0x09A9, 0x0989, 0x0989,
    0x0969, 0x096A, 0x096A, 0x096A, 0x096A, 0x096A, 0x096B, 0x096B, 0x096B, 0x096B, 0x096B, 0x096B, 0x096C, 0x096C, 0x098C, 0x09AC,
    0x19A1, 0x11A1, 0x11A1, 0x0961, 0x0941, 0x0942, 0x0143, 0x0964, 0x0985, 0x09A6, 0x09A7, 0x09C8, 0x09C9, 0x09C9, 0x09CA, 0x09CA,
    0x09AA, 0x09AA, 0x09AA, 0x09AB, 0x098B, 0x098B, 0x098B, 0x098B, 0x098C, 0x098C, 0x098C, 0x098C, 0x098C, 0x09AC, 0x09AD, 0x09CD,
    0x19C1, 0x19C1, 0x11A1, 0x0981, 0x0961, 0x0962, 0x0963, 0x0984, 0x09A5, 0x09A6, 0x09C7, 0x09E8, 0x09E9, 0x0A0A, 0x0A0A, 0x0A0B,
    0x09EB, 0x09EB, 0x09CB, 0x09CB, 0x09CB, 0x09CC, 0x09CC, 0x09CC, 0x09CC, 0x09CC, 0x09CC, 0x09CD, 0x09CD, 0x09CD, 0x09ED, 0x09ED,
    0x21E1, 0x19E1, 0x11C1, 0x09A1, 0x0981, 0x0982, 0x0983, 0x0983, 0x09A4, 0x09C6, 0x09E7, 0x09E8, 0x0A09, 0x0A2A, 0x0A4B, 0x0A4B,
    0x0A2C, 0x0A2C, 0x0A0C, 0x0A0C, 0x0A0C, 0x0A0C, 0x0A0C, 0x09ED, 0x09ED, 0x09ED, 0x09ED, 0x09ED, 0x09ED, 0x09ED, 0x0A0D, 0x0A2E,
    0x2201, 0x19E1, 0x09E1, 0x09A1, 0x0982, 0x0982, 0x0982, 0x09A3, 0x09A4, 0x09C5, 0x09E7, 0x0A08, 0x0A29, 0x0A4A, 0x0A6B, 0x0A8C,
    0x0A8C, 0x0A6C, 0x0A6D, 0x0A4D, 0x0A4D, 0x0A4D, 0x0A2D, 0x0A2D, 0x0A2D, 0x0A2D, 0x0A2D, 0x0A2D, 0x0A2E, 0x0A2E, 0x0A4E, 0x0A4E,
    0x2221, 0x1201, 0x09E1, 0x09C1, 0x09A2, 0x09A2, 0x09A2, 0x09A3, 0x09C4, 0x09E5, 0x0A06, 0x0A28, 0x0A49, 0x0A6A, 0x0A8B, 0x0AAC,
    0x0ACD, 0x0ACD, 0x0AAD, 0x0AAD, 0x0A8D, 0x0A8E, 0x0A6E, 0x0A6E, 0x0A6E, 0x0A6E, 0x0A4E, 0x0A4E, 0x0A4E, 0x0A4E, 0x0A6E, 0x0A8F,
    0x1A21, 0x1201, 0x09E1, 0x09C1, 0x09A2, 0x09A2, 0x09C2, 0x09C3, 0x09C4, 0x09E5, 0x0A06, 0x0A28, 0x0A69, 0x0A8A, 0x0AAC, 0x0AEC,
    0x0AED, 0x0B0E, 0x0B0E, 0x0AEE, 0x0ACE, 0x0ACE, 0x0AAE, 0x0AAE, 0x0AAE, 0x0A8F, 0x0A8F, 0x0A8F, 0x0A8F, 0x0A8F, 0x0AAF, 0x0AAF,
    0x1A21, 0x1201, 0x09E1, 0x09C1, 0x09C2, 0x09C2, 0x09C2, 0x09C3, 0x09E4, 0x09E5, 0x0A06, 0x0A47, 0x0A69, 0x0AAA, 0x0ACC, 0x0B0D,
    0x0B2D, 0x0B4E, 0x0B4F, 0x0B4F, 0x0B2F, 0x0B0F, 0x0B0F, 0x0AEF, 0x0AEF, 0x0ACF, 0x0ACF, 0x0AAF, 0x0AAF, 0x0AAF, 0x0ACF, 0x0ACF,
    0x1221, 0x0A01, 0x09E1, 0x09C1, 0x09C2, 0x09C2, 0x09C2, 0x09E3, 0x09E4, 0x0A04, 0x0A26, 0x0A47, 0x0A89, 0x0AAA, 0x0AEC, 0x0B2D,
    0x0B4E, 0x0B6E, 0x136F, 0x138F, 0x1370, 0x0B50, 0x0B50, 0x0B30, 0x0B10, 0x0B10, 0x0AF0, 0x0AF0, 0x0AF0, 0x0AF0, 0x0AF0, 0x0B10,
    0x0A01, 0x0A01, 0x09E1, 0x09E1, 0x09E2, 0x09E2, 0x09E2, 0x09E3, 0x09E4, 0x0A04, 0x0A25, 0x0A47, 0x0A89, 0x0ACA, 0x0B0C, 0x0B2D,
    0x0B6E, 0x138E, 0x13AF, 0x13B0, 0x13B0, 0x1390, 0x1390, 0x0B70, 0x0B50, 0x0B50, 0x0B30, 0x0B30, 0x0B10, 0x0B10, 0x0B30, 0x0B30,
    0x0A01, 0x0A01, 0x09E1, 0x09E2, 0x09E2, 0x09E2, 0x09E2, 0x0A03, 0x0A04, 0x0A24, 0x0A25, 0x0A67, 0x0A88, 0x0ACA, 0x0B0C, 0x0B4D,
    0x0B8E, 0x13AE, 0x13AF, 0x13D0, 0x13D0, 0x13B0, 0x13B1, 0x1391, 0x0B91, 0x0B71, 0x0B71, 0x0B51, 0x0B51, 0x0B51, 0x1351, 0x1351,
    0x0A01, 0x0A01, 0x09E1, 0x09E2, 0x09E2, 0x0A02, 0x0A02, 0x0A03, 0x0A04, 0x0A24, 0x0A46, 0x0A67, 0x0AA8, 0x0ACA, 0x0B0C, 0x0B4D,
    0x0B8E, 0x13AF, 0x13CF, 0x13D0, 0x13D0, 0x13D1, 0x13D1, 0x13D1, 0x13B1, 0x1391, 0x0B91, 0x0B71, 0x0B71, 0x1371, 0x1371, 0x1371,
    0x0A01, 0x0A01, 0x0A01, 0x0A02, 0x0A02, 0x0A02, 0x0A02, 0x0A03, 0x0A24, 0x0A45, 0x0A66, 0x0A87, 0x0AA8, 0x0AEA, 0x0B2C, 0x0B6D,
    0x0B8E, 0x13AF, 0x13CF, 0x13F0, 0x13F0, 0x13F1, 0x13F1, 0x13D1, 0x13D1, 0x13B1, 0x13B1, 0x1391, 0x1391, 0x1391, 0x1391, 0x1391,
    0x0A01, 0x0A01, 0x0A01, 0x0A02, 0x0A02, 0x0A02, 0x0A23, 0x0A23, 0x0A44, 0x0A45, 0x0A66, 0x0A87, 0x0AA9, 0x0AEA, 0x0B2C, 0x0B6D,
    0x0B8E, 0x13CE, 0x13CF, 0x13F0, 0x13F0, 0x13F0, 0x13F1, 0x13F1, 0x13F1, 0x13D2, 0x13D2, 0x13B1, 0x13B1, 0x13B1, 0x13B1, 0x13B1,
    0x0A01, 0x0A01, 0x0A01, 0x0A02, 0x0A02, 0x0A22, 0x0A23, 0x0A44, 0x0A44, 0x0A65, 0x0A86, 0x0AA8, 0x0AC9, 0x0AEA, 0x0B2C, 0x0B6D,
    0x0B8E, 0x13AE, 0x13CF, 0x13EF, 0x13F0, 0x13F0, 0x13F1, 0x13F1, 0x13F1, 0x13F2, 0x13F2, 0x13D2, 0x13D2, 0x13D2, 0x13D1, 0x13D1,
    0x0A21, 0x0A21, 0x0A22, 0x0A22, 0x0A22, 0x0A22, 0x0A43, 0x0A44, 0x0A65, 0x0A86, 0x0AA7, 0x0AA8, 0x0AE9, 0x0B0A, 0x0B2C, 0x0B6D,
    0x0B8D, 0x0BAE, 0x13CF, 0x13EF, 0x13F0, 0x13F0, 0x13F1, 0x1411, 0x1411, 0x1412, 0x13F2, 0x13F2, 0x13F2, 0x13F2, 0x13F2, 0x1BF2,
    0x0A21, 0x0A21, 0x0A22, 0x0A22, 0x0A22, 0x0A43, 0x0A64, 0x0A64, 0x0A85, 0x0AA6, 0x0AA8, 0x0AC9, 0x0AEA, 0x0B0B, 0x0B4C, 0x0B6D,
    0x0B8D, 0x0BAE, 0x13CF, 0x13EF, 0x13F0, 0x13F0, 0x1410, 0x1411, 0x1411, 0x1411, 0x1412, 0x1412, 0x1412, 0x1412, 0x1412, 0x1C12,
    0x0A21, 0x0A21, 0x0A22, 0x0A42, 0x0A43, 0x0A63, 0x0A84, 0x0A85, 0x0AA6, 0x0AC7, 0x0AC8, 0x0AE9, 0x0B0A, 0x0B2B, 0x0B4C, 0x0B6D,
    0x0B8D, 0x0BAE, 0x13CE, 0x13EF, 0x13EF, 0x1410, 0x1410, 0x1411, 0x1411, 0x1431, 0x1432, 0x1432, 0x1432, 0x1432, 0x1432, 0x1C32,
    0x0A41, 0x0A42, 0x0A42, 0x0A63, 0x0A84, 0x0A84, 0x0AA5, 0x0AC6, 0x0AC7, 0x0AE8, 0x0AE9, 0x0B0A, 0x0B2A, 0x0B4B, 0x0B4C, 0x0B6D,
    0x0B8D, 0x13AE, 0x13CE, 0x13EF, 0x140F, 0x1410, 0x1410, 0x1431, 0x1431, 0x1C31, 0x1C32, 0x1C52, 0x1C52, 0x1C52, 0x1C52, 0x1C52,
    0x0A41, 0x0A62, 0x0A83, 0x0AA4, 0x0AA5, 0x0AC6, 0x0AE7, 0x0AE7, 0x0B08, 0x0B09, 0x0B2A, 0x0B2A, 0x0B4B, 0x0B4B, 0x0B6C, 0x0B8D,
    0x0BAD, 0x13CE, 0x13CE, 0x13EF, 0x140F, 0x1430, 0x1C30, 0x1C30, 0x1C51, 0x1C51, 0x1C51, 0x1C52, 0x1C72, 0x1C72, 0x1C72, 0x1C73,
    0x1041, 0x1041, 0x1041, 0x1041, 0x1042, 0x0842, 0x0843, 0x0843, 0x0843, 0x0843, 0x0844, 0x0844, 0x0844, 0x0844, 0x0845, 0x0845,
    0x0845, 0x0845, 0x0846, 0x0846, 0x0846, 0x0846, 0x0846, 0x0847, 0x0847, 0x0847, 0x0847, 0x0847, 0x0848, 0x0848, 0x0848, 0x0848,
    0x1041, 0x1041, 0x1041, 0x1041, 0x1042, 0x1042, 0x0843, 0x0843, 0x0843, 0x0844, 0x0844, 0x0844, 0x0844, 0x0844, 0x0845, 0x0845,
    0x0845, 0x0845, 0x0846, 0x0846, 0x0846, 0x0846, 0x0847, 0x0847, 0x0847, 0x0847, 0x0847, 0x0847, 0x0848, 0x0848, 0x0848, 0x0868,
    0x1061, 0x1061, 0x1841, 0x1041, 0x1042, 0x1043, 0x1043, 0x0843, 0x0844, 0x0844, 0x0844, 0x0844, 0x0844, 0x0845, 0x0845, 0x0845,
    0x0845, 0x0846, 0x0846, 0x0846, 0x0846, 0x0847, 0x0847, 0x0847, 0x0847, 0x0847, 0x0847, 0x0847, 0x0848, 0x0848, 0x0868, 0x0868,
    0x1061, 0x1881, 0x1881, 0x1861, 0x1062, 0x1063, 0x1063, 0x0844, 0x0844, 0x0844, 0x0844, 0x0844, 0x0845, 0x0845, 0x0845, 0x0845,
    0x0846, 0x0846, 0x0846, 0x0846, 0x0846, 0x0847, 0x0847, 0x0847, 0x0847, 0x0847, 0x0848, 0x0848, 0x0868, 0x0868, 0x0868, 0x0888,
    0x1881, 0x18A1, 0x20A1, 0x1881, 0x1881, 0x1083, 0x1063, 0x0864, 0x0844, 0x0844, 0x0844, 0x0845, 0x0845, 0x0845, 0x0845, 0x0846,
    0x0846, 0x0846, 0x0846, 0x0846, 0x0847, 0x0847, 0x0847, 0x0847, 0x0847, 0x0848, 0x0848, 0x0848, 0x0868, 0x0868, 0x0888, 0x0889,
    0x18A1, 0x18C1, 0x20C1, 0x18C1, 0x18C1, 0x10A2, 0x10A3, 0x0884, 0x0864, 0x0864, 0x0865, 0x0865, 0x0865, 0x0845, 0x0846, 0x0846,
    0x0846, 0x0846, 0x0846, 0x0847, 0x0847, 0x0847, 0x0847, 0x0847, 0x0868, 0x0868, 0x0868, 0x0868, 0x0868, 0x0868, 0x0889, 0x08A9,
    0x18C1, 0x18E1, 0x2101, 0x20E1, 0x18E1, 0x10E2, 0x10C3, 0x08A4, 0x08A4, 0x0885, 0x0885, 0x0865, 0x0865, 0x0866, 0x0866, 0x0866,
    0x0866, 0x0867, 0x0867, 0x0867, 0x0867, 0x0867, 0x0867, 0x0868, 0x0868, 0x0868, 0x0868, 0x0868, 0x0888, 0x0889, 0x08A9, 0x08C9,
    0x18E1, 0x1901, 0x2121, 0x1901, 0x1901, 0x10E2, 0x08E3, 0x08E4, 0x08E5, 0x08C5, 0x08A5, 0x08A6, 0x08A6, 0x0886, 0x0886, 0x0887,
    0x0887, 0x0887, 0x0887, 0x0867, 0x0867, 0x0868, 0x0868, 0x0868, 0x0868, 0x0868, 0x0888, 0x0889, 0x0889, 0x08A9, 0x08C9, 0x08EA,
    0x1901, 0x1921, 0x2141, 0x1921, 0x1921, 0x1102, 0x08E3, 0x0904, 0x0905, 0x0906, 0x08E6, 0x08C6, 0x08C6, 0x08C7, 0x08A7, 0x08A7,
    0x08A7, 0x08A7, 0x0888, 0x0888, 0x0888, 0x0888, 0x0888, 0x0888, 0x0888, 0x0888, 0x0889, 0x08A9, 0x08A9, 0x08C9, 0x08EA, 0x090A,
    0x1921, 0x2141, 0x2161, 0x1941, 0x1141, 0x0922, 0x0903, 0x0924, 0x0925, 0x0926, 0x0927, 0x0907, 0x0907, 0x08E7, 0x08E8, 0x08E8,
    0x08C8, 0x08C8, 0x08C8, 0x08C8, 0x08A8, 0x08A8, 0x08A8, 0x08A9, 0x08A9, 0x08A9, 0x08C9, 0x08C9, 0x08CA, 0x08EA, 0x090A, 0x092B,
    0x2141, 0x2161, 0x2181, 0x1961, 0x1161, 0x0942, 0x0122, 0x0124, 0x0945, 0x0946, 0x0967, 0x0947, 0x0948, 0x0928, 0x0928, 0x0908,
    0x0908, 0x0908, 0x08E9, 0x08E9, 0x08E9, 0x08E9, 0x08E9, 0x08E9, 0x08E9, 0x08EA, 0x08EA, 0x08EA, 0x090A, 0x090A, 0x092B, 0x094B,
    0x2161, 0x2181, 0x21A1, 0x1981, 0x1181, 0x0942, 0x0122, 0x0143, 0x0965, 0x0966, 0x0987, 0x0988, 0x0988, 0x0969, 0x0969, 0x0949,
    0x0949, 0x0929, 0x0929, 0x0929, 0x092A, 0x092A, 0x090A, 0x090A, 0x090A, 0x090A, 0x090A, 0x092B, 0x092B, 0x094B, 0x096C, 0x098C,
    0x21A1, 0x21A1, 0x21C1, 0x19A1, 0x11A1, 0x0962, 0x0142, 0x0163, 0x0964, 0x0986, 0x09A7, 0x09A8, 0x09C9, 0x09A9, 0x09A9, 0x098A,
    0x098A, 0x096A, 0x096A, 0x096A, 0x096A, 0x094A, 0x094B, 0x094B, 0x094B, 0x094B, 0x094B, 0x094B, 0x096B, 0x096C, 0x098C, 0x09AC,
    0x29C1, 0x21E1, 0x21E1, 0x19C1, 0x11A1, 0x0982, 0x0962, 0x0963, 0x0984, 0x09A6, 0x09C7, 0x09C8, 0x09E9, 0x09EA, 0x09EA, 0x09CA,
    0x09CA, 0x09AB, 0x09AB, 0x09AB, 0x098B, 0x098B, 0x098B, 0x098B, 0x098C, 0x098C, 0x098C, 0x098C, 0x098C, 0x09AC, 0x09CD, 0x09ED,
    0x2A01, 0x2A01, 0x2201, 0x19E1, 0x09C1, 0x0982, 0x0982, 0x0983, 0x09A4, 0x09A5, 0x09C7, 0x09E8, 0x0A09, 0x0A2A, 0x0A2B, 0x0A2B,
    0x0A0B, 0x09EB, 0x09EB, 0x09EC, 0x09CC, 0x09CC, 0x09CC, 0x09CC, 0x09CC, 0x09CC, 0x09CC, 0x09CD, 0x09CD, 0x09CD, 0x09ED, 0x0A0D,
    0x3221, 0x2A21, 0x2201, 0x11E1, 0x09C1, 0x09A2, 0x0982, 0x09A3, 0x09A4, 0x09C5, 0x09E7, 0x0A08, 0x0A29, 0x0A4B, 0x0A6B, 0x0A6C,
    0x0A6C, 0x0A4C, 0x0A2C, 0x0A2C, 0x0A0C, 0x0A0D, 0x0A0D, 0x0A0D, 0x09ED, 0x09ED, 0x09ED, 0x09ED, 0x09ED, 0x0A0D, 0x0A2E, 0x0A4E,
    0x3241, 0x2221, 0x1A21, 0x11E1, 0x09C1, 0x09A2, 0x09A2, 0x09A3, 0x09C4, 0x09C5, 0x09E6, 0x0A28, 0x0A49, 0x0A8B, 0x0AAC, 0x0AAD,
    0x0AAD, 0x0AAD, 0x0A8D, 0x0A6D, 0x0A6D, 0x0A4D, 0x0A4D, 0x0A2D, 0x0A2D, 0x0A2D, 0x0A2D, 0x0A2E, 0x0A2E, 0x0A2E, 0x0A4E, 0x0A6E,
    0x3241, 0x2241, 0x1221, 0x11E1, 0x09C1, 0x09C2, 0x09A2, 0x09C3, 0x09C3, 0x09E4, 0x0A06, 0x0A28, 0x0A69, 0x0A8B, 0x0ACC, 0x0AED,
    0x0B0D, 0x0B0E, 0x0AEE, 0x0ACE, 0x0AAE, 0x0A8E, 0x0A8E, 0x0A6E, 0x0A6E, 0x0A6E, 0x0A6E, 0x0A4E, 0x0A6E, 0x0A6E, 0x0A8F, 0x0AAF,
    0x2A61, 0x1A41, 0x1201, 0x09E1, 0x09C1, 0x09C2, 0x09C2, 0x09C3, 0x09C3, 0x09E4, 0x0A05, 0x0A27, 0x0A69, 0x0AAB, 0x0AEC, 0x0B0D,
    0x0B2E, 0x0B4E, 0x0B2F, 0x0B0F, 0x0AEF, 0x0AEF, 0x0ACF, 0x0AAF, 0x0AAF, 0x0AAF, 0x0A8F, 0x0A8F, 0x0A8F, 0x0AAF, 0x0AAF, 0x0ACF,
    0x2261, 0x1A21, 0x0A01, 0x09E1, 0x09C1, 0x09C2, 0x09C2, 0x09E3, 0x09E3, 0x09E4, 0x0A05, 0x0A47, 0x0A89, 0x0AAA, 0x0AEC, 0x0B2D,
    0x0B4E, 0x136F, 0x136F, 0x136F, 0x0B50, 0x0B2F, 0x0B0F, 0x0B0F, 0x0AEF, 0x0ACF, 0x0ACF, 0x0ACF, 0x0ACF, 0x0ACF, 0x0AF0, 0x0AF0,
    0x1A41, 0x1221, 0x0A01, 0x09E1, 0x09E1, 0x09E2, 0x09E2, 0x09E3, 0x09E3, 0x0A04, 0x0A25, 0x0A47, 0x0A88, 0x0ACA, 0x0B0C, 0x0B4D,
    0x0B6E, 0x138F, 0x13AF, 0x13B0, 0x1390, 0x0B70, 0x0B50, 0x0B50, 0x0B30, 0x0B10, 0x0B10, 0x0AF0, 0x0AF0, 0x0B10, 0x0B10, 0x1330,
    0x1221, 0x0A01, 0x0A01, 0x09E1, 0x09E2, 0x09E2, 0x09E2, 0x09E3, 0x0A03, 0x0A04, 0x0A25, 0x0A67, 0x0A88, 0x0ACA, 0x0B0C, 0x0B4D,
    0x0B8E, 0x13AF, 0x13AF, 0x13D0, 0x13B0, 0x13B1, 0x1391, 0x0B71, 0x0B70, 0x0B50, 0x0B30, 0x0B30, 0x0B30, 0x0B30, 0x1330, 0x1350,
    0x0A21, 0x0A01, 0x0A01, 0x0A01, 0x09E2, 0x09E2, 0x0A02, 0x0A03, 0x0A03, 0x0A24, 0x0A45, 0x0A67, 0x0AA8, 0x0ACA, 0x0B0C, 0x0B4D,
    0x0B8E, 0x13AF, 0x13CF, 0x13D0, 0x13D0, 0x13D1, 0x13B1, 0x13B1, 0x1391, 0x0B71, 0x0B71, 0x0B51, 0x0B51, 0x1351, 0x1371, 0x1371,
    0x0A01, 0x0A01, 0x0A01, 0x0A01, 0x0A02, 0x0A02, 0x0A02, 0x0A03, 0x0A23, 0x0A24, 0x0A45, 0x0A67, 0x0AA8, 0x0AEA, 0x0B2B, 0x0B6D,
    0x0B8E, 0x13AF, 0x13CF, 0x13F0, 0x13F0, 0x13F1, 0x13D1, 0x13D1, 0x13B1, 0x13B1, 0x1391, 0x1391, 0x1391, 0x1391, 0x1391, 0x1391,
    0x0A01, 0x0A01, 0x0A01, 0x0A01, 0x0A02, 0x0A02, 0x0A02, 0x0A23, 0x0A23, 0x0A44, 0x0A66, 0x0A87, 0x0AA8, 0x0AEA, 0x0B2B, 0x0B6D,
    0x0B8E, 0x13CF, 0x13CF, 0x13F0, 0x13F0, 0x13F1, 0x13F1, 0x13F1, 0x13D1, 0x13D1, 0x13B1, 0x13B1, 0x13B1, 0x13B1, 0x13B1, 0x1BB1,
    0x0A21, 0x0A01, 0x0A01, 0x0A01, 0x0A02, 0x0A22, 0x0A22, 0x0A23, 0x0A44, 0x0A65, 0x0A66, 0x0AA7, 0x0AC8, 0x0AEA, 0x0B2B, 0x0B6D,
    0x0B8E, 0x13CE, 0x13CF, 0x13F0, 0x13F0, 0x13F1, 0x13F1, 0x13F1, 0x13F2, 0x13F2, 0x13D2, 0x13D2, 0x13D1, 0x13D1, 0x13D1, 0x1BF2,
    0x0A21, 0x0A21, 0x0A21, 0x0A22, 0x0A22, 0x0A22, 0x0A23, 0x0A43, 0x0A64, 0x0A65, 0x0A86, 0x0AA8, 0x0AC9, 0x0B0A, 0x0B2B, 0x0B6D,
    0x0B8D, 0x13AE, 0x13CF, 0x13EF, 0x13F0, 0x13F0, 0x1411, 0x1411, 0x1411, 0x1412, 0x13F2, 0x13F2, 0x13F2, 0x13F2, 0x1BF2, 0x1C12,
    0x0A21, 0x0A21, 0x0A21, 0x0A22, 0x0A22, 0x0A42, 0x0A43, 0x0A64, 0x0A65, 0x0A86, 0x0AA7, 0x0AC8, 0x0AE9, 0x0B0A, 0x0B2B, 0x0B6D,
    0x0B8D, 0x0BAE, 0x13CF, 0x13EF, 0x13F0, 0x1410, 0x1411, 0x1411, 0x1411, 0x1412, 0x1412, 0x1412, 0x1412, 0x1412, 0x1C12, 0x1C32,
    0x0A21, 0x0A21, 0x0A21, 0x0A42, 0x0A42, 0x0A63, 0x0A64, 0x0A85, 0x0AA6, 0x0AA7, 0x0AC8, 0x0AE9, 0x0B0A, 0x0B2B, 0x0B4C, 0x0B6C,
    0x0B8D, 0x13AE, 0x13CF, 0x13EF, 0x1410, 0x1410, 0x1410, 0x1411, 0x1431, 0x1432, 0x1432, 0x1432, 0x1432, 0x1432, 0x1C32, 0x1C32,
    0x0A41, 0x0A41, 0x0A42, 0x0A42, 0x0A63, 0x0A84, 0x0A84, 0x0AA5, 0x0AC7, 0x0AC8, 0x0AE8, 0x0B09, 0x0B2A, 0x0B2B, 0x0B4C, 0x0B6C,
    0x0B8D, 0x13AE, 0x13CE, 0x13EF, 0x140F, 0x1410, 0x1430, 0x1431, 0x1C31, 0x1C31, 0x1C52, 0x1C52, 0x1C52, 0x1C53, 0x1C53, 0x2452,
    0x0A41, 0x0A62, 0x0A62, 0x0A83, 0x0AA4, 0x0AA5, 0x0AC6, 0x0AC7, 0x0AE8, 0x0B08, 0x0B09, 0x0B2A, 0x0B2A, 0x0B4B, 0x0B6C, 0x0B8D,
    0x0BAD, 0x13CE, 0x13EE, 0x13EF, 0x140F, 0x1C30, 0x1C30, 0x1C51, 0x1C51, 0x1C51, 0x1C72, 0x1C72, 0x1C72, 0x1C73, 0x1C73, 0x2473,
    0x0A41, 0x0A82, 0x0AA3, 0x0AA4, 0x0AC5, 0x0AE6, 0x0B07, 0x0B08, 0x0B28, 0x0B29, 0x0B2A, 0x0B4A, 0x0B4B, 0x0B6B, 0x0B6C, 0x0B8D,
    0x13AD, 0x13CE, 0x13EE, 0x140F, 0x1C2F, 0x1C30, 0x1C50, 0x1C51, 0x2471, 0x2471, 0x2492, 0x2492, 0x2492, 0x2493, 0x2493, 0x2493,
    0x1041, 0x1041, 0x1041, 0x1041, 0x1042, 0x1042, 0x1043, 0x0843, 0x0843, 0x0844, 0x0844, 0x0844, 0x0844, 0x0844, 0x0845, 0x0845,
    0x0845, 0x0845, 0x0846, 0x0846, 0x0846, 0x0846, 0x0847, 0x0847, 0x0847, 0x0847, 0x0847, 0x0848, 0x0848, 0x0848, 0x0848, 0x0848,
    0x1061, 0x1861, 0x1841, 0x1841, 0x1042, 0x1042, 0x1043, 0x1043, 0x0844, 0x0844, 0x0844, 0x0844, 0x0844, 0x0845, 0x0845, 0x0845,
    0x0845, 0x0846, 0x0846, 0x0846, 0x0846, 0x0846, 0x0847, 0x0847, 0x0847, 0x0847, 0x0847, 0x0848, 0x0848, 0x0848, 0x0848, 0x0868,
    0x1861, 0x1861, 0x1861, 0x1861, 0x1862, 0x1843, 0x1043, 0x1044, 0x0844, 0x0844, 0x0844, 0x0844, 0x0845, 0x0845, 0x0845, 0x0845,
    0x0846, 0x0846, 0x0846, 0x0846, 0x0846, 0x0847, 0x0847, 0x0847, 0x0847, 0x0847, 0x0847, 0x0848, 0x0848, 0x0848, 0x0868, 0x0868,
    0x1881, 0x1881, 0x2081, 0x1861, 0x1861, 0x1862, 0x1863, 0x1044, 0x0844, 0x0844, 0x0844, 0x0845, 0x0845, 0x0845, 0x0845, 0x0845,
    0x0846, 0x0846, 0x0846, 0x0846, 0x0847, 0x0847, 0x0847, 0x0847, 0x0847, 0x0847, 0x0848, 0x0848, 0x0868, 0x0868, 0x0868, 0x0889,
    0x1881, 0x20A1, 0x20A1, 0x2081, 0x2081, 0x1882, 0x1864, 0x1064, 0x0844, 0x0844, 0x0844, 0x0845, 0x0845, 0x0845, 0x0845, 0x0846,
    0x0846, 0x0846, 0x0846, 0x0846, 0x0847, 0x0847, 0x0847, 0x0847, 0x0847, 0x0848, 0x0848, 0x0848, 0x0868, 0x0868, 0x0888, 0x0889,
    0x18A1, 0x20C1, 0x28E1, 0x28C1, 0x20C1, 0x20C2, 0x18A3, 0x1084, 0x0864, 0x0864, 0x0865, 0x0845, 0x0845, 0x0845, 0x0846, 0x0846,
    0x0846, 0x0846, 0x0846, 0x0847, 0x0847, 0x0847, 0x0847, 0x0847, 0x0848, 0x0848, 0x0868, 0x0868, 0x0868, 0x0888, 0x0889, 0x08A9,
    0x20C1, 0x28E1, 0x3121, 0x2901, 0x2901, 0x20E2, 0x18C3, 0x10C4, 0x08A4, 0x0884, 0x0865, 0x0865, 0x0865, 0x0866, 0x0846, 0x0846,
    0x0846, 0x0846, 0x0847, 0x0847, 0x0847, 0x0847, 0x0847, 0x0848, 0x0848, 0x0868, 0x0868, 0x0868, 0x0888, 0x0889, 0x08A9, 0x08C9,
    0x20E1, 0x2921, 0x3141, 0x2941, 0x2941, 0x1902, 0x10E3, 0x10E4, 0x08E5, 0x08C5, 0x08A5, 0x08A6, 0x0886, 0x0886, 0x0886, 0x0866,
    0x0867, 0x0867, 0x0867, 0x0867, 0x0867, 0x0868, 0x0868, 0x0868, 0x0868, 0x0868, 0x0868, 0x0888, 0x0889, 0x08A9, 0x08CA, 0x08EA,
    0x2121, 0x2941, 0x3161, 0x2961, 0x2961, 0x1942, 0x1102, 0x0924, 0x0925, 0x0905, 0x08E6, 0x08C6, 0x08C6, 0x08A7, 0x08A7, 0x0887,
    0x0887, 0x0887, 0x0887, 0x0888, 0x0888, 0x0868, 0x0868, 0x0868, 0x0888, 0x0888, 0x0889, 0x0889, 0x08A9, 0x08C9, 0x08EA, 0x090B,
    0x2941, 0x2961, 0x31A1, 0x29A1, 0x21A1, 0x1961, 0x0922, 0x0923, 0x0925, 0x0926, 0x0927, 0x0907, 0x0907, 0x08E7, 0x08E8, 0x08C8,
    0x08C8, 0x08A8, 0x08A8, 0x08A8, 0x08A8, 0x08A8, 0x08A8, 0x0889, 0x08A9, 0x08A9, 0x08A9, 0x08C9, 0x08CA, 0x08EA, 0x090A, 0x094B,
    0x2961, 0x31A1, 0x31C1, 0x29C1, 0x21C1, 0x1961, 0x0922, 0x0943, 0x0944, 0x0966, 0x0967, 0x0947, 0x0948, 0x0928, 0x0908, 0x0908,
    0x0908, 0x08E8, 0x08E9, 0x08C9, 0x08C9, 0x08C9, 0x08C9, 0x08C9, 0x08C9, 0x08C9, 0x08CA, 0x08EA, 0x08EA, 0x090A, 0x094B, 0x096C,
    0x31A1, 0x31C1, 0x31E1, 0x29E1, 0x21E1, 0x1181, 0x0942, 0x0943, 0x0964, 0x0966, 0x0987, 0x0988, 0x0988, 0x0969, 0x0969, 0x0949,
    0x0949, 0x0929, 0x0929, 0x0909, 0x0909, 0x090A, 0x090A, 0x090A, 0x090A, 0x090A, 0x090A, 0x090A, 0x092B, 0x094B, 0x096C, 0x098C,
    0x31C1, 0x31E1, 0x3201, 0x2A01, 0x21E1, 0x11A1, 0x0962, 0x0963, 0x0964, 0x0985, 0x09A7, 0x09C8, 0x09C9, 0x09A9, 0x09AA, 0x098A,
    0x098A, 0x096A, 0x096A, 0x094A, 0x094A, 0x094A, 0x094B, 0x094B, 0x094B, 0x094B, 0x094B, 0x094B, 0x096B, 0x096C, 0x09AC, 0x09CD,
    0x3A01, 0x3A21, 0x3221, 0x2A21, 0x1A01, 0x11C1, 0x0982, 0x0983, 0x0984, 0x09A5, 0x09C7, 0x09E8, 0x0A09, 0x0A0A, 0x0A0B, 0x09EB,
    0x09CB, 0x09AB, 0x09AB, 0x09AB, 0x098B, 0x098B, 0x098B, 0x098B, 0x098C, 0x096C, 0x098C, 0x098C, 0x098C, 0x09AC, 0x09CD, 0x09ED,
    0x4221, 0x3A41, 0x3241, 0x2221, 0x1A01, 0x11C1, 0x0982, 0x0982, 0x09A3, 0x09C5, 0x09E6, 0x0A08, 0x0A2A, 0x0A4B, 0x0A4B, 0x0A2C,
    0x0A2C, 0x0A0C, 0x09EC, 0x09EC, 0x09CC, 0x09CC, 0x09CC, 0x09CC, 0x09AC, 0x09AC, 0x09AC, 0x09CD, 0x09CD, 0x09ED, 0x0A0D, 0x0A2E,
    0x4241, 0x3A61, 0x3261, 0x2221, 0x1201, 0x09C1, 0x09A2, 0x09A2, 0x09A3, 0x09C4, 0x09E6, 0x0A28, 0x0A4A, 0x0A6B, 0x0A8C, 0x0AAD,
    0x0A8D, 0x0A6D, 0x0A4D, 0x0A2D, 0x0A2D, 0x0A0D, 0x0A0D, 0x09ED, 0x09ED, 0x09ED, 0x09ED, 0x09ED, 0x0A0D, 0x0A0D, 0x0A2E, 0x0A6E,
    0x4261, 0x3261, 0x2A61, 0x1A21, 0x0A01, 0x09E1, 0x09A2, 0x09C2, 0x09C3, 0x09C4, 0x09E6, 0x0A28, 0x0A69, 0x0AAB, 0x0ACC, 0x0AED,
    0x0AEE, 0x0ACE, 0x0AAE, 0x0A8E, 0x0A6E, 0x0A4E, 0x0A4E, 0x0A2E, 0x0A2E, 0x0A2E, 0x0A2E, 0x0A2E, 0x0A2E, 0x0A4E, 0x0A6E, 0x0A8F,
    0x4281, 0x3261, 0x2261, 0x1221, 0x0A01, 0x09E1, 0x09C2, 0x09C2, 0x09C3, 0x09E4, 0x0A05, 0x0A27, 0x0A69, 0x0AAB, 0x0AEC, 0x0B2D,
    0x0B2E, 0x0B2F, 0x0B0F, 0x0AEF, 0x0ACE, 0x0AAE, 0x0A8E, 0x0A8E, 0x0A6E, 0x0A6E, 0x0A6E, 0x0A6E, 0x0A6E, 0x0A8F, 0x0AAF, 0x0ACF,
    0x3A81, 0x2A61, 0x1A41, 0x1221, 0x09E1, 0x09E1, 0x09C2, 0x09C2, 0x09E3, 0x09E4, 0x0A05, 0x0A47, 0x0A89, 0x0ACB, 0x0B0C, 0x0B4D,
    0x0B6E, 0x136F, 0x136F, 0x0B4F, 0x0B0F, 0x0AEF, 0x0ACF, 0x0ACF, 0x0AAF, 0x0AAF, 0x0AAF, 0x0A8F, 0x0AAF, 0x0AAF, 0x0ACF, 0x12F0,
    0x2A81, 0x2261, 0x1221, 0x0A01, 0x09E1, 0x09E1, 0x09E2, 0x09E2, 0x09E3, 0x0A04, 0x0A05, 0x0A46, 0x0A88, 0x0ACA, 0x0B0C, 0x0B4D,
    0x138E, 0x13AF, 0x13B0, 0x1390, 0x1370, 0x0B50, 0x0B30, 0x0B10, 0x0AF0, 0x0AF0, 0x0ACF, 0x0ACF, 0x0ACF, 0x0AF0, 0x1310, 0x1310,
    0x2261, 0x1A41, 0x0A21, 0x0A01, 0x09E1, 0x09E1, 0x09E2, 0x09E2, 0x09E3, 0x0A04, 0x0A25, 0x0A46, 0x0A88, 0x0ACA, 0x0B2C, 0x0B6D,
    0x138E, 0x13AF, 0x13D0, 0x13D0, 0x13B0, 0x1390, 0x0B70, 0x0B50, 0x0B30, 0x0B10, 0x0B10, 0x0B10, 0x0B10, 0x0B10, 0x1330, 0x1350,
    0x1241, 0x1221, 0x0A01, 0x0A01, 0x0A01, 0x09E2, 0x09E2, 0x0A02, 0x0A03, 0x0A04, 0x0A25, 0x0A66, 0x0A88, 0x0ACA, 0x0B2C, 0x0B6D,
    0x138E, 0x13CF, 0x13D0, 0x13D0, 0x13D1, 0x13B1, 0x13B1, 0x0B91, 0x0B71, 0x0B51, 0x0B51, 0x0B30, 0x0B50, 0x1350, 0x1351, 0x1371,
    0x1241, 0x0A21, 0x0A01, 0x0A01, 0x0A01, 0x0A02, 0x0A02, 0x0A02, 0x0A03, 0x0A24, 0x0A45, 0x0A66, 0x0AA8, 0x0ACA, 0x0B2B, 0x0B6D,
    0x0BAE, 0x13CF, 0x13D0, 0x13F0, 0x13F1, 0x13D1, 0x13D1, 0x13B1, 0x1391, 0x0B91, 0x0B71, 0x1371, 0x1371, 0x1371, 0x1391, 0x1B91,
    0x0A21, 0x0A21, 0x0A01, 0x0A01, 0x0A01, 0x0A02, 0x0A02, 0x0A02, 0x0A23, 0x0A24, 0x0A45, 0x0A86, 0x0AA8, 0x0AEA, 0x0B2B, 0x0B6D,
    0x0B8E, 0x13CF, 0x13EF, 0x13F0, 0x13F1, 0x13F1, 0x13F1, 0x13D1, 0x13D1, 0x13B1, 0x13B1, 0x1391, 0x1391, 0x1391, 0x13B1, 0x1BB1,
    0x0A21, 0x0A21, 0x0A21, 0x0A21, 0x0A22, 0x0A22, 0x0A22, 0x0A22, 0x0A23, 0x0A44, 0x0A65, 0x0A87, 0x0AA8, 0x0AEA, 0x0B2B, 0x0B6D,
    0x0B8E, 0x13CF, 0x13EF, 0x13F0, 0x13F0, 0x13F1, 0x13F1, 0x13F1, 0x13F2, 0x13D2, 0x13D2, 0x13B1, 0x13B1, 0x13D1, 0x1BD1, 0x1BF1,
    0x0A21, 0x0A21, 0x0A21, 0x0A21, 0x0A22, 0x0A22, 0x0A22, 0x0A23, 0x0A43, 0x0A64, 0x0A86, 0x0AA7, 0x0AC8, 0x0AEA, 0x0B2B, 0x0B6C,
    0x0B8D, 0x13CE, 0x13CF, 0x13F0, 0x13F0, 0x1411, 0x1411, 0x1411, 0x1412, 0x13F2, 0x13F2, 0x13F2, 0x13F2, 0x13F2, 0x1BF2, 0x2412,
    0x0A21, 0x0A21, 0x0A21, 0x0A21, 0x0A22, 0x0A22, 0x0A42, 0x0A43, 0x0A64, 0x0A85, 0x0AA6, 0x0AA8, 0x0AE9, 0x0B0A, 0x0B2B, 0x0B6C,
    0x0B8D, 0x13AE, 0x13CF, 0x13EF, 0x13F0, 0x1410, 0x1411, 0x1411, 0x1412, 0x1412, 0x1412, 0x1412, 0x1412, 0x1C12, 0x1C12, 0x2432,
    0x0A41, 0x0A41, 0x0A41, 0x0A42, 0x0A42, 0x0A42, 0x0A43, 0x0A64, 0x0A85, 0x0AA6, 0x0AA7, 0x0AC8, 0x0AE9, 0x0B0A, 0x0B2B, 0x0B6C,
    0x0B8D, 0x13AE, 0x13CF, 0x13EF, 0x1410, 0x1410, 0x1411, 0x1431, 0x1431, 0x1432, 0x1432, 0x1432, 0x1432, 0x1C32, 0x1C32, 0x2452,
    0x0A41, 0x0A41, 0x0A41, 0x0A42, 0x0A62, 0x0A63, 0x0A84, 0x0AA5, 0x0AA6, 0x0AC7, 0x0AE8, 0x0AE9, 0x0B0A, 0x0B2B, 0x0B4B, 0x0B6C,
    0x0B8D, 0x13AE, 0x13CE, 0x13EF, 0x1410, 0x1410, 0x1431, 0x1C31, 0x1C31, 0x1C52, 0x1C52, 0x1C52, 0x1C52, 0x1C52, 0x2453, 0x2473,
    0x0A41, 0x0A41, 0x0A41, 0x0A62, 0x0A83, 0x0AA4, 0x0AA5, 0x0AC6, 0x0AE7, 0x0AE8, 0x0B09, 0x0B09, 0x0B2A, 0x0B4B, 0x0B6C, 0x0B6C,
    0x0B8D, 0x13AE, 0x13CE, 0x13EF, 0x140F, 0x1C30, 0x1C30, 0x1C51, 0x1C51, 0x1C52, 0x1C72, 0x1C72, 0x1C73, 0x1C73, 0x2473, 0x2493,
    0x0A61, 0x0A62, 0x0A82, 0x0AA3, 0x0AC4, 0x0AC5, 0x0AE6, 0x0AE7, 0x0B08, 0x0B08, 0x0B29, 0x0B2A, 0x0B4B, 0x0B6B, 0x0B6C, 0x0B8C,
    0x13AD, 0x13CE, 0x13EE, 0x140F, 0x1C2F, 0x1C50, 0x1C50, 0x1C71, 0x2471, 0x2472, 0x2492, 0x2492, 0x2493, 0x2493, 0x2493, 0x2493,
    0x0A61, 0x0A82, 0x0AC3, 0x0AE4, 0x0B05, 0x0B06, 0x0B27, 0x0B28, 0x0B29, 0x0B49, 0x0B4A, 0x0B4A, 0x0B6B, 0x0B6B, 0x138C, 0x13AD,
    0x13AD, 0x13CE, 0x13EE, 0x1C0F, 0x1C2F, 0x2450, 0x2470, 0x2491, 0x2491, 0x24B2, 0x24B2, 0x24B2, 0x2CB3, 0x2CD3, 0x2CB3, 0x2CB3,
    0x1841, 0x1841, 0x1841, 0x1841, 0x1842, 0x1042, 0x1043, 0x1043, 0x1043, 0x1044, 0x1044, 0x1044, 0x0844, 0x0845, 0x0845, 0x0845,
    0x0845, 0x0846, 0x0846, 0x0846, 0x0846, 0x0847, 0x0847, 0x1047, 0x1047, 0x1047, 0x1048, 0x1048, 0x1048, 0x0848, 0x0848, 0x0848,
    0x1861, 0x1861, 0x1841, 0x1861, 0x1862, 0x1842, 0x1843, 0x1043, 0x1044, 0x1044, 0x1044, 0x1044, 0x0845, 0x0845, 0x0845, 0x0845,
    0x0846, 0x0846, 0x0846, 0x0846, 0x0846, 0x0847, 0x0847, 0x0847, 0x0847, 0x0847, 0x0848, 0x0848, 0x0848, 0x0848, 0x0848, 0x0848,
    0x1861, 0x1861, 0x1861, 0x1861, 0x1861, 0x1862, 0x1843, 0x1843, 0x1044, 0x1044, 0x1044, 0x1045, 0x0845, 0x0845, 0x0845, 0x0846,
    0x0846, 0x0846, 0x0846, 0x0846, 0x0847, 0x0847, 0x0847, 0x0847, 0x0847, 0x0848, 0x0848, 0x0848, 0x0848, 0x0848, 0x0868, 0x0868,
    0x2081, 0x2081, 0x2081, 0x2061, 0x2061, 0x2062, 0x1863, 0x1864, 0x1044, 0x1044, 0x1045, 0x0845, 0x0845, 0x0845, 0x0845, 0x0846,
    0x0846, 0x0846, 0x0846, 0x0847, 0x0847, 0x0847, 0x0847, 0x0847, 0x0847, 0x0848, 0x0848, 0x0848, 0x0848, 0x0868, 0x0868, 0x0889,
    0x20A1, 0x20A1, 0x28A1, 0x2081, 0x2081, 0x2082, 0x2063, 0x1864, 0x1864, 0x1045, 0x1045, 0x0845, 0x0845, 0x0845, 0x0846, 0x0846,
    0x0846, 0x0846, 0x0846, 0x0847, 0x0847, 0x0847, 0x0847, 0x0847, 0x0847, 0x0848, 0x0848, 0x0848, 0x0868, 0x0868, 0x0888, 0x0889,
    0x20C1, 0x28C1, 0x28C1, 0x28C1, 0x28C1, 0x28A2, 0x20A3, 0x1884, 0x1884, 0x1065, 0x0865, 0x0845, 0x0845, 0x0846, 0x0846, 0x0846,
    0x0846, 0x0846, 0x0847, 0x0847, 0x0847, 0x0847, 0x0847, 0x0847, 0x0848, 0x0848, 0x0868, 0x0868, 0x0868, 0x0888, 0x0889, 0x08A9,
    0x20E1, 0x28E1, 0x3101, 0x3101, 0x3101, 0x28E2, 0x20C2, 0x20C4, 0x18A5, 0x1085, 0x0865, 0x0865, 0x0865, 0x0866, 0x0846, 0x0846,
    0x0846, 0x0846, 0x0847, 0x0847, 0x0847, 0x0847, 0x0847, 0x0848, 0x0848, 0x0868, 0x0868, 0x0868, 0x0888, 0x0889, 0x08A9, 0x08CA,
    0x2901, 0x3121, 0x3941, 0x3941, 0x3961, 0x3122, 0x2922, 0x2104, 0x1905, 0x10C5, 0x08A5, 0x08A6, 0x0886, 0x0886, 0x0866, 0x0866,
    0x0867, 0x0867, 0x0867, 0x0867, 0x0867, 0x0867, 0x0868, 0x0868, 0x0868, 0x0868, 0x0868, 0x0888, 0x0889, 0x08A9, 0x08CA, 0x08EA,
    0x2921, 0x3161, 0x4181, 0x41A1, 0x41A1, 0x3182, 0x2962, 0x2144, 0x1945, 0x1105, 0x08E6, 0x08C6, 0x08C6, 0x08A6, 0x0887, 0x0887,
    0x0887, 0x0867, 0x0867, 0x0867, 0x0868, 0x0868, 0x0868, 0x0868, 0x0868, 0x0868, 0x0889, 0x0889, 0x08A9, 0x08CA, 0x08EA, 0x092B,
    0x3141, 0x3981, 0x41C1, 0x41E1, 0x41E1, 0x31A1, 0x2982, 0x1963, 0x1144, 0x1146, 0x0946, 0x0927, 0x0907, 0x08E7, 0x08C7, 0x08C7,
    0x08A8, 0x08A8, 0x0888, 0x0888, 0x0888, 0x0888, 0x0888, 0x0888, 0x0889, 0x0889, 0x08A9, 0x08A9, 0x08CA, 0x08EA, 0x092B, 0x094B,
    0x3181, 0x39C1, 0x41E1, 0x4201, 0x4221, 0x31E1, 0x21A2, 0x1983, 0x0964, 0x0966, 0x0987, 0x0967, 0x0948, 0x0928, 0x0908, 0x0908,
    0x08E8, 0x08C8, 0x08C8, 0x08A8, 0x08A8, 0x08A9, 0x08A9, 0x08A9, 0x08A9, 0x08A9, 0x08C9, 0x08EA, 0x08EA, 0x090B, 0x094B, 0x098C,
    0x39C1, 0x41E1, 0x4A21, 0x4221, 0x4241, 0x3201, 0x21C1, 0x1182, 0x0964, 0x0985, 0x0987, 0x0988, 0x0988, 0x0969, 0x0949, 0x0949,
    0x0929, 0x0929, 0x0909, 0x0909, 0x08E9, 0x08E9, 0x08E9, 0x08EA, 0x08EA, 0x08EA, 0x090A, 0x090A, 0x092B, 0x094B, 0x098C, 0x09AC,
    0x41E1, 0x4221, 0x4A41, 0x4241, 0x3A41, 0x2A21, 0x21E1, 0x11A2, 0x0983, 0x0985, 0x09A6, 0x09C8, 0x09C9, 0x09C9, 0x09AA, 0x098A,
    0x096A, 0x096A, 0x094A, 0x094A, 0x092A, 0x092A, 0x092A, 0x092A, 0x092B, 0x092B, 0x092B, 0x094B, 0x096B, 0x098C, 0x09AC, 0x09ED,
    0x4A21, 0x4A41, 0x4A61, 0x4261, 0x3241, 0x2221, 0x19E1, 0x11A2, 0x0983, 0x09A4, 0x09C6, 0x09E8, 0x09E9, 0x0A0A, 0x0A0A, 0x09EB,
    0x09CB, 0x09AB, 0x09AB, 0x098B, 0x098B, 0x096B, 0x096B, 0x096B, 0x096B, 0x096B, 0x096C, 0x098C, 0x098C, 0x09AD, 0x09ED, 0x0A2E,
    0x4A41, 0x4A61, 0x4281, 0x3A61, 0x2A61, 0x2221, 0x11E1, 0x09C2, 0x09A3, 0x09A4, 0x09C6, 0x09E7, 0x0A29, 0x0A4A, 0x0A4B, 0x0A2C,
    0x0A2C, 0x0A0C, 0x09EC, 0x09EC, 0x09CC, 0x09CC, 0x09AC, 0x09AC, 0x09AC, 0x09AC, 0x09AC, 0x09AD, 0x09CD, 0x09ED, 0x0A2E, 0x0A4E,
    0x5281, 0x4A81, 0x4281, 0x3261, 0x2241, 0x1A21, 0x09E1, 0x09C2, 0x09A3, 0x09C4, 0x09E5, 0x0A07, 0x0A49, 0x0A6A, 0x0A8C, 0x0AAD,
    0x0A8D, 0x0A6D, 0x0A4D, 0x0A2D, 0x0A2D, 0x0A0D, 0x0A0D, 0x09ED, 0x09ED, 0x09ED, 0x09ED, 0x09ED, 0x0A0D, 0x0A2E, 0x0A4E, 0x128F,
    0x4A81, 0x4281, 0x3A81, 0x2A61, 0x1A41, 0x1201, 0x09E1, 0x09C2, 0x09C2, 0x09C4, 0x09E5, 0x0A27, 0x0A49, 0x0A8B, 0x0ACC, 0x0AED,
    0x0AEE, 0x0ACE, 0x0AAE, 0x0A8E, 0x0A6E, 0x0A6E, 0x0A4E, 0x0A2E, 0x0A2E, 0x0A2E, 0x0A2E, 0x0A2E, 0x0A4E, 0x0A6E, 0x0A8F, 0x12CF,
    0x4AA1, 0x3A81, 0x2A81, 0x2241, 0x1221, 0x0A01, 0x09E1, 0x09E2, 0x09C2, 0x09E3, 0x0A04, 0x0A26, 0x0A68, 0x0AAA, 0x0AEC, 0x0B2D,
    0x0B4E, 0x0B4F, 0x0B2F, 0x0AEF, 0x0ACF, 0x0AAF, 0x0A8F, 0x0A8E, 0x0A6E, 0x0A6E, 0x0A6E, 0x0A6E, 0x0A8F, 0x0AAF, 0x12CF, 0x12F0,
    0x42A1, 0x3281, 0x2261, 0x1A41, 0x0A21, 0x0A01, 0x09E1, 0x09E2, 0x09E2, 0x09E3, 0x0A04, 0x0A26, 0x0A68, 0x0ACA, 0x0B0C, 0x0B4D,
    0x136F, 0x138F, 0x1370, 0x0B50, 0x0B30, 0x0B0F, 0x0AEF, 0x0ACF, 0x0AAF, 0x0AAF, 0x0AAF, 0x0AAF, 0x0AAF, 0x0ACF, 0x12F0, 0x1330,
    0x3AA1, 0x2A81, 0x1A41, 0x1221, 0x0A01, 0x0A01, 0x09E1, 0x09E2, 0x09E2, 0x0A03, 0x0A04, 0x0A46, 0x0A88, 0x0ACA, 0x0B0C, 0x0B6D,
    0x138F, 0x13AF, 0x13B0, 0x13B0, 0x1390, 0x0B50, 0x0B30, 0x0B10, 0x0AF0, 0x0AF0, 0x0AF0, 0x0AF0, 0x0AF0, 0x1310, 0x1330, 0x1350,
    0x2A81, 0x1A61, 0x1241, 0x0A21, 0x0A01, 0x0A01, 0x0A02, 0x0A02, 0x0A02, 0x0A03, 0x0A24, 0x0A46, 0x0A87, 0x0ACA, 0x0B2C, 0x0B6D,
    0x13AE, 0x13CF, 0x13D0, 0x13D1, 0x13B1, 0x1391, 0x0B71, 0x0B50, 0x0B50, 0x0B30, 0x0B30, 0x0B10, 0x1330, 0x1330, 0x1350, 0x1B71,
    0x1A61, 0x1241, 0x0A21, 0x0A21, 0x0A01, 0x0A01, 0x0A02, 0x0A02, 0x0A02, 0x0A03, 0x0A24, 0x0A46, 0x0A87, 0x0AC9, 0x0B0B, 0x0B6D,
    0x13AE, 0x13CF, 0x13F0, 0x13F1, 0x13D1, 0x13D1, 0x13B1, 0x1391, 0x0B71, 0x0B71, 0x0B51, 0x1351, 0x1351, 0x1371, 0x1B71, 0x1B91,
    0x1241, 0x0A41, 0x0A21, 0x0A21, 0x0A21, 0x0A01, 0x0A02, 0x0A02, 0x0A02, 0x0A23, 0x0A44, 0x0A66, 0x0AA7, 0x0AC9, 0x0B0B, 0x0B6D,
    0x0BAE, 0x13CF, 0x13F0, 0x13F0, 0x13F1, 0x13F1, 0x13D1, 0x13B1, 0x13B1, 0x1391, 0x1391, 0x1391, 0x1391, 0x1391, 0x1BB1, 0x1BD1,
    0x0A41, 0x0A21, 0x0A21, 0x0A21, 0x0A21, 0x0A21, 0x0A22, 0x0A22, 0x0A22, 0x0A43, 0x0A44, 0x0A86, 0x0AA8, 0x0AE9, 0x0B0B, 0x0B6D,
    0x0B8E, 0x13CF, 0x13EF, 0x13F0, 0x13F1, 0x13F1, 0x13F1, 0x13F2, 0x13D2, 0x13D1, 0x13B1, 0x13B1, 0x13B1, 0x1BB1, 0x1BD1, 0x23F2,
    0x0A41, 0x0A21, 0x0A21, 0x0A21, 0x0A21, 0x0A22, 0x0A22, 0x0A22, 0x0A43, 0x0A44, 0x0A65, 0x0A86, 0x0AA8, 0x0AE9, 0x0B2B, 0x0B6C,
    0x0B8D, 0x13CE, 0x13EF, 0x13F0, 0x13F0, 0x1411, 0x1411, 0x1412, 0x13F2, 0x13F2, 0x13F2, 0x13D2, 0x13D2, 0x1BF2, 0x23F2, 0x2412,
    0x0A41, 0x0A41, 0x0A41, 0x0A41, 0x0A21, 0x0A42, 0x0A42, 0x0A43, 0x0A43, 0x0A64, 0x0A85, 0x0AA7, 0x0AC8, 0x0AEA, 0x0B2B, 0x0B6C,
    0x0B8D, 0x13CE, 0x13EF, 0x13F0, 0x1410, 0x1411, 0x1411, 0x1412, 0x1412, 0x1412, 0x1412, 0x13F2, 0x1C12, 0x1C12, 0x2412, 0x2C32,
    0x0A41, 0x0A41, 0x0A41, 0x0A41, 0x0A42, 0x0A42, 0x0A42, 0x0A63, 0x0A64, 0x0A85, 0x0AA6, 0x0AC7, 0x0AE9, 0x0B0A, 0x0B2B, 0x0B6C,
    0x0B8D, 0x13AE, 0x13EF, 0x13EF, 0x1410, 0x1410, 0x1431, 0x1431, 0x1432, 0x1432, 0x1432, 0x1432, 0x1C32, 0x1C32, 0x2452, 0x2C53,
    0x0A41, 0x0A41, 0x0A41, 0x0A41, 0x0A62, 0x0A62, 0x0A63, 0x0A84, 0x0AA5, 0x0AA6, 0x0AC7, 0x0AE8, 0x0B09, 0x0B2A, 0x0B4B, 0x0B6C,
    0x0B8D, 0x13AE, 0x13CF, 0x13EF, 0x1410, 0x1430, 0x1431, 0x1C31, 0x1C52, 0x1C52, 0x1C52, 0x1C52, 0x1C52, 0x1C52, 0x2473, 0x2C73,
    0x0A61, 0x0A61, 0x0A61, 0x0A62, 0x0A82, 0x0A83, 0x0AA4, 0x0AA5, 0x0AC6, 0x0AE7, 0x0AE8, 0x0B09, 0x0B2A, 0x0B2B, 0x0B4B, 0x0B6C,
    0x0B8D, 0x13CE, 0x13EE, 0x140F, 0x1410, 0x1C30, 0x1C51, 0x1C51, 0x1C51, 0x1C72, 0x1C72, 0x1C73, 0x1C73, 0x2473, 0x2493, 0x2C93,
    0x0A61, 0x0A61, 0x0A61, 0x0A82, 0x0AA3, 0x0AC4, 0x0AC5, 0x0AE6, 0x0B07, 0x0B08, 0x0B29, 0x0B29, 0x0B4A, 0x0B4B, 0x0B6C, 0x0B8C,
    0x13AD, 0x13CE, 0x13EE, 0x140F, 0x1C30, 0x1C50, 0x1C51, 0x2471, 0x2471, 0x2492, 0x2492, 0x2493, 0x2493, 0x2493, 0x2C93, 0x2CB3,
    0x0A81, 0x0A82, 0x0AA2, 0x0AC3, 0x0AE4, 0x0B05, 0x0B06, 0x0B27, 0x0B28, 0x0B29, 0x0B49, 0x0B4A, 0x0B6B, 0x0B6B, 0x138C, 0x138C,
    0x13AD, 0x13CE, 0x13EE, 0x1C2F, 0x1C50, 0x2450, 0x2471, 0x2491, 0x2491, 0x24B2, 0x2CB2, 0x2CB3, 0x2CB3, 0x2CB3, 0x2CD3, 0x34D4,
    0x0A81, 0x0AA2, 0x12E3, 0x1304, 0x1325, 0x1346, 0x1348, 0x1348, 0x1349, 0x1369, 0x136A, 0x136A, 0x136B, 0x138C, 0x138C, 0x13AD,
    0x13CD, 0x13EE, 0x1C0E, 0x1C2F, 0x2450, 0x2470, 0x2C91, 0x2CB1, 0x2CB2, 0x2CD2, 0x2CD2, 0x34D3, 0x34F3, 0x34F3, 0x34F4, 0x34F4,
    0x1861, 0x1861, 0x1861, 0x1861, 0x1862, 0x1842, 0x1843, 0x1043, 0x1043, 0x1044, 0x1044, 0x1044, 0x1044, 0x1045, 0x1045, 0x1045,
    0x1046, 0x1046, 0x1046, 0x1046, 0x1047, 0x1047, 0x1047, 0x1047, 0x1047, 0x1048, 0x1048, 0x1048, 0x1048, 0x1048, 0x1049, 0x1049,
    0x1861, 0x2061, 0x2061, 0x2061, 0x1861, 0x1862, 0x1843, 0x1843, 0x1844, 0x1044, 0x1044, 0x1044, 0x1045, 0x1045, 0x1045, 0x1046,
    0x1046, 0x1046, 0x1046, 0x1046, 0x1047, 0x1047, 0x1047, 0x1047, 0x1048, 0x1048, 0x1048, 0x1048, 0x1048, 0x1048, 0x1048, 0x1049,
    0x2061, 0x2061, 0x2061, 0x2061, 0x2061, 0x2062, 0x2063, 0x1843, 0x1844, 0x1844, 0x1044, 0x1045, 0x1045, 0x1045, 0x1046, 0x1046,
    0x1046, 0x1046, 0x1046, 0x1047, 0x1047, 0x1047, 0x1047, 0x1047, 0x1048, 0x1048, 0x1048, 0x0848, 0x0848, 0x0848, 0x1048, 0x1069,
    0x2081, 0x2081, 0x2881, 0x2061, 0x2061, 0x2062, 0x2063, 0x2063, 0x1844, 0x1844, 0x1045, 0x1045, 0x1045, 0x1046, 0x1046, 0x1046,
    0x1046, 0x0846, 0x0847, 0x0847, 0x0847, 0x0847, 0x0847, 0x0847, 0x0848, 0x0848, 0x0848, 0x0848, 0x0848, 0x0868, 0x0868, 0x0869,
    0x20A1, 0x28A1, 0x28A1, 0x2881, 0x2861, 0x2862, 0x2062, 0x2064, 0x2064, 0x1845, 0x1845, 0x1045, 0x1046, 0x1046, 0x1046, 0x0846,
    0x0846, 0x0846, 0x0847, 0x0847, 0x0847, 0x0847, 0x0847, 0x0847, 0x0848, 0x0848, 0x0848, 0x0848, 0x0868, 0x0868, 0x0889, 0x0889,
    0x28C1, 0x28C1, 0x30C1, 0x30C1, 0x30A1, 0x28A1, 0x2882, 0x2884, 0x2085, 0x1865, 0x1865, 0x1045, 0x1046, 0x0846, 0x0846, 0x0846,
    0x0846, 0x0846, 0x0847, 0x0847, 0x0847, 0x0847, 0x0847, 0x0848, 0x0848, 0x0848, 0x0868, 0x0868, 0x0868, 0x0889, 0x0889, 0x08A9,
    0x28E1, 0x30E1, 0x3901, 0x3901, 0x38E1, 0x30E1, 0x30C2, 0x28C4, 0x28C5, 0x1885, 0x1085, 0x1066, 0x0866, 0x0846, 0x0846, 0x0846,
    0x0846, 0x0847, 0x0847, 0x0847, 0x0847, 0x0847, 0x0847, 0x0848, 0x0848, 0x0868, 0x0868, 0x0868, 0x0889, 0x0889, 0x08A9, 0x08CA,
    0x3101, 0x3921, 0x4141, 0x4161, 0x4961, 0x4141, 0x3922, 0x3124, 0x2905, 0x18E5, 0x10A6, 0x10A6, 0x0886, 0x0866, 0x0866, 0x0866,
    0x0867, 0x0847, 0x0847, 0x0847, 0x0847, 0x0847, 0x0848, 0x0848, 0x0868, 0x0868, 0x0868, 0x0888, 0x0889, 0x08A9, 0x08CA, 0x090A,
    0x3121, 0x4161, 0x49A1, 0x51A1, 0x51C1, 0x49A1, 0x4182, 0x3164, 0x2945, 0x1925, 0x10E6, 0x10C6, 0x08A6, 0x08A6, 0x0886, 0x0887,
    0x0867, 0x0867, 0x0867, 0x0867, 0x0867, 0x0868, 0x0868, 0x0868, 0x0868, 0x0868, 0x0888, 0x0889, 0x08A9, 0x08CA, 0x08EA, 0x092B,
    0x3961, 0x41A1, 0x51E1, 0x5201, 0x5A21, 0x4A01, 0x41C2, 0x31A3, 0x2164, 0x1966, 0x1147, 0x0927, 0x0907, 0x08E7, 0x08C7, 0x08A7,
    0x08A7, 0x0887, 0x0888, 0x0868, 0x0868, 0x0868, 0x0868, 0x0868, 0x0888, 0x0889, 0x08A9, 0x08A9, 0x08CA, 0x08EA, 0x092B, 0x096B,
    0x41A1, 0x49E1, 0x5221, 0x5A41, 0x5A61, 0x4A41, 0x4201, 0x29C3, 0x1984, 0x19A5, 0x1187, 0x0967, 0x0948, 0x0928, 0x0908, 0x08E8,
    0x08C8, 0x08C8, 0x08A8, 0x08A8, 0x0888, 0x0888, 0x0889, 0x0889, 0x08A9, 0x08A9, 0x08C9, 0x08CA, 0x090A, 0x092B, 0x094B, 0x098C,
    0x49C1, 0x5201, 0x5A41, 0x5A61, 0x5A81, 0x4A61, 0x3A21, 0x29E2, 0x11A3, 0x11A5, 0x09A6, 0x09A7, 0x0988, 0x0968, 0x0949, 0x0949,
    0x0929, 0x0909, 0x08E9, 0x08E9, 0x08C9, 0x08C9, 0x08C9, 0x08C9, 0x08CA, 0x08EA, 0x08EA, 0x090A, 0x092B, 0x094B, 0x098C, 0x09CD,
    0x4A01, 0x5241, 0x5A81, 0x5A81, 0x52A1, 0x4281, 0x3A41, 0x21E2, 0x11A3, 0x09A4, 0x09A6, 0x09C7, 0x09C9, 0x09C9, 0x09A9, 0x098A,
    0x096A, 0x094A, 0x094A, 0x092A, 0x090A, 0x090A, 0x090A, 0x090A, 0x090A, 0x090A, 0x092B, 0x094B, 0x096C, 0x098C, 0x09CD, 0x0A0D,
    0x5241, 0x5A61, 0x5AA1, 0x52A1, 0x4AA1, 0x3A81, 0x2A41, 0x1A01, 0x11A2, 0x09A4, 0x09C5, 0x09E7, 0x0A09, 0x0A0A, 0x0A0A, 0x09EA,
    0x09CB, 0x09AB, 0x098B, 0x098B, 0x096B, 0x096B, 0x094B, 0x094B, 0x094B, 0x094B, 0x096C, 0x098C, 0x09AC, 0x09CD, 0x0A0D, 0x124E,
    0x5A81, 0x5A81, 0x5AA1, 0x4AA1, 0x42A1, 0x3261, 0x2241, 0x1201, 0x09C2, 0x09C3, 0x09C5, 0x09E7, 0x0A08, 0x0A4A, 0x0A4B, 0x0A2B,
    0x0A2C, 0x0A0C, 0x09EC, 0x09CC, 0x09CC, 0x09AC, 0x09AC, 0x09AC, 0x098C, 0x09AC, 0x09AC, 0x09AD, 0x09ED, 0x0A0D, 0x0A4E, 0x128F,
    0x5AA1, 0x5AA1, 0x52A1, 0x42A1, 0x3281, 0x2261, 0x1221, 0x1201, 0x09C2, 0x09C3, 0x09E4, 0x0A06, 0x0A28, 0x0A6A, 0x0A8B, 0x0AAC,
    0x0A8D, 0x0A6D, 0x0A4D, 0x0A2D, 0x0A2D, 0x0A0D, 0x09ED, 0x09ED, 0x09ED, 0x09ED, 0x09ED, 0x0A0D, 0x0A2E, 0x0A4E, 0x128F, 0x12AF,
    0x5AA1, 0x52A1, 0x4AA1, 0x3AA1, 0x2281, 0x1A41, 0x0A21, 0x0A01, 0x09E2, 0x09E3, 0x09E4, 0x0A06, 0x0A48, 0x0A8A, 0x0ACC, 0x0AED,
    0x0AEE, 0x0ACE, 0x0AAE, 0x0AAE, 0x0A8E, 0x0A6E, 0x0A4E, 0x0A2E, 0x0A2E, 0x0A2E, 0x0A2E, 0x0A4E, 0x0A6E, 0x0A8F, 0x12AF, 0x12F0,
    0x52C1, 0x4AA1, 0x3AA1, 0x2A81, 0x1A61, 0x1221, 0x0A01, 0x09E1, 0x09E2, 0x09E3, 0x0A04, 0x0A26, 0x0A68, 0x0AAA, 0x0AEC, 0x0B2D,
    0x134E, 0x134F, 0x0B2F, 0x0B0F, 0x0AEF, 0x0AAF, 0x0A8F, 0x0A8F, 0x0A6E, 0x0A6E, 0x0A6E, 0x0A8F, 0x0A8F, 0x0AAF, 0x12F0, 0x1B30,
    0x4AC1, 0x3AA1, 0x2A81, 0x2261, 0x1241, 0x0A21, 0x0A01, 0x0A02, 0x09E2, 0x09E3, 0x0A04, 0x0A25, 0x0A67, 0x0AAA, 0x0B0C, 0x0B4D,
    0x138F, 0x138F, 0x1390, 0x1370, 0x0B30, 0x0B10, 0x0AEF, 0x0ACF, 0x0AAF, 0x0AAF, 0x0AAF, 0x0AAF, 0x0ACF, 0x12F0, 0x1330, 0x1B51,
    0x42A1, 0x3281, 0x2261, 0x1241, 0x0A41, 0x0A21, 0x0A01, 0x0A02, 0x0A02, 0x0A03, 0x0A04, 0x0A45, 0x0A67, 0x0AC9, 0x0B0C, 0x0B6D,
    0x13AF, 0x13D0, 0x13D0, 0x13B1, 0x1391, 0x0B70, 0x0B30, 0x0B10, 0x0B10, 0x0AF0, 0x0AF0, 0x0AF0, 0x1310, 0x1330, 0x1B50, 0x1B71,
    0x32A1, 0x2281, 0x1261, 0x1241, 0x0A21, 0x0A21, 0x0A01, 0x0A02, 0x0A02, 0x0A03, 0x0A24, 0x0A45, 0x0A87, 0x0AC9, 0x0B0B, 0x0B6D,
    0x13AE, 0x13CF, 0x13F0, 0x13F1, 0x13D1, 0x13B1, 0x0B91, 0x0B71, 0x0B50, 0x0B30, 0x0B30, 0x1330, 0x1350, 0x1350, 0x1B71, 0x23B1,
    0x2281, 0x1A61, 0x0A41, 0x0A41, 0x0A21, 0x0A21, 0x0A21, 0x0A02, 0x0A02, 0x0A23, 0x0A24, 0x0A45, 0x0A87, 0x0AC9, 0x0B0B, 0x0B6D,
    0x0BAE, 0x13CF, 0x13F0, 0x13F1, 0x13F1, 0x13D1, 0x13B1, 0x1391, 0x1391, 0x1371, 0x1371, 0x1371, 0x1371, 0x1391, 0x1BB1, 0x23D1,
    0x1A61, 0x1241, 0x0A41, 0x0A41, 0x0A21, 0x0A21, 0x0A21, 0x0A22, 0x0A22, 0x0A23, 0x0A44, 0x0A65, 0x0A87, 0x0AC9, 0x0B0B, 0x0B6D,
    0x0BAE, 0x13CF, 0x13F0, 0x13F0, 0x13F1, 0x13F1, 0x13F2, 0x13D1, 0x13B1, 0x13B1, 0x13B1, 0x1391, 0x13B1, 0x1BB1, 0x23D1, 0x23F2,
    0x1241, 0x0A41, 0x0A41, 0x0A41, 0x0A41, 0x0A21, 0x0A22, 0x0A22, 0x0A22, 0x0A43, 0x0A44, 0x0A86, 0x0AA7, 0x0AC9, 0x0B0B, 0x0B4C,
    0x0B8E, 0x13CF, 0x13EF, 0x13F0, 0x1411, 0x1411, 0x1412, 0x13F2, 0x13F2, 0x13D2, 0x13D1, 0x13D1, 0x1BD1, 0x1BD1, 0x23F2, 0x2C12,
    0x0A41, 0x0A41, 0x0A41, 0x0A41, 0x0A41, 0x0A41, 0x0A42, 0x0A42, 0x0A43, 0x0A64, 0x0A65, 0x0A86, 0x0AC8, 0x0AE9, 0x0B2B, 0x0B4C,
    0x0B8D, 0x13CE, 0x13EF, 0x13F0, 0x1410, 0x1411, 0x1411, 0x1412, 0x1412, 0x13F2, 0x13F2, 0x1BF2, 0x1BF2, 0x2412, 0x2432, 0x2C32,
    0x0A41, 0x0A41, 0x0A41, 0x0A41, 0x0A41, 0x0A42, 0x0A42, 0x0A62, 0x0A63, 0x0A64, 0x0A85, 0x0AA7, 0x0AC8, 0x0B09, 0x0B2B, 0x0B4C,
    0x0B8D, 0x13AE, 0x13EF, 0x13F0, 0x1410, 0x1411, 0x1431, 0x1432, 0x1432, 0x1432, 0x1432, 0x1C12, 0x1C32, 0x2432, 0x2C52, 0x3453,
    0x0A61, 0x0A61, 0x0A61, 0x0A61, 0x0A61, 0x0A62, 0x0A62, 0x0A83, 0x0A84, 0x0AA5, 0x0AA6, 0x0AC7, 0x0AE9, 0x0B0A, 0x0B2B, 0x0B6C,
    0x0B8D, 0x13AE, 0x13EF, 0x140F, 0x1410, 0x1430, 0x1C31, 0x1C51, 0x1C52, 0x1C52, 0x1C52, 0x1C52, 0x2452, 0x2452, 0x2C73, 0x3493,
    0x0A61, 0x0A61, 0x0A61, 0x0A61, 0x0A82, 0x0A82, 0x0A83, 0x0AA4, 0x0AA5, 0x0AC6, 0x0AE7, 0x0B08, 0x0B09, 0x0B2A, 0x0B4B, 0x0B6C,
    0x0B8D, 0x13AE, 0x13EE, 0x140F, 0x1430, 0x1C30, 0x1C51, 0x1C51, 0x1C72, 0x1C72, 0x1C72, 0x1C73, 0x2473, 0x2473, 0x2C93, 0x34B3,
    0x0A81, 0x0A81, 0x0A81, 0x0A82, 0x0AA2, 0x0AA3, 0x0AC4, 0x0AC5, 0x0AE6, 0x0B07, 0x0B08, 0x0B29, 0x0B2A, 0x0B4A, 0x0B6B, 0x0B8C,
    0x13AD, 0x13CE, 0x13EE, 0x1C0F, 0x1C30, 0x1C50, 0x1C71, 0x2471, 0x2492, 0x2492, 0x2492, 0x2493, 0x2493, 0x2493, 0x2CB3, 0x3CB3,
    0x0A81, 0x0A81, 0x0AA1, 0x0AA2, 0x0AC3, 0x0AE4, 0x0B05, 0x0B06, 0x0B27, 0x0B28, 0x0B29, 0x0B49, 0x0B4A, 0x0B6B, 0x0B6C, 0x138C,
    0x13AD, 0x13CE, 0x13EE, 0x1C2F, 0x1C50, 0x2470, 0x2471, 0x2491, 0x2492, 0x24B2, 0x24B2, 0x2CB3, 0x2CB3, 0x2CB3, 0x34D4, 0x3CD4,
    0x0AA1, 0x12A1, 0x12C2, 0x12E3, 0x1304, 0x1325, 0x1346, 0x1347, 0x1348, 0x1349, 0x1369, 0x136A, 0x136B, 0x138B, 0x138C, 0x13AC,
    0x13CD, 0x13EE, 0x1C0E, 0x1C2F, 0x2450, 0x2470, 0x2C91, 0x2CB1, 0x2CB2, 0x2CD2, 0x34D3, 0x34D3, 0x34F3, 0x34F4, 0x34F4, 0x3CF4,
    0x12A1, 0x12E2, 0x1B02, 0x1B24, 0x1B45, 0x1B66, 0x1B68, 0x1388, 0x1389, 0x1389, 0x138A, 0x138A, 0x138B, 0x13AC, 0x13AC, 0x13CD,
    0x13ED, 0x1C0E, 0x1C2F, 0x244F, 0x2470, 0x2C90, 0x2CB1, 0x34D1, 0x34D2, 0x34F2, 0x3CF3, 0x3D13, 0x3D13, 0x3D14, 0x3D14, 0x3D14,
    0x2061, 0x2061, 0x2061, 0x2061, 0x1862, 0x1862, 0x1863, 0x1843, 0x1843, 0x1844, 0x1044, 0x1044, 0x1044, 0x1045, 0x1045, 0x1045,
    0x1046, 0x1046, 0x1046, 0x1047, 0x1047, 0x1847, 0x1847, 0x1847, 0x1848, 0x1848, 0x1848, 0x1848, 0x1849, 0x1849, 0x1849, 0x1849,
    0x2061, 0x2061, 0x2061, 0x2061, 0x2061, 0x2062, 0x2063, 0x1843, 0x1844, 0x1844, 0x1844, 0x1844, 0x1845, 0x1845, 0x1045, 0x1046,
    0x1046, 0x1046, 0x1046, 0x1047, 0x1047, 0x1047, 0x1047, 0x1048, 0x1848, 0x1848, 0x1848, 0x1848, 0x1849, 0x1849, 0x1849, 0x1849,
    0x2081, 0x2061, 0x2061, 0x2061, 0x2061, 0x2062, 0x2062, 0x2063, 0x2044, 0x1844, 0x1845, 0x1845, 0x1845, 0x1845, 0x1846, 0x1846,
    0x1046, 0x1046, 0x1047, 0x1047, 0x1047, 0x1047, 0x1048, 0x1048, 0x1048, 0x1048, 0x1048, 0x1048, 0x1049, 0x1049, 0x1049, 0x1049,
    0x2881, 0x2881, 0x2881, 0x2861, 0x2861, 0x2862, 0x2062, 0x2063, 0x2064, 0x2044, 0x2045, 0x1845, 0x1845, 0x1846, 0x1846, 0x1046,
    0x1046, 0x1047, 0x1047, 0x1047, 0x1047, 0x1047, 0x1048, 0x1048, 0x1048, 0x1048, 0x1048, 0x1048, 0x1048, 0x1049, 0x1069, 0x1069,
    0x28A1, 0x28A1, 0x30A1, 0x2881, 0x2861, 0x2861, 0x2862, 0x2863, 0x2864, 0x2065, 0x2045, 0x1846, 0x1846, 0x1846, 0x1846, 0x1046,
    0x1047, 0x1047, 0x1047, 0x1047, 0x1047, 0x1047, 0x1048, 0x1048, 0x1048, 0x1048, 0x1048, 0x0848, 0x0868, 0x0869, 0x0869, 0x1089,
    0x28C1, 0x30C1, 0x30C1, 0x30C1, 0x30A1, 0x3081, 0x3082, 0x2883, 0x2884, 0x2865, 0x2065, 0x1866, 0x1846, 0x1846, 0x1046, 0x1047,
    0x1047, 0x1047, 0x1047, 0x1047, 0x0847, 0x0848, 0x0848, 0x0848, 0x0848, 0x0848, 0x0848, 0x0868, 0x0868, 0x0889, 0x0889, 0x08A9,
    0x30E1, 0x38E1, 0x3901, 0x40E1, 0x40E1, 0x38C1, 0x30A2, 0x30A3, 0x30A4, 0x28A5, 0x2086, 0x1866, 0x1866, 0x1046, 0x1046, 0x1047,
    0x1047, 0x0847, 0x0847, 0x0847, 0x0847, 0x0848, 0x0848, 0x0848, 0x0848, 0x0848, 0x0868, 0x0868, 0x0889, 0x0889, 0x08A9, 0x08EA,
    0x3101, 0x3921, 0x4141, 0x4941, 0x4941, 0x4121, 0x4102, 0x3903, 0x30E4, 0x30E5, 0x28C6, 0x18A6, 0x1086, 0x1066, 0x1066, 0x0867,
    0x0867, 0x0847, 0x0847, 0x0847, 0x0847, 0x0848, 0x0848, 0x0848, 0x0868, 0x0868, 0x0868, 0x0889, 0x0889, 0x08A9, 0x08EA, 0x090A,
    0x3921, 0x4161, 0x4981, 0x51A1, 0x59A1, 0x5181, 0x4982, 0x4163, 0x3944, 0x3126, 0x2927, 0x18E7, 0x10A7, 0x10A7, 0x0887, 0x0867,
    0x0867, 0x0867, 0x0867, 0x0867, 0x0847, 0x0848, 0x0868, 0x0868, 0x0868, 0x0868, 0x0889, 0x0889, 0x08A9, 0x08CA, 0x090A, 0x092B,
    0x4161, 0x49A1, 0x59E1, 0x5A01, 0x6221, 0x5A01, 0x51E2, 0x41C3, 0x39A4, 0x3186, 0x2987, 0x1947, 0x1107, 0x08E7, 0x08C7, 0x08A7,
    0x0887, 0x0887, 0x0887, 0x0868, 0x0868, 0x0868, 0x0868, 0x0868, 0x0868, 0x0889, 0x0889, 0x08A9, 0x08CA, 0x090A, 0x092B, 0x096C,
    0x41A1, 0x51E1, 0x6221, 0x6241, 0x6A81, 0x6261, 0x5A41, 0x4A23, 0x39E4, 0x31E6, 0x21C7, 0x1987, 0x1168, 0x0928, 0x0908, 0x08E8,
    0x08C8, 0x08A8, 0x08A8, 0x0888, 0x0888, 0x0888, 0x0888, 0x0888, 0x0889, 0x08A9, 0x08A9, 0x08CA, 0x090A, 0x092B, 0x096C, 0x09AC,
    0x49E1, 0x5A21, 0x6261, 0x6A81, 0x6AA1, 0x62A1, 0x5A81, 0x4A42, 0x3A03, 0x29E5, 0x21E6, 0x19C8, 0x11A8, 0x0988, 0x0968, 0x0928,
    0x0909, 0x0909, 0x08E9, 0x08C9, 0x08C9, 0x08A9, 0x08A9, 0x08A9, 0x08C9, 0x08CA, 0x08EA, 0x090A, 0x092B, 0x096B, 0x09AC, 0x11ED,
    0x5221, 0x6261, 0x6A81, 0x6AA1, 0x6AC1, 0x62C1, 0x52A1, 0x4262, 0x3222, 0x2204, 0x19E5, 0x1207, 0x11E9, 0x09C9, 0x09A9, 0x0989,
    0x0969, 0x094A, 0x092A, 0x090A, 0x090A, 0x08EA, 0x08EA, 0x08EA, 0x08EA, 0x090A, 0x092B, 0x094B, 0x096C, 0x098C, 0x09ED, 0x124E,
    0x5A61, 0x6281, 0x6AA1, 0x62C1, 0x62C1, 0x52C1, 0x4AA1, 0x3A61, 0x3242, 0x1A03, 0x11E5, 0x1207, 0x0A08, 0x0A09, 0x0A0A, 0x09EA,
    0x09AA, 0x09AA, 0x098B, 0x096B, 0x094B, 0x094B, 0x092B, 0x092B, 0x094B, 0x094B, 0x096B, 0x098C, 0x09AC, 0x09ED, 0x122E, 0x128F,
    0x6281, 0x62A1, 0x62C1, 0x5AC1, 0x52C1, 0x42A1, 0x3AA1, 0x3261, 0x2242, 0x1A03, 0x09E4, 0x0A06, 0x0A28, 0x0A4A, 0x0A4B, 0x0A2B,
    0x0A0B, 0x0A0B, 0x09EC, 0x09CC, 0x09AC, 0x098C, 0x098C, 0x098C, 0x098C, 0x098C, 0x09AC, 0x09CD, 0x09ED, 0x0A2E, 0x126E, 0x1ACF,
    0x62A1, 0x62C1, 0x62C1, 0x52C1, 0x42A1, 0x32A1, 0x2261, 0x2241, 0x1A22, 0x1202, 0x09E4, 0x0A06, 0x0A28, 0x0A69, 0x0A8B, 0x0A8C,
    0x0A8C, 0x0A6D, 0x0A4D, 0x0A2D, 0x0A0D, 0x09ED, 0x09ED, 0x09CD, 0x09CD, 0x09CD, 0x09ED, 0x0A0D, 0x0A2E, 0x0A6E, 0x12AF, 0x1AF0,
    0x62C1, 0x5AC1, 0x52C1, 0x42C1, 0x32A1, 0x2281, 0x1A61, 0x1241, 0x1222, 0x0A02, 0x09E3, 0x0A05, 0x0A27, 0x0A69, 0x0AAB, 0x0AEC,
    0x0AED, 0x0ACE, 0x0AAE, 0x0A8E, 0x0A6E, 0x0A4E, 0x0A2E, 0x0A2E, 0x0A2E, 0x0A2E, 0x0A2E, 0x0A4E, 0x0A6E, 0x12AF, 0x1AF0, 0x2330,
    0x62E1, 0x52C1, 0x4AC1, 0x32A1, 0x2281, 0x1A61, 0x1241, 0x0A21, 0x0A22, 0x0A02, 0x0A03, 0x0A25, 0x0A47, 0x0A89, 0x0ACB, 0x0B0D,
    0x134E, 0x134F, 0x132F, 0x0B0F, 0x0ACF, 0x0AAF, 0x0A8F, 0x0A8E, 0x0A6E, 0x0A6E, 0x0A8F, 0x0A8F, 0x12AF, 0x12CF, 0x1B30, 0x2371,
    0x5AC1, 0x4AC1, 0x3AA1, 0x2A81, 0x1A61, 0x1241, 0x0A21, 0x0A21, 0x0A02, 0x0A02, 0x0A03, 0x0A25, 0x0A46, 0x0AA9, 0x0AEB, 0x0B4D,
    0x136E, 0x138F, 0x1390, 0x1370, 0x0B50, 0x0B10, 0x0AF0, 0x0ACF, 0x0AAF, 0x0AAF, 0x0ACF, 0x0ACF, 0x12F0, 0x1310, 0x1B51, 0x2391,
    0x4AC1, 0x3AA1, 0x2A81, 0x1A61, 0x1261, 0x0A41, 0x0A21, 0x0A21, 0x0A02, 0x0A02, 0x0A03, 0x0A24, 0x0A66, 0x0AA9, 0x0AEB, 0x0B4D,
    0x138E, 0x13CF, 0x13D0, 0x13D1, 0x13B1, 0x1370, 0x0B50, 0x0B30, 0x0B10, 0x0B10, 0x0B10, 0x1310, 0x1330, 0x1350, 0x2391, 0x2BB1,
    0x3AA1, 0x2AA1, 0x1A81, 0x1261, 0x0A41, 0x0A41, 0x0A21, 0x0A21, 0x0A22, 0x0A22, 0x0A23, 0x0A44, 0x0A66, 0x0AA8, 0x0B0B, 0x0B4D,
    0x13AE, 0x13CF, 0x13F0, 0x13F1, 0x13D1, 0x13B1, 0x1391, 0x0B71, 0x0B51, 0x1350, 0x1350, 0x1350, 0x1371, 0x1B71, 0x23B1, 0x2BD2,
    0x2A81, 0x2281, 0x1261, 0x1261, 0x0A41, 0x0A41, 0x0A41, 0x0A21, 0x0A22, 0x0A22, 0x0A23, 0x0A44, 0x0A86, 0x0AC8, 0x0B0A, 0x0B4C,
    0x0B8E, 0x13CF, 0x13F0, 0x13F1, 0x13F1, 0x13F1, 0x13D1, 0x13B1, 0x1391, 0x1391, 0x1391, 0x1391, 0x1B91, 0x1BB1, 0x23D1, 0x2BF2,
    0x1A81, 0x1261, 0x1261, 0x0A61, 0x0A41, 0x0A41, 0x0A41, 0x0A42, 0x0A22, 0x0A22, 0x0A43, 0x0A65, 0x0A86, 0x0AC8, 0x0B0A, 0x0B4C,
    0x0B8D, 0x13CF, 0x13F0, 0x1410, 0x1411, 0x1411, 0x13F2, 0x13D2, 0x13D1, 0x13B1, 0x13B1, 0x13B1, 0x1BD1, 0x23D1, 0x2BF2, 0x3412,
    0x1261, 0x1261, 0x0A61, 0x0A61, 0x0A61, 0x0A41, 0x0A41, 0x0A42, 0x0A42, 0x0A43, 0x0A64, 0x0A85, 0x0AA7, 0x0AC8, 0x0B0A, 0x0B4C,
    0x0B8D, 0x13CE, 0x13EF, 0x1410, 0x1411, 0x1411, 0x1412, 0x1412, 0x13F2, 0x13F2, 0x1BF2, 0x1BF2, 0x1BF2, 0x2412, 0x2C32, 0x3453,
    0x1261, 0x0A61, 0x0A61, 0x0A61, 0x0A61, 0x0A61, 0x0A62, 0x0A62, 0x0A63, 0x0A63, 0x0A84, 0x0AA6, 0x0AC7, 0x0AE9, 0x0B2A, 0x0B4C,
    0x0B8D, 0x13CE, 0x13EF, 0x1410, 0x1410, 0x1431, 0x1432, 0x1432, 0x1432, 0x1412, 0x1C12, 0x1C12, 0x2432, 0x2432, 0x2C53, 0x3C73,
    0x0A61, 0x0A61, 0x0A61, 0x0A61, 0x0A61, 0x0A61, 0x0A82, 0x0A82, 0x0A83, 0x0A84, 0x0AA5, 0x0AC6, 0x0AE8, 0x0B09, 0x0B2A, 0x0B4C,
    0x0B8D, 0x13AE, 0x13EF, 0x140F, 0x1410, 0x1431, 0x1C31, 0x1C52, 0x1C52, 0x1C52, 0x1C52, 0x1C52, 0x2452, 0x2C53, 0x3473, 0x3C93,
    0x0A61, 0x0A81, 0x0A81, 0x0A81, 0x0A81, 0x0A82, 0x0AA2, 0x0AA3, 0x0AA4, 0x0AA5, 0x0AC6, 0x0AE7, 0x0B08, 0x0B2A, 0x0B4B, 0x0B6C,
    0x0B8D, 0x13AE, 0x13EE, 0x140F, 0x1C30, 0x1C51, 0x1C51, 0x1C72, 0x1C72, 0x1C73, 0x1C73, 0x2473, 0x2473, 0x2C93, 0x3493, 0x3CB3,
    0x1281, 0x1281, 0x12A1, 0x0AA1, 0x0AA1, 0x0AA2, 0x0AC3, 0x0AC4, 0x0AE5, 0x0AE6, 0x0B07, 0x0B08, 0x0B29, 0x0B4A, 0x0B4B, 0x0B6C,
    0x138D, 0x13CD, 0x13EE, 0x1C0F, 0x1C30, 0x1C50, 0x1C71, 0x2471, 0x2492, 0x2493, 0x2493, 0x2493, 0x2C93, 0x2CB3, 0x3CB3, 0x44D4,
    0x12A1, 0x12A1, 0x12A1, 0x12C1, 0x12C2, 0x12E3, 0x1304, 0x1305, 0x1306, 0x0B27, 0x0B28, 0x0B29, 0x0B4A, 0x0B4A, 0x0B6B, 0x138C,
    0x13AD, 0x13CD, 0x13EE, 0x1C2F, 0x1C50, 0x2470, 0x2491, 0x2491, 0x24B2, 0x2CB2, 0x2CB3, 0x2CB3, 0x2CB3, 0x34D3, 0x3CD4, 0x44F4,
    0x12C1, 0x12C1, 0x12C1, 0x12E2, 0x1B02, 0x1324, 0x1325, 0x1346, 0x1347, 0x1348, 0x1369, 0x1369, 0x136A, 0x136B, 0x138B, 0x13AC,
    0x13AD, 0x13EE, 0x1C0E, 0x1C2F, 0x2450, 0x2490, 0x2C91, 0x2CB1, 0x2CD2, 0x2CD2, 0x34D3, 0x34F3, 0x34F3, 0x34D4, 0x3CF4, 0x44F4,
    0x1AC1, 0x1AE1, 0x2301, 0x2322, 0x2343, 0x2364, 0x1B66, 0x1B67, 0x1B88, 0x1389, 0x1389, 0x138A, 0x138B, 0x138B, 0x13AC, 0x13CC,
    0x1BCD, 0x1C0E, 0x1C2E, 0x244F, 0x2470, 0x2C91, 0x34B1, 0x34D2, 0x34D2, 0x3CF2, 0x3CF3, 0x3D13, 0x3D14, 0x3D14, 0x4514, 0x4514,
    0x1AE1, 0x2321, 0x2B42, 0x2B63, 0x2B84, 0x2BA6, 0x23A7, 0x23A8, 0x1BA9, 0x1BA9, 0x1BAA, 0x1BAA, 0x1BAB, 0x1BAC, 0x1BCC, 0x1BED,
    0x1BED, 0x1C2E, 0x244F, 0x2C6F, 0x2C90, 0x34B1, 0x3CD1, 0x3CF2, 0x3CF2, 0x4513, 0x4513, 0x4533, 0x4534, 0x4534, 0x4534, 0x4535,
    0x2061, 0x2061, 0x2061, 0x2061, 0x2061, 0x2062, 0x2063, 0x1863, 0x1843, 0x1844, 0x1844, 0x1844, 0x1844, 0x1845, 0x1845, 0x1846,
    0x1846, 0x1846, 0x1846, 0x1847, 0x1847, 0x1847, 0x1847, 0x1848, 0x1848, 0x2048, 0x2048, 0x2049, 0x2049, 0x2049, 0x204A, 0x204A,
    0x2061, 0x2061, 0x2061, 0x2061, 0x2061, 0x2062, 0x2062, 0x2063, 0x2063, 0x2044, 0x2044, 0x1845, 0x1845, 0x1845, 0x1846, 0x1846,
    0x1846, 0x1846, 0x1847, 0x1847, 0x1847, 0x1847, 0x1848, 0x1848, 0x1848, 0x1848, 0x2049, 0x2049, 0x2049, 0x2049, 0x2049, 0x204A,
    0x2881, 0x2861, 0x2861, 0x2861, 0x2861, 0x2862, 0x2062, 0x2063, 0x2064, 0x2044, 0x2045, 0x2045, 0x2045, 0x1846, 0x1846, 0x1846,
    0x1846, 0x1847, 0x1847, 0x1847, 0x1847, 0x1848, 0x1848, 0x1848, 0x1848, 0x1848, 0x1849, 0x1849, 0x1849, 0x1849, 0x1849, 0x1869,
    0x2881, 0x2881, 0x2881, 0x2861, 0x2861, 0x2861, 0x2862, 0x2863, 0x2864, 0x2864, 0x2845, 0x2045, 0x2046, 0x2046, 0x2046, 0x1847,
    0x1847, 0x1847, 0x1847, 0x1847, 0x1848, 0x1848, 0x1848, 0x1848, 0x1848, 0x1848, 0x1849, 0x1849, 0x1849, 0x1849, 0x1869, 0x1869,
    0x30A1, 0x30A1, 0x30A1, 0x3081, 0x3061, 0x3061, 0x2862, 0x2863, 0x2864, 0x2864, 0x2845, 0x2846, 0x2046, 0x2046, 0x2047, 0x1847,
    0x1847, 0x1847, 0x1847, 0x1847, 0x1848, 0x1848, 0x1848, 0x1048, 0x1048, 0x1048, 0x1049, 0x1049, 0x1049, 0x1069, 0x1069, 0x1089,
    0x30C1, 0x38C1, 0x38C1, 0x38A1, 0x38A1, 0x3081, 0x3081, 0x3082, 0x3084, 0x3065, 0x3066, 0x2866, 0x2046, 0x2047, 0x1847, 0x1847,
    0x1847, 0x1847, 0x1047, 0x1048, 0x1048, 0x1048, 0x1048, 0x1048, 0x1048, 0x1048, 0x1048, 0x1049, 0x1069, 0x1069, 0x1089, 0x10AA,
    0x38E1, 0x38E1, 0x40E1, 0x40E1, 0x40C1, 0x38C1, 0x38A1, 0x38A2, 0x38A3, 0x38A5, 0x3086, 0x2866, 0x2066, 0x2047, 0x1847, 0x1847,
    0x1047, 0x1047, 0x1047, 0x1048, 0x1048, 0x1048, 0x1048, 0x1048, 0x0848, 0x0848, 0x0868, 0x0869, 0x0869, 0x0889, 0x08A9, 0x10EA,
    0x3901, 0x4121, 0x4921, 0x4921, 0x5121, 0x4901, 0x4101, 0x40E2, 0x38E3, 0x38E5, 0x38C6, 0x28A7, 0x2087, 0x1867, 0x1867, 0x1067,
    0x1047, 0x1047, 0x1047, 0x0847, 0x0848, 0x0848, 0x0848, 0x0848, 0x0868, 0x0868, 0x0868, 0x0889, 0x0889, 0x08A9, 0x08EA, 0x110A,
    0x4141, 0x4961, 0x5181, 0x5981, 0x5981, 0x5961, 0x5161, 0x4942, 0x4123, 0x4125, 0x3927, 0x28E7, 0x20C7, 0x18A7, 0x1087, 0x1067,
    0x0867, 0x0867, 0x0867, 0x0847, 0x0848, 0x0848, 0x0848, 0x0868, 0x0868, 0x0868, 0x0889, 0x0889, 0x08A9, 0x08CA, 0x090A, 0x094B,
    0x4161, 0x51A1, 0x59C1, 0x61E1, 0x6A01, 0x6A01, 0x61E1, 0x59C2, 0x51A4, 0x49A6, 0x3987, 0x2947, 0x2128, 0x18E7, 0x10C7, 0x08A7,
    0x0887, 0x0887, 0x0867, 0x0868, 0x0868, 0x0868, 0x0868, 0x0868, 0x0868, 0x0889, 0x0889, 0x08A9, 0x08EA, 0x090A, 0x094B, 0x118C,
    0x49A1, 0x59E1, 0x6A21, 0x7261, 0x7281, 0x7261, 0x6A61, 0x6243, 0x5A24, 0x4A05, 0x39E7, 0x29A8, 0x2168, 0x1948, 0x1108, 0x08E8,
    0x08C8, 0x08A8, 0x0888, 0x0888, 0x0888, 0x0868, 0x0868, 0x0868, 0x0889, 0x0889, 0x08A9, 0x08CA, 0x090A, 0x092B, 0x098C, 0x11CD,
    0x51E1, 0x6221, 0x6A61, 0x72A1, 0x7AC1, 0x7AC1, 0x72A1, 0x6282, 0x5A63, 0x4225, 0x3206, 0x2A08, 0x21E9, 0x11A8, 0x1168, 0x0928,
    0x0908, 0x08E8, 0x08C8, 0x08C8, 0x08A8, 0x08A9, 0x0889, 0x0889, 0x08A9, 0x08C9, 0x08EA, 0x090A, 0x092B, 0x096C, 0x11CD, 0x120D,
    0x5A21, 0x6A61, 0x72A1, 0x7AC1, 0x7B01, 0x7AE1, 0x72E1, 0x62C2, 0x52A2, 0x3A44, 0x2A25, 0x2227, 0x1A29, 0x11E9, 0x11C9, 0x0989,
    0x0969, 0x0949, 0x0929, 0x0909, 0x08E9, 0x08C9, 0x08C9, 0x08CA, 0x08EA, 0x08EA, 0x090B, 0x094B, 0x096C, 0x09AC, 0x120D, 0x1A6E,
    0x6261, 0x6AA1, 0x72C1, 0x72E1, 0x7301, 0x6B01, 0x62E1, 0x5AC1, 0x4AA2, 0x3263, 0x2224, 0x1A26, 0x1A28, 0x1229, 0x120A, 0x09EA,
    0x09AA, 0x098A, 0x096A, 0x094A, 0x094A, 0x092A, 0x092A, 0x090B, 0x092B, 0x092B, 0x094B, 0x098C, 0x09AD, 0x09ED, 0x124E, 0x1AAF,
    0x6AA1, 0x72C1, 0x72E1, 0x6B01, 0x6B01, 0x5AE1, 0x52E1, 0x4AC1, 0x42A1, 0x2A62, 0x1A23, 0x1225, 0x1227, 0x1249, 0x124A, 0x0A4B,
    0x0A0B, 0x09EB, 0x09CB, 0x09AB, 0x09AB, 0x098B, 0x096B, 0x096C, 0x096C, 0x098C, 0x09AC, 0x09CD, 0x0A0D, 0x124E, 0x1AAF, 0x22F0,
    0x6AC1, 0x6AE1, 0x6B01, 0x62E1, 0x5AE1, 0x4AC1, 0x3AC1, 0x32A1, 0x2A81, 0x2242, 0x1223, 0x1225, 0x0A27, 0x0A69, 0x0A8B, 0x0A8C,
    0x0A8C, 0x0A6C, 0x0A2C, 0x0A0D, 0x0A0D, 0x09ED, 0x09CD, 0x09CD, 0x09CD, 0x09CD, 0x09ED, 0x0A0D, 0x0A4E, 0x128F, 0x1AD0, 0x2331,
    0x6AE1, 0x6AE1, 0x6301, 0x52E1, 0x4AC1, 0x32A1, 0x2AA1, 0x2281, 0x1A61, 0x1A42, 0x1203, 0x0A24, 0x0A26, 0x0A68, 0x0AAA, 0x0ACC,
    0x12ED, 0x0ACD, 0x0AAD, 0x0A8E, 0x0A6E, 0x0A4E, 0x0A2E, 0x0A0D, 0x0A2E, 0x0A2E, 0x0A4E, 0x0A6E, 0x128F, 0x12CF, 0x2310, 0x2B71,
    0x6AE1, 0x62E1, 0x52E1, 0x42C1, 0x32A1, 0x2281, 0x1A61, 0x1261, 0x1241, 0x1222, 0x0A23, 0x0A24, 0x0A46, 0x0A88, 0x0ACA, 0x130C,
    0x132D, 0x134E, 0x132F, 0x0B0F, 0x0ACF, 0x0AAF, 0x0A8F, 0x0A6E, 0x0A6E, 0x0A6E, 0x0A8F, 0x0AAF, 0x12CF, 0x1B10, 0x2351, 0x2BB1,
    0x62E1, 0x52E1, 0x42C1, 0x32A1, 0x22A1, 0x1A81, 0x1261, 0x1241, 0x0A41, 0x0A22, 0x0A23, 0x0A24, 0x0A46, 0x0A88, 0x0ACA, 0x132C,
    0x136E, 0x138F, 0x138F, 0x1370, 0x1350, 0x0B10, 0x0AEF, 0x0ACF, 0x0ACF, 0x0ACF, 0x0ACF, 0x12F0, 0x1310, 0x1B50, 0x2391, 0x33D2,
    0x5AE1, 0x42C1, 0x32A1, 0x22A1, 0x1A81, 0x1261, 0x0A61, 0x0A41, 0x0A41, 0x0A22, 0x0A23, 0x0A44, 0x0A65, 0x0AA8, 0x0AEA, 0x0B4C,
    0x138E, 0x13CF, 0x1BD0, 0x13D0, 0x13B1, 0x1370, 0x1350, 0x0B30, 0x0B10, 0x0B10, 0x1310, 0x1330, 0x1B50, 0x1B71, 0x2BB1, 0x33F2,
    0x4AC1, 0x3AA1, 0x22A1, 0x1A81, 0x1261, 0x1261, 0x0A61, 0x0A41, 0x0A41, 0x0A22, 0x0A23, 0x0A44, 0x0A65, 0x0AA8, 0x0AEA, 0x0B4C,
    0x138E, 0x13CF, 0x1BF0, 0x1C11, 0x13F1, 0x13D1, 0x1391, 0x1371, 0x1371, 0x1351, 0x1351, 0x1371, 0x1B91, 0x23B1, 0x2BD2, 0x3412,
    0x32A1, 0x2AA1, 0x1A81, 0x1281, 0x1261, 0x0A61, 0x0A61, 0x0A41, 0x0A41, 0x0A42, 0x0A43, 0x0A64, 0x0A86, 0x0AA8, 0x0AEA, 0x0B4C,
    0x138D, 0x13CF, 0x13F0, 0x1411, 0x1411, 0x1412, 0x13F2, 0x13B1, 0x13B1, 0x1391, 0x1391, 0x1B91, 0x1BB1, 0x23D1, 0x2C12, 0x3C32,
    0x22A1, 0x1A81, 0x1281, 0x1281, 0x1281, 0x0A61, 0x0A61, 0x0A61, 0x0A42, 0x0A42, 0x0A43, 0x0A64, 0x0A86, 0x0AC8, 0x0B0A, 0x0B4C,
    0x0B8D, 0x13CE, 0x13EF, 0x1410, 0x1411, 0x1412, 0x1412, 0x13F2, 0x13F2, 0x13D1, 0x1BD1, 0x1BD1, 0x23F2, 0x2C12, 0x3432, 0x3C53,
    0x1A81, 0x1281, 0x1281, 0x1281, 0x1281, 0x0A81, 0x0A81, 0x0A62, 0x0A62, 0x0A62, 0x0A63, 0x0A85, 0x0AA6, 0x0AC8, 0x0B0A, 0x0B4B,
    0x0B8D, 0x13AE, 0x13EF, 0x1410, 0x1411, 0x1431, 0x1432, 0x1432, 0x1412, 0x1C12, 0x1C12, 0x2412, 0x2412, 0x2C32, 0x3453, 0x4473,
    0x1281, 0x1281, 0x1281, 0x1281, 0x1281, 0x1281, 0x0A81, 0x0A82, 0x0A82, 0x0A83, 0x0A84, 0x0AA5, 0x0AC7, 0x0AE8, 0x0B2A, 0x0B4B,
    0x0B8D, 0x13AE, 0x13EF, 0x1410, 0x1430, 0x1C31, 0x1C52, 0x1C52, 0x1C52, 0x1C32, 0x1C32, 0x2432, 0x2C52, 0x3453, 0x3C73, 0x4493,
    0x1281, 0x1281, 0x12A1, 0x12A1, 0x12A1, 0x12A1, 0x0AA2, 0x0AA2, 0x0AA3, 0x0AA4, 0x0AA5, 0x0AC6, 0x0AE8, 0x0B09, 0x0B2A, 0x0B4B,
    0x0B8D, 0x13AD, 0x13EE, 0x140F, 0x1C30, 0x1C51, 0x1C51, 0x1C72, 0x1C72, 0x1C73, 0x2473, 0x2473, 0x2C73, 0x3493, 0x3C93, 0x44B4,
    0x1281, 0x12A1, 0x12A1, 0x12A1, 0x12C1, 0x12C1, 0x12C2, 0x12C3, 0x0AE4, 0x0AE5, 0x0AE6, 0x0B07, 0x0B08, 0x0B29, 0x0B4A, 0x0B6C,
    0x138D, 0x13CD, 0x13EE, 0x1C0F, 0x1C30, 0x1C51, 0x2471, 0x2492, 0x2492, 0x2493, 0x2493, 0x2493, 0x2C93, 0x34B3, 0x44B4, 0x4CD4,
    0x12A1, 0x1AC1, 0x1AC1, 0x1AC1, 0x12C1, 0x12E2, 0x1302, 0x1304, 0x1305, 0x1326, 0x0B27, 0x0B28, 0x0B49, 0x0B4A, 0x0B6B, 0x138C,
    0x13AD, 0x13CD, 0x13EE, 0x1C2F, 0x1C50, 0x2471, 0x2491, 0x24B2, 0x24B2, 0x2CB3, 0x2CB3, 0x2CB3, 0x34D3, 0x3CD4, 0x44D4, 0x4CF4,
    0x1AC1, 0x1AE1, 0x1AE1, 0x1B01, 0x1B01, 0x1B22, 0x1B23, 0x1B45, 0x1B46, 0x1347, 0x1348, 0x1349, 0x136A, 0x136A, 0x138B, 0x138C,
    0x13AD, 0x13CD, 0x1C0E, 0x1C2F, 0x2470, 0x2491, 0x2CB1, 0x2CB2, 0x2CD2, 0x34D3, 0x34D3, 0x34D3, 0x34F4, 0x3CF4, 0x44F4, 0x4D14,
    0x22E1, 0x2301, 0x2301, 0x2321, 0x2342, 0x2363, 0x2364, 0x2386, 0x1B87, 0x1B88, 0x1389, 0x1389, 0x138A, 0x138B, 0x13AB, 0x13AC,
    0x13CD, 0x1BEE, 0x1C0E, 0x244F, 0x2470, 0x2C91, 0x34B1, 0x34D2, 0x34F2, 0x3CF3, 0x3CF3, 0x3D14, 0x3D14, 0x3D14, 0x4514, 0x4D14,
    0x2B01, 0x2B21, 0x3341, 0x3362, 0x3383, 0x33A4, 0x2BA5, 0x2BA6, 0x23A8, 0x23A8, 0x1BA9, 0x1BAA, 0x1BAB, 0x1BAB, 0x1BCC, 0x1BCC,
    0x1BED, 0x1C0E, 0x244F, 0x2C6F, 0x2C90, 0x34B1, 0x3CD1, 0x3CF2, 0x4512, 0x4513, 0x4513, 0x4534, 0x4534, 0x4534, 0x4D34, 0x4D35,
    0x3321, 0x3B61, 0x4381, 0x43A2, 0x43C3, 0x3BC5, 0x33E6, 0x33C7, 0x2BC8, 0x23C9, 0x23CA, 0x23CA, 0x23CB, 0x1BEC, 0x1BEC, 0x1BED,
    0x240D, 0x242E, 0x2C6F, 0x2C90, 0x34B0, 0x3CD1, 0x44F1, 0x4512, 0x4D12, 0x4D33, 0x4D33, 0x4D54, 0x4D54, 0x4D54, 0x4D55, 0x4D55,
    0x2061, 0x2061, 0x2061, 0x2061, 0x2061, 0x2062, 0x2062, 0x2063, 0x2063, 0x2044, 0x2044, 0x2044, 0x1845, 0x1845, 0x1845, 0x2046,
    0x2046, 0x2046, 0x2047, 0x2047, 0x2047, 0x2047, 0x2048, 0x2048, 0x2048, 0x2048, 0x2849, 0x2849, 0x2849, 0x284A, 0x286A, 0x306A,
    0x2861, 0x2861, 0x2861, 0x2861, 0x2861, 0x2862, 0x2862, 0x2063, 0x2063, 0x2064, 0x2044, 0x2045, 0x2045, 0x2045, 0x2046, 0x2046,
    0x2046, 0x2047, 0x2047, 0x2047, 0x2047, 0x2048, 0x2048, 0x2048, 0x2048, 0x2049, 0x2049, 0x2849, 0x284A, 0x284A, 0x286A, 0x286A,
    0x2881, 0x2861, 0x2861, 0x2861, 0x2861, 0x2861, 0x2862, 0x2863, 0x2863, 0x2864, 0x2844, 0x2845, 0x2845, 0x2046, 0x2046, 0x2046,
    0x2047, 0x2047, 0x2047, 0x2047, 0x2048, 0x2048, 0x2048, 0x2048, 0x2049, 0x2049, 0x2049, 0x2849, 0x204A, 0x206A, 0x206A, 0x206A,
    0x30A1, 0x3081, 0x3081, 0x3061, 0x2861, 0x2861, 0x2862, 0x2862, 0x2863, 0x2864, 0x2845, 0x2845, 0x2846, 0x2846, 0x2846, 0x2047,
    0x2047, 0x2047, 0x2047, 0x2048, 0x2048, 0x2048, 0x2048, 0x2048, 0x2049, 0x2049, 0x2049, 0x2049, 0x204A, 0x206A, 0x206A, 0x206A,
    0x30A1, 0x30A1, 0x38A1, 0x3081, 0x3061, 0x3061, 0x3061, 0x3062, 0x3063, 0x3064, 0x3065, 0x3046, 0x3046, 0x2847, 0x2847, 0x2847,
    0x2047, 0x2048, 0x2048, 0x2048, 0x2048, 0x2048, 0x2048, 0x2049, 0x2049, 0x2049, 0x2049, 0x2049, 0x1849, 0x1869, 0x1869, 0x186A,
    0x38C1, 0x38C1, 0x40C1, 0x38A1, 0x3881, 0x3881, 0x3081, 0x3862, 0x3863, 0x3864, 0x3865, 0x3066, 0x3047, 0x2847, 0x2847, 0x2847,
    0x2047, 0x2048, 0x2048, 0x2048, 0x2048, 0x1848, 0x1848, 0x1849, 0x1849, 0x1849, 0x1849, 0x1849, 0x1869, 0x1869, 0x188A, 0x18AA,
    0x38E1, 0x40E1, 0x40E1, 0x40E1, 0x40C1, 0x40A1, 0x3881, 0x3882, 0x3883, 0x3884, 0x3885, 0x3866, 0x3067, 0x2867, 0x2847, 0x2047,
    0x2048, 0x2048, 0x2048, 0x1848, 0x1848, 0x1848, 0x1848, 0x1849, 0x1849, 0x1049, 0x1069, 0x1069, 0x1069, 0x1089, 0x10AA, 0x10CA,
    0x4121, 0x4921, 0x4921, 0x5121, 0x5121, 0x4901, 0x48E1, 0x40C2, 0x40C3, 0x40C4, 0x40C6, 0x38A7, 0x38A7, 0x2887, 0x2067, 0x2067,
    0x1848, 0x1848, 0x1848, 0x1848, 0x1048, 0x1048, 0x1048, 0x1048, 0x1049, 0x1069, 0x1069, 0x1069, 0x1089, 0x10AA, 0x10EA, 0x110B,
    0x4141, 0x4961, 0x5161, 0x5961, 0x5961, 0x5961, 0x5141, 0x4922, 0x4902, 0x4904, 0x4106, 0x40E7, 0x38E8, 0x28A8, 0x2088, 0x1867,
    0x1868, 0x1068, 0x1048, 0x1048, 0x1048, 0x1048, 0x1048, 0x0848, 0x0868, 0x0869, 0x0889, 0x0889, 0x08A9, 0x08EA, 0x110B, 0x114B,
    0x4981, 0x51A1, 0x61C1, 0x61C1, 0x69E1, 0x69C1, 0x61C1, 0x59A2, 0x5183, 0x5184, 0x4966, 0x4167, 0x3948, 0x2908, 0x20C8, 0x18A8,
    0x1088, 0x1088, 0x1068, 0x0868, 0x0868, 0x0868, 0x0868, 0x0868, 0x0868, 0x0889, 0x0889, 0x08A9, 0x08EA, 0x090A, 0x114B, 0x118C,
    0x51A1, 0x61E1, 0x6A01, 0x7241, 0x7A61, 0x7241, 0x7241, 0x6A22, 0x6203, 0x59E4, 0x49C6, 0x49C8, 0x39A9, 0x2969, 0x2128, 0x10E8,
    0x10C8, 0x08A8, 0x0888, 0x0888, 0x0868, 0x0868, 0x0868, 0x0868, 0x0889, 0x0889, 0x08A9, 0x08EA, 0x090A, 0x094B, 0x118C, 0x11ED,
    0x59E1, 0x6A21, 0x7261, 0x7A81, 0x82C1, 0x82C1, 0x7AA1, 0x72A2, 0x6A83, 0x5A64, 0x5246, 0x4A48, 0x3A29, 0x29C9, 0x1989, 0x1149,
    0x0908, 0x08E8, 0x08C8, 0x08A8, 0x08A8, 0x0888, 0x0888, 0x0889, 0x08A9, 0x08A9, 0x08EA, 0x090A, 0x094B, 0x098C, 0x11ED, 0x1A4E,
    0x6221, 0x6A61, 0x7AA1, 0x82E1, 0x8301, 0x8301, 0x8302, 0x7AE2, 0x72C3, 0x62A4, 0x5286, 0x4288, 0x3A69, 0x2A29, 0x19EA, 0x11A9,
    0x0969, 0x0949, 0x0909, 0x08E9, 0x08E9, 0x08C9, 0x08C9, 0x08C9, 0x08CA, 0x08EA, 0x090A, 0x094B, 0x098C, 0x09CD, 0x1A2E, 0x228F,
    0x6A61, 0x72A1, 0x7AE1, 0x8301, 0x8321, 0x8321, 0x7B22, 0x7322, 0x6B02, 0x5AC3, 0x4AA5, 0x3A86, 0x3268, 0x226A, 0x1A4A, 0x120A,
    0x09CA, 0x09AA, 0x096A, 0x094A, 0x092A, 0x090A, 0x090A, 0x090A, 0x090A, 0x092B, 0x094B, 0x098C, 0x09CD, 0x120D, 0x1A8F, 0x2AF0,
    0x72A1, 0x7AC1, 0x7B01, 0x7B21, 0x7B21, 0x7321, 0x7321, 0x6B21, 0x6302, 0x52E2, 0x42A4, 0x3285, 0x2267, 0x2289, 0x1A8B, 0x126B,
    0x0A2B, 0x09EB, 0x09CB, 0x09AB, 0x098B, 0x096B, 0x096B, 0x094B, 0x096B, 0x096C, 0x09AC, 0x09CD, 0x120E, 0x126E, 0x22D0, 0x3331,
    0x7AE1, 0x7B01, 0x7B21, 0x7321, 0x6B21, 0x6321, 0x5B01, 0x5301, 0x4AE1, 0x42C2, 0x3AA3, 0x2264, 0x1A66, 0x1A88, 0x12AA, 0x12AB,
    0x128C, 0x0A6C, 0x0A2C, 0x0A0C, 0x09EC, 0x09CC, 0x09CC, 0x09AC, 0x09AD, 0x09CD, 0x09ED, 0x0A2E, 0x126E, 0x1AAF, 0x2310, 0x3371,
    0x7B01, 0x7301, 0x7321, 0x6B21, 0x5B01, 0x52E1, 0x42E1, 0x42C1, 0x3AC1, 0x32A2, 0x2A82, 0x1A64, 0x1245, 0x1288, 0x12AA, 0x12CC,
    0x12ED, 0x12CD, 0x12AD, 0x0A8D, 0x0A4D, 0x0A2D, 0x0A2D, 0x0A0D, 0x0A0D, 0x0A2E, 0x0A4E, 0x0A6E, 0x12AF, 0x1AF0, 0x2B51, 0x3BB2,
    0x7301, 0x6B01, 0x6B01, 0x5B01, 0x4AE1, 0x3AC1, 0x2AA1, 0x2AA1, 0x22A1, 0x2282, 0x1A82, 0x1243, 0x0A45, 0x0A87, 0x0AAA, 0x130C,
    0x132D, 0x134E, 0x132E, 0x12EE, 0x0ACE, 0x0AAE, 0x0A8E, 0x0A6E, 0x0A6E, 0x0A8F, 0x0AAF, 0x12CF, 0x1AF0, 0x2330, 0x2B91, 0x3BD2,
    0x6B01, 0x6301, 0x5B01, 0x4AE1, 0x3AC1, 0x2AA1, 0x22A1, 0x1A81, 0x1281, 0x1282, 0x1262, 0x0A43, 0x0A45, 0x0A87, 0x0AC9, 0x130B,
    0x134D, 0x1B8E, 0x1B8F, 0x136F, 0x134F, 0x130F, 0x0AEF, 0x0ACF, 0x0ACF, 0x0ACF, 0x12F0, 0x1310, 0x1B50, 0x2371, 0x33B2, 0x4412,
    0x6301, 0x52E1, 0x42E1, 0x3AC1, 0x2AA1, 0x22A1, 0x1A81, 0x1281, 0x1281, 0x1262, 0x0A62, 0x0A43, 0x0A65, 0x0A87, 0x0AC9, 0x132B,
    0x136D, 0x1BCF, 0x1BF0, 0x1BF0, 0x1BB0, 0x1390, 0x1350, 0x1330, 0x1330, 0x1330, 0x1330, 0x1350, 0x1B71, 0x23B1, 0x33F2, 0x4433,
    0x52E1, 0x42E1, 0x3AC1, 0x2AA1, 0x22A1, 0x1AA1, 0x1281, 0x1281, 0x0A81, 0x0A62, 0x0A62, 0x0A63, 0x0A65, 0x0AA7, 0x0AE9, 0x0B2B,
    0x138D, 0x1BCE, 0x1BF0, 0x1C11, 0x1C11, 0x1BD1, 0x13B1, 0x1391, 0x1371, 0x1371, 0x1371, 0x1B91, 0x23B1, 0x2BD2, 0x3C12, 0x4453,
    0x42C1, 0x32C1, 0x2AA1, 0x22A1, 0x1AA1, 0x1AA1, 0x12A1, 0x1281, 0x0A81, 0x0A62, 0x0A62, 0x0A64, 0x0A85, 0x0AA7, 0x0AE9, 0x0B2B,
    0x138D, 0x13CE, 0x1C0F, 0x1C30, 0x1C31, 0x1C32, 0x1C12, 0x13D1, 0x13D1, 0x13B1, 0x1BB1, 0x1BD1, 0x23F2, 0x2C12, 0x3C33, 0x4453,
    0x32C1, 0x2AA1, 0x22A1, 0x1AA1, 0x1AA1, 0x1AA1, 0x12A1, 0x12A1, 0x0A81, 0x0A82, 0x0A83, 0x0A84, 0x0AA5, 0x0AC7, 0x0B09, 0x0B2B,
    0x0B6D, 0x13CE, 0x13EF, 0x1C30, 0x1C31, 0x1C52, 0x1C32, 0x1C12, 0x1C12, 0x1BF2, 0x1BF2, 0x23F2, 0x2C12, 0x3432, 0x3C53, 0x4C73,
    0x22A1, 0x22A1, 0x1AA1, 0x1AA1, 0x1AA1, 0x1AA1, 0x12A1, 0x12A1, 0x0AA2, 0x0AA2, 0x0AA3, 0x0AA4, 0x0AA6, 0x0AE8, 0x0B09, 0x0B4B,
    0x0B6C, 0x13AE, 0x13EF, 0x1410, 0x1C31, 0x1C51, 0x1C52, 0x1C52, 0x1C32, 0x1C32, 0x2432, 0x2432, 0x2C52, 0x3453, 0x4473, 0x4C94,
    0x22A1, 0x1AA1, 0x1AA1, 0x1AC1, 0x1AC1, 0x1AC1, 0x1AC1, 0x12C1, 0x12C2, 0x0AC3, 0x0AC4, 0x0AC5, 0x0AC6, 0x0B08, 0x0B2A, 0x0B4B,
    0x0B8C, 0x13AD, 0x13EF, 0x1410, 0x1C30, 0x1C51, 0x1C72, 0x1C72, 0x1C73, 0x2473, 0x2473, 0x2C73, 0x3473, 0x3C93, 0x4493, 0x4CB4,
    0x1AA1, 0x1AA1, 0x22C1, 0x22E1, 0x22E1, 0x1AE1, 0x1AE1, 0x1AE2, 0x12E3, 0x12E4, 0x0AE5, 0x0AE6, 0x0B07, 0x0B29, 0x0B4A, 0x0B6B,
    0x0B8C, 0x13AD, 0x13EE, 0x1C0F, 0x1C50, 0x1C71, 0x2472, 0x2492, 0x2493, 0x2493, 0x2493, 0x2C93, 0x34B3, 0x3CB3, 0x4CD4, 0x54D4,
    0x1AC1, 0x22C1, 0x22E1, 0x2301, 0x2301, 0x2301, 0x2322, 0x1B22, 0x1B23, 0x1325, 0x1326, 0x1327, 0x0B28, 0x0B49, 0x0B4A, 0x0B6B,
    0x138C, 0x13CD, 0x13EE, 0x1C2F, 0x2450, 0x2471, 0x2491, 0x24B2, 0x2CB3, 0x2CB3, 0x2CB3, 0x34B3, 0x3CD4, 0x44D4, 0x4CF4, 0x54F4,
    0x22E1, 0x2AE1, 0x2B01, 0x2B21, 0x2B21, 0x2B41, 0x2B42, 0x2343, 0x2364, 0x1B66, 0x1347, 0x1348, 0x1349, 0x136A, 0x136B, 0x138C,
    0x13AC, 0x13CD, 0x1C0E, 0x1C2F, 0x2470, 0x2C91, 0x2CB1, 0x2CD2, 0x34D3, 0x34D3, 0x34F3, 0x34D4, 0x3CF4, 0x44F4, 0x4CF4, 0x5D14,
    0x2B01, 0x3321, 0x3321, 0x3341, 0x3361, 0x3362, 0x3383, 0x2B84, 0x2B85, 0x2386, 0x1B88, 0x1B89, 0x1389, 0x138A, 0x138B, 0x13AC,
    0x13CD, 0x1BED, 0x1C0E, 0x244F, 0x2C70, 0x2CB1, 0x34D1, 0x34D2, 0x3CF2, 0x3CF3, 0x3D13, 0x3D14, 0x3D14, 0x4514, 0x4D14, 0x5D35,
    0x3B21, 0x3B41, 0x3B61, 0x4361, 0x4382, 0x43A2, 0x3BA3, 0x33C5, 0x33C6, 0x2BA7, 0x23A8, 0x1BA9, 0x1BAA, 0x1BAB, 0x1BAB, 0x1BCC,
    0x1BED, 0x1C0E, 0x242E, 0x246F, 0x2C90, 0x34B1, 0x3CD1, 0x3CF2, 0x4512, 0x4513, 0x4533, 0x4534, 0x4534, 0x4535, 0x4D35, 0x5D35,
    0x4361, 0x4361, 0x4B81, 0x4BA2, 0x53C2, 0x4BE3, 0x43E4, 0x43E5, 0x3BE6, 0x33C8, 0x2BC9, 0x23C9, 0x23CA, 0x23CB, 0x23EC, 0x23ED,
    0x240D, 0x242E, 0x2C4F, 0x2C90, 0x34B0, 0x3CD1, 0x44F2, 0x4512, 0x4D33, 0x4D33, 0x4D34, 0x4D54, 0x4D54, 0x5555, 0x5555, 0x5D55,
    0x4B81, 0x53A1, 0x5BC2, 0x5BE2, 0x5C03, 0x5C04, 0x5405, 0x4C06, 0x43E7, 0x3BE8, 0x33E9, 0x2BEA, 0x2C0B, 0x2C0C, 0x240C, 0x242D,
    0x2C4E, 0x2C6E, 0x348F, 0x3CB0, 0x3CD1, 0x44F1, 0x4D12, 0x5532, 0x5533, 0x5D53, 0x5D54, 0x5D54, 0x5D74, 0x5D75, 0x5D75, 0x5D75,
    0x2861, 0x2861, 0x2861, 0x2861, 0x2861, 0x2862, 0x2862, 0x2063, 0x2063, 0x2064, 0x2044, 0x2044, 0x2045, 0x2045, 0x2045, 0x2046,
    0x2046, 0x2046, 0x2047, 0x2847, 0x2847, 0x2848, 0x2848, 0x2848, 0x2848, 0x2849, 0x3049, 0x3049, 0x304A, 0x306A, 0x386B, 0x386B,
    0x2861, 0x2861, 0x2861, 0x2861, 0x2861, 0x2862, 0x2862, 0x2863, 0x2863, 0x2864, 0x2864, 0x2845, 0x2845, 0x2845, 0x2846, 0x2846,
    0x2847, 0x2847, 0x2847, 0x2847, 0x2848, 0x2848, 0x2848, 0x2848, 0x2849, 0x2849, 0x3049, 0x304A, 0x306A, 0x306A, 0x306A, 0x306B,
    0x3081, 0x3061, 0x3061, 0x2861, 0x2861, 0x2861, 0x2862, 0x2862, 0x2863, 0x2864, 0x2864, 0x3045, 0x2845, 0x2846, 0x2846, 0x2847,
    0x2847, 0x2847, 0x2847, 0x2848, 0x2848, 0x2848, 0x2848, 0x2849, 0x2849, 0x2849, 0x304A, 0x306A, 0x306A, 0x306A, 0x306A, 0x286A,
    0x30A1, 0x3081, 0x3081, 0x3061, 0x3061, 0x3061, 0x3062, 0x3062, 0x3063, 0x3064, 0x3064, 0x3045, 0x3046, 0x3046, 0x3047, 0x3047,
    0x2847, 0x2848, 0x2848, 0x2848, 0x2848, 0x2848, 0x2849, 0x2849, 0x2849, 0x2849, 0x284A, 0x286A, 0x286A, 0x286A, 0x286A, 0x286A,
    0x38A1, 0x38A1, 0x38A1, 0x3881, 0x3061, 0x3061, 0x3061, 0x3062, 0x3863, 0x3864, 0x3865, 0x3846, 0x3846, 0x3847, 0x3047, 0x3047,
    0x3048, 0x3048, 0x2848, 0x2848, 0x2848, 0x2849, 0x2849, 0x2849, 0x2849, 0x284A, 0x286A, 0x286A, 0x286A, 0x206A, 0x206A, 0x208A,
    0x38C1, 0x40C1, 0x40C1, 0x40A1, 0x4081, 0x3881, 0x3861, 0x3862, 0x3863, 0x3864, 0x3865, 0x4066, 0x4067, 0x3847, 0x3847, 0x3048,
    0x3048, 0x2848, 0x2848, 0x2848, 0x2849, 0x2849, 0x2849, 0x2849, 0x2049, 0x204A, 0x206A, 0x206A, 0x206A, 0x206A, 0x208A, 0x20AA,
    0x40E1, 0x40E1, 0x48E1, 0x48E1, 0x48C1, 0x40A1, 0x4081, 0x4081, 0x4082, 0x4084, 0x4065, 0x4066, 0x4067, 0x3867, 0x3848, 0x3048,
    0x3048, 0x2848, 0x2848, 0x2848, 0x2049, 0x2049, 0x2049, 0x2049, 0x2049, 0x2049, 0x2069, 0x1869, 0x186A, 0x188A, 0x18AA, 0x18CA,
    0x4921, 0x4921, 0x5121, 0x5121, 0x5101, 0x50E1, 0x48C1, 0x48C1, 0x40A2, 0x40A3, 0x40A5, 0x48A6, 0x40A7, 0x3888, 0x3068, 0x3068,
    0x2848, 0x2848, 0x2048, 0x2048, 0x2049, 0x2049, 0x2049, 0x1849, 0x1849, 0x1869, 0x1869, 0x1869, 0x188A, 0x18AA, 0x18CA, 0x190B,
    0x4941, 0x5161, 0x5961, 0x5961, 0x5941, 0x5941, 0x5921, 0x5101, 0x48E2, 0x48E3, 0x48E5, 0x48E7, 0x48E8, 0x38A8, 0x3088, 0x2868,
    0x2068, 0x2068, 0x2048, 0x2048, 0x1849, 0x1849, 0x1849, 0x1849, 0x1069, 0x1069, 0x1069, 0x1089, 0x10AA, 0x10CA, 0x190B, 0x194C,
    0x5181, 0x59A1, 0x61A1, 0x69C1, 0x69C1, 0x69A1, 0x69A1, 0x6181, 0x5962, 0x5143, 0x5145, 0x5147, 0x4948, 0x4108, 0x30E8, 0x28A8,
    0x2088, 0x1868, 0x1868, 0x1868, 0x1068, 0x1068, 0x1068, 0x1069, 0x1069, 0x1089, 0x1089, 0x10AA, 0x10EA, 0x110B, 0x194C, 0x19AC,
    0x59C1, 0x61E1, 0x6A01, 0x7221, 0x7A21, 0x7A21, 0x7221, 0x7202, 0x69E2, 0x61C3, 0x59A5, 0x59C7, 0x51C9, 0x4169, 0x3129, 0x20E8,
    0x18C8, 0x10A8, 0x1088, 0x1088, 0x1068, 0x0868, 0x0868, 0x0868, 0x0889, 0x0889, 0x08A9, 0x08EA, 0x110B, 0x114B, 0x19AC, 0x220D,
    0x61E1, 0x6A21, 0x7261, 0x7A81, 0x82A1, 0x82A1, 0x82A1, 0x7A82, 0x7A83, 0x7264, 0x6A46, 0x6248, 0x5229, 0x41E9, 0x31A9, 0x2169,
    0x1929, 0x10E8, 0x10C8, 0x08A8, 0x08A8, 0x0888, 0x0889, 0x0889, 0x08A9, 0x08A9, 0x08EA, 0x090A, 0x114B, 0x118C, 0x19ED, 0x226E,
    0x6A21, 0x7261, 0x7AA1, 0x82C1, 0x8B01, 0x8B02, 0x8B02, 0x8B02, 0x82E3, 0x7AE4, 0x6AC6, 0x62A8, 0x5289, 0x426A, 0x320A, 0x21CA,
    0x1989, 0x1149, 0x0909, 0x08E9, 0x08C9, 0x08C9, 0x08A9, 0x08A9, 0x08C9, 0x08EA, 0x090A, 0x094B, 0x118C, 0x11ED, 0x224E, 0x2AAF,
    0x7261, 0x7AA1, 0x82E1, 0x8B01, 0x9342, 0x9342, 0x9362, 0x8B42, 0x8342, 0x7B24, 0x6B05, 0x5AC7, 0x4AA8, 0x3AAA, 0x328B, 0x222A,
    0x19EA, 0x11AA, 0x096A, 0x094A, 0x092A, 0x090A, 0x08EA, 0x08EA, 0x090A, 0x092B, 0x094B, 0x098C, 0x11ED, 0x122E, 0x22AF, 0x3310,
    0x7AA1, 0x82E1, 0x8301, 0x8B42, 0x8B62, 0x8B62, 0x8B62, 0x8362, 0x8362, 0x7343, 0x6B24, 0x52E5, 0x42C7, 0x3AC9, 0x2AAB, 0x228B,
    0x1A4B, 0x120B, 0x09CB, 0x09AB, 0x098B, 0x096B, 0x094B, 0x094B, 0x094B, 0x096C, 0x09AC, 0x09CD, 0x122E, 0x1A8F, 0x2AF0, 0x3B71,
    0x7AE1, 0x8301, 0x8341, 0x8342, 0x8362, 0x7B61, 0x7361, 0x7341, 0x6B42, 0x6B42, 0x5B03, 0x42C4, 0x32A6, 0x2AA8, 0x22CA, 0x22CB,
    0x1AAC, 0x126C, 0x0A2C, 0x0A0C, 0x09EC, 0x09CC, 0x09AC, 0x09AC, 0x09AC, 0x09CD, 0x09ED, 0x122E, 0x128F, 0x22D0, 0x3351, 0x43B2,
    0x8301, 0x8321, 0x8341, 0x7B41, 0x7341, 0x6B41, 0x6321, 0x5B21, 0x5B21, 0x5322, 0x4B02, 0x32C3, 0x22A5, 0x22A7, 0x1AC9, 0x1AEB,
    0x1AED, 0x1ACD, 0x12AD, 0x128D, 0x0A4D, 0x0A2D, 0x0A0D, 0x0A0D, 0x0A0D, 0x0A2E, 0x0A4E, 0x128F, 0x1AD0, 0x2330, 0x3B91, 0x4BF2,
    0x8321, 0x7B41, 0x7B41, 0x6B21, 0x6321, 0x5321, 0x4B01, 0x4301, 0x3AE1, 0x3AE1, 0x32E2, 0x2AA3, 0x1A84, 0x1AA7, 0x12C9, 0x1B0B,
    0x1B2D, 0x1B4E, 0x1B2E, 0x12EE, 0x12CE, 0x0AAE, 0x0A8E, 0x0A6E, 0x0A6E, 0x0A8F, 0x12AF, 0x12F0, 0x2330, 0x2B71, 0x3BB2, 0x4C13,
    0x7B21, 0x7321, 0x6B21, 0x5B21, 0x5301, 0x4301, 0x3AE1, 0x32E1, 0x2AC1, 0x2AC1, 0x22C2, 0x1A83, 0x1284, 0x12A6, 0x12C8, 0x130B,
    0x1B4D, 0x238E, 0x238F, 0x1B6F, 0x134F, 0x130F, 0x12EF, 0x0ACF, 0x0ACF, 0x12CF, 0x1310, 0x1B30, 0x2371, 0x2BB1, 0x43F2, 0x5433,
    0x7321, 0x6321, 0x5B01, 0x4B01, 0x42E1, 0x32E1, 0x2AC1, 0x22C1, 0x22C1, 0x22C1, 0x1AA2, 0x1283, 0x1284, 0x0AA6, 0x0AC8, 0x130B,
    0x136D, 0x1BAE, 0x23EF, 0x23F0, 0x23D0, 0x1B90, 0x1370, 0x1350, 0x1330, 0x1330, 0x1B50, 0x1B71, 0x23B1, 0x33D2, 0x4413, 0x5453,
    0x6321, 0x5B01, 0x4B01, 0x42E1, 0x32E1, 0x2AE1, 0x2AC1, 0x22C1, 0x1AC1, 0x1AA1, 0x12A2, 0x1283, 0x1284, 0x0AA6, 0x0AC8, 0x132A,
    0x136C, 0x1BCE, 0x240F, 0x2430, 0x2411, 0x1BF1, 0x1BD1, 0x1391, 0x1391, 0x1391, 0x1B91, 0x23B1, 0x2BD2, 0x3412, 0x4433, 0x5474,
    0x5301, 0x4AE1, 0x3AE1, 0x32E1, 0x2AE1, 0x2AE1, 0x22E1, 0x22C1, 0x1AC1, 0x1AC2, 0x12A2, 0x12A3, 0x0AA4, 0x0AA6, 0x0AE8, 0x0B2A,
    0x136C, 0x1BCE, 0x1C0F, 0x2430, 0x2451, 0x2452, 0x1C32, 0x1BF2, 0x1BD1, 0x1BD1, 0x23D1, 0x23F2, 0x2C12, 0x3C32, 0x4453, 0x5494,
    0x42E1, 0x3AE1, 0x32E1, 0x2AE1, 0x2AE1, 0x2AE1, 0x22E1, 0x22E1, 0x1AE1, 0x1AC2, 0x12C2, 0x12A3, 0x0AA5, 0x0AC7, 0x0AE8, 0x0B2A,
    0x136C, 0x13AD, 0x1BEF, 0x1C30, 0x2451, 0x2472, 0x2452, 0x1C32, 0x1C32, 0x2412, 0x2412, 0x2C32, 0x3432, 0x3C53, 0x4C73, 0x54B4,
    0x32C1, 0x32C1, 0x2AC1, 0x2AE1, 0x2AE1, 0x2B01, 0x2B01, 0x2301, 0x1AE1, 0x1AE2, 0x12E3, 0x12C4, 0x0AC5, 0x0AE7, 0x0B09, 0x0B2A,
    0x0B6C, 0x13AD, 0x13EF, 0x1C30, 0x1C51, 0x2472, 0x2472, 0x2473, 0x2473, 0x2452, 0x2C53, 0x3453, 0x3C73, 0x4473, 0x4C94, 0x5CD4,
    0x2AC1, 0x2AE1, 0x2AE1, 0x2B01, 0x3301, 0x2B21, 0x2B21, 0x2321, 0x2322, 0x1B03, 0x1304, 0x12E5, 0x0AE6, 0x0B08, 0x0B29, 0x0B4A,
    0x0B6C, 0x13AD, 0x13EE, 0x1C2F, 0x1C50, 0x2471, 0x2492, 0x2493, 0x2493, 0x2493, 0x2C93, 0x3493, 0x3C93, 0x44B3, 0x54D4, 0x5CD4,
    0x2AC1, 0x2AE1, 0x3301, 0x3321, 0x3321, 0x3341, 0x3341, 0x2B42, 0x2342, 0x2343, 0x1B24, 0x1326, 0x1327, 0x0B28, 0x0B4A, 0x0B6B,
    0x138C, 0x13AD, 0x13EE, 0x1C2F, 0x2450, 0x2491, 0x2492, 0x24B2, 0x2CB3, 0x2CB3, 0x34B3, 0x3CB3, 0x44D4, 0x4CD4, 0x54F4, 0x64F4,
    0x2AE1, 0x3301, 0x3B21, 0x3B41, 0x3B41, 0x3B61, 0x3B61, 0x3362, 0x2B63, 0x2364, 0x2365, 0x1B47, 0x1348, 0x1369, 0x136A, 0x138B,
    0x13AC, 0x13CD, 0x1C0E, 0x1C2F, 0x2470, 0x2C91, 0x2CB2, 0x2CD2, 0x34D3, 0x34D3, 0x34D4, 0x3CF4, 0x44F4, 0x4CF4, 0x5514, 0x6515,
    0x3301, 0x3B21, 0x4341, 0x4361, 0x4361, 0x4381, 0x43A2, 0x3BA3, 0x33A4, 0x2BA5, 0x2386, 0x1B88, 0x1B89, 0x138A, 0x138A, 0x13AB,
    0x13AC, 0x1BED, 0x1C0E, 0x244F, 0x2C70, 0x2CB1, 0x34D2, 0x34F2, 0x3CF3, 0x3D13, 0x3D14, 0x3D14, 0x4514, 0x4D14, 0x5D35, 0x6535,
    0x4341, 0x4361, 0x4B81, 0x4B81, 0x53A1, 0x4BC2, 0x4BC2, 0x43C3, 0x43C4, 0x33C6, 0x2BC7, 0x23A8, 0x1BA9, 0x1BAA, 0x1BAB, 0x1BCC,
    0x1BED, 0x1C0D, 0x242E, 0x246F, 0x2C90, 0x34D1, 0x3CF2, 0x44F2, 0x4513, 0x4513, 0x4534, 0x4534, 0x4D34, 0x4D35, 0x5D35, 0x6555,
    0x4B61, 0x5381, 0x53A1, 0x5BC1, 0x5BE2, 0x5BE2, 0x5C03, 0x5404, 0x43E5, 0x3BE6, 0x33E8, 0x2BC8, 0x23C9, 0x23CA, 0x1BCB, 0x1BEC,
    0x240D, 0x242E, 0x244E, 0x2C6F, 0x34B0, 0x3CD1, 0x44F2, 0x4D12, 0x4D33, 0x4D33, 0x4D54, 0x4D54, 0x4D55, 0x5555, 0x5D55, 0x6555,
    0x5B81, 0x5BA1, 0x63C2, 0x6BE2, 0x6C02, 0x6423, 0x6423, 0x5C04, 0x5405, 0x4406, 0x3C08, 0x3409, 0x2C0A, 0x2C0B, 0x2C0C, 0x2C0D,
    0x2C2D, 0x2C4E, 0x346F, 0x3CB0, 0x3CD1, 0x44F1, 0x4D12, 0x5532, 0x5553, 0x5D53, 0x5D54, 0x5D74, 0x5D75, 0x5D75, 0x6575, 0x6575,
    0x63C1, 0x6BE2, 0x7402, 0x7422, 0x7443, 0x7443, 0x6C44, 0x6424, 0x5C25, 0x4C26, 0x4408, 0x4429, 0x3C2A, 0x342B, 0x344C, 0x344D,
    0x346E, 0x348F, 0x3CAF, 0x44D0, 0x4CF1, 0x5511, 0x5D32, 0x5D53, 0x6553, 0x6574, 0x6574, 0x6574, 0x6D95, 0x6D95, 0x6595, 0x6596,
    0x2861, 0x2861, 0x2861, 0x2861, 0x2861, 0x2862, 0x2862, 0x2863, 0x2863, 0x2864, 0x2864, 0x2844, 0x2845, 0x2845, 0x2845, 0x2846,
    0x2846, 0x2847, 0x2847, 0x2847, 0x3048, 0x3048, 0x3048, 0x3048, 0x3049, 0x3049, 0x3849, 0x384A, 0x386A, 0x406A, 0x406B, 0x406B,
    0x3061, 0x3061, 0x2861, 0x2861, 0x2861, 0x2861, 0x2862, 0x2862, 0x2863, 0x2864, 0x2864, 0x3044, 0x3045, 0x3045, 0x3046, 0x3046,
    0x3047, 0x3047, 0x3047, 0x3048, 0x3048, 0x3048, 0x3048, 0x3049, 0x3049, 0x3049, 0x384A, 0x386A, 0x386A, 0x406B, 0x406B, 0x386B,
    0x3081, 0x3061, 0x3061, 0x3061, 0x3061, 0x3061, 0x3062, 0x3062, 0x3063, 0x3064, 0x3064, 0x3045, 0x3045, 0x3046, 0x3046, 0x3047,
    0x3047, 0x3047, 0x3048, 0x3048, 0x3048, 0x3048, 0x3049, 0x3049, 0x3049, 0x384A, 0x386A, 0x386A, 0x386B, 0x386B, 0x386B, 0x388B,
    0x38A1, 0x3881, 0x3881, 0x3861, 0x3061, 0x3061, 0x3061, 0x3062, 0x3863, 0x3864, 0x3864, 0x3845, 0x3846, 0x3846, 0x3847, 0x3847,
    0x3848, 0x3848, 0x3048, 0x3048, 0x3048, 0x3049, 0x3049, 0x3049, 0x3849, 0x384A, 0x386A, 0x386A, 0x386B, 0x386B, 0x306B, 0x308B,
    0x38C1, 0x40A1, 0x40A1, 0x3881, 0x3861, 0x3861, 0x3861, 0x3862, 0x3863, 0x3863, 0x3864, 0x4045, 0x4046, 0x4047, 0x4047, 0x4048,
    0x3848, 0x3848, 0x3848, 0x3848, 0x3049, 0x3049, 0x3049, 0x3049, 0x384A, 0x386A, 0x386A, 0x386B, 0x306B, 0x306B, 0x308B, 0x288B,
    0x40E1, 0x40C1, 0x40C1, 0x40A1, 0x4081, 0x4081, 0x3861, 0x3862, 0x4062, 0x4063, 0x4064, 0x4065, 0x4046, 0x4047, 0x4048, 0x4048,
    0x3848, 0x3848, 0x3848, 0x3849, 0x3049, 0x3049, 0x3049, 0x304A, 0x306A, 0x306A, 0x306A, 0x306A, 0x286A, 0x286A, 0x288B, 0x28AB,
    0x4901, 0x48E1, 0x48E1, 0x48C1, 0x48A1, 0x4081, 0x4081, 0x4081, 0x4062, 0x4063, 0x4064, 0x4865, 0x4867, 0x4867, 0x4848, 0x4048,
    0x4048, 0x3848, 0x3849, 0x3049, 0x3049, 0x3049, 0x304A, 0x306A, 0x306A, 0x306A, 0x286A, 0x286A, 0x286A, 0x288A, 0x28AB, 0x28CB,
    0x4921, 0x5121, 0x5121, 0x5101, 0x50E1, 0x50C1, 0x48C1, 0x48A1, 0x48A2, 0x4883, 0x4884, 0x4885, 0x4887, 0x4888, 0x4868, 0x4068,
    0x3848, 0x3849, 0x3049, 0x3049, 0x3049, 0x3049, 0x284A, 0x286A, 0x286A, 0x286A, 0x206A, 0x206A, 0x208A, 0x20AA, 0x20CB, 0x290B,
    0x5141, 0x5941, 0x5961, 0x5941, 0x6141, 0x5921, 0x5901, 0x50E1, 0x48C1, 0x48C3, 0x48C4, 0x50C6, 0x50A7, 0x48A8, 0x48A8, 0x4088,
    0x3869, 0x3069, 0x3049, 0x3049, 0x2849, 0x2849, 0x286A, 0x206A, 0x206A, 0x206A, 0x206A, 0x188A, 0x20AA, 0x20CB, 0x210B, 0x214C,
    0x5981, 0x5981, 0x61A1, 0x69A1, 0x69A1, 0x6981, 0x6961, 0x6141, 0x5942, 0x5923, 0x5104, 0x5126, 0x5127, 0x5108, 0x48E9, 0x40C9,
    0x3089, 0x2889, 0x2869, 0x2069, 0x2069, 0x2069, 0x2069, 0x1869, 0x1869, 0x1869, 0x188A, 0x18AA, 0x18EA, 0x190B, 0x216C, 0x29AD,
    0x61C1, 0x61C1, 0x69E1, 0x7201, 0x7201, 0x7201, 0x71E1, 0x71C1, 0x69A2, 0x6183, 0x6184, 0x5986, 0x5988, 0x5989, 0x496A, 0x3909,
    0x30C9, 0x28A9, 0x2089, 0x2069, 0x1869, 0x1869, 0x1869, 0x1069, 0x1089, 0x1089, 0x10AA, 0x10CA, 0x190B, 0x194C, 0x21AD, 0x2A0E,
    0x6A01, 0x6A21, 0x7A41, 0x7A61, 0x8281, 0x8281, 0x8281, 0x8262, 0x7A42, 0x7223, 0x6A24, 0x6A06, 0x6208, 0x5A0A, 0x51EA, 0x398A,
    0x312A, 0x20E9, 0x18C9, 0x18A9, 0x1089, 0x1089, 0x1089, 0x1089, 0x10A9, 0x10AA, 0x10EA, 0x110B, 0x114C, 0x19AC, 0x220E, 0x326F,
    0x6A41, 0x7A61, 0x82A1, 0x8AA1, 0x8AE1, 0x92E2, 0x92E2, 0x8AE2, 0x8AC2, 0x82C3, 0x7AA5, 0x7287, 0x6A88, 0x628A, 0x526B, 0x39EB,
    0x29AA, 0x214A, 0x1909, 0x10E9, 0x10C9, 0x08A9, 0x08A9, 0x08A9, 0x08C9, 0x08EA, 0x090B, 0x114B, 0x11AC, 0x19ED, 0x2A6F, 0x3AD0,
    0x7261, 0x7AA1, 0x8AE1, 0x8B02, 0x9322, 0x9B42, 0x9B62, 0x9342, 0x9342, 0x8B24, 0x8305, 0x7307, 0x6AE9, 0x62EA, 0x52CB, 0x3A6B,
    0x2A0B, 0x19CA, 0x118A, 0x114A, 0x092A, 0x090A, 0x08EA, 0x08EA, 0x08EA, 0x090A, 0x094B, 0x098C, 0x11ED, 0x1A4E, 0x32B0, 0x4331,
    0x7AA1, 0x82E1, 0x8B02, 0x9342, 0x9B62, 0x9B82, 0x9BA2, 0x9382, 0x9382, 0x8B83, 0x8364, 0x7346, 0x6B28, 0x5B2A, 0x4B0B, 0x3ACC,
    0x2A8C, 0x1A2B, 0x11EB, 0x11AB, 0x098B, 0x096B, 0x094B, 0x092B, 0x094B, 0x094B, 0x098C, 0x11ED, 0x1A4E, 0x22AF, 0x3B10, 0x4B92,
    0x82E1, 0x8B01, 0x8B42, 0x9362, 0x9382, 0x9382, 0x93A2, 0x8BA2, 0x8BA2, 0x8383, 0x7B83, 0x6B45, 0x6327, 0x5329, 0x430A, 0x3B0C,
    0x2AEC, 0x22AC, 0x124C, 0x122C, 0x09EC, 0x09CC, 0x09AC, 0x098C, 0x09AC, 0x09CD, 0x0A0D, 0x124E, 0x1AAF, 0x2B10, 0x4371, 0x53D2,
    0x8301, 0x8B42, 0x8B62, 0x8B62, 0x8B82, 0x8382, 0x8382, 0x7B82, 0x7B82, 0x7B82, 0x7363, 0x6344, 0x5325, 0x4307, 0x3B09, 0x332B,
    0x2B2D, 0x230D, 0x1ACD, 0x128D, 0x126D, 0x0A2D, 0x0A0D, 0x0A0D, 0x0A0D, 0x0A2E, 0x126E, 0x1AAF, 0x22F0, 0x3351, 0x43B2, 0x5C13,
    0x8B42, 0x8B42, 0x8362, 0x8362, 0x7B62, 0x7361, 0x6B61, 0x6B61, 0x6361, 0x6362, 0x5B42, 0x5323, 0x4304, 0x32E6, 0x2AE8, 0x2B2B,
    0x2B4D, 0x2B6E, 0x234E, 0x1B0E, 0x12CE, 0x12AE, 0x0A8E, 0x0A6E, 0x0A8E, 0x128F, 0x12CF, 0x1B10, 0x2B51, 0x3B92, 0x4BF2, 0x5C33,
    0x8342, 0x8361, 0x7B61, 0x7361, 0x6B61, 0x6341, 0x5B41, 0x5B41, 0x5341, 0x5341, 0x4B22, 0x4302, 0x32E3, 0x22C5, 0x1AE8, 0x1B2A,
    0x236C, 0x2BAE, 0x2BAF, 0x238F, 0x1B4F, 0x132F, 0x130F, 0x12EF, 0x12EF, 0x12F0, 0x1B10, 0x2351, 0x2B91, 0x3BD2, 0x4C13, 0x6454,
    0x7B41, 0x7341, 0x6B41, 0x6B41, 0x5B41, 0x5B41, 0x5341, 0x4B21, 0x4321, 0x4321, 0x3B22, 0x3302, 0x2AE3, 0x1AC5, 0x12C7, 0x1B2A,
    0x1B6C, 0x23CE, 0x2BEF, 0x2C10, 0x2BF0, 0x23B0, 0x1B70, 0x1350, 0x1350, 0x1350, 0x1B71, 0x2391, 0x33D2, 0x4413, 0x5453, 0x6474,
    0x7341, 0x6B41, 0x6341, 0x5B21, 0x5321, 0x4B21, 0x4B21, 0x4321, 0x4321, 0x3B21, 0x3302, 0x2AE2, 0x1AE3, 0x12C5, 0x12C7, 0x132A,
    0x1B6C, 0x23CE, 0x2C0F, 0x2C30, 0x2C31, 0x2411, 0x23F1, 0x1BB1, 0x1BB1, 0x1B91, 0x23B1, 0x2BD2, 0x3412, 0x4433, 0x5473, 0x6494,
    0x6321, 0x5B21, 0x5321, 0x5321, 0x4B21, 0x4B21, 0x4341, 0x4341, 0x3B41, 0x3321, 0x2B22, 0x2302, 0x1AE4, 0x12C5, 0x0AE7, 0x1329,
    0x136B, 0x1BCD, 0x240F, 0x2C50, 0x2C71, 0x2C72, 0x2C52, 0x2412, 0x23F2, 0x23F2, 0x23F2, 0x2C12, 0x3C33, 0x4453, 0x5494, 0x64B4,
    0x5B21, 0x5321, 0x4B21, 0x4B21, 0x4B21, 0x4B41, 0x4341, 0x4341, 0x3B41, 0x3341, 0x2B22, 0x2303, 0x1304, 0x12E6, 0x0B08, 0x0B29,
    0x136B, 0x13AD, 0x1C0F, 0x2450, 0x2C71, 0x2C92, 0x2C72, 0x2452, 0x2452, 0x2432, 0x2C32, 0x3453, 0x3C73, 0x4C93, 0x5CB4, 0x64D4,
    0x4B01, 0x4B01, 0x4321, 0x4321, 0x4B41, 0x4B41, 0x4B61, 0x4361, 0x4361, 0x3B42, 0x2B42, 0x2323, 0x1325, 0x1306, 0x0B08, 0x0B4A,
    0x136B, 0x13AD, 0x1BEE, 0x2430, 0x2471, 0x2C92, 0x2C92, 0x2C93, 0x2C93, 0x2C73, 0x3473, 0x3C73, 0x4493, 0x4CB4, 0x5CD4, 0x64F4,
    0x4301, 0x4321, 0x4321, 0x4B41, 0x4B61, 0x4B61, 0x4B81, 0x4B81, 0x4382, 0x3B82, 0x3363, 0x2364, 0x1B46, 0x1327, 0x0B49, 0x0B4A,
    0x138B, 0x13AD, 0x1BEE, 0x1C2F, 0x2470, 0x2C91, 0x2CB2, 0x2CB3, 0x2CB3, 0x34B3, 0x34B3, 0x3CB3, 0x44B4, 0x54D4, 0x5CF4, 0x6D15,
    0x3B01, 0x4321, 0x4B41, 0x4B61, 0x5381, 0x5381, 0x53A1, 0x53A2, 0x4BA2, 0x43A2, 0x3383, 0x2B85, 0x1B67, 0x1368, 0x1369, 0x136A,
    0x138C, 0x13CD, 0x1BEE, 0x1C2F, 0x2470, 0x2CB1, 0x2CB2, 0x34D3, 0x34D3, 0x34D4, 0x3CD4, 0x44D4, 0x4CF4, 0x54F4, 0x6515, 0x6D15,
    0x4321, 0x4B41, 0x5361, 0x5381, 0x5BA1, 0x5BA1, 0x5BC2, 0x53C2, 0x53C2, 0x4BC3, 0x3BC4, 0x2BA6, 0x2387, 0x1B89, 0x138A, 0x138B,
    0x13AC, 0x1BCD, 0x1C0E, 0x244F, 0x2C90, 0x34B1, 0x34D2, 0x3CF3, 0x3CF3, 0x3D14, 0x3D14, 0x4514, 0x4D14, 0x5515, 0x6535, 0x6D35,
    0x4B41, 0x5361, 0x5B81, 0x63A1, 0x63C1, 0x63E2, 0x63E2, 0x63E2, 0x5C03, 0x4BE4, 0x43E5, 0x33C6, 0x2BC8, 0x23A9, 0x1BAA, 0x1BAB,
    0x1BCC, 0x1BED, 0x242E, 0x244F, 0x2C90, 0x34D1, 0x3CF2, 0x4512, 0x4513, 0x4534, 0x4534, 0x4534, 0x4D35, 0x5D35, 0x6555, 0x6D55,
    0x5361, 0x5B81, 0x63C1, 0x6BC2, 0x6BE2, 0x6C02, 0x6C02, 0x6423, 0x6423, 0x5404, 0x4C05, 0x3BE7, 0x33E8, 0x23C9, 0x23CB, 0x23EC,
    0x23EC, 0x240D, 0x244E, 0x2C6F, 0x34B0, 0x3CD1, 0x4512, 0x4D12, 0x4D33, 0x4D54, 0x4D54, 0x4D55, 0x5555, 0x5D55, 0x6555, 0x7575,
    0x63A1, 0x6BC1, 0x6BE2, 0x7402, 0x7422, 0x7422, 0x7443, 0x6C43, 0x6424, 0x5C25, 0x5406, 0x4407, 0x3C08, 0x340A, 0x2C0B, 0x2C0C,
    0x2C2D, 0x2C4E, 0x2C6F, 0x3490, 0x3CD0, 0x44F1, 0x4D12, 0x5533, 0x5553, 0x5D54, 0x5D54, 0x5D75, 0x5D75, 0x5D75, 0x6575, 0x7576,
    0x6BC2, 0x73E2, 0x7C02, 0x7C22, 0x8442, 0x7C43, 0x7C63, 0x7444, 0x6C44, 0x6425, 0x5C26, 0x4C27, 0x4429, 0x3C2A, 0x342C, 0x344D,
    0x344D, 0x346E, 0x3C8F, 0x44D0, 0x4CF1, 0x5511, 0x5D32, 0x5D53, 0x6573, 0x6574, 0x6574, 0x6595, 0x6D95, 0x6D95, 0x6D96, 0x7596,
    0x7BE2, 0x8422, 0x8C42, 0x8C63, 0x8C63, 0x8463, 0x8464, 0x7C64, 0x7444, 0x6C45, 0x6446, 0x5C48, 0x5449, 0x444B, 0x446C, 0x3C6D,
    0x448E, 0x44AF, 0x4CD0, 0x4CF0, 0x5511, 0x5D32, 0x6552, 0x6D73, 0x6D74, 0x7594, 0x7594, 0x7595, 0x75B5, 0x75B5, 0x75B6, 0x75B6,
    0x3061, 0x2861, 0x2861, 0x2861, 0x3061, 0x2862, 0x2862, 0x2863, 0x2863, 0x2863, 0x2864, 0x2864, 0x2845, 0x2845, 0x2845, 0x3046,
    0x3046, 0x3047, 0x3047, 0x3047, 0x3048, 0x3848, 0x3848, 0x3848, 0x3849, 0x3849, 0x3849, 0x404A, 0x406A, 0x406B, 0x486B, 0x488B,
    0x3061, 0x3061, 0x3061, 0x3061, 0x3061, 0x3061, 0x3062, 0x3062, 0x3063, 0x3063, 0x3064, 0x3064, 0x3045, 0x3045, 0x3046, 0x3846,
    0x3847, 0x3847, 0x3848, 0x3848, 0x3848, 0x3848, 0x3848, 0x3849, 0x3849, 0x3849, 0x404A, 0x406A, 0x406B, 0x486B, 0x488B, 0x488B,
    0x3881, 0x3861, 0x3061, 0x3061, 0x3061, 0x3061, 0x3062, 0x3862, 0x3863, 0x3863, 0x3864, 0x3865, 0x3845, 0x3846, 0x3846, 0x3847,
    0x3847, 0x3848, 0x3848, 0x3848, 0x3848, 0x3849, 0x3849, 0x3849, 0x4049, 0x404A, 0x406A, 0x406B, 0x406B, 0x488B, 0x408B, 0x408B,
    0x38A1, 0x3881, 0x3881, 0x3861, 0x3861, 0x3861, 0x3861, 0x3862, 0x3863, 0x3863, 0x3864, 0x4045, 0x4046, 0x4046, 0x4047, 0x4047,
    0x4048, 0x4048, 0x4048, 0x4048, 0x3849, 0x3849, 0x4049, 0x4049, 0x404A, 0x406A, 0x406A, 0x406B, 0x406B, 0x408B, 0x408B, 0x388B,
    0x40C1, 0x40A1, 0x40A1, 0x4081, 0x3861, 0x3861, 0x3861, 0x3862, 0x4062, 0x4063, 0x4064, 0x4045, 0x4846, 0x4847, 0x4847, 0x4848,
    0x4048, 0x4048, 0x4048, 0x4049, 0x4049, 0x4049, 0x4049, 0x404A, 0x406A, 0x406A, 0x406B, 0x406B, 0x408B, 0x388B, 0x388B, 0x38AB,
    0x48E1, 0x48C1, 0x48C1, 0x48A1, 0x4081, 0x4061, 0x4061, 0x4061, 0x4062, 0x4063, 0x4064, 0x4865, 0x4846, 0x5047, 0x5048, 0x4848,
    0x4848, 0x4049, 0x4049, 0x4049, 0x4049, 0x4049, 0x404A, 0x406A, 0x406A, 0x406B, 0x406B, 0x386B, 0x388B, 0x388B, 0x38AB, 0x38AB,
    0x4901, 0x48E1, 0x50E1, 0x50C1, 0x48A1, 0x4881, 0x4061, 0x4061, 0x4062, 0x4863, 0x4864, 0x4865, 0x5066, 0x5067, 0x5068, 0x5048,
    0x4849, 0x4849, 0x4049, 0x4049, 0x4049, 0x404A, 0x406A, 0x406A, 0x406A, 0x386B, 0x386B, 0x388B, 0x308B, 0x308B, 0x30AB, 0x30CB,
    0x5121, 0x5121, 0x5921, 0x5901, 0x50E1, 0x50C1, 0x50A1, 0x4881, 0x4881, 0x4882, 0x4883, 0x4865, 0x5066, 0x5067, 0x5068, 0x5069,
    0x4869, 0x4849, 0x4049, 0x4049, 0x404A, 0x384A, 0x386A, 0x386A, 0x386A, 0x386B, 0x306B, 0x308B, 0x308B, 0x30AB, 0x30EB, 0x310C,
    0x5141, 0x5941, 0x6141, 0x6141, 0x6121, 0x5901, 0x58E1, 0x50C1, 0x50A1, 0x50A2, 0x50A3, 0x50A5, 0x5086, 0x58A8, 0x5888, 0x5089,
    0x4869, 0x4069, 0x4069, 0x4049, 0x386A, 0x386A, 0x386A, 0x306A, 0x306A, 0x306A, 0x288A, 0x288A, 0x28AB, 0x28CB, 0x310C, 0x314D,
    0x5981, 0x6181, 0x6981, 0x6981, 0x6981, 0x6961, 0x6941, 0x6121, 0x6101, 0x5902, 0x58E3, 0x58E5, 0x58E6, 0x58E8, 0x58E9, 0x50C9,
    0x48A9, 0x4089, 0x3869, 0x3869, 0x306A, 0x306A, 0x306A, 0x286A, 0x286A, 0x288A, 0x208A, 0x20AB, 0x20EB, 0x290C, 0x316C, 0x39AD,
    0x61C1, 0x69C1, 0x69E1, 0x71E1, 0x71E1, 0x71C1, 0x71C1, 0x71A1, 0x6981, 0x6962, 0x6143, 0x6145, 0x6147, 0x6169, 0x614A, 0x512A,
    0x40EA, 0x38A9, 0x3089, 0x3089, 0x2869, 0x286A, 0x206A, 0x206A, 0x208A, 0x208A, 0x20AA, 0x20CB, 0x210B, 0x214C, 0x31AD, 0x3A0E,
    0x6A01, 0x7221, 0x7A21, 0x7A41, 0x8241, 0x8241, 0x8241, 0x8221, 0x7A02, 0x7A02, 0x71E3, 0x69C5, 0x69C7, 0x69E9, 0x61EA, 0x51AB,
    0x414A, 0x390A, 0x28CA, 0x20A9, 0x2089, 0x2089, 0x1889, 0x1889, 0x18AA, 0x18AA, 0x18EB, 0x190B, 0x216C, 0x21AD, 0x322E, 0x428F,
    0x7241, 0x7A61, 0x8281, 0x8AA1, 0x8AA1, 0x92C1, 0x92C2, 0x92A2, 0x8AA2, 0x8283, 0x8284, 0x7A65, 0x7267, 0x728A, 0x6A6B, 0x5A2B,
    0x41CB, 0x316A, 0x292A, 0x20EA, 0x18C9, 0x18A9, 0x10A9, 0x10A9, 0x10CA, 0x10EA, 0x110B, 0x194C, 0x21AD, 0x220E, 0x3A8F, 0x4AF0,
    0x7A81, 0x82A1, 0x8AC1, 0x92E2, 0x9B22, 0x9B22, 0xA342, 0x9B42, 0x9B22, 0x9323, 0x8B04, 0x8306, 0x7AE8, 0x7B0A, 0x6AEB, 0x5AAC,
    0x424C, 0x31EB, 0x21AB, 0x196A, 0x192A, 0x110A, 0x10EA, 0x10EA, 0x10EA, 0x110B, 0x114B, 0x118C, 0x220D, 0x2A6F, 0x3AD0, 0x5351,
    0x82A1, 0x8AE1, 0x9302, 0x9B42, 0x9B62, 0xA382, 0xA3A2, 0xA3A2, 0xA3A3, 0x9B84, 0x9385, 0x8B66, 0x8368, 0x7B4A, 0x6B2B, 0x5B0C,
    0x42CC, 0x326C, 0x220B, 0x19CB, 0x118B, 0x116B, 0x094B, 0x092B, 0x092B, 0x094B, 0x118C, 0x11ED, 0x224E, 0x2AD0, 0x4331, 0x5BB2,
    0x82E1, 0x8B02, 0x9342, 0x9B62, 0xA3A2, 0xA3C2, 0xA3C2, 0xA3C2, 0xA3C3, 0x9BC3, 0x93C4, 0x8BA5, 0x8387, 0x7369, 0x634B, 0x534C,
    0x432D, 0x32CD, 0x228C, 0x1A4C, 0x120C, 0x11CC, 0x09AC, 0x098C, 0x09AC, 0x09AC, 0x120D, 0x1A4E, 0x22AF, 0x3B31, 0x4B92, 0x63F3,
    0x8B21, 0x9342, 0x9362, 0x9B82, 0x9BA2, 0x9BC2, 0x9BE2, 0x9BE2, 0x9BE2, 0x93E3, 0x93C3, 0x83C4, 0x7BA6, 0x6368, 0x5B6A, 0x4B6C,
    0x436D, 0x3B2D, 0x2AED, 0x22AD, 0x1A6D, 0x124D, 0x122D, 0x0A0D, 0x0A0D, 0x122E, 0x126E, 0x1AAF, 0x2B10, 0x4371, 0x53D2, 0x6C33,
    0x8B42, 0x9362, 0x9382, 0x93A2, 0x93A2, 0x8BA2, 0x8BC2, 0x8BC2, 0x8BC2, 0x83C2, 0x83C2, 0x7BA3, 0x6B84, 0x5346, 0x4348, 0x436B,
    0x3B6D, 0x3B8E, 0x336E, 0x232E, 0x1AEE, 0x12AE, 0x12AE, 0x128E, 0x128E, 0x128F, 0x1AD0, 0x2330, 0x3371, 0x43D2, 0x5C13, 0x6C54,
    0x8B62, 0x8B82, 0x8B82, 0x8B82, 0x83A2, 0x83A2, 0x83A2, 0x7BA2, 0x7BA2, 0x73A2, 0x73A2, 0x6B82, 0x5B63, 0x4345, 0x3327, 0x334A,
    0x338C, 0x3BCE, 0x33CF, 0x2B8F, 0x236F, 0x1B2F, 0x1B0F, 0x12EF, 0x12EF, 0x1B10, 0x2330, 0x2B71, 0x3BB2, 0x4C13, 0x5C53, 0x6C94,
    0x8B62, 0x8382, 0x8382, 0x7B82, 0x7B82, 0x7382, 0x7382, 0x6BA2, 0x6BA2, 0x6BA2, 0x6382, 0x5362, 0x4B43, 0x3324, 0x2B07, 0x2349,
    0x2B8C, 0x33CE, 0x3C0F, 0x3C10, 0x33F0, 0x2BB0, 0x2390, 0x1B70, 0x1B70, 0x1B71, 0x2391, 0x33D2, 0x43F2, 0x5433, 0x6474, 0x74B4,
    0x8361, 0x7B61, 0x7B61, 0x7361, 0x7381, 0x6B81, 0x6B81, 0x6BA1, 0x63A1, 0x5BA1, 0x5382, 0x4B62, 0x3B43, 0x2B04, 0x2306, 0x2349,
    0x236B, 0x2BCD, 0x340F, 0x3C50, 0x3C51, 0x3431, 0x2C11, 0x23D1, 0x23D1, 0x23B1, 0x2BD2, 0x3412, 0x4433, 0x5473, 0x6494, 0x74B4,
    0x7361, 0x7361, 0x6B61, 0x6B61, 0x6B61, 0x6381, 0x6381, 0x63A1, 0x63A1, 0x5BA1, 0x5382, 0x4362, 0x3343, 0x2324, 0x1B06, 0x1B29,
    0x1B6B, 0x23CD, 0x2C0F, 0x3470, 0x3C91, 0x3C92, 0x3472, 0x2C32, 0x2C12, 0x2C12, 0x3412, 0x3C33, 0x4453, 0x5494, 0x64B4, 0x74D5,
    0x6B41, 0x6B41, 0x6361, 0x6361, 0x6381, 0x6381, 0x63A1, 0x63A1, 0x63C2, 0x5BA2, 0x4BA2, 0x3B83, 0x3364, 0x2325, 0x1B27, 0x1349,
    0x136B, 0x1BAD, 0x240E, 0x2C50, 0x3491, 0x3CB2, 0x34B2, 0x3493, 0x3473, 0x3453, 0x3453, 0x3C73, 0x4C93, 0x5CB4, 0x64D4, 0x74F5,
    0x6341, 0x6341, 0x5B61, 0x6361, 0x6381, 0x6BA1, 0x6BC2, 0x6BC2, 0x63C2, 0x5BC2, 0x4BA2, 0x3BA3, 0x3384, 0x2345, 0x1B47, 0x1349,
    0x136B, 0x13AC, 0x1BEE, 0x244F, 0x2C91, 0x34B2, 0x34D2, 0x34D3, 0x34B3, 0x3493, 0x3C93, 0x44B3, 0x4CB4, 0x5CD4, 0x64F4, 0x7515,
    0x5B41, 0x5B41, 0x5B61, 0x6381, 0x6BA1, 0x6BC2, 0x6BE2, 0x6BE2, 0x6BE2, 0x5BE2, 0x53C2, 0x43C4, 0x33A5, 0x2386, 0x1B68, 0x1369,
    0x138B, 0x13AC, 0x1BEE, 0x244F, 0x2C90, 0x34B1, 0x34D2, 0x3CF3, 0x3CD3, 0x3CD4, 0x44D4, 0x4CD4, 0x54D4, 0x5CF4, 0x6D15, 0x7535,
    0x5341, 0x5B61, 0x6381, 0x6BA1, 0x6BC2, 0x73E2, 0x73E2, 0x7402, 0x6C02, 0x6402, 0x5BE3, 0x43E4, 0x33C6, 0x2BA7, 0x1B88, 0x1B8A,
    0x13AB, 0x13CC, 0x1C0E, 0x244F, 0x2C90, 0x34B1, 0x34D2, 0x3CF3, 0x3CF3, 0x3D14, 0x4514, 0x4CF4, 0x5514, 0x6515, 0x6D35, 0x7535,
    0x5361, 0x6381, 0x6BA1, 0x6BC2, 0x73E2, 0x7C02, 0x7C02, 0x7422, 0x7422, 0x6C23, 0x5C03, 0x4C05, 0x3BE6, 0x2BC8, 0x23A9, 0x1BAA,
    0x1BCB, 0x1BED, 0x240E, 0x244F, 0x2C90, 0x34D1, 0x3CF2, 0x4513, 0x4513, 0x4534, 0x4D34, 0x4D35, 0x5D35, 0x6535, 0x6D55, 0x7D55,
    0x5B61, 0x6BA1, 0x73C2, 0x7BE2, 0x7C02, 0x8422, 0x8442, 0x7C42, 0x7C43, 0x6C43, 0x6424, 0x5405, 0x4407, 0x33E8, 0x2BC9, 0x23EB,
    0x23EC, 0x240D, 0x242E, 0x2C6F, 0x34B0, 0x3CD1, 0x4512, 0x4D33, 0x4D33, 0x4D54, 0x5554, 0x5555, 0x5D55, 0x6555, 0x6D55, 0x7D76,
    0x6BA1, 0x73C2, 0x7BE2, 0x8402, 0x8422, 0x8442, 0x8463, 0x8463, 0x7C63, 0x7444, 0x6C44, 0x5C26, 0x4C07, 0x3C08, 0x340A, 0x2C0B,
    0x2C0C, 0x2C2D, 0x2C6E, 0x348F, 0x3CD0, 0x44F1, 0x4D12, 0x5533, 0x5D53, 0x5D54, 0x5D74, 0x5D75, 0x6575, 0x6575, 0x7576, 0x7D96,
    0x73C2, 0x7BE2, 0x8422, 0x8C42, 0x8C62, 0x8C63, 0x8C83, 0x8483, 0x8464, 0x7464, 0x6C45, 0x6446, 0x5427, 0x4429, 0x3C2A, 0x342C,
    0x344D, 0x346E, 0x3C8F, 0x3CB0, 0x44F1, 0x5511, 0x5D32, 0x5D53, 0x6573, 0x6574, 0x6574, 0x6595, 0x6595, 0x6D96, 0x7596, 0x7D96,
    0x8402, 0x8C22, 0x8C42, 0x9463, 0x9483, 0x9483, 0x8C83, 0x8C84, 0x8484, 0x7C64, 0x7465, 0x6C46, 0x5C48, 0x544A, 0x446B, 0x446C,
    0x448D, 0x448E, 0x44AF, 0x4CF0, 0x5511, 0x5D32, 0x6552, 0x6D73, 0x6D94, 0x7594, 0x7595, 0x75B5, 0x75B5, 0x75B6, 0x7DB6, 0x7DB6,
    0x8C22, 0x9442, 0x9483, 0x9C83, 0x9CA3, 0x94A4, 0x94A4, 0x8C84, 0x8484, 0x7C64, 0x7465, 0x7467, 0x6C89, 0x5C8B, 0x548C, 0x4CAD,
    0x4CAE, 0x54CF, 0x54F0, 0x5D11, 0x6531, 0x6D52, 0x6D73, 0x7593, 0x7D94, 0x7DB4, 0x7DB5, 0x7DB5, 0x85D5, 0x85D6, 0x7DD6, 0x7DD6,
    0x3061, 0x3061, 0x3061, 0x3061, 0x3061, 0x3062, 0x3062, 0x3062, 0x3063, 0x3063, 0x3064, 0x3064, 0x3045, 0x3045, 0x3046, 0x3846,
    0x3846, 0x3847, 0x3847, 0x3848, 0x3848, 0x3848, 0x4048, 0x4049, 0x4049, 0x4049, 0x404A, 0x404A, 0x486A, 0x486B, 0x506B, 0x508B,
    0x3861, 0x3061, 0x3061, 0x3061, 0x3061, 0x3061, 0x3062, 0x3062, 0x3863, 0x3863, 0x3864, 0x3864, 0x3845, 0x3845, 0x3846, 0x3847,
    0x4047, 0x4047, 0x4048, 0x4048, 0x4048, 0x4048, 0x4049, 0x4049, 0x4049, 0x404A, 0x484A, 0x486A, 0x486B, 0x486B, 0x508B, 0x508B,
    0x3881, 0x3861, 0x3861, 0x3861, 0x3861, 0x3861, 0x3862, 0x3862, 0x3863, 0x3863, 0x3864, 0x4065, 0x4045, 0x4046, 0x4046, 0x4047,
    0x4047, 0x4048, 0x4048, 0x4048, 0x4048, 0x4049, 0x4049, 0x4049, 0x404A, 0x484A, 0x486A, 0x486B, 0x486B, 0x508B, 0x488B, 0x488B,
    0x40A1, 0x4081, 0x4081, 0x3861, 0x3861, 0x3861, 0x3861, 0x4062, 0x4062, 0x4063, 0x4064, 0x4045, 0x4045, 0x4846, 0x4847, 0x4847,
    0x4848, 0x4848, 0x4848, 0x4849, 0x4049, 0x4049, 0x4049, 0x484A, 0x484A, 0x486A, 0x486B, 0x486B, 0x488B, 0x488B, 0x488B, 0x48AC,
    0x40C1, 0x40A1, 0x4081, 0x4081, 0x4061, 0x4061, 0x4061, 0x4062, 0x4062, 0x4063, 0x4064, 0x4845, 0x4846, 0x5047, 0x5047, 0x5048,
    0x5048, 0x4848, 0x4849, 0x4849, 0x4849, 0x4849, 0x484A, 0x484A, 0x486A, 0x486B, 0x486B, 0x486B, 0x488B, 0x488B, 0x48AC, 0x40AC,
    0x48E1, 0x48C1, 0x48C1, 0x48A1, 0x4881, 0x4061, 0x4061, 0x4061, 0x4062, 0x4863, 0x4864, 0x4845, 0x5046, 0x5047, 0x5048, 0x5048,
    0x5048, 0x5049, 0x5049, 0x4849, 0x4849, 0x484A, 0x484A, 0x486A, 0x486A, 0x486B, 0x486B, 0x488B, 0x488B, 0x40AB, 0x40AC, 0x40CC,
    0x5101, 0x50E1, 0x50E1, 0x50C1, 0x50A1, 0x4881, 0x4861, 0x4861, 0x4861, 0x4862, 0x4863, 0x5064, 0x5046, 0x5847, 0x5848, 0x5848,
    0x5849, 0x5049, 0x5049, 0x4849, 0x484A, 0x484A, 0x486A, 0x486A, 0x486B, 0x486B, 0x488B, 0x408B, 0x40AB, 0x40AB, 0x40CC, 0x40EC,
    0x5121, 0x5921, 0x5901, 0x5901, 0x58E1, 0x50C1, 0x50A1, 0x4881, 0x4881, 0x4862, 0x5063, 0x5064, 0x5066, 0x5867, 0x5868, 0x5869,
    0x5869, 0x5069, 0x5049, 0x484A, 0x484A, 0x486A, 0x486A, 0x486B, 0x486B, 0x408B, 0x408B, 0x408B, 0x40AB, 0x40CC, 0x40EC, 0x412D,
    0x5941, 0x5941, 0x6141, 0x6121, 0x6121, 0x6101, 0x58C1, 0x50A1, 0x50A1, 0x5082, 0x5083, 0x5084, 0x5885, 0x5887, 0x5888, 0x5889,
    0x5869, 0x5069, 0x506A, 0x486A, 0x486A, 0x486A, 0x486B, 0x406B, 0x408B, 0x408B, 0x388B, 0x38AB, 0x38CB, 0x38EC, 0x412C, 0x416D,
    0x6181, 0x6181, 0x6981, 0x6981, 0x6961, 0x6941, 0x6921, 0x6101, 0x60E1, 0x58E2, 0x58C2, 0x58C4, 0x58C6, 0x58C7, 0x60C8, 0x60C9,
    0x58AA, 0x508A, 0x488A, 0x486A, 0x406A, 0x406A, 0x406B, 0x406B, 0x388B, 0x388B, 0x38AB, 0x30CB, 0x38EC, 0x392C, 0x416D, 0x49CE,
    0x69C1, 0x69C1, 0x71C1, 0x71C1, 0x71C1, 0x71A1, 0x71A1, 0x7181, 0x6941, 0x6942, 0x6122, 0x6104, 0x6106, 0x6107, 0x6109, 0x610A,
    0x590A, 0x50CA, 0x48AA, 0x408A, 0x408A, 0x386A, 0x388A, 0x388B, 0x308B, 0x30AB, 0x30CB, 0x30EB, 0x312C, 0x396D, 0x41CE, 0x4A2F,
    0x6A01, 0x7201, 0x7A21, 0x7A21, 0x8221, 0x8221, 0x8221, 0x8201, 0x79E1, 0x79C2, 0x71A2, 0x6984, 0x6986, 0x6988, 0x69A9, 0x69AB,
    0x616B, 0x512B, 0x40EA, 0x38CA, 0x38AA, 0x308A, 0x308A, 0x288A, 0x28AB, 0x28CB, 0x28EB, 0x290C, 0x316D, 0x39AD, 0x422F, 0x5290,
    0x7241, 0x7A61, 0x8281, 0x8A81, 0x8AA1, 0x92A1, 0x92A1, 0x9281, 0x8A62, 0x8A62, 0x8243, 0x7A24, 0x7206, 0x7228, 0x722A, 0x6A2B,
    0x61EC, 0x51AB, 0x414B, 0x390B, 0x30EA, 0x28CA, 0x20AA, 0x20AA, 0x20CA, 0x20EB, 0x210B, 0x214C, 0x29AD, 0x3A0E, 0x4A8F, 0x5AF1,
    0x7A81, 0x82A1, 0x8AC1, 0x92E1, 0x9B02, 0x9B02, 0xA322, 0x9B02, 0x9B02, 0x92E3, 0x92E4, 0x8AC5, 0x82C7, 0x82A9, 0x7AAA, 0x72AC,
    0x6A8D, 0x522C, 0x41CC, 0x316B, 0x292B, 0x210A, 0x18EA, 0x18EA, 0x18EB, 0x190B, 0x196C, 0x21AD, 0x2A0E, 0x3A6F, 0x4AF0, 0x6352,
    0x82A1, 0x8AE1, 0x9302, 0x9B22, 0xA342, 0xA362, 0xAB82, 0xAB82, 0xAB83, 0xA363, 0x9B64, 0x9346, 0x8B47, 0x8329, 0x7B2B, 0x732D,
    0x6B0D, 0x52AD, 0x424D, 0x31EC, 0x21AB, 0x196B, 0x114B, 0x112B, 0x114B, 0x114B, 0x19AC, 0x220D, 0x326F, 0x42D0, 0x5351, 0x6BB2,
    0x8AE1, 0x9302, 0x9B42, 0xA362, 0xA3A2, 0xABC2, 0xB3E2, 0xB3E3, 0xABE3, 0xABC3, 0xA3C4, 0x9BC6, 0x93A7, 0x8BA9, 0x838B, 0x738D,
    0x6B6D, 0x530D, 0x42CD, 0x2A6D, 0x222C, 0x19EC, 0x11AC, 0x118C, 0x118C, 0x11AC, 0x19ED, 0x224E, 0x32D0, 0x4331, 0x5B92, 0x7413,
    0x8B22, 0x9342, 0x9B62, 0xA3A2, 0xA3C2, 0xABE2, 0xAC03, 0xAC03, 0xAC03, 0xAC03, 0xA404, 0x9C05, 0x93E7, 0x8BC9, 0x7BCB, 0x73CC,
    0x63AD, 0x536E, 0x432E, 0x32ED, 0x22AD, 0x1A6D, 0x122D, 0x120D, 0x120D, 0x120D, 0x1A6E, 0x22CF, 0x3B31, 0x4B92, 0x63F3, 0x7454,
    0x9342, 0x9B62, 0x9BA2, 0x9BC2, 0xA3E2, 0xA3E2, 0xA402, 0xA403, 0xA423, 0xA423, 0x9C03, 0x9404, 0x8C06, 0x83E7, 0x73C9, 0x63CB,
    0x5BAD, 0x53CE, 0x4B8E, 0x3B4E, 0x2B0E, 0x22CE, 0x1AAE, 0x128E, 0x128E, 0x1AAF, 0x22F0, 0x3331, 0x4392, 0x53F2, 0x6C33, 0x7C74,
    0x9362, 0x9382, 0x9BA2, 0x9BC2, 0x9BE2, 0x9BE2, 0x9C02, 0x9C02, 0x9C22, 0x9C03, 0x9403, 0x8C03, 0x83E4, 0x73C6, 0x63A8, 0x53AA,
    0x53AC, 0x53EE, 0x4BEF, 0x43CF, 0x338F, 0x2B4F, 0x232F, 0x1B0F, 0x1B10, 0x2310, 0x2B51, 0x3B92, 0x4BF2, 0x5C33, 0x6C54, 0x7C94,
    0x9382, 0x93A2, 0x93A2, 0x93C2, 0x93C2, 0x93E2, 0x93E2, 0x9402, 0x9402, 0x8C02, 0x8C02, 0x83E3, 0x73C3, 0x6BA4, 0x53A6, 0x4389,
    0x43AB, 0x43ED, 0x4C0F, 0x4C30, 0x4410, 0x33D0, 0x2BB0, 0x2390, 0x2391, 0x2391, 0x33B1, 0x3BF2, 0x4C33, 0x5C54, 0x6C94, 0x7CB5,
    0x8B82, 0x8BA2, 0x8BA2, 0x8BA2, 0x8BC2, 0x8BE2, 0x8BE2, 0x8C02, 0x8C02, 0x8402, 0x8402, 0x7BE2, 0x6BC3, 0x5BA4, 0x4B85, 0x3B88,
    0x33AB, 0x3BED, 0x442F, 0x4C70, 0x4C71, 0x4451, 0x3C11, 0x33F1, 0x2BF1, 0x2BD2, 0x33F2, 0x4433, 0x5453, 0x6494, 0x6CB4, 0x7CD5,
    0x8382, 0x8382, 0x83A2, 0x83A2, 0x83C2, 0x83E2, 0x83E2, 0x8C02, 0x8C02, 0x8402, 0x7C02, 0x73E2, 0x63C3, 0x53A3, 0x4385, 0x2B68,
    0x238A, 0x2BCD, 0x342E, 0x4470, 0x4C91, 0x4CB2, 0x4492, 0x3C52, 0x3452, 0x3432, 0x3C53, 0x4453, 0x5494, 0x64B4, 0x74D4, 0x7CF5,
    0x7B81, 0x7B82, 0x7BA2, 0x7BA2, 0x83C2, 0x83E2, 0x8402, 0x8C02, 0x8C22, 0x8422, 0x7C22, 0x6C02, 0x63E3, 0x4BA4, 0x3B85, 0x2368,
    0x238A, 0x23CC, 0x2C0E, 0x3C70, 0x44B1, 0x4CD2, 0x44D3, 0x44B3, 0x3C93, 0x3C73, 0x4473, 0x4C93, 0x5CB4, 0x64D4, 0x74F5, 0x7D15,
    0x7361, 0x7381, 0x73A2, 0x7BC2, 0x7BC2, 0x83E2, 0x8C02, 0x8C22, 0x8C22, 0x8422, 0x7C22, 0x6C03, 0x5BE3, 0x4BC4, 0x33A6, 0x2388,
    0x1B8A, 0x1BCC, 0x240D, 0x2C4F, 0x3C91, 0x44D2, 0x44F3, 0x44F3, 0x44D4, 0x44B4, 0x4CB4, 0x54B4, 0x5CD4, 0x6CF4, 0x7515, 0x7D35,
    0x6B61, 0x7381, 0x73A2, 0x7BC2, 0x83E2, 0x8402, 0x8C22, 0x8C42, 0x8C42, 0x8442, 0x7C43, 0x6C23, 0x5C04, 0x4BE5, 0x3BA6, 0x2388,
    0x1BAA, 0x1BCC, 0x240D, 0x2C4F, 0x3490, 0x3CD2, 0x44F3, 0x4513, 0x4514, 0x44F4, 0x4CF4, 0x54F4, 0x5CF4, 0x6D15, 0x7535, 0x8535,
    0x6B81, 0x73A1, 0x7BC2, 0x83E2, 0x8402, 0x8C22, 0x8C42, 0x8C42, 0x8C62, 0x8463, 0x7C43, 0x7444, 0x6424, 0x4C05, 0x3BC7, 0x23C9,
    0x1BAB, 0x1BCC, 0x240D, 0x244F, 0x3490, 0x3CD1, 0x44F2, 0x4513, 0x4534, 0x4D34, 0x4D35, 0x5D15, 0x6535, 0x6D35, 0x7D55, 0x8556,
    0x6B81, 0x73C2, 0x7BE2, 0x8402, 0x8C22, 0x8C42, 0x9462, 0x9463, 0x8C63, 0x8C63, 0x8463, 0x7444, 0x6425, 0x5406, 0x3BE7, 0x2BE9,
    0x23EB, 0x23EC, 0x242D, 0x2C6F, 0x34B0, 0x44F1, 0x4512, 0x4D33, 0x4D34, 0x5554, 0x5555, 0x5D55, 0x6555, 0x6D55, 0x7D56, 0x8576,
    0x73A1, 0x7BC2, 0x8402, 0x8C22, 0x9442, 0x9462, 0x9483, 0x9483, 0x9483, 0x8C84, 0x8484, 0x7464, 0x6445, 0x5426, 0x4408, 0x340A,
    0x2C0B, 0x2C2D, 0x2C4E, 0x348F, 0x3CB0, 0x44F1, 0x4D12, 0x5553, 0x5D54, 0x5D54, 0x5D75, 0x5D75, 0x6575, 0x7575, 0x7D76, 0x8596,
    0x7BC2, 0x8402, 0x8C22, 0x9442, 0x9C63, 0x9C83, 0x9CA3, 0x94A3, 0x94A4, 0x8C84, 0x8484, 0x7465, 0x6C46, 0x5C47, 0x4C28, 0x3C2A,
    0x342C, 0x344D, 0x3C6E, 0x3CAF, 0x44D0, 0x5511, 0x5D32, 0x6553, 0x6574, 0x6574, 0x6595, 0x6595, 0x6D96, 0x7596, 0x7D96, 0x85B6,
    0x8402, 0x8C22, 0x9442, 0x9C63, 0x9C83, 0x9CA3, 0x9CA4, 0x9CA4, 0x94A4, 0x8CA4, 0x8485, 0x7C65, 0x6C66, 0x6468, 0x5C69, 0x4C6B,
    0x446C, 0x448E, 0x44AF, 0x4CD0, 0x5511, 0x5D32, 0x6552, 0x6D73, 0x6D94, 0x7594, 0x7595, 0x75B5, 0x75B6, 0x75B6, 0x7DB6, 0x85B6,
    0x8C22, 0x9462, 0x9C83, 0x9CA3, 0xA4A3, 0xA4C4, 0x9CC4, 0x9CC4, 0x94A4, 0x8CA5, 0x8C85, 0x7C86, 0x7487, 0x6C89, 0x648A, 0x548C,
    0x54AD, 0x54CE, 0x54EF, 0x5D10, 0x6531, 0x6D52, 0x6D73, 0x7593, 0x7D94, 0x7DB5, 0x7DB5, 0x7DD5, 0x7DD6, 0x7DD6, 0x85D6, 0x8DD6,
    0x9C62, 0x9C83, 0xA4A3, 0xA4C4, 0xA4C4, 0xA4C4, 0x9CC5, 0x9CC5, 0x94A5, 0x8CA5, 0x8CA6, 0x84A7, 0x7CA8, 0x74AA, 0x6CCC, 0x64CD,
    0x64EE, 0x64EF, 0x6510, 0x6D31, 0x7552, 0x7572, 0x7D93, 0x85B4, 0x85B4, 0x85D5, 0x8DD5, 0x8DD5, 0x8DD6, 0x8DF6, 0x8DF6, 0x8DF7,
    0x3061, 0x3061, 0x3061, 0x3061, 0x3061, 0x3061, 0x3062, 0x3062, 0x3863, 0x3863, 0x3864, 0x3864, 0x3845, 0x3845, 0x3846, 0x3846,
    0x4047, 0x4047, 0x4047, 0x4048, 0x4048, 0x4048, 0x4048, 0x4049, 0x4849, 0x4849, 0x484A, 0x484A, 0x506A, 0x506B, 0x506B, 0x586B,
    0x3861, 0x3861, 0x3861, 0x3861, 0x3861, 0x3861, 0x3862, 0x3862, 0x3863, 0x3863, 0x3864, 0x4064, 0x4045, 0x4045, 0x4046, 0x4047,
    0x4047, 0x4047, 0x4048, 0x4848, 0x4848, 0x4849, 0x4849, 0x4849, 0x4849, 0x484A, 0x484A, 0x506A, 0x506B, 0x506B, 0x508B, 0x508C,
    0x4081, 0x3861, 0x3861, 0x3861, 0x3861, 0x3861, 0x3861, 0x4062, 0x4063, 0x4063, 0x4064, 0x4064, 0x4045, 0x4846, 0x4846, 0x4847,
    0x4848, 0x4848, 0x4848, 0x4848, 0x4849, 0x4849, 0x4849, 0x4849, 0x484A, 0x504A, 0x506A, 0x506B, 0x506B, 0x508B, 0x508B, 0x508C,
    0x40A1, 0x4081, 0x4081, 0x4061, 0x4061, 0x4061, 0x4061, 0x4062, 0x4062, 0x4063, 0x4064, 0x4844, 0x4845, 0x4846, 0x5047, 0x5047,
    0x5048, 0x5048, 0x5048, 0x5049, 0x5049, 0x4849, 0x4849, 0x484A, 0x504A, 0x506A, 0x506B, 0x506B, 0x508B, 0x508B, 0x508C, 0x50AC,
    0x48C1, 0x48A1, 0x4881, 0x4081, 0x4061, 0x4061, 0x4061, 0x4061, 0x4062, 0x4863, 0x4864, 0x4844, 0x5045, 0x5046, 0x5047, 0x5848,
    0x5848, 0x5049, 0x5049, 0x5049, 0x5049, 0x5049, 0x504A, 0x504A, 0x506A, 0x506B, 0x506B, 0x506B, 0x508B, 0x508C, 0x50AC, 0x50CC,
    0x50E1, 0x50C1, 0x48A1, 0x48A1, 0x4881, 0x4861, 0x4061, 0x4861, 0x4862, 0x4862, 0x4863, 0x5044, 0x5045, 0x5046, 0x5847, 0x5848,
    0x5849, 0x5849, 0x5849, 0x5049, 0x504A, 0x504A, 0x504A, 0x506A, 0x506B, 0x506B, 0x506B, 0x508B, 0x508C, 0x50AC, 0x50CC, 0x50EC,
    0x5101, 0x50E1, 0x50E1, 0x50C1, 0x50A1, 0x4881, 0x4861, 0x4861, 0x4861, 0x4862, 0x5063, 0x5064, 0x5845, 0x5847, 0x5848, 0x6068,
    0x6069, 0x5869, 0x5849, 0x584A, 0x504A, 0x504A, 0x506A, 0x506B, 0x506B, 0x506B, 0x508B, 0x508C, 0x50AC, 0x48CC, 0x48EC, 0x510C,
    0x5921, 0x5921, 0x5901, 0x58E1, 0x58C1, 0x58A1, 0x5081, 0x5081, 0x4861, 0x5062, 0x5063, 0x5064, 0x5865, 0x5866, 0x6068, 0x6068,
    0x6069, 0x6069, 0x586A, 0x586A, 0x586A, 0x506A, 0x506B, 0x506B, 0x506B, 0x508B, 0x508B, 0x48AC, 0x48CC, 0x48EC, 0x490C, 0x512D,
    0x5941, 0x6141, 0x6141, 0x6121, 0x6101, 0x60E1, 0x58C1, 0x58A1, 0x5081, 0x5081, 0x5082, 0x5864, 0x5865, 0x5866, 0x6068, 0x6069,
    0x6069, 0x606A, 0x586A, 0x586A, 0x586A, 0x506B, 0x506B, 0x506B, 0x508B, 0x488B, 0x48AC, 0x48AC, 0x48CC, 0x490C, 0x492D, 0x516D,
    0x6181, 0x6981, 0x6981, 0x6961, 0x6961, 0x6941, 0x6921, 0x60E1, 0x60C1, 0x58C1, 0x58A2, 0x58A3, 0x58A5, 0x60A6, 0x60A8, 0x68A9,
    0x60AA, 0x608A, 0x588A, 0x586A, 0x506A, 0x506B, 0x506B, 0x488B, 0x488B, 0x48AB, 0x48CC, 0x40CC, 0x490C, 0x492D, 0x518D, 0x59CE,
    0x69C1, 0x69C1, 0x71C1, 0x71C1, 0x79A1, 0x71A1, 0x7181, 0x7141, 0x6921, 0x6901, 0x6102, 0x60E3, 0x60E5, 0x60E6, 0x68E8, 0x68E9,
    0x68EA, 0x60CA, 0x58AA, 0x508A, 0x508B, 0x488B, 0x488B, 0x488B, 0x40AB, 0x40AB, 0x40CC, 0x40EC, 0x412D, 0x496D, 0x51CE, 0x5A2F,
    0x7201, 0x7A01, 0x7A21, 0x8221, 0x8221, 0x8201, 0x81E1, 0x81C1, 0x79A1, 0x7981, 0x7162, 0x6963, 0x6944, 0x6947, 0x6948, 0x716A,
    0x696B, 0x612B, 0x590B, 0x50CB, 0x48AB, 0x40AB, 0x408B, 0x40AB, 0x38AB, 0x38CB, 0x38EC, 0x392C, 0x416D, 0x49CE, 0x522F, 0x6290,
    0x7A41, 0x8241, 0x8261, 0x8A61, 0x8A81, 0x9281, 0x9261, 0x9261, 0x8A41, 0x8A22, 0x8202, 0x79E3, 0x79C5, 0x71C7, 0x79E9, 0x79EB,
    0x71EC, 0x69AC, 0x596C, 0x512B, 0x40EB, 0x40CB, 0x38CB, 0x38CB, 0x30CB, 0x30EC, 0x312C, 0x396D, 0x41CE, 0x4A2F, 0x5A90, 0x6AF1,
    0x8281, 0x8AA1, 0x8AA1, 0x92C1, 0x9AE2, 0x9AE2, 0xA2E2, 0xA2E2, 0x9AC2, 0x9AC2, 0x92A3, 0x8A84, 0x8A85, 0x8267, 0x8269, 0x828B,
    0x7A8D, 0x6A4D, 0x59ED, 0x498C, 0x414C, 0x392B, 0x310B, 0x28EB, 0x290B, 0x292C, 0x316C, 0x31AD, 0x422E, 0x4A90, 0x62F1, 0x7372,
    0x8AA1, 0x8AC1, 0x9302, 0x9B22, 0xA342, 0xAB42, 0xAB62, 0xAB62, 0xAB62, 0xA343, 0xA323, 0x9B25, 0x9306, 0x8B08, 0x8B0A, 0x8B2C,
    0x7B0D, 0x72CD, 0x5A8D, 0x4A0D, 0x39CC, 0x318C, 0x294B, 0x212B, 0x214C, 0x216C, 0x29AD, 0x320E, 0x428F, 0x52F1, 0x6351, 0x73D3,
    0x8AE1, 0x9302, 0x9B42, 0xA362, 0xAB82, 0xB3A2, 0xB3C3, 0xB3C3, 0xB3C3, 0xB3C3, 0xABC4, 0xABA5, 0xA3A7, 0x9BA9, 0x93AB, 0x8BAD,
    0x838E, 0x734E, 0x5AEE, 0x4AAD, 0x3A4D, 0x2A0D, 0x21CC, 0x21AC, 0x19AC, 0x19AD, 0x220E, 0x326F, 0x42D0, 0x5351, 0x6BB2, 0x7C13,
    0x9322, 0x9B42, 0xA362, 0xABA2, 0xABC2, 0xB3E3, 0xBC03, 0xBC23, 0xBC23, 0xB424, 0xB404, 0xAC05, 0xA407, 0x9C09, 0x93EB, 0x8BEC,
    0x7BCD, 0x73AE, 0x636E, 0x4B2E, 0x3ACE, 0x2A8D, 0x224D, 0x220D, 0x1A0D, 0x1A2E, 0x226F, 0x32D0, 0x4331, 0x5BB2, 0x6BF3, 0x8454,
    0x9342, 0x9B62, 0xA3A2, 0xABC2, 0xABE2, 0xB403, 0xB423, 0xB443, 0xBC43, 0xB443, 0xB444, 0xAC45, 0xAC46, 0x9C28, 0x942A, 0x840C,
    0x7BED, 0x73EE, 0x63CF, 0x538F, 0x434F, 0x330E, 0x2ACE, 0x22AE, 0x22AF, 0x22AF, 0x2AF0, 0x3B51, 0x4B92, 0x63F3, 0x7434, 0x8494,
    0x9B62, 0x9BA2, 0xA3C2, 0xA3E2, 0xAC02, 0xAC23, 0xB443, 0xB443, 0xB463, 0xB463, 0xAC64, 0xAC44, 0xA445, 0x9C47, 0x8C29, 0x7C0B,
    0x6C0D, 0x6C0E, 0x640F, 0x53EF, 0x4BB0, 0x3B8F, 0x334F, 0x2B30, 0x2B30, 0x2B30, 0x3371, 0x43B2, 0x53F3, 0x6C33, 0x7474, 0x84B5,
    0x9BA2, 0x9BA2, 0x9BC2, 0xA3E2, 0xA402, 0xA422, 0xAC43, 0xAC43, 0xAC63, 0xAC63, 0xA463, 0xA444, 0x9C44, 0x8C25, 0x7C07, 0x6BE9,
    0x63EC, 0x5C0D, 0x5C2F, 0x5C50, 0x5430, 0x43F0, 0x3BD0, 0x33B1, 0x3391, 0x3391, 0x3BD2, 0x4C13, 0x5C33, 0x6C74, 0x7CB4, 0x84D5,
    0x93A2, 0x9BC2, 0x9BC2, 0x9BE2, 0x9C02, 0xA422, 0xA442, 0xA443, 0xAC63, 0xA463, 0xA463, 0x9C63, 0x9444, 0x8424, 0x7406, 0x5BE8,
    0x53EB, 0x540D, 0x544F, 0x5C70, 0x5C71, 0x5471, 0x4C31, 0x4411, 0x3C12, 0x3BF2, 0x4413, 0x5453, 0x6474, 0x6C94, 0x7CD5, 0x84F5,
    0x93A2, 0x93C2, 0x93C2, 0x93E2, 0x9C02, 0x9C22, 0x9C42, 0xA443, 0xA463, 0xA463, 0xA463, 0x9C63, 0x8C43, 0x7C24, 0x63E5, 0x4BC7,
    0x43CA, 0x440C, 0x4C4E, 0x5490, 0x5CB1, 0x5CD2, 0x54B2, 0x4C72, 0x4472, 0x4453, 0x4C73, 0x5473, 0x64B4, 0x74D4, 0x7CF5, 0x8515,
    0x8BA2, 0x8BC2, 0x8BC2, 0x93E2, 0x9402, 0x9C22, 0x9C42, 0xA463, 0xA483, 0xA483, 0x9C83, 0x9463, 0x8C43, 0x7424, 0x63E5, 0x43C7,
    0x3BC9, 0x33EC, 0x3C2E, 0x4C90, 0x54B1, 0x5CF2, 0x54F3, 0x54D3, 0x4CB3, 0x4C93, 0x4C94, 0x5CB4, 0x64D4, 0x74F5, 0x7D15, 0x8D35,
    0x83A2, 0x8BC2, 0x8BC2, 0x93E2, 0x9422, 0x9C42, 0x9C62, 0xA463, 0xA483, 0xA483, 0x9C83, 0x9483, 0x8463, 0x7424, 0x5C05, 0x43C7,
    0x33C9, 0x2BEB, 0x340D, 0x3C6F, 0x44B1, 0x54F2, 0x5513, 0x5514, 0x54F4, 0x4CD4, 0x54D4, 0x5CD4, 0x64F5, 0x7515, 0x7D35, 0x8D35,
    0x83A2, 0x83C2, 0x8BE2, 0x9402, 0x9422, 0x9C42, 0xA463, 0xA483, 0xA483, 0xA4A3, 0x9CA3, 0x9483, 0x8464, 0x7444, 0x5C05, 0x43E7,
    0x33C9, 0x2BEB, 0x2C0D, 0x346F, 0x3CB0, 0x4CF2, 0x5513, 0x5534, 0x5534, 0x5514, 0x5D14, 0x6515, 0x6D15, 0x7535, 0x8555, 0x8D56,
    0x7BA2, 0x83C2, 0x8C02, 0x9422, 0x9C42, 0x9C63, 0xA483, 0xA483, 0xA4A3, 0xA4A3, 0x9CA3, 0x94A4, 0x8484, 0x7465, 0x5C26, 0x4408,
    0x33E9, 0x2BEB, 0x2C2D, 0x2C4E, 0x3CB0, 0x44F1, 0x4D12, 0x5533, 0x5554, 0x5555, 0x5D55, 0x6535, 0x6D55, 0x7D55, 0x8556, 0x8D76,
    0x83C2, 0x8BE2, 0x9402, 0x9C42, 0x9C63, 0xA483, 0xA4A3, 0xA4A3, 0xA4C3, 0xA4C4, 0x9CA4, 0x94A4, 0x8485, 0x7465, 0x5C47, 0x4428,
    0x3C0A, 0x2C0C, 0x2C4D, 0x346F, 0x3CB0, 0x4CF1, 0x5532, 0x5D53, 0x5D54, 0x5D75, 0x6575, 0x6555, 0x6D55, 0x7D76, 0x8576, 0x8D96,
    0x83E2, 0x8C02, 0x9422, 0x9C62, 0xA483, 0xA4A3, 0xACA3, 0xACC4, 0xA4C4, 0xA4C4, 0x9CC4, 0x94A5, 0x8485, 0x7466, 0x6447, 0x4C49,
    0x442A, 0x344C, 0x346D, 0x3C8F, 0x44D0, 0x4D11, 0x5D32, 0x6553, 0x6574, 0x6575, 0x6595, 0x6D96, 0x7596, 0x7D96, 0x8596, 0x95B6,
    0x8C02, 0x9422, 0x9C62, 0xA483, 0xACA3, 0xACC3, 0xACC4, 0xACC4, 0xA4C4, 0xA4C5, 0x9CC5, 0x94A5, 0x84A6, 0x7C86, 0x6C68, 0x5C6A,
    0x4C6B, 0x446D, 0x448E, 0x4CCF, 0x54F0, 0x5D31, 0x6552, 0x6D73, 0x6D94, 0x7595, 0x75B5, 0x75B6, 0x7DB6, 0x7DB6, 0x8DB6, 0x95B6,
    0x9422, 0x9C62, 0xA483, 0xACA3, 0xACC3, 0xACC4, 0xACE4, 0xACE5, 0xA4E5, 0x9CC5, 0x9CC5, 0x94A5, 0x8CA6, 0x7CA7, 0x7489, 0x648B,
    0x548C, 0x54AD, 0x54CF, 0x54F0, 0x5D11, 0x6552, 0x6D73, 0x7593, 0x7D94, 0x7DB5, 0x7DB5, 0x7DD6, 0x85D6, 0x85D6, 0x8DD6, 0x95D7,
    0x9C62, 0xA483, 0xACA3, 0xACC4, 0xACE4, 0xACE4, 0xACE5, 0xA4E5, 0xA4E5, 0x9CE5, 0x9CC6, 0x94C7, 0x8CC8, 0x84C9, 0x7CCA, 0x6CCC,
    0x64CD, 0x64EE, 0x6510, 0x6D31, 0x6D51, 0x7572, 0x7D93, 0x7DB4, 0x85B4, 0x85D5, 0x8DD5, 0x8DD6, 0x8DD6, 0x8DF6, 0x8DF7, 0x95F7,
    0xA483, 0xACA3, 0xACC4, 0xACE4, 0xB505, 0xAD05, 0xAD05, 0xA4E5, 0xA4E6, 0x9CE6, 0x9CE7, 0x94E8, 0x94E9, 0x8CEB, 0x84EC, 0x7CED,
    0x750E, 0x752F, 0x7550, 0x7D51, 0x7D72, 0x8593, 0x85B3, 0x8DB4, 0x8DD5, 0x95D5, 0x95F5, 0x95F6, 0x95F6, 0x95F6, 0x95F7, 0x9617,
    0x3861, 0x3861, 0x3861, 0x3861, 0x3861, 0x3861, 0x3862, 0x3862, 0x3863, 0x3863, 0x3864, 0x4064, 0x4045, 0x4045, 0x4046, 0x4046,
    0x4047, 0x4047, 0x4848, 0x4848, 0x4848, 0x4848, 0x4849, 0x4849, 0x4849, 0x4849, 0x504A, 0x504A, 0x506A, 0x506B, 0x586B, 0x586B,
    0x3861, 0x3861, 0x3861, 0x3861, 0x3861, 0x3861, 0x3862, 0x4062, 0x4063, 0x4063, 0x4064, 0x4064, 0x4045, 0x4045, 0x4846, 0x4847,
    0x4847, 0x4848, 0x4848, 0x4848, 0x4848, 0x4849, 0x4849, 0x5049, 0x5049, 0x504A, 0x504A, 0x506A, 0x506B, 0x586B, 0x586B, 0x588B,
    0x4081, 0x4061, 0x4061, 0x4061, 0x4061, 0x4061, 0x4061, 0x4062, 0x4063, 0x4063, 0x4064, 0x4844, 0x4845, 0x4846, 0x4846, 0x5047,
    0x5048, 0x5048, 0x5048, 0x5049, 0x5049, 0x5049, 0x5049, 0x5049, 0x504A, 0x504A, 0x506A, 0x586B, 0x586B, 0x586B, 0x588B, 0x588C,
    0x48A1, 0x4081, 0x4061, 0x4061, 0x4061, 0x4061, 0x4061, 0x4062, 0x4862, 0x4863, 0x4864, 0x4844, 0x5045, 0x5046, 0x5047, 0x5047,
    0x5848, 0x5848, 0x5849, 0x5849, 0x5049, 0x5049, 0x504A, 0x504A, 0x504A, 0x506A, 0x586B, 0x586B, 0x586B, 0x588B, 0x588C, 0x58AC,
    0x48C1, 0x48A1, 0x4881, 0x4861, 0x4061, 0x4061, 0x4861, 0x4861, 0x4862, 0x4863, 0x4863, 0x5044, 0x5045, 0x5046, 0x5847, 0x5848,
    0x5848, 0x5849, 0x5849, 0x5849, 0x5849, 0x584A, 0x584A, 0x584A, 0x586A, 0x586B, 0x586B, 0x586B, 0x588B, 0x588C, 0x58AC, 0x58CC,
    0x50E1, 0x50C1, 0x50A1, 0x5081, 0x4881, 0x4861, 0x4861, 0x4861, 0x4862, 0x4862, 0x5063, 0x5044, 0x5045, 0x5846, 0x5847, 0x6048,
    0x6048, 0x6069, 0x6069, 0x584A, 0x584A, 0x584A, 0x586A, 0x586A, 0x586B, 0x586B, 0x586B, 0x588B, 0x588C, 0x58AC, 0x58CC, 0x58EC,
    0x5901, 0x58E1, 0x58E1, 0x50C1, 0x50A1, 0x5081, 0x4861, 0x4861, 0x5061, 0x5062, 0x5063, 0x5844, 0x5845, 0x5846, 0x6047, 0x6048,
    0x6069, 0x6069, 0x606A, 0x606A, 0x586A, 0x586A, 0x586A, 0x586B, 0x586B, 0x586B, 0x588B, 0x588C, 0x58AC, 0x58CC, 0x58EC, 0x590D,
    0x5921, 0x5921, 0x5901, 0x58E1, 0x58C1, 0x58A1, 0x5081, 0x5061, 0x5061, 0x5062, 0x5062, 0x5864, 0x5865, 0x6066, 0x6067, 0x6068,
    0x6069, 0x686A, 0x606A, 0x606A, 0x606A, 0x586A, 0x586B, 0x586B, 0x586B, 0x588B, 0x588C, 0x58AC, 0x58CC, 0x58EC, 0x590D, 0x594D,
    0x6141, 0x6141, 0x6141, 0x6121, 0x6101, 0x60E1, 0x60C1, 0x58A1, 0x5081, 0x5861, 0x5862, 0x5863, 0x5864, 0x6066, 0x6067, 0x6868,
    0x6869, 0x686A, 0x686A, 0x606A, 0x606A, 0x586B, 0x586B, 0x586B, 0x588B, 0x588C, 0x58AC, 0x50CC, 0x50EC, 0x590D, 0x594D, 0x598E,
    0x6981, 0x6981, 0x6981, 0x6961, 0x6941, 0x6921, 0x6901, 0x60E1, 0x60C1, 0x58A1, 0x58A2, 0x5883, 0x6084, 0x6086, 0x6087, 0x6888,
    0x6889, 0x688A, 0x688A, 0x608B, 0x606B, 0x586B, 0x586B, 0x588B, 0x588B, 0x50AC, 0x50CC, 0x50EC, 0x510D, 0x594D, 0x598E, 0x61EF,
    0x69A1, 0x71C1, 0x71C1, 0x71A1, 0x79A1, 0x7981, 0x7161, 0x7121, 0x6901, 0x68E1, 0x60E2, 0x60C3, 0x60C4, 0x60A6, 0x68A7, 0x68C9,
    0x68CA, 0x68CA, 0x68AB, 0x60AB, 0x608B, 0x588B, 0x588B, 0x588B, 0x50AC, 0x50CC, 0x50EC, 0x510D, 0x514D, 0x598E, 0x61EF, 0x6A30,
    0x71E1, 0x7A01, 0x7A01, 0x8201, 0x8201, 0x81E1, 0x81C1, 0x81A1, 0x7981, 0x7961, 0x7142, 0x6923, 0x6924, 0x6906, 0x6907, 0x7129,
    0x712A, 0x712B, 0x690B, 0x60EB, 0x58CB, 0x58AB, 0x50AB, 0x50AC, 0x50CC, 0x50EC, 0x510D, 0x514D, 0x518E, 0x59CE, 0x622F, 0x6AB0,
    0x7A21, 0x8241, 0x8A61, 0x8A61, 0x8A61, 0x9261, 0x9241, 0x9221, 0x8A01, 0x89E1, 0x81C2, 0x79A3, 0x7184, 0x7186, 0x7188, 0x7989,
    0x79AB, 0x71AC, 0x718C, 0x614C, 0x590C, 0x50EC, 0x50CC, 0x48CC, 0x48EC, 0x490C, 0x494D, 0x498D, 0x51CE, 0x5A2F, 0x6A90, 0x7311,
    0x8281, 0x8A81, 0x92A1, 0x92A1, 0x9AC2, 0x9AC2, 0xA2C2, 0xA2C2, 0x9AA2, 0x9A82, 0x9262, 0x8A43, 0x8A44, 0x8226, 0x8228, 0x822A,
    0x824C, 0x7A4D, 0x720D, 0x69CD, 0x598C, 0x514C, 0x492C, 0x410C, 0x412C, 0x414D, 0x498D, 0x49CE, 0x522F, 0x6290, 0x6AF1, 0x7B72,
    0x8AA1, 0x92C1, 0x9AE2, 0x9B02, 0xA322, 0xAB22, 0xAB42, 0xAB42, 0xAB22, 0xAB22, 0xA303, 0x9AE4, 0x9AC5, 0x92C6, 0x8AA8, 0x8ACB,
    0x8ACC, 0x82CD, 0x7AAE, 0x6A4E, 0x5A0D, 0x51AD, 0x496D, 0x414C, 0x396D, 0x398D, 0x41CE, 0x4A2F, 0x5290, 0x62F1, 0x7352, 0x83D3,
    0x92E1, 0x9B02, 0x9B22, 0xA342, 0xAB82, 0xB382, 0xB3A2, 0xBBA3, 0xBBA3, 0xB3A3, 0xB383, 0xAB84, 0xA366, 0xA368, 0x9B69, 0x936B,
    0x8B6D, 0x8B6E, 0x7B2F, 0x6AEF, 0x5A8E, 0x522E, 0x41ED, 0x39CD, 0x31CD, 0x31CD, 0x3A2E, 0x428F, 0x5AF1, 0x6B52, 0x7BB3, 0x8413,
    0x9322, 0x9B42, 0xA362, 0xABA2, 0xB3C2, 0xBBE3, 0xBBE3, 0xC403, 0xC403, 0xBC03, 0xBC04, 0xB3E5, 0xB3E6, 0xABE8, 0xA3EA, 0x9BCC,
    0x93CD, 0x8BCF, 0x7BAF, 0x6B6F, 0x5B0F, 0x4AAE, 0x426E, 0x322E, 0x322E, 0x322E, 0x3A8F, 0x42D0, 0x5B51, 0x6BB2, 0x7C13, 0x8C54,
    0x9B42, 0xA382, 0xABA2, 0xB3C2, 0xB403, 0xBC03, 0xBC23, 0xC443, 0xC443, 0xC444, 0xC444, 0xBC45, 0xB446, 0xB448, 0xAC4A, 0x9C2C,
    0x942E, 0x8C2F, 0x7C10, 0x6BCF, 0x5B6F, 0x4B2F, 0x42EF, 0x32AF, 0x32AF, 0x2AAF, 0x3AF0, 0x4B31, 0x5B92, 0x7413, 0x7C54, 0x8C94,
    0x9B82, 0xA3A2, 0xABC2, 0xB3E3, 0xB423, 0xBC43, 0xBC63, 0xC463, 0xC484, 0xC484, 0xC484, 0xBC85, 0xB486, 0xB468, 0xA46A, 0x9C6C,
    0x946D, 0x846F, 0x7C50, 0x6C10, 0x63F0, 0x53B0, 0x4370, 0x3B50, 0x3330, 0x3330, 0x4371, 0x4BB2, 0x63F3, 0x7454, 0x8494, 0x8CD5,
    0xA3A2, 0xA3C2, 0xABE2, 0xAC03, 0xB423, 0xB443, 0xBC63, 0xBC83, 0xBCA4, 0xBCA4, 0xBCA4, 0xBCA5, 0xB4A6, 0xAC87, 0xA488, 0x946B,
    0x846C, 0x7C4E, 0x744F, 0x7470, 0x6C51, 0x5C11, 0x53F1, 0x43D1, 0x43B1, 0x43B1, 0x4BF2, 0x5C13, 0x6C54, 0x7C94, 0x84B5, 0x8CF5,
    0x9BC2, 0xA3E2, 0xA402, 0xAC22, 0xAC43, 0xB463, 0xB483, 0xBC83, 0xBCA3, 0xBCA4, 0xBCC4, 0xB4A4, 0xACA5, 0xA486, 0x9C87, 0x8C69,
    0x7C4B, 0x6C4D, 0x6C6F, 0x6C90, 0x6C91, 0x6471, 0x5C52, 0x5432, 0x4C32, 0x4C12, 0x5433, 0x5C74, 0x6C94, 0x7CB4, 0x84D5, 0x8D15,
    0x9BC2, 0x9BE2, 0xA402, 0xA422, 0xAC43, 0xAC63, 0xB483, 0xB483, 0xBCA3, 0xBCC4, 0xBCC4, 0xB4C4, 0xACA4, 0x9C85, 0x9466, 0x7C48,
    0x6C4A, 0x642C, 0x5C4E, 0x6C90, 0x6CD1, 0x6CD2, 0x64B2, 0x5C93, 0x5473, 0x5473, 0x5C93, 0x6494, 0x6CB4, 0x7CD5, 0x84F5, 0x8D35,
    0x9BC2, 0x9BE2, 0x9C02, 0xA422, 0xAC43, 0xAC63, 0xB483, 0xB4A3, 0xB4C3, 0xBCC4, 0xB4C4, 0xB4C4, 0xACC4, 0x9CA5, 0x8C65, 0x7C47,
    0x6429, 0x542B, 0x544D, 0x5C8F, 0x64D1, 0x6CF2, 0x6CF3, 0x64F3, 0x5CD3, 0x54B4, 0x5CB4, 0x64D4, 0x74F5, 0x7CF5, 0x8515, 0x8D36,
    0x93C2, 0x93E2, 0x9C02, 0xA422, 0xA443, 0xAC63, 0xB483, 0xB4A3, 0xB4C3, 0xB4C4, 0xB4E4, 0xB4E4, 0xA4C4, 0x9CA5, 0x8485, 0x7446,
    0x5C28, 0x440A, 0x442D, 0x4C8F, 0x54D1, 0x6512, 0x6533, 0x6D34, 0x6514, 0x5CF4, 0x64F4, 0x6CF5, 0x7515, 0x7D35, 0x8D35, 0x9556,
    0x93E2, 0x9402, 0x9C22, 0xA442, 0xAC63, 0xAC83, 0xB4A3, 0xB4C3, 0xB4C4, 0xB4E4, 0xB4E4, 0xACE4, 0xA4C5, 0x94A5, 0x8485, 0x6C46,
    0x5C28, 0x440A, 0x3C2C, 0x446E, 0x4CD0, 0x5D12, 0x6533, 0x6554, 0x6554, 0x6535, 0x6535, 0x6D35, 0x7535, 0x8555, 0x8D56, 0x9576,
    0x8BE2, 0x9402, 0x9C22, 0xA443, 0xAC83, 0xB4A3, 0xB4C3, 0xB4C4, 0xB4E4, 0xB4E4, 0xB4E4, 0xACE5, 0xA4E5, 0x94C5, 0x8486, 0x6C66,
    0x5448, 0x3C2A, 0x342C, 0x3C6E, 0x44B0, 0x54F1, 0x5D32, 0x6554, 0x6574, 0x6575, 0x6D55, 0x7555, 0x7D55, 0x8556, 0x8D76, 0x9576,
    0x93E2, 0x9C22, 0xA442, 0xAC63, 0xACA3, 0xB4C3, 0xB4C4, 0xB4E4, 0xB4E4, 0xB4E5, 0xACE5, 0xACE5, 0x9CE5, 0x94C6, 0x84A6, 0x7467,
    0x5C48, 0x444B, 0x3C4D, 0x3C8E, 0x44D0, 0x5511, 0x5D32, 0x6573, 0x6D74, 0x6D95, 0x6D95, 0x7576, 0x7D76, 0x8576, 0x8D96, 0x9596,
    0x9402, 0x9C42, 0xA463, 0xAC83, 0xB4A3, 0xB4C4, 0xB4E4, 0xB4E4, 0xB505, 0xB505, 0xAD05, 0xA4E6, 0x9CE6, 0x94C6, 0x84A7, 0x7488,
    0x6469, 0x4C6B, 0x446D, 0x44AE, 0x4CF0, 0x5D11, 0x6552, 0x6D73, 0x6D94, 0x7595, 0x75B5, 0x75B6, 0x7DB6, 0x85B6, 0x95B6, 0x9DB7,
    0x9C22, 0xA463, 0xAC83, 0xB4A3, 0xB4C4, 0xB4E4, 0xB504, 0xB505, 0xB505, 0xAD06, 0xAD06, 0xA4E6, 0x9CE7, 0x94C7, 0x84C8, 0x7CA9,
    0x6CAB, 0x5CAC, 0x54AE, 0x54CF, 0x5D10, 0x6531, 0x6D73, 0x7594, 0x7DB4, 0x7DB5, 0x7DB5, 0x7DD6, 0x85D6, 0x8DD6, 0x95D7, 0x9DD7,
    0xA462, 0xAC83, 0xACA3, 0xB4C4, 0xB4E4, 0xB504, 0xB505, 0xB505, 0xB506, 0xAD06, 0xAD06, 0xA507, 0x9CE7, 0x94E8, 0x8CE9, 0x7CCA,
    0x74CC, 0x64CD, 0x64EF, 0x6510, 0x6D31, 0x7552, 0x7D73, 0x7DB4, 0x85B4, 0x8DD5, 0x8DD5, 0x8DF6, 0x8DF6, 0x8DF7, 0x95F7, 0x9DF7,
    0xAC83, 0xACA3, 0xB4C4, 0xB4E4, 0xB504, 0xB505, 0xB506, 0xB506, 0xAD06, 0xAD07, 0xA507, 0xA508, 0x9D09, 0x950A, 0x8D0B, 0x850C,
    0x7D0D, 0x750E, 0x7530, 0x7551, 0x7D72, 0x7D92, 0x85B3, 0x8DB4, 0x8DD5, 0x95D5, 0x95F6, 0x95F6, 0x95F6, 0x95F7, 0x9DF7, 0x9E17,
    0xACC3, 0xB4C4, 0xB4E4, 0xB504, 0xBD05, 0xB526, 0xB526, 0xB527, 0xAD07, 0xAD07, 0xA528, 0xA529, 0x9D2A, 0x9D2B, 0x952D, 0x8D2E,
    0x8D2F, 0x8550, 0x8551, 0x8572, 0x8D92, 0x8DB3, 0x8DD4, 0x95D4, 0x95F5, 0x9DF5, 0x9DF6, 0x9E16, 0x9E16, 0x9E17, 0x9E17, 0x9E17,
    0x3861, 0x3861, 0x3861, 0x3861, 0x3861, 0x3861, 0x4062, 0x4062, 0x4063, 0x4063, 0x4064, 0x4064, 0x4045, 0x4045, 0x4846, 0x4846,
    0x4847, 0x4847, 0x4848, 0x5048, 0x5048, 0x5048, 0x5049, 0x5049, 0x5049, 0x504A, 0x504A, 0x504A, 0x586A, 0x586B, 0x586B, 0x586B,
    0x4061, 0x4061, 0x4061, 0x4061, 0x4061, 0x4061, 0x4062, 0x4062, 0x4063, 0x4063, 0x4064, 0x4864, 0x4845, 0x4845, 0x4846, 0x5047,
    0x5047, 0x5048, 0x5048, 0x5048, 0x5049, 0x5049, 0x5049, 0x5049, 0x504A, 0x504A, 0x586A, 0x586A, 0x586B, 0x586B, 0x586B, 0x588B,
    0x4081, 0x4061, 0x4061, 0x4061, 0x4061, 0x4061, 0x4061, 0x4062, 0x4862, 0x4863, 0x4864, 0x4844, 0x4845, 0x5046, 0x5046, 0x5047,
    0x5048, 0x5848, 0x5848, 0x5849, 0x5849, 0x5849, 0x5849, 0x584A, 0x584A, 0x586A, 0x586A, 0x586B, 0x586B, 0x586B, 0x588B, 0x588C,
    0x48A1, 0x4881, 0x4861, 0x4061, 0x4061, 0x4061, 0x4861, 0x4862, 0x4862, 0x4863, 0x4864, 0x5044, 0x5045, 0x5046, 0x5847, 0x5847,
    0x5848, 0x5848, 0x5849, 0x5849, 0x5849, 0x5849, 0x584A, 0x584A, 0x586A, 0x586A, 0x586B, 0x586B, 0x586B, 0x588B, 0x588C, 0x58AC,
    0x50C1, 0x50A1, 0x4881, 0x4861, 0x4861, 0x4861, 0x4861, 0x4861, 0x4862, 0x5063, 0x5043, 0x5044, 0x5045, 0x5846, 0x5847, 0x5848,
    0x6048, 0x6049, 0x6069, 0x6069, 0x606A, 0x606A, 0x586A, 0x586A, 0x586A, 0x586B, 0x586B, 0x586B, 0x588B, 0x588C, 0x60AC, 0x60CC,
    0x50E1, 0x50C1, 0x50A1, 0x5081, 0x5081, 0x4861, 0x4861, 0x4861, 0x5061, 0x5062, 0x5043, 0x5844, 0x5845, 0x5846, 0x6047, 0x6048,
    0x6048, 0x6069, 0x6069, 0x606A, 0x606A, 0x606A, 0x606A, 0x586A, 0x586B, 0x586B, 0x586B, 0x588B, 0x608C, 0x60AC, 0x60CC, 0x60EC,
    0x5901, 0x58E1, 0x58C1, 0x58A1, 0x58A1, 0x5081, 0x5061, 0x5061, 0x5061, 0x5062, 0x5843, 0x5844, 0x5845, 0x6046, 0x6047, 0x6048,
    0x6869, 0x6869, 0x686A, 0x686A, 0x606A, 0x606A, 0x606A, 0x606B, 0x606B, 0x606B, 0x608B, 0x608C, 0x60AC, 0x60CC, 0x60EC, 0x610D,
    0x6121, 0x6101, 0x6101, 0x60E1, 0x60C1, 0x58A1, 0x5881, 0x5061, 0x5061, 0x5861, 0x5862, 0x5863, 0x6064, 0x6066, 0x6067, 0x6868,
    0x6869, 0x6869, 0x686A, 0x686A, 0x686A, 0x606A, 0x606B, 0x606B, 0x606B, 0x608B, 0x608C, 0x60AC, 0x60CC, 0x60EC, 0x612D, 0x614D,
    0x6141, 0x6141, 0x6921, 0x6921, 0x6901, 0x60E1, 0x60A1, 0x5881, 0x5861, 0x5861, 0x5862, 0x6063, 0x6064, 0x6066, 0x6867, 0x6868,
    0x6869, 0x686A, 0x686A, 0x686A, 0x686B, 0x606B, 0x606B, 0x606B, 0x608B, 0x608C, 0x60AC, 0x60CC, 0x60EC, 0x610D, 0x614D, 0x698E,
    0x6981, 0x6981, 0x7161, 0x7161, 0x7141, 0x6921, 0x6901, 0x68C1, 0x60A1, 0x60A1, 0x6082, 0x6083, 0x6084, 0x6065, 0x6867, 0x6868,
    0x6889, 0x708A, 0x708A, 0x688B, 0x686B, 0x606B, 0x606B, 0x608B, 0x608C, 0x60AC, 0x60CC, 0x60EC, 0x612D, 0x614D, 0x698E, 0x69EF,
    0x71A1, 0x71A1, 0x79A1, 0x79A1, 0x7981, 0x7961, 0x7141, 0x7121, 0x68E1, 0x68E1, 0x60C1, 0x60A2, 0x60A4, 0x68A5, 0x6887, 0x68A8,
    0x70A9, 0x70AA, 0x70AB, 0x68AB, 0x688B, 0x688B, 0x608B, 0x608C, 0x60AC, 0x60CC, 0x60EC, 0x610D, 0x614D, 0x618E, 0x69EF, 0x7250,
    0x79E1, 0x7A01, 0x8201, 0x8201, 0x81E1, 0x81E1, 0x81C1, 0x8181, 0x7961, 0x7941, 0x7121, 0x6902, 0x68E3, 0x68E5, 0x70E7, 0x70E8,
    0x70EA, 0x710B, 0x710B, 0x70EB, 0x68CB, 0x60AB, 0x60AC, 0x60AC, 0x60CC, 0x58EC, 0x590D, 0x614D, 0x618E, 0x69EF, 0x7250, 0x7AB1,
    0x8221, 0x8241, 0x8A41, 0x8A41, 0x9241, 0x9241, 0x9221, 0x8A01, 0x89E1, 0x89C1, 0x81A2, 0x7982, 0x7163, 0x7145, 0x7147, 0x7949,
    0x796A, 0x796B, 0x796C, 0x714C, 0x690C, 0x68EC, 0x60EC, 0x60CC, 0x58EC, 0x590D, 0x594D, 0x618E, 0x61EF, 0x6A2F, 0x72B0, 0x7B11,
    0x8A81, 0x8A81, 0x92A1, 0x92A1, 0x9AA2, 0x9AA2, 0xA2A2, 0xA2A2, 0x9A82, 0x9A62, 0x9242, 0x8A22, 0x8A03, 0x81E5, 0x81C7, 0x81E9,
    0x81EB, 0x820C, 0x81ED, 0x79CD, 0x718D, 0x694D, 0x612C, 0x590C, 0x592D, 0x594D, 0x598E, 0x61CE, 0x6A2F, 0x72B0, 0x7B11, 0x8372,
    0x8AA1, 0x92C1, 0x9AE2, 0xA302, 0xA302, 0xAB22, 0xAB22, 0xAB02, 0xAB02, 0xAAE2, 0xA2C2, 0x9AA3, 0x9AA4, 0x9285, 0x8A67, 0x8A69,
    0x8A8B, 0x8AAD, 0x8A8E, 0x824E, 0x720E, 0x69CD, 0x618D, 0x596D, 0x516D, 0x518D, 0x59CE, 0x5A2F, 0x6A90, 0x72F1, 0x7B72, 0x8BD3,
    0x92E2, 0x9B02, 0xA322, 0xAB42, 0xAB62, 0xB362, 0xBB82, 0xBB82, 0xBB82, 0xBB63, 0xB363, 0xAB44, 0xAB45, 0xA326, 0x9B28, 0x9B0A,
    0x932C, 0x934E, 0x8B2F, 0x830F, 0x7AAF, 0x6A6E, 0x620E, 0x51CE, 0x51CE, 0x49EE, 0x522F, 0x5A90, 0x6AF1, 0x7B72, 0x83B3, 0x8C14,
    0x9B22, 0xA342, 0xAB62, 0xAB82, 0xB3A2, 0xBBC3, 0xC3E3, 0xC3E3, 0xC3E3, 0xC3E3, 0xC3E3, 0xBBC4, 0xB3C5, 0xB3C7, 0xABA9, 0xA3AB,
    0x9BAC, 0x9BCE, 0x93AF, 0x8B90, 0x7B50, 0x6AEF, 0x5AAF, 0x524F, 0x4A4F, 0x4A4F, 0x5290, 0x5AF1, 0x6B52, 0x7BB3, 0x8413, 0x9474,
    0x9B42, 0xA382, 0xABA2, 0xB3C2, 0xBBE3, 0xC403, 0xC423, 0xC423, 0xCC43, 0xCC44, 0xCC44, 0xC445, 0xC426, 0xBC28, 0xB429, 0xAC2C,
    0xA42D, 0x9C2F, 0x9410, 0x83F0, 0x7BB0, 0x6B70, 0x5B30, 0x52EF, 0x4ACF, 0x42B0, 0x4AF0, 0x5B51, 0x6BB2, 0x7C13, 0x8C54, 0x9495,
    0xA382, 0xABA2, 0xB3C2, 0xB403, 0xBC23, 0xC443, 0xC463, 0xCC63, 0xCC84, 0xCC84, 0xCC84, 0xCC85, 0xC486, 0xBC88, 0xB489, 0xB48C,
    0xA48D, 0x9C6F, 0x9470, 0x8450, 0x7C11, 0x6BD0, 0x5BB0, 0x5370, 0x4B50, 0x4B31, 0x5371, 0x5BB2, 0x6BF3, 0x8454, 0x8C94, 0x94D5,
    0xA3A2, 0xABC2, 0xB403, 0xB423, 0xBC43, 0xC463, 0xC483, 0xC484, 0xCCA4, 0xCCA4, 0xCCC4, 0xCCC5, 0xC4C6, 0xBCA7, 0xB4A9, 0xACAB,
    0xA4AD, 0x948E, 0x8C8F, 0x8C91, 0x7C71, 0x7431, 0x6411, 0x5BF1, 0x53D1, 0x53D2, 0x5BF2, 0x6413, 0x7454, 0x8494, 0x8CD5, 0x94F5,
    0xA3C2, 0xABE2, 0xB403, 0xB423, 0xBC43, 0xBC63, 0xC483, 0xC4A4, 0xCCC4, 0xCCC4, 0xCCE4, 0xC4E5, 0xC4E6, 0xBCC7, 0xB4C8, 0xACCA,
    0x9CAC, 0x8C8D, 0x848F, 0x84B0, 0x7CB1, 0x7492, 0x6C72, 0x6452, 0x5C32, 0x5C33, 0x6453, 0x6C74, 0x7494, 0x84B5, 0x8CF5, 0x9516,
    0xA3E2, 0xAC02, 0xAC23, 0xB443, 0xB463, 0xBC83, 0xBCA3, 0xC4C4, 0xC4C4, 0xCCE4, 0xCCE4, 0xC4E5, 0xC4E5, 0xBCE6, 0xB4C7, 0xA4C8,
    0x94AA, 0x848D, 0x7C8E, 0x7CB0, 0x7CD1, 0x7CF2, 0x74D3, 0x6CB3, 0x6493, 0x6493, 0x6494, 0x6CB4, 0x7CD5, 0x84F5, 0x8D15, 0x9536,
    0xA3E2, 0xA402, 0xAC23, 0xB443, 0xB463, 0xBC83, 0xBCA3, 0xC4C4, 0xC4E4, 0xC4E4, 0xC504, 0xC505, 0xBD05, 0xB4E6, 0xACC6, 0x9CA7,
    0x8CA9, 0x748C, 0x6C8E, 0x6CAF, 0x74F1, 0x7D12, 0x7D13, 0x74F3, 0x6CF4, 0x64D4, 0x6CD4, 0x74F5, 0x7CF5, 0x8515, 0x8D36, 0x9556,
    0x9C02, 0xA422, 0xAC43, 0xAC63, 0xB483, 0xBCA3, 0xBCC3, 0xC4E4, 0xC4E4, 0xC504, 0xC504, 0xC505, 0xBD05, 0xB505, 0xACE6, 0x94A7,
    0x8488, 0x6C6B, 0x648D, 0x64AF, 0x6CF1, 0x7532, 0x7533, 0x7D54, 0x7534, 0x6D14, 0x6D15, 0x7515, 0x7D35, 0x8D35, 0x8D56, 0x9D56,
    0x9C02, 0xA422, 0xAC43, 0xAC63, 0xB483, 0xBCA3, 0xBCC4, 0xC4E4, 0xC504, 0xC504, 0xC525, 0xC525, 0xBD05, 0xB506, 0xA4E6, 0x94C6,
    0x7C88, 0x646A, 0x5C6C, 0x548E, 0x5CD0, 0x6D12, 0x7553, 0x7574, 0x7555, 0x7555, 0x7555, 0x7555, 0x8555, 0x8D56, 0x9576, 0x9D76,
    0x9C02, 0xA422, 0xAC63, 0xB483, 0xB4A3, 0xBCC3, 0xC4E4, 0xC504, 0xC504, 0xC525, 0xC525, 0xBD25, 0xB526, 0xAD06, 0xA4E6, 0x94C7,
    0x7CA8, 0x646A, 0x546C, 0x4C8E, 0x54CF, 0x5D11, 0x6D52, 0x7574, 0x7595, 0x7595, 0x7576, 0x7D76, 0x8576, 0x8D76, 0x9576, 0x9D96,
    0x9C22, 0xA443, 0xAC83, 0xB4A3, 0xBCC3, 0xBCE4, 0xC504, 0xC504, 0xC525, 0xC525, 0xBD26, 0xBD26, 0xB526, 0xAD06, 0x9CE7, 0x94C7,
    0x7CA8, 0x648A, 0x548C, 0x4CAE, 0x54CF, 0x5D11, 0x6D52, 0x7574, 0x7595, 0x7DB5, 0x7DB6, 0x7D96, 0x8596, 0x8D96, 0x9596, 0x9DB6,
    0xA442, 0xAC63, 0xB483, 0xB4C3, 0xBCE4, 0xC4E4, 0xC504, 0xC525, 0xC525, 0xBD26, 0xBD26, 0xB526, 0xB527, 0xAD07, 0x9CE7, 0x94E8,
    0x84C9, 0x6CAB, 0x5CAD, 0x54CE, 0x5CF0, 0x6531, 0x6D52, 0x7594, 0x7DB4, 0x7DB5, 0x85D6, 0x85D6, 0x8DD6, 0x95B6, 0x9DD7, 0xA5D7,
    0xA463, 0xAC83, 0xB4A3, 0xBCC4, 0xBCE4, 0xC504, 0xC525, 0xC525, 0xBD26, 0xBD26, 0xBD27, 0xB527, 0xAD28, 0xA508, 0x9D09, 0x950A,
    0x84EB, 0x74EC, 0x6CEE, 0x64EF, 0x6530, 0x6D51, 0x7573, 0x7D94, 0x85B4, 0x8DD5, 0x8DD6, 0x8DF6, 0x8DD6, 0x95D7, 0x9DD7, 0xA5F7,
    0xAC83, 0xB4A3, 0xBCC3, 0xBCE4, 0xC504, 0xC525, 0xC525, 0xBD26, 0xBD26, 0xBD27, 0xB527, 0xB528, 0xAD28, 0xA529, 0x9D2A, 0x952B,
    0x8D0C, 0x7D0D, 0x750F, 0x7530, 0x7551, 0x7D72, 0x8593, 0x8DB4, 0x8DD5, 0x95F5, 0x95F6, 0x95F6, 0x95F7, 0x95F7, 0x9DF7, 0xA5F7,
    0xB4A3, 0xB4C4, 0xBCE4, 0xBD04, 0xC525, 0xC525, 0xBD26, 0xBD26, 0xBD27, 0xB548, 0xB548, 0xB549, 0xAD4A, 0xA54B, 0x9D4C, 0x9D4D,
    0x952E, 0x8D2F, 0x8550, 0x8551, 0x8572, 0x8D93, 0x8DB3, 0x95D4, 0x95F5, 0x9DF5, 0x9DF6, 0x9E16, 0x9E17, 0x9E17, 0xA617, 0xA617,
    0xBCE4, 0xBCE4, 0xBD04, 0xC525, 0xC525, 0xC526, 0xBD27, 0xBD47, 0xB548, 0xB548, 0xB549, 0xAD4A, 0xAD4B, 0xA54C, 0xA54D, 0x9D4E,
    0x954F, 0x9570, 0x9571, 0x9592, 0x95B2, 0x95D3, 0x9DD4, 0x9DF4, 0x9DF5, 0xA615, 0xA616, 0xA616, 0xA616, 0xA637, 0xA637, 0xA638,
    0x4061, 0x4061, 0x4061, 0x4061, 0x4061, 0x4061, 0x4062, 0x4062, 0x4063, 0x4063, 0x4064, 0x4864, 0x4845, 0x4845, 0x4846, 0x4846,
    0x5047, 0x5047, 0x5048, 0x5048, 0x5048, 0x5849, 0x5849, 0x5849, 0x5849, 0x584A, 0x584A, 0x586A, 0x586A, 0x586B, 0x586B, 0x586B,
    0x4061, 0x4061, 0x4061, 0x4061, 0x4061, 0x4061, 0x4062, 0x4062, 0x4863, 0x4863, 0x4864, 0x4844, 0x4845, 0x5045, 0x5046, 0x5047,
    0x5047, 0x5048, 0x5848, 0x5848, 0x5849, 0x5849, 0x5849, 0x5849, 0x584A, 0x584A, 0x586A, 0x586A, 0x586B, 0x586B, 0x586B, 0x606B,
    0x4881, 0x4861, 0x4061, 0x4061, 0x4061, 0x4861, 0x4861, 0x4862, 0x4862, 0x4863, 0x4844, 0x5044, 0x5045, 0x5046, 0x5046, 0x5847,
    0x5848, 0x5848, 0x5848, 0x5849, 0x6049, 0x6069, 0x606A, 0x586A, 0x586A, 0x586A, 0x586A, 0x586B, 0x586B, 0x606B, 0x606B, 0x608C,
    0x48A1, 0x4881, 0x4861, 0x4861, 0x4861, 0x4861, 0x4861, 0x4862, 0x4862, 0x5063, 0x5043, 0x5044, 0x5045, 0x5846, 0x5846, 0x5847,
    0x5848, 0x6048, 0x6049, 0x6069, 0x6069, 0x606A, 0x606A, 0x606A, 0x606A, 0x606A, 0x606B, 0x606B, 0x606B, 0x606B, 0x608C, 0x60AC,
    0x50C1, 0x50A1, 0x5081, 0x4861, 0x4861, 0x4861, 0x4861, 0x5061, 0x5062, 0x5062, 0x5043, 0x5844, 0x5845, 0x5846, 0x5847, 0x6047,
    0x6048, 0x6048, 0x6069, 0x6069, 0x606A, 0x606A, 0x606A, 0x606A, 0x606A, 0x606B, 0x606B, 0x606B, 0x606B, 0x608C, 0x60AC, 0x60CC,
    0x58E1, 0x58C1, 0x58A1, 0x5081, 0x5081, 0x5061, 0x5061, 0x5061, 0x5061, 0x5042, 0x5843, 0x5844, 0x5845, 0x6046, 0x6047, 0x6048,
    0x6048, 0x6869, 0x6869, 0x686A, 0x686A, 0x686A, 0x606A, 0x606A, 0x606B, 0x606B, 0x606B, 0x606B, 0x608C, 0x60AC, 0x60CC, 0x60EC,
    0x5901, 0x58E1, 0x58C1, 0x58A1, 0x5881, 0x5881, 0x5061, 0x5061, 0x5061, 0x5862, 0x5843, 0x5844, 0x6045, 0x6046, 0x6047, 0x6848,
    0x6868, 0x6869, 0x686A, 0x686A, 0x686A, 0x686A, 0x686B, 0x606B, 0x606B, 0x606B, 0x606B, 0x608B, 0x60AC, 0x60CC, 0x60EC, 0x690D,
    0x6121, 0x6101, 0x6101, 0x60E1, 0x60C1, 0x60A1, 0x5881, 0x5861, 0x5861, 0x5861, 0x5862, 0x6063, 0x6064, 0x6066, 0x6867, 0x6868,
    0x6869, 0x6869, 0x686A, 0x686A, 0x686A, 0x686B, 0x686B, 0x606B, 0x606B, 0x606B, 0x608B, 0x60AC, 0x60CC, 0x68EC, 0x692D, 0x694D,
    0x6941, 0x6941, 0x6921, 0x6901, 0x6901, 0x68C1, 0x60A1, 0x6081, 0x5861, 0x5861, 0x6062, 0x6063, 0x6064, 0x6865, 0x6867, 0x6868,
    0x6869, 0x7069, 0x706A, 0x706A, 0x686B, 0x686B, 0x686B, 0x686B, 0x606B, 0x608B, 0x60AC, 0x60CC, 0x68EC, 0x690D, 0x694D, 0x698E,
    0x6981, 0x7161, 0x7161, 0x7141, 0x7141, 0x7121, 0x68E1, 0x68C1, 0x60A1, 0x6081, 0x6081, 0x6062, 0x6864, 0x6865, 0x6866, 0x6868,
    0x7069, 0x7069, 0x708A, 0x708B, 0x706B, 0x686B, 0x686B, 0x686B, 0x688B, 0x60AC, 0x60CC, 0x68EC, 0x690D, 0x694D, 0x698E, 0x71EF,
    0x71C1, 0x79A1, 0x79A1, 0x79A1, 0x7981, 0x7961, 0x7941, 0x7101, 0x70E1, 0x68C1, 0x68A1, 0x68A2, 0x6883, 0x6885, 0x6886, 0x7088,
    0x7089, 0x708A, 0x70AA, 0x70AB, 0x708B, 0x688B, 0x688B, 0x688C, 0x68AC, 0x68AC, 0x68EC, 0x690D, 0x694D, 0x698E, 0x71EF, 0x7A50,
    0x79E1, 0x8201, 0x8201, 0x81E1, 0x81E1, 0x81C1, 0x81A1, 0x8161, 0x7941, 0x7921, 0x7101, 0x70E2, 0x68C3, 0x70C4, 0x70C6, 0x70C8,
    0x70C9, 0x78CA, 0x78CB, 0x78CB, 0x70CC, 0x70AC, 0x68AC, 0x68AC, 0x68CC, 0x68EC, 0x690D, 0x694D, 0x698E, 0x71EF, 0x7A50, 0x82B1,
    0x8221, 0x8A41, 0x8A41, 0x8A41, 0x9241, 0x9221, 0x9201, 0x89E1, 0x89C1, 0x89A1, 0x8161, 0x7942, 0x7123, 0x7124, 0x7106, 0x7908,
    0x7929, 0x792A, 0x792B, 0x792C, 0x790C, 0x70EC, 0x68CC, 0x68CC, 0x68EC, 0x690D, 0x694D, 0x698E, 0x71EF, 0x7250, 0x7AB0, 0x8311,
    0x8A81, 0x9281, 0x92A1, 0x9AA1, 0x9AA2, 0x9AA2, 0xA282, 0x9A62, 0x9A41, 0x9A21, 0x9202, 0x89E2, 0x89C3, 0x81A4, 0x8186, 0x8188,
    0x81AA, 0x81AB, 0x81AC, 0x81AD, 0x798D, 0x714D, 0x712D, 0x690D, 0x692D, 0x694D, 0x698E, 0x69EF, 0x7250, 0x7AB0, 0x8311, 0x8B72,
    0x92A1, 0x92C1, 0x9AE2, 0xA2E2, 0xA302, 0xAB02, 0xAB02, 0xAAE2, 0xAAC2, 0xAAC2, 0xA2A2, 0x9A82, 0x9A63, 0x9224, 0x8A26, 0x8A28,
    0x8A2A, 0x8A4C, 0x8A4D, 0x8A4E, 0x820E, 0x79CD, 0x71AD, 0x696D, 0x698D, 0x698E, 0x69EF, 0x722F, 0x7AB0, 0x8311, 0x8B72, 0x93D3,
    0x92E2, 0x9B02, 0xA322, 0xAB42, 0xB342, 0xB362, 0xBB62, 0xBB62, 0xBB62, 0xBB42, 0xB323, 0xB323, 0xAB04, 0xA2E5, 0x9AC7, 0x9AC8,
    0x92CA, 0x92ED, 0x92EE, 0x92EF, 0x8ACF, 0x826F, 0x7A2E, 0x69EE, 0x69EE, 0x69EF, 0x6A4F, 0x7290, 0x7AF1, 0x8372, 0x8BB3, 0x9414,
    0x9B22, 0xA342, 0xAB62, 0xB382, 0xB3A2, 0xBBA2, 0xC3C3, 0xC3C3, 0xC3C3, 0xC3C3, 0xC3A3, 0xBBA4, 0xBB84, 0xB386, 0xAB67, 0xA369,
    0xA36B, 0x9B6D, 0x9B8F, 0x9B90, 0x9350, 0x8310, 0x7AD0, 0x728F, 0x6A6F, 0x626F, 0x6AB0, 0x72F1, 0x7B52, 0x8BB3, 0x9413, 0x9C54,
    0xA342, 0xAB62, 0xB3A2, 0xB3C2, 0xBBE3, 0xC3E3, 0xC403, 0xCC03, 0xCC23, 0xCC23, 0xCC24, 0xCC04, 0xC405, 0xBC06, 0xBC08, 0xB40A,
    0xAC0C, 0xA40E, 0xA40F, 0x9C10, 0x93F1, 0x8BB1, 0x7B71, 0x7310, 0x6AF0, 0x62D0, 0x6B11, 0x7352, 0x7BB3, 0x8C13, 0x9454, 0x9C95,
    0xA382, 0xABA2, 0xB3C2, 0xBBE3, 0xC403, 0xC423, 0xCC43, 0xCC43, 0xCC63, 0xD464, 0xD464, 0xCC64, 0xCC65, 0xC467, 0xC469, 0xBC6B,
    0xB46D, 0xAC6E, 0xA46F, 0x9C71, 0x9451, 0x8C11, 0x7BD1, 0x7391, 0x6B71, 0x6351, 0x6B72, 0x73B2, 0x7C13, 0x8C54, 0x9495, 0x9CD5,
    0xABA2, 0xB3C2, 0xB403, 0xBC23, 0xC443, 0xC463, 0xCC63, 0xCC84, 0xCC84, 0xD4A4, 0xD4A4, 0xD4A5, 0xCCC6, 0xCCC7, 0xC4C9, 0xC4CB,
    0xBCCD, 0xACCE, 0xA4D0, 0x9CD1, 0x9491, 0x8471, 0x7C31, 0x73F2, 0x6BD2, 0x63D2, 0x6BF2, 0x7413, 0x7C54, 0x8C94, 0x94D5, 0x9CF5,
    0xABC2, 0xB403, 0xBC23, 0xBC43, 0xC463, 0xC483, 0xCC84, 0xCCA4, 0xCCC4, 0xD4C4, 0xD4E4, 0xD4E5, 0xD4E6, 0xCCE7, 0xC4E8, 0xC4EA,
    0xB4EC, 0xACEE, 0xA4F0, 0x9CF1, 0x94D1, 0x8CB2, 0x7C92, 0x7472, 0x6C52, 0x6C33, 0x6C53, 0x7454, 0x8494, 0x8CD5, 0x94F5, 0x9D36,
    0xABE2, 0xB423, 0xB443, 0xBC63, 0xC483, 0xC4A4, 0xCCA4, 0xCCC4, 0xCCE4, 0xD4E4, 0xD504, 0xD505, 0xD506, 0xCD07, 0xC508, 0xBD0A,
    0xB50C, 0xA4ED, 0x9CEF, 0x94F0, 0x8CF1, 0x8CF2, 0x84F3, 0x7CB3, 0x74B3, 0x6C93, 0x7494, 0x7CB4, 0x84D5, 0x8CF5, 0x9516, 0x9D56,
    0xAC02, 0xB423, 0xB443, 0xBC63, 0xBC83, 0xC4A4, 0xCCC4, 0xCCE4, 0xCCE4, 0xD504, 0xD505, 0xD525, 0xD526, 0xCD27, 0xC528, 0xBD09,
    0xAD0B, 0x9CED, 0x94EE, 0x84EF, 0x84F1, 0x8D12, 0x8533, 0x8513, 0x7CF4, 0x74F4, 0x7CF4, 0x7CF5, 0x8515, 0x8D15, 0x9536, 0x9D56,
    0xAC22, 0xB443, 0xB463, 0xBC83, 0xBCA3, 0xC4C4, 0xCCE4, 0xCCE4, 0xD504, 0xD524, 0xD525, 0xD525, 0xCD46, 0xCD47, 0xC527, 0xB528,
    0xAD0A, 0x94EB, 0x8CED, 0x7CCF, 0x7CF0, 0x8532, 0x8553, 0x8D54, 0x8555, 0x7D35, 0x7D35, 0x7D35, 0x8535, 0x8D56, 0x9556, 0x9D76,
    0xAC22, 0xAC43, 0xB463, 0xBC83, 0xBCA3, 0xC4C4, 0xCCE4, 0xCD04, 0xD524, 0xD525, 0xD525, 0xD545, 0xCD46, 0xC547, 0xBD28, 0xB528,
    0xA509, 0x94EB, 0x84CC, 0x74CE, 0x74F0, 0x7D31, 0x7D53, 0x8574, 0x8575, 0x8575, 0x8555, 0x8556, 0x8D56, 0x9576, 0x9D76, 0xA596,
    0xAC43, 0xAC63, 0xB483, 0xBCA3, 0xC4C4, 0xC4E4, 0xCD04, 0xCD04, 0xD524, 0xD525, 0xCD45, 0xCD46, 0xCD46, 0xC547, 0xBD48, 0xAD28,
    0x9D09, 0x8CEA, 0x7CCB, 0x64AD, 0x64CF, 0x6D31, 0x7552, 0x7D94, 0x8595, 0x85B6, 0x8596, 0x8596, 0x8D96, 0x9596, 0x9D96, 0xA596,
    0xAC43, 0xB463, 0xB4A3, 0xBCC3, 0xC4E4, 0xC504, 0xCD04, 0xCD24, 0xCD25, 0xCD45, 0xCD46, 0xCD47, 0xC547, 0xBD48, 0xB548, 0xAD29,
    0x9D0A, 0x8CEB, 0x7CEC, 0x64CD, 0x64EF, 0x6D31, 0x7552, 0x7D94, 0x85B5, 0x85B6, 0x8DB6, 0x8DB6, 0x8DB6, 0x95B6, 0x9DB7, 0xA5B7,
    0xAC63, 0xB483, 0xBCC3, 0xC4E4, 0xC504, 0xCD04, 0xCD24, 0xCD25, 0xCD45, 0xCD46, 0xCD47, 0xC547, 0xBD48, 0xBD48, 0xB549, 0xAD2A,
    0x9D2A, 0x8D0B, 0x7CED, 0x6CEE, 0x650F, 0x6D31, 0x7572, 0x8594, 0x85B5, 0x8DD5, 0x8DD6, 0x8DF7, 0x95D7, 0x9DD7, 0xA5D7, 0xADD7,
    0xB483, 0xB4A3, 0xBCC4, 0xC4E4, 0xCD04, 0xCD24, 0xCD25, 0xCD45, 0xCD46, 0xCD47, 0xC547, 0xC548, 0xBD49, 0xB549, 0xB54A, 0xA54B,
    0x9D2C, 0x952D, 0x852E, 0x750F, 0x7530, 0x7D51, 0x8593, 0x8DB4, 0x8DD5, 0x95F5, 0x95F6, 0x95F6, 0x9DF7, 0x9DF7, 0xA5F7, 0xADF7,
    0xB4A3, 0xBCC3, 0xC4E4, 0xC504, 0xCD24, 0xCD25, 0xCD45, 0xCD46, 0xCD47, 0xC547, 0xC548, 0xBD49, 0xBD6A, 0xB54A, 0xAD4B, 0xA54C,
    0x9D4D, 0x954E, 0x8D4F, 0x8550, 0x8571, 0x8592, 0x8DB3, 0x95D4, 0x95F5, 0x9DF5, 0x9E16, 0x9E16, 0x9E17, 0x9E17, 0xA617, 0xAE17,
    0xBCC4, 0xBCE4, 0xC504, 0xC524, 0xCD25, 0xCD25, 0xCD46, 0xC547, 0xC547, 0xC548, 0xBD69, 0xBD6A, 0xBD6B, 0xB56C, 0xAD6D, 0xA56D,
    0xA56E, 0x9D6F, 0x9570, 0x9571, 0x9592, 0x95B3, 0x95D4, 0x9DF4, 0x9DF5, 0x9E15, 0xA616, 0xA616, 0xA637, 0xA637, 0xAE37, 0xAE38,
    0xC4E4, 0xC504, 0xC524, 0xCD25, 0xCD45, 0xCD46, 0xCD47, 0xC547, 0xC548, 0xC569, 0xBD6A, 0xBD6B, 0xB56C, 0xB58D, 0xAD8E, 0xA58F,
    0xA590, 0x9D90, 0x9D91, 0x9DB2, 0x9DD3, 0x9DD3, 0xA5F4, 0xA5F5, 0xA615, 0xA616, 0xAE16, 0xAE36, 0xAE37, 0xAE37, 0xAE37, 0xAE58,
    0x4061, 0x4061, 0x4061, 0x4061, 0x4061, 0x4061, 0x4062, 0x4862, 0x4863, 0x4863, 0x4864, 0x4844, 0x4845, 0x5045, 0x5046, 0x5046,
    0x5047, 0x5047, 0x5848, 0x5848, 0x5848, 0x5849, 0x5849, 0x5849, 0x584A, 0x586A, 0x586A, 0x586A, 0x586A, 0x606B, 0x606B, 0x606B,
    0x4861, 0x4061, 0x4061, 0x4061, 0x4061, 0x4861, 0x4862, 0x4862, 0x4862, 0x4863, 0x4864, 0x5044, 0x5045, 0x5045, 0x5046, 0x5847,
    0x5847, 0x5848, 0x5848, 0x5848, 0x5849, 0x6049, 0x6069, 0x606A, 0x606A, 0x606A, 0x606A, 0x606A, 0x606B, 0x606B, 0x606B, 0x606B,
    0x4881, 0x4861, 0x4861, 0x4861, 0x4861, 0x4861, 0x4861, 0x4862, 0x5062, 0x5063, 0x5044, 0x5044, 0x5045, 0x5846, 0x5846, 0x5847,
    0x5848, 0x6048, 0x6048, 0x6049, 0x6069, 0x6069, 0x606A, 0x606A, 0x606A, 0x606A, 0x606A, 0x606B, 0x606B, 0x606B, 0x606B, 0x608B,
    0x50A1, 0x5081, 0x4861, 0x4861, 0x4861, 0x4861, 0x4861, 0x5062, 0x5062, 0x5043, 0x5043, 0x5844, 0x5845, 0x5846, 0x5846, 0x6047,
    0x6048, 0x6048, 0x6049, 0x6069, 0x6069, 0x686A, 0x606A, 0x606A, 0x606A, 0x606A, 0x606B, 0x606B, 0x606B, 0x606B, 0x608C, 0x60AC,
    0x50A1, 0x50A1, 0x5081, 0x5061, 0x5061, 0x5061, 0x5061, 0x5061, 0x5062, 0x5842, 0x5843, 0x5844, 0x5845, 0x6046, 0x6047, 0x6047,
    0x6048, 0x6068, 0x6869, 0x6869, 0x686A, 0x686A, 0x686A, 0x686A, 0x606B, 0x606B, 0x606B, 0x606B, 0x606B, 0x608B, 0x60AC, 0x68CC,
    0x58C1, 0x58C1, 0x58A1, 0x5881, 0x5061, 0x5061, 0x5061, 0x5061, 0x5861, 0x5842, 0x5843, 0x5844, 0x6045, 0x6046, 0x6047, 0x6847,
    0x6868, 0x6869, 0x6869, 0x686A, 0x686A, 0x686A, 0x686A, 0x686B, 0x686B, 0x606B, 0x606B, 0x606B, 0x608B, 0x68AC, 0x68CC, 0x68EC,
    0x6101, 0x60E1, 0x60C1, 0x58A1, 0x5881, 0x5881, 0x5861, 0x5861, 0x5861, 0x5862, 0x6042, 0x6044, 0x6045, 0x6846, 0x6867, 0x6868,
    0x6868, 0x6869, 0x6869, 0x686A, 0x686A, 0x686A, 0x686B, 0x686B, 0x686B, 0x686B, 0x686B, 0x688B, 0x68AC, 0x68AC, 0x68EC, 0x690D,
    0x6121, 0x6101, 0x6101, 0x60E1, 0x60C1, 0x60A1, 0x6081, 0x5861, 0x5861, 0x5861, 0x6062, 0x6063, 0x6864, 0x6865, 0x6867, 0x6868,
    0x6868, 0x6869, 0x706A, 0x706A, 0x706A, 0x686B, 0x686B, 0x686B, 0x686B, 0x686B, 0x688B, 0x688C, 0x68CC, 0x68EC, 0x690D, 0x714D,
    0x6941, 0x6941, 0x6921, 0x6901, 0x68E1, 0x68C1, 0x68A1, 0x6081, 0x6061, 0x6061, 0x6062, 0x6063, 0x6864, 0x6865, 0x6867, 0x7068,
    0x7068, 0x7069, 0x706A, 0x706A, 0x706B, 0x706B, 0x686B, 0x686B, 0x686B, 0x688B, 0x688C, 0x68AC, 0x68EC, 0x690D, 0x714D, 0x718E,
    0x7181, 0x7161, 0x7161, 0x7141, 0x7121, 0x7101, 0x70E1, 0x68C1, 0x68A1, 0x6081, 0x6061, 0x6862, 0x6863, 0x6865, 0x7066, 0x7068,
    0x7068, 0x7069, 0x706A, 0x706A, 0x706B, 0x706B, 0x706B, 0x686B, 0x688B, 0x688C, 0x68AC, 0x68EC, 0x690D, 0x714D, 0x718E, 0x79EF,
    0x79C1, 0x79A1, 0x79A1, 0x7981, 0x7981, 0x7961, 0x7921, 0x7101, 0x70E1, 0x68A1, 0x68A1, 0x6882, 0x6883, 0x7085, 0x7086, 0x7087,
    0x7088, 0x7089, 0x708A, 0x788B, 0x708B, 0x708B, 0x708B, 0x688C, 0x688C, 0x68AC, 0x68EC, 0x690D, 0x714D, 0x718E, 0x79EF, 0x7A30,
    0x81E1, 0x81E1, 0x81E1, 0x81E1, 0x89C1, 0x81A1, 0x8181, 0x8161, 0x7921, 0x7901, 0x70E1, 0x70C2, 0x70C3, 0x70C4, 0x70A6, 0x70A7,
    0x70A9, 0x78AA, 0x78CA, 0x78CB, 0x78AB, 0x70AC, 0x70AC, 0x70AC, 0x68AC, 0x68CC, 0x710D, 0x714D, 0x718E, 0x79EF, 0x8250, 0x82B0,
    0x8241, 0x8A41, 0x8A41, 0x9241, 0x9221, 0x9201, 0x9201, 0x89C1, 0x89A1, 0x8981, 0x8141, 0x7922, 0x7902, 0x7904, 0x78E5, 0x78E7,
    0x78E9, 0x790A, 0x790B, 0x790B, 0x790C, 0x78EC, 0x70CC, 0x70CC, 0x70EC, 0x710D, 0x714D, 0x718E, 0x79EF, 0x7A30, 0x82B0, 0x8AF1,
    0x8A81, 0x9281, 0x9281, 0x9A81, 0x9A82, 0x9A82, 0x9A62, 0x9A41, 0x9A21, 0x9201, 0x91E1, 0x89C2, 0x8982, 0x8163, 0x8145, 0x8167,
    0x8169, 0x816A, 0x816B, 0x816C, 0x816C, 0x794D, 0x792D, 0x710D, 0x712D, 0x714D, 0x718E, 0x79CF, 0x7A30, 0x82B0, 0x8AF1, 0x9372,
    0x92A1, 0x9AC2, 0x9AC2, 0xA2E2, 0xAAE2, 0xAAE2, 0xAAE2, 0xAAC2, 0xAAA2, 0xAA82, 0xA262, 0x9A42, 0x9A23, 0x9203, 0x89E5, 0x89E7,
    0x89E9, 0x89EB, 0x8A0C, 0x8A0D, 0x89ED, 0x81CD, 0x798D, 0x796D, 0x718E, 0x718E, 0x79EF, 0x7A2F, 0x8290, 0x8AF1, 0x9372, 0x93D3,
    0x9AE2, 0xA302, 0xA322, 0xAB22, 0xB342, 0xB342, 0xBB42, 0xBB42, 0xBB22, 0xB322, 0xB302, 0xB2E3, 0xAAC3, 0xA2A4, 0x9A85, 0x9A87,
    0x9289, 0x928B, 0x92AD, 0x9AAE, 0x928F, 0x8A6F, 0x822F, 0x79EE, 0x79EF, 0x79EF, 0x7A50, 0x8290, 0x82F1, 0x8B72, 0x93B3, 0x9C14,
    0xA322, 0xA342, 0xAB62, 0xB362, 0xBB82, 0xBBA2, 0xC3A3, 0xC3A3, 0xC3A3, 0xC383, 0xC383, 0xBB63, 0xBB64, 0xB345, 0xAB46, 0xAB28,
    0xA32A, 0xA32C, 0xA32E, 0xA34F, 0x9B30, 0x9310, 0x8AD0, 0x8290, 0x7A70, 0x7A70, 0x7AB0, 0x82F1, 0x8B52, 0x93B3, 0x9414, 0x9C74,
    0xA342, 0xAB62, 0xB382, 0xBBA2, 0xC3C3, 0xC3E3, 0xCBE3, 0xCBE3, 0xCC03, 0xCC03, 0xCBE3, 0xCBE4, 0xC3E4, 0xC3E5, 0xBBC7, 0xB3C9,
    0xB3CB, 0xABCD, 0xABCE, 0xA3F0, 0xA3D1, 0x9BB1, 0x9371, 0x8B31, 0x8311, 0x7AF1, 0x8311, 0x8372, 0x8BB3, 0x9413, 0x9C54, 0xA4B5,
    0xAB82, 0xB3A2, 0xBBC3, 0xBBE3, 0xC403, 0xCC23, 0xCC23, 0xCC43, 0xD443, 0xD443, 0xD444, 0xD444, 0xCC45, 0xCC46, 0xC448, 0xC44A,
    0xBC4C, 0xB44D, 0xAC4F, 0xAC50, 0xA451, 0x9C32, 0x93F2, 0x8BB2, 0x8392, 0x7B72, 0x7B92, 0x83B3, 0x8C13, 0x9454, 0x9C95, 0xA4D5,
    0xABA2, 0xB3E3, 0xBC03, 0xC423, 0xC443, 0xCC43, 0xCC63, 0xD463, 0xD484, 0xD484, 0xD484, 0xD4A4, 0xD4A5, 0xD4A6, 0xCCA8, 0xCCAA,
    0xC4AC, 0xBCCE, 0xB4B0, 0xACB1, 0xA491, 0x9C72, 0x9452, 0x8432, 0x83F2, 0x7BD2, 0x7BF3, 0x8413, 0x8C54, 0x9495, 0x9CD5, 0xA516,
    0xB3E2, 0xB403, 0xBC23, 0xC443, 0xC463, 0xCC63, 0xCC84, 0xD4A4, 0xD4A4, 0xD4C4, 0xD4C4, 0xD4E5, 0xD4E6, 0xD4E7, 0xD4E8, 0xCCEA,
    0xC4EC, 0xBD0E, 0xB510, 0xACF1, 0xA4D1, 0x9CD2, 0x94B2, 0x8C73, 0x8453, 0x7C33, 0x7C53, 0x8454, 0x8C94, 0x94D5, 0x9CF5, 0xA536,
    0xB403, 0xBC23, 0xBC43, 0xC463, 0xC483, 0xCCA4, 0xCCA4, 0xD4C4, 0xD4C4, 0xD4E4, 0xDD04, 0xDD05, 0xDD06, 0xD527, 0xD528, 0xCD2A,
    0xC52C, 0xBD2E, 0xB52F, 0xA510, 0xA511, 0x9D12, 0x94F3, 0x8CD3, 0x84B3, 0x7C94, 0x84B4, 0x84B4, 0x8CD5, 0x94F5, 0x9D36, 0xA556,
    0xB423, 0xBC43, 0xBC63, 0xC483, 0xC4A4, 0xCCA4, 0xCCC4, 0xD4E4, 0xD4E4, 0xD504, 0xDD05, 0xDD25, 0xDD26, 0xD547, 0xD548, 0xCD4A,
    0xC54B, 0xBD2D, 0xAD2F, 0xA510, 0x9D31, 0x9D32, 0x9533, 0x8D34, 0x8D14, 0x84F4, 0x84F5, 0x84F5, 0x8D15, 0x9536, 0x9D56, 0xA576,
    0xB443, 0xBC63, 0xBC83, 0xC483, 0xC4A4, 0xCCC4, 0xCCE4, 0xD4E4, 0xD504, 0xD524, 0xDD25, 0xDD45, 0xDD46, 0xD547, 0xD548, 0xCD49,
    0xC54B, 0xB54C, 0xA52E, 0x952F, 0x9531, 0x9552, 0x9553, 0x9574, 0x8D55, 0x8D35, 0x8D35, 0x8D35, 0x8D36, 0x9556, 0x9D76, 0xA576,
    0xB443, 0xBC63, 0xBC83, 0xC4A3, 0xC4C4, 0xCCE4, 0xCCE4, 0xD504, 0xD524, 0xD525, 0xDD45, 0xD546, 0xD546, 0xD567, 0xCD68, 0xC549,
    0xBD4A, 0xB54B, 0xA52D, 0x8D0E, 0x8D30, 0x8D51, 0x8D73, 0x9594, 0x9595, 0x8D75, 0x8D76, 0x8D56, 0x9576, 0x9D76, 0xA596, 0xA596,
    0xB463, 0xBC83, 0xBCA3, 0xC4C4, 0xC4E4, 0xCCE4, 0xD504, 0xD524, 0xD525, 0xD545, 0xD545, 0xD546, 0xD567, 0xCD68, 0xCD69, 0xC569,
    0xBD4A, 0xAD4B, 0x9D2C, 0x850E, 0x7D0F, 0x8551, 0x8572, 0x8D94, 0x95B5, 0x95B6, 0x95B6, 0x9596, 0x9596, 0x9D96, 0xA596, 0xADB7,
    0xB463, 0xBCA3, 0xBCC3, 0xC4E4, 0xCCE4, 0xCD04, 0xD524, 0xD525, 0xD545, 0xD546, 0xD546, 0xD567, 0xD568, 0xCD68, 0xC569, 0xBD6A,
    0xB54B, 0xAD4B, 0x9D2C, 0x850E, 0x7D2F, 0x7D51, 0x8572, 0x8DB4, 0x8DB5, 0x95D6, 0x95D6, 0x95D6, 0x9DB7, 0x9DB7, 0xA5B7, 0xADD7,
    0xB483, 0xBCA3, 0xC4C4, 0xC4E4, 0xCD04, 0xD524, 0xD525, 0xD545, 0xD545, 0xD546, 0xD567, 0xCD68, 0xCD68, 0xC569, 0xC56A, 0xBD6B,
    0xB56B, 0xAD4C, 0x9D4D, 0x852E, 0x7D2F, 0x7D51, 0x8572, 0x8DB3, 0x8DD5, 0x95F6, 0x95F6, 0x95F7, 0x9DF7, 0xA5F7, 0xADF7, 0xADF7,
    0xBCA3, 0xBCC4, 0xC4E4, 0xCD04, 0xCD24, 0xD525, 0xD545, 0xD545, 0xD546, 0xD567, 0xCD68, 0xCD68, 0xCD69, 0xC58A, 0xBD8B, 0xBD6C,
    0xB56D, 0xA56D, 0x9D4E, 0x8D4F, 0x8550, 0x8571, 0x8D92, 0x95D4, 0x95D5, 0x9DF5, 0x9E16, 0x9E17, 0xA617, 0xA617, 0xAE17, 0xB5F7,
    0xBCC3, 0xC4E4, 0xCD04, 0xCD04, 0xD524, 0xD545, 0xD545, 0xD546, 0xD567, 0xCD68, 0xCD68, 0xCD69, 0xC58A, 0xC58B, 0xBD8C, 0xB58D,
    0xAD8E, 0xA58F, 0x9D6F, 0x9570, 0x9591, 0x9592, 0x95B3, 0x9DD4, 0x9DF5, 0xA615, 0xA616, 0xA617, 0xA637, 0xAE37, 0xAE38, 0xB617,
    0xC4E4, 0xC504, 0xCD04, 0xCD24, 0xD525, 0xD545, 0xD546, 0xD547, 0xCD68, 0xCD68, 0xCD89, 0xC58A, 0xC58B, 0xBD8C, 0xBD8D, 0xB58E,
    0xAD8F, 0xAD90, 0xA590, 0x9D91, 0x9DB2, 0x9DD3, 0x9DD4, 0xA5F4, 0xA615, 0xA616, 0xAE16, 0xAE36, 0xAE37, 0xAE37, 0xB638, 0xB638,
    0xC504, 0xCD04, 0xCD24, 0xD525, 0xD545, 0xD546, 0xD547, 0xCD68, 0xCD68, 0xCD89, 0xC58A, 0xC58B, 0xC58C, 0xBDAD, 0xBDAE, 0xB5AF,
    0xADB0, 0xADB1, 0xADB1, 0xA5D2, 0xA5D3, 0xA5F3, 0xA5F4, 0xAE15, 0xAE15, 0xAE36, 0xAE36, 0xB636, 0xB637, 0xB657, 0xB658, 0xB658,
    0x4061, 0x4061, 0x4061, 0x4061, 0x4861, 0x4861, 0x4862, 0x4862, 0x4863, 0x4863, 0x4844, 0x5044, 0x5045, 0x5045, 0x5046, 0x5846,
    0x5847, 0x5847, 0x5848, 0x5848, 0x5848, 0x6049, 0x6049, 0x6069, 0x606A, 0x606A, 0x606A, 0x606A, 0x606A, 0x606B, 0x606B, 0x606B,
    0x4861, 0x4861, 0x4861, 0x4861, 0x4861, 0x4861, 0x4861, 0x4862, 0x5062, 0x5063, 0x5044, 0x5044, 0x5045, 0x5845, 0x5846, 0x5847,
    0x5847, 0x5848, 0x6048, 0x6048, 0x6049, 0x6069, 0x6069, 0x606A, 0x606A, 0x606A, 0x606A, 0x606A, 0x606B, 0x606B, 0x606B, 0x606B,
    0x4881, 0x4861, 0x4861, 0x4861, 0x4861, 0x4861, 0x5061, 0x5062, 0x5062, 0x5043, 0x5043, 0x5844, 0x5845, 0x5846, 0x5846, 0x6047,
    0x6048, 0x6048, 0x6048, 0x6069, 0x6069, 0x6869, 0x686A, 0x686A, 0x686A, 0x606A, 0x606B, 0x606B, 0x606B, 0x606B, 0x606B, 0x608B,
    0x50A1, 0x5081, 0x5061, 0x5061, 0x5061, 0x5061, 0x5061, 0x5061, 0x5062, 0x5843, 0x5843, 0x5844, 0x5845, 0x6046, 0x6046, 0x6047,
    0x6048, 0x6048, 0x6869, 0x6869, 0x6869, 0x686A, 0x686A, 0x686A, 0x686A, 0x686B, 0x686B, 0x606B, 0x606B, 0x606B, 0x688B, 0x688C,
    0x58A1, 0x58A1, 0x5081, 0x5061, 0x5061, 0x5061, 0x5061, 0x5061, 0x5862, 0x5842, 0x5843, 0x5844, 0x6045, 0x6046, 0x6046, 0x6047,
    0x6848, 0x6868, 0x6869, 0x6869, 0x686A, 0x686A, 0x686A, 0x686A, 0x686B, 0x686B, 0x686B, 0x686B, 0x686B, 0x688B, 0x688C, 0x68AC,
    0x58C1, 0x58C1, 0x58A1, 0x5881, 0x5861, 0x5861, 0x5861, 0x5861, 0x5861, 0x5842, 0x6043, 0x6044, 0x6045, 0x6846, 0x6867, 0x6867,
    0x6868, 0x6869, 0x6869, 0x6869, 0x686A, 0x706A, 0x686A, 0x686B, 0x686B, 0x686B, 0x686B, 0x686B, 0x688B, 0x688C, 0x68AC, 0x68EC,
    0x60E1, 0x60E1, 0x60C1, 0x60A1, 0x6081, 0x5881, 0x5861, 0x5861, 0x5861, 0x6062, 0x6062, 0x6064, 0x6865, 0x6866, 0x6867, 0x6868,
    0x6868, 0x6869, 0x7069, 0x706A, 0x706A, 0x706A, 0x706B, 0x686B, 0x686B, 0x686B, 0x686B, 0x686B, 0x688C, 0x68AC, 0x68EC, 0x710D,
    0x6921, 0x6901, 0x68E1, 0x68E1, 0x68C1, 0x60A1, 0x6081, 0x6061, 0x6061, 0x6061, 0x6062, 0x6863, 0x6864, 0x6865, 0x6867, 0x7068,
    0x7068, 0x7069, 0x7069, 0x706A, 0x706A, 0x706B, 0x706B, 0x706B, 0x686B, 0x686B, 0x688B, 0x688C, 0x68AC, 0x68CC, 0x710D, 0x714D,
    0x6941, 0x6941, 0x7121, 0x6901, 0x68E1, 0x68C1, 0x68A1, 0x6081, 0x6061, 0x6061, 0x6062, 0x6863, 0x6864, 0x7065, 0x7066, 0x7068,
    0x7068, 0x7069, 0x706A, 0x706A, 0x706A, 0x706B, 0x706B, 0x706B, 0x686B, 0x686B, 0x688C, 0x68AC, 0x70CC, 0x710D, 0x714D, 0x798E,
    0x7181, 0x7161, 0x7161, 0x7141, 0x7121, 0x7101, 0x70E1, 0x70C1, 0x6881, 0x6881, 0x6861, 0x6862, 0x6863, 0x7065, 0x7066, 0x7067,
    0x7068, 0x7069, 0x706A, 0x706A, 0x706B, 0x706B, 0x706B, 0x706B, 0x708C, 0x708C, 0x70AC, 0x70CC, 0x710D, 0x714D, 0x798E, 0x79EF,
    0x79A1, 0x79A1, 0x79A1, 0x7981, 0x8161, 0x7941, 0x7921, 0x7901, 0x70C1, 0x70A1, 0x6881, 0x6882, 0x7083, 0x7084, 0x7086, 0x7087,
    0x7888, 0x7889, 0x788A, 0x788A, 0x788B, 0x788B, 0x708B, 0x708C, 0x708C, 0x70AC, 0x70CC, 0x710D, 0x714D, 0x798E, 0x79EF, 0x822F,
    0x81E1, 0x81E1, 0x89E1, 0x89E1, 0x89C1, 0x89A1, 0x8181, 0x8141, 0x8121, 0x7901, 0x70C1, 0x70C2, 0x70A2, 0x70A4, 0x78A5, 0x78A7,
    0x78A8, 0x78A9, 0x78AA, 0x78AB, 0x78AB, 0x78AB, 0x788C, 0x708C, 0x70AC, 0x70CC, 0x710D, 0x714D, 0x798E, 0x79CF, 0x822F, 0x8A90,
    0x8A41, 0x8A41, 0x9241, 0x9221, 0x9221, 0x9201, 0x91E1, 0x89C1, 0x8981, 0x8961, 0x8121, 0x7901, 0x78E2, 0x78E4, 0x78E5, 0x78E7,
    0x78E8, 0x78E9, 0x78EA, 0x78EB, 0x78CB, 0x78CC, 0x78CC, 0x78CC, 0x70CC, 0x710D, 0x794D, 0x798E, 0x81CF, 0x822F, 0x8A90, 0x92F1,
    0x9281, 0x9281, 0x9A81, 0x9A81, 0x9A82, 0x9A61, 0x9A61, 0x9A21, 0x9A01, 0x91E1, 0x91A1, 0x8982, 0x8962, 0x8143, 0x8124, 0x8127,
    0x8128, 0x812A, 0x814B, 0x812B, 0x812C, 0x812C, 0x812D, 0x790D, 0x790D, 0x794D, 0x798E, 0x81CF, 0x822F, 0x8A90, 0x92F1, 0x9372,
    0x9AA1, 0x9AC2, 0xA2C2, 0xA2C2, 0xAAC2, 0xAAC2, 0xAAC2, 0xAAA2, 0xAA82, 0xA262, 0xA242, 0x9A22, 0x91E2, 0x89C3, 0x89A4, 0x89A6,
    0x89A8, 0x89AA, 0x89AB, 0x89AC, 0x89AD, 0x89AD, 0x818D, 0x816D, 0x796E, 0x798E, 0x81CF, 0x822F, 0x8A90, 0x8AF1, 0x9352, 0x9BD3,
    0x9AE2, 0xA302, 0xAB02, 0xAB22, 0xB322, 0xB322, 0xB322, 0xBB22, 0xBB02, 0xB2E2, 0xB2C2, 0xAAA2, 0xAAA3, 0xA284, 0x9A65, 0x9A46,
    0x9228, 0x924A, 0x924C, 0x924D, 0x924E, 0x924E, 0x8A2E, 0x89EE, 0x81EE, 0x81EF, 0x822F, 0x8A90, 0x8AF1, 0x9352, 0x9BB3, 0xA414,
    0xA322, 0xAB42, 0xB362, 0xB362, 0xBB82, 0xBB82, 0xC382, 0xC382, 0xC382, 0xC362, 0xC362, 0xBB43, 0xBB23, 0xB324, 0xAB05, 0xAAE7,
    0xA2C9, 0xA2CB, 0xA2ED, 0xA2EE, 0x9AEF, 0x9AF0, 0x92B0, 0x8A90, 0x8A70, 0x8A70, 0x8AB0, 0x8AF1, 0x9352, 0x9BB3, 0x9C14, 0xA474,
    0xAB42, 0xB362, 0xB382, 0xBBA2, 0xC3C3, 0xC3C3, 0xCBE3, 0xCBE3, 0xCBE3, 0xCBC3, 0xCBC3, 0xCBC3, 0xC3A4, 0xC3A5, 0xBBA6, 0xBB88,
    0xB38A, 0xAB6B, 0xAB8D, 0xAB8F, 0xAB90, 0xA391, 0xA371, 0x9B31, 0x9311, 0x8AF1, 0x8B11, 0x9372, 0x93B3, 0x9C14, 0xA454, 0xA4B5,
    0xAB82, 0xB3A2, 0xBBC3, 0xC3E3, 0xC403, 0xCC03, 0xCC03, 0xD423, 0xD423, 0xD423, 0xD423, 0xD424, 0xD424, 0xCC25, 0xCC27, 0xC429,
    0xBC2B, 0xBC0C, 0xB40E, 0xB40F, 0xAC31, 0xAC32, 0xA412, 0x9BD2, 0x9392, 0x9372, 0x9392, 0x93D3, 0x9C13, 0x9C54, 0xA495, 0xACD5,
    0xB3C2, 0xBBE3, 0xBC03, 0xC403, 0xCC23, 0xCC43, 0xD443, 0xD443, 0xD463, 0xD464, 0xD464, 0xD464, 0xD484, 0xD486, 0xD487, 0xCC89,
    0xCC8B, 0xC48D, 0xBC8F, 0xB490, 0xB491, 0xAC92, 0xA473, 0x9C53, 0x9413, 0x93F3, 0x93F3, 0x9413, 0x9C54, 0x9C95, 0xA4D5, 0xAD16,
    0xB3E3, 0xBC03, 0xC423, 0xC443, 0xCC43, 0xCC63, 0xD463, 0xD484, 0xD484, 0xD4A4, 0xDCA4, 0xDCC4, 0xDCC5, 0xDCC6, 0xD4E8, 0xD4EA,
    0xCCEC, 0xCCED, 0xC4EF, 0xBCF0, 0xB4F1, 0xACF2, 0xA4D3, 0x9CB3, 0x9473, 0x9453, 0x9454, 0x9474, 0x9495, 0x9CD5, 0xA516, 0xAD36,
    0xB403, 0xBC23, 0xC443, 0xC463, 0xCC63, 0xCC84, 0xD4A4, 0xD4A4, 0xD4C4, 0xD4C4, 0xDCE4, 0xDD05, 0xDD05, 0xDD07, 0xDD28, 0xD52A,
    0xD52C, 0xCD2D, 0xC54F, 0xBD31, 0xB532, 0xAD33, 0xA513, 0x9CF3, 0x94D3, 0x8CB4, 0x8C94, 0x8CB4, 0x94D5, 0x9CF5, 0xA536, 0xAD56,
    0xBC23, 0xBC43, 0xC463, 0xC483, 0xCC84, 0xCCA4, 0xD4C4, 0xD4C4, 0xD4E4, 0xDCE4, 0xDD04, 0xDD25, 0xDD26, 0xDD47, 0xDD48, 0xD54A,
    0xD54B, 0xCD4D, 0xC54F, 0xBD51, 0xB552, 0xAD53, 0xA553, 0x9D34, 0x9514, 0x94F4, 0x8CF5, 0x8CF5, 0x9515, 0x9D36, 0xA556, 0xAD76,
    0xBC43, 0xBC63, 0xC483, 0xC4A4, 0xCCA4, 0xCCC4, 0xD4E4, 0xD4E4, 0xD504, 0xDD04, 0xDD25, 0xDD45, 0xDD46, 0xDD67, 0xDD69, 0xD56A,
    0xD56B, 0xCD6D, 0xC56E, 0xB570, 0xAD71, 0xA572, 0xA573, 0xA574, 0x9D55, 0x9555, 0x9535, 0x9535, 0x9556, 0x9D56, 0xA576, 0xAD96,
    0xBC63, 0xC483, 0xC4A4, 0xCCC4, 0xCCC4, 0xCCE4, 0xD4E4, 0xD504, 0xD504, 0xDD25, 0xDD45, 0xDD46, 0xDD67, 0xDD68, 0xD589, 0xD58A,
    0xCD8B, 0xCD8C, 0xBD6E, 0xB56F, 0xA571, 0x9D72, 0x9D73, 0x9D94, 0x9D95, 0x9D95, 0x9576, 0x9576, 0x9D76, 0xA576, 0xA596, 0xADB7,
    0xBC83, 0xC4A3, 0xC4C4, 0xCCC4, 0xCCE4, 0xD504, 0xD504, 0xD524, 0xDD25, 0xDD45, 0xDD46, 0xDD66, 0xDD67, 0xD588, 0xD589, 0xD58A,
    0xCD8B, 0xC58C, 0xBD8D, 0xAD6F, 0x9D70, 0x9551, 0x9572, 0x9DB4, 0x9DB5, 0x9DD6, 0x9DB6, 0x9D96, 0x9D96, 0xA596, 0xADB7, 0xADB7,
    0xBC83, 0xC4A4, 0xC4C4, 0xCCE4, 0xCD04, 0xD504, 0xD524, 0xD525, 0xDD45, 0xDD46, 0xDD66, 0xDD67, 0xD588, 0xD589, 0xD58A, 0xCDAB,
    0xCD8C, 0xC58D, 0xB58D, 0xA56F, 0x9D70, 0x8D51, 0x9572, 0x95B4, 0x9DD5, 0x9DF6, 0x9DF6, 0x9DD7, 0xA5D7, 0xA5D7, 0xADD7, 0xB5D7,
    0xBCA3, 0xC4C4, 0xCCE4, 0xCD04, 0xD504, 0xD524, 0xD525, 0xDD45, 0xDD45, 0xDD66, 0xDD67, 0xD588, 0xD589, 0xD58A, 0xCDAB, 0xCDAC,
    0xC5AC, 0xBD8D, 0xB58E, 0xA56F, 0x9570, 0x8D70, 0x8D72, 0x95B3, 0x95D5, 0x9DF6, 0x9E16, 0xA617, 0xA5F7, 0xADF7, 0xADF7, 0xB5F7,
    0xBCC4, 0xC4E4, 0xCD04, 0xD504, 0xD524, 0xD525, 0xD545, 0xDD46, 0xD566, 0xD567, 0xD588, 0xD589, 0xD58A, 0xCDAB, 0xCDAC, 0xC5AC,
    0xC5AD, 0xBDAE, 0xB58F, 0xA590, 0x9D90, 0x9591, 0x95B2, 0x9DD4, 0x9DF5, 0xA616, 0xA616, 0xA637, 0xAE17, 0xAE17, 0xB617, 0xB617,
    0xC4E4, 0xCD04, 0xCD04, 0xD524, 0xD524, 0xD545, 0xD545, 0xD566, 0xD567, 0xD568, 0xD589, 0xD58A, 0xCDAB, 0xCDAC, 0xCDAD, 0xC5AD,
    0xBDAE, 0xB5AF, 0xADB0, 0xADB1, 0xA5B1, 0x9DB2, 0x9DD3, 0xA5F4, 0xA5F5, 0xA616, 0xAE36, 0xAE37, 0xAE37, 0xAE38, 0xB638, 0xB638,
    0xC504, 0xCD04, 0xD524, 0xD525, 0xD545, 0xD545, 0xD566, 0xD567, 0xD568, 0xD589, 0xD58A, 0xD5AB, 0xCDAC, 0xCDAD, 0xC5AE, 0xC5AF,
    0xBDCF, 0xB5D0, 0xB5D1, 0xADD1, 0xADD2, 0xA5D3, 0xA5F4, 0xA5F4, 0xAE15, 0xAE36, 0xAE36, 0xB637, 0xB657, 0xB658, 0xB658, 0xBE58,
    0xCD04, 0xD524, 0xD524, 0xD545, 0xD545, 0xD546, 0xD567, 0xD568, 0xD589, 0xD58A, 0xD5AB, 0xCDAC, 0xCDAD, 0xCDAE, 0xC5CF, 0xBDD0,
    0xBDD0, 0xB5D1, 0xB5D2, 0xADF2, 0xADF3, 0xADF4, 0xAE14, 0xAE15, 0xB635, 0xB636, 0xB636, 0xB657, 0xB657, 0xBE57, 0xBE58, 0xBE58,
    0x4861, 0x4861, 0x4861, 0x4861, 0x4861, 0x4861, 0x4862, 0x5062, 0x5063, 0x5043, 0x5044, 0x5044, 0x5045, 0x5845, 0x5846, 0x5846,
    0x5847, 0x5848, 0x6048, 0x6048, 0x6048, 0x6049, 0x6069, 0x606A, 0x606A, 0x606A, 0x606A, 0x606A, 0x606B, 0x606B, 0x606B, 0x606B,
    0x4861, 0x4861, 0x4861, 0x4861, 0x4861, 0x5061, 0x5061, 0x5062, 0x5062, 0x5043, 0x5044, 0x5844, 0x5845, 0x5845, 0x5846, 0x5847,
    0x6047, 0x6048, 0x6048, 0x6048, 0x6069, 0x6069, 0x6869, 0x686A, 0x686A, 0x686A, 0x686A, 0x686B, 0x606B, 0x606B, 0x606B, 0x606B,
    0x5081, 0x5061, 0x5061, 0x5061, 0x5061, 0x5061, 0x5061, 0x5062, 0x5042, 0x5843, 0x5843, 0x5844, 0x5845, 0x6046, 0x6046, 0x6047,
    0x6048, 0x6048, 0x6048, 0x6869, 0x6869, 0x6869, 0x686A, 0x686A, 0x686A, 0x686A, 0x686B, 0x686B, 0x686B, 0x686B, 0x686B, 0x686B,
    0x5081, 0x5081, 0x5061, 0x5061, 0x5061, 0x5061, 0x5061, 0x5861, 0x5842, 0x5843, 0x5843, 0x6044, 0x6045, 0x6046, 0x6046, 0x6047,
    0x6848, 0x6868, 0x6869, 0x6869, 0x6869, 0x686A, 0x686A, 0x686A, 0x686A, 0x686B, 0x686B, 0x686B, 0x686B, 0x686B, 0x688B, 0x688C,
    0x58A1, 0x58A1, 0x5881, 0x5861, 0x5861, 0x5861, 0x5861, 0x5861, 0x5862, 0x6042, 0x6043, 0x6044, 0x6045, 0x6846, 0x6846, 0x6867,
    0x6868, 0x6868, 0x6869, 0x6869, 0x686A, 0x686A, 0x706A, 0x686B, 0x686B, 0x686B, 0x686B, 0x686B, 0x686B, 0x686B, 0x688C, 0x68AC,
    0x60C1, 0x60C1, 0x60A1, 0x6081, 0x5861, 0x5861, 0x5861, 0x5861, 0x5861, 0x6062, 0x6063, 0x6064, 0x6865, 0x6866, 0x6867, 0x6867,
    0x6868, 0x6869, 0x6869, 0x7069, 0x706A, 0x706A, 0x706A, 0x706B, 0x706B, 0x686B, 0x686B, 0x686B, 0x688B, 0x688C, 0x68AC, 0x70CC,
    0x60E1, 0x60E1, 0x60C1, 0x60A1, 0x6081, 0x6081, 0x5861, 0x6061, 0x6061, 0x6062, 0x6863, 0x6864, 0x6865, 0x6866, 0x7067, 0x7068,
    0x7068, 0x7069, 0x7069, 0x706A, 0x706A, 0x706A, 0x706B, 0x706B, 0x706B, 0x686B, 0x686B, 0x686B, 0x688C, 0x68AC, 0x70CC, 0x710D,
    0x6921, 0x6901, 0x68E1, 0x68E1, 0x68C1, 0x68A1, 0x6081, 0x6061, 0x6061, 0x6061, 0x6862, 0x6863, 0x6864, 0x7065, 0x7067, 0x7068,
    0x7068, 0x7069, 0x7069, 0x706A, 0x706A, 0x706B, 0x706B, 0x706B, 0x706B, 0x706B, 0x708C, 0x708C, 0x70AC, 0x70CC, 0x710D, 0x714D,
    0x7141, 0x7121, 0x7121, 0x7101, 0x70E1, 0x70C1, 0x68A1, 0x6881, 0x6061, 0x6861, 0x6862, 0x6863, 0x7064, 0x7065, 0x7066, 0x7067,
    0x7068, 0x7069, 0x7069, 0x706A, 0x706A, 0x706B, 0x706B, 0x706B, 0x706B, 0x706C, 0x708C, 0x70AC, 0x70CC, 0x710D, 0x794D, 0x798E,
    0x7981, 0x7961, 0x7961, 0x7941, 0x7921, 0x7901, 0x70E1, 0x70C1, 0x68A1, 0x6881, 0x6861, 0x6862, 0x7063, 0x7065, 0x7866, 0x7867,
    0x7868, 0x7869, 0x786A, 0x786A, 0x786A, 0x786B, 0x786B, 0x706B, 0x708C, 0x708C, 0x70AC, 0x70CC, 0x710D, 0x792D, 0x798E, 0x81CE,
    0x79A1, 0x81A1, 0x81A1, 0x8181, 0x8161, 0x8141, 0x7921, 0x7901, 0x78C1, 0x70A1, 0x7081, 0x7082, 0x7083, 0x7084, 0x7886, 0x7887,
    0x7888, 0x7889, 0x788A, 0x788A, 0x788B, 0x788B, 0x788B, 0x788C, 0x708C, 0x70AC, 0x70CC, 0x78ED, 0x792D, 0x798E, 0x81CE, 0x822F,
    0x81E1, 0x89E1, 0x89E1, 0x89C1, 0x89C1, 0x89A1, 0x8981, 0x8141, 0x8121, 0x7901, 0x78C1, 0x70C1, 0x70A2, 0x78A4, 0x78A5, 0x78A7,
    0x78A8, 0x78A9, 0x78AA, 0x788A, 0x788B, 0x788B, 0x788C, 0x788C, 0x78AC, 0x78CC, 0x78ED, 0x792D, 0x798E, 0x81CE, 0x8A2F, 0x8A90,
    0x8A21, 0x9221, 0x9221, 0x9221, 0x9201, 0x91E1, 0x91E1, 0x89A1, 0x8981, 0x8941, 0x8121, 0x8101, 0x78E2, 0x78E3, 0x78C5, 0x80C7,
    0x80C8, 0x80C9, 0x80CA, 0x80CB, 0x80CB, 0x80CC, 0x78CC, 0x78AC, 0x78CC, 0x78ED, 0x792D, 0x816E, 0x81CE, 0x8A2F, 0x8A90, 0x92F1,
    0x9281, 0x9A81, 0x9A81, 0x9A81, 0x9A61, 0x9A61, 0x9A41, 0x9A21, 0x9A01, 0x91C1, 0x91A1, 0x8961, 0x8942, 0x8123, 0x8104, 0x8126,
    0x8128, 0x8129, 0x812A, 0x810B, 0x810C, 0x810C, 0x810C, 0x80ED, 0x810D, 0x812D, 0x818E, 0x81CE, 0x8A2F, 0x8A90, 0x92F1, 0x9B52,
    0x9AA2, 0xA2C2, 0xA2C2, 0xA2C2, 0xAAC2, 0xAAC2, 0xAAA2, 0xAA82, 0xAA62, 0xA242, 0xA222, 0x9A02, 0x91C2, 0x89A3, 0x8984, 0x8986,
    0x8988, 0x898A, 0x898B, 0x898C, 0x898C, 0x896D, 0x896D, 0x814D, 0x816D, 0x818E, 0x89CF, 0x8A2F, 0x8A90, 0x92F1, 0x9B52, 0xA3B3,
    0xA2E2, 0xA302, 0xAB02, 0xB322, 0xB322, 0xB322, 0xB302, 0xB302, 0xB2E2, 0xB2C2, 0xB2A2, 0xAAA2, 0xAA62, 0xA243, 0x9A24, 0x9A06,
    0x91E8, 0x920A, 0x920B, 0x920C, 0x920D, 0x920E, 0x91EE, 0x89CE, 0x89CE, 0x89EF, 0x8A2F, 0x9290, 0x92F1, 0x9B52, 0xA3B3, 0xA414,
    0xA322, 0xAB42, 0xB342, 0xBB62, 0xBB62, 0xBB62, 0xC362, 0xC362, 0xC362, 0xC342, 0xC322, 0xBB22, 0xBB03, 0xB2E4, 0xAAC5, 0xA2A6,
    0xA288, 0xA2AA, 0xA2AC, 0x9AAD, 0x9AAE, 0x9AAF, 0x9A8F, 0x926F, 0x9270, 0x9270, 0x92B0, 0x92F1, 0x9B52, 0x9BB3, 0xA414, 0xAC74,
    0xAB62, 0xB362, 0xBB82, 0xBBA2, 0xC3A3, 0xC3C3, 0xCBC3, 0xCBC3, 0xCBC3, 0xCBA3, 0xCBA3, 0xCBA3, 0xC383, 0xC384, 0xBB65, 0xBB67,
    0xB349, 0xAB2A, 0xAB2C, 0xAB4E, 0xAB4F, 0xAB50, 0xA350, 0xA311, 0x9B11, 0x9AF1, 0x9B11, 0x9B52, 0x9BB3, 0xA414, 0xA454, 0xACB5,
    0xB382, 0xBBA2, 0xBBC3, 0xC3E3, 0xCBE3, 0xCC03, 0xCC03, 0xD403, 0xD403, 0xD403, 0xD403, 0xD403, 0xD404, 0xCC05, 0xCC06, 0xC3E8,
    0xC3EA, 0xBBCB, 0xB3CD, 0xB3CE, 0xB3F0, 0xB3F1, 0xABD1, 0xABB2, 0xA392, 0x9B72, 0x9B92, 0x9BD3, 0xA414, 0xA454, 0xAC95, 0xACD5,
    0xB3C2, 0xBBE3, 0xC3E3, 0xCC03, 0xCC23, 0xCC23, 0xD423, 0xD443, 0xD443, 0xD443, 0xDC44, 0xDC64, 0xDC64, 0xD465, 0xD467, 0xCC69,
    0xCC6B, 0xC46C, 0xC46E, 0xBC4F, 0xB450, 0xB472, 0xB472, 0xAC53, 0xA433, 0xA3F3, 0x9C13, 0x9C14, 0xA454, 0xA495, 0xACD5, 0xAD16,
    0xBBE3, 0xC403, 0xC423, 0xCC23, 0xCC43, 0xD443, 0xD463, 0xD463, 0xD484, 0xDC84, 0xDC84, 0xDCA4, 0xDCA5, 0xDCA6, 0xDCC7, 0xD4C9,
    0xD4CB, 0xCCED, 0xCCCE, 0xC4D0, 0xBCD1, 0xB4D2, 0xB4D3, 0xACB3, 0xA493, 0xA474, 0x9C74, 0x9C74, 0xA495, 0xA4D5, 0xAD16, 0xB536,
    0xBC03, 0xC423, 0xC443, 0xCC43, 0xCC63, 0xD484, 0xD484, 0xD484, 0xD4A4, 0xDCA4, 0xDCC4, 0xDCE4, 0xDCE5, 0xDD06, 0xDD08, 0xDD09,
    0xD52B, 0xD52D, 0xCD2F, 0xC530, 0xC531, 0xBD32, 0xB513, 0xACF4, 0xA4D4, 0x9CB4, 0x9CB4, 0x9CB5, 0xA4D5, 0xA515, 0xAD36, 0xB556,
    0xBC23, 0xC443, 0xC463, 0xCC63, 0xCC84, 0xD4A4, 0xD4A4, 0xD4C4, 0xD4C4, 0xDCE4, 0xDCE4, 0xDD05, 0xDD26, 0xDD27, 0xDD48, 0xDD4A,
    0xD54B, 0xD54D, 0xCD6F, 0xCD70, 0xC572, 0xBD52, 0xB553, 0xAD54, 0xA534, 0x9D14, 0x9CF5, 0x9CF5, 0x9D15, 0xA536, 0xAD56, 0xB576,
    0xBC43, 0xC463, 0xCC84, 0xCC84, 0xCCA4, 0xD4C4, 0xD4C4, 0xD4E4, 0xD4E4, 0xDD04, 0xDD05, 0xDD25, 0xE546, 0xDD47, 0xDD69, 0xDD6A,
    0xDD6B, 0xD58D, 0xCD8E, 0xC590, 0xBD91, 0xB592, 0xB593, 0xAD94, 0xAD75, 0xA555, 0x9D35, 0x9D35, 0x9D56, 0xA556, 0xAD76, 0xB597,
    0xC463, 0xC483, 0xCCA4, 0xCCA4, 0xCCC4, 0xD4E4, 0xD4E4, 0xD504, 0xDD04, 0xDD25, 0xDD25, 0xDD46, 0xDD67, 0xDD68, 0xDD89, 0xDD8A,
    0xD58C, 0xD58D, 0xCD8E, 0xC590, 0xBD91, 0xB592, 0xAD93, 0xADB4, 0xAD95, 0xA595, 0xA576, 0x9D76, 0xA576, 0xA576, 0xAD97, 0xB5B7,
    0xC483, 0xC4A4, 0xCCC4, 0xCCC4, 0xD4E4, 0xD4E4, 0xD504, 0xDD04, 0xDD25, 0xDD45, 0xDD46, 0xDD67, 0xDD88, 0xDD89, 0xDDAA, 0xDDAB,
    0xD5AC, 0xD5AD, 0xCDAE, 0xC5AF, 0xB590, 0xAD91, 0xA593, 0xA5B4, 0xADD5, 0xADD6, 0xA5D6, 0xA5B6, 0xA5B6, 0xADB7, 0xADB7, 0xB5D7,
    0xC4A4, 0xC4C4, 0xCCC4, 0xCCE4, 0xD504, 0xD504, 0xDD24, 0xDD25, 0xDD45, 0xDD46, 0xDD66, 0xDD68, 0xDD88, 0xDDAA, 0xDDAB, 0xD5AC,
    0xD5AC, 0xCDAD, 0xC5AE, 0xBDAF, 0xB5B0, 0xA591, 0xA5B2, 0xA5B3, 0xA5D5, 0xADF6, 0xA5F6, 0xA5F7, 0xADD7, 0xADD7, 0xB5D7, 0xB5F7,
    0xC4C4, 0xCCC4, 0xCCE4, 0xD504, 0xD504, 0xD524, 0xDD25, 0xDD45, 0xDD46, 0xDD66, 0xDD87, 0xDD88, 0xDDA9, 0xDDAA, 0xD5AB, 0xD5CC,
    0xD5CD, 0xCDCE, 0xC5CF, 0xBDAF, 0xADB0, 0xA591, 0x9DB2, 0x9DD3, 0xA5F4, 0xA616, 0xAE16, 0xAE17, 0xAE17, 0xADF7, 0xB5F7, 0xBE17,
    0xC4C4, 0xCCE4, 0xCD04, 0xD504, 0xD524, 0xDD25, 0xDD45, 0xDD46, 0xDD66, 0xDD67, 0xDD88, 0xDD89, 0xD5AA, 0xD5AB, 0xD5CC, 0xD5CD,
    0xCDCE, 0xC5CF, 0xC5CF, 0xBDD0, 0xADD1, 0xA5B1, 0xA5D2, 0xA5D3, 0xA5F4, 0xAE16, 0xAE36, 0xAE37, 0xB637, 0xB638, 0xB618, 0xBE18,
    0xCCE4, 0xCD04, 0xD524, 0xD524, 0xDD25, 0xDD45, 0xDD45, 0xDD66, 0xDD67, 0xDD88, 0xD589, 0xD5AA, 0xD5AB, 0xD5CC, 0xD5CD, 0xCDCE,
    0xCDCF, 0xC5D0, 0xBDD0, 0xB5D1, 0xB5D2, 0xADD2, 0xADF3, 0xADF4, 0xAE15, 0xAE16, 0xAE36, 0xB637, 0xB657, 0xB658, 0xB658, 0xBE38,
    0xCD04, 0xD504, 0xD524, 0xD525, 0xDD45, 0xDD45, 0xDD66, 0xDD67, 0xDD88, 0xD589, 0xD5AA, 0xD5AB, 0xD5CC, 0xD5CD, 0xCDCE, 0xCDCF,
    0xC5D0, 0xC5F1, 0xBDF1, 0xB5F2, 0xB5F2, 0xB5F3, 0xADF4, 0xAE14, 0xB615, 0xB636, 0xB636, 0xB657, 0xB657, 0xBE58, 0xBE58, 0xBE58,
    0xCD04, 0xD524, 0xD524, 0xDD45, 0xDD45, 0xDD66, 0xDD67, 0xD588, 0xD589, 0xD5AA, 0xD5AB, 0xD5CC, 0xD5CD, 0xCDCE, 0xCDCF, 0xCDF0,
    0xC5F1, 0xBDF1, 0xBDF2, 0xB5F3, 0xB613, 0xB614, 0xB614, 0xB635, 0xB636, 0xB636, 0xBE56, 0xBE57, 0xBE57, 0xBE58, 0xBE78, 0xBE78,
    0x4861, 0x4861, 0x4861, 0x4861, 0x4861, 0x5061, 0x5062, 0x5062, 0x5043, 0x5043, 0x5044, 0x5844, 0x5845, 0x5845, 0x5846, 0x5847,
    0x6047, 0x6048, 0x6048, 0x6048, 0x6049, 0x6069, 0x6069, 0x6869, 0x686A, 0x686A, 0x686A, 0x686A, 0x686B, 0x686B, 0x686B, 0x606B,
    0x5061, 0x5061, 0x5061, 0x5061, 0x5061, 0x5061, 0x5061, 0x5062, 0x5842, 0x5843, 0x5844, 0x5844, 0x5845, 0x5845, 0x6046, 0x6047,
    0x6047, 0x6048, 0x6048, 0x6848, 0x6869, 0x6869, 0x6869, 0x686A, 0x686A, 0x686A, 0x686A, 0x686B, 0x686B, 0x686B, 0x686B, 0x686B,
    0x5081, 0x5061, 0x5061, 0x5061, 0x5061, 0x5061, 0x5861, 0x5842, 0x5842, 0x5843, 0x5844, 0x6044, 0x6045, 0x6046, 0x6046, 0x6047,
    0x6848, 0x6848, 0x6868, 0x6869, 0x6869, 0x6869, 0x686A, 0x686A, 0x686A, 0x686B, 0x686B, 0x686B, 0x686B, 0x686B, 0x686B, 0x686B,
    0x5881, 0x5881, 0x5861, 0x5861, 0x5861, 0x5861, 0x5861, 0x5862, 0x5842, 0x6043, 0x6043, 0x6044, 0x6045, 0x6846, 0x6846, 0x6867,
    0x6868, 0x6868, 0x6869, 0x6869, 0x6869, 0x686A, 0x686A, 0x706A, 0x686B, 0x686B, 0x686B, 0x686B, 0x686B, 0x686B, 0x688B, 0x688C,
    0x58A1, 0x58A1, 0x5881, 0x5861, 0x5861, 0x5861, 0x5861, 0x5861, 0x6062, 0x6062, 0x6063, 0x6864, 0x6865, 0x6866, 0x6867, 0x6867,
    0x6868, 0x6868, 0x6869, 0x6869, 0x706A, 0x706A, 0x706A, 0x706B, 0x706B, 0x706B, 0x686B, 0x686B, 0x686B, 0x686B, 0x688C, 0x70AC,
    0x60C1, 0x60C1, 0x60A1, 0x6081, 0x6081, 0x6061, 0x5861, 0x6061, 0x6061, 0x6062, 0x6863, 0x6864, 0x6865, 0x6866, 0x7067, 0x7067,
    0x7068, 0x7068, 0x7069, 0x7069, 0x706A, 0x706A, 0x706A, 0x706B, 0x706B, 0x706B, 0x706B, 0x686B, 0x686B, 0x688C, 0x70AC, 0x70CC,
    0x68E1, 0x68E1, 0x68C1, 0x68A1, 0x6881, 0x6081, 0x6061, 0x6061, 0x6061, 0x6862, 0x6863, 0x6864, 0x7065, 0x7066, 0x7067, 0x7068,
    0x7068, 0x7069, 0x7069, 0x7069, 0x706A, 0x706A, 0x706B, 0x706B, 0x706B, 0x706B, 0x706B, 0x706B, 0x708C, 0x70AC, 0x70CC, 0x70ED,
    0x6921, 0x6901, 0x68E1, 0x68E1, 0x68C1, 0x68A1, 0x6881, 0x6861, 0x6061, 0x6861, 0x6862, 0x7063, 0x7064, 0x7065, 0x7067, 0x7068,
    0x7068, 0x7069, 0x7069, 0x706A, 0x706A, 0x706A, 0x706B, 0x706B, 0x706B, 0x706B, 0x706C, 0x708C, 0x70AC, 0x70CC, 0x710D, 0x792D,
    0x7141, 0x7121, 0x7121, 0x7101, 0x70E1, 0x70C1, 0x70A1, 0x6881, 0x6861, 0x6861, 0x6862, 0x7063, 0x7064, 0x7065, 0x7866, 0x7867,
    0x7868, 0x7869, 0x7869, 0x786A, 0x786A, 0x786B, 0x786B, 0x786B, 0x786B, 0x706C, 0x708C, 0x70AC, 0x70CC, 0x78ED, 0x792D, 0x796E,
    0x7981, 0x7961, 0x7961, 0x7941, 0x7921, 0x7901, 0x78E1, 0x70C1, 0x70A1, 0x7081, 0x6861, 0x7062, 0x7083, 0x7885, 0x7886, 0x7887,
    0x7888, 0x7869, 0x7869, 0x786A, 0x786A, 0x786B, 0x786B, 0x786B, 0x788C, 0x788C, 0x78AC, 0x78CC, 0x78ED, 0x792D, 0x818E, 0x81CE,
    0x81A1, 0x81A1, 0x81A1, 0x8181, 0x8161, 0x8141, 0x8121, 0x7901, 0x78C1, 0x70A1, 0x7081, 0x7082, 0x7083, 0x7884, 0x7886, 0x7887,
    0x7888, 0x7889, 0x788A, 0x788A, 0x788A, 0x788B, 0x788B, 0x788B, 0x788C, 0x78AC, 0x78CC, 0x78ED, 0x792D, 0x816E, 0x81CE, 0x8A2F,
    0x89E1, 0x89E1, 0x89E1, 0x89C1, 0x89A1, 0x8981, 0x8961, 0x8141, 0x8121, 0x8101, 0x78C1, 0x78C1, 0x78A2, 0x78A4, 0x78A5, 0x80A7,
    0x80A8, 0x80A9, 0x80AA, 0x788A, 0x788B, 0x788B, 0x788B, 0x788C, 0x78AC, 0x78CC, 0x78ED, 0x812D, 0x816E, 0x81CE, 0x8A2F, 0x9290,
    0x9221, 0x9221, 0x9221, 0x9221, 0x9201, 0x91E1, 0x91C1, 0x91A1, 0x8981, 0x8941, 0x8121, 0x8101, 0x78E2, 0x80C3, 0x80C5, 0x80C6,
    0x80C8, 0x80C9, 0x80CA, 0x80CA, 0x80AB, 0x80AB, 0x80AC, 0x80AC, 0x80CC, 0x80ED, 0x812D, 0x816E, 0x89CE, 0x8A2F, 0x9290, 0x9AF1,
    0x9281, 0x9A81, 0x9A81, 0x9A61, 0xA262, 0xA241, 0x9A21, 0x9A01, 0x99E1, 0x91C1, 0x91A1, 0x8961, 0x8942, 0x8103, 0x8104, 0x8106,
    0x8908, 0x8909, 0x890A, 0x810B, 0x80EB, 0x80EC, 0x80EC, 0x80EC, 0x810D, 0x812D, 0x816E, 0x89CE, 0x8A2F, 0x9290, 0x9AF1, 0x9B52,
    0x9AA2, 0xA2C2, 0xA2C2, 0xAAC2, 0xAAA2, 0xAAA2, 0xAAA2, 0xAA82, 0xAA62, 0xA242, 0xA202, 0x99E2, 0x91C2, 0x9182, 0x8964, 0x8966,
    0x8967, 0x8969, 0x896A, 0x894B, 0x894C, 0x894C, 0x894D, 0x894D, 0x894D, 0x898E, 0x89CF, 0x8A2F, 0x9290, 0x9AF1, 0x9B52, 0xA3B3,
    0xA2E2, 0xAB02, 0xAB02, 0xB302, 0xB302, 0xB302, 0xB302, 0xB2E2, 0xB2C2, 0xB2A2, 0xB2A2, 0xAA82, 0xAA42, 0xA223, 0x9A04, 0x91C5,
    0x91C7, 0x91C9, 0x91EB, 0x91CC, 0x91CC, 0x91AD, 0x91AD, 0x91CE, 0x91CE, 0x91EF, 0x922F, 0x9290, 0x9AF1, 0xA352, 0xA3B3, 0xAC14,
    0xAB22, 0xB342, 0xB342, 0xBB62, 0xBB62, 0xBB62, 0xC362, 0xC342, 0xC342, 0xC322, 0xBB02, 0xBB02, 0xBAE3, 0xB2C3, 0xAAA4, 0xA265,
    0xA247, 0xA269, 0xA26B, 0x9A6C, 0x9A4D, 0x9A4E, 0x9A4E, 0x9A4F, 0x9A4F, 0x9250, 0x9A90, 0x9AF1, 0xA352, 0xA3B3, 0xAC14, 0xAC74,
    0xB362, 0xB362, 0xBB82, 0xC3A2, 0xC3A3, 0xCBA3, 0xCBA3, 0xCBA3, 0xCBA3, 0xCB83, 0xCB83, 0xCB83, 0xC363, 0xC344, 0xBB45, 0xBB26,
    0xB308, 0xAAE9, 0xAAEB, 0xAB0D, 0xAB0E, 0xAAEF, 0xA2F0, 0xA2F0, 0xA2F1, 0x9AD1, 0xA311, 0xA352, 0xA3B3, 0xAC14, 0xAC74, 0xB4B5,
    0xB382, 0xBBA2, 0xC3C3, 0xC3C3, 0xCBE3, 0xCBE3, 0xD3E3, 0xD3E3, 0xD3E3, 0xD3E3, 0xD3E3, 0xD3E3, 0xD3E4, 0xCBC4, 0xCBC5, 0xC3C7,
    0xC3A9, 0xBB8A, 0xB38C, 0xB38D, 0xB38F, 0xB390, 0xB391, 0xAB91, 0xAB92, 0xA372, 0xA392, 0xA3B3, 0xAC14, 0xAC74, 0xACB5, 0xB4F5,
    0xBBC3, 0xC3E3, 0xC3E3, 0xCC03, 0xCC03, 0xD423, 0xD423, 0xD423, 0xD423, 0xDC23, 0xDC43, 0xDC44, 0xDC44, 0xD445, 0xD446, 0xD448,
    0xCC4A, 0xCC4B, 0xC42D, 0xBC2E, 0xBC2F, 0xBC31, 0xB432, 0xB433, 0xB413, 0xABF3, 0xAC13, 0xAC14, 0xAC54, 0xACB5, 0xB4D5, 0xB516,
    0xBBE3, 0xC403, 0xCC23, 0xCC23, 0xD443, 0xD443, 0xD443, 0xD463, 0xDC63, 0xDC64, 0xDC84, 0xDC84, 0xDC84, 0xDC85, 0xDCA7, 0xD4A8,
    0xD4AA, 0xD4AC, 0xCCAE, 0xC4AF, 0xC4B0, 0xBCB1, 0xBCB2, 0xBCB3, 0xB494, 0xAC74, 0xAC74, 0xAC74, 0xACB5, 0xACD5, 0xB516, 0xB556,
    0xC403, 0xC423, 0xCC43, 0xCC43, 0xD463, 0xD463, 0xD464, 0xD484, 0xD484, 0xDCA4, 0xDCA4, 0xDCC4, 0xDCC5, 0xDCE6, 0xDCE7, 0xDCE9,
    0xDD0B, 0xD50D, 0xD50E, 0xCD10, 0xC511, 0xC512, 0xBD13, 0xBD14, 0xB4F4, 0xACD4, 0xACB5, 0xACB5, 0xACD5, 0xAD16, 0xB536, 0xB576,
    0xC423, 0xC443, 0xCC63, 0xCC63, 0xD484, 0xD484, 0xD4A4, 0xD4A4, 0xDCA4, 0xDCC4, 0xDCE4, 0xDCE5, 0xE505, 0xE526, 0xDD28, 0xDD49,
    0xDD4B, 0xDD4D, 0xD54E, 0xD570, 0xCD51, 0xC552, 0xBD53, 0xBD54, 0xB555, 0xAD15, 0xAD15, 0xA4F5, 0xAD16, 0xAD36, 0xB556, 0xB597,
    0xC443, 0xC463, 0xCC64, 0xCC84, 0xD4A4, 0xD4A4, 0xD4C4, 0xD4C4, 0xDCE4, 0xDCE4, 0xDD04, 0xE525, 0xE546, 0xE547, 0xE569, 0xDD6A,
    0xDD8C, 0xDD8D, 0xD58E, 0xD590, 0xCD91, 0xC5B3, 0xC5B4, 0xBDB5, 0xB595, 0xAD55, 0xAD55, 0xA535, 0xAD36, 0xAD56, 0xB576, 0xB5B7,
    0xC463, 0xCC84, 0xCC84, 0xCCA4, 0xD4C4, 0xD4C4, 0xD4E4, 0xDCE4, 0xDD04, 0xDD05, 0xDD25, 0xE546, 0xE567, 0xE568, 0xE589, 0xDD8B,
    0xDDAC, 0xDDAD, 0xD5AE, 0xD5B0, 0xCDB1, 0xC5D2, 0xBDB4, 0xBDB4, 0xB5B5, 0xB596, 0xAD96, 0xA576, 0xAD76, 0xAD96, 0xB5B7, 0xBDD7,
    0xC484, 0xCCA4, 0xCCA4, 0xCCC4, 0xD4E4, 0xD4E4, 0xD504, 0xDD04, 0xDD25, 0xDD25, 0xE546, 0xE567, 0xE588, 0xDD89, 0xDDAA, 0xDDAB,
    0xDDCC, 0xDDCD, 0xD5CE, 0xD5CF, 0xCDD1, 0xC5D2, 0xBDD3, 0xB5D4, 0xB5D5, 0xB5F6, 0xB5D6, 0xADB6, 0xADB7, 0xADB7, 0xB5D7, 0xBDF7,
    0xCCA4, 0xCCC4, 0xCCC4, 0xD4E4, 0xD4E4, 0xD504, 0xDD04, 0xDD25, 0xDD45, 0xDD46, 0xDD67, 0xDD88, 0xDD89, 0xDDAA, 0xDDAB, 0xDDCC,
    0xDDCD, 0xDDCE, 0xD5CF, 0xCDD0, 0xC5D1, 0xBDD2, 0xB5D3, 0xADD3, 0xADF5, 0xB5F6, 0xB5F6, 0xADF7, 0xB5F7, 0xB5D7, 0xB5F7, 0xBDF8,
    0xCCC4, 0xCCE4, 0xD4E4, 0xD504, 0xD504, 0xDD24, 0xDD25, 0xDD45, 0xDD46, 0xDD67, 0xDD88, 0xDD89, 0xDDAA, 0xDDAB, 0xDDCC, 0xDDCD,
    0xDDCD, 0xD5EE, 0xD5EF, 0xCDF0, 0xC5F1, 0xBDF2, 0xB5D2, 0xADD3, 0xADF4, 0xAE15, 0xB616, 0xB637, 0xB617, 0xB617, 0xBE18, 0xBE18,
    0xCCE4, 0xCCE4, 0xD504, 0xD504, 0xDD24, 0xDD25, 0xDD45, 0xDD46, 0xDD67, 0xDD88, 0xDD89, 0xDDAA, 0xDDAB, 0xDDCC, 0xDDCD, 0xD5CD,
    0xD5EE, 0xD5EF, 0xCDF0, 0xCDF1, 0xC5F1, 0xBDF2, 0xB5F3, 0xADF3, 0xADF4, 0xAE16, 0xB636, 0xB637, 0xB637, 0xB638, 0xBE38, 0xBE38,
    0xCD04, 0xD504, 0xD524, 0xD524, 0xDD25, 0xDD45, 0xDD46, 0xDD67, 0xDD88, 0xDD89, 0xDDAA, 0xDDAB, 0xDDCC, 0xDDCD, 0xD5CD, 0xD5EE,
    0xD5EF, 0xCDF0, 0xCDF1, 0xC611, 0xBE12, 0xBE13, 0xB5F3, 0xADF4, 0xAE15, 0xB636, 0xB636, 0xB657, 0xBE58, 0xBE58, 0xBE58, 0xC658,
    0xCD04, 0xD504, 0xD524, 0xDD25, 0xDD45, 0xDD46, 0xDD66, 0xDD88, 0xDD89, 0xDDAA, 0xDDAB, 0xDDCC, 0xDDCD, 0xD5CD, 0xD5EE, 0xD5EF,
    0xCDF0, 0xCDF1, 0xC611, 0xC612, 0xBE13, 0xBE13, 0xB614, 0xB614, 0xB635, 0xB636, 0xBE56, 0xBE57, 0xBE57, 0xBE78, 0xC678, 0xC658,
    0xD504, 0xD524, 0xDD24, 0xDD45, 0xDD45, 0xDD66, 0xDD87, 0xDD88, 0xDDAA, 0xDDAB, 0xDDCC, 0xDDCC, 0xD5CD, 0xD5EE, 0xD5EF, 0xD5F0,
    0xCDF1, 0xCE12, 0xC612, 0xC613, 0xBE34, 0xBE34, 0xBE35, 0xBE35, 0xBE36, 0xBE56, 0xBE57, 0xBE57, 0xC677, 0xC678, 0xC678, 0xC679,
    0x5061, 0x5061, 0x5061, 0x5061, 0x5061, 0x5061, 0x5062, 0x5042, 0x5843, 0x5843, 0x5844, 0x5844, 0x5845, 0x5845, 0x6046, 0x6047,
    0x6047, 0x6048, 0x6048, 0x6048, 0x6869, 0x6869, 0x6869, 0x686A, 0x686A, 0x686A, 0x686A, 0x686B, 0x686B, 0x686B, 0x686B, 0x686B,
    0x5061, 0x5061, 0x5061, 0x5061, 0x5061, 0x5061, 0x5861, 0x5842, 0x5842, 0x5843, 0x5844, 0x6044, 0x6045, 0x6046, 0x6046, 0x6047,
    0x6047, 0x6848, 0x6848, 0x6869, 0x6869, 0x6869, 0x6869, 0x686A, 0x686A, 0x686A, 0x686B, 0x686B, 0x686B, 0x686B, 0x686B, 0x686B,
    0x5881, 0x5861, 0x5861, 0x5861, 0x5861, 0x5861, 0x5861, 0x5842, 0x6042, 0x6043, 0x6044, 0x6044, 0x6045, 0x6846, 0x6846, 0x6847,
    0x6868, 0x6868, 0x6868, 0x6869, 0x6869, 0x6869, 0x686A, 0x706A, 0x706A, 0x706B, 0x686B, 0x686B, 0x686B, 0x686B, 0x686B, 0x686B,
    0x5881, 0x5881, 0x5861, 0x5861, 0x5861, 0x5861, 0x5861, 0x6062, 0x6062, 0x6063, 0x6064, 0x6864, 0x6865, 0x6866, 0x6867, 0x6867,
    0x6868, 0x6868, 0x6869, 0x6869, 0x7069, 0x706A, 0x706A, 0x706A, 0x706A, 0x706B, 0x706B, 0x706B, 0x686B, 0x686B, 0x686B, 0x688C,
    0x60A1, 0x60A1, 0x6081, 0x6061, 0x5861, 0x5861, 0x6061, 0x6061, 0x6062, 0x6863, 0x6863, 0x6864, 0x6865, 0x6866, 0x7067, 0x7067,
    0x7068, 0x7068, 0x7069, 0x7069, 0x7069, 0x706A, 0x706A, 0x706A, 0x706B, 0x706B, 0x706B, 0x706B, 0x706B, 0x706B, 0x708C, 0x70AC,
    0x68C1, 0x68C1, 0x68A1, 0x6081, 0x6081, 0x6061, 0x6061, 0x6061, 0x6061, 0x6862, 0x6863, 0x6864, 0x7065, 0x7066, 0x7067, 0x7067,
    0x7068, 0x7068, 0x7069, 0x7069, 0x706A, 0x706A, 0x706A, 0x706B, 0x706B, 0x706B, 0x706B, 0x706B, 0x706B, 0x708C, 0x70AC, 0x70CC,
    0x68E1, 0x68E1, 0x68C1, 0x68A1, 0x6881, 0x6881, 0x6061, 0x6061, 0x6861, 0x6862, 0x6863, 0x7064, 0x7065, 0x7066, 0x7067, 0x7068,
    0x7068, 0x7069, 0x7069, 0x7069, 0x706A, 0x706A, 0x706A, 0x706B, 0x706B, 0x706B, 0x706B, 0x706B, 0x708C, 0x70AC, 0x70CC, 0x78ED,
    0x7121, 0x7101, 0x70E1, 0x70E1, 0x70C1, 0x68A1, 0x6881, 0x6881, 0x6861, 0x6862, 0x7062, 0x7063, 0x7064, 0x7866, 0x7867, 0x7868,
    0x7868, 0x7869, 0x7869, 0x786A, 0x786A, 0x786A, 0x786B, 0x786B, 0x786B, 0x786B, 0x706C, 0x708C, 0x70AC, 0x70CC, 0x78ED, 0x792D,
    0x7141, 0x7921, 0x7921, 0x7901, 0x78E1, 0x70C1, 0x70A1, 0x7081, 0x6881, 0x6881, 0x7062, 0x7063, 0x7884, 0x7885, 0x7887, 0x7888,
    0x7888, 0x7869, 0x7869, 0x786A, 0x786A, 0x786A, 0x786B, 0x786B, 0x786B, 0x786C, 0x788C, 0x788C, 0x78CC, 0x78ED, 0x792D, 0x816E,
    0x7981, 0x7961, 0x7961, 0x7941, 0x7921, 0x7901, 0x78E1, 0x78C1, 0x70A1, 0x7081, 0x7082, 0x7082, 0x7884, 0x7885, 0x7886, 0x7887,
    0x7888, 0x7889, 0x7889, 0x788A, 0x788A, 0x788B, 0x788B, 0x788B, 0x788C, 0x788C, 0x78AC, 0x78CC, 0x78ED, 0x812D, 0x816E, 0x81CE,
    0x81A1, 0x81A1, 0x8181, 0x8181, 0x8161, 0x8141, 0x8121, 0x8101, 0x78E1, 0x78C1, 0x78A1, 0x78A2, 0x78A3, 0x78A5, 0x80A6, 0x80A7,
    0x80A8, 0x80A9, 0x808A, 0x788A, 0x788A, 0x788B, 0x788B, 0x788B, 0x788C, 0x788C, 0x78CC, 0x78ED, 0x812D, 0x816E, 0x89CE, 0x8A2F,
    0x89E1, 0x89E1, 0x89E1, 0x89C1, 0x89A1, 0x8981, 0x8961, 0x8941, 0x8121, 0x8101, 0x80E1, 0x78C2, 0x78C2, 0x80C4, 0x80C6, 0x80C7,
    0x80C8, 0x80C9, 0x80AA, 0x80AA, 0x80AB, 0x80AB, 0x80AB, 0x80AC, 0x80AC, 0x80AC, 0x80ED, 0x812D, 0x816E, 0x89CE, 0x8A2F, 0x9290,
    0x9221, 0x9221, 0x9221, 0x9201, 0x9201, 0x91E1, 0x91C1, 0x91A1, 0x9181, 0x8961, 0x8941, 0x8102, 0x80E2, 0x80E4, 0x80E5, 0x80E7,
    0x88E8, 0x88E9, 0x80EA, 0x80CA, 0x80CB, 0x80CB, 0x80CC, 0x80CC, 0x80CC, 0x80ED, 0x812D, 0x896E, 0x89CE, 0x922F, 0x9290, 0x9AF1,
    0x9A81, 0x9A81, 0xA262, 0xA262, 0xA262, 0xA241, 0xA221, 0x9A01, 0x99E1, 0x99C1, 0x91A1, 0x9182, 0x8942, 0x8923, 0x8904, 0x8926,
    0x8928, 0x8929, 0x892A, 0x890B, 0x890B, 0x890C, 0x88EC, 0x88EC, 0x890D, 0x892D, 0x896E, 0x89CE, 0x922F, 0x9290, 0x9AF1, 0xA352,
    0xA2A2, 0xA2C2, 0xAAC2, 0xAAA2, 0xAAA2, 0xAAA2, 0xAA82, 0xAA82, 0xAA62, 0xA242, 0xA222, 0x99E2, 0x99C2, 0x9183, 0x8964, 0x9166,
    0x9168, 0x9169, 0x916A, 0x896B, 0x894C, 0x894C, 0x894D, 0x894D, 0x894D, 0x896E, 0x91CE, 0x922F, 0x9A90, 0x9AF1, 0xA352, 0xABB3,
    0xAAE2, 0xAB02, 0xB302, 0xB302, 0xB302, 0xB302, 0xB2E2, 0xB2E2, 0xB2C2, 0xB2A2, 0xB2A2, 0xAA82, 0xAA63, 0xA223, 0x99E4, 0x99C5,
    0x91C7, 0x99C9, 0x99CB, 0x99CC, 0x91CC, 0x91AD, 0x91AD, 0x91AE, 0x91CE, 0x91CF, 0x922F, 0x9A90, 0x9AF1, 0xA352, 0xABB3, 0xAC14,
    0xAB22, 0xB342, 0xBB42, 0xBB42, 0xBB42, 0xC342, 0xC342, 0xC342, 0xC322, 0xC322, 0xBB02, 0xBB03, 0xBAE3, 0xB2C4, 0xAA84, 0xAA65,
    0xA247, 0xA249, 0xA24B, 0xA24C, 0x9A4D, 0x9A2D, 0x9A2E, 0x9A2F, 0x9A4F, 0x9A50, 0x9A90, 0xA2F1, 0xA352, 0xABB3, 0xAC14, 0xB474,
    0xB362, 0xBB62, 0xBB82, 0xC382, 0xC383, 0xCBA3, 0xCBA3, 0xCB83, 0xCB83, 0xCB83, 0xCB83, 0xCB63, 0xC363, 0xC344, 0xBB25, 0xBB06,
    0xB2E8, 0xB2C9, 0xAACB, 0xAACC, 0xAACE, 0xAACE, 0xA2CF, 0xA2D0, 0xA2D0, 0xA2D1, 0xA311, 0xA352, 0xABB3, 0xAC14, 0xB474, 0xB4B5,
    0xBB82, 0xC3A2, 0xC3C3, 0xCBC3, 0xCBC3, 0xCBC3, 0xD3E3, 0xD3E3, 0xD3E3, 0xD3E3, 0xD3E3, 0xD3C3, 0xD3C4, 0xCBC5, 0xCBC6, 0xCBA7,
    0xC388, 0xBB6A, 0xBB6B, 0xB36D, 0xB36E, 0xB36F, 0xB370, 0xB371, 0xAB71, 0xAB52, 0xAB92, 0xABB3, 0xAC14, 0xB474, 0xB4B5, 0xB4F5,
    0xC3C3, 0xC3E3, 0xCBE3, 0xCC03, 0xD403, 0xD403, 0xD403, 0xD423, 0xD423, 0xDC23, 0xDC23, 0xDC24, 0xDC24, 0xD425, 0xD426, 0xD428,
    0xCC29, 0xCC2B, 0xC40C, 0xBBED, 0xBBEF, 0xBBF0, 0xBC11, 0xBC12, 0xB3F2, 0xB3F3, 0xB413, 0xB414, 0xB454, 0xB4B5, 0xB4F5, 0xB516,
    0xC3E3, 0xCC03, 0xCC03, 0xCC23, 0xD423, 0xD443, 0xD443, 0xDC43, 0xDC43, 0xDC64, 0xDC64, 0xDC64, 0xDC84, 0xDC85, 0xDC87, 0xD488,
    0xD48A, 0xD4AC, 0xCC8D, 0xCC6E, 0xC46F, 0xC471, 0xBC72, 0xBC93, 0xBC73, 0xB474, 0xB474, 0xB474, 0xB4B5, 0xB4D5, 0xB516, 0xBD56,
    0xC403, 0xCC23, 0xCC23, 0xD443, 0xD443, 0xD463, 0xD464, 0xDC64, 0xDC84, 0xDC84, 0xDCA4, 0xDCA4, 0xDCC5, 0xDCC6, 0xDCE7, 0xDCE9,
    0xDCEB, 0xD4EC, 0xD50E, 0xD50F, 0xCCF0, 0xC4F1, 0xC4F2, 0xC4F3, 0xBCF4, 0xBCD4, 0xB4D5, 0xB4B5, 0xB4F5, 0xB516, 0xB556, 0xBD76,
    0xCC23, 0xCC43, 0xCC43, 0xD463, 0xD463, 0xD484, 0xD484, 0xDCA4, 0xDCA4, 0xDCC4, 0xDCC4, 0xDCE5, 0xE505, 0xE507, 0xE528, 0xDD2A,
    0xDD2B, 0xDD4D, 0xDD4E, 0xD550, 0xD551, 0xCD52, 0xC553, 0xC554, 0xBD34, 0xBD35, 0xB515, 0xB4F5, 0xB516, 0xB536, 0xB576, 0xBD97,
    0xCC43, 0xCC63, 0xCC63, 0xD484, 0xD484, 0xD4A4, 0xD4A4, 0xDCC4, 0xDCC4, 0xDCE4, 0xDCE4, 0xE505, 0xE526, 0xE547, 0xE549, 0xE56A,
    0xDD6C, 0xDD6D, 0xDD8E, 0xDD90, 0xD591, 0xCD92, 0xCD93, 0xC594, 0xBD75, 0xBD75, 0xB555, 0xB536, 0xB556, 0xB556, 0xB597, 0xBDB7,
    0xCC63, 0xCC84, 0xCC84, 0xD4A4, 0xD4A4, 0xD4C4, 0xD4C4, 0xDCE4, 0xDCE4, 0xDD04, 0xE525, 0xE546, 0xE547, 0xE568, 0xE58A, 0xE58B,
    0xE58C, 0xDDAD, 0xDDAE, 0xDDB0, 0xD5D1, 0xD5D2, 0xCDD3, 0xC5B4, 0xBDB5, 0xBDB6, 0xB596, 0xB576, 0xB576, 0xB597, 0xBDB7, 0xBDD7,
    0xCC84, 0xCCA4, 0xCCA4, 0xD4C4, 0xD4C4, 0xD4E4, 0xD4E4, 0xDD04, 0xDD04, 0xDD25, 0xE545, 0xE546, 0xE568, 0xE589, 0xE5AA, 0xE5AC,
    0xE5CD, 0xDDCD, 0xDDCE, 0xDDD0, 0xD5F1, 0xCDF2, 0xCDF3, 0xC5F4, 0xBDF5, 0xBDF6, 0xBDD6, 0xB5B6, 0xB5B7, 0xB5B7, 0xBDD7, 0xBDF7,
    0xCCA4, 0xCCA4, 0xD4C4, 0xD4C4, 0xD4E4, 0xD4E4, 0xDD04, 0xDD25, 0xDD25, 0xE546, 0xE567, 0xE568, 0xE589, 0xE5AA, 0xE5AB, 0xDDCC,
    0xDDCD, 0xDDEE, 0xDDEF, 0xDDF0, 0xD5F1, 0xCDF2, 0xC5F3, 0xBDF4, 0xBDF5, 0xBE16, 0xBE16, 0xB5F7, 0xB5F7, 0xB5F7, 0xBDF7, 0xC618,
    0xCCC4, 0xCCC4, 0xD4E4, 0xD4E4, 0xD504, 0xDD04, 0xDD25, 0xDD45, 0xE546, 0xE567, 0xE588, 0xDD89, 0xDDAA, 0xDDAB, 0xDDCC, 0xDDCD,
    0xDDEE, 0xDDEE, 0xDDEF, 0xD5F0, 0xD611, 0xCE12, 0xC613, 0xBDF3, 0xB614, 0xB616, 0xBE36, 0xBE37, 0xBE38, 0xBE18, 0xBE18, 0xC638,
    0xCCE4, 0xD4E4, 0xD504, 0xD504, 0xDD04, 0xDD25, 0xDD45, 0xDD46, 0xDD67, 0xDD88, 0xDD89, 0xDDAA, 0xDDAB, 0xDDCC, 0xDDCD, 0xDDEE,
    0xDDEE, 0xDDEF, 0xD610, 0xD611, 0xCE12, 0xC612, 0xC613, 0xBE14, 0xB615, 0xB636, 0xBE36, 0xBE57, 0xBE58, 0xBE38, 0xBE38, 0xC638,
    0xCCE4, 0xD504, 0xD504, 0xDD24, 0xDD25, 0xDD45, 0xDD46, 0xDD67, 0xDD88, 0xDD89, 0xDDAA, 0xDDAB, 0xDDCC, 0xDDCD, 0xDDEE, 0xDDEE,
    0xD5EF, 0xD610, 0xD611, 0xCE12, 0xCE12, 0xC633, 0xBE14, 0xBE14, 0xB635, 0xB636, 0xBE36, 0xBE57, 0xBE58, 0xBE78, 0xC658, 0xC658,
    0xD504, 0xD504, 0xDD24, 0xDD25, 0xDD45, 0xDD46, 0xDD67, 0xDD88, 0xDD89, 0xDDAA, 0xDDAB, 0xDDCC, 0xDDCD, 0xDDEE, 0xDDEE, 0xD5EF,
    0xD610, 0xD611, 0xCE12, 0xCE33, 0xC633, 0xC634, 0xC634, 0xBE35, 0xBE35, 0xBE56, 0xBE57, 0xC657, 0xC678, 0xC678, 0xC678, 0xC679,
    0xD504, 0xD524, 0xDD24, 0xDD45, 0xDD45, 0xDD67, 0xDD88, 0xDD89, 0xDDAA, 0xDDAB, 0xDDCC, 0xDDCD, 0xDDED, 0xDDEE, 0xD5EF, 0xD5F0,
    0xD611, 0xCE12, 0xCE33, 0xCE33, 0xC634, 0xC635, 0xC655, 0xC656, 0xC656, 0xC656, 0xC677, 0xC677, 0xC678, 0xC678, 0xC678, 0xC699,
    0x5061, 0x5061, 0x5061, 0x5061, 0x5041, 0x5841, 0x5842, 0x5842, 0x5843, 0x5843, 0x5844, 0x6044, 0x6045, 0x6046, 0x6046, 0x6047,
    0x6047, 0x6848, 0x6848, 0x6868, 0x6869, 0x6869, 0x6869, 0x686A, 0x686A, 0x686A, 0x686A, 0x686B, 0x686B, 0x686B, 0x686B, 0x686B,
    0x5861, 0x5861, 0x5861, 0x5861, 0x5861, 0x5861, 0x5861, 0x5842, 0x6043, 0x6043, 0x6044, 0x6044, 0x6045, 0x6846, 0x6846, 0x6847,
    0x6867, 0x6868, 0x6868, 0x6869, 0x6869, 0x6869, 0x686A, 0x686A, 0x706A, 0x706A, 0x706B, 0x706B, 0x686B, 0x686B, 0x686B, 0x686B,
    0x5881, 0x5861, 0x5861, 0x5861, 0x5861, 0x5861, 0x6061, 0x6062, 0x6062, 0x6063, 0x6064, 0x6864, 0x6865, 0x6866, 0x6867, 0x6867,
    0x6868, 0x6868, 0x6868, 0x6869, 0x6869, 0x7069, 0x706A, 0x706A, 0x706A, 0x706B, 0x706B, 0x706B, 0x706B, 0x706B, 0x706B, 0x706C,
    0x6081, 0x6081, 0x6061, 0x6061, 0x5861, 0x6061, 0x6061, 0x6062, 0x6062, 0x6863, 0x6864, 0x6864, 0x6865, 0x6866, 0x7067, 0x7067,
    0x7068, 0x7068, 0x7069, 0x7069, 0x7069, 0x706A, 0x706A, 0x706A, 0x706A, 0x706B, 0x706B, 0x706B, 0x706B, 0x706B, 0x706B, 0x708C,
    0x60A1, 0x60A1, 0x6081, 0x6061, 0x6061, 0x6061, 0x6061, 0x6061, 0x6862, 0x6863, 0x6863, 0x7064, 0x7065, 0x7066, 0x7067, 0x7067,
    0x7068, 0x7068, 0x7069, 0x7069, 0x7069, 0x706A, 0x706A, 0x706A, 0x706B, 0x706B, 0x706B, 0x706B, 0x706B, 0x706B, 0x708C, 0x708C,
    0x68C1, 0x68C1, 0x68A1, 0x6881, 0x6881, 0x6061, 0x6061, 0x6861, 0x6862, 0x6862, 0x7063, 0x7064, 0x7065, 0x7066, 0x7067, 0x7068,
    0x7068, 0x7069, 0x7069, 0x7069, 0x706A, 0x706A, 0x706A, 0x706A, 0x706B, 0x706B, 0x706B, 0x706B, 0x706C, 0x708C, 0x70AC, 0x70CC,
    0x70E1, 0x70E1, 0x70C1, 0x68A1, 0x6881, 0x6881, 0x6861, 0x6861, 0x6861, 0x6862, 0x7063, 0x7064, 0x7065, 0x7866, 0x7867, 0x7868,
    0x7868, 0x7869, 0x7869, 0x7069, 0x706A, 0x786A, 0x786A, 0x786B, 0x786B, 0x786B, 0x786B, 0x706C, 0x708C, 0x708C, 0x78CC, 0x78ED,
    0x7121, 0x7101, 0x70E1, 0x70E1, 0x70C1, 0x70A1, 0x7081, 0x6881, 0x6861, 0x7062, 0x7062, 0x7064, 0x7885, 0x7886, 0x7887, 0x7888,
    0x7888, 0x7869, 0x7869, 0x786A, 0x786A, 0x786A, 0x786A, 0x786B, 0x786B, 0x786B, 0x786C, 0x788C, 0x78AC, 0x78AC, 0x78ED, 0x792D,
    0x7941, 0x7921, 0x7921, 0x7901, 0x78E1, 0x78C1, 0x70A1, 0x70A1, 0x7081, 0x7081, 0x7082, 0x7883, 0x7884, 0x7886, 0x7887, 0x7888,
    0x7888, 0x7889, 0x7889, 0x786A, 0x786A, 0x786A, 0x786B, 0x786B, 0x786B, 0x786C, 0x788C, 0x788C, 0x78CC, 0x78ED, 0x812D, 0x816E,
    0x8181, 0x8161, 0x8161, 0x8141, 0x8121, 0x8101, 0x78E1, 0x78C1, 0x78C1, 0x78A1, 0x78A2, 0x78A3, 0x78A4, 0x80A5, 0x80A7, 0x80A8,
    0x80A8, 0x80A9, 0x808A, 0x788A, 0x788A, 0x788B, 0x788B, 0x788B, 0x788B, 0x788C, 0x78AC, 0x78AC, 0x80ED, 0x812D, 0x816E, 0x89AE,
    0x89C1, 0x89A1, 0x8981, 0x8981, 0x8961, 0x8141, 0x8121, 0x8101, 0x80E1, 0x78C1, 0x78C2, 0x78C2, 0x78A3, 0x80C5, 0x80C6, 0x80C8,
    0x80C8, 0x80C9, 0x80AA, 0x80AA, 0x80AA, 0x80AB, 0x808B, 0x808B, 0x808C, 0x808C, 0x80AC, 0x80ED, 0x812D, 0x896E, 0x89CE, 0x8A0F,
    0x89E1, 0x89E1, 0x91E1, 0x91C1, 0x89A1, 0x8981, 0x8961, 0x8961, 0x8941, 0x8121, 0x8102, 0x80E2, 0x80C3, 0x80E4, 0x80E6, 0x88E7,
    0x88E8, 0x88E9, 0x80CA, 0x80CA, 0x80CB, 0x80AB, 0x80AB, 0x80AC, 0x80AC, 0x80AC, 0x80ED, 0x812D, 0x896E, 0x89CE, 0x922F, 0x9290,
    0x9221, 0x9221, 0x9A21, 0x9A01, 0x9A01, 0x99E1, 0x91C1, 0x91A1, 0x9181, 0x9161, 0x8942, 0x8922, 0x8102, 0x8904, 0x8905, 0x8907,
    0x8908, 0x8909, 0x890A, 0x890B, 0x88EB, 0x80EB, 0x80EC, 0x80EC, 0x80EC, 0x80ED, 0x892D, 0x896E, 0x89CF, 0x922F, 0x9A90, 0x9AF1,
    0x9A81, 0x9A62, 0xA262, 0xA262, 0xA242, 0xA241, 0xA221, 0xA201, 0x9A01, 0x99E2, 0x99C2, 0x9182, 0x9162, 0x8943, 0x8924, 0x8946,
    0x8948, 0x9149, 0x894A, 0x892B, 0x892B, 0x890C, 0x890C, 0x890C, 0x890D, 0x892D, 0x896E, 0x91CF, 0x922F, 0x9A90, 0xA2F1, 0xA352,
    0xA2A2, 0xAAA2, 0xAAA2, 0xAAA2, 0xAAA2, 0xAAA2, 0xAA82, 0xAA62, 0xAA62, 0xAA42, 0xA222, 0xA202, 0x99E3, 0x91A3, 0x9184, 0x9186,
    0x9188, 0x9189, 0x918A, 0x918B, 0x916C, 0x916C, 0x894C, 0x894D, 0x916D, 0x916E, 0x91CE, 0x9A2F, 0x9A90, 0xA2F1, 0xA352, 0xABB3,
    0xAAE2, 0xB302, 0xB302, 0xB302, 0xB2E2, 0xB2E2, 0xB2E2, 0xB2C2, 0xB2C2, 0xB2A2, 0xB2A2, 0xB282, 0xAA63, 0xAA44, 0xA204, 0x99C5,
    0x99C7, 0x99E9, 0x99EB, 0x99EC, 0x99CC, 0x91AD, 0x91AD, 0x91AD, 0x91AE, 0x99CE, 0x9A2F, 0x9A90, 0xA2F1, 0xAB52, 0xABB3, 0xB414,
    0xB322, 0xB342, 0xBB42, 0xBB42, 0xBB42, 0xC342, 0xC342, 0xC322, 0xC322, 0xC322, 0xC303, 0xBB03, 0xBAE3, 0xB2C4, 0xB2A5, 0xAA65,
    0xA247, 0xA249, 0xA24B, 0xA24C, 0xA24D, 0x9A2D, 0x9A2E, 0x9A0E, 0x9A2F, 0xA24F, 0xA290, 0xA2F1, 0xAB52, 0xABB3, 0xB414, 0xB474,
    0xBB62, 0xBB62, 0xC382, 0xC382, 0xC382, 0xCB83, 0xCB83, 0xCB83, 0xCB83, 0xCB83, 0xCB63, 0xCB63, 0xC364, 0xC345, 0xC325, 0xBB06,
    0xB2E7, 0xB2A9, 0xAAAA, 0xAACC, 0xAACD, 0xAAAE, 0xA2AF, 0xA28F, 0xA2B0, 0xAAD0, 0xAB11, 0xAB52, 0xABB3, 0xB414, 0xB474, 0xB4B5,
    0xBBA2, 0xC3A3, 0xC3A3, 0xCBC3, 0xCBC3, 0xCBC3, 0xD3C3, 0xD3C3, 0xD3C3, 0xD3C3, 0xD3C3, 0xD3C4, 0xD3C4, 0xCBC5, 0xCBA6, 0xCBA7,
    0xC388, 0xBB49, 0xBB4B, 0xB34C, 0xB34E, 0xB32F, 0xB32F, 0xAB30, 0xB331, 0xB351, 0xB372, 0xB3B3, 0xB414, 0xB474, 0xB4B5, 0xBCF6,
    0xC3C3, 0xCBC3, 0xCBE3, 0xCBE3, 0xD403, 0xD403, 0xD403, 0xD403, 0xDC03, 0xDC03, 0xDC24, 0xDC24, 0xD424, 0xD425, 0xD427, 0xD428,
    0xCC09, 0xCC0B, 0xC3EC, 0xC3CD, 0xBBCE, 0xBBCF, 0xBBD0, 0xBBD1, 0xBBD2, 0xBBD3, 0xB3F3, 0xB414, 0xB474, 0xB4B5, 0xBCF5, 0xBD36,
    0xC3E3, 0xCC03, 0xCC03, 0xD423, 0xD423, 0xD423, 0xDC23, 0xDC43, 0xDC43, 0xDC44, 0xDC64, 0xDC64, 0xDC65, 0xDC86, 0xDC87, 0xDC89,
    0xD48A, 0xD48B, 0xCC6D, 0xCC4D, 0xC44F, 0xC450, 0xC451, 0xBC52, 0xBC53, 0xBC54, 0xBC74, 0xBC74, 0xBCB5, 0xBCF5, 0xBD16, 0xBD56,
    0xCC03, 0xCC23, 0xD423, 0xD443, 0xD443, 0xD443, 0xDC63, 0xDC64, 0xDC64, 0xDC84, 0xDC84, 0xDCA5, 0xDCA5, 0xDCC6, 0xDCC8, 0xDCE9,
    0xDCEB, 0xDCEC, 0xD4ED, 0xD4EE, 0xCCCF, 0xCCB0, 0xC4B1, 0xC4B3, 0xC4D4, 0xC4D4, 0xBCD5, 0xBCD5, 0xBCF5, 0xBD16, 0xBD56, 0xBD76,
    0xCC23, 0xCC43, 0xD443, 0xD463, 0xD463, 0xD464, 0xDC84, 0xDC84, 0xDCA4, 0xDCA4, 0xDCC4, 0xE4C5, 0xE4E6, 0xE507, 0xE508, 0xDD2A,
    0xDD2B, 0xDD2D, 0xDD2E, 0xDD4F, 0xD530, 0xCD31, 0xCD32, 0xCD33, 0xC534, 0xC535, 0xBD15, 0xBD16, 0xBD36, 0xBD56, 0xBD76, 0xBD97,
    0xCC43, 0xCC63, 0xD463, 0xD464, 0xD484, 0xD484, 0xD4A4, 0xDCA4, 0xDCC4, 0xDCC4, 0xDCE5, 0xE505, 0xE526, 0xE528, 0xE549, 0xE54A,
    0xE54C, 0xDD6D, 0xDD6E, 0xDD8F, 0xDD91, 0xD592, 0xD573, 0xCD74, 0xCD74, 0xC575, 0xC576, 0xBD56, 0xBD56, 0xBD76, 0xBD97, 0xC5B7,
    0xCC63, 0xCC64, 0xD484, 0xD484, 0xD4A4, 0xD4A4, 0xDCC4, 0xDCC4, 0xDCE4, 0xDD04, 0xE505, 0xE526, 0xE547, 0xE568, 0xE56A, 0xE58B,
    0xE58C, 0xE58D, 0xE5AE, 0xDDB0, 0xDDB1, 0xD5D2, 0xD5D3, 0xCDB4, 0xCDB5, 0xC5B6, 0xC5B6, 0xBD96, 0xBD96, 0xBD97, 0xBDB7, 0xC5D7,
    0xCC84, 0xCC84, 0xD4A4, 0xD4A4, 0xD4C4, 0xD4C4, 0xDCE4, 0xDCE4, 0xDD04, 0xE525, 0xE525, 0xE546, 0xE567, 0xE589, 0xE5AA, 0xE5AC,
    0xE5CD, 0xE5CE, 0xE5CF, 0xDDF0, 0xDDF1, 0xDDF2, 0xD5F3, 0xCE15, 0xCE15, 0xCDF6, 0xC5F6, 0xBDB7, 0xBDB7, 0xBDB7, 0xBDD7, 0xC5F8,
    0xCCA4, 0xCCA4, 0xD4C4, 0xD4C4, 0xD4E4, 0xDCE4, 0xDD04, 0xDD04, 0xDD25, 0xE546, 0xE546, 0xE568, 0xE589, 0xE5AA, 0xE5AB, 0xE5CC,
    0xE5CD, 0xE5EE, 0xE5EF, 0xDDF0, 0xDE11, 0xDE12, 0xD613, 0xCE14, 0xCE15, 0xC616, 0xC616, 0xBE17, 0xBDF7, 0xBDF7, 0xC5F8, 0xC618,
    0xCCA4, 0xCCC4, 0xD4C4, 0xD4E4, 0xD4E4, 0xDD04, 0xDD24, 0xDD25, 0xE546, 0xE567, 0xE588, 0xE589, 0xE5AA, 0xE5AB, 0xE5CC, 0xE5CD,
    0xDDEE, 0xDDEF, 0xDDEF, 0xDE10, 0xDE11, 0xD632, 0xD633, 0xCE34, 0xC635, 0xC636, 0xC637, 0xC658, 0xC638, 0xBE18, 0xC638, 0xC638,
    0xCCC4, 0xD4E4, 0xD4E4, 0xD504, 0xDD04, 0xDD25, 0xDD25, 0xE546, 0xE567, 0xE588, 0xE589, 0xE5AA, 0xDDAB, 0xDDCC, 0xDDCD, 0xDDEE,
    0xDDEF, 0xDDEF, 0xDE10, 0xDE11, 0xD632, 0xD633, 0xCE34, 0xCE34, 0xC635, 0xBE36, 0xC656, 0xC657, 0xC658, 0xC658, 0xC658, 0xCE58,
    0xD4E4, 0xD4E4, 0xD504, 0xDD04, 0xDD24, 0xDD45, 0xE546, 0xE567, 0xDD88, 0xDD89, 0xDDAA, 0xDDAB, 0xDDCC, 0xDDCD, 0xDDEE, 0xDDEF,
    0xDDEF, 0xDE10, 0xDE11, 0xD632, 0xD633, 0xCE33, 0xCE34, 0xC655, 0xC635, 0xBE35, 0xBE56, 0xC657, 0xC678, 0xC679, 0xC679, 0xCE79,
    0xD504, 0xD504, 0xDD04, 0xDD25, 0xDD45, 0xDD46, 0xDD67, 0xDD88, 0xDD89, 0xDDAA, 0xDDAB, 0xDDCC, 0xDDCD, 0xDDEE, 0xDDEF, 0xDDEF,
    0xDE10, 0xD611, 0xD632, 0xD633, 0xD633, 0xCE54, 0xCE55, 0xC655, 0xC656, 0xC656, 0xC657, 0xC677, 0xC678, 0xC698, 0xCE79, 0xCE79,
    0xD504, 0xD524, 0xDD24, 0xDD45, 0xDD45, 0xDD67, 0xDD88, 0xDD89, 0xDDAA, 0xDDCB, 0xDDCC, 0xDDED, 0xDDEE, 0xDDEF, 0xDDEF, 0xDE10,
    0xD611, 0xD632, 0xD633, 0xCE34, 0xCE54, 0xCE55, 0xCE55, 0xCE56, 0xCE76, 0xCE77, 0xCE77, 0xCE78, 0xCE98, 0xCE98, 0xCE99, 0xCE99,
    0x5861, 0x5861, 0x5861, 0x5861, 0x5841, 0x5841, 0x5842, 0x6042, 0x6043, 0x6043, 0x6044, 0x6045, 0x6045, 0x6846, 0x6846, 0x6847,
    0x6847, 0x6868, 0x6868, 0x6868, 0x6869, 0x6869, 0x6869, 0x686A, 0x706A, 0x706A, 0x706A, 0x706B, 0x706B, 0x706B, 0x686B, 0x686B,
    0x5861, 0x5861, 0x5861, 0x5861, 0x5861, 0x5861, 0x6062, 0x6062, 0x6063, 0x6063, 0x6864, 0x6865, 0x6865, 0x6866, 0x6866, 0x6867,
    0x6868, 0x6868, 0x6868, 0x6869, 0x6869, 0x7069, 0x706A, 0x706A, 0x706A, 0x706A, 0x706B, 0x706B, 0x706B, 0x706B, 0x706B, 0x706B,
    0x6081, 0x6061, 0x5861, 0x5861, 0x6061, 0x6061, 0x6061, 0x6062, 0x6863, 0x6863, 0x6864, 0x6865, 0x6865, 0x6866, 0x7067, 0x7067,
    0x7068, 0x7068, 0x7069, 0x7069, 0x7069, 0x7069, 0x706A, 0x706A, 0x706A, 0x706A, 0x706B, 0x706B, 0x706B, 0x706B, 0x706B, 0x706C,
    0x6081, 0x6081, 0x6061, 0x6061, 0x6061, 0x6061, 0x6061, 0x6862, 0x6862, 0x6863, 0x6864, 0x7065, 0x7065, 0x7066, 0x7067, 0x7067,
    0x7068, 0x7068, 0x7069, 0x7069, 0x7069, 0x706A, 0x706A, 0x706A, 0x706A, 0x706B, 0x706B, 0x706B, 0x706B, 0x706B, 0x706C, 0x708C,
    0x68A1, 0x68A1, 0x6881, 0x6061, 0x6061, 0x6061, 0x6061, 0x6861, 0x6862, 0x6863, 0x7064, 0x7064, 0x7065, 0x7066, 0x7067, 0x7068,
    0x7068, 0x7068, 0x7069, 0x7069, 0x7069, 0x706A, 0x706A, 0x706A, 0x706B, 0x786B, 0x706B, 0x706B, 0x706B, 0x706C, 0x708C, 0x708C,
    0x68C1, 0x68C1, 0x68A1, 0x6881, 0x6881, 0x6861, 0x6861, 0x6861, 0x6862, 0x7063, 0x7063, 0x7064, 0x7865, 0x7866, 0x7867, 0x7868,
    0x7868, 0x7869, 0x7869, 0x7069, 0x706A, 0x706A, 0x786A, 0x786A, 0x786B, 0x786B, 0x786B, 0x786B, 0x786C, 0x708C, 0x78AC, 0x78AC,
    0x70E1, 0x70E1, 0x70C1, 0x70A1, 0x70A1, 0x6881, 0x6861, 0x6861, 0x6861, 0x7062, 0x7063, 0x7884, 0x7885, 0x7886, 0x7887, 0x7888,
    0x7888, 0x7869, 0x7869, 0x7869, 0x786A, 0x786A, 0x786A, 0x786B, 0x786B, 0x786B, 0x786B, 0x786C, 0x788C, 0x788C, 0x78AC, 0x78ED,
    0x7921, 0x7901, 0x78E1, 0x78E1, 0x70C1, 0x70A1, 0x70A1, 0x7081, 0x7081, 0x7082, 0x7083, 0x7884, 0x7885, 0x7886, 0x7887, 0x8088,
    0x7888, 0x7889, 0x7889, 0x788A, 0x786A, 0x786A, 0x786A, 0x786B, 0x788B, 0x788B, 0x788C, 0x788C, 0x78AC, 0x78AC, 0x78ED, 0x812D,
    0x7941, 0x7941, 0x7921, 0x7901, 0x78E1, 0x78E1, 0x78C1, 0x78A1, 0x70A1, 0x78A2, 0x78A2, 0x78A4, 0x78A5, 0x80A6, 0x80A7, 0x80A8,
    0x80A8, 0x80A9, 0x8089, 0x788A, 0x788A, 0x788A, 0x788B, 0x788B, 0x788B, 0x788C, 0x788C, 0x788C, 0x78AC, 0x80ED, 0x812D, 0x816E,
    0x8181, 0x8161, 0x8161, 0x8141, 0x8121, 0x8101, 0x8101, 0x78E1, 0x78C1, 0x78C2, 0x78A2, 0x78A3, 0x80C4, 0x80C6, 0x80C7, 0x80C8,
    0x80C9, 0x80C9, 0x80AA, 0x80AA, 0x80AA, 0x80AB, 0x80AB, 0x80AB, 0x80AB, 0x80AC, 0x80AC, 0x80AC, 0x80ED, 0x812D, 0x896E, 0x89CE,
    0x89A1, 0x89A1, 0x8981, 0x8981, 0x8961, 0x8941, 0x8941, 0x8121, 0x8101, 0x80E1, 0x80E2, 0x80E3, 0x80C4, 0x80E5, 0x88E7, 0x88E8,
    0x88E9, 0x88E9, 0x80CA, 0x80CA, 0x80CB, 0x80CB, 0x80AB, 0x80AB, 0x80AC, 0x80AC, 0x80CC, 0x80ED, 0x812D, 0x896E, 0x89CE, 0x920F,
    0x91E1, 0x91E1, 0x91E1, 0x91C1, 0x91A1, 0x91A1, 0x9181, 0x8961, 0x8961, 0x8942, 0x8922, 0x8102, 0x8103, 0x8905, 0x8906, 0x8908,
    0x8909, 0x890A, 0x890A, 0x890B, 0x88EB, 0x80EB, 0x80EB, 0x80EC, 0x80EC, 0x80EC, 0x890D, 0x892D, 0x896E, 0x91CE, 0x922F, 0x9A90,
    0x9A21, 0x9A21, 0x9A21, 0x9A01, 0x9A01, 0x99E1, 0x99C1, 0x99C1, 0x91A1, 0x9182, 0x9162, 0x8942, 0x8943, 0x8924, 0x8926, 0x8948,
    0x9149, 0x914A, 0x894A, 0x892B, 0x892B, 0x890C, 0x890C, 0x890C, 0x890C, 0x890D, 0x892D, 0x896E, 0x91CF, 0x922F, 0x9A90, 0xA2F1,
    0xA282, 0xA262, 0xA262, 0xA262, 0xA242, 0xA242, 0xA222, 0xA222, 0xA202, 0xA202, 0x99E2, 0x99C3, 0x91A3, 0x9164, 0x9165, 0x9187,
    0x9189, 0x918A, 0x918B, 0x918B, 0x916C, 0x914C, 0x894C, 0x894D, 0x894D, 0x914D, 0x918E, 0x91CE, 0x9A2F, 0x9A90, 0xA2F1, 0xAB52,
    0xA2A2, 0xAAA2, 0xAAA2, 0xAAA2, 0xAAA2, 0xAAA2, 0xAA82, 0xAA82, 0xAA62, 0xAA62, 0xAA42, 0xA223, 0xA203, 0x99E4, 0x99C5, 0x99C7,
    0x99C8, 0x99CA, 0x99CB, 0x99CC, 0x99CC, 0x91AC, 0x918D, 0x918D, 0x918D, 0x91AE, 0x99EF, 0x9A2F, 0xA290, 0xA2F1, 0xAB52, 0xABB3,
    0xAAE2, 0xB2E2, 0xB302, 0xB2E2, 0xB2E2, 0xBAE2, 0xBAE2, 0xBAE2, 0xBAC2, 0xB2C2, 0xB2C3, 0xB2A3, 0xB284, 0xAA64, 0xAA45, 0xA206,
    0xA208, 0xA22A, 0xA22B, 0xA22C, 0xA20D, 0x9A0D, 0x99ED, 0x99EE, 0x99EE, 0x9A0F, 0xA24F, 0xA290, 0xA2F1, 0xAB52, 0xB3B3, 0xB414,
    0xB322, 0xBB22, 0xBB42, 0xBB42, 0xC342, 0xC342, 0xC322, 0xC322, 0xC322, 0xC323, 0xC323, 0xC324, 0xBB04, 0xBAE5, 0xB2C6, 0xB287,
    0xAA88, 0xAA8A, 0xAA8B, 0xAA8C, 0xAA8D, 0xA26D, 0xA26E, 0xA24E, 0xA24F, 0xA270, 0xA2B0, 0xAAF1, 0xAB52, 0xB3B3, 0xB414, 0xB475,
    0xBB62, 0xC362, 0xC382, 0xC382, 0xCB82, 0xCB83, 0xCB83, 0xCB83, 0xCB83, 0xCB83, 0xCB83, 0xCB84, 0xCB85, 0xC366, 0xC347, 0xBB27,
    0xBB08, 0xB2E9, 0xB2EB, 0xB2EC, 0xB2ED, 0xAAEE, 0xAACF, 0xAACF, 0xAAD0, 0xAAF1, 0xAB11, 0xB352, 0xB3B3, 0xB414, 0xB474, 0xBCB5,
    0xC382, 0xC3A3, 0xCBA3, 0xCBA3, 0xCBC3, 0xD3C3, 0xD3C3, 0xD3C3, 0xD3C3, 0xD3C3, 0xD3C4, 0xD3E4, 0xD3E5, 0xCBE6, 0xCBC7, 0xCBA8,
    0xC389, 0xC36A, 0xBB6B, 0xBB6D, 0xBB6E, 0xB34F, 0xB350, 0xB350, 0xB351, 0xB371, 0xB392, 0xB3B3, 0xB414, 0xBC74, 0xBCB5, 0xBCF6,
    0xC3C3, 0xCBC3, 0xCBE3, 0xD3E3, 0xD3E3, 0xD3E3, 0xD403, 0xD403, 0xDC03, 0xDC04, 0xD424, 0xD425, 0xD425, 0xD427, 0xD428, 0xD429,
    0xD42A, 0xCC0B, 0xCBEC, 0xC3CD, 0xC3CE, 0xBBCF, 0xBBD0, 0xBBD1, 0xBBD2, 0xBBF2, 0xBBF3, 0xBC14, 0xBC54, 0xBCB5, 0xBCF5, 0xBD36,
    0xCBE3, 0xCC03, 0xD403, 0xD403, 0xD423, 0xD423, 0xDC23, 0xDC43, 0xDC44, 0xDC44, 0xDC64, 0xDC65, 0xDC66, 0xDC87, 0xDC88, 0xDC8A,
    0xD48B, 0xD48C, 0xD46D, 0xCC4E, 0xCC4F, 0xC450, 0xC431, 0xC432, 0xC452, 0xC453, 0xBC54, 0xBC74, 0xBCB5, 0xBCF5, 0xBD16, 0xBD56,
    0xCC03, 0xD423, 0xD423, 0xD423, 0xD443, 0xDC43, 0xDC43, 0xDC64, 0xDC64, 0xDC84, 0xDC84, 0xDCA5, 0xDCA6, 0xDCC8, 0xDCC9, 0xDCEA,
    0xDCEC, 0xDCED, 0xD4EE, 0xD4CF, 0xD4CF, 0xCCB0, 0xCCB1, 0xC4B2, 0xC4B3, 0xC4B4, 0xC4B4, 0xC4D5, 0xBCF5, 0xBD16, 0xBD56, 0xC577,
    0xCC23, 0xD443, 0xD443, 0xD443, 0xD463, 0xDC64, 0xDC64, 0xDC84, 0xDC84, 0xDCA4, 0xDCC5, 0xDCC6, 0xE4E7, 0xE508, 0xDD09, 0xDD0B,
    0xDD2C, 0xDD2D, 0xDD2E, 0xDD2F, 0xD530, 0xD511, 0xCD12, 0xCD13, 0xCD14, 0xCD14, 0xC515, 0xC516, 0xC536, 0xBD56, 0xC576, 0xC597,
    0xCC43, 0xD443, 0xD463, 0xD464, 0xD484, 0xD484, 0xDC84, 0xDCA4, 0xDCC4, 0xDCC4, 0xDCE5, 0xE506, 0xE507, 0xE528, 0xE54A, 0xE54B,
    0xE54C, 0xE56D, 0xDD6F, 0xDD70, 0xDD71, 0xD571, 0xD572, 0xCD53, 0xCD54, 0xCD55, 0xC555, 0xC556, 0xC556, 0xC576, 0xC597, 0xC5D7,
    0xCC63, 0xD463, 0xD484, 0xD484, 0xD484, 0xD4A4, 0xDCA4, 0xDCC4, 0xDCE4, 0xDCE5, 0xE505, 0xE526, 0xE548, 0xE549, 0xE56A, 0xE56C,
    0xE58D, 0xE58E, 0xE5AF, 0xE5B0, 0xDDB1, 0xDDB2, 0xD5B3, 0xD5B4, 0xCDB4, 0xCDB5, 0xCD96, 0xC596, 0xC596, 0xC597, 0xC5B7, 0xC5F7,
    0xCC84, 0xD484, 0xD484, 0xD4A4, 0xD4A4, 0xDCC4, 0xDCC4, 0xDCE4, 0xDD04, 0xE505, 0xE526, 0xE547, 0xE568, 0xE56A, 0xE58B, 0xE5AC,
    0xE5AD, 0xE5AE, 0xE5CF, 0xE5D0, 0xDDF1, 0xDDF2, 0xDDF3, 0xD5F4, 0xD5F5, 0xCDF6, 0xCDD6, 0xC5D7, 0xC5D7, 0xC5B7, 0xC5F7, 0xCE18,
    0xCC84, 0xD4A4, 0xD4A4, 0xD4C4, 0xD4C4, 0xDCE4, 0xDCE4, 0xDD04, 0xE525, 0xE546, 0xE547, 0xE568, 0xE589, 0xE58A, 0xE5AC, 0xE5CD,
    0xE5CD, 0xE5CE, 0xE5EF, 0xE5F0, 0xDE11, 0xDE12, 0xDE13, 0xD614, 0xD615, 0xCE16, 0xCE16, 0xC617, 0xC5F7, 0xC5F7, 0xC618, 0xCE38,
    0xCCA4, 0xD4C4, 0xD4C4, 0xD4E4, 0xD4E4, 0xDD04, 0xDD04, 0xE525, 0xE545, 0xE546, 0xE568, 0xE589, 0xE5AA, 0xE5AC, 0xE5CD, 0xE5CD,
    0xE5EE, 0xE5EF, 0xE60F, 0xE610, 0xDE11, 0xDE32, 0xDE33, 0xD634, 0xD635, 0xCE36, 0xCE57, 0xCE58, 0xC638, 0xC618, 0xC638, 0xCE58,
    0xD4C4, 0xD4C4, 0xD4E4, 0xD4E4, 0xDD04, 0xDD25, 0xDD25, 0xE546, 0xE567, 0xE568, 0xE589, 0xE5AA, 0xE5AB, 0xE5CC, 0xE5CD, 0xE5EE,
    0xE5EF, 0xE60F, 0xDE10, 0xDE11, 0xDE32, 0xDE33, 0xD654, 0xD655, 0xCE55, 0xCE56, 0xCE57, 0xCE57, 0xC658, 0xC658, 0xCE58, 0xCE59,
    0xD4E4, 0xD4E4, 0xD504, 0xDD04, 0xDD24, 0xDD25, 0xE545, 0xE567, 0xE588, 0xE589, 0xE5AA, 0xE5AB, 0xDDCC, 0xDDCD, 0xDDEE, 0xDDEF,
    0xDDEF, 0xDE10, 0xDE11, 0xDE32, 0xDE33, 0xD654, 0xD654, 0xCE55, 0xCE55, 0xC656, 0xC656, 0xC677, 0xCE78, 0xCE99, 0xCE79, 0xCE79,
    0xD4E4, 0xD504, 0xDD04, 0xDD25, 0xDD25, 0xDD46, 0xE567, 0xE588, 0xDD89, 0xDDAA, 0xDDAB, 0xDDCC, 0xDDCD, 0xDDEE, 0xDDEF, 0xDDEF,
    0xDE10, 0xDE11, 0xDE32, 0xD633, 0xD654, 0xD654, 0xD655, 0xCE75, 0xCE76, 0xCE76, 0xCE77, 0xCE77, 0xCE98, 0xCE99, 0xCE99, 0xCE99,
    0xD504, 0xDD04, 0xDD24, 0xDD45, 0xE545, 0xE567, 0xDD88, 0xDD89, 0xDDAA, 0xDDCB, 0xDDCC, 0xDDED, 0xDDEE, 0xDDEF, 0xDDEF, 0xDE10,
    0xDE11, 0xDE32, 0xD633, 0xD654, 0xD654, 0xD655, 0xCE76, 0xCE76, 0xCE76, 0xCE77, 0xCE97, 0xCE98, 0xCE98, 0xD699, 0xD699, 0xD6B9,
    0x5861, 0x5861, 0x5861, 0x5861, 0x5841, 0x6041, 0x6062, 0x6042, 0x6043, 0x6044, 0x6844, 0x6865, 0x6865, 0x6866, 0x6867, 0x6867,
    0x6868, 0x6868, 0x6868, 0x6869, 0x6869, 0x7069, 0x7069, 0x706A, 0x706A, 0x706A, 0x706A, 0x706B, 0x706B, 0x706B, 0x706B, 0x706B,
    0x6061, 0x5861, 0x5861, 0x6061, 0x6061, 0x6061, 0x6062, 0x6062, 0x6863, 0x6864, 0x6864, 0x6865, 0x6865, 0x6866, 0x7067, 0x7067,
    0x7068, 0x7068, 0x7068, 0x7069, 0x7069, 0x7069, 0x706A, 0x706A, 0x706A, 0x706A, 0x706A, 0x706B, 0x706B, 0x706B, 0x706B, 0x706B,
    0x6081, 0x6061, 0x6061, 0x6061, 0x6061, 0x6061, 0x6061, 0x6862, 0x6863, 0x6863, 0x6864, 0x7065, 0x7065, 0x7066, 0x7067, 0x7067,
    0x7068, 0x7068, 0x7069, 0x7069, 0x7069, 0x7069, 0x706A, 0x706A, 0x706A, 0x706A, 0x706B, 0x706B, 0x706B, 0x706B, 0x706B, 0x706C,
    0x6881, 0x6881, 0x6061, 0x6061, 0x6061, 0x6061, 0x6861, 0x6862, 0x6862, 0x7063, 0x7064, 0x7065, 0x7066, 0x7066, 0x7067, 0x7068,
    0x7068, 0x7068, 0x7069, 0x7069, 0x7069, 0x706A, 0x706A, 0x706A, 0x706A, 0x706B, 0x706B, 0x706B, 0x706B, 0x706B, 0x706C, 0x708C,
    0x68A1, 0x68A1, 0x6881, 0x6861, 0x6861, 0x6861, 0x6861, 0x6862, 0x7062, 0x7063, 0x7064, 0x7065, 0x7866, 0x7866, 0x7867, 0x7868,
    0x7868, 0x7869, 0x7869, 0x7069, 0x7069, 0x706A, 0x706A, 0x786A, 0x786A, 0x786B, 0x786B, 0x786B, 0x786B, 0x786C, 0x708C, 0x708C,
    0x70C1, 0x70C1, 0x70A1, 0x7081, 0x6881, 0x6881, 0x6861, 0x6861, 0x7062, 0x7063, 0x7064, 0x7885, 0x7885, 0x7886, 0x7887, 0x7888,
    0x7888, 0x7869, 0x7869, 0x7869, 0x786A, 0x786A, 0x786A, 0x786A, 0x786B, 0x786B, 0x786B, 0x786B, 0x786C, 0x788C, 0x78AC, 0x78AC,
    0x7101, 0x70E1, 0x70C1, 0x70A1, 0x70A1, 0x7081, 0x7081, 0x7081, 0x7082, 0x7082, 0x7883, 0x7884, 0x7885, 0x7886, 0x8087, 0x8088,
    0x7888, 0x7889, 0x7889, 0x786A, 0x786A, 0x786A, 0x786A, 0x786B, 0x786B, 0x786B, 0x786B, 0x786C, 0x788C, 0x788C, 0x78AC, 0x78ED,
    0x7921, 0x7901, 0x78E1, 0x78E1, 0x78C1, 0x78C1, 0x70A1, 0x70A1, 0x70A1, 0x78A2, 0x78A3, 0x78A4, 0x80A5, 0x80A6, 0x80A7, 0x80A8,
    0x80A9, 0x80A9, 0x8089, 0x788A, 0x788A, 0x788A, 0x788A, 0x788B, 0x788B, 0x788B, 0x788C, 0x788C, 0x788C, 0x78AC, 0x80ED, 0x812D,
    0x8141, 0x8141, 0x8121, 0x8101, 0x80E1, 0x78E1, 0x78C1, 0x78C1, 0x78C1, 0x78A2, 0x78A3, 0x80A4, 0x80C5, 0x80C6, 0x80C7, 0x80C8,
    0x80C9, 0x80A9, 0x80AA, 0x80AA, 0x80AA, 0x808A, 0x808B, 0x808B, 0x808B, 0x808C, 0x808C, 0x808C, 0x80AC, 0x80ED, 0x812D, 0x896E,
    0x8181, 0x8161, 0x8961, 0x8141, 0x8121, 0x8121, 0x8101, 0x8101, 0x80E1, 0x80E2, 0x80C2, 0x80C4, 0x80E5, 0x80E6, 0x88E7, 0x88E8,
    0x88E9, 0x80E9, 0x80CA, 0x80CA, 0x80CB, 0x80AB, 0x80AB, 0x80AB, 0x80AC, 0x80AC, 0x80AC, 0x80AC, 0x80ED, 0x892D, 0x896E, 0x89CE,
    0x89A1, 0x89A1, 0x8981, 0x8981, 0x8961, 0x8961, 0x8941, 0x8941, 0x8921, 0x8102, 0x8102, 0x8103, 0x8904, 0x8906, 0x8907, 0x8908,
    0x8909, 0x890A, 0x890A, 0x88EB, 0x88EB, 0x80EB, 0x80EB, 0x80CC, 0x80CC, 0x80EC, 0x80EC, 0x88ED, 0x892D, 0x896E, 0x91CE, 0x922F,
    0x91E1, 0x91E1, 0x91C1, 0x91C1, 0x91A1, 0x91A1, 0x9181, 0x9181, 0x9182, 0x8962, 0x8942, 0x8923, 0x8924, 0x8926, 0x8947, 0x8948,
    0x9149, 0x894A, 0x894A, 0x892B, 0x892B, 0x890B, 0x890C, 0x890C, 0x890C, 0x890D, 0x890D, 0x892D, 0x896E, 0x91CF, 0x9A2F, 0x9A90,
    0x9A21, 0x9A21, 0x9A21, 0x9A01, 0x9A01, 0x99E1, 0x99E1, 0x99E2, 0x99C2, 0x99A2, 0x91A2, 0x9183, 0x9164, 0x9165, 0x9167, 0x9188,
    0x9189, 0x918A, 0x918B, 0x916B, 0x916C, 0x914C, 0x894C, 0x894C, 0x894D, 0x894D, 0x914D, 0x916E, 0x91CF, 0x9A2F, 0xA290, 0xA2F1,
    0xA262, 0xA262, 0xA262, 0xA262, 0xA242, 0xA242, 0xA242, 0xA222, 0xA222, 0xA222, 0xA203, 0x99E3, 0x99C4, 0x99A5, 0x99A6, 0x99C8,
    0x99C9, 0x99CA, 0x99CB, 0x99CC, 0x99AC, 0x91AC, 0x918D, 0x918D, 0x918D, 0x918D, 0x91AE, 0x99CE, 0x9A2F, 0xA290, 0xA2F1, 0xAB52,
    0xAAA2, 0xAAA2, 0xAAA2, 0xAAA2, 0xB2A2, 0xB2A2, 0xB2A2, 0xB282, 0xB282, 0xAA82, 0xAA63, 0xAA64, 0xAA44, 0xA205, 0xA206, 0xA208,
    0xA209, 0xA22A, 0xA22B, 0xA22C, 0x9A0D, 0x99ED, 0x99ED, 0x99CD, 0x99CE, 0x99EE, 0x9A0F, 0x9A2F, 0xA290, 0xAAF1, 0xAB52, 0xB3B3,
    0xB2E2, 0xB2E2, 0xB2E2, 0xB2E2, 0xBAE2, 0xBAE2, 0xBAE2, 0xBAE2, 0xBAE2, 0xBAE3, 0xBAC3, 0xB2C4, 0xB2A5, 0xB2A6, 0xAA86, 0xAA68,
    0xAA69, 0xAA6A, 0xAA8C, 0xAA8D, 0xAA6D, 0xA24D, 0xA24E, 0xA22E, 0xA22E, 0xA24F, 0xA26F, 0xA290, 0xAAF1, 0xAB52, 0xB3B3, 0xB414,
    0xBB22, 0xBB22, 0xBB22, 0xBB22, 0xC322, 0xC322, 0xC322, 0xC322, 0xC343, 0xC343, 0xC344, 0xC324, 0xC325, 0xBB06, 0xBB07, 0xB2C8,
    0xB2C9, 0xB2CA, 0xB2CC, 0xB2CD, 0xB2CD, 0xAACE, 0xAAAE, 0xAAAF, 0xAAAF, 0xAAB0, 0xAAD0, 0xAAF1, 0xB352, 0xB3B3, 0xB414, 0xBC75,
    0xBB62, 0xC362, 0xC362, 0xC362, 0xCB62, 0xCB63, 0xCB83, 0xCB83, 0xCB83, 0xCB83, 0xCB84, 0xCB85, 0xCB86, 0xCB87, 0xC388, 0xC369,
    0xBB49, 0xBB2A, 0xBB2B, 0xBB2D, 0xB32E, 0xB32F, 0xB32F, 0xB310, 0xB310, 0xB311, 0xB331, 0xB352, 0xB3B3, 0xBC14, 0xBC74, 0xBCB5,
    0xC382, 0xCBA3, 0xCBA3, 0xCBA3, 0xCBA3, 0xD3A3, 0xD3C3, 0xD3C3, 0xD3C3, 0xD3C4, 0xD3E4, 0xD3E5, 0xD3E6, 0xD3E7, 0xCBE9, 0xCBE9,
    0xCBCA, 0xC38B, 0xC38C, 0xBB8D, 0xBB8E, 0xBB8F, 0xBB90, 0xB370, 0xB371, 0xB371, 0xBB92, 0xBBB3, 0xBC14, 0xBC74, 0xBCB5, 0xBCF6,
    0xCBC3, 0xCBC3, 0xD3E3, 0xD3E3, 0xD3E3, 0xD3E3, 0xD3E3, 0xD403, 0xD403, 0xD404, 0xD424, 0xD425, 0xD447, 0xD448, 0xD449, 0xD44A,
    0xD44B, 0xCC2C, 0xCC0D, 0xC3ED, 0xC3EE, 0xC3EF, 0xC3F0, 0xBBF1, 0xBBF2, 0xBBF2, 0xBBF3, 0xBC13, 0xBC54, 0xC4B5, 0xC4F5, 0xBD36,
    0xCBE3, 0xD3E3, 0xD403, 0xD403, 0xD403, 0xDC23, 0xDC23, 0xDC23, 0xDC44, 0xDC44, 0xDC65, 0xDC66, 0xDC87, 0xDC88, 0xDC8A, 0xDCAB,
    0xD4AC, 0xD48D, 0xD46D, 0xCC4E, 0xCC4F, 0xCC50, 0xC451, 0xC431, 0xC452, 0xC453, 0xC454, 0xC474, 0xC4B5, 0xC4F6, 0xC536, 0xC556,
    0xCC03, 0xD403, 0xD423, 0xD423, 0xDC23, 0xDC43, 0xDC43, 0xDC64, 0xDC64, 0xDC84, 0xDC85, 0xDCA6, 0xDCA7, 0xDCC9, 0xDCCA, 0xDCEB,
    0xDCED, 0xDCED, 0xDCEE, 0xD4CF, 0xD4AF, 0xCC90, 0xCC91, 0xCC92, 0xCC93, 0xC493, 0xC4B4, 0xC4B5, 0xC4F5, 0xC536, 0xC556, 0xC577,
    0xD423, 0xD423, 0xD443, 0xD443, 0xDC43, 0xDC64, 0xDC64, 0xDC84, 0xDC84, 0xDCA5, 0xDCC5, 0xDCC6, 0xDCE8, 0xDD09, 0xDD0B, 0xDD0C,
    0xDD2D, 0xDD2E, 0xDD2F, 0xDD2F, 0xD510, 0xD511, 0xD4F1, 0xCCF2, 0xCCF3, 0xCCF4, 0xCCF5, 0xCD15, 0xC536, 0xC556, 0xC577, 0xC5B7,
    0xD443, 0xD443, 0xD463, 0xD463, 0xD464, 0xDC84, 0xDC84, 0xDCA4, 0xDCA4, 0xDCC5, 0xE4E6, 0xE507, 0xE508, 0xE529, 0xE52B, 0xE54C,
    0xE54D, 0xE56E, 0xE56F, 0xDD70, 0xDD71, 0xDD71, 0xD552, 0xD552, 0xCD33, 0xCD34, 0xCD55, 0xCD56, 0xCD76, 0xC577, 0xC5B7, 0xCDD7,
    0xD463, 0xD463, 0xD464, 0xD484, 0xD484, 0xDCA4, 0xDCA4, 0xDCC4, 0xDCC4, 0xE4E5, 0xE506, 0xE527, 0xE548, 0xE54A, 0xE54B, 0xE56C,
    0xE56D, 0xE58E, 0xE58F, 0xE5B0, 0xDDB1, 0xDDB2, 0xDD92, 0xD593, 0xD594, 0xCD75, 0xCD96, 0xCD96, 0xCD97, 0xC5B7, 0xCDD7, 0xCDF8,
    0xD484, 0xD484, 0xD484, 0xD4A4, 0xD4A4, 0xDCC4, 0xDCC4, 0xDCE4, 0xE4E5, 0xE505, 0xE526, 0xE548, 0xE549, 0xE56A, 0xE58C, 0xE58D,
    0xE58D, 0xE5AE, 0xE5AF, 0xE5D0, 0xE5D1, 0xDDD2, 0xDDD3, 0xDDD4, 0xD5D4, 0xD5D5, 0xCDD6, 0xCDD7, 0xCDD7, 0xCDD7, 0xCDF8, 0xCE18,
    0xD484, 0xD484, 0xD4A4, 0xD4A4, 0xD4C4, 0xDCC4, 0xDCE4, 0xDD04, 0xE505, 0xE526, 0xE547, 0xE568, 0xE58A, 0xE58B, 0xE5AC, 0xE5AD,
    0xE5CE, 0xE5CF, 0xE5CF, 0xE5F0, 0xE5F1, 0xE612, 0xDE13, 0xDE14, 0xD615, 0xD616, 0xD616, 0xD617, 0xCE17, 0xCDF8, 0xCE18, 0xCE38,
    0xD4A4, 0xD4A4, 0xD4C4, 0xD4C4, 0xDCE4, 0xDCE4, 0xDD04, 0xE525, 0xE525, 0xE546, 0xE567, 0xE589, 0xE5AA, 0xE5AC, 0xE5CD, 0xE5CD,
    0xE5EE, 0xE5EF, 0xE610, 0xE610, 0xE611, 0xE632, 0xE633, 0xDE54, 0xDE55, 0xD656, 0xD657, 0xD658, 0xCE38, 0xC618, 0xCE38, 0xCE59,
    0xD4A4, 0xD4C4, 0xD4E4, 0xDCE4, 0xDD04, 0xDD04, 0xE525, 0xE546, 0xE546, 0xE568, 0xE589, 0xE5AA, 0xE5AB, 0xE5CC, 0xE5CD, 0xE5EE,
    0xE5EF, 0xE60F, 0xE610, 0xE631, 0xE632, 0xDE33, 0xDE54, 0xDE55, 0xD656, 0xD676, 0xD677, 0xD677, 0xCE58, 0xCE58, 0xCE59, 0xD679,
    0xD4C4, 0xD4E4, 0xD4E4, 0xDD04, 0xDD04, 0xE525, 0xE545, 0xE567, 0xE588, 0xE589, 0xE5AB, 0xE5AC, 0xE5CD, 0xE5CD, 0xE5EE, 0xE5EF,
    0xE5EF, 0xDE10, 0xDE11, 0xDE32, 0xDE33, 0xDE54, 0xDE54, 0xD675, 0xD676, 0xD676, 0xCE77, 0xCE77, 0xCE98, 0xCE99, 0xCE99, 0xD679,
    0xD4E4, 0xD4E4, 0xDD04, 0xDD24, 0xDD25, 0xE546, 0xE567, 0xE568, 0xE589, 0xE5AA, 0xE5AC, 0xE5CC, 0xE5CD, 0xE5EE, 0xDDEF, 0xDDEF,
    0xDE10, 0xDE11, 0xDE32, 0xDE33, 0xDE54, 0xDE54, 0xD675, 0xD676, 0xD676, 0xD677, 0xD697, 0xD698, 0xD698, 0xD699, 0xD699, 0xD699,
    0xD4E4, 0xDD04, 0xDD24, 0xDD25, 0xE545, 0xE567, 0xE588, 0xE589, 0xDDAB, 0xDDAC, 0xE5CC, 0xDDED, 0xDDEE, 0xDDEF, 0xDE0F, 0xDE10,
    0xDE11, 0xDE32, 0xDE33, 0xDE54, 0xD654, 0xD675, 0xD676, 0xD676, 0xD677, 0xD697, 0xD698, 0xD698, 0xD6B8, 0xD6B9, 0xD6B9, 0xD6B9,
    0x5861, 0x5861, 0x5861, 0x6061, 0x6061, 0x6061, 0x6062, 0x6863, 0x6863, 0x6864, 0x6864, 0x6865, 0x6866, 0x6866, 0x7067, 0x7067,
    0x7068, 0x7068, 0x7068, 0x7069, 0x7069, 0x7069, 0x7069, 0x706A, 0x706A, 0x706A, 0x706A, 0x706B, 0x706B, 0x706B, 0x706B, 0x706B,
    0x6061, 0x6061, 0x6061, 0x6061, 0x6061, 0x6061, 0x6862, 0x6862, 0x6863, 0x6864, 0x7064, 0x7065, 0x7066, 0x7066, 0x7067, 0x7067,
    0x7068, 0x7068, 0x7069, 0x7069, 0x7069, 0x7069, 0x706A, 0x706A, 0x706A, 0x706A, 0x706A, 0x706B, 0x706B, 0x706B, 0x706B, 0x706B,
    0x6881, 0x6061, 0x6061, 0x6061, 0x6061, 0x6861, 0x6861, 0x6862, 0x7063, 0x7064, 0x7064, 0x7065, 0x7066, 0x7066, 0x7067, 0x7868,
    0x7068, 0x7068, 0x7069, 0x7069, 0x7069, 0x7069, 0x706A, 0x706A, 0x706A, 0x706A, 0x706B, 0x706B, 0x706B, 0x706B, 0x706B, 0x706C,
    0x6881, 0x6881, 0x6861, 0x6861, 0x6861, 0x6861, 0x6861, 0x6862, 0x7063, 0x7063, 0x7064, 0x7865, 0x7866, 0x7866, 0x7867, 0x7868,
    0x7868, 0x7868, 0x7869, 0x7869, 0x7069, 0x706A, 0x706A, 0x786A, 0x786A, 0x786B, 0x786B, 0x786B, 0x786B, 0x786B, 0x786C, 0x788C,
    0x70A1, 0x70A1, 0x6881, 0x6881, 0x6861, 0x6861, 0x6861, 0x7062, 0x7062, 0x7063, 0x7884, 0x7885, 0x7886, 0x7887, 0x7887, 0x7888,
    0x7888, 0x7869, 0x7869, 0x7869, 0x7869, 0x786A, 0x786A, 0x786A, 0x786A, 0x786B, 0x786B, 0x786B, 0x786B, 0x786C, 0x788C, 0x788C,
    0x70C1, 0x70C1, 0x70A1, 0x70A1, 0x7081, 0x7081, 0x7081, 0x7082, 0x7082, 0x7883, 0x7884, 0x7885, 0x7886, 0x7887, 0x8087, 0x8088,
    0x7888, 0x7889, 0x7889, 0x7889, 0x786A, 0x786A, 0x786A, 0x786A, 0x786B, 0x786B, 0x786B, 0x786B, 0x788C, 0x788C, 0x788C, 0x78AC,
    0x7901, 0x78E1, 0x78C1, 0x78C1, 0x78A1, 0x70A1, 0x70A1, 0x70A2, 0x78A2, 0x78A3, 0x78A4, 0x78A5, 0x80A6, 0x80A7, 0x80A7, 0x80A8,
    0x80A9, 0x80A9, 0x8089, 0x788A, 0x788A, 0x788A, 0x788A, 0x788B, 0x788B, 0x788B, 0x788B, 0x788C, 0x788C, 0x788C, 0x78AC, 0x80ED,
    0x7921, 0x7901, 0x7901, 0x78E1, 0x78E1, 0x78C1, 0x78C1, 0x78C1, 0x78A2, 0x78A3, 0x80A4, 0x80C5, 0x80C6, 0x80C7, 0x80C8, 0x80C8,
    0x80C9, 0x80C9, 0x80AA, 0x80AA, 0x80AA, 0x80AA, 0x80AB, 0x80AB, 0x80AB, 0x80AB, 0x80AC, 0x80AC, 0x80AC, 0x80AC, 0x80ED, 0x812D,
    0x8141, 0x8141, 0x8121, 0x8101, 0x8101, 0x8101, 0x80E1, 0x80E1, 0x80E2, 0x80C3, 0x80C3, 0x80E5, 0x80E6, 0x80E7, 0x88E8, 0x88E8,
    0x88E9, 0x80E9, 0x80CA, 0x80CA, 0x80CA, 0x80CB, 0x80AB, 0x80AB, 0x80AB, 0x80AC, 0x80AC, 0x80AC, 0x80CC, 0x80ED, 0x892D, 0x896E,
    0x8981, 0x8961, 0x8961, 0x8941, 0x8941, 0x8921, 0x8921, 0x8122, 0x8102, 0x8102, 0x8103, 0x8904, 0x8905, 0x8907, 0x8908, 0x8908,
    0x8909, 0x890A, 0x890A, 0x890B, 0x88EB, 0x80EB, 0x80EB, 0x80EB, 0x80EC, 0x80EC, 0x80EC, 0x80EC, 0x890D, 0x892D, 0x896E, 0x91CE,
    0x89C1, 0x89A1, 0x8981, 0x8981, 0x8981, 0x8961, 0x8961, 0x8962, 0x8942, 0x8942, 0x8923, 0x8924, 0x8925, 0x8927, 0x8948, 0x9149,
    0x9149, 0x894A, 0x894B, 0x892B, 0x892B, 0x892B, 0x890C, 0x890C, 0x890C, 0x890C, 0x890D, 0x890D, 0x894D, 0x896E, 0x91CE, 0x9A2F,
    0x91E1, 0x91E1, 0x91E1, 0x91C1, 0x91C1, 0x91C1, 0x91A1, 0x91A2, 0x91A2, 0x9182, 0x9163, 0x9164, 0x9165, 0x9166, 0x9188, 0x9189,
    0x918A, 0x918A, 0x918B, 0x918B, 0x916C, 0x916C, 0x894C, 0x894C, 0x894D, 0x894D, 0x894D, 0x914D, 0x918E, 0x91CE, 0x9A2F, 0xA290,
    0x9A21, 0x9A21, 0x9A21, 0x9A01, 0xA201, 0xA201, 0xA202, 0xA202, 0xA1E2, 0x99E3, 0x99C3, 0x99A4, 0x99A5, 0x99A6, 0x99C8, 0x99C9,
    0x99CA, 0x99CB, 0x99CB, 0x99CC, 0x99AC, 0x91AC, 0x918D, 0x918D, 0x918D, 0x918D, 0x918E, 0x91AE, 0x99EF, 0x9A2F, 0xA290, 0xAAF1,
    0xA262, 0xA262, 0xA262, 0xAA62, 0xAA62, 0xAA62, 0xAA62, 0xAA42, 0xAA42, 0xAA43, 0xAA23, 0xA224, 0xA205, 0xA206, 0xA207, 0xA209,
    0xA22A, 0xA22B, 0xA22C, 0xA22C, 0x9A0D, 0x9A0D, 0x99ED, 0x99ED, 0x99EE, 0x99EE, 0x99EE, 0x9A0F, 0xA24F, 0xA290, 0xAAF1, 0xAB52,
    0xAAA2, 0xAAA2, 0xB2A2, 0xB2A2, 0xB2A2, 0xB2A2, 0xB2A2, 0xB2A2, 0xB2A3, 0xB2A3, 0xB2A4, 0xB285, 0xAA85, 0xAA66, 0xAA67, 0xAA69,
    0xAA6A, 0xAA8B, 0xAA8C, 0xAA8D, 0xA26D, 0xA26D, 0xA24E, 0xA22E, 0xA22E, 0xA22F, 0xA24F, 0xA270, 0xAAB0, 0xAAF1, 0xB352, 0xB3B3,
    0xB2E2, 0xB2E2, 0xB2E2, 0xBAE2, 0xBAE2, 0xBAE2, 0xBAE2, 0xBB03, 0xBB03, 0xBB04, 0xBB04, 0xBB05, 0xBAE6, 0xB2E7, 0xB2C8, 0xB2C9,
    0xB2CA, 0xB2CB, 0xB2CC, 0xB2CD, 0xAACE, 0xAAAE, 0xAAAE, 0xAAAF, 0xAAAF, 0xAAAF, 0xAAB0, 0xAAD0, 0xAB11, 0xB352, 0xB3B3, 0xBC14,
    0xBB22, 0xBB22, 0xBB22, 0xC322, 0xC322, 0xC342, 0xC342, 0xC343, 0xC343, 0xC344, 0xC364, 0xC366, 0xC367, 0xC348, 0xBB48, 0xBB29,
    0xBB2A, 0xBB2B, 0xBB2D, 0xB32D, 0xB32E, 0xB32F, 0xB30F, 0xB30F, 0xB310, 0xB310, 0xB311, 0xB331, 0xB372, 0xB3B3, 0xBC14, 0xBC74,
    0xC362, 0xC362, 0xC362, 0xCB62, 0xCB63, 0xCB83, 0xCB83, 0xCB83, 0xCB83, 0xCBA4, 0xCBA5, 0xCBA6, 0xCBC7, 0xCBC8, 0xCBA9, 0xC3AA,
    0xC38B, 0xC36C, 0xBB6D, 0xBB8E, 0xBB8F, 0xBB8F, 0xBB70, 0xB370, 0xB371, 0xB371, 0xB372, 0xBB92, 0xBBD3, 0xBC14, 0xBC54, 0xC4B5,
    0xC383, 0xCBA3, 0xCBA3, 0xCBA3, 0xD3A3, 0xD3A3, 0xD3C3, 0xD3C3, 0xD3C4, 0xD3E4, 0xD3E5, 0xD406, 0xD408, 0xD409, 0xD40A, 0xCC0B,
    0xCBEC, 0xC3EC, 0xC3CD, 0xC3CE, 0xC3CF, 0xC3F0, 0xBBD0, 0xBBD1, 0xBBD1, 0xBBD2, 0xBBD2, 0xBBF3, 0xBC34, 0xC474, 0xC4B5, 0xC4F6,
    0xCBC3, 0xCBC3, 0xD3C3, 0xD3E3, 0xD3E3, 0xD3E3, 0xD3E3, 0xD403, 0xD404, 0xD424, 0xD425, 0xD447, 0xD448, 0xD469, 0xD46B, 0xD46C,
    0xD46C, 0xD44D, 0xCC4E, 0xCC2E, 0xC42F, 0xC430, 0xC431, 0xC431, 0xC432, 0xC433, 0xC433, 0xC454, 0xC474, 0xC4B5, 0xC4F5, 0xC536,
    0xCBE3, 0xD3E3, 0xD403, 0xD403, 0xDC03, 0xDC23, 0xDC23, 0xDC24, 0xDC44, 0xDC45, 0xDC66, 0xDC87, 0xDC88, 0xDCAA, 0xDCAB, 0xDCAC,
    0xD4AD, 0xD4AE, 0xD4AE, 0xD48F, 0xCC6F, 0xCC70, 0xCC71, 0xC472, 0xC472, 0xC473, 0xC494, 0xC494, 0xC4B5, 0xC4F5, 0xC536, 0xC556,
    0xD403, 0xD403, 0xD423, 0xDC23, 0xDC23, 0xDC43, 0xDC44, 0xDC64, 0xDC64, 0xDC85, 0xDCA6, 0xDCA7, 0xDCC9, 0xDCCA, 0xDCEB, 0xDCED,
    0xDD0E, 0xDD0E, 0xDD0F, 0xD4F0, 0xD4F0, 0xD4D1, 0xCCB1, 0xCCB2, 0xCCB3, 0xCCD4, 0xCCD4, 0xCCD5, 0xCCF5, 0xCD36, 0xC556, 0xC577,
    0xD423, 0xD423, 0xD443, 0xDC43, 0xDC43, 0xDC64, 0xDC64, 0xDC84, 0xDCA5, 0xDCA5, 0xDCC6, 0xDCE8, 0xDCE9, 0xDD0A, 0xDD0C, 0xDD2D,
    0xDD2E, 0xDD4F, 0xDD50, 0xDD50, 0xD531, 0xD511, 0xD512, 0xD512, 0xCD13, 0xCD14, 0xCD15, 0xCD15, 0xCD36, 0xCD56, 0xCD77, 0xCDB7,
    0xD443, 0xD443, 0xD463, 0xDC64, 0xDC64, 0xDC84, 0xDC84, 0xDCA4, 0xDCC5, 0xDCC6, 0xDCE7, 0xE508, 0xE529, 0xE52B, 0xE54C, 0xE54D,
    0xE56E, 0xE56F, 0xDD70, 0xDD71, 0xDD71, 0xDD72, 0xD572, 0xD553, 0xD554, 0xD554, 0xCD55, 0xCD56, 0xCD76, 0xCD97, 0xCDB7, 0xCDD7,
    0xD463, 0xD463, 0xD464, 0xD484, 0xDC84, 0xDCA4, 0xDCA4, 0xDCC4, 0xE4E5, 0xE4E6, 0xE507, 0xE528, 0xE54A, 0xE54B, 0xE56C, 0xE56D,
    0xE58E, 0xE58F, 0xE590, 0xE5B1, 0xDDB1, 0xDDB2, 0xDDB3, 0xD593, 0xD594, 0xD595, 0xD596, 0xD596, 0xCD97, 0xCDB7, 0xCDD7, 0xCDF8,
    0xD464, 0xD484, 0xD484, 0xD484, 0xDCA4, 0xDCA4, 0xDCC4, 0xDCE5, 0xE505, 0xE506, 0xE527, 0xE549, 0xE54A, 0xE56B, 0xE56C, 0xE58D,
    0xE58E, 0xE5AF, 0xE5B0, 0xE5D1, 0xE5D2, 0xDDD2, 0xDDD3, 0xDDD4, 0xD5D4, 0xD5D5, 0xD5D6, 0xD5D7, 0xD5D7, 0xCDD7, 0xCDF8, 0xCE18,
    0xD484, 0xD484, 0xD4A4, 0xD4A4, 0xDCC4, 0xDCC4, 0xDCE4, 0xE505, 0xE525, 0xE527, 0xE548, 0xE569, 0xE56A, 0xE58C, 0xE58D, 0xE5AE,
    0xE5AE, 0xE5CF, 0xE5D0, 0xE5F1, 0xE5F2, 0xE5F2, 0xDE13, 0xDE14, 0xDE15, 0xD616, 0xD616, 0xD617, 0xD617, 0xCDF8, 0xCE18, 0xD638,
    0xD484, 0xD4A4, 0xD4A4, 0xDCC4, 0xDCE4, 0xDCE4, 0xDD04, 0xE525, 0xE546, 0xE547, 0xE568, 0xE58A, 0xE58B, 0xE5AC, 0xE5AD, 0xE5CE,
    0xE5CF, 0xE5EF, 0xE5F0, 0xE611, 0xE612, 0xE633, 0xE634, 0xDE35, 0xDE55, 0xDE56, 0xD657, 0xD637, 0xD638, 0xCE38, 0xD638, 0xD659,
    0xD4A4, 0xD4C4, 0xD4C4, 0xDCE4, 0xDCE4, 0xDD04, 0xE525, 0xE546, 0xE547, 0xE568, 0xE589, 0xE5AB, 0xE5AC, 0xE5CD, 0xE5CE, 0xE5EE,
    0xE5EF, 0xE5F0, 0xE611, 0xE611, 0xE632, 0xE633, 0xDE54, 0xDE55, 0xDE56, 0xDE76, 0xD677, 0xD677, 0xD658, 0xD658, 0xD679, 0xD679,
    0xD4C4, 0xD4C4, 0xD4E4, 0xDD04, 0xDD04, 0xE525, 0xE545, 0xE546, 0xE568, 0xE589, 0xE5AB, 0xE5AC, 0xE5CD, 0xE5CD, 0xE5EE, 0xE5EF,
    0xE610, 0xE610, 0xE611, 0xE632, 0xE633, 0xDE53, 0xDE54, 0xDE75, 0xDE76, 0xD676, 0xD697, 0xD697, 0xD698, 0xD699, 0xD699, 0xD699,
    0xD4E4, 0xD4E4, 0xDD04, 0xDD04, 0xE525, 0xE546, 0xE547, 0xE568, 0xE589, 0xE5AA, 0xE5AC, 0xE5CC, 0xE5CD, 0xE5EE, 0xE5EF, 0xE60F,
    0xE610, 0xE611, 0xDE32, 0xDE33, 0xDE53, 0xDE54, 0xDE75, 0xDE76, 0xD676, 0xD697, 0xD697, 0xD698, 0xD698, 0xD6B9, 0xD6B9, 0xD699,
    0xD4E4, 0xDD04, 0xDD04, 0xE525, 0xE545, 0xE567, 0xE588, 0xE589, 0xE5AB, 0xE5AC, 0xE5CD, 0xE5CD, 0xE5EE, 0xE5EF, 0xE60F, 0xDE10,
    0xDE11, 0xDE32, 0xDE33, 0xDE53, 0xDE54, 0xDE75, 0xD676, 0xD676, 0xD697, 0xD697, 0xD698, 0xD6B8, 0xD6B9, 0xD6B9, 0xD6B9, 0xD6BA,
    0x6061, 0x6061, 0x6061, 0x6061, 0x6061, 0x6862, 0x6862, 0x6863, 0x6863, 0x6864, 0x7065, 0x7065, 0x7066, 0x7066, 0x7067, 0x7067,
    0x7068, 0x7068, 0x7068, 0x7069, 0x7069, 0x7069, 0x7069, 0x706A, 0x706A, 0x706A, 0x706A, 0x706B, 0x706B, 0x706B, 0x706B, 0x706B,
    0x6061, 0x6061, 0x6061, 0x6061, 0x6861, 0x6861, 0x6862, 0x6862, 0x7063, 0x7064, 0x7065, 0x7065, 0x7066, 0x7066, 0x7867, 0x7868,
    0x7868, 0x7068, 0x7069, 0x7069, 0x7069, 0x7069, 0x706A, 0x706A, 0x706A, 0x706A, 0x706A, 0x706B, 0x706B, 0x706B, 0x706B, 0x706B,
    0x6881, 0x6861, 0x6861, 0x6861, 0x6861, 0x6861, 0x6862, 0x7062, 0x7063, 0x7064, 0x7064, 0x7865, 0x7866, 0x7867, 0x7867, 0x7868,
    0x7868, 0x7868, 0x7869, 0x7869, 0x7069, 0x7069, 0x706A, 0x706A, 0x706A, 0x786A, 0x786B, 0x786B, 0x786B, 0x786B, 0x786B, 0x786C,
    0x68A1, 0x6881, 0x6881, 0x6861, 0x6861, 0x6861, 0x7061, 0x7062, 0x7063, 0x7864, 0x7884, 0x7885, 0x7886, 0x7887, 0x7887, 0x7888,
    0x7888, 0x7869, 0x7869, 0x7869, 0x7869, 0x786A, 0x786A, 0x786A, 0x786A, 0x786B, 0x786B, 0x786B, 0x786B, 0x786B, 0x786C, 0x788C,
    0x70A1, 0x70A1, 0x7081, 0x7081, 0x7081, 0x7081, 0x7081, 0x7082, 0x7883, 0x7884, 0x7885, 0x7885, 0x7886, 0x8087, 0x8087, 0x8088,
    0x7888, 0x7889, 0x7889, 0x7869, 0x786A, 0x786A, 0x786A, 0x786A, 0x786B, 0x786B, 0x786B, 0x786B, 0x786B, 0x786B, 0x788C, 0x788C,
    0x78E1, 0x78C1, 0x70A1, 0x70A1, 0x70A1, 0x70A1, 0x70A1, 0x78A2, 0x78A3, 0x78A4, 0x78A4, 0x80A5, 0x80A6, 0x80A7, 0x80A8, 0x80A8,
    0x80A9, 0x80A9, 0x8089, 0x788A, 0x788A, 0x788A, 0x788A, 0x788A, 0x788B, 0x788B, 0x788B, 0x788B, 0x788C, 0x788C, 0x788C, 0x78AC,
    0x7901, 0x78E1, 0x78C1, 0x78C1, 0x78C1, 0x78C1, 0x78A1, 0x78A2, 0x78A2, 0x78A3, 0x80A4, 0x80C5, 0x80C6, 0x80C7, 0x80C8, 0x80C8,
    0x80C9, 0x80A9, 0x80AA, 0x80AA, 0x80AA, 0x808A, 0x808A, 0x808B, 0x808B, 0x808B, 0x808B, 0x808C, 0x808C, 0x788C, 0x80AC, 0x80CD,
    0x8121, 0x8101, 0x8101, 0x80E1, 0x80E1, 0x80E1, 0x80E1, 0x80E2, 0x80C2, 0x80C3, 0x80C4, 0x80E5, 0x80E6, 0x88E7, 0x88E8, 0x88E8,
    0x88E9, 0x80E9, 0x80CA, 0x80CA, 0x80CA, 0x80CB, 0x80AB, 0x80AB, 0x80AB, 0x80AB, 0x80AC, 0x80AC, 0x80AC, 0x80AC, 0x80ED, 0x892D,
    0x8141, 0x8141, 0x8121, 0x8121, 0x8121, 0x8101, 0x8101, 0x8102, 0x8102, 0x8103, 0x8104, 0x8905, 0x8906, 0x8907, 0x8908, 0x8909,
    0x8909, 0x890A, 0x890A, 0x88EB, 0x88EB, 0x80EB, 0x80EB, 0x80CB, 0x80CC, 0x80CC, 0x80CC, 0x80CC, 0x80CC, 0x80CD, 0x892D, 0x896E,
    0x8981, 0x8961, 0x8961, 0x8961, 0x8941, 0x8941, 0x8941, 0x8942, 0x8922, 0x8923, 0x8924, 0x8925, 0x8926, 0x8927, 0x8948, 0x9149,
    0x894A, 0x894A, 0x894B, 0x892B, 0x892B, 0x892B, 0x890C, 0x890C, 0x890C, 0x890C, 0x890C, 0x890D, 0x890D, 0x892D, 0x916E, 0x91CF,
    0x91C1, 0x91A1, 0x91A1, 0x9181, 0x9181, 0x9181, 0x9182, 0x9182, 0x9162, 0x9163, 0x8944, 0x9165, 0x9166, 0x9167, 0x9168, 0x9189,
    0x918A, 0x918A, 0x918B, 0x916B, 0x916C, 0x914C, 0x894C, 0x894C, 0x894C, 0x894D, 0x894D, 0x894D, 0x914D, 0x916E, 0x91CE, 0x9A2F,
    0x99E1, 0x99E1, 0x99E1, 0x99C1, 0x99C1, 0x99C1, 0x99C2, 0x99C2, 0x99C2, 0x99A3, 0x99A4, 0x91A5, 0x99A6, 0x99A7, 0x99C8, 0x99C9,
    0x99CA, 0x99CB, 0x99CB, 0x99CC, 0x99AC, 0x91AC, 0x918C, 0x918D, 0x918D, 0x918D, 0x918D, 0x918E, 0x91AE, 0x99CE, 0x9A2F, 0xA290,
    0xA221, 0xA221, 0xA221, 0xA221, 0xA221, 0xA222, 0xA222, 0xA222, 0xA223, 0xA203, 0xA204, 0xA1E5, 0xA1E6, 0xA1E7, 0xA208, 0xA20A,
    0xA22B, 0xA22B, 0xA22C, 0xA22C, 0x9A0D, 0x99ED, 0x99ED, 0x99CD, 0x99CD, 0x99CE, 0x99EE, 0x99EE, 0x9A0F, 0x9A2F, 0xA290, 0xAAF1,
    0xAA62, 0xAA62, 0xAA62, 0xAA62, 0xAA62, 0xAA62, 0xAA62, 0xAA62, 0xAA63, 0xAA64, 0xAA64, 0xAA65, 0xAA46, 0xAA47, 0xAA48, 0xAA6A,
    0xAA8B, 0xAA8C, 0xAA8C, 0xAA8D, 0xA26D, 0xA24D, 0xA24E, 0xA22E, 0xA22E, 0xA22E, 0xA22F, 0xA24F, 0xA270, 0xA290, 0xAAF1, 0xB352,
    0xAAA2, 0xB2A2, 0xB2A2, 0xB2A2, 0xB2A2, 0xB2A2, 0xB2C2, 0xB2C3, 0xBAC3, 0xBAC4, 0xB2C5, 0xB2C6, 0xB2C7, 0xB2A8, 0xB2A9, 0xB2CA,
    0xB2CB, 0xB2CC, 0xB2ED, 0xB2CD, 0xAACE, 0xAAAE, 0xAAAE, 0xAAAF, 0xAA8F, 0xAA8F, 0xAAB0, 0xAAB0, 0xAAD0, 0xAAF1, 0xB352, 0xB3B3,
    0xB2E2, 0xB2E2, 0xBAE2, 0xBAE2, 0xBB02, 0xBB02, 0xBB02, 0xC303, 0xC323, 0xC324, 0xC325, 0xC326, 0xBB27, 0xBB28, 0xBB29, 0xBB2A,
    0xBB2B, 0xBB2C, 0xBB2D, 0xB34E, 0xB32E, 0xB32F, 0xB30F, 0xB30F, 0xB310, 0xB310, 0xB310, 0xB311, 0xB331, 0xB352, 0xBBB3, 0xBC14,
    0xBB22, 0xBB22, 0xC322, 0xC322, 0xC342, 0xC342, 0xC343, 0xC363, 0xCB64, 0xCB65, 0xCB86, 0xCB87, 0xC388, 0xC389, 0xC38A, 0xC38B,
    0xC36C, 0xBB8D, 0xBB8D, 0xBB8E, 0xBB8F, 0xBB8F, 0xBB90, 0xB370, 0xB371, 0xB371, 0xB371, 0xB372, 0xBB92, 0xBBB3, 0xBC14, 0xC474,
    0xC362, 0xC362, 0xCB62, 0xCB62, 0xCB63, 0xCB83, 0xCB83, 0xCBA3, 0xCBA4, 0xCBC5, 0xCBC6, 0xCBC7, 0xCBE8, 0xCBEA, 0xCBEB, 0xCBEB,
    0xC3CC, 0xC3CD, 0xC3CE, 0xC3EF, 0xC3EF, 0xC3F0, 0xBBD0, 0xBBD1, 0xBBD1, 0xBBD2, 0xBBD2, 0xBBF3, 0xBBF3, 0xC414, 0xC454, 0xC4B5,
    0xCB83, 0xCB83, 0xCBA3, 0xCBA3, 0xD3A3, 0xD3A3, 0xD3C3, 0xD3C4, 0xD3E4, 0xD3E5, 0xD406, 0xD428, 0xD429, 0xD44A, 0xD44B, 0xD44C,
    0xCC2D, 0xCC2D, 0xCC2E, 0xC42F, 0xC430, 0xC430, 0xC431, 0xC431, 0xC432, 0xC432, 0xC433, 0xC433, 0xC454, 0xC474, 0xC4B5, 0xC4F6,
    0xCBC3, 0xD3C3, 0xD3C3, 0xD3C3, 0xD3E3, 0xD3E3, 0xD3E3, 0xD404, 0xD424, 0xD425, 0xD447, 0xD448, 0xD46A, 0xD48B, 0xD48C, 0xD48D,
    0xD48D, 0xD48E, 0xCC8F, 0xCC6F, 0xCC70, 0xCC71, 0xCC71, 0xCC72, 0xC472, 0xC473, 0xC473, 0xC494, 0xC494, 0xCCB5, 0xC4F5, 0xC536,
    0xD3E3, 0xD3E3, 0xD403, 0xD403, 0xDC03, 0xDC23, 0xDC24, 0xDC44, 0xDC45, 0xDC66, 0xDC67, 0xDC88, 0xDCAA, 0xDCAB, 0xDCCC, 0xDCCD,
    0xD4EE, 0xD4CF, 0xD4CF, 0xD4D0, 0xD4B0, 0xCCB1, 0xCCB2, 0xCCB2, 0xCCB3, 0xCCB3, 0xCCB4, 0xCCD4, 0xCCD5, 0xCCF5, 0xCD16, 0xCD56,
    0xD403, 0xD403, 0xDC23, 0xDC23, 0xDC23, 0xDC43, 0xDC44, 0xDC64, 0xDC85, 0xDC86, 0xDCA7, 0xDCC9, 0xDCCA, 0xDCEC, 0xDD0D, 0xDD0E,
    0xDD0F, 0xDD2F, 0xDD10, 0xD510, 0xD511, 0xD4F1, 0xD4F2, 0xCCF3, 0xCCF3, 0xCCF4, 0xCCF4, 0xCD15, 0xCD15, 0xCD36, 0xCD56, 0xCD97,
    0xD423, 0xD423, 0xDC43, 0xDC43, 0xDC43, 0xDC64, 0xDC64, 0xDC84, 0xDCA5, 0xDCC6, 0xDCC8, 0xDCE9, 0xDD0A, 0xDD0C, 0xDD2D, 0xDD4E,
    0xDD4F, 0xDD50, 0xDD50, 0xDD51, 0xDD51, 0xD532, 0xD532, 0xD533, 0xD534, 0xD534, 0xCD35, 0xCD35, 0xCD56, 0xCD56, 0xCD77, 0xCDB7,
    0xD443, 0xD443, 0xDC43, 0xDC64, 0xDC64, 0xDC84, 0xDC84, 0xDCA5, 0xDCC5, 0xDCE7, 0xDCE8, 0xDD09, 0xDD2B, 0xE52C, 0xE54D, 0xE54E,
    0xE56F, 0xDD70, 0xDD71, 0xDD91, 0xDD92, 0xDD92, 0xD573, 0xD573, 0xD554, 0xD555, 0xD555, 0xD576, 0xD576, 0xCD97, 0xCDB7, 0xCDD7,
    0xD463, 0xD463, 0xD464, 0xDC84, 0xDC84, 0xDCA4, 0xDCA4, 0xE4C5, 0xE4E6, 0xE507, 0xE508, 0xE529, 0xE54B, 0xE54C, 0xE56D, 0xE56E,
    0xE58F, 0xE590, 0xE5B1, 0xDDB1, 0xDDB2, 0xDDB3, 0xDDB3, 0xDD94, 0xD594, 0xD595, 0xD595, 0xD596, 0xD5B6, 0xD5B7, 0xD5D7, 0xD5F8,
    0xD463, 0xD464, 0xD484, 0xDC84, 0xDCA4, 0xDCA4, 0xDCC4, 0xE4E5, 0xE506, 0xE527, 0xE528, 0xE54A, 0xE54B, 0xE56C, 0xE56D, 0xE58E,
    0xE58F, 0xE5B0, 0xE5B1, 0xE5D2, 0xE5D2, 0xDDD3, 0xDDD3, 0xDDD4, 0xDDD5, 0xD5D5, 0xD5D6, 0xD5D6, 0xD5D7, 0xD5D7, 0xD5F8, 0xD618,
    0xD484, 0xD484, 0xD484, 0xDCA4, 0xDCC4, 0xDCC4, 0xE4E4, 0xE505, 0xE526, 0xE548, 0xE549, 0xE56A, 0xE56B, 0xE58C, 0xE58D, 0xE5AE,
    0xE5AF, 0xE5D0, 0xE5D1, 0xE5F2, 0xE5F2, 0xE5F3, 0xDE14, 0xDE14, 0xDE15, 0xDDF5, 0xD5F6, 0xD5F7, 0xD617, 0xD618, 0xD638, 0xD638,
    0xD484, 0xD4A4, 0xD4A4, 0xDCC4, 0xDCC4, 0xDCE4, 0xE505, 0xE525, 0xE547, 0xE548, 0xE569, 0xE58B, 0xE58C, 0xE5AD, 0xE5AD, 0xE5AE,
    0xE5CF, 0xE5D0, 0xE5F1, 0xE5F2, 0xE612, 0xE613, 0xE634, 0xDE35, 0xDE35, 0xDE36, 0xDE36, 0xDE37, 0xD637, 0xD638, 0xD659, 0xD659,
    0xD4A4, 0xD4A4, 0xD4C4, 0xDCE4, 0xDCE4, 0xE504, 0xE525, 0xE526, 0xE547, 0xE568, 0xE58A, 0xE58B, 0xE5AC, 0xE5CD, 0xE5CE, 0xE5EF,
    0xE5EF, 0xE5F0, 0xE611, 0xE612, 0xE632, 0xE633, 0xE654, 0xE655, 0xDE56, 0xDE56, 0xDE57, 0xDE77, 0xDE78, 0xD678, 0xD679, 0xD679,
    0xD4C4, 0xD4C4, 0xD4E4, 0xDCE4, 0xDD04, 0xE525, 0xE525, 0xE546, 0xE567, 0xE589, 0xE5AA, 0xE5AC, 0xE5CD, 0xE5CD, 0xE5EE, 0xE60F,
    0xE610, 0xE610, 0xE631, 0xE632, 0xE633, 0xE653, 0xE654, 0xE675, 0xDE76, 0xDE97, 0xDE97, 0xDE98, 0xDE98, 0xD699, 0xD699, 0xD699,
    0xD4E4, 0xDCE4, 0xDCE4, 0xDD04, 0xE525, 0xE545, 0xE546, 0xE568, 0xE589, 0xE5AA, 0xE5AC, 0xE5CD, 0xE5CD, 0xE5EE, 0xE5EF, 0xE60F,
    0xE610, 0xE631, 0xE632, 0xE633, 0xE653, 0xDE54, 0xDE75, 0xDE76, 0xDE96, 0xDE97, 0xDE98, 0xDEB8, 0xDEB9, 0xDEB9, 0xDEB9, 0xDEB9,
    0xD4E4, 0xDD04, 0xDD04, 0xE525, 0xE545, 0xE546, 0xE568, 0xE589, 0xE5AB, 0xE5AC, 0xE5CD, 0xE5CD, 0xE5EE, 0xE5EF, 0xE60F, 0xE610,
    0xE611, 0xE632, 0xDE32, 0xDE53, 0xDE74, 0xDE75, 0xDE76, 0xDE96, 0xDE97, 0xDE97, 0xDEB8, 0xDEB8, 0xDEB9, 0xDEB9, 0xDEB9, 0xDEBA,
    0x6061, 0x6061, 0x6061, 0x6061, 0x6861, 0x6862, 0x6862, 0x6863, 0x7064, 0x7064, 0x7065, 0x7065, 0x7066, 0x7867, 0x7867, 0x7868,
    0x7868, 0x7068, 0x7069, 0x7069, 0x7069, 0x7069, 0x7069, 0x706A, 0x706A, 0x706A, 0x706A, 0x706B, 0x706B, 0x706B, 0x706B, 0x706B,
    0x6861, 0x6861, 0x6861, 0x6861, 0x6861, 0x6862, 0x7062, 0x7063, 0x7063, 0x7064, 0x7865, 0x7865, 0x7866, 0x7867, 0x7867, 0x7868,
    0x7868, 0x7868, 0x7869, 0x7869, 0x7069, 0x7069, 0x706A, 0x706A, 0x706A, 0x786A, 0x786A, 0x786B, 0x786B, 0x786B, 0x786B, 0x786B,
    0x6881, 0x6881, 0x6861, 0x6861, 0x6861, 0x7061, 0x7062, 0x7063, 0x7063, 0x7864, 0x7885, 0x7886, 0x7886, 0x7887, 0x7887, 0x7888,
    0x7888, 0x7869, 0x7869, 0x7869, 0x7869, 0x786A, 0x786A, 0x786A, 0x786A, 0x786A, 0x786B, 0x786B, 0x786B, 0x786B, 0x786B, 0x786C,
    0x70A1, 0x7081, 0x7081, 0x7081, 0x7081, 0x7081, 0x7082, 0x7083, 0x7883, 0x7884, 0x7885, 0x7886, 0x7886, 0x8087, 0x8088, 0x8088,
    0x7888, 0x7889, 0x7889, 0x7889, 0x786A, 0x786A, 0x786A, 0x786A, 0x786A, 0x786B, 0x786B, 0x786B, 0x786B, 0x786B, 0x788C, 0x788C,
    0x70A1, 0x70A1, 0x70A1, 0x70A1, 0x70A1, 0x70A1, 0x78A2, 0x78A3, 0x78A3, 0x78A4, 0x80A5, 0x80A6, 0x80A7, 0x80A7, 0x80A8, 0x80A8,
    0x80A9, 0x80A9, 0x8089, 0x788A, 0x788A, 0x788A, 0x788A, 0x788A, 0x788B, 0x788B, 0x788B, 0x788B, 0x788B, 0x788C, 0x788C, 0x788C,
    0x78E1, 0x78C1, 0x78C1, 0x78C1, 0x78C1, 0x78C1, 0x78A2, 0x78A2, 0x78A3, 0x80C4, 0x80C5, 0x80C6, 0x80C7, 0x80C7, 0x80C8, 0x80C8,
    0x80C9, 0x80C9, 0x80AA, 0x80AA, 0x80AA, 0x80AA, 0x80AA, 0x808B, 0x808B, 0x808B, 0x80AB, 0x80AB, 0x808C, 0x808C, 0x80AC, 0x80AC,
    0x8101, 0x80E1, 0x80E1, 0x80E1, 0x80E1, 0x78E1, 0x78C2, 0x80C2, 0x80C3, 0x80C4, 0x80E5, 0x80E6, 0x80E7, 0x88E8, 0x88E8, 0x88E9,
    0x80E9, 0x80EA, 0x80CA, 0x80CA, 0x80CA, 0x80CB, 0x80AB, 0x80AB, 0x80AB, 0x80AB, 0x80AC, 0x80AC, 0x80AC, 0x80AC, 0x80CC, 0x80CD,
    0x8121, 0x8121, 0x8101, 0x8101, 0x8101, 0x8101, 0x8102, 0x8102, 0x80E3, 0x8104, 0x8905, 0x8906, 0x8907, 0x8908, 0x8908, 0x8909,
    0x8909, 0x890A, 0x890A, 0x890B, 0x88EB, 0x80EB, 0x80EB, 0x80EB, 0x80CB, 0x80CC, 0x80CC, 0x80EC, 0x80EC, 0x80EC, 0x88ED, 0x890D,
    0x8941, 0x8941, 0x8941, 0x8941, 0x8941, 0x8942, 0x8922, 0x8922, 0x8923, 0x8924, 0x8925, 0x8926, 0x8927, 0x8948, 0x8949, 0x9149,
    0x894A, 0x894A, 0x894B, 0x892B, 0x892B, 0x892B, 0x890B, 0x890C, 0x890C, 0x890C, 0x890C, 0x890C, 0x890D, 0x890D, 0x892D, 0x896E,
    0x8981, 0x8981, 0x8981, 0x9161, 0x9161, 0x9162, 0x9162, 0x9162, 0x8963, 0x8964, 0x9165, 0x9166, 0x9167, 0x9188, 0x9189, 0x918A,
    0x918A, 0x918B, 0x918B, 0x918B, 0x916C, 0x916C, 0x894C, 0x894C, 0x894C, 0x894C, 0x894D, 0x894D, 0x894D, 0x914D, 0x918E, 0x91CE,
    0x91C1, 0x91A1, 0x91A1, 0x91A1, 0x91A1, 0x99A2, 0x99A2, 0x99A2, 0x99A3, 0x91A4, 0x91A4, 0x99A6, 0x99A7, 0x99C8, 0x99C9, 0x99CA,
    0x99CB, 0x99CB, 0x99CC, 0x99CC, 0x99AC, 0x91AC, 0x918C, 0x918D, 0x918D, 0x918D, 0x918D, 0x918D, 0x91AE, 0x91AE, 0x99EF, 0x9A2F,
    0x99E1, 0x99E1, 0x99E1, 0x99E1, 0x9A02, 0xA202, 0xA202, 0xA203, 0xA203, 0xA1E4, 0xA1E5, 0xA1E6, 0xA207, 0xA208, 0xA229, 0xA22A,
    0xA22B, 0xA22C, 0xA22C, 0xA22C, 0x9A0D, 0x9A0D, 0x99ED, 0x99ED, 0x99CD, 0x99CD, 0x99EE, 0x99EE, 0x99EE, 0x9A0F, 0xA24F, 0xA290,
    0xA221, 0xA221, 0xA222, 0xA242, 0xA242, 0xAA42, 0xAA42, 0xAA43, 0xAA44, 0xAA44, 0xAA45, 0xAA46, 0xAA47, 0xAA68, 0xAA6A, 0xAA8B,
    0xAA8B, 0xAA8C, 0xAA8D, 0xAA8D, 0xA26D, 0xA26D, 0xA24E, 0xA24E, 0xA22E, 0xA22E, 0xA22F, 0xA24F, 0xA24F, 0xA270, 0xAAB0, 0xAAF1,
    0xAA82, 0xAA82, 0xAA82, 0xAA82, 0xB282, 0xB282, 0xB2A3, 0xB2A3, 0xB2A4, 0xB2A5, 0xB2A6, 0xB2A7, 0xB2A8, 0xB2A9, 0xB2CA, 0xB2CB,
    0xB2CC, 0xB2ED, 0xB2ED, 0xB2CE, 0xAACE, 0xAACE, 0xAAAE, 0xAAAF, 0xAAAF, 0xAA8F, 0xAAAF, 0xAAB0, 0xAAB0, 0xAAD1, 0xB311, 0xB352,
    0xB2A2, 0xB2A2, 0xB2C2, 0xB2C2, 0xB2C2, 0xBAE2, 0xBAE3, 0xBAE3, 0xBAE4, 0xBB05, 0xBB06, 0xBB07, 0xBB08, 0xBB09, 0xBB0A, 0xBB2B,
    0xBB2C, 0xBB2D, 0xB32E, 0xB32E, 0xB32F, 0xB32F, 0xB30F, 0xB30F, 0xB310, 0xB310, 0xB310, 0xB311, 0xB331, 0xB331, 0xB372, 0xBBB3,
    0xBAE2, 0xBAE2, 0xBB02, 0xBB02, 0xBB02, 0xC323, 0xC323, 0xC344, 0xC344, 0xC346, 0xC367, 0xC368, 0xC369, 0xC36A, 0xC36B, 0xC36C,
    0xBB8C, 0xBB8D, 0xBB8E, 0xBB8F, 0xBB8F, 0xBB90, 0xBB70, 0xB370, 0xB371, 0xB371, 0xB371, 0xB371, 0xBB92, 0xBBB2, 0xBBD3, 0xBC14,
    0xBB22, 0xC322, 0xC322, 0xC342, 0xC343, 0xC363, 0xCB63, 0xCB84, 0xCB85, 0xCBA6, 0xCBA7, 0xCBC8, 0xCBC9, 0xCBCA, 0xCBCB, 0xC3CC,
    0xC3CD, 0xC3CE, 0xC3CE, 0xC3EF, 0xC3F0, 0xC3D0, 0xBBD1, 0xBBD1, 0xBBD1, 0xBBD2, 0xBBD2, 0xBBD2, 0xBBF3, 0xBBF3, 0xC434, 0xC474,
    0xC362, 0xC362, 0xCB62, 0xCB63, 0xCB83, 0xCB83, 0xCBA3, 0xCBA4, 0xD3C5, 0xD3E6, 0xD3E8, 0xD409, 0xD40A, 0xCC2B, 0xCC2C, 0xCC2D,
    0xCC2D, 0xCC2E, 0xCC2F, 0xC430, 0xC430, 0xC431, 0xC431, 0xC431, 0xC432, 0xC432, 0xC433, 0xC433, 0xC433, 0xC454, 0xC474, 0xC4B5,
    0xCB83, 0xCB83, 0xCBA3, 0xD3A3, 0xD3A3, 0xD3C3, 0xD3C4, 0xD3E4, 0xD405, 0xD407, 0xD428, 0xD449, 0xD44A, 0xD46C, 0xD46D, 0xD46D,
    0xD46E, 0xCC6F, 0xCC6F, 0xCC70, 0xCC71, 0xCC71, 0xCC72, 0xC472, 0xC472, 0xC473, 0xC473, 0xC474, 0xC494, 0xC495, 0xC4B5, 0xCCF6,
    0xCBC3, 0xD3C3, 0xD3C3, 0xD3C3, 0xD3E3, 0xD3E3, 0xD404, 0xD424, 0xD425, 0xD447, 0xD468, 0xD46A, 0xD48B, 0xD4AC, 0xD4AD, 0xD4AE,
    0xD4AE, 0xD4AF, 0xD4B0, 0xCCB0, 0xCCB1, 0xCCB2, 0xCCB2, 0xCCB3, 0xCCB3, 0xCCB3, 0xCCB4, 0xCCD4, 0xCCD5, 0xCCD5, 0xCCF6, 0xCD36,
    0xD3E3, 0xD3E3, 0xD3E3, 0xD403, 0xDC03, 0xDC24, 0xDC24, 0xDC45, 0xDC66, 0xDC67, 0xDC88, 0xDCAA, 0xDCCB, 0xDCCD, 0xDCED, 0xDCEE,
    0xDCEF, 0xD4F0, 0xD4F0, 0xD4F1, 0xD4F1, 0xD4F2, 0xCCF2, 0xCCF3, 0xCCF3, 0xCCF4, 0xCCF4, 0xCCF5, 0xCD15, 0xCD16, 0xCD36, 0xCD56,
    0xD403, 0xD403, 0xDC23, 0xDC23, 0xDC43, 0xDC44, 0xDC64, 0xDC65, 0xDC86, 0xDCA7, 0xDCC9, 0xDCCA, 0xDCEC, 0xDD0D, 0xDD0E, 0xDD2F,
    0xDD2F, 0xDD30, 0xDD31, 0xD531, 0xD532, 0xD532, 0xD533, 0xD533, 0xD534, 0xCD34, 0xCD35, 0xCD35, 0xCD36, 0xCD56, 0xCD76, 0xCD97,
    0xD423, 0xDC23, 0xDC43, 0xDC43, 0xDC64, 0xDC64, 0xDC84, 0xDCA5, 0xDCA6, 0xDCC8, 0xDCE9, 0xDD0A, 0xDD0C, 0xDD2D, 0xDD4E, 0xDD4F,
    0xDD50, 0xDD70, 0xDD71, 0xDD72, 0xDD72, 0xD573, 0xD553, 0xD554, 0xD554, 0xD555, 0xD555, 0xD576, 0xD576, 0xCD76, 0xCD97, 0xCDB7,
    0xD443, 0xDC43, 0xDC43, 0xDC64, 0xDC84, 0xDC84, 0xDCA5, 0xDCC6, 0xDCC7, 0xDCE8, 0xDD09, 0xDD2B, 0xE52C, 0xE54D, 0xE54E, 0xE56F,
    0xE570, 0xDD91, 0xDD91, 0xDD92, 0xDD92, 0xDD93, 0xD594, 0xD594, 0xD595, 0xD595, 0xD596, 0xD596, 0xD596, 0xD5B7, 0xD5B7, 0xD5D7,
    0xD443, 0xDC63, 0xDC64, 0xDC84, 0xDC84, 0xDCA4, 0xDCC5, 0xE4C6, 0xE4E7, 0xE508, 0xE529, 0xE52B, 0xE54C, 0xE56D, 0xE56E, 0xE58F,
    0xE590, 0xE591, 0xDDB1, 0xDDB2, 0xDDB3, 0xDDD3, 0xDDD4, 0xD5B4, 0xD5B5, 0xD5B5, 0xD5B6, 0xD5B6, 0xD5D7, 0xD5D7, 0xD5F7, 0xD5F8,
    0xD464, 0xD464, 0xDC84, 0xDC84, 0xDCA4, 0xDCC4, 0xDCC5, 0xE4E6, 0xE507, 0xE528, 0xE54A, 0xE54B, 0xE56C, 0xE56D, 0xE58E, 0xE58F,
    0xE5B0, 0xE5B1, 0xE5D1, 0xE5D2, 0xDDD3, 0xDDF4, 0xDDF4, 0xDDF5, 0xDDF5, 0xD5F6, 0xD5F6, 0xD5F7, 0xD5F7, 0xD5F8, 0xD618, 0xD638,
    0xD484, 0xD484, 0xDC84, 0xDCA4, 0xDCC4, 0xDCC4, 0xE4E5, 0xE506, 0xE527, 0xE549, 0xE54A, 0xE56B, 0xE56C, 0xE58D, 0xE58E, 0xE5AF,
    0xE5B0, 0xE5D1, 0xE5D2, 0xE5F2, 0xE5F3, 0xDE14, 0xDE14, 0xDE15, 0xDE16, 0xDE16, 0xDE16, 0xD617, 0xD617, 0xD638, 0xD638, 0xD659,
    0xD484, 0xD4A4, 0xDCA4, 0xDCC4, 0xDCC4, 0xE4E5, 0xE505, 0xE526, 0xE548, 0xE549, 0xE56A, 0xE58B, 0xE58D, 0xE5AD, 0xE5AE, 0xE5CF,
    0xE5D0, 0xE5D1, 0xE5F2, 0xE5F2, 0xE613, 0xE614, 0xDE35, 0xDE35, 0xDE36, 0xDE36, 0xDE37, 0xDE57, 0xDE58, 0xDE58, 0xDE59, 0xD679,
    0xD4A4, 0xD4A4, 0xDCC4, 0xDCC4, 0xDCE4, 0xE505, 0xE526, 0xE547, 0xE548, 0xE569, 0xE58B, 0xE58C, 0xE5AD, 0xE5AE, 0xE5CF, 0xE5CF,
    0xE5F0, 0xE5F1, 0xE612, 0xE612, 0xE633, 0xE634, 0xDE35, 0xDE55, 0xDE56, 0xDE57, 0xDE57, 0xDE78, 0xDE78, 0xDE79, 0xDE79, 0xDE79,
    0xD4A4, 0xD4C4, 0xDCE4, 0xDCE4, 0xE504, 0xE525, 0xE546, 0xE547, 0xE568, 0xE58A, 0xE5AB, 0xE5AC, 0xE5CD, 0xE5CE, 0xE5EF, 0xE5EF,
    0xE610, 0xE611, 0xE612, 0xE632, 0xE633, 0xE654, 0xE655, 0xDE76, 0xDE76, 0xDE77, 0xDE97, 0xDE98, 0xDE98, 0xDE99, 0xDE99, 0xDE99,
    0xD4C4, 0xDCE4, 0xDCE4, 0xDD04, 0xE525, 0xE546, 0xE547, 0xE568, 0xE58A, 0xE5AB, 0xE5AC, 0xE5CD, 0xE5CE, 0xE5EE, 0xE5EF, 0xE610,
    0xE611, 0xE611, 0xE632, 0xE633, 0xE654, 0xE655, 0xDE75, 0xDE76, 0xDE97, 0xDE97, 0xDE98, 0xDE98, 0xDEB9, 0xDEB9, 0xDEB9, 0xDEBA,
    0xD4E4, 0xDCE4, 0xDD04, 0xE525, 0xE525, 0xE546, 0xE568, 0xE589, 0xE5AB, 0xE5AC, 0xE5CD, 0xE5CD, 0xE5EE, 0xE5EF, 0xE60F, 0xE610,
    0xE611, 0xE632, 0xE632, 0xE653, 0xE654, 0xDE75, 0xDE76, 0xDE96, 0xDE97, 0xDE98, 0xDEB8, 0xDEB9, 0xDEB9, 0xDEB9, 0xDEBA, 0xDEDA,
    0x6061, 0x6861, 0x6861, 0x6861, 0x6861, 0x6862, 0x7062, 0x7063, 0x7064, 0x7064, 0x7865, 0x7866, 0x7866, 0x7867, 0x7867, 0x7868,
    0x7868, 0x7868, 0x7869, 0x7869, 0x7869, 0x7069, 0x7069, 0x706A, 0x706A, 0x706A, 0x786A, 0x786A, 0x786B, 0x786B, 0x786B, 0x786B,
    0x6861, 0x6861, 0x6861, 0x6861, 0x6861, 0x7062, 0x7062, 0x7063, 0x7864, 0x7864, 0x7885, 0x7886, 0x7886, 0x7887, 0x7888, 0x7888,
    0x7868, 0x7869, 0x7869, 0x7869, 0x7869, 0x7869, 0x786A, 0x786A, 0x786A, 0x786A, 0x786A, 0x786B, 0x786B, 0x786B, 0x786B, 0x786B,
    0x7081, 0x7081, 0x7081, 0x7081, 0x7081, 0x7082, 0x7082, 0x7883, 0x7884, 0x7884, 0x7885, 0x7886, 0x8087, 0x8087, 0x8088, 0x8088,
    0x7888, 0x7889, 0x7889, 0x7869, 0x7869, 0x786A, 0x786A, 0x786A, 0x786A, 0x786A, 0x786B, 0x786B, 0x786B, 0x786B, 0x786B, 0x786B,
    0x70A1, 0x70A1, 0x70A1, 0x70A1, 0x70A1, 0x78A2, 0x78A2, 0x78A3, 0x78A4, 0x78A5, 0x80A5, 0x80A6, 0x80A7, 0x80A7, 0x80A8, 0x80A8,
    0x80A9, 0x80A9, 0x8089, 0x788A, 0x788A, 0x788A, 0x788A, 0x788A, 0x788A, 0x788B, 0x788B, 0x788B, 0x788B, 0x788B, 0x788C, 0x788C,
    0x78C1, 0x78C1, 0x78C1, 0x78C1, 0x78C1, 0x78A2, 0x78A2, 0x78A3, 0x80A4, 0x80C5, 0x80C5, 0x80C6, 0x80C7, 0x80C8, 0x80C8, 0x80C8,
    0x80A9, 0x80A9, 0x80AA, 0x80AA, 0x80AA, 0x808A, 0x808A, 0x808A, 0x808B, 0x808B, 0x808B, 0x808B, 0x808B, 0x808C, 0x788C, 0x788C,
    0x78E1, 0x78E1, 0x78E1, 0x78E1, 0x78E1, 0x80C2, 0x80C2, 0x80C3, 0x80C4, 0x80E5, 0x80E6, 0x80E6, 0x80E7, 0x88E8, 0x88E8, 0x88E9,
    0x80E9, 0x80EA, 0x80CA, 0x80CA, 0x80CA, 0x80CA, 0x80AB, 0x80AB, 0x80AB, 0x80AB, 0x80AB, 0x80AC, 0x80AC, 0x80AC, 0x80AC, 0x80AC,
    0x8101, 0x8101, 0x8101, 0x8101, 0x8101, 0x8102, 0x80E2, 0x80E3, 0x8104, 0x8905, 0x8906, 0x8907, 0x8907, 0x8908, 0x8909, 0x8909,
    0x8909, 0x890A, 0x890A, 0x88EA, 0x88EB, 0x80EB, 0x80EB, 0x80CB, 0x80CB, 0x80CC, 0x80CC, 0x80CC, 0x80CC, 0x80CC, 0x80CC, 0x80CD,
    0x8121, 0x8921, 0x8921, 0x8921, 0x8921, 0x8922, 0x8922, 0x8923, 0x8923, 0x8924, 0x8926, 0x8927, 0x8928, 0x8948, 0x8949, 0x8949,
    0x894A, 0x894A, 0x894B, 0x892B, 0x892B, 0x892B, 0x890B, 0x890C, 0x890C, 0x890C, 0x890C, 0x890C, 0x890C, 0x890D, 0x890D, 0x890D,
    0x8941, 0x8961, 0x8961, 0x8961, 0x8961, 0x8962, 0x8962, 0x8943, 0x8943, 0x8944, 0x9166, 0x9167, 0x9168, 0x9168, 0x9169, 0x918A,
    0x918A, 0x918B, 0x916B, 0x916B, 0x916C, 0x894C, 0x894C, 0x894C, 0x892C, 0x892C, 0x892C, 0x894D, 0x894D, 0x894D, 0x914D, 0x916E,
    0x9181, 0x9181, 0x9181, 0x91A1, 0x91A2, 0x91A2, 0x91A2, 0x9183, 0x9184, 0x9184, 0x9185, 0x99A7, 0x99A8, 0x99C9, 0x99CA, 0x99CA,
    0x99CB, 0x99CB, 0x99CC, 0x99CC, 0x91AC, 0x91AC, 0x918C, 0x918C, 0x918D, 0x916D, 0x918D, 0x918D, 0x918D, 0x91AE, 0x91AE, 0x99AE,
    0x91C1, 0x99C1, 0x99C1, 0x99C1, 0x99E2, 0x99E2, 0x99E2, 0x99E3, 0x99E4, 0x99E5, 0x99E6, 0xA1E7, 0xA208, 0xA209, 0xA22A, 0xA22B,
    0xA22B, 0xA22C, 0xA22C, 0xA20C, 0x9A0D, 0x99ED, 0x99ED, 0x99CD, 0x99CD, 0x99CD, 0x99CD, 0x99CE, 0x99EE, 0x99EE, 0x9A0F, 0x9A0F,
    0x99E1, 0xA201, 0xA201, 0xA202, 0xA222, 0xA222, 0xA223, 0xAA23, 0xAA44, 0xAA25, 0xAA46, 0xAA47, 0xAA68, 0xAA69, 0xAA8A, 0xAA8B,
    0xAA8C, 0xAA8C, 0xAA8D, 0xAA8D, 0xA26D, 0xA26D, 0xA24E, 0xA24E, 0xA22E, 0xA22E, 0xA22E, 0xA22F, 0xA24F, 0xA24F, 0xA270, 0xA290,
    0xA221, 0xA242, 0xAA42, 0xAA62, 0xAA62, 0xAA62, 0xB283, 0xB284, 0xB284, 0xB285, 0xB2A6, 0xB2A8, 0xB2A9, 0xB2CA, 0xB2CB, 0xB2CC,
    0xB2EC, 0xB2ED, 0xB2ED, 0xB2CE, 0xAACE, 0xAAAE, 0xAAAE, 0xAAAF, 0xAAAF, 0xAA8F, 0xAA8F, 0xAAAF, 0xAAB0, 0xAAB0, 0xAAD1, 0xAAF1,
    0xAA82, 0xAA82, 0xB2A2, 0xB2A2, 0xB2A2, 0xB2C3, 0xB2C3, 0xBAC4, 0xBAE5, 0xBAE6, 0xBAE7, 0xBB08, 0xBB09, 0xBB2A, 0xBB2B, 0xBB2C,
    0xBB2D, 0xBB4D, 0xBB4E, 0xB34E, 0xB32F, 0xB32F, 0xB30F, 0xB30F, 0xB310, 0xB310, 0xB310, 0xB311, 0xB311, 0xB331, 0xB331, 0xB352,
    0xB2C2, 0xB2C2, 0xBAC2, 0xBAE2, 0xBAE2, 0xBB03, 0xBB03, 0xC324, 0xC325, 0xC326, 0xC348, 0xC349, 0xC36A, 0xC36B, 0xC38C, 0xBB8C,
    0xBB8D, 0xBB8E, 0xBB8E, 0xBB8F, 0xBB8F, 0xBB90, 0xBB90, 0xBB70, 0xB371, 0xB371, 0xB371, 0xB371, 0xBB92, 0xBB92, 0xBBB2, 0xBBB3,
    0xBB02, 0xBB02, 0xBB02, 0xC322, 0xC323, 0xC343, 0xC344, 0xC365, 0xC366, 0xC387, 0xC388, 0xCBA9, 0xCBAA, 0xC3CB, 0xC3CC, 0xC3CD,
    0xC3EE, 0xC3EE, 0xC3EF, 0xC3EF, 0xC3F0, 0xC3F0, 0xBBD1, 0xBBD1, 0xBBD1, 0xBBD2, 0xBBD2, 0xBBD2, 0xBBF3, 0xBBF3, 0xBBF3, 0xC414,
    0xC322, 0xC342, 0xC342, 0xC343, 0xCB63, 0xCB63, 0xCB84, 0xCBA5, 0xCBA6, 0xCBC7, 0xCBC8, 0xCBEA, 0xCC0B, 0xCC0C, 0xCC0D, 0xCC2D,
    0xCC2E, 0xCC2F, 0xC42F, 0xC430, 0xC430, 0xC431, 0xC431, 0xC431, 0xC432, 0xC432, 0xC433, 0xC433, 0xC433, 0xC454, 0xC454, 0xC474,
    0xC362, 0xCB62, 0xCB63, 0xCB83, 0xCB83, 0xCBA3, 0xD3A4, 0xD3C5, 0xD3E6, 0xD408, 0xD409, 0xD42A, 0xD44B, 0xD44C, 0xD46D, 0xCC6E,
    0xCC6F, 0xCC6F, 0xCC70, 0xCC70, 0xCC71, 0xCC71, 0xCC72, 0xCC72, 0xC472, 0xC473, 0xC473, 0xC474, 0xC494, 0xCC94, 0xCC95, 0xCCB5,
    0xCB83, 0xCB83, 0xCBA3, 0xD3A3, 0xD3C3, 0xD3C3, 0xD3E4, 0xD405, 0xD426, 0xD428, 0xD449, 0xD46B, 0xD48C, 0xD48D, 0xD4AE, 0xD4AE,
    0xD4AF, 0xD4B0, 0xD4B0, 0xCCB1, 0xCCB1, 0xCCB2, 0xCCB2, 0xCCB3, 0xCCB3, 0xCCB3, 0xCCB4, 0xCCD4, 0xCCD4, 0xCCD5, 0xCCD5, 0xCCF6,
    0xD3C3, 0xD3C3, 0xD3C3, 0xD3E3, 0xD3E3, 0xD404, 0xD404, 0xD425, 0xD447, 0xD468, 0xD48A, 0xD4AB, 0xDCAC, 0xDCCD, 0xD4CE, 0xD4EF,
    0xD4EF, 0xD4F0, 0xD4F1, 0xD4F1, 0xD4F2, 0xD4F2, 0xCCF3, 0xCCF3, 0xCCF4, 0xCCF4, 0xCCF4, 0xCCF5, 0xCD15, 0xCD15, 0xCD16, 0xCD36,
    0xD3E3, 0xD3E3, 0xD3E3, 0xDC03, 0xDC03, 0xDC24, 0xDC44, 0xDC66, 0xDC67, 0xDC88, 0xDCAA, 0xDCCB, 0xDCED, 0xDCEE, 0xDD0E, 0xDD0F,
    0xDD10, 0xD510, 0xD531, 0xD532, 0xD532, 0xD533, 0xD533, 0xD534, 0xD534, 0xD534, 0xCD35, 0xCD35, 0xCD35, 0xCD36, 0xCD56, 0xCD56,
    0xD403, 0xDC03, 0xDC23, 0xDC23, 0xDC44, 0xDC44, 0xDC65, 0xDC86, 0xDCA7, 0xDCA9, 0xDCCA, 0xDCEC, 0xDD0D, 0xDD2E, 0xDD2F, 0xDD50,
    0xDD50, 0xDD51, 0xDD51, 0xD552, 0xD553, 0xD553, 0xD554, 0xD554, 0xD554, 0xD555, 0xD555, 0xD575, 0xD576, 0xCD76, 0xCD76, 0xCD97,
    0xDC23, 0xDC23, 0xDC43, 0xDC44, 0xDC64, 0xDC84, 0xDC85, 0xDCA6, 0xDCC8, 0xDCC9, 0xDCEB, 0xDD0C, 0xDD2D, 0xDD4E, 0xDD4F, 0xDD50,
    0xDD71, 0xDD71, 0xDD72, 0xDD72, 0xDD93, 0xD593, 0xD594, 0xD594, 0xD595, 0xD595, 0xD596, 0xD596, 0xD596, 0xD596, 0xD5B7, 0xD5B7,
    0xDC43, 0xDC43, 0xDC63, 0xDC64, 0xDC84, 0xDCA4, 0xDCA5, 0xDCC6, 0xDCE8, 0xDCE9, 0xDD0B, 0xDD2C, 0xE54D, 0xE54E, 0xE56F, 0xE570,
    0xDD91, 0xDD91, 0xDD92, 0xDDB3, 0xDDB3, 0xDDB4, 0xD5B4, 0xD5B5, 0xD5B5, 0xD5B6, 0xD5B6, 0xD5B6, 0xD5D6, 0xD5D7, 0xD5D7, 0xD5D7,
    0xDC43, 0xDC64, 0xDC64, 0xDC84, 0xDC84, 0xDCA5, 0xE4C5, 0xE4E7, 0xE508, 0xDD09, 0xDD2B, 0xE54C, 0xE54D, 0xE56E, 0xE58F, 0xE590,
    0xE591, 0xDDB1, 0xDDB2, 0xDDD3, 0xDDD3, 0xDDD4, 0xDDD5, 0xD5D5, 0xD5F6, 0xD5F6, 0xD5F6, 0xD5F7, 0xD5F7, 0xD5F7, 0xD5F8, 0xD618,
    0xD464, 0xDC64, 0xDC84, 0xDC84, 0xDCA4, 0xE4C5, 0xE4E6, 0xE507, 0xE508, 0xE52A, 0xE54B, 0xE54C, 0xE56D, 0xE58E, 0xE58F, 0xE5B0,
    0xE5B1, 0xE5B2, 0xDDD2, 0xDDD3, 0xDDF4, 0xDDF4, 0xDDF5, 0xDDF5, 0xDE16, 0xD616, 0xD617, 0xD617, 0xD617, 0xD618, 0xD618, 0xD638,
    0xD484, 0xDC84, 0xDCA4, 0xDCA4, 0xDCC4, 0xE4E5, 0xE506, 0xE527, 0xE528, 0xE54A, 0xE54B, 0xE56C, 0xE58D, 0xE58E, 0xE5AF, 0xE5B0,
    0xE5D1, 0xE5D2, 0xE5D2, 0xDDF3, 0xDDF4, 0xDE14, 0xDE15, 0xDE16, 0xDE16, 0xDE36, 0xDE37, 0xDE37, 0xDE38, 0xDE38, 0xDE58, 0xDE59,
    0xD484, 0xDC84, 0xDCA4, 0xDCC4, 0xDCC4, 0xE4E5, 0xE526, 0xE528, 0xE549, 0xE54A, 0xE56B, 0xE56C, 0xE58D, 0xE5AE, 0xE5AF, 0xE5D0,
    0xE5D1, 0xE5F2, 0xE5F2, 0xE613, 0xDE14, 0xDE35, 0xDE35, 0xDE36, 0xDE36, 0xDE37, 0xDE57, 0xDE58, 0xDE58, 0xDE58, 0xDE79, 0xDE79,
    0xD484, 0xDCA4, 0xDCC4, 0xDCC4, 0xE4E4, 0xE505, 0xE526, 0xE548, 0xE569, 0xE56A, 0xE58C, 0xE58D, 0xE5AD, 0xE5AE, 0xE5CF, 0xE5D0,
    0xE5F1, 0xE5F2, 0xE612, 0xE613, 0xE634, 0xDE35, 0xDE35, 0xDE36, 0xDE56, 0xDE57, 0xDE57, 0xDE78, 0xDE78, 0xDE79, 0xDE99, 0xDE99,
    0xD4A4, 0xDCC4, 0xDCE4, 0xDCE4, 0xE504, 0xE526, 0xE547, 0xE568, 0xE56A, 0xE58B, 0xE58C, 0xE5AD, 0xE5AD, 0xE5CE, 0xE5CF, 0xE5F0,
    0xE5F1, 0xE612, 0xE612, 0xE633, 0xE634, 0xDE55, 0xDE56, 0xDE56, 0xDE57, 0xDE77, 0xDE78, 0xDE78, 0xDE99, 0xDE99, 0xDE99, 0xDE99,
    0xD4A4, 0xDCC4, 0xDCE4, 0xE504, 0xE505, 0xE546, 0xE567, 0xE569, 0xE58A, 0xE5AB, 0xE5AC, 0xE5CD, 0xE5CE, 0xE5EF, 0xE5EF, 0xE610,
    0xE611, 0xE612, 0xE632, 0xE633, 0xE654, 0xE655, 0xDE76, 0xDE76, 0xDE77, 0xDE97, 0xDE98, 0xDE98, 0xDEB9, 0xDEB9, 0xDEB9, 0xDEBA,
    0xD4C4, 0xDCE4, 0xDD04, 0xE525, 0xE525, 0xE546, 0xE567, 0xE589, 0xE5AB, 0xE5AC, 0xE5CD, 0xE5CD, 0xE5EE, 0xE60F, 0xE610, 0xE610,
    0xE631, 0xE632, 0xE632, 0xE653, 0xE654, 0xE675, 0xDE76, 0xDE96, 0xDE97, 0xDEB8, 0xDEB8, 0xDEB9, 0xDED9, 0xDED9, 0xDEDA, 0xDEDA,
};
