/**
 * lut_custom_kodak_ektar_100_cin.h
 * Custom LUT from 'Kodak Ektar 100_CIN.cube'
 *
 * Auto-generated by tools/generate_luts.py — DO NOT EDIT
 * 32768 entries × 2 bytes = 64 KB, stored in Flash (.rodata)
 */
#pragma once
#include <stdint.h>

static const uint16_t LUT_CUSTOM_KODAK_EKTAR_100_CIN[32768] = {
    0x1062, 0x1062, 0x1062, 0x1863, 0x1883, 0x1884, 0x18A5, 0x20A5, 0x20A6, 0x20A7, 0x20C8, 0x20C8, 0x20C9, 0x20E9, 0x20EA, 0x28EB,
    0x28EB, 0x28EC, 0x290D, 0x290D, 0x290E, 0x290E, 0x290E, 0x290F, 0x290F, 0x290F, 0x290F, 0x290F, 0x2930, 0x2930, 0x2910, 0x2910,
    0x18A2, 0x18A2, 0x18A3, 0x18A3, 0x18A4, 0x18A5, 0x20C5, 0x20C6, 0x20C7, 0x20C7, 0x20C8, 0x20C8, 0x20E9, 0x20EA, 0x20EB, 0x20EB,
    0x290C, 0x290C, 0x290D, 0x290D, 0x290E, 0x290E, 0x292E, 0x292F, 0x292F, 0x292F, 0x292F, 0x2930, 0x2930, 0x2930, 0x2930, 0x2910,
    0x1903, 0x18E3, 0x18C3, 0x18C4, 0x18C4, 0x18E5, 0x20E6, 0x20E6, 0x20E7, 0x20E8, 0x20E8, 0x20E9, 0x20EA, 0x20EA, 0x210B, 0x210C,
    0x290C, 0x290D, 0x290D, 0x290D, 0x292E, 0x292E, 0x292F, 0x292F, 0x292F, 0x292F, 0x292F, 0x2930, 0x2930, 0x2930, 0x2930, 0x2930,
    0x2144, 0x2124, 0x2124, 0x2124, 0x2105, 0x2105, 0x2106, 0x2107, 0x2107, 0x2108, 0x2109, 0x2109, 0x210A, 0x212B, 0x212B, 0x292C,
    0x292C, 0x292D, 0x292D, 0x292E, 0x292E, 0x292E, 0x292F, 0x292F, 0x292F, 0x292F, 0x2930, 0x2930, 0x2930, 0x2930, 0x2930, 0x2930,
    0x21A4, 0x2184, 0x2165, 0x2165, 0x2145, 0x2146, 0x2147, 0x2147, 0x2148, 0x2148, 0x2149, 0x214A, 0x214A, 0x214B, 0x294C, 0x294C,
    0x294D, 0x292D, 0x292D, 0x292E, 0x292E, 0x292F, 0x292F, 0x294F, 0x294F, 0x2950, 0x2950, 0x2950, 0x2950, 0x2950, 0x2950, 0x2950,
    0x29E5, 0x29C5, 0x29C5, 0x21A6, 0x21A6, 0x2186, 0x2187, 0x2188, 0x2188, 0x2189, 0x2189, 0x218A, 0x216A, 0x296B, 0x296C, 0x296C,
    0x296D, 0x294D, 0x294E, 0x294E, 0x294E, 0x294F, 0x294F, 0x294F, 0x294F, 0x2950, 0x2950, 0x2950, 0x2950, 0x2950, 0x2950, 0x2950,
    0x2A25, 0x2A06, 0x2A06, 0x2A06, 0x29E7, 0x21C7, 0x21C7, 0x21C8, 0x21C8, 0x21C9, 0x21C9, 0x21AA, 0x29AB, 0x29AB, 0x298C, 0x298C,
    0x298D, 0x298D, 0x296E, 0x296E, 0x296E, 0x294F, 0x294F, 0x296F, 0x296F, 0x2950, 0x2950, 0x2950, 0x2950, 0x2950, 0x2950, 0x2950,
    0x3266, 0x2A46, 0x2A46, 0x2A47, 0x2A27, 0x2A27, 0x2A08, 0x2A08, 0x2208, 0x2A09, 0x29EA, 0x29EA, 0x29EB, 0x29EB, 0x29CC, 0x29CC,
    0x29CD, 0x29AD, 0x29AE, 0x298E, 0x298E, 0x296F, 0x296F, 0x296F, 0x2970, 0x2970, 0x2970, 0x2970, 0x2970, 0x2970, 0x2970, 0x2970,
    0x32A6, 0x3287, 0x3287, 0x2A67, 0x2A68, 0x2A68, 0x2A48, 0x2A48, 0x2A29, 0x2A29, 0x2A2A, 0x2A2A, 0x2A2B, 0x2A0B, 0x2A0C, 0x2A0C,
    0x29ED, 0x29ED, 0x29CE, 0x29AE, 0x29AE, 0x298F, 0x298F, 0x296F, 0x2970, 0x2970, 0x2970, 0x2970, 0x2970, 0x2970, 0x2970, 0x2970,
    0x32C6, 0x32A7, 0x32A7, 0x32A8, 0x2AA8, 0x2A88, 0x2A88, 0x2A69, 0x2A69, 0x2A69, 0x2A6A, 0x2A6B, 0x2A4B, 0x2A4C, 0x2A4C, 0x2A4C,
    0x2A2D, 0x2A2D, 0x2A0E, 0x29EE, 0x29CE, 0x29AF, 0x29AF, 0x298F, 0x2990, 0x2990, 0x2990, 0x2990, 0x2970, 0x2970, 0x2970, 0x2970,
    0x32E7, 0x32E7, 0x32C8, 0x32C8, 0x2AC8, 0x2AA8, 0x2AA9, 0x2AA9, 0x2AA9, 0x2A8A, 0x2A8A, 0x2A8B, 0x2A8B, 0x2A8C, 0x2A8C, 0x2A6D,
    0x2A6D, 0x2A6D, 0x2A4E, 0x2A2E, 0x2A0E, 0x29EF, 0x29CF, 0x29AF, 0x29B0, 0x2990, 0x2990, 0x2990, 0x2990, 0x2990, 0x2990, 0x2990,
    0x3307, 0x3307, 0x3308, 0x32E8, 0x32E8, 0x2AE9, 0x2AC9, 0x2AC9, 0x2ACA, 0x2AAA, 0x2AAA, 0x2AAB, 0x2AAB, 0x2AAC, 0x2AAC, 0x2AAD,
    0x2A8D, 0x2A8D, 0x2A8E, 0x2A6E, 0x2A4E, 0x2A2F, 0x2A0F, 0x29EF, 0x29D0, 0x29B0, 0x29B0, 0x2990, 0x29B0, 0x29B0, 0x29B0, 0x2990,
    0x3327, 0x3327, 0x3328, 0x3328, 0x3308, 0x2B09, 0x2B09, 0x2AEA, 0x2AEA, 0x2AEA, 0x2AEB, 0x2ACB, 0x2ACB, 0x2ACC, 0x2ACC, 0x2ACD,
    0x2ACD, 0x2AAD, 0x2AAE, 0x2AAE, 0x2A8E, 0x2A6F, 0x2A4F, 0x2A2F, 0x2A10, 0x29D0, 0x29D0, 0x29B0, 0x29B0, 0x29B0, 0x29B0, 0x29B0,
    0x3347, 0x3347, 0x3348, 0x3348, 0x3329, 0x3329, 0x2B29, 0x2B2A, 0x2B0A, 0x2B0A, 0x2B0B, 0x2B0B, 0x2B0C, 0x2AEC, 0x2AEC, 0x2AED,
    0x2AED, 0x2AED, 0x2ACE, 0x2ACE, 0x2AAE, 0x2AAF, 0x2A8F, 0x2A6F, 0x2A50, 0x2A10, 0x29F0, 0x29F0, 0x29F0, 0x29F0, 0x29F0, 0x29F1,
    0x3367, 0x3368, 0x3368, 0x3368, 0x3349, 0x3349, 0x2B4A, 0x2B4A, 0x2B4A, 0x2B2B, 0x2B2B, 0x2B2B, 0x2B2C, 0x2B2C, 0x2B0C, 0x2B0D,
    0x2B0D, 0x2B0D, 0x2B0E, 0x22EE, 0x2AEE, 0x2ACF, 0x2ACF, 0x2AAF, 0x2A90, 0x2A70, 0x2A30, 0x2A30, 0x2A10, 0x2A10, 0x2A10, 0x2A11,
    0x3388, 0x3388, 0x3388, 0x3369, 0x3369, 0x3369, 0x336A, 0x2B6A, 0x2B6A, 0x2B4B, 0x2B4B, 0x2B4B, 0x2B4C, 0x2B4C, 0x2B2C, 0x232D,
    0x232D, 0x232D, 0x232E, 0x232E, 0x230E, 0x2B0F, 0x2AEF, 0x2AEF, 0x2AD0, 0x2AB0, 0x2A90, 0x2A70, 0x2A50, 0x2A50, 0x2A51, 0x2A51,
    0x33A8, 0x33A8, 0x3389, 0x3389, 0x3389, 0x338A, 0x338A, 0x338A, 0x338B, 0x2B6B, 0x2B6B, 0x2B6C, 0x2B6C, 0x2B6C, 0x2B4D, 0x2B4D,
    0x234D, 0x234D, 0x234E, 0x234E, 0x234E, 0x232F, 0x2B2F, 0x2B0F, 0x2B10, 0x2AF0, 0x2AD0, 0x2AB0, 0x32B0, 0x3290, 0x3291, 0x3271,
    0x3BA8, 0x3BA9, 0x3BA9, 0x33A9, 0x33AA, 0x33AA, 0x33AA, 0x33AB, 0x338B, 0x338B, 0x338C, 0x2B8C, 0x2B8C, 0x2B8D, 0x2B6D, 0x2B6D,
    0x2B6D, 0x236D, 0x236E, 0x236E, 0x236E, 0x236F, 0x2B4F, 0x2B4F, 0x2B50, 0x2B30, 0x3310, 0x3310, 0x32F0, 0x32D1, 0x32B1, 0x32B1,
    0x3BC8, 0x3BC9, 0x3BC9, 0x3BCA, 0x33CA, 0x33CA, 0x33CB, 0x33AB, 0x33AB, 0x33AC, 0x33AC, 0x33AC, 0x33AD, 0x2BAD, 0x2B8D, 0x2B8D,
    0x2B8D, 0x2B8E, 0x2B8E, 0x238E, 0x238E, 0x236F, 0x2B6F, 0x2B6F, 0x2B70, 0x3370, 0x3350, 0x3350, 0x3330, 0x3311, 0x32F1, 0x32D1,
    0x3BE9, 0x3BE9, 0x3BEA, 0x3BEA, 0x3BEA, 0x3BEB, 0x3BCB, 0x33CC, 0x33CC, 0x33CC, 0x33CC, 0x33CD, 0x33CD, 0x33CD, 0x33AD, 0x2BAD,
    0x2BAE, 0x2BAE, 0x2BAE, 0x2B8E, 0x2B8E, 0x2B8F, 0x2B8F, 0x2B8F, 0x2B90, 0x3390, 0x3390, 0x3B90, 0x3B71, 0x3B51, 0x3331, 0x3311,
    0x3C09, 0x3C0A, 0x3BEA, 0x3BEA, 0x3BEB, 0x3BEB, 0x3BEC, 0x3BEC, 0x3BEC, 0x3BEC, 0x3BED, 0x33ED, 0x33ED, 0x33ED, 0x33CD, 0x33CE,
    0x33CE, 0x33CE, 0x2BCE, 0x2BAE, 0x2BAE, 0x2BAF, 0x2BAF, 0x2BAF, 0x2BB0, 0x33B0, 0x3BB0, 0x3BB1, 0x3BB1, 0x3B91, 0x3B71, 0x3351,
    0x3C0A, 0x3C0A, 0x3C0A, 0x3C0B, 0x3C0B, 0x3C0C, 0x3C0C, 0x3C0C, 0x3C0D, 0x3C0D, 0x3C0D, 0x3C0D, 0x3C0D, 0x3C0E, 0x3BEE, 0x33EE,
    0x33EE, 0x33EE, 0x33EE, 0x33CE, 0x33CF, 0x2BCF, 0x2BCF, 0x2BCF, 0x33D0, 0x33D0, 0x3BD0, 0x43F1, 0x43D1, 0x43D1, 0x3B91, 0x3371,
    0x442A, 0x442B, 0x442B, 0x3C2B, 0x3C2C, 0x3C2C, 0x3C2C, 0x3C2D, 0x3C2D, 0x3C2D, 0x3C2D, 0x3C2D, 0x3C0E, 0x3C0E, 0x3C0E, 0x3C0E,
    0x3C0E, 0x3C0E, 0x340F, 0x33EF, 0x33EF, 0x33EF, 0x33EF, 0x33EF, 0x33F0, 0x33F0, 0x3BF0, 0x43F1, 0x43F1, 0x43F1, 0x3BD1, 0x3391,
    0x444B, 0x444B, 0x442B, 0x442C, 0x442C, 0x442C, 0x442D, 0x442D, 0x442D, 0x442D, 0x442E, 0x442E, 0x442E, 0x442E, 0x442E, 0x3C2E,
    0x3C2F, 0x3C2F, 0x3C2F, 0x3C0F, 0x3C0F, 0x340F, 0x340F, 0x33F0, 0x33F0, 0x33F0, 0x3BF0, 0x3C11, 0x4411, 0x4411, 0x3BF1, 0x33B1,
    0x444B, 0x444B, 0x444C, 0x444C, 0x444C, 0x444D, 0x444D, 0x444D, 0x444D, 0x444E, 0x444E, 0x444E, 0x444E, 0x444E, 0x444F, 0x444F,
    0x444F, 0x442F, 0x442F, 0x442F, 0x3C2F, 0x3C2F, 0x3C30, 0x3C10, 0x3C10, 0x3C10, 0x3C10, 0x3C11, 0x4411, 0x4411, 0x3BF1, 0x33D1,
    0x446B, 0x446C, 0x444C, 0x444C, 0x444D, 0x444D, 0x444D, 0x444D, 0x444E, 0x4C4E, 0x4C4E, 0x4C4E, 0x4C6F, 0x4C4F, 0x4C4F, 0x4C4F,
    0x4C4F, 0x444F, 0x444F, 0x444F, 0x4450, 0x4450, 0x4430, 0x3C30, 0x3C30, 0x3C30, 0x3C10, 0x3C11, 0x3C11, 0x4411, 0x3C11, 0x33F1,
    0x4C6C, 0x4C6C, 0x446C, 0x446D, 0x446D, 0x446D, 0x4C6E, 0x4C6E, 0x4C6E, 0x4C6E, 0x4C6E, 0x4C6F, 0x4C6F, 0x4C6F, 0x546F, 0x4C6F,
    0x4C6F, 0x4C6F, 0x4C70, 0x4C70, 0x4C50, 0x4450, 0x4450, 0x4450, 0x4450, 0x4430, 0x4430, 0x4431, 0x4431, 0x4431, 0x3C11, 0x3411,
    0x4C6C, 0x4C6D, 0x4C6D, 0x4C6D, 0x4C6D, 0x4C6E, 0x4C6E, 0x4C6E, 0x4C6E, 0x546F, 0x548F, 0x548F, 0x548F, 0x548F, 0x5490, 0x5490,
    0x5490, 0x5490, 0x5490, 0x4C70, 0x4C70, 0x4C70, 0x4C70, 0x4C70, 0x4C50, 0x4451, 0x4451, 0x4451, 0x4431, 0x4431, 0x3C31, 0x3C31,
    0x4C8D, 0x4C8D, 0x4C8D, 0x4C8D, 0x4C8E, 0x4C8E, 0x4C8E, 0x4C8E, 0x548F, 0x548F, 0x548F, 0x548F, 0x5C90, 0x5C90, 0x5C90, 0x5C90,
    0x5C90, 0x5C90, 0x5490, 0x5490, 0x5490, 0x5490, 0x5471, 0x4C71, 0x4C71, 0x4C71, 0x4C71, 0x4C51, 0x4C51, 0x4451, 0x4451, 0x4431,
    0x4C8D, 0x4C8D, 0x4C8D, 0x4C8E, 0x4C8E, 0x4C8E, 0x4C8E, 0x548F, 0x548F, 0x548F, 0x548F, 0x5C90, 0x5C90, 0x5C90, 0x5C90, 0x5CB0,
    0x5CB0, 0x5C91, 0x5C91, 0x5C91, 0x5C91, 0x5491, 0x5491, 0x5491, 0x5491, 0x5491, 0x5471, 0x5471, 0x4C71, 0x4C71, 0x4C51, 0x4451,
    0x4C8D, 0x4C8D, 0x4C8E, 0x4C8E, 0x4C8E, 0x4C8E, 0x4C8F, 0x548F, 0x548F, 0x548F, 0x5490, 0x5490, 0x5490, 0x5C90, 0x5C90, 0x5C90,
    0x5C91, 0x5C91, 0x5C91, 0x5C91, 0x5C91, 0x5C91, 0x5C91, 0x5C91, 0x5C91, 0x5C91, 0x5C91, 0x5C91, 0x5491, 0x5491, 0x5471, 0x4C71,
    0x4C8D, 0x4C8D, 0x4C8E, 0x4C8E, 0x4C8E, 0x4C8E, 0x548F, 0x548F, 0x548F, 0x548F, 0x5490, 0x5490, 0x5490, 0x5490, 0x5490, 0x5490,
    0x5491, 0x5491, 0x5C91, 0x5C91, 0x5C91, 0x5CB1, 0x5CB1, 0x5CB1, 0x5CB1, 0x5C91, 0x5C92, 0x5C92, 0x5C92, 0x5C92, 0x5C91, 0x5491,
    0x1882, 0x1882, 0x1862, 0x1883, 0x1883, 0x2084, 0x20A5, 0x20A5, 0x20A6, 0x20A7, 0x20C7, 0x28C8, 0x28C9, 0x28E9, 0x28EA, 0x28EB,
    0x28EB, 0x28EC, 0x290C, 0x290D, 0x290D, 0x290E, 0x290E, 0x290F, 0x290F, 0x290F, 0x290F, 0x290F, 0x2930, 0x2930, 0x2910, 0x2910,
    0x18C2, 0x18A3, 0x18A3, 0x18A3, 0x18A4, 0x20A5, 0x20A5, 0x20A6, 0x20C7, 0x20C7, 0x20C8, 0x20C9, 0x28E9, 0x28EA, 0x28EB, 0x28EB,
    0x290C, 0x290C, 0x290D, 0x290D, 0x290E, 0x290E, 0x290F, 0x290F, 0x290F, 0x290F, 0x292F, 0x2930, 0x2930, 0x2930, 0x2930, 0x2910,
    0x2103, 0x20E3, 0x18E3, 0x18C4, 0x18C4, 0x20C5, 0x20C6, 0x20C7, 0x20C7, 0x20C8, 0x20E9, 0x20E9, 0x20EA, 0x20EB, 0x28EB, 0x290C,
    0x290C, 0x290D, 0x290D, 0x290E, 0x290E, 0x290E, 0x292F, 0x292F, 0x292F, 0x292F, 0x2930, 0x2930, 0x2930, 0x2930, 0x2930, 0x2930,
    0x2143, 0x2144, 0x2144, 0x2125, 0x2125, 0x2106, 0x2107, 0x2107, 0x2108, 0x2108, 0x2109, 0x210A, 0x210A, 0x210B, 0x290C, 0x290C,
    0x290D, 0x290D, 0x292D, 0x292E, 0x292E, 0x292F, 0x292F, 0x292F, 0x292F, 0x292F, 0x2930, 0x2930, 0x2930, 0x2930, 0x2930, 0x2930,
    0x29A4, 0x29A4, 0x29A5, 0x2185, 0x2166, 0x2167, 0x2147, 0x2148, 0x2148, 0x2129, 0x2129, 0x212A, 0x212B, 0x292B, 0x292C, 0x292C,
    0x292D, 0x292D, 0x292E, 0x292E, 0x292E, 0x292F, 0x292F, 0x292F, 0x292F, 0x2930, 0x2930, 0x2930, 0x2930, 0x2930, 0x2930, 0x2930,
    0x29E5, 0x29E5, 0x2A05, 0x29E6, 0x29C6, 0x21C7, 0x21A8, 0x2188, 0x2189, 0x2189, 0x216A, 0x216A, 0x216B, 0x296C, 0x294C, 0x294D,
    0x294D, 0x294D, 0x294E, 0x294E, 0x294F, 0x294F, 0x294F, 0x294F, 0x2950, 0x2950, 0x2950, 0x2950, 0x2950, 0x2950, 0x2950, 0x2950,
    0x2A25, 0x2A26, 0x2A46, 0x2A27, 0x2A27, 0x2A07, 0x21E8, 0x21E8, 0x21C9, 0x21C9, 0x21AA, 0x29AB, 0x29AB, 0x298C, 0x298C, 0x298D,
    0x296D, 0x296E, 0x296E, 0x294E, 0x294F, 0x294F, 0x294F, 0x294F, 0x2950, 0x2950, 0x2950, 0x2950, 0x2950, 0x2950, 0x2950, 0x2950,
    0x3266, 0x3266, 0x3286, 0x2A67, 0x2A67, 0x2A48, 0x2A48, 0x2A29, 0x2A09, 0x2A0A, 0x2A0A, 0x29EB, 0x29EB, 0x29CC, 0x29CC, 0x29AD,
    0x29AD, 0x298E, 0x298E, 0x296E, 0x296F, 0x296F, 0x296F, 0x296F, 0x2970, 0x2970, 0x2970, 0x2950, 0x2950, 0x2950, 0x2950, 0x2970,
    0x3286, 0x32A6, 0x32A7, 0x32A7, 0x2AA8, 0x2A88, 0x2A88, 0x2A69, 0x2A69, 0x2A4A, 0x2A4A, 0x2A2B, 0x2A2B, 0x2A0C, 0x2A0C, 0x29ED,
    0x29ED, 0x29CE, 0x29AE, 0x29AE, 0x298F, 0x298F, 0x296F, 0x2970, 0x2970, 0x2970, 0x2970, 0x2970, 0x2970, 0x2970, 0x2970, 0x2970,
    0x32C6, 0x32C7, 0x32E7, 0x32C7, 0x2AC8, 0x2AA8, 0x2AA9, 0x2AA9, 0x2A8A, 0x2A8A, 0x2A8B, 0x2A6B, 0x2A6C, 0x2A4C, 0x2A4C, 0x2A2D,
    0x2A2D, 0x2A0E, 0x29EE, 0x29CE, 0x29AF, 0x29AF, 0x298F, 0x2990, 0x2990, 0x2970, 0x2970, 0x2970, 0x2970, 0x2970, 0x2970, 0x2970,
    0x32E6, 0x32E7, 0x3307, 0x32E8, 0x32E8, 0x2AE9, 0x2AC9, 0x2AC9, 0x2ACA, 0x2AAA, 0x2AAB, 0x2AAB, 0x2AAC, 0x2A8C, 0x2A8D, 0x2A6D,
    0x2A6D, 0x2A4E, 0x2A2E, 0x2A0E, 0x29EF, 0x29CF, 0x29AF, 0x29B0, 0x2990, 0x2990, 0x2990, 0x2990, 0x2990, 0x2990, 0x2990, 0x2990,
    0x3306, 0x3327, 0x3327, 0x3328, 0x3308, 0x2B09, 0x2B09, 0x2AEA, 0x2AEA, 0x2AEA, 0x2ACB, 0x2ACB, 0x2ACC, 0x2ACC, 0x2AAD, 0x2AAD,
    0x2A8D, 0x2A8E, 0x2A6E, 0x2A4E, 0x2A2F, 0x2A0F, 0x29EF, 0x29D0, 0x29B0, 0x29B0, 0x2990, 0x2990, 0x2990, 0x2990, 0x2990, 0x2990,
    0x3327, 0x3347, 0x3348, 0x3348, 0x3328, 0x3329, 0x2B29, 0x2B2A, 0x2B0A, 0x2B0B, 0x2B0B, 0x2B0B, 0x2AEC, 0x2AEC, 0x2AED, 0x2ACD,
    0x2ACD, 0x2AAE, 0x2AAE, 0x2A8E, 0x2A6F, 0x2A4F, 0x2A2F, 0x2A10, 0x29F0, 0x29D0, 0x29B0, 0x29B0, 0x29B0, 0x29B0, 0x29B0, 0x29B1,
    0x3347, 0x3367, 0x3368, 0x3368, 0x3349, 0x3349, 0x334A, 0x2B4A, 0x2B2A, 0x2B2B, 0x2B2B, 0x2B2C, 0x2B0C, 0x2B0C, 0x2B0D, 0x2B0D,
    0x2AED, 0x2AEE, 0x2ACE, 0x2ACE, 0x2AAF, 0x2A8F, 0x2A6F, 0x2A4F, 0x2A30, 0x2A10, 0x29F0, 0x29F0, 0x29D0, 0x29D0, 0x29D0, 0x29D1,
    0x3B67, 0x3388, 0x3388, 0x3388, 0x3369, 0x3369, 0x336A, 0x2B6A, 0x2B4B, 0x2B4B, 0x2B4B, 0x2B4C, 0x2B4C, 0x2B2C, 0x2B2D, 0x2B2D,
    0x232D, 0x230E, 0x2B0E, 0x2AEE, 0x2AEF, 0x2ACF, 0x2AAF, 0x2A8F, 0x2A70, 0x2A50, 0x2A30, 0x2A10, 0x2A10, 0x2A10, 0x29F1, 0x29F1,
    0x3B88, 0x3B88, 0x33A8, 0x3389, 0x3389, 0x338A, 0x338A, 0x338A, 0x336B, 0x2B6B, 0x2B6B, 0x2B6C, 0x2B6C, 0x2B4D, 0x2B4D, 0x2B4D,
    0x234D, 0x234E, 0x232E, 0x232E, 0x2B2F, 0x2B0F, 0x2AEF, 0x2ACF, 0x2AB0, 0x2A90, 0x2A70, 0x2A70, 0x2A50, 0x2A31, 0x2A31, 0x3211,
    0x3BA8, 0x3BA8, 0x3BA9, 0x3BA9, 0x33A9, 0x33AA, 0x33AA, 0x33AB, 0x338B, 0x338B, 0x338C, 0x2B8C, 0x2B8C, 0x2B6D, 0x2B6D, 0x2B6D,
    0x2B6D, 0x236E, 0x234E, 0x234E, 0x2B4F, 0x2B4F, 0x2B2F, 0x2B0F, 0x2B10, 0x2AF0, 0x32D0, 0x32B0, 0x3290, 0x3271, 0x3271, 0x3251,
    0x3BC8, 0x3BC9, 0x3BC9, 0x3BC9, 0x3BCA, 0x33CA, 0x33CB, 0x33AB, 0x33AB, 0x33AC, 0x33AC, 0x33AC, 0x33AD, 0x2BAD, 0x2B8D, 0x2B8D,
    0x2B8E, 0x2B8E, 0x2B6E, 0x236E, 0x2B6F, 0x2B6F, 0x2B6F, 0x2B4F, 0x2B50, 0x3330, 0x3310, 0x32F0, 0x32D1, 0x32B1, 0x3291, 0x3271,
    0x3BC9, 0x3BE9, 0x3BE9, 0x3BEA, 0x3BEA, 0x3BEB, 0x3BCB, 0x33CB, 0x33CC, 0x33CC, 0x33CC, 0x33CD, 0x33CD, 0x33CD, 0x33AD, 0x2BAD,
    0x2BAE, 0x2BAE, 0x2B8E, 0x2B8E, 0x2B8F, 0x2B8F, 0x2B8F, 0x2B90, 0x3370, 0x3370, 0x3350, 0x3350, 0x3331, 0x32F1, 0x32D1, 0x32B1,
    0x3BE9, 0x3BE9, 0x3C0A, 0x3BEA, 0x3BEB, 0x3BEB, 0x3BEB, 0x3BEC, 0x3BEC, 0x3BEC, 0x3BED, 0x33ED, 0x33ED, 0x33ED, 0x33CD, 0x33CE,
    0x33CE, 0x2BCE, 0x2BAE, 0x2BAE, 0x2BAF, 0x2BAF, 0x2BAF, 0x2BB0, 0x33B0, 0x33B0, 0x3B90, 0x3B91, 0x3B71, 0x3351, 0x3311, 0x32F1,
    0x3C09, 0x3C0A, 0x3C0A, 0x3C0B, 0x3C0B, 0x3C0B, 0x3C0C, 0x3C0C, 0x3C0C, 0x3C0D, 0x3C0D, 0x3C0D, 0x3C0D, 0x3BEE, 0x3BEE, 0x33EE,
    0x33EE, 0x33EE, 0x33CE, 0x33CF, 0x2BCF, 0x2BCF, 0x2BCF, 0x33D0, 0x33D0, 0x3BD0, 0x3BD0, 0x3BB1, 0x3B91, 0x3B71, 0x3B51, 0x3331,
    0x440A, 0x442A, 0x442B, 0x442B, 0x3C2B, 0x3C2C, 0x3C2C, 0x3C2C, 0x3C2D, 0x3C2D, 0x3C2D, 0x3C0D, 0x3C0E, 0x3C0E, 0x3C0E, 0x3C0E,
    0x3C0E, 0x3C0E, 0x33EF, 0x33EF, 0x33EF, 0x33EF, 0x33EF, 0x33D0, 0x33F0, 0x3BF0, 0x3BF0, 0x43F1, 0x43D1, 0x3BB1, 0x3B91, 0x3B71,
    0x442A, 0x442B, 0x442B, 0x442B, 0x442C, 0x442C, 0x442C, 0x442D, 0x442D, 0x442D, 0x442D, 0x442E, 0x442E, 0x442E, 0x442E, 0x3C2E,
    0x3C2F, 0x3C2F, 0x3C0F, 0x3C0F, 0x3C0F, 0x340F, 0x33F0, 0x33F0, 0x33F0, 0x3BF0, 0x3BF0, 0x43F1, 0x43F1, 0x3BD1, 0x3BB1, 0x3B91,
    0x444B, 0x444B, 0x444B, 0x444C, 0x444C, 0x444C, 0x444D, 0x444D, 0x444D, 0x444D, 0x444E, 0x444E, 0x444E, 0x444E, 0x444F, 0x444F,
    0x444F, 0x442F, 0x442F, 0x3C2F, 0x3C2F, 0x3C30, 0x3C10, 0x3C10, 0x3C10, 0x3C10, 0x3C10, 0x3C11, 0x4411, 0x43F1, 0x3BD1, 0x3BB1,
    0x444B, 0x444B, 0x444C, 0x444C, 0x444C, 0x444D, 0x444D, 0x444D, 0x444E, 0x444E, 0x4C4E, 0x4C4E, 0x4C4F, 0x4C4F, 0x4C4F, 0x4C4F,
    0x4C4F, 0x444F, 0x444F, 0x444F, 0x4450, 0x4430, 0x3C30, 0x3C30, 0x3C30, 0x3C10, 0x3C11, 0x3C11, 0x3C11, 0x3C11, 0x3BF1, 0x3BD1,
    0x446B, 0x446C, 0x4C6C, 0x446C, 0x446D, 0x446D, 0x446D, 0x4C6E, 0x4C6E, 0x4C6E, 0x4C6E, 0x4C6F, 0x4C6F, 0x4C6F, 0x4C6F, 0x4C6F,
    0x4C6F, 0x4C70, 0x4C70, 0x4C70, 0x4450, 0x4450, 0x4450, 0x4450, 0x4430, 0x4430, 0x3C31, 0x3C31, 0x3C31, 0x3C11, 0x3C11, 0x3BF1,
    0x4C6C, 0x4C6C, 0x4C6C, 0x4C6D, 0x4C6D, 0x4C6D, 0x4C6E, 0x4C6E, 0x4C6E, 0x4C6E, 0x546F, 0x546F, 0x548F, 0x548F, 0x5490, 0x5490,
    0x5490, 0x5470, 0x5470, 0x4C70, 0x4C70, 0x4C70, 0x4C70, 0x4C50, 0x4451, 0x4451, 0x4451, 0x4431, 0x4431, 0x4431, 0x3C31, 0x3C11,
    0x4C6C, 0x4C6D, 0x4C8D, 0x4C6D, 0x4C6D, 0x4C6E, 0x4C8E, 0x4C8E, 0x4C8E, 0x548F, 0x548F, 0x548F, 0x548F, 0x5C90, 0x5C90, 0x5C90,
    0x5C90, 0x5490, 0x5490, 0x5490, 0x5490, 0x5470, 0x5471, 0x4C71, 0x4C71, 0x4C71, 0x4C51, 0x4451, 0x4451, 0x4431, 0x4431, 0x3C31,
    0x4C8C, 0x4C8D, 0x4C8D, 0x4C8D, 0x4C8E, 0x4C8E, 0x4C8E, 0x548F, 0x548F, 0x548F, 0x548F, 0x5C90, 0x5C90, 0x5C90, 0x5C90, 0x5C90,
    0x5C90, 0x5C90, 0x5C90, 0x5491, 0x5491, 0x5491, 0x5491, 0x5491, 0x5471, 0x5471, 0x5471, 0x4C71, 0x4C71, 0x4C51, 0x4451, 0x4451,
    0x4C8D, 0x4C8D, 0x4C8D, 0x4C8E, 0x4C8E, 0x548E, 0x548F, 0x548F, 0x548F, 0x548F, 0x5C90, 0x5C90, 0x5CB0, 0x5CB0, 0x5CB0, 0x5CB0,
    0x5CB1, 0x5CB1, 0x5CB1, 0x5C91, 0x5C91, 0x5C91, 0x5C91, 0x5C91, 0x5C91, 0x5C91, 0x5491, 0x5491, 0x5471, 0x5471, 0x4C71, 0x4C51,
    0x4C8D, 0x4C8D, 0x548E, 0x548E, 0x548E, 0x548F, 0x548F, 0x5C8F, 0x5CB0, 0x5CB0, 0x5CB0, 0x64B0, 0x64B0, 0x64B1, 0x64B1, 0x64B1,
    0x64B1, 0x64B1, 0x64B1, 0x5CB1, 0x5CB1, 0x5C91, 0x5C91, 0x5C91, 0x5C91, 0x5C91, 0x5C91, 0x5C91, 0x5C91, 0x5491, 0x5471, 0x5471,
    0x4C8D, 0x548E, 0x548E, 0x548E, 0x548F, 0x5C8F, 0x5CAF, 0x5CB0, 0x64B0, 0x64B0, 0x64B0, 0x64B1, 0x6CB1, 0x6CB1, 0x6CB1, 0x6CB1,
    0x6CB1, 0x6CB1, 0x64B1, 0x64B1, 0x64B1, 0x5CB1, 0x5CB1, 0x5CB1, 0x5CB1, 0x64B1, 0x64B2, 0x64B2, 0x5C92, 0x5C92, 0x5C91, 0x5491,
    0x2082, 0x2082, 0x2083, 0x2083, 0x2083, 0x2084, 0x20A5, 0x20A5, 0x28A6, 0x28A7, 0x28C7, 0x28C8, 0x28C9, 0x28E9, 0x30EA, 0x30EB,
    0x30EB, 0x30EC, 0x30EC, 0x310D, 0x290D, 0x290E, 0x290E, 0x290F, 0x290F, 0x290F, 0x290F, 0x290F, 0x2930, 0x2930, 0x2910, 0x2910,
    0x20C3, 0x20C3, 0x20A3, 0x20A3, 0x20A4, 0x20A5, 0x20A5, 0x20A6, 0x20A7, 0x20C7, 0x28C8, 0x28C9, 0x28E9, 0x28EA, 0x28EB, 0x28EB,
    0x28EC, 0x28EC, 0x290D, 0x290D, 0x290E, 0x290E, 0x290F, 0x290F, 0x290F, 0x290F, 0x290F, 0x2930, 0x2930, 0x2930, 0x2930, 0x2930,
    0x2103, 0x20E3, 0x20E3, 0x20C4, 0x20A5, 0x20A5, 0x20A6, 0x20C7, 0x20C8, 0x20C8, 0x20C9, 0x20E9, 0x20EA, 0x28EB, 0x28EB, 0x28EC,
    0x290D, 0x290D, 0x290D, 0x290E, 0x290E, 0x290F, 0x290F, 0x290F, 0x290F, 0x290F, 0x2930, 0x2930, 0x2930, 0x2930, 0x2930, 0x2930,
    0x2143, 0x2164, 0x2164, 0x2145, 0x2126, 0x2106, 0x2107, 0x2108, 0x20E8, 0x20E9, 0x20E9, 0x20EA, 0x210B, 0x290B, 0x290C, 0x290C,
    0x290D, 0x290D, 0x290E, 0x290E, 0x292E, 0x292F, 0x292F, 0x292F, 0x292F, 0x2930, 0x2930, 0x2930, 0x2930, 0x2930, 0x2930, 0x2930,
    0x29A4, 0x29C4, 0x29E5, 0x29C6, 0x2186, 0x2167, 0x2148, 0x2148, 0x2129, 0x2129, 0x212A, 0x212B, 0x210B, 0x290C, 0x290C, 0x292D,
    0x292D, 0x292D, 0x292E, 0x292E, 0x292F, 0x292F, 0x292F, 0x292F, 0x2930, 0x2930, 0x2930, 0x2930, 0x2930, 0x2930, 0x2930, 0x2930,
    0x29E4, 0x2A05, 0x2A26, 0x2A06, 0x29E7, 0x29E8, 0x21C8, 0x21A9, 0x2189, 0x216A, 0x216A, 0x214B, 0x294B, 0x294C, 0x294D, 0x294D,
    0x294D, 0x292E, 0x292E, 0x292E, 0x292F, 0x294F, 0x294F, 0x294F, 0x2930, 0x2930, 0x2930, 0x2930, 0x2930, 0x2950, 0x2950, 0x2950,
    0x3225, 0x3246, 0x3286, 0x2A67, 0x2A47, 0x2A48, 0x2A29, 0x2A09, 0x29E9, 0x29CA, 0x29AB, 0x298B, 0x298C, 0x298C, 0x296D, 0x296D,
    0x296E, 0x294E, 0x294E, 0x294F, 0x294F, 0x294F, 0x294F, 0x2950, 0x2950, 0x2950, 0x2950, 0x2950, 0x2950, 0x2950, 0x2950, 0x2950,
    0x3265, 0x3286, 0x32A6, 0x32A7, 0x2A88, 0x2A88, 0x2A69, 0x2A49, 0x2A2A, 0x2A2A, 0x2A0B, 0x29EB, 0x29CC, 0x29CC, 0x29AD, 0x29AD,
    0x298E, 0x298E, 0x296E, 0x296F, 0x296F, 0x294F, 0x294F, 0x2950, 0x2950, 0x2950, 0x2950, 0x2950, 0x2950, 0x2950, 0x2950, 0x2950,
    0x3286, 0x32A6, 0x32E7, 0x32C7, 0x32C8, 0x2AA8, 0x2AA9, 0x2A89, 0x2A8A, 0x2A6B, 0x2A4B, 0x2A4B, 0x2A2C, 0x2A0C, 0x29ED, 0x29ED,
    0x29CE, 0x29AE, 0x298E, 0x298F, 0x296F, 0x296F, 0x2970, 0x2970, 0x2970, 0x2970, 0x2970, 0x2970, 0x2970, 0x2970, 0x2970, 0x2970,
    0x32C6, 0x32E6, 0x3307, 0x3307, 0x32E8, 0x2AE8, 0x2AC9, 0x2ACA, 0x2AAA, 0x2AAB, 0x2A8B, 0x2A8C, 0x2A6C, 0x2A4C, 0x2A4D, 0x2A2D,
    0x2A0E, 0x29EE, 0x29CE, 0x29AF, 0x29AF, 0x298F, 0x2990, 0x2970, 0x2970, 0x2970, 0x2970, 0x2970, 0x2970, 0x2970, 0x2970, 0x2970,
    0x3AE6, 0x3307, 0x3327, 0x3328, 0x3308, 0x3309, 0x2B09, 0x2AEA, 0x2AEA, 0x2AEB, 0x2ACB, 0x2ACC, 0x2AAC, 0x2AAD, 0x2A8D, 0x2A6D,
    0x2A4E, 0x2A2E, 0x2A0E, 0x29EF, 0x29CF, 0x29AF, 0x29B0, 0x2990, 0x2990, 0x2990, 0x2990, 0x2990, 0x2990, 0x2990, 0x2990, 0x2990,
    0x3B06, 0x3327, 0x3347, 0x3348, 0x3328, 0x3329, 0x2B29, 0x2B0A, 0x2B0A, 0x2B0B, 0x2B0B, 0x2AEC, 0x2AEC, 0x2ACD, 0x2ACD, 0x2AAD,
    0x2A8E, 0x2A6E, 0x2A4E, 0x2A2F, 0x2A0F, 0x29EF, 0x29D0, 0x29B0, 0x29B0, 0x2990, 0x2990, 0x2990, 0x2990, 0x2990, 0x2990, 0x2991,
    0x3B27, 0x3347, 0x3367, 0x3368, 0x3348, 0x3349, 0x3349, 0x2B4A, 0x2B2A, 0x2B2B, 0x2B2B, 0x2B2C, 0x2B0C, 0x2B0D, 0x2AED, 0x2AED,
    0x2ACE, 0x2AAE, 0x2AAE, 0x2A8F, 0x2A4F, 0x2A2F, 0x2A0F, 0x29F0, 0x29D0, 0x29B0, 0x29B0, 0x29B0, 0x29B0, 0x29B0, 0x29B0, 0x29B1,
    0x3B67, 0x3B67, 0x3388, 0x3388, 0x3369, 0x3369, 0x336A, 0x2B6A, 0x2B4B, 0x2B4B, 0x2B4B, 0x2B4C, 0x2B2C, 0x2B2D, 0x232D, 0x230D,
    0x230E, 0x2AEE, 0x2ACE, 0x2ACF, 0x2AAF, 0x2A6F, 0x2A4F, 0x2A30, 0x2A10, 0x29F0, 0x29F0, 0x29D0, 0x29D0, 0x29D1, 0x29D1, 0x29B1,
    0x3B67, 0x3B88, 0x3BA8, 0x3388, 0x3389, 0x3389, 0x338A, 0x338A, 0x336B, 0x2B6B, 0x2B6C, 0x2B6C, 0x2B6C, 0x2B4D, 0x234D, 0x234D,
    0x232E, 0x232E, 0x2B0E, 0x2B0F, 0x2AEF, 0x2ACF, 0x2AAF, 0x2A70, 0x2A50, 0x2A30, 0x2A30, 0x2A10, 0x2A10, 0x29F1, 0x29F1, 0x31D1,
    0x3B88, 0x3BA8, 0x3BA8, 0x3BA9, 0x33A9, 0x33AA, 0x33AA, 0x33AB, 0x338B, 0x338B, 0x2B8C, 0x2B8C, 0x2B8D, 0x2B6D, 0x2B6D, 0x2B6D,
    0x234E, 0x234E, 0x234E, 0x2B2F, 0x2B2F, 0x2B0F, 0x2AEF, 0x2AD0, 0x2AB0, 0x2A90, 0x2A70, 0x2A50, 0x2A51, 0x3231, 0x3211, 0x31F1,
    0x3BA8, 0x3BC8, 0x3BC9, 0x3BC9, 0x3BCA, 0x3BCA, 0x33CB, 0x33CB, 0x33AB, 0x33AC, 0x33AC, 0x33AC, 0x2BAD, 0x2B8D, 0x2B8D, 0x2B8D,
    0x2B8E, 0x2B6E, 0x2B6E, 0x2B6F, 0x2B4F, 0x2B4F, 0x2B2F, 0x2B10, 0x32F0, 0x32D0, 0x32B0, 0x32B0, 0x3291, 0x3271, 0x3231, 0x3211,
    0x3BC8, 0x3BC9, 0x3BE9, 0x3BE9, 0x3BEA, 0x3BEA, 0x3BCB, 0x33CB, 0x33CC, 0x33CC, 0x33CC, 0x33CD, 0x33CD, 0x33AD, 0x2BAD, 0x2BAE,
    0x2BAE, 0x2B8E, 0x2B8E, 0x2B8F, 0x2B8F, 0x2B6F, 0x2B6F, 0x3350, 0x3350, 0x3330, 0x3310, 0x32F1, 0x32D1, 0x32B1, 0x3271, 0x3251,
    0x3BE9, 0x3BE9, 0x3C09, 0x3C0A, 0x3BEA, 0x3BEB, 0x3BEB, 0x3BEC, 0x3BEC, 0x3BEC, 0x3BED, 0x33ED, 0x33ED, 0x33CD, 0x33CE, 0x33CE,
    0x2BCE, 0x2BAE, 0x2BAE, 0x2BAF, 0x2BAF, 0x2BAF, 0x2B90, 0x3390, 0x3390, 0x3370, 0x3350, 0x3331, 0x3311, 0x32F1, 0x32B1, 0x3291,
    0x3BE9, 0x3C09, 0x3C0A, 0x3C0A, 0x3C0B, 0x3C0B, 0x3C0C, 0x3C0C, 0x3C0C, 0x3C0D, 0x3C0D, 0x3C0D, 0x3C0D, 0x3BEE, 0x33EE, 0x33EE,
    0x33EE, 0x33EE, 0x33CF, 0x2BCF, 0x2BCF, 0x2BCF, 0x33B0, 0x33B0, 0x33B0, 0x3BB0, 0x3B91, 0x3B71, 0x3B51, 0x3331, 0x32F1, 0x32D1,
    0x3C09, 0x440A, 0x442A, 0x442B, 0x3C2B, 0x3C2B, 0x3C2C, 0x3C2C, 0x3C2D, 0x3C2D, 0x3C2D, 0x3C0D, 0x3C0E, 0x3C0E, 0x3C0E, 0x3C0E,
    0x3C0E, 0x340F, 0x33EF, 0x33EF, 0x33EF, 0x33EF, 0x33D0, 0x33D0, 0x3BD0, 0x3BD0, 0x3BD1, 0x3BB1, 0x3B91, 0x3371, 0x3B51, 0x3B11,
    0x440A, 0x442A, 0x444B, 0x442B, 0x442B, 0x442C, 0x442C, 0x442D, 0x442D, 0x442D, 0x442D, 0x442E, 0x442E, 0x442E, 0x442E, 0x3C2E,
    0x3C2F, 0x3C0F, 0x3C0F, 0x3C0F, 0x340F, 0x33F0, 0x33F0, 0x33F0, 0x3BF0, 0x3BF0, 0x3BF1, 0x43F1, 0x3BD1, 0x3BB1, 0x3B71, 0x3B51,
    0x442A, 0x444B, 0x444B, 0x444B, 0x444C, 0x444C, 0x444D, 0x444D, 0x444D, 0x444D, 0x444E, 0x444E, 0x444E, 0x444E, 0x444F, 0x444F,
    0x442F, 0x442F, 0x442F, 0x3C2F, 0x3C30, 0x3C10, 0x3C10, 0x3C10, 0x3C10, 0x3C10, 0x3C11, 0x43F1, 0x3BF1, 0x3BD1, 0x3BB1, 0x3B91,
    0x444A, 0x444B, 0x446B, 0x444C, 0x444C, 0x444D, 0x444D, 0x444D, 0x444D, 0x444E, 0x4C4E, 0x4C4E, 0x4C4F, 0x4C4F, 0x4C4F, 0x4C4F,
    0x444F, 0x444F, 0x444F, 0x4450, 0x4430, 0x4430, 0x3C30, 0x3C30, 0x3C10, 0x3C10, 0x3C11, 0x3C11, 0x3BF1, 0x3BF1, 0x3BD1, 0x3BB1,
    0x444B, 0x446B, 0x4C6C, 0x4C6C, 0x446D, 0x446D, 0x446D, 0x4C6D, 0x4C6E, 0x4C6E, 0x4C6E, 0x4C6F, 0x4C6F, 0x4C6F, 0x4C6F, 0x4C6F,
    0x4C6F, 0x4C70, 0x4C70, 0x4C50, 0x4450, 0x4450, 0x4450, 0x4430, 0x4430, 0x4431, 0x4431, 0x4431, 0x3C11, 0x3C11, 0x3BF1, 0x3BF1,
    0x446B, 0x4C6C, 0x4C6C, 0x4C6D, 0x4C6D, 0x4C6D, 0x4C6D, 0x4C6E, 0x4C6E, 0x4C6E, 0x4C6F, 0x546F, 0x548F, 0x548F, 0x5490, 0x5490,
    0x5490, 0x5470, 0x5470, 0x4C70, 0x4C70, 0x4C70, 0x4C50, 0x4451, 0x4451, 0x4451, 0x4431, 0x4431, 0x3C31, 0x3C11, 0x3C11, 0x3BF1,
    0x4C6C, 0x4C6C, 0x4C8C, 0x4C8D, 0x4C6D, 0x4C6D, 0x4C6E, 0x4C8E, 0x4C8E, 0x548F, 0x548F, 0x548F, 0x548F, 0x5C90, 0x5C90, 0x5C90,
    0x5C90, 0x5490, 0x5490, 0x5490, 0x5470, 0x5471, 0x4C71, 0x4C71, 0x4C71, 0x4C51, 0x4451, 0x4451, 0x4431, 0x4431, 0x4431, 0x4411,
    0x4C6C, 0x4C8C, 0x4C8D, 0x4C8D, 0x4C8D, 0x4C8E, 0x4C8E, 0x4C8E, 0x548F, 0x548F, 0x548F, 0x548F, 0x5C90, 0x5C90, 0x5C90, 0x5C90,
    0x5C90, 0x5C90, 0x5C91, 0x5491, 0x5491, 0x5491, 0x5491, 0x5491, 0x5471, 0x5471, 0x4C71, 0x4C71, 0x4C51, 0x4451, 0x4431, 0x4431,
    0x4C8C, 0x4C8D, 0x4C8D, 0x4C8D, 0x4C8E, 0x548E, 0x548E, 0x548F, 0x548F, 0x548F, 0x5C8F, 0x5C90, 0x5C90, 0x5CB0, 0x5CB0, 0x5CB0,
    0x5CB1, 0x5CB1, 0x5C91, 0x5C91, 0x5C91, 0x5C91, 0x5C91, 0x5C91, 0x5491, 0x5491, 0x5491, 0x5471, 0x4C71, 0x4C71, 0x4C51, 0x4451,
    0x4C8D, 0x4C8D, 0x4C8D, 0x548E, 0x548E, 0x548E, 0x548F, 0x548F, 0x5C8F, 0x5C90, 0x5CB0, 0x5CB0, 0x5CB0, 0x5CB0, 0x5CB1, 0x64B1,
    0x64B1, 0x5CB1, 0x5CB1, 0x5CB1, 0x5CB1, 0x5C91, 0x5C91, 0x5C91, 0x5C91, 0x5C91, 0x5C91, 0x5C91, 0x5491, 0x5471, 0x5471, 0x4C71,
    0x4C8D, 0x548D, 0x548E, 0x548E, 0x548E, 0x5C8F, 0x5CAF, 0x64B0, 0x64B0, 0x6CB0, 0x6CB0, 0x6CB1, 0x6CB1, 0x6CB1, 0x6CB1, 0x6CB1,
    0x6CB1, 0x6CB1, 0x6CB1, 0x64B1, 0x64B1, 0x64B1, 0x5CB1, 0x5CB1, 0x5C91, 0x5C91, 0x5C91, 0x5C92, 0x5C91, 0x5C91, 0x5491, 0x5471,
    0x4C8D, 0x548E, 0x548E, 0x5C8E, 0x5CAF, 0x64AF, 0x6CB0, 0x6CB0, 0x74D1, 0x74D1, 0x7CD1, 0x7CD1, 0x7CD1, 0x7CD1, 0x7CD1, 0x7CD1,
    0x7CD1, 0x74D1, 0x74D1, 0x6CB1, 0x6CB1, 0x64B1, 0x64B1, 0x64B1, 0x64B1, 0x64B2, 0x64B2, 0x64B2, 0x64B2, 0x5C92, 0x5C92, 0x5C92,
    0x28A3, 0x28A3, 0x2883, 0x2083, 0x20A4, 0x20A4, 0x28A5, 0x28A5, 0x28A6, 0x28A7, 0x28C7, 0x28C8, 0x30C8, 0x30E9, 0x30EA, 0x38EA,
    0x38EB, 0x38EC, 0x38EC, 0x310D, 0x310D, 0x310E, 0x310E, 0x310F, 0x310F, 0x310F, 0x310F, 0x310F, 0x310F, 0x3110, 0x3110, 0x2910,
    0x28E3, 0x28C3, 0x28C3, 0x28A4, 0x28A4, 0x28A5, 0x28A5, 0x28A6, 0x28A7, 0x28C7, 0x28C8, 0x28C9, 0x30C9, 0x30EA, 0x30EB, 0x30EB,
    0x30EC, 0x30EC, 0x310D, 0x310D, 0x310E, 0x290E, 0x290F, 0x290F, 0x290F, 0x290F, 0x290F, 0x2910, 0x2910, 0x2910, 0x2930, 0x2930,
    0x2903, 0x2903, 0x28E3, 0x28C4, 0x28C5, 0x28A5, 0x28A6, 0x28C7, 0x28C7, 0x28C8, 0x28C9, 0x28E9, 0x28EA, 0x28EB, 0x30EB, 0x30EC,
    0x290C, 0x290D, 0x290D, 0x290E, 0x290E, 0x290F, 0x290F, 0x290F, 0x290F, 0x290F, 0x2910, 0x2910, 0x2910, 0x2910, 0x2930, 0x2930,
    0x2964, 0x2964, 0x2964, 0x2945, 0x2905, 0x2906, 0x28E7, 0x28E7, 0x28E8, 0x28E9, 0x28E9, 0x28EA, 0x28EB, 0x28EB, 0x290C, 0x290C,
    0x290D, 0x290D, 0x290E, 0x290E, 0x290E, 0x290F, 0x290F, 0x292F, 0x292F, 0x2930, 0x2930, 0x2930, 0x2930, 0x2930, 0x2930, 0x2930,
    0x29A4, 0x31C4, 0x31E5, 0x29A5, 0x2986, 0x2947, 0x2927, 0x2928, 0x2909, 0x2109, 0x210A, 0x290B, 0x290B, 0x290C, 0x290C, 0x290D,
    0x290D, 0x290E, 0x290E, 0x292E, 0x292F, 0x292F, 0x292F, 0x292F, 0x2930, 0x2930, 0x2930, 0x2930, 0x2930, 0x2930, 0x2930, 0x2930,
    0x31E4, 0x3205, 0x3225, 0x3206, 0x29E6, 0x29C7, 0x29A8, 0x2988, 0x2969, 0x294A, 0x294A, 0x294B, 0x292C, 0x292C, 0x292D, 0x292D,
    0x292E, 0x292E, 0x292E, 0x292F, 0x292F, 0x292F, 0x292F, 0x292F, 0x2930, 0x2930, 0x2930, 0x2930, 0x2930, 0x2930, 0x2950, 0x2950,
    0x3225, 0x3245, 0x3286, 0x3266, 0x3247, 0x2A48, 0x2A28, 0x29E9, 0x29CA, 0x29AA, 0x298B, 0x298C, 0x296C, 0x296D, 0x294D, 0x294D,
    0x294E, 0x294E, 0x294E, 0x294F, 0x294F, 0x294F, 0x294F, 0x2950, 0x2950, 0x2930, 0x2930, 0x2950, 0x2950, 0x2950, 0x2950, 0x2950,
    0x3265, 0x3286, 0x32A6, 0x32A7, 0x32A7, 0x2A88, 0x2A69, 0x2A49, 0x2A2A, 0x2A0B, 0x29EB, 0x29CC, 0x29AC, 0x29AD, 0x298D, 0x298D,
    0x296E, 0x296E, 0x296F, 0x294F, 0x294F, 0x294F, 0x2950, 0x2950, 0x2950, 0x2950, 0x2950, 0x2950, 0x2950, 0x2950, 0x2950, 0x2950,
    0x3286, 0x32A6, 0x32E6, 0x32E7, 0x32E7, 0x32C8, 0x2AA9, 0x2AAA, 0x2A8A, 0x2A6B, 0x2A4B, 0x2A2C, 0x2A0C, 0x29ED, 0x29CD, 0x29AE,
    0x29AE, 0x298E, 0x298F, 0x296F, 0x296F, 0x296F, 0x2970, 0x2970, 0x2950, 0x2950, 0x2950, 0x2950, 0x2950, 0x2970, 0x2970, 0x2970,
    0x3AC6, 0x32E6, 0x3306, 0x3307, 0x3308, 0x3308, 0x2AE9, 0x2AEA, 0x2ACA, 0x2AAB, 0x2AAC, 0x2A8C, 0x2A6C, 0x2A4D, 0x2A2D, 0x2A0E,
    0x29EE, 0x29CE, 0x29AF, 0x298F, 0x298F, 0x296F, 0x2970, 0x2970, 0x2970, 0x2970, 0x2970, 0x2970, 0x2970, 0x2970, 0x2970, 0x2970,
    0x3AE6, 0x3B06, 0x3327, 0x3327, 0x3328, 0x3328, 0x3329, 0x2B0A, 0x2B0A, 0x2AEB, 0x2AEC, 0x2ACC, 0x2AAD, 0x2A8D, 0x2A6D, 0x2A4E,
    0x2A2E, 0x2A0E, 0x29EF, 0x29CF, 0x29AF, 0x298F, 0x2990, 0x2990, 0x2990, 0x2970, 0x2970, 0x2970, 0x2970, 0x2970, 0x2990, 0x3190,
    0x3B06, 0x3B27, 0x3B47, 0x3347, 0x3368, 0x3349, 0x3349, 0x2B2A, 0x2B2A, 0x2B2B, 0x2B0C, 0x2B0C, 0x2AED, 0x2ACD, 0x2ACD, 0x2AAE,
    0x2A8E, 0x2A6E, 0x2A2F, 0x2A0F, 0x29EF, 0x29CF, 0x29B0, 0x29B0, 0x2990, 0x2990, 0x2990, 0x2990, 0x2990, 0x2990, 0x2990, 0x3191,
    0x3B26, 0x3B47, 0x3B67, 0x3368, 0x3388, 0x3369, 0x3369, 0x336A, 0x2B4B, 0x2B4B, 0x2B4C, 0x2B2C, 0x2B2D, 0x2B0D, 0x2B0D, 0x2AEE,
    0x2ACE, 0x2AAE, 0x2A8F, 0x2A4F, 0x2A2F, 0x2A0F, 0x29F0, 0x29D0, 0x29D0, 0x29B0, 0x29B0, 0x29B0, 0x29B0, 0x2990, 0x2991, 0x3191,
    0x3B67, 0x3B67, 0x3B88, 0x3B88, 0x3388, 0x3389, 0x338A, 0x338A, 0x336B, 0x2B6B, 0x2B6C, 0x2B6C, 0x2B4D, 0x2B4D, 0x232D, 0x232E,
    0x230E, 0x2AEE, 0x2ACF, 0x2AAF, 0x2A8F, 0x2A4F, 0x2A30, 0x2A10, 0x29F0, 0x29F0, 0x29D0, 0x29D0, 0x29D0, 0x29B1, 0x29B1, 0x31B1,
    0x3B67, 0x3B87, 0x3BA8, 0x3BA8, 0x3BA9, 0x33A9, 0x33AA, 0x33AA, 0x338B, 0x338B, 0x2B8C, 0x2B8C, 0x2B6D, 0x2B6D, 0x2B6D, 0x2B4E,
    0x234E, 0x2B2E, 0x2B0F, 0x2AEF, 0x2ACF, 0x2AAF, 0x2A90, 0x2A70, 0x2A50, 0x2A30, 0x2A10, 0x29F0, 0x29F1, 0x29D1, 0x31D1, 0x31B1,
    0x3B87, 0x3BA8, 0x3BC8, 0x3BC9, 0x3BC9, 0x3BCA, 0x33CA, 0x33CB, 0x33AB, 0x33AC, 0x33AC, 0x33AD, 0x2BAD, 0x2B8D, 0x2B8D, 0x2B8E,
    0x2B6E, 0x2B6E, 0x2B4F, 0x2B2F, 0x2B2F, 0x2B0F, 0x2AD0, 0x2AB0, 0x2A90, 0x2A70, 0x2A50, 0x2A30, 0x2A31, 0x3211, 0x31F1, 0x31D1,
    0x3BA8, 0x3BC8, 0x3BC9, 0x3BE9, 0x3BE9, 0x3BEA, 0x3BEB, 0x3BCB, 0x33CC, 0x33CC, 0x33CC, 0x33CD, 0x33CD, 0x33AD, 0x2BAE, 0x2BAE,
    0x2B8E, 0x2B8E, 0x2B8F, 0x2B6F, 0x2B6F, 0x2B4F, 0x2B30, 0x3310, 0x32F0, 0x32D0, 0x32B0, 0x3291, 0x3271, 0x3231, 0x3211, 0x31F1,
    0x3BC8, 0x3BC9, 0x3BE9, 0x3BE9, 0x3C0A, 0x3BEA, 0x3BEB, 0x3BEB, 0x3BEC, 0x3BEC, 0x3BED, 0x33ED, 0x33ED, 0x33CD, 0x33CE, 0x33CE,
    0x2BAE, 0x2BAE, 0x2BAF, 0x2B8F, 0x2B8F, 0x2B90, 0x3370, 0x3350, 0x3330, 0x3310, 0x32F1, 0x32D1, 0x32B1, 0x3271, 0x3251, 0x3211,
    0x3BE9, 0x3BE9, 0x3C09, 0x3C0A, 0x3C0A, 0x3C0B, 0x3C0B, 0x3C0C, 0x3C0C, 0x3C0D, 0x3C0D, 0x3C0D, 0x3BED, 0x3BEE, 0x33EE, 0x33EE,
    0x33EE, 0x33CF, 0x2BCF, 0x2BCF, 0x2BAF, 0x33B0, 0x33B0, 0x3390, 0x3390, 0x3B70, 0x3351, 0x3311, 0x32F1, 0x32B1, 0x3291, 0x3251,
    0x3BE9, 0x3C09, 0x440A, 0x442A, 0x442B, 0x442B, 0x3C2C, 0x3C2C, 0x3C2C, 0x3C2D, 0x3C0D, 0x3C0D, 0x3C0E, 0x3C0E, 0x3C0E, 0x3C0E,
    0x3C0F, 0x33EF, 0x33EF, 0x33EF, 0x33CF, 0x33D0, 0x33D0, 0x3BD0, 0x3BB0, 0x3BB1, 0x3B91, 0x3B71, 0x3B31, 0x3311, 0x32D1, 0x32B1,
    0x3C09, 0x440A, 0x442A, 0x442B, 0x442B, 0x442B, 0x442C, 0x442C, 0x442D, 0x442D, 0x442D, 0x442E, 0x442E, 0x442E, 0x442E, 0x3C2F,
    0x3C0F, 0x3C0F, 0x3C0F, 0x340F, 0x33F0, 0x33F0, 0x33F0, 0x3BF0, 0x3BF0, 0x3BD1, 0x3BB1, 0x3BB1, 0x3B71, 0x3B51, 0x3B11, 0x3AF1,
    0x442A, 0x442A, 0x444B, 0x444B, 0x444B, 0x444C, 0x444C, 0x444D, 0x444D, 0x444D, 0x444E, 0x444E, 0x444E, 0x444E, 0x444F, 0x442F,
    0x442F, 0x442F, 0x3C2F, 0x3C2F, 0x3C10, 0x3C10, 0x3C10, 0x3C10, 0x3BF0, 0x3BF1, 0x3BF1, 0x3BD1, 0x3BB1, 0x3B91, 0x3B71, 0x3B31,
    0x442A, 0x444B, 0x444B, 0x444B, 0x444C, 0x444C, 0x444D, 0x444D, 0x444D, 0x444E, 0x444E, 0x4C4E, 0x4C4F, 0x4C4F, 0x4C4F, 0x4C4F,
    0x444F, 0x444F, 0x444F, 0x4430, 0x4430, 0x3C30, 0x3C30, 0x3C10, 0x3C10, 0x3C11, 0x3C11, 0x3BF1, 0x3BD1, 0x3BB1, 0x3B91, 0x3B71,
    0x444A, 0x444B, 0x446B, 0x446C, 0x4C6C, 0x446D, 0x446D, 0x4C6D, 0x4C6E, 0x4C6E, 0x4C6E, 0x4C6F, 0x4C6F, 0x4C6F, 0x4C6F, 0x4C6F,
    0x4C6F, 0x4C70, 0x4C50, 0x4450, 0x4450, 0x4450, 0x4430, 0x4430, 0x3C31, 0x3C31, 0x3C11, 0x3C11, 0x3BF1, 0x3BF1, 0x3BD1, 0x3BB1,
    0x444B, 0x446B, 0x4C6C, 0x4C6C, 0x4C6D, 0x4C6D, 0x4C6D, 0x4C6E, 0x4C6E, 0x4C6E, 0x4C6F, 0x546F, 0x546F, 0x546F, 0x5470, 0x5470,
    0x5470, 0x5470, 0x4C70, 0x4C70, 0x4C70, 0x4C50, 0x4451, 0x4451, 0x4451, 0x4431, 0x4431, 0x4431, 0x3C11, 0x3C11, 0x3BF1, 0x43D1,
    0x446B, 0x4C6C, 0x4C6C, 0x4C6C, 0x4C6D, 0x4C6D, 0x4C6E, 0x4C6E, 0x4C8E, 0x548F, 0x548F, 0x548F, 0x548F, 0x5490, 0x5C90, 0x5C90,
    0x5490, 0x5490, 0x5490, 0x5490, 0x5470, 0x4C71, 0x4C71, 0x4C71, 0x4C51, 0x4C51, 0x4451, 0x4431, 0x4431, 0x3C11, 0x4411, 0x43F1,
    0x4C6C, 0x4C6C, 0x4C8C, 0x4C8D, 0x4C8D, 0x4C8D, 0x4C8E, 0x548E, 0x548F, 0x548F, 0x548F, 0x5C8F, 0x5C90, 0x5C90, 0x5C90, 0x5C90,
    0x5C90, 0x5C90, 0x5C91, 0x5491, 0x5491, 0x5491, 0x5491, 0x5471, 0x5471, 0x4C71, 0x4C71, 0x4C51, 0x4451, 0x4431, 0x4431, 0x4411,
    0x4C6C, 0x4C8C, 0x4C8D, 0x4C8D, 0x4C8D, 0x548E, 0x548E, 0x548E, 0x548F, 0x548F, 0x5C8F, 0x5C90, 0x5CB0, 0x5CB0, 0x64B0, 0x64B0,
    0x64B1, 0x5CB1, 0x5C91, 0x5C91, 0x5C91, 0x5C91, 0x5C91, 0x5C91, 0x5491, 0x5491, 0x5471, 0x4C71, 0x4C71, 0x4C51, 0x4451, 0x4431,
    0x4C8C, 0x4C8D, 0x4C8D, 0x548D, 0x548E, 0x548E, 0x548E, 0x5C8F, 0x5C8F, 0x5CB0, 0x64B0, 0x64B0, 0x64B0, 0x64B0, 0x64B1, 0x64B1,
    0x64B1, 0x64B1, 0x64B1, 0x5CB1, 0x5CB1, 0x5C91, 0x5C91, 0x5C91, 0x5C91, 0x5C91, 0x5C91, 0x5491, 0x5471, 0x4C71, 0x4C51, 0x4C51,
    0x4C8D, 0x4C8D, 0x548D, 0x548E, 0x548E, 0x548E, 0x5C8F, 0x5CAF, 0x64B0, 0x64B0, 0x64B0, 0x6CB0, 0x6CB1, 0x6CB1, 0x6CB1, 0x6CB1,
    0x6CB1, 0x6CB1, 0x64B1, 0x64B1, 0x64B1, 0x5CB1, 0x5CB1, 0x5CB1, 0x5C91, 0x5C91, 0x5C91, 0x5C92, 0x5C91, 0x5491, 0x5471, 0x5471,
    0x4C8D, 0x548D, 0x548E, 0x5C8E, 0x5CAF, 0x5CAF, 0x64AF, 0x64B0, 0x6CB0, 0x6CD1, 0x74D1, 0x74D1, 0x74D1, 0x74D1, 0x74D1, 0x74D1,
    0x74D1, 0x74D1, 0x74D1, 0x6CB1, 0x6CB1, 0x64B1, 0x64B1, 0x64B1, 0x64B1, 0x64B2, 0x64B2, 0x6492, 0x5C92, 0x5C92, 0x5C91, 0x5471,
    0x4C8D, 0x548E, 0x5C8E, 0x5CAF, 0x64AF, 0x64B0, 0x6CB0, 0x6CD0, 0x74D1, 0x7CD1, 0x7CD1, 0x7CD1, 0x84D1, 0x84D2, 0x84D2, 0x84D2,
    0x7CD2, 0x7CD2, 0x7CD2, 0x74D1, 0x6CB1, 0x6CB1, 0x64B1, 0x64B1, 0x64B1, 0x64B2, 0x64B2, 0x64B2, 0x64B2, 0x64B2, 0x5C92, 0x5C92,
    0x30A3, 0x28A3, 0x28A3, 0x28A3, 0x28A4, 0x28A4, 0x28A5, 0x28A5, 0x28A6, 0x28A7, 0x30C7, 0x30C8, 0x30C8, 0x38C9, 0x38EA, 0x38EA,
    0x38EB, 0x38EC, 0x38EC, 0x390D, 0x390D, 0x390E, 0x310E, 0x310F, 0x310F, 0x310F, 0x310F, 0x310F, 0x310F, 0x3110, 0x3110, 0x3110,
    0x30E3, 0x30E3, 0x30C3, 0x30C4, 0x28A4, 0x28A5, 0x28A5, 0x28A6, 0x28A7, 0x30C7, 0x30C8, 0x30C8, 0x30C9, 0x30EA, 0x38EA, 0x38EB,
    0x38EC, 0x38EC, 0x390D, 0x310D, 0x310E, 0x310E, 0x310E, 0x310F, 0x310F, 0x310F, 0x310F, 0x310F, 0x3110, 0x3110, 0x3110, 0x3110,
    0x3123, 0x3103, 0x30E3, 0x30C4, 0x30C5, 0x28C5, 0x28A6, 0x28C7, 0x28C7, 0x30C8, 0x30C8, 0x30C9, 0x30EA, 0x30EA, 0x30EB, 0x30EC,
    0x310C, 0x310D, 0x310D, 0x310E, 0x290E, 0x290F, 0x290F, 0x290F, 0x290F, 0x290F, 0x290F, 0x2910, 0x2910, 0x2910, 0x3130, 0x3130,
    0x3164, 0x3164, 0x3164, 0x3144, 0x3105, 0x28E6, 0x28E6, 0x28C7, 0x28C8, 0x28C8, 0x28E9, 0x28EA, 0x28EB, 0x28EB, 0x30EC, 0x310C,
    0x290D, 0x290D, 0x290E, 0x290E, 0x290F, 0x290F, 0x290F, 0x290F, 0x290F, 0x2910, 0x2910, 0x2910, 0x2930, 0x2930, 0x2930, 0x3130,
    0x31A4, 0x31C4, 0x39E5, 0x31A5, 0x3165, 0x2926, 0x2907, 0x2908, 0x28E8, 0x28E9, 0x28EA, 0x28EB, 0x28EB, 0x290C, 0x290C, 0x290D,
    0x290D, 0x290E, 0x290E, 0x290F, 0x290F, 0x290F, 0x290F, 0x290F, 0x2910, 0x2910, 0x2930, 0x2930, 0x2930, 0x2930, 0x2930, 0x2930,
    0x31E4, 0x3205, 0x3225, 0x3205, 0x31E6, 0x31C7, 0x2988, 0x2968, 0x2949, 0x294A, 0x292B, 0x292B, 0x292C, 0x290C, 0x290D, 0x290D,
    0x290E, 0x292E, 0x292E, 0x292F, 0x292F, 0x292F, 0x292F, 0x2930, 0x2930, 0x2930, 0x2930, 0x2930, 0x2930, 0x2930, 0x2930, 0x2950,
    0x3225, 0x3245, 0x3286, 0x3266, 0x3267, 0x3248, 0x2A28, 0x29E9, 0x29CA, 0x298B, 0x296B, 0x296C, 0x294C, 0x294D, 0x292D, 0x292E,
    0x292E, 0x292E, 0x292F, 0x292F, 0x292F, 0x292F, 0x2930, 0x2930, 0x2930, 0x2930, 0x2930, 0x2930, 0x2930, 0x2950, 0x2950, 0x2950,
    0x3265, 0x3286, 0x3AA6, 0x32A6, 0x32A7, 0x3288, 0x3269, 0x2A69, 0x2A2A, 0x2A0B, 0x29EB, 0x29CC, 0x29AD, 0x298D, 0x296D, 0x296E,
    0x294E, 0x294F, 0x294F, 0x294F, 0x294F, 0x294F, 0x2950, 0x2950, 0x2950, 0x2950, 0x2950, 0x2950, 0x2950, 0x2950, 0x2950, 0x2950,
    0x3286, 0x3AA6, 0x3AE6, 0x32E7, 0x32E7, 0x32E8, 0x32C9, 0x2AAA, 0x2AAB, 0x2A6B, 0x2A4C, 0x2A2C, 0x29ED, 0x29CD, 0x29AE, 0x298E,
    0x298E, 0x296F, 0x296F, 0x296F, 0x294F, 0x2950, 0x2950, 0x2950, 0x2950, 0x2950, 0x2950, 0x2950, 0x2950, 0x2950, 0x2970, 0x3170,
    0x3AC6, 0x3AE6, 0x3B06, 0x3B27, 0x3327, 0x3308, 0x3309, 0x2AEA, 0x2AEB, 0x2ACB, 0x2AAC, 0x2A8C, 0x2A6D, 0x2A2D, 0x2A0E, 0x29EE,
    0x29CE, 0x29AF, 0x298F, 0x298F, 0x296F, 0x2970, 0x2970, 0x2970, 0x2970, 0x2970, 0x2970, 0x2970, 0x2970, 0x2970, 0x2970, 0x3170,
    0x3AE6, 0x3B06, 0x3B26, 0x3B47, 0x3347, 0x3348, 0x3349, 0x2B2A, 0x2B2B, 0x2B0B, 0x2B0C, 0x2AED, 0x2AAD, 0x2A8D, 0x2A6E, 0x2A4E,
    0x2A0E, 0x29EF, 0x29CF, 0x29AF, 0x298F, 0x2990, 0x2990, 0x2970, 0x2970, 0x2970, 0x2970, 0x2970, 0x2970, 0x2970, 0x2970, 0x3190,
    0x3B06, 0x3B26, 0x3B47, 0x3B67, 0x3368, 0x3368, 0x3369, 0x334A, 0x2B4B, 0x2B4B, 0x2B2C, 0x2B2D, 0x2B0D, 0x2AED, 0x2ACE, 0x2AAE,
    0x2A6E, 0x2A4F, 0x2A0F, 0x29EF, 0x29CF, 0x29B0, 0x29B0, 0x2990, 0x2990, 0x2990, 0x2990, 0x2990, 0x2990, 0x2990, 0x3190, 0x3191,
    0x3B26, 0x3B47, 0x3B67, 0x3B88, 0x3B88, 0x3389, 0x3389, 0x338A, 0x336B, 0x2B6B, 0x2B6C, 0x2B4D, 0x2B4D, 0x2B2D, 0x2B0E, 0x2AEE,
    0x2ACE, 0x2AAF, 0x2A6F, 0x2A2F, 0x2A0F, 0x29F0, 0x29D0, 0x29B0, 0x29B0, 0x29B0, 0x29B0, 0x2990, 0x2990, 0x2991, 0x3191, 0x3191,
    0x3B47, 0x3B67, 0x3B88, 0x3BA8, 0x3BA8, 0x3BA9, 0x33AA, 0x33AA, 0x338B, 0x338B, 0x2B8C, 0x2B6D, 0x2B6D, 0x2B6D, 0x2B4E, 0x232E,
    0x2B0E, 0x2AEF, 0x2ACF, 0x2A8F, 0x2A6F, 0x2A50, 0x2A10, 0x29F0, 0x29F0, 0x29D0, 0x29D0, 0x29B0, 0x29B0, 0x29B1, 0x31B1, 0x31B1,
    0x3B67, 0x3B87, 0x3BA8, 0x3BC8, 0x3BC9, 0x3BC9, 0x3BCA, 0x33CB, 0x33AB, 0x33AC, 0x33AC, 0x33AD, 0x2B8D, 0x2B8D, 0x2B8E, 0x2B6E,
    0x2B4E, 0x2B2F, 0x2B0F, 0x2AEF, 0x2ACF, 0x2A90, 0x2A70, 0x2A50, 0x2A30, 0x2A10, 0x29F0, 0x29F0, 0x29D1, 0x31D1, 0x31B1, 0x31B1,
    0x3B87, 0x3BA8, 0x3BC8, 0x3BC9, 0x3BE9, 0x3BEA, 0x3BEA, 0x3BCB, 0x33CB, 0x33CC, 0x33CC, 0x33CD, 0x33AD, 0x2BAD, 0x2BAE, 0x2B8E,
    0x2B8E, 0x2B6F, 0x2B4F, 0x2B2F, 0x2B0F, 0x2AF0, 0x2AD0, 0x2AB0, 0x2A90, 0x2A50, 0x2A50, 0x2A31, 0x3211, 0x31F1, 0x31D1, 0x31B1,
    0x3BA8, 0x3BC8, 0x3BC9, 0x3BE9, 0x3C09, 0x3BEA, 0x3BEB, 0x3BEB, 0x3BEC, 0x3BEC, 0x3BED, 0x33ED, 0x33CD, 0x33CE, 0x33CE, 0x2BCE,
    0x2BAE, 0x2BAF, 0x2B8F, 0x2B8F, 0x2B70, 0x3350, 0x3330, 0x32F0, 0x32D0, 0x32B0, 0x3291, 0x3271, 0x3231, 0x3211, 0x31F1, 0x31D1,
    0x3BC8, 0x3BE9, 0x3BE9, 0x3C09, 0x3C0A, 0x3C0A, 0x3C0B, 0x3C0B, 0x3C0C, 0x3C0C, 0x3C0D, 0x3C0D, 0x3BED, 0x33EE, 0x33EE, 0x33EE,
    0x33CF, 0x2BCF, 0x2BAF, 0x2BAF, 0x33B0, 0x3390, 0x3370, 0x3350, 0x3330, 0x3311, 0x32D1, 0x32B1, 0x3291, 0x3251, 0x3231, 0x31F1,
    0x3BE9, 0x3BE9, 0x3C09, 0x440A, 0x442A, 0x442B, 0x3C2B, 0x3C2C, 0x3C2C, 0x3C2D, 0x3C0D, 0x3C0D, 0x3C0E, 0x3C0E, 0x3C0E, 0x3C0E,
    0x33EF, 0x33EF, 0x33EF, 0x33CF, 0x33D0, 0x33D0, 0x33B0, 0x3BB0, 0x3B91, 0x3B51, 0x3331, 0x3311, 0x32D1, 0x3291, 0x3271, 0x3231,
    0x3BE9, 0x4409, 0x440A, 0x442A, 0x442B, 0x442B, 0x442C, 0x442C, 0x442D, 0x442D, 0x442D, 0x442E, 0x442E, 0x442E, 0x3C2E, 0x3C2F,
    0x3C0F, 0x3C0F, 0x340F, 0x33F0, 0x33F0, 0x33F0, 0x3BD0, 0x3BD0, 0x3BB1, 0x3BB1, 0x3B71, 0x3B51, 0x3311, 0x32F1, 0x32B1, 0x3271,
    0x4409, 0x442A, 0x442A, 0x444B, 0x444B, 0x444B, 0x444C, 0x444C, 0x444D, 0x444D, 0x444E, 0x444E, 0x444E, 0x444E, 0x444F, 0x442F,
    0x442F, 0x3C2F, 0x3C2F, 0x3C10, 0x3C10, 0x3C10, 0x3BF0, 0x3BF0, 0x3BF1, 0x3BD1, 0x3BB1, 0x3B91, 0x3B71, 0x3B31, 0x3AF1, 0x3AB1,
    0x442A, 0x442A, 0x444B, 0x444B, 0x446B, 0x444C, 0x444C, 0x444D, 0x444D, 0x444D, 0x444E, 0x4C4E, 0x4C4E, 0x4C4F, 0x4C4F, 0x444F,
    0x444F, 0x444F, 0x4450, 0x4430, 0x3C30, 0x3C30, 0x3C10, 0x3C10, 0x3C11, 0x3BF1, 0x3BF1, 0x3BD1, 0x3BB1, 0x3B71, 0x3B51, 0x3B11,
    0x442A, 0x444A, 0x444B, 0x446B, 0x4C6C, 0x446C, 0x446D, 0x446D, 0x4C6D, 0x4C6E, 0x4C6E, 0x4C6E, 0x4C6F, 0x4C6F, 0x4C6F, 0x4C6F,
    0x4C70, 0x4C70, 0x4C50, 0x4450, 0x4450, 0x4430, 0x4430, 0x4431, 0x4411, 0x4411, 0x3C11, 0x3BF1, 0x3BD1, 0x3BB1, 0x3B91, 0x3B51,
    0x444A, 0x444B, 0x446B, 0x4C6C, 0x4C6C, 0x4C6D, 0x4C6D, 0x4C6D, 0x4C6E, 0x4C6E, 0x4C6E, 0x546F, 0x546F, 0x546F, 0x5490, 0x5470,
    0x5470, 0x4C70, 0x4C70, 0x4C70, 0x4C70, 0x4C51, 0x4451, 0x4451, 0x4431, 0x4431, 0x3C11, 0x3C11, 0x3BF1, 0x3BD1, 0x43B1, 0x4391,
    0x444B, 0x446B, 0x4C6C, 0x4C6C, 0x4C8C, 0x4C6D, 0x4C6D, 0x4C6E, 0x4C6E, 0x4C8E, 0x548F, 0x548F, 0x548F, 0x5490, 0x5C90, 0x5490,
    0x5490, 0x5490, 0x5490, 0x5470, 0x5471, 0x4C71, 0x4C71, 0x4C51, 0x4451, 0x4451, 0x4431, 0x4431, 0x4411, 0x4411, 0x43F1, 0x43D1,
    0x446B, 0x4C6C, 0x4C6C, 0x4C8C, 0x4C8D, 0x4C8D, 0x4C8E, 0x4C8E, 0x548E, 0x548F, 0x548F, 0x548F, 0x5C90, 0x5C90, 0x5C90, 0x5C90,
    0x5C90, 0x5C90, 0x5C91, 0x5491, 0x5491, 0x5491, 0x5471, 0x5471, 0x4C71, 0x4C71, 0x4C51, 0x4451, 0x4431, 0x4431, 0x4411, 0x43F1,
    0x4C6C, 0x4C6C, 0x4C8C, 0x4C8D, 0x4C8D, 0x548D, 0x548E, 0x548E, 0x548F, 0x548F, 0x5C8F, 0x5C90, 0x5CB0, 0x5CB0, 0x64B0, 0x64B0,
    0x64B1, 0x5CB1, 0x5C91, 0x5C91, 0x5C91, 0x5C91, 0x5491, 0x5491, 0x5491, 0x5471, 0x4C71, 0x4C51, 0x4C51, 0x4431, 0x4431, 0x4411,
    0x4C6C, 0x4C8C, 0x4C8D, 0x4C8D, 0x548D, 0x548E, 0x548E, 0x548F, 0x5C8F, 0x5CAF, 0x5CB0, 0x64B0, 0x64B0, 0x64B0, 0x64B1, 0x64B1,
    0x64B1, 0x64B1, 0x64B1, 0x5CB1, 0x5CB1, 0x5C91, 0x5C91, 0x5C91, 0x5C91, 0x5C91, 0x5491, 0x5471, 0x4C71, 0x4C51, 0x4C51, 0x4C31,
    0x4C8C, 0x4C8D, 0x4C8D, 0x548D, 0x548E, 0x548E, 0x5C8F, 0x5CAF, 0x64AF, 0x64B0, 0x6CB0, 0x6CB0, 0x6CB1, 0x6CB1, 0x6CB1, 0x6CB1,
    0x6CB1, 0x6CB1, 0x6CB1, 0x64B1, 0x64B1, 0x5CB1, 0x5CB1, 0x5C91, 0x5C91, 0x5C91, 0x5C91, 0x5C91, 0x5491, 0x5471, 0x5471, 0x4C51,
    0x4C8D, 0x4C8D, 0x548D, 0x548E, 0x5CAE, 0x5CAF, 0x5CAF, 0x64B0, 0x6CB0, 0x6CB0, 0x74D1, 0x74D1, 0x74D1, 0x74D1, 0x74D1, 0x74D1,
    0x74D1, 0x74D1, 0x6CD1, 0x6CB1, 0x64B1, 0x64B1, 0x64B1, 0x64B1, 0x64B1, 0x64B2, 0x6492, 0x5C92, 0x5C92, 0x5C91, 0x5471, 0x5471,
    0x4C8D, 0x548D, 0x548E, 0x5CAE, 0x64AF, 0x64AF, 0x64B0, 0x6CB0, 0x74D0, 0x74D1, 0x7CD1, 0x7CD1, 0x7CD1, 0x7CD1, 0x7CD1, 0x7CD2,
    0x7CD2, 0x7CD2, 0x74D1, 0x74D1, 0x6CB1, 0x6CB1, 0x64B1, 0x64B1, 0x64B1, 0x64B2, 0x64B2, 0x64B2, 0x6492, 0x5C92, 0x5C92, 0x5C92,
    0x4C8D, 0x548E, 0x5CAE, 0x64AF, 0x6CB0, 0x6CB0, 0x6CB0, 0x74D0, 0x74D1, 0x7CD1, 0x84D1, 0x84F1, 0x84F2, 0x84F2, 0x84F2, 0x84F2,
    0x84F2, 0x84D2, 0x7CD2, 0x7CD2, 0x74D2, 0x6CB1, 0x6CB1, 0x64B1, 0x64B1, 0x64B2, 0x64B2, 0x64B2, 0x64B2, 0x64B2, 0x6492, 0x5C92,
    0x30C3, 0x30C3, 0x30A3, 0x30A4, 0x30A4, 0x30A4, 0x30A5, 0x30A5, 0x30A6, 0x30C7, 0x30C7, 0x30C8, 0x38C8, 0x38C9, 0x38EA, 0x40EA,
    0x40EB, 0x40EB, 0x40EC, 0x410D, 0x410D, 0x390E, 0x390E, 0x390E, 0x390F, 0x390F, 0x390F, 0x390F, 0x390F, 0x3910, 0x3110, 0x3110,
    0x3103, 0x38E3, 0x38C3, 0x30C4, 0x30C4, 0x30C5, 0x30A5, 0x30A6, 0x30C7, 0x30C7, 0x30C8, 0x30C8, 0x38C9, 0x38EA, 0x38EA, 0x38EB,
    0x38EC, 0x38EC, 0x390D, 0x390D, 0x390E, 0x390E, 0x390E, 0x390F, 0x390F, 0x310F, 0x310F, 0x310F, 0x3110, 0x3110, 0x3110, 0x3110,
    0x3144, 0x3904, 0x38E4, 0x38E4, 0x38C5, 0x30C5, 0x30C6, 0x30C7, 0x30C7, 0x30C8, 0x30C8, 0x38C9, 0x38EA, 0x38EA, 0x38EB, 0x38EC,
    0x390C, 0x390D, 0x390D, 0x310E, 0x310E, 0x310E, 0x310F, 0x310F, 0x310F, 0x310F, 0x310F, 0x3110, 0x3110, 0x3110, 0x3130, 0x3930,
    0x3184, 0x3964, 0x3964, 0x3944, 0x3905, 0x3106, 0x30E6, 0x30C7, 0x30C8, 0x30C8, 0x30E9, 0x30EA, 0x30EA, 0x30EB, 0x30EC, 0x310C,
    0x310D, 0x310D, 0x310E, 0x310E, 0x310E, 0x310F, 0x310F, 0x310F, 0x310F, 0x290F, 0x3110, 0x3110, 0x3130, 0x3130, 0x3130, 0x3130,
    0x31C4, 0x39C4, 0x39E4, 0x39A5, 0x3965, 0x3926, 0x3107, 0x3108, 0x30E8, 0x30E9, 0x30EA, 0x30EA, 0x30EB, 0x30EC, 0x310C, 0x310D,
    0x310D, 0x290E, 0x290E, 0x290F, 0x290F, 0x290F, 0x290F, 0x290F, 0x2910, 0x2910, 0x2910, 0x2930, 0x2930, 0x3130, 0x3130, 0x3130,
    0x39E4, 0x3A05, 0x3A25, 0x3A05, 0x39E6, 0x39A7, 0x3187, 0x3168, 0x3149, 0x3129, 0x310A, 0x290B, 0x290C, 0x290C, 0x290D, 0x290D,
    0x290E, 0x290E, 0x290E, 0x290F, 0x290F, 0x290F, 0x292F, 0x2930, 0x2930, 0x2930, 0x2930, 0x2930, 0x2930, 0x2930, 0x3130, 0x3150,
    0x3A25, 0x3A45, 0x3A85, 0x3A66, 0x3A66, 0x3A27, 0x3208, 0x31C9, 0x31A9, 0x316A, 0x294B, 0x294C, 0x292C, 0x292D, 0x292D, 0x292E,
    0x292E, 0x292E, 0x292F, 0x292F, 0x292F, 0x292F, 0x2930, 0x2930, 0x2930, 0x2930, 0x2930, 0x2930, 0x2930, 0x2930, 0x2950, 0x2950,
    0x3A65, 0x3A85, 0x3AA6, 0x3AA6, 0x3AA7, 0x3A87, 0x3268, 0x3249, 0x322A, 0x31EB, 0x29CB, 0x29AC, 0x298D, 0x296D, 0x294E, 0x294E,
    0x294E, 0x292F, 0x292F, 0x292F, 0x292F, 0x2930, 0x2930, 0x2930, 0x2930, 0x2930, 0x2930, 0x2950, 0x2950, 0x2950, 0x2950, 0x3150,
    0x3A85, 0x3AA6, 0x3AE6, 0x3AE6, 0x3AE7, 0x3AC8, 0x32C8, 0x32A9, 0x32AA, 0x326B, 0x2A2C, 0x2A0C, 0x29CD, 0x29AD, 0x298E, 0x296E,
    0x296F, 0x294F, 0x294F, 0x294F, 0x2950, 0x2950, 0x2950, 0x2950, 0x2950, 0x2950, 0x2950, 0x2950, 0x2950, 0x2950, 0x3170, 0x3170,
    0x3AA6, 0x3AE6, 0x3B06, 0x3B27, 0x3B27, 0x3B08, 0x3309, 0x32E9, 0x32EA, 0x32CB, 0x32AC, 0x2A8D, 0x2A4D, 0x2A0D, 0x29EE, 0x29CE,
    0x29AF, 0x298F, 0x296F, 0x296F, 0x2970, 0x2970, 0x2950, 0x2950, 0x2950, 0x2950, 0x2950, 0x2950, 0x2970, 0x2970, 0x3170, 0x3170,
    0x3AE6, 0x3B06, 0x3B26, 0x3B47, 0x3B67, 0x3B48, 0x3349, 0x332A, 0x332A, 0x330B, 0x330C, 0x2ACD, 0x2AAD, 0x2A8D, 0x2A4E, 0x2A0E,
    0x29EF, 0x29CF, 0x29AF, 0x298F, 0x2990, 0x2970, 0x2970, 0x2970, 0x2970, 0x2970, 0x2970, 0x2970, 0x2970, 0x2970, 0x3170, 0x3191,
    0x3B06, 0x3B26, 0x3B47, 0x3B67, 0x3B88, 0x3B68, 0x3369, 0x336A, 0x334A, 0x334B, 0x334C, 0x2B2D, 0x2B0D, 0x2AED, 0x2AAE, 0x2A8E,
    0x2A4F, 0x2A0F, 0x29EF, 0x29CF, 0x29B0, 0x2990, 0x2990, 0x2990, 0x2990, 0x2990, 0x2990, 0x2970, 0x2990, 0x3190, 0x3191, 0x3191,
    0x3B26, 0x3B47, 0x3B67, 0x3B87, 0x3BA8, 0x3BA8, 0x3389, 0x338A, 0x338B, 0x336B, 0x336C, 0x2B6D, 0x2B4D, 0x2B2E, 0x2B0E, 0x2AEE,
    0x2AAF, 0x2A6F, 0x2A4F, 0x2A0F, 0x29F0, 0x29D0, 0x29B0, 0x29B0, 0x29B0, 0x2990, 0x2990, 0x2990, 0x2990, 0x3191, 0x3191, 0x3191,
    0x3B46, 0x3B67, 0x3B87, 0x3BA8, 0x3BC8, 0x3BC9, 0x3BA9, 0x33AA, 0x33AB, 0x33AC, 0x338C, 0x338D, 0x2B8D, 0x2B6E, 0x2B4E, 0x2B2E,
    0x2B0F, 0x2ACF, 0x2AAF, 0x2A6F, 0x2A50, 0x2A30, 0x29F0, 0x29F0, 0x29D0, 0x29D0, 0x29B0, 0x29B0, 0x29B1, 0x3191, 0x31B1, 0x31B1,
    0x3B87, 0x3B87, 0x3BA8, 0x3BC8, 0x3BC9, 0x3BC9, 0x3BCA, 0x3BCA, 0x33CB, 0x33CC, 0x33CC, 0x33AD, 0x33AD, 0x2BAE, 0x2B8E, 0x2B6E,
    0x2B4F, 0x2B2F, 0x2B0F, 0x2ACF, 0x2AB0, 0x2A70, 0x2A50, 0x2A30, 0x2A10, 0x29F0, 0x29F0, 0x29D1, 0x31D1, 0x31B1, 0x31B1, 0x31B1,
    0x4387, 0x3BA8, 0x3BC8, 0x3BE9, 0x3BE9, 0x3BE9, 0x3BEA, 0x3BEB, 0x3BEB, 0x3BEC, 0x3BED, 0x33CD, 0x33CD, 0x33CE, 0x33AE, 0x2BAE,
    0x2B8F, 0x2B6F, 0x2B4F, 0x2B2F, 0x2B10, 0x2AD0, 0x2AB0, 0x2A90, 0x2A70, 0x2A30, 0x2A11, 0x3211, 0x31F1, 0x31D1, 0x31D1, 0x31B1,
    0x43A8, 0x3BC8, 0x3BE9, 0x3BE9, 0x3C09, 0x3C0A, 0x3C0A, 0x3C0B, 0x3C0C, 0x3C0C, 0x3C0D, 0x3BED, 0x3BED, 0x33EE, 0x33EE, 0x33CF,
    0x33CF, 0x2BAF, 0x2B8F, 0x2B90, 0x3370, 0x3330, 0x3310, 0x32F0, 0x32B0, 0x3291, 0x3271, 0x3231, 0x3211, 0x31F1, 0x31F1, 0x31D1,
    0x43C8, 0x3BE9, 0x3BE9, 0x4409, 0x440A, 0x442A, 0x442B, 0x3C2B, 0x3C2C, 0x3C0D, 0x3C0D, 0x3C0D, 0x3C0E, 0x3C0E, 0x3C0E, 0x33EF,
    0x33EF, 0x33EF, 0x33CF, 0x33B0, 0x33B0, 0x3390, 0x3370, 0x3350, 0x3311, 0x32F1, 0x32B1, 0x3291, 0x3251, 0x3231, 0x3211, 0x31F1,
    0x43E9, 0x43E9, 0x4409, 0x440A, 0x442A, 0x442B, 0x442B, 0x442C, 0x442C, 0x442D, 0x442D, 0x442E, 0x442E, 0x442E, 0x3C2F, 0x3C0F,
    0x3C0F, 0x3C0F, 0x33F0, 0x33F0, 0x33D0, 0x33D0, 0x3BB0, 0x3B91, 0x3B71, 0x3351, 0x3311, 0x32D1, 0x32B1, 0x3271, 0x3251, 0x3211,
    0x43E9, 0x4409, 0x442A, 0x442A, 0x444B, 0x444B, 0x444B, 0x444C, 0x444D, 0x444D, 0x444D, 0x444E, 0x444E, 0x444E, 0x442F, 0x442F,
    0x442F, 0x3C2F, 0x3C10, 0x3C10, 0x3C10, 0x3BF0, 0x3BF0, 0x3BD1, 0x3BB1, 0x3B91, 0x3B71, 0x3B31, 0x32F1, 0x32B1, 0x3291, 0x3251,
    0x4409, 0x442A, 0x442A, 0x444B, 0x444B, 0x444B, 0x444C, 0x444C, 0x444D, 0x444D, 0x444E, 0x4C4E, 0x4C4E, 0x4C4F, 0x4C4F, 0x444F,
    0x444F, 0x4450, 0x4430, 0x3C30, 0x3C30, 0x3C10, 0x3C10, 0x3BF1, 0x3BF1, 0x3BD1, 0x3BB1, 0x3B71, 0x3B51, 0x3B11, 0x3AD1, 0x3AB1,
    0x442A, 0x442A, 0x444A, 0x444B, 0x446B, 0x446C, 0x446C, 0x446D, 0x446D, 0x4C6E, 0x4C6E, 0x4C6E, 0x4C6F, 0x4C6F, 0x4C6F, 0x4C6F,
    0x4C70, 0x4C50, 0x4450, 0x4450, 0x4430, 0x4430, 0x3C31, 0x3C11, 0x3C11, 0x3BF1, 0x3BD1, 0x3BB1, 0x3B91, 0x3B51, 0x3B31, 0x3AF1,
    0x442A, 0x444A, 0x444B, 0x446B, 0x4C6C, 0x4C6C, 0x4C6D, 0x4C6D, 0x4C6D, 0x4C6E, 0x4C6E, 0x4C6F, 0x546F, 0x546F, 0x5470, 0x5470,
    0x5470, 0x4C70, 0x4C70, 0x4C70, 0x4C50, 0x4451, 0x4451, 0x4431, 0x4431, 0x4411, 0x3BF1, 0x3BF1, 0x3BB1, 0x3B91, 0x4371, 0x4331,
    0x444A, 0x444B, 0x446B, 0x4C6C, 0x4C6C, 0x4C6D, 0x4C6D, 0x4C6D, 0x4C6E, 0x4C6E, 0x548F, 0x548F, 0x548F, 0x5490, 0x5490, 0x5490,
    0x5490, 0x5490, 0x5470, 0x5471, 0x4C71, 0x4C71, 0x4C51, 0x4451, 0x4451, 0x4431, 0x4411, 0x3C11, 0x43F1, 0x43D1, 0x43B1, 0x4371,
    0x444B, 0x446B, 0x4C6C, 0x4C6C, 0x4C8C, 0x4C8D, 0x4C8D, 0x4C8E, 0x548E, 0x548E, 0x548F, 0x548F, 0x5C90, 0x5C90, 0x5C90, 0x5C90,
    0x5C90, 0x5C90, 0x5491, 0x5491, 0x5491, 0x5471, 0x5471, 0x4C71, 0x4C51, 0x4451, 0x4431, 0x4431, 0x4411, 0x43F1, 0x43D1, 0x43B1,
    0x446B, 0x4C6C, 0x4C6C, 0x4C8C, 0x4C8D, 0x4C8D, 0x548D, 0x548E, 0x548E, 0x548F, 0x5C8F, 0x5C90, 0x5CB0, 0x64B0, 0x64B0, 0x64B0,
    0x64B1, 0x5CB1, 0x5C91, 0x5C91, 0x5C91, 0x5C91, 0x5491, 0x5491, 0x5471, 0x4C71, 0x4C51, 0x4451, 0x4431, 0x4411, 0x4411, 0x4BF1,
    0x4C6C, 0x4C6C, 0x4C8C, 0x4C8D, 0x548D, 0x548D, 0x548E, 0x548E, 0x5C8F, 0x5CAF, 0x5CB0, 0x64B0, 0x64B0, 0x64B0, 0x64B1, 0x64B1,
    0x64B1, 0x64B1, 0x64B1, 0x5CB1, 0x5C91, 0x5C91, 0x5C91, 0x5C91, 0x5C91, 0x5491, 0x5471, 0x4C71, 0x4C51, 0x4C31, 0x4C31, 0x4C11,
    0x4C6C, 0x4C8C, 0x4C8D, 0x548D, 0x548D, 0x548E, 0x5C8E, 0x5CAF, 0x5CAF, 0x64B0, 0x64B0, 0x6CB0, 0x6CB1, 0x6CB1, 0x6CB1, 0x6CB1,
    0x6CB1, 0x6CB1, 0x64B1, 0x64B1, 0x64B1, 0x5CB1, 0x5C91, 0x5C91, 0x5C91, 0x5C91, 0x5C91, 0x5491, 0x5471, 0x4C51, 0x4C51, 0x4C31,
    0x4C8C, 0x4C8D, 0x4C8D, 0x548D, 0x548E, 0x5CAE, 0x5CAF, 0x64AF, 0x64B0, 0x6CB0, 0x6CB0, 0x74D1, 0x74D1, 0x74D1, 0x74D1, 0x74D1,
    0x74D1, 0x74D1, 0x6CB1, 0x6CB1, 0x64B1, 0x64B1, 0x64B1, 0x64B1, 0x6491, 0x6492, 0x5C92, 0x5C91, 0x5C91, 0x5471, 0x5471, 0x5451,
    0x4C8D, 0x4C8D, 0x548D, 0x548E, 0x5CAE, 0x64AF, 0x64AF, 0x64B0, 0x6CB0, 0x74D0, 0x74D1, 0x7CD1, 0x7CD1, 0x7CD1, 0x7CD1, 0x7CD1,
    0x7CD1, 0x7CD1, 0x74D1, 0x74D1, 0x6CB1, 0x64B1, 0x64B1, 0x64B1, 0x64B2, 0x64B2, 0x64B2, 0x64B2, 0x5C92, 0x5C92, 0x5C92, 0x5471,
    0x4C8D, 0x548D, 0x548E, 0x5CAE, 0x64AF, 0x64AF, 0x6CB0, 0x6CB0, 0x74D0, 0x74D1, 0x7CD1, 0x7CD1, 0x84D1, 0x84F2, 0x84F2, 0x84D2,
    0x84D2, 0x7CD2, 0x7CD2, 0x74D2, 0x74D2, 0x6CB1, 0x6CB1, 0x64B1, 0x64B2, 0x64B2, 0x64B2, 0x64B2, 0x64B2, 0x6492, 0x5C92, 0x5C92,
    0x548D, 0x548E, 0x5C8E, 0x64AF, 0x6CD0, 0x6CD0, 0x74D0, 0x74D1, 0x74D1, 0x7CD1, 0x84D1, 0x84F1, 0x84F2, 0x84F2, 0x84F2, 0x84F2,
    0x84F2, 0x84F2, 0x84D2, 0x7CD2, 0x74D2, 0x74D2, 0x6CB2, 0x6CB2, 0x6CB2, 0x64B2, 0x64B2, 0x6CB2, 0x64B2, 0x64B2, 0x64B2, 0x6492,
    0x38C3, 0x38C3, 0x38C4, 0x38C4, 0x30C4, 0x30C5, 0x30A5, 0x30A5, 0x30A6, 0x30C7, 0x30C7, 0x38C8, 0x38C8, 0x38C9, 0x40EA, 0x40EA,
    0x40EB, 0x40EB, 0x40EC, 0x410C, 0x410D, 0x410D, 0x410E, 0x410E, 0x410F, 0x410F, 0x410F, 0x410F, 0x390F, 0x3910, 0x3910, 0x3910,
    0x3904, 0x38E4, 0x38E4, 0x38E4, 0x38C4, 0x38C5, 0x38C5, 0x30C6, 0x30C7, 0x30C7, 0x38C8, 0x38C8, 0x38C9, 0x40EA, 0x40EA, 0x40EB,
    0x40EB, 0x40EC, 0x410D, 0x410D, 0x410D, 0x410E, 0x410E, 0x390F, 0x390F, 0x390F, 0x390F, 0x390F, 0x3910, 0x3910, 0x3910, 0x3910,
    0x3944, 0x4124, 0x4104, 0x40E4, 0x40E5, 0x38C5, 0x38C6, 0x38C7, 0x38C7, 0x38C8, 0x38C8, 0x38C9, 0x38EA, 0x40EA, 0x40EB, 0x40EB,
    0x40EC, 0x410D, 0x410D, 0x390E, 0x390E, 0x390E, 0x390F, 0x390F, 0x390F, 0x390F, 0x310F, 0x3110, 0x3110, 0x3110, 0x3930, 0x3930,
    0x3984, 0x4184, 0x4164, 0x4144, 0x4105, 0x4106, 0x38E6, 0x38E7, 0x38C8, 0x38C8, 0x38E9, 0x38EA, 0x38EA, 0x38EB, 0x38EC, 0x390C,
    0x390D, 0x390D, 0x390E, 0x390E, 0x310E, 0x310F, 0x310F, 0x310F, 0x310F, 0x310F, 0x3110, 0x3110, 0x3130, 0x3130, 0x3930, 0x3930,
    0x39C4, 0x41C4, 0x41C4, 0x4185, 0x4145, 0x4126, 0x3927, 0x3907, 0x38E8, 0x38E9, 0x38E9, 0x38EA, 0x38EB, 0x38EC, 0x390C, 0x390D,
    0x310D, 0x310E, 0x310E, 0x310E, 0x310F, 0x310F, 0x310F, 0x310F, 0x310F, 0x3110, 0x3110, 0x3110, 0x3130, 0x3130, 0x3930, 0x3930,
    0x3A04, 0x4205, 0x4225, 0x4205, 0x41E5, 0x41A6, 0x3987, 0x3948, 0x3928, 0x3909, 0x390A, 0x310B, 0x310B, 0x310C, 0x310D, 0x310D,
    0x310E, 0x310E, 0x290E, 0x290F, 0x290F, 0x290F, 0x290F, 0x290F, 0x2910, 0x2930, 0x2930, 0x2930, 0x3130, 0x3130, 0x3130, 0x3150,
    0x3A25, 0x4265, 0x4285, 0x4265, 0x4266, 0x4227, 0x39E7, 0x39A8, 0x3989, 0x396A, 0x312A, 0x312B, 0x290C, 0x290D, 0x290D, 0x290E,
    0x290E, 0x290F, 0x290F, 0x290F, 0x290F, 0x290F, 0x2910, 0x2910, 0x2930, 0x2930, 0x2930, 0x2930, 0x2930, 0x2930, 0x3150, 0x3150,
    0x3A65, 0x3A85, 0x42A5, 0x42A6, 0x42A6, 0x4287, 0x3A48, 0x3A29, 0x3A0A, 0x31EA, 0x31AB, 0x318C, 0x296D, 0x294D, 0x292E, 0x292E,
    0x292E, 0x292F, 0x292F, 0x292F, 0x292F, 0x2930, 0x2930, 0x2930, 0x2930, 0x2930, 0x2930, 0x2930, 0x2950, 0x2950, 0x3150, 0x3150,
    0x3A85, 0x3AA6, 0x3AE6, 0x42E6, 0x42E7, 0x3AC7, 0x3AA8, 0x3AA9, 0x3A8A, 0x326B, 0x322C, 0x31EC, 0x29AD, 0x298D, 0x296E, 0x294E,
    0x294F, 0x294F, 0x294F, 0x294F, 0x2950, 0x2930, 0x2930, 0x2930, 0x2930, 0x2950, 0x2950, 0x2950, 0x2950, 0x2950, 0x3170, 0x3170,
    0x3AA6, 0x3AE6, 0x3B06, 0x4326, 0x3B27, 0x3B08, 0x3B08, 0x3AE9, 0x3AEA, 0x32CB, 0x32AC, 0x326D, 0x2A2D, 0x2A0E, 0x29CE, 0x29AE,
    0x298F, 0x296F, 0x296F, 0x2950, 0x2950, 0x2950, 0x2950, 0x2950, 0x2950, 0x2950, 0x2950, 0x2950, 0x2950, 0x3170, 0x3170, 0x3170,
    0x3AE6, 0x3B06, 0x4326, 0x3B47, 0x3B67, 0x3B48, 0x3B48, 0x3B29, 0x3B2A, 0x332B, 0x330C, 0x32CD, 0x32AD, 0x2A6E, 0x2A2E, 0x29EF,
    0x29CF, 0x29AF, 0x298F, 0x2970, 0x2970, 0x2970, 0x2970, 0x2970, 0x2970, 0x2970, 0x2970, 0x2970, 0x2970, 0x3170, 0x3170, 0x3191,
    0x3B06, 0x3B26, 0x4346, 0x3B67, 0x3B88, 0x3B88, 0x3B68, 0x3B69, 0x336A, 0x334B, 0x334C, 0x332D, 0x330D, 0x2ACE, 0x2AAE, 0x2A6E,
    0x2A2F, 0x29EF, 0x29CF, 0x29B0, 0x2990, 0x2990, 0x2990, 0x2970, 0x2970, 0x2970, 0x2970, 0x2970, 0x2970, 0x3190, 0x3191, 0x3191,
    0x4326, 0x4346, 0x4367, 0x4387, 0x3BA8, 0x3BA8, 0x3BA9, 0x3B8A, 0x338A, 0x338B, 0x338C, 0x336D, 0x336D, 0x2B2E, 0x2B0E, 0x2ACE,
    0x2A8F, 0x2A4F, 0x2A2F, 0x29F0, 0x29D0, 0x29B0, 0x29B0, 0x2990, 0x2990, 0x2990, 0x2990, 0x2990, 0x3190, 0x3191, 0x3191, 0x3191,
    0x4346, 0x4367, 0x4387, 0x43A8, 0x3BC8, 0x3BC9, 0x3BC9, 0x3BCA, 0x3BAB, 0x33AB, 0x33AC, 0x33AD, 0x338D, 0x336E, 0x2B4E, 0x2B2F,
    0x2B0F, 0x2ACF, 0x2A8F, 0x2A50, 0x2A30, 0x29F0, 0x29F0, 0x29D0, 0x29B0, 0x29B0, 0x29B0, 0x2991, 0x3191, 0x3191, 0x3191, 0x31B1,
    0x4387, 0x4387, 0x43A8, 0x43C8, 0x3BE9, 0x3BE9, 0x3BE9, 0x3BEA, 0x3BEB, 0x3BCC, 0x3BCC, 0x33CD, 0x33CD, 0x33AE, 0x33AE, 0x2B8F,
    0x2B4F, 0x2B2F, 0x2AEF, 0x2AB0, 0x2A90, 0x2A50, 0x2A30, 0x2A10, 0x29F0, 0x29D0, 0x29D1, 0x31B1, 0x31B1, 0x31B1, 0x31B1, 0x31B1,
    0x43A7, 0x43A8, 0x43C8, 0x43E9, 0x3BE9, 0x3C09, 0x3C0A, 0x3C0B, 0x3C0B, 0x3BEC, 0x3BED, 0x3BED, 0x3BEE, 0x33EE, 0x33CE, 0x33AF,
    0x2BAF, 0x2B8F, 0x2B4F, 0x2B30, 0x32F0, 0x32D0, 0x3290, 0x2A70, 0x2A50, 0x2A11, 0x31F1, 0x31F1, 0x31D1, 0x31B1, 0x31B1, 0x31B1,
    0x43A8, 0x43C8, 0x43E9, 0x43E9, 0x4409, 0x440A, 0x442A, 0x3C2B, 0x3C0C, 0x3C0C, 0x3C0D, 0x3C0D, 0x3C0E, 0x3C0E, 0x3BEE, 0x33EF,
    0x33CF, 0x33CF, 0x33B0, 0x3390, 0x3350, 0x3330, 0x32F0, 0x32D0, 0x3291, 0x3271, 0x3251, 0x3211, 0x31F1, 0x31D1, 0x31D1, 0x31D1,
    0x43C8, 0x43E8, 0x43E9, 0x4409, 0x442A, 0x442A, 0x442B, 0x442B, 0x442C, 0x442D, 0x442D, 0x442D, 0x442E, 0x3C2E, 0x3C0F, 0x3C0F,
    0x3C0F, 0x33EF, 0x33F0, 0x33D0, 0x33B0, 0x3390, 0x3370, 0x3331, 0x32F1, 0x32D1, 0x3291, 0x3271, 0x3231, 0x3211, 0x31F1, 0x31F1,
    0x43E9, 0x4409, 0x4409, 0x442A, 0x442A, 0x444B, 0x444B, 0x444C, 0x444C, 0x444D, 0x444D, 0x444E, 0x444E, 0x444E, 0x442F, 0x442F,
    0x3C2F, 0x3C10, 0x3C10, 0x3BF0, 0x3BF0, 0x3BD0, 0x3BB1, 0x3B91, 0x3B51, 0x3331, 0x32F1, 0x32B1, 0x3271, 0x3251, 0x3231, 0x3211,
    0x4409, 0x4409, 0x442A, 0x442A, 0x444A, 0x444B, 0x444B, 0x444C, 0x444D, 0x444D, 0x444E, 0x4C4E, 0x4C4E, 0x4C4F, 0x4C4F, 0x444F,
    0x444F, 0x4430, 0x4430, 0x3C10, 0x3C10, 0x3BF0, 0x3BF1, 0x3BD1, 0x3BB1, 0x3B71, 0x3B51, 0x3B11, 0x3AD1, 0x3A91, 0x3A71, 0x3A51,
    0x4409, 0x442A, 0x442A, 0x444A, 0x444B, 0x444B, 0x4C6C, 0x446C, 0x446D, 0x4C6D, 0x4C6E, 0x4C6E, 0x4C6F, 0x4C6F, 0x4C6F, 0x4C6F,
    0x4C70, 0x4450, 0x4450, 0x4430, 0x4430, 0x3C31, 0x3C11, 0x3BF1, 0x3BD1, 0x3BB1, 0x3B91, 0x3B51, 0x3B11, 0x3AD1, 0x3AB1, 0x3A91,
    0x442A, 0x442A, 0x444A, 0x444B, 0x444B, 0x4C6C, 0x4C6C, 0x4C6D, 0x4C6D, 0x4C6E, 0x4C6E, 0x4C6F, 0x546F, 0x546F, 0x5470, 0x5470,
    0x5470, 0x4C70, 0x4C70, 0x4C50, 0x4451, 0x4451, 0x4431, 0x4411, 0x3C11, 0x3BF1, 0x3BD1, 0x3BB1, 0x3B71, 0x3B31, 0x3B11, 0x3AD1,
    0x442A, 0x444A, 0x444B, 0x446B, 0x4C6C, 0x4C6C, 0x4C6C, 0x4C6D, 0x4C6D, 0x4C6E, 0x4C8E, 0x548F, 0x548F, 0x5490, 0x5490, 0x5490,
    0x5490, 0x5490, 0x5470, 0x4C71, 0x4C71, 0x4C51, 0x4451, 0x4431, 0x4431, 0x4411, 0x43F1, 0x3BD1, 0x43B1, 0x4371, 0x4351, 0x4311,
    0x444A, 0x444B, 0x446B, 0x4C6C, 0x4C6C, 0x4C8C, 0x4C8D, 0x4C8D, 0x4C8E, 0x548E, 0x548F, 0x548F, 0x5C8F, 0x5C90, 0x5C90, 0x5C90,
    0x5C90, 0x5C91, 0x5491, 0x5491, 0x5471, 0x5471, 0x4C71, 0x4C71, 0x4451, 0x4431, 0x4411, 0x4411, 0x43F1, 0x43B1, 0x4391, 0x4351,
    0x444B, 0x446B, 0x4C6C, 0x4C6C, 0x4C8C, 0x4C8D, 0x548D, 0x548E, 0x548E, 0x548F, 0x5C8F, 0x5C8F, 0x5C90, 0x64B0, 0x64B0, 0x64B0,
    0x64B1, 0x5C91, 0x5C91, 0x5C91, 0x5C91, 0x5491, 0x5491, 0x5471, 0x4C71, 0x4C51, 0x4451, 0x4431, 0x4411, 0x43F1, 0x43D1, 0x4B91,
    0x446B, 0x4C6C, 0x4C6C, 0x4C8C, 0x4C8D, 0x548D, 0x548D, 0x548E, 0x548E, 0x5C8F, 0x5CAF, 0x64B0, 0x64B0, 0x64B0, 0x64B1, 0x64B1,
    0x64B1, 0x64B1, 0x64B1, 0x5CB1, 0x5C91, 0x5C91, 0x5C91, 0x5C91, 0x5491, 0x5471, 0x4C71, 0x4C51, 0x4C31, 0x4C11, 0x4BF1, 0x4BD1,
    0x4C6C, 0x4C6C, 0x4C8C, 0x4C8D, 0x548D, 0x548D, 0x548E, 0x5C8E, 0x5CAF, 0x64AF, 0x64B0, 0x6CB0, 0x6CB0, 0x6CB1, 0x6CB1, 0x6CB1,
    0x6CB1, 0x6CB1, 0x64B1, 0x64B1, 0x64B1, 0x5CB1, 0x5C91, 0x5C91, 0x5C91, 0x5C91, 0x5471, 0x5471, 0x4C51, 0x4C31, 0x4C31, 0x4C11,
    0x4C6C, 0x4C8C, 0x4C8D, 0x548D, 0x548D, 0x548E, 0x5CAE, 0x5CAF, 0x64AF, 0x64B0, 0x6CB0, 0x6CD1, 0x74D1, 0x74D1, 0x74D1, 0x74D1,
    0x74D1, 0x74D1, 0x6CB1, 0x6CB1, 0x64B1, 0x64B1, 0x64B1, 0x64B1, 0x6492, 0x5C92, 0x5C92, 0x5C91, 0x5471, 0x5471, 0x5451, 0x5431,
    0x4C8C, 0x4C8D, 0x548D, 0x548D, 0x548E, 0x5CAE, 0x64AF, 0x64AF, 0x64B0, 0x6CB0, 0x74D1, 0x74D1, 0x7CD1, 0x7CD1, 0x7CD1, 0x7CD1,
    0x7CD1, 0x7CD1, 0x74D1, 0x6CD1, 0x6CB1, 0x64B1, 0x64B1, 0x64B1, 0x64B2, 0x64B2, 0x6492, 0x5C92, 0x5C92, 0x5C71, 0x5472, 0x5452,
    0x4C8D, 0x548D, 0x548D, 0x548E, 0x5CAE, 0x64AF, 0x6CB0, 0x6CB0, 0x6CB0, 0x74D1, 0x7CD1, 0x7CD1, 0x84D1, 0x84F1, 0x84F2, 0x84F2,
    0x84D2, 0x84D2, 0x7CD2, 0x74D2, 0x74D2, 0x6CB1, 0x6CB1, 0x64B2, 0x64B2, 0x64B2, 0x64B2, 0x64B2, 0x6492, 0x5C92, 0x5C92, 0x5C72,
    0x548D, 0x548D, 0x548E, 0x5CAE, 0x64AF, 0x6CB0, 0x6CD0, 0x6CD0, 0x74D0, 0x74D1, 0x7CD1, 0x7CD1, 0x84F1, 0x84F2, 0x84F2, 0x84F2,
    0x84F2, 0x84D2, 0x7CD2, 0x7CD2, 0x74D2, 0x74B2, 0x6CB2, 0x6CB2, 0x6CB2, 0x64B2, 0x64B2, 0x64B2, 0x64B2, 0x64B2, 0x6492, 0x5C92,
    0x548D, 0x548E, 0x5C8E, 0x64AF, 0x6CD0, 0x74D0, 0x74D0, 0x74D1, 0x74D1, 0x7CD1, 0x7CD1, 0x84D1, 0x84F2, 0x84F2, 0x84F2, 0x84F2,
    0x84F2, 0x84F2, 0x84D2, 0x7CD2, 0x7CD2, 0x74D2, 0x74D2, 0x6CB2, 0x6CB2, 0x6CB2, 0x6CB2, 0x6CB2, 0x6CB2, 0x64B2, 0x64B2, 0x64B2,
    0x40E4, 0x38E4, 0x38C4, 0x38C4, 0x38C4, 0x38C5, 0x38C5, 0x38C6, 0x38C6, 0x38C7, 0x38C7, 0x38C8, 0x38C8, 0x40C9, 0x40E9, 0x40EA,
    0x48EB, 0x48EB, 0x490C, 0x490C, 0x490D, 0x490D, 0x490E, 0x490E, 0x490F, 0x490F, 0x490F, 0x490F, 0x410F, 0x410F, 0x4110, 0x4110,
    0x4124, 0x4104, 0x40E4, 0x40E4, 0x40E5, 0x38C5, 0x38C6, 0x38C6, 0x38C7, 0x38C7, 0x38C8, 0x38C8, 0x40C9, 0x40E9, 0x40EA, 0x40EB,
    0x40EB, 0x490C, 0x490C, 0x490D, 0x490D, 0x410E, 0x410E, 0x410F, 0x410F, 0x410F, 0x410F, 0x410F, 0x410F, 0x4110, 0x4110, 0x4130,
    0x4144, 0x4124, 0x4904, 0x4104, 0x40E5, 0x40E5, 0x40C6, 0x38C7, 0x38C7, 0x38C8, 0x38C8, 0x40E9, 0x40E9, 0x40EA, 0x40EB, 0x40EB,
    0x410C, 0x410C, 0x410D, 0x410D, 0x410E, 0x410E, 0x410F, 0x410F, 0x410F, 0x410F, 0x390F, 0x3910, 0x3910, 0x3910, 0x4130, 0x4130,
    0x4184, 0x4184, 0x4964, 0x4944, 0x4925, 0x4106, 0x40E6, 0x40E7, 0x40E8, 0x40E8, 0x40E9, 0x40E9, 0x40EA, 0x40EB, 0x40EB, 0x410C,
    0x410D, 0x410D, 0x410D, 0x410E, 0x410E, 0x390F, 0x390F, 0x390F, 0x390F, 0x390F, 0x3910, 0x3910, 0x3930, 0x3930, 0x4130, 0x4130,
    0x41C4, 0x41C4, 0x49C4, 0x4985, 0x4945, 0x4926, 0x4127, 0x4107, 0x40E8, 0x40E9, 0x40E9, 0x40EA, 0x40EB, 0x40EB, 0x410C, 0x410D,
    0x410D, 0x390D, 0x390E, 0x390E, 0x390F, 0x390F, 0x390F, 0x310F, 0x310F, 0x3110, 0x3110, 0x3130, 0x3930, 0x3930, 0x4130, 0x4130,
    0x4205, 0x4205, 0x4A25, 0x4A05, 0x49C5, 0x49A6, 0x4167, 0x4148, 0x4128, 0x4129, 0x410A, 0x410B, 0x390B, 0x390C, 0x390D, 0x390D,
    0x390E, 0x310E, 0x310E, 0x310F, 0x310F, 0x310F, 0x310F, 0x310F, 0x3110, 0x3110, 0x3130, 0x3130, 0x3130, 0x3930, 0x3930, 0x4150,
    0x4245, 0x4245, 0x4265, 0x4A65, 0x4A46, 0x4A06, 0x41C7, 0x41A8, 0x4189, 0x4149, 0x392A, 0x392B, 0x390C, 0x390C, 0x310D, 0x310E,
    0x310E, 0x310E, 0x310F, 0x290F, 0x290F, 0x290F, 0x290F, 0x2910, 0x2930, 0x2930, 0x3130, 0x3130, 0x3130, 0x3130, 0x3950, 0x3950,
    0x4265, 0x4285, 0x42A5, 0x42A5, 0x4AA6, 0x4A87, 0x4247, 0x4228, 0x4209, 0x41CA, 0x39AB, 0x396B, 0x394C, 0x314D, 0x312D, 0x312E,
    0x292E, 0x292F, 0x292F, 0x292F, 0x292F, 0x292F, 0x2930, 0x2930, 0x2930, 0x2930, 0x2930, 0x2930, 0x3130, 0x3150, 0x3150, 0x3150,
    0x4285, 0x42A5, 0x42E5, 0x42E6, 0x42E6, 0x42E7, 0x42C8, 0x42A9, 0x428A, 0x424A, 0x3A0B, 0x39CC, 0x31AD, 0x316D, 0x294E, 0x294E,
    0x292F, 0x292F, 0x292F, 0x292F, 0x2930, 0x2930, 0x2930, 0x2930, 0x2930, 0x2930, 0x2930, 0x2950, 0x2950, 0x3150, 0x3150, 0x3170,
    0x42A5, 0x42E6, 0x4306, 0x4326, 0x4327, 0x4327, 0x4308, 0x42E9, 0x42CA, 0x42AB, 0x3A8C, 0x3A6C, 0x322D, 0x31ED, 0x31AE, 0x298E,
    0x296F, 0x294F, 0x294F, 0x2950, 0x2950, 0x2950, 0x2950, 0x2950, 0x2950, 0x2950, 0x2950, 0x2950, 0x2950, 0x3170, 0x3170, 0x3170,
    0x42E6, 0x4306, 0x4326, 0x4346, 0x4367, 0x4348, 0x4348, 0x4329, 0x3B2A, 0x3B0B, 0x3B0C, 0x3ACD, 0x32AD, 0x324E, 0x320E, 0x29CF,
    0x29AF, 0x298F, 0x2970, 0x2970, 0x2970, 0x2950, 0x2950, 0x2950, 0x2950, 0x2950, 0x2950, 0x2970, 0x3170, 0x3170, 0x3170, 0x3191,
    0x4306, 0x4326, 0x4346, 0x4367, 0x4387, 0x4388, 0x4388, 0x3B69, 0x3B4A, 0x3B4B, 0x3B4C, 0x3B2D, 0x3B0D, 0x32CE, 0x328E, 0x2A4F,
    0x2A0F, 0x29CF, 0x29B0, 0x2990, 0x2990, 0x2970, 0x2970, 0x2970, 0x2970, 0x2970, 0x2970, 0x2970, 0x3170, 0x3170, 0x3191, 0x3191,
    0x4326, 0x4346, 0x4387, 0x4387, 0x43A8, 0x43A8, 0x43A9, 0x3B89, 0x3B8A, 0x3B8B, 0x3B6C, 0x3B6D, 0x3B6D, 0x332E, 0x330E, 0x32CF,
    0x2A8F, 0x2A2F, 0x29F0, 0x29D0, 0x29B0, 0x29B0, 0x2990, 0x2990, 0x2990, 0x2990, 0x2990, 0x3190, 0x3190, 0x3191, 0x3191, 0x3191,
    0x4346, 0x4387, 0x43A7, 0x43A8, 0x43C8, 0x43C9, 0x3BC9, 0x3BCA, 0x3BAA, 0x3BAB, 0x3BAC, 0x3BAD, 0x3B8D, 0x338E, 0x334E, 0x332F,
    0x2AEF, 0x2AAF, 0x2A70, 0x2A30, 0x2A10, 0x29F0, 0x29D0, 0x29B0, 0x29B0, 0x2990, 0x2990, 0x3191, 0x3191, 0x3191, 0x3191, 0x3191,
    0x4387, 0x43A7, 0x43A8, 0x43C8, 0x43E8, 0x43E9, 0x3BE9, 0x3BEA, 0x3BEB, 0x3BCB, 0x3BCC, 0x3BCD, 0x3BCD, 0x3BAE, 0x33AE, 0x338F,
    0x334F, 0x2B0F, 0x2AD0, 0x2A90, 0x2A70, 0x2A30, 0x2A10, 0x29F0, 0x29D0, 0x29D0, 0x31B1, 0x31B1, 0x31B1, 0x31B1, 0x31B1, 0x31B1,
    0x43A7, 0x43A8, 0x43C8, 0x43E8, 0x43E9, 0x4409, 0x440A, 0x3C0A, 0x3C0B, 0x3C0C, 0x3BEC, 0x3BED, 0x3BEE, 0x3BEE, 0x3BCE, 0x33CF,
    0x33AF, 0x338F, 0x3350, 0x3310, 0x32D0, 0x32B0, 0x3270, 0x3250, 0x2A10, 0x31F1, 0x31F1, 0x31D1, 0x31B1, 0x31B1, 0x31B1, 0x31B1,
    0x43C8, 0x43C8, 0x43E8, 0x4409, 0x4409, 0x442A, 0x442A, 0x442B, 0x442B, 0x442C, 0x440D, 0x440D, 0x440E, 0x3C0E, 0x3C0F, 0x3BEF,
    0x33EF, 0x33D0, 0x33B0, 0x3370, 0x3350, 0x3310, 0x32D0, 0x32B1, 0x3271, 0x3251, 0x3211, 0x31F1, 0x31F1, 0x31D1, 0x31D1, 0x39D1,
    0x43C8, 0x43E8, 0x4409, 0x4409, 0x442A, 0x442A, 0x442B, 0x442B, 0x442C, 0x442C, 0x442D, 0x442D, 0x442E, 0x442E, 0x442F, 0x3C2F,
    0x3C0F, 0x3BF0, 0x3BF0, 0x33D0, 0x33B0, 0x3B70, 0x3351, 0x3311, 0x32D1, 0x3291, 0x3271, 0x3231, 0x3211, 0x31F1, 0x31F1, 0x39F1,
    0x43E8, 0x4409, 0x4409, 0x442A, 0x442A, 0x444A, 0x444B, 0x444B, 0x444C, 0x444D, 0x444D, 0x444E, 0x4C4E, 0x4C4F, 0x444F, 0x444F,
    0x442F, 0x3C30, 0x3C10, 0x3C10, 0x3BF0, 0x3BD1, 0x3BB1, 0x3B71, 0x3B31, 0x32F1, 0x32B1, 0x3291, 0x3251, 0x3231, 0x3A11, 0x3A11,
    0x4409, 0x4409, 0x442A, 0x442A, 0x444A, 0x444B, 0x446B, 0x446C, 0x446C, 0x446D, 0x4C6D, 0x4C6E, 0x4C6F, 0x4C6F, 0x4C6F, 0x4C6F,
    0x4C50, 0x4450, 0x4430, 0x4430, 0x3C11, 0x3C11, 0x3BF1, 0x3BD1, 0x3B91, 0x3B51, 0x3B11, 0x3AD1, 0x3AB1, 0x3A71, 0x3A51, 0x3A51,
    0x4409, 0x442A, 0x442A, 0x444A, 0x444B, 0x446B, 0x4C6C, 0x4C6C, 0x4C6D, 0x4C6D, 0x4C6E, 0x4C6E, 0x546F, 0x546F, 0x546F, 0x5470,
    0x4C70, 0x4C70, 0x4C50, 0x4451, 0x4431, 0x4431, 0x4411, 0x3BF1, 0x3BD1, 0x3BB1, 0x3B71, 0x3B31, 0x3AF1, 0x3AB1, 0x3AB1, 0x3A91,
    0x442A, 0x442A, 0x444A, 0x444B, 0x446B, 0x4C6C, 0x4C6C, 0x4C6D, 0x4C6D, 0x4C6E, 0x4C6E, 0x548F, 0x548F, 0x548F, 0x5490, 0x5490,
    0x5490, 0x5470, 0x5471, 0x4C71, 0x4C51, 0x4451, 0x4431, 0x4431, 0x4411, 0x3BF1, 0x3BB1, 0x3B91, 0x3B51, 0x4311, 0x42F1, 0x42D1,
    0x442A, 0x444A, 0x444B, 0x446B, 0x4C6C, 0x4C6C, 0x4C6C, 0x4C8D, 0x4C8D, 0x548E, 0x548E, 0x548F, 0x5C8F, 0x5C90, 0x5C90, 0x5C90,
    0x5C90, 0x5C91, 0x5491, 0x5491, 0x5471, 0x4C71, 0x4C51, 0x4451, 0x4431, 0x4411, 0x43F1, 0x43D1, 0x4391, 0x4371, 0x4331, 0x4311,
    0x444A, 0x444B, 0x446B, 0x4C6C, 0x4C6C, 0x4C8C, 0x4C8D, 0x4C8D, 0x548E, 0x548E, 0x548F, 0x5C8F, 0x5C90, 0x5CB0, 0x64B0, 0x64B0,
    0x64B1, 0x5C91, 0x5C91, 0x5C91, 0x5491, 0x5491, 0x5471, 0x4C71, 0x4C51, 0x4431, 0x4411, 0x43F1, 0x43D1, 0x43B1, 0x4391, 0x4B51,
    0x444B, 0x446B, 0x4C6C, 0x4C6C, 0x4C8C, 0x4C8D, 0x548D, 0x548E, 0x548E, 0x5C8F, 0x5C8F, 0x5CB0, 0x64B0, 0x64B0, 0x64B1, 0x64B1,
    0x64B1, 0x64B1, 0x64B1, 0x5C91, 0x5C91, 0x5C91, 0x5C91, 0x5491, 0x5471, 0x4C51, 0x4C51, 0x4431, 0x4C11, 0x4BF1, 0x4BD1, 0x4B91,
    0x446B, 0x4C6C, 0x4C6C, 0x4C8C, 0x4C8D, 0x548D, 0x548D, 0x548E, 0x5C8E, 0x5CAF, 0x64AF, 0x64B0, 0x6CB0, 0x6CB1, 0x6CB1, 0x6CB1,
    0x6CB1, 0x6CB1, 0x64B1, 0x64B1, 0x64B1, 0x5C91, 0x5C91, 0x5C91, 0x5C91, 0x5491, 0x5471, 0x4C51, 0x4C31, 0x4C11, 0x4BF1, 0x4BD1,
    0x4C6C, 0x4C6C, 0x4C8C, 0x4C8D, 0x548D, 0x548D, 0x548E, 0x5CAE, 0x5CAF, 0x64AF, 0x64B0, 0x6CB0, 0x74D1, 0x74D1, 0x74D1, 0x74D1,
    0x74D1, 0x74D1, 0x6CB1, 0x6CB1, 0x64B1, 0x64B1, 0x64B1, 0x6491, 0x5C91, 0x5C91, 0x5C91, 0x5471, 0x5451, 0x5431, 0x5431, 0x5412,
    0x4C8C, 0x4C8C, 0x4C8D, 0x548D, 0x548D, 0x548E, 0x5CAE, 0x64AF, 0x64AF, 0x6CB0, 0x6CB0, 0x74D1, 0x74D1, 0x7CD1, 0x7CD1, 0x7CD1,
    0x7CD1, 0x7CD1, 0x74D1, 0x6CB1, 0x6CB1, 0x64B1, 0x64B1, 0x64B2, 0x64B2, 0x6492, 0x5C92, 0x5C92, 0x5C72, 0x5471, 0x5452, 0x5432,
    0x4C8C, 0x4C8D, 0x548D, 0x548D, 0x548E, 0x5CAE, 0x64AF, 0x64AF, 0x6CB0, 0x6CD0, 0x74D1, 0x7CD1, 0x7CD1, 0x7CD1, 0x84D1, 0x84D2,
    0x7CD2, 0x7CD2, 0x7CD2, 0x74D2, 0x6CB2, 0x6CB1, 0x6CB2, 0x64B2, 0x64B2, 0x64B2, 0x64B2, 0x6492, 0x5C92, 0x5C92, 0x5C72, 0x5452,
    0x548D, 0x548D, 0x548D, 0x548E, 0x5CAE, 0x64AF, 0x6CB0, 0x6CD0, 0x74D0, 0x74D1, 0x7CD1, 0x7CD1, 0x84D1, 0x84F2, 0x84F2, 0x84F2,
    0x84F2, 0x84D2, 0x7CD2, 0x7CD2, 0x74D2, 0x6CB2, 0x6CB2, 0x6CB2, 0x64B2, 0x64B2, 0x64B2, 0x64B2, 0x64B2, 0x6492, 0x5C92, 0x5C72,
    0x548D, 0x548D, 0x548E, 0x5CAE, 0x64AF, 0x64AF, 0x6CD0, 0x74D0, 0x74D1, 0x74D1, 0x7CD1, 0x7CD1, 0x84D1, 0x84F2, 0x84F2, 0x84F2,
    0x84F2, 0x84D2, 0x84D2, 0x7CD2, 0x7CD2, 0x74D2, 0x6CB2, 0x6CB2, 0x6CB2, 0x6CB2, 0x6CB2, 0x6CB2, 0x64B2, 0x64B2, 0x6492, 0x5C92,
    0x548D, 0x548E, 0x5CAE, 0x5CAF, 0x64AF, 0x6CD0, 0x74D0, 0x74D1, 0x74D1, 0x7CD1, 0x7CD1, 0x84D1, 0x84F2, 0x84F2, 0x84F2, 0x84F2,
    0x84F2, 0x84F2, 0x84D2, 0x84D2, 0x7CD2, 0x7CD2, 0x74D2, 0x74B2, 0x6CB2, 0x6CB2, 0x6CB2, 0x6CB2, 0x6CB2, 0x6CB2, 0x64B2, 0x64B2,
    0x40E4, 0x40E4, 0x40E4, 0x40E4, 0x40C5, 0x38C5, 0x38C5, 0x38C6, 0x38C6, 0x38C7, 0x38C7, 0x38C8, 0x40C8, 0x40C9, 0x40E9, 0x48EA,
    0x48EB, 0x48EB, 0x490C, 0x490C, 0x490D, 0x510D, 0x510E, 0x510E, 0x512E, 0x512F, 0x512F, 0x512F, 0x492F, 0x492F, 0x4910, 0x4110,
    0x4124, 0x4104, 0x48E4, 0x40E4, 0x40E5, 0x40E5, 0x40C6, 0x40C6, 0x40C7, 0x38C7, 0x38C8, 0x40C8, 0x40C9, 0x40E9, 0x48EA, 0x48EB,
    0x48EB, 0x490C, 0x490C, 0x490D, 0x490D, 0x490E, 0x490E, 0x490E, 0x492F, 0x492F, 0x492F, 0x492F, 0x492F, 0x4130, 0x4130, 0x4930,
    0x4164, 0x4944, 0x4904, 0x4904, 0x4905, 0x48E5, 0x40E6, 0x40E7, 0x40C7, 0x40C8, 0x40C8, 0x40E9, 0x40E9, 0x48EA, 0x48EB, 0x48EB,
    0x490C, 0x490C, 0x490D, 0x490D, 0x490E, 0x490E, 0x490E, 0x490F, 0x490F, 0x490F, 0x410F, 0x410F, 0x4110, 0x4130, 0x4130, 0x4930,
    0x41A4, 0x4984, 0x4964, 0x4944, 0x4925, 0x4905, 0x4906, 0x40E7, 0x40E8, 0x40E8, 0x40E9, 0x40E9, 0x48EA, 0x48EB, 0x48EB, 0x490C,
    0x490C, 0x490D, 0x490D, 0x490E, 0x490E, 0x410E, 0x410F, 0x410F, 0x410F, 0x410F, 0x410F, 0x4110, 0x4130, 0x4130, 0x4130, 0x4930,
    0x41E4, 0x49E4, 0x49C4, 0x5185, 0x5145, 0x5126, 0x4926, 0x4907, 0x4908, 0x48E9, 0x48E9, 0x48EA, 0x48EB, 0x48EB, 0x490C, 0x490C,
    0x490D, 0x410D, 0x410E, 0x410E, 0x410F, 0x410F, 0x410F, 0x390F, 0x390F, 0x3910, 0x3910, 0x3930, 0x4130, 0x4130, 0x4130, 0x4950,
    0x4205, 0x4A05, 0x4A25, 0x51E5, 0x51C5, 0x51A6, 0x4966, 0x4947, 0x4928, 0x4929, 0x490A, 0x490A, 0x410B, 0x410C, 0x410C, 0x410D,
    0x410D, 0x410E, 0x390E, 0x390F, 0x390F, 0x390F, 0x390F, 0x390F, 0x3910, 0x3910, 0x3930, 0x3930, 0x3930, 0x4130, 0x4150, 0x4950,
    0x4245, 0x4A45, 0x4A65, 0x4A45, 0x5245, 0x5206, 0x51C7, 0x49A8, 0x4989, 0x4949, 0x492A, 0x412B, 0x410B, 0x410C, 0x410D, 0x390D,
    0x390E, 0x390E, 0x310F, 0x310F, 0x310F, 0x310F, 0x310F, 0x3110, 0x3110, 0x3130, 0x3130, 0x3930, 0x3930, 0x3930, 0x4150, 0x4150,
    0x4265, 0x4285, 0x4AA5, 0x4AA5, 0x52A6, 0x5266, 0x5247, 0x4A28, 0x49E9, 0x49CA, 0x498A, 0x416B, 0x414C, 0x392D, 0x392D, 0x312E,
    0x310E, 0x310F, 0x310F, 0x310F, 0x310F, 0x290F, 0x2910, 0x2910, 0x3130, 0x3130, 0x3130, 0x3130, 0x3130, 0x3950, 0x3950, 0x3970,
    0x4285, 0x42A5, 0x4AC5, 0x4AE5, 0x4AE6, 0x4AC7, 0x4AC8, 0x4A88, 0x4A69, 0x4A2A, 0x420B, 0x41CC, 0x398C, 0x396D, 0x314D, 0x312E,
    0x292E, 0x292F, 0x292F, 0x292F, 0x292F, 0x2930, 0x2930, 0x2930, 0x2930, 0x2930, 0x2930, 0x3130, 0x3150, 0x3150, 0x3150, 0x3170,
    0x42A5, 0x42E5, 0x4B06, 0x4B26, 0x4B26, 0x4B27, 0x4B08, 0x4AE9, 0x4AC9, 0x4AAA, 0x428B, 0x424C, 0x3A0D, 0x39CD, 0x31AE, 0x316E,
    0x294F, 0x294F, 0x292F, 0x2930, 0x2930, 0x2930, 0x2930, 0x2930, 0x2930, 0x2950, 0x2950, 0x3150, 0x3150, 0x3150, 0x3170, 0x3170,
    0x42E6, 0x4306, 0x4326, 0x4B46, 0x4B67, 0x4B67, 0x4B48, 0x4B29, 0x430A, 0x430B, 0x42EC, 0x42CC, 0x3A8D, 0x3A4E, 0x320E, 0x31CF,
    0x298F, 0x296F, 0x2950, 0x2950, 0x2950, 0x2950, 0x2950, 0x2950, 0x2950, 0x2950, 0x2950, 0x2950, 0x3170, 0x3170, 0x3170, 0x3191,
    0x4306, 0x4326, 0x4346, 0x4367, 0x4387, 0x4388, 0x4388, 0x4369, 0x434A, 0x434B, 0x432C, 0x432D, 0x430D, 0x3ACE, 0x3A8E, 0x324F,
    0x31EF, 0x29AF, 0x2990, 0x2970, 0x2970, 0x2970, 0x2970, 0x2970, 0x2970, 0x2970, 0x2970, 0x3170, 0x3170, 0x3170, 0x3191, 0x3191,
    0x4326, 0x4346, 0x4387, 0x4387, 0x43A8, 0x43A8, 0x43A9, 0x43A9, 0x438A, 0x438B, 0x436C, 0x436D, 0x434D, 0x3B2E, 0x3AEE, 0x32AF,
    0x326F, 0x320F, 0x29D0, 0x29B0, 0x2990, 0x2990, 0x2990, 0x2970, 0x2970, 0x2970, 0x3170, 0x3190, 0x3190, 0x3191, 0x3191, 0x3191,
    0x4366, 0x4387, 0x43A7, 0x43A8, 0x43C8, 0x43C8, 0x43E9, 0x43C9, 0x43AA, 0x43AB, 0x43AC, 0x43AD, 0x438D, 0x3B8E, 0x3B4E, 0x3B2F,
    0x32EF, 0x328F, 0x3250, 0x2A10, 0x29F0, 0x29D0, 0x29B0, 0x2990, 0x2990, 0x2990, 0x3190, 0x3191, 0x3191, 0x3191, 0x3191, 0x3991,
    0x4387, 0x43A7, 0x43C8, 0x43C8, 0x43E8, 0x43E9, 0x43E9, 0x43EA, 0x43EA, 0x43CB, 0x43CC, 0x43CD, 0x43CD, 0x3BCE, 0x3BAE, 0x3B8F,
    0x334F, 0x330F, 0x32D0, 0x3270, 0x2A50, 0x2A10, 0x29F0, 0x29D0, 0x29B0, 0x29B1, 0x31B1, 0x31B1, 0x31B1, 0x31B1, 0x31B1, 0x39B1,
    0x43A7, 0x43C8, 0x43C8, 0x43E8, 0x4409, 0x4409, 0x440A, 0x440A, 0x440B, 0x440B, 0x43EC, 0x43ED, 0x43ED, 0x43EE, 0x3BCE, 0x3BCF,
    0x3BAF, 0x3370, 0x3350, 0x32F0, 0x32B0, 0x3290, 0x3250, 0x3211, 0x31F1, 0x31D1, 0x31D1, 0x31B1, 0x31B1, 0x31B1, 0x31B1, 0x39B1,
    0x43C8, 0x43C8, 0x43E8, 0x4409, 0x4409, 0x442A, 0x442A, 0x442A, 0x442B, 0x442C, 0x442C, 0x440D, 0x440E, 0x440E, 0x440F, 0x3BEF,
    0x3BEF, 0x3BD0, 0x3BB0, 0x3370, 0x3330, 0x32F0, 0x32B1, 0x3271, 0x3251, 0x3211, 0x31F1, 0x31D1, 0x31D1, 0x31D1, 0x39D1, 0x39D1,
    0x43E8, 0x43E8, 0x4409, 0x4409, 0x442A, 0x442A, 0x444A, 0x444B, 0x444B, 0x444C, 0x442D, 0x444D, 0x442E, 0x442E, 0x442F, 0x442F,
    0x440F, 0x3C10, 0x3BF0, 0x3BD0, 0x3B90, 0x3B71, 0x3331, 0x32F1, 0x32B1, 0x3271, 0x3231, 0x3211, 0x31F1, 0x31F1, 0x39F1, 0x39F1,
    0x43E8, 0x4409, 0x4409, 0x442A, 0x442A, 0x444A, 0x444B, 0x444B, 0x444C, 0x444C, 0x444D, 0x4C4E, 0x4C4E, 0x4C4F, 0x4C4F, 0x4C4F,
    0x4450, 0x4430, 0x4430, 0x3C10, 0x3BF1, 0x3BD1, 0x3B91, 0x3B51, 0x3B11, 0x32D1, 0x3291, 0x3251, 0x3231, 0x3A11, 0x3A11, 0x3A11,
    0x4409, 0x4409, 0x442A, 0x442A, 0x444A, 0x444B, 0x446B, 0x4C6C, 0x4C6C, 0x4C6D, 0x4C6D, 0x4C6E, 0x546F, 0x546F, 0x546F, 0x4C70,
    0x4C70, 0x4C50, 0x4450, 0x4431, 0x4431, 0x3C11, 0x3BD1, 0x3BB1, 0x3B71, 0x3B31, 0x3AF1, 0x3AB1, 0x3A91, 0x3A51, 0x3A51, 0x4251,
    0x4409, 0x442A, 0x442A, 0x444A, 0x444B, 0x446B, 0x4C6C, 0x4C6C, 0x4C6D, 0x4C6D, 0x4C6E, 0x548E, 0x548F, 0x548F, 0x5490, 0x5490,
    0x5470, 0x5470, 0x4C71, 0x4C51, 0x4451, 0x4431, 0x4411, 0x43F1, 0x3BB1, 0x3B91, 0x3B51, 0x3B11, 0x3AD1, 0x3AB1, 0x4291, 0x4291,
    0x442A, 0x442A, 0x444A, 0x444B, 0x446B, 0x4C6C, 0x4C6C, 0x4C6C, 0x4C8D, 0x4C8D, 0x548E, 0x548F, 0x548F, 0x5C90, 0x5C90, 0x5C90,
    0x5C90, 0x5491, 0x5491, 0x5471, 0x4C71, 0x4C51, 0x4451, 0x4431, 0x43F1, 0x43D1, 0x43B1, 0x4371, 0x4331, 0x42F1, 0x42F1, 0x42D1,
    0x442A, 0x444A, 0x444B, 0x446B, 0x4C6C, 0x4C6C, 0x4C8C, 0x4C8D, 0x548D, 0x548E, 0x548E, 0x5C8F, 0x5C8F, 0x5CB0, 0x64B0, 0x64B0,
    0x64B1, 0x5C91, 0x5C91, 0x5C91, 0x5491, 0x5471, 0x4C71, 0x4C51, 0x4431, 0x4411, 0x43F1, 0x43B1, 0x4391, 0x4351, 0x4331, 0x4B11,
    0x444A, 0x444B, 0x4C6B, 0x4C6C, 0x4C6C, 0x4C8C, 0x4C8D, 0x548D, 0x548E, 0x548E, 0x5C8F, 0x5CAF, 0x64B0, 0x64B0, 0x64B0, 0x64B1,
    0x64B1, 0x64B1, 0x5CB1, 0x5C91, 0x5C91, 0x5C91, 0x5491, 0x5471, 0x4C51, 0x4431, 0x4411, 0x43F1, 0x43D1, 0x4B91, 0x4B71, 0x4B71,
    0x444B, 0x4C6B, 0x4C6C, 0x4C6C, 0x4C8C, 0x4C8D, 0x548D, 0x548D, 0x548E, 0x5CAF, 0x5CAF, 0x64B0, 0x6CB0, 0x6CB0, 0x6CB1, 0x6CB1,
    0x6CB1, 0x6CB1, 0x64B1, 0x64B1, 0x5C91, 0x5C91, 0x5C91, 0x5C91, 0x5471, 0x4C71, 0x4C51, 0x4C31, 0x4C11, 0x4BD1, 0x4BB1, 0x4BB1,
    0x4C6B, 0x4C6C, 0x4C6C, 0x4C8C, 0x4C8D, 0x548D, 0x548D, 0x5C8E, 0x5CAE, 0x64AF, 0x64AF, 0x6CB0, 0x6CB0, 0x74D1, 0x74D1, 0x74D1,
    0x74D1, 0x6CD1, 0x6CB1, 0x64B1, 0x64B1, 0x64B1, 0x6491, 0x5C91, 0x5C91, 0x5C91, 0x5471, 0x4C51, 0x4C31, 0x4C11, 0x53F2, 0x53D2,
    0x4C6C, 0x4C6C, 0x4C8C, 0x4C8D, 0x548D, 0x548D, 0x5C8E, 0x5CAE, 0x64AF, 0x64AF, 0x6CB0, 0x6CD0, 0x74D1, 0x7CD1, 0x7CD1, 0x7CD1,
    0x7CD1, 0x74D1, 0x74D1, 0x6CB1, 0x6CB1, 0x64B1, 0x64B1, 0x64B2, 0x6492, 0x5C92, 0x5C92, 0x5471, 0x5451, 0x5432, 0x5432, 0x5412,
    0x4C8C, 0x4C8C, 0x548D, 0x548D, 0x548D, 0x548E, 0x5CAE, 0x64AF, 0x6CB0, 0x6CB0, 0x6CD0, 0x74D1, 0x7CD1, 0x7CD1, 0x84D1, 0x84D2,
    0x84D2, 0x7CD2, 0x7CD2, 0x74D2, 0x6CB2, 0x6CB1, 0x64B2, 0x64B2, 0x64B2, 0x64B2, 0x6492, 0x5C92, 0x5C72, 0x5472, 0x5452, 0x5432,
    0x548D, 0x548D, 0x548D, 0x548D, 0x548E, 0x5CAE, 0x64AF, 0x6CAF, 0x6CD0, 0x6CD0, 0x74D1, 0x7CD1, 0x7CD1, 0x84D1, 0x84F2, 0x84F2,
    0x84F2, 0x84D2, 0x7CD2, 0x7CD2, 0x74D2, 0x6CB2, 0x6CB2, 0x6CB2, 0x64B2, 0x64B2, 0x64B2, 0x64B2, 0x6492, 0x5C92, 0x5C72, 0x5C52,
    0x548D, 0x548D, 0x548D, 0x548E, 0x5CAE, 0x64AF, 0x6CAF, 0x6CD0, 0x74D0, 0x74D1, 0x74D1, 0x7CD1, 0x84D1, 0x84F2, 0x84F2, 0x84F2,
    0x84F2, 0x84F2, 0x84D2, 0x7CD2, 0x7CD2, 0x74D2, 0x6CB2, 0x6CB2, 0x6CB2, 0x6CB2, 0x6CB2, 0x64B2, 0x64B2, 0x6492, 0x5C92, 0x5C72,
    0x548D, 0x548E, 0x548E, 0x5CAE, 0x5CAF, 0x64AF, 0x6CB0, 0x74D0, 0x74D1, 0x74D1, 0x7CD1, 0x7CD1, 0x84D1, 0x84F2, 0x84F2, 0x84F2,
    0x84F2, 0x84F2, 0x84D2, 0x7CD2, 0x7CD2, 0x74D2, 0x74D2, 0x6CB2, 0x6CB2, 0x6CB2, 0x6CB2, 0x6CB2, 0x6CB2, 0x64B2, 0x6492, 0x6492,
    0x5C8E, 0x5CAE, 0x5CAE, 0x5CAF, 0x64AF, 0x6CB0, 0x6CD0, 0x74D1, 0x74D1, 0x7CD1, 0x7CD1, 0x7CD1, 0x84D1, 0x84F2, 0x84F2, 0x84F2,
    0x84F2, 0x84F2, 0x84D2, 0x84D2, 0x7CD2, 0x7CD2, 0x74D2, 0x74D2, 0x74B2, 0x6CB2, 0x6CB2, 0x6CB2, 0x6CB2, 0x6CB2, 0x6CB2, 0x64B2,
    0x4904, 0x48E4, 0x40E4, 0x40E4, 0x40E5, 0x40E5, 0x40C6, 0x40C6, 0x40C6, 0x38C7, 0x38C7, 0x40C8, 0x40C8, 0x40C9, 0x48E9, 0x48EA,
    0x48EB, 0x50EB, 0x510C, 0x510C, 0x510D, 0x510D, 0x510E, 0x592E, 0x592E, 0x592F, 0x592F, 0x592F, 0x512F, 0x512F, 0x4930, 0x4930,
    0x4944, 0x4924, 0x4904, 0x4904, 0x48E5, 0x48E5, 0x40E6, 0x40E6, 0x40C7, 0x40C7, 0x40C8, 0x40C8, 0x40C9, 0x48E9, 0x48EA, 0x48EB,
    0x48EB, 0x510C, 0x510C, 0x510D, 0x510D, 0x510E, 0x510E, 0x512E, 0x512F, 0x512F, 0x512F, 0x512F, 0x512F, 0x4930, 0x4930, 0x4930,
    0x4964, 0x5144, 0x5124, 0x5105, 0x4905, 0x4906, 0x48E6, 0x48E7, 0x48E7, 0x40E8, 0x40E8, 0x48E9, 0x48E9, 0x48EA, 0x48EB, 0x50EB,
    0x510C, 0x510C, 0x510D, 0x510D, 0x510E, 0x510E, 0x512E, 0x512F, 0x512F, 0x512F, 0x492F, 0x492F, 0x4930, 0x4930, 0x4930, 0x5130,
    0x49A4, 0x5184, 0x5184, 0x5145, 0x5125, 0x5106, 0x5106, 0x4907, 0x48E8, 0x48E8, 0x48E9, 0x48E9, 0x48EA, 0x48EA, 0x48EB, 0x510C,
    0x510C, 0x510D, 0x510D, 0x510E, 0x510E, 0x510E, 0x512F, 0x492F, 0x492F, 0x492F, 0x492F, 0x4930, 0x4930, 0x4930, 0x4930, 0x5130,
    0x49E4, 0x49E5, 0x51E5, 0x5985, 0x5945, 0x5126, 0x5126, 0x5107, 0x5108, 0x5109, 0x48E9, 0x50EA, 0x50EA, 0x50EB, 0x510C, 0x510C,
    0x510D, 0x510D, 0x490E, 0x490E, 0x490E, 0x490F, 0x490F, 0x490F, 0x410F, 0x410F, 0x4130, 0x4130, 0x4130, 0x4930, 0x4930, 0x5150,
    0x4A25, 0x4A25, 0x5225, 0x51E5, 0x59C5, 0x5986, 0x5166, 0x5147, 0x5128, 0x5129, 0x510A, 0x510A, 0x490B, 0x490B, 0x490C, 0x490D,
    0x490D, 0x490E, 0x490E, 0x490E, 0x410F, 0x410F, 0x410F, 0x410F, 0x410F, 0x4110, 0x4130, 0x4130, 0x4130, 0x4930, 0x4950, 0x4950,
    0x4A45, 0x4A45, 0x5265, 0x5245, 0x5A45, 0x59E6, 0x59A6, 0x5187, 0x5168, 0x5169, 0x514A, 0x512B, 0x490B, 0x490C, 0x490D, 0x490D,
    0x410E, 0x410E, 0x410E, 0x410F, 0x410F, 0x390F, 0x390F, 0x390F, 0x3910, 0x3930, 0x3930, 0x4130, 0x4130, 0x4150, 0x4950, 0x4950,
    0x4A65, 0x4A85, 0x4A85, 0x5285, 0x5285, 0x5266, 0x5A47, 0x5208, 0x51E9, 0x51C9, 0x51AA, 0x496B, 0x494C, 0x492C, 0x412D, 0x412D,
    0x412E, 0x390E, 0x390F, 0x390F, 0x390F, 0x310F, 0x3110, 0x3110, 0x3130, 0x3930, 0x3930, 0x3930, 0x3930, 0x4150, 0x4150, 0x4150,
    0x4285, 0x4AA5, 0x4AC5, 0x52C5, 0x52C5, 0x52C6, 0x52A7, 0x5288, 0x5249, 0x522A, 0x520B, 0x49CB, 0x498C, 0x416D, 0x414D, 0x392E,
    0x392E, 0x312F, 0x312F, 0x312F, 0x312F, 0x3130, 0x3130, 0x3130, 0x3130, 0x3130, 0x3130, 0x3930, 0x3950, 0x3950, 0x3950, 0x3970,
    0x42A5, 0x4AE5, 0x4B05, 0x5306, 0x5326, 0x5307, 0x5307, 0x52E8, 0x52C9, 0x52AA, 0x528B, 0x4A4C, 0x4A0C, 0x41CD, 0x418D, 0x396E,
    0x314F, 0x312F, 0x312F, 0x292F, 0x2930, 0x2930, 0x2930, 0x2930, 0x2930, 0x3130, 0x3150, 0x3150, 0x3150, 0x3150, 0x3970, 0x3970,
    0x42E5, 0x4B06, 0x4B26, 0x4B46, 0x5366, 0x5367, 0x5348, 0x5329, 0x532A, 0x530A, 0x52EB, 0x4AAC, 0x4A8D, 0x422D, 0x39EE, 0x39AE,
    0x318F, 0x316F, 0x294F, 0x2950, 0x2950, 0x2930, 0x2930, 0x2930, 0x2950, 0x2950, 0x2950, 0x3150, 0x3150, 0x3170, 0x3170, 0x3991,
    0x4306, 0x4B26, 0x4B66, 0x4B67, 0x4B87, 0x4B88, 0x4B88, 0x4B69, 0x4B6A, 0x4B4B, 0x4B2B, 0x4B0C, 0x4AED, 0x42AE, 0x428E, 0x3A2F,
    0x31EF, 0x31AF, 0x2990, 0x2970, 0x2950, 0x2950, 0x2950, 0x2950, 0x2950, 0x2950, 0x3170, 0x3170, 0x3170, 0x3170, 0x3191, 0x3991,
    0x4326, 0x4B46, 0x4B87, 0x4BA7, 0x4BA7, 0x4BC8, 0x4BC9, 0x4BA9, 0x4B8A, 0x4B8B, 0x4B6B, 0x4B6C, 0x4B4D, 0x432E, 0x42EE, 0x3AAF,
    0x324F, 0x320F, 0x31D0, 0x2990, 0x2990, 0x2970, 0x2970, 0x2970, 0x2970, 0x2970, 0x3170, 0x3170, 0x3190, 0x3191, 0x3991, 0x3991,
    0x4366, 0x4B87, 0x4BA7, 0x4BC7, 0x4BC8, 0x4BE8, 0x4BE9, 0x4BC9, 0x4BCA, 0x4BAB, 0x4BAB, 0x4B8C, 0x4B8D, 0x436E, 0x434E, 0x432F,
    0x3ACF, 0x328F, 0x3230, 0x31F0, 0x29D0, 0x29B0, 0x2990, 0x2990, 0x2990, 0x3190, 0x3190, 0x3191, 0x3191, 0x3191, 0x3991, 0x3991,
    0x4387, 0x4BA7, 0x4BC7, 0x43C8, 0x43E8, 0x4409, 0x4409, 0x43EA, 0x43EA, 0x43CB, 0x43CC, 0x43CC, 0x43CD, 0x43AE, 0x43AE, 0x438F,
    0x3B4F, 0x3AF0, 0x32B0, 0x3250, 0x3210, 0x29F0, 0x29D0, 0x29B0, 0x29B0, 0x31B1, 0x3191, 0x3191, 0x3191, 0x31B1, 0x39B1, 0x39B1,
    0x43A7, 0x43C7, 0x43E8, 0x43E8, 0x4409, 0x4409, 0x440A, 0x440A, 0x440B, 0x440B, 0x43EC, 0x43ED, 0x43ED, 0x43EE, 0x43CE, 0x43CF,
    0x43AF, 0x3B70, 0x3B30, 0x32D0, 0x3290, 0x3250, 0x3210, 0x31F1, 0x31D1, 0x31D1, 0x31B1, 0x31B1, 0x31B1, 0x31B1, 0x39B1, 0x39B1,
    0x43C7, 0x43C8, 0x43E8, 0x4409, 0x4409, 0x442A, 0x442A, 0x442A, 0x442B, 0x442B, 0x440C, 0x440D, 0x4C0D, 0x440E, 0x440F, 0x440F,
    0x43EF, 0x3BD0, 0x3B90, 0x3B50, 0x3310, 0x32B1, 0x3291, 0x3251, 0x3231, 0x31F1, 0x31F1, 0x31D1, 0x31D1, 0x39D1, 0x39D1, 0x41D1,
    0x43E8, 0x43E8, 0x4409, 0x4409, 0x442A, 0x442A, 0x444A, 0x444B, 0x444B, 0x442C, 0x442C, 0x4C2D, 0x4C2E, 0x4C2E, 0x4C2F, 0x442F,
    0x440F, 0x4410, 0x43F0, 0x3BB0, 0x3B90, 0x3B51, 0x32F1, 0x32B1, 0x3271, 0x3251, 0x3211, 0x31F1, 0x31F1, 0x39F1, 0x39F1, 0x41F1,
    0x43E8, 0x4409, 0x4429, 0x442A, 0x442A, 0x444A, 0x444B, 0x444B, 0x444C, 0x444C, 0x4C4D, 0x4C4D, 0x4C4E, 0x544F, 0x4C4F, 0x4C4F,
    0x4C50, 0x4430, 0x4430, 0x4410, 0x43F1, 0x3BB1, 0x3B71, 0x3B31, 0x3AD1, 0x3291, 0x3271, 0x3231, 0x3A31, 0x3A11, 0x4211, 0x4231,
    0x4409, 0x4429, 0x442A, 0x442A, 0x444B, 0x444B, 0x446B, 0x4C6C, 0x4C6C, 0x4C6D, 0x4C6D, 0x4C6E, 0x546E, 0x546F, 0x546F, 0x5470,
    0x5470, 0x4C50, 0x4C50, 0x4431, 0x4411, 0x43F1, 0x3BD1, 0x3B91, 0x3B51, 0x3B11, 0x3AD1, 0x3A91, 0x3A71, 0x3A51, 0x4251, 0x4271,
    0x4429, 0x442A, 0x442A, 0x444B, 0x444B, 0x4C6B, 0x4C6C, 0x4C6C, 0x4C6C, 0x4C6D, 0x4C8D, 0x548E, 0x548F, 0x5C8F, 0x5C90, 0x5C90,
    0x5C90, 0x5470, 0x5471, 0x4C71, 0x4C51, 0x4431, 0x4411, 0x43F1, 0x3BB1, 0x3B71, 0x3B31, 0x3AF1, 0x3AD1, 0x42B1, 0x42B1, 0x4AB1,
    0x442A, 0x442A, 0x444B, 0x444B, 0x4C6B, 0x4C6C, 0x4C6C, 0x4C8C, 0x4C8D, 0x548D, 0x548E, 0x548F, 0x5C8F, 0x6490, 0x64B0, 0x64B0,
    0x6491, 0x5C91, 0x5C91, 0x5491, 0x5471, 0x4C71, 0x4C51, 0x4431, 0x43F1, 0x43D1, 0x4391, 0x4351, 0x4311, 0x42F1, 0x42F1, 0x4AF1,
    0x442A, 0x444B, 0x444B, 0x4C6B, 0x4C6C, 0x4C6C, 0x4C8C, 0x4C8D, 0x548D, 0x548E, 0x548E, 0x5C8F, 0x64AF, 0x64B0, 0x64B0, 0x6CB1,
    0x64B1, 0x64B1, 0x5C91, 0x5C91, 0x5C91, 0x5471, 0x5471, 0x4C51, 0x4C31, 0x4411, 0x43D1, 0x43B1, 0x4371, 0x4351, 0x4B31, 0x4B31,
    0x444B, 0x444B, 0x4C6B, 0x4C6C, 0x4C6C, 0x4C8C, 0x4C8D, 0x548D, 0x548D, 0x548E, 0x5CAF, 0x64AF, 0x64B0, 0x6CB0, 0x6CB1, 0x6CB1,
    0x6CB1, 0x6CB1, 0x64B1, 0x64B1, 0x5C91, 0x5C91, 0x5C91, 0x5471, 0x5451, 0x4C31, 0x4C11, 0x4BF1, 0x4BD1, 0x4B91, 0x4B91, 0x5371,
    0x444B, 0x4C6B, 0x4C6C, 0x4C6C, 0x4C8C, 0x548D, 0x548D, 0x548D, 0x5C8E, 0x5CAE, 0x64AF, 0x64B0, 0x6CB0, 0x6CD1, 0x74D1, 0x74D1,
    0x74D1, 0x6CB1, 0x6CB1, 0x64B1, 0x64B1, 0x6491, 0x5C91, 0x5C91, 0x5471, 0x5471, 0x5451, 0x4C31, 0x4BF1, 0x4BD1, 0x53D2, 0x53B2,
    0x4C6B, 0x4C6C, 0x4C8C, 0x4C8C, 0x548D, 0x548D, 0x548D, 0x5C8E, 0x5CAE, 0x64AF, 0x64AF, 0x6CB0, 0x74D0, 0x74D1, 0x7CD1, 0x7CD1,
    0x7CD1, 0x74D1, 0x74D1, 0x6CB1, 0x6CB1, 0x64B1, 0x64B1, 0x6492, 0x5C92, 0x5C92, 0x5471, 0x5451, 0x5431, 0x5412, 0x5412, 0x5BF2,
    0x4C6C, 0x4C8C, 0x548D, 0x548D, 0x548D, 0x548D, 0x548E, 0x5CAE, 0x64AF, 0x64AF, 0x6CB0, 0x74D0, 0x74D1, 0x7CD1, 0x7CD1, 0x7CD1,
    0x7CD2, 0x7CD2, 0x74D2, 0x74D2, 0x6CB2, 0x6CB2, 0x64B2, 0x64B2, 0x64B2, 0x6492, 0x5C92, 0x5C72, 0x5452, 0x5452, 0x5C32, 0x5C12,
    0x4C8C, 0x548D, 0x548D, 0x548D, 0x548D, 0x548E, 0x5CAE, 0x64AF, 0x64AF, 0x6CB0, 0x74D0, 0x74D1, 0x7CD1, 0x7CD1, 0x84D1, 0x84F2,
    0x84F2, 0x84D2, 0x7CD2, 0x7CD2, 0x74D2, 0x6CB2, 0x6CB2, 0x6CB2, 0x64B2, 0x64B2, 0x64B2, 0x6492, 0x5C92, 0x5C72, 0x5C52, 0x5C52,
    0x548D, 0x548D, 0x548D, 0x548E, 0x548E, 0x5CAE, 0x5CAF, 0x64AF, 0x6CB0, 0x6CD0, 0x74D1, 0x7CD1, 0x7CD1, 0x84D1, 0x84F2, 0x84F2,
    0x84F2, 0x84D2, 0x84D2, 0x7CD2, 0x74D2, 0x74D2, 0x6CB2, 0x6CB2, 0x6CB2, 0x6CB2, 0x64B2, 0x64B2, 0x6492, 0x5C92, 0x5C72, 0x5C52,
    0x548D, 0x548D, 0x5C8E, 0x5CAE, 0x5CAE, 0x5CAF, 0x64AF, 0x6CB0, 0x6CD0, 0x74D1, 0x74D1, 0x7CD1, 0x7CD1, 0x84D1, 0x84F2, 0x84F2,
    0x84F2, 0x84F2, 0x84D2, 0x7CD2, 0x7CD2, 0x74D2, 0x74D2, 0x6CB2, 0x6CB2, 0x6CB2, 0x6CB2, 0x6CB2, 0x64B2, 0x64B2, 0x6492, 0x5C72,
    0x5C8D, 0x5CAE, 0x5CAE, 0x5CAE, 0x5CAF, 0x64AF, 0x64AF, 0x6CB0, 0x74D0, 0x74D1, 0x7CD1, 0x7CD1, 0x7CD1, 0x84D2, 0x84F2, 0x84F2,
    0x84F2, 0x84F2, 0x84D2, 0x84D2, 0x7CD2, 0x7CD2, 0x74D2, 0x74D2, 0x74B2, 0x6CB2, 0x6CB2, 0x6CB2, 0x6CB2, 0x6CB2, 0x6492, 0x6492,
    0x5CAE, 0x5CAE, 0x5CAE, 0x5CAF, 0x5CAF, 0x64AF, 0x6CB0, 0x6CD0, 0x74D1, 0x74D1, 0x7CD1, 0x7CD1, 0x84D1, 0x84D2, 0x84F2, 0x84F2,
    0x84F2, 0x84F2, 0x84D2, 0x84D2, 0x84D2, 0x7CD2, 0x7CD2, 0x74D2, 0x74D2, 0x74D2, 0x6CB2, 0x6CB2, 0x6CB2, 0x6CB2, 0x6CB2, 0x6CB2,
    0x5104, 0x4904, 0x4904, 0x48E5, 0x48E5, 0x40E5, 0x40E6, 0x40E6, 0x40E7, 0x40C7, 0x40C7, 0x40C8, 0x40C8, 0x48C9, 0x48E9, 0x48EA,
    0x50EB, 0x50EB, 0x510C, 0x510C, 0x590D, 0x590D, 0x590D, 0x592E, 0x612E, 0x612F, 0x612F, 0x612F, 0x592F, 0x512F, 0x512F, 0x5130,
    0x5144, 0x5124, 0x5104, 0x5105, 0x4905, 0x48E6, 0x48E6, 0x48E7, 0x48E7, 0x48E7, 0x40E8, 0x48E8, 0x48E9, 0x48E9, 0x48EA, 0x50EA,
    0x50EB, 0x510C, 0x510C, 0x590D, 0x590D, 0x590D, 0x592E, 0x592E, 0x592F, 0x592F, 0x592F, 0x592F, 0x512F, 0x512F, 0x5130, 0x5130,
    0x4984, 0x5144, 0x5924, 0x5125, 0x5105, 0x5106, 0x5106, 0x50E7, 0x48E7, 0x48E8, 0x48E8, 0x48E9, 0x48E9, 0x50EA, 0x50EA, 0x50EB,
    0x510B, 0x510C, 0x590D, 0x590D, 0x590D, 0x592E, 0x592E, 0x592F, 0x592F, 0x592F, 0x512F, 0x512F, 0x5130, 0x5130, 0x5130, 0x5130,
    0x49C4, 0x51A4, 0x5985, 0x5945, 0x5925, 0x5926, 0x5106, 0x5107, 0x5108, 0x50E8, 0x50E9, 0x50E9, 0x50EA, 0x50EA, 0x50EB, 0x510B,
    0x510C, 0x510D, 0x590D, 0x590D, 0x592E, 0x592E, 0x592F, 0x592F, 0x512F, 0x512F, 0x512F, 0x5130, 0x5130, 0x5130, 0x5130, 0x5130,
    0x4A05, 0x51E5, 0x59E5, 0x5985, 0x6145, 0x5945, 0x5926, 0x5927, 0x5908, 0x5109, 0x5109, 0x50EA, 0x50EA, 0x510B, 0x510B, 0x510C,
    0x510D, 0x590D, 0x590D, 0x592E, 0x592E, 0x512F, 0x512F, 0x512F, 0x512F, 0x492F, 0x4930, 0x4930, 0x4930, 0x5130, 0x5130, 0x5950,
    0x4A25, 0x5225, 0x5A25, 0x59E5, 0x61C5, 0x5985, 0x5966, 0x5947, 0x5928, 0x5929, 0x592A, 0x590A, 0x510B, 0x510B, 0x510C, 0x510C,
    0x510D, 0x510D, 0x510E, 0x512E, 0x512F, 0x512F, 0x492F, 0x492F, 0x492F, 0x4930, 0x4930, 0x4930, 0x4930, 0x4930, 0x5150, 0x5150,
    0x4A45, 0x5265, 0x5265, 0x5A45, 0x6245, 0x61E5, 0x61A6, 0x5987, 0x5968, 0x5969, 0x594A, 0x592A, 0x592B, 0x510C, 0x510C, 0x510D,
    0x510D, 0x512E, 0x512E, 0x492F, 0x492F, 0x492F, 0x410F, 0x410F, 0x4130, 0x4130, 0x4130, 0x4130, 0x4930, 0x4950, 0x4950, 0x5150,
    0x4A65, 0x5285, 0x5285, 0x5A85, 0x5A85, 0x5A66, 0x6226, 0x5A07, 0x59C8, 0x59A9, 0x59AA, 0x596B, 0x514B, 0x512C, 0x512D, 0x492D,
    0x492E, 0x492E, 0x412F, 0x412F, 0x412F, 0x412F, 0x412F, 0x3930, 0x3930, 0x4130, 0x4130, 0x4130, 0x4150, 0x4950, 0x4950, 0x4950,
    0x4AA5, 0x4AA5, 0x52A5, 0x52C5, 0x5AC5, 0x5AA6, 0x5AA6, 0x5A67, 0x5A48, 0x5A29, 0x59EA, 0x59CB, 0x518C, 0x516C, 0x494D, 0x492E,
    0x412E, 0x412F, 0x392F, 0x392F, 0x392F, 0x3930, 0x3930, 0x3930, 0x3930, 0x3930, 0x3930, 0x4130, 0x4150, 0x4150, 0x4150, 0x4170,
    0x4AA5, 0x4AE5, 0x52E5, 0x5305, 0x5B26, 0x5B06, 0x5B07, 0x5AC8, 0x5AA9, 0x5A8A, 0x5A6B, 0x5A4B, 0x520C, 0x51CD, 0x498D, 0x416E,
    0x414E, 0x392F, 0x392F, 0x312F, 0x3130, 0x3130, 0x3130, 0x3130, 0x3130, 0x3130, 0x3930, 0x3950, 0x3950, 0x3950, 0x3970, 0x4170,
    0x4AE5, 0x4B05, 0x5326, 0x5346, 0x5B66, 0x5B47, 0x5B47, 0x5B28, 0x5B29, 0x5AEA, 0x5ACB, 0x5AAC, 0x526D, 0x4A2D, 0x49EE, 0x41AE,
    0x396F, 0x314F, 0x314F, 0x312F, 0x3130, 0x2930, 0x2930, 0x2930, 0x3130, 0x3130, 0x3150, 0x3150, 0x3150, 0x3970, 0x3970, 0x3991,
    0x4B06, 0x4B26, 0x5366, 0x5366, 0x5387, 0x5387, 0x5388, 0x5B69, 0x5B69, 0x5B4A, 0x532B, 0x530C, 0x52ED, 0x4AAD, 0x4A6E, 0x422E,
    0x39CF, 0x318F, 0x316F, 0x3150, 0x2950, 0x2950, 0x2950, 0x2950, 0x2950, 0x3150, 0x3150, 0x3170, 0x3170, 0x3170, 0x3991, 0x3991,
    0x4B26, 0x4B66, 0x4B86, 0x53A7, 0x53A7, 0x53C8, 0x53C8, 0x53A9, 0x53AA, 0x538A, 0x536B, 0x536C, 0x534D, 0x4B2E, 0x4AEE, 0x42AF,
    0x3A4F, 0x39EF, 0x31B0, 0x3190, 0x2970, 0x2970, 0x2970, 0x2970, 0x2970, 0x3170, 0x3170, 0x3170, 0x3170, 0x3991, 0x3991, 0x4191,
    0x4B66, 0x4B86, 0x4BA7, 0x4BC7, 0x4BC8, 0x4BE8, 0x4BE9, 0x4BE9, 0x53CA, 0x53AB, 0x53AB, 0x538C, 0x538D, 0x536E, 0x4B4E, 0x430F,
    0x42CF, 0x3A6F, 0x3230, 0x31D0, 0x31B0, 0x2990, 0x2990, 0x2970, 0x2970, 0x3170, 0x3190, 0x3190, 0x3191, 0x3991, 0x3991, 0x4191,
    0x4B86, 0x4BA7, 0x4BC7, 0x4BE8, 0x4BE8, 0x4C09, 0x4C09, 0x4C0A, 0x4BEA, 0x4BEB, 0x4BCB, 0x4BCC, 0x4BCD, 0x4BAE, 0x4BAE, 0x4B8F,
    0x434F, 0x3AF0, 0x3A90, 0x3230, 0x31F0, 0x31D0, 0x29B0, 0x29B0, 0x3190, 0x3191, 0x3191, 0x3191, 0x3191, 0x3991, 0x39B1, 0x41B1,
    0x4BA7, 0x4BC7, 0x4BE8, 0x4BE8, 0x4C09, 0x4C09, 0x4C2A, 0x4C2A, 0x4C0B, 0x4C0B, 0x4BEC, 0x4BEC, 0x4BED, 0x4BEE, 0x4BCE, 0x4BCF,
    0x43AF, 0x4370, 0x3B10, 0x3AB0, 0x3270, 0x3230, 0x31F0, 0x31D1, 0x31B1, 0x31B1, 0x31B1, 0x31B1, 0x31B1, 0x39B1, 0x39B1, 0x41B1,
    0x4BC7, 0x4BE8, 0x4BE8, 0x4C09, 0x4429, 0x442A, 0x442A, 0x442B, 0x442B, 0x442B, 0x4C0C, 0x4C0D, 0x4C0D, 0x4C0E, 0x4C0E, 0x4C0F,
    0x4BEF, 0x43D0, 0x4390, 0x3B30, 0x3AF0, 0x3291, 0x3251, 0x3211, 0x31F1, 0x31D1, 0x31D1, 0x31D1, 0x39D1, 0x39D1, 0x41D1, 0x41D1,
    0x4BE8, 0x4BE8, 0x4409, 0x4429, 0x442A, 0x444A, 0x444B, 0x444B, 0x444B, 0x442C, 0x4C2C, 0x4C2D, 0x4C2E, 0x4C2E, 0x4C2F, 0x4C2F,
    0x4C0F, 0x4410, 0x43F0, 0x43B0, 0x3B71, 0x3B11, 0x32D1, 0x3291, 0x3251, 0x3211, 0x31F1, 0x31F1, 0x39F1, 0x39F1, 0x41F1, 0x41F1,
    0x4BE8, 0x4409, 0x4429, 0x442A, 0x444A, 0x444B, 0x444B, 0x444B, 0x4C4C, 0x4C4C, 0x4C4D, 0x4C4D, 0x544E, 0x544E, 0x544F, 0x544F,
    0x4C50, 0x4C30, 0x4C30, 0x4410, 0x43D1, 0x3B91, 0x3B51, 0x3AF1, 0x3AB1, 0x3271, 0x3A51, 0x3A31, 0x3A11, 0x3A11, 0x4231, 0x4A31,
    0x4409, 0x4429, 0x442A, 0x444A, 0x444B, 0x4C4B, 0x4C6B, 0x4C6C, 0x4C6C, 0x4C6C, 0x4C6D, 0x546E, 0x546E, 0x5C6F, 0x5C6F, 0x5C70,
    0x5470, 0x5470, 0x4C50, 0x4C31, 0x4411, 0x43F1, 0x43B1, 0x3B71, 0x3B31, 0x3AD1, 0x3AB1, 0x3A71, 0x3A71, 0x4251, 0x4271, 0x4A71,
    0x4429, 0x442A, 0x444A, 0x444B, 0x4C4B, 0x4C6B, 0x4C6C, 0x4C6C, 0x4C6C, 0x4C8D, 0x548D, 0x548E, 0x5C8F, 0x5C8F, 0x6490, 0x6490,
    0x5C90, 0x5C90, 0x5471, 0x5471, 0x4C51, 0x4C31, 0x4411, 0x43D1, 0x4391, 0x3B51, 0x3B11, 0x42D1, 0x42B1, 0x42B1, 0x4AB1, 0x4AB1,
    0x442A, 0x444A, 0x444B, 0x4C4B, 0x4C6B, 0x4C6C, 0x4C6C, 0x4C8C, 0x4C8D, 0x548D, 0x548E, 0x5C8E, 0x5C8F, 0x64B0, 0x64B0, 0x6CB0,
    0x64B1, 0x6491, 0x5C91, 0x5C91, 0x5471, 0x5471, 0x4C51, 0x4411, 0x43F1, 0x43B1, 0x4371, 0x4331, 0x4311, 0x42F1, 0x4AF1, 0x52F1,
    0x444A, 0x444B, 0x4C4B, 0x4C6B, 0x4C6C, 0x4C6C, 0x4C8C, 0x548D, 0x548D, 0x548E, 0x5C8E, 0x5CAF, 0x64AF, 0x6CB0, 0x6CB0, 0x6CB1,
    0x6CB1, 0x6CB1, 0x64B1, 0x5C91, 0x5C91, 0x5C91, 0x5471, 0x4C51, 0x4C31, 0x4BF1, 0x43D1, 0x4B91, 0x4B71, 0x4B51, 0x5351, 0x5352,
    0x444B, 0x4C4B, 0x4C6B, 0x4C6C, 0x4C8C, 0x548D, 0x548D, 0x548D, 0x548D, 0x5C8E, 0x5CAE, 0x64AF, 0x6CB0, 0x6CB0, 0x74D1, 0x74D1,
    0x74D1, 0x6CB1, 0x6CB1, 0x64B1, 0x64B1, 0x5C91, 0x5C91, 0x5C91, 0x5471, 0x4C31, 0x4C11, 0x4BF1, 0x4BB1, 0x4B91, 0x5392, 0x5392,
    0x4C6B, 0x4C6C, 0x4C6C, 0x4C8C, 0x548D, 0x548D, 0x548D, 0x548D, 0x5C8E, 0x5CAE, 0x64AF, 0x6CB0, 0x6CB0, 0x74D1, 0x74D1, 0x7CD1,
    0x7CD1, 0x74D1, 0x74D1, 0x6CB1, 0x64B1, 0x64B1, 0x6492, 0x5C92, 0x5C91, 0x5471, 0x5451, 0x5411, 0x53F1, 0x53D2, 0x53D2, 0x5BD2,
    0x4C6C, 0x4C6C, 0x548C, 0x548D, 0x548D, 0x548D, 0x548D, 0x5C8E, 0x5CAE, 0x64AF, 0x64AF, 0x6CB0, 0x74D0, 0x7CD1, 0x7CD1, 0x7CD1,
    0x7CD2, 0x7CD2, 0x74D2, 0x74D2, 0x6CB2, 0x64B2, 0x64B2, 0x64B2, 0x6492, 0x5C92, 0x5C72, 0x5452, 0x5432, 0x5412, 0x5C12, 0x5C12,
    0x4C6C, 0x548C, 0x548D, 0x548D, 0x548D, 0x548E, 0x548E, 0x5CAE, 0x64AF, 0x64AF, 0x6CD0, 0x74D0, 0x74D1, 0x7CD1, 0x7CD1, 0x84D2,
    0x84D2, 0x84D2, 0x7CD2, 0x74D2, 0x74B2, 0x6CB2, 0x6CB2, 0x64B2, 0x64B2, 0x64B2, 0x6492, 0x5C72, 0x5C72, 0x5C52, 0x5C32, 0x5C32,
    0x548D, 0x548D, 0x548D, 0x548D, 0x548E, 0x5CAE, 0x5CAE, 0x5CAF, 0x64AF, 0x6CB0, 0x74D0, 0x74D1, 0x7CD1, 0x7CD1, 0x84D1, 0x84F2,
    0x84F2, 0x84F2, 0x84D2, 0x7CD2, 0x74D2, 0x74B2, 0x6CB2, 0x6CB2, 0x6CB2, 0x64B2, 0x64B2, 0x6492, 0x5C92, 0x5C72, 0x5C52, 0x6452,
    0x548D, 0x548D, 0x5C8D, 0x5CAE, 0x5CAE, 0x5CAE, 0x5CAF, 0x64AF, 0x6CB0, 0x6CD0, 0x74D1, 0x74D1, 0x7CD1, 0x7CD1, 0x84F2, 0x84F2,
    0x84F2, 0x84F2, 0x84D2, 0x7CD2, 0x7CD2, 0x74D2, 0x74B2, 0x6CB2, 0x6CB2, 0x6CB2, 0x6CB2, 0x64B2, 0x6492, 0x6492, 0x6472, 0x6472,
    0x5C8D, 0x5CAE, 0x5CAE, 0x5CAE, 0x5CAE, 0x5CAF, 0x5CAF, 0x64AF, 0x6CB0, 0x74D0, 0x74D1, 0x7CD1, 0x7CD1, 0x84D1, 0x84F2, 0x84F2,
    0x84F2, 0x84F2, 0x84D2, 0x84D2, 0x7CD2, 0x7CD2, 0x74D2, 0x74D2, 0x6CB2, 0x6CB2, 0x6CB2, 0x6CB2, 0x6CB2, 0x64B2, 0x6492, 0x6472,
    0x5CAE, 0x5CAE, 0x5CAE, 0x5CAE, 0x5CAF, 0x5CAF, 0x64AF, 0x6CB0, 0x6CD0, 0x74D1, 0x74D1, 0x7CD1, 0x7CD1, 0x84D1, 0x84F2, 0x84F2,
    0x84F2, 0x84F2, 0x84D2, 0x84D2, 0x84D2, 0x7CD2, 0x7CD2, 0x74D2, 0x74D2, 0x74B2, 0x6CB2, 0x6CB2, 0x6CB2, 0x6CB2, 0x64B2, 0x6492,
    0x64AE, 0x64AE, 0x64AF, 0x5CAF, 0x5CAF, 0x64AF, 0x64B0, 0x6CB0, 0x6CD0, 0x74D1, 0x7CD1, 0x7CD1, 0x7CD1, 0x84D2, 0x84D2, 0x84F2,
    0x84F2, 0x84F2, 0x84F2, 0x84D2, 0x84D2, 0x84D2, 0x7CD2, 0x7CD2, 0x7CD2, 0x74D2, 0x74D2, 0x74D2, 0x6CB2, 0x6CB2, 0x6CB2, 0x6CB2,
    0x5124, 0x5104, 0x5104, 0x4905, 0x4905, 0x48E6, 0x48E6, 0x48E6, 0x48E7, 0x48E7, 0x48E8, 0x40E8, 0x48C8, 0x48E9, 0x48E9, 0x50EA,
    0x50EA, 0x50EB, 0x590B, 0x590C, 0x590C, 0x590D, 0x612D, 0x612E, 0x612E, 0x692F, 0x692F, 0x612F, 0x612F, 0x592F, 0x592F, 0x5930,
    0x5144, 0x5124, 0x5925, 0x5105, 0x5105, 0x5106, 0x5106, 0x50E7, 0x48E7, 0x48E8, 0x48E8, 0x48E8, 0x48E9, 0x50E9, 0x50EA, 0x50EA,
    0x50EB, 0x590B, 0x590C, 0x590C, 0x590D, 0x612D, 0x612E, 0x612E, 0x612E, 0x612F, 0x612F, 0x612F, 0x592F, 0x592F, 0x5930, 0x5930,
    0x5184, 0x5965, 0x5925, 0x5925, 0x5925, 0x5906, 0x5106, 0x5107, 0x5108, 0x50E8, 0x50E8, 0x50E9, 0x50E9, 0x50EA, 0x50EA, 0x58EB,
    0x590B, 0x590C, 0x590C, 0x590D, 0x612D, 0x612E, 0x612E, 0x612F, 0x612F, 0x612F, 0x592F, 0x592F, 0x5930, 0x5930, 0x5930, 0x5930,
    0x51C5, 0x59A5, 0x5985, 0x6165, 0x6125, 0x5926, 0x5926, 0x5907, 0x5908, 0x5908, 0x5909, 0x5909, 0x58EA, 0x590A, 0x590B, 0x590B,
    0x590C, 0x590C, 0x590D, 0x592D, 0x612E, 0x612E, 0x612E, 0x612F, 0x592F, 0x592F, 0x592F, 0x5930, 0x5130, 0x5130, 0x5930, 0x5950,
    0x5205, 0x5A05, 0x59E5, 0x61A5, 0x6145, 0x6145, 0x6126, 0x5927, 0x5928, 0x5908, 0x5909, 0x590A, 0x590A, 0x590B, 0x590B, 0x590C,
    0x590C, 0x590D, 0x592D, 0x612E, 0x612E, 0x612F, 0x592F, 0x592F, 0x592F, 0x512F, 0x512F, 0x5130, 0x5130, 0x5130, 0x5950, 0x5950,
    0x5225, 0x5A25, 0x5A25, 0x6205, 0x61C5, 0x6185, 0x6166, 0x6147, 0x6148, 0x6129, 0x5929, 0x592A, 0x590B, 0x590B, 0x590C, 0x590C,
    0x590D, 0x592D, 0x592E, 0x592E, 0x592E, 0x592F, 0x592F, 0x512F, 0x512F, 0x512F, 0x5130, 0x5130, 0x5130, 0x5150, 0x5950, 0x5950,
    0x5245, 0x5265, 0x5A65, 0x6265, 0x6245, 0x61E5, 0x61A6, 0x6187, 0x6168, 0x6149, 0x614A, 0x612A, 0x612B, 0x592C, 0x590C, 0x590D,
    0x592D, 0x592E, 0x592E, 0x592F, 0x592F, 0x512F, 0x512F, 0x512F, 0x492F, 0x4930, 0x4930, 0x4930, 0x5130, 0x5150, 0x5150, 0x5150,
    0x5265, 0x5285, 0x5A85, 0x5A85, 0x6285, 0x6245, 0x6226, 0x61E7, 0x61C8, 0x61A9, 0x618A, 0x616B, 0x616B, 0x594C, 0x592C, 0x592D,
    0x592D, 0x512E, 0x512E, 0x512F, 0x512F, 0x492F, 0x492F, 0x4930, 0x4930, 0x4930, 0x4930, 0x4930, 0x4950, 0x5150, 0x5150, 0x5170,
    0x4AA5, 0x52A5, 0x52A5, 0x5AC5, 0x62C5, 0x62A6, 0x62A6, 0x6267, 0x6228, 0x6209, 0x61EA, 0x61CB, 0x61AC, 0x596C, 0x594D, 0x514D,
    0x512E, 0x512E, 0x492F, 0x492F, 0x492F, 0x412F, 0x4130, 0x4130, 0x4130, 0x4130, 0x4130, 0x4950, 0x4950, 0x4950, 0x4970, 0x4970,
    0x4AA5, 0x52C5, 0x52E5, 0x5B05, 0x5B05, 0x6306, 0x62E6, 0x62C7, 0x62A8, 0x6289, 0x624A, 0x622B, 0x5A0C, 0x59CD, 0x598D, 0x516E,
    0x494E, 0x492F, 0x412F, 0x412F, 0x412F, 0x3930, 0x3930, 0x3930, 0x4130, 0x4130, 0x4130, 0x4150, 0x4150, 0x4150, 0x4170, 0x4170,
    0x4AE5, 0x5305, 0x5325, 0x5B26, 0x5B46, 0x5B46, 0x6347, 0x6328, 0x6308, 0x62EA, 0x62CB, 0x62AC, 0x5A6C, 0x5A2D, 0x51ED, 0x51AE,
    0x498E, 0x414F, 0x394F, 0x392F, 0x3930, 0x3930, 0x3930, 0x3930, 0x3930, 0x3930, 0x3950, 0x3950, 0x3950, 0x4170, 0x4170, 0x4191,
    0x4B05, 0x5326, 0x5346, 0x5B66, 0x5B86, 0x5B87, 0x5B87, 0x6368, 0x6369, 0x634A, 0x632B, 0x630C, 0x5AED, 0x5AAD, 0x526E, 0x4A2E,
    0x41CF, 0x418F, 0x396F, 0x3150, 0x3150, 0x3150, 0x3150, 0x3150, 0x3150, 0x3150, 0x3150, 0x3950, 0x3970, 0x3970, 0x4171, 0x4191,
    0x4B26, 0x5366, 0x5386, 0x53A7, 0x5BA7, 0x5BC8, 0x5BC8, 0x5BA9, 0x5BAA, 0x5B8A, 0x5B6B, 0x5B6C, 0x5B4D, 0x5B0D, 0x52EE, 0x4A8E,
    0x424F, 0x39EF, 0x39AF, 0x3170, 0x3170, 0x3150, 0x2950, 0x2950, 0x2950, 0x3150, 0x3170, 0x3170, 0x3970, 0x3991, 0x4191, 0x4191,
    0x4B66, 0x5386, 0x53A7, 0x53C7, 0x53C8, 0x53E8, 0x53E9, 0x5BE9, 0x5BCA, 0x5BCB, 0x5BAB, 0x5B8C, 0x5B8D, 0x5B6D, 0x534E, 0x530F,
    0x4ACF, 0x426F, 0x3A10, 0x31D0, 0x3190, 0x3170, 0x3170, 0x3170, 0x3170, 0x3170, 0x3170, 0x3170, 0x3991, 0x3991, 0x4191, 0x41B1,
    0x4B86, 0x53A7, 0x53C7, 0x53E8, 0x53E8, 0x5409, 0x5409, 0x540A, 0x540A, 0x53EB, 0x53CB, 0x53CC, 0x5BAD, 0x5BAE, 0x53AE, 0x538F,
    0x4B4F, 0x42F0, 0x3A90, 0x3A30, 0x31F0, 0x31B0, 0x3190, 0x3190, 0x3190, 0x3190, 0x3191, 0x3191, 0x3991, 0x3991, 0x41B1, 0x49B1,
    0x4BA7, 0x4BC7, 0x53E8, 0x4C08, 0x4C09, 0x4C29, 0x4C2A, 0x4C2A, 0x542B, 0x540B, 0x540C, 0x53EC, 0x53ED, 0x53EE, 0x53CE, 0x53CF,
    0x53AF, 0x4B70, 0x4310, 0x3AB0, 0x3A50, 0x3210, 0x31D0, 0x31B1, 0x31B1, 0x31B1, 0x31B1, 0x31B1, 0x39B1, 0x39B1, 0x41B1, 0x49B1,
    0x4BC7, 0x4BE8, 0x4C08, 0x4C09, 0x4C29, 0x4C2A, 0x4C4A, 0x4C4B, 0x4C2B, 0x4C2B, 0x4C2C, 0x540C, 0x540D, 0x540E, 0x540E, 0x53EF,
    0x53EF, 0x4BD0, 0x4B90, 0x4330, 0x3AD0, 0x3271, 0x3231, 0x31F1, 0x31D1, 0x31D1, 0x31B1, 0x39B1, 0x39B1, 0x41D1, 0x41D1, 0x49D1,
    0x4BE8, 0x4C08, 0x4C09, 0x4C29, 0x4C2A, 0x4C4A, 0x4C4B, 0x4C4B, 0x4C4B, 0x4C4C, 0x4C2C, 0x4C2D, 0x542D, 0x542E, 0x542E, 0x542F,
    0x540F, 0x4C10, 0x4BF0, 0x43B0, 0x4351, 0x3AF1, 0x3AB1, 0x3251, 0x3231, 0x31F1, 0x31F1, 0x39D1, 0x39F1, 0x41F1, 0x41F1, 0x49F1,
    0x4C08, 0x4C09, 0x4C29, 0x4C2A, 0x4C4A, 0x4C4B, 0x4C6B, 0x4C6C, 0x4C6C, 0x4C4C, 0x4C4C, 0x4C4D, 0x544D, 0x544E, 0x5C4F, 0x544F,
    0x5450, 0x5430, 0x4C30, 0x4C10, 0x43D1, 0x4371, 0x3B11, 0x3AB1, 0x3A91, 0x3A51, 0x3A31, 0x3A11, 0x4211, 0x4211, 0x4A31, 0x5231,
    0x4C09, 0x4C29, 0x4C2A, 0x4C4A, 0x4C4B, 0x4C6B, 0x4C6C, 0x4C6C, 0x4C6C, 0x4C6C, 0x4C6D, 0x546D, 0x546E, 0x5C6F, 0x5C6F, 0x5C70,
    0x5C70, 0x5470, 0x5450, 0x4C31, 0x4C11, 0x43F1, 0x4391, 0x3B51, 0x3AF1, 0x3AB1, 0x3A91, 0x3A71, 0x4251, 0x4251, 0x4A71, 0x5271,
    0x4C29, 0x4C2A, 0x4C4A, 0x4C4B, 0x4C6B, 0x4C6C, 0x4C6C, 0x4C6C, 0x4C8D, 0x4C8D, 0x548D, 0x548E, 0x5C8E, 0x5C8F, 0x6490, 0x6490,
    0x6490, 0x5C90, 0x5C71, 0x5471, 0x5451, 0x4C31, 0x43F1, 0x43B1, 0x4371, 0x4311, 0x42F1, 0x42B1, 0x42B1, 0x4AB1, 0x52B1, 0x52D1,
    0x442A, 0x4C4A, 0x4C4B, 0x4C6B, 0x4C6C, 0x4C6C, 0x548C, 0x548D, 0x548D, 0x548D, 0x548E, 0x5C8E, 0x5C8F, 0x64AF, 0x6CB0, 0x6CB0,
    0x6CB1, 0x64B1, 0x6491, 0x5C91, 0x5471, 0x5471, 0x4C51, 0x4C11, 0x43D1, 0x4391, 0x4351, 0x4331, 0x4B11, 0x4AF1, 0x5311, 0x5B12,
    0x444A, 0x4C4B, 0x4C6B, 0x4C6C, 0x4C6C, 0x548C, 0x548D, 0x548D, 0x548D, 0x548E, 0x548E, 0x5CAF, 0x64AF, 0x6CB0, 0x6CB0, 0x74B1,
    0x74B1, 0x6CB1, 0x6CB1, 0x6491, 0x5C91, 0x5C91, 0x5471, 0x5451, 0x4C31, 0x4BF1, 0x4BB1, 0x4B91, 0x4B71, 0x5351, 0x5352, 0x5B52,
    0x4C4B, 0x4C6B, 0x4C6C, 0x4C6C, 0x548D, 0x548D, 0x548D, 0x548D, 0x548E, 0x5C8E, 0x5CAE, 0x64AF, 0x6CB0, 0x6CD0, 0x74D1, 0x74D1,
    0x7CD1, 0x74D1, 0x6CB1, 0x6CB1, 0x64B1, 0x6491, 0x5C91, 0x5C91, 0x5471, 0x5431, 0x4C11, 0x4BD1, 0x53B1, 0x53B2, 0x5BB2, 0x5BB2,
    0x4C6B, 0x4C6C, 0x546C, 0x548D, 0x548D, 0x548D, 0x548D, 0x548E, 0x5C8E, 0x5CAE, 0x64AF, 0x64AF, 0x6CD0, 0x74D1, 0x7CD1, 0x7CD1,
    0x7CD1, 0x7CD1, 0x74D2, 0x6CB1, 0x6CB1, 0x64B2, 0x64B2, 0x6492, 0x5C92, 0x5C72, 0x5452, 0x5412, 0x5412, 0x53F2, 0x5BF2, 0x63D2,
    0x4C6C, 0x548C, 0x548D, 0x548D, 0x548D, 0x5C8D, 0x5C8E, 0x5CAE, 0x5CAE, 0x5CAF, 0x64AF, 0x6CB0, 0x74D0, 0x7CD1, 0x7CD1, 0x84D1,
    0x84D2, 0x7CD2, 0x7CD2, 0x74D2, 0x6CB2, 0x6CB2, 0x6CB2, 0x64B2, 0x6492, 0x6492, 0x5C72, 0x5C52, 0x5C32, 0x5C32, 0x5C12, 0x6412,
    0x548C, 0x548D, 0x548D, 0x5C8D, 0x5C8D, 0x5CAE, 0x5CAE, 0x5CAE, 0x5CAF, 0x64AF, 0x6CB0, 0x6CD0, 0x74D1, 0x7CD1, 0x7CD1, 0x84D2,
    0x84F2, 0x84D2, 0x7CD2, 0x7CD2, 0x74D2, 0x6CB2, 0x6CB2, 0x6CB2, 0x64B2, 0x64B2, 0x6492, 0x5C72, 0x5C72, 0x5C52, 0x6452, 0x6432,
    0x548D, 0x548D, 0x5C8D, 0x5CAE, 0x5CAE, 0x5CAE, 0x5CAE, 0x5CAF, 0x64AF, 0x64B0, 0x6CD0, 0x74D1, 0x7CD1, 0x7CD1, 0x84D1, 0x84F2,
    0x84F2, 0x84F2, 0x84D2, 0x7CD2, 0x7CD2, 0x74D2, 0x74B2, 0x6CB2, 0x6CB2, 0x6CB2, 0x64B2, 0x64B2, 0x6492, 0x5C72, 0x6472, 0x6452,
    0x5C8D, 0x5C8D, 0x5CAE, 0x5CAE, 0x5CAE, 0x5CAE, 0x5CAF, 0x64AF, 0x64AF, 0x6CB0, 0x6CD0, 0x74D1, 0x7CD1, 0x7CD1, 0x84D1, 0x84F2,
    0x84F2, 0x84F2, 0x84D2, 0x84D2, 0x7CD2, 0x7CD2, 0x74D2, 0x74B2, 0x6CB2, 0x6CB2, 0x6CB2, 0x6CB2, 0x6492, 0x6492, 0x6472, 0x6472,
    0x5CAE, 0x5CAE, 0x64AE, 0x64AE, 0x5CAE, 0x5CAF, 0x5CAF, 0x64AF, 0x64B0, 0x6CD0, 0x74D1, 0x74D1, 0x7CD1, 0x7CD1, 0x84D2, 0x84F2,
    0x84F2, 0x84F2, 0x84D2, 0x84D2, 0x84D2, 0x7CD2, 0x7CD2, 0x74D2, 0x74D2, 0x6CB2, 0x6CB2, 0x6CB2, 0x6CB2, 0x6CB2, 0x6492, 0x6492,
    0x64AE, 0x64AE, 0x64AE, 0x64AF, 0x5CAF, 0x5CAF, 0x64AF, 0x64B0, 0x6CB0, 0x6CD0, 0x74D1, 0x7CD1, 0x7CD1, 0x84D1, 0x84D2, 0x84F2,
    0x84F2, 0x84F2, 0x84F2, 0x84D2, 0x84D2, 0x7CD2, 0x7CD2, 0x7CD2, 0x74D2, 0x74D2, 0x74D2, 0x74B2, 0x6CB2, 0x6CB2, 0x6CB2, 0x6C92,
    0x64AE, 0x64AE, 0x64AF, 0x64AF, 0x5CAF, 0x64AF, 0x64B0, 0x6CB0, 0x6CB0, 0x74D1, 0x74D1, 0x7CD1, 0x7CD1, 0x84D2, 0x84D2, 0x84F2,
    0x84F2, 0x84F2, 0x84F2, 0x84D2, 0x84D2, 0x84D2, 0x84D2, 0x7CD2, 0x7CD2, 0x7CD2, 0x74D2, 0x74D2, 0x74D2, 0x6CB2, 0x6CB2, 0x6CB2,
    0x5924, 0x5925, 0x5105, 0x5105, 0x5105, 0x5106, 0x5106, 0x50E7, 0x48E7, 0x48E7, 0x48E8, 0x48E8, 0x48E8, 0x48E9, 0x50E9, 0x50EA,
    0x58EA, 0x58EB, 0x590B, 0x590C, 0x590C, 0x610D, 0x612D, 0x612E, 0x692E, 0x692E, 0x692F, 0x692F, 0x692F, 0x612F, 0x612F, 0x6130,
    0x5965, 0x5945, 0x5925, 0x5925, 0x5905, 0x5906, 0x5106, 0x5107, 0x5107, 0x5108, 0x50E8, 0x50E8, 0x50E9, 0x50E9, 0x50EA, 0x58EA,
    0x590B, 0x590B, 0x590C, 0x610C, 0x610D, 0x612D, 0x612E, 0x692E, 0x692E, 0x692F, 0x692F, 0x612F, 0x612F, 0x612F, 0x6130, 0x6130,
    0x59A5, 0x5965, 0x6145, 0x6125, 0x5925, 0x5926, 0x5907, 0x5907, 0x5908, 0x5908, 0x5908, 0x5909, 0x58E9, 0x590A, 0x590A, 0x590B,
    0x590B, 0x590C, 0x610C, 0x610D, 0x612D, 0x612E, 0x692E, 0x692E, 0x692F, 0x692F, 0x612F, 0x612F, 0x612F, 0x5930, 0x5930, 0x6150,
    0x59E5, 0x59C5, 0x6185, 0x6165, 0x6125, 0x6126, 0x6126, 0x6127, 0x5908, 0x5908, 0x5909, 0x5909, 0x590A, 0x590A, 0x590B, 0x610B,
    0x610C, 0x610C, 0x610D, 0x612D, 0x612E, 0x612E, 0x692E, 0x692F, 0x612F, 0x612F, 0x612F, 0x592F, 0x5930, 0x5930, 0x5950, 0x6150,
    0x5A25, 0x5A05, 0x61E5, 0x61A5, 0x6945, 0x6946, 0x6126, 0x6127, 0x6128, 0x6128, 0x6129, 0x610A, 0x610A, 0x610B, 0x610B, 0x610C,
    0x610C, 0x610D, 0x612D, 0x612E, 0x612E, 0x692E, 0x612F, 0x612F, 0x612F, 0x612F, 0x592F, 0x5930, 0x5930, 0x5950, 0x5950, 0x6150,
    0x5A45, 0x5A45, 0x6225, 0x6205, 0x69C5, 0x6985, 0x6966, 0x6947, 0x6148, 0x6128, 0x6129, 0x612A, 0x612B, 0x612B, 0x610C, 0x610C,
    0x612D, 0x612D, 0x612E, 0x612E, 0x612E, 0x612F, 0x612F, 0x612F, 0x592F, 0x592F, 0x5930, 0x5930, 0x5930, 0x5950, 0x5950, 0x5950,
    0x5265, 0x5A65, 0x6265, 0x6265, 0x6A45, 0x69E5, 0x6986, 0x6987, 0x6968, 0x6948, 0x6949, 0x694A, 0x692B, 0x612B, 0x612C, 0x612C,
    0x612D, 0x612D, 0x612E, 0x612E, 0x612F, 0x612F, 0x592F, 0x592F, 0x592F, 0x5130, 0x5130, 0x5130, 0x5950, 0x5950, 0x5950, 0x5970,
    0x5285, 0x5A85, 0x5AA5, 0x6285, 0x6A85, 0x6A45, 0x6A26, 0x69E6, 0x69A7, 0x6988, 0x698A, 0x696A, 0x696B, 0x614C, 0x612C, 0x612D,
    0x612D, 0x612E, 0x612E, 0x592F, 0x592F, 0x592F, 0x512F, 0x512F, 0x5130, 0x5130, 0x5130, 0x5130, 0x5150, 0x5950, 0x5150, 0x5170,
    0x52A5, 0x52A5, 0x5AC5, 0x62C5, 0x62C5, 0x6AA5, 0x6AA6, 0x6A46, 0x6A07, 0x69E8, 0x69CA, 0x69AB, 0x69AB, 0x618C, 0x616D, 0x614D,
    0x612E, 0x592E, 0x592F, 0x592F, 0x512F, 0x512F, 0x512F, 0x4930, 0x4930, 0x4930, 0x5130, 0x5150, 0x5150, 0x5150, 0x5170, 0x5170,
    0x52A5, 0x52C5, 0x5AE5, 0x62E5, 0x6305, 0x62E6, 0x6AE6, 0x6AA7, 0x6A88, 0x6A69, 0x6A4A, 0x6A2B, 0x6A0C, 0x61CC, 0x61AD, 0x616D,
    0x594E, 0x514E, 0x512F, 0x492F, 0x492F, 0x4930, 0x4930, 0x4930, 0x4930, 0x4930, 0x4950, 0x4950, 0x4950, 0x4970, 0x4970, 0x4970,
    0x52E5, 0x5305, 0x5B05, 0x5B25, 0x6346, 0x6326, 0x6326, 0x6B07, 0x6B08, 0x6AC9, 0x6AAA, 0x6A8B, 0x6A6C, 0x622D, 0x61ED, 0x59AE,
    0x598E, 0x516F, 0x494F, 0x412F, 0x412F, 0x4130, 0x4130, 0x4130, 0x4130, 0x4130, 0x4150, 0x4150, 0x4950, 0x4970, 0x4970, 0x4991,
    0x5305, 0x5326, 0x5B46, 0x5B66, 0x6386, 0x6387, 0x6387, 0x6368, 0x6B48, 0x6B2A, 0x6B0B, 0x6B0C, 0x62CC, 0x62AD, 0x626D, 0x5A2E,
    0x51CE, 0x498F, 0x416F, 0x414F, 0x3950, 0x3930, 0x3930, 0x3930, 0x3950, 0x3950, 0x3950, 0x3950, 0x4170, 0x4170, 0x4191, 0x4991,
    0x5326, 0x5366, 0x5B86, 0x5BA6, 0x63A7, 0x63C7, 0x63C8, 0x63A8, 0x6389, 0x6B8A, 0x6B6B, 0x6B4C, 0x632D, 0x630D, 0x62EE, 0x5A8E,
    0x524F, 0x49EF, 0x41AF, 0x3970, 0x3950, 0x3150, 0x3150, 0x3150, 0x3150, 0x3150, 0x3150, 0x3970, 0x3970, 0x4171, 0x4191, 0x4991,
    0x5366, 0x5386, 0x5BA7, 0x5BC7, 0x5BC7, 0x5BE8, 0x5BE8, 0x63E9, 0x63CA, 0x63CB, 0x63AB, 0x638C, 0x638D, 0x636D, 0x634E, 0x5B0E,
    0x52CF, 0x4A6F, 0x4210, 0x39D0, 0x3990, 0x3170, 0x3170, 0x3170, 0x3170, 0x3170, 0x3170, 0x3970, 0x3991, 0x4191, 0x4191, 0x49B1,
    0x5386, 0x53A7, 0x53C7, 0x5BE8, 0x5BE8, 0x5C09, 0x5C09, 0x5C0A, 0x5C0A, 0x5BEB, 0x63EB, 0x63CC, 0x63AD, 0x63AD, 0x63AE, 0x5B6F,
    0x532F, 0x4AEF, 0x4290, 0x3A30, 0x39D0, 0x31B0, 0x3190, 0x3170, 0x3170, 0x3170, 0x3190, 0x3991, 0x3991, 0x4191, 0x49B1, 0x49B1,
    0x53A7, 0x53C7, 0x53E8, 0x5408, 0x5409, 0x5429, 0x542A, 0x542A, 0x5C2B, 0x5C0B, 0x5C0C, 0x5BEC, 0x5BED, 0x5BCD, 0x5BCE, 0x5BCF,
    0x5BAF, 0x5370, 0x4B10, 0x42B0, 0x3A50, 0x31F0, 0x31B0, 0x3190, 0x3191, 0x3191, 0x3191, 0x3991, 0x39B1, 0x41B1, 0x49B1, 0x51B1,
    0x53C7, 0x53E8, 0x5408, 0x5409, 0x5429, 0x544A, 0x544A, 0x544B, 0x544B, 0x542C, 0x542C, 0x540C, 0x5C0D, 0x5C0D, 0x5C0E, 0x5BEF,
    0x5BEF, 0x53D0, 0x5390, 0x4B30, 0x42B0, 0x3A51, 0x3211, 0x31D1, 0x31D1, 0x31B1, 0x39B1, 0x39B1, 0x41B1, 0x41D1, 0x49D1, 0x51D1,
    0x53E8, 0x5408, 0x5409, 0x5429, 0x544A, 0x544B, 0x544B, 0x544B, 0x544C, 0x544C, 0x544C, 0x542D, 0x542D, 0x5C2E, 0x5C2E, 0x5C2F,
    0x5C0F, 0x5410, 0x53D0, 0x4BB0, 0x4351, 0x3AD1, 0x3A71, 0x3231, 0x31F1, 0x31F1, 0x39D1, 0x39D1, 0x41D1, 0x41F1, 0x49F1, 0x5211,
    0x4C08, 0x4C09, 0x4C29, 0x4C4A, 0x4C4B, 0x4C4B, 0x4C6C, 0x546C, 0x546C, 0x546C, 0x544D, 0x544D, 0x544D, 0x5C4E, 0x5C4F, 0x5C4F,
    0x5C4F, 0x5C30, 0x5430, 0x5410, 0x4BB1, 0x4351, 0x3AF1, 0x3A91, 0x3A51, 0x3A31, 0x3A11, 0x3A11, 0x4211, 0x4A11, 0x5231, 0x5A31,
    0x4C09, 0x4C29, 0x4C4A, 0x4C4B, 0x4C4B, 0x4C6C, 0x546C, 0x546C, 0x546C, 0x546D, 0x546D, 0x546D, 0x546E, 0x5C6E, 0x5C6F, 0x646F,
    0x5C70, 0x5C50, 0x5C50, 0x5431, 0x4C11, 0x4BD1, 0x4391, 0x4331, 0x3AD1, 0x3A91, 0x4271, 0x4251, 0x4251, 0x4A71, 0x5271, 0x5A91,
    0x4C29, 0x4C4A, 0x4C4B, 0x4C4B, 0x4C6C, 0x546C, 0x548C, 0x548D, 0x548D, 0x548D, 0x548D, 0x546E, 0x5C8E, 0x5C8F, 0x648F, 0x6490,
    0x6490, 0x6490, 0x5C71, 0x5C71, 0x5451, 0x5431, 0x4BF1, 0x4391, 0x4351, 0x42F1, 0x42D1, 0x42B1, 0x4AB1, 0x4AB1, 0x52B1, 0x5AD2,
    0x4C2A, 0x4C4B, 0x4C4B, 0x4C6C, 0x546C, 0x548C, 0x548D, 0x548D, 0x548D, 0x548D, 0x548E, 0x5C8E, 0x5C8F, 0x648F, 0x6CB0, 0x6CB0,
    0x6CB1, 0x6CB1, 0x6491, 0x5C91, 0x5C71, 0x5471, 0x5431, 0x4C11, 0x4BD1, 0x4371, 0x4B51, 0x4B11, 0x4B11, 0x5311, 0x5B12, 0x6332,
    0x4C4A, 0x4C4B, 0x4C6C, 0x546C, 0x548D, 0x548D, 0x548D, 0x548D, 0x548D, 0x548E, 0x5C8E, 0x5CAE, 0x64AF, 0x6CB0, 0x6CB0, 0x74B1,
    0x74B1, 0x74B1, 0x6CB1, 0x64B1, 0x6491, 0x5C91, 0x5C71, 0x5451, 0x5411, 0x4BD1, 0x4BB1, 0x4B71, 0x5371, 0x5352, 0x5B72, 0x6372,
    0x4C4B, 0x4C6C, 0x546C, 0x548D, 0x548D, 0x5C8D, 0x5C8D, 0x5C8E, 0x5C8E, 0x5CAE, 0x5CAE, 0x64AF, 0x64AF, 0x6CB0, 0x74D1, 0x7CD1,
    0x7CD1, 0x7CD1, 0x74D1, 0x6CB1, 0x6CB1, 0x64B1, 0x6492, 0x5C92, 0x5C72, 0x5431, 0x5412, 0x53D2, 0x53D2, 0x5BB2, 0x5BB2, 0x63B2,
    0x4C6C, 0x546C, 0x548D, 0x548D, 0x5C8D, 0x5C8D, 0x5CAE, 0x5CAE, 0x5CAE, 0x5CAE, 0x5CAF, 0x64AF, 0x6CB0, 0x74D0, 0x7CD1, 0x7CD1,
    0x7CD1, 0x7CD2, 0x7CD2, 0x74D2, 0x6CB2, 0x6CB2, 0x64B2, 0x6492, 0x5C92, 0x5C72, 0x5C52, 0x5412, 0x5C12, 0x5BF2, 0x63F2, 0x63F2,
    0x546C, 0x548D, 0x548D, 0x5C8D, 0x5CAE, 0x5CAE, 0x5CAE, 0x5CAE, 0x5CAE, 0x5CAF, 0x64AF, 0x6CB0, 0x74D0, 0x74D1, 0x7CD1, 0x84D1,
    0x84D2, 0x84D2, 0x7CD2, 0x7CD2, 0x74D2, 0x6CB2, 0x6CB2, 0x6CB2, 0x64B2, 0x6492, 0x5C72, 0x5C52, 0x5C52, 0x5C32, 0x6432, 0x6C32,
    0x548D, 0x548D, 0x5C8D, 0x5CAE, 0x5CAE, 0x5CAE, 0x5CAE, 0x5CAE, 0x5CAF, 0x64AF, 0x64AF, 0x6CD0, 0x74D1, 0x7CD1, 0x7CD1, 0x84D1,
    0x84F2, 0x84F2, 0x84D2, 0x7CD2, 0x7CD2, 0x74D2, 0x6CB2, 0x6CB2, 0x6CB2, 0x64B2, 0x6492, 0x6492, 0x6472, 0x6452, 0x6452, 0x6C52,
    0x5C8D, 0x5C8E, 0x5CAE, 0x64AE, 0x64AE, 0x64AE, 0x5CAE, 0x5CAF, 0x64AF, 0x64AF, 0x6CB0, 0x74D0, 0x74D1, 0x7CD1, 0x7CD1, 0x84D2,
    0x84F2, 0x84F2, 0x84D2, 0x84D2, 0x7CD2, 0x7CD2, 0x74D2, 0x6CB2, 0x6CB2, 0x6CB2, 0x6CB2, 0x64B2, 0x6492, 0x6472, 0x6472, 0x6C72,
    0x5C8E, 0x5CAE, 0x64AE, 0x64AE, 0x64AE, 0x64AF, 0x64AF, 0x64AF, 0x64AF, 0x64B0, 0x6CB0, 0x74D1, 0x7CD1, 0x7CD1, 0x7CD1, 0x84D2,
    0x84F2, 0x84F2, 0x84D2, 0x84D2, 0x7CD2, 0x7CD2, 0x7CD2, 0x74D2, 0x74B2, 0x6CB2, 0x6CB2, 0x6CB2, 0x6CB2, 0x6492, 0x6C92, 0x6C72,
    0x64AE, 0x64AE, 0x64AE, 0x64AE, 0x64AF, 0x64AF, 0x64AF, 0x64AF, 0x64B0, 0x6CB0, 0x6CD0, 0x74D1, 0x7CD1, 0x7CD1, 0x84D1, 0x84D2,
    0x84F2, 0x84F2, 0x84F2, 0x84D2, 0x84D2, 0x7CD2, 0x7CD2, 0x7CD2, 0x74D2, 0x74D2, 0x74B2, 0x6CB2, 0x6CB2, 0x6CB2, 0x6C92, 0x6C92,
    0x64AE, 0x64AE, 0x64AF, 0x64AF, 0x64AF, 0x64AF, 0x64AF, 0x64B0, 0x6CB0, 0x6CD0, 0x74D1, 0x7CD1, 0x7CD1, 0x7CD1, 0x84D2, 0x84F2,
    0x84F2, 0x84F2, 0x84F2, 0x84F2, 0x84D2, 0x84D2, 0x84D2, 0x7CD2, 0x7CD2, 0x7CD2, 0x74D2, 0x74D2, 0x74B2, 0x6CB2, 0x6CB2, 0x6CB2,
    0x6CAE, 0x6CAF, 0x6CAF, 0x64AF, 0x64AF, 0x64AF, 0x64B0, 0x6CB0, 0x6CB0, 0x74D1, 0x74D1, 0x7CD1, 0x7CD1, 0x84D2, 0x84D2, 0x84F2,
    0x84F2, 0x84F2, 0x84F2, 0x84F2, 0x84F2, 0x84D2, 0x84D2, 0x84D2, 0x84D2, 0x7CD2, 0x7CD2, 0x7CD2, 0x74D2, 0x74D2, 0x74B2, 0x6CB2,
    0x6125, 0x5925, 0x5925, 0x5925, 0x5906, 0x5906, 0x5107, 0x5107, 0x5107, 0x5108, 0x50E8, 0x50E8, 0x50E9, 0x50E9, 0x50E9, 0x58EA,
    0x590A, 0x590B, 0x590B, 0x610C, 0x610C, 0x610D, 0x612D, 0x692E, 0x692E, 0x692E, 0x694F, 0x694F, 0x694F, 0x692F, 0x612F, 0x6150,
    0x6165, 0x6145, 0x6125, 0x6125, 0x5926, 0x5906, 0x5907, 0x5907, 0x5908, 0x5908, 0x5908, 0x5909, 0x5909, 0x5909, 0x590A, 0x590A,
    0x590B, 0x610B, 0x610C, 0x610C, 0x610D, 0x612D, 0x692D, 0x692E, 0x692E, 0x692F, 0x694F, 0x694F, 0x694F, 0x612F, 0x6150, 0x6150,
    0x61A5, 0x6165, 0x6145, 0x6125, 0x6125, 0x6126, 0x6127, 0x6127, 0x5928, 0x5908, 0x5909, 0x5909, 0x5909, 0x590A, 0x610A, 0x610B,
    0x610B, 0x610C, 0x610C, 0x610D, 0x692D, 0x692D, 0x692E, 0x692E, 0x692F, 0x692F, 0x692F, 0x694F, 0x614F, 0x6130, 0x6150, 0x6150,
    0x61E5, 0x61C5, 0x61A5, 0x6965, 0x6945, 0x6126, 0x6126, 0x6127, 0x6128, 0x6128, 0x6129, 0x6109, 0x610A, 0x610A, 0x610B, 0x610B,
    0x610C, 0x610C, 0x612D, 0x692D, 0x692D, 0x692E, 0x692E, 0x692F, 0x692F, 0x692F, 0x692F, 0x614F, 0x6150, 0x6150, 0x6150, 0x6150,
    0x5A25, 0x6205, 0x61E5, 0x69A5, 0x6965, 0x6946, 0x6946, 0x6927, 0x6928, 0x6928, 0x6929, 0x692A, 0x692A, 0x692B, 0x692B, 0x692C,
    0x692C, 0x692C, 0x692D, 0x692D, 0x692E, 0x692E, 0x692F, 0x692F, 0x692F, 0x612F, 0x612F, 0x6150, 0x6150, 0x6150, 0x6150, 0x6150,
    0x5A45, 0x6245, 0x6245, 0x6A05, 0x69C5, 0x6985, 0x6966, 0x6947, 0x6947, 0x6948, 0x6949, 0x692A, 0x692A, 0x692B, 0x692B, 0x692C,
    0x692C, 0x692D, 0x692D, 0x692E, 0x692E, 0x692F, 0x692F, 0x692F, 0x612F, 0x612F, 0x6130, 0x6150, 0x6150, 0x6150, 0x6150, 0x6150,
    0x5A65, 0x6285, 0x6285, 0x6A65, 0x6A45, 0x69E5, 0x7186, 0x6966, 0x6967, 0x6948, 0x6949, 0x694A, 0x694B, 0x694B, 0x692C, 0x692C,
    0x692D, 0x692D, 0x692E, 0x692E, 0x692F, 0x692F, 0x612F, 0x612F, 0x612F, 0x5930, 0x5930, 0x5950, 0x5950, 0x6150, 0x6150, 0x6170,
    0x5A85, 0x5AA5, 0x62A5, 0x6AA5, 0x6A85, 0x6A45, 0x7226, 0x69E6, 0x69A7, 0x6988, 0x6969, 0x696A, 0x696B, 0x694C, 0x694C, 0x694D,
    0x692D, 0x692E, 0x692E, 0x692F, 0x612F, 0x612F, 0x612F, 0x592F, 0x5930, 0x5930, 0x5950, 0x5950, 0x5950, 0x5950, 0x5970, 0x5970,
    0x52A5, 0x5AA5, 0x62C5, 0x6AC5, 0x6AC5, 0x6AA5, 0x7286, 0x7246, 0x6A07, 0x69C8, 0x69A9, 0x69AA, 0x698B, 0x698C, 0x696C, 0x694D,
    0x694D, 0x694E, 0x614E, 0x612F, 0x612F, 0x592F, 0x592F, 0x5930, 0x5930, 0x5930, 0x5950, 0x5950, 0x5950, 0x5970, 0x5970, 0x5970,
    0x52C5, 0x5AC5, 0x62E5, 0x6305, 0x6B05, 0x6B06, 0x6AE6, 0x6AA6, 0x7287, 0x6A48, 0x6A29, 0x6A0A, 0x69EB, 0x69CC, 0x69AD, 0x698D,
    0x616E, 0x614E, 0x614F, 0x594F, 0x592F, 0x592F, 0x5130, 0x5130, 0x5130, 0x5130, 0x5150, 0x5150, 0x5150, 0x5170, 0x5170, 0x5190,
    0x52E5, 0x5B05, 0x5B05, 0x6325, 0x6B46, 0x6B46, 0x6B26, 0x6B07, 0x6AE7, 0x6AC8, 0x6A89, 0x6A6B, 0x6A4C, 0x6A2C, 0x6A0D, 0x69CD,
    0x618E, 0x616E, 0x594F, 0x514F, 0x514F, 0x5130, 0x4930, 0x4930, 0x4930, 0x4950, 0x5150, 0x5150, 0x5170, 0x5170, 0x5170, 0x5191,
    0x5305, 0x5B25, 0x5B46, 0x6366, 0x6366, 0x6B66, 0x6B67, 0x6B47, 0x6B48, 0x6B29, 0x6B0A, 0x6AEB, 0x6ACC, 0x6AAD, 0x6A8D, 0x622E,
    0x61EE, 0x59AF, 0x516F, 0x494F, 0x494F, 0x4950, 0x4130, 0x4130, 0x4950, 0x4950, 0x4950, 0x4970, 0x4970, 0x4970, 0x5191, 0x5191,
    0x5325, 0x5B46, 0x5B66, 0x6386, 0x63A6, 0x63A7, 0x6BA7, 0x6BA8, 0x6B88, 0x6B69, 0x6B6A, 0x6B4B, 0x6B2C, 0x6B0D, 0x6AEE, 0x62AE,
    0x624E, 0x59EF, 0x51AF, 0x496F, 0x4150, 0x4150, 0x4150, 0x4150, 0x4150, 0x4150, 0x4150, 0x4170, 0x4170, 0x4991, 0x4991, 0x5191,
    0x5366, 0x5B86, 0x5BA6, 0x63A7, 0x63C7, 0x63E7, 0x63E8, 0x6BC8, 0x6BC9, 0x6BAA, 0x6BAB, 0x6B8C, 0x6B8D, 0x6B6D, 0x6B4E, 0x630E,
    0x62CF, 0x5A6F, 0x520F, 0x41D0, 0x4190, 0x3970, 0x3950, 0x3950, 0x3950, 0x3970, 0x3970, 0x3970, 0x4191, 0x4191, 0x4991, 0x51B1,
    0x5386, 0x5BA6, 0x5BC7, 0x5BE7, 0x5BE8, 0x6408, 0x6409, 0x6409, 0x640A, 0x6BEB, 0x6BEB, 0x6BCC, 0x6BCD, 0x6BAD, 0x6B8E, 0x636F,
    0x632F, 0x5AEF, 0x5290, 0x4230, 0x41D0, 0x3990, 0x3170, 0x3170, 0x3170, 0x3170, 0x3970, 0x3991, 0x4191, 0x4191, 0x49B1, 0x51B1,
    0x53A7, 0x5BC7, 0x5BE7, 0x5BE8, 0x5C08, 0x5C29, 0x5C2A, 0x642A, 0x642B, 0x642B, 0x640C, 0x640C, 0x6BED, 0x6BED, 0x63CE, 0x63CF,
    0x638F, 0x5B70, 0x5310, 0x4AB0, 0x4250, 0x39F0, 0x31B0, 0x3190, 0x3190, 0x3191, 0x3991, 0x3991, 0x4191, 0x41B1, 0x51B1, 0x59D1,
    0x53C7, 0x53E8, 0x5C08, 0x5C09, 0x5C29, 0x5C4A, 0x5C4A, 0x5C4B, 0x5C4C, 0x5C4C, 0x642C, 0x642D, 0x640D, 0x640D, 0x63EE, 0x63EF,
    0x63EF, 0x5BD0, 0x5B90, 0x4B30, 0x42B0, 0x3A51, 0x3A11, 0x31D1, 0x31B1, 0x39B1, 0x39B1, 0x39B1, 0x41B1, 0x49B1, 0x51D1, 0x59D1,
    0x53E8, 0x5408, 0x5409, 0x5429, 0x544A, 0x544B, 0x546B, 0x5C6C, 0x5C6C, 0x5C6C, 0x5C4D, 0x5C4D, 0x5C2D, 0x642E, 0x642E, 0x642F,
    0x640F, 0x6410, 0x5BF0, 0x53B0, 0x4B51, 0x42D1, 0x3A71, 0x3A11, 0x39F1, 0x39D1, 0x39D1, 0x41D1, 0x41D1, 0x49F1, 0x51F1, 0x5A11,
    0x5408, 0x5409, 0x5429, 0x544A, 0x544B, 0x546B, 0x546C, 0x546C, 0x5C6D, 0x5C6D, 0x5C6D, 0x5C4D, 0x5C4D, 0x5C4E, 0x644E, 0x644F,
    0x644F, 0x6430, 0x5C30, 0x5C11, 0x53B1, 0x4B51, 0x42F1, 0x3A91, 0x3A51, 0x3A11, 0x4211, 0x4211, 0x4A11, 0x4A11, 0x5231, 0x6231,
    0x5409, 0x5429, 0x544A, 0x544B, 0x546B, 0x546C, 0x546C, 0x5C8D, 0x5C8D, 0x548D, 0x546D, 0x546D, 0x5C6E, 0x5C6E, 0x646F, 0x646F,
    0x6470, 0x6450, 0x6450, 0x5C31, 0x5411, 0x53D1, 0x4B71, 0x4311, 0x42B1, 0x4271, 0x4271, 0x4251, 0x4A51, 0x5271, 0x5A71, 0x6291,
    0x5429, 0x544A, 0x544B, 0x546B, 0x546C, 0x548C, 0x5C8D, 0x5C8D, 0x5C8D, 0x5C8D, 0x548D, 0x5C8E, 0x5C8E, 0x5C6E, 0x646F, 0x6C90,
    0x6C90, 0x6490, 0x6471, 0x6471, 0x5C51, 0x5431, 0x53F1, 0x4B91, 0x4331, 0x42F1, 0x42D1, 0x4AB1, 0x52B1, 0x52B1, 0x5AD1, 0x62D2,
    0x4C4A, 0x544B, 0x546B, 0x546C, 0x548D, 0x5C8D, 0x5C8D, 0x5C8D, 0x5C8E, 0x5C8E, 0x5C8E, 0x5C8E, 0x5C8E, 0x648F, 0x648F, 0x6CB0,
    0x6CB0, 0x6CB1, 0x6C91, 0x6491, 0x6471, 0x5C71, 0x5431, 0x53F1, 0x4BB1, 0x4B71, 0x4B31, 0x4B11, 0x5311, 0x5B12, 0x6332, 0x6B32,
    0x4C4B, 0x546B, 0x546C, 0x546C, 0x5C8D, 0x5C8D, 0x5C8E, 0x5CAE, 0x5CAE, 0x5CAE, 0x5CAE, 0x5CAE, 0x5CAF, 0x64AF, 0x6CB0, 0x74B0,
    0x74B1, 0x74B1, 0x74B1, 0x6CB1, 0x6491, 0x6491, 0x5C71, 0x5451, 0x5411, 0x53D1, 0x53B1, 0x5371, 0x5372, 0x5B72, 0x6372, 0x6B92,
    0x4C6B, 0x546C, 0x546D, 0x5C8D, 0x5C8D, 0x5C8E, 0x64AE, 0x64AE, 0x5CAE, 0x5CAE, 0x5CAE, 0x5CAF, 0x64AF, 0x6CB0, 0x74B0, 0x74D1,
    0x7CD1, 0x7CD1, 0x74D1, 0x74B1, 0x6CB1, 0x64B1, 0x6492, 0x5C92, 0x5C72, 0x5432, 0x5412, 0x53D2, 0x5BD2, 0x5BB2, 0x63D2, 0x6BD2,
    0x546C, 0x546C, 0x5C8D, 0x5C8D, 0x5CAE, 0x64AE, 0x64AE, 0x64AE, 0x64AE, 0x5CAF, 0x5CAF, 0x64AF, 0x64B0, 0x6CD0, 0x74D1, 0x7CD1,
    0x7CD1, 0x7CD2, 0x7CD2, 0x74D2, 0x74B2, 0x6CB2, 0x6CB2, 0x64B2, 0x6492, 0x5C72, 0x5C52, 0x5C32, 0x5C12, 0x6412, 0x6C12, 0x6C12,
    0x546D, 0x548D, 0x5C8E, 0x5CAE, 0x64AE, 0x64AE, 0x64AE, 0x64AE, 0x64AF, 0x64AF, 0x64AF, 0x64AF, 0x6CB0, 0x74D1, 0x7CD1, 0x7CD1,
    0x84D2, 0x84D2, 0x84D2, 0x7CD2, 0x74D2, 0x74B2, 0x6CB2, 0x6CB2, 0x64B2, 0x6492, 0x6472, 0x5C52, 0x6452, 0x6432, 0x6C32, 0x6C32,
    0x548D, 0x5C8D, 0x64AE, 0x64AE, 0x64AE, 0x64AE, 0x64AF, 0x64AF, 0x64AF, 0x64AF, 0x64AF, 0x6CB0, 0x6CD0, 0x74D1, 0x7CD1, 0x7CD1,
    0x84D2, 0x84F2, 0x84D2, 0x84D2, 0x7CD2, 0x74D2, 0x74B2, 0x6CB2, 0x6CB2, 0x6CB2, 0x6492, 0x6492, 0x6472, 0x6452, 0x6C52, 0x6C52,
    0x5C8E, 0x64AE, 0x64AE, 0x64AE, 0x64AE, 0x64AF, 0x64AF, 0x64AF, 0x64AF, 0x64AF, 0x64B0, 0x6CB0, 0x74D1, 0x74D1, 0x7CD1, 0x84D1,
    0x84F2, 0x84F2, 0x84F2, 0x84D2, 0x7CD2, 0x7CD2, 0x74D2, 0x74D2, 0x74B2, 0x6CB2, 0x6CB2, 0x6CB2, 0x6492, 0x6472, 0x6C72, 0x7472,
    0x64AE, 0x64AE, 0x6CAE, 0x6CAF, 0x6CAF, 0x64AF, 0x64AF, 0x64AF, 0x64AF, 0x64B0, 0x6CB0, 0x6CD0, 0x74D1, 0x7CD1, 0x7CD1, 0x84D2,
    0x84F2, 0x84F2, 0x84F2, 0x84D2, 0x84D2, 0x7CD2, 0x7CD2, 0x7CD2, 0x74D2, 0x74D2, 0x6CB2, 0x6CB2, 0x6CB2, 0x6C92, 0x6C92, 0x6C92,
    0x64AF, 0x6CAF, 0x6CAF, 0x6CAF, 0x6CAF, 0x64AF, 0x64AF, 0x64AF, 0x64B0, 0x6CB0, 0x6CD0, 0x74D1, 0x7CD1, 0x7CD1, 0x7CD1, 0x84D2,
    0x84F2, 0x84F2, 0x84F2, 0x84F2, 0x84D2, 0x84D2, 0x84D2, 0x7CD2, 0x7CD2, 0x74D2, 0x74D2, 0x74D2, 0x6CB2, 0x6CB2, 0x6CB2, 0x6C92,
    0x6CAF, 0x6CAF, 0x6CCF, 0x6CAF, 0x64AF, 0x64AF, 0x64AF, 0x64B0, 0x6CB0, 0x6CD0, 0x74D1, 0x74D1, 0x7CD1, 0x7CD1, 0x84D2, 0x84F2,
    0x84F2, 0x84F2, 0x84F2, 0x84F2, 0x84F2, 0x84D2, 0x84D2, 0x84D2, 0x7CD2, 0x7CD2, 0x7CD2, 0x74D2, 0x74D2, 0x74D2, 0x74B2, 0x74B2,
    0x6CCF, 0x6CCF, 0x6CCF, 0x6CAF, 0x64AF, 0x64B0, 0x64B0, 0x6CB0, 0x6CD0, 0x74D1, 0x7CD1, 0x7CD1, 0x84D1, 0x84D2, 0x84F2, 0x84F2,
    0x84F2, 0x84F2, 0x84F2, 0x84F2, 0x84F2, 0x84F2, 0x84F2, 0x84F2, 0x84F2, 0x84D2, 0x84D2, 0x7CD2, 0x7CD2, 0x7CD2, 0x74D2, 0x74D2,
    0x6145, 0x6125, 0x6125, 0x5925, 0x5926, 0x5906, 0x5907, 0x5907, 0x5908, 0x5908, 0x5908, 0x5908, 0x5909, 0x58E9, 0x58EA, 0x590A,
    0x590A, 0x610B, 0x610B, 0x610C, 0x610C, 0x610D, 0x692D, 0x692D, 0x692E, 0x714E, 0x714F, 0x714F, 0x694F, 0x694F, 0x694F, 0x6950,
    0x6185, 0x6145, 0x6125, 0x6125, 0x6126, 0x6126, 0x6127, 0x6127, 0x5908, 0x5908, 0x5908, 0x5909, 0x5909, 0x590A, 0x590A, 0x610A,
    0x610B, 0x610B, 0x610C, 0x610C, 0x692D, 0x692D, 0x692D, 0x692E, 0x692E, 0x714F, 0x714F, 0x694F, 0x694F, 0x694F, 0x6950, 0x6950,
    0x61C5, 0x6985, 0x6945, 0x6945, 0x6925, 0x6126, 0x6127, 0x6127, 0x6128, 0x6128, 0x6129, 0x6129, 0x610A, 0x610A, 0x610A, 0x610B,
    0x610B, 0x610C, 0x692C, 0x692C, 0x692D, 0x692D, 0x692E, 0x714E, 0x714F, 0x714F, 0x694F, 0x694F, 0x694F, 0x6950, 0x6950, 0x6950,
    0x6205, 0x69C5, 0x69A5, 0x6965, 0x6945, 0x6946, 0x6926, 0x6927, 0x6928, 0x6928, 0x6929, 0x6929, 0x692A, 0x692A, 0x692B, 0x692B,
    0x692B, 0x692C, 0x692C, 0x692D, 0x692D, 0x692E, 0x692E, 0x714F, 0x694F, 0x694F, 0x694F, 0x694F, 0x6950, 0x6950, 0x6950, 0x6950,
    0x6245, 0x6225, 0x6A05, 0x69A5, 0x7165, 0x6946, 0x6946, 0x6947, 0x6948, 0x6948, 0x6949, 0x6929, 0x692A, 0x692B, 0x692B, 0x692B,
    0x692C, 0x692C, 0x692D, 0x692D, 0x692E, 0x714E, 0x714E, 0x694F, 0x694F, 0x694F, 0x694F, 0x6950, 0x6950, 0x6950, 0x6950, 0x6950,
    0x6265, 0x6245, 0x6A45, 0x6A05, 0x71C5, 0x7185, 0x7166, 0x7146, 0x6947, 0x6948, 0x6949, 0x694A, 0x694A, 0x694B, 0x694B, 0x692C,
    0x692C, 0x692D, 0x692D, 0x692E, 0x694E, 0x694E, 0x694F, 0x694F, 0x694F, 0x694F, 0x6950, 0x6150, 0x6150, 0x6950, 0x6950, 0x6970,
    0x6285, 0x6285, 0x6A85, 0x6A65, 0x7245, 0x71E5, 0x7186, 0x7186, 0x7167, 0x7168, 0x7149, 0x714A, 0x714A, 0x714B, 0x714C, 0x714C,
    0x714D, 0x714D, 0x714E, 0x714E, 0x714E, 0x694F, 0x694F, 0x694F, 0x694F, 0x6150, 0x6150, 0x6150, 0x6150, 0x6150, 0x6170, 0x6170,
    0x5AA5, 0x62A5, 0x6AA5, 0x6AA5, 0x7285, 0x7245, 0x7226, 0x71C6, 0x71A7, 0x7188, 0x7169, 0x716A, 0x716B, 0x716B, 0x714C, 0x714C,
    0x714D, 0x714D, 0x714E, 0x694E, 0x694F, 0x694F, 0x694F, 0x694F, 0x6150, 0x6150, 0x6150, 0x6150, 0x6150, 0x6170, 0x6170, 0x6170,
    0x5AA5, 0x62C5, 0x6AC5, 0x6AE5, 0x72C5, 0x72A6, 0x7286, 0x7246, 0x71E7, 0x71C8, 0x71A9, 0x718A, 0x718B, 0x718C, 0x716C, 0x716D,
    0x714D, 0x714E, 0x694E, 0x694F, 0x694F, 0x694F, 0x614F, 0x6150, 0x6150, 0x6150, 0x6150, 0x6150, 0x6170, 0x6170, 0x6170, 0x5990,
    0x5AC5, 0x62E5, 0x6305, 0x6B05, 0x6B06, 0x7306, 0x72E6, 0x72A6, 0x7267, 0x7248, 0x7209, 0x71EA, 0x71CB, 0x71CC, 0x71AD, 0x718D,
    0x696D, 0x696E, 0x694E, 0x694F, 0x614F, 0x614F, 0x6150, 0x6150, 0x5950, 0x5950, 0x5950, 0x5950, 0x5970, 0x5970, 0x5970, 0x5990,
    0x5AE5, 0x5B05, 0x6325, 0x6B25, 0x6B46, 0x7346, 0x7346, 0x7306, 0x72E7, 0x72A8, 0x7269, 0x724A, 0x722B, 0x722C, 0x720D, 0x71CD,
    0x69AE, 0x698E, 0x696E, 0x614F, 0x614F, 0x594F, 0x5950, 0x5950, 0x5950, 0x5950, 0x5950, 0x5970, 0x5970, 0x5970, 0x5990, 0x5991,
    0x5B05, 0x5B25, 0x6346, 0x6B66, 0x6B66, 0x6B66, 0x7366, 0x7347, 0x7327, 0x7308, 0x72E9, 0x72CA, 0x72AB, 0x72AC, 0x726D, 0x724E,
    0x6A0E, 0x69AE, 0x618F, 0x596F, 0x594F, 0x5150, 0x5150, 0x5150, 0x5150, 0x5150, 0x5150, 0x5170, 0x5170, 0x5190, 0x5991, 0x5991,
    0x5B25, 0x5B46, 0x6366, 0x6386, 0x6BA6, 0x6BA7, 0x6BA7, 0x7387, 0x7388, 0x7369, 0x734A, 0x732B, 0x730C, 0x730D, 0x72ED, 0x72AE,
    0x6A6E, 0x620F, 0x61CF, 0x598F, 0x516F, 0x4950, 0x4950, 0x4950, 0x4950, 0x4950, 0x4970, 0x4970, 0x4970, 0x5191, 0x5191, 0x59B1,
    0x5B66, 0x5B86, 0x63A6, 0x63A6, 0x6BC7, 0x6BC7, 0x6BC7, 0x6BC8, 0x6BC8, 0x73A9, 0x738A, 0x738B, 0x736C, 0x736D, 0x734E, 0x6B0E,
    0x6ACF, 0x628F, 0x5A2F, 0x51CF, 0x4990, 0x4170, 0x4150, 0x4150, 0x4150, 0x4170, 0x4170, 0x4170, 0x4991, 0x4991, 0x5191, 0x59B1,
    0x5B86, 0x5BA6, 0x63C7, 0x63C7, 0x63E7, 0x6408, 0x6C08, 0x6C09, 0x6BE9, 0x6BEA, 0x73EB, 0x73CC, 0x73AC, 0x73AD, 0x738E, 0x6B6E,
    0x6B4F, 0x62EF, 0x5A8F, 0x5230, 0x49D0, 0x4190, 0x3970, 0x3970, 0x3970, 0x3970, 0x3970, 0x4191, 0x4191, 0x4991, 0x51B1, 0x59B1,
    0x5BA6, 0x5BC7, 0x5BE7, 0x63E8, 0x6408, 0x6429, 0x6429, 0x6C2A, 0x6C2B, 0x6C2B, 0x6C0C, 0x6C0C, 0x73ED, 0x6BCD, 0x6BCE, 0x6BCE,
    0x6B8F, 0x636F, 0x5B10, 0x52B0, 0x4A50, 0x41F0, 0x39B0, 0x3990, 0x3990, 0x3990, 0x3991, 0x4191, 0x4191, 0x49B1, 0x51B1, 0x61D1,
    0x5BC7, 0x5BE7, 0x5BE8, 0x5C08, 0x5C29, 0x642A, 0x644A, 0x644B, 0x644B, 0x6C4C, 0x6C4C, 0x6C2D, 0x6C0D, 0x6C0D, 0x6BEE, 0x6BEF,
    0x6BEF, 0x6BD0, 0x6390, 0x5B30, 0x4AB0, 0x4250, 0x41F1, 0x39B1, 0x39B1, 0x3991, 0x39B1, 0x41B1, 0x49B1, 0x51B1, 0x59D1, 0x61F1,
    0x5BE7, 0x5C08, 0x5C09, 0x5C29, 0x5C4A, 0x5C4A, 0x5C6B, 0x646C, 0x646C, 0x646D, 0x646D, 0x644D, 0x644D, 0x6C2E, 0x6C2E, 0x6C0F,
    0x6C0F, 0x6C10, 0x63F0, 0x5BB0, 0x5351, 0x4AD1, 0x4271, 0x3A11, 0x39D1, 0x39D1, 0x41D1, 0x41D1, 0x49D1, 0x51D1, 0x59F1, 0x6211,
    0x5408, 0x5C09, 0x5C29, 0x5C4A, 0x5C4B, 0x5C6B, 0x5C6C, 0x5C6C, 0x648D, 0x646D, 0x646D, 0x646D, 0x644E, 0x644E, 0x644E, 0x6C4F,
    0x6C2F, 0x6C30, 0x6430, 0x6410, 0x5BB1, 0x5351, 0x4AD1, 0x4271, 0x4231, 0x4211, 0x41F1, 0x49F1, 0x4A11, 0x5211, 0x5A31, 0x6251,
    0x5409, 0x5429, 0x544A, 0x5C4B, 0x5C6B, 0x5C6C, 0x5C8D, 0x5C8D, 0x648D, 0x5C8D, 0x5C8E, 0x5C6E, 0x646E, 0x646E, 0x646E, 0x6C6F,
    0x6C6F, 0x6C50, 0x6450, 0x6431, 0x5C11, 0x5BD1, 0x5371, 0x4AF1, 0x42B1, 0x4271, 0x4251, 0x4A51, 0x5251, 0x5A51, 0x6271, 0x6A91,
    0x5429, 0x544A, 0x544B, 0x5C6B, 0x5C6C, 0x5C8D, 0x5C8D, 0x648E, 0x64AE, 0x648E, 0x5C8E, 0x5C8E, 0x5C8E, 0x646E, 0x646F, 0x6C8F,
    0x6C90, 0x6C70, 0x6C70, 0x6471, 0x6451, 0x5C31, 0x53D1, 0x4B71, 0x4B31, 0x4AD1, 0x4AB1, 0x52B1, 0x52B1, 0x5AB1, 0x62D2, 0x6AD2,
    0x544A, 0x544B, 0x546B, 0x5C6C, 0x5C8D, 0x5C8D, 0x648E, 0x64AE, 0x64AE, 0x64AE, 0x64AE, 0x5C8E, 0x5C8E, 0x648F, 0x648F, 0x6C90,
    0x6C90, 0x7491, 0x6C91, 0x6C91, 0x6471, 0x6471, 0x5C31, 0x53F1, 0x53B1, 0x4B51, 0x5331, 0x5311, 0x5B12, 0x6312, 0x6B32, 0x6B32,
    0x544B, 0x546B, 0x546C, 0x5C8D, 0x5C8D, 0x648E, 0x64AE, 0x64AE, 0x64AE, 0x64AE, 0x64AE, 0x5CAF, 0x5CAF, 0x64AF, 0x6CB0, 0x6CB0,
    0x74B1, 0x74B1, 0x74B1, 0x6CB1, 0x6C91, 0x6491, 0x6471, 0x5C52, 0x5412, 0x53D2, 0x53B2, 0x5B72, 0x5B72, 0x6372, 0x6B72, 0x7392,
    0x546B, 0x546C, 0x5C8D, 0x5C8D, 0x64AE, 0x64AE, 0x64AE, 0x6CAE, 0x64AF, 0x64AF, 0x64AF, 0x64AF, 0x64AF, 0x6CB0, 0x6CB0, 0x74D1,
    0x7CD1, 0x7CD1, 0x7CD1, 0x74D1, 0x74B1, 0x6CB2, 0x6492, 0x6492, 0x5C72, 0x5C32, 0x5C12, 0x5BF2, 0x63D2, 0x63D2, 0x6BD2, 0x73D2,
    0x546C, 0x5C8D, 0x5C8D, 0x648E, 0x64AE, 0x64AE, 0x6CAF, 0x6CAF, 0x64AF, 0x64AF, 0x64AF, 0x64AF, 0x64AF, 0x6CB0, 0x74D0, 0x7CD1,
    0x7CD1, 0x7CD1, 0x7CD2, 0x7CD2, 0x74D2, 0x74B2, 0x6CB2, 0x6CB2, 0x6492, 0x6472, 0x5C52, 0x5C32, 0x6412, 0x6C12, 0x6C12, 0x7412,
    0x548D, 0x5C8D, 0x64AE, 0x64AE, 0x6CAF, 0x6CAF, 0x6CAF, 0x6CAF, 0x64AF, 0x64AF, 0x64AF, 0x64AF, 0x6CB0, 0x6CD0, 0x74D1, 0x7CD1,
    0x7CD1, 0x84D2, 0x84D2, 0x84D2, 0x7CD2, 0x74D2, 0x74B2, 0x6CB2, 0x6CB2, 0x6492, 0x6492, 0x6472, 0x6452, 0x6C52, 0x6C52, 0x7452,
    0x5C8D, 0x64AE, 0x64AE, 0x6CAF, 0x6CAF, 0x6CAF, 0x6CAF, 0x6CAF, 0x64AF, 0x64AF, 0x64AF, 0x6CB0, 0x6CB0, 0x74D1, 0x7CD1, 0x7CD1,
    0x84D2, 0x84F2, 0x84D2, 0x84D2, 0x7CD2, 0x7CD2, 0x74D2, 0x74B2, 0x6CB2, 0x6CB2, 0x6C92, 0x6492, 0x6C72, 0x6C72, 0x6C72, 0x7472,
    0x64AE, 0x64AE, 0x6CAF, 0x6CAF, 0x6CCF, 0x6CAF, 0x6CAF, 0x6CAF, 0x64AF, 0x64AF, 0x64B0, 0x6CB0, 0x6CD0, 0x74D1, 0x7CD1, 0x7CD1,
    0x84D2, 0x84F2, 0x84F2, 0x84D2, 0x84D2, 0x7CD2, 0x7CD2, 0x74D2, 0x74D2, 0x74B2, 0x6CB2, 0x6CB2, 0x6C92, 0x6C92, 0x6C92, 0x7492,
    0x64AF, 0x6CAF, 0x6CCF, 0x6CCF, 0x6CCF, 0x6CAF, 0x6CAF, 0x6CAF, 0x6CB0, 0x6CB0, 0x6CB0, 0x6CD0, 0x74D1, 0x7CD1, 0x7CD1, 0x84D1,
    0x84D2, 0x84F2, 0x84F2, 0x84F2, 0x84D2, 0x84D2, 0x7CD2, 0x7CD2, 0x7CD2, 0x74D2, 0x74D2, 0x6CB2, 0x6CB2, 0x6CB2, 0x7492, 0x7492,
    0x6CAF, 0x6CCF, 0x74CF, 0x6CCF, 0x6CCF, 0x6CAF, 0x6CAF, 0x6CB0, 0x6CB0, 0x6CB0, 0x6CD0, 0x74D1, 0x7CD1, 0x7CD1, 0x7CD1, 0x84D2,
    0x84F2, 0x84F2, 0x84F2, 0x84F2, 0x84F2, 0x84D2, 0x84D2, 0x84D2, 0x7CD2, 0x7CD2, 0x7CD2, 0x74D2, 0x74D2, 0x6CB2, 0x74B2, 0x74B2,
    0x6CCF, 0x74CF, 0x74CF, 0x6CCF, 0x6CAF, 0x6CB0, 0x6CB0, 0x6CB0, 0x6CB0, 0x74D0, 0x74D1, 0x7CD1, 0x7CD1, 0x7CD1, 0x84D2, 0x84F2,
    0x84F2, 0x84F2, 0x84F2, 0x84F2, 0x84F2, 0x84F2, 0x84F2, 0x84F2, 0x84D2, 0x84D2, 0x7CD2, 0x7CD2, 0x7CD2, 0x74D2, 0x74D2, 0x74B2,
    0x74CF, 0x74CF, 0x74CF, 0x6CCF, 0x6CB0, 0x6CB0, 0x6CB0, 0x6CD0, 0x74D1, 0x74D1, 0x7CD1, 0x7CD1, 0x84D1, 0x84F2, 0x84F2, 0x84F2,
    0x84F2, 0x8CF2, 0x8CF2, 0x8CF2, 0x8CF2, 0x8CF2, 0x8CF2, 0x84F2, 0x84F2, 0x84F2, 0x84F2, 0x84F2, 0x84D2, 0x7CD2, 0x7CD2, 0x74D2,
    0x6945, 0x6125, 0x6125, 0x6125, 0x6126, 0x6126, 0x6107, 0x6107, 0x6108, 0x5908, 0x5908, 0x5909, 0x5909, 0x5909, 0x590A, 0x610A,
    0x610A, 0x610B, 0x610B, 0x610C, 0x692C, 0x692C, 0x692D, 0x692D, 0x712E, 0x714E, 0x714F, 0x714F, 0x714F, 0x694F, 0x694F, 0x6950,
    0x6985, 0x6965, 0x6945, 0x6925, 0x6126, 0x6126, 0x6127, 0x6127, 0x6128, 0x6128, 0x6128, 0x6129, 0x6129, 0x610A, 0x610A, 0x610A,
    0x610B, 0x612B, 0x692C, 0x692C, 0x692C, 0x692D, 0x692D, 0x712E, 0x714E, 0x714E, 0x714F, 0x714F, 0x714F, 0x694F, 0x6950, 0x6950,
    0x69C5, 0x6985, 0x6945, 0x6945, 0x6945, 0x6926, 0x6927, 0x6927, 0x6928, 0x6928, 0x6929, 0x6929, 0x692A, 0x692A, 0x692A, 0x692B,
    0x692B, 0x692C, 0x692C, 0x692C, 0x692D, 0x692D, 0x714E, 0x714E, 0x714E, 0x714F, 0x714F, 0x714F, 0x694F, 0x6950, 0x6950, 0x6950,
    0x6A05, 0x69E5, 0x69A5, 0x6985, 0x6945, 0x6946, 0x6946, 0x6947, 0x6948, 0x6948, 0x6949, 0x6929, 0x692A, 0x692A, 0x692B, 0x692B,
    0x692B, 0x692C, 0x692C, 0x692D, 0x692D, 0x714E, 0x714E, 0x714E, 0x714F, 0x714F, 0x714F, 0x694F, 0x6950, 0x6950, 0x6950, 0x6970,
    0x6A45, 0x6A25, 0x6A05, 0x71A5, 0x7165, 0x7166, 0x7146, 0x7147, 0x6948, 0x6948, 0x6949, 0x6949, 0x694A, 0x714A, 0x714B, 0x714B,
    0x714C, 0x712C, 0x712D, 0x714D, 0x714E, 0x714E, 0x714E, 0x714F, 0x714F, 0x714F, 0x694F, 0x6950, 0x6950, 0x6950, 0x6970, 0x6970,
    0x6265, 0x6A65, 0x6A45, 0x7205, 0x71C5, 0x71A6, 0x7166, 0x7166, 0x7147, 0x7148, 0x7149, 0x7149, 0x714A, 0x714B, 0x714B, 0x714C,
    0x714C, 0x714D, 0x714D, 0x714D, 0x714E, 0x714E, 0x714F, 0x714F, 0x714F, 0x694F, 0x6950, 0x6950, 0x6950, 0x6970, 0x6970, 0x6970,
    0x62A5, 0x6A85, 0x6A85, 0x7265, 0x7245, 0x71E5, 0x79A6, 0x7186, 0x7167, 0x7168, 0x7169, 0x7169, 0x714A, 0x714B, 0x714B, 0x714C,
    0x714D, 0x714D, 0x714D, 0x714E, 0x714E, 0x714F, 0x714F, 0x714F, 0x694F, 0x6950, 0x6950, 0x6950, 0x6970, 0x6970, 0x6970, 0x6970,
    0x62A5, 0x6AA5, 0x6AA5, 0x72A5, 0x7285, 0x7266, 0x7A26, 0x79C6, 0x71A7, 0x7188, 0x7168, 0x7169, 0x716A, 0x716B, 0x716C, 0x716C,
    0x714D, 0x714D, 0x714E, 0x714E, 0x714F, 0x714F, 0x714F, 0x694F, 0x6950, 0x6950, 0x6950, 0x6950, 0x6970, 0x6970, 0x6970, 0x6990,
    0x62C5, 0x6AC5, 0x6AE5, 0x72E5, 0x72E6, 0x72C6, 0x7A86, 0x7A26, 0x79E6, 0x79C7, 0x71A8, 0x7189, 0x718A, 0x718B, 0x716C, 0x716D,
    0x716D, 0x716D, 0x714E, 0x714E, 0x714F, 0x714F, 0x694F, 0x6950, 0x6950, 0x6950, 0x6950, 0x6970, 0x6970, 0x6970, 0x6170, 0x6190,
    0x62C5, 0x62E5, 0x6B05, 0x6B05, 0x7306, 0x7306, 0x7AE6, 0x7AA6, 0x7A67, 0x7A27, 0x79E8, 0x71C9, 0x71CA, 0x71AB, 0x71AC, 0x718D,
    0x718D, 0x716E, 0x716E, 0x714F, 0x714F, 0x694F, 0x694F, 0x6950, 0x6950, 0x6150, 0x6150, 0x6170, 0x6170, 0x6170, 0x6190, 0x6190,
    0x5AE5, 0x6305, 0x6B25, 0x6B46, 0x7346, 0x7346, 0x7B46, 0x7B06, 0x7AE7, 0x7AA7, 0x7A48, 0x7A29, 0x720B, 0x720C, 0x71EC, 0x71CD,
    0x71AD, 0x718E, 0x716E, 0x696F, 0x694F, 0x694F, 0x6950, 0x6150, 0x6150, 0x6150, 0x6170, 0x6170, 0x6170, 0x6190, 0x6190, 0x6191,
    0x5B05, 0x6325, 0x6B46, 0x6B66, 0x7366, 0x7386, 0x7366, 0x7B67, 0x7B27, 0x7B08, 0x7AC8, 0x7AAA, 0x7A8B, 0x7A6C, 0x724D, 0x722D,
    0x720E, 0x71CE, 0x698E, 0x696F, 0x696F, 0x6150, 0x6150, 0x6150, 0x5950, 0x5950, 0x5970, 0x5970, 0x5970, 0x5990, 0x6191, 0x61B1,
    0x5B45, 0x6346, 0x6B66, 0x6B86, 0x6BA6, 0x73A6, 0x73A7, 0x7387, 0x7387, 0x7B68, 0x7B49, 0x7B0A, 0x7AEB, 0x7ACC, 0x72CD, 0x72AE,
    0x726E, 0x722E, 0x69CF, 0x61AF, 0x616F, 0x5970, 0x5950, 0x5950, 0x5950, 0x5970, 0x5970, 0x5170, 0x5990, 0x5991, 0x5991, 0x61B1,
    0x5B66, 0x6386, 0x63A6, 0x6BA6, 0x6BC7, 0x6BC7, 0x73C7, 0x73C7, 0x73A8, 0x73A8, 0x7389, 0x7B6A, 0x7B4B, 0x7B4D, 0x7B2D, 0x730E,
    0x72EF, 0x728F, 0x6A4F, 0x61EF, 0x59AF, 0x5170, 0x5170, 0x5170, 0x5170, 0x4970, 0x5170, 0x5170, 0x5191, 0x5991, 0x59B1, 0x61B1,
    0x5B86, 0x63A6, 0x63C7, 0x6BC7, 0x6BE7, 0x6BE7, 0x6BE8, 0x73E8, 0x73E9, 0x73E9, 0x73CA, 0x73CB, 0x7BAC, 0x7B8D, 0x738E, 0x736E,
    0x734F, 0x730F, 0x6AAF, 0x6230, 0x59F0, 0x51B0, 0x4990, 0x4970, 0x4970, 0x4170, 0x4970, 0x4991, 0x5191, 0x51B1, 0x59B1, 0x61D1,
    0x5BA6, 0x63C7, 0x63C7, 0x63E7, 0x6408, 0x6C08, 0x6C28, 0x6C29, 0x742A, 0x740A, 0x740B, 0x73EC, 0x73ED, 0x73CD, 0x73CE, 0x73AE,
    0x73AF, 0x736F, 0x6B10, 0x62B0, 0x5A50, 0x51F0, 0x49B0, 0x4190, 0x4190, 0x4190, 0x4191, 0x4991, 0x49B1, 0x51B1, 0x59D1, 0x61D1,
    0x5BC7, 0x63E7, 0x63E8, 0x6408, 0x6428, 0x6429, 0x6C49, 0x6C4A, 0x6C4B, 0x6C4C, 0x744C, 0x742D, 0x742D, 0x740D, 0x740E, 0x73EE,
    0x73EF, 0x73CF, 0x6B90, 0x6330, 0x5AD0, 0x5250, 0x49F0, 0x41B0, 0x41B1, 0x3991, 0x4191, 0x49B1, 0x49B1, 0x51D1, 0x61D1, 0x69F1,
    0x5BE7, 0x5BE8, 0x5C08, 0x6429, 0x6429, 0x644A, 0x644B, 0x6C6B, 0x6C6C, 0x6C6C, 0x6C6D, 0x6C4D, 0x744D, 0x742E, 0x742E, 0x740E,
    0x740F, 0x7410, 0x6BF0, 0x6BB0, 0x6351, 0x52D1, 0x4A71, 0x41F1, 0x41D1, 0x41B1, 0x41B1, 0x49B1, 0x51D1, 0x59D1, 0x61F1, 0x6A11,
    0x5C08, 0x5C08, 0x5C29, 0x5C4A, 0x644A, 0x646B, 0x646C, 0x648C, 0x6C8D, 0x6C8D, 0x6C8E, 0x6C6E, 0x6C6E, 0x6C4E, 0x6C4E, 0x742F,
    0x742F, 0x7430, 0x6C30, 0x6C10, 0x63B1, 0x5B51, 0x52D1, 0x4A71, 0x4231, 0x41F1, 0x49F1, 0x49F1, 0x51F1, 0x5A11, 0x6231, 0x6A51,
    0x5C09, 0x5C29, 0x5C4A, 0x5C4B, 0x5C6B, 0x646C, 0x648D, 0x648D, 0x6C8D, 0x6C8E, 0x6C8E, 0x6C8E, 0x6C8E, 0x6C6E, 0x6C6F, 0x6C6F,
    0x6C4F, 0x6C50, 0x6C50, 0x6C51, 0x6C11, 0x63D1, 0x5B71, 0x4AF1, 0x4AB1, 0x4A51, 0x4A51, 0x5231, 0x5A51, 0x6251, 0x6A71, 0x6A91,
    0x5C29, 0x5C4A, 0x5C4B, 0x5C6B, 0x5C6C, 0x648D, 0x648D, 0x6CAE, 0x6CAE, 0x6CAE, 0x6CAE, 0x6C8F, 0x6C8F, 0x6C8F, 0x6C8F, 0x6C6F,
    0x6C70, 0x7470, 0x7470, 0x6C71, 0x6C51, 0x6431, 0x5BF1, 0x5371, 0x5331, 0x4AD1, 0x52B1, 0x52B1, 0x5AB1, 0x62B1, 0x6AB2, 0x72D2,
    0x5C4A, 0x5C4B, 0x5C6B, 0x5C6C, 0x648D, 0x648D, 0x6CAE, 0x6CAE, 0x6CAF, 0x6CAF, 0x6CAF, 0x64AF, 0x64AF, 0x648F, 0x6C8F, 0x6C90,
    0x7490, 0x7490, 0x7491, 0x7491, 0x6C91, 0x6C71, 0x6431, 0x5C11, 0x53B1, 0x5351, 0x5331, 0x5B12, 0x6312, 0x6B12, 0x6B32, 0x7332,
    0x544B, 0x5C6B, 0x5C6C, 0x5C8D, 0x648D, 0x6CAE, 0x6CAE, 0x6CAF, 0x6CAF, 0x6CAF, 0x6CAF, 0x64AF, 0x64AF, 0x64AF, 0x6CB0, 0x6CB0,
    0x74B0, 0x74B1, 0x74B1, 0x74B1, 0x74B1, 0x6C91, 0x6471, 0x6452, 0x5C12, 0x5BD2, 0x5BB2, 0x5B92, 0x6372, 0x6B72, 0x7372, 0x7392,
    0x546B, 0x5C6C, 0x5C8D, 0x648D, 0x64AE, 0x6CAE, 0x6CAF, 0x6CAF, 0x6CCF, 0x6CAF, 0x6CAF, 0x64AF, 0x64AF, 0x6CB0, 0x6CB0, 0x74B0,
    0x74B1, 0x7CD1, 0x7CD1, 0x7CD1, 0x74B2, 0x74B2, 0x6CB2, 0x6492, 0x6472, 0x5C32, 0x5C12, 0x63F2, 0x63D2, 0x6BD2, 0x73D2, 0x7BD2,
    0x546C, 0x5C8D, 0x648E, 0x64AE, 0x6CAF, 0x6CAF, 0x74CF, 0x74CF, 0x6CCF, 0x6CAF, 0x6CAF, 0x6CAF, 0x64B0, 0x6CB0, 0x6CB0, 0x74D1,
    0x7CD1, 0x7CD1, 0x7CD2, 0x7CD2, 0x7CD2, 0x74B2, 0x6CB2, 0x6CB2, 0x6492, 0x6472, 0x6452, 0x6432, 0x6C32, 0x6C12, 0x7412, 0x7C13,
    0x5C8D, 0x5C8E, 0x64AE, 0x6CAF, 0x6CAF, 0x74CF, 0x74CF, 0x74CF, 0x6CCF, 0x6CAF, 0x6CAF, 0x6CB0, 0x6CB0, 0x6CB0, 0x74D1, 0x74D1,
    0x7CD1, 0x84D2, 0x84D2, 0x84D2, 0x7CD2, 0x7CD2, 0x74D2, 0x74B2, 0x6CB2, 0x6CB2, 0x6492, 0x6472, 0x6C72, 0x6C52, 0x7452, 0x7C53,
    0x5C8E, 0x64AE, 0x6CAF, 0x6CAF, 0x74CF, 0x74CF, 0x74CF, 0x6CCF, 0x6CD0, 0x6CB0, 0x6CB0, 0x6CB0, 0x6CB0, 0x74D0, 0x74D1, 0x7CD1,
    0x7CD1, 0x84D2, 0x84D2, 0x84D2, 0x84D2, 0x7CD2, 0x7CD2, 0x74D2, 0x74B2, 0x6CB2, 0x6CB2, 0x6C92, 0x6C92, 0x6C72, 0x7472, 0x7C73,
    0x64AE, 0x6CAF, 0x6CCF, 0x74CF, 0x74CF, 0x74CF, 0x74CF, 0x6CD0, 0x6CD0, 0x6CB0, 0x6CB0, 0x6CD0, 0x74D0, 0x74D1, 0x7CD1, 0x7CD1,
    0x84D2, 0x84F2, 0x84F2, 0x84F2, 0x84D2, 0x84D2, 0x7CD2, 0x7CD2, 0x74D2, 0x74D2, 0x74B2, 0x6CB2, 0x6CB2, 0x7492, 0x7492, 0x7C93,
    0x6CAF, 0x6CAF, 0x74CF, 0x74CF, 0x74CF, 0x74D0, 0x74D0, 0x6CD0, 0x6CD0, 0x6CD0, 0x6CD0, 0x74D1, 0x74D1, 0x7CD1, 0x7CD1, 0x7CD1,
    0x84D2, 0x84F2, 0x84F2, 0x84F2, 0x84F2, 0x84D2, 0x84D2, 0x84D2, 0x7CD2, 0x7CD2, 0x74D2, 0x74D2, 0x74B2, 0x74B2, 0x74B2, 0x7CB3,
    0x74CF, 0x74CF, 0x74CF, 0x74CF, 0x74D0, 0x74D0, 0x6CD0, 0x6CD0, 0x6CD0, 0x6CD0, 0x74D1, 0x74D1, 0x7CD1, 0x7CD1, 0x84D1, 0x84D2,
    0x84F2, 0x84F2, 0x84F2, 0x84F2, 0x84F2, 0x84F2, 0x84F2, 0x84F2, 0x84D2, 0x84D2, 0x7CD2, 0x7CD2, 0x74D2, 0x74D2, 0x74B2, 0x7CB3,
    0x74CF, 0x74CF, 0x74CF, 0x74D0, 0x74D0, 0x6CD0, 0x6CD0, 0x6CD0, 0x74D0, 0x74D1, 0x74D1, 0x7CD1, 0x7CD1, 0x84D1, 0x84F2, 0x84F2,
    0x84F2, 0x8CF2, 0x8CF2, 0x8CF2, 0x8CF2, 0x8CF2, 0x84F2, 0x84F2, 0x84F2, 0x84F2, 0x84F2, 0x84D2, 0x7CD2, 0x7CD2, 0x7CD2, 0x7CD3,
    0x7CCF, 0x74CF, 0x74D0, 0x74D0, 0x6CD0, 0x6CD0, 0x6CD0, 0x74D1, 0x74D1, 0x7CD1, 0x7CD1, 0x84D1, 0x84F2, 0x84F2, 0x84F2, 0x8CF2,
    0x8CF2, 0x8CF2, 0x8CF2, 0x8CF2, 0x8CF2, 0x8CF2, 0x8CF2, 0x8CF2, 0x8CF2, 0x8CF2, 0x84F3, 0x84F3, 0x84F3, 0x84F3, 0x7CD3, 0x7CD3,
    0x6945, 0x6945, 0x6925, 0x6926, 0x6126, 0x6127, 0x6127, 0x6127, 0x6128, 0x6128, 0x6128, 0x6129, 0x6129, 0x610A, 0x610A, 0x610A,
    0x610A, 0x610B, 0x692B, 0x692C, 0x692C, 0x692C, 0x692D, 0x712D, 0x714E, 0x714E, 0x714E, 0x714F, 0x714F, 0x714F, 0x714F, 0x7150,
    0x6985, 0x6965, 0x6945, 0x6945, 0x6946, 0x6926, 0x6927, 0x6927, 0x6928, 0x6928, 0x6929, 0x6929, 0x6929, 0x692A, 0x692A, 0x692A,
    0x692B, 0x692B, 0x692C, 0x692C, 0x692C, 0x692D, 0x712D, 0x714E, 0x714E, 0x714E, 0x714F, 0x714F, 0x714F, 0x714F, 0x7150, 0x7170,
    0x69C5, 0x6985, 0x7165, 0x7145, 0x6946, 0x6946, 0x6947, 0x6947, 0x6948, 0x6948, 0x6949, 0x6949, 0x694A, 0x692A, 0x692A, 0x692B,
    0x692B, 0x692B, 0x692C, 0x692C, 0x714D, 0x714D, 0x714E, 0x714E, 0x714E, 0x714F, 0x714F, 0x714F, 0x714F, 0x7150, 0x7170, 0x7170,
    0x6A05, 0x69E5, 0x71A5, 0x7185, 0x7165, 0x7146, 0x7146, 0x7147, 0x6948, 0x6948, 0x6949, 0x6949, 0x694A, 0x694A, 0x714B, 0x714B,
    0x714B, 0x714C, 0x714C, 0x714D, 0x714D, 0x714D, 0x714E, 0x714E, 0x714F, 0x714F, 0x714F, 0x714F, 0x7150, 0x7170, 0x7170, 0x7170,
    0x6A45, 0x6A25, 0x7205, 0x71C5, 0x7185, 0x7166, 0x7166, 0x7147, 0x7147, 0x7148, 0x7149, 0x7149, 0x714A, 0x714A, 0x714B, 0x714B,
    0x714C, 0x714C, 0x714D, 0x714D, 0x714D, 0x714E, 0x714E, 0x714F, 0x714F, 0x714F, 0x714F, 0x7150, 0x7150, 0x7170, 0x7170, 0x7170,
    0x6A85, 0x6A65, 0x7245, 0x7225, 0x71E5, 0x79A6, 0x7986, 0x7166, 0x7167, 0x7168, 0x7169, 0x7169, 0x716A, 0x714B, 0x714B, 0x714C,
    0x714C, 0x714D, 0x714D, 0x714D, 0x714E, 0x714E, 0x714F, 0x714F, 0x714F, 0x714F, 0x714F, 0x7170, 0x7170, 0x7170, 0x7170, 0x7190,
    0x6AA5, 0x6AA5, 0x7285, 0x7265, 0x7245, 0x79E6, 0x79A6, 0x7986, 0x7967, 0x7968, 0x7968, 0x7969, 0x796A, 0x796B, 0x796B, 0x796C,
    0x796C, 0x796D, 0x796D, 0x794E, 0x794E, 0x714F, 0x714F, 0x714F, 0x714F, 0x7150, 0x7170, 0x7170, 0x7170, 0x7170, 0x7170, 0x7190,
    0x6AC5, 0x6AC5, 0x72C5, 0x72A5, 0x72A6, 0x7A66, 0x7A26, 0x79E6, 0x79A6, 0x7987, 0x7968, 0x7969, 0x796A, 0x796B, 0x796B, 0x796C,
    0x796D, 0x796D, 0x796E, 0x796E, 0x794E, 0x714F, 0x714F, 0x714F, 0x714F, 0x7170, 0x7170, 0x7170, 0x7170, 0x7170, 0x6990, 0x6990,
    0x6AE5, 0x6AE5, 0x72E5, 0x72E6, 0x7AE6, 0x7AC6, 0x7AA6, 0x7A26, 0x79E6, 0x79A7, 0x7988, 0x7989, 0x798A, 0x798B, 0x798B, 0x796C,
    0x796D, 0x796D, 0x796E, 0x796E, 0x796F, 0x716F, 0x714F, 0x714F, 0x7170, 0x7170, 0x6970, 0x6970, 0x6970, 0x6990, 0x6990, 0x6990,
    0x62E5, 0x6B05, 0x6B05, 0x7326, 0x7326, 0x7B06, 0x7AE6, 0x7AA6, 0x7A66, 0x7A27, 0x79E8, 0x79C9, 0x79AA, 0x79AB, 0x79AC, 0x798C,
    0x798D, 0x798D, 0x796E, 0x796E, 0x716F, 0x716F, 0x716F, 0x7170, 0x6970, 0x6970, 0x6970, 0x6970, 0x6970, 0x6990, 0x6990, 0x6990,
    0x6305, 0x6B25, 0x6B46, 0x7346, 0x7346, 0x7B46, 0x7B46, 0x7B26, 0x7AE7, 0x7A87, 0x7A48, 0x7A09, 0x79EA, 0x79EB, 0x79CC, 0x79CD,
    0x79AD, 0x798E, 0x798E, 0x716F, 0x716F, 0x716F, 0x7170, 0x6970, 0x6970, 0x6970, 0x6970, 0x6970, 0x6990, 0x6990, 0x6990, 0x69B1,
    0x6325, 0x6B46, 0x6B66, 0x7366, 0x7386, 0x7B86, 0x7B87, 0x7B67, 0x7B47, 0x7B07, 0x7AC8, 0x7A89, 0x7A6A, 0x7A4B, 0x7A2C, 0x7A2D,
    0x7A0E, 0x79CE, 0x71AE, 0x718F, 0x716F, 0x696F, 0x6970, 0x6970, 0x6970, 0x6970, 0x6170, 0x6170, 0x6190, 0x6190, 0x69B1, 0x69B1,
    0x6346, 0x6B66, 0x6B86, 0x6B86, 0x73A6, 0x73A7, 0x7BA7, 0x7BA7, 0x7B87, 0x7B68, 0x7B28, 0x7B09, 0x7ACA, 0x7AAC, 0x7A8D, 0x7A8D,
    0x7A6E, 0x7A2E, 0x71EF, 0x71AF, 0x698F, 0x6970, 0x6970, 0x6170, 0x6170, 0x6170, 0x6170, 0x6190, 0x6190, 0x6191, 0x61B1, 0x69B1,
    0x6366, 0x6386, 0x6BA6, 0x6BA6, 0x73C7, 0x73C7, 0x73C7, 0x7BC7, 0x7BA7, 0x7B88, 0x7B69, 0x7B6A, 0x7B4B, 0x7B2C, 0x7B0D, 0x7B0E,
    0x7ACE, 0x7AAF, 0x724F, 0x71EF, 0x69AF, 0x6190, 0x6170, 0x5970, 0x5970, 0x5970, 0x5970, 0x5990, 0x5991, 0x61B1, 0x61B1, 0x69D1,
    0x6386, 0x63A6, 0x6BC6, 0x6BC7, 0x6BE7, 0x73E7, 0x73E7, 0x73E8, 0x7BE8, 0x7BC8, 0x7BC9, 0x7BAA, 0x7B8B, 0x7B8C, 0x7B6D, 0x7B6E,
    0x7B4F, 0x7B0F, 0x72AF, 0x6A4F, 0x6A10, 0x61B0, 0x5990, 0x5970, 0x5170, 0x5170, 0x5190, 0x5191, 0x5991, 0x61B1, 0x61D1, 0x69D1,
    0x63A6, 0x63C7, 0x6BC7, 0x6BE7, 0x6BE7, 0x6C08, 0x7408, 0x7408, 0x7409, 0x740A, 0x7C0A, 0x7BEB, 0x7BCC, 0x7BCD, 0x7BAD, 0x7BAE,
    0x7B8F, 0x7B6F, 0x7330, 0x6AD0, 0x6270, 0x59F0, 0x51B0, 0x5190, 0x4990, 0x4990, 0x4991, 0x5191, 0x59B1, 0x59B1, 0x61D1, 0x69F1,
    0x63C7, 0x63C7, 0x63E7, 0x6C08, 0x6C08, 0x6C28, 0x6C29, 0x7429, 0x744A, 0x742B, 0x742B, 0x7C2C, 0x7C0D, 0x7C0D, 0x7BEE, 0x7BEE,
    0x7BCF, 0x7BCF, 0x7390, 0x6B50, 0x62D0, 0x5A70, 0x5210, 0x49B0, 0x49B0, 0x4191, 0x4991, 0x51B1, 0x51B1, 0x59D1, 0x61F1, 0x6A11,
    0x63E7, 0x63E8, 0x6408, 0x6428, 0x6429, 0x6C49, 0x6C4A, 0x6C6B, 0x746B, 0x746C, 0x746D, 0x7C4D, 0x7C4D, 0x7C2E, 0x7C2E, 0x7C0E,
    0x7C0F, 0x7C0F, 0x73F0, 0x73B0, 0x6B51, 0x62D1, 0x5271, 0x4A11, 0x49D1, 0x41B1, 0x49B1, 0x51B1, 0x59D1, 0x61D1, 0x6A11, 0x7231,
    0x5BE8, 0x6408, 0x6429, 0x6429, 0x644A, 0x6C6A, 0x6C6B, 0x6C6C, 0x748C, 0x748D, 0x748D, 0x748E, 0x746E, 0x746E, 0x744E, 0x744F,
    0x742F, 0x7430, 0x7430, 0x7410, 0x6BB1, 0x6351, 0x5AF1, 0x5271, 0x4A31, 0x49F1, 0x49F1, 0x51F1, 0x59F1, 0x6211, 0x6A31, 0x7251,
    0x5C08, 0x5C29, 0x644A, 0x644A, 0x646B, 0x646B, 0x6C8C, 0x6C8D, 0x74AD, 0x74AE, 0x74AE, 0x748E, 0x748F, 0x748F, 0x746F, 0x746F,
    0x744F, 0x7450, 0x7450, 0x7450, 0x6C11, 0x6BF1, 0x6371, 0x5AF1, 0x5291, 0x4A51, 0x5231, 0x5231, 0x5A31, 0x6251, 0x6A71, 0x7291,
    0x5C29, 0x5C4A, 0x5C4A, 0x646B, 0x646C, 0x6C8C, 0x6C8D, 0x6CAE, 0x74AE, 0x74AE, 0x74AF, 0x74AF, 0x74AF, 0x748F, 0x748F, 0x748F,
    0x746F, 0x7470, 0x7470, 0x7471, 0x7451, 0x6C31, 0x63F1, 0x5B91, 0x5B11, 0x52B1, 0x52B1, 0x5A91, 0x6291, 0x6AB1, 0x72B2, 0x72D2,
    0x5C4A, 0x5C4B, 0x5C6B, 0x646C, 0x648D, 0x6C8D, 0x6CAE, 0x74AE, 0x74AF, 0x74CF, 0x74AF, 0x6CAF, 0x6CAF, 0x6CAF, 0x6CB0, 0x7490,
    0x7490, 0x7490, 0x7491, 0x7491, 0x7491, 0x6C71, 0x6C51, 0x6412, 0x5BB2, 0x5B52, 0x5B32, 0x6312, 0x6312, 0x6B12, 0x7312, 0x7B32,
    0x5C6B, 0x5C6B, 0x5C6C, 0x648D, 0x6C8D, 0x6CAE, 0x74AE, 0x74CF, 0x74CF, 0x74CF, 0x74CF, 0x6CAF, 0x6CB0, 0x6CB0, 0x6CB0, 0x74B0,
    0x74B0, 0x7CB1, 0x7CB1, 0x7CB1, 0x74B1, 0x7491, 0x6C72, 0x6C52, 0x6412, 0x5BD2, 0x6392, 0x6372, 0x6B72, 0x7372, 0x7372, 0x7B72,
    0x5C6B, 0x5C8C, 0x648D, 0x648D, 0x6CAE, 0x74AF, 0x74CF, 0x74CF, 0x74CF, 0x74D0, 0x74D0, 0x6CD0, 0x6CB0, 0x6CB0, 0x6CB0, 0x74B0,
    0x74B1, 0x7CD1, 0x7CD1, 0x7CD1, 0x7CB1, 0x74B2, 0x74B2, 0x6C92, 0x6472, 0x6432, 0x6412, 0x63F2, 0x6BD2, 0x73D2, 0x7BD2, 0x7BD2,
    0x5C6C, 0x648D, 0x648E, 0x6CAE, 0x6CAF, 0x74CF, 0x74CF, 0x74CF, 0x74D0, 0x74D0, 0x74D0, 0x6CD0, 0x6CB0, 0x6CB0, 0x6CB0, 0x74D1,
    0x7CD1, 0x7CD1, 0x7CD1, 0x7CD2, 0x7CD2, 0x7CD2, 0x74B2, 0x6CB2, 0x6C92, 0x6C72, 0x6C52, 0x6C32, 0x6C32, 0x7412, 0x7C12, 0x7C13,
    0x5C8D, 0x648E, 0x6CAE, 0x6CAF, 0x74CF, 0x74CF, 0x7CD0, 0x74D0, 0x74D0, 0x74D0, 0x74D0, 0x6CD0, 0x6CD0, 0x6CD0, 0x74D0, 0x74D1,
    0x7CD1, 0x7CD1, 0x84D2, 0x84D2, 0x84D2, 0x7CD2, 0x7CD2, 0x74D2, 0x74B2, 0x6CB2, 0x6C92, 0x6C72, 0x6C72, 0x7452, 0x7C53, 0x7C53,
    0x648E, 0x6CAE, 0x6CAF, 0x74CF, 0x74CF, 0x74D0, 0x7CD0, 0x74D0, 0x74D0, 0x74D0, 0x74D0, 0x74D0, 0x74D0, 0x74D1, 0x74D1, 0x7CD1,
    0x7CD1, 0x84D2, 0x84D2, 0x84D2, 0x84D2, 0x84D2, 0x7CD2, 0x7CD2, 0x74D2, 0x74B2, 0x6CB2, 0x6C92, 0x7492, 0x7492, 0x7C73, 0x7C73,
    0x6CAF, 0x6CAF, 0x74CF, 0x74CF, 0x7CD0, 0x7CD0, 0x7CD0, 0x74D0, 0x74D0, 0x74D0, 0x74D0, 0x74D0, 0x74D1, 0x74D1, 0x7CD1, 0x7CD1,
    0x84D1, 0x84D2, 0x84F2, 0x84F2, 0x84F2, 0x84D2, 0x84D2, 0x7CD2, 0x7CD2, 0x7CD2, 0x74D2, 0x6CB2, 0x74B2, 0x74B2, 0x7C93, 0x7C93,
    0x6CAF, 0x74CF, 0x74CF, 0x7CD0, 0x7CD0, 0x7CD0, 0x74D0, 0x74D0, 0x74D0, 0x74D0, 0x74D1, 0x74D1, 0x74D1, 0x7CD1, 0x7CD1, 0x84D1,
    0x84F2, 0x84F2, 0x84F2, 0x84F2, 0x84F2, 0x84F2, 0x84F2, 0x84D2, 0x84D2, 0x7CD2, 0x7CD2, 0x74D2, 0x74D2, 0x74B2, 0x7CB3, 0x7CB3,
    0x74D0, 0x7CD0, 0x7CD0, 0x7CD0, 0x7CD0, 0x74D0, 0x74D0, 0x74D0, 0x74D0, 0x74D1, 0x74D1, 0x7CD1, 0x7CD1, 0x7CD1, 0x84D1, 0x84F2,
    0x84F2, 0x84F2, 0x8CF2, 0x8CF2, 0x8CF2, 0x8CF2, 0x8CF2, 0x84F2, 0x84F2, 0x84F2, 0x84D2, 0x7CD2, 0x7CD2, 0x7CD2, 0x7CD3, 0x7CD3,
    0x7CD0, 0x7CD0, 0x7CD0, 0x7CD0, 0x74D0, 0x74D0, 0x74D0, 0x74D1, 0x74D1, 0x7CD1, 0x7CD1, 0x7CD1, 0x84D1, 0x84F2, 0x84F2, 0x84F2,
    0x8CF2, 0x8CF2, 0x8CF2, 0x8CF2, 0x8CF2, 0x8CF2, 0x8CF2, 0x8CF2, 0x8CF2, 0x84F2, 0x84F2, 0x84F2, 0x84F2, 0x7CD3, 0x7CD3, 0x84D3,
    0x7CCF, 0x7CD0, 0x7CD0, 0x7CD0, 0x74D0, 0x74D0, 0x74D1, 0x74D1, 0x7CD1, 0x7CD1, 0x7CD1, 0x84D1, 0x84F2, 0x84F2, 0x8CF2, 0x8CF2,
    0x8CF2, 0x8CF2, 0x8CF2, 0x8CF2, 0x8CF2, 0x8CF2, 0x8CF2, 0x8CF2, 0x8CF2, 0x8CF3, 0x8CF3, 0x8CF3, 0x8CF3, 0x84F3, 0x84F3, 0x84F3,
    0x6945, 0x6945, 0x6945, 0x6926, 0x6926, 0x6927, 0x6927, 0x6928, 0x6928, 0x6928, 0x6928, 0x6929, 0x6929, 0x692A, 0x692A, 0x692A,
    0x692A, 0x692B, 0x692B, 0x692B, 0x692C, 0x692C, 0x712D, 0x714D, 0x714E, 0x714E, 0x714E, 0x714F, 0x714F, 0x714F, 0x716F, 0x7170,
    0x6985, 0x6965, 0x7145, 0x6946, 0x6946, 0x6946, 0x6947, 0x6947, 0x6928, 0x6948, 0x6949, 0x6949, 0x6949, 0x692A, 0x692A, 0x692A,
    0x692B, 0x692B, 0x692B, 0x692C, 0x712C, 0x714D, 0x714D, 0x714D, 0x714E, 0x714E, 0x714F, 0x714F, 0x714F, 0x716F, 0x7170, 0x7170,
    0x69E5, 0x71A5, 0x7165, 0x7165, 0x7146, 0x7146, 0x7147, 0x7147, 0x6948, 0x6948, 0x6949, 0x6949, 0x694A, 0x694A, 0x714A, 0x714B,
    0x714B, 0x714B, 0x714C, 0x714C, 0x714D, 0x714D, 0x714D, 0x714E, 0x714E, 0x714F, 0x714F, 0x714F, 0x714F, 0x7170, 0x7170, 0x7170,
    0x6A25, 0x71E5, 0x71C5, 0x7185, 0x7166, 0x7166, 0x7166, 0x7147, 0x7148, 0x7148, 0x7149, 0x7149, 0x714A, 0x714A, 0x714B, 0x714B,
    0x714B, 0x714C, 0x714C, 0x714D, 0x714D, 0x714D, 0x714E, 0x714E, 0x714F, 0x714F, 0x714F, 0x714F, 0x716F, 0x7170, 0x7170, 0x7170,
    0x6A45, 0x7225, 0x7205, 0x71C5, 0x7986, 0x7986, 0x7966, 0x7167, 0x7167, 0x7168, 0x7169, 0x7169, 0x716A, 0x714A, 0x714B, 0x716B,
    0x796C, 0x796C, 0x796D, 0x794D, 0x794D, 0x794E, 0x794E, 0x794E, 0x794F, 0x714F, 0x714F, 0x716F, 0x7170, 0x7170, 0x7170, 0x7990,
    0x6A85, 0x7265, 0x7245, 0x7225, 0x79E6, 0x79C6, 0x7986, 0x7986, 0x7967, 0x7968, 0x7968, 0x7969, 0x796A, 0x796A, 0x796B, 0x796B,
    0x796C, 0x796C, 0x796D, 0x796D, 0x796E, 0x796E, 0x796E, 0x796F, 0x796F, 0x716F, 0x716F, 0x7170, 0x7170, 0x7170, 0x7190, 0x7190,
    0x6AA5, 0x72A5, 0x72A5, 0x7286, 0x7A46, 0x7A06, 0x79C6, 0x79A6, 0x7987, 0x7967, 0x7968, 0x7969, 0x796A, 0x796A, 0x796B, 0x796C,
    0x796C, 0x796D, 0x796D, 0x796E, 0x796E, 0x796E, 0x796F, 0x796F, 0x796F, 0x716F, 0x7170, 0x7170, 0x7170, 0x7190, 0x7190, 0x7190,
    0x6AC5, 0x72C5, 0x72C5, 0x7AA6, 0x7AA6, 0x7A66, 0x7A26, 0x79E6, 0x79A6, 0x7987, 0x7988, 0x7989, 0x796A, 0x796A, 0x796B, 0x796C,
    0x796C, 0x796D, 0x796D, 0x796E, 0x796E, 0x796F, 0x796F, 0x796F, 0x716F, 0x7170, 0x7170, 0x7170, 0x7190, 0x7190, 0x7190, 0x7190,
    0x6AE5, 0x72E5, 0x7306, 0x7AE6, 0x7AE6, 0x7AC6, 0x82A6, 0x8246, 0x81E6, 0x79C7, 0x79A8, 0x7988, 0x7989, 0x798A, 0x798B, 0x798C,
    0x818D, 0x818D, 0x798E, 0x796E, 0x796F, 0x796F, 0x796F, 0x796F, 0x7170, 0x7170, 0x7170, 0x7190, 0x7190, 0x7190, 0x7190, 0x71B0,
    0x6B05, 0x6B05, 0x7326, 0x7326, 0x7B26, 0x7B06, 0x8306, 0x82A6, 0x8267, 0x8227, 0x79C7, 0x79A8, 0x79A9, 0x798A, 0x798B, 0x798C,
    0x798D, 0x798D, 0x798E, 0x798E, 0x796F, 0x796F, 0x796F, 0x7170, 0x7170, 0x7170, 0x7170, 0x7190, 0x7190, 0x7190, 0x7190, 0x71B0,
    0x6B25, 0x6B26, 0x7346, 0x7346, 0x7B66, 0x7B66, 0x8347, 0x8327, 0x82E7, 0x8287, 0x8227, 0x79E8, 0x79C9, 0x79CA, 0x79CB, 0x79AC,
    0x79AD, 0x79AD, 0x798E, 0x798E, 0x798F, 0x796F, 0x796F, 0x7170, 0x7170, 0x7170, 0x7190, 0x7190, 0x7190, 0x6990, 0x69B0, 0x71B1,
    0x6B45, 0x6B46, 0x7366, 0x7386, 0x7B86, 0x7B87, 0x7B87, 0x8367, 0x8347, 0x8307, 0x82A8, 0x8268, 0x7A29, 0x7A0A, 0x7A0B, 0x7A0C,
    0x79ED, 0x79CE, 0x79CE, 0x79AF, 0x798F, 0x798F, 0x7170, 0x7170, 0x7170, 0x7190, 0x6990, 0x6990, 0x6990, 0x69B0, 0x69B1, 0x71D1,
    0x6B46, 0x6B66, 0x7386, 0x73A6, 0x7BA7, 0x7BA7, 0x7BA7, 0x83A7, 0x8387, 0x8367, 0x8328, 0x82E8, 0x82A9, 0x7A8B, 0x7A6C, 0x7A4D,
    0x7A4D, 0x7A2E, 0x7A0E, 0x79CF, 0x71AF, 0x718F, 0x7190, 0x7190, 0x6990, 0x6990, 0x6990, 0x6990, 0x6990, 0x69B1, 0x69B1, 0x71D1,
    0x6B66, 0x6B86, 0x6BA6, 0x73A6, 0x73C7, 0x7BC7, 0x7BC7, 0x7BC7, 0x7BC7, 0x83A8, 0x8368, 0x8349, 0x832A, 0x82EB, 0x82EC, 0x82CD,
    0x7AAE, 0x7AAE, 0x7A6F, 0x7A0F, 0x71CF, 0x71B0, 0x6990, 0x6990, 0x6990, 0x6990, 0x6190, 0x6190, 0x69B1, 0x69B1, 0x69D1, 0x71F1,
    0x6B86, 0x6BA6, 0x6BC7, 0x73C7, 0x73E7, 0x73E7, 0x7BE7, 0x7BE8, 0x7BE8, 0x7BC8, 0x7BA8, 0x83A9, 0x838A, 0x836C, 0x834D, 0x834D,
    0x7B2E, 0x7B0F, 0x7ACF, 0x7A6F, 0x7230, 0x69D0, 0x69B0, 0x6190, 0x6190, 0x6190, 0x6190, 0x6191, 0x61B1, 0x69D1, 0x69D1, 0x71F1,
    0x63A6, 0x6BC7, 0x6BC7, 0x6BE7, 0x73E7, 0x7407, 0x7408, 0x7408, 0x7C08, 0x7BE9, 0x7BE9, 0x7BCA, 0x7BCB, 0x83AC, 0x83AD, 0x838E,
    0x7B8E, 0x7B6F, 0x7B50, 0x7AF0, 0x7290, 0x6A10, 0x61D0, 0x61B0, 0x5990, 0x5990, 0x5991, 0x59B1, 0x61B1, 0x69D1, 0x69F1, 0x7211,
    0x63C7, 0x6BC7, 0x6BE7, 0x6C07, 0x6C08, 0x7408, 0x7428, 0x7429, 0x7C29, 0x7C2A, 0x7C2A, 0x7C0B, 0x7C0C, 0x83ED, 0x83ED, 0x83EE,
    0x7BCF, 0x7BCF, 0x7B90, 0x7B50, 0x72F0, 0x6A70, 0x6230, 0x59D0, 0x59B0, 0x5191, 0x51B1, 0x59B1, 0x61D1, 0x69D1, 0x69F1, 0x7231,
    0x63E7, 0x63E7, 0x6C08, 0x6C08, 0x6C28, 0x6C29, 0x7449, 0x744A, 0x7C4B, 0x7C6B, 0x7C4C, 0x7C4D, 0x7C4D, 0x7C2D, 0x842E, 0x7C0E,
    0x7C0F, 0x7C0F, 0x7BF0, 0x7BB0, 0x7370, 0x6AF1, 0x6291, 0x5A11, 0x51D1, 0x51B1, 0x51B1, 0x59B1, 0x61D1, 0x69F1, 0x6A11, 0x7231,
    0x63E7, 0x6408, 0x6428, 0x6C29, 0x6C49, 0x6C4A, 0x746A, 0x746B, 0x748C, 0x7C8D, 0x7C8D, 0x7C8E, 0x7C6E, 0x7C6E, 0x7C4E, 0x7C4F,
    0x7C2F, 0x7C2F, 0x7C10, 0x7C10, 0x73D1, 0x6B71, 0x62F1, 0x5A71, 0x5231, 0x51F1, 0x51D1, 0x59D1, 0x61F1, 0x6A11, 0x7231, 0x7A71,
    0x6408, 0x6429, 0x6429, 0x644A, 0x6C4A, 0x6C6B, 0x746B, 0x748C, 0x748D, 0x7CAD, 0x7CAE, 0x7CAE, 0x7C8F, 0x7C8F, 0x7C6F, 0x7C6F,
    0x7C6F, 0x7C4F, 0x7C50, 0x7C50, 0x7411, 0x73F1, 0x6B71, 0x62F1, 0x5A91, 0x5231, 0x5A11, 0x5A11, 0x6231, 0x6A51, 0x7271, 0x7AB1,
    0x6429, 0x6449, 0x644A, 0x646B, 0x6C6B, 0x6C8C, 0x748C, 0x74AD, 0x7CAE, 0x7CAE, 0x7CAF, 0x7CAF, 0x7CAF, 0x7CAF, 0x7C8F, 0x7C8F,
    0x7C70, 0x7C70, 0x7C70, 0x7C71, 0x7C51, 0x7431, 0x6BF1, 0x6B91, 0x6311, 0x5AB1, 0x5A91, 0x6271, 0x6A91, 0x6A91, 0x72B1, 0x7AF2,
    0x5C4A, 0x644A, 0x646B, 0x646B, 0x6C8C, 0x6C8D, 0x74AD, 0x7CAE, 0x7CCF, 0x7CCF, 0x7CCF, 0x7CD0, 0x7CB0, 0x7CB0, 0x7CB0, 0x7CB0,
    0x7C90, 0x7C90, 0x7C90, 0x7C91, 0x7C91, 0x7471, 0x7451, 0x6C12, 0x6BB2, 0x6352, 0x6312, 0x62F2, 0x6AF2, 0x72F2, 0x7B12, 0x7B32,
    0x5C4B, 0x646B, 0x646C, 0x6C8C, 0x6C8D, 0x74AE, 0x74AE, 0x7CCF, 0x7CCF, 0x7CCF, 0x7CD0, 0x7CD0, 0x74D0, 0x74D0, 0x74B0, 0x74B0,
    0x7CB0, 0x7CB0, 0x7CB1, 0x7CB1, 0x7CB1, 0x7C91, 0x7492, 0x7472, 0x6C12, 0x63D2, 0x6B92, 0x6B72, 0x6B72, 0x7372, 0x7B72, 0x8372,
    0x5C6B, 0x648C, 0x648D, 0x6CAD, 0x6CAE, 0x74AE, 0x7CCF, 0x7CCF, 0x7CD0, 0x7CD0, 0x7CD0, 0x7CD0, 0x74D0, 0x74D0, 0x74D0, 0x74D0,
    0x7CB1, 0x7CB1, 0x7CB1, 0x7CB1, 0x7CB1, 0x7CB2, 0x74B2, 0x7492, 0x6C72, 0x6C52, 0x6C12, 0x6BF2, 0x73D2, 0x7BD2, 0x7BD2, 0x83D2,
    0x5C8C, 0x648D, 0x6CAD, 0x6CAE, 0x74AE, 0x7CCF, 0x7CCF, 0x7CD0, 0x7CD0, 0x7CD0, 0x7CD0, 0x7CD0, 0x74D0, 0x74D0, 0x74D1, 0x74D1,
    0x7CD1, 0x7CD1, 0x7CD1, 0x84D1, 0x84D2, 0x7CD2, 0x7CD2, 0x74B2, 0x7492, 0x6C92, 0x6C52, 0x6C32, 0x7432, 0x7C12, 0x7C13, 0x8413,
    0x648D, 0x64AD, 0x6CAE, 0x74AF, 0x7CCF, 0x7CCF, 0x7CD0, 0x7CD0, 0x7CD0, 0x7CD0, 0x7CD0, 0x74D0, 0x74D0, 0x74D1, 0x74D1, 0x7CD1,
    0x7CD1, 0x7CD1, 0x84D1, 0x84D2, 0x84D2, 0x84D2, 0x7CD2, 0x7CD2, 0x74B2, 0x6CB2, 0x6C92, 0x7472, 0x7472, 0x7C73, 0x7C53, 0x8453,
    0x648E, 0x6CAE, 0x74CF, 0x74CF, 0x7CCF, 0x7CD0, 0x7CD0, 0x7CD0, 0x7CD0, 0x7CD0, 0x7CD0, 0x74D1, 0x74D1, 0x74D1, 0x7CD1, 0x7CD1,
    0x7CD1, 0x84D1, 0x84D2, 0x84F2, 0x84F2, 0x84D2, 0x84D2, 0x7CD2, 0x7CD2, 0x74D2, 0x74B2, 0x74B2, 0x7492, 0x7C93, 0x7C93, 0x8473,
    0x6CAE, 0x74AF, 0x7CCF, 0x7CD0, 0x7CD0, 0x7CD0, 0x7CD0, 0x7CD0, 0x7CD0, 0x7CD1, 0x7CD1, 0x7CD1, 0x7CD1, 0x7CD1, 0x7CD1, 0x7CD1,
    0x84D1, 0x84F2, 0x84F2, 0x84F2, 0x84F2, 0x84F2, 0x84F2, 0x84D2, 0x84D2, 0x7CD2, 0x7CD2, 0x74D2, 0x74B2, 0x7CB3, 0x7CB3, 0x8493,
    0x74CF, 0x74CF, 0x7CD0, 0x7CD0, 0x7CD0, 0x7CD0, 0x7CD0, 0x7CD0, 0x7CD1, 0x7CD1, 0x7CD1, 0x7CD1, 0x7CD1, 0x7CD1, 0x84D1, 0x84D1,
    0x84F2, 0x84F2, 0x84F2, 0x8CF2, 0x8CF2, 0x8CF2, 0x84F2, 0x84F2, 0x84F2, 0x84D2, 0x7CD2, 0x7CD2, 0x7CD2, 0x7CD3, 0x7CB3, 0x84B3,
    0x7CD0, 0x7CD0, 0x7CD0, 0x7CD0, 0x7CD0, 0x7CD0, 0x7CD0, 0x7CD1, 0x7CD1, 0x7CD1, 0x7CD1, 0x7CD1, 0x84D1, 0x84D1, 0x84F2, 0x84F2,
    0x84F2, 0x8CF2, 0x8CF2, 0x8CF2, 0x8CF2, 0x8CF2, 0x8CF2, 0x8CF2, 0x8CF2, 0x84F2, 0x84F2, 0x84F2, 0x84D3, 0x7CD3, 0x84D3, 0x84D3,
    0x7CD0, 0x7CD0, 0x7CD0, 0x7CD0, 0x7CD0, 0x7CD0, 0x7CD1, 0x7CD1, 0x7CD1, 0x7CD1, 0x7CD1, 0x84D1, 0x84F1, 0x84F2, 0x84F2, 0x8CF2,
    0x8CF2, 0x8CF2, 0x8CF2, 0x8CF2, 0x8CF2, 0x8CF2, 0x8CF2, 0x8CF2, 0x8CF2, 0x8CF3, 0x8CF3, 0x84F3, 0x84F3, 0x84F3, 0x84F3, 0x84D3,
    0x7CCF, 0x7CD0, 0x7CD0, 0x7CD0, 0x7CD1, 0x7CD1, 0x7CD1, 0x7CD1, 0x7CD1, 0x84D1, 0x84F1, 0x84F2, 0x84F2, 0x8CF2, 0x8CF2, 0x8CF2,
    0x8CF2, 0x8CF2, 0x8CF2, 0x8CF2, 0x8CF2, 0x8CF2, 0x8CF2, 0x8CF2, 0x8CF2, 0x8CF3, 0x8CF3, 0x8CF3, 0x8CF3, 0x8CF3, 0x8CF3, 0x84F3,
    0x7165, 0x7145, 0x6945, 0x6946, 0x6946, 0x6947, 0x6947, 0x6948, 0x6928, 0x6948, 0x6949, 0x6949, 0x6949, 0x694A, 0x692A, 0x692A,
    0x692B, 0x692B, 0x692B, 0x692B, 0x712C, 0x714C, 0x714D, 0x714D, 0x714D, 0x714E, 0x794E, 0x796F, 0x796F, 0x716F, 0x716F, 0x7170,
    0x71A5, 0x7185, 0x7165, 0x7146, 0x7146, 0x7146, 0x7147, 0x7147, 0x6948, 0x6948, 0x6949, 0x6949, 0x6949, 0x694A, 0x714A, 0x714B,
    0x714B, 0x714B, 0x714B, 0x714C, 0x714C, 0x714D, 0x714D, 0x714D, 0x714E, 0x794E, 0x794F, 0x796F, 0x796F, 0x716F, 0x716F, 0x7170,
    0x71E5, 0x71A5, 0x7185, 0x7166, 0x7166, 0x7166, 0x7147, 0x7147, 0x7148, 0x7148, 0x7149, 0x7149, 0x714A, 0x714A, 0x714A, 0x714B,
    0x714B, 0x714B, 0x714C, 0x714C, 0x714D, 0x714D, 0x714D, 0x794E, 0x796E, 0x796F, 0x796F, 0x796F, 0x796F, 0x7170, 0x7970, 0x7970,
    0x7225, 0x71E5, 0x71C5, 0x79A6, 0x7986, 0x7966, 0x7166, 0x7167, 0x7168, 0x7168, 0x7169, 0x7169, 0x716A, 0x716A, 0x716B, 0x716B,
    0x716B, 0x796C, 0x796C, 0x796D, 0x796D, 0x796D, 0x796E, 0x796E, 0x796E, 0x796F, 0x796F, 0x796F, 0x796F, 0x7970, 0x7970, 0x7990,
    0x7265, 0x7245, 0x7226, 0x79E6, 0x79A6, 0x7986, 0x7986, 0x7967, 0x7967, 0x7968, 0x7969, 0x7969, 0x796A, 0x796A, 0x796B, 0x796B,
    0x796C, 0x796C, 0x796C, 0x796D, 0x796D, 0x796E, 0x796E, 0x796E, 0x796F, 0x796F, 0x796F, 0x796F, 0x7970, 0x7970, 0x7990, 0x7990,
    0x7285, 0x7285, 0x7266, 0x7A26, 0x7A06, 0x79C6, 0x79A6, 0x7986, 0x7987, 0x7968, 0x7968, 0x7969, 0x796A, 0x796A, 0x796B, 0x796B,
    0x796C, 0x796C, 0x796D, 0x796D, 0x796E, 0x796E, 0x796E, 0x796F, 0x796F, 0x796F, 0x796F, 0x7970, 0x7970, 0x7990, 0x7990, 0x7990,
    0x72A5, 0x72A5, 0x7AA6, 0x7A86, 0x7A66, 0x7A06, 0x81C6, 0x81A6, 0x7987, 0x7987, 0x7988, 0x7969, 0x796A, 0x796A, 0x796B, 0x818B,
    0x818C, 0x818D, 0x818D, 0x818E, 0x796E, 0x796E, 0x796F, 0x796F, 0x796F, 0x796F, 0x7970, 0x7970, 0x7990, 0x7990, 0x7990, 0x79B0,
    0x72E5, 0x72E6, 0x7AC6, 0x7AC6, 0x7AA6, 0x8286, 0x8246, 0x81E6, 0x81A7, 0x81A7, 0x8188, 0x8189, 0x8189, 0x818A, 0x818B, 0x818B,
    0x818C, 0x818D, 0x818D, 0x818E, 0x818E, 0x796F, 0x796F, 0x796F, 0x796F, 0x7970, 0x7970, 0x7990, 0x7990, 0x7990, 0x7990, 0x79B0,
    0x7305, 0x7306, 0x7B06, 0x7B06, 0x7AE6, 0x82C6, 0x82A6, 0x8246, 0x81E6, 0x81C7, 0x81A7, 0x8188, 0x8189, 0x818A, 0x818B, 0x818B,
    0x818C, 0x818D, 0x818E, 0x818E, 0x818F, 0x818F, 0x796F, 0x796F, 0x7970, 0x7990, 0x7990, 0x7990, 0x7990, 0x7990, 0x79B0, 0x71B0,
    0x6B25, 0x7326, 0x7326, 0x7B26, 0x7B26, 0x8327, 0x8307, 0x82C7, 0x8287, 0x8227, 0x81C7, 0x81A8, 0x81A9, 0x818A, 0x818B, 0x818B,
    0x818C, 0x818D, 0x818E, 0x818E, 0x818F, 0x818F, 0x798F, 0x798F, 0x7990, 0x7990, 0x7990, 0x7990, 0x7990, 0x71B0, 0x71B0, 0x71B0,
    0x6B26, 0x7346, 0x7366, 0x7B66, 0x7B67, 0x8367, 0x8367, 0x8327, 0x82E7, 0x8287, 0x8227, 0x81E8, 0x81C9, 0x81AA, 0x81AB, 0x81AC,
    0x81AC, 0x81AD, 0x81AE, 0x81AE, 0x818F, 0x798F, 0x798F, 0x7990, 0x7990, 0x7990, 0x7990, 0x7990, 0x71B0, 0x71B0, 0x71B0, 0x71D1,
    0x6B46, 0x7366, 0x7386, 0x7B86, 0x7B87, 0x8387, 0x8387, 0x8387, 0x8347, 0x8307, 0x82A7, 0x8268, 0x8229, 0x81EA, 0x81EB, 0x81EC,
    0x81ED, 0x81CD, 0x81CE, 0x81AE, 0x79AF, 0x798F, 0x798F, 0x7990, 0x7990, 0x7990, 0x7190, 0x71B0, 0x71B0, 0x71B0, 0x71D1, 0x71D1,
    0x6B66, 0x7386, 0x7386, 0x7BA7, 0x7BA7, 0x7BC7, 0x83C7, 0x83A7, 0x83A7, 0x8367, 0x8328, 0x82C8, 0x8289, 0x824A, 0x822B, 0x822C,
    0x822D, 0x820E, 0x820E, 0x81EF, 0x79CF, 0x79AF, 0x7990, 0x7990, 0x7190, 0x7190, 0x71B0, 0x71B0, 0x71B0, 0x71D1, 0x71D1, 0x71F1,
    0x6B86, 0x6BA6, 0x73A6, 0x73C7, 0x7BC7, 0x7BC7, 0x7BE7, 0x83C7, 0x83C8, 0x83A8, 0x8368, 0x8328, 0x8309, 0x82CA, 0x82AB, 0x82AC,
    0x828D, 0x828E, 0x826F, 0x822F, 0x79EF, 0x79CF, 0x79B0, 0x7190, 0x7190, 0x7190, 0x71B0, 0x69B0, 0x71B1, 0x71D1, 0x71F1, 0x7A11,
    0x6BA6, 0x6BA6, 0x73C7, 0x73C7, 0x73E7, 0x7BE7, 0x7BE7, 0x7BE8, 0x83E8, 0x83C8, 0x83A8, 0x8389, 0x836A, 0x834B, 0x832C, 0x830D,
    0x82EE, 0x82EE, 0x82CF, 0x828F, 0x7A4F, 0x79F0, 0x71D0, 0x71B0, 0x69B0, 0x69B0, 0x69B0, 0x69B1, 0x69D1, 0x71F1, 0x7211, 0x7A31,
    0x6BA6, 0x6BC7, 0x73E7, 0x73E7, 0x73E7, 0x73E7, 0x7C07, 0x7C08, 0x7C08, 0x83E8, 0x83E9, 0x83C9, 0x83AA, 0x83AB, 0x838C, 0x836D,
    0x836E, 0x836F, 0x832F, 0x8310, 0x7AB0, 0x7250, 0x7210, 0x69D0, 0x69B0, 0x69B0, 0x69B1, 0x69B1, 0x69D1, 0x71F1, 0x7211, 0x7A31,
    0x6BC7, 0x6BE7, 0x6BE7, 0x73E7, 0x7407, 0x7408, 0x7408, 0x7C28, 0x7C29, 0x7C09, 0x8409, 0x840A, 0x83EB, 0x83EC, 0x83CD, 0x83CD,
    0x83CE, 0x83AF, 0x8390, 0x8370, 0x7B10, 0x72B0, 0x7250, 0x69F0, 0x61D0, 0x61B1, 0x61B1, 0x61D1, 0x69F1, 0x69F1, 0x7231, 0x7A51,
    0x6BE7, 0x6BE7, 0x6C07, 0x6C08, 0x6C08, 0x7428, 0x7429, 0x7C49, 0x7C4A, 0x7C4A, 0x844B, 0x844C, 0x842C, 0x842D, 0x840D, 0x840E,
    0x840E, 0x83EF, 0x83F0, 0x83D0, 0x7B70, 0x7311, 0x6AB1, 0x6A31, 0x61F1, 0x59D1, 0x59D1, 0x61D1, 0x69F1, 0x6A11, 0x7231, 0x7A71,
    0x63E7, 0x6C08, 0x6C08, 0x6C28, 0x6C29, 0x7449, 0x744A, 0x7C6A, 0x7C6B, 0x7C6C, 0x846C, 0x846D, 0x846D, 0x844E, 0x844E, 0x844E,
    0x842F, 0x842F, 0x8410, 0x8410, 0x7BD1, 0x7B91, 0x7311, 0x6A91, 0x6231, 0x59F1, 0x59F1, 0x61F1, 0x6A11, 0x6A31, 0x7251, 0x7A91,
    0x6408, 0x6428, 0x6C29, 0x6C49, 0x6C4A, 0x746A, 0x746B, 0x7C8C, 0x7C8C, 0x7C8D, 0x848D, 0x848E, 0x848E, 0x848F, 0x848F, 0x846F,
    0x846F, 0x844F, 0x8450, 0x8430, 0x7C31, 0x7BF1, 0x7391, 0x6B11, 0x62B1, 0x6231, 0x6211, 0x6211, 0x6A31, 0x7251, 0x7A91, 0x7AB1,
    0x6428, 0x6429, 0x644A, 0x6C4A, 0x6C6B, 0x746B, 0x748C, 0x7C8D, 0x7CAD, 0x84AE, 0x84AE, 0x84AF, 0x84AF, 0x84AF, 0x84B0, 0x8490,
    0x8490, 0x8470, 0x8470, 0x7C70, 0x7C51, 0x7C31, 0x73F1, 0x7391, 0x6B31, 0x62B1, 0x6291, 0x6271, 0x6A71, 0x7291, 0x7AD1, 0x82F2,
    0x6449, 0x644A, 0x646A, 0x6C6B, 0x6C8C, 0x748C, 0x7CAD, 0x7CAE, 0x84CE, 0x84CF, 0x84CF, 0x84D0, 0x84D0, 0x84D0, 0x84B0, 0x84B0,
    0x84B0, 0x7C90, 0x7C90, 0x7C91, 0x7C91, 0x7C71, 0x7C51, 0x7412, 0x6BB2, 0x6B52, 0x6B12, 0x6AD2, 0x72D2, 0x72F2, 0x7B12, 0x8352,
    0x644A, 0x646B, 0x646B, 0x6C8C, 0x748D, 0x74AD, 0x7CAE, 0x7CCE, 0x84CF, 0x84CF, 0x84D0, 0x84D0, 0x84D0, 0x7CD0, 0x7CD0, 0x7CB0,
    0x7CB0, 0x7CB0, 0x7CB1, 0x7CB1, 0x7C91, 0x7C91, 0x7C92, 0x7472, 0x7432, 0x6BD2, 0x6B92, 0x6B52, 0x7352, 0x7B52, 0x7B72, 0x8392,
    0x646B, 0x646C, 0x6C8C, 0x6C8D, 0x74AD, 0x7CAE, 0x7CCF, 0x84CF, 0x84D0, 0x84D0, 0x84D0, 0x84D0, 0x7CD1, 0x7CD1, 0x7CD1, 0x7CD1,
    0x7CD1, 0x7CD1, 0x7CB1, 0x84B1, 0x84B1, 0x7CB1, 0x7CB2, 0x7CB2, 0x7472, 0x7452, 0x7412, 0x73D2, 0x73D2, 0x7BD2, 0x83D2, 0x83D2,
    0x648C, 0x6C8C, 0x6CAD, 0x74AE, 0x7CAE, 0x7CCF, 0x84CF, 0x84D0, 0x84D0, 0x84D0, 0x84D0, 0x84D1, 0x7CD1, 0x7CD1, 0x7CD1, 0x7CD1,
    0x7CD1, 0x7CD1, 0x84D1, 0x84D1, 0x84D2, 0x84D2, 0x7CD2, 0x7CB2, 0x74B2, 0x7492, 0x7472, 0x7432, 0x7C32, 0x7C13, 0x8413, 0x8413,
    0x648D, 0x6CAD, 0x74AE, 0x74AE, 0x7CCF, 0x7CCF, 0x84D0, 0x84D0, 0x84D0, 0x84D0, 0x84D1, 0x7CD1, 0x7CD1, 0x7CD1, 0x7CD1, 0x7CD1,
    0x7CD1, 0x84D1, 0x84D1, 0x84D2, 0x84D2, 0x84D2, 0x84D2, 0x7CD2, 0x7CD2, 0x74B2, 0x7492, 0x7492, 0x7C73, 0x7C73, 0x8453, 0x8453,
    0x6CAD, 0x6CAE, 0x74CF, 0x7CCF, 0x7CCF, 0x84D0, 0x84D0, 0x84D0, 0x84D0, 0x84D1, 0x84D1, 0x7CD1, 0x7CD1, 0x7CD1, 0x7CD1, 0x7CD1,
    0x84D1, 0x84D1, 0x84D2, 0x84F2, 0x84F2, 0x84F2, 0x84D2, 0x84D2, 0x7CD2, 0x7CD2, 0x7CB2, 0x74B2, 0x7C93, 0x7C93, 0x8493, 0x8473,
    0x6CAE, 0x74CF, 0x7CCF, 0x7CD0, 0x84D0, 0x84D0, 0x84F0, 0x84D0, 0x84D1, 0x7CD1, 0x7CD1, 0x7CD1, 0x7CD1, 0x7CD1, 0x84D1, 0x84D1,
    0x84F2, 0x84F2, 0x84F2, 0x84F2, 0x8CF2, 0x8CF2, 0x84F2, 0x84F2, 0x84F2, 0x84D2, 0x7CD2, 0x7CD2, 0x7CD3, 0x7CB3, 0x84B3, 0x84B3,
    0x74CF, 0x7CCF, 0x7CD0, 0x84D0, 0x84D0, 0x84D0, 0x84D0, 0x84D1, 0x84D1, 0x7CD1, 0x7CD1, 0x84D1, 0x84D1, 0x84D1, 0x84F1, 0x84F2,
    0x84F2, 0x84F2, 0x8CF2, 0x8CF2, 0x8CF2, 0x8CF2, 0x8CF2, 0x8CF2, 0x84F2, 0x84F2, 0x84F2, 0x7CD2, 0x7CD3, 0x84D3, 0x84D3, 0x84B3,
    0x7CD0, 0x7CD0, 0x84D0, 0x84D0, 0x84F0, 0x84D0, 0x84D1, 0x7CD1, 0x7CD1, 0x7CD1, 0x84D1, 0x84D1, 0x84F1, 0x84F2, 0x84F2, 0x8CF2,
    0x8CF2, 0x8CF2, 0x8CF2, 0x8CF2, 0x8CF2, 0x8CF2, 0x8CF2, 0x8CF2, 0x8CF2, 0x8CF3, 0x8CF3, 0x84F3, 0x84F3, 0x84F3, 0x84D3, 0x84D3,
    0x7CD0, 0x84D0, 0x84F0, 0x84F0, 0x84D0, 0x84D1, 0x7CD1, 0x84D1, 0x84D1, 0x84D1, 0x84F1, 0x84F1, 0x84F2, 0x8CF2, 0x8CF2, 0x8CF2,
    0x8CF2, 0x8CF2, 0x8CF2, 0x8CF2, 0x8CF2, 0x8CF2, 0x8CF2, 0x8CF2, 0x8CF2, 0x8CF3, 0x8CF3, 0x8CF3, 0x8CF3, 0x84F3, 0x84F3, 0x8CF3,
    0x84CF, 0x84F0, 0x84F0, 0x84D0, 0x7CD1, 0x7CD1, 0x7CD1, 0x84D1, 0x84D1, 0x84F1, 0x84F2, 0x84F2, 0x8CF2, 0x8CF2, 0x8CF2, 0x8CF2,
    0x8CF2, 0x8CF2, 0x8CF2, 0x8CF2, 0x8CF2, 0x8CF2, 0x8CF2, 0x8CF2, 0x8CF3, 0x8CF3, 0x8CF3, 0x8CF3, 0x8CF3, 0x8CF3, 0x8CF3, 0x8CF3,
    0x7165, 0x7165, 0x7145, 0x7146, 0x7146, 0x7147, 0x7147, 0x7148, 0x6948, 0x6948, 0x6949, 0x6949, 0x6949, 0x714A, 0x714A, 0x714A,
    0x714B, 0x714B, 0x714B, 0x714B, 0x714C, 0x714C, 0x714D, 0x714D, 0x714D, 0x796E, 0x796E, 0x796F, 0x796F, 0x796F, 0x796F, 0x7970,
    0x71A5, 0x7185, 0x7165, 0x7166, 0x7166, 0x7146, 0x7147, 0x7147, 0x7148, 0x7148, 0x7149, 0x7149, 0x714A, 0x714A, 0x714A, 0x714B,
    0x714B, 0x714B, 0x714B, 0x714C, 0x714C, 0x714D, 0x714D, 0x794D, 0x796E, 0x796E, 0x796E, 0x796F, 0x796F, 0x796F, 0x796F, 0x7970,
    0x71E5, 0x71C5, 0x7986, 0x7966, 0x7966, 0x7966, 0x7167, 0x7167, 0x7168, 0x7168, 0x7169, 0x7169, 0x716A, 0x716A, 0x716A, 0x716B,
    0x716B, 0x796B, 0x796C, 0x796C, 0x796D, 0x796D, 0x796D, 0x796E, 0x796E, 0x796E, 0x796F, 0x796F, 0x796F, 0x796F, 0x7970, 0x7970,
    0x7225, 0x7205, 0x79E6, 0x79A6, 0x7986, 0x7986, 0x7966, 0x7967, 0x7968, 0x7968, 0x7969, 0x7969, 0x796A, 0x796A, 0x796B, 0x796B,
    0x796B, 0x796C, 0x796C, 0x796C, 0x796D, 0x796D, 0x796E, 0x796E, 0x796E, 0x796F, 0x796F, 0x796F, 0x796F, 0x7970, 0x7970, 0x7990,
    0x7265, 0x7245, 0x7A26, 0x79E6, 0x79A6, 0x79A6, 0x7986, 0x7987, 0x7967, 0x7968, 0x7969, 0x7969, 0x796A, 0x796A, 0x796B, 0x796B,
    0x796C, 0x796C, 0x796C, 0x796D, 0x796D, 0x796E, 0x796E, 0x796E, 0x796F, 0x796F, 0x796F, 0x796F, 0x7970, 0x7970, 0x7990, 0x7990,
    0x7285, 0x7286, 0x7A66, 0x7A46, 0x7A06, 0x81E6, 0x81A6, 0x8187, 0x7987, 0x7988, 0x7988, 0x7969, 0x796A, 0x796A, 0x796B, 0x818B,
    0x818C, 0x818C, 0x818D, 0x818D, 0x818E, 0x818E, 0x818E, 0x796F, 0x796F, 0x796F, 0x796F, 0x7970, 0x7990, 0x7990, 0x7990, 0x79B0,
    0x72C5, 0x7AA6, 0x7AA6, 0x7A86, 0x8266, 0x8226, 0x81E6, 0x81A6, 0x81A7, 0x8187, 0x8188, 0x8189, 0x8189, 0x818A, 0x818B, 0x818B,
    0x818C, 0x818C, 0x818D, 0x818D, 0x818E, 0x818E, 0x818F, 0x818F, 0x798F, 0x796F, 0x798F, 0x7990, 0x7990, 0x7990, 0x79B0, 0x79B0,
    0x72E6, 0x7AE6, 0x7AE6, 0x7AC6, 0x82C6, 0x8286, 0x8246, 0x8206, 0x81C7, 0x81A7, 0x8188, 0x8188, 0x8189, 0x818A, 0x818B, 0x818B,
    0x818C, 0x818D, 0x818D, 0x81AE, 0x818E, 0x818F, 0x818F, 0x818F, 0x798F, 0x798F, 0x7990, 0x7990, 0x7990, 0x7990, 0x79B0, 0x79B0,
    0x7306, 0x7B06, 0x7B06, 0x7B06, 0x8306, 0x82E7, 0x82C7, 0x8267, 0x8207, 0x81C7, 0x81A7, 0x81A8, 0x8189, 0x818A, 0x818A, 0x818B,
    0x818C, 0x81AD, 0x81AD, 0x81AE, 0x81AF, 0x818F, 0x818F, 0x818F, 0x818F, 0x7990, 0x7990, 0x7990, 0x79B0, 0x79B0, 0x79B0, 0x79B0,
    0x7326, 0x7346, 0x7B46, 0x7B46, 0x8347, 0x8327, 0x8307, 0x82C7, 0x8287, 0x8227, 0x81C7, 0x81A8, 0x81A8, 0x81A9, 0x81AA, 0x81AB,
    0x81AC, 0x81AD, 0x81AD, 0x81AE, 0x81AF, 0x81AF, 0x818F, 0x818F, 0x8190, 0x7990, 0x7990, 0x79B0, 0x79B0, 0x79B0, 0x79B0, 0x79D0,
    0x7346, 0x7366, 0x7B66, 0x7B67, 0x8367, 0x8367, 0x8367, 0x8347, 0x8307, 0x8287, 0x8227, 0x81E8, 0x81C8, 0x81A9, 0x81AA, 0x81AB,
    0x81AC, 0x81AD, 0x81AD, 0x81AE, 0x81AF, 0x81AF, 0x818F, 0x8190, 0x8190, 0x7990, 0x79B0, 0x79B0, 0x79B0, 0x79B0, 0x79D0, 0x79D1,
    0x7366, 0x7366, 0x7B86, 0x7B87, 0x83A7, 0x83A7, 0x83A7, 0x8387, 0x8B67, 0x8307, 0x82A7, 0x8247, 0x8208, 0x81E9, 0x81CA, 0x81CB,
    0x81CC, 0x81CD, 0x81CD, 0x81CE, 0x81AF, 0x81AF, 0x81AF, 0x81B0, 0x79B0, 0x79B0, 0x79B0, 0x79B0, 0x79B0, 0x79D0, 0x79D1, 0x79F1,
    0x7386, 0x7386, 0x7BA7, 0x7BA7, 0x7BC7, 0x83C7, 0x83C8, 0x83C8, 0x8BA8, 0x8B68, 0x8327, 0x82A8, 0x8268, 0x8229, 0x820A, 0x820B,
    0x820C, 0x820D, 0x820E, 0x81EE, 0x81CF, 0x81CF, 0x81AF, 0x79B0, 0x79B0, 0x79B0, 0x79B0, 0x79B0, 0x79D0, 0x79D1, 0x79F1, 0x7A11,
    0x7386, 0x73A6, 0x73A7, 0x7BC7, 0x7BC7, 0x83E7, 0x83E8, 0x83E8, 0x83C8, 0x8BA8, 0x8368, 0x8328, 0x82E8, 0x82A9, 0x828A, 0x826B,
    0x824C, 0x826D, 0x824E, 0x824F, 0x820F, 0x81EF, 0x79D0, 0x79B0, 0x79B0, 0x79B0, 0x79B0, 0x79D0, 0x79D1, 0x79F1, 0x7A11, 0x7A31,
    0x6BA6, 0x73C6, 0x73C7, 0x7BC7, 0x7BE7, 0x7BE7, 0x83E8, 0x83E8, 0x83E8, 0x83C8, 0x83A8, 0x8388, 0x8349, 0x830A, 0x82EB, 0x82CC,
    0x82CD, 0x82CE, 0x82AE, 0x82AF, 0x826F, 0x8230, 0x79F0, 0x79D0, 0x79D0, 0x79D0, 0x71D0, 0x71D1, 0x71F1, 0x7A11, 0x7A31, 0x7A51,
    0x6BC6, 0x73C7, 0x73E7, 0x73E7, 0x7BE7, 0x7BE7, 0x7C08, 0x8408, 0x8408, 0x83E8, 0x83C8, 0x83C9, 0x83A9, 0x838A, 0x836B, 0x834C,
    0x832D, 0x832E, 0x832F, 0x830F, 0x82D0, 0x8270, 0x7A30, 0x79F0, 0x71D0, 0x71D0, 0x71D1, 0x71F1, 0x71F1, 0x7211, 0x7A51, 0x7A71,
    0x6BC7, 0x6BE7, 0x73E7, 0x73E7, 0x7407, 0x7C08, 0x7C08, 0x7C08, 0x8408, 0x8408, 0x8409, 0x83E9, 0x83EA, 0x83CB, 0x83CC, 0x83AD,
    0x83AE, 0x838F, 0x838F, 0x8370, 0x8330, 0x82D0, 0x7A90, 0x7230, 0x71F0, 0x71D1, 0x71F1, 0x71F1, 0x7211, 0x7231, 0x7A51, 0x8291,
    0x6BE7, 0x6BE7, 0x6C07, 0x7407, 0x7408, 0x7428, 0x7C28, 0x7C29, 0x7C29, 0x8429, 0x842A, 0x842A, 0x840B, 0x840C, 0x840C, 0x83ED,
    0x83EE, 0x83EF, 0x83CF, 0x83D0, 0x8390, 0x8351, 0x7AF1, 0x7271, 0x7231, 0x69F1, 0x69F1, 0x69F1, 0x7211, 0x7231, 0x7A71, 0x8291,
    0x6BE7, 0x6C07, 0x6C08, 0x6C28, 0x7428, 0x7429, 0x7C49, 0x7C4A, 0x844A, 0x846B, 0x846B, 0x844C, 0x844C, 0x844D, 0x844D, 0x8C2E,
    0x8C2E, 0x840F, 0x8410, 0x8410, 0x83F1, 0x83B1, 0x7B51, 0x72D1, 0x7271, 0x6A11, 0x6A11, 0x69F1, 0x7231, 0x7251, 0x7A91, 0x82B1,
    0x6C08, 0x6C08, 0x6C28, 0x6C29, 0x7449, 0x744A, 0x7C6A, 0x846B, 0x848C, 0x848C, 0x848D, 0x848D, 0x848E, 0x8C8E, 0x8C6F, 0x8C6F,
    0x8C6F, 0x844F, 0x8450, 0x8430, 0x8431, 0x8411, 0x7BB1, 0x7331, 0x72B1, 0x6A51, 0x6A11, 0x6A11, 0x7231, 0x7251, 0x7AB1, 0x82F1,
    0x6428, 0x6C29, 0x6C49, 0x6C4A, 0x746A, 0x7C6B, 0x7C8C, 0x848C, 0x84AD, 0x84AD, 0x84AE, 0x84AF, 0x8CAF, 0x8CAF, 0x8CB0, 0x8C90,
    0x8490, 0x8470, 0x8470, 0x8470, 0x8451, 0x8451, 0x7BF1, 0x7BB1, 0x7331, 0x6AB1, 0x6A71, 0x6A51, 0x7271, 0x7A91, 0x7AD2, 0x8312,
    0x6429, 0x6C49, 0x6C4A, 0x6C6A, 0x746B, 0x7C8C, 0x7C8D, 0x84AD, 0x84AE, 0x8CCE, 0x8CCF, 0x8CCF, 0x8CD0, 0x8CD0, 0x8CD0, 0x84B0,
    0x84B0, 0x8490, 0x8490, 0x8490, 0x8471, 0x8471, 0x7C51, 0x7C32, 0x73B2, 0x7332, 0x72F2, 0x72B1, 0x72D2, 0x7AD2, 0x8312, 0x8352,
    0x644A, 0x6C6A, 0x6C6B, 0x6C8B, 0x748C, 0x7CAD, 0x7CAD, 0x84AE, 0x84CF, 0x8CCF, 0x8CD0, 0x8CD0, 0x8CD0, 0x84D1, 0x84D1, 0x84D1,
    0x84B1, 0x84B1, 0x84B1, 0x8491, 0x8491, 0x8491, 0x8492, 0x7C72, 0x7C32, 0x73D2, 0x7372, 0x7332, 0x7B32, 0x7B52, 0x8372, 0x8B92,
    0x646B, 0x6C6B, 0x6C8C, 0x748C, 0x74AD, 0x7CAE, 0x84CE, 0x84CF, 0x8CCF, 0x8CD0, 0x8CF0, 0x8CF0, 0x84F1, 0x84D1, 0x84D1, 0x84D1,
    0x84D1, 0x84D1, 0x84D1, 0x84B1, 0x84B1, 0x84B1, 0x84B2, 0x7CB2, 0x7C72, 0x7C52, 0x7C12, 0x7BD2, 0x7BB2, 0x83B2, 0x83D2, 0x8BF3,
    0x646B, 0x6C8C, 0x6C8D, 0x74AD, 0x7CAE, 0x7CCE, 0x84CF, 0x84CF, 0x8CD0, 0x8CF0, 0x8CF0, 0x84F1, 0x84F1, 0x84F1, 0x84D1, 0x84D1,
    0x84D1, 0x84D1, 0x84D1, 0x84D1, 0x84D1, 0x84D2, 0x84D2, 0x84D2, 0x7CB2, 0x7C92, 0x7C72, 0x7C32, 0x7C13, 0x8413, 0x8413, 0x8C33,
    0x648C, 0x6C8D, 0x74AD, 0x7CAE, 0x7CCF, 0x84CF, 0x84CF, 0x84D0, 0x8CF0, 0x8CF1, 0x84F1, 0x84F1, 0x84F1, 0x84F1, 0x84D1, 0x84D1,
    0x84D1, 0x84D1, 0x84D1, 0x84D1, 0x84D2, 0x84D2, 0x84D2, 0x84D2, 0x84D2, 0x7CD2, 0x7CB2, 0x7C93, 0x7C73, 0x8453, 0x8453, 0x8C53,
    0x6CAD, 0x74AE, 0x7CCE, 0x7CCF, 0x84CF, 0x84D0, 0x84D0, 0x84F0, 0x84F1, 0x84F1, 0x84F1, 0x84F1, 0x84F1, 0x84F1, 0x84F1, 0x84F1,
    0x84F2, 0x84F2, 0x84F2, 0x84F2, 0x84F2, 0x8CF2, 0x84F2, 0x84F2, 0x84D2, 0x84D2, 0x7CD2, 0x7CB3, 0x7CB3, 0x8493, 0x8493, 0x8C93,
    0x74AE, 0x74CE, 0x7CCF, 0x84CF, 0x84D0, 0x84F0, 0x84F0, 0x84F1, 0x84F1, 0x84F1, 0x84F1, 0x84F1, 0x84F1, 0x84F1, 0x84F2, 0x84F2,
    0x84F2, 0x84F2, 0x8CF2, 0x8CF2, 0x8CF2, 0x8CF2, 0x8CF2, 0x8CF2, 0x84F2, 0x84F2, 0x84D3, 0x7CD3, 0x84D3, 0x84B3, 0x84B3, 0x8CB3,
    0x74CF, 0x7CCF, 0x84CF, 0x84D0, 0x84F0, 0x84F0, 0x84F1, 0x84F1, 0x84F1, 0x84F1, 0x84F1, 0x84F1, 0x84F1, 0x84F2, 0x84F2, 0x8CF2,
    0x8CF2, 0x8CF2, 0x8CF2, 0x8CF2, 0x8CF2, 0x8CF2, 0x8CF2, 0x8CF2, 0x8CF2, 0x8CF3, 0x84F3, 0x84F3, 0x84D3, 0x84D3, 0x84D3, 0x8CD3,
    0x7CCF, 0x84D0, 0x84D0, 0x84F0, 0x84F0, 0x84F1, 0x84F1, 0x84F1, 0x84F1, 0x84F1, 0x84F1, 0x84F1, 0x84F2, 0x8CF2, 0x8CF2, 0x8CF2,
    0x8CF2, 0x8CF2, 0x8CF2, 0x8CF2, 0x8CF2, 0x8CF2, 0x8CF2, 0x8CF2, 0x8CF2, 0x8CF3, 0x8CF3, 0x8CF3, 0x8CF3, 0x84F3, 0x84F3, 0x8CD3,
    0x84CF, 0x84D0, 0x84F0, 0x84F0, 0x84F1, 0x84F1, 0x84F1, 0x84F1, 0x84F1, 0x84F1, 0x84F2, 0x8CF2, 0x8CF2, 0x8CF2, 0x8CF2, 0x8CF2,
    0x8CF2, 0x8CF2, 0x8CF2, 0x8CF2, 0x8CF2, 0x8CF2, 0x8CF2, 0x8CF2, 0x8CF3, 0x8CF3, 0x8CF3, 0x8CF3, 0x8CF3, 0x8CF3, 0x8CF3, 0x8CF3,
    0x84D0, 0x84F0, 0x84F0, 0x84F1, 0x84F1, 0x84F1, 0x84F1, 0x84F1, 0x84F1, 0x84F2, 0x8CF2, 0x8CF2, 0x8CF2, 0x8CF2, 0x8CF2, 0x8CF2,
    0x8CF2, 0x8CF2, 0x8CF2, 0x8CF2, 0x8CF2, 0x8CF2, 0x8CF2, 0x8CF2, 0x8CF3, 0x8CF3, 0x8CF3, 0x8CF3, 0x8CF3, 0x8CF3, 0x8CF3, 0x8CF3,
    0x7165, 0x7165, 0x7166, 0x7166, 0x7166, 0x7147, 0x7147, 0x7148, 0x7148, 0x7148, 0x7149, 0x7149, 0x714A, 0x714A, 0x714A, 0x714A,
    0x714B, 0x714B, 0x714B, 0x714B, 0x714C, 0x714C, 0x714D, 0x794D, 0x796D, 0x796E, 0x796E, 0x796F, 0x796F, 0x796F, 0x796F, 0x7970,
    0x71A5, 0x79A6, 0x7986, 0x7966, 0x7966, 0x7166, 0x7167, 0x7167, 0x7168, 0x7168, 0x7169, 0x7169, 0x716A, 0x716A, 0x716A, 0x716B,
    0x716B, 0x716B, 0x796B, 0x796C, 0x796C, 0x796D, 0x796D, 0x796D, 0x796E, 0x796E, 0x796E, 0x796F, 0x796F, 0x796F, 0x796F, 0x7970,
    0x7205, 0x79C6, 0x79A6, 0x7986, 0x7966, 0x7966, 0x7967, 0x7967, 0x7968, 0x7968, 0x7969, 0x7969, 0x796A, 0x796A, 0x796A, 0x796B,
    0x796B, 0x796B, 0x796C, 0x796C, 0x796C, 0x796D, 0x796D, 0x796E, 0x796E, 0x796E, 0x796F, 0x796F, 0x796F, 0x796F, 0x7970, 0x7970,
    0x7225, 0x7A06, 0x79E6, 0x79C6, 0x7986, 0x7986, 0x7986, 0x7967, 0x7967, 0x7968, 0x7969, 0x7969, 0x796A, 0x796A, 0x796B, 0x796B,
    0x796B, 0x796C, 0x796C, 0x796C, 0x796D, 0x796D, 0x796E, 0x796E, 0x796E, 0x796F, 0x796F, 0x796F, 0x796F, 0x7970, 0x7990, 0x7990,
    0x7265, 0x7A66, 0x7A46, 0x7A06, 0x81C6, 0x81A6, 0x8186, 0x7987, 0x7987, 0x7988, 0x7988, 0x7969, 0x796A, 0x796A, 0x796B, 0x798B,
    0x818B, 0x818C, 0x818C, 0x818D, 0x818D, 0x818E, 0x818E, 0x818E, 0x818F, 0x818F, 0x798F, 0x796F, 0x798F, 0x7990, 0x7990, 0x8190,
    0x7AA6, 0x7A86, 0x7A86, 0x8246, 0x8226, 0x81E6, 0x81A6, 0x81A7, 0x8187, 0x8188, 0x8188, 0x8189, 0x8189, 0x818A, 0x818B, 0x818B,
    0x818C, 0x818C, 0x818D, 0x818D, 0x818D, 0x818E, 0x818E, 0x818F, 0x818F, 0x818F, 0x818F, 0x798F, 0x7990, 0x7990, 0x8190, 0x81B0,
    0x7AC6, 0x7AC6, 0x7AC6, 0x82A6, 0x8286, 0x8226, 0x81E6, 0x81C7, 0x81A7, 0x8187, 0x8188, 0x8189, 0x8189, 0x818A, 0x818A, 0x818B,
    0x818C, 0x818C, 0x81AD, 0x81AD, 0x81AE, 0x81AE, 0x818F, 0x818F, 0x818F, 0x818F, 0x818F, 0x8190, 0x8190, 0x8190, 0x81B0, 0x81B0,
    0x7AE6, 0x7AE6, 0x7AE6, 0x82E6, 0x82C6, 0x82A7, 0x8267, 0x8207, 0x81C7, 0x81A7, 0x81A8, 0x8188, 0x8189, 0x818A, 0x818A, 0x818B,
    0x818C, 0x81AC, 0x81AD, 0x81AE, 0x81AE, 0x81AF, 0x81AF, 0x818F, 0x818F, 0x818F, 0x8190, 0x8190, 0x81B0, 0x81B0, 0x81B0, 0x81D0,
    0x7B26, 0x7B26, 0x7B26, 0x8326, 0x8307, 0x82E7, 0x82C7, 0x8267, 0x8A07, 0x81C7, 0x81A7, 0x81A8, 0x81A9, 0x81A9, 0x81AA, 0x81AB,
    0x81AB, 0x81AC, 0x89AD, 0x89AE, 0x89AE, 0x81AF, 0x81AF, 0x81AF, 0x818F, 0x8190, 0x8190, 0x81B0, 0x81B0, 0x81B0, 0x81D0, 0x79D0,
    0x7B46, 0x7B46, 0x7B46, 0x8347, 0x8347, 0x8347, 0x8327, 0x8AC7, 0x8A87, 0x8A27, 0x81E7, 0x81C8, 0x81A8, 0x81A9, 0x81AA, 0x81AA,
    0x81AB, 0x89AC, 0x89AD, 0x89AE, 0x89AE, 0x81AF, 0x81AF, 0x81AF, 0x81B0, 0x81B0, 0x81B0, 0x81B0, 0x81B0, 0x81D0, 0x79D0, 0x79D0,
    0x7366, 0x7B66, 0x7B87, 0x8387, 0x8387, 0x8387, 0x8B67, 0x8B47, 0x8B07, 0x8A87, 0x8A27, 0x81E7, 0x81C8, 0x81A9, 0x81A9, 0x81AA,
    0x81AB, 0x89AC, 0x89CD, 0x89CE, 0x89CE, 0x81AF, 0x81AF, 0x81B0, 0x81B0, 0x81B0, 0x81B0, 0x81B0, 0x81D0, 0x79D0, 0x79F0, 0x79F1,
    0x7366, 0x7B86, 0x7B87, 0x83A7, 0x83A7, 0x83A7, 0x8BA8, 0x8B88, 0x8B68, 0x8B07, 0x8AA7, 0x8A47, 0x8208, 0x81C8, 0x81C9, 0x81CA,
    0x81CB, 0x81CC, 0x81CD, 0x89CE, 0x81CE, 0x81CF, 0x81AF, 0x81B0, 0x81B0, 0x81B0, 0x81B0, 0x81D0, 0x79D0, 0x79F0, 0x79F1, 0x7A11,
    0x7386, 0x7BA7, 0x7BA7, 0x83C7, 0x83C7, 0x83C8, 0x8BE8, 0x8BC8, 0x8BA8, 0x8B68, 0x8B28, 0x8AA7, 0x8248, 0x8208, 0x81E9, 0x81EA,
    0x81EB, 0x81EC, 0x81ED, 0x81EE, 0x81EF, 0x81CF, 0x81CF, 0x81D0, 0x81D0, 0x81D0, 0x81D0, 0x79D0, 0x79F0, 0x79F1, 0x7A11, 0x8231,
    0x73A6, 0x7BA7, 0x7BC7, 0x7BC7, 0x83E7, 0x83E8, 0x83E8, 0x8BE8, 0x8BE8, 0x8BA8, 0x8B68, 0x8B28, 0x8AC8, 0x8A89, 0x8249, 0x822A,
    0x822B, 0x822C, 0x8A2D, 0x8A2E, 0x822F, 0x820F, 0x81F0, 0x81D0, 0x81D0, 0x81D0, 0x79D0, 0x79F0, 0x79F1, 0x7A11, 0x8231, 0x8271,
    0x73A6, 0x73C7, 0x7BC7, 0x7BE7, 0x7BE7, 0x83E8, 0x8408, 0x8408, 0x8C08, 0x8BE8, 0x8BA8, 0x8B88, 0x8B48, 0x8AE9, 0x8AAA, 0x8A8B,
    0x8A8C, 0x8A8D, 0x8A8E, 0x8A8F, 0x826F, 0x8250, 0x8230, 0x81F0, 0x81F0, 0x79F0, 0x79F0, 0x79F1, 0x7A11, 0x7A31, 0x8251, 0x8291,
    0x73C7, 0x73C7, 0x73E7, 0x7BE7, 0x7BE7, 0x7BE8, 0x8408, 0x8408, 0x8408, 0x83E8, 0x8BC8, 0x8BA8, 0x8B89, 0x8B69, 0x8B2A, 0x8B0B,
    0x8B0C, 0x8AED, 0x8AEE, 0x8AEF, 0x8AD0, 0x82B0, 0x8270, 0x8230, 0x7A10, 0x79F0, 0x7A11, 0x7A11, 0x7A31, 0x7A51, 0x8271, 0x82B1,
    0x73C7, 0x73E7, 0x73E7, 0x73E7, 0x7C07, 0x7C08, 0x7C08, 0x8408, 0x8408, 0x8408, 0x83E8, 0x83E9, 0x8BC9, 0x8BAA, 0x8BAB, 0x8B8C,
    0x8B6D, 0x8B6E, 0x8B4F, 0x8B4F, 0x8B30, 0x8310, 0x82B0, 0x8270, 0x7A30, 0x7A11, 0x7A11, 0x7A31, 0x7A31, 0x7A71, 0x8291, 0x82B1,
    0x6BE7, 0x73E7, 0x7407, 0x7407, 0x7408, 0x7C08, 0x7C08, 0x8428, 0x8429, 0x8429, 0x8409, 0x8409, 0x840A, 0x8BEB, 0x8BEB, 0x8BCC,
    0x8BCD, 0x8BCE, 0x8BAF, 0x8BB0, 0x8B90, 0x8371, 0x8311, 0x82B1, 0x7A71, 0x7A31, 0x7A31, 0x7A31, 0x7A51, 0x7A71, 0x82B1, 0x82D1,
    0x6BE7, 0x6C07, 0x7408, 0x7408, 0x7428, 0x7C28, 0x7C29, 0x8449, 0x844A, 0x844A, 0x844A, 0x844B, 0x8C2B, 0x8C2C, 0x8C2C, 0x8C2D,
    0x8C0E, 0x8C0F, 0x8C0F, 0x8BF0, 0x8BF0, 0x83D1, 0x8371, 0x7B11, 0x7AB1, 0x7251, 0x7231, 0x7231, 0x7A51, 0x7A91, 0x82B1, 0x82F1,
    0x6C07, 0x6C08, 0x6C28, 0x7428, 0x7449, 0x7C49, 0x7C6A, 0x846B, 0x846B, 0x8C6C, 0x8C8C, 0x8C6C, 0x8C6D, 0x8C6D, 0x8C6E, 0x8C4E,
    0x8C4F, 0x8C4F, 0x8C2F, 0x8C30, 0x8C31, 0x8411, 0x83D1, 0x8371, 0x7AF1, 0x7291, 0x7251, 0x7231, 0x7251, 0x7A91, 0x82D1, 0x8312,
    0x6C08, 0x6C28, 0x6C29, 0x7449, 0x744A, 0x7C6A, 0x848B, 0x848C, 0x8C8C, 0x8CAD, 0x8CAD, 0x8CAE, 0x8CAE, 0x8CAF, 0x8C8F, 0x8C8F,
    0x8C8F, 0x8C6F, 0x8C70, 0x8C50, 0x8C51, 0x8451, 0x8411, 0x83D1, 0x7B51, 0x72D1, 0x7291, 0x7271, 0x7A91, 0x7AB1, 0x82F2, 0x8B52,
    0x6C29, 0x6C49, 0x6C49, 0x746A, 0x746B, 0x7C8B, 0x848C, 0x84AD, 0x8CAD, 0x8CAE, 0x8CCE, 0x8CCF, 0x8CCF, 0x8CD0, 0x8CD0, 0x8CB0,
    0x8CB0, 0x8C90, 0x8C90, 0x8C90, 0x8471, 0x8471, 0x8451, 0x8432, 0x7BD2, 0x7B52, 0x72F2, 0x72B1, 0x7AD1, 0x7AF2, 0x8332, 0x8B72,
    0x6449, 0x6C4A, 0x6C6A, 0x746B, 0x7C8C, 0x7C8C, 0x84AD, 0x8CAE, 0x8CCE, 0x8CCF, 0x8CCF, 0x8CD0, 0x8CD0, 0x8CD0, 0x8CD1, 0x8CD1,
    0x8CD1, 0x8CB1, 0x8CB1, 0x8CB1, 0x8491, 0x8491, 0x8491, 0x8472, 0x8432, 0x7BD2, 0x7B72, 0x7B32, 0x7B32, 0x8332, 0x8372, 0x8BB2,
    0x644A, 0x6C6B, 0x748B, 0x748C, 0x7CAD, 0x84AD, 0x84AE, 0x8CCE, 0x8CCF, 0x8CCF, 0x8CD0, 0x8CF0, 0x8CF1, 0x8CF1, 0x8CF1, 0x8CD1,
    0x8CD1, 0x8CD1, 0x8CD1, 0x84B1, 0x84B1, 0x84B1, 0x84B1, 0x84B2, 0x8472, 0x7C52, 0x7C12, 0x7BB2, 0x83B2, 0x83B2, 0x8BD2, 0x8BF3,
    0x6C6B, 0x6C8C, 0x748C, 0x7CAD, 0x7CAD, 0x84CE, 0x84CF, 0x8CCF, 0x8CD0, 0x8CF0, 0x8CF0, 0x8CF1, 0x8CF1, 0x8CF1, 0x8CF1, 0x8CF1,
    0x8CF1, 0x8CD1, 0x8CD1, 0x8CD1, 0x84D1, 0x84D1, 0x84D2, 0x84D2, 0x84B2, 0x8492, 0x7C72, 0x7C33, 0x8413, 0x8413, 0x8C13, 0x8C33,
    0x6C8C, 0x748C, 0x74AD, 0x7CAE, 0x84CE, 0x84CF, 0x8CCF, 0x8CD0, 0x8CF0, 0x8CF1, 0x8CF1, 0x8CF1, 0x8CF1, 0x8CF1, 0x8CF1, 0x8CF2,
    0x8CF2, 0x8CF2, 0x8CF2, 0x8CD2, 0x8CD2, 0x8CD2, 0x8CD2, 0x84D2, 0x84D2, 0x84D2, 0x84B3, 0x8493, 0x8473, 0x8453, 0x8C73, 0x8C73,
    0x6C8D, 0x74AD, 0x7CAE, 0x84CE, 0x84CF, 0x84CF, 0x8CD0, 0x8CF0, 0x8CF1, 0x8CF1, 0x8CF1, 0x8CF1, 0x8CF1, 0x8CF1, 0x8CF2, 0x8CF2,
    0x8CF2, 0x8CF2, 0x8CF2, 0x8CF2, 0x8CF2, 0x8CF2, 0x8CF2, 0x8CF2, 0x84F2, 0x84D2, 0x84D3, 0x84B3, 0x84B3, 0x8493, 0x8C93, 0x8C93,
    0x74AD, 0x7CAE, 0x84CF, 0x84CF, 0x8CD0, 0x8CF0, 0x8CF0, 0x8CF1, 0x8CF1, 0x8CF1, 0x8CF1, 0x8CF1, 0x8CF2, 0x8CF2, 0x8CF2, 0x8CF2,
    0x8CF2, 0x8CF2, 0x8CF2, 0x8CF2, 0x8CF2, 0x8CF2, 0x8CF2, 0x8CF2, 0x8CF2, 0x8CF3, 0x84F3, 0x84D3, 0x84D3, 0x84D3, 0x8CB3, 0x8CB3,
    0x7CCE, 0x7CCF, 0x84CF, 0x84D0, 0x8CF0, 0x8CF0, 0x8CF1, 0x8CF1, 0x8CF1, 0x8CF1, 0x8CF1, 0x8CF2, 0x8CF2, 0x8CF2, 0x8CF2, 0x8CF2,
    0x8CF2, 0x8CF2, 0x8CF2, 0x8CF2, 0x8CF2, 0x8CF2, 0x8CF2, 0x8CF2, 0x8CF2, 0x8CF3, 0x8CF3, 0x84F3, 0x84F3, 0x8CD3, 0x8CD3, 0x8CD3,
    0x84CF, 0x84CF, 0x84D0, 0x8CF0, 0x8CF0, 0x8CF1, 0x8CF1, 0x8CF1, 0x8CF1, 0x8CF1, 0x8CF2, 0x8CF2, 0x8CF2, 0x8CF2, 0x8CF2, 0x8CF2,
    0x8CF2, 0x8CF2, 0x8CF2, 0x8CF2, 0x8CF2, 0x8CF2, 0x8CF2, 0x8CF2, 0x8CF3, 0x8CF3, 0x8CF3, 0x8CF3, 0x8CF3, 0x8CF3, 0x8CF3, 0x8CF3,
    0x84CF, 0x84D0, 0x8CF0, 0x8CF0, 0x8CF1, 0x8CF1, 0x8CF1, 0x8CF1, 0x8CF1, 0x8CF2, 0x8CF2, 0x8CF2, 0x8CF2, 0x8CF2, 0x8CF2, 0x8CF2,
    0x8CF2, 0x8CF2, 0x8CF2, 0x8CF2, 0x8CF2, 0x8CF2, 0x8CF2, 0x8CF2, 0x8CF3, 0x8CF3, 0x8CF3, 0x8CF3, 0x8CF3, 0x8CF3, 0x8CF3, 0x8CF3,
    0x84D0, 0x8CF0, 0x8CF0, 0x8CF1, 0x84F1, 0x84F1, 0x84F1, 0x8CF1, 0x8CF2, 0x8CF2, 0x8CF2, 0x8CF2, 0x8CF2, 0x8CF2, 0x8CF2, 0x8CF2,
    0x8CF2, 0x8CF2, 0x94F2, 0x94F2, 0x94F2, 0x94F2, 0x94F2, 0x94F2, 0x94F3, 0x9513, 0x9513, 0x9513, 0x9513, 0x8D13, 0x8D13, 0x8D13,
    0x7986, 0x7986, 0x7966, 0x7966, 0x7166, 0x7167, 0x7167, 0x7168, 0x7168, 0x7169, 0x7149, 0x7169, 0x716A, 0x716A, 0x716A, 0x716B,
    0x716B, 0x716B, 0x796B, 0x796C, 0x796C, 0x796C, 0x796C, 0x796D, 0x796D, 0x796E, 0x796E, 0x796E, 0x796F, 0x796F, 0x796F, 0x796F,
    0x79C6, 0x79A6, 0x7986, 0x7986, 0x7966, 0x7966, 0x7967, 0x7967, 0x7968, 0x7968, 0x7969, 0x7969, 0x796A, 0x796A, 0x796A, 0x796B,
    0x796B, 0x796B, 0x796C, 0x796C, 0x796C, 0x796C, 0x796D, 0x796D, 0x796E, 0x796E, 0x796E, 0x796F, 0x796F, 0x796F, 0x796F, 0x7970,
    0x7A06, 0x79E6, 0x79A6, 0x7986, 0x7986, 0x7986, 0x7967, 0x7967, 0x7968, 0x7968, 0x7969, 0x7969, 0x796A, 0x796A, 0x796B, 0x796B,
    0x796B, 0x796B, 0x796C, 0x796C, 0x796C, 0x796D, 0x796D, 0x796E, 0x818E, 0x818E, 0x818F, 0x818F, 0x818F, 0x798F, 0x798F, 0x7990,
    0x7A46, 0x7A26, 0x7A06, 0x81C6, 0x81A6, 0x8186, 0x8187, 0x7987, 0x7987, 0x7988, 0x7989, 0x7969, 0x796A, 0x796A, 0x796B, 0x798B,
    0x818B, 0x818C, 0x818C, 0x818C, 0x818D, 0x818D, 0x818E, 0x818E, 0x818E, 0x818F, 0x818F, 0x818F, 0x818F, 0x818F, 0x8190, 0x8190,
    0x7A86, 0x7A66, 0x8246, 0x8206, 0x81C6, 0x81A6, 0x8186, 0x8187, 0x8187, 0x8188, 0x8188, 0x8189, 0x818A, 0x818A, 0x818B, 0x818B,
    0x818B, 0x818C, 0x818C, 0x818D, 0x818D, 0x818E, 0x818E, 0x818E, 0x818F, 0x818F, 0x818F, 0x818F, 0x818F, 0x8190, 0x8190, 0x81B0,
    0x7AA6, 0x7AA6, 0x8286, 0x8266, 0x8246, 0x81E6, 0x81C7, 0x81A7, 0x81A7, 0x8188, 0x8188, 0x8189, 0x8189, 0x818A, 0x818A, 0x818B,
    0x818B, 0x818C, 0x818C, 0x81AD, 0x81AD, 0x81AE, 0x81AE, 0x81AF, 0x818F, 0x818F, 0x818F, 0x818F, 0x8190, 0x8190, 0x81B0, 0x81B0,
    0x7AE6, 0x7AC6, 0x82C6, 0x82A6, 0x82A7, 0x8247, 0x81E7, 0x81C7, 0x81A7, 0x81A7, 0x81A8, 0x8188, 0x8189, 0x818A, 0x818A, 0x818B,
    0x818B, 0x81AC, 0x81AD, 0x81AD, 0x81AE, 0x81AE, 0x81AF, 0x81AF, 0x81AF, 0x81AF, 0x818F, 0x8190, 0x8190, 0x81B0, 0x81B0, 0x81B0,
    0x7B06, 0x7B06, 0x8306, 0x82E7, 0x82E7, 0x82A7, 0x8A67, 0x8A07, 0x89C7, 0x81C7, 0x81A8, 0x81A8, 0x81A9, 0x81A9, 0x81AA, 0x81AB,
    0x81AB, 0x89AC, 0x89AD, 0x89AD, 0x89AE, 0x89AE, 0x89AF, 0x81AF, 0x81AF, 0x81AF, 0x81B0, 0x81B0, 0x81B0, 0x81B0, 0x81D0, 0x81D0,
    0x7B26, 0x7B26, 0x8326, 0x8327, 0x8327, 0x8307, 0x8AC7, 0x8A67, 0x8A07, 0x89E7, 0x89C7, 0x89A8, 0x81A8, 0x81A9, 0x89AA, 0x89AA,
    0x89AB, 0x89AC, 0x89AD, 0x89AD, 0x89CE, 0x89CF, 0x89CF, 0x89AF, 0x81AF, 0x81B0, 0x81B0, 0x81B0, 0x81B0, 0x81D0, 0x81D0, 0x81D0,
    0x7B46, 0x7B66, 0x8367, 0x8367, 0x8367, 0x8347, 0x8B27, 0x8AE7, 0x8A87, 0x8A27, 0x89E7, 0x89C8, 0x89A8, 0x89A9, 0x89A9, 0x89AA,
    0x89AB, 0x89AC, 0x89AC, 0x89CD, 0x89CE, 0x89CF, 0x89CF, 0x89CF, 0x81B0, 0x81B0, 0x81B0, 0x81B0, 0x81D0, 0x81D0, 0x81F0, 0x81F0,
    0x7B66, 0x7B87, 0x8387, 0x8387, 0x8387, 0x8B87, 0x8B88, 0x8B48, 0x8B07, 0x8A87, 0x8A27, 0x89E7, 0x89C8, 0x89C8, 0x89A9, 0x89AA,
    0x89AA, 0x89CB, 0x89CC, 0x89CD, 0x89CE, 0x89CF, 0x89CF, 0x89D0, 0x81D0, 0x81D0, 0x81D0, 0x81D0, 0x81D0, 0x81F0, 0x81F0, 0x8211,
    0x7B86, 0x7BA7, 0x83A7, 0x83A7, 0x83C8, 0x8BC8, 0x8BC8, 0x8BA8, 0x8B68, 0x8B08, 0x8AA7, 0x8A47, 0x89E8, 0x89C8, 0x89C9, 0x89C9,
    0x89CA, 0x89CB, 0x89CC, 0x89CD, 0x89CE, 0x89CF, 0x89CF, 0x89D0, 0x81D0, 0x81D0, 0x81D0, 0x81D0, 0x81F0, 0x81F0, 0x8211, 0x8231,
    0x7BA7, 0x7BA7, 0x83C7, 0x83C7, 0x83E8, 0x8BE8, 0x8BE8, 0x8BE8, 0x8BC8, 0x8B68, 0x8B28, 0x8AA7, 0x8A48, 0x8A08, 0x89E9, 0x89E9,
    0x89CA, 0x89EB, 0x89EC, 0x89ED, 0x89EE, 0x89EF, 0x89EF, 0x81F0, 0x81D0, 0x81D0, 0x81F0, 0x81F0, 0x8210, 0x8211, 0x8231, 0x8271,
    0x7BA7, 0x7BC7, 0x7BC7, 0x83E7, 0x83E8, 0x83E8, 0x8C08, 0x8C08, 0x8BE9, 0x8BC8, 0x8B88, 0x8B08, 0x8AA8, 0x8A68, 0x8A29, 0x8A09,
    0x8A0A, 0x8A0B, 0x8A0C, 0x8A0D, 0x8A2E, 0x8A2F, 0x8A10, 0x81F0, 0x81F0, 0x81F0, 0x81F0, 0x8210, 0x8231, 0x8231, 0x8271, 0x8291,
    0x73C7, 0x7BC7, 0x7BE7, 0x83E7, 0x83E8, 0x8408, 0x8C08, 0x8C08, 0x8C09, 0x8BE8, 0x8BC8, 0x8B68, 0x8B28, 0x8AC8, 0x8A89, 0x8A6A,
    0x8A4B, 0x8A4C, 0x8A6D, 0x8A6E, 0x8A6F, 0x8A6F, 0x8A50, 0x8230, 0x8210, 0x8210, 0x8210, 0x8231, 0x8251, 0x8271, 0x8291, 0x82B1,
    0x73C7, 0x7BE7, 0x7BE7, 0x7BE7, 0x83E8, 0x8408, 0x8408, 0x8C08, 0x8C08, 0x8BE8, 0x8BE8, 0x8BA8, 0x8B88, 0x8B49, 0x8B09, 0x8ACA,
    0x8ACB, 0x8AAC, 0x8AAD, 0x8ACE, 0x8ACF, 0x8AD0, 0x8A90, 0x8250, 0x8230, 0x8230, 0x8231, 0x8251, 0x8271, 0x8291, 0x82B1, 0x82D1,
    0x73E7, 0x73E7, 0x7BE7, 0x7BE7, 0x7C07, 0x8408, 0x8408, 0x8408, 0x8C08, 0x8C08, 0x8BE8, 0x8BC8, 0x8BA9, 0x8B89, 0x8B6A, 0x8B4B,
    0x8B2C, 0x8B2D, 0x8B2E, 0x8B2F, 0x8B2F, 0x8B30, 0x8AF0, 0x82B0, 0x8271, 0x8251, 0x8251, 0x8251, 0x8271, 0x82B1, 0x82D1, 0x8AF1,
    0x73E7, 0x73E7, 0x7407, 0x7C07, 0x7C08, 0x7C08, 0x8408, 0x8428, 0x8429, 0x8409, 0x8C09, 0x8BE9, 0x8BE9, 0x8BCA, 0x8BCA, 0x8BAB,
    0x8BAC, 0x8B8D, 0x8B8E, 0x8B8F, 0x8B90, 0x8B90, 0x8B51, 0x82F1, 0x82B1, 0x8271, 0x8271, 0x8271, 0x8291, 0x82B1, 0x82F1, 0x8B12,
    0x73E7, 0x7407, 0x7407, 0x7408, 0x7C08, 0x7C28, 0x8429, 0x8429, 0x8429, 0x8C29, 0x8C2A, 0x8C2A, 0x8C0A, 0x8C0A, 0x8C0B, 0x8C0C,
    0x8BED, 0x8BEE, 0x8BEF, 0x8BEF, 0x8BD0, 0x8BD1, 0x8B91, 0x8B51, 0x82F1, 0x82B1, 0x8291, 0x7A91, 0x82B1, 0x82D1, 0x82F1, 0x8B32,
    0x6C07, 0x7408, 0x7408, 0x7428, 0x7C28, 0x7C49, 0x8449, 0x846A, 0x8C6A, 0x8C6B, 0x8C6B, 0x8C4B, 0x8C4B, 0x8C4C, 0x8C4C, 0x8C4D,
    0x8C2E, 0x8C2E, 0x8C2F, 0x8C10, 0x8C10, 0x8C11, 0x8BF1, 0x8BB1, 0x8351, 0x82D1, 0x7AB1, 0x7A91, 0x82B1, 0x82D1, 0x8312, 0x8B52,
    0x6C08, 0x6C28, 0x7428, 0x7449, 0x7C49, 0x7C6A, 0x846B, 0x8C8B, 0x8C8C, 0x8C8C, 0x8C8C, 0x8C8D, 0x8C8D, 0x8C8D, 0x8C8E, 0x8C6E,
    0x8C6F, 0x8C6F, 0x8C70, 0x8C50, 0x8C50, 0x8C51, 0x8C31, 0x8BF1, 0x8391, 0x8311, 0x7AD1, 0x7AB1, 0x82B1, 0x82F2, 0x8B32, 0x8B72,
    0x6C28, 0x6C29, 0x7449, 0x744A, 0x7C6B, 0x848B, 0x848C, 0x8CAD, 0x8CAD, 0x8CAE, 0x94AE, 0x8CAE, 0x8CAF, 0x8CAF, 0x94B0, 0x94B0,
    0x94B0, 0x8C90, 0x8C90, 0x8C90, 0x8C71, 0x8C71, 0x8C51, 0x8C32, 0x83F2, 0x8372, 0x7B12, 0x7AB1, 0x7AD1, 0x82F2, 0x8B52, 0x8BB2,
    0x6C49, 0x6C49, 0x746A, 0x7C6B, 0x7C8B, 0x848C, 0x8CAD, 0x8CAD, 0x8CCE, 0x94CF, 0x94CF, 0x94CF, 0x94D0, 0x94D0, 0x94D1, 0x94D1,
    0x94D1, 0x8CB1, 0x8CB1, 0x8CB1, 0x8C91, 0x8C91, 0x8C91, 0x8C72, 0x8432, 0x83D2, 0x8372, 0x7B12, 0x8332, 0x8352, 0x8B92, 0x8BD2,
    0x6C4A, 0x6C6A, 0x746B, 0x7C8C, 0x848C, 0x84AD, 0x8CAE, 0x8CCE, 0x8CCF, 0x94CF, 0x94D0, 0x94F0, 0x94F0, 0x94F1, 0x94F1, 0x94F1,
    0x8CD1, 0x8CD1, 0x8CD1, 0x8CD1, 0x8CB1, 0x8CB1, 0x8CB1, 0x8CB2, 0x8472, 0x8452, 0x83F2, 0x83B2, 0x8392, 0x8392, 0x8BD2, 0x8C13,
    0x6C6B, 0x746B, 0x748C, 0x7CAD, 0x84AD, 0x84AE, 0x8CCE, 0x8CCF, 0x8CCF, 0x8CD0, 0x94F0, 0x94F1, 0x94F1, 0x8CF1, 0x8CF1, 0x8CF1,
    0x8CF2, 0x8CF1, 0x8CD1, 0x8CD1, 0x8CD1, 0x8CD1, 0x8CD1, 0x8CB2, 0x8CB2, 0x8492, 0x8452, 0x8412, 0x8413, 0x8BF3, 0x8C33, 0x8C53,
    0x6C8B, 0x748C, 0x7CAD, 0x84AD, 0x84CE, 0x8CCF, 0x8CCF, 0x8CD0, 0x8CF0, 0x8CF0, 0x8CF1, 0x8CF1, 0x8CF1, 0x8CF1, 0x8CF2, 0x8CF2,
    0x8CF2, 0x8CF2, 0x8CF2, 0x8CF2, 0x8CD2, 0x8CD2, 0x8CD2, 0x8CD2, 0x8CD2, 0x84D2, 0x84B3, 0x8493, 0x8473, 0x8C53, 0x8C73, 0x8C73,
    0x748C, 0x74AD, 0x7CAD, 0x84CE, 0x8CCF, 0x8CCF, 0x8CD0, 0x8CF0, 0x8CF0, 0x8CF1, 0x8CF1, 0x8CF1, 0x8CF1, 0x8CF2, 0x8CF2, 0x8CF2,
    0x8CF2, 0x8CF2, 0x8CF2, 0x8CF2, 0x8CF2, 0x8CF2, 0x8CF2, 0x8CF2, 0x8CF2, 0x8CF2, 0x84D3, 0x84B3, 0x84B3, 0x8C93, 0x8C93, 0x8C93,
    0x74AD, 0x7CAE, 0x84CE, 0x84CF, 0x8CCF, 0x8CD0, 0x8CF0, 0x8CF1, 0x8CF1, 0x8CF1, 0x8CF1, 0x8CF2, 0x8CF2, 0x8CF2, 0x8CF2, 0x8CF2,
    0x8CF2, 0x8CF2, 0x8CF2, 0x8CF2, 0x8CF2, 0x8CF2, 0x8CF2, 0x8CF2, 0x8CF2, 0x8CF3, 0x8CF3, 0x84F3, 0x8CD3, 0x8CD3, 0x8CD3, 0x8CB3,
    0x7CAE, 0x84CE, 0x84CF, 0x8CCF, 0x8CD0, 0x8CF0, 0x8CF1, 0x8CF1, 0x8CF1, 0x8CF1, 0x8CF2, 0x8CF2, 0x8CF2, 0x8CF2, 0x8CF2, 0x8CF2,
    0x8CF2, 0x8CF2, 0x8CF2, 0x8CF2, 0x8CF2, 0x8CF2, 0x8CF2, 0x8CF2, 0x8CF2, 0x8CF3, 0x8CF3, 0x8CF3, 0x8CF3, 0x8CF3, 0x8CD3, 0x8CD3,
    0x84CF, 0x84CF, 0x8CCF, 0x8CF0, 0x8CF0, 0x8CF1, 0x8CF1, 0x8CF1, 0x8CF1, 0x8CF2, 0x8CF2, 0x8CF2, 0x8CF2, 0x8CF2, 0x8CF2, 0x8CF2,
    0x8CF2, 0x8CF2, 0x8CF2, 0x8CF2, 0x8CF2, 0x8CF2, 0x8CF2, 0x8CF2, 0x8CF2, 0x8CF3, 0x8CF3, 0x8CF3, 0x8CF3, 0x8CF3, 0x8CF3, 0x8CF3,
    0x84CF, 0x8CCF, 0x8CF0, 0x8CF0, 0x8CF1, 0x8CF1, 0x8CF1, 0x8CF1, 0x8CF2, 0x8CF2, 0x8CF2, 0x8CF2, 0x8CF2, 0x8CF2, 0x8CF2, 0x94F2,
    0x94F2, 0x94F2, 0x94F2, 0x94F2, 0x94F2, 0x94F2, 0x94F2, 0x94F2, 0x94F3, 0x9513, 0x9513, 0x9513, 0x8D13, 0x8D13, 0x8CF3, 0x8CF3,
    0x8CD0, 0x8CF0, 0x8CF0, 0x8CF1, 0x8CF1, 0x8CF1, 0x8CF1, 0x8CF2, 0x8CF2, 0x8CF2, 0x8CF2, 0x8CF2, 0x8CF2, 0x94F2, 0x94F2, 0x94F2,
    0x94F2, 0x94F2, 0x94F2, 0x94F2, 0x94F2, 0x94F2, 0x9512, 0x9512, 0x9513, 0x9513, 0x9513, 0x9513, 0x9513, 0x9513, 0x9513, 0x9513,
    0x7986, 0x7986, 0x7986, 0x7966, 0x7966, 0x7967, 0x7967, 0x7968, 0x7968, 0x7969, 0x7969, 0x7969, 0x796A, 0x796A, 0x796A, 0x796B,
    0x796B, 0x796B, 0x796B, 0x796C, 0x796C, 0x796C, 0x796C, 0x796D, 0x796D, 0x796E, 0x796E, 0x816E, 0x818F, 0x818F, 0x818F, 0x818F,
    0x79E6, 0x79C6, 0x79A6, 0x7986, 0x7986, 0x7987, 0x7967, 0x7967, 0x7968, 0x7968, 0x7969, 0x7969, 0x796A, 0x796A, 0x796A, 0x796B,
    0x796B, 0x796B, 0x796C, 0x796C, 0x796C, 0x796C, 0x796D, 0x796D, 0x818E, 0x818E, 0x818E, 0x818F, 0x818F, 0x818F, 0x818F, 0x8190,
    0x7A26, 0x79E6, 0x81C6, 0x81A6, 0x8186, 0x8186, 0x7987, 0x7987, 0x7988, 0x7988, 0x7989, 0x7969, 0x796A, 0x796A, 0x796A, 0x796B,
    0x818B, 0x818B, 0x818C, 0x818C, 0x818C, 0x818D, 0x818D, 0x818E, 0x818E, 0x818E, 0x818F, 0x818F, 0x818F, 0x818F, 0x818F, 0x8190,
    0x7A66, 0x8246, 0x8206, 0x81E6, 0x81A6, 0x81A6, 0x8187, 0x8187, 0x8187, 0x8188, 0x8189, 0x8189, 0x818A, 0x818A, 0x818A, 0x818B,
    0x818B, 0x818C, 0x818C, 0x818C, 0x818D, 0x818D, 0x818E, 0x818E, 0x818E, 0x818F, 0x818F, 0x818F, 0x818F, 0x818F, 0x8190, 0x8190,
    0x7A86, 0x8286, 0x8266, 0x8226, 0x81E6, 0x81C7, 0x81A7, 0x81A7, 0x8187, 0x8188, 0x8188, 0x8189, 0x8189, 0x818A, 0x818A, 0x818B,
    0x818B, 0x818C, 0x818C, 0x81AD, 0x81AD, 0x81AD, 0x81AE, 0x81AE, 0x81AF, 0x81AF, 0x81AF, 0x818F, 0x818F, 0x8190, 0x8190, 0x81B0,
    0x7AC6, 0x82A6, 0x82A6, 0x8286, 0x8247, 0x8207, 0x81C7, 0x81A7, 0x81A7, 0x81A8, 0x8188, 0x8189, 0x8189, 0x818A, 0x818A, 0x818B,
    0x818B, 0x81AC, 0x81AC, 0x81AD, 0x81AD, 0x81AE, 0x81AE, 0x81AF, 0x81AF, 0x81AF, 0x81AF, 0x81AF, 0x81B0, 0x81B0, 0x81B0, 0x81B0,
    0x7AE6, 0x82E6, 0x82E6, 0x82C7, 0x82A7, 0x8247, 0x89E7, 0x89C7, 0x81A7, 0x81A7, 0x81A8, 0x81A8, 0x81A9, 0x81A9, 0x81AA, 0x81AA,
    0x81AB, 0x89AC, 0x89AC, 0x89AD, 0x89AD, 0x89AE, 0x89AE, 0x89AF, 0x89AF, 0x81AF, 0x81AF, 0x81B0, 0x81B0, 0x81B0, 0x81B0, 0x81D0,
    0x7B26, 0x8326, 0x8307, 0x8307, 0x82E7, 0x8AA7, 0x8A67, 0x8A27, 0x89C7, 0x89C7, 0x89A8, 0x89A8, 0x81A9, 0x89A9, 0x89AA, 0x89AA,
    0x89AB, 0x89AB, 0x89AC, 0x89AD, 0x89CE, 0x89CE, 0x89CF, 0x89CF, 0x89CF, 0x81AF, 0x81B0, 0x81B0, 0x81B0, 0x81B0, 0x81D0, 0x81D0,
    0x7B46, 0x8347, 0x8347, 0x8347, 0x8347, 0x8B07, 0x8AE7, 0x8A67, 0x8A07, 0x89E7, 0x89C7, 0x89C8, 0x89A8, 0x89A9, 0x89A9, 0x89AA,
    0x89AB, 0x89AB, 0x89AC, 0x89CD, 0x89CE, 0x89CE, 0x89CF, 0x89CF, 0x89CF, 0x81D0, 0x81B0, 0x81B0, 0x81D0, 0x81D0, 0x81F0, 0x81F0,
    0x7B66, 0x8367, 0x8367, 0x8367, 0x8B67, 0x8B67, 0x8B47, 0x8AE7, 0x8A87, 0x8A27, 0x89E7, 0x89C8, 0x89C8, 0x89A8, 0x89A9, 0x89A9,
    0x89AA, 0x89CB, 0x89CC, 0x89CD, 0x89CE, 0x89CE, 0x89CF, 0x89CF, 0x89D0, 0x81D0, 0x81D0, 0x81D0, 0x81D0, 0x81F0, 0x81F0, 0x8210,
    0x7B87, 0x8387, 0x83A7, 0x83A7, 0x8BA8, 0x8BA8, 0x8B88, 0x8B48, 0x8B08, 0x8A87, 0x8A27, 0x89E7, 0x89C8, 0x89C8, 0x89C9, 0x89C9,
    0x89CA, 0x89CB, 0x89CC, 0x89CD, 0x89CE, 0x89CF, 0x89CF, 0x89CF, 0x89D0, 0x81D0, 0x81D0, 0x81D0, 0x81F0, 0x81F0, 0x8210, 0x8231,
    0x7BA7, 0x83A7, 0x83C7, 0x83C8, 0x8BC8, 0x8BC8, 0x8BC8, 0x8BA8, 0x8B68, 0x8B08, 0x8AA8, 0x8A47, 0x89E8, 0x89E8, 0x89C8, 0x89C9,
    0x89CA, 0x89CA, 0x89CB, 0x89CD, 0x89CD, 0x89EE, 0x89EF, 0x89F0, 0x89F0, 0x89F0, 0x81F0, 0x81F0, 0x8210, 0x8210, 0x8231, 0x8271,
    0x7BA7, 0x83C7, 0x83C7, 0x83E8, 0x8BE8, 0x8BE8, 0x8BE8, 0x8BE8, 0x8BC8, 0x8B68, 0x8B28, 0x8AA8, 0x8A48, 0x8A08, 0x89E8, 0x89C9,
    0x89CA, 0x89EA, 0x89EB, 0x89EC, 0x89ED, 0x8A0E, 0x8A0F, 0x89F0, 0x89F0, 0x89F0, 0x8210, 0x8210, 0x8230, 0x8231, 0x8271, 0x8A91,
    0x7BC7, 0x7BC7, 0x83E7, 0x83E8, 0x8408, 0x8C08, 0x8C09, 0x8C09, 0x8BE9, 0x8BC8, 0x8B68, 0x8B08, 0x8AA8, 0x8A48, 0x8A08, 0x8A09,
    0x89EA, 0x89EB, 0x8A0C, 0x8A0D, 0x8A0E, 0x8A2F, 0x8A2F, 0x8A30, 0x8A10, 0x8A10, 0x8230, 0x8230, 0x8251, 0x8271, 0x8A91, 0x8AB1,
    0x7BC7, 0x7BE7, 0x83E7, 0x83E8, 0x8408, 0x8C08, 0x8C09, 0x8C09, 0x8C09, 0x8BE9, 0x8BA8, 0x8B68, 0x8B08, 0x8AA8, 0x8A68, 0x8A49,
    0x8A2A, 0x8A2B, 0x8A2C, 0x8A4D, 0x8A4E, 0x8A6F, 0x8A70, 0x8A50, 0x8A50, 0x8A30, 0x8A50, 0x8251, 0x8271, 0x8291, 0x8AB1, 0x8AF1,
    0x7BE7, 0x7BE7, 0x7BE7, 0x83E8, 0x8408, 0x8408, 0x8C08, 0x8C09, 0x8C09, 0x8BE9, 0x8BC8, 0x8BA8, 0x8B68, 0x8B28, 0x8AE9, 0x8AA9,
    0x8A8A, 0x8A8B, 0x8A8C, 0x8A8D, 0x8AAE, 0x8AAF, 0x8AB0, 0x8A90, 0x8A70, 0x8A71, 0x8A71, 0x8271, 0x8A91, 0x8AB1, 0x8AF1, 0x8B11,
    0x73E7, 0x7BE7, 0x7BE7, 0x7BE7, 0x8408, 0x8408, 0x8408, 0x8C08, 0x8C09, 0x8C09, 0x8BE8, 0x8BC8, 0x8BA8, 0x8B89, 0x8B49, 0x8B0A,
    0x8AEB, 0x8AEC, 0x8AED, 0x8AEE, 0x8AEF, 0x8B10, 0x8AF0, 0x8AD1, 0x8AB1, 0x8A91, 0x8A91, 0x8291, 0x8AB1, 0x8AD1, 0x8B11, 0x8B32,
    0x73E7, 0x73E7, 0x7BE7, 0x7C07, 0x7C08, 0x8408, 0x8408, 0x8408, 0x8C09, 0x8C09, 0x8BE9, 0x8BE8, 0x8BC9, 0x8BC9, 0x8BAA, 0x8B8A,
    0x8B6B, 0x8B6C, 0x8B4D, 0x8B4E, 0x8B4F, 0x8B70, 0x8B50, 0x8B31, 0x8AF1, 0x8AB1, 0x8AB1, 0x82B1, 0x8AD1, 0x8AF1, 0x8B32, 0x8B52,
    0x7407, 0x7407, 0x7407, 0x7C08, 0x7C08, 0x8428, 0x8429, 0x8429, 0x8C29, 0x8C29, 0x8C09, 0x8C09, 0x8C09, 0x8BEA, 0x8BEA, 0x8BEB,
    0x8BCC, 0x8BCD, 0x8BAE, 0x8BAF, 0x8BB0, 0x8BB0, 0x8B91, 0x8B71, 0x8B31, 0x8AF1, 0x82D1, 0x82D1, 0x8AF1, 0x8B11, 0x8B32, 0x8B72,
    0x7407, 0x7407, 0x7408, 0x7C28, 0x7C28, 0x8429, 0x8449, 0x844A, 0x8C4A, 0x8C4A, 0x8C4A, 0x8C2A, 0x8C2A, 0x8C2B, 0x8C2B, 0x8C2C,
    0x8C0D, 0x8C0D, 0x8C0E, 0x8C0F, 0x8BF0, 0x8C11, 0x8BF1, 0x8BD1, 0x8B91, 0x8B31, 0x82F1, 0x82F1, 0x82F1, 0x8B12, 0x8B52, 0x8B92,
    0x6C08, 0x7428, 0x7428, 0x7C29, 0x7C49, 0x844A, 0x846A, 0x8C6B, 0x8C8B, 0x8C6B, 0x8C6C, 0x8C6C, 0x8C6C, 0x8C6C, 0x8C6D, 0x8C6D,
    0x944E, 0x944E, 0x944F, 0x8C4F, 0x8C30, 0x8C31, 0x8C31, 0x8C11, 0x8BD2, 0x8B72, 0x8331, 0x82F1, 0x8312, 0x8B32, 0x8B72, 0x8BB2,
    0x6C28, 0x7428, 0x7449, 0x7C4A, 0x846A, 0x846B, 0x8C8C, 0x8C8C, 0x8CAD, 0x94AD, 0x94AD, 0x94AD, 0x94AE, 0x94AE, 0x94AE, 0x948F,
    0x948F, 0x948F, 0x9490, 0x9470, 0x8C70, 0x8C71, 0x8C51, 0x8C52, 0x8C12, 0x8BB2, 0x8352, 0x82F2, 0x8312, 0x8B32, 0x8B92, 0x8BD2,
    0x6C29, 0x7449, 0x744A, 0x7C6A, 0x848B, 0x848C, 0x8CAD, 0x8CAD, 0x94AE, 0x94CE, 0x94CE, 0x94CF, 0x94CF, 0x94CF, 0x94D0, 0x94D0,
    0x94D0, 0x94B0, 0x94B0, 0x9490, 0x8C91, 0x8C91, 0x8C91, 0x8C72, 0x8C52, 0x8C12, 0x83B2, 0x8352, 0x8352, 0x8B72, 0x8BB2, 0x8BF2,
    0x6C49, 0x746A, 0x7C6B, 0x7C8B, 0x848C, 0x8CAD, 0x8CAD, 0x8CCE, 0x94CF, 0x94CF, 0x94CF, 0x94D0, 0x94D0, 0x94F0, 0x94F1, 0x94F1,
    0x94D1, 0x94D1, 0x94D1, 0x94D1, 0x8CB1, 0x8CB1, 0x8CB1, 0x8CB2, 0x8C92, 0x8C72, 0x8C12, 0x83B2, 0x8BB2, 0x8BB2, 0x8BF2, 0x9433,
    0x6C6A, 0x746B, 0x7C8C, 0x848C, 0x84AD, 0x8CAE, 0x8CCE, 0x8CCF, 0x94CF, 0x94D0, 0x94F0, 0x94F0, 0x94F1, 0x94F1, 0x94F1, 0x94F1,
    0x94F2, 0x94F2, 0x94F1, 0x94D1, 0x8CD1, 0x8CD1, 0x8CD1, 0x8CB2, 0x8CB2, 0x8C92, 0x8C52, 0x8412, 0x8C13, 0x8BF3, 0x8C33, 0x9453,
    0x746B, 0x748C, 0x7CAC, 0x84AD, 0x8CAE, 0x8CCE, 0x8CCF, 0x8CCF, 0x94D0, 0x94F0, 0x94F1, 0x94F1, 0x94F1, 0x94F1, 0x94F2, 0x94F2,
    0x94F2, 0x94F2, 0x94F2, 0x94F2, 0x8CF2, 0x8CD2, 0x8CD2, 0x8CD2, 0x8CD2, 0x8CD2, 0x8CB3, 0x8C93, 0x8C73, 0x8C53, 0x8C73, 0x9493,
    0x748C, 0x7CAD, 0x84AD, 0x84CE, 0x8CCE, 0x8CCF, 0x8CCF, 0x8CF0, 0x94F0, 0x94F1, 0x94F1, 0x94F1, 0x94F1, 0x94F2, 0x94F2, 0x94F2,
    0x94F2, 0x94F2, 0x94F2, 0x94F2, 0x8CF2, 0x8CF2, 0x8CF2, 0x8CF2, 0x8CF2, 0x8CF2, 0x8CD3, 0x8CB3, 0x8CB3, 0x8C93, 0x8C93, 0x94B3,
    0x7CAD, 0x7CAD, 0x84CE, 0x8CCF, 0x8CCF, 0x8CD0, 0x8CF0, 0x8CF0, 0x8CF1, 0x8CF1, 0x8CF1, 0x94F2, 0x94F2, 0x94F2, 0x94F2, 0x94F2,
    0x94F2, 0x94F2, 0x94F2, 0x94F2, 0x8CF2, 0x8CF2, 0x8CF2, 0x8CF2, 0x8CF2, 0x8CF3, 0x8CF3, 0x8CF3, 0x8CD3, 0x8CD3, 0x8CD3, 0x94D3,
    0x7CAD, 0x84CE, 0x8CCF, 0x8CCF, 0x8CD0, 0x8CF0, 0x8CF0, 0x8CF1, 0x8CF1, 0x8CF1, 0x8CF2, 0x8CF2, 0x94F2, 0x94F2, 0x94F2, 0x94F2,
    0x94F2, 0x94F2, 0x94F2, 0x94F2, 0x94F2, 0x8CF2, 0x8CF2, 0x8CF2, 0x8CF2, 0x8CF3, 0x8CF3, 0x8CF3, 0x8CF3, 0x8CF3, 0x8CF3, 0x94D3,
    0x84CE, 0x8CCF, 0x8CCF, 0x8CD0, 0x8CF0, 0x8CF1, 0x8CF1, 0x8CF1, 0x8CF1, 0x8CF2, 0x8CF2, 0x8CF2, 0x94F2, 0x94F2, 0x94F2, 0x94F2,
    0x94F2, 0x94F2, 0x94F2, 0x94F2, 0x94F2, 0x94F2, 0x94F2, 0x94F2, 0x94F2, 0x94F3, 0x9513, 0x9513, 0x8D13, 0x8D13, 0x8CF3, 0x94F3,
    0x8CCF, 0x8CCF, 0x8CF0, 0x8CF0, 0x8CF1, 0x8CF1, 0x8CF1, 0x8CF1, 0x8CF2, 0x8CF2, 0x8CF2, 0x94F2, 0x94F2, 0x94F2, 0x94F2, 0x94F2,
    0x94F2, 0x94F2, 0x94F2, 0x94F2, 0x94F2, 0x94F2, 0x94F2, 0x9512, 0x9513, 0x9513, 0x9513, 0x9513, 0x9513, 0x9513, 0x9513, 0x94F3,
    0x8CCF, 0x8CF0, 0x8CF0, 0x8CF1, 0x8CF1, 0x8CF1, 0x8CF1, 0x8CF2, 0x8CF2, 0x8CF2, 0x8CF2, 0x94F2, 0x94F2, 0x94F2, 0x94F2, 0x94F2,
    0x94F2, 0x94F2, 0x94F2, 0x94F2, 0x9512, 0x9512, 0x9512, 0x9512, 0x9513, 0x9513, 0x9513, 0x9513, 0x9513, 0x9513, 0x9513, 0x9513,
    0x81A6, 0x7986, 0x7986, 0x7986, 0x7986, 0x7967, 0x7967, 0x7968, 0x7968, 0x7969, 0x7969, 0x7969, 0x796A, 0x796A, 0x796A, 0x796B,
    0x796B, 0x796B, 0x796B, 0x796C, 0x796C, 0x798C, 0x798D, 0x796D, 0x796D, 0x816E, 0x818E, 0x818E, 0x818F, 0x818F, 0x818F, 0x818F,
    0x81E6, 0x81C6, 0x81A6, 0x81A6, 0x8186, 0x8187, 0x7987, 0x7987, 0x7988, 0x7988, 0x7969, 0x7969, 0x796A, 0x796A, 0x796A, 0x796B,
    0x816B, 0x818B, 0x818C, 0x818C, 0x818C, 0x818D, 0x818D, 0x818D, 0x818E, 0x818E, 0x818E, 0x818F, 0x818F, 0x818F, 0x818F, 0x8190,
    0x8246, 0x8206, 0x81C6, 0x81A6, 0x81A6, 0x8187, 0x8187, 0x8187, 0x8188, 0x8188, 0x8189, 0x8189, 0x818A, 0x818A, 0x818A, 0x818B,
    0x818B, 0x818B, 0x818C, 0x818C, 0x818D, 0x818D, 0x818D, 0x818E, 0x818E, 0x818E, 0x818F, 0x81AF, 0x81AF, 0x81AF, 0x818F, 0x8190,
    0x8266, 0x8246, 0x8226, 0x81E6, 0x81C6, 0x81A7, 0x81A7, 0x8187, 0x8187, 0x8188, 0x8188, 0x8189, 0x818A, 0x818A, 0x818A, 0x818B,
    0x818B, 0x818C, 0x818C, 0x818C, 0x81AD, 0x81AD, 0x81AE, 0x81AE, 0x81AE, 0x81AF, 0x81AF, 0x81AF, 0x81AF, 0x81AF, 0x81B0, 0x81B0,
    0x82A6, 0x8286, 0x8287, 0x8227, 0x81E7, 0x81C7, 0x81A7, 0x81A7, 0x81A7, 0x8188, 0x8188, 0x8189, 0x8189, 0x818A, 0x818A, 0x818B,
    0x818B, 0x81AC, 0x81AC, 0x81AD, 0x81AD, 0x81AD, 0x81AE, 0x89AE, 0x89AF, 0x89AF, 0x81AF, 0x81AF, 0x81AF, 0x81B0, 0x81B0, 0x81B0,
    0x82C6, 0x82C6, 0x82C7, 0x8287, 0x8A47, 0x8A07, 0x89C7, 0x81C7, 0x81A7, 0x81A8, 0x81A8, 0x81A9, 0x81A9, 0x81AA, 0x81AA, 0x81AA,
    0x81AB, 0x89AB, 0x89AC, 0x89AD, 0x89AD, 0x89AE, 0x89AE, 0x89AF, 0x89AF, 0x89AF, 0x89AF, 0x81AF, 0x81B0, 0x81B0, 0x81B0, 0x81B0,
    0x8306, 0x8307, 0x8307, 0x82C7, 0x8AA7, 0x8A47, 0x8A07, 0x89E7, 0x89C7, 0x89A7, 0x89A8, 0x89A8, 0x89A9, 0x89A9, 0x89AA, 0x89AA,
    0x89AB, 0x89AB, 0x89AC, 0x89AD, 0x89AD, 0x89CE, 0x89CE, 0x89CF, 0x89CF, 0x89CF, 0x89CF, 0x81B0, 0x81B0, 0x81B0, 0x81D0, 0x81D0,
    0x8326, 0x8327, 0x8327, 0x8327, 0x8B07, 0x8AC7, 0x8A67, 0x8A27, 0x89E7, 0x89C7, 0x89C8, 0x89A8, 0x89A8, 0x89A9, 0x89A9, 0x89AA,
    0x89AA, 0x89AB, 0x89AC, 0x89CD, 0x89CD, 0x89CE, 0x89CE, 0x89CF, 0x89CF, 0x89CF, 0x89D0, 0x81D0, 0x81D0, 0x81D0, 0x81D0, 0x81F0,
    0x8347, 0x8367, 0x8367, 0x8B47, 0x8B47, 0x8B27, 0x8AE7, 0x8A67, 0x8A07, 0x89E7, 0x89C7, 0x89C8, 0x89C8, 0x89A9, 0x89A9, 0x89A9,
    0x89CA, 0x89CB, 0x89CC, 0x89CD, 0x89CD, 0x89CE, 0x89CF, 0x89CF, 0x89CF, 0x89D0, 0x89D0, 0x81D0, 0x81D0, 0x81D0, 0x81F0, 0x8210,
    0x8387, 0x8387, 0x8387, 0x8B87, 0x8B88, 0x8B68, 0x8B48, 0x8AE8, 0x8A87, 0x8A47, 0x89E7, 0x89E8, 0x89C8, 0x89C8, 0x89C9, 0x89C9,
    0x89CA, 0x89CA, 0x89CB, 0x89CC, 0x89CD, 0x89CE, 0x89CF, 0x89EF, 0x89F0, 0x89F0, 0x89F0, 0x89F0, 0x81F0, 0x81F0, 0x8210, 0x8230,
    0x8387, 0x83A7, 0x83A7, 0x8BA8, 0x8BA8, 0x8BA8, 0x8B88, 0x8B48, 0x8B08, 0x8A88, 0x8A27, 0x8A08, 0x89E8, 0x89C8, 0x89C8, 0x89C9,
    0x89C9, 0x89CA, 0x89CB, 0x89CC, 0x89CD, 0x89CE, 0x89EF, 0x89EF, 0x89F0, 0x89F0, 0x89F0, 0x89F0, 0x8A10, 0x8210, 0x8A30, 0x8A51,
    0x83A7, 0x83C7, 0x83C8, 0x8BC8, 0x8BE8, 0x8BE8, 0x8BC8, 0x8BA8, 0x8B68, 0x8B08, 0x8AA8, 0x8A48, 0x89E8, 0x89E8, 0x89C8, 0x89C9,
    0x89C9, 0x89CA, 0x89CB, 0x89CC, 0x89ED, 0x89EE, 0x89EF, 0x8A0F, 0x8A10, 0x8A10, 0x8A10, 0x8A10, 0x8A30, 0x8A30, 0x8A71, 0x8A91,
    0x83C7, 0x83C7, 0x83E8, 0x8BE8, 0x8C08, 0x8C09, 0x8C09, 0x8BE9, 0x8BC8, 0x8B68, 0x8B08, 0x8AA8, 0x8A28, 0x8A08, 0x89E8, 0x89E8,
    0x89C9, 0x89EA, 0x89EA, 0x89EC, 0x89ED, 0x89EE, 0x8A0F, 0x8A10, 0x8A30, 0x8A30, 0x8A30, 0x8A30, 0x8A50, 0x8A71, 0x8A91, 0x8AB1,
    0x7BC7, 0x83E7, 0x83E8, 0x8C08, 0x8C08, 0x8C09, 0x8C09, 0x8C09, 0x8BE9, 0x8BA9, 0x8B68, 0x8B08, 0x8AA8, 0x8A48, 0x8A08, 0x89E8,
    0x89E9, 0x89EA, 0x89EB, 0x89EC, 0x8A0D, 0x8A0E, 0x8A2F, 0x8A50, 0x8A50, 0x8A50, 0x8A50, 0x8A51, 0x8A71, 0x8A91, 0x8AB1, 0x8AF1,
    0x7BE7, 0x83E7, 0x83E8, 0x8408, 0x8C08, 0x8C29, 0x8C29, 0x8C29, 0x8C09, 0x8BE9, 0x8BA8, 0x8B68, 0x8B08, 0x8AA8, 0x8A48, 0x8A28,
    0x8A09, 0x8A0A, 0x8A0B, 0x8A2C, 0x8A2D, 0x8A4E, 0x8A6F, 0x8A90, 0x8A70, 0x8A70, 0x8A71, 0x8A91, 0x8AB1, 0x8AB1, 0x8AF1, 0x8B11,
    0x7BE7, 0x7BE7, 0x83E8, 0x8408, 0x8408, 0x8C08, 0x8C29, 0x8C09, 0x8C09, 0x8BE9, 0x8BC9, 0x8BA8, 0x8B68, 0x8B08, 0x8AC8, 0x8A89,
    0x8A69, 0x8A4A, 0x8A4B, 0x8A6C, 0x8A6D, 0x8A8E, 0x8AAF, 0x8AD0, 0x8AB1, 0x8A91, 0x8AB1, 0x8AB1, 0x8AD1, 0x8AF1, 0x8B11, 0x8B52,
    0x7BE7, 0x7BE7, 0x7BE7, 0x8408, 0x8408, 0x8408, 0x8C09, 0x8C09, 0x8C09, 0x8C09, 0x8BE9, 0x8BC8, 0x8BA8, 0x8B68, 0x8B29, 0x8AE9,
    0x8AAA, 0x8AAA, 0x8AAC, 0x8AAD, 0x8AAE, 0x8ACF, 0x8AF0, 0x8B11, 0x8AF1, 0x8AD1, 0x8AD1, 0x8AD1, 0x8AF1, 0x8B11, 0x8B32, 0x8B72,
    0x7BE7, 0x7BE7, 0x7BE7, 0x7C08, 0x8408, 0x8408, 0x8C08, 0x8C09, 0x8C09, 0x8C09, 0x8BE8, 0x8BC8, 0x8BC8, 0x8BA9, 0x8B89, 0x8B69,
    0x8B4A, 0x8B2B, 0x8B0C, 0x8B0D, 0x8B2E, 0x8B2F, 0x8B50, 0x8B51, 0x8B31, 0x8B11, 0x8AF1, 0x8AF1, 0x8B11, 0x8B31, 0x8B72, 0x8B92,
    0x7407, 0x7C07, 0x7C07, 0x7C08, 0x8408, 0x8428, 0x8429, 0x8C29, 0x8C29, 0x8C09, 0x8C09, 0x8BE9, 0x8BE9, 0x8BC9, 0x8BC9, 0x8BAA,
    0x8BAB, 0x8B8C, 0x938D, 0x936E, 0x936F, 0x9390, 0x9390, 0x9391, 0x8B71, 0x8B31, 0x8B31, 0x8B31, 0x8B32, 0x8B52, 0x8B72, 0x8BB2,
    0x7407, 0x7407, 0x7C08, 0x7C08, 0x7C28, 0x8429, 0x8449, 0x8C49, 0x8C4A, 0x8C2A, 0x8C2A, 0x8C09, 0x8C09, 0x8C0A, 0x8C0A, 0x8BEB,
    0x8BEB, 0x93EC, 0x93ED, 0x93CE, 0x93CF, 0x93F0, 0x93F1, 0x93F1, 0x8BB1, 0x8B71, 0x8B51, 0x8B32, 0x8B52, 0x8B72, 0x8B92, 0x93D2,
    0x7407, 0x7408, 0x7C28, 0x7C28, 0x8449, 0x844A, 0x8C6A, 0x8C6A, 0x8C6B, 0x8C6B, 0x8C6B, 0x8C4B, 0x8C4B, 0x8C4B, 0x8C2B, 0x8C2C,
    0x942C, 0x942D, 0x942E, 0x942F, 0x9430, 0x9430, 0x9431, 0x9411, 0x8BF2, 0x8BB2, 0x8B92, 0x8B52, 0x8B72, 0x8B72, 0x8BB2, 0x93D2,
    0x7428, 0x7428, 0x7C29, 0x7C49, 0x846A, 0x846B, 0x8C8B, 0x8C8C, 0x8C8C, 0x948C, 0x948C, 0x948C, 0x948D, 0x948D, 0x948D, 0x946D,
    0x946E, 0x946E, 0x946F, 0x946F, 0x9450, 0x9451, 0x9451, 0x9452, 0x8C32, 0x8BF2, 0x8BB2, 0x8B72, 0x8B72, 0x8B92, 0x8BB2, 0x93F2,
    0x7428, 0x7449, 0x7C4A, 0x846A, 0x848B, 0x8C8C, 0x8CAC, 0x8CAD, 0x94AD, 0x94AD, 0x94AE, 0x94AE, 0x94AE, 0x94AE, 0x94AF, 0x94AF,
    0x94AF, 0x94AF, 0x94B0, 0x9490, 0x9490, 0x9491, 0x9471, 0x9472, 0x8C52, 0x8C32, 0x8BF2, 0x8B92, 0x8B92, 0x8B92, 0x8BD2, 0x9413,
    0x7449, 0x744A, 0x7C6A, 0x848B, 0x8C8C, 0x8CAD, 0x8CAD, 0x94CE, 0x94CE, 0x94CF, 0x94CF, 0x94CF, 0x94D0, 0x94D0, 0x94D0, 0x94D1,
    0x94D1, 0x94D1, 0x94D1, 0x94D1, 0x94B1, 0x94B1, 0x94B1, 0x94B2, 0x8C92, 0x8C72, 0x8C32, 0x8BD2, 0x8BB2, 0x8BB2, 0x8BF2, 0x9453,
    0x746A, 0x7C6B, 0x7C8B, 0x848C, 0x8CAD, 0x8CAD, 0x94CE, 0x94CF, 0x94CF, 0x94CF, 0x94F0, 0x94F0, 0x94F0, 0x94F1, 0x94F1, 0x94F1,
    0x94F1, 0x94F2, 0x94F1, 0x94D1, 0x94D1, 0x94D1, 0x94D1, 0x94B2, 0x8CB2, 0x8C92, 0x8C72, 0x8C32, 0x8C12, 0x8BF3, 0x9433, 0x9473,
    0x746B, 0x7C8B, 0x848C, 0x84AD, 0x8CAE, 0x8CCE, 0x94CF, 0x94CF, 0x94D0, 0x94F0, 0x94F0, 0x94F1, 0x94F1, 0x94F1, 0x94F1, 0x94F2,
    0x94F2, 0x94F2, 0x94F2, 0x94F2, 0x94F2, 0x94F2, 0x94D2, 0x94D2, 0x8CD2, 0x8CD2, 0x8CB3, 0x8C93, 0x8C73, 0x8C53, 0x9473, 0x9493,
    0x7C8C, 0x7C8C, 0x84AD, 0x8CAE, 0x8CCE, 0x8CCF, 0x94CF, 0x94D0, 0x94F0, 0x94F0, 0x94F1, 0x94F1, 0x94F1, 0x94F2, 0x94F2, 0x94F2,
    0x94F2, 0x94F2, 0x94F2, 0x94F2, 0x94F2, 0x94F2, 0x94F2, 0x94F2, 0x8CF2, 0x8CF2, 0x8CD3, 0x8CD3, 0x8CB3, 0x8C93, 0x94B3, 0x94B3,
    0x7CAC, 0x84AD, 0x8CCE, 0x8CCE, 0x8CCF, 0x8CCF, 0x94F0, 0x94F0, 0x94F1, 0x94F1, 0x94F1, 0x94F1, 0x94F2, 0x94F2, 0x94F2, 0x94F2,
    0x94F2, 0x94F2, 0x94F2, 0x94F2, 0x94F2, 0x94F2, 0x94F2, 0x94F2, 0x8CF2, 0x94F2, 0x8CF3, 0x8CF3, 0x8CD3, 0x8CD3, 0x94D3, 0x94D3,
    0x84AD, 0x84CE, 0x8CCF, 0x8CCF, 0x8CD0, 0x8CF0, 0x94F0, 0x94F1, 0x94F1, 0x94F1, 0x94F1, 0x94F2, 0x94F2, 0x94F2, 0x94F2, 0x94F2,
    0x94F2, 0x94F2, 0x94F2, 0x94F2, 0x94F2, 0x94F2, 0x94F2, 0x94F2, 0x94F2, 0x94F3, 0x94F3, 0x8CF3, 0x8CF3, 0x8CF3, 0x94F3, 0x94F3,
    0x84CE, 0x8CCF, 0x8CCF, 0x8CD0, 0x8CF0, 0x8CF0, 0x8CF1, 0x94F1, 0x94F1, 0x94F2, 0x94F2, 0x94F2, 0x94F2, 0x94F2, 0x94F2, 0x94F2,
    0x94F2, 0x94F2, 0x94F2, 0x94F2, 0x94F2, 0x94F2, 0x94F2, 0x94F2, 0x9512, 0x9513, 0x9513, 0x9513, 0x9513, 0x9513, 0x94F3, 0x94F3,
    0x8CCF, 0x8CCF, 0x8CD0, 0x8CF0, 0x8CF0, 0x8CF1, 0x8CF1, 0x8CF1, 0x94F2, 0x94F2, 0x94F2, 0x94F2, 0x94F2, 0x94F2, 0x94F2, 0x94F2,
    0x94F2, 0x94F2, 0x94F2, 0x94F2, 0x9512, 0x9512, 0x9512, 0x9512, 0x9513, 0x9513, 0x9513, 0x9513, 0x9513, 0x9513, 0x9513, 0x9513,
    0x8CCF, 0x8CF0, 0x8CF0, 0x8CF1, 0x8CF1, 0x8CF1, 0x8CF1, 0x8CF2, 0x8CF2, 0x94F2, 0x94F2, 0x94F2, 0x94F2, 0x94F2, 0x94F2, 0x94F2,
    0x94F2, 0x94F2, 0x94F2, 0x9512, 0x9512, 0x9512, 0x9512, 0x9512, 0x9513, 0x9513, 0x9513, 0x9513, 0x9513, 0x9513, 0x9513, 0x9513,
    0x81C6, 0x81A6, 0x8186, 0x8186, 0x8186, 0x7987, 0x7987, 0x7988, 0x7988, 0x7988, 0x7969, 0x7969, 0x796A, 0x796A, 0x796A, 0x796B,
    0x816B, 0x818B, 0x818B, 0x818C, 0x818C, 0x818C, 0x818D, 0x818D, 0x818D, 0x818E, 0x818E, 0x818E, 0x818F, 0x818F, 0x81AF, 0x81B0,
    0x8206, 0x81E6, 0x81A6, 0x81A6, 0x8186, 0x8187, 0x8187, 0x8187, 0x8188, 0x8188, 0x8189, 0x8189, 0x818A, 0x818A, 0x818A, 0x818B,
    0x818B, 0x818B, 0x818C, 0x818C, 0x818C, 0x818D, 0x818D, 0x818D, 0x818E, 0x818E, 0x818E, 0x81AF, 0x81AF, 0x81AF, 0x81AF, 0x81B0,
    0x8246, 0x8226, 0x81E6, 0x81C6, 0x81A7, 0x81A7, 0x8187, 0x8187, 0x8188, 0x8188, 0x8189, 0x8189, 0x818A, 0x818A, 0x818A, 0x818B,
    0x818B, 0x818B, 0x818C, 0x818C, 0x81AD, 0x81AD, 0x81AD, 0x81AE, 0x81AE, 0x81AE, 0x81AF, 0x81AF, 0x81AF, 0x81AF, 0x81AF, 0x81B0,
    0x8286, 0x8266, 0x8247, 0x8207, 0x81C7, 0x81A7, 0x81A7, 0x81A7, 0x81A7, 0x8188, 0x8188, 0x8189, 0x8189, 0x818A, 0x818A, 0x818B,
    0x818B, 0x818B, 0x81AC, 0x81AC, 0x81AD, 0x81AD, 0x81AD, 0x81AE, 0x89AE, 0x89AF, 0x89AF, 0x89AF, 0x81AF, 0x81AF, 0x81B0, 0x81B0,
    0x82C6, 0x82A7, 0x8287, 0x8A47, 0x89E7, 0x89C7, 0x89C7, 0x81A7, 0x81A7, 0x81A8, 0x81A8, 0x81A9, 0x81A9, 0x81AA, 0x81AA, 0x81AA,
    0x81AB, 0x89AB, 0x89AC, 0x89AC, 0x89AD, 0x89AD, 0x89AE, 0x89AE, 0x89AF, 0x89CF, 0x89AF, 0x89AF, 0x89AF, 0x81B0, 0x81B0, 0x81B0,
    0x82E6, 0x82E7, 0x82C7, 0x8A87, 0x8A67, 0x8A07, 0x89C7, 0x89C7, 0x89A7, 0x89A8, 0x89A8, 0x89A8, 0x89A9, 0x89A9, 0x89AA, 0x89AA,
    0x89AB, 0x89AB, 0x89AC, 0x89AC, 0x89AD, 0x89CD, 0x89CE, 0x89CE, 0x89CF, 0x89CF, 0x89CF, 0x89CF, 0x89D0, 0x81B0, 0x81D0, 0x81D0,
    0x8327, 0x8307, 0x8307, 0x8AE7, 0x8AA7, 0x8A67, 0x8A07, 0x89E7, 0x89C7, 0x89C7, 0x89A8, 0x89A8, 0x89A9, 0x89A9, 0x89A9, 0x89AA,
    0x89AA, 0x89AB, 0x89AC, 0x89CC, 0x89CD, 0x89CE, 0x89CE, 0x89CF, 0x89CF, 0x89CF, 0x89CF, 0x89D0, 0x89D0, 0x81D0, 0x81D0, 0x81D0,
    0x8347, 0x8347, 0x8B47, 0x8B27, 0x8B07, 0x8AC7, 0x8A87, 0x8A27, 0x89E7, 0x89C7, 0x89C8, 0x89C8, 0x89C8, 0x89A9, 0x89A9, 0x89AA,
    0x89AA, 0x89CB, 0x89CB, 0x89CC, 0x89CD, 0x89CE, 0x89CE, 0x89CF, 0x89CF, 0x89CF, 0x89D0, 0x89D0, 0x89D0, 0x81D0, 0x81F0, 0x81F0,
    0x8367, 0x8367, 0x8B67, 0x8B67, 0x8B48, 0x8B27, 0x8AE7, 0x8A87, 0x8A27, 0x89E7, 0x89C7, 0x89C8, 0x89C8, 0x89C8, 0x89C9, 0x89C9,
    0x89CA, 0x89CA, 0x89CB, 0x89CC, 0x89CD, 0x89CE, 0x89CE, 0x89EF, 0x89EF, 0x89F0, 0x89F0, 0x89F0, 0x89F0, 0x81F0, 0x8210, 0x8210,
    0x8387, 0x8387, 0x8BA8, 0x8BA8, 0x8B88, 0x8B68, 0x8B48, 0x8AE8, 0x8A87, 0x8A47, 0x89E7, 0x89E8, 0x89C8, 0x89C8, 0x89C9, 0x89C9,
    0x89C9, 0x89CA, 0x89CB, 0x89CC, 0x89CD, 0x89CD, 0x89EE, 0x89EF, 0x89EF, 0x89F0, 0x89F0, 0x89F0, 0x8A10, 0x8A10, 0x8A30, 0x8A50,
    0x83A7, 0x83A8, 0x8BC8, 0x8BC8, 0x8BC8, 0x8BA8, 0x8B88, 0x8B48, 0x8B08, 0x8A88, 0x8A28, 0x8A08, 0x89E8, 0x89C8, 0x89C8, 0x89C9,
    0x89C9, 0x89CA, 0x89CA, 0x89CB, 0x89CC, 0x89ED, 0x89EE, 0x89EF, 0x8A0F, 0x8A10, 0x8A10, 0x8A10, 0x8A30, 0x8A30, 0x8A50, 0x8A71,
    0x83C7, 0x83C8, 0x8BE8, 0x8BE8, 0x8BE8, 0x8BE8, 0x8BC8, 0x8B88, 0x8B48, 0x8AE8, 0x8AA8, 0x8A48, 0x8A08, 0x89E8, 0x89E8, 0x89C8,
    0x89C9, 0x89C9, 0x89CA, 0x89EB, 0x89EC, 0x89ED, 0x89EE, 0x8A0F, 0x8A10, 0x8A30, 0x8A30, 0x8A30, 0x8A50, 0x8A51, 0x8A91, 0x8AB1,
    0x83C7, 0x83E8, 0x8BE8, 0x8C08, 0x8C09, 0x8C09, 0x8C09, 0x8BC9, 0x8BA8, 0x8B48, 0x8B08, 0x8A88, 0x8A28, 0x8A08, 0x89E8, 0x89E8,
    0x89E9, 0x89E9, 0x89EA, 0x89EB, 0x89EC, 0x8A0D, 0x8A0E, 0x8A2F, 0x8A30, 0x8A50, 0x8A50, 0x8A50, 0x8A71, 0x8A91, 0x8AB1, 0x8AD1,
    0x83E7, 0x83E8, 0x8C08, 0x8C08, 0x8C29, 0x8C29, 0x8C09, 0x8C09, 0x8BE9, 0x8BA8, 0x8B48, 0x8AE8, 0x8AA8, 0x8A48, 0x8A08, 0x89E8,
    0x89E9, 0x89E9, 0x89EA, 0x89EB, 0x8A0C, 0x8A0D, 0x8A2E, 0x8A4F, 0x8A70, 0x8A70, 0x8A70, 0x8A91, 0x8AB1, 0x8AB1, 0x8AD1, 0x8B11,
    0x83E7, 0x83E8, 0x8408, 0x8C08, 0x8C29, 0x8C29, 0x8C29, 0x8C09, 0x8C09, 0x8BC9, 0x8B88, 0x8B48, 0x8AE8, 0x8A88, 0x8A48, 0x8A28,
    0x8A09, 0x8A09, 0x8A0A, 0x8A0B, 0x8A2C, 0x8A4D, 0x8A6F, 0x8A90, 0x8A90, 0x8AB1, 0x8AB1, 0x8AB1, 0x8AD1, 0x8AF1, 0x8B11, 0x8B31,
    0x7BE7, 0x83E8, 0x8408, 0x8408, 0x8C08, 0x8C29, 0x8C29, 0x8C09, 0x8C09, 0x8BE9, 0x8BC9, 0x8B88, 0x8B48, 0x8B08, 0x8AA8, 0x8A68,
    0x8A49, 0x8A4A, 0x8A4A, 0x8A4C, 0x8A6D, 0x8A6E, 0x8A8F, 0x8AD0, 0x8AD0, 0x8AD1, 0x8AD1, 0x8AD1, 0x8AF1, 0x8B11, 0x8B31, 0x8B72,
    0x7BE7, 0x83E8, 0x8408, 0x8408, 0x8408, 0x8C08, 0x8C09, 0x8C09, 0x8C09, 0x8BE9, 0x8BC9, 0x8BA8, 0x8B88, 0x8B48, 0x8B08, 0x8AC9,
    0x8AA9, 0x8A8A, 0x8A8B, 0x8A8C, 0x8AAD, 0x8AAE, 0x8ACF, 0x8B10, 0x8B11, 0x8B11, 0x8B11, 0x8B11, 0x8B31, 0x8B51, 0x8B72, 0x8B92,
    0x7BE7, 0x7BE7, 0x8408, 0x8408, 0x8408, 0x8C08, 0x8C09, 0x8C09, 0x8C09, 0x8BE9, 0x8BE8, 0x8BC8, 0x8BA8, 0x8B89, 0x8B69, 0x8B49,
    0x8B2A, 0x8AEA, 0x8AEB, 0x8AEC, 0x92ED, 0x930E, 0x932F, 0x9350, 0x9351, 0x9351, 0x8B31, 0x8B31, 0x8B51, 0x8B72, 0x8B92, 0x93B2,
    0x7BE7, 0x7C07, 0x7C08, 0x8408, 0x8408, 0x8408, 0x8C29, 0x8C09, 0x8C09, 0x8C09, 0x8BE9, 0x8BE9, 0x8BC9, 0x8BC9, 0x8BA9, 0x8BAA,
    0x8B8A, 0x936B, 0x934C, 0x934D, 0x934E, 0x934F, 0x9370, 0x9391, 0x9391, 0x9371, 0x9371, 0x8B72, 0x8B72, 0x8B92, 0x93B2, 0x93D2,
    0x7407, 0x7C07, 0x7C08, 0x7C08, 0x8428, 0x8429, 0x8C29, 0x8C29, 0x8C29, 0x8C29, 0x8C09, 0x8C09, 0x8BE9, 0x8BE9, 0x8BEA, 0x8BEA,
    0x93CB, 0x93CB, 0x93AC, 0x93AD, 0x93AE, 0x93AF, 0x93B0, 0x93D1, 0x93D1, 0x93B1, 0x9392, 0x8B92, 0x8B92, 0x93B2, 0x93D2, 0x93F2,
    0x7407, 0x7C08, 0x7C28, 0x7C28, 0x8449, 0x8449, 0x8C4A, 0x8C4A, 0x8C4A, 0x8C4A, 0x8C4A, 0x8C2A, 0x8C2A, 0x8C2A, 0x8C2B, 0x942B,
    0x942C, 0x940C, 0x940D, 0x940E, 0x93EF, 0x93F0, 0x9410, 0x9411, 0x93F1, 0x93F2, 0x93D2, 0x8BB2, 0x8BB2, 0x93B2, 0x93F2, 0x9412,
    0x7408, 0x7C28, 0x7C29, 0x8449, 0x846A, 0x8C6A, 0x8C6B, 0x8C8B, 0x8C8B, 0x946C, 0x946C, 0x8C6C, 0x8C6C, 0x946C, 0x946C, 0x946C,
    0x944D, 0x944D, 0x944E, 0x944E, 0x944F, 0x9430, 0x9431, 0x9451, 0x9432, 0x9412, 0x93F2, 0x8BB2, 0x8BB2, 0x93D2, 0x93F2, 0x9433,
    0x7428, 0x7C49, 0x7C49, 0x846A, 0x8C6B, 0x8C8B, 0x8C8C, 0x948C, 0x94AD, 0x94AD, 0x94AD, 0x948D, 0x948D, 0x948D, 0x948D, 0x948E,
    0x948E, 0x948E, 0x948F, 0x948F, 0x9470, 0x9470, 0x9471, 0x9471, 0x9472, 0x9452, 0x9412, 0x8BD2, 0x8BD2, 0x93D2, 0x9412, 0x9433,
    0x7449, 0x7C4A, 0x846A, 0x848B, 0x8C8C, 0x8CAC, 0x94AD, 0x94AD, 0x94CE, 0x94CE, 0x94CE, 0x94CF, 0x94CF, 0x94CF, 0x94CF, 0x94D0,
    0x94D0, 0x94D0, 0x94D0, 0x94B0, 0x94B0, 0x94B1, 0x9491, 0x9491, 0x9492, 0x9472, 0x9452, 0x8BF2, 0x8BF2, 0x8BF2, 0x9433, 0x9453,
    0x744A, 0x7C6A, 0x848B, 0x8C8C, 0x8CAD, 0x8CAD, 0x94CE, 0x94CE, 0x94CF, 0x94CF, 0x94CF, 0x94D0, 0x94D0, 0x94D0, 0x94F0, 0x9CF1,
    0x9CF1, 0x9CF1, 0x9CD1, 0x94D1, 0x94D1, 0x94D1, 0x94B1, 0x94B2, 0x94B2, 0x94B2, 0x9472, 0x8C53, 0x8C33, 0x9413, 0x9453, 0x9493,
    0x7C6B, 0x7C8B, 0x848C, 0x8CAD, 0x8CAE, 0x94CE, 0x94CF, 0x94CF, 0x94CF, 0x94D0, 0x94F0, 0x94F0, 0x94F1, 0x94F1, 0x9CF1, 0x9CF1,
    0x9CF2, 0x9CF2, 0x9CF2, 0x9CF2, 0x94F2, 0x94F2, 0x94D2, 0x94D2, 0x94D2, 0x94D2, 0x94B3, 0x9493, 0x9473, 0x9453, 0x9473, 0x94B3,
    0x7C8B, 0x848C, 0x8CAD, 0x8CAE, 0x8CCE, 0x94CF, 0x94CF, 0x94D0, 0x94F0, 0x94F0, 0x94F1, 0x94F1, 0x94F1, 0x94F1, 0x94F2, 0x9CF2,
    0x9CF2, 0x9CF2, 0x9CF2, 0x9CF2, 0x94F2, 0x94F2, 0x94F2, 0x94F2, 0x94F2, 0x94F2, 0x94D3, 0x94D3, 0x94B3, 0x9493, 0x94B3, 0x94D3,
    0x848C, 0x84AD, 0x8CCE, 0x8CCE, 0x94CF, 0x94CF, 0x94D0, 0x94F0, 0x94F0, 0x94F1, 0x94F1, 0x94F1, 0x94F2, 0x94F2, 0x94F2, 0x94F2,
    0x9512, 0x9D12, 0x9D12, 0x9512, 0x94F2, 0x94F2, 0x94F2, 0x94F2, 0x94F2, 0x94F2, 0x94F3, 0x94F3, 0x94F3, 0x94D3, 0x94D3, 0x94D3,
    0x84AD, 0x8CCE, 0x8CCF, 0x8CCF, 0x94CF, 0x94D0, 0x94F0, 0x94F1, 0x94F1, 0x94F1, 0x94F1, 0x94F2, 0x94F2, 0x94F2, 0x94F2, 0x94F2,
    0x9512, 0x9512, 0x9512, 0x9512, 0x9512, 0x9512, 0x94F2, 0x94F2, 0x94F2, 0x94F2, 0x9513, 0x9513, 0x94F3, 0x94F3, 0x94F3, 0x94F3,
    0x8CCE, 0x8CCF, 0x8CCF, 0x8CD0, 0x94F0, 0x94F0, 0x94F1, 0x94F1, 0x94F1, 0x94F1, 0x94F2, 0x94F2, 0x94F2, 0x94F2, 0x94F2, 0x9512,
    0x9512, 0x9512, 0x9512, 0x9512, 0x9512, 0x9512, 0x9512, 0x9512, 0x9512, 0x9513, 0x9513, 0x9513, 0x9513, 0x9513, 0x9513, 0x94F4,
    0x8CCF, 0x8CCF, 0x8CD0, 0x8CF0, 0x94F0, 0x94F1, 0x94F1, 0x94F1, 0x94F2, 0x94F2, 0x94F2, 0x94F2, 0x94F2, 0x94F2, 0x9512, 0x9512,
    0x9512, 0x9512, 0x9512, 0x9512, 0x9512, 0x9512, 0x9512, 0x9512, 0x9513, 0x9513, 0x9513, 0x9513, 0x9513, 0x9513, 0x9513, 0x9514,
    0x8CCF, 0x8CF0, 0x8CF0, 0x8CF0, 0x8CF1, 0x94F1, 0x94F1, 0x94F2, 0x94F2, 0x94F2, 0x94F2, 0x94F2, 0x94F2, 0x94F2, 0x9512, 0x9512,
    0x9512, 0x9512, 0x9512, 0x9512, 0x9512, 0x9512, 0x9512, 0x9512, 0x9513, 0x9513, 0x9513, 0x9513, 0x9513, 0x9513, 0x9513, 0x9514,
    0x81C6, 0x81C6, 0x81A6, 0x8186, 0x8187, 0x8187, 0x8187, 0x8188, 0x8188, 0x8188, 0x8189, 0x8189, 0x818A, 0x818A, 0x818A, 0x818B,
    0x818B, 0x818B, 0x818C, 0x818C, 0x818C, 0x818C, 0x818D, 0x81AD, 0x818D, 0x818E, 0x818E, 0x818E, 0x81AF, 0x81AF, 0x81AF, 0x81B0,
    0x8226, 0x81E6, 0x81C6, 0x81A7, 0x81A7, 0x81A7, 0x8187, 0x8187, 0x8188, 0x8188, 0x8189, 0x8189, 0x818A, 0x818A, 0x818A, 0x818B,
    0x818B, 0x818B, 0x818C, 0x818C, 0x818C, 0x81AD, 0x81AD, 0x81AD, 0x81AE, 0x81AE, 0x81AE, 0x81AF, 0x81AF, 0x81AF, 0x81AF, 0x81B0,
    0x8267, 0x8227, 0x81E7, 0x81C7, 0x81A7, 0x81A7, 0x81A7, 0x81A7, 0x8188, 0x8188, 0x8189, 0x8189, 0x818A, 0x818A, 0x818A, 0x818B,
    0x818B, 0x818B, 0x818C, 0x81AC, 0x81AC, 0x81AD, 0x89AD, 0x89AE, 0x89AE, 0x89AE, 0x89AF, 0x89AF, 0x89AF, 0x89AF, 0x89AF, 0x81B0,
    0x82A7, 0x8267, 0x8A47, 0x8A07, 0x89C7, 0x89C7, 0x81A7, 0x81A7, 0x81A8, 0x81A8, 0x81A8, 0x81A9, 0x81A9, 0x81AA, 0x81AA, 0x81AA,
    0x81AB, 0x89AB, 0x89AC, 0x89AC, 0x89AD, 0x89AD, 0x89AD, 0x89AE, 0x89AE, 0x89AF, 0x89CF, 0x89CF, 0x89CF, 0x89D0, 0x89B0, 0x81B0,
    0x82C7, 0x82A7, 0x8AA7, 0x8A47, 0x8A07, 0x89E7, 0x89C7, 0x89C7, 0x89A7, 0x89A8, 0x89A8, 0x89A9, 0x89A9, 0x89A9, 0x89AA, 0x89AA,
    0x89AB, 0x89AB, 0x89AC, 0x89AC, 0x89AD, 0x89AD, 0x89CE, 0x89CE, 0x89CE, 0x89CF, 0x89CF, 0x89CF, 0x89CF, 0x89D0, 0x89D0, 0x81D0,
    0x8307, 0x82E7, 0x8AE7, 0x8AA7, 0x8A67, 0x8A27, 0x89E7, 0x89C7, 0x89C7, 0x89C8, 0x89A8, 0x89A8, 0x89A9, 0x89A9, 0x89A9, 0x89AA,
    0x89AA, 0x89AB, 0x89AB, 0x89AC, 0x89CD, 0x89CD, 0x89CE, 0x89CE, 0x89CF, 0x89CF, 0x89CF, 0x89CF, 0x89D0, 0x89D0, 0x89D0, 0x81D0,
    0x8327, 0x8B27, 0x8B27, 0x8AE7, 0x8AA7, 0x8A67, 0x8A07, 0x89E7, 0x89C7, 0x89C7, 0x89C8, 0x89C8, 0x89A8, 0x89A9, 0x89A9, 0x89A9,
    0x89AA, 0x89CA, 0x89CB, 0x89CC, 0x89CD, 0x89CD, 0x89CE, 0x89CE, 0x89CF, 0x89CF, 0x89CF, 0x89D0, 0x89D0, 0x89D0, 0x89D0, 0x81F0,
    0x8367, 0x8B67, 0x8B47, 0x8B27, 0x8B07, 0x8AC7, 0x8A87, 0x8A27, 0x89E7, 0x89E7, 0x89C8, 0x89C8, 0x89C8, 0x89C9, 0x89C9, 0x89C9,
    0x89CA, 0x89CA, 0x89CB, 0x89CC, 0x89CC, 0x89CD, 0x89CE, 0x89CE, 0x89EF, 0x89EF, 0x89F0, 0x89F0, 0x89F0, 0x89F0, 0x89F0, 0x8A10,
    0x8387, 0x8B87, 0x8B88, 0x8B88, 0x8B68, 0x8B28, 0x8AE8, 0x8A87, 0x8A27, 0x8A07, 0x89E8, 0x89C8, 0x89C8, 0x89C8, 0x89C9, 0x89C9,
    0x89C9, 0x89CA, 0x89CA, 0x89CB, 0x89CC, 0x89CD, 0x89CE, 0x89EE, 0x89EF, 0x89EF, 0x89F0, 0x89F0, 0x89F0, 0x8A10, 0x8A10, 0x8A30,
    0x83A7, 0x8BA8, 0x8BA8, 0x8BA8, 0x8BA8, 0x8B68, 0x8B28, 0x8AE8, 0x8A88, 0x8A48, 0x8A08, 0x89E8, 0x89C8, 0x89C8, 0x89C8, 0x89C9,
    0x89C9, 0x89CA, 0x89CA, 0x89CB, 0x89CC, 0x89CD, 0x89EE, 0x89EF, 0x89EF, 0x8A10, 0x8A10, 0x8A10, 0x8A10, 0x8A30, 0x8A30, 0x8A50,
    0x83C8, 0x8BC8, 0x8BC8, 0x8BC8, 0x8BC8, 0x8BA8, 0x8B88, 0x8B48, 0x8AE8, 0x8A88, 0x8A28, 0x8A08, 0x89E8, 0x89E8, 0x89C8, 0x89C8,
    0x89C9, 0x89C9, 0x89CA, 0x89EB, 0x89EC, 0x89ED, 0x89EE, 0x8A0F, 0x8A0F, 0x8A10, 0x8A30, 0x8A30, 0x8A30, 0x8A50, 0x8A71, 0x8A91,
    0x83C8, 0x8BE8, 0x8BE8, 0x8BE8, 0x8C09, 0x8BE9, 0x8BC8, 0x8B88, 0x8B48, 0x8AE8, 0x8A88, 0x8A48, 0x8A08, 0x89E8, 0x89E8, 0x89E8,
    0x89E9, 0x89E9, 0x89EA, 0x89EB, 0x89EC, 0x89ED, 0x8A0E, 0x8A0F, 0x8A2F, 0x8A30, 0x8A50, 0x8A50, 0x8A70, 0x8A71, 0x8AB1, 0x8AD1,
    0x83E8, 0x8BE8, 0x8C08, 0x8C09, 0x8C09, 0x8C09, 0x8BE9, 0x8BC9, 0x8B88, 0x8B48, 0x8AE8, 0x8A88, 0x8A28, 0x8A08, 0x89E8, 0x89E8,
    0x89E9, 0x89E9, 0x89EA, 0x89EB, 0x89EC, 0x8A0D, 0x8A0E, 0x8A2F, 0x8A4F, 0x8A70, 0x8A70, 0x8A90, 0x8A91, 0x8AB1, 0x8AD1, 0x8AF1,
    0x83E8, 0x8C08, 0x8C08, 0x8C29, 0x8C29, 0x8C29, 0x8C09, 0x8BE9, 0x8BC9, 0x8B88, 0x8B28, 0x8AE8, 0x8A88, 0x8A48, 0x8A08, 0x8A08,
    0x8A09, 0x89E9, 0x8A0A, 0x8A0B, 0x8A0C, 0x8A0D, 0x8A2E, 0x8A4F, 0x8A70, 0x8A90, 0x8AB1, 0x8AB1, 0x8AD1, 0x8AD1, 0x8B11, 0x8B31,
    0x83E8, 0x8408, 0x8C08, 0x8C29, 0x8C29, 0x8C29, 0x8C29, 0x8C09, 0x8BE9, 0x8BA9, 0x8B88, 0x8B28, 0x8AE8, 0x8A88, 0x8A48, 0x8A28,
    0x8A09, 0x8A09, 0x8A0A, 0x8A2B, 0x8A2C, 0x8A2D, 0x8A4E, 0x8A6F, 0x8AB0, 0x8AD1, 0x8AD1, 0x8AD1, 0x8AF1, 0x8B11, 0x8B31, 0x9372,
    0x83E8, 0x8408, 0x8C08, 0x8C08, 0x8C29, 0x8C29, 0x8C29, 0x8C09, 0x8BE9, 0x8BC9, 0x8BA8, 0x8B68, 0x8B28, 0x8AE8, 0x8AA8, 0x8A68,
    0x8A49, 0x8A49, 0x8A4A, 0x8A4B, 0x8A4C, 0x8A6D, 0x8A8E, 0x8AAF, 0x8AD0, 0x9311, 0x8B11, 0x8B11, 0x8B31, 0x8B51, 0x9372, 0x9392,
    0x83E8, 0x8408, 0x8408, 0x8C08, 0x8C09, 0x8C09, 0x8C09, 0x8C09, 0x8BE9, 0x8BE9, 0x8BC9, 0x8BA8, 0x8B68, 0x8B48, 0x8B08, 0x8AC8,
    0x8A89, 0x8A89, 0x8A6A, 0x8A6B, 0x8A8C, 0x8A8D, 0x8AAE, 0x92CF, 0x9310, 0x9351, 0x9351, 0x9351, 0x9351, 0x9372, 0x9392, 0x93B2,
    0x7BE7, 0x8408, 0x8408, 0x8408, 0x8C08, 0x8C09, 0x8C09, 0x8BE9, 0x8BE8, 0x8BC8, 0x8BC8, 0x8BA8, 0x8BA8, 0x8B89, 0x8B69, 0x8B29,
    0x8B09, 0x8ACA, 0x8ACA, 0x92CB, 0x92CD, 0x92CE, 0x92EF, 0x9310, 0x9351, 0x9371, 0x9371, 0x9371, 0x9392, 0x9392, 0x93B2, 0x93D2,
    0x7BE7, 0x7C08, 0x8408, 0x8408, 0x8C08, 0x8C09, 0x8C09, 0x8C09, 0x8BE9, 0x8BE9, 0x8BC8, 0x8BC9, 0x8BC9, 0x8BA9, 0x8BA9, 0x8B89,
    0x8B6A, 0x934A, 0x932B, 0x930C, 0x930D, 0x932E, 0x934F, 0x9350, 0x9391, 0x93B1, 0x93B2, 0x9392, 0x93B2, 0x93B2, 0x93D2, 0x93F2,
    0x7C07, 0x7C08, 0x7C08, 0x8408, 0x8429, 0x8C29, 0x8C29, 0x8C29, 0x8C09, 0x8C09, 0x8BE9, 0x8BE9, 0x8BE9, 0x8BE9, 0x8BC9, 0x8BCA,
    0x93CA, 0x93AB, 0x938B, 0x938C, 0x936D, 0x936E, 0x938F, 0x93B0, 0x93D1, 0x93D2, 0x93D2, 0x93B2, 0x93D2, 0x93D2, 0x93F2, 0x9412,
    0x7407, 0x7C08, 0x7C28, 0x8429, 0x8449, 0x8C49, 0x8C4A, 0x8C4A, 0x8C2A, 0x8C2A, 0x8C0A, 0x8C0A, 0x8C0A, 0x8C0A, 0x8C0A, 0x940A,
    0x940B, 0x93EB, 0x93EC, 0x93CD, 0x93CE, 0x93CF, 0x93D0, 0x93F1, 0x93F1, 0x9412, 0x93F2, 0x93F2, 0x93F2, 0x93F2, 0x9412, 0x9432,
    0x7408, 0x7C28, 0x7C29, 0x8449, 0x8C4A, 0x8C6A, 0x8C6B, 0x8C6B, 0x8C6B, 0x8C6B, 0x8C4B, 0x8C4B, 0x8C4B, 0x8C4B, 0x944B, 0x944B,
    0x944C, 0x942C, 0x942D, 0x942D, 0x942E, 0x940F, 0x9430, 0x9431, 0x9431, 0x9432, 0x9412, 0x9412, 0x9412, 0x9412, 0x9432, 0x9453,
    0x7428, 0x7C49, 0x8449, 0x846A, 0x8C6B, 0x8C8B, 0x8C8C, 0x948C, 0x948C, 0x948C, 0x948C, 0x946C, 0x946C, 0x946C, 0x946C, 0x946D,
    0x946D, 0x946D, 0x946E, 0x946E, 0x946F, 0x9450, 0x9450, 0x9451, 0x9452, 0x9472, 0x9452, 0x9432, 0x9412, 0x9412, 0x9433, 0x9453,
    0x7449, 0x7C49, 0x846A, 0x8C8B, 0x8C8C, 0x8C8C, 0x94AD, 0x94AD, 0x94AD, 0x94AD, 0x94AE, 0x94AE, 0x94AE, 0x94AE, 0x94AE, 0x94AE,
    0x94AF, 0x94AF, 0x94AF, 0x94AF, 0x9490, 0x9490, 0x9491, 0x9491, 0x9492, 0x9492, 0x9472, 0x9452, 0x9433, 0x9433, 0x9453, 0x9473,
    0x7C49, 0x846A, 0x848B, 0x8C8C, 0x8CAD, 0x94AD, 0x94AD, 0x94CE, 0x94CE, 0x94CE, 0x94CF, 0x94CF, 0x94CF, 0x94CF, 0x94D0, 0x9CD0,
    0x9CD0, 0x9CD0, 0x9CD0, 0x9CD1, 0x9CD1, 0x9CB1, 0x94B1, 0x94B1, 0x94B2, 0x94B2, 0x9492, 0x9473, 0x9453, 0x9453, 0x9473, 0x9493,
    0x7C6A, 0x848B, 0x8C8C, 0x8CAD, 0x94AD, 0x94CE, 0x94CE, 0x94CF, 0x94CF, 0x94CF, 0x9CF0, 0x9CF0, 0x9CF0, 0x9CF1, 0x9CF1, 0x9CF1,
    0x9CF1, 0x9CF2, 0x9CF2, 0x9CF2, 0x9CF2, 0x9CF2, 0x9CD2, 0x94D2, 0x94D2, 0x94D2, 0x94B3, 0x9493, 0x9473, 0x9453, 0x9493, 0x94B3,
    0x848B, 0x848C, 0x8CAD, 0x8CAE, 0x94CE, 0x94CF, 0x94CF, 0x94CF, 0x94F0, 0x94F0, 0x94F0, 0x9CF1, 0x9CF1, 0x9CF1, 0x9CF1, 0x9CF2,
    0x9CF2, 0x9CF2, 0x9CF2, 0x9CF2, 0x9CF2, 0x9CF2, 0x9CF2, 0x94F2, 0x94F2, 0x94F2, 0x94D3, 0x94D3, 0x94B3, 0x9493, 0x94B3, 0x94D3,
    0x848C, 0x8CAD, 0x8CCE, 0x94CE, 0x94CF, 0x94CF, 0x94D0, 0x94F0, 0x94F0, 0x94F1, 0x94F1, 0x94F1, 0x94F1, 0x9CF2, 0x9CF2, 0x9CF2,
    0x9D12, 0x9D12, 0x9D12, 0x9D12, 0x9D12, 0x9D12, 0x9CF2, 0x94F2, 0x94F2, 0x94F2, 0x94F3, 0x94F3, 0x94F3, 0x94D3, 0x94D3, 0x94F3,
    0x8CAD, 0x8CCE, 0x8CCE, 0x94CF, 0x94CF, 0x94D0, 0x94F0, 0x94F0, 0x94F1, 0x94F1, 0x94F1, 0x94F2, 0x94F2, 0x9CF2, 0x9CF2, 0x9D12,
    0x9D12, 0x9D12, 0x9D13, 0x9D13, 0x9D12, 0x9D12, 0x9D12, 0x9512, 0x9512, 0x9512, 0x9513, 0x9513, 0x94F3, 0x94F3, 0x94F3, 0x94F4,
    0x8CCE, 0x8CCF, 0x94CF, 0x94CF, 0x94D0, 0x94F0, 0x94F1, 0x94F1, 0x94F1, 0x94F1, 0x94F2, 0x94F2, 0x94F2, 0x94F2, 0x9D12, 0x9D12,
    0x9D13, 0x9D13, 0x9D13, 0x9D13, 0x9D12, 0x9D12, 0x9512, 0x9512, 0x9512, 0x9512, 0x9513, 0x9513, 0x9513, 0x9513, 0x9514, 0x9514,
    0x8CCF, 0x8CCF, 0x94D0, 0x94F0, 0x94F0, 0x94F1, 0x94F1, 0x94F1, 0x94F1, 0x94F2, 0x94F2, 0x94F2, 0x94F2, 0x9D12, 0x9D12, 0x9D12,
    0x9D13, 0x9D13, 0x9D13, 0x9D12, 0x9D12, 0x9D12, 0x9512, 0x9512, 0x9513, 0x9513, 0x9513, 0x9513, 0x9513, 0x9513, 0x9513, 0x9D14,
    0x8CCF, 0x94D0, 0x94F0, 0x94F0, 0x94F1, 0x94F1, 0x94F1, 0x94F2, 0x94F2, 0x94F2, 0x94F2, 0x94F2, 0x9512, 0x9D12, 0x9D13, 0x9D13,
    0x9D13, 0x9D13, 0x9D12, 0x9D12, 0x9D12, 0x9D12, 0x9D12, 0x9D12, 0x9D13, 0x9D13, 0x9D13, 0x9D13, 0x9D13, 0x9D13, 0x9D33, 0x9D34,
    0x81E7, 0x81C7, 0x81A7, 0x81A7, 0x8187, 0x8187, 0x8187, 0x8188, 0x8188, 0x8188, 0x8189, 0x8189, 0x818A, 0x818A, 0x818A, 0x818B,
    0x818B, 0x818B, 0x818C, 0x818C, 0x818C, 0x81AC, 0x81AD, 0x81AD, 0x81AD, 0x81AE, 0x81AE, 0x81AE, 0x89AF, 0x89AF, 0x89AF, 0x89B0,
    0x8227, 0x8207, 0x81C7, 0x81C7, 0x81A7, 0x81A7, 0x81A7, 0x81A7, 0x8188, 0x8188, 0x8189, 0x8189, 0x818A, 0x818A, 0x818A, 0x818A,
    0x818B, 0x818B, 0x818C, 0x81AC, 0x81AC, 0x81AD, 0x81AD, 0x81AD, 0x89AE, 0x89AE, 0x89AE, 0x89AF, 0x89AF, 0x89AF, 0x89AF, 0x89D0,
    0x8287, 0x8A27, 0x89E7, 0x89C7, 0x89C7, 0x89A7, 0x81A7, 0x81A7, 0x81A8, 0x81A8, 0x81A9, 0x81A9, 0x81A9, 0x81AA, 0x81AA, 0x81AA,
    0x89AB, 0x89AB, 0x89AC, 0x89AC, 0x89AC, 0x89AD, 0x89AD, 0x89AE, 0x89AE, 0x89AE, 0x89CF, 0x89CF, 0x89CF, 0x89CF, 0x89CF, 0x89D0,
    0x82A7, 0x8A87, 0x8A47, 0x8A07, 0x89E7, 0x89C7, 0x89C7, 0x89A7, 0x89A8, 0x89A8, 0x89A8, 0x89A9, 0x89A9, 0x89A9, 0x89AA, 0x89AA,
    0x89AA, 0x89AB, 0x89AB, 0x89AC, 0x89AC, 0x89AD, 0x89CD, 0x89CE, 0x89CE, 0x89CE, 0x89CF, 0x89CF, 0x89CF, 0x89CF, 0x89D0, 0x89D0,
    0x82E7, 0x8AC7, 0x8AA7, 0x8A47, 0x8A07, 0x89E7, 0x89C7, 0x89C7, 0x89C7, 0x89A8, 0x89A8, 0x89A9, 0x89A9, 0x89A9, 0x89AA, 0x89AA,
    0x89AA, 0x89AB, 0x89AB, 0x89AC, 0x89CC, 0x89CD, 0x89CD, 0x89CE, 0x89CE, 0x89CF, 0x89CF, 0x89CF, 0x89CF, 0x89D0, 0x89D0, 0x89D0,
    0x8B27, 0x8B07, 0x8AE7, 0x8AA7, 0x8A67, 0x8A27, 0x89E7, 0x89E7, 0x89C7, 0x89C8, 0x89C8, 0x89C8, 0x89A9, 0x89A9, 0x89A9, 0x89AA,
    0x89AA, 0x89CA, 0x89CB, 0x89CC, 0x89CC, 0x89CD, 0x89CD, 0x89CE, 0x89CE, 0x89CF, 0x89CF, 0x89CF, 0x89D0, 0x89D0, 0x89D0, 0x89F0,
    0x8B47, 0x8B47, 0x8B27, 0x8AE7, 0x8AA7, 0x8A67, 0x8A07, 0x89E7, 0x89E7, 0x89C8, 0x89C8, 0x89C8, 0x89C8, 0x89C9, 0x89C9, 0x89C9,
    0x89CA, 0x89CA, 0x89CB, 0x89CB, 0x89CC, 0x89CD, 0x89CD, 0x89CE, 0x89CF, 0x89EF, 0x89EF, 0x89F0, 0x89F0, 0x89F0, 0x89F0, 0x89F0,
    0x8B67, 0x8B67, 0x8B68, 0x8B48, 0x8B08, 0x8AC8, 0x8A67, 0x8A27, 0x8A07, 0x89E8, 0x89C8, 0x89C8, 0x89C8, 0x89C8, 0x89C9, 0x89C9,
    0x89C9, 0x89CA, 0x89CA, 0x89CB, 0x89CC, 0x89CD, 0x89CD, 0x89CE, 0x89EF, 0x89EF, 0x89EF, 0x89F0, 0x89F0, 0x8A10, 0x8A10, 0x8A10,
    0x8B87, 0x8BA8, 0x8BA8, 0x8B88, 0x8B68, 0x8B28, 0x8AC8, 0x8A88, 0x8A28, 0x8A08, 0x89E8, 0x89E8, 0x89C8, 0x89C8, 0x89C8, 0x89C9,
    0x89C9, 0x89C9, 0x89CA, 0x89CB, 0x89CC, 0x89CD, 0x89ED, 0x89EE, 0x89EF, 0x89EF, 0x8A10, 0x8A10, 0x8A10, 0x8A10, 0x8A30, 0x8A30,
    0x8BA8, 0x8BC8, 0x8BC8, 0x8BA8, 0x8BA8, 0x8B68, 0x8B28, 0x8AC8, 0x8A88, 0x8A48, 0x8A08, 0x89E8, 0x89E8, 0x89C8, 0x89C8, 0x89C9,
    0x89C9, 0x89C9, 0x89CA, 0x89EB, 0x89EB, 0x89EC, 0x89ED, 0x89EE, 0x8A0F, 0x8A0F, 0x8A10, 0x8A30, 0x8A30, 0x8A50, 0x8A50, 0x8A71,
    0x8BC8, 0x8BE8, 0x8BE8, 0x8BE8, 0x8BC8, 0x8BA8, 0x8B68, 0x8B28, 0x8AC8, 0x8A88, 0x8A28, 0x8A08, 0x89E8, 0x89E8, 0x89E8, 0x89E8,
    0x89E9, 0x89E9, 0x89EA, 0x89EB, 0x89EB, 0x89EC, 0x89ED, 0x8A0E, 0x8A0F, 0x8A2F, 0x8A30, 0x8A50, 0x8A50, 0x8A70, 0x8A91, 0x8AB1,
    0x8BE8, 0x8BE8, 0x8C09, 0x8C09, 0x8C09, 0x8BC9, 0x8BA8, 0x8B68, 0x8B28, 0x8AC8, 0x8A88, 0x8A48, 0x8A08, 0x89E8, 0x89E8, 0x89E8,
    0x89E9, 0x89E9, 0x89EA, 0x89EB, 0x89EB, 0x8A0C, 0x8A0D, 0x8A2E, 0x8A2F, 0x8A50, 0x8A70, 0x8A70, 0x8A91, 0x8AB1, 0x8AB1, 0x8AD1,
    0x8BE8, 0x8C08, 0x8C09, 0x8C29, 0x8C29, 0x8C09, 0x8BE9, 0x8BA8, 0x8B68, 0x8B28, 0x8AC8, 0x8A88, 0x8A28, 0x8A08, 0x8A08, 0x8A08,
    0x8A09, 0x89E9, 0x8A0A, 0x8A0B, 0x8A0B, 0x8A0C, 0x8A2D, 0x8A4E, 0x8A6F, 0x8A90, 0x8A90, 0x8AB1, 0x8AB1, 0x8AD1, 0x8AF1, 0x8B11,
    0x8C08, 0x8C08, 0x8C29, 0x8C29, 0x8C29, 0x8C09, 0x8C09, 0x8BC9, 0x8BA8, 0x8B68, 0x8B28, 0x8AC8, 0x8A88, 0x8A48, 0x8A28, 0x8A08,
    0x8A09, 0x8A09, 0x8A0A, 0x8A0B, 0x8A2C, 0x8A2D, 0x8A4D, 0x8A6E, 0x8A8F, 0x8AB0, 0x8AD1, 0x8AD1, 0x8AF1, 0x8B11, 0x8B31, 0x9351,
    0x8408, 0x8C08, 0x8C29, 0x8C29, 0x8C29, 0x8C29, 0x8C09, 0x8BE9, 0x8BC9, 0x8B88, 0x8B68, 0x8B28, 0x8AC8, 0x8A88, 0x8A68, 0x8A48,
    0x8A29, 0x8A29, 0x8A2A, 0x8A2B, 0x8A4C, 0x8A4D, 0x8A6E, 0x8A8F, 0x8AB0, 0x8AF0, 0x92F1, 0x9311, 0x9331, 0x9331, 0x9351, 0x9372,
    0x8408, 0x8C08, 0x8C29, 0x8C29, 0x8C29, 0x8C09, 0x8C09, 0x8BE9, 0x8BC9, 0x8BA9, 0x8B88, 0x8B68, 0x8B28, 0x8AE8, 0x8AA8, 0x8A88,
    0x8A69, 0x8A69, 0x8A4A, 0x8A6B, 0x8A6C, 0x8A6D, 0x8A8E, 0x8AAF, 0x92F0, 0x9311, 0x9331, 0x9351, 0x9351, 0x9371, 0x9392, 0x93B2,
    0x8408, 0x8408, 0x8C08, 0x8C09, 0x8C29, 0x8C09, 0x8C09, 0x8BE9, 0x8BE9, 0x8BC9, 0x8BA9, 0x8B89, 0x8B69, 0x8B49, 0x8B09, 0x8AC9,
    0x8AA9, 0x8AA9, 0x8A8A, 0x8A8B, 0x8AAC, 0x92AD, 0x92CE, 0x92EF, 0x9310, 0x9351, 0x9371, 0x9371, 0x9392, 0x9392, 0x93B2, 0x93D2,
    0x83E8, 0x8408, 0x8408, 0x8C08, 0x8C09, 0x8C09, 0x8BE9, 0x8BE8, 0x8BC8, 0x8BC8, 0x8BC8, 0x8BA9, 0x8B89, 0x8B89, 0x8B69, 0x8B29,
    0x8B09, 0x8AEA, 0x92CA, 0x92CB, 0x92CC, 0x92ED, 0x92EE, 0x930F, 0x9350, 0x9371, 0x9391, 0x93B2, 0x93B2, 0x93B2, 0x93D2, 0x93F2,
    0x7BE7, 0x8408, 0x8408, 0x8408, 0x8C09, 0x8C09, 0x8C09, 0x8BE8, 0x8BE8, 0x8BC8, 0x8BC8, 0x8BC9, 0x8BC9, 0x8BA9, 0x8BA9, 0x8B8A,
    0x936A, 0x934A, 0x932B, 0x932C, 0x932D, 0x932E, 0x932F, 0x9350, 0x9391, 0x93B1, 0x93B1, 0x93D2, 0x93D2, 0x93D2, 0x93F2, 0x9412,
    0x7C07, 0x8408, 0x8408, 0x8408, 0x8C29, 0x8C29, 0x8C09, 0x8C09, 0x8BE9, 0x8BE9, 0x8BE9, 0x8BE9, 0x8BE9, 0x8BC9, 0x8BCA, 0x93CA,
    0x93CA, 0x93AB, 0x938B, 0x936C, 0x936D, 0x936E, 0x938F, 0x9390, 0x93B1, 0x93D1, 0x93F2, 0x93F2, 0x93F2, 0x93F2, 0x9412, 0x9432,
    0x7C08, 0x7C08, 0x8428, 0x8429, 0x8C29, 0x8C29, 0x8C29, 0x8C29, 0x8C09, 0x8C09, 0x8C09, 0x8C09, 0x8C0A, 0x8C0A, 0x8C0A, 0x940A,
    0x940B, 0x93EB, 0x93EC, 0x93CC, 0x93CD, 0x93AE, 0x93CF, 0x93D0, 0x93F1, 0x9412, 0x9412, 0x9412, 0x9412, 0x9412, 0x9432, 0x9453,
    0x7C08, 0x7C28, 0x8429, 0x8449, 0x8C4A, 0x8C4A, 0x8C4A, 0x8C4A, 0x8C4A, 0x8C4A, 0x8C2A, 0x8C2A, 0x8C2A, 0x8C2B, 0x942B, 0x942B,
    0x942C, 0x942C, 0x942D, 0x942D, 0x940E, 0x940F, 0x9410, 0x9410, 0x9431, 0x9432, 0x9432, 0x9432, 0x9432, 0x9432, 0x9453, 0x9453,
    0x7C28, 0x7C49, 0x8449, 0x8C6A, 0x8C6B, 0x8C6B, 0x8C6B, 0x946B, 0x946B, 0x946B, 0x946B, 0x946C, 0x946C, 0x946C, 0x946C, 0x946C,
    0x946D, 0x946D, 0x946D, 0x946E, 0x944F, 0x944F, 0x9450, 0x9451, 0x9451, 0x9452, 0x9452, 0x9452, 0x9452, 0x9453, 0x9453, 0x9473,
    0x7C49, 0x8449, 0x846A, 0x8C8B, 0x8C8B, 0x948C, 0x948C, 0x948C, 0x948D, 0x948D, 0x948D, 0x948D, 0x948D, 0x948D, 0x948D, 0x948E,
    0x948E, 0x948E, 0x948E, 0x948F, 0x9C8F, 0x9C90, 0x9C70, 0x9C71, 0x9C71, 0x9C72, 0x9472, 0x9472, 0x9453, 0x9453, 0x9473, 0x9493,
    0x7C4A, 0x846A, 0x8C8B, 0x8C8C, 0x94AC, 0x94AD, 0x94AD, 0x94AD, 0x94AE, 0x94AE, 0x94AE, 0x94AE, 0x94AE, 0x94AF, 0x94AF, 0x94CF,
    0x9CCF, 0x9CD0, 0x9CD0, 0x9CB0, 0x9CB0, 0x9CB0, 0x9CB1, 0x9CB1, 0x9CB2, 0x9CB2, 0x9C92, 0x9493, 0x9473, 0x9473, 0x9493, 0x9CB3,
    0x846A, 0x848B, 0x8C8C, 0x8CAD, 0x94AD, 0x94CE, 0x94CE, 0x94CE, 0x94CF, 0x94CF, 0x94CF, 0x9CCF, 0x9CD0, 0x9CD0, 0x9CF0, 0x9CF1,
    0x9CF1, 0x9CF1, 0x9CF1, 0x9CF1, 0x9CF1, 0x9CD1, 0x9CD1, 0x9CD1, 0x9CD2, 0x9CD2, 0x9CB2, 0x94B3, 0x9493, 0x9473, 0x9493, 0x9CB3,
    0x848B, 0x8C8C, 0x8CAD, 0x94AD, 0x94CE, 0x94CE, 0x94CF, 0x94CF, 0x94CF, 0x94D0, 0x9CF0, 0x9CF0, 0x9CF1, 0x9CF1, 0x9CF1, 0x9CF1,
    0x9CF1, 0x9CF2, 0x9CF2, 0x9CF2, 0x9CF2, 0x9CF2, 0x9CF2, 0x9CF2, 0x9CF2, 0x9CD2, 0x9CD3, 0x94D3, 0x94B3, 0x94B3, 0x94B3, 0x9CD3,
    0x848C, 0x8CAD, 0x8CCE, 0x94CE, 0x94CF, 0x94CF, 0x94CF, 0x94F0, 0x94F0, 0x9CF0, 0x9CF1, 0x9CF1, 0x9CF1, 0x9CF1, 0x9CF2, 0x9CF2,
    0x9D12, 0x9D12, 0x9D12, 0x9D12, 0x9D12, 0x9D12, 0x9D12, 0x9CF2, 0x9CF2, 0x9CF2, 0x9CF3, 0x94F3, 0x94F3, 0x94D3, 0x9CD3, 0x9CF4,
    0x8CAD, 0x8CCE, 0x94CE, 0x94CF, 0x94CF, 0x94CF, 0x94F0, 0x94F0, 0x94F0, 0x94F1, 0x94F1, 0x9CF1, 0x9CF2, 0x9CF2, 0x9CF2, 0x9D12,
    0x9D12, 0x9D12, 0x9D12, 0x9D13, 0x9D12, 0x9D12, 0x9D12, 0x9D12, 0x9D12, 0x9D12, 0x9D13, 0x9513, 0x94F3, 0x94F3, 0x9CF4, 0x9CF4,
    0x8CCE, 0x8CCE, 0x94CF, 0x94CF, 0x94D0, 0x94F0, 0x94F0, 0x94F1, 0x94F1, 0x94F1, 0x94F2, 0x94F2, 0x9CF2, 0x9D12, 0x9D12, 0x9D12,
    0x9D13, 0x9D13, 0x9D13, 0x9D13, 0x9D13, 0x9D12, 0x9D12, 0x9D12, 0x9D12, 0x9D13, 0x9D13, 0x9D13, 0x9513, 0x9513, 0x9D14, 0x9D14,
    0x8CCF, 0x94CF, 0x94CF, 0x94D0, 0x94F0, 0x94F0, 0x94F1, 0x94F1, 0x94F1, 0x94F2, 0x94F2, 0x94F2, 0x9D12, 0x9D12, 0x9D12, 0x9D13,
    0x9D13, 0x9D13, 0x9D13, 0x9D13, 0x9D12, 0x9D12, 0x9D12, 0x9D12, 0x9D13, 0x9D13, 0x9D13, 0x9D13, 0x9D13, 0x9D13, 0x9D14, 0x9D14,
    0x94CF, 0x94D0, 0x94D0, 0x94F0, 0x94F1, 0x94F1, 0x94F1, 0x94F1, 0x94F2, 0x94F2, 0x94F2, 0x9512, 0x9D12, 0x9D12, 0x9D13, 0x9D13,
    0x9D13, 0x9D13, 0x9D13, 0x9D12, 0x9D12, 0x9D12, 0x9D12, 0x9D12, 0x9D13, 0x9D13, 0x9D33, 0x9D33, 0x9D33, 0x9D33, 0x9D34, 0x9D34,
    0x89E7, 0x89C7, 0x81C7, 0x81A7, 0x81A7, 0x81A7, 0x81A7, 0x8188, 0x8188, 0x8188, 0x8189, 0x8189, 0x818A, 0x818A, 0x818A, 0x818B,
    0x818B, 0x818B, 0x818B, 0x81AC, 0x81AC, 0x89AC, 0x89AD, 0x89AD, 0x89AD, 0x89AE, 0x89AE, 0x89AE, 0x89AF, 0x89CF, 0x89CF, 0x89D0,
    0x8A47, 0x8A07, 0x89C7, 0x89C7, 0x89A7, 0x89A7, 0x81A7, 0x81A8, 0x81A8, 0x81A8, 0x81A9, 0x81A9, 0x81AA, 0x81AA, 0x81AA, 0x81AA,
    0x89AB, 0x89AB, 0x89AB, 0x89AC, 0x89AC, 0x89AD, 0x89AD, 0x89AD, 0x89AE, 0x89AE, 0x89AE, 0x89CF, 0x89CF, 0x89CF, 0x89CF, 0x89D0,
    0x8A87, 0x8A47, 0x89E7, 0x89E7, 0x89C7, 0x89C7, 0x89A7, 0x89A7, 0x89A8, 0x89A8, 0x89A9, 0x89A9, 0x89A9, 0x89AA, 0x89AA, 0x89AA,
    0x89AA, 0x89AB, 0x89AB, 0x89AC, 0x89AC, 0x89AD, 0x89AD, 0x89CD, 0x89CE, 0x89CE, 0x89CF, 0x89CF, 0x89CF, 0x89CF, 0x89CF, 0x89D0,
    0x8AC7, 0x8A87, 0x8A47, 0x8A07, 0x89E7, 0x89C7, 0x89C7, 0x89C7, 0x89A8, 0x89A8, 0x89A8, 0x89A9, 0x89A9, 0x89A9, 0x89AA, 0x89AA,
    0x89AA, 0x89AB, 0x89AB, 0x89AC, 0x89CC, 0x89CD, 0x89CD, 0x89CE, 0x89CE, 0x89CE, 0x89CF, 0x89CF, 0x89CF, 0x89CF, 0x89D0, 0x89D0,
    0x8B07, 0x8AC7, 0x8AA7, 0x8A47, 0x8A07, 0x89E7, 0x89C7, 0x89C7, 0x89C8, 0x89C8, 0x89C8, 0x89C8, 0x89A9, 0x89A9, 0x89A9, 0x89AA,
    0x89CA, 0x89CA, 0x89CB, 0x89CB, 0x89CC, 0x89CD, 0x89CD, 0x89CE, 0x89CE, 0x89CF, 0x89CF, 0x89CF, 0x89CF, 0x89D0, 0x89D0, 0x89F0,
    0x8B27, 0x8B07, 0x8AE7, 0x8AA7, 0x8A67, 0x8A27, 0x89E7, 0x89E7, 0x89C8, 0x89C8, 0x89C8, 0x89C8, 0x89C8, 0x89C9, 0x89C9, 0x89C9,
    0x89CA, 0x89CA, 0x89CB, 0x89CB, 0x89CC, 0x89CD, 0x89CD, 0x89CE, 0x89CE, 0x89CF, 0x89EF, 0x89EF, 0x89F0, 0x89F0, 0x89F0, 0x89F0,
    0x8B67, 0x8B47, 0x8B48, 0x8AE8, 0x8AA7, 0x8A67, 0x8A27, 0x8A07, 0x89E8, 0x89C8, 0x89C8, 0x89C8, 0x89C8, 0x89C8, 0x89C9, 0x89C9,
    0x89C9, 0x89CA, 0x89CA, 0x89CB, 0x89CC, 0x89CC, 0x89CD, 0x89CE, 0x89CE, 0x89EF, 0x89EF, 0x89F0, 0x89F0, 0x89F0, 0x8A10, 0x8A10,
    0x8B88, 0x8B88, 0x8B88, 0x8B48, 0x8B08, 0x8AC8, 0x8A68, 0x8A28, 0x8A08, 0x89E8, 0x89E8, 0x89C8, 0x89C8, 0x89C8, 0x89C8, 0x89C9,
    0x89C9, 0x89C9, 0x89CA, 0x89CB, 0x89CB, 0x89CC, 0x89CD, 0x89EE, 0x89EE, 0x89EF, 0x89EF, 0x89F0, 0x8A10, 0x8A10, 0x8A30, 0x8A30,
    0x8BA8, 0x8BA8, 0x8BA8, 0x8B88, 0x8B68, 0x8B08, 0x8AC8, 0x8A68, 0x8A28, 0x8A08, 0x89E8, 0x89E8, 0x89C8, 0x89C8, 0x89C8, 0x89C9,
    0x89C9, 0x89C9, 0x89CA, 0x89CA, 0x89EB, 0x89EC, 0x89ED, 0x89EE, 0x89EE, 0x8A0F, 0x8A0F, 0x8A10, 0x8A30, 0x8A30, 0x8A50, 0x8A50,
    0x8BC8, 0x8BC8, 0x8BE8, 0x8BC8, 0x8BA8, 0x8B68, 0x8B08, 0x8AC8, 0x8A88, 0x8A28, 0x8A08, 0x89E8, 0x89E8, 0x89E8, 0x89E8, 0x89E9,
    0x89E9, 0x89E9, 0x89EA, 0x89EA, 0x89EB, 0x89EC, 0x89ED, 0x8A0E, 0x8A0E, 0x8A2F, 0x8A2F, 0x8A30, 0x8A50, 0x8A70, 0x8A70, 0x8A91,
    0x8BE8, 0x8BE8, 0x8C09, 0x8BE9, 0x8BC9, 0x8BA8, 0x8B68, 0x8B08, 0x8AC8, 0x8A68, 0x8A28, 0x8A08, 0x89E8, 0x89E8, 0x89E8, 0x89E8,
    0x89E9, 0x89E9, 0x89EA, 0x89EA, 0x89EB, 0x89EC, 0x8A0D, 0x8A0E, 0x8A2E, 0x8A4F, 0x8A50, 0x8A70, 0x8A70, 0x8A91, 0x8AB1, 0x8AB1,
    0x8C08, 0x8C09, 0x8C09, 0x8C09, 0x8C09, 0x8BC9, 0x8B88, 0x8B48, 0x8B08, 0x8AC8, 0x8A68, 0x8A48, 0x8A08, 0x8A08, 0x89E8, 0x89E8,
    0x89E9, 0x89E9, 0x89EA, 0x8A0B, 0x8A0B, 0x8A0C, 0x8A0D, 0x8A2E, 0x8A4F, 0x8A6F, 0x8A90, 0x8AB0, 0x8AB1, 0x8AD1, 0x8AD1, 0x8AF1,
    0x8C08, 0x8C29, 0x8C29, 0x8C29, 0x8C29, 0x8BE9, 0x8BC9, 0x8B88, 0x8B48, 0x8B08, 0x8AC8, 0x8A68, 0x8A48, 0x8A28, 0x8A08, 0x8A08,
    0x8A09, 0x8A09, 0x8A0A, 0x8A0B, 0x8A0B, 0x8A2C, 0x8A2D, 0x8A4E, 0x8A6F, 0x8A90, 0x8AB0, 0x8AD1, 0x8AF1, 0x8AF1, 0x8B11, 0x9331,
    0x8C08, 0x8C29, 0x8C29, 0x8C29, 0x8C29, 0x8C09, 0x8BE9, 0x8BA9, 0x8B88, 0x8B48, 0x8B08, 0x8AC8, 0x8A88, 0x8A48, 0x8A28, 0x8A29,
    0x8A29, 0x8A2A, 0x8A2A, 0x8A2B, 0x8A2C, 0x8A4D, 0x8A4D, 0x8A6E, 0x8A8F, 0x8AB0, 0x92F0, 0x9311, 0x9331, 0x9331, 0x9351, 0x9371,
    0x8C08, 0x8C29, 0x8C29, 0x8C29, 0x8C29, 0x8C09, 0x8BE9, 0x8BC9, 0x8BA8, 0x8B68, 0x8B48, 0x8B08, 0x8AC8, 0x8AA8, 0x8A68, 0x8A69,
    0x8A49, 0x8A4A, 0x8A4A, 0x8A4B, 0x8A6C, 0x8A6D, 0x8A8E, 0x8A8E, 0x8AAF, 0x92F0, 0x9311, 0x9351, 0x9351, 0x9351, 0x9372, 0x9392,
    0x8C08, 0x8C29, 0x8C29, 0x8C29, 0x8C29, 0x8C09, 0x8BE9, 0x8BE9, 0x8BC9, 0x8BA8, 0x8B68, 0x8B48, 0x8B28, 0x8AE8, 0x8AC9, 0x8AA9,
    0x8A89, 0x8A8A, 0x8A8A, 0x8A8B, 0x8A8C, 0x8A8D, 0x92AE, 0x92CF, 0x92F0, 0x9310, 0x9351, 0x9391, 0x9391, 0x9392, 0x93B2, 0x93D2,
    0x8408, 0x8C08, 0x8C29, 0x8C29, 0x8C09, 0x8C09, 0x8BE9, 0x8BE9, 0x8BC8, 0x8BA8, 0x8B88, 0x8B89, 0x8B69, 0x8B49, 0x8B09, 0x8AE9,
    0x8AC9, 0x8AAA, 0x92AB, 0x92AB, 0x92AC, 0x92CD, 0x92CE, 0x92EF, 0x9310, 0x9351, 0x9371, 0x93B2, 0x93B2, 0x93B2, 0x93D2, 0x93F2,
    0x8408, 0x8408, 0x8C08, 0x8C09, 0x8C09, 0x8BE9, 0x8BE8, 0x8BC8, 0x8BC8, 0x8BC8, 0x8BA9, 0x8BA9, 0x8B89, 0x8B89, 0x8B69, 0x8B49,
    0x932A, 0x930A, 0x92EB, 0x92EC, 0x92ED, 0x92ED, 0x930E, 0x932F, 0x9350, 0x9371, 0x93B1, 0x93D2, 0x93D2, 0x93D2, 0x93F2, 0x9412,
    0x8408, 0x8408, 0x8C08, 0x8C09, 0x8C09, 0x8C09, 0x8BE8, 0x8BC8, 0x8BC8, 0x8BC8, 0x8BC9, 0x8BC9, 0x8BC9, 0x8BA9, 0x93AA, 0x938A,
    0x936A, 0x934A, 0x934B, 0x932C, 0x932D, 0x932D, 0x934E, 0x934F, 0x9370, 0x93B1, 0x93D1, 0x93F2, 0x93F2, 0x93F2, 0x9412, 0x9432,
    0x8408, 0x8408, 0x8408, 0x8C29, 0x8C29, 0x8C09, 0x8BE9, 0x8BE8, 0x8BC8, 0x8BC8, 0x8BC9, 0x8BC9, 0x8BE9, 0x8BEA, 0x93CA, 0x93CA,
    0x93CB, 0x93AB, 0x938B, 0x936C, 0x936D, 0x936E, 0x938F, 0x9390, 0x93B0, 0x93D1, 0x93F2, 0x9412, 0x9412, 0x9412, 0x9432, 0x9452,
    0x7C08, 0x8408, 0x8429, 0x8C29, 0x8C29, 0x8C29, 0x8C09, 0x8C09, 0x8BE9, 0x8BE9, 0x8BE9, 0x8BE9, 0x8C0A, 0x8C0A, 0x940A, 0x940B,
    0x93EB, 0x93EB, 0x93EC, 0x93CC, 0x93AD, 0x93AE, 0x93AF, 0x93D0, 0x93D1, 0x93F1, 0x9412, 0x9412, 0x9432, 0x9432, 0x9452, 0x9453,
    0x7C08, 0x8428, 0x8429, 0x8C49, 0x8C4A, 0x8C4A, 0x8C4A, 0x8C2A, 0x8C2A, 0x8C2A, 0x8C0A, 0x8C2A, 0x8C2A, 0x942B, 0x942B, 0x942B,
    0x942C, 0x942C, 0x942C, 0x940D, 0x940D, 0x93EE, 0x93EF, 0x93F0, 0x9411, 0x9431, 0x9432, 0x9432, 0x9432, 0x9452, 0x9453, 0x9473,
    0x7C28, 0x8449, 0x8C4A, 0x8C6A, 0x8C6B, 0x8C6B, 0x8C6B, 0x8C6B, 0x8C4B, 0x8C4B, 0x8C4B, 0x8C4B, 0x944B, 0x944B, 0x944C, 0x944C,
    0x944C, 0x944D, 0x944D, 0x944E, 0x944E, 0x9C2F, 0x9C2F, 0x9C30, 0x9C31, 0x9C52, 0x9C52, 0x9452, 0x9452, 0x9453, 0x9473, 0x9C93,
    0x7C49, 0x844A, 0x8C6A, 0x8C6B, 0x8C8B, 0x948C, 0x948C, 0x948C, 0x948C, 0x946C, 0x946C, 0x946C, 0x946C, 0x948D, 0x948D, 0x948D,
    0x948D, 0x948E, 0x948E, 0x948E, 0x9C6F, 0x9C6F, 0x9C70, 0x9C70, 0x9C71, 0x9C72, 0x9C72, 0x9C72, 0x9C73, 0x9C73, 0x9C93, 0x9C93,
    0x844A, 0x846A, 0x8C8B, 0x8C8C, 0x94AC, 0x94AD, 0x94AD, 0x94AD, 0x94AD, 0x94AD, 0x94AD, 0x94AD, 0x94AE, 0x94AE, 0x94AE, 0x94AE,
    0x94AF, 0x9CAF, 0x9CAF, 0x9CAF, 0x9CB0, 0x9CB0, 0x9C90, 0x9C91, 0x9C91, 0x9C92, 0x9C92, 0x9C93, 0x9C93, 0x9C93, 0x9C93, 0x9CB3,
    0x846A, 0x8C8B, 0x8C8C, 0x94AC, 0x94AD, 0x94AD, 0x94AE, 0x94CE, 0x94CE, 0x94CE, 0x94CF, 0x94CF, 0x94CF, 0x94CF, 0x9CD0, 0x9CD0,
    0x9CD0, 0x9CD0, 0x9CD0, 0x9CD0, 0x9CD1, 0x9CD1, 0x9CD1, 0x9CD1, 0x9CB1, 0x9CB2, 0x9CB2, 0x9CB3, 0x9CB3, 0x9C93, 0x9CB3, 0x9CD3,
    0x8C8B, 0x8C8C, 0x8CAD, 0x94AD, 0x94CE, 0x94CE, 0x94CE, 0x94CF, 0x94CF, 0x94CF, 0x9CD0, 0x9CD0, 0x9CF0, 0x9CF0, 0x9CF1, 0x9CF1,
    0x9CF1, 0x9CF1, 0x9CF1, 0x9CF1, 0x9CF1, 0x9CF1, 0x9CF2, 0x9CF2, 0x9CD2, 0x9CD2, 0x9CD2, 0x9CD3, 0x9CD3, 0x9CB3, 0x9CD3, 0x9CD3,
    0x8CAC, 0x8CAD, 0x94AE, 0x94CE, 0x94CE, 0x94CF, 0x94CF, 0x9CCF, 0x9CF0, 0x9CF0, 0x9CF0, 0x9CF1, 0x9CF1, 0x9CF1, 0x9CF2, 0x9CF2,
    0x9CF2, 0x9D12, 0x9D12, 0x9D12, 0x9D12, 0x9D12, 0x9D12, 0x9CF2, 0x9CF2, 0x9CF2, 0x9CF3, 0x9CF3, 0x9CF3, 0x9CD3, 0x9CF4, 0x9CF4,
    0x8CAD, 0x8CAE, 0x94CE, 0x94CF, 0x94CF, 0x94CF, 0x94F0, 0x94F0, 0x9CF0, 0x9CF1, 0x9CF1, 0x9CF1, 0x9CF1, 0x9CF2, 0x9CF2, 0x9D12,
    0x9D12, 0x9D12, 0x9D12, 0x9D12, 0x9D12, 0x9D12, 0x9D12, 0x9D12, 0x9D12, 0x9D12, 0x9D13, 0x9D13, 0x9CF3, 0x9CF3, 0x9CF4, 0x9D14,
    0x8CCE, 0x94CE, 0x94CF, 0x94CF, 0x94D0, 0x94F0, 0x94F0, 0x94F0, 0x94F1, 0x9CF1, 0x9CF1, 0x9CF2, 0x9CF2, 0x9D12, 0x9D12, 0x9D12,
    0x9D13, 0x9D13, 0x9D13, 0x9D13, 0x9D13, 0x9D13, 0x9D13, 0x9D13, 0x9D13, 0x9D13, 0x9D13, 0x9D13, 0x9D13, 0x9D14, 0x9D14, 0x9D14,
    0x94CF, 0x94CF, 0x94CF, 0x94D0, 0x94F0, 0x94F0, 0x94F1, 0x94F1, 0x94F1, 0x94F1, 0x9CF2, 0x9CF2, 0x9D12, 0x9D12, 0x9D12, 0x9D13,
    0x9D13, 0x9D13, 0x9D13, 0x9D13, 0x9D13, 0x9D13, 0x9D12, 0x9D13, 0x9D13, 0x9D13, 0x9D13, 0x9D33, 0x9D33, 0x9D33, 0x9D34, 0x9D14,
    0x94CF, 0x94CF, 0x94D0, 0x94F0, 0x94F0, 0x94F1, 0x94F1, 0x94F1, 0x94F2, 0x94F2, 0x9CF2, 0x9D12, 0x9D12, 0x9D12, 0x9D13, 0x9D13,
    0x9D13, 0x9D13, 0x9D13, 0x9D13, 0x9D12, 0x9D12, 0x9D12, 0x9D12, 0x9D13, 0x9D13, 0x9D33, 0x9D33, 0x9D33, 0x9D33, 0x9D34, 0x9D34,
    0x89E7, 0x89E7, 0x89C7, 0x89A7, 0x89A7, 0x81A7, 0x81A7, 0x81A8, 0x81A8, 0x81A8, 0x81A9, 0x8189, 0x81AA, 0x81AA, 0x81AA, 0x81AA,
    0x89AB, 0x89AB, 0x89AB, 0x89AC, 0x89AC, 0x89AC, 0x89AD, 0x89AD, 0x89AD, 0x89AE, 0x89AE, 0x89AE, 0x89CF, 0x89CF, 0x89CF, 0x89D0,
    0x8A47, 0x8A07, 0x89E7, 0x89C7, 0x89C7, 0x89A7, 0x89A7, 0x89A8, 0x89A8, 0x89A8, 0x89A9, 0x89A9, 0x89A9, 0x89AA, 0x89AA, 0x89AA,
    0x89AA, 0x89AB, 0x89AB, 0x89AC, 0x89AC, 0x89AC, 0x89AD, 0x89CD, 0x89CE, 0x89CE, 0x89CE, 0x89CF, 0x89CF, 0x89CF, 0x89CF, 0x89D0,
    0x8A87, 0x8A47, 0x89E7, 0x89E7, 0x89C7, 0x89C7, 0x89C7, 0x89C8, 0x89A8, 0x89A8, 0x89A8, 0x89A9, 0x89A9, 0x89A9, 0x89AA, 0x89AA,
    0x89AA, 0x89AB, 0x89AB, 0x89AC, 0x89CC, 0x89CD, 0x89CD, 0x89CD, 0x89CE, 0x89CE, 0x89CE, 0x89CF, 0x89CF, 0x89CF, 0x89D0, 0x89D0,
    0x8AC7, 0x8A87, 0x8A47, 0x8A07, 0x89E7, 0x89E7, 0x89C7, 0x89C7, 0x89C8, 0x89C8, 0x89C8, 0x89A9, 0x89A9, 0x89A9, 0x89A9, 0x89A9,
    0x89CA, 0x89CA, 0x89CB, 0x89CB, 0x89CC, 0x89CC, 0x89CD, 0x89CD, 0x89CE, 0x89CE, 0x89CF, 0x89CF, 0x89CF, 0x89CF, 0x89D0, 0x89D0,
    0x8B07, 0x8AC7, 0x8A87, 0x8A47, 0x8A07, 0x89E7, 0x89E7, 0x89C7, 0x89C8, 0x89C8, 0x89C8, 0x89C8, 0x89C9, 0x89C9, 0x89C9, 0x89C9,
    0x89C9, 0x89CA, 0x89CA, 0x89CB, 0x89CC, 0x89CC, 0x89CD, 0x89CD, 0x89CE, 0x89CE, 0x89CF, 0x89CF, 0x89EF, 0x89F0, 0x89F0, 0x89F0,
    0x8B47, 0x8B07, 0x8AE7, 0x8AA7, 0x8A67, 0x8A27, 0x8A07, 0x89E7, 0x89C8, 0x89C8, 0x89C8, 0x89C8, 0x89C8, 0x89C9, 0x89C9, 0x89C9,
    0x89C9, 0x89CA, 0x89CA, 0x89CB, 0x89CB, 0x89CC, 0x89CD, 0x89CD, 0x89CE, 0x89CE, 0x89EF, 0x89EF, 0x89EF, 0x89F0, 0x89F0, 0x8A10,
    0x8B88, 0x8B68, 0x8B48, 0x8AE8, 0x8AA8, 0x8A68, 0x8A27, 0x8A08, 0x89E8, 0x89E8, 0x89C8, 0x89C8, 0x89C8, 0x89C8, 0x89C9, 0x89C9,
    0x89C9, 0x89C9, 0x89CA, 0x89CA, 0x89CB, 0x89CC, 0x89CD, 0x89CD, 0x89EE, 0x89EE, 0x89EF, 0x89EF, 0x89F0, 0x8A10, 0x8A10, 0x8A10,
    0x8BA8, 0x8B88, 0x8B88, 0x8B48, 0x8B08, 0x8AA8, 0x8A68, 0x8A28, 0x8A08, 0x89E8, 0x89E8, 0x89E8, 0x89C8, 0x89C8, 0x89C8, 0x89C9,
    0x89C9, 0x89C9, 0x89CA, 0x89CA, 0x89EB, 0x89EC, 0x89EC, 0x89ED, 0x89EE, 0x89EE, 0x8A0F, 0x8A0F, 0x8A10, 0x8A30, 0x8A30, 0x8A50,
    0x8BC8, 0x8BC8, 0x8BA8, 0x8B88, 0x8B48, 0x8B08, 0x8AA8, 0x8A68, 0x8A28, 0x8A08, 0x89E8, 0x89E8, 0x89E8, 0x89E8, 0x89E8, 0x89E9,
    0x89E9, 0x89E9, 0x89EA, 0x89EA, 0x89EB, 0x89EC, 0x89EC, 0x89ED, 0x8A0E, 0x8A0F, 0x8A0F, 0x8A30, 0x8A30, 0x8A50, 0x8A70, 0x8A70,
    0x8BE8, 0x8BE8, 0x8BE9, 0x8BA8, 0x8B88, 0x8B48, 0x8B08, 0x8AA8, 0x8A68, 0x8A28, 0x8A08, 0x89E8, 0x89E8, 0x89E8, 0x89E8, 0x89E9,
    0x89E9, 0x89E9, 0x89EA, 0x89EA, 0x89EB, 0x89EC, 0x8A0C, 0x8A0D, 0x8A0E, 0x8A2F, 0x8A4F, 0x8A50, 0x8A70, 0x8A90, 0x8A91, 0x8AB1,
    0x8C09, 0x8C09, 0x8C09, 0x8BE9, 0x8BC8, 0x8B88, 0x8B48, 0x8AE8, 0x8AA8, 0x8A68, 0x8A28, 0x8A08, 0x8A08, 0x8A08, 0x89E8, 0x89E9,
    0x89E9, 0x89E9, 0x89EA, 0x8A0B, 0x8A0B, 0x8A0C, 0x8A0D, 0x8A2D, 0x8A2E, 0x8A4F, 0x8A6F, 0x8A90, 0x8A90, 0x8AB1, 0x8AD1, 0x8AF1,
    0x8C09, 0x8C29, 0x8C29, 0x8C09, 0x8BE9, 0x8BA8, 0x8B68, 0x8B28, 0x8AE8, 0x8AA8, 0x8A68, 0x8A48, 0x8A28, 0x8A08, 0x8A08, 0x8A09,
    0x8A09, 0x8A0A, 0x8A0A, 0x8A0B, 0x8A0B, 0x8A2C, 0x8A2D, 0x8A4E, 0x8A6E, 0x8A8F, 0x8A90, 0x8AB0, 0x8AD1, 0x8AF1, 0x8B11, 0x8B11,
    0x8C29, 0x8C29, 0x8C29, 0x8C29, 0x8C09, 0x8BC9, 0x8BA8, 0x8B68, 0x8B28, 0x8AE8, 0x8AA8, 0x8A88, 0x8A48, 0x8A48, 0x8A28, 0x8A29,
    0x8A29, 0x8A2A, 0x8A2A, 0x8A2B, 0x8A2C, 0x8A4C, 0x8A4D, 0x8A6E, 0x8A8F, 0x8AAF, 0x8AD0, 0x92F1, 0x9311, 0x9331, 0x9331, 0x9351,
    0x8C29, 0x8C29, 0x8C4A, 0x8C29, 0x8C09, 0x8BE9, 0x8BC9, 0x8B88, 0x8B68, 0x8B28, 0x8B08, 0x8AC8, 0x8AA8, 0x8A68, 0x8A69, 0x8A49,
    0x8A49, 0x8A4A, 0x8A4B, 0x8A4B, 0x8A6C, 0x8A6D, 0x8A6D, 0x8A8E, 0x8AAF, 0x92D0, 0x92F0, 0x9331, 0x9351, 0x9351, 0x9371, 0x9392,
    0x8C29, 0x8C29, 0x8C4A, 0x8C29, 0x8C09, 0x8BE9, 0x8BC9, 0x8BA9, 0x8B88, 0x8B68, 0x8B28, 0x8B08, 0x8AE8, 0x8AA8, 0x8A89, 0x8A89,
    0x8A89, 0x8A8A, 0x8A8B, 0x8A8C, 0x8A8C, 0x8A8D, 0x92AE, 0x92AF, 0x92CF, 0x9310, 0x9331, 0x9351, 0x9371, 0x9391, 0x9392, 0x93B2,
    0x8C29, 0x8C29, 0x8C29, 0x8C29, 0x8C09, 0x8BE9, 0x8BE9, 0x8BC9, 0x8BA8, 0x8B88, 0x8B69, 0x8B49, 0x8B29, 0x8B09, 0x8AE9, 0x8AC9,
    0x8AAA, 0x92AA, 0x92AB, 0x92AC, 0x92AD, 0x92CD, 0x92CE, 0x92EF, 0x9310, 0x9330, 0x9351, 0x9391, 0x9391, 0x93B2, 0x93D2, 0x93D2,
    0x8C08, 0x8C29, 0x8C29, 0x8C09, 0x8C09, 0x8BE9, 0x8BE9, 0x8BC8, 0x8BA8, 0x8BA9, 0x8B89, 0x8B89, 0x8B69, 0x8B49, 0x8B29, 0x8B09,
    0x930A, 0x92EA, 0x92EB, 0x92EC, 0x92ED, 0x92EE, 0x930E, 0x930F, 0x9330, 0x9350, 0x9391, 0x93B1, 0x93D2, 0x93D2, 0x93F2, 0x93F2,
    0x8408, 0x8C08, 0x8C09, 0x8C09, 0x8BE9, 0x8BE8, 0x8BC8, 0x8BC8, 0x8BC8, 0x8BA9, 0x8BA9, 0x8BA9, 0x8B89, 0x8B89, 0x936A, 0x936A,
    0x934A, 0x932B, 0x932B, 0x932C, 0x932D, 0x932E, 0x934F, 0x934F, 0x9370, 0x9391, 0x93B1, 0x93D2, 0x93F2, 0x93F2, 0x9412, 0x9412,
    0x8408, 0x8C08, 0x8C09, 0x8C09, 0x8BE8, 0x8BE8, 0x8BC8, 0x8BC8, 0x8BC8, 0x8BC9, 0x8BC9, 0x8BC9, 0x8BC9, 0x93AA, 0x93AA, 0x93AA,
    0x938B, 0x938B, 0x936C, 0x936C, 0x936D, 0x936E, 0x936F, 0x9390, 0x9390, 0x93B1, 0x93D1, 0x93F2, 0x9412, 0x9412, 0x9412, 0x9432,
    0x8408, 0x8408, 0x8C29, 0x8C09, 0x8C09, 0x8BE8, 0x8BE8, 0x8BC8, 0x8BC8, 0x8BC9, 0x8BC9, 0x8BE9, 0x8BEA, 0x93EA, 0x93EA, 0x93EB,
    0x93CB, 0x93CC, 0x93AC, 0x93AC, 0x93AD, 0x938E, 0x93AF, 0x93B0, 0x93D1, 0x93F1, 0x93F1, 0x9412, 0x9412, 0x9432, 0x9432, 0x9452,
    0x8408, 0x8428, 0x8C29, 0x8C29, 0x8C09, 0x8C09, 0x8BE9, 0x8BE9, 0x8BE9, 0x8BE9, 0x8BE9, 0x8C0A, 0x8C0A, 0x940A, 0x940B, 0x940B,
    0x940C, 0x940C, 0x93EC, 0x93ED, 0x93CD, 0x93CE, 0x93CF, 0x93F0, 0x93F1, 0x9411, 0x9432, 0x9432, 0x9432, 0x9432, 0x9452, 0x9473,
    0x8408, 0x8429, 0x8C49, 0x8C4A, 0x8C4A, 0x8C2A, 0x8C29, 0x8C09, 0x8C09, 0x8C09, 0x8C0A, 0x8C2A, 0x8C2A, 0x942B, 0x942B, 0x942C,
    0x942C, 0x942C, 0x942D, 0x942D, 0x940E, 0x9C0E, 0x9C0F, 0x9C10, 0x9C31, 0x9C31, 0x9C52, 0x9C52, 0x9452, 0x9452, 0x9473, 0x9C73,
    0x8429, 0x8449, 0x8C4A, 0x8C6A, 0x8C6A, 0x8C4A, 0x8C4A, 0x8C4A, 0x8C2A, 0x8C2A, 0x8C2B, 0x944B, 0x944B, 0x944C, 0x944C, 0x944C,
    0x944D, 0x944D, 0x944D, 0x944E, 0x9C4E, 0x9C4F, 0x9C30, 0x9C30, 0x9C51, 0x9C52, 0x9C52, 0x9C72, 0x9C72, 0x9C73, 0x9C73, 0x9C93,
    0x8449, 0x8C6A, 0x8C6B, 0x8C6B, 0x948B, 0x946B, 0x946B, 0x946B, 0x8C6B, 0x946B, 0x946C, 0x946C, 0x946C, 0x946D, 0x946D, 0x948D,
    0x948D, 0x948E, 0x948E, 0x9C8F, 0x9C8F, 0x9C6F, 0x9C70, 0x9C71, 0x9C71, 0x9C72, 0x9C72, 0x9C92, 0x9C93, 0x9C93, 0x9C93, 0x9CB3,
    0x846A, 0x8C6B, 0x8C8B, 0x948C, 0x948C, 0x948C, 0x948C, 0x948C, 0x948D, 0x948D, 0x948D, 0x948D, 0x948D, 0x948E, 0x94AE, 0x94AE,
    0x94AE, 0x9CAF, 0x9CAF, 0x9CAF, 0x9CB0, 0x9CB0, 0x9C90, 0x9C91, 0x9C91, 0x9C92, 0x9C92, 0x9C93, 0x9C93, 0x9C93, 0x9CB3, 0x9CB3,
    0x8C6B, 0x8C8B, 0x8C8C, 0x94AC, 0x94AD, 0x94AD, 0x94AD, 0x94AD, 0x94AE, 0x94AE, 0x94AE, 0x94AE, 0x94AF, 0x94CF, 0x9CCF, 0x9CCF,
    0x9CD0, 0x9CD0, 0x9CD0, 0x9CD0, 0x9CD0, 0x9CD1, 0x9CD1, 0x9CB1, 0x9CB1, 0x9CB2, 0x9CB2, 0x9CB3, 0x9CB3, 0x9CB3, 0x9CB3, 0x9CD3,
    0x8C8C, 0x8C8C, 0x94AD, 0x94AD, 0x94AD, 0x94CE, 0x94CE, 0x94CE, 0x94CF, 0x94CF, 0x94CF, 0x9CCF, 0x9CD0, 0x9CD0, 0x9CD0, 0x9CD0,
    0x9CF1, 0x9CF1, 0x9CF1, 0x9CF1, 0x9CF1, 0x9CF1, 0x9CD1, 0x9CD2, 0x9CD2, 0x9CD2, 0x9CD2, 0x9CD3, 0x9CD3, 0x9CD3, 0x9CD3, 0x9CF4,
    0x8CAC, 0x8CAD, 0x94AD, 0x94CE, 0x94CE, 0x94CE, 0x94CF, 0x94CF, 0x9CCF, 0x9CD0, 0x9CF0, 0x9CF0, 0x9CF1, 0x9CF1, 0x9CF1, 0x9CF1,
    0x9CF1, 0x9CF2, 0x9CF2, 0x9CF2, 0x9CF2, 0x9CF2, 0x9CF2, 0x9CF2, 0x9CF2, 0x9CF2, 0x9CF2, 0x9CF3, 0x9CF3, 0x9CD3, 0x9CF4, 0x9CF4,
    0x8CAD, 0x94AE, 0x94CE, 0x94CE, 0x94CF, 0x94CF, 0x94CF, 0x9CF0, 0x9CF0, 0x9CF0, 0x9CF1, 0x9CF1, 0x9CF1, 0x9CF1, 0x9CF2, 0x9CF2,
    0x9CF2, 0x9D12, 0x9D12, 0x9D12, 0x9D12, 0x9D12, 0x9D12, 0x9D12, 0x9D12, 0x9D12, 0x9D13, 0x9D13, 0x9CF3, 0x9CF3, 0x9CF4, 0x9D14,
    0x94CE, 0x94CE, 0x94CF, 0x94CF, 0x94CF, 0x94F0, 0x9CF0, 0x9CF0, 0x9CF1, 0x9CF1, 0x9CF1, 0x9CF1, 0x9CF2, 0x9CF2, 0x9D12, 0x9D12,
    0x9D12, 0x9D12, 0x9D13, 0x9D13, 0x9D13, 0x9D13, 0x9D13, 0x9D13, 0x9D13, 0x9D13, 0x9D13, 0x9D13, 0x9D13, 0x9D13, 0x9D14, 0x9D14,
    0x94CE, 0x94CF, 0x94CF, 0x94CF, 0x94F0, 0x94F0, 0x94F0, 0x94F1, 0x9CF1, 0x9CF1, 0x9CF2, 0x9CF2, 0x9D12, 0x9D12, 0x9D12, 0x9D12,
    0x9D13, 0x9D13, 0x9D13, 0x9D13, 0x9D13, 0x9D13, 0x9D13, 0x9D13, 0x9D13, 0x9D13, 0x9D33, 0x9D33, 0x9D33, 0x9D33, 0x9D34, 0x9D34,
    0x94CF, 0x94CF, 0x94D0, 0x94F0, 0x94F0, 0x94F1, 0x94F1, 0x94F1, 0x94F1, 0x9CF2, 0x9CF2, 0x9D12, 0x9D12, 0x9D12, 0x9D13, 0x9D13,
    0x9D13, 0x9D13, 0x9D13, 0x9D13, 0x9D13, 0x9D12, 0x9D12, 0x9D13, 0x9D13, 0x9D33, 0x9D33, 0x9D33, 0x9D33, 0x9D33, 0x9D34, 0x9D34,
    0x89E7, 0x89E7, 0x89C7, 0x89C7, 0x89A7, 0x89A7, 0x89A7, 0x89A8, 0x89A8, 0x89A8, 0x89A9, 0x89A9, 0x89A9, 0x89AA, 0x89AA, 0x89AA,
    0x89AA, 0x89AB, 0x89AB, 0x89AC, 0x89AC, 0x89AC, 0x89CD, 0x89CD, 0x89CD, 0x89CE, 0x89CE, 0x89CE, 0x89CF, 0x89CF, 0x89CF, 0x89D0,
    0x8A47, 0x8A07, 0x89E7, 0x89C7, 0x89C7, 0x89C7, 0x89C7, 0x89A8, 0x89A8, 0x89A8, 0x89A9, 0x89A9, 0x89A9, 0x89A9, 0x89AA, 0x89AA,
    0x89AA, 0x89AB, 0x89AB, 0x89AB, 0x89CC, 0x89CC, 0x89CD, 0x89CD, 0x89CD, 0x89CE, 0x89CE, 0x89CF, 0x89CF, 0x89CF, 0x89CF, 0x89D0,
    0x8A87, 0x8A27, 0x89E7, 0x89E7, 0x89E7, 0x89C7, 0x89C7, 0x89C8, 0x89C8, 0x89C8, 0x89C8, 0x89C9, 0x89A9, 0x89A9, 0x89A9, 0x89CA,
    0x89CA, 0x89CA, 0x89CB, 0x89CB, 0x89CC, 0x89CC, 0x89CD, 0x89CD, 0x89CE, 0x89CE, 0x89CE, 0x89CF, 0x89CF, 0x89EF, 0x89D0, 0x89D0,
    0x8AC7, 0x8A87, 0x8A27, 0x8A07, 0x8A07, 0x89E7, 0x89C7, 0x89C8, 0x89C8, 0x89C8, 0x89C8, 0x89C8, 0x89C9, 0x89C9, 0x89C9, 0x89C9,
    0x89C9, 0x89CA, 0x89CA, 0x89CB, 0x89CB, 0x89CC, 0x89CD, 0x89CD, 0x89CE, 0x89CE, 0x89CE, 0x89CF, 0x89EF, 0x89EF, 0x89F0, 0x89F0,
    0x8B27, 0x8AC7, 0x8A87, 0x8A47, 0x8A27, 0x8A07, 0x89E7, 0x89E8, 0x89C8, 0x89C8, 0x89C8, 0x89C8, 0x89C8, 0x89C9, 0x89C9, 0x89C9,
    0x89C9, 0x89C9, 0x89CA, 0x89CA, 0x89CB, 0x89CC, 0x89CD, 0x89CD, 0x89CE, 0x89CE, 0x89CE, 0x89CF, 0x89EF, 0x89F0, 0x89F0, 0x89F0,
    0x8B68, 0x8B28, 0x8AE8, 0x8AA8, 0x8A68, 0x8A27, 0x8A07, 0x89E8, 0x89E8, 0x89C8, 0x89C8, 0x89C8, 0x89C8, 0x89C8, 0x89C9, 0x89C9,
    0x89C9, 0x89C9, 0x89CA, 0x89CA, 0x89CB, 0x89CC, 0x89CC, 0x89CD, 0x89CD, 0x89EE, 0x89EE, 0x89EF, 0x89EF, 0x89F0, 0x8A10, 0x8A10,
    0x8B88, 0x8B68, 0x8B48, 0x8AE8, 0x8AA8, 0x8A68, 0x8A28, 0x8A08, 0x89E8, 0x89E8, 0x89E8, 0x89C8, 0x89C8, 0x89C8, 0x89C8, 0x89C9,
    0x89C9, 0x89C9, 0x89C9, 0x89CA, 0x89CB, 0x89EB, 0x89EC, 0x89ED, 0x89ED, 0x89EE, 0x89EF, 0x89EF, 0x8A0F, 0x8A10, 0x8A10, 0x8A30,
    0x8BC8, 0x8BA8, 0x8B88, 0x8B48, 0x8AE8, 0x8AA8, 0x8A68, 0x8A28, 0x8A08, 0x89E8, 0x89E8, 0x89E8, 0x89E8, 0x89E8, 0x89E8, 0x89E9,
    0x89E9, 0x89E9, 0x89EA, 0x89EA, 0x89EB, 0x89EB, 0x89EC, 0x89ED, 0x89ED, 0x8A0E, 0x8A0F, 0x8A0F, 0x8A30, 0x8A30, 0x8A50, 0x8A70,
    0x8BE8, 0x8BC8, 0x8BC8, 0x8B88, 0x8B48, 0x8AE8, 0x8AA8, 0x8A68, 0x8A28, 0x8A08, 0x89E8, 0x89E8, 0x89E8, 0x89E8, 0x89E8, 0x89E9,
    0x89E9, 0x89E9, 0x89EA, 0x89EA, 0x89EB, 0x89EB, 0x89EC, 0x8A0D, 0x8A0D, 0x8A0E, 0x8A2F, 0x8A4F, 0x8A50, 0x8A70, 0x8A70, 0x8AB1,
    0x8C09, 0x8BE9, 0x8BE9, 0x8BA8, 0x8B68, 0x8B28, 0x8AE8, 0x8AA8, 0x8A68, 0x8A28, 0x8A08, 0x8A08, 0x89E8, 0x89E8, 0x89E8, 0x89E9,
    0x89E9, 0x89E9, 0x89EA, 0x89EA, 0x8A0B, 0x8A0C, 0x8A0C, 0x8A0D, 0x8A2E, 0x8A4E, 0x8A4F, 0x8A70, 0x8A90, 0x8A90, 0x8AB1, 0x8AD1,
    0x8C09, 0x8C09, 0x8C09, 0x8BC9, 0x8BA8, 0x8B68, 0x8B28, 0x8AE8, 0x8AA8, 0x8A68, 0x8A28, 0x8A28, 0x8A08, 0x8A08, 0x8A08, 0x8A09,
    0x8A09, 0x8A0A, 0x8A0A, 0x8A0B, 0x8A0B, 0x8A0C, 0x8A2D, 0x8A2D, 0x8A4E, 0x8A6F, 0x8A8F, 0x8AB0, 0x8AB0, 0x8AD1, 0x8AF1, 0x8B11,
    0x8C29, 0x8C29, 0x8C29, 0x8BE9, 0x8BC9, 0x8B88, 0x8B48, 0x8B08, 0x8AC8, 0x8AA8, 0x8A68, 0x8A48, 0x8A28, 0x8A28, 0x8A29, 0x8A29,
    0x8A29, 0x8A2A, 0x8A2A, 0x8A2B, 0x8A2C, 0x8A4C, 0x8A4D, 0x8A4E, 0x8A6E, 0x8A8F, 0x8AB0, 0x92D0, 0x92F1, 0x9311, 0x9331, 0x9331,
    0x8C29, 0x8C4A, 0x8C4A, 0x8C09, 0x8BE9, 0x8BA8, 0x8B88, 0x8B48, 0x8B08, 0x8AE8, 0x8AA8, 0x8A88, 0x8A68, 0x8A48, 0x8A49, 0x8A49,
    0x8A4A, 0x8A4A, 0x8A4B, 0x8A4B, 0x8A4C, 0x8A6D, 0x8A6D, 0x8A8E, 0x8AAF, 0x8AAF, 0x92D0, 0x9310, 0x9331, 0x9351, 0x9371, 0x9371,
    0x8C49, 0x8C4A, 0x8C4A, 0x8C29, 0x8BE9, 0x8BC9, 0x8BA8, 0x8B68, 0x8B48, 0x8B28, 0x8AE8, 0x8AC8, 0x8AA8, 0x8A89, 0x8A89, 0x8A89,
    0x8A8A, 0x8A6A, 0x8A8B, 0x8A8C, 0x8A8C, 0x8A8D, 0x8AAE, 0x92AE, 0x92CF, 0x92F0, 0x9310, 0x9331, 0x9351, 0x9391, 0x9392, 0x9392,
    0x8C49, 0x8C4A, 0x8C4A, 0x8C29, 0x8C09, 0x8BE9, 0x8BA8, 0x8B88, 0x8B68, 0x8B48, 0x8B28, 0x8B09, 0x8AE9, 0x8AC9, 0x8AA9, 0x8AA9,
    0x92AA, 0x92AB, 0x92AB, 0x92AC, 0x92AD, 0x92CD, 0x92CE, 0x92EF, 0x92EF, 0x9310, 0x9330, 0x9371, 0x9391, 0x93B2, 0x93B2, 0x93D2,
    0x8C29, 0x8C29, 0x8C2A, 0x8C09, 0x8C09, 0x8BE9, 0x8BC8, 0x8BA8, 0x8B88, 0x8B69, 0x8B69, 0x8B49, 0x8B29, 0x8B29, 0x8B09, 0x92EA,
    0x92EA, 0x92EB, 0x92EC, 0x92EC, 0x92ED, 0x92EE, 0x930E, 0x930F, 0x9330, 0x9350, 0x9371, 0x9391, 0x93B1, 0x93D2, 0x93F2, 0x93F2,
    0x8C29, 0x8C29, 0x8C29, 0x8C09, 0x8BE9, 0x8BC8, 0x8BC8, 0x8BA8, 0x8BA8, 0x8B89, 0x8B89, 0x8B89, 0x8B69, 0x8B69, 0x934A, 0x934A,
    0x932A, 0x932B, 0x932C, 0x932D, 0x932D, 0x932E, 0x932F, 0x934F, 0x9370, 0x9370, 0x9391, 0x93B1, 0x93D2, 0x93F2, 0x93F2, 0x9412,
    0x8C08, 0x8C09, 0x8C09, 0x8BE9, 0x8BE8, 0x8BC8, 0x8BC8, 0x8BC8, 0x8BA8, 0x8BA9, 0x8BA9, 0x8BA9, 0x8BAA, 0x938A, 0x938A, 0x938A,
    0x936B, 0x936B, 0x936C, 0x936D, 0x936E, 0x936E, 0x936F, 0x9390, 0x9390, 0x93B1, 0x93D1, 0x93D1, 0x93F2, 0x9412, 0x9412, 0x9412,
    0x8C08, 0x8C09, 0x8C09, 0x8BE9, 0x8BC8, 0x8BC8, 0x8BC8, 0x8BC8, 0x8BC8, 0x8BC9, 0x8BC9, 0x8BC9, 0x93CA, 0x93CA, 0x93CB, 0x93CB,
    0x93AB, 0x93AC, 0x93AC, 0x93AD, 0x938E, 0x938F, 0x93AF, 0x93B0, 0x93D0, 0x93D1, 0x93F1, 0x9412, 0x9412, 0x9412, 0x9432, 0x9432,
    0x8C08, 0x8C29, 0x8C29, 0x8C09, 0x8BE8, 0x8BC8, 0x8BC8, 0x8BC8, 0x8BC8, 0x8BC9, 0x8BE9, 0x8BEA, 0x93EA, 0x93EA, 0x93EB, 0x93EB,
    0x93EC, 0x93EC, 0x93ED, 0x93CD, 0x93CE, 0x93CF, 0x9BCF, 0x93F0, 0x93F1, 0x9411, 0x9411, 0x9432, 0x9432, 0x9432, 0x9452, 0x9452,
    0x8408, 0x8C29, 0x8C29, 0x8C09, 0x8C09, 0x8BE8, 0x8BC8, 0x8BE8, 0x8BE9, 0x8BE9, 0x8BE9, 0x8C0A, 0x940A, 0x940B, 0x940B, 0x940C,
    0x940C, 0x940D, 0x940D, 0x940E, 0x940E, 0x9C0F, 0x9C10, 0x9C10, 0x9C11, 0x9C31, 0x9C32, 0x9C52, 0x9452, 0x9452, 0x9452, 0x9C73,
    0x8428, 0x8C29, 0x8C4A, 0x8C2A, 0x8C29, 0x8C09, 0x8BE9, 0x8BE9, 0x8BE9, 0x8C09, 0x8C0A, 0x8C2A, 0x942B, 0x942B, 0x942C, 0x942C,
    0x942D, 0x944D, 0x942E, 0x9C2E, 0x9C2F, 0x9C2F, 0x9C30, 0x9C30, 0x9C31, 0x9C51, 0x9C52, 0x9C72, 0x9C52, 0x9C52, 0x9C73, 0x9C93,
    0x8429, 0x8C4A, 0x8C6A, 0x8C4A, 0x8C4A, 0x8C2A, 0x8C2A, 0x8C2A, 0x8C2A, 0x8C2A, 0x8C2A, 0x944B, 0x944B, 0x944C, 0x944C, 0x944D,
    0x946D, 0x946D, 0x946E, 0x9C6F, 0x9C6F, 0x9C4F, 0x9C50, 0x9C51, 0x9C51, 0x9C72, 0x9C72, 0x9C72, 0x9C72, 0x9C73, 0x9C93, 0x9C93,
    0x8C49, 0x8C6A, 0x8C6B, 0x946B, 0x946B, 0x8C6B, 0x8C4B, 0x8C4B, 0x8C4B, 0x8C4B, 0x944B, 0x946C, 0x946C, 0x946D, 0x946D, 0x946D,
    0x948E, 0x948E, 0x9C8E, 0x9C8F, 0x9C8F, 0x9C90, 0x9C70, 0x9C71, 0x9C71, 0x9C72, 0x9C92, 0x9C92, 0x9C93, 0x9C93, 0x9C93, 0x9CB3,
    0x8C6A, 0x8C6B, 0x948B, 0x948C, 0x948C, 0x948C, 0x946C, 0x946C, 0x946C, 0x946C, 0x946C, 0x948D, 0x948D, 0x948D, 0x948E, 0x948E,
    0x94AE, 0x9CAF, 0x9CAF, 0x9CAF, 0x9CB0, 0x9CB0, 0x9C91, 0x9C91, 0x9C91, 0x9C92, 0x9C92, 0x9CB2, 0x9CB3, 0x9C93, 0x9CB3, 0x9CB3,
    0x8C8B, 0x8C8B, 0x948C, 0x94AC, 0x94AD, 0x94AD, 0x948D, 0x948D, 0x948D, 0x948D, 0x94AD, 0x94AE, 0x94AE, 0x94AE, 0x94AF, 0x9CAF,
    0x9CAF, 0x9CD0, 0x9CD0, 0x9CD0, 0x9CD0, 0x9CD1, 0x9CB1, 0x9CB1, 0x9CB1, 0x9CB2, 0x9CB2, 0x9CB3, 0x9CB3, 0x9CB3, 0x9CD3, 0x9CD3,
    0x8C8C, 0x94AC, 0x94AD, 0x94AD, 0x94AD, 0x94AD, 0x94AE, 0x94AE, 0x94AE, 0x94AE, 0x94AF, 0x94CF, 0x94CF, 0x9CD0, 0x9CD0, 0x9CD0,
    0x9CD0, 0x9CD0, 0x9CD1, 0x9CD1, 0x9CD1, 0x9CD1, 0x9CD1, 0x9CD1, 0x9CD2, 0x9CD2, 0x9CD2, 0x9CD3, 0x9CD3, 0x9CD3, 0x9CD3, 0x9CF4,
    0x94AC, 0x94AD, 0x94AD, 0x94AE, 0x94CE, 0x94CE, 0x94CF, 0x94CF, 0x94CF, 0x94CF, 0x9CD0, 0x9CD0, 0x9CD0, 0x9CF1, 0x9CF1, 0x9CF1,
    0x9CF1, 0x9CF1, 0x9CF1, 0x9CF1, 0x9CF1, 0x9CF2, 0x9CF2, 0x9CF2, 0x9CF2, 0x9CF2, 0x9CF2, 0xA4F3, 0x9CF3, 0x9CF3, 0x9CF4, 0x9CF4,
    0x94AD, 0x94AD, 0x94CE, 0x94CE, 0x94CE, 0x94CF, 0x9CCF, 0x9CCF, 0x9CD0, 0x9CF0, 0x9CF0, 0x9CF1, 0x9CF1, 0x9CF1, 0x9CF1, 0x9CF1,
    0x9CF2, 0x9CF2, 0x9CF2, 0x9CF2, 0x9CF2, 0x9D12, 0x9D12, 0x9D12, 0x9D12, 0xA512, 0xA513, 0xA513, 0xA4F3, 0x9CF3, 0x9D14, 0x9D14,
    0x94CE, 0x94CE, 0x94CF, 0x94CF, 0x94CF, 0x9CCF, 0x9CF0, 0x9CF0, 0x9CF0, 0x9CF1, 0x9CF1, 0x9CF1, 0x9CF2, 0x9CF2, 0x9D12, 0x9D12,
    0x9D12, 0x9D12, 0x9D12, 0x9D12, 0x9D12, 0x9D12, 0x9D12, 0xA513, 0xA513, 0xA513, 0xA513, 0xA513, 0xA513, 0x9D13, 0x9D14, 0xA514,
    0x94CE, 0x94CF, 0x94CF, 0x94CF, 0x94F0, 0x9CF0, 0x9CF0, 0x9CF1, 0x9CF1, 0x9CF1, 0x9CF1, 0x9CF2, 0x9CF2, 0x9D12, 0x9D12, 0x9D12,
    0x9D12, 0x9D12, 0x9D13, 0x9D13, 0x9D13, 0x9D12, 0x9D13, 0x9D13, 0x9D13, 0x9D33, 0x9D33, 0xA533, 0x9D33, 0x9D33, 0x9D34, 0xA534,
    0x94CF, 0x94CF, 0x94D0, 0x94F0, 0x94F0, 0x94F0, 0x94F1, 0x9CF1, 0x9CF1, 0x9CF2, 0x9CF2, 0x9CF2, 0x9D12, 0x9D12, 0x9D13, 0x9D13,
    0x9D13, 0x9D13, 0x9D13, 0x9D13, 0x9D13, 0x9D13, 0x9D13, 0x9D13, 0x9D13, 0x9D33, 0x9D33, 0x9D33, 0x9D33, 0xA534, 0xA534, 0xA534,
    0x89E7, 0x89C7, 0x89C7, 0x89C7, 0x89C7, 0x89C7, 0x89A8, 0x89A8, 0x89A8, 0x89A8, 0x89A9, 0x89A9, 0x89A9, 0x89AA, 0x89AA, 0x89AA,
    0x89AA, 0x89AB, 0x89AB, 0x89CB, 0x89CC, 0x89CC, 0x89CD, 0x89CD, 0x89CD, 0x89CE, 0x89CE, 0x89CE, 0x89CF, 0x89CF, 0x89CF, 0x89D0,
    0x8A27, 0x8A07, 0x89E7, 0x89E7, 0x89C7, 0x89C7, 0x89C8, 0x89C8, 0x89C8, 0x89C8, 0x89C9, 0x89A9, 0x89A9, 0x89A9, 0x89A9, 0x89A9,
    0x89CA, 0x89CA, 0x89CB, 0x89CB, 0x89CC, 0x89CC, 0x89CD, 0x89CD, 0x89CD, 0x89CE, 0x89CE, 0x89CE, 0x89CF, 0x89CF, 0x89CF, 0x89D0,
    0x8A67, 0x8A27, 0x8A07, 0x89E7, 0x89E7, 0x89E7, 0x89C8, 0x89C8, 0x89C8, 0x89C8, 0x89C8, 0x89C8, 0x89C9, 0x89C9, 0x89C9, 0x89C9,
    0x89C9, 0x89CA, 0x89CA, 0x89CB, 0x89CB, 0x89CC, 0x89CD, 0x89CD, 0x89CD, 0x89CE, 0x89CE, 0x89CE, 0x89CF, 0x89CF, 0x89EF, 0x89F0,
    0x8AC7, 0x8A87, 0x8A47, 0x8A27, 0x8A07, 0x89E7, 0x89E8, 0x89C8, 0x89C8, 0x89C8, 0x89C8, 0x89C8, 0x89C8, 0x89C9, 0x89C9, 0x89C9,
    0x89C9, 0x89C9, 0x89CA, 0x89CA, 0x89CB, 0x89CC, 0x89CC, 0x89CD, 0x89CD, 0x89CE, 0x89CE, 0x89CF, 0x89EF, 0x89EF, 0x89EF, 0x89F0,
    0x8B28, 0x8AC8, 0x8A87, 0x8A67, 0x8A27, 0x8A07, 0x89E8, 0x89E8, 0x89C8, 0x89C8, 0x89C8, 0x89C8, 0x89C8, 0x89C8, 0x89C9, 0x89C9,
    0x89C9, 0x89C9, 0x89C9, 0x89CA, 0x89CB, 0x89CB, 0x89CC, 0x89CD, 0x89CD, 0x89CE, 0x89EE, 0x89EF, 0x89EF, 0x89EF, 0x89F0, 0x89F0,
    0x8B68, 0x8B28, 0x8AE8, 0x8AA8, 0x8A68, 0x8A28, 0x8A08, 0x89E8, 0x89E8, 0x89E8, 0x89C8, 0x89C8, 0x89C8, 0x89C8, 0x89C8, 0x89C9,
    0x89C9, 0x89C9, 0x89C9, 0x89CA, 0x89CA, 0x89CB, 0x89EC, 0x89ED, 0x89ED, 0x89EE, 0x89EE, 0x89EF, 0x89EF, 0x8A0F, 0x8A10, 0x8A10,
    0x8BA8, 0x8B68, 0x8B28, 0x8AE8, 0x8AA8, 0x8A68, 0x8A28, 0x8A08, 0x89E8, 0x89E8, 0x89E8, 0x89E8, 0x89E8, 0x89E8, 0x89E8, 0x89E9,
    0x89E9, 0x89E9, 0x89EA, 0x89EA, 0x89EA, 0x89EB, 0x89EC, 0x89EC, 0x89ED, 0x89EE, 0x8A0E, 0x8A0F, 0x8A0F, 0x8A30, 0x8A30, 0x8A50,
    0x8BC8, 0x8BA8, 0x8B68, 0x8B28, 0x8AE8, 0x8AA8, 0x8A68, 0x8A28, 0x8A08, 0x89E8, 0x89E8, 0x89E8, 0x89E8, 0x89E8, 0x89E8, 0x89E9,
    0x89E9, 0x89E9, 0x89EA, 0x89EA, 0x89EB, 0x89EB, 0x89EC, 0x89ED, 0x8A0D, 0x8A0E, 0x8A2E, 0x8A2F, 0x8A4F, 0x8A50, 0x8A70, 0x8A90,
    0x8BE9, 0x8BC8, 0x8BA8, 0x8B68, 0x8B28, 0x8AC8, 0x8AA8, 0x8A48, 0x8A28, 0x8A08, 0x89E8, 0x89E8, 0x89E8, 0x89E8, 0x89E8, 0x89E9,
    0x89E9, 0x89EA, 0x89EA, 0x89EA, 0x89EB, 0x8A0B, 0x8A0C, 0x8A0D, 0x8A2D, 0x8A2E, 0x8A4F, 0x8A4F, 0x8A70, 0x8A90, 0x8AB0, 0x8AB1,
    0x8C09, 0x8BE9, 0x8BC9, 0x8B88, 0x8B48, 0x8B08, 0x8AC8, 0x8A88, 0x8A68, 0x8A28, 0x8A08, 0x8A08, 0x8A08, 0x8A08, 0x8A09, 0x8A09,
    0x8A09, 0x8A0A, 0x8A0A, 0x8A0B, 0x8A0B, 0x8A0C, 0x8A2C, 0x8A2D, 0x8A4E, 0x8A4E, 0x8A6F, 0x8A8F, 0x8AB0, 0x8AB0, 0x8AD1, 0x8AF1,
    0x8C29, 0x8C09, 0x8BE9, 0x8BA8, 0x8B88, 0x8B48, 0x8B08, 0x8AC8, 0x8AA8, 0x8A68, 0x8A48, 0x8A28, 0x8A28, 0x8A28, 0x8A29, 0x8A29,
    0x8A2A, 0x8A2A, 0x8A2B, 0x8A2B, 0x8A2C, 0x8A2C, 0x8A4D, 0x8A4D, 0x8A6E, 0x8A8F, 0x8AAF, 0x8AB0, 0x8AD0, 0x92F1, 0x9311, 0x9331,
    0x8C4A, 0x8C29, 0x8C09, 0x8BC9, 0x8BA8, 0x8B68, 0x8B28, 0x8B08, 0x8AC8, 0x8AA8, 0x8A88, 0x8A68, 0x8A48, 0x8A49, 0x8A49, 0x8A49,
    0x8A4A, 0x8A4A, 0x8A4B, 0x8A4B, 0x8A4C, 0x8A6D, 0x8A6D, 0x8A8E, 0x8A8E, 0x8AAF, 0x92D0, 0x92F0, 0x9311, 0x9331, 0x9351, 0x9371,
    0x8C4A, 0x8C2A, 0x8C09, 0x8BE9, 0x8BC9, 0x8B88, 0x8B68, 0x8B28, 0x8B08, 0x8AE8, 0x8AC8, 0x8AA8, 0x8A89, 0x8A89, 0x8A89, 0x8A6A,
    0x8A6A, 0x8A6B, 0x8A6B, 0x8A8C, 0x8A8C, 0x8A8D, 0x8AAE, 0x92AE, 0x92CF, 0x92CF, 0x92F0, 0x9310, 0x9351, 0x9371, 0x9391, 0x9392,
    0x8C4A, 0x8C4A, 0x8C29, 0x8C09, 0x8BC9, 0x8BA8, 0x8B88, 0x8B68, 0x8B28, 0x8B28, 0x8B09, 0x8AE9, 0x8AC9, 0x8AC9, 0x8AA9, 0x92AA,
    0x92AA, 0x92AB, 0x92AC, 0x92AC, 0x92AD, 0x92CD, 0x92CE, 0x92EF, 0x92EF, 0x9310, 0x9330, 0x9351, 0x9371, 0x9391, 0x93B2, 0x93B2,
    0x8C4A, 0x8C4A, 0x8C29, 0x8C09, 0x8BE9, 0x8BC9, 0x8BA8, 0x8B88, 0x8B68, 0x8B49, 0x8B29, 0x8B29, 0x8B09, 0x8B09, 0x92EA, 0x92EA,
    0x92EB, 0x92EB, 0x92EC, 0x92ED, 0x92ED, 0x92EE, 0x930E, 0x930F, 0x9330, 0x9350, 0x9370, 0x9371, 0x9391, 0x93B2, 0x93D2, 0x93D2,
    0x8C4A, 0x8C29, 0x8C09, 0x8BE9, 0x8BE9, 0x8BC9, 0x8BA8, 0x8B88, 0x8B89, 0x8B69, 0x8B69, 0x8B69, 0x8B49, 0x934A, 0x932A, 0x932A,
    0x932B, 0x932C, 0x932C, 0x932D, 0x932D, 0x932E, 0x932F, 0x934F, 0x9370, 0x9370, 0x9391, 0x93B1, 0x93D1, 0x93F2, 0x93F2, 0x93F2,
    0x8C29, 0x8C29, 0x8C09, 0x8BE9, 0x8BC8, 0x8BC8, 0x8BA8, 0x8BA9, 0x8BA9, 0x8B89, 0x8B89, 0x8B89, 0x938A, 0x938A, 0x936A, 0x936B,
    0x936B, 0x936C, 0x936D, 0x936D, 0x936E, 0x936E, 0x936F, 0x9390, 0x9390, 0x93B1, 0x93D1, 0x93D1, 0x93F2, 0x93F2, 0x9412, 0x9412,
    0x8C29, 0x8C09, 0x8BE9, 0x8BE8, 0x8BC8, 0x8BC8, 0x8BA8, 0x8BA8, 0x8BA9, 0x8BA9, 0x8BA9, 0x93AA, 0x93AA, 0x93AA, 0x93AB, 0x93AB,
    0x93AC, 0x93AC, 0x938D, 0x938E, 0x938E, 0x938F, 0x93AF, 0x93B0, 0x93D0, 0x93D1, 0x93F1, 0x93F1, 0x9412, 0x9412, 0x9432, 0x9432,
    0x8C29, 0x8C09, 0x8BE8, 0x8BC8, 0x8BC8, 0x8BC8, 0x8BC8, 0x8BC8, 0x8BC9, 0x8BC9, 0x8BC9, 0x93CA, 0x93CA, 0x93CB, 0x93CB, 0x93CC,
    0x93CC, 0x93CD, 0x93CD, 0x93CE, 0x93CF, 0x93CF, 0x93D0, 0x93F0, 0x93F1, 0x9411, 0x9411, 0x9432, 0x9432, 0x9432, 0x9432, 0x9452,
    0x8C29, 0x8C09, 0x8BE9, 0x8BE8, 0x8BC8, 0x8BC8, 0x8BC8, 0x8BC8, 0x8BC9, 0x8BE9, 0x8BEA, 0x93EA, 0x93EA, 0x93EB, 0x940B, 0x940C,
    0x940D, 0x940D, 0x940E, 0x940E, 0x9BEF, 0x9BEF, 0x9C10, 0x9C10, 0x9C11, 0x9C31, 0x9C32, 0x9C52, 0x9452, 0x9452, 0x9452, 0x9452,
    0x8C29, 0x8C29, 0x8C09, 0x8BE9, 0x8BE8, 0x8BC8, 0x8BC8, 0x8BE9, 0x8BE9, 0x8BE9, 0x8C0A, 0x940A, 0x940B, 0x940B, 0x942C, 0x942C,
    0x942D, 0x942D, 0x9C2E, 0x9C2F, 0x9C2F, 0x9C30, 0x9C30, 0x9C31, 0x9C31, 0x9C51, 0x9C52, 0x9C52, 0x9C72, 0x9C72, 0x9C72, 0x9C73,
    0x8C49, 0x8C29, 0x8C29, 0x8C09, 0x8C09, 0x8BE9, 0x8BE9, 0x8BE9, 0x8C09, 0x8C0A, 0x8C2A, 0x942B, 0x942B, 0x942C, 0x944C, 0x944D,
    0x944D, 0x944E, 0x9C4E, 0x9C4F, 0x9C4F, 0x9C50, 0x9C50, 0x9C51, 0x9C51, 0x9C72, 0x9C72, 0x9C72, 0x9C72, 0x9C72, 0x9C73, 0x9C93,
    0x8C4A, 0x8C4A, 0x8C4A, 0x8C2A, 0x8C29, 0x8C09, 0x8C09, 0x8C0A, 0x8C2A, 0x8C2A, 0x942B, 0x944B, 0x944C, 0x944C, 0x946D, 0x946D,
    0x946E, 0x9C6E, 0x9C6F, 0x9C6F, 0x9C70, 0x9C70, 0x9C71, 0x9C71, 0x9C71, 0x9C72, 0x9C92, 0x9C92, 0x9C92, 0x9C93, 0x9C93, 0x9C93,
    0x8C6A, 0x8C6A, 0x8C6B, 0x8C4A, 0x8C4A, 0x8C4A, 0x8C2A, 0x8C4A, 0x8C4B, 0x944B, 0x944B, 0x946C, 0x946C, 0x946D, 0x946D, 0x948E,
    0x948E, 0x9C8F, 0x9C8F, 0x9C90, 0x9C90, 0x9C90, 0x9C91, 0x9C91, 0x9C91, 0x9C92, 0x9C92, 0x9CB2, 0x9CB3, 0x9C93, 0x9CB3, 0x9CB3,
    0x8C6B, 0x8C6B, 0x948B, 0x946B, 0x946B, 0x8C6B, 0x8C6B, 0x8C6B, 0x946C, 0x946C, 0x946C, 0x948D, 0x948D, 0x948D, 0x948E, 0x948E,
    0x9CAF, 0x9CAF, 0x9CAF, 0x9CB0, 0x9CB0, 0x9CB1, 0x9CB1, 0x9CB1, 0x9CB2, 0x9CB2, 0x9CB2, 0x9CB3, 0x9CB3, 0x9CB3, 0x9CB3, 0x9CD3,
    0x8C8B, 0x948C, 0x948C, 0x948C, 0x948C, 0x948C, 0x948C, 0x948C, 0x948D, 0x948D, 0x948D, 0x94AE, 0x94AE, 0x94AE, 0x9CAF, 0x9CAF,
    0x9CAF, 0x9CB0, 0x9CD0, 0x9CD0, 0x9CD1, 0x9CD1, 0x9CD1, 0x9CD1, 0x9CD2, 0x9CD2, 0x9CD2, 0x9CD3, 0x9CD3, 0x9CD3, 0x9CD3, 0x9CD3,
    0x948C, 0x94AC, 0x94AD, 0x94AD, 0x94AD, 0x94AD, 0x94AD, 0x94AD, 0x94AE, 0x94AE, 0x94AE, 0x94AF, 0x94CF, 0x9CCF, 0x9CD0, 0x9CD0,
    0x9CD0, 0x9CD0, 0x9CD1, 0x9CD1, 0x9CD1, 0x9CD1, 0x9CD1, 0x9CD2, 0x9CD2, 0xA4D2, 0xA4D2, 0xA4D3, 0xA4D3, 0x9CD3, 0x9CF3, 0x9CF4,
    0x94AC, 0x94AD, 0x94AD, 0x94AD, 0x94AE, 0x94AE, 0x94AE, 0x94CE, 0x94CF, 0x94CF, 0x94CF, 0x9CD0, 0x9CD0, 0x9CD0, 0x9CD1, 0x9CF1,
    0x9CF1, 0x9CF1, 0x9CF1, 0x9CF1, 0x9CF1, 0x9CF2, 0x9CF2, 0x9CF2, 0x9CF2, 0xA4F2, 0xA4F3, 0xA4F3, 0xA4F3, 0xA4F3, 0xA4F4, 0xA4F4,
    0x94AD, 0x94AD, 0x94CE, 0x94CE, 0x94CE, 0x94CF, 0x94CF, 0x94CF, 0x94CF, 0x9CD0, 0x9CD0, 0x9CF0, 0x9CF1, 0x9CF1, 0x9CF1, 0x9CF1,
    0x9CF1, 0x9CF1, 0x9CF2, 0x9CF2, 0x9CF2, 0x9CF2, 0x9CF2, 0x9CF2, 0xA4F2, 0xA4F2, 0xA513, 0xA513, 0xA513, 0xA513, 0xA514, 0xA514,
    0x94CD, 0x94CE, 0x94CE, 0x94CF, 0x94CF, 0x9CCF, 0x9CD0, 0x9CF0, 0x9CF0, 0x9CF1, 0x9CF1, 0x9CF1, 0x9CF1, 0x9CF2, 0x9CF2, 0x9CF2,
    0x9CF2, 0x9D12, 0x9D12, 0x9D12, 0x9D12, 0x9D12, 0x9D12, 0xA512, 0xA513, 0xA513, 0xA513, 0xA513, 0xA513, 0xA513, 0xA514, 0xA514,
    0x94CE, 0x94CE, 0x94CF, 0x94CF, 0x94CF, 0x9CF0, 0x9CF0, 0x9CF0, 0x9CF1, 0x9CF1, 0x9CF1, 0x9CF2, 0x9CF2, 0x9CF2, 0x9D12, 0x9D12,
    0x9D12, 0x9D12, 0x9D12, 0x9D12, 0x9D12, 0x9D12, 0x9D12, 0x9D13, 0xA513, 0xA513, 0xA513, 0xA533, 0xA533, 0xA533, 0xA534, 0xA534,
    0x94CF, 0x94CF, 0x94CF, 0x94F0, 0x9CF0, 0x9CF0, 0x9CF1, 0x9CF1, 0x9CF1, 0x9CF2, 0x9CF2, 0x9CF2, 0x9D12, 0x9D12, 0x9D12, 0x9D12,
    0x9D13, 0x9D13, 0x9D13, 0x9D13, 0x9D13, 0x9D13, 0x9D13, 0x9D13, 0x9D13, 0x9D33, 0xA533, 0xA533, 0xA533, 0xA534, 0xA534, 0xA534,
    0x89C7, 0x89C7, 0x89C7, 0x89C7, 0x89C7, 0x89C7, 0x89C8, 0x89C8, 0x89C8, 0x89C9, 0x89C9, 0x89C9, 0x89A9, 0x89A9, 0x89A9, 0x89AA,
    0x89AA, 0x89CA, 0x89CB, 0x89CB, 0x89CC, 0x89CC, 0x89CC, 0x89CD, 0x89CD, 0x89CE, 0x89CE, 0x89CE, 0x89CF, 0x89CF, 0x89CF, 0x89F0,
    0x8A07, 0x8A07, 0x8A07, 0x89E7, 0x89E7, 0x89C8, 0x89C8, 0x89C8, 0x89C8, 0x89C8, 0x89C8, 0x89C9, 0x89C9, 0x89C9, 0x89C9, 0x89C9,
    0x89C9, 0x89CA, 0x89CA, 0x89CB, 0x89CB, 0x89CC, 0x89CC, 0x89CD, 0x89CD, 0x89CE, 0x89CE, 0x89CE, 0x89CF, 0x89CF, 0x89EF, 0x89F0,
    0x8A47, 0x8A47, 0x8A27, 0x8A07, 0x89E7, 0x89E8, 0x89C8, 0x89C8, 0x89C8, 0x89C8, 0x89C8, 0x89C8, 0x89C8, 0x89C8, 0x89C9, 0x89C9,
    0x89C9, 0x89C9, 0x89CA, 0x89CA, 0x89CB, 0x89CC, 0x89CC, 0x89CD, 0x89CD, 0x89CE, 0x89CE, 0x89CE, 0x89CF, 0x89CF, 0x89EF, 0x89F0,
    0x8AA8, 0x8A88, 0x8A67, 0x8A47, 0x8A07, 0x89E8, 0x89E8, 0x89C8, 0x89C8, 0x89C8, 0x89C8, 0x89C8, 0x89C8, 0x89C8, 0x89C8, 0x89C9,
    0x89C9, 0x89C9, 0x89C9, 0x89CA, 0x89CA, 0x89CB, 0x89CC, 0x89CC, 0x89CD, 0x89CD, 0x89CE, 0x89CE, 0x89EF, 0x89EF, 0x89EF, 0x89F0,
    0x8B08, 0x8AE8, 0x8AA8, 0x8A68, 0x8A28, 0x8A08, 0x89E8, 0x89E8, 0x89C8, 0x89C8, 0x89C8, 0x89C8, 0x89C8, 0x89C8, 0x89C8, 0x89C8,
    0x89C9, 0x89C9, 0x89C9, 0x89C9, 0x89CA, 0x89CB, 0x89CB, 0x89EC, 0x89ED, 0x89ED, 0x89EE, 0x89EE, 0x89EF, 0x89EF, 0x89EF, 0x89F0,
    0x8B68, 0x8B28, 0x8AE8, 0x8AA8, 0x8A68, 0x8A28, 0x8A08, 0x89E8, 0x89E8, 0x89E8, 0x89E8, 0x89E8, 0x89E8, 0x89E8, 0x89E8, 0x89E9,
    0x89E9, 0x89C9, 0x89C9, 0x89EA, 0x89EA, 0x89EB, 0x89EB, 0x89EC, 0x89ED, 0x89ED, 0x89EE, 0x8A0E, 0x8A0F, 0x8A0F, 0x8A10, 0x8A30,
    0x8BA8, 0x8B68, 0x8B28, 0x8AE8, 0x8AA8, 0x8A48, 0x8A08, 0x8A08, 0x89E8, 0x89E8, 0x89E8, 0x89E8, 0x89E8, 0x89E8, 0x89E8, 0x89E9,
    0x89E9, 0x89E9, 0x89EA, 0x89EA, 0x89EA, 0x89EB, 0x89EB, 0x89EC, 0x89ED, 0x8A0D, 0x8A0E, 0x8A0F, 0x8A2F, 0x8A2F, 0x8A50, 0x8A50,
    0x8BE9, 0x8BA8, 0x8B48, 0x8B08, 0x8AC8, 0x8A88, 0x8A48, 0x8A28, 0x8A08, 0x89E8, 0x89E8, 0x89E8, 0x89E8, 0x89E8, 0x89E9, 0x89E9,
    0x89E9, 0x89EA, 0x89EA, 0x89EA, 0x89EB, 0x89EB, 0x8A0C, 0x8A0C, 0x8A0D, 0x8A2E, 0x8A2E, 0x8A4F, 0x8A4F, 0x8A70, 0x8A90, 0x8A90,
    0x8C09, 0x8BC9, 0x8B88, 0x8B48, 0x8B08, 0x8AC8, 0x8A88, 0x8A48, 0x8A28, 0x8A08, 0x8A08, 0x8A08, 0x8A08, 0x8A08, 0x8A09, 0x8A09,
    0x8A09, 0x8A0A, 0x8A0A, 0x8A0B, 0x8A0B, 0x8A0C, 0x8A0C, 0x8A2D, 0x8A2D, 0x8A4E, 0x8A4E, 0x8A6F, 0x8A90, 0x8AB0, 0x8AB0, 0x8AD1,
    0x8C29, 0x8BE9, 0x8BA8, 0x8B68, 0x8B28, 0x8AE8, 0x8AA8, 0x8A88, 0x8A48, 0x8A48, 0x8A28, 0x8A28, 0x8A28, 0x8A09, 0x8A09, 0x8A09,
    0x8A0A, 0x8A0A, 0x8A2B, 0x8A2B, 0x8A2C, 0x8A2C, 0x8A4D, 0x8A4D, 0x8A4E, 0x8A6E, 0x8A8F, 0x8AAF, 0x8AB0, 0x8AF0, 0x9311, 0x9331,
    0x8C4A, 0x8C09, 0x8BC9, 0x8B88, 0x8B48, 0x8B28, 0x8AE8, 0x8AA8, 0x8A88, 0x8A68, 0x8A48, 0x8A48, 0x8A49, 0x8A49, 0x8A49, 0x8A49,
    0x8A4A, 0x8A4A, 0x8A4B, 0x8A4C, 0x8A4C, 0x8A4D, 0x8A6D, 0x8A6E, 0x8A8E, 0x8AAF, 0x8AAF, 0x92D0, 0x92F0, 0x9311, 0x9331, 0x9371,
    0x946A, 0x8C29, 0x8BE9, 0x8BA8, 0x8B68, 0x8B48, 0x8B08, 0x8AE8, 0x8AC8, 0x8AA8, 0x8A88, 0x8A88, 0x8A89, 0x8A69, 0x8A69, 0x8A6A,
    0x8A6A, 0x8A6B, 0x8A6B, 0x8A6C, 0x8A8C, 0x8A8D, 0x8A8E, 0x8AAE, 0x92AF, 0x92CF, 0x92F0, 0x9310, 0x9331, 0x9351, 0x9371, 0x9391,
    0x946A, 0x8C2A, 0x8BE9, 0x8BC9, 0x8B88, 0x8B68, 0x8B48, 0x8B28, 0x8B08, 0x8AE8, 0x8AC8, 0x8AC9, 0x8AA9, 0x8AA9, 0x8AAA, 0x92AA,
    0x92AB, 0x92AB, 0x92AC, 0x92AC, 0x92AD, 0x92AD, 0x92CE, 0x92CF, 0x92EF, 0x92EF, 0x9310, 0x9330, 0x9351, 0x9371, 0x9391, 0x93D2,
    0x946A, 0x8C2A, 0x8C09, 0x8BC9, 0x8BA8, 0x8B88, 0x8B68, 0x8B48, 0x8B28, 0x8B29, 0x8B09, 0x8B09, 0x8AE9, 0x8AEA, 0x92EA, 0x92EA,
    0x92EB, 0x92EC, 0x92EC, 0x92ED, 0x92ED, 0x92EE, 0x930E, 0x930F, 0x932F, 0x9330, 0x9350, 0x9371, 0x9391, 0x9391, 0x93B2, 0x93F2,
    0x946A, 0x8C2A, 0x8C09, 0x8BE9, 0x8BC8, 0x8BA8, 0x8B88, 0x8B68, 0x8B69, 0x8B49, 0x8B49, 0x8B49, 0x8B29, 0x932A, 0x932A, 0x932B,
    0x932B, 0x932C, 0x932D, 0x932D, 0x932E, 0x932E, 0x932F, 0x934F, 0x9350, 0x9370, 0x9391, 0x9391, 0x93B1, 0x93D1, 0x93D2, 0x93F2,
    0x944A, 0x8C29, 0x8BE9, 0x8BE9, 0x8BC8, 0x8BA8, 0x8BA8, 0x8B89, 0x8B89, 0x8B69, 0x8B69, 0x8B6A, 0x936A, 0x936A, 0x936B, 0x936B,
    0x936C, 0x936C, 0x936D, 0x936E, 0x936E, 0x936F, 0x936F, 0x9390, 0x9390, 0x93B1, 0x93B1, 0x93D1, 0x93D1, 0x93F2, 0x93F2, 0x9412,
    0x8C4A, 0x8C09, 0x8BE8, 0x8BC8, 0x8BC8, 0x8BA8, 0x8BA8, 0x8BA9, 0x8BA9, 0x8B89, 0x8B89, 0x938A, 0x93AA, 0x93AB, 0x93AB, 0x93AC,
    0x93AC, 0x93AD, 0x93AD, 0x938E, 0x938E, 0x938F, 0x93AF, 0x93B0, 0x93D0, 0x93D1, 0x93F1, 0x93F1, 0x9412, 0x9412, 0x9412, 0x9432,
    0x8C2A, 0x8C09, 0x8BC8, 0x8BC8, 0x8BA8, 0x8BA8, 0x8BA8, 0x8BA9, 0x8BA9, 0x8BA9, 0x93AA, 0x93CA, 0x93CA, 0x93CB, 0x93CB, 0x93CC,
    0x93CD, 0x93CD, 0x93CE, 0x93CE, 0x9BCF, 0x9BCF, 0x93D0, 0x93F0, 0x93F1, 0x9411, 0x9411, 0x9432, 0x9432, 0x9432, 0x9432, 0x9432,
    0x8C29, 0x8C09, 0x8BC8, 0x8BC8, 0x8BA8, 0x8BA8, 0x8BC8, 0x8BC9, 0x8BC9, 0x8BC9, 0x93CA, 0x93EA, 0x93EB, 0x93EB, 0x93EC, 0x93EC,
    0x93ED, 0x940E, 0x940E, 0x9C0F, 0x9C0F, 0x9C10, 0x9C10, 0x9C11, 0x9C11, 0x9C31, 0x9C32, 0x9C52, 0x9C52, 0x9452, 0x9452, 0x9452,
    0x8C4A, 0x8C09, 0x8BC8, 0x8BC8, 0x8BA8, 0x8BC8, 0x8BC8, 0x8BC9, 0x8BE9, 0x8BEA, 0x93EA, 0x93EA, 0x940B, 0x940B, 0x940C, 0x940D,
    0x942D, 0x942E, 0x9C2F, 0x9C2F, 0x9C30, 0x9C30, 0x9C31, 0x9C31, 0x9C51, 0x9C51, 0x9C52, 0x9C72, 0x9C72, 0x9C72, 0x9C72, 0x9C52,
    0x8C4A, 0x8C09, 0x8BE8, 0x8BC8, 0x8BC8, 0x8BC8, 0x8BC8, 0x8BE9, 0x8BE9, 0x8C0A, 0x940A, 0x940B, 0x942B, 0x942C, 0x942C, 0x942D,
    0x944E, 0x9C4E, 0x9C4F, 0x9C4F, 0x9C50, 0x9C50, 0x9C51, 0x9C51, 0x9C51, 0x9C72, 0x9C72, 0x9C72, 0x9C72, 0x9C72, 0x9C72, 0x9C73,
    0x944A, 0x8C29, 0x8C09, 0x8BE8, 0x8BC8, 0x8BC8, 0x8BE9, 0x8BE9, 0x8C0A, 0x940A, 0x942B, 0x942B, 0x942B, 0x944C, 0x944D, 0x944D,
    0x9C4E, 0x9C6F, 0x9C6F, 0x9C70, 0x9C70, 0x9C71, 0x9C71, 0x9C71, 0x9C72, 0x9C92, 0x9C92, 0x9C92, 0x9C92, 0x9C93, 0x9C93, 0x9C93,
    0x946A, 0x8C4A, 0x8C2A, 0x8C09, 0x8BE9, 0x8BE9, 0x8C09, 0x8C0A, 0x8C2A, 0x942B, 0x944B, 0x944C, 0x944C, 0x944C, 0x946D, 0x946D,
    0x9C6E, 0x9C6F, 0x9C8F, 0x9C90, 0x9C90, 0x9C91, 0x9C91, 0x9C91, 0x9C92, 0x9C92, 0x9C92, 0x9CB2, 0x9CB3, 0x9CB3, 0x9CB3, 0x9C93,
    0x946B, 0x946B, 0x8C4A, 0x8C4A, 0x8C2A, 0x8C2A, 0x8C2A, 0x8C2A, 0x8C4B, 0x944B, 0x944C, 0x946C, 0x946D, 0x946D, 0x946D, 0x948E,
    0x9C8E, 0x9C8F, 0x9C90, 0x9C90, 0x9CB1, 0x9CB1, 0x9CB1, 0x9CB2, 0x9CB2, 0x9CB2, 0x9CB2, 0x9CB3, 0x9CB3, 0x9CB3, 0x9CB3, 0x9CB3,
    0x948B, 0x948B, 0x946B, 0x8C6B, 0x8C4B, 0x8C4B, 0x8C4B, 0x8C4B, 0x944B, 0x946C, 0x946C, 0x948D, 0x948D, 0x948E, 0x948E, 0x9C8F,
    0x9CAF, 0x9CAF, 0x9CB0, 0x9CB0, 0x9CB1, 0x9CB1, 0x9CB1, 0x9CB2, 0x9CD2, 0x9CD2, 0x9CD3, 0x9CD3, 0x9CD3, 0x9CD3, 0x9CD3, 0x9CD3,
    0x948C, 0x948C, 0x948C, 0x948C, 0x946C, 0x8C6C, 0x8C6C, 0x946C, 0x946C, 0x948D, 0x948D, 0x948D, 0x94AE, 0x94AE, 0x9CAF, 0x9CAF,
    0x9CB0, 0x9CB0, 0x9CB0, 0x9CD1, 0x9CD1, 0x9CD1, 0x9CD2, 0x9CD2, 0xA4D2, 0xA4D2, 0xA4D3, 0xA4D3, 0xA4D3, 0xA4D3, 0x9CD3, 0x9CD3,
    0x94AC, 0x94AC, 0x94AC, 0x948C, 0x948D, 0x948D, 0x948D, 0x948D, 0x948D, 0x94AE, 0x94AE, 0x94AE, 0x9CAF, 0x9CCF, 0x9CD0, 0x9CD0,
    0x9CD0, 0x9CD0, 0x9CD1, 0x9CD1, 0x9CD1, 0x9CD1, 0x9CD2, 0x9CD2, 0xA4F2, 0xA4F2, 0xA4F3, 0xA4F3, 0xA4F3, 0xA4F3, 0xA4F3, 0xA4F4,
    0x94AC, 0x94AD, 0x94AD, 0x94AD, 0x94AD, 0x94AE, 0x94AE, 0x94AE, 0x94AE, 0x94AF, 0x94CF, 0x9CCF, 0x9CD0, 0x9CD0, 0x9CD0, 0x9CD0,
    0x9CD1, 0x9CD1, 0x9CF1, 0x9CF1, 0x9CF1, 0x9CF2, 0x9CF2, 0x9CF2, 0xA4F2, 0xA4F2, 0xA4F3, 0xA4F3, 0xA4F3, 0xA4F3, 0xA4F4, 0xA4F4,
    0x94AD, 0x94AD, 0x94CE, 0x94CE, 0x94CE, 0x94CE, 0x94CF, 0x94CF, 0x94CF, 0x94D0, 0x9CD0, 0x9CD0, 0x9CF0, 0x9CF1, 0x9CF1, 0x9CF1,
    0x9CF1, 0x9CF1, 0x9CF1, 0x9CF2, 0x9CF2, 0x9CF2, 0x9CF2, 0x9CF2, 0xA4F2, 0xA4F3, 0xA513, 0xA513, 0xA513, 0xA513, 0xA514, 0xA514,
    0x94AD, 0x94CE, 0x94CE, 0x94CE, 0x94CF, 0x94CF, 0x94CF, 0x9CD0, 0x9CF0, 0x9CF0, 0x9CF1, 0x9CF1, 0x9CF1, 0x9CF1, 0x9CF1, 0x9CF1,
    0x9CF2, 0x9CF2, 0x9CF2, 0x9CF2, 0x9CF2, 0x9CF2, 0x9CF2, 0x9D12, 0xA512, 0xA513, 0xA513, 0xA513, 0xA513, 0xA514, 0xA514, 0xA514,
    0x94CE, 0x94CE, 0x94CF, 0x94CF, 0x9CCF, 0x9CD0, 0x9CF0, 0x9CF0, 0x9CF1, 0x9CF1, 0x9CF1, 0x9CF1, 0x9CF2, 0x9CF2, 0x9CF2, 0x9CF2,
    0x9D12, 0x9D12, 0x9D12, 0x9D12, 0x9D12, 0x9D12, 0x9D12, 0xA512, 0xA513, 0xA513, 0xA513, 0xA513, 0xA533, 0xA534, 0xA534, 0xA534,
    0x94CF, 0x94CF, 0x94CF, 0x9CCF, 0x9CF0, 0x9CF0, 0x9CF0, 0x9CF1, 0x9CF1, 0x9CF1, 0x9CF2, 0x9CF2, 0x9D12, 0x9D12, 0x9D12, 0x9D12,
    0x9D12, 0x9D12, 0x9D12, 0x9D12, 0xA512, 0xA513, 0xA513, 0xA513, 0xA533, 0xA533, 0xA533, 0xA533, 0xA533, 0xA534, 0xA534, 0xA534,
};
