/**
 * lut_custom_kodak_vision3_500t_5219_neg_vs.h
 * Custom LUT from 'Kodak Vision3 500T 5219 (NEG)_VS.cube'
 *
 * Auto-generated by tools/generate_luts.py — DO NOT EDIT
 * 32768 entries × 2 bytes = 64 KB, stored in Flash (.rodata)
 */
#pragma once
#include <stdint.h>

static const uint16_t LUT_CUSTOM_KODAK_VISION3_500T_5219_NEG_VS[32768] = {
    0x0020, 0x0821, 0x0821, 0x0021, 0x0001, 0x0002, 0x0002, 0x0003, 0x0003, 0x0004, 0x0004, 0x0005, 0x0005, 0x0005, 0x0005, 0x0025,
    0x0025, 0x0005, 0x0005, 0x0005, 0x0005, 0x0026, 0x0026, 0x0006, 0x0006, 0x0025, 0x0025, 0x0025, 0x0025, 0x0005, 0x0005, 0x0004,
    0x0840, 0x0841, 0x0841, 0x0821, 0x0022, 0x0002, 0x0002, 0x0003, 0x0004, 0x0004, 0x0004, 0x0005, 0x0005, 0x0005, 0x0005, 0x0005,
    0x0005, 0x0005, 0x0005, 0x0005, 0x0026, 0x0026, 0x0026, 0x0006, 0x0006, 0x0026, 0x0025, 0x0025, 0x0005, 0x0025, 0x0005, 0x0004,
    0x0840, 0x0841, 0x0841, 0x0841, 0x0822, 0x0022, 0x0002, 0x0003, 0x0004, 0x0004, 0x0004, 0x0005, 0x0005, 0x0005, 0x0005, 0x0005,
    0x0005, 0x0005, 0x0005, 0x0025, 0x0026, 0x0026, 0x0026, 0x0006, 0x0006, 0x0026, 0x0025, 0x0005, 0x0005, 0x0025, 0x0005, 0x0005,
    0x0881, 0x0881, 0x0861, 0x0861, 0x0862, 0x0042, 0x0023, 0x0023, 0x0024, 0x0004, 0x0004, 0x0005, 0x0005, 0x0005, 0x0005, 0x0005,
    0x0005, 0x0005, 0x0005, 0x0005, 0x0006, 0x0006, 0x0006, 0x0006, 0x0006, 0x0026, 0x0026, 0x0025, 0x0025, 0x0025, 0x0005, 0x0005,
    0x10A1, 0x10A1, 0x10A1, 0x08A2, 0x0882, 0x0863, 0x0043, 0x0043, 0x0024, 0x0024, 0x0024, 0x0025, 0x0025, 0x0005, 0x0005, 0x0025,
    0x0005, 0x0005, 0x0005, 0x0005, 0x0006, 0x0006, 0x0006, 0x0006, 0x0006, 0x0026, 0x0026, 0x0026, 0x0025, 0x0025, 0x0005, 0x0005,
    0x10E1, 0x10E1, 0x10E1, 0x08E2, 0x08C2, 0x08C3, 0x08A4, 0x0884, 0x0084, 0x0065, 0x0045, 0x0045, 0x0025, 0x0025, 0x0005, 0x0005,
    0x0005, 0x0005, 0x0005, 0x0005, 0x0005, 0x0006, 0x0006, 0x0006, 0x0006, 0x0006, 0x0006, 0x0006, 0x0006, 0x0005, 0x0005, 0x0005,
    0x1121, 0x1121, 0x1121, 0x1122, 0x0903, 0x0903, 0x08E4, 0x08E5, 0x08C5, 0x08A5, 0x0885, 0x0065, 0x0045, 0x0025, 0x0025, 0x0005,
    0x0005, 0x0025, 0x0026, 0x0005, 0x0006, 0x0026, 0x0026, 0x0006, 0x0006, 0x0006, 0x0006, 0x0006, 0x0006, 0x0005, 0x0005, 0x0005,
    0x1161, 0x1161, 0x1141, 0x1142, 0x0943, 0x0944, 0x0924, 0x0925, 0x0905, 0x0906, 0x08E6, 0x08C6, 0x08A6, 0x0886, 0x0066, 0x0046,
    0x0026, 0x0026, 0x0026, 0x0006, 0x0006, 0x0026, 0x0026, 0x0006, 0x0006, 0x0026, 0x0026, 0x0026, 0x0006, 0x0006, 0x0006, 0x0006,
    0x11A2, 0x1182, 0x1182, 0x1182, 0x1183, 0x1164, 0x1165, 0x1165, 0x1146, 0x1146, 0x1127, 0x1127, 0x0907, 0x08C7, 0x08A7, 0x0886,
    0x0866, 0x0046, 0x0046, 0x0026, 0x0026, 0x0026, 0x0026, 0x0006, 0x0026, 0x0026, 0x0026, 0x0027, 0x0026, 0x0006, 0x0026, 0x0026,
    0x11C2, 0x11C2, 0x11C2, 0x11C2, 0x11C3, 0x11A4, 0x11A5, 0x11A6, 0x11A6, 0x1187, 0x1187, 0x1167, 0x1147, 0x1127, 0x0907, 0x08E7,
    0x08C7, 0x08A7, 0x0887, 0x0867, 0x0047, 0x0026, 0x0026, 0x0026, 0x0027, 0x0027, 0x0027, 0x0027, 0x0027, 0x0027, 0x0027, 0x0027,
    0x1202, 0x1202, 0x1202, 0x1203, 0x11E3, 0x11E4, 0x11E5, 0x11E6, 0x11E7, 0x11C7, 0x11C8, 0x11A8, 0x1188, 0x1188, 0x1168, 0x1168,
    0x1148, 0x1108, 0x08E8, 0x08A8, 0x0887, 0x0867, 0x0047, 0x0047, 0x0047, 0x0027, 0x0027, 0x0027, 0x0027, 0x0027, 0x0027, 0x0027,
    0x1242, 0x1242, 0x1243, 0x1243, 0x1A24, 0x1A25, 0x1A26, 0x1A26, 0x1A27, 0x1A28, 0x1A08, 0x1A08, 0x19E9, 0x19C9, 0x19C9, 0x11A9,
    0x11A9, 0x1189, 0x1149, 0x1129, 0x1109, 0x08E8, 0x08C8, 0x08A8, 0x0888, 0x0868, 0x0868, 0x0868, 0x0048, 0x0048, 0x0048, 0x0028,
    0x1AA3, 0x1AA3, 0x1AA3, 0x1A83, 0x1A84, 0x1A85, 0x1A86, 0x1A67, 0x1A68, 0x1A68, 0x1A69, 0x1A49, 0x1A4A, 0x1A2A, 0x1A2A, 0x1A0A,
    0x19EA, 0x19EA, 0x19CA, 0x11AA, 0x118A, 0x114A, 0x112A, 0x1109, 0x08E9, 0x08CA, 0x08C9, 0x08A9, 0x08A9, 0x0889, 0x0889, 0x0869,
    0x2324, 0x2304, 0x1B04, 0x1AE4, 0x1AE5, 0x1AC6, 0x1AC7, 0x22C8, 0x22C8, 0x22A9, 0x22AA, 0x22AA, 0x228B, 0x228B, 0x228B, 0x226B,
    0x1A4B, 0x1A4B, 0x1A2B, 0x1A0B, 0x19EB, 0x19CB, 0x19AB, 0x118B, 0x118B, 0x116B, 0x114B, 0x112B, 0x112B, 0x110B, 0x110B, 0x10EB,
    0x2384, 0x2384, 0x2384, 0x2365, 0x2345, 0x2346, 0x2327, 0x2328, 0x2329, 0x230A, 0x230B, 0x22EB, 0x22EB, 0x22EC, 0x22CC, 0x22CC,
    0x22AC, 0x228C, 0x228C, 0x228D, 0x226D, 0x1A4D, 0x1A2D, 0x1A2D, 0x1A0D, 0x19ED, 0x19CD, 0x19AC, 0x19AC, 0x118C, 0x118C, 0x116C,
    0x2C25, 0x2C05, 0x2C05, 0x2C06, 0x2BE6, 0x2BC7, 0x2BA8, 0x2BA9, 0x2B8A, 0x2B8B, 0x2B6B, 0x2B4C, 0x234C, 0x232D, 0x232D, 0x230D,
    0x230D, 0x22ED, 0x22CD, 0x22CE, 0x22CE, 0x22AE, 0x22AE, 0x228E, 0x226E, 0x226E, 0x1A4E, 0x1A2E, 0x1A2E, 0x1A0E, 0x1A0E, 0x1A0E,
    0x3486, 0x3486, 0x3486, 0x3466, 0x3467, 0x2C48, 0x2C29, 0x2C0A, 0x2C0B, 0x2BEB, 0x2BCC, 0x2BCD, 0x2BAD, 0x2B8D, 0x2B6E, 0x2B6E,
    0x2B4E, 0x2B2E, 0x2B2E, 0x2B2F, 0x2B0F, 0x2B0F, 0x2B0F, 0x22EF, 0x22CF, 0x22CF, 0x22AF, 0x22AF, 0x228F, 0x226F, 0x226F, 0x226F,
    0x3CC6, 0x3CE6, 0x3CE7, 0x3CC7, 0x34C8, 0x34A8, 0x34A9, 0x348B, 0x346C, 0x344C, 0x342D, 0x342D, 0x340E, 0x33EE, 0x2BCE, 0x2BAF,
    0x2B8F, 0x2B6F, 0x2B6F, 0x2B6F, 0x2B70, 0x2B70, 0x2B50, 0x2B50, 0x2B30, 0x2B10, 0x2B10, 0x22F0, 0x22F0, 0x22D0, 0x22D0, 0x22D0,
    0x4507, 0x4527, 0x4527, 0x4528, 0x3D08, 0x3D09, 0x3CEA, 0x3CEB, 0x34CC, 0x34AD, 0x348D, 0x348E, 0x346E, 0x344F, 0x342F, 0x33EF,
    0x33D0, 0x33B0, 0x2BB0, 0x2BB0, 0x2BB0, 0x33B1, 0x33B1, 0x2B91, 0x2B91, 0x2B71, 0x2B51, 0x2B51, 0x2B31, 0x2B31, 0x2B31, 0x2B11,
    0x4548, 0x4548, 0x4548, 0x4548, 0x4548, 0x3D49, 0x3D2A, 0x3D0B, 0x3D0C, 0x3CED, 0x3CCE, 0x3CCE, 0x3CAF, 0x3C90, 0x3C70, 0x3450,
    0x3431, 0x3411, 0x33F1, 0x33D1, 0x33D1, 0x33F1, 0x33F1, 0x33F2, 0x33D2, 0x33D2, 0x33B2, 0x3391, 0x2B91, 0x2B72, 0x2B71, 0x2B71,
    0x4D68, 0x4D68, 0x4D68, 0x4568, 0x4569, 0x456A, 0x454B, 0x3D4C, 0x3D4D, 0x3D2D, 0x3D0E, 0x3D0F, 0x3CEF, 0x3CD0, 0x3CB1, 0x3C91,
    0x3C71, 0x3C51, 0x3C31, 0x3C32, 0x3432, 0x3432, 0x3432, 0x3C32, 0x3412, 0x3412, 0x33F2, 0x33D2, 0x33D2, 0x33D2, 0x33B2, 0x33B2,
    0x4DA8, 0x4D88, 0x4D88, 0x4D89, 0x4589, 0x458A, 0x456B, 0x456C, 0x456D, 0x454E, 0x454F, 0x452F, 0x4530, 0x4511, 0x44F1, 0x44D1,
    0x44D2, 0x44B2, 0x3CB2, 0x3C92, 0x3C73, 0x3C72, 0x3C73, 0x3C53, 0x3C53, 0x3C53, 0x3C33, 0x3C33, 0x3C13, 0x3C13, 0x3BF3, 0x33F3,
    0x4DA8, 0x4DA8, 0x4DA8, 0x4DA9, 0x4DA9, 0x4DAA, 0x458B, 0x458C, 0x458D, 0x456E, 0x456F, 0x4550, 0x4551, 0x4531, 0x4532, 0x4512,
    0x44F2, 0x44F3, 0x44F3, 0x44D3, 0x44B3, 0x44B3, 0x44B3, 0x4493, 0x4493, 0x4473, 0x3C73, 0x3C73, 0x3C53, 0x3C53, 0x3C33, 0x3C33,
    0x55C8, 0x55C8, 0x4DC8, 0x4DC9, 0x4DC9, 0x4DAA, 0x45AB, 0x458C, 0x458D, 0x458E, 0x458F, 0x4570, 0x4571, 0x4551, 0x4552, 0x4532,
    0x4D33, 0x4D13, 0x4D13, 0x4513, 0x44F3, 0x44F3, 0x44D3, 0x44D4, 0x44B4, 0x44B4, 0x44B4, 0x4494, 0x4494, 0x4494, 0x4474, 0x4474,
    0x55C8, 0x55C8, 0x55C8, 0x4DC9, 0x4DC9, 0x4DCA, 0x4DAB, 0x45AC, 0x45AD, 0x458E, 0x458F, 0x4590, 0x4D71, 0x4D72, 0x4D72, 0x4D53,
    0x4D53, 0x4D34, 0x4D34, 0x4D34, 0x4D14, 0x4D14, 0x4CF4, 0x4CF4, 0x4CF4, 0x44D4, 0x44D4, 0x44D4, 0x44B4, 0x44B4, 0x44B4, 0x44B4,
    0x55C8, 0x55C8, 0x55C8, 0x4DC9, 0x4DC9, 0x4DCA, 0x4DCB, 0x4DAC, 0x45AD, 0x45AE, 0x458F, 0x4590, 0x4D91, 0x4D92, 0x4D73, 0x4D73,
    0x4D54, 0x4D54, 0x4D54, 0x4D54, 0x4D34, 0x4D34, 0x4D14, 0x4D14, 0x4D14, 0x4CF4, 0x4CF4, 0x4CF4, 0x4CF4, 0x4CD4, 0x4CD4, 0x4CD4,
    0x55C8, 0x55C8, 0x55C8, 0x4DC8, 0x4DC9, 0x4DCA, 0x4DCB, 0x4DCC, 0x4DAD, 0x45AE, 0x458F, 0x4D91, 0x4D91, 0x4D92, 0x4D93, 0x4D73,
    0x5574, 0x5554, 0x5554, 0x5554, 0x4D55, 0x4D35, 0x4D35, 0x4D35, 0x4D35, 0x4D15, 0x4D15, 0x4D15, 0x4CF5, 0x4CF4, 0x4CF5, 0x4CF5,
    0x55C8, 0x55C8, 0x55C8, 0x4DC8, 0x4DC9, 0x4DCA, 0x4DCB, 0x4DCC, 0x4DAD, 0x45AE, 0x458F, 0x4D91, 0x4D92, 0x4D92, 0x4D93, 0x5594,
    0x5574, 0x5574, 0x5574, 0x5555, 0x5555, 0x5555, 0x4D55, 0x4D35, 0x4D35, 0x5535, 0x4D35, 0x4D35, 0x4D15, 0x4D15, 0x4D15, 0x4D15,
    0x55C8, 0x55C8, 0x55C8, 0x55C8, 0x4DC9, 0x4DCA, 0x4DCA, 0x4DCC, 0x4DAD, 0x4DAE, 0x4DAF, 0x4DB1, 0x4D92, 0x4D92, 0x5593, 0x5594,
    0x5594, 0x5574, 0x5575, 0x5575, 0x5555, 0x5555, 0x5555, 0x5555, 0x5555, 0x5535, 0x5535, 0x4D35, 0x4D35, 0x4D15, 0x4D15, 0x4D15,
    0x55C8, 0x55C8, 0x55C8, 0x55C8, 0x4DC9, 0x4DC9, 0x4DCA, 0x4DCC, 0x4DCD, 0x4DAE, 0x4DAF, 0x4DB1, 0x4DB2, 0x4D92, 0x4D93, 0x5594,
    0x5594, 0x5594, 0x5575, 0x5575, 0x5575, 0x5555, 0x5555, 0x5555, 0x5555, 0x5555, 0x5555, 0x5535, 0x4D35, 0x4D35, 0x4D35, 0x4D35,
    0x55C8, 0x55C8, 0x55C8, 0x55C8, 0x55C8, 0x4DC9, 0x4DCA, 0x4DCB, 0x4DCD, 0x4DAE, 0x4DAF, 0x4DB0, 0x4DB1, 0x4D92, 0x5593, 0x5594,
    0x5594, 0x5595, 0x5595, 0x5575, 0x5575, 0x5575, 0x5575, 0x5555, 0x5555, 0x5555, 0x5555, 0x5555, 0x5535, 0x5535, 0x5535, 0x4D35,
    0x55C8, 0x55A8, 0x55A8, 0x55C8, 0x55C8, 0x4DC9, 0x4DC9, 0x4DCB, 0x4DCD, 0x4DAE, 0x4DAF, 0x4DB0, 0x4DB1, 0x4D92, 0x5593, 0x5594,
    0x5595, 0x5595, 0x5595, 0x5595, 0x5575, 0x5575, 0x5575, 0x5555, 0x5555, 0x5555, 0x5555, 0x5555, 0x5555, 0x5535, 0x5535, 0x5535,
    0x0820, 0x0821, 0x0821, 0x0821, 0x0802, 0x0002, 0x0002, 0x0003, 0x0003, 0x0004, 0x0004, 0x0005, 0x0005, 0x0005, 0x0005, 0x0005,
    0x0005, 0x0005, 0x0005, 0x0005, 0x0005, 0x0026, 0x0026, 0x0006, 0x0005, 0x0005, 0x0005, 0x0005, 0x0005, 0x0005, 0x0005, 0x0004,
    0x0840, 0x0841, 0x0841, 0x0821, 0x0822, 0x0002, 0x0002, 0x0003, 0x0004, 0x0004, 0x0004, 0x0005, 0x0005, 0x0005, 0x0005, 0x0005,
    0x0005, 0x0005, 0x0005, 0x0005, 0x0005, 0x0026, 0x0026, 0x0006, 0x0005, 0x0005, 0x0005, 0x0005, 0x0005, 0x0005, 0x0005, 0x0005,
    0x0840, 0x0841, 0x0841, 0x0841, 0x0822, 0x0022, 0x0003, 0x0003, 0x0004, 0x0004, 0x0004, 0x0005, 0x0005, 0x0005, 0x0005, 0x0005,
    0x0005, 0x0005, 0x0005, 0x0005, 0x0026, 0x0026, 0x0026, 0x0005, 0x0006, 0x0026, 0x0025, 0x0005, 0x0005, 0x0005, 0x0005, 0x0005,
    0x1081, 0x1081, 0x1081, 0x0861, 0x0862, 0x0042, 0x0023, 0x0023, 0x0024, 0x0004, 0x0004, 0x0005, 0x0005, 0x0005, 0x0005, 0x0005,
    0x0005, 0x0005, 0x0005, 0x0005, 0x0006, 0x0006, 0x0006, 0x0006, 0x0026, 0x0026, 0x0026, 0x0025, 0x0025, 0x0005, 0x0005, 0x0005,
    0x10A1, 0x10A1, 0x10A1, 0x10A2, 0x0882, 0x0863, 0x0043, 0x0044, 0x0024, 0x0024, 0x0024, 0x0025, 0x0005, 0x0005, 0x0005, 0x0005,
    0x0005, 0x0005, 0x0005, 0x0005, 0x0006, 0x0006, 0x0006, 0x0006, 0x0026, 0x0026, 0x0026, 0x0026, 0x0026, 0x0025, 0x0005, 0x0005,
    0x10E1, 0x10E1, 0x10E1, 0x10E2, 0x08C2, 0x08C3, 0x08A4, 0x0884, 0x0084, 0x0065, 0x0045, 0x0045, 0x0025, 0x0025, 0x0025, 0x0005,
    0x0005, 0x0025, 0x0025, 0x0005, 0x0006, 0x0006, 0x0006, 0x0006, 0x0026, 0x0026, 0x0026, 0x0006, 0x0006, 0x0005, 0x0005, 0x0005,
    0x1921, 0x1121, 0x1121, 0x1122, 0x0902, 0x0903, 0x08E4, 0x08E4, 0x08C5, 0x08A5, 0x0885, 0x0065, 0x0045, 0x0025, 0x0025, 0x0025,
    0x0025, 0x0025, 0x0026, 0x0026, 0x0026, 0x0006, 0x0006, 0x0006, 0x0026, 0x0026, 0x0006, 0x0006, 0x0006, 0x0006, 0x0005, 0x0005,
    0x1161, 0x1161, 0x1141, 0x1142, 0x0942, 0x0943, 0x0924, 0x0925, 0x0905, 0x0906, 0x08E6, 0x08C6, 0x08A6, 0x0886, 0x0066, 0x0046,
    0x0026, 0x0026, 0x0026, 0x0026, 0x0026, 0x0006, 0x0006, 0x0006, 0x0006, 0x0026, 0x0026, 0x0026, 0x0006, 0x0006, 0x0006, 0x0006,
    0x11A2, 0x1182, 0x1182, 0x1182, 0x1183, 0x1184, 0x1165, 0x1165, 0x1146, 0x1146, 0x1126, 0x1127, 0x0907, 0x08C7, 0x08A7, 0x0886,
    0x0866, 0x0046, 0x0046, 0x0026, 0x0026, 0x0026, 0x0026, 0x0006, 0x0026, 0x0026, 0x0026, 0x0026, 0x0026, 0x0006, 0x0026, 0x0026,
    0x11C2, 0x11C2, 0x11C2, 0x11C2, 0x11C3, 0x11C4, 0x11A5, 0x11A6, 0x11A6, 0x1187, 0x1187, 0x1167, 0x1147, 0x1127, 0x1107, 0x08E7,
    0x08C7, 0x08A7, 0x0887, 0x0867, 0x0046, 0x0026, 0x0026, 0x0026, 0x0027, 0x0027, 0x0027, 0x0027, 0x0027, 0x0027, 0x0027, 0x0027,
    0x1202, 0x1202, 0x1202, 0x1203, 0x1203, 0x1204, 0x11E5, 0x11E6, 0x11E7, 0x11C7, 0x11C8, 0x11A8, 0x11A8, 0x1188, 0x1168, 0x1168,
    0x1148, 0x1108, 0x08E8, 0x08A8, 0x0887, 0x0867, 0x0047, 0x0047, 0x0047, 0x0027, 0x0027, 0x0027, 0x0027, 0x0027, 0x0027, 0x0027,
    0x1A43, 0x1A43, 0x1A43, 0x1A43, 0x1243, 0x1A44, 0x1A25, 0x1A26, 0x1A27, 0x1A28, 0x1A08, 0x1A08, 0x19E9, 0x19C9, 0x19C9, 0x11A9,
    0x11A9, 0x1189, 0x1169, 0x1129, 0x1109, 0x08E8, 0x08C8, 0x08A8, 0x0888, 0x0868, 0x0868, 0x0848, 0x0048, 0x0048, 0x0048, 0x0048,
    0x1AA3, 0x1AA3, 0x1AA3, 0x1A83, 0x1A84, 0x1A85, 0x1A86, 0x1A67, 0x1A68, 0x1A68, 0x1A69, 0x1A49, 0x1A49, 0x1A2A, 0x1A2A, 0x1A0A,
    0x19EA, 0x19EA, 0x19CA, 0x11AA, 0x118A, 0x114A, 0x112A, 0x110A, 0x08EA, 0x08CA, 0x08C9, 0x08A9, 0x0889, 0x0889, 0x0889, 0x0889,
    0x2304, 0x2304, 0x2304, 0x2304, 0x1AE5, 0x1AC5, 0x1AC6, 0x22C8, 0x22A8, 0x22A9, 0x22AA, 0x22AA, 0x228A, 0x228B, 0x228B, 0x226B,
    0x1A4B, 0x1A4B, 0x1A2B, 0x1A0B, 0x19EB, 0x19CB, 0x19AB, 0x118B, 0x118B, 0x116B, 0x114B, 0x114B, 0x112B, 0x110B, 0x110B, 0x110B,
    0x2B84, 0x2B84, 0x2384, 0x2385, 0x2365, 0x2346, 0x2327, 0x2328, 0x2309, 0x230A, 0x230A, 0x22EB, 0x22EB, 0x22CC, 0x22CC, 0x22CC,
    0x22AC, 0x22AC, 0x228C, 0x228C, 0x226D, 0x1A4D, 0x1A2D, 0x1A0D, 0x1A0D, 0x19ED, 0x19CD, 0x19CD, 0x19AC, 0x118C, 0x118C, 0x198C,
    0x3425, 0x3405, 0x2C05, 0x2C05, 0x2BE6, 0x2BC7, 0x2BC8, 0x2BA9, 0x2B8A, 0x2B6A, 0x2B6B, 0x2B4C, 0x234C, 0x232C, 0x232D, 0x230D,
    0x230D, 0x22ED, 0x22CD, 0x22CE, 0x22CE, 0x22AE, 0x22AE, 0x228E, 0x226E, 0x226E, 0x224E, 0x1A2E, 0x1A2E, 0x1A0E, 0x1A0E, 0x1A0E,
    0x3C86, 0x3C86, 0x3486, 0x3466, 0x3467, 0x3448, 0x2C49, 0x2C0A, 0x2C0B, 0x2BEB, 0x2BCC, 0x2BCC, 0x2BAD, 0x2B8D, 0x2B6E, 0x2B6E,
    0x2B4E, 0x2B2E, 0x2B2E, 0x2B0F, 0x2B0F, 0x2B0F, 0x230F, 0x22EF, 0x22CF, 0x22CF, 0x22AF, 0x22AF, 0x228F, 0x226F, 0x226F, 0x226F,
    0x44C6, 0x44E6, 0x3CE7, 0x3CE7, 0x3CC7, 0x34C8, 0x34A9, 0x348A, 0x346B, 0x344C, 0x344D, 0x342D, 0x340E, 0x33EE, 0x2BCE, 0x2BAF,
    0x2B8F, 0x2B6F, 0x2B6F, 0x2B6F, 0x2B70, 0x2B70, 0x2B50, 0x2B50, 0x2B30, 0x2B10, 0x2B10, 0x22F0, 0x22F0, 0x22D0, 0x22D0, 0x22D0,
    0x4527, 0x4527, 0x4527, 0x4528, 0x3D28, 0x3D09, 0x3CEA, 0x3CEB, 0x34CC, 0x34AD, 0x348D, 0x348E, 0x346E, 0x344F, 0x342F, 0x33EF,
    0x33D0, 0x2BB0, 0x2BB0, 0x2B90, 0x2BB0, 0x33B1, 0x33B1, 0x2B91, 0x2B91, 0x2B71, 0x2B51, 0x2B51, 0x2B31, 0x2B31, 0x2B31, 0x2B11,
    0x4D48, 0x4D48, 0x4D48, 0x4548, 0x4548, 0x4549, 0x3D2A, 0x3D2B, 0x3D0C, 0x3CED, 0x3CED, 0x3CCE, 0x3CAF, 0x3C8F, 0x3C70, 0x3450,
    0x3410, 0x33F1, 0x33F1, 0x33D1, 0x33D1, 0x33F1, 0x33F1, 0x33F2, 0x33D2, 0x33D2, 0x33B2, 0x3391, 0x2B91, 0x2B71, 0x2B71, 0x2B71,
    0x4D68, 0x4D68, 0x4D88, 0x4D88, 0x4589, 0x456A, 0x454B, 0x454C, 0x3D4D, 0x3D2D, 0x3D0E, 0x3D0F, 0x3CEF, 0x3CD0, 0x3CB1, 0x3C91,
    0x3C71, 0x3C51, 0x3C31, 0x3431, 0x3432, 0x3C32, 0x3C32, 0x3C32, 0x3412, 0x3412, 0x33F2, 0x33F2, 0x33D2, 0x33D2, 0x33B2, 0x33B2,
    0x4D88, 0x4D88, 0x4D88, 0x4D89, 0x4DA9, 0x458A, 0x458B, 0x456C, 0x456D, 0x454E, 0x454E, 0x452F, 0x4530, 0x4511, 0x44F1, 0x44D1,
    0x44D2, 0x3CB2, 0x3C92, 0x3C92, 0x3C72, 0x3C73, 0x3C73, 0x3C73, 0x3C53, 0x3C53, 0x3C33, 0x3C33, 0x3C13, 0x3C13, 0x3C13, 0x33F3,
    0x55A8, 0x55A8, 0x4DA8, 0x4DA9, 0x4DA9, 0x4DAA, 0x4D8B, 0x458C, 0x458D, 0x456E, 0x456F, 0x4550, 0x4550, 0x4531, 0x4531, 0x4512,
    0x44F2, 0x44F3, 0x44D3, 0x44D3, 0x44B3, 0x44B3, 0x44B3, 0x4493, 0x4493, 0x4493, 0x4473, 0x3C73, 0x3C53, 0x3C53, 0x3C53, 0x3C33,
    0x55A8, 0x55A8, 0x55A9, 0x4DC9, 0x4DC9, 0x4DAA, 0x4DAB, 0x4DAC, 0x458D, 0x458E, 0x458F, 0x4570, 0x4571, 0x4551, 0x4552, 0x4532,
    0x4D33, 0x4D13, 0x4D13, 0x44F3, 0x44F4, 0x44F4, 0x44D4, 0x44D4, 0x44D4, 0x44B4, 0x44B4, 0x44B4, 0x4494, 0x4494, 0x4474, 0x4474,
    0x55C8, 0x55C8, 0x55C8, 0x4DC9, 0x4DC9, 0x4DCA, 0x4DAB, 0x4DAC, 0x4DAD, 0x458E, 0x458F, 0x4590, 0x4571, 0x4D72, 0x4D52, 0x4D53,
    0x4D53, 0x4D33, 0x4D34, 0x4D34, 0x4D14, 0x4D14, 0x4CF4, 0x4CF4, 0x4CF4, 0x44F4, 0x44D4, 0x44D4, 0x44D4, 0x44B4, 0x44B4, 0x44B4,
    0x55C8, 0x55C8, 0x55C8, 0x4DC9, 0x4DC9, 0x4DCA, 0x4DCB, 0x4DCC, 0x4DAD, 0x4DAE, 0x45AF, 0x4D90, 0x4D91, 0x4D72, 0x4D73, 0x4D73,
    0x4D54, 0x4D54, 0x4D54, 0x4D34, 0x4D34, 0x4D34, 0x4D14, 0x4D14, 0x4D14, 0x4D14, 0x4CF4, 0x4CF4, 0x4CF4, 0x4CF4, 0x4CD4, 0x44D4,
    0x55C8, 0x55C8, 0x55C8, 0x55C9, 0x4DC9, 0x4DCA, 0x4DCB, 0x4DCC, 0x4DAD, 0x4DAE, 0x4DAF, 0x4D90, 0x4D91, 0x4D92, 0x4D93, 0x4D73,
    0x5574, 0x5574, 0x5554, 0x5554, 0x4D55, 0x4D35, 0x4D35, 0x4D35, 0x4D35, 0x4D35, 0x4D15, 0x4D15, 0x4D15, 0x4CF5, 0x4CF5, 0x4CF4,
    0x55C8, 0x55C8, 0x55C8, 0x55C9, 0x4DC9, 0x4DCA, 0x4DCB, 0x4DCC, 0x4DAD, 0x4DAE, 0x4DAF, 0x4DB0, 0x4D91, 0x4D92, 0x4D93, 0x5594,
    0x5574, 0x5574, 0x5574, 0x5555, 0x5555, 0x5555, 0x5555, 0x4D35, 0x4D35, 0x4D35, 0x4D35, 0x4D35, 0x4D15, 0x4D15, 0x4D15, 0x4D15,
    0x55C8, 0x55C8, 0x55C8, 0x55C8, 0x4DC9, 0x4DCA, 0x4DCA, 0x4DCC, 0x4DCD, 0x4DAE, 0x4DAF, 0x4DB0, 0x4D91, 0x4D92, 0x4D93, 0x5594,
    0x5594, 0x5574, 0x5575, 0x5575, 0x5555, 0x5555, 0x5555, 0x5555, 0x5555, 0x5535, 0x5535, 0x4D35, 0x4D35, 0x4D15, 0x4D15, 0x4D15,
    0x55C8, 0x55C8, 0x55C8, 0x55C8, 0x55C9, 0x4DC9, 0x4DCA, 0x4DCC, 0x4DCD, 0x4DAE, 0x4DAF, 0x4DB0, 0x4DB1, 0x4D92, 0x4D93, 0x5594,
    0x5594, 0x5595, 0x5575, 0x5575, 0x5575, 0x5575, 0x5555, 0x5555, 0x5555, 0x5555, 0x5555, 0x5535, 0x4D35, 0x4D35, 0x4D35, 0x4D35,
    0x55C8, 0x55C8, 0x55C8, 0x55C8, 0x55C8, 0x4DC9, 0x4DCA, 0x4DCB, 0x4DCD, 0x4DAE, 0x4DAF, 0x4DB0, 0x4DB1, 0x4D92, 0x5593, 0x5594,
    0x5594, 0x5595, 0x5595, 0x5575, 0x5575, 0x5575, 0x5575, 0x5555, 0x5555, 0x5555, 0x5555, 0x5555, 0x5535, 0x5535, 0x5535, 0x4D35,
    0x55A8, 0x55C8, 0x55C8, 0x55C8, 0x55C8, 0x4DC9, 0x4DCA, 0x4DCB, 0x4DCD, 0x4DAE, 0x4DAF, 0x4DB0, 0x4DB1, 0x4DB2, 0x5593, 0x5594,
    0x5594, 0x5595, 0x5595, 0x5575, 0x5575, 0x5575, 0x5575, 0x5575, 0x5555, 0x5555, 0x5555, 0x5555, 0x5555, 0x5555, 0x5555, 0x5535,
    0x1020, 0x0821, 0x0821, 0x0821, 0x0822, 0x0002, 0x0002, 0x0003, 0x0004, 0x0004, 0x0004, 0x0004, 0x0005, 0x0005, 0x0005, 0x0005,
    0x0005, 0x0005, 0x0005, 0x0005, 0x0005, 0x0026, 0x0026, 0x0006, 0x0005, 0x0005, 0x0005, 0x0005, 0x0005, 0x0005, 0x0005, 0x0004,
    0x1040, 0x0841, 0x0841, 0x0821, 0x0822, 0x0002, 0x0002, 0x0003, 0x0004, 0x0004, 0x0004, 0x0005, 0x0005, 0x0005, 0x0005, 0x0005,
    0x0005, 0x0005, 0x0005, 0x0005, 0x0005, 0x0026, 0x0026, 0x0005, 0x0005, 0x0005, 0x0005, 0x0005, 0x0005, 0x0005, 0x0005, 0x0005,
    0x1040, 0x1041, 0x0841, 0x0841, 0x0822, 0x0022, 0x0003, 0x0003, 0x0004, 0x0004, 0x0004, 0x0005, 0x0005, 0x0025, 0x0025, 0x0005,
    0x0005, 0x0005, 0x0005, 0x0005, 0x0005, 0x0026, 0x0026, 0x0005, 0x0005, 0x0026, 0x0025, 0x0005, 0x0005, 0x0005, 0x0005, 0x0005,
    0x1081, 0x1081, 0x1081, 0x1061, 0x0862, 0x0843, 0x0023, 0x0023, 0x0024, 0x0004, 0x0004, 0x0005, 0x0005, 0x0005, 0x0005, 0x0005,
    0x0005, 0x0005, 0x0005, 0x0005, 0x0006, 0x0006, 0x0006, 0x0026, 0x0026, 0x0026, 0x0026, 0x0025, 0x0005, 0x0005, 0x0005, 0x0005,
    0x10A1, 0x10A1, 0x10A1, 0x10A1, 0x08A2, 0x0863, 0x0043, 0x0044, 0x0024, 0x0024, 0x0024, 0x0005, 0x0005, 0x0005, 0x0005, 0x0005,
    0x0005, 0x0025, 0x0025, 0x0006, 0x0006, 0x0006, 0x0006, 0x0026, 0x0026, 0x0026, 0x0026, 0x0026, 0x0026, 0x0005, 0x0005, 0x0005,
    0x18E1, 0x18E1, 0x10E1, 0x10E2, 0x08E2, 0x08C3, 0x08A4, 0x0884, 0x0084, 0x0065, 0x0045, 0x0045, 0x0025, 0x0025, 0x0025, 0x0025,
    0x0025, 0x0025, 0x0025, 0x0026, 0x0006, 0x0006, 0x0006, 0x0026, 0x0026, 0x0026, 0x0026, 0x0006, 0x0006, 0x0026, 0x0005, 0x0005,
    0x1921, 0x1921, 0x1921, 0x1122, 0x0902, 0x0903, 0x0904, 0x08E4, 0x08C5, 0x08A5, 0x0886, 0x0866, 0x0045, 0x0045, 0x0025, 0x0025,
    0x0025, 0x0025, 0x0026, 0x0026, 0x0026, 0x0006, 0x0006, 0x0026, 0x0026, 0x0026, 0x0026, 0x0006, 0x0006, 0x0026, 0x0006, 0x0005,
    0x1962, 0x1961, 0x1941, 0x1162, 0x1162, 0x1143, 0x0924, 0x0925, 0x0905, 0x0906, 0x08E6, 0x08C6, 0x08A6, 0x0886, 0x0866, 0x0046,
    0x0026, 0x0025, 0x0026, 0x0026, 0x0026, 0x0006, 0x0006, 0x0006, 0x0026, 0x0026, 0x0026, 0x0026, 0x0026, 0x0006, 0x0006, 0x0006,
    0x19A2, 0x1982, 0x1182, 0x1182, 0x1182, 0x1183, 0x1164, 0x1165, 0x1146, 0x1146, 0x1126, 0x0927, 0x0907, 0x08C7, 0x08A7, 0x0886,
    0x0866, 0x0046, 0x0026, 0x0026, 0x0026, 0x0026, 0x0006, 0x0006, 0x0026, 0x0026, 0x0026, 0x0026, 0x0026, 0x0006, 0x0026, 0x0026,
    0x19C2, 0x11C2, 0x11C2, 0x11C2, 0x11C2, 0x11C4, 0x11A5, 0x11A6, 0x11A6, 0x1187, 0x1187, 0x1167, 0x1147, 0x1128, 0x1107, 0x08E7,
    0x08C7, 0x08A7, 0x0887, 0x0867, 0x0046, 0x0026, 0x0026, 0x0026, 0x0026, 0x0027, 0x0027, 0x0007, 0x0027, 0x0027, 0x0027, 0x0027,
    0x1A02, 0x1A02, 0x1202, 0x1202, 0x1203, 0x1204, 0x11E5, 0x11E6, 0x11E7, 0x11C7, 0x11C8, 0x11A8, 0x11A8, 0x1188, 0x1168, 0x1168,
    0x1148, 0x1108, 0x08E8, 0x08A7, 0x0887, 0x0867, 0x0047, 0x0047, 0x0047, 0x0027, 0x0027, 0x0027, 0x0027, 0x0027, 0x0027, 0x0027,
    0x1A63, 0x1A43, 0x1A43, 0x1A43, 0x1243, 0x1A44, 0x1A45, 0x1A26, 0x1A27, 0x1A28, 0x1A08, 0x1A08, 0x19E9, 0x19C9, 0x19C9, 0x11A9,
    0x11A9, 0x1189, 0x1169, 0x1129, 0x1109, 0x08E8, 0x08C8, 0x08A8, 0x0888, 0x0868, 0x0868, 0x0048, 0x0048, 0x0048, 0x0048, 0x0048,
    0x1AA3, 0x1AA3, 0x1AA3, 0x1AA3, 0x1A84, 0x1A85, 0x1A86, 0x1A67, 0x1A68, 0x1A68, 0x1A69, 0x1A49, 0x1A49, 0x1A2A, 0x1A0A, 0x1A0A,
    0x19EA, 0x19EA, 0x19CA, 0x11AA, 0x118A, 0x114A, 0x112A, 0x110A, 0x10EA, 0x08CA, 0x08C9, 0x08A9, 0x0889, 0x0889, 0x0889, 0x0889,
    0x2304, 0x2324, 0x2324, 0x2304, 0x1B04, 0x1AE5, 0x1AC6, 0x22C7, 0x22A8, 0x22A9, 0x22AA, 0x22AA, 0x228A, 0x228B, 0x226B, 0x1A6B,
    0x1A6B, 0x1A4B, 0x1A2B, 0x1A0B, 0x19EB, 0x19CB, 0x19AB, 0x118B, 0x118B, 0x116B, 0x114B, 0x114B, 0x112B, 0x110B, 0x110B, 0x110B,
    0x2B84, 0x2B84, 0x2BA4, 0x2385, 0x2365, 0x2346, 0x2327, 0x2328, 0x2309, 0x230A, 0x22EA, 0x22EB, 0x22EB, 0x22CC, 0x22CC, 0x22CC,
    0x22AC, 0x22AC, 0x228C, 0x226C, 0x226C, 0x1A4D, 0x1A2D, 0x1A0D, 0x1A0D, 0x19ED, 0x19ED, 0x19CD, 0x19AD, 0x198C, 0x198D, 0x198D,
    0x3425, 0x3425, 0x3405, 0x2C05, 0x2C06, 0x2BE7, 0x2BC8, 0x2BA9, 0x2B8A, 0x2B6A, 0x2B6B, 0x234C, 0x234C, 0x232C, 0x232D, 0x230D,
    0x230D, 0x22ED, 0x22ED, 0x22CD, 0x22AE, 0x22AE, 0x22AE, 0x228E, 0x226E, 0x226E, 0x224E, 0x1A2E, 0x1A2E, 0x1A0E, 0x1A0E, 0x1A0E,
    0x3C86, 0x3C86, 0x3C86, 0x3486, 0x3467, 0x3468, 0x2C48, 0x2C29, 0x2C0A, 0x2BEB, 0x2BCC, 0x2BCC, 0x2BAD, 0x2B8D, 0x2B6D, 0x2B4E,
    0x2B4E, 0x2B2E, 0x2B2E, 0x230E, 0x230F, 0x230F, 0x22EF, 0x22EF, 0x22CF, 0x22AF, 0x22AF, 0x22AF, 0x228F, 0x228F, 0x228F, 0x226F,
    0x44E6, 0x44E6, 0x44E7, 0x3CE7, 0x3CE7, 0x34C8, 0x34A9, 0x348A, 0x346B, 0x344C, 0x344D, 0x342D, 0x340E, 0x33EE, 0x2BCE, 0x2BAF,
    0x2B8F, 0x2B6F, 0x2B6F, 0x2B4F, 0x2B50, 0x2B50, 0x2B50, 0x2B50, 0x2B30, 0x2B10, 0x2B10, 0x22F0, 0x22F0, 0x22D0, 0x22D0, 0x22D0,
    0x4D27, 0x4527, 0x4527, 0x4528, 0x4528, 0x3D09, 0x3D0A, 0x3CEB, 0x34CC, 0x34AC, 0x348D, 0x348E, 0x346E, 0x344F, 0x342F, 0x33F0,
    0x33D0, 0x2BB0, 0x2B90, 0x2B90, 0x2B90, 0x33B1, 0x33B1, 0x2B91, 0x2B91, 0x2B71, 0x2B51, 0x2B51, 0x2B31, 0x2B31, 0x2B31, 0x2B11,
    0x4D48, 0x4D48, 0x4D68, 0x4568, 0x4548, 0x4549, 0x454A, 0x3D2B, 0x3D0C, 0x3CED, 0x3CED, 0x3CCE, 0x3CAF, 0x3C8F, 0x3C70, 0x3450,
    0x3410, 0x33F1, 0x33D1, 0x33D1, 0x33D1, 0x33F1, 0x33F1, 0x33F2, 0x33D2, 0x33D2, 0x33B2, 0x3392, 0x2B91, 0x2B71, 0x2B71, 0x2B72,
    0x4D68, 0x4D88, 0x4D88, 0x4D88, 0x4589, 0x456A, 0x456B, 0x454C, 0x3D4C, 0x3D2D, 0x3D0E, 0x3D0F, 0x3CEF, 0x3CD0, 0x3CB1, 0x3C91,
    0x3C71, 0x3C51, 0x3431, 0x3411, 0x3412, 0x3C32, 0x3C32, 0x3C32, 0x3C12, 0x3412, 0x33F2, 0x33F2, 0x33D2, 0x33D2, 0x33B2, 0x33B2,
    0x5588, 0x5588, 0x4D89, 0x4DA9, 0x4DA9, 0x4D8A, 0x458B, 0x456C, 0x456D, 0x454D, 0x454E, 0x452F, 0x4530, 0x4510, 0x44F1, 0x44D1,
    0x44B2, 0x3C92, 0x3C92, 0x3C72, 0x3C72, 0x3C73, 0x3C73, 0x3C73, 0x3C53, 0x3C53, 0x3C53, 0x3C33, 0x3C33, 0x3C13, 0x3C13, 0x3BF3,
    0x55A8, 0x55A8, 0x55A9, 0x4DA9, 0x4DA9, 0x4DAA, 0x4D8B, 0x458C, 0x458D, 0x456E, 0x456F, 0x454F, 0x4550, 0x4531, 0x4531, 0x4512,
    0x44F2, 0x44F3, 0x44D3, 0x44D3, 0x44B3, 0x44B3, 0x44B3, 0x4493, 0x4493, 0x4493, 0x4473, 0x3C73, 0x3C73, 0x3C53, 0x3C53, 0x3C33,
    0x55A8, 0x55A9, 0x55A9, 0x4DC9, 0x4DC9, 0x4DCA, 0x4DAB, 0x4DAC, 0x4DAD, 0x458E, 0x458F, 0x4570, 0x4551, 0x4551, 0x4552, 0x4D32,
    0x4D33, 0x4D13, 0x4513, 0x44F3, 0x44F4, 0x44F4, 0x44D4, 0x44D4, 0x44D4, 0x44B4, 0x44B4, 0x44B4, 0x4494, 0x4494, 0x4494, 0x4474,
    0x55A8, 0x55C8, 0x55C9, 0x55C9, 0x4DC9, 0x4DCA, 0x4DCB, 0x4DAC, 0x4DAD, 0x4DAE, 0x458F, 0x4590, 0x4571, 0x4D72, 0x4D52, 0x4D53,
    0x4D53, 0x4D33, 0x4D34, 0x4D14, 0x4D14, 0x4D14, 0x4CF4, 0x4CF4, 0x4CF4, 0x4CF4, 0x44D4, 0x44D4, 0x44D4, 0x44B4, 0x44B4, 0x4494,
    0x55C8, 0x55C8, 0x55C9, 0x55C9, 0x4DE9, 0x4DCA, 0x4DCB, 0x4DCC, 0x4DAD, 0x4DAE, 0x4DAF, 0x4D90, 0x4D91, 0x4D72, 0x4D72, 0x4D73,
    0x4D53, 0x4D54, 0x4D54, 0x4D34, 0x4D34, 0x4D34, 0x4D14, 0x4D14, 0x4D15, 0x4D15, 0x4D14, 0x4CF4, 0x4CF4, 0x4CF4, 0x44D4, 0x44B4,
    0x55C8, 0x55C8, 0x55C8, 0x55C9, 0x55C9, 0x4DCA, 0x4DCB, 0x4DCC, 0x4DAD, 0x4DAE, 0x4DAF, 0x4DB0, 0x4D91, 0x4D92, 0x4D73, 0x4D73,
    0x4D74, 0x5574, 0x5554, 0x5554, 0x4D54, 0x4D35, 0x4D35, 0x4D35, 0x4D35, 0x4D35, 0x4D15, 0x4D15, 0x4D15, 0x4D15, 0x4CF4, 0x4CF4,
    0x5DC8, 0x55C8, 0x55C8, 0x55C9, 0x55C9, 0x4DCA, 0x4DCA, 0x4DCC, 0x4DCD, 0x4DAE, 0x4DAF, 0x4DB0, 0x4D91, 0x4D92, 0x4D93, 0x5593,
    0x5574, 0x5574, 0x5574, 0x5555, 0x5555, 0x5555, 0x5555, 0x5535, 0x4D35, 0x4D35, 0x4D35, 0x4D35, 0x4D15, 0x4D15, 0x4D15, 0x4D15,
    0x5DC8, 0x55C8, 0x55C8, 0x55C9, 0x55C9, 0x4DCA, 0x4DCA, 0x4DCC, 0x4DCD, 0x4DAE, 0x4DAF, 0x4DB0, 0x4DB1, 0x4D92, 0x4D93, 0x5594,
    0x5594, 0x5574, 0x5575, 0x5575, 0x5575, 0x5555, 0x5555, 0x5555, 0x5555, 0x5535, 0x5535, 0x4D35, 0x4D35, 0x4D15, 0x4D15, 0x4D15,
    0x5DC8, 0x5DC8, 0x55C8, 0x55C8, 0x55C9, 0x4DC9, 0x4DCA, 0x4DCC, 0x4DCD, 0x4DAE, 0x4DAF, 0x4DB0, 0x4DB1, 0x4D92, 0x4D93, 0x5594,
    0x5594, 0x5595, 0x5575, 0x5575, 0x5575, 0x5575, 0x5555, 0x5555, 0x5555, 0x5555, 0x5555, 0x5535, 0x5535, 0x4D35, 0x4D35, 0x4D35,
    0x5DC8, 0x5DC8, 0x5DC8, 0x55C8, 0x55C9, 0x4DC9, 0x4DCA, 0x4DCB, 0x4DCD, 0x4DAE, 0x4DAF, 0x4DB0, 0x4DB1, 0x4D92, 0x5593, 0x5594,
    0x5594, 0x5595, 0x5595, 0x5575, 0x5575, 0x5575, 0x5575, 0x5575, 0x5555, 0x5555, 0x5555, 0x5555, 0x5555, 0x5535, 0x5535, 0x4D35,
    0x5DA8, 0x5DC8, 0x5DC8, 0x55C8, 0x55C8, 0x4DC9, 0x4DEA, 0x4DCB, 0x4DCC, 0x4DAE, 0x4DAF, 0x4DB0, 0x4DB1, 0x55B2, 0x55B3, 0x5594,
    0x5594, 0x5595, 0x5595, 0x5575, 0x5575, 0x5575, 0x5575, 0x5575, 0x5575, 0x5555, 0x5555, 0x5555, 0x5555, 0x5555, 0x5555, 0x5535,
    0x1020, 0x1021, 0x1021, 0x1021, 0x0822, 0x0802, 0x0002, 0x0003, 0x0003, 0x0004, 0x0004, 0x0005, 0x0005, 0x0005, 0x0005, 0x0005,
    0x0005, 0x0005, 0x0005, 0x0005, 0x0005, 0x0006, 0x0006, 0x0026, 0x0005, 0x0005, 0x0005, 0x0005, 0x0005, 0x0005, 0x0004, 0x0004,
    0x1040, 0x1041, 0x1041, 0x1021, 0x0822, 0x0822, 0x0003, 0x0003, 0x0004, 0x0004, 0x0004, 0x0005, 0x0005, 0x0005, 0x0005, 0x0005,
    0x0005, 0x0005, 0x0005, 0x0005, 0x0005, 0x0006, 0x0006, 0x0026, 0x0005, 0x0005, 0x0005, 0x0005, 0x0005, 0x0005, 0x0005, 0x0005,
    0x1040, 0x1041, 0x1041, 0x1041, 0x1042, 0x0822, 0x0003, 0x0003, 0x0004, 0x0004, 0x0004, 0x0005, 0x0005, 0x0005, 0x0005, 0x0005,
    0x0005, 0x0005, 0x0005, 0x0005, 0x0005, 0x0006, 0x0006, 0x0025, 0x0025, 0x0006, 0x0005, 0x0005, 0x0005, 0x0005, 0x0005, 0x0005,
    0x1861, 0x1861, 0x1081, 0x1081, 0x1062, 0x0843, 0x0843, 0x0024, 0x0024, 0x0024, 0x0004, 0x0005, 0x0005, 0x0005, 0x0005, 0x0005,
    0x0005, 0x0005, 0x0005, 0x0005, 0x0005, 0x0006, 0x0026, 0x0006, 0x0006, 0x0006, 0x0006, 0x0005, 0x0005, 0x0005, 0x0005, 0x0005,
    0x18A1, 0x18A1, 0x18A1, 0x10A1, 0x10A2, 0x0883, 0x0864, 0x0844, 0x0024, 0x0024, 0x0024, 0x0025, 0x0005, 0x0005, 0x0005, 0x0005,
    0x0005, 0x0005, 0x0005, 0x0005, 0x0005, 0x0006, 0x0026, 0x0006, 0x0006, 0x0006, 0x0026, 0x0026, 0x0026, 0x0005, 0x0005, 0x0005,
    0x18E1, 0x18E1, 0x18E1, 0x18E2, 0x10E2, 0x10C3, 0x08C4, 0x08A4, 0x0885, 0x0065, 0x0065, 0x0045, 0x0025, 0x0025, 0x0025, 0x0005,
    0x0005, 0x0005, 0x0005, 0x0005, 0x0006, 0x0006, 0x0006, 0x0026, 0x0026, 0x0006, 0x0006, 0x0006, 0x0006, 0x0026, 0x0006, 0x0005,
    0x2121, 0x1921, 0x1921, 0x1922, 0x1122, 0x1103, 0x0904, 0x08E5, 0x08C5, 0x08C5, 0x08A6, 0x0865, 0x0045, 0x0045, 0x0025, 0x0025,
    0x0005, 0x0005, 0x0005, 0x0026, 0x0026, 0x0006, 0x0006, 0x0026, 0x0026, 0x0006, 0x0006, 0x0006, 0x0006, 0x0026, 0x0026, 0x0006,
    0x2162, 0x1962, 0x1962, 0x1962, 0x1162, 0x1143, 0x1144, 0x0925, 0x0905, 0x0906, 0x08E6, 0x08C6, 0x08A6, 0x0886, 0x0066, 0x0046,
    0x0025, 0x0025, 0x0025, 0x0026, 0x0026, 0x0006, 0x0006, 0x0006, 0x0006, 0x0006, 0x0026, 0x0026, 0x0026, 0x0026, 0x0026, 0x0026,
    0x21A2, 0x19A2, 0x19A2, 0x19A2, 0x11A2, 0x1183, 0x1184, 0x1165, 0x1166, 0x1146, 0x1127, 0x1127, 0x0907, 0x08C7, 0x08A7, 0x0886,
    0x0066, 0x0046, 0x0026, 0x0026, 0x0026, 0x0026, 0x0026, 0x0006, 0x0006, 0x0026, 0x0026, 0x0026, 0x0026, 0x0026, 0x0026, 0x0026,
    0x19E2, 0x19E2, 0x19C2, 0x19E2, 0x19E2, 0x11C4, 0x11C5, 0x11A5, 0x11A6, 0x1187, 0x1187, 0x1167, 0x1148, 0x1127, 0x0907, 0x08E7,
    0x08C7, 0x08A7, 0x0887, 0x0066, 0x0046, 0x0026, 0x0026, 0x0026, 0x0026, 0x0027, 0x0027, 0x0027, 0x0027, 0x0027, 0x0027, 0x0027,
    0x1A22, 0x1A02, 0x1A02, 0x1A23, 0x1A23, 0x1A04, 0x1A05, 0x11E6, 0x11E7, 0x11C7, 0x11C8, 0x11A8, 0x11A8, 0x1188, 0x1168, 0x1148,
    0x1148, 0x1128, 0x08E8, 0x08A7, 0x0887, 0x0867, 0x0047, 0x0047, 0x0047, 0x0027, 0x0027, 0x0027, 0x0027, 0x0027, 0x0027, 0x0027,
    0x2263, 0x2263, 0x2263, 0x1A63, 0x1A63, 0x1A44, 0x1A45, 0x1A46, 0x1A27, 0x1A28, 0x1A08, 0x1A08, 0x19E9, 0x19E9, 0x11C9, 0x11A9,
    0x11A9, 0x1189, 0x1169, 0x1129, 0x1108, 0x08E8, 0x08A8, 0x08A8, 0x0888, 0x0868, 0x0868, 0x0848, 0x0048, 0x0048, 0x0048, 0x0048,
    0x22A3, 0x22A3, 0x22A3, 0x22A3, 0x1AA4, 0x1AA4, 0x1A85, 0x1A87, 0x1A68, 0x1A68, 0x1A69, 0x1A49, 0x1A49, 0x1A2A, 0x1A2A, 0x1A0A,
    0x19EA, 0x19EA, 0x19CA, 0x11AA, 0x118A, 0x114A, 0x112A, 0x1109, 0x08E9, 0x08C9, 0x08C9, 0x08A9, 0x0889, 0x0889, 0x0889, 0x0889,
    0x2B04, 0x2B24, 0x2B24, 0x2304, 0x2304, 0x22E5, 0x22E6, 0x22C7, 0x22C8, 0x22A9, 0x22A9, 0x22AA, 0x228A, 0x228B, 0x228B, 0x1A6B,
    0x1A4B, 0x1A4B, 0x1A2B, 0x1A0B, 0x19EB, 0x19CB, 0x19AB, 0x118B, 0x118B, 0x116B, 0x114B, 0x114B, 0x112B, 0x110B, 0x110B, 0x110B,
    0x3384, 0x3384, 0x3384, 0x2B85, 0x2B85, 0x2366, 0x2347, 0x2328, 0x2309, 0x2309, 0x230A, 0x22EB, 0x22EB, 0x22EC, 0x22CC, 0x22AC,
    0x22AC, 0x22AC, 0x228C, 0x226C, 0x226C, 0x1A4C, 0x1A2D, 0x1A2D, 0x1A0D, 0x19ED, 0x19ED, 0x19CD, 0x19AD, 0x19AD, 0x198D, 0x198D,
    0x3C25, 0x3C05, 0x3C05, 0x3405, 0x3406, 0x2BE7, 0x2BC7, 0x2BA8, 0x2B89, 0x2B6A, 0x2B6B, 0x2B6C, 0x234C, 0x232C, 0x232D, 0x230D,
    0x22ED, 0x22ED, 0x22CD, 0x22CD, 0x22CE, 0x22AE, 0x22AE, 0x228E, 0x228E, 0x226E, 0x224E, 0x1A2E, 0x1A2E, 0x1A0E, 0x1A0E, 0x1A0E,
    0x4486, 0x4486, 0x4486, 0x3C66, 0x3C66, 0x3467, 0x3448, 0x2C29, 0x2C0A, 0x2BEB, 0x2BCC, 0x2BCC, 0x2BAD, 0x2B8D, 0x2B6D, 0x2B4E,
    0x2B4E, 0x2B2E, 0x2B2E, 0x2B0F, 0x2B0F, 0x2B0F, 0x2B0F, 0x2B0F, 0x22EF, 0x22CF, 0x22AF, 0x22AF, 0x228F, 0x228F, 0x226F, 0x226F,
    0x4CE6, 0x4CE6, 0x44E6, 0x44E7, 0x44E7, 0x3CC8, 0x3CA9, 0x348A, 0x346B, 0x346B, 0x344C, 0x342D, 0x340D, 0x2BEE, 0x2BCE, 0x2B8F,
    0x2B6F, 0x2B4F, 0x2B4F, 0x2B4F, 0x2B50, 0x2B70, 0x2B70, 0x2B50, 0x2B50, 0x2B30, 0x2B10, 0x22F0, 0x22F0, 0x22D0, 0x22D0, 0x22D0,
    0x4D27, 0x4D27, 0x4D27, 0x4D28, 0x4528, 0x4528, 0x3D09, 0x3CEA, 0x34CB, 0x34AC, 0x348D, 0x348D, 0x346E, 0x344F, 0x340F, 0x33EF,
    0x2BB0, 0x2B90, 0x2B90, 0x2B90, 0x2B90, 0x33B1, 0x33B1, 0x33B1, 0x3391, 0x2B71, 0x2B71, 0x2B51, 0x2B31, 0x2B31, 0x2B31, 0x2B11,
    0x5548, 0x5548, 0x5568, 0x4D68, 0x4D48, 0x4549, 0x454A, 0x452B, 0x3D2C, 0x3D0C, 0x3CED, 0x3CCE, 0x3CAF, 0x3C8F, 0x3470, 0x3430,
    0x33F0, 0x33D1, 0x33B1, 0x33B1, 0x33D1, 0x33F1, 0x33F2, 0x33F2, 0x33D2, 0x33D2, 0x33B2, 0x3392, 0x3392, 0x2B72, 0x2B72, 0x2B72,
    0x5568, 0x5588, 0x5588, 0x5589, 0x4D89, 0x4D8A, 0x456A, 0x456B, 0x454C, 0x3D2D, 0x3D2E, 0x3D0E, 0x3CEF, 0x3CD0, 0x3CB0, 0x3C91,
    0x3C51, 0x3431, 0x3411, 0x33F1, 0x3412, 0x3C12, 0x3C32, 0x3C32, 0x3C32, 0x3C12, 0x33F2, 0x33F2, 0x33D2, 0x33D2, 0x33D2, 0x33B2,
    0x5D88, 0x5D89, 0x5DA9, 0x55A9, 0x55A9, 0x4DAA, 0x4D8B, 0x4D8C, 0x456D, 0x454D, 0x454E, 0x454F, 0x4530, 0x4510, 0x44F1, 0x44D1,
    0x3CB2, 0x3C92, 0x3C72, 0x3C72, 0x3C72, 0x3C72, 0x3C73, 0x3C73, 0x3C53, 0x3C53, 0x3C53, 0x3C33, 0x3C33, 0x3C13, 0x3C13, 0x3BF3,
    0x5DA9, 0x5DA9, 0x5DA9, 0x55A9, 0x55C9, 0x55AA, 0x4DAB, 0x4DAC, 0x4D8D, 0x458E, 0x456E, 0x454F, 0x4550, 0x4531, 0x4531, 0x4512,
    0x44F2, 0x44D3, 0x44D3, 0x44B3, 0x44B3, 0x44B3, 0x44B3, 0x44B3, 0x4493, 0x4493, 0x4493, 0x4473, 0x3C73, 0x3C53, 0x3C53, 0x3C33,
    0x5DA9, 0x5DA9, 0x5DC9, 0x5DC9, 0x55C9, 0x55CA, 0x4DAB, 0x4DAC, 0x4DAD, 0x4D8E, 0x4D8F, 0x4570, 0x4570, 0x4551, 0x4552, 0x4532,
    0x4D33, 0x4D13, 0x4D13, 0x44F3, 0x44F4, 0x44F4, 0x44D4, 0x44D4, 0x44D4, 0x44D4, 0x44B4, 0x44B4, 0x44B4, 0x4494, 0x4494, 0x4474,
    0x5DC9, 0x5DC9, 0x5DC9, 0x5DC9, 0x55CA, 0x55CA, 0x4DCB, 0x4DCC, 0x4DAD, 0x4DAE, 0x4D8F, 0x4D90, 0x4D91, 0x4D71, 0x4D72, 0x4D53,
    0x4D53, 0x4D53, 0x4D34, 0x4D34, 0x4D14, 0x4D14, 0x4D14, 0x4CF4, 0x4CF4, 0x4CF4, 0x44F4, 0x44D4, 0x44D4, 0x44D4, 0x44B4, 0x44B4,
    0x65C9, 0x5DC9, 0x5DC9, 0x5DC9, 0x5DCA, 0x55CA, 0x4DCB, 0x55CC, 0x55CD, 0x4DAE, 0x4DAF, 0x4DB0, 0x4D91, 0x4D92, 0x4D72, 0x4D73,
    0x4D74, 0x4D54, 0x4D54, 0x4D54, 0x4D34, 0x4D34, 0x4D14, 0x4D14, 0x4D15, 0x4D15, 0x4D14, 0x4CF4, 0x4CF4, 0x4CF4, 0x4CD4, 0x44D4,
    0x65C8, 0x65C9, 0x5DC9, 0x5DC9, 0x5DC9, 0x55CA, 0x4DCA, 0x55CC, 0x55CD, 0x55CE, 0x4DAF, 0x4DB0, 0x4D91, 0x4D92, 0x4D93, 0x4D73,
    0x5574, 0x5574, 0x5554, 0x5554, 0x5555, 0x4D35, 0x4D35, 0x4D35, 0x4D35, 0x4D35, 0x4D15, 0x4D15, 0x4D15, 0x4D15, 0x4CF4, 0x4CF4,
    0x65C8, 0x65C9, 0x5DC9, 0x5DC9, 0x5DC9, 0x55EA, 0x55EA, 0x55CC, 0x55CD, 0x55CE, 0x55CF, 0x4DB0, 0x4DB1, 0x4D92, 0x4D93, 0x5593,
    0x5574, 0x5574, 0x5575, 0x5575, 0x5555, 0x5555, 0x5555, 0x5535, 0x4D35, 0x4D35, 0x4D35, 0x4D35, 0x4D15, 0x4D15, 0x4D15, 0x4D15,
    0x65C8, 0x65C8, 0x65C9, 0x5DC9, 0x5DC9, 0x55EA, 0x55EA, 0x55CC, 0x55CD, 0x55CE, 0x55CF, 0x55B0, 0x4DB1, 0x4D92, 0x4D93, 0x5593,
    0x5594, 0x5594, 0x5575, 0x5575, 0x5575, 0x5555, 0x5555, 0x5555, 0x5555, 0x5535, 0x5535, 0x4D35, 0x4D35, 0x4D35, 0x4D35, 0x4D15,
    0x65C8, 0x65C8, 0x65C9, 0x5DC9, 0x5DC9, 0x55EA, 0x55EA, 0x55CC, 0x55CD, 0x55CE, 0x55AF, 0x55B0, 0x4DB1, 0x4D92, 0x5593, 0x5594,
    0x5594, 0x5595, 0x5575, 0x5575, 0x5575, 0x5575, 0x5555, 0x5555, 0x5555, 0x5555, 0x5555, 0x5555, 0x5535, 0x4D35, 0x4D35, 0x4D35,
    0x65C8, 0x65C8, 0x65C8, 0x5DC9, 0x5DC9, 0x55E9, 0x55EA, 0x55CB, 0x55CD, 0x55CE, 0x55AF, 0x55B0, 0x55B1, 0x55B2, 0x5593, 0x5594,
    0x5594, 0x5595, 0x5595, 0x5575, 0x5575, 0x5575, 0x5575, 0x5575, 0x5555, 0x5555, 0x5555, 0x5555, 0x5555, 0x5535, 0x5535, 0x5535,
    0x65C8, 0x65C8, 0x65C8, 0x65C9, 0x5DC9, 0x55E9, 0x55EA, 0x55CB, 0x55CC, 0x55CE, 0x55AF, 0x55B0, 0x55B1, 0x55B2, 0x55B3, 0x5594,
    0x5594, 0x5595, 0x5595, 0x5575, 0x5575, 0x5575, 0x5575, 0x5575, 0x5575, 0x5555, 0x5555, 0x5555, 0x5555, 0x5555, 0x5555, 0x5555,
    0x1820, 0x1821, 0x1821, 0x1021, 0x1022, 0x0822, 0x0003, 0x0003, 0x0003, 0x0004, 0x0004, 0x0005, 0x0005, 0x0005, 0x0005, 0x0005,
    0x0005, 0x0005, 0x0005, 0x0005, 0x0006, 0x0006, 0x0006, 0x0026, 0x0026, 0x0005, 0x0005, 0x0005, 0x0005, 0x0005, 0x0004, 0x0004,
    0x1840, 0x1841, 0x1841, 0x1021, 0x1022, 0x0822, 0x0003, 0x0003, 0x0003, 0x0004, 0x0004, 0x0005, 0x0005, 0x0005, 0x0005, 0x0005,
    0x0005, 0x0005, 0x0005, 0x0005, 0x0005, 0x0006, 0x0006, 0x0026, 0x0026, 0x0005, 0x0005, 0x0005, 0x0005, 0x0005, 0x0005, 0x0004,
    0x1840, 0x1841, 0x1841, 0x1841, 0x1042, 0x0822, 0x0803, 0x0003, 0x0004, 0x0004, 0x0004, 0x0005, 0x0005, 0x0005, 0x0005, 0x0005,
    0x0005, 0x0005, 0x0005, 0x0005, 0x0005, 0x0006, 0x0006, 0x0026, 0x0026, 0x0005, 0x0005, 0x0005, 0x0005, 0x0025, 0x0005, 0x0005,
    0x1861, 0x1861, 0x1881, 0x1881, 0x1882, 0x1063, 0x0844, 0x0824, 0x0024, 0x0024, 0x0004, 0x0005, 0x0005, 0x0005, 0x0005, 0x0005,
    0x0005, 0x0005, 0x0005, 0x0005, 0x0005, 0x0006, 0x0026, 0x0006, 0x0006, 0x0006, 0x0006, 0x0005, 0x0005, 0x0005, 0x0005, 0x0005,
    0x1881, 0x18A1, 0x18A1, 0x18A2, 0x18A2, 0x1083, 0x0884, 0x0844, 0x0044, 0x0024, 0x0025, 0x0025, 0x0005, 0x0005, 0x0005, 0x0005,
    0x0025, 0x0005, 0x0005, 0x0005, 0x0005, 0x0026, 0x0026, 0x0006, 0x0006, 0x0006, 0x0006, 0x0026, 0x0026, 0x0005, 0x0005, 0x0026,
    0x20E1, 0x20E1, 0x20E1, 0x18E2, 0x18E2, 0x10E3, 0x10C4, 0x08A4, 0x0885, 0x0885, 0x0065, 0x0045, 0x0025, 0x0025, 0x0005, 0x0005,
    0x0005, 0x0005, 0x0005, 0x0005, 0x0005, 0x0005, 0x0006, 0x0026, 0x0006, 0x0006, 0x0006, 0x0006, 0x0006, 0x0026, 0x0026, 0x0026,
    0x2121, 0x2121, 0x2121, 0x2122, 0x1922, 0x1923, 0x1104, 0x1105, 0x08E5, 0x08C6, 0x08A6, 0x0885, 0x0045, 0x0045, 0x0025, 0x0025,
    0x0005, 0x0005, 0x0005, 0x0025, 0x0025, 0x0005, 0x0006, 0x0026, 0x0026, 0x0006, 0x0006, 0x0006, 0x0006, 0x0026, 0x0026, 0x0026,
    0x2162, 0x2162, 0x2162, 0x2162, 0x1962, 0x1963, 0x1144, 0x1125, 0x0926, 0x0906, 0x08E6, 0x08C6, 0x08A6, 0x0886, 0x0066, 0x0046,
    0x0025, 0x0025, 0x0025, 0x0025, 0x0025, 0x0026, 0x0006, 0x0006, 0x0006, 0x0006, 0x0006, 0x0026, 0x0026, 0x0026, 0x0026, 0x0026,
    0x21A2, 0x21A2, 0x21A2, 0x21A2, 0x19A2, 0x19A3, 0x1184, 0x1165, 0x1166, 0x1146, 0x1147, 0x1127, 0x0907, 0x08C7, 0x08A6, 0x0886,
    0x0066, 0x0046, 0x0026, 0x0025, 0x0026, 0x0026, 0x0026, 0x0006, 0x0006, 0x0006, 0x0026, 0x0026, 0x0026, 0x0027, 0x0026, 0x0026,
    0x21E2, 0x21E2, 0x21E2, 0x21E2, 0x19E3, 0x19E4, 0x11C4, 0x11C5, 0x11A6, 0x1187, 0x1187, 0x1167, 0x1148, 0x1127, 0x0907, 0x08E7,
    0x08C7, 0x08A7, 0x0887, 0x0066, 0x0046, 0x0026, 0x0026, 0x0026, 0x0026, 0x0026, 0x0027, 0x0027, 0x0027, 0x0027, 0x0027, 0x0027,
    0x2223, 0x2223, 0x2223, 0x2223, 0x1A23, 0x1A24, 0x1A25, 0x1A06, 0x19E7, 0x11E7, 0x11C8, 0x11C8, 0x11A8, 0x1188, 0x1168, 0x1148,
    0x1128, 0x1128, 0x08E8, 0x08A7, 0x0887, 0x0067, 0x0047, 0x0047, 0x0047, 0x0027, 0x0027, 0x0027, 0x0027, 0x0027, 0x0027, 0x0027,
    0x2A63, 0x2A63, 0x2263, 0x2263, 0x2263, 0x1A64, 0x1A65, 0x1A46, 0x1A47, 0x1A28, 0x1A08, 0x1A08, 0x19E9, 0x19E9, 0x11C9, 0x11A9,
    0x1189, 0x1189, 0x1169, 0x1128, 0x0908, 0x08C8, 0x08A8, 0x0888, 0x0888, 0x0868, 0x0868, 0x0848, 0x0048, 0x0048, 0x0048, 0x0048,
    0x2AA3, 0x2AA3, 0x2AA3, 0x22A3, 0x22A3, 0x22A4, 0x1AA5, 0x1A86, 0x1A87, 0x1A68, 0x1A69, 0x1A49, 0x1A49, 0x1A2A, 0x1A2A, 0x1A0A,
    0x19EA, 0x19EA, 0x19CA, 0x11AA, 0x116A, 0x1149, 0x1129, 0x1109, 0x08E9, 0x08C9, 0x08C9, 0x08A9, 0x0889, 0x0889, 0x0889, 0x0889,
    0x3324, 0x3324, 0x3324, 0x2B24, 0x2B24, 0x2305, 0x22E6, 0x22E7, 0x22C8, 0x22A9, 0x22A9, 0x22AA, 0x22AA, 0x228B, 0x228B, 0x1A6B,
    0x1A4B, 0x1A4B, 0x1A2B, 0x1A0B, 0x19EB, 0x19CB, 0x19AB, 0x118B, 0x118B, 0x116B, 0x114B, 0x112B, 0x112B, 0x112B, 0x110B, 0x110B,
    0x3B84, 0x3B84, 0x3B84, 0x3385, 0x3385, 0x2B65, 0x2B46, 0x2347, 0x2328, 0x2309, 0x230A, 0x230B, 0x22EB, 0x22EC, 0x22CC, 0x22AC,
    0x22AC, 0x228C, 0x228C, 0x226C, 0x224C, 0x1A4C, 0x1A2D, 0x1A2D, 0x1A0D, 0x19ED, 0x19ED, 0x19CD, 0x19AD, 0x19AD, 0x198D, 0x118C,
    0x4425, 0x4405, 0x4405, 0x3C05, 0x3C06, 0x33E6, 0x2BE7, 0x2BA8, 0x2B89, 0x2B8A, 0x2B6B, 0x2B6B, 0x2B4C, 0x232C, 0x232D, 0x230D,
    0x22ED, 0x22ED, 0x22CD, 0x22CE, 0x22CE, 0x22CE, 0x22AE, 0x22AE, 0x228E, 0x226E, 0x224E, 0x1A2E, 0x1A2E, 0x1A2E, 0x1A0E, 0x19EE,
    0x4C86, 0x4C86, 0x4C86, 0x4486, 0x4466, 0x3C67, 0x3448, 0x3429, 0x2C0A, 0x2BEB, 0x2BEB, 0x2BCC, 0x2BAD, 0x2B8D, 0x2B6D, 0x2B4E,
    0x2B2E, 0x2B2E, 0x2B0E, 0x2B0F, 0x2B2F, 0x2B2F, 0x2B30, 0x2B10, 0x2AEF, 0x22CF, 0x22AF, 0x22AF, 0x228F, 0x228F, 0x226F, 0x226F,
    0x54E6, 0x54E6, 0x4CE6, 0x4CE7, 0x44E7, 0x44C8, 0x3CC8, 0x34A9, 0x348A, 0x346B, 0x344C, 0x342D, 0x340D, 0x2BEE, 0x2BAE, 0x2B8E,
    0x2B6F, 0x2B4F, 0x2B4F, 0x2B4F, 0x2B70, 0x3370, 0x3371, 0x3371, 0x2B51, 0x2B30, 0x2B10, 0x22F0, 0x22F0, 0x22F0, 0x22D0, 0x22D0,
    0x5527, 0x5527, 0x5527, 0x5528, 0x4D28, 0x4528, 0x4509, 0x3D0A, 0x3CEB, 0x34CC, 0x34AC, 0x348D, 0x346E, 0x342E, 0x340F, 0x33CF,
    0x2BB0, 0x2B70, 0x2B70, 0x2B70, 0x2B91, 0x33B1, 0x33B1, 0x33B1, 0x33B1, 0x3391, 0x2B71, 0x2B51, 0x2B31, 0x2B31, 0x2B31, 0x2B11,
    0x5D48, 0x5D68, 0x5D68, 0x5568, 0x5568, 0x4D49, 0x4D4A, 0x454A, 0x3D2B, 0x3D0C, 0x3CED, 0x3CCE, 0x3CAE, 0x3C8F, 0x3450, 0x3410,
    0x33F0, 0x33B0, 0x2B91, 0x2B91, 0x33B1, 0x33D1, 0x33F2, 0x33F2, 0x33F2, 0x33D2, 0x33B2, 0x3392, 0x3392, 0x3392, 0x3372, 0x2B72,
    0x5D88, 0x5D88, 0x5D89, 0x5D89, 0x5589, 0x558A, 0x4D8A, 0x4D6B, 0x454C, 0x454D, 0x3D2D, 0x3D0E, 0x3CEF, 0x3CD0, 0x3CB0, 0x3C71,
    0x3C31, 0x3411, 0x33F1, 0x33D1, 0x33F2, 0x3412, 0x3C12, 0x3C32, 0x3C32, 0x3C12, 0x3412, 0x33F2, 0x33D2, 0x33D2, 0x33D2, 0x33D2,
    0x6589, 0x65A9, 0x65A9, 0x5DA9, 0x5DA9, 0x55AA, 0x55AB, 0x4D8B, 0x4D8C, 0x456D, 0x454E, 0x454F, 0x452F, 0x4510, 0x44F1, 0x44D1,
    0x3CB2, 0x3C72, 0x3C52, 0x3C52, 0x3C52, 0x3C52, 0x3C53, 0x3C73, 0x3C73, 0x3C53, 0x3C53, 0x3C33, 0x3C33, 0x3C13, 0x3C13, 0x3C13,
    0x65A9, 0x65A9, 0x65A9, 0x65C9, 0x5DCA, 0x55CA, 0x55CB, 0x55AC, 0x4DAD, 0x4D8D, 0x456E, 0x456F, 0x4550, 0x4551, 0x4531, 0x4512,
    0x44F2, 0x44D3, 0x44B3, 0x44B3, 0x4493, 0x4493, 0x4493, 0x44B3, 0x4493, 0x4493, 0x4493, 0x4473, 0x3C73, 0x3C53, 0x3C53, 0x3C53,
    0x65C9, 0x65C9, 0x65C9, 0x65C9, 0x5DCA, 0x5DCA, 0x55CB, 0x55CC, 0x55AD, 0x4DAE, 0x4D8F, 0x4D90, 0x4D70, 0x4D71, 0x4D52, 0x4532,
    0x4D33, 0x4D13, 0x4D13, 0x44F3, 0x44F3, 0x44D4, 0x44D4, 0x44D4, 0x44D4, 0x44D4, 0x44B4, 0x44B4, 0x44B4, 0x4494, 0x4494, 0x4494,
    0x6DC9, 0x6DC9, 0x65C9, 0x65CA, 0x65CA, 0x5DCA, 0x55CB, 0x55CC, 0x55CD, 0x55AE, 0x55AF, 0x4D90, 0x4D91, 0x4D91, 0x4D72, 0x4D53,
    0x4D53, 0x4D53, 0x4D34, 0x4D34, 0x4D14, 0x4D14, 0x4D14, 0x4D14, 0x4CF4, 0x4CF4, 0x44F4, 0x44D4, 0x44D4, 0x44D4, 0x44B4, 0x44B4,
    0x6DC9, 0x6DC9, 0x65C9, 0x65CA, 0x65CA, 0x5DEA, 0x55EA, 0x55EC, 0x55CD, 0x55CE, 0x55AF, 0x4DB0, 0x4D91, 0x4D92, 0x4D92, 0x4D73,
    0x4D74, 0x4D54, 0x4D54, 0x4D54, 0x4D34, 0x4D34, 0x4D34, 0x4D14, 0x4D15, 0x4D15, 0x4D14, 0x4CF4, 0x4CF4, 0x4CF4, 0x4CD4, 0x44D4,
    0x6DC9, 0x6DC9, 0x6DC9, 0x65CA, 0x65EA, 0x5DEA, 0x55EA, 0x55EC, 0x55ED, 0x55CE, 0x55CF, 0x55B0, 0x55B1, 0x4D92, 0x4D93, 0x5593,
    0x5574, 0x5574, 0x5574, 0x5555, 0x5555, 0x5555, 0x4D35, 0x4D35, 0x4D35, 0x4D35, 0x4D15, 0x4D15, 0x4D15, 0x4D15, 0x4CF5, 0x4CF4,
    0x6DC9, 0x6DC9, 0x6DC9, 0x65C9, 0x65EA, 0x5DEA, 0x55EA, 0x55EC, 0x55ED, 0x55CE, 0x55CF, 0x55D0, 0x55B1, 0x55B2, 0x5593, 0x5593,
    0x5594, 0x5574, 0x5575, 0x5575, 0x5555, 0x5555, 0x5555, 0x5535, 0x5535, 0x4D35, 0x4D35, 0x4D35, 0x4D35, 0x4D35, 0x4D15, 0x4D15,
    0x6DC9, 0x6DC9, 0x6DC9, 0x65C9, 0x65EA, 0x5DEA, 0x55EA, 0x55EC, 0x55ED, 0x55CE, 0x55CF, 0x55D0, 0x55B1, 0x55B2, 0x5593, 0x5593,
    0x5594, 0x5594, 0x5575, 0x5575, 0x5575, 0x5555, 0x5555, 0x5555, 0x5555, 0x5555, 0x5535, 0x5535, 0x4D35, 0x4D35, 0x4D35, 0x4D15,
    0x6DC9, 0x6DC9, 0x6DC9, 0x6DC9, 0x65CA, 0x5DEA, 0x55EA, 0x55EB, 0x55CD, 0x55CE, 0x55CF, 0x55D0, 0x55B1, 0x55B2, 0x5593, 0x5593,
    0x5594, 0x5595, 0x5575, 0x5575, 0x5575, 0x5575, 0x5555, 0x5555, 0x5555, 0x5555, 0x5555, 0x5555, 0x5535, 0x4D35, 0x5535, 0x5535,
    0x6DC8, 0x6DC9, 0x6DC9, 0x6DC9, 0x65EA, 0x5DEA, 0x5DEA, 0x55EB, 0x55CC, 0x55CE, 0x55CF, 0x55B0, 0x55B1, 0x55B2, 0x55B3, 0x5594,
    0x5594, 0x5595, 0x5595, 0x5575, 0x5575, 0x5575, 0x5575, 0x5575, 0x5555, 0x5555, 0x5555, 0x5555, 0x5555, 0x5555, 0x5555, 0x5555,
    0x6DC8, 0x6DC9, 0x6DC9, 0x6DC9, 0x6DEA, 0x65EA, 0x5DEA, 0x55EB, 0x55EC, 0x55CE, 0x55CF, 0x55B0, 0x55B1, 0x55B2, 0x55B3, 0x55B4,
    0x5594, 0x5595, 0x5595, 0x5595, 0x5595, 0x5575, 0x5575, 0x5575, 0x5575, 0x5555, 0x5555, 0x5555, 0x5555, 0x5555, 0x5555, 0x5555,
    0x1840, 0x1821, 0x1821, 0x1821, 0x1022, 0x1022, 0x0803, 0x0003, 0x0003, 0x0004, 0x0004, 0x0005, 0x0005, 0x0005, 0x0005, 0x0005,
    0x0005, 0x0005, 0x0005, 0x0005, 0x0005, 0x0005, 0x0005, 0x0005, 0x0005, 0x0005, 0x0005, 0x0005, 0x0005, 0x0005, 0x0004, 0x0004,
    0x2040, 0x2041, 0x1841, 0x1821, 0x1822, 0x1022, 0x0823, 0x0803, 0x0004, 0x0004, 0x0004, 0x0005, 0x0005, 0x0005, 0x0005, 0x0005,
    0x0005, 0x0005, 0x0005, 0x0005, 0x0005, 0x0005, 0x0005, 0x0005, 0x0005, 0x0005, 0x0005, 0x0005, 0x0005, 0x0005, 0x0005, 0x0004,
    0x2041, 0x2041, 0x2041, 0x1841, 0x1822, 0x1022, 0x0823, 0x0823, 0x0004, 0x0004, 0x0004, 0x0005, 0x0005, 0x0005, 0x0005, 0x0005,
    0x0005, 0x0005, 0x0005, 0x0005, 0x0005, 0x0005, 0x0006, 0x0005, 0x0005, 0x0005, 0x0005, 0x0005, 0x0005, 0x0005, 0x0005, 0x0004,
    0x2061, 0x2061, 0x2081, 0x2061, 0x2062, 0x1863, 0x1044, 0x0844, 0x0024, 0x0024, 0x0025, 0x0005, 0x0005, 0x0005, 0x0005, 0x0005,
    0x0005, 0x0005, 0x0005, 0x0005, 0x0005, 0x0006, 0x0006, 0x0006, 0x0006, 0x0006, 0x0005, 0x0005, 0x0005, 0x0005, 0x0005, 0x0005,
    0x20A1, 0x20A1, 0x20A1, 0x20A2, 0x20A2, 0x1883, 0x1884, 0x1064, 0x0845, 0x0025, 0x0025, 0x0025, 0x0005, 0x0005, 0x0005, 0x0005,
    0x0005, 0x0005, 0x0005, 0x0005, 0x0005, 0x0025, 0x0026, 0x0026, 0x0026, 0x0026, 0x0006, 0x0005, 0x0005, 0x0005, 0x0005, 0x0005,
    0x20E1, 0x20E1, 0x20E1, 0x20E2, 0x20E2, 0x20E3, 0x18C4, 0x10A5, 0x08A5, 0x0885, 0x0865, 0x0045, 0x0025, 0x0025, 0x0005, 0x0005,
    0x0005, 0x0005, 0x0005, 0x0005, 0x0005, 0x0005, 0x0005, 0x0006, 0x0006, 0x0006, 0x0006, 0x0006, 0x0006, 0x0006, 0x0006, 0x0026,
    0x2922, 0x2922, 0x2121, 0x2122, 0x2122, 0x2123, 0x1924, 0x1905, 0x10E6, 0x10C6, 0x08A6, 0x0886, 0x0066, 0x0045, 0x0025, 0x0025,
    0x0005, 0x0005, 0x0005, 0x0005, 0x0005, 0x0005, 0x0005, 0x0005, 0x0006, 0x0006, 0x0006, 0x0006, 0x0006, 0x0006, 0x0026, 0x0026,
    0x2962, 0x2962, 0x2962, 0x2162, 0x2162, 0x2163, 0x1964, 0x1945, 0x1126, 0x1126, 0x0906, 0x08E6, 0x08A6, 0x0886, 0x0066, 0x0045,
    0x0025, 0x0025, 0x0005, 0x0005, 0x0005, 0x0005, 0x0005, 0x0005, 0x0006, 0x0006, 0x0006, 0x0006, 0x0006, 0x0026, 0x0026, 0x0026,
    0x29C2, 0x29C2, 0x29A2, 0x29A2, 0x21A2, 0x21A3, 0x19A4, 0x1985, 0x1186, 0x1167, 0x1147, 0x1127, 0x0907, 0x08E7, 0x08A7, 0x0886,
    0x0066, 0x0045, 0x0025, 0x0025, 0x0025, 0x0025, 0x0005, 0x0005, 0x0006, 0x0006, 0x0006, 0x0026, 0x0026, 0x0026, 0x0026, 0x0027,
    0x3203, 0x29E3, 0x29E2, 0x29E2, 0x21E3, 0x2203, 0x19E4, 0x19E5, 0x19C6, 0x11A7, 0x11A7, 0x1187, 0x1168, 0x1148, 0x0907, 0x08E7,
    0x08C7, 0x08A7, 0x0886, 0x0046, 0x0046, 0x0026, 0x0026, 0x0026, 0x0026, 0x0026, 0x0026, 0x0027, 0x0027, 0x0027, 0x0027, 0x0027,
    0x3243, 0x3223, 0x2A23, 0x2A23, 0x2A43, 0x2244, 0x2244, 0x1A26, 0x1A07, 0x19E7, 0x19E8, 0x11C8, 0x11A8, 0x1188, 0x1188, 0x1168,
    0x1128, 0x0908, 0x08E7, 0x08A7, 0x0867, 0x0066, 0x0046, 0x0046, 0x0026, 0x0027, 0x0027, 0x0027, 0x0027, 0x0027, 0x0027, 0x0027,
    0x3283, 0x3283, 0x3263, 0x2A83, 0x2A83, 0x2284, 0x2285, 0x2266, 0x1A47, 0x1A48, 0x1A28, 0x1A09, 0x1A09, 0x19E9, 0x19C9, 0x11A9,
    0x1189, 0x1189, 0x1148, 0x1128, 0x08E8, 0x08C8, 0x08A8, 0x0887, 0x0888, 0x0868, 0x0868, 0x0848, 0x0048, 0x0048, 0x0048, 0x0048,
    0x32C4, 0x32C4, 0x32C4, 0x32C4, 0x2AC4, 0x2AC4, 0x22C5, 0x22A6, 0x22A7, 0x2288, 0x1A69, 0x1A69, 0x1A49, 0x1A4A, 0x1A2A, 0x1A0A,
    0x19EA, 0x19EA, 0x19CA, 0x1189, 0x1169, 0x1149, 0x1129, 0x0909, 0x08E9, 0x08C9, 0x08C9, 0x08A9, 0x0889, 0x0889, 0x0889, 0x0889,
    0x3B24, 0x3B24, 0x3B24, 0x3B24, 0x3324, 0x2B25, 0x2B05, 0x2B07, 0x22E8, 0x22C9, 0x22C9, 0x22AA, 0x22AA, 0x228B, 0x228B, 0x1A6B,
    0x1A4B, 0x1A2B, 0x1A2B, 0x1A0B, 0x19EB, 0x19CB, 0x19AB, 0x118B, 0x116B, 0x116B, 0x114B, 0x114B, 0x112B, 0x110B, 0x110B, 0x110B,
    0x43A5, 0x43A5, 0x43A5, 0x4385, 0x3B85, 0x3385, 0x3366, 0x2B67, 0x2B48, 0x2329, 0x232A, 0x230B, 0x22EB, 0x22EB, 0x22CC, 0x22AC,
    0x22AC, 0x228C, 0x228C, 0x226C, 0x224C, 0x224C, 0x1A2C, 0x1A0C, 0x1A0C, 0x19EC, 0x19CC, 0x19CD, 0x19AD, 0x19AD, 0x198D, 0x118D,
    0x4C25, 0x4C25, 0x4C25, 0x4C25, 0x4406, 0x3C06, 0x3BE7, 0x33C8, 0x2BC9, 0x2BAA, 0x2B8B, 0x2B6B, 0x2B4C, 0x232C, 0x232D, 0x230D,
    0x22ED, 0x22ED, 0x22CD, 0x22CE, 0x22CE, 0x22CE, 0x22AE, 0x22AE, 0x228E, 0x226E, 0x224E, 0x1A4E, 0x1A2E, 0x1A0E, 0x1A0E, 0x1A0E,
    0x5CA6, 0x5486, 0x5486, 0x5486, 0x4C86, 0x4467, 0x4467, 0x3C48, 0x3429, 0x340A, 0x2BEB, 0x2BCC, 0x2BAD, 0x2B8D, 0x2B6D, 0x2B4E,
    0x2B2E, 0x2B2E, 0x2B0E, 0x2B0F, 0x2B0F, 0x2B30, 0x2B30, 0x2B10, 0x2AF0, 0x22CF, 0x22AF, 0x22AF, 0x228F, 0x228F, 0x228F, 0x226F,
    0x5CE7, 0x5CE7, 0x5CE7, 0x5CE7, 0x54E7, 0x4CE7, 0x4CC8, 0x44C9, 0x3CAA, 0x348B, 0x346C, 0x342C, 0x340D, 0x2BEE, 0x2BAE, 0x2B8E,
    0x2B6F, 0x2B4F, 0x2B2F, 0x2B2F, 0x2B50, 0x3391, 0x3391, 0x3391, 0x3371, 0x2B31, 0x2B10, 0x2AF0, 0x22F0, 0x22D0, 0x22D0, 0x22D0,
    0x6547, 0x6547, 0x6547, 0x5D28, 0x5D28, 0x5528, 0x4D28, 0x4509, 0x3D0A, 0x3CCB, 0x3CAC, 0x348D, 0x346E, 0x342E, 0x340F, 0x2BCF,
    0x2B90, 0x2B70, 0x2B50, 0x2B50, 0x2B71, 0x33B1, 0x3BD2, 0x3BD2, 0x33B2, 0x3391, 0x3371, 0x2B51, 0x2B51, 0x2B31, 0x2B31, 0x2B11,
    0x6D68, 0x6568, 0x6568, 0x6568, 0x5D68, 0x5D69, 0x5569, 0x4D4A, 0x454A, 0x452B, 0x3D0C, 0x3CED, 0x3CAE, 0x3C8F, 0x3450, 0x3410,
    0x33D0, 0x2B90, 0x2B71, 0x2B51, 0x2B71, 0x33B1, 0x33D2, 0x3BF2, 0x3BF2, 0x33D2, 0x33D2, 0x33B2, 0x3392, 0x3392, 0x2B72, 0x2B72,
    0x6D88, 0x6D89, 0x6D89, 0x6589, 0x6589, 0x5D8A, 0x5D8A, 0x558A, 0x4D6B, 0x454C, 0x454D, 0x452E, 0x3CEE, 0x3CCF, 0x3CB0, 0x3C51,
    0x3411, 0x33D1, 0x33B1, 0x3391, 0x33B1, 0x33D2, 0x3412, 0x3C32, 0x3C32, 0x3C13, 0x3C12, 0x33F2, 0x33D2, 0x33D2, 0x33D2, 0x33D2,
    0x6DA9, 0x6DA9, 0x6DA9, 0x6DA9, 0x6DAA, 0x65AA, 0x5DAA, 0x55AB, 0x4DAB, 0x4D8C, 0x4D6D, 0x454E, 0x452F, 0x4510, 0x44F1, 0x3CD1,
    0x3C92, 0x3C52, 0x3C12, 0x3412, 0x3412, 0x3C12, 0x3C33, 0x3C53, 0x3C53, 0x3C53, 0x3C53, 0x3C33, 0x3C33, 0x3C13, 0x3C13, 0x3C13,
    0x75A9, 0x75C9, 0x75C9, 0x6DCA, 0x6DCA, 0x65CA, 0x5DCB, 0x55CB, 0x55CC, 0x4DAD, 0x4D8E, 0x4D6F, 0x454F, 0x4550, 0x4531, 0x4512,
    0x44D2, 0x44B3, 0x4493, 0x3C73, 0x3C73, 0x3C73, 0x4473, 0x4493, 0x4493, 0x4493, 0x4493, 0x4473, 0x3C73, 0x3C53, 0x3C53, 0x3C53,
    0x75C9, 0x75C9, 0x75CA, 0x75CA, 0x6DCA, 0x6DCB, 0x65CB, 0x5DEB, 0x55EC, 0x55CD, 0x55AE, 0x558F, 0x4D90, 0x4D71, 0x4D51, 0x4D52,
    0x4D33, 0x4D13, 0x44F3, 0x44D3, 0x44D3, 0x44D4, 0x44D4, 0x44D4, 0x44D4, 0x44D4, 0x44B4, 0x44B4, 0x44B4, 0x44B4, 0x4494, 0x4494,
    0x75C9, 0x75C9, 0x75CA, 0x75CA, 0x6DCA, 0x6DEB, 0x65EB, 0x5DEB, 0x55EC, 0x55ED, 0x55CE, 0x55AF, 0x5590, 0x4D91, 0x4D72, 0x4D73,
    0x4D53, 0x4D54, 0x4D34, 0x4D14, 0x4D14, 0x4D14, 0x4D14, 0x4CF4, 0x4CF4, 0x4CF4, 0x4CF4, 0x4CD4, 0x44D4, 0x44D4, 0x44D4, 0x44B4,
    0x75C9, 0x75C9, 0x75CA, 0x75CA, 0x6DEA, 0x6DEB, 0x65EB, 0x5E0B, 0x560C, 0x55ED, 0x55CE, 0x55D0, 0x55B1, 0x5591, 0x5592, 0x5573,
    0x5574, 0x5554, 0x4D54, 0x4D54, 0x4D54, 0x4D35, 0x4D35, 0x4D15, 0x4D15, 0x4D15, 0x4D14, 0x4D14, 0x4CF4, 0x4CF4, 0x4CF4, 0x4CD4,
    0x75C9, 0x75C9, 0x75CA, 0x75CA, 0x75EA, 0x6DEB, 0x65EB, 0x5E0B, 0x560C, 0x55ED, 0x5DEE, 0x5DD0, 0x55B1, 0x55B2, 0x5592, 0x5593,
    0x5574, 0x5574, 0x5574, 0x5555, 0x5555, 0x5555, 0x5555, 0x4D35, 0x4D35, 0x4D35, 0x4D35, 0x4D15, 0x4D15, 0x4D15, 0x4D15, 0x4CF4,
    0x7DC9, 0x75C9, 0x75C9, 0x75EA, 0x75EA, 0x6DEB, 0x65EB, 0x5E0B, 0x560C, 0x5DED, 0x5DEE, 0x5DD0, 0x5DD1, 0x55B2, 0x5593, 0x5593,
    0x5594, 0x5594, 0x5575, 0x5575, 0x5555, 0x5555, 0x5555, 0x5555, 0x5555, 0x5555, 0x5535, 0x4D35, 0x4D35, 0x4D35, 0x4D15, 0x4D15,
    0x7DC9, 0x7DC9, 0x75C9, 0x75EA, 0x75EA, 0x6DEB, 0x65EB, 0x5E0B, 0x5E0C, 0x5DED, 0x5DEE, 0x5DD0, 0x5DD1, 0x55B2, 0x55B3, 0x5593,
    0x5594, 0x5594, 0x5595, 0x5575, 0x5575, 0x5555, 0x5555, 0x5555, 0x5555, 0x5555, 0x5555, 0x5535, 0x5535, 0x5535, 0x4D35, 0x4D35,
    0x7DC9, 0x7DC9, 0x75C9, 0x75EA, 0x75EA, 0x6DEB, 0x6DEB, 0x5E0B, 0x5E0C, 0x5DED, 0x5DEE, 0x5DD0, 0x5DD1, 0x5DB2, 0x55B3, 0x5593,
    0x5594, 0x5594, 0x5595, 0x5575, 0x5575, 0x5575, 0x5575, 0x5555, 0x5555, 0x5555, 0x5555, 0x5555, 0x5555, 0x5555, 0x5555, 0x5535,
    0x7DC9, 0x7DC9, 0x7DC9, 0x75EA, 0x75EA, 0x6DEB, 0x6DEB, 0x660B, 0x5E0B, 0x5DED, 0x5DEE, 0x5DD0, 0x5DD1, 0x5DB2, 0x55B3, 0x55B3,
    0x5594, 0x5595, 0x5595, 0x5595, 0x5575, 0x5575, 0x5575, 0x5575, 0x5575, 0x5555, 0x5555, 0x5555, 0x5555, 0x5555, 0x5555, 0x5555,
    0x7DC9, 0x7DC9, 0x7DC9, 0x7DCA, 0x75EA, 0x75EB, 0x6DEB, 0x660B, 0x5E0B, 0x5DED, 0x5DEE, 0x5DCF, 0x5DD1, 0x5DB2, 0x5DB3, 0x55B4,
    0x5594, 0x5595, 0x5595, 0x5595, 0x5595, 0x5D95, 0x5575, 0x5575, 0x5575, 0x5575, 0x5555, 0x5555, 0x5555, 0x5555, 0x5555, 0x5555,
    0x2040, 0x2021, 0x2021, 0x2022, 0x1822, 0x1822, 0x1023, 0x0803, 0x0004, 0x0004, 0x0004, 0x0004, 0x0005, 0x0005, 0x0005, 0x0025,
    0x0025, 0x0005, 0x0005, 0x0005, 0x0005, 0x0005, 0x0005, 0x0005, 0x0005, 0x0005, 0x0005, 0x0005, 0x0005, 0x0005, 0x0004, 0x0004,
    0x2041, 0x2041, 0x2041, 0x2021, 0x1822, 0x1823, 0x1023, 0x0823, 0x0804, 0x0004, 0x0004, 0x0005, 0x0005, 0x0005, 0x0005, 0x0005,
    0x0005, 0x0005, 0x0005, 0x0005, 0x0005, 0x0005, 0x0005, 0x0005, 0x0005, 0x0005, 0x0005, 0x0005, 0x0005, 0x0005, 0x0004, 0x0004,
    0x2041, 0x2041, 0x2041, 0x2041, 0x2022, 0x1823, 0x1023, 0x0823, 0x0824, 0x0024, 0x0025, 0x0005, 0x0005, 0x0005, 0x0005, 0x0005,
    0x0005, 0x0005, 0x0005, 0x0005, 0x0005, 0x0005, 0x0005, 0x0005, 0x0005, 0x0005, 0x0005, 0x0005, 0x0005, 0x0005, 0x0005, 0x0004,
    0x2061, 0x2081, 0x2881, 0x2861, 0x2062, 0x2063, 0x1844, 0x1044, 0x0824, 0x0824, 0x0025, 0x0005, 0x0005, 0x0005, 0x0005, 0x0005,
    0x0005, 0x0005, 0x0005, 0x0005, 0x0005, 0x0005, 0x0006, 0x0006, 0x0006, 0x0005, 0x0005, 0x0005, 0x0005, 0x0005, 0x0005, 0x0005,
    0x28A1, 0x28A1, 0x28A1, 0x28A2, 0x28A2, 0x20A3, 0x2084, 0x1064, 0x0845, 0x0825, 0x0025, 0x0025, 0x0005, 0x0005, 0x0005, 0x0005,
    0x0005, 0x0005, 0x0005, 0x0005, 0x0005, 0x0025, 0x0026, 0x0026, 0x0026, 0x0026, 0x0005, 0x0005, 0x0005, 0x0005, 0x0005, 0x0005,
    0x28E1, 0x28E1, 0x28E1, 0x28E2, 0x28E2, 0x28E3, 0x20E4, 0x18C5, 0x10A6, 0x1086, 0x0866, 0x0866, 0x0045, 0x0025, 0x0005, 0x0005,
    0x0005, 0x0005, 0x0005, 0x0005, 0x0005, 0x0005, 0x0005, 0x0005, 0x0006, 0x0005, 0x0006, 0x0006, 0x0006, 0x0006, 0x0006, 0x0006,
    0x2922, 0x2922, 0x2922, 0x2922, 0x2922, 0x2923, 0x2124, 0x2106, 0x1907, 0x10E7, 0x10C7, 0x0886, 0x0866, 0x0046, 0x0025, 0x0025,
    0x0005, 0x0005, 0x0005, 0x0005, 0x0005, 0x0005, 0x0005, 0x0005, 0x0005, 0x0005, 0x0006, 0x0006, 0x0006, 0x0006, 0x0026, 0x0026,
    0x3182, 0x3162, 0x3162, 0x2962, 0x2962, 0x2963, 0x2164, 0x2165, 0x1946, 0x1127, 0x1107, 0x08E7, 0x08C7, 0x0886, 0x0066, 0x0045,
    0x0025, 0x0025, 0x0005, 0x0005, 0x0005, 0x0005, 0x0005, 0x0005, 0x0005, 0x0006, 0x0006, 0x0006, 0x0006, 0x0026, 0x0026, 0x0026,
    0x39C3, 0x31C2, 0x31C2, 0x31C2, 0x29A2, 0x29C3, 0x21C3, 0x21A5, 0x1986, 0x1987, 0x1167, 0x1147, 0x1107, 0x08E7, 0x08A7, 0x0886,
    0x0066, 0x0045, 0x0025, 0x0025, 0x0005, 0x0005, 0x0005, 0x0005, 0x0005, 0x0006, 0x0006, 0x0006, 0x0026, 0x0026, 0x0026, 0x0027,
    0x3A03, 0x3A03, 0x3203, 0x3203, 0x3203, 0x2A03, 0x2204, 0x21E5, 0x19E7, 0x19C7, 0x19A8, 0x1188, 0x1168, 0x1148, 0x1127, 0x08E7,
    0x08C7, 0x08A6, 0x0886, 0x0046, 0x0025, 0x0025, 0x0025, 0x0005, 0x0006, 0x0026, 0x0026, 0x0026, 0x0026, 0x0027, 0x0027, 0x0027,
    0x3A43, 0x3A43, 0x3A43, 0x3243, 0x3243, 0x2A44, 0x2A64, 0x2245, 0x2227, 0x1A07, 0x1A08, 0x19E8, 0x11C8, 0x11A8, 0x1188, 0x1168,
    0x1148, 0x0908, 0x08C7, 0x08A7, 0x0866, 0x0046, 0x0046, 0x0026, 0x0026, 0x0026, 0x0027, 0x0027, 0x0027, 0x0027, 0x0027, 0x0027,
    0x3AA4, 0x3A83, 0x3A83, 0x3A83, 0x3AA4, 0x32A4, 0x2AA4, 0x2A86, 0x2267, 0x2268, 0x1A48, 0x1A29, 0x1A09, 0x19E9, 0x19C9, 0x11C9,
    0x11A9, 0x1168, 0x1148, 0x1128, 0x08E8, 0x08C8, 0x08A7, 0x0887, 0x0887, 0x0867, 0x0868, 0x0048, 0x0048, 0x0048, 0x0048, 0x0048,
    0x42E4, 0x42E4, 0x42C4, 0x3AE4, 0x3AE4, 0x32E4, 0x32E5, 0x2AC6, 0x22C7, 0x22A8, 0x2289, 0x1A69, 0x1A69, 0x1A4A, 0x1A2A, 0x1A0A,
    0x19EA, 0x19CA, 0x19A9, 0x1189, 0x1169, 0x1149, 0x1129, 0x0908, 0x08E8, 0x08C9, 0x08C9, 0x08A9, 0x0889, 0x0889, 0x0889, 0x0889,
    0x4B44, 0x4344, 0x4344, 0x4344, 0x4324, 0x3B25, 0x3325, 0x3326, 0x2B07, 0x22E8, 0x22E9, 0x22CA, 0x22AA, 0x228A, 0x228B, 0x1A6B,
    0x1A4B, 0x1A2B, 0x1A0B, 0x1A0B, 0x19EB, 0x19CA, 0x11AA, 0x118A, 0x116A, 0x114A, 0x114B, 0x114B, 0x112B, 0x110B, 0x110B, 0x110B,
    0x4BA5, 0x4BA5, 0x4BA5, 0x4BA5, 0x43A5, 0x4385, 0x3B86, 0x3387, 0x3368, 0x2B49, 0x2B4A, 0x232B, 0x230B, 0x22EB, 0x22CB, 0x22AC,
    0x22AC, 0x228C, 0x226C, 0x226C, 0x1A4C, 0x1A4C, 0x1A2C, 0x1A0C, 0x19EC, 0x19EC, 0x19CC, 0x19CD, 0x19AD, 0x198C, 0x118D, 0x118D,
    0x5C26, 0x5C26, 0x5C26, 0x5426, 0x5426, 0x4C06, 0x4406, 0x3BE7, 0x33E8, 0x33C9, 0x2BAB, 0x2B8B, 0x2B4C, 0x232C, 0x232C, 0x230D,
    0x22ED, 0x22ED, 0x22CD, 0x22CD, 0x22CE, 0x22CE, 0x22AE, 0x228E, 0x226E, 0x226E, 0x224E, 0x1A4E, 0x1A2E, 0x1A0E, 0x1A0E, 0x1A0E,
    0x64A6, 0x64A6, 0x64A6, 0x5CA6, 0x5C86, 0x5487, 0x4C67, 0x4468, 0x3C49, 0x342A, 0x340B, 0x33EC, 0x2BAC, 0x2B8D, 0x2B6D, 0x2B4D,
    0x2B2E, 0x2B0E, 0x2B0E, 0x230F, 0x2B0F, 0x2B30, 0x2B30, 0x2B10, 0x2AF0, 0x22CF, 0x22AF, 0x22AF, 0x228F, 0x228F, 0x228F, 0x226F,
    0x6D07, 0x6D07, 0x6D07, 0x6507, 0x64E7, 0x5CE7, 0x54E8, 0x4CC8, 0x44C9, 0x3CAA, 0x3C8B, 0x344C, 0x342D, 0x33ED, 0x2BAE, 0x2B8E,
    0x2B6F, 0x2B4F, 0x2B2F, 0x2B2F, 0x2B50, 0x3391, 0x3B91, 0x3B91, 0x3371, 0x3351, 0x2B31, 0x2AF0, 0x22F0, 0x22D0, 0x22D0, 0x22D0,
    0x7548, 0x6D48, 0x6D48, 0x6D48, 0x6548, 0x6528, 0x5D28, 0x5529, 0x4509, 0x44EB, 0x3CCC, 0x3CAD, 0x346D, 0x344E, 0x340F, 0x2BCF,
    0x2B90, 0x2B50, 0x2B50, 0x2B30, 0x2B71, 0x33B1, 0x3BD2, 0x3BD2, 0x3BD2, 0x3392, 0x3371, 0x2B51, 0x2B31, 0x2B31, 0x2B31, 0x2B11,
    0x7568, 0x7568, 0x7568, 0x6D68, 0x6D69, 0x6569, 0x6569, 0x5569, 0x4D6A, 0x454B, 0x452C, 0x3CED, 0x3CCE, 0x3C8F, 0x344F, 0x33F0,
    0x2BB0, 0x2B70, 0x2B50, 0x2B31, 0x2B51, 0x3391, 0x33D2, 0x3BF2, 0x3BF2, 0x3BD2, 0x33D2, 0x33B2, 0x3392, 0x2B72, 0x2B72, 0x2B72,
    0x7D89, 0x7589, 0x7589, 0x7589, 0x75A9, 0x6DAA, 0x65AA, 0x5DAA, 0x558A, 0x4D6B, 0x454C, 0x452D, 0x3D0E, 0x3CCF, 0x3CB0, 0x3C51,
    0x3411, 0x33B1, 0x2B91, 0x2B71, 0x2B91, 0x33B2, 0x33F2, 0x3C12, 0x3C33, 0x3C13, 0x3C13, 0x33F2, 0x33D2, 0x33D2, 0x33D2, 0x33B2,
    0x7DA9, 0x7DA9, 0x7DA9, 0x7DAA, 0x75CA, 0x6DCA, 0x6DCA, 0x5DCA, 0x55CB, 0x55AC, 0x4D8D, 0x456D, 0x454E, 0x452F, 0x44F0, 0x3CB1,
    0x3C72, 0x3C32, 0x33F2, 0x33D2, 0x33D2, 0x33F2, 0x3C12, 0x3C53, 0x3C53, 0x3C53, 0x3C53, 0x3C33, 0x3C33, 0x3C13, 0x3C13, 0x3C13,
    0x7DC9, 0x7DCA, 0x7DCA, 0x7DCA, 0x7DCA, 0x75CB, 0x6DCB, 0x65EB, 0x55EB, 0x55CC, 0x55AD, 0x4D8E, 0x4D6F, 0x4550, 0x4531, 0x4512,
    0x44D2, 0x4493, 0x3C73, 0x3C53, 0x3C53, 0x3C53, 0x3C73, 0x4493, 0x4493, 0x4493, 0x4493, 0x4473, 0x4473, 0x3C73, 0x3C53, 0x3C53,
    0x85CA, 0x85CA, 0x85CA, 0x7DCA, 0x7DEB, 0x75EB, 0x6DEB, 0x660B, 0x5E0B, 0x5DEC, 0x5DCD, 0x55AE, 0x558F, 0x4D70, 0x4D51, 0x4D52,
    0x4D33, 0x4D13, 0x44F3, 0x44D3, 0x44B3, 0x44B4, 0x44D4, 0x44D4, 0x44D4, 0x44D4, 0x44B4, 0x44B4, 0x44B4, 0x44B4, 0x4494, 0x4494,
    0x85CA, 0x85CA, 0x85CA, 0x7DCA, 0x7DEB, 0x7DEB, 0x75EB, 0x660B, 0x5E0B, 0x5E0C, 0x5DEE, 0x5DCF, 0x55B0, 0x5591, 0x4D71, 0x4D72,
    0x4D53, 0x4D54, 0x4D34, 0x4D14, 0x4D14, 0x4D14, 0x4CF4, 0x4CF4, 0x4CF4, 0x4CF4, 0x4CF4, 0x4CF4, 0x44D4, 0x44D4, 0x44D4, 0x44B4,
    0x85CA, 0x85CA, 0x85CA, 0x85EA, 0x7DEB, 0x7DEB, 0x760B, 0x660B, 0x5E2B, 0x5E0C, 0x5DEE, 0x5DEF, 0x5DD0, 0x55B1, 0x5592, 0x5593,
    0x5573, 0x5574, 0x5554, 0x5554, 0x5554, 0x5555, 0x4D35, 0x4D15, 0x4D15, 0x4D15, 0x4D15, 0x4D15, 0x4CF5, 0x4CF5, 0x4CF4, 0x4CF4,
    0x85CA, 0x85CA, 0x85CA, 0x85EA, 0x7DEB, 0x7DEB, 0x760B, 0x662B, 0x5E2B, 0x5E0C, 0x5E0E, 0x5DEF, 0x5DD0, 0x5DB1, 0x5592, 0x5593,
    0x5594, 0x5574, 0x5574, 0x5555, 0x5555, 0x5555, 0x5555, 0x5535, 0x4D35, 0x4D35, 0x4D35, 0x4D35, 0x4D15, 0x4D15, 0x4D15, 0x4D15,
    0x85CA, 0x85CA, 0x85CA, 0x85EA, 0x85EB, 0x7DEB, 0x760B, 0x662B, 0x5E2B, 0x5E0C, 0x5E0E, 0x5DEF, 0x5DD0, 0x5DB1, 0x5DB2, 0x5593,
    0x5594, 0x5594, 0x5595, 0x5575, 0x5575, 0x5555, 0x5555, 0x5555, 0x5555, 0x5555, 0x5555, 0x5535, 0x4D35, 0x4D35, 0x4D15, 0x4D15,
    0x85EA, 0x85EA, 0x85EA, 0x85EA, 0x85EB, 0x7DEB, 0x760B, 0x6E0B, 0x5E2B, 0x5E0C, 0x5E0E, 0x65EF, 0x65D0, 0x5DD1, 0x5DB2, 0x55B3,
    0x5594, 0x5594, 0x5595, 0x5575, 0x5575, 0x5575, 0x5555, 0x5555, 0x5555, 0x5555, 0x5555, 0x5555, 0x5555, 0x5535, 0x5535, 0x4D35,
    0x8DEA, 0x85EA, 0x85EA, 0x85EA, 0x85EB, 0x7DEB, 0x760B, 0x6E0B, 0x5E2B, 0x5E0C, 0x5E0E, 0x65EF, 0x65D0, 0x5DD1, 0x5DB2, 0x5DB3,
    0x5594, 0x5594, 0x5595, 0x5595, 0x5575, 0x5575, 0x5575, 0x5575, 0x5575, 0x5555, 0x5555, 0x5555, 0x5555, 0x5555, 0x5555, 0x5555,
    0x8DEA, 0x85EA, 0x85EA, 0x85EA, 0x85EB, 0x85EB, 0x7E0B, 0x6E0B, 0x662B, 0x5E2C, 0x5E0E, 0x65EF, 0x65D0, 0x5DD1, 0x5DB2, 0x5DB3,
    0x5D94, 0x5D95, 0x5D95, 0x5D95, 0x5595, 0x5575, 0x5575, 0x5575, 0x5575, 0x5575, 0x5555, 0x5555, 0x5555, 0x5555, 0x5555, 0x5555,
    0x8DCA, 0x8DCA, 0x85CA, 0x85EA, 0x85EB, 0x85EB, 0x7E0C, 0x6E0B, 0x662B, 0x5E2C, 0x5E0D, 0x65EF, 0x65D0, 0x65D1, 0x5DB2, 0x5DB3,
    0x5D94, 0x5D95, 0x5D95, 0x5D95, 0x5D95, 0x5D95, 0x5D75, 0x5575, 0x5575, 0x5575, 0x5575, 0x5575, 0x5575, 0x5555, 0x5555, 0x5555,
    0x2861, 0x2841, 0x2841, 0x2842, 0x2022, 0x2023, 0x1823, 0x1024, 0x1024, 0x0824, 0x0804, 0x0005, 0x0005, 0x0005, 0x0005, 0x0005,
    0x0005, 0x0005, 0x0005, 0x0005, 0x0005, 0x0005, 0x0005, 0x0005, 0x0005, 0x0005, 0x0005, 0x0005, 0x0005, 0x0005, 0x0005, 0x0004,
    0x2861, 0x2861, 0x2861, 0x2842, 0x2042, 0x2023, 0x1823, 0x1824, 0x1024, 0x0824, 0x0824, 0x0025, 0x0005, 0x0005, 0x0005, 0x0005,
    0x0005, 0x0005, 0x0005, 0x0005, 0x0005, 0x0005, 0x0005, 0x0005, 0x0005, 0x0005, 0x0005, 0x0005, 0x0005, 0x0005, 0x0005, 0x0004,
    0x2861, 0x3061, 0x3061, 0x2842, 0x2842, 0x2043, 0x2043, 0x1824, 0x1024, 0x0824, 0x0825, 0x0025, 0x0005, 0x0005, 0x0005, 0x0005,
    0x0005, 0x0005, 0x0005, 0x0005, 0x0005, 0x0005, 0x0005, 0x0005, 0x0005, 0x0005, 0x0005, 0x0005, 0x0005, 0x0005, 0x0005, 0x0004,
    0x3081, 0x3081, 0x3081, 0x3082, 0x3082, 0x2863, 0x2064, 0x1844, 0x1044, 0x1025, 0x0825, 0x0825, 0x0005, 0x0005, 0x0005, 0x0005,
    0x0005, 0x0005, 0x0005, 0x0005, 0x0005, 0x0005, 0x0005, 0x0005, 0x0005, 0x0005, 0x0005, 0x0005, 0x0005, 0x0005, 0x0005, 0x0005,
    0x30A1, 0x30A1, 0x30C1, 0x30C2, 0x30A2, 0x30A3, 0x2884, 0x2064, 0x1845, 0x1045, 0x0825, 0x0825, 0x0025, 0x0005, 0x0005, 0x0005,
    0x0005, 0x0005, 0x0005, 0x0005, 0x0005, 0x0005, 0x0025, 0x0026, 0x0026, 0x0005, 0x0005, 0x0005, 0x0005, 0x0005, 0x0005, 0x0005,
    0x30E1, 0x30E1, 0x30E2, 0x30E2, 0x30E2, 0x30E3, 0x30E4, 0x28C5, 0x20A6, 0x1886, 0x1086, 0x0846, 0x0046, 0x0025, 0x0005, 0x0005,
    0x0005, 0x0005, 0x0005, 0x0005, 0x0005, 0x0005, 0x0005, 0x0025, 0x0026, 0x0005, 0x0005, 0x0005, 0x0005, 0x0005, 0x0005, 0x0005,
    0x3122, 0x3122, 0x3122, 0x3122, 0x3122, 0x3123, 0x3124, 0x2905, 0x2907, 0x20E7, 0x18C7, 0x1087, 0x0866, 0x0046, 0x0025, 0x0025,
    0x0005, 0x0005, 0x0005, 0x0005, 0x0005, 0x0005, 0x0005, 0x0005, 0x0005, 0x0005, 0x0006, 0x0006, 0x0006, 0x0006, 0x0026, 0x0026,
    0x3962, 0x3962, 0x3962, 0x3962, 0x3962, 0x3163, 0x3164, 0x2965, 0x2946, 0x2147, 0x1928, 0x1107, 0x10C7, 0x08A7, 0x0886, 0x0046,
    0x0045, 0x0025, 0x0025, 0x0005, 0x0005, 0x0005, 0x0005, 0x0005, 0x0005, 0x0005, 0x0005, 0x0006, 0x0006, 0x0026, 0x0026, 0x0026,
    0x39A2, 0x39C2, 0x39C3, 0x39C3, 0x39C3, 0x31C3, 0x31A4, 0x29A5, 0x29A6, 0x2187, 0x2168, 0x1968, 0x1148, 0x1108, 0x08C7, 0x08A6,
    0x0866, 0x0045, 0x0025, 0x0025, 0x0025, 0x0005, 0x0005, 0x0005, 0x0005, 0x0005, 0x0005, 0x0006, 0x0026, 0x0026, 0x0026, 0x0026,
    0x4223, 0x4203, 0x4203, 0x4203, 0x3A03, 0x3A03, 0x3204, 0x3205, 0x29E6, 0x21E7, 0x21C8, 0x19A8, 0x1988, 0x1168, 0x1128, 0x0907,
    0x08C7, 0x08A7, 0x0886, 0x0046, 0x0025, 0x0025, 0x0025, 0x0025, 0x0005, 0x0005, 0x0026, 0x0026, 0x0026, 0x0026, 0x0026, 0x0027,
    0x4A64, 0x4263, 0x4263, 0x4263, 0x4263, 0x3A64, 0x3A64, 0x3245, 0x2A46, 0x2228, 0x2228, 0x21E9, 0x19C9, 0x19A9, 0x1188, 0x1168,
    0x1128, 0x0908, 0x08C7, 0x08A6, 0x0866, 0x0046, 0x0046, 0x0046, 0x0026, 0x0026, 0x0026, 0x0026, 0x0026, 0x0027, 0x0027, 0x0027,
    0x4AA4, 0x4AA4, 0x4AA4, 0x42A4, 0x42A4, 0x42A4, 0x3AA5, 0x32A5, 0x2AA6, 0x2A88, 0x2269, 0x2249, 0x1A29, 0x1A09, 0x19E9, 0x11C9,
    0x11A9, 0x1169, 0x1148, 0x1108, 0x08E8, 0x08C7, 0x08A7, 0x0887, 0x0887, 0x0867, 0x0067, 0x0047, 0x0047, 0x0047, 0x0047, 0x0048,
    0x4AE4, 0x4AE4, 0x4AE4, 0x4AE4, 0x4B04, 0x4305, 0x42E5, 0x3AE6, 0x32E6, 0x2AC8, 0x2AA9, 0x22AA, 0x226A, 0x1A4A, 0x1A2A, 0x1A0A,
    0x19EA, 0x19EA, 0x11A9, 0x1189, 0x1169, 0x1149, 0x1128, 0x08E8, 0x08E8, 0x08C8, 0x08A8, 0x08A8, 0x0888, 0x0888, 0x0888, 0x0889,
    0x5345, 0x5345, 0x5345, 0x5345, 0x4B45, 0x4B45, 0x4345, 0x3B46, 0x3347, 0x3328, 0x2B09, 0x2AEA, 0x22CB, 0x22AB, 0x228B, 0x1A6B,
    0x1A4B, 0x1A2B, 0x1A0B, 0x19EB, 0x19CA, 0x19AA, 0x118A, 0x118A, 0x116A, 0x114A, 0x114A, 0x112A, 0x112A, 0x110A, 0x110A, 0x110B,
    0x5BA5, 0x5BC5, 0x5BC5, 0x53C5, 0x53A5, 0x4BA5, 0x4BA6, 0x43A6, 0x3BA7, 0x3388, 0x336A, 0x2B4B, 0x2B2B, 0x230B, 0x22EC, 0x22CC,
    0x22AC, 0x228C, 0x226C, 0x1A6C, 0x1A4C, 0x1A2C, 0x1A0C, 0x1A0C, 0x19EC, 0x19EC, 0x19CC, 0x19CC, 0x19AC, 0x118C, 0x118C, 0x118C,
    0x6426, 0x6446, 0x6446, 0x6426, 0x5C26, 0x5426, 0x5426, 0x4C07, 0x4408, 0x3C09, 0x33EA, 0x33AB, 0x2B8C, 0x2B4C, 0x2B2C, 0x230D,
    0x22ED, 0x22ED, 0x22CD, 0x22AD, 0x22AD, 0x22AE, 0x228E, 0x226D, 0x226D, 0x224D, 0x1A4D, 0x1A2E, 0x1A2E, 0x1A0E, 0x1A0E, 0x1A0E,
    0x6CA7, 0x6CA7, 0x6CA7, 0x6CA7, 0x64A7, 0x5C87, 0x5C87, 0x5488, 0x4C68, 0x4469, 0x3C4A, 0x340C, 0x33EC, 0x2BAD, 0x2B8D, 0x2B6D,
    0x2B4E, 0x2B2E, 0x2B0E, 0x230E, 0x2B0F, 0x2B0F, 0x2AEF, 0x2AEF, 0x2ACF, 0x22CF, 0x22AF, 0x228F, 0x228F, 0x228F, 0x226F, 0x226F,
    0x7527, 0x7507, 0x7507, 0x6D07, 0x6D07, 0x64E7, 0x64E7, 0x5CE8, 0x54E9, 0x44CA, 0x3CAB, 0x3C8C, 0x3C4D, 0x340D, 0x33EE, 0x2BAE,
    0x2B8F, 0x2B6F, 0x2B4F, 0x2B4F, 0x2B50, 0x3350, 0x3371, 0x3371, 0x3351, 0x2B31, 0x2B10, 0x22F0, 0x22D0, 0x22D0, 0x22D0, 0x22B0,
    0x7D48, 0x7D48, 0x7D48, 0x7548, 0x7548, 0x6D28, 0x6528, 0x5D29, 0x5529, 0x4D2A, 0x450B, 0x44CC, 0x3C8D, 0x3C6E, 0x342F, 0x33EF,
    0x33B0, 0x2B90, 0x2B70, 0x2B50, 0x2B71, 0x3391, 0x33B1, 0x3BB2, 0x3392, 0x3372, 0x2B51, 0x2B31, 0x2B31, 0x2B11, 0x2B11, 0x2B11,
    0x7D88, 0x7D88, 0x7D88, 0x7D88, 0x7568, 0x7569, 0x6D69, 0x6569, 0x5D6A, 0x4D6A, 0x454B, 0x452C, 0x44ED, 0x3CAE, 0x3C6F, 0x3430,
    0x33F0, 0x33B1, 0x2B71, 0x2B51, 0x2B71, 0x3391, 0x33D2, 0x3BF2, 0x3BD2, 0x33B2, 0x3392, 0x3372, 0x2B72, 0x2B52, 0x2B52, 0x2B52,
    0x85A9, 0x85A9, 0x85A9, 0x7DA9, 0x7DA9, 0x75A9, 0x75AA, 0x6D8A, 0x658A, 0x558A, 0x4D8B, 0x4D4C, 0x452E, 0x44EF, 0x3CD0, 0x3C71,
    0x3C31, 0x33F1, 0x33B1, 0x3391, 0x3392, 0x33B2, 0x33F2, 0x3C13, 0x3C13, 0x3C13, 0x3BF3, 0x33D2, 0x33B2, 0x33B2, 0x33B2, 0x33B2,
    0x85C9, 0x85C9, 0x85C9, 0x85CA, 0x85CA, 0x7DCA, 0x75CA, 0x6DCB, 0x65CB, 0x5DAB, 0x55AB, 0x4D8D, 0x4D4E, 0x452F, 0x4510, 0x44D1,
    0x3C92, 0x3C52, 0x3412, 0x33D2, 0x33D2, 0x33F2, 0x3C13, 0x3C53, 0x3C53, 0x3C53, 0x3C33, 0x3C33, 0x3C13, 0x3C13, 0x3BF3, 0x33F3,
    0x8DCA, 0x8DCA, 0x8DCA, 0x85CA, 0x85CA, 0x7DCB, 0x7DCB, 0x6DEB, 0x65EB, 0x5DEB, 0x55CB, 0x55AD, 0x4D8E, 0x4D6F, 0x4D50, 0x4511,
    0x44F2, 0x44B3, 0x4473, 0x3C53, 0x3C33, 0x3C33, 0x4453, 0x4493, 0x4493, 0x4494, 0x4494, 0x4474, 0x3C73, 0x3C53, 0x3C53, 0x3C53,
    0x8DCA, 0x8DCA, 0x8DEA, 0x8DEB, 0x85EB, 0x85EB, 0x7DEB, 0x760B, 0x6E0B, 0x660B, 0x5DEC, 0x55CD, 0x55AE, 0x558F, 0x5571, 0x4D52,
    0x4D33, 0x4D13, 0x4CF4, 0x44D4, 0x44B4, 0x44B4, 0x44B4, 0x44D4, 0x44D4, 0x44D4, 0x44D4, 0x44B4, 0x44B4, 0x4494, 0x4494, 0x4494,
    0x8DEA, 0x8DEA, 0x8DEA, 0x8DEB, 0x8DEB, 0x85EB, 0x7DEC, 0x760B, 0x6E0B, 0x660C, 0x5E0C, 0x5DED, 0x5DCE, 0x55B0, 0x5591, 0x5572,
    0x5553, 0x5554, 0x4D34, 0x4D14, 0x4D14, 0x4CF4, 0x4CF4, 0x4CF4, 0x4CF4, 0x4CF4, 0x4CF4, 0x4CF4, 0x44D4, 0x44D4, 0x44D4, 0x44D4,
    0x8DEA, 0x8DCA, 0x8DCA, 0x8DEB, 0x8DEB, 0x85EC, 0x860C, 0x760B, 0x6E2B, 0x662C, 0x662D, 0x5E0D, 0x5DEF, 0x5DD0, 0x5DB1, 0x5593,
    0x5573, 0x5574, 0x5554, 0x5554, 0x5555, 0x5535, 0x5535, 0x4D35, 0x4D35, 0x4D15, 0x4D15, 0x4D15, 0x4D15, 0x4CF5, 0x4CF4, 0x4CF4,
    0x95EA, 0x8DEA, 0x8DEA, 0x8DEB, 0x8DEB, 0x8DEC, 0x860C, 0x760C, 0x6E2B, 0x662C, 0x662D, 0x660E, 0x5DEF, 0x5DF0, 0x5DD1, 0x5DB3,
    0x5D94, 0x5D94, 0x5575, 0x5575, 0x5555, 0x5555, 0x5555, 0x5555, 0x5535, 0x5535, 0x4D35, 0x4D35, 0x4D15, 0x4D15, 0x4D15, 0x4D15,
    0x95EA, 0x95EA, 0x8DEA, 0x8DEB, 0x8DEB, 0x8DEC, 0x860C, 0x7E0C, 0x6E2C, 0x6E2C, 0x662D, 0x660E, 0x65EF, 0x5DF0, 0x5DD1, 0x5DB3,
    0x5D94, 0x5D94, 0x5D95, 0x5D75, 0x5575, 0x5575, 0x5555, 0x5555, 0x5555, 0x5555, 0x5555, 0x5535, 0x4D35, 0x4D35, 0x4D35, 0x4D15,
    0x95EA, 0x95EA, 0x8DEA, 0x8DEB, 0x8DEB, 0x8DEC, 0x860C, 0x7E0C, 0x762C, 0x6E2C, 0x662D, 0x660E, 0x660F, 0x65F0, 0x65D2, 0x5DB3,
    0x5D94, 0x5D94, 0x5D95, 0x5D95, 0x5575, 0x5575, 0x5575, 0x5555, 0x5555, 0x5555, 0x5555, 0x5555, 0x5555, 0x5555, 0x5535, 0x5535,
    0x95EA, 0x95EA, 0x95EA, 0x8DEB, 0x8DEB, 0x8DEC, 0x8E0C, 0x7E0C, 0x762C, 0x6E2C, 0x662D, 0x660E, 0x6610, 0x65F1, 0x65F2, 0x65B3,
    0x5DB4, 0x5D95, 0x5D95, 0x5D95, 0x5D95, 0x5575, 0x5575, 0x5575, 0x5575, 0x5575, 0x5555, 0x5555, 0x5555, 0x5555, 0x5555, 0x5555,
    0x95EA, 0x95EA, 0x95EA, 0x95EB, 0x8DEB, 0x8DEC, 0x8E0C, 0x7E0C, 0x762C, 0x6E2C, 0x662D, 0x660E, 0x6610, 0x65F1, 0x65F2, 0x65D3,
    0x65B4, 0x5DB5, 0x5D95, 0x5D95, 0x5D95, 0x5D95, 0x5575, 0x5575, 0x5575, 0x5575, 0x5575, 0x5555, 0x5555, 0x5555, 0x5555, 0x5555,
    0x95EA, 0x95EA, 0x95EA, 0x95EB, 0x95EB, 0x8DEC, 0x8DEC, 0x7E0C, 0x762C, 0x6E2C, 0x662D, 0x660E, 0x6610, 0x65F1, 0x65F2, 0x65D3,
    0x65B4, 0x5DB5, 0x5D95, 0x5D95, 0x5D95, 0x5D95, 0x5D95, 0x5D75, 0x5575, 0x5575, 0x5575, 0x5575, 0x5575, 0x5555, 0x5555, 0x5555,
    0x3061, 0x3061, 0x3061, 0x3042, 0x2843, 0x2843, 0x2044, 0x2024, 0x1824, 0x1024, 0x0824, 0x0825, 0x0025, 0x0005, 0x0005, 0x0005,
    0x0005, 0x0005, 0x0005, 0x0025, 0x0025, 0x0005, 0x0005, 0x0005, 0x0005, 0x0005, 0x0005, 0x0005, 0x0005, 0x0005, 0x0005, 0x0004,
    0x3081, 0x3861, 0x3861, 0x3062, 0x3042, 0x2843, 0x2044, 0x2044, 0x1824, 0x1024, 0x1024, 0x0825, 0x0025, 0x0005, 0x0005, 0x0005,
    0x0005, 0x0005, 0x0005, 0x0005, 0x0005, 0x0005, 0x0005, 0x0005, 0x0005, 0x0005, 0x0005, 0x0005, 0x0005, 0x0005, 0x0005, 0x0004,
    0x3881, 0x3881, 0x3881, 0x3062, 0x3042, 0x2843, 0x2844, 0x2044, 0x1824, 0x1824, 0x1025, 0x0825, 0x0825, 0x0005, 0x0005, 0x0005,
    0x0005, 0x0005, 0x0005, 0x0005, 0x0005, 0x0005, 0x0005, 0x0005, 0x0005, 0x0025, 0x0025, 0x0005, 0x0005, 0x0005, 0x0005, 0x0004,
    0x38A1, 0x38A1, 0x38A1, 0x38A2, 0x3882, 0x3083, 0x2864, 0x2044, 0x2044, 0x1845, 0x1025, 0x0825, 0x0825, 0x0025, 0x0005, 0x0005,
    0x0005, 0x0005, 0x0005, 0x0005, 0x0005, 0x0005, 0x0005, 0x0005, 0x0005, 0x0005, 0x0005, 0x0005, 0x0005, 0x0005, 0x0005, 0x0005,
    0x38C1, 0x38C1, 0x38C1, 0x38C2, 0x38C2, 0x38A3, 0x3084, 0x2864, 0x2065, 0x1845, 0x1045, 0x0825, 0x0825, 0x0025, 0x0005, 0x0005,
    0x0005, 0x0005, 0x0005, 0x0005, 0x0005, 0x0005, 0x0005, 0x0025, 0x0005, 0x0005, 0x0005, 0x0005, 0x0005, 0x0005, 0x0005, 0x0005,
    0x3902, 0x3902, 0x3902, 0x3902, 0x4102, 0x38E3, 0x38E4, 0x30C5, 0x28A6, 0x20A6, 0x1886, 0x1066, 0x0846, 0x0025, 0x0005, 0x0005,
    0x0004, 0x0004, 0x0004, 0x0005, 0x0005, 0x0005, 0x0005, 0x0025, 0x0025, 0x0005, 0x0005, 0x0005, 0x0005, 0x0005, 0x0005, 0x0005,
    0x3922, 0x4142, 0x4142, 0x4142, 0x4142, 0x4123, 0x4124, 0x3925, 0x3107, 0x28E7, 0x20C8, 0x1887, 0x0867, 0x0846, 0x0025, 0x0025,
    0x0005, 0x0004, 0x0004, 0x0004, 0x0004, 0x0005, 0x0005, 0x0005, 0x0025, 0x0025, 0x0005, 0x0005, 0x0005, 0x0006, 0x0006, 0x0026,
    0x4162, 0x4162, 0x4162, 0x4162, 0x4162, 0x4163, 0x4164, 0x3965, 0x3946, 0x3148, 0x2928, 0x2108, 0x10E8, 0x10A7, 0x0886, 0x0066,
    0x0045, 0x0025, 0x0025, 0x0004, 0x0004, 0x0004, 0x0005, 0x0005, 0x0005, 0x0005, 0x0005, 0x0005, 0x0005, 0x0026, 0x0006, 0x0006,
    0x41A3, 0x41A3, 0x41C3, 0x41C3, 0x41C3, 0x41C3, 0x41A4, 0x39A5, 0x39A6, 0x3188, 0x2989, 0x2169, 0x1949, 0x1128, 0x10E7, 0x08A7,
    0x0866, 0x0046, 0x0025, 0x0025, 0x0025, 0x0005, 0x0004, 0x0004, 0x0005, 0x0005, 0x0005, 0x0005, 0x0006, 0x0026, 0x0026, 0x0006,
    0x4A23, 0x4A23, 0x4A23, 0x4A23, 0x4A23, 0x4204, 0x4204, 0x3A05, 0x3A06, 0x31E8, 0x29E9, 0x21C9, 0x21A9, 0x1969, 0x1148, 0x1108,
    0x08E7, 0x08A7, 0x0886, 0x0046, 0x0045, 0x0025, 0x0025, 0x0025, 0x0025, 0x0005, 0x0025, 0x0025, 0x0026, 0x0006, 0x0026, 0x0027,
    0x5284, 0x5284, 0x5284, 0x4A64, 0x4A64, 0x4A64, 0x4264, 0x3A65, 0x3A66, 0x3248, 0x2A29, 0x2209, 0x21E9, 0x19C9, 0x19A9, 0x1168,
    0x1148, 0x0908, 0x08C7, 0x08A6, 0x0866, 0x0066, 0x0046, 0x0045, 0x0025, 0x0025, 0x0026, 0x0026, 0x0026, 0x0026, 0x0027, 0x0027,
    0x52C4, 0x52C4, 0x52C4, 0x52C4, 0x52A4, 0x4AA4, 0x4AA5, 0x42C5, 0x3AC6, 0x32A8, 0x2A89, 0x2A69, 0x224A, 0x220A, 0x19EA, 0x19C9,
    0x11A9, 0x1169, 0x1148, 0x1108, 0x08E8, 0x08C7, 0x08A7, 0x0887, 0x0887, 0x0867, 0x0067, 0x0047, 0x0047, 0x0047, 0x0047, 0x0047,
    0x5B04, 0x5B04, 0x5B04, 0x5304, 0x5304, 0x5305, 0x4B05, 0x4305, 0x3B06, 0x3308, 0x32E9, 0x2AAA, 0x2A8A, 0x226A, 0x1A4A, 0x1A2A,
    0x1A0A, 0x19EA, 0x11A9, 0x1189, 0x1169, 0x1149, 0x1108, 0x08E8, 0x08E8, 0x08C8, 0x08A8, 0x08A8, 0x0888, 0x0888, 0x0888, 0x0888,
    0x5B65, 0x5B65, 0x5B65, 0x5B65, 0x5B65, 0x5365, 0x5366, 0x4B66, 0x4366, 0x3B48, 0x3349, 0x330A, 0x2AEB, 0x22CB, 0x22AB, 0x228B,
    0x1A6B, 0x1A4B, 0x1A2B, 0x19EA, 0x19CA, 0x11AA, 0x118A, 0x116A, 0x116A, 0x116A, 0x114A, 0x112A, 0x112A, 0x110A, 0x110A, 0x110A,
    0x63C5, 0x63C5, 0x63C5, 0x63C5, 0x63C5, 0x5BC6, 0x5BC6, 0x4BC6, 0x43C7, 0x43C8, 0x3BA9, 0x336B, 0x2B4B, 0x2B2C, 0x22EC, 0x22CC,
    0x22AC, 0x22AC, 0x228C, 0x226C, 0x1A4C, 0x1A2C, 0x1A0B, 0x19EB, 0x19EB, 0x19EC, 0x19CC, 0x19AC, 0x19AC, 0x118C, 0x118C, 0x118C,
    0x6C46, 0x6C46, 0x6C46, 0x6C46, 0x6C46, 0x6426, 0x5C26, 0x5427, 0x4C28, 0x4428, 0x3C0A, 0x3BEB, 0x33AC, 0x2B8C, 0x2B4D, 0x2B2D,
    0x230D, 0x22ED, 0x22CD, 0x22AD, 0x22AD, 0x228D, 0x226D, 0x226D, 0x224D, 0x1A4D, 0x1A4D, 0x1A2D, 0x1A2D, 0x1A0D, 0x1A0E, 0x1A0E,
    0x74A7, 0x74C7, 0x74C7, 0x74A7, 0x6CA7, 0x6C87, 0x6487, 0x5C87, 0x5488, 0x4C89, 0x448A, 0x3C4B, 0x3C0C, 0x33CD, 0x33AD, 0x2B8E,
    0x2B4E, 0x2B2E, 0x2B2E, 0x230E, 0x22EE, 0x22EF, 0x22CF, 0x22CF, 0x22AF, 0x22AF, 0x22AF, 0x228F, 0x228F, 0x226F, 0x226F, 0x226F,
    0x7D28, 0x7D28, 0x7D28, 0x7D08, 0x7507, 0x74E7, 0x6CE7, 0x64E8, 0x5CE9, 0x54E9, 0x44EA, 0x44AC, 0x3C6D, 0x3C2D, 0x340E, 0x33CE,
    0x2BAF, 0x2B8F, 0x2B6F, 0x2B4F, 0x2B50, 0x2B50, 0x2B30, 0x2B30, 0x2B30, 0x2B10, 0x2AF0, 0x22D0, 0x22D0, 0x22D0, 0x22D0, 0x22B0,
    0x8568, 0x8568, 0x8568, 0x8548, 0x7D48, 0x7548, 0x7528, 0x6D28, 0x6549, 0x5549, 0x4D4A, 0x450C, 0x44CD, 0x3C8E, 0x3C4F, 0x340F,
    0x33F0, 0x33B0, 0x2B90, 0x2B70, 0x2B71, 0x2B71, 0x3391, 0x3391, 0x3371, 0x3351, 0x2B31, 0x2B11, 0x2B11, 0x2B11, 0x2B11, 0x2AF1,
    0x8D89, 0x8D89, 0x8D89, 0x8589, 0x8588, 0x7D68, 0x7D69, 0x7569, 0x6D69, 0x5D89, 0x4D6A, 0x4D4B, 0x4D0D, 0x44EE, 0x3CAF, 0x3C70,
    0x3431, 0x33F1, 0x33B1, 0x3391, 0x3391, 0x33B1, 0x33B2, 0x3BD2, 0x33D2, 0x33B2, 0x3372, 0x2B52, 0x2B52, 0x2B52, 0x2B52, 0x2B51,
    0x8DA9, 0x8DA9, 0x8DA9, 0x8DA9, 0x85A9, 0x85A9, 0x7DA9, 0x758A, 0x6D8A, 0x5DAA, 0x55AA, 0x4D6C, 0x4D4D, 0x452E, 0x44EF, 0x44B0,
    0x3C71, 0x3C11, 0x33F2, 0x33B2, 0x33B2, 0x33D2, 0x33F2, 0x3C13, 0x3C13, 0x3BF3, 0x33D2, 0x33B2, 0x3392, 0x3392, 0x3392, 0x3392,
    0x95CA, 0x95CA, 0x95CA, 0x8DCA, 0x8DCA, 0x85CA, 0x85CA, 0x7DCB, 0x75CA, 0x65CA, 0x55CA, 0x55AC, 0x556D, 0x4D4E, 0x4530, 0x44F1,
    0x44B2, 0x3C72, 0x3C32, 0x3BF2, 0x33F2, 0x3BF2, 0x3C13, 0x3C53, 0x3C53, 0x3C53, 0x3C33, 0x3C13, 0x3BF3, 0x33F3, 0x33F3, 0x33D3,
    0x95CA, 0x95CA, 0x95CA, 0x95CA, 0x8DCB, 0x8DCB, 0x85CB, 0x7DCB, 0x75EB, 0x65EA, 0x5DEA, 0x5DCC, 0x55AD, 0x558E, 0x4D50, 0x4D31,
    0x44F2, 0x44B3, 0x4493, 0x3C53, 0x3C53, 0x4453, 0x4453, 0x4494, 0x4494, 0x4494, 0x4474, 0x3C73, 0x3C53, 0x3C33, 0x3C33, 0x3C33,
    0x9DEA, 0x9DEB, 0x95EB, 0x95EB, 0x95EB, 0x8DEC, 0x8DEC, 0x85EB, 0x760B, 0x6E0B, 0x660B, 0x5DEC, 0x5DED, 0x55AE, 0x5590, 0x5571,
    0x4D53, 0x4D33, 0x4CF4, 0x4CD4, 0x44B4, 0x4CB4, 0x4CB4, 0x4CD4, 0x4CD4, 0x44D4, 0x44B4, 0x44B4, 0x4494, 0x4494, 0x4494, 0x4494,
    0x9DEB, 0x9DEB, 0x9DEB, 0x95EB, 0x95EC, 0x95EC, 0x8DEC, 0x860C, 0x7E0B, 0x6E2B, 0x662B, 0x660C, 0x5E0D, 0x5DCF, 0x5DB0, 0x5592,
    0x5573, 0x5554, 0x5534, 0x4D14, 0x4D14, 0x4CF4, 0x4CF4, 0x4CF4, 0x4CF4, 0x4CF4, 0x4CF4, 0x4CF4, 0x44D4, 0x44D4, 0x44D4, 0x44D4,
    0x9DEB, 0x9DEB, 0x9DEB, 0x9DEB, 0x95EC, 0x95EC, 0x8DEC, 0x860C, 0x7E0C, 0x762C, 0x6E2C, 0x662C, 0x5E0D, 0x65EF, 0x5DD0, 0x5DB2,
    0x5D93, 0x5D74, 0x5D75, 0x5555, 0x5555, 0x5535, 0x5535, 0x5535, 0x5535, 0x4D35, 0x4D15, 0x4D15, 0x4D15, 0x4CF5, 0x4CF4, 0x4CF4,
    0x9DEB, 0x9DEB, 0x9DEB, 0x9DEB, 0x95EC, 0x95EC, 0x960C, 0x8E0C, 0x7E2C, 0x762C, 0x6E2C, 0x662D, 0x662D, 0x660F, 0x65F0, 0x65B2,
    0x5D93, 0x5D94, 0x5D95, 0x5D75, 0x5575, 0x5555, 0x5555, 0x5555, 0x5555, 0x5535, 0x5535, 0x4D35, 0x4D35, 0x4D15, 0x4D15, 0x4D15,
    0x9DEB, 0x9DEB, 0x9DEB, 0x9DEB, 0x9DEC, 0x95EC, 0x960D, 0x8E0C, 0x862C, 0x762C, 0x6E2C, 0x6E2D, 0x662E, 0x660F, 0x65F0, 0x65D2,
    0x65B3, 0x6594, 0x5D95, 0x5D95, 0x5D75, 0x5575, 0x5575, 0x5555, 0x5555, 0x5555, 0x5555, 0x5535, 0x5535, 0x4D35, 0x4D35, 0x4D35,
    0x9DEB, 0x9DEB, 0x9DEB, 0x9DEB, 0x9DEC, 0x95EC, 0x960D, 0x8E0C, 0x862C, 0x762C, 0x6E2C, 0x6E2D, 0x662E, 0x660F, 0x65F1, 0x65D2,
    0x65B4, 0x65B4, 0x6595, 0x5D95, 0x5D95, 0x5D75, 0x5575, 0x5575, 0x5555, 0x5555, 0x5555, 0x5555, 0x5555, 0x5555, 0x5535, 0x5535,
    0x9DEB, 0x9DEB, 0x9DEB, 0x9DEB, 0x9DEC, 0x9DEC, 0x960D, 0x8E0C, 0x862C, 0x7E2C, 0x6E2D, 0x6E2E, 0x6E2F, 0x6E30, 0x6E11, 0x65D2,
    0x65B4, 0x65B5, 0x65B5, 0x5D95, 0x5D95, 0x5D95, 0x5D75, 0x5575, 0x5575, 0x5575, 0x5575, 0x5555, 0x5555, 0x5555, 0x5555, 0x5555,
    0x9DEB, 0x9DEB, 0x9DEB, 0x9DEB, 0x9DEC, 0x9DEC, 0x960D, 0x8E0C, 0x862C, 0x7E2C, 0x762D, 0x6E2E, 0x6E2F, 0x6E10, 0x6E11, 0x6DD3,
    0x65D4, 0x65B5, 0x65B5, 0x6595, 0x5D95, 0x5D95, 0x5D95, 0x5D75, 0x5575, 0x5575, 0x5575, 0x5575, 0x5555, 0x5555, 0x5555, 0x5555,
    0xA5EB, 0xA5EB, 0x9DEB, 0x9DEB, 0x9DEC, 0x9DEC, 0x960D, 0x8E0C, 0x862C, 0x7E2C, 0x762D, 0x6E2E, 0x6E2F, 0x6E10, 0x6E11, 0x6DF3,
    0x6DD4, 0x65B5, 0x65B5, 0x65B5, 0x5D95, 0x5D95, 0x5D95, 0x5D95, 0x5D75, 0x5575, 0x5575, 0x5575, 0x5575, 0x5555, 0x5555, 0x5555,
    0x3881, 0x3881, 0x3861, 0x3862, 0x3043, 0x3043, 0x2844, 0x2844, 0x2044, 0x1824, 0x1825, 0x1025, 0x0825, 0x0825, 0x0005, 0x0005,
    0x0005, 0x0005, 0x0005, 0x0005, 0x0005, 0x0005, 0x0005, 0x0005, 0x0005, 0x0005, 0x0005, 0x0005, 0x0005, 0x0005, 0x0005, 0x0004,
    0x40A1, 0x4081, 0x3881, 0x3862, 0x3843, 0x3043, 0x2844, 0x2844, 0x2044, 0x2025, 0x1825, 0x1025, 0x0825, 0x0825, 0x0005, 0x0005,
    0x0005, 0x0005, 0x0005, 0x0005, 0x0005, 0x0005, 0x0005, 0x0005, 0x0005, 0x0005, 0x0005, 0x0005, 0x0005, 0x0005, 0x0005, 0x0004,
    0x40A1, 0x40A1, 0x40A1, 0x3882, 0x3863, 0x3043, 0x3044, 0x2844, 0x2044, 0x2045, 0x1825, 0x1025, 0x1025, 0x0825, 0x0805, 0x0005,
    0x0005, 0x0005, 0x0005, 0x0005, 0x0005, 0x0005, 0x0005, 0x0005, 0x0005, 0x0005, 0x0005, 0x0025, 0x0005, 0x0005, 0x0005, 0x0005,
    0x40C1, 0x40C1, 0x40C2, 0x40A2, 0x40A3, 0x3883, 0x3064, 0x3064, 0x2845, 0x2045, 0x1845, 0x1825, 0x1025, 0x0825, 0x0805, 0x0005,
    0x0004, 0x0004, 0x0004, 0x0005, 0x0005, 0x0005, 0x0005, 0x0005, 0x0005, 0x0005, 0x0005, 0x0005, 0x0005, 0x0005, 0x0005, 0x0005,
    0x40E2, 0x40E2, 0x40E2, 0x40E2, 0x40E3, 0x40C3, 0x38A4, 0x3085, 0x2865, 0x2865, 0x2045, 0x1845, 0x1025, 0x0825, 0x0805, 0x0004,
    0x0004, 0x0004, 0x0004, 0x0004, 0x0005, 0x0005, 0x0005, 0x0005, 0x0005, 0x0005, 0x0005, 0x0005, 0x0005, 0x0025, 0x0005, 0x0005,
    0x4102, 0x4102, 0x4122, 0x4102, 0x4102, 0x4103, 0x40E4, 0x40E5, 0x38C6, 0x30A6, 0x2886, 0x1866, 0x1046, 0x0825, 0x0825, 0x0005,
    0x0004, 0x0004, 0x0004, 0x0004, 0x0004, 0x0004, 0x0005, 0x0005, 0x0005, 0x0005, 0x0005, 0x0005, 0x0005, 0x0005, 0x0005, 0x0005,
    0x4142, 0x4142, 0x4142, 0x4142, 0x4142, 0x4943, 0x4944, 0x4125, 0x4107, 0x3907, 0x28C7, 0x20A7, 0x1867, 0x1046, 0x0826, 0x0025,
    0x0005, 0x0004, 0x0004, 0x0004, 0x0004, 0x0004, 0x0004, 0x0005, 0x0005, 0x0005, 0x0005, 0x0025, 0x0005, 0x0005, 0x0006, 0x0006,
    0x4962, 0x4982, 0x4982, 0x4982, 0x4983, 0x4983, 0x4984, 0x4965, 0x4166, 0x3947, 0x3128, 0x2908, 0x20E8, 0x18A8, 0x0887, 0x0846,
    0x0025, 0x0025, 0x0004, 0x0004, 0x0004, 0x0004, 0x0004, 0x0004, 0x0005, 0x0005, 0x0005, 0x0005, 0x0005, 0x0005, 0x0006, 0x0026,
    0x49A3, 0x49A3, 0x49C3, 0x49C3, 0x49C3, 0x49C3, 0x49C4, 0x49A5, 0x49A6, 0x41A8, 0x3989, 0x3169, 0x2949, 0x1909, 0x10C8, 0x0887,
    0x0866, 0x0046, 0x0025, 0x0025, 0x0024, 0x0004, 0x0004, 0x0004, 0x0004, 0x0005, 0x0005, 0x0005, 0x0005, 0x0005, 0x0026, 0x0026,
    0x5203, 0x5203, 0x5203, 0x5203, 0x4A03, 0x4A04, 0x4A04, 0x4A05, 0x4A06, 0x41E7, 0x39E9, 0x31C9, 0x29AA, 0x218A, 0x1949, 0x1108,
    0x10E7, 0x08C7, 0x0886, 0x0066, 0x0045, 0x0025, 0x0025, 0x0025, 0x0025, 0x0005, 0x0005, 0x0025, 0x0025, 0x0026, 0x0026, 0x0026,
    0x5264, 0x5264, 0x5264, 0x5264, 0x5264, 0x5264, 0x4A64, 0x4A65, 0x4A66, 0x4247, 0x3A49, 0x3229, 0x2A0A, 0x29EA, 0x21CA, 0x1989,
    0x1169, 0x1128, 0x08E8, 0x08A7, 0x0886, 0x0066, 0x0046, 0x0045, 0x0045, 0x0025, 0x0025, 0x0026, 0x0026, 0x0026, 0x0026, 0x0026,
    0x62C4, 0x5AC4, 0x5AC4, 0x5AC4, 0x5AC4, 0x52C4, 0x52C5, 0x4AC5, 0x4AC6, 0x42A7, 0x3AA9, 0x328A, 0x326A, 0x2A4B, 0x220A, 0x21EA,
    0x19A9, 0x1189, 0x1149, 0x1128, 0x08E8, 0x08C7, 0x08A7, 0x08A7, 0x0887, 0x0887, 0x0867, 0x0066, 0x0067, 0x0047, 0x0067, 0x0067,
    0x6325, 0x6325, 0x6325, 0x6325, 0x6325, 0x5B25, 0x5B05, 0x5326, 0x4B26, 0x4308, 0x42E9, 0x3ACA, 0x32AB, 0x2A8B, 0x2A6B, 0x224B,
    0x1A0A, 0x19EA, 0x19CA, 0x1189, 0x1169, 0x1149, 0x1128, 0x0908, 0x08E8, 0x08C8, 0x08C8, 0x08A8, 0x08A8, 0x08A8, 0x08A8, 0x08A8,
    0x6B65, 0x6B85, 0x6B85, 0x6385, 0x6385, 0x6385, 0x5B66, 0x5366, 0x5367, 0x4B68, 0x4369, 0x3B2A, 0x330B, 0x32EB, 0x2ACC, 0x22AB,
    0x226B, 0x1A4B, 0x1A2B, 0x1A0B, 0x19EA, 0x19AA, 0x11AA, 0x118A, 0x116A, 0x116A, 0x114A, 0x112A, 0x112A, 0x110A, 0x110A, 0x110A,
    0x6BC6, 0x6BE6, 0x6BE6, 0x6BE6, 0x6BE6, 0x63E6, 0x63E6, 0x5BC7, 0x53C7, 0x4BC8, 0x43C9, 0x3BAA, 0x3B6B, 0x334C, 0x330C, 0x2AEC,
    0x22CC, 0x22AC, 0x228C, 0x226C, 0x1A4C, 0x1A2C, 0x1A0C, 0x19EB, 0x19EB, 0x19CB, 0x19CB, 0x19AB, 0x11AB, 0x118B, 0x118B, 0x118C,
    0x7446, 0x7446, 0x7446, 0x7446, 0x6C46, 0x6C46, 0x6C47, 0x6447, 0x5C48, 0x5448, 0x4C49, 0x440A, 0x3BEC, 0x3BAD, 0x336D, 0x334D,
    0x2B2D, 0x2B0D, 0x22ED, 0x22CD, 0x22AD, 0x228D, 0x226D, 0x226D, 0x1A4D, 0x1A4D, 0x1A2D, 0x1A2D, 0x1A0D, 0x1A0D, 0x1A0D, 0x1A0D,
    0x7CC7, 0x7CC7, 0x7CC7, 0x7CA7, 0x74A7, 0x74A7, 0x74A7, 0x6CA8, 0x64A8, 0x5CA9, 0x4CA9, 0x446B, 0x444C, 0x3C0D, 0x3BCE, 0x33AE,
    0x336E, 0x2B4E, 0x2B2E, 0x2B0E, 0x230F, 0x22EF, 0x22CF, 0x22AF, 0x22AF, 0x22AF, 0x228F, 0x228E, 0x226F, 0x226F, 0x226F, 0x226F,
    0x8528, 0x8528, 0x8528, 0x8528, 0x7D08, 0x7D08, 0x7D08, 0x7508, 0x6D09, 0x6509, 0x550A, 0x4CEB, 0x44AC, 0x446D, 0x442E, 0x3BEF,
    0x33CF, 0x33AF, 0x2B8F, 0x2B70, 0x2B50, 0x2B30, 0x2B30, 0x2B10, 0x2B10, 0x2AF0, 0x22F0, 0x22D0, 0x22D0, 0x22D0, 0x22B0, 0x22B0,
    0x8D69, 0x8D69, 0x8D69, 0x8D68, 0x8548, 0x8548, 0x7D48, 0x7D49, 0x7549, 0x6549, 0x5D4A, 0x552B, 0x4D0C, 0x4CCE, 0x448F, 0x444F,
    0x3C30, 0x33F0, 0x33D0, 0x33B0, 0x3391, 0x2B91, 0x3371, 0x3371, 0x2B51, 0x2B51, 0x2B31, 0x2B11, 0x2B11, 0x2B11, 0x2AF1, 0x2AF1,
    0x95A9, 0x95A9, 0x95A9, 0x8D89, 0x8D89, 0x8589, 0x8569, 0x7D69, 0x7569, 0x6D8A, 0x658A, 0x556B, 0x4D4C, 0x4D2E, 0x4CEF, 0x44B0,
    0x4471, 0x3C31, 0x3C11, 0x33F1, 0x33D1, 0x33D2, 0x33D2, 0x33B2, 0x33B2, 0x3392, 0x3372, 0x2B52, 0x2B31, 0x2B31, 0x2B31, 0x2B31,
    0x9DCA, 0x95CA, 0x95CA, 0x95AA, 0x8DAA, 0x8DA9, 0x85A9, 0x85AA, 0x7D8A, 0x6DAA, 0x65AA, 0x5DAB, 0x558C, 0x554E, 0x4D2F, 0x4CF1,
    0x44B1, 0x4472, 0x3C52, 0x3C32, 0x3C12, 0x3C12, 0x3C12, 0x3C13, 0x3BF3, 0x33D3, 0x33B2, 0x3392, 0x3392, 0x3372, 0x3372, 0x3372,
    0x9DCA, 0x9DCA, 0x9DCA, 0x95CA, 0x95CA, 0x95CA, 0x8DCA, 0x85AA, 0x7DAA, 0x75CA, 0x6DCB, 0x5DCB, 0x55AC, 0x558E, 0x554F, 0x4D31,
    0x4CF2, 0x44B2, 0x4493, 0x4453, 0x3C53, 0x3C33, 0x3C33, 0x3C53, 0x3C53, 0x3C33, 0x3C13, 0x33F3, 0x33D3, 0x33D3, 0x33D3, 0x33D3,
    0x9DEB, 0x9DEB, 0x9DEB, 0x9DEB, 0x9DEB, 0x95CB, 0x95CB, 0x8DCB, 0x85CB, 0x75CB, 0x6DEB, 0x65EB, 0x5DEC, 0x55AD, 0x558F, 0x5551,
    0x5532, 0x4CF3, 0x4CD3, 0x44B3, 0x4493, 0x4494, 0x4494, 0x4494, 0x4494, 0x4474, 0x4474, 0x3C53, 0x3C33, 0x3C33, 0x3C13, 0x3C13,
    0xA5EB, 0xA5EB, 0xA5EB, 0x9DEB, 0x9DEB, 0x9DEC, 0x95EC, 0x8DEC, 0x85EB, 0x7DEB, 0x75EB, 0x660B, 0x5DEC, 0x5DED, 0x55AF, 0x5591,
    0x5552, 0x5553, 0x5534, 0x4CF4, 0x4CF4, 0x4CD4, 0x4CD4, 0x4CD4, 0x4CD4, 0x4CD4, 0x44B4, 0x44B4, 0x4494, 0x4494, 0x4474, 0x4474,
    0xA5EB, 0xA5EB, 0xA5EB, 0xA5EC, 0x9DEC, 0x9DEC, 0x95EC, 0x8DEC, 0x8E0C, 0x7E0C, 0x760C, 0x6E0C, 0x660C, 0x5DED, 0x5DCF, 0x5DB1,
    0x5D93, 0x5D74, 0x5D54, 0x5535, 0x5535, 0x5515, 0x5515, 0x5515, 0x5515, 0x4CF5, 0x4CF4, 0x4CF4, 0x44D4, 0x44D4, 0x44B4, 0x44B4,
    0xA5EB, 0xA5EB, 0xA5EB, 0xA5EC, 0xA5EC, 0x9DEC, 0x9E0D, 0x960C, 0x8E0C, 0x860C, 0x7E0C, 0x6E2C, 0x6E2C, 0x660D, 0x65EF, 0x65D1,
    0x65B3, 0x6594, 0x5D75, 0x5D75, 0x5D55, 0x5D55, 0x5555, 0x5535, 0x5535, 0x5535, 0x5535, 0x4D15, 0x4D15, 0x4CF5, 0x4CF4, 0x4CF4,
    0xA5EB, 0xA5EB, 0xA5EB, 0xA5EC, 0xA5EC, 0x9E0D, 0x9E0D, 0x960D, 0x8E0D, 0x860C, 0x7E0C, 0x762C, 0x6E2C, 0x662D, 0x660F, 0x65D1,
    0x65B3, 0x65B4, 0x6595, 0x6595, 0x5D75, 0x5D75, 0x5D55, 0x5D55, 0x5555, 0x5555, 0x5535, 0x5535, 0x4D35, 0x4D15, 0x4D15, 0x4D15,
    0xA5EB, 0xA5EB, 0xA5EB, 0xA5EC, 0xA5EC, 0xA60D, 0x9E0D, 0x960D, 0x8E0D, 0x860C, 0x7E2C, 0x762C, 0x6E2D, 0x6E2D, 0x660F, 0x65F1,
    0x65D3, 0x65B4, 0x65B5, 0x6595, 0x6595, 0x5D75, 0x5D75, 0x5D75, 0x5555, 0x5555, 0x5555, 0x5555, 0x5535, 0x4D35, 0x4D35, 0x4D35,
    0xA5EB, 0xA5EB, 0xA5EB, 0xA5EC, 0xA5EC, 0xA60D, 0x9E0D, 0x9E0D, 0x960D, 0x860C, 0x7E2C, 0x762D, 0x6E2D, 0x6E2E, 0x6E0F, 0x65F1,
    0x65D3, 0x6DD4, 0x6DB5, 0x65B5, 0x6596, 0x5D95, 0x5D75, 0x5D75, 0x5575, 0x5555, 0x5555, 0x5555, 0x5555, 0x5555, 0x5555, 0x5535,
    0xAE0B, 0xAE0B, 0xA5EB, 0xA60C, 0xA60C, 0xA60D, 0xA60D, 0x9E0D, 0x960D, 0x8E2D, 0x7E2C, 0x762D, 0x762D, 0x6E2E, 0x6E10, 0x6DF1,
    0x6DF3, 0x6DD4, 0x6DB5, 0x6DB6, 0x65B6, 0x6596, 0x5D96, 0x5D75, 0x5D75, 0x5575, 0x5575, 0x5555, 0x5555, 0x5555, 0x5555, 0x5555,
    0xADEB, 0xADEB, 0xADEB, 0xA5EC, 0xA60C, 0xA60D, 0xA60D, 0x9E0D, 0x960D, 0x8E2D, 0x862D, 0x7E2D, 0x762E, 0x762F, 0x6E10, 0x6DF1,
    0x6DF3, 0x6DD4, 0x6DB5, 0x6DB6, 0x65B6, 0x6596, 0x5D96, 0x5D96, 0x5D75, 0x5D75, 0x5575, 0x5575, 0x5575, 0x5575, 0x5555, 0x5555,
    0xADEB, 0xADEB, 0xADEB, 0xADEC, 0xA5EC, 0xA60D, 0xA60D, 0x9E0D, 0x960D, 0x8E2D, 0x862D, 0x7E2D, 0x762E, 0x762F, 0x6E10, 0x6DF1,
    0x6DF3, 0x6DD4, 0x6DD5, 0x6DB6, 0x6DB6, 0x65B6, 0x5D96, 0x5D96, 0x5D96, 0x5D75, 0x5D75, 0x5576, 0x5575, 0x5575, 0x5575, 0x5575,
    0x40A2, 0x40A1, 0x4081, 0x4062, 0x3843, 0x3843, 0x3044, 0x3044, 0x2845, 0x2845, 0x2045, 0x1825, 0x1025, 0x1025, 0x0825, 0x0825,
    0x0025, 0x0025, 0x0005, 0x0005, 0x0005, 0x0005, 0x0005, 0x0005, 0x0005, 0x0005, 0x0005, 0x0005, 0x0005, 0x0005, 0x0005, 0x0004,
    0x40C2, 0x40A2, 0x40A2, 0x4082, 0x3863, 0x3863, 0x3044, 0x3044, 0x2845, 0x2845, 0x2045, 0x1845, 0x1825, 0x1025, 0x0825, 0x0825,
    0x0025, 0x0005, 0x0005, 0x0005, 0x0005, 0x0005, 0x0005, 0x0005, 0x0005, 0x0005, 0x0005, 0x0005, 0x0005, 0x0005, 0x0005, 0x0005,
    0x48C2, 0x40C2, 0x40C2, 0x4082, 0x4063, 0x3863, 0x3864, 0x3044, 0x2845, 0x2845, 0x2045, 0x2045, 0x1825, 0x1025, 0x0825, 0x0825,
    0x0805, 0x0004, 0x0004, 0x0004, 0x0005, 0x0005, 0x0005, 0x0005, 0x0005, 0x0005, 0x0005, 0x0025, 0x0005, 0x0005, 0x0005, 0x0005,
    0x48E2, 0x48E2, 0x48E2, 0x48C2, 0x48A3, 0x40A4, 0x4084, 0x3865, 0x3065, 0x2845, 0x2045, 0x2045, 0x1825, 0x1025, 0x0825, 0x0825,
    0x0004, 0x0004, 0x0004, 0x0004, 0x0004, 0x0005, 0x0005, 0x0005, 0x0005, 0x0005, 0x0005, 0x0005, 0x0005, 0x0005, 0x0005, 0x0005,
    0x48E2, 0x48E2, 0x4902, 0x4902, 0x48E3, 0x48C4, 0x40A4, 0x3885, 0x3865, 0x3065, 0x2845, 0x2045, 0x1845, 0x1025, 0x0825, 0x0824,
    0x0004, 0x0004, 0x0004, 0x0004, 0x0004, 0x0004, 0x0005, 0x0005, 0x0005, 0x0005, 0x0005, 0x0005, 0x0005, 0x0025, 0x0005, 0x0005,
    0x4922, 0x4922, 0x4922, 0x4922, 0x4923, 0x4903, 0x4904, 0x40E5, 0x40C6, 0x38A6, 0x3086, 0x2866, 0x2046, 0x1025, 0x0825, 0x0825,
    0x0004, 0x0004, 0x0004, 0x0004, 0x0004, 0x0004, 0x0004, 0x0005, 0x0005, 0x0005, 0x0005, 0x0005, 0x0005, 0x0005, 0x0005, 0x0005,
    0x4942, 0x4962, 0x4962, 0x4942, 0x4942, 0x5143, 0x5144, 0x5125, 0x4927, 0x4107, 0x38E7, 0x28A7, 0x2087, 0x1846, 0x1026, 0x0825,
    0x0025, 0x0004, 0x0004, 0x0004, 0x0004, 0x0004, 0x0004, 0x0004, 0x0005, 0x0005, 0x0005, 0x0025, 0x0005, 0x0005, 0x0005, 0x0006,
    0x5183, 0x5183, 0x5183, 0x5183, 0x5183, 0x5183, 0x5184, 0x5165, 0x5166, 0x4947, 0x4128, 0x3108, 0x28E8, 0x20A8, 0x1067, 0x0846,
    0x0025, 0x0025, 0x0004, 0x0004, 0x0004, 0x0004, 0x0004, 0x0004, 0x0004, 0x0004, 0x0005, 0x0005, 0x0005, 0x0005, 0x0005, 0x0026,
    0x51A3, 0x51C3, 0x51C3, 0x51C3, 0x51C3, 0x51C4, 0x51C4, 0x51A5, 0x51A6, 0x51A8, 0x4989, 0x3969, 0x314A, 0x2109, 0x18C8, 0x1087,
    0x0866, 0x0046, 0x0025, 0x0025, 0x0024, 0x0004, 0x0004, 0x0004, 0x0004, 0x0004, 0x0005, 0x0005, 0x0005, 0x0005, 0x0005, 0x0026,
    0x5203, 0x5203, 0x5203, 0x5203, 0x5203, 0x5204, 0x5204, 0x5205, 0x5206, 0x5207, 0x49E8, 0x41C9, 0x39AA, 0x298A, 0x214A, 0x1929,
    0x10E8, 0x08C7, 0x0886, 0x0066, 0x0045, 0x0025, 0x0025, 0x0025, 0x0025, 0x0005, 0x0005, 0x0005, 0x0005, 0x0005, 0x0026, 0x0026,
    0x5A64, 0x5A64, 0x5A64, 0x5A64, 0x5A64, 0x5A64, 0x5A65, 0x5A65, 0x5266, 0x5247, 0x4A48, 0x422A, 0x3A0B, 0x31EB, 0x29CB, 0x21AA,
    0x1969, 0x1128, 0x10E8, 0x08C7, 0x0886, 0x0066, 0x0046, 0x0045, 0x0045, 0x0025, 0x0025, 0x0025, 0x0025, 0x0026, 0x0026, 0x0026,
    0x6AC4, 0x62C4, 0x62C4, 0x62C4, 0x62C4, 0x62C5, 0x5AC5, 0x5AC5, 0x5AC6, 0x52A7, 0x4AA8, 0x428A, 0x3A6B, 0x324B, 0x2A2B, 0x220B,
    0x21CA, 0x1989, 0x1169, 0x1128, 0x0908, 0x08E7, 0x08C7, 0x08A7, 0x0887, 0x0887, 0x0867, 0x0866, 0x0867, 0x0867, 0x0867, 0x0867,
    0x7345, 0x6B45, 0x6B25, 0x6B25, 0x6B25, 0x6325, 0x6325, 0x5B26, 0x5B26, 0x5307, 0x4B08, 0x42EA, 0x3ACB, 0x3AAB, 0x328C, 0x2A4B,
    0x222B, 0x1A0A, 0x19CA, 0x19AA, 0x1169, 0x1149, 0x1129, 0x1108, 0x08E8, 0x08E8, 0x08C8, 0x08C8, 0x08C8, 0x08C8, 0x08C8, 0x08C8,
    0x7385, 0x7385, 0x7385, 0x7385, 0x6B85, 0x6B86, 0x6B86, 0x6386, 0x5B87, 0x5387, 0x4B68, 0x434A, 0x432B, 0x3B0C, 0x32CC, 0x2AAC,
    0x2A8C, 0x226C, 0x222B, 0x1A0B, 0x19EB, 0x19CA, 0x11AA, 0x118A, 0x116A, 0x116A, 0x114A, 0x1129, 0x1129, 0x1129, 0x112A, 0x112A,
    0x73E6, 0x73E6, 0x73E6, 0x73E6, 0x73E6, 0x73E6, 0x6BE6, 0x6BE7, 0x63E7, 0x5BE8, 0x53E8, 0x4BCA, 0x438B, 0x436C, 0x3B2D, 0x330D,
    0x2AED, 0x2AAD, 0x228C, 0x226C, 0x224C, 0x1A2C, 0x1A0C, 0x19EC, 0x19EB, 0x19CB, 0x19CB, 0x19AB, 0x11AB, 0x118B, 0x118B, 0x118B,
    0x7C47, 0x7C47, 0x7C47, 0x7C47, 0x7C47, 0x7467, 0x7467, 0x7468, 0x6C68, 0x6468, 0x5449, 0x4C2A, 0x440C, 0x43CD, 0x43AD, 0x3B6D,
    0x332D, 0x2B0E, 0x2AEE, 0x22CD, 0x22AD, 0x228D, 0x226D, 0x226D, 0x1A4D, 0x1A4D, 0x1A2D, 0x1A0D, 0x1A0D, 0x1A0D, 0x1A0D, 0x19ED,
    0x84A7, 0x84A7, 0x84A7, 0x84A7, 0x7CC7, 0x7CC7, 0x7CC7, 0x7CC8, 0x74C9, 0x64C9, 0x5CC9, 0x54AA, 0x4C8C, 0x4C4D, 0x440E, 0x3BCE,
    0x3B8E, 0x336F, 0x2B4F, 0x2B2F, 0x2B0F, 0x22EF, 0x22CF, 0x22AE, 0x22AE, 0x22AF, 0x228E, 0x226E, 0x226E, 0x226E, 0x226E, 0x224E,
    0x8D28, 0x8D28, 0x8D28, 0x8D28, 0x8528, 0x8528, 0x8528, 0x7D29, 0x7D09, 0x6D09, 0x650A, 0x5D0B, 0x54EC, 0x4CAD, 0x4C6E, 0x442F,
    0x3BEF, 0x3BCF, 0x33B0, 0x3390, 0x2B50, 0x2B30, 0x2B30, 0x2B10, 0x2AF0, 0x22F0, 0x22D0, 0x22D0, 0x22D0, 0x22B0, 0x22B0, 0x22B0,
    0x9569, 0x9569, 0x9569, 0x9569, 0x8D69, 0x8D69, 0x8D49, 0x8549, 0x7D49, 0x754A, 0x6D4A, 0x5D4B, 0x554C, 0x550D, 0x4CCF, 0x4C90,
    0x4450, 0x3C30, 0x3BF1, 0x33D1, 0x33B1, 0x3391, 0x2B71, 0x2B51, 0x2B51, 0x2B31, 0x2B31, 0x2B11, 0x2B11, 0x2B11, 0x2AF1, 0x2AF1,
    0x9DAA, 0x9DAA, 0x9DAA, 0x95AA, 0x9589, 0x9589, 0x8D89, 0x8589, 0x8589, 0x7D8A, 0x758B, 0x658B, 0x5D8C, 0x554D, 0x550F, 0x4CF0,
    0x4CB1, 0x4471, 0x4451, 0x3C32, 0x3C12, 0x33F2, 0x33D2, 0x33B2, 0x3392, 0x3372, 0x2B72, 0x2B51, 0x2B31, 0x2B31, 0x2B31, 0x2B11,
    0xA5CB, 0xA5CA, 0x9DCA, 0x9DCA, 0x9DAA, 0x95AA, 0x95AA, 0x8DAA, 0x85AA, 0x7DAA, 0x75AB, 0x65CB, 0x5DAB, 0x5D8D, 0x5D4F, 0x5531,
    0x4CF1, 0x4CB2, 0x4492, 0x4472, 0x4452, 0x3C32, 0x3C12, 0x3C13, 0x3BF3, 0x33D3, 0x33B2, 0x3392, 0x3372, 0x2B72, 0x2B72, 0x2B72,
    0xA5EB, 0xA5EB, 0xA5EB, 0xA5CB, 0x9DCB, 0x9DCA, 0x95CA, 0x8DCA, 0x8DAA, 0x85AB, 0x7DCB, 0x6DEB, 0x5DEB, 0x5DCD, 0x5D8F, 0x5551,
    0x5532, 0x4CF3, 0x4CD3, 0x4CB3, 0x4493, 0x4473, 0x4473, 0x3C53, 0x3C33, 0x3C33, 0x3BF3, 0x33D3, 0x33D3, 0x33B3, 0x33B3, 0x33B3,
    0xADEB, 0xA5EB, 0xA5EB, 0xA5EB, 0xA5EB, 0x9DEB, 0x9DEB, 0x95CB, 0x8DCB, 0x85CB, 0x7DCB, 0x6DEB, 0x660B, 0x5DED, 0x5DAF, 0x5D91,
    0x5D52, 0x5533, 0x5514, 0x4CF4, 0x4CD4, 0x4CB4, 0x4CB4, 0x4494, 0x4494, 0x4474, 0x4454, 0x3C33, 0x3C33, 0x3C13, 0x3C13, 0x3C13,
    0xADEC, 0xADEC, 0xADEB, 0xA5EC, 0xA5EC, 0xA5EC, 0x9DEC, 0x95EC, 0x8DEB, 0x8DEC, 0x85EC, 0x760B, 0x6E0B, 0x660D, 0x5DEE, 0x5DB0,
    0x5D92, 0x5D73, 0x5D54, 0x5534, 0x5514, 0x54F4, 0x54F4, 0x54D4, 0x4CD4, 0x4CD4, 0x44B4, 0x4494, 0x4494, 0x4474, 0x4474, 0x4474,
    0xADEC, 0xADEC, 0xAE0C, 0xADEC, 0xA5EC, 0xA5EC, 0xA5EC, 0x9DEC, 0x95EC, 0x8DEC, 0x85EC, 0x7E0B, 0x6E0B, 0x660C, 0x65EE, 0x65D0,
    0x65B2, 0x6594, 0x5D74, 0x5D55, 0x5D55, 0x5D35, 0x5D15, 0x5515, 0x5515, 0x4CF5, 0x4CF5, 0x4CF4, 0x4CD4, 0x44D4, 0x44B4, 0x44B4,
    0xADEC, 0xAE0C, 0xAE0C, 0xAE0C, 0xAE0C, 0xA60D, 0xA60D, 0x9DED, 0x95ED, 0x95EC, 0x8DEC, 0x7E0C, 0x762B, 0x6E2C, 0x660D, 0x65F0,
    0x65D2, 0x65B4, 0x6595, 0x6595, 0x6575, 0x5D55, 0x5D55, 0x5D55, 0x5D35, 0x5535, 0x5535, 0x4D15, 0x4D15, 0x4CF5, 0x4CF4, 0x4CF4,
    0xAE0C, 0xAE0C, 0xAE0C, 0xAE0C, 0xAE0C, 0xAE0D, 0xA60D, 0xA60D, 0x9E0D, 0x960D, 0x8E0C, 0x7E0C, 0x762C, 0x6E2C, 0x6E2D, 0x65F0,
    0x6DD2, 0x6DD4, 0x6DB5, 0x6595, 0x6595, 0x6575, 0x5D75, 0x5D55, 0x5D55, 0x5D55, 0x5555, 0x5535, 0x5535, 0x4D15, 0x4D15, 0x4D15,
    0xAE0C, 0xAE0C, 0xAE0C, 0xAE0C, 0xAE0C, 0xAE0D, 0xAE0D, 0xA60D, 0x9E0D, 0x960D, 0x8E0C, 0x862C, 0x7E2C, 0x762C, 0x6E2E, 0x6E10,
    0x6DF2, 0x6DD4, 0x6DD5, 0x6DB6, 0x6596, 0x6596, 0x6576, 0x5D75, 0x5D75, 0x5D55, 0x5555, 0x5555, 0x5535, 0x5535, 0x5535, 0x4D35,
    0xB60C, 0xAE0C, 0xAE0C, 0xAE0C, 0xAE0D, 0xAE0D, 0xAE0D, 0xA60D, 0x9E0D, 0x960D, 0x8E0C, 0x862C, 0x7E2C, 0x762D, 0x6E2E, 0x6E10,
    0x6DF2, 0x6DD4, 0x6DD5, 0x6DB6, 0x6DB6, 0x6596, 0x6596, 0x5D76, 0x5D75, 0x5D75, 0x5555, 0x5555, 0x5555, 0x5555, 0x5555, 0x5535,
    0xB60C, 0xB60C, 0xAE0C, 0xAE0C, 0xAE0D, 0xAE0D, 0xAE0D, 0xA60D, 0x9E0D, 0x960D, 0x8E0C, 0x862C, 0x7E2D, 0x7E2D, 0x762F, 0x6E10,
    0x6E12, 0x6DF4, 0x6DD5, 0x6DD6, 0x6DB6, 0x65B6, 0x6596, 0x5D96, 0x5D76, 0x5D75, 0x5D75, 0x5575, 0x5555, 0x5555, 0x5555, 0x5555,
    0xB60C, 0xB60C, 0xB60C, 0xAE0C, 0xAE0D, 0xAE0D, 0xAE0D, 0xA60D, 0xA60D, 0x9E0D, 0x8E0D, 0x862D, 0x7E2D, 0x7E2E, 0x762F, 0x6E10,
    0x6E12, 0x6DF4, 0x6DD5, 0x6DD6, 0x6DB6, 0x6DB6, 0x6596, 0x6596, 0x5D96, 0x5D76, 0x5D75, 0x5D75, 0x5D75, 0x5575, 0x5575, 0x5555,
    0xB5EC, 0xB60C, 0xB60C, 0xB60C, 0xAE0C, 0xAE0D, 0xAE0D, 0xA60D, 0xA60D, 0x9E0D, 0x962D, 0x8E2D, 0x862D, 0x7E2E, 0x762F, 0x6E10,
    0x6DF2, 0x6DF4, 0x6DD5, 0x75D6, 0x6DD6, 0x6DB6, 0x65B6, 0x6596, 0x5D96, 0x5D96, 0x5D96, 0x5D76, 0x5D76, 0x5D76, 0x5D75, 0x5575,
    0x50E2, 0x50C2, 0x48A2, 0x4882, 0x4063, 0x4064, 0x3864, 0x3865, 0x3065, 0x3045, 0x2845, 0x2045, 0x2045, 0x1825, 0x1025, 0x1025,
    0x1025, 0x0825, 0x0825, 0x0005, 0x0005, 0x0005, 0x0005, 0x0005, 0x0005, 0x0005, 0x0005, 0x0005, 0x0005, 0x0005, 0x0005, 0x0004,
    0x50E2, 0x50C2, 0x50C2, 0x4882, 0x4063, 0x4064, 0x3864, 0x3864, 0x3045, 0x3045, 0x2845, 0x2045, 0x2045, 0x1845, 0x1825, 0x1025,
    0x1025, 0x0825, 0x0825, 0x0004, 0x0005, 0x0005, 0x0005, 0x0005, 0x0005, 0x0005, 0x0005, 0x0005, 0x0005, 0x0005, 0x0005, 0x0005,
    0x50E2, 0x50E2, 0x50E2, 0x48A2, 0x4883, 0x4064, 0x3864, 0x3864, 0x3045, 0x3045, 0x2845, 0x2845, 0x2045, 0x1845, 0x1825, 0x1025,
    0x1025, 0x0825, 0x0825, 0x0004, 0x0004, 0x0005, 0x0005, 0x0005, 0x0005, 0x0025, 0x0005, 0x0005, 0x0005, 0x0005, 0x0005, 0x0005,
    0x5102, 0x5102, 0x5102, 0x50E2, 0x50C3, 0x48A4, 0x4084, 0x3865, 0x3865, 0x3065, 0x2845, 0x2845, 0x2045, 0x1845, 0x1825, 0x1025,
    0x1025, 0x0825, 0x0824, 0x0004, 0x0004, 0x0004, 0x0004, 0x0005, 0x0005, 0x0005, 0x0005, 0x0005, 0x0005, 0x0005, 0x0005, 0x0005,
    0x5102, 0x5102, 0x5102, 0x5103, 0x5103, 0x50E4, 0x48C4, 0x4085, 0x3885, 0x3866, 0x3066, 0x2846, 0x2045, 0x1845, 0x1825, 0x1025,
    0x0825, 0x0824, 0x0824, 0x0004, 0x0004, 0x0004, 0x0004, 0x0005, 0x0005, 0x0005, 0x0005, 0x0005, 0x0005, 0x0005, 0x0005, 0x0005,
    0x5142, 0x5142, 0x5142, 0x5143, 0x5123, 0x5124, 0x5104, 0x48E5, 0x40C6, 0x40A6, 0x3886, 0x3066, 0x2866, 0x2046, 0x1825, 0x1025,
    0x0825, 0x0824, 0x0004, 0x0004, 0x0004, 0x0004, 0x0004, 0x0004, 0x0004, 0x0005, 0x0005, 0x0005, 0x0005, 0x0005, 0x0005, 0x0025,
    0x5163, 0x5163, 0x5163, 0x5163, 0x5163, 0x5963, 0x5944, 0x5145, 0x5126, 0x48E7, 0x40C7, 0x30A7, 0x2887, 0x2046, 0x1846, 0x1025,
    0x0825, 0x0024, 0x0004, 0x0004, 0x0004, 0x0004, 0x0004, 0x0004, 0x0004, 0x0005, 0x0005, 0x0005, 0x0005, 0x0005, 0x0005, 0x0026,
    0x5983, 0x59A3, 0x59A3, 0x59A3, 0x59A3, 0x5984, 0x5984, 0x5985, 0x5966, 0x5147, 0x4928, 0x4108, 0x30E8, 0x28A8, 0x2087, 0x1046,
    0x0825, 0x0825, 0x0004, 0x0004, 0x0004, 0x0004, 0x0004, 0x0004, 0x0004, 0x0004, 0x0005, 0x0005, 0x0005, 0x0005, 0x0005, 0x0006,
    0x59C3, 0x59C3, 0x59E3, 0x59E3, 0x59E3, 0x59C4, 0x59C4, 0x61C5, 0x61A6, 0x59A8, 0x5189, 0x4969, 0x3949, 0x3109, 0x20C8, 0x1887,
    0x1067, 0x0846, 0x0025, 0x0024, 0x0004, 0x0004, 0x0004, 0x0004, 0x0004, 0x0004, 0x0004, 0x0005, 0x0005, 0x0005, 0x0005, 0x0005,
    0x5A03, 0x5A24, 0x6224, 0x5A24, 0x5A24, 0x5A24, 0x5A24, 0x6205, 0x6206, 0x5A07, 0x51E8, 0x49C9, 0x41AA, 0x398A, 0x294A, 0x2109,
    0x18E8, 0x10A7, 0x0866, 0x0046, 0x0025, 0x0025, 0x0025, 0x0024, 0x0004, 0x0004, 0x0004, 0x0005, 0x0005, 0x0005, 0x0005, 0x0025,
    0x6264, 0x6264, 0x6264, 0x6264, 0x6264, 0x6264, 0x6265, 0x6265, 0x6266, 0x5A47, 0x5A48, 0x5229, 0x4A0A, 0x41EB, 0x31CB, 0x298B,
    0x214A, 0x1109, 0x10E8, 0x08A7, 0x0886, 0x0066, 0x0046, 0x0045, 0x0045, 0x0025, 0x0025, 0x0025, 0x0025, 0x0025, 0x0026, 0x0026,
    0x6AA4, 0x6AC4, 0x6AC4, 0x6AC4, 0x6AC4, 0x62C5, 0x62C5, 0x62A5, 0x62A6, 0x5AA7, 0x5AA8, 0x5289, 0x4A6B, 0x424B, 0x3A2B, 0x320C,
    0x29CB, 0x21AA, 0x1969, 0x1149, 0x1108, 0x08E8, 0x08C7, 0x08A7, 0x08A7, 0x0887, 0x0887, 0x0867, 0x0867, 0x0887, 0x0887, 0x0887,
    0x7325, 0x7325, 0x7325, 0x7325, 0x6B25, 0x6B25, 0x6B25, 0x6B26, 0x6307, 0x6307, 0x5B08, 0x52EA, 0x4ACB, 0x42AB, 0x428C, 0x326C,
    0x2A4C, 0x2A0B, 0x21EB, 0x19CA, 0x198A, 0x1169, 0x1149, 0x1129, 0x1109, 0x08E8, 0x08E8, 0x08C8, 0x08C8, 0x08C8, 0x08C8, 0x08C8,
    0x7B86, 0x7B86, 0x7B86, 0x7B86, 0x7BA6, 0x73A6, 0x73A6, 0x6B86, 0x6B87, 0x6387, 0x5B68, 0x536A, 0x534B, 0x4B0C, 0x42ED, 0x3ACD,
    0x32AD, 0x2A8C, 0x224C, 0x222C, 0x19EB, 0x19CB, 0x19AB, 0x118A, 0x118A, 0x116A, 0x116A, 0x114A, 0x114A, 0x114A, 0x114A, 0x114A,
    0x83E6, 0x7BE6, 0x7BE6, 0x7BE6, 0x7C06, 0x7C06, 0x7C07, 0x7407, 0x73E8, 0x6BE8, 0x63E8, 0x5BCA, 0x53AB, 0x4B8C, 0x434D, 0x3B2D,
    0x330D, 0x32CD, 0x2AAD, 0x228D, 0x224C, 0x222C, 0x1A0C, 0x1A0C, 0x19EC, 0x19CC, 0x19CC, 0x19AB, 0x19AB, 0x19AB, 0x19AB, 0x19AC,
    0x8426, 0x8426, 0x8427, 0x8447, 0x8467, 0x8467, 0x8467, 0x7C68, 0x7468, 0x6C68, 0x6469, 0x5C4A, 0x542B, 0x4C0D, 0x4BCD, 0x438E,
    0x3B6E, 0x3B2E, 0x330E, 0x2ACE, 0x2AAE, 0x228E, 0x228E, 0x226D, 0x224D, 0x1A4D, 0x1A2D, 0x1A0D, 0x1A0D, 0x1A0D, 0x1A0D, 0x1A0D,
    0x8C87, 0x8C87, 0x8C87, 0x8CA7, 0x8CC8, 0x8CC8, 0x84C8, 0x84C8, 0x7CC9, 0x74C9, 0x6CC9, 0x64AA, 0x5C8B, 0x546D, 0x4C2E, 0x43EF,
    0x43CF, 0x3B8F, 0x3B6F, 0x332F, 0x2B0F, 0x2AEF, 0x2ACF, 0x22AF, 0x22AF, 0x228F, 0x228F, 0x226E, 0x226E, 0x226E, 0x224E, 0x224E,
    0x9529, 0x9529, 0x9529, 0x9529, 0x9528, 0x8D28, 0x8D28, 0x8D29, 0x8529, 0x7D2A, 0x752A, 0x6D2B, 0x5D0C, 0x5CCD, 0x54AE, 0x4C6F,
    0x4430, 0x43F0, 0x43D0, 0x3BB0, 0x3370, 0x3350, 0x2B30, 0x2B10, 0x2B10, 0x2AF0, 0x22D0, 0x22D0, 0x22D0, 0x22B0, 0x22B0, 0x22B0,
    0xA58A, 0x9D8A, 0x9D8A, 0x9D6A, 0x9D69, 0x9569, 0x9569, 0x8D69, 0x8D6A, 0x856A, 0x7D6B, 0x6D6B, 0x654C, 0x5D2D, 0x5D0F, 0x54D0,
    0x4C91, 0x4C51, 0x4431, 0x4411, 0x3BD1, 0x33B1, 0x3391, 0x3371, 0x2B51, 0x2B51, 0x2B31, 0x2B11, 0x2B11, 0x2B11, 0x2AF1, 0x2AF1,
    0xA5CB, 0xA5AB, 0xA5AA, 0xA5AA, 0x9DAA, 0x9DAA, 0x95AA, 0x958A, 0x8D8A, 0x858B, 0x7D8B, 0x758B, 0x6D8C, 0x656D, 0x5D4F, 0x5510,
    0x54F1, 0x54B2, 0x4C72, 0x4452, 0x4432, 0x3C12, 0x3BF2, 0x33D2, 0x33B2, 0x3392, 0x3372, 0x2B52, 0x2B52, 0x2B52, 0x2B31, 0x2B31,
    0xADEB, 0xADCB, 0xA5CB, 0xA5CB, 0xA5CB, 0x9DCA, 0x9DCA, 0x95AA, 0x95AA, 0x8DAB, 0x85AB, 0x75CB, 0x6DCC, 0x65AD, 0x658F, 0x5D50,
    0x5D32, 0x54F2, 0x54D3, 0x4CB3, 0x4C73, 0x4453, 0x4433, 0x3C13, 0x3BF3, 0x3BF3, 0x33D3, 0x33B2, 0x3392, 0x3392, 0x3372, 0x2B72,
    0xADEC, 0xADEB, 0xADEB, 0xADEB, 0xA5EB, 0xA5CB, 0x9DCB, 0x9DCA, 0x95CA, 0x8DCB, 0x85CB, 0x7DEB, 0x6DEC, 0x6DCD, 0x65AF, 0x6590,
    0x5D72, 0x5D33, 0x5D13, 0x54D3, 0x4CB4, 0x4C94, 0x4493, 0x4473, 0x4453, 0x3C33, 0x3C13, 0x3BF3, 0x33D3, 0x33D3, 0x33D3, 0x33B3,
    0xAE0C, 0xADEC, 0xADEC, 0xADEC, 0xADEC, 0xA5EB, 0xA5EB, 0x9DEB, 0x95CB, 0x95CB, 0x8DEB, 0x7DEB, 0x760C, 0x6DED, 0x65EE, 0x65B0,
    0x6592, 0x5D73, 0x5D54, 0x5D14, 0x54F4, 0x54D4, 0x4CD4, 0x4CB4, 0x4C94, 0x4494, 0x4474, 0x3C53, 0x3C33, 0x3C33, 0x3C13, 0x3C13,
    0xB60C, 0xB60C, 0xB60C, 0xAE0C, 0xAE0C, 0xAE0C, 0xA5EC, 0xA5EC, 0x9DEB, 0x95EB, 0x8DEC, 0x85EB, 0x7E0C, 0x6E0D, 0x6E0E, 0x65F0,
    0x65B2, 0x6593, 0x6574, 0x5D54, 0x5D35, 0x5D15, 0x5515, 0x54F5, 0x54D4, 0x4CD4, 0x4CB4, 0x4494, 0x4494, 0x4474, 0x4474, 0x4474,
    0xB60C, 0xB60C, 0xB60C, 0xB60C, 0xAE0C, 0xAE0C, 0xAE0D, 0xA5EC, 0x9DEC, 0x95EC, 0x95EC, 0x860C, 0x7E0C, 0x760C, 0x6E0D, 0x6DF0,
    0x65D2, 0x65B3, 0x6594, 0x6575, 0x6555, 0x6555, 0x5D35, 0x5D35, 0x5515, 0x5515, 0x4CF5, 0x4CD4, 0x4CD4, 0x44B4, 0x44B4, 0x44B4,
    0xB60C, 0xB60C, 0xB60C, 0xB60C, 0xB60D, 0xAE0D, 0xAE0D, 0xA60D, 0xA5EC, 0x9DEC, 0x95EC, 0x8E0C, 0x860C, 0x762C, 0x6E2D, 0x6E0F,
    0x6DF1, 0x6DD3, 0x6DB5, 0x6D95, 0x6595, 0x6575, 0x6555, 0x5D55, 0x5D55, 0x5D35, 0x5535, 0x5515, 0x4D15, 0x4CF5, 0x4CF4, 0x4CF4,
    0xB60C, 0xB60C, 0xB60C, 0xB60C, 0xB60D, 0xAE0D, 0xAE0D, 0xAE0D, 0xA60D, 0x9DEC, 0x95EC, 0x8E0C, 0x860C, 0x7E2C, 0x762D, 0x6E0F,
    0x6E11, 0x6DF3, 0x6DD5, 0x6DB5, 0x6D96, 0x6596, 0x6576, 0x6576, 0x5D55, 0x5D55, 0x5D55, 0x5535, 0x5535, 0x5515, 0x4D15, 0x4D15,
    0xB60C, 0xB60C, 0xB60C, 0xB60C, 0xB60D, 0xB60D, 0xAE0D, 0xAE0D, 0xA60D, 0x9E0D, 0x960C, 0x8E0C, 0x8E0C, 0x7E2C, 0x762D, 0x6E0F,
    0x6E11, 0x6DF3, 0x6DD5, 0x6DD5, 0x6DB6, 0x6D96, 0x6596, 0x6596, 0x6576, 0x5D75, 0x5D55, 0x5D55, 0x5555, 0x5535, 0x5535, 0x5535,
    0xB60C, 0xB60C, 0xB60C, 0xB60C, 0xB60D, 0xB60D, 0xB60D, 0xAE0D, 0xA60D, 0xA60D, 0x9E0D, 0x960D, 0x8E0C, 0x862C, 0x762D, 0x762F,
    0x6E11, 0x6DF3, 0x6DF5, 0x6DD6, 0x6DB6, 0x6DB6, 0x6D96, 0x6596, 0x6596, 0x5D76, 0x5D75, 0x5D55, 0x5D55, 0x5555, 0x5555, 0x5555,
    0xB60C, 0xB60C, 0xB60C, 0xB60C, 0xB60D, 0xB60D, 0xB60D, 0xAE0D, 0xA60D, 0xA60D, 0x9E0D, 0x960D, 0x8E0D, 0x862D, 0x7E2D, 0x762F,
    0x6E11, 0x6DF3, 0x6DF5, 0x75D6, 0x6DD6, 0x6DB6, 0x6DB6, 0x6596, 0x6596, 0x6576, 0x5D76, 0x5D76, 0x5D75, 0x5D55, 0x5D55, 0x5555,
    0xB60C, 0xB60C, 0xB60C, 0xB60C, 0xB60D, 0xB60D, 0xB60D, 0xAE0D, 0xAE0D, 0xA60D, 0x9E0D, 0x960D, 0x8E0D, 0x862D, 0x7E2D, 0x762F,
    0x7611, 0x7613, 0x75F5, 0x75F6, 0x75D6, 0x6DB6, 0x6DB6, 0x65B6, 0x6596, 0x6596, 0x6596, 0x5D76, 0x5D76, 0x5D75, 0x5D75, 0x5D75,
    0xB60C, 0xB60C, 0xB60C, 0xB60C, 0xB60D, 0xB60D, 0xB60D, 0xAE0E, 0xAE0E, 0xA60D, 0x9E0D, 0x960D, 0x8E0D, 0x862D, 0x7E2E, 0x762F,
    0x7611, 0x7613, 0x75F5, 0x75F6, 0x75D6, 0x6DD6, 0x6DB6, 0x6DB6, 0x65B6, 0x6596, 0x6596, 0x6596, 0x5D96, 0x5D76, 0x5D75, 0x5D75,
    0x5902, 0x58E2, 0x58A2, 0x5083, 0x4863, 0x4064, 0x4064, 0x3865, 0x3865, 0x3866, 0x3046, 0x2846, 0x2846, 0x2045, 0x2045, 0x1845,
    0x1825, 0x1025, 0x0825, 0x0825, 0x0004, 0x0004, 0x0005, 0x0025, 0x0005, 0x0005, 0x0005, 0x0005, 0x0005, 0x0005, 0x0004, 0x0004,
    0x5902, 0x58E2, 0x58E2, 0x50A3, 0x4883, 0x4864, 0x4064, 0x3865, 0x3865, 0x3865, 0x3066, 0x3046, 0x2846, 0x2046, 0x2045, 0x2045,
    0x1825, 0x1025, 0x1025, 0x0825, 0x0004, 0x0004, 0x0005, 0x0005, 0x0005, 0x0005, 0x0005, 0x0005, 0x0005, 0x0005, 0x0005, 0x0004,
    0x5902, 0x5902, 0x5902, 0x50C3, 0x50A3, 0x4884, 0x4064, 0x4065, 0x3865, 0x3865, 0x3066, 0x3066, 0x2846, 0x2046, 0x2045, 0x2045,
    0x1825, 0x1025, 0x1025, 0x0824, 0x0004, 0x0004, 0x0004, 0x0005, 0x0005, 0x0025, 0x0005, 0x0005, 0x0005, 0x0005, 0x0005, 0x0005,
    0x5922, 0x5902, 0x5902, 0x58E3, 0x58E3, 0x50C4, 0x48A4, 0x4085, 0x4065, 0x3866, 0x3066, 0x3066, 0x2846, 0x2046, 0x2045, 0x1845,
    0x1825, 0x1025, 0x0825, 0x0824, 0x0004, 0x0004, 0x0004, 0x0004, 0x0005, 0x0005, 0x0005, 0x0005, 0x0005, 0x0005, 0x0005, 0x0005,
    0x5922, 0x5922, 0x5922, 0x5923, 0x5903, 0x58E4, 0x50C5, 0x48A5, 0x4086, 0x3866, 0x3866, 0x3066, 0x2846, 0x2045, 0x2045, 0x1825,
    0x1825, 0x1025, 0x0824, 0x0824, 0x0004, 0x0004, 0x0004, 0x0004, 0x0004, 0x0005, 0x0005, 0x0005, 0x0005, 0x0005, 0x0005, 0x0025,
    0x5943, 0x5943, 0x5943, 0x5943, 0x5943, 0x5924, 0x5904, 0x50E5, 0x48C6, 0x40A6, 0x3886, 0x3066, 0x3066, 0x2846, 0x2045, 0x1825,
    0x1025, 0x1025, 0x0824, 0x0004, 0x0004, 0x0004, 0x0004, 0x0004, 0x0004, 0x0004, 0x0005, 0x0005, 0x0005, 0x0005, 0x0005, 0x0025,
    0x5963, 0x5983, 0x6183, 0x5983, 0x5963, 0x6164, 0x6164, 0x5946, 0x5927, 0x48E7, 0x40C7, 0x38A7, 0x3086, 0x2866, 0x2046, 0x1845,
    0x1025, 0x0825, 0x0824, 0x0004, 0x0004, 0x0004, 0x0004, 0x0004, 0x0004, 0x0004, 0x0005, 0x0005, 0x0005, 0x0005, 0x0005, 0x0026,
    0x61A3, 0x61A3, 0x61A3, 0x61A3, 0x61A3, 0x61A4, 0x6184, 0x6185, 0x6166, 0x5947, 0x5128, 0x4908, 0x38C8, 0x30A7, 0x2887, 0x2066,
    0x1046, 0x0825, 0x0825, 0x0004, 0x0004, 0x0004, 0x0004, 0x0004, 0x0004, 0x0004, 0x0004, 0x0005, 0x0005, 0x0005, 0x0005, 0x0005,
    0x61E3, 0x61E3, 0x61E3, 0x61E3, 0x61E3, 0x61E4, 0x61C4, 0x69C5, 0x69A6, 0x61A8, 0x5988, 0x5169, 0x4129, 0x3909, 0x30C8, 0x2088,
    0x1867, 0x1046, 0x0825, 0x0024, 0x0004, 0x0004, 0x0004, 0x0004, 0x0004, 0x0004, 0x0004, 0x0005, 0x0005, 0x0005, 0x0005, 0x0005,
    0x6A24, 0x6A24, 0x6A24, 0x6224, 0x6224, 0x6224, 0x6224, 0x6A05, 0x6A06, 0x6207, 0x61E8, 0x59C9, 0x49AA, 0x416A, 0x394A, 0x290A,
    0x20C9, 0x10A8, 0x0866, 0x0846, 0x0025, 0x0025, 0x0004, 0x0004, 0x0004, 0x0004, 0x0004, 0x0004, 0x0005, 0x0005, 0x0005, 0x0005,
    0x6A64, 0x6A64, 0x6A84, 0x6A64, 0x6A64, 0x6A64, 0x6A65, 0x6A65, 0x6A66, 0x6A47, 0x6248, 0x5A29, 0x520A, 0x49EB, 0x41AB, 0x318B,
    0x294B, 0x1909, 0x10C8, 0x0887, 0x0866, 0x0046, 0x0045, 0x0025, 0x0025, 0x0025, 0x0025, 0x0025, 0x0025, 0x0025, 0x0025, 0x0026,
    0x6AA4, 0x72A4, 0x72C4, 0x6AC4, 0x6AC4, 0x6AC5, 0x6AC5, 0x6AA6, 0x6AA6, 0x6AA7, 0x6AA8, 0x6289, 0x5A6A, 0x524B, 0x422C, 0x3A0C,
    0x31CC, 0x29AB, 0x216A, 0x1949, 0x1109, 0x08E8, 0x08C8, 0x08A7, 0x0887, 0x0887, 0x0887, 0x0866, 0x0866, 0x0867, 0x0867, 0x0867,
    0x7305, 0x7305, 0x7305, 0x7325, 0x7325, 0x7325, 0x7325, 0x7306, 0x6B07, 0x6B07, 0x6B08, 0x62E9, 0x5ACB, 0x52AB, 0x4AAC, 0x428D,
    0x3A4D, 0x322C, 0x2A0C, 0x21CB, 0x19AA, 0x116A, 0x1149, 0x1109, 0x1109, 0x08E9, 0x08E8, 0x08C8, 0x08C8, 0x08C8, 0x08C8, 0x08C8,
    0x8366, 0x8386, 0x8386, 0x8386, 0x8386, 0x7BA6, 0x7BA6, 0x7B87, 0x7387, 0x7387, 0x6B68, 0x636A, 0x5B4B, 0x532C, 0x4B0D, 0x42ED,
    0x3AAD, 0x3A8D, 0x326D, 0x2A2C, 0x220C, 0x19EB, 0x19CB, 0x198B, 0x118B, 0x116A, 0x116A, 0x114A, 0x114A, 0x114A, 0x114A, 0x114A,
    0x8BC6, 0x83C6, 0x83C6, 0x83E6, 0x8C06, 0x8407, 0x8427, 0x8407, 0x7C08, 0x73E8, 0x6BE8, 0x6BCA, 0x63AB, 0x5B8C, 0x536D, 0x4B4E,
    0x430E, 0x3AEE, 0x32CE, 0x2A8D, 0x2A6D, 0x224D, 0x222D, 0x1A0C, 0x19EC, 0x19EC, 0x19CC, 0x19CC, 0x19CC, 0x19AC, 0x19AC, 0x19AC,
    0x8C27, 0x8C27, 0x8427, 0x8C47, 0x8C67, 0x8C67, 0x8C87, 0x8488, 0x8488, 0x7C69, 0x7469, 0x6C4A, 0x642B, 0x5C0C, 0x53ED, 0x4BAE,
    0x436F, 0x434F, 0x3B0F, 0x32EF, 0x2ACF, 0x2AAE, 0x228E, 0x226E, 0x224E, 0x224E, 0x222D, 0x1A2D, 0x1A0D, 0x1A0D, 0x1A0D, 0x1A0D,
    0x8C88, 0x8C88, 0x8C88, 0x94A8, 0x94C8, 0x94C8, 0x94E8, 0x8CE9, 0x8CE9, 0x84EA, 0x7CCA, 0x74CA, 0x6CAB, 0x648D, 0x5C6E, 0x542F,
    0x4BEF, 0x43B0, 0x4390, 0x3B50, 0x3330, 0x3310, 0x2AEF, 0x2ACF, 0x22AF, 0x22AF, 0x228F, 0x226F, 0x226F, 0x226F, 0x226F, 0x224F,
    0x9D29, 0x9D29, 0x9D29, 0x9D29, 0x9D29, 0x9D49, 0x9549, 0x9549, 0x8D4A, 0x8D2A, 0x852B, 0x752B, 0x6D2C, 0x64ED, 0x5CCE, 0x5C8F,
    0x5450, 0x4C31, 0x4BF1, 0x43D1, 0x3B91, 0x3B71, 0x3351, 0x3330, 0x2B10, 0x2AF0, 0x2AF0, 0x22D0, 0x22D0, 0x22B0, 0x22B0, 0x22B0,
    0xA58A, 0xA58A, 0xA58A, 0xA58A, 0xA58A, 0x9D8A, 0x9D8A, 0x9D8A, 0x956A, 0x8D6B, 0x8D6B, 0x7D6B, 0x756C, 0x6D4D, 0x652E, 0x5CF0,
    0x5CB1, 0x5491, 0x5452, 0x4C32, 0x43F2, 0x3BB2, 0x3B91, 0x3391, 0x3371, 0x3351, 0x3331, 0x2B31, 0x2B11, 0x2B11, 0x2AF1, 0x2AF1,
    0xADCB, 0xADCB, 0xADAB, 0xADAB, 0xA5AB, 0xA5AA, 0xA5AA, 0x9DAA, 0x9DAA, 0x95AB, 0x8DAB, 0x85AB, 0x75AC, 0x6D8D, 0x6D6E, 0x6550,
    0x5D11, 0x5CD2, 0x54B2, 0x5493, 0x4C53, 0x4412, 0x43F2, 0x3BD2, 0x3BD2, 0x3BB2, 0x3392, 0x3372, 0x3372, 0x3352, 0x2B52, 0x2B32,
    0xB5EC, 0xB5EC, 0xADEB, 0xADCB, 0xADCB, 0xADCB, 0xA5CB, 0xA5CB, 0x9DCB, 0x95CB, 0x8DCC, 0x85CC, 0x7DCC, 0x75CD, 0x6DAE, 0x6570,
    0x6552, 0x6513, 0x5CF3, 0x5CD3, 0x54B3, 0x4C73, 0x4C53, 0x4433, 0x4413, 0x3BF3, 0x3BF3, 0x3BD3, 0x33B3, 0x33B2, 0x3392, 0x3372,
    0xB5EC, 0xB5EC, 0xB5EC, 0xB5EC, 0xADEC, 0xADEB, 0xADEB, 0xA5EB, 0x9DCB, 0x9DCB, 0x95CC, 0x8DEC, 0x85EC, 0x75ED, 0x6DCE, 0x6DB0,
    0x6D92, 0x6553, 0x6534, 0x5D14, 0x5CF4, 0x54D4, 0x4CB4, 0x4C94, 0x4474, 0x4454, 0x4433, 0x3C13, 0x3BF3, 0x3BF3, 0x3BD3, 0x33D3,
    0xB60C, 0xB60C, 0xB60C, 0xB5EC, 0xB5EC, 0xADEC, 0xADEC, 0xA5EB, 0xA5EB, 0x9DEB, 0x95EC, 0x8DEC, 0x860C, 0x7E0D, 0x75EE, 0x6DF0,
    0x6DB2, 0x6D93, 0x6574, 0x6554, 0x5D35, 0x5D15, 0x54F5, 0x54D4, 0x4CB4, 0x4C94, 0x4474, 0x4454, 0x4454, 0x4433, 0x3C33, 0x3C13,
    0xB60C, 0xB60C, 0xB60C, 0xB60C, 0xB60C, 0xB60C, 0xAE0C, 0xAE0C, 0xA5EB, 0x9DEB, 0x9DEC, 0x95EC, 0x8E0C, 0x7E0D, 0x760E, 0x7610,
    0x6DD1, 0x6DB3, 0x6D94, 0x6D75, 0x6555, 0x6535, 0x5D35, 0x5D15, 0x54F5, 0x54D5, 0x4CD4, 0x4CB4, 0x4C94, 0x4494, 0x4474, 0x4474,
    0xB60C, 0xB60C, 0xB60C, 0xB60C, 0xB60C, 0xB60D, 0xB60D, 0xAE0C, 0xA5EC, 0xA5EC, 0x9DEC, 0x95EC, 0x8E0C, 0x860D, 0x7E2D, 0x760F,
    0x6DF1, 0x6DD3, 0x6DB4, 0x6D95, 0x6D75, 0x6555, 0x6555, 0x5D35, 0x5D35, 0x5515, 0x54F5, 0x54F5, 0x4CD4, 0x4CD4, 0x4CB4, 0x4CB4,
    0xB60D, 0xB60D, 0xB60D, 0xB60D, 0xB60D, 0xB60D, 0xB60D, 0xAE0C, 0xAE0C, 0xA5EC, 0x9DEC, 0x95EC, 0x8E0C, 0x860C, 0x7E2D, 0x762F,
    0x7611, 0x75F3, 0x6DD4, 0x6DB5, 0x6D96, 0x6D76, 0x6576, 0x6556, 0x6555, 0x5D35, 0x5D35, 0x5515, 0x5515, 0x54F5, 0x4CF5, 0x4CF5,
    0xBE0D, 0xBE0D, 0xB60D, 0xB60D, 0xB60D, 0xB60D, 0xB60D, 0xAE0D, 0xAE0D, 0xA5EC, 0x9DEC, 0x9DEC, 0x960C, 0x860C, 0x7E2D, 0x762F,
    0x7611, 0x7613, 0x75F4, 0x75D5, 0x6DB6, 0x6D96, 0x6D96, 0x6576, 0x6576, 0x6556, 0x5D55, 0x5D55, 0x5535, 0x5535, 0x5515, 0x5515,
    0xBE0D, 0xBE0D, 0xBE0D, 0xBE0D, 0xBE0D, 0xB60D, 0xB60D, 0xB60D, 0xAE0D, 0xA60D, 0xA5EC, 0x9DED, 0x960D, 0x8E0C, 0x862D, 0x7E2E,
    0x7631, 0x7613, 0x75F5, 0x75D5, 0x75D6, 0x6DB6, 0x6D96, 0x6D96, 0x6596, 0x6576, 0x6576, 0x5D55, 0x5D55, 0x5D55, 0x5535, 0x5535,
    0xBE0D, 0xBE0D, 0xBE0D, 0xBE0D, 0xBE0D, 0xB60D, 0xB60D, 0xB60D, 0xAE0D, 0xAE0D, 0xA60D, 0x9E0D, 0x960D, 0x8E0C, 0x862D, 0x7E2E,
    0x7630, 0x7613, 0x75F4, 0x75F6, 0x75D6, 0x75B6, 0x6DB6, 0x6DB6, 0x6D96, 0x6596, 0x6576, 0x6576, 0x5D75, 0x5D55, 0x5D55, 0x5D55,
    0xBE0D, 0xBE0D, 0xBE0D, 0xBE0D, 0xBE0D, 0xB60D, 0xB60D, 0xB60D, 0xAE0D, 0xAE0D, 0xA60D, 0xA60D, 0x9E0D, 0x8E0C, 0x862D, 0x7E2E,
    0x7630, 0x7613, 0x7614, 0x75F6, 0x75F6, 0x75D6, 0x6DB6, 0x6DB6, 0x6D96, 0x6596, 0x6596, 0x6596, 0x6576, 0x5D75, 0x5D75, 0x5D56,
    0xBE0D, 0xBE0D, 0xBE0D, 0xBE0D, 0xBE0D, 0xB60D, 0xB60D, 0xB60D, 0xB60E, 0xAE0D, 0xAE0D, 0xA60D, 0x9E0D, 0x8E0D, 0x862D, 0x7E2E,
    0x7E30, 0x7612, 0x7614, 0x75F6, 0x75F6, 0x75D6, 0x75D6, 0x6DB6, 0x6DB6, 0x6D96, 0x6596, 0x6596, 0x6596, 0x6576, 0x5D76, 0x5D76,
    0xBE0D, 0xBE0D, 0xBE0D, 0xBE0D, 0xBE0D, 0xB60D, 0xB60D, 0xB60E, 0xB60E, 0xAE0E, 0xAE0D, 0xA60D, 0x9E0D, 0x960D, 0x862D, 0x7E2E,
    0x7E30, 0x7612, 0x7614, 0x7616, 0x75F6, 0x75D6, 0x75D6, 0x6DB6, 0x6DB6, 0x6DB6, 0x6DB6, 0x6596, 0x6596, 0x6596, 0x6596, 0x5D76,
    0x6102, 0x60E2, 0x60C2, 0x58A3, 0x5084, 0x4884, 0x4065, 0x4065, 0x4066, 0x3866, 0x3866, 0x3866, 0x3066, 0x2846, 0x2846, 0x2846,
    0x2046, 0x2045, 0x1825, 0x0825, 0x0004, 0x0004, 0x0004, 0x0005, 0x0005, 0x0005, 0x0005, 0x0005, 0x0005, 0x0005, 0x0004, 0x0004,
    0x6122, 0x6102, 0x60E2, 0x58C3, 0x58A4, 0x5084, 0x4865, 0x4065, 0x4066, 0x3866, 0x3866, 0x3866, 0x3066, 0x3046, 0x2846, 0x2846,
    0x2846, 0x2045, 0x1825, 0x0825, 0x0004, 0x0004, 0x0004, 0x0004, 0x0005, 0x0005, 0x0005, 0x0005, 0x0005, 0x0005, 0x0005, 0x0004,
    0x6123, 0x6122, 0x6102, 0x60E3, 0x58A4, 0x5084, 0x4885, 0x4065, 0x4066, 0x4066, 0x3866, 0x3866, 0x3066, 0x3066, 0x2846, 0x2846,
    0x2846, 0x2045, 0x1825, 0x0825, 0x0804, 0x0004, 0x0004, 0x0004, 0x0005, 0x0005, 0x0005, 0x0005, 0x0005, 0x0005, 0x0005, 0x0004,
    0x6123, 0x6123, 0x6123, 0x6103, 0x60E4, 0x58C4, 0x50A5, 0x4885, 0x4066, 0x4066, 0x3866, 0x3866, 0x3066, 0x3046, 0x2846, 0x2846,
    0x2045, 0x2045, 0x1825, 0x0824, 0x0004, 0x0004, 0x0004, 0x0004, 0x0004, 0x0005, 0x0005, 0x0005, 0x0005, 0x0005, 0x0005, 0x0005,
    0x6143, 0x6143, 0x6143, 0x6143, 0x6924, 0x6104, 0x58E5, 0x50A5, 0x4886, 0x4086, 0x3866, 0x3866, 0x3066, 0x2846, 0x2846, 0x2045,
    0x2045, 0x2045, 0x1825, 0x0824, 0x0004, 0x0004, 0x0004, 0x0004, 0x0004, 0x0004, 0x0005, 0x0005, 0x0005, 0x0025, 0x0005, 0x0005,
    0x6163, 0x6163, 0x6163, 0x6163, 0x6163, 0x6144, 0x6125, 0x5906, 0x50E6, 0x48A6, 0x4086, 0x3866, 0x3066, 0x3046, 0x2846, 0x2045,
    0x2045, 0x1825, 0x1024, 0x0824, 0x0004, 0x0004, 0x0004, 0x0004, 0x0004, 0x0004, 0x0005, 0x0005, 0x0005, 0x0025, 0x0005, 0x0005,
    0x6183, 0x6983, 0x6983, 0x6983, 0x6183, 0x6984, 0x6965, 0x6146, 0x5927, 0x50E7, 0x48A7, 0x4087, 0x3866, 0x3066, 0x2846, 0x2046,
    0x1845, 0x1025, 0x1024, 0x0824, 0x0004, 0x0003, 0x0003, 0x0004, 0x0004, 0x0004, 0x0004, 0x0005, 0x0005, 0x0005, 0x0025, 0x0026,
    0x69C3, 0x69C3, 0x69C3, 0x69C3, 0x69C3, 0x69A4, 0x69A4, 0x6985, 0x6966, 0x6147, 0x5128, 0x48E8, 0x40C8, 0x38A7, 0x3087, 0x2866,
    0x2046, 0x1825, 0x1025, 0x0824, 0x0004, 0x0004, 0x0004, 0x0004, 0x0004, 0x0004, 0x0004, 0x0005, 0x0005, 0x0005, 0x0005, 0x0005,
    0x6A04, 0x6A04, 0x6A04, 0x6A04, 0x6A04, 0x69E4, 0x69E4, 0x71C5, 0x71C6, 0x69A7, 0x6188, 0x5949, 0x4929, 0x40E8, 0x38C8, 0x2887,
    0x2067, 0x1846, 0x1025, 0x0825, 0x0004, 0x0004, 0x0004, 0x0004, 0x0004, 0x0004, 0x0004, 0x0004, 0x0005, 0x0005, 0x0005, 0x0005,
    0x7224, 0x7244, 0x7244, 0x7244, 0x6A44, 0x6A24, 0x6A24, 0x7225, 0x7206, 0x7207, 0x69E8, 0x61C9, 0x5989, 0x496A, 0x414A, 0x3909,
    0x28C9, 0x20A8, 0x1867, 0x0846, 0x0025, 0x0025, 0x0004, 0x0004, 0x0004, 0x0004, 0x0004, 0x0004, 0x0004, 0x0005, 0x0005, 0x0005,
    0x7264, 0x7284, 0x7284, 0x7284, 0x7284, 0x7284, 0x7284, 0x7265, 0x7266, 0x7247, 0x7248, 0x6A29, 0x620A, 0x59EB, 0x49AB, 0x418B,
    0x314A, 0x2909, 0x18C8, 0x1087, 0x0867, 0x0846, 0x0046, 0x0025, 0x0025, 0x0025, 0x0025, 0x0025, 0x0025, 0x0025, 0x0025, 0x0025,
    0x7AA5, 0x7AC5, 0x7AC5, 0x7AC5, 0x72C5, 0x72C5, 0x72C5, 0x72C6, 0x72A6, 0x72A7, 0x7288, 0x6A89, 0x626A, 0x5A4B, 0x522B, 0x4A0C,
    0x39CC, 0x318B, 0x296B, 0x192A, 0x10E9, 0x10C8, 0x08A7, 0x0887, 0x0866, 0x0066, 0x0046, 0x0046, 0x0046, 0x0046, 0x0046, 0x0046,
    0x7B05, 0x7B05, 0x7B05, 0x7B05, 0x7B05, 0x7B25, 0x7B25, 0x7B06, 0x7307, 0x7307, 0x72E8, 0x6AE9, 0x6ACA, 0x62CB, 0x5AAC, 0x528D,
    0x424D, 0x3A2D, 0x31EC, 0x29CC, 0x218B, 0x194A, 0x1129, 0x10E9, 0x08C8, 0x08C8, 0x08A8, 0x08A8, 0x0888, 0x0887, 0x0887, 0x0888,
    0x8346, 0x8366, 0x8366, 0x8366, 0x8386, 0x8386, 0x8386, 0x7B86, 0x7B67, 0x7B67, 0x7368, 0x7349, 0x6B4B, 0x632C, 0x5B0D, 0x52ED,
    0x4AAD, 0x428E, 0x3A6E, 0x324D, 0x2A0D, 0x21EC, 0x21CC, 0x198B, 0x198B, 0x196B, 0x116B, 0x114B, 0x114A, 0x112A, 0x112A, 0x112A,
    0x8BC6, 0x8BC6, 0x8BC6, 0x8BC6, 0x8BE6, 0x8BE7, 0x8C07, 0x8407, 0x83E8, 0x7BE8, 0x7BE9, 0x73CA, 0x73CB, 0x6B8C, 0x636D, 0x5B4E,
    0x532E, 0x4B0F, 0x42CF, 0x3AAF, 0x328E, 0x326E, 0x2A4E, 0x222D, 0x220D, 0x220D, 0x19ED, 0x19ED, 0x19CD, 0x19CD, 0x19CD, 0x19CD,
    0x9447, 0x9447, 0x9427, 0x9447, 0x9467, 0x9467, 0x9488, 0x9488, 0x8C89, 0x8C89, 0x846A, 0x7C6A, 0x744B, 0x6C2C, 0x63ED, 0x5BCE,
    0x538F, 0x4B6F, 0x4330, 0x4310, 0x3AF0, 0x32CF, 0x32AF, 0x2A6F, 0x2A6F, 0x224E, 0x224E, 0x222E, 0x222E, 0x1A2E, 0x1A0E, 0x1A0E,
    0x9CA8, 0x9CA8, 0x94A8, 0x9CA8, 0x9CC8, 0x9CE8, 0x9CE9, 0x9D09, 0x950A, 0x94EA, 0x8CEA, 0x84CB, 0x7CAB, 0x748D, 0x6C6E, 0x642F,
    0x5BF0, 0x53D0, 0x4B91, 0x4371, 0x4351, 0x3B31, 0x32F0, 0x32D0, 0x2AD0, 0x2AB0, 0x2AB0, 0x228F, 0x228F, 0x226F, 0x226F, 0x226F,
    0xA529, 0x9D09, 0x9D09, 0x9D09, 0x9D29, 0x9D29, 0xA549, 0x9D4A, 0x9D4A, 0x954B, 0x8D2B, 0x852B, 0x7D2C, 0x750D, 0x6CCE, 0x64AF,
    0x5C70, 0x5451, 0x5411, 0x4BD2, 0x43B2, 0x4371, 0x3B51, 0x3B31, 0x3331, 0x3311, 0x32F1, 0x2AD0, 0x2AD0, 0x2AD0, 0x2AB0, 0x22B0,
    0xAD6A, 0xA56A, 0xA56A, 0xA56A, 0xA56A, 0xA58A, 0xA58A, 0xA58A, 0x9D8B, 0x9D8B, 0x956B, 0x8D6C, 0x856C, 0x7D4D, 0x752E, 0x6D10,
    0x64D1, 0x5CB2, 0x5C72, 0x5453, 0x4C13, 0x4BF2, 0x43B2, 0x4392, 0x3B92, 0x3B72, 0x3B52, 0x3331, 0x3331, 0x3311, 0x2B11, 0x2AF1,
    0xB5CC, 0xB5CB, 0xADCB, 0xADAB, 0xADAB, 0xADCB, 0xADCB, 0xA5AB, 0xA5AB, 0x9DAB, 0x9DAC, 0x95AC, 0x8DAC, 0x7D8D, 0x756E, 0x6D50,
    0x6D31, 0x64F2, 0x5CD3, 0x5C93, 0x5473, 0x5453, 0x4C13, 0x4C13, 0x43F3, 0x43D3, 0x43B3, 0x3B92, 0x3B92, 0x3372, 0x3352, 0x3332,
    0xB5EC, 0xB5EC, 0xB5EC, 0xB5EC, 0xB5EC, 0xADEC, 0xADEB, 0xADCB, 0xA5CB, 0xA5CC, 0x9DCC, 0x95CC, 0x8DCD, 0x85CD, 0x7DAE, 0x7590,
    0x6D71, 0x6D33, 0x6513, 0x64F4, 0x5CD4, 0x5494, 0x5474, 0x5454, 0x4C54, 0x4C34, 0x4413, 0x43F3, 0x43D3, 0x3BD3, 0x3BB3, 0x3393,
    0xBE0C, 0xB60C, 0xB60C, 0xB5EC, 0xB5EC, 0xB5EC, 0xADEC, 0xADEB, 0xA5EB, 0xA5CC, 0x9DCC, 0x95EC, 0x95ED, 0x85ED, 0x7DCE, 0x7DD0,
    0x7591, 0x6D73, 0x6D54, 0x6534, 0x6515, 0x5CF5, 0x5CD5, 0x54B4, 0x5494, 0x5474, 0x4C54, 0x4C34, 0x4434, 0x4413, 0x43F3, 0x3BF3,
    0xBE0D, 0xBE0D, 0xB60C, 0xB60C, 0xB60C, 0xB60C, 0xB60C, 0xADEC, 0xADEB, 0xA5EC, 0xA5EC, 0x9DEC, 0x95ED, 0x8E0D, 0x85EE, 0x7DF0,
    0x75D2, 0x75B3, 0x6D94, 0x6D75, 0x6555, 0x6535, 0x6515, 0x5CF5, 0x5CD5, 0x54B4, 0x54B4, 0x4C94, 0x4C74, 0x4C54, 0x4454, 0x4434,
    0xBE0D, 0xBE0D, 0xBE0D, 0xBE0D, 0xB60D, 0xB60D, 0xB60C, 0xAE0C, 0xADEC, 0xA5EC, 0xA5EC, 0x9DED, 0x960D, 0x8E0D, 0x860E, 0x7E10,
    0x7DF1, 0x75D3, 0x75B4, 0x6D95, 0x6D75, 0x6D56, 0x6555, 0x6535, 0x5D15, 0x5CF5, 0x5CF5, 0x54D5, 0x54B4, 0x4CB4, 0x4C94, 0x4C94,
    0xBE0D, 0xBE0D, 0xBE0D, 0xBE0D, 0xBE0D, 0xB60D, 0xB60D, 0xB60C, 0xAE0C, 0xADEC, 0xA5EC, 0xA5ED, 0x9E0D, 0x8E0D, 0x8E2E, 0x8610,
    0x7E11, 0x7DF3, 0x75D4, 0x75B5, 0x6D96, 0x6D76, 0x6D76, 0x6556, 0x6556, 0x6535, 0x5D15, 0x5D15, 0x54F5, 0x54D5, 0x54D5, 0x4CD4,
    0xBE0D, 0xBE0D, 0xBE0D, 0xBE0D, 0xBE0D, 0xB60D, 0xB60D, 0xB60C, 0xAE0C, 0xADEC, 0xA5EC, 0xA5EC, 0x9E0D, 0x960D, 0x8E2E, 0x8630,
    0x8611, 0x7E13, 0x75F4, 0x75D5, 0x75B6, 0x6D96, 0x6D96, 0x6D76, 0x6D76, 0x6556, 0x6556, 0x6535, 0x5D35, 0x5D15, 0x5515, 0x54F5,
    0xBE0D, 0xBE0D, 0xBE0D, 0xBE0D, 0xBE0D, 0xBE0D, 0xB60D, 0xB60D, 0xB60C, 0xAE0C, 0xADEC, 0xA60C, 0x9E0D, 0x960D, 0x8E2D, 0x862F,
    0x8611, 0x7E13, 0x7DF4, 0x75F5, 0x75D6, 0x75B6, 0x6D96, 0x6D96, 0x6D76, 0x6D76, 0x6556, 0x6556, 0x6555, 0x5D35, 0x5D35, 0x5D15,
    0xBE0D, 0xBE0D, 0xBE0D, 0xBE0D, 0xBE0D, 0xBE0D, 0xB60D, 0xB60D, 0xB60D, 0xAE0C, 0xAE0C, 0xA60D, 0xA60D, 0x960D, 0x8E2D, 0x8E2F,
    0x8631, 0x7E13, 0x7E14, 0x7DF6, 0x75F6, 0x75D6, 0x75B6, 0x6D96, 0x6D96, 0x6D96, 0x6D76, 0x6D76, 0x6556, 0x6555, 0x5D55, 0x5D55,
    0xBE0D, 0xBE0D, 0xBE0D, 0xBE0D, 0xBE0D, 0xBE0D, 0xBE0D, 0xB60D, 0xB60D, 0xB60D, 0xAE0C, 0xA60D, 0xA60D, 0x9E0D, 0x962D, 0x8E2F,
    0x8630, 0x8612, 0x7E14, 0x7E16, 0x7DF6, 0x75D6, 0x75D6, 0x6DB6, 0x6DB6, 0x6D96, 0x6D96, 0x6D96, 0x6576, 0x6576, 0x6556, 0x6556,
    0xBE0D, 0xBE0D, 0xBE0D, 0xBE0D, 0xBE0D, 0xBE0D, 0xBE0D, 0xB60D, 0xB60D, 0xB60D, 0xAE0D, 0xAE0D, 0xA60D, 0x9E0D, 0x962D, 0x8E2E,
    0x8630, 0x7E12, 0x7E14, 0x7E16, 0x7DF6, 0x75F6, 0x75D6, 0x75D6, 0x6DB6, 0x6DB6, 0x6D96, 0x6D96, 0x6D96, 0x6576, 0x6576, 0x6576,
    0xBE0D, 0xBE0D, 0xBE0D, 0xBE0D, 0xBE0D, 0xBE0D, 0xBE0D, 0xB60D, 0xB60D, 0xB60D, 0xAE0D, 0xAE0D, 0xA60D, 0x9E0D, 0x962D, 0x8E2E,
    0x8630, 0x8632, 0x7E14, 0x7E15, 0x7E16, 0x75F6, 0x75D7, 0x75D6, 0x75B6, 0x6DB6, 0x6DB6, 0x6D96, 0x6D96, 0x6D96, 0x6D96, 0x6576,
    0xBE0D, 0xBE0D, 0xBE0D, 0xBE0D, 0xBE0D, 0xBE0D, 0xBE0D, 0xBE0E, 0xB60E, 0xB60D, 0xB60D, 0xAE0D, 0xA60D, 0x9E0D, 0x962E, 0x8E2E,
    0x8630, 0x8632, 0x7E14, 0x7E15, 0x7E16, 0x7DF6, 0x75F7, 0x75D7, 0x75D7, 0x75D6, 0x6DB6, 0x6DB6, 0x6DB6, 0x6DB6, 0x6D96, 0x6D96,
    0x6122, 0x6903, 0x68E3, 0x60C3, 0x58A4, 0x5084, 0x4885, 0x4885, 0x4866, 0x4066, 0x4067, 0x4067, 0x3867, 0x3866, 0x3066, 0x3066,
    0x3066, 0x2846, 0x2046, 0x1025, 0x0825, 0x0004, 0x0004, 0x0004, 0x0004, 0x0005, 0x0005, 0x0005, 0x0005, 0x0005, 0x0004, 0x0004,
    0x6923, 0x6923, 0x6903, 0x68E3, 0x60A4, 0x58A4, 0x5085, 0x4886, 0x4866, 0x4066, 0x4067, 0x4067, 0x3867, 0x3867, 0x3066, 0x3066,
    0x3066, 0x3046, 0x2046, 0x1025, 0x0825, 0x0004, 0x0004, 0x0004, 0x0004, 0x0005, 0x0005, 0x0005, 0x0005, 0x0005, 0x0005, 0x0004,
    0x6943, 0x6923, 0x6923, 0x68E3, 0x68C4, 0x58A4, 0x5085, 0x5086, 0x4886, 0x4066, 0x4067, 0x4067, 0x3867, 0x3867, 0x3066, 0x3066,
    0x3066, 0x3066, 0x2045, 0x1825, 0x0824, 0x0004, 0x0004, 0x0004, 0x0004, 0x0005, 0x0005, 0x0005, 0x0005, 0x0005, 0x0005, 0x0004,
    0x6943, 0x6943, 0x6943, 0x6923, 0x6904, 0x60E4, 0x58C5, 0x50A6, 0x4886, 0x4866, 0x4066, 0x4067, 0x3867, 0x3866, 0x3066, 0x3066,
    0x3046, 0x2846, 0x2045, 0x1025, 0x0824, 0x0004, 0x0004, 0x0004, 0x0004, 0x0004, 0x0005, 0x0005, 0x0005, 0x0005, 0x0005, 0x0005,
    0x6943, 0x6943, 0x6943, 0x6943, 0x7144, 0x6925, 0x60E5, 0x58C6, 0x5086, 0x4886, 0x4066, 0x4066, 0x3866, 0x3066, 0x3066, 0x3046,
    0x2846, 0x2846, 0x2045, 0x1024, 0x0824, 0x0004, 0x0004, 0x0004, 0x0004, 0x0004, 0x0005, 0x0005, 0x0005, 0x0025, 0x0005, 0x0005,
    0x6963, 0x6983, 0x6983, 0x6963, 0x6963, 0x6944, 0x6945, 0x6106, 0x58E7, 0x50A7, 0x4887, 0x4066, 0x3866, 0x3066, 0x3046, 0x2846,
    0x2845, 0x2045, 0x1825, 0x1024, 0x0824, 0x0004, 0x0004, 0x0004, 0x0004, 0x0004, 0x0004, 0x0005, 0x0005, 0x0025, 0x0005, 0x0005,
    0x69A3, 0x71A3, 0x71A3, 0x69A3, 0x6983, 0x7184, 0x7185, 0x6966, 0x6127, 0x58E7, 0x48A7, 0x4087, 0x3866, 0x3866, 0x3066, 0x2846,
    0x2045, 0x2045, 0x1825, 0x1024, 0x0824, 0x0003, 0x0003, 0x0003, 0x0004, 0x0004, 0x0004, 0x0005, 0x0005, 0x0025, 0x0025, 0x0025,
    0x71C4, 0x71E4, 0x71E4, 0x71E4, 0x71C4, 0x71C4, 0x71C5, 0x71A6, 0x7167, 0x6947, 0x5928, 0x50E8, 0x40C7, 0x40A7, 0x3887, 0x3066,
    0x2846, 0x2045, 0x1825, 0x0824, 0x0824, 0x0004, 0x0003, 0x0003, 0x0004, 0x0004, 0x0004, 0x0004, 0x0005, 0x0005, 0x0005, 0x0005,
    0x7204, 0x7204, 0x7224, 0x7204, 0x7204, 0x7204, 0x71E4, 0x79E5, 0x79C6, 0x71A7, 0x6988, 0x5948, 0x5108, 0x48E8, 0x40A8, 0x3087,
    0x2867, 0x2046, 0x1845, 0x1025, 0x0824, 0x0004, 0x0004, 0x0004, 0x0004, 0x0004, 0x0004, 0x0004, 0x0004, 0x0005, 0x0005, 0x0005,
    0x7A44, 0x7A44, 0x7A44, 0x7A44, 0x7A44, 0x7244, 0x7244, 0x7A25, 0x7A06, 0x7A07, 0x71E8, 0x69A9, 0x6189, 0x5169, 0x4929, 0x4109,
    0x38C8, 0x28A8, 0x2067, 0x1046, 0x0825, 0x0025, 0x0004, 0x0004, 0x0004, 0x0004, 0x0004, 0x0004, 0x0004, 0x0005, 0x0005, 0x0005,
    0x7A84, 0x7A84, 0x7A84, 0x7A84, 0x7A84, 0x7A84, 0x7A85, 0x7A65, 0x7A66, 0x7A47, 0x7A28, 0x7209, 0x69EA, 0x61CA, 0x59AA, 0x498A,
    0x414A, 0x3109, 0x28C9, 0x1888, 0x1067, 0x0846, 0x0026, 0x0025, 0x0025, 0x0025, 0x0024, 0x0024, 0x0004, 0x0005, 0x0005, 0x0005,
    0x82C5, 0x82C5, 0x82C5, 0x82C5, 0x7AC5, 0x7AC5, 0x7AC5, 0x7AC6, 0x7AA6, 0x7AA7, 0x7A88, 0x7289, 0x6A6A, 0x6A4B, 0x5A2B, 0x520B,
    0x49CB, 0x398B, 0x314B, 0x212A, 0x18E9, 0x10A8, 0x0887, 0x0867, 0x0046, 0x0046, 0x0026, 0x0025, 0x0025, 0x0025, 0x0025, 0x0025,
    0x8305, 0x8305, 0x8325, 0x8325, 0x8325, 0x8325, 0x8305, 0x8306, 0x7B07, 0x7B07, 0x7AE8, 0x7AE9, 0x72CA, 0x6AAB, 0x62AC, 0x5A6C,
    0x524D, 0x420D, 0x39ED, 0x31AC, 0x216B, 0x194A, 0x190A, 0x10C9, 0x08A8, 0x08A8, 0x0888, 0x0887, 0x0867, 0x0867, 0x0867, 0x0067,
    0x8B46, 0x8B66, 0x8B66, 0x8B66, 0x8B66, 0x8B66, 0x8366, 0x8366, 0x8367, 0x8368, 0x8348, 0x7B49, 0x7B4A, 0x732C, 0x6B0C, 0x62ED,
    0x5AAD, 0x4A8E, 0x426E, 0x3A4E, 0x320D, 0x29ED, 0x21CD, 0x218C, 0x196B, 0x196B, 0x114B, 0x114B, 0x112A, 0x110A, 0x110A, 0x110A,
    0x93C6, 0x93C6, 0x93C6, 0x93C6, 0x93C7, 0x8BE7, 0x8BE7, 0x8BE7, 0x8BE8, 0x8BE8, 0x83C9, 0x83CA, 0x7BAA, 0x738C, 0x6B6D, 0x634D,
    0x5B2E, 0x530F, 0x4AEF, 0x42AF, 0x3A8F, 0x3A6F, 0x324F, 0x2A2E, 0x2A0E, 0x220E, 0x21ED, 0x19CD, 0x19CD, 0x19AD, 0x19AD, 0x19AD,
    0x9C48, 0x9C47, 0x9447, 0x9C47, 0x9C47, 0x9C68, 0x9C68, 0x9C88, 0x9489, 0x9469, 0x8C6A, 0x8C4A, 0x844B, 0x7C0C, 0x73ED, 0x6BCE,
    0x638F, 0x5B70, 0x5350, 0x4B31, 0x42F1, 0x42D0, 0x3AB0, 0x3290, 0x3270, 0x2A6F, 0x2A4F, 0x224F, 0x222F, 0x222F, 0x222F, 0x220F,
    0xA4C9, 0xA4C8, 0x9CA8, 0x9CA8, 0xA4C8, 0xA4E9, 0xA4E9, 0xA509, 0x9D0A, 0x9CEA, 0x94EB, 0x8CCB, 0x84AB, 0x7C8D, 0x746E, 0x6C4F,
    0x6410, 0x5BD0, 0x53B1, 0x5391, 0x4B72, 0x4331, 0x4311, 0x3AF1, 0x3AD1, 0x32D1, 0x32B1, 0x2AB0, 0x2A90, 0x2A90, 0x2A90, 0x2A70,
    0xA529, 0xA529, 0xA529, 0xA529, 0xA529, 0xA54A, 0xA54A, 0xA54A, 0xA54A, 0xA54B, 0x9D4B, 0x952B, 0x8D2C, 0x850D, 0x7CEE, 0x74AF,
    0x6C90, 0x6451, 0x5C32, 0x53F2, 0x53D2, 0x4B92, 0x4B72, 0x4352, 0x4332, 0x3B32, 0x3B12, 0x32F1, 0x32F1, 0x32D1, 0x2AD1, 0x2AB1,
    0xAD6B, 0xAD6B, 0xAD6A, 0xAD6A, 0xAD6A, 0xAD8B, 0xAD8B, 0xAD8B, 0xAD8B, 0xA58B, 0x9D8C, 0x9D6C, 0x956C, 0x8D4D, 0x854E, 0x7D10,
    0x74F1, 0x6CB2, 0x6492, 0x5C53, 0x5C33, 0x53F3, 0x4BD3, 0x4BB3, 0x43B3, 0x4393, 0x4373, 0x3B52, 0x3B32, 0x3B32, 0x3312, 0x3312,
    0xB5CC, 0xB5CC, 0xB5CC, 0xB5CC, 0xB5CC, 0xB5CB, 0xADCB, 0xADCB, 0xADAB, 0xA5AC, 0xA5AC, 0x9DAC, 0x95AD, 0x8D8D, 0x856E, 0x7D50,
    0x7531, 0x6D12, 0x6CF3, 0x64B3, 0x5C94, 0x5C54, 0x5434, 0x5434, 0x5414, 0x4BF4, 0x4BD3, 0x43B3, 0x4393, 0x3B93, 0x3B73, 0x3B52,
    0xBDEC, 0xBDEC, 0xBDEC, 0xB5EC, 0xB5EC, 0xB5EC, 0xB5EC, 0xADCC, 0xADCB, 0xADCC, 0xA5CC, 0xA5CD, 0x9DCD, 0x95CD, 0x8DAE, 0x8590,
    0x7D71, 0x7553, 0x6D33, 0x6D14, 0x64D4, 0x64B4, 0x5C94, 0x5C74, 0x5474, 0x5454, 0x5434, 0x4C14, 0x4BF4, 0x43D4, 0x43D3, 0x43B3,
    0xBE0D, 0xBE0D, 0xBE0D, 0xBE0D, 0xBE0C, 0xB60C, 0xB5EC, 0xB5EC, 0xADEC, 0xADEC, 0xA5EC, 0xA5ED, 0x9DED, 0x95ED, 0x8DCE, 0x8DD0,
    0x85B1, 0x7D93, 0x7574, 0x6D55, 0x6D35, 0x6515, 0x64F5, 0x64D5, 0x5CB5, 0x5C95, 0x5475, 0x5474, 0x4C54, 0x4C34, 0x4C34, 0x4414,
    0xBE0D, 0xBE0D, 0xBE0D, 0xBE0D, 0xBE0D, 0xBE0D, 0xB60C, 0xB60C, 0xB5EC, 0xADEC, 0xADEC, 0xA5ED, 0xA5ED, 0x9E0E, 0x95EE, 0x8DF0,
    0x85D1, 0x7DB3, 0x7D94, 0x7595, 0x6D75, 0x6D55, 0x6D35, 0x6515, 0x64F5, 0x64D5, 0x5CD5, 0x5CB5, 0x5495, 0x5475, 0x4C74, 0x4C54,
    0xBE0D, 0xBE0D, 0xBE0D, 0xBE0D, 0xBE0D, 0xBE0D, 0xB60D, 0xB60C, 0xB60C, 0xADEC, 0xADEC, 0xADED, 0xA60E, 0x9E0E, 0x960E, 0x8E10,
    0x8DF2, 0x85F3, 0x7DD4, 0x7DB5, 0x7596, 0x6D76, 0x6D56, 0x6D56, 0x6D36, 0x6515, 0x6515, 0x5CF5, 0x5CD5, 0x5CD5, 0x54B5, 0x5494,
    0xBE0D, 0xBE0D, 0xBE0D, 0xBE0D, 0xBE0D, 0xBE0D, 0xBE0D, 0xB60C, 0xB60C, 0xB5EC, 0xADEC, 0xAE0D, 0xA60D, 0x9E0E, 0x962E, 0x9610,
    0x8E12, 0x85F3, 0x85F4, 0x7DD5, 0x75B6, 0x7596, 0x6D96, 0x6D76, 0x6D56, 0x6D56, 0x6536, 0x6535, 0x6515, 0x5CF5, 0x5CF5, 0x54D5,
    0xBE0D, 0xBE0D, 0xBE0D, 0xBE0D, 0xBE0D, 0xBE0D, 0xBE0D, 0xB60D, 0xB60C, 0xB60C, 0xADEC, 0xAE0D, 0xA60D, 0x9E0D, 0x9E2E, 0x9630,
    0x8E11, 0x8613, 0x85F4, 0x7DF5, 0x7DD6, 0x75B6, 0x75B6, 0x7596, 0x6D76, 0x6D76, 0x6D56, 0x6D56, 0x6536, 0x6536, 0x6535, 0x5D15,
    0xBE0D, 0xBE0D, 0xBE0D, 0xBE0D, 0xBE0D, 0xBE0D, 0xBE0D, 0xBE0D, 0xB60C, 0xB60C, 0xAE0C, 0xAE0D, 0xA60D, 0xA60D, 0x9E2E, 0x9630,
    0x8E31, 0x8E13, 0x8614, 0x85F5, 0x7DF6, 0x7DD6, 0x75B6, 0x75B6, 0x7596, 0x6D96, 0x6D76, 0x6D76, 0x6D56, 0x6556, 0x6556, 0x6536,
    0xBE0D, 0xBE0D, 0xBE0D, 0xBE0D, 0xBE0D, 0xBE0D, 0xBE0D, 0xBE0D, 0xB60D, 0xB60C, 0xB60C, 0xAE0D, 0xAE0D, 0xA60D, 0x9E2E, 0x962F,
    0x8E31, 0x8E33, 0x8E14, 0x8616, 0x7DF6, 0x7DF6, 0x75D7, 0x75B6, 0x75B6, 0x7596, 0x7596, 0x6D96, 0x6D76, 0x6D76, 0x6556, 0x6556,
    0xBE0D, 0xBE0D, 0xBE0D, 0xBE0D, 0xBE0D, 0xBE0D, 0xBE0D, 0xBE0D, 0xB60D, 0xB60D, 0xB60C, 0xAE0D, 0xAE0D, 0xA60D, 0x9E2E, 0x962F,
    0x9631, 0x8E33, 0x8E14, 0x8616, 0x8616, 0x7DF7, 0x7DD7, 0x75D7, 0x75B7, 0x75B6, 0x75B6, 0x6D96, 0x6D96, 0x6D76, 0x6D76, 0x6D76,
    0xBE0D, 0xBE0D, 0xBE0D, 0xBE0D, 0xBE0D, 0xBE0D, 0xBE0D, 0xBE0D, 0xBE0D, 0xB60D, 0xB60D, 0xAE0D, 0xAE0D, 0xA60D, 0xA62E, 0x962F,
    0x9630, 0x8E32, 0x8E14, 0x8616, 0x8616, 0x7DF7, 0x7DF7, 0x75D7, 0x75D7, 0x75B7, 0x75B6, 0x75B6, 0x6D96, 0x6D96, 0x6D96, 0x6D96,
    0xBE0D, 0xBE0D, 0xBE0D, 0xBE0D, 0xBE0D, 0xBE0D, 0xBE0D, 0xBE0D, 0xBE0D, 0xB60D, 0xB60D, 0xB60D, 0xAE0D, 0xAE0D, 0xA60E, 0x9E2F,
    0x9630, 0x8E32, 0x8E34, 0x8615, 0x8616, 0x7E17, 0x7DF7, 0x7DF7, 0x75D7, 0x75D7, 0x75B7, 0x75B6, 0x75B6, 0x6DB6, 0x6D96, 0x6D96,
    0xBE0D, 0xBE0D, 0xBE0D, 0xBE0D, 0xBE0D, 0xBE0D, 0xBE2D, 0xBE0E, 0xBE0E, 0xB60D, 0xB60D, 0xB60D, 0xAE0D, 0xAE0E, 0xA60E, 0x9E2F,
    0x9630, 0x8E32, 0x8E34, 0x8E35, 0x8616, 0x8617, 0x7DF7, 0x7DF7, 0x7DF7, 0x75D7, 0x75D7, 0x75D6, 0x75B6, 0x75B6, 0x75B6, 0x6DB6,
    0x6923, 0x7103, 0x70E3, 0x68C4, 0x68A4, 0x60A5, 0x5886, 0x5086, 0x5087, 0x4887, 0x4887, 0x4887, 0x4087, 0x4067, 0x4067, 0x4087,
    0x4087, 0x3867, 0x3046, 0x1845, 0x1025, 0x0824, 0x0004, 0x0004, 0x0004, 0x0005, 0x0005, 0x0005, 0x0005, 0x0005, 0x0005, 0x0004,
    0x6923, 0x7123, 0x7103, 0x68E4, 0x68C4, 0x60A5, 0x58A6, 0x5886, 0x5087, 0x4887, 0x4887, 0x4887, 0x4087, 0x4067, 0x4067, 0x4087,
    0x4087, 0x3867, 0x3066, 0x2045, 0x1025, 0x0824, 0x0004, 0x0004, 0x0004, 0x0004, 0x0005, 0x0005, 0x0005, 0x0005, 0x0005, 0x0004,
    0x6923, 0x7123, 0x7123, 0x7104, 0x70E4, 0x68C5, 0x60A6, 0x5886, 0x5087, 0x4887, 0x4887, 0x4887, 0x4087, 0x4067, 0x3867, 0x4087,
    0x4087, 0x3867, 0x3066, 0x2046, 0x1025, 0x0824, 0x0004, 0x0004, 0x0004, 0x0004, 0x0005, 0x0005, 0x0005, 0x0005, 0x0005, 0x0005,
    0x7143, 0x7143, 0x7143, 0x7124, 0x7124, 0x68E5, 0x60C6, 0x58A6, 0x5086, 0x5087, 0x4887, 0x4087, 0x4087, 0x4067, 0x3867, 0x3867,
    0x3867, 0x3866, 0x3046, 0x2045, 0x1025, 0x0804, 0x0004, 0x0004, 0x0004, 0x0004, 0x0005, 0x0005, 0x0005, 0x0005, 0x0005, 0x0005,
    0x7143, 0x7143, 0x7143, 0x7164, 0x7964, 0x7125, 0x6906, 0x60C6, 0x58A6, 0x5086, 0x4887, 0x4087, 0x4067, 0x3867, 0x3866, 0x3866,
    0x3066, 0x3066, 0x2846, 0x2045, 0x1024, 0x0804, 0x0004, 0x0004, 0x0004, 0x0004, 0x0005, 0x0005, 0x0005, 0x0005, 0x0005, 0x0005,
    0x7183, 0x7183, 0x7183, 0x7183, 0x7184, 0x7164, 0x7145, 0x6906, 0x60E7, 0x58C7, 0x4887, 0x4087, 0x4067, 0x3866, 0x3866, 0x3066,
    0x3046, 0x2846, 0x2045, 0x1825, 0x1024, 0x0804, 0x0003, 0x0004, 0x0004, 0x0004, 0x0004, 0x0005, 0x0005, 0x0005, 0x0005, 0x0005,
    0x71A3, 0x71A3, 0x79A3, 0x71A3, 0x71A3, 0x79A4, 0x7985, 0x7166, 0x6927, 0x60E7, 0x50C7, 0x4887, 0x4087, 0x3866, 0x3866, 0x3046,
    0x2846, 0x2845, 0x2045, 0x1824, 0x1024, 0x0824, 0x0003, 0x0003, 0x0003, 0x0004, 0x0004, 0x0005, 0x0005, 0x0005, 0x0005, 0x0005,
    0x79E4, 0x79E4, 0x79E4, 0x79E4, 0x79E4, 0x79C4, 0x79C5, 0x79A6, 0x7987, 0x6947, 0x6128, 0x50E8, 0x48A7, 0x4087, 0x3867, 0x3066,
    0x2846, 0x2846, 0x2045, 0x1825, 0x1024, 0x0824, 0x0004, 0x0003, 0x0003, 0x0004, 0x0004, 0x0004, 0x0005, 0x0005, 0x0005, 0x0005,
    0x7A24, 0x7A24, 0x7A24, 0x7A24, 0x7A24, 0x7A04, 0x7A04, 0x81E6, 0x81C7, 0x79A8, 0x6968, 0x6148, 0x5108, 0x48C8, 0x40A7, 0x3887,
    0x3067, 0x2866, 0x2046, 0x1825, 0x1024, 0x0824, 0x0004, 0x0004, 0x0004, 0x0004, 0x0004, 0x0004, 0x0004, 0x0005, 0x0005, 0x0005,
    0x8264, 0x8264, 0x8264, 0x8264, 0x8264, 0x8244, 0x8245, 0x8225, 0x8226, 0x81E7, 0x79C8, 0x71A9, 0x6169, 0x5949, 0x5129, 0x40E8,
    0x38C8, 0x30A8, 0x2887, 0x2046, 0x1025, 0x0825, 0x0824, 0x0004, 0x0004, 0x0004, 0x0004, 0x0004, 0x0004, 0x0005, 0x0005, 0x0005,
    0x82A5, 0x82A5, 0x82A5, 0x82A5, 0x82A5, 0x82A5, 0x8285, 0x8286, 0x8266, 0x8247, 0x8228, 0x7A09, 0x71EA, 0x69CA, 0x598A, 0x516A,
    0x492A, 0x3909, 0x30C8, 0x2088, 0x1867, 0x1046, 0x0826, 0x0025, 0x0025, 0x0025, 0x0004, 0x0004, 0x0004, 0x0005, 0x0005, 0x0005,
    0x8AE5, 0x8AE5, 0x8AE5, 0x8AE5, 0x82E5, 0x82C5, 0x82C5, 0x82C6, 0x82A6, 0x82A7, 0x8288, 0x8269, 0x7A4A, 0x722B, 0x6A0B, 0x59EB,
    0x51AB, 0x498B, 0x394B, 0x312A, 0x20E9, 0x18A8, 0x1088, 0x0867, 0x0847, 0x0046, 0x0026, 0x0026, 0x0025, 0x0025, 0x0025, 0x0025,
    0x8B25, 0x8B25, 0x8B26, 0x8B25, 0x8B25, 0x8B25, 0x8B25, 0x8B06, 0x8307, 0x8AE7, 0x8AE8, 0x82C9, 0x7ACA, 0x72AB, 0x6A8C, 0x6A6C,
    0x5A2C, 0x520D, 0x49CD, 0x39AC, 0x316C, 0x212B, 0x18EA, 0x10C9, 0x10A9, 0x0888, 0x0868, 0x0867, 0x0867, 0x0047, 0x0047, 0x0046,
    0x9366, 0x9366, 0x9366, 0x9366, 0x8B66, 0x8B66, 0x8B66, 0x8B67, 0x8B67, 0x8B48, 0x8B48, 0x8B49, 0x832A, 0x7B0B, 0x730C, 0x6ACD,
    0x62AD, 0x5A8E, 0x526E, 0x422E, 0x3A0E, 0x31CD, 0x29AD, 0x216C, 0x194C, 0x192B, 0x110A, 0x110A, 0x10EA, 0x10E9, 0x08C9, 0x08C9,
    0x93C7, 0x93C7, 0x93C7, 0x93C7, 0x93C7, 0x93C7, 0x93E7, 0x93E7, 0x93E8, 0x8BC8, 0x8BC9, 0x8BA9, 0x8BAA, 0x838C, 0x7B6D, 0x734D,
    0x6B2E, 0x630E, 0x52CF, 0x4AAF, 0x4290, 0x3A70, 0x3A2F, 0x320F, 0x29EE, 0x21CE, 0x21AD, 0x21AD, 0x198D, 0x198C, 0x196C, 0x196C,
    0x9C28, 0x9C27, 0x9C27, 0x9C47, 0x9C48, 0x9C48, 0x9C48, 0x9C68, 0x9C69, 0x9449, 0x944A, 0x942A, 0x8C2B, 0x840C, 0x7BED, 0x73CE,
    0x6BAF, 0x636F, 0x5B50, 0x5331, 0x4AF1, 0x4AD1, 0x42B1, 0x3AB1, 0x3A91, 0x3270, 0x3250, 0x3250, 0x2A2F, 0x2A2F, 0x2A2F, 0x220F,
    0xA4C9, 0xA4A9, 0xA4A9, 0xA4C9, 0xA4C9, 0xA4C9, 0xA4C9, 0xA4E9, 0xA4EA, 0x9CEA, 0x9CCB, 0x94AB, 0x94AB, 0x8C8C, 0x846D, 0x7C4F,
    0x7410, 0x6BF0, 0x63B1, 0x5B91, 0x5372, 0x5352, 0x4B32, 0x4B13, 0x42F2, 0x42D2, 0x3AD2, 0x3AD2, 0x3AB1, 0x32B1, 0x32B1, 0x3291,
    0xAD4B, 0xAD4A, 0xAD4A, 0xAD4A, 0xAD4A, 0xAD4A, 0xAD4A, 0xAD4A, 0xAD4B, 0xA54B, 0xA54C, 0x9D2C, 0x952C, 0x950D, 0x8CEE, 0x84CF,
    0x7C90, 0x7471, 0x6C32, 0x63F2, 0x5BD3, 0x53B3, 0x5393, 0x4B73, 0x4B53, 0x4333, 0x4333, 0x4313, 0x3AF2, 0x3AF2, 0x3AF2, 0x3AF2,
    0xB5AC, 0xB5AC, 0xB5AB, 0xB5AB, 0xB5AB, 0xB5AB, 0xB5AB, 0xB5AB, 0xADAB, 0xAD8C, 0xAD8C, 0xA58C, 0x9D6C, 0x954D, 0x8D4E, 0x8D30,
    0x84F1, 0x74D2, 0x6C92, 0x6C73, 0x6433, 0x5C14, 0x5BF4, 0x53D4, 0x53B4, 0x4B94, 0x4B94, 0x4373, 0x4353, 0x4353, 0x4333, 0x3B33,
    0xBDEC, 0xBDEC, 0xBDCC, 0xBDCC, 0xB5CC, 0xB5CC, 0xB5CC, 0xB5CC, 0xB5CC, 0xADCC, 0xADCD, 0xA5AD, 0xA5AD, 0x9D8D, 0x958E, 0x8D70,
    0x8551, 0x7D32, 0x74F3, 0x6CD3, 0x6C94, 0x6474, 0x5C54, 0x5C35, 0x5C35, 0x5415, 0x53F4, 0x4BD4, 0x4BB4, 0x4B94, 0x4393, 0x4373,
    0xBDED, 0xBDED, 0xBDED, 0xBDEC, 0xBDEC, 0xBDEC, 0xB5EC, 0xB5EC, 0xB5CC, 0xB5CC, 0xADCD, 0xADCD, 0xA5CD, 0x9DCE, 0x95AE, 0x9590,
    0x8D91, 0x8573, 0x7D53, 0x7514, 0x6CF4, 0x6CD5, 0x64B5, 0x6495, 0x5C75, 0x5C75, 0x5C55, 0x5435, 0x5414, 0x4BF4, 0x4BF4, 0x4BD4,
    0xBE0D, 0xBE0D, 0xBE0D, 0xBE0D, 0xBE0D, 0xBE0D, 0xBDEC, 0xB5EC, 0xB5EC, 0xB5EC, 0xADED, 0xADED, 0xADEE, 0xA5EE, 0x9DEF, 0x95D0,
    0x8DB1, 0x8D93, 0x8574, 0x7D54, 0x7535, 0x6D15, 0x6CF5, 0x6CF5, 0x64D5, 0x64B5, 0x5C95, 0x5C95, 0x5C75, 0x5455, 0x5455, 0x5435,
    0xBE0D, 0xBE0D, 0xBE0D, 0xBE0D, 0xBE0D, 0xBE0D, 0xBE0D, 0xB60C, 0xB60C, 0xB5EC, 0xB5ED, 0xADED, 0xADEE, 0xA60E, 0x9E0F, 0x9DF0,
    0x95D2, 0x8DD3, 0x85B4, 0x7D95, 0x7D75, 0x7556, 0x7536, 0x6D36, 0x6D16, 0x6CF6, 0x64F6, 0x64D6, 0x5CB6, 0x5CB5, 0x5C95, 0x5C95,
    0xBE0D, 0xBE0D, 0xBE0D, 0xBE0D, 0xBE0D, 0xBE0D, 0xBE0D, 0xBE0D, 0xB60C, 0xB60C, 0xB5ED, 0xAE0D, 0xAE0E, 0xA60E, 0xA60F, 0x9E10,
    0x95F2, 0x95F3, 0x8DD4, 0x85D5, 0x7DB6, 0x7D96, 0x7576, 0x7556, 0x6D56, 0x6D36, 0x6D36, 0x6516, 0x64F6, 0x64F6, 0x5CD6, 0x5CD5,
    0xBE0D, 0xBE0D, 0xBE0D, 0xBE0D, 0xBE0D, 0xBE0D, 0xBE0D, 0xBE0D, 0xB60C, 0xB60C, 0xB60D, 0xB60D, 0xAE0E, 0xAE0E, 0xA62F, 0x9E10,
    0x9E12, 0x9613, 0x8DF4, 0x8DD5, 0x85D6, 0x7DB6, 0x7D96, 0x7576, 0x7576, 0x7576, 0x6D56, 0x6D56, 0x6D36, 0x6536, 0x6516, 0x64F6,
    0xBE0D, 0xBE0D, 0xBE0D, 0xBE0D, 0xBE0D, 0xBE0D, 0xBE0D, 0xBE0D, 0xBE0D, 0xB60C, 0xB60D, 0xB60D, 0xAE0D, 0xAE0E, 0xA62F, 0xA630,
    0x9E32, 0x9613, 0x9615, 0x8DF5, 0x85D6, 0x7DD6, 0x7DB6, 0x7DB7, 0x7596, 0x7596, 0x7576, 0x6D76, 0x6D56, 0x6D56, 0x6D56, 0x6536,
    0xBE0D, 0xBE0D, 0xBE0D, 0xBE0D, 0xBE0D, 0xBE0D, 0xBE0D, 0xBE0D, 0xBE0D, 0xB60D, 0xB60D, 0xB60D, 0xB60D, 0xAE0E, 0xA62F, 0xA630,
    0x9E32, 0x9E13, 0x9615, 0x8E16, 0x8DF6, 0x85D6, 0x7DD7, 0x7DB7, 0x75B7, 0x75B7, 0x7597, 0x7596, 0x6D76, 0x6D76, 0x6D56, 0x6D56,
    0xBE0D, 0xBE0D, 0xBE0D, 0xBE0D, 0xBE0D, 0xBE0D, 0xBE0D, 0xBE0D, 0xBE0D, 0xBE0D, 0xB60D, 0xB60D, 0xB60D, 0xAE2E, 0xAE2F, 0xA630,
    0x9E31, 0x9E33, 0x9615, 0x9616, 0x8E16, 0x85F7, 0x85F7, 0x7DD7, 0x7DD7, 0x7DB7, 0x75B7, 0x75B7, 0x7597, 0x6D96, 0x6D76, 0x6D76,
    0xBE0D, 0xBE0D, 0xBE0D, 0xBE0D, 0xBE0D, 0xBE0D, 0xBE0D, 0xBE0D, 0xBE0D, 0xBE0D, 0xB60D, 0xB60D, 0xB60D, 0xAE0E, 0xAE2F, 0xA630,
    0x9E31, 0x9E33, 0x9614, 0x9616, 0x8E16, 0x8617, 0x85F7, 0x7DD7, 0x7DD7, 0x7DD7, 0x75B7, 0x75B7, 0x75B7, 0x7597, 0x6D96, 0x6D96,
    0xBE0D, 0xBE0D, 0xBE0D, 0xBE0D, 0xBE0D, 0xBE0D, 0xBE0D, 0xBE0D, 0xBE0D, 0xBE0D, 0xB60D, 0xB60D, 0xB60D, 0xAE0E, 0xAE2E, 0xA630,
    0x9E31, 0x9E33, 0x9614, 0x9615, 0x8E16, 0x8617, 0x85F7, 0x7DF7, 0x7DD7, 0x7DD7, 0x7DD7, 0x75D7, 0x75B7, 0x75B7, 0x75B7, 0x6DB7,
    0xBE0D, 0xBE0D, 0xBE0D, 0xBE0D, 0xBE0D, 0xBE0D, 0xBE0D, 0xBE0D, 0xBE0D, 0xBE0D, 0xB60D, 0xB60D, 0xB60D, 0xAE0E, 0xAE2F, 0xA630,
    0xA631, 0x9E33, 0x9614, 0x9635, 0x8E16, 0x8E17, 0x8617, 0x85F7, 0x7DF7, 0x7DD7, 0x7DD7, 0x75D7, 0x75D7, 0x75B7, 0x75B7, 0x75B7,
    0xBE0D, 0xBE0D, 0xBE0D, 0xBE0D, 0xBE0D, 0xBE0D, 0xBE0D, 0xBE0D, 0xBE0E, 0xBE0D, 0xB60D, 0xB60D, 0xB60D, 0xB60E, 0xAE0F, 0xA62F,
    0xA631, 0x9E33, 0x9E34, 0x9635, 0x9636, 0x8E17, 0x8617, 0x8617, 0x7DF7, 0x7DF7, 0x7DF7, 0x7DD7, 0x75D7, 0x75D7, 0x75D7, 0x75B7,
    0x7123, 0x7103, 0x70E3, 0x70E4, 0x70C5, 0x68C6, 0x68C6, 0x60A7, 0x60A8, 0x58A8, 0x5088, 0x4888, 0x4888, 0x4067, 0x4067, 0x4087,
    0x4087, 0x4087, 0x3867, 0x2846, 0x1825, 0x0824, 0x0004, 0x0004, 0x0004, 0x0004, 0x0004, 0x0004, 0x0004, 0x0005, 0x0004, 0x0004,
    0x7123, 0x7103, 0x7103, 0x70E4, 0x70E5, 0x68C5, 0x68C6, 0x60A7, 0x60A7, 0x58A8, 0x5088, 0x4888, 0x4888, 0x4087, 0x4087, 0x4087,
    0x4087, 0x4087, 0x3867, 0x2846, 0x1845, 0x0824, 0x0024, 0x0004, 0x0004, 0x0004, 0x0004, 0x0005, 0x0005, 0x0005, 0x0004, 0x0004,
    0x7123, 0x7123, 0x7923, 0x7904, 0x70E4, 0x70E5, 0x68C6, 0x60C7, 0x60A7, 0x58A7, 0x5088, 0x4888, 0x4888, 0x4087, 0x4087, 0x4087,
    0x4087, 0x4087, 0x3867, 0x2846, 0x1845, 0x0825, 0x0824, 0x0004, 0x0004, 0x0004, 0x0004, 0x0005, 0x0005, 0x0005, 0x0005, 0x0004,
    0x7123, 0x7123, 0x7143, 0x7924, 0x7924, 0x7105, 0x70E6, 0x68C7, 0x60A7, 0x58A7, 0x5087, 0x4887, 0x4887, 0x4087, 0x4067, 0x4067,
    0x4067, 0x3867, 0x3866, 0x2846, 0x1845, 0x1024, 0x0824, 0x0004, 0x0004, 0x0004, 0x0004, 0x0005, 0x0005, 0x0005, 0x0005, 0x0005,
    0x7143, 0x7143, 0x7143, 0x7964, 0x8164, 0x7925, 0x7106, 0x68E6, 0x60A7, 0x58A7, 0x5087, 0x4887, 0x4887, 0x4087, 0x4067, 0x3867,
    0x3866, 0x3866, 0x3066, 0x2845, 0x1845, 0x1024, 0x0804, 0x0004, 0x0004, 0x0004, 0x0005, 0x0005, 0x0005, 0x0005, 0x0005, 0x0005,
    0x7963, 0x7983, 0x7983, 0x7984, 0x7984, 0x7965, 0x7946, 0x7126, 0x68E7, 0x58C7, 0x50A7, 0x4887, 0x4087, 0x4067, 0x3866, 0x3866,
    0x3066, 0x3066, 0x2845, 0x2045, 0x1824, 0x1024, 0x0824, 0x0004, 0x0004, 0x0004, 0x0004, 0x0005, 0x0005, 0x0005, 0x0005, 0x0005,
    0x79A4, 0x79A4, 0x79C4, 0x79A4, 0x79A4, 0x81A4, 0x8185, 0x7966, 0x7127, 0x60E7, 0x58C7, 0x4887, 0x4087, 0x4066, 0x3866, 0x3866,
    0x3046, 0x2845, 0x2845, 0x2045, 0x1824, 0x1024, 0x0823, 0x0003, 0x0003, 0x0004, 0x0004, 0x0004, 0x0005, 0x0005, 0x0005, 0x0005,
    0x81E4, 0x81E4, 0x8204, 0x81E4, 0x79E4, 0x81E4, 0x81C5, 0x81A6, 0x8187, 0x7148, 0x6108, 0x58E8, 0x48A7, 0x4087, 0x4067, 0x3866,
    0x3066, 0x3046, 0x2845, 0x2045, 0x1824, 0x1024, 0x0824, 0x0003, 0x0003, 0x0004, 0x0004, 0x0004, 0x0004, 0x0005, 0x0005, 0x0005,
    0x8224, 0x8224, 0x8244, 0x8224, 0x8224, 0x8224, 0x8205, 0x89E6, 0x89C7, 0x81A8, 0x7168, 0x6128, 0x58E8, 0x48C8, 0x4087, 0x3887,
    0x3866, 0x3066, 0x2846, 0x2045, 0x1825, 0x1024, 0x0824, 0x0824, 0x0004, 0x0004, 0x0004, 0x0004, 0x0004, 0x0005, 0x0005, 0x0005,
    0x8A65, 0x8A64, 0x8A64, 0x8264, 0x8264, 0x8265, 0x8245, 0x8A46, 0x8A27, 0x89E7, 0x81C8, 0x71A9, 0x6969, 0x5929, 0x5108, 0x48E8,
    0x40C8, 0x38A7, 0x3087, 0x2846, 0x2046, 0x1025, 0x0825, 0x0824, 0x0004, 0x0004, 0x0004, 0x0004, 0x0004, 0x0004, 0x0005, 0x0005,
    0x8AA5, 0x8AA5, 0x8AA5, 0x8AA5, 0x8AA5, 0x8AA5, 0x8AA5, 0x8A86, 0x8A66, 0x8A47, 0x8A28, 0x8209, 0x79EA, 0x69AA, 0x618A, 0x594A,
    0x4909, 0x40E9, 0x38C8, 0x3088, 0x2067, 0x1846, 0x1046, 0x0825, 0x0825, 0x0025, 0x0004, 0x0004, 0x0004, 0x0005, 0x0005, 0x0005,
    0x8AE5, 0x8AE5, 0x8AE5, 0x8AE5, 0x8AE5, 0x8AE5, 0x8AC5, 0x8AC6, 0x8AA6, 0x8AA7, 0x8A88, 0x8A69, 0x824A, 0x7A2A, 0x69EB, 0x61CB,
    0x59AB, 0x516B, 0x494A, 0x390A, 0x30E9, 0x20A8, 0x1888, 0x1067, 0x0847, 0x0826, 0x0026, 0x0026, 0x0025, 0x0005, 0x0005, 0x0005,
    0x9326, 0x9326, 0x9346, 0x9326, 0x9326, 0x9326, 0x8B26, 0x8B06, 0x8B07, 0x8AE7, 0x8AE8, 0x8AC9, 0x8AAA, 0x82AB, 0x7A6C, 0x724C,
    0x6A2C, 0x5A0C, 0x51CC, 0x49AC, 0x396C, 0x312B, 0x20EA, 0x18CA, 0x10A9, 0x1088, 0x0868, 0x0867, 0x0847, 0x0047, 0x0047, 0x0046,
    0x9366, 0x9386, 0x9B86, 0x9386, 0x9386, 0x9366, 0x9366, 0x9367, 0x9367, 0x9348, 0x9348, 0x9329, 0x8B2A, 0x830B, 0x7AEC, 0x72CD,
    0x6AAD, 0x628D, 0x5A4D, 0x522E, 0x41EE, 0x39AE, 0x318D, 0x296D, 0x214C, 0x190B, 0x18EB, 0x10EA, 0x10CA, 0x08C9, 0x08A9, 0x08A9,
    0x9BC7, 0x9BC7, 0x9BC7, 0x9BC7, 0x9BC7, 0x9BC7, 0x9BC7, 0x9BC7, 0x93C8, 0x93C8, 0x93A9, 0x93A9, 0x938A, 0x8B8B, 0x836D, 0x7B4D,
    0x732E, 0x6B0E, 0x62CF, 0x5AAF, 0x4A6F, 0x4250, 0x3A30, 0x3A0F, 0x31CF, 0x29AE, 0x218D, 0x218D, 0x216D, 0x194C, 0x194C, 0x192C,
    0xA428, 0xA428, 0xA427, 0xA428, 0xA448, 0xA448, 0x9C48, 0x9C48, 0x9C48, 0x9C49, 0x9C2A, 0x9C2A, 0x940B, 0x8BEC, 0x8BED, 0x83CE,
    0x7BAF, 0x736F, 0x6B50, 0x6330, 0x5AF1, 0x52D1, 0x4AB1, 0x42B2, 0x4291, 0x3A71, 0x3A51, 0x3250, 0x3230, 0x2A0F, 0x2A0F, 0x2A0F,
    0xACA9, 0xACA9, 0xACA9, 0xACA9, 0xACC9, 0xACC9, 0xA4C9, 0xA4C9, 0xA4C9, 0xA4CA, 0xA4AB, 0x9CAB, 0x9C8B, 0x946C, 0x8C4D, 0x8C4E,
    0x840F, 0x7BF0, 0x73D1, 0x6B91, 0x6372, 0x5B52, 0x5333, 0x5313, 0x4B13, 0x4AF3, 0x42D3, 0x42D2, 0x42B2, 0x3AB2, 0x3AB2, 0x3A91,
    0xB54B, 0xB54B, 0xB54B, 0xB54A, 0xB54A, 0xB54A, 0xAD4A, 0xAD4A, 0xAD4B, 0xAD4B, 0xAD2C, 0xA52C, 0xA50C, 0x9CED, 0x94EE, 0x8CCF,
    0x8490, 0x7C71, 0x7431, 0x6C12, 0x6BD3, 0x63B3, 0x5B93, 0x5B94, 0x5374, 0x5354, 0x4B34, 0x4B34, 0x4B13, 0x4313, 0x4313, 0x42F3,
    0xBDAC, 0xBDAC, 0xBDAC, 0xB5AC, 0xB5AB, 0xB5AB, 0xB58B, 0xB58B, 0xB58B, 0xB58C, 0xAD8C, 0xAD6C, 0xA56D, 0x9D4D, 0x9D4E, 0x952F,
    0x8CF1, 0x84D2, 0x7CB2, 0x7473, 0x6C53, 0x6C34, 0x6414, 0x5BF4, 0x5BD4, 0x53B5, 0x5394, 0x5394, 0x4B74, 0x4B74, 0x4B54, 0x4B54,
    0xBDEC, 0xBDEC, 0xBDEC, 0xBDEC, 0xBDEC, 0xBDCC, 0xBDCC, 0xB5CC, 0xB5CC, 0xB5CC, 0xB5CD, 0xADAD, 0xADAD, 0xA58D, 0x9D8E, 0x9D70,
    0x9551, 0x8D32, 0x8513, 0x7CD3, 0x74B4, 0x6C94, 0x6C75, 0x6455, 0x6435, 0x5C15, 0x5BF5, 0x5BF5, 0x53D5, 0x53B4, 0x53B4, 0x4B94,
    0xBE0D, 0xBE0D, 0xBE0D, 0xBDED, 0xBDED, 0xBDED, 0xBDEC, 0xBDEC, 0xB5EC, 0xB5ED, 0xB5ED, 0xB5ED, 0xADCE, 0xA5CE, 0xA5AE, 0x9DB0,
    0x9591, 0x8D72, 0x8D53, 0x8534, 0x7D14, 0x74D5, 0x6CB5, 0x6CB5, 0x6495, 0x6476, 0x6455, 0x5C35, 0x5C35, 0x5C15, 0x5415, 0x53F5,
    0xBE0D, 0xBE0D, 0xBE0D, 0xBE0D, 0xBE0D, 0xBE0D, 0xBE0D, 0xBDED, 0xBDEC, 0xB5ED, 0xB5ED, 0xB5EE, 0xB5EE, 0xADEE, 0xA5EF, 0xA5D0,
    0x9DB1, 0x95B3, 0x8D94, 0x8574, 0x7D55, 0x7D35, 0x7515, 0x74F6, 0x6CD6, 0x6CD6, 0x64B6, 0x64B6, 0x6496, 0x5C75, 0x5C75, 0x5C55,
    0xBE0D, 0xBE0D, 0xBE0D, 0xBE0D, 0xBE0D, 0xBE0D, 0xBE0D, 0xBE0D, 0xBE0D, 0xB60D, 0xB60D, 0xB60E, 0xB60E, 0xAE0E, 0xAE0F, 0xA5F0,
    0x9DF1, 0x9DD3, 0x95B4, 0x8D95, 0x8575, 0x7D76, 0x7D56, 0x7536, 0x7536, 0x6D16, 0x6CF6, 0x6CF6, 0x64D6, 0x64B6, 0x64B6, 0x64B6,
    0xBE0D, 0xBE0D, 0xBE0D, 0xBE0D, 0xBE0D, 0xBE0D, 0xBE0D, 0xBE0D, 0xBE0D, 0xBE0D, 0xB60D, 0xB60E, 0xB60E, 0xAE0E, 0xAE0F, 0xA610,
    0xA612, 0x9DF3, 0x95D4, 0x95D5, 0x8DB6, 0x8596, 0x7D76, 0x7D76, 0x7556, 0x7556, 0x7536, 0x6D36, 0x6D16, 0x6D16, 0x6CF6, 0x64F6,
    0xBE0D, 0xBE0D, 0xBE0D, 0xBE0D, 0xBE0D, 0xBE0D, 0xBE0D, 0xBE0D, 0xBE0D, 0xBE0D, 0xB60D, 0xB60E, 0xB60E, 0xB62E, 0xAE2F, 0xAE30,
    0xA612, 0xA613, 0x9DF4, 0x95F5, 0x8DD6, 0x85B6, 0x85B6, 0x7D96, 0x7D97, 0x7D76, 0x7576, 0x7556, 0x7556, 0x6D36, 0x6D36, 0x6D16,
    0xBE0D, 0xBE0D, 0xC60D, 0xBE0D, 0xBE0D, 0xBE0D, 0xBE0D, 0xBE0D, 0xBE0D, 0xBE0D, 0xBE0D, 0xB60D, 0xB60E, 0xB62E, 0xAE2F, 0xAE30,
    0xA632, 0xA613, 0x9E15, 0x95F5, 0x8DF6, 0x8DD6, 0x85D7, 0x85B7, 0x7DB7, 0x7D97, 0x7D97, 0x7577, 0x7577, 0x7576, 0x6D56, 0x6D56,
    0xBE0D, 0xBE0D, 0xC60D, 0xC60D, 0xBE0D, 0xBE0D, 0xBE0D, 0xBE0D, 0xBE0D, 0xBE0D, 0xBE0D, 0xB60D, 0xB60E, 0xB62E, 0xAE2F, 0xAE30,
    0xA632, 0xA634, 0x9E15, 0x9E15, 0x95F6, 0x8DF6, 0x8DD7, 0x85D7, 0x85B7, 0x7DB7, 0x7DB7, 0x7D97, 0x7597, 0x7577, 0x7577, 0x7576,
    0xBE0D, 0xBE0D, 0xC60D, 0xC60D, 0xC60D, 0xBE0D, 0xBE0D, 0xBE0D, 0xBE0D, 0xBE0D, 0xBE0D, 0xB60D, 0xB60D, 0xB62E, 0xB62F, 0xAE30,
    0xAE32, 0xA634, 0xA635, 0x9E16, 0x9616, 0x9617, 0x8DF7, 0x85F7, 0x85D7, 0x85D7, 0x7DD7, 0x7DB7, 0x7DB7, 0x7597, 0x7597, 0x7597,
    0xC60D, 0xC60D, 0xC60D, 0xC60D, 0xC60D, 0xBE0D, 0xBE0D, 0xBE0D, 0xBE0D, 0xBE0D, 0xBE0D, 0xBE0D, 0xB60D, 0xB62E, 0xB62F, 0xAE30,
    0xAE32, 0xA633, 0xA635, 0x9E16, 0x9616, 0x9617, 0x8DF7, 0x85F7, 0x85F7, 0x85D7, 0x7DD7, 0x7DD7, 0x7DB7, 0x7DB7, 0x75B7, 0x7597,
    0xC60D, 0xC60D, 0xC60D, 0xBE0D, 0xBE0D, 0xC60D, 0xC60D, 0xBE0D, 0xBE0D, 0xBE0D, 0xBE0D, 0xBE0D, 0xB60E, 0xB60E, 0xB62F, 0xAE30,
    0xAE31, 0xA633, 0xA635, 0x9E36, 0x9616, 0x9617, 0x8E17, 0x8DF7, 0x85F7, 0x85F7, 0x85D7, 0x7DD7, 0x7DD7, 0x7DD7, 0x7DD7, 0x75B7,
    0xC60D, 0xC60D, 0xC60D, 0xC60D, 0xC60D, 0xC60D, 0xC60D, 0xBE0D, 0xBE0D, 0xBE0D, 0xBE0D, 0xBE0D, 0xB60E, 0xB60E, 0xB62F, 0xAE30,
    0xAE31, 0xAE33, 0xA635, 0x9E36, 0x9E36, 0x9617, 0x8E17, 0x8E17, 0x85F7, 0x85F7, 0x85F7, 0x7DF7, 0x7DD7, 0x7DD7, 0x7DD7, 0x7DD7,
    0xBE0D, 0xC60D, 0xC62D, 0xC60D, 0xC60D, 0xC60D, 0xC60D, 0xBE0D, 0xBE0E, 0xBE0D, 0xBE0D, 0xBE0D, 0xB60E, 0xB60E, 0xB62F, 0xB630,
    0xAE31, 0xAE33, 0xA635, 0xA636, 0x9E36, 0x9637, 0x9617, 0x8E17, 0x8E17, 0x85F7, 0x85F7, 0x7DF7, 0x7DF7, 0x7DD7, 0x7DD7, 0x7DD7,
    0x7103, 0x7903, 0x78E3, 0x78E4, 0x70C5, 0x70E6, 0x7107, 0x70E8, 0x68E9, 0x60C8, 0x58A8, 0x5088, 0x4888, 0x4067, 0x4067, 0x4067,
    0x4087, 0x4087, 0x4087, 0x3067, 0x2046, 0x1025, 0x0824, 0x0004, 0x0004, 0x0004, 0x0004, 0x0004, 0x0004, 0x0004, 0x0004, 0x0004,
    0x7923, 0x7903, 0x7903, 0x78E4, 0x78E5, 0x78E6, 0x70E7, 0x70E8, 0x68E8, 0x60C8, 0x58A8, 0x50A8, 0x4888, 0x4087, 0x4067, 0x4067,
    0x4087, 0x4087, 0x3887, 0x3066, 0x2046, 0x1025, 0x0824, 0x0004, 0x0004, 0x0004, 0x0004, 0x0004, 0x0004, 0x0004, 0x0004, 0x0004,
    0x7923, 0x7923, 0x7923, 0x7904, 0x78E4, 0x78E6, 0x70E7, 0x70E8, 0x68E8, 0x60C8, 0x58A8, 0x50A8, 0x5088, 0x4887, 0x4067, 0x4067,
    0x4067, 0x4087, 0x3887, 0x3066, 0x2046, 0x1025, 0x0824, 0x0004, 0x0004, 0x0004, 0x0004, 0x0004, 0x0004, 0x0004, 0x0004, 0x0004,
    0x7923, 0x7923, 0x7923, 0x7924, 0x8124, 0x7926, 0x7907, 0x70E7, 0x68E8, 0x60C8, 0x58A8, 0x5088, 0x4888, 0x4887, 0x4067, 0x3867,
    0x3867, 0x4067, 0x3867, 0x3066, 0x2045, 0x1824, 0x1024, 0x0804, 0x0004, 0x0004, 0x0004, 0x0005, 0x0005, 0x0005, 0x0005, 0x0005,
    0x7943, 0x7943, 0x7943, 0x8144, 0x8164, 0x8145, 0x7926, 0x7107, 0x68E8, 0x60C8, 0x58A8, 0x5088, 0x4887, 0x4887, 0x4067, 0x3866,
    0x3866, 0x3866, 0x3866, 0x3066, 0x2045, 0x1824, 0x1024, 0x0824, 0x0004, 0x0004, 0x0004, 0x0005, 0x0005, 0x0005, 0x0005, 0x0005,
    0x7963, 0x7963, 0x7983, 0x8184, 0x8184, 0x8165, 0x8166, 0x7927, 0x7108, 0x60C8, 0x58A7, 0x5087, 0x4887, 0x4087, 0x4067, 0x3866,
    0x3866, 0x3866, 0x3066, 0x2845, 0x2045, 0x1824, 0x1024, 0x0824, 0x0804, 0x0004, 0x0004, 0x0004, 0x0005, 0x0005, 0x0005, 0x0005,
    0x81A4, 0x81A4, 0x81A4, 0x81A4, 0x81A4, 0x81A4, 0x8985, 0x8167, 0x7927, 0x68E7, 0x58A7, 0x50A7, 0x4887, 0x4087, 0x4066, 0x3866,
    0x3866, 0x3066, 0x2845, 0x2845, 0x2044, 0x1824, 0x1024, 0x0823, 0x0804, 0x0004, 0x0004, 0x0004, 0x0005, 0x0005, 0x0005, 0x0025,
    0x81E4, 0x81E4, 0x8204, 0x81E4, 0x81E4, 0x81E4, 0x89C5, 0x89A6, 0x8187, 0x7148, 0x6908, 0x58C8, 0x50A7, 0x4887, 0x4067, 0x3866,
    0x3866, 0x3066, 0x3045, 0x2845, 0x2044, 0x1824, 0x1024, 0x0823, 0x0803, 0x0004, 0x0004, 0x0004, 0x0004, 0x0005, 0x0005, 0x0005,
    0x8A24, 0x8A44, 0x8A44, 0x8A44, 0x8A24, 0x8A24, 0x8A05, 0x89E6, 0x89C7, 0x81A8, 0x7168, 0x6928, 0x58E8, 0x50A7, 0x4887, 0x4087,
    0x3866, 0x3066, 0x3066, 0x2845, 0x2045, 0x1824, 0x1024, 0x0824, 0x0803, 0x0003, 0x0004, 0x0004, 0x0004, 0x0004, 0x0005, 0x0005,
    0x8A85, 0x8A85, 0x8A85, 0x8A85, 0x8A85, 0x8A65, 0x8A65, 0x8A46, 0x8A27, 0x89E7, 0x89C8, 0x7989, 0x6969, 0x6129, 0x50E8, 0x48C8,
    0x40A7, 0x3887, 0x3067, 0x2866, 0x2046, 0x2045, 0x1825, 0x1024, 0x0824, 0x0004, 0x0004, 0x0004, 0x0004, 0x0004, 0x0005, 0x0005,
    0x92C5, 0x92C5, 0x92C5, 0x92C5, 0x92C5, 0x8AA5, 0x8AA5, 0x8A86, 0x8A66, 0x9247, 0x9228, 0x8A09, 0x79CA, 0x71AA, 0x6169, 0x5929,
    0x50E9, 0x48C8, 0x40A8, 0x3087, 0x2867, 0x2066, 0x1846, 0x1025, 0x0825, 0x0825, 0x0024, 0x0004, 0x0004, 0x0004, 0x0005, 0x0005,
    0x9305, 0x9305, 0x9305, 0x9305, 0x9305, 0x92E5, 0x92E5, 0x92C6, 0x92C6, 0x92A7, 0x9288, 0x9269, 0x8A4A, 0x820A, 0x71EB, 0x69AB,
    0x618A, 0x596A, 0x492A, 0x4109, 0x38E9, 0x28A8, 0x2088, 0x1867, 0x1047, 0x1026, 0x0826, 0x0026, 0x0025, 0x0005, 0x0005, 0x0025,
    0x9346, 0x9B46, 0x9B46, 0x9B46, 0x9346, 0x9326, 0x9326, 0x9306, 0x9307, 0x92E7, 0x92E8, 0x92C9, 0x92AA, 0x8A8B, 0x826B, 0x7A2C,
    0x6A0C, 0x61EC, 0x59CC, 0x518B, 0x414B, 0x390B, 0x30EA, 0x20C9, 0x2089, 0x1868, 0x1068, 0x0848, 0x0847, 0x0847, 0x0047, 0x0047,
    0x9B86, 0x9B86, 0x9B86, 0x9B86, 0x9B86, 0x9B66, 0x9366, 0x9366, 0x9347, 0x9348, 0x9328, 0x9B29, 0x930A, 0x930B, 0x8AEC, 0x7AAC,
    0x72AD, 0x6A6D, 0x624D, 0x5A0D, 0x51ED, 0x41AD, 0x398D, 0x314D, 0x292C, 0x210C, 0x20EB, 0x18EB, 0x10CA, 0x10AA, 0x10A9, 0x0889,
    0xA3C7, 0xA3E7, 0xA3E7, 0xA3E7, 0x9BC7, 0x9BC7, 0x9BC7, 0x9BC7, 0x9BA7, 0x9BA8, 0x9BA9, 0x9B89, 0x9B8A, 0x936B, 0x8B4C, 0x834D,
    0x7B0D, 0x72EE, 0x6ACE, 0x628F, 0x5A6F, 0x524F, 0x4A10, 0x41EF, 0x39CF, 0x31AF, 0x298E, 0x296E, 0x214D, 0x192D, 0x192C, 0x190C,
    0xA428, 0xA428, 0xA448, 0xA448, 0xA448, 0xA448, 0xA428, 0xA428, 0xA428, 0x9C29, 0x9C2A, 0x9C0A, 0x9C0A, 0x9BEB, 0x93CC, 0x8BAD,
    0x838E, 0x7B6F, 0x734F, 0x6B10, 0x62F0, 0x5AD1, 0x52B1, 0x4A92, 0x4272, 0x4252, 0x3A31, 0x3A31, 0x3210, 0x29F0, 0x29CF, 0x29CF,
    0xAC89, 0xACA9, 0xACA9, 0xACA9, 0xACA9, 0xACA9, 0xACA9, 0xACA9, 0xA4A9, 0xA4AA, 0xA4AB, 0xA48B, 0xA48B, 0x9C6C, 0x944D, 0x942E,
    0x8C0F, 0x83F0, 0x7BD0, 0x7391, 0x6B71, 0x6352, 0x5B33, 0x5B13, 0x52F3, 0x4AD3, 0x4AD3, 0x42B3, 0x42B3, 0x3A92, 0x3A92, 0x3A72,
    0xB50A, 0xB52A, 0xB52A, 0xB52A, 0xB52A, 0xB52A, 0xB52A, 0xAD2A, 0xAD2A, 0xAD2B, 0xAD0C, 0xAD0C, 0xA50C, 0xA4ED, 0x9CCD, 0x94AF,
    0x9490, 0x8C71, 0x8451, 0x7C12, 0x73F2, 0x6BD3, 0x6BB3, 0x6394, 0x5B74, 0x5B54, 0x5354, 0x5334, 0x5334, 0x4B14, 0x4B14, 0x4B14,
    0xB58B, 0xB58B, 0xBD8B, 0xB58B, 0xB58B, 0xB58B, 0xB58B, 0xB58B, 0xB58B, 0xB58C, 0xB56C, 0xAD6D, 0xAD4D, 0xA54D, 0xA52E, 0x9D0F,
    0x94F0, 0x94D1, 0x8CB2, 0x8492, 0x7C53, 0x7433, 0x6C14, 0x6BF4, 0x63D5, 0x63D5, 0x5BB5, 0x5BB5, 0x5B95, 0x5395, 0x5375, 0x5375,
    0xBDCC, 0xBDEC, 0xBDED, 0xBDEC, 0xBDEC, 0xBDCC, 0xBDCC, 0xBDCC, 0xBDCC, 0xB5CD, 0xB5CD, 0xB5AD, 0xB5AE, 0xAD8E, 0xA58E, 0xA56F,
    0x9D51, 0x9532, 0x9513, 0x8CF3, 0x84D4, 0x7C94, 0x7474, 0x6C55, 0x6C35, 0x6415, 0x6415, 0x63F5, 0x5BF5, 0x5BD5, 0x5BD5, 0x5BB5,
    0xBE0D, 0xBE0D, 0xBE0D, 0xBE0D, 0xBE0D, 0xBE0D, 0xBDED, 0xBDED, 0xBDED, 0xBDED, 0xBDED, 0xB5EE, 0xB5CE, 0xADCE, 0xADCF, 0xA5B0,
    0xA591, 0x9D72, 0x9553, 0x8D34, 0x8514, 0x7CF5, 0x7CD5, 0x74B5, 0x7495, 0x6C76, 0x6C76, 0x6456, 0x6436, 0x6436, 0x5C16, 0x5C16,
    0xBE0D, 0xBE0D, 0xBE0D, 0xBE0D, 0xBE0D, 0xBE0D, 0xBE0D, 0xBE0D, 0xBE0D, 0xBE0D, 0xBE0D, 0xB5EE, 0xB5EE, 0xB5EE, 0xADEF, 0xA5D0,
    0xA5B1, 0x9DB3, 0x9D94, 0x9574, 0x8D55, 0x8535, 0x7D15, 0x7D16, 0x74F6, 0x74D6, 0x6CB6, 0x6CB6, 0x6C96, 0x6C96, 0x6476, 0x6476,
    0xBE0D, 0xBE0D, 0xBE0D, 0xBE0D, 0xBE0D, 0xBE0D, 0xBE0D, 0xBE0D, 0xBE0D, 0xBE0D, 0xBE0D, 0xBE0E, 0xB60E, 0xB60E, 0xB60F, 0xADF0,
    0xA5F1, 0xA5D3, 0x9DB4, 0x95B5, 0x9595, 0x8D76, 0x8556, 0x7D56, 0x7D36, 0x7D16, 0x7516, 0x74F6, 0x6CF6, 0x6CD6, 0x6CD6, 0x6CB6,
    0xBE0D, 0xBE0D, 0xC60D, 0xBE0D, 0xBE0D, 0xBE0D, 0xBE0D, 0xBE0D, 0xBE0D, 0xBE0D, 0xBE0D, 0xBE0E, 0xB60E, 0xB62E, 0xB60F, 0xAE10,
    0xAE11, 0xA5F3, 0xA5D4, 0x9DD5, 0x95B5, 0x8DB6, 0x8D96, 0x8576, 0x8576, 0x7D56, 0x7D56, 0x7537, 0x7536, 0x7516, 0x7516, 0x6CF6,
    0xBE0D, 0xBE0D, 0xC60D, 0xBE0D, 0xBE0D, 0xBE0D, 0xBE0D, 0xBE0D, 0xBE0D, 0xBE0D, 0xBE0D, 0xBE0E, 0xBE0E, 0xB62E, 0xB62F, 0xAE30,
    0xAE11, 0xAE13, 0xA5F4, 0x9DF5, 0x9DD6, 0x95D6, 0x8DB6, 0x8D96, 0x8597, 0x8597, 0x7D77, 0x7D77, 0x7D57, 0x7557, 0x7536, 0x7536,
    0xBE0D, 0xBE0D, 0xBE0D, 0xBE0D, 0xBE0D, 0xBE0D, 0xBE0D, 0xBE0D, 0xBE0D, 0xBE0D, 0xBE0D, 0xBE0E, 0xBE0E, 0xB62E, 0xB62F, 0xB630,
    0xAE32, 0xAE13, 0xA615, 0xA5F5, 0x9DF6, 0x95F6, 0x95D7, 0x8DD7, 0x8DB7, 0x85B7, 0x8597, 0x7D97, 0x7D77, 0x7D77, 0x7D77, 0x7557,
    0xBE0D, 0xBE0D, 0xBE0D, 0xBE0D, 0xBE0D, 0xBE0D, 0xBE0D, 0xBE0D, 0xBE0D, 0xBE0D, 0xBE0D, 0xBE0E, 0xBE0E, 0xBE2E, 0xB62F, 0xB630,
    0xAE32, 0xAE33, 0xAE15, 0xA615, 0x9E16, 0x9DF6, 0x95F7, 0x8DD7, 0x8DD7, 0x85D7, 0x85B7, 0x85B7, 0x7D97, 0x7D97, 0x7D97, 0x7D77,
    0xC60D, 0xBE0D, 0xBE0D, 0xC60D, 0xC60D, 0xC60D, 0xBE0D, 0xBE0D, 0xBE2D, 0xBE0D, 0xBE0D, 0xBE0D, 0xBE0E, 0xBE2E, 0xB62F, 0xB630,
    0xAE32, 0xAE34, 0xAE35, 0xA616, 0xA616, 0x9E16, 0x95F7, 0x8DF7, 0x8DF7, 0x8DD7, 0x85D7, 0x85B7, 0x85B7, 0x7DB7, 0x7D97, 0x7D97,
    0xC60D, 0xC60D, 0xC60D, 0xC60D, 0xC60D, 0xC60D, 0xC60D, 0xC60D, 0xBE0D, 0xBE0D, 0xBE0D, 0xBE0D, 0xBE0E, 0xBE2E, 0xB62F, 0xB630,
    0xB632, 0xAE34, 0xAE35, 0xA636, 0xA616, 0x9E17, 0x9617, 0x95F7, 0x8DF7, 0x8DF7, 0x8DD7, 0x85D7, 0x85D7, 0x85B7, 0x7DB7, 0x7DB7,
    0xC60D, 0xC60D, 0xC60D, 0xBE0D, 0xBE0D, 0xC60D, 0xC60D, 0xC60D, 0xBE0D, 0xBE0D, 0xBE0D, 0xBE0D, 0xBE0E, 0xBE2E, 0xB62F, 0xB630,
    0xB632, 0xB634, 0xAE35, 0xAE36, 0xA636, 0x9E17, 0x9E17, 0x9617, 0x8DF7, 0x8DF7, 0x8DF7, 0x85D7, 0x85D7, 0x85D7, 0x85D7, 0x7DD7,
    0xC60D, 0xC60D, 0xC60D, 0xC60D, 0xC60D, 0xC60D, 0xC60D, 0xC60D, 0xBE0D, 0xBE0D, 0xBE0D, 0xBE0D, 0xBE0E, 0xBE0E, 0xB62F, 0xB630,
    0xB632, 0xB634, 0xAE35, 0xAE36, 0xA636, 0x9E37, 0x9E17, 0x9617, 0x9617, 0x8DF7, 0x8DF7, 0x8DF7, 0x85F7, 0x85F7, 0x85D7, 0x85D7,
    0xC60D, 0xC60D, 0xC60D, 0xC62D, 0xC62D, 0xC60D, 0xC60D, 0xC60D, 0xC62E, 0xBE0D, 0xBE0D, 0xBE0E, 0xBE0E, 0xBE0E, 0xBE2F, 0xB630,
    0xB632, 0xB634, 0xAE35, 0xAE36, 0xA636, 0xA637, 0x9E37, 0x9617, 0x9617, 0x8E17, 0x8DF7, 0x8DF7, 0x85F7, 0x85F7, 0x85F7, 0x85F7,
    0x7903, 0x78E3, 0x78C3, 0x78C4, 0x78C5, 0x78E6, 0x7908, 0x7908, 0x7109, 0x68E9, 0x60A8, 0x58A8, 0x4887, 0x4067, 0x4066, 0x3866,
    0x3866, 0x4087, 0x3887, 0x3066, 0x2846, 0x1845, 0x1024, 0x0804, 0x0004, 0x0004, 0x0004, 0x0004, 0x0004, 0x0004, 0x0004, 0x0004,
    0x7903, 0x7903, 0x7903, 0x78E4, 0x78C4, 0x78E6, 0x7907, 0x7908, 0x7109, 0x68E9, 0x60C8, 0x58A8, 0x5087, 0x4887, 0x4067, 0x3866,
    0x3866, 0x4087, 0x3887, 0x3066, 0x2846, 0x1845, 0x1024, 0x0804, 0x0004, 0x0004, 0x0004, 0x0004, 0x0004, 0x0004, 0x0004, 0x0004,
    0x7923, 0x7923, 0x7923, 0x7904, 0x78E4, 0x78E6, 0x7907, 0x7908, 0x7109, 0x68E9, 0x60C8, 0x58A8, 0x5087, 0x4887, 0x4067, 0x3866,
    0x3866, 0x4067, 0x3867, 0x3066, 0x2846, 0x1845, 0x1024, 0x0804, 0x0804, 0x0004, 0x0004, 0x0004, 0x0004, 0x0004, 0x0004, 0x0004,
    0x7923, 0x7923, 0x7923, 0x8124, 0x8124, 0x8126, 0x7907, 0x7908, 0x70E8, 0x68C8, 0x60C8, 0x58A8, 0x5087, 0x4887, 0x4067, 0x3866,
    0x3866, 0x3866, 0x3866, 0x3066, 0x2845, 0x2045, 0x1024, 0x0824, 0x0804, 0x0004, 0x0004, 0x0005, 0x0005, 0x0005, 0x0005, 0x0004,
    0x7923, 0x7943, 0x7943, 0x8144, 0x8964, 0x8146, 0x8127, 0x7907, 0x70E8, 0x68C8, 0x60A8, 0x58A8, 0x5087, 0x4887, 0x4067, 0x3866,
    0x3866, 0x3866, 0x3866, 0x3066, 0x2845, 0x2044, 0x1824, 0x1024, 0x0824, 0x0004, 0x0004, 0x0005, 0x0005, 0x0025, 0x0005, 0x0005,
    0x8163, 0x8163, 0x8163, 0x8164, 0x8184, 0x8965, 0x8966, 0x7927, 0x7108, 0x68C8, 0x60A8, 0x58A7, 0x5087, 0x4887, 0x4067, 0x3866,
    0x3866, 0x3866, 0x3066, 0x3045, 0x2845, 0x2044, 0x1824, 0x1024, 0x0824, 0x0824, 0x0004, 0x0004, 0x0005, 0x0005, 0x0005, 0x0005,
    0x81A3, 0x81A4, 0x81A4, 0x81A4, 0x81A4, 0x89A5, 0x8986, 0x8167, 0x7928, 0x68E8, 0x60A8, 0x58A7, 0x5087, 0x4887, 0x4066, 0x4066,
    0x3866, 0x3066, 0x3045, 0x2845, 0x2844, 0x2044, 0x1824, 0x1024, 0x1024, 0x0824, 0x0004, 0x0004, 0x0004, 0x0005, 0x0005, 0x0005,
    0x89E4, 0x89E4, 0x8A04, 0x89E4, 0x89E4, 0x89E4, 0x89C5, 0x89A6, 0x8187, 0x7948, 0x6908, 0x60C8, 0x50A7, 0x4887, 0x4067, 0x4066,
    0x3866, 0x3866, 0x3045, 0x2845, 0x2845, 0x2044, 0x1824, 0x1024, 0x0823, 0x0804, 0x0004, 0x0004, 0x0004, 0x0004, 0x0005, 0x0005,
    0x8A24, 0x8A44, 0x8A44, 0x8A44, 0x8A24, 0x8A24, 0x8A05, 0x89E6, 0x89C7, 0x8188, 0x7948, 0x6908, 0x60C8, 0x50A7, 0x4887, 0x4086,
    0x4066, 0x3866, 0x3066, 0x2845, 0x2845, 0x2044, 0x1824, 0x1024, 0x0823, 0x0803, 0x0004, 0x0004, 0x0004, 0x0004, 0x0004, 0x0005,
    0x9285, 0x9285, 0x9285, 0x9285, 0x9285, 0x8A65, 0x8A65, 0x9246, 0x9207, 0x91E7, 0x89A8, 0x7989, 0x6949, 0x6108, 0x58E8, 0x48A7,
    0x4087, 0x4087, 0x3866, 0x3066, 0x2846, 0x2045, 0x2045, 0x1824, 0x1024, 0x0824, 0x0004, 0x0004, 0x0004, 0x0004, 0x0004, 0x0005,
    0x92C5, 0x92C5, 0x92C5, 0x92C5, 0x92C5, 0x92C5, 0x92A5, 0x9286, 0x9266, 0x9A47, 0x9208, 0x89E9, 0x81C9, 0x7189, 0x6949, 0x5909,
    0x50C8, 0x48A8, 0x40A7, 0x3887, 0x3067, 0x2866, 0x2046, 0x1845, 0x1025, 0x0825, 0x0824, 0x0004, 0x0004, 0x0004, 0x0005, 0x0005,
    0x9306, 0x9B06, 0x9B06, 0x9B06, 0x9B06, 0x9305, 0x92E5, 0x92C6, 0x92A6, 0x92A7, 0x9A88, 0x9269, 0x922A, 0x820A, 0x79CA, 0x698A,
    0x616A, 0x594A, 0x5109, 0x48E9, 0x40C8, 0x30A8, 0x2888, 0x2067, 0x1847, 0x1046, 0x1026, 0x0825, 0x0025, 0x0005, 0x0005, 0x0025,
    0x9B46, 0x9B46, 0x9B46, 0x9B46, 0x9B46, 0x9B46, 0x9326, 0x9306, 0x9307, 0x92E7, 0x9AC8, 0x9AA9, 0x9AAA, 0x928B, 0x8A4B, 0x7A2B,
    0x71EB, 0x69CB, 0x59AB, 0x516B, 0x494A, 0x410A, 0x38EA, 0x28A9, 0x2089, 0x2088, 0x1868, 0x1048, 0x0847, 0x0847, 0x0847, 0x0847,
    0x9B86, 0x9B87, 0x9BA7, 0x9B87, 0x9B86, 0x9B86, 0x9B66, 0x9B66, 0x9B47, 0x9B48, 0x9B28, 0x9B29, 0x9B0A, 0x9AEB, 0x92CC, 0x82AC,
    0x7A8C, 0x724D, 0x6A2D, 0x620D, 0x59CD, 0x51AD, 0x416D, 0x394C, 0x312C, 0x290C, 0x20EB, 0x20CB, 0x18AA, 0x10AA, 0x108A, 0x1089,
    0xA3E7, 0xA3E7, 0xA3E7, 0xA3E7, 0xA3E7, 0xA3C7, 0x9BC7, 0x9BA7, 0x9BA7, 0x9BA8, 0x9BA9, 0xA389, 0xA36A, 0x9B6B, 0x934C, 0x8B2D,
    0x830D, 0x7AEE, 0x72AE, 0x6A8E, 0x626F, 0x5A2F, 0x520F, 0x49EF, 0x41AF, 0x398F, 0x316E, 0x296E, 0x294D, 0x212D, 0x210D, 0x190C,
    0xA428, 0xA448, 0xA448, 0xA448, 0xA448, 0xA448, 0xA428, 0xA428, 0xA428, 0xA429, 0xA40A, 0xA40A, 0xA3EA, 0x9BCB, 0x9BCC, 0x93AD,
    0x8B8E, 0x836F, 0x7B2F, 0x730F, 0x6AF0, 0x62B0, 0x5AB1, 0x5271, 0x4A51, 0x4232, 0x4231, 0x3A11, 0x39F1, 0x31D0, 0x29D0, 0x29B0,
    0xAC88, 0xACA9, 0xACA9, 0xACA9, 0xACA9, 0xACA9, 0xACA9, 0xACA9, 0xACA9, 0xAC8A, 0xAC8A, 0xA48B, 0xA46B, 0xA44C, 0x9C2D, 0x942E,
    0x940F, 0x8BF0, 0x83D0, 0x7B90, 0x7371, 0x6B52, 0x6332, 0x6313, 0x5AF3, 0x52D4, 0x52B4, 0x4AB3, 0x4293, 0x4273, 0x4272, 0x3A52,
    0xB50A, 0xB50A, 0xB52A, 0xB52A, 0xB52A, 0xB50A, 0xB50A, 0xAD0A, 0xAD0A, 0xAD0B, 0xAD0B, 0xACEC, 0xACEC, 0xA4CC, 0xA4AD, 0x9C8E,
    0x948F, 0x9470, 0x8C51, 0x8411, 0x7BF2, 0x73D2, 0x73B3, 0x6B93, 0x6374, 0x6354, 0x5B54, 0x5B35, 0x5335, 0x5315, 0x5315, 0x4AF5,
    0xB56B, 0xB56B, 0xB56B, 0xB56B, 0xB56B, 0xB56B, 0xB56B, 0xB56B, 0xB56B, 0xB56C, 0xB56C, 0xB54D, 0xAD4D, 0xAD2D, 0xAD2E, 0xA50F,
    0x9CF0, 0x9CD1, 0x94B2, 0x8C92, 0x8473, 0x7C53, 0x7C14, 0x73F4, 0x6BF4, 0x6BD5, 0x63B5, 0x63B5, 0x6395, 0x5B96, 0x5B96, 0x5B76,
    0xBDCC, 0xBDCC, 0xBDCC, 0xBDCC, 0xBDCC, 0xBDCC, 0xBDCC, 0xBDCC, 0xBDCC, 0xBDCD, 0xBDAD, 0xB5AD, 0xB5AE, 0xB58E, 0xAD6E, 0xAD6F,
    0xA550, 0x9D32, 0x9D13, 0x94F3, 0x8CD3, 0x84B4, 0x7C94, 0x7C74, 0x7455, 0x7435, 0x6C15, 0x6C16, 0x6BF6, 0x63F6, 0x63D6, 0x63D6,
    0xBDED, 0xBDED, 0xBE0D, 0xBE0D, 0xBDED, 0xBDED, 0xBDED, 0xBDED, 0xBDED, 0xBDED, 0xBDED, 0xBDEE, 0xB5CE, 0xB5CE, 0xB5CF, 0xADB0,
    0xAD91, 0xA572, 0x9D53, 0x9D54, 0x9534, 0x8CF4, 0x84D5, 0x7CB5, 0x7C95, 0x7495, 0x7476, 0x7476, 0x6C56, 0x6C56, 0x6C36, 0x6C36,
    0xC60D, 0xBE0D, 0xBE0D, 0xBE0D, 0xBE0D, 0xBE0D, 0xBE0D, 0xBE0D, 0xBE0D, 0xBE0D, 0xBE0D, 0xBE0E, 0xBDEE, 0xB5EE, 0xB5EF, 0xADD0,
    0xADD1, 0xA5B2, 0xA594, 0x9D74, 0x9555, 0x8D55, 0x8D35, 0x8515, 0x84F6, 0x7CD6, 0x7CD6, 0x74B6, 0x74B6, 0x7496, 0x6C96, 0x6C76,
    0xC60D, 0xC60D, 0xBE0D, 0xBE0D, 0xBE0D, 0xBE0D, 0xBE0D, 0xBE0D, 0xBE0D, 0xBE0D, 0xBE0D, 0xBE0E, 0xBE0F, 0xBE0F, 0xB60F, 0xB5F0,
    0xADF1, 0xADD3, 0xA5B4, 0xA5B5, 0x9D95, 0x9575, 0x8D76, 0x8D56, 0x8536, 0x8536, 0x7D16, 0x7D16, 0x7CF6, 0x74F6, 0x74D6, 0x74D6,
    0xC60D, 0xC60D, 0xC60D, 0xBE0D, 0xBE0D, 0xBE0D, 0xBE0D, 0xBE0D, 0xBE0D, 0xBE0D, 0xBE0D, 0xBE0E, 0xBE0F, 0xBE2F, 0xB62F, 0xB610,
    0xB611, 0xADF3, 0xADF4, 0xA5D5, 0x9DB5, 0x9DB6, 0x9596, 0x8D96, 0x8D76, 0x8556, 0x8556, 0x8557, 0x7D37, 0x7D37, 0x7D16, 0x7516,
    0xC60D, 0xC60D, 0xC60D, 0xBE0D, 0xBE0D, 0xBE0D, 0xBE0D, 0xBE0D, 0xBE0D, 0xBE0D, 0xBE0D, 0xBE0E, 0xBE2E, 0xBE2F, 0xBE2F, 0xB630,
    0xB611, 0xB613, 0xADF4, 0xA5F5, 0xA5D6, 0x9DD6, 0x95B6, 0x95B6, 0x8D96, 0x8D97, 0x8D77, 0x8577, 0x8557, 0x8557, 0x7D57, 0x7D37,
    0xC60D, 0xC60D, 0xC60D, 0xBE0D, 0xBE0D, 0xBE0D, 0xBE0D, 0xBE0D, 0xBE0D, 0xBE0D, 0xBE0D, 0xBE0E, 0xBE2E, 0xBE2F, 0xBE2F, 0xB630,
    0xB632, 0xB613, 0xAE15, 0xAE15, 0xA5F6, 0xA5F6, 0x9DD6, 0x95D7, 0x95B7, 0x8DB7, 0x8DB7, 0x8D97, 0x8597, 0x8577, 0x8577, 0x7D77,
    0xC60D, 0xC60D, 0xC60D, 0xC60D, 0xC60D, 0xBE0D, 0xBE0D, 0xBE0D, 0xBE0E, 0xBE0D, 0xBE0D, 0xBE0E, 0xBE2E, 0xBE2F, 0xBE2F, 0xB630,
    0xB632, 0xB633, 0xB615, 0xAE15, 0xAE16, 0xA616, 0x9DF7, 0x9DF7, 0x95D7, 0x95D7, 0x8DD7, 0x8DB7, 0x8DB7, 0x8597, 0x8597, 0x8597,
    0xC60D, 0xC60D, 0xC60D, 0xC60D, 0xC60D, 0xC60D, 0xC60D, 0xC62D, 0xC62E, 0xBE0E, 0xBE0D, 0xBE0E, 0xBE2E, 0xBE2F, 0xBE2F, 0xB630,
    0xB632, 0xB633, 0xB635, 0xAE36, 0xAE16, 0xA616, 0x9E17, 0x9DF7, 0x95F7, 0x95F7, 0x95D7, 0x8DD7, 0x8DB7, 0x8DB7, 0x85B7, 0x8597,
    0xC60D, 0xC60D, 0xC60D, 0xC60D, 0xC60D, 0xC60D, 0xC60D, 0xC60D, 0xC60E, 0xBE0E, 0xBE0D, 0xBE0E, 0xBE2E, 0xBE2F, 0xBE2F, 0xBE30,
    0xB632, 0xB633, 0xB635, 0xB636, 0xAE36, 0xA617, 0xA617, 0x9E17, 0x9DF7, 0x95F7, 0x95F7, 0x8DD7, 0x8DD7, 0x8DD7, 0x8DB7, 0x85B7,
    0xC60D, 0xC60D, 0xC60D, 0xBE0D, 0xBE0D, 0xC60D, 0xC60D, 0xC60D, 0xC60E, 0xBE0D, 0xBE0D, 0xBE0E, 0xBE0E, 0xBE2F, 0xBE2F, 0xBE30,
    0xB632, 0xB634, 0xB635, 0xB636, 0xAE36, 0xAE37, 0xA617, 0x9E17, 0x9E17, 0x95F7, 0x95F7, 0x95F7, 0x8DF7, 0x8DF7, 0x8DD7, 0x8DD7,
    0xC60D, 0xC60D, 0xC60D, 0xC60D, 0xC60D, 0xC60D, 0xC60D, 0xC60D, 0xC60E, 0xBE0D, 0xBE0D, 0xBE0E, 0xBE0E, 0xBE2F, 0xBE2F, 0xBE30,
    0xB632, 0xB634, 0xB635, 0xB636, 0xAE36, 0xAE37, 0xA637, 0x9E17, 0x9E17, 0x9617, 0x95F7, 0x95F7, 0x8DF7, 0x8DF7, 0x8DF7, 0x8DF7,
    0xC60D, 0xC60D, 0xBE0D, 0xC60D, 0xC62D, 0xC60D, 0xC60D, 0xC60D, 0xC60E, 0xBE0D, 0xBE0D, 0xBE0E, 0xBE0E, 0xBE2F, 0xBE2F, 0xBE30,
    0xBE32, 0xB634, 0xB635, 0xB636, 0xAE36, 0xAE37, 0xA637, 0x9E17, 0x9E17, 0x9E17, 0x9617, 0x9617, 0x9618, 0x8DF8, 0x8DF8, 0x8DF8,
    0x7903, 0x78E3, 0x78C3, 0x78C3, 0x70A4, 0x78E6, 0x78E7, 0x7908, 0x7909, 0x70E9, 0x68C8, 0x58A8, 0x5087, 0x4886, 0x4066, 0x3866,
    0x3866, 0x3866, 0x3066, 0x3066, 0x2845, 0x2045, 0x1825, 0x1024, 0x0824, 0x0024, 0x0004, 0x0004, 0x0004, 0x0004, 0x0004, 0x0004,
    0x7903, 0x7903, 0x78E3, 0x78C3, 0x78C4, 0x78E6, 0x78E7, 0x7908, 0x7909, 0x70E9, 0x68C8, 0x58A8, 0x5087, 0x4887, 0x4066, 0x3866,
    0x3866, 0x3866, 0x3066, 0x3066, 0x2845, 0x2045, 0x1825, 0x1024, 0x0824, 0x0004, 0x0004, 0x0004, 0x0004, 0x0004, 0x0004, 0x0004,
    0x7923, 0x7923, 0x7903, 0x78E3, 0x78C4, 0x78E6, 0x78E7, 0x7908, 0x7909, 0x70E9, 0x68C8, 0x58A8, 0x5087, 0x4887, 0x4066, 0x3866,
    0x3866, 0x3866, 0x3066, 0x3066, 0x2845, 0x2045, 0x1825, 0x1024, 0x0824, 0x0004, 0x0004, 0x0004, 0x0004, 0x0004, 0x0004, 0x0004,
    0x7923, 0x7923, 0x7923, 0x8124, 0x8104, 0x8106, 0x7907, 0x7908, 0x7108, 0x70E8, 0x68C8, 0x58A8, 0x5087, 0x4887, 0x4066, 0x4066,
    0x3866, 0x3866, 0x3066, 0x3066, 0x2845, 0x2045, 0x1824, 0x1824, 0x1024, 0x0824, 0x0004, 0x0004, 0x0005, 0x0005, 0x0004, 0x0004,
    0x8123, 0x8143, 0x8143, 0x8144, 0x8944, 0x8146, 0x8127, 0x7907, 0x70E8, 0x70E8, 0x68C8, 0x58A8, 0x5087, 0x4887, 0x4066, 0x4066,
    0x3866, 0x3866, 0x3066, 0x3066, 0x2845, 0x2045, 0x2044, 0x1824, 0x1024, 0x0824, 0x0824, 0x0004, 0x0005, 0x0025, 0x0005, 0x0005,
    0x8163, 0x8163, 0x8163, 0x8164, 0x8984, 0x8965, 0x8966, 0x8127, 0x7908, 0x68E8, 0x60A8, 0x58A8, 0x5087, 0x4887, 0x4066, 0x4066,
    0x3866, 0x3866, 0x3065, 0x3045, 0x2845, 0x2844, 0x2044, 0x1824, 0x1024, 0x1024, 0x0824, 0x0004, 0x0005, 0x0005, 0x0005, 0x0005,
    0x8183, 0x81A4, 0x81A4, 0x81A4, 0x89A4, 0x89A5, 0x9186, 0x8167, 0x7928, 0x70E8, 0x60C8, 0x58A7, 0x5087, 0x4887, 0x4866, 0x4066,
    0x3866, 0x3866, 0x3065, 0x3045, 0x2845, 0x2844, 0x2044, 0x1824, 0x1824, 0x1024, 0x0824, 0x0024, 0x0004, 0x0005, 0x0005, 0x0005,
    0x89E4, 0x89E4, 0x89E4, 0x89E4, 0x89E4, 0x89C5, 0x89C5, 0x89A6, 0x8167, 0x7928, 0x68E8, 0x60C8, 0x58A7, 0x5087, 0x4886, 0x4066,
    0x3866, 0x3866, 0x3065, 0x3045, 0x2845, 0x2844, 0x2044, 0x1824, 0x1024, 0x1024, 0x0824, 0x0004, 0x0004, 0x0004, 0x0004, 0x0005,
    0x8A24, 0x8A24, 0x8A44, 0x8A24, 0x8A24, 0x8A24, 0x8A05, 0x91E6, 0x91C7, 0x8188, 0x7948, 0x6908, 0x60C8, 0x50A7, 0x4887, 0x4086,
    0x4066, 0x3866, 0x3065, 0x3045, 0x2845, 0x2845, 0x2044, 0x1824, 0x1024, 0x0823, 0x0803, 0x0003, 0x0004, 0x0004, 0x0004, 0x0004,
    0x9285, 0x9285, 0x9285, 0x9285, 0x9285, 0x9265, 0x9245, 0x9226, 0x9207, 0x91E8, 0x89A8, 0x7969, 0x7149, 0x6108, 0x58C8, 0x50A7,
    0x4887, 0x4066, 0x3866, 0x3066, 0x3045, 0x2845, 0x2045, 0x1844, 0x1824, 0x1024, 0x0824, 0x0004, 0x0004, 0x0004, 0x0004, 0x0004,
    0x92C5, 0x92C5, 0x9AC5, 0x9AC5, 0x9AC5, 0x92C5, 0x92A5, 0x9286, 0x9266, 0x9A47, 0x9A08, 0x89E9, 0x81A9, 0x7169, 0x6929, 0x58E8,
    0x50C8, 0x48A7, 0x4087, 0x3887, 0x3066, 0x3066, 0x2846, 0x2045, 0x1845, 0x1025, 0x0824, 0x0804, 0x0004, 0x0004, 0x0004, 0x0004,
    0x9B06, 0x9B06, 0x9B06, 0x9B06, 0x9B06, 0x9B06, 0x92E6, 0x92C6, 0x92A6, 0x9A87, 0x9A68, 0x9A49, 0x922A, 0x89EA, 0x79AA, 0x718A,
    0x6149, 0x5909, 0x50E9, 0x48C8, 0x40A8, 0x3888, 0x3087, 0x2867, 0x2047, 0x1846, 0x1026, 0x0825, 0x0825, 0x0825, 0x0025, 0x0005,
    0x9B46, 0x9B46, 0x9B46, 0x9B46, 0x9B46, 0x9B46, 0x9B26, 0x9B06, 0x9B07, 0x9AE7, 0x9AC8, 0xA2A9, 0xA28A, 0x9A6B, 0x8A4B, 0x820B,
    0x71CB, 0x698B, 0x616A, 0x514A, 0x492A, 0x40EA, 0x38C9, 0x30A9, 0x2888, 0x2088, 0x2068, 0x1867, 0x1047, 0x1047, 0x0847, 0x0827,
    0xA386, 0xA387, 0xA3A7, 0xA3A7, 0xA387, 0x9B86, 0x9B66, 0x9B66, 0x9B47, 0x9B48, 0x9B28, 0xA309, 0xA2EA, 0x9AEB, 0x92CB, 0x8AAC,
    0x826C, 0x7A2C, 0x720C, 0x69EC, 0x61CC, 0x518C, 0x496C, 0x414C, 0x392C, 0x310B, 0x28EB, 0x20CA, 0x20AA, 0x18AA, 0x188A, 0x1089,
    0xA3E7, 0xA3E7, 0xA3E7, 0xA3E7, 0xA3E7, 0xA3C7, 0xA3C7, 0xA3A7, 0x9BA7, 0xA3A8, 0xA3A9, 0xA389, 0xA36A, 0xA34B, 0x9B4C, 0x930C,
    0x8AED, 0x82AD, 0x7A8E, 0x726E, 0x6A4E, 0x622F, 0x5A0F, 0x51CE, 0x49AE, 0x418E, 0x396E, 0x314E, 0x312D, 0x292D, 0x210D, 0x20EC,
    0xA428, 0xAC48, 0xAC48, 0xAC48, 0xAC48, 0xAC48, 0xA428, 0xA428, 0xA428, 0xA409, 0xA409, 0xA40A, 0xA3EB, 0xA3CB, 0xA3AC, 0x9B8D,
    0x936E, 0x8B4E, 0x832F, 0x7B0F, 0x72D0, 0x6AB0, 0x6290, 0x5A71, 0x5A51, 0x5231, 0x4A11, 0x41F1, 0x41F1, 0x39D1, 0x31B1, 0x31B1,
    0xAC89, 0xACA9, 0xACA9, 0xACA9, 0xACA9, 0xACA9, 0xACA9, 0xAC89, 0xAC89, 0xAC8A, 0xAC8A, 0xAC6B, 0xAC6B, 0xAC4C, 0xA42C, 0x9C0D,
    0x93EE, 0x93CF, 0x8BB0, 0x8390, 0x7B71, 0x7331, 0x6B12, 0x6AF2, 0x62F3, 0x5AD3, 0x52B3, 0x5294, 0x4A74, 0x4A74, 0x4253, 0x4253,
    0xB50A, 0xB50A, 0xB50A, 0xB52A, 0xB52A, 0xB50A, 0xB50A, 0xB50A, 0xB50A, 0xAD0B, 0xACEB, 0xACEC, 0xACCC, 0xACAC, 0xACAD, 0xA48E,
    0x9C6F, 0x9450, 0x9451, 0x8C11, 0x83F1, 0x7BB2, 0x7392, 0x7393, 0x6B73, 0x6354, 0x6334, 0x5B15, 0x5B15, 0x52F5, 0x52F5, 0x4AD5,
    0xB54B, 0xB56B, 0xB56B, 0xB56B, 0xB56B, 0xB56B, 0xB56B, 0xB56B, 0xB56B, 0xB54C, 0xB54C, 0xB54C, 0xB52D, 0xAD2D, 0xAD0D, 0xA4EF,
    0xA4F0, 0x9CD1, 0x9CB2, 0x9492, 0x8C72, 0x8433, 0x8413, 0x7C13, 0x73F4, 0x73D4, 0x6BB5, 0x6BB5, 0x6395, 0x6375, 0x5B75, 0x5B76,
    0xBDAC, 0xBDAC, 0xBDAC, 0xBDAC, 0xBDAC, 0xBDAC, 0xBDAC, 0xBDAC, 0xBDAC, 0xBDAC, 0xB5AD, 0xB5AD, 0xB58E, 0xB56E, 0xB56E, 0xAD4F,
    0xAD50, 0xA532, 0xA512, 0x9CF3, 0x94D3, 0x8CB3, 0x8C94, 0x8474, 0x7C54, 0x7C55, 0x7435, 0x7435, 0x7415, 0x6C16, 0x6BF6, 0x6BF6,
    0xBDED, 0xBDED, 0xBDED, 0xBDED, 0xBDED, 0xBDED, 0xBDED, 0xBDEC, 0xBDEC, 0xBDED, 0xBDCD, 0xBDCE, 0xBDCE, 0xB5CE, 0xB5AF, 0xB58F,
    0xAD91, 0xAD72, 0xA553, 0xA554, 0x9D34, 0x9514, 0x8CF4, 0x8CD5, 0x84B5, 0x8495, 0x7C95, 0x7C76, 0x7C76, 0x7476, 0x7456, 0x7456,
    0xBE0D, 0xBE0D, 0xBE0D, 0xBE0D, 0xBE0D, 0xBE0D, 0xBE0D, 0xBE0D, 0xBE0D, 0xBE0D, 0xBE0D, 0xBE0E, 0xBE0E, 0xBDEF, 0xBDEF, 0xB5D0,
    0xB5D1, 0xADB2, 0xAD93, 0xA574, 0x9D75, 0x9D55, 0x9535, 0x9535, 0x8D15, 0x8CF6, 0x84D6, 0x84D6, 0x7CB6, 0x7CB6, 0x7C96, 0x7496,
    0xC60D, 0xC60D, 0xBE0D, 0xBE0D, 0xC60D, 0xBE0D, 0xBE0D, 0xBE0D, 0xBE0D, 0xBE0D, 0xBE0D, 0xBE0E, 0xBE0F, 0xBE0F, 0xBE0F, 0xB610,
    0xB5F1, 0xB5D3, 0xADD4, 0xADB4, 0xA595, 0x9D75, 0x9D75, 0x9556, 0x9556, 0x8D36, 0x8D16, 0x8516, 0x84F6, 0x84F6, 0x7CF6, 0x7CD6,
    0xC62D, 0xC60D, 0xC60D, 0xBE0D, 0xBE0D, 0xBE0D, 0xC60D, 0xBE0D, 0xBE0D, 0xBE0D, 0xBE0D, 0xBE0E, 0xBE0F, 0xBE2F, 0xBE2F, 0xBE10,
    0xB611, 0xB5F3, 0xB5F4, 0xADD5, 0xA5B5, 0xA5B6, 0x9D96, 0x9596, 0x9576, 0x9576, 0x8D56, 0x8D56, 0x8D36, 0x8536, 0x8536, 0x7D16,
    0xC62D, 0xC60D, 0xC60D, 0xC60D, 0xBE0D, 0xBE0D, 0xBE0D, 0xBE0D, 0xBE0D, 0xBE0D, 0xBE0D, 0xBE0E, 0xBE2F, 0xBE2F, 0xBE2F, 0xBE30,
    0xB631, 0xB613, 0xB614, 0xADF5, 0xADF6, 0xA5D6, 0xA5D6, 0x9DB6, 0x95B6, 0x9596, 0x9597, 0x8D77, 0x8D77, 0x8D57, 0x8557, 0x8557,
    0xC62D, 0xC62D, 0xC62D, 0xC60D, 0xBE0D, 0xBE0D, 0xBE0D, 0xBE0D, 0xC60D, 0xBE0D, 0xBE0E, 0xBE0E, 0xBE2F, 0xBE2F, 0xBE2F, 0xBE30,
    0xBE32, 0xB633, 0xB614, 0xB615, 0xAE16, 0xADF6, 0xA5F6, 0x9DD6, 0x9DD7, 0x9DD7, 0x95B7, 0x95B7, 0x8D97, 0x8D97, 0x8D77, 0x8D77,
    0xC60D, 0xC60D, 0xC62D, 0xC60D, 0xC60D, 0xC60D, 0xC60D, 0xC60D, 0xC60E, 0xBE0E, 0xBE0E, 0xBE2E, 0xBE2E, 0xBE2F, 0xBE30, 0xBE30,
    0xBE32, 0xB633, 0xB635, 0xB616, 0xB616, 0xAE16, 0xA5F7, 0xA5F7, 0x9DD7, 0x9DD7, 0x9DD7, 0x95B7, 0x95B7, 0x8DB7, 0x8D97, 0x8D97,
    0xBE0D, 0xC60D, 0xC62D, 0xC62D, 0xC62D, 0xC62D, 0xC62D, 0xC62E, 0xC62E, 0xC60E, 0xBE0E, 0xBE2E, 0xBE2E, 0xBE2F, 0xBE30, 0xBE30,
    0xBE32, 0xBE33, 0xB635, 0xB636, 0xB636, 0xAE17, 0xAE17, 0xA5F7, 0xA5F7, 0x9DF7, 0x9DD7, 0x9DD7, 0x95D7, 0x95B7, 0x95B7, 0x8DB7,
    0xBE0D, 0xC60D, 0xC60D, 0xC60D, 0xC60D, 0xC60D, 0xC60D, 0xC62E, 0xC62E, 0xC62E, 0xC62E, 0xBE2E, 0xBE2E, 0xBE2F, 0xBE2F, 0xBE30,
    0xBE31, 0xBE33, 0xB635, 0xB636, 0xB636, 0xAE37, 0xAE17, 0xA617, 0xA5F7, 0x9DF7, 0x9DF7, 0x9DF7, 0x95D7, 0x95D7, 0x95D7, 0x95D7,
    0xBE0D, 0xBE0D, 0xBE0D, 0xC60D, 0xC60D, 0xC60D, 0xC60D, 0xC60E, 0xC60E, 0xC62E, 0xC62E, 0xBE0E, 0xBE0E, 0xBE2F, 0xBE2F, 0xBE30,
    0xBE31, 0xBE33, 0xBE35, 0xB636, 0xB636, 0xB637, 0xAE37, 0xAE17, 0xA617, 0xA617, 0x9DF7, 0x9DF7, 0x9DF7, 0x95F7, 0x95F7, 0x95D7,
    0xC60D, 0xBE0D, 0xBE0D, 0xBE0D, 0xC60D, 0xC60D, 0xC60D, 0xC60E, 0xC60E, 0xC62E, 0xC62E, 0xBE0E, 0xBE0E, 0xBE2F, 0xBE30, 0xBE30,
    0xBE31, 0xBE33, 0xBE35, 0xB636, 0xB636, 0xB637, 0xAE37, 0xAE17, 0xA617, 0xA617, 0x9E17, 0x9E18, 0x9DF8, 0x95F7, 0x95F7, 0x95F7,
    0xC60D, 0xBE0D, 0xBE0D, 0xBE0D, 0xC60D, 0xC60D, 0xC60D, 0xC60D, 0xBE0E, 0xC60E, 0xC62E, 0xC60E, 0xC60E, 0xBE2F, 0xBE30, 0xBE30,
    0xBE52, 0xBE53, 0xBE55, 0xBE36, 0xB636, 0xB637, 0xAE37, 0xAE37, 0xA617, 0xA618, 0x9E18, 0x9E18, 0x9E18, 0x9DF8, 0x95F8, 0x9618,
    0x7903, 0x78E3, 0x78C2, 0x78A3, 0x70A4, 0x70C5, 0x78E7, 0x70E7, 0x70E8, 0x68C8, 0x68C8, 0x58A7, 0x5087, 0x4886, 0x4066, 0x4066,
    0x3866, 0x3065, 0x3065, 0x3045, 0x2845, 0x2045, 0x1825, 0x1024, 0x1024, 0x0824, 0x0824, 0x0004, 0x0004, 0x0004, 0x0004, 0x0004,
    0x7903, 0x7903, 0x78E3, 0x78C3, 0x78A4, 0x78C5, 0x78E6, 0x70E7, 0x70E8, 0x68C8, 0x68C8, 0x58A7, 0x5087, 0x4886, 0x4066, 0x4066,
    0x3866, 0x3866, 0x3065, 0x3045, 0x2845, 0x2045, 0x2045, 0x1824, 0x1024, 0x0824, 0x0824, 0x0004, 0x0004, 0x0004, 0x0004, 0x0004,
    0x8123, 0x7903, 0x7903, 0x78E3, 0x78C4, 0x78C5, 0x78E6, 0x70E7, 0x70E8, 0x70E8, 0x68C8, 0x58A7, 0x5087, 0x4886, 0x4066, 0x4066,
    0x3866, 0x3866, 0x3066, 0x3065, 0x2845, 0x2045, 0x2045, 0x1824, 0x1024, 0x0824, 0x0824, 0x0004, 0x0004, 0x0004, 0x0004, 0x0004,
    0x8123, 0x8123, 0x8123, 0x8104, 0x8104, 0x8105, 0x78E6, 0x78E7, 0x70E8, 0x68C8, 0x68C8, 0x58A7, 0x5087, 0x4886, 0x4066, 0x4066,
    0x3866, 0x3866, 0x3066, 0x3066, 0x3045, 0x2845, 0x2045, 0x1825, 0x1824, 0x1024, 0x0824, 0x0804, 0x0004, 0x0004, 0x0004, 0x0004,
    0x8123, 0x8123, 0x8143, 0x8944, 0x8944, 0x8125, 0x8107, 0x78E7, 0x70E8, 0x68C8, 0x68C8, 0x60A8, 0x5887, 0x4887, 0x4886, 0x4066,
    0x3866, 0x3866, 0x3866, 0x3066, 0x3045, 0x2845, 0x2045, 0x2044, 0x1824, 0x1025, 0x0825, 0x0825, 0x0025, 0x0025, 0x0005, 0x0005,
    0x8143, 0x8163, 0x8163, 0x8164, 0x8964, 0x8965, 0x8946, 0x8127, 0x70E8, 0x68C8, 0x68A8, 0x60A7, 0x5887, 0x5087, 0x4886, 0x4066,
    0x3866, 0x3866, 0x3065, 0x3065, 0x3045, 0x2845, 0x2044, 0x2044, 0x1824, 0x1024, 0x1024, 0x0825, 0x0825, 0x0005, 0x0005, 0x0005,
    0x8183, 0x8183, 0x8184, 0x8984, 0x89A4, 0x8985, 0x9186, 0x8147, 0x7908, 0x70E8, 0x68A8, 0x60A7, 0x5887, 0x5087, 0x4886, 0x4066,
    0x3866, 0x3866, 0x3065, 0x3045, 0x3045, 0x2845, 0x2844, 0x2044, 0x1824, 0x1824, 0x1024, 0x0824, 0x0825, 0x0005, 0x0005, 0x0005,
    0x89C4, 0x89C4, 0x89C4, 0x89C4, 0x89C4, 0x89C5, 0x91A5, 0x8987, 0x8167, 0x7928, 0x68E8, 0x60C8, 0x58A7, 0x5087, 0x4886, 0x4066,
    0x4066, 0x3865, 0x3065, 0x3045, 0x2845, 0x2844, 0x2044, 0x2044, 0x1824, 0x1024, 0x1024, 0x0824, 0x0004, 0x0004, 0x0004, 0x0004,
    0x8A04, 0x8A04, 0x8A24, 0x8A24, 0x8A24, 0x9204, 0x91E5, 0x91C6, 0x91A7, 0x8168, 0x7928, 0x68E8, 0x60C8, 0x58A7, 0x5087, 0x4886,
    0x4066, 0x3865, 0x3865, 0x3045, 0x2845, 0x2845, 0x2044, 0x2044, 0x1824, 0x1023, 0x0823, 0x0803, 0x0004, 0x0004, 0x0004, 0x0004,
    0x9265, 0x9265, 0x9285, 0x9285, 0x9265, 0x9265, 0x9245, 0x9226, 0x9207, 0x91C8, 0x89A8, 0x7968, 0x7128, 0x60E8, 0x58C7, 0x50A7,
    0x4886, 0x4066, 0x3866, 0x3065, 0x3045, 0x2845, 0x2845, 0x2044, 0x1824, 0x1024, 0x0824, 0x0804, 0x0004, 0x0004, 0x0004, 0x0004,
    0x92A5, 0x9AC5, 0x9AC5, 0x9AC5, 0x9AC5, 0x92A5, 0x9285, 0x9266, 0x9A46, 0x9A27, 0x9A08, 0x89C9, 0x81A9, 0x7149, 0x6908, 0x58E8,
    0x50A7, 0x4887, 0x4087, 0x3866, 0x3866, 0x3066, 0x2846, 0x2045, 0x2045, 0x1825, 0x1024, 0x0824, 0x0804, 0x0004, 0x0004, 0x0004,
    0x9AE6, 0x9B06, 0x9B06, 0x9B06, 0x9B06, 0x9AE6, 0x9AC5, 0x9AC6, 0x9AA6, 0x9A87, 0x9A68, 0x9A49, 0x9209, 0x89EA, 0x79AA, 0x7169,
    0x6129, 0x5908, 0x48C8, 0x48A8, 0x40A8, 0x3887, 0x3067, 0x2867, 0x2846, 0x2046, 0x1846, 0x1025, 0x1025, 0x0825, 0x0825, 0x0825,
    0x9B46, 0x9B46, 0x9B46, 0x9B46, 0x9B46, 0x9B46, 0x9B26, 0x9B06, 0x9AE6, 0x9AC7, 0x9AA8, 0xA2A9, 0xA28A, 0x9A6A, 0x922B, 0x81EB,
    0x71AA, 0x696A, 0x594A, 0x5109, 0x48E9, 0x48E9, 0x40C9, 0x38A9, 0x3088, 0x2888, 0x2068, 0x2067, 0x1847, 0x1047, 0x1047, 0x0846,
    0xA386, 0xA387, 0xA387, 0xA387, 0xA387, 0xA386, 0x9B66, 0x9B46, 0x9B47, 0x9B28, 0xA328, 0xA309, 0xA2EA, 0xA2CA, 0x9AAB, 0x928C,
    0x824C, 0x7A0C, 0x71EC, 0x69CC, 0x61AC, 0x598C, 0x516C, 0x494B, 0x412B, 0x390B, 0x30EA, 0x28CA, 0x28AA, 0x20AA, 0x2089, 0x1889,
    0xA3E7, 0xA3E7, 0xA3E7, 0xA3E7, 0xA3E7, 0xA3C7, 0xA3C7, 0xA3A7, 0xA3A7, 0xA3A8, 0xA389, 0xA369, 0xA34A, 0xA34B, 0xA32B, 0x9B0C,
    0x92CD, 0x8AAD, 0x828D, 0x7A4E, 0x722E, 0x6A0E, 0x61EE, 0x59CE, 0x51AE, 0x498E, 0x416D, 0x394D, 0x392D, 0x312D, 0x290D, 0x28EC,
    0xAC48, 0xAC48, 0xAC48, 0xAC48, 0xAC48, 0xAC48, 0xAC28, 0xA428, 0xA408, 0xA409, 0xA409, 0xABEA, 0xABCA, 0xABAB, 0xA3AC, 0x9B8D,
    0x936D, 0x8B2E, 0x8B0E, 0x82EF, 0x7ACF, 0x72B0, 0x6A90, 0x6270, 0x6251, 0x5A31, 0x5211, 0x49F1, 0x49D1, 0x41D1, 0x39B1, 0x39B1,
    0xACA9, 0xACA9, 0xACA9, 0xACA9, 0xACA9, 0xACA9, 0xAC89, 0xAC89, 0xAC89, 0xAC89, 0xAC6A, 0xAC6B, 0xAC4B, 0xAC2B, 0xAC0C, 0xA40D,
    0x9BEE, 0x93CF, 0x8BAF, 0x8B70, 0x8350, 0x7B31, 0x7311, 0x72F2, 0x6AD2, 0x62B3, 0x62B3, 0x5A93, 0x5273, 0x5254, 0x4A53, 0x4A53,
    0xB50A, 0xB50A, 0xB50A, 0xB50A, 0xB50A, 0xB50A, 0xB50A, 0xB50A, 0xB50A, 0xB4EA, 0xACEB, 0xACEC, 0xACCC, 0xACAC, 0xAC8D, 0xA46E,
    0xA46F, 0x9C50, 0x9430, 0x9411, 0x8BF1, 0x83B1, 0x7B92, 0x7B93, 0x7373, 0x6B54, 0x6B34, 0x6314, 0x62F4, 0x5AF5, 0x52D5, 0x52D5,
    0xB54B, 0xB56B, 0xB56B, 0xB56B, 0xB56B, 0xB56B, 0xB54B, 0xB54B, 0xB54B, 0xB54B, 0xB54C, 0xB54C, 0xB52D, 0xB50D, 0xB50D, 0xACEE,
    0xA4CF, 0xA4D1, 0x9CB1, 0x9492, 0x9472, 0x8C32, 0x8413, 0x8413, 0x7BF4, 0x73D4, 0x73B4, 0x6B95, 0x6B95, 0x6375, 0x6375, 0x6355,
    0xBDAC, 0xBDAC, 0xBDAC, 0xBDAC, 0xBDAC, 0xBDAC, 0xBDAC, 0xBDAC, 0xBDAC, 0xBD8C, 0xB58D, 0xB58D, 0xB58E, 0xB56E, 0xB54E, 0xAD4F,
    0xAD30, 0xAD31, 0xA512, 0x9CF3, 0x9CD3, 0x94B3, 0x9493, 0x8C74, 0x8474, 0x8454, 0x7C35, 0x7C15, 0x7415, 0x73F5, 0x73F6, 0x6BD6,
    0xBDEC, 0xBDCC, 0xBDCC, 0xBDEC, 0xBDED, 0xBDEC, 0xBDEC, 0xBDCC, 0xBDCC, 0xBDCD, 0xBDCD, 0xBDCE, 0xBDCE, 0xBDAE, 0xB5AE, 0xB58F,
    0xB570, 0xAD72, 0xAD53, 0xA553, 0xA534, 0x9D14, 0x94F4, 0x94D4, 0x8CD5, 0x8CB5, 0x8495, 0x8495, 0x8475, 0x7C76, 0x7C56, 0x7C56,
    0xBE0D, 0xBE0D, 0xBE0D, 0xBE0D, 0xBE0D, 0xBE0D, 0xBE0D, 0xBE0D, 0xBE0D, 0xBE0D, 0xBDED, 0xBDEE, 0xBDEE, 0xBDEF, 0xBDEF, 0xB5D0,
    0xB5D1, 0xB5B2, 0xAD93, 0xAD74, 0xA574, 0xA555, 0x9D35, 0x9D35, 0x9515, 0x9515, 0x8CF5, 0x8CD6, 0x8CD6, 0x84B6, 0x84B6, 0x84B6,
    0xC60D, 0xC60D, 0xC60D, 0xC60D, 0xC60D, 0xBE0D, 0xBE0D, 0xBE0D, 0xBE0D, 0xBE0D, 0xBE0D, 0xBE0E, 0xBE0F, 0xBE0F, 0xBE0F, 0xBDF0,
    0xB5F1, 0xB5D2, 0xB5D3, 0xADB4, 0xAD95, 0xA595, 0xA575, 0x9D76, 0x9D56, 0x9556, 0x9536, 0x8D16, 0x8D16, 0x8CF6, 0x84F6, 0x84F6,
    0xC62D, 0xC60D, 0xC60D, 0xC60D, 0xBE0D, 0xBE0D, 0xC60D, 0xBE0D, 0xBE0D, 0xBE0D, 0xBE0D, 0xBE0E, 0xBE0F, 0xBE0F, 0xBE0F, 0xBE10,
    0xBE11, 0xB612, 0xB5F4, 0xB5D5, 0xADD5, 0xADB6, 0xA5B6, 0xA596, 0x9D96, 0x9D76, 0x9576, 0x9556, 0x9556, 0x8D36, 0x8D36, 0x8D36,
    0xC62D, 0xC60D, 0xC60D, 0xC60D, 0xBE0D, 0xBE0D, 0xC60D, 0xC60D, 0xBE0D, 0xBE0D, 0xBE0D, 0xBE0E, 0xC62F, 0xC62F, 0xBE2F, 0xBE30,
    0xBE31, 0xBE13, 0xB614, 0xB5F5, 0xB5F6, 0xADD6, 0xADD6, 0xA5B6, 0xA5B6, 0x9D96, 0x9D96, 0x9D97, 0x9577, 0x9557, 0x8D57, 0x8D57,
    0xC62D, 0xC62D, 0xC60D, 0xC60D, 0xBE0D, 0xBE0D, 0xC60D, 0xC60D, 0xC60D, 0xBE0D, 0xBE0D, 0xBE2E, 0xC62F, 0xC62F, 0xBE30, 0xBE30,
    0xBE31, 0xBE33, 0xBE34, 0xB615, 0xB616, 0xB5F6, 0xADF6, 0xA5D6, 0xA5D7, 0xA5D7, 0x9DB7, 0x9DB7, 0x9D97, 0x9597, 0x9597, 0x9577,
    0xC60D, 0xC60D, 0xC62D, 0xC60D, 0xC60D, 0xC60D, 0xC60D, 0xC60D, 0xC60D, 0xC60E, 0xBE0E, 0xC62E, 0xC62F, 0xC62F, 0xC630, 0xBE30,
    0xBE31, 0xBE33, 0xBE34, 0xBE35, 0xB616, 0xB616, 0xAE17, 0xADF7, 0xA5F7, 0xA5D7, 0xA5D7, 0x9DD7, 0x9DB7, 0x9DB7, 0x95B7, 0x9597,
    0xBE0D, 0xC60D, 0xC62D, 0xC62D, 0xC62D, 0xC60D, 0xC60D, 0xC60E, 0xC62E, 0xC60E, 0xC60E, 0xC62E, 0xC62E, 0xC62F, 0xC630, 0xBE50,
    0xBE51, 0xBE33, 0xBE34, 0xBE36, 0xB636, 0xB637, 0xB617, 0xAE17, 0xADF7, 0xA5F7, 0xA5F7, 0xA5D7, 0x9DD7, 0x9DD7, 0x9DB7, 0x9DB7,
    0xBE0D, 0xC60D, 0xC60D, 0xC60D, 0xC60D, 0xC60D, 0xC60D, 0xC60E, 0xC60E, 0xC62E, 0xC62E, 0xC62E, 0xC62E, 0xC62F, 0xC630, 0xBE30,
    0xBE31, 0xBE33, 0xBE35, 0xBE36, 0xBE36, 0xB637, 0xB637, 0xAE17, 0xAE17, 0xA5F7, 0xA5F7, 0xA5F7, 0xA5F7, 0x9DD7, 0x9DD7, 0x9DD7,
    0xBE0D, 0xBE0D, 0xBE0D, 0xC60D, 0xC60D, 0xC60D, 0xC60D, 0xC60E, 0xC60E, 0xC62E, 0xC62E, 0xC62E, 0xC62E, 0xC62F, 0xC630, 0xBE30,
    0xBE31, 0xBE53, 0xBE55, 0xBE36, 0xBE36, 0xB637, 0xB637, 0xB617, 0xAE17, 0xAE17, 0xA617, 0xA618, 0xA5F7, 0xA5F7, 0x9DF7, 0x9DD7,
    0xC60D, 0xBE0D, 0xBE0D, 0xBE0D, 0xC60D, 0xC60D, 0xC60D, 0xC60D, 0xC60E, 0xC62E, 0xC62E, 0xC62E, 0xC62E, 0xC62F, 0xC630, 0xC630,
    0xBE51, 0xBE53, 0xBE55, 0xBE36, 0xBE36, 0xB637, 0xB637, 0xB637, 0xAE17, 0xAE17, 0xA618, 0xA618, 0xA618, 0xA5F8, 0x9DF8, 0x9DF8,
    0xC60D, 0xBE0D, 0xBE0D, 0xBE0D, 0xC60D, 0xC60D, 0xC60D, 0xC60D, 0xC60E, 0xC60E, 0xC60E, 0xC62E, 0xC62E, 0xC62F, 0xC630, 0xC630,
    0xBE52, 0xBE53, 0xBE55, 0xBE56, 0xBE36, 0xBE37, 0xB637, 0xB637, 0xAE37, 0xAE38, 0xAE18, 0xA618, 0xA618, 0xA618, 0xA618, 0x9E18,
    0x78E3, 0x78C2, 0x78A2, 0x70A3, 0x70A4, 0x70A5, 0x70A6, 0x68A6, 0x68A7, 0x68A7, 0x60A7, 0x5887, 0x5086, 0x4886, 0x4066, 0x4066,
    0x3866, 0x3865, 0x3065, 0x3045, 0x2845, 0x2845, 0x2045, 0x1845, 0x1824, 0x1024, 0x0824, 0x0804, 0x0004, 0x0004, 0x0004, 0x0004,
    0x7903, 0x78E3, 0x78C3, 0x78C3, 0x70A4, 0x70A5, 0x70A6, 0x68A6, 0x68A7, 0x68A7, 0x60A7, 0x5887, 0x5086, 0x4886, 0x4066, 0x4066,
    0x3866, 0x3865, 0x3865, 0x3065, 0x3045, 0x2845, 0x2045, 0x2045, 0x1825, 0x1025, 0x0824, 0x0824, 0x0004, 0x0004, 0x0004, 0x0004,
    0x7903, 0x7903, 0x78E3, 0x78C3, 0x78A4, 0x70A5, 0x70A6, 0x70A6, 0x68A7, 0x68A7, 0x60A7, 0x5887, 0x5086, 0x4886, 0x4866, 0x4066,
    0x4066, 0x3866, 0x3866, 0x3065, 0x3045, 0x2845, 0x2045, 0x2045, 0x1825, 0x1025, 0x1024, 0x0824, 0x0824, 0x0024, 0x0004, 0x0004,
    0x8103, 0x8103, 0x8103, 0x8104, 0x80E4, 0x78E5, 0x78C6, 0x70C7, 0x68A7, 0x68A7, 0x60A7, 0x58A7, 0x5887, 0x5086, 0x4886, 0x4066,
    0x4066, 0x3866, 0x3866, 0x3066, 0x3045, 0x2845, 0x2845, 0x2045, 0x1845, 0x1825, 0x1025, 0x0825, 0x0824, 0x0004, 0x0004, 0x0004,
    0x8123, 0x8123, 0x8123, 0x8924, 0x8924, 0x8105, 0x78E6, 0x70C7, 0x68C7, 0x68A7, 0x60A7, 0x60A7, 0x5887, 0x5087, 0x4886, 0x4066,
    0x4066, 0x3866, 0x3866, 0x3866, 0x3065, 0x2845, 0x2845, 0x2045, 0x2045, 0x1825, 0x1025, 0x1025, 0x0825, 0x0805, 0x0025, 0x0025,
    0x8143, 0x8143, 0x8143, 0x8164, 0x8964, 0x8945, 0x8926, 0x7907, 0x70C7, 0x68C7, 0x60A7, 0x60A7, 0x5887, 0x5087, 0x4886, 0x4066,
    0x4066, 0x3866, 0x3866, 0x3066, 0x3045, 0x2845, 0x2845, 0x2044, 0x2044, 0x1825, 0x1825, 0x1025, 0x0825, 0x0825, 0x0025, 0x0025,
    0x8163, 0x8163, 0x8163, 0x8183, 0x8984, 0x8985, 0x9166, 0x8127, 0x78E8, 0x70C8, 0x68A7, 0x60A7, 0x5887, 0x5087, 0x4886, 0x4066,
    0x4066, 0x3865, 0x3865, 0x3065, 0x3045, 0x2845, 0x2845, 0x2044, 0x2044, 0x1844, 0x1825, 0x1025, 0x0825, 0x0825, 0x0025, 0x0025,
    0x89A4, 0x89A4, 0x89A4, 0x89C4, 0x89C4, 0x89A5, 0x91A5, 0x8966, 0x8147, 0x7908, 0x68C8, 0x60A7, 0x58A7, 0x5087, 0x4886, 0x4086,
    0x4066, 0x3865, 0x3865, 0x3045, 0x3045, 0x2845, 0x2844, 0x2044, 0x2044, 0x1824, 0x1024, 0x1024, 0x0824, 0x0804, 0x0004, 0x0004,
    0x89E4, 0x89E4, 0x8A04, 0x8A04, 0x8A04, 0x91E4, 0x91E5, 0x91C6, 0x91A7, 0x8148, 0x7908, 0x68E8, 0x60A7, 0x58A7, 0x5087, 0x4886,
    0x4066, 0x3865, 0x3865, 0x3045, 0x2845, 0x2845, 0x2844, 0x2044, 0x1824, 0x1823, 0x1023, 0x0824, 0x0804, 0x0004, 0x0004, 0x0004,
    0x9244, 0x9245, 0x9265, 0x9265, 0x9265, 0x9245, 0x9225, 0x9206, 0x91E7, 0x91A7, 0x8988, 0x7948, 0x7108, 0x60E8, 0x58A7, 0x5087,
    0x4886, 0x4066, 0x3865, 0x3045, 0x3045, 0x3045, 0x2845, 0x2044, 0x2044, 0x1824, 0x1024, 0x0824, 0x0804, 0x0004, 0x0004, 0x0004,
    0x92A5, 0x92A5, 0x92A5, 0x9AA5, 0x9AA5, 0x92A5, 0x9285, 0x9266, 0x9A26, 0x9A07, 0x99E8, 0x89C9, 0x8189, 0x7128, 0x6908, 0x58C8,
    0x50A7, 0x4887, 0x4086, 0x3866, 0x3066, 0x3066, 0x2845, 0x2845, 0x2045, 0x1824, 0x1024, 0x1024, 0x0824, 0x0804, 0x0004, 0x0004,
    0x9AE5, 0x9AE5, 0x9AE6, 0x9AE6, 0x9AE6, 0x9AE5, 0x9AC5, 0x9AA6, 0x9A86, 0x9A67, 0x9A48, 0x9A28, 0x9A09, 0x89C9, 0x7989, 0x7169,
    0x6129, 0x58E8, 0x48A8, 0x4087, 0x4087, 0x3887, 0x3067, 0x3066, 0x2846, 0x2046, 0x1845, 0x1825, 0x1025, 0x1025, 0x0825, 0x0825,
    0x9B26, 0x9B46, 0x9B46, 0x9B46, 0x9B46, 0x9B26, 0x9B06, 0x9B06, 0x9AE6, 0x9AC7, 0x9AA8, 0xA288, 0xA269, 0x9A4A, 0x922B, 0x81EA,
    0x71AA, 0x694A, 0x5929, 0x50E9, 0x48C9, 0x48C9, 0x40A8, 0x38A8, 0x3088, 0x3088, 0x2867, 0x2067, 0x2047, 0x1847, 0x1047, 0x1046,
    0xA387, 0xA387, 0xA387, 0xA387, 0xA387, 0xA386, 0xA366, 0x9B46, 0x9B47, 0x9B27, 0xA308, 0xA2E9, 0xAAC9, 0xA2CA, 0x9AAB, 0x928B,
    0x8A4B, 0x7A0B, 0x71CB, 0x698B, 0x616B, 0x596B, 0x514B, 0x492B, 0x410B, 0x40EA, 0x38CA, 0x30CA, 0x30AA, 0x28A9, 0x2089, 0x2089,
    0xA3E7, 0xA3E7, 0xA3E7, 0xA3E7, 0xA3E7, 0xA3C7, 0xA3C7, 0xA3A7, 0xA3A7, 0xA388, 0xA388, 0xA369, 0xAB4A, 0xAB4A, 0xA32B, 0xA30C,
    0x92CD, 0x8A8D, 0x826D, 0x7A2D, 0x720D, 0x6A0D, 0x61ED, 0x59CD, 0x51AD, 0x516D, 0x496D, 0x414D, 0x412D, 0x392D, 0x310C, 0x30EC,
    0xAC48, 0xAC48, 0xAC48, 0xAC48, 0xAC48, 0xAC48, 0xAC28, 0xA428, 0xA408, 0xA409, 0xA409, 0xABEA, 0xABCA, 0xABAB, 0xAB8B, 0xA38C,
    0x9B6D, 0x932E, 0x8AEE, 0x82CE, 0x7AAF, 0x7AAF, 0x7290, 0x6A70, 0x6250, 0x6230, 0x5A11, 0x51F1, 0x51F1, 0x49D0, 0x41B0, 0x41B0,
    0xACA9, 0xACA9, 0xACA9, 0xACA9, 0xACA9, 0xACA9, 0xAC89, 0xAC89, 0xAC89, 0xAC89, 0xAC6A, 0xAC4B, 0xAC4B, 0xAC2B, 0xAC0C, 0xA3ED,
    0xA3EE, 0x9BAE, 0x938F, 0x8B6F, 0x8B50, 0x8330, 0x7B11, 0x7AF2, 0x72D2, 0x6AB2, 0x6AB3, 0x6293, 0x5A73, 0x5A73, 0x5253, 0x5253,
    0xB50A, 0xB50A, 0xB50A, 0xB50A, 0xB50A, 0xB50A, 0xB4EA, 0xB4EA, 0xB4EA, 0xB4EA, 0xB4EB, 0xB4CC, 0xB4CC, 0xB4AC, 0xB48D, 0xAC6D,
    0xA44E, 0xA44F, 0x9C30, 0x93F1, 0x8BD1, 0x8BB1, 0x8392, 0x8372, 0x7B73, 0x7353, 0x7333, 0x6B14, 0x6AF4, 0x62F4, 0x62D4, 0x5AD5,
    0xB54B, 0xB56B, 0xB56B, 0xB56B, 0xB56B, 0xB54B, 0xB54B, 0xB54B, 0xB54B, 0xB54B, 0xB54C, 0xB52C, 0xB52D, 0xB50D, 0xB50D, 0xACEE,
    0xACCF, 0xA4B0, 0xA491, 0x9C71, 0x9452, 0x9432, 0x8C12, 0x8BF3, 0x83F3, 0x7BD4, 0x7BB4, 0x7394, 0x7375, 0x6B75, 0x6B55, 0x6355,
    0xBD8C, 0xBDAC, 0xBDAC, 0xBDAC, 0xBDAC, 0xBDAC, 0xBD8C, 0xBD8C, 0xBD8C, 0xB58C, 0xB58C, 0xB58D, 0xB56D, 0xB56D, 0xB54E, 0xB52F,
    0xAD2F, 0xAD11, 0xA4F1, 0xA4F2, 0x9CD3, 0x9CB3, 0x9493, 0x9473, 0x8C54, 0x8C54, 0x8434, 0x7C15, 0x7BF5, 0x73F5, 0x73D5, 0x73D5,
    0xBDCC, 0xBDCC, 0xBDCC, 0xBDCC, 0xBDCC, 0xBDCC, 0xBDCC, 0xBDCC, 0xBDCC, 0xBDCC, 0xBDCD, 0xBDAD, 0xBDAE, 0xBDAE, 0xB58E, 0xB58F,
    0xB570, 0xAD51, 0xAD52, 0xAD53, 0xA534, 0xA514, 0x9CF4, 0x9CD4, 0x94D4, 0x94B5, 0x8C95, 0x8C75, 0x8475, 0x8455, 0x7C55, 0x7C36,
    0xBE0D, 0xBE0D, 0xBE0D, 0xBE0D, 0xBE0D, 0xBE0D, 0xBE0D, 0xBDED, 0xBDED, 0xBDED, 0xBDED, 0xBDEE, 0xBDEE, 0xBDCE, 0xBDCF, 0xBDCF,
    0xB5B0, 0xB591, 0xB593, 0xAD74, 0xAD74, 0xA554, 0xA555, 0xA535, 0x9D35, 0x9D15, 0x94F5, 0x94F5, 0x94D6, 0x8CD6, 0x8CB6, 0x8CB6,
    0xC60D, 0xC60D, 0xC60D, 0xC60D, 0xBE0D, 0xBE0D, 0xBE0D, 0xBE0D, 0xBE0D, 0xBE0D, 0xBE0D, 0xBE0E, 0xBE0E, 0xBE0F, 0xBDEF, 0xBDF0,
    0xBDF1, 0xB5D2, 0xB5D3, 0xB5B4, 0xAD95, 0xAD95, 0xAD75, 0xA575, 0xA555, 0x9D56, 0x9D56, 0x9D36, 0x9536, 0x9516, 0x9516, 0x8D16,
    0xC60D, 0xC60D, 0xC60D, 0xC60D, 0xC60D, 0xBE0D, 0xBE0D, 0xBE0D, 0xC60D, 0xBE0D, 0xBE0D, 0xC60E, 0xC60F, 0xC60F, 0xBE0F, 0xBE10,
    0xBE11, 0xBE12, 0xB5F3, 0xB5F5, 0xB5D5, 0xB5B6, 0xADB6, 0xAD96, 0xA596, 0xA576, 0x9D76, 0x9D56, 0x9D56, 0x9536, 0x9536, 0x9536,
    0xC60D, 0xC60D, 0xC60D, 0xC60D, 0xC60D, 0xC60D, 0xC60D, 0xC60D, 0xC60D, 0xBE0D, 0xBE0D, 0xC60E, 0xC62F, 0xC62F, 0xC630, 0xBE30,
    0xBE31, 0xBE12, 0xBE14, 0xBDF5, 0xB5F5, 0xB5F6, 0xB5D6, 0xADB6, 0xADB6, 0xA5B6, 0xA596, 0xA596, 0x9D76, 0x9D76, 0x9D56, 0x9556,
    0xC62D, 0xC60D, 0xBE0D, 0xBE0D, 0xBE0D, 0xC60D, 0xC60D, 0xC60D, 0xBE0D, 0xBE0D, 0xBE0D, 0xC60E, 0xC62E, 0xC62F, 0xC630, 0xC630,
    0xBE31, 0xBE33, 0xBE34, 0xBE15, 0xB616, 0xB5F6, 0xB5F6, 0xADD6, 0xADD6, 0xADD7, 0xA5D7, 0xA5B7, 0xA5B7, 0x9D97, 0x9D97, 0x9D77,
    0xC62D, 0xC60D, 0xC60D, 0xC60D, 0xC60D, 0xC60D, 0xC60D, 0xC60D, 0xC60D, 0xBE0D, 0xC60D, 0xC62E, 0xC62E, 0xC62F, 0xC630, 0xC630,
    0xC631, 0xBE33, 0xBE34, 0xBE35, 0xBE16, 0xB616, 0xB617, 0xB5F7, 0xADF7, 0xADF7, 0xADD7, 0xA5D7, 0xA5D7, 0xA5B7, 0xA5B7, 0x9D97,
    0xC60D, 0xC60D, 0xC62D, 0xC60D, 0xC60D, 0xC60D, 0xBE0D, 0xC60D, 0xC60D, 0xC60E, 0xC60E, 0xC62E, 0xC62F, 0xC62F, 0xC630, 0xC650,
    0xC651, 0xBE53, 0xBE34, 0xBE35, 0xBE36, 0xBE37, 0xB617, 0xB617, 0xB617, 0xADF7, 0xADF7, 0xADF7, 0xA5D7, 0xA5D7, 0xA5D7, 0xA5B7,
    0xC60D, 0xC60D, 0xC60D, 0xC60D, 0xC60D, 0xC60D, 0xC60D, 0xC60D, 0xC60D, 0xC60E, 0xC62E, 0xC62E, 0xC62F, 0xC62F, 0xC630, 0xC650,
    0xC651, 0xC653, 0xBE54, 0xBE36, 0xBE36, 0xBE37, 0xBE37, 0xB617, 0xB617, 0xB617, 0xAE17, 0xADF7, 0xADF7, 0xA5F7, 0xA5D7, 0xA5D7,
    0xC60D, 0xC60D, 0xC60D, 0xC60D, 0xBE0D, 0xC60D, 0xC60D, 0xC60D, 0xC60E, 0xC62E, 0xC62E, 0xC62E, 0xC62F, 0xC62F, 0xC630, 0xC650,
    0xC651, 0xC653, 0xBE54, 0xBE56, 0xBE56, 0xBE57, 0xBE37, 0xB637, 0xB617, 0xB617, 0xAE17, 0xAE18, 0xAE17, 0xADF7, 0xA5F7, 0xA5F7,
    0xC60D, 0xC60D, 0xC60D, 0xC60D, 0xC60D, 0xC60D, 0xC60D, 0xC60D, 0xC60E, 0xC60E, 0xC60E, 0xC62E, 0xC62F, 0xC62F, 0xC630, 0xC650,
    0xC651, 0xC653, 0xC655, 0xBE56, 0xBE56, 0xBE37, 0xBE37, 0xB637, 0xB637, 0xB637, 0xB618, 0xAE18, 0xAE18, 0xAE18, 0xADF8, 0xA5F8,
    0xC62D, 0xC60D, 0xC60D, 0xC60D, 0xC60D, 0xC60D, 0xC62D, 0xC62D, 0xC62E, 0xC60E, 0xBE0E, 0xC62E, 0xC62E, 0xC62F, 0xC630, 0xC630,
    0xC651, 0xC653, 0xC655, 0xBE56, 0xBE56, 0xBE37, 0xBE37, 0xBE37, 0xB638, 0xB638, 0xB638, 0xAE38, 0xAE18, 0xAE18, 0xAE18, 0xAE18,
    0x78E3, 0x78C2, 0x78A2, 0x70A3, 0x70A4, 0x70A5, 0x70A6, 0x68A6, 0x68A6, 0x60A6, 0x60A6, 0x5886, 0x5086, 0x4886, 0x4866, 0x4066,
    0x4065, 0x3865, 0x3865, 0x3065, 0x3045, 0x2845, 0x2845, 0x2045, 0x1845, 0x1825, 0x1024, 0x0824, 0x0804, 0x0004, 0x0004, 0x0004,
    0x78E3, 0x78E2, 0x78C2, 0x78A3, 0x70A4, 0x70A5, 0x70A5, 0x68A6, 0x68A6, 0x60A6, 0x60A6, 0x5886, 0x5086, 0x5086, 0x4886, 0x4066,
    0x4066, 0x3865, 0x3865, 0x3065, 0x3045, 0x2845, 0x2845, 0x2045, 0x2045, 0x1825, 0x1025, 0x1024, 0x0824, 0x0824, 0x0004, 0x0004,
    0x7903, 0x78E3, 0x78E3, 0x78C3, 0x78A4, 0x70A5, 0x70A5, 0x68A6, 0x68A6, 0x60A6, 0x60A6, 0x5886, 0x5086, 0x5086, 0x4886, 0x4066,
    0x4066, 0x4066, 0x3865, 0x3865, 0x3045, 0x2845, 0x2845, 0x2045, 0x2045, 0x1845, 0x1825, 0x1024, 0x0824, 0x0824, 0x0024, 0x0004,
    0x8103, 0x8103, 0x8103, 0x80E4, 0x80C4, 0x78C5, 0x70C6, 0x70A6, 0x68A6, 0x68A7, 0x60A7, 0x58A7, 0x5886, 0x5086, 0x4886, 0x4866,
    0x4066, 0x4066, 0x3866, 0x3866, 0x3065, 0x3045, 0x2845, 0x2845, 0x2045, 0x2045, 0x1825, 0x1025, 0x1025, 0x0824, 0x0824, 0x0004,
    0x8103, 0x8123, 0x8123, 0x8104, 0x8904, 0x80E5, 0x78C6, 0x70C6, 0x68A7, 0x68A7, 0x60A7, 0x60A7, 0x5887, 0x5086, 0x4886, 0x4886,
    0x4066, 0x4066, 0x3866, 0x3866, 0x3866, 0x3065, 0x2845, 0x2845, 0x2045, 0x2045, 0x1825, 0x1825, 0x1025, 0x0825, 0x0825, 0x0825,
    0x8123, 0x8123, 0x8143, 0x8143, 0x8944, 0x8125, 0x8106, 0x78E7, 0x70C7, 0x68A7, 0x60A7, 0x60A7, 0x5887, 0x5086, 0x4886, 0x4886,
    0x4066, 0x4066, 0x3866, 0x3866, 0x3066, 0x3045, 0x3045, 0x2845, 0x2045, 0x2045, 0x1845, 0x1825, 0x1025, 0x1025, 0x0825, 0x0825,
    0x8143, 0x8163, 0x8163, 0x8163, 0x8964, 0x8965, 0x8946, 0x8107, 0x78E7, 0x70C7, 0x68A7, 0x60A7, 0x58A7, 0x5086, 0x4886, 0x4886,
    0x4066, 0x4066, 0x3866, 0x3866, 0x3066, 0x3045, 0x3045, 0x2845, 0x2845, 0x2045, 0x2045, 0x1825, 0x1025, 0x1025, 0x0825, 0x0825,
    0x8984, 0x89A4, 0x89A4, 0x89A4, 0x89A4, 0x89A4, 0x8985, 0x8966, 0x8127, 0x78E7, 0x68C7, 0x60A7, 0x58A7, 0x5887, 0x5086, 0x4886,
    0x4066, 0x3865, 0x3865, 0x3065, 0x3045, 0x3045, 0x2845, 0x2844, 0x2044, 0x2024, 0x1824, 0x1024, 0x1024, 0x0824, 0x0825, 0x0825,
    0x89E4, 0x89E4, 0x89E4, 0x89E4, 0x89E4, 0x91C4, 0x91C5, 0x91A6, 0x8987, 0x8147, 0x7108, 0x68C7, 0x60A7, 0x58A7, 0x5086, 0x4886,
    0x4066, 0x3865, 0x3865, 0x3045, 0x2845, 0x2845, 0x2844, 0x2044, 0x2044, 0x1824, 0x1824, 0x1024, 0x1024, 0x0824, 0x0824, 0x0824,
    0x9224, 0x9224, 0x9244, 0x9244, 0x9244, 0x9224, 0x9205, 0x91E6, 0x91C7, 0x89A7, 0x8968, 0x7928, 0x7108, 0x60C7, 0x58A7, 0x5086,
    0x4886, 0x4066, 0x3865, 0x3045, 0x3045, 0x2845, 0x2845, 0x2044, 0x2044, 0x1824, 0x1024, 0x1024, 0x0824, 0x0804, 0x0804, 0x0824,
    0x9285, 0x9285, 0x9285, 0x9285, 0x92A5, 0x9285, 0x9265, 0x9245, 0x9A26, 0x9A07, 0x91E8, 0x89A8, 0x8168, 0x7128, 0x68E8, 0x58C7,
    0x50A7, 0x4886, 0x4066, 0x3865, 0x3065, 0x3045, 0x2845, 0x2845, 0x2045, 0x1824, 0x1824, 0x1024, 0x0824, 0x0804, 0x0824, 0x0824,
    0x9AC5, 0x9AC5, 0x9AE5, 0x9AE5, 0x9AE5, 0x9AC5, 0x9AA5, 0x9AA6, 0x9A66, 0x9A47, 0x9A28, 0x9A08, 0x99E9, 0x89A9, 0x7989, 0x7149,
    0x6108, 0x58C8, 0x48A7, 0x4087, 0x3866, 0x3866, 0x3066, 0x3046, 0x2846, 0x2046, 0x2045, 0x1845, 0x1825, 0x1025, 0x1025, 0x0825,
    0x9B26, 0x9B26, 0x9B26, 0x9B26, 0x9B26, 0x9B26, 0x9B06, 0x9AE6, 0x9AC6, 0x9AA7, 0xA288, 0xA288, 0xA269, 0x9A4A, 0x920A, 0x81CA,
    0x718A, 0x6949, 0x5909, 0x50C8, 0x48C8, 0x40A8, 0x40A8, 0x3888, 0x3888, 0x3087, 0x2867, 0x2867, 0x2067, 0x2047, 0x1846, 0x1846,
    0xA386, 0xA386, 0xA386, 0xA386, 0xA386, 0xA366, 0xA366, 0x9B46, 0x9B27, 0x9B07, 0xA2E8, 0xA2E8, 0xAAC9, 0xA2AA, 0xA2AB, 0x926B,
    0x8A2B, 0x79EB, 0x71AB, 0x696A, 0x594A, 0x594A, 0x512A, 0x490A, 0x490A, 0x40EA, 0x38CA, 0x38C9, 0x30A9, 0x30A9, 0x2889, 0x2889,
    0xA3E7, 0xA3E7, 0xA3E7, 0xA3E7, 0xA3E7, 0xA3C7, 0xA3C7, 0xA3A7, 0xA387, 0xA388, 0xA368, 0xA349, 0xAB29, 0xAB2A, 0xAB0B, 0xA2EC,
    0x9AAC, 0x8A8C, 0x824C, 0x7A2C, 0x71EC, 0x69CD, 0x61CD, 0x61AD, 0x598D, 0x516D, 0x494D, 0x492D, 0x412C, 0x410C, 0x390C, 0x38EC,
    0xAC48, 0xAC48, 0xAC48, 0xAC48, 0xAC48, 0xAC28, 0xAC28, 0xAC28, 0xA408, 0xA408, 0xA3E9, 0xABC9, 0xABAA, 0xAB8A, 0xAB6B, 0xA36C,
    0xA34D, 0x930D, 0x8AED, 0x8AAE, 0x82AE, 0x7A8F, 0x726F, 0x724F, 0x6A30, 0x6210, 0x6210, 0x59F0, 0x59F0, 0x51D0, 0x49B0, 0x49B0,
    0xACA9, 0xACA9, 0xACA9, 0xACA9, 0xACA9, 0xACA9, 0xAC89, 0xAC89, 0xAC89, 0xAC69, 0xAC6A, 0xAC4A, 0xAC2B, 0xAC0B, 0xABEB, 0xABEC,
    0xA3CD, 0x9BAE, 0x9B8F, 0x934F, 0x8B30, 0x8B10, 0x8311, 0x7AF1, 0x7AD1, 0x72B2, 0x6AB2, 0x6A92, 0x6272, 0x6272, 0x5A52, 0x5A52,
    0xB50A, 0xB50A, 0xB50A, 0xB50A, 0xB50A, 0xB50A, 0xB4EA, 0xB4EA, 0xB4EA, 0xB4EA, 0xB4CB, 0xB4CB, 0xB4AC, 0xB48C, 0xB48C, 0xAC6D,
    0xAC4E, 0xA42F, 0x9C10, 0x9BF0, 0x93D1, 0x93B1, 0x8B91, 0x8B72, 0x8352, 0x7B53, 0x7B33, 0x7313, 0x6AF4, 0x6AF4, 0x6AD4, 0x62D4,
    0xB54B, 0xB54B, 0xB56B, 0xB56B, 0xB56B, 0xB54B, 0xB54B, 0xB54B, 0xB54B, 0xB54B, 0xB52B, 0xB52C, 0xB52D, 0xB50D, 0xB4ED, 0xB4CD,
    0xACAE, 0xAC8F, 0xA490, 0x9C71, 0x9C51, 0x9432, 0x9412, 0x8BF3, 0x8BF3, 0x83D3, 0x83B4, 0x7B94, 0x7B74, 0x7375, 0x7355, 0x6B55,
    0xBD8C, 0xBD8C, 0xBDAC, 0xBDAC, 0xBDAC, 0xBD8C, 0xBD8C, 0xBD8C, 0xBD8C, 0xB58C, 0xB56C, 0xB56D, 0xB56D, 0xB54D, 0xB54E, 0xB52E,
    0xB50F, 0xACF0, 0xACF1, 0xA4F2, 0xA4D2, 0x9CB3, 0x9C93, 0x9473, 0x9453, 0x8C54, 0x8C34, 0x8414, 0x83F5, 0x7BD5, 0x7BD5, 0x73B5,
    0xBDCC, 0xBDCC, 0xBDCC, 0xBDCC, 0xBDCC, 0xBDCC, 0xBDCC, 0xBDCC, 0xBDCC, 0xBDAC, 0xBDAD, 0xBDAD, 0xBDAE, 0xBD8E, 0xBD8E, 0xB56F,
    0xB550, 0xB550, 0xAD31, 0xAD33, 0xAD33, 0xA514, 0xA4F4, 0x9CD4, 0x9CD4, 0x94B4, 0x9495, 0x8C75, 0x8C75, 0x8455, 0x8455, 0x8435,
    0xBDED, 0xBDED, 0xBDED, 0xBDED, 0xBDED, 0xBDED, 0xBDED, 0xBDED, 0xBDED, 0xBDED, 0xBDED, 0xBDCE, 0xBDCE, 0xBDCE, 0xBDCF, 0xBDAF,
    0xBDB0, 0xB591, 0xB592, 0xB573, 0xAD74, 0xAD54, 0xA554, 0xA535, 0xA535, 0x9D15, 0x9D15, 0x9CF5, 0x94D5, 0x94D5, 0x8CB6, 0x8CB6,
    0xBE0D, 0xBE0D, 0xBE0D, 0xBE0D, 0xBE0D, 0xBE0D, 0xBE0D, 0xBE0D, 0xBE0D, 0xBE0D, 0xBE0D, 0xBDEE, 0xBDEE, 0xBDEF, 0xBDEF, 0xBDF0,
    0xBDD0, 0xBDD1, 0xB5B3, 0xB5B4, 0xB594, 0xAD95, 0xAD75, 0xAD75, 0xA575, 0xA555, 0xA556, 0x9D36, 0x9D36, 0x9D16, 0x9516, 0x9516,
    0xC60D, 0xC60D, 0xC60D, 0xC60D, 0xC60D, 0xC60D, 0xC60D, 0xC60D, 0xBE0D, 0xBE0D, 0xBE0D, 0xC60E, 0xC60E, 0xC60F, 0xC60F, 0xBE10,
    0xBE11, 0xBDF2, 0xBDF3, 0xB5D4, 0xB5D5, 0xB5D5, 0xB5B6, 0xADB6, 0xAD96, 0xA596, 0xA576, 0xA576, 0xA556, 0x9D56, 0x9D56, 0x9D56,
    0xC60D, 0xC60D, 0xC60D, 0xC60D, 0xC60D, 0xC60D, 0xC60D, 0xC60D, 0xC60D, 0xBE0D, 0xBE0D, 0xC60E, 0xC62E, 0xC62F, 0xC62F, 0xC630,
    0xBE31, 0xBE12, 0xBE13, 0xBE14, 0xBDF5, 0xB5F6, 0xB5D6, 0xB5D6, 0xADB6, 0xADB6, 0xADB6, 0xA596, 0xA596, 0xA576, 0xA576, 0x9D76,
    0xC62D, 0xC60D, 0xBE0D, 0xBE0D, 0xC60D, 0xC60D, 0xC60D, 0xC60D, 0xC60D, 0xBE0D, 0xBE0D, 0xC60E, 0xC62E, 0xC62F, 0xC630, 0xC630,
    0xC631, 0xC632, 0xBE34, 0xBE15, 0xBE16, 0xBE16, 0xB5F6, 0xB5F6, 0xB5D7, 0xB5D7, 0xADD7, 0xADB7, 0xADB7, 0xA5B7, 0xA597, 0xA597,
    0xC62D, 0xC60D, 0xC60D, 0xC60D, 0xC60D, 0xC60D, 0xC60D, 0xC60D, 0xC60D, 0xBE0D, 0xC60D, 0xC60E, 0xC62E, 0xC62F, 0xC630, 0xC630,
    0xC631, 0xC653, 0xC634, 0xBE35, 0xBE36, 0xBE16, 0xBE17, 0xB5F7, 0xB5F7, 0xB5F7, 0xB5F7, 0xADD7, 0xADD7, 0xADD7, 0xA5B7, 0xA5B7,
    0xC60D, 0xC60D, 0xC62D, 0xC60D, 0xC60D, 0xC60D, 0xC60D, 0xBE0D, 0xBE0D, 0xC60D, 0xC60E, 0xC62E, 0xC62E, 0xC62F, 0xC630, 0xC630,
    0xC651, 0xC653, 0xC654, 0xBE35, 0xBE36, 0xBE37, 0xBE17, 0xB617, 0xB617, 0xB617, 0xB5F7, 0xADF7, 0xADF7, 0xADD7, 0xADD7, 0xADD7,
    0xC60D, 0xC60D, 0xC62D, 0xC60D, 0xC60D, 0xC60D, 0xC60D, 0xC60D, 0xC60D, 0xC60D, 0xC62E, 0xC62E, 0xC62E, 0xC62F, 0xC630, 0xC650,
    0xC651, 0xC653, 0xC654, 0xC655, 0xBE36, 0xBE37, 0xBE37, 0xBE17, 0xB617, 0xB617, 0xB617, 0xB5F7, 0xADF7, 0xADF7, 0xADF7, 0xADD7,
    0xC60D, 0xC60D, 0xC60D, 0xC60D, 0xBE0D, 0xC60D, 0xC60D, 0xC60D, 0xC60D, 0xC60E, 0xC62E, 0xC62E, 0xC62F, 0xC62F, 0xC630, 0xC650,
    0xC651, 0xC653, 0xC654, 0xC655, 0xC656, 0xBE57, 0xBE37, 0xBE37, 0xBE37, 0xB617, 0xB617, 0xB618, 0xB618, 0xB5F7, 0xADF7, 0xADF7,
    0xC60D, 0xC60D, 0xC60D, 0xC60D, 0xC60D, 0xC60D, 0xC60D, 0xC60D, 0xC60D, 0xC60E, 0xC60E, 0xC62E, 0xC62F, 0xC62F, 0xC630, 0xC650,
    0xC651, 0xC653, 0xC654, 0xC655, 0xC656, 0xBE57, 0xBE37, 0xBE37, 0xBE37, 0xB638, 0xB638, 0xB618, 0xB618, 0xB618, 0xAE18, 0xAE18,
    0xC62D, 0xC60D, 0xC60D, 0xC60D, 0xC60D, 0xC60D, 0xC62D, 0xC62D, 0xC60D, 0xC60E, 0xC60E, 0xC62E, 0xC62E, 0xC62F, 0xC630, 0xC630,
    0xC651, 0xC653, 0xC654, 0xC655, 0xC656, 0xBE57, 0xBE37, 0xBE37, 0xBE38, 0xBE38, 0xB638, 0xB638, 0xB618, 0xB618, 0xB618, 0xAE18,
    0x78C2, 0x78C2, 0x78A2, 0x70A3, 0x70A4, 0x70A5, 0x70A5, 0x68A6, 0x68A6, 0x68A6, 0x60A6, 0x5886, 0x5886, 0x5086, 0x4886, 0x4866,
    0x4065, 0x4065, 0x3865, 0x3865, 0x3065, 0x3045, 0x2845, 0x2845, 0x2045, 0x2025, 0x1824, 0x1024, 0x1024, 0x0824, 0x0804, 0x0004,
    0x78E3, 0x78C2, 0x78A2, 0x78A3, 0x70A4, 0x70A5, 0x70A5, 0x68A6, 0x68A6, 0x68A6, 0x60A6, 0x5886, 0x5886, 0x5086, 0x4886, 0x4866,
    0x4065, 0x4065, 0x3865, 0x3865, 0x3065, 0x3045, 0x2845, 0x2845, 0x2045, 0x2045, 0x1825, 0x1824, 0x1024, 0x0824, 0x0824, 0x0004,
    0x78E3, 0x78E2, 0x78C2, 0x78A3, 0x78A4, 0x70A5, 0x70A5, 0x68A6, 0x68A6, 0x68A6, 0x60A6, 0x5886, 0x5886, 0x5086, 0x5086, 0x4866,
    0x4066, 0x4065, 0x3865, 0x3865, 0x3065, 0x3045, 0x2845, 0x2845, 0x2045, 0x2045, 0x1845, 0x1825, 0x1025, 0x1024, 0x0824, 0x0804,
    0x7903, 0x78E3, 0x78E3, 0x78C3, 0x78C4, 0x78A5, 0x70A5, 0x70A6, 0x68A6, 0x68A6, 0x60A6, 0x60A6, 0x5886, 0x5086, 0x5086, 0x4886,
    0x4866, 0x4066, 0x4066, 0x3865, 0x3865, 0x3065, 0x3045, 0x2845, 0x2845, 0x2045, 0x2045, 0x1825, 0x1825, 0x1025, 0x0824, 0x0824,
    0x7903, 0x8103, 0x8103, 0x80E4, 0x80E4, 0x78C5, 0x70A6, 0x70A6, 0x68A6, 0x68A7, 0x60A7, 0x60A7, 0x5886, 0x5886, 0x5086, 0x4886,
    0x4886, 0x4066, 0x4066, 0x3866, 0x3866, 0x3866, 0x3045, 0x2845, 0x2845, 0x2045, 0x2045, 0x2045, 0x1825, 0x1025, 0x1025, 0x0825,
    0x8123, 0x8123, 0x8123, 0x8123, 0x8124, 0x8105, 0x80E6, 0x78C6, 0x70A7, 0x68A7, 0x68A7, 0x60A7, 0x58A7, 0x5886, 0x5086, 0x4886,
    0x4886, 0x4066, 0x4066, 0x3866, 0x3866, 0x3866, 0x3046, 0x3045, 0x2845, 0x2845, 0x2045, 0x2045, 0x1845, 0x1825, 0x1025, 0x1025,
    0x8143, 0x8143, 0x8143, 0x8163, 0x8163, 0x8945, 0x8926, 0x78E7, 0x70C7, 0x68C7, 0x68A7, 0x60A7, 0x58A7, 0x5886, 0x5086, 0x4886,
    0x4886, 0x4066, 0x3866, 0x3866, 0x3866, 0x3066, 0x3046, 0x3045, 0x2845, 0x2845, 0x2045, 0x2045, 0x1845, 0x1825, 0x1025, 0x1025,
    0x8983, 0x8984, 0x8984, 0x8984, 0x8984, 0x8984, 0x8965, 0x8946, 0x8107, 0x78E7, 0x68C7, 0x60A7, 0x60A7, 0x5886, 0x5086, 0x4886,
    0x4066, 0x4065, 0x3865, 0x3065, 0x3065, 0x3045, 0x3045, 0x2845, 0x2845, 0x2044, 0x2044, 0x1824, 0x1825, 0x1025, 0x1025, 0x1025,
    0x89C4, 0x89C4, 0x89C4, 0x89C4, 0x89C4, 0x89C4, 0x91A5, 0x9186, 0x8967, 0x8127, 0x70E7, 0x68C7, 0x60A7, 0x58A7, 0x5086, 0x4886,
    0x4065, 0x3865, 0x3865, 0x3045, 0x3045, 0x2845, 0x2845, 0x2844, 0x2044, 0x2024, 0x1824, 0x1824, 0x1024, 0x1024, 0x1025, 0x1025,
    0x9204, 0x8A04, 0x8A24, 0x9224, 0x9224, 0x9204, 0x9205, 0x91C6, 0x91A6, 0x8987, 0x8168, 0x7928, 0x70E8, 0x60C7, 0x58A7, 0x5086,
    0x4886, 0x4065, 0x3865, 0x3045, 0x3045, 0x2844, 0x2844, 0x2844, 0x2044, 0x2024, 0x1824, 0x1024, 0x1024, 0x0824, 0x0824, 0x0824,
    0x9265, 0x9265, 0x9265, 0x9265, 0x9265, 0x9265, 0x9245, 0x9225, 0x9A06, 0x99E7, 0x91C8, 0x8988, 0x8148, 0x7108, 0x68E7, 0x58A7,
    0x50A6, 0x4886, 0x4065, 0x3865, 0x3045, 0x2845, 0x2845, 0x2845, 0x2044, 0x2044, 0x1824, 0x1824, 0x1024, 0x0824, 0x0824, 0x0824,
    0x9AA5, 0x9AC5, 0x9AC5, 0x9AC5, 0x9AC5, 0x9AC5, 0x9AA5, 0x9A86, 0x9A66, 0x9A47, 0x9A28, 0x9A08, 0x91C9, 0x89A9, 0x7969, 0x6928,
    0x60E8, 0x50C7, 0x48A7, 0x4086, 0x3866, 0x3066, 0x3066, 0x3046, 0x2846, 0x2845, 0x2045, 0x2045, 0x1845, 0x1825, 0x1025, 0x1025,
    0x9B06, 0x9B06, 0x9B26, 0x9B26, 0x9B26, 0x9B06, 0x9B06, 0x9AE6, 0x9AA6, 0x9AA7, 0xA288, 0xA268, 0xA249, 0x9A29, 0x8A0A, 0x81AA,
    0x7169, 0x6929, 0x58E8, 0x50C8, 0x48A7, 0x4087, 0x3887, 0x3887, 0x3887, 0x3087, 0x3067, 0x2867, 0x2067, 0x2047, 0x2046, 0x1846,
    0xA366, 0xA366, 0xA366, 0xA366, 0xA366, 0xA366, 0xA346, 0xA346, 0x9B27, 0xA307, 0xA2E8, 0xA2C8, 0xAAA9, 0xA2AA, 0xA28A, 0x924A,
    0x8A0B, 0x79CA, 0x718A, 0x616A, 0x592A, 0x5109, 0x5109, 0x490A, 0x48EA, 0x40E9, 0x40C9, 0x38A9, 0x38A9, 0x30A9, 0x30A9, 0x2889,
    0xA3C7, 0xA3C7, 0xA3C7, 0xA3C7, 0xA3C7, 0xA3C7, 0xA3A7, 0xA3A7, 0xA387, 0xA368, 0xA348, 0xA329, 0xAB29, 0xAB0A, 0xAAEA, 0xA2CB,
    0x9AAC, 0x8A6C, 0x822C, 0x7A0C, 0x71CC, 0x69AC, 0x618C, 0x618C, 0x598C, 0x596C, 0x514C, 0x492C, 0x492C, 0x410C, 0x410C, 0x410C,
    0xAC28, 0xAC28, 0xAC48, 0xAC48, 0xAC48, 0xAC28, 0xAC28, 0xAC08, 0xA408, 0xA3E8, 0xABE9, 0xA3A9, 0xAB8A, 0xAB8A, 0xAB6B, 0xAB4B,
    0xA32C, 0x9B0D, 0x92ED, 0x8AAD, 0x828E, 0x7A6E, 0x7A4E, 0x724F, 0x722F, 0x6A0F, 0x6A10, 0x61F0, 0x59D0, 0x59CF, 0x51AF, 0x51AF,
    0xAC89, 0xACA9, 0xACA9, 0xACA9, 0xACA9, 0xACA9, 0xAC89, 0xAC89, 0xAC69, 0xAC69, 0xAC4A, 0xAC2A, 0xAC0A, 0xABEB, 0xB3EB, 0xABCC,
    0xABAD, 0xA38D, 0x9B6E, 0x934F, 0x932F, 0x8AF0, 0x8AF0, 0x82D1, 0x82D1, 0x7AB1, 0x72B2, 0x7292, 0x6A72, 0x6272, 0x6252, 0x6252,
    0xB4EA, 0xB50A, 0xB50A, 0xB50A, 0xB50A, 0xB50A, 0xB50A, 0xB4EA, 0xB4E9, 0xB4CA, 0xACCA, 0xACAB, 0xB4AC, 0xB48C, 0xB46C, 0xB44C,
    0xAC2D, 0xA40E, 0xA40F, 0x9BD0, 0x9BB0, 0x9391, 0x9371, 0x8B71, 0x8B52, 0x8352, 0x8333, 0x7B13, 0x7313, 0x72F4, 0x6AD4, 0x6AD4,
    0xB54B, 0xB54B, 0xB56B, 0xB56B, 0xB54B, 0xB54B, 0xB54B, 0xB54B, 0xB54A, 0xB52B, 0xB52B, 0xB52C, 0xB50C, 0xB4EC, 0xB4CD, 0xB4AD,
    0xB48E, 0xAC8F, 0xA470, 0xA451, 0x9C31, 0x9C11, 0x9C12, 0x93F2, 0x93D3, 0x8BD3, 0x8BB3, 0x8394, 0x8394, 0x7B74, 0x7B55, 0x7355,
    0xBD8B, 0xBD8C, 0xBDAC, 0xBDAC, 0xBD8C, 0xBD8C, 0xBD8C, 0xBD8B, 0xBD8B, 0xB56C, 0xB56C, 0xB56D, 0xB56D, 0xBD4D, 0xB54D, 0xB50E,
    0xB50E, 0xACEF, 0xACD0, 0xACD1, 0xA4B2, 0xA492, 0x9C93, 0x9C73, 0x9453, 0x9433, 0x8C34, 0x8C14, 0x8BF4, 0x83D5, 0x83D5, 0x7BB5,
    0xBDCC, 0xBDCC, 0xBDCC, 0xBDCC, 0xBDCC, 0xBDCC, 0xBDCC, 0xBDCC, 0xBDAC, 0xBDAC, 0xBDAC, 0xBDAD, 0xBDAE, 0xBD8E, 0xBD8E, 0xBD6E,
    0xB54F, 0xB550, 0xB531, 0xAD32, 0xAD13, 0xA4F3, 0xA4F4, 0xA4D4, 0x9CD4, 0x9CB4, 0x9494, 0x9494, 0x8C75, 0x8C55, 0x8C35, 0x8435,
    0xBDEC, 0xBDED, 0xBDED, 0xBDED, 0xBDED, 0xBDED, 0xBDED, 0xBDED, 0xBDED, 0xBDED, 0xBDCD, 0xBDCE, 0xBDCE, 0xBDCE, 0xBDAF, 0xBDAF,
    0xBD90, 0xBD91, 0xB572, 0xB573, 0xAD53, 0xAD54, 0xAD54, 0xAD35, 0xA535, 0xA515, 0x9CF5, 0x9CF5, 0x9CD5, 0x94B5, 0x94B5, 0x94B5,
    0xBE0D, 0xBE0D, 0xBE0D, 0xBE0D, 0xC60D, 0xBE0D, 0xBE0D, 0xBE0D, 0xBE0D, 0xBDED, 0xBDED, 0xBDEE, 0xBDEE, 0xBDEE, 0xBDEF, 0xBDCF,
    0xBDD0, 0xBDD1, 0xBDB2, 0xB5B3, 0xB594, 0xB595, 0xB595, 0xAD75, 0xAD75, 0xAD55, 0xA555, 0xA535, 0xA536, 0x9D16, 0x9D16, 0x9D16,
    0xC60D, 0xBE0D, 0xBE0D, 0xC60D, 0xC60D, 0xC62D, 0xC62D, 0xC60D, 0xBE0D, 0xBE0D, 0xBE0D, 0xBE0E, 0xC60E, 0xC60F, 0xC60F, 0xBE10,
    0xBDF0, 0xBDF1, 0xBDD3, 0xBDD4, 0xB5D5, 0xB5D5, 0xB5B6, 0xB5B6, 0xB596, 0xAD96, 0xAD76, 0xAD76, 0xA576, 0xA556, 0xA556, 0xA556,
    0xC60D, 0xC60D, 0xBE0D, 0xC60D, 0xC60D, 0xC62D, 0xC62D, 0xC60D, 0xC60D, 0xBE0D, 0xBE0D, 0xC60E, 0xC60E, 0xC60F, 0xC60F, 0xC610,
    0xC611, 0xBE12, 0xBE13, 0xBDF4, 0xBDF5, 0xBDF6, 0xB5F6, 0xB5D6, 0xB5D6, 0xB5B6, 0xADB6, 0xAD96, 0xAD96, 0xAD96, 0xAD96, 0xA576,
    0xC62D, 0xC60D, 0xC60D, 0xC60D, 0xC60D, 0xC60D, 0xC60D, 0xC62D, 0xC62D, 0xBE0D, 0xBE0D, 0xC60E, 0xC62E, 0xC62F, 0xC62F, 0xC630,
    0xC631, 0xC632, 0xC633, 0xC635, 0xBE15, 0xBE16, 0xBE16, 0xBDF6, 0xB5F7, 0xB5D7, 0xB5D7, 0xB5D7, 0xADB7, 0xADB7, 0xADB7, 0xAD97,
    0xC62D, 0xC60D, 0xC60D, 0xC60D, 0xC60D, 0xC60D, 0xC60D, 0xC60D, 0xC60D, 0xC60D, 0xC60D, 0xC60E, 0xC62E, 0xC62F, 0xC630, 0xC630,
    0xC651, 0xC652, 0xC634, 0xC635, 0xBE36, 0xBE36, 0xBE16, 0xBE17, 0xBDF7, 0xB5F7, 0xB5F7, 0xB5D7, 0xB5D7, 0xADD7, 0xADB7, 0xADB7,
    0xC60D, 0xC62D, 0xC62D, 0xC60D, 0xBE0D, 0xC60D, 0xC60D, 0xBE0D, 0xBE0D, 0xC60D, 0xC62D, 0xC62E, 0xC62E, 0xC62F, 0xC630, 0xC630,
    0xC651, 0xC652, 0xC654, 0xC635, 0xC636, 0xBE36, 0xBE37, 0xBE17, 0xBE17, 0xBE17, 0xB617, 0xB5F7, 0xB5F7, 0xB5F7, 0xADD7, 0xADD7,
    0xC60D, 0xC60D, 0xC62D, 0xC60D, 0xBE0D, 0xC60D, 0xC60D, 0xBE0D, 0xBE0D, 0xC60D, 0xC62D, 0xC62E, 0xC62E, 0xC62F, 0xC630, 0xC630,
    0xC651, 0xC652, 0xC654, 0xC655, 0xC636, 0xBE36, 0xBE37, 0xBE37, 0xBE37, 0xBE17, 0xB617, 0xB617, 0xB5F7, 0xB5F7, 0xB5F7, 0xB5F7,
    0xC62D, 0xC60D, 0xC60D, 0xC60D, 0xC60D, 0xBE0D, 0xBE0D, 0xC60D, 0xC60D, 0xC60D, 0xC60E, 0xC62E, 0xC62E, 0xC62F, 0xC630, 0xC630,
    0xC651, 0xC652, 0xC654, 0xC655, 0xC656, 0xC637, 0xC637, 0xBE37, 0xBE37, 0xBE37, 0xBE18, 0xB618, 0xB618, 0xB617, 0xB5F7, 0xB5F7,
    0xC62D, 0xC60D, 0xC60D, 0xC60D, 0xC60D, 0xC60D, 0xC60D, 0xC60D, 0xC60D, 0xC60D, 0xC60E, 0xC62E, 0xC62E, 0xC62F, 0xC630, 0xC630,
    0xC651, 0xC653, 0xC654, 0xC655, 0xC656, 0xC657, 0xC637, 0xBE37, 0xBE37, 0xBE38, 0xBE38, 0xBE38, 0xB618, 0xB618, 0xB618, 0xB618,
    0xC60D, 0xC60D, 0xC60D, 0xC60D, 0xBE0D, 0xC60D, 0xC62D, 0xC60D, 0xC60D, 0xC60D, 0xC60D, 0xC62E, 0xC62E, 0xC62F, 0xC630, 0xC630,
    0xC651, 0xC653, 0xC654, 0xC655, 0xC656, 0xC657, 0xC657, 0xBE37, 0xBE38, 0xBE58, 0xBE38, 0xBE38, 0xBE38, 0xB638, 0xB638, 0xB618,
    0x78C2, 0x78C2, 0x78A2, 0x70A3, 0x70A4, 0x70A5, 0x70A5, 0x70A5, 0x68A6, 0x68A6, 0x60A6, 0x5886, 0x5886, 0x5086, 0x5086, 0x4885,
    0x4065, 0x4065, 0x3865, 0x3865, 0x3865, 0x3045, 0x3045, 0x2845, 0x2845, 0x2045, 0x2044, 0x1824, 0x1824, 0x1024, 0x0824, 0x0824,
    0x78E3, 0x78C2, 0x78A2, 0x78A3, 0x70A4, 0x70A5, 0x70A5, 0x70A5, 0x68A6, 0x68A6, 0x60A6, 0x6086, 0x5886, 0x5086, 0x5086, 0x4886,
    0x4865, 0x4065, 0x4065, 0x3865, 0x3865, 0x3045, 0x3045, 0x2845, 0x2845, 0x2045, 0x2045, 0x1825, 0x1824, 0x1024, 0x1024, 0x0824,
    0x78E3, 0x78C2, 0x78A2, 0x78A3, 0x78A4, 0x70A4, 0x70A5, 0x68A5, 0x68A6, 0x68A6, 0x60A6, 0x6086, 0x5886, 0x5086, 0x5086, 0x4886,
    0x4865, 0x4065, 0x4065, 0x3865, 0x3865, 0x3045, 0x3045, 0x2845, 0x2845, 0x2845, 0x2045, 0x2045, 0x1825, 0x1024, 0x1024, 0x0824,
    0x7903, 0x78E3, 0x78E3, 0x78C3, 0x78A4, 0x78A5, 0x70A5, 0x70A6, 0x68A6, 0x68A6, 0x60A6, 0x60A6, 0x5886, 0x5886, 0x5086, 0x5086,
    0x4886, 0x4066, 0x4065, 0x3865, 0x3865, 0x3865, 0x3065, 0x3045, 0x2845, 0x2845, 0x2045, 0x2045, 0x1845, 0x1825, 0x1024, 0x1024,
    0x7903, 0x8103, 0x8103, 0x80E3, 0x80C4, 0x78C5, 0x70A6, 0x70A6, 0x68A6, 0x68A6, 0x68A6, 0x60A6, 0x60A6, 0x5886, 0x5086, 0x5086,
    0x4886, 0x4866, 0x4066, 0x4066, 0x3866, 0x3866, 0x3066, 0x3065, 0x3045, 0x2845, 0x2845, 0x2045, 0x2045, 0x1845, 0x1825, 0x1025,
    0x8123, 0x8123, 0x8123, 0x8103, 0x8104, 0x80E5, 0x78C6, 0x70C6, 0x70A7, 0x68A7, 0x68A7, 0x60A7, 0x60A6, 0x5886, 0x5086, 0x5086,
    0x4886, 0x4066, 0x4066, 0x4066, 0x3866, 0x3866, 0x3866, 0x3066, 0x3046, 0x2845, 0x2845, 0x2045, 0x2045, 0x2045, 0x1825, 0x1025,
    0x8143, 0x8143, 0x8143, 0x8143, 0x8143, 0x8124, 0x8105, 0x78E6, 0x70C7, 0x70A7, 0x68A7, 0x60A7, 0x60A7, 0x5886, 0x5086, 0x5086,
    0x4886, 0x4066, 0x4066, 0x4066, 0x3866, 0x3866, 0x3866, 0x3066, 0x3046, 0x2845, 0x2846, 0x2046, 0x2046, 0x2046, 0x1846, 0x1826,
    0x8983, 0x8983, 0x8984, 0x8983, 0x8964, 0x8964, 0x8945, 0x8126, 0x7907, 0x70C7, 0x68C7, 0x68A7, 0x60A7, 0x5886, 0x5086, 0x4886,
    0x4866, 0x4065, 0x3865, 0x3865, 0x3865, 0x3065, 0x3065, 0x3045, 0x2845, 0x2845, 0x2045, 0x2045, 0x2045, 0x1825, 0x1825, 0x1825,
    0x89C4, 0x89C4, 0x89C4, 0x89C4, 0x89A4, 0x89A4, 0x8984, 0x8966, 0x8947, 0x7907, 0x70E7, 0x68C7, 0x60A7, 0x58A6, 0x5086, 0x4886,
    0x4065, 0x4065, 0x3865, 0x3065, 0x3045, 0x3045, 0x3045, 0x2845, 0x2845, 0x2045, 0x2044, 0x2044, 0x1825, 0x1825, 0x1825, 0x1825,
    0x8A04, 0x8A04, 0x8A04, 0x8A04, 0x8A04, 0x89E4, 0x91E4, 0x91A5, 0x9186, 0x8967, 0x8148, 0x7908, 0x68E7, 0x60A7, 0x58A6, 0x5086,
    0x4886, 0x4065, 0x3865, 0x3065, 0x3045, 0x2845, 0x2845, 0x2845, 0x2044, 0x2044, 0x2044, 0x1824, 0x1824, 0x1024, 0x1024, 0x1025,
    0x9245, 0x9245, 0x9244, 0x9265, 0x9265, 0x9244, 0x9225, 0x9205, 0x99C6, 0x91C7, 0x91A8, 0x8968, 0x7928, 0x7107, 0x60C7, 0x58A7,
    0x5086, 0x4086, 0x4065, 0x3865, 0x3045, 0x2844, 0x2844, 0x2845, 0x2045, 0x2044, 0x2044, 0x1824, 0x1824, 0x1024, 0x1024, 0x1024,
    0x92A5, 0x9AA5, 0x9AA5, 0x9AA5, 0x9AA5, 0x92A5, 0x9285, 0x9A65, 0x9A26, 0x9A27, 0x9A08, 0x99E8, 0x91C8, 0x8188, 0x7948, 0x6908,
    0x60E7, 0x50A7, 0x4886, 0x4066, 0x3866, 0x3065, 0x3045, 0x3045, 0x2845, 0x2845, 0x2045, 0x2045, 0x2045, 0x1825, 0x1825, 0x1025,
    0x9B06, 0x9B06, 0x9B06, 0x9B06, 0x9B06, 0x9B06, 0x9AE6, 0x9AC6, 0x9AA6, 0x9A87, 0xA267, 0xA248, 0xA249, 0x9A09, 0x89E9, 0x8189,
    0x7149, 0x6108, 0x58E8, 0x50C7, 0x40A7, 0x4087, 0x3887, 0x3887, 0x3887, 0x3067, 0x3067, 0x2867, 0x2867, 0x2067, 0x2046, 0x2046,
    0x9B46, 0xA366, 0xA366, 0xA366, 0xA366, 0xA366, 0x9B46, 0x9B26, 0x9B06, 0x9AE7, 0xA2C8, 0xA2A8, 0xA2A9, 0xA289, 0xA26A, 0x922A,
    0x89EA, 0x79AA, 0x718A, 0x6149, 0x5929, 0x5109, 0x50E9, 0x48E9, 0x48E9, 0x40C9, 0x40C9, 0x38A9, 0x38A9, 0x38A9, 0x30A9, 0x3089,
    0xA3A7, 0xA3C7, 0xA3C7, 0xA3C7, 0xA3C7, 0xA3C7, 0xA3A7, 0xA387, 0xA367, 0xA347, 0xA348, 0xA328, 0xAB09, 0xAB09, 0xAAEA, 0xA2AB,
    0x9A8B, 0x924B, 0x822B, 0x79EB, 0x71CB, 0x698B, 0x618B, 0x616C, 0x596C, 0x596C, 0x514C, 0x512C, 0x492C, 0x490C, 0x410C, 0x410C,
    0xAC28, 0xAC28, 0xAC28, 0xAC28, 0xAC28, 0xAC28, 0xAC28, 0xAC08, 0xA3E8, 0xA3E8, 0xA3C9, 0xA3A9, 0xAB89, 0xAB6A, 0xAB4A, 0xAB2B,
    0xA30C, 0x9AEC, 0x92CD, 0x8AAD, 0x8A6D, 0x824E, 0x7A2E, 0x7A2E, 0x722F, 0x720F, 0x6A0F, 0x61EF, 0x61CF, 0x59CF, 0x59AF, 0x51AF,
    0xAC89, 0xAC89, 0xACA9, 0xACA9, 0xACA9, 0xACA9, 0xAC89, 0xAC88, 0xAC68, 0xAC49, 0xAC49, 0xAC2A, 0xAC0A, 0xABEA, 0xB3CB, 0xABAB,
    0xABAC, 0xA38D, 0x9B6E, 0x9B4E, 0x930F, 0x92EF, 0x8AD0, 0x8AD0, 0x82B1, 0x82B1, 0x7AB1, 0x7291, 0x7271, 0x6A71, 0x6A51, 0x6251,
    0xB4EA, 0xB50A, 0xB50A, 0xB50A, 0xB50A, 0xB50A, 0xB50A, 0xB4EA, 0xB4C9, 0xACCA, 0xACAA, 0xACAB, 0xB48B, 0xB46B, 0xB44C, 0xB42C,
    0xAC0D, 0xAC0E, 0xA3EE, 0xA3CF, 0x9BB0, 0x9B90, 0x9371, 0x9351, 0x8B51, 0x8B52, 0x8332, 0x8313, 0x7B13, 0x7AF3, 0x72F3, 0x72D3,
    0xB54B, 0xB54B, 0xB56B, 0xB54B, 0xB54B, 0xB54B, 0xB54B, 0xB54B, 0xB52A, 0xB52B, 0xB52B, 0xB50C, 0xB50C, 0xB4EC, 0xB4CC, 0xB4AD,
    0xB48D, 0xAC6E, 0xAC6F, 0xA450, 0xA431, 0x9C11, 0x9BF2, 0x9BD2, 0x93D2, 0x93D3, 0x8BB3, 0x8BB3, 0x8B94, 0x8374, 0x8374, 0x7B54,
    0xBD8B, 0xBD8B, 0xBDAC, 0xBD8C, 0xBD8C, 0xBD8C, 0xBD8C, 0xBD8B, 0xB56B, 0xB56B, 0xB56C, 0xB56C, 0xB54D, 0xBD4D, 0xB52D, 0xB50D,
    0xB4EE, 0xB4CF, 0xACD0, 0xACD1, 0xACB2, 0xA492, 0xA472, 0x9C73, 0x9C53, 0x9C53, 0x9434, 0x9414, 0x8BF4, 0x8BF4, 0x8BD5, 0x83D5,
    0xBDAC, 0xBDCC, 0xBDCC, 0xBDCC, 0xBDCC, 0xBDCC, 0xBDCC, 0xBDCC, 0xBDAC, 0xBDAC, 0xBDAC, 0xBDAD, 0xBD8D, 0xBD8E, 0xBD6E, 0xBD4E,
    0xB54F, 0xB52F, 0xB531, 0xB532, 0xAD12, 0xACF3, 0xA4F3, 0xA4D4, 0xA4B4, 0x9CB4, 0x9C94, 0x9C94, 0x9474, 0x9455, 0x8C55, 0x8C35,
    0xBDEC, 0xBDED, 0xBDED, 0xBDED, 0xBDED, 0xBDED, 0xBDED, 0xBDED, 0xBDED, 0xBDCD, 0xBDCD, 0xBDCD, 0xBDCE, 0xBDCE, 0xBDAE, 0xBDAF,
    0xBD8F, 0xBD70, 0xB571, 0xB552, 0xB553, 0xAD54, 0xAD54, 0xAD34, 0xAD35, 0xA515, 0xA4F5, 0x9CF5, 0x9CD5, 0x9CB5, 0x94B5, 0x94B5,
    0xBDED, 0xBE0D, 0xBE0D, 0xBE0D, 0xBE0D, 0xBE0D, 0xBE0D, 0xBE0D, 0xBE0D, 0xBDED, 0xBDED, 0xBDEE, 0xBDEE, 0xBDEE, 0xBDEF, 0xBDCF,
    0xBDD0, 0xBDB1, 0xBDB2, 0xB593, 0xB594, 0xB594, 0xB575, 0xB575, 0xAD75, 0xAD55, 0xAD55, 0xA535, 0xA535, 0xA515, 0x9D16, 0x9D16,
    0xBE0D, 0xBE0D, 0xBE0D, 0xC60D, 0xC60D, 0xC60D, 0xC60D, 0xC60D, 0xBE0D, 0xBE0D, 0xBE0D, 0xBE0E, 0xC60E, 0xC60F, 0xC60F, 0xC5EF,
    0xBDF0, 0xBDF1, 0xBDD2, 0xBDD3, 0xBDD4, 0xB5B5, 0xB5B5, 0xB5B6, 0xB596, 0xB596, 0xAD96, 0xAD76, 0xAD76, 0xAD56, 0xA556, 0xA556,
    0xC60D, 0xC60D, 0xBE0D, 0xC60D, 0xC60D, 0xC60D, 0xC60D, 0xC60D, 0xC60D, 0xBE0D, 0xBE0D, 0xC60E, 0xC60E, 0xC60F, 0xC60F, 0xC610,
    0xC610, 0xC611, 0xBE13, 0xBDF4, 0xBDF5, 0xBDF5, 0xBDD6, 0xB5D6, 0xB5D6, 0xB5B6, 0xB5B6, 0xB5B6, 0xAD96, 0xAD96, 0xAD96, 0xAD96,
    0xC62D, 0xC60D, 0xC60D, 0xC60D, 0xC60D, 0xC60D, 0xBE0D, 0xC60D, 0xC60D, 0xBE0D, 0xBE0D, 0xC60E, 0xC62E, 0xC62F, 0xC62F, 0xC630,
    0xC631, 0xC632, 0xC633, 0xC614, 0xBE15, 0xBE16, 0xBE16, 0xBDF6, 0xBDF6, 0xB5F7, 0xB5D7, 0xB5D7, 0xB5D7, 0xB5B7, 0xADB7, 0xADB7,
    0xC62D, 0xC60D, 0xC60D, 0xC60D, 0xC60D, 0xC60D, 0xC60D, 0xC60D, 0xC60D, 0xC60D, 0xC60D, 0xC60E, 0xC62E, 0xC62F, 0xC630, 0xC630,
    0xC631, 0xC632, 0xC633, 0xC634, 0xC635, 0xBE36, 0xBE16, 0xBE17, 0xBDF7, 0xBDF7, 0xB5F7, 0xB5F7, 0xB5D7, 0xB5D7, 0xB5D7, 0xB5D7,
    0xC60D, 0xC60D, 0xC62D, 0xC60D, 0xC60D, 0xC60D, 0xC62D, 0xC60D, 0xBE0D, 0xC60D, 0xC62D, 0xC62E, 0xC62E, 0xC62F, 0xC630, 0xC630,
    0xC651, 0xC652, 0xC653, 0xC635, 0xC636, 0xC636, 0xBE37, 0xBE17, 0xBE17, 0xBE17, 0xBE17, 0xB5F7, 0xB5F7, 0xB5F7, 0xB5F7, 0xB5D7,
    0xC60D, 0xC60D, 0xC60D, 0xC60D, 0xC60D, 0xC60D, 0xC60D, 0xC60D, 0xBE0D, 0xC60D, 0xC60D, 0xC62E, 0xC62E, 0xC62F, 0xC630, 0xC630,
    0xC651, 0xC652, 0xC653, 0xC655, 0xC636, 0xC636, 0xC637, 0xBE37, 0xBE37, 0xBE17, 0xBE17, 0xBE17, 0xB617, 0xB5F7, 0xB5F7, 0xB5F7,
    0xC60D, 0xC60D, 0xC60D, 0xC60D, 0xC60D, 0xBE0D, 0xBE0D, 0xC60D, 0xC60D, 0xC60D, 0xC60D, 0xC62E, 0xC62E, 0xC62F, 0xC630, 0xC630,
    0xC651, 0xC652, 0xC654, 0xC655, 0xC656, 0xC656, 0xC637, 0xC637, 0xBE37, 0xBE37, 0xBE38, 0xBE38, 0xBE18, 0xBE18, 0xB618, 0xB618,
    0xC60D, 0xC60D, 0xC60D, 0xC60D, 0xC60D, 0xC60D, 0xC60D, 0xC60D, 0xC60D, 0xC60D, 0xC60D, 0xC62E, 0xC62E, 0xC62F, 0xC630, 0xC630,
    0xC651, 0xC652, 0xC654, 0xC655, 0xC656, 0xC657, 0xC657, 0xC637, 0xC637, 0xBE38, 0xBE38, 0xBE38, 0xBE38, 0xBE18, 0xBE18, 0xB618,
    0xC60D, 0xC60D, 0xC60D, 0xC60D, 0xBE0D, 0xC60D, 0xC60D, 0xC60D, 0xC60D, 0xC60D, 0xC60D, 0xC62E, 0xC62E, 0xC62F, 0xC630, 0xC630,
    0xC631, 0xC652, 0xC654, 0xC655, 0xC656, 0xC657, 0xC657, 0xC637, 0xC638, 0xC658, 0xBE38, 0xBE38, 0xBE38, 0xBE38, 0xBE38, 0xBE38,
    0x78C2, 0x78A2, 0x78A2, 0x78A3, 0x70A4, 0x70A4, 0x70A5, 0x70A5, 0x68A6, 0x68A6, 0x60A6, 0x60A6, 0x5886, 0x5886, 0x5085, 0x4885,
    0x4865, 0x4065, 0x4065, 0x3865, 0x3864, 0x3044, 0x3044, 0x3044, 0x2844, 0x2845, 0x2045, 0x2044, 0x1824, 0x1824, 0x1024, 0x1023,
    0x78E3, 0x78C2, 0x78A2, 0x78A3, 0x70A4, 0x70A4, 0x70A5, 0x70A5, 0x68A6, 0x68A6, 0x68A6, 0x60A6, 0x5886, 0x5886, 0x5085, 0x4885,
    0x4865, 0x4065, 0x4065, 0x3865, 0x3865, 0x3044, 0x3044, 0x3045, 0x2845, 0x2845, 0x2045, 0x2045, 0x1824, 0x1824, 0x1024, 0x1024,
    0x7903, 0x78C2, 0x78A2, 0x78A3, 0x78A4, 0x70A4, 0x70A5, 0x70A5, 0x68A6, 0x68A6, 0x68A6, 0x60A6, 0x5886, 0x5886, 0x5085, 0x5085,
    0x4865, 0x4065, 0x4065, 0x4065, 0x3865, 0x3864, 0x3045, 0x3045, 0x3045, 0x2845, 0x2845, 0x2045, 0x2044, 0x1824, 0x1824, 0x1024,
    0x8103, 0x78E3, 0x78C3, 0x78C3, 0x78A4, 0x78A4, 0x70A5, 0x70A6, 0x68A6, 0x68A6, 0x68A6, 0x60A6, 0x6086, 0x5886, 0x5086, 0x5086,
    0x4886, 0x4865, 0x4065, 0x4065, 0x3865, 0x3865, 0x3865, 0x3065, 0x3045, 0x2845, 0x2845, 0x2045, 0x2045, 0x2045, 0x1825, 0x1024,
    0x8103, 0x8103, 0x78E3, 0x78C3, 0x78A4, 0x78A4, 0x78A5, 0x70A6, 0x70A6, 0x68A6, 0x68A6, 0x60A6, 0x60A6, 0x5886, 0x5886, 0x5086,
    0x4886, 0x4866, 0x4066, 0x4066, 0x4066, 0x3866, 0x3865, 0x3865, 0x3065, 0x3045, 0x2845, 0x2845, 0x2045, 0x2045, 0x1845, 0x1825,
    0x8123, 0x8123, 0x8103, 0x8103, 0x80E3, 0x78C4, 0x78C5, 0x70A6, 0x70A6, 0x68A6, 0x68A6, 0x60A6, 0x60A6, 0x5886, 0x5886, 0x5086,
    0x4886, 0x4866, 0x4066, 0x4066, 0x4066, 0x3866, 0x3866, 0x3866, 0x3066, 0x3046, 0x2846, 0x2846, 0x2846, 0x2046, 0x2045, 0x1825,
    0x8143, 0x8143, 0x8143, 0x8143, 0x8123, 0x8104, 0x78C5, 0x78C6, 0x70C7, 0x70A7, 0x68A7, 0x60A7, 0x60A6, 0x5886, 0x5886, 0x5086,
    0x4886, 0x4866, 0x4066, 0x4066, 0x4066, 0x3866, 0x3866, 0x3866, 0x3066, 0x3046, 0x3046, 0x2846, 0x2846, 0x2046, 0x2046, 0x2046,
    0x8163, 0x8163, 0x8163, 0x8163, 0x8163, 0x8144, 0x8104, 0x8106, 0x78E7, 0x70C7, 0x68A7, 0x68A7, 0x60A6, 0x5886, 0x5086, 0x4886,
    0x4865, 0x4066, 0x4066, 0x4066, 0x3866, 0x3866, 0x3866, 0x3866, 0x3066, 0x3046, 0x2846, 0x2846, 0x2046, 0x2045, 0x2046, 0x2046,
    0x89A4, 0x89A4, 0x89A4, 0x89A4, 0x89A4, 0x8984, 0x8964, 0x8925, 0x8107, 0x78E7, 0x70C7, 0x68C7, 0x60A6, 0x5886, 0x5086, 0x4885,
    0x4065, 0x4065, 0x4065, 0x3865, 0x3865, 0x3065, 0x3065, 0x3066, 0x3046, 0x2845, 0x2845, 0x2045, 0x2045, 0x2045, 0x1845, 0x1845,
    0x8A04, 0x8A04, 0x8A04, 0x89E4, 0x89E4, 0x89C4, 0x89A4, 0x9185, 0x8946, 0x8947, 0x8127, 0x7907, 0x68C7, 0x60A6, 0x5886, 0x5086,
    0x4865, 0x4065, 0x3865, 0x3865, 0x3045, 0x3045, 0x2845, 0x2845, 0x2845, 0x2845, 0x2045, 0x2045, 0x1824, 0x1824, 0x1825, 0x1825,
    0x9244, 0x9244, 0x9244, 0x9244, 0x9244, 0x9224, 0x9204, 0x91C5, 0x99A6, 0x91A7, 0x9188, 0x8148, 0x7927, 0x68E7, 0x60C7, 0x58A6,
    0x5086, 0x4085, 0x4065, 0x3865, 0x3045, 0x2845, 0x2845, 0x2845, 0x2045, 0x2045, 0x2044, 0x2044, 0x1824, 0x1824, 0x1824, 0x1825,
    0x92A5, 0x92A5, 0x92A5, 0x92A5, 0x92A5, 0x9285, 0x9265, 0x9245, 0x9A06, 0x9A07, 0x99E7, 0x99C8, 0x91A8, 0x8168, 0x7128, 0x6907,
    0x58C7, 0x50A7, 0x4886, 0x4066, 0x3865, 0x3065, 0x3045, 0x2845, 0x2845, 0x2845, 0x2845, 0x2045, 0x2045, 0x2045, 0x1845, 0x1825,
    0x9AE6, 0x9AE6, 0x9AE6, 0x9B06, 0x9B06, 0x9AE6, 0x9AC5, 0x9AA5, 0x9A86, 0x9A66, 0xA247, 0xA248, 0xA229, 0x91E9, 0x89C9, 0x7968,
    0x7148, 0x6108, 0x58C8, 0x50A7, 0x40A7, 0x4087, 0x3886, 0x3886, 0x3067, 0x3067, 0x3067, 0x3067, 0x2867, 0x2866, 0x2066, 0x2046,
    0x9B46, 0x9B46, 0x9B46, 0x9B46, 0xA366, 0x9B46, 0x9B46, 0x9B06, 0x9AE6, 0x9AC7, 0xA2A7, 0xA2A8, 0xA289, 0xA269, 0x9A49, 0x9209,
    0x89EA, 0x79AA, 0x7169, 0x6149, 0x5929, 0x5109, 0x50E9, 0x48C9, 0x48C9, 0x48C9, 0x40C9, 0x40C9, 0x38A9, 0x38A9, 0x38A9, 0x3089,
    0xA3A7, 0xA3A7, 0xA3C7, 0xA3C7, 0xA3C7, 0xA3A7, 0xA3A7, 0xA387, 0xA367, 0xA347, 0xA328, 0xA308, 0xAB09, 0xAAE9, 0xAACA, 0xA2AA,
    0x9A8B, 0x924B, 0x822B, 0x79EB, 0x71CB, 0x698B, 0x616B, 0x614B, 0x594B, 0x594C, 0x594C, 0x512C, 0x512C, 0x490C, 0x490B, 0x490B,
    0xAC08, 0xAC28, 0xAC28, 0xAC28, 0xAC28, 0xAC28, 0xAC28, 0xA408, 0xA3E8, 0xA3C8, 0xA3A8, 0xA389, 0xAB89, 0xAB69, 0xAB4A, 0xAB2B,
    0xA30B, 0x9AEC, 0x92CC, 0x928D, 0x8A6D, 0x824D, 0x822D, 0x7A0E, 0x720E, 0x720E, 0x720F, 0x69EF, 0x61CF, 0x61CF, 0x59AE, 0x59AE,
    0xAC89, 0xAC89, 0xACA9, 0xAC89, 0xAC89, 0xAC89, 0xAC89, 0xAC68, 0xAC68, 0xAC49, 0xAC29, 0xAC0A, 0xAC0A, 0xABEA, 0xABCA, 0xB3AB,
    0xAB8C, 0xAB6C, 0xA34D, 0x9B2E, 0x9B0E, 0x92EF, 0x92CF, 0x8AB0, 0x8AB0, 0x82B1, 0x82B1, 0x7A91, 0x7A71, 0x7271, 0x6A51, 0x6A51,
    0xB50A, 0xB50A, 0xB50A, 0xB50A, 0xB50A, 0xB4EA, 0xB4EA, 0xB4EA, 0xB4C9, 0xACCA, 0xACAA, 0xAC8B, 0xB48B, 0xB46B, 0xB44B, 0xB40C,
    0xB40C, 0xABED, 0xA3CE, 0xA3AF, 0x9B8F, 0x9B70, 0x9B70, 0x9351, 0x9351, 0x9352, 0x8B32, 0x8B32, 0x8313, 0x82F3, 0x7AF3, 0x7AD3,
    0xB54B, 0xB54B, 0xB54B, 0xB54B, 0xB54B, 0xB54B, 0xB54B, 0xB54A, 0xB52A, 0xB52A, 0xB50B, 0xB50B, 0xB4EC, 0xB4CC, 0xB4AC, 0xB48C,
    0xB46D, 0xB46E, 0xAC4F, 0xAC30, 0xA430, 0xA411, 0x9BF1, 0x9BD2, 0x9BD2, 0x9BD3, 0x93B3, 0x93B3, 0x8B93, 0x8B74, 0x8B74, 0x8354,
    0xB58B, 0xBD8B, 0xBD8C, 0xBD8C, 0xBD8C, 0xBD8C, 0xBD8C, 0xB58B, 0xB56B, 0xB56B, 0xB56C, 0xB54C, 0xB54D, 0xB54D, 0xB52D, 0xB50D,
    0xB4EE, 0xB4CE, 0xB4AF, 0xACB1, 0xACB1, 0xA492, 0xA472, 0xA452, 0xA453, 0x9C53, 0x9C33, 0x9C34, 0x9414, 0x93F4, 0x8BF4, 0x8BD5,
    0xBDAC, 0xBDCC, 0xBDCC, 0xBDCC, 0xBDCC, 0xBDCC, 0xBDCC, 0xBDAC, 0xBDAC, 0xBDAC, 0xBDAC, 0xBDAD, 0xBD8D, 0xBD8D, 0xBD6E, 0xBD4E,
    0xBD2E, 0xB52F, 0xB510, 0xB511, 0xAD12, 0xACF3, 0xACD3, 0xACD3, 0xA4B4, 0xA4B4, 0xA494, 0x9C94, 0x9C74, 0x9454, 0x9455, 0x9455,
    0xBDEC, 0xBDED, 0xBDED, 0xBDED, 0xBDED, 0xBDED, 0xBDED, 0xBDED, 0xBDED, 0xBDCD, 0xBDCD, 0xBDCD, 0xBDCE, 0xBDCE, 0xBDAE, 0xBD8F,
    0xBD8F, 0xBD70, 0xBD71, 0xB552, 0xB553, 0xB553, 0xAD34, 0xAD34, 0xAD14, 0xAD15, 0xA4F5, 0xA4F5, 0xA4D5, 0x9CD5, 0x9CB5, 0x9CB5,
    0xBDED, 0xBE0D, 0xBE0D, 0xBE0D, 0xBE0D, 0xBE0D, 0xBE0D, 0xBE0D, 0xBE0D, 0xBDED, 0xBDED, 0xBDEE, 0xBDEE, 0xBDEE, 0xBDCF, 0xBDCF,
    0xBDD0, 0xBDB0, 0xBDB1, 0xBD92, 0xB593, 0xB594, 0xB575, 0xB575, 0xAD75, 0xAD55, 0xAD55, 0xAD35, 0xA535, 0xA515, 0xA515, 0x9CF5,
    0xBE0D, 0xBE0D, 0xBE0D, 0xBE0D, 0xC60D, 0xBE0D, 0xBE0D, 0xBE0D, 0xC60D, 0xBE0D, 0xBE0D, 0xBE0E, 0xBE0E, 0xC60F, 0xC5EF, 0xC5EF,
    0xC5F0, 0xBDF1, 0xBDD2, 0xBDD3, 0xBDB4, 0xBDB5, 0xB5B5, 0xB5B5, 0xB596, 0xB596, 0xB596, 0xAD76, 0xAD76, 0xAD56, 0xAD56, 0xA556,
    0xC60D, 0xBE0D, 0xBE0D, 0xC60D, 0xC60D, 0xC60D, 0xBE0D, 0xBE0D, 0xC60D, 0xBE0D, 0xBE0D, 0xC60E, 0xC60E, 0xC60F, 0xC60F, 0xC610,
    0xC610, 0xC611, 0xC612, 0xBDF4, 0xBDF4, 0xBDD5, 0xBDD6, 0xB5D6, 0xB5D6, 0xB5B6, 0xB5B6, 0xB5B6, 0xB596, 0xB596, 0xAD96, 0xAD96,
    0xC62D, 0xC60D, 0xBE0D, 0xC60D, 0xC60D, 0xBE0D, 0xBE0D, 0xBE0D, 0xBE0D, 0xC60D, 0xC60D, 0xC60E, 0xC60E, 0xC60F, 0xC62F, 0xC630,
    0xC631, 0xC632, 0xC633, 0xC614, 0xBE15, 0xBE16, 0xBDF6, 0xBDF6, 0xBDF6, 0xBDF7, 0xB5D7, 0xB5D7, 0xB5D7, 0xB5D7, 0xB5B7, 0xB5B7,
    0xC62D, 0xC60D, 0xC60D, 0xC60D, 0xC60D, 0xC60D, 0xC60D, 0xC60D, 0xC60D, 0xC60D, 0xC60D, 0xC60E, 0xC60E, 0xC62F, 0xC62F, 0xC630,
    0xC631, 0xC632, 0xC633, 0xC634, 0xC635, 0xC616, 0xBE16, 0xBE17, 0xBDF7, 0xBDF7, 0xBDF7, 0xBDF7, 0xB5F7, 0xB5F7, 0xB5D7, 0xB5D7,
    0xC60D, 0xC60D, 0xC60D, 0xC60D, 0xC60D, 0xC60D, 0xC62D, 0xC60D, 0xC60D, 0xC60D, 0xC60D, 0xC60D, 0xC62E, 0xC62F, 0xC62F, 0xC630,
    0xC651, 0xC652, 0xC653, 0xC654, 0xC635, 0xC636, 0xC637, 0xC617, 0xBE17, 0xBE17, 0xBE17, 0xBE17, 0xBDF7, 0xBDF7, 0xB5F7, 0xB5F7,
    0xC60D, 0xC60D, 0xC60D, 0xC60D, 0xC60D, 0xC60D, 0xC60D, 0xC60D, 0xC60D, 0xC60D, 0xC60D, 0xC60D, 0xC62E, 0xC62F, 0xC62F, 0xC630,
    0xC651, 0xC652, 0xC653, 0xC655, 0xC656, 0xC636, 0xC637, 0xC637, 0xC637, 0xBE17, 0xBE17, 0xBE17, 0xBE17, 0xBE17, 0xBE17, 0xBDF8,
    0xBE0D, 0xC60D, 0xC60D, 0xC60D, 0xC60D, 0xBE0D, 0xBE0D, 0xC60D, 0xC60D, 0xC60D, 0xC60D, 0xC60D, 0xC60E, 0xC62F, 0xC62F, 0xC630,
    0xC651, 0xC652, 0xC653, 0xC655, 0xC656, 0xC656, 0xC637, 0xC637, 0xC637, 0xC638, 0xBE38, 0xBE38, 0xBE18, 0xBE18, 0xBE18, 0xBE18,
    0xC60D, 0xC60D, 0xC60D, 0xC60D, 0xC60D, 0xBE0D, 0xBE0D, 0xC60D, 0xC60D, 0xC60D, 0xC60D, 0xC60E, 0xC62E, 0xC62F, 0xC62F, 0xC630,
    0xC631, 0xC652, 0xC653, 0xC655, 0xC656, 0xC656, 0xC657, 0xC637, 0xC637, 0xC638, 0xC638, 0xBE38, 0xBE38, 0xBE18, 0xBE18, 0xBE18,
    0xC60D, 0xC60D, 0xC62D, 0xC60D, 0xC60D, 0xBE0D, 0xBE0D, 0xC60D, 0xC60D, 0xC60D, 0xC60D, 0xC62E, 0xC62E, 0xC62F, 0xC62F, 0xC630,
    0xC631, 0xC652, 0xC653, 0xC655, 0xC656, 0xC657, 0xC657, 0xC637, 0xC638, 0xC658, 0xC638, 0xC638, 0xBE38, 0xBE38, 0xBE38, 0xBE38,
    0x78C2, 0x78A2, 0x78A2, 0x78A3, 0x70A4, 0x70A4, 0x70A5, 0x70A5, 0x68A5, 0x68A6, 0x68A6, 0x60A6, 0x5886, 0x5886, 0x5085, 0x4885,
    0x4865, 0x4065, 0x4065, 0x3864, 0x3864, 0x3844, 0x3044, 0x3044, 0x3044, 0x2844, 0x2844, 0x2044, 0x2044, 0x1824, 0x1824, 0x1023,
    0x78E3, 0x78C2, 0x78A2, 0x78A3, 0x78A4, 0x70A4, 0x70A5, 0x70A5, 0x70A5, 0x68A6, 0x68A6, 0x60A6, 0x6086, 0x5886, 0x5085, 0x5085,
    0x4865, 0x4065, 0x4065, 0x4065, 0x3864, 0x3844, 0x3044, 0x3044, 0x3044, 0x2844, 0x2844, 0x2044, 0x2044, 0x2024, 0x1824, 0x1024,
    0x7903, 0x78C2, 0x78A2, 0x78A3, 0x78A4, 0x70A4, 0x70A5, 0x70A5, 0x70A5, 0x68A6, 0x68A6, 0x60A6, 0x6086, 0x5886, 0x5086, 0x5085,
    0x4885, 0x4865, 0x4065, 0x4065, 0x3865, 0x3844, 0x3044, 0x3044, 0x3044, 0x2844, 0x2845, 0x2845, 0x2044, 0x2044, 0x1824, 0x1824,
    0x8103, 0x78E3, 0x78C2, 0x78C3, 0x78A4, 0x78A4, 0x70A5, 0x70A5, 0x70A6, 0x68A6, 0x68A6, 0x60A6, 0x60A6, 0x5886, 0x5886, 0x5086,
    0x4886, 0x4885, 0x4065, 0x4065, 0x4065, 0x3865, 0x3865, 0x3065, 0x3045, 0x3045, 0x2845, 0x2845, 0x2045, 0x2045, 0x2045, 0x1824,
    0x8103, 0x8103, 0x78E3, 0x78C3, 0x78A3, 0x78A4, 0x70A5, 0x70A5, 0x70A6, 0x68A6, 0x68A6, 0x68A6, 0x60A6, 0x6086, 0x5886, 0x5086,
    0x5086, 0x4886, 0x4866, 0x4066, 0x4065, 0x3865, 0x3865, 0x3865, 0x3065, 0x3065, 0x3045, 0x2845, 0x2845, 0x2045, 0x2045, 0x1845,
    0x8123, 0x8123, 0x8103, 0x8103, 0x78E3, 0x78C4, 0x78A5, 0x70A6, 0x70A6, 0x70A6, 0x68A6, 0x68A6, 0x60A6, 0x60A6, 0x5886, 0x5086,
    0x5086, 0x4886, 0x4866, 0x4066, 0x4066, 0x4066, 0x3866, 0x3866, 0x3866, 0x3066, 0x3046, 0x3046, 0x2846, 0x2846, 0x2046, 0x2045,
    0x8143, 0x8143, 0x8143, 0x8123, 0x8123, 0x80E4, 0x78C5, 0x78C6, 0x70A6, 0x70A6, 0x68A6, 0x68A6, 0x60A6, 0x60A6, 0x5886, 0x5086,
    0x5086, 0x4886, 0x4886, 0x4886, 0x4066, 0x4066, 0x4066, 0x3866, 0x3866, 0x3066, 0x3066, 0x3046, 0x2846, 0x2846, 0x2846, 0x2046,
    0x8163, 0x8163, 0x8163, 0x8163, 0x8143, 0x8124, 0x8104, 0x80E5, 0x78C6, 0x70C7, 0x68A7, 0x68A6, 0x60A6, 0x5886, 0x5086, 0x5085,
    0x4885, 0x4866, 0x4066, 0x4066, 0x4066, 0x4066, 0x3866, 0x3866, 0x3866, 0x3066, 0x3066, 0x3046, 0x2846, 0x2846, 0x2846, 0x2046,
    0x89A4, 0x89A4, 0x89A4, 0x89A4, 0x8984, 0x8964, 0x8944, 0x8105, 0x80E6, 0x78E7, 0x70C7, 0x68A6, 0x60A6, 0x5886, 0x5085, 0x4885,
    0x4865, 0x4065, 0x4065, 0x4065, 0x3866, 0x3866, 0x3866, 0x3866, 0x3066, 0x3066, 0x3066, 0x2846, 0x2846, 0x2046, 0x2046, 0x2046,
    0x89E4, 0x89E4, 0x89E4, 0x89E4, 0x89E4, 0x89C4, 0x8984, 0x8965, 0x8946, 0x8927, 0x8127, 0x70E7, 0x68C6, 0x60A6, 0x5886, 0x4885,
    0x4865, 0x4065, 0x4065, 0x3865, 0x3865, 0x3065, 0x3065, 0x3045, 0x3045, 0x2845, 0x2845, 0x2845, 0x2045, 0x2045, 0x2045, 0x2045,
    0x9244, 0x9244, 0x9244, 0x9244, 0x9224, 0x9224, 0x91E4, 0x91C5, 0x9186, 0x9187, 0x8967, 0x8127, 0x7907, 0x68C7, 0x60A6, 0x50A6,
    0x4885, 0x4065, 0x3865, 0x3865, 0x3065, 0x3045, 0x2845, 0x2845, 0x2845, 0x2845, 0x2845, 0x2045, 0x2045, 0x2045, 0x2045, 0x1845,
    0x92A5, 0x92A5, 0x9285, 0x92A5, 0x92A5, 0x9285, 0x9265, 0x9225, 0x91E5, 0x99E6, 0x91C7, 0x91A7, 0x8988, 0x8148, 0x7127, 0x60E7,
    0x58C6, 0x5086, 0x4086, 0x4066, 0x3865, 0x3065, 0x3065, 0x3045, 0x2845, 0x2846, 0x2846, 0x2846, 0x2045, 0x2045, 0x2045, 0x2045,
    0x9AE6, 0x9AE6, 0x9AE6, 0x9AE6, 0x9AE6, 0x9AE5, 0x9AC5, 0x9A85, 0x9A65, 0x9A46, 0x9A27, 0xA228, 0x9A08, 0x91E8, 0x81A8, 0x7968,
    0x6928, 0x60E7, 0x50C7, 0x48A7, 0x40A7, 0x4086, 0x3886, 0x3866, 0x3867, 0x3067, 0x3067, 0x3067, 0x3067, 0x2867, 0x2867, 0x2847,
    0x9B46, 0x9B46, 0x9B46, 0x9B46, 0x9B46, 0x9B46, 0x9B26, 0x9B06, 0x9AC6, 0x9AA7, 0xA2A7, 0xA288, 0xA288, 0xA268, 0x9A49, 0x9209,
    0x89C9, 0x7989, 0x7169, 0x6149, 0x5929, 0x5108, 0x50E8, 0x48C8, 0x48C8, 0x48C9, 0x40C9, 0x40C9, 0x40A9, 0x38A9, 0x38A9, 0x3889,
    0xA3A7, 0xA3A7, 0xA3A7, 0xA3A7, 0xA3A7, 0xA3A7, 0xA3A7, 0xA367, 0xA347, 0xA327, 0xA308, 0xA308, 0xA2E9, 0xAAC9, 0xAAC9, 0xA2AA,
    0x9A6A, 0x924A, 0x820B, 0x79CB, 0x71AB, 0x698B, 0x696B, 0x614B, 0x614B, 0x594B, 0x592B, 0x512B, 0x512B, 0x510B, 0x490B, 0x490B,
    0xAC08, 0xAC08, 0xAC28, 0xAC28, 0xAC28, 0xAC28, 0xA408, 0xA3E7, 0xA3C7, 0xA3A8, 0xA388, 0xA389, 0xAB69, 0xAB49, 0xAB2A, 0xAB2A,
    0xAB0B, 0xA2CB, 0x9AAC, 0x928C, 0x8A6D, 0x8A2D, 0x822D, 0x7A0D, 0x79EE, 0x71EE, 0x71EE, 0x69EE, 0x69CE, 0x61CE, 0x61AE, 0x59AE,
    0xAC88, 0xAC89, 0xAC89, 0xAC89, 0xAC89, 0xAC89, 0xAC88, 0xAC68, 0xAC48, 0xAC28, 0xAC09, 0xAC09, 0xABEA, 0xABCA, 0xABAA, 0xAB8B,
    0xAB8B, 0xAB6C, 0xA34D, 0xA32D, 0x9AEE, 0x9ACF, 0x92CF, 0x8AAF, 0x8AB0, 0x8AB0, 0x8290, 0x8290, 0x7A71, 0x7A71, 0x7251, 0x7251,
    0xB4EA, 0xB4EA, 0xB4EA, 0xB4EA, 0xB4EA, 0xB4EA, 0xB4E9, 0xB4E9, 0xB4C9, 0xACA9, 0xACAA, 0xAC8A, 0xAC6B, 0xAC4B, 0xB42B, 0xB40B,
    0xB3EC, 0xABED, 0xABCE, 0xA3AF, 0xA38F, 0x9B70, 0x9B50, 0x9B51, 0x9331, 0x9331, 0x9332, 0x8B12, 0x8B12, 0x82F2, 0x82F2, 0x82D3,
    0xB54B, 0xB54B, 0xB54B, 0xB54B, 0xB54B, 0xB54B, 0xB54B, 0xB54A, 0xB52A, 0xB52A, 0xB50B, 0xB4EB, 0xB4EC, 0xB4CC, 0xB4AC, 0xB46C,
    0xB46C, 0xB44D, 0xAC4E, 0xAC30, 0xA430, 0xA411, 0xA3F1, 0xA3D1, 0x9BD2, 0x9BD2, 0x9BB3, 0x93B3, 0x9393, 0x8B73, 0x8B74, 0x8B54,
    0xB58B, 0xBD8B, 0xBD8B, 0xBD8C, 0xBD8C, 0xBD8C, 0xBD8B, 0xBD8B, 0xB56B, 0xB56B, 0xB56B, 0xB54C, 0xB54D, 0xB52D, 0xB50D, 0xB4ED,
    0xB4CD, 0xB4AE, 0xB4AF, 0xACB0, 0xAC91, 0xAC92, 0xA472, 0xA452, 0xA453, 0xA433, 0x9C33, 0x9C13, 0x9C14, 0x93F4, 0x93F4, 0x93F4,
    0xBDAC, 0xBDCC, 0xBDCC, 0xBDCC, 0xBDCC, 0xBDCC, 0xBDCC, 0xBDAC, 0xBDAC, 0xBDAC, 0xBDAC, 0xBD8D, 0xBD8D, 0xBD6D, 0xBD6D, 0xBD4E,
    0xBD2E, 0xB50F, 0xB510, 0xB511, 0xB4F2, 0xACF3, 0xACD3, 0xACD3, 0xACB4, 0xA4B4, 0xA494, 0xA494, 0x9C74, 0x9C74, 0x9C55, 0x9C55,
    0xBDED, 0xBDED, 0xBDED, 0xBDED, 0xBDED, 0xBDED, 0xBDED, 0xBDED, 0xBDED, 0xBDCC, 0xBDCD, 0xBDCD, 0xBDCE, 0xBDAE, 0xBDAE, 0xBD8E,
    0xBD6F, 0xBD4F, 0xBD50, 0xB551, 0xB552, 0xB553, 0xB534, 0xAD34, 0xAD34, 0xAD15, 0xACF5, 0xA4F5, 0xA4D5, 0xA4D5, 0x9CB5, 0x9CB5,
    0xBDED, 0xBE0D, 0xBE0D, 0xBE0D, 0xBE0D, 0xBDED, 0xBDED, 0xBDED, 0xBDED, 0xBDED, 0xBDED, 0xBDED, 0xBDEE, 0xBDCE, 0xBDCF, 0xBDCF,
    0xBDAF, 0xBDB0, 0xBD91, 0xBD92, 0xB573, 0xB574, 0xB574, 0xB575, 0xB575, 0xB555, 0xAD55, 0xAD35, 0xAD35, 0xA515, 0xA515, 0xA515,
    0xBE0D, 0xBE0D, 0xBE0D, 0xBE0D, 0xBE0D, 0xBE0D, 0xBE0D, 0xBE0D, 0xBE0D, 0xBE0D, 0xBE0D, 0xBE0D, 0xBE0E, 0xBDEF, 0xC5EF, 0xC5EF,
    0xC5F0, 0xC5D1, 0xBDD1, 0xBDB3, 0xBDB3, 0xBDB4, 0xBDB5, 0xB5B5, 0xB596, 0xB596, 0xB596, 0xB576, 0xAD76, 0xAD76, 0xAD56, 0xAD56,
    0xBE0D, 0xBE0D, 0xBE0D, 0xC60D, 0xC60D, 0xBE0D, 0xBE0D, 0xBE0D, 0xC60D, 0xC60D, 0xC60D, 0xBE0E, 0xBE0E, 0xC60F, 0xC60F, 0xC610,
    0xC610, 0xC611, 0xC5F2, 0xBDF3, 0xBDD4, 0xBDD5, 0xBDD5, 0xBDD6, 0xBDD6, 0xB5D6, 0xB5B6, 0xB5B6, 0xB5B6, 0xB596, 0xB596, 0xAD96,
    0xC60D, 0xC60D, 0xBE0D, 0xC60D, 0xC60D, 0xBE0D, 0xBE0D, 0xBE0D, 0xC60D, 0xC60D, 0xC60D, 0xC60E, 0xC60E, 0xC60F, 0xC62F, 0xC630,
    0xC630, 0xC631, 0xC612, 0xC614, 0xC615, 0xBE15, 0xBDF6, 0xBDF6, 0xBDF6, 0xBDF7, 0xBDF7, 0xBDD7, 0xB5D7, 0xB5D7, 0xB5B7, 0xB5B7,
    0xC60D, 0xC60D, 0xC60D, 0xC60D, 0xC60D, 0xC60D, 0xC60D, 0xC60D, 0xC60D, 0xC60D, 0xC60D, 0xC60E, 0xC60E, 0xC62F, 0xC62F, 0xC630,
    0xC631, 0xC631, 0xC633, 0xC634, 0xC615, 0xC616, 0xBE16, 0xBE16, 0xBDF7, 0xBDF7, 0xBDF7, 0xBDF7, 0xBDF7, 0xBDF7, 0xB5D7, 0xB5D7,
    0xC60D, 0xC60D, 0xC60D, 0xC60D, 0xC60D, 0xC60D, 0xC60D, 0xC60D, 0xC60D, 0xC60D, 0xC60D, 0xC62D, 0xC62E, 0xC62F, 0xC62F, 0xC630,
    0xC631, 0xC632, 0xC633, 0xC634, 0xC635, 0xC636, 0xC636, 0xC617, 0xBE17, 0xBE17, 0xBE17, 0xBE17, 0xBE17, 0xBDF7, 0xBDF7, 0xBDF7,
    0xC60D, 0xC60D, 0xC60D, 0xC60D, 0xC60D, 0xC60D, 0xC60D, 0xC60D, 0xC60D, 0xC60D, 0xC60D, 0xC60D, 0xC62E, 0xC62F, 0xC62F, 0xC630,
    0xC651, 0xC652, 0xC653, 0xC654, 0xC635, 0xC636, 0xC636, 0xC637, 0xC637, 0xC637, 0xBE37, 0xBE17, 0xBE17, 0xBE17, 0xBE17, 0xBE17,
    0xBE0D, 0xC60D, 0xC60D, 0xC60D, 0xC60D, 0xBE0D, 0xBE0D, 0xC60D, 0xC60D, 0xC60D, 0xC60D, 0xC60D, 0xC60E, 0xC62F, 0xC62F, 0xC630,
    0xC651, 0xC652, 0xC653, 0xC654, 0xC655, 0xC656, 0xC657, 0xC657, 0xC637, 0xC638, 0xC638, 0xBE38, 0xBE38, 0xBE18, 0xBE18, 0xBE18,
    0xBE0D, 0xC60D, 0xC60D, 0xC60D, 0xC60D, 0xC60D, 0xBE0D, 0xC60D, 0xC60D, 0xC60D, 0xC60D, 0xC60E, 0xC62E, 0xC62F, 0xC62F, 0xC630,
    0xC651, 0xC652, 0xC653, 0xC654, 0xC656, 0xC656, 0xC657, 0xC657, 0xC657, 0xC638, 0xC638, 0xC638, 0xC638, 0xBE38, 0xBE38, 0xBE38,
    0xC60D, 0xC60D, 0xC62D, 0xC60D, 0xC60D, 0xC60D, 0xBE0D, 0xC60D, 0xC60D, 0xC60D, 0xC60D, 0xC62E, 0xC62E, 0xC62F, 0xC62F, 0xC630,
    0xC631, 0xC652, 0xC653, 0xC655, 0xC656, 0xC656, 0xC657, 0xC657, 0xC657, 0xC658, 0xC638, 0xC638, 0xC638, 0xC638, 0xBE38, 0xBE38,
    0x78C2, 0x78A2, 0x78A2, 0x78A3, 0x78A4, 0x70A4, 0x70A5, 0x70A5, 0x70A5, 0x68A5, 0x68A6, 0x60A6, 0x6086, 0x5886, 0x5885, 0x5085,
    0x4865, 0x4065, 0x4065, 0x4064, 0x3864, 0x3844, 0x3044, 0x3044, 0x3044, 0x2844, 0x2844, 0x2844, 0x2044, 0x2044, 0x1824, 0x1823,
    0x78E3, 0x78C2, 0x78A2, 0x78A3, 0x78A4, 0x70A4, 0x70A5, 0x70A5, 0x70A5, 0x68A5, 0x68A6, 0x60A6, 0x6086, 0x5886, 0x5886, 0x5085,
    0x4865, 0x4865, 0x4065, 0x4064, 0x3864, 0x3844, 0x3044, 0x3044, 0x3044, 0x3044, 0x2844, 0x2844, 0x2044, 0x2044, 0x2024, 0x1824,
    0x8103, 0x78C2, 0x78A2, 0x78A3, 0x78A4, 0x78A4, 0x70A5, 0x70A5, 0x70A5, 0x68A5, 0x68A6, 0x60A6, 0x60A6, 0x6086, 0x5886, 0x5085,
    0x4885, 0x4885, 0x4065, 0x4065, 0x3864, 0x3844, 0x3844, 0x3044, 0x3044, 0x3044, 0x2844, 0x2844, 0x2844, 0x2044, 0x2044, 0x1824,
    0x8103, 0x78E3, 0x78C2, 0x78C3, 0x78A3, 0x78A4, 0x70A5, 0x70A5, 0x70A5, 0x68A6, 0x68A6, 0x68A6, 0x60A6, 0x60A6, 0x5886, 0x5086,
    0x5086, 0x4885, 0x4865, 0x4065, 0x4065, 0x3865, 0x3865, 0x3844, 0x3044, 0x3045, 0x3045, 0x2845, 0x2845, 0x2845, 0x2044, 0x2024,
    0x8103, 0x8103, 0x78E3, 0x78C3, 0x78A3, 0x78A4, 0x70A5, 0x70A5, 0x70A6, 0x70A6, 0x68A6, 0x68A6, 0x60A6, 0x60A6, 0x5886, 0x5886,
    0x5086, 0x4886, 0x4866, 0x4066, 0x4065, 0x4065, 0x3865, 0x3865, 0x3865, 0x3065, 0x3065, 0x3045, 0x2845, 0x2845, 0x2845, 0x2045,
    0x8123, 0x8123, 0x8103, 0x7903, 0x78E3, 0x78C4, 0x78A5, 0x70A5, 0x70A6, 0x70A6, 0x68A6, 0x68A6, 0x60A6, 0x60A6, 0x5886, 0x5886,
    0x5086, 0x5086, 0x4886, 0x4886, 0x4066, 0x4066, 0x4066, 0x3866, 0x3866, 0x3866, 0x3066, 0x3066, 0x3046, 0x2846, 0x2846, 0x2846,
    0x8143, 0x8143, 0x8143, 0x8123, 0x8103, 0x78E4, 0x78C4, 0x78C5, 0x70A6, 0x70A6, 0x68A6, 0x68A6, 0x60A6, 0x60A6, 0x5886, 0x5886,
    0x5086, 0x5086, 0x4886, 0x4886, 0x4886, 0x4066, 0x4066, 0x4066, 0x3866, 0x3866, 0x3866, 0x3066, 0x3066, 0x3066, 0x2846, 0x2846,
    0x8163, 0x8163, 0x8163, 0x8163, 0x8143, 0x8104, 0x80E4, 0x78C5, 0x78C6, 0x70A6, 0x68A6, 0x68A6, 0x60A6, 0x5886, 0x5886, 0x5085,
    0x4886, 0x4886, 0x4886, 0x4886, 0x4086, 0x4066, 0x4066, 0x4066, 0x3866, 0x3866, 0x3866, 0x3066, 0x3066, 0x3066, 0x2846, 0x2846,
    0x8984, 0x89A4, 0x89A4, 0x8984, 0x8984, 0x8943, 0x8924, 0x8105, 0x80E6, 0x78C6, 0x70C6, 0x68A6, 0x60A6, 0x5886, 0x5085, 0x4885,
    0x4885, 0x4865, 0x4066, 0x4066, 0x4066, 0x4066, 0x4066, 0x3866, 0x3866, 0x3867, 0x3867, 0x3066, 0x3066, 0x3046, 0x2846, 0x2846,
    0x89E4, 0x89E4, 0x89E4, 0x89E4, 0x89C4, 0x89A4, 0x8984, 0x8945, 0x8926, 0x8106, 0x7907, 0x70C6, 0x68A6, 0x60A6, 0x5085, 0x4885,
    0x4065, 0x4065, 0x4065, 0x3865, 0x3865, 0x3865, 0x3866, 0x3866, 0x3066, 0x3066, 0x3066, 0x2846, 0x2846, 0x2846, 0x2846, 0x2046,
    0x9224, 0x9224, 0x9224, 0x9224, 0x9224, 0x8A04, 0x89E4, 0x91A5, 0x9165, 0x8966, 0x8947, 0x7907, 0x70E6, 0x68C6, 0x58A6, 0x5085,
    0x4865, 0x4065, 0x3865, 0x3865, 0x3865, 0x3065, 0x3065, 0x3065, 0x3066, 0x3066, 0x2846, 0x2846, 0x2845, 0x2845, 0x2045, 0x2045,
    0x9285, 0x9285, 0x9285, 0x9285, 0x9285, 0x9265, 0x9245, 0x9205, 0x91E5, 0x91C6, 0x91A7, 0x9187, 0x8967, 0x7947, 0x6907, 0x60C6,
    0x50A6, 0x4886, 0x4065, 0x4065, 0x3865, 0x3865, 0x3065, 0x3046, 0x3066, 0x3066, 0x2846, 0x2846, 0x2846, 0x2846, 0x2846, 0x2046,
    0x9AE6, 0x9AE6, 0x9AE6, 0x9AE5, 0x9AE5, 0x9AC5, 0x9AA5, 0x9285, 0x9245, 0x9A26, 0x9A07, 0x9A07, 0x99E8, 0x89C8, 0x8188, 0x7147,
    0x6907, 0x58C7, 0x50C7, 0x48A6, 0x4086, 0x4086, 0x3886, 0x3866, 0x3866, 0x3867, 0x3067, 0x3067, 0x3067, 0x3067, 0x2867, 0x2867,
    0xA346, 0x9B46, 0x9B46, 0x9B46, 0x9B46, 0x9B26, 0x9B26, 0x9AE6, 0x9AA6, 0x9AA6, 0x9A87, 0xA268, 0xA268, 0x9A48, 0x9A28, 0x91E8,
    0x89A8, 0x7989, 0x6949, 0x6128, 0x5908, 0x50E8, 0x50E8, 0x48C8, 0x48C8, 0x48C8, 0x40A8, 0x40A9, 0x40A9, 0x40A8, 0x38A8, 0x3888,
    0xA3A7, 0xA3A7, 0xA3A7, 0xA3A7, 0xA3A7, 0xA3A7, 0xA387, 0xA366, 0xA326, 0xA307, 0xA2E7, 0xA2E8, 0xA2C8, 0xA2C8, 0xA2A9, 0xA289,
    0x9A6A, 0x922A, 0x81EA, 0x79CA, 0x718A, 0x696A, 0x696A, 0x614B, 0x614B, 0x592A, 0x592B, 0x592B, 0x512B, 0x510B, 0x510B, 0x490B,
    0xAC08, 0xA408, 0xA408, 0xAC08, 0xAC08, 0xA408, 0xA407, 0xA3E7, 0xA3A7, 0xA388, 0xA388, 0xA368, 0xA349, 0xA329, 0xAB09, 0xAB0A,
    0xAAEA, 0xA2CB, 0x9AAB, 0x926C, 0x8A4C, 0x8A2D, 0x820D, 0x7A0D, 0x79ED, 0x71ED, 0x71CD, 0x71CE, 0x69CE, 0x69CE, 0x61AE, 0x61AE,
    0xAC68, 0xAC68, 0xAC68, 0xAC88, 0xAC89, 0xAC88, 0xAC68, 0xAC48, 0xAC48, 0xAC28, 0xAC09, 0xABE9, 0xABC9, 0xABA9, 0xAB8A, 0xAB8A,
    0xAB6B, 0xAB6C, 0xAB4D, 0xA30D, 0x9AEE, 0x9ACE, 0x92AF, 0x92AF, 0x8A8F, 0x8A8F, 0x8290, 0x8270, 0x7A70, 0x7A70, 0x7A50, 0x7250,
    0xB4E9, 0xB4E9, 0xB4E9, 0xB4EA, 0xB4EA, 0xB4EA, 0xB4E9, 0xB4C9, 0xACC9, 0xACA9, 0xAC89, 0xAC8A, 0xAC6A, 0xAC2A, 0xAC0B, 0xB3EB,
    0xB3EB, 0xABED, 0xABCE, 0xABAF, 0xA38F, 0xA370, 0x9B50, 0x9B50, 0x9B31, 0x9311, 0x9311, 0x9312, 0x8B12, 0x8AF2, 0x8AF2, 0x82D2,
    0xB52A, 0xB54A, 0xB54A, 0xB54B, 0xB54B, 0xB54B, 0xB54A, 0xB52A, 0xB52A, 0xB50A, 0xB50A, 0xB4EB, 0xB4CB, 0xB4AC, 0xB48C, 0xB46C,
    0xB44C, 0xB44D, 0xB44E, 0xAC2F, 0xAC30, 0xAC11, 0xA3F1, 0xA3D1, 0xA3D2, 0x9BB2, 0x9BB2, 0x9B93, 0x9393, 0x9373, 0x9373, 0x9373,
    0xB56B, 0xB58B, 0xBD8B, 0xBD8B, 0xBD8C, 0xBD8C, 0xBD8B, 0xBD8B, 0xB56B, 0xB56B, 0xB54B, 0xB54C, 0xB54C, 0xB52D, 0xB50D, 0xB4ED,
    0xB4CD, 0xB4AE, 0xB4AF, 0xB490, 0xAC91, 0xAC92, 0xAC72, 0xA452, 0xA453, 0xA433, 0xA433, 0x9C13, 0x9C14, 0x9BF4, 0x9BF4, 0x9BD4,
    0xBDAC, 0xBDAC, 0xBDCC, 0xBDCC, 0xBDCC, 0xBDCC, 0xBDCC, 0xBDAC, 0xBDAC, 0xBDAC, 0xBD8C, 0xBD8C, 0xBD8D, 0xBD6D, 0xBD4D, 0xBD2D,
    0xBD2E, 0xBD0E, 0xB4EF, 0xB4F0, 0xB4F1, 0xACF3, 0xACF3, 0xACD3, 0xACB4, 0xACB4, 0xA494, 0xA494, 0xA474, 0xA474, 0x9C54, 0x9C55,
    0xBDED, 0xBDED, 0xBDED, 0xBDED, 0xBDED, 0xBDED, 0xBDEC, 0xBDEC, 0xBDCC, 0xBDCC, 0xBDCD, 0xBDCD, 0xBDAD, 0xBDAE, 0xBD8E, 0xBD8E,
    0xBD6E, 0xBD4F, 0xBD50, 0xB531, 0xB532, 0xB553, 0xB534, 0xB534, 0xAD34, 0xAD14, 0xACF5, 0xACF5, 0xACF5, 0xA4D5, 0xA4D5, 0xA4B5,
    0xBE0D, 0xBE0D, 0xBE0D, 0xBE0D, 0xBE0D, 0xBDED, 0xBDED, 0xBDED, 0xBDED, 0xBDED, 0xBDED, 0xBDED, 0xBDCE, 0xBDCE, 0xBDCE, 0xBDAF,
    0xBDAF, 0xBD90, 0xBD71, 0xBD72, 0xBD73, 0xB574, 0xB574, 0xB575, 0xB575, 0xB555, 0xB555, 0xAD35, 0xAD35, 0xAD35, 0xAD15, 0xA515,
    0xBE0D, 0xBE0D, 0xC60D, 0xBE0D, 0xBE0D, 0xBE0D, 0xBE0D, 0xBE0D, 0xBE0D, 0xBE0D, 0xBE0D, 0xBE0D, 0xBDEE, 0xBDEE, 0xC5EF, 0xC5EF,
    0xC5F0, 0xC5D0, 0xBDD1, 0xBDB2, 0xBDB3, 0xBDB4, 0xBDB5, 0xBDB5, 0xB596, 0xB596, 0xB576, 0xB576, 0xB576, 0xAD76, 0xAD56, 0xAD56,
    0xBE0D, 0xC60D, 0xC60D, 0xC60D, 0xBE0D, 0xBE0D, 0xBE0D, 0xBE0D, 0xC60D, 0xC60D, 0xC60D, 0xBE0D, 0xBE0E, 0xC60F, 0xC60F, 0xC60F,
    0xC610, 0xC5F1, 0xC5F2, 0xBDD3, 0xBDD4, 0xBDD5, 0xBDD5, 0xBDD6, 0xBDD6, 0xBDB6, 0xB5B6, 0xB5B6, 0xB5B6, 0xB596, 0xB596, 0xB596,
    0xBE0D, 0xC60D, 0xC60D, 0xC60D, 0xC60D, 0xBE0D, 0xBE0D, 0xC60D, 0xC62D, 0xC60D, 0xC60D, 0xBE0D, 0xC60E, 0xC60F, 0xC62F, 0xC630,
    0xC630, 0xC611, 0xC612, 0xC613, 0xC5F4, 0xC5F5, 0xBDF6, 0xBDF6, 0xBDF6, 0xBDF7, 0xBDF7, 0xBDD7, 0xBDD7, 0xB5D7, 0xB5B7, 0xB5B7,
    0xBE0D, 0xC60D, 0xC60D, 0xC60D, 0xC60D, 0xC60D, 0xC60D, 0xC60D, 0xC60D, 0xC60D, 0xC60D, 0xC60D, 0xC60E, 0xC62F, 0xC62F, 0xC630,
    0xC630, 0xC631, 0xC632, 0xC613, 0xC614, 0xC615, 0xC616, 0xBE16, 0xBE17, 0xBE17, 0xBDF7, 0xBDF7, 0xBDF7, 0xBDF7, 0xBDD7, 0xB5D7,
    0xC60D, 0xC60D, 0xC60D, 0xC60D, 0xBE0D, 0xC60D, 0xC60D, 0xBE0D, 0xBE0D, 0xC60D, 0xC60D, 0xC62E, 0xC62E, 0xC62F, 0xC62F, 0xC630,
    0xC630, 0xC631, 0xC633, 0xC634, 0xC635, 0xC636, 0xC636, 0xC616, 0xC617, 0xC617, 0xBE17, 0xBE17, 0xBE17, 0xBE17, 0xBDF7, 0xBDF7,
    0xC60D, 0xC60D, 0xC60D, 0xC60D, 0xBE0D, 0xC60D, 0xC60D, 0xC60D, 0xC60D, 0xC60D, 0xC60D, 0xC62D, 0xC62E, 0xC62F, 0xC62F, 0xC630,
    0xC650, 0xC652, 0xC653, 0xC654, 0xC635, 0xC636, 0xC636, 0xC637, 0xC637, 0xC637, 0xC637, 0xBE17, 0xBE17, 0xBE17, 0xBE17, 0xBE17,
    0xBE0D, 0xC60D, 0xC60D, 0xC60D, 0xC60D, 0xBE0D, 0xBE0D, 0xC60D, 0xC60D, 0xC60D, 0xC60D, 0xC60D, 0xC60E, 0xC62E, 0xC62F, 0xC630,
    0xC651, 0xC652, 0xC653, 0xC654, 0xC655, 0xC656, 0xC657, 0xC657, 0xC657, 0xC658, 0xC638, 0xC638, 0xC638, 0xBE18, 0xBE18, 0xBE18,
    0xBE0D, 0xC60D, 0xC60D, 0xC60D, 0xC60D, 0xC60D, 0xC60D, 0xC60D, 0xC60D, 0xC60D, 0xC60D, 0xC60D, 0xC60E, 0xC62F, 0xC62F, 0xC630,
    0xC651, 0xC652, 0xC653, 0xC654, 0xC655, 0xC656, 0xC657, 0xC657, 0xC657, 0xC658, 0xC638, 0xC638, 0xC638, 0xC638, 0xC638, 0xBE38,
    0xC60D, 0xC60D, 0xC60D, 0xC60D, 0xC60D, 0xC60D, 0xC60D, 0xC60D, 0xC60D, 0xC62D, 0xC62D, 0xC60E, 0xC60E, 0xC62F, 0xC62F, 0xC630,
    0xC651, 0xC652, 0xC653, 0xC654, 0xC655, 0xC656, 0xC657, 0xC657, 0xC657, 0xC638, 0xC638, 0xC658, 0xC638, 0xC638, 0xC638, 0xC638,
    0x78C2, 0x78A2, 0x78A2, 0x78A3, 0x78A4, 0x78A4, 0x70A5, 0x70A5, 0x70A5, 0x68A5, 0x68A6, 0x60A6, 0x6085, 0x5885, 0x5885, 0x5085,
    0x4865, 0x4865, 0x4064, 0x4064, 0x3864, 0x3844, 0x3044, 0x3043, 0x3043, 0x2843, 0x2844, 0x2844, 0x2844, 0x2044, 0x2023, 0x1823,
    0x78E3, 0x78C2, 0x78A2, 0x78A3, 0x78A4, 0x78A4, 0x70A5, 0x70A5, 0x70A5, 0x68A5, 0x68A6, 0x68A6, 0x60A6, 0x5886, 0x5885, 0x5085,
    0x4885, 0x4865, 0x4065, 0x4064, 0x3864, 0x3844, 0x3044, 0x3044, 0x3044, 0x3044, 0x2844, 0x2844, 0x2844, 0x2044, 0x2044, 0x1823,
    0x8103, 0x78C2, 0x78A2, 0x78A3, 0x78A3, 0x78A4, 0x70A5, 0x70A5, 0x70A5, 0x68A5, 0x68A6, 0x68A6, 0x60A6, 0x6086, 0x5886, 0x5085,
    0x4885, 0x4885, 0x4065, 0x4065, 0x3864, 0x3864, 0x3844, 0x3044, 0x3044, 0x3044, 0x3044, 0x2844, 0x2844, 0x2044, 0x2044, 0x2024,
    0x8103, 0x78E3, 0x78C2, 0x78C3, 0x78A3, 0x78A4, 0x70A5, 0x70A5, 0x70A5, 0x70A6, 0x68A6, 0x68A6, 0x60A6, 0x60A6, 0x5886, 0x5086,
    0x5085, 0x4885, 0x4865, 0x4065, 0x4065, 0x3865, 0x3864, 0x3864, 0x3044, 0x3044, 0x3044, 0x3044, 0x2844, 0x2844, 0x2044, 0x2044,
    0x8123, 0x8103, 0x78E3, 0x78C3, 0x78A3, 0x78A4, 0x70A5, 0x70A5, 0x70A5, 0x70A6, 0x68A6, 0x68A6, 0x68A6, 0x60A6, 0x58A6, 0x5886,
    0x5086, 0x5086, 0x4886, 0x4065, 0x4065, 0x4065, 0x3865, 0x3865, 0x3865, 0x3065, 0x3065, 0x3045, 0x3045, 0x2845, 0x2845, 0x2045,
    0x8123, 0x8123, 0x8103, 0x78E3, 0x78C3, 0x78C4, 0x78A4, 0x70A5, 0x70A6, 0x70A6, 0x68A6, 0x68A6, 0x68A6, 0x60A6, 0x60A6, 0x5886,
    0x5086, 0x5086, 0x4886, 0x4886, 0x4066, 0x4066, 0x4066, 0x3866, 0x3866, 0x3865, 0x3866, 0x3066, 0x3066, 0x3066, 0x2846, 0x2846,
    0x8143, 0x8143, 0x8123, 0x8123, 0x8103, 0x78C4, 0x78A4, 0x78A5, 0x70A6, 0x70A6, 0x68A6, 0x68A6, 0x68A6, 0x60A6, 0x60A6, 0x5886,
    0x5086, 0x5086, 0x5086, 0x4886, 0x4886, 0x4066, 0x4066, 0x4066, 0x4066, 0x3866, 0x3866, 0x3866, 0x3066, 0x3066, 0x3066, 0x3066,
    0x8163, 0x8163, 0x8163, 0x8143, 0x8143, 0x8103, 0x80C4, 0x78C5, 0x78C6, 0x70A6, 0x68A6, 0x68A6, 0x60A6, 0x60A6, 0x5886, 0x5086,
    0x5086, 0x4886, 0x4886, 0x4886, 0x4886, 0x4066, 0x4066, 0x4067, 0x4067, 0x3867, 0x3867, 0x3867, 0x3867, 0x3067, 0x3067, 0x3067,
    0x8984, 0x8984, 0x89A4, 0x8984, 0x8983, 0x8943, 0x8903, 0x80E5, 0x78C6, 0x78C6, 0x70C6, 0x68A6, 0x60A6, 0x5886, 0x5085, 0x5085,
    0x4885, 0x4885, 0x4886, 0x4886, 0x4086, 0x4066, 0x4067, 0x4067, 0x4067, 0x3867, 0x3867, 0x3867, 0x3867, 0x3067, 0x3067, 0x3067,
    0x89C4, 0x89E4, 0x89E4, 0x89C4, 0x89C4, 0x89A4, 0x8964, 0x8945, 0x8905, 0x8106, 0x78E6, 0x70C6, 0x68A6, 0x5885, 0x5085, 0x4885,
    0x4065, 0x4065, 0x4065, 0x4065, 0x4066, 0x3866, 0x3866, 0x3866, 0x3866, 0x3866, 0x3866, 0x3066, 0x3066, 0x3066, 0x3046, 0x2846,
    0x9224, 0x9224, 0x9224, 0x9224, 0x8A24, 0x8A04, 0x89E4, 0x91A5, 0x9165, 0x8946, 0x8127, 0x7906, 0x70C6, 0x60C6, 0x58A5, 0x4885,
    0x4065, 0x4065, 0x3865, 0x3865, 0x3865, 0x3865, 0x3866, 0x3866, 0x3866, 0x3066, 0x3066, 0x3066, 0x3046, 0x2846, 0x2846, 0x2846,
    0x9285, 0x9285, 0x9285, 0x9285, 0x9285, 0x9265, 0x9245, 0x9205, 0x91C5, 0x91A6, 0x91A7, 0x8987, 0x8167, 0x7926, 0x68E6, 0x58C6,
    0x5085, 0x4885, 0x4065, 0x4065, 0x3865, 0x3866, 0x3866, 0x3066, 0x3066, 0x3066, 0x3066, 0x3066, 0x3046, 0x2846, 0x2846, 0x2846,
    0x9AC5, 0x9AC5, 0x9AE5, 0x9AE5, 0x9AE5, 0x9AC5, 0x9AA5, 0x9265, 0x9245, 0x9A26, 0x9A07, 0x9A07, 0x91E7, 0x89A7, 0x7967, 0x7127,
    0x60E6, 0x58C6, 0x50A6, 0x48A6, 0x4086, 0x4086, 0x3886, 0x3886, 0x3887, 0x3887, 0x3867, 0x3067, 0x3067, 0x3067, 0x3067, 0x3067,
    0x9B26, 0x9B26, 0x9B26, 0x9B46, 0x9B26, 0x9B26, 0x9B06, 0x9AE6, 0x9AA6, 0x9A86, 0x9A67, 0x9A67, 0x9A48, 0x9A28, 0x9208, 0x89C8,
    0x81A8, 0x7168, 0x6948, 0x6128, 0x5908, 0x50E8, 0x50C8, 0x48C8, 0x48C8, 0x48A8, 0x48A8, 0x40A8, 0x40A8, 0x40A8, 0x4088, 0x3888,
    0xA387, 0xA3A7, 0xA3A7, 0xA3A7, 0xA3A7, 0xA387, 0xA387, 0xA346, 0xA326, 0xA307, 0xA2E7, 0xA2C8, 0xA2C8, 0xA2A8, 0xA2A8, 0xA269,
    0x9A49, 0x8A2A, 0x81EA, 0x79AA, 0x718A, 0x696A, 0x694A, 0x614A, 0x612A, 0x592A, 0x592A, 0x590B, 0x510B, 0x510B, 0x510B, 0x48EB,
    0xA407, 0xA408, 0xA408, 0xA408, 0xA408, 0xA407, 0xA3E7, 0xA3C7, 0xA3A7, 0xA387, 0xA368, 0xA348, 0xA328, 0xA328, 0xA309, 0xAAE9,
    0xA2EA, 0xA2CB, 0x9AAB, 0x926C, 0x8A4C, 0x8A2C, 0x820D, 0x820D, 0x79ED, 0x71CD, 0x71CD, 0x71CD, 0x69CD, 0x69CE, 0x69AE, 0x61AE,
    0xAC68, 0xAC68, 0xAC68, 0xAC68, 0xAC88, 0xAC68, 0xAC68, 0xAC48, 0xAC28, 0xAC08, 0xABE8, 0xABC9, 0xA3C9, 0xA389, 0xAB89, 0xAB6A,
    0xAB6B, 0xAB4C, 0xAB2C, 0xA30D, 0xA2EE, 0x9ACE, 0x92AE, 0x92AF, 0x8A8F, 0x8A8F, 0x8A6F, 0x8270, 0x8270, 0x8270, 0x7A50, 0x7A50,
    0xB4C9, 0xB4E9, 0xB4E9, 0xB4EA, 0xB4EA, 0xB4E9, 0xB4C9, 0xACC9, 0xACA9, 0xACA9, 0xAC89, 0xAC6A, 0xAC4A, 0xAC2A, 0xABEA, 0xABCA,
    0xB3CB, 0xB3CC, 0xABCD, 0xABAE, 0xA38F, 0xA36F, 0xA350, 0x9B50, 0x9B30, 0x9B11, 0x9311, 0x9311, 0x92F1, 0x8AF2, 0x8AF2, 0x8AD2,
    0xB52A, 0xB52A, 0xB54A, 0xB54B, 0xB54B, 0xB54A, 0xB52A, 0xB52A, 0xB52A, 0xB50A, 0xB4EA, 0xB4EB, 0xB4CB, 0xB48B, 0xB46B, 0xB44B,
    0xB42C, 0xB44D, 0xB42E, 0xAC2F, 0xAC10, 0xAC11, 0xA3F1, 0xA3D1, 0xA3B2, 0xA3B2, 0x9B92, 0x9B92, 0x9B93, 0x9B73, 0x9373, 0x9373,
    0xB56B, 0xB58B, 0xBD8B, 0xBD8B, 0xBD8C, 0xBD8B, 0xBD8B, 0xB56B, 0xB56B, 0xB54B, 0xB54B, 0xB54B, 0xB52C, 0xB50C, 0xB4EC, 0xB4CC,
    0xB4AD, 0xB48D, 0xB48E, 0xB490, 0xAC91, 0xAC92, 0xAC72, 0xAC52, 0xA453, 0xA433, 0xA413, 0xA413, 0xA413, 0x9C14, 0x9BF4, 0x9BD4,
    0xBDAC, 0xBDAC, 0xBDCC, 0xBDCC, 0xBDCC, 0xBDCC, 0xBDAC, 0xBDAC, 0xBDAC, 0xBD8C, 0xBD8C, 0xBD8C, 0xBD6D, 0xBD4D, 0xBD4D, 0xBD2D,
    0xBD0D, 0xBCEE, 0xB4EF, 0xB4F0, 0xB4F1, 0xB4F2, 0xACD3, 0xACD3, 0xACB3, 0xACB4, 0xAC94, 0xA474, 0xA474, 0xA474, 0xA454, 0xA454,
    0xBDEC, 0xBDED, 0xBDED, 0xBDED, 0xBDED, 0xBDED, 0xBDEC, 0xBDCC, 0xBDCC, 0xBDCC, 0xBDCC, 0xBDAD, 0xBDAD, 0xBD8E, 0xBD8E, 0xBD6E,
    0xBD4E, 0xBD4F, 0xBD2F, 0xB531, 0xB532, 0xB533, 0xB534, 0xB534, 0xB514, 0xAD14, 0xACF4, 0xACF5, 0xACF5, 0xACD5, 0xA4D5, 0xA4B5,
    0xBDED, 0xBE0D, 0xBE0D, 0xBE0D, 0xBE0D, 0xBDED, 0xBDED, 0xBDED, 0xBDED, 0xBDED, 0xBDED, 0xBDCD, 0xBDCD, 0xBDCE, 0xBDCE, 0xBDAE,
    0xBD8F, 0xBD8F, 0xBD70, 0xBD71, 0xBD72, 0xB573, 0xB574, 0xB575, 0xB575, 0xB555, 0xB555, 0xB535, 0xAD35, 0xAD35, 0xAD15, 0xAD15,
    0xBE0D, 0xBE0D, 0xC60D, 0xBE0D, 0xBE0D, 0xBE0D, 0xBE0D, 0xBE0D, 0xBE0D, 0xBE0D, 0xBE0D, 0xBDED, 0xBDEE, 0xBDEE, 0xBDEF, 0xC5EF,
    0xC5CF, 0xC5D0, 0xBDB1, 0xBDB2, 0xBD93, 0xBD94, 0xBD95, 0xBDB5, 0xB596, 0xB596, 0xB596, 0xB576, 0xB576, 0xB576, 0xB576, 0xAD56,
    0xBE0D, 0xC60D, 0xC60D, 0xC60D, 0xC60D, 0xBE0D, 0xBE0D, 0xBE0D, 0xBE0D, 0xC60D, 0xBE0D, 0xBE0D, 0xBE0E, 0xC60F, 0xC60F, 0xC60F,
    0xC5F0, 0xC5F1, 0xC5F1, 0xC5D2, 0xBDD3, 0xBDD4, 0xBDD5, 0xBDD6, 0xBDD6, 0xBDD6, 0xBDB6, 0xB5B6, 0xB5B6, 0xB596, 0xB596, 0xB596,
    0xBE0D, 0xBE0D, 0xC60D, 0xC60D, 0xC60D, 0xBE0D, 0xBE0D, 0xC60D, 0xC60D, 0xC60D, 0xBE0D, 0xBE0D, 0xBE0E, 0xC60F, 0xC60F, 0xC630,
    0xC610, 0xC611, 0xC612, 0xC613, 0xC5F4, 0xC5F5, 0xBDF5, 0xBDF6, 0xBDF6, 0xBDF6, 0xBDF7, 0xBDD7, 0xBDD7, 0xB5D7, 0xB5B7, 0xB5B7,
    0xBE0D, 0xBE0D, 0xC60D, 0xC60D, 0xC60D, 0xBE0D, 0xBE0D, 0xC60D, 0xC60D, 0xC60D, 0xC60D, 0xC60D, 0xC60E, 0xC62F, 0xC62F, 0xC630,
    0xC630, 0xC631, 0xC612, 0xC613, 0xC614, 0xC615, 0xC616, 0xC616, 0xBE16, 0xBE17, 0xBDF7, 0xBDF7, 0xBDF7, 0xBDF7, 0xBDD7, 0xBDD7,
    0xC60D, 0xC60D, 0xC60D, 0xC60D, 0xBE0D, 0xC60D, 0xC60D, 0xC60D, 0xC60D, 0xC60D, 0xC60D, 0xC62D, 0xC62E, 0xC62F, 0xC62F, 0xC630,
    0xC630, 0xC631, 0xC632, 0xC634, 0xC635, 0xC635, 0xC636, 0xC616, 0xC617, 0xC617, 0xC617, 0xBE17, 0xBE17, 0xBE17, 0xBDF7, 0xBDF7,
    0xC60D, 0xC60D, 0xC60D, 0xC60D, 0xC60D, 0xC60D, 0xC60D, 0xC60D, 0xC60D, 0xC60D, 0xC60D, 0xC62D, 0xC62E, 0xC62F, 0xC62F, 0xC630,
    0xC630, 0xC631, 0xC633, 0xC634, 0xC635, 0xC636, 0xC636, 0xC637, 0xC637, 0xC637, 0xC637, 0xC617, 0xC617, 0xBE17, 0xBE17, 0xBE17,
    0xBE0D, 0xC60D, 0xC60D, 0xC60D, 0xC60D, 0xC60D, 0xC60D, 0xC60D, 0xC60D, 0xC60D, 0xC60D, 0xC60D, 0xC62E, 0xC62E, 0xC62F, 0xC62F,
    0xC650, 0xC652, 0xC653, 0xC654, 0xC655, 0xC656, 0xC656, 0xC657, 0xC637, 0xC637, 0xC637, 0xC637, 0xC638, 0xC638, 0xC638, 0xBE18,
    0xC60D, 0xC60D, 0xC60D, 0xC60D, 0xC60D, 0xC60D, 0xC60D, 0xC60D, 0xC60D, 0xC60D, 0xC60D, 0xC60D, 0xC62E, 0xC62E, 0xC62F, 0xC62F,
    0xC650, 0xC652, 0xC653, 0xC654, 0xC655, 0xC656, 0xC657, 0xC657, 0xC657, 0xC637, 0xC638, 0xC638, 0xC638, 0xC638, 0xC638, 0xC638,
    0xC60D, 0xC60D, 0xC60D, 0xC60D, 0xC60D, 0xC60D, 0xC60D, 0xC60D, 0xC60D, 0xC60D, 0xC62D, 0xC60D, 0xC62E, 0xC62E, 0xC62F, 0xC62F,
    0xC650, 0xC652, 0xC653, 0xC654, 0xC655, 0xC656, 0xC657, 0xC657, 0xC657, 0xC658, 0xC658, 0xC658, 0xC638, 0xC638, 0xC638, 0xC638,
    0x78C2, 0x78A2, 0x78A2, 0x78A3, 0x78A4, 0x78A4, 0x70A5, 0x70A5, 0x70A5, 0x68A5, 0x68A6, 0x68A5, 0x60A5, 0x5885, 0x5885, 0x5085,
    0x4865, 0x4864, 0x4064, 0x4064, 0x3864, 0x3844, 0x3043, 0x3043, 0x2843, 0x2843, 0x2843, 0x2843, 0x2843, 0x2043, 0x2043, 0x2023,
    0x78E3, 0x78C2, 0x78A2, 0x78A3, 0x78A4, 0x78A4, 0x70A5, 0x70A5, 0x70A5, 0x68A5, 0x68A6, 0x68A6, 0x60A6, 0x5885, 0x5885, 0x5085,
    0x4885, 0x4865, 0x4064, 0x4064, 0x4064, 0x3864, 0x3844, 0x3043, 0x3043, 0x2843, 0x2843, 0x2844, 0x2844, 0x2844, 0x2043, 0x2023,
    0x7903, 0x78C2, 0x78A2, 0x78A3, 0x78A3, 0x78A4, 0x78A5, 0x70A5, 0x70A5, 0x70A5, 0x68A6, 0x68A6, 0x60A6, 0x6086, 0x5885, 0x5085,
    0x5085, 0x4885, 0x4865, 0x4064, 0x4064, 0x3864, 0x3864, 0x3044, 0x3043, 0x3043, 0x2844, 0x2844, 0x2844, 0x2844, 0x2044, 0x2044,
    0x8103, 0x78E3, 0x78C2, 0x78C3, 0x78A3, 0x78A4, 0x78A5, 0x70A5, 0x70A5, 0x70A6, 0x68A6, 0x68A6, 0x60A6, 0x60A6, 0x5886, 0x5886,
    0x5085, 0x4885, 0x4865, 0x4065, 0x4065, 0x4064, 0x3864, 0x3864, 0x3064, 0x3044, 0x3044, 0x3044, 0x2844, 0x2844, 0x2844, 0x2044,
    0x8123, 0x8103, 0x78E3, 0x78C3, 0x78A3, 0x78A4, 0x78A5, 0x70A5, 0x70A5, 0x70A6, 0x68A6, 0x68A6, 0x68A6, 0x60A6, 0x60A6, 0x5886,
    0x5086, 0x5086, 0x4885, 0x4065, 0x4065, 0x4065, 0x4065, 0x3865, 0x3865, 0x3865, 0x3065, 0x3045, 0x3045, 0x3045, 0x2845, 0x2845,
    0x8123, 0x8123, 0x8103, 0x78E3, 0x78C3, 0x78C4, 0x78A4, 0x78A5, 0x70A5, 0x70A6, 0x68A6, 0x68A6, 0x68A6, 0x60A6, 0x60A6, 0x5886,
    0x5886, 0x5086, 0x5086, 0x4886, 0x4886, 0x4066, 0x4066, 0x4066, 0x3865, 0x3865, 0x3865, 0x3865, 0x3066, 0x3066, 0x3046, 0x2846,
    0x8143, 0x8143, 0x8123, 0x8103, 0x80E3, 0x78C3, 0x78A4, 0x78A5, 0x70A5, 0x70A6, 0x68A6, 0x68A6, 0x68A6, 0x60A6, 0x60A6, 0x5886,
    0x5886, 0x5086, 0x5086, 0x4886, 0x4886, 0x4866, 0x4066, 0x4066, 0x4066, 0x4066, 0x3866, 0x3866, 0x3866, 0x3066, 0x3066, 0x3066,
    0x8163, 0x8163, 0x8163, 0x8143, 0x8123, 0x8103, 0x80C4, 0x78C5, 0x78A5, 0x70A6, 0x70A6, 0x68A6, 0x68A6, 0x60A6, 0x5886, 0x5886,
    0x5086, 0x5086, 0x5086, 0x4886, 0x4887, 0x4887, 0x4067, 0x4067, 0x4067, 0x4067, 0x4067, 0x3867, 0x3867, 0x3867, 0x3867, 0x3067,
    0x8984, 0x8984, 0x8984, 0x8983, 0x8963, 0x8923, 0x80E3, 0x80E4, 0x78C5, 0x78C6, 0x70A6, 0x68A6, 0x60A6, 0x6086, 0x5885, 0x5085,
    0x4885, 0x4886, 0x4886, 0x4886, 0x4887, 0x4887, 0x4067, 0x4067, 0x4067, 0x4067, 0x4067, 0x3867, 0x3867, 0x3867, 0x3867, 0x3867,
    0x89C4, 0x89C4, 0x89C4, 0x89C4, 0x89C4, 0x8984, 0x8964, 0x8924, 0x8905, 0x80E6, 0x78E6, 0x70C6, 0x60A6, 0x5885, 0x5085, 0x4885,
    0x4065, 0x4065, 0x4065, 0x4066, 0x4066, 0x4066, 0x4066, 0x4066, 0x4067, 0x3867, 0x3867, 0x3867, 0x3867, 0x3867, 0x3067, 0x3067,
    0x8A04, 0x8A04, 0x8A04, 0x8A04, 0x8A04, 0x89E4, 0x89C4, 0x9184, 0x9145, 0x8946, 0x8126, 0x78E6, 0x68C6, 0x60A5, 0x5085, 0x4884,
    0x4064, 0x4064, 0x3865, 0x3865, 0x3865, 0x4066, 0x3866, 0x3866, 0x3866, 0x3867, 0x3867, 0x3867, 0x3867, 0x3067, 0x3067, 0x3067,
    0x9265, 0x9265, 0x9265, 0x9265, 0x9265, 0x9265, 0x9244, 0x9205, 0x91C5, 0x91A6, 0x9186, 0x8966, 0x8146, 0x7106, 0x60E6, 0x58A5,
    0x4885, 0x4065, 0x4065, 0x3865, 0x3865, 0x3866, 0x3866, 0x3866, 0x3866, 0x3867, 0x3867, 0x3867, 0x3067, 0x3066, 0x3047, 0x3047,
    0x9AC5, 0x9AC5, 0x9AC5, 0x9AC5, 0x9AC5, 0x9AA5, 0x92A5, 0x9265, 0x9225, 0x9A06, 0x9A06, 0x99E7, 0x91C7, 0x8187, 0x7946, 0x6906,
    0x60E6, 0x50C6, 0x48A6, 0x4886, 0x4086, 0x4086, 0x4086, 0x4087, 0x3887, 0x3887, 0x3867, 0x3867, 0x3867, 0x3067, 0x3067, 0x3067,
    0x9B26, 0x9B26, 0x9B26, 0x9B26, 0x9B26, 0x9B26, 0x9B06, 0x9AC6, 0x9AA6, 0x9A86, 0x9A67, 0x9A47, 0x9A47, 0x9227, 0x91E7, 0x89A7,
    0x8188, 0x7168, 0x6948, 0x6108, 0x58E8, 0x50C8, 0x50C8, 0x48C8, 0x48A8, 0x48A8, 0x48A8, 0x48A8, 0x40A8, 0x40A8, 0x4088, 0x4088,
    0xA387, 0xA387, 0xA387, 0xA387, 0xA387, 0xA387, 0xA387, 0xA346, 0x9B06, 0x9AE7, 0x9AC7, 0x9AC7, 0x9AA8, 0x9AA8, 0x9A88, 0x9A48,
    0x9229, 0x8A09, 0x81E9, 0x79AA, 0x718A, 0x696A, 0x694A, 0x612A, 0x612A, 0x592A, 0x590A, 0x590A, 0x590A, 0x510A, 0x510A, 0x50EA,
    0xA3E7, 0xA3E7, 0xAC07, 0xA407, 0xA407, 0xA3E7, 0xA3E7, 0xA3C7, 0xA3A7, 0xA367, 0xA348, 0xA348, 0xA328, 0xA308, 0xA2E8, 0xA2E9,
    0xA2CA, 0xA2AA, 0x9A8B, 0x926B, 0x8A4C, 0x8A2C, 0x820C, 0x81ED, 0x79ED, 0x79CD, 0x71CD, 0x71CD, 0x71CD, 0x71CD, 0x69AD, 0x61AD,
    0xAC48, 0xAC68, 0xAC68, 0xAC68, 0xAC68, 0xAC68, 0xAC48, 0xAC48, 0xAC28, 0xAC08, 0xA3E8, 0xA3C8, 0xA3A9, 0xA389, 0xA369, 0xAB6A,
    0xAB4A, 0xAB4B, 0xAB2C, 0xA30D, 0xA2ED, 0x9ACE, 0x9AAE, 0x92AF, 0x928F, 0x8A8F, 0x8A6F, 0x826F, 0x826F, 0x8270, 0x8250, 0x7A50,
    0xACC9, 0xB4C9, 0xB4E9, 0xB4E9, 0xB4E9, 0xB4C9, 0xACC9, 0xACC9, 0xACA9, 0xAC89, 0xAC69, 0xAC49, 0xAC2A, 0xAC0A, 0xABEA, 0xABCA,
    0xABCB, 0xB3CC, 0xABAD, 0xABAE, 0xA38F, 0xA36F, 0xA350, 0x9B30, 0x9B30, 0x9B11, 0x9B11, 0x92F1, 0x92F1, 0x92F1, 0x8AF2, 0x8AD2,
    0xB52A, 0xB52A, 0xB54A, 0xB54B, 0xB54B, 0xB52A, 0xB52A, 0xB52A, 0xB50A, 0xB4EA, 0xB4EA, 0xB4CA, 0xACAA, 0xAC8B, 0xAC6B, 0xAC2B,
    0xB42B, 0xB42C, 0xB42E, 0xAC2F, 0xAC10, 0xAC10, 0xABF1, 0xA3D1, 0xA3B1, 0xA3B2, 0xA392, 0xA392, 0x9B72, 0x9B73, 0x9B73, 0x9373,
    0xB56B, 0xBD8B, 0xBD8B, 0xBD8C, 0xBD8C, 0xBD8B, 0xB56B, 0xB56B, 0xB56B, 0xB54B, 0xB54B, 0xB52B, 0xB50C, 0xB4EC, 0xB4CC, 0xB4AC,
    0xB48C, 0xB48D, 0xB46E, 0xB48F, 0xB491, 0xAC91, 0xAC72, 0xAC52, 0xAC52, 0xA433, 0xA413, 0xA413, 0xA413, 0xA414, 0x9BF4, 0x9BD4,
    0xBDAC, 0xBDAC, 0xBDCC, 0xBDCC, 0xBDCC, 0xBDCC, 0xBDAC, 0xBDAC, 0xBDAC, 0xBD8C, 0xBD8C, 0xBD6C, 0xB56C, 0xB54D, 0xB52D, 0xB52D,
    0xB4ED, 0xBCCD, 0xB4CE, 0xB4D0, 0xB4D1, 0xB4F2, 0xACD3, 0xACD3, 0xACB3, 0xAC93, 0xAC94, 0xAC74, 0xAC74, 0xA474, 0xA474, 0xA454,
    0xBDCC, 0xBDEC, 0xBDED, 0xBDED, 0xBDED, 0xBDED, 0xBDCC, 0xBDCC, 0xBDCC, 0xBDCC, 0xBDAC, 0xBDAD, 0xBDAD, 0xBD8D, 0xBD8E, 0xBD6E,
    0xBD4E, 0xBD2E, 0xBD2F, 0xBD10, 0xB511, 0xB533, 0xB533, 0xB534, 0xB514, 0xAD14, 0xACF4, 0xACD4, 0xACD5, 0xACD5, 0xACD5, 0xA4B5,
    0xBDED, 0xBDED, 0xBE0D, 0xBE0D, 0xBE0D, 0xBDED, 0xBDED, 0xBDED, 0xBDED, 0xBDED, 0xBDCD, 0xBDCD, 0xBDCD, 0xBDCE, 0xBDAE, 0xBDAE,
    0xBD8E, 0xBD6F, 0xBD70, 0xBD51, 0xBD52, 0xB553, 0xB574, 0xB575, 0xB575, 0xB555, 0xB555, 0xB535, 0xB535, 0xAD35, 0xAD15, 0xAD15,
    0xBE0D, 0xC60D, 0xC60D, 0xC60D, 0xC60D, 0xBE0D, 0xBE0D, 0xBE0D, 0xBE0D, 0xBE0D, 0xBDED, 0xBDED, 0xBDEE, 0xBDEE, 0xBDEF, 0xC5CF,
    0xC5CF, 0xC5B0, 0xBDB1, 0xBD91, 0xBD92, 0xBD93, 0xBD94, 0xBDB5, 0xBD95, 0xB596, 0xB596, 0xB576, 0xB576, 0xB576, 0xB576, 0xB556,
    0xC60D, 0xC60D, 0xC60D, 0xC60D, 0xC60D, 0xBE0D, 0xBE0D, 0xBE0D, 0xBE0D, 0xBE0D, 0xBE0D, 0xBE0D, 0xBDEE, 0xBE0E, 0xC60F, 0xC5EF,
    0xC5EF, 0xC5F0, 0xC5D1, 0xC5D2, 0xBDD3, 0xBDD4, 0xBDD5, 0xBDD5, 0xBDD6, 0xBDD6, 0xBDB6, 0xBDB6, 0xB5B6, 0xB5B6, 0xB596, 0xB596,
    0xBE0D, 0xBE0D, 0xBE0D, 0xC60D, 0xC60D, 0xBE0D, 0xBE0D, 0xBE0D, 0xBE0D, 0xBE0D, 0xBE0D, 0xBE0D, 0xBE0E, 0xC60F, 0xC60F, 0xC60F,
    0xC610, 0xC611, 0xC612, 0xC5F3, 0xC5F4, 0xC5F4, 0xC5F5, 0xBDF6, 0xBDF6, 0xBDF6, 0xBDF7, 0xBDF7, 0xBDD7, 0xBDD7, 0xBDD7, 0xB5B7,
    0xBE0D, 0xBE0D, 0xBE0D, 0xC60D, 0xC60D, 0xBE0D, 0xBE0D, 0xC60D, 0xC60D, 0xC60D, 0xBE0D, 0xBE0D, 0xC60E, 0xC60F, 0xC62F, 0xC62F,
    0xC630, 0xC631, 0xC612, 0xC613, 0xC614, 0xC615, 0xC616, 0xC616, 0xC616, 0xC617, 0xBDF7, 0xBDF7, 0xBDF7, 0xBDF7, 0xBDD7, 0xBDD7,
    0xBE0D, 0xBE0D, 0xC60D, 0xC60D, 0xC60D, 0xBE0D, 0xBE0D, 0xC60D, 0xC62D, 0xC60D, 0xC60D, 0xC60D, 0xC60E, 0xC62F, 0xC62F, 0xC630,
    0xC630, 0xC631, 0xC632, 0xC633, 0xC634, 0xC635, 0xC616, 0xC616, 0xC617, 0xC617, 0xC617, 0xC617, 0xBE17, 0xBE17, 0xBDF7, 0xBDF7,
    0xBE0D, 0xC60D, 0xC60D, 0xC60D, 0xC60D, 0xC60D, 0xC60D, 0xC62D, 0xC62D, 0xC60D, 0xC60D, 0xC60D, 0xC62E, 0xC62E, 0xC62F, 0xC62F,
    0xC630, 0xC631, 0xC632, 0xC634, 0xC635, 0xC636, 0xC636, 0xC636, 0xC637, 0xC637, 0xC617, 0xC617, 0xC617, 0xC617, 0xBE18, 0xBE18,
    0xC60D, 0xC60D, 0xC62D, 0xC60D, 0xC60D, 0xC62D, 0xC62D, 0xC62D, 0xC62D, 0xC60D, 0xC60D, 0xC62D, 0xC62E, 0xC62E, 0xC62F, 0xC62F,
    0xC630, 0xC651, 0xC653, 0xC654, 0xC655, 0xC656, 0xC636, 0xC637, 0xC637, 0xC637, 0xC637, 0xC637, 0xC638, 0xC638, 0xC638, 0xC638,
    0xC60D, 0xC60D, 0xC60D, 0xC60D, 0xC60D, 0xC60D, 0xC62D, 0xC62D, 0xC60D, 0xC60D, 0xC60D, 0xC62D, 0xC62E, 0xC62E, 0xC62F, 0xC62F,
    0xC630, 0xC651, 0xC653, 0xC654, 0xC655, 0xC656, 0xC656, 0xC657, 0xC637, 0xC637, 0xC637, 0xC638, 0xC638, 0xC638, 0xC638, 0xC638,
    0xC62D, 0xC60D, 0xC60D, 0xBE0D, 0xBE0D, 0xC60D, 0xC62D, 0xC60D, 0xC60D, 0xC60D, 0xC60D, 0xC62D, 0xC62E, 0xC62E, 0xC62F, 0xC62F,
    0xC650, 0xC651, 0xC653, 0xC654, 0xC655, 0xC656, 0xC657, 0xC657, 0xC657, 0xC658, 0xC658, 0xC638, 0xC638, 0xC638, 0xC638, 0xC638,
    0x78C2, 0x78A2, 0x78A2, 0x78A3, 0x78A4, 0x78A4, 0x70A5, 0x70A5, 0x70A5, 0x68A5, 0x68A5, 0x68A5, 0x6085, 0x5885, 0x5885, 0x5085,
    0x4885, 0x4864, 0x4064, 0x4064, 0x3864, 0x3844, 0x3043, 0x3043, 0x3043, 0x2843, 0x2843, 0x2843, 0x2843, 0x2043, 0x2043, 0x2023,
    0x78E3, 0x78C2, 0x78A2, 0x78A3, 0x78A4, 0x78A4, 0x70A5, 0x70A5, 0x70A5, 0x70A5, 0x68A5, 0x68A5, 0x60A5, 0x5885, 0x5885, 0x5085,
    0x5085, 0x4865, 0x4064, 0x4064, 0x3864, 0x3864, 0x3843, 0x3043, 0x3043, 0x2843, 0x2843, 0x2843, 0x2843, 0x2843, 0x2043, 0x2043,
    0x8103, 0x78C2, 0x78A2, 0x78A3, 0x78A3, 0x78A4, 0x78A5, 0x70A5, 0x70A5, 0x70A5, 0x68A6, 0x68A6, 0x60A6, 0x6085, 0x5885, 0x5085,
    0x5085, 0x4865, 0x4865, 0x4064, 0x4064, 0x3864, 0x3844, 0x3044, 0x3043, 0x3043, 0x2843, 0x2843, 0x2843, 0x2843, 0x2043, 0x2043,
    0x8123, 0x78E3, 0x78C2, 0x78A3, 0x78A3, 0x78A4, 0x78A5, 0x70A5, 0x70A5, 0x70A5, 0x68A6, 0x68A6, 0x60A6, 0x60A6, 0x5886, 0x5886,
    0x5085, 0x4885, 0x4865, 0x4065, 0x4065, 0x4064, 0x3864, 0x3864, 0x3044, 0x3044, 0x3044, 0x3044, 0x2844, 0x2844, 0x2844, 0x2844,
    0x8123, 0x8103, 0x78E3, 0x78C3, 0x78A3, 0x78A4, 0x78A5, 0x70A5, 0x70A5, 0x70A6, 0x68A6, 0x68A6, 0x68A6, 0x60A6, 0x60A6, 0x5886,
    0x5086, 0x5086, 0x4885, 0x4865, 0x4065, 0x4065, 0x4065, 0x3865, 0x3864, 0x3864, 0x3044, 0x3044, 0x3044, 0x3045, 0x2845, 0x2845,
    0x8143, 0x8123, 0x8103, 0x78E3, 0x78C3, 0x78A4, 0x78A4, 0x78A5, 0x70A5, 0x70A6, 0x70A6, 0x68A6, 0x68A6, 0x60A6, 0x60A6, 0x5886,
    0x5886, 0x5086, 0x5086, 0x4886, 0x4886, 0x4066, 0x4065, 0x4065, 0x3865, 0x3865, 0x3865, 0x3865, 0x3065, 0x3065, 0x3065, 0x3045,
    0x8143, 0x8143, 0x8143, 0x8103, 0x78E3, 0x78C3, 0x78A4, 0x78A5, 0x70A5, 0x70A6, 0x70A6, 0x68A6, 0x68A6, 0x68A6, 0x60A6, 0x58A6,
    0x5886, 0x5086, 0x5086, 0x5086, 0x4886, 0x4886, 0x4066, 0x4066, 0x4066, 0x4066, 0x3866, 0x3866, 0x3866, 0x3866, 0x3866, 0x3066,
    0x8163, 0x8163, 0x8163, 0x8143, 0x8123, 0x80E3, 0x80C4, 0x78C5, 0x78A5, 0x70A6, 0x70A6, 0x68A6, 0x68A6, 0x60A6, 0x60A6, 0x5886,
    0x5086, 0x5086, 0x5086, 0x5087, 0x4887, 0x4887, 0x4887, 0x4067, 0x4067, 0x4067, 0x4067, 0x4067, 0x3867, 0x3867, 0x3867, 0x3867,
    0x8984, 0x8984, 0x8984, 0x8983, 0x8963, 0x8123, 0x80E3, 0x80C4, 0x78C5, 0x78C6, 0x70A6, 0x68A6, 0x68A6, 0x60A6, 0x5886, 0x5085,
    0x5086, 0x4886, 0x4886, 0x4886, 0x4887, 0x4887, 0x4887, 0x4087, 0x4067, 0x4067, 0x4067, 0x4067, 0x4067, 0x3867, 0x3867, 0x3867,
    0x89C4, 0x89C4, 0x89C4, 0x89C4, 0x89A4, 0x8984, 0x8964, 0x8924, 0x8905, 0x80E6, 0x78C6, 0x68A6, 0x60A5, 0x5885, 0x5085, 0x4885,
    0x4865, 0x4065, 0x4065, 0x4066, 0x4066, 0x4066, 0x4067, 0x4067, 0x4067, 0x4067, 0x4067, 0x4067, 0x3867, 0x3867, 0x3867, 0x3867,
    0x8A04, 0x8A04, 0x8A04, 0x8A04, 0x8A04, 0x89E4, 0x89C4, 0x8984, 0x9145, 0x8926, 0x8106, 0x70E6, 0x68C5, 0x60A5, 0x5085, 0x4884,
    0x4064, 0x4064, 0x3865, 0x3865, 0x4066, 0x4066, 0x4066, 0x4067, 0x4067, 0x4067, 0x4067, 0x3867, 0x3867, 0x3867, 0x3867, 0x3867,
    0x9265, 0x9265, 0x9265, 0x9265, 0x9265, 0x9245, 0x9224, 0x91E4, 0x91A5, 0x91A5, 0x9186, 0x8966, 0x7926, 0x70E5, 0x60C5, 0x50A5,
    0x4885, 0x4065, 0x4065, 0x3865, 0x3865, 0x3866, 0x3866, 0x3866, 0x3867, 0x4067, 0x3867, 0x3867, 0x3867, 0x3867, 0x3867, 0x3067,
    0x92A5, 0x9AC5, 0x9AC5, 0x9AC5, 0x9AA5, 0x9AA5, 0x9285, 0x9265, 0x9225, 0x9A06, 0x99E6, 0x91C6, 0x89A6, 0x8166, 0x7126, 0x68E6,
    0x58C6, 0x50A6, 0x48A6, 0x4086, 0x4086, 0x4086, 0x4086, 0x4087, 0x4087, 0x4087, 0x4087, 0x4087, 0x3867, 0x3867, 0x3867, 0x3867,
    0x9B06, 0x9B26, 0x9B26, 0x9B26, 0x9B26, 0x9B06, 0x9B06, 0x9AC5, 0x9AA5, 0x9A86, 0x9A66, 0x9A47, 0x9227, 0x9207, 0x89E7, 0x81A7,
    0x7967, 0x7147, 0x6127, 0x5908, 0x58E8, 0x50E8, 0x50C8, 0x50C8, 0x48A8, 0x48A8, 0x48A8, 0x48A9, 0x48A9, 0x40A9, 0x4088, 0x4088,
    0xA366, 0xA386, 0xA387, 0xA387, 0xA386, 0xA386, 0xA366, 0xA346, 0x9B06, 0x9AE7, 0x9AC7, 0x9AA7, 0x9AA7, 0x9A87, 0x9A68, 0x9A48,
    0x9208, 0x89E9, 0x81C9, 0x79A9, 0x7189, 0x696A, 0x694A, 0x612A, 0x612A, 0x590A, 0x590A, 0x590A, 0x590A, 0x590A, 0x510A, 0x50EA,
    0xA3E7, 0xA3E7, 0xA3E7, 0xA3E7, 0xA3E7, 0xA3E7, 0xA3C7, 0xA3A7, 0xA387, 0xA367, 0xA347, 0xA328, 0xA308, 0x9B08, 0x9AE8, 0xA2C9,
    0xA2C9, 0x9AAA, 0x9A8B, 0x924B, 0x8A2C, 0x8A2C, 0x820C, 0x81ED, 0x79ED, 0x79CD, 0x71CD, 0x71CD, 0x71CD, 0x71CD, 0x69AD, 0x69AD,
    0xAC48, 0xAC48, 0xAC68, 0xAC68, 0xAC68, 0xAC48, 0xAC48, 0xAC28, 0xAC08, 0xA3E8, 0xA3C8, 0xA3A8, 0xA388, 0xA368, 0xA369, 0xA349,
    0xAB4A, 0xAB2B, 0xAB2C, 0xA30D, 0xA2ED, 0x9ACE, 0x9AAE, 0x92AE, 0x928F, 0x8A6F, 0x8A6F, 0x8A6F, 0x826F, 0x826F, 0x824F, 0x7A4F,
    0xACA9, 0xACC9, 0xB4E9, 0xB4C9, 0xB4C9, 0xACC9, 0xACA9, 0xACA9, 0xAC89, 0xAC69, 0xAC49, 0xAC49, 0xAC29, 0xABE9, 0xABC9, 0xABAA,
    0xABAA, 0xB3AC, 0xABAD, 0xAB8E, 0xAB8E, 0xA36F, 0xA34F, 0xA330, 0x9B30, 0x9B10, 0x9B11, 0x9AF1, 0x92F1, 0x92F1, 0x92F1, 0x8AD1,
    0xB50A, 0xB52A, 0xB52A, 0xB52A, 0xB52A, 0xB52A, 0xB52A, 0xB50A, 0xB50A, 0xB4EA, 0xB4CA, 0xB4AA, 0xAC8A, 0xAC6A, 0xAC4A, 0xAC2B,
    0xAC0B, 0xB40C, 0xB40D, 0xAC0E, 0xAC0F, 0xABF0, 0xABD1, 0xABD1, 0xA3B1, 0xA3B2, 0xA392, 0xA392, 0xA372, 0x9B73, 0x9B73, 0x9B73,
    0xB56B, 0xB56B, 0xBD8B, 0xBD8B, 0xBD8B, 0xBD6B, 0xB56B, 0xB56B, 0xB54B, 0xB54B, 0xB52B, 0xB52B, 0xB50B, 0xB4EC, 0xB4CC, 0xB4AC,
    0xB48C, 0xB46C, 0xB46D, 0xB46F, 0xB490, 0xAC91, 0xAC72, 0xAC52, 0xAC32, 0xAC33, 0xA413, 0xA3F3, 0xA3F3, 0xA3F3, 0xA3F4, 0x9BD4,
    0xBDAC, 0xBDAC, 0xBDAC, 0xBDAC, 0xBDCC, 0xBDAC, 0xBDAC, 0xBDAC, 0xBD8C, 0xBD8B, 0xB56B, 0xB56C, 0xB54C, 0xB54C, 0xB52D, 0xB50D,
    0xB4ED, 0xB4CD, 0xB4CE, 0xB4D0, 0xB4D1, 0xB4F2, 0xB4D3, 0xACB3, 0xACB3, 0xAC93, 0xAC94, 0xAC74, 0xAC74, 0xAC74, 0xA474, 0xA454,
    0xBDCC, 0xBDEC, 0xBDEC, 0xBDED, 0xBDED, 0xBDEC, 0xBDCC, 0xBDCC, 0xBDCC, 0xBDCC, 0xBDAC, 0xBDAC, 0xBD8D, 0xBD8D, 0xBD6D, 0xBD4D,
    0xBD4E, 0xBD2E, 0xBD0F, 0xBD10, 0xB511, 0xB532, 0xB533, 0xB534, 0xB514, 0xB4F4, 0xACF4, 0xACD4, 0xACD5, 0xACD5, 0xACD5, 0xACB5,
    0xBDED, 0xBDED, 0xBDED, 0xBE0D, 0xBE0D, 0xBDED, 0xBDED, 0xBDED, 0xBDED, 0xBDED, 0xBDCD, 0xBDCD, 0xBDCD, 0xBDAE, 0xBDAE, 0xBD8E,
    0xBD8E, 0xBD6F, 0xBD50, 0xBD50, 0xBD51, 0xBD53, 0xB554, 0xB574, 0xB555, 0xB555, 0xB555, 0xB535, 0xB535, 0xB535, 0xAD15, 0xAD15,
    0xBE0D, 0xBE0D, 0xBE0D, 0xBE0D, 0xC60D, 0xBE0D, 0xBE0D, 0xBE0D, 0xBE0D, 0xBE0D, 0xBDED, 0xBDED, 0xBDED, 0xBDEE, 0xBDCE, 0xBDCE,
    0xC5CF, 0xC5B0, 0xBDB0, 0xBD91, 0xBD92, 0xBD93, 0xBD94, 0xBDB5, 0xBD95, 0xB596, 0xB596, 0xB596, 0xB576, 0xB576, 0xB576, 0xB556,
    0xBE0D, 0xBE0D, 0xC60D, 0xC60D, 0xC60D, 0xBE0D, 0xBE0D, 0xBE0D, 0xBE0D, 0xBE0D, 0xBE0D, 0xBE0D, 0xBE0E, 0xBE0E, 0xC5EF, 0xC5EF,
    0xC5EF, 0xC5F0, 0xC5D1, 0xC5D2, 0xBDB3, 0xBDB4, 0xBDB5, 0xBDD5, 0xBDD6, 0xBDD6, 0xBDB6, 0xBDB6, 0xBDB6, 0xB596, 0xB596, 0xB596,
    0xBE0D, 0xBE0D, 0xC60D, 0xC60D, 0xC60D, 0xC60D, 0xBE0D, 0xBE0D, 0xBE0D, 0xBE0D, 0xBE0D, 0xBE0D, 0xC60E, 0xC60F, 0xC60F, 0xC60F,
    0xC610, 0xC610, 0xC5F1, 0xC5F2, 0xC5F3, 0xC5F4, 0xC5F5, 0xBDF6, 0xBDF6, 0xBDF6, 0xBDF7, 0xBDF7, 0xBDD7, 0xBDD7, 0xBDB7, 0xBDB7,
    0xBE0D, 0xBE0D, 0xC60D, 0xC60D, 0xC60D, 0xC60D, 0xBE0D, 0xBE0D, 0xBE0D, 0xBE0D, 0xC60D, 0xC60D, 0xC60E, 0xC60F, 0xC62F, 0xC62F,
    0xC630, 0xC611, 0xC612, 0xC613, 0xC614, 0xC615, 0xC615, 0xC5F6, 0xC5F6, 0xC5F7, 0xBDF7, 0xBDF7, 0xBDF7, 0xBDF7, 0xBDD7, 0xBDD7,
    0xBE0D, 0xBE0D, 0xC60D, 0xC60D, 0xC60D, 0xC60D, 0xC60D, 0xC60D, 0xC60D, 0xC60D, 0xC60D, 0xC60D, 0xC62E, 0xC62F, 0xC62F, 0xC62F,
    0xC630, 0xC631, 0xC632, 0xC633, 0xC614, 0xC635, 0xC616, 0xC616, 0xC616, 0xC617, 0xC617, 0xC617, 0xBE17, 0xBDF7, 0xBDF7, 0xBDF7,
    0xC60D, 0xC60D, 0xC60D, 0xC60D, 0xC60D, 0xC60D, 0xC60D, 0xC60D, 0xC60D, 0xC60D, 0xC60D, 0xC60D, 0xC62E, 0xC62E, 0xC62F, 0xC62F,
    0xC630, 0xC631, 0xC632, 0xC633, 0xC634, 0xC635, 0xC636, 0xC636, 0xC637, 0xC617, 0xC617, 0xC617, 0xC617, 0xC617, 0xBE17, 0xBE18,
    0xC60D, 0xC60D, 0xC60D, 0xC60D, 0xC60D, 0xC60D, 0xC60D, 0xC60D, 0xC60D, 0xC60D, 0xC60D, 0xC60D, 0xC62E, 0xC62E, 0xC62F, 0xC62F,
    0xC630, 0xC651, 0xC652, 0xC654, 0xC655, 0xC636, 0xC636, 0xC637, 0xC637, 0xC637, 0xC637, 0xC637, 0xC638, 0xC638, 0xC638, 0xC618,
    0xC60D, 0xC62D, 0xC62D, 0xC60D, 0xC60D, 0xC60D, 0xC62D, 0xC60D, 0xC60D, 0xC60D, 0xC60D, 0xC60D, 0xC62E, 0xC62E, 0xC62F, 0xC62F,
    0xC630, 0xC651, 0xC652, 0xC654, 0xC655, 0xC656, 0xC656, 0xC657, 0xC637, 0xC637, 0xC637, 0xC638, 0xC638, 0xC638, 0xC638, 0xC638,
    0xC62D, 0xC62D, 0xC62D, 0xC60D, 0xC60D, 0xC60D, 0xC62D, 0xC60D, 0xC60D, 0xC60D, 0xC60D, 0xC60D, 0xC62E, 0xC62E, 0xC62F, 0xC62F,
    0xC650, 0xC651, 0xC652, 0xC654, 0xC655, 0xC656, 0xC656, 0xC657, 0xC657, 0xC658, 0xC658, 0xC658, 0xC638, 0xC638, 0xC638, 0xC638,
    0x78A2, 0x78A2, 0x78A2, 0x78A3, 0x78A4, 0x78A4, 0x70A5, 0x70A5, 0x70A5, 0x68A5, 0x68A5, 0x68A5, 0x6085, 0x5885, 0x5885, 0x5085,
    0x4885, 0x4864, 0x4064, 0x4064, 0x3864, 0x3843, 0x3043, 0x3043, 0x3043, 0x2843, 0x2843, 0x2842, 0x2843, 0x2043, 0x2043, 0x2043,
    0x78E3, 0x78C2, 0x78A2, 0x78A3, 0x78A4, 0x78A4, 0x70A5, 0x70A5, 0x70A5, 0x70A5, 0x68A5, 0x68A5, 0x6085, 0x5885, 0x5885, 0x5085,
    0x5085, 0x4864, 0x4064, 0x4064, 0x3864, 0x3844, 0x3043, 0x3043, 0x3043, 0x2843, 0x2843, 0x2843, 0x2843, 0x2843, 0x2043, 0x2043,
    0x8103, 0x78E3, 0x78A2, 0x78A3, 0x78A4, 0x78A4, 0x78A5, 0x70A5, 0x70A5, 0x70A5, 0x68A6, 0x68A5, 0x60A5, 0x6085, 0x5885, 0x5085,
    0x5085, 0x4885, 0x4864, 0x4064, 0x4064, 0x3844, 0x3844, 0x3043, 0x3043, 0x3043, 0x2843, 0x2843, 0x2843, 0x2843, 0x2043, 0x2043,
    0x8123, 0x78E3, 0x78C2, 0x78A3, 0x78A3, 0x78A4, 0x78A5, 0x70A5, 0x70A5, 0x70A5, 0x68A6, 0x68A6, 0x60A6, 0x60A6, 0x5886, 0x5885,
    0x5085, 0x5085, 0x4865, 0x4065, 0x4064, 0x3864, 0x3864, 0x3864, 0x3044, 0x3044, 0x3044, 0x3044, 0x2844, 0x2844, 0x2844, 0x2844,
    0x8123, 0x8103, 0x78E3, 0x78C3, 0x78A3, 0x78A4, 0x78A5, 0x78A5, 0x70A5, 0x70A5, 0x68A6, 0x68A6, 0x68A6, 0x60A6, 0x60A6, 0x5886,
    0x5886, 0x5086, 0x4885, 0x4865, 0x4065, 0x4065, 0x4065, 0x3864, 0x3864, 0x3044, 0x3044, 0x3044, 0x3044, 0x3044, 0x3044, 0x2844,
    0x8143, 0x8123, 0x8103, 0x78E3, 0x78A3, 0x78A4, 0x78A4, 0x78A5, 0x70A5, 0x70A6, 0x70A6, 0x68A6, 0x68A6, 0x60A6, 0x60A6, 0x5886,
    0x5886, 0x5086, 0x5086, 0x4886, 0x4886, 0x4066, 0x4065, 0x4065, 0x3865, 0x3865, 0x3865, 0x3865, 0x3865, 0x3065, 0x3065, 0x3045,
    0x8143, 0x8143, 0x8143, 0x8103, 0x78C3, 0x78C3, 0x78A4, 0x78C5, 0x78C5, 0x70A6, 0x70A6, 0x70A6, 0x68A6, 0x68A6, 0x60A6, 0x60A6,
    0x5886, 0x5886, 0x5086, 0x5086, 0x4886, 0x4886, 0x4066, 0x4066, 0x4066, 0x4066, 0x3866, 0x3866, 0x3866, 0x3866, 0x3866, 0x3866,
    0x8963, 0x8163, 0x8163, 0x8143, 0x8123, 0x80E3, 0x80C4, 0x78C4, 0x78A5, 0x70A6, 0x70A6, 0x68A6, 0x68A6, 0x68A6, 0x60A6, 0x5886,
    0x5886, 0x5086, 0x5086, 0x5087, 0x5087, 0x4887, 0x4887, 0x4867, 0x4067, 0x4067, 0x4067, 0x4067, 0x4067, 0x3867, 0x3867, 0x3867,
    0x8984, 0x8984, 0x8984, 0x8984, 0x8963, 0x8123, 0x80E3, 0x80C4, 0x78C5, 0x78C6, 0x70A6, 0x68A6, 0x68A6, 0x60A6, 0x5886, 0x5886,
    0x5086, 0x5086, 0x5086, 0x5086, 0x5087, 0x4887, 0x4887, 0x4887, 0x4887, 0x4067, 0x4067, 0x4067, 0x4067, 0x4067, 0x3867, 0x3867,
    0x89C4, 0x89C4, 0x89C4, 0x89C4, 0x89A4, 0x8984, 0x8944, 0x8924, 0x8905, 0x80E5, 0x78C6, 0x68A5, 0x6085, 0x5885, 0x5085, 0x5085,
    0x4865, 0x4065, 0x4065, 0x4066, 0x4886, 0x4887, 0x4887, 0x4887, 0x4087, 0x4087, 0x4087, 0x4087, 0x4067, 0x4067, 0x3867, 0x3867,
    0x8A04, 0x8A04, 0x9204, 0x8A04, 0x89E4, 0x89C4, 0x89A4, 0x8984, 0x9145, 0x8925, 0x8106, 0x70C5, 0x68A5, 0x58A5, 0x5085, 0x4884,
    0x4064, 0x3864, 0x3865, 0x3865, 0x4066, 0x4066, 0x4067, 0x4087, 0x4087, 0x4087, 0x4087, 0x4088, 0x4068, 0x4067, 0x3867, 0x3867,
    0x9245, 0x9265, 0x9265, 0x9265, 0x9245, 0x9244, 0x9224, 0x91E4, 0x91A5, 0x9185, 0x8966, 0x8145, 0x7905, 0x68E5, 0x60A5, 0x5085,
    0x4885, 0x4064, 0x3865, 0x3865, 0x3865, 0x4066, 0x4066, 0x4067, 0x4067, 0x4067, 0x4067, 0x4068, 0x4068, 0x4067, 0x3867, 0x3867,
    0x92A5, 0x9AA5, 0x9AC5, 0x9AA5, 0x9AA5, 0x92A5, 0x9285, 0x9245, 0x9225, 0x9205, 0x99E6, 0x91A6, 0x8986, 0x7946, 0x6905, 0x60E5,
    0x58C5, 0x50A5, 0x48A5, 0x4085, 0x4086, 0x4086, 0x4087, 0x4087, 0x4087, 0x4088, 0x4088, 0x4088, 0x4088, 0x4088, 0x4068, 0x3867,
    0x9B06, 0x9B06, 0x9B26, 0x9B26, 0x9B06, 0x9B06, 0x9AE6, 0x9AC5, 0x9A85, 0x9A66, 0x9A46, 0x9226, 0x9206, 0x89E6, 0x81C6, 0x8186,
    0x7967, 0x6947, 0x6127, 0x5907, 0x58E8, 0x50E8, 0x50C8, 0x50C8, 0x50A8, 0x48A8, 0x48A9, 0x48A9, 0x48A9, 0x48A9, 0x4889, 0x4089,
    0xA366, 0xA366, 0xA387, 0xA386, 0xA366, 0xA366, 0xA366, 0xA326, 0x9B06, 0x9AE6, 0x9AC7, 0x9AA7, 0x9A87, 0x9287, 0x9267, 0x9227,
    0x9208, 0x89E8, 0x81A9, 0x7189, 0x7169, 0x696A, 0x694A, 0x612A, 0x612A, 0x610A, 0x590A, 0x590A, 0x590A, 0x590A, 0x58EA, 0x50EA,
    0xA3C7, 0xA3C7, 0xA3E7, 0xA3E7, 0xA3E7, 0xA3C7, 0xA3C7, 0xA3A7, 0xA387, 0xA367, 0xA347, 0xA307, 0x9AE7, 0x9AE7, 0x9AC8, 0x9AC8,
    0xA2A9, 0x9A8A, 0x9A6A, 0x924B, 0x922B, 0x8A0C, 0x8A0C, 0x81EC, 0x79EC, 0x79CC, 0x71CD, 0x71CD, 0x71CD, 0x71AD, 0x69AD, 0x69AD,
    0xAC28, 0xAC48, 0xAC48, 0xAC48, 0xAC48, 0xAC48, 0xAC28, 0xAC08, 0xAC08, 0xA3E8, 0xA3C8, 0xA3A8, 0xA388, 0xA368, 0xA348, 0xA349,
    0xA32A, 0xAB2B, 0xAB0B, 0xA2EC, 0xA2CD, 0x9AAD, 0x9AAE, 0x92AE, 0x928E, 0x8A6E, 0x8A6F, 0x8A6F, 0x8A6F, 0x824F, 0x824F, 0x824F,
    0xACA9, 0xACC9, 0xB4C9, 0xB4C9, 0xB4C9, 0xACA9, 0xACA9, 0xAC89, 0xAC68, 0xAC68, 0xAC48, 0xAC29, 0xAC09, 0xA3E9, 0xA3A9, 0xA389,
    0xAB8A, 0xB3AC, 0xB3AD, 0xAB8D, 0xAB6E, 0xA34F, 0xA32F, 0xA330, 0x9B10, 0x9B10, 0x9B10, 0x9AF1, 0x9AF1, 0x92F1, 0x92F1, 0x92D1,
    0xB50A, 0xB52A, 0xB52A, 0xB52A, 0xB52A, 0xB52A, 0xB50A, 0xB4EA, 0xB4EA, 0xB4C9, 0xACA9, 0xACAA, 0xAC8A, 0xAC6A, 0xAC2A, 0xAC0A,
    0xABEB, 0xB40C, 0xB40D, 0xB40E, 0xABEF, 0xABF0, 0xABD0, 0xABB1, 0xA3B1, 0xA391, 0xA392, 0xA392, 0xA372, 0xA373, 0x9B73, 0x9B73,
    0xB56B, 0xB56B, 0xB56B, 0xB56B, 0xB56B, 0xB56B, 0xB56B, 0xB54B, 0xB54B, 0xB52A, 0xB52A, 0xB50B, 0xB50B, 0xB4EB, 0xB4AB, 0xB48B,
    0xB46C, 0xB44C, 0xB44D, 0xB46F, 0xB470, 0xB471, 0xAC72, 0xAC32, 0xAC32, 0xAC32, 0xAC13, 0xA3F3, 0xA3F3, 0xA3F3, 0xA3F3, 0xA3F3,
    0xBDAC, 0xBDAC, 0xBDAC, 0xBDAC, 0xBDAC, 0xBDAC, 0xBDAC, 0xBDAC, 0xBD8C, 0xB58B, 0xB56B, 0xB56C, 0xB54C, 0xB54C, 0xB52C, 0xB4EC,
    0xB4CD, 0xB4AD, 0xB4AE, 0xB4AF, 0xB4D1, 0xB4F2, 0xB4D3, 0xACB3, 0xAC93, 0xAC93, 0xAC94, 0xAC74, 0xAC74, 0xAC74, 0xAC54, 0xA454,
    0xBDEC, 0xBDCC, 0xBDCC, 0xBDCC, 0xBDCC, 0xBDCC, 0xBDCC, 0xBDCC, 0xBDCC, 0xBDCC, 0xBDAC, 0xBDAC, 0xBD8C, 0xBD6D, 0xBD6D, 0xBD4D,
    0xBD2D, 0xBD2E, 0xBD0E, 0xBD0F, 0xB511, 0xB532, 0xB533, 0xB514, 0xB514, 0xB4F4, 0xACF4, 0xACD4, 0xACD5, 0xACD5, 0xACD5, 0xACD5,
    0xBDED, 0xBDED, 0xBDED, 0xBDED, 0xBDED, 0xBDED, 0xBDED, 0xBDED, 0xBDED, 0xBDED, 0xBDCD, 0xBDCD, 0xBDCD, 0xBDAD, 0xBDAE, 0xBD8E,
    0xBD6E, 0xBD6F, 0xBD4F, 0xBD50, 0xBD51, 0xBD53, 0xB554, 0xB554, 0xB555, 0xB555, 0xB555, 0xB535, 0xB535, 0xB535, 0xB515, 0xAD15,
    0xBE0D, 0xBE0D, 0xBE0D, 0xBE0D, 0xC60D, 0xBE0D, 0xBE0D, 0xBE0D, 0xBE0D, 0xBE0D, 0xBDED, 0xBDED, 0xBDED, 0xBDEE, 0xBDCE, 0xBDCE,
    0xBDAF, 0xC5AF, 0xC590, 0xBD91, 0xBD92, 0xBD93, 0xBD94, 0xBD95, 0xBD95, 0xBD96, 0xB596, 0xB596, 0xB576, 0xB556, 0xB556, 0xB576,
    0xBE0D, 0xBE0D, 0xBE0D, 0xC60D, 0xC60D, 0xC60D, 0xBE0D, 0xBE0D, 0xBE0D, 0xBE0D, 0xBE0D, 0xBE0D, 0xBE0E, 0xC5EE, 0xC5EF, 0xC5EF,
    0xC5EF, 0xC5D0, 0xC5D1, 0xC5B1, 0xBDB2, 0xBDB3, 0xBDB4, 0xBDD5, 0xBDD6, 0xBDD6, 0xBDB6, 0xBDB6, 0xBDB6, 0xB596, 0xB596, 0xB596,
    0xBE0D, 0xBE0D, 0xC60D, 0xC60D, 0xC62D, 0xC60D, 0xC60D, 0xBE0D, 0xBE0D, 0xBE0D, 0xBE0D, 0xC60D, 0xC60E, 0xC60E, 0xC60F, 0xC60F,
    0xC610, 0xC610, 0xC5F1, 0xC5F2, 0xC5F3, 0xC5F4, 0xC5F5, 0xBDD5, 0xBDF6, 0xBDF6, 0xBDF6, 0xBDD7, 0xBDD7, 0xBDD7, 0xBDB7, 0xBDB7,
    0xBE0D, 0xC60D, 0xC60D, 0xC60D, 0xC60D, 0xC60D, 0xC60D, 0xBE0D, 0xBE0D, 0xBE0D, 0xC60D, 0xC60D, 0xC60E, 0xC60F, 0xC60F, 0xC62F,
    0xC630, 0xC611, 0xC611, 0xC612, 0xC613, 0xC614, 0xC615, 0xC5F6, 0xC5F6, 0xC5F7, 0xC5F7, 0xBDF7, 0xBDF7, 0xBDF7, 0xBDD7, 0xBDD7,
    0xC60D, 0xBE0D, 0xBE0D, 0xBE0D, 0xBE0D, 0xC60D, 0xC60D, 0xBE0D, 0xBE0D, 0xC60D, 0xC62D, 0xC62D, 0xC62E, 0xC62F, 0xC62F, 0xC62F,
    0xC630, 0xC631, 0xC632, 0xC613, 0xC614, 0xC615, 0xC615, 0xC616, 0xC616, 0xC617, 0xC617, 0xC617, 0xBE17, 0xBDF7, 0xBDF7, 0xBDF7,
    0xC60D, 0xC60D, 0xBE0D, 0xBE0D, 0xBE0D, 0xC60D, 0xC60D, 0xC60D, 0xC60D, 0xC60D, 0xC62D, 0xC62D, 0xC62E, 0xC62E, 0xC62F, 0xC62F,
    0xC630, 0xC631, 0xC632, 0xC633, 0xC634, 0xC635, 0xC636, 0xC636, 0xC637, 0xC617, 0xC617, 0xC617, 0xC617, 0xBE17, 0xC617, 0xC617,
    0xC60D, 0xC60D, 0xC60D, 0xC60D, 0xC60D, 0xC60D, 0xC60D, 0xC60D, 0xC60D, 0xC60D, 0xC60D, 0xC60D, 0xC60E, 0xC62E, 0xC62F, 0xC62F,
    0xC630, 0xC651, 0xC652, 0xC633, 0xC634, 0xC635, 0xC636, 0xC637, 0xC637, 0xC637, 0xC637, 0xC637, 0xC637, 0xC638, 0xC618, 0xC618,
    0xC60D, 0xC60D, 0xC62D, 0xC60D, 0xC60D, 0xC60D, 0xC60D, 0xC60D, 0xC60D, 0xC60D, 0xC60D, 0xC60D, 0xC60E, 0xC60E, 0xC62F, 0xC62F,
    0xC650, 0xC651, 0xC652, 0xC653, 0xC655, 0xC636, 0xC636, 0xC657, 0xC657, 0xC637, 0xC638, 0xC638, 0xC638, 0xC638, 0xC638, 0xC638,
    0xC60D, 0xC62D, 0xC62D, 0xC62D, 0xC60D, 0xC62D, 0xC62D, 0xC60D, 0xC60D, 0xC60D, 0xC60D, 0xC60D, 0xC60E, 0xC60E, 0xC62F, 0xC62F,
    0xC650, 0xC651, 0xC652, 0xC654, 0xC655, 0xC656, 0xC656, 0xC657, 0xC657, 0xC658, 0xC658, 0xC658, 0xC658, 0xC638, 0xC638, 0xC638,
};
