/**
 * lut_custom_vegas.h
 * Custom LUT from 'Vegas.cube'
 *
 * Auto-generated by tools/generate_luts.py — DO NOT EDIT
 * 32768 entries × 2 bytes = 64 KB, stored in Flash (.rodata)
 */
#pragma once
#include <stdint.h>

static const uint16_t LUT_CUSTOM_VEGAS[32768] = {
    0x08A3, 0x08A3, 0x08A3, 0x10A3, 0x10A3, 0x08A4, 0x08A4, 0x00A4, 0x00A5, 0x00A6, 0x00A7, 0x0088, 0x0089, 0x008B, 0x006C, 0x004E,
    0x0050, 0x0031, 0x0013, 0x0015, 0x0016, 0x0017, 0x0018, 0x0019, 0x0019, 0x001A, 0x001B, 0x001B, 0x001B, 0x001C, 0x001C, 0x001C,
    0x08A3, 0x08A3, 0x08A3, 0x10A3, 0x08A3, 0x08A4, 0x08A4, 0x08A5, 0x00A5, 0x0086, 0x00A7, 0x0088, 0x0089, 0x008B, 0x008C, 0x006E,
    0x0050, 0x0031, 0x0013, 0x0014, 0x0016, 0x0017, 0x0018, 0x0019, 0x0019, 0x001A, 0x001A, 0x001B, 0x001B, 0x001B, 0x001C, 0x001C,
    0x08A2, 0x08A3, 0x08A3, 0x08A3, 0x08A3, 0x08A4, 0x08A4, 0x08A5, 0x00A5, 0x00A6, 0x00A7, 0x00A8, 0x0089, 0x008B, 0x008C, 0x008E,
    0x0070, 0x0051, 0x0033, 0x0014, 0x0016, 0x0017, 0x0018, 0x0018, 0x0019, 0x001A, 0x001A, 0x001B, 0x001B, 0x001B, 0x001C, 0x001C,
    0x08A3, 0x08A3, 0x08A3, 0x08A3, 0x08A3, 0x08C4, 0x08C4, 0x08C5, 0x00C5, 0x00A6, 0x00A7, 0x00A8, 0x00A9, 0x00AB, 0x00AC, 0x008E,
    0x0090, 0x0071, 0x0053, 0x0034, 0x0016, 0x0017, 0x0018, 0x0019, 0x0019, 0x001A, 0x001A, 0x001B, 0x001B, 0x001B, 0x001C, 0x001C,
    0x08C3, 0x08C3, 0x08C3, 0x08C4, 0x08C3, 0x08C4, 0x08C4, 0x08C4, 0x00C5, 0x00C6, 0x00C7, 0x00A8, 0x00A9, 0x00AB, 0x00AC, 0x00AE,
    0x0090, 0x0092, 0x0073, 0x0054, 0x0036, 0x0017, 0x0018, 0x0019, 0x0019, 0x001A, 0x001A, 0x001B, 0x001B, 0x001C, 0x001C, 0x001C,
    0x08C3, 0x08C3, 0x08C3, 0x08E3, 0x08E3, 0x08E4, 0x00E4, 0x00E4, 0x00C5, 0x00E6, 0x00E7, 0x00E8, 0x00C9, 0x00CB, 0x00CC, 0x00AE,
    0x00B0, 0x0091, 0x0093, 0x0074, 0x0076, 0x0057, 0x0038, 0x0019, 0x0019, 0x001A, 0x001A, 0x001B, 0x001B, 0x001B, 0x001C, 0x001C,
    0x0902, 0x08E2, 0x08E3, 0x08E3, 0x0903, 0x0904, 0x0104, 0x0105, 0x0105, 0x0106, 0x0107, 0x0108, 0x0109, 0x010B, 0x00ED, 0x00EE,
    0x00D0, 0x00D2, 0x00B3, 0x00B5, 0x0096, 0x0097, 0x0078, 0x0059, 0x0039, 0x003A, 0x001A, 0x001B, 0x001B, 0x001C, 0x001C, 0x001C,
    0x0922, 0x0922, 0x0902, 0x0903, 0x0123, 0x0124, 0x0124, 0x0125, 0x0125, 0x0126, 0x0127, 0x0128, 0x0149, 0x014B, 0x014D, 0x012E,
    0x0130, 0x0112, 0x00F4, 0x00F5, 0x00D6, 0x00B7, 0x00B8, 0x0099, 0x0079, 0x007A, 0x005A, 0x005B, 0x003B, 0x003C, 0x001C, 0x001C,
    0x0943, 0x0943, 0x0143, 0x0143, 0x0143, 0x0144, 0x0144, 0x0145, 0x0145, 0x0146, 0x0167, 0x0168, 0x0169, 0x018B, 0x018D, 0x016E,
    0x0170, 0x0172, 0x0133, 0x0135, 0x0116, 0x00F7, 0x00F8, 0x00D9, 0x00B9, 0x00BA, 0x00BA, 0x009B, 0x007B, 0x007B, 0x005C, 0x005C,
    0x0982, 0x0962, 0x0163, 0x0163, 0x0163, 0x0184, 0x0184, 0x0185, 0x0166, 0x0186, 0x0187, 0x0189, 0x01AA, 0x01AB, 0x01AD, 0x01AE,
    0x01B0, 0x01D2, 0x01B3, 0x0195, 0x0176, 0x0137, 0x0138, 0x0119, 0x00F9, 0x00FA, 0x00FA, 0x00DB, 0x00BB, 0x00BB, 0x00BC, 0x00BC,
    0x01C2, 0x01C2, 0x01C2, 0x01C3, 0x01C3, 0x01C3, 0x01C4, 0x01C5, 0x01C6, 0x01C6, 0x01C8, 0x01E9, 0x01EA, 0x01EB, 0x01ED, 0x01EE,
    0x0210, 0x0211, 0x0213, 0x01F4, 0x01D6, 0x01B7, 0x0198, 0x0179, 0x0159, 0x013A, 0x013A, 0x011B, 0x011B, 0x00FB, 0x00FC, 0x00FC,
    0x0202, 0x0202, 0x0202, 0x0202, 0x0203, 0x0223, 0x0224, 0x0225, 0x0206, 0x0207, 0x0228, 0x0229, 0x022A, 0x022B, 0x022D, 0x024E,
    0x0250, 0x0251, 0x0252, 0x0254, 0x0235, 0x0237, 0x0218, 0x01D8, 0x01B9, 0x019A, 0x017A, 0x015B, 0x015B, 0x013B, 0x013C, 0x013C,
    0x0281, 0x0281, 0x0281, 0x0281, 0x0282, 0x0283, 0x02A3, 0x0284, 0x0286, 0x0267, 0x0288, 0x0289, 0x028A, 0x028C, 0x028D, 0x02AF,
    0x02B0, 0x02B2, 0x02B3, 0x02B4, 0x0296, 0x0297, 0x0278, 0x0258, 0x0239, 0x021A, 0x01FA, 0x01BB, 0x019B, 0x019B, 0x017C, 0x017C,
    0x0320, 0x0300, 0x0300, 0x0300, 0x0301, 0x0322, 0x0322, 0x0324, 0x0305, 0x0307, 0x0329, 0x032A, 0x030B, 0x030D, 0x030E, 0x0330,
    0x0331, 0x0333, 0x0314, 0x0315, 0x0316, 0x02F7, 0x02F8, 0x02B9, 0x02B9, 0x029A, 0x027A, 0x025B, 0x021B, 0x01FB, 0x01DC, 0x01DC,
    0x0380, 0x0380, 0x0380, 0x0360, 0x0380, 0x0380, 0x0381, 0x0383, 0x0384, 0x0366, 0x0388, 0x038A, 0x038C, 0x036D, 0x036E, 0x0370,
    0x0391, 0x0372, 0x0374, 0x0375, 0x0356, 0x0337, 0x0338, 0x0318, 0x02F9, 0x02DA, 0x02BA, 0x02BB, 0x029B, 0x027C, 0x025C, 0x023C,
    0x03E0, 0x0400, 0x03E0, 0x03E0, 0x03E0, 0x0400, 0x0400, 0x0401, 0x03E3, 0x03E5, 0x0408, 0x040A, 0x040C, 0x03ED, 0x03EF, 0x03F0,
    0x03F1, 0x03F3, 0x03D4, 0x03D5, 0x03B6, 0x03B7, 0x0398, 0x0378, 0x0359, 0x033A, 0x031A, 0x02FA, 0x02DB, 0x02BB, 0x02BC, 0x029C,
    0x0480, 0x0460, 0x0460, 0x0460, 0x0460, 0x0480, 0x0480, 0x0460, 0x0462, 0x0484, 0x0487, 0x0489, 0x048B, 0x046D, 0x046F, 0x0470,
    0x0472, 0x0453, 0x0454, 0x0435, 0x0416, 0x0417, 0x03F8, 0x03D8, 0x0399, 0x039A, 0x037A, 0x035A, 0x033B, 0x031B, 0x031C, 0x02FC,
    0x0500, 0x04E0, 0x04E0, 0x04E0, 0x04E0, 0x0500, 0x04E0, 0x04E0, 0x04E0, 0x04E3, 0x0506, 0x0509, 0x04EB, 0x04ED, 0x04EF, 0x04F1,
    0x04F2, 0x04D3, 0x04B4, 0x0495, 0x0496, 0x0477, 0x0438, 0x0438, 0x03F9, 0x03DA, 0x03DA, 0x039A, 0x039B, 0x037B, 0x035C, 0x033C,
    0x0560, 0x0540, 0x0540, 0x0540, 0x0540, 0x0560, 0x0560, 0x0540, 0x0540, 0x0541, 0x0564, 0x0568, 0x056A, 0x054C, 0x054E, 0x0570,
    0x0572, 0x0553, 0x0514, 0x0515, 0x04F6, 0x04D7, 0x04B8, 0x0498, 0x0479, 0x043A, 0x041A, 0x03FA, 0x03DB, 0x03BB, 0x03BB, 0x039C,
    0x05E0, 0x05E0, 0x05C0, 0x05C0, 0x05C0, 0x05E0, 0x05E0, 0x05C0, 0x05C0, 0x05E0, 0x05E4, 0x05E8, 0x05EA, 0x05CC, 0x05CE, 0x05F0,
    0x05F2, 0x05D3, 0x05B4, 0x0596, 0x0577, 0x0557, 0x0538, 0x04F8, 0x04D9, 0x04BA, 0x049A, 0x047B, 0x045B, 0x043B, 0x041B, 0x03FC,
    0x0620, 0x0620, 0x0620, 0x0620, 0x0620, 0x0620, 0x0620, 0x0620, 0x0620, 0x0640, 0x0644, 0x0627, 0x062A, 0x062C, 0x062E, 0x0630,
    0x0632, 0x0633, 0x0634, 0x0616, 0x05F7, 0x05D8, 0x0598, 0x0558, 0x0539, 0x051A, 0x04FA, 0x04DA, 0x04BB, 0x049B, 0x047B, 0x045C,
    0x0660, 0x0660, 0x0640, 0x0640, 0x0640, 0x0660, 0x0660, 0x0660, 0x0660, 0x0660, 0x0663, 0x0666, 0x0669, 0x066C, 0x066E, 0x0670,
    0x0671, 0x0673, 0x0674, 0x0675, 0x0656, 0x0638, 0x05F8, 0x05D8, 0x0599, 0x0579, 0x055A, 0x051A, 0x04FB, 0x04DB, 0x04BB, 0x04BC,
    0x06A0, 0x0680, 0x0680, 0x0680, 0x0680, 0x0680, 0x06A0, 0x06A0, 0x0680, 0x06A0, 0x06A3, 0x06A6, 0x06A9, 0x068C, 0x068D, 0x06AF,
    0x06B1, 0x0692, 0x06B4, 0x0695, 0x0696, 0x0697, 0x0658, 0x0619, 0x05F9, 0x05B9, 0x059A, 0x057A, 0x055B, 0x053B, 0x051C, 0x04FC,
    0x06C0, 0x06C0, 0x06C0, 0x06C0, 0x06C0, 0x06C0, 0x06C0, 0x06C0, 0x06C0, 0x06C0, 0x06C3, 0x06C7, 0x06C9, 0x06CB, 0x06CD, 0x06CF,
    0x06D1, 0x06D2, 0x06B3, 0x06B5, 0x06D6, 0x06B7, 0x0698, 0x0679, 0x0659, 0x0619, 0x05FA, 0x05DA, 0x059A, 0x057B, 0x055B, 0x055C,
    0x06E0, 0x06E0, 0x06E0, 0x06E0, 0x06E0, 0x06E0, 0x06E0, 0x06E0, 0x06E0, 0x06E0, 0x06E4, 0x06E7, 0x06E9, 0x06EB, 0x06ED, 0x06EF,
    0x06F1, 0x06D2, 0x06D3, 0x06D4, 0x06F5, 0x06D6, 0x06D7, 0x06B8, 0x0699, 0x0679, 0x065A, 0x061A, 0x05FA, 0x05DB, 0x05BB, 0x05BC,
    0x0700, 0x0700, 0x0700, 0x0700, 0x0700, 0x0700, 0x0700, 0x0700, 0x0700, 0x0701, 0x0705, 0x0708, 0x070A, 0x070C, 0x070E, 0x0710,
    0x06F1, 0x06F2, 0x06F3, 0x06F4, 0x06F5, 0x06F6, 0x06F7, 0x06F8, 0x06D9, 0x06D9, 0x069A, 0x067A, 0x065A, 0x063B, 0x061B, 0x05FC,
    0x0720, 0x0720, 0x0720, 0x0720, 0x0720, 0x0720, 0x0720, 0x0720, 0x0720, 0x0723, 0x0726, 0x0729, 0x072B, 0x072D, 0x072F, 0x0731,
    0x0712, 0x0712, 0x0713, 0x0714, 0x0715, 0x0716, 0x0717, 0x06F8, 0x0718, 0x0719, 0x06FA, 0x06BA, 0x06BA, 0x069B, 0x067B, 0x065B,
    0x0740, 0x0740, 0x0740, 0x0740, 0x0740, 0x0740, 0x0740, 0x0740, 0x0740, 0x0744, 0x0746, 0x0749, 0x074B, 0x072D, 0x074F, 0x0731,
    0x0732, 0x0733, 0x0733, 0x0734, 0x0735, 0x0736, 0x0717, 0x1718, 0x0F18, 0x0719, 0x071A, 0x06FA, 0x06DA, 0x06BA, 0x069B, 0x069B,
    0x0740, 0x0740, 0x0740, 0x0740, 0x0740, 0x0740, 0x0740, 0x0740, 0x0740, 0x0744, 0x0747, 0x0749, 0x074B, 0x074D, 0x074F, 0x0751,
    0x0F32, 0x1733, 0x1734, 0x2734, 0x2F35, 0x2F36, 0x3737, 0x3F37, 0x3F38, 0x3F39, 0x3739, 0x2F1A, 0x271A, 0x1EFA, 0x1EDB, 0x26BB,
    0x0760, 0x0760, 0x0760, 0x0760, 0x0760, 0x0760, 0x0760, 0x0760, 0x0761, 0x0765, 0x0768, 0x076A, 0x076B, 0x074D, 0x074F, 0x0751,
    0x1F52, 0x3753, 0x3754, 0x4755, 0x4F35, 0x5736, 0x5757, 0x5F57, 0x5F38, 0x6739, 0x6739, 0x573A, 0x4F3A, 0x471A, 0x471B, 0x46FB,
    0x0760, 0x0760, 0x0780, 0x0780, 0x0780, 0x0780, 0x0760, 0x0760, 0x0762, 0x0786, 0x0788, 0x076A, 0x076C, 0x076E, 0x076F, 0x0F71,
    0x2F53, 0x4F54, 0x5754, 0x5F55, 0x5F56, 0x6756, 0x6756, 0x6F57, 0x6F58, 0x7759, 0x7739, 0x773A, 0x6F3A, 0x673A, 0x673B, 0x671B,
    0x0780, 0x0780, 0x0780, 0x0780, 0x0780, 0x0780, 0x0780, 0x0781, 0x0783, 0x0786, 0x0789, 0x078B, 0x078C, 0x078E, 0x076F, 0x1F71,
    0x3F72, 0x5774, 0x6755, 0x6F76, 0x6F76, 0x7756, 0x7757, 0x7757, 0x7F58, 0x7F59, 0x8759, 0x8759, 0x7F5A, 0x7F5A, 0x7F5A, 0x7F3B,
    0x08A3, 0x08A3, 0x08A3, 0x10A3, 0x08A3, 0x08A4, 0x08A4, 0x08A4, 0x00A5, 0x00A6, 0x00A7, 0x0088, 0x0089, 0x008B, 0x006C, 0x004E,
    0x0050, 0x0031, 0x0013, 0x0014, 0x0016, 0x0017, 0x0018, 0x0019, 0x0019, 0x001A, 0x001A, 0x001B, 0x001B, 0x001C, 0x001C, 0x001C,
    0x08A3, 0x08A3, 0x10A3, 0x08A3, 0x08A3, 0x08A4, 0x08A4, 0x08A4, 0x08A5, 0x0086, 0x0087, 0x0088, 0x0089, 0x008A, 0x008C, 0x006E,
    0x0050, 0x0031, 0x0013, 0x0015, 0x0016, 0x0017, 0x0018, 0x0019, 0x0019, 0x001A, 0x001A, 0x001B, 0x001B, 0x001C, 0x001C, 0x001C,
    0x10A3, 0x08A3, 0x08A3, 0x08A3, 0x08A4, 0x08A4, 0x08A4, 0x08A4, 0x08A5, 0x00A6, 0x00A7, 0x0088, 0x0089, 0x008A, 0x008C, 0x006E,
    0x0070, 0x0051, 0x0033, 0x0015, 0x0016, 0x0017, 0x0018, 0x0019, 0x0019, 0x001A, 0x001A, 0x001B, 0x001B, 0x001C, 0x001C, 0x001C,
    0x08A2, 0x08A3, 0x08A3, 0x08A3, 0x08A3, 0x08C4, 0x08C4, 0x08C5, 0x00A5, 0x00A6, 0x00A7, 0x00A8, 0x00A9, 0x00AB, 0x008C, 0x008E,
    0x0070, 0x0071, 0x0053, 0x0034, 0x0016, 0x0017, 0x0018, 0x0019, 0x0019, 0x001A, 0x001A, 0x001B, 0x001B, 0x001C, 0x001C, 0x001C,
    0x08C3, 0x08A3, 0x08C3, 0x08C3, 0x08C3, 0x08C4, 0x08C4, 0x08C5, 0x00C5, 0x00C6, 0x00C7, 0x00C8, 0x00A9, 0x00AB, 0x00AC, 0x00AE,
    0x0090, 0x0072, 0x0073, 0x0055, 0x0036, 0x0017, 0x0018, 0x0019, 0x0019, 0x001A, 0x001A, 0x001B, 0x001B, 0x001C, 0x001C, 0x001C,
    0x10E3, 0x08C3, 0x08C3, 0x08C3, 0x08C3, 0x08E4, 0x08C4, 0x08C4, 0x00C5, 0x00C6, 0x00E7, 0x00C8, 0x00C9, 0x00CB, 0x00CC, 0x00AE,
    0x00B0, 0x00B1, 0x0093, 0x0074, 0x0056, 0x0037, 0x0018, 0x0019, 0x0019, 0x001A, 0x001A, 0x001B, 0x001B, 0x001B, 0x001C, 0x001C,
    0x0902, 0x08E2, 0x08E3, 0x08E3, 0x08E3, 0x0904, 0x0904, 0x0104, 0x0105, 0x0106, 0x0107, 0x0108, 0x0109, 0x00EB, 0x00ED, 0x00EE,
    0x00D0, 0x00D2, 0x00B3, 0x00B5, 0x0096, 0x0077, 0x0058, 0x0059, 0x0039, 0x003A, 0x001A, 0x001B, 0x001B, 0x001C, 0x001C, 0x001C,
    0x0922, 0x0922, 0x0923, 0x0923, 0x0923, 0x0124, 0x0124, 0x0125, 0x0125, 0x0126, 0x0127, 0x0128, 0x0129, 0x012B, 0x012D, 0x012F,
    0x0110, 0x0112, 0x00F4, 0x00D5, 0x00D6, 0x00B7, 0x00B8, 0x0099, 0x0079, 0x007A, 0x005A, 0x005B, 0x003B, 0x003C, 0x001C, 0x001C,
    0x0942, 0x0943, 0x0943, 0x0943, 0x0143, 0x0144, 0x0144, 0x0145, 0x0145, 0x0146, 0x0147, 0x0168, 0x0169, 0x016B, 0x016D, 0x016F,
    0x0170, 0x0152, 0x0133, 0x0115, 0x0116, 0x00F7, 0x00F8, 0x00D8, 0x00B9, 0x00BA, 0x009A, 0x009B, 0x007B, 0x007B, 0x005C, 0x007D,
    0x0982, 0x0962, 0x0983, 0x0183, 0x0183, 0x0183, 0x0184, 0x0185, 0x0185, 0x0187, 0x0188, 0x01A9, 0x01AA, 0x01AB, 0x01AD, 0x01AE,
    0x01B0, 0x01B2, 0x01B3, 0x0175, 0x0156, 0x0137, 0x0118, 0x0118, 0x00F9, 0x00FA, 0x00FA, 0x00DB, 0x00DB, 0x00BB, 0x00BC, 0x00BC,
    0x09C2, 0x01C2, 0x01C3, 0x01C3, 0x01C3, 0x01C4, 0x01C4, 0x01C5, 0x01C6, 0x01C7, 0x01C8, 0x01E9, 0x01EA, 0x01EB, 0x01ED, 0x020E,
    0x0210, 0x0212, 0x0213, 0x01F5, 0x01D6, 0x01B7, 0x0198, 0x0158, 0x0139, 0x013A, 0x013A, 0x011B, 0x011B, 0x00FB, 0x00FC, 0x00FC,
    0x0202, 0x0222, 0x0222, 0x0202, 0x0203, 0x0223, 0x0224, 0x0224, 0x0226, 0x0207, 0x0228, 0x0229, 0x022A, 0x022C, 0x024D, 0x024E,
    0x0250, 0x0251, 0x0253, 0x0254, 0x0236, 0x0237, 0x01F8, 0x01D8, 0x01B9, 0x019A, 0x017A, 0x015B, 0x015B, 0x013B, 0x013C, 0x013C,
    0x0281, 0x0281, 0x0281, 0x0282, 0x0262, 0x0283, 0x0283, 0x0284, 0x0286, 0x0287, 0x02A8, 0x02A9, 0x028B, 0x028C, 0x028D, 0x02AF,
    0x02B0, 0x02B2, 0x02B3, 0x02B4, 0x0296, 0x0297, 0x0278, 0x0259, 0x0239, 0x01FA, 0x01DA, 0x01BB, 0x019B, 0x019B, 0x017C, 0x017C,
    0x0320, 0x0300, 0x0300, 0x0300, 0x0301, 0x0322, 0x0322, 0x0304, 0x0305, 0x0307, 0x0329, 0x032A, 0x030B, 0x030D, 0x030E, 0x0330,
    0x0331, 0x0312, 0x0314, 0x0315, 0x02F6, 0x02F7, 0x02D8, 0x02B9, 0x0299, 0x029A, 0x027A, 0x023B, 0x021B, 0x01FB, 0x01DC, 0x01DC,
    0x0380, 0x0380, 0x0380, 0x0380, 0x0360, 0x0380, 0x0381, 0x0382, 0x0384, 0x0387, 0x0388, 0x038A, 0x038C, 0x038D, 0x038E, 0x0390,
    0x0391, 0x0393, 0x0374, 0x0375, 0x0356, 0x0357, 0x0338, 0x0319, 0x02F9, 0x02DA, 0x02BA, 0x02BB, 0x029B, 0x027B, 0x025C, 0x023C,
    0x0400, 0x0400, 0x03E0, 0x03E0, 0x03E0, 0x0400, 0x0400, 0x0401, 0x0403, 0x0405, 0x0408, 0x040A, 0x040C, 0x040D, 0x03EF, 0x03F0,
    0x03F1, 0x03F3, 0x03D4, 0x03D5, 0x03B6, 0x03B7, 0x0398, 0x0378, 0x0359, 0x033A, 0x031A, 0x02FB, 0x02DB, 0x02BB, 0x02BC, 0x029C,
    0x0480, 0x0480, 0x0460, 0x0460, 0x0460, 0x0480, 0x0480, 0x0480, 0x0481, 0x0484, 0x0487, 0x0489, 0x048B, 0x046D, 0x046F, 0x0470,
    0x0472, 0x0453, 0x0454, 0x0435, 0x0416, 0x0417, 0x03F8, 0x03D8, 0x03B9, 0x039A, 0x037A, 0x035A, 0x033B, 0x031B, 0x031C, 0x02FC,
    0x0500, 0x04E0, 0x04E0, 0x04E0, 0x04E0, 0x0500, 0x04E0, 0x04E0, 0x04E0, 0x04E2, 0x0506, 0x0508, 0x050B, 0x04ED, 0x04EF, 0x04F0,
    0x04F2, 0x04D3, 0x04B4, 0x0495, 0x0496, 0x0477, 0x0458, 0x0438, 0x0419, 0x03D9, 0x03BA, 0x03BA, 0x039B, 0x037B, 0x035B, 0x035C,
    0x0560, 0x0540, 0x0540, 0x0540, 0x0540, 0x0560, 0x0560, 0x0540, 0x0540, 0x0541, 0x0564, 0x0568, 0x056A, 0x054C, 0x054E, 0x0570,
    0x0572, 0x0553, 0x0534, 0x0515, 0x04F6, 0x04D7, 0x04B8, 0x0498, 0x0479, 0x0459, 0x041A, 0x03FA, 0x03DB, 0x03BB, 0x039C, 0x039C,
    0x05E0, 0x05E0, 0x05C0, 0x05C0, 0x05C0, 0x05E0, 0x05E0, 0x05E0, 0x05C0, 0x05E0, 0x05E4, 0x05E8, 0x05EA, 0x05CC, 0x05CE, 0x05F0,
    0x05F2, 0x05D3, 0x05D5, 0x05B6, 0x0576, 0x0557, 0x0538, 0x04F8, 0x04D9, 0x04BA, 0x049A, 0x045A, 0x043B, 0x041B, 0x041C, 0x03FC,
    0x0640, 0x0620, 0x0620, 0x0620, 0x0620, 0x0640, 0x0640, 0x0620, 0x0620, 0x0620, 0x0644, 0x0647, 0x062A, 0x062C, 0x062E, 0x0630,
    0x0632, 0x0633, 0x0635, 0x0616, 0x05F7, 0x05D7, 0x0598, 0x0558, 0x0539, 0x0519, 0x04FA, 0x04BA, 0x049B, 0x047B, 0x047B, 0x045C,
    0x0660, 0x0660, 0x0660, 0x0660, 0x0660, 0x0660, 0x0660, 0x0660, 0x0660, 0x0660, 0x0663, 0x0667, 0x0669, 0x066C, 0x066E, 0x0670,
    0x0671, 0x0673, 0x0674, 0x0655, 0x0656, 0x0637, 0x05F8, 0x05B8, 0x0599, 0x0559, 0x055A, 0x051A, 0x04FB, 0x04DB, 0x04BB, 0x049C,
    0x06A0, 0x0680, 0x0680, 0x06A0, 0x0680, 0x06A0, 0x06A0, 0x06A0, 0x0680, 0x0680, 0x06A3, 0x06A7, 0x06A9, 0x06AB, 0x06AD, 0x06AF,
    0x06B1, 0x06B2, 0x06B4, 0x0695, 0x0696, 0x0697, 0x0678, 0x0618, 0x05F9, 0x05D9, 0x059A, 0x057A, 0x055A, 0x053B, 0x051B, 0x04FC,
    0x06C0, 0x06C0, 0x06C0, 0x06C0, 0x06C0, 0x06C0, 0x06C0, 0x06C0, 0x06C0, 0x06C0, 0x06C4, 0x06C7, 0x06C9, 0x06CB, 0x06CD, 0x06CF,
    0x06D1, 0x06D2, 0x06D3, 0x06D4, 0x06B6, 0x06B7, 0x06B8, 0x0678, 0x0659, 0x0639, 0x05FA, 0x05DA, 0x059A, 0x057B, 0x055B, 0x055B,
    0x06E0, 0x06E0, 0x06E0, 0x06E0, 0x06E0, 0x06E0, 0x06E0, 0x06E0, 0x06E0, 0x06E0, 0x06E4, 0x06E7, 0x06E9, 0x06EB, 0x06ED, 0x06EF,
    0x06F1, 0x06F2, 0x06D3, 0x06D4, 0x06D5, 0x06D6, 0x06D7, 0x06B8, 0x0699, 0x0679, 0x065A, 0x061A, 0x05FA, 0x05DB, 0x05BB, 0x05BB,
    0x0700, 0x0700, 0x0700, 0x0700, 0x0700, 0x0700, 0x0700, 0x0700, 0x0700, 0x0701, 0x0705, 0x0708, 0x070A, 0x070C, 0x06EE, 0x0710,
    0x06F1, 0x06F2, 0x06F3, 0x06F4, 0x06F5, 0x06F6, 0x06F7, 0x06F8, 0x06D9, 0x06B9, 0x069A, 0x067A, 0x065A, 0x063B, 0x061B, 0x061B,
    0x0720, 0x0720, 0x0720, 0x0720, 0x0720, 0x0720, 0x0720, 0x0720, 0x0720, 0x0723, 0x0726, 0x0729, 0x072B, 0x072D, 0x070F, 0x0711,
    0x0712, 0x0712, 0x0714, 0x0715, 0x0716, 0x0716, 0x0717, 0x0718, 0x0719, 0x0719, 0x06FA, 0x06BA, 0x069A, 0x069B, 0x067B, 0x065B,
    0x0740, 0x0740, 0x0740, 0x0740, 0x0740, 0x0740, 0x0740, 0x0740, 0x0740, 0x0744, 0x0746, 0x0749, 0x072B, 0x072D, 0x072F, 0x0731,
    0x0732, 0x0733, 0x0733, 0x0734, 0x0735, 0x0736, 0x1717, 0x1F18, 0x1718, 0x0F39, 0x0719, 0x06FA, 0x06DA, 0x06BA, 0x069B, 0x069B,
    0x0740, 0x0740, 0x0740, 0x0740, 0x0740, 0x0740, 0x0740, 0x0740, 0x0740, 0x0744, 0x0747, 0x0749, 0x074B, 0x074D, 0x074F, 0x0751,
    0x0F52, 0x1F33, 0x1F34, 0x2735, 0x2F35, 0x3736, 0x3F37, 0x4737, 0x4738, 0x4739, 0x3F39, 0x371A, 0x2F1A, 0x26FA, 0x26DB, 0x26DB,
    0x0760, 0x0760, 0x0760, 0x0760, 0x0760, 0x0760, 0x0760, 0x0760, 0x0761, 0x0765, 0x0768, 0x076A, 0x076C, 0x074D, 0x074F, 0x0751,
    0x1F52, 0x3753, 0x3F54, 0x4755, 0x4F55, 0x5736, 0x5737, 0x5F37, 0x6738, 0x6739, 0x6739, 0x5F3A, 0x4F3A, 0x4F1A, 0x471B, 0x46FB,
    0x0760, 0x0760, 0x0760, 0x0760, 0x0760, 0x0760, 0x0760, 0x0780, 0x0783, 0x0766, 0x0768, 0x076A, 0x076C, 0x076E, 0x076F, 0x1771,
    0x3752, 0x4F54, 0x5755, 0x5F55, 0x6756, 0x6F56, 0x6F57, 0x6F57, 0x7758, 0x7759, 0x7759, 0x775A, 0x6F5A, 0x6F3A, 0x673B, 0x671B,
    0x0780, 0x0780, 0x0780, 0x0780, 0x0780, 0x0780, 0x0780, 0x0781, 0x0784, 0x0786, 0x0789, 0x076B, 0x076C, 0x076E, 0x078F, 0x2771,
    0x4773, 0x5F74, 0x6F55, 0x6F56, 0x7756, 0x7756, 0x7F57, 0x7F57, 0x7F58, 0x7F58, 0x8759, 0x8759, 0x875A, 0x7F5A, 0x7F3A, 0x7F3B,
    0x08A3, 0x08A3, 0x08A3, 0x08A3, 0x08A3, 0x08A4, 0x08A4, 0x08A4, 0x08A5, 0x08A6, 0x0887, 0x0088, 0x0089, 0x008B, 0x006C, 0x004E,
    0x0050, 0x0032, 0x0013, 0x0015, 0x0016, 0x0017, 0x0018, 0x0019, 0x0019, 0x001A, 0x001A, 0x001B, 0x001B, 0x001C, 0x001C, 0x001C,
    0x10A3, 0x08A3, 0x10A3, 0x10A3, 0x08A3, 0x08A4, 0x08A4, 0x08A4, 0x08A5, 0x08A6, 0x0887, 0x0088, 0x0089, 0x008B, 0x008C, 0x006E,
    0x0050, 0x0032, 0x0013, 0x0015, 0x0016, 0x0017, 0x0018, 0x0019, 0x0019, 0x001A, 0x001A, 0x001B, 0x001B, 0x001C, 0x001C, 0x001C,
    0x10A3, 0x08A3, 0x08A3, 0x10A3, 0x10A3, 0x08A4, 0x08A4, 0x08A4, 0x08A5, 0x08A6, 0x00A7, 0x00A8, 0x0089, 0x008B, 0x008C, 0x006E,
    0x0050, 0x0052, 0x0033, 0x0015, 0x0016, 0x0017, 0x0018, 0x0019, 0x0019, 0x001A, 0x001A, 0x001B, 0x001B, 0x001C, 0x001C, 0x001C,
    0x10A3, 0x08A3, 0x08A3, 0x10A3, 0x08A3, 0x08A4, 0x08A4, 0x08A5, 0x08A5, 0x00A6, 0x00A7, 0x00A8, 0x00A9, 0x00AB, 0x008C, 0x008E,
    0x0070, 0x0052, 0x0033, 0x0035, 0x0016, 0x0017, 0x0018, 0x0019, 0x0019, 0x001A, 0x001A, 0x001B, 0x001B, 0x001C, 0x001C, 0x001C,
    0x08C3, 0x08C3, 0x08C3, 0x08C3, 0x08C3, 0x08C4, 0x08C4, 0x08C5, 0x08C5, 0x00C6, 0x00C7, 0x00C8, 0x00A9, 0x00AB, 0x00AC, 0x008E,
    0x0090, 0x0072, 0x0073, 0x0054, 0x0036, 0x0017, 0x0018, 0x0019, 0x0019, 0x001A, 0x001A, 0x001B, 0x001B, 0x001C, 0x001C, 0x001C,
    0x10E3, 0x08C3, 0x08C3, 0x08C3, 0x08E3, 0x08E4, 0x08E4, 0x08E4, 0x08C5, 0x00C6, 0x00C7, 0x00C8, 0x00C9, 0x00CB, 0x00CC, 0x00AE,
    0x00B0, 0x0092, 0x0093, 0x0074, 0x0056, 0x0037, 0x0018, 0x0019, 0x0019, 0x001A, 0x001A, 0x001B, 0x001B, 0x001C, 0x001C, 0x001C,
    0x10E2, 0x08E2, 0x0903, 0x0903, 0x0903, 0x0904, 0x0904, 0x0905, 0x0105, 0x0106, 0x0107, 0x0108, 0x00EA, 0x00EB, 0x00ED, 0x00EE,
    0x00D0, 0x00D2, 0x00B3, 0x00B5, 0x0096, 0x0077, 0x0058, 0x0039, 0x0039, 0x003A, 0x001A, 0x001B, 0x001B, 0x001C, 0x001C, 0x001C,
    0x0922, 0x0922, 0x0923, 0x0923, 0x0923, 0x0924, 0x0924, 0x0125, 0x0125, 0x0126, 0x0127, 0x0128, 0x012A, 0x012B, 0x012D, 0x012F,
    0x0110, 0x00F2, 0x00F3, 0x00D5, 0x00D6, 0x00B7, 0x0098, 0x0099, 0x0079, 0x005A, 0x005A, 0x003B, 0x003B, 0x003C, 0x001C, 0x001C,
    0x0942, 0x0942, 0x0943, 0x0943, 0x0943, 0x0144, 0x0144, 0x0145, 0x0145, 0x0146, 0x0147, 0x0168, 0x016A, 0x016B, 0x016D, 0x016F,
    0x0150, 0x0152, 0x0133, 0x0115, 0x00F6, 0x00F7, 0x00D8, 0x00D9, 0x00B9, 0x00BA, 0x009A, 0x009B, 0x007B, 0x007B, 0x005C, 0x005C,
    0x0982, 0x0962, 0x0983, 0x0983, 0x0183, 0x0184, 0x0184, 0x0185, 0x0185, 0x0186, 0x0187, 0x0188, 0x01AA, 0x01AB, 0x01AD, 0x01AE,
    0x01B0, 0x01B2, 0x0193, 0x0175, 0x0156, 0x0137, 0x0118, 0x0119, 0x00F9, 0x00FA, 0x00FA, 0x00DB, 0x00DB, 0x00BC, 0x009C, 0x00BC,
    0x09C2, 0x09C2, 0x09C2, 0x01C3, 0x01C3, 0x01C3, 0x01C4, 0x01C5, 0x01C5, 0x01C7, 0x01C8, 0x01E9, 0x01EA, 0x01EB, 0x01ED, 0x020E,
    0x0210, 0x0212, 0x01F3, 0x01F5, 0x01D6, 0x01B7, 0x0198, 0x0159, 0x0139, 0x013A, 0x013A, 0x011B, 0x011B, 0x00FB, 0x00FC, 0x00FC,
    0x0A02, 0x0A22, 0x0202, 0x0202, 0x0203, 0x0223, 0x0224, 0x0224, 0x0226, 0x0227, 0x0228, 0x0229, 0x022A, 0x022C, 0x024D, 0x024E,
    0x0250, 0x0252, 0x0253, 0x0254, 0x0236, 0x0217, 0x01F8, 0x01D8, 0x01B9, 0x017A, 0x017A, 0x015B, 0x015B, 0x013B, 0x013C, 0x013C,
    0x0281, 0x0281, 0x0281, 0x0282, 0x0282, 0x0283, 0x0283, 0x0284, 0x0285, 0x0287, 0x02A8, 0x02A9, 0x02AB, 0x028C, 0x02AD, 0x02AF,
    0x02B1, 0x02B2, 0x02B3, 0x02B4, 0x0296, 0x0297, 0x0278, 0x0258, 0x0219, 0x01FA, 0x01DA, 0x01BB, 0x019B, 0x019B, 0x017C, 0x017C,
    0x0320, 0x0300, 0x0300, 0x0300, 0x0301, 0x0322, 0x0322, 0x0324, 0x0305, 0x0307, 0x0329, 0x032A, 0x030B, 0x030D, 0x030E, 0x0330,
    0x0331, 0x0312, 0x0314, 0x0315, 0x02F6, 0x02F7, 0x02D8, 0x02B9, 0x0299, 0x029A, 0x025A, 0x023B, 0x021B, 0x01FB, 0x01DC, 0x01DC,
    0x0380, 0x0380, 0x0360, 0x0360, 0x0380, 0x0380, 0x0381, 0x0382, 0x0384, 0x0386, 0x0388, 0x038A, 0x038C, 0x038D, 0x038E, 0x0390,
    0x0391, 0x0393, 0x0374, 0x0375, 0x0356, 0x0357, 0x0338, 0x0318, 0x02F9, 0x02DA, 0x02BA, 0x02BB, 0x029B, 0x027B, 0x025C, 0x023C,
    0x0400, 0x0400, 0x03E0, 0x03E0, 0x03E0, 0x0400, 0x0400, 0x0401, 0x0403, 0x0405, 0x0408, 0x040A, 0x040C, 0x040D, 0x03EF, 0x0410,
    0x03F1, 0x03F3, 0x03D4, 0x03D5, 0x03B6, 0x03B7, 0x0398, 0x0378, 0x0359, 0x033A, 0x031A, 0x02FB, 0x02DB, 0x02DB, 0x02BC, 0x02BC,
    0x0480, 0x0480, 0x0460, 0x0460, 0x0460, 0x0480, 0x0480, 0x0480, 0x0481, 0x0484, 0x0487, 0x0489, 0x048B, 0x048D, 0x046F, 0x0490,
    0x0472, 0x0473, 0x0454, 0x0435, 0x0436, 0x0417, 0x03F8, 0x03D8, 0x03B9, 0x0399, 0x037A, 0x035A, 0x033B, 0x031B, 0x031C, 0x02FC,
    0x0500, 0x04E0, 0x04E0, 0x04E0, 0x04E0, 0x0500, 0x0500, 0x04E0, 0x04E0, 0x04E2, 0x0506, 0x0508, 0x050B, 0x050D, 0x050F, 0x0511,
    0x04F2, 0x04D3, 0x04D4, 0x04B5, 0x0496, 0x0477, 0x0458, 0x0438, 0x03F9, 0x03D9, 0x03BA, 0x03BA, 0x039B, 0x037B, 0x035B, 0x035C,
    0x0560, 0x0560, 0x0540, 0x0540, 0x0540, 0x0560, 0x0560, 0x0540, 0x0540, 0x0541, 0x0564, 0x0567, 0x056A, 0x056C, 0x054E, 0x0570,
    0x0572, 0x0553, 0x0534, 0x0515, 0x04F6, 0x04D7, 0x04B8, 0x0478, 0x0459, 0x043A, 0x041A, 0x03FA, 0x03DB, 0x03BB, 0x03BC, 0x039C,
    0x05E0, 0x05E0, 0x05C0, 0x05C0, 0x05C0, 0x05E0, 0x05E0, 0x05E0, 0x05C0, 0x05C0, 0x05E4, 0x05E7, 0x05EA, 0x05EC, 0x05EE, 0x05F0,
    0x05F2, 0x05D3, 0x05D5, 0x05B6, 0x0596, 0x0557, 0x0538, 0x04F9, 0x04D9, 0x04BA, 0x049A, 0x045A, 0x043B, 0x041B, 0x041C, 0x03FC,
    0x0640, 0x0620, 0x0620, 0x0620, 0x0620, 0x0640, 0x0640, 0x0620, 0x0620, 0x0620, 0x0644, 0x0647, 0x062A, 0x062C, 0x062E, 0x0630,
    0x0632, 0x0633, 0x0635, 0x0616, 0x05F7, 0x05D7, 0x0598, 0x0559, 0x0539, 0x0519, 0x04FA, 0x04BA, 0x049B, 0x047B, 0x047B, 0x045C,
    0x0660, 0x0660, 0x0660, 0x0660, 0x0660, 0x0660, 0x0660, 0x0660, 0x0660, 0x0660, 0x0664, 0x0667, 0x0669, 0x066C, 0x066E, 0x0670,
    0x0671, 0x0673, 0x0674, 0x0656, 0x0656, 0x0637, 0x05F8, 0x05D8, 0x0599, 0x0579, 0x055A, 0x051A, 0x04FB, 0x04DB, 0x04BB, 0x049C,
    0x06A0, 0x0680, 0x0680, 0x06A0, 0x06A0, 0x06A0, 0x06A0, 0x0680, 0x0680, 0x0680, 0x06A3, 0x06A6, 0x06A9, 0x06AB, 0x06AD, 0x06AF,
    0x06B1, 0x06B2, 0x0694, 0x0695, 0x0696, 0x0677, 0x0658, 0x0638, 0x05F9, 0x05B9, 0x059A, 0x057A, 0x055A, 0x053B, 0x051B, 0x04FC,
    0x06C0, 0x06C0, 0x06C0, 0x06C0, 0x06C0, 0x06C0, 0x06C0, 0x06C0, 0x06C0, 0x06C0, 0x06C4, 0x06C7, 0x06C9, 0x06CB, 0x06CD, 0x06CF,
    0x06D1, 0x06D2, 0x06B3, 0x06B4, 0x06B6, 0x06B7, 0x06B8, 0x0678, 0x0659, 0x0619, 0x05FA, 0x05DA, 0x059A, 0x057B, 0x055B, 0x055B,
    0x06E0, 0x06E0, 0x06E0, 0x06E0, 0x06E0, 0x06E0, 0x06E0, 0x06E0, 0x06E0, 0x06E0, 0x06E4, 0x06E7, 0x06E9, 0x06EB, 0x06ED, 0x06EF,
    0x06F1, 0x06F2, 0x06D3, 0x06D4, 0x06D5, 0x06D6, 0x06D7, 0x06D8, 0x0699, 0x0679, 0x065A, 0x061A, 0x05FA, 0x05DB, 0x05BB, 0x05BB,
    0x0700, 0x0700, 0x0700, 0x0700, 0x0700, 0x0700, 0x0700, 0x0700, 0x0700, 0x0701, 0x0705, 0x0708, 0x070A, 0x070C, 0x070E, 0x0710,
    0x0711, 0x06F2, 0x06F3, 0x06F4, 0x06F5, 0x06F6, 0x06F7, 0x06F8, 0x06D9, 0x06B9, 0x069A, 0x067A, 0x065A, 0x063B, 0x061B, 0x061B,
    0x0720, 0x0720, 0x0720, 0x0720, 0x0720, 0x0720, 0x0720, 0x0720, 0x0720, 0x0723, 0x0726, 0x0729, 0x072B, 0x072D, 0x070F, 0x0711,
    0x0712, 0x0713, 0x0714, 0x0715, 0x0716, 0x0716, 0x0717, 0x0718, 0x0719, 0x06F9, 0x06F9, 0x06BA, 0x069A, 0x069B, 0x065B, 0x065B,
    0x0740, 0x0740, 0x0740, 0x0740, 0x0740, 0x0740, 0x0740, 0x0740, 0x0740, 0x0744, 0x0747, 0x0749, 0x072B, 0x072D, 0x072F, 0x0731,
    0x0732, 0x0733, 0x0734, 0x0734, 0x0F35, 0x1736, 0x1F17, 0x2718, 0x2718, 0x1719, 0x0719, 0x06FA, 0x06DA, 0x06BA, 0x06BB, 0x069B,
    0x0740, 0x0760, 0x0760, 0x0740, 0x0740, 0x0740, 0x0740, 0x0740, 0x0740, 0x0764, 0x0747, 0x0749, 0x074B, 0x074D, 0x074F, 0x0751,
    0x0F52, 0x2733, 0x2734, 0x2F35, 0x3735, 0x3F36, 0x3F37, 0x4738, 0x4F38, 0x4739, 0x3F39, 0x371A, 0x2F1A, 0x26FA, 0x26DB, 0x26DB,
    0x0760, 0x0760, 0x0760, 0x0760, 0x0760, 0x0760, 0x0760, 0x0760, 0x0761, 0x0765, 0x0768, 0x076A, 0x076C, 0x074D, 0x074F, 0x0F51,
    0x2752, 0x3F53, 0x4754, 0x4F55, 0x5736, 0x5736, 0x5F37, 0x5F38, 0x6738, 0x6739, 0x6739, 0x5F3A, 0x573A, 0x4F1A, 0x4F1B, 0x4EFB,
    0x0780, 0x0760, 0x0760, 0x0760, 0x0760, 0x0760, 0x0760, 0x0780, 0x0763, 0x0766, 0x0768, 0x076A, 0x076C, 0x076E, 0x076F, 0x1F71,
    0x3F52, 0x4F54, 0x5F55, 0x6755, 0x6756, 0x6F56, 0x6F57, 0x6F57, 0x7758, 0x7759, 0x7F59, 0x773A, 0x6F3A, 0x6F3A, 0x673B, 0x6F1B,
    0x0780, 0x0780, 0x0780, 0x0780, 0x0780, 0x0780, 0x0780, 0x0781, 0x0784, 0x0787, 0x0789, 0x078B, 0x076C, 0x076E, 0x0770, 0x2771,
    0x4773, 0x5F74, 0x6F55, 0x7756, 0x7756, 0x7F56, 0x7F57, 0x7F57, 0x7F58, 0x8759, 0x8759, 0x8759, 0x875A, 0x7F5A, 0x7F5B, 0x7F3B,
    0x08A3, 0x10A3, 0x10A3, 0x10A3, 0x08A3, 0x10A4, 0x10A4, 0x08A5, 0x0885, 0x0886, 0x0887, 0x0888, 0x0089, 0x006B, 0x006C, 0x004E,
    0x0030, 0x0012, 0x0013, 0x0015, 0x0016, 0x0017, 0x0018, 0x0019, 0x0019, 0x001A, 0x001A, 0x001B, 0x001B, 0x001C, 0x001C, 0x001C,
    0x10A3, 0x10A3, 0x10A3, 0x10A3, 0x10A3, 0x10A4, 0x10A4, 0x08A5, 0x08A5, 0x08A6, 0x0887, 0x0888, 0x0089, 0x008B, 0x006C, 0x006E,
    0x0050, 0x0032, 0x0013, 0x0015, 0x0016, 0x0017, 0x0018, 0x0019, 0x0019, 0x001A, 0x001B, 0x001B, 0x001B, 0x001C, 0x001C, 0x001C,
    0x10A3, 0x10A3, 0x10A3, 0x10A3, 0x10A3, 0x10A4, 0x10A4, 0x08A5, 0x08A5, 0x08A6, 0x08A7, 0x00A8, 0x0089, 0x008B, 0x008C, 0x006E,
    0x0050, 0x0032, 0x0013, 0x0015, 0x0016, 0x0017, 0x0018, 0x0019, 0x0019, 0x001A, 0x001A, 0x001B, 0x001B, 0x001B, 0x001C, 0x001C,
    0x10A3, 0x10A3, 0x10A3, 0x10A3, 0x10A3, 0x10A4, 0x10A4, 0x08A5, 0x08A5, 0x08A6, 0x00A7, 0x00A8, 0x00A9, 0x00AB, 0x008C, 0x008E,
    0x0070, 0x0052, 0x0033, 0x0015, 0x0016, 0x0017, 0x0018, 0x0019, 0x0019, 0x001A, 0x001A, 0x001B, 0x001B, 0x001B, 0x001C, 0x001C,
    0x10C3, 0x10C3, 0x10C3, 0x10C3, 0x10C3, 0x10C4, 0x08C4, 0x08C5, 0x08C5, 0x08C6, 0x00C7, 0x00C8, 0x00A9, 0x00AB, 0x00AC, 0x008E,
    0x0090, 0x0072, 0x0053, 0x0034, 0x0016, 0x0017, 0x0018, 0x0019, 0x0019, 0x001A, 0x001A, 0x001B, 0x001B, 0x001B, 0x001C, 0x001C,
    0x10E3, 0x10C3, 0x10C3, 0x10E3, 0x10E3, 0x10E4, 0x08E4, 0x08E4, 0x08E5, 0x08C6, 0x00C7, 0x00C8, 0x00C9, 0x00CB, 0x00CC, 0x00AE,
    0x00B0, 0x0092, 0x0093, 0x0075, 0x0056, 0x0037, 0x0018, 0x0019, 0x0019, 0x001A, 0x001A, 0x001B, 0x001B, 0x001C, 0x001C, 0x001C,
    0x10E2, 0x10E3, 0x1103, 0x1103, 0x1103, 0x0904, 0x0904, 0x0905, 0x0905, 0x0106, 0x0107, 0x0108, 0x00EA, 0x00EB, 0x00ED, 0x00EE,
    0x00D0, 0x00D2, 0x00B3, 0x0095, 0x0096, 0x0077, 0x0058, 0x0039, 0x0039, 0x001A, 0x001A, 0x001B, 0x001B, 0x001C, 0x001C, 0x001C,
    0x1122, 0x1122, 0x1123, 0x1123, 0x0923, 0x0924, 0x0924, 0x0925, 0x0125, 0x0126, 0x0127, 0x0128, 0x012A, 0x012B, 0x010D, 0x010F,
    0x0110, 0x00F2, 0x00F3, 0x00D5, 0x00B6, 0x00B7, 0x0098, 0x0079, 0x0079, 0x005A, 0x005A, 0x003B, 0x003B, 0x001C, 0x001C, 0x001C,
    0x1142, 0x1142, 0x1143, 0x0943, 0x0943, 0x0944, 0x0944, 0x0145, 0x0145, 0x0146, 0x0167, 0x0168, 0x016A, 0x016B, 0x016D, 0x016F,
    0x0150, 0x0132, 0x0134, 0x0115, 0x00F6, 0x00F7, 0x00D8, 0x00D9, 0x00B9, 0x00BA, 0x009A, 0x009B, 0x007B, 0x007C, 0x005C, 0x005C,
    0x1182, 0x1162, 0x1163, 0x0963, 0x0983, 0x0184, 0x0184, 0x0185, 0x0186, 0x0186, 0x0187, 0x0188, 0x01AA, 0x01AB, 0x01AD, 0x01AE,
    0x01B0, 0x0192, 0x0194, 0x0155, 0x0136, 0x0117, 0x0118, 0x0119, 0x00F9, 0x00FA, 0x00DA, 0x00DB, 0x00BB, 0x00BC, 0x009C, 0x009C,
    0x11C2, 0x11C2, 0x09C2, 0x09C3, 0x01C3, 0x01C3, 0x01C4, 0x01C5, 0x01C6, 0x01C7, 0x01C8, 0x01E9, 0x01EA, 0x01EB, 0x01ED, 0x020E,
    0x0210, 0x0212, 0x01F3, 0x01D5, 0x01B6, 0x0197, 0x0178, 0x0159, 0x0139, 0x013A, 0x011A, 0x011B, 0x011B, 0x00FC, 0x00FC, 0x00FC,
    0x1201, 0x0A02, 0x0A02, 0x0A02, 0x0203, 0x0223, 0x0224, 0x0224, 0x0226, 0x0227, 0x0228, 0x0229, 0x022A, 0x022C, 0x024D, 0x024E,
    0x0250, 0x0252, 0x0253, 0x0234, 0x0236, 0x0217, 0x01F8, 0x01D9, 0x0199, 0x017A, 0x015A, 0x015B, 0x015B, 0x013B, 0x013C, 0x013C,
    0x0A81, 0x0A81, 0x0A81, 0x0282, 0x0282, 0x0282, 0x0283, 0x0284, 0x02A5, 0x0287, 0x02A8, 0x02A9, 0x02AB, 0x02AC, 0x02AD, 0x02AF,
    0x02B1, 0x02B2, 0x02B3, 0x0294, 0x0296, 0x0277, 0x0258, 0x0239, 0x0219, 0x01FA, 0x01BA, 0x01BB, 0x019B, 0x017B, 0x017C, 0x017C,
    0x0B20, 0x0300, 0x0300, 0x0300, 0x0301, 0x0321, 0x0322, 0x0323, 0x0325, 0x0327, 0x0329, 0x032A, 0x030B, 0x030D, 0x032E, 0x0330,
    0x0331, 0x0312, 0x0314, 0x0315, 0x02F6, 0x02F7, 0x02D8, 0x02B9, 0x0299, 0x027A, 0x025A, 0x023B, 0x01FB, 0x01FB, 0x01DC, 0x01DC,
    0x0380, 0x0380, 0x0360, 0x0360, 0x0380, 0x03A0, 0x0381, 0x0382, 0x0384, 0x0386, 0x03A8, 0x038A, 0x038C, 0x038D, 0x038E, 0x0390,
    0x0391, 0x0393, 0x0374, 0x0375, 0x0356, 0x0337, 0x0338, 0x0318, 0x02F9, 0x02DA, 0x02BA, 0x029B, 0x027B, 0x027B, 0x025C, 0x023C,
    0x0400, 0x0400, 0x03E0, 0x03E0, 0x0400, 0x0400, 0x0400, 0x0401, 0x0403, 0x0405, 0x0408, 0x040A, 0x040C, 0x040D, 0x03EF, 0x0410,
    0x0411, 0x03F3, 0x03D4, 0x03D5, 0x03B6, 0x03B7, 0x0398, 0x0378, 0x0359, 0x033A, 0x031A, 0x02FB, 0x02DB, 0x02DB, 0x02BC, 0x02BC,
    0x0480, 0x0480, 0x0460, 0x0460, 0x0460, 0x0480, 0x0480, 0x0480, 0x0481, 0x0484, 0x0487, 0x0489, 0x048B, 0x048D, 0x046F, 0x0490,
    0x0492, 0x0473, 0x0454, 0x0435, 0x0436, 0x0417, 0x03F8, 0x03D8, 0x0399, 0x0399, 0x037A, 0x035B, 0x033B, 0x031B, 0x031C, 0x031C,
    0x0500, 0x0500, 0x04E0, 0x04E0, 0x04E0, 0x0500, 0x0500, 0x04E0, 0x04E0, 0x04E2, 0x0506, 0x0508, 0x050B, 0x050D, 0x050F, 0x0511,
    0x04F2, 0x04F3, 0x04D4, 0x04B5, 0x0496, 0x0477, 0x0458, 0x0438, 0x03F9, 0x03D9, 0x03DA, 0x03BA, 0x039B, 0x037B, 0x035C, 0x035C,
    0x0560, 0x0560, 0x0540, 0x0540, 0x0540, 0x0560, 0x0560, 0x0560, 0x0540, 0x0541, 0x0564, 0x0567, 0x056A, 0x056C, 0x056E, 0x0570,
    0x0572, 0x0553, 0x0534, 0x0515, 0x04F6, 0x04D7, 0x04B8, 0x0478, 0x0459, 0x043A, 0x041A, 0x03FA, 0x03DB, 0x03BB, 0x03BC, 0x03BC,
    0x05E0, 0x05E0, 0x05E0, 0x05C0, 0x05C0, 0x05E0, 0x05E0, 0x05E0, 0x05C0, 0x05C0, 0x05E4, 0x05E7, 0x05EA, 0x05EC, 0x05EE, 0x05F0,
    0x05F2, 0x05F3, 0x05D5, 0x05B5, 0x0576, 0x0557, 0x0538, 0x04F9, 0x04D9, 0x04BA, 0x049A, 0x047A, 0x043B, 0x041B, 0x041C, 0x041C,
    0x0640, 0x0620, 0x0620, 0x0620, 0x0620, 0x0640, 0x0620, 0x0620, 0x0620, 0x0620, 0x0644, 0x0647, 0x062A, 0x062C, 0x062E, 0x0630,
    0x0652, 0x0633, 0x0635, 0x0616, 0x05F6, 0x05D7, 0x0598, 0x0579, 0x0539, 0x0519, 0x04FA, 0x04BA, 0x049B, 0x047B, 0x045C, 0x045C,
    0x0660, 0x0660, 0x0660, 0x0660, 0x0660, 0x0660, 0x0660, 0x0660, 0x0660, 0x0660, 0x0684, 0x0667, 0x0669, 0x066C, 0x066E, 0x0670,
    0x0671, 0x0673, 0x0674, 0x0656, 0x0656, 0x0637, 0x05F8, 0x05D8, 0x0599, 0x0579, 0x055A, 0x051A, 0x04FB, 0x04DB, 0x04BB, 0x049C,
    0x06A0, 0x0680, 0x0680, 0x0680, 0x06A0, 0x06A0, 0x06A0, 0x06A0, 0x06A0, 0x06A0, 0x06A3, 0x06A7, 0x06A9, 0x06AB, 0x06AD, 0x06AF,
    0x06B1, 0x0692, 0x06B4, 0x0695, 0x0696, 0x0677, 0x0658, 0x0639, 0x05F9, 0x05BA, 0x059A, 0x057A, 0x055B, 0x053B, 0x051B, 0x04FC,
    0x06C0, 0x06C0, 0x06C0, 0x06C0, 0x06C0, 0x06C0, 0x06C0, 0x06C0, 0x06C0, 0x06C0, 0x06C4, 0x06C7, 0x06C9, 0x06CB, 0x06CE, 0x06CF,
    0x06D1, 0x06D2, 0x06B3, 0x06B4, 0x06B6, 0x06B7, 0x06B8, 0x0698, 0x0659, 0x0619, 0x05FA, 0x05DA, 0x05BA, 0x057B, 0x055B, 0x055C,
    0x06E0, 0x06E0, 0x06E0, 0x06E0, 0x06E0, 0x06E0, 0x06E0, 0x06E0, 0x06E0, 0x06E0, 0x06E4, 0x06E7, 0x06E9, 0x06EB, 0x06ED, 0x06EF,
    0x06F1, 0x06F2, 0x06D3, 0x06D4, 0x06D5, 0x06D6, 0x06D7, 0x06D8, 0x0699, 0x0679, 0x065A, 0x061A, 0x05FA, 0x05DB, 0x05BB, 0x05BB,
    0x0700, 0x0700, 0x0700, 0x0700, 0x0700, 0x0700, 0x0700, 0x0700, 0x0700, 0x0701, 0x0705, 0x0708, 0x070A, 0x070C, 0x070E, 0x0710,
    0x0711, 0x06F2, 0x06F3, 0x06F4, 0x06F5, 0x06F6, 0x06F7, 0x06F8, 0x06D9, 0x06B9, 0x069A, 0x067A, 0x065A, 0x063B, 0x061B, 0x05FB,
    0x0720, 0x0720, 0x0720, 0x0720, 0x0720, 0x0720, 0x0720, 0x0720, 0x0720, 0x0724, 0x0727, 0x0729, 0x072B, 0x072D, 0x072F, 0x0711,
    0x0712, 0x0713, 0x0714, 0x0715, 0x0716, 0x0716, 0x0717, 0x0718, 0x06F9, 0x06F9, 0x06D9, 0x06BA, 0x06BA, 0x069B, 0x067B, 0x065B,
    0x0740, 0x0740, 0x0740, 0x0740, 0x0740, 0x0740, 0x0740, 0x0740, 0x0740, 0x0744, 0x0747, 0x0749, 0x074B, 0x072D, 0x072F, 0x0731,
    0x0732, 0x0733, 0x0734, 0x0735, 0x1735, 0x2736, 0x2717, 0x2F18, 0x2F18, 0x1F19, 0x0F19, 0x06FA, 0x06DA, 0x06BB, 0x06BB, 0x069B,
    0x0740, 0x0740, 0x0740, 0x0740, 0x0740, 0x0740, 0x0740, 0x0740, 0x0741, 0x0745, 0x0747, 0x0749, 0x074B, 0x074D, 0x074F, 0x0751,
    0x0F32, 0x2733, 0x2734, 0x2F35, 0x3F36, 0x4736, 0x4737, 0x4F38, 0x4F38, 0x4F19, 0x4739, 0x3F1A, 0x371A, 0x2EFB, 0x2EDB, 0x2EDB,
    0x0760, 0x0760, 0x0760, 0x0760, 0x0760, 0x0760, 0x0760, 0x0760, 0x0761, 0x0765, 0x0768, 0x076A, 0x074C, 0x074D, 0x074F, 0x0F51,
    0x2752, 0x4753, 0x4754, 0x4F55, 0x5736, 0x5F36, 0x5F37, 0x6737, 0x6738, 0x6F39, 0x6F39, 0x673A, 0x5F3A, 0x571A, 0x4F1B, 0x56FB,
    0x0780, 0x0760, 0x0760, 0x0760, 0x0760, 0x0760, 0x0780, 0x0761, 0x0763, 0x0766, 0x0768, 0x076A, 0x076C, 0x076E, 0x076F, 0x1F71,
    0x3F53, 0x5754, 0x5F55, 0x6755, 0x6F56, 0x6F56, 0x6F57, 0x7757, 0x7758, 0x7F59, 0x7F59, 0x773A, 0x773A, 0x6F3A, 0x6F3B, 0x6F1B,
    0x0780, 0x0780, 0x0780, 0x0780, 0x0780, 0x0780, 0x0780, 0x0781, 0x0784, 0x0787, 0x0789, 0x078B, 0x078C, 0x076E, 0x0770, 0x2771,
    0x4F73, 0x5F54, 0x6F55, 0x7756, 0x7756, 0x7F56, 0x7F57, 0x7F57, 0x7F58, 0x8758, 0x8759, 0x8759, 0x875A, 0x7F5A, 0x7F5B, 0x7F5A,
    0x10A3, 0x1083, 0x10A3, 0x10A3, 0x10A3, 0x10A4, 0x10A4, 0x10A5, 0x1085, 0x1086, 0x1087, 0x1088, 0x0889, 0x086B, 0x084C, 0x002E,
    0x0010, 0x0012, 0x0013, 0x0015, 0x0016, 0x0017, 0x0018, 0x0019, 0x0019, 0x001A, 0x001A, 0x001B, 0x001B, 0x001C, 0x001C, 0x001C,
    0x10A3, 0x1083, 0x10A3, 0x10A3, 0x10A3, 0x10A4, 0x10A4, 0x10A5, 0x10A5, 0x1086, 0x1087, 0x1088, 0x0889, 0x086B, 0x006C, 0x004E,
    0x0030, 0x0012, 0x0013, 0x0015, 0x0016, 0x0017, 0x0018, 0x0019, 0x0019, 0x001A, 0x001A, 0x001B, 0x001B, 0x001C, 0x001C, 0x001C,
    0x10A3, 0x10A2, 0x10A3, 0x10A3, 0x10A3, 0x10A4, 0x10A4, 0x10A5, 0x10A5, 0x10A6, 0x10A7, 0x0888, 0x0889, 0x008B, 0x006D, 0x006E,
    0x0050, 0x0032, 0x0013, 0x0015, 0x0016, 0x0017, 0x0018, 0x0019, 0x0019, 0x001A, 0x001A, 0x001B, 0x001B, 0x001C, 0x001C, 0x001C,
    0x10A3, 0x10A3, 0x10A3, 0x10A3, 0x10A3, 0x10A4, 0x10A4, 0x10A5, 0x10A5, 0x08A6, 0x08A7, 0x08A8, 0x00AA, 0x00AB, 0x008D, 0x006E,
    0x0070, 0x0051, 0x0033, 0x0014, 0x0016, 0x0017, 0x0018, 0x0019, 0x0019, 0x001A, 0x001A, 0x001B, 0x001B, 0x001B, 0x001C, 0x001C,
    0x10C3, 0x10C3, 0x10C3, 0x10C3, 0x10C3, 0x10C4, 0x10C4, 0x10C5, 0x10A5, 0x08A6, 0x08A7, 0x08A8, 0x00AA, 0x00AB, 0x00AC, 0x008E,
    0x0090, 0x0072, 0x0053, 0x0035, 0x0016, 0x0017, 0x0018, 0x0019, 0x0019, 0x001A, 0x001A, 0x001B, 0x001B, 0x001C, 0x001C, 0x001C,
    0x10E2, 0x10C3, 0x10E3, 0x10E3, 0x10E3, 0x10E4, 0x10E4, 0x10E4, 0x10C5, 0x08C6, 0x00C7, 0x00C8, 0x00C9, 0x00AB, 0x00AC, 0x00AE,
    0x00B0, 0x0092, 0x0073, 0x0054, 0x0036, 0x0017, 0x0018, 0x0019, 0x0019, 0x001A, 0x001A, 0x001B, 0x001B, 0x001C, 0x001C, 0x001C,
    0x10E3, 0x1103, 0x1103, 0x1103, 0x1103, 0x10E4, 0x1104, 0x1105, 0x0905, 0x0906, 0x0107, 0x00E8, 0x00EA, 0x00CB, 0x00ED, 0x00CE,
    0x00D0, 0x00B2, 0x00B3, 0x0095, 0x0076, 0x0057, 0x0038, 0x0039, 0x0039, 0x001A, 0x001A, 0x001B, 0x001B, 0x001C, 0x001C, 0x001C,
    0x1102, 0x1123, 0x1123, 0x1123, 0x1123, 0x1124, 0x1124, 0x1125, 0x0925, 0x0126, 0x0127, 0x0128, 0x012A, 0x010B, 0x010D, 0x010F,
    0x00F0, 0x00F2, 0x00D4, 0x00D5, 0x00B6, 0x0097, 0x0098, 0x0079, 0x007A, 0x005A, 0x003A, 0x003B, 0x003B, 0x001C, 0x001C, 0x001C,
    0x1142, 0x1142, 0x1143, 0x1143, 0x1143, 0x0944, 0x0944, 0x0945, 0x0946, 0x0146, 0x0167, 0x0168, 0x016A, 0x016B, 0x014D, 0x014F,
    0x0130, 0x0132, 0x0114, 0x0115, 0x00F6, 0x00F7, 0x00D8, 0x00D9, 0x00BA, 0x009A, 0x009A, 0x007B, 0x007B, 0x005C, 0x005C, 0x005C,
    0x1183, 0x1183, 0x1163, 0x1163, 0x1163, 0x0984, 0x0184, 0x0185, 0x0186, 0x0186, 0x0187, 0x0189, 0x01AA, 0x01AB, 0x01AD, 0x01AF,
    0x01B0, 0x0192, 0x0173, 0x0155, 0x0136, 0x0137, 0x0118, 0x00F9, 0x00F9, 0x00DA, 0x00DA, 0x00DB, 0x00BB, 0x00BC, 0x00BC, 0x00BC,
    0x19C2, 0x11C2, 0x11C3, 0x11C3, 0x09C3, 0x09C3, 0x01C4, 0x01C5, 0x01C6, 0x01C7, 0x01E8, 0x01E9, 0x01EA, 0x01EB, 0x01ED, 0x01EE,
    0x01F0, 0x01F2, 0x01D3, 0x01D5, 0x01B6, 0x0197, 0x0158, 0x0139, 0x0139, 0x013A, 0x011A, 0x011B, 0x00FB, 0x00FC, 0x00FC, 0x00FC,
    0x1A01, 0x1222, 0x1222, 0x1222, 0x0A03, 0x0223, 0x0224, 0x0224, 0x0225, 0x0227, 0x0228, 0x0229, 0x022A, 0x024C, 0x024D, 0x024F,
    0x0250, 0x0252, 0x0233, 0x0235, 0x0216, 0x01F7, 0x01D8, 0x01B9, 0x0199, 0x017A, 0x017A, 0x015B, 0x013B, 0x013B, 0x013C, 0x013C,
    0x1A81, 0x1281, 0x1281, 0x0A81, 0x0282, 0x0282, 0x0283, 0x0284, 0x0285, 0x02A7, 0x02A8, 0x02A9, 0x02AB, 0x02AC, 0x02AD, 0x02AF,
    0x02B1, 0x02B2, 0x0293, 0x0295, 0x0296, 0x0277, 0x0258, 0x0239, 0x0219, 0x01DA, 0x01BA, 0x01BB, 0x019B, 0x017B, 0x017C, 0x017C,
    0x1320, 0x1300, 0x0B00, 0x0B00, 0x0301, 0x0321, 0x0322, 0x0323, 0x0304, 0x0326, 0x0328, 0x032A, 0x032B, 0x032D, 0x032E, 0x0330,
    0x0331, 0x0313, 0x0314, 0x02F5, 0x02F6, 0x02D7, 0x02D8, 0x02B9, 0x0299, 0x027A, 0x023A, 0x021B, 0x01FB, 0x01DB, 0x01DC, 0x01DC,
    0x0B80, 0x0B80, 0x0380, 0x0360, 0x0380, 0x0380, 0x0381, 0x0382, 0x0384, 0x0386, 0x03A8, 0x03AA, 0x038C, 0x038D, 0x038F, 0x0390,
    0x0391, 0x0392, 0x0374, 0x0375, 0x0356, 0x0337, 0x0338, 0x0318, 0x02F9, 0x02DA, 0x02BA, 0x029B, 0x027B, 0x025B, 0x023C, 0x021C,
    0x0400, 0x0400, 0x0400, 0x0400, 0x0400, 0x0400, 0x0400, 0x0401, 0x0403, 0x0405, 0x0427, 0x0429, 0x040B, 0x040D, 0x03EF, 0x0410,
    0x0412, 0x03F3, 0x03D4, 0x03D5, 0x03B6, 0x0397, 0x0398, 0x0358, 0x0339, 0x033A, 0x031A, 0x02FB, 0x02DB, 0x02BB, 0x02BC, 0x02BC,
    0x0480, 0x0480, 0x0480, 0x0480, 0x0480, 0x0480, 0x0480, 0x0480, 0x0482, 0x0484, 0x04A7, 0x04A9, 0x048B, 0x048D, 0x046F, 0x0491,
    0x0492, 0x0473, 0x0454, 0x0435, 0x0416, 0x0417, 0x03F8, 0x03B8, 0x0399, 0x039A, 0x037A, 0x035B, 0x033B, 0x031B, 0x031C, 0x031C,
    0x0500, 0x0500, 0x04E0, 0x04E0, 0x04E0, 0x0500, 0x0500, 0x0500, 0x04E0, 0x0503, 0x0505, 0x0528, 0x050B, 0x050D, 0x04EF, 0x0511,
    0x0512, 0x04F3, 0x04D4, 0x04B5, 0x0496, 0x0477, 0x0458, 0x0418, 0x03F9, 0x03F9, 0x03DA, 0x039A, 0x037B, 0x037B, 0x035C, 0x035C,
    0x0560, 0x0560, 0x0540, 0x0540, 0x0540, 0x0560, 0x0560, 0x0560, 0x0540, 0x0541, 0x0564, 0x0567, 0x056A, 0x056C, 0x056E, 0x0570,
    0x0572, 0x0553, 0x0534, 0x0515, 0x04F6, 0x04D7, 0x04B8, 0x0478, 0x0459, 0x043A, 0x041A, 0x03FA, 0x03DB, 0x03BB, 0x03BC, 0x039C,
    0x05E0, 0x05E0, 0x05E0, 0x05C0, 0x05E0, 0x05E0, 0x05E0, 0x05E0, 0x05C0, 0x05C0, 0x05E4, 0x05E7, 0x05EA, 0x05EC, 0x05EE, 0x05F0,
    0x05F2, 0x05D4, 0x05D5, 0x0595, 0x0576, 0x0557, 0x0538, 0x04F8, 0x04D9, 0x04B9, 0x049A, 0x047A, 0x043B, 0x041B, 0x041C, 0x03FC,
    0x0620, 0x0620, 0x0620, 0x0620, 0x0620, 0x0640, 0x0620, 0x0620, 0x0620, 0x0620, 0x0644, 0x0647, 0x0629, 0x062C, 0x062E, 0x0630,
    0x0632, 0x0633, 0x0635, 0x0616, 0x05F7, 0x05D7, 0x0598, 0x0558, 0x0539, 0x0519, 0x04FA, 0x04BA, 0x049B, 0x047B, 0x045C, 0x045C,
    0x0660, 0x0660, 0x0660, 0x0660, 0x0660, 0x0660, 0x0660, 0x0660, 0x0660, 0x0660, 0x0664, 0x0667, 0x0669, 0x066C, 0x066E, 0x0670,
    0x0671, 0x0673, 0x0674, 0x0676, 0x0656, 0x0637, 0x05F8, 0x05B8, 0x0599, 0x057A, 0x055A, 0x051A, 0x04FB, 0x04DB, 0x04BC, 0x049C,
    0x0680, 0x06A0, 0x0680, 0x0680, 0x0680, 0x06A0, 0x06A0, 0x06A0, 0x06A0, 0x06A0, 0x06A4, 0x06A7, 0x06A9, 0x06AB, 0x06AD, 0x06AF,
    0x06B1, 0x0692, 0x06B4, 0x06B5, 0x0696, 0x0677, 0x0658, 0x0638, 0x05F9, 0x05DA, 0x05BA, 0x057A, 0x055A, 0x053B, 0x051B, 0x04FC,
    0x06C0, 0x06C0, 0x06C0, 0x06C0, 0x06C0, 0x06C0, 0x06C0, 0x06C0, 0x06C0, 0x06C0, 0x06C4, 0x06C7, 0x06C9, 0x06CB, 0x06CD, 0x06CF,
    0x06D1, 0x06D2, 0x06D3, 0x06D5, 0x06D6, 0x06B7, 0x06B8, 0x0698, 0x0659, 0x0619, 0x05FA, 0x05DA, 0x059A, 0x057B, 0x057B, 0x055C,
    0x06E0, 0x06E0, 0x06E0, 0x06E0, 0x06E0, 0x06E0, 0x06E0, 0x06E0, 0x06E0, 0x06E0, 0x06E4, 0x06E7, 0x06E9, 0x06EB, 0x06ED, 0x06EF,
    0x06F1, 0x06F2, 0x06F3, 0x06F4, 0x06D6, 0x06D7, 0x06D7, 0x06B8, 0x0699, 0x0679, 0x065A, 0x061A, 0x05FA, 0x05DB, 0x05BB, 0x05BC,
    0x0700, 0x0700, 0x0700, 0x0700, 0x0700, 0x0700, 0x0700, 0x0700, 0x0700, 0x0701, 0x0705, 0x0708, 0x070A, 0x070C, 0x070E, 0x0710,
    0x0711, 0x06F2, 0x06F3, 0x06F4, 0x06F6, 0x06F6, 0x06F7, 0x06F8, 0x06D9, 0x06B9, 0x069A, 0x067A, 0x065A, 0x063B, 0x061B, 0x05FB,
    0x0720, 0x0720, 0x0720, 0x0720, 0x0720, 0x0720, 0x0720, 0x0720, 0x0720, 0x0723, 0x0727, 0x0729, 0x072B, 0x072D, 0x072F, 0x0731,
    0x0712, 0x0713, 0x0714, 0x0715, 0x0716, 0x0716, 0x0717, 0x0EF8, 0x0EF9, 0x0EF9, 0x06FA, 0x06DA, 0x06BA, 0x069B, 0x067B, 0x065B,
    0x0740, 0x0740, 0x0740, 0x0740, 0x0740, 0x0740, 0x0740, 0x0740, 0x0741, 0x0744, 0x0747, 0x0729, 0x072B, 0x072D, 0x072F, 0x0731,
    0x0732, 0x0733, 0x0734, 0x1735, 0x2736, 0x2F36, 0x3717, 0x3718, 0x3718, 0x2F19, 0x271A, 0x06FA, 0x06DA, 0x06BB, 0x06BB, 0x069B,
    0x0740, 0x0740, 0x0740, 0x0760, 0x0740, 0x0740, 0x0740, 0x0740, 0x0741, 0x0745, 0x0747, 0x0749, 0x074B, 0x074D, 0x074F, 0x0751,
    0x1732, 0x2F33, 0x2F34, 0x3735, 0x4736, 0x4F36, 0x4F37, 0x5737, 0x5738, 0x5739, 0x4F39, 0x3F3A, 0x371A, 0x36FA, 0x2EDB, 0x36DB,
    0x0760, 0x0760, 0x0760, 0x0760, 0x0760, 0x0760, 0x0760, 0x0760, 0x0762, 0x0765, 0x0768, 0x074A, 0x074C, 0x074D, 0x074F, 0x0F51,
    0x2F53, 0x4F54, 0x4F54, 0x5755, 0x5F56, 0x6736, 0x6737, 0x6737, 0x6F38, 0x6F39, 0x6F39, 0x673A, 0x5F3A, 0x571A, 0x56FB, 0x56FB,
    0x0780, 0x0760, 0x0760, 0x0760, 0x0760, 0x0760, 0x0760, 0x0761, 0x0763, 0x0766, 0x0769, 0x076A, 0x076C, 0x076E, 0x076F, 0x2771,
    0x4753, 0x5754, 0x6755, 0x6755, 0x6F56, 0x6F56, 0x7757, 0x7738, 0x7758, 0x7F58, 0x7F59, 0x7F3A, 0x775A, 0x6F3A, 0x6F3B, 0x6F1B,
    0x0780, 0x0780, 0x0780, 0x0780, 0x0780, 0x0780, 0x0780, 0x0781, 0x0764, 0x0767, 0x0789, 0x078B, 0x078D, 0x076E, 0x0770, 0x2F71,
    0x4F73, 0x5F54, 0x6F75, 0x7756, 0x7F56, 0x7F56, 0x7F57, 0x7F57, 0x8758, 0x8758, 0x8F59, 0x8F5A, 0x875A, 0x875A, 0x875A, 0x873B,
    0x10A3, 0x10A3, 0x10A3, 0x18A3, 0x10A3, 0x1084, 0x1084, 0x1085, 0x1085, 0x1086, 0x1887, 0x1888, 0x1069, 0x106B, 0x104D, 0x102E,
    0x0810, 0x0812, 0x0013, 0x0015, 0x0016, 0x0017, 0x0018, 0x0019, 0x0019, 0x001A, 0x001B, 0x001B, 0x001B, 0x001B, 0x001C, 0x001C,
    0x1883, 0x10A3, 0x10A3, 0x10A3, 0x10A3, 0x1084, 0x1884, 0x1885, 0x1085, 0x1086, 0x1887, 0x1088, 0x108A, 0x106B, 0x106D, 0x084E,
    0x0830, 0x0012, 0x0013, 0x0015, 0x0016, 0x0017, 0x0018, 0x0019, 0x0019, 0x001A, 0x001B, 0x001B, 0x001B, 0x001C, 0x001C, 0x001C,
    0x10A3, 0x10A3, 0x10A3, 0x18A3, 0x10A4, 0x18A4, 0x18A4, 0x18A5, 0x10A5, 0x10A6, 0x1087, 0x1088, 0x108A, 0x108B, 0x086D, 0x084E,
    0x0030, 0x0012, 0x0013, 0x0015, 0x0016, 0x0017, 0x0018, 0x0019, 0x0019, 0x001A, 0x001A, 0x001B, 0x001B, 0x001C, 0x001C, 0x001C,
    0x10A3, 0x10A3, 0x10A3, 0x18A3, 0x10A3, 0x10A4, 0x18A4, 0x10A5, 0x10A5, 0x10A6, 0x10A7, 0x10A8, 0x1089, 0x088B, 0x088D, 0x006E,
    0x0050, 0x0032, 0x0013, 0x0015, 0x0016, 0x0017, 0x0018, 0x0019, 0x0019, 0x001A, 0x001A, 0x001B, 0x001B, 0x001C, 0x001C, 0x001C,
    0x10C3, 0x10C3, 0x10C3, 0x10C3, 0x10C3, 0x10C4, 0x10C4, 0x10C5, 0x10C5, 0x10C6, 0x10C7, 0x10A8, 0x08AA, 0x08AB, 0x008D, 0x008E,
    0x0070, 0x0052, 0x0033, 0x0015, 0x0016, 0x0017, 0x0018, 0x0019, 0x0019, 0x001A, 0x001A, 0x001B, 0x001B, 0x001B, 0x001C, 0x001C,
    0x10C2, 0x10C3, 0x10E3, 0x10E3, 0x10E3, 0x10E4, 0x10E4, 0x10E5, 0x10C5, 0x10C6, 0x08C7, 0x08C8, 0x00CA, 0x00AB, 0x00AD, 0x00AE,
    0x0090, 0x0092, 0x0073, 0x0054, 0x0036, 0x0017, 0x0018, 0x0018, 0x0019, 0x001A, 0x001A, 0x001B, 0x001B, 0x001B, 0x001C, 0x001C,
    0x10E3, 0x10E3, 0x1103, 0x1103, 0x1903, 0x1104, 0x1104, 0x1105, 0x1105, 0x1106, 0x08E7, 0x00E8, 0x00EA, 0x00CB, 0x00CD, 0x00CF,
    0x00B0, 0x00B2, 0x0093, 0x0095, 0x0076, 0x0057, 0x0038, 0x0019, 0x0019, 0x001A, 0x001A, 0x001B, 0x001B, 0x001B, 0x001C, 0x001C,
    0x1923, 0x1123, 0x1123, 0x1923, 0x1923, 0x1124, 0x1124, 0x1125, 0x1125, 0x0926, 0x0127, 0x0108, 0x010A, 0x010B, 0x010D, 0x00EF,
    0x00F1, 0x00D2, 0x00D4, 0x00B5, 0x00B6, 0x0097, 0x0078, 0x0059, 0x0059, 0x003A, 0x003A, 0x003B, 0x001B, 0x001C, 0x001C, 0x001C,
    0x1942, 0x1943, 0x1943, 0x1943, 0x1943, 0x1144, 0x1144, 0x1145, 0x0945, 0x0946, 0x0147, 0x0148, 0x014A, 0x014B, 0x014D, 0x012F,
    0x0131, 0x0112, 0x0114, 0x00F5, 0x00F6, 0x00D7, 0x00D8, 0x00B9, 0x0099, 0x009A, 0x007A, 0x007B, 0x005B, 0x005C, 0x005C, 0x005C,
    0x1962, 0x1962, 0x1983, 0x1983, 0x1183, 0x1183, 0x1184, 0x0985, 0x0985, 0x0186, 0x0188, 0x0189, 0x018A, 0x01AC, 0x018D, 0x018F,
    0x0191, 0x0173, 0x0153, 0x0135, 0x0116, 0x0117, 0x0118, 0x00F9, 0x00D9, 0x00DA, 0x00DB, 0x00DB, 0x00BB, 0x00BC, 0x009C, 0x009C,
    0x19C2, 0x19C2, 0x19C2, 0x19C3, 0x11C3, 0x11C3, 0x09C4, 0x01C5, 0x01C5, 0x01C6, 0x01C8, 0x01E9, 0x01EA, 0x01EB, 0x01ED, 0x01EF,
    0x01F1, 0x01D2, 0x01D3, 0x01B5, 0x0196, 0x0177, 0x0158, 0x0139, 0x0139, 0x011A, 0x011B, 0x011B, 0x00FB, 0x00FC, 0x00DC, 0x00FC,
    0x1A21, 0x1A22, 0x1A22, 0x1A02, 0x1203, 0x1223, 0x0224, 0x0224, 0x0225, 0x0226, 0x0228, 0x0229, 0x022A, 0x022C, 0x022D, 0x024F,
    0x0250, 0x0232, 0x0233, 0x0215, 0x0216, 0x01F7, 0x01B8, 0x0199, 0x0179, 0x017A, 0x015A, 0x015B, 0x013B, 0x013B, 0x013C, 0x013C,
    0x1A81, 0x1A81, 0x1A81, 0x1281, 0x1282, 0x0AA2, 0x02A3, 0x02A4, 0x0285, 0x0286, 0x02A8, 0x02A9, 0x02AB, 0x028C, 0x02AD, 0x02AF,
    0x02B1, 0x0292, 0x0293, 0x0295, 0x0276, 0x0277, 0x0258, 0x0219, 0x01F9, 0x01DA, 0x01BA, 0x01BB, 0x019B, 0x017B, 0x017C, 0x017C,
    0x2320, 0x1B00, 0x1B00, 0x1300, 0x1301, 0x0321, 0x0322, 0x0323, 0x0304, 0x0306, 0x0328, 0x032A, 0x032B, 0x030C, 0x032E, 0x0330,
    0x0331, 0x0312, 0x0314, 0x02F5, 0x02F6, 0x02D7, 0x02B8, 0x02B9, 0x0299, 0x025A, 0x023A, 0x021A, 0x01FB, 0x01DC, 0x01DC, 0x01DC,
    0x1BA0, 0x1380, 0x1380, 0x0B80, 0x0380, 0x03A0, 0x03A1, 0x0382, 0x0384, 0x0385, 0x03A8, 0x03AA, 0x03AC, 0x038D, 0x038E, 0x0390,
    0x0392, 0x0393, 0x0374, 0x0355, 0x0356, 0x0337, 0x0318, 0x02F9, 0x02D9, 0x02BA, 0x02BA, 0x029B, 0x027B, 0x025C, 0x023C, 0x023C,
    0x0C00, 0x0C00, 0x0400, 0x0400, 0x0400, 0x0420, 0x0420, 0x0401, 0x0403, 0x0404, 0x0427, 0x0429, 0x042C, 0x040D, 0x040F, 0x0410,
    0x0412, 0x03F3, 0x03D4, 0x03D5, 0x03B6, 0x0397, 0x0378, 0x0359, 0x0339, 0x031A, 0x031A, 0x02FB, 0x02DB, 0x02BB, 0x02BC, 0x029C,
    0x0480, 0x0480, 0x0480, 0x0480, 0x0480, 0x0480, 0x04A0, 0x0480, 0x0481, 0x0484, 0x04A6, 0x04A9, 0x04AB, 0x048D, 0x048F, 0x0491,
    0x0492, 0x0473, 0x0454, 0x0435, 0x0416, 0x03F7, 0x03D8, 0x03B8, 0x0399, 0x037A, 0x037A, 0x035A, 0x033B, 0x031B, 0x031C, 0x02FC,
    0x0500, 0x0500, 0x0500, 0x04E0, 0x04E0, 0x0500, 0x0500, 0x0500, 0x04E0, 0x04E3, 0x0505, 0x0508, 0x050B, 0x050D, 0x050F, 0x0511,
    0x0512, 0x04F3, 0x04D4, 0x04B5, 0x0496, 0x0477, 0x0457, 0x0438, 0x03F9, 0x03D9, 0x03BA, 0x03BA, 0x037B, 0x035B, 0x035C, 0x035C,
    0x0560, 0x0560, 0x0540, 0x0540, 0x0540, 0x0560, 0x0560, 0x0560, 0x0540, 0x0561, 0x0564, 0x0567, 0x056A, 0x056C, 0x054F, 0x0571,
    0x0572, 0x0553, 0x0534, 0x0515, 0x04F6, 0x04D7, 0x04B8, 0x0478, 0x0459, 0x043A, 0x041A, 0x03FA, 0x03DB, 0x03BB, 0x039C, 0x039C,
    0x05E0, 0x05E0, 0x05E0, 0x05C0, 0x05C0, 0x05E0, 0x05E0, 0x05E0, 0x05C0, 0x05E0, 0x05E4, 0x05E7, 0x05EA, 0x05EC, 0x05CE, 0x05F0,
    0x05F2, 0x05D3, 0x05B4, 0x05B6, 0x0577, 0x0557, 0x0538, 0x04F8, 0x04D9, 0x04B9, 0x049A, 0x047A, 0x043B, 0x041B, 0x041C, 0x041C,
    0x0640, 0x0620, 0x0620, 0x0620, 0x0620, 0x0620, 0x0620, 0x0620, 0x0620, 0x0620, 0x0644, 0x0647, 0x0649, 0x064C, 0x062E, 0x0630,
    0x0632, 0x0633, 0x0635, 0x0616, 0x05F7, 0x05D7, 0x0598, 0x0559, 0x0539, 0x0519, 0x04FA, 0x04DA, 0x049B, 0x047B, 0x047C, 0x045C,
    0x0660, 0x0660, 0x0660, 0x0660, 0x0660, 0x0660, 0x0660, 0x0660, 0x0660, 0x0660, 0x0684, 0x0687, 0x0669, 0x066B, 0x066E, 0x0670,
    0x0671, 0x0673, 0x0674, 0x0676, 0x0657, 0x0637, 0x05F8, 0x05D9, 0x0599, 0x0579, 0x055A, 0x051A, 0x04FB, 0x04DB, 0x04BB, 0x04BC,
    0x06A0, 0x0680, 0x0680, 0x0680, 0x0680, 0x06A0, 0x06A0, 0x06A0, 0x0680, 0x0680, 0x06A4, 0x06A7, 0x06A9, 0x06AC, 0x06AD, 0x06AF,
    0x06B1, 0x0692, 0x0693, 0x0695, 0x0696, 0x0697, 0x0658, 0x0638, 0x05F9, 0x05D9, 0x059A, 0x057A, 0x055A, 0x053B, 0x051B, 0x04FC,
    0x06C0, 0x06C0, 0x06C0, 0x06C0, 0x06C0, 0x06C0, 0x06C0, 0x06C0, 0x06C0, 0x06C0, 0x06C4, 0x06C7, 0x06C9, 0x06CB, 0x06CE, 0x06CF,
    0x06D1, 0x06B2, 0x06D3, 0x06D5, 0x06B6, 0x06B7, 0x06B8, 0x0678, 0x0659, 0x0639, 0x05FA, 0x05DA, 0x059A, 0x057B, 0x055B, 0x055C,
    0x06E0, 0x06E0, 0x06E0, 0x06E0, 0x06E0, 0x06E0, 0x06E0, 0x06E0, 0x06E0, 0x06E0, 0x06E4, 0x06E7, 0x06E9, 0x06EB, 0x06ED, 0x06EF,
    0x06F1, 0x06D2, 0x06D3, 0x06F4, 0x06D5, 0x06D6, 0x06D7, 0x06D8, 0x06B9, 0x0679, 0x065A, 0x063A, 0x05FA, 0x05DB, 0x05BB, 0x05BC,
    0x0700, 0x0700, 0x0700, 0x0700, 0x0700, 0x0700, 0x0700, 0x0700, 0x0700, 0x0701, 0x0705, 0x0708, 0x070A, 0x070C, 0x070E, 0x0710,
    0x0711, 0x06F2, 0x06F3, 0x06F4, 0x06F5, 0x06F6, 0x06F7, 0x06F8, 0x06D9, 0x06B9, 0x069A, 0x067A, 0x065A, 0x063B, 0x061B, 0x05FB,
    0x0720, 0x0720, 0x0720, 0x0720, 0x0720, 0x0720, 0x0720, 0x0720, 0x0720, 0x0723, 0x0727, 0x0729, 0x072B, 0x072D, 0x072F, 0x0711,
    0x0712, 0x0713, 0x0714, 0x0715, 0x0716, 0x0F16, 0x0F17, 0x0F18, 0x0F19, 0x0EF9, 0x06DA, 0x06DA, 0x06BA, 0x069B, 0x067B, 0x065B,
    0x0740, 0x0740, 0x0740, 0x0740, 0x0740, 0x0740, 0x0740, 0x0740, 0x0740, 0x0744, 0x0727, 0x0729, 0x072B, 0x072D, 0x072F, 0x0731,
    0x0F32, 0x1733, 0x1734, 0x2735, 0x2F36, 0x3736, 0x3F17, 0x3F18, 0x3F18, 0x3F19, 0x2F1A, 0x16FA, 0x06FA, 0x06DB, 0x06BB, 0x069B,
    0x0740, 0x0740, 0x0740, 0x0740, 0x0740, 0x0740, 0x0740, 0x0740, 0x0741, 0x0745, 0x0747, 0x0749, 0x074B, 0x074D, 0x074F, 0x0F51,
    0x2732, 0x3733, 0x3F34, 0x4735, 0x4F36, 0x5736, 0x5737, 0x5737, 0x5F38, 0x5F39, 0x5739, 0x473A, 0x3F1A, 0x36FA, 0x36DB, 0x36DB,
    0x0760, 0x0760, 0x0760, 0x0760, 0x0760, 0x0760, 0x0760, 0x0760, 0x0762, 0x0765, 0x0768, 0x076A, 0x074C, 0x074D, 0x074F, 0x1751,
    0x3753, 0x4F54, 0x5754, 0x5F55, 0x5F56, 0x6736, 0x6737, 0x6F37, 0x6F38, 0x7739, 0x6F39, 0x6F3A, 0x673A, 0x5F1A, 0x5F1B, 0x5EFB,
    0x0760, 0x0760, 0x0760, 0x0760, 0x0780, 0x0760, 0x0760, 0x0761, 0x0763, 0x0766, 0x0769, 0x076B, 0x076C, 0x076D, 0x0770, 0x2751,
    0x4753, 0x5F54, 0x6754, 0x6F55, 0x6F56, 0x7756, 0x7757, 0x7758, 0x7F58, 0x7F39, 0x8739, 0x7F39, 0x7F5A, 0x773A, 0x773B, 0x771B,
    0x0780, 0x0780, 0x0780, 0x0780, 0x0780, 0x0780, 0x0780, 0x0781, 0x0784, 0x0787, 0x0789, 0x078B, 0x078D, 0x076E, 0x0770, 0x2F71,
    0x4F73, 0x6754, 0x7775, 0x7755, 0x7F56, 0x8757, 0x7F57, 0x8757, 0x8758, 0x8F58, 0x8F59, 0x8F5A, 0x875A, 0x875A, 0x875B, 0x873B,
    0x18A3, 0x18A3, 0x18A3, 0x18A3, 0x1883, 0x1884, 0x1884, 0x1885, 0x1885, 0x1886, 0x1887, 0x1868, 0x186A, 0x186B, 0x184D, 0x182F,
    0x1810, 0x1812, 0x1013, 0x1015, 0x0816, 0x0817, 0x0018, 0x0019, 0x0019, 0x001A, 0x001B, 0x001B, 0x001B, 0x001C, 0x001C, 0x001C,
    0x1883, 0x18A3, 0x18A3, 0x18A3, 0x18A3, 0x1884, 0x1884, 0x1885, 0x1885, 0x1886, 0x1887, 0x1888, 0x1869, 0x186B, 0x184D, 0x182E,
    0x1810, 0x1012, 0x1013, 0x0815, 0x0816, 0x0017, 0x0018, 0x0019, 0x0019, 0x001A, 0x001B, 0x001B, 0x001B, 0x001C, 0x001C, 0x001C,
    0x18A3, 0x18A3, 0x18A3, 0x18A3, 0x18A3, 0x18A4, 0x18A4, 0x18A5, 0x18A5, 0x1886, 0x1887, 0x1888, 0x188A, 0x186B, 0x186D, 0x184E,
    0x1030, 0x1012, 0x0813, 0x0815, 0x0016, 0x0017, 0x0018, 0x0019, 0x0019, 0x001A, 0x001B, 0x001B, 0x001B, 0x001C, 0x001C, 0x001C,
    0x18A3, 0x18A3, 0x18A3, 0x18A3, 0x18A3, 0x18A4, 0x18A4, 0x18A5, 0x18A5, 0x18A6, 0x18A7, 0x18A8, 0x188A, 0x188B, 0x106D, 0x104F,
    0x1030, 0x0812, 0x0813, 0x0015, 0x0016, 0x0017, 0x0018, 0x0019, 0x0019, 0x001A, 0x001A, 0x001B, 0x001B, 0x001C, 0x001C, 0x001C,
    0x18C3, 0x18C3, 0x18C3, 0x18C3, 0x18C3, 0x18C4, 0x18C4, 0x18C5, 0x18C5, 0x18C6, 0x18A7, 0x18A8, 0x18AA, 0x10AB, 0x108D, 0x086F,
    0x0870, 0x0832, 0x0013, 0x0015, 0x0016, 0x0017, 0x0018, 0x0019, 0x0019, 0x001A, 0x001A, 0x001B, 0x001B, 0x001C, 0x001C, 0x001C,
    0x18C3, 0x18C3, 0x18C3, 0x18E3, 0x18C4, 0x18E4, 0x18E4, 0x18C5, 0x18C5, 0x18C6, 0x18C7, 0x10C8, 0x10CA, 0x08AB, 0x08AD, 0x08AE,
    0x0090, 0x0072, 0x0053, 0x0034, 0x0016, 0x0017, 0x0018, 0x0019, 0x0019, 0x001A, 0x001A, 0x001B, 0x001B, 0x001B, 0x001C, 0x001C,
    0x18E3, 0x18E3, 0x18E3, 0x18E3, 0x1904, 0x1904, 0x1904, 0x18E5, 0x18E5, 0x1106, 0x10E7, 0x08E8, 0x08EA, 0x08CB, 0x00CD, 0x00CF,
    0x00B1, 0x0092, 0x0093, 0x0075, 0x0056, 0x0037, 0x0018, 0x0019, 0x0019, 0x001A, 0x001A, 0x001B, 0x001B, 0x001C, 0x001C, 0x001C,
    0x1903, 0x1903, 0x1903, 0x1923, 0x1923, 0x1924, 0x1924, 0x1925, 0x1125, 0x1126, 0x0907, 0x0909, 0x010A, 0x00EC, 0x00ED, 0x00EF,
    0x00D1, 0x00D2, 0x00B4, 0x00B5, 0x0096, 0x0077, 0x0058, 0x0059, 0x0039, 0x003A, 0x003B, 0x003B, 0x001B, 0x001C, 0x001C, 0x001C,
    0x1943, 0x1943, 0x1943, 0x1943, 0x1943, 0x1944, 0x1944, 0x1144, 0x1145, 0x1146, 0x0947, 0x0149, 0x014A, 0x012C, 0x012D, 0x012F,
    0x0111, 0x0112, 0x00F4, 0x00F5, 0x00D6, 0x00D7, 0x00B8, 0x0099, 0x0099, 0x009A, 0x007A, 0x007B, 0x005B, 0x005C, 0x003C, 0x003C,
    0x1982, 0x1963, 0x1963, 0x1983, 0x1983, 0x1983, 0x1984, 0x1185, 0x1186, 0x1186, 0x0188, 0x0189, 0x018A, 0x018B, 0x018D, 0x016F,
    0x0171, 0x0152, 0x0134, 0x0135, 0x0116, 0x0117, 0x0118, 0x00F9, 0x00D9, 0x00DA, 0x00DA, 0x00BB, 0x00BB, 0x009B, 0x009C, 0x009C,
    0x21C2, 0x21C2, 0x21C2, 0x19C3, 0x19C3, 0x19C3, 0x11C4, 0x09C4, 0x09C5, 0x01C6, 0x01C8, 0x01E9, 0x01EA, 0x01CC, 0x01CD, 0x01EF,
    0x01D1, 0x01D2, 0x01B4, 0x0195, 0x0176, 0x0157, 0x0138, 0x0139, 0x0119, 0x011A, 0x011A, 0x011B, 0x00FB, 0x00FB, 0x00DC, 0x00DC,
    0x2222, 0x2222, 0x2202, 0x2202, 0x1A22, 0x1A23, 0x1224, 0x0A24, 0x0225, 0x0226, 0x0228, 0x0229, 0x022A, 0x022C, 0x022D, 0x022F,
    0x0230, 0x0232, 0x0233, 0x0215, 0x01F6, 0x01D7, 0x01B8, 0x0179, 0x0179, 0x015A, 0x015A, 0x015B, 0x013B, 0x013B, 0x013C, 0x013C,
    0x2281, 0x2281, 0x2281, 0x2281, 0x1A82, 0x1AA2, 0x0AA3, 0x02A4, 0x0285, 0x0286, 0x02A8, 0x02A9, 0x02AB, 0x02AC, 0x028D, 0x02AF,
    0x02B1, 0x0292, 0x0293, 0x0275, 0x0276, 0x0257, 0x0238, 0x01F9, 0x01D9, 0x01BA, 0x01BA, 0x019B, 0x019B, 0x017C, 0x017C, 0x017C,
    0x2320, 0x2320, 0x2300, 0x2300, 0x1B01, 0x1321, 0x0B22, 0x0323, 0x0304, 0x0306, 0x0328, 0x032A, 0x032B, 0x030D, 0x030E, 0x0310,
    0x0311, 0x0313, 0x02F4, 0x02F5, 0x02D6, 0x02D7, 0x02B8, 0x0299, 0x027A, 0x025A, 0x021A, 0x021A, 0x01FB, 0x01DC, 0x01DC, 0x01DC,
    0x23A0, 0x2380, 0x2380, 0x1B80, 0x1380, 0x0BA0, 0x03A1, 0x0382, 0x0384, 0x0385, 0x03A7, 0x03AA, 0x038C, 0x038D, 0x038E, 0x0390,
    0x0391, 0x0373, 0x0374, 0x0355, 0x0356, 0x0337, 0x0318, 0x02F9, 0x02D9, 0x02BA, 0x02BA, 0x029B, 0x025B, 0x023C, 0x023C, 0x023C,
    0x1C00, 0x1C00, 0x1400, 0x1400, 0x0C00, 0x0420, 0x0420, 0x0401, 0x0403, 0x0404, 0x0427, 0x0429, 0x042B, 0x040D, 0x040F, 0x0410,
    0x0412, 0x03F3, 0x03D4, 0x03B5, 0x03B6, 0x0397, 0x0378, 0x0358, 0x0339, 0x031A, 0x02FA, 0x02FB, 0x02DB, 0x02BB, 0x029C, 0x029C,
    0x0C80, 0x0C80, 0x0C80, 0x0480, 0x0480, 0x0480, 0x04A0, 0x0480, 0x0481, 0x0484, 0x04A6, 0x04A9, 0x04AB, 0x048D, 0x048F, 0x0491,
    0x0492, 0x0473, 0x0454, 0x0435, 0x0416, 0x03F7, 0x03D8, 0x03B8, 0x0399, 0x037A, 0x035A, 0x035A, 0x033B, 0x031B, 0x02FC, 0x02FC,
    0x0500, 0x0500, 0x04E0, 0x04E0, 0x04E0, 0x0500, 0x0500, 0x0500, 0x0500, 0x04E2, 0x0505, 0x0508, 0x050A, 0x050D, 0x050F, 0x0511,
    0x0512, 0x04F3, 0x04D4, 0x0495, 0x0496, 0x0477, 0x0458, 0x0418, 0x03F9, 0x03DA, 0x03BA, 0x039A, 0x037B, 0x035B, 0x035C, 0x035C,
    0x0560, 0x0560, 0x0560, 0x0540, 0x0540, 0x0560, 0x0560, 0x0560, 0x0560, 0x0541, 0x0564, 0x0567, 0x056A, 0x054C, 0x056E, 0x0570,
    0x0572, 0x0553, 0x0534, 0x0515, 0x04F6, 0x04D7, 0x04B8, 0x0478, 0x0459, 0x0439, 0x041A, 0x03FA, 0x03DB, 0x03BB, 0x039C, 0x039C,
    0x05E0, 0x05E0, 0x05E0, 0x05C0, 0x05C0, 0x05E0, 0x05E0, 0x05E0, 0x05C0, 0x05E0, 0x05E4, 0x05E7, 0x05EA, 0x05EC, 0x05EE, 0x05F0,
    0x05F2, 0x05D3, 0x05B5, 0x0596, 0x0577, 0x0557, 0x0538, 0x04F8, 0x04D9, 0x04BA, 0x049A, 0x045A, 0x043B, 0x041B, 0x041C, 0x041C,
    0x0640, 0x0620, 0x0620, 0x0620, 0x0620, 0x0640, 0x0640, 0x0620, 0x0620, 0x0620, 0x0644, 0x0647, 0x0649, 0x062C, 0x062E, 0x0630,
    0x0632, 0x0633, 0x0635, 0x0616, 0x05F7, 0x05D8, 0x0598, 0x0558, 0x0539, 0x051A, 0x04FA, 0x04BA, 0x049B, 0x047B, 0x047C, 0x045C,
    0x0660, 0x0660, 0x0660, 0x0660, 0x0660, 0x0660, 0x0660, 0x0660, 0x0660, 0x0660, 0x0664, 0x0667, 0x0669, 0x066C, 0x066E, 0x0670,
    0x0671, 0x0673, 0x0674, 0x0656, 0x0657, 0x0638, 0x05F8, 0x05D8, 0x0599, 0x0579, 0x055A, 0x051A, 0x04FA, 0x04DB, 0x04BB, 0x04BC,
    0x06A0, 0x0680, 0x0680, 0x0680, 0x0680, 0x06A0, 0x06A0, 0x06A0, 0x06A0, 0x0680, 0x06A4, 0x06A7, 0x06A9, 0x06AB, 0x068E, 0x06AF,
    0x06B1, 0x0692, 0x0694, 0x0695, 0x0696, 0x0697, 0x0658, 0x0638, 0x05F9, 0x05D9, 0x05BA, 0x057A, 0x055A, 0x053B, 0x051B, 0x051C,
    0x06C0, 0x06C0, 0x06C0, 0x06C0, 0x06C0, 0x06C0, 0x06C0, 0x06C0, 0x06C0, 0x06C0, 0x06C4, 0x06C7, 0x06C9, 0x06CB, 0x06AE, 0x06CF,
    0x06D1, 0x06D2, 0x06D3, 0x06D5, 0x06B6, 0x06B7, 0x06B8, 0x0678, 0x0659, 0x0639, 0x05FA, 0x05DA, 0x05BA, 0x057B, 0x057B, 0x055C,
    0x06E0, 0x06E0, 0x06E0, 0x06E0, 0x06E0, 0x06E0, 0x06E0, 0x06E0, 0x06E0, 0x06E0, 0x06E4, 0x06E7, 0x06E9, 0x06EB, 0x06ED, 0x06F0,
    0x06F1, 0x06F2, 0x06D3, 0x06D4, 0x06D6, 0x06D6, 0x06D7, 0x06B8, 0x0699, 0x0679, 0x065A, 0x063A, 0x05FA, 0x05DB, 0x05BB, 0x05BB,
    0x0700, 0x0700, 0x0700, 0x0700, 0x0700, 0x0700, 0x0700, 0x0700, 0x0700, 0x0701, 0x0705, 0x0708, 0x070A, 0x070C, 0x070E, 0x0710,
    0x0711, 0x06F2, 0x06F3, 0x06F4, 0x06F5, 0x0EF6, 0x0EF7, 0x06F8, 0x06D9, 0x06B9, 0x06BA, 0x067A, 0x065A, 0x063B, 0x061B, 0x05FB,
    0x0720, 0x0720, 0x0720, 0x0720, 0x0720, 0x0720, 0x0720, 0x0720, 0x0720, 0x0723, 0x0727, 0x0729, 0x072B, 0x072D, 0x072F, 0x0711,
    0x0712, 0x0713, 0x0714, 0x0715, 0x1716, 0x1F16, 0x2717, 0x1F18, 0x1718, 0x0EF9, 0x06DA, 0x06BA, 0x06BA, 0x069B, 0x067B, 0x065B,
    0x0740, 0x0740, 0x0740, 0x0740, 0x0720, 0x0740, 0x0740, 0x0740, 0x0720, 0x0744, 0x0747, 0x0749, 0x072B, 0x072D, 0x072F, 0x0731,
    0x0F32, 0x2733, 0x2734, 0x2F35, 0x3F36, 0x4736, 0x4737, 0x4718, 0x4718, 0x4719, 0x3719, 0x26FA, 0x1EDA, 0x16DB, 0x16BB, 0x169B,
    0x0740, 0x0740, 0x0740, 0x0740, 0x0740, 0x0740, 0x0740, 0x0740, 0x0741, 0x0745, 0x0747, 0x074A, 0x074C, 0x074D, 0x074F, 0x0F51,
    0x2F32, 0x4733, 0x4734, 0x4F35, 0x5736, 0x5F36, 0x5F37, 0x5F37, 0x6738, 0x6739, 0x5F19, 0x4F1A, 0x471A, 0x3EFA, 0x3EDB, 0x46DB,
    0x0760, 0x0760, 0x0760, 0x0760, 0x0760, 0x0760, 0x0760, 0x0760, 0x0762, 0x0765, 0x0768, 0x076A, 0x074C, 0x074D, 0x074F, 0x1F51,
    0x3F53, 0x5754, 0x5F35, 0x6755, 0x6736, 0x6F36, 0x6F37, 0x6F37, 0x7738, 0x7739, 0x7739, 0x6F3A, 0x673A, 0x671A, 0x5F1B, 0x66FB,
    0x0760, 0x0760, 0x0760, 0x0760, 0x0760, 0x0760, 0x0760, 0x0761, 0x0763, 0x0766, 0x0769, 0x076B, 0x076C, 0x076E, 0x0770, 0x2F51,
    0x4F53, 0x5F54, 0x6F35, 0x6F55, 0x7756, 0x7756, 0x7F57, 0x7F58, 0x7F58, 0x8759, 0x8739, 0x8739, 0x7F3A, 0x773A, 0x773B, 0x771B,
    0x0780, 0x0780, 0x0780, 0x0780, 0x0780, 0x0780, 0x0780, 0x0782, 0x0784, 0x0787, 0x0789, 0x078B, 0x078C, 0x076E, 0x0F70, 0x3771,
    0x5773, 0x6754, 0x7755, 0x7F56, 0x7F56, 0x8757, 0x8757, 0x8757, 0x8758, 0x8F59, 0x8F59, 0x8F59, 0x8F5A, 0x875A, 0x875B, 0x873B,
    0x2083, 0x1883, 0x1883, 0x2083, 0x2083, 0x1884, 0x2084, 0x2085, 0x2085, 0x2086, 0x2087, 0x2068, 0x206A, 0x204B, 0x202D, 0x280F,
    0x2810, 0x2012, 0x2013, 0x2015, 0x1816, 0x1817, 0x0818, 0x0819, 0x0819, 0x001A, 0x001B, 0x001B, 0x001B, 0x001C, 0x001C, 0x001C,
    0x20A3, 0x2083, 0x2083, 0x18A3, 0x1883, 0x1884, 0x2084, 0x2085, 0x1885, 0x2086, 0x2087, 0x2068, 0x206A, 0x204B, 0x202D, 0x200F,
    0x2010, 0x2012, 0x2013, 0x2015, 0x1816, 0x1017, 0x0818, 0x0819, 0x0019, 0x001A, 0x001B, 0x001B, 0x001B, 0x001C, 0x001C, 0x001C,
    0x18A2, 0x18A3, 0x18A3, 0x18A3, 0x18A3, 0x18A4, 0x18A4, 0x20A5, 0x20A5, 0x2086, 0x2087, 0x2088, 0x208A, 0x206B, 0x204D, 0x202F,
    0x2010, 0x2012, 0x2014, 0x1815, 0x1016, 0x1017, 0x0818, 0x0819, 0x001A, 0x001A, 0x001A, 0x001B, 0x001B, 0x001C, 0x001C, 0x001C,
    0x18A3, 0x18A3, 0x18A3, 0x18A3, 0x18A3, 0x18A4, 0x20A4, 0x20A5, 0x20A5, 0x20A6, 0x20A7, 0x2088, 0x208A, 0x208B, 0x206D, 0x204F,
    0x2030, 0x1812, 0x1814, 0x1015, 0x1016, 0x0817, 0x0818, 0x0019, 0x0019, 0x001A, 0x001A, 0x001B, 0x001B, 0x001C, 0x001C, 0x001C,
    0x18C3, 0x18C3, 0x18C3, 0x18C3, 0x18C4, 0x18C4, 0x20C4, 0x20C5, 0x20C5, 0x20C6, 0x20A7, 0x20A8, 0x20AA, 0x208B, 0x208D, 0x186F,
    0x1850, 0x1032, 0x1013, 0x0815, 0x0816, 0x0017, 0x0018, 0x0019, 0x0019, 0x001A, 0x001B, 0x001B, 0x001B, 0x001C, 0x001C, 0x001C,
    0x18C3, 0x18C3, 0x18C3, 0x18C3, 0x18C4, 0x18E4, 0x20E4, 0x20C5, 0x18C5, 0x20C6, 0x20C7, 0x20C8, 0x20AA, 0x18AB, 0x18AD, 0x108F,
    0x1070, 0x0852, 0x0833, 0x0815, 0x0016, 0x0017, 0x0018, 0x0019, 0x0019, 0x001A, 0x001A, 0x001B, 0x001B, 0x001B, 0x001C, 0x001C,
    0x18E3, 0x18E3, 0x18E3, 0x18E3, 0x18E4, 0x2104, 0x20E4, 0x20E5, 0x18E5, 0x18E6, 0x18E7, 0x18E9, 0x18EA, 0x10CB, 0x10CD, 0x08AF,
    0x0891, 0x0092, 0x0074, 0x0055, 0x0036, 0x0017, 0x0018, 0x0019, 0x0019, 0x001A, 0x001A, 0x001B, 0x001B, 0x001C, 0x001C, 0x001C,
    0x1903, 0x1903, 0x1903, 0x1903, 0x1924, 0x2124, 0x2124, 0x2125, 0x1926, 0x1906, 0x1907, 0x1109, 0x110A, 0x08EC, 0x08ED, 0x00CF,
    0x00D1, 0x00B2, 0x00B4, 0x0095, 0x0076, 0x0077, 0x0058, 0x0039, 0x003A, 0x003A, 0x003A, 0x001B, 0x001B, 0x001C, 0x001C, 0x001C,
    0x2143, 0x2123, 0x2143, 0x2143, 0x2143, 0x2144, 0x2144, 0x1945, 0x1946, 0x1946, 0x1147, 0x0949, 0x092A, 0x012C, 0x012D, 0x010F,
    0x0111, 0x00F2, 0x00F4, 0x00D5, 0x00D6, 0x00B7, 0x0098, 0x0099, 0x0079, 0x007A, 0x007A, 0x005B, 0x003B, 0x003C, 0x003C, 0x003C,
    0x2163, 0x2163, 0x2163, 0x2163, 0x2183, 0x2183, 0x2184, 0x1985, 0x1986, 0x1986, 0x1188, 0x0989, 0x018A, 0x018C, 0x016D, 0x014F,
    0x0151, 0x0133, 0x0134, 0x0115, 0x0116, 0x0117, 0x00F8, 0x00F9, 0x00D9, 0x00DA, 0x00BA, 0x00BB, 0x009B, 0x009B, 0x009C, 0x009C,
    0x21C2, 0x21C2, 0x21C3, 0x21C3, 0x21C3, 0x21C3, 0x21C4, 0x19C4, 0x11C5, 0x11C6, 0x09C8, 0x01C9, 0x01CA, 0x01CC, 0x01CD, 0x01CF,
    0x01B1, 0x01B2, 0x0194, 0x0175, 0x0156, 0x0157, 0x0138, 0x0139, 0x0119, 0x011A, 0x011A, 0x00FB, 0x00FB, 0x00FB, 0x00DC, 0x00DC,
    0x2A02, 0x2A02, 0x2A02, 0x2202, 0x2223, 0x2223, 0x2224, 0x1A24, 0x1225, 0x0A26, 0x0228, 0x0229, 0x022A, 0x022C, 0x022D, 0x022F,
    0x0231, 0x0212, 0x0213, 0x01F5, 0x01D6, 0x01B7, 0x0198, 0x0179, 0x0179, 0x015A, 0x015A, 0x015B, 0x013B, 0x013B, 0x011C, 0x011C,
    0x2A81, 0x2A81, 0x2A81, 0x2A81, 0x2A82, 0x22A2, 0x1AA3, 0x12A4, 0x0AA5, 0x02A6, 0x02A8, 0x02A9, 0x02AB, 0x02AC, 0x028D, 0x028F,
    0x0291, 0x0292, 0x0293, 0x0275, 0x0256, 0x0237, 0x0218, 0x01F9, 0x01D9, 0x01BA, 0x019A, 0x019B, 0x019B, 0x017C, 0x017C, 0x017C,
    0x2B20, 0x3300, 0x2B00, 0x2B00, 0x2B01, 0x2321, 0x1B22, 0x1323, 0x0B24, 0x0326, 0x0328, 0x032A, 0x032B, 0x030D, 0x030E, 0x0310,
    0x0311, 0x02F3, 0x02F4, 0x02D5, 0x02D6, 0x02B7, 0x02B8, 0x0299, 0x025A, 0x023A, 0x021A, 0x01FB, 0x01FB, 0x01DC, 0x01DC, 0x01DC,
    0x2B80, 0x2B80, 0x2B80, 0x2B80, 0x2380, 0x1BA0, 0x13A1, 0x0B82, 0x0384, 0x0385, 0x03A7, 0x03A9, 0x03AB, 0x038D, 0x038E, 0x0390,
    0x0391, 0x0373, 0x0354, 0x0355, 0x0336, 0x0317, 0x0318, 0x02F9, 0x02D9, 0x02BA, 0x029A, 0x027B, 0x025B, 0x023C, 0x023C, 0x023C,
    0x2420, 0x2400, 0x2400, 0x1C00, 0x1C00, 0x1420, 0x0C20, 0x0401, 0x0403, 0x0404, 0x0427, 0x0429, 0x042B, 0x040D, 0x040F, 0x0410,
    0x0412, 0x03F3, 0x03D4, 0x03B5, 0x0396, 0x0397, 0x0378, 0x0358, 0x0339, 0x031A, 0x02FA, 0x02DB, 0x02BB, 0x02BB, 0x029C, 0x027C,
    0x1C80, 0x1C80, 0x1480, 0x1480, 0x0C80, 0x04A0, 0x04A0, 0x0480, 0x0481, 0x0483, 0x04A6, 0x04A8, 0x04AB, 0x048D, 0x048F, 0x0491,
    0x0492, 0x0473, 0x0454, 0x0435, 0x0416, 0x03F7, 0x03D8, 0x03B8, 0x0399, 0x037A, 0x035A, 0x033A, 0x033B, 0x031B, 0x02FC, 0x02FC,
    0x0D00, 0x0D00, 0x04E0, 0x04E0, 0x04E0, 0x0500, 0x0500, 0x0500, 0x0500, 0x0502, 0x0505, 0x0508, 0x050A, 0x050C, 0x050E, 0x0511,
    0x0512, 0x04F3, 0x04D4, 0x0495, 0x0496, 0x0477, 0x0458, 0x0418, 0x03F9, 0x03DA, 0x03BA, 0x039A, 0x037B, 0x035B, 0x035C, 0x035C,
    0x0560, 0x0560, 0x0560, 0x0540, 0x0540, 0x0560, 0x0560, 0x0560, 0x0560, 0x0541, 0x0564, 0x0587, 0x0569, 0x056C, 0x056E, 0x0570,
    0x0572, 0x0553, 0x0534, 0x0515, 0x04F6, 0x04D7, 0x04B8, 0x0478, 0x0459, 0x0439, 0x041A, 0x03FA, 0x03DB, 0x03BB, 0x03BC, 0x039C,
    0x05E0, 0x05E0, 0x05E0, 0x05C0, 0x05C0, 0x05E0, 0x05E0, 0x05E0, 0x05C0, 0x05C0, 0x05E4, 0x05E7, 0x05EA, 0x05EC, 0x05EE, 0x05F0,
    0x05F2, 0x05D3, 0x05D5, 0x05B6, 0x0577, 0x0557, 0x0538, 0x04F8, 0x04D9, 0x04BA, 0x047A, 0x045A, 0x043B, 0x041B, 0x041C, 0x041C,
    0x0640, 0x0620, 0x0620, 0x0620, 0x0620, 0x0640, 0x0640, 0x0620, 0x0620, 0x0620, 0x0624, 0x0647, 0x0629, 0x062C, 0x062E, 0x0630,
    0x0632, 0x0633, 0x0635, 0x0616, 0x05F7, 0x05D8, 0x0598, 0x0578, 0x0539, 0x051A, 0x04FA, 0x04BA, 0x049B, 0x047B, 0x047C, 0x045C,
    0x0660, 0x0660, 0x0660, 0x0660, 0x0660, 0x0660, 0x0660, 0x0660, 0x0660, 0x0660, 0x0664, 0x0667, 0x0669, 0x066C, 0x066E, 0x0670,
    0x0671, 0x0673, 0x0674, 0x0655, 0x0657, 0x0638, 0x05F8, 0x05D8, 0x0599, 0x0579, 0x055A, 0x051A, 0x04FA, 0x04DB, 0x04BC, 0x04BC,
    0x06A0, 0x06A0, 0x06A0, 0x0680, 0x0680, 0x06A0, 0x06A0, 0x06A0, 0x06A0, 0x0680, 0x06A4, 0x06A7, 0x06A9, 0x06AB, 0x068E, 0x06B0,
    0x06B1, 0x06B2, 0x0694, 0x0695, 0x0696, 0x0697, 0x0658, 0x0638, 0x05F9, 0x05D9, 0x05BA, 0x057A, 0x055A, 0x053B, 0x051B, 0x051C,
    0x06C0, 0x06C0, 0x06C0, 0x06C0, 0x06C0, 0x06C0, 0x06C0, 0x06C0, 0x06C0, 0x06C0, 0x06C4, 0x06C7, 0x06C9, 0x06CB, 0x06CE, 0x06D0,
    0x06D1, 0x06D2, 0x06D3, 0x06B5, 0x06B6, 0x06B7, 0x06B8, 0x0678, 0x0659, 0x0639, 0x05FA, 0x05DA, 0x05BA, 0x057B, 0x057B, 0x055C,
    0x06E0, 0x06E0, 0x06E0, 0x06E0, 0x06E0, 0x06E0, 0x06E0, 0x06E0, 0x06E0, 0x06E0, 0x06E4, 0x06E7, 0x06E9, 0x06EB, 0x06ED, 0x06F0,
    0x06F1, 0x06F2, 0x06D3, 0x06D4, 0x06D6, 0x06D7, 0x06D7, 0x06B8, 0x0699, 0x0679, 0x065A, 0x063A, 0x05FA, 0x05DB, 0x05BB, 0x05BB,
    0x0700, 0x0700, 0x0700, 0x0700, 0x0700, 0x0700, 0x0700, 0x0700, 0x0700, 0x0701, 0x0705, 0x0708, 0x070A, 0x070C, 0x070E, 0x0710,
    0x0711, 0x06F2, 0x06F3, 0x06F4, 0x0EF6, 0x16F6, 0x16F7, 0x0EF8, 0x0ED9, 0x06D9, 0x06BA, 0x067A, 0x065A, 0x063B, 0x061B, 0x061B,
    0x0720, 0x0720, 0x0720, 0x0720, 0x0720, 0x0720, 0x0720, 0x0720, 0x0720, 0x0723, 0x0727, 0x0729, 0x072B, 0x072D, 0x072F, 0x0711,
    0x0712, 0x0F13, 0x1714, 0x1F15, 0x2716, 0x3716, 0x3717, 0x36F8, 0x26F8, 0x16F9, 0x0EFA, 0x06BA, 0x06BA, 0x069B, 0x067B, 0x065B,
    0x0740, 0x0740, 0x0740, 0x0740, 0x0720, 0x0740, 0x0740, 0x0740, 0x0720, 0x0744, 0x0747, 0x0749, 0x074B, 0x072D, 0x072F, 0x0731,
    0x1F32, 0x3733, 0x3F34, 0x3F35, 0x4736, 0x4F16, 0x5717, 0x5718, 0x4F18, 0x4F19, 0x4719, 0x36FA, 0x2EDA, 0x26DB, 0x26BB, 0x2E9B,
    0x0740, 0x0740, 0x0740, 0x0740, 0x0740, 0x0740, 0x0740, 0x0740, 0x0741, 0x0745, 0x0747, 0x074A, 0x074C, 0x074D, 0x074F, 0x1731,
    0x3732, 0x4F33, 0x4F34, 0x5735, 0x5F36, 0x6736, 0x6737, 0x6737, 0x6F38, 0x6F39, 0x6719, 0x5F1A, 0x4F1A, 0x4EFA, 0x4EDB, 0x4EDB,
    0x0760, 0x0760, 0x0760, 0x0760, 0x0760, 0x0760, 0x0760, 0x0760, 0x0762, 0x0765, 0x0768, 0x076A, 0x074C, 0x074E, 0x074F, 0x2751,
    0x4752, 0x5754, 0x6735, 0x6755, 0x6F36, 0x6F36, 0x7737, 0x7737, 0x7738, 0x7F39, 0x7F39, 0x773A, 0x6F3A, 0x671A, 0x671B, 0x66FB,
    0x0760, 0x0760, 0x0760, 0x0760, 0x0760, 0x0760, 0x0760, 0x0761, 0x0764, 0x0766, 0x0769, 0x076B, 0x076C, 0x076E, 0x0770, 0x2F71,
    0x4F53, 0x6754, 0x6F55, 0x7756, 0x7F56, 0x7F56, 0x7F37, 0x7F57, 0x8758, 0x8759, 0x8759, 0x8739, 0x7F3A, 0x7F3A, 0x773B, 0x7F1B,
    0x0780, 0x0780, 0x0780, 0x0780, 0x0760, 0x0780, 0x0780, 0x0782, 0x0785, 0x0787, 0x0789, 0x078B, 0x078C, 0x076E, 0x1F70, 0x3F71,
    0x5773, 0x6F74, 0x7755, 0x7F56, 0x8756, 0x8757, 0x8757, 0x8F58, 0x8F58, 0x8F59, 0x9759, 0x9759, 0x8F5A, 0x8F5A, 0x875B, 0x873B,
    0x2082, 0x2083, 0x2083, 0x2083, 0x2083, 0x2084, 0x2084, 0x2085, 0x2085, 0x2086, 0x2867, 0x2868, 0x284A, 0x302B, 0x300D, 0x300F,
    0x3010, 0x3012, 0x3014, 0x3015, 0x2816, 0x2817, 0x2018, 0x1819, 0x1019, 0x081A, 0x001A, 0x001B, 0x001B, 0x001C, 0x001C, 0x001C,
    0x2083, 0x2083, 0x2083, 0x2083, 0x2084, 0x2084, 0x2084, 0x2085, 0x2085, 0x2086, 0x2087, 0x2868, 0x284A, 0x284B, 0x300D, 0x300F,
    0x3011, 0x3012, 0x3014, 0x2815, 0x2816, 0x2017, 0x2018, 0x1819, 0x101A, 0x081A, 0x001A, 0x001B, 0x001B, 0x001C, 0x001C, 0x001C,
    0x20A3, 0x20A3, 0x20A3, 0x20A3, 0x20A4, 0x20A4, 0x20A4, 0x2085, 0x2085, 0x2086, 0x2087, 0x2888, 0x286A, 0x284B, 0x282D, 0x280F,
    0x2811, 0x2812, 0x2814, 0x2815, 0x2816, 0x2017, 0x1818, 0x1819, 0x081A, 0x001A, 0x001A, 0x001B, 0x001B, 0x001C, 0x001C, 0x001C,
    0x20A2, 0x20A3, 0x20A3, 0x20A3, 0x20A3, 0x20A4, 0x20A4, 0x20A5, 0x20A5, 0x28A6, 0x20A7, 0x2888, 0x288A, 0x286B, 0x284D, 0x282F,
    0x2811, 0x2812, 0x2814, 0x2815, 0x2016, 0x1817, 0x1818, 0x1019, 0x0819, 0x001A, 0x001A, 0x001B, 0x001B, 0x001C, 0x001C, 0x001C,
    0x20C3, 0x20C3, 0x20C3, 0x20C3, 0x20C4, 0x20C4, 0x20C4, 0x20C5, 0x20A5, 0x20C6, 0x28A7, 0x28A9, 0x288A, 0x288B, 0x286D, 0x284F,
    0x2831, 0x2812, 0x2014, 0x2015, 0x1816, 0x1017, 0x1018, 0x0819, 0x0019, 0x001A, 0x001A, 0x001B, 0x001B, 0x001C, 0x001C, 0x001C,
    0x20C3, 0x20C3, 0x20C3, 0x20C3, 0x20E4, 0x20E4, 0x20E4, 0x20C5, 0x20C5, 0x20C6, 0x20C7, 0x28A9, 0x28AA, 0x288B, 0x208D, 0x206F,
    0x2051, 0x2032, 0x2014, 0x1815, 0x1016, 0x0817, 0x0818, 0x0019, 0x0019, 0x001A, 0x001A, 0x001B, 0x001B, 0x001C, 0x001C, 0x001C,
    0x20E3, 0x20E3, 0x20E3, 0x20E3, 0x20E4, 0x20E4, 0x2104, 0x20E5, 0x20E5, 0x20E6, 0x20E8, 0x20C9, 0x20CA, 0x20CC, 0x20CD, 0x20AF,
    0x1891, 0x1872, 0x1054, 0x0835, 0x0816, 0x0017, 0x0018, 0x0019, 0x0019, 0x001A, 0x001A, 0x001B, 0x001B, 0x001C, 0x001C, 0x001C,
    0x2103, 0x2103, 0x2103, 0x2103, 0x2104, 0x2104, 0x2124, 0x2125, 0x2106, 0x2106, 0x2108, 0x2109, 0x210A, 0x18EC, 0x18ED, 0x10CF,
    0x10B1, 0x08B3, 0x0094, 0x0075, 0x0056, 0x0057, 0x0038, 0x0039, 0x001A, 0x001A, 0x001A, 0x001B, 0x001B, 0x001C, 0x001C, 0x001C,
    0x2123, 0x2123, 0x2123, 0x2123, 0x2123, 0x2144, 0x2144, 0x2145, 0x2146, 0x2147, 0x2148, 0x1929, 0x192A, 0x112C, 0x090D, 0x010F,
    0x00F1, 0x00F3, 0x00F4, 0x00D5, 0x00B6, 0x00B7, 0x0098, 0x0079, 0x0079, 0x005A, 0x005A, 0x003B, 0x003B, 0x003C, 0x001C, 0x003D,
    0x2163, 0x2963, 0x2963, 0x2163, 0x2183, 0x2964, 0x2184, 0x2185, 0x2186, 0x2186, 0x1988, 0x1989, 0x116A, 0x016C, 0x014D, 0x014F,
    0x0131, 0x0133, 0x0134, 0x0115, 0x0116, 0x00F7, 0x00D8, 0x00D9, 0x00D9, 0x00BA, 0x00BB, 0x00BB, 0x009B, 0x009C, 0x009C, 0x009C,
    0x29A2, 0x29A3, 0x29A3, 0x29A3, 0x29C3, 0x29C3, 0x29C4, 0x21C4, 0x21C5, 0x21C6, 0x19C8, 0x11C9, 0x09CA, 0x01CC, 0x01AD, 0x01AF,
    0x01B1, 0x0192, 0x0174, 0x0155, 0x0156, 0x0157, 0x0138, 0x0139, 0x0119, 0x011A, 0x00FA, 0x00FB, 0x00DB, 0x00DB, 0x00DC, 0x00DC,
    0x2A02, 0x2A02, 0x2A02, 0x2A02, 0x2A03, 0x2A23, 0x2A24, 0x2224, 0x2225, 0x1A26, 0x1228, 0x0A29, 0x022A, 0x022C, 0x020D, 0x020F,
    0x0211, 0x01F2, 0x01D3, 0x01D5, 0x01B6, 0x01B7, 0x0198, 0x0179, 0x0159, 0x015A, 0x015A, 0x013B, 0x013B, 0x011B, 0x011C, 0x011C,
    0x3281, 0x3281, 0x3281, 0x3262, 0x3282, 0x2A82, 0x2AA3, 0x22A4, 0x1AA5, 0x1286, 0x0AA8, 0x02A9, 0x02AB, 0x028C, 0x028E, 0x028F,
    0x0291, 0x0272, 0x0273, 0x0255, 0x0236, 0x0217, 0x01F8, 0x01F9, 0x01D9, 0x01BA, 0x019A, 0x019B, 0x019B, 0x017B, 0x017C, 0x017C,
    0x3B00, 0x3B00, 0x3B00, 0x3300, 0x3301, 0x3321, 0x2B22, 0x2323, 0x1B24, 0x0B25, 0x0327, 0x0329, 0x032B, 0x030D, 0x030E, 0x0310,
    0x0312, 0x02F3, 0x02D4, 0x02D5, 0x02B6, 0x02B7, 0x0298, 0x0279, 0x0239, 0x021A, 0x021A, 0x01FB, 0x01FB, 0x01DC, 0x01DC, 0x01DC,
    0x3B80, 0x3380, 0x3380, 0x3380, 0x3380, 0x2BA0, 0x23A1, 0x1BA2, 0x0B84, 0x0385, 0x03A7, 0x03A9, 0x03AB, 0x03AD, 0x038E, 0x0390,
    0x0392, 0x0373, 0x0354, 0x0335, 0x0336, 0x0317, 0x02F8, 0x02D9, 0x02B9, 0x029A, 0x029A, 0x025B, 0x023B, 0x023B, 0x021C, 0x023C,
    0x3420, 0x3400, 0x3400, 0x2C00, 0x2C00, 0x2420, 0x1C20, 0x0C21, 0x0403, 0x0404, 0x0426, 0x0429, 0x042B, 0x042D, 0x040F, 0x0410,
    0x0412, 0x03F3, 0x03D4, 0x03B5, 0x0396, 0x0377, 0x0378, 0x0359, 0x0319, 0x031A, 0x02FA, 0x02DB, 0x02BB, 0x029B, 0x029C, 0x027C,
    0x2CA0, 0x2480, 0x2480, 0x2460, 0x1C80, 0x14A0, 0x0CA0, 0x0480, 0x0481, 0x0483, 0x04A6, 0x04A8, 0x04AB, 0x048D, 0x048F, 0x0491,
    0x0492, 0x0473, 0x0454, 0x0435, 0x0416, 0x03F7, 0x03D8, 0x03B8, 0x0399, 0x037A, 0x035A, 0x033A, 0x031B, 0x02FB, 0x02FC, 0x02FC,
    0x1D00, 0x1D00, 0x14E0, 0x14E0, 0x0CE0, 0x0500, 0x0500, 0x0500, 0x0500, 0x0502, 0x0505, 0x0507, 0x050A, 0x050C, 0x050E, 0x0511,
    0x0512, 0x04F3, 0x04B4, 0x0495, 0x0496, 0x0477, 0x0438, 0x0418, 0x03F9, 0x03DA, 0x03BA, 0x039A, 0x037B, 0x035B, 0x035C, 0x035C,
    0x0560, 0x0560, 0x0560, 0x0540, 0x0540, 0x0560, 0x0560, 0x0560, 0x0560, 0x0561, 0x0564, 0x0587, 0x0569, 0x056C, 0x056E, 0x0570,
    0x0572, 0x0553, 0x0534, 0x0515, 0x04F6, 0x04D7, 0x04B8, 0x0478, 0x0459, 0x0439, 0x041A, 0x03FA, 0x03DB, 0x03BB, 0x03BC, 0x039C,
    0x05E0, 0x05E0, 0x05E0, 0x05C0, 0x05C0, 0x05E0, 0x05E0, 0x05E0, 0x05E0, 0x05C0, 0x05E4, 0x05E7, 0x05E9, 0x05EC, 0x05EE, 0x05F0,
    0x05F2, 0x05D4, 0x05D5, 0x05B6, 0x0577, 0x0557, 0x0538, 0x04F8, 0x04D9, 0x04BA, 0x047A, 0x045A, 0x043B, 0x043B, 0x041C, 0x041C,
    0x0640, 0x0620, 0x0620, 0x0620, 0x0620, 0x0640, 0x0620, 0x0620, 0x0620, 0x0620, 0x0624, 0x0627, 0x0629, 0x062C, 0x062E, 0x0630,
    0x0632, 0x0633, 0x0635, 0x0616, 0x05F7, 0x05D7, 0x0598, 0x0578, 0x0539, 0x051A, 0x04FA, 0x04BA, 0x049B, 0x049B, 0x047C, 0x047C,
    0x0660, 0x0660, 0x0660, 0x0660, 0x0660, 0x0660, 0x0660, 0x0660, 0x0660, 0x0660, 0x0664, 0x0667, 0x0669, 0x066C, 0x066E, 0x0670,
    0x0671, 0x0673, 0x0674, 0x0675, 0x0657, 0x0638, 0x05F8, 0x05D8, 0x0599, 0x057A, 0x055A, 0x051A, 0x04FB, 0x04DB, 0x04BC, 0x04BC,
    0x06A0, 0x06A0, 0x06A0, 0x06A0, 0x0680, 0x06A0, 0x06A0, 0x06A0, 0x06A0, 0x0680, 0x06A4, 0x06A7, 0x06A9, 0x068B, 0x06AD, 0x06AF,
    0x06B1, 0x06B2, 0x0694, 0x0695, 0x0696, 0x0697, 0x0658, 0x0638, 0x05F9, 0x05DA, 0x059A, 0x057A, 0x055B, 0x053B, 0x051B, 0x051C,
    0x06C0, 0x06C0, 0x06C0, 0x06C0, 0x06C0, 0x06C0, 0x06C0, 0x06C0, 0x06C0, 0x06A0, 0x06C4, 0x06C7, 0x06C9, 0x06CB, 0x06CE, 0x06D0,
    0x06D1, 0x06B2, 0x06B3, 0x06B5, 0x06B6, 0x06B7, 0x0698, 0x0678, 0x0659, 0x0619, 0x05FA, 0x05DA, 0x05BB, 0x057B, 0x057B, 0x055B,
    0x06E0, 0x06E0, 0x06E0, 0x06E0, 0x06E0, 0x06E0, 0x06E0, 0x06E0, 0x06E0, 0x06E0, 0x06E4, 0x06E7, 0x06E9, 0x06EB, 0x06EE, 0x06F0,
    0x06F1, 0x06D2, 0x06F3, 0x06D4, 0x06D6, 0x06D7, 0x06D7, 0x06B8, 0x0699, 0x0679, 0x065A, 0x063A, 0x05FA, 0x05DB, 0x05BB, 0x05BB,
    0x0700, 0x0700, 0x0700, 0x0700, 0x0700, 0x0700, 0x0700, 0x0700, 0x0700, 0x0701, 0x0705, 0x0708, 0x070A, 0x070C, 0x070E, 0x06F0,
    0x06F1, 0x0EF3, 0x0EF3, 0x16F5, 0x16F6, 0x16F6, 0x1EF7, 0x16D8, 0x16D9, 0x0EB9, 0x069A, 0x067A, 0x065A, 0x063A, 0x061B, 0x061B,
    0x0720, 0x0720, 0x0720, 0x0720, 0x0720, 0x0720, 0x0720, 0x0720, 0x0720, 0x0723, 0x0726, 0x0729, 0x072B, 0x072D, 0x072F, 0x0711,
    0x1712, 0x2713, 0x2714, 0x3715, 0x3F16, 0x4716, 0x4717, 0x46F8, 0x3EF9, 0x26F9, 0x16FA, 0x0EDA, 0x0EBA, 0x069A, 0x0E7B, 0x0E7B,
    0x0720, 0x0740, 0x0740, 0x0740, 0x0740, 0x0740, 0x0740, 0x0740, 0x0740, 0x0744, 0x0747, 0x0749, 0x074B, 0x072D, 0x072F, 0x1731,
    0x2F32, 0x4713, 0x4714, 0x4F15, 0x5716, 0x5F16, 0x5F17, 0x5F18, 0x5F19, 0x5719, 0x4F1A, 0x46FA, 0x3EDA, 0x36DB, 0x36BB, 0x3E9B,
    0x0740, 0x0740, 0x0740, 0x0740, 0x0740, 0x0740, 0x0740, 0x0740, 0x0741, 0x0745, 0x0748, 0x074A, 0x074B, 0x074D, 0x074F, 0x1F51,
    0x3F32, 0x5734, 0x5F34, 0x5F35, 0x6736, 0x6F36, 0x6F37, 0x6F38, 0x6F38, 0x6F39, 0x6F39, 0x671A, 0x5F1A, 0x56FA, 0x56FB, 0x56DB,
    0x0760, 0x0760, 0x0760, 0x0760, 0x0760, 0x0760, 0x0760, 0x0760, 0x0762, 0x0765, 0x0768, 0x076A, 0x074C, 0x074E, 0x074F, 0x2751,
    0x4F52, 0x5F54, 0x6F35, 0x6F55, 0x7736, 0x7736, 0x7737, 0x7737, 0x7F38, 0x7F39, 0x7F39, 0x7F3A, 0x773A, 0x6F1A, 0x6F1B, 0x6EFB,
    0x0760, 0x0760, 0x0760, 0x0760, 0x0760, 0x0760, 0x0760, 0x0761, 0x0763, 0x0766, 0x0769, 0x076B, 0x076C, 0x076E, 0x0F70, 0x3771,
    0x5752, 0x6754, 0x7755, 0x7F56, 0x7F56, 0x8756, 0x8757, 0x8758, 0x8758, 0x8F39, 0x8F59, 0x8F39, 0x873A, 0x7F3A, 0x7F3B, 0x7F3B,
    0x0780, 0x0780, 0x0780, 0x0780, 0x0780, 0x0780, 0x0780, 0x0781, 0x0784, 0x0767, 0x0769, 0x078B, 0x078D, 0x076E, 0x2770, 0x4771,
    0x5F73, 0x6F74, 0x7F75, 0x8756, 0x8756, 0x8F57, 0x8F57, 0x8F58, 0x8F58, 0x9759, 0x9759, 0x9759, 0x975A, 0x8F5A, 0x8F5A, 0x8F3B,
    0x2082, 0x2083, 0x2083, 0x2083, 0x2884, 0x2884, 0x2884, 0x2885, 0x2885, 0x2886, 0x3067, 0x3049, 0x302A, 0x380B, 0x380D, 0x380F,
    0x3811, 0x3812, 0x3814, 0x3815, 0x3816, 0x3017, 0x2819, 0x2819, 0x281A, 0x201A, 0x181B, 0x181B, 0x081B, 0x001C, 0x001C, 0x001C,
    0x2083, 0x2883, 0x2883, 0x2883, 0x2884, 0x2884, 0x2884, 0x2885, 0x2885, 0x2886, 0x2867, 0x3069, 0x304A, 0x302B, 0x380D, 0x380F,
    0x3811, 0x3812, 0x3814, 0x3815, 0x3816, 0x3017, 0x3019, 0x2819, 0x201A, 0x201A, 0x181A, 0x101B, 0x081B, 0x001C, 0x001C, 0x001C,
    0x20A2, 0x20A3, 0x28A3, 0x28A3, 0x28A3, 0x28A4, 0x28A4, 0x28A5, 0x2885, 0x2886, 0x3087, 0x3069, 0x304A, 0x302B, 0x380D, 0x380F,
    0x3811, 0x3812, 0x3814, 0x3015, 0x3016, 0x3018, 0x2818, 0x2819, 0x2019, 0x181A, 0x181A, 0x101B, 0x001B, 0x001B, 0x001C, 0x001C,
    0x20A3, 0x20A3, 0x20A3, 0x28A3, 0x28A3, 0x28A4, 0x28A4, 0x28A5, 0x28A5, 0x28A6, 0x3087, 0x3089, 0x306A, 0x304C, 0x302D, 0x380F,
    0x3811, 0x3812, 0x3014, 0x3015, 0x3016, 0x2817, 0x2818, 0x2019, 0x2019, 0x181A, 0x101B, 0x081B, 0x001B, 0x001B, 0x001C, 0x001C,
    0x20C3, 0x20C3, 0x20C3, 0x20C3, 0x28C3, 0x20C4, 0x28C4, 0x28C5, 0x28C5, 0x28A6, 0x28A7, 0x3089, 0x308A, 0x306C, 0x304D, 0x302F,
    0x3811, 0x3012, 0x3014, 0x3015, 0x2816, 0x2817, 0x2018, 0x2019, 0x1819, 0x101A, 0x081A, 0x001A, 0x001B, 0x001B, 0x001C, 0x001C,
    0x20C3, 0x20C3, 0x20E3, 0x20E3, 0x20C3, 0x28E4, 0x20C4, 0x28C5, 0x28C5, 0x28C6, 0x28A7, 0x30A8, 0x30AA, 0x308C, 0x308D, 0x304F,
    0x3031, 0x3012, 0x2813, 0x2815, 0x2816, 0x2017, 0x2018, 0x1819, 0x1019, 0x081A, 0x001A, 0x001A, 0x001B, 0x001C, 0x001C, 0x001C,
    0x20E3, 0x20E3, 0x2103, 0x2103, 0x20E4, 0x28E4, 0x28E4, 0x28E5, 0x28E5, 0x28E6, 0x28E7, 0x28C9, 0x28CA, 0x30AC, 0x30AD, 0x308F,
    0x2871, 0x2852, 0x2834, 0x2015, 0x2016, 0x1818, 0x1818, 0x0819, 0x0019, 0x001A, 0x001A, 0x001B, 0x001B, 0x001C, 0x001C, 0x001C,
    0x2103, 0x2103, 0x2103, 0x2103, 0x2104, 0x2904, 0x2924, 0x2925, 0x2905, 0x2906, 0x2908, 0x2909, 0x28EA, 0x28EC, 0x28CD, 0x28CF,
    0x28B1, 0x2093, 0x2074, 0x1855, 0x1057, 0x0838, 0x0838, 0x0019, 0x0019, 0x001A, 0x001A, 0x001B, 0x001B, 0x001C, 0x001C, 0x001C,
    0x2123, 0x2123, 0x2123, 0x2124, 0x2124, 0x2944, 0x2944, 0x2945, 0x2945, 0x2946, 0x2948, 0x2929, 0x292B, 0x210C, 0x210E, 0x20F0,
    0x18F1, 0x10F3, 0x10D4, 0x08B5, 0x00B6, 0x0098, 0x0079, 0x0059, 0x005A, 0x003A, 0x003A, 0x003B, 0x001B, 0x001B, 0x001C, 0x001C,
    0x2963, 0x2963, 0x2943, 0x2963, 0x2964, 0x2964, 0x2964, 0x2985, 0x2986, 0x2987, 0x2988, 0x2969, 0x216B, 0x214D, 0x194E, 0x1150,
    0x0931, 0x0132, 0x0114, 0x0115, 0x00F6, 0x00F7, 0x00D8, 0x00B9, 0x00B9, 0x00BA, 0x009A, 0x009B, 0x009B, 0x009C, 0x007C, 0x007D,
    0x29A3, 0x29A3, 0x29A3, 0x29A3, 0x29A4, 0x31C4, 0x29C4, 0x29C4, 0x29C5, 0x29C7, 0x29C8, 0x21C9, 0x21AA, 0x11AC, 0x09AE, 0x018F,
    0x0191, 0x0172, 0x0174, 0x0155, 0x0156, 0x0138, 0x0138, 0x0119, 0x0119, 0x011A, 0x00FA, 0x00FB, 0x00DB, 0x00DC, 0x00DC, 0x00DC,
    0x3202, 0x3202, 0x3202, 0x3203, 0x3203, 0x3203, 0x3224, 0x3224, 0x3225, 0x2A26, 0x2228, 0x2229, 0x1A2A, 0x0A0C, 0x020D, 0x020F,
    0x01F1, 0x01F3, 0x01D4, 0x01B5, 0x0196, 0x0197, 0x0178, 0x0179, 0x0179, 0x015A, 0x015A, 0x013B, 0x013B, 0x011B, 0x011C, 0x011C,
    0x3A61, 0x3A61, 0x3A61, 0x3262, 0x3262, 0x3A83, 0x3283, 0x3284, 0x3285, 0x2A86, 0x1AA8, 0x12A9, 0x0AAB, 0x028C, 0x028E, 0x028F,
    0x0271, 0x0273, 0x0254, 0x0235, 0x0216, 0x01F7, 0x01D8, 0x01D9, 0x01B9, 0x01BA, 0x019A, 0x019B, 0x017B, 0x017B, 0x017C, 0x017C,
    0x4300, 0x4300, 0x42E0, 0x3AE0, 0x3B01, 0x3B22, 0x3B02, 0x3303, 0x2B04, 0x2326, 0x1327, 0x0329, 0x032B, 0x030D, 0x030F, 0x0310,
    0x02F2, 0x02F3, 0x02D4, 0x02B5, 0x02B6, 0x0297, 0x0278, 0x0239, 0x0239, 0x021A, 0x021A, 0x01FB, 0x01FB, 0x01FC, 0x01DC, 0x01DC,
    0x4380, 0x4380, 0x4360, 0x3B60, 0x3B60, 0x3B80, 0x3381, 0x2B82, 0x2384, 0x1BA5, 0x0BA7, 0x03A9, 0x03AB, 0x038D, 0x038F, 0x0390,
    0x0372, 0x0373, 0x0354, 0x0335, 0x0316, 0x0317, 0x02F8, 0x02D9, 0x02BA, 0x029A, 0x027A, 0x025B, 0x023B, 0x023C, 0x023C, 0x023C,
    0x3C00, 0x3C00, 0x3BE0, 0x3BE0, 0x33E0, 0x3400, 0x2C20, 0x2401, 0x1C02, 0x0C25, 0x0426, 0x0428, 0x042B, 0x040D, 0x040F, 0x0410,
    0x03F2, 0x03F3, 0x03D4, 0x03B5, 0x0396, 0x0377, 0x0358, 0x0339, 0x0319, 0x031A, 0x02FA, 0x02DB, 0x02BB, 0x029C, 0x027C, 0x027C,
    0x3480, 0x3480, 0x3480, 0x3460, 0x2C80, 0x2C80, 0x24A0, 0x1480, 0x0C81, 0x0484, 0x04A6, 0x04A8, 0x04AA, 0x048C, 0x048F, 0x0490,
    0x0492, 0x0473, 0x0454, 0x0415, 0x0416, 0x03F7, 0x03B8, 0x0398, 0x0399, 0x0379, 0x035A, 0x033A, 0x031B, 0x02FB, 0x02DC, 0x02DC,
    0x2D00, 0x2D00, 0x2CE0, 0x24E0, 0x24E0, 0x1D00, 0x0D00, 0x0500, 0x0500, 0x0502, 0x0525, 0x0527, 0x050A, 0x050C, 0x050E, 0x0510,
    0x0512, 0x04F3, 0x04D4, 0x0495, 0x0476, 0x0457, 0x0438, 0x03F8, 0x03D9, 0x03D9, 0x03BA, 0x039B, 0x037B, 0x035B, 0x035C, 0x035C,
    0x1D60, 0x1D60, 0x1D60, 0x1540, 0x0D60, 0x0580, 0x0560, 0x0560, 0x0560, 0x0560, 0x0564, 0x0567, 0x0569, 0x056B, 0x056E, 0x0570,
    0x0572, 0x0553, 0x0534, 0x0515, 0x04F6, 0x04D7, 0x04B8, 0x0478, 0x0459, 0x0439, 0x041A, 0x03FB, 0x03DB, 0x03BB, 0x039C, 0x039C,
    0x05E0, 0x05E0, 0x05C0, 0x05C0, 0x05C0, 0x05E0, 0x05E0, 0x05C0, 0x05E0, 0x05E0, 0x05E4, 0x05E7, 0x05E9, 0x05EC, 0x05EE, 0x05F0,
    0x05F2, 0x05D3, 0x05B5, 0x0596, 0x0577, 0x0557, 0x0538, 0x04F8, 0x04D9, 0x0499, 0x047A, 0x045B, 0x043B, 0x041B, 0x041C, 0x041C,
    0x0640, 0x0620, 0x0620, 0x0620, 0x0620, 0x0640, 0x0620, 0x0620, 0x0620, 0x0620, 0x0624, 0x0627, 0x0629, 0x062C, 0x062E, 0x0630,
    0x0632, 0x0633, 0x0635, 0x0616, 0x05F7, 0x05D7, 0x0598, 0x0578, 0x0539, 0x0519, 0x04FA, 0x04BA, 0x049B, 0x049B, 0x047B, 0x047C,
    0x0680, 0x0660, 0x0660, 0x0660, 0x0660, 0x0660, 0x0660, 0x0660, 0x0660, 0x0660, 0x0664, 0x0667, 0x0669, 0x066B, 0x066E, 0x0670,
    0x0671, 0x0673, 0x0674, 0x0676, 0x0657, 0x0637, 0x0618, 0x05D8, 0x0599, 0x0579, 0x055A, 0x051A, 0x04FB, 0x04DB, 0x04DB, 0x04BC,
    0x06A0, 0x0680, 0x06A0, 0x06A0, 0x06A0, 0x0680, 0x06A0, 0x0680, 0x0680, 0x06A0, 0x06A4, 0x06A7, 0x06A9, 0x068C, 0x068E, 0x0690,
    0x0691, 0x06B2, 0x0694, 0x0695, 0x0696, 0x0677, 0x0658, 0x0638, 0x05F9, 0x05D9, 0x05BA, 0x057A, 0x055B, 0x053B, 0x051B, 0x051C,
    0x06C0, 0x06C0, 0x06C0, 0x06C0, 0x06C0, 0x06C0, 0x06C0, 0x06C0, 0x06A0, 0x06C0, 0x06C4, 0x06C7, 0x06C9, 0x06CC, 0x06CE, 0x06D0,
    0x06D1, 0x06D3, 0x06B4, 0x06B5, 0x06B6, 0x06B7, 0x06B8, 0x0678, 0x0659, 0x0619, 0x05FA, 0x05DA, 0x05BA, 0x059B, 0x057B, 0x055B,
    0x06E0, 0x06E0, 0x06E0, 0x06E0, 0x06E0, 0x06E0, 0x06E0, 0x06E0, 0x06E0, 0x06E0, 0x06E4, 0x06E7, 0x06E9, 0x06EC, 0x06EE, 0x06F0,
    0x06F1, 0x06D3, 0x06D4, 0x06D5, 0x06D6, 0x06D7, 0x06D8, 0x06B8, 0x0699, 0x0679, 0x065A, 0x063A, 0x061A, 0x05FB, 0x05DB, 0x05BB,
    0x0700, 0x0700, 0x0700, 0x0700, 0x0700, 0x0700, 0x0700, 0x0700, 0x0700, 0x0701, 0x0705, 0x0708, 0x070A, 0x070C, 0x06EE, 0x06F0,
    0x0EF2, 0x16F3, 0x16F4, 0x1EF5, 0x1EF6, 0x1EF6, 0x1EF7, 0x1EF8, 0x1ED9, 0x16B9, 0x169A, 0x067A, 0x065A, 0x063B, 0x063B, 0x061B,
    0x0720, 0x0720, 0x0720, 0x0720, 0x0720, 0x0720, 0x0720, 0x0720, 0x0720, 0x0723, 0x0726, 0x0729, 0x072B, 0x072D, 0x070F, 0x0F11,
    0x2712, 0x3F13, 0x4714, 0x4715, 0x4F16, 0x5716, 0x5717, 0x5718, 0x4EF9, 0x46F9, 0x36DA, 0x16BA, 0x0EBA, 0x0E9B, 0x0E7B, 0x167B,
    0x0720, 0x0720, 0x0740, 0x0740, 0x0720, 0x0740, 0x0740, 0x0740, 0x0740, 0x0724, 0x0727, 0x0729, 0x072B, 0x072D, 0x072F, 0x1F31,
    0x3F32, 0x4F14, 0x5734, 0x5F35, 0x5F16, 0x6716, 0x6717, 0x6718, 0x6719, 0x6719, 0x5F1A, 0x4EFA, 0x46DA, 0x46DB, 0x46BB, 0x469B,
    0x0740, 0x0740, 0x0740, 0x0740, 0x0740, 0x0740, 0x0740, 0x0740, 0x0741, 0x0745, 0x0747, 0x074A, 0x074B, 0x074D, 0x074F, 0x2751,
    0x4733, 0x5F34, 0x6735, 0x6F35, 0x6F36, 0x7717, 0x7717, 0x7738, 0x7738, 0x7739, 0x7719, 0x6F1A, 0x671A, 0x66FB, 0x5EDB, 0x5EDB,
    0x0740, 0x0760, 0x0760, 0x0760, 0x0760, 0x0760, 0x0760, 0x0760, 0x0762, 0x0765, 0x0748, 0x074A, 0x076C, 0x074D, 0x0F4F, 0x3751,
    0x4F53, 0x6734, 0x6F35, 0x7736, 0x7F36, 0x7F37, 0x7F37, 0x7F38, 0x8738, 0x8739, 0x8739, 0x7F3A, 0x7F3A, 0x771A, 0x771B, 0x771B,
    0x0760, 0x0760, 0x0760, 0x0760, 0x0760, 0x0760, 0x0760, 0x0761, 0x0763, 0x0766, 0x0769, 0x076B, 0x076C, 0x076D, 0x2770, 0x3F71,
    0x5753, 0x6753, 0x7755, 0x7F36, 0x8756, 0x8757, 0x8757, 0x8F38, 0x8F58, 0x8F59, 0x8F39, 0x8F3A, 0x8F3A, 0x873A, 0x873B, 0x873B,
    0x0780, 0x0780, 0x0780, 0x0780, 0x0780, 0x0780, 0x0780, 0x0781, 0x0784, 0x0787, 0x0789, 0x078B, 0x076D, 0x076E, 0x2F70, 0x4F72,
    0x5F73, 0x6F74, 0x7F55, 0x8756, 0x8F56, 0x8F57, 0x8F57, 0x8F58, 0x9758, 0x9759, 0x9759, 0x975A, 0x975A, 0x975A, 0x8F3B, 0x8F3B,
    0x2882, 0x2882, 0x2883, 0x2883, 0x2883, 0x2884, 0x2884, 0x2885, 0x3086, 0x3066, 0x3067, 0x3849, 0x382A, 0x400C, 0x400D, 0x400F,
    0x4011, 0x4812, 0x4014, 0x4015, 0x4016, 0x4017, 0x3818, 0x3819, 0x301A, 0x301A, 0x281B, 0x201B, 0x201B, 0x181C, 0x101C, 0x101C,
    0x2882, 0x2883, 0x2883, 0x2883, 0x2883, 0x2884, 0x3084, 0x3085, 0x3085, 0x3086, 0x3067, 0x3849, 0x382A, 0x400C, 0x400D, 0x400F,
    0x4011, 0x4013, 0x4014, 0x4015, 0x4016, 0x3817, 0x3818, 0x3819, 0x3019, 0x301A, 0x281B, 0x201B, 0x201B, 0x181C, 0x101C, 0x101C,
    0x28A2, 0x28A3, 0x28A3, 0x28A3, 0x28A3, 0x3084, 0x3084, 0x3085, 0x3085, 0x3086, 0x3067, 0x3849, 0x382A, 0x400C, 0x400D, 0x400F,
    0x4011, 0x4012, 0x4014, 0x4015, 0x4016, 0x3817, 0x3818, 0x3019, 0x3019, 0x281A, 0x281B, 0x201B, 0x181B, 0x101C, 0x101C, 0x081C,
    0x28A2, 0x28A3, 0x28A3, 0x28A3, 0x28A3, 0x28A4, 0x30A4, 0x30A5, 0x30A5, 0x3086, 0x3087, 0x3869, 0x384A, 0x402C, 0x400D, 0x400F,
    0x4011, 0x4012, 0x4014, 0x4015, 0x3816, 0x3817, 0x3818, 0x3019, 0x2819, 0x281A, 0x201B, 0x201B, 0x181B, 0x101C, 0x081C, 0x001C,
    0x28C3, 0x28C3, 0x28C3, 0x28C3, 0x28C3, 0x28C4, 0x30A4, 0x30A5, 0x30A5, 0x30A6, 0x30A7, 0x3889, 0x386A, 0x384C, 0x402D, 0x400F,
    0x4011, 0x4012, 0x4014, 0x3815, 0x3816, 0x3817, 0x3018, 0x3019, 0x2819, 0x201A, 0x201A, 0x181B, 0x101B, 0x101B, 0x081C, 0x001C,
    0x28C3, 0x28E3, 0x28E3, 0x28E3, 0x28E3, 0x30E4, 0x30C4, 0x30C5, 0x30C5, 0x30C6, 0x30A7, 0x38A9, 0x388A, 0x386C, 0x386D, 0x382F,
    0x4011, 0x3812, 0x3814, 0x3815, 0x3816, 0x3017, 0x3018, 0x2819, 0x2019, 0x201A, 0x181A, 0x101B, 0x101B, 0x081B, 0x001C, 0x001C,
    0x28E3, 0x28E3, 0x2903, 0x2903, 0x28E4, 0x30E4, 0x30E4, 0x30E5, 0x30E5, 0x30E6, 0x30C8, 0x38C9, 0x38AA, 0x38AC, 0x388D, 0x386F,
    0x3851, 0x3833, 0x3814, 0x3015, 0x3017, 0x2818, 0x2818, 0x2019, 0x181A, 0x181A, 0x101A, 0x081B, 0x081B, 0x001B, 0x001C, 0x001C,
    0x2903, 0x2903, 0x2903, 0x2903, 0x2904, 0x2924, 0x3104, 0x3105, 0x3105, 0x3106, 0x3108, 0x38E9, 0x38EB, 0x38EC, 0x38CE, 0x38B0,
    0x3891, 0x3073, 0x3054, 0x2836, 0x2837, 0x2038, 0x2018, 0x1819, 0x101A, 0x081A, 0x081A, 0x001B, 0x001B, 0x001B, 0x001C, 0x001C,
    0x2923, 0x2923, 0x2923, 0x2923, 0x2924, 0x2944, 0x3144, 0x3145, 0x3146, 0x3147, 0x3148, 0x3929, 0x390B, 0x310D, 0x310E, 0x30F0,
    0x30F1, 0x28D3, 0x28B4, 0x2096, 0x2097, 0x1878, 0x1058, 0x1039, 0x083A, 0x003A, 0x003A, 0x003B, 0x001B, 0x001B, 0x001C, 0x001C,
    0x3143, 0x2943, 0x2943, 0x2943, 0x2964, 0x3164, 0x3164, 0x3165, 0x3186, 0x3186, 0x3188, 0x3169, 0x316B, 0x314C, 0x314E, 0x2950,
    0x2131, 0x2113, 0x1914, 0x18F5, 0x10F6, 0x08D7, 0x00D8, 0x00B9, 0x009A, 0x009A, 0x009A, 0x009B, 0x007B, 0x007C, 0x007C, 0x007C,
    0x31A3, 0x31A3, 0x31A3, 0x31A3, 0x31A4, 0x31A4, 0x31C4, 0x31C5, 0x31C6, 0x31C6, 0x39C8, 0x31C9, 0x31AB, 0x29AC, 0x218E, 0x1990,
    0x1991, 0x1173, 0x0954, 0x0155, 0x0136, 0x0137, 0x0118, 0x0119, 0x00FA, 0x00FA, 0x00FA, 0x00DB, 0x00DB, 0x00DC, 0x00DC, 0x00DC,
    0x3A02, 0x3A02, 0x39E3, 0x39E3, 0x3A03, 0x3A04, 0x3A04, 0x3A25, 0x3A25, 0x3226, 0x3228, 0x3229, 0x2A2B, 0x220C, 0x19EE, 0x11EF,
    0x09F1, 0x09D3, 0x01B4, 0x0195, 0x0196, 0x0197, 0x0178, 0x0159, 0x0159, 0x015A, 0x013A, 0x013B, 0x013B, 0x011B, 0x011C, 0x011C,
    0x4261, 0x3A61, 0x3A62, 0x3A62, 0x3A63, 0x3A83, 0x3A84, 0x3A84, 0x3A85, 0x3286, 0x32A7, 0x2AA9, 0x228B, 0x1A8C, 0x126E, 0x026F,
    0x0271, 0x0253, 0x0234, 0x0215, 0x0216, 0x01F7, 0x01D8, 0x01B9, 0x01B9, 0x01BA, 0x019A, 0x019A, 0x019B, 0x017B, 0x017C, 0x017C,
    0x42E0, 0x42E0, 0x42E0, 0x42E1, 0x42E2, 0x4302, 0x4303, 0x4303, 0x3B04, 0x3305, 0x2B27, 0x2329, 0x1B2B, 0x1B0D, 0x0B0E, 0x02F0,
    0x02F1, 0x02D3, 0x02D4, 0x02B5, 0x0296, 0x0278, 0x0258, 0x0239, 0x021A, 0x021A, 0x01FB, 0x01FB, 0x01FB, 0x01FB, 0x01DC, 0x01DC,
    0x4380, 0x4360, 0x4360, 0x4360, 0x4360, 0x4380, 0x4381, 0x3B82, 0x3B84, 0x3385, 0x23A7, 0x1BA9, 0x13AB, 0x03AD, 0x038F, 0x0390,
    0x0372, 0x0353, 0x0334, 0x0335, 0x0316, 0x02F7, 0x02D8, 0x02B9, 0x0299, 0x027A, 0x027A, 0x025B, 0x023B, 0x023B, 0x023C, 0x023C,
    0x4400, 0x4400, 0x43E0, 0x43E0, 0x43E0, 0x3C00, 0x3C00, 0x3401, 0x2C03, 0x2404, 0x1C26, 0x0C28, 0x042A, 0x042D, 0x042F, 0x0410,
    0x03F2, 0x03D3, 0x03B4, 0x0395, 0x0396, 0x0377, 0x0358, 0x0339, 0x0319, 0x02FA, 0x02DA, 0x02BB, 0x02BB, 0x029B, 0x027C, 0x029C,
    0x4480, 0x4480, 0x3C60, 0x3C60, 0x3C60, 0x3C80, 0x3480, 0x2C80, 0x2481, 0x1C83, 0x0CA6, 0x04A8, 0x04AA, 0x048C, 0x04AF, 0x0491,
    0x0492, 0x0473, 0x0434, 0x0415, 0x03F6, 0x03D7, 0x03B8, 0x0398, 0x0379, 0x035A, 0x035A, 0x033B, 0x031B, 0x02FB, 0x02DC, 0x02DC,
    0x3D00, 0x3D00, 0x3CE0, 0x34E0, 0x34E0, 0x2D00, 0x2500, 0x1D00, 0x1500, 0x0D02, 0x0525, 0x0527, 0x050A, 0x050C, 0x050E, 0x0510,
    0x0512, 0x04F4, 0x04D4, 0x0495, 0x0476, 0x0457, 0x0438, 0x0418, 0x03D9, 0x03BA, 0x03BA, 0x039B, 0x037B, 0x035B, 0x035C, 0x035C,
    0x3560, 0x3560, 0x2D40, 0x2D40, 0x2540, 0x2560, 0x1D60, 0x0D60, 0x0560, 0x0560, 0x0564, 0x0567, 0x0569, 0x056B, 0x056D, 0x0570,
    0x0572, 0x0573, 0x0554, 0x0515, 0x04F6, 0x04D7, 0x0498, 0x0478, 0x0439, 0x0419, 0x041A, 0x03FA, 0x03BB, 0x03BB, 0x039C, 0x03BC,
    0x25E0, 0x25C0, 0x1DC0, 0x1DC0, 0x15C0, 0x0DE0, 0x05E0, 0x05C0, 0x05E0, 0x05E0, 0x05E4, 0x05E7, 0x05EA, 0x05EC, 0x05EE, 0x05F0,
    0x05F2, 0x05D3, 0x05D5, 0x05B6, 0x0596, 0x0557, 0x0538, 0x04F8, 0x04D9, 0x049A, 0x047A, 0x045A, 0x043B, 0x041B, 0x041C, 0x041C,
    0x1640, 0x0E20, 0x0E20, 0x0E20, 0x0620, 0x0640, 0x0620, 0x0620, 0x0620, 0x0620, 0x0624, 0x0627, 0x0629, 0x062C, 0x062E, 0x0630,
    0x0632, 0x0633, 0x0635, 0x0616, 0x05F7, 0x05D7, 0x0598, 0x0578, 0x0539, 0x051A, 0x04DA, 0x04BA, 0x049B, 0x047B, 0x047B, 0x047C,
    0x0660, 0x0660, 0x0660, 0x0660, 0x0660, 0x0660, 0x0660, 0x0660, 0x0660, 0x0660, 0x0664, 0x0667, 0x0669, 0x066C, 0x066E, 0x0670,
    0x0671, 0x0673, 0x0654, 0x0655, 0x0657, 0x0637, 0x05F8, 0x05D8, 0x0599, 0x0579, 0x055A, 0x051A, 0x04FA, 0x04DB, 0x04DB, 0x04DC,
    0x06A0, 0x0680, 0x06A0, 0x06A0, 0x0680, 0x0680, 0x0680, 0x0680, 0x0680, 0x06A0, 0x06A4, 0x06A7, 0x06A9, 0x068C, 0x068E, 0x0690,
    0x0691, 0x0693, 0x0694, 0x0695, 0x0696, 0x0677, 0x0678, 0x0638, 0x05F9, 0x05D9, 0x05BA, 0x057A, 0x055A, 0x053B, 0x053B, 0x051C,
    0x06C0, 0x06C0, 0x06C0, 0x06C0, 0x06C0, 0x06C0, 0x06C0, 0x06C0, 0x06C0, 0x06A0, 0x06C4, 0x06C7, 0x06C9, 0x06CB, 0x06CD, 0x06D0,
    0x06B1, 0x06B2, 0x06B4, 0x06B5, 0x06B6, 0x06B7, 0x06B8, 0x0678, 0x0659, 0x0639, 0x05FA, 0x05DA, 0x05BA, 0x059B, 0x057B, 0x057C,
    0x06E0, 0x06E0, 0x06E0, 0x06E0, 0x06E0, 0x06E0, 0x06E0, 0x06E0, 0x06E0, 0x06C0, 0x06E4, 0x06E7, 0x06E9, 0x06EB, 0x06EE, 0x06D0,
    0x06D1, 0x06D2, 0x06D4, 0x06D5, 0x0ED6, 0x16D6, 0x16D7, 0x06B8, 0x0699, 0x0679, 0x065A, 0x063A, 0x061A, 0x05FB, 0x05DB, 0x05BB,
    0x0700, 0x0700, 0x0700, 0x0700, 0x0700, 0x0700, 0x0700, 0x0700, 0x0700, 0x0701, 0x0705, 0x0708, 0x070A, 0x06EC, 0x06EE, 0x0EF0,
    0x16F2, 0x1EF3, 0x1EF4, 0x26F5, 0x2EF6, 0x36F6, 0x36F7, 0x26D8, 0x1ED9, 0x1EB9, 0x169A, 0x169A, 0x0E5A, 0x0E3B, 0x0E3B, 0x0E1B,
    0x0720, 0x0720, 0x0720, 0x0720, 0x0720, 0x0720, 0x0720, 0x0720, 0x0720, 0x0723, 0x0726, 0x0729, 0x070B, 0x070D, 0x070F, 0x1F11,
    0x3F12, 0x4F13, 0x4F14, 0x5715, 0x5F16, 0x5F17, 0x66F7, 0x66F8, 0x5EF9, 0x56F9, 0x46DA, 0x36BA, 0x2EBA, 0x269B, 0x2E7B, 0x367B,
    0x0720, 0x0740, 0x0740, 0x0720, 0x0740, 0x0740, 0x0720, 0x0720, 0x0720, 0x0724, 0x0747, 0x0729, 0x072B, 0x072D, 0x072F, 0x2731,
    0x4732, 0x5734, 0x5F34, 0x6735, 0x6F16, 0x6F16, 0x6F17, 0x6F18, 0x6F18, 0x6F19, 0x6719, 0x5EFA, 0x56DA, 0x4EDB, 0x4EBB, 0x569B,
    0x0740, 0x0740, 0x0740, 0x0740, 0x0740, 0x0740, 0x0740, 0x0740, 0x0741, 0x0745, 0x0747, 0x0749, 0x074C, 0x074D, 0x0F4F, 0x3731,
    0x4F32, 0x5F34, 0x6F35, 0x7735, 0x7736, 0x7737, 0x7F37, 0x7F18, 0x7F18, 0x7F19, 0x7F19, 0x771A, 0x6F1A, 0x6EFA, 0x6EDB, 0x6EDB,
    0x0760, 0x0760, 0x0760, 0x0760, 0x0760, 0x0760, 0x0760, 0x0760, 0x0762, 0x0766, 0x0748, 0x074A, 0x074C, 0x074D, 0x1F4F, 0x3F51,
    0x5752, 0x6754, 0x7735, 0x7F36, 0x7F36, 0x8737, 0x8737, 0x8738, 0x8F38, 0x8F39, 0x8F39, 0x873A, 0x7F3A, 0x7F1A, 0x7F1B, 0x76FB,
    0x0760, 0x0760, 0x0760, 0x0760, 0x0760, 0x0760, 0x0760, 0x0761, 0x0763, 0x0766, 0x0769, 0x076A, 0x076C, 0x076E, 0x2F70, 0x4751,
    0x5F52, 0x6F54, 0x7F55, 0x8756, 0x8736, 0x8F37, 0x8F37, 0x8F38, 0x8F38, 0x9739, 0x9739, 0x973A, 0x8F3A, 0x8F3A, 0x873B, 0x871B,
    0x0780, 0x0760, 0x0760, 0x0760, 0x0760, 0x0780, 0x0780, 0x0781, 0x0784, 0x0787, 0x0789, 0x076B, 0x076C, 0x176E, 0x3770, 0x4F71,
    0x6773, 0x7754, 0x7F55, 0x8F56, 0x8F56, 0x9757, 0x9757, 0x9758, 0x9758, 0x9759, 0x9F59, 0x9F5A, 0x975A, 0x975A, 0x973A, 0x973B,
    0x3083, 0x3083, 0x3083, 0x3063, 0x3063, 0x3064, 0x3064, 0x3065, 0x3066, 0x3866, 0x3847, 0x4029, 0x400A, 0x480C, 0x480E, 0x5010,
    0x5011, 0x5013, 0x5014, 0x4815, 0x4816, 0x4817, 0x4019, 0x4019, 0x4019, 0x381A, 0x381B, 0x301B, 0x301B, 0x281C, 0x201C, 0x201C,
    0x3083, 0x3083, 0x3083, 0x3083, 0x3083, 0x3084, 0x3864, 0x3865, 0x3866, 0x3866, 0x3847, 0x4029, 0x400A, 0x480C, 0x480E, 0x480F,
    0x4811, 0x5013, 0x4814, 0x4815, 0x4816, 0x4817, 0x4018, 0x4019, 0x4019, 0x381A, 0x381B, 0x301B, 0x281B, 0x281C, 0x201C, 0x201C,
    0x30A3, 0x30A3, 0x30A3, 0x3083, 0x3883, 0x3084, 0x3884, 0x3885, 0x3886, 0x3866, 0x3868, 0x4049, 0x402A, 0x480C, 0x480E, 0x480F,
    0x4811, 0x4813, 0x4814, 0x4815, 0x4816, 0x4017, 0x4018, 0x4019, 0x3819, 0x381A, 0x301A, 0x301B, 0x281B, 0x281C, 0x201C, 0x181C,
    0x30A2, 0x30A3, 0x30A3, 0x30A3, 0x30A3, 0x38A4, 0x38A4, 0x3885, 0x3885, 0x3886, 0x3868, 0x4069, 0x402A, 0x480C, 0x480E, 0x480F,
    0x4811, 0x4813, 0x4814, 0x4815, 0x4816, 0x4017, 0x4018, 0x4019, 0x3819, 0x301A, 0x301A, 0x281B, 0x281B, 0x201C, 0x201C, 0x181C,
    0x30C2, 0x30C3, 0x30C3, 0x30C3, 0x30C3, 0x38A4, 0x38A4, 0x38A5, 0x38A5, 0x38A6, 0x3888, 0x4089, 0x406A, 0x402C, 0x480E, 0x480F,
    0x4811, 0x4812, 0x4814, 0x4815, 0x4016, 0x4017, 0x4018, 0x3819, 0x3819, 0x301A, 0x301B, 0x281B, 0x201B, 0x201C, 0x181C, 0x101C,
    0x30E3, 0x30E3, 0x30E3, 0x30E3, 0x30E3, 0x38E4, 0x38C4, 0x38C5, 0x38C5, 0x38A6, 0x38A8, 0x40A9, 0x408A, 0x404C, 0x402D, 0x480F,
    0x4811, 0x4813, 0x4014, 0x4015, 0x4016, 0x4017, 0x3818, 0x3819, 0x3019, 0x301A, 0x281B, 0x281B, 0x201B, 0x181B, 0x101C, 0x081C,
    0x30E3, 0x3103, 0x3103, 0x3103, 0x3103, 0x3904, 0x38E4, 0x38E5, 0x38E6, 0x38C6, 0x40C8, 0x40C9, 0x40AB, 0x408C, 0x406E, 0x4850,
    0x4831, 0x4013, 0x4014, 0x4015, 0x4017, 0x3818, 0x3818, 0x3019, 0x301A, 0x281A, 0x201B, 0x201B, 0x181B, 0x101C, 0x081C, 0x081C,
    0x3103, 0x3123, 0x3123, 0x3123, 0x3124, 0x3924, 0x3924, 0x3905, 0x3906, 0x3906, 0x40E8, 0x40E9, 0x40EB, 0x40CC, 0x40AE, 0x4090,
    0x4071, 0x4053, 0x4034, 0x3836, 0x3817, 0x3818, 0x3018, 0x2819, 0x281A, 0x201A, 0x181B, 0x181B, 0x101B, 0x081C, 0x081C, 0x001C,
    0x3123, 0x3143, 0x3143, 0x3143, 0x3144, 0x3944, 0x3944, 0x3945, 0x3946, 0x4146, 0x4128, 0x4129, 0x410B, 0x410D, 0x40EE, 0x40F0,
    0x40D1, 0x38B3, 0x3894, 0x3876, 0x3057, 0x2858, 0x2838, 0x2039, 0x181A, 0x181A, 0x101A, 0x101B, 0x081B, 0x081C, 0x001C, 0x001C,
    0x3143, 0x3163, 0x3163, 0x3164, 0x3164, 0x3164, 0x3984, 0x3985, 0x3966, 0x4186, 0x4168, 0x4169, 0x416B, 0x414D, 0x412E, 0x3930,
    0x3931, 0x3913, 0x30F4, 0x28F5, 0x28D6, 0x20D7, 0x18B9, 0x1899, 0x109A, 0x107A, 0x087A, 0x087B, 0x005B, 0x005B, 0x005C, 0x005C,
    0x3183, 0x39A3, 0x39A3, 0x39A4, 0x39A4, 0x39A4, 0x39A4, 0x39C5, 0x39C6, 0x41C6, 0x41C8, 0x41C9, 0x41AB, 0x39AC, 0x398E, 0x3190,
    0x3171, 0x2973, 0x2154, 0x2135, 0x1937, 0x1118, 0x1118, 0x08F9, 0x08FA, 0x00DA, 0x00DA, 0x00DB, 0x00DB, 0x00BC, 0x00BC, 0x00BC,
    0x39E3, 0x39E3, 0x39E3, 0x39E3, 0x39E4, 0x3A04, 0x4204, 0x4205, 0x3A05, 0x4206, 0x4228, 0x4229, 0x3A0B, 0x320C, 0x31EE, 0x29F0,
    0x21D1, 0x19D3, 0x11B4, 0x1195, 0x0996, 0x0977, 0x0178, 0x0159, 0x015A, 0x013A, 0x013A, 0x013B, 0x013B, 0x011B, 0x011C, 0x011C,
    0x4262, 0x4262, 0x4262, 0x4263, 0x4263, 0x4263, 0x4264, 0x4284, 0x4285, 0x4286, 0x4287, 0x3AA9, 0x3A8B, 0x328C, 0x2A6E, 0x2270,
    0x1A51, 0x1233, 0x0A14, 0x0A15, 0x01F6, 0x01F7, 0x01D8, 0x01B9, 0x01B9, 0x019A, 0x019A, 0x019B, 0x019B, 0x017B, 0x017C, 0x017C,
    0x4AE0, 0x4AE1, 0x4AE1, 0x4AE1, 0x4AE2, 0x4AE2, 0x4B03, 0x4B04, 0x4305, 0x4306, 0x4328, 0x3B29, 0x332B, 0x2B2D, 0x230F, 0x1AF0,
    0x12F2, 0x0AD3, 0x02B4, 0x0296, 0x0277, 0x0258, 0x0258, 0x0239, 0x0239, 0x021A, 0x021B, 0x01FB, 0x01FB, 0x01DB, 0x01DC, 0x01DC,
    0x4B60, 0x4B60, 0x4B60, 0x4B60, 0x4B60, 0x4B81, 0x4B82, 0x4B83, 0x4384, 0x4385, 0x3BA7, 0x33A9, 0x2BAB, 0x1BAD, 0x1B8F, 0x1390,
    0x0B72, 0x0353, 0x0334, 0x0315, 0x0316, 0x02F7, 0x02D8, 0x02B9, 0x029A, 0x027A, 0x027A, 0x025B, 0x023B, 0x023B, 0x023C, 0x023C,
    0x4BE0, 0x4BE0, 0x4BE0, 0x4BE0, 0x4BE0, 0x4C00, 0x4C00, 0x4401, 0x4403, 0x3C05, 0x3426, 0x2428, 0x1C2A, 0x142C, 0x0C2F, 0x0410,
    0x03F2, 0x03D3, 0x03B4, 0x0395, 0x0376, 0x0377, 0x0358, 0x0339, 0x02F9, 0x02FA, 0x02DA, 0x02BB, 0x029B, 0x029B, 0x027C, 0x029C,
    0x4C80, 0x4C60, 0x4C60, 0x4C60, 0x4C60, 0x4480, 0x4480, 0x3C80, 0x3C81, 0x2C83, 0x24A6, 0x1CA8, 0x0CAA, 0x048C, 0x04AE, 0x0490,
    0x0492, 0x0473, 0x0434, 0x0415, 0x03F6, 0x03D7, 0x03B8, 0x0399, 0x0379, 0x035A, 0x033A, 0x031B, 0x02FB, 0x02FB, 0x02DC, 0x02DC,
    0x4500, 0x44E0, 0x44E0, 0x44E0, 0x44E0, 0x3D00, 0x3D00, 0x3500, 0x2D00, 0x2502, 0x1505, 0x0D27, 0x0509, 0x050C, 0x050E, 0x0510,
    0x0512, 0x04F4, 0x04B4, 0x0495, 0x0476, 0x0457, 0x0438, 0x03F8, 0x03D9, 0x03BA, 0x03BA, 0x039B, 0x037B, 0x035B, 0x035C, 0x033C,
    0x4540, 0x4540, 0x3D40, 0x3D40, 0x3D40, 0x3560, 0x2D60, 0x2560, 0x1D60, 0x1540, 0x0D64, 0x0587, 0x0569, 0x056B, 0x056D, 0x0570,
    0x0572, 0x0573, 0x0554, 0x0515, 0x04F6, 0x04D7, 0x0498, 0x0478, 0x0439, 0x0419, 0x041A, 0x03FA, 0x03DB, 0x03BB, 0x03BC, 0x03BC,
    0x3DC0, 0x35C0, 0x35C0, 0x2DC0, 0x2DC0, 0x25E0, 0x1DE0, 0x1DE0, 0x15E0, 0x05E0, 0x05E4, 0x05E7, 0x05E9, 0x05EC, 0x05CE, 0x05F0,
    0x05F2, 0x05D3, 0x05D5, 0x05B6, 0x0597, 0x0557, 0x0518, 0x04F8, 0x04D9, 0x049A, 0x047A, 0x045A, 0x043B, 0x043B, 0x043C, 0x043C,
    0x2E20, 0x2620, 0x2620, 0x2620, 0x1E20, 0x1E20, 0x1620, 0x0E20, 0x0620, 0x0620, 0x0624, 0x0627, 0x0629, 0x062C, 0x062E, 0x0630,
    0x0632, 0x0633, 0x0635, 0x0616, 0x05F7, 0x05D7, 0x0598, 0x0578, 0x0539, 0x051A, 0x04FA, 0x04BA, 0x049B, 0x049B, 0x047B, 0x047C,
    0x1E60, 0x1E60, 0x1660, 0x1660, 0x1660, 0x0E60, 0x0E60, 0x0660, 0x0660, 0x0660, 0x0664, 0x0667, 0x0669, 0x066C, 0x066E, 0x0670,
    0x0671, 0x0653, 0x0654, 0x0655, 0x0656, 0x0637, 0x05F8, 0x05D8, 0x0599, 0x0579, 0x055A, 0x053A, 0x04FB, 0x04DB, 0x04DB, 0x04DC,
    0x16A0, 0x1680, 0x1680, 0x0E80, 0x0E80, 0x06A0, 0x06A0, 0x0680, 0x0680, 0x06A0, 0x06A4, 0x06A7, 0x0689, 0x068B, 0x068E, 0x0690,
    0x0691, 0x0693, 0x0694, 0x0695, 0x0696, 0x0677, 0x0678, 0x0638, 0x05F9, 0x05D9, 0x05BA, 0x057A, 0x055B, 0x053B, 0x053B, 0x051C,
    0x0EC0, 0x06C0, 0x06C0, 0x06C0, 0x06C0, 0x06C0, 0x06C0, 0x06C0, 0x06C0, 0x06C0, 0x06C4, 0x06C7, 0x06C9, 0x06CB, 0x06AD, 0x06B0,
    0x06B1, 0x0EB2, 0x06B3, 0x0EB5, 0x16B6, 0x16B7, 0x0E98, 0x0678, 0x0659, 0x0639, 0x05FA, 0x05DA, 0x05BA, 0x059B, 0x057B, 0x057C,
    0x06E0, 0x06E0, 0x06E0, 0x06E0, 0x06E0, 0x06E0, 0x06E0, 0x06E0, 0x06E0, 0x06C0, 0x06E4, 0x06E7, 0x06E9, 0x06EB, 0x06CD, 0x06D0,
    0x0ED1, 0x16D3, 0x16D4, 0x1ED5, 0x26D6, 0x2ED6, 0x2ED7, 0x16B8, 0x0E99, 0x0E79, 0x065A, 0x063A, 0x061A, 0x05FB, 0x05DB, 0x05DB,
    0x0700, 0x0700, 0x0700, 0x0700, 0x0700, 0x0700, 0x0700, 0x0700, 0x0700, 0x0701, 0x0705, 0x0708, 0x070A, 0x06EC, 0x070E, 0x16F0,
    0x26F2, 0x36F3, 0x36F4, 0x3EF5, 0x46F6, 0x4EF6, 0x4EF7, 0x3ED8, 0x36D9, 0x2EB9, 0x269A, 0x1E9A, 0x165A, 0x163B, 0x163B, 0x161B,
    0x0720, 0x0720, 0x0720, 0x0720, 0x0720, 0x0720, 0x0720, 0x0720, 0x0720, 0x0723, 0x0726, 0x0729, 0x070B, 0x070D, 0x0F2F, 0x2F11,
    0x4712, 0x5714, 0x5F14, 0x6715, 0x6716, 0x6EF7, 0x6EF7, 0x6EF8, 0x6EF9, 0x66F9, 0x56DA, 0x4EBA, 0x46BA, 0x469B, 0x467B, 0x467B,
    0x0740, 0x0740, 0x0720, 0x0720, 0x0720, 0x0740, 0x0720, 0x0720, 0x0720, 0x0744, 0x0727, 0x0729, 0x072B, 0x072D, 0x172F, 0x3731,
    0x4F32, 0x5F34, 0x6F14, 0x6F15, 0x7716, 0x7717, 0x7717, 0x7F18, 0x7F18, 0x7719, 0x7719, 0x66FA, 0x66DA, 0x5EDB, 0x5EBB, 0x5E9B,
    0x0740, 0x0740, 0x0740, 0x0740, 0x0740, 0x0740, 0x0740, 0x0740, 0x0741, 0x0745, 0x0747, 0x0749, 0x074B, 0x074D, 0x274F, 0x3F31,
    0x5732, 0x6734, 0x7735, 0x7F36, 0x7F36, 0x7F37, 0x8737, 0x8718, 0x8718, 0x8719, 0x8719, 0x7F1A, 0x76FA, 0x76FA, 0x6EDB, 0x76DB,
    0x0760, 0x0760, 0x0760, 0x0760, 0x0740, 0x0760, 0x0760, 0x0760, 0x0762, 0x0766, 0x0748, 0x074A, 0x074C, 0x0F4D, 0x2F4F, 0x4F51,
    0x5F52, 0x6F54, 0x7735, 0x8736, 0x8736, 0x8737, 0x8F37, 0x8F38, 0x8F38, 0x8F39, 0x8F39, 0x8F3A, 0x871A, 0x871A, 0x7F1B, 0x7EFB,
    0x0760, 0x0760, 0x0760, 0x0760, 0x0760, 0x0760, 0x0760, 0x0761, 0x0763, 0x0766, 0x0768, 0x076A, 0x076C, 0x176E, 0x3770, 0x4F51,
    0x6753, 0x6F54, 0x7F55, 0x8F56, 0x8F36, 0x8F37, 0x8F37, 0x9738, 0x9738, 0x9739, 0x9739, 0x973A, 0x973A, 0x8F3A, 0x8F3B, 0x8F1B,
    0x0780, 0x0780, 0x0780, 0x0760, 0x0760, 0x0780, 0x0780, 0x0781, 0x0784, 0x0787, 0x0789, 0x078B, 0x0F6C, 0x276E, 0x4770, 0x5771,
    0x6F53, 0x7754, 0x8755, 0x8F56, 0x9756, 0x9757, 0x9757, 0x9758, 0x9F58, 0x9F39, 0x9F39, 0x9F5A, 0x9F5A, 0x975A, 0x973A, 0x973B,
    0x3883, 0x3883, 0x3863, 0x3863, 0x4063, 0x4044, 0x4044, 0x4045, 0x4046, 0x4046, 0x4028, 0x4009, 0x480A, 0x500C, 0x500E, 0x5810,
    0x5811, 0x5813, 0x5814, 0x5815, 0x5016, 0x5017, 0x5019, 0x4819, 0x481A, 0x401A, 0x401A, 0x401B, 0x381B, 0x381B, 0x301C, 0x281C,
    0x3883, 0x3883, 0x3883, 0x3883, 0x4063, 0x4064, 0x4064, 0x4065, 0x4066, 0x4047, 0x4048, 0x4029, 0x480A, 0x480C, 0x500E, 0x5010,
    0x5811, 0x5813, 0x5014, 0x5015, 0x5016, 0x5017, 0x5018, 0x4819, 0x481A, 0x401A, 0x401A, 0x381B, 0x381B, 0x301B, 0x301C, 0x281C,
    0x38A3, 0x38A3, 0x3883, 0x3883, 0x4083, 0x4084, 0x4064, 0x4065, 0x4066, 0x4067, 0x4048, 0x4029, 0x480A, 0x500C, 0x500E, 0x5010,
    0x5011, 0x5013, 0x5014, 0x5015, 0x5016, 0x5018, 0x5018, 0x4819, 0x481A, 0x401A, 0x401A, 0x381B, 0x381B, 0x301C, 0x301C, 0x281C,
    0x38C3, 0x38A3, 0x38A3, 0x38A3, 0x38A3, 0x4084, 0x4084, 0x4085, 0x4086, 0x4067, 0x4068, 0x4049, 0x482A, 0x500C, 0x500E, 0x5010,
    0x5011, 0x5013, 0x5014, 0x5015, 0x5016, 0x5018, 0x4818, 0x4819, 0x401A, 0x401A, 0x381A, 0x381B, 0x381B, 0x301C, 0x281C, 0x281C,
    0x38C3, 0x38C3, 0x38C3, 0x38C3, 0x38A3, 0x40A4, 0x40A4, 0x40A5, 0x4086, 0x4087, 0x4088, 0x4069, 0x484A, 0x480C, 0x500E, 0x500F,
    0x5011, 0x5013, 0x5014, 0x5015, 0x5016, 0x4818, 0x4818, 0x4819, 0x401A, 0x401A, 0x381A, 0x381B, 0x301B, 0x301C, 0x281C, 0x201C,
    0x38E3, 0x38E3, 0x38E3, 0x38E3, 0x38C3, 0x40C4, 0x40C4, 0x40C5, 0x40A5, 0x40A7, 0x40A8, 0x4889, 0x486A, 0x484C, 0x500D, 0x5010,
    0x5011, 0x5013, 0x5014, 0x5015, 0x4816, 0x4817, 0x4818, 0x4019, 0x401A, 0x381A, 0x381B, 0x381B, 0x301B, 0x281B, 0x201C, 0x201C,
    0x3903, 0x3903, 0x3903, 0x3903, 0x3903, 0x4104, 0x40E4, 0x40E5, 0x40E6, 0x40C7, 0x48C8, 0x48A9, 0x488B, 0x506C, 0x504E, 0x5030,
    0x5011, 0x5013, 0x5014, 0x5016, 0x4817, 0x4818, 0x4818, 0x4019, 0x381A, 0x381A, 0x381B, 0x301B, 0x281B, 0x281C, 0x201C, 0x181C,
    0x3923, 0x3923, 0x3923, 0x3923, 0x3923, 0x4124, 0x4124, 0x4105, 0x4106, 0x4906, 0x48E8, 0x48E9, 0x48CB, 0x50AD, 0x508E, 0x5070,
    0x5052, 0x5033, 0x4814, 0x4816, 0x4817, 0x4018, 0x4018, 0x3819, 0x381A, 0x301A, 0x301B, 0x281B, 0x281C, 0x201C, 0x181C, 0x101C,
    0x3943, 0x3943, 0x3943, 0x3943, 0x3943, 0x4144, 0x4144, 0x4145, 0x4945, 0x4926, 0x4928, 0x4929, 0x490B, 0x50ED, 0x50EE, 0x50D0,
    0x50B2, 0x4893, 0x4874, 0x4056, 0x4037, 0x4038, 0x3818, 0x3819, 0x301A, 0x281A, 0x281A, 0x201B, 0x201B, 0x181C, 0x101C, 0x081C,
    0x3963, 0x3963, 0x3963, 0x3964, 0x3984, 0x4184, 0x4184, 0x4185, 0x4986, 0x4986, 0x4968, 0x5169, 0x514B, 0x494D, 0x492E, 0x4930,
    0x4912, 0x40F3, 0x40F4, 0x40D6, 0x38B7, 0x38B8, 0x3099, 0x3099, 0x287A, 0x207A, 0x205A, 0x185B, 0x105B, 0x085B, 0x085C, 0x005C,
    0x39A3, 0x39A3, 0x39A3, 0x39A4, 0x39A4, 0x41A4, 0x41C4, 0x41C5, 0x41C6, 0x49C6, 0x49C8, 0x49C9, 0x49AB, 0x49AC, 0x498E, 0x4970,
    0x4172, 0x4153, 0x3954, 0x3936, 0x3137, 0x2918, 0x28F8, 0x20F9, 0x18DA, 0x10DA, 0x10DA, 0x08DB, 0x08BB, 0x00BB, 0x00BC, 0x00BC,
    0x41E3, 0x41E3, 0x41E3, 0x41E3, 0x41E4, 0x4204, 0x4204, 0x4205, 0x4206, 0x4A06, 0x4A28, 0x4A29, 0x4A0B, 0x4A0C, 0x41EE, 0x41F0,
    0x39D1, 0x39B3, 0x31B4, 0x2995, 0x2196, 0x1978, 0x1978, 0x1159, 0x0939, 0x093A, 0x093A, 0x013B, 0x011B, 0x011B, 0x00FC, 0x011C,
    0x4242, 0x4242, 0x4A43, 0x4A43, 0x4243, 0x4A63, 0x4A64, 0x4A65, 0x4A65, 0x4A66, 0x4A88, 0x4A89, 0x4A8B, 0x426C, 0x426E, 0x3A70,
    0x3252, 0x2A33, 0x2214, 0x1A15, 0x11F6, 0x09F7, 0x09D8, 0x09B9, 0x01B9, 0x019A, 0x019A, 0x019B, 0x017B, 0x017B, 0x015C, 0x017C,
    0x52E1, 0x52E1, 0x4AC2, 0x4AC2, 0x52C2, 0x52E3, 0x52E4, 0x52E4, 0x4B05, 0x4B06, 0x4B08, 0x4B29, 0x432B, 0x430D, 0x3B0F, 0x32F1,
    0x2AD2, 0x1AD4, 0x12B5, 0x0A96, 0x0A77, 0x0A58, 0x0A58, 0x0239, 0x023A, 0x021A, 0x021A, 0x01FB, 0x01FB, 0x01DB, 0x01DC, 0x01DC,
    0x5360, 0x5360, 0x5340, 0x5340, 0x5341, 0x5361, 0x5362, 0x5363, 0x4B64, 0x4B86, 0x4B87, 0x43A9, 0x43AB, 0x3B8D, 0x338F, 0x2B90,
    0x1B72, 0x1353, 0x0B34, 0x0B16, 0x02F7, 0x02D8, 0x02B8, 0x0299, 0x029A, 0x027A, 0x027A, 0x025B, 0x023B, 0x023C, 0x023C, 0x023C,
    0x53E0, 0x53E0, 0x53E0, 0x53C0, 0x53E0, 0x53E0, 0x5401, 0x4BE2, 0x4BE3, 0x4C05, 0x4427, 0x4428, 0x342A, 0x2C2C, 0x240E, 0x1C10,
    0x13F2, 0x0BD3, 0x03B4, 0x0395, 0x0376, 0x0357, 0x0338, 0x0319, 0x02F9, 0x02DA, 0x02DA, 0x02BB, 0x029B, 0x029B, 0x029C, 0x029C,
    0x5460, 0x5460, 0x5460, 0x5440, 0x5460, 0x5460, 0x4C80, 0x4C80, 0x4C82, 0x4484, 0x3C86, 0x34A8, 0x2CAA, 0x1C8C, 0x148E, 0x0C90,
    0x0C92, 0x0473, 0x0434, 0x0415, 0x03F6, 0x03D7, 0x03B8, 0x0399, 0x0379, 0x035A, 0x033A, 0x031B, 0x02FB, 0x02FB, 0x02DC, 0x02DC,
    0x54E0, 0x54E0, 0x54C0, 0x54C0, 0x4CE0, 0x4CE0, 0x4CE0, 0x44E0, 0x44E0, 0x3CE2, 0x3505, 0x2507, 0x1D09, 0x0D0B, 0x0D0E, 0x0D10,
    0x0512, 0x04F3, 0x04B4, 0x0495, 0x0476, 0x0457, 0x0418, 0x03F8, 0x03D9, 0x03BA, 0x03BA, 0x039B, 0x037B, 0x035B, 0x033C, 0x033C,
    0x4D40, 0x4D40, 0x4D40, 0x4D40, 0x4D40, 0x4560, 0x4560, 0x3D40, 0x3D40, 0x3540, 0x2564, 0x1587, 0x0D69, 0x0D6B, 0x056D, 0x0570,
    0x0572, 0x0553, 0x0554, 0x0515, 0x04F6, 0x04D7, 0x0498, 0x0478, 0x0439, 0x0419, 0x041A, 0x03FA, 0x03DB, 0x03BB, 0x03BC, 0x03BC,
    0x4DC0, 0x45C0, 0x45C0, 0x45C0, 0x45C0, 0x45C0, 0x3DC0, 0x35C0, 0x2DC0, 0x1DC0, 0x15E4, 0x0DE7, 0x0DE9, 0x05CB, 0x05CE, 0x05D0,
    0x05D2, 0x05D3, 0x05D5, 0x05B6, 0x0597, 0x0557, 0x0518, 0x04F8, 0x04D9, 0x049A, 0x049A, 0x045A, 0x043B, 0x043B, 0x043C, 0x043C,
    0x4620, 0x4620, 0x3E20, 0x3E20, 0x3E20, 0x3620, 0x2E20, 0x2620, 0x1E20, 0x1620, 0x0E24, 0x0E27, 0x0629, 0x062C, 0x062E, 0x0630,
    0x0632, 0x0633, 0x0635, 0x0616, 0x05F7, 0x05D7, 0x0598, 0x0578, 0x0539, 0x051A, 0x04FA, 0x04BA, 0x049B, 0x049B, 0x049B, 0x049C,
    0x3E60, 0x3660, 0x3660, 0x3660, 0x2E60, 0x2E60, 0x2660, 0x1660, 0x0E60, 0x0E60, 0x0E64, 0x0667, 0x0669, 0x066C, 0x066E, 0x0670,
    0x0E71, 0x0E73, 0x0E54, 0x0E55, 0x0656, 0x0637, 0x05F8, 0x05D8, 0x0599, 0x0579, 0x055A, 0x053A, 0x04FB, 0x04FB, 0x04DB, 0x04DC,
    0x2EA0, 0x2E80, 0x2E80, 0x2680, 0x2680, 0x1680, 0x16A0, 0x0EA0, 0x0E80, 0x06A0, 0x06A4, 0x06A7, 0x0689, 0x068B, 0x068D, 0x0690,
    0x0E91, 0x1693, 0x1694, 0x1695, 0x1696, 0x1677, 0x0E58, 0x0639, 0x05F9, 0x05D9, 0x05BA, 0x059A, 0x055B, 0x053B, 0x053B, 0x053C,
    0x26C0, 0x1EA0, 0x16A0, 0x16C0, 0x16C0, 0x16A0, 0x0EC0, 0x0EC0, 0x06C0, 0x06C0, 0x06C4, 0x06C7, 0x06C9, 0x06CB, 0x06AD, 0x0EB0,
    0x16B2, 0x26B3, 0x1EB4, 0x26B5, 0x36B6, 0x3697, 0x2698, 0x1678, 0x0E59, 0x0639, 0x05FA, 0x05FA, 0x05BA, 0x059B, 0x057B, 0x057C,
    0x16E0, 0x16E0, 0x0EC0, 0x0EE0, 0x0EE0, 0x0EE0, 0x0EE0, 0x06E0, 0x06E0, 0x06E0, 0x06E4, 0x06E7, 0x06E9, 0x06EB, 0x06CD, 0x0ED0,
    0x26D2, 0x36D3, 0x36D4, 0x3ED5, 0x46D6, 0x4ED7, 0x46D7, 0x36B8, 0x2699, 0x1E79, 0x165A, 0x0E3A, 0x061A, 0x05FB, 0x05DB, 0x0DDB,
    0x0F00, 0x0F00, 0x0EE0, 0x0EE0, 0x0F00, 0x0700, 0x0700, 0x0700, 0x0700, 0x0701, 0x06E5, 0x06E8, 0x070A, 0x06EC, 0x0F0E, 0x26F0,
    0x3EF2, 0x4EF3, 0x4EF4, 0x56F5, 0x5EF6, 0x66D6, 0x66F7, 0x5ED8, 0x4ED9, 0x46B9, 0x3699, 0x2E7A, 0x265A, 0x1E3B, 0x1E3B, 0x261B,
    0x0F20, 0x0F20, 0x0700, 0x0720, 0x0720, 0x0720, 0x0720, 0x0720, 0x0720, 0x0723, 0x0726, 0x0729, 0x072B, 0x0F0D, 0x272F, 0x3F31,
    0x5712, 0x6714, 0x6F15, 0x6EF5, 0x76F6, 0x76F7, 0x76F7, 0x76F8, 0x76F9, 0x6EF9, 0x66DA, 0x5EBA, 0x56BA, 0x569B, 0x567B, 0x567B,
    0x0740, 0x0740, 0x0720, 0x0720, 0x0720, 0x0720, 0x0720, 0x0720, 0x0720, 0x0744, 0x0727, 0x0729, 0x072B, 0x0F2D, 0x2F2F, 0x4731,
    0x5F32, 0x6714, 0x7715, 0x7716, 0x7F16, 0x8717, 0x8717, 0x8718, 0x86F8, 0x7EF9, 0x7F19, 0x76FA, 0x6EDA, 0x6EBB, 0x6EBB, 0x6E9B,
    0x0740, 0x0740, 0x0740, 0x0740, 0x0740, 0x0740, 0x0740, 0x0740, 0x0741, 0x0745, 0x0747, 0x0749, 0x0F4B, 0x174D, 0x372F, 0x4F31,
    0x5F32, 0x6F34, 0x7715, 0x8716, 0x8716, 0x8717, 0x8F17, 0x8F18, 0x8F18, 0x8F19, 0x8F19, 0x871A, 0x7EFA, 0x7EFA, 0x7EDB, 0x7EDB,
    0x0760, 0x0760, 0x0760, 0x0740, 0x0740, 0x0740, 0x0760, 0x0760, 0x0762, 0x0766, 0x0748, 0x074A, 0x0F4C, 0x1F4D, 0x3F4F, 0x5751,
    0x6752, 0x7734, 0x7F35, 0x8736, 0x8F36, 0x8F37, 0x8F37, 0x8F38, 0x9738, 0x9739, 0x9719, 0x8F3A, 0x8F1A, 0x871A, 0x871B, 0x86FB,
    0x0760, 0x0760, 0x0760, 0x0760, 0x0760, 0x0760, 0x0760, 0x0761, 0x0763, 0x0766, 0x0768, 0x0F6A, 0x174C, 0x2F6E, 0x4750, 0x5F51,
    0x6F53, 0x7754, 0x8755, 0x8F56, 0x9737, 0x9737, 0x9737, 0x9738, 0x9738, 0x9F39, 0x9F39, 0x9F3A, 0x973A, 0x973A, 0x8F3B, 0x971B,
    0x0780, 0x0780, 0x0780, 0x0780, 0x0760, 0x0760, 0x0760, 0x0781, 0x0784, 0x0767, 0x0769, 0x176B, 0x276D, 0x376E, 0x4F70, 0x5F51,
    0x6F53, 0x7F54, 0x8755, 0x8F56, 0x9757, 0x9F57, 0x9F57, 0x9F58, 0x9F58, 0x9F39, 0x9F39, 0x9F39, 0x9F5A, 0x9F5A, 0x9F3B, 0x9F3B,
    0x4063, 0x4083, 0x4063, 0x4063, 0x4843, 0x4824, 0x4824, 0x4825, 0x4826, 0x4827, 0x4808, 0x4809, 0x500A, 0x580C, 0x580E, 0x6010,
    0x6012, 0x6013, 0x6014, 0x6016, 0x6017, 0x5818, 0x5818, 0x5819, 0x501A, 0x501A, 0x481A, 0x401B, 0x401B, 0x401B, 0x381C, 0x381C,
    0x4082, 0x4083, 0x4083, 0x4063, 0x4043, 0x4844, 0x4845, 0x4845, 0x4826, 0x4827, 0x4808, 0x4809, 0x500B, 0x580C, 0x580E, 0x5810,
    0x6011, 0x6013, 0x6014, 0x6016, 0x6017, 0x5818, 0x5818, 0x5819, 0x501A, 0x501A, 0x481B, 0x481B, 0x401B, 0x401B, 0x381C, 0x381C,
    0x40A3, 0x40A3, 0x4083, 0x4083, 0x4063, 0x4864, 0x4845, 0x4845, 0x4846, 0x4847, 0x4828, 0x5009, 0x500A, 0x500C, 0x580E, 0x6010,
    0x6012, 0x6013, 0x6014, 0x5816, 0x5817, 0x5818, 0x5819, 0x5819, 0x501A, 0x501A, 0x481A, 0x401B, 0x401B, 0x401C, 0x381C, 0x381C,
    0x40C3, 0x40A3, 0x40A3, 0x40A3, 0x4083, 0x4864, 0x4864, 0x4865, 0x4866, 0x4847, 0x4848, 0x5029, 0x500A, 0x580C, 0x580E, 0x5810,
    0x6012, 0x6013, 0x6014, 0x5815, 0x5817, 0x5818, 0x5819, 0x5019, 0x501A, 0x481A, 0x481A, 0x401B, 0x401B, 0x381C, 0x381C, 0x381C,
    0x40C3, 0x40C3, 0x40C3, 0x40C3, 0x48A3, 0x48A4, 0x4884, 0x4885, 0x4886, 0x4867, 0x4868, 0x4849, 0x502A, 0x580C, 0x580E, 0x5810,
    0x5811, 0x6013, 0x6014, 0x5815, 0x5817, 0x5818, 0x5818, 0x5019, 0x501A, 0x481A, 0x481A, 0x401B, 0x401B, 0x381C, 0x381C, 0x301C,
    0x40E3, 0x40E3, 0x40E3, 0x40C3, 0x48C3, 0x48C4, 0x48A4, 0x48A5, 0x48A6, 0x4887, 0x5088, 0x5069, 0x504A, 0x502C, 0x580D, 0x580F,
    0x5811, 0x5813, 0x5814, 0x5815, 0x5817, 0x5818, 0x5019, 0x5019, 0x481A, 0x481A, 0x481A, 0x401B, 0x381B, 0x381C, 0x301C, 0x301C,
    0x4103, 0x4103, 0x4103, 0x4103, 0x4903, 0x48E4, 0x48E4, 0x50C5, 0x50C6, 0x50C7, 0x50A8, 0x50A9, 0x508B, 0x586D, 0x582E, 0x5810,
    0x5812, 0x5813, 0x5814, 0x5816, 0x5817, 0x5018, 0x5019, 0x4819, 0x481A, 0x481A, 0x401A, 0x381B, 0x381B, 0x381C, 0x301C, 0x281C,
    0x4123, 0x4123, 0x4923, 0x4923, 0x4923, 0x4924, 0x4924, 0x5105, 0x5105, 0x50E7, 0x50E8, 0x50C9, 0x58AB, 0x58AD, 0x586E, 0x5850,
    0x5832, 0x5814, 0x5815, 0x5816, 0x5017, 0x5018, 0x5019, 0x4819, 0x481A, 0x401A, 0x401A, 0x381B, 0x301B, 0x301C, 0x281C, 0x281C,
    0x4143, 0x4143, 0x4943, 0x4943, 0x4943, 0x4964, 0x4964, 0x5145, 0x5145, 0x5126, 0x5128, 0x5909, 0x58EB, 0x58ED, 0x58CE, 0x58B0,
    0x5892, 0x5874, 0x5835, 0x5036, 0x5017, 0x4818, 0x4819, 0x4819, 0x401A, 0x381A, 0x381A, 0x301B, 0x301B, 0x281C, 0x281C, 0x201C,
    0x4163, 0x4183, 0x4183, 0x4183, 0x4183, 0x4984, 0x4984, 0x5185, 0x5186, 0x5186, 0x5168, 0x5969, 0x594B, 0x594C, 0x592E, 0x5931,
    0x5912, 0x50F3, 0x50D5, 0x50B6, 0x4897, 0x4898, 0x4078, 0x4079, 0x3859, 0x385A, 0x305A, 0x305B, 0x283B, 0x203C, 0x203C, 0x183C,
    0x41A3, 0x41A3, 0x41A3, 0x41A3, 0x41A3, 0x49C4, 0x49C4, 0x49C5, 0x49C6, 0x51C6, 0x51C8, 0x59C9, 0x59AB, 0x59AD, 0x598E, 0x5990,
    0x5172, 0x5153, 0x4935, 0x4936, 0x4117, 0x40F8, 0x38F8, 0x38D9, 0x30D9, 0x30DA, 0x28DA, 0x20BB, 0x20BB, 0x18BC, 0x109C, 0x089C,
    0x41E3, 0x41E3, 0x41E3, 0x41E3, 0x49E3, 0x4A04, 0x4A04, 0x4A05, 0x4A06, 0x5207, 0x5228, 0x5A29, 0x5A0B, 0x5A0D, 0x51EE, 0x51F0,
    0x51D2, 0x49D3, 0x49B4, 0x4195, 0x3976, 0x3977, 0x3178, 0x3159, 0x2939, 0x213A, 0x213A, 0x191B, 0x111B, 0x091B, 0x08FC, 0x011C,
    0x4A42, 0x4A42, 0x4A43, 0x4A43, 0x4A43, 0x4A44, 0x5264, 0x5265, 0x5266, 0x5267, 0x5288, 0x5289, 0x5A8B, 0x528C, 0x526E, 0x4A50,
    0x4A52, 0x4233, 0x4215, 0x39F5, 0x31F7, 0x29F8, 0x29D8, 0x21B9, 0x19BA, 0x119A, 0x119A, 0x099B, 0x017B, 0x017B, 0x015C, 0x017C,
    0x5AC1, 0x52C2, 0x52C2, 0x52C3, 0x52C3, 0x5AC4, 0x5AE4, 0x52E4, 0x5AE5, 0x52E6, 0x5B08, 0x5B0A, 0x530B, 0x530D, 0x4AEE, 0x4AF1,
    0x42D2, 0x42B4, 0x3AB5, 0x3296, 0x2A77, 0x2278, 0x1A59, 0x1239, 0x0A3A, 0x021A, 0x021A, 0x021B, 0x01FB, 0x01FB, 0x01DC, 0x01FC,
    0x5B40, 0x5B40, 0x5B40, 0x5341, 0x5B42, 0x5B62, 0x5B63, 0x5B64, 0x5B65, 0x5366, 0x5388, 0x5389, 0x53AB, 0x4B8C, 0x4B8E, 0x4390,
    0x3B72, 0x3353, 0x2B35, 0x1AF6, 0x12F7, 0x0AD8, 0x02B9, 0x0299, 0x029A, 0x029A, 0x027A, 0x025B, 0x025B, 0x023B, 0x023C, 0x023C,
    0x5BC0, 0x5BC0, 0x5BC0, 0x5BC0, 0x5BC0, 0x5BE0, 0x5BE1, 0x5BE3, 0x5BE4, 0x53E5, 0x5407, 0x5428, 0x4C2A, 0x4C0C, 0x440E, 0x3C10,
    0x33F2, 0x2BD3, 0x1BB4, 0x0B95, 0x0376, 0x0357, 0x0338, 0x0319, 0x02F9, 0x02DA, 0x02BA, 0x02BB, 0x02BB, 0x029B, 0x029C, 0x029C,
    0x5C40, 0x5C40, 0x5C40, 0x5C40, 0x5C40, 0x5C60, 0x5C60, 0x5461, 0x5462, 0x5465, 0x5486, 0x4CA8, 0x44AA, 0x3C8C, 0x348E, 0x3490,
    0x2492, 0x1C73, 0x0C34, 0x0415, 0x03F6, 0x03D7, 0x03B8, 0x0399, 0x0379, 0x035A, 0x033A, 0x031B, 0x02FB, 0x02FB, 0x02DC, 0x02DC,
    0x5CC0, 0x5CC0, 0x5CC0, 0x5CC0, 0x54C0, 0x54E0, 0x54E0, 0x54E0, 0x4CE1, 0x4CE3, 0x4D05, 0x4507, 0x3D09, 0x350B, 0x250E, 0x2510,
    0x1512, 0x0CF3, 0x04D4, 0x0495, 0x0476, 0x0457, 0x0418, 0x03F9, 0x03F9, 0x03DA, 0x03BA, 0x039B, 0x037B, 0x035B, 0x033C, 0x033C,
    0x5D40, 0x5D40, 0x5D40, 0x5520, 0x5520, 0x5540, 0x5540, 0x4D40, 0x4D40, 0x4542, 0x4564, 0x3D67, 0x2D69, 0x256B, 0x0D6D, 0x0570,
    0x0571, 0x0553, 0x0554, 0x0515, 0x04F6, 0x04D7, 0x0498, 0x0478, 0x0439, 0x0419, 0x041A, 0x03FB, 0x03DB, 0x03BB, 0x03BC, 0x039C,
    0x5DC0, 0x55C0, 0x55C0, 0x55C0, 0x55C0, 0x55C0, 0x4DC0, 0x4DC0, 0x45C0, 0x45C1, 0x3DE4, 0x2DE7, 0x25E9, 0x15EB, 0x0DEE, 0x0DD0,
    0x15D2, 0x0DD3, 0x05D5, 0x05B6, 0x0597, 0x0557, 0x0538, 0x04F8, 0x04B9, 0x049A, 0x049A, 0x047A, 0x045B, 0x043B, 0x043C, 0x043C,
    0x5620, 0x5620, 0x5620, 0x4E20, 0x4E20, 0x4E20, 0x4E20, 0x4620, 0x3E20, 0x3E20, 0x2E24, 0x2627, 0x1629, 0x0E2B, 0x062E, 0x1630,
    0x1E32, 0x1E33, 0x1615, 0x0E16, 0x0E17, 0x05D7, 0x0598, 0x0578, 0x0539, 0x051A, 0x04FA, 0x04DA, 0x04BB, 0x04BB, 0x04BB, 0x04BC,
    0x4E60, 0x4E60, 0x4E60, 0x4E40, 0x4640, 0x4640, 0x4660, 0x3E60, 0x3660, 0x2E60, 0x2664, 0x1667, 0x0E69, 0x066B, 0x064D, 0x1E70,
    0x2672, 0x2E53, 0x2654, 0x2655, 0x1E56, 0x1637, 0x0E18, 0x05D8, 0x0599, 0x057A, 0x055A, 0x051A, 0x051B, 0x04FB, 0x04FB, 0x04FB,
    0x4E80, 0x4680, 0x4680, 0x4680, 0x3E80, 0x3E80, 0x3E80, 0x3680, 0x2E80, 0x1E80, 0x16A4, 0x0EA7, 0x0689, 0x068C, 0x068D, 0x1E90,
    0x2E91, 0x3693, 0x3674, 0x3E95, 0x3E96, 0x3677, 0x1E78, 0x0E39, 0x0619, 0x05D9, 0x05BA, 0x059A, 0x055B, 0x053B, 0x053B, 0x055B,
    0x46A0, 0x3EA0, 0x3EA0, 0x3EA0, 0x36A0, 0x36A0, 0x2EA0, 0x26A0, 0x1EC0, 0x0EC0, 0x06C4, 0x06C7, 0x06C9, 0x06AB, 0x06CD, 0x26B0,
    0x3EB2, 0x46B3, 0x46B4, 0x4EB5, 0x56B6, 0x5697, 0x4698, 0x3678, 0x2659, 0x1639, 0x0619, 0x05DA, 0x05BA, 0x059B, 0x057B, 0x059B,
    0x36C0, 0x36C0, 0x36C0, 0x2EC0, 0x2EC0, 0x26C0, 0x1EE0, 0x16E0, 0x0EE0, 0x06E0, 0x06E4, 0x06E7, 0x06C9, 0x06CB, 0x06CD, 0x26D0,
    0x46D1, 0x4ED3, 0x4ED4, 0x56D5, 0x5ED6, 0x5EB7, 0x5EB7, 0x4EB8, 0x4699, 0x3679, 0x2E5A, 0x1E3A, 0x0E1A, 0x05FB, 0x0DDB, 0x1DDB,
    0x2EE0, 0x2EE0, 0x26E0, 0x26E0, 0x26E0, 0x1F00, 0x1700, 0x0F00, 0x0700, 0x0701, 0x0705, 0x0707, 0x0EEA, 0x0EEC, 0x16EE, 0x36F0,
    0x4EF2, 0x5EF3, 0x66D4, 0x66D5, 0x6ED6, 0x6ED7, 0x6ED7, 0x6ED8, 0x66D9, 0x5EB9, 0x56BA, 0x467A, 0x2E7A, 0x265B, 0x2E3B, 0x461B,
    0x2700, 0x2700, 0x1F00, 0x1F20, 0x1F00, 0x1700, 0x0F20, 0x0720, 0x0720, 0x0723, 0x0726, 0x0F29, 0x172B, 0x270D, 0x3F0F, 0x4F10,
    0x5F12, 0x6F14, 0x76F5, 0x7EF6, 0x7EF6, 0x7EF7, 0x86F7, 0x86F8, 0x7EF9, 0x7EF9, 0x76FA, 0x6EDA, 0x66BA, 0x669B, 0x5E7B, 0x667B,
    0x1F20, 0x1720, 0x0F20, 0x0F20, 0x0720, 0x0720, 0x0720, 0x0720, 0x0720, 0x0724, 0x0727, 0x0F29, 0x1F2B, 0x2F2D, 0x3F2F, 0x5731,
    0x6712, 0x6F14, 0x7F15, 0x8716, 0x8716, 0x8F17, 0x8717, 0x8F18, 0x8EF8, 0x86F9, 0x86F9, 0x7EFA, 0x7EDA, 0x76BA, 0x76BB, 0x76BB,
    0x0F40, 0x0740, 0x0740, 0x0740, 0x0740, 0x0740, 0x0740, 0x0740, 0x0741, 0x0745, 0x0F47, 0x1749, 0x274B, 0x374D, 0x474F, 0x5731,
    0x6732, 0x7734, 0x7F35, 0x8736, 0x8F16, 0x8F17, 0x8F17, 0x8F18, 0x9719, 0x9719, 0x8F19, 0x8F1A, 0x86FA, 0x86FA, 0x86DB, 0x86DB,
    0x0760, 0x0760, 0x0760, 0x0740, 0x0760, 0x0760, 0x0760, 0x0760, 0x0742, 0x0745, 0x0F48, 0x1F4A, 0x2F4C, 0x374D, 0x4F4F, 0x5F51,
    0x6F32, 0x7734, 0x8735, 0x8F36, 0x9736, 0x9737, 0x9737, 0x9738, 0x9738, 0x9F39, 0x9F39, 0x971A, 0x971A, 0x8F1A, 0x8F1B, 0x8EFB,
    0x0760, 0x0760, 0x0760, 0x0760, 0x0760, 0x0760, 0x0760, 0x0761, 0x0763, 0x0766, 0x1768, 0x276A, 0x376C, 0x3F6E, 0x5750, 0x6751,
    0x6F52, 0x7F54, 0x8755, 0x8F36, 0x9736, 0x9F37, 0x9F37, 0x9F38, 0x9F38, 0x9F39, 0x9F39, 0x9F3A, 0x9F3A, 0x973A, 0x973B, 0x9F1B,
    0x0760, 0x0760, 0x0760, 0x0780, 0x0780, 0x0780, 0x0780, 0x0781, 0x0764, 0x0766, 0x1F69, 0x2F6B, 0x376D, 0x476E, 0x5770, 0x6752,
    0x7753, 0x7F54, 0x8755, 0x9756, 0x9F57, 0x9F37, 0x9F58, 0x9F38, 0xA758, 0xA759, 0xA739, 0xA759, 0xA75A, 0xA75A, 0x9F3B, 0x9F3B,
    0x5062, 0x5063, 0x5063, 0x5043, 0x5023, 0x5004, 0x5005, 0x5006, 0x5007, 0x5008, 0x5808, 0x5809, 0x580B, 0x600C, 0x600E, 0x6810,
    0x6812, 0x6813, 0x6815, 0x6816, 0x6817, 0x6818, 0x6019, 0x6019, 0x581A, 0x581A, 0x501A, 0x501B, 0x481B, 0x481C, 0x481C, 0x401D,
    0x4883, 0x5082, 0x5063, 0x5043, 0x5043, 0x5024, 0x5005, 0x5006, 0x5006, 0x5807, 0x5808, 0x5809, 0x580B, 0x580C, 0x600E, 0x6810,
    0x6812, 0x6813, 0x6815, 0x6816, 0x6817, 0x6818, 0x6019, 0x6019, 0x581A, 0x581A, 0x501A, 0x501B, 0x481B, 0x481C, 0x401C, 0x401C,
    0x48A3, 0x5083, 0x5083, 0x5063, 0x5063, 0x5024, 0x5025, 0x5005, 0x5006, 0x5807, 0x5808, 0x5809, 0x580B, 0x580C, 0x600E, 0x6810,
    0x6812, 0x6813, 0x6814, 0x6816, 0x6817, 0x6818, 0x6019, 0x6019, 0x581A, 0x581A, 0x501A, 0x501B, 0x481B, 0x481C, 0x401C, 0x401C,
    0x48A3, 0x48A3, 0x50A3, 0x5083, 0x5083, 0x5044, 0x5024, 0x5825, 0x5826, 0x5807, 0x5808, 0x5809, 0x580B, 0x600C, 0x600E, 0x6810,
    0x6812, 0x6813, 0x6815, 0x6816, 0x6817, 0x6018, 0x6018, 0x6019, 0x581A, 0x581A, 0x501A, 0x501B, 0x481B, 0x481C, 0x401C, 0x401C,
    0x48C3, 0x48C3, 0x50C3, 0x50C3, 0x50A3, 0x5084, 0x5064, 0x5845, 0x5846, 0x5827, 0x5828, 0x5809, 0x580B, 0x600C, 0x600E, 0x6810,
    0x6812, 0x6813, 0x6815, 0x6816, 0x6017, 0x6018, 0x6018, 0x5819, 0x581A, 0x501A, 0x501B, 0x481B, 0x481B, 0x401C, 0x401C, 0x401C,
    0x48E3, 0x48E3, 0x48E3, 0x50E3, 0x50C3, 0x50C4, 0x50A4, 0x5084, 0x5866, 0x5867, 0x5848, 0x5849, 0x582A, 0x580C, 0x600E, 0x6010,
    0x6811, 0x6813, 0x6814, 0x6015, 0x6016, 0x6018, 0x6018, 0x5819, 0x501A, 0x501A, 0x501A, 0x481B, 0x481B, 0x401C, 0x401C, 0x381C,
    0x5103, 0x5103, 0x5103, 0x5103, 0x5103, 0x5104, 0x58E4, 0x58C5, 0x58A5, 0x5887, 0x5888, 0x606A, 0x604B, 0x602D, 0x600E, 0x6810,
    0x6812, 0x6813, 0x6815, 0x6016, 0x6017, 0x6018, 0x5819, 0x5819, 0x501A, 0x501A, 0x481B, 0x481B, 0x401B, 0x401C, 0x381C, 0x381C,
    0x5143, 0x5143, 0x5143, 0x5123, 0x5123, 0x5924, 0x5924, 0x5905, 0x58E5, 0x60C7, 0x60C8, 0x60AA, 0x60AB, 0x608D, 0x604E, 0x6830,
    0x6812, 0x6814, 0x6815, 0x6016, 0x6017, 0x6018, 0x5819, 0x5819, 0x501A, 0x501A, 0x481B, 0x481B, 0x401B, 0x401C, 0x381C, 0x381C,
    0x5163, 0x5163, 0x5163, 0x5163, 0x5163, 0x5964, 0x5964, 0x5945, 0x5945, 0x6126, 0x6108, 0x610A, 0x60EB, 0x60CD, 0x60AE, 0x6891,
    0x6872, 0x6034, 0x6035, 0x6016, 0x5817, 0x5818, 0x5819, 0x5019, 0x501A, 0x481A, 0x481B, 0x401B, 0x401B, 0x381C, 0x381C, 0x301C,
    0x5183, 0x5183, 0x5183, 0x5183, 0x5184, 0x5184, 0x59A4, 0x59A5, 0x5986, 0x6167, 0x6168, 0x616A, 0x614B, 0x612D, 0x612E, 0x6111,
    0x60F2, 0x60D4, 0x60B5, 0x5896, 0x5897, 0x5878, 0x5079, 0x5059, 0x483A, 0x403A, 0x403B, 0x403B, 0x381B, 0x381C, 0x301C, 0x281C,
    0x51C3, 0x51C3, 0x51C3, 0x51C3, 0x51C3, 0x51C4, 0x59E4, 0x59E5, 0x59C6, 0x59C6, 0x61C8, 0x61C9, 0x61AB, 0x618D, 0x618F, 0x6171,
    0x6172, 0x6153, 0x5934, 0x5916, 0x5117, 0x50F8, 0x50F8, 0x48D9, 0x40DA, 0x40BA, 0x38BB, 0x38BB, 0x30BB, 0x289B, 0x289C, 0x209C,
    0x51E3, 0x5203, 0x5203, 0x51E3, 0x51E3, 0x5204, 0x5205, 0x5A25, 0x5A26, 0x5A06, 0x6228, 0x6229, 0x620B, 0x620C, 0x61EE, 0x61F0,
    0x61D2, 0x59D3, 0x59B4, 0x5196, 0x5177, 0x4978, 0x4958, 0x4159, 0x393A, 0x393A, 0x313A, 0x311B, 0x291B, 0x211B, 0x20FC, 0x191C,
    0x5243, 0x5243, 0x5243, 0x5243, 0x5244, 0x5244, 0x5265, 0x5A65, 0x5A66, 0x5A67, 0x5A88, 0x6289, 0x628B, 0x628C, 0x626E, 0x5A70,
    0x5A52, 0x5233, 0x5214, 0x4A16, 0x49F7, 0x41F8, 0x41D9, 0x39B9, 0x31BA, 0x319A, 0x299A, 0x219B, 0x217B, 0x197B, 0x197C, 0x117C,
    0x5AC2, 0x5AA2, 0x5AA2, 0x5AA3, 0x5AA3, 0x5AC4, 0x5AC4, 0x5AC5, 0x5AC6, 0x5AE7, 0x6308, 0x630A, 0x630B, 0x632D, 0x630F, 0x5B11,
    0x5AF3, 0x52D4, 0x4AB5, 0x4A96, 0x4297, 0x3A78, 0x3A79, 0x3239, 0x2A3A, 0x2A3A, 0x223A, 0x221B, 0x19FB, 0x11FB, 0x11FC, 0x09FC,
    0x6340, 0x5B41, 0x5B41, 0x5B22, 0x5B42, 0x6343, 0x6344, 0x6344, 0x6365, 0x6367, 0x6368, 0x638A, 0x638B, 0x638D, 0x5B8E, 0x5B90,
    0x5372, 0x4B53, 0x4335, 0x4316, 0x3AF7, 0x32F8, 0x2AD9, 0x2AB9, 0x229A, 0x229A, 0x1A9A, 0x127B, 0x0A5B, 0x025B, 0x023C, 0x023C,
    0x63C0, 0x63C0, 0x63C0, 0x63A0, 0x63C0, 0x63C1, 0x63C2, 0x63E3, 0x63E4, 0x63E6, 0x6408, 0x6409, 0x5C0B, 0x5C0C, 0x540E, 0x5410,
    0x4BF2, 0x43D3, 0x3BB5, 0x3396, 0x3377, 0x2B58, 0x2338, 0x1B19, 0x12F9, 0x0ADA, 0x0ADA, 0x02BB, 0x02BB, 0x029B, 0x029C, 0x029C,
    0x6440, 0x6440, 0x6440, 0x6440, 0x6440, 0x6460, 0x6461, 0x6462, 0x6463, 0x5C65, 0x6487, 0x5C88, 0x5C8A, 0x548C, 0x4C8E, 0x4C90,
    0x4492, 0x3C73, 0x3435, 0x2C16, 0x23F6, 0x23D8, 0x1BB8, 0x0B99, 0x0379, 0x035A, 0x033A, 0x031B, 0x031B, 0x02FB, 0x02DC, 0x02FC,
    0x64C0, 0x64C0, 0x64C0, 0x64C0, 0x64C0, 0x64E0, 0x64E0, 0x64C0, 0x5CC2, 0x5CE4, 0x5CE6, 0x5D08, 0x550A, 0x4D0C, 0x450E, 0x4510,
    0x3D12, 0x34F3, 0x2CD5, 0x2495, 0x1C76, 0x1457, 0x0C38, 0x0418, 0x03F9, 0x03DA, 0x03BA, 0x039A, 0x037B, 0x035B, 0x033C, 0x035C,
    0x6540, 0x6540, 0x6540, 0x6520, 0x6520, 0x6540, 0x5D40, 0x5D40, 0x5D40, 0x5D43, 0x5545, 0x5567, 0x4D69, 0x456B, 0x3D4D, 0x3D6F,
    0x3571, 0x3553, 0x2D55, 0x1D15, 0x0CF6, 0x04D7, 0x0498, 0x0478, 0x0459, 0x0439, 0x041A, 0x03FA, 0x03DB, 0x03BB, 0x039C, 0x03BC,
    0x65C0, 0x65C0, 0x65A0, 0x65A0, 0x65A0, 0x5DC0, 0x5DC0, 0x5DC0, 0x5DA0, 0x55C2, 0x55C5, 0x4DE7, 0x45E9, 0x3DCC, 0x3DCE, 0x3DD0,
    0x3DD2, 0x3DD4, 0x35D5, 0x2DB6, 0x2577, 0x1D57, 0x0D38, 0x04F8, 0x04D9, 0x04B9, 0x049A, 0x047A, 0x045B, 0x045B, 0x0C3C, 0x1C5C,
    0x6620, 0x6600, 0x6600, 0x5E00, 0x5E20, 0x5E20, 0x5E20, 0x5620, 0x5620, 0x4E21, 0x4E24, 0x4627, 0x3E29, 0x3E2C, 0x362E, 0x3E30,
    0x4632, 0x4633, 0x4615, 0x3E16, 0x35F7, 0x2DD7, 0x1D98, 0x0D78, 0x0559, 0x0519, 0x04FA, 0x04DA, 0x04DB, 0x04BB, 0x0CBB, 0x24BC,
    0x5E40, 0x5E40, 0x5E40, 0x5E40, 0x5E60, 0x5E40, 0x5640, 0x5660, 0x4E60, 0x4660, 0x4664, 0x3E67, 0x3669, 0x366C, 0x366E, 0x3E70,
    0x4652, 0x4E53, 0x4E55, 0x4E56, 0x4657, 0x3E37, 0x35F8, 0x1DD8, 0x0DB9, 0x0579, 0x055A, 0x053A, 0x051B, 0x051B, 0x051B, 0x1D1B,
    0x5E80, 0x5680, 0x5680, 0x5680, 0x5680, 0x5680, 0x4E80, 0x4E80, 0x4680, 0x3E80, 0x3E84, 0x3687, 0x2E89, 0x2E8C, 0x368E, 0x3E90,
    0x4E91, 0x5693, 0x5674, 0x5695, 0x5E96, 0x5677, 0x4658, 0x3639, 0x2E19, 0x1DDA, 0x0DBA, 0x059A, 0x055A, 0x055B, 0x055B, 0x1D5C,
    0x56A0, 0x4EA0, 0x4EA0, 0x4EA0, 0x4EA0, 0x4EA0, 0x46A0, 0x46A0, 0x3EA0, 0x36A0, 0x36A4, 0x2EA7, 0x2EA9, 0x2EAB, 0x36AE, 0x46B0,
    0x4EB1, 0x56B3, 0x5EB4, 0x5EB5, 0x66B6, 0x6697, 0x5E98, 0x4E78, 0x4659, 0x3639, 0x2E1A, 0x25FA, 0x0DBA, 0x05BB, 0x059B, 0x259C,
    0x4EC0, 0x4EC0, 0x46C0, 0x46C0, 0x46C0, 0x46C0, 0x3EC0, 0x3EC0, 0x36C0, 0x2EC0, 0x2EE4, 0x2EC7, 0x2EC9, 0x2ECB, 0x36CD, 0x46D0,
    0x56D1, 0x5ED3, 0x66D4, 0x66B5, 0x6EB6, 0x6EB7, 0x6EB8, 0x66B8, 0x5E99, 0x5679, 0x4E5A, 0x3E3A, 0x2E1A, 0x25FB, 0x25FB, 0x3DDC,
    0x4700, 0x46E0, 0x46E0, 0x3EE0, 0x3EE0, 0x3EE0, 0x36E0, 0x36E0, 0x2EE0, 0x2EE1, 0x2F05, 0x2EE8, 0x2EEA, 0x2EEC, 0x3EEE, 0x4EF0,
    0x5EF2, 0x66F3, 0x6ED4, 0x76D5, 0x76D6, 0x7ED7, 0x7ED8, 0x76D8, 0x76D9, 0x6EB9, 0x66BA, 0x5E7A, 0x4E5A, 0x465A, 0x4E3B, 0x563B,
    0x3F20, 0x3F20, 0x3F20, 0x3F00, 0x3F00, 0x3700, 0x3700, 0x2F20, 0x2F20, 0x2F03, 0x2F06, 0x2F09, 0x370B, 0x3F0D, 0x4F0F, 0x5F11,
    0x6712, 0x7713, 0x7EF5, 0x86F6, 0x86F6, 0x86F7, 0x8EF8, 0x8EF8, 0x8EF9, 0x86F9, 0x7ED9, 0x7EBA, 0x76BA, 0x6E9A, 0x6E7B, 0x6E7B,
    0x3720, 0x3720, 0x3720, 0x2F20, 0x2F20, 0x2F20, 0x2F20, 0x2F40, 0x2F20, 0x2F24, 0x2F27, 0x3729, 0x372B, 0x472D, 0x4F2F, 0x5F31,
    0x6F12, 0x7714, 0x7F15, 0x8F16, 0x8F16, 0x8F17, 0x9717, 0x9718, 0x9719, 0x8EF9, 0x8EF9, 0x86FA, 0x86DA, 0x86BB, 0x7EBB, 0x7EBB,
    0x2F40, 0x2F40, 0x2F40, 0x2F40, 0x2F40, 0x2F40, 0x2740, 0x2740, 0x2741, 0x2745, 0x2F47, 0x374A, 0x3F4C, 0x474D, 0x572F, 0x6731,
    0x6F32, 0x7F34, 0x8735, 0x8F16, 0x9716, 0x9717, 0x9717, 0x9718, 0x9718, 0x9719, 0x9719, 0x971A, 0x8EFA, 0x8EFA, 0x8EDB, 0x8EDB,
    0x2740, 0x2740, 0x2740, 0x2740, 0x2740, 0x2760, 0x2740, 0x2740, 0x2742, 0x2745, 0x2F48, 0x374A, 0x3F4C, 0x474E, 0x574F, 0x6751,
    0x7732, 0x7F34, 0x8735, 0x8F36, 0x9736, 0x9F37, 0x9F38, 0x9F38, 0x9F38, 0x9F39, 0x9F39, 0x9F1A, 0x9F1A, 0x971A, 0x96FB, 0x96FB,
    0x2760, 0x2760, 0x2760, 0x2760, 0x1F60, 0x2760, 0x2760, 0x2761, 0x2763, 0x2766, 0x3768, 0x3F6A, 0x476C, 0x4F6E, 0x5F4F, 0x6F51,
    0x7752, 0x8754, 0x8F55, 0x9756, 0x9F56, 0x9F37, 0x9F38, 0xA738, 0xA738, 0xA739, 0xA739, 0xA73A, 0xA73A, 0x9F3A, 0x9F3B, 0x9F1B,
    0x2780, 0x1F80, 0x1F60, 0x1F60, 0x1F60, 0x1F60, 0x1F60, 0x2761, 0x2785, 0x2787, 0x3789, 0x3F6B, 0x476C, 0x4F6E, 0x5F70, 0x6F71,
    0x7752, 0x8754, 0x8F55, 0x9756, 0x9F56, 0xA757, 0xA757, 0xA758, 0xA738, 0xA739, 0xA739, 0xA739, 0xA73A, 0xA73A, 0xA73B, 0xA73B,
    0x5842, 0x5842, 0x5843, 0x5823, 0x6003, 0x6004, 0x6005, 0x6006, 0x6007, 0x6008, 0x6009, 0x600A, 0x600B, 0x600C, 0x680E, 0x7010,
    0x7012, 0x7013, 0x7015, 0x7016, 0x7017, 0x7018, 0x6819, 0x6819, 0x681A, 0x601A, 0x601B, 0x581B, 0x581B, 0x501C, 0x501C, 0x481C,
    0x5863, 0x5863, 0x5863, 0x5843, 0x6003, 0x6004, 0x6005, 0x6006, 0x6007, 0x6008, 0x6009, 0x600A, 0x600B, 0x680C, 0x680E, 0x7010,
    0x7012, 0x7814, 0x7015, 0x7016, 0x7017, 0x7018, 0x6819, 0x6819, 0x601A, 0x601A, 0x601B, 0x581B, 0x581B, 0x501C, 0x501C, 0x481C,
    0x5883, 0x5883, 0x5883, 0x5863, 0x5843, 0x6004, 0x6004, 0x6006, 0x6007, 0x6008, 0x6009, 0x600A, 0x600B, 0x680C, 0x680E, 0x6810,
    0x7012, 0x7014, 0x7015, 0x7016, 0x7017, 0x7018, 0x6819, 0x6819, 0x601A, 0x601A, 0x601B, 0x581B, 0x501B, 0x501C, 0x501C, 0x481C,
    0x58A3, 0x58A3, 0x58A3, 0x5883, 0x5883, 0x6024, 0x6004, 0x6005, 0x6006, 0x6007, 0x6008, 0x600A, 0x600B, 0x680C, 0x680E, 0x6810,
    0x7012, 0x7013, 0x7015, 0x7016, 0x7017, 0x7018, 0x6818, 0x6819, 0x601A, 0x601A, 0x581B, 0x581B, 0x501B, 0x501B, 0x501C, 0x481C,
    0x58C2, 0x58C2, 0x58C3, 0x58C3, 0x58A3, 0x6083, 0x6044, 0x6025, 0x6006, 0x6007, 0x6008, 0x600A, 0x680B, 0x680C, 0x680E, 0x6810,
    0x7012, 0x7013, 0x7015, 0x7016, 0x7017, 0x6818, 0x6818, 0x6819, 0x601A, 0x601A, 0x581B, 0x581B, 0x501B, 0x501B, 0x481C, 0x481C,
    0x58E2, 0x58E3, 0x58E3, 0x58E3, 0x58C3, 0x60C4, 0x6084, 0x6045, 0x6026, 0x6027, 0x6808, 0x680A, 0x680B, 0x680C, 0x680E, 0x6810,
    0x7012, 0x7013, 0x7014, 0x7016, 0x6817, 0x6818, 0x6818, 0x6019, 0x6019, 0x601A, 0x581B, 0x581B, 0x501B, 0x501B, 0x481C, 0x401C,
    0x5922, 0x5923, 0x5903, 0x5903, 0x6103, 0x6104, 0x60C4, 0x60A5, 0x6866, 0x6867, 0x6848, 0x684A, 0x682B, 0x680D, 0x680E, 0x7010,
    0x7012, 0x7014, 0x7015, 0x7016, 0x7017, 0x6818, 0x6819, 0x6019, 0x601A, 0x581A, 0x581B, 0x501B, 0x501B, 0x481C, 0x481C, 0x401C,
    0x5942, 0x5943, 0x5943, 0x5943, 0x6143, 0x6144, 0x6124, 0x6905, 0x68C6, 0x68A7, 0x68A8, 0x688A, 0x686B, 0x684D, 0x702F, 0x7011,
    0x7012, 0x7014, 0x7015, 0x7016, 0x6817, 0x6818, 0x6819, 0x6019, 0x581A, 0x581A, 0x581B, 0x501B, 0x481B, 0x481C, 0x481C, 0x401C,
    0x5982, 0x5983, 0x5963, 0x5963, 0x6163, 0x6164, 0x6164, 0x6145, 0x6926, 0x6906, 0x6908, 0x68EA, 0x68CB, 0x68CD, 0x70AF, 0x7070,
    0x7032, 0x7034, 0x7015, 0x6816, 0x6817, 0x6818, 0x6019, 0x6019, 0x581A, 0x581A, 0x501B, 0x501B, 0x481B, 0x401C, 0x401C, 0x401C,
    0x59A2, 0x59A3, 0x59A3, 0x59A3, 0x61A4, 0x61A4, 0x61A4, 0x61A5, 0x6986, 0x6967, 0x6968, 0x7149, 0x714B, 0x712D, 0x710F, 0x70F1,
    0x70D2, 0x70B4, 0x6895, 0x6876, 0x6877, 0x6058, 0x6039, 0x5839, 0x581A, 0x501A, 0x501B, 0x481B, 0x481B, 0x401C, 0x401C, 0x381C,
    0x59E2, 0x59E3, 0x59E3, 0x59E3, 0x59E3, 0x61E4, 0x61E4, 0x61E5, 0x61E6, 0x69C7, 0x69C8, 0x69A9, 0x71AB, 0x698D, 0x698E, 0x7170,
    0x7152, 0x6954, 0x6935, 0x6916, 0x60F7, 0x60F8, 0x58D9, 0x58D9, 0x50BA, 0x50BA, 0x48BA, 0x40BB, 0x409B, 0x389C, 0x389C, 0x309C,
    0x5A03, 0x5A23, 0x5A03, 0x5A03, 0x5A03, 0x6224, 0x6224, 0x6225, 0x6226, 0x6227, 0x6A28, 0x6A29, 0x6A0B, 0x6A0C, 0x69EE, 0x69F0,
    0x69D2, 0x69D3, 0x6995, 0x6196, 0x6177, 0x5978, 0x5958, 0x5159, 0x493A, 0x493A, 0x413A, 0x411B, 0x391B, 0x38FC, 0x30FC, 0x30FC,
    0x5A63, 0x5A63, 0x5A43, 0x5A43, 0x5A64, 0x6264, 0x6284, 0x6285, 0x6286, 0x6287, 0x6A88, 0x6AA9, 0x6A8B, 0x6A8C, 0x6A6E, 0x6A70,
    0x6A52, 0x6A53, 0x6215, 0x6216, 0x59F7, 0x59F8, 0x51D8, 0x49D9, 0x49BA, 0x419A, 0x419A, 0x399B, 0x397B, 0x317C, 0x297C, 0x297C,
    0x5AC2, 0x62C3, 0x62A3, 0x5AA3, 0x62C4, 0x62C4, 0x62E5, 0x62E5, 0x62E6, 0x6AE7, 0x6B09, 0x6B0A, 0x6B0B, 0x6B0D, 0x6B0F, 0x6B11,
    0x6AF3, 0x6AD4, 0x62B5, 0x5AB6, 0x5A97, 0x5278, 0x4A78, 0x4A59, 0x423A, 0x423A, 0x3A1A, 0x3A1B, 0x31FB, 0x29FC, 0x29FC, 0x21FC,
    0x6341, 0x6321, 0x6322, 0x6322, 0x6323, 0x6343, 0x6344, 0x6345, 0x6346, 0x6B47, 0x6B68, 0x6B8A, 0x6B8B, 0x6B8D, 0x6B8F, 0x6B91,
    0x6B72, 0x6354, 0x5B35, 0x5336, 0x5317, 0x4AF8, 0x4AD8, 0x42B9, 0x3A9A, 0x3A9A, 0x329A, 0x2A7B, 0x2A5B, 0x225C, 0x1A5C, 0x1A3C,
    0x6BC0, 0x6BA0, 0x6BA0, 0x6BA1, 0x6BA1, 0x6BC2, 0x6BC3, 0x6BC4, 0x6BC5, 0x6BC6, 0x6BE8, 0x6BE9, 0x6C0B, 0x6C0D, 0x640E, 0x6411,
    0x6412, 0x5BF3, 0x53B5, 0x53B6, 0x4B97, 0x4378, 0x4358, 0x3B39, 0x32F9, 0x2AFA, 0x2AFA, 0x22DB, 0x22BB, 0x1ABC, 0x1A9C, 0x1A9C,
    0x6C40, 0x6C40, 0x6C20, 0x6C20, 0x6C20, 0x6C40, 0x6C41, 0x6C43, 0x6C44, 0x6C66, 0x6C67, 0x6C89, 0x648B, 0x648C, 0x648E, 0x6490,
    0x5C92, 0x5C73, 0x5455, 0x4C16, 0x43F7, 0x3BF8, 0x33B8, 0x2B99, 0x2B79, 0x235A, 0x235A, 0x1B3B, 0x1B1B, 0x12FB, 0x12FC, 0x12FC,
    0x6CC0, 0x6CC0, 0x6CA0, 0x6CA0, 0x6CA0, 0x6CC0, 0x6CC0, 0x6CC1, 0x6CC3, 0x6CC5, 0x6CE7, 0x6CE8, 0x650A, 0x64EC, 0x5CEE, 0x5D10,
    0x5D12, 0x54F3, 0x4CD5, 0x4495, 0x3C76, 0x3457, 0x2C38, 0x23F9, 0x23D9, 0x1BDA, 0x1BBA, 0x1B9B, 0x137B, 0x135B, 0x0B5C, 0x135C,
    0x6D20, 0x6D20, 0x6D20, 0x6D20, 0x6D20, 0x6D40, 0x6D40, 0x6D20, 0x6D21, 0x6524, 0x6546, 0x6568, 0x654A, 0x5D4B, 0x554D, 0x556F,
    0x5571, 0x5553, 0x4D55, 0x3D15, 0x34F6, 0x2CD7, 0x2498, 0x2478, 0x2459, 0x2439, 0x1C3A, 0x141A, 0x0BDB, 0x03BB, 0x03BC, 0x0BBC,
    0x75A0, 0x75A0, 0x6DA0, 0x6DA0, 0x6DA0, 0x6DA0, 0x6DA0, 0x6DA0, 0x6DA0, 0x65A3, 0x65C6, 0x65C8, 0x5DCA, 0x5DCC, 0x55CE, 0x5DD0,
    0x5DD2, 0x5DD3, 0x55D5, 0x55B6, 0x4596, 0x3D57, 0x3538, 0x24F8, 0x24D9, 0x24B9, 0x24BA, 0x249A, 0x1C7B, 0x1C5B, 0x245C, 0x2C5C,
    0x6E00, 0x6E00, 0x6E00, 0x6E00, 0x6E00, 0x6E00, 0x6E00, 0x6E00, 0x6600, 0x6602, 0x6625, 0x5E28, 0x5E2A, 0x562C, 0x562E, 0x5E30,
    0x5E32, 0x5E13, 0x5E15, 0x5E16, 0x5DF7, 0x4DD7, 0x45B8, 0x2D78, 0x2559, 0x2539, 0x251A, 0x24FA, 0x24DB, 0x24DB, 0x2CDB, 0x3CDC,
    0x6E40, 0x6E40, 0x6E40, 0x6E40, 0x6E40, 0x6E40, 0x6640, 0x6640, 0x6640, 0x5E41, 0x5E45, 0x5E67, 0x5649, 0x566C, 0x566E, 0x5670,
    0x5E52, 0x6653, 0x6655, 0x6656, 0x6657, 0x5E37, 0x5618, 0x3DD8, 0x35B9, 0x2D99, 0x255A, 0x1D3A, 0x1D3B, 0x251B, 0x2D1B, 0x3D1C,
    0x6E80, 0x6680, 0x6680, 0x6660, 0x6660, 0x6680, 0x6680, 0x5E80, 0x5E80, 0x5681, 0x5685, 0x5687, 0x4E89, 0x4E8B, 0x4E8E, 0x5690,
    0x5E91, 0x6673, 0x6E74, 0x6E75, 0x6E76, 0x6E77, 0x6658, 0x5638, 0x4619, 0x3DD9, 0x2DBA, 0x259A, 0x1D7A, 0x1D5B, 0x255B, 0x3D5C,
    0x66A0, 0x66A0, 0x5EA0, 0x5EA0, 0x5EA0, 0x5EA0, 0x5EA0, 0x56A0, 0x56A0, 0x56A1, 0x4EA5, 0x4EA7, 0x4EA9, 0x46AB, 0x4EAE, 0x56B0,
    0x5EB1, 0x66B3, 0x6E94, 0x6E95, 0x7696, 0x7697, 0x7698, 0x6678, 0x5E59, 0x5639, 0x4E1A, 0x3DFA, 0x2DDA, 0x25BB, 0x2D9B, 0x3D9C,
    0x5EC0, 0x5EC0, 0x5EC0, 0x5EC0, 0x56C0, 0x56C0, 0x56C0, 0x56C0, 0x4EC0, 0x4EC0, 0x4EC4, 0x46C7, 0x46C9, 0x46CB, 0x4ECD, 0x56D0,
    0x66D1, 0x6ED3, 0x76B4, 0x76B5, 0x7EB6, 0x7EB7, 0x7EB8, 0x76B8, 0x6E99, 0x6679, 0x5E5A, 0x563A, 0x461A, 0x3DFB, 0x45DB, 0x4DDB,
    0x56E0, 0x56E0, 0x56E0, 0x56E0, 0x56E0, 0x56E0, 0x56E0, 0x4EE0, 0x46E0, 0x46E1, 0x46E5, 0x46E8, 0x46EA, 0x46EC, 0x4EEE, 0x5EF0,
    0x66F2, 0x6EF3, 0x7ED4, 0x7ED5, 0x86D6, 0x86D7, 0x86D8, 0x86D8, 0x7ED9, 0x7EB9, 0x769A, 0x6E7A, 0x665A, 0x5E5B, 0x5E3B, 0x663B,
    0x5700, 0x5700, 0x5700, 0x4F00, 0x4F00, 0x4F00, 0x4F00, 0x4F00, 0x4720, 0x4704, 0x4706, 0x4F09, 0x4F0B, 0x4F0D, 0x5F0F, 0x6711,
    0x6F12, 0x7F14, 0x86F5, 0x8EF6, 0x8EF6, 0x96F7, 0x96F8, 0x96F8, 0x96F9, 0x8EF9, 0x8ED9, 0x86BA, 0x7EBA, 0x7E9A, 0x7E9B, 0x7E7B,
    0x4F20, 0x4F20, 0x4F20, 0x4F20, 0x4F20, 0x4720, 0x4720, 0x4720, 0x4720, 0x4724, 0x4727, 0x4729, 0x4F2B, 0x572D, 0x5F2F, 0x6731,
    0x7712, 0x7F14, 0x8714, 0x8F16, 0x9716, 0x9717, 0x9EF7, 0x9EF8, 0x9EF9, 0x96F9, 0x96FA, 0x8EDA, 0x8EDA, 0x8EDA, 0x86BB, 0x86BB,
    0x4740, 0x4740, 0x4740, 0x4740, 0x4740, 0x4740, 0x4740, 0x3F40, 0x3F41, 0x3F45, 0x4748, 0x474A, 0x4F2B, 0x572D, 0x5F2F, 0x6F31,
    0x7732, 0x7F34, 0x8F35, 0x9716, 0x9717, 0x9F17, 0x9F18, 0x9F18, 0x9F18, 0x9F19, 0x9F1A, 0x9F1A, 0x96FA, 0x96FA, 0x8EDB, 0x8EDB,
    0x4740, 0x4740, 0x3F40, 0x3F40, 0x3F40, 0x3F40, 0x3F40, 0x3F40, 0x3F42, 0x3F45, 0x4748, 0x474A, 0x4F4C, 0x574D, 0x674F, 0x6F51,
    0x7F32, 0x8734, 0x8F35, 0x9736, 0x9F37, 0x9F37, 0x9F38, 0xA738, 0xA738, 0xA739, 0xA739, 0xA71A, 0x9F1A, 0x9F1A, 0x9F1B, 0x96FB,
    0x3F60, 0x3F60, 0x3F60, 0x3F60, 0x3760, 0x3F60, 0x3F60, 0x3F61, 0x3F63, 0x3F66, 0x4768, 0x4F6A, 0x4F4C, 0x5F4E, 0x6750, 0x6F51,
    0x7F53, 0x8754, 0x8F55, 0x9756, 0x9F37, 0xA737, 0xA738, 0xA738, 0xA738, 0xA739, 0xA739, 0xA73A, 0xA73A, 0xA73A, 0x9F1A, 0x9F1B,
    0x3760, 0x3780, 0x3780, 0x3760, 0x3760, 0x3760, 0x3760, 0x3761, 0x3F65, 0x3F67, 0x4769, 0x4F6B, 0x576C, 0x5F6E, 0x6770, 0x7771,
    0x7F52, 0x8754, 0x8F55, 0x9756, 0x9F56, 0xA757, 0xA758, 0xA758, 0xA739, 0xAF39, 0xAF39, 0xAF3A, 0xAF3A, 0xA73A, 0xA73A, 0xA73B,
    0x6842, 0x6842, 0x6823, 0x6803, 0x6803, 0x6803, 0x7005, 0x6806, 0x6807, 0x7008, 0x7009, 0x700A, 0x700C, 0x700D, 0x700E, 0x7810,
    0x7812, 0x8014, 0x8015, 0x8016, 0x7817, 0x7818, 0x7819, 0x7019, 0x701A, 0x681A, 0x681B, 0x681B, 0x601B, 0x581B, 0x581C, 0x501C,
    0x6863, 0x6863, 0x6843, 0x6823, 0x6803, 0x6803, 0x6804, 0x6806, 0x7007, 0x7008, 0x7009, 0x700A, 0x700C, 0x700D, 0x700E, 0x7810,
    0x7812, 0x8014, 0x8015, 0x8016, 0x7817, 0x7818, 0x7819, 0x7019, 0x701A, 0x681A, 0x681B, 0x601B, 0x601B, 0x581C, 0x581C, 0x501C,
    0x6082, 0x6883, 0x6883, 0x6863, 0x6823, 0x6803, 0x6804, 0x7005, 0x7007, 0x7008, 0x7009, 0x700A, 0x700C, 0x700D, 0x700E, 0x7810,
    0x7812, 0x8014, 0x8015, 0x7816, 0x7817, 0x7818, 0x7019, 0x7019, 0x681A, 0x681A, 0x681B, 0x601B, 0x601B, 0x581C, 0x581C, 0x501C,
    0x60A2, 0x60A3, 0x68A3, 0x6883, 0x6863, 0x6823, 0x6804, 0x7005, 0x7007, 0x6808, 0x7009, 0x700A, 0x700C, 0x700D, 0x700E, 0x7010,
    0x7812, 0x7813, 0x7815, 0x7816, 0x7817, 0x7818, 0x7019, 0x7019, 0x681A, 0x681A, 0x681B, 0x601B, 0x601B, 0x581C, 0x581C, 0x501C,
    0x60C2, 0x60C2, 0x68C3, 0x68C3, 0x68A3, 0x6863, 0x6824, 0x7005, 0x7006, 0x7007, 0x7009, 0x700A, 0x700B, 0x700D, 0x700E, 0x7010,
    0x7812, 0x8014, 0x7815, 0x7816, 0x7817, 0x7818, 0x7018, 0x7019, 0x681A, 0x681A, 0x681B, 0x601B, 0x581B, 0x581B, 0x581C, 0x501C,
    0x6102, 0x60E3, 0x60E3, 0x60E3, 0x68C3, 0x68A4, 0x6864, 0x7025, 0x7006, 0x7007, 0x7009, 0x700A, 0x700B, 0x700C, 0x700E, 0x7010,
    0x7812, 0x7813, 0x7815, 0x7816, 0x7817, 0x7818, 0x7019, 0x7019, 0x681A, 0x681A, 0x601B, 0x601B, 0x581B, 0x581B, 0x501C, 0x501C,
    0x6922, 0x6922, 0x6923, 0x6923, 0x6903, 0x6904, 0x70C4, 0x7085, 0x7046, 0x7027, 0x7029, 0x700A, 0x700C, 0x700D, 0x700F, 0x7810,
    0x7812, 0x8014, 0x7815, 0x7816, 0x7817, 0x7818, 0x7019, 0x7019, 0x681A, 0x681A, 0x601B, 0x601B, 0x581B, 0x581C, 0x501C, 0x501C,
    0x6962, 0x6962, 0x6963, 0x6943, 0x6943, 0x6944, 0x7124, 0x70E5, 0x70C6, 0x7087, 0x7869, 0x786A, 0x784C, 0x782D, 0x782F, 0x7811,
    0x7812, 0x8014, 0x8015, 0x7816, 0x7817, 0x7818, 0x7019, 0x6819, 0x681A, 0x601A, 0x601B, 0x581B, 0x581B, 0x501C, 0x501C, 0x501C,
    0x6982, 0x6982, 0x6983, 0x6983, 0x6983, 0x6984, 0x7164, 0x7165, 0x7126, 0x78E6, 0x78E8, 0x78CA, 0x78AC, 0x78AD, 0x786F, 0x7851,
    0x7832, 0x8014, 0x7815, 0x7816, 0x7817, 0x7018, 0x7019, 0x6819, 0x601A, 0x601A, 0x601B, 0x581B, 0x581B, 0x501C, 0x481C, 0x481C,
    0x69C2, 0x69C2, 0x69C3, 0x69C3, 0x69C3, 0x69A4, 0x71A4, 0x71A5, 0x7185, 0x7167, 0x7948, 0x7929, 0x792B, 0x790D, 0x78EF, 0x78F1,
    0x78D2, 0x78B4, 0x7875, 0x7856, 0x7037, 0x7038, 0x6819, 0x6819, 0x601A, 0x601A, 0x581B, 0x581B, 0x501B, 0x501C, 0x481C, 0x401C,
    0x6A02, 0x6A03, 0x6A03, 0x69E3, 0x69E3, 0x6A04, 0x6A04, 0x71E5, 0x71E5, 0x71E6, 0x79C8, 0x79A9, 0x79AB, 0x798D, 0x796E, 0x7970,
    0x7952, 0x7934, 0x7915, 0x70F6, 0x70F7, 0x68D8, 0x68D9, 0x60B9, 0x60BA, 0x589A, 0x589A, 0x509B, 0x509B, 0x489C, 0x487C, 0x409C,
    0x6242, 0x6223, 0x6223, 0x6223, 0x6223, 0x6A44, 0x6A44, 0x6A45, 0x6A26, 0x6A27, 0x7228, 0x7A29, 0x7A0B, 0x7A0D, 0x79EE, 0x79F0,
    0x79D2, 0x79B4, 0x7195, 0x7196, 0x6977, 0x6978, 0x6958, 0x6159, 0x593A, 0x593A, 0x513A, 0x511B, 0x491B, 0x48FC, 0x40FC, 0x40FC,
    0x6A82, 0x6283, 0x6263, 0x6263, 0x6284, 0x6A84, 0x6A84, 0x6A85, 0x6A86, 0x6A87, 0x72A8, 0x72A9, 0x7A8B, 0x7A8C, 0x7A6E, 0x7A70,
    0x7A72, 0x7A54, 0x7235, 0x7216, 0x69F7, 0x69F8, 0x61D8, 0x59D9, 0x59BA, 0x51BA, 0x51BA, 0x499B, 0x499B, 0x417C, 0x417C, 0x397C,
    0x6AC2, 0x6AC3, 0x6AC3, 0x6AC3, 0x6AE4, 0x6AE4, 0x6AE5, 0x6AE5, 0x72E6, 0x7307, 0x7309, 0x7B2A, 0x7B2B, 0x7B0D, 0x7B0F, 0x7B11,
    0x7AF3, 0x7AF4, 0x72D5, 0x72B6, 0x6AB7, 0x6298, 0x6279, 0x5A59, 0x525A, 0x523A, 0x4A3A, 0x4A1B, 0x421B, 0x41FC, 0x39FC, 0x39FC,
    0x6B22, 0x6B22, 0x6B22, 0x6B23, 0x6B23, 0x6B44, 0x6B44, 0x6B45, 0x6B46, 0x7347, 0x7369, 0x738A, 0x738C, 0x738D, 0x7B8F, 0x7B91,
    0x7B92, 0x7B74, 0x7355, 0x6B36, 0x6B17, 0x62F8, 0x5AD8, 0x52D9, 0x52BA, 0x4A9A, 0x4A9A, 0x427B, 0x427B, 0x3A5C, 0x3A5C, 0x325C,
    0x6BA0, 0x6BA1, 0x6BA1, 0x6BA1, 0x6BA2, 0x6BA3, 0x73C4, 0x73A5, 0x73C6, 0x73C7, 0x73E8, 0x73EA, 0x73EB, 0x740D, 0x740F, 0x7C11,
    0x7412, 0x73F4, 0x6BD5, 0x63B6, 0x6397, 0x5B78, 0x5B58, 0x5339, 0x4B19, 0x4AFA, 0x42FA, 0x42DB, 0x3ABB, 0x32BC, 0x32BC, 0x32BC,
    0x7420, 0x7420, 0x7420, 0x7420, 0x7421, 0x7421, 0x7442, 0x7444, 0x7425, 0x7446, 0x7468, 0x746A, 0x746B, 0x746D, 0x746E, 0x7490,
    0x7492, 0x7473, 0x6C55, 0x6436, 0x5C17, 0x5BF8, 0x53D8, 0x4B99, 0x4379, 0x437A, 0x435A, 0x3B3B, 0x333B, 0x331C, 0x2AFC, 0x2AFC,
    0x74C0, 0x74A0, 0x74A0, 0x74A0, 0x74A0, 0x74A0, 0x74C1, 0x74C2, 0x74A4, 0x74C6, 0x74C7, 0x74E9, 0x74EB, 0x74EC, 0x74EE, 0x74F0,
    0x7512, 0x6CF3, 0x64D5, 0x5CB6, 0x5C97, 0x5478, 0x4C38, 0x4C19, 0x43F9, 0x3BDA, 0x3BDA, 0x33BB, 0x2B9B, 0x2B7B, 0x235C, 0x2B7C,
    0x7D20, 0x7D20, 0x7520, 0x7500, 0x7520, 0x7D20, 0x7520, 0x7520, 0x7522, 0x7524, 0x7546, 0x7548, 0x754A, 0x6D4C, 0x6D4E, 0x6D50,
    0x6D51, 0x6D53, 0x6535, 0x5D15, 0x54F6, 0x54D7, 0x4CB8, 0x4498, 0x4479, 0x3C5A, 0x3C3A, 0x341A, 0x23FB, 0x1BDB, 0x1BBC, 0x23DC,
    0x7DA0, 0x7DA0, 0x7D80, 0x7D80, 0x7D80, 0x7DA0, 0x7DA0, 0x7DA0, 0x75A1, 0x75A4, 0x75A6, 0x75C8, 0x75CA, 0x75CC, 0x6DCE, 0x6DD0,
    0x75D2, 0x75D3, 0x6DD5, 0x6DB6, 0x6597, 0x5D77, 0x5538, 0x4D18, 0x44F9, 0x44D9, 0x44BA, 0x449B, 0x3C9B, 0x3C7B, 0x3C7B, 0x3C5C,
    0x7E00, 0x7E00, 0x7E00, 0x7DE0, 0x7DE0, 0x7E00, 0x7E00, 0x7600, 0x7601, 0x7604, 0x7606, 0x7608, 0x6E0A, 0x6E2C, 0x6E2E, 0x6E30,
    0x7612, 0x7613, 0x7615, 0x7616, 0x75F7, 0x6DD7, 0x5DB8, 0x5578, 0x4D59, 0x4539, 0x451A, 0x451A, 0x44FB, 0x44DB, 0x4CDB, 0x54DC,
    0x7E40, 0x7E40, 0x7E40, 0x7640, 0x7640, 0x7640, 0x7640, 0x7640, 0x7640, 0x6E43, 0x6E46, 0x6E48, 0x6E4A, 0x6E4C, 0x6E4E, 0x6E50,
    0x6E52, 0x7653, 0x7655, 0x7656, 0x7637, 0x7637, 0x6E18, 0x5DD8, 0x55B9, 0x4D99, 0x457A, 0x455A, 0x3D3B, 0x453B, 0x4D3B, 0x5D3C,
    0x7660, 0x7660, 0x7660, 0x7660, 0x7660, 0x7680, 0x7680, 0x6E80, 0x6E60, 0x6E83, 0x6E86, 0x6E88, 0x668A, 0x668C, 0x668E, 0x6E90,
    0x6E91, 0x7673, 0x7E74, 0x7E75, 0x7E76, 0x7E77, 0x7658, 0x6E38, 0x6619, 0x55D9, 0x4DBA, 0x459A, 0x3D7A, 0x3D7B, 0x4D5B, 0x5D7C,
    0x76A0, 0x76A0, 0x6EA0, 0x6EA0, 0x6EA0, 0x6EA0, 0x6EA0, 0x6EA0, 0x66A0, 0x66A2, 0x66A5, 0x66A8, 0x66AA, 0x5EAB, 0x66AE, 0x66B0,
    0x6EB1, 0x76B3, 0x7E94, 0x7E95, 0x8696, 0x8697, 0x8698, 0x7678, 0x6E59, 0x6E39, 0x661A, 0x55FA, 0x4DDA, 0x4DBB, 0x4D9B, 0x5D9B,
    0x6EC0, 0x6EC0, 0x6EC0, 0x6EC0, 0x6EC0, 0x6EC0, 0x66C0, 0x66C0, 0x66C0, 0x66C2, 0x5EC5, 0x5EC8, 0x5EC9, 0x5ECB, 0x5ECD, 0x66D0,
    0x6ED1, 0x76D3, 0x7EB4, 0x86B5, 0x86B6, 0x8EB7, 0x8EB8, 0x86B8, 0x7E99, 0x7679, 0x765A, 0x663A, 0x5E1A, 0x5DFB, 0x5DFB, 0x65FB,
    0x6EE0, 0x6EE0, 0x66E0, 0x66E0, 0x66E0, 0x66E0, 0x66E0, 0x66E0, 0x5EE0, 0x5EE3, 0x5EE6, 0x5EE8, 0x5EEA, 0x5EEC, 0x66EE, 0x6EF0,
    0x76F2, 0x7EF3, 0x86D4, 0x8ED5, 0x8ED6, 0x96D7, 0x96D8, 0x8ED8, 0x8ED9, 0x86B9, 0x869A, 0x7E7A, 0x767A, 0x6E5B, 0x6E3B, 0x763B,
    0x6700, 0x6700, 0x6700, 0x6700, 0x5F00, 0x6700, 0x5F00, 0x5F00, 0x5F01, 0x5F05, 0x5F07, 0x5F09, 0x5F0B, 0x670D, 0x670F, 0x7711,
    0x7F12, 0x86F4, 0x8EF5, 0x96F6, 0x96F6, 0x9EF7, 0x9EF8, 0x9ED8, 0x9EF9, 0x96D9, 0x96DA, 0x8EBA, 0x8EBA, 0x869B, 0x869B, 0x867B,
    0x5F20, 0x5F20, 0x5F20, 0x5F20, 0x5F20, 0x5F20, 0x5F20, 0x5720, 0x5722, 0x5725, 0x5727, 0x5F29, 0x5F2B, 0x672D, 0x6F2F, 0x7711,
    0x7F12, 0x8714, 0x8F14, 0x9716, 0x9F17, 0x9F17, 0x9EF7, 0xA6F8, 0x9EF9, 0x9EF9, 0x9EFA, 0x96FA, 0x96DA, 0x8EDA, 0x8EBB, 0x8EBB,
    0x5F40, 0x5F40, 0x5F40, 0x5740, 0x5740, 0x5740, 0x5740, 0x5740, 0x5742, 0x5745, 0x5748, 0x574A, 0x5F2B, 0x672D, 0x6F2F, 0x7731,
    0x7F32, 0x8734, 0x8F35, 0x9716, 0x9F17, 0xA717, 0xA718, 0xA718, 0xA719, 0xA719, 0xA71A, 0xA71A, 0x9EFA, 0x96FA, 0x96FB, 0x96DB,
    0x5740, 0x5740, 0x5740, 0x5740, 0x5740, 0x5740, 0x4F40, 0x4F41, 0x4F43, 0x4F46, 0x5748, 0x574A, 0x5F4C, 0x674D, 0x6F4F, 0x7751,
    0x7F32, 0x8734, 0x8F35, 0x9F36, 0x9F37, 0xA737, 0xA718, 0xA718, 0xA738, 0xA739, 0xA71A, 0xA71A, 0xA71A, 0x9F1A, 0x9F1B, 0x9EFB,
    0x4F60, 0x4F60, 0x4F60, 0x4F60, 0x4F60, 0x4F60, 0x4F60, 0x4F61, 0x4F64, 0x4F66, 0x5768, 0x576A, 0x5F4C, 0x674E, 0x6F50, 0x7751,
    0x8753, 0x8F54, 0x9755, 0x9F36, 0xA736, 0xA737, 0xAF38, 0xAF38, 0xA738, 0xAF39, 0xAF39, 0xAF3A, 0xAF3A, 0xA73A, 0xA71A, 0xA71B,
    0x4F60, 0x4760, 0x4760, 0x4760, 0x4760, 0x4F60, 0x4760, 0x4762, 0x4F64, 0x4F67, 0x5769, 0x576B, 0x5F6D, 0x676E, 0x6F70, 0x7F51,
    0x8753, 0x8F54, 0x9755, 0x9F56, 0xA756, 0xA757, 0xAF38, 0xAF58, 0xAF39, 0xAF39, 0xAF39, 0xAF3A, 0xAF3A, 0xAF3A, 0xAF3A, 0xAF3B,
    0x7062, 0x7042, 0x7023, 0x7003, 0x7003, 0x7803, 0x7804, 0x7806, 0x7807, 0x7808, 0x780A, 0x780B, 0x780C, 0x780D, 0x780F, 0x8010,
    0x8012, 0x8814, 0x8815, 0x8816, 0x8817, 0x8818, 0x8019, 0x8019, 0x781A, 0x701A, 0x701B, 0x681B, 0x681B, 0x681B, 0x601C, 0x601C,
    0x7082, 0x7062, 0x7043, 0x7023, 0x7003, 0x7803, 0x7804, 0x7806, 0x7807, 0x7808, 0x7809, 0x780B, 0x780C, 0x780D, 0x780F, 0x8010,
    0x8012, 0x8814, 0x8815, 0x8816, 0x8817, 0x8018, 0x8019, 0x8019, 0x781A, 0x701A, 0x701B, 0x681B, 0x681B, 0x681C, 0x601C, 0x601C,
    0x70A2, 0x7083, 0x7063, 0x7043, 0x7023, 0x7803, 0x7804, 0x7805, 0x7807, 0x7808, 0x7809, 0x780B, 0x780C, 0x780D, 0x780E, 0x8010,
    0x8012, 0x8814, 0x8815, 0x8816, 0x8817, 0x8018, 0x8019, 0x7819, 0x781A, 0x701A, 0x701A, 0x681B, 0x681B, 0x601C, 0x601C, 0x581C,
    0x70A2, 0x70A3, 0x70A3, 0x7083, 0x7043, 0x7823, 0x7804, 0x7805, 0x7807, 0x7808, 0x7809, 0x780B, 0x780C, 0x780D, 0x780E, 0x8010,
    0x8012, 0x8813, 0x8815, 0x8816, 0x8817, 0x8018, 0x8019, 0x7819, 0x781A, 0x701A, 0x701A, 0x681B, 0x681B, 0x601C, 0x601C, 0x581C,
    0x70E2, 0x70C2, 0x70C3, 0x70C3, 0x70A3, 0x7043, 0x7804, 0x7805, 0x7806, 0x7808, 0x7809, 0x780B, 0x780C, 0x780D, 0x780E, 0x8010,
    0x8012, 0x8814, 0x8815, 0x8816, 0x8017, 0x8018, 0x8019, 0x7819, 0x781A, 0x701A, 0x701B, 0x681B, 0x681B, 0x601B, 0x601C, 0x581C,
    0x7102, 0x7102, 0x70E3, 0x70E3, 0x70C3, 0x70A3, 0x7864, 0x7825, 0x7806, 0x7807, 0x7809, 0x780A, 0x780C, 0x780D, 0x780E, 0x8010,
    0x8012, 0x8013, 0x8015, 0x8016, 0x8017, 0x8018, 0x8019, 0x7819, 0x701A, 0x701A, 0x681B, 0x681B, 0x681B, 0x601B, 0x581C, 0x581C,
    0x7142, 0x7142, 0x7123, 0x7123, 0x7103, 0x7904, 0x78C4, 0x7884, 0x8026, 0x8007, 0x8009, 0x800A, 0x800C, 0x800D, 0x800F, 0x8011,
    0x8812, 0x8814, 0x8815, 0x8816, 0x8817, 0x8018, 0x8019, 0x7819, 0x701A, 0x701A, 0x681B, 0x681B, 0x601B, 0x601C, 0x581C, 0x581C,
    0x7182, 0x7162, 0x7163, 0x7163, 0x7143, 0x7944, 0x7924, 0x78E5, 0x80A5, 0x8047, 0x8049, 0x882A, 0x802C, 0x800D, 0x800F, 0x8811,
    0x8812, 0x8814, 0x8815, 0x8816, 0x8017, 0x8018, 0x7819, 0x781A, 0x701A, 0x701A, 0x681B, 0x681B, 0x601B, 0x601C, 0x581C, 0x581C,
    0x71A2, 0x71A2, 0x71A3, 0x71A3, 0x71A3, 0x7984, 0x7984, 0x7965, 0x8125, 0x80E6, 0x88C8, 0x88AA, 0x888C, 0x806D, 0x804F, 0x8831,
    0x8812, 0x8814, 0x8815, 0x8016, 0x8017, 0x8018, 0x7819, 0x7819, 0x701A, 0x681A, 0x681B, 0x681B, 0x601B, 0x581C, 0x581C, 0x501C,
    0x71E2, 0x71E2, 0x71E3, 0x71C3, 0x71C3, 0x79C4, 0x79C4, 0x79A5, 0x81A5, 0x8166, 0x8148, 0x8929, 0x890B, 0x890D, 0x80EE, 0x80D1,
    0x8892, 0x8874, 0x8855, 0x8016, 0x8017, 0x8018, 0x7819, 0x7019, 0x701A, 0x681A, 0x681B, 0x601B, 0x601B, 0x581C, 0x501C, 0x501C,
    0x7222, 0x7202, 0x7202, 0x7203, 0x7203, 0x7204, 0x7A04, 0x7A05, 0x79E5, 0x79E6, 0x81C8, 0x81A9, 0x898B, 0x898D, 0x816E, 0x8950,
    0x8932, 0x8914, 0x88F5, 0x80F6, 0x80D7, 0x78D8, 0x78B9, 0x70B9, 0x689A, 0x689A, 0x609B, 0x609B, 0x589B, 0x587B, 0x507C, 0x507C,
    0x7242, 0x7242, 0x7243, 0x7243, 0x7243, 0x7244, 0x7244, 0x7A45, 0x7A45, 0x7A26, 0x8228, 0x8229, 0x820B, 0x820D, 0x81EE, 0x89D0,
    0x89D2, 0x89B4, 0x8195, 0x8196, 0x7977, 0x7978, 0x7158, 0x7139, 0x693A, 0x611A, 0x611A, 0x591B, 0x58FB, 0x50FB, 0x50FC, 0x48FC,
    0x72A2, 0x72A2, 0x7283, 0x7283, 0x7283, 0x72A4, 0x72A4, 0x7AA5, 0x7A86, 0x7A87, 0x82A8, 0x82A9, 0x82AB, 0x828C, 0x8A6E, 0x8A70,
    0x8A52, 0x8A54, 0x8235, 0x8216, 0x7A17, 0x79F8, 0x71F8, 0x69D9, 0x69BA, 0x61BA, 0x59BA, 0x599B, 0x517B, 0x517B, 0x517C, 0x497C,
    0x72E2, 0x72E2, 0x72E3, 0x72E3, 0x7303, 0x7B04, 0x7B04, 0x7B05, 0x7B06, 0x8307, 0x8309, 0x832A, 0x832B, 0x8B0D, 0x8B2F, 0x8B11,
    0x8AF3, 0x8AF4, 0x82D5, 0x82D6, 0x7AB7, 0x7A98, 0x7279, 0x6A79, 0x6A5A, 0x623A, 0x5A3A, 0x5A1B, 0x521B, 0x51FB, 0x49FC, 0x41FC,
    0x7322, 0x7322, 0x7322, 0x7323, 0x7343, 0x7344, 0x7344, 0x7B45, 0x7B46, 0x7B67, 0x8389, 0x838A, 0x838C, 0x838D, 0x8B8F, 0x8B90,
    0x8B92, 0x8B74, 0x8355, 0x8356, 0x7B37, 0x7318, 0x6AF8, 0x6AD9, 0x62BA, 0x62BA, 0x5A9A, 0x527B, 0x527B, 0x4A5B, 0x4A5C, 0x425C,
    0x73A1, 0x7381, 0x7381, 0x7382, 0x7383, 0x73A3, 0x73A4, 0x7BA5, 0x7BA6, 0x7BC7, 0x7BE9, 0x7BEA, 0x83EC, 0x83ED, 0x840F, 0x8411,
    0x8C12, 0x8BF4, 0x83D5, 0x7BD6, 0x7BB7, 0x7398, 0x6B78, 0x6339, 0x6319, 0x5B1A, 0x52FA, 0x52FB, 0x52DB, 0x4ABB, 0x42BC, 0x42BC,
    0x7C20, 0x7C00, 0x7C00, 0x7C01, 0x7C01, 0x7C22, 0x7C23, 0x7C24, 0x7C26, 0x7C27, 0x7C48, 0x7C4A, 0x846C, 0x7C6D, 0x846F, 0x8491,
    0x8492, 0x8474, 0x8455, 0x7C36, 0x7437, 0x7418, 0x6BD8, 0x63B9, 0x5B99, 0x5B7A, 0x537A, 0x535B, 0x4B3B, 0x431B, 0x431C, 0x431C,
    0x7CA0, 0x7CA0, 0x7C80, 0x7C80, 0x7C80, 0x7CA0, 0x7CA2, 0x7CA3, 0x7CA5, 0x7CA6, 0x84C8, 0x84CA, 0x84CB, 0x7CCD, 0x84CF, 0x84F1,
    0x84F2, 0x84F3, 0x7CD5, 0x74B6, 0x7497, 0x6C97, 0x6C58, 0x5C39, 0x5C19, 0x53FA, 0x53DA, 0x4BBA, 0x4B9B, 0x437B, 0x437C, 0x437C,
    0x8520, 0x8500, 0x8500, 0x8500, 0x7D00, 0x8520, 0x8520, 0x8521, 0x8504, 0x8525, 0x8527, 0x8549, 0x854B, 0x7D2C, 0x7D4E, 0x8550,
    0x8552, 0x7D53, 0x7D55, 0x7516, 0x6D17, 0x6CF7, 0x64D8, 0x5C99, 0x5479, 0x545A, 0x543A, 0x4C1A, 0x43FB, 0x43DB, 0x3BDC, 0x3BDC,
    0x8DA0, 0x8580, 0x8580, 0x8580, 0x8580, 0x85A0, 0x85A0, 0x8581, 0x8583, 0x85A5, 0x85A7, 0x85A9, 0x85AB, 0x85AD, 0x85AE, 0x85D0,
    0x85D2, 0x85D3, 0x85B5, 0x7DB6, 0x7D97, 0x7577, 0x6D58, 0x6538, 0x6519, 0x64FA, 0x5CDA, 0x5CBA, 0x549B, 0x547B, 0x547C, 0x547C,
    0x8DE0, 0x8DE0, 0x8DE0, 0x85E0, 0x8DE0, 0x8600, 0x85E0, 0x85E0, 0x85E2, 0x8605, 0x8607, 0x8609, 0x860B, 0x860D, 0x860E, 0x8610,
    0x8612, 0x8613, 0x8615, 0x8616, 0x85F7, 0x7DD7, 0x75B8, 0x6D98, 0x6579, 0x6559, 0x653A, 0x651A, 0x5D1B, 0x5CFB, 0x5CFB, 0x64FC,
    0x8620, 0x8640, 0x8620, 0x8620, 0x8620, 0x8640, 0x8620, 0x8620, 0x8621, 0x8644, 0x8647, 0x7E49, 0x7E4B, 0x7E4C, 0x7E4E, 0x7E50,
    0x8652, 0x8653, 0x8655, 0x8E56, 0x8E37, 0x8637, 0x7E18, 0x75D8, 0x6DB9, 0x6599, 0x657A, 0x657A, 0x5D5B, 0x655B, 0x653B, 0x6D5B,
    0x8660, 0x8660, 0x8660, 0x8660, 0x8660, 0x8660, 0x8660, 0x7E60, 0x7E61, 0x7E64, 0x7E87, 0x7E68, 0x7E6A, 0x7E6C, 0x7E6E, 0x7E70,
    0x7E71, 0x8673, 0x8674, 0x8E75, 0x8E76, 0x8E77, 0x8658, 0x7E38, 0x7619, 0x6DF9, 0x65DA, 0x5DBA, 0x5D9A, 0x5D7B, 0x657B, 0x6D9B,
    0x7E80, 0x7E80, 0x7E80, 0x7E80, 0x7EA0, 0x7EA0, 0x7EA0, 0x7EA0, 0x7EA1, 0x76A4, 0x76A6, 0x76A8, 0x76AA, 0x768C, 0x76AE, 0x7EB0,
    0x7EB1, 0x86B3, 0x8694, 0x8E96, 0x9697, 0x9697, 0x8E98, 0x8E78, 0x8659, 0x7E39, 0x761A, 0x6DFA, 0x65DA, 0x65BB, 0x65BB, 0x6DBB,
    0x7EC0, 0x7EC0, 0x7EC0, 0x76C0, 0x76C0, 0x76C0, 0x76C0, 0x76C0, 0x76C1, 0x76C3, 0x76C6, 0x76C8, 0x6ECA, 0x6ECC, 0x6ECD, 0x76CF,
    0x7ED1, 0x7ED3, 0x86B4, 0x8EB5, 0x96B6, 0x96B7, 0x96B8, 0x9698, 0x8E99, 0x8679, 0x7E7A, 0x765A, 0x6E3A, 0x6E1B, 0x6DFB, 0x75FB,
    0x76E0, 0x76E0, 0x76E0, 0x76E0, 0x76E0, 0x76E0, 0x76E0, 0x76E0, 0x6EE2, 0x6EE4, 0x6EE7, 0x6EE9, 0x6EEA, 0x6EEC, 0x6EEE, 0x76F0,
    0x7EF2, 0x86D3, 0x8ED4, 0x96D6, 0x9ED6, 0x9ED7, 0x9ED8, 0x9ED8, 0x96B9, 0x96B9, 0x8E9A, 0x869A, 0x7E7A, 0x7E5A, 0x7E5B, 0x7E3B,
    0x7700, 0x7700, 0x7700, 0x7700, 0x6F00, 0x6F00, 0x6F00, 0x6F01, 0x6F03, 0x6F06, 0x6F08, 0x6F0A, 0x6F0B, 0x770D, 0x770F, 0x7F11,
    0x86F2, 0x8EF4, 0x96F5, 0x9EF6, 0x9EF7, 0xA6F7, 0xA6F8, 0xA6F8, 0xA6F9, 0x9ED9, 0x9EDA, 0x96BA, 0x96BA, 0x8E9A, 0x8E9B, 0x8E7B,
    0x6F20, 0x6F20, 0x6F00, 0x6F00, 0x6F20, 0x6F20, 0x6F20, 0x6F21, 0x6F24, 0x6F26, 0x6F28, 0x6F2A, 0x6F0B, 0x6F0D, 0x770F, 0x7F11,
    0x8712, 0x8F13, 0x9715, 0x9F16, 0xA717, 0xA717, 0xA6F8, 0xA6F8, 0xA6F9, 0xA6F9, 0xA6FA, 0x9EFA, 0x9EDA, 0x96DA, 0x96BB, 0x96BB,
    0x6F20, 0x6F20, 0x6F20, 0x6F20, 0x6F20, 0x6F20, 0x6740, 0x6722, 0x6724, 0x6726, 0x6728, 0x672A, 0x6F2C, 0x6F2D, 0x772F, 0x7F31,
    0x8732, 0x8F14, 0x9715, 0x9F16, 0xA717, 0xA717, 0xA718, 0xAF18, 0xAF19, 0xAF19, 0xAF1A, 0xA71A, 0xA6FA, 0x9EFA, 0x9EDB, 0x9EDB,
    0x6740, 0x6740, 0x6740, 0x6740, 0x6740, 0x6740, 0x6740, 0x6742, 0x6745, 0x6747, 0x6748, 0x674A, 0x6F4C, 0x6F4D, 0x774F, 0x7F51,
    0x8732, 0x8F34, 0x9735, 0x9F36, 0xA736, 0xA737, 0xAF18, 0xAF18, 0xAF19, 0xAF19, 0xAF1A, 0xAF1A, 0xAF1A, 0xA71A, 0xA71B, 0xA6FB,
    0x6760, 0x5F40, 0x5F40, 0x5F40, 0x5F40, 0x5F60, 0x5F41, 0x5F43, 0x5F45, 0x5F47, 0x6749, 0x674A, 0x674C, 0x6F4E, 0x774F, 0x7F51,
    0x8F53, 0x8F54, 0x9755, 0x9F36, 0xA736, 0xAF37, 0xAF38, 0xAF38, 0xAF39, 0xAF39, 0xAF39, 0xAF3A, 0xAF3A, 0xAF3A, 0xAF3B, 0xA71B,
    0x5F60, 0x5F60, 0x5F60, 0x5F60, 0x5F60, 0x5F60, 0x5F61, 0x5F63, 0x5F65, 0x5F67, 0x6769, 0x676B, 0x676D, 0x6F6E, 0x7770, 0x8751,
    0x8F53, 0x9754, 0x9755, 0x9F56, 0xA756, 0xAF57, 0xAF58, 0xB758, 0xB739, 0xB739, 0xB759, 0xB759, 0xB73A, 0xB73A, 0xAF3B, 0xAF3B,
    0x7842, 0x8022, 0x8003, 0x8003, 0x8003, 0x8003, 0x8004, 0x8806, 0x8807, 0x8809, 0x880A, 0x880B, 0x880D, 0x880E, 0x880F, 0x8811,
    0x8812, 0x9014, 0x9015, 0x9016, 0x9017, 0x9018, 0x8819, 0x8819, 0x801A, 0x801A, 0x781B, 0x781B, 0x701B, 0x701C, 0x681C, 0x681C,
    0x7862, 0x8062, 0x8042, 0x8022, 0x8003, 0x8003, 0x8804, 0x8806, 0x8807, 0x8808, 0x880A, 0x880B, 0x880D, 0x880E, 0x880F, 0x8811,
    0x8812, 0x9014, 0x9015, 0x9016, 0x9017, 0x9018, 0x8819, 0x8819, 0x801A, 0x801A, 0x781A, 0x781B, 0x701B, 0x681C, 0x681C, 0x681C,
    0x7882, 0x8082, 0x8062, 0x8042, 0x8003, 0x8003, 0x8804, 0x8805, 0x8807, 0x8808, 0x880A, 0x880B, 0x880D, 0x880E, 0x880F, 0x8810,
    0x8812, 0x9014, 0x9015, 0x9016, 0x9017, 0x9018, 0x8819, 0x8819, 0x801A, 0x801A, 0x781B, 0x781B, 0x701B, 0x681C, 0x681C, 0x681C,
    0x78C2, 0x80A2, 0x80A2, 0x8082, 0x8043, 0x8003, 0x8804, 0x8805, 0x8806, 0x8808, 0x8809, 0x880B, 0x880C, 0x880D, 0x880F, 0x8810,
    0x8812, 0x9013, 0x9015, 0x9016, 0x9017, 0x9018, 0x8819, 0x8819, 0x801A, 0x801A, 0x781B, 0x781B, 0x701B, 0x681C, 0x681C, 0x681C,
    0x78E2, 0x78E2, 0x78C2, 0x78C3, 0x8083, 0x8043, 0x8804, 0x8805, 0x8806, 0x8808, 0x8809, 0x880B, 0x880C, 0x880D, 0x880F, 0x8810,
    0x8812, 0x9014, 0x9015, 0x9016, 0x9017, 0x9018, 0x8819, 0x8819, 0x801A, 0x781A, 0x781B, 0x701B, 0x701B, 0x681B, 0x681C, 0x601C,
    0x7922, 0x7902, 0x7902, 0x78E3, 0x78C3, 0x80A3, 0x8044, 0x8804, 0x8805, 0x8807, 0x8809, 0x880B, 0x880C, 0x880D, 0x880E, 0x8810,
    0x8812, 0x9013, 0x9015, 0x9016, 0x9017, 0x8818, 0x8819, 0x8019, 0x801A, 0x781A, 0x781B, 0x701B, 0x701B, 0x681B, 0x681C, 0x601C,
    0x8142, 0x8142, 0x8142, 0x8142, 0x8123, 0x8103, 0x88C4, 0x8884, 0x8825, 0x9007, 0x9009, 0x900B, 0x880C, 0x880D, 0x880F, 0x9011,
    0x9012, 0x9014, 0x9015, 0x9016, 0x9017, 0x8818, 0x8819, 0x8019, 0x801A, 0x781A, 0x781B, 0x701B, 0x701B, 0x681C, 0x681C, 0x601C,
    0x8182, 0x8182, 0x8182, 0x8183, 0x8163, 0x8163, 0x8944, 0x88E5, 0x88A5, 0x9047, 0x9028, 0x900A, 0x900C, 0x900E, 0x900F, 0x9011,
    0x9012, 0x9014, 0x9015, 0x9016, 0x9017, 0x9018, 0x8819, 0x8019, 0x801A, 0x781A, 0x701B, 0x701B, 0x681B, 0x681C, 0x681C, 0x601C,
    0x81C2, 0x81C2, 0x81C2, 0x81A3, 0x81A3, 0x81A3, 0x8984, 0x8965, 0x8925, 0x88C6, 0x9088, 0x904A, 0x902C, 0x902D, 0x902F, 0x9011,
    0x9012, 0x9014, 0x9015, 0x9016, 0x9017, 0x9018, 0x8819, 0x801A, 0x801A, 0x781A, 0x701B, 0x701B, 0x681B, 0x681C, 0x601C, 0x601C,
    0x7A02, 0x7A02, 0x81E2, 0x81E3, 0x81E3, 0x81E3, 0x89E4, 0x89C5, 0x89A5, 0x8966, 0x9128, 0x9109, 0x90EB, 0x90CD, 0x90CF, 0x9091,
    0x9052, 0x9034, 0x9015, 0x9016, 0x9017, 0x8818, 0x8819, 0x801A, 0x781A, 0x781A, 0x701B, 0x681B, 0x681B, 0x681C, 0x601C, 0x581C,
    0x7A42, 0x7A22, 0x7A22, 0x8223, 0x8223, 0x8224, 0x8224, 0x8205, 0x8A05, 0x89E6, 0x91C8, 0x91A9, 0x918B, 0x916D, 0x914E, 0x9131,
    0x9112, 0x90F4, 0x90D5, 0x90D6, 0x88D7, 0x88B8, 0x80B9, 0x80B9, 0x789A, 0x709A, 0x709B, 0x689B, 0x687B, 0x607C, 0x607C, 0x587C,
    0x7A62, 0x7A62, 0x7A62, 0x7A63, 0x7A43, 0x8264, 0x8264, 0x8265, 0x8246, 0x8A47, 0x8A28, 0x9229, 0x920B, 0x91EC, 0x91CE, 0x91D0,
    0x91B2, 0x9194, 0x9195, 0x9176, 0x8977, 0x8978, 0x8158, 0x7939, 0x793A, 0x711A, 0x711A, 0x691B, 0x60FB, 0x60FB, 0x58FC, 0x58FC,
    0x7AA2, 0x7AA2, 0x7AA2, 0x7AA3, 0x7AA3, 0x82A4, 0x82C4, 0x82A5, 0x82A6, 0x8AA7, 0x8AA8, 0x92A9, 0x928B, 0x928C, 0x926E, 0x9270,
    0x9A52, 0x9234, 0x9235, 0x9216, 0x8A17, 0x8A18, 0x81F8, 0x79D9, 0x71BA, 0x71BA, 0x69BA, 0x699B, 0x619B, 0x597B, 0x597C, 0x597C,
    0x8301, 0x8302, 0x8302, 0x8302, 0x8303, 0x8323, 0x8324, 0x8B25, 0x8B26, 0x8B27, 0x8B28, 0x932A, 0x932C, 0x9B2D, 0x9B0F, 0x9B10,
    0x9AF2, 0x9AD4, 0x9AD6, 0x92D6, 0x8AB7, 0x8AB8, 0x8299, 0x7A79, 0x725A, 0x725A, 0x6A3B, 0x6A3B, 0x621B, 0x5A1B, 0x5A1C, 0x51FC,
    0x8341, 0x7B42, 0x7B42, 0x7B43, 0x8363, 0x8364, 0x8364, 0x8365, 0x8366, 0x8B67, 0x8B89, 0x8B8A, 0x938C, 0x938D, 0x938F, 0x9B91,
    0x9B92, 0x9B74, 0x9B56, 0x9357, 0x8B37, 0x8318, 0x82F9, 0x7AD9, 0x72BA, 0x6ABA, 0x6ABA, 0x629B, 0x627B, 0x5A7B, 0x527B, 0x527C,
    0x7BA1, 0x7BA2, 0x7BA2, 0x7BA3, 0x7BA3, 0x7BC4, 0x83C4, 0x83C5, 0x83C6, 0x83C7, 0x8BE9, 0x8BEA, 0x8BEC, 0x8C0D, 0x940F, 0x9411,
    0x9412, 0x9BF4, 0x93F5, 0x93D6, 0x8BB7, 0x8398, 0x8379, 0x7B59, 0x733A, 0x6B1A, 0x6B1A, 0x62FB, 0x5ADB, 0x5ABB, 0x52BC, 0x52BC,
    0x8401, 0x7C01, 0x7C01, 0x7C01, 0x7C02, 0x8423, 0x8424, 0x8425, 0x8426, 0x8428, 0x8C49, 0x8C4A, 0x8C4C, 0x8C6D, 0x8C6F, 0x9491,
    0x9492, 0x9474, 0x9475, 0x8C56, 0x8C37, 0x8418, 0x7BF8, 0x73D9, 0x73BA, 0x6B9A, 0x6B7A, 0x637B, 0x5B3B, 0x533B, 0x531C, 0x531C,
    0x8480, 0x8480, 0x8480, 0x8460, 0x8480, 0x8481, 0x84A3, 0x84A4, 0x8486, 0x8487, 0x8CA9, 0x8CCA, 0x8CCC, 0x8CCD, 0x8CCF, 0x8CF1,
    0x8CF2, 0x94F3, 0x8CD5, 0x8CB6, 0x8CB7, 0x8498, 0x7C78, 0x7439, 0x6C19, 0x6BFA, 0x63FA, 0x63DB, 0x5BBB, 0x539B, 0x537C, 0x537C,
    0x8D00, 0x8D00, 0x8CE0, 0x8CE0, 0x8CE0, 0x8D00, 0x8D21, 0x8D03, 0x8D04, 0x8D06, 0x8D28, 0x8D2A, 0x8D2B, 0x8D2D, 0x8D2F, 0x8D50,
    0x8D52, 0x8D53, 0x8D54, 0x8D36, 0x8516, 0x84F7, 0x7CD8, 0x74B9, 0x6C99, 0x6C79, 0x6C5A, 0x643A, 0x5C1B, 0x53FB, 0x53DC, 0x53DC,
    0x9580, 0x9580, 0x9560, 0x9560, 0x9580, 0x9580, 0x9580, 0x9582, 0x8D84, 0x9586, 0x95A8, 0x95AA, 0x95AC, 0x8DAD, 0x95AF, 0x95B1,
    0x95B2, 0x95B3, 0x95B5, 0x95B6, 0x8D96, 0x8D77, 0x8558, 0x7D38, 0x7D19, 0x74F9, 0x74DA, 0x6CDA, 0x6CBB, 0x649B, 0x647C, 0x647C,
    0x95E0, 0x95E0, 0x95E0, 0x95E0, 0x95E0, 0x95E0, 0x95E0, 0x95E1, 0x95E4, 0x95E6, 0x95E8, 0x960A, 0x960B, 0x8DED, 0x95EF, 0x9611,
    0x9612, 0x9614, 0x9615, 0x9616, 0x95F7, 0x8DD7, 0x85B8, 0x8598, 0x7D79, 0x7D59, 0x755A, 0x753A, 0x751B, 0x6D1B, 0x6CFB, 0x6CFC,
    0x9620, 0x9620, 0x9620, 0x9620, 0x9620, 0x9620, 0x9620, 0x8E21, 0x8E23, 0x8E26, 0x8E28, 0x8E4A, 0x8E4B, 0x8E2D, 0x8E2F, 0x8E51,
    0x9652, 0x9653, 0x9634, 0x9636, 0x9637, 0x9638, 0x8E18, 0x85F8, 0x7DB9, 0x7D99, 0x7D9A, 0x757A, 0x757B, 0x755B, 0x755B, 0x755B,
    0x8E60, 0x8E60, 0x8E60, 0x8E60, 0x8E60, 0x8E60, 0x8E60, 0x8E60, 0x8E63, 0x8E65, 0x8E68, 0x8E69, 0x8E6B, 0x8E6D, 0x8E6F, 0x8E70,
    0x8E72, 0x8E73, 0x9674, 0x9676, 0x9E56, 0x9E57, 0x9658, 0x8E38, 0x8619, 0x7DF9, 0x7DDA, 0x75BA, 0x759A, 0x759B, 0x7D9B, 0x7D9B,
    0x8E80, 0x8E80, 0x8E80, 0x8E80, 0x8E80, 0x8E80, 0x8EA0, 0x86A0, 0x86A2, 0x86A5, 0x86A7, 0x86A9, 0x868B, 0x868D, 0x868E, 0x8EB0,
    0x8EB2, 0x8E93, 0x8E94, 0x9696, 0x9E97, 0x9E97, 0x9E98, 0x9678, 0x8E59, 0x8E39, 0x8619, 0x7DFA, 0x75DA, 0x75DB, 0x75DB, 0x7DDC,
    0x86A0, 0x86C0, 0x86C0, 0x86A0, 0x86A0, 0x86C0, 0x86C0, 0x86C0, 0x86C2, 0x86A5, 0x86C7, 0x86C9, 0x86AB, 0x7EAC, 0x86CE, 0x86D0,
    0x8EB1, 0x8EB3, 0x8EB4, 0x96B5, 0x9EB6, 0x9EB7, 0x9EB8, 0x9E98, 0x9699, 0x9679, 0x8E79, 0x863A, 0x7E3A, 0x7E1A, 0x7E1B, 0x861B,
    0x86E0, 0x86E0, 0x86E0, 0x86E0, 0x86C0, 0x86E0, 0x86E0, 0x7EE1, 0x7EE3, 0x7EC6, 0x7EE8, 0x7EEA, 0x7ECB, 0x7ECD, 0x7EEE, 0x86D0,
    0x8ED2, 0x8ED3, 0x96D4, 0x9ED5, 0x9ED6, 0xA6D7, 0xA6D8, 0xA6D8, 0x9EB9, 0x9EB9, 0x969A, 0x967A, 0x8E7A, 0x8E5A, 0x865B, 0x8E5B,
    0x7F00, 0x8700, 0x8700, 0x7F00, 0x7F00, 0x7F00, 0x7F01, 0x7F03, 0x7F05, 0x7F07, 0x7F09, 0x7F0B, 0x7F0C, 0x7F0E, 0x870F, 0x86F1,
    0x8EF2, 0x96F4, 0x9EF5, 0x9EF6, 0xA6F7, 0xAEF7, 0xAEF8, 0xA6F8, 0xA6D9, 0xA6D9, 0xA6DA, 0x9EBA, 0x9EBA, 0x969A, 0x969B, 0x969B,
    0x7F20, 0x7F20, 0x7F00, 0x7F20, 0x7F20, 0x7F20, 0x7F21, 0x7723, 0x7726, 0x7F28, 0x7F29, 0x7F0B, 0x7F0C, 0x7F0D, 0x870F, 0x8711,
    0x8F12, 0x9714, 0x9F15, 0x9F16, 0xA717, 0xAF17, 0xAEF8, 0xAEF8, 0xAEF9, 0xAEF9, 0xAEFA, 0xA6FA, 0xA6DA, 0x9EDA, 0x9EBB, 0x9EBB,
    0x7720, 0x7720, 0x7720, 0x7720, 0x7740, 0x7721, 0x7722, 0x7724, 0x7726, 0x7728, 0x7729, 0x772B, 0x772C, 0x7F2D, 0x7F2F, 0x8731,
    0x8F32, 0x9714, 0x9F15, 0x9F16, 0xA717, 0xAF17, 0xAF18, 0xAF18, 0xAF19, 0xAF19, 0xAF1A, 0xAF1A, 0xA6FA, 0xA6FA, 0xA6DB, 0xA6DB,
    0x7740, 0x7740, 0x7740, 0x7740, 0x7740, 0x7742, 0x7743, 0x7745, 0x7746, 0x7748, 0x774A, 0x774B, 0x774C, 0x774D, 0x7F4F, 0x8731,
    0x8F32, 0x9734, 0x9F35, 0xA736, 0xA736, 0xAF37, 0xAF18, 0xAF18, 0xAF19, 0xB719, 0xB71A, 0xB71A, 0xAF1A, 0xAF1A, 0xAEFB, 0xA6FB,
    0x6F60, 0x6F40, 0x6F40, 0x6F60, 0x6F60, 0x6F63, 0x6F44, 0x6F45, 0x6F47, 0x6F48, 0x6F4A, 0x774B, 0x774C, 0x774E, 0x7F4F, 0x8751,
    0x8F52, 0x9734, 0x9F35, 0xA736, 0xA736, 0xAF37, 0xB738, 0xB738, 0xB738, 0xB739, 0xB739, 0xB73A, 0xB73A, 0xB73A, 0xAF1B, 0xAF1B,
    0x6F60, 0x6F60, 0x6F60, 0x6F60, 0x6F62, 0x6F63, 0x6F65, 0x6F66, 0x6F67, 0x6F68, 0x6F6A, 0x6F6B, 0x776D, 0x774E, 0x7F4F, 0x8751,
    0x8F53, 0x9754, 0x9F55, 0xA756, 0xAF56, 0xAF57, 0xB738, 0xB738, 0xB739, 0xB739, 0xB739, 0xB739, 0xB73A, 0xB73A, 0xB73B, 0xB73B,
    0x8842, 0x8822, 0x8802, 0x8803, 0x9003, 0x9003, 0x9004, 0x9006, 0x9007, 0x9009, 0x900A, 0x980C, 0x980D, 0x980E, 0x9810, 0x9811,
    0x9812, 0x9814, 0xA015, 0xA016, 0xA017, 0xA018, 0x9819, 0x9019, 0x901A, 0x881A, 0x881B, 0x801B, 0x781B, 0x781C, 0x701C, 0x701C,
    0x8862, 0x8862, 0x8822, 0x8803, 0x9003, 0x9003, 0x9004, 0x9005, 0x9007, 0x9008, 0x900A, 0x980C, 0x980D, 0x980E, 0x980F, 0x9811,
    0x9813, 0x9814, 0xA015, 0xA016, 0xA017, 0x9818, 0x9819, 0x9019, 0x901A, 0x881A, 0x881A, 0x801B, 0x781B, 0x781C, 0x701C, 0x701C,
    0x88A2, 0x8882, 0x8862, 0x8842, 0x8803, 0x9003, 0x9004, 0x9005, 0x9007, 0x9008, 0x900A, 0x980B, 0x980D, 0x980E, 0x980F, 0x9811,
    0x9812, 0x9814, 0x9815, 0xA016, 0x9817, 0x9818, 0x9819, 0x9019, 0x901A, 0x881A, 0x801A, 0x801B, 0x781B, 0x781C, 0x701C, 0x701C,
    0x88C2, 0x88A2, 0x88A2, 0x8863, 0x8823, 0x9003, 0x9004, 0x9005, 0x9006, 0x9008, 0x980A, 0x980B, 0x980D, 0x980E, 0x980F, 0x9811,
    0x9812, 0x9814, 0x9815, 0x9816, 0x9817, 0x9818, 0x9819, 0x9019, 0x881A, 0x881A, 0x801B, 0x801B, 0x781B, 0x781C, 0x701C, 0x701C,
    0x8902, 0x88E2, 0x88C2, 0x88C3, 0x8883, 0x9023, 0x9004, 0x9005, 0x9006, 0x9008, 0x9009, 0x980B, 0x980C, 0x900E, 0x900F, 0x9811,
    0x9812, 0x9813, 0x9815, 0x9816, 0x9817, 0x9818, 0x9819, 0x9019, 0x881A, 0x881A, 0x801B, 0x801B, 0x781B, 0x701C, 0x701C, 0x681C,
    0x8922, 0x8922, 0x8902, 0x8902, 0x88E3, 0x88A3, 0x9044, 0x9004, 0x9005, 0x9007, 0x9009, 0x900A, 0x900C, 0x900D, 0x900F, 0x9010,
    0x9812, 0x9813, 0x9815, 0x9816, 0x9817, 0x9818, 0x9819, 0x9019, 0x881A, 0x881A, 0x801A, 0x801B, 0x781B, 0x701C, 0x701C, 0x681C,
    0x8962, 0x8962, 0x8942, 0x8942, 0x8923, 0x9103, 0x90C4, 0x9864, 0x9805, 0x9807, 0x9809, 0x980B, 0x980C, 0x980E, 0x980F, 0x9811,
    0x9812, 0xA014, 0xA015, 0xA016, 0x9817, 0x9818, 0x9819, 0x9019, 0x881A, 0x881A, 0x801B, 0x801B, 0x781B, 0x701C, 0x701C, 0x681C,
    0x89A1, 0x89A2, 0x8982, 0x8982, 0x9163, 0x9163, 0x9124, 0x98E4, 0x9885, 0x9846, 0xA008, 0xA00A, 0xA00C, 0xA00E, 0xA00F, 0xA011,
    0xA013, 0xA014, 0xA015, 0xA016, 0xA017, 0x9818, 0x9819, 0x901A, 0x881A, 0x881A, 0x801B, 0x781B, 0x781B, 0x701C, 0x701C, 0x681C,
    0x89E1, 0x89C2, 0x89C2, 0x89C2, 0x91A3, 0x91A3, 0x9184, 0x9164, 0x9925, 0x98C6, 0xA068, 0xA02A, 0xA02C, 0xA00E, 0xA00F, 0xA011,
    0xA012, 0xA014, 0xA015, 0xA016, 0xA017, 0x9818, 0x9019, 0x901A, 0x881A, 0x801A, 0x801B, 0x781B, 0x781B, 0x701C, 0x681C, 0x681C,
    0x8A01, 0x8A02, 0x8A02, 0x8A02, 0x8A02, 0x91E3, 0x91E4, 0x91C4, 0x91A5, 0x9966, 0x9928, 0xA0E9, 0xA0CB, 0xA08D, 0xA08F, 0xA051,
    0xA032, 0xA014, 0xA015, 0xA016, 0x9817, 0x9818, 0x9019, 0x901A, 0x881A, 0x801A, 0x801B, 0x781B, 0x701B, 0x701C, 0x681C, 0x681C,
    0x8A41, 0x8A42, 0x8A42, 0x8A22, 0x8A23, 0x9223, 0x9224, 0x9224, 0x9205, 0x91E6, 0x99C8, 0xA189, 0xA16B, 0xA14D, 0xA12F, 0xA111,
    0xA0F2, 0xA0D4, 0xA0B5, 0xA0B6, 0x98B7, 0x98B8, 0x90B9, 0x8899, 0x889A, 0x809A, 0x789B, 0x789B, 0x707B, 0x707B, 0x687C, 0x687C,
    0x8A81, 0x8A82, 0x8A82, 0x8A62, 0x8A63, 0x8A83, 0x9264, 0x9265, 0x9245, 0x9246, 0x9A48, 0xA229, 0xA1EB, 0xA1CC, 0xA1CE, 0xA1D0,
    0xA1B2, 0xA193, 0xA175, 0x9956, 0x9957, 0x9958, 0x9159, 0x8939, 0x813A, 0x811A, 0x791A, 0x711B, 0x70FB, 0x68FB, 0x68FC, 0x60FC,
    0x8AC1, 0x8AC1, 0x8AC2, 0x8AC2, 0x8AC3, 0x8AC3, 0x92C4, 0x92A5, 0x92A6, 0x92A7, 0x9AA8, 0x9AA9, 0xA28B, 0xA26C, 0xA26E, 0xA250,
    0xA252, 0xA234, 0xA215, 0xA216, 0x9A17, 0x99F8, 0x91F9, 0x89D9, 0x81BA, 0x81BA, 0x79BA, 0x71BB, 0x719B, 0x697C, 0x617C, 0x617C,
    0x8B21, 0x8B21, 0x8B22, 0x8B22, 0x8B22, 0x9323, 0x9324, 0x9325, 0x9B26, 0x9B27, 0x9B29, 0xA32A, 0xA32C, 0xA30D, 0xAB0F, 0xAB10,
    0xAAF2, 0xAAF4, 0xAAD6, 0xA2B6, 0xA2B7, 0x9AB8, 0x9299, 0x8A79, 0x827A, 0x825A, 0x7A5B, 0x723B, 0x723B, 0x6A1B, 0x6A1C, 0x621C,
    0x8B60, 0x8B61, 0x8B62, 0x8B62, 0x8B62, 0x9383, 0x9384, 0x9385, 0x9386, 0x9387, 0x9B89, 0x9B8A, 0xA38C, 0xA38D, 0xA38F, 0xA391,
    0xAB92, 0xAB73, 0xAB55, 0xA356, 0x9B57, 0x9B38, 0x9319, 0x8AF9, 0x82DA, 0x82DA, 0x7ABB, 0x72BB, 0x6A9B, 0x6A7B, 0x627C, 0x627C,
    0x8BC1, 0x8BC1, 0x8BA2, 0x8BA2, 0x8BC3, 0x8BC4, 0x8BC4, 0x8BC5, 0x93C6, 0x93E8, 0x9BE9, 0x9BEA, 0x9BEC, 0x9C0D, 0xA40F, 0xA411,
    0xA412, 0xA3F4, 0xA3F5, 0xA3D6, 0x9BD7, 0x9BB8, 0x9399, 0x8B79, 0x835A, 0x7B3A, 0x7B3A, 0x731B, 0x6AFB, 0x6ADB, 0x62DC, 0x62DC,
    0x8C00, 0x8C01, 0x8C01, 0x8C02, 0x8C03, 0x8C24, 0x8C24, 0x8C25, 0x8C26, 0x9428, 0x9449, 0x9C4B, 0x9C4C, 0x9C6D, 0x9C6F, 0x9C91,
    0xA492, 0xA474, 0xA475, 0xA456, 0x9C57, 0x9438, 0x8C18, 0x8BD9, 0x83D9, 0x7BBA, 0x7B9A, 0x737B, 0x6B5B, 0x633B, 0x633C, 0x633C,
    0x8C80, 0x8C60, 0x8C61, 0x8C61, 0x8C62, 0x8C83, 0x9484, 0x8C85, 0x8C86, 0x9488, 0x94A9, 0x94AB, 0x94AC, 0x94AD, 0x9CCF, 0x9CF1,
    0x9CF2, 0x9CF3, 0xA4D5, 0x9CD6, 0x9CB7, 0x94B8, 0x8C78, 0x8C59, 0x8439, 0x7C1A, 0x7BFA, 0x73FB, 0x6BBB, 0x639B, 0x639C, 0x639C,
    0x9500, 0x94E0, 0x94E0, 0x94E0, 0x94E0, 0x94E1, 0x9503, 0x9504, 0x94E5, 0x94E7, 0x9509, 0x950A, 0x950C, 0x950D, 0x952F, 0x9D30,
    0x9D32, 0x9D53, 0x9D54, 0x9D36, 0x9D37, 0x9517, 0x94F8, 0x8CD9, 0x8499, 0x7C79, 0x7C7A, 0x745A, 0x6C1B, 0x6BFB, 0x63FC, 0x63FC,
    0x9D80, 0x9D60, 0x9D60, 0x9D60, 0x9D60, 0x9D80, 0x9D81, 0x9D83, 0x9D85, 0x9D87, 0x9D89, 0x9D8A, 0x9D8C, 0x9D8E, 0x9D8F, 0x9DB1,
    0xA5B2, 0xA5B4, 0xA5B5, 0xA5B6, 0x9D97, 0x9D78, 0x9578, 0x8D59, 0x8D39, 0x8519, 0x84FA, 0x7CDA, 0x74BB, 0x749B, 0x749B, 0x749C,
    0x9DE0, 0x9DE0, 0x9DC0, 0x9DC0, 0x9DC0, 0x9DE0, 0x9DE1, 0x9DE3, 0x9DE5, 0x9DE7, 0x9DE9, 0x9DEA, 0x9DEC, 0x9DEE, 0x9DEF, 0xA5F1,
    0xA5F2, 0xA5F4, 0xA5F5, 0xA5F6, 0xA5F7, 0x9DF8, 0x95B8, 0x95B8, 0x8D99, 0x8D79, 0x8D5A, 0x855A, 0x853B, 0x7D1B, 0x7D1B, 0x7CFC,
    0x9E20, 0x9E20, 0x9E20, 0x9E20, 0x9E20, 0x9E20, 0x9E21, 0x9E22, 0x9E24, 0x9E26, 0x9E28, 0x9E2A, 0x9E2C, 0x9E2E, 0x9E2F, 0x9E31,
    0x9E52, 0x9E34, 0xA635, 0xA636, 0xA637, 0xA637, 0x9E18, 0x95F8, 0x95D9, 0x8DB9, 0x8DBA, 0x859A, 0x857A, 0x857B, 0x855B, 0x855B,
    0x9E60, 0x9E60, 0x9E40, 0x9E40, 0x9E40, 0x9E60, 0x9E60, 0x9E62, 0x9E64, 0x9666, 0x9E68, 0x9E6A, 0x966C, 0x966D, 0x966F, 0x9E71,
    0x9E72, 0x9E73, 0x9E74, 0xA676, 0xA677, 0xA677, 0xA658, 0x9E38, 0x9619, 0x8DF9, 0x8DDA, 0x85DA, 0x85BA, 0x85BB, 0x85BB, 0x8DBB,
    0x9E80, 0x9680, 0x9680, 0x9680, 0x9680, 0x9680, 0x9680, 0x9682, 0x9684, 0x9686, 0x9688, 0x968A, 0x968C, 0x968D, 0x968F, 0x9690,
    0x9E92, 0x9E93, 0x9E94, 0x9E96, 0xA697, 0xA697, 0xA698, 0xA678, 0x9E59, 0x9639, 0x9619, 0x8E1A, 0x85FA, 0x85FB, 0x8DDB, 0x8DDB,
    0x96A0, 0x96A0, 0x96A0, 0x96A0, 0x96A0, 0x96A0, 0x96A0, 0x8EA2, 0x8EA4, 0x8EA6, 0x8EA8, 0x8EAA, 0x8EAC, 0x8EAD, 0x8EAF, 0x96B0,
    0x96B2, 0x96B3, 0x9EB4, 0x9EB5, 0xA6B6, 0xA6B7, 0xA6B8, 0xA6B8, 0xA699, 0x9E79, 0x9659, 0x8E5A, 0x8E3A, 0x8E1A, 0x8E1B, 0x8E1B,
    0x8EC0, 0x8EC0, 0x8EC0, 0x8EC0, 0x8EC0, 0x8EE0, 0x8EE1, 0x8EC3, 0x8EC5, 0x8EC7, 0x8EC9, 0x8ECA, 0x8ECC, 0x8ECD, 0x8ECF, 0x96D1,
    0x96D2, 0x96D3, 0x9ED4, 0xA6D5, 0xA6D6, 0xAED7, 0xAED8, 0xAED8, 0xA6B9, 0xA6B9, 0xA69A, 0x9E9A, 0x967A, 0x965A, 0x965B, 0x965B,
    0x8F00, 0x8F00, 0x8F00, 0x8EE0, 0x8F00, 0x8F02, 0x8F03, 0x8EE5, 0x8EE7, 0x8EE8, 0x8EEA, 0x8EEC, 0x8F0D, 0x8EEE, 0x8EF0, 0x96F1,
    0x96F2, 0x9EF3, 0x9EF5, 0xA6F6, 0xAEF7, 0xAEF7, 0xAED8, 0xAED8, 0xAED9, 0xAED9, 0xAEDA, 0xA6BA, 0xA6BA, 0x9E9A, 0x9E9B, 0x9E7B,
    0x8F00, 0x8F00, 0x8F00, 0x8F00, 0x8721, 0x8F22, 0x8724, 0x8705, 0x8707, 0x8F09, 0x8F0A, 0x8F0C, 0x8F0D, 0x8F0E, 0x8F10, 0x9711,
    0x9712, 0x9F13, 0x9F15, 0xA716, 0xAEF7, 0xAEF7, 0xAEF8, 0xAEF8, 0xAEF9, 0xAEF9, 0xAEFA, 0xAEFA, 0xA6DA, 0xA6DA, 0xA6BB, 0xA6BB,
    0x8720, 0x8720, 0x8720, 0x8720, 0x8722, 0x8723, 0x8725, 0x8726, 0x8727, 0x8729, 0x872A, 0x872C, 0x872D, 0x8F2E, 0x8F30, 0x8F31,
    0x9732, 0x9F34, 0xA715, 0xA716, 0xAF16, 0xAF17, 0xB718, 0xB718, 0xB719, 0xB719, 0xB71A, 0xB71A, 0xAEFA, 0xAEFA, 0xAEDB, 0xA6DB,
    0x8740, 0x7F40, 0x7F41, 0x7F41, 0x8743, 0x8744, 0x8746, 0x8747, 0x8728, 0x8749, 0x874B, 0x874C, 0x872D, 0x874E, 0x8F50, 0x8F31,
    0x9732, 0x9F34, 0xA735, 0xA736, 0xAF36, 0xAF37, 0xB718, 0xB718, 0xB719, 0xB719, 0xB719, 0xB71A, 0xB71A, 0xAF1A, 0xAEFB, 0xAEFB,
    0x7F42, 0x7F42, 0x7F42, 0x7F43, 0x7F44, 0x7F45, 0x7F46, 0x7F47, 0x7F48, 0x7F4A, 0x874B, 0x874C, 0x874D, 0x874E, 0x8F50, 0x8F51,
    0x9752, 0x9F34, 0xA735, 0xA736, 0xAF36, 0xAF37, 0xB738, 0xB738, 0xB739, 0xB739, 0xB739, 0xB73A, 0xB73A, 0xB73A, 0xB71B, 0xB71B,
    0x7F63, 0x7F63, 0x7F63, 0x7F64, 0x7F65, 0x7F66, 0x7F67, 0x7F68, 0x7F69, 0x7F6A, 0x7F4B, 0x7F6C, 0x7F6D, 0x874E, 0x8750, 0x8F51,
    0x9752, 0x9F54, 0xA755, 0xA756, 0xAF56, 0xAF57, 0xB738, 0xB738, 0xB739, 0xB739, 0xB739, 0xB73A, 0xBF3A, 0xB73A, 0xB73B, 0xB73B,
    0x9822, 0x9802, 0x9802, 0x9803, 0x9803, 0xA003, 0xA004, 0xA005, 0xA007, 0xA008, 0xA00A, 0xA00C, 0xA80D, 0xA80F, 0xA010, 0xA811,
    0xA813, 0xA814, 0xA815, 0xA816, 0xA817, 0xA818, 0xA019, 0xA01A, 0x981A, 0x901A, 0x901B, 0x881B, 0x881B, 0x801C, 0x781C, 0x781C,
    0x9862, 0x9842, 0x9822, 0x9803, 0x9803, 0xA003, 0xA004, 0xA005, 0xA007, 0xA008, 0xA00A, 0xA00C, 0xA00D, 0xA00E, 0xA010, 0xA811,
    0xA813, 0xA814, 0xA815, 0xA816, 0xA817, 0xA818, 0xA819, 0xA019, 0x981A, 0x901A, 0x901A, 0x881B, 0x881B, 0x801C, 0x781C, 0x781C,
    0x98A2, 0x9882, 0x9842, 0x9823, 0x9803, 0xA003, 0xA004, 0xA005, 0xA007, 0xA008, 0xA00A, 0xA00B, 0xA00D, 0xA00E, 0xA010, 0xA811,
    0xA813, 0xA814, 0xA815, 0xA816, 0xA817, 0xA818, 0xA819, 0xA019, 0x981A, 0x901A, 0x901A, 0x881B, 0x881B, 0x801C, 0x781C, 0x781C,
    0x98C2, 0x98A2, 0x98A2, 0x9863, 0x9823, 0x9803, 0xA004, 0xA005, 0xA006, 0xA008, 0xA00A, 0xA00B, 0xA00D, 0xA00E, 0xA00F, 0xA811,
    0xA812, 0xA814, 0xA815, 0xA816, 0xA817, 0xA818, 0xA019, 0xA019, 0x981A, 0x901A, 0x901B, 0x881B, 0x881B, 0x801C, 0x781C, 0x781C,
    0x9902, 0x98E2, 0x98E2, 0x98C3, 0x9883, 0x9823, 0xA004, 0xA004, 0xA005, 0xA007, 0xA009, 0xA00B, 0xA00D, 0xA00E, 0xA00F, 0xA011,
    0xA812, 0xA814, 0xA815, 0xA816, 0xA817, 0xA818, 0xA019, 0xA019, 0x981A, 0x901A, 0x881B, 0x881B, 0x801B, 0x801C, 0x781C, 0x781C,
    0x9922, 0x9922, 0x9102, 0x9102, 0x90E3, 0x98A3, 0xA024, 0xA004, 0xA005, 0xA007, 0xA009, 0xA00B, 0xA00C, 0xA00E, 0xA00F, 0xA011,
    0xA012, 0xA813, 0xA815, 0xA816, 0xA817, 0xA818, 0xA019, 0xA019, 0x981A, 0x901A, 0x881B, 0x881B, 0x801B, 0x801C, 0x781C, 0x781C,
    0x9961, 0x9962, 0x9962, 0x9942, 0x9923, 0xA103, 0xA0A4, 0xA044, 0xA005, 0xA807, 0xA809, 0xA80A, 0xA80C, 0xA80E, 0xA80F, 0xA811,
    0xA812, 0xA814, 0xA815, 0xA816, 0xA817, 0xA818, 0xA019, 0xA019, 0x981A, 0x901A, 0x881B, 0x881B, 0x801B, 0x801C, 0x781C, 0x781C,
    0x99A1, 0x99A2, 0x99A2, 0x9982, 0x9983, 0xA163, 0xA124, 0xA0C4, 0xA865, 0xA826, 0xA808, 0xB00A, 0xA80C, 0xA80E, 0xA80F, 0xB011,
    0xB013, 0xB014, 0xB015, 0xB016, 0xA817, 0xA818, 0xA019, 0xA01A, 0x981A, 0x901A, 0x881B, 0x881B, 0x801B, 0x801C, 0x781C, 0x701C,
    0x99E1, 0x99E1, 0x99E2, 0x99C2, 0x99C2, 0xA1A3, 0xA184, 0xA164, 0xA125, 0xA886, 0xA848, 0xB02A, 0xB00C, 0xA80E, 0xA80F, 0xB011,
    0xB012, 0xB014, 0xB015, 0xB016, 0xA817, 0xA818, 0xA019, 0x981A, 0x981A, 0x901A, 0x881B, 0x881B, 0x801B, 0x781C, 0x781C, 0x701C,
    0x9A21, 0x9A21, 0x9A02, 0x9A02, 0x9A02, 0xA203, 0xA1E4, 0xA1C4, 0xA1A5, 0xA966, 0xA908, 0xB0A9, 0xB06B, 0xB04D, 0xA82F, 0xB011,
    0xB012, 0xB014, 0xB015, 0xA816, 0xA817, 0xA818, 0xA019, 0x9819, 0x901A, 0x901A, 0x881B, 0x881B, 0x801B, 0x781C, 0x781C, 0x701C,
    0x9A61, 0x9A61, 0x9A42, 0x9A42, 0x9A42, 0x9A43, 0xA223, 0xA224, 0xA205, 0xA1E6, 0xA9A8, 0xB169, 0xB14B, 0xB12D, 0xA90E, 0xB0F0,
    0xB0F2, 0xB0D4, 0xB095, 0xA876, 0xA877, 0xA898, 0xA099, 0x9899, 0x909A, 0x909A, 0x889B, 0x809B, 0x807B, 0x787C, 0x707C, 0x707C,
    0x9AA1, 0x9AA1, 0x9282, 0x9282, 0x9282, 0x9A83, 0x9A84, 0x9A64, 0xA265, 0xA246, 0xAA28, 0xAA09, 0xA9EA, 0xA9CC, 0xA9AE, 0xB1B0,
    0xB192, 0xB173, 0xB155, 0xA936, 0xA937, 0xA938, 0xA139, 0x9939, 0x911A, 0x891A, 0x891A, 0x811B, 0x78FB, 0x78FB, 0x70DC, 0x70FC,
    0x9AE0, 0x9AE1, 0x92C1, 0x92C2, 0x92C2, 0x9AC3, 0x9AC4, 0xA2C4, 0xA2A5, 0xA2A7, 0xAAA8, 0xAAA9, 0xAA8B, 0xB26C, 0xAA4E, 0xB250,
    0xB252, 0xB233, 0xB215, 0xA9F6, 0xA9F7, 0xA9F8, 0xA1F9, 0x99D9, 0x91DA, 0x89BA, 0x89BA, 0x81BB, 0x799B, 0x797B, 0x717C, 0x697C,
    0x9B40, 0x9B40, 0x9B21, 0x9B22, 0x9B22, 0xA323, 0xA324, 0xA325, 0xA326, 0xAB27, 0xAB29, 0xB32A, 0xB32B, 0xB30D, 0xB30F, 0xB310,
    0xB312, 0xB2F4, 0xB2D5, 0xB2B6, 0xB2B7, 0xAAB8, 0xA2B9, 0x9A99, 0x927A, 0x8A7A, 0x8A5A, 0x825B, 0x7A3B, 0x7A1B, 0x721C, 0x6A1C,
    0x9B80, 0x9B80, 0x9B81, 0x9B82, 0x9B82, 0xA383, 0xA384, 0xA385, 0xA386, 0xA387, 0xAB89, 0xAB8A, 0xAB8C, 0xAB8D, 0xB38F, 0xB390,
    0xB392, 0xB373, 0xB355, 0xB356, 0xAB57, 0xAB38, 0xA339, 0x9B19, 0x92FA, 0x8ADA, 0x8ADB, 0x82BB, 0x7A9B, 0x729C, 0x727C, 0x6A7C,
    0x9BC0, 0x9BE0, 0x9BC1, 0x9BC2, 0x9BC2, 0x9BE3, 0x9BE4, 0x9BE5, 0xA3E6, 0xA3E8, 0xA3E9, 0xABEB, 0xABEC, 0xABED, 0xAC0F, 0xB411,
    0xB412, 0xB3F3, 0xB3F5, 0xB3D6, 0xABD7, 0xABD8, 0xA3B9, 0x9B99, 0x937A, 0x8B5A, 0x8B3A, 0x831B, 0x7AFB, 0x72FB, 0x72DC, 0x6ADC,
    0x9C20, 0x9421, 0x9421, 0x9422, 0x9423, 0x9C24, 0x9C25, 0x9C25, 0x9C26, 0xA448, 0xA449, 0xA44B, 0xA44C, 0xA44E, 0xAC6F, 0xAC71,
    0xAC92, 0xB474, 0xB475, 0xB456, 0xAC57, 0xAC58, 0xA438, 0x9BF9, 0x93D9, 0x8BDA, 0x8BBA, 0x839B, 0x7B7B, 0x735B, 0x733C, 0x6B3C,
    0x9C80, 0x9461, 0x9461, 0x9462, 0x9463, 0x9C83, 0x9C85, 0x9C86, 0x9C87, 0x9C88, 0xA4A9, 0xA4AB, 0xA4AC, 0xA4AE, 0xA4AF, 0xACD1,
    0xACF2, 0xACF3, 0xACF5, 0xACD6, 0xACD7, 0xACB8, 0xA498, 0x9C79, 0x9459, 0x8C3A, 0x8C1A, 0x83FB, 0x7BDB, 0x73BB, 0x73BC, 0x739C,
    0x9CE0, 0x9CE0, 0x9CC0, 0x9CC1, 0x9CC1, 0x9CE2, 0x9CE4, 0x9CE5, 0x9CE6, 0x9CE8, 0x9D09, 0xA50B, 0xA50C, 0xA50E, 0xA50F, 0xA531,
    0xA532, 0xAD33, 0xAD54, 0xAD36, 0xAD37, 0xA517, 0xA518, 0x9CD9, 0x94B9, 0x8C9A, 0x8C7A, 0x845A, 0x7C3B, 0x741B, 0x741C, 0x741C,
    0xA560, 0xA560, 0xA560, 0xA560, 0xA560, 0xA561, 0xA563, 0xA565, 0xA566, 0xA568, 0xA589, 0xAD8B, 0xA56D, 0xA56E, 0xA590, 0xAD91,
    0xAD93, 0xAD94, 0xADB5, 0xADB6, 0xAD97, 0xAD98, 0xA578, 0x9D59, 0x9D39, 0x953A, 0x951A, 0x8CFA, 0x84DB, 0x84BB, 0x84BB, 0x7C9C,
    0xADC0, 0xADC0, 0xADC0, 0xADC0, 0xA5C0, 0xADC1, 0xADC2, 0xADC4, 0xADC6, 0xADC8, 0xADE9, 0xADEB, 0xADED, 0xADEE, 0xADF0, 0xADF1,
    0xADF3, 0xADF4, 0xADF5, 0xADF6, 0xADF7, 0xADF8, 0xA5D8, 0xA5B8, 0x9D99, 0x9D99, 0x957A, 0x955A, 0x8D3B, 0x8D3B, 0x8D1B, 0x8D1B,
    0xAE00, 0xAE00, 0xAE00, 0xA600, 0xA600, 0xAE00, 0xAE22, 0xAE04, 0xAE06, 0xA627, 0xAE29, 0xAE2B, 0xAE2D, 0xAE2E, 0xAE30, 0xAE31,
    0xAE33, 0xAE34, 0xAE35, 0xAE36, 0xAE37, 0xAE37, 0xA618, 0xA5F8, 0x9DD9, 0x9DD9, 0x9DBA, 0x959A, 0x959B, 0x8D7B, 0x8D7B, 0x8D5B,
    0xA640, 0xA640, 0xA640, 0xA640, 0xA640, 0xA660, 0xA662, 0xA643, 0xA645, 0xA647, 0xA649, 0xA64B, 0xA64C, 0xA64E, 0xA650, 0xA671,
    0xA672, 0xA674, 0xAE55, 0xAE56, 0xAE77, 0xAE77, 0xAE58, 0xA638, 0xA619, 0x9E19, 0x9DFA, 0x95DA, 0x95DA, 0x95DB, 0x95BB, 0x95BB,
    0xA680, 0xA660, 0xA660, 0xA660, 0xA660, 0xA680, 0xA682, 0xA683, 0xA685, 0xA667, 0xA689, 0xA68B, 0xA68C, 0xA68E, 0xA68F, 0xA691,
    0xA692, 0xA693, 0xA694, 0xA696, 0xAE96, 0xAE97, 0xAE98, 0xAE78, 0xA659, 0xA639, 0x9E39, 0x961A, 0x95FA, 0x95FB, 0x95FB, 0x9DFB,
    0x9EA0, 0x9EA0, 0x9EA0, 0x9EA0, 0x9EA0, 0x9EA0, 0x9EA2, 0x9EA3, 0x9EA5, 0x9EA7, 0x9EA9, 0x9EAB, 0x9EAC, 0x9EAE, 0x9EAF, 0xA6B1,
    0xA6B2, 0xA6B3, 0xA6B4, 0xA6B5, 0xAEB6, 0xAEB7, 0xAEB8, 0xAEB8, 0xAE99, 0xA679, 0xA67A, 0x9E5A, 0x963A, 0x963A, 0x9E1B, 0x9E3B,
    0x9EC0, 0x9EC0, 0x9EC0, 0x9EC0, 0x9EC0, 0x9EC2, 0x9EC3, 0x9EC4, 0x9EC6, 0x9EC8, 0x9ECA, 0x9ECB, 0x9ECD, 0x9ECE, 0x9ED0, 0x9ED1,
    0xA6D2, 0xA6D3, 0xA6D4, 0xA6D5, 0xAED6, 0xAED7, 0xB6D8, 0xB6D8, 0xAEB9, 0xAEB9, 0xAE9A, 0xA69A, 0x9E7A, 0x9E5A, 0x9E5B, 0x9E5B,
    0x9F00, 0x96E0, 0x96E0, 0x96E1, 0x96E2, 0x9EE4, 0x9EE5, 0x96E6, 0x96E8, 0x9EE9, 0x9EEB, 0x9EEC, 0x9EEE, 0x9EEF, 0x9EF0, 0x9EF1,
    0xA6F3, 0xA6F4, 0xA6F5, 0xAEF6, 0xAEF7, 0xB6D7, 0xB6D8, 0xB6D8, 0xB6D9, 0xB6D9, 0xB6DA, 0xAEBA, 0xAEBA, 0xA69A, 0xA69B, 0xA69B,
    0x9701, 0x9701, 0x9701, 0x9702, 0x9703, 0x9704, 0x9706, 0x9707, 0x9708, 0x970A, 0x970B, 0x970D, 0x970E, 0x970F, 0x9F10, 0x9F11,
    0xA712, 0xA714, 0xA715, 0xAEF6, 0xAEF7, 0xB6F7, 0xB6F8, 0xB6F8, 0xB6F9, 0xB6F9, 0xB6FA, 0xB6FA, 0xAEDA, 0xAEDA, 0xAEBB, 0xAEBB,
    0x9722, 0x9722, 0x9722, 0x8F23, 0x8F24, 0x9726, 0x9727, 0x9728, 0x9729, 0x972A, 0x972B, 0x972D, 0x972E, 0x972F, 0x9F30, 0x9F31,
    0x9F13, 0xA714, 0xA715, 0xAF16, 0xAF16, 0xB717, 0xB718, 0xB718, 0xB719, 0xB719, 0xB719, 0xB6FA, 0xB6FA, 0xAEFA, 0xAEDB, 0xAEDB,
    0x8F43, 0x8F43, 0x8F23, 0x8F24, 0x8F25, 0x8F46, 0x8F48, 0x8F48, 0x8F29, 0x8F2B, 0x8F2C, 0x972D, 0x972E, 0x972F, 0x9730, 0x9F31,
    0x9F33, 0xA734, 0xA735, 0xAF36, 0xAF16, 0xB737, 0xB718, 0xB718, 0xB719, 0xBF19, 0xBF19, 0xBF1A, 0xB71A, 0xB71A, 0xB6FB, 0xB6FB,
    0x8F45, 0x8F45, 0x8F45, 0x8F45, 0x8F46, 0x8F47, 0x8F48, 0x8F49, 0x8F4A, 0x8F4B, 0x8F4C, 0x8F4D, 0x8F4E, 0x974F, 0x9750, 0x9751,
    0x9F52, 0xA754, 0xA735, 0xAF36, 0xAF36, 0xB737, 0xB738, 0xB738, 0xBF39, 0xBF39, 0xBF39, 0xBF3A, 0xBF3A, 0xB73A, 0xB71B, 0xB71B,
    0x8F66, 0x8F66, 0x8F66, 0x8767, 0x8767, 0x8F68, 0x8F69, 0x8F6A, 0x8F6A, 0x8F6B, 0x8F4C, 0x8F4D, 0x8F4E, 0x8F4F, 0x9750, 0x9751,
    0x9F53, 0xA754, 0xA755, 0xAF56, 0xAF56, 0xB737, 0xB738, 0xB738, 0xBF39, 0xBF39, 0xBF39, 0xBF3A, 0xBF3A, 0xBF3A, 0xBF3B, 0xB73B,
    0xA821, 0xA802, 0xA802, 0xA803, 0xA803, 0xB003, 0xB004, 0xB005, 0xB006, 0xB008, 0xB00A, 0xB00C, 0xB00D, 0xB00F, 0xB010, 0xB011,
    0xB013, 0xB814, 0xB015, 0xB816, 0xB817, 0xB018, 0xB019, 0xA81A, 0xA81A, 0xA01A, 0x981B, 0x981B, 0x901B, 0x881C, 0x881C, 0x801C,
    0xA841, 0xA822, 0xA802, 0xA802, 0xA803, 0xB003, 0xB004, 0xB005, 0xB006, 0xB008, 0xB00A, 0xB00C, 0xB00D, 0xB00F, 0xB010, 0xB011,
    0xB013, 0xB814, 0xB815, 0xB816, 0xB817, 0xB018, 0xB019, 0xA81A, 0xA81A, 0xA01A, 0x981B, 0x981B, 0x901B, 0x881C, 0x881C, 0x801C,
    0xA881, 0xA862, 0xA842, 0xA802, 0xA803, 0xB003, 0xB004, 0xB005, 0xB006, 0xB008, 0xB00A, 0xB00B, 0xB00D, 0xB00E, 0xB010, 0xB011,
    0xB013, 0xB014, 0xB815, 0xB816, 0xB017, 0xB018, 0xB019, 0xA819, 0xA81A, 0xA01A, 0x981B, 0x981B, 0x901B, 0x881C, 0x881C, 0x801C,
    0xA0C1, 0xA0A2, 0xA082, 0xA842, 0xA823, 0xA803, 0xB004, 0xB004, 0xB006, 0xB008, 0xB00A, 0xB00B, 0xB00D, 0xB00E, 0xB010, 0xB011,
    0xB013, 0xB014, 0xB015, 0xB816, 0xB017, 0xB018, 0xB019, 0xA819, 0xA81A, 0xA01A, 0x981B, 0x901B, 0x901B, 0x881C, 0x881C, 0x801C,
    0xA101, 0xA0E2, 0xA0C2, 0xA0A2, 0xA063, 0xA823, 0xA804, 0xB004, 0xB005, 0xB007, 0xB009, 0xB00B, 0xB00D, 0xB00E, 0xB00F, 0xB011,
    0xB012, 0xB014, 0xB015, 0xB016, 0xB017, 0xB018, 0xB019, 0xA819, 0xA81A, 0xA01A, 0x981B, 0x901B, 0x901B, 0x881C, 0x801C, 0x801C,
    0xA121, 0xA121, 0xA122, 0xA102, 0xA0C3, 0xA883, 0xA824, 0xA804, 0xA805, 0xB007, 0xB009, 0xB00B, 0xB00C, 0xB00E, 0xB00F, 0xB011,
    0xB012, 0xB014, 0xB015, 0xB016, 0xB017, 0xB018, 0xB019, 0xA819, 0xA01A, 0x981A, 0x981B, 0x901B, 0x881B, 0x881C, 0x801C, 0x801C,
    0xA961, 0xA961, 0xA962, 0xA942, 0xA922, 0xB103, 0xB0A4, 0xB044, 0xB005, 0xB006, 0xB808, 0xB80A, 0xB80C, 0xB80E, 0xB80F, 0xB811,
    0xB812, 0xB814, 0xB815, 0xB816, 0xB817, 0xB018, 0xB019, 0xA819, 0xA01A, 0xA01A, 0x981B, 0x901B, 0x881B, 0x881C, 0x801C, 0x801C,
    0xA9C1, 0xA9A1, 0xA9A1, 0xA982, 0xA982, 0xB163, 0xB124, 0xB0C4, 0xB045, 0xB806, 0xB808, 0xB80A, 0xB80C, 0xB80E, 0xB80F, 0xB811,
    0xB812, 0xB814, 0xB815, 0xB816, 0xB817, 0xB818, 0xB019, 0xA81A, 0xA81A, 0xA01A, 0x981B, 0x901B, 0x881B, 0x881C, 0x801C, 0x801C,
    0xA9E0, 0xA9E1, 0xA9E1, 0xA9E2, 0xA9C2, 0xA9A3, 0xB183, 0xB164, 0xB105, 0xB066, 0xB827, 0xB809, 0xB80C, 0xB80D, 0xB80F, 0xB811,
    0xB812, 0xB814, 0xB815, 0xB816, 0xB817, 0xB818, 0xB019, 0xA81A, 0xA01A, 0xA01A, 0x981B, 0x901B, 0x881B, 0x881C, 0x801C, 0x781C,
    0xAA20, 0xAA20, 0xAA21, 0xAA02, 0xAA02, 0xAA03, 0xB1E3, 0xB1C4, 0xB1A5, 0xB166, 0xB8E7, 0xB889, 0xB82B, 0xB80D, 0xB80F, 0xB811,
    0xC012, 0xC014, 0xB815, 0xB816, 0xB817, 0xB818, 0xB019, 0xA819, 0xA01A, 0x981A, 0x981A, 0x901B, 0x881B, 0x881C, 0x801C, 0x781C,
    0xAA60, 0xA261, 0xAA61, 0xA242, 0xA242, 0xAA43, 0xAA23, 0xB224, 0xB205, 0xB1E6, 0xB9A8, 0xB969, 0xB92B, 0xB8ED, 0xB8EE, 0xB8D0,
    0xB8D2, 0xC0B4, 0xB875, 0xB856, 0xB857, 0xB058, 0xB079, 0xA879, 0xA07A, 0x987A, 0x909B, 0x907B, 0x887B, 0x807C, 0x807C, 0x787C,
    0xA2A0, 0xA2A1, 0xA2A1, 0xA281, 0xA282, 0xAA83, 0xAA83, 0xAA64, 0xAA65, 0xAA46, 0xB228, 0xBA09, 0xB9CA, 0xB9AC, 0xB98E, 0xB990,
    0xB992, 0xB953, 0xB935, 0xB8F6, 0xB8F7, 0xB118, 0xB139, 0xA919, 0xA11A, 0x991A, 0x911B, 0x911B, 0x88FB, 0x80FB, 0x80FC, 0x78FC,
    0xA2E0, 0xA2E0, 0xA2E1, 0xA2C1, 0xA2C2, 0xAAC3, 0xAAC3, 0xAAC4, 0xAAA5, 0xAAA6, 0xB2A8, 0xBA89, 0xBA8B, 0xBA4C, 0xBA4E, 0xBA50,
    0xBA32, 0xBA33, 0xB9F5, 0xB9D6, 0xB9D7, 0xB1F8, 0xB1F9, 0xA9D9, 0xA1DA, 0x99DA, 0x91DB, 0x89BB, 0x899B, 0x819B, 0x797C, 0x799C,
    0xAB60, 0xAB40, 0xAB40, 0xAB41, 0xAB22, 0xB343, 0xB344, 0xB325, 0xB326, 0xB327, 0xBB28, 0xBB2A, 0xBB0B, 0xBB0D, 0xC30E, 0xC310,
    0xC2F2, 0xC2F4, 0xC2B5, 0xC2B6, 0xBAB8, 0xBAB8, 0xB2B9, 0xAA99, 0xA29A, 0x9A7A, 0x927A, 0x925B, 0x8A5B, 0x823B, 0x821C, 0x7A1C,
    0xABA0, 0xABA0, 0xAB80, 0xAB81, 0xAB82, 0xAB83, 0xB384, 0xB385, 0xB386, 0xB368, 0xB389, 0xBB8A, 0xBB8C, 0xBB8D, 0xBB8F, 0xC390,
    0xC392, 0xC373, 0xC355, 0xC356, 0xBB57, 0xBB38, 0xB339, 0xAB39, 0xA31A, 0x9AFA, 0x92DB, 0x8ADB, 0x8ABB, 0x829C, 0x829C, 0x7A9C,
    0xABE0, 0xA3E0, 0xA3E0, 0xABE1, 0xABE2, 0xABE3, 0xABE4, 0xABE5, 0xB3E6, 0xB3E8, 0xB3E9, 0xB3EB, 0xB3EC, 0xBBED, 0xBBEF, 0xBC11,
    0xBC12, 0xBBF3, 0xC3F5, 0xBBD6, 0xBBD7, 0xBBD8, 0xB3B9, 0xABB9, 0xA39A, 0x9B7A, 0x935A, 0x933B, 0x8B1B, 0x82FB, 0x7AFC, 0x7AFC,
    0xA440, 0xA440, 0xA421, 0xA421, 0xA422, 0xAC43, 0xAC44, 0xAC45, 0xAC46, 0xAC48, 0xB449, 0xB44B, 0xB44C, 0xB44E, 0xB44F, 0xBC71,
    0xBC92, 0xBC73, 0xBC75, 0xBC56, 0xBC57, 0xB458, 0xB458, 0xAC19, 0xA3FA, 0x9BDA, 0x93DA, 0x93BB, 0x8B9B, 0x837B, 0x7B5C, 0x7B5C,
    0xA480, 0xA481, 0xA481, 0xA462, 0xA463, 0xA484, 0xAC85, 0xAC86, 0xAC87, 0xAC88, 0xACA9, 0xB4AB, 0xB4AC, 0xB4AE, 0xB4AF, 0xB4D1,
    0xB4F2, 0xBCF4, 0xBCF5, 0xBCD5, 0xBCD7, 0xB4D8, 0xB4B8, 0xAC99, 0xA479, 0x9C5A, 0x9C3A, 0x941B, 0x8BFB, 0x83DB, 0x83BC, 0x7BBC,
    0xA4E0, 0xA4C0, 0xA4C1, 0xA4C2, 0xA4A3, 0xA4C4, 0xA4C5, 0xA4C6, 0xA4C7, 0xA4C8, 0xACEA, 0xAD0B, 0xACEC, 0xACEE, 0xAD0F, 0xB531,
    0xB532, 0xB534, 0xB534, 0xB535, 0xB536, 0xB537, 0xB538, 0xACF9, 0xA4D9, 0x9CBA, 0x9C9A, 0x947A, 0x8C5B, 0x843B, 0x843B, 0x843C,
    0xAD40, 0xAD40, 0xAD40, 0xAD41, 0xAD41, 0xAD63, 0xAD65, 0xAD46, 0xAD48, 0xAD49, 0xB56A, 0xB56C, 0xB56D, 0xB56F, 0xB570, 0xB592,
    0xB593, 0xB594, 0xB5B5, 0xB5B6, 0xB5B7, 0xB598, 0xB598, 0xAD79, 0xAD59, 0xA53A, 0x9D3A, 0x9D1A, 0x94FB, 0x94DB, 0x8CBB, 0x8CBC,
    0xB5C0, 0xB5A0, 0xB5A0, 0xB5A0, 0xB5C1, 0xB5C3, 0xB5C4, 0xB5C6, 0xB5C7, 0xB5C9, 0xB5CA, 0xB5CC, 0xB5CD, 0xB5CF, 0xB5D1, 0xB5D2,
    0xB5F3, 0xB5F4, 0xB5F5, 0xB5F6, 0xB5F7, 0xB5F7, 0xB5F8, 0xADD8, 0xADB9, 0xAD99, 0xA59A, 0x9D7A, 0x9D5B, 0x953B, 0x953B, 0x953B,
    0xB600, 0xB600, 0xB600, 0xB600, 0xB600, 0xB602, 0xB604, 0xB605, 0xB607, 0xB608, 0xB60A, 0xB60C, 0xB60D, 0xB60F, 0xB610, 0xB632,
    0xB633, 0xB614, 0xB635, 0xB636, 0xB637, 0xB637, 0xB618, 0xB619, 0xADF9, 0xADD9, 0xA5DA, 0xA5BA, 0x9D9B, 0x9D7B, 0x9D7B, 0x9D7B,
    0xB640, 0xB640, 0xB640, 0xB640, 0xB640, 0xB642, 0xB643, 0xB645, 0xB647, 0xAE48, 0xB64A, 0xB64C, 0xB64D, 0xB64F, 0xB650, 0xB651,
    0xB653, 0xB654, 0xB655, 0xB656, 0xB657, 0xB657, 0xB658, 0xB638, 0xAE39, 0xAE19, 0xADFA, 0xA5FA, 0xA5DA, 0xA5DB, 0x9DBB, 0x9DBB,
    0xAE60, 0xAE60, 0xAE60, 0xAE60, 0xAE60, 0xAE82, 0xAE64, 0xAE65, 0xAE67, 0xAE68, 0xAE6A, 0xAE6C, 0xAE6D, 0xAE6E, 0xAE70, 0xAE91,
    0xAE93, 0xAE93, 0xB675, 0xB676, 0xB677, 0xB697, 0xB678, 0xB678, 0xAE59, 0xAE59, 0xA63A, 0xA61A, 0xA61A, 0xA61B, 0xA5FB, 0xA61B,
    0xAEA0, 0xAEA0, 0xAE80, 0xAE80, 0xAE80, 0xAEA2, 0xAEA4, 0xAEA5, 0xAEA7, 0xAE88, 0xAEAA, 0xAEAC, 0xAEAD, 0xAEAE, 0xAE90, 0xAEB1,
    0xAEB2, 0xAEB3, 0xAEB4, 0xAEB5, 0xB6B6, 0xB6B7, 0xB6B8, 0xB698, 0xB699, 0xAE79, 0xAE79, 0xA65A, 0xA63A, 0xA63A, 0xA63B, 0xA63B,
    0xAEC0, 0xA6C0, 0xA6C0, 0xA6C1, 0xA6C2, 0xA6C4, 0xA6C5, 0xA6C6, 0xA6C8, 0xA6C9, 0xA6CB, 0xA6CC, 0xA6CD, 0xA6CF, 0xA6D0, 0xAED1,
    0xAED3, 0xAED4, 0xAED5, 0xAED6, 0xB6D6, 0xB6D7, 0xB6B8, 0xB6B8, 0xB6B9, 0xB6B9, 0xB69A, 0xAE9A, 0xAE7A, 0xA67A, 0xA67B, 0xAE5B,
    0xA6E1, 0xA6E1, 0xA6E2, 0xA6E3, 0xA6E4, 0xA6E6, 0xA6E7, 0xA6E8, 0xA6E9, 0xA6EA, 0xA6EC, 0xA6ED, 0xA6EE, 0xA6F0, 0xA6F1, 0xAEF2,
    0xAEF3, 0xAEF4, 0xAEF5, 0xB6F6, 0xB6F6, 0xB6D7, 0xB6D8, 0xB6D8, 0xBEF9, 0xBED9, 0xB6DA, 0xB6BA, 0xAEBA, 0xAEBA, 0xAE9B, 0xAE9B,
    0x9F03, 0xA703, 0x9F04, 0x9F04, 0xA705, 0xA706, 0x9F07, 0x9F08, 0xA709, 0xA70B, 0xA70C, 0xA70D, 0xA70F, 0xA710, 0xA711, 0xA712,
    0xAEF3, 0xAEF4, 0xAF15, 0xB6F6, 0xB6F7, 0xB6F7, 0xBEF8, 0xBEF8, 0xBEF9, 0xBEF9, 0xBEFA, 0xB6FA, 0xB6DA, 0xB6DA, 0xAEBB, 0xAEBB,
    0x9F25, 0x9F24, 0x9F05, 0x9F25, 0x9F26, 0x9F27, 0x9F28, 0x9F29, 0x9F2A, 0x9F2B, 0x9F2D, 0x9F0E, 0xA70F, 0xA710, 0xA711, 0xA712,
    0xAF13, 0xAF14, 0xAF15, 0xB716, 0xB717, 0xB717, 0xBF18, 0xBF18, 0xBF19, 0xBF19, 0xBEF9, 0xBEFA, 0xB6FA, 0xB6FA, 0xB6DB, 0xB6DB,
    0x9F26, 0x9F26, 0x9F26, 0x9F26, 0x9F27, 0x9F28, 0x9F29, 0x9F2A, 0x9F2B, 0x9F2C, 0x9F2D, 0x9F2E, 0x9F2F, 0x9F30, 0xA731, 0xA732,
    0xA733, 0xAF34, 0xAF35, 0xB716, 0xB716, 0xB717, 0xBF18, 0xBF18, 0xBF19, 0xBF19, 0xBF19, 0xBF1A, 0xBF1A, 0xB71A, 0xB6FB, 0xB6FB,
    0x9747, 0x9747, 0x9747, 0x9748, 0x9748, 0x9749, 0x974A, 0x974A, 0x974B, 0x974C, 0x9F4D, 0x9F4E, 0x9F4F, 0x9F50, 0x9F51, 0xA732,
    0xA753, 0xA754, 0xAF35, 0xB736, 0xB736, 0xB737, 0xB738, 0xBF38, 0xBF39, 0xBF39, 0xBF39, 0xBF3A, 0xBF3A, 0xBF3A, 0xBF1B, 0xB71B,
    0x9769, 0x9748, 0x9749, 0x9749, 0x9769, 0x976A, 0x974B, 0x974B, 0x974C, 0x974D, 0x9F4E, 0x9F4F, 0x9F4F, 0x9F50, 0x9F51, 0xA752,
    0xA753, 0xA754, 0xAF55, 0xAF56, 0xB736, 0xB737, 0xB758, 0xBF38, 0xBF39, 0xBF39, 0xBF39, 0xBF3A, 0xBF3A, 0xBF3A, 0xBF3B, 0xBF3B,
    0xB801, 0xB001, 0xB001, 0xB002, 0xB803, 0xB803, 0xC004, 0xC005, 0xC006, 0xC008, 0xC00A, 0xC00C, 0xC00D, 0xC00F, 0xC010, 0xC012,
    0xC013, 0xC014, 0xC015, 0xC016, 0xC017, 0xC018, 0xB819, 0xB81A, 0xB01A, 0xA81A, 0xA01B, 0xA01B, 0x981C, 0x901C, 0x901C, 0x881C,
    0xB821, 0xB801, 0xB802, 0xB802, 0xB802, 0xB803, 0xC004, 0xC005, 0xC006, 0xC008, 0xC00A, 0xC00C, 0xC00D, 0xC00F, 0xC010, 0xC011,
    0xC013, 0xC014, 0xC015, 0xC016, 0xC017, 0xC018, 0xB819, 0xB81A, 0xB01A, 0xA81A, 0xA81B, 0xA01B, 0x981C, 0x981C, 0x901C, 0x881C,
    0xB861, 0xB041, 0xB022, 0xB802, 0xB802, 0xB803, 0xB804, 0xC004, 0xC006, 0xC008, 0xC00A, 0xC00B, 0xC00D, 0xC00F, 0xC010, 0xC011,
    0xC013, 0xC014, 0xC015, 0xC016, 0xC017, 0xC018, 0xB819, 0xB81A, 0xB01A, 0xA81A, 0xA81B, 0xA01B, 0x981B, 0x901C, 0x901C, 0x881C,
    0xB0A1, 0xB081, 0xB062, 0xB022, 0xB802, 0xB803, 0xB803, 0xB804, 0xC005, 0xC008, 0xC009, 0xC00B, 0xC00D, 0xC00E, 0xC010, 0xC011,
    0xC013, 0xC014, 0xC015, 0xC016, 0xC017, 0xC018, 0xC019, 0xB819, 0xB01A, 0xA81A, 0xA81B, 0xA01B, 0x981B, 0x901C, 0x901C, 0x881C,
    0xB0E1, 0xB0E1, 0xB0C2, 0xB082, 0xB042, 0xB803, 0xB804, 0xB804, 0xB805, 0xB807, 0xC009, 0xC00B, 0xC00D, 0xC00E, 0xC00F, 0xC011,
    0xC012, 0xC014, 0xC015, 0xC016, 0xC017, 0xC018, 0xB819, 0xB819, 0xB01A, 0xA81A, 0xA81B, 0xA01B, 0x981B, 0x901C, 0x901C, 0x881C,
    0xB121, 0xB121, 0xB101, 0xB0E2, 0xB0C2, 0xB063, 0xB823, 0xB804, 0xB805, 0xB806, 0xC008, 0xC00B, 0xC00C, 0xC00E, 0xB80F, 0xC011,
    0xC012, 0xC014, 0xC015, 0xC016, 0xC017, 0xC018, 0xB819, 0xB819, 0xB01A, 0xA81A, 0xA01B, 0xA01B, 0x981B, 0x901C, 0x901C, 0x881C,
    0xB980, 0xB160, 0xB161, 0xB142, 0xB122, 0xB8E3, 0xB883, 0xC024, 0xC005, 0xC006, 0xC008, 0xC00A, 0xC00C, 0xC00E, 0xC00F, 0xC011,
    0xC812, 0xC814, 0xC015, 0xC016, 0xC017, 0xC018, 0xB819, 0xB819, 0xB01A, 0xA81A, 0xA01B, 0xA01B, 0x981B, 0x901C, 0x901C, 0x881C,
    0xB9A0, 0xB9A0, 0xB9A1, 0xB981, 0xB962, 0xB943, 0xC103, 0xC0A4, 0xC045, 0xC006, 0xC808, 0xC80A, 0xC80C, 0xC80E, 0xC80F, 0xC811,
    0xC812, 0xC814, 0xC815, 0xC816, 0xC817, 0xC018, 0xB819, 0xB819, 0xB01A, 0xA81A, 0xA81B, 0xA01B, 0x981B, 0x901C, 0x901C, 0x881C,
    0xB9E0, 0xB9E1, 0xB9E1, 0xB9C1, 0xB9C2, 0xB9A2, 0xB983, 0xC144, 0xC0E5, 0xC046, 0xC827, 0xC809, 0xC80B, 0xC80D, 0xC80F, 0xC811,
    0xC812, 0xC814, 0xC815, 0xC816, 0xC817, 0xC018, 0xB819, 0xB819, 0xB01A, 0xA81A, 0xA01B, 0x981B, 0x981B, 0x901C, 0x881C, 0x881C,
    0xB240, 0xB220, 0xB220, 0xB221, 0xBA02, 0xBA02, 0xB9E3, 0xB9C4, 0xC185, 0xC146, 0xC0C7, 0xC849, 0xC80B, 0xC80D, 0xC80F, 0xC811,
    0xC812, 0xC814, 0xC815, 0xC816, 0xC817, 0xC018, 0xC019, 0xB819, 0xB01A, 0xA81A, 0xA01A, 0x981B, 0x981B, 0x901C, 0x881C, 0x881C,
    0xB280, 0xB260, 0xB260, 0xB261, 0xB242, 0xBA43, 0xBA23, 0xBA24, 0xB9E5, 0xC1C6, 0xC187, 0xC949, 0xC90A, 0xC8EC, 0xC8CE, 0xC8B0,
    0xC8B2, 0xC894, 0xC855, 0xC816, 0xC017, 0xC038, 0xB839, 0xB85A, 0xB07A, 0xA87A, 0xA09B, 0xA09B, 0x907B, 0x905C, 0x887C, 0x887C,
    0xB2A0, 0xB2A0, 0xB2A0, 0xB2A1, 0xB2A2, 0xB282, 0xBA83, 0xBA64, 0xBA45, 0xBA46, 0xC228, 0xC209, 0xC9CA, 0xC9AC, 0xC18E, 0xC970,
    0xC972, 0xC953, 0xC915, 0xC8D6, 0xC0D7, 0xC0D8, 0xB8F9, 0xB0F9, 0xB11A, 0xA91A, 0xA13B, 0x991B, 0x90FB, 0x90FC, 0x88FC, 0x80FC,
    0xB2E0, 0xB2E0, 0xB2E0, 0xB2E1, 0xB2E2, 0xB2E2, 0xBAC3, 0xBAC4, 0xBAA5, 0xBAA6, 0xC2A8, 0xC289, 0xCA6B, 0xCA4C, 0xCA2E, 0xCA30,
    0xCA32, 0xCA33, 0xC9F4, 0xC9D6, 0xC9D7, 0xC1D8, 0xB9D9, 0xB1D9, 0xB1DA, 0xA9DA, 0xA1DB, 0x99BB, 0x919B, 0x919B, 0x899C, 0x819C,
    0xBB60, 0xBB40, 0xBB40, 0xBB41, 0xBB42, 0xBB43, 0xBB24, 0xC325, 0xC326, 0xC307, 0xC309, 0xCB0A, 0xCB0B, 0xCB0D, 0xCB0F, 0xCB10,
    0xCAF2, 0xCAF3, 0xCAD5, 0xCAB6, 0xCAB7, 0xC2B8, 0xBAB9, 0xBABA, 0xB2BA, 0xAA9A, 0xA29B, 0x9A7B, 0x925B, 0x923B, 0x8A3C, 0x823C,
    0xBBA0, 0xBBA0, 0xBBA0, 0xBBA0, 0xBBA2, 0xBBA3, 0xBB84, 0xBB85, 0xBB86, 0xC368, 0xC369, 0xC36A, 0xC38C, 0xC38D, 0xCB8F, 0xCB90,
    0xCB92, 0xCB73, 0xCB75, 0xCB56, 0xCB57, 0xC338, 0xC339, 0xBB39, 0xB31A, 0xAB1A, 0xA2FA, 0x9ADB, 0x9ABB, 0x92BC, 0x8A9C, 0x829C,
    0xB400, 0xB3E0, 0xB3E0, 0xB3E1, 0xB3E2, 0xBC03, 0xBBE4, 0xBBE5, 0xBBE6, 0xC3C8, 0xC3E9, 0xC3EB, 0xC3EC, 0xC3ED, 0xC3EF, 0xCC11,
    0xCC12, 0xCC13, 0xCBF5, 0xCBF6, 0xCBD7, 0xC3D8, 0xC3D9, 0xBBB9, 0xB39A, 0xAB9A, 0xA37A, 0x9B5B, 0x9B3B, 0x931B, 0x8AFC, 0x8AFC,
    0xB440, 0xB440, 0xB440, 0xB441, 0xB442, 0xB443, 0xBC44, 0xBC45, 0xBC26, 0xBC28, 0xBC49, 0xC44B, 0xC44C, 0xC44E, 0xC44F, 0xC471,
    0xC492, 0xC493, 0xC474, 0xC476, 0xC457, 0xC458, 0xBC59, 0xBC39, 0xB41A, 0xABFA, 0xA3FA, 0xA3DB, 0x9B9B, 0x937B, 0x8B7C, 0x8B7C,
    0xB480, 0xB480, 0xB481, 0xB482, 0xB463, 0xB484, 0xB485, 0xB486, 0xB487, 0xB488, 0xBCAA, 0xBCAB, 0xBCAD, 0xBC8E, 0xBCAF, 0xC4D1,
    0xC4D2, 0xC4F4, 0xC4D4, 0xC4D5, 0xC4D7, 0xC4D8, 0xBCB9, 0xBCB9, 0xB499, 0xAC7A, 0xA45A, 0xA43B, 0x9C1B, 0x93FB, 0x8BDC, 0x8BDC,
    0xACE1, 0xACC1, 0xACC2, 0xACC3, 0xACC3, 0xB4E5, 0xB4C6, 0xB4C7, 0xB4C7, 0xB4C8, 0xBCEA, 0xBCEB, 0xBCED, 0xBCEE, 0xBCEF, 0xBD11,
    0xBD32, 0xBD34, 0xBD35, 0xBD35, 0xBD36, 0xBD37, 0xBD38, 0xB519, 0xB4F9, 0xACDA, 0xA4DA, 0xA49A, 0x9C7B, 0x945B, 0x943B, 0x8C3C,
    0xB541, 0xB541, 0xB542, 0xB543, 0xB544, 0xB545, 0xB546, 0xB547, 0xB548, 0xBD4A, 0xBD4B, 0xBD6C, 0xBD4E, 0xBD4F, 0xBD70, 0xBD72,
    0xBD93, 0xBD94, 0xBD95, 0xBDB6, 0xBDB7, 0xBD97, 0xBD98, 0xBD79, 0xB579, 0xB55A, 0xAD3A, 0xA51A, 0xA4FB, 0x9CDB, 0x9CDB, 0x94DC,
    0xBDA0, 0xBDA1, 0xBDA1, 0xBDA2, 0xBDA3, 0xBDA5, 0xBDA6, 0xBDA7, 0xBDA8, 0xBDAA, 0xBDAB, 0xBDAD, 0xBDCE, 0xBDB0, 0xBDD1, 0xBDD2,
    0xBDD3, 0xBDD4, 0xBDF5, 0xBDF6, 0xBDF7, 0xBDF7, 0xBDF8, 0xBDD9, 0xB5D9, 0xB5B9, 0xAD9A, 0xAD7A, 0xA57B, 0xA55B, 0x9D3B, 0x9D3C,
    0xBE00, 0xBE00, 0xBE00, 0xBE00, 0xBE02, 0xBE04, 0xBE06, 0xBE07, 0xBE08, 0xBE09, 0xBE0B, 0xBE0D, 0xBE0E, 0xBE10, 0xBE11, 0xBE12,
    0xBE13, 0xBE14, 0xBE15, 0xBE16, 0xBE37, 0xBE37, 0xBE38, 0xBE19, 0xB619, 0xB5F9, 0xB5DA, 0xADDA, 0xADBA, 0xA59B, 0xA59B, 0xA57B,
    0xBE40, 0xBE40, 0xBE40, 0xBE40, 0xBE42, 0xBE44, 0xBE45, 0xBE27, 0xBE48, 0xBE49, 0xBE4B, 0xBE4D, 0xBE4E, 0xBE4F, 0xBE50, 0xBE52,
    0xBE53, 0xBE54, 0xBE55, 0xBE56, 0xBE57, 0xBE57, 0xBE58, 0xBE58, 0xB639, 0xB639, 0xB61A, 0xB61A, 0xADFA, 0xADDB, 0xADDB, 0xADDB,
    0xB660, 0xBE60, 0xB660, 0xB660, 0xBE62, 0xB664, 0xB665, 0xB667, 0xB668, 0xB669, 0xB66B, 0xB66D, 0xB66E, 0xB66F, 0xB671, 0xB672,
    0xB673, 0xB674, 0xB675, 0xBE76, 0xBE77, 0xBE77, 0xBE78, 0xB678, 0xB679, 0xB659, 0xB65A, 0xAE3A, 0xAE1A, 0xAE1A, 0xAE1B, 0xAE1B,
    0xB680, 0xB680, 0xB680, 0xB680, 0xB682, 0xB684, 0xB686, 0xB687, 0xB688, 0xB689, 0xB68B, 0xB68C, 0xB68E, 0xB68F, 0xB690, 0xB692,
    0xB693, 0xB694, 0xB695, 0xB696, 0xB696, 0xBE97, 0xBE98, 0xBE98, 0xBE99, 0xB699, 0xB679, 0xB65A, 0xAE5A, 0xAE3A, 0xAE3B, 0xB63B,
    0xB6A1, 0xB6C1, 0xB6C1, 0xB6A2, 0xB6A3, 0xB6A5, 0xB6A7, 0xB6A8, 0xB6A9, 0xB6AA, 0xB6CC, 0xB6CD, 0xB6CE, 0xB6CF, 0xB6B1, 0xB6B2,
    0xB6D3, 0xB6D4, 0xB6B5, 0xB6D6, 0xB6D6, 0xBED7, 0xBEB8, 0xBEB8, 0xBEB9, 0xBEB9, 0xB6B9, 0xB69A, 0xAE7A, 0xAE7A, 0xAE7B, 0xB67B,
    0xAEE4, 0xAEE4, 0xAEE4, 0xAEE5, 0xAEE6, 0xAEE7, 0xAEE8, 0xAEE9, 0xAEEA, 0xB6EB, 0xAEED, 0xAEEE, 0xAEEF, 0xB6F0, 0xB6F1, 0xB6D2,
    0xB6D4, 0xB6F5, 0xB6F5, 0xB6F6, 0xBED7, 0xBED7, 0xBED8, 0xBED8, 0xBED9, 0xBED9, 0xBEDA, 0xBEBA, 0xB6BA, 0xB6BA, 0xB69B, 0xB69B,
    0xAF05, 0xAF05, 0xAF06, 0xAF06, 0xAEE7, 0xAF08, 0xAEE9, 0xAEEA, 0xAF0B, 0xAF0C, 0xAF0D, 0xAF0E, 0xAF0F, 0xAF10, 0xAEF1, 0xB6F2,
    0xB6F4, 0xB6F5, 0xB6F5, 0xB6F6, 0xBEF7, 0xBEF7, 0xBEF8, 0xBEF8, 0xBEF9, 0xBEF9, 0xBEFA, 0xBEFA, 0xBEDA, 0xB6DA, 0xB6DB, 0xB6BB,
    0xAF07, 0xAF07, 0xA707, 0xA708, 0xA708, 0xAF29, 0xAF0A, 0xA70A, 0xA70C, 0xAF0D, 0xAF0E, 0xAF0F, 0xAF10, 0xAF11, 0xAF12, 0xAF13,
    0xB714, 0xB714, 0xB715, 0xB716, 0xB717, 0xBF18, 0xBF18, 0xBF18, 0xBF19, 0xBF19, 0xBF1A, 0xBEFA, 0xBEFA, 0xBEFA, 0xB6FB, 0xB6DB,
    0xA728, 0xA728, 0xA728, 0xA728, 0xA729, 0xA72A, 0xA72A, 0xA72B, 0xA72C, 0xA72D, 0xA72E, 0xAF2F, 0xAF30, 0xAF31, 0xAF32, 0xAF33,
    0xB733, 0xB734, 0xB735, 0xB716, 0xB717, 0xBF17, 0xBF18, 0xBF18, 0xBF19, 0xBF19, 0xBF19, 0xBF1A, 0xBF1A, 0xBF1A, 0xBEFB, 0xBEFB,
    0xA729, 0xA749, 0xA749, 0xA749, 0xA74A, 0xA74B, 0xA74C, 0xA74C, 0xA74D, 0xA74E, 0xA74F, 0xA74F, 0xA730, 0xA731, 0xAF32, 0xAF33,
    0xAF33, 0xAF34, 0xB735, 0xB736, 0xB736, 0xBF37, 0xBF38, 0xBF38, 0xBF39, 0xBF19, 0xC719, 0xC71A, 0xC73A, 0xBF1A, 0xBF1A, 0xBF1B,
    0x9F4B, 0x9F4B, 0x9F4B, 0x9F4B, 0xA74B, 0xA74C, 0xA74D, 0xA74D, 0xA74D, 0xA74E, 0xA74F, 0xA750, 0xA751, 0xA751, 0xAF52, 0xAF53,
    0xAF53, 0xAF54, 0xAF55, 0xB736, 0xB737, 0xBF37, 0xBF58, 0xBF38, 0xBF39, 0xC739, 0xC739, 0xC73A, 0xC73A, 0xC73A, 0xBF3A, 0xBF3B,
    0xC801, 0xC801, 0xC801, 0xC802, 0xC802, 0xC803, 0xD003, 0xD004, 0xD005, 0xD008, 0xD00A, 0xD00C, 0xD00D, 0xD00F, 0xD010, 0xD011,
    0xD013, 0xD014, 0xD015, 0xD016, 0xD017, 0xD018, 0xC819, 0xC01A, 0xC01A, 0xB81A, 0xB01B, 0xA81B, 0xA81B, 0xA01C, 0x981C, 0x901C,
    0xC801, 0xC001, 0xC001, 0xC002, 0xC802, 0xC803, 0xC803, 0xD004, 0xD005, 0xD008, 0xD00A, 0xD00B, 0xD00D, 0xD00E, 0xD010, 0xD011,
    0xD012, 0xD014, 0xD015, 0xD016, 0xD017, 0xC818, 0xC819, 0xC01A, 0xC01A, 0xB81B, 0xB01B, 0xA81B, 0xA81C, 0xA01C, 0x981C, 0x901C,
    0xC021, 0xC001, 0xC001, 0xC002, 0xC002, 0xC803, 0xC803, 0xC804, 0xD005, 0xD007, 0xD009, 0xD00B, 0xD00D, 0xD00E, 0xD010, 0xD011,
    0xD013, 0xD014, 0xD015, 0xD016, 0xD017, 0xC818, 0xC819, 0xC01A, 0xC01A, 0xB81B, 0xB01B, 0xA81B, 0xA01C, 0xA01C, 0x981C, 0x901C,
    0xC060, 0xC041, 0xC021, 0xC002, 0xC002, 0xC803, 0xC803, 0xC804, 0xC805, 0xC807, 0xD009, 0xD00B, 0xD00D, 0xD00E, 0xC80F, 0xD011,
    0xD013, 0xD014, 0xD015, 0xD016, 0xD017, 0xC818, 0xC819, 0xC019, 0xB81A, 0xB81A, 0xB01B, 0xA81B, 0xA01B, 0xA01C, 0x981C, 0x901C,
    0xC0E0, 0xC0A1, 0xC081, 0xC062, 0xC022, 0xC003, 0xC803, 0xC804, 0xC805, 0xC806, 0xD008, 0xD00B, 0xD00C, 0xC80E, 0xC80F, 0xC811,
    0xD012, 0xD014, 0xD015, 0xC816, 0xC817, 0xC818, 0xC819, 0xC019, 0xB81A, 0xB81A, 0xB01A, 0xA81B, 0xA01B, 0xA01C, 0x981C, 0x901C,
    0xC120, 0xC101, 0xC101, 0xB8C2, 0xB8A2, 0xC023, 0xC003, 0xC804, 0xC805, 0xC806, 0xC808, 0xC80A, 0xC80C, 0xC80E, 0xC80F, 0xC811,
    0xC812, 0xC813, 0xC815, 0xC816, 0xC817, 0xC818, 0xC819, 0xC019, 0xB81A, 0xB01A, 0xB01B, 0xA81B, 0xA01B, 0xA01C, 0x981C, 0x901C,
    0xC160, 0xC160, 0xC141, 0xC121, 0xC102, 0xC8C3, 0xC863, 0xC824, 0xC805, 0xD006, 0xD008, 0xD00A, 0xD00C, 0xD00E, 0xD00F, 0xD011,
    0xD012, 0xD014, 0xD015, 0xD016, 0xD017, 0xD018, 0xC819, 0xC019, 0xB81A, 0xB81A, 0xB01B, 0xA81B, 0xA01B, 0xA01C, 0x981C, 0x901C,
    0xC9A0, 0xC9A0, 0xC181, 0xC181, 0xC962, 0xC943, 0xC8E3, 0xC884, 0xD045, 0xD006, 0xD007, 0xD009, 0xD00B, 0xD00D, 0xD00F, 0xD011,
    0xD012, 0xD014, 0xD015, 0xD016, 0xD017, 0xD018, 0xC819, 0xC019, 0xC01A, 0xB81A, 0xB01B, 0xA81B, 0xA01B, 0xA01B, 0x981C, 0x901C,
    0xC1E0, 0xC1E0, 0xC1E0, 0xC1C1, 0xC1C2, 0xC9A3, 0xC963, 0xC924, 0xC8C5, 0xD026, 0xD027, 0xD809, 0xD80B, 0xD80D, 0xD00F, 0xD011,
    0xD012, 0xD014, 0xD015, 0xD016, 0xD017, 0xD018, 0xC819, 0xC019, 0xC01A, 0xB81A, 0xB01B, 0xA81B, 0xA01B, 0x981B, 0x981C, 0x901C,
    0xC240, 0xC220, 0xC220, 0xC201, 0xC202, 0xC9E2, 0xC9E3, 0xC9A4, 0xC965, 0xD126, 0xD0A7, 0xD049, 0xD80B, 0xD80D, 0xD00F, 0xD010,
    0xD012, 0xD013, 0xD015, 0xD016, 0xD017, 0xD018, 0xC819, 0xC01A, 0xC01A, 0xB81A, 0xB01B, 0xA81B, 0xA01B, 0x981C, 0x981C, 0x901C,
    0xC280, 0xC260, 0xC260, 0xC261, 0xC241, 0xCA42, 0xCA23, 0xCA04, 0xC9E5, 0xC9A6, 0xD167, 0xD129, 0xD0EA, 0xD0AC, 0xD0AE, 0xD0B0,
    0xD092, 0xD073, 0xD014, 0xD016, 0xD017, 0xD018, 0xC819, 0xC019, 0xB83A, 0xB07A, 0xB09B, 0xA89B, 0xA07B, 0x985C, 0x907C, 0x907C,
    0xC2A0, 0xC2A0, 0xC2A0, 0xBAA1, 0xC281, 0xC282, 0xC283, 0xCA64, 0xCA45, 0xCA26, 0xD207, 0xD1E9, 0xD1AA, 0xD18C, 0xD16E, 0xD150,
    0xD151, 0xD133, 0xD0F4, 0xD0B6, 0xD0B7, 0xD0B8, 0xC8B9, 0xC0D9, 0xB8FA, 0xB11A, 0xB13B, 0xA91B, 0xA0FB, 0x98FC, 0x90FC, 0x911C,
    0xC300, 0xC2E0, 0xC2E0, 0xC2E0, 0xC2E1, 0xC2E2, 0xCAC3, 0xCAC4, 0xCAA5, 0xCAA6, 0xD288, 0xD289, 0xD26A, 0xD24C, 0xD22E, 0xD230,
    0xD231, 0xD213, 0xD1F4, 0xD1D5, 0xD1B7, 0xD1B8, 0xC9B9, 0xC1D9, 0xB9DA, 0xB9DA, 0xB1DB, 0xA9DB, 0xA1BB, 0x999C, 0x999C, 0x919C,
    0xCB60, 0xCB40, 0xC340, 0xC340, 0xCB41, 0xCB42, 0xCB24, 0xCB25, 0xCB26, 0xD307, 0xD308, 0xD30A, 0xD30B, 0xD30D, 0xD30F, 0xD310,
    0xD2F2, 0xD2F3, 0xD2D5, 0xD2B6, 0xD2B7, 0xD2B8, 0xCAB9, 0xC2BA, 0xBABA, 0xBABA, 0xB2BB, 0xAA9B, 0xA27B, 0x9A5C, 0x9A3C, 0x925C,
    0xC3A0, 0xC3A0, 0xC3A0, 0xC3A0, 0xC3A1, 0xCB83, 0xCB84, 0xCB85, 0xCB86, 0xCB67, 0xD369, 0xD36A, 0xD36C, 0xD36D, 0xD38F, 0xD390,
    0xD392, 0xD393, 0xD374, 0xD356, 0xD357, 0xD358, 0xCB39, 0xC339, 0xC33A, 0xBB3A, 0xB31A, 0xAAFB, 0xA2DB, 0x9ABB, 0x9ABC, 0x92BC,
    0xC3E0, 0xC3E0, 0xC3E0, 0xC3E0, 0xC3E2, 0xC3E3, 0xCBE4, 0xCBE5, 0xCBC6, 0xCBC8, 0xCBE9, 0xCBEB, 0xD3EC, 0xD3ED, 0xD3EF, 0xD411,
    0xD412, 0xD413, 0xD3F4, 0xD3F6, 0xD3F7, 0xD3D8, 0xCBD9, 0xC3B9, 0xBBBA, 0xBB9A, 0xB39A, 0xAB7B, 0xA35B, 0x9B3B, 0x9B1C, 0x931C,
    0xC440, 0xC440, 0xC440, 0xC441, 0xC442, 0xC443, 0xC444, 0xC425, 0xC427, 0xC428, 0xCC49, 0xCC4B, 0xCC4C, 0xCC4E, 0xCC4F, 0xCC71,
    0xCC72, 0xCC73, 0xCC74, 0xCC75, 0xCC77, 0xCC58, 0xCC58, 0xC439, 0xBC3A, 0xBC1A, 0xB41A, 0xABFB, 0xA3BB, 0x9B9B, 0x9B9C, 0x937C,
    0xC480, 0xBC80, 0xBC80, 0xBC81, 0xBC82, 0xC484, 0xC485, 0xC486, 0xC487, 0xC488, 0xCC8A, 0xCC8B, 0xCC8D, 0xC48E, 0xCCAF, 0xCCD1,
    0xCCD2, 0xCCD3, 0xCCD4, 0xCCD5, 0xCCD7, 0xCCD8, 0xCCB8, 0xC4B9, 0xBC99, 0xB49A, 0xB47A, 0xAC5A, 0xA43B, 0xA41B, 0x9BFB, 0x93FC,
    0xBCE1, 0xBCC1, 0xBCC2, 0xBCC2, 0xBCC3, 0xBCE4, 0xBCE5, 0xBCC6, 0xBCC7, 0xC4C8, 0xC4EA, 0xC4EB, 0xC4ED, 0xC4EE, 0xC4F0, 0xC511,
    0xC512, 0xC533, 0xC534, 0xC535, 0xC536, 0xC537, 0xC538, 0xC519, 0xBCF9, 0xBCFA, 0xB4DA, 0xACBA, 0xAC9B, 0xA47B, 0x9C5B, 0x9C5C,
    0xC542, 0xBD23, 0xBD23, 0xBD24, 0xBD25, 0xC546, 0xC547, 0xC548, 0xC549, 0xC54A, 0xC54B, 0xC54D, 0xC54E, 0xC54F, 0xC571, 0xC572,
    0xC573, 0xC594, 0xC595, 0xC5B6, 0xC5B7, 0xC597, 0xC598, 0xC599, 0xBD79, 0xBD7A, 0xB55A, 0xB53A, 0xAD1B, 0xACFB, 0xA4FB, 0xA4FC,
    0xC5A3, 0xC583, 0xC584, 0xC584, 0xC585, 0xC5A6, 0xC587, 0xC588, 0xC5A9, 0xC5AB, 0xC5AC, 0xC5AD, 0xC5AF, 0xC5B0, 0xC5B1, 0xC5D2,
    0xC5D4, 0xC5D4, 0xC5F5, 0xC5F6, 0xC5F7, 0xC5F7, 0xC5F8, 0xC5D9, 0xBDD9, 0xBDD9, 0xBDBA, 0xB59A, 0xB57B, 0xAD7B, 0xAD5B, 0xAD5C,
    0xC5E2, 0xC5E2, 0xC5E3, 0xC5E4, 0xC5E5, 0xC5E6, 0xC5E7, 0xC5E8, 0xC5E9, 0xC5EB, 0xC5EC, 0xC5EE, 0xC5EF, 0xBDF0, 0xC611, 0xC613,
    0xC614, 0xC614, 0xBE15, 0xC616, 0xC617, 0xC637, 0xC638, 0xC619, 0xBE19, 0xBE19, 0xBDFA, 0xB5DA, 0xB5DA, 0xB5BB, 0xAD9B, 0xAD9B,
    0xC641, 0xC622, 0xC622, 0xC623, 0xC624, 0xC626, 0xC627, 0xC628, 0xC629, 0xC62A, 0xC62C, 0xC62D, 0xC62F, 0xC630, 0xC631, 0xC652,
    0xBE54, 0xBE54, 0xBE55, 0xBE56, 0xBE57, 0xC657, 0xC658, 0xBE58, 0xBE39, 0xBE39, 0xBE3A, 0xB61A, 0xB5FA, 0xB5FB, 0xB5DB, 0xB5DB,
    0xC662, 0xC662, 0xBE62, 0xBE63, 0xC644, 0xC666, 0xC667, 0xC668, 0xBE69, 0xC66A, 0xC66C, 0xBE6D, 0xBE6F, 0xC670, 0xBE71, 0xBE72,
    0xBE73, 0xBE74, 0xBE75, 0xBE76, 0xBE77, 0xC677, 0xC678, 0xBE78, 0xBE79, 0xBE59, 0xBE5A, 0xB63A, 0xB63A, 0xB61A, 0xB61B, 0xB61B,
    0xBE82, 0xBE82, 0xBE83, 0xBE83, 0xBE84, 0xBE86, 0xBE87, 0xBE88, 0xBE89, 0xBE8A, 0xBE8C, 0xBE8D, 0xBE8E, 0xBE90, 0xBE91, 0xBE92,
    0xBE93, 0xBE94, 0xBE95, 0xBE96, 0xBE97, 0xBE97, 0xBE98, 0xBE98, 0xBE99, 0xBE99, 0xBE79, 0xBE7A, 0xB65A, 0xB65A, 0xB65B, 0xB65B,
    0xBEA4, 0xBEA4, 0xBEA4, 0xBEA4, 0xBEA6, 0xBEA7, 0xBEA8, 0xBEA9, 0xBEAA, 0xBEAB, 0xBEAD, 0xBEAE, 0xBEAF, 0xBEB0, 0xBEB1, 0xBEB2,
    0xBEB3, 0xBEB4, 0xBEB5, 0xBEB6, 0xBEB6, 0xBEB7, 0xBEB8, 0xBEB8, 0xBEB9, 0xBEB9, 0xBE99, 0xBE9A, 0xB67A, 0xB67A, 0xB67B, 0xB67B,
    0xB6E6, 0xBEE6, 0xBEC6, 0xB6C7, 0xB6C8, 0xB6E9, 0xB6C9, 0xB6CA, 0xBECC, 0xB6ED, 0xB6EE, 0xB6CF, 0xBED0, 0xBED1, 0xBED2, 0xBED3,
    0xBED4, 0xBED5, 0xBED6, 0xBED6, 0xBED7, 0xBED7, 0xC6D8, 0xC6D8, 0xC6D9, 0xC6D9, 0xBEDA, 0xBEBA, 0xBEBA, 0xBE9A, 0xB69A, 0xBE9B,
    0xB707, 0xB6E7, 0xB6E8, 0xB6E8, 0xB6E9, 0xB6EA, 0xB6EA, 0xB6EB, 0xB6EC, 0xB6ED, 0xB6EE, 0xB6EF, 0xB6F0, 0xB6F1, 0xB6F2, 0xBEF3,
    0xBEF4, 0xBEF5, 0xBEF6, 0xBEF6, 0xBEF7, 0xBEF8, 0xBEF8, 0xC6F8, 0xC6F9, 0xC6F9, 0xC6F9, 0xBEFA, 0xBEDA, 0xBEDA, 0xBEDB, 0xB6BB,
    0xB708, 0xB709, 0xB709, 0xB709, 0xB70A, 0xB70B, 0xB70B, 0xB70C, 0xB70D, 0xB70E, 0xB70F, 0xB710, 0xB711, 0xB711, 0xB712, 0xB713,
    0xBF14, 0xBF15, 0xBF16, 0xBF16, 0xBF17, 0xBF18, 0xBF18, 0xC718, 0xC6F9, 0xC6F9, 0xC6FA, 0xC6FA, 0xBEFA, 0xBEFA, 0xBEFB, 0xBEDB,
    0xAF29, 0xAF2A, 0xAF2A, 0xAF2A, 0xAF2B, 0xAF2C, 0xB72C, 0xAF2D, 0xAF2D, 0xAF2E, 0xB72F, 0xB730, 0xB731, 0xB712, 0xB712, 0xB733,
    0xB734, 0xB715, 0xB715, 0xBF16, 0xBF17, 0xBF17, 0xBF18, 0xC718, 0xC719, 0xC719, 0xC71A, 0xC71A, 0xC71A, 0xC71A, 0xBF1B, 0xBEFB,
    0xAF2B, 0xAF4B, 0xAF4B, 0xAF2B, 0xAF2C, 0xAF4D, 0xAF2D, 0xAF2D, 0xAF2E, 0xAF2F, 0xAF30, 0xB730, 0xB731, 0xB732, 0xB733, 0xB733,
    0xB734, 0xB735, 0xB735, 0xBF36, 0xBF37, 0xBF37, 0xBF38, 0xC738, 0xC739, 0xC739, 0xC73A, 0xC71A, 0xC73A, 0xC73A, 0xC71A, 0xC71B,
    0xAF4C, 0xAF4C, 0xAF4C, 0xAF4C, 0xAF4D, 0xAF4D, 0xAF4E, 0xAF4E, 0xAF4F, 0xAF50, 0xAF50, 0xAF51, 0xB752, 0xB732, 0xB733, 0xB733,
    0xB734, 0xB735, 0xB735, 0xBF36, 0xBF37, 0xBF37, 0xBF38, 0xBF38, 0xC738, 0xC739, 0xC73A, 0xC73A, 0xC73A, 0xC73A, 0xC73A, 0xC73B,
    0xD000, 0xD001, 0xD001, 0xD002, 0xD002, 0xD803, 0xD803, 0xD804, 0xD805, 0xD808, 0xD80A, 0xD80B, 0xD80D, 0xD80E, 0xD810, 0xD811,
    0xD812, 0xD814, 0xD815, 0xD816, 0xD817, 0xD818, 0xD019, 0xD01A, 0xC81A, 0xC01A, 0xB81B, 0xB81B, 0xB01B, 0xA81C, 0xA01C, 0xA01C,
    0xD000, 0xD001, 0xD001, 0xD002, 0xD002, 0xD003, 0xD803, 0xD804, 0xD805, 0xD807, 0xD809, 0xD80B, 0xD80D, 0xD80E, 0xD810, 0xD811,
    0xD812, 0xD814, 0xD815, 0xD816, 0xD817, 0xD818, 0xD019, 0xD019, 0xC81A, 0xC01A, 0xB81B, 0xB81B, 0xB01C, 0xA81C, 0xA01C, 0xA01C,
    0xD000, 0xD001, 0xD001, 0xD002, 0xD002, 0xD003, 0xD803, 0xD804, 0xD805, 0xD807, 0xD809, 0xD80B, 0xD80D, 0xD80E, 0xD810, 0xD811,
    0xD812, 0xD814, 0xD815, 0xD816, 0xD817, 0xD818, 0xD019, 0xD019, 0xC81A, 0xC01A, 0xB81B, 0xB81B, 0xB01B, 0xA81C, 0xA01C, 0xA01C,
    0xD040, 0xD021, 0xD001, 0xD002, 0xD002, 0xD003, 0xD003, 0xD804, 0xD805, 0xD806, 0xD809, 0xD80B, 0xD80D, 0xD80E, 0xD80F, 0xD811,
    0xD812, 0xD814, 0xD815, 0xD816, 0xD817, 0xD818, 0xD019, 0xD019, 0xC81A, 0xC01A, 0xB81B, 0xB81B, 0xB01B, 0xA81C, 0xA01C, 0xA01C,
    0xD0A0, 0xD080, 0xD041, 0xC821, 0xC802, 0xD003, 0xD003, 0xD004, 0xD005, 0xD806, 0xD808, 0xD80A, 0xD80C, 0xD80D, 0xD80F, 0xD811,
    0xD812, 0xD813, 0xD815, 0xD816, 0xD817, 0xD818, 0xD019, 0xC819, 0xC81A, 0xC01A, 0xB81B, 0xB81B, 0xB01B, 0xA81C, 0xA01C, 0xA01C,
    0xC900, 0xC8E0, 0xC8C1, 0xC8A1, 0xC862, 0xD003, 0xD003, 0xD004, 0xD004, 0xD005, 0xD808, 0xD80A, 0xD80C, 0xD80D, 0xD80F, 0xD810,
    0xD812, 0xD813, 0xD815, 0xD816, 0xD817, 0xD818, 0xD019, 0xD019, 0xC81A, 0xC01A, 0xB81B, 0xB81B, 0xB01B, 0xA81C, 0xA01C, 0xA01C,
    0xD140, 0xD140, 0xD121, 0xD101, 0xD0E2, 0xD083, 0xD043, 0xD804, 0xD805, 0xD805, 0xD807, 0xD809, 0xD80B, 0xD80D, 0xD80F, 0xD811,
    0xD812, 0xD813, 0xD815, 0xD816, 0xD817, 0xD818, 0xD819, 0xD019, 0xC81A, 0xC01A, 0xB81B, 0xB81B, 0xB01B, 0xA81C, 0xA01C, 0xA01C,
    0xD1A0, 0xD180, 0xD180, 0xD161, 0xD142, 0xD902, 0xD8C3, 0xD864, 0xD825, 0xD806, 0xE007, 0xE009, 0xE00B, 0xE00D, 0xE00F, 0xE011,
    0xE012, 0xE014, 0xE015, 0xD816, 0xD817, 0xD818, 0xD819, 0xD01A, 0xC81A, 0xC01A, 0xB81B, 0xB81B, 0xB01B, 0xA81C, 0xA01C, 0xA01C,
    0xD1E0, 0xD1E0, 0xD1C0, 0xD1C1, 0xD1A2, 0xD982, 0xD963, 0xD904, 0xD8A5, 0xD826, 0xE007, 0xE009, 0xE00B, 0xE00D, 0xE00F, 0xE010,
    0xE012, 0xD813, 0xE015, 0xD816, 0xD817, 0xD818, 0xD819, 0xD01A, 0xC81A, 0xC01A, 0xB81B, 0xB81B, 0xB01B, 0xA81B, 0xA01C, 0x981C,
    0xD220, 0xD220, 0xD200, 0xD200, 0xD201, 0xD1E2, 0xD1C3, 0xD9A4, 0xD965, 0xD906, 0xE087, 0xE029, 0xE00A, 0xE00D, 0xE00E, 0xE010,
    0xE012, 0xD813, 0xE015, 0xD816, 0xD817, 0xD818, 0xD819, 0xD01A, 0xC81A, 0xC01A, 0xB81A, 0xB01B, 0xB01B, 0xA81C, 0xA01C, 0xA01C,
    0xD260, 0xD260, 0xCA60, 0xCA40, 0xD241, 0xD242, 0xD223, 0xD204, 0xD1E5, 0xD1A6, 0xD967, 0xD929, 0xE0EA, 0xE0AC, 0xD88E, 0xE090,
    0xE091, 0xD853, 0xD814, 0xD816, 0xD817, 0xD818, 0xD819, 0xD019, 0xC81A, 0xC03A, 0xB87B, 0xB09B, 0xB07B, 0xA87C, 0xA07C, 0x989C,
    0xD2A0, 0xCAA0, 0xCAA0, 0xCAA0, 0xCA81, 0xD282, 0xD283, 0xD264, 0xD245, 0xD226, 0xDA07, 0xD9E9, 0xD9AA, 0xD96C, 0xD94D, 0xD94F,
    0xD951, 0xD913, 0xD8D4, 0xD8B5, 0xD8B7, 0xD8B8, 0xD8B9, 0xD0B9, 0xC8BA, 0xC0FA, 0xB91B, 0xB13B, 0xB11B, 0xA8FC, 0xA0FC, 0x991C,
    0xD300, 0xD2E0, 0xCAE0, 0xCAE0, 0xD2C1, 0xD2C2, 0xD2C3, 0xD2C4, 0xD2A5, 0xD286, 0xDA88, 0xDA69, 0xDA4B, 0xDA2C, 0xDA2E, 0xDA30,
    0xDA31, 0xDA13, 0xD9F4, 0xD9D5, 0xD9B7, 0xD9B8, 0xD9B9, 0xD1B9, 0xC9BA, 0xC1DA, 0xB9FA, 0xB1DB, 0xB1BB, 0xA9BC, 0xA1BC, 0x99BC,
    0xD340, 0xD340, 0xD340, 0xD340, 0xD341, 0xD322, 0xD324, 0xDB25, 0xDB06, 0xDB07, 0xDB08, 0xDB0A, 0xDB0B, 0xDB0D, 0xDB0E, 0xDB10,
    0xDB12, 0xDAF3, 0xDAF4, 0xDAD6, 0xDAD7, 0xDAB8, 0xDAB9, 0xD2B9, 0xCABA, 0xC2BA, 0xBABB, 0xBA9B, 0xB27B, 0xAA7C, 0xA25C, 0x9A5C,
    0xD3A0, 0xD380, 0xD380, 0xD380, 0xD382, 0xD383, 0xD384, 0xD365, 0xDB66, 0xDB67, 0xDB69, 0xDB6A, 0xDB6C, 0xDB6D, 0xDB8F, 0xDB90,
    0xDB92, 0xDB93, 0xDB74, 0xDB75, 0xDB77, 0xDB58, 0xDB39, 0xD339, 0xCB3A, 0xC33A, 0xBB3A, 0xBB1B, 0xB2FB, 0xAADC, 0xA2DC, 0xA2BC,
    0xD3E0, 0xD3E0, 0xD3E0, 0xD3E0, 0xD3E2, 0xD3E3, 0xD3E4, 0xD3C5, 0xD3C7, 0xD3C8, 0xD3C9, 0xDBCB, 0xDBCC, 0xDBED, 0xDBEF, 0xDC11,
    0xDC12, 0xD413, 0xDC14, 0xDBF5, 0xDBF6, 0xDBF8, 0xD3D9, 0xD3D9, 0xCBBA, 0xC3BA, 0xBBBA, 0xBB9B, 0xB37B, 0xAB5B, 0xA33C, 0xA33C,
    0xCC40, 0xCC40, 0xCC20, 0xCC21, 0xCC22, 0xD443, 0xD424, 0xD426, 0xD427, 0xD428, 0xD42A, 0xD42B, 0xD42D, 0xD42E, 0xD44F, 0xD471,
    0xD472, 0xD493, 0xD474, 0xD475, 0xD476, 0xD457, 0xD458, 0xD439, 0xCC3A, 0xC43A, 0xBC3A, 0xBC1B, 0xB3DB, 0xABBB, 0xA3BB, 0xA3BC,
    0xCC80, 0xCC80, 0xCC80, 0xCC81, 0xCC83, 0xCC84, 0xCC85, 0xCC86, 0xCC67, 0xCC88, 0xD48A, 0xD48B, 0xD48D, 0xD48E, 0xD4AF, 0xD4B1,
    0xD4D2, 0xD4D3, 0xD4F4, 0xD4D5, 0xD4D6, 0xD4D7, 0xD4D8, 0xCCB9, 0xCC99, 0xC49A, 0xBC9A, 0xBC7A, 0xB45B, 0xAC3B, 0xAC1B, 0xA41C,
    0xCCC1, 0xCCC1, 0xCCC2, 0xC4C2, 0xC4C3, 0xCCE4, 0xCCC5, 0xCCC6, 0xCCC7, 0xCCC8, 0xCCCA, 0xCCEC, 0xCCED, 0xCCEE, 0xCCF0, 0xCD11,
    0xCD12, 0xCD33, 0xCD34, 0xCD35, 0xCD36, 0xCD37, 0xCD38, 0xCD19, 0xC519, 0xC4FA, 0xBCFA, 0xB4DA, 0xB4BB, 0xAC9B, 0xAC9B, 0xAC7C,
    0xCD43, 0xCD23, 0xCD24, 0xCD24, 0xCD25, 0xCD46, 0xCD47, 0xCD28, 0xCD29, 0xCD4A, 0xCD4B, 0xCD4D, 0xCD4E, 0xCD4F, 0xCD51, 0xCD72,
    0xCD73, 0xCD94, 0xCD95, 0xCD96, 0xCDB7, 0xCDB7, 0xCD98, 0xCD98, 0xC579, 0xC57A, 0xC57A, 0xBD5A, 0xB53B, 0xB51B, 0xAD1B, 0xACFC,
    0xCD84, 0xCD85, 0xCD85, 0xCD86, 0xCD86, 0xCD87, 0xCD88, 0xCD89, 0xCD8A, 0xCD8B, 0xCD8D, 0xCDAE, 0xCDAF, 0xCDB0, 0xCDB1, 0xCDD3,
    0xCDD4, 0xCDD5, 0xCDD5, 0xCDF6, 0xCDF7, 0xCDF7, 0xCDF8, 0xCDF8, 0xC5D9, 0xC5DA, 0xC5DA, 0xBDBA, 0xBD9A, 0xB57B, 0xB57B, 0xB55C,
    0xCDE5, 0xCDC5, 0xCDC5, 0xCDC6, 0xCDC7, 0xCDC8, 0xCDC8, 0xCDC9, 0xCDCA, 0xCDEC, 0xCDED, 0xCDEE, 0xCDEF, 0xC5F1, 0xC5F2, 0xC5F3,
    0xC614, 0xC615, 0xC616, 0xC616, 0xC617, 0xC637, 0xCE38, 0xC618, 0xC619, 0xC619, 0xC61A, 0xBDFA, 0xBDDA, 0xBDDB, 0xB5BB, 0xB5BB,
    0xCE24, 0xCE24, 0xCE25, 0xCE25, 0xCE26, 0xCE27, 0xCE28, 0xCE29, 0xCE0A, 0xCE0C, 0xCE2D, 0xCE2E, 0xC630, 0xC631, 0xC632, 0xC633,
    0xC634, 0xC635, 0xC636, 0xC636, 0xC657, 0xC657, 0xC658, 0xC658, 0xC659, 0xC639, 0xC63A, 0xBE3A, 0xBE1A, 0xBE1B, 0xBDFB, 0xB5FB,
    0xCE64, 0xCE44, 0xC644, 0xC645, 0xC646, 0xCE47, 0xCE48, 0xCE49, 0xC64A, 0xC64B, 0xC64D, 0xC66E, 0xC66F, 0xC650, 0xC651, 0xC673,
    0xC674, 0xC675, 0xC676, 0xC676, 0xC677, 0xC677, 0xC678, 0xC678, 0xC679, 0xC679, 0xC65A, 0xBE5A, 0xBE3A, 0xBE3B, 0xBE3B, 0xBE3B,
    0xC685, 0xC685, 0xC685, 0xC685, 0xC686, 0xC687, 0xC688, 0xC689, 0xC68A, 0xC68B, 0xC68D, 0xC68E, 0xC68F, 0xC690, 0xC691, 0xC693,
    0xC694, 0xC695, 0xC695, 0xC696, 0xC697, 0xC697, 0xC698, 0xC698, 0xC699, 0xC699, 0xC67A, 0xBE7A, 0xBE7A, 0xBE5A, 0xBE5B, 0xBE5B,
    0xC6A6, 0xC6A6, 0xC6A6, 0xC6A7, 0xC6A7, 0xC6A8, 0xC6A9, 0xC6AA, 0xC6AB, 0xC6AC, 0xC6AD, 0xC6AF, 0xC6B0, 0xC6B1, 0xC6B2, 0xC6B3,
    0xC6B4, 0xC6B5, 0xC6B5, 0xC6B6, 0xC6B7, 0xC6B7, 0xC6B8, 0xC6B8, 0xC6B9, 0xC6B9, 0xC6B9, 0xBE9A, 0xBE9A, 0xBE9A, 0xBE7B, 0xBE7B,
    0xC6C8, 0xC6C8, 0xC6C8, 0xC6C9, 0xC6C9, 0xC6CA, 0xBECB, 0xBECC, 0xBECD, 0xBECE, 0xBECF, 0xBED0, 0xC6D1, 0xC6D2, 0xC6D3, 0xC6D3,
    0xC6D4, 0xC6D5, 0xC6D6, 0xC6D6, 0xC6D7, 0xC6D7, 0xC6D8, 0xC6D8, 0xC6D9, 0xC6D9, 0xC6DA, 0xC6BA, 0xBEBA, 0xBEBA, 0xBEBB, 0xBEBB,
    0xBEE9, 0xBEE9, 0xBEE9, 0xBEE9, 0xBEEA, 0xBEEB, 0xBEEC, 0xBEEC, 0xBEED, 0xBEEE, 0xBEEF, 0xBEF0, 0xBEF1, 0xBEF2, 0xBEF3, 0xC6F4,
    0xC6F5, 0xC6F5, 0xC6F6, 0xC6F6, 0xC6F7, 0xC6F8, 0xC6F8, 0xC6F8, 0xC6F9, 0xC6F9, 0xC6F9, 0xC6FA, 0xC6DA, 0xBEDA, 0xBEBB, 0xBEBB,
    0xBF0A, 0xBF0A, 0xBF0A, 0xBF0A, 0xBF0B, 0xBF0C, 0xBF0D, 0xBF0D, 0xBF0E, 0xBF0F, 0xBF10, 0xBF11, 0xBF11, 0xBF12, 0xBF13, 0xBF14,
    0xBF15, 0xC715, 0xC716, 0xC6F6, 0xC717, 0xC718, 0xC718, 0xC718, 0xC6F9, 0xC6F9, 0xC6FA, 0xC6FA, 0xC6FA, 0xC6FA, 0xBEFB, 0xBEFB,
    0xB72B, 0xB72B, 0xB72B, 0xB72C, 0xB72C, 0xB72D, 0xB72D, 0xB72E, 0xB72E, 0xB72F, 0xBF10, 0xBF11, 0xBF12, 0xBF12, 0xBF13, 0xBF14,
    0xBF15, 0xBF15, 0xBF16, 0xBF16, 0xC717, 0xC718, 0xC718, 0xC718, 0xC719, 0xC719, 0xC71A, 0xC71A, 0xC71A, 0xC71A, 0xC71B, 0xC6FB,
    0xB72C, 0xB72C, 0xB72D, 0xB72D, 0xB72D, 0xB72E, 0xB72E, 0xB72F, 0xB72F, 0xB730, 0xB731, 0xBF31, 0xBF32, 0xBF33, 0xBF33, 0xBF34,
    0xBF35, 0xBF35, 0xBF36, 0xBF36, 0xBF37, 0xC737, 0xC738, 0xC738, 0xC739, 0xC739, 0xC73A, 0xC73A, 0xC73A, 0xC71A, 0xC71B, 0xC71B,
    0xB74E, 0xB74E, 0xB74E, 0xB74E, 0xB74E, 0xB74F, 0xB74F, 0xB750, 0xB730, 0xB731, 0xB751, 0xB752, 0xBF52, 0xBF33, 0xBF34, 0xBF34,
    0xBF35, 0xBF35, 0xBF36, 0xBF36, 0xBF37, 0xC737, 0xC738, 0xC738, 0xC739, 0xC739, 0xC73A, 0xC73A, 0xC73A, 0xC73A, 0xC73B, 0xC73B,
    0xE000, 0xE000, 0xE001, 0xE001, 0xE002, 0xE003, 0xE003, 0xE804, 0xE805, 0xE807, 0xE809, 0xE80B, 0xE80C, 0xE80E, 0xE810, 0xE011,
    0xE012, 0xE013, 0xE015, 0xE016, 0xE017, 0xE018, 0xE019, 0xD819, 0xD01A, 0xD01A, 0xC81B, 0xC01B, 0xB81B, 0xB01C, 0xB01C, 0xA81C,
    0xE000, 0xE000, 0xE001, 0xE001, 0xE002, 0xE003, 0xE003, 0xE004, 0xE005, 0xE006, 0xE809, 0xE80B, 0xE80C, 0xE80E, 0xE80F, 0xE811,
    0xE812, 0xE813, 0xE015, 0xE016, 0xE017, 0xE018, 0xE019, 0xD819, 0xD01A, 0xD01A, 0xC81B, 0xC01B, 0xB81B, 0xB01C, 0xB01C, 0xA81C,
    0xE000, 0xE000, 0xD801, 0xD801, 0xE002, 0xE003, 0xE003, 0xE004, 0xE005, 0xE006, 0xE808, 0xE80B, 0xE80C, 0xE80E, 0xE00F, 0xE011,
    0xE812, 0xE013, 0xE015, 0xE016, 0xE017, 0xE018, 0xE019, 0xD819, 0xD01A, 0xD01A, 0xC81B, 0xC01B, 0xB81B, 0xB01C, 0xB01C, 0xA81C,
    0xD800, 0xD800, 0xD801, 0xD801, 0xD802, 0xE003, 0xE003, 0xE004, 0xE005, 0xE006, 0xE808, 0xE80A, 0xE00C, 0xE00E, 0xE00F, 0xE011,
    0xE012, 0xE013, 0xE015, 0xE016, 0xE017, 0xE018, 0xE019, 0xD819, 0xD01A, 0xC81A, 0xC81B, 0xC01B, 0xB81B, 0xB01C, 0xB01C, 0xA81C,
    0xD860, 0xD840, 0xD821, 0xD801, 0xD802, 0xD802, 0xE003, 0xE004, 0xE005, 0xE006, 0xE008, 0xE00A, 0xE00C, 0xE00D, 0xE00F, 0xE010,
    0xE012, 0xE013, 0xE014, 0xE015, 0xE017, 0xE018, 0xE019, 0xD819, 0xD01A, 0xC81A, 0xC81B, 0xC01B, 0xB81B, 0xB01C, 0xB01C, 0xA81C,
    0xD8E0, 0xD8C0, 0xD8A0, 0xD081, 0xD042, 0xD802, 0xD803, 0xE004, 0xE004, 0xE005, 0xE007, 0xE009, 0xE00B, 0xE00D, 0xE00F, 0xE010,
    0xE012, 0xE013, 0xE014, 0xE015, 0xE016, 0xE018, 0xE019, 0xD819, 0xD01A, 0xC81A, 0xC81B, 0xC01B, 0xB81B, 0xB01B, 0xB01C, 0xA81C,
    0xD920, 0xD920, 0xD900, 0xD8E1, 0xD8A1, 0xE062, 0xE023, 0xE004, 0xE004, 0xE005, 0xE807, 0xE809, 0xE80B, 0xE80D, 0xE00F, 0xE010,
    0xE812, 0xE813, 0xE014, 0xE016, 0xE017, 0xE018, 0xE019, 0xD819, 0xD01A, 0xD01A, 0xC81B, 0xC01B, 0xB81B, 0xB01C, 0xB01C, 0xA81C,
    0xE180, 0xD980, 0xD960, 0xE141, 0xE121, 0xE0E2, 0xE083, 0xE044, 0xE025, 0xE806, 0xE807, 0xE809, 0xE80B, 0xE80D, 0xE80F, 0xE810,
    0xE812, 0xE813, 0xE814, 0xE816, 0xE817, 0xE018, 0xE019, 0xD81A, 0xD01A, 0xD01A, 0xC81B, 0xC01B, 0xB81B, 0xB01C, 0xB01C, 0xA81C,
    0xD9E0, 0xD9C0, 0xD9C0, 0xE1A0, 0xE181, 0xE162, 0xE143, 0xE0E4, 0xE085, 0xE826, 0xE807, 0xE809, 0xE80B, 0xE80D, 0xE80E, 0xE810,
    0xE812, 0xE813, 0xE814, 0xE816, 0xE017, 0xE018, 0xE019, 0xD81A, 0xD01A, 0xD01A, 0xC81B, 0xC01B, 0xB81B, 0xB01C, 0xB01C, 0xA81C,
    0xDA20, 0xDA20, 0xDA00, 0xDA00, 0xD9E1, 0xE1C2, 0xE1A3, 0xE184, 0xE145, 0xE106, 0xE867, 0xE829, 0xE80A, 0xE80C, 0xE80E, 0xE810,
    0xE811, 0xE813, 0xE814, 0xE015, 0xE017, 0xE018, 0xE019, 0xD81A, 0xD01A, 0xD01A, 0xC81A, 0xC01B, 0xB81B, 0xB01C, 0xA81C, 0xA81C,
    0xDA60, 0xDA60, 0xDA60, 0xDA40, 0xDA21, 0xDA22, 0xE203, 0xE1E4, 0xE1C5, 0xE186, 0xE147, 0xE909, 0xE8CA, 0xE88C, 0xE86E, 0xE890,
    0xE091, 0xE052, 0xE014, 0xE015, 0xE017, 0xE018, 0xE019, 0xD819, 0xD01A, 0xD03A, 0xC87B, 0xC09B, 0xB87B, 0xB07C, 0xA87C, 0xA89C,
    0xDAA0, 0xDAA0, 0xDAA0, 0xDA80, 0xDA81, 0xDA82, 0xDA63, 0xDA44, 0xDA25, 0xDA06, 0xE1E7, 0xE1C9, 0xE1AA, 0xE14C, 0xE12D, 0xE14F,
    0xE151, 0xE112, 0xE0D4, 0xE0B5, 0xE0B6, 0xE0B8, 0xE0B9, 0xD899, 0xD09A, 0xC8DA, 0xC91B, 0xC13B, 0xB91B, 0xB11C, 0xA91C, 0xA93C,
    0xDAE0, 0xDAE0, 0xDAE0, 0xDAC0, 0xDAC1, 0xDAC2, 0xDAC3, 0xDAA4, 0xDAA5, 0xDA86, 0xE288, 0xE269, 0xE24B, 0xE22C, 0xE22D, 0xE22F,
    0xE231, 0xE212, 0xE1F4, 0xE1D5, 0xE1D6, 0xE1D7, 0xE1B9, 0xD999, 0xD19A, 0xC9BA, 0xC9FB, 0xC1DB, 0xB9DB, 0xB1DC, 0xA9BC, 0xA9BC,
    0xDB40, 0xDB40, 0xDB40, 0xDB20, 0xDB21, 0xE322, 0xE324, 0xE305, 0xE306, 0xE307, 0xE309, 0xE30A, 0xE30B, 0xE30D, 0xE30E, 0xE310,
    0xE311, 0xE313, 0xE2F4, 0xE2D5, 0xE2D6, 0xE2D7, 0xE2B9, 0xDAB9, 0xD2BA, 0xD2BA, 0xCABB, 0xC2BB, 0xBA9B, 0xB29C, 0xAA7C, 0xAA7C,
    0xDB80, 0xDB80, 0xDB80, 0xDB80, 0xDB82, 0xE383, 0xE364, 0xE365, 0xE366, 0xE368, 0xE369, 0xE36A, 0xE36C, 0xE36E, 0xE38F, 0xE390,
    0xE3B2, 0xE393, 0xE394, 0xE375, 0xE376, 0xE377, 0xE358, 0xDB39, 0xD33A, 0xD33A, 0xCB5B, 0xC33B, 0xBB1B, 0xB2FC, 0xB2FC, 0xAADC,
    0xDBE0, 0xDBE0, 0xDBC0, 0xDBC1, 0xDBC2, 0xDBC3, 0xDBC4, 0xDBC5, 0xDBC7, 0xE3A8, 0xE3C9, 0xE3CB, 0xE3CC, 0xE3CE, 0xE3EF, 0xE411,
    0xDC12, 0xDC33, 0xDC14, 0xDC15, 0xDBF6, 0xDBF7, 0xDBD8, 0xDBD9, 0xD3DA, 0xD3DA, 0xCBDA, 0xC3BB, 0xBB9B, 0xB37B, 0xB35C, 0xAB5C,
    0xDC20, 0xDC20, 0xDC20, 0xDC21, 0xDC22, 0xDC24, 0xDC25, 0xDC26, 0xDC07, 0xDC08, 0xDC2A, 0xDC2B, 0xDC2D, 0xDC2E, 0xDC4F, 0xDC71,
    0xDC72, 0xDC93, 0xDC94, 0xDC75, 0xDC76, 0xDC77, 0xDC58, 0xDC59, 0xD439, 0xCC3A, 0xCC3A, 0xC43B, 0xBBFB, 0xB3DB, 0xB3DB, 0xABDC,
    0xD480, 0xD480, 0xD461, 0xD462, 0xD463, 0xD484, 0xDC85, 0xDC66, 0xD467, 0xDC68, 0xDC6A, 0xDC6B, 0xDC8D, 0xDC8E, 0xDC8F, 0xDCB1,
    0xDCD2, 0xD4D3, 0xD4F4, 0xD4D5, 0xD4F6, 0xD4F7, 0xD4D8, 0xD4B9, 0xD499, 0xCC9A, 0xCCBA, 0xC49A, 0xBC7B, 0xBC5B, 0xB43B, 0xB43C,
    0xD4C1, 0xD4C2, 0xD4C2, 0xD4C2, 0xD4C3, 0xD4C5, 0xD4C6, 0xD4C6, 0xD4C7, 0xD4C9, 0xD4CA, 0xD4CC, 0xD4CD, 0xD4CE, 0xD4F0, 0xD511,
    0xD512, 0xD533, 0xD534, 0xD535, 0xD536, 0xD537, 0xD538, 0xD519, 0xCD19, 0xCD19, 0xC51A, 0xC4FA, 0xBCDA, 0xBCBB, 0xB4BB, 0xB49C,
    0xD524, 0xD524, 0xD524, 0xD524, 0xD525, 0xD526, 0xD527, 0xD528, 0xD529, 0xD52A, 0xD54C, 0xD54D, 0xD54E, 0xD54F, 0xD551, 0xD572,
    0xD573, 0xD594, 0xD595, 0xD596, 0xD5B6, 0xD5B7, 0xD5B8, 0xD598, 0xCD99, 0xCD9A, 0xCD7A, 0xC57A, 0xC55B, 0xBD3B, 0xBD3B, 0xB51C,
    0xD586, 0xD586, 0xD566, 0xD566, 0xD587, 0xD588, 0xD588, 0xD589, 0xD58A, 0xD58C, 0xD58D, 0xD58E, 0xD58F, 0xD590, 0xD5B1, 0xD5B3,
    0xCDD4, 0xCDD5, 0xCDD5, 0xCDF6, 0xCDF7, 0xCDF7, 0xCDF8, 0xCDF8, 0xCDD9, 0xCDDA, 0xCDDA, 0xC5DA, 0xC5BA, 0xBD9B, 0xBD9B, 0xBD7B,
    0xD5C7, 0xD5C7, 0xCDC7, 0xCDC7, 0xD5C8, 0xD5C9, 0xD5C9, 0xD5CA, 0xD5CB, 0xD5CC, 0xD5CE, 0xD5CF, 0xD5D0, 0xCDD1, 0xCDF2, 0xCDF3,
    0xCDF4, 0xCE15, 0xCE16, 0xCE16, 0xCE17, 0xCE37, 0xCE38, 0xCE18, 0xCE19, 0xCE19, 0xCE1A, 0xC61A, 0xC5FA, 0xC5DB, 0xBDDB, 0xBDDB,
    0xD607, 0xD607, 0xCE07, 0xCE08, 0xCE08, 0xCE09, 0xD60A, 0xD60B, 0xCE0C, 0xCE0D, 0xCE0E, 0xCE0F, 0xCE10, 0xCE11, 0xCE32, 0xCE33,
    0xCE34, 0xCE35, 0xCE36, 0xCE36, 0xCE57, 0xCE58, 0xCE58, 0xCE58, 0xCE59, 0xCE59, 0xC65A, 0xC63A, 0xC63A, 0xC61B, 0xBE1B, 0xBE1B,
    0xCE47, 0xCE46, 0xCE26, 0xCE27, 0xCE47, 0xCE49, 0xCE4A, 0xCE4A, 0xCE4B, 0xCE2D, 0xCE4E, 0xCE4F, 0xCE50, 0xCE51, 0xCE52, 0xCE53,
    0xCE54, 0xCE55, 0xCE56, 0xCE56, 0xCE77, 0xCE77, 0xCE78, 0xCE78, 0xCE79, 0xCE79, 0xC67A, 0xC65A, 0xC65A, 0xC63B, 0xC63B, 0xBE3B,
    0xCE87, 0xCE67, 0xCE66, 0xCE67, 0xCE68, 0xCE89, 0xCE6A, 0xCE6A, 0xCE6B, 0xCE6C, 0xCE6E, 0xCE8F, 0xCE70, 0xCE71, 0xCE72, 0xCE73,
    0xCE94, 0xC695, 0xC676, 0xCE96, 0xCE97, 0xCE97, 0xC698, 0xCE98, 0xCE99, 0xCE99, 0xCE9A, 0xC67A, 0xC67A, 0xC67A, 0xC65B, 0xBE5B,
    0xCEA8, 0xCEA8, 0xCEA8, 0xCEA8, 0xCEA9, 0xCEAA, 0xCEAB, 0xCEAB, 0xCEAC, 0xCEAD, 0xCEAE, 0xCEB0, 0xCEB1, 0xCEB1, 0xCEB2, 0xCEB3,
    0xC6B4, 0xC6B5, 0xC6B6, 0xCEB6, 0xCEB7, 0xCEB7, 0xC6B8, 0xCEB9, 0xCEB9, 0xCEB9, 0xCEBA, 0xC69A, 0xC69A, 0xC69A, 0xC69B, 0xC69B,
    0xCEC9, 0xC6CA, 0xC6CA, 0xC6CA, 0xC6CB, 0xC6CC, 0xC6CC, 0xC6CD, 0xC6CE, 0xC6CF, 0xC6D0, 0xC6D1, 0xC6D2, 0xC6D2, 0xC6D3, 0xC6D4,
    0xC6D5, 0xC6D6, 0xCED6, 0xCED7, 0xCED7, 0xCED8, 0xCED8, 0xCED9, 0xCED9, 0xCED9, 0xCEDA, 0xC6BA, 0xC6BA, 0xC6BA, 0xC6BB, 0xC6BB,
    0xC6EB, 0xC6EB, 0xC6EB, 0xC6EB, 0xC6EB, 0xC6EC, 0xC6ED, 0xC6EE, 0xC6EE, 0xC6EF, 0xC6F0, 0xC6F1, 0xC6F2, 0xC6F2, 0xC6F3, 0xC6F4,
    0xC6F5, 0xC6F6, 0xCEF6, 0xC6F7, 0xC6F7, 0xCEF8, 0xCEF8, 0xCEF8, 0xCEF9, 0xCEF9, 0xCEFA, 0xCEDA, 0xC6DA, 0xC6DA, 0xC6BB, 0xC6BB,
    0xC70C, 0xC70C, 0xC70C, 0xC70C, 0xC70D, 0xC70D, 0xC70E, 0xC70E, 0xC70F, 0xC710, 0xC711, 0xC711, 0xC712, 0xC713, 0xC714, 0xC6F4,
    0xC6F5, 0xC6F6, 0xC6F6, 0xC6F7, 0xC6F7, 0xC718, 0xC718, 0xCF18, 0xCEF9, 0xCEF9, 0xCEFA, 0xCEFA, 0xCEFA, 0xC6FA, 0xC6FB, 0xC6FB,
    0xBF0D, 0xBF0D, 0xBF0D, 0xBF0D, 0xBF0D, 0xBF0E, 0xBF2F, 0xBF2F, 0xBF30, 0xBF10, 0xC711, 0xC712, 0xC713, 0xC713, 0xC714, 0xC715,
    0xC715, 0xC716, 0xC716, 0xC717, 0xC717, 0xC718, 0xC718, 0xCF18, 0xCF19, 0xCF19, 0xCF1A, 0xCF1A, 0xCF1A, 0xC71A, 0xC71B, 0xC6FB,
    0xBF2E, 0xBF2E, 0xBF2E, 0xBF2E, 0xBF2F, 0xBF2F, 0xBF30, 0xBF30, 0xBF31, 0xBF31, 0xBF32, 0xBF32, 0xC733, 0xC734, 0xC734, 0xC735,
    0xC735, 0xC716, 0xC736, 0xC717, 0xC717, 0xC738, 0xC738, 0xC738, 0xCF39, 0xCF19, 0xCF3A, 0xCF1A, 0xCF1A, 0xCF1A, 0xC71B, 0xC71B,
    0xBF4F, 0xBF4F, 0xBF50, 0xBF50, 0xBF50, 0xBF30, 0xBF51, 0xBF31, 0xBF31, 0xBF32, 0xBF32, 0xBF33, 0xBF33, 0xBF34, 0xC734, 0xC735,
    0xC735, 0xC736, 0xC736, 0xC737, 0xC737, 0xC738, 0xC738, 0xC738, 0xC739, 0xCF39, 0xCF3A, 0xCF3A, 0xCF3A, 0xCF3A, 0xCF3B, 0xCF3B,
    0xE800, 0xE800, 0xE800, 0xE801, 0xE802, 0xE802, 0xF003, 0xF004, 0xF005, 0xF006, 0xF008, 0xF00A, 0xF00C, 0xF00E, 0xF00F, 0xE811,
    0xE812, 0xF013, 0xF014, 0xE815, 0xE817, 0xE818, 0xE819, 0xE81A, 0xE01A, 0xD81A, 0xD01B, 0xD01B, 0xC81B, 0xC01C, 0xB81C, 0xB01C,
    0xE800, 0xE800, 0xE801, 0xE801, 0xE801, 0xE802, 0xE803, 0xF004, 0xF005, 0xF006, 0xF008, 0xF00A, 0xF00C, 0xF00E, 0xF00F, 0xF011,
    0xF012, 0xF013, 0xE814, 0xE815, 0xE817, 0xE818, 0xE819, 0xE819, 0xE01A, 0xD81A, 0xD01B, 0xC81B, 0xC81B, 0xC01C, 0xB81C, 0xB01C,
    0xE800, 0xE800, 0xE800, 0xE801, 0xE802, 0xE802, 0xE803, 0xE804, 0xE805, 0xF006, 0xF008, 0xF00A, 0xF00C, 0xF00E, 0xF00F, 0xF010,
    0xF012, 0xE813, 0xE814, 0xE815, 0xE817, 0xE818, 0xE819, 0xE819, 0xE01A, 0xD81A, 0xD01B, 0xD01B, 0xC81B, 0xC01C, 0xB81C, 0xB01C,
    0xE800, 0xE800, 0xE800, 0xE801, 0xE802, 0xE802, 0xE803, 0xE804, 0xE805, 0xE806, 0xF008, 0xF00A, 0xF00C, 0xF00D, 0xE80F, 0xF010,
    0xF012, 0xE813, 0xE814, 0xE815, 0xE816, 0xE818, 0xE819, 0xE019, 0xE01A, 0xD81A, 0xD01B, 0xD01B, 0xC81B, 0xC01C, 0xB81C, 0xB01C,
    0xE820, 0xE000, 0xE000, 0xE001, 0xE001, 0xE002, 0xE803, 0xE804, 0xE805, 0xE805, 0xE807, 0xF009, 0xF00B, 0xE80D, 0xE80E, 0xE810,
    0xF011, 0xE813, 0xE814, 0xE815, 0xE816, 0xE818, 0xE819, 0xE019, 0xD81A, 0xD81A, 0xD01A, 0xC81B, 0xC81B, 0xC01C, 0xB81C, 0xB01C,
    0xE0A0, 0xE080, 0xE060, 0xE041, 0xE001, 0xE002, 0xE803, 0xE804, 0xE804, 0xE805, 0xE807, 0xF009, 0xF00B, 0xE80D, 0xE80E, 0xE810,
    0xE811, 0xE813, 0xE814, 0xE815, 0xE816, 0xE817, 0xE818, 0xE019, 0xE01A, 0xD81A, 0xD01A, 0xC81B, 0xC81B, 0xC01B, 0xB81C, 0xB01C,
    0xE900, 0xE900, 0xE8E0, 0xE0C1, 0xE881, 0xE842, 0xE803, 0xE804, 0xE804, 0xE806, 0xF007, 0xF009, 0xF00B, 0xF00D, 0xF00E, 0xF010,
    0xF011, 0xF013, 0xE814, 0xE815, 0xE816, 0xE817, 0xE819, 0xE819, 0xE01A, 0xD81A, 0xD01A, 0xC81B, 0xC81B, 0xC01C, 0xB81C, 0xB01C,
    0xE980, 0xE960, 0xE940, 0xE920, 0xE901, 0xE8C2, 0xE883, 0xE844, 0xF005, 0xF006, 0xF007, 0xF009, 0xF00B, 0xF00D, 0xF00E, 0xF010,
    0xF011, 0xF013, 0xF014, 0xF015, 0xF016, 0xE818, 0xE819, 0xE81A, 0xE01A, 0xD81A, 0xD01B, 0xD01B, 0xC81B, 0xC01C, 0xB81C, 0xB01C,
    0xE9C0, 0xE9C0, 0xE9A0, 0xE9A0, 0xE981, 0xE962, 0xE923, 0xE8C4, 0xF065, 0xF026, 0xF007, 0xF009, 0xF00B, 0xF00C, 0xF00E, 0xF010,
    0xF011, 0xF013, 0xF014, 0xE815, 0xE816, 0xE817, 0xE819, 0xE819, 0xE01A, 0xD81A, 0xD01B, 0xC81B, 0xC81B, 0xC01C, 0xB81C, 0xB01C,
    0xEA00, 0xEA00, 0xEA00, 0xE9E0, 0xE9E1, 0xE9C2, 0xE9A3, 0xE964, 0xE925, 0xE8E6, 0xF067, 0xF029, 0xF00A, 0xF00C, 0xF00E, 0xF010,
    0xF011, 0xF012, 0xF014, 0xE815, 0xE816, 0xE817, 0xE819, 0xE819, 0xE01A, 0xD81A, 0xD01A, 0xC81B, 0xC81B, 0xC01C, 0xB81C, 0xB01C,
    0xEA40, 0xE240, 0xE240, 0xE240, 0xE221, 0xEA22, 0xEA03, 0xE9E4, 0xE9C5, 0xE986, 0xE947, 0xF109, 0xF0CA, 0xF08C, 0xF06D, 0xE88F,
    0xE891, 0xE872, 0xE814, 0xE815, 0xE816, 0xE817, 0xE819, 0xE819, 0xE01A, 0xD81A, 0xD05B, 0xC87B, 0xC09B, 0xC09C, 0xB89C, 0xB0BC,
    0xE2A0, 0xE2A0, 0xE280, 0xE280, 0xE281, 0xE262, 0xE263, 0xEA44, 0xEA25, 0xE206, 0xE9E7, 0xE9C9, 0xE98A, 0xE94C, 0xE92D, 0xE94F,
    0xE951, 0xE932, 0xE8F3, 0xE8D5, 0xE8D6, 0xE8D7, 0xE8B8, 0xE899, 0xE09A, 0xD8BA, 0xD0FB, 0xC91B, 0xC13B, 0xC13C, 0xB93C, 0xB15C,
    0xE2E0, 0xE2E0, 0xE2E0, 0xE2C0, 0xE2C1, 0xE2C2, 0xE2A3, 0xEAA4, 0xEA85, 0xEA86, 0xEA68, 0xEA69, 0xEA4B, 0xEA2C, 0xEA2D, 0xEA2F,
    0xEA31, 0xEA32, 0xEA13, 0xE9F5, 0xE9F6, 0xE9D7, 0xE9D8, 0xE1B9, 0xE19A, 0xD9BA, 0xD1DB, 0xC9DB, 0xC1FB, 0xC1DB, 0xB9DC, 0xB1DC,
    0xEB20, 0xEB20, 0xEB20, 0xEB20, 0xEB22, 0xEB23, 0xEB04, 0xEB05, 0xEB06, 0xEB07, 0xEAE9, 0xEAEA, 0xEAEB, 0xEAED, 0xEB0F, 0xEB30,
    0xEB31, 0xEB12, 0xEB14, 0xEAF5, 0xEAF6, 0xEAF7, 0xEAD8, 0xE2B9, 0xE2BA, 0xDABA, 0xD2DB, 0xCABB, 0xCABB, 0xC2BB, 0xBA9C, 0xB29C,
    0xE380, 0xE380, 0xE360, 0xE361, 0xE362, 0xEB63, 0xEB64, 0xEB65, 0xEB46, 0xEB48, 0xEB69, 0xEB6B, 0xEB6C, 0xEB6D, 0xEB8F, 0xEBB0,
    0xEBB2, 0xE3B3, 0xE394, 0xE395, 0xE396, 0xE377, 0xE378, 0xE359, 0xDB5A, 0xDB5A, 0xD35B, 0xCB5B, 0xCB3B, 0xC31C, 0xBB1C, 0xB31C,
    0xE3C0, 0xE3C0, 0xE3C0, 0xE3C1, 0xE3C2, 0xE3C4, 0xEBC5, 0xE3A6, 0xE3A7, 0xEBA8, 0xEBAA, 0xEBCB, 0xE3CC, 0xE3CE, 0xE3EF, 0xE411,
    0xE432, 0xE433, 0xE414, 0xE415, 0xE416, 0xE417, 0xE3F8, 0xE3D9, 0xDBD9, 0xDBDA, 0xD3DA, 0xCBDB, 0xCBBB, 0xC39B, 0xBB7B, 0xBB7C,
    0xE420, 0xE420, 0xE421, 0xE402, 0xE423, 0xE424, 0xE405, 0xE406, 0xE407, 0xE408, 0xE40A, 0xE40B, 0xE40D, 0xE42E, 0xE42F, 0xE471,
    0xE492, 0xDC93, 0xDC94, 0xDC95, 0xDC96, 0xDC77, 0xDC78, 0xDC58, 0xDC59, 0xD45A, 0xD45A, 0xCC3B, 0xCC1B, 0xC41B, 0xBBFB, 0xBBFC,
    0xE481, 0xE461, 0xDC61, 0xDC62, 0xDC63, 0xE464, 0xE465, 0xE466, 0xDC47, 0xE448, 0xE46A, 0xE46C, 0xE46D, 0xE46E, 0xE490, 0xE4B1,
    0xDCD2, 0xDCD3, 0xDCF4, 0xDCD5, 0xDCF6, 0xDCF7, 0xDCD8, 0xDCB8, 0xDCB9, 0xD4BA, 0xD4BA, 0xCCBA, 0xCC9B, 0xC47B, 0xBC5B, 0xBC5B,
    0xDCC2, 0xDCC2, 0xDCA3, 0xDCA3, 0xDCA4, 0xDCC5, 0xDCC6, 0xDCA7, 0xDCA8, 0xDCA9, 0xDCCA, 0xDCCC, 0xDCCD, 0xDCCE, 0xDCD0, 0xDCF1,
    0xDD12, 0xD533, 0xD534, 0xD535, 0xD556, 0xD557, 0xD538, 0xDD18, 0xD519, 0xD519, 0xD51A, 0xCD1A, 0xCCFB, 0xC4DB, 0xBCDB, 0xBCDC,
    0xDD24, 0xDD24, 0xDD25, 0xDD25, 0xDD06, 0xDD27, 0xDD28, 0xDD28, 0xDD09, 0xDD2B, 0xDD2C, 0xDD2D, 0xDD2E, 0xDD50, 0xDD51, 0xDD72,
    0xD573, 0xD594, 0xD595, 0xD5B6, 0xD5B6, 0xD5B7, 0xD5B8, 0xD598, 0xD599, 0xD599, 0xCD9A, 0xCD7A, 0xCD7A, 0xC55B, 0xC55B, 0xBD3B,
    0xDD66, 0xDD66, 0xDD66, 0xDD67, 0xDD67, 0xDD68, 0xDD69, 0xDD6A, 0xDD6B, 0xDD6C, 0xDD8D, 0xDD8E, 0xDD8F, 0xD590, 0xD5B2, 0xD5B3,
    0xD5D4, 0xD5D5, 0xD5D5, 0xD5F6, 0xD5F7, 0xD5F7, 0xD5F8, 0xD5F8, 0xD5F9, 0xD5F9, 0xCDDA, 0xCDDA, 0xCDDA, 0xC5BB, 0xC59B, 0xC59B,
    0xD5A8, 0xD5A8, 0xD5A8, 0xD5A8, 0xD5A9, 0xD5AA, 0xD5AA, 0xD5AB, 0xD5AC, 0xD5CD, 0xD5CE, 0xD5CF, 0xD5D0, 0xD5D1, 0xD5D2, 0xD5F3,
    0xD5F4, 0xD5F5, 0xD616, 0xCE16, 0xCE37, 0xCE37, 0xD638, 0xD638, 0xD619, 0xD619, 0xCE1A, 0xCE1A, 0xCDFA, 0xC5FB, 0xC5FB, 0xC5DB,
    0xD5E9, 0xD5E9, 0xD5E9, 0xD5E9, 0xD5EA, 0xD5EB, 0xD5EB, 0xD5EC, 0xD5ED, 0xD5EE, 0xD60F, 0xD610, 0xD611, 0xD612, 0xCE13, 0xD614,
    0xD634, 0xCE35, 0xCE36, 0xCE56, 0xCE57, 0xCE58, 0xCE58, 0xCE58, 0xCE59, 0xCE59, 0xCE5A, 0xCE5A, 0xCE3A, 0xC63B, 0xC61B, 0xC61B,
    0xD628, 0xD628, 0xD628, 0xD629, 0xD629, 0xD62A, 0xD62B, 0xD62C, 0xD62C, 0xD62E, 0xD62F, 0xD650, 0xD631, 0xCE32, 0xCE32, 0xCE54,
    0xCE55, 0xCE55, 0xCE56, 0xCE76, 0xCE77, 0xCE78, 0xCE78, 0xCE79, 0xCE79, 0xCE79, 0xCE7A, 0xCE7A, 0xCE5A, 0xCE5A, 0xC65B, 0xC65B,
    0xD668, 0xD668, 0xD668, 0xD668, 0xD669, 0xD66A, 0xD66B, 0xD66C, 0xD66C, 0xD66D, 0xD66F, 0xD670, 0xCE71, 0xCE71, 0xCE72, 0xCE74,
    0xCE75, 0xCE75, 0xCE76, 0xCE76, 0xCE97, 0xCE98, 0xCE98, 0xCE99, 0xCE99, 0xCE99, 0xCE9A, 0xCE9A, 0xCE7A, 0xCE7A, 0xC67B, 0xC67B,
    0xD689, 0xD6A9, 0xD6A9, 0xD689, 0xD6AA, 0xD6AB, 0xD6AC, 0xCEAC, 0xCE8D, 0xCE8E, 0xCE90, 0xCE91, 0xCE91, 0xCE92, 0xCE93, 0xCEB4,
    0xCEB5, 0xCEB6, 0xCE96, 0xCE97, 0xCE97, 0xCEB8, 0xCEB8, 0xCEB9, 0xCEB9, 0xCEB9, 0xCEBA, 0xCEBA, 0xCE9A, 0xCE9A, 0xC69B, 0xC69B,
    0xCECB, 0xCECB, 0xCECB, 0xCECB, 0xCECC, 0xCECD, 0xCECD, 0xCECE, 0xCECF, 0xCED0, 0xCED1, 0xCED1, 0xCED2, 0xCED3, 0xCED4, 0xCED5,
    0xCED5, 0xCED6, 0xCED6, 0xCED7, 0xCED7, 0xCED8, 0xCED8, 0xCED9, 0xCED9, 0xCED9, 0xCEDA, 0xCEDA, 0xCEBA, 0xCEBA, 0xCEBB, 0xCEBB,
    0xCEEC, 0xCEEC, 0xCEEC, 0xCEED, 0xCEED, 0xCEED, 0xCEEE, 0xCEEF, 0xCEEF, 0xCEF0, 0xCEF1, 0xCEF2, 0xCEF2, 0xCEF3, 0xCEF4, 0xCEF5,
    0xCEF5, 0xCEF6, 0xCEF6, 0xCEF7, 0xCEF7, 0xCEF8, 0xCEF8, 0xCEF9, 0xCEF9, 0xCEF9, 0xCEFA, 0xCEDA, 0xCEDA, 0xCEDA, 0xCEDB, 0xCEDB,
    0xCF0D, 0xC70D, 0xC70D, 0xC70D, 0xCEEE, 0xCEEE, 0xCEEF, 0xCEF0, 0xCF10, 0xCF11, 0xCEF2, 0xCEF2, 0xCEF3, 0xCEF4, 0xCEF4, 0xCEF5,
    0xCEF6, 0xCEF6, 0xCEF6, 0xCEF7, 0xCEF7, 0xCEF8, 0xCF18, 0xCEF8, 0xCEF9, 0xCEF9, 0xCEFA, 0xCEFA, 0xCEFA, 0xCEFA, 0xCEFB, 0xC6FB,
    0xC70E, 0xC70E, 0xC70E, 0xC70E, 0xC70F, 0xC70F, 0xC710, 0xC710, 0xC711, 0xC712, 0xC712, 0xC713, 0xC713, 0xCF14, 0xCF15, 0xCF15,
    0xCF16, 0xCF16, 0xCF17, 0xCF17, 0xCF17, 0xCF18, 0xCF18, 0xCF18, 0xCF19, 0xCF19, 0xCF1A, 0xCF1A, 0xCF1A, 0xCF1A, 0xCF1B, 0xCEFB,
    0xC730, 0xC730, 0xC730, 0xC730, 0xC730, 0xC730, 0xC731, 0xC731, 0xC731, 0xC732, 0xC733, 0xC733, 0xC734, 0xC734, 0xC735, 0xC735,
    0xCF36, 0xCF16, 0xCF37, 0xCF17, 0xCF17, 0xCF18, 0xCF38, 0xCF18, 0xCF19, 0xCF19, 0xCF19, 0xCF1A, 0xCF1A, 0xCF1A, 0xCF1A, 0xCF1B,
    0xC751, 0xC731, 0xC731, 0xC731, 0xC751, 0xC731, 0xC732, 0xC732, 0xC733, 0xC733, 0xC733, 0xC734, 0xC734, 0xC735, 0xC735, 0xC735,
    0xC736, 0xCF36, 0xCF37, 0xCF37, 0xC737, 0xC738, 0xCF38, 0xCF38, 0xCF39, 0xCF39, 0xCF39, 0xCF3A, 0xCF3A, 0xCF3A, 0xCF3A, 0xCF3A,
    0xF000, 0xF000, 0xF000, 0xF001, 0xF001, 0xF002, 0xF003, 0xF004, 0xF005, 0xF006, 0xF008, 0xF00A, 0xF00C, 0xF00D, 0xF00F, 0xF010,
    0xF011, 0xF013, 0xF014, 0xF015, 0xF016, 0xF017, 0xF018, 0xF019, 0xF01A, 0xE81A, 0xD81B, 0xD81B, 0xD01C, 0xC81C, 0xC01C, 0xB81C,
    0xF000, 0xF000, 0xF000, 0xF001, 0xF001, 0xF002, 0xF003, 0xF004, 0xF005, 0xF006, 0xF008, 0xF00A, 0xF00C, 0xF00D, 0xF00F, 0xF010,
    0xF011, 0xF013, 0xF014, 0xF015, 0xF016, 0xF017, 0xF018, 0xF019, 0xE81A, 0xE01A, 0xD81B, 0xD81B, 0xD01B, 0xC81C, 0xC01C, 0xB81C,
    0xF000, 0xF000, 0xF000, 0xF001, 0xF002, 0xF002, 0xF003, 0xF004, 0xF005, 0xF006, 0xF008, 0xF009, 0xF00C, 0xF00D, 0xF00F, 0xF010,
    0xF012, 0xF013, 0xF014, 0xF015, 0xF016, 0xF017, 0xF018, 0xF019, 0xE81A, 0xE01A, 0xD81B, 0xD81B, 0xD01B, 0xC81C, 0xC01C, 0xB81C,
    0xF000, 0xF000, 0xF000, 0xF001, 0xF001, 0xF002, 0xF003, 0xF004, 0xF005, 0xF006, 0xF007, 0xF009, 0xF00B, 0xF00D, 0xF00E, 0xF010,
    0xF012, 0xF013, 0xF014, 0xF015, 0xF016, 0xF017, 0xF018, 0xF019, 0xE81A, 0xE01A, 0xD81B, 0xD81B, 0xD01B, 0xC81C, 0xC01C, 0xC01C,
    0xF000, 0xF000, 0xE800, 0xE800, 0xE801, 0xF002, 0xF003, 0xF004, 0xF004, 0xF005, 0xF007, 0xF009, 0xF00B, 0xF00C, 0xF00E, 0xF010,
    0xF011, 0xF012, 0xF014, 0xF015, 0xF016, 0xF017, 0xF018, 0xF019, 0xE81A, 0xE01A, 0xD81A, 0xD01B, 0xD01B, 0xC81C, 0xC01C, 0xC01C,
    0xE880, 0xE860, 0xE840, 0xE801, 0xE801, 0xE802, 0xF003, 0xF004, 0xF004, 0xF005, 0xF007, 0xF009, 0xF00B, 0xF00C, 0xF00E, 0xF00F,
    0xF011, 0xF013, 0xF014, 0xF015, 0xF016, 0xF017, 0xF018, 0xE819, 0xE81A, 0xE01A, 0xD81A, 0xD01B, 0xD01B, 0xC81B, 0xC01C, 0xC01C,
    0xF100, 0xF0E0, 0xF0C0, 0xF080, 0xF061, 0xF022, 0xF003, 0xF004, 0xF005, 0xF006, 0xF007, 0xF009, 0xF00B, 0xF00D, 0xF00E, 0xF010,
    0xF011, 0xF013, 0xF014, 0xF015, 0xF016, 0xF017, 0xF018, 0xF019, 0xE81A, 0xE01A, 0xE01B, 0xD81B, 0xD01B, 0xC81C, 0xC01C, 0xC01C,
    0xF160, 0xF140, 0xF140, 0xF120, 0xF0E1, 0xF0A2, 0xF063, 0xF024, 0xF005, 0xF006, 0xF007, 0xF009, 0xF80B, 0xF00C, 0xF00E, 0xF010,
    0xF011, 0xF013, 0xF014, 0xF015, 0xF016, 0xF017, 0xF018, 0xF019, 0xE81A, 0xE81A, 0xE01B, 0xD81B, 0xD01B, 0xC81C, 0xC01C, 0xC01C,
    0xF1A0, 0xF1A0, 0xF1A0, 0xF180, 0xF161, 0xF142, 0xF103, 0xF0A4, 0xF045, 0xF026, 0xF007, 0xF009, 0xF00A, 0xF00C, 0xF00E, 0xF00F,
    0xF011, 0xF012, 0xF014, 0xF015, 0xF016, 0xF017, 0xF018, 0xF019, 0xE81A, 0xE81A, 0xE01B, 0xD81B, 0xD01B, 0xC81C, 0xC01C, 0xC01C,
    0xF200, 0xF200, 0xF200, 0xF1E0, 0xF1C1, 0xF1C2, 0xF1A3, 0xF164, 0xF125, 0xF0C6, 0xF067, 0xF009, 0xF00A, 0xF00C, 0xF00D, 0xF00F,
    0xF011, 0xF012, 0xF013, 0xF015, 0xF016, 0xF017, 0xF018, 0xF019, 0xE81A, 0xE81A, 0xE01B, 0xD81B, 0xD01B, 0xC81C, 0xC01C, 0xB81C,
    0xEA40, 0xEA40, 0xEA40, 0xEA20, 0xEA21, 0xF202, 0xF203, 0xF1E4, 0xF1A5, 0xF166, 0xF147, 0xF109, 0xF0CA, 0xF0AC, 0xF06D, 0xF08F,
    0xF0B1, 0xF092, 0xF033, 0xF014, 0xF016, 0xF037, 0xF018, 0xF019, 0xE81A, 0xE01A, 0xD83A, 0xD87B, 0xD07B, 0xC89C, 0xC0BC, 0xB8DC,
    0xEA80, 0xEA80, 0xEA80, 0xEA60, 0xEA61, 0xEA62, 0xF243, 0xF244, 0xF225, 0xF206, 0xF1E8, 0xF1C9, 0xF18A, 0xF16B, 0xF12D, 0xF14F,
    0xF170, 0xF152, 0xF113, 0xF0D4, 0xF0D6, 0xF0F7, 0xF0B8, 0xE8B9, 0xE89A, 0xE0BA, 0xD8FB, 0xD91B, 0xD11B, 0xC93C, 0xC15C, 0xB97C,
    0xEAE0, 0xEAC0, 0xEAC0, 0xEAC0, 0xEAC1, 0xEAA2, 0xEAA3, 0xF2A4, 0xF285, 0xEA66, 0xF268, 0xF249, 0xF24B, 0xF22C, 0xF22D, 0xF22F,
    0xF251, 0xF232, 0xEA13, 0xE9F4, 0xE9F6, 0xF1F7, 0xE9D8, 0xE9B9, 0xE9BA, 0xE1BA, 0xD9DB, 0xD1FB, 0xD1FB, 0xC9FB, 0xC1FC, 0xB9FC,
    0xF320, 0xF320, 0xF320, 0xF320, 0xEB22, 0xF323, 0xF304, 0xF305, 0xF306, 0xF2E7, 0xF2E9, 0xF2EA, 0xF2EC, 0xF2ED, 0xF30F, 0xF330,
    0xF331, 0xF332, 0xEB14, 0xEB15, 0xEB16, 0xEAF7, 0xEAF8, 0xEAD9, 0xEABA, 0xE2BA, 0xDADA, 0xD2DB, 0xD2DB, 0xCABB, 0xC2BC, 0xC2BC,
    0xEB80, 0xEB60, 0xEB60, 0xEB61, 0xEB62, 0xF363, 0xF364, 0xF345, 0xF347, 0xF348, 0xF349, 0xF34B, 0xF36C, 0xF36D, 0xEB8F, 0xEBB0,
    0xEBD2, 0xEBB3, 0xEBB4, 0xEB95, 0xEB96, 0xEB97, 0xEB78, 0xEB79, 0xE35A, 0xE35A, 0xDB7A, 0xD35B, 0xD35B, 0xCB3B, 0xC33C, 0xC33C,
    0xEBC0, 0xEBC1, 0xEBC1, 0xEBA2, 0xEBA3, 0xEBA4, 0xEBA5, 0xEBA6, 0xEBA7, 0xEBA8, 0xEBAA, 0xEBCB, 0xEBCD, 0xEBCE, 0xEBEF, 0xEC11,
    0xEC32, 0xEC53, 0xEC34, 0xEC35, 0xE436, 0xE417, 0xE418, 0xE3F8, 0xE3D9, 0xE3DA, 0xDBFA, 0xD3DB, 0xD3DB, 0xCBBB, 0xCBBC, 0xC39C,
    0xEC01, 0xEC01, 0xEC02, 0xEC02, 0xEC03, 0xEC04, 0xEC06, 0xEC06, 0xEBE7, 0xEBE9, 0xEC0A, 0xEC0C, 0xEC2D, 0xEC2E, 0xEC30, 0xE451,
    0xE492, 0xE493, 0xE494, 0xE495, 0xE496, 0xE497, 0xE478, 0xE478, 0xE459, 0xDC5A, 0xDC5A, 0xD45B, 0xD43B, 0xCC3B, 0xCC3B, 0xC41C,
    0xEC62, 0xE462, 0xE462, 0xE443, 0xEC44, 0xEC45, 0xEC66, 0xE447, 0xE448, 0xEC49, 0xEC4A, 0xEC6C, 0xEC6D, 0xE46E, 0xE470, 0xE4B1,
    0xE4D2, 0xE4F3, 0xDCF4, 0xDCF5, 0xDCF6, 0xDCF7, 0xDCF8, 0xE4D8, 0xE4B9, 0xDCBA, 0xDCBA, 0xD4BA, 0xD4BB, 0xCC9B, 0xCC9B, 0xC49B,
    0xE4A3, 0xE4A3, 0xE4A3, 0xE4A4, 0xE4A4, 0xE4A5, 0xE4A6, 0xE4A7, 0xE488, 0xE489, 0xE4AB, 0xE4AC, 0xE4AD, 0xE4AF, 0xE4D0, 0xE4F1,
    0xDD12, 0xDD33, 0xDD34, 0xDD35, 0xDD56, 0xDD57, 0xDD57, 0xDD38, 0xDD19, 0xDD19, 0xD51A, 0xD51A, 0xCCFA, 0xCCFB, 0xC4FB, 0xC4FC,
    0xE505, 0xE505, 0xE505, 0xE506, 0xE506, 0xE507, 0xE508, 0xE509, 0xE50A, 0xE50B, 0xE52D, 0xE52E, 0xE52F, 0xE530, 0xDD51, 0xDD52,
    0xDD73, 0xDD94, 0xDD95, 0xDD96, 0xD5B6, 0xD5B7, 0xD5B8, 0xDD98, 0xDD99, 0xD599, 0xD59A, 0xD59A, 0xD57A, 0xCD7B, 0xCD5B, 0xC55C,
    0xE567, 0xE567, 0xE567, 0xE547, 0xE548, 0xE569, 0xE56A, 0xE54A, 0xE56B, 0xE56C, 0xDD6E, 0xDD6F, 0xDD90, 0xDD91, 0xDD92, 0xDDB3,
    0xDDB4, 0xDDD5, 0xD5D5, 0xD5F6, 0xD5F7, 0xD5F7, 0xD5F8, 0xD5F8, 0xD5F9, 0xD5F9, 0xD5FA, 0xD5DA, 0xD5DA, 0xCDDB, 0xCDBB, 0xC5BB,
    0xDDA8, 0xDDA8, 0xDDA8, 0xDDA9, 0xDDA9, 0xDDAA, 0xDDAB, 0xDDAB, 0xDDAC, 0xDDAD, 0xDDAE, 0xDDCF, 0xDDD0, 0xDDD1, 0xDDD2, 0xD5F3,
    0xD5F4, 0xD5F5, 0xD616, 0xD616, 0xD617, 0xD638, 0xD638, 0xD638, 0xD639, 0xD619, 0xD61A, 0xD61A, 0xD61A, 0xCE1B, 0xCDFB, 0xC5FB,
    0xDDEA, 0xDDEA, 0xDDEA, 0xDDEA, 0xDDEB, 0xDDEB, 0xDDEC, 0xDDEC, 0xDDED, 0xDDEE, 0xDDEF, 0xD5F0, 0xD5F1, 0xD612, 0xD613, 0xD614,
    0xD614, 0xD635, 0xD636, 0xD636, 0xD657, 0xD658, 0xD658, 0xD659, 0xD659, 0xD659, 0xD65A, 0xD63A, 0xCE3A, 0xCE3A, 0xCE3B, 0xCE3B,
    0xD62B, 0xD60A, 0xD60A, 0xD60A, 0xD60B, 0xD62C, 0xD62D, 0xD62D, 0xD62E, 0xD62F, 0xD630, 0xD631, 0xD632, 0xD632, 0xD633, 0xD654,
    0xD655, 0xD655, 0xD656, 0xCE56, 0xCE77, 0xD678, 0xD678, 0xD678, 0xD679, 0xD679, 0xD67A, 0xD67A, 0xCE7A, 0xCE5A, 0xCE5B, 0xCE5B,
    0xD64A, 0xD64A, 0xD64A, 0xD64A, 0xD64B, 0xD64C, 0xD64D, 0xD64D, 0xD64E, 0xD64F, 0xD650, 0xD671, 0xD672, 0xD672, 0xD673, 0xD674,
    0xD675, 0xD676, 0xCE76, 0xCE76, 0xCE97, 0xCE98, 0xCE98, 0xCE98, 0xCE99, 0xD699, 0xD69A, 0xD69A, 0xCE9A, 0xCE7A, 0xCE7B, 0xCE7B,
    0xD68B, 0xD68B, 0xD68B, 0xD68B, 0xD68C, 0xD68D, 0xD68D, 0xD68E, 0xD68E, 0xD68F, 0xD690, 0xD691, 0xD692, 0xD693, 0xD694, 0xD695,
    0xD695, 0xCE96, 0xCE96, 0xCE97, 0xCE97, 0xCEB8, 0xCEB8, 0xCEB9, 0xCEB9, 0xD6B9, 0xD6BA, 0xCEBA, 0xCEBA, 0xCE9A, 0xCE9B, 0xCE9B,
    0xD6CC, 0xD6CC, 0xD6CD, 0xD6CD, 0xD6CD, 0xD6AE, 0xD6AE, 0xD6CF, 0xD6D0, 0xD6D1, 0xD6D1, 0xD6D2, 0xD6B3, 0xD6B3, 0xD6B5, 0xD6B5,
    0xD6D6, 0xD6D6, 0xD6D7, 0xD6D7, 0xCED8, 0xCED8, 0xCED8, 0xCED9, 0xCED9, 0xCED9, 0xD6DA, 0xCEDA, 0xD6DA, 0xCEDA, 0xCEBB, 0xCEBB,
    0xD6ED, 0xD6EE, 0xD6EE, 0xD6EE, 0xD6EE, 0xD6CF, 0xD6EF, 0xD6D0, 0xD6D1, 0xD6F1, 0xD6F2, 0xD6D3, 0xD6D3, 0xD6F4, 0xD6D5, 0xD6F5,
    0xD6F6, 0xCEF6, 0xD6F7, 0xD6F7, 0xD6F8, 0xD6F8, 0xCEF8, 0xCED9, 0xCED9, 0xCEF9, 0xD6FA, 0xD6FA, 0xCEFA, 0xCEDA, 0xCEDB, 0xCEDB,
    0xCEEF, 0xCEEF, 0xCEEF, 0xCF0F, 0xCEEF, 0xCEF0, 0xCEF0, 0xCEF1, 0xCEF1, 0xCEF2, 0xCEF2, 0xCEF3, 0xCEF4, 0xCEF4, 0xCEF5, 0xCEF5,
    0xCEF6, 0xCEF6, 0xD6F7, 0xD6F7, 0xD6F8, 0xCEF8, 0xCEF8, 0xCEF9, 0xCEF9, 0xCEF9, 0xCF1A, 0xCF1A, 0xCEFA, 0xCEFA, 0xCEFB, 0xCEFB,
    0xCF10, 0xCF10, 0xCF10, 0xCF10, 0xCF10, 0xCF11, 0xCF11, 0xCF11, 0xCF12, 0xCF12, 0xCF13, 0xCF13, 0xCF14, 0xCF14, 0xCF15, 0xCF16,
    0xCF16, 0xCF17, 0xCF17, 0xCF17, 0xCF17, 0xCF18, 0xCF19, 0xCF19, 0xCF19, 0xCF19, 0xCF1A, 0xCF1A, 0xD71A, 0xCF1A, 0xCF1B, 0xCF1B,
    0xCF31, 0xCF31, 0xCF11, 0xCF31, 0xCF31, 0xCF12, 0xCF12, 0xCF32, 0xCF32, 0xCF33, 0xCF33, 0xCF14, 0xCF14, 0xCF15, 0xCF36, 0xCF16,
    0xCF16, 0xCF17, 0xCF17, 0xCF17, 0xCF17, 0xCF18, 0xCF39, 0xCF19, 0xCF19, 0xCF19, 0xCF1A, 0xD71A, 0xD71A, 0xCF1A, 0xCF1B, 0xCF1B,
    0xCF32, 0xCF32, 0xCF32, 0xCF32, 0xCF32, 0xCF33, 0xCF33, 0xCF33, 0xCF33, 0xCF34, 0xCF34, 0xCF34, 0xCF35, 0xCF35, 0xCF36, 0xCF36,
    0xCF36, 0xCF37, 0xCF37, 0xCF37, 0xCF38, 0xCF38, 0xCF38, 0xCF39, 0xCF39, 0xCF39, 0xCF3A, 0xD73A, 0xD73A, 0xD73A, 0xD73A, 0xD73B,
    0xF000, 0xF000, 0xF000, 0xF001, 0xF002, 0xF002, 0xF003, 0xF804, 0xF804, 0xF006, 0xF808, 0xF009, 0xF00B, 0xF00D, 0xF00F, 0xF010,
    0xF011, 0xF012, 0xF014, 0xF015, 0xF016, 0xF017, 0xF018, 0xF019, 0xF01A, 0xF01A, 0xE81B, 0xE01B, 0xD81B, 0xD01C, 0xD01C, 0xC81C,
    0xF000, 0xF000, 0xF000, 0xF001, 0xF002, 0xF002, 0xF003, 0xF804, 0xF005, 0xF006, 0xF807, 0xF809, 0xF80B, 0xF80D, 0xF00E, 0xF010,
    0xF011, 0xF012, 0xF014, 0xF015, 0xF016, 0xF017, 0xF018, 0xF019, 0xF01A, 0xF01A, 0xE81B, 0xE01B, 0xD81B, 0xD01C, 0xD01C, 0xC81C,
    0xF000, 0xF000, 0xF000, 0xF001, 0xF001, 0xF002, 0xF803, 0xF804, 0xF805, 0xF806, 0xF807, 0xF009, 0xF00B, 0xF00D, 0xF00E, 0xF810,
    0xF811, 0xF012, 0xF014, 0xF015, 0xF016, 0xF017, 0xF018, 0xF019, 0xF01A, 0xF01A, 0xE81B, 0xE01B, 0xD81B, 0xD01C, 0xD01C, 0xC81C,
    0xF000, 0xF000, 0xF000, 0xF001, 0xF001, 0xF802, 0xF803, 0xF804, 0xF805, 0xF806, 0xF007, 0xF009, 0xF00B, 0xF00D, 0xF00E, 0xF810,
    0xF811, 0xF012, 0xF013, 0xF015, 0xF016, 0xF017, 0xF018, 0xF019, 0xF01A, 0xF01A, 0xE81B, 0xE01B, 0xD81B, 0xD01C, 0xD01C, 0xC81C,
    0xF000, 0xF000, 0xF000, 0xF000, 0xF001, 0xF002, 0xF003, 0xF004, 0xF005, 0xF005, 0xF007, 0xF008, 0xF00A, 0xF00C, 0xF00E, 0xF80F,
    0xF811, 0xF012, 0xF013, 0xF014, 0xF016, 0xF017, 0xF018, 0xF019, 0xF01A, 0xF01A, 0xE81B, 0xE01B, 0xD81B, 0xD01C, 0xD01C, 0xC81C,
    0xF060, 0xF040, 0xF000, 0xF000, 0xF001, 0xF002, 0xF003, 0xF004, 0xF004, 0xF005, 0xF007, 0xF808, 0xF80A, 0xF00C, 0xF00E, 0xF00F,
    0xF011, 0xF012, 0xF013, 0xF014, 0xF016, 0xF017, 0xF018, 0xF019, 0xF01A, 0xE81A, 0xE81B, 0xE01B, 0xD81B, 0xD01B, 0xD01C, 0xC81C,
    0xF0E0, 0xF0C0, 0xF0A0, 0xF080, 0xF041, 0xF002, 0xF003, 0xF004, 0xF005, 0xF006, 0xF007, 0xF809, 0xF80A, 0xF80C, 0xF00E, 0xF00F,
    0xF011, 0xF012, 0xF013, 0xF014, 0xF016, 0xF017, 0xF018, 0xF019, 0xF01A, 0xF01A, 0xE81B, 0xE01B, 0xD81B, 0xD01C, 0xD01C, 0xC81C,
    0xF140, 0xF120, 0xF120, 0xF100, 0xF0C1, 0xF082, 0xF063, 0xF824, 0xF805, 0xF006, 0xF007, 0xF809, 0xF80A, 0xF80C, 0xF80E, 0xF80F,
    0xF811, 0xF812, 0xF013, 0xF014, 0xF016, 0xF017, 0xF018, 0xF019, 0xF01A, 0xF01A, 0xE81B, 0xE01B, 0xD81B, 0xD01C, 0xD01C, 0xC81C,
    0xF1A0, 0xF180, 0xF180, 0xF160, 0xF161, 0xF122, 0xF103, 0xF084, 0xF825, 0xF826, 0xF807, 0xF809, 0xF80A, 0xF80C, 0xF80D, 0xF80F,
    0xF811, 0xF012, 0xF013, 0xF014, 0xF016, 0xF017, 0xF018, 0xF019, 0xF01A, 0xF01A, 0xE81B, 0xE01B, 0xD81B, 0xD01C, 0xC81C, 0xC81C,
    0xF200, 0xF1E0, 0xF1E0, 0xF1C0, 0xF1C1, 0xF1A2, 0xF183, 0xF144, 0xF925, 0xF0C6, 0xF868, 0xF829, 0xF80A, 0xF80C, 0xF00D, 0xF00F,
    0xF011, 0xF012, 0xF013, 0xF014, 0xF015, 0xF016, 0xF018, 0xF019, 0xF01A, 0xF01A, 0xE81B, 0xE01B, 0xD81B, 0xD01C, 0xD01C, 0xC81C,
    0xF240, 0xF220, 0xF220, 0xF220, 0xF201, 0xF202, 0xF1E3, 0xF1C4, 0xF1A5, 0xF166, 0xF148, 0xF909, 0xF8EA, 0xF8AC, 0xF08D, 0xF0AF,
    0xF0D1, 0xF0B2, 0xF073, 0xF054, 0xF055, 0xF076, 0xF057, 0xF018, 0xF01A, 0xE81A, 0xE83B, 0xE07B, 0xD87B, 0xD09C, 0xC8BC, 0xC8FC,
    0xF280, 0xF280, 0xF280, 0xF260, 0xF261, 0xF262, 0xF243, 0xF224, 0xF205, 0xF1E6, 0xF1C8, 0xF1C9, 0xF1AA, 0xF16B, 0xF14D, 0xF16F,
    0xF190, 0xF172, 0xF133, 0xF114, 0xF115, 0xF136, 0xF117, 0xF0D8, 0xF0B9, 0xE8BA, 0xE8DB, 0xE11B, 0xD93B, 0xD13C, 0xC97C, 0xC99C,
    0xF2C0, 0xF2C0, 0xF2C0, 0xF2C0, 0xF2A1, 0xF2A2, 0xF2A3, 0xF284, 0xF285, 0xF266, 0xF268, 0xF249, 0xF24B, 0xF24C, 0xF22D, 0xF24F,
    0xF270, 0xF252, 0xF233, 0xF214, 0xF215, 0xF236, 0xF217, 0xF1D8, 0xF1B9, 0xE9BA, 0xE9DA, 0xE1FB, 0xD9FB, 0xD1FB, 0xCA1C, 0xCA3C,
    0xF320, 0xF320, 0xF300, 0xF301, 0xF302, 0xF303, 0xF304, 0xF305, 0xF2E6, 0xF2E8, 0xF2E9, 0xF2EA, 0xF30C, 0xF30D, 0xF32F, 0xF350,
    0xF351, 0xF352, 0xF333, 0xF334, 0xF336, 0xF337, 0xF317, 0xF2F8, 0xF2D9, 0xEADA, 0xEAFA, 0xE2DB, 0xDADB, 0xD2DB, 0xD2DC, 0xCADC,
    0xF360, 0xF360, 0xF361, 0xF362, 0xF362, 0xF364, 0xF345, 0xF346, 0xF347, 0xF348, 0xF34A, 0xF34B, 0xF36C, 0xF36E, 0xF38F, 0xF3B0,
    0xF3D2, 0xF3D3, 0xEBD4, 0xEBB5, 0xEBB6, 0xEBB7, 0xEB97, 0xEB98, 0xEB79, 0xEB7A, 0xE37A, 0xE37B, 0xDB5B, 0xD35B, 0xD35C, 0xCB5C,
    0xF3A1, 0xF3A1, 0xF3A2, 0xF3A2, 0xF3A3, 0xF3A4, 0xF3A5, 0xF3A6, 0xF3A7, 0xF3A9, 0xF3AA, 0xF3AC, 0xF3CD, 0xF3CE, 0xF3EF, 0xEC11,
    0xEC32, 0xEC53, 0xEC54, 0xEC35, 0xEC36, 0xEC37, 0xEC17, 0xEC18, 0xEBF9, 0xE3FA, 0xE3FA, 0xDBDB, 0xDBDB, 0xD3DB, 0xD3DC, 0xCBDC,
    0xF402, 0xF402, 0xEBE2, 0xEBE3, 0xF3E4, 0xF3E5, 0xF3E6, 0xF3E7, 0xF3E8, 0xF3E9, 0xF40A, 0xF40C, 0xF40D, 0xEC2E, 0xEC30, 0xEC71,
    0xEC92, 0xECB3, 0xE4B4, 0xE4B5, 0xE4B6, 0xE4B7, 0xE497, 0xE478, 0xE479, 0xE47A, 0xE47A, 0xDC5B, 0xDC5B, 0xD43B, 0xD43B, 0xCC5C,
    0xEC42, 0xEC43, 0xEC43, 0xEC43, 0xEC44, 0xEC45, 0xEC46, 0xEC47, 0xEC28, 0xEC29, 0xEC4B, 0xEC4C, 0xEC6D, 0xEC6E, 0xEC70, 0xE4B1,
    0xE4D3, 0xE4F3, 0xE4F4, 0xE4F5, 0xE4F6, 0xE517, 0xE4F7, 0xE4D8, 0xE4D9, 0xE4D9, 0xDCDA, 0xDCDA, 0xD4BB, 0xD4BB, 0xD4BB, 0xCCBC,
    0xECA3, 0xEC84, 0xEC84, 0xEC84, 0xEC85, 0xEC86, 0xEC87, 0xEC88, 0xEC89, 0xEC8A, 0xEC8B, 0xECAD, 0xECAE, 0xE4AF, 0xE4D0, 0xE4F1,
    0xE512, 0xE513, 0xE534, 0xE555, 0xE556, 0xE557, 0xDD57, 0xE538, 0xDD39, 0xDD39, 0xDD3A, 0xDD1A, 0xD51B, 0xD51B, 0xCD1B, 0xCD1C,
    0xED06, 0xED06, 0xED06, 0xECE6, 0xECE7, 0xED08, 0xED09, 0xECEA, 0xED0A, 0xED0B, 0xED0D, 0xE50E, 0xE52F, 0xE530, 0xE531, 0xE552,
    0xE574, 0xDD94, 0xDD95, 0xDDB6, 0xDDB6, 0xDDB7, 0xDDB8, 0xDDB8, 0xDD99, 0xDD99, 0xDD9A, 0xDD9A, 0xD59A, 0xD57B, 0xCD7B, 0xCD7B,
    0xED47, 0xED47, 0xED48, 0xED48, 0xE549, 0xE549, 0xE54A, 0xE54B, 0xE54C, 0xE54D, 0xE56E, 0xE56F, 0xE570, 0xE591, 0xE592, 0xDDB3,
    0xDDB4, 0xDDD5, 0xDDD6, 0xDDF6, 0xDDF7, 0xD617, 0xDE18, 0xDDF8, 0xDDF9, 0xDDF9, 0xDDFA, 0xD5FA, 0xD5DA, 0xD5DB, 0xD5DB, 0xCDDB,
    0xE5A9, 0xE589, 0xE589, 0xE589, 0xE58A, 0xE5AB, 0xE5AB, 0xE5AC, 0xE5AD, 0xE5AE, 0xE5AF, 0xE5B0, 0xDDD1, 0xDDD2, 0xDDD3, 0xDDF4,
    0xDDF5, 0xDDF5, 0xDE16, 0xDE16, 0xD637, 0xD638, 0xD638, 0xD638, 0xD639, 0xD639, 0xD63A, 0xD61A, 0xD61A, 0xD61A, 0xD61B, 0xCE1B,
    0xE5EA, 0xE5CA, 0xE5CA, 0xE5CB, 0xDDCB, 0xDDEC, 0xDDEC, 0xDDED, 0xDDEE, 0xDDEF, 0xDDF0, 0xDDF1, 0xDDF1, 0xDE12, 0xDE13, 0xDE14,
    0xDE35, 0xD636, 0xD636, 0xD637, 0xD637, 0xD658, 0xD658, 0xD658, 0xD659, 0xD659, 0xD65A, 0xD65A, 0xD65A, 0xD63A, 0xD63B, 0xCE3B,
    0xDE0C, 0xDE0C, 0xDE0B, 0xDE0C, 0xDE0C, 0xDE2D, 0xDE0D, 0xDE0E, 0xDE0F, 0xDE0F, 0xDE30, 0xDE31, 0xD632, 0xD632, 0xD633, 0xD654,
    0xD655, 0xD655, 0xD656, 0xD656, 0xD677, 0xD678, 0xD678, 0xD678, 0xD679, 0xD679, 0xD67A, 0xD67A, 0xD67A, 0xD67A, 0xD67B, 0xCE5B,
    0xDE4C, 0xDE4C, 0xDE4C, 0xDE4C, 0xDE4D, 0xDE4D, 0xDE4E, 0xDE4E, 0xD64F, 0xD650, 0xD651, 0xD652, 0xD652, 0xD653, 0xD674, 0xD674,
    0xD675, 0xD676, 0xD676, 0xD677, 0xD697, 0xD698, 0xD698, 0xD698, 0xD699, 0xD699, 0xD69A, 0xD69A, 0xD69A, 0xD69A, 0xD69B, 0xCE7B,
    0xDE8D, 0xDE8D, 0xDE8D, 0xDE6D, 0xDE6D, 0xDE6E, 0xD68F, 0xD68F, 0xD690, 0xD691, 0xD691, 0xD692, 0xD693, 0xD693, 0xD694, 0xD695,
    0xD696, 0xD696, 0xD696, 0xD6B7, 0xD6B8, 0xD6B8, 0xD6B8, 0xD6B9, 0xD6B9, 0xD6B9, 0xD6BA, 0xD6BA, 0xD6BA, 0xD6BA, 0xD69B, 0xD69B,
    0xD6CE, 0xD6AE, 0xD6AE, 0xD6AE, 0xD6AF, 0xD6AF, 0xD6B0, 0xD6B0, 0xD6B1, 0xD6B2, 0xD6B2, 0xD6B3, 0xD6B4, 0xD6B4, 0xD6B5, 0xD6B6,
    0xD6B6, 0xD6B6, 0xD6D7, 0xD6D7, 0xD6D8, 0xD6D8, 0xD6D8, 0xCED9, 0xD6D9, 0xD6D9, 0xD6DA, 0xD6DA, 0xD6DA, 0xD6DA, 0xD6BB, 0xD6BB,
    0xD6EF, 0xD6CF, 0xD6CF, 0xD6CF, 0xD6F0, 0xD6F0, 0xD6F1, 0xD6D1, 0xD6D1, 0xD6D2, 0xD6D3, 0xD6D3, 0xD6D4, 0xD6D5, 0xD6D5, 0xD6D6,
    0xD6D6, 0xD6F6, 0xD6F7, 0xD6D7, 0xD6D8, 0xD6D8, 0xD6D8, 0xD6D9, 0xD6F9, 0xD6F9, 0xD6FA, 0xD6FA, 0xD6FA, 0xD6FA, 0xD6DA, 0xD6DB,
    0xD6F0, 0xD6F0, 0xD6F0, 0xD6F0, 0xD6F1, 0xD6F1, 0xD6F1, 0xD6F1, 0xD6F2, 0xD6F3, 0xD6F3, 0xD6F4, 0xD6F4, 0xD6F5, 0xD6F5, 0xD6F6,
    0xD6F6, 0xD6F7, 0xD6F7, 0xD6F7, 0xD6F8, 0xD6F8, 0xD6F8, 0xD6F9, 0xD6F9, 0xD6F9, 0xD6FA, 0xD6FA, 0xD6FA, 0xD6FA, 0xD6FB, 0xD6FB,
    0xD711, 0xD711, 0xD711, 0xD711, 0xD711, 0xD712, 0xD712, 0xD712, 0xD713, 0xD713, 0xD714, 0xD714, 0xD715, 0xD715, 0xD715, 0xD716,
    0xD716, 0xD717, 0xD717, 0xD717, 0xD718, 0xD718, 0xD718, 0xD719, 0xD719, 0xD719, 0xD71A, 0xD71A, 0xD71A, 0xD71A, 0xD71B, 0xD6FB,
    0xCF32, 0xCF12, 0xCF12, 0xCF12, 0xCF32, 0xD713, 0xD713, 0xD713, 0xD713, 0xCF14, 0xD714, 0xD715, 0xD715, 0xCF15, 0xD716, 0xD716,
    0xD717, 0xD717, 0xD717, 0xD717, 0xD718, 0xD718, 0xD719, 0xD719, 0xD719, 0xD719, 0xD71A, 0xD71A, 0xD71A, 0xD71A, 0xD71B, 0xD71B,
    0xCF33, 0xCF33, 0xCF33, 0xCF33, 0xCF34, 0xCF34, 0xD734, 0xD734, 0xD735, 0xCF35, 0xCF35, 0xCF35, 0xCF35, 0xCF36, 0xD736, 0xCF36,
    0xD737, 0xD737, 0xD737, 0xD738, 0xD738, 0xD738, 0xD739, 0xD739, 0xD739, 0xD739, 0xD73A, 0xD73A, 0xD73A, 0xD73A, 0xD73A, 0xD73A,
    0xF800, 0xF000, 0xF800, 0xF801, 0xF802, 0xF002, 0xF803, 0xF804, 0xF805, 0xF006, 0xF807, 0xF809, 0xF80B, 0xF80C, 0xF80E, 0xF810,
    0xF811, 0xF812, 0xF813, 0xF015, 0xF016, 0xF817, 0xF818, 0xF819, 0xF01A, 0xF01A, 0xF01B, 0xE81B, 0xE01B, 0xE01C, 0xD81C, 0xD01C,
    0xF000, 0xF000, 0xF800, 0xF801, 0xF802, 0xF002, 0xF803, 0xF804, 0xF005, 0xF806, 0xF807, 0xF809, 0xF80B, 0xF00D, 0xF80E, 0xF810,
    0xF811, 0xF812, 0xF813, 0xF815, 0xF016, 0xF017, 0xF818, 0xF819, 0xF819, 0xF01A, 0xF01B, 0xE81B, 0xE01C, 0xE01C, 0xD81C, 0xD01C,
    0xF000, 0xF000, 0xF800, 0xF801, 0xF801, 0xF002, 0xF803, 0xF804, 0xF805, 0xF806, 0xF807, 0xF009, 0xF00B, 0xF00C, 0xF80E, 0xF810,
    0xF811, 0xF812, 0xF813, 0xF814, 0xF816, 0xF016, 0xF818, 0xF019, 0xF01A, 0xF01A, 0xF01B, 0xE81B, 0xE01B, 0xE01C, 0xD81C, 0xD01C,
    0xF000, 0xF000, 0xF800, 0xF801, 0xF801, 0xF802, 0xF803, 0xF804, 0xF805, 0xF806, 0xF807, 0xF008, 0xF00A, 0xF00C, 0xF80E, 0xF80F,
    0xF811, 0xF812, 0xF813, 0xF814, 0xF815, 0xF816, 0xF817, 0xF019, 0xF01A, 0xF01A, 0xF01B, 0xE81B, 0xE01B, 0xD81C, 0xD81C, 0xD01C,
    0xF800, 0xF000, 0xF000, 0xF800, 0xF801, 0xF802, 0xF003, 0xF804, 0xF805, 0xF805, 0xF807, 0xF808, 0xF80A, 0xF00C, 0xF80D, 0xF80F,
    0xF811, 0xF012, 0xF813, 0xF814, 0xF815, 0xF016, 0xF017, 0xF818, 0xF819, 0xF01A, 0xF01B, 0xE81B, 0xE01B, 0xD81C, 0xD81C, 0xD01C,
    0xF820, 0xF000, 0xF000, 0xF000, 0xF801, 0xF802, 0xF803, 0xF804, 0xF804, 0xF805, 0xF806, 0xF808, 0xF80A, 0xF80C, 0xF80D, 0xF80F,
    0xF810, 0xF811, 0xF813, 0xF814, 0xF815, 0xF816, 0xF817, 0xF818, 0xF819, 0xF01A, 0xF01B, 0xE81B, 0xE01B, 0xD81C, 0xD81C, 0xD01C,
    0xF0C0, 0xF8A0, 0xF880, 0xF060, 0xF041, 0xF002, 0xF803, 0xF804, 0xF805, 0xF806, 0xF007, 0xF808, 0xF80A, 0xF80C, 0xF00D, 0xF80F,
    0xF810, 0xF812, 0xF813, 0xF814, 0xF815, 0xF816, 0xF817, 0xF018, 0xF019, 0xF01A, 0xF01B, 0xE81B, 0xE01B, 0xE01C, 0xD81C, 0xD01C,
    0xF120, 0xF920, 0xF900, 0xF0E0, 0xF0C1, 0xF862, 0xF843, 0xF824, 0xF805, 0xF806, 0xF007, 0xF809, 0xF80A, 0xF80C, 0xF00D, 0xF80F,
    0xF810, 0xF812, 0xF813, 0xF014, 0xF015, 0xF816, 0xF017, 0xF018, 0xF019, 0xF01A, 0xF01B, 0xE81B, 0xE01B, 0xE01C, 0xD81C, 0xD01C,
    0xF980, 0xF180, 0xF160, 0xF960, 0xF941, 0xF922, 0xF8E3, 0xF884, 0xF825, 0xF026, 0xF807, 0xF809, 0xF80A, 0xF80C, 0xF00D, 0xF80F,
    0xF810, 0xF812, 0xF013, 0xF014, 0xF015, 0xF816, 0xF017, 0xF818, 0xF819, 0xF01A, 0xF01B, 0xE81B, 0xE01B, 0xD81C, 0xD81C, 0xD01C,
    0xF1E0, 0xF9C0, 0xF9C0, 0xF9C0, 0xF9A1, 0xF982, 0xF963, 0xF944, 0xF905, 0xF0C6, 0xF888, 0xF849, 0xF80A, 0xF80C, 0xF00D, 0xF00F,
    0xF010, 0xF012, 0xF013, 0xF014, 0xF015, 0xF816, 0xF017, 0xF818, 0xF019, 0xF01A, 0xF01A, 0xE81B, 0xE01B, 0xD81C, 0xD81C, 0xD03C,
    0xFA20, 0xFA20, 0xFA20, 0xFA00, 0xF201, 0xF9E2, 0xF9E3, 0xF9C4, 0xF985, 0xF166, 0xF148, 0xF929, 0xF90A, 0xF8CC, 0xF8AD, 0xF8EF,
    0xF910, 0xF8F2, 0xF8B3, 0xF094, 0xF095, 0xF8B6, 0xF0B7, 0xF058, 0xF039, 0xF03A, 0xF05A, 0xE87B, 0xE09B, 0xD89C, 0xD8DC, 0xD11C,
    0xFA80, 0xF260, 0xF260, 0xF260, 0xF241, 0xF242, 0xFA43, 0xFA24, 0xF205, 0xF1E6, 0xF1C8, 0xF9C9, 0xF9AA, 0xF18B, 0xF16D, 0xF9AF,
    0xF9B0, 0xF9B1, 0xF172, 0xF154, 0xF155, 0xF176, 0xF157, 0xF118, 0xF0D9, 0xF0DA, 0xF0FA, 0xE93B, 0xE13B, 0xD95B, 0xD97C, 0xD1BC,
    0xF2C0, 0xF2A0, 0xF2A0, 0xF2A0, 0xF2A1, 0xF2A3, 0xF284, 0xF285, 0xF266, 0xF267, 0xFA48, 0xFA49, 0xF24B, 0xF24C, 0xF24D, 0xF26F,
    0xF290, 0xF271, 0xF252, 0xF234, 0xF235, 0xF256, 0xF237, 0xF218, 0xF1F9, 0xF1DA, 0xF1FA, 0xE9FB, 0xE1FB, 0xDA1B, 0xDA3C, 0xD25C,
    0xF300, 0xF300, 0xF301, 0xF302, 0xF302, 0xF304, 0xF2E4, 0xF2E5, 0xFAE7, 0xF2E8, 0xFAE9, 0xFAEB, 0xFB0C, 0xF30D, 0xF32F, 0xF350,
    0xF371, 0xF372, 0xF353, 0xF354, 0xF355, 0xF356, 0xF337, 0xF318, 0xF319, 0xF2FA, 0xF2FA, 0xEAFB, 0xE2DB, 0xDAFB, 0xDAFC, 0xD2FC,
    0xFB61, 0xF341, 0xF342, 0xF342, 0xF343, 0xF344, 0xF345, 0xF346, 0xFB47, 0xF348, 0xF34A, 0xF34B, 0xF36C, 0xF36E, 0xF38F, 0xF3D1,
    0xF3F2, 0xF3F3, 0xF3F4, 0xF3D4, 0xF3D5, 0xF3D6, 0xF3D7, 0xF3B8, 0xF399, 0xF39A, 0xEB9A, 0xEB7B, 0xE37B, 0xDB7B, 0xDB7C, 0xD37C,
    0xF3A2, 0xF3A2, 0xF3A2, 0xF3A3, 0xF3A4, 0xF3A4, 0xF3A6, 0xF387, 0xF388, 0xF3A9, 0xF3AA, 0xF3AC, 0xF3CD, 0xF3CE, 0xF3F0, 0xF411,
    0xF452, 0xF453, 0xEC54, 0xEC55, 0xEC56, 0xEC56, 0xEC37, 0xEC38, 0xEC19, 0xEC1A, 0xEC1A, 0xE3FB, 0xE3FB, 0xDBFB, 0xDBFC, 0xD3FC,
    0xF3E3, 0xF3E3, 0xF3E3, 0xF3E4, 0xF3E4, 0xF3E5, 0xF3E6, 0xF3E7, 0xF3E8, 0xF3E9, 0xF40B, 0xF40C, 0xF40D, 0xF42E, 0xF430, 0xF471,
    0xEC92, 0xECB3, 0xECB4, 0xECB5, 0xECB6, 0xECB6, 0xECB7, 0xEC98, 0xEC99, 0xEC79, 0xEC7A, 0xE47A, 0xE45B, 0xDC5B, 0xD45B, 0xD47C,
    0xF443, 0xF444, 0xF424, 0xF424, 0xF425, 0xF426, 0xF427, 0xF428, 0xF428, 0xF429, 0xF44B, 0xF44D, 0xF46E, 0xF46F, 0xEC70, 0xECB1,
    0xECD3, 0xECF4, 0xECF4, 0xECF5, 0xE516, 0xE516, 0xE4F7, 0xE4F8, 0xE4F8, 0xE4D9, 0xE4DA, 0xE4DA, 0xDCDB, 0xDCBB, 0xD4DB, 0xD4DC,
    0xF484, 0xF484, 0xF484, 0xF465, 0xF465, 0xF486, 0xF487, 0xF488, 0xEC69, 0xEC6A, 0xF48C, 0xEC8D, 0xECAE, 0xECAF, 0xECD0, 0xECF1,
    0xED12, 0xE513, 0xE534, 0xE555, 0xE556, 0xE557, 0xE557, 0xE558, 0xE538, 0xE539, 0xE53A, 0xE53A, 0xDD3B, 0xDD3B, 0xD53B, 0xD53B,
    0xECE6, 0xF4E7, 0xF4E7, 0xF4E7, 0xECE8, 0xECE8, 0xECE9, 0xECEA, 0xECEB, 0xECEC, 0xED0D, 0xED0E, 0xED30, 0xED31, 0xED31, 0xE553,
    0xE574, 0xE594, 0xE595, 0xE5B6, 0xDDB6, 0xDDD7, 0xDDB8, 0xDDB8, 0xDDB9, 0xDDB9, 0xDDBA, 0xDD9A, 0xDD9A, 0xD59B, 0xD59B, 0xD59B,
    0xED48, 0xED48, 0xED48, 0xED49, 0xED49, 0xED4A, 0xED4B, 0xED4C, 0xED4C, 0xED4D, 0xED6E, 0xED70, 0xE571, 0xE592, 0xE593, 0xE5B4,
    0xE5B4, 0xDDD5, 0xDDD6, 0xDDF6, 0xDDF7, 0xDE17, 0xDE18, 0xDDF8, 0xDDF9, 0xDDF9, 0xDDFA, 0xDDFA, 0xDDFA, 0xD5DB, 0xD5DB, 0xD5DB,
    0xED8A, 0xED89, 0xED8A, 0xED8A, 0xED8A, 0xED8B, 0xED8C, 0xED8D, 0xE58D, 0xE5AE, 0xE5AF, 0xE5B0, 0xE5B1, 0xE5D2, 0xE5D3, 0xDDF4,
    0xDDF5, 0xDDF5, 0xDE16, 0xDE16, 0xDE37, 0xDE38, 0xDE38, 0xDE38, 0xDE39, 0xDE39, 0xDE3A, 0xDE3A, 0xDE1A, 0xD61B, 0xD61B, 0xD61B,
    0xE5CB, 0xE5CB, 0xE5CB, 0xE5CB, 0xE5CC, 0xE5CD, 0xE5CD, 0xE5CE, 0xE5CE, 0xE5EF, 0xE5F0, 0xE5F1, 0xDDF2, 0xDDF2, 0xDE13, 0xDE14,
    0xDE35, 0xDE36, 0xDE36, 0xDE37, 0xDE57, 0xDE58, 0xDE58, 0xDE58, 0xDE59, 0xDE59, 0xDE5A, 0xDE5A, 0xD65A, 0xD65B, 0xD63B, 0xD65B,
    0xE60C, 0xE60C, 0xE60C, 0xE60C, 0xE60D, 0xE60E, 0xE60E, 0xDE0F, 0xDE0F, 0xDE10, 0xDE11, 0xDE32, 0xDE32, 0xDE33, 0xDE33, 0xDE54,
    0xDE55, 0xDE56, 0xDE56, 0xDE57, 0xD677, 0xD678, 0xD678, 0xD679, 0xD679, 0xDE79, 0xDE7A, 0xD67A, 0xD67A, 0xD67A, 0xD67B, 0xD67B,
    0xDE4D, 0xDE2D, 0xDE2D, 0xDE2D, 0xDE2E, 0xDE4F, 0xDE4F, 0xDE50, 0xDE50, 0xDE51, 0xDE52, 0xDE52, 0xDE53, 0xDE53, 0xDE54, 0xDE75,
    0xD675, 0xD676, 0xD676, 0xD677, 0xD697, 0xD698, 0xD698, 0xD698, 0xD699, 0xD699, 0xD69A, 0xD69A, 0xD69A, 0xD69A, 0xD69B, 0xD69B,
    0xDE6F, 0xDE6E, 0xDE6F, 0xDE6F, 0xDE6F, 0xDE70, 0xDE70, 0xDE71, 0xDE71, 0xDE72, 0xDE73, 0xD673, 0xD694, 0xD694, 0xD695, 0xD695,
    0xD696, 0xD696, 0xD697, 0xD697, 0xD6B8, 0xD6B8, 0xD6B8, 0xD6B9, 0xD6B9, 0xD6B9, 0xD6BA, 0xD6BA, 0xD6BA, 0xD6BA, 0xD6BB, 0xD6BB,
    0xDEB0, 0xDEB0, 0xDEB0, 0xDEB0, 0xDEB0, 0xDEB1, 0xDEB1, 0xDEB2, 0xDEB2, 0xD6B3, 0xD6B3, 0xD6B4, 0xD6B5, 0xD6B5, 0xD6B6, 0xD6B6,
    0xD6B6, 0xD6B7, 0xD6B7, 0xD6B8, 0xD6D8, 0xD6D8, 0xD6D9, 0xD6D9, 0xD6D9, 0xD6D9, 0xD6DA, 0xD6DA, 0xD6DA, 0xD6DA, 0xD6DB, 0xD6BB,
    0xDED0, 0xDED0, 0xDED0, 0xDED1, 0xDED1, 0xDED1, 0xDED2, 0xDED2, 0xD6D2, 0xDED3, 0xD6D4, 0xD6D4, 0xD6D5, 0xD6D5, 0xD6D6, 0xD6D6,
    0xD6D6, 0xD6D7, 0xD6D8, 0xD6D8, 0xD6D8, 0xD6D8, 0xD6D9, 0xD6D9, 0xD6F9, 0xD6F9, 0xD6FA, 0xD6FA, 0xD6FA, 0xD6FA, 0xD6FB, 0xD6DB,
    0xDEF1, 0xDEF1, 0xD6F1, 0xD6F1, 0xD6F2, 0xD6F2, 0xD6F2, 0xD6F3, 0xD6F3, 0xD6F3, 0xD6F4, 0xD6F5, 0xD6F5, 0xD6F5, 0xD6F6, 0xD6F6,
    0xD6F7, 0xD6F7, 0xD6F8, 0xD6F8, 0xD6F8, 0xD6F8, 0xD6F9, 0xD6F9, 0xD6F9, 0xD6FA, 0xD6FA, 0xD6FA, 0xD6FA, 0xD6FA, 0xD6FA, 0xD6FB,
    0xD712, 0xD712, 0xD712, 0xD712, 0xD712, 0xD713, 0xD713, 0xD713, 0xD714, 0xD714, 0xD714, 0xD715, 0xD715, 0xD716, 0xD716, 0xD716,
    0xD717, 0xD717, 0xD717, 0xD718, 0xD718, 0xD718, 0xD719, 0xD719, 0xD719, 0xD71A, 0xD71A, 0xD71A, 0xD71A, 0xD71A, 0xD71A, 0xD6FB,
    0xD733, 0xD713, 0xD713, 0xD713, 0xD733, 0xD714, 0xD714, 0xD714, 0xD714, 0xD715, 0xD715, 0xD715, 0xD716, 0xD716, 0xD716, 0xD716,
    0xD717, 0xD717, 0xD717, 0xD718, 0xD718, 0xD718, 0xD719, 0xD719, 0xD719, 0xD719, 0xD71A, 0xD71A, 0xD71A, 0xD71A, 0xD71A, 0xD71B,
    0xD734, 0xD735, 0xD734, 0xD734, 0xD735, 0xD735, 0xD735, 0xD735, 0xD735, 0xD736, 0xD736, 0xD736, 0xD736, 0xD736, 0xD737, 0xD737,
    0xD737, 0xD738, 0xD738, 0xD738, 0xD738, 0xD738, 0xD739, 0xD739, 0xD739, 0xD739, 0xD73A, 0xD73A, 0xD73A, 0xD73A, 0xD73A, 0xD73A,
    0xF000, 0xF000, 0xF800, 0xF801, 0xF802, 0xF802, 0xF803, 0xF804, 0xF005, 0xF806, 0xF807, 0xF809, 0xF80B, 0xF80C, 0xF80E, 0xF80F,
    0xF811, 0xF812, 0xF813, 0xF014, 0xF015, 0xF816, 0xF817, 0xF018, 0xF019, 0xF81A, 0xF01B, 0xF01B, 0xE81B, 0xE81C, 0xE01C, 0xD81C,
    0xF000, 0xF000, 0xF800, 0xF801, 0xF802, 0xF002, 0xF003, 0xF004, 0xF005, 0xF006, 0xF807, 0xF809, 0xF00A, 0xF00C, 0xF00E, 0xF80F,
    0xF811, 0xF012, 0xF813, 0xF014, 0xF015, 0xF016, 0xF817, 0xF818, 0xF819, 0xF81A, 0xF81B, 0xF01B, 0xF01C, 0xE81C, 0xE01C, 0xD81C,
    0xF000, 0xF000, 0xF800, 0xF801, 0xF802, 0xF002, 0xF003, 0xF804, 0xF005, 0xF006, 0xF807, 0xF808, 0xF00A, 0xF00C, 0xF00E, 0xF80F,
    0xF810, 0xF812, 0xF813, 0xF814, 0xF015, 0xF016, 0xF817, 0xF818, 0xF819, 0xF81A, 0xF81B, 0xF01B, 0xF01C, 0xE81C, 0xE01C, 0xD81C,
    0xF000, 0xF000, 0xF800, 0xF801, 0xF802, 0xF002, 0xF003, 0xF804, 0xF805, 0xF806, 0xF807, 0xF808, 0xF80A, 0xF80C, 0xF80D, 0xF80F,
    0xF810, 0xF812, 0xF813, 0xF814, 0xF015, 0xF016, 0xF017, 0xF018, 0xF819, 0xF81A, 0xF01B, 0xF01B, 0xF01B, 0xE81C, 0xE01C, 0xD81C,
    0xF000, 0xF000, 0xF800, 0xF801, 0xF801, 0xF802, 0xF003, 0xF004, 0xF805, 0xF006, 0xF807, 0xF808, 0xF80A, 0xF80C, 0xF80D, 0xF80F,
    0xF810, 0xF011, 0xF012, 0xF814, 0xF015, 0xF016, 0xF017, 0xF818, 0xF819, 0xF81A, 0xF01B, 0xF01B, 0xE81B, 0xE81C, 0xE01C, 0xD81C,
    0xF800, 0xF000, 0xF000, 0xF000, 0xF801, 0xF802, 0xF803, 0xF804, 0xF804, 0xF805, 0xF806, 0xF808, 0xF809, 0xF80B, 0xF00D, 0xF80E,
    0xF810, 0xF811, 0xF812, 0xF813, 0xF815, 0xF816, 0xF817, 0xF818, 0xF819, 0xF81A, 0xF01A, 0xF01B, 0xE81B, 0xE81C, 0xE01C, 0xD81C,
    0xF8A0, 0xF880, 0xF860, 0xF060, 0xF021, 0xF802, 0xF003, 0xF004, 0xF805, 0xF806, 0xF807, 0xF808, 0xF80A, 0xF80C, 0xF00D, 0xF80F,
    0xF810, 0xF811, 0xF812, 0xF014, 0xF015, 0xF816, 0xF817, 0xF818, 0xF819, 0xF81A, 0xF01B, 0xF01B, 0xE81B, 0xE81C, 0xE01C, 0xD81C,
    0xF920, 0xF100, 0xF900, 0xF8E1, 0xF0A1, 0xF862, 0xF043, 0xF024, 0xF805, 0xF806, 0xF807, 0xF809, 0xF80A, 0xF80C, 0xF00D, 0xF80F,
    0xF810, 0xF811, 0xF013, 0xF014, 0xF015, 0xF816, 0xF817, 0xF818, 0xF819, 0xF81A, 0xF01B, 0xF01B, 0xE81B, 0xE81C, 0xE01C, 0xD81C,
    0xF980, 0xF160, 0xF160, 0xF940, 0xF921, 0xF902, 0xF0E3, 0xF084, 0xF825, 0xF026, 0xF808, 0xF809, 0xF80A, 0xF80C, 0xF00D, 0xF80F,
    0xF810, 0xF811, 0xF013, 0xF014, 0xF015, 0xF016, 0xF017, 0xF818, 0xF819, 0xF81A, 0xF01B, 0xF01B, 0xE81B, 0xE81B, 0xE01C, 0xD81C,
    0xF9E0, 0xF1C0, 0xF9C0, 0xF9A1, 0xF9A2, 0xF982, 0xF163, 0xF144, 0xF925, 0xF0E6, 0xF8A8, 0xF869, 0xF84A, 0xF82C, 0xF02D, 0xF02F,
    0xF850, 0xF031, 0xF813, 0xF014, 0xF815, 0xF816, 0xF817, 0xF818, 0xF819, 0xF01A, 0xF01A, 0xF01B, 0xE81B, 0xE81C, 0xE01C, 0xD87C,
    0xFA20, 0xFA20, 0xFA00, 0xF200, 0xF1E1, 0xF9E3, 0xF9C4, 0xF9A4, 0xF985, 0xF166, 0xF148, 0xF149, 0xF92A, 0xF90C, 0xF8ED, 0xF12F,
    0xF950, 0xF931, 0xF8F2, 0xF0D4, 0xF0F5, 0xF916, 0xF0F7, 0xF8B8, 0xF878, 0xF079, 0xF09A, 0xF09B, 0xE8BB, 0xE8BB, 0xE0FC, 0xD93C,
    0xFA60, 0xFA60, 0xFA60, 0xFA40, 0xF241, 0xFA43, 0xFA24, 0xFA04, 0xF205, 0xF9E6, 0xF1C8, 0xF9C9, 0xF9CA, 0xF9AC, 0xF9AD, 0xF9CF,
    0xF9F0, 0xF9D1, 0xF9B2, 0xF193, 0xF195, 0xF9B6, 0xF197, 0xF958, 0xF938, 0xF119, 0xF13A, 0xF15B, 0xE95B, 0xE97B, 0xE19C, 0xD9DC,
    0xFAA0, 0xFAA0, 0xFAA0, 0xFAA1, 0xFAA2, 0xFA83, 0xFA84, 0xF285, 0xF266, 0xFA47, 0xFA48, 0xFA4A, 0xFA4B, 0xF24C, 0xF24E, 0xFA8F,
    0xFAB0, 0xFA91, 0xFA72, 0xFA54, 0xFA75, 0xF276, 0xFA57, 0xFA38, 0xFA19, 0xF219, 0xF21A, 0xF21B, 0xEA1B, 0xE23B, 0xE23C, 0xDA7C,
    0xFB01, 0xFB01, 0xFB02, 0xFAE2, 0xFAE3, 0xFAE4, 0xFAE5, 0xFAE6, 0xFAE7, 0xF2E8, 0xFAEA, 0xFAEB, 0xFB0C, 0xFB0E, 0xFB2F, 0xFB70,
    0xF392, 0xFB93, 0xFB73, 0xFB74, 0xFB75, 0xF376, 0xFB77, 0xF358, 0xF339, 0xF339, 0xF31A, 0xF31B, 0xEAFB, 0xE2FB, 0xE31C, 0xDB1C,
    0xF341, 0xFB42, 0xFB43, 0xF343, 0xF344, 0xFB45, 0xFB46, 0xFB46, 0xF347, 0xFB49, 0xF34A, 0xF34B, 0xF36D, 0xFB8E, 0xFB8F, 0xF3D1,
    0xF3F2, 0xF413, 0xF414, 0xF3F4, 0xF3F5, 0xF3F6, 0xF3F7, 0xF3D8, 0xF3B9, 0xF3B9, 0xF3BA, 0xEB9B, 0xEB9B, 0xE37B, 0xE39B, 0xDBBC,
    0xFBA3, 0xFB83, 0xFB83, 0xFB84, 0xF384, 0xFB85, 0xFB86, 0xFB87, 0xFB88, 0xFB89, 0xF3AB, 0xF3AC, 0xF3CD, 0xFBCE, 0xFBF0, 0xF431,
    0xF452, 0xF473, 0xF474, 0xF475, 0xF475, 0xF476, 0xF457, 0xF458, 0xF438, 0xF439, 0xEC3A, 0xEC1A, 0xEBFB, 0xE3FB, 0xE41B, 0xDC1C,
    0xFBE4, 0xFBE4, 0xFBE4, 0xFBC4, 0xF3C5, 0xFBE6, 0xFBE7, 0xFBE8, 0xFBE8, 0xF3E9, 0xF3EB, 0xF40C, 0xF40D, 0xF42F, 0xF450, 0xF471,
    0xF493, 0xF4B4, 0xF4D4, 0xECD5, 0xECD6, 0xECD6, 0xECB7, 0xECB8, 0xEC98, 0xEC99, 0xEC9A, 0xEC9A, 0xE47B, 0xE47B, 0xDC7B, 0xDC9B,
    0xF424, 0xF425, 0xF425, 0xF405, 0xF405, 0xF426, 0xFC27, 0xF428, 0xF429, 0xF42A, 0xF44B, 0xF44D, 0xF46E, 0xF46F, 0xF470, 0xF4B1,
    0xECD3, 0xECF4, 0xECF4, 0xED15, 0xED16, 0xED16, 0xED17, 0xED18, 0xECF8, 0xECF9, 0xECFA, 0xECFA, 0xE4DA, 0xE4DB, 0xDCDB, 0xDCFC,
    0xF485, 0xF465, 0xF465, 0xF465, 0xF466, 0xF467, 0xF468, 0xF468, 0xF469, 0xF46A, 0xF48C, 0xF48D, 0xF4AE, 0xF4AF, 0xECD0, 0xECF2,
    0xED13, 0xED13, 0xED34, 0xED55, 0xE556, 0xE577, 0xE557, 0xE558, 0xE558, 0xE559, 0xE55A, 0xE53A, 0xE53B, 0xDD3B, 0xDD3B, 0xDD5B,
    0xF4E7, 0xF4E7, 0xF4C7, 0xF4C8, 0xF4E8, 0xF4E9, 0xF4EA, 0xF4EB, 0xF4EC, 0xF4EC, 0xF50E, 0xED0F, 0xED30, 0xED31, 0xED52, 0xED53,
    0xED74, 0xE595, 0xE595, 0xE5B6, 0xE5D6, 0xE5D7, 0xE5B8, 0xE5B8, 0xE5B8, 0xE5B9, 0xE5BA, 0xE59A, 0xDD9A, 0xDD9B, 0xDD9B, 0xDDBB,
    0xF529, 0xF529, 0xF529, 0xF529, 0xF54A, 0xF54B, 0xED4C, 0xF54C, 0xF54D, 0xED4E, 0xED4F, 0xED70, 0xED71, 0xED92, 0xE593, 0xE5B4,
    0xE5D5, 0xE5D5, 0xE5F6, 0xE5F6, 0xE5F7, 0xE617, 0xDE18, 0xDDF8, 0xDDF9, 0xDDF9, 0xDDFA, 0xDDFA, 0xDDFA, 0xDDFB, 0xDDFB, 0xDDFB,
    0xED6B, 0xED6A, 0xED6A, 0xED6B, 0xED8B, 0xED8C, 0xED8D, 0xED8D, 0xED8E, 0xED8F, 0xEDB0, 0xEDB1, 0xEDB2, 0xE5D2, 0xE5D3, 0xE5F4,
    0xE5F5, 0xE616, 0xE616, 0xDE16, 0xDE37, 0xDE38, 0xDE38, 0xDE38, 0xDE39, 0xDE39, 0xDE3A, 0xDE3A, 0xDE3A, 0xDE1B, 0xDE1B, 0xDE1B,
    0xEDCC, 0xEDCC, 0xEDCC, 0xEDAC, 0xEDAC, 0xEDCD, 0xEDCE, 0xEDCE, 0xEDCF, 0xE5D0, 0xE5F1, 0xE5F1, 0xE5F2, 0xE5F3, 0xE613, 0xE614,
    0xDE35, 0xDE36, 0xDE36, 0xDE37, 0xDE57, 0xDE58, 0xDE58, 0xDE79, 0xDE59, 0xDE59, 0xDE7A, 0xDE5A, 0xDE5A, 0xDE5B, 0xDE5B, 0xD65B,
    0xE60D, 0xE60D, 0xE60D, 0xE5ED, 0xE5EE, 0xE60F, 0xE60F, 0xE60F, 0xE610, 0xE610, 0xE611, 0xE612, 0xDE32, 0xDE33, 0xDE34, 0xDE55,
    0xDE55, 0xDE56, 0xDE56, 0xDE77, 0xDE77, 0xDE78, 0xDE78, 0xDE79, 0xDE79, 0xDE79, 0xDE7A, 0xDE7A, 0xDE7A, 0xDE7B, 0xD67B, 0xD67B,
    0xE62F, 0xE62F, 0xE62F, 0xE62F, 0xE62F, 0xE630, 0xE630, 0xDE51, 0xDE51, 0xE651, 0xDE52, 0xDE53, 0xDE53, 0xDE54, 0xDE54, 0xDE75,
    0xDE76, 0xDE76, 0xDE76, 0xDE97, 0xDE98, 0xDE98, 0xDE98, 0xDE99, 0xDE99, 0xDE99, 0xDE9A, 0xDE9A, 0xDE9A, 0xDE9A, 0xD69B, 0xD69B,
    0xDE70, 0xDE70, 0xDE70, 0xDE70, 0xDE70, 0xDE71, 0xDE72, 0xDE72, 0xDE72, 0xDE73, 0xDE73, 0xDE74, 0xDE94, 0xDE75, 0xDE95, 0xDE96,
    0xDE96, 0xDE97, 0xDE97, 0xDE97, 0xDEB8, 0xDEB8, 0xDEB8, 0xDEB9, 0xDEB9, 0xDEB9, 0xDEBA, 0xDEBA, 0xDEBA, 0xDEBA, 0xD6BB, 0xD6BB,
    0xDEB2, 0xDEB2, 0xDEB2, 0xDEB2, 0xDEB2, 0xDEB2, 0xDEB3, 0xDEB3, 0xDEB3, 0xDEB4, 0xDEB4, 0xDEB5, 0xD6B5, 0xD6B6, 0xD6B6, 0xD6B6,
    0xD6B7, 0xD6B7, 0xDEB7, 0xDEB8, 0xD6B8, 0xD6D8, 0xD6D9, 0xDED9, 0xD6D9, 0xDED9, 0xDEDA, 0xD6DA, 0xDEDA, 0xDEDA, 0xD6DB, 0xD6DB,
    0xDED2, 0xDED2, 0xDED2, 0xDED2, 0xDED2, 0xDED3, 0xDED3, 0xDED3, 0xDED3, 0xDED4, 0xDED5, 0xDED5, 0xDED5, 0xD6D6, 0xD6D6, 0xD6D7,
    0xD6D7, 0xD6D7, 0xD6D8, 0xD6D8, 0xD6D8, 0xD6D9, 0xD6D9, 0xD6F9, 0xD6F9, 0xD6F9, 0xD6DA, 0xD6FA, 0xD6DA, 0xDEFA, 0xDEFB, 0xD6DB,
    0xDEF3, 0xDEF2, 0xDEF2, 0xDEF3, 0xDEF3, 0xDEF3, 0xDEF3, 0xDEF4, 0xDEF4, 0xDEF4, 0xDEF5, 0xDEF5, 0xDEF6, 0xDEF6, 0xDEF6, 0xD6F7,
    0xD6F7, 0xD6F7, 0xD6F8, 0xD6F8, 0xD6F8, 0xD6F9, 0xD6F9, 0xD6F9, 0xD6F9, 0xD6FA, 0xD6FA, 0xD6FA, 0xD6FA, 0xD6FA, 0xD6FA, 0xD6FB,
    0xDF13, 0xDF13, 0xDF13, 0xDF13, 0xDF13, 0xDF14, 0xDF14, 0xDEF4, 0xDEF4, 0xDF15, 0xD6F5, 0xD6F6, 0xD716, 0xDF16, 0xD6F6, 0xD717,
    0xD717, 0xDEF7, 0xD718, 0xD718, 0xD718, 0xD719, 0xD719, 0xD719, 0xD719, 0xD71A, 0xD71A, 0xD71A, 0xD71A, 0xD71A, 0xD71A, 0xD71B,
    0xD714, 0xDF14, 0xD714, 0xD714, 0xD714, 0xD715, 0xD715, 0xD715, 0xD715, 0xD715, 0xD716, 0xD716, 0xD716, 0xD716, 0xD717, 0xD717,
    0xD717, 0xD717, 0xD718, 0xD718, 0xD718, 0xD719, 0xD719, 0xD719, 0xD719, 0xD71A, 0xD71A, 0xD71A, 0xD71A, 0xD71A, 0xD71A, 0xD71B,
    0xD736, 0xD735, 0xD735, 0xD735, 0xD735, 0xD736, 0xD736, 0xD736, 0xD736, 0xD736, 0xD736, 0xD737, 0xD737, 0xD737, 0xD737, 0xD737,
    0xD738, 0xD738, 0xD738, 0xD718, 0xD738, 0xD739, 0xD739, 0xD739, 0xD719, 0xD71A, 0xD73A, 0xD73A, 0xD73A, 0xD73A, 0xD73B, 0xD73B,
    0xF000, 0xF800, 0xF800, 0xF801, 0xF802, 0xF002, 0xF803, 0xF804, 0xF805, 0xF806, 0xF007, 0xF008, 0xF80A, 0xF80C, 0xF80D, 0xF80F,
    0xF810, 0xF011, 0xF812, 0xF814, 0xF815, 0xF016, 0xF817, 0xF818, 0xF819, 0xF81A, 0xF81A, 0xF81B, 0xF81B, 0xF01C, 0xE81C, 0xE01C,
    0xF000, 0xF000, 0xF000, 0xF001, 0xF802, 0xF803, 0xF003, 0xF804, 0xF805, 0xF006, 0xF007, 0xF008, 0xF00A, 0xF80C, 0xF80D, 0xF80F,
    0xF810, 0xF811, 0xF812, 0xF814, 0xF815, 0xF016, 0xF017, 0xF818, 0xF819, 0xF81A, 0xF81A, 0xF01B, 0xF01B, 0xF01C, 0xE81C, 0xE01C,
    0xF800, 0xF000, 0xF000, 0xF001, 0xF001, 0xF002, 0xF003, 0xF004, 0xF005, 0xF006, 0xF007, 0xF008, 0xF00A, 0xF80C, 0xF80D, 0xF80F,
    0xF810, 0xF811, 0xF812, 0xF814, 0xF015, 0xF016, 0xF017, 0xF018, 0xF819, 0xF81A, 0xF01A, 0xF01B, 0xF01B, 0xF01C, 0xE81C, 0xE01C,
    0xF800, 0xF000, 0xF800, 0xF801, 0xF001, 0xF002, 0xF003, 0xF004, 0xF005, 0xF006, 0xF807, 0xF808, 0xF80A, 0xF80C, 0xF00D, 0xF80F,
    0xF810, 0xF811, 0xF012, 0xF813, 0xF015, 0xF016, 0xF817, 0xF018, 0xF018, 0xF019, 0xF01A, 0xF81B, 0xF01B, 0xF01C, 0xE81C, 0xE01C,
    0xF000, 0xF800, 0xF800, 0xF801, 0xF801, 0xF002, 0xF003, 0xF004, 0xF005, 0xF005, 0xF007, 0xF808, 0xF80A, 0xF00B, 0xF80D, 0xF00F,
    0xF010, 0xF811, 0xF012, 0xF013, 0xF015, 0xF016, 0xF017, 0xF818, 0xF018, 0xF019, 0xF81A, 0xF81B, 0xF01B, 0xF01C, 0xE81C, 0xE01C,
    0xF000, 0xF800, 0xF800, 0xF000, 0xF801, 0xF802, 0xF803, 0xF804, 0xF804, 0xF805, 0xF806, 0xF808, 0xF009, 0xF80B, 0xF80D, 0xF80E,
    0xF810, 0xF811, 0xF812, 0xF013, 0xF014, 0xF816, 0xF817, 0xF817, 0xF818, 0xF81A, 0xF81A, 0xF81B, 0xF01B, 0xF01C, 0xE81C, 0xE01C,
    0xF880, 0xF880, 0xF860, 0xF841, 0xF822, 0xF802, 0xF003, 0xF004, 0xF005, 0xF006, 0xF807, 0xF808, 0xF80A, 0xF00B, 0xF00D, 0xF00E,
    0xF010, 0xF011, 0xF012, 0xF013, 0xF815, 0xF816, 0xF016, 0xF817, 0xF818, 0xF819, 0xF81B, 0xF01B, 0xF01B, 0xF01C, 0xE81C, 0xE01C,
    0xF100, 0xF900, 0xF8E0, 0xF8C1, 0xF882, 0xF863, 0xF044, 0xF024, 0xF005, 0xF006, 0xF808, 0xF809, 0xF00A, 0xF00C, 0xF00D, 0xF00E,
    0xF010, 0xF011, 0xF012, 0xF014, 0xF815, 0xF816, 0xF016, 0xF818, 0xF818, 0xF819, 0xF81B, 0xF01B, 0xF01B, 0xF01C, 0xE81C, 0xE01C,
    0xF180, 0xF960, 0xF940, 0xF941, 0xF922, 0xF903, 0xF0E4, 0xF084, 0xF825, 0xF826, 0xF828, 0xF829, 0xF00B, 0xF00C, 0xF02D, 0xF82F,
    0xF830, 0xF831, 0xF012, 0xF013, 0xF014, 0xF816, 0xF817, 0xF818, 0xF818, 0xF019, 0xF81A, 0xF81B, 0xF01B, 0xF01C, 0xE81C, 0xE03C,
    0xF9C0, 0xF9C0, 0xF9A0, 0xF9A1, 0xF1A2, 0xF983, 0xF164, 0xF145, 0xF926, 0xF8E6, 0xF8C8, 0xF8A9, 0xF8AB, 0xF88C, 0xF88D, 0xF8CF,
    0xF8D0, 0xF0B1, 0xF072, 0xF833, 0xF854, 0xF876, 0xF816, 0xF818, 0xF818, 0xF819, 0xF81A, 0xF01B, 0xF01B, 0xF01C, 0xE83C, 0xE0BC,
    0xFA20, 0xFA00, 0xF200, 0xF201, 0xF9E2, 0xF9E3, 0xF9C4, 0xF9A5, 0xF985, 0xF966, 0xF168, 0xF169, 0xF94B, 0xF92C, 0xF94D, 0xF98F,
    0xF990, 0xF971, 0xF932, 0xF113, 0xF934, 0xF955, 0xF936, 0xF8F7, 0xF8D8, 0xF8D9, 0xF0FA, 0xF0DB, 0xF0DB, 0xF0DC, 0xE91C, 0xE17C,
    0xFA60, 0xFA40, 0xF240, 0xF241, 0xFA42, 0xFA23, 0xFA24, 0xF205, 0xFA05, 0xF9E6, 0xF1E8, 0xF9E9, 0xF9CB, 0xF9AC, 0xF9CD, 0xFA0F,
    0xFA10, 0xFA11, 0xF9D2, 0xF9B3, 0xF9D4, 0xF9F5, 0xF9D6, 0xF9B7, 0xF998, 0xF979, 0xF19A, 0xF17B, 0xF17B, 0xF19C, 0xE9BC, 0xE1FC,
    0xFAA0, 0xF2A1, 0xFAA1, 0xFAA1, 0xFA82, 0xFA83, 0xFA84, 0xF285, 0xF266, 0xFA47, 0xFA48, 0xFA6A, 0xFA4B, 0xFA4C, 0xFA6D, 0xFA8F,
    0xFAB0, 0xFAB2, 0xFA92, 0xFA73, 0xFA94, 0xFA95, 0xFA97, 0xFA57, 0xFA58, 0xFA39, 0xFA3A, 0xFA3B, 0xF23B, 0xEA3B, 0xEA5C, 0xE29C,
    0xF302, 0xFAE2, 0xF2E2, 0xF2E3, 0xFAE4, 0xFAE5, 0xFAE5, 0xFAE6, 0xFAE7, 0xF2E8, 0xF2EA, 0xF30B, 0xF30C, 0xFB2E, 0xFB4F, 0xFB90,
    0xFBB2, 0xFBB3, 0xFB94, 0xFB94, 0xF395, 0xF396, 0xFB97, 0xF377, 0xF378, 0xF359, 0xF35A, 0xF33A, 0xF33B, 0xEB3B, 0xEB3C, 0xE35C,
    0xFB43, 0xFB43, 0xF343, 0xF344, 0xFB44, 0xFB45, 0xFB46, 0xFB47, 0xFB28, 0xFB49, 0xF34A, 0xF36C, 0xF36D, 0xF38E, 0xF3AF, 0xFBD1,
    0xFC12, 0xFC33, 0xFC14, 0xF415, 0xF415, 0xF416, 0xFC17, 0xF3F8, 0xF3D8, 0xF3D9, 0xF3DA, 0xF3BA, 0xF3BB, 0xEBBB, 0xEBBC, 0xE3DC,
    0xFBA4, 0xFB84, 0xF384, 0xF384, 0xFB85, 0xFB86, 0xFB87, 0xFB88, 0xFB88, 0xFB8A, 0xF3AB, 0xF3CC, 0xFBCD, 0xF3EE, 0xF410, 0xF431,
    0xFC52, 0xF473, 0xF494, 0xF475, 0xF496, 0xF496, 0xF477, 0xF477, 0xF458, 0xF459, 0xF43A, 0xF43A, 0xF41B, 0xEC1B, 0xE43B, 0xE43C,
    0xFBE4, 0xFBC5, 0xFBC5, 0xFBC5, 0xFBC6, 0xFBC7, 0xFBC8, 0xFBE8, 0xFBE9, 0xFBCA, 0xF40C, 0xF40D, 0xF42E, 0xF42F, 0xFC50, 0xF491,
    0xF4B3, 0xF4B4, 0xF4D4, 0xF4D5, 0xECF6, 0xECF6, 0xF4F7, 0xF4D7, 0xECB8, 0xECB9, 0xF4BA, 0xEC9A, 0xEC9B, 0xEC7B, 0xE49B, 0xE4BC,
    0xFC25, 0xFC26, 0xFC05, 0xFC05, 0xFC06, 0xFC27, 0xFC28, 0xFC29, 0xFC29, 0xFC2A, 0xF44C, 0xF46D, 0xF46E, 0xF46F, 0xF490, 0xF4B1,
    0xF4D3, 0xF4F4, 0xF515, 0xED15, 0xED36, 0xED36, 0xED37, 0xED18, 0xED18, 0xED19, 0xED19, 0xECFA, 0xECFA, 0xE4FB, 0xE4FB, 0xE51C,
    0xF466, 0xFC66, 0xFC66, 0xFC66, 0xFC46, 0xFC67, 0xFC68, 0xFC69, 0xFC6A, 0xFC6B, 0xFC8C, 0xF48D, 0xF4AE, 0xF4AF, 0xF4D0, 0xF4F2,
    0xED13, 0xED34, 0xED34, 0xED55, 0xED56, 0xED77, 0xED77, 0xED58, 0xED58, 0xED59, 0xED5A, 0xED5A, 0xE53B, 0xE55B, 0xE55B, 0xDD5B,
    0xFCC8, 0xF4C8, 0xF4C8, 0xF4C8, 0xF4C9, 0xF4CA, 0xF4CB, 0xF4CB, 0xF4CC, 0xF4ED, 0xF4EE, 0xF50F, 0xF530, 0xF531, 0xED52, 0xED73,
    0xED74, 0xED94, 0xE595, 0xE5B6, 0xE5D7, 0xE5D7, 0xE5D8, 0xE5B8, 0xE5B8, 0xE5B9, 0xE5BA, 0xE5BA, 0xE5BB, 0xE5BB, 0xDDBB, 0xDDBB,
    0xF52A, 0xF52A, 0xF52A, 0xF52A, 0xF52B, 0xF52C, 0xF52C, 0xF52D, 0xF54E, 0xF54F, 0xF550, 0xED70, 0xED71, 0xED72, 0xED93, 0xEDB4,
    0xEDD5, 0xE5D5, 0xE5F6, 0xE5F7, 0xE617, 0xE617, 0xE618, 0xE618, 0xE619, 0xE619, 0xE61A, 0xE5FA, 0xE5FA, 0xE5FB, 0xDDFB, 0xDDFB,
    0xF56C, 0xF56C, 0xF56C, 0xF56C, 0xED8C, 0xED8D, 0xED8E, 0xED8E, 0xED8F, 0xED90, 0xEDB1, 0xEDB1, 0xEDB2, 0xEDD3, 0xE5D4, 0xE5F4,
    0xE5F5, 0xE616, 0xE616, 0xE617, 0xE637, 0xDE38, 0xDE58, 0xDE38, 0xDE39, 0xDE39, 0xDE39, 0xE63A, 0xE63A, 0xE63B, 0xDE3B, 0xDE1B,
    0xF5AD, 0xEDCD, 0xEDAD, 0xEDAD, 0xEDAD, 0xEDAE, 0xEDCF, 0xEDCF, 0xEDD0, 0xEDD1, 0xEDF2, 0xEDF2, 0xE5F3, 0xE5F4, 0xE614, 0xE615,
    0xE636, 0xE636, 0xE637, 0xDE37, 0xDE57, 0xDE58, 0xDE58, 0xDE79, 0xDE79, 0xDE59, 0xDE5A, 0xDE5A, 0xDE5B, 0xDE5B, 0xDE5B, 0xDE5B,
    0xEDEE, 0xEDEE, 0xEDEE, 0xEDEE, 0xEDEE, 0xEE0F, 0xE610, 0xE610, 0xE611, 0xE611, 0xE612, 0xE633, 0xE633, 0xE634, 0xE634, 0xE655,
    0xE656, 0xDE56, 0xDE57, 0xDE57, 0xDE77, 0xDE78, 0xDE98, 0xDE79, 0xDE79, 0xDE79, 0xDE99, 0xDE7A, 0xDE7A, 0xDE7B, 0xDE7B, 0xD67B,
    0xE630, 0xE630, 0xE630, 0xE630, 0xE630, 0xE630, 0xE651, 0xE651, 0xE652, 0xE652, 0xE653, 0xE653, 0xE654, 0xDE54, 0xDE55, 0xDE76,
    0xDE76, 0xDE76, 0xDE77, 0xDE77, 0xDE98, 0xDE98, 0xDE98, 0xDE99, 0xDE99, 0xDE99, 0xDE9A, 0xDE9A, 0xDE9A, 0xDE9A, 0xDE9B, 0xD69B,
    0xE671, 0xE671, 0xE671, 0xE671, 0xE671, 0xE672, 0xDE72, 0xDE72, 0xE673, 0xE673, 0xDE74, 0xDE74, 0xDE95, 0xDE95, 0xDE96, 0xDE96,
    0xDE96, 0xDE97, 0xDE97, 0xDE97, 0xDEB8, 0xDEB8, 0xDEB8, 0xDEB9, 0xDEB9, 0xDEB9, 0xDEBA, 0xDEBA, 0xDEBA, 0xDEBA, 0xDEBB, 0xDEBB,
    0xDEB3, 0xDEB3, 0xDE93, 0xDE93, 0xDE93, 0xDEB4, 0xDEB4, 0xDEB4, 0xDE94, 0xDEB4, 0xDEB5, 0xDEB5, 0xDEB6, 0xDEB6, 0xDEB6, 0xDEB6,
    0xDEB7, 0xDEB8, 0xDEB8, 0xDEB8, 0xDEB8, 0xDED8, 0xDED8, 0xDED9, 0xDED9, 0xDED9, 0xDEDA, 0xDEDA, 0xDEDA, 0xDEDA, 0xDEDB, 0xD6DB,
    0xDED4, 0xDED4, 0xDEB4, 0xDEB4, 0xDED4, 0xDED4, 0xDED4, 0xDED4, 0xDED5, 0xDED5, 0xDED6, 0xDED6, 0xDED6, 0xD6D6, 0xDED7, 0xDED7,
    0xDED7, 0xDED8, 0xDED8, 0xDED8, 0xDED9, 0xDED9, 0xDED9, 0xDEF9, 0xDEF9, 0xDEF9, 0xDEFA, 0xDEFA, 0xDEFA, 0xDEFA, 0xDEDB, 0xDEDB,
    0xDEF3, 0xDEF4, 0xDED4, 0xDED4, 0xDEF4, 0xDEF4, 0xDEF4, 0xDEF4, 0xDEF5, 0xDED5, 0xDED6, 0xDED6, 0xDED6, 0xDEF6, 0xDEF7, 0xDEF7,
    0xD6F7, 0xD6F7, 0xD6F8, 0xD6F8, 0xDEF8, 0xDEF9, 0xD6F9, 0xD6F9, 0xDEF9, 0xDEF9, 0xDEFA, 0xDEFA, 0xDEFA, 0xDEFA, 0xDEFB, 0xDEFA,
    0xDF14, 0xDEF4, 0xDEF4, 0xDEF4, 0xDF14, 0xDEF5, 0xDEF5, 0xDEF5, 0xDEF5, 0xDEF5, 0xDEF6, 0xDEF6, 0xDEF6, 0xDEF6, 0xDEF7, 0xD6F7,
    0xD6F7, 0xD718, 0xDEF8, 0xD718, 0xDEF9, 0xDEF9, 0xD6F9, 0xDEF9, 0xDF19, 0xDF1A, 0xDF1A, 0xDF1A, 0xDF1A, 0xDF1A, 0xDF1B, 0xDF1B,
    0xD715, 0xDF15, 0xDF15, 0xDF15, 0xDF15, 0xDF15, 0xDF15, 0xDF16, 0xDF16, 0xDF16, 0xD716, 0xDF16, 0xDF16, 0xDF17, 0xD717, 0xDF17,
    0xDF18, 0xDF18, 0xDF18, 0xD718, 0xDF19, 0xDF19, 0xDF19, 0xDF19, 0xDF1A, 0xDF1A, 0xDF1A, 0xDF1A, 0xD71A, 0xDF1A, 0xDF1B, 0xDF1B,
    0xDF36, 0xDF16, 0xDF36, 0xDF36, 0xD736, 0xDF36, 0xDF36, 0xDF37, 0xDF17, 0xDF17, 0xDF17, 0xDF37, 0xD737, 0xDF37, 0xDF17, 0xDF38,
    0xDF38, 0xDF18, 0xD738, 0xD738, 0xD738, 0xD739, 0xD719, 0xDF19, 0xDF19, 0xDF1A, 0xDF1A, 0xDF3A, 0xD73A, 0xD73A, 0xD73A, 0xDF1B,
};
