/**
 * lut_custom_hartford.h
 * Custom LUT from 'Hartford.cube'
 *
 * Auto-generated by tools/generate_luts.py — DO NOT EDIT
 * 32768 entries × 2 bytes = 64 KB, stored in Flash (.rodata)
 */
#pragma once
#include <stdint.h>

static const uint16_t LUT_CUSTOM_HARTFORD[32768] = {
    0x2103, 0x2103, 0x2104, 0x2104, 0x2104, 0x2104, 0x2104, 0x2104, 0x1904, 0x1904, 0x1905, 0x2105, 0x2106, 0x1906, 0x1907, 0x18E8,
    0x18E9, 0x18EA, 0x18EB, 0x18ED, 0x18CE, 0x10D0, 0x10B2, 0x08B3, 0x0875, 0x0056, 0x0018, 0x0019, 0x001A, 0x001B, 0x001B, 0x001C,
    0x2103, 0x2104, 0x2104, 0x2103, 0x2104, 0x2104, 0x2104, 0x2104, 0x2104, 0x1904, 0x2105, 0x2105, 0x2106, 0x2107, 0x18E7, 0x1908,
    0x1909, 0x18EA, 0x18EB, 0x18EC, 0x10EE, 0x10D0, 0x10B1, 0x08B3, 0x0095, 0x0056, 0x0038, 0x0019, 0x001A, 0x001B, 0x001C, 0x001C,
    0x1903, 0x2104, 0x2104, 0x2104, 0x2103, 0x2104, 0x2104, 0x2104, 0x2104, 0x2104, 0x2105, 0x2105, 0x1906, 0x2107, 0x1908, 0x1908,
    0x1909, 0x18EA, 0x18EB, 0x18ED, 0x10CE, 0x10D0, 0x08D1, 0x00B3, 0x0095, 0x0076, 0x0058, 0x0019, 0x001A, 0x001B, 0x001C, 0x001C,
    0x2104, 0x2104, 0x2104, 0x2104, 0x2104, 0x2104, 0x2104, 0x2104, 0x2104, 0x2104, 0x2105, 0x1905, 0x1906, 0x1907, 0x1908, 0x1908,
    0x18E9, 0x18EA, 0x18EB, 0x10ED, 0x10CE, 0x08D0, 0x00D1, 0x00B3, 0x0095, 0x0077, 0x0078, 0x0039, 0x003A, 0x001B, 0x001B, 0x001C,
    0x2104, 0x2104, 0x2104, 0x2104, 0x2104, 0x2104, 0x2104, 0x2104, 0x2104, 0x2104, 0x1905, 0x1906, 0x1906, 0x1907, 0x1907, 0x1908,
    0x1909, 0x110A, 0x10EC, 0x10ED, 0x08EE, 0x00D0, 0x00D2, 0x00B4, 0x00B5, 0x0097, 0x0098, 0x0079, 0x005A, 0x005B, 0x005B, 0x005C,
    0x2104, 0x2104, 0x2104, 0x2104, 0x2104, 0x2104, 0x2104, 0x2104, 0x1904, 0x1924, 0x1905, 0x1905, 0x1906, 0x1907, 0x1908, 0x1109,
    0x110A, 0x110A, 0x110C, 0x08ED, 0x00EF, 0x00F0, 0x00F2, 0x00D4, 0x00D6, 0x00B7, 0x0098, 0x0099, 0x009A, 0x009B, 0x007C, 0x009C,
    0x2104, 0x2104, 0x2104, 0x2104, 0x2104, 0x2104, 0x2104, 0x2104, 0x1924, 0x1924, 0x1925, 0x1926, 0x1926, 0x1927, 0x1128, 0x1129,
    0x112A, 0x110B, 0x090C, 0x010D, 0x010F, 0x0110, 0x0112, 0x00F4, 0x00F5, 0x00D7, 0x00D8, 0x00D9, 0x00BA, 0x00BB, 0x00BC, 0x00BC,
    0x2124, 0x2124, 0x2124, 0x2124, 0x2124, 0x2124, 0x2124, 0x2124, 0x1924, 0x1925, 0x1925, 0x1926, 0x1947, 0x1927, 0x1128, 0x1129,
    0x092A, 0x092B, 0x012C, 0x012D, 0x012F, 0x0130, 0x0112, 0x0114, 0x0115, 0x00F7, 0x00F8, 0x00F9, 0x00FA, 0x00FB, 0x00FC, 0x00FC,
    0x2144, 0x1944, 0x1944, 0x1944, 0x1944, 0x1944, 0x1944, 0x1944, 0x1944, 0x1945, 0x1946, 0x1946, 0x1947, 0x1147, 0x1148, 0x0949,
    0x094A, 0x014B, 0x014C, 0x014E, 0x014F, 0x0151, 0x0132, 0x0134, 0x0136, 0x0137, 0x0138, 0x0119, 0x013A, 0x013B, 0x013C, 0x013D,
    0x2164, 0x1964, 0x1964, 0x1964, 0x1964, 0x1964, 0x1964, 0x1964, 0x1964, 0x1965, 0x1966, 0x1966, 0x1967, 0x1188, 0x1188, 0x0989,
    0x018A, 0x016B, 0x018D, 0x018E, 0x016F, 0x0171, 0x0173, 0x0174, 0x0176, 0x0177, 0x0158, 0x0159, 0x017A, 0x017B, 0x017C, 0x017D,
    0x2183, 0x1984, 0x1984, 0x1984, 0x1984, 0x1984, 0x1984, 0x1985, 0x1985, 0x1985, 0x1986, 0x19A6, 0x11A7, 0x11A8, 0x09A9, 0x09AA,
    0x01AB, 0x01CC, 0x01AD, 0x01AE, 0x01B0, 0x01B1, 0x01B3, 0x01B4, 0x01B6, 0x01B7, 0x01B8, 0x01B9, 0x01BA, 0x01BB, 0x01BC, 0x01BC,
    0x19A3, 0x19C4, 0x19A4, 0x19A3, 0x19C4, 0x19C4, 0x19C4, 0x19C5, 0x19C5, 0x19C6, 0x19C6, 0x11C7, 0x11C7, 0x11C8, 0x09E9, 0x01EA,
    0x01EB, 0x01EC, 0x01ED, 0x01EF, 0x01F0, 0x01F2, 0x01F3, 0x01F5, 0x01F6, 0x01F7, 0x01F9, 0x01FA, 0x01FA, 0x01FB, 0x021C, 0x021C,
    0x19E3, 0x19E4, 0x19E4, 0x19E4, 0x19E4, 0x19E4, 0x19E4, 0x19E5, 0x1A05, 0x1A06, 0x1206, 0x1207, 0x1208, 0x0A08, 0x0A09, 0x022A,
    0x022B, 0x022C, 0x022D, 0x022F, 0x0250, 0x0252, 0x0233, 0x0235, 0x0236, 0x0237, 0x0239, 0x023A, 0x023A, 0x025B, 0x025C, 0x025C,
    0x1A23, 0x1A24, 0x1A24, 0x1A24, 0x1A44, 0x1A24, 0x1224, 0x1245, 0x1245, 0x1246, 0x1246, 0x1247, 0x1248, 0x0A49, 0x0249, 0x026A,
    0x026B, 0x026C, 0x026D, 0x028F, 0x0290, 0x0292, 0x0293, 0x0295, 0x0296, 0x0297, 0x0299, 0x0279, 0x027A, 0x027B, 0x029B, 0x029C,
    0x2283, 0x1A83, 0x1A84, 0x1A84, 0x1A84, 0x1A84, 0x1284, 0x1285, 0x1285, 0x0A86, 0x0A87, 0x0A88, 0x0A88, 0x0A89, 0x028A, 0x02AB,
    0x02AC, 0x02AD, 0x02CE, 0x02CF, 0x02D1, 0x02D2, 0x02F4, 0x02F5, 0x02F6, 0x02D8, 0x02D9, 0x02DA, 0x02DA, 0x02DB, 0x02FB, 0x02FC,
    0x1AC3, 0x1AC3, 0x1AC4, 0x1AC4, 0x1AC4, 0x12C4, 0x12C4, 0x12C5, 0x0AC6, 0x02C6, 0x02C7, 0x02C8, 0x02E9, 0x02C9, 0x02EA, 0x02EB,
    0x02EC, 0x02ED, 0x030E, 0x0310, 0x0331, 0x0333, 0x0334, 0x0336, 0x0337, 0x0338, 0x0339, 0x033A, 0x033A, 0x033B, 0x033C, 0x033C,
    0x1B23, 0x1B23, 0x1B24, 0x1B24, 0x1B04, 0x1324, 0x1324, 0x0B25, 0x0326, 0x0326, 0x0327, 0x0328, 0x0329, 0x032A, 0x032A, 0x034B,
    0x034D, 0x034E, 0x034E, 0x0370, 0x0392, 0x0393, 0x0394, 0x0396, 0x0397, 0x0398, 0x0399, 0x039A, 0x039A, 0x039B, 0x039C, 0x039C,
    0x1B63, 0x1B63, 0x1B83, 0x1B83, 0x1384, 0x0B84, 0x0B84, 0x0385, 0x0386, 0x0386, 0x0387, 0x0388, 0x0389, 0x038A, 0x038B, 0x038C,
    0x038D, 0x03AE, 0x03CF, 0x03D1, 0x03D2, 0x03F3, 0x03F4, 0x03F6, 0x03F7, 0x03F8, 0x03F9, 0x03FA, 0x03FA, 0x03FB, 0x03FB, 0x03FC,
    0x13C3, 0x13C3, 0x13E3, 0x13E4, 0x13E4, 0x0BE4, 0x03E5, 0x03E5, 0x03E6, 0x03E7, 0x03E8, 0x03E8, 0x03E9, 0x040A, 0x040C, 0x040D,
    0x040E, 0x040F, 0x0430, 0x0431, 0x0432, 0x0454, 0x0455, 0x0456, 0x0457, 0x0458, 0x0459, 0x045A, 0x045B, 0x0C5B, 0x247C, 0x2C7C,
    0x1C43, 0x1443, 0x1443, 0x1444, 0x0C44, 0x0C44, 0x0445, 0x0446, 0x0446, 0x0447, 0x0448, 0x0449, 0x0469, 0x046B, 0x046C, 0x046D,
    0x046E, 0x046F, 0x0470, 0x0491, 0x0492, 0x0494, 0x0495, 0x04B6, 0x04B7, 0x04B8, 0x0499, 0x049A, 0x0C9A, 0x1CBB, 0x2CBC, 0x3CBC,
    0x1CA3, 0x14A3, 0x14A3, 0x14A3, 0x0CA4, 0x04A4, 0x04A5, 0x04C6, 0x04C7, 0x04A7, 0x04C8, 0x04C9, 0x04CA, 0x04CB, 0x04CC, 0x04CD,
    0x04CE, 0x04CF, 0x04D0, 0x04D1, 0x04F3, 0x04F4, 0x04F5, 0x04F6, 0x04F7, 0x04F8, 0x04F9, 0x14FA, 0x24FA, 0x34FB, 0x44FB, 0x4D1C,
    0x1D23, 0x1523, 0x1523, 0x1524, 0x1524, 0x0525, 0x0525, 0x0526, 0x0527, 0x0528, 0x0528, 0x0529, 0x052A, 0x052B, 0x052C, 0x052E,
    0x052F, 0x0530, 0x0531, 0x0532, 0x0553, 0x0554, 0x0556, 0x0556, 0x0557, 0x0D58, 0x1559, 0x2D5A, 0x455A, 0x4D5B, 0x5D5B, 0x657C,
    0x1D63, 0x1D64, 0x1D64, 0x1564, 0x1585, 0x1585, 0x0D86, 0x0587, 0x0587, 0x0588, 0x0589, 0x058A, 0x058B, 0x058C, 0x058D, 0x058E,
    0x058F, 0x0590, 0x0591, 0x0592, 0x0593, 0x0594, 0x05B6, 0x0597, 0x1598, 0x2D98, 0x3599, 0x459A, 0x559A, 0x5D9B, 0x6DBB, 0x75BC,
    0x25C4, 0x25C4, 0x25C5, 0x25C5, 0x1DC6, 0x1DC6, 0x1DC7, 0x1DC8, 0x15C8, 0x15E9, 0x0DEA, 0x0DEB, 0x0DEC, 0x0DED, 0x0DEE, 0x0DEF,
    0x0DF0, 0x0DF1, 0x15F2, 0x15F3, 0x15F4, 0x15F5, 0x1DF6, 0x25F7, 0x35F8, 0x45F9, 0x4DD9, 0x5DDA, 0x65DB, 0x6DFB, 0x7DFB, 0x85FC,
    0x3626, 0x2E26, 0x2E26, 0x3627, 0x2E27, 0x2E27, 0x2E28, 0x2E28, 0x2E29, 0x2E2A, 0x262B, 0x262C, 0x2E2D, 0x2E2E, 0x2E2F, 0x2E2F,
    0x2E30, 0x2E31, 0x3632, 0x3633, 0x3634, 0x3635, 0x3E36, 0x4637, 0x4E38, 0x5639, 0x5E19, 0x6E3A, 0x763A, 0x7E3B, 0x863B, 0x8E3C,
    0x3E67, 0x3E68, 0x3E68, 0x3E68, 0x3E68, 0x3E69, 0x3E69, 0x3E6A, 0x3E6A, 0x466B, 0x3E6C, 0x466D, 0x466E, 0x4E6F, 0x4E70, 0x4E70,
    0x4E71, 0x4E72, 0x4E73, 0x5674, 0x5675, 0x5675, 0x5676, 0x5E77, 0x5E78, 0x6659, 0x6E59, 0x765A, 0x7E5A, 0x865B, 0x8E5B, 0x967C,
    0x4E89, 0x4EA9, 0x4EA9, 0x4EAA, 0x4EAA, 0x4E8A, 0x4E8B, 0x568B, 0x568C, 0x568D, 0x568D, 0x568E, 0x5E8F, 0x5E90, 0x5E91, 0x6691,
    0x6692, 0x6693, 0x6694, 0x6694, 0x6695, 0x6696, 0x6E96, 0x6E97, 0x6E98, 0x7699, 0x7699, 0x7E9A, 0x869A, 0x8E9B, 0x969B, 0x9E9C,
    0x5ECB, 0x5ECB, 0x5ECB, 0x5ECC, 0x5ECC, 0x5ECC, 0x66CC, 0x66CD, 0x66CE, 0x66CE, 0x6ECF, 0x6EB0, 0x6EB0, 0x6EB1, 0x76D2, 0x76B2,
    0x76D3, 0x76D3, 0x76B4, 0x7EB5, 0x7EB6, 0x7EB6, 0x7EB6, 0x7EB7, 0x7EB8, 0x86B9, 0x86B9, 0x8EBA, 0x96BA, 0x96BB, 0x9EBB, 0xA6BC,
    0x6EED, 0x6EED, 0x6EEE, 0x6EEE, 0x76EE, 0x76EE, 0x76EE, 0x76EF, 0x76EF, 0x76F0, 0x7EF1, 0x7EF1, 0x7EF2, 0x7ED2, 0x86F3, 0x86F4,
    0x86F4, 0x86F4, 0x8EF5, 0x8ED6, 0x8ED6, 0x8ED6, 0x8EF7, 0x8EF8, 0x8EF8, 0x8EF9, 0x96F9, 0x96DA, 0x9EFA, 0x9EFB, 0xA6FB, 0xAEDC,
    0x8710, 0x8710, 0x8710, 0x8710, 0x8710, 0x8710, 0x8711, 0x8711, 0x8711, 0x8F12, 0x8F12, 0x8F13, 0x8F13, 0x8F13, 0x8F14, 0x96F5,
    0x9715, 0x9716, 0x96F6, 0x96F6, 0x96F7, 0x9EF7, 0x9EF8, 0x9F18, 0x9F19, 0x9F19, 0x9EFA, 0xA6FA, 0xA71A, 0xAF1B, 0xAEFB, 0xB71C,
    0x9712, 0x9732, 0x9732, 0x9732, 0x9732, 0x9732, 0x9733, 0x9733, 0x9F13, 0x9F14, 0x9F14, 0x9F14, 0x9F14, 0x9F35, 0xA735, 0xA716,
    0xA716, 0xA716, 0xA717, 0xA717, 0xA717, 0xA718, 0xA718, 0xA719, 0xA739, 0xAF19, 0xAF1A, 0xAF1A, 0xAF1B, 0xB71B, 0xB71C, 0xBF3C,
    0xA734, 0xA734, 0xA735, 0xAF35, 0xAF34, 0xA755, 0xAF35, 0xAF35, 0xAF35, 0xAF36, 0xAF36, 0xAF36, 0xAF36, 0xAF36, 0xAF36, 0xAF37,
    0xAF37, 0xAF57, 0xB758, 0xB738, 0xB738, 0xAF38, 0xB738, 0xB739, 0xB739, 0xB73A, 0xB73A, 0xB73B, 0xB73B, 0xB73B, 0xBF5B, 0xBF5C,
    0x2103, 0x2103, 0x2104, 0x2104, 0x2104, 0x2104, 0x2104, 0x2104, 0x2104, 0x2104, 0x2105, 0x2105, 0x2106, 0x1906, 0x1907, 0x1908,
    0x18E9, 0x18EA, 0x18EB, 0x18ED, 0x18CE, 0x18D0, 0x10B1, 0x1093, 0x0875, 0x0856, 0x0038, 0x0019, 0x001A, 0x001B, 0x001C, 0x001C,
    0x2103, 0x2103, 0x2104, 0x2104, 0x2104, 0x2104, 0x2104, 0x2104, 0x2104, 0x2104, 0x1905, 0x2105, 0x2106, 0x1907, 0x18E7, 0x18E8,
    0x18E9, 0x18EA, 0x18EB, 0x18ED, 0x18CE, 0x10D0, 0x10B1, 0x1093, 0x0875, 0x0056, 0x0038, 0x0019, 0x001A, 0x001B, 0x001C, 0x001C,
    0x2104, 0x2104, 0x2104, 0x2104, 0x2104, 0x2104, 0x2104, 0x2104, 0x2104, 0x2104, 0x2105, 0x2105, 0x2106, 0x20E7, 0x1908, 0x1908,
    0x18E9, 0x18EA, 0x18EB, 0x18ED, 0x18CE, 0x10D0, 0x10D1, 0x08B3, 0x0095, 0x0076, 0x0038, 0x0019, 0x001A, 0x001B, 0x001C, 0x001C,
    0x2104, 0x2104, 0x2104, 0x2104, 0x2104, 0x2104, 0x2104, 0x2104, 0x2104, 0x2104, 0x2105, 0x1905, 0x1906, 0x2107, 0x1908, 0x1908,
    0x1909, 0x18EA, 0x18EC, 0x18ED, 0x10EE, 0x08D0, 0x08D1, 0x00B4, 0x0095, 0x0076, 0x0058, 0x0039, 0x001A, 0x001B, 0x001C, 0x001C,
    0x2104, 0x2104, 0x2104, 0x2104, 0x2104, 0x2104, 0x2104, 0x2104, 0x2104, 0x2105, 0x1905, 0x1906, 0x1906, 0x1907, 0x1908, 0x1908,
    0x1909, 0x10EA, 0x10EC, 0x10ED, 0x10EE, 0x08F0, 0x00D1, 0x00B3, 0x00B5, 0x0097, 0x0078, 0x0079, 0x005A, 0x003B, 0x003C, 0x005C,
    0x2104, 0x2104, 0x2104, 0x2104, 0x2104, 0x2104, 0x2104, 0x2104, 0x1904, 0x2105, 0x1905, 0x1906, 0x1906, 0x1907, 0x1908, 0x1909,
    0x110A, 0x110A, 0x110C, 0x08ED, 0x08EF, 0x00F0, 0x00F2, 0x00D4, 0x00D5, 0x00B7, 0x0098, 0x0099, 0x009A, 0x009B, 0x007C, 0x009C,
    0x2104, 0x2104, 0x2104, 0x2124, 0x2104, 0x2124, 0x2104, 0x2104, 0x1924, 0x2125, 0x1925, 0x1926, 0x1926, 0x1927, 0x1928, 0x1129,
    0x112A, 0x112B, 0x090C, 0x010D, 0x010F, 0x0110, 0x00F2, 0x00F4, 0x00F5, 0x00D6, 0x00D8, 0x00B9, 0x00BA, 0x00BB, 0x00BC, 0x00BC,
    0x2124, 0x2124, 0x2124, 0x2124, 0x2124, 0x1924, 0x1924, 0x2124, 0x1924, 0x1925, 0x1925, 0x1926, 0x1926, 0x1927, 0x1128, 0x1129,
    0x092A, 0x092B, 0x012C, 0x012D, 0x012F, 0x0130, 0x0112, 0x0114, 0x0115, 0x00F7, 0x00F8, 0x00F9, 0x00FA, 0x00FB, 0x00FC, 0x00FC,
    0x2124, 0x2144, 0x2144, 0x2144, 0x1944, 0x1944, 0x1944, 0x1944, 0x1945, 0x1945, 0x1946, 0x1946, 0x1946, 0x1947, 0x1148, 0x1149,
    0x094A, 0x014B, 0x014D, 0x014E, 0x014F, 0x0151, 0x0132, 0x0154, 0x0136, 0x0137, 0x0138, 0x0139, 0x013A, 0x013B, 0x013C, 0x013C,
    0x2163, 0x2163, 0x2164, 0x2164, 0x1964, 0x1964, 0x1964, 0x1964, 0x1965, 0x1965, 0x1965, 0x1966, 0x1967, 0x1168, 0x1188, 0x0969,
    0x016A, 0x016B, 0x018D, 0x016E, 0x016F, 0x0171, 0x0173, 0x0174, 0x0176, 0x0177, 0x0178, 0x015A, 0x017A, 0x017B, 0x017B, 0x017C,
    0x2183, 0x2183, 0x1983, 0x1984, 0x1984, 0x1984, 0x1984, 0x1985, 0x1985, 0x1985, 0x1986, 0x1986, 0x19A7, 0x11A8, 0x11A9, 0x09A9,
    0x01AA, 0x01AC, 0x01AD, 0x01AE, 0x01B0, 0x01B1, 0x01B3, 0x01B4, 0x01B6, 0x01B7, 0x01B8, 0x01B9, 0x01BA, 0x01BB, 0x01BC, 0x01BC,
    0x21C3, 0x21C3, 0x19A4, 0x19C4, 0x19C4, 0x19C4, 0x19C4, 0x19C5, 0x19C5, 0x19C6, 0x19C6, 0x19C7, 0x11C7, 0x11E8, 0x09C9, 0x09EA,
    0x01EB, 0x01EC, 0x01ED, 0x01EF, 0x01F0, 0x01F1, 0x01F3, 0x01F5, 0x01F6, 0x01F7, 0x01F8, 0x01F9, 0x01FA, 0x01FB, 0x021C, 0x021C,
    0x1A03, 0x19E3, 0x19E4, 0x19E4, 0x1A04, 0x19E4, 0x1A04, 0x1A05, 0x1A05, 0x1A06, 0x1A06, 0x1A07, 0x1208, 0x1208, 0x0A29, 0x022A,
    0x022B, 0x022C, 0x022D, 0x024F, 0x0250, 0x0252, 0x0233, 0x0235, 0x0236, 0x0237, 0x0238, 0x023A, 0x023A, 0x023B, 0x025C, 0x025C,
    0x1A23, 0x1A23, 0x1A24, 0x1A44, 0x1A44, 0x1A44, 0x1A45, 0x1245, 0x1245, 0x1246, 0x1246, 0x1247, 0x1248, 0x1248, 0x0A49, 0x026A,
    0x026B, 0x026D, 0x026E, 0x028F, 0x0291, 0x0292, 0x0293, 0x0295, 0x0296, 0x0277, 0x0279, 0x0279, 0x027A, 0x027B, 0x027B, 0x029C,
    0x1A83, 0x1A83, 0x1A84, 0x1A84, 0x1A84, 0x1A84, 0x1284, 0x1285, 0x1285, 0x1286, 0x0A87, 0x0A88, 0x0A88, 0x0A89, 0x02AA, 0x02AB,
    0x02AC, 0x02AD, 0x02CE, 0x02CF, 0x02D1, 0x02D2, 0x02F4, 0x02F5, 0x02F6, 0x02D8, 0x02D9, 0x02D9, 0x02DA, 0x02DB, 0x02DC, 0x02DC,
    0x1AC3, 0x1AC3, 0x1AC4, 0x1AC4, 0x1AC4, 0x1AC4, 0x12C5, 0x12C5, 0x0AC6, 0x0AC6, 0x02C7, 0x02C8, 0x02E8, 0x02C9, 0x02CA, 0x02EB,
    0x02EC, 0x030D, 0x030E, 0x0310, 0x0331, 0x0332, 0x0334, 0x0335, 0x0337, 0x0358, 0x0339, 0x033A, 0x033A, 0x033B, 0x033C, 0x033C,
    0x1B03, 0x1B23, 0x1B24, 0x1B24, 0x1B04, 0x1324, 0x1325, 0x0B25, 0x0B26, 0x0326, 0x0327, 0x0328, 0x0329, 0x032A, 0x032A, 0x032B,
    0x034D, 0x034E, 0x034F, 0x0370, 0x0371, 0x0393, 0x0394, 0x0396, 0x0397, 0x0398, 0x0399, 0x039A, 0x039A, 0x039B, 0x039B, 0x039C,
    0x1B63, 0x1B83, 0x1B84, 0x1B84, 0x1B64, 0x1384, 0x0B84, 0x0B85, 0x0386, 0x0387, 0x0387, 0x0388, 0x0389, 0x038A, 0x038B, 0x038C,
    0x03AD, 0x03AE, 0x03CF, 0x03D0, 0x03D2, 0x03F3, 0x03F5, 0x03F6, 0x03F7, 0x03F8, 0x03F9, 0x03FA, 0x03FA, 0x03FB, 0x03FC, 0x0BFC,
    0x1BC3, 0x1BE3, 0x1BE3, 0x1BE4, 0x13E4, 0x13E4, 0x0BE5, 0x03E6, 0x03E6, 0x03E7, 0x03E7, 0x03E8, 0x03E9, 0x040B, 0x03EC, 0x040D,
    0x040D, 0x040E, 0x0430, 0x0431, 0x0432, 0x0433, 0x0455, 0x0456, 0x0457, 0x0458, 0x0459, 0x045A, 0x045A, 0x0C5B, 0x245B, 0x2C5C,
    0x1C43, 0x1C43, 0x1C43, 0x1444, 0x1444, 0x0C44, 0x0445, 0x0446, 0x0446, 0x0447, 0x0448, 0x0469, 0x046A, 0x046B, 0x046C, 0x046D,
    0x046E, 0x046F, 0x0470, 0x0491, 0x0492, 0x0494, 0x0495, 0x04B6, 0x0497, 0x04B8, 0x04B9, 0x049A, 0x0C9A, 0x1CBB, 0x34BB, 0x3CBC,
    0x1CA3, 0x1CA3, 0x1CA3, 0x14A4, 0x14C4, 0x0CA4, 0x04A5, 0x04C6, 0x04C7, 0x04C7, 0x04C8, 0x04C9, 0x04CA, 0x04CB, 0x04CC, 0x04CD,
    0x04CE, 0x04CF, 0x04D0, 0x04F1, 0x04F3, 0x04F4, 0x04F5, 0x04F6, 0x04F7, 0x04F8, 0x04F9, 0x14FA, 0x24FA, 0x34FB, 0x44FC, 0x551C,
    0x1D23, 0x1D23, 0x1D23, 0x1524, 0x1524, 0x0D25, 0x0525, 0x0526, 0x0527, 0x0528, 0x0528, 0x0529, 0x052A, 0x052B, 0x052C, 0x052E,
    0x052F, 0x0530, 0x0551, 0x0552, 0x0553, 0x0554, 0x0555, 0x0556, 0x0557, 0x0D58, 0x1559, 0x355A, 0x455A, 0x4D5B, 0x5D5C, 0x655C,
    0x1D83, 0x1D83, 0x1D84, 0x1D84, 0x1D85, 0x1585, 0x0D86, 0x0D86, 0x0587, 0x0588, 0x0589, 0x058A, 0x058B, 0x058C, 0x058D, 0x058E,
    0x058F, 0x0590, 0x05B1, 0x0592, 0x0593, 0x0594, 0x05B6, 0x0597, 0x1D98, 0x2D98, 0x3D99, 0x459A, 0x559A, 0x5D9B, 0x6D9C, 0x75BC,
    0x25C4, 0x25C4, 0x25C5, 0x25C5, 0x25C6, 0x25C6, 0x1DE7, 0x1DE8, 0x1DE8, 0x15C9, 0x15CA, 0x15EB, 0x0DEC, 0x0DED, 0x0DED, 0x0DEF,
    0x15F0, 0x15F1, 0x1DF2, 0x1DF3, 0x1DF4, 0x1DF5, 0x1DF6, 0x2DD7, 0x35F8, 0x45F8, 0x4DD9, 0x5DDA, 0x65DA, 0x6DDB, 0x7DFC, 0x7DFC,
    0x3626, 0x3626, 0x3626, 0x3626, 0x3627, 0x2E27, 0x2E28, 0x2E29, 0x2E29, 0x2E2A, 0x2E2B, 0x2E2C, 0x2E2D, 0x2E2E, 0x2E2E, 0x2E2F,
    0x2E30, 0x3631, 0x3632, 0x3633, 0x3634, 0x3635, 0x3E36, 0x4637, 0x4E38, 0x5639, 0x5E39, 0x6E3A, 0x763A, 0x7E3B, 0x863B, 0x8E3C,
    0x3E67, 0x3E67, 0x3E68, 0x3E68, 0x3E68, 0x3E69, 0x3E69, 0x3E6A, 0x466B, 0x466B, 0x466C, 0x466D, 0x466E, 0x4E6F, 0x4E6F, 0x4E70,
    0x4E71, 0x4E72, 0x4E73, 0x5674, 0x5675, 0x5675, 0x5676, 0x5E77, 0x5E78, 0x6679, 0x6E59, 0x765A, 0x7E5A, 0x865B, 0x8E5B, 0x967C,
    0x4E89, 0x4EA9, 0x4EA9, 0x4EAA, 0x4EAA, 0x4E8A, 0x4E8B, 0x568B, 0x568C, 0x568D, 0x568D, 0x568E, 0x5E8F, 0x5E90, 0x5E90, 0x6691,
    0x6692, 0x6693, 0x6693, 0x6694, 0x6695, 0x6696, 0x6E96, 0x6E97, 0x6E98, 0x6E99, 0x7699, 0x7E9A, 0x869A, 0x8E7B, 0x969B, 0x9E9C,
    0x5ECB, 0x5ECB, 0x5ECC, 0x5ECC, 0x5ECC, 0x66CC, 0x66CD, 0x66CD, 0x66CE, 0x66CE, 0x66CF, 0x6ED0, 0x6ED0, 0x6ED1, 0x76D1, 0x76B2,
    0x76B3, 0x76B4, 0x76D4, 0x7ED5, 0x7EB5, 0x7EB6, 0x7EB7, 0x7EB8, 0x86B8, 0x86B9, 0x86B9, 0x8EBA, 0x96BB, 0x9EBB, 0x9EBB, 0xA6BC,
    0x6EED, 0x6EED, 0x6EEE, 0x6EEE, 0x76EE, 0x76EE, 0x76EF, 0x76EF, 0x76F0, 0x76F0, 0x7EF1, 0x7EF1, 0x7EF2, 0x86F2, 0x86F3, 0x86F3,
    0x86F4, 0x86F4, 0x86D5, 0x8ED6, 0x8EF6, 0x8EF7, 0x8ED7, 0x8EF8, 0x8EF8, 0x8EF9, 0x96D9, 0x96DA, 0x9EDB, 0xA6DB, 0xA6DB, 0xAEDC,
    0x870F, 0x8710, 0x8710, 0x8710, 0x8710, 0x8710, 0x8711, 0x8711, 0x8712, 0x8F12, 0x8F12, 0x8F13, 0x8F13, 0x9714, 0x9714, 0x96F4,
    0x96F5, 0x96F5, 0x96F6, 0x96F6, 0x96F7, 0x9EF7, 0x9EF8, 0x9F18, 0x9F19, 0x9EF9, 0x9EFA, 0xA6FA, 0xA6FA, 0xA71B, 0xAF1B, 0xB6FC,
    0x9732, 0x9712, 0x9732, 0x9732, 0x9732, 0x9732, 0x9733, 0x9733, 0x9F34, 0x9F34, 0x9F34, 0x9F34, 0x9F35, 0x9F15, 0xA715, 0xA716,
    0xA716, 0xA716, 0xA717, 0xA717, 0xA717, 0xA718, 0xA718, 0xAF19, 0xAF19, 0xAF19, 0xAF1A, 0xAF1A, 0xAF1B, 0xAF1B, 0xB71B, 0xBF1C,
    0xA734, 0xA734, 0xA734, 0xA734, 0xAF54, 0xA735, 0xA735, 0xAF35, 0xAF35, 0xAF35, 0xAF35, 0xAF36, 0xAF36, 0xAF36, 0xAF37, 0xAF37,
    0xAF37, 0xB737, 0xAF38, 0xB738, 0xB738, 0xB739, 0xB739, 0xB739, 0xB739, 0xB73A, 0xB73A, 0xB73A, 0xB73B, 0xB73B, 0xB73C, 0xBF3C,
    0x2104, 0x2103, 0x2104, 0x2104, 0x2104, 0x2104, 0x2104, 0x2104, 0x2104, 0x2104, 0x2105, 0x2105, 0x2106, 0x2106, 0x2107, 0x1908,
    0x18E9, 0x18EA, 0x18EB, 0x18CD, 0x18CE, 0x18D0, 0x18B1, 0x1093, 0x1075, 0x0856, 0x0818, 0x0019, 0x001A, 0x001B, 0x001B, 0x001C,
    0x2104, 0x2104, 0x2104, 0x2104, 0x2104, 0x2104, 0x2104, 0x2104, 0x2104, 0x2104, 0x2105, 0x2105, 0x2106, 0x1906, 0x2107, 0x1908,
    0x18E9, 0x18EA, 0x18EB, 0x18ED, 0x18CE, 0x18D0, 0x10B1, 0x1093, 0x1075, 0x0856, 0x0038, 0x0019, 0x001A, 0x001B, 0x001B, 0x001C,
    0x2104, 0x2104, 0x2104, 0x2104, 0x2104, 0x2104, 0x2104, 0x2104, 0x2104, 0x2104, 0x2105, 0x2105, 0x2106, 0x2107, 0x1908, 0x1908,
    0x18E9, 0x18EA, 0x18EB, 0x18ED, 0x18CE, 0x10D0, 0x10B1, 0x10B3, 0x0895, 0x0056, 0x0038, 0x0019, 0x001A, 0x001B, 0x001B, 0x001C,
    0x2104, 0x2104, 0x2104, 0x2104, 0x2104, 0x2104, 0x2104, 0x2104, 0x2104, 0x2104, 0x2105, 0x1905, 0x2106, 0x2107, 0x1908, 0x1908,
    0x1909, 0x18EA, 0x18EC, 0x18ED, 0x10EE, 0x10D0, 0x08D2, 0x08B3, 0x0095, 0x0076, 0x0058, 0x0039, 0x001A, 0x001B, 0x001B, 0x001C,
    0x2104, 0x2104, 0x2104, 0x2104, 0x2104, 0x2104, 0x2104, 0x2104, 0x2104, 0x2105, 0x1905, 0x1906, 0x1906, 0x1907, 0x1908, 0x1908,
    0x1909, 0x190A, 0x18EC, 0x10ED, 0x10EE, 0x08F0, 0x08D2, 0x00B3, 0x00B5, 0x0097, 0x0078, 0x0059, 0x005A, 0x003B, 0x003B, 0x003C,
    0x2104, 0x2104, 0x2104, 0x2104, 0x2104, 0x2104, 0x2104, 0x2104, 0x2104, 0x2105, 0x1905, 0x1906, 0x1906, 0x1907, 0x1908, 0x1909,
    0x190A, 0x110A, 0x110C, 0x10ED, 0x08EF, 0x08F0, 0x00F2, 0x00D4, 0x00D5, 0x00B7, 0x0098, 0x0099, 0x007A, 0x007B, 0x009C, 0x009C,
    0x2104, 0x2104, 0x2104, 0x2124, 0x2124, 0x2124, 0x2124, 0x2104, 0x1924, 0x1925, 0x1925, 0x1926, 0x1926, 0x1927, 0x1928, 0x1929,
    0x112A, 0x112B, 0x110C, 0x090D, 0x010F, 0x0110, 0x00F2, 0x00F4, 0x00F5, 0x00D6, 0x00D8, 0x00B9, 0x00BA, 0x00BB, 0x00BC, 0x00BC,
    0x2124, 0x2124, 0x2124, 0x2124, 0x2124, 0x1924, 0x1924, 0x1924, 0x1924, 0x1925, 0x1925, 0x1926, 0x1927, 0x1927, 0x1128, 0x1129,
    0x112A, 0x092B, 0x092C, 0x012E, 0x012F, 0x0130, 0x0112, 0x0114, 0x0115, 0x00F7, 0x00F8, 0x00F9, 0x00FA, 0x00FB, 0x00FC, 0x00FC,
    0x2144, 0x2144, 0x2144, 0x2144, 0x1944, 0x1944, 0x1944, 0x1944, 0x1945, 0x1945, 0x1945, 0x1946, 0x1947, 0x1947, 0x1148, 0x1149,
    0x094A, 0x014B, 0x014D, 0x014E, 0x014F, 0x0151, 0x0152, 0x0134, 0x0136, 0x0137, 0x0138, 0x0139, 0x013A, 0x013B, 0x013C, 0x013C,
    0x2163, 0x2163, 0x2164, 0x2164, 0x1964, 0x1964, 0x2164, 0x1965, 0x1965, 0x1965, 0x1966, 0x1966, 0x1967, 0x1968, 0x1188, 0x1169,
    0x096A, 0x016B, 0x018D, 0x018E, 0x016F, 0x0171, 0x0172, 0x0174, 0x0176, 0x0177, 0x0178, 0x0179, 0x017A, 0x017B, 0x017C, 0x017C,
    0x2183, 0x2184, 0x2184, 0x2184, 0x2184, 0x1984, 0x1984, 0x1984, 0x1985, 0x1985, 0x1986, 0x1986, 0x19A7, 0x19A8, 0x11A8, 0x09A9,
    0x01AA, 0x01AC, 0x01AD, 0x01AE, 0x01B0, 0x01B1, 0x01B3, 0x01B4, 0x01B6, 0x01B7, 0x01B8, 0x01B9, 0x01BA, 0x01BB, 0x01BC, 0x01BC,
    0x21C3, 0x21C4, 0x21C4, 0x21C4, 0x19C4, 0x19C4, 0x19C4, 0x19C5, 0x19C5, 0x19C5, 0x19C6, 0x19C7, 0x19C7, 0x11C8, 0x11C9, 0x09EA,
    0x01EB, 0x01EC, 0x01ED, 0x01EF, 0x01F0, 0x01F1, 0x01F3, 0x01F5, 0x01F6, 0x01F7, 0x01F8, 0x01F9, 0x01FA, 0x01FB, 0x021C, 0x021C,
    0x2203, 0x21E3, 0x21E4, 0x19E4, 0x1A04, 0x19E4, 0x1A04, 0x1A05, 0x1A05, 0x1A06, 0x1A06, 0x1A07, 0x1208, 0x1208, 0x0A09, 0x0A2A,
    0x022B, 0x022C, 0x022D, 0x024F, 0x0250, 0x0252, 0x0233, 0x0235, 0x0236, 0x0237, 0x0238, 0x023A, 0x023A, 0x023B, 0x025C, 0x025C,
    0x2243, 0x2223, 0x2224, 0x1A44, 0x1A44, 0x1A44, 0x1A44, 0x1A45, 0x1A45, 0x1226, 0x1247, 0x1247, 0x1248, 0x1248, 0x0A49, 0x026A,
    0x026B, 0x026D, 0x028E, 0x028F, 0x0291, 0x0292, 0x0294, 0x0295, 0x0296, 0x0277, 0x0278, 0x0279, 0x027A, 0x029B, 0x029C, 0x029C,
    0x1A83, 0x2283, 0x2284, 0x2284, 0x1A84, 0x1A84, 0x1A84, 0x1285, 0x1285, 0x1286, 0x1287, 0x1287, 0x1288, 0x0A89, 0x0AAA, 0x02AB,
    0x02AC, 0x02AD, 0x02CE, 0x02CF, 0x02D1, 0x02D2, 0x02F4, 0x02D5, 0x02D6, 0x02D7, 0x02D9, 0x02DA, 0x02DA, 0x02DB, 0x02DC, 0x02DC,
    0x1AC3, 0x22C3, 0x22C4, 0x1AC4, 0x1AC4, 0x1AC4, 0x1AC5, 0x12C5, 0x12C5, 0x0AC6, 0x0AC7, 0x0AC8, 0x0AC8, 0x0AC9, 0x02EA, 0x02EB,
    0x02EC, 0x030D, 0x030E, 0x0310, 0x0331, 0x0332, 0x0334, 0x0335, 0x0336, 0x0338, 0x0339, 0x033A, 0x033A, 0x033B, 0x033C, 0x033C,
    0x2303, 0x2323, 0x1B24, 0x1B04, 0x1B04, 0x1B24, 0x1325, 0x1325, 0x0B26, 0x0326, 0x0327, 0x0328, 0x0329, 0x032A, 0x032A, 0x032B,
    0x034D, 0x034E, 0x036F, 0x0370, 0x0371, 0x0393, 0x0394, 0x0396, 0x0397, 0x0398, 0x0399, 0x039A, 0x039A, 0x039B, 0x039C, 0x039C,
    0x2363, 0x1B63, 0x1B83, 0x1B84, 0x1B64, 0x1384, 0x1384, 0x0B85, 0x0B86, 0x0387, 0x0387, 0x0388, 0x0389, 0x038A, 0x038B, 0x038C,
    0x03AD, 0x03AE, 0x03AF, 0x03D1, 0x03D2, 0x03F3, 0x03F5, 0x03F6, 0x03F7, 0x03F8, 0x03F9, 0x03FA, 0x03FA, 0x03FB, 0x0BFC, 0x0BFC,
    0x1BC3, 0x1BE3, 0x1BE3, 0x1BE3, 0x1BE4, 0x13E4, 0x13E5, 0x0BE6, 0x03E6, 0x03E7, 0x03E7, 0x03E8, 0x03E9, 0x040A, 0x040C, 0x040D,
    0x040D, 0x040E, 0x0430, 0x0431, 0x0432, 0x0433, 0x0455, 0x0456, 0x0457, 0x0458, 0x0459, 0x045A, 0x045A, 0x145B, 0x245C, 0x345C,
    0x1C43, 0x1C43, 0x1C43, 0x1C44, 0x1444, 0x1444, 0x0C45, 0x0446, 0x0446, 0x0447, 0x0468, 0x0469, 0x046A, 0x046B, 0x046C, 0x046D,
    0x046E, 0x046F, 0x0470, 0x0491, 0x0492, 0x0494, 0x0495, 0x0496, 0x04B7, 0x04B8, 0x04B9, 0x049A, 0x0C9A, 0x24BB, 0x34BC, 0x44BC,
    0x1CC3, 0x1CA3, 0x1CA3, 0x1CA4, 0x14A4, 0x14C4, 0x0CC5, 0x04C6, 0x04C7, 0x04C7, 0x04C8, 0x04C9, 0x04CA, 0x04CB, 0x04CC, 0x04CD,
    0x04CE, 0x04CF, 0x04D0, 0x04F2, 0x04F3, 0x04F4, 0x04F5, 0x04F6, 0x04F7, 0x04F8, 0x0CF9, 0x14FA, 0x24FA, 0x3CFB, 0x44FB, 0x54FC,
    0x2523, 0x1D23, 0x1D23, 0x1D24, 0x1D24, 0x1525, 0x0D25, 0x0526, 0x0527, 0x0528, 0x0528, 0x0529, 0x052A, 0x052B, 0x052C, 0x052E,
    0x052F, 0x0530, 0x0551, 0x0552, 0x0553, 0x0554, 0x0555, 0x0556, 0x0557, 0x0D58, 0x1D59, 0x355A, 0x455A, 0x4D5B, 0x5D5B, 0x655C,
    0x2584, 0x2584, 0x2584, 0x2584, 0x1D85, 0x1D85, 0x1586, 0x0D87, 0x0D67, 0x0588, 0x0589, 0x058A, 0x058B, 0x058C, 0x058D, 0x058E,
    0x058F, 0x0590, 0x0591, 0x0592, 0x0594, 0x0595, 0x0596, 0x0D97, 0x1D98, 0x2D98, 0x3D99, 0x4D9A, 0x559A, 0x659B, 0x6D9B, 0x759C,
    0x2DC5, 0x2DC4, 0x2DC5, 0x25E5, 0x25E6, 0x25E6, 0x25C7, 0x1DC7, 0x1DC8, 0x1DE9, 0x1DEA, 0x15EB, 0x15EC, 0x15ED, 0x15EE, 0x15EF,
    0x15F0, 0x15F1, 0x1DF2, 0x1DF3, 0x1DF4, 0x1DF5, 0x25F6, 0x2DF7, 0x3DF8, 0x45F9, 0x4DD9, 0x5DDA, 0x65DA, 0x6DDB, 0x7DFB, 0x7DFC,
    0x3626, 0x3626, 0x3626, 0x3626, 0x3627, 0x3627, 0x3628, 0x3628, 0x3629, 0x2E2A, 0x2E2B, 0x2E2C, 0x2E2D, 0x2E2E, 0x2E2E, 0x362F,
    0x3630, 0x3631, 0x3E32, 0x3E33, 0x3E34, 0x3E35, 0x3E36, 0x4637, 0x4E38, 0x5639, 0x5E19, 0x6E1A, 0x763A, 0x7E3B, 0x863B, 0x8E3C,
    0x3E67, 0x4667, 0x4668, 0x4668, 0x4668, 0x4669, 0x4669, 0x466A, 0x466B, 0x466B, 0x466C, 0x466D, 0x466E, 0x4E6F, 0x4E6F, 0x4E70,
    0x4E71, 0x4E72, 0x5673, 0x5674, 0x5675, 0x5676, 0x5E76, 0x5E77, 0x5E78, 0x6659, 0x6E59, 0x765A, 0x7E5A, 0x865B, 0x8E5B, 0x967C,
    0x4E89, 0x4E89, 0x4EA9, 0x4EAA, 0x4E8A, 0x4E8A, 0x56AB, 0x568B, 0x568C, 0x568D, 0x568D, 0x5E8E, 0x5E8F, 0x5E90, 0x5E91, 0x6691,
    0x6692, 0x6693, 0x6693, 0x6694, 0x6695, 0x6E96, 0x6E97, 0x6E97, 0x6E98, 0x7699, 0x7E99, 0x869A, 0x869A, 0x8E9B, 0x969B, 0x9E9C,
    0x5ECB, 0x5ECB, 0x5ECC, 0x5ECC, 0x66CC, 0x66CC, 0x66CD, 0x66CD, 0x66CE, 0x66CE, 0x6ECF, 0x6ED0, 0x6ED0, 0x6ED1, 0x76B1, 0x76B2,
    0x76B3, 0x7EB4, 0x76D4, 0x7ED5, 0x7EB6, 0x7EB6, 0x7EB7, 0x7EB8, 0x86B8, 0x86B9, 0x86BA, 0x8EBA, 0x96BB, 0x96BB, 0x9EBB, 0xA6BB,
    0x6EED, 0x76EE, 0x76EE, 0x76EE, 0x76EE, 0x76EE, 0x76EF, 0x76EF, 0x76F0, 0x7EF0, 0x7EF1, 0x7EF1, 0x7EF2, 0x86F2, 0x86F3, 0x86F3,
    0x86F4, 0x8EF4, 0x8EF5, 0x8EF6, 0x8EF6, 0x8ED7, 0x8ED7, 0x8ED8, 0x8ED8, 0x8EF9, 0x96FA, 0x96DA, 0x9EDB, 0xA6DB, 0xA6DB, 0xAEDC,
    0x8710, 0x8710, 0x8710, 0x8710, 0x8710, 0x8710, 0x8711, 0x8711, 0x8F11, 0x8F12, 0x8F12, 0x8F13, 0x8F13, 0x96F4, 0x96F4, 0x96F4,
    0x9715, 0x9715, 0x9716, 0x96F6, 0x9EF7, 0x9EF7, 0x9EF8, 0x9EF8, 0x9EF9, 0x9F19, 0x9EFA, 0xA6FA, 0xA6FB, 0xAEFB, 0xAEFB, 0xB6FC,
    0x9732, 0x9732, 0x9732, 0x9732, 0x9712, 0x9732, 0x9733, 0x9733, 0x9F33, 0x9F34, 0x9F14, 0x9F14, 0x9F14, 0x9F15, 0x9F15, 0xA716,
    0xA716, 0xA716, 0xA717, 0xA717, 0xA717, 0xA718, 0xA718, 0xAF19, 0xAF19, 0xAF19, 0xAF1A, 0xAF1A, 0xAF1B, 0xAF1B, 0xB71B, 0xBF1C,
    0xA734, 0xA734, 0xA734, 0xA734, 0xA735, 0xA755, 0xA735, 0xAF35, 0xAF35, 0xAF35, 0xAF35, 0xAF36, 0xAF36, 0xAF36, 0xAF36, 0xAF37,
    0xAF37, 0xB737, 0xB738, 0xB738, 0xB738, 0xB738, 0xB739, 0xB739, 0xB739, 0xB73A, 0xB73A, 0xB73A, 0xB73B, 0xB73B, 0xB73C, 0xBF3C,
    0x2104, 0x2104, 0x2104, 0x2104, 0x2104, 0x2104, 0x2104, 0x2104, 0x2104, 0x2104, 0x2105, 0x2105, 0x2106, 0x2107, 0x20E7, 0x20E8,
    0x20E9, 0x20EA, 0x18EB, 0x18CC, 0x18CE, 0x18D0, 0x18B1, 0x1893, 0x1075, 0x1056, 0x1018, 0x0819, 0x081A, 0x081B, 0x001B, 0x001C,
    0x2104, 0x2104, 0x2104, 0x2104, 0x2104, 0x2104, 0x2104, 0x2104, 0x2104, 0x2104, 0x2105, 0x2105, 0x2106, 0x2106, 0x20E7, 0x20E8,
    0x20E9, 0x20EA, 0x18EB, 0x18ED, 0x18CE, 0x18D0, 0x18B1, 0x1893, 0x1075, 0x1056, 0x0838, 0x0819, 0x081A, 0x001B, 0x001B, 0x001C,
    0x2104, 0x2104, 0x2104, 0x2104, 0x2104, 0x2104, 0x2104, 0x2104, 0x2104, 0x2104, 0x2105, 0x2105, 0x2106, 0x2107, 0x2107, 0x2108,
    0x2109, 0x20EA, 0x18EC, 0x18ED, 0x18CE, 0x18D0, 0x18B1, 0x1093, 0x1075, 0x0856, 0x0838, 0x0019, 0x001A, 0x001B, 0x001B, 0x001C,
    0x2104, 0x2103, 0x2104, 0x2104, 0x2104, 0x2104, 0x2104, 0x2104, 0x2104, 0x2104, 0x2105, 0x2105, 0x2106, 0x2107, 0x2108, 0x1908,
    0x1909, 0x18EA, 0x18EC, 0x18ED, 0x18EE, 0x10D0, 0x10B2, 0x10B3, 0x0895, 0x0876, 0x0058, 0x0039, 0x001A, 0x001B, 0x001B, 0x001C,
    0x2104, 0x2104, 0x2104, 0x2104, 0x2104, 0x2104, 0x2104, 0x2104, 0x2104, 0x2105, 0x1905, 0x2106, 0x2106, 0x2107, 0x2108, 0x1908,
    0x1909, 0x190A, 0x18EC, 0x18ED, 0x10EE, 0x10D0, 0x08D2, 0x08B3, 0x00B5, 0x0097, 0x0078, 0x0059, 0x003A, 0x003B, 0x003B, 0x003C,
    0x2104, 0x2104, 0x2104, 0x2104, 0x2104, 0x2104, 0x2104, 0x2104, 0x2104, 0x2105, 0x2105, 0x1906, 0x1906, 0x1907, 0x1908, 0x1909,
    0x190A, 0x190B, 0x10EC, 0x110D, 0x10EF, 0x08F0, 0x00F2, 0x00D4, 0x00B5, 0x00B7, 0x0098, 0x0099, 0x007A, 0x007B, 0x009C, 0x007C,
    0x2104, 0x2104, 0x2124, 0x2124, 0x2124, 0x2124, 0x2124, 0x2104, 0x2124, 0x1925, 0x1925, 0x1926, 0x1926, 0x1927, 0x1928, 0x1909,
    0x190A, 0x110B, 0x110C, 0x090D, 0x090F, 0x0110, 0x00F2, 0x00F4, 0x00D5, 0x00D7, 0x00B8, 0x00B9, 0x00BA, 0x00BB, 0x00BC, 0x00BC,
    0x2124, 0x2124, 0x2124, 0x2124, 0x2124, 0x2124, 0x2124, 0x2124, 0x1924, 0x1925, 0x1925, 0x1926, 0x1927, 0x1927, 0x1928, 0x1129,
    0x112A, 0x112B, 0x092C, 0x092E, 0x012F, 0x0131, 0x0112, 0x0114, 0x0115, 0x00F7, 0x00F8, 0x00F9, 0x00FA, 0x00FB, 0x00FB, 0x00FC,
    0x2144, 0x2144, 0x2144, 0x2144, 0x1944, 0x2144, 0x2144, 0x2144, 0x1945, 0x1945, 0x1945, 0x1946, 0x1947, 0x1948, 0x1148, 0x1149,
    0x114A, 0x094B, 0x014D, 0x014E, 0x014F, 0x0151, 0x0152, 0x0134, 0x0136, 0x0137, 0x0138, 0x0139, 0x011A, 0x013B, 0x013C, 0x013C,
    0x2143, 0x2164, 0x2164, 0x2164, 0x2144, 0x2164, 0x2164, 0x2164, 0x2165, 0x1965, 0x1966, 0x1966, 0x1967, 0x1988, 0x1188, 0x1189,
    0x096A, 0x016B, 0x018D, 0x018E, 0x016F, 0x0171, 0x0172, 0x0174, 0x0176, 0x0177, 0x0158, 0x0179, 0x017A, 0x017B, 0x017C, 0x017C,
    0x2183, 0x2184, 0x2184, 0x2184, 0x2184, 0x2184, 0x1984, 0x1984, 0x1985, 0x1985, 0x1986, 0x1987, 0x19A7, 0x19A8, 0x11A9, 0x11AA,
    0x09AB, 0x01AC, 0x01AD, 0x01AE, 0x01B0, 0x01B1, 0x01B3, 0x01B5, 0x01B6, 0x01B7, 0x01B8, 0x01B9, 0x01BA, 0x01BB, 0x01BC, 0x01BC,
    0x21A3, 0x21C4, 0x21C4, 0x21C4, 0x21C4, 0x21C4, 0x19C4, 0x19C5, 0x19C5, 0x19C5, 0x19C6, 0x19C7, 0x19C7, 0x19C8, 0x11E9, 0x09EA,
    0x09EB, 0x01EC, 0x01ED, 0x01EF, 0x01F0, 0x01F2, 0x01F3, 0x01F5, 0x01F6, 0x01F7, 0x01F8, 0x01F9, 0x01FA, 0x01FB, 0x021C, 0x021C,
    0x21E3, 0x21E3, 0x21E4, 0x21E4, 0x2204, 0x21E4, 0x19E4, 0x1A05, 0x1A05, 0x1A06, 0x1A06, 0x1A07, 0x1A08, 0x1208, 0x1209, 0x0A2A,
    0x022B, 0x022C, 0x022D, 0x022F, 0x0250, 0x0252, 0x0234, 0x0235, 0x0236, 0x0237, 0x0239, 0x0239, 0x023A, 0x025B, 0x025C, 0x025C,
    0x2243, 0x2223, 0x2224, 0x2244, 0x2224, 0x2244, 0x1A44, 0x1A45, 0x1A45, 0x1A46, 0x1A47, 0x1A47, 0x1248, 0x1248, 0x1249, 0x0A6A,
    0x026B, 0x026D, 0x028E, 0x028F, 0x0291, 0x0292, 0x0294, 0x0295, 0x0296, 0x0277, 0x0278, 0x0279, 0x027A, 0x029B, 0x029C, 0x029C,
    0x2283, 0x2283, 0x2284, 0x2284, 0x2284, 0x1A84, 0x1A84, 0x1A85, 0x1285, 0x1286, 0x1287, 0x1287, 0x1288, 0x1289, 0x0AAA, 0x02AB,
    0x02AC, 0x02AD, 0x02CE, 0x02CF, 0x02D1, 0x02D2, 0x02F4, 0x02D5, 0x02D6, 0x02D7, 0x02D9, 0x02DA, 0x02DA, 0x02DB, 0x02DC, 0x02DC,
    0x22C3, 0x22C3, 0x22C4, 0x22C4, 0x22C4, 0x1AC4, 0x1AC5, 0x1AC5, 0x12C5, 0x12C6, 0x0AC7, 0x0AC8, 0x0AC8, 0x0AE9, 0x0AEA, 0x02EB,
    0x02EC, 0x030D, 0x030E, 0x0310, 0x0331, 0x0332, 0x0334, 0x0335, 0x0336, 0x0338, 0x0339, 0x033A, 0x033A, 0x033B, 0x033C, 0x033C,
    0x2323, 0x2323, 0x2323, 0x2324, 0x2324, 0x1B24, 0x1B25, 0x1325, 0x1326, 0x0B26, 0x0B27, 0x0328, 0x0329, 0x032A, 0x032A, 0x032B,
    0x034C, 0x034E, 0x036F, 0x0370, 0x0371, 0x0393, 0x0394, 0x0396, 0x0397, 0x0398, 0x0399, 0x039A, 0x039A, 0x039B, 0x039C, 0x039C,
    0x2363, 0x2363, 0x2363, 0x2364, 0x1B84, 0x1B84, 0x1B85, 0x1385, 0x0B86, 0x0387, 0x0387, 0x0388, 0x0389, 0x03AA, 0x03AB, 0x038C,
    0x03AD, 0x03AE, 0x03AF, 0x03D1, 0x03D2, 0x03F3, 0x03F5, 0x03F6, 0x03F7, 0x03F8, 0x03F9, 0x03FA, 0x03FA, 0x03FB, 0x0BFC, 0x0BFC,
    0x23E3, 0x23E3, 0x23E3, 0x1BE3, 0x1BE4, 0x1BE4, 0x13E5, 0x13E5, 0x0BE6, 0x03E7, 0x03E7, 0x03E8, 0x03E9, 0x040A, 0x040B, 0x040D,
    0x040D, 0x040E, 0x0410, 0x0431, 0x0432, 0x0433, 0x0455, 0x0456, 0x0457, 0x0458, 0x0459, 0x045A, 0x045A, 0x145B, 0x2C5C, 0x345C,
    0x2443, 0x2443, 0x2443, 0x1C44, 0x1C44, 0x1C44, 0x1445, 0x0C46, 0x0446, 0x0467, 0x0468, 0x0469, 0x046A, 0x046B, 0x046C, 0x046D,
    0x046E, 0x046F, 0x0470, 0x0491, 0x0492, 0x0494, 0x0495, 0x04B6, 0x04B7, 0x04B8, 0x0499, 0x04BA, 0x149A, 0x24BB, 0x34BC, 0x44BC,
    0x24A3, 0x24A3, 0x24A3, 0x1CA4, 0x1CA4, 0x1CC5, 0x14C5, 0x0CC6, 0x04C6, 0x04C7, 0x04C8, 0x04C9, 0x04CA, 0x04CB, 0x04CC, 0x04CD,
    0x04CE, 0x04CF, 0x04D1, 0x04F2, 0x04F3, 0x04F4, 0x04F5, 0x04F6, 0x04F7, 0x04F8, 0x0CF9, 0x14FA, 0x2CFA, 0x3CFB, 0x4CFB, 0x54FC,
    0x2523, 0x2523, 0x2524, 0x2524, 0x1D24, 0x1D25, 0x1526, 0x0D26, 0x0D27, 0x0528, 0x0528, 0x0529, 0x052A, 0x052B, 0x052D, 0x052D,
    0x052F, 0x0530, 0x0551, 0x0552, 0x0553, 0x0554, 0x0555, 0x0556, 0x0D58, 0x1558, 0x2559, 0x355A, 0x455A, 0x555B, 0x5D5B, 0x655C,
    0x2584, 0x2584, 0x2584, 0x2584, 0x2584, 0x2585, 0x1D86, 0x1D87, 0x1587, 0x0D88, 0x0589, 0x058A, 0x058B, 0x058C, 0x058D, 0x058E,
    0x058F, 0x0590, 0x0591, 0x0592, 0x0594, 0x0595, 0x0596, 0x15B7, 0x2598, 0x3598, 0x3D99, 0x4D9A, 0x559A, 0x659B, 0x6D9B, 0x759C,
    0x2DC4, 0x2DC4, 0x2DC5, 0x2DC5, 0x2DC5, 0x2DE6, 0x25E7, 0x25C7, 0x25C8, 0x1DC9, 0x1DEA, 0x1DEB, 0x1DEC, 0x1DED, 0x1DEE, 0x1DEF,
    0x1DF0, 0x1DF1, 0x1DD2, 0x1DF3, 0x25F4, 0x25F5, 0x25F6, 0x35F7, 0x3DF8, 0x45D9, 0x55D9, 0x5DDA, 0x65DA, 0x6DDB, 0x7DFB, 0x7DFC,
    0x3626, 0x3626, 0x3626, 0x3626, 0x3627, 0x3627, 0x3628, 0x3628, 0x3629, 0x362A, 0x362B, 0x362C, 0x362D, 0x362E, 0x362F, 0x362F,
    0x3630, 0x3E31, 0x3E32, 0x3E33, 0x3E34, 0x3E35, 0x4636, 0x4E37, 0x5638, 0x5E39, 0x6619, 0x6E1A, 0x761A, 0x7E3B, 0x863B, 0x8E3C,
    0x4647, 0x4667, 0x4668, 0x4668, 0x4668, 0x4669, 0x4669, 0x466A, 0x464B, 0x466B, 0x466C, 0x466D, 0x4E6E, 0x4E6F, 0x4E70, 0x4E70,
    0x4E71, 0x5672, 0x5673, 0x5674, 0x5675, 0x5675, 0x5E76, 0x5E77, 0x6678, 0x6659, 0x6E59, 0x765A, 0x865A, 0x865B, 0x8E5B, 0x965C,
    0x4E89, 0x4E89, 0x5689, 0x56AA, 0x568A, 0x568A, 0x568B, 0x568B, 0x568C, 0x568D, 0x568D, 0x5E8E, 0x5E8F, 0x5E90, 0x6691, 0x6691,
    0x6692, 0x6693, 0x6693, 0x6E94, 0x6E95, 0x6E96, 0x6E97, 0x6E97, 0x6E98, 0x7699, 0x7E99, 0x869A, 0x8E9A, 0x8E9B, 0x969B, 0x9E9C,
    0x66CB, 0x66CB, 0x66CB, 0x66CC, 0x66CC, 0x66CC, 0x66CD, 0x66CD, 0x66CE, 0x6EAE, 0x6ECF, 0x6ECF, 0x6ED0, 0x76B1, 0x76B2, 0x76B2,
    0x76D3, 0x7EB4, 0x7ED4, 0x7EB5, 0x7EB6, 0x7ED6, 0x7ED7, 0x7EB8, 0x86B8, 0x86B9, 0x86BA, 0x8EBA, 0x96BA, 0x9EBB, 0x9EBB, 0xA6BB,
    0x76ED, 0x76EE, 0x76EE, 0x76EE, 0x76EE, 0x76EE, 0x76EF, 0x76EF, 0x7EF0, 0x7EF0, 0x7EF1, 0x7EF1, 0x7EF2, 0x86F3, 0x86F3, 0x86F3,
    0x86F4, 0x8EF5, 0x8EF5, 0x8EF6, 0x8ED6, 0x8EF7, 0x8EF7, 0x8ED8, 0x96D9, 0x96D9, 0x96FA, 0x96FA, 0x9EDB, 0xA6DB, 0xA6DB, 0xAEDC,
    0x8710, 0x8710, 0x8710, 0x8710, 0x8710, 0x8710, 0x8711, 0x8F11, 0x8F11, 0x8F12, 0x8F12, 0x8F13, 0x8EF3, 0x96F4, 0x96F4, 0x9714,
    0x9715, 0x9716, 0x9716, 0x9EF6, 0x9EF7, 0x9EF7, 0x9EF8, 0x9EF8, 0x9EF9, 0x9F19, 0x9F1A, 0xA71A, 0xA6FB, 0xAEFB, 0xAEFB, 0xB6FC,
    0x9732, 0x9732, 0x9732, 0x9732, 0x9732, 0x9732, 0x9733, 0x9F33, 0x9F33, 0x9F34, 0x9F14, 0x9F14, 0x9F14, 0x9F15, 0x9F15, 0xA716,
    0xA716, 0xA716, 0xA717, 0xA717, 0xA718, 0xA718, 0xAF18, 0xAF19, 0xAF19, 0xAF19, 0xAF1A, 0xAF1A, 0xAF1B, 0xAF1B, 0xB71C, 0xB71C,
    0xA734, 0xA734, 0xA734, 0xA734, 0xA735, 0xAF55, 0xAF35, 0xAF35, 0xAF35, 0xAF35, 0xAF36, 0xAF36, 0xAF36, 0xAF36, 0xAF36, 0xAF37,
    0xAF37, 0xB737, 0xB738, 0xB738, 0xB738, 0xB738, 0xB739, 0xB739, 0xB739, 0xB73A, 0xB73A, 0xB73A, 0xBF3B, 0xBF3B, 0xBF3C, 0xBF3C,
    0x2104, 0x2104, 0x2104, 0x2104, 0x2104, 0x2104, 0x2104, 0x2104, 0x2104, 0x2105, 0x2105, 0x2105, 0x2106, 0x2107, 0x20E7, 0x20E8,
    0x20E9, 0x20EA, 0x20EB, 0x20CD, 0x20CE, 0x20B0, 0x18B1, 0x1893, 0x1875, 0x1836, 0x1818, 0x1019, 0x101A, 0x101B, 0x101B, 0x101C,
    0x2104, 0x2104, 0x2104, 0x2104, 0x2104, 0x2104, 0x2104, 0x2104, 0x2104, 0x2104, 0x2105, 0x2105, 0x2106, 0x2107, 0x20E7, 0x20E8,
    0x20E9, 0x20EA, 0x20EB, 0x20ED, 0x20CE, 0x20D0, 0x18B1, 0x1893, 0x1875, 0x1856, 0x1017, 0x1019, 0x101A, 0x101B, 0x081B, 0x081C,
    0x2104, 0x2104, 0x2104, 0x2104, 0x2104, 0x2104, 0x2104, 0x2104, 0x2104, 0x2105, 0x2105, 0x2105, 0x2106, 0x2107, 0x2107, 0x20E8,
    0x20E9, 0x20EA, 0x20EC, 0x20ED, 0x20CE, 0x20D0, 0x18B1, 0x1893, 0x1875, 0x1056, 0x1038, 0x1019, 0x081A, 0x081B, 0x081C, 0x081C,
    0x2104, 0x2104, 0x2104, 0x2104, 0x2104, 0x2104, 0x2104, 0x2104, 0x2104, 0x2105, 0x2105, 0x2105, 0x2106, 0x2107, 0x2108, 0x2108,
    0x2109, 0x20EA, 0x18EC, 0x20ED, 0x18CE, 0x18D0, 0x18B1, 0x18B3, 0x1095, 0x1077, 0x0858, 0x0819, 0x081A, 0x001B, 0x001C, 0x001C,
    0x2104, 0x2104, 0x2104, 0x2104, 0x2104, 0x2104, 0x1904, 0x2104, 0x2104, 0x2105, 0x2105, 0x2105, 0x2106, 0x2107, 0x2108, 0x2109,
    0x20EA, 0x18EA, 0x18EB, 0x18ED, 0x18EE, 0x18D0, 0x10D2, 0x10B3, 0x0895, 0x0877, 0x0078, 0x0039, 0x003A, 0x003B, 0x003B, 0x003C,
    0x2104, 0x2104, 0x2104, 0x2104, 0x2104, 0x2104, 0x2104, 0x2104, 0x2104, 0x2105, 0x2105, 0x2106, 0x2106, 0x1907, 0x1908, 0x1909,
    0x190A, 0x190B, 0x190C, 0x190D, 0x10EF, 0x10F0, 0x10F2, 0x08D4, 0x00B5, 0x0097, 0x0098, 0x0079, 0x007A, 0x007B, 0x007C, 0x007C,
    0x2124, 0x2104, 0x2104, 0x2124, 0x2124, 0x2104, 0x2124, 0x2124, 0x2124, 0x2125, 0x1925, 0x1926, 0x1906, 0x1907, 0x1928, 0x1909,
    0x190A, 0x190B, 0x190C, 0x110E, 0x110F, 0x0910, 0x00F2, 0x00F4, 0x00D5, 0x00D7, 0x00D8, 0x00B9, 0x00BA, 0x00BB, 0x00BB, 0x00BC,
    0x2124, 0x2124, 0x2124, 0x2124, 0x2124, 0x2124, 0x2124, 0x2124, 0x2125, 0x2125, 0x1925, 0x1926, 0x1927, 0x1928, 0x1928, 0x1929,
    0x192A, 0x112B, 0x112C, 0x112E, 0x092F, 0x0131, 0x0112, 0x0114, 0x0115, 0x00F7, 0x00F8, 0x00F9, 0x00FA, 0x00FB, 0x00FC, 0x00FC,
    0x2123, 0x2144, 0x2144, 0x2144, 0x2144, 0x2144, 0x2144, 0x2144, 0x2145, 0x2145, 0x1946, 0x1946, 0x1947, 0x1968, 0x1948, 0x1949,
    0x114A, 0x114B, 0x094D, 0x014E, 0x014F, 0x0151, 0x0152, 0x0134, 0x0136, 0x0137, 0x0138, 0x0139, 0x011A, 0x013B, 0x013C, 0x013C,
    0x2163, 0x2164, 0x2164, 0x2164, 0x2164, 0x2164, 0x2164, 0x2164, 0x2165, 0x2165, 0x1966, 0x1966, 0x1987, 0x1988, 0x1988, 0x1189,
    0x118A, 0x096C, 0x016D, 0x016E, 0x016F, 0x0171, 0x0173, 0x0174, 0x0176, 0x0157, 0x0158, 0x0179, 0x017A, 0x017B, 0x017B, 0x017C,
    0x2183, 0x2184, 0x2184, 0x2184, 0x2184, 0x2184, 0x2184, 0x2185, 0x2185, 0x2185, 0x2186, 0x1987, 0x19A7, 0x19A8, 0x19A9, 0x11AA,
    0x09AB, 0x09AC, 0x01AD, 0x01AE, 0x01B0, 0x01B1, 0x01B3, 0x01B4, 0x01B6, 0x01B7, 0x0198, 0x01BA, 0x01BA, 0x01BB, 0x01BB, 0x01BC,
    0x21A3, 0x21A4, 0x21C4, 0x21C4, 0x21C4, 0x21C4, 0x21C4, 0x21C5, 0x21C5, 0x19C6, 0x21C6, 0x19C7, 0x19C7, 0x19C8, 0x19E9, 0x11EA,
    0x09EB, 0x01EC, 0x01ED, 0x01EF, 0x01F0, 0x01F2, 0x01F3, 0x01F5, 0x01F6, 0x01F7, 0x01F9, 0x01FA, 0x01FA, 0x01FB, 0x021C, 0x01FC,
    0x21E3, 0x21E4, 0x21E4, 0x21E4, 0x21E4, 0x2204, 0x2204, 0x1A05, 0x1A05, 0x1A06, 0x1A06, 0x1A07, 0x1A08, 0x1A08, 0x1229, 0x122A,
    0x0A2B, 0x022C, 0x022D, 0x024F, 0x0230, 0x0232, 0x0233, 0x0235, 0x0236, 0x0237, 0x0239, 0x0239, 0x023A, 0x023B, 0x025C, 0x025C,
    0x2243, 0x2243, 0x2244, 0x2224, 0x2224, 0x2244, 0x2244, 0x1A45, 0x1A45, 0x1A46, 0x1A47, 0x1A47, 0x1A48, 0x1A49, 0x1249, 0x126A,
    0x0A6C, 0x026D, 0x028E, 0x028F, 0x0290, 0x0292, 0x0293, 0x0295, 0x0276, 0x0277, 0x0278, 0x027A, 0x027A, 0x029B, 0x029C, 0x029D,
    0x2284, 0x2284, 0x2284, 0x2284, 0x2284, 0x2284, 0x2285, 0x1A85, 0x1A86, 0x1A86, 0x1A87, 0x1A87, 0x1A88, 0x1289, 0x12AA, 0x0AAB,
    0x02AC, 0x02AD, 0x02AE, 0x02CF, 0x02D1, 0x02D2, 0x02D4, 0x02D5, 0x02D6, 0x02D8, 0x02D9, 0x02DA, 0x02DA, 0x02DB, 0x02DC, 0x02DC,
    0x22C3, 0x22C3, 0x22C4, 0x22C4, 0x22C4, 0x22C4, 0x22C5, 0x1AC5, 0x1AC6, 0x12C6, 0x12C7, 0x12C8, 0x12E8, 0x12E9, 0x0AEA, 0x0AEB,
    0x02EC, 0x030D, 0x030E, 0x0310, 0x0331, 0x0332, 0x0334, 0x0335, 0x0336, 0x0338, 0x0339, 0x033A, 0x033A, 0x033B, 0x033B, 0x033C,
    0x2323, 0x2323, 0x2323, 0x2324, 0x2324, 0x2324, 0x2325, 0x1B25, 0x1326, 0x1327, 0x0B27, 0x0B28, 0x0B29, 0x0B2A, 0x0B4A, 0x034B,
    0x034C, 0x034E, 0x036F, 0x0370, 0x0371, 0x0393, 0x0394, 0x0396, 0x0397, 0x0398, 0x0399, 0x039A, 0x039A, 0x039B, 0x039B, 0x039C,
    0x2383, 0x2383, 0x2383, 0x2384, 0x2384, 0x1B84, 0x1B85, 0x1B85, 0x1386, 0x0B87, 0x0387, 0x0388, 0x0389, 0x038A, 0x03AB, 0x03AC,
    0x038D, 0x03AE, 0x03CF, 0x03D1, 0x03D2, 0x03F3, 0x03F5, 0x03F6, 0x03F7, 0x03F8, 0x03F9, 0x03FA, 0x03FA, 0x03FB, 0x0C1C, 0x141C,
    0x23E3, 0x23E3, 0x23E3, 0x23E4, 0x23E4, 0x23E4, 0x1BE5, 0x1BE5, 0x13E6, 0x0BE7, 0x03E8, 0x03E8, 0x040A, 0x040A, 0x040B, 0x040C,
    0x03ED, 0x040E, 0x0410, 0x0431, 0x0432, 0x0433, 0x0455, 0x0456, 0x0457, 0x0458, 0x0459, 0x045A, 0x0C5A, 0x1C5B, 0x2C5C, 0x347C,
    0x2443, 0x2443, 0x2443, 0x2444, 0x2444, 0x1C44, 0x1C45, 0x1446, 0x1446, 0x0467, 0x0468, 0x0469, 0x046A, 0x046B, 0x046C, 0x046D,
    0x046E, 0x046F, 0x0470, 0x0491, 0x0492, 0x0494, 0x0495, 0x04B6, 0x04B7, 0x0498, 0x0499, 0x04BA, 0x1CBA, 0x2CBB, 0x3CBC, 0x44BC,
    0x24A3, 0x24A3, 0x24A3, 0x24A4, 0x24A4, 0x24A4, 0x1CA5, 0x14A6, 0x14C6, 0x04C7, 0x04C8, 0x04C9, 0x04CA, 0x04CB, 0x04CC, 0x04CD,
    0x04CE, 0x04EF, 0x04D1, 0x04F2, 0x04F3, 0x04F4, 0x04F5, 0x04F6, 0x04F7, 0x04F8, 0x14F9, 0x1CFA, 0x2CFA, 0x3CFB, 0x4CFC, 0x54FC,
    0x2523, 0x2523, 0x2523, 0x2524, 0x2524, 0x2525, 0x1D25, 0x1D26, 0x1527, 0x0D47, 0x0528, 0x0529, 0x052A, 0x052C, 0x052D, 0x052D,
    0x052F, 0x0550, 0x0531, 0x0552, 0x0553, 0x0554, 0x0556, 0x0556, 0x0D57, 0x1558, 0x2D59, 0x3D3A, 0x455A, 0x555B, 0x5D5C, 0x655C,
    0x2D83, 0x2D83, 0x2D84, 0x2D84, 0x2D84, 0x2585, 0x2586, 0x2587, 0x1D88, 0x1588, 0x0D89, 0x058A, 0x058B, 0x058C, 0x058D, 0x058E,
    0x058F, 0x0590, 0x0591, 0x0593, 0x0594, 0x0595, 0x05B6, 0x1DB7, 0x2D98, 0x3599, 0x4599, 0x4D9A, 0x559A, 0x65BB, 0x6DBC, 0x759C,
    0x35C4, 0x35C4, 0x35C5, 0x2DC5, 0x2DC5, 0x2DC6, 0x2DE7, 0x2DE7, 0x2DC8, 0x25C9, 0x25EA, 0x25EB, 0x25EC, 0x1DED, 0x1DEE, 0x25EF,
    0x25F0, 0x25F1, 0x25F2, 0x25F3, 0x25F4, 0x25F5, 0x25F6, 0x35F7, 0x45F8, 0x4DD8, 0x55D9, 0x5DDA, 0x65DA, 0x75FB, 0x7DFB, 0x85FC,
    0x3E06, 0x3E26, 0x3E26, 0x3E26, 0x3E27, 0x3E27, 0x3E28, 0x3E28, 0x3E29, 0x362A, 0x362B, 0x362C, 0x362D, 0x362D, 0x3E2F, 0x3E30,
    0x3E30, 0x3E31, 0x4632, 0x4633, 0x4634, 0x4635, 0x4636, 0x4E37, 0x5638, 0x5E39, 0x6619, 0x6E1A, 0x761A, 0x7E3B, 0x863B, 0x8E1C,
    0x4648, 0x4668, 0x4668, 0x4668, 0x4668, 0x4669, 0x4669, 0x466A, 0x466B, 0x466C, 0x4E6C, 0x4E6D, 0x4E6E, 0x4E6F, 0x4E70, 0x5670,
    0x5671, 0x5652, 0x5673, 0x5674, 0x5674, 0x5E55, 0x5E76, 0x5E77, 0x6678, 0x6E59, 0x7659, 0x7E5A, 0x865A, 0x8E5B, 0x8E5B, 0x965C,
    0x5689, 0x5689, 0x56A9, 0x56AA, 0x568A, 0x56AA, 0x568B, 0x568B, 0x568C, 0x5E8D, 0x5E8D, 0x5E8E, 0x5E8F, 0x6690, 0x6691, 0x6691,
    0x6692, 0x6E93, 0x6E93, 0x6E94, 0x6E95, 0x6E96, 0x6E96, 0x7697, 0x7698, 0x7699, 0x7E99, 0x869A, 0x8E9A, 0x969B, 0x969B, 0x9E9B,
    0x66CB, 0x66CB, 0x66CC, 0x66CC, 0x66CC, 0x66CC, 0x66CD, 0x66CD, 0x6ECE, 0x6ECE, 0x6ECF, 0x6ECF, 0x6EB0, 0x76D1, 0x76D2, 0x76B2,
    0x7EB3, 0x7ED4, 0x7ED4, 0x7EB5, 0x7ED6, 0x7ED6, 0x7ED7, 0x86B8, 0x86B8, 0x86B9, 0x86B9, 0x8EBA, 0x96BB, 0x9EBB, 0xA6BB, 0xA6BC,
    0x76ED, 0x76ED, 0x76EE, 0x76EE, 0x76EE, 0x76EE, 0x76EF, 0x7EEF, 0x7EF0, 0x7EF0, 0x7EF1, 0x7EF1, 0x86F1, 0x86F2, 0x86F3, 0x86F3,
    0x8EF4, 0x8ED5, 0x8ED5, 0x8ED6, 0x8EF6, 0x8EF7, 0x8EF7, 0x96D8, 0x96D9, 0x96D9, 0x96FA, 0x96FA, 0x9EDA, 0xA6DB, 0xA6DB, 0xAEDC,
    0x8710, 0x8710, 0x8710, 0x8710, 0x8711, 0x8711, 0x8F11, 0x8F11, 0x8F11, 0x8F12, 0x8F12, 0x8F13, 0x8F13, 0x9714, 0x9714, 0x9715,
    0x96F5, 0x96F6, 0x96F6, 0x9EF6, 0x9EF7, 0x9F17, 0x9F18, 0x9EF8, 0x9EF9, 0x9EF9, 0x9F1A, 0xA71A, 0xA71A, 0xAEFB, 0xAEFB, 0xB6FC,
    0x9732, 0x9732, 0x9732, 0x9732, 0x9733, 0x9732, 0x9713, 0x9F13, 0x9F33, 0x9F34, 0x9F34, 0x9F34, 0x9F15, 0x9F15, 0xA715, 0xA716,
    0xA716, 0xA716, 0xA717, 0xA717, 0xA718, 0xA718, 0xAF18, 0xAF19, 0xAF19, 0xAF19, 0xAF1A, 0xAF1A, 0xAF1B, 0xB71B, 0xB71B, 0xBF1C,
    0xA755, 0xA735, 0xA735, 0xAF35, 0xAF35, 0xAF35, 0xAF35, 0xAF35, 0xAF35, 0xAF35, 0xAF35, 0xAF36, 0xAF36, 0xAF36, 0xAF36, 0xAF37,
    0xB737, 0xB737, 0xB737, 0xB738, 0xB738, 0xAF38, 0xB739, 0xB739, 0xB739, 0xB73A, 0xB73A, 0xB73A, 0xB73B, 0xBF3B, 0xBF3C, 0xBF3C,
    0x2104, 0x2104, 0x2104, 0x2104, 0x2104, 0x2104, 0x2104, 0x2104, 0x2104, 0x20E4, 0x2105, 0x2105, 0x2106, 0x20E7, 0x20E7, 0x20E8,
    0x20E9, 0x20EA, 0x20CB, 0x20EC, 0x20CE, 0x20D0, 0x20B1, 0x2093, 0x2055, 0x2036, 0x2018, 0x2019, 0x181A, 0x181B, 0x181B, 0x181C,
    0x2104, 0x2104, 0x2104, 0x2104, 0x2104, 0x2104, 0x2104, 0x2104, 0x2104, 0x2104, 0x2105, 0x2105, 0x2106, 0x2106, 0x20E7, 0x20E8,
    0x20E9, 0x20EA, 0x20EB, 0x20ED, 0x20CE, 0x20B0, 0x2091, 0x2073, 0x2055, 0x2036, 0x1817, 0x1819, 0x181A, 0x181B, 0x181C, 0x181C,
    0x2103, 0x2104, 0x2104, 0x2104, 0x2104, 0x2104, 0x2104, 0x2104, 0x2104, 0x2104, 0x2105, 0x2105, 0x2106, 0x2106, 0x20E7, 0x20E8,
    0x20E9, 0x20EA, 0x20EC, 0x20CD, 0x20CE, 0x20B0, 0x20B1, 0x2093, 0x2075, 0x1856, 0x1818, 0x1819, 0x181A, 0x181B, 0x181C, 0x101C,
    0x2104, 0x2104, 0x2104, 0x2104, 0x2104, 0x2104, 0x2104, 0x2104, 0x2104, 0x2104, 0x2105, 0x2106, 0x2106, 0x2107, 0x2108, 0x20E8,
    0x20E9, 0x20EB, 0x20EC, 0x20CD, 0x20CE, 0x20D0, 0x20B2, 0x2093, 0x1875, 0x1856, 0x1038, 0x1819, 0x101A, 0x101B, 0x101C, 0x101C,
    0x2104, 0x2104, 0x2104, 0x2104, 0x2104, 0x2104, 0x2104, 0x2104, 0x2104, 0x2104, 0x2105, 0x2106, 0x2106, 0x2107, 0x2108, 0x2109,
    0x2109, 0x20EB, 0x18EC, 0x20ED, 0x20CF, 0x18D0, 0x18D2, 0x18B3, 0x1895, 0x1077, 0x1078, 0x1039, 0x103A, 0x083B, 0x103C, 0x103D,
    0x2104, 0x2104, 0x2104, 0x2104, 0x2104, 0x2104, 0x2104, 0x2104, 0x2104, 0x2105, 0x2105, 0x2106, 0x2106, 0x2107, 0x2108, 0x2109,
    0x210A, 0x210B, 0x190C, 0x18ED, 0x18EF, 0x18F0, 0x18D2, 0x10D4, 0x10B5, 0x0897, 0x0898, 0x0899, 0x087A, 0x087B, 0x087C, 0x089C,
    0x2104, 0x2104, 0x2104, 0x2124, 0x2124, 0x2124, 0x2124, 0x2124, 0x2125, 0x2125, 0x2125, 0x2126, 0x2126, 0x2107, 0x2128, 0x2109,
    0x210A, 0x190B, 0x190C, 0x190E, 0x190F, 0x10F0, 0x10F2, 0x08F4, 0x00D5, 0x00D7, 0x00B8, 0x00B9, 0x00BA, 0x00BB, 0x00BB, 0x00DC,
    0x2124, 0x2124, 0x2124, 0x2124, 0x2124, 0x2124, 0x2124, 0x2124, 0x2125, 0x2125, 0x2125, 0x2126, 0x2127, 0x1927, 0x1928, 0x1929,
    0x192A, 0x192B, 0x192C, 0x112E, 0x112F, 0x0931, 0x0112, 0x0114, 0x0115, 0x00F7, 0x00F8, 0x00F9, 0x00FA, 0x00FB, 0x00FC, 0x00FC,
    0x2143, 0x2144, 0x2144, 0x2144, 0x2144, 0x2144, 0x2144, 0x2144, 0x2145, 0x2145, 0x2146, 0x2146, 0x1947, 0x1948, 0x1948, 0x1949,
    0x194A, 0x194B, 0x114C, 0x094E, 0x094F, 0x0151, 0x0152, 0x0154, 0x0136, 0x0137, 0x0138, 0x0139, 0x013A, 0x013B, 0x013C, 0x013C,
    0x2164, 0x2164, 0x2164, 0x2164, 0x2164, 0x2164, 0x2164, 0x2164, 0x2165, 0x2165, 0x2166, 0x2166, 0x1987, 0x1968, 0x1989, 0x1989,
    0x118B, 0x118C, 0x096D, 0x016E, 0x0170, 0x0171, 0x0172, 0x0174, 0x0176, 0x0177, 0x0178, 0x0179, 0x017A, 0x017B, 0x017C, 0x017C,
    0x2184, 0x2184, 0x2184, 0x2184, 0x2184, 0x2184, 0x2184, 0x2185, 0x2185, 0x2185, 0x2186, 0x21A6, 0x21A7, 0x21A8, 0x19A9, 0x19AA,
    0x11AB, 0x09AC, 0x01AD, 0x01AF, 0x01B0, 0x01B1, 0x01B3, 0x01B4, 0x01B6, 0x01B7, 0x0198, 0x0199, 0x01BA, 0x01BB, 0x01BC, 0x01BC,
    0x21C3, 0x21C4, 0x21C4, 0x21C4, 0x21C4, 0x21C4, 0x21C4, 0x21C5, 0x21C5, 0x21C5, 0x21C6, 0x21C7, 0x21C7, 0x19C8, 0x19E9, 0x19EA,
    0x11EB, 0x09EC, 0x01ED, 0x01EF, 0x01F0, 0x01F2, 0x01F3, 0x01F5, 0x01F6, 0x01F7, 0x01F9, 0x01FA, 0x01FA, 0x01FB, 0x01FC, 0x021C,
    0x2203, 0x21E3, 0x21E4, 0x21E4, 0x2204, 0x2204, 0x2204, 0x2205, 0x2205, 0x2206, 0x2206, 0x2207, 0x2208, 0x1A08, 0x1A29, 0x122A,
    0x122B, 0x0A2C, 0x022D, 0x022F, 0x0230, 0x0232, 0x0233, 0x0235, 0x0236, 0x0237, 0x0239, 0x023A, 0x023A, 0x023B, 0x025C, 0x025C,
    0x2223, 0x2243, 0x2243, 0x2244, 0x2244, 0x2244, 0x2244, 0x2245, 0x2245, 0x2246, 0x2247, 0x2247, 0x1A48, 0x1A48, 0x1A49, 0x126A,
    0x0A6C, 0x026D, 0x028E, 0x026F, 0x0270, 0x0272, 0x0293, 0x0295, 0x0276, 0x0277, 0x0278, 0x0279, 0x027A, 0x027B, 0x029C, 0x029C,
    0x2A63, 0x2283, 0x2283, 0x2284, 0x2284, 0x2284, 0x2285, 0x2285, 0x2286, 0x1AA6, 0x1A87, 0x1A87, 0x1A88, 0x1AA9, 0x1AAA, 0x12AB,
    0x0AAC, 0x02AD, 0x02CE, 0x02D0, 0x02D1, 0x02D2, 0x02D4, 0x02D5, 0x02D6, 0x02D8, 0x02D9, 0x02DA, 0x02DA, 0x02DB, 0x02DC, 0x02FC,
    0x2AC3, 0x2AC3, 0x22C3, 0x22C3, 0x22C4, 0x22C4, 0x22C5, 0x22C5, 0x22C6, 0x1AE6, 0x1AE7, 0x1AE8, 0x1AE8, 0x1AEA, 0x12EA, 0x12EB,
    0x0AEC, 0x030D, 0x030E, 0x0310, 0x0331, 0x0333, 0x0334, 0x0335, 0x0336, 0x0338, 0x0339, 0x033A, 0x033A, 0x033B, 0x033C, 0x033C,
    0x2B23, 0x2B23, 0x2B23, 0x2324, 0x2324, 0x2324, 0x2325, 0x2325, 0x1B26, 0x1B26, 0x1327, 0x1328, 0x1349, 0x134A, 0x132A, 0x0B4B,
    0x0B4C, 0x034D, 0x036F, 0x0370, 0x0371, 0x0393, 0x0394, 0x0396, 0x0397, 0x0398, 0x0399, 0x039A, 0x039A, 0x039B, 0x039C, 0x0B9C,
    0x2B83, 0x2B83, 0x2B83, 0x2B84, 0x2384, 0x2384, 0x2385, 0x2385, 0x1B86, 0x1B86, 0x1387, 0x0B88, 0x0B89, 0x0BAA, 0x0BAB, 0x0BAC,
    0x03AD, 0x03AE, 0x03AF, 0x03D1, 0x03D2, 0x03F3, 0x03F5, 0x03F6, 0x03F7, 0x03F8, 0x03F9, 0x03FA, 0x03FA, 0x0BFB, 0x13FC, 0x23FC,
    0x2BE3, 0x2BE3, 0x2BE3, 0x2BE4, 0x2BE4, 0x23E4, 0x23E5, 0x23E5, 0x1BE6, 0x1BE7, 0x0BE7, 0x0408, 0x0409, 0x040A, 0x040B, 0x040C,
    0x040D, 0x040E, 0x0410, 0x0431, 0x0432, 0x0454, 0x0455, 0x0456, 0x0457, 0x0458, 0x0459, 0x045A, 0x145A, 0x245B, 0x345C, 0x3C7C,
    0x2C43, 0x2C43, 0x2C43, 0x2C44, 0x2C44, 0x2444, 0x2445, 0x2446, 0x1C46, 0x1467, 0x0C68, 0x0468, 0x0469, 0x046B, 0x046C, 0x046D,
    0x046E, 0x046F, 0x0470, 0x0471, 0x0492, 0x0494, 0x0495, 0x04B6, 0x0497, 0x0498, 0x0499, 0x14BA, 0x24BA, 0x34BB, 0x3CBC, 0x44BC,
    0x2CC3, 0x2CC3, 0x2CC3, 0x2CC4, 0x2CC4, 0x24C4, 0x24C5, 0x24C6, 0x1CC6, 0x14C7, 0x0CC8, 0x04C9, 0x04CA, 0x04CB, 0x04CC, 0x04CD,
    0x04CE, 0x04CF, 0x04D0, 0x04F1, 0x04F3, 0x04F4, 0x04F5, 0x04F6, 0x04F7, 0x0CF8, 0x14F9, 0x24FA, 0x34FA, 0x44FB, 0x4CFC, 0x551C,
    0x3523, 0x2D23, 0x2D23, 0x2D24, 0x2D24, 0x2D25, 0x2525, 0x2526, 0x1D27, 0x1D28, 0x1529, 0x0D29, 0x052A, 0x052B, 0x052C, 0x052D,
    0x052F, 0x0550, 0x0551, 0x0552, 0x0553, 0x0554, 0x0556, 0x0D56, 0x1557, 0x2558, 0x3559, 0x455A, 0x4D5A, 0x555B, 0x655C, 0x655C,
    0x3584, 0x3584, 0x3584, 0x2D84, 0x2D85, 0x2D85, 0x2D86, 0x2D87, 0x2588, 0x2588, 0x1D89, 0x1D8A, 0x158B, 0x0D8C, 0x0D8D, 0x0D8E,
    0x0D8F, 0x0D90, 0x0D91, 0x0D92, 0x0D93, 0x0DB5, 0x15B6, 0x2596, 0x2D97, 0x3D98, 0x4599, 0x4D9A, 0x5D9A, 0x659B, 0x6DBB, 0x75BC,
    0x3DC4, 0x35C5, 0x35C5, 0x35C5, 0x35C6, 0x35C6, 0x35C7, 0x35C7, 0x35C8, 0x2DE9, 0x2DEA, 0x2DEB, 0x2DEC, 0x25CC, 0x25EE, 0x25EF,
    0x25F0, 0x2DF1, 0x2DF2, 0x2DF3, 0x2DF4, 0x2DF5, 0x35F6, 0x3DF7, 0x45F8, 0x4DF9, 0x55D9, 0x65DA, 0x6DDA, 0x75DB, 0x7DFB, 0x85FC,
    0x4626, 0x3E26, 0x4626, 0x4627, 0x4627, 0x3E27, 0x3E28, 0x3E28, 0x3E29, 0x3E2A, 0x3E2B, 0x3E2C, 0x3E2D, 0x3E2D, 0x3E2E, 0x3E2F,
    0x3E30, 0x4631, 0x4632, 0x4633, 0x4634, 0x4635, 0x4E36, 0x4E37, 0x5638, 0x5E39, 0x6639, 0x6E1A, 0x761A, 0x7E1B, 0x863B, 0x8E3C,
    0x4E68, 0x4E48, 0x4E68, 0x4E68, 0x4E68, 0x4E69, 0x4E69, 0x4E6A, 0x4E6B, 0x4E6B, 0x4E6C, 0x4E6D, 0x4E6E, 0x566F, 0x5670, 0x5670,
    0x5671, 0x5672, 0x5E73, 0x5E74, 0x5E75, 0x5E55, 0x5E76, 0x6677, 0x6678, 0x6E79, 0x7659, 0x7E5A, 0x865A, 0x8E5B, 0x965B, 0x967C,
    0x5689, 0x5689, 0x56AA, 0x56AA, 0x568A, 0x56AB, 0x5E8B, 0x5E8C, 0x5EAC, 0x5E8D, 0x5E8E, 0x5E8E, 0x668F, 0x66B0, 0x6691, 0x6691,
    0x6E92, 0x6E93, 0x6E94, 0x6E94, 0x6E95, 0x6E96, 0x7696, 0x7697, 0x7698, 0x7E99, 0x7E99, 0x867A, 0x8E9A, 0x969B, 0x969B, 0x9E9C,
    0x66CB, 0x66CB, 0x66CC, 0x66CC, 0x66CC, 0x66CD, 0x66CD, 0x6ECD, 0x6ECE, 0x6ECE, 0x6ECF, 0x6ED0, 0x76D0, 0x76D1, 0x76D1, 0x7ED2,
    0x7ED3, 0x7EB4, 0x7EB4, 0x7ED5, 0x7ED6, 0x7ED6, 0x86B7, 0x86B7, 0x86B8, 0x86B9, 0x86B9, 0x8EBA, 0x96BB, 0x9EBB, 0xA6BB, 0xA6BC,
    0x76ED, 0x76EE, 0x76EE, 0x76EE, 0x76EE, 0x76EF, 0x76EF, 0x7EEF, 0x7EF0, 0x7EF0, 0x7EF1, 0x86F1, 0x86F2, 0x86F2, 0x86F3, 0x8EF4,
    0x8EF4, 0x8ED5, 0x8ED5, 0x8EF6, 0x8EF6, 0x8ED7, 0x8EF7, 0x96D8, 0x96D8, 0x96F9, 0x96DA, 0x9EDA, 0x9EDB, 0xA6DB, 0xA6DB, 0xAEFC,
    0x8710, 0x8710, 0x8710, 0x8F10, 0x8F10, 0x8F11, 0x8F11, 0x8F11, 0x8F11, 0x8F12, 0x8F12, 0x8F13, 0x9713, 0x9714, 0x9714, 0x9715,
    0x9715, 0x9EF6, 0x9F16, 0x9EF6, 0x9EF7, 0x9EF7, 0x9EF8, 0x9EF8, 0x9EF9, 0x9EF9, 0xA6FA, 0xA6FA, 0xA6FB, 0xAEFB, 0xAEFB, 0xB71C,
    0x9732, 0x9732, 0x9732, 0x9F32, 0x9F32, 0x9F32, 0x9F33, 0x9F33, 0x9F33, 0x9F34, 0x9F34, 0x9F34, 0x9F15, 0x9F15, 0xA735, 0xA716,
    0xA716, 0xA716, 0xA717, 0xA717, 0xA717, 0xAF18, 0xAF18, 0xAF19, 0xAF19, 0xAF19, 0xAF1A, 0xAF1A, 0xAF1A, 0xB71B, 0xB71B, 0xBF1C,
    0xA734, 0xA734, 0xA754, 0xA735, 0xAF35, 0xAF35, 0xAF35, 0xAF35, 0xAF35, 0xAF36, 0xAF35, 0xAF36, 0xAF36, 0xAF36, 0xAF37, 0xAF37,
    0xAF37, 0xB737, 0xB738, 0xB738, 0xB738, 0xB739, 0xB739, 0xB739, 0xB739, 0xB73A, 0xB73A, 0xB73A, 0xB73B, 0xBF3B, 0xBF3C, 0xC73C,
    0x2104, 0x2104, 0x2104, 0x2104, 0x2104, 0x2104, 0x2104, 0x2104, 0x2104, 0x20E5, 0x2105, 0x2105, 0x2106, 0x20E7, 0x20E7, 0x20E8,
    0x20E9, 0x28EA, 0x28EB, 0x28CD, 0x28CE, 0x28B0, 0x2891, 0x2873, 0x2855, 0x2816, 0x2818, 0x2019, 0x201A, 0x201B, 0x201B, 0x201C,
    0x2104, 0x2104, 0x2104, 0x2104, 0x2104, 0x2104, 0x2104, 0x2104, 0x2104, 0x2104, 0x2105, 0x2105, 0x2106, 0x2106, 0x20E7, 0x20E8,
    0x28E9, 0x28EA, 0x28EB, 0x28CD, 0x28CE, 0x28B0, 0x2892, 0x2873, 0x2855, 0x2036, 0x2018, 0x2019, 0x201A, 0x201B, 0x201C, 0x201C,
    0x2104, 0x2104, 0x2104, 0x2104, 0x2104, 0x2104, 0x2104, 0x2104, 0x2104, 0x2104, 0x2105, 0x2105, 0x2106, 0x2107, 0x20E8, 0x20E8,
    0x20E9, 0x20EA, 0x20EC, 0x28CD, 0x28CE, 0x20B0, 0x28B2, 0x2893, 0x2055, 0x2036, 0x2018, 0x2019, 0x201A, 0x201B, 0x201B, 0x201C,
    0x2104, 0x2104, 0x2104, 0x2104, 0x2104, 0x2104, 0x2104, 0x2104, 0x2104, 0x2105, 0x2105, 0x2106, 0x2106, 0x2107, 0x2108, 0x20E8,
    0x20E9, 0x20EB, 0x20EC, 0x20CD, 0x20CE, 0x20D0, 0x20B2, 0x2093, 0x2075, 0x2056, 0x2038, 0x2019, 0x201A, 0x201B, 0x181B, 0x181C,
    0x2104, 0x2104, 0x2104, 0x2104, 0x2104, 0x2104, 0x2104, 0x2104, 0x2104, 0x2104, 0x2105, 0x2106, 0x2106, 0x2107, 0x2108, 0x2108,
    0x2109, 0x20EB, 0x20EC, 0x20ED, 0x20CE, 0x20D0, 0x20D2, 0x20B4, 0x2095, 0x2077, 0x2058, 0x1839, 0x183A, 0x183B, 0x181C, 0x183C,
    0x2104, 0x2104, 0x2104, 0x2104, 0x2104, 0x2104, 0x2104, 0x2104, 0x2104, 0x2105, 0x2105, 0x2106, 0x2106, 0x2107, 0x2108, 0x2109,
    0x210A, 0x210B, 0x210C, 0x20ED, 0x20EF, 0x20F0, 0x20D2, 0x20B4, 0x18B5, 0x1897, 0x1878, 0x1879, 0x107A, 0x107B, 0x107C, 0x107C,
    0x2124, 0x2104, 0x2124, 0x2124, 0x2124, 0x2124, 0x2124, 0x2124, 0x2125, 0x2125, 0x2125, 0x2126, 0x2127, 0x2127, 0x2128, 0x2109,
    0x210A, 0x210B, 0x210C, 0x210D, 0x210F, 0x1911, 0x18F2, 0x18F4, 0x10D5, 0x10B7, 0x10B8, 0x10B9, 0x08BA, 0x08BB, 0x10BC, 0x10BC,
    0x2124, 0x2124, 0x2124, 0x2124, 0x2124, 0x2124, 0x2124, 0x2124, 0x2125, 0x2125, 0x2125, 0x2126, 0x2127, 0x2128, 0x2128, 0x2129,
    0x212A, 0x212B, 0x192C, 0x192E, 0x192F, 0x1111, 0x1112, 0x1114, 0x08F5, 0x08F7, 0x08F8, 0x00F9, 0x00FA, 0x00FB, 0x08FC, 0x08FC,
    0x2144, 0x2144, 0x2144, 0x2144, 0x2144, 0x2144, 0x2144, 0x2144, 0x2145, 0x2145, 0x2146, 0x2146, 0x2147, 0x2148, 0x2148, 0x2149,
    0x194A, 0x194B, 0x194C, 0x114E, 0x114F, 0x1151, 0x0932, 0x0934, 0x0136, 0x0137, 0x0138, 0x0139, 0x013A, 0x013B, 0x013C, 0x013C,
    0x2164, 0x2164, 0x2164, 0x2164, 0x2164, 0x2164, 0x2164, 0x2164, 0x2165, 0x2165, 0x2166, 0x2166, 0x2187, 0x2168, 0x2168, 0x1989,
    0x198A, 0x198C, 0x116D, 0x118E, 0x0970, 0x0171, 0x0173, 0x0174, 0x0176, 0x0177, 0x0178, 0x0179, 0x017A, 0x017B, 0x017C, 0x017C,
    0x2184, 0x2184, 0x2184, 0x2184, 0x2184, 0x2184, 0x2184, 0x2185, 0x2185, 0x2185, 0x21A6, 0x21A7, 0x21A7, 0x21A8, 0x19A9, 0x19AA,
    0x19AB, 0x11AC, 0x11AD, 0x09AE, 0x01B0, 0x01B1, 0x01B3, 0x01B4, 0x01B6, 0x01B7, 0x0198, 0x01B9, 0x01BA, 0x01BB, 0x01BB, 0x01DC,
    0x29C4, 0x21C4, 0x21C4, 0x21C4, 0x21C4, 0x21C4, 0x21C4, 0x21C5, 0x21C5, 0x21C6, 0x21C6, 0x21C7, 0x21C8, 0x21E8, 0x19E9, 0x19EA,
    0x19EB, 0x11EC, 0x09ED, 0x01EF, 0x01F0, 0x01F2, 0x01F3, 0x01F5, 0x01F6, 0x01F7, 0x01F9, 0x01F9, 0x01FA, 0x01FB, 0x021C, 0x021C,
    0x2A03, 0x2A03, 0x2A04, 0x2A04, 0x2204, 0x2204, 0x2204, 0x2205, 0x2205, 0x2206, 0x2206, 0x2207, 0x2208, 0x2208, 0x1A29, 0x1A2A,
    0x1A2B, 0x122C, 0x0A2D, 0x022F, 0x0230, 0x0232, 0x0233, 0x0235, 0x0236, 0x0237, 0x0239, 0x023A, 0x023A, 0x025B, 0x025C, 0x025C,
    0x2A23, 0x2A43, 0x2A43, 0x2A44, 0x2244, 0x2244, 0x2244, 0x2245, 0x2245, 0x2246, 0x2247, 0x2247, 0x2248, 0x2249, 0x1A49, 0x1A6A,
    0x1A6C, 0x126D, 0x0A6E, 0x026F, 0x0271, 0x0272, 0x0294, 0x0295, 0x0276, 0x0277, 0x0278, 0x0279, 0x027A, 0x027B, 0x029C, 0x02BC,
    0x2A83, 0x2A83, 0x2A83, 0x2A84, 0x2A84, 0x2A84, 0x2A85, 0x2285, 0x2286, 0x2286, 0x2287, 0x2287, 0x2288, 0x2289, 0x1AAA, 0x1AAB,
    0x12AC, 0x0AAD, 0x02AE, 0x02D0, 0x02D1, 0x02D2, 0x02D4, 0x02D5, 0x02D6, 0x02D8, 0x02D9, 0x02BA, 0x02DA, 0x02DB, 0x02DC, 0x02FC,
    0x2AC3, 0x2AC3, 0x2AC3, 0x2AC4, 0x2AC4, 0x2AC4, 0x2AC5, 0x22C5, 0x22C6, 0x22E6, 0x22E7, 0x22E8, 0x1AE8, 0x1AE9, 0x1AEA, 0x1AEB,
    0x12EC, 0x0B0D, 0x030E, 0x0310, 0x0331, 0x0333, 0x0334, 0x0335, 0x0337, 0x0338, 0x0339, 0x033A, 0x033A, 0x033B, 0x033C, 0x033C,
    0x2B23, 0x2B23, 0x2B23, 0x2B24, 0x2B24, 0x2B24, 0x2B25, 0x2325, 0x2326, 0x2326, 0x2327, 0x1B28, 0x1B49, 0x1B4A, 0x1B4A, 0x1B4B,
    0x134D, 0x0B4E, 0x036F, 0x0370, 0x0372, 0x0393, 0x0394, 0x0396, 0x0397, 0x0398, 0x0399, 0x039A, 0x039A, 0x039B, 0x0B9C, 0x0B9C,
    0x2B83, 0x2B83, 0x2B83, 0x2B84, 0x2B84, 0x2B84, 0x2B85, 0x2385, 0x2386, 0x2386, 0x1B87, 0x1B88, 0x13A9, 0x13AA, 0x13AB, 0x13AC,
    0x13AD, 0x0BAE, 0x03AF, 0x03D1, 0x03D2, 0x03D3, 0x03F5, 0x03F6, 0x03F7, 0x03F8, 0x03F9, 0x03FA, 0x03FA, 0x13FB, 0x23FC, 0x2BFC,
    0x33E3, 0x33E3, 0x2BE3, 0x2BE4, 0x2BE4, 0x2BE4, 0x2BE5, 0x23E5, 0x23E6, 0x23E7, 0x1BE7, 0x1408, 0x0C09, 0x0C0A, 0x0C0B, 0x0C0C,
    0x0C0D, 0x0C0E, 0x0410, 0x0431, 0x0432, 0x0434, 0x0455, 0x0456, 0x0457, 0x0458, 0x0459, 0x0C5A, 0x1C5A, 0x2C5B, 0x3C7C, 0x445C,
    0x3443, 0x3443, 0x3443, 0x2C44, 0x2C44, 0x2C44, 0x2C45, 0x2C46, 0x2446, 0x2467, 0x1C68, 0x1468, 0x0C69, 0x0C6A, 0x0C6C, 0x046D,
    0x046E, 0x046F, 0x0470, 0x0491, 0x0492, 0x0494, 0x04B5, 0x04B6, 0x04B7, 0x04B8, 0x0C99, 0x1C9A, 0x2CBA, 0x3CBB, 0x44BC, 0x4CBC,
    0x34C3, 0x34C3, 0x34C3, 0x34C4, 0x34C4, 0x2CC4, 0x2CC5, 0x2CC6, 0x24C6, 0x24C7, 0x1CC8, 0x14C9, 0x0CCA, 0x0CCB, 0x04CC, 0x04CD,
    0x04CE, 0x04CF, 0x04F1, 0x04F2, 0x04F3, 0x04F4, 0x04F5, 0x04F6, 0x0CF7, 0x14F8, 0x24F9, 0x34FA, 0x3CFA, 0x4CFB, 0x551B, 0x5D1C,
    0x3523, 0x3523, 0x3524, 0x3524, 0x3524, 0x3524, 0x2D25, 0x2D26, 0x2527, 0x2528, 0x2528, 0x1D29, 0x152A, 0x0D2B, 0x0D2D, 0x0D2E,
    0x0D2F, 0x0D50, 0x0551, 0x0552, 0x0553, 0x0554, 0x0D56, 0x1556, 0x2557, 0x2D58, 0x3559, 0x455A, 0x555A, 0x5D5B, 0x655B, 0x6D5C,
    0x3D84, 0x3D84, 0x3D84, 0x3D84, 0x3585, 0x3585, 0x3586, 0x3587, 0x2D88, 0x2D88, 0x2D89, 0x258A, 0x258B, 0x1D8C, 0x1D8D, 0x1D8E,
    0x1D8F, 0x1D90, 0x1D91, 0x1D92, 0x1D93, 0x1DB5, 0x25B6, 0x2D97, 0x3D98, 0x4598, 0x4D99, 0x559A, 0x5D9A, 0x6D9B, 0x75BB, 0x7DBC,
    0x3DC4, 0x3DC5, 0x3DC5, 0x3DC5, 0x3DC6, 0x3DE6, 0x3DE7, 0x3DC7, 0x35C8, 0x35E9, 0x35EA, 0x35EB, 0x35EC, 0x2DED, 0x2DEE, 0x35EF,
    0x35F0, 0x35F1, 0x35F2, 0x35F3, 0x35F4, 0x35F5, 0x3DF6, 0x45F7, 0x4DF8, 0x55F8, 0x5DD9, 0x65DA, 0x6DDA, 0x75DB, 0x7DFB, 0x85FC,
    0x4626, 0x4626, 0x4626, 0x4627, 0x4627, 0x4627, 0x4628, 0x4629, 0x4629, 0x462A, 0x462B, 0x462C, 0x462D, 0x462E, 0x462E, 0x462F,
    0x4630, 0x4631, 0x4E32, 0x4E33, 0x4E34, 0x4E35, 0x4E36, 0x5637, 0x5E38, 0x6639, 0x6E19, 0x761A, 0x7E1A, 0x861B, 0x8E3B, 0x8E3C,
    0x4E68, 0x4E68, 0x4E68, 0x4E68, 0x4E68, 0x4E69, 0x4E69, 0x4E6A, 0x566B, 0x566B, 0x566C, 0x566D, 0x566E, 0x566F, 0x5670, 0x5670,
    0x5E71, 0x5E72, 0x5E73, 0x5E74, 0x5E75, 0x6675, 0x6676, 0x6677, 0x6E78, 0x6E59, 0x7659, 0x7E5A, 0x865A, 0x8E5B, 0x965B, 0x9E7C,
    0x5E89, 0x5EA9, 0x5EAA, 0x5EAA, 0x5EAA, 0x5E8B, 0x5E8B, 0x5E8C, 0x5E8C, 0x5EAD, 0x668E, 0x668E, 0x668F, 0x6690, 0x6E91, 0x6E91,
    0x6E92, 0x6E93, 0x6E94, 0x6E94, 0x7695, 0x7696, 0x7696, 0x7697, 0x7698, 0x7E99, 0x7E99, 0x867A, 0x8E9A, 0x969B, 0x969B, 0x9E9C,
    0x6ECB, 0x6ECC, 0x6ECC, 0x6ECC, 0x6ECC, 0x6ECD, 0x6ECD, 0x6ECD, 0x6ECE, 0x6ECE, 0x76CF, 0x76D0, 0x76D0, 0x76D1, 0x7ED2, 0x7ED2,
    0x7ED3, 0x7ED4, 0x7EB4, 0x86B5, 0x86B6, 0x86B6, 0x86B7, 0x86B7, 0x86B8, 0x8EB9, 0x8EB9, 0x8EBA, 0x96BB, 0x9EBB, 0x9EBB, 0xA6BC,
    0x76ED, 0x76EE, 0x76EE, 0x7EEE, 0x7EEE, 0x7EEF, 0x7EEF, 0x7EEF, 0x7EF0, 0x7EF0, 0x7EF1, 0x86F1, 0x86F2, 0x86F2, 0x86F3, 0x8EF3,
    0x8EF4, 0x8EF5, 0x8ED5, 0x8ED6, 0x8ED6, 0x96D7, 0x96F7, 0x96F8, 0x96F8, 0x96F9, 0x96DA, 0x9EDA, 0x9EDB, 0xA6DB, 0xAEDB, 0xAEDC,
    0x8710, 0x8710, 0x8710, 0x8F10, 0x8F10, 0x8F11, 0x8F11, 0x8F11, 0x8F11, 0x8F12, 0x8F12, 0x9713, 0x9713, 0x9714, 0x96F4, 0x96F5,
    0x9F15, 0x9F16, 0x9EF6, 0x9EF6, 0x9EF7, 0x9EF7, 0x9F18, 0x9F18, 0xA719, 0xA719, 0xA6FA, 0xA6FA, 0xA6FB, 0xAEFB, 0xAEFB, 0xB6FC,
    0x9712, 0x9732, 0x9732, 0x9F32, 0x9F32, 0x9F33, 0x9F33, 0x9F33, 0x9F33, 0x9F34, 0x9F14, 0x9F14, 0xA715, 0xA715, 0xA715, 0xA716,
    0xA716, 0xA716, 0xA717, 0xA717, 0xAF17, 0xAF18, 0xAF18, 0xAF19, 0xAF19, 0xAF19, 0xAF1A, 0xAF1A, 0xAF1B, 0xB71B, 0xB71B, 0xBF1C,
    0xAF34, 0xA734, 0xA754, 0xAF35, 0xAF35, 0xAF35, 0xAF35, 0xAF35, 0xAF35, 0xAF36, 0xAF35, 0xAF36, 0xAF36, 0xAF36, 0xAF37, 0xB737,
    0xB737, 0xB737, 0xB738, 0xB738, 0xB738, 0xB738, 0xB739, 0xB739, 0xB739, 0xB73A, 0xB73A, 0xB73A, 0xB73B, 0xBF3B, 0xBF3B, 0xBF3C,
    0x2104, 0x2104, 0x2104, 0x2104, 0x2104, 0x2104, 0x2104, 0x2104, 0x2104, 0x2105, 0x2105, 0x2105, 0x20E6, 0x20E7, 0x28E7, 0x28E8,
    0x28E9, 0x28EA, 0x28EC, 0x28CD, 0x28AE, 0x28B0, 0x2892, 0x3073, 0x3035, 0x3016, 0x3018, 0x2819, 0x281A, 0x281B, 0x281C, 0x281C,
    0x2104, 0x2104, 0x2104, 0x2104, 0x2104, 0x2104, 0x2104, 0x2104, 0x2104, 0x2105, 0x2105, 0x2105, 0x2106, 0x28E7, 0x28E8, 0x28E8,
    0x28E9, 0x28EA, 0x28CC, 0x28CD, 0x28CE, 0x28B0, 0x2892, 0x2873, 0x2855, 0x2817, 0x2818, 0x2819, 0x281A, 0x281B, 0x281B, 0x281C,
    0x2104, 0x2104, 0x2104, 0x2104, 0x2104, 0x2104, 0x2104, 0x2104, 0x2104, 0x2105, 0x2105, 0x2106, 0x2106, 0x20E7, 0x28E8, 0x28E8,
    0x28E9, 0x28EB, 0x28EC, 0x28CD, 0x28CE, 0x28B0, 0x28B2, 0x2873, 0x2855, 0x2837, 0x2818, 0x2819, 0x281A, 0x281B, 0x281B, 0x281C,
    0x2104, 0x2104, 0x2104, 0x2104, 0x2104, 0x2104, 0x2104, 0x2104, 0x2104, 0x2105, 0x2105, 0x2106, 0x2106, 0x2107, 0x20E8, 0x28E8,
    0x28E9, 0x28EB, 0x28EC, 0x28CD, 0x28CE, 0x28B0, 0x28B2, 0x2893, 0x2875, 0x2836, 0x2818, 0x2819, 0x281A, 0x281B, 0x281B, 0x281C,
    0x2104, 0x2104, 0x2104, 0x2104, 0x2104, 0x2104, 0x2104, 0x2104, 0x2104, 0x2105, 0x2105, 0x2106, 0x2106, 0x2107, 0x2108, 0x2908,
    0x28E9, 0x28EB, 0x28EC, 0x28ED, 0x28CE, 0x28D0, 0x28B2, 0x2894, 0x2875, 0x2857, 0x2838, 0x2839, 0x201A, 0x201B, 0x201C, 0x203C,
    0x2104, 0x2104, 0x2104, 0x2104, 0x2104, 0x2104, 0x2104, 0x2104, 0x2104, 0x2105, 0x2105, 0x2106, 0x2106, 0x2107, 0x2108, 0x2109,
    0x210A, 0x210B, 0x290C, 0x20ED, 0x20EF, 0x20F0, 0x28D2, 0x28B4, 0x2095, 0x2097, 0x2078, 0x2059, 0x205A, 0x205B, 0x207C, 0x207C,
    0x2124, 0x2124, 0x2124, 0x2124, 0x2124, 0x2124, 0x2124, 0x2124, 0x2125, 0x2125, 0x2125, 0x2126, 0x2127, 0x2127, 0x2108, 0x2109,
    0x210A, 0x210B, 0x210C, 0x210D, 0x210F, 0x20F1, 0x20F2, 0x20D4, 0x20D5, 0x20B7, 0x18B8, 0x1899, 0x189A, 0x18BB, 0x18BC, 0x18BC,
    0x2124, 0x2124, 0x2124, 0x2124, 0x2124, 0x2124, 0x2124, 0x2124, 0x2125, 0x2125, 0x2125, 0x2126, 0x2127, 0x2128, 0x2128, 0x2129,
    0x212A, 0x212B, 0x212C, 0x212E, 0x212F, 0x2111, 0x2112, 0x1914, 0x18F5, 0x18F7, 0x10D8, 0x10D9, 0x10FA, 0x10FB, 0x10FC, 0x18FC,
    0x2144, 0x2144, 0x2144, 0x2144, 0x2144, 0x2144, 0x2144, 0x2144, 0x2145, 0x2145, 0x2146, 0x2146, 0x2147, 0x2148, 0x2148, 0x2149,
    0x214A, 0x214B, 0x214D, 0x214E, 0x194F, 0x1951, 0x1932, 0x1134, 0x1136, 0x1137, 0x0918, 0x0939, 0x091A, 0x091B, 0x093C, 0x113C,
    0x2163, 0x2164, 0x2164, 0x2164, 0x2164, 0x2164, 0x2164, 0x2165, 0x2165, 0x2165, 0x2166, 0x2166, 0x2167, 0x2168, 0x2168, 0x218A,
    0x218B, 0x216C, 0x216D, 0x196E, 0x1970, 0x1171, 0x0973, 0x0974, 0x0976, 0x0957, 0x0958, 0x0979, 0x095A, 0x097B, 0x097C, 0x097C,
    0x2984, 0x2984, 0x2984, 0x2984, 0x2984, 0x2984, 0x2184, 0x21A5, 0x21A5, 0x21A5, 0x21A6, 0x21A7, 0x21A7, 0x21A8, 0x21A9, 0x21AA,
    0x21AB, 0x19AC, 0x19AD, 0x11AE, 0x11B0, 0x09B1, 0x01B3, 0x01B4, 0x01B6, 0x01B7, 0x0198, 0x0199, 0x01BA, 0x01BB, 0x09BB, 0x09DC,
    0x29C4, 0x29C4, 0x29C4, 0x29C4, 0x29C4, 0x29C4, 0x29C4, 0x29C5, 0x29C5, 0x29C6, 0x21C6, 0x29C7, 0x29C8, 0x21E8, 0x21E9, 0x21EA,
    0x21EB, 0x19EC, 0x11ED, 0x09EF, 0x09F0, 0x01F2, 0x01F3, 0x01F5, 0x01F6, 0x01F7, 0x01F8, 0x01F9, 0x01FA, 0x01FB, 0x021C, 0x0A1C,
    0x2A03, 0x2A03, 0x2A04, 0x2A04, 0x2A04, 0x2A04, 0x2A04, 0x2A05, 0x2A05, 0x2A06, 0x2A06, 0x2A07, 0x2A08, 0x2229, 0x2229, 0x222A,
    0x222B, 0x1A2C, 0x122E, 0x0A2F, 0x0230, 0x0232, 0x0233, 0x0235, 0x0236, 0x0237, 0x0239, 0x023A, 0x023A, 0x025B, 0x025C, 0x025C,
    0x2A43, 0x2A43, 0x2A44, 0x2A44, 0x2A44, 0x2A44, 0x2A44, 0x2A45, 0x2A45, 0x2A46, 0x2A47, 0x2A47, 0x2248, 0x2249, 0x2269, 0x226B,
    0x226C, 0x1A6D, 0x126E, 0x0A6F, 0x0271, 0x0272, 0x0274, 0x0275, 0x0276, 0x0277, 0x0278, 0x0279, 0x027A, 0x029B, 0x029C, 0x029C,
    0x2A83, 0x2A83, 0x2A84, 0x2A84, 0x2A84, 0x2A84, 0x2A85, 0x2A85, 0x2A85, 0x2A86, 0x2287, 0x22A8, 0x22A8, 0x22A9, 0x22AA, 0x22AB,
    0x22AC, 0x1AAD, 0x12AE, 0x0AB0, 0x02D1, 0x02D2, 0x02D4, 0x02D5, 0x02D6, 0x02D8, 0x02D9, 0x02BA, 0x02DA, 0x02DB, 0x02DC, 0x02FC,
    0x32C3, 0x32C3, 0x32C4, 0x32C4, 0x2AC4, 0x2AC4, 0x2AC5, 0x2AC5, 0x2AC6, 0x2AE6, 0x22E7, 0x22E8, 0x22E8, 0x22E9, 0x22EA, 0x22EB,
    0x22EC, 0x1B0D, 0x0B0F, 0x0310, 0x0311, 0x0333, 0x0334, 0x0336, 0x0337, 0x0338, 0x0319, 0x031A, 0x033A, 0x033B, 0x033C, 0x0B3C,
    0x3323, 0x3323, 0x3323, 0x3324, 0x3324, 0x3324, 0x2B25, 0x2B25, 0x2B26, 0x2B26, 0x2327, 0x2328, 0x2349, 0x234A, 0x234B, 0x234C,
    0x1B4D, 0x134E, 0x0B6F, 0x0370, 0x0372, 0x0393, 0x0394, 0x0396, 0x0397, 0x0398, 0x0399, 0x039A, 0x039A, 0x0B9B, 0x139C, 0x1B9C,
    0x3383, 0x3383, 0x3383, 0x3384, 0x3384, 0x3384, 0x3385, 0x2B85, 0x2B86, 0x2B87, 0x2387, 0x2388, 0x23A9, 0x23AA, 0x23AB, 0x1BAC,
    0x1BAD, 0x13AE, 0x0BAF, 0x03D1, 0x03D2, 0x03F3, 0x03F5, 0x03F6, 0x03F7, 0x03F8, 0x03F9, 0x03FA, 0x0BFA, 0x1BFB, 0x2BFC, 0x33FC,
    0x33E3, 0x33E3, 0x33E3, 0x33E4, 0x33E4, 0x33E4, 0x33E5, 0x2BE5, 0x2BE6, 0x2BE7, 0x23E8, 0x23E8, 0x1C09, 0x1C0A, 0x1C0C, 0x1C0D,
    0x140E, 0x140F, 0x0C30, 0x0431, 0x0432, 0x0434, 0x0455, 0x0456, 0x0457, 0x0458, 0x0C59, 0x1C5A, 0x2C5B, 0x347B, 0x447C, 0x445C,
    0x3443, 0x3C43, 0x3443, 0x3444, 0x3444, 0x3444, 0x3465, 0x3466, 0x2C66, 0x2C67, 0x2468, 0x1C69, 0x1C6A, 0x146B, 0x146C, 0x146D,
    0x146E, 0x0C6F, 0x0C90, 0x0C91, 0x0492, 0x0494, 0x04B5, 0x04B6, 0x04B7, 0x0C98, 0x1C99, 0x249A, 0x349A, 0x44BB, 0x4CBC, 0x54BC,
    0x3CC3, 0x3CC3, 0x3CC3, 0x3CC4, 0x3CC4, 0x34C4, 0x34C5, 0x34C6, 0x2CC7, 0x2CC7, 0x24C8, 0x24C9, 0x1CCA, 0x14CB, 0x14CC, 0x14CD,
    0x14EE, 0x0CEF, 0x0CF1, 0x0CF2, 0x0CF3, 0x0CF4, 0x0CF5, 0x14F6, 0x1CF7, 0x24F8, 0x2CF9, 0x3CFA, 0x44FA, 0x4CFB, 0x551B, 0x651C,
    0x3D23, 0x3D23, 0x3D24, 0x3D24, 0x3D24, 0x3D25, 0x3525, 0x3526, 0x3527, 0x2D28, 0x2D29, 0x2529, 0x252A, 0x1D2B, 0x1D2D, 0x1D4E,
    0x1D4F, 0x1550, 0x1551, 0x1552, 0x1553, 0x1554, 0x1D55, 0x2556, 0x2D57, 0x3558, 0x3D59, 0x4D5A, 0x555A, 0x5D5B, 0x655B, 0x6D5C,
    0x3D83, 0x3D84, 0x3D84, 0x3D84, 0x3D85, 0x3D85, 0x3D86, 0x3D87, 0x3D88, 0x3588, 0x3589, 0x358A, 0x2D8B, 0x2D8C, 0x2D8D, 0x2D8E,
    0x2D8F, 0x2D90, 0x2D91, 0x2D92, 0x2D94, 0x2DB5, 0x2DB6, 0x3DB7, 0x4598, 0x4598, 0x4D99, 0x5D9A, 0x659A, 0x6D9B, 0x759B, 0x7DBC,
    0x45C4, 0x45C5, 0x45C5, 0x45C5, 0x45C6, 0x45E6, 0x45C7, 0x45C8, 0x3DE8, 0x3DE9, 0x3DEA, 0x3DEB, 0x3DEC, 0x3DED, 0x3DEE, 0x3DEF,
    0x3DF0, 0x3DF1, 0x3DF2, 0x3DF3, 0x3DF4, 0x3DF5, 0x45F6, 0x4DF7, 0x55F8, 0x5DF8, 0x5DD9, 0x65DA, 0x75DA, 0x7DFB, 0x85FC, 0x85FC,
    0x4E26, 0x4E26, 0x4E26, 0x4E27, 0x4E27, 0x4E27, 0x4E28, 0x4E29, 0x4E29, 0x4E2A, 0x462B, 0x4E2C, 0x4E2D, 0x4E2E, 0x4E2F, 0x4E2F,
    0x4E30, 0x4E31, 0x5632, 0x5633, 0x5634, 0x5635, 0x5636, 0x5E37, 0x6638, 0x6E39, 0x6E19, 0x761A, 0x7E1A, 0x863B, 0x8E3B, 0x963C,
    0x5668, 0x5668, 0x5668, 0x5668, 0x5668, 0x5669, 0x566A, 0x566A, 0x566B, 0x566B, 0x566C, 0x566D, 0x5E6E, 0x5E6F, 0x5E70, 0x5E70,
    0x5E71, 0x6672, 0x6673, 0x6674, 0x6675, 0x6675, 0x6E76, 0x6E77, 0x6E78, 0x7659, 0x7E59, 0x865A, 0x8E5A, 0x8E5B, 0x965B, 0x9E7C,
    0x5E89, 0x5EAA, 0x5EAA, 0x5EAA, 0x5EAA, 0x5E8B, 0x668B, 0x668C, 0x668C, 0x668D, 0x668E, 0x668E, 0x6E8F, 0x6E90, 0x6E91, 0x6E91,
    0x6E92, 0x7693, 0x7694, 0x7695, 0x7695, 0x7696, 0x7696, 0x7E97, 0x7E98, 0x7E99, 0x8699, 0x8E9A, 0x8E9A, 0x969B, 0x9E9B, 0x9E9C,
    0x6ECB, 0x6ECC, 0x6ECC, 0x6ECC, 0x6ECC, 0x6ECD, 0x6ECD, 0x6ECD, 0x76CE, 0x76CF, 0x76CF, 0x76D0, 0x76D1, 0x7EB1, 0x7ED2, 0x7ED2,
    0x86D3, 0x86B4, 0x86B4, 0x86B5, 0x86B6, 0x86B6, 0x86B7, 0x8EB7, 0x8EB8, 0x8EB9, 0x8EB9, 0x96BA, 0x96BA, 0x9EBB, 0xA6BB, 0xAEBC,
    0x7EEE, 0x7EEE, 0x7EEE, 0x7EEE, 0x7EEE, 0x7EEF, 0x7EEF, 0x7EEF, 0x7EF0, 0x86F0, 0x86F1, 0x86F1, 0x86F2, 0x8EF2, 0x8EF3, 0x8ED3,
    0x8ED4, 0x8EF5, 0x96D5, 0x96D6, 0x96D6, 0x96D7, 0x96F7, 0x96F8, 0x96F8, 0x96F9, 0x96F9, 0x9EDA, 0x9EDA, 0xA6DB, 0xAEDB, 0xB6DC,
    0x8F10, 0x8F10, 0x8F10, 0x8F10, 0x8F10, 0x8F11, 0x8F11, 0x8F11, 0x8F11, 0x8F12, 0x9712, 0x9713, 0x9713, 0x9714, 0x96F4, 0x9EF5,
    0x9EF5, 0x9EF6, 0x9EF6, 0x9EF6, 0x9EF7, 0x9EF7, 0xA718, 0xA718, 0xA719, 0xA719, 0xA71A, 0xA6FA, 0xA6FB, 0xAEFB, 0xAEFB, 0xB6FC,
    0x9F12, 0x9F32, 0x9F32, 0x9F32, 0x9F12, 0x9F33, 0x9F33, 0x9F33, 0x9F33, 0x9F34, 0x9F14, 0xA714, 0xA715, 0xA715, 0xA716, 0xA716,
    0xA716, 0xA717, 0xAF17, 0xAF17, 0xAF17, 0xAF18, 0xAF18, 0xAF19, 0xAF19, 0xAF19, 0xAF1A, 0xAF1A, 0xB71B, 0xB71B, 0xB71B, 0xBF1C,
    0xAF34, 0xAF34, 0xAF34, 0xAF35, 0xAF35, 0xAF35, 0xAF35, 0xAF35, 0xAF35, 0xAF35, 0xAF35, 0xAF36, 0xAF36, 0xB736, 0xB737, 0xB737,
    0xB737, 0xB737, 0xB738, 0xB738, 0xB738, 0xB738, 0xB739, 0xB739, 0xB73A, 0xB73A, 0xB73A, 0xB73B, 0xBF3B, 0xBF3B, 0xBF3B, 0xBF3C,
    0x2103, 0x2104, 0x2104, 0x2104, 0x2104, 0x2104, 0x2104, 0x2104, 0x2104, 0x2105, 0x2105, 0x28E5, 0x28E6, 0x28E7, 0x28E7, 0x28E8,
    0x28E9, 0x28CA, 0x30CC, 0x30CD, 0x30AE, 0x30B0, 0x3092, 0x3053, 0x3035, 0x3016, 0x3818, 0x3819, 0x381A, 0x301B, 0x301B, 0x301C,
    0x2104, 0x2104, 0x2104, 0x2104, 0x2104, 0x2104, 0x2104, 0x2104, 0x2104, 0x2105, 0x2105, 0x2905, 0x28E6, 0x28E7, 0x28E8, 0x28E8,
    0x28E9, 0x28CA, 0x28CC, 0x30CD, 0x30AE, 0x30B0, 0x3091, 0x3054, 0x3035, 0x3016, 0x3018, 0x3019, 0x301A, 0x301B, 0x301B, 0x301C,
    0x2104, 0x2104, 0x2104, 0x2104, 0x2104, 0x2104, 0x2104, 0x2104, 0x2104, 0x2105, 0x2105, 0x2906, 0x2906, 0x28E7, 0x28E8, 0x28E8,
    0x28E9, 0x28EB, 0x28EC, 0x30CD, 0x30AE, 0x30B0, 0x3092, 0x3074, 0x3035, 0x3017, 0x3018, 0x3019, 0x301A, 0x301B, 0x301B, 0x301C,
    0x2104, 0x2104, 0x2104, 0x2104, 0x2104, 0x2104, 0x2104, 0x2104, 0x2104, 0x2105, 0x2105, 0x2906, 0x2906, 0x28E7, 0x28E8, 0x28E9,
    0x28EA, 0x28EB, 0x28EC, 0x28CD, 0x30CF, 0x30B0, 0x3092, 0x3074, 0x3055, 0x3037, 0x3018, 0x3019, 0x301A, 0x301B, 0x301B, 0x301C,
    0x2104, 0x2104, 0x2104, 0x2104, 0x2104, 0x2104, 0x2104, 0x2104, 0x2104, 0x2905, 0x2905, 0x2906, 0x2906, 0x28E7, 0x2908, 0x2908,
    0x28E9, 0x28EB, 0x28EC, 0x28ED, 0x28CF, 0x30D0, 0x30B2, 0x3094, 0x3075, 0x3057, 0x3038, 0x2819, 0x281A, 0x281B, 0x301C, 0x281C,
    0x2103, 0x2104, 0x2104, 0x2104, 0x2104, 0x2104, 0x2104, 0x2104, 0x2104, 0x2905, 0x2905, 0x2906, 0x2906, 0x2907, 0x2908, 0x2909,
    0x290A, 0x290B, 0x290C, 0x28ED, 0x28EF, 0x28D0, 0x30D2, 0x30B4, 0x3095, 0x3077, 0x2878, 0x2859, 0x285A, 0x285B, 0x285C, 0x287C,
    0x2124, 0x2124, 0x2124, 0x2124, 0x2124, 0x2124, 0x2124, 0x2124, 0x2925, 0x2125, 0x2925, 0x2926, 0x2907, 0x2908, 0x2908, 0x2909,
    0x290A, 0x290B, 0x290C, 0x290E, 0x28EF, 0x28F1, 0x28F2, 0x28D4, 0x28D5, 0x28B7, 0x28B8, 0x2899, 0x289A, 0x289B, 0x289C, 0x28BC,
    0x2123, 0x2924, 0x2924, 0x2124, 0x2124, 0x2924, 0x2124, 0x2924, 0x2925, 0x2925, 0x2925, 0x2926, 0x2927, 0x2928, 0x2928, 0x2929,
    0x292A, 0x292B, 0x292D, 0x292E, 0x292F, 0x2911, 0x2912, 0x28F4, 0x20F6, 0x20F7, 0x20D8, 0x20D9, 0x20DA, 0x20DB, 0x20FC, 0x20FC,
    0x2943, 0x2944, 0x2944, 0x2944, 0x2944, 0x2944, 0x2944, 0x2944, 0x2945, 0x2945, 0x2946, 0x2946, 0x2947, 0x2948, 0x2948, 0x2949,
    0x294A, 0x294B, 0x294D, 0x214E, 0x214F, 0x2151, 0x2133, 0x2134, 0x2136, 0x2137, 0x2118, 0x2119, 0x211A, 0x211B, 0x213C, 0x213C,
    0x2964, 0x2964, 0x2964, 0x2964, 0x2964, 0x2964, 0x2964, 0x2964, 0x2965, 0x2965, 0x2966, 0x2966, 0x2967, 0x2968, 0x2189, 0x298A,
    0x296B, 0x216C, 0x216D, 0x216E, 0x2170, 0x2171, 0x1973, 0x1974, 0x1976, 0x1957, 0x1958, 0x1959, 0x195A, 0x197B, 0x197C, 0x217C,
    0x2984, 0x2984, 0x2984, 0x2984, 0x2984, 0x2984, 0x2984, 0x29A5, 0x29A5, 0x29A6, 0x29A6, 0x29A7, 0x29A7, 0x29A8, 0x29A9, 0x29AA,
    0x21AB, 0x21AC, 0x21AD, 0x21AF, 0x19B0, 0x19B2, 0x11B3, 0x11B4, 0x09B6, 0x09B7, 0x0998, 0x0999, 0x09BA, 0x11BB, 0x11BC, 0x19DC,
    0x29C3, 0x29C4, 0x29C4, 0x29C4, 0x29C4, 0x29C4, 0x29C4, 0x29C5, 0x29C5, 0x29C6, 0x29C6, 0x29C7, 0x29E8, 0x29E8, 0x29E9, 0x29EA,
    0x21EB, 0x21EC, 0x21EE, 0x19EF, 0x11F0, 0x11F2, 0x09F3, 0x09F5, 0x01F6, 0x01F7, 0x01F8, 0x01F9, 0x01FA, 0x0A1B, 0x121C, 0x121C,
    0x3203, 0x2A03, 0x3204, 0x3204, 0x2A04, 0x2A04, 0x2A04, 0x2A05, 0x2A05, 0x2A06, 0x2A06, 0x2A07, 0x2A08, 0x2A29, 0x2A29, 0x2A2A,
    0x222B, 0x222D, 0x222E, 0x1A2F, 0x1230, 0x0A32, 0x0233, 0x0235, 0x0236, 0x0237, 0x0238, 0x0239, 0x025A, 0x0A5B, 0x0A5C, 0x125C,
    0x3243, 0x3243, 0x3244, 0x3244, 0x3244, 0x3244, 0x3245, 0x2A45, 0x2A45, 0x2A46, 0x2A47, 0x2A47, 0x2A48, 0x2A69, 0x2A69, 0x2A6B,
    0x226C, 0x226D, 0x1A6E, 0x126F, 0x0A71, 0x0272, 0x0274, 0x0275, 0x0276, 0x0278, 0x0278, 0x029A, 0x029A, 0x029B, 0x0A9B, 0x129C,
    0x3283, 0x3283, 0x3284, 0x3284, 0x3284, 0x3284, 0x3284, 0x3285, 0x32A5, 0x2A86, 0x2AA7, 0x2AA8, 0x2AA8, 0x2AA9, 0x2AAA, 0x2AAB,
    0x22AC, 0x22AD, 0x1AAE, 0x12D0, 0x0AD1, 0x02D2, 0x02D4, 0x02D5, 0x02B6, 0x02D8, 0x02D9, 0x02D9, 0x02DA, 0x02DB, 0x0ADB, 0x12FC,
    0x32C3, 0x32C3, 0x32C4, 0x32C4, 0x32C4, 0x32C4, 0x32C5, 0x32E5, 0x32E6, 0x2AE6, 0x2AE7, 0x2AE8, 0x2AE8, 0x2AE9, 0x2AEA, 0x2AEB,
    0x22EC, 0x230D, 0x1B0F, 0x1310, 0x0B31, 0x0333, 0x0334, 0x0336, 0x0337, 0x0338, 0x0319, 0x0339, 0x033A, 0x0B3B, 0x133C, 0x233C,
    0x3323, 0x3323, 0x3B23, 0x3324, 0x3324, 0x3324, 0x3325, 0x3325, 0x3326, 0x3346, 0x2B27, 0x2B48, 0x2B49, 0x2B4A, 0x2B4B, 0x2B4C,
    0x234D, 0x236E, 0x1B6F, 0x1370, 0x0B72, 0x0393, 0x0394, 0x0396, 0x0397, 0x0398, 0x0379, 0x039A, 0x0B9A, 0x139B, 0x239C, 0x2B9C,
    0x3B83, 0x3B83, 0x3B83, 0x3B84, 0x3B84, 0x3B84, 0x3385, 0x3385, 0x3386, 0x3387, 0x2B87, 0x2B88, 0x2BA9, 0x2BAA, 0x2BAB, 0x2BAC,
    0x23AD, 0x23AE, 0x1BCF, 0x13D1, 0x0BD2, 0x03F3, 0x03F5, 0x03F6, 0x03F7, 0x03F8, 0x0BF9, 0x0BFA, 0x1BFA, 0x2C1B, 0x33FC, 0x3BFC,
    0x3BE3, 0x3BE3, 0x3BE3, 0x3BE3, 0x3BE4, 0x3BE4, 0x3C05, 0x3406, 0x33E6, 0x33E7, 0x2BE8, 0x2C08, 0x2C09, 0x2C0A, 0x240C, 0x240D,
    0x240E, 0x240F, 0x1C30, 0x1431, 0x0C32, 0x0453, 0x0455, 0x0456, 0x0C57, 0x1458, 0x1C59, 0x245A, 0x345B, 0x447B, 0x447B, 0x4C5C,
    0x3C63, 0x3C43, 0x3C43, 0x3C44, 0x3C44, 0x3C64, 0x3C65, 0x3C66, 0x3466, 0x3467, 0x3468, 0x2C69, 0x2C6A, 0x246B, 0x246C, 0x246D,
    0x246E, 0x1C6F, 0x1C90, 0x1C91, 0x1493, 0x0C94, 0x0CB5, 0x14B6, 0x14B7, 0x2498, 0x2C99, 0x349A, 0x3CBA, 0x44BB, 0x4CBB, 0x54BC,
    0x44C3, 0x44C3, 0x44C3, 0x44C4, 0x3CC4, 0x3CC5, 0x3CC5, 0x3CC6, 0x3CC7, 0x34C7, 0x34C8, 0x2CC9, 0x2CCA, 0x24CB, 0x24CC, 0x24ED,
    0x24EE, 0x24F0, 0x24F1, 0x1CF2, 0x1CF3, 0x1CF4, 0x1CF5, 0x24F6, 0x24F7, 0x2CF8, 0x3CF9, 0x44FA, 0x4CFA, 0x54FB, 0x5D1B, 0x651C,
    0x4523, 0x4523, 0x4524, 0x4524, 0x4524, 0x4525, 0x3D26, 0x3D26, 0x3D27, 0x3D28, 0x3529, 0x352A, 0x2D2A, 0x2D2B, 0x2D4D, 0x2D4E,
    0x2D4F, 0x2D50, 0x2D51, 0x2552, 0x2553, 0x2D55, 0x2D56, 0x3556, 0x3D57, 0x4558, 0x4559, 0x555A, 0x5D5A, 0x655B, 0x6D5B, 0x6D5C,
    0x4584, 0x4584, 0x4584, 0x4584, 0x4585, 0x4585, 0x4586, 0x4587, 0x4588, 0x3D88, 0x3D89, 0x3D8A, 0x3D8B, 0x358C, 0x358D, 0x358E,
    0x358F, 0x3590, 0x3591, 0x3592, 0x3594, 0x35B5, 0x3DB6, 0x45B7, 0x4D97, 0x4D98, 0x5599, 0x5D9A, 0x659A, 0x6D9B, 0x759C, 0x7DBC,
    0x4DC5, 0x4DE5, 0x4DE5, 0x4DC5, 0x4DC6, 0x45C6, 0x45C7, 0x45E8, 0x45E8, 0x45E9, 0x45EA, 0x45EB, 0x45EC, 0x45ED, 0x45EE, 0x45EF,
    0x45F0, 0x45F1, 0x45F2, 0x45F3, 0x45F4, 0x45F5, 0x4DF6, 0x55F7, 0x5DF8, 0x5DF8, 0x65D9, 0x6DDA, 0x75DA, 0x7DFB, 0x85FC, 0x8DFC,
    0x5626, 0x5626, 0x5626, 0x4E27, 0x4E27, 0x4E28, 0x4E28, 0x4E29, 0x4E2A, 0x4E2A, 0x4E2B, 0x4E2C, 0x4E2D, 0x562E, 0x562F, 0x5630,
    0x5630, 0x5631, 0x5632, 0x5E33, 0x5E34, 0x5E35, 0x5E36, 0x6637, 0x6638, 0x6E39, 0x7639, 0x7E1A, 0x861A, 0x8E3B, 0x8E3B, 0x963C,
    0x5E68, 0x5E68, 0x5E68, 0x5E68, 0x5E68, 0x5E69, 0x5E6A, 0x5E6A, 0x5E6B, 0x5E6B, 0x5E6C, 0x5E6D, 0x5E6E, 0x666F, 0x6670, 0x6670,
    0x6671, 0x6672, 0x6E73, 0x6E74, 0x6E75, 0x6E76, 0x6E76, 0x6E77, 0x7678, 0x7679, 0x7E59, 0x865A, 0x8E5A, 0x965B, 0x967B, 0x9E7C,
    0x6689, 0x66AA, 0x66AA, 0x66AA, 0x66AA, 0x668B, 0x668B, 0x66AC, 0x668C, 0x668D, 0x6E8E, 0x6E8E, 0x6E8F, 0x6E90, 0x6E91, 0x7691,
    0x7692, 0x7693, 0x7694, 0x7695, 0x7695, 0x7E96, 0x7E96, 0x7E97, 0x7E98, 0x8699, 0x8699, 0x8E9A, 0x969A, 0x969B, 0x9E9B, 0xA69C,
    0x6ECB, 0x6ECC, 0x6ECC, 0x6ECC, 0x76CD, 0x76CD, 0x76CD, 0x76CE, 0x76CE, 0x76CF, 0x76CF, 0x7ED0, 0x7EB1, 0x7ED1, 0x7ED2, 0x7ED2,
    0x86D3, 0x86B4, 0x86B4, 0x86B5, 0x86B6, 0x8EB6, 0x8EB6, 0x8EB7, 0x8EB8, 0x8ED9, 0x8ED9, 0x96BA, 0x9EBA, 0x9EBB, 0xA6BB, 0xAEBC,
    0x7EEE, 0x7EEE, 0x7EEE, 0x7EEE, 0x7EEE, 0x7EEF, 0x86EF, 0x86F0, 0x86F0, 0x86F1, 0x86F1, 0x86F1, 0x8EF2, 0x8EF3, 0x8EF3, 0x8EF4,
    0x8EF4, 0x96D5, 0x96F5, 0x96D6, 0x96D6, 0x96D7, 0x96D7, 0x96D8, 0x96D8, 0x9EF9, 0x9EF9, 0x9EDA, 0xA6DA, 0xA6DB, 0xAEDB, 0xB6DC,
    0x8F10, 0x8F10, 0x8F10, 0x8F10, 0x8F10, 0x8F11, 0x8F11, 0x9711, 0x9712, 0x9712, 0x9713, 0x9713, 0x9713, 0x9714, 0x9F14, 0x9F15,
    0x9EF5, 0x9EF6, 0x9F16, 0x9EF6, 0xA6F7, 0xA6F7, 0xA718, 0xA6F8, 0xA6F9, 0xA719, 0xA71A, 0xA71A, 0xAEFA, 0xAEFB, 0xB6FB, 0xB6FC,
    0x9F32, 0x9F32, 0x9F32, 0x9F32, 0x9F12, 0x9F33, 0x9F33, 0x9F33, 0xA733, 0xA714, 0xA734, 0xA734, 0xA735, 0xA715, 0xA716, 0xA716,
    0xAF16, 0xAF17, 0xAF17, 0xAF17, 0xAF17, 0xAF18, 0xAF18, 0xAF19, 0xAF19, 0xAF19, 0xAF3A, 0xB71A, 0xB71B, 0xB71B, 0xB71B, 0xBF1C,
    0xAF34, 0xAF34, 0xAF35, 0xAF35, 0xAF35, 0xAF35, 0xAF35, 0xAF35, 0xAF35, 0xAF36, 0xAF36, 0xAF36, 0xB736, 0xB736, 0xB737, 0xB737,
    0xB737, 0xB737, 0xB738, 0xB738, 0xB738, 0xB738, 0xB739, 0xB739, 0xB73A, 0xB73A, 0xBF3A, 0xBF3B, 0xBF3B, 0xBF3B, 0xBF3B, 0xBF3C,
    0x2104, 0x2104, 0x2104, 0x2104, 0x2904, 0x2104, 0x2104, 0x2104, 0x20E4, 0x28E4, 0x28E5, 0x28E5, 0x28E6, 0x28E7, 0x28E8, 0x28E9,
    0x30E9, 0x30CA, 0x30CC, 0x30CD, 0x38AE, 0x3890, 0x3872, 0x3833, 0x3815, 0x4017, 0x4018, 0x3819, 0x381A, 0x381A, 0x381B, 0x381C,
    0x2104, 0x2104, 0x2104, 0x2104, 0x2104, 0x2104, 0x2104, 0x2104, 0x20E4, 0x2104, 0x2905, 0x2905, 0x28E6, 0x28E7, 0x28E8, 0x28E8,
    0x30E9, 0x30EA, 0x30CC, 0x30CD, 0x38AE, 0x3890, 0x3872, 0x3853, 0x3815, 0x3817, 0x3818, 0x3819, 0x381A, 0x381B, 0x381C, 0x381C,
    0x2104, 0x2104, 0x2104, 0x2104, 0x2104, 0x2104, 0x2104, 0x2904, 0x2104, 0x2905, 0x2905, 0x2906, 0x2906, 0x28E7, 0x28E8, 0x28E8,
    0x30EA, 0x30EB, 0x30CC, 0x30CD, 0x30AE, 0x38B0, 0x3892, 0x3873, 0x3835, 0x3816, 0x3818, 0x3819, 0x381A, 0x381B, 0x381C, 0x381C,
    0x2104, 0x2104, 0x2104, 0x2104, 0x2104, 0x2104, 0x2904, 0x2904, 0x2904, 0x2905, 0x2905, 0x2906, 0x2906, 0x2907, 0x28E8, 0x28E9,
    0x30EA, 0x30EB, 0x30EC, 0x30CD, 0x30AF, 0x38B0, 0x3892, 0x3874, 0x3855, 0x3817, 0x3818, 0x3819, 0x381A, 0x381B, 0x381C, 0x381C,
    0x2104, 0x2104, 0x2104, 0x2104, 0x2104, 0x2904, 0x2904, 0x2904, 0x2104, 0x2905, 0x2905, 0x2906, 0x2906, 0x2907, 0x2908, 0x2908,
    0x30E9, 0x30EB, 0x30EC, 0x30CD, 0x30CF, 0x38B0, 0x38B2, 0x3874, 0x3855, 0x3837, 0x3818, 0x3819, 0x381A, 0x381B, 0x381C, 0x381C,
    0x2123, 0x2124, 0x2924, 0x2924, 0x2924, 0x2904, 0x2904, 0x2904, 0x2104, 0x2905, 0x2905, 0x2906, 0x2906, 0x2907, 0x2908, 0x2909,
    0x310A, 0x310B, 0x30EC, 0x30EE, 0x30EF, 0x30D1, 0x30D2, 0x38B4, 0x3895, 0x3877, 0x3858, 0x3859, 0x383A, 0x385B, 0x385C, 0x387C,
    0x2924, 0x2924, 0x2924, 0x2924, 0x2924, 0x2924, 0x2924, 0x2924, 0x2924, 0x2905, 0x2926, 0x2926, 0x2907, 0x2908, 0x2908, 0x2909,
    0x310A, 0x310B, 0x310C, 0x310E, 0x310F, 0x30F1, 0x30F2, 0x30D4, 0x30B5, 0x30B7, 0x3098, 0x3099, 0x309A, 0x309B, 0x309C, 0x30BC,
    0x2924, 0x2924, 0x2924, 0x2924, 0x2944, 0x2924, 0x2924, 0x2924, 0x2925, 0x2925, 0x2926, 0x2926, 0x2927, 0x2928, 0x2928, 0x2929,
    0x312A, 0x312B, 0x312C, 0x312E, 0x312F, 0x3111, 0x3112, 0x3114, 0x30F5, 0x30D7, 0x30D8, 0x30D9, 0x30DA, 0x30DB, 0x30FC, 0x30FC,
    0x2944, 0x2944, 0x2944, 0x2944, 0x2944, 0x2944, 0x2944, 0x2944, 0x2945, 0x2945, 0x2946, 0x2946, 0x2947, 0x2948, 0x2948, 0x2949,
    0x294A, 0x294B, 0x314D, 0x294E, 0x2950, 0x2951, 0x2933, 0x2934, 0x2936, 0x2917, 0x2918, 0x2919, 0x291A, 0x291B, 0x293C, 0x293C,
    0x2964, 0x2964, 0x2964, 0x2964, 0x2964, 0x2964, 0x2964, 0x2965, 0x2985, 0x2965, 0x2966, 0x2967, 0x2967, 0x2988, 0x2989, 0x296A,
    0x296B, 0x296C, 0x296D, 0x296E, 0x2970, 0x2971, 0x2973, 0x2954, 0x2956, 0x2957, 0x2958, 0x2959, 0x295A, 0x297B, 0x297C, 0x299C,
    0x3184, 0x31A4, 0x31A4, 0x29A4, 0x31A4, 0x31A4, 0x29A4, 0x29A5, 0x29A5, 0x29A5, 0x31A6, 0x31A7, 0x29A7, 0x29A8, 0x29A9, 0x29AA,
    0x29AB, 0x29AC, 0x29AD, 0x29AF, 0x29B0, 0x21B1, 0x21B3, 0x21B5, 0x21B6, 0x21B7, 0x2199, 0x2199, 0x21BA, 0x21BB, 0x29BC, 0x29DC,
    0x31C3, 0x31C3, 0x31C4, 0x31C4, 0x31C4, 0x31C4, 0x31C4, 0x31C5, 0x31C5, 0x31E6, 0x31C6, 0x31C7, 0x31C7, 0x29E8, 0x29E9, 0x29EA,
    0x29EB, 0x29EC, 0x29EE, 0x21EF, 0x21F0, 0x21F2, 0x19F3, 0x19F5, 0x19F6, 0x19F7, 0x19F9, 0x19F9, 0x19FA, 0x221B, 0x221C, 0x2A1C,
    0x3203, 0x3203, 0x3204, 0x3204, 0x3204, 0x3204, 0x3204, 0x3205, 0x3205, 0x3226, 0x3206, 0x3207, 0x3208, 0x2A28, 0x3229, 0x2A2A,
    0x2A2B, 0x2A2C, 0x2A2E, 0x222F, 0x2231, 0x1A32, 0x1233, 0x1235, 0x1236, 0x0A37, 0x0A38, 0x123A, 0x1A3A, 0x1A5B, 0x225C, 0x225C,
    0x3243, 0x3243, 0x3244, 0x3244, 0x3244, 0x3244, 0x3245, 0x3245, 0x3246, 0x3266, 0x3267, 0x3267, 0x3268, 0x3249, 0x326A, 0x326B,
    0x2A6C, 0x2A6D, 0x2A6E, 0x226F, 0x1A71, 0x1272, 0x0A74, 0x0275, 0x0276, 0x0278, 0x0278, 0x0279, 0x0A9A, 0x1A9B, 0x229C, 0x22BC,
    0x3A83, 0x3A83, 0x3A84, 0x3A84, 0x3284, 0x3284, 0x3285, 0x3285, 0x3285, 0x32A6, 0x32A7, 0x32A8, 0x32A8, 0x32A9, 0x32AA, 0x32AB,
    0x2AAC, 0x2ACD, 0x22CE, 0x22D0, 0x1AD1, 0x12D2, 0x02D4, 0x02B5, 0x02B6, 0x02D8, 0x02D9, 0x02D9, 0x0ADA, 0x1ADB, 0x22FC, 0x2AFC,
    0x3AE3, 0x3AE3, 0x3AC4, 0x3AC4, 0x3AE4, 0x3AE4, 0x3AE5, 0x3AE5, 0x32E6, 0x32E6, 0x32E7, 0x32E8, 0x32E9, 0x32E9, 0x32EA, 0x32EB,
    0x2AEC, 0x2B0D, 0x2B0F, 0x2310, 0x1B31, 0x1333, 0x0B14, 0x0335, 0x0337, 0x0338, 0x0339, 0x0339, 0x133A, 0x1B3B, 0x2B3C, 0x2B5C,
    0x3B23, 0x3B23, 0x3B24, 0x3B24, 0x3B24, 0x3B24, 0x3B45, 0x3B25, 0x3B26, 0x3B47, 0x3347, 0x3348, 0x3349, 0x334A, 0x334B, 0x334C,
    0x2B4D, 0x2B6E, 0x2B6F, 0x2370, 0x1B72, 0x1393, 0x0B94, 0x0395, 0x0397, 0x0398, 0x0B99, 0x0B99, 0x1B9A, 0x2B9B, 0x339C, 0x33BC,
    0x3B83, 0x3B83, 0x3B83, 0x3B84, 0x3B84, 0x3B84, 0x3B85, 0x3B85, 0x3B86, 0x3B87, 0x3387, 0x3388, 0x33A9, 0x33AA, 0x33AB, 0x33AC,
    0x2BAD, 0x2BAE, 0x2BCF, 0x23D1, 0x1BD2, 0x13F3, 0x13F5, 0x0BF6, 0x13F7, 0x13F8, 0x1BF9, 0x23FA, 0x2BFA, 0x3BFB, 0x441C, 0x441C,
    0x43E3, 0x43E3, 0x43E3, 0x43E3, 0x4404, 0x4404, 0x3C05, 0x3C06, 0x3C06, 0x3BE7, 0x3C08, 0x3408, 0x3409, 0x340A, 0x340C, 0x340D,
    0x2C0D, 0x2C0F, 0x2C30, 0x2431, 0x2432, 0x1C34, 0x1C55, 0x1C56, 0x2457, 0x2458, 0x2C59, 0x345A, 0x3C5A, 0x445B, 0x4C7B, 0x547C,
    0x4463, 0x4463, 0x4463, 0x4464, 0x4464, 0x4464, 0x4465, 0x3C66, 0x3C66, 0x3C67, 0x3C68, 0x3C69, 0x346A, 0x346B, 0x2C6C, 0x2C6D,
    0x2C6E, 0x2C8F, 0x2C90, 0x2C91, 0x2493, 0x2494, 0x2495, 0x24B6, 0x2CB7, 0x2CB8, 0x3499, 0x449A, 0x44BA, 0x4CBB, 0x54BC, 0x5CBC,
    0x4CC3, 0x44C3, 0x44C3, 0x44C4, 0x44C4, 0x44C4, 0x44C5, 0x44C6, 0x44C7, 0x3CC7, 0x3CC8, 0x3CC9, 0x34CA, 0x34CB, 0x34CC, 0x34ED,
    0x34EE, 0x34F0, 0x2CF0, 0x2CF2, 0x2CF3, 0x2CF4, 0x2CF5, 0x34F6, 0x34F7, 0x3CF8, 0x44F9, 0x4CFA, 0x551A, 0x5D1B, 0x651C, 0x6D1C,
    0x4D23, 0x4D23, 0x4D24, 0x4D24, 0x4D24, 0x4D25, 0x4525, 0x4526, 0x4547, 0x4548, 0x4548, 0x3D29, 0x3D2B, 0x3D4C, 0x354D, 0x354E,
    0x354F, 0x3550, 0x3551, 0x3552, 0x3553, 0x3555, 0x3D56, 0x3D57, 0x4557, 0x4D58, 0x5559, 0x5D5A, 0x655A, 0x6D5B, 0x6D5C, 0x755C,
    0x4D84, 0x4D84, 0x4D84, 0x4D84, 0x4D85, 0x4D86, 0x4D86, 0x4D87, 0x4588, 0x4588, 0x4589, 0x458A, 0x458B, 0x458C, 0x3D8D, 0x3D8E,
    0x3D8F, 0x3D90, 0x3D91, 0x3D92, 0x3D94, 0x4595, 0x4596, 0x4D97, 0x5597, 0x5598, 0x5D99, 0x659A, 0x6D9A, 0x759B, 0x7DBC, 0x85BC,
    0x55C5, 0x55E5, 0x55E5, 0x55E6, 0x4DE6, 0x4DC6, 0x4DE7, 0x4DE8, 0x4DE8, 0x4DE9, 0x4DEA, 0x4DEB, 0x4DEC, 0x4DED, 0x4DEE, 0x4DEF,
    0x4DF0, 0x4DF1, 0x4DF2, 0x4DF3, 0x4DF4, 0x4DF5, 0x55F6, 0x5DF7, 0x5DD8, 0x65D8, 0x6DD9, 0x75DA, 0x7DDA, 0x85FB, 0x85FB, 0x8DFC,
    0x5E26, 0x5626, 0x5626, 0x5627, 0x5627, 0x5628, 0x5628, 0x5629, 0x562A, 0x562A, 0x562B, 0x562C, 0x562D, 0x5E2E, 0x5E2F, 0x5E30,
    0x5E31, 0x5E31, 0x5E32, 0x5E33, 0x5E34, 0x6635, 0x6636, 0x6E37, 0x6E38, 0x6E39, 0x7619, 0x7E1A, 0x863A, 0x8E3B, 0x963B, 0x963C,
    0x5E68, 0x5E68, 0x5E68, 0x5E68, 0x5E69, 0x5E69, 0x5E6A, 0x5E6A, 0x5E6B, 0x666C, 0x666C, 0x666D, 0x666E, 0x666F, 0x6670, 0x6E71,
    0x6E71, 0x6E72, 0x6E73, 0x6E74, 0x6E75, 0x6E76, 0x7676, 0x7677, 0x7678, 0x7E79, 0x7E59, 0x865A, 0x8E5A, 0x965B, 0x967B, 0x9E7C,
    0x6689, 0x66AA, 0x66AA, 0x66AA, 0x6EAA, 0x6E8B, 0x6E8B, 0x6EAC, 0x6EAC, 0x6E8D, 0x6E8E, 0x6E8E, 0x768F, 0x7690, 0x7691, 0x7692,
    0x7E92, 0x7E93, 0x7E94, 0x7E95, 0x7E95, 0x7E96, 0x8697, 0x7E97, 0x8698, 0x8699, 0x8699, 0x8E9A, 0x969A, 0x9E9B, 0x9E9B, 0xA69C,
    0x76CC, 0x76CC, 0x76CC, 0x76CC, 0x76CD, 0x76CD, 0x76CD, 0x76CE, 0x76CE, 0x7ECF, 0x7ECF, 0x7EB0, 0x7ED1, 0x86D1, 0x86D2, 0x86D2,
    0x86B3, 0x8EB4, 0x8EB5, 0x8ED5, 0x8EB6, 0x8EB6, 0x8EB7, 0x8EB7, 0x8EB8, 0x8EB9, 0x96BA, 0x96BA, 0x9EBA, 0xA6BB, 0xA6BB, 0xAEBC,
    0x86EE, 0x86EE, 0x86EE, 0x86EE, 0x86EE, 0x86EF, 0x86EF, 0x86F0, 0x86F0, 0x8EF1, 0x8EF1, 0x8EF1, 0x8EF2, 0x8EF3, 0x8EF3, 0x8EF4,
    0x96D4, 0x96D5, 0x96F5, 0x96F6, 0x96F6, 0x96F7, 0x9ED7, 0x9ED8, 0x9ED8, 0x9EF9, 0x9EDA, 0x9EFA, 0xA6DA, 0xAEDB, 0xAEDB, 0xB6DC,
    0x8F10, 0x8F10, 0x8F10, 0x8F10, 0x9711, 0x9711, 0x9711, 0x9711, 0x9712, 0x9712, 0x9712, 0x9713, 0x9F13, 0x9F14, 0x9F14, 0x9F15,
    0x9F15, 0x9F16, 0xA6F6, 0xA6F7, 0xA6F7, 0xA6F7, 0xA6F8, 0xA6F8, 0xA719, 0xA719, 0xA6FA, 0xA71A, 0xAEFB, 0xAEFB, 0xB6FB, 0xB71C,
    0x9F32, 0x9F32, 0x9F32, 0x9F33, 0xA713, 0x9F33, 0xA733, 0xA733, 0xA733, 0xA734, 0xA734, 0xA734, 0xA735, 0xAF15, 0xAF36, 0xAF16,
    0xAF36, 0xAF37, 0xAF17, 0xAF17, 0xAF17, 0xAF18, 0xAF18, 0xAF19, 0xAF19, 0xAF1A, 0xB71A, 0xB71A, 0xB71B, 0xB71B, 0xB71B, 0xBF3C,
    0xAF34, 0xAF34, 0xAF35, 0xAF35, 0xAF35, 0xAF35, 0xAF35, 0xAF35, 0xAF55, 0xAF36, 0xAF36, 0xB736, 0xB756, 0xB736, 0xB737, 0xB737,
    0xB737, 0xB737, 0xB738, 0xB738, 0xB738, 0xB739, 0xB739, 0xB739, 0xB739, 0xBF3A, 0xBF3A, 0xBF3B, 0xBF3B, 0xBF3B, 0xBF3B, 0xC73C,
    0x2103, 0x2104, 0x2104, 0x2104, 0x2904, 0x2904, 0x2904, 0x2904, 0x2904, 0x28E5, 0x28E5, 0x28E6, 0x28E6, 0x28E7, 0x30E8, 0x30E8,
    0x30C9, 0x30CA, 0x38CC, 0x38AD, 0x38AE, 0x4090, 0x4052, 0x4033, 0x4015, 0x4016, 0x4018, 0x4019, 0x401A, 0x401A, 0x401B, 0x401C,
    0x2104, 0x2104, 0x2104, 0x2104, 0x2904, 0x2904, 0x2904, 0x2904, 0x2904, 0x2905, 0x28E5, 0x28E6, 0x28E6, 0x30E7, 0x30E8, 0x30E8,
    0x30E9, 0x30CB, 0x38CC, 0x38AD, 0x38AE, 0x3890, 0x4072, 0x4033, 0x4015, 0x4016, 0x4018, 0x4019, 0x401A, 0x401B, 0x401C, 0x401C,
    0x2104, 0x2904, 0x2904, 0x2904, 0x2904, 0x2904, 0x2904, 0x2904, 0x2904, 0x2905, 0x28E5, 0x28E6, 0x28E6, 0x30E7, 0x30E8, 0x30E8,
    0x30EA, 0x30CB, 0x38CC, 0x38CD, 0x38AF, 0x3890, 0x4072, 0x4053, 0x4015, 0x4016, 0x4018, 0x4019, 0x401A, 0x401B, 0x401C, 0x401C,
    0x2904, 0x2904, 0x2904, 0x2904, 0x2904, 0x2904, 0x2904, 0x2904, 0x2904, 0x2905, 0x2905, 0x2906, 0x2906, 0x30E7, 0x30E8, 0x30E9,
    0x30EA, 0x30EB, 0x38CC, 0x38CD, 0x38AF, 0x38B0, 0x4092, 0x4054, 0x4035, 0x4016, 0x4018, 0x4019, 0x401A, 0x401B, 0x401B, 0x401C,
    0x2904, 0x2904, 0x2904, 0x2904, 0x2904, 0x2904, 0x2904, 0x2904, 0x2904, 0x2905, 0x2905, 0x2906, 0x2906, 0x3107, 0x30E8, 0x30E9,
    0x30EA, 0x30EB, 0x38EC, 0x38CD, 0x38CF, 0x38B0, 0x4092, 0x4074, 0x4055, 0x4037, 0x4018, 0x4019, 0x401A, 0x401B, 0x401C, 0x401C,
    0x2924, 0x2924, 0x2924, 0x2924, 0x2924, 0x2904, 0x2904, 0x2904, 0x2904, 0x2905, 0x2905, 0x3106, 0x3106, 0x3107, 0x3108, 0x3109,
    0x310A, 0x30EB, 0x38EC, 0x38EE, 0x38CF, 0x38D1, 0x38B2, 0x4094, 0x4076, 0x4057, 0x4058, 0x4039, 0x403A, 0x403B, 0x405C, 0x387C,
    0x2924, 0x2924, 0x2924, 0x2924, 0x2924, 0x2924, 0x2924, 0x2924, 0x2925, 0x2925, 0x2926, 0x3126, 0x3127, 0x3107, 0x3108, 0x3109,
    0x310A, 0x310B, 0x310C, 0x390E, 0x38EF, 0x38F1, 0x38D2, 0x38D4, 0x38B6, 0x4097, 0x4098, 0x3899, 0x387A, 0x389B, 0x389C, 0x38BC,
    0x2944, 0x2924, 0x2944, 0x2944, 0x2944, 0x2944, 0x2944, 0x2944, 0x3125, 0x3125, 0x3126, 0x3126, 0x3127, 0x3128, 0x3128, 0x3129,
    0x312A, 0x312B, 0x312D, 0x312E, 0x390F, 0x3911, 0x3912, 0x38F4, 0x38F6, 0x38D7, 0x38D8, 0x38D9, 0x38DA, 0x38DB, 0x38FC, 0x38FC,
    0x3144, 0x2944, 0x2944, 0x2944, 0x2944, 0x3144, 0x3144, 0x3144, 0x3145, 0x3145, 0x3146, 0x3146, 0x3147, 0x3148, 0x3149, 0x3149,
    0x314A, 0x314C, 0x314D, 0x314E, 0x3150, 0x3931, 0x3933, 0x3934, 0x3936, 0x3917, 0x3918, 0x3919, 0x391A, 0x391B, 0x393C, 0x393C,
    0x3184, 0x3184, 0x3184, 0x3164, 0x3164, 0x3164, 0x3164, 0x3185, 0x3185, 0x3165, 0x3166, 0x3186, 0x3187, 0x3188, 0x3189, 0x318A,
    0x316B, 0x316C, 0x316D, 0x316E, 0x3170, 0x3171, 0x3973, 0x3175, 0x3156, 0x3157, 0x3158, 0x3159, 0x315A, 0x317B, 0x317C, 0x399C,
    0x31A3, 0x31A4, 0x31A4, 0x31A4, 0x31A4, 0x31A4, 0x31A4, 0x31A5, 0x31A5, 0x31A5, 0x31A6, 0x31A7, 0x31A7, 0x31A8, 0x31A9, 0x31AA,
    0x31AB, 0x31AC, 0x31AD, 0x31AF, 0x31B0, 0x31B1, 0x31B3, 0x3195, 0x3196, 0x3197, 0x29B9, 0x31B9, 0x31BA, 0x31BB, 0x31DC, 0x39DC,
    0x31C3, 0x31C3, 0x31C4, 0x31C4, 0x31C4, 0x31C4, 0x31C4, 0x31C5, 0x31C5, 0x31E6, 0x31C6, 0x31E7, 0x31E8, 0x31E8, 0x31E9, 0x31EA,
    0x31EB, 0x31EC, 0x31EE, 0x31EF, 0x31F0, 0x31F2, 0x29F3, 0x29F5, 0x29F6, 0x29F8, 0x29F9, 0x29FA, 0x29FA, 0x31FB, 0x321C, 0x321C,
    0x3A03, 0x3A03, 0x3A04, 0x3A04, 0x3A04, 0x3A04, 0x3A04, 0x3A05, 0x3A05, 0x3206, 0x3206, 0x3207, 0x3208, 0x3208, 0x3229, 0x322B,
    0x322C, 0x322D, 0x322E, 0x322F, 0x2A31, 0x2A32, 0x2A34, 0x2235, 0x2236, 0x2238, 0x2239, 0x223A, 0x2A3A, 0x2A5B, 0x325C, 0x327C,
    0x3A43, 0x3A43, 0x3A44, 0x3A44, 0x3A44, 0x3A44, 0x3A44, 0x3A45, 0x3A45, 0x3A46, 0x3A66, 0x3A67, 0x3A68, 0x3A69, 0x326A, 0x326B,
    0x326C, 0x326D, 0x326E, 0x2A6F, 0x2A71, 0x2272, 0x2274, 0x1A75, 0x1A76, 0x1A77, 0x1A78, 0x2299, 0x229A, 0x2A9B, 0x329C, 0x32BC,
    0x3AA3, 0x3A83, 0x3A84, 0x3A84, 0x3A84, 0x3A84, 0x3AA5, 0x3AA5, 0x3AA6, 0x3AA6, 0x3AA7, 0x3AA8, 0x3AA8, 0x3AA9, 0x3AAA, 0x3AAB,
    0x32AC, 0x32CD, 0x32CE, 0x2AD0, 0x2AD1, 0x22D3, 0x1AB4, 0x1AD5, 0x12D7, 0x1AD8, 0x1AD9, 0x1ADA, 0x22DA, 0x2ADB, 0x32FC, 0x32FC,
    0x42E3, 0x42E3, 0x42E4, 0x42E4, 0x42E4, 0x3AE4, 0x3AE5, 0x3AE5, 0x3AE6, 0x3AE6, 0x3AE7, 0x3AE8, 0x3AE9, 0x3AE9, 0x3AEA, 0x3AEB,
    0x330C, 0x330D, 0x330F, 0x2B10, 0x2B11, 0x2333, 0x1B14, 0x1B36, 0x1B37, 0x1B38, 0x1B39, 0x1B3A, 0x233A, 0x2B3B, 0x333C, 0x3B5C,
    0x4323, 0x4323, 0x4324, 0x4324, 0x4324, 0x4324, 0x4325, 0x4325, 0x4326, 0x3B47, 0x3B47, 0x3B48, 0x3B49, 0x3B4A, 0x3B4B, 0x3B4C,
    0x3B4D, 0x336E, 0x336F, 0x3370, 0x2B72, 0x2393, 0x2394, 0x1B96, 0x1B97, 0x1B98, 0x2379, 0x239A, 0x339A, 0x3B9B, 0x3B9C, 0x43BC,
    0x4383, 0x4383, 0x4384, 0x4384, 0x4384, 0x4384, 0x4385, 0x4385, 0x4386, 0x43A7, 0x3BA8, 0x3BA8, 0x3BA9, 0x3BAA, 0x3BAB, 0x3BAC,
    0x3BAD, 0x33AE, 0x33CF, 0x33D1, 0x2BD2, 0x2BF3, 0x23F5, 0x23F6, 0x23F7, 0x2BF8, 0x2BF9, 0x33FA, 0x3BFA, 0x43FB, 0x4C1C, 0x4C1C,
    0x4BE3, 0x4BE3, 0x4BE3, 0x4BE4, 0x43E4, 0x4405, 0x4405, 0x4406, 0x4406, 0x4407, 0x4408, 0x3C09, 0x3C09, 0x3C0A, 0x3C0B, 0x3C0C,
    0x3C0D, 0x3C0F, 0x3C30, 0x3431, 0x3432, 0x2C34, 0x2C55, 0x2C56, 0x3457, 0x3458, 0x3C59, 0x445A, 0x4C5A, 0x545B, 0x547C, 0x5C7C,
    0x4C63, 0x4C63, 0x4C63, 0x4C64, 0x4C64, 0x4C65, 0x4C65, 0x4C66, 0x4466, 0x4467, 0x4468, 0x4469, 0x3C6A, 0x3C8B, 0x3C6C, 0x3C6D,
    0x3C8E, 0x3C8F, 0x3C90, 0x3491, 0x3493, 0x3494, 0x34B5, 0x34B6, 0x3CB7, 0x3CB8, 0x4499, 0x4C9A, 0x54BA, 0x54BB, 0x5CBC, 0x64BC,
    0x4CC3, 0x4CC3, 0x4CC3, 0x4CC4, 0x4CC4, 0x4CC5, 0x4CC5, 0x4CC6, 0x4CC7, 0x44C7, 0x44C8, 0x44C9, 0x44CA, 0x3CEB, 0x3CCC, 0x3CED,
    0x3CEE, 0x3CF0, 0x3CF1, 0x3CF2, 0x3CF3, 0x3CF4, 0x3CF5, 0x3CF6, 0x44F7, 0x44F8, 0x4CF9, 0x54FA, 0x5CFA, 0x651B, 0x651B, 0x6D1C,
    0x5523, 0x5523, 0x5524, 0x5524, 0x5525, 0x5525, 0x4D26, 0x4D46, 0x4D47, 0x4D28, 0x4D49, 0x454A, 0x454B, 0x454C, 0x454D, 0x454E,
    0x454F, 0x4550, 0x4551, 0x4552, 0x4553, 0x4555, 0x4556, 0x4D57, 0x4D57, 0x5558, 0x5559, 0x5D5A, 0x655A, 0x6D5B, 0x755B, 0x757C,
    0x5584, 0x5584, 0x5584, 0x5585, 0x5585, 0x5586, 0x5586, 0x5587, 0x4D88, 0x4D88, 0x4D89, 0x4D8A, 0x4D8B, 0x4D8C, 0x4D8D, 0x4D8E,
    0x458F, 0x45B0, 0x4D91, 0x4D92, 0x4D94, 0x4DB5, 0x4DB6, 0x55B7, 0x5D98, 0x5D98, 0x6599, 0x6D9A, 0x759A, 0x7DBB, 0x7DBB, 0x85BC,
    0x5DC5, 0x5DE5, 0x5DE5, 0x55E6, 0x55E6, 0x55E6, 0x55E7, 0x55E8, 0x55E9, 0x55E9, 0x55EA, 0x55EB, 0x55EC, 0x55ED, 0x55EE, 0x55EF,
    0x55F0, 0x55F1, 0x55F2, 0x55F3, 0x5DF4, 0x5DF5, 0x5DF6, 0x65F7, 0x65F8, 0x6DF8, 0x75D9, 0x75FA, 0x7DFA, 0x85FB, 0x8DFB, 0x8DFC,
    0x5E26, 0x5E26, 0x5E27, 0x5E27, 0x5E27, 0x5E28, 0x5E28, 0x5E29, 0x5E2A, 0x5E2A, 0x5E2B, 0x5E2C, 0x5E2D, 0x662E, 0x662F, 0x6630,
    0x6631, 0x6632, 0x6633, 0x6633, 0x6634, 0x6E35, 0x6E36, 0x6E37, 0x7638, 0x7639, 0x7E39, 0x863A, 0x8E3A, 0x8E3B, 0x963B, 0x963C,
    0x6668, 0x6668, 0x6668, 0x6668, 0x6669, 0x6669, 0x666A, 0x666A, 0x666B, 0x666C, 0x666D, 0x6E6D, 0x6E6E, 0x6E6F, 0x6E70, 0x6E71,
    0x6E71, 0x7672, 0x7673, 0x7674, 0x7675, 0x7676, 0x7E77, 0x7E77, 0x7E78, 0x7E79, 0x8659, 0x8E5A, 0x8E5A, 0x967B, 0x9E7B, 0x9E7C,
    0x6E89, 0x6E8A, 0x6E8A, 0x6EAA, 0x6E8A, 0x6E8B, 0x6E8C, 0x6EAC, 0x76AD, 0x768D, 0x768E, 0x768F, 0x768F, 0x7690, 0x7691, 0x7E91,
    0x7E92, 0x7E93, 0x8694, 0x8695, 0x8695, 0x8696, 0x8697, 0x8697, 0x8698, 0x8699, 0x8E99, 0x969A, 0x969A, 0x9E9B, 0xA69B, 0xA69C,
    0x76CC, 0x7ECC, 0x7ECC, 0x76CC, 0x7ECD, 0x7ECD, 0x7ECD, 0x7ECE, 0x7ECE, 0x7ECF, 0x86CF, 0x86D0, 0x86D1, 0x86D1, 0x86D2, 0x8EB3,
    0x8EB3, 0x8EB4, 0x8EB5, 0x8EB5, 0x8EB6, 0x8EB6, 0x96B7, 0x96B7, 0x96B8, 0x96B9, 0x96BA, 0x9EBA, 0x9EBA, 0xA6BB, 0xAEBB, 0xAEBC,
    0x86EE, 0x86EE, 0x86EE, 0x86EE, 0x86EE, 0x86EF, 0x86EF, 0x8EF0, 0x8EF0, 0x8EF1, 0x8EF1, 0x8EF1, 0x8EF2, 0x96F3, 0x96F3, 0x96F4,
    0x96D4, 0x96D5, 0x96D5, 0x9ED6, 0x9EF6, 0x9EF7, 0x9ED7, 0x9ED8, 0x9ED8, 0x9ED9, 0x9EFA, 0xA6DA, 0xA6DA, 0xAEDB, 0xAEDB, 0xB6FC,
    0x8F10, 0x9710, 0x9710, 0x9711, 0x9711, 0x9711, 0x9711, 0x9711, 0x9712, 0x9F12, 0x9F13, 0x9F13, 0x9F13, 0x9F14, 0x9F14, 0x9F15,
    0xA6F5, 0xA716, 0xA6F6, 0xA717, 0xA717, 0xA717, 0xA6F8, 0xAEF8, 0xAEF9, 0xAEF9, 0xAEFA, 0xAEFA, 0xAEFA, 0xB6FB, 0xB6FB, 0xB71C,
    0x9F32, 0x9F32, 0x9F33, 0xA733, 0xA733, 0xA733, 0xA733, 0xA733, 0xA734, 0xA734, 0xA734, 0xA734, 0xA715, 0xAF15, 0xAF16, 0xAF16,
    0xAF16, 0xAF37, 0xAF17, 0xAF17, 0xAF18, 0xAF18, 0xAF18, 0xB719, 0xB719, 0xB71A, 0xB71A, 0xB71A, 0xB71B, 0xB71B, 0xBF3B, 0xBF3C,
    0xAF34, 0xAF35, 0xAF35, 0xAF35, 0xAF35, 0xAF35, 0xB735, 0xB735, 0xB736, 0xB736, 0xB736, 0xB736, 0xB736, 0xB737, 0xB737, 0xB737,
    0xB737, 0xB738, 0xB738, 0xB738, 0xB738, 0xB739, 0xB739, 0xB739, 0xBF39, 0xBF3A, 0xBF3A, 0xBF3A, 0xBF3B, 0xBF3B, 0xBF3C, 0xC73C,
    0x2903, 0x2904, 0x2904, 0x2904, 0x28E4, 0x28E4, 0x28E4, 0x28E4, 0x28E4, 0x28E5, 0x28E5, 0x30E6, 0x30E6, 0x30E7, 0x30E8, 0x38E8,
    0x38C9, 0x38CB, 0x38CC, 0x40AD, 0x408F, 0x4070, 0x4852, 0x4813, 0x4815, 0x4816, 0x4818, 0x4819, 0x481A, 0x481B, 0x481B, 0x481C,
    0x2904, 0x2904, 0x2904, 0x2904, 0x28E4, 0x28E4, 0x2904, 0x2904, 0x2904, 0x28E5, 0x30E5, 0x30E6, 0x30E6, 0x30E7, 0x30E8, 0x38E8,
    0x38C9, 0x38CB, 0x38CC, 0x40AD, 0x408E, 0x4070, 0x4052, 0x4813, 0x4815, 0x4816, 0x4818, 0x4819, 0x481A, 0x481B, 0x481C, 0x481C,
    0x2904, 0x2904, 0x2904, 0x2904, 0x2904, 0x2904, 0x2904, 0x2904, 0x2904, 0x2905, 0x30E5, 0x30E6, 0x30E6, 0x30E7, 0x30E8, 0x30E9,
    0x38EA, 0x38CB, 0x38CC, 0x40AD, 0x40AF, 0x4090, 0x4052, 0x4833, 0x4815, 0x4816, 0x4818, 0x4819, 0x481A, 0x481B, 0x481C, 0x481C,
    0x2904, 0x2904, 0x2904, 0x2904, 0x2904, 0x2904, 0x2904, 0x2904, 0x2904, 0x3105, 0x3105, 0x30E6, 0x30E6, 0x30E7, 0x30E8, 0x30E9,
    0x38EA, 0x38CB, 0x38CC, 0x40CD, 0x40AF, 0x4090, 0x4072, 0x4854, 0x4815, 0x4816, 0x4818, 0x4819, 0x481A, 0x481B, 0x481C, 0x481C,
    0x2904, 0x2904, 0x2904, 0x2904, 0x2904, 0x3104, 0x3104, 0x3104, 0x3105, 0x3105, 0x3105, 0x3106, 0x3107, 0x3107, 0x30E8, 0x38E9,
    0x38EA, 0x38EB, 0x38EC, 0x40CE, 0x40CF, 0x40B0, 0x4092, 0x4874, 0x4836, 0x4817, 0x4818, 0x4819, 0x481A, 0x481B, 0x481C, 0x481C,
    0x2924, 0x2924, 0x2924, 0x2924, 0x2924, 0x3124, 0x3104, 0x3104, 0x3105, 0x3105, 0x3105, 0x3106, 0x3107, 0x3107, 0x3908, 0x3909,
    0x390A, 0x38EB, 0x38EC, 0x40CE, 0x40CF, 0x40D1, 0x40B2, 0x4894, 0x4876, 0x4857, 0x4838, 0x4839, 0x483A, 0x483B, 0x485C, 0x487C,
    0x3124, 0x3124, 0x3124, 0x3124, 0x3124, 0x3124, 0x3124, 0x3124, 0x3125, 0x3125, 0x3126, 0x3126, 0x3127, 0x3127, 0x3908, 0x3909,
    0x390A, 0x390B, 0x390D, 0x38EE, 0x40EF, 0x40F1, 0x40D2, 0x40B4, 0x40B6, 0x4897, 0x4898, 0x4079, 0x407A, 0x409B, 0x409C, 0x40BC,
    0x3144, 0x3144, 0x3144, 0x3144, 0x3144, 0x3144, 0x3144, 0x3144, 0x3125, 0x3145, 0x3146, 0x3126, 0x3127, 0x3928, 0x3928, 0x3929,
    0x392A, 0x392C, 0x392D, 0x392E, 0x410F, 0x4111, 0x4112, 0x40F4, 0x40D6, 0x40D7, 0x40D8, 0x40D9, 0x40DA, 0x40DB, 0x40FC, 0x40FC,
    0x3164, 0x3144, 0x3144, 0x3164, 0x3164, 0x3164, 0x3164, 0x3164, 0x3145, 0x3145, 0x3146, 0x3146, 0x3947, 0x3968, 0x3949, 0x394A,
    0x394B, 0x394C, 0x394D, 0x394E, 0x3950, 0x4131, 0x4133, 0x4134, 0x4116, 0x4117, 0x4118, 0x4119, 0x411A, 0x411B, 0x413C, 0x415C,
    0x3184, 0x3184, 0x3184, 0x3184, 0x3184, 0x3184, 0x3184, 0x3185, 0x3185, 0x3185, 0x3186, 0x3987, 0x3987, 0x3988, 0x3989, 0x398A,
    0x398B, 0x396C, 0x396D, 0x396E, 0x3970, 0x3971, 0x4173, 0x4175, 0x4156, 0x4157, 0x4158, 0x4159, 0x415A, 0x417B, 0x417C, 0x419C,
    0x39A3, 0x39A4, 0x39A4, 0x39A4, 0x31A4, 0x39A4, 0x39A4, 0x39A5, 0x39A5, 0x39A6, 0x39A6, 0x39A7, 0x39A7, 0x39A8, 0x39A9, 0x39AA,
    0x39AB, 0x39AC, 0x39AD, 0x39AF, 0x39B0, 0x39B1, 0x39B3, 0x4195, 0x3996, 0x3997, 0x3998, 0x39B9, 0x39BA, 0x39BB, 0x41DC, 0x41DC,
    0x39C3, 0x39C4, 0x39E4, 0x39E4, 0x39C4, 0x39C4, 0x39E4, 0x39E5, 0x39E5, 0x39E6, 0x39E6, 0x39E7, 0x39E8, 0x39E8, 0x39E9, 0x39EA,
    0x39EB, 0x39ED, 0x39EE, 0x39EF, 0x39F0, 0x39F2, 0x39F4, 0x39F5, 0x39F6, 0x39F8, 0x39F9, 0x39FA, 0x39FA, 0x3A1B, 0x421C, 0x423C,
    0x3A04, 0x3A04, 0x3A04, 0x3A04, 0x3A04, 0x3A04, 0x3A04, 0x3A05, 0x3A05, 0x3A26, 0x3A26, 0x3A27, 0x3A28, 0x3A29, 0x3A2A, 0x3A2B,
    0x3A2C, 0x3A2D, 0x3A2E, 0x3A2F, 0x3A31, 0x3A32, 0x3A34, 0x3235, 0x3236, 0x3238, 0x3239, 0x325A, 0x3A5A, 0x3A5B, 0x3A5C, 0x427C,
    0x3A43, 0x3A43, 0x3A64, 0x3A64, 0x3A44, 0x3A44, 0x3A45, 0x4265, 0x4266, 0x4246, 0x3A67, 0x3A67, 0x3A68, 0x3A69, 0x3A6A, 0x3A6B,
    0x3A6C, 0x3A6D, 0x3A6E, 0x3A70, 0x3271, 0x3272, 0x3274, 0x3275, 0x3276, 0x3278, 0x3298, 0x3299, 0x329A, 0x3A9B, 0x3A9C, 0x42BC,
    0x42A3, 0x42A3, 0x42A4, 0x42A4, 0x42A4, 0x42A4, 0x42A5, 0x42A5, 0x42A6, 0x42A6, 0x42A7, 0x42A8, 0x3AA8, 0x3AA9, 0x3AAA, 0x3AAB,
    0x3AAC, 0x3AAD, 0x3AAF, 0x3AD0, 0x32D1, 0x32D3, 0x2AB4, 0x2AD5, 0x2AD7, 0x2AD8, 0x2AD9, 0x32DA, 0x32DA, 0x3ADB, 0x3AFB, 0x42FC,
    0x42E3, 0x42E3, 0x42E4, 0x42E4, 0x42E4, 0x42E4, 0x42E5, 0x42E5, 0x42E6, 0x42E6, 0x42E7, 0x42E8, 0x42E9, 0x42E9, 0x430A, 0x430B,
    0x3B0C, 0x3B0E, 0x3B0F, 0x3B10, 0x3311, 0x3313, 0x2B14, 0x2B36, 0x2B37, 0x2B38, 0x2B39, 0x333A, 0x3B3A, 0x3B3B, 0x435B, 0x435C,
    0x4B43, 0x4B44, 0x4B44, 0x4B44, 0x4B44, 0x4344, 0x4345, 0x4345, 0x4346, 0x4347, 0x4347, 0x4348, 0x4349, 0x434A, 0x434B, 0x434C,
    0x434D, 0x436E, 0x3B6F, 0x3B70, 0x3372, 0x3393, 0x3395, 0x3396, 0x3397, 0x3398, 0x3399, 0x3B9A, 0x3B9A, 0x439B, 0x4BBC, 0x4BBC,
    0x4B83, 0x4B83, 0x4B84, 0x4B84, 0x4B84, 0x4B84, 0x4B85, 0x4B85, 0x4BA6, 0x43A7, 0x43A8, 0x43A8, 0x43A9, 0x43AA, 0x43AB, 0x43AC,
    0x43AD, 0x43AE, 0x43D0, 0x3BD1, 0x3BF2, 0x33F4, 0x33F5, 0x33F6, 0x33F7, 0x3BF8, 0x3BF9, 0x43FA, 0x43FA, 0x4BFB, 0x541C, 0x541C,
    0x4BE3, 0x4C03, 0x4C03, 0x4BE4, 0x4C04, 0x4C05, 0x4C05, 0x4C06, 0x4C06, 0x4C07, 0x4C08, 0x4409, 0x440A, 0x442A, 0x440B, 0x440C,
    0x440D, 0x442F, 0x4430, 0x4431, 0x3C53, 0x3C54, 0x3C55, 0x3C56, 0x4457, 0x4458, 0x4459, 0x4C5A, 0x545A, 0x5C7B, 0x5C7C, 0x647C,
    0x5463, 0x5463, 0x5463, 0x5464, 0x5464, 0x5465, 0x5465, 0x5466, 0x4C66, 0x4C67, 0x4C68, 0x4C69, 0x446A, 0x448B, 0x446C, 0x448D,
    0x448E, 0x448F, 0x4490, 0x4491, 0x4493, 0x44B4, 0x44B5, 0x44B6, 0x44B7, 0x44B8, 0x4CB9, 0x54BA, 0x5CBA, 0x5CBB, 0x64BC, 0x6CDC,
    0x54C3, 0x54C3, 0x54C4, 0x54C4, 0x54C4, 0x54C5, 0x54C5, 0x54C6, 0x54C7, 0x54C8, 0x4CE8, 0x4CE9, 0x4CEA, 0x4CEB, 0x44EC, 0x44ED,
    0x44EE, 0x44F0, 0x44F1, 0x44F2, 0x44F3, 0x44F4, 0x4515, 0x4CF6, 0x4CF7, 0x54F8, 0x54F9, 0x5CFA, 0x651A, 0x6D1B, 0x6D1B, 0x751C,
    0x5D23, 0x5D24, 0x5D44, 0x5D44, 0x5D25, 0x5D25, 0x5526, 0x5526, 0x5547, 0x5548, 0x5549, 0x554A, 0x4D4B, 0x4D4C, 0x4D4D, 0x4D4E,
    0x4D4F, 0x4D50, 0x4D51, 0x4D52, 0x4D53, 0x4D55, 0x4D56, 0x5556, 0x5557, 0x5D58, 0x6559, 0x655A, 0x6D5A, 0x755B, 0x7D7B, 0x7D7C,
    0x5D84, 0x5D84, 0x5D84, 0x5D85, 0x5D85, 0x5D86, 0x5D86, 0x5D87, 0x5D88, 0x5D89, 0x5589, 0x558A, 0x558B, 0x558C, 0x558D, 0x558E,
    0x558F, 0x55B0, 0x5591, 0x5593, 0x5594, 0x55B5, 0x55B6, 0x5DB7, 0x65B8, 0x6598, 0x6D99, 0x759A, 0x759A, 0x7DBB, 0x85BB, 0x8DBC,
    0x65E5, 0x65E5, 0x65E5, 0x65E6, 0x65E6, 0x5DE7, 0x5DE7, 0x5DE8, 0x5DE9, 0x5DE9, 0x5DEA, 0x5DEB, 0x5DEC, 0x5DED, 0x5DEE, 0x5DEF,
    0x5DF0, 0x5DF1, 0x65F2, 0x65F3, 0x65F4, 0x65F5, 0x65F6, 0x6DF7, 0x6DF8, 0x75F9, 0x75F9, 0x7DFA, 0x85FA, 0x8DFB, 0x8DFB, 0x95FC,
    0x6627, 0x6627, 0x6627, 0x6627, 0x6627, 0x6628, 0x6628, 0x6629, 0x662A, 0x662B, 0x662C, 0x662C, 0x662D, 0x662E, 0x662F, 0x6E30,
    0x6E31, 0x6E32, 0x6E33, 0x6E33, 0x6E34, 0x6E35, 0x7636, 0x7637, 0x7E38, 0x7E39, 0x8639, 0x863A, 0x8E3A, 0x963B, 0x963B, 0x9E3C,
    0x6E68, 0x6E68, 0x6E68, 0x6E69, 0x6E69, 0x6E69, 0x6E6A, 0x6E6B, 0x6E6B, 0x6E6C, 0x6E6D, 0x6E6D, 0x6E6E, 0x766F, 0x7670, 0x7671,
    0x7672, 0x7673, 0x7E73, 0x7E74, 0x7E75, 0x7E76, 0x7E76, 0x8677, 0x8678, 0x8679, 0x8E59, 0x8E5A, 0x967A, 0x9E7B, 0x9E7B, 0xA67C,
    0x768A, 0x768A, 0x768A, 0x768A, 0x768B, 0x768B, 0x76AC, 0x76AC, 0x768D, 0x76AD, 0x7E8E, 0x7E8F, 0x7E8F, 0x7E90, 0x7E91, 0x7E92,
    0x8692, 0x8693, 0x8694, 0x8695, 0x8695, 0x8696, 0x8E97, 0x8E98, 0x8E98, 0x8E99, 0x8E99, 0x969A, 0x9E9A, 0x9E9B, 0xA69B, 0xAE9C,
    0x7ECC, 0x7ECC, 0x7ECC, 0x7ECC, 0x7ECD, 0x7ECD, 0x7ECE, 0x86CE, 0x86AE, 0x86CF, 0x86D0, 0x86D0, 0x86D1, 0x8ED1, 0x8EB2, 0x8EB3,
    0x8EB3, 0x8EB4, 0x96B5, 0x96B5, 0x96B6, 0x96B6, 0x96B7, 0x96B8, 0x96B8, 0x96B9, 0x9EB9, 0x9EBA, 0xA6BA, 0xA6BB, 0xAEBB, 0xAEBC,
    0x86EE, 0x8EEE, 0x8EEE, 0x8EEF, 0x8EEF, 0x8EEF, 0x8EEF, 0x8EF0, 0x8EF0, 0x8EF1, 0x96F1, 0x96F1, 0x96F2, 0x96F3, 0x96F3, 0x96F4,
    0x9EF4, 0x9EF5, 0x9ED5, 0x9ED6, 0x9EF6, 0x9EF7, 0x9ED7, 0xA6D8, 0xA6D8, 0xA6D9, 0xA6DA, 0xA6DA, 0xAEDA, 0xAEDB, 0xAEDB, 0xB6FC,
    0x9710, 0x9710, 0x9711, 0x9711, 0x9711, 0x9711, 0x9711, 0x9F12, 0x9F12, 0x9F12, 0x9F13, 0x9F13, 0x9EF3, 0x9EF4, 0xA714, 0xA715,
    0xA715, 0xA716, 0xA6F6, 0xA6F7, 0xA717, 0xA717, 0xAEF8, 0xAEF8, 0xAEF9, 0xAEF9, 0xAEFA, 0xAEFA, 0xAEFB, 0xB6FB, 0xB6FB, 0xB71C,
    0xA733, 0xA733, 0xA733, 0xA733, 0xA733, 0xA733, 0xA713, 0xA714, 0xA734, 0xAF14, 0xA734, 0xAF35, 0xAF15, 0xAF15, 0xAF16, 0xAF16,
    0xAF16, 0xAF37, 0xAF17, 0xAF17, 0xB718, 0xB718, 0xB718, 0xB719, 0xB719, 0xB71A, 0xB71A, 0xB71A, 0xB71B, 0xB71B, 0xBF1B, 0xBF1C,
    0xAF35, 0xB735, 0xB735, 0xB735, 0xB735, 0xB735, 0xB735, 0xB736, 0xB736, 0xB736, 0xB736, 0xB736, 0xB736, 0xB737, 0xB737, 0xB737,
    0xB737, 0xB738, 0xBF38, 0xBF38, 0xB738, 0xB738, 0xBF39, 0xBF39, 0xBF3A, 0xBF3A, 0xBF3A, 0xBF3A, 0xBF3B, 0xBF3B, 0xBF3C, 0xC73C,
    0x2904, 0x2904, 0x2904, 0x2904, 0x30E4, 0x30E4, 0x30E4, 0x30E4, 0x30E5, 0x30E5, 0x30E5, 0x30E6, 0x30E6, 0x38E7, 0x38C8, 0x38C9,
    0x38CA, 0x40CB, 0x40AC, 0x408D, 0x488F, 0x4850, 0x4832, 0x5013, 0x5015, 0x5016, 0x5018, 0x5019, 0x501A, 0x501B, 0x501B, 0x501C,
    0x2904, 0x2904, 0x2904, 0x3104, 0x3104, 0x30E4, 0x3104, 0x3104, 0x30E4, 0x30E5, 0x30E5, 0x30E6, 0x30E6, 0x38E7, 0x38E8, 0x38C9,
    0x38CA, 0x40CB, 0x40CC, 0x40AD, 0x488F, 0x4870, 0x4832, 0x5014, 0x5015, 0x5017, 0x5018, 0x5019, 0x501A, 0x501B, 0x501C, 0x501C,
    0x2904, 0x3104, 0x3104, 0x3104, 0x3104, 0x3104, 0x3104, 0x3104, 0x30E4, 0x30E5, 0x30E5, 0x30E6, 0x30E6, 0x38E7, 0x38E8, 0x38E9,
    0x38CA, 0x40CB, 0x40CC, 0x40AD, 0x488F, 0x4870, 0x4852, 0x5014, 0x5015, 0x5017, 0x5018, 0x5019, 0x501A, 0x501B, 0x501C, 0x501C,
    0x3104, 0x3104, 0x3104, 0x3104, 0x3104, 0x3104, 0x3104, 0x3104, 0x3105, 0x3105, 0x30E5, 0x30E6, 0x38E6, 0x38E7, 0x38E8, 0x38E9,
    0x38EA, 0x40CB, 0x40CC, 0x40AE, 0x48AF, 0x4890, 0x4852, 0x5034, 0x5015, 0x5017, 0x5018, 0x5019, 0x501A, 0x501B, 0x501C, 0x501C,
    0x3104, 0x3104, 0x3104, 0x3104, 0x3104, 0x3104, 0x3104, 0x3104, 0x3105, 0x3105, 0x3106, 0x3906, 0x3907, 0x38E7, 0x38E8, 0x38E9,
    0x40EA, 0x40EB, 0x40CC, 0x40CE, 0x48AF, 0x48B1, 0x4872, 0x5054, 0x5016, 0x5017, 0x5018, 0x5019, 0x501A, 0x501B, 0x501C, 0x501C,
    0x3124, 0x3124, 0x3124, 0x3124, 0x3124, 0x3124, 0x3104, 0x3104, 0x3105, 0x3905, 0x3106, 0x3106, 0x3907, 0x3908, 0x3908, 0x38E9,
    0x410A, 0x40EB, 0x40EC, 0x40CE, 0x48CF, 0x48B1, 0x48B2, 0x5074, 0x5056, 0x5037, 0x5038, 0x5019, 0x503A, 0x503B, 0x505C, 0x507C,
    0x3124, 0x3124, 0x3124, 0x3124, 0x3124, 0x3124, 0x3124, 0x3924, 0x3925, 0x3925, 0x3926, 0x3926, 0x3927, 0x3928, 0x3908, 0x3909,
    0x410A, 0x410B, 0x410D, 0x40EE, 0x48EF, 0x48F1, 0x48D2, 0x48B4, 0x5096, 0x5077, 0x5078, 0x5079, 0x507A, 0x507B, 0x509C, 0x50BC,
    0x3144, 0x3144, 0x3144, 0x3144, 0x3144, 0x3944, 0x3944, 0x3944, 0x3945, 0x3945, 0x3946, 0x3926, 0x3927, 0x3928, 0x3928, 0x3929,
    0x412A, 0x412C, 0x412D, 0x410E, 0x4110, 0x4911, 0x48F3, 0x48F4, 0x48D6, 0x50D7, 0x50B8, 0x48B9, 0x48BA, 0x48DB, 0x48DC, 0x48FC,
    0x3964, 0x3164, 0x3964, 0x3964, 0x3964, 0x3964, 0x3964, 0x3964, 0x3965, 0x3945, 0x3946, 0x3946, 0x3947, 0x3948, 0x3949, 0x414A,
    0x414B, 0x414C, 0x414D, 0x414E, 0x4150, 0x4931, 0x4933, 0x4914, 0x4916, 0x4917, 0x4918, 0x4919, 0x491A, 0x491B, 0x493C, 0x495C,
    0x3984, 0x3984, 0x3984, 0x3984, 0x3984, 0x3984, 0x3984, 0x3985, 0x3985, 0x3985, 0x3986, 0x3987, 0x3987, 0x3988, 0x4189, 0x418A,
    0x418B, 0x416C, 0x416D, 0x416E, 0x4170, 0x4171, 0x4953, 0x4975, 0x4956, 0x4957, 0x4958, 0x4959, 0x495A, 0x497B, 0x497C, 0x499C,
    0x39A3, 0x39A3, 0x39A4, 0x39A4, 0x39A4, 0x39A4, 0x39A4, 0x39A5, 0x39A5, 0x39A6, 0x39A6, 0x39A7, 0x41A8, 0x41A8, 0x41A9, 0x41AA,
    0x41AB, 0x41AC, 0x41AD, 0x41AF, 0x41B0, 0x41B2, 0x4993, 0x49B5, 0x4996, 0x4197, 0x4198, 0x4999, 0x49BA, 0x49BB, 0x49DC, 0x49DC,
    0x39E3, 0x39E3, 0x41E4, 0x41E4, 0x41E4, 0x41E4, 0x41E4, 0x41E5, 0x41E5, 0x41E6, 0x41E6, 0x41E7, 0x41E8, 0x41E8, 0x41E9, 0x41EA,
    0x41EB, 0x41ED, 0x41EE, 0x41EF, 0x41F1, 0x41F2, 0x41F4, 0x41F5, 0x41F6, 0x41F8, 0x41F9, 0x41FA, 0x49FA, 0x4A1B, 0x4A1C, 0x4A3C,
    0x4204, 0x4204, 0x4224, 0x4224, 0x4204, 0x4204, 0x4225, 0x4225, 0x4225, 0x4226, 0x4227, 0x4227, 0x4228, 0x4229, 0x422A, 0x422B,
    0x422C, 0x422D, 0x422E, 0x4230, 0x4231, 0x4232, 0x4234, 0x4235, 0x4236, 0x4238, 0x4239, 0x425A, 0x425A, 0x4A5B, 0x4A7C, 0x4A7C,
    0x4244, 0x4244, 0x4264, 0x4264, 0x4244, 0x4244, 0x4265, 0x4265, 0x4266, 0x4266, 0x4267, 0x4267, 0x4268, 0x4269, 0x426A, 0x426B,
    0x426C, 0x426D, 0x426E, 0x4270, 0x4271, 0x4272, 0x4274, 0x4275, 0x4277, 0x4278, 0x3A99, 0x429A, 0x429A, 0x429B, 0x42BC, 0x4ABC,
    0x42A3, 0x42A3, 0x42A4, 0x4AA4, 0x4AA4, 0x42A4, 0x42A5, 0x42A5, 0x42A6, 0x4AA6, 0x4AA7, 0x42A8, 0x42A8, 0x42A9, 0x42AA, 0x42AB,
    0x42AC, 0x42AD, 0x42AF, 0x42B0, 0x42D1, 0x42D3, 0x3AB4, 0x3AD5, 0x3AD7, 0x3AD8, 0x42D9, 0x42DA, 0x42DA, 0x42FB, 0x4AFC, 0x4AFC,
    0x4AE3, 0x4AE3, 0x4AE4, 0x4AE4, 0x4AE4, 0x4AE4, 0x4AE5, 0x4AE5, 0x4AE6, 0x4AE6, 0x4AE7, 0x4AE8, 0x4AE9, 0x4309, 0x4B0A, 0x430B,
    0x430C, 0x430E, 0x430F, 0x4310, 0x4311, 0x3B33, 0x3B14, 0x3B36, 0x3B37, 0x3B38, 0x4339, 0x433A, 0x433A, 0x4B5B, 0x4B5C, 0x535C,
    0x4B43, 0x4B44, 0x5344, 0x5344, 0x4B44, 0x4B44, 0x4B45, 0x4B45, 0x4B46, 0x4B47, 0x4B47, 0x4B48, 0x4B49, 0x4B4A, 0x4B4B, 0x4B4C,
    0x4B6D, 0x4B6E, 0x436F, 0x4371, 0x4372, 0x4393, 0x3B75, 0x3B96, 0x4397, 0x4398, 0x4399, 0x439A, 0x4B9A, 0x4BBB, 0x53BC, 0x53BC,
    0x5383, 0x5383, 0x5384, 0x5384, 0x5384, 0x53A4, 0x53A5, 0x53A5, 0x53A6, 0x4BA7, 0x4BA8, 0x4BA8, 0x4BA9, 0x4BAA, 0x4BAB, 0x4BAC,
    0x4BAD, 0x4BAE, 0x4BD0, 0x4BD1, 0x43F2, 0x43F3, 0x43F5, 0x43F6, 0x43F7, 0x43F8, 0x4BF9, 0x4BFA, 0x53FA, 0x541B, 0x5C1C, 0x5C1C,
    0x5403, 0x5403, 0x5403, 0x5404, 0x5404, 0x5404, 0x5405, 0x5406, 0x5406, 0x5407, 0x5408, 0x5409, 0x4C09, 0x4C2A, 0x4C2C, 0x4C2C,
    0x4C2D, 0x4C2F, 0x4C30, 0x4C51, 0x4C53, 0x4454, 0x4455, 0x4C56, 0x4C57, 0x4C58, 0x5459, 0x545A, 0x5C7A, 0x647B, 0x647C, 0x6C7C,
    0x5C63, 0x5C63, 0x5C63, 0x5C64, 0x5C64, 0x5C65, 0x5C65, 0x5C66, 0x5467, 0x5467, 0x5468, 0x5469, 0x548A, 0x548B, 0x4C8C, 0x4C8D,
    0x4C8E, 0x4C8F, 0x4C91, 0x4C92, 0x4CB3, 0x4CB4, 0x4CB5, 0x4CB6, 0x4CB7, 0x54B8, 0x54B9, 0x5CBA, 0x64BA, 0x64BB, 0x6CBC, 0x6CDC,
    0x5CC3, 0x5CC3, 0x5CC4, 0x5CC4, 0x5CC4, 0x5CC5, 0x5CC5, 0x5CC6, 0x5CE7, 0x5CE8, 0x54E8, 0x54E9, 0x54EA, 0x54EB, 0x54EC, 0x54ED,
    0x4CEF, 0x54F0, 0x54F1, 0x54F2, 0x54F3, 0x5514, 0x5515, 0x54F6, 0x54F7, 0x5CF8, 0x5D19, 0x651A, 0x6D1A, 0x6D1B, 0x751B, 0x751C,
    0x6523, 0x6524, 0x6544, 0x6544, 0x6545, 0x6545, 0x5D26, 0x5D27, 0x5D47, 0x5D48, 0x5D49, 0x5D4A, 0x5D4B, 0x5D4C, 0x554D, 0x554E,
    0x554F, 0x5550, 0x5551, 0x5552, 0x5553, 0x5555, 0x5D55, 0x5D56, 0x6557, 0x6558, 0x6D59, 0x6D5A, 0x755A, 0x7D5B, 0x7D7B, 0x857C,
    0x6584, 0x6584, 0x6584, 0x6585, 0x6585, 0x6586, 0x6586, 0x6587, 0x6588, 0x6589, 0x658A, 0x5D8B, 0x5D8B, 0x5D8C, 0x5D8D, 0x5D8E,
    0x5D90, 0x5D91, 0x5DB2, 0x5D93, 0x5D94, 0x65B5, 0x65B6, 0x65B7, 0x6DB8, 0x6DB8, 0x7599, 0x759A, 0x7DBA, 0x85BB, 0x8DBB, 0x8DBC,
    0x6DE5, 0x6DE5, 0x6DE6, 0x6DE6, 0x6DE6, 0x65E7, 0x65E7, 0x65E8, 0x65E9, 0x65E9, 0x65EB, 0x65EB, 0x65EC, 0x65ED, 0x65EE, 0x65EF,
    0x65F0, 0x65F1, 0x6DF2, 0x6DF3, 0x6DF4, 0x6DF5, 0x6DF6, 0x6DF7, 0x75F8, 0x75F9, 0x7DF9, 0x85FA, 0x85FA, 0x8DFB, 0x95FB, 0x95FC,
    0x6E27, 0x6E27, 0x6E27, 0x6E27, 0x6E28, 0x6E28, 0x6E29, 0x6E29, 0x6E2A, 0x6E2B, 0x6E2C, 0x6E2C, 0x6E2D, 0x6E2E, 0x6E2F, 0x6E30,
    0x7631, 0x7632, 0x7633, 0x7634, 0x7634, 0x7635, 0x7E36, 0x7E37, 0x7E38, 0x8639, 0x8639, 0x8E3A, 0x8E3A, 0x963B, 0x9E3B, 0x9E3C,
    0x7668, 0x7668, 0x7668, 0x7669, 0x7669, 0x766A, 0x766A, 0x766B, 0x766B, 0x766C, 0x766D, 0x766E, 0x766E, 0x766F, 0x7E70, 0x7E71,
    0x7E72, 0x7E73, 0x7E73, 0x8674, 0x8675, 0x8676, 0x8676, 0x8677, 0x8E78, 0x8E79, 0x8E59, 0x965A, 0x967B, 0x9E7B, 0xA67B, 0xA67C,
    0x7E8A, 0x7E8A, 0x7E8A, 0x7E8B, 0x7EAB, 0x7E8B, 0x7EAC, 0x7E8C, 0x7E8D, 0x7EAD, 0x7E8E, 0x7E8F, 0x7E90, 0x8690, 0x8691, 0x8692,
    0x8693, 0x8E93, 0x8E94, 0x8E95, 0x8E95, 0x8E96, 0x8E97, 0x8E97, 0x8E98, 0x9699, 0x9699, 0x9E9A, 0x9E9A, 0xA69B, 0xA69B, 0xAE9C,
    0x86CC, 0x86CC, 0x86CC, 0x86CD, 0x86CD, 0x86CD, 0x86CE, 0x86CE, 0x86CE, 0x86CF, 0x8ED0, 0x8ED0, 0x8ED1, 0x8ED1, 0x8EB2, 0x8EB3,
    0x96B3, 0x96B4, 0x96B5, 0x96B5, 0x96B6, 0x96B6, 0x9EB7, 0x9EB8, 0x9EB8, 0x9EB9, 0x9EB9, 0x9EBA, 0xA6BA, 0xAEBB, 0xAEBB, 0xAEBC,
    0x8EEE, 0x8EEE, 0x8EEF, 0x8EEF, 0x8EEF, 0x8EEF, 0x8EEF, 0x8EF0, 0x96F0, 0x96F1, 0x96F1, 0x96F2, 0x96F2, 0x96F3, 0x9EF3, 0x9EF4,
    0x9EF4, 0x9EF5, 0x9ED5, 0x9ED6, 0xA6F6, 0xA6D7, 0xA6D7, 0xA6D8, 0xA6D9, 0xA6D9, 0xA6DA, 0xA6DA, 0xAEDA, 0xAEDB, 0xB6DB, 0xB6FC,
    0x9711, 0x9F11, 0x9F11, 0x9F11, 0x9F11, 0x9F11, 0x9F11, 0x9F12, 0x9F12, 0x9F13, 0x9F13, 0x9F13, 0xA714, 0xA6F4, 0xA715, 0xA715,
    0xA715, 0xA716, 0xAEF6, 0xAEF7, 0xAEF7, 0xAF17, 0xAEF8, 0xAEF8, 0xAEF9, 0xAEF9, 0xAEFA, 0xAEFA, 0xB6FB, 0xB6FB, 0xB6FB, 0xBF1C,
    0xA733, 0xA733, 0xA713, 0xA713, 0xA733, 0xA733, 0xA733, 0xAF14, 0xAF34, 0xAF14, 0xAF34, 0xAF15, 0xAF15, 0xAF15, 0xAF16, 0xAF16,
    0xAF16, 0xB717, 0xB717, 0xB717, 0xB718, 0xB718, 0xB718, 0xB719, 0xB719, 0xB71A, 0xB71A, 0xB71A, 0xB71B, 0xBF1B, 0xBF1B, 0xBF1C,
    0xB735, 0xB735, 0xB735, 0xB735, 0xB735, 0xB735, 0xB735, 0xB736, 0xB736, 0xB736, 0xB736, 0xB736, 0xB736, 0xB737, 0xB737, 0xB737,
    0xB737, 0xBF38, 0xBF58, 0xBF38, 0xBF38, 0xBF39, 0xBF39, 0xBF39, 0xBF3A, 0xBF3A, 0xBF3A, 0xBF3A, 0xBF3B, 0xBF3B, 0xC73C, 0xC73C,
    0x3104, 0x3104, 0x3104, 0x3104, 0x30E4, 0x30E4, 0x30E4, 0x30E4, 0x30E5, 0x38E5, 0x38E5, 0x38E6, 0x38E6, 0x38C7, 0x38C8, 0x40C9,
    0x40CA, 0x40AB, 0x48AC, 0x488D, 0x486F, 0x5051, 0x5012, 0x5813, 0x5815, 0x5817, 0x5818, 0x5819, 0x581A, 0x581B, 0x581C, 0x581C,
    0x3104, 0x3104, 0x3104, 0x3104, 0x3104, 0x38E4, 0x30E4, 0x30E4, 0x38E5, 0x38E5, 0x38E5, 0x38E6, 0x38E7, 0x38E7, 0x40E8, 0x40C9,
    0x40CA, 0x40CB, 0x48AC, 0x488D, 0x486F, 0x5050, 0x5012, 0x5814, 0x5815, 0x5817, 0x5818, 0x5819, 0x581A, 0x581B, 0x581C, 0x581C,
    0x3104, 0x3104, 0x3104, 0x3104, 0x3104, 0x3904, 0x3904, 0x38E4, 0x38E5, 0x38E5, 0x38E6, 0x38E6, 0x38E7, 0x38E7, 0x40E8, 0x40C9,
    0x40CA, 0x40CB, 0x48AC, 0x48AD, 0x488F, 0x5050, 0x5032, 0x5814, 0x5815, 0x5817, 0x5818, 0x5819, 0x581A, 0x581B, 0x581C, 0x581C,
    0x3104, 0x3104, 0x3104, 0x3104, 0x3104, 0x3904, 0x3904, 0x3904, 0x38E5, 0x38E5, 0x38E6, 0x38E6, 0x38E7, 0x38E7, 0x40E8, 0x40E9,
    0x40CA, 0x40CB, 0x48AC, 0x48AE, 0x488F, 0x5071, 0x5052, 0x5014, 0x5815, 0x5817, 0x5818, 0x5819, 0x581A, 0x581B, 0x581C, 0x581C,
    0x3124, 0x3124, 0x3924, 0x3924, 0x3104, 0x3904, 0x3904, 0x3905, 0x3905, 0x3905, 0x3906, 0x38E6, 0x38E7, 0x38E7, 0x40E8, 0x40E9,
    0x40EA, 0x40EB, 0x48CC, 0x48AE, 0x50AF, 0x5091, 0x5072, 0x5034, 0x5816, 0x5817, 0x5818, 0x5819, 0x581A, 0x581B, 0x581C, 0x581C,
    0x3924, 0x3924, 0x3924, 0x3924, 0x3924, 0x3924, 0x3924, 0x3904, 0x3905, 0x3905, 0x3906, 0x3906, 0x3907, 0x4108, 0x4108, 0x4109,
    0x410A, 0x40EB, 0x48ED, 0x48CE, 0x50CF, 0x50B1, 0x5092, 0x5874, 0x5856, 0x5837, 0x5818, 0x5819, 0x581A, 0x583B, 0x585C, 0x587C,
    0x3943, 0x3943, 0x3944, 0x3944, 0x3944, 0x3924, 0x3924, 0x3924, 0x3925, 0x3925, 0x3926, 0x3926, 0x4127, 0x4128, 0x4109, 0x4109,
    0x410A, 0x410B, 0x490D, 0x48EE, 0x50F0, 0x50D1, 0x50D2, 0x5094, 0x5896, 0x5877, 0x5858, 0x5859, 0x585A, 0x587B, 0x589C, 0x58BC,
    0x3943, 0x3944, 0x3944, 0x3944, 0x3944, 0x3944, 0x3944, 0x3944, 0x3945, 0x3925, 0x3926, 0x4126, 0x4127, 0x4128, 0x4129, 0x412A,
    0x412B, 0x412C, 0x492D, 0x490E, 0x4910, 0x5111, 0x50F3, 0x50D4, 0x58D6, 0x58B7, 0x58B8, 0x58B9, 0x58BA, 0x58DB, 0x58DC, 0x58FC,
    0x3964, 0x3964, 0x3964, 0x3964, 0x3964, 0x3964, 0x4164, 0x4165, 0x4165, 0x4145, 0x4146, 0x4147, 0x4147, 0x4148, 0x4149, 0x414A,
    0x414B, 0x414C, 0x494D, 0x494E, 0x4950, 0x5131, 0x5133, 0x5114, 0x5116, 0x5117, 0x5118, 0x50F9, 0x511A, 0x511B, 0x513C, 0x595C,
    0x4183, 0x4184, 0x4184, 0x3984, 0x4184, 0x4184, 0x4184, 0x4185, 0x4185, 0x4186, 0x4186, 0x4187, 0x4187, 0x4188, 0x4189, 0x418A,
    0x496B, 0x496C, 0x496D, 0x496F, 0x4970, 0x4971, 0x5173, 0x5155, 0x5156, 0x5157, 0x5158, 0x515A, 0x515A, 0x517B, 0x517C, 0x519C,
    0x41A3, 0x41A3, 0x41C4, 0x41C4, 0x41C4, 0x41C4, 0x41C4, 0x41C5, 0x41C5, 0x41A6, 0x41A6, 0x41A7, 0x41A8, 0x49A8, 0x41A9, 0x49AA,
    0x49AB, 0x49AC, 0x49AE, 0x49AF, 0x49B0, 0x49B2, 0x5193, 0x51B5, 0x51B6, 0x5197, 0x5198, 0x51B9, 0x51BA, 0x51BB, 0x51DC, 0x51DC,
    0x41E3, 0x41E3, 0x41E4, 0x41E4, 0x41E4, 0x41E4, 0x41E4, 0x41E5, 0x41E5, 0x41E6, 0x41E6, 0x41E7, 0x49E8, 0x49E9, 0x49EA, 0x49EA,
    0x49EB, 0x49ED, 0x49EE, 0x49EF, 0x49F1, 0x49F2, 0x51F4, 0x51F5, 0x51F6, 0x51F8, 0x51F9, 0x51FA, 0x51FA, 0x521B, 0x523C, 0x523C,
    0x4223, 0x4224, 0x4224, 0x4224, 0x4224, 0x4A24, 0x4A25, 0x4A25, 0x4A25, 0x4A26, 0x4A27, 0x4A27, 0x4A28, 0x4A29, 0x4A2A, 0x4A2B,
    0x4A2C, 0x4A2D, 0x4A2E, 0x4A30, 0x4A31, 0x4A32, 0x4A34, 0x4A35, 0x5236, 0x5238, 0x4A39, 0x4A3A, 0x525A, 0x525B, 0x527C, 0x527C,
    0x4A63, 0x4A63, 0x4A64, 0x4A64, 0x4A64, 0x4A65, 0x4A65, 0x4A65, 0x4A66, 0x4A66, 0x4A67, 0x4A68, 0x4A68, 0x4A69, 0x4A6A, 0x4A6B,
    0x4A6C, 0x4A6D, 0x4A6E, 0x4A70, 0x4A71, 0x4A72, 0x4A74, 0x4A75, 0x4A76, 0x4A78, 0x4A99, 0x4A9A, 0x4A9A, 0x529B, 0x52BC, 0x52BC,
    0x4AA3, 0x4AA4, 0x4AA4, 0x4AA4, 0x4AA4, 0x4AA4, 0x4AA5, 0x4AA5, 0x4AA6, 0x4AA6, 0x4AA7, 0x4AA8, 0x4AA8, 0x4AA9, 0x4ACA, 0x4AAB,
    0x4AAC, 0x4AAD, 0x4AAF, 0x4AB0, 0x4AD1, 0x4AD3, 0x4AD4, 0x4AD6, 0x4AD7, 0x4AD8, 0x4AD9, 0x4ADA, 0x52FA, 0x52FB, 0x52FC, 0x531C,
    0x52E3, 0x52E3, 0x52E4, 0x52E4, 0x52E4, 0x5304, 0x52E5, 0x52E5, 0x52E6, 0x5307, 0x5307, 0x5308, 0x5309, 0x5309, 0x530A, 0x4B0B,
    0x530D, 0x530E, 0x4B0F, 0x4B10, 0x4B12, 0x4B33, 0x4B14, 0x4B16, 0x4B37, 0x4B38, 0x4B39, 0x4B3A, 0x535A, 0x535B, 0x5B5C, 0x5B7C,
    0x5343, 0x5343, 0x5344, 0x5344, 0x5344, 0x5344, 0x5345, 0x5345, 0x5346, 0x5347, 0x5347, 0x5348, 0x5349, 0x534A, 0x536B, 0x536C,
    0x536D, 0x536E, 0x536F, 0x4B71, 0x4B72, 0x4B73, 0x4B75, 0x4B76, 0x4B97, 0x4B98, 0x4B99, 0x539A, 0x53BA, 0x5BBB, 0x5BBC, 0x63DC,
    0x5BA3, 0x5BA3, 0x5BA4, 0x5BA4, 0x5BA4, 0x5BA4, 0x5BA5, 0x5BA6, 0x53A6, 0x53A7, 0x53A8, 0x53A8, 0x53A9, 0x53AA, 0x53CB, 0x53CC,
    0x53CD, 0x53CE, 0x53D0, 0x53F1, 0x4BF2, 0x4BD3, 0x4BF5, 0x53F6, 0x53F7, 0x53F8, 0x53F9, 0x5BFA, 0x5C1A, 0x5C1B, 0x641C, 0x641C,
    0x5C03, 0x5C03, 0x5C04, 0x5C04, 0x5C04, 0x5C04, 0x5C05, 0x5C06, 0x5C06, 0x5C27, 0x5C08, 0x5C09, 0x5C29, 0x542A, 0x542C, 0x542D,
    0x542D, 0x542F, 0x5430, 0x5451, 0x5453, 0x5454, 0x5455, 0x5456, 0x5C57, 0x5C58, 0x5C59, 0x645A, 0x647A, 0x6C7B, 0x6C9C, 0x749C,
    0x6463, 0x6463, 0x6464, 0x6464, 0x6464, 0x6465, 0x6465, 0x5C66, 0x5C67, 0x5C88, 0x5C68, 0x5C89, 0x5C8A, 0x5C8B, 0x5C8C, 0x548D,
    0x548E, 0x548F, 0x5491, 0x54B2, 0x54B3, 0x54B4, 0x54B5, 0x5CB6, 0x5CB7, 0x5CB8, 0x64B9, 0x64BA, 0x6CBA, 0x6CBB, 0x74DB, 0x74DC,
    0x64C3, 0x64C3, 0x64C4, 0x64C4, 0x64E4, 0x64E5, 0x64E5, 0x64E6, 0x64E7, 0x64E8, 0x64E8, 0x64E9, 0x5CEA, 0x5CEB, 0x5CEC, 0x5CED,
    0x5CEF, 0x5CF0, 0x5CF1, 0x5CF2, 0x5CF3, 0x5D14, 0x5D15, 0x5D16, 0x6517, 0x6518, 0x6CF9, 0x6D1A, 0x751A, 0x751B, 0x7D1B, 0x7D3C,
    0x6D24, 0x6D44, 0x6D44, 0x6D44, 0x6D45, 0x6D45, 0x6D46, 0x6547, 0x6548, 0x6548, 0x6549, 0x654A, 0x654B, 0x654C, 0x654D, 0x654E,
    0x654F, 0x6550, 0x6551, 0x6552, 0x6553, 0x6554, 0x6555, 0x6556, 0x6D57, 0x6D58, 0x7559, 0x755A, 0x7D5A, 0x7D7B, 0x857B, 0x857C,
    0x6D84, 0x6D84, 0x6D85, 0x6D85, 0x6D85, 0x6D86, 0x6D86, 0x6D87, 0x6D88, 0x6D89, 0x6D8A, 0x6D8B, 0x65AC, 0x65AD, 0x658D, 0x658F,
    0x6590, 0x65B1, 0x6DB2, 0x6DB3, 0x6DB4, 0x6DB5, 0x6D96, 0x6DB7, 0x75B8, 0x75B8, 0x7D99, 0x7D9A, 0x85BA, 0x8DBB, 0x8DBB, 0x95BC,
    0x75E5, 0x6DE5, 0x6DE6, 0x6DE6, 0x6DE6, 0x6DE7, 0x6DE8, 0x6DE8, 0x6DE9, 0x6DE9, 0x6DEB, 0x6DEC, 0x6DEC, 0x6DED, 0x6DEE, 0x6DEF,
    0x6DF0, 0x6DF1, 0x75F2, 0x75F3, 0x75F4, 0x75F5, 0x75F6, 0x7DF7, 0x7DF8, 0x7DF9, 0x85F9, 0x85FA, 0x8DFA, 0x95FB, 0x95FB, 0x9DFC,
    0x7627, 0x7627, 0x7627, 0x7627, 0x7628, 0x7628, 0x7629, 0x7629, 0x762A, 0x762B, 0x762C, 0x762D, 0x762D, 0x762E, 0x762F, 0x7630,
    0x7E31, 0x7E32, 0x7E33, 0x7E34, 0x7E35, 0x7E35, 0x7E36, 0x8637, 0x8638, 0x8E39, 0x8E39, 0x8E3A, 0x963A, 0x9E3B, 0x9E3B, 0xA63C,
    0x7E68, 0x7E68, 0x7E69, 0x7E69, 0x7669, 0x7E6A, 0x7E6A, 0x7E6B, 0x7E6B, 0x7E6C, 0x7E6D, 0x7E6E, 0x7E6E, 0x7E6F, 0x7E70, 0x8671,
    0x8672, 0x8673, 0x8674, 0x8674, 0x8E75, 0x8E76, 0x8E76, 0x8E77, 0x8E78, 0x8E79, 0x9679, 0x967A, 0x9E7A, 0x9E7B, 0xA67B, 0xAE7C,
    0x7E8A, 0x7E8A, 0x7E8A, 0x7EAB, 0x7EAB, 0x868B, 0x868C, 0x868C, 0x868D, 0x86AD, 0x868E, 0x868F, 0x8690, 0x8690, 0x8691, 0x8E92,
    0x8E93, 0x8E93, 0x8E94, 0x8E95, 0x9696, 0x9696, 0x9697, 0x9697, 0x9698, 0x9699, 0x9E99, 0x9E9A, 0xA69A, 0xA69B, 0xA69B, 0xAE9C,
    0x86CC, 0x86CC, 0x86CD, 0x86CD, 0x86CD, 0x8EAD, 0x8ECE, 0x8ECE, 0x8ECF, 0x8ECF, 0x8ED0, 0x8ED1, 0x8ED1, 0x8ED1, 0x96D2, 0x96D3,
    0x96D3, 0x96B4, 0x9EB5, 0x9EB5, 0x9EB6, 0x9EB7, 0x9EB7, 0x9EB8, 0x9EB8, 0x9EB9, 0x9EB9, 0xA6BA, 0xA6BA, 0xAEBB, 0xAEBB, 0xB6BC,
    0x8EEE, 0x8EEF, 0x96EF, 0x96EF, 0x96EF, 0x96EF, 0x96F0, 0x96F0, 0x96F1, 0x96F1, 0x96F1, 0x9EF2, 0x9EF2, 0x9EF3, 0x9ED3, 0x9ED4,
    0x9ED5, 0x9ED5, 0xA6D5, 0xA6F6, 0xA6F6, 0xA6D7, 0xA6D8, 0xAED8, 0xAED9, 0xAED9, 0xAEDA, 0xAEDA, 0xAEDA, 0xB6DB, 0xB6DB, 0xB6DC,
    0x9F11, 0x9F11, 0x9F11, 0x9F11, 0x9F11, 0x9F11, 0x9F12, 0x9F12, 0xA712, 0xA713, 0xA713, 0xA713, 0xA714, 0xA714, 0xA6F5, 0xA6F5,
    0xAEF5, 0xAEF6, 0xAF16, 0xAEF7, 0xAEF7, 0xAEF8, 0xAF18, 0xB6F8, 0xB6F9, 0xB6FA, 0xB6FA, 0xB6FA, 0xB6FB, 0xB6FB, 0xB6FB, 0xBEFC,
    0xA733, 0xA733, 0xAF13, 0xAF33, 0xAF33, 0xAF33, 0xAF34, 0xAF34, 0xAF34, 0xAF34, 0xAF35, 0xAF35, 0xAF15, 0xAF36, 0xB716, 0xB716,
    0xB716, 0xB717, 0xB737, 0xB717, 0xB718, 0xB718, 0xB739, 0xB719, 0xB719, 0xB71A, 0xB71A, 0xB71B, 0xBF1B, 0xBF1B, 0xBF1B, 0xC71C,
    0xB755, 0xB735, 0xB735, 0xB735, 0xB735, 0xB735, 0xB735, 0xB736, 0xB736, 0xB736, 0xB736, 0xB736, 0xBF36, 0xBF37, 0xBF37, 0xBF37,
    0xBF37, 0xBF38, 0xBF38, 0xBF38, 0xBF39, 0xBF39, 0xBF39, 0xBF39, 0xBF3A, 0xBF3A, 0xBF3A, 0xBF3B, 0xBF3B, 0xC73B, 0xC73B, 0xC73C,
    0x3904, 0x3904, 0x3904, 0x3904, 0x38E4, 0x38E4, 0x38E4, 0x38E4, 0x38E5, 0x38E5, 0x38E6, 0x38E6, 0x40E7, 0x40C7, 0x40C8, 0x40C9,
    0x48CA, 0x48AB, 0x48AC, 0x508D, 0x504F, 0x5831, 0x5812, 0x6014, 0x6015, 0x6017, 0x6018, 0x6019, 0x601A, 0x601B, 0x601C, 0x601C,
    0x3904, 0x3904, 0x3904, 0x3904, 0x38E4, 0x38E4, 0x38E4, 0x38E4, 0x38E5, 0x38E5, 0x38E6, 0x38E6, 0x40E7, 0x40E7, 0x40C8, 0x40C9,
    0x48CA, 0x48AB, 0x48AC, 0x508D, 0x506F, 0x5831, 0x5812, 0x6014, 0x6015, 0x6017, 0x6018, 0x6019, 0x601A, 0x601B, 0x601C, 0x601C,
    0x3904, 0x3904, 0x3904, 0x3904, 0x3904, 0x38E4, 0x38E4, 0x38E4, 0x38E5, 0x40E5, 0x40E6, 0x40E6, 0x40E7, 0x40E7, 0x40C8, 0x40C9,
    0x48CA, 0x48CB, 0x50AC, 0x508E, 0x506F, 0x5851, 0x5812, 0x6014, 0x6015, 0x6017, 0x6018, 0x6019, 0x601A, 0x601B, 0x601C, 0x601C,
    0x3924, 0x3903, 0x3904, 0x3904, 0x3904, 0x3904, 0x3904, 0x38E4, 0x40E5, 0x40E5, 0x40E6, 0x40E6, 0x40E7, 0x40E8, 0x40E8, 0x48C9,
    0x48CA, 0x48CB, 0x50AC, 0x50AE, 0x508F, 0x5851, 0x5832, 0x6014, 0x6016, 0x6017, 0x6018, 0x6019, 0x601A, 0x601B, 0x601C, 0x601C,
    0x3924, 0x3923, 0x3924, 0x3924, 0x3924, 0x3904, 0x4104, 0x4105, 0x4105, 0x4105, 0x40E6, 0x40E6, 0x40E7, 0x40E8, 0x40E8, 0x48E9,
    0x48EA, 0x48CB, 0x48CC, 0x50AE, 0x508F, 0x5871, 0x5852, 0x5814, 0x6016, 0x6017, 0x6018, 0x6019, 0x601A, 0x601B, 0x601C, 0x601C,
    0x3923, 0x3924, 0x3924, 0x3924, 0x3924, 0x3924, 0x4104, 0x4105, 0x4105, 0x4105, 0x4106, 0x4106, 0x4107, 0x4108, 0x4109, 0x4909,
    0x48EA, 0x48EB, 0x50ED, 0x50CE, 0x50B0, 0x5891, 0x5873, 0x6054, 0x6036, 0x6017, 0x6019, 0x6019, 0x601A, 0x601B, 0x603B, 0x607C,
    0x3943, 0x3943, 0x3944, 0x4144, 0x4144, 0x4144, 0x4124, 0x4125, 0x4125, 0x4125, 0x4126, 0x4126, 0x4127, 0x4128, 0x4109, 0x4909,
    0x490A, 0x490C, 0x50ED, 0x50EE, 0x50F0, 0x58D1, 0x58B3, 0x5894, 0x6076, 0x6057, 0x6058, 0x6059, 0x605A, 0x607B, 0x609B, 0x60BC,
    0x4163, 0x4163, 0x4164, 0x4164, 0x4164, 0x4144, 0x4144, 0x4145, 0x4145, 0x4145, 0x4146, 0x4147, 0x4147, 0x4128, 0x4929, 0x492A,
    0x492B, 0x492C, 0x512D, 0x510E, 0x5110, 0x58F1, 0x58F3, 0x58D4, 0x60D6, 0x60B7, 0x60B8, 0x6099, 0x60BA, 0x60DB, 0x60FB, 0x60FC,
    0x4184, 0x4184, 0x4184, 0x4184, 0x4184, 0x4184, 0x4164, 0x4165, 0x4165, 0x4145, 0x4146, 0x4147, 0x4967, 0x4968, 0x4949, 0x494A,
    0x494B, 0x494C, 0x514D, 0x514E, 0x5150, 0x5931, 0x5933, 0x5915, 0x6116, 0x60F7, 0x60F8, 0x60F9, 0x611A, 0x593B, 0x593C, 0x615C,
    0x41A3, 0x41A3, 0x41A4, 0x41A4, 0x41A4, 0x41A4, 0x41A4, 0x41A5, 0x4185, 0x4986, 0x4986, 0x4987, 0x4988, 0x4988, 0x4989, 0x498A,
    0x498B, 0x518C, 0x518D, 0x516F, 0x5170, 0x5972, 0x5953, 0x5955, 0x5956, 0x5957, 0x5958, 0x595A, 0x595A, 0x597B, 0x599C, 0x599C,
    0x41C3, 0x41C3, 0x41C4, 0x49C4, 0x49C4, 0x49C4, 0x49C4, 0x49C5, 0x49C5, 0x49C6, 0x49C6, 0x49A7, 0x49A8, 0x49A8, 0x49A9, 0x49AA,
    0x51AB, 0x51AD, 0x51AE, 0x51AF, 0x59B0, 0x59B2, 0x5993, 0x59B5, 0x5996, 0x5997, 0x5999, 0x5999, 0x59BA, 0x59BB, 0x59DB, 0x61FC,
    0x49E3, 0x49E4, 0x49E4, 0x49E4, 0x49E4, 0x49E4, 0x49E4, 0x4A05, 0x4A05, 0x49E6, 0x4A07, 0x49E7, 0x49E8, 0x51E9, 0x51EA, 0x51EB,
    0x51EC, 0x51ED, 0x51EE, 0x51EF, 0x59F1, 0x59F2, 0x59F4, 0x59F5, 0x59F6, 0x59F8, 0x59F9, 0x59F9, 0x59FA, 0x5A1B, 0x5A3C, 0x5A3C,
    0x4A23, 0x4A24, 0x4A24, 0x4A24, 0x4A24, 0x4A24, 0x4A25, 0x4A25, 0x4A26, 0x5226, 0x4A27, 0x4A27, 0x5228, 0x5229, 0x522A, 0x522B,
    0x522C, 0x522D, 0x522E, 0x5230, 0x5231, 0x5A32, 0x5A34, 0x5A35, 0x5A37, 0x5A38, 0x5A39, 0x5A39, 0x5A5A, 0x5A7B, 0x5A7C, 0x5A9C,
    0x5263, 0x5264, 0x5264, 0x5264, 0x5264, 0x5265, 0x5265, 0x5265, 0x5266, 0x5266, 0x5267, 0x5268, 0x5268, 0x5269, 0x526A, 0x526B,
    0x526C, 0x526D, 0x526E, 0x5270, 0x5271, 0x5272, 0x5A94, 0x5A75, 0x5A76, 0x5A78, 0x5A99, 0x5A99, 0x5A9A, 0x5ABB, 0x5ABC, 0x5ADC,
    0x52A3, 0x52A4, 0x52A4, 0x52A4, 0x52A4, 0x52A4, 0x52A5, 0x52A5, 0x52A6, 0x52A6, 0x52A7, 0x52A8, 0x52A9, 0x52A9, 0x52AA, 0x52CB,
    0x52AC, 0x52AD, 0x52AF, 0x52B0, 0x52D1, 0x52D3, 0x52D4, 0x5AD6, 0x5AD7, 0x5AD8, 0x5AD9, 0x5AFA, 0x5AFA, 0x5AFB, 0x631C, 0x631C,
    0x5AE3, 0x5AE4, 0x5AE4, 0x5AE4, 0x5B04, 0x5B04, 0x5B05, 0x5B05, 0x5B06, 0x5B07, 0x5B07, 0x5B08, 0x5B09, 0x5B0A, 0x5B0B, 0x5B0C,
    0x5B0D, 0x5B0E, 0x530F, 0x5310, 0x5B12, 0x5333, 0x5334, 0x5B36, 0x5B37, 0x5B38, 0x5B39, 0x5B3A, 0x5B5A, 0x635B, 0x637C, 0x637C,
    0x5B43, 0x5B43, 0x5B44, 0x5B44, 0x5B44, 0x5B45, 0x5B45, 0x5B46, 0x5B46, 0x5B67, 0x5B67, 0x5B68, 0x5B69, 0x5B6A, 0x5B6B, 0x5B6C,
    0x5B6D, 0x5B6E, 0x5B70, 0x5B91, 0x5B72, 0x5B73, 0x5B95, 0x5B76, 0x5B97, 0x5B98, 0x5B99, 0x5B9A, 0x63BA, 0x63BB, 0x6BBC, 0x6BDC,
    0x63A3, 0x63A3, 0x63A4, 0x63A4, 0x63A4, 0x63A5, 0x63A5, 0x5BA6, 0x5BA6, 0x5BA7, 0x63A8, 0x5BA8, 0x5BC9, 0x5BCA, 0x5BCB, 0x5BCC,
    0x5BCD, 0x5BCE, 0x5BD0, 0x5BF1, 0x5BD2, 0x5BD4, 0x5BF5, 0x5BF6, 0x5BF7, 0x5BF8, 0x5BF9, 0x63FA, 0x641A, 0x6C1B, 0x6C3C, 0x743C,
    0x6403, 0x6403, 0x6404, 0x6404, 0x6404, 0x6405, 0x6405, 0x6406, 0x6427, 0x6427, 0x6428, 0x6408, 0x642A, 0x642B, 0x642C, 0x642D,
    0x642E, 0x642F, 0x6450, 0x6451, 0x5C53, 0x5C54, 0x5C55, 0x6456, 0x6457, 0x6458, 0x6459, 0x6C7A, 0x6C7A, 0x749B, 0x749C, 0x7C9C,
    0x6C63, 0x6C63, 0x6C64, 0x6C64, 0x6C64, 0x6C65, 0x6C65, 0x6C86, 0x6C87, 0x6488, 0x6488, 0x6489, 0x648A, 0x648B, 0x648C, 0x648D,
    0x648E, 0x648F, 0x6491, 0x64B2, 0x64B3, 0x64B4, 0x64B5, 0x64B6, 0x64B7, 0x6CB8, 0x6CB9, 0x6CBA, 0x74BA, 0x74DB, 0x7CDB, 0x7CDC,
    0x6CE3, 0x6CE4, 0x6CE4, 0x6CE4, 0x6CE4, 0x6CE5, 0x6CE6, 0x6CE6, 0x6CE7, 0x6CE8, 0x6CE9, 0x6CEA, 0x6CEA, 0x6CEB, 0x64EC, 0x64ED,
    0x64EF, 0x64F0, 0x64F1, 0x64F2, 0x64F3, 0x64F4, 0x6515, 0x6D16, 0x6D17, 0x6D18, 0x7519, 0x751A, 0x7D1A, 0x7D1B, 0x853B, 0x853C,
    0x7544, 0x7544, 0x7544, 0x7544, 0x7545, 0x7545, 0x7546, 0x6D47, 0x6D48, 0x6D48, 0x6D49, 0x6D4A, 0x6D4B, 0x6D4C, 0x6D4D, 0x6D4E,
    0x6D4F, 0x6D50, 0x6D51, 0x6D52, 0x6D53, 0x6D55, 0x6D56, 0x7557, 0x7558, 0x7558, 0x7D59, 0x7D7A, 0x857A, 0x857B, 0x8D7B, 0x8D7C,
    0x7584, 0x7584, 0x7585, 0x7585, 0x7586, 0x7586, 0x7587, 0x7587, 0x7588, 0x7589, 0x758A, 0x75AB, 0x6DAC, 0x6DAD, 0x6D8E, 0x6DAF,
    0x6DB0, 0x7591, 0x75B2, 0x7593, 0x75B4, 0x75B5, 0x75B6, 0x75B7, 0x7DB8, 0x7DB8, 0x85B9, 0x85BA, 0x8DBA, 0x8DBB, 0x95BB, 0x95BC,
    0x75E5, 0x75E6, 0x75E6, 0x75E6, 0x75E7, 0x75E7, 0x75E8, 0x75E8, 0x75E9, 0x75EA, 0x75EB, 0x75EC, 0x75EC, 0x75ED, 0x75EE, 0x75EF,
    0x75F0, 0x7DF1, 0x7DF2, 0x7DF3, 0x7DF4, 0x7DF5, 0x7DF6, 0x85F7, 0x85F8, 0x85F9, 0x8DF9, 0x8DFA, 0x95FA, 0x95FB, 0x9DFB, 0x9E1C,
    0x7E27, 0x7E27, 0x7E27, 0x7E28, 0x7E28, 0x7E28, 0x7E29, 0x7E2A, 0x7E2A, 0x7E2B, 0x7E2C, 0x7E2D, 0x7E2D, 0x7E2E, 0x7E2F, 0x7E30,
    0x7E31, 0x8632, 0x8633, 0x8634, 0x8635, 0x8636, 0x8E36, 0x8E37, 0x8E38, 0x8E39, 0x9639, 0x963A, 0x9E3A, 0x9E3B, 0xA63B, 0xA63C,
    0x7E68, 0x7E69, 0x7E69, 0x7E69, 0x7E69, 0x7E6A, 0x7E6A, 0x866B, 0x866C, 0x866C, 0x866D, 0x866E, 0x866F, 0x8670, 0x8670, 0x8671,
    0x8E72, 0x8E73, 0x8E74, 0x8E74, 0x8E75, 0x8E76, 0x8E77, 0x9677, 0x9678, 0x9679, 0x9E79, 0x9E7A, 0xA67A, 0xA67B, 0xA67B, 0xAE7C,
    0x868A, 0x868A, 0x86AB, 0x86AB, 0x86AB, 0x868C, 0x868C, 0x86AD, 0x86AD, 0x868E, 0x8E8E, 0x8E8F, 0x8E90, 0x8E90, 0x8E91, 0x8E92,
    0x9693, 0x9693, 0x9694, 0x9695, 0x9696, 0x9696, 0x9697, 0x9E97, 0x9E98, 0x9E99, 0x9E99, 0xA69A, 0xA69A, 0xAE9B, 0xAE9B, 0xAE9C,
    0x8ECD, 0x8ECD, 0x8ECD, 0x8ECD, 0x8ECD, 0x8ECD, 0x8ECE, 0x8ECE, 0x96CF, 0x96CF, 0x96D0, 0x96D0, 0x96D1, 0x96D2, 0x96D2, 0x9ED3,
    0x9ED4, 0x9ED4, 0x9EB5, 0x9EB5, 0x9EB6, 0xA6B7, 0xA6B7, 0xA6B8, 0xA6B8, 0xA6B9, 0xA6BA, 0xAEBA, 0xAEBA, 0xAEBB, 0xB6BB, 0xB6DC,
    0x96EF, 0x96EF, 0x96EF, 0x96EF, 0x96EF, 0x96EF, 0x96F0, 0x9EF0, 0x9EF1, 0x9EF1, 0x9EF1, 0x9EF2, 0x9EF3, 0x9EF3, 0xA6F4, 0xA6F4,
    0xA6F5, 0xA6D5, 0xA6D6, 0xA6D6, 0xA6D7, 0xAED7, 0xAED8, 0xAED8, 0xAED9, 0xAED9, 0xAEDA, 0xAEDA, 0xB6FA, 0xB6FB, 0xB6FB, 0xBEFC,
    0x9F11, 0x9F11, 0x9F11, 0xA711, 0x9F11, 0xA711, 0xA712, 0xA712, 0xA712, 0xA6F3, 0xA713, 0xA713, 0xAF14, 0xAF14, 0xAEF5, 0xAF15,
    0xAF16, 0xAEF6, 0xAEF6, 0xAEF7, 0xAEF7, 0xAEF8, 0xB6F8, 0xB6F9, 0xB6F9, 0xB6FA, 0xB6FA, 0xB6FA, 0xB6FB, 0xB71B, 0xBF1B, 0xBEFC,
    0xAF33, 0xAF33, 0xAF33, 0xAF13, 0xAF13, 0xAF33, 0xAF34, 0xAF34, 0xAF34, 0xAF15, 0xB715, 0xB715, 0xB715, 0xB735, 0xB716, 0xB716,
    0xB716, 0xB717, 0xB717, 0xB717, 0xB718, 0xB718, 0xBF18, 0xB719, 0xB719, 0xBF1A, 0xBF1A, 0xBF1A, 0xBF1B, 0xBF1B, 0xBF3B, 0xC71C,
    0xB735, 0xBF55, 0xBF35, 0xBF35, 0xBF35, 0xB735, 0xB735, 0xBF36, 0xBF36, 0xBF36, 0xBF36, 0xBF36, 0xBF36, 0xBF37, 0xBF37, 0xBF37,
    0xBF37, 0xBF38, 0xBF38, 0xBF38, 0xBF39, 0xBF39, 0xC739, 0xBF39, 0xBF3A, 0xBF3A, 0xC73A, 0xC73B, 0xC73B, 0xC73B, 0xC73B, 0xC75C,
    0x3904, 0x3904, 0x4104, 0x4104, 0x40E4, 0x40E4, 0x40E4, 0x40E4, 0x40E5, 0x40E5, 0x40E6, 0x40E6, 0x40C7, 0x48C8, 0x48C8, 0x48C9,
    0x48AA, 0x50AB, 0x508C, 0x586E, 0x584F, 0x6011, 0x6012, 0x6814, 0x6815, 0x6817, 0x6818, 0x6819, 0x681A, 0x681B, 0x681C, 0x681C,
    0x3904, 0x4104, 0x4104, 0x4104, 0x40E4, 0x40E4, 0x40E4, 0x40E4, 0x40E5, 0x40E5, 0x40E6, 0x40E6, 0x40E7, 0x40E7, 0x48C8, 0x48C9,
    0x48CA, 0x50AB, 0x508C, 0x586E, 0x584F, 0x6011, 0x6012, 0x6814, 0x6815, 0x6817, 0x6818, 0x6819, 0x681A, 0x681B, 0x681C, 0x681C,
    0x4104, 0x4104, 0x4104, 0x4104, 0x4104, 0x40E4, 0x40E4, 0x40E4, 0x40E5, 0x40E5, 0x40E6, 0x40E6, 0x40E7, 0x48E8, 0x48C8, 0x48C9,
    0x48CA, 0x50AB, 0x50AD, 0x588E, 0x584F, 0x6031, 0x6012, 0x6814, 0x6815, 0x6817, 0x6818, 0x6819, 0x681A, 0x681B, 0x681C, 0x681C,
    0x4124, 0x4123, 0x4104, 0x4104, 0x4104, 0x4104, 0x40E4, 0x40E4, 0x40E5, 0x40E5, 0x40E6, 0x48E6, 0x48E7, 0x48E8, 0x48E8, 0x48C9,
    0x48CA, 0x50CB, 0x50AD, 0x588E, 0x586F, 0x6051, 0x6012, 0x6814, 0x6816, 0x6817, 0x6818, 0x6819, 0x681A, 0x681B, 0x681C, 0x681C,
    0x4124, 0x4123, 0x4124, 0x4124, 0x4124, 0x4104, 0x4104, 0x4105, 0x4905, 0x4105, 0x4906, 0x48E7, 0x48E7, 0x48E8, 0x48E9, 0x48E9,
    0x50EA, 0x50CB, 0x50CD, 0x58AE, 0x588F, 0x6071, 0x6033, 0x6814, 0x6816, 0x6817, 0x6818, 0x6819, 0x681A, 0x681B, 0x681C, 0x681C,
    0x4143, 0x4124, 0x4124, 0x4124, 0x4124, 0x4124, 0x4104, 0x4905, 0x4905, 0x4905, 0x4906, 0x4907, 0x4907, 0x4908, 0x48E9, 0x48EA,
    0x50EA, 0x50EB, 0x58CD, 0x58CE, 0x58B0, 0x6091, 0x6073, 0x6834, 0x6816, 0x6817, 0x6819, 0x6819, 0x681A, 0x681B, 0x683C, 0x687C,
    0x4143, 0x4143, 0x4144, 0x4144, 0x4144, 0x4144, 0x4924, 0x4925, 0x4925, 0x4925, 0x4926, 0x4927, 0x4927, 0x4908, 0x4909, 0x510A,
    0x510B, 0x510C, 0x58ED, 0x58EE, 0x58D0, 0x60D1, 0x60B3, 0x6074, 0x6876, 0x6857, 0x6858, 0x6839, 0x685A, 0x687B, 0x689B, 0x68BC,
    0x4163, 0x4163, 0x4164, 0x4164, 0x4964, 0x4964, 0x4964, 0x4945, 0x4945, 0x4945, 0x4946, 0x4947, 0x4947, 0x4928, 0x4929, 0x512A,
    0x512B, 0x512C, 0x592D, 0x590E, 0x5910, 0x60F1, 0x60F3, 0x60D5, 0x68B6, 0x68B7, 0x6898, 0x6899, 0x68BA, 0x68DB, 0x68FB, 0x691C,
    0x4983, 0x4983, 0x4983, 0x4984, 0x4984, 0x4984, 0x4984, 0x4965, 0x4965, 0x4966, 0x4966, 0x4947, 0x5168, 0x5168, 0x5149, 0x514A,
    0x514B, 0x514C, 0x594D, 0x594F, 0x5950, 0x6131, 0x6133, 0x6915, 0x68F6, 0x68F7, 0x68F9, 0x68F9, 0x691A, 0x693B, 0x693C, 0x695C,
    0x49A3, 0x49A3, 0x49A3, 0x49A4, 0x49A4, 0x49A4, 0x49A4, 0x49A5, 0x49A5, 0x5186, 0x5186, 0x5187, 0x5188, 0x5188, 0x5189, 0x518A,
    0x518B, 0x598C, 0x598D, 0x596F, 0x5970, 0x6172, 0x6153, 0x6955, 0x6956, 0x6957, 0x6958, 0x6959, 0x697A, 0x617B, 0x619B, 0x699C,
    0x49E3, 0x49C3, 0x49E4, 0x49E4, 0x49C4, 0x51C4, 0x51C4, 0x51C5, 0x51C5, 0x51C6, 0x51C6, 0x51C7, 0x51A8, 0x51C9, 0x51C9, 0x51CA,
    0x59AB, 0x59AD, 0x59AE, 0x59AF, 0x61B1, 0x61B2, 0x6194, 0x6195, 0x6996, 0x6998, 0x6199, 0x61B9, 0x69BA, 0x69DB, 0x61DB, 0x69FC,
    0x5203, 0x5203, 0x5204, 0x5204, 0x5204, 0x5204, 0x5204, 0x5205, 0x5205, 0x5206, 0x5207, 0x51E7, 0x51E8, 0x51E9, 0x5A0A, 0x59EB,
    0x59EC, 0x59ED, 0x59EE, 0x59F0, 0x61F1, 0x61F2, 0x61F4, 0x61F5, 0x69F6, 0x69F8, 0x61F9, 0x69FA, 0x621A, 0x6A1B, 0x6A3B, 0x6A5C,
    0x5243, 0x5244, 0x5244, 0x5244, 0x5244, 0x5244, 0x5245, 0x5245, 0x5246, 0x5A46, 0x5A47, 0x5A27, 0x5A28, 0x5A29, 0x5A2A, 0x5A2B,
    0x5A2C, 0x5A2D, 0x5A2E, 0x6230, 0x6231, 0x6232, 0x6234, 0x6235, 0x6237, 0x6A38, 0x6239, 0x625A, 0x625A, 0x627B, 0x6A9C, 0x6A9C,
    0x5263, 0x5264, 0x5264, 0x5264, 0x5A64, 0x5A65, 0x5A65, 0x5A65, 0x5A86, 0x5A86, 0x5A87, 0x5A88, 0x5A88, 0x5A69, 0x5A6A, 0x5A6B,
    0x5A6C, 0x5A6D, 0x5A8E, 0x5A70, 0x6271, 0x6293, 0x6294, 0x6295, 0x6297, 0x6298, 0x6299, 0x629A, 0x62BA, 0x62BB, 0x6ABC, 0x6ADC,
    0x5AA3, 0x5AA4, 0x5AA4, 0x5AA4, 0x5AA4, 0x5AA4, 0x5AA5, 0x5AA5, 0x5AA6, 0x5AA6, 0x5AC7, 0x5AC8, 0x5AC9, 0x5AC9, 0x5ACA, 0x5ACB,
    0x5ACC, 0x62CD, 0x62CF, 0x62D0, 0x62D1, 0x62D3, 0x62D4, 0x62D6, 0x62D7, 0x62D8, 0x62D9, 0x62F9, 0x62FA, 0x6B1B, 0x6B1C, 0x6B3C,
    0x5B03, 0x5B04, 0x5B04, 0x5B04, 0x5B04, 0x6304, 0x6305, 0x6305, 0x6306, 0x6307, 0x6307, 0x6308, 0x6309, 0x630A, 0x630B, 0x630C,
    0x630D, 0x630E, 0x630F, 0x6330, 0x6332, 0x6333, 0x6334, 0x6336, 0x6337, 0x6338, 0x6339, 0x635A, 0x6B5A, 0x6B7B, 0x6B7C, 0x6B9C,
    0x6343, 0x6344, 0x6344, 0x6344, 0x6364, 0x6345, 0x6365, 0x6366, 0x6366, 0x6367, 0x6368, 0x6368, 0x6369, 0x636A, 0x636B, 0x636C,
    0x636D, 0x636E, 0x6370, 0x6391, 0x6372, 0x6373, 0x6395, 0x6396, 0x6397, 0x6398, 0x6B99, 0x6BBA, 0x6BBA, 0x6BDB, 0x73DC, 0x73FC,
    0x63A3, 0x6BA3, 0x6BA4, 0x6BA4, 0x6BC4, 0x6BA5, 0x6BC5, 0x63C6, 0x6BC6, 0x6BC7, 0x6BC8, 0x6BC8, 0x6BC9, 0x63CA, 0x63CB, 0x63CC,
    0x63CD, 0x63CF, 0x6BF0, 0x6BF1, 0x63F2, 0x63F4, 0x63F5, 0x6BF6, 0x6BF7, 0x6BF8, 0x6BF9, 0x6C1A, 0x741A, 0x743B, 0x743C, 0x7C3C,
    0x6C03, 0x6C03, 0x6C24, 0x6C24, 0x6C24, 0x6C05, 0x6C25, 0x6C26, 0x6C27, 0x6C27, 0x6C28, 0x6C29, 0x6C2A, 0x6C2B, 0x6C2C, 0x6C2D,
    0x6C2E, 0x6C2F, 0x6C50, 0x6C51, 0x6C53, 0x6C54, 0x6C55, 0x6C56, 0x6C57, 0x6C78, 0x7479, 0x747A, 0x749A, 0x7C9B, 0x7C9B, 0x849C,
    0x7463, 0x7463, 0x7484, 0x7484, 0x7484, 0x7485, 0x7485, 0x7486, 0x6C87, 0x6C87, 0x6C88, 0x6C89, 0x6C8A, 0x6C8B, 0x6C8C, 0x6C8D,
    0x6C8E, 0x6C8F, 0x6CB1, 0x6CB2, 0x6CB3, 0x6CB4, 0x6CB5, 0x6CB6, 0x6CB7, 0x74B8, 0x74B9, 0x7CDA, 0x7CDA, 0x7CDB, 0x84DB, 0x84FC,
    0x74E3, 0x74E4, 0x74E4, 0x74E4, 0x74E5, 0x74E5, 0x74E6, 0x74E6, 0x74E7, 0x74E8, 0x74E9, 0x74EA, 0x74EB, 0x74EC, 0x74ED, 0x6CEE,
    0x6CEF, 0x6CF0, 0x6D11, 0x6D12, 0x6D13, 0x6D14, 0x7515, 0x7516, 0x7517, 0x7518, 0x7D19, 0x7D1A, 0x851A, 0x853B, 0x853B, 0x8D3C,
    0x7D44, 0x7D44, 0x7D44, 0x7D45, 0x7D45, 0x7D46, 0x7D46, 0x7D47, 0x7548, 0x7548, 0x7549, 0x754A, 0x754B, 0x754C, 0x754D, 0x754E,
    0x754F, 0x7550, 0x7551, 0x7552, 0x7554, 0x7555, 0x7556, 0x7D57, 0x7D58, 0x7D58, 0x8579, 0x857A, 0x8D7A, 0x8D7B, 0x8D7B, 0x957C,
    0x7D84, 0x7D85, 0x7DA5, 0x7DA5, 0x7DA6, 0x7D86, 0x7D87, 0x7DA8, 0x7DA8, 0x7DA9, 0x7DAA, 0x7DAB, 0x7DAC, 0x7DAD, 0x7DAE, 0x7DAF,
    0x7DB0, 0x7DB1, 0x7DB2, 0x7DB3, 0x7DB4, 0x7DB5, 0x7DB6, 0x85B7, 0x85B8, 0x85B8, 0x8DB9, 0x8DBA, 0x95BA, 0x95BB, 0x95BB, 0x9DDC,
    0x7DE5, 0x7DE6, 0x7DE6, 0x7DE6, 0x7DE7, 0x7DE7, 0x7DE8, 0x7DE8, 0x7DE9, 0x7DEA, 0x7DEB, 0x7DEC, 0x7DED, 0x7DED, 0x7DEE, 0x7DEF,
    0x7DF0, 0x85F1, 0x85F2, 0x85F3, 0x85F4, 0x85F5, 0x85F6, 0x8DF7, 0x8DF8, 0x8DF8, 0x8DF9, 0x95FA, 0x9DFA, 0x9DFB, 0x9E1B, 0xA61C,
    0x8627, 0x8627, 0x8627, 0x8628, 0x8628, 0x8629, 0x8629, 0x862A, 0x862A, 0x862B, 0x862C, 0x862D, 0x862E, 0x862E, 0x862F, 0x8630,
    0x8631, 0x8E32, 0x8E33, 0x8E34, 0x8E35, 0x8E36, 0x8E36, 0x8E37, 0x9638, 0x9639, 0x9639, 0x9E3A, 0x9E3A, 0xA63B, 0xA63B, 0xAE5C,
    0x8669, 0x8669, 0x8669, 0x8669, 0x866A, 0x866A, 0x866B, 0x866B, 0x866C, 0x866D, 0x866D, 0x8E6E, 0x8E6F, 0x8E70, 0x8E70, 0x8E71,
    0x8E72, 0x8E73, 0x9674, 0x9675, 0x9675, 0x9676, 0x9677, 0x9678, 0x9E78, 0x9E79, 0x9E79, 0xA67A, 0xA67A, 0xA67B, 0xAE7B, 0xAE7C,
    0x8E8B, 0x8E8B, 0x8E8B, 0x8E8B, 0x8EAB, 0x8E8C, 0x8E8C, 0x8EAD, 0x8EAD, 0x8E8E, 0x8E8F, 0x8E8F, 0x9690, 0x9691, 0x9691, 0x9692,
    0x9693, 0x9694, 0x9E94, 0x9E95, 0x9E96, 0x9E96, 0x9E97, 0x9E98, 0x9E98, 0x9E99, 0xA699, 0xA69A, 0xAE9A, 0xAE9B, 0xAE9B, 0xB69C,
    0x96CD, 0x96CD, 0x96CD, 0x96CD, 0x96CD, 0x96CE, 0x96CE, 0x96CE, 0x96CF, 0x96CF, 0x96D0, 0x96D1, 0x96D1, 0x9ED2, 0x9EB3, 0x9ED3,
    0x9ED4, 0x9ED4, 0xA6B5, 0xA6B6, 0xA6B6, 0xA6B7, 0xA6B7, 0xA6D8, 0xA6B8, 0xA6B9, 0xAEBA, 0xAEBA, 0xAEBA, 0xB6BB, 0xB6BB, 0xB6DC,
    0x9EEF, 0x9EEF, 0x9EEF, 0x9EEF, 0x9EF0, 0x9EF0, 0x9EF0, 0x9EF0, 0x9EF1, 0x9EF1, 0x9EF2, 0xA6F2, 0xA6F3, 0xA6F3, 0xA6D4, 0xA6F4,
    0xA6F5, 0xA6F5, 0xAED6, 0xAED6, 0xAED7, 0xAED7, 0xAED8, 0xAED8, 0xAED9, 0xAED9, 0xAEDA, 0xB6DA, 0xB6DA, 0xB6FB, 0xB6FB, 0xBEFC,
    0xA711, 0xA711, 0xA711, 0xA711, 0xA711, 0xA712, 0xA712, 0xA712, 0xA712, 0xAF13, 0xAF13, 0xAF14, 0xAF14, 0xAF14, 0xAF15, 0xAF15,
    0xAEF6, 0xB6F6, 0xB6F6, 0xB6F7, 0xB6F7, 0xB6F8, 0xB6F8, 0xB6F9, 0xB6F9, 0xB6F9, 0xB71A, 0xB6FA, 0xB71B, 0xBF1B, 0xBF1B, 0xBF1C,
    0xAF33, 0xAF33, 0xAF33, 0xAF13, 0xAF14, 0xAF13, 0xB714, 0xB734, 0xB734, 0xB715, 0xB715, 0xB715, 0xB735, 0xB736, 0xB716, 0xB716,
    0xB716, 0xB717, 0xB717, 0xB717, 0xBF18, 0xBF18, 0xBF18, 0xBF19, 0xBF19, 0xBF1A, 0xBF1A, 0xBF1A, 0xBF1B, 0xBF1B, 0xBF1B, 0xC73C,
    0xBF55, 0xBF35, 0xBF35, 0xBF35, 0xBF36, 0xBF35, 0xBF36, 0xBF36, 0xBF36, 0xBF36, 0xBF36, 0xBF36, 0xBF37, 0xBF37, 0xBF37, 0xBF37,
    0xBF37, 0xBF38, 0xC738, 0xBF38, 0xBF38, 0xC739, 0xC739, 0xC739, 0xC73A, 0xC73A, 0xC73A, 0xC73B, 0xC73B, 0xC73B, 0xC73C, 0xC73C,
    0x4104, 0x4104, 0x4104, 0x48E4, 0x48E4, 0x48E4, 0x48C4, 0x48C4, 0x48C5, 0x48C6, 0x48C6, 0x48C6, 0x48C7, 0x48C8, 0x50C8, 0x50A9,
    0x50AA, 0x50AB, 0x588D, 0x584E, 0x602F, 0x6811, 0x6812, 0x7014, 0x7015, 0x7017, 0x7018, 0x7019, 0x701A, 0x701B, 0x701C, 0x701C,
    0x4103, 0x4104, 0x4904, 0x4904, 0x48E4, 0x48E4, 0x48E4, 0x48C4, 0x48C5, 0x48E5, 0x48C6, 0x48C7, 0x48C7, 0x48C8, 0x48C8, 0x50C9,
    0x50AA, 0x58AB, 0x588D, 0x606E, 0x602F, 0x6811, 0x6812, 0x7014, 0x7015, 0x7017, 0x7018, 0x7019, 0x701A, 0x701B, 0x701C, 0x701C,
    0x4103, 0x4903, 0x4904, 0x4904, 0x4904, 0x48E4, 0x48E4, 0x48E4, 0x48E5, 0x48E5, 0x48E6, 0x48E7, 0x48C7, 0x48C8, 0x48C8, 0x50C9,
    0x50CA, 0x58AB, 0x588D, 0x606E, 0x604F, 0x6811, 0x6812, 0x6814, 0x7016, 0x7017, 0x7018, 0x7019, 0x701A, 0x701B, 0x701C, 0x701C,
    0x4924, 0x4923, 0x4923, 0x4904, 0x4904, 0x4904, 0x48E4, 0x48E4, 0x48E5, 0x48E5, 0x48E6, 0x48E7, 0x48E7, 0x48E8, 0x50E9, 0x50C9,
    0x50CA, 0x58AB, 0x58AD, 0x608E, 0x604F, 0x6831, 0x6812, 0x6814, 0x7016, 0x7017, 0x7018, 0x7019, 0x701A, 0x701B, 0x701C, 0x701C,
    0x4924, 0x4923, 0x4924, 0x4924, 0x4904, 0x4904, 0x4904, 0x48E5, 0x48E5, 0x48E5, 0x48E6, 0x48E7, 0x48E7, 0x50E8, 0x50E9, 0x50EA,
    0x50EA, 0x58CC, 0x58AD, 0x608E, 0x6070, 0x6851, 0x6813, 0x7015, 0x7016, 0x7017, 0x7018, 0x7019, 0x701A, 0x701B, 0x701C, 0x701C,
    0x4943, 0x4943, 0x4924, 0x4924, 0x4924, 0x4924, 0x4904, 0x4905, 0x5105, 0x5105, 0x5106, 0x5107, 0x50E7, 0x5108, 0x50E9, 0x50EA,
    0x58EB, 0x58EC, 0x58CD, 0x60CE, 0x60B0, 0x6871, 0x6853, 0x6814, 0x7016, 0x7017, 0x7018, 0x7019, 0x701A, 0x701B, 0x705C, 0x707C,
    0x4963, 0x4943, 0x4944, 0x4944, 0x4944, 0x4944, 0x4944, 0x5125, 0x5125, 0x5125, 0x5126, 0x5127, 0x5107, 0x5108, 0x5109, 0x510A,
    0x590B, 0x590C, 0x60ED, 0x60EE, 0x60D0, 0x68B1, 0x6893, 0x6875, 0x7056, 0x7037, 0x7038, 0x7039, 0x705A, 0x707B, 0x709C, 0x70DC,
    0x4963, 0x4963, 0x4964, 0x4964, 0x4964, 0x4964, 0x5164, 0x5145, 0x5145, 0x5146, 0x5126, 0x5127, 0x5128, 0x5128, 0x5129, 0x592A,
    0x592B, 0x592C, 0x612D, 0x610E, 0x6110, 0x68F1, 0x68D3, 0x68B5, 0x70B6, 0x7097, 0x7098, 0x7099, 0x70BA, 0x70DB, 0x70FC, 0x711C,
    0x4983, 0x5183, 0x5183, 0x5184, 0x5184, 0x5184, 0x5184, 0x5185, 0x5165, 0x5166, 0x5146, 0x5147, 0x5968, 0x5968, 0x5949, 0x594A,
    0x594B, 0x594C, 0x614D, 0x614F, 0x6130, 0x6932, 0x6913, 0x7115, 0x70F6, 0x70F7, 0x70F9, 0x70F9, 0x711A, 0x713B, 0x715C, 0x717C,
    0x51C3, 0x51C3, 0x51C4, 0x51C4, 0x51C4, 0x51A4, 0x51A4, 0x51A5, 0x51A5, 0x5986, 0x5986, 0x5987, 0x5988, 0x5989, 0x5989, 0x598A,
    0x598B, 0x618C, 0x618E, 0x616F, 0x6971, 0x6952, 0x6953, 0x7155, 0x7156, 0x7157, 0x7158, 0x7159, 0x717A, 0x717B, 0x699C, 0x71BC,
    0x51E3, 0x51E3, 0x51E4, 0x51E4, 0x51E4, 0x51E4, 0x59E4, 0x59E5, 0x59E5, 0x59C6, 0x59C6, 0x59C7, 0x59C8, 0x59C9, 0x59CA, 0x59CA,
    0x61AC, 0x61AD, 0x61AE, 0x61AF, 0x69B1, 0x69B2, 0x6994, 0x7195, 0x7196, 0x7198, 0x7199, 0x71B9, 0x71BA, 0x71DB, 0x71DC, 0x71FC,
    0x5A03, 0x5A03, 0x5A04, 0x5A24, 0x5A24, 0x5A04, 0x5A04, 0x5A05, 0x5A25, 0x5A06, 0x5A07, 0x5A07, 0x59E8, 0x6209, 0x620A, 0x61EB,
    0x61EC, 0x61ED, 0x61EE, 0x69F0, 0x69F1, 0x69F2, 0x69F4, 0x69F5, 0x71F7, 0x71F8, 0x71F9, 0x71FA, 0x721A, 0x723B, 0x723C, 0x725C,
    0x5A43, 0x5A43, 0x5A44, 0x5A44, 0x5A44, 0x5A44, 0x5A45, 0x5A45, 0x5A66, 0x6246, 0x6247, 0x6247, 0x6248, 0x6249, 0x624A, 0x622B,
    0x622C, 0x622D, 0x6A2E, 0x6A30, 0x6A31, 0x6A33, 0x6A34, 0x6A35, 0x7237, 0x7238, 0x7239, 0x725A, 0x727A, 0x727B, 0x729C, 0x72BC,
    0x5A83, 0x5A84, 0x5A84, 0x5A84, 0x5A84, 0x6285, 0x5A85, 0x6285, 0x6286, 0x6286, 0x6287, 0x6288, 0x6288, 0x6289, 0x628A, 0x626B,
    0x626C, 0x6A8D, 0x6A8E, 0x6A90, 0x6A91, 0x6A93, 0x6A94, 0x6A95, 0x6A97, 0x6A98, 0x6A99, 0x6A9A, 0x6ABA, 0x6ABB, 0x72DC, 0x72DC,
    0x62C3, 0x62C4, 0x62C4, 0x62C4, 0x62C4, 0x62C4, 0x62C5, 0x62C5, 0x62C6, 0x62C7, 0x62C7, 0x62C8, 0x62C9, 0x62CA, 0x62CB, 0x62CC,
    0x6ACD, 0x6ACE, 0x6ACF, 0x6AD0, 0x6AD1, 0x6AD3, 0x6AD4, 0x6AD6, 0x6AD7, 0x6AD8, 0x6AD9, 0x72F9, 0x72FA, 0x731B, 0x731C, 0x733C,
    0x6303, 0x6304, 0x6304, 0x6304, 0x6304, 0x6304, 0x6B05, 0x6B06, 0x6B06, 0x6B07, 0x6B07, 0x6B08, 0x6B29, 0x6B2A, 0x6B2B, 0x6B2C,
    0x6B2D, 0x6B0E, 0x6B2F, 0x6B31, 0x6B32, 0x6B33, 0x6B35, 0x6B36, 0x6B37, 0x6B38, 0x7359, 0x735A, 0x735A, 0x737B, 0x737C, 0x739C,
    0x6B63, 0x6B64, 0x6B64, 0x6B64, 0x6B64, 0x6B65, 0x6B65, 0x6B66, 0x6B66, 0x6B67, 0x6B68, 0x6B68, 0x6B69, 0x6B6A, 0x6B6B, 0x6B6C,
    0x6B6D, 0x6B6E, 0x6B90, 0x6B91, 0x6B92, 0x6B93, 0x6B95, 0x6B96, 0x6B97, 0x7398, 0x73B9, 0x73BA, 0x73BA, 0x73DB, 0x7BDC, 0x7BFC,
    0x6BC4, 0x6BC4, 0x6BC4, 0x6BC4, 0x6BC4, 0x6BC5, 0x6BC5, 0x6BC6, 0x6BC6, 0x73C7, 0x73C8, 0x73C9, 0x73CA, 0x6BCA, 0x73CC, 0x73CC,
    0x6BCD, 0x73CF, 0x73F0, 0x73F1, 0x73F3, 0x73F4, 0x73F5, 0x73F6, 0x73F7, 0x73F8, 0x7419, 0x741A, 0x7C3A, 0x7C3B, 0x7C3B, 0x845C,
    0x7423, 0x7424, 0x7424, 0x7424, 0x7424, 0x7405, 0x7425, 0x7426, 0x7427, 0x7428, 0x7428, 0x7429, 0x742A, 0x742B, 0x742C, 0x742D,
    0x742E, 0x744F, 0x7450, 0x7452, 0x7453, 0x7454, 0x7455, 0x7456, 0x7C77, 0x7C78, 0x7C79, 0x7C7A, 0x849A, 0x849B, 0x849B, 0x84BC,
    0x7C83, 0x7C84, 0x7C84, 0x7C84, 0x7C84, 0x7C85, 0x7C85, 0x7C86, 0x7C87, 0x7C87, 0x7488, 0x7489, 0x748A, 0x748B, 0x74AC, 0x748D,
    0x748E, 0x74AF, 0x74B1, 0x74B2, 0x74B3, 0x74B4, 0x74B5, 0x7CB6, 0x7CB7, 0x7CB8, 0x7CD9, 0x84DA, 0x84DA, 0x84DB, 0x8CFB, 0x8CFC,
    0x7CE4, 0x7CE4, 0x7CE4, 0x7CE4, 0x7CE5, 0x7CE5, 0x7CE6, 0x7CE7, 0x7CE7, 0x7CE8, 0x7CE9, 0x7CEA, 0x7CEB, 0x7CEC, 0x7D0D, 0x7CEE,
    0x7CEF, 0x7D10, 0x7D11, 0x7D12, 0x7D13, 0x7D14, 0x7D16, 0x7D16, 0x7D17, 0x8518, 0x8519, 0x853A, 0x8D3A, 0x8D3B, 0x8D3B, 0x953C,
    0x8544, 0x8544, 0x8544, 0x8545, 0x8545, 0x8546, 0x8546, 0x8547, 0x8548, 0x7D48, 0x7D49, 0x7D4A, 0x7D4B, 0x7D4C, 0x7D4D, 0x7D4E,
    0x7D4F, 0x7D50, 0x7D71, 0x7D73, 0x7D54, 0x7D55, 0x8556, 0x8557, 0x8558, 0x8578, 0x8D79, 0x8D7A, 0x8D7A, 0x957B, 0x957B, 0x959C,
    0x8585, 0x85A5, 0x85A5, 0x85A5, 0x85A6, 0x85A6, 0x85A7, 0x85A8, 0x85A8, 0x85A9, 0x85AA, 0x85AB, 0x85AC, 0x85AD, 0x85AE, 0x85AF,
    0x85B0, 0x85B1, 0x85B2, 0x85B3, 0x85B4, 0x85B5, 0x85B6, 0x8DB7, 0x8DB8, 0x8DB8, 0x8DB9, 0x95BA, 0x95BA, 0x9DDB, 0x9DDB, 0x9DDC,
    0x85E6, 0x85E6, 0x85E6, 0x85E7, 0x85E7, 0x85E8, 0x85E8, 0x85E9, 0x85E9, 0x85EA, 0x85EB, 0x85EC, 0x85ED, 0x85EE, 0x85EF, 0x85F0,
    0x85F1, 0x8DF1, 0x8DF3, 0x8DF3, 0x8DF4, 0x8DF5, 0x8DF6, 0x8DF7, 0x95F8, 0x95F8, 0x95F9, 0x9DFA, 0x9DFA, 0xA61B, 0xA61B, 0xA61C,
    0x8E27, 0x8E28, 0x8E28, 0x8E28, 0x8E28, 0x8E29, 0x8E29, 0x8E2A, 0x8E2B, 0x8E2B, 0x8E2C, 0x8E2D, 0x8E2E, 0x8E2F, 0x8E30, 0x8E31,
    0x8E31, 0x8E32, 0x9633, 0x9634, 0x9635, 0x9636, 0x9636, 0x9637, 0x9E38, 0x9E39, 0x9E39, 0xA63A, 0xA63A, 0xA63B, 0xAE3B, 0xAE5C,
    0x8E69, 0x8E69, 0x8E69, 0x8E6A, 0x8E6A, 0x8E6A, 0x8E6B, 0x8E6B, 0x8E6C, 0x8E6D, 0x8E6D, 0x8E6E, 0x966F, 0x9670, 0x9671, 0x9671,
    0x9672, 0x9673, 0x9E74, 0x9E75, 0x9E75, 0x9E76, 0x9E77, 0x9E78, 0x9E78, 0xA679, 0xA679, 0xA67A, 0xAE7A, 0xAE7B, 0xAE7B, 0xB67C,
    0x968B, 0x968B, 0x968B, 0x968C, 0x96AC, 0x96AC, 0x96AD, 0x96AD, 0x96AD, 0x96AE, 0x968F, 0x968F, 0x9690, 0x9E91, 0x9E91, 0x9E92,
    0x9E93, 0x9E94, 0x9E94, 0x9E95, 0xA696, 0xA696, 0xA697, 0xA698, 0xA698, 0xA699, 0xA699, 0xAE9A, 0xAE9A, 0xAE9B, 0xB69B, 0xB69C,
    0x96CD, 0x96CD, 0x96CD, 0x96CD, 0x96CE, 0x9ECE, 0x9ECE, 0x9ECF, 0x9ECF, 0x9ED0, 0x9ED0, 0x9EB1, 0x9ED1, 0x9ED2, 0x9EB3, 0xA6D3,
    0xA6D4, 0xA6D4, 0xA6B5, 0xA6B6, 0xAEB6, 0xAEB7, 0xAEB7, 0xAED8, 0xAEB8, 0xAEB9, 0xAEBA, 0xAEBA, 0xB6BA, 0xB6BB, 0xB6BB, 0xB6DC,
    0x9EEF, 0x9EEF, 0x9EEF, 0x9EEF, 0xA6F0, 0xA6F0, 0xA6F0, 0xA6F1, 0xA6F1, 0xA6F1, 0xA6F2, 0xA6F2, 0xA6F3, 0xA6F3, 0xAED4, 0xAEF4,
    0xAEF5, 0xAEF5, 0xAED6, 0xAED6, 0xAEF7, 0xAEF7, 0xB6D8, 0xAED8, 0xB6D9, 0xB6D9, 0xB6DA, 0xB6DA, 0xB6DA, 0xB6DB, 0xBEFB, 0xBEFC,
    0xA711, 0xAF11, 0xAF11, 0xAF11, 0xAF12, 0xAF12, 0xAF12, 0xAF12, 0xAF13, 0xAF13, 0xAF13, 0xAF14, 0xAF14, 0xAF14, 0xAF15, 0xB715,
    0xB6F6, 0xB6F6, 0xB6F6, 0xB6F7, 0xB6F7, 0xB718, 0xB6F8, 0xB6F9, 0xB6F9, 0xB6F9, 0xB6FA, 0xBEFA, 0xBEFB, 0xBEFB, 0xBEFB, 0xC71C,
    0xB713, 0xB713, 0xB713, 0xB713, 0xB734, 0xB714, 0xB714, 0xB714, 0xB734, 0xB715, 0xB715, 0xB715, 0xB716, 0xB716, 0xB716, 0xB716,
    0xBF17, 0xBF17, 0xBF17, 0xBF18, 0xBF18, 0xBF18, 0xBF19, 0xBF19, 0xBF19, 0xBF1A, 0xBF1A, 0xBF1A, 0xBF1B, 0xBF1B, 0xC71B, 0xC73C,
    0xBF35, 0xBF35, 0xBF36, 0xBF36, 0xBF36, 0xBF36, 0xBF36, 0xBF36, 0xBF36, 0xBF36, 0xBF36, 0xBF37, 0xBF37, 0xBF37, 0xC737, 0xC737,
    0xBF37, 0xBF38, 0xC738, 0xC738, 0xC738, 0xC739, 0xC739, 0xC739, 0xC73A, 0xC73A, 0xC73A, 0xC73B, 0xC73B, 0xC73B, 0xC73C, 0xCF3C,
    0x4904, 0x4904, 0x4904, 0x50E4, 0x50E4, 0x50C4, 0x50C4, 0x50C5, 0x50C5, 0x50C6, 0x50C6, 0x50C7, 0x50C7, 0x50C8, 0x50C9, 0x58A9,
    0x58AA, 0x588B, 0x606D, 0x602E, 0x680F, 0x6811, 0x7012, 0x7014, 0x7815, 0x7817, 0x7818, 0x7819, 0x781A, 0x781B, 0x781C, 0x781C,
    0x4903, 0x4904, 0x5104, 0x5104, 0x50E4, 0x50E4, 0x50C4, 0x50C4, 0x50C5, 0x50C6, 0x50C6, 0x50C7, 0x50C7, 0x50C8, 0x50C9, 0x58A9,
    0x58AA, 0x608B, 0x606D, 0x604E, 0x680F, 0x7011, 0x7012, 0x7814, 0x7816, 0x7817, 0x7818, 0x7819, 0x781A, 0x781B, 0x781C, 0x781C,
    0x4903, 0x5103, 0x5103, 0x5104, 0x5104, 0x50E4, 0x50E4, 0x50C4, 0x50C5, 0x50C6, 0x50C6, 0x50C7, 0x50C7, 0x50C8, 0x50C9, 0x58C9,
    0x58AA, 0x58AB, 0x608D, 0x604E, 0x682F, 0x7011, 0x7013, 0x7014, 0x7816, 0x7817, 0x7818, 0x7819, 0x781A, 0x781B, 0x781C, 0x781C,
    0x4924, 0x5123, 0x5123, 0x5104, 0x5104, 0x5104, 0x50E4, 0x50E4, 0x50E5, 0x50E6, 0x50E6, 0x50E7, 0x50E7, 0x50E8, 0x58C9, 0x58C9,
    0x58CA, 0x58AC, 0x608D, 0x686E, 0x6850, 0x7011, 0x7013, 0x7014, 0x7816, 0x7817, 0x7818, 0x7819, 0x781A, 0x781B, 0x781C, 0x781C,
    0x4923, 0x5124, 0x5124, 0x5124, 0x5104, 0x5104, 0x5104, 0x50E5, 0x50E5, 0x50E5, 0x50E6, 0x58E7, 0x58E7, 0x58E8, 0x58E9, 0x58E9,
    0x58CB, 0x60CC, 0x60AD, 0x688E, 0x6850, 0x7031, 0x7013, 0x7815, 0x7816, 0x7817, 0x7818, 0x7819, 0x781A, 0x781B, 0x781C, 0x781C,
    0x5143, 0x5143, 0x5143, 0x5124, 0x5124, 0x5124, 0x5124, 0x5105, 0x5905, 0x5905, 0x5906, 0x58E7, 0x58E8, 0x5908, 0x58E9, 0x58EA,
    0x60EB, 0x60CC, 0x60CD, 0x68AF, 0x6890, 0x7071, 0x7033, 0x7015, 0x7816, 0x7817, 0x7819, 0x7819, 0x781A, 0x781B, 0x785C, 0x789C,
    0x5163, 0x5163, 0x5164, 0x5144, 0x5144, 0x5144, 0x5144, 0x5925, 0x5925, 0x5905, 0x5906, 0x5907, 0x5908, 0x5908, 0x5909, 0x590A,
    0x610B, 0x60EC, 0x60ED, 0x68CF, 0x68D0, 0x70B1, 0x7093, 0x7055, 0x7836, 0x7837, 0x7838, 0x7839, 0x785A, 0x787B, 0x789C, 0x78DC,
    0x5183, 0x5183, 0x5184, 0x5184, 0x5164, 0x5164, 0x5964, 0x5965, 0x5945, 0x5926, 0x5926, 0x5927, 0x5928, 0x5928, 0x5929, 0x592A,
    0x612B, 0x612C, 0x692D, 0x690F, 0x68F0, 0x70F2, 0x70D3, 0x70B5, 0x7896, 0x7897, 0x7878, 0x7899, 0x78BA, 0x78DB, 0x78FC, 0x791C,
    0x51A3, 0x59A3, 0x59A3, 0x59A4, 0x5984, 0x5984, 0x5984, 0x5985, 0x5985, 0x5966, 0x5966, 0x5947, 0x6168, 0x6169, 0x6149, 0x614A,
    0x614B, 0x614C, 0x694D, 0x692F, 0x6930, 0x7132, 0x7113, 0x7915, 0x78F6, 0x78F7, 0x78F9, 0x78FA, 0x791A, 0x793B, 0x795C, 0x797C,
    0x59C3, 0x59C3, 0x59C4, 0x59C4, 0x59C4, 0x59C4, 0x59C4, 0x59C5, 0x59A5, 0x6186, 0x6187, 0x6187, 0x6188, 0x6189, 0x6189, 0x618A,
    0x618B, 0x698D, 0x696E, 0x696F, 0x7171, 0x7172, 0x7153, 0x7955, 0x7956, 0x7958, 0x7959, 0x795A, 0x797A, 0x797B, 0x799C, 0x79BC,
    0x59E3, 0x59E3, 0x5A03, 0x5A04, 0x5A04, 0x59E4, 0x61E4, 0x61E5, 0x61E5, 0x61E6, 0x61C7, 0x61C7, 0x61A8, 0x61C9, 0x61CA, 0x61CB,
    0x61CC, 0x69CD, 0x69AE, 0x69AF, 0x69B1, 0x71B2, 0x7194, 0x7995, 0x7996, 0x7998, 0x7999, 0x79BA, 0x79BA, 0x79DB, 0x79FC, 0x7A1C,
    0x5A23, 0x5A23, 0x5A23, 0x6224, 0x6224, 0x6224, 0x6224, 0x6225, 0x6225, 0x6226, 0x6207, 0x6207, 0x61E8, 0x6A09, 0x6A0A, 0x6A0B,
    0x69EC, 0x69ED, 0x69EE, 0x71F0, 0x71F1, 0x71F2, 0x71F4, 0x79F5, 0x79F7, 0x79F8, 0x79F9, 0x7A1A, 0x7A1A, 0x7A3B, 0x7A5C, 0x7A7C,
    0x6263, 0x6263, 0x6264, 0x6264, 0x6264, 0x6264, 0x6265, 0x6265, 0x6266, 0x6A66, 0x6A47, 0x6A48, 0x6A48, 0x6A49, 0x6A4A, 0x6A4B,
    0x6A2C, 0x6A4D, 0x724F, 0x7250, 0x7231, 0x7233, 0x7234, 0x7A36, 0x7A37, 0x7A58, 0x7A59, 0x7A5A, 0x7A7A, 0x7A9B, 0x7A9C, 0x7ABC,
    0x6283, 0x62A3, 0x62A4, 0x62A4, 0x6284, 0x6A84, 0x62A5, 0x6AA5, 0x6A86, 0x6A86, 0x6A87, 0x6A88, 0x6A88, 0x6A89, 0x6A8A, 0x6A8B,
    0x6A8C, 0x728E, 0x728F, 0x7290, 0x7291, 0x7293, 0x7294, 0x7A96, 0x7A97, 0x7A98, 0x7A99, 0x7ABA, 0x7ABA, 0x7ADB, 0x7ADC, 0x7AFC,
    0x6AC3, 0x6AC4, 0x6AC4, 0x6AC4, 0x6AC4, 0x6AC4, 0x6AC5, 0x6AC5, 0x6AC6, 0x6AC7, 0x6AE7, 0x6AE8, 0x6AE9, 0x6ACA, 0x6ACB, 0x72CC,
    0x72CD, 0x72CE, 0x72CF, 0x72D0, 0x72D2, 0x72D3, 0x7AD4, 0x7AD6, 0x7AF7, 0x7AF8, 0x7AF9, 0x7AFA, 0x7B1A, 0x7B1B, 0x7B3C, 0x7B5C,
    0x6B03, 0x6B24, 0x6B24, 0x6B04, 0x6B24, 0x6B05, 0x6B25, 0x7326, 0x7326, 0x7327, 0x7327, 0x7328, 0x7329, 0x732A, 0x732B, 0x732C,
    0x732D, 0x732E, 0x732F, 0x7331, 0x7B32, 0x7B33, 0x7B35, 0x7B36, 0x7B37, 0x7B58, 0x7B59, 0x7B5A, 0x7B7A, 0x7B7B, 0x7B9C, 0x7BBC,
    0x7364, 0x7364, 0x7364, 0x7364, 0x7364, 0x7365, 0x7365, 0x7366, 0x7366, 0x7367, 0x7368, 0x7368, 0x7369, 0x738A, 0x738B, 0x738C,
    0x736D, 0x736F, 0x7B90, 0x7B91, 0x7B92, 0x7B93, 0x7B95, 0x7B96, 0x7B97, 0x7BB8, 0x7BB9, 0x7BBA, 0x7BDA, 0x83DB, 0x83FB, 0x83FC,
    0x7BC4, 0x73C4, 0x73C4, 0x73C4, 0x73C4, 0x73C5, 0x73C5, 0x73C6, 0x73C6, 0x7BC7, 0x7BC8, 0x7BC9, 0x7BCA, 0x7BEB, 0x7BEC, 0x7BEC,
    0x7BEE, 0x7BCF, 0x7BF0, 0x7BF1, 0x7BF3, 0x7BF4, 0x7BF5, 0x7C16, 0x7C17, 0x7C18, 0x8419, 0x841A, 0x843A, 0x845B, 0x845B, 0x8C5C,
    0x7C23, 0x7C24, 0x7C24, 0x7C24, 0x7C24, 0x7C25, 0x7C25, 0x7C26, 0x7C27, 0x7C28, 0x7C28, 0x7C29, 0x7C2A, 0x7C4B, 0x7C4C, 0x7C4D,
    0x7C4E, 0x7C4F, 0x7C51, 0x7C52, 0x7C53, 0x7C54, 0x7C75, 0x8476, 0x8478, 0x8478, 0x8479, 0x849A, 0x8C9A, 0x8C9B, 0x8CBC, 0x8CBC,
    0x8483, 0x8484, 0x8484, 0x8484, 0x8484, 0x8485, 0x8486, 0x8486, 0x8487, 0x84A8, 0x7C88, 0x8489, 0x84AA, 0x84AB, 0x84AC, 0x84AD,
    0x84AE, 0x84B0, 0x84B1, 0x84B2, 0x84B3, 0x7CB4, 0x84B5, 0x84B6, 0x84D7, 0x84D8, 0x84D9, 0x8CDA, 0x8CFA, 0x8CFB, 0x8CFB, 0x94FC,
    0x84E4, 0x84E4, 0x84E4, 0x84E4, 0x84E5, 0x84E5, 0x84E6, 0x84E7, 0x84E7, 0x8508, 0x8509, 0x850A, 0x850B, 0x850C, 0x850D, 0x850E,
    0x850F, 0x8510, 0x8511, 0x8512, 0x8513, 0x8514, 0x8515, 0x8516, 0x8D17, 0x8D18, 0x8D19, 0x8D3A, 0x953A, 0x953B, 0x953B, 0x955C,
    0x8D44, 0x8D44, 0x8D45, 0x8D45, 0x8D45, 0x8D46, 0x8D47, 0x8D47, 0x8D48, 0x8D48, 0x8D49, 0x8D4A, 0x8D4B, 0x8D4C, 0x8D4D, 0x854E,
    0x854F, 0x8550, 0x8571, 0x8573, 0x8D74, 0x8D75, 0x8D76, 0x8D57, 0x8D78, 0x8D78, 0x9579, 0x957A, 0x957A, 0x9D7B, 0x9D9C, 0x9D9C,
    0x8DA5, 0x8DA5, 0x8DA5, 0x8DA6, 0x8DA6, 0x8DA7, 0x8DA7, 0x8DA8, 0x8DA8, 0x8DA9, 0x8DAA, 0x8DAB, 0x8DAC, 0x8DAD, 0x8DAE, 0x8DAF,
    0x8DB0, 0x8DB1, 0x8DB2, 0x8DB3, 0x8DB4, 0x8DB5, 0x8DB6, 0x95B7, 0x95B8, 0x95B8, 0x9DB9, 0x9DBA, 0x9DBA, 0x9DDB, 0xA5DB, 0xA5DC,
    0x8DE6, 0x8DE6, 0x8DE6, 0x8DE7, 0x8DE7, 0x8DE8, 0x8DE8, 0x8DE9, 0x8DEA, 0x8DEA, 0x8DEB, 0x8DEC, 0x8DED, 0x8DEE, 0x8DEF, 0x8DF0,
    0x8DF1, 0x95F1, 0x95F3, 0x95F4, 0x95F5, 0x95F5, 0x95F6, 0x95F7, 0x9DF8, 0x9DF8, 0x9DF9, 0x9DFA, 0xA61A, 0xA61B, 0xA61B, 0xAE1C,
    0x8E28, 0x8E28, 0x9628, 0x9628, 0x9629, 0x9629, 0x9629, 0x962A, 0x962B, 0x962C, 0x962C, 0x962D, 0x962E, 0x962F, 0x9630, 0x9631,
    0x9631, 0x9632, 0x9E33, 0x9E34, 0x9E35, 0x9E36, 0x9E36, 0x9E37, 0x9E38, 0xA639, 0xA639, 0xA63A, 0xAE3A, 0xAE5B, 0xAE5B, 0xAE5C,
    0x9669, 0x9669, 0x966A, 0x966A, 0x966A, 0x966B, 0x966B, 0x966C, 0x966C, 0x966D, 0x966E, 0x966E, 0x9E6F, 0x9E70, 0x9E71, 0x9E71,
    0x9E72, 0x9E73, 0x9E74, 0x9E75, 0xA675, 0xA676, 0xA677, 0xA678, 0xA678, 0xA679, 0xA67A, 0xAE7A, 0xAE7A, 0xAE7B, 0xB67B, 0xB67C,
    0x968B, 0x96AB, 0x96AB, 0x96AC, 0x96AC, 0x96AC, 0x96AD, 0x9EAD, 0x9EAE, 0x9EAE, 0x9E8F, 0x9E90, 0x9E90, 0x9E91, 0x9E92, 0x9E92,
    0xA693, 0xA694, 0xA695, 0xA695, 0xA696, 0xA696, 0xA697, 0xAE98, 0xAE98, 0xAE99, 0xAE9A, 0xAE9A, 0xB69A, 0xB69B, 0xB69B, 0xB69C,
    0x9ECD, 0x9ECD, 0x9ECD, 0x9ECE, 0x9ECE, 0x9ECE, 0x9ECF, 0x9ECF, 0xA6CF, 0xA6D0, 0xA6D0, 0xA6B1, 0xA6D1, 0xA6D2, 0xA6D3, 0xA6B3,
    0xA6B4, 0xAEB5, 0xAEB5, 0xAEB6, 0xAEB6, 0xAEB7, 0xAEB7, 0xAEB8, 0xAEB8, 0xB6B9, 0xB6BA, 0xB6BA, 0xB6BA, 0xB6BB, 0xBEDB, 0xBEDC,
    0xA6EF, 0xA6EF, 0xA6EF, 0xA6F0, 0xA6F0, 0xA6F0, 0xA6F1, 0xA6F1, 0xA6F1, 0xAEF2, 0xAEF2, 0xAEF2, 0xAEF3, 0xAEF3, 0xAEF4, 0xAED4,
    0xAEF5, 0xAED5, 0xB6D6, 0xB6D6, 0xB6F7, 0xB6F7, 0xB6D8, 0xB6F8, 0xB6F9, 0xB6D9, 0xB6DA, 0xB6DA, 0xBEDA, 0xBEDB, 0xBEDB, 0xBEFC,
    0xAF11, 0xAF11, 0xAF11, 0xAF12, 0xAF12, 0xAF12, 0xAF12, 0xAF13, 0xAF13, 0xAEF3, 0xB714, 0xB714, 0xB714, 0xB715, 0xB6F5, 0xB6F6,
    0xB6F6, 0xB6F6, 0xB6F7, 0xB6F7, 0xB717, 0xBF18, 0xBEF8, 0xBF19, 0xBF19, 0xBEF9, 0xBEFA, 0xBEFA, 0xBEFB, 0xBEFB, 0xC6FB, 0xC71C,
    0xB733, 0xB714, 0xB714, 0xB714, 0xB714, 0xB734, 0xB714, 0xB714, 0xB715, 0xB715, 0xB715, 0xB715, 0xB716, 0xBF16, 0xBF16, 0xBF16,
    0xBF17, 0xBF17, 0xBF17, 0xBF18, 0xBF18, 0xBF18, 0xBF19, 0xBF19, 0xBF19, 0xBF1A, 0xBF1A, 0xC71A, 0xC71B, 0xC71B, 0xC71B, 0xC73C,
    0xBF35, 0xBF35, 0xBF36, 0xBF36, 0xC736, 0xBF36, 0xBF36, 0xBF36, 0xC736, 0xC736, 0xBF36, 0xC737, 0xC737, 0xC737, 0xC737, 0xC737,
    0xC738, 0xC738, 0xC738, 0xC738, 0xC738, 0xC739, 0xC739, 0xC739, 0xC73A, 0xC73A, 0xC73A, 0xC73A, 0xC73B, 0xC73B, 0xC73B, 0xCF3C,
    0x5103, 0x5103, 0x5103, 0x5904, 0x58E4, 0x58E4, 0x58C4, 0x58A5, 0x58A5, 0x58A6, 0x58A6, 0x58A7, 0x58A7, 0x58A8, 0x58A9, 0x60AA,
    0x608A, 0x606B, 0x684D, 0x682E, 0x700F, 0x7011, 0x7812, 0x7814, 0x8016, 0x8017, 0x8818, 0x8019, 0x801A, 0x801B, 0x801C, 0x801C,
    0x5104, 0x5904, 0x5904, 0x5904, 0x58E4, 0x58E4, 0x58C4, 0x58C4, 0x58C5, 0x58C6, 0x58A6, 0x58A7, 0x58A8, 0x60A8, 0x60A9, 0x60AA,
    0x60AB, 0x608C, 0x686D, 0x682E, 0x7010, 0x7011, 0x7813, 0x7814, 0x8016, 0x8017, 0x8018, 0x8019, 0x801A, 0x801B, 0x801C, 0x801C,
    0x5123, 0x5903, 0x5904, 0x5904, 0x5904, 0x58E4, 0x58E4, 0x58C4, 0x58C5, 0x58C6, 0x58C6, 0x58C7, 0x58C8, 0x60C8, 0x60A9, 0x60AA,
    0x60AB, 0x608C, 0x686D, 0x684E, 0x7010, 0x7011, 0x7813, 0x7814, 0x8016, 0x8017, 0x8018, 0x8019, 0x801A, 0x801B, 0x801C, 0x801C,
    0x5923, 0x5923, 0x5924, 0x5924, 0x5904, 0x5904, 0x58E4, 0x58E5, 0x58C5, 0x58C6, 0x58C6, 0x58C7, 0x58C8, 0x60C8, 0x60C9, 0x60CA,
    0x60CB, 0x60AC, 0x688D, 0x684E, 0x7030, 0x7011, 0x7813, 0x8014, 0x8016, 0x8017, 0x8018, 0x8019, 0x801A, 0x801B, 0x801C, 0x801C,
    0x5943, 0x5924, 0x5924, 0x5924, 0x5924, 0x5924, 0x5904, 0x58E5, 0x58E5, 0x58E6, 0x58C6, 0x60E7, 0x60E8, 0x60E8, 0x60E9, 0x60CA,
    0x60CB, 0x60AC, 0x68AD, 0x706E, 0x7050, 0x7811, 0x7813, 0x8015, 0x8016, 0x8017, 0x8018, 0x801A, 0x801A, 0x801B, 0x801C, 0x803C,
    0x5943, 0x5943, 0x5944, 0x5943, 0x5924, 0x5924, 0x5924, 0x6105, 0x60E5, 0x60E6, 0x60E6, 0x60E7, 0x60E8, 0x60E8, 0x60E9, 0x60EA,
    0x60EB, 0x68CC, 0x68CD, 0x70AF, 0x7070, 0x7852, 0x7813, 0x8015, 0x8016, 0x8017, 0x8019, 0x801A, 0x801A, 0x803B, 0x807C, 0x809C,
    0x5963, 0x5963, 0x5964, 0x5964, 0x5964, 0x5964, 0x5944, 0x6125, 0x6125, 0x6105, 0x6106, 0x6107, 0x6108, 0x6108, 0x6109, 0x610A,
    0x690B, 0x68EC, 0x68ED, 0x70CF, 0x70B0, 0x7891, 0x7873, 0x8055, 0x8036, 0x8017, 0x8018, 0x8039, 0x803A, 0x807B, 0x80BC, 0x80FC,
    0x5983, 0x5983, 0x5984, 0x5984, 0x6184, 0x6184, 0x6164, 0x6165, 0x6145, 0x6126, 0x6126, 0x6127, 0x6128, 0x6929, 0x6929, 0x692A,
    0x692B, 0x692C, 0x690D, 0x710F, 0x70F0, 0x78D2, 0x78B3, 0x8095, 0x8096, 0x8077, 0x8078, 0x809A, 0x80BA, 0x80DB, 0x80FC, 0x813C,
    0x61A3, 0x61A3, 0x61A4, 0x61A4, 0x61A4, 0x61A4, 0x61A4, 0x6185, 0x6185, 0x6166, 0x6166, 0x6967, 0x6948, 0x6969, 0x694A, 0x694A,
    0x694B, 0x694D, 0x714E, 0x712F, 0x7930, 0x7912, 0x7913, 0x80F5, 0x80F6, 0x80F7, 0x80F9, 0x80FA, 0x811A, 0x813B, 0x815C, 0x817C,
    0x61E3, 0x61E3, 0x61E3, 0x61E4, 0x61E4, 0x61C4, 0x61C4, 0x61C5, 0x69A5, 0x69A6, 0x6986, 0x6987, 0x6988, 0x6989, 0x698A, 0x698B,
    0x698C, 0x718D, 0x716E, 0x716F, 0x7971, 0x7972, 0x7953, 0x8155, 0x8156, 0x8157, 0x8159, 0x815A, 0x817A, 0x819B, 0x81BC, 0x81DC,
    0x6203, 0x6203, 0x6203, 0x6204, 0x6204, 0x6204, 0x6A04, 0x69E5, 0x69E5, 0x69E6, 0x69E7, 0x69C7, 0x69C8, 0x69A9, 0x69CA, 0x69CB,
    0x69CC, 0x71AD, 0x71AE, 0x71B0, 0x79B1, 0x79B2, 0x7994, 0x8195, 0x8196, 0x8198, 0x81B9, 0x81BA, 0x81DA, 0x81DB, 0x81FC, 0x821C,
    0x6A43, 0x6A43, 0x6A43, 0x6A44, 0x6A44, 0x6A44, 0x6A24, 0x6A25, 0x6A25, 0x6A26, 0x6A27, 0x6A08, 0x7208, 0x71E9, 0x720A, 0x720B,
    0x720C, 0x720D, 0x71EE, 0x79F0, 0x79F1, 0x79F3, 0x81F4, 0x81F6, 0x81F7, 0x81F8, 0x81F9, 0x821A, 0x821A, 0x823B, 0x825C, 0x827C,
    0x6A63, 0x6A83, 0x6A63, 0x6A64, 0x6A64, 0x6A64, 0x6A64, 0x6A65, 0x6A66, 0x6A66, 0x7267, 0x7268, 0x7248, 0x7249, 0x724A, 0x724B,
    0x724C, 0x724D, 0x7A4F, 0x7A50, 0x7A31, 0x8233, 0x8234, 0x8256, 0x8257, 0x8258, 0x8259, 0x825A, 0x827A, 0x829B, 0x82BC, 0x82BC,
    0x6AA3, 0x6AA3, 0x6AA3, 0x6AA4, 0x6AA4, 0x72A4, 0x72A5, 0x72A5, 0x72A5, 0x72A6, 0x72A7, 0x72A8, 0x72A8, 0x728A, 0x728A, 0x728C,
    0x7A8D, 0x7A8E, 0x7A8F, 0x7A90, 0x7A91, 0x8293, 0x8294, 0x8296, 0x8297, 0x8298, 0x8299, 0x82BA, 0x82BA, 0x82DB, 0x82FC, 0x82FC,
    0x72E4, 0x72E4, 0x72E4, 0x72E4, 0x72E4, 0x72E4, 0x72E5, 0x72E5, 0x72E6, 0x72E7, 0x72E7, 0x72E8, 0x72E9, 0x72EA, 0x7ACB, 0x7ACC,
    0x7ACD, 0x7ACE, 0x7ACF, 0x7AD0, 0x7AD2, 0x82D3, 0x82D5, 0x82D6, 0x82F7, 0x82F8, 0x82F9, 0x831A, 0x831A, 0x833B, 0x835B, 0x835C,
    0x7324, 0x7324, 0x7324, 0x7324, 0x7324, 0x7325, 0x7325, 0x7326, 0x7B26, 0x7B27, 0x7B48, 0x7B28, 0x7B29, 0x7B4A, 0x7B2B, 0x7B2C,
    0x7B2D, 0x7B2E, 0x8330, 0x8331, 0x8332, 0x8333, 0x8335, 0x8336, 0x8357, 0x8358, 0x8359, 0x837A, 0x837A, 0x839B, 0x83BB, 0x83BC,
    0x7B63, 0x7B64, 0x7B64, 0x7B84, 0x7B84, 0x7B85, 0x7B85, 0x7B86, 0x7B86, 0x7B87, 0x7B88, 0x7B88, 0x7B89, 0x7B8A, 0x7B8B, 0x838C,
    0x838D, 0x838F, 0x8390, 0x8391, 0x8392, 0x8394, 0x8395, 0x8396, 0x83B7, 0x83B8, 0x8BB9, 0x8BBA, 0x8BDA, 0x8BFB, 0x8BFB, 0x8C1C,
    0x7BC3, 0x7BC4, 0x83C4, 0x83C4, 0x7BC5, 0x7BC5, 0x83C5, 0x83C6, 0x83C7, 0x83E7, 0x83C8, 0x83C9, 0x83EA, 0x83EB, 0x83EC, 0x83ED,
    0x83EE, 0x83EF, 0x83F0, 0x83F1, 0x83F3, 0x83F4, 0x8BF5, 0x8C16, 0x8C17, 0x8C18, 0x8C19, 0x8C3A, 0x8C3A, 0x8C5B, 0x8C5B, 0x8C7C,
    0x8423, 0x8424, 0x8424, 0x8424, 0x8444, 0x8425, 0x8425, 0x8446, 0x8447, 0x8448, 0x8428, 0x8429, 0x844A, 0x8C4B, 0x8C4C, 0x8C4D,
    0x844E, 0x8C4F, 0x8C71, 0x8C72, 0x8C73, 0x8C54, 0x8C55, 0x8C76, 0x8C77, 0x8C98, 0x8C99, 0x8C9A, 0x949A, 0x94BB, 0x94BC, 0x94DC,
    0x8C83, 0x8C84, 0x8C84, 0x8C84, 0x8C85, 0x8C85, 0x8C86, 0x8C86, 0x8CA7, 0x8CA8, 0x8CA8, 0x8CA9, 0x8CAA, 0x8CAB, 0x8CAC, 0x8CAD,
    0x8CAF, 0x8CB0, 0x8CB1, 0x8CB2, 0x8CB3, 0x8CB4, 0x8CB5, 0x8CD6, 0x8CD7, 0x8CD8, 0x8CD9, 0x94DA, 0x94FA, 0x94FB, 0x94FB, 0x94FC,
    0x8D04, 0x8D04, 0x8CE4, 0x8CE4, 0x8CE5, 0x8D05, 0x8D06, 0x8D07, 0x8D07, 0x8D08, 0x8D09, 0x8D0A, 0x8D0B, 0x8D0C, 0x8D0D, 0x8D0E,
    0x8D0F, 0x8D10, 0x8D11, 0x8D12, 0x8D13, 0x8D14, 0x8D15, 0x9517, 0x9518, 0x9538, 0x9539, 0x953A, 0x9D3A, 0x9D5B, 0x9D5B, 0x9D5C,
    0x9544, 0x8D44, 0x9545, 0x9545, 0x9546, 0x9546, 0x9547, 0x8D47, 0x8D48, 0x9549, 0x954A, 0x954B, 0x954B, 0x8D4C, 0x8D6D, 0x954E,
    0x8D4F, 0x8D71, 0x8D71, 0x8D73, 0x9574, 0x9575, 0x9576, 0x9577, 0x9578, 0x9D78, 0x9D79, 0x9D7A, 0x9D7A, 0xA59B, 0xA59B, 0xA59C,
    0x95A5, 0x95A5, 0x95A5, 0x95A6, 0x95A6, 0x95A7, 0x95A7, 0x95A8, 0x95A9, 0x95A9, 0x95AA, 0x95AB, 0x95AC, 0x95AD, 0x95AE, 0x95AF,
    0x95B0, 0x95B1, 0x95B2, 0x95B3, 0x95B4, 0x95B5, 0x95B6, 0x9DD7, 0x9DB8, 0x9DB8, 0x9DB9, 0xA5DA, 0xA5DA, 0xA5DB, 0xA5DB, 0xA5DC,
    0x95E6, 0x95E6, 0x95E7, 0x95E7, 0x95E8, 0x95E8, 0x95E8, 0x95E9, 0x95EA, 0x95EA, 0x95EB, 0x95EC, 0x95ED, 0x95EE, 0x95EF, 0x95F0,
    0x95F1, 0x9DF2, 0x9DF3, 0x9DF4, 0x9DF5, 0x9DF5, 0x9DF6, 0x9E17, 0xA618, 0xA5F9, 0xA5F9, 0xA61A, 0xAE1A, 0xAE1B, 0xAE1B, 0xAE1C,
    0x9628, 0x9E28, 0x9E28, 0x9E28, 0x9E29, 0x9629, 0x9E2A, 0x9E2A, 0x9E2B, 0x9E2C, 0x9E2D, 0x9E2D, 0x9E2E, 0x9E2F, 0x9E30, 0x9E31,
    0x9E32, 0x9E33, 0xA634, 0xA634, 0xA635, 0xA636, 0xA637, 0xA637, 0xA638, 0xA639, 0xAE39, 0xAE3A, 0xAE3A, 0xAE3B, 0xB63B, 0xB65C,
    0x9E6A, 0x9E6A, 0x9E6A, 0x9E6A, 0x9E6B, 0x9E6B, 0x9E6B, 0x9E6C, 0x9E6D, 0x9E6D, 0x9E6E, 0x9E6F, 0x9E6F, 0xA670, 0x9E71, 0xA672,
    0xA672, 0xA673, 0xA674, 0xA675, 0xA675, 0xA676, 0xAE77, 0xAE78, 0xAE78, 0xAE79, 0xAE79, 0xAE7A, 0xB67A, 0xB67B, 0xB67B, 0xB67C,
    0x9EAB, 0x9EAB, 0x9EAC, 0x9EAC, 0x9EAC, 0x9EAD, 0x9E8D, 0x9E8D, 0xA6AE, 0xA68F, 0xA6AF, 0xA690, 0xA691, 0xA691, 0xA692, 0xA693,
    0xA693, 0xA694, 0xAE94, 0xAE95, 0xAE96, 0xAE96, 0xAE97, 0xAE98, 0xAE98, 0xAE99, 0xAE9A, 0xB69A, 0xB69A, 0xB69B, 0xB69B, 0xBE9C,
    0xA6CD, 0xA6CD, 0xA6CE, 0xA6CE, 0xA6CE, 0xA6CF, 0xA6CF, 0xA6CF, 0xA6D0, 0xA6D0, 0xAED1, 0xAEB1, 0xA6B2, 0xAED2, 0xAED3, 0xAEB4,
    0xAEB4, 0xAEB5, 0xAEB5, 0xAEB6, 0xB6B6, 0xB6D7, 0xB6B8, 0xB6B8, 0xB6B8, 0xB6B9, 0xB6BA, 0xB6DA, 0xB6BA, 0xBEBB, 0xBEBB, 0xBEBC,
    0xAEEF, 0xAEF0, 0xAEF0, 0xAEF0, 0xAEF0, 0xAEF0, 0xAEF1, 0xAEF1, 0xAEF1, 0xAEF2, 0xAEF2, 0xAEF3, 0xAEF3, 0xAEF4, 0xB6D4, 0xB6F5,
    0xB6F5, 0xB6D6, 0xB6F6, 0xB6D6, 0xB6D7, 0xB6F7, 0xB6D8, 0xB6D8, 0xB6D9, 0xBEF9, 0xBEDA, 0xBEDA, 0xBEDA, 0xBEDB, 0xBEFB, 0xC6FC,
    0xAF12, 0xB712, 0xB712, 0xB712, 0xB712, 0xB6F2, 0xB712, 0xB713, 0xB713, 0xB713, 0xB714, 0xB714, 0xB715, 0xB715, 0xB6F5, 0xB716,
    0xB716, 0xBEF6, 0xBEF7, 0xBEF7, 0xBEF8, 0xBEF8, 0xBEF8, 0xBEF9, 0xBEF9, 0xBEFA, 0xBEFA, 0xBEFA, 0xBEFB, 0xC6FB, 0xC71B, 0xC71C,
    0xBF14, 0xBF14, 0xBF14, 0xBF14, 0xBF34, 0xBF14, 0xBF14, 0xBF15, 0xBF15, 0xBF15, 0xBF15, 0xBF15, 0xBF16, 0xBF36, 0xBF16, 0xBF17,
    0xBF17, 0xBF17, 0xBF17, 0xBF18, 0xC718, 0xC718, 0xC719, 0xC719, 0xC719, 0xC71A, 0xC71A, 0xC71A, 0xC71B, 0xC71B, 0xC71B, 0xCF3C,
    0xC736, 0xC736, 0xC736, 0xC736, 0xC736, 0xC736, 0xC736, 0xC736, 0xC736, 0xC736, 0xC737, 0xC737, 0xC737, 0xC737, 0xC737, 0xC737,
    0xC738, 0xC738, 0xC738, 0xC739, 0xC739, 0xC739, 0xC739, 0xC739, 0xC73A, 0xC73A, 0xC73A, 0xC73A, 0xCF3B, 0xCF3B, 0xCF3B, 0xCF3C,
    0x5903, 0x5903, 0x6103, 0x60E4, 0x60E4, 0x60C4, 0x60A4, 0x60A5, 0x60A5, 0x60A6, 0x60A7, 0x6087, 0x6088, 0x6088, 0x6089, 0x688A,
    0x688B, 0x686C, 0x684D, 0x700E, 0x7810, 0x7811, 0x8013, 0x8014, 0x8816, 0x8817, 0x8818, 0x8819, 0x881A, 0x881B, 0x881C, 0x881C,
    0x6123, 0x6103, 0x6104, 0x6104, 0x60E4, 0x60E4, 0x60C4, 0x60A5, 0x60A5, 0x60A6, 0x60A6, 0x60A7, 0x60A8, 0x68A8, 0x6889, 0x688A,
    0x688B, 0x686C, 0x684D, 0x702E, 0x7810, 0x7811, 0x8013, 0x8014, 0x8816, 0x8817, 0x8818, 0x8819, 0x881A, 0x881B, 0x881C, 0x881C,
    0x6123, 0x6123, 0x6103, 0x6104, 0x6104, 0x60E4, 0x60E4, 0x60C5, 0x60A5, 0x60A6, 0x60A6, 0x60A7, 0x60A8, 0x68A8, 0x68A9, 0x68AA,
    0x688B, 0x688C, 0x706D, 0x702E, 0x7810, 0x7811, 0x8013, 0x8014, 0x8816, 0x8817, 0x8818, 0x8819, 0x881A, 0x881B, 0x881C, 0x881C,
    0x6123, 0x6123, 0x6123, 0x6124, 0x6104, 0x6104, 0x60E4, 0x60C5, 0x60C5, 0x68C6, 0x68C7, 0x68C7, 0x68C8, 0x68C8, 0x68A9, 0x68AA,
    0x68AB, 0x688C, 0x708D, 0x704E, 0x7810, 0x8011, 0x8013, 0x8814, 0x8816, 0x8817, 0x8818, 0x8819, 0x881A, 0x881B, 0x881C, 0x881C,
    0x6143, 0x6143, 0x6144, 0x6124, 0x6124, 0x6124, 0x6104, 0x68E5, 0x68E5, 0x68C6, 0x68C6, 0x68C7, 0x68C8, 0x68C9, 0x68C9, 0x68CA,
    0x68AB, 0x68AC, 0x70AD, 0x786F, 0x7830, 0x8011, 0x8013, 0x8815, 0x8816, 0x8817, 0x8818, 0x8819, 0x881A, 0x881B, 0x881C, 0x885C,
    0x6163, 0x6163, 0x6163, 0x6144, 0x6144, 0x6144, 0x6124, 0x6905, 0x6905, 0x68E6, 0x68E7, 0x68E7, 0x68E8, 0x68E8, 0x68E9, 0x68EA,
    0x68CB, 0x70CC, 0x70AE, 0x788F, 0x7870, 0x8032, 0x8013, 0x8815, 0x8816, 0x8817, 0x8819, 0x881A, 0x881A, 0x883B, 0x887C, 0x88BC,
    0x6183, 0x6164, 0x6164, 0x6164, 0x6164, 0x6164, 0x6944, 0x6945, 0x6925, 0x6906, 0x6906, 0x6907, 0x6908, 0x6909, 0x7109, 0x690A,
    0x70EB, 0x70EC, 0x70ED, 0x78CF, 0x78B0, 0x8092, 0x8053, 0x8835, 0x8816, 0x8817, 0x8818, 0x883A, 0x883A, 0x887B, 0x88BC, 0x88FC,
    0x61A3, 0x6983, 0x6984, 0x6984, 0x6984, 0x6984, 0x6984, 0x6965, 0x6945, 0x6946, 0x6926, 0x6927, 0x6928, 0x6929, 0x712A, 0x712A,
    0x712B, 0x712D, 0x710D, 0x78EF, 0x78F0, 0x80D2, 0x80B3, 0x8895, 0x8876, 0x8877, 0x8878, 0x887A, 0x88BA, 0x88DB, 0x891C, 0x893C,
    0x69C3, 0x69A3, 0x69C3, 0x69C4, 0x69A4, 0x69A4, 0x69A4, 0x69A5, 0x6985, 0x6986, 0x7166, 0x7147, 0x7148, 0x7149, 0x714A, 0x714B,
    0x714C, 0x714D, 0x794E, 0x792F, 0x8131, 0x8112, 0x8113, 0x88F5, 0x88F6, 0x88F7, 0x88F9, 0x88FA, 0x891A, 0x893B, 0x895C, 0x899C,
    0x69E3, 0x69E3, 0x69E4, 0x69E4, 0x69E4, 0x69E4, 0x69E4, 0x69C5, 0x69C5, 0x71A6, 0x71A7, 0x7187, 0x7188, 0x7189, 0x718A, 0x718B,
    0x718C, 0x798D, 0x796E, 0x796F, 0x8171, 0x8152, 0x8954, 0x8955, 0x8956, 0x8957, 0x8959, 0x895A, 0x897A, 0x899B, 0x89BC, 0x89FC,
    0x6A23, 0x6A23, 0x6A23, 0x6A24, 0x6A24, 0x6A04, 0x7204, 0x7205, 0x7205, 0x71E6, 0x71E7, 0x71C7, 0x71C8, 0x79C9, 0x79CA, 0x79CB,
    0x79CC, 0x79AD, 0x79AE, 0x81B0, 0x81B1, 0x81B3, 0x8994, 0x8995, 0x8997, 0x8998, 0x89B9, 0x89BA, 0x89DA, 0x89FB, 0x8A1C, 0x8A3C,
    0x7243, 0x7243, 0x7243, 0x7244, 0x7244, 0x7244, 0x7244, 0x7245, 0x7246, 0x7226, 0x7227, 0x7A08, 0x7A08, 0x7A09, 0x7A0A, 0x7A0B,
    0x7A0C, 0x7A0D, 0x820F, 0x8210, 0x81F1, 0x89F3, 0x89F4, 0x89F6, 0x89F7, 0x89F8, 0x8A19, 0x8A1A, 0x8A3A, 0x8A5B, 0x8A7C, 0x8A9C,
    0x7283, 0x7283, 0x7283, 0x7284, 0x7284, 0x7284, 0x7285, 0x7285, 0x7A86, 0x7A86, 0x7A67, 0x7A68, 0x7A49, 0x7A4A, 0x7A4B, 0x7A4C,
    0x824D, 0x824E, 0x824F, 0x8250, 0x8A52, 0x8A33, 0x8A34, 0x8A56, 0x8A57, 0x8A58, 0x8A59, 0x8A7A, 0x8A7A, 0x8A9B, 0x8ABC, 0x8ADC,
    0x72C3, 0x72C3, 0x7AC4, 0x7AC4, 0x7AC4, 0x7AC4, 0x7AC5, 0x7AC5, 0x7AA6, 0x7AA7, 0x7AA7, 0x7AA8, 0x7AA9, 0x7A8A, 0x7A8B, 0x828C,
    0x828D, 0x828E, 0x828F, 0x8290, 0x8A92, 0x8A93, 0x8A94, 0x8A96, 0x8A97, 0x8A98, 0x8AB9, 0x8ABA, 0x8ADA, 0x8ADB, 0x8AFB, 0x8B1C,
    0x7AE3, 0x7B03, 0x7B04, 0x7B04, 0x7AE4, 0x7B04, 0x7B05, 0x7B05, 0x7B06, 0x7B07, 0x7B07, 0x8308, 0x82E9, 0x82EA, 0x82EB, 0x82EC,
    0x82CD, 0x82CE, 0x82CF, 0x82D1, 0x8AD2, 0x8AD3, 0x8AD4, 0x8AF6, 0x8AF7, 0x8AF8, 0x8B19, 0x8B1A, 0x8B3A, 0x8B3B, 0x8B5B, 0x8B7C,
    0x8343, 0x7B44, 0x8344, 0x8344, 0x8344, 0x7B45, 0x8345, 0x8346, 0x8346, 0x8347, 0x8348, 0x8348, 0x8349, 0x834A, 0x834B, 0x832C,
    0x8B2D, 0x8B2E, 0x8B30, 0x8B31, 0x8B32, 0x8B33, 0x8B35, 0x8B56, 0x8B57, 0x8B58, 0x8B59, 0x8B7A, 0x8B9A, 0x8B9B, 0x8BBB, 0x8BDC,
    0x8383, 0x8384, 0x8384, 0x8384, 0x8384, 0x8385, 0x8385, 0x8386, 0x8386, 0x8387, 0x8388, 0x8389, 0x8B89, 0x8BAA, 0x8BAB, 0x8B8D,
    0x8B8E, 0x8B8F, 0x8B90, 0x8B91, 0x8B93, 0x8B94, 0x8B95, 0x8BB6, 0x93B7, 0x93B8, 0x93B9, 0x93DA, 0x93FA, 0x93FB, 0x941B, 0x941C,
    0x8BC3, 0x8BE4, 0x8BE4, 0x8BE4, 0x8BE5, 0x8BE5, 0x8BE5, 0x8BE6, 0x8BE7, 0x8BE7, 0x8BE8, 0x8BE9, 0x8BEA, 0x8BEB, 0x8BEC, 0x8BED,
    0x8BEE, 0x8BEF, 0x8BF0, 0x93F2, 0x93F3, 0x93F4, 0x93F5, 0x9416, 0x9417, 0x9438, 0x9439, 0x943A, 0x945B, 0x945B, 0x947C, 0x947C,
    0x8C43, 0x8C24, 0x8C44, 0x8C44, 0x8C45, 0x8C45, 0x8C45, 0x8C46, 0x8C47, 0x8C48, 0x8C48, 0x8C49, 0x8C4A, 0x944B, 0x944C, 0x944D,
    0x944E, 0x9470, 0x9471, 0x9472, 0x9473, 0x9474, 0x9475, 0x9476, 0x9497, 0x9498, 0x9499, 0x9C9A, 0x9CBA, 0x9CBB, 0x9CDC, 0x9CDC,
    0x94A4, 0x94A4, 0x94A4, 0x94A4, 0x94A5, 0x94A5, 0x94A6, 0x94A6, 0x94A7, 0x94A8, 0x94A9, 0x94AA, 0x94AB, 0x94AC, 0x94AD, 0x94AD,
    0x94AF, 0x94B0, 0x94B1, 0x94B2, 0x94B3, 0x94D4, 0x94D5, 0x94D7, 0x94D7, 0x94D8, 0x9CD9, 0x9CFA, 0x9CFA, 0x9D1B, 0x9D1B, 0x9D1C,
    0x9504, 0x9504, 0x9504, 0x9505, 0x9505, 0x9506, 0x9506, 0x9507, 0x9508, 0x9508, 0x9509, 0x950A, 0x950B, 0x950C, 0x950D, 0x950E,
    0x950F, 0x9510, 0x9511, 0x9512, 0x9514, 0x9D15, 0x9D36, 0x9D37, 0x9D38, 0x9D38, 0x9D39, 0x9D3A, 0x9D5A, 0xA55B, 0xA55B, 0xA55C,
    0x9D64, 0x9D45, 0x9D45, 0x9D45, 0x9D45, 0x9D46, 0x9D47, 0x9D48, 0x9D48, 0x9D49, 0x9D4A, 0x9D6B, 0x9D6C, 0x9D6C, 0x9D6D, 0x9D6F,
    0x9D70, 0x9D71, 0x9D72, 0x9D73, 0x9D74, 0x9D75, 0x9D76, 0x9D77, 0x9D78, 0xA578, 0xA579, 0xA59A, 0xA59A, 0xA59B, 0xA59B, 0xAD9C,
    0x9DA5, 0x9DA5, 0x9DA6, 0x9DA6, 0x9DA6, 0x9DA7, 0x9DA8, 0x9DA8, 0x9DA9, 0x9DAA, 0x9DAB, 0x9DAB, 0x9DAC, 0x9DAD, 0x9DAE, 0x9DAF,
    0x9DB0, 0x9DB1, 0x9DB2, 0x9DB3, 0x9DB4, 0x9DB5, 0x9DB6, 0xA5D7, 0xA5D8, 0xA5B8, 0xA5D9, 0xA5DA, 0xADDA, 0xADDB, 0xADDB, 0xADDC,
    0x9DE7, 0x9DE7, 0x9DE7, 0x9DE7, 0x9DE8, 0x9DE8, 0x9DE9, 0x9DE9, 0x9DEA, 0x9DEB, 0x9DEC, 0x9DEC, 0x9DED, 0x9E0E, 0x9E0F, 0x9DF0,
    0xA5F1, 0xA5F2, 0xA5F3, 0xA5F4, 0xA5F5, 0xA5F6, 0xA5F6, 0xA617, 0xA618, 0xAE19, 0xAE19, 0xAE1A, 0xAE1A, 0xAE1B, 0xB61B, 0xB61C,
    0xA628, 0xA628, 0xA628, 0xA629, 0xA629, 0x9E29, 0xA62A, 0xA62B, 0xA62B, 0xA62C, 0xA62D, 0xA62D, 0xA62E, 0xA62F, 0xA630, 0xA631,
    0xA632, 0xA633, 0xA634, 0xA634, 0xAE35, 0xAE36, 0xAE57, 0xAE37, 0xAE38, 0xAE59, 0xAE59, 0xAE3A, 0xB63A, 0xB65B, 0xB65B, 0xB65C,
    0xA66A, 0xA66A, 0xA66A, 0xA66B, 0xA66B, 0xA66B, 0xA66C, 0xA66C, 0xA66D, 0xA66D, 0xA66E, 0xA66F, 0xA670, 0xA670, 0xA671, 0xA672,
    0xA673, 0xAE73, 0xAE74, 0xAE75, 0xAE76, 0xAE76, 0xAE77, 0xAE78, 0xAE78, 0xB679, 0xB679, 0xB67A, 0xB67A, 0xB67B, 0xBE7B, 0xBE7C,
    0xA68C, 0xA68C, 0xA68C, 0xA68C, 0xA6AD, 0xA68D, 0xA68D, 0xA68D, 0xA68E, 0xA68F, 0xAEAF, 0xAE90, 0xAE91, 0xAE91, 0xAE92, 0xAE93,
    0xAE93, 0xAE94, 0xAE95, 0xAE95, 0xB696, 0xB697, 0xB697, 0xB698, 0xB698, 0xB699, 0xB69A, 0xB69A, 0xBE9B, 0xBE9B, 0xBE9B, 0xBE9C,
    0xAECE, 0xAECE, 0xAECE, 0xAEAE, 0xAECE, 0xAECE, 0xAECF, 0xAECF, 0xAED0, 0xAED0, 0xAED1, 0xAED1, 0xAEB2, 0xAED2, 0xB6B3, 0xB6D4,
    0xB6D4, 0xB6B5, 0xB6B5, 0xB6B6, 0xB6B6, 0xB6B7, 0xB6B8, 0xB6B8, 0xB6B8, 0xB6B9, 0xBEBA, 0xBEBA, 0xBEBB, 0xBEBB, 0xBEDB, 0xBEDC,
    0xAEF0, 0xAEF0, 0xAEF0, 0xAEF0, 0xB6F0, 0xAEF1, 0xB6F1, 0xB6F1, 0xB6F1, 0xB6F2, 0xB6F2, 0xB6F3, 0xB6F3, 0xB6F4, 0xB6D4, 0xB6F5,
    0xB6F5, 0xB6D6, 0xB6D6, 0xB6D6, 0xBED7, 0xBED7, 0xBED8, 0xBEF8, 0xBEF9, 0xBED9, 0xBEDA, 0xBEDA, 0xBEDB, 0xC6FB, 0xC6FB, 0xC6FC,
    0xB712, 0xB712, 0xB712, 0xB712, 0xB712, 0xB712, 0xB713, 0xB713, 0xB713, 0xB714, 0xBF14, 0xBEF4, 0xBEF5, 0xBF15, 0xBEF5, 0xBEF6,
    0xBEF6, 0xBEF6, 0xBEF7, 0xBEF7, 0xBEF8, 0xBEF8, 0xBEF8, 0xBF19, 0xC719, 0xC6FA, 0xC6FA, 0xC6FA, 0xC6FB, 0xC71B, 0xC71B, 0xC71C,
    0xBF14, 0xBF14, 0xBF14, 0xBF14, 0xBF14, 0xBF14, 0xBF34, 0xBF15, 0xBF15, 0xBF15, 0xBF15, 0xBF16, 0xC716, 0xC716, 0xC716, 0xC717,
    0xC717, 0xC717, 0xC717, 0xC718, 0xC718, 0xC719, 0xC719, 0xC719, 0xC719, 0xC71A, 0xC71A, 0xC71A, 0xC71B, 0xC71B, 0xCF1B, 0xCF1C,
    0xC736, 0xC736, 0xC736, 0xC736, 0xC736, 0xC736, 0xC736, 0xC736, 0xC736, 0xC736, 0xC737, 0xC737, 0xC737, 0xC737, 0xC738, 0xC738,
    0xC738, 0xCF38, 0xC738, 0xCF39, 0xCF39, 0xCF39, 0xCF39, 0xCF39, 0xCF3A, 0xCF3A, 0xCF3A, 0xCF3A, 0xCF3B, 0xCF3B, 0xCF3B, 0xCF3C,
    0x6903, 0x6903, 0x6904, 0x68E4, 0x68E4, 0x68C4, 0x68A4, 0x6885, 0x6885, 0x6886, 0x6887, 0x6887, 0x6888, 0x6869, 0x7069, 0x706A,
    0x704B, 0x704C, 0x702D, 0x780E, 0x8010, 0x8811, 0x8813, 0x8814, 0x9016, 0x9017, 0x9018, 0x9019, 0x901A, 0x901B, 0x901C, 0x901C,
    0x6923, 0x6923, 0x6904, 0x6904, 0x68E4, 0x68E4, 0x68C4, 0x68A5, 0x6885, 0x6886, 0x6887, 0x7087, 0x7088, 0x7089, 0x7069, 0x706A,
    0x706B, 0x704C, 0x702D, 0x780E, 0x8010, 0x8811, 0x8813, 0x8814, 0x9016, 0x9017, 0x9018, 0x901A, 0x901A, 0x901B, 0x901C, 0x901C,
    0x6923, 0x6923, 0x6903, 0x6904, 0x6904, 0x68E4, 0x68C4, 0x68A5, 0x68A5, 0x7086, 0x7087, 0x7087, 0x7088, 0x7089, 0x7089, 0x708A,
    0x706B, 0x706C, 0x784D, 0x780E, 0x8010, 0x8811, 0x8813, 0x9015, 0x9016, 0x9017, 0x9019, 0x9019, 0x901A, 0x901B, 0x901C, 0x901C,
    0x6923, 0x6923, 0x6923, 0x6924, 0x6904, 0x6904, 0x68E4, 0x68C5, 0x70A5, 0x70A6, 0x70A7, 0x70A7, 0x70A8, 0x70A9, 0x708A, 0x708A,
    0x708B, 0x788C, 0x786D, 0x782F, 0x8010, 0x8811, 0x8813, 0x9015, 0x9016, 0x9017, 0x9018, 0x9019, 0x901A, 0x901B, 0x901C, 0x901C,
    0x6943, 0x6943, 0x6943, 0x6944, 0x6924, 0x6924, 0x6904, 0x70E5, 0x70C5, 0x70C6, 0x70C7, 0x70C7, 0x70C8, 0x70A9, 0x70AA, 0x70AB,
    0x70AC, 0x78AD, 0x788E, 0x804F, 0x8030, 0x8812, 0x8813, 0x9015, 0x9016, 0x9017, 0x9018, 0x901A, 0x901A, 0x901B, 0x901C, 0x907C,
    0x6963, 0x6963, 0x6963, 0x6964, 0x6944, 0x7144, 0x7124, 0x7105, 0x7105, 0x70E6, 0x70E7, 0x70C7, 0x70C8, 0x70C9, 0x78CA, 0x78CB,
    0x78CC, 0x78CD, 0x78AE, 0x808F, 0x8851, 0x8832, 0x8813, 0x9015, 0x9016, 0x9018, 0x9019, 0x901A, 0x901A, 0x903B, 0x907C, 0x90DC,
    0x6983, 0x6983, 0x6983, 0x6964, 0x7164, 0x7164, 0x7144, 0x7145, 0x7125, 0x7106, 0x7106, 0x7107, 0x70E8, 0x70E9, 0x78EA, 0x78EB,
    0x78EC, 0x78ED, 0x78CE, 0x80CF, 0x8891, 0x8872, 0x8853, 0x9035, 0x9016, 0x9017, 0x9018, 0x901A, 0x905A, 0x907B, 0x90DC, 0x911C,
    0x69A3, 0x71A3, 0x71A3, 0x71A4, 0x7184, 0x7184, 0x7184, 0x7165, 0x7165, 0x7146, 0x7926, 0x7927, 0x7928, 0x7929, 0x792A, 0x792B,
    0x790C, 0x790D, 0x810E, 0x80EF, 0x88F1, 0x88D2, 0x90B3, 0x9075, 0x9076, 0x9057, 0x9058, 0x907A, 0x90BA, 0x90DB, 0x911C, 0x915C,
    0x71C3, 0x71C3, 0x71C3, 0x71C3, 0x71C4, 0x71C4, 0x71A4, 0x71A5, 0x7185, 0x7186, 0x7966, 0x7947, 0x7948, 0x7949, 0x794A, 0x794B,
    0x794C, 0x794D, 0x814E, 0x812F, 0x8931, 0x8912, 0x90F4, 0x90F5, 0x90D6, 0x90F8, 0x90F9, 0x911A, 0x911A, 0x915B, 0x917C, 0x91BC,
    0x7203, 0x7203, 0x7203, 0x7204, 0x71E4, 0x79E4, 0x71E4, 0x79E5, 0x79C5, 0x79C6, 0x79A7, 0x7987, 0x7988, 0x7989, 0x818A, 0x818B,
    0x818C, 0x818D, 0x816E, 0x8970, 0x8971, 0x8952, 0x8954, 0x9155, 0x9156, 0x9158, 0x9159, 0x917A, 0x917A, 0x919B, 0x91DC, 0x91FC,
    0x7243, 0x7223, 0x7223, 0x7224, 0x7A24, 0x7A24, 0x7A24, 0x7A25, 0x7A06, 0x7A06, 0x79E7, 0x81C8, 0x81C8, 0x81C9, 0x81CA, 0x81CB,
    0x81CC, 0x81CD, 0x81CE, 0x89B0, 0x89B1, 0x89B3, 0x9194, 0x9195, 0x91B7, 0x91B8, 0x91B9, 0x91DA, 0x91DA, 0x91FB, 0x923C, 0x925C,
    0x7A63, 0x7A63, 0x7A63, 0x7A64, 0x7A64, 0x7A64, 0x7A64, 0x7A65, 0x7A46, 0x8246, 0x8227, 0x8228, 0x8208, 0x8209, 0x820B, 0x820C,
    0x820D, 0x8A0E, 0x8A0F, 0x8A10, 0x89F1, 0x91F3, 0x91F4, 0x91F6, 0x91F7, 0x9218, 0x9219, 0x923A, 0x923A, 0x925B, 0x927C, 0x929C,
    0x7AA3, 0x7AA3, 0x7AA3, 0x7AA4, 0x7AA4, 0x7AA4, 0x7AA5, 0x82A5, 0x8286, 0x8286, 0x8287, 0x8268, 0x8269, 0x8A4A, 0x8A4B, 0x8A4C,
    0x8A4D, 0x8A4E, 0x8A4F, 0x8A50, 0x9252, 0x9253, 0x9254, 0x9256, 0x9257, 0x9258, 0x9259, 0x927A, 0x929A, 0x92BB, 0x92DC, 0x92FC,
    0x82C3, 0x82C3, 0x82C3, 0x82C4, 0x82C4, 0x82C4, 0x82C5, 0x82C5, 0x82C6, 0x82C6, 0x82C7, 0x8AC8, 0x8AA9, 0x8AAA, 0x8A8B, 0x8A8C,
    0x8A8D, 0x8A8E, 0x8A8F, 0x8A91, 0x9292, 0x9293, 0x9294, 0x9296, 0x9297, 0x92B8, 0x92B9, 0x92BA, 0x92DA, 0x92FB, 0x931B, 0x933C,
    0x8303, 0x8323, 0x8323, 0x8304, 0x8304, 0x8324, 0x8305, 0x8305, 0x8306, 0x8B07, 0x8B07, 0x8B08, 0x8B09, 0x8AEA, 0x8AEB, 0x8AEC,
    0x8AED, 0x8AEE, 0x92F0, 0x92F1, 0x92D2, 0x92D3, 0x92F5, 0x9AF6, 0x92F7, 0x9318, 0x9319, 0x931A, 0x933A, 0x935B, 0x937B, 0x937C,
    0x8B43, 0x8B43, 0x8B64, 0x8B44, 0x8B44, 0x8B45, 0x8B65, 0x8B66, 0x8B66, 0x8B67, 0x8B68, 0x8B69, 0x8B49, 0x8B4A, 0x8B4B, 0x934C,
    0x932D, 0x932E, 0x9350, 0x9331, 0x9332, 0x9334, 0x9B55, 0x9B56, 0x9B57, 0x9B78, 0x9B79, 0x9B7A, 0x9B9A, 0x9BBB, 0x9BDB, 0x93DC,
    0x8BA3, 0x8BA3, 0x8BA4, 0x8BA4, 0x8BA4, 0x8BA5, 0x8BA5, 0x8BA6, 0x8BA6, 0x8BA7, 0x93A8, 0x93A9, 0x93AA, 0x93AB, 0x93AC, 0x93AD,
    0x938E, 0x938F, 0x9390, 0x93B1, 0x9BB3, 0x9B94, 0x9BB5, 0x9BB6, 0x9BB7, 0x9BD8, 0x9BD9, 0x9BDA, 0x9BFA, 0x9C1B, 0x9C1B, 0x9C3C,
    0x93E3, 0x93E3, 0x93E4, 0x93E4, 0x9404, 0x93E5, 0x93E5, 0x9406, 0x9407, 0x9407, 0x9408, 0x9409, 0x940A, 0x940B, 0x940C, 0x9C0D,
    0x9C0E, 0x9C0F, 0x9C11, 0x9C12, 0x9C13, 0x9C14, 0x9C15, 0x9C16, 0x9C37, 0x9C38, 0x9C39, 0x9C5A, 0x9C5A, 0x9C7B, 0x9C7C, 0x9C9C,
    0x9444, 0x9444, 0x9444, 0x9C44, 0x9445, 0x9445, 0x9446, 0x9C46, 0x9C67, 0x9C68, 0x9C69, 0x9C49, 0x9C6A, 0x9C6B, 0x9C6C, 0x9C6D,
    0x9C6F, 0x9C70, 0x9C71, 0x9C72, 0x9C73, 0x9C74, 0x9C75, 0x9C97, 0x9C98, 0x9C98, 0xA499, 0xA4BA, 0xA4BA, 0xA4DB, 0xA4DC, 0xA4FC,
    0x9CA4, 0x9CA4, 0x9CA4, 0x9CA4, 0x9CA5, 0x9CA5, 0x9CA6, 0x9CA7, 0x9CA7, 0x9CA8, 0x9CA9, 0x9CAA, 0x9CAB, 0x9CAC, 0x9CAD, 0x9CAE,
    0x9CAF, 0x9CD0, 0x9CD1, 0x9CD2, 0x9CD3, 0xA4D5, 0x9CD6, 0xA4D7, 0xA4D8, 0xA4D8, 0xA4F9, 0xA4FA, 0xA4FA, 0xA51B, 0xA51B, 0xA53C,
    0x9D04, 0x9D04, 0x9D05, 0x9D05, 0x9D05, 0x9D06, 0x9D06, 0x9D07, 0x9D08, 0x9D08, 0x9D09, 0x9D0A, 0x9D0B, 0x9D0C, 0x9D0D, 0xA50E,
    0xA50F, 0xA510, 0xA511, 0xA513, 0xA534, 0xA535, 0xA536, 0xA537, 0xA538, 0xA538, 0xA539, 0xA55A, 0xA55A, 0xA55B, 0xAD5B, 0xAD7C,
    0xA565, 0xA565, 0xA545, 0xA546, 0xA566, 0xA546, 0xA547, 0xA568, 0xA568, 0xA549, 0xA54A, 0xA56B, 0xA56C, 0xA56D, 0xA56E, 0xA56F,
    0xA570, 0xA571, 0xA572, 0xA573, 0xA574, 0xA575, 0xA576, 0xA577, 0xA578, 0xAD79, 0xAD99, 0xAD9A, 0xAD9A, 0xAD9B, 0xAD9B, 0xADBC,
    0xA5A6, 0xA5A6, 0xA5A6, 0xA5A6, 0xA5A7, 0xA5A7, 0xA5A8, 0xA5A8, 0xA5A9, 0xA5AA, 0xA5AB, 0xA5AC, 0xA5AD, 0xA5AE, 0xA5AE, 0xA5AF,
    0xA5B0, 0xA5B1, 0xA5B2, 0xA5B3, 0xA5B4, 0xA5B5, 0xADB6, 0xADD7, 0xADD8, 0xADD8, 0xADD9, 0xADDA, 0xADDA, 0xB5DB, 0xB5DB, 0xB5DC,
    0xA5E7, 0xA5E7, 0xA5E7, 0xA5E8, 0xA5E8, 0xA5E8, 0xA5E9, 0xA60A, 0xA5EA, 0xA5EB, 0xA5EC, 0xA5ED, 0xA5ED, 0xA60E, 0xA60F, 0xA5F0,
    0xADF1, 0xADF2, 0xAE13, 0xAE14, 0xAE15, 0xAE16, 0xAE16, 0xAE17, 0xAE18, 0xAE19, 0xB619, 0xB61A, 0xB61A, 0xB61B, 0xB61B, 0xB61C,
    0xAE28, 0xAE28, 0xAE29, 0xAE29, 0xAE29, 0xA62A, 0xAE2A, 0xAE2B, 0xAE2C, 0xAE2C, 0xAE2D, 0xAE2E, 0xAE2F, 0xAE2F, 0xAE30, 0xAE31,
    0xAE32, 0xAE33, 0xAE34, 0xAE35, 0xAE35, 0xAE36, 0xAE37, 0xB658, 0xB658, 0xB659, 0xB659, 0xB65A, 0xB65A, 0xB65B, 0xBE5B, 0xBE5C,
    0xAE6A, 0xAE6A, 0xAE6B, 0xAE6B, 0xAE6B, 0xAE6B, 0xAE6C, 0xAE6D, 0xAE6D, 0xAE6E, 0xAE6E, 0xAE6F, 0xAE70, 0xAE70, 0xAE71, 0xAE72,
    0xAE73, 0xAE73, 0xAE74, 0xB675, 0xB676, 0xB676, 0xB677, 0xB678, 0xB678, 0xB679, 0xB679, 0xB67A, 0xBE7A, 0xBE7B, 0xBE7B, 0xBE7C,
    0xAE8C, 0xAE8C, 0xAE8C, 0xAEAC, 0xAE8D, 0xAE8D, 0xAE8D, 0xAE8E, 0xAE8E, 0xAE8F, 0xAE90, 0xAE90, 0xAE91, 0xAE91, 0xB692, 0xB693,
    0xB693, 0xB694, 0xB695, 0xB695, 0xB696, 0xB697, 0xB697, 0xB698, 0xB698, 0xB699, 0xBE9A, 0xBE9A, 0xBE9B, 0xBE9B, 0xBE9B, 0xBE9C,
    0xAECE, 0xAECE, 0xAECE, 0xAECE, 0xB6CF, 0xAECF, 0xAECF, 0xB6CF, 0xB6D0, 0xB6D1, 0xB6D1, 0xB6D1, 0xB6B2, 0xB6B3, 0xB6B3, 0xB6D4,
    0xB6D4, 0xB6B5, 0xB6B6, 0xB6B6, 0xB6B6, 0xBEB7, 0xBEB8, 0xBEB8, 0xBED9, 0xBEB9, 0xBEBA, 0xBEBA, 0xBEBB, 0xC6DB, 0xC6DB, 0xC6DC,
    0xB6F0, 0xB6F0, 0xB6F0, 0xB6F0, 0xB6F1, 0xB6F1, 0xB6F1, 0xB6F1, 0xB6F2, 0xB6F2, 0xB6F2, 0xB6F3, 0xB6F3, 0xB6F4, 0xBED4, 0xBED5,
    0xBEF5, 0xBEF6, 0xBED6, 0xBED7, 0xBED7, 0xBED8, 0xBED8, 0xBEF8, 0xBEF9, 0xC6D9, 0xC6DA, 0xC6FA, 0xC6DB, 0xC6DB, 0xC6FB, 0xC6FC,
    0xBF12, 0xBF12, 0xBF12, 0xBF12, 0xBF12, 0xBF13, 0xBF13, 0xBF13, 0xBF13, 0xBF14, 0xBF14, 0xBF14, 0xBF15, 0xBF15, 0xBEF5, 0xBEF6,
    0xBEF6, 0xBF16, 0xC6F7, 0xC6F7, 0xC6F8, 0xC6F8, 0xC6F8, 0xC719, 0xC719, 0xC6FA, 0xC71A, 0xC71A, 0xC71B, 0xC71B, 0xC71B, 0xCF1C,
    0xBF14, 0xBF14, 0xC714, 0xBF14, 0xBF14, 0xC715, 0xC735, 0xC735, 0xC715, 0xC715, 0xC715, 0xC716, 0xC716, 0xC716, 0xC717, 0xC717,
    0xC717, 0xC717, 0xC738, 0xC718, 0xC718, 0xC719, 0xC719, 0xC719, 0xC71A, 0xC71A, 0xC73A, 0xC71A, 0xCF3B, 0xCF1B, 0xCF1B, 0xCF1C,
    0xC736, 0xC736, 0xC736, 0xC736, 0xCF36, 0xC736, 0xC736, 0xCF37, 0xCF37, 0xCF37, 0xCF37, 0xCF37, 0xCF37, 0xCF37, 0xCF38, 0xCF38,
    0xCF38, 0xCF38, 0xCF38, 0xCF39, 0xCF39, 0xCF39, 0xCF39, 0xCF3A, 0xCF3A, 0xCF3A, 0xCF3A, 0xCF3B, 0xCF3B, 0xCF3B, 0xCF3B, 0xCF3C,
    0x7103, 0x7103, 0x7104, 0x70E4, 0x70E4, 0x70E4, 0x70A4, 0x7885, 0x7845, 0x7866, 0x7847, 0x7847, 0x7848, 0x7849, 0x782A, 0x782B,
    0x782C, 0x780D, 0x800D, 0x800E, 0x8810, 0x9012, 0x9013, 0x9814, 0x9816, 0x9817, 0x9818, 0x9819, 0x981A, 0x981B, 0x981C, 0x981C,
    0x7123, 0x7123, 0x7104, 0x7104, 0x7104, 0x70E4, 0x70C4, 0x70A5, 0x7865, 0x7866, 0x7867, 0x7868, 0x7848, 0x7849, 0x784A, 0x782B,
    0x782B, 0x782C, 0x800D, 0x800F, 0x8810, 0x8812, 0x9013, 0x9815, 0x9816, 0x9817, 0x9819, 0x981A, 0x981A, 0x981B, 0x981C, 0x981C,
    0x7123, 0x7123, 0x7123, 0x7104, 0x7104, 0x70E4, 0x70C4, 0x78A5, 0x7885, 0x7866, 0x7867, 0x7868, 0x7868, 0x7869, 0x784A, 0x784B,
    0x784C, 0x802D, 0x802D, 0x800F, 0x8810, 0x9011, 0x9013, 0x9815, 0x9816, 0x9817, 0x9819, 0x981A, 0x981A, 0x981B, 0x981B, 0x981C,
    0x7123, 0x7123, 0x7123, 0x7124, 0x7124, 0x7104, 0x78E4, 0x78C5, 0x78A5, 0x7886, 0x7887, 0x7887, 0x7888, 0x7869, 0x806A, 0x806B,
    0x806C, 0x804D, 0x804E, 0x800F, 0x8810, 0x9012, 0x9013, 0x9815, 0x9816, 0x9817, 0x9819, 0x981A, 0x981A, 0x981B, 0x981C, 0x983C,
    0x7143, 0x7143, 0x7143, 0x7144, 0x7124, 0x7924, 0x7904, 0x78E5, 0x78C5, 0x78A6, 0x78A7, 0x78A7, 0x78A8, 0x7889, 0x808A, 0x808B,
    0x808C, 0x808D, 0x806E, 0x882F, 0x8810, 0x9012, 0x9013, 0x9815, 0x9816, 0x9817, 0x9819, 0x981A, 0x981A, 0x981B, 0x983C, 0x989C,
    0x7163, 0x7163, 0x7163, 0x7964, 0x7964, 0x7944, 0x7924, 0x7925, 0x7905, 0x80C6, 0x80C7, 0x80C7, 0x80C8, 0x80C9, 0x80AA, 0x80AB,
    0x80AC, 0x80AD, 0x888E, 0x886F, 0x8831, 0x9012, 0x9013, 0x9815, 0x9816, 0xA018, 0xA019, 0x981A, 0x981A, 0x983B, 0x989C, 0x98FC,
    0x7183, 0x7983, 0x7983, 0x7984, 0x7964, 0x7964, 0x7964, 0x7945, 0x7925, 0x8106, 0x80E7, 0x80E7, 0x80E8, 0x80E9, 0x80EA, 0x80EB,
    0x80EC, 0x88CD, 0x88CE, 0x88AF, 0x8891, 0x9072, 0x9833, 0x9815, 0x9816, 0x9818, 0x9819, 0x981A, 0x985A, 0x989B, 0x98DC, 0x993C,
    0x79A3, 0x79A3, 0x79A3, 0x79A4, 0x79A4, 0x7984, 0x7984, 0x7985, 0x7965, 0x8146, 0x8127, 0x8107, 0x8108, 0x8109, 0x810A, 0x810B,
    0x810C, 0x890D, 0x890E, 0x88EF, 0x88D1, 0x90B2, 0x9893, 0x9875, 0x9856, 0x9858, 0x9859, 0x987A, 0x98BA, 0x98FB, 0x993C, 0x997C,
    0x79E3, 0x79E3, 0x79E3, 0x79C3, 0x79C4, 0x79C4, 0x79C4, 0x81A5, 0x81A5, 0x8186, 0x8167, 0x8147, 0x8148, 0x8149, 0x814A, 0x894B,
    0x894C, 0x894D, 0x892E, 0x8930, 0x9131, 0x9112, 0x98F4, 0x98F5, 0x98F7, 0x98F8, 0x98F9, 0x991A, 0x993A, 0x995B, 0x999C, 0x99BC,
    0x7A03, 0x7A03, 0x7A03, 0x7A04, 0x8204, 0x81E4, 0x81E4, 0x81E5, 0x81E5, 0x81C6, 0x81A7, 0x8988, 0x8988, 0x898A, 0x898B, 0x898B,
    0x898C, 0x898D, 0x896F, 0x9170, 0x9171, 0x9152, 0x9954, 0x9955, 0x9956, 0x9958, 0x9959, 0x997A, 0x999A, 0x99BB, 0x99DC, 0x9A1C,
    0x8243, 0x8243, 0x8243, 0x8244, 0x8244, 0x8224, 0x8224, 0x8225, 0x8226, 0x8A06, 0x89E7, 0x89E8, 0x89C8, 0x89C9, 0x89CB, 0x89CC,
    0x89CD, 0x89CE, 0x91CF, 0x91B0, 0x91B1, 0x99B3, 0x99B4, 0x99B6, 0x99B7, 0xA1B8, 0xA1B9, 0x99DA, 0x99FA, 0x9A1B, 0x9A3C, 0x9A5C,
    0x8283, 0x8283, 0x8283, 0x8284, 0x8284, 0x8264, 0x8265, 0x8A65, 0x8A66, 0x8A66, 0x8A47, 0x8A28, 0x8A09, 0x920A, 0x920B, 0x920C,
    0x920D, 0x920E, 0x920F, 0x9210, 0x9A12, 0x99F3, 0x99F4, 0xA1F6, 0xA217, 0xA218, 0xA219, 0x9A3A, 0x9A5A, 0x9A7B, 0x9A9C, 0x9ABC,
    0x82A3, 0x82A3, 0x8AA3, 0x8AC4, 0x8AC4, 0x8AA4, 0x8AA5, 0x8AA5, 0x8AA6, 0x8AA6, 0x8AA7, 0x9288, 0x9269, 0x926A, 0x924B, 0x924C,
    0x924D, 0x924E, 0x924F, 0x9A51, 0x9A52, 0x9A53, 0x9A55, 0xA256, 0xA257, 0xA278, 0xA279, 0x9A9A, 0x9A9A, 0x9ABB, 0x9ADC, 0x9AFC,
    0x8B03, 0x8AE3, 0x8AE3, 0x8AE4, 0x8AE4, 0x8AE4, 0x8AE5, 0x8AE5, 0x8AE6, 0x92E6, 0x92E7, 0x92C8, 0x92C9, 0x92AA, 0x928B, 0x9A8C,
    0x9A8D, 0x928E, 0x928F, 0x9A91, 0x9A92, 0x9A93, 0x9A95, 0xA2B6, 0xA2B7, 0xA2B8, 0x9AB9, 0x9ADA, 0x9AFA, 0x9AFB, 0x9B1C, 0x9B3C,
    0x8B23, 0x8B23, 0x8B23, 0x8B24, 0x8B24, 0x8B24, 0x8B25, 0x8B25, 0x9326, 0x9327, 0x9328, 0x9328, 0x9309, 0x930A, 0x9AEB, 0x9AEC,
    0x9AED, 0x9AEE, 0x9AF0, 0x9AF1, 0x9AF2, 0x9AF3, 0xA2F5, 0xA2F6, 0xA317, 0xA318, 0xA319, 0xA33A, 0xA33A, 0xA35B, 0x9B7C, 0x9B9C,
    0x9363, 0x9363, 0x9363, 0x9364, 0x9364, 0x9364, 0x9365, 0x9365, 0x9366, 0x9387, 0x9368, 0x9369, 0x9B69, 0x9B6A, 0x9B6B, 0x9B4D,
    0x9B4E, 0x9B2F, 0x9B50, 0x9B51, 0xA352, 0xA354, 0xA355, 0xA356, 0xA377, 0xA378, 0xA379, 0xA39A, 0xA39A, 0xA3BB, 0xA3DB, 0xA3FC,
    0x93C3, 0x93A3, 0x93C4, 0x93C4, 0x93C4, 0x93A5, 0x93C5, 0x9BC6, 0x9BC6, 0x9BC7, 0x9BC8, 0x9BC9, 0x9BCA, 0x9BCB, 0x9BCC, 0x9BAD,
    0x9BAE, 0x9BAF, 0xA3B0, 0xA3B2, 0xA3B3, 0xA3B4, 0xA3B5, 0xA3B6, 0xA3D7, 0xA3D8, 0xA3D9, 0xA3FA, 0xA3FA, 0xA41B, 0xA43B, 0xA45C,
    0x9C03, 0x9C04, 0x9C04, 0x9C04, 0x9C04, 0x9C05, 0x9C05, 0x9C06, 0x9C07, 0x9C08, 0x9C08, 0x9C09, 0x9C0A, 0xA42B, 0xA42C, 0xA42D,
    0xA40E, 0xA40F, 0xA411, 0xA412, 0xA413, 0xA414, 0xA415, 0xA436, 0xA437, 0xA438, 0xA439, 0xA45A, 0xA47A, 0xA47B, 0xA49C, 0xA49C,
    0x9C44, 0x9C64, 0xA464, 0xA464, 0xA465, 0x9C65, 0xA466, 0xA467, 0xA467, 0xA468, 0xA469, 0xA46A, 0xA46A, 0xA46C, 0xA46D, 0xA46E,
    0xA48F, 0xA490, 0xAC91, 0xAC92, 0xAC73, 0xAC75, 0xAC96, 0xAC97, 0xAC98, 0xAC98, 0xACB9, 0xACBA, 0xACDA, 0xACDB, 0xACFC, 0xACFC,
    0xA4A4, 0xA4A4, 0xA4A4, 0xA4A5, 0xA4A5, 0xA4A6, 0xA4C6, 0xA4A7, 0xA4A7, 0xA4C8, 0xA4C9, 0xA4CA, 0xA4CB, 0xA4CC, 0xA4CD, 0xA4CE,
    0xA4CF, 0xA4D0, 0xACD1, 0xACD2, 0xACD4, 0xACD5, 0xACD6, 0xACF7, 0xACF8, 0xACF8, 0xACF9, 0xACFA, 0xAD1A, 0xAD1B, 0xAD3C, 0xAD3C,
    0xA504, 0xA504, 0xA505, 0xA505, 0xA505, 0xA506, 0xA507, 0xA507, 0xA508, 0xA508, 0xA50A, 0xAD0A, 0xAD0B, 0xAD0C, 0xAD0D, 0xAD2E,
    0xAD2F, 0xAD31, 0xAD31, 0xAD33, 0xAD34, 0xAD35, 0xAD36, 0xAD37, 0xAD38, 0xAD38, 0xAD59, 0xAD5A, 0xAD5A, 0xAD5B, 0xB57B, 0xB57C,
    0xAD65, 0xAD65, 0xAD66, 0xAD66, 0xAD66, 0xAD67, 0xAD67, 0xAD68, 0xAD69, 0xAD69, 0xAD6A, 0xAD6B, 0xAD6C, 0xAD6D, 0xAD6E, 0xAD6F,
    0xAD70, 0xAD71, 0xAD72, 0xAD73, 0xAD74, 0xAD75, 0xAD96, 0xAD97, 0xAD78, 0xAD99, 0xB599, 0xB59A, 0xB59A, 0xB5BB, 0xB5BB, 0xB5BC,
    0xADA6, 0xADA6, 0xADA6, 0xADA7, 0xADA7, 0xADC8, 0xADA8, 0xADA9, 0xADAA, 0xADAA, 0xADAB, 0xADAC, 0xADAD, 0xADAE, 0xADCF, 0xADAF,
    0xADB0, 0xADB1, 0xADD2, 0xADD4, 0xADD5, 0xADD5, 0xB5D6, 0xB5D7, 0xB5D8, 0xB5D8, 0xB5D9, 0xB5DA, 0xB5FA, 0xB5FB, 0xB5FB, 0xB5FC,
    0xADE7, 0xADE7, 0xAE08, 0xAE08, 0xADE8, 0xAE09, 0xAE09, 0xAE0A, 0xAE0B, 0xB5EB, 0xADEC, 0xADED, 0xADEE, 0xAE0F, 0xAE0F, 0xAE10,
    0xB611, 0xB612, 0xB613, 0xB614, 0xB615, 0xB616, 0xB617, 0xB617, 0xB618, 0xB619, 0xB619, 0xB61A, 0xB61A, 0xBE1B, 0xBE3B, 0xBE3C,
    0xAE28, 0xAE29, 0xAE49, 0xB64A, 0xB62A, 0xAE2A, 0xB62B, 0xB62B, 0xB62C, 0xB62D, 0xB62D, 0xB62E, 0xB62F, 0xB630, 0xB630, 0xB631,
    0xB632, 0xB633, 0xB634, 0xB635, 0xB636, 0xB636, 0xB637, 0xB658, 0xBE58, 0xBE59, 0xB659, 0xBE5A, 0xBE5A, 0xBE5B, 0xBE5B, 0xBE5C,
    0xB66A, 0xB66B, 0xB66B, 0xB66B, 0xB66B, 0xB66C, 0xB66C, 0xB66D, 0xB66D, 0xB66E, 0xB66F, 0xB66F, 0xB670, 0xB671, 0xB671, 0xB672,
    0xB673, 0xB674, 0xB674, 0xB675, 0xB676, 0xB676, 0xB677, 0xBE78, 0xBE78, 0xBE79, 0xBE7A, 0xBE7A, 0xBE7B, 0xBE7B, 0xBE7B, 0xC67C,
    0xB6AC, 0xB68C, 0xB6AC, 0xB6AD, 0xB68D, 0xB68D, 0xB68E, 0xB68E, 0xB68F, 0xB68F, 0xB690, 0xB690, 0xB691, 0xB692, 0xB692, 0xB693,
    0xB694, 0xB694, 0xB695, 0xBE96, 0xBE96, 0xBE97, 0xBE97, 0xBE98, 0xBE98, 0xBE99, 0xBE9A, 0xBE9A, 0xBE9B, 0xC69B, 0xC69B, 0xC69C,
    0xB6CE, 0xB6CE, 0xB6CF, 0xB6CF, 0xB6CF, 0xB6CF, 0xB6D0, 0xB6D0, 0xB6D0, 0xB6D1, 0xB6D1, 0xB6D2, 0xBEB2, 0xB6B3, 0xBED3, 0xBED4,
    0xBEB5, 0xBEB5, 0xBEB6, 0xBEB6, 0xBEB7, 0xBEB7, 0xBEB8, 0xBED8, 0xBED9, 0xC6B9, 0xC6DA, 0xC6DA, 0xC6BB, 0xC6BB, 0xC6DB, 0xC6DC,
    0xB6F0, 0xB6F0, 0xB6F1, 0xBEF1, 0xBEF1, 0xB6F1, 0xBEF1, 0xBEF2, 0xBEF2, 0xBEF2, 0xBEF3, 0xBEF3, 0xBEF3, 0xBEF4, 0xBED4, 0xBED5,
    0xBEF5, 0xBEF6, 0xC6D6, 0xC6D7, 0xC6D7, 0xC6D8, 0xC6D8, 0xC6F8, 0xC6F9, 0xC6F9, 0xC6FA, 0xC6FA, 0xC6DB, 0xC6DB, 0xC6FB, 0xCEFC,
    0xBF12, 0xBF12, 0xBF12, 0xBF13, 0xBF13, 0xBF13, 0xBF13, 0xBF13, 0xBF14, 0xBEF4, 0xC714, 0xC714, 0xC715, 0xC715, 0xC716, 0xC6F6,
    0xC716, 0xC717, 0xC6F7, 0xC6F7, 0xC6F8, 0xC6F8, 0xC6F8, 0xC6F9, 0xC6F9, 0xC71A, 0xC71A, 0xC71A, 0xC71B, 0xCEFB, 0xCF1B, 0xCF1C,
    0xC714, 0xC714, 0xC715, 0xC735, 0xC735, 0xC715, 0xC735, 0xC735, 0xC715, 0xC715, 0xC716, 0xC716, 0xC716, 0xC716, 0xC717, 0xC717,
    0xC717, 0xCF18, 0xCF18, 0xCF18, 0xCF18, 0xCF19, 0xCF19, 0xCF19, 0xCF1A, 0xCF1A, 0xCF1A, 0xCF1A, 0xCF1B, 0xCF1B, 0xCF1B, 0xCF1C,
    0xCF36, 0xCF36, 0xCF36, 0xCF36, 0xCF37, 0xCF36, 0xCF36, 0xCF37, 0xCF37, 0xCF37, 0xCF37, 0xCF37, 0xCF37, 0xCF37, 0xCF38, 0xCF38,
    0xCF38, 0xCF38, 0xCF38, 0xCF39, 0xCF39, 0xCF39, 0xCF39, 0xCF3A, 0xCF3A, 0xCF3A, 0xCF3A, 0xCF3B, 0xCF3B, 0xD73B, 0xD73B, 0xD73C,
    0x7923, 0x7903, 0x7904, 0x7904, 0x8104, 0x80E4, 0x80A4, 0x8065, 0x8025, 0x8026, 0x8027, 0x8028, 0x8008, 0x8009, 0x800A, 0x880B,
    0x880C, 0x880D, 0x880E, 0x880F, 0x9010, 0x9012, 0x9813, 0xA015, 0xA016, 0xA017, 0xA018, 0xA019, 0xA01A, 0xA01B, 0xA01C, 0xA01C,
    0x7923, 0x7923, 0x7903, 0x7904, 0x8104, 0x80E4, 0x80C4, 0x8085, 0x8045, 0x8026, 0x8027, 0x8028, 0x8828, 0x8829, 0x880A, 0x880B,
    0x880C, 0x880D, 0x880E, 0x880F, 0x9010, 0x9812, 0x9813, 0xA015, 0xA016, 0xA017, 0xA818, 0xA81A, 0xA01A, 0xA01B, 0xA01B, 0xA01C,
    0x7923, 0x7923, 0x7923, 0x7923, 0x8104, 0x80E4, 0x80C4, 0x80A5, 0x8065, 0x8046, 0x8047, 0x8848, 0x8828, 0x8829, 0x882A, 0x882B,
    0x880C, 0x880D, 0x880E, 0x880F, 0x9010, 0x9812, 0x9813, 0xA015, 0xA016, 0xA017, 0xA819, 0xA81A, 0xA01A, 0xA01B, 0xA01C, 0xA03C,
    0x7943, 0x7923, 0x7923, 0x8124, 0x8124, 0x8104, 0x80E4, 0x80C5, 0x8085, 0x8866, 0x8867, 0x8848, 0x8848, 0x8849, 0x884A, 0x882B,
    0x882C, 0x882D, 0x880E, 0x900F, 0x9011, 0x9812, 0x9813, 0xA015, 0xA016, 0xA018, 0xA819, 0xA81A, 0xA01A, 0xA01B, 0xA01C, 0xA05C,
    0x8143, 0x8143, 0x8143, 0x8144, 0x8144, 0x8124, 0x8104, 0x80E5, 0x88C5, 0x8866, 0x8887, 0x8888, 0x8868, 0x8869, 0x886B, 0x884B,
    0x884C, 0x884D, 0x902E, 0x900F, 0x9011, 0x9812, 0xA013, 0xA015, 0xA016, 0xA018, 0xA819, 0xA81A, 0xA01A, 0xA01B, 0xA03C, 0xA0BC,
    0x8163, 0x8163, 0x8163, 0x8164, 0x8164, 0x8144, 0x8144, 0x8925, 0x8905, 0x88C6, 0x88A7, 0x88A8, 0x88A9, 0x88AA, 0x888B, 0x908C,
    0x908D, 0x908D, 0x906F, 0x9050, 0x9831, 0x9812, 0xA014, 0xA015, 0xA017, 0xA818, 0xA819, 0xA81A, 0xA01A, 0xA05B, 0xA0BC, 0xA11D,
    0x8183, 0x8183, 0x8183, 0x8183, 0x8184, 0x8164, 0x8164, 0x8945, 0x8925, 0x8906, 0x88E7, 0x88C8, 0x88C8, 0x88C9, 0x88CA, 0x88CB,
    0x90CC, 0x90AD, 0x90AE, 0x90B0, 0x9071, 0x9852, 0x9833, 0xA015, 0xA016, 0xA018, 0xA819, 0xA03A, 0xA05A, 0xA0BB, 0xA0FC, 0xA15C,
    0x81C3, 0x81C3, 0x81C3, 0x81C3, 0x81A4, 0x81A4, 0x8984, 0x8985, 0x8965, 0x8946, 0x8927, 0x8908, 0x8908, 0x8909, 0x890A, 0x910B,
    0x910C, 0x90ED, 0x90EE, 0x90F0, 0x98D1, 0x98B2, 0x9873, 0xA055, 0xA056, 0xA857, 0xA859, 0xA09A, 0xA0DA, 0xA11B, 0xA15C, 0xA19C,
    0x81E3, 0x8203, 0x89E3, 0x89E3, 0x89E4, 0x89C4, 0x89C4, 0x89A5, 0x89A5, 0x8986, 0x9167, 0x9148, 0x9148, 0x9129, 0x914A, 0x912C,
    0x912D, 0x912D, 0x912F, 0x9930, 0x9911, 0x9912, 0xA0F4, 0xA0F5, 0xA8F7, 0xA8F8, 0xA8F9, 0xA11A, 0xA13A, 0xA17B, 0xA19C, 0xA1DC,
    0x8223, 0x8A23, 0x8A23, 0x8A23, 0x8A24, 0x8A04, 0x8A04, 0x8A05, 0x89E5, 0x91E6, 0x91C7, 0x9188, 0x9188, 0x918A, 0x918B, 0x916C,
    0x916D, 0x916E, 0x996F, 0x9970, 0x9971, 0x9973, 0xA154, 0xA155, 0xA957, 0xA958, 0xA959, 0xA97A, 0xA19A, 0xA1DB, 0xA1FC, 0xA21C,
    0x8A63, 0x8A63, 0x8A63, 0x8A63, 0x8A44, 0x8A44, 0x8A45, 0x9245, 0x9226, 0x9226, 0x9207, 0x91E8, 0x91C9, 0x99AA, 0x99AB, 0x99CC,
    0x99CD, 0x99AE, 0x99CF, 0x99B0, 0xA1B2, 0xA1B3, 0xA1B4, 0xA9B6, 0xA9B7, 0xA9B8, 0xA9B9, 0xA9DA, 0xA1FA, 0xA21B, 0xA25C, 0xA27C,
    0x8A83, 0x8A83, 0x8AA3, 0x92A4, 0x9284, 0x9284, 0x9285, 0x9285, 0x9266, 0x9266, 0x9247, 0x9A48, 0x9A29, 0x9A0A, 0x9A0B, 0x9A0C,
    0x9A0D, 0x9A0E, 0x9A0F, 0xA211, 0xA212, 0xA213, 0xAA15, 0xAA16, 0xAA17, 0xAA18, 0xAA39, 0xAA3A, 0xA25A, 0xA27B, 0xA2BC, 0xA2BC,
    0x92C3, 0x92C3, 0x92C3, 0x92C4, 0x92C4, 0x92C4, 0x92C5, 0x92C5, 0x9AA6, 0x9AA6, 0x9AA7, 0x9A88, 0x9A89, 0x9A6A, 0xA26B, 0x9A4C,
    0xA24D, 0xA24E, 0xA250, 0xA251, 0xA252, 0xA253, 0xAA55, 0xAA56, 0xAA77, 0xAA78, 0xAA99, 0xAA9A, 0xA2BA, 0xA2DB, 0xA2FC, 0xA31C,
    0x9303, 0x9303, 0x9303, 0x9304, 0x9304, 0x9304, 0x9305, 0x9B05, 0x9B06, 0x9AE7, 0x9AE7, 0x9AE8, 0x9AC9, 0x9AAA, 0xA2AB, 0xA28C,
    0xA28D, 0xA28E, 0xA290, 0xA2B1, 0xA2B2, 0xA2B3, 0xAAB5, 0xAAB6, 0xAAB7, 0xAAB8, 0xAAD9, 0xAADA, 0xA2FA, 0xA31B, 0xA33C, 0xA35C,
    0x9B43, 0x9B43, 0x9B43, 0x9B44, 0x9B44, 0x9B44, 0x9B45, 0x9B45, 0x9B46, 0x9B47, 0x9B48, 0x9B28, 0x9B29, 0xA30A, 0xA30B, 0xA2EC,
    0xA2ED, 0xA2EF, 0xA2F0, 0xA2F1, 0xAAF2, 0xAAF4, 0xAB15, 0xAB16, 0xAB17, 0xAB18, 0xAB39, 0xAB3A, 0xAB5A, 0xAB7B, 0xA39C, 0xABBC,
    0x9B83, 0x9B83, 0x9B83, 0x9B84, 0x9B84, 0x9B84, 0x9B85, 0x9B85, 0x9B86, 0xA387, 0xA388, 0xA389, 0xA389, 0xA38A, 0xA36B, 0xA34D,
    0xAB4E, 0xAB4F, 0xAB50, 0xAB51, 0xAB53, 0xAB54, 0xAB55, 0xAB76, 0xAB77, 0xAB78, 0xAB99, 0xAB9A, 0xABBA, 0xABDB, 0xABFC, 0xABFC,
    0xA3E3, 0xA3C3, 0xA3E4, 0xA3E4, 0xA3E4, 0xA3C5, 0xA3C5, 0xA3E6, 0xA3E6, 0xA3E7, 0xA3E8, 0xA3E9, 0xA3EA, 0xA3EB, 0xABEC, 0xABCD,
    0xABAE, 0xABAF, 0xABB0, 0xABB2, 0xABB3, 0xABB4, 0xABB5, 0xABD6, 0xABD7, 0xABD8, 0xABF9, 0xABFA, 0xAC1A, 0xAC3B, 0xAC5C, 0xAC5C,
    0xA423, 0xA424, 0xA424, 0xA424, 0xA424, 0xA425, 0xA426, 0xA426, 0xAC27, 0xAC48, 0xAC29, 0xAC29, 0xAC2A, 0xAC2B, 0xAC4C, 0xAC2D,
    0xAC2E, 0xAC30, 0xB411, 0xB432, 0xB433, 0xB434, 0xB435, 0xB436, 0xB437, 0xAC58, 0xAC59, 0xAC5A, 0xAC7A, 0xAC9B, 0xAC9C, 0xACBC,
    0xAC64, 0xAC84, 0xAC84, 0xAC84, 0xAC85, 0xAC85, 0xAC86, 0xAC87, 0xAC87, 0xAC88, 0xAC89, 0xAC8A, 0xAC8B, 0xAC8C, 0xAC8D, 0xAC8E,
    0xAC8F, 0xAC90, 0xB491, 0xB492, 0xB494, 0xB495, 0xB496, 0xB497, 0xB4B8, 0xB4B8, 0xB4B9, 0xACBA, 0xB4DA, 0xB4FB, 0xB4FB, 0xB51C,
    0xACC4, 0xACC4, 0xACC4, 0xACC5, 0xACC5, 0xACC6, 0xACC6, 0xACC7, 0xACC8, 0xACC8, 0xACC9, 0xACCA, 0xACCB, 0xB4CC, 0xB4CD, 0xB4CE,
    0xACCF, 0xB4F0, 0xB4F1, 0xB4D3, 0xB4D4, 0xB4D5, 0xB4F6, 0xB4F7, 0xB4F8, 0xB4F8, 0xB4F9, 0xB51A, 0xB51A, 0xB53B, 0xB53B, 0xB55C,
    0xB505, 0xB505, 0xB525, 0xB525, 0xB506, 0xB526, 0xB527, 0xB528, 0xB528, 0xAD29, 0xB52A, 0xB52B, 0xB52C, 0xB52D, 0xB52D, 0xB52E,
    0xB52F, 0xB531, 0xB532, 0xB533, 0xB534, 0xB535, 0xB536, 0xB537, 0xB557, 0xB558, 0xB559, 0xB55A, 0xB55A, 0xB57B, 0xB57B, 0xB57C,
    0xB565, 0xB565, 0xB566, 0xB566, 0xB566, 0xB567, 0xB568, 0xB568, 0xB569, 0xB569, 0xB56A, 0xB56B, 0xB56C, 0xB56D, 0xB56E, 0xB56F,
    0xB570, 0xB571, 0xB572, 0xB573, 0xB574, 0xB575, 0xB596, 0xB597, 0xB598, 0xB598, 0xB599, 0xB59A, 0xB5BA, 0xB5BB, 0xB5BB, 0xBDBC,
    0xB5A6, 0xB5A6, 0xB5A7, 0xB5C7, 0xB5C7, 0xB5C8, 0xB5C8, 0xB5A9, 0xB5AA, 0xB5AA, 0xB5CB, 0xB5CC, 0xB5CD, 0xB5CE, 0xB5AF, 0xB5D0,
    0xB5D1, 0xB5D2, 0xB5D3, 0xB5D4, 0xB5D5, 0xB5D6, 0xB5D6, 0xBDD7, 0xBDD8, 0xBDD8, 0xBDD9, 0xBDDA, 0xBDFA, 0xBDFB, 0xBDFB, 0xBDFC,
    0xB5E8, 0xB5E8, 0xB608, 0xB608, 0xB608, 0xB609, 0xB60A, 0xB60A, 0xB60B, 0xB5EB, 0xB5EC, 0xB5ED, 0xB60E, 0xB60F, 0xB5F0, 0xB611,
    0xB611, 0xBE12, 0xBE14, 0xBE14, 0xBE15, 0xBE16, 0xBE17, 0xBE17, 0xBE18, 0xBE19, 0xBE19, 0xBE1A, 0xBE1A, 0xBE3B, 0xBE3B, 0xBE3C,
    0xB629, 0xB629, 0xB64A, 0xB64A, 0xB64A, 0xB62B, 0xB62B, 0xB62C, 0xBE4D, 0xBE2D, 0xBE2E, 0xB62E, 0xB62F, 0xBE50, 0xBE31, 0xBE51,
    0xBE52, 0xBE53, 0xBE54, 0xBE55, 0xBE56, 0xBE56, 0xBE57, 0xBE58, 0xBE58, 0xBE59, 0xBE5A, 0xBE5A, 0xBE5A, 0xC65B, 0xC65B, 0xC65C,
    0xB66B, 0xB66B, 0xB66B, 0xB66B, 0xBE6C, 0xB66C, 0xBE6D, 0xBE6D, 0xBE6E, 0xBE6E, 0xBE6F, 0xBE6F, 0xBE70, 0xBE71, 0xBE72, 0xBE72,
    0xBE73, 0xBE74, 0xBE74, 0xBE75, 0xBE76, 0xBE76, 0xBE77, 0xBE78, 0xBE78, 0xBE79, 0xBE7A, 0xC67A, 0xC67A, 0xC69B, 0xC69B, 0xC69C,
    0xB6AD, 0xB68D, 0xB68D, 0xBE8D, 0xBE8D, 0xB68E, 0xBE8E, 0xBE8E, 0xBE8F, 0xBE90, 0xBE90, 0xBE91, 0xBE91, 0xBE92, 0xBE92, 0xBE93,
    0xBE94, 0xBE94, 0xBE95, 0xBE96, 0xBE96, 0xBE97, 0xBE97, 0xBE98, 0xC699, 0xC699, 0xC6BA, 0xC6BA, 0xC69A, 0xC69B, 0xC6BB, 0xC6BC,
    0xBECF, 0xBECF, 0xBECF, 0xBECF, 0xBECF, 0xBEB0, 0xBEB0, 0xBED0, 0xBED1, 0xBED1, 0xBED1, 0xBEB2, 0xBEB3, 0xBEB3, 0xBED4, 0xBED4,
    0xBEB4, 0xBEB5, 0xC6B6, 0xC6B6, 0xC6B7, 0xC6B7, 0xC6B8, 0xC6D8, 0xC6D9, 0xC6D9, 0xC6DA, 0xC6DA, 0xC6BA, 0xC6BB, 0xC6DB, 0xCEDC,
    0xBEF1, 0xBEF1, 0xBEF1, 0xBEF1, 0xBEF1, 0xBEF1, 0xBEF2, 0xBEF2, 0xBEF2, 0xBEF3, 0xBED3, 0xBED3, 0xBEF4, 0xBEF4, 0xC6D5, 0xC6F5,
    0xC6F6, 0xC6D6, 0xC6D6, 0xC6D7, 0xC6D7, 0xC6D8, 0xC6D8, 0xC6F8, 0xC6F9, 0xC6F9, 0xC6FA, 0xC6FA, 0xC6FA, 0xCEDB, 0xCEFB, 0xCEFC,
    0xBF13, 0xC713, 0xC713, 0xC713, 0xC713, 0xC713, 0xC713, 0xC714, 0xC6F4, 0xC6F4, 0xC6F4, 0xC715, 0xC715, 0xC715, 0xC6F6, 0xC6F6,
    0xC6F6, 0xC6F7, 0xC6F7, 0xC6F7, 0xCEF8, 0xCEF8, 0xCEF9, 0xCEF9, 0xCEF9, 0xCEFA, 0xCF1A, 0xCF1A, 0xCEFB, 0xCEFB, 0xCF1B, 0xCF1C,
    0xC714, 0xC715, 0xCF15, 0xC715, 0xC735, 0xC715, 0xC715, 0xCF15, 0xCF16, 0xCF16, 0xCF16, 0xCF36, 0xCF36, 0xCF17, 0xCF17, 0xCF17,
    0xCF17, 0xCF18, 0xCF18, 0xCF18, 0xCF18, 0xCF19, 0xCF19, 0xCF19, 0xCF1A, 0xCF1A, 0xCF1A, 0xCF1A, 0xCF1B, 0xD71B, 0xD71B, 0xCF1C,
    0xCF36, 0xCF36, 0xCF37, 0xCF37, 0xCF37, 0xCF37, 0xCF37, 0xCF37, 0xCF37, 0xCF37, 0xCF37, 0xCF37, 0xCF37, 0xCF38, 0xCF38, 0xCF38,
    0xCF38, 0xCF38, 0xD738, 0xCF39, 0xD739, 0xD739, 0xD73A, 0xD73A, 0xD73A, 0xD73A, 0xCF3A, 0xD73B, 0xD73B, 0xD73B, 0xD73C, 0xD73C,
    0x8923, 0x8903, 0x8903, 0x8904, 0x8904, 0x88E4, 0x88A4, 0x8865, 0x8805, 0x9006, 0x9007, 0x9008, 0x9008, 0x9009, 0x900A, 0x900B,
    0x900C, 0x900D, 0x980E, 0x980F, 0x9811, 0xA012, 0xA013, 0xA815, 0xA816, 0xB017, 0xB019, 0xB019, 0xA81A, 0xA81B, 0xA81C, 0xA81C,
    0x8923, 0x8923, 0x8923, 0x8904, 0x8904, 0x88E4, 0x88C4, 0x8885, 0x9045, 0x9006, 0x9007, 0x9008, 0x9009, 0x900A, 0x900A, 0x900B,
    0x900C, 0x900D, 0x980E, 0x980F, 0x9811, 0xA012, 0xA013, 0xA815, 0xA816, 0xB017, 0xB019, 0xB01A, 0xA81A, 0xA81B, 0xA81C, 0xA83C,
    0x8923, 0x8923, 0x8923, 0x8924, 0x8904, 0x8904, 0x88C4, 0x88A5, 0x9065, 0x9006, 0x9007, 0x9008, 0x9009, 0x9009, 0x900A, 0x900C,
    0x900D, 0x900D, 0x980E, 0x9810, 0x9811, 0xA012, 0xA013, 0xA815, 0xA816, 0xB018, 0xB019, 0xB01A, 0xA81A, 0xA81B, 0xA81C, 0xA85C,
    0x8943, 0x8943, 0x8943, 0x8944, 0x8924, 0x8904, 0x88E4, 0x90C5, 0x9085, 0x9026, 0x9027, 0x9028, 0x9008, 0x900A, 0x900B, 0x900C,
    0x980D, 0x980D, 0x980E, 0x9810, 0x9811, 0xA012, 0xA814, 0xA815, 0xA816, 0xB018, 0xB019, 0xB01A, 0xA81A, 0xA81B, 0xA83C, 0xA89C,
    0x8963, 0x8963, 0x8943, 0x8943, 0x8944, 0x8924, 0x9124, 0x90E5, 0x90A5, 0x9046, 0x9047, 0x9048, 0x9029, 0x982A, 0x982B, 0x980C,
    0x980D, 0x980D, 0x980F, 0x9810, 0xA011, 0xA012, 0xA814, 0xA815, 0xA816, 0xB018, 0xB019, 0xB01A, 0xA81A, 0xA81B, 0xA87C, 0xA8FC,
    0x8983, 0x8983, 0x9183, 0x9163, 0x9164, 0x9144, 0x9144, 0x9125, 0x9105, 0x98C6, 0x9887, 0x9868, 0x9869, 0x986A, 0x984B, 0x984C,
    0x984D, 0x984E, 0xA02F, 0xA030, 0xA011, 0xA012, 0xA814, 0xA815, 0xB017, 0xB018, 0xB019, 0xB01A, 0xB03A, 0xA87B, 0xA8DC, 0xA93C,
    0x89A3, 0x89A3, 0x91A3, 0x91A3, 0x9184, 0x9184, 0x9164, 0x9165, 0x9125, 0x9106, 0x98C7, 0x98A8, 0x98A9, 0x98AA, 0x98AB, 0x988C,
    0x988D, 0x988E, 0xA08F, 0xA070, 0xA071, 0xA052, 0xA814, 0xA815, 0xB017, 0xB018, 0xB019, 0xB03A, 0xA87A, 0xA8DB, 0xA91C, 0xA97C,
    0x89E3, 0x89E3, 0x91C3, 0x91C3, 0x91C4, 0x91A4, 0x91A4, 0x9185, 0x9165, 0x9946, 0x9907, 0x98E8, 0x98E9, 0x98EA, 0x98EB, 0x98EC,
    0x98ED, 0x98CE, 0xA0CF, 0xA0D0, 0xA0B1, 0xA092, 0xA874, 0xA855, 0xB057, 0xB058, 0xB079, 0xA89A, 0xA8DA, 0xA91B, 0xA95C, 0xA99C,
    0x9203, 0x9203, 0x9203, 0x9203, 0x91E4, 0x91E4, 0x91E4, 0x91C5, 0x91A5, 0x9986, 0x9967, 0x9948, 0x9929, 0x992A, 0x992B, 0xA12C,
    0xA12D, 0xA12E, 0xA12F, 0xA110, 0xA111, 0xA912, 0xA8F4, 0xA8F6, 0xB0F7, 0xB0F8, 0xB119, 0xB13A, 0xA95A, 0xA97B, 0xA9BC, 0xA9FC,
    0x9243, 0x9243, 0x9223, 0x9223, 0x9224, 0x9224, 0x9225, 0x9A05, 0x99E6, 0x99E6, 0x99C7, 0x9988, 0xA169, 0xA16A, 0xA16B, 0xA16C,
    0xA16D, 0xA16E, 0xA16F, 0xA170, 0xA971, 0xA953, 0xA954, 0xB156, 0xB157, 0xB158, 0xB179, 0xB19A, 0xA9BA, 0xA9DB, 0xAA1C, 0xAA3C,
    0x9263, 0x9263, 0x9A63, 0x9A63, 0x9A64, 0x9A64, 0x9A45, 0x9A45, 0x9A46, 0xA226, 0xA207, 0xA1E8, 0xA1C9, 0xA1AA, 0xA1AB, 0xA1AC,
    0xA1AD, 0xA1AE, 0xA9AF, 0xA9B1, 0xA9B2, 0xA9B3, 0xB1B4, 0xB1B6, 0xB1B7, 0xB1D8, 0xB1D9, 0xB1FA, 0xAA1A, 0xAA3B, 0xAA7C, 0xAA9C,
    0x9AA3, 0x9AA3, 0x9AA3, 0x9AA3, 0x9AA4, 0x9AA4, 0x9AA4, 0x9A85, 0xA286, 0xA286, 0xA267, 0xA248, 0xA229, 0xAA0A, 0xAA0B, 0xAA0C,
    0xAA0D, 0xAA0E, 0xAA10, 0xAA11, 0xAA12, 0xB213, 0xB215, 0xB216, 0xB217, 0xB238, 0xB239, 0xB25A, 0xB27A, 0xAA9B, 0xAABC, 0xAAFC,
    0x9AE3, 0x9AE3, 0x9AE3, 0xA2E3, 0xA2E4, 0xA2E4, 0xA2E5, 0xA2E5, 0xA2C6, 0xA2C7, 0xA2A7, 0xA2A8, 0xAA89, 0xAA8A, 0xAA6B, 0xAA4C,
    0xAA4D, 0xAA4F, 0xAA50, 0xB251, 0xB252, 0xB254, 0xB275, 0xB276, 0xB277, 0xB298, 0xB299, 0xB2BA, 0xB2DA, 0xAAFB, 0xAB1C, 0xAB3C,
    0x9B23, 0xA323, 0xA323, 0xA323, 0xA324, 0xA324, 0xA325, 0xA325, 0xA306, 0xA307, 0xA307, 0xAAE8, 0xAAE9, 0xAACA, 0xAAAB, 0xAAAC,
    0xAA8D, 0xAAAF, 0xAAB0, 0xB2B1, 0xB2B2, 0xB2B3, 0xB2B5, 0xB2B6, 0xB2B7, 0xB2D8, 0xB2D9, 0xB2FA, 0xB31B, 0xAB3B, 0xAB5C, 0xAB7C,
    0xA363, 0xA363, 0xA363, 0xA364, 0xA364, 0xA364, 0xA365, 0xA365, 0xA366, 0xAB47, 0xAB48, 0xAB48, 0xAB29, 0xAB2A, 0xAB0B, 0xAAEC,
    0xB2ED, 0xB2EF, 0xB2F0, 0xB2F1, 0xB2F2, 0xB314, 0xB315, 0xB316, 0xB317, 0xB338, 0xB339, 0xB35A, 0xB37A, 0xB39B, 0xAB9C, 0xB3DC,
    0xABA3, 0xABA3, 0xABA3, 0xABA4, 0xABA4, 0xABA4, 0xABA5, 0xABA6, 0xABA6, 0xABA7, 0xABA8, 0xABA9, 0xAB8A, 0xAB8B, 0xB38C, 0xB36D,
    0xB34E, 0xB34F, 0xB350, 0xB351, 0xB373, 0xB374, 0xB375, 0xB376, 0xB377, 0xB398, 0xB399, 0xB3BA, 0xB3DA, 0xB3DB, 0xB3FC, 0xB41C,
    0xABE3, 0xABE3, 0xABE3, 0xABE4, 0xABE4, 0xAC05, 0xABE5, 0xABE6, 0xAC07, 0xABE7, 0xB3E8, 0xB3E9, 0xB3EA, 0xB3EB, 0xB3EC, 0xB3CD,
    0xB3CE, 0xB3AF, 0xBBD1, 0xB3D2, 0xB3D3, 0xB3D4, 0xB3D6, 0xB3D6, 0xB3F7, 0xB3F8, 0xB419, 0xB41A, 0xB43A, 0xB43B, 0xB45C, 0xB47C,
    0xAC43, 0xAC43, 0xB444, 0xB444, 0xB445, 0xB445, 0xB446, 0xB446, 0xB447, 0xB448, 0xB449, 0xB449, 0xB44A, 0xB44B, 0xB44D, 0xB44E,
    0xB42F, 0xB430, 0xBC31, 0xBC32, 0xBC33, 0xBC34, 0xB436, 0xB457, 0xBC57, 0xB458, 0xB459, 0xB47A, 0xB49A, 0xB49B, 0xB4BC, 0xB4DC,
    0xB484, 0xB484, 0xB484, 0xB4A4, 0xB4A5, 0xB486, 0xB486, 0xB4A7, 0xB4A7, 0xB4A8, 0xB489, 0xB48A, 0xB48B, 0xB4AC, 0xB4AD, 0xB4AE,
    0xBCAF, 0xBCB0, 0xBCB2, 0xBCB3, 0xBC94, 0xBC95, 0xBCB6, 0xBCB7, 0xBCB8, 0xBCB8, 0xB4D9, 0xB4DA, 0xB4FA, 0xB4FB, 0xB51B, 0xBD1C,
    0xB4E4, 0xB4C4, 0xB4C5, 0xB4E5, 0xB4E5, 0xB4C6, 0xB4E7, 0xB4E7, 0xB4E8, 0xB4E8, 0xB4E9, 0xB4EA, 0xBCEB, 0xBCEC, 0xBCED, 0xBCEE,
    0xBCEF, 0xBCF1, 0xBCF2, 0xBCF3, 0xBCF4, 0xBCF5, 0xBCF6, 0xBCF7, 0xBCF8, 0xBD18, 0xBD19, 0xBD1A, 0xBD3A, 0xBD3B, 0xBD5B, 0xBD5C,
    0xBD25, 0xBD25, 0xBD25, 0xBD26, 0xBD26, 0xBD27, 0xBD27, 0xBD28, 0xBD28, 0xBD29, 0xBD2A, 0xBD2B, 0xBD2C, 0xBD2D, 0xBD2E, 0xBD2F,
    0xBD30, 0xBD31, 0xBD32, 0xBD33, 0xBD34, 0xBD35, 0xBD36, 0xBD57, 0xBD58, 0xBD58, 0xBD59, 0xBD5A, 0xBD7A, 0xBD7B, 0xBD7B, 0xBD9C,
    0xBD66, 0xBD66, 0xBD66, 0xBD66, 0xBD67, 0xBD67, 0xBD68, 0xBD68, 0xBD69, 0xBD6A, 0xBD6B, 0xBD6C, 0xBD6D, 0xBD6D, 0xBD6E, 0xBD6F,
    0xBD70, 0xBD71, 0xBD92, 0xBD93, 0xBD94, 0xBD95, 0xBD96, 0xBD97, 0xBD98, 0xBD98, 0xBD99, 0xBDBA, 0xBDBA, 0xBDBB, 0xBDBB, 0xBDDC,
    0xBDA6, 0xBDA7, 0xBDA7, 0xBDA7, 0xBDC8, 0xBDC8, 0xBDA8, 0xBDC9, 0xBDCA, 0xBDCA, 0xBDCB, 0xBDCC, 0xBDAD, 0xBDCE, 0xBDAF, 0xBDB0,
    0xBDB1, 0xBDD2, 0xBDD3, 0xBDD4, 0xBDD5, 0xBDD6, 0xBDD6, 0xBDD7, 0xBDD8, 0xBDD9, 0xBDD9, 0xBDFA, 0xBDFA, 0xBDFB, 0xBDFB, 0xC61C,
    0xBE08, 0xBE08, 0xBE08, 0xBE09, 0xBE09, 0xBE09, 0xBE0A, 0xBE0B, 0xBE0B, 0xBE0C, 0xBDED, 0xBDED, 0xBE0E, 0xBE0F, 0xBE10, 0xBE11,
    0xBE12, 0xBE13, 0xBE14, 0xBE14, 0xBE15, 0xBE16, 0xBE17, 0xBE17, 0xC618, 0xC619, 0xC619, 0xC63A, 0xC63A, 0xC63B, 0xC63B, 0xC63C,
    0xBE29, 0xBE4A, 0xBE4A, 0xBE4A, 0xBE4A, 0xBE4B, 0xBE4B, 0xBE4C, 0xBE4D, 0xBE4D, 0xBE4E, 0xBE4F, 0xBE4F, 0xC650, 0xBE51, 0xBE52,
    0xBE53, 0xC653, 0xBE54, 0xC655, 0xC656, 0xC656, 0xC657, 0xC658, 0xC658, 0xC659, 0xC659, 0xC65A, 0xC65A, 0xC65B, 0xC67B, 0xC65C,
    0xBE6B, 0xBE6B, 0xBE6C, 0xBE6C, 0xBE6C, 0xBE6D, 0xBE6D, 0xBE6D, 0xBE6E, 0xC66F, 0xBE6F, 0xBE70, 0xBE71, 0xC671, 0xBE72, 0xBE73,
    0xC673, 0xC674, 0xBE75, 0xC676, 0xC676, 0xC677, 0xC677, 0xC678, 0xC678, 0xC679, 0xC67A, 0xC67A, 0xC67A, 0xC69B, 0xC69B, 0xC69C,
    0xBE8D, 0xBE8D, 0xBE8D, 0xBE8D, 0xBE8D, 0xBE8E, 0xBEAE, 0xBEAF, 0xBE8F, 0xC690, 0xC690, 0xBE91, 0xBE92, 0xC692, 0xBE93, 0xC693,
    0xC694, 0xC695, 0xC695, 0xC696, 0xC696, 0xC697, 0xC697, 0xC6B8, 0xC699, 0xC699, 0xC6BA, 0xC69A, 0xC6BA, 0xC6BB, 0xCEBB, 0xCEBC,
    0xBECF, 0xBECF, 0xC6CF, 0xC6CF, 0xC6D0, 0xBED0, 0xC6D0, 0xBED0, 0xBED1, 0xC6D1, 0xC6D2, 0xC6D2, 0xC6D3, 0xC6D3, 0xC6D4, 0xC6D4,
    0xC6B5, 0xC6B5, 0xC6B6, 0xC6B6, 0xC6B7, 0xC6B7, 0xC6D8, 0xC6D8, 0xC6D9, 0xC6D9, 0xC6DA, 0xC6DA, 0xC6DA, 0xCEDB, 0xCEDB, 0xCEDC,
    0xC6F1, 0xC6F1, 0xC6F1, 0xC6F1, 0xC6D1, 0xC6F2, 0xC6F2, 0xC6F2, 0xC6F2, 0xC6F3, 0xC6F3, 0xC6F4, 0xC6F4, 0xC6F4, 0xC6F5, 0xC6F5,
    0xC6F6, 0xC6F6, 0xC6F7, 0xC6D7, 0xCED7, 0xCED8, 0xCEF8, 0xCED9, 0xCEF9, 0xCEF9, 0xCEFA, 0xCEFA, 0xCEFA, 0xCEFB, 0xCEFB, 0xCEFC,
    0xC713, 0xC713, 0xC713, 0xC713, 0xC713, 0xC713, 0xC714, 0xCF14, 0xCF14, 0xC715, 0xCF15, 0xC715, 0xC715, 0xCEF6, 0xCF16, 0xCF16,
    0xCF16, 0xCF17, 0xCF17, 0xCEF8, 0xCEF8, 0xCEF8, 0xCEF9, 0xCEF9, 0xCEF9, 0xCF1A, 0xCEFA, 0xCEFA, 0xCF1B, 0xCF1B, 0xD71B, 0xCF1C,
    0xCF35, 0xCF35, 0xCF15, 0xCF15, 0xCF35, 0xCF15, 0xCF15, 0xCF16, 0xCF16, 0xCF16, 0xCF16, 0xCF16, 0xCF16, 0xCF17, 0xCF17, 0xCF17,
    0xCF17, 0xCF18, 0xCF18, 0xCF18, 0xCF19, 0xCF19, 0xD719, 0xD719, 0xCF1A, 0xCF1A, 0xCF1A, 0xD71B, 0xD71B, 0xD71B, 0xD71B, 0xD73C,
    0xCF36, 0xCF37, 0xCF37, 0xD737, 0xD737, 0xD737, 0xD737, 0xD737, 0xD737, 0xCF37, 0xD737, 0xD737, 0xD737, 0xD738, 0xD738, 0xD738,
    0xD738, 0xD738, 0xD739, 0xD739, 0xD739, 0xD739, 0xD73A, 0xD73A, 0xD73A, 0xD73A, 0xD73A, 0xD73B, 0xD73B, 0xD73B, 0xD73C, 0xD73C,
    0x9123, 0x9123, 0x9103, 0x9103, 0x9104, 0x90E4, 0x98A5, 0x9845, 0x9806, 0x9806, 0x9807, 0x9808, 0xA009, 0xA00A, 0xA00B, 0xA00C,
    0xA00D, 0xA00E, 0xA00F, 0xA010, 0xA811, 0xA812, 0xB013, 0xB015, 0xB016, 0xB818, 0xB819, 0xB81A, 0xB01A, 0xB01B, 0xB01C, 0xB03C,
    0x9123, 0x9123, 0x9123, 0x9104, 0x9904, 0x98E4, 0x98C4, 0x9885, 0x9825, 0x9806, 0x9807, 0x9808, 0x9809, 0xA00A, 0xA00B, 0xA00C,
    0xA00D, 0xA00E, 0xA00F, 0xA010, 0xA811, 0xA812, 0xB014, 0xB015, 0xB016, 0xB818, 0xB019, 0xB81A, 0xB01A, 0xB01B, 0xB01C, 0xB05C,
    0x9143, 0x9143, 0x9123, 0x9124, 0x9924, 0x9904, 0x98E4, 0x98A5, 0x9845, 0x9806, 0x9807, 0xA008, 0xA009, 0xA00A, 0xA00B, 0xA00C,
    0xA00D, 0xA00E, 0xA80F, 0xA810, 0xA811, 0xA812, 0xB014, 0xB015, 0xB016, 0xB818, 0xB819, 0xB01A, 0xB01A, 0xB01B, 0xB03C, 0xB09C,
    0x9143, 0x9943, 0x9943, 0x9944, 0x9924, 0x9924, 0x9904, 0x98C5, 0x9885, 0xA006, 0xA007, 0xA008, 0xA009, 0xA00A, 0xA00B, 0xA00C,
    0xA00D, 0xA00E, 0xA80F, 0xA810, 0xA811, 0xA812, 0xB014, 0xB015, 0xB016, 0xB818, 0xB819, 0xB01A, 0xB01A, 0xB01B, 0xB05C, 0xB0DC,
    0x9963, 0x9963, 0x9963, 0x9963, 0x9944, 0x9944, 0x9924, 0x98E5, 0xA0A5, 0xA046, 0xA027, 0xA008, 0xA009, 0xA00A, 0xA80B, 0xA80C,
    0xA80D, 0xA80E, 0xA80F, 0xA810, 0xA811, 0xB013, 0xB014, 0xB015, 0xB017, 0xB818, 0xB819, 0xB81A, 0xB01A, 0xB05B, 0xB09C, 0xB11C,
    0x9983, 0x9983, 0x9983, 0x9983, 0x9964, 0x9964, 0x9944, 0xA125, 0xA106, 0xA0C6, 0xA067, 0xA028, 0xA029, 0xA82A, 0xA80B, 0xA80C,
    0xA80D, 0xA80E, 0xA80F, 0xA810, 0xB011, 0xB013, 0xB014, 0xB016, 0xB817, 0xB818, 0xB819, 0xB81A, 0xB05B, 0xB09B, 0xB11C, 0xB15D,
    0x99C3, 0x99C3, 0x99A3, 0x99A3, 0x99A4, 0x9984, 0xA184, 0xA165, 0xA146, 0xA106, 0xA0C7, 0xA088, 0xA089, 0xA06A, 0xA86B, 0xA86C,
    0xA86D, 0xA86E, 0xA84F, 0xA850, 0xA831, 0xB033, 0xB014, 0xB016, 0xB817, 0xB818, 0xB819, 0xB83A, 0xB09A, 0xB0FB, 0xB13C, 0xB19C,
    0x99E3, 0x99E3, 0x99E3, 0x99E3, 0x99C4, 0xA1C4, 0xA1A4, 0xA1A5, 0xA186, 0xA146, 0xA127, 0xA0E8, 0xA8C9, 0xA8CA, 0xA8CB, 0xA8CC,
    0xA8AD, 0xA8AE, 0xA8AF, 0xA8B0, 0xB091, 0xB093, 0xB074, 0xB056, 0xB857, 0xB858, 0xB879, 0xB0BA, 0xB0FA, 0xB13B, 0xB17C, 0xB1BC,
    0x9A23, 0x9A23, 0x9A03, 0xA203, 0xA204, 0xA204, 0xA1E4, 0xA1E5, 0xA1C6, 0xA1A6, 0xA967, 0xA948, 0xA909, 0xA90A, 0xA90B, 0xA90C,
    0xA90D, 0xA90E, 0xA90F, 0xB110, 0xB111, 0xB0F3, 0xB0F4, 0xB8D6, 0xB8F7, 0xB8F8, 0xB919, 0xB93A, 0xB17A, 0xB19B, 0xB1DC, 0xB21C,
    0xA243, 0xA243, 0xA243, 0xA243, 0xA244, 0xA244, 0xA225, 0xA205, 0xA206, 0xA9E6, 0xA9C7, 0xA9A8, 0xA969, 0xA96A, 0xA94B, 0xB16C,
    0xB16D, 0xB16E, 0xB16F, 0xB171, 0xB152, 0xB153, 0xB154, 0xB956, 0xB957, 0xB978, 0xB979, 0xB99A, 0xB1DA, 0xB1FB, 0xB23C, 0xB25C,
    0xA283, 0xA283, 0xA283, 0xA283, 0xA284, 0xA264, 0xA264, 0xAA65, 0xAA46, 0xAA46, 0xAA27, 0xAA08, 0xB1C9, 0xB1AA, 0xB1AB, 0xB1AC,
    0xB1AD, 0xB1AF, 0xB1B0, 0xB1B1, 0xB1B2, 0xB1B3, 0xB9B5, 0xB9B6, 0xB9D7, 0xB9D8, 0xB9D9, 0xBA1A, 0xBA3A, 0xB25B, 0xB27C, 0xB2BC,
    0xA2C2, 0xA2C3, 0xAAC3, 0xAAC3, 0xAAC4, 0xAAA4, 0xAAA4, 0xAAA5, 0xAAA6, 0xB287, 0xB267, 0xB268, 0xB249, 0xB20A, 0xB20B, 0xB20C,
    0xB20E, 0xB20F, 0xBA10, 0xBA11, 0xBA12, 0xBA14, 0xBA15, 0xBA16, 0xBA37, 0xBA38, 0xBA59, 0xBA7A, 0xBA9A, 0xB2BB, 0xB2DC, 0xB2FC,
    0xAB02, 0xAB03, 0xAB03, 0xAB03, 0xAB04, 0xAB04, 0xAB05, 0xAAE5, 0xB2E6, 0xB2C7, 0xB2C8, 0xB2A8, 0xB2A9, 0xB28A, 0xBA6B, 0xB24D,
    0xBA4E, 0xBA6F, 0xBA70, 0xBA71, 0xBA73, 0xBA74, 0xBA75, 0xBA76, 0xBA97, 0xBA98, 0xBA99, 0xBABA, 0xBADB, 0xB2FB, 0xB33C, 0xB35C,
    0xAB43, 0xAB43, 0xAB43, 0xAB43, 0xAB44, 0xAB44, 0xAB45, 0xAB25, 0xB326, 0xB327, 0xB308, 0xB308, 0xB2E9, 0xB2CA, 0xB2CB, 0xB2AC,
    0xBAAE, 0xBAAF, 0xBAB0, 0xBAB1, 0xBAB2, 0xBAB4, 0xBAB5, 0xBAB6, 0xBAD7, 0xBAD8, 0xBAF9, 0xBAFA, 0xBB1B, 0xB33B, 0xB37C, 0xB39C,
    0xAB83, 0xAB83, 0xB383, 0xB383, 0xB384, 0xB384, 0xB385, 0xB385, 0xB366, 0xB367, 0xB368, 0xB368, 0xB349, 0xB32A, 0xBB2B, 0xBB0D,
    0xBAEE, 0xBAEF, 0xBB10, 0xBB11, 0xBB13, 0xBB14, 0xBB15, 0xBB16, 0xBB37, 0xBB38, 0xBB59, 0xBB5A, 0xBB7B, 0xB39B, 0xB3BC, 0xB3DC,
    0xB3C3, 0xB3C3, 0xB3C3, 0xB3C4, 0xB3C4, 0xB3C4, 0xB3C5, 0xB3C6, 0xB3C6, 0xB3C7, 0xB3C8, 0xB3A9, 0xBBAA, 0xBBAB, 0xBB8C, 0xBB6D,
    0xBB6E, 0xBB4F, 0xC370, 0xBB72, 0xBB73, 0xBB74, 0xBB75, 0xBB76, 0xBB97, 0xBB98, 0xBBB9, 0xBBDA, 0xBBDA, 0xBBFB, 0xB41C, 0xBC3C,
    0xB403, 0xB403, 0xB403, 0xB404, 0xB404, 0xB405, 0xB405, 0xB406, 0xBC07, 0xBC08, 0xBC08, 0xBC09, 0xBC0A, 0xBC0B, 0xBC0C, 0xBBED,
    0xBBCE, 0xC3CF, 0xC3D1, 0xC3D2, 0xC3D3, 0xC3D4, 0xBBF6, 0xC3F6, 0xBBF7, 0xBC18, 0xBC19, 0xBC3A, 0xBC3A, 0xBC5B, 0xBC7C, 0xBC7C,
    0xBC63, 0xBC64, 0xBC64, 0xBC64, 0xBC65, 0xBC65, 0xBC66, 0xBC66, 0xBC67, 0xBC68, 0xBC69, 0xBC6A, 0xBC6B, 0xBC6C, 0xBC6D, 0xBC4E,
    0xBC4F, 0xC430, 0xC431, 0xC432, 0xC433, 0xC434, 0xC456, 0xC457, 0xC477, 0xBC78, 0xBC79, 0xBC9A, 0xBCBA, 0xBCBB, 0xBCDC, 0xBCDC,
    0xBCA4, 0xBCA4, 0xBCA4, 0xBCA5, 0xBCA5, 0xBCA6, 0xBCA6, 0xBCA7, 0xBCA8, 0xBCA8, 0xBCA9, 0xC4AA, 0xC4AB, 0xC4AC, 0xC4AD, 0xC4AE,
    0xC4AF, 0xC4B1, 0xC4B2, 0xC4B3, 0xC4B4, 0xC4B5, 0xC4B6, 0xC4B7, 0xC4D8, 0xC4D8, 0xBCD9, 0xBCFA, 0xBCFA, 0xBD1B, 0xBD1B, 0xBD1C,
    0xBCE5, 0xBCE5, 0xBCE5, 0xBCE5, 0xC4E6, 0xBCE6, 0xBCE7, 0xBCE7, 0xBCE8, 0xC4E9, 0xBCEA, 0xC4EB, 0xC4EC, 0xC4ED, 0xC4EE, 0xC4EE,
    0xC4EF, 0xC4F1, 0xC4F2, 0xC4F3, 0xC4F4, 0xC4F5, 0xC4F6, 0xC517, 0xC518, 0xC518, 0xBD19, 0xBD3A, 0xBD3A, 0xBD5B, 0xBD5B, 0xBD5C,
    0xC525, 0xC525, 0xC526, 0xC526, 0xC526, 0xC527, 0xC527, 0xC528, 0xC529, 0xC529, 0xC52A, 0xC52B, 0xC52C, 0xC52D, 0xC52E, 0xC52F,
    0xC550, 0xC551, 0xC552, 0xC553, 0xC554, 0xC555, 0xC556, 0xC557, 0xC558, 0xC558, 0xC559, 0xC57A, 0xBD7A, 0xBD9B, 0xC59B, 0xC59C,
    0xC566, 0xC566, 0xC566, 0xC567, 0xC567, 0xC568, 0xC568, 0xC569, 0xC569, 0xC56A, 0xC56B, 0xC56C, 0xC56D, 0xC56E, 0xC56F, 0xC570,
    0xC591, 0xC592, 0xC592, 0xC594, 0xC595, 0xC596, 0xC596, 0xC597, 0xC598, 0xC598, 0xC5B9, 0xC5BA, 0xC5BA, 0xC5DB, 0xC5DB, 0xC5DC,
    0xC5C7, 0xC5C7, 0xC5C7, 0xC5C8, 0xC5A8, 0xC5A8, 0xC5C9, 0xC5CA, 0xC5CA, 0xC5CB, 0xC5CC, 0xC5CD, 0xC5AD, 0xC5CE, 0xC5D0, 0xC5D0,
    0xC5D1, 0xC5D2, 0xC5D3, 0xC5D4, 0xC5D5, 0xC5D6, 0xC5D6, 0xC5D7, 0xC5D8, 0xC5D9, 0xC5F9, 0xC5FA, 0xC5FA, 0xC5FB, 0xC61B, 0xC61C,
    0xC608, 0xC608, 0xC609, 0xC609, 0xC609, 0xC60A, 0xC60A, 0xC60B, 0xC60C, 0xC60C, 0xC60D, 0xC60E, 0xC60E, 0xC60F, 0xC610, 0xC611,
    0xC612, 0xC613, 0xC614, 0xC615, 0xC616, 0xC616, 0xC637, 0xC618, 0xC618, 0xC639, 0xC639, 0xC63A, 0xC63A, 0xC63B, 0xC63B, 0xC63C,
    0xC64A, 0xC64A, 0xC64A, 0xC64B, 0xC64B, 0xC64B, 0xC64C, 0xC64C, 0xC64D, 0xC64E, 0xC64E, 0xC64F, 0xC650, 0xC651, 0xC651, 0xC652,
    0xC653, 0xC654, 0xC654, 0xC655, 0xC656, 0xC656, 0xC657, 0xC658, 0xC658, 0xC659, 0xC659, 0xCE5A, 0xCE5A, 0xCE5B, 0xCE7B, 0xCE7C,
    0xC66B, 0xC66C, 0xC66C, 0xC66C, 0xC66C, 0xC66D, 0xC66D, 0xC66E, 0xC66E, 0xC66F, 0xC66F, 0xC670, 0xC671, 0xC672, 0xC672, 0xC673,
    0xC673, 0xC674, 0xC675, 0xC676, 0xC676, 0xC677, 0xCE77, 0xCE78, 0xCE79, 0xCE79, 0xCE7A, 0xCE7A, 0xCE7A, 0xCE9B, 0xCE9B, 0xCE9C,
    0xC68D, 0xC68E, 0xC68E, 0xC68E, 0xC68E, 0xC6AE, 0xC6AF, 0xC6AF, 0xC6B0, 0xC6B0, 0xC691, 0xC691, 0xC692, 0xC692, 0xC693, 0xC693,
    0xC694, 0xC695, 0xC6B5, 0xC696, 0xC697, 0xC697, 0xCE98, 0xC698, 0xCEB9, 0xCEB9, 0xCEBA, 0xCEBA, 0xCEBA, 0xCEBB, 0xCEBB, 0xCEBC,
    0xC6CF, 0xC6CF, 0xC6CF, 0xC6D0, 0xC6D0, 0xC6D0, 0xC6D0, 0xC6D1, 0xC6D1, 0xC6D2, 0xC6D2, 0xC6D3, 0xC6D3, 0xC6B3, 0xC6D4, 0xC6D4,
    0xC6B5, 0xC6B5, 0xCEB6, 0xCEB6, 0xCEB7, 0xCED7, 0xCED8, 0xCED8, 0xCED9, 0xCED9, 0xCEDA, 0xCEDA, 0xCEDA, 0xCEDB, 0xCEDB, 0xCEDC,
    0xC6F1, 0xC6F1, 0xC6F1, 0xC6F2, 0xC6D2, 0xC6F2, 0xCEF2, 0xCEF2, 0xCEF3, 0xC6F3, 0xC6F3, 0xCEF4, 0xCEF4, 0xCEF5, 0xCEF5, 0xCEF5,
    0xCEF6, 0xCEF6, 0xCED7, 0xCED7, 0xCEF8, 0xCEF8, 0xCEF8, 0xCEF9, 0xCEF9, 0xCEFA, 0xCEFA, 0xCEFA, 0xCEFB, 0xCEFB, 0xCEFB, 0xCEFC,
    0xCF13, 0xCF13, 0xCF13, 0xCF13, 0xCEF4, 0xCF14, 0xCF14, 0xCF14, 0xCF14, 0xCF15, 0xCEF5, 0xCEF5, 0xCEF5, 0xCF16, 0xCF16, 0xCF16,
    0xCF17, 0xCF17, 0xCF17, 0xCEF8, 0xCEF8, 0xCEF8, 0xCEF9, 0xCEF9, 0xCF19, 0xCF1A, 0xCEFA, 0xD6FA, 0xD71B, 0xD71B, 0xD71C, 0xD71C,
    0xCF35, 0xCF15, 0xCF15, 0xCF35, 0xCF15, 0xCF15, 0xCF36, 0xCF36, 0xCF16, 0xCF16, 0xCF16, 0xCF16, 0xCF17, 0xD717, 0xD717, 0xCF17,
    0xD717, 0xD718, 0xD718, 0xD718, 0xD719, 0xD719, 0xD719, 0xD719, 0xD71A, 0xD71A, 0xD71A, 0xD71A, 0xD71B, 0xD71B, 0xD73C, 0xD73C,
    0xD737, 0xD737, 0xD737, 0xD737, 0xD737, 0xD737, 0xD737, 0xD737, 0xD737, 0xD737, 0xD737, 0xD738, 0xD738, 0xD738, 0xD738, 0xD738,
    0xD738, 0xD739, 0xD739, 0xD739, 0xD739, 0xD739, 0xD73A, 0xD73A, 0xD73A, 0xD73A, 0xD73A, 0xD73B, 0xD73B, 0xD73B, 0xD73C, 0xD73C,
    0xA123, 0xA123, 0xA103, 0xA104, 0xA104, 0xA0E4, 0xA8A5, 0xA845, 0xA806, 0xA806, 0xA807, 0xA808, 0xA809, 0xA80A, 0xA80B, 0xB00C,
    0xB00D, 0xB00E, 0xB00F, 0xB010, 0xB011, 0xB013, 0xB814, 0xB815, 0xB816, 0xC018, 0xC019, 0xC01A, 0xB81A, 0xB81B, 0xB81C, 0xB87C,
    0xA143, 0xA123, 0xA123, 0xA123, 0xA104, 0xA0E4, 0xA0C4, 0xA865, 0xA825, 0xA806, 0xA807, 0xA808, 0xA809, 0xA80A, 0xA80B, 0xB00C,
    0xB00D, 0xB00E, 0xB00F, 0xB010, 0xB011, 0xB013, 0xB814, 0xB815, 0xC016, 0xC018, 0xC019, 0xC01A, 0xB81A, 0xB81B, 0xB83C, 0xB8BC,
    0xA143, 0xA143, 0xA143, 0xA123, 0xA124, 0xA104, 0xA0E4, 0xA8A5, 0xA845, 0xA806, 0xA807, 0xA808, 0xA809, 0xA80A, 0xB00B, 0xB00C,
    0xB00D, 0xB00E, 0xB00F, 0xB011, 0xB012, 0xB013, 0xB814, 0xB815, 0xC017, 0xC018, 0xC019, 0xC01A, 0xB81A, 0xB81B, 0xB85C, 0xB8DC,
    0xA163, 0xA163, 0xA163, 0xA143, 0xA944, 0xA124, 0xA904, 0xA8C5, 0xA885, 0xA806, 0xA807, 0xA808, 0xB009, 0xB00A, 0xB00B, 0xB00C,
    0xB00D, 0xB00E, 0xB010, 0xB011, 0xB012, 0xB813, 0xB814, 0xB815, 0xC017, 0xC018, 0xC019, 0xC01A, 0xB81A, 0xB83B, 0xB87C, 0xB91C,
    0xA183, 0xA183, 0xA963, 0xA963, 0xA964, 0xA944, 0xA924, 0xA905, 0xA8C6, 0xB046, 0xB007, 0xB008, 0xB009, 0xB00A, 0xB00B, 0xB00D,
    0xB00D, 0xB00E, 0xB810, 0xB811, 0xB812, 0xB813, 0xB814, 0xB816, 0xC017, 0xC018, 0xC019, 0xC01A, 0xB81A, 0xB85B, 0xB8DC, 0xB95C,
    0xA1A3, 0xA9A3, 0xA9A3, 0xA9A3, 0xA984, 0xA964, 0xA965, 0xA925, 0xB106, 0xB0C6, 0xB047, 0xB008, 0xB009, 0xB00A, 0xB00C, 0xB00D,
    0xB00D, 0xB00F, 0xB810, 0xB811, 0xB812, 0xB813, 0xB814, 0xC016, 0xC017, 0xC018, 0xC019, 0xC01A, 0xC05B, 0xB8DB, 0xB93C, 0xB99C,
    0xA9C3, 0xA9C3, 0xA9C3, 0xA9C3, 0xA9A4, 0xA9A4, 0xA984, 0xA965, 0xB146, 0xB106, 0xB0A7, 0xB068, 0xB049, 0xB04A, 0xB04B, 0xB02C,
    0xB02D, 0xB02F, 0xB030, 0xB831, 0xB812, 0xB813, 0xB814, 0xC016, 0xC017, 0xC018, 0xC019, 0xC05A, 0xB8BA, 0xB91B, 0xB97C, 0xB9BC,
    0xAA03, 0xAA03, 0xA9E3, 0xA9E3, 0xA9E4, 0xA9C4, 0xA9C4, 0xA9A5, 0xB186, 0xB166, 0xB127, 0xB0E8, 0xB0A9, 0xB0AA, 0xB0AB, 0xB08C,
    0xB08D, 0xB08F, 0xB890, 0xB891, 0xB872, 0xB873, 0xB854, 0xC056, 0xC057, 0xC078, 0xC099, 0xC0DA, 0xB91A, 0xB95B, 0xB9BC, 0xB9FC,
    0xAA23, 0xAA23, 0xAA23, 0xAA23, 0xAA24, 0xAA04, 0xAA05, 0xB1E5, 0xB1C6, 0xB1A6, 0xB187, 0xB148, 0xB109, 0xB10A, 0xB90B, 0xB90C,
    0xB90D, 0xB8EF, 0xB8F0, 0xB8F1, 0xB8F2, 0xB8F3, 0xB8F4, 0xC0F6, 0xC0F7, 0xC118, 0xC119, 0xC15A, 0xB97A, 0xB9BB, 0xB9FC, 0xBA3C,
    0xAA63, 0xAA63, 0xAA63, 0xAA63, 0xAA44, 0xB244, 0xB244, 0xB225, 0xB206, 0xB207, 0xB1C7, 0xB1A8, 0xB989, 0xB94A, 0xB94B, 0xB94C,
    0xB94D, 0xB94F, 0xB950, 0xB951, 0xB952, 0xB953, 0xC155, 0xC156, 0xC177, 0xC178, 0xC199, 0xC1BA, 0xB9DA, 0xBA1B, 0xBA5C, 0xBA7C,
    0xB2A2, 0xB2A3, 0xB2A3, 0xB2A3, 0xB2A4, 0xB284, 0xB284, 0xB265, 0xB266, 0xBA47, 0xBA27, 0xBA08, 0xB9E9, 0xB9AA, 0xC1AB, 0xB9AC,
    0xB9AD, 0xB9AF, 0xC1B0, 0xC1D1, 0xC1B2, 0xC1B4, 0xC1B5, 0xC1D6, 0xC1D7, 0xC1D8, 0xC1F9, 0xC21A, 0xC25A, 0xBA7B, 0xBA9C, 0xBADC,
    0xB2C2, 0xB2E3, 0xB2E3, 0xB2E3, 0xB2E4, 0xB2C4, 0xB2C5, 0xB2A5, 0xBAA6, 0xBAA7, 0xBA88, 0xBA68, 0xBA49, 0xC22A, 0xC20C, 0xC20D,
    0xC20E, 0xC20F, 0xC210, 0xC211, 0xC213, 0xC214, 0xC215, 0xC236, 0xC237, 0xC258, 0xC259, 0xC27A, 0xC2BB, 0xBADB, 0xBAFC, 0xBB1C,
    0xB322, 0xB323, 0xB323, 0xB323, 0xBB24, 0xBB04, 0xBB05, 0xBB05, 0xBAE6, 0xBAE7, 0xBAC8, 0xBAC8, 0xC2A9, 0xC28B, 0xC26C, 0xC26D,
    0xC26E, 0xC26F, 0xC270, 0xC272, 0xC273, 0xC274, 0xC275, 0xCA96, 0xC297, 0xC2B8, 0xC2B9, 0xC2DA, 0xC2FB, 0xBB1B, 0xBB3C, 0xBB7C,
    0xB363, 0xB363, 0xB363, 0xBB63, 0xBB64, 0xBB44, 0xBB45, 0xBB45, 0xBB46, 0xBB27, 0xBB28, 0xBB09, 0xBB0A, 0xC2EA, 0xC2CC, 0xC2AD,
    0xC2AE, 0xC2AF, 0xC2B0, 0xC2B1, 0xC2B2, 0xC2B4, 0xC2D5, 0xC2D6, 0xC2D7, 0xC2F8, 0xC2F9, 0xC31A, 0xC33B, 0xBB5B, 0xBB9C, 0xBBBC,
    0xBBA3, 0xBBA3, 0xBBA3, 0xBBA3, 0xBBA4, 0xBBA4, 0xBBA5, 0xBB86, 0xBB86, 0xBB87, 0xC368, 0xC369, 0xC36A, 0xC34B, 0xC32C, 0xC32D,
    0xC30E, 0xC30F, 0xCB10, 0xC312, 0xC313, 0xC314, 0xCB15, 0xCB36, 0xCB37, 0xC358, 0xC359, 0xC37A, 0xC39B, 0xBBBB, 0xBBDC, 0xBBFC,
    0xBBE3, 0xBBE3, 0xBBE3, 0xBBE4, 0xBBE4, 0xBBE4, 0xBBE5, 0xBBE6, 0xC3C7, 0xC3E8, 0xC3C8, 0xC3C9, 0xC3AA, 0xC3AB, 0xC3AC, 0xC38D,
    0xC36E, 0xCB6F, 0xCB71, 0xCB72, 0xCB73, 0xCB74, 0xCB95, 0xCB96, 0xCB97, 0xC3B8, 0xC3B9, 0xC3DA, 0xC3FA, 0xC41B, 0xBC3C, 0xBC5C,
    0xBC23, 0xC423, 0xC424, 0xC424, 0xC424, 0xC425, 0xC426, 0xC426, 0xC427, 0xC428, 0xC428, 0xC409, 0xC40A, 0xC40B, 0xC40D, 0xC40D,
    0xCBEF, 0xCBD0, 0xCBD1, 0xCBF2, 0xCBF3, 0xCBF4, 0xCBF5, 0xCBF6, 0xCC17, 0xC418, 0xC439, 0xC43A, 0xC45A, 0xC47B, 0xC49C, 0xC49C,
    0xC464, 0xC464, 0xC484, 0xC484, 0xC485, 0xC465, 0xC466, 0xC467, 0xC467, 0xC488, 0xC469, 0xC46A, 0xC46B, 0xCC6C, 0xCC6D, 0xCC6E,
    0xCC4F, 0xCC50, 0xCC51, 0xCC52, 0xCC53, 0xCC55, 0xCC56, 0xCC77, 0xCC78, 0xC478, 0xC499, 0xC49A, 0xC4BA, 0xC4DB, 0xC4DB, 0xC4FC,
    0xC4A4, 0xCCC4, 0xCCC5, 0xCCC5, 0xCCC6, 0xC4C6, 0xC4C7, 0xCCC7, 0xCCC8, 0xCCC9, 0xCCCA, 0xCCCB, 0xCCCC, 0xCCCD, 0xCCCD, 0xCCCF,
    0xCCB0, 0xCCB1, 0xCCB2, 0xCCD3, 0xCCB4, 0xCCB5, 0xCCB6, 0xCCD7, 0xCCD8, 0xCCD9, 0xC4F9, 0xC4FA, 0xC51B, 0xC51B, 0xC53B, 0xC53C,
    0xC505, 0xCCE5, 0xCCE5, 0xCD06, 0xCCE6, 0xCD07, 0xCCE7, 0xCD08, 0xCD08, 0xCD09, 0xCD0A, 0xCD0B, 0xCD0C, 0xCD0D, 0xCD0E, 0xCD0F,
    0xCD10, 0xCD11, 0xCD12, 0xCD13, 0xCD14, 0xCD15, 0xCD16, 0xCD17, 0xCD18, 0xCD19, 0xC539, 0xC53A, 0xC55A, 0xC55B, 0xC55B, 0xC57C,
    0xCD45, 0xCD46, 0xCD46, 0xCD46, 0xCD27, 0xCD47, 0xCD48, 0xCD48, 0xCD49, 0xCD4A, 0xCD4B, 0xCD4B, 0xCD4D, 0xCD4E, 0xCD4E, 0xCD4F,
    0xCD50, 0xCD51, 0xCD52, 0xCD53, 0xCD54, 0xCD55, 0xCD56, 0xCD57, 0xCD58, 0xCD59, 0xC579, 0xC57A, 0xC59A, 0xC59B, 0xC59B, 0xC5BC,
    0xCD86, 0xCD87, 0xCD87, 0xCD87, 0xCD68, 0xCD88, 0xCD88, 0xCD89, 0xCD8A, 0xCD8B, 0xCD8B, 0xCD8C, 0xCD8D, 0xCD8E, 0xCD8F, 0xCD90,
    0xCD91, 0xCD92, 0xCD93, 0xCD94, 0xCD95, 0xCD96, 0xCD96, 0xCD97, 0xCDB8, 0xCDB9, 0xCDB9, 0xCDBA, 0xC5DA, 0xC5DB, 0xC5DB, 0xC5DC,
    0xCDC8, 0xCDC8, 0xCDC8, 0xCDC8, 0xCDC8, 0xCDC9, 0xCDC9, 0xCDCA, 0xCDCB, 0xCDCB, 0xCDCC, 0xCDCD, 0xCDCE, 0xCDCF, 0xCDD0, 0xCDD1,
    0xCDD1, 0xCDD2, 0xCDD3, 0xCDD4, 0xCDD5, 0xCDD6, 0xC5F7, 0xCDF7, 0xCDF8, 0xCDF9, 0xCDF9, 0xCDFA, 0xCDFA, 0xCE1B, 0xCE1B, 0xCE1C,
    0xCE09, 0xCE09, 0xCE09, 0xCE0A, 0xCE0A, 0xCE0A, 0xCE0B, 0xCE0B, 0xCE0C, 0xCE0D, 0xCE0D, 0xCE0E, 0xCE0F, 0xCE10, 0xCE11, 0xCE11,
    0xCE12, 0xCE13, 0xCE14, 0xCE15, 0xCE16, 0xCE36, 0xCE37, 0xCE38, 0xCE38, 0xCE39, 0xCE39, 0xCE3A, 0xCE3A, 0xCE3B, 0xCE3B, 0xCE3C,
    0xCE4A, 0xCE4B, 0xCE4B, 0xCE4B, 0xCE4B, 0xCE4C, 0xCE4C, 0xCE4D, 0xCE4D, 0xCE4E, 0xCE4E, 0xCE4F, 0xCE50, 0xCE51, 0xCE52, 0xCE52,
    0xCE53, 0xCE54, 0xCE55, 0xCE55, 0xCE56, 0xCE57, 0xCE57, 0xCE58, 0xCE58, 0xCE59, 0xCE5A, 0xCE5A, 0xCE5A, 0xCE5B, 0xCE7B, 0xCE7C,
    0xCE6C, 0xCE6C, 0xCE6C, 0xCE6D, 0xCE6D, 0xCE6D, 0xCE6E, 0xCE6E, 0xCE6F, 0xCE6F, 0xCE70, 0xCE70, 0xCE71, 0xCE72, 0xCE72, 0xCE73,
    0xCE74, 0xCE74, 0xCE75, 0xCE76, 0xCE96, 0xCE77, 0xCE77, 0xCE78, 0xCE99, 0xCE99, 0xCE7A, 0xCE9A, 0xCE9A, 0xCE9B, 0xCE9B, 0xCE9C,
    0xCE8E, 0xCEAE, 0xCE8E, 0xCE8E, 0xCE8E, 0xCE8F, 0xCEAF, 0xCEAF, 0xCEB0, 0xCEB0, 0xCE91, 0xCE91, 0xCE92, 0xCEB3, 0xCEB3, 0xCE94,
    0xCE94, 0xCEB5, 0xCEB6, 0xCEB6, 0xCEB7, 0xCEB7, 0xCE98, 0xCE98, 0xCEB9, 0xCEB9, 0xCEBA, 0xCEBA, 0xCEBA, 0xCEBB, 0xCEBB, 0xCEBC,
    0xCED0, 0xCED0, 0xCED0, 0xCED0, 0xCED0, 0xCED0, 0xCED1, 0xCED1, 0xCED1, 0xCED2, 0xCED2, 0xCED3, 0xCEB3, 0xCEB4, 0xCEB4, 0xCEB5,
    0xCEB5, 0xCEB6, 0xCEB6, 0xCEB7, 0xCED7, 0xCED7, 0xCED8, 0xCED8, 0xCED9, 0xCED9, 0xCEDA, 0xCEDA, 0xD6DA, 0xD6DB, 0xD6DB, 0xD6DC,
    0xCEF2, 0xCEF2, 0xCEF2, 0xCEF2, 0xCEF2, 0xCEF2, 0xCEF2, 0xCEF3, 0xCEF3, 0xCEF3, 0xCEF4, 0xCEF4, 0xCEF4, 0xCEF5, 0xCEF5, 0xCEF6,
    0xCEF6, 0xCEF6, 0xCEF7, 0xCEF7, 0xCEF8, 0xCEF8, 0xD6F8, 0xD6F9, 0xCEF9, 0xCEFA, 0xD6FA, 0xD6FA, 0xD6FB, 0xD6FB, 0xD6FB, 0xD6FC,
    0xCF13, 0xCF13, 0xCF14, 0xCF14, 0xCEF4, 0xCF14, 0xCF14, 0xCF14, 0xCF15, 0xCEF5, 0xCEF5, 0xCEF5, 0xCEF6, 0xD716, 0xCF16, 0xCF16,
    0xCF17, 0xCF17, 0xD6F7, 0xD6F8, 0xD718, 0xD718, 0xD6F9, 0xD719, 0xD71A, 0xD71A, 0xD6FA, 0xD71A, 0xD71B, 0xD6FB, 0xD6FC, 0xD71C,
    0xD735, 0xD715, 0xD715, 0xD716, 0xD716, 0xD716, 0xD716, 0xD736, 0xD716, 0xD716, 0xD716, 0xD716, 0xD717, 0xD717, 0xD717, 0xD717,
    0xD718, 0xD718, 0xD718, 0xD718, 0xD719, 0xD719, 0xD719, 0xD719, 0xD71A, 0xD71A, 0xD71A, 0xD71A, 0xD71B, 0xD71B, 0xD71C, 0xD73C,
    0xD737, 0xD737, 0xD737, 0xD737, 0xD737, 0xD737, 0xD737, 0xD737, 0xD737, 0xD738, 0xD738, 0xD738, 0xD738, 0xD738, 0xD738, 0xD738,
    0xD739, 0xD739, 0xD739, 0xD739, 0xD739, 0xD739, 0xD73A, 0xD73A, 0xD73A, 0xD73A, 0xD73A, 0xD73B, 0xD73B, 0xD73B, 0xD73C, 0xD73C,
    0xA923, 0xB123, 0xB123, 0xB104, 0xB104, 0xB0E4, 0xB0A5, 0xB045, 0xB006, 0xB006, 0xB807, 0xB808, 0xB809, 0xB80A, 0xB80B, 0xB80C,
    0xB80D, 0xB80F, 0xB810, 0xC011, 0xC012, 0xC013, 0xC014, 0xC015, 0xC817, 0xC818, 0xC819, 0xC81A, 0xC01A, 0xC01B, 0xC03C, 0xC0DC,
    0xB143, 0xB143, 0xB123, 0xB123, 0xB104, 0xB0E4, 0xB0C4, 0xB065, 0xB005, 0xB006, 0xB807, 0xB808, 0xB809, 0xB80A, 0xB80B, 0xB80D,
    0xB80D, 0xB80F, 0xB80F, 0xC011, 0xC012, 0xC013, 0xC014, 0xC016, 0xC817, 0xC818, 0xC819, 0xC81A, 0xC01A, 0xC01B, 0xC05C, 0xC0FC,
    0xB163, 0xB163, 0xB143, 0xB143, 0xB124, 0xB104, 0xB0E4, 0xB0A5, 0xB045, 0xB806, 0xB807, 0xB808, 0xB809, 0xB80A, 0xB80B, 0xB80C,
    0xB80D, 0xB80F, 0xC010, 0xC011, 0xC012, 0xC013, 0xC014, 0xC816, 0xC817, 0xC818, 0xC819, 0xC81A, 0xC01A, 0xC03B, 0xC07C, 0xC11C,
    0xB163, 0xB163, 0xB163, 0xB163, 0xB144, 0xB124, 0xB104, 0xB0C5, 0xB886, 0xB806, 0xB807, 0xB808, 0xB809, 0xB80A, 0xB80C, 0xB80D,
    0xB80E, 0xC00F, 0xC010, 0xC011, 0xC012, 0xC013, 0xC014, 0xC816, 0xC817, 0xC818, 0xC819, 0xC81A, 0xC01A, 0xC05B, 0xC0BC, 0xC13C,
    0xB183, 0xB183, 0xB183, 0xB183, 0xB964, 0xB144, 0xB125, 0xB905, 0xB8C6, 0xB847, 0xB807, 0xB808, 0xB809, 0xC00A, 0xC00C, 0xC00D,
    0xC00E, 0xC00F, 0xC010, 0xC011, 0xC012, 0xC013, 0xC014, 0xC816, 0xC817, 0xC818, 0xC819, 0xC81A, 0xC01A, 0xC09B, 0xC11C, 0xC17D,
    0xB1C3, 0xB1C3, 0xB1A3, 0xB9A3, 0xB9A4, 0xB984, 0xB965, 0xB945, 0xB906, 0xC0C6, 0xC027, 0xC008, 0xC009, 0xC00A, 0xC00C, 0xC00D,
    0xC00E, 0xC00F, 0xC010, 0xC011, 0xC012, 0xC013, 0xC814, 0xC816, 0xC817, 0xC818, 0xC819, 0xC83A, 0xC89A, 0xC0FB, 0xC15C, 0xC1BC,
    0xB1E3, 0xB1E3, 0xB1E3, 0xB9C3, 0xB9C4, 0xB9A4, 0xB984, 0xB965, 0xB946, 0xB906, 0xB8A7, 0xC068, 0xC029, 0xC02A, 0xC00B, 0xC00D,
    0xC00E, 0xC00F, 0xC010, 0xC011, 0xC012, 0xC013, 0xC814, 0xC816, 0xC817, 0xC818, 0xC839, 0xC87A, 0xC8DA, 0xC13B, 0xC19C, 0xC1DC,
    0xB203, 0xB203, 0xB203, 0xB203, 0xB9E4, 0xB9E4, 0xB9C5, 0xB9C5, 0xB986, 0xB966, 0xB927, 0xC0C8, 0xC089, 0xC06A, 0xC06B, 0xC06C,
    0xC06E, 0xC06F, 0xC070, 0xC051, 0xC052, 0xC053, 0xC054, 0xC856, 0xC857, 0xC878, 0xC8B9, 0xC8FA, 0xC93A, 0xC19B, 0xC1DC, 0xC21C,
    0xBA43, 0xBA43, 0xBA23, 0xBA23, 0xBA24, 0xBA24, 0xBA05, 0xBA05, 0xB9E6, 0xB9C6, 0xB987, 0xC148, 0xC109, 0xC0EA, 0xC0EB, 0xC0EC,
    0xC0EE, 0xC0EF, 0xC0F0, 0xC8F1, 0xC8F2, 0xC8F3, 0xC8F5, 0xC8F6, 0xC8F7, 0xC918, 0xC939, 0xC97A, 0xC19A, 0xC1DB, 0xC21C, 0xBA5C,
    0xBA62, 0xBA63, 0xBA83, 0xBA83, 0xBA64, 0xBA64, 0xBA44, 0xBA45, 0xBA26, 0xC207, 0xC1E7, 0xC1C8, 0xC189, 0xC14A, 0xC14B, 0xC14C,
    0xC14E, 0xC14F, 0xC950, 0xC951, 0xC952, 0xC953, 0xC975, 0xC976, 0xC977, 0xC998, 0xC9B9, 0xC9DA, 0xC1FA, 0xC23B, 0xC27C, 0xC2BC,
    0xBAA2, 0xBAA3, 0xBAA3, 0xBAA3, 0xBAA4, 0xBAA4, 0xBA85, 0xC285, 0xC286, 0xC267, 0xC248, 0xC228, 0xC9E9, 0xC9CA, 0xC9CC, 0xC9AD,
    0xC9AE, 0xC9AF, 0xC9D0, 0xC9D1, 0xC9D3, 0xC9D4, 0xC9D5, 0xC9D6, 0xC9D7, 0xC9F8, 0xCA19, 0xCA3A, 0xCA5B, 0xC29B, 0xC2BC, 0xC2FC,
    0xBAE2, 0xBAE3, 0xC2E3, 0xC2E3, 0xC2E4, 0xBAE4, 0xC2C5, 0xC2C5, 0xC2C6, 0xC2C7, 0xC2A8, 0xCA89, 0xCA69, 0xCA4B, 0xCA2C, 0xCA0D,
    0xCA0E, 0xCA0F, 0xCA30, 0xD232, 0xD233, 0xCA34, 0xCA35, 0xD236, 0xD257, 0xCA78, 0xCA79, 0xCA9A, 0xCABB, 0xC2FB, 0xC31C, 0xC33C,
    0xC342, 0xC343, 0xC323, 0xC343, 0xC344, 0xC324, 0xC325, 0xC306, 0xC306, 0xC307, 0xCAE8, 0xCAC9, 0xCACA, 0xCAAB, 0xCA8C, 0xCA6D,
    0xCA6E, 0xD26F, 0xD291, 0xD292, 0xD293, 0xD294, 0xCA95, 0xD296, 0xD2B7, 0xCAB8, 0xCAD9, 0xCAFA, 0xCB1A, 0xC33B, 0xC35C, 0xC39C,
    0xC363, 0xC363, 0xC363, 0xC363, 0xC364, 0xC364, 0xC365, 0xC366, 0xC346, 0xC347, 0xCB28, 0xCB29, 0xCB0A, 0xCAEB, 0xCAEC, 0xCACD,
    0xCAAE, 0xCAAF, 0xD2D1, 0xD2D2, 0xCAD3, 0xCAD4, 0xCAD5, 0xD2D6, 0xCAF7, 0xCAF8, 0xCB19, 0xCB3A, 0xCB5A, 0xC37B, 0xC3BC, 0xC3BC,
    0xC3C2, 0xC3C3, 0xC3C3, 0xC3C4, 0xC3A4, 0xC3A4, 0xC3A5, 0xC3A6, 0xCBA7, 0xCB87, 0xCB88, 0xCB89, 0xCB6A, 0xCB6B, 0xCB4C, 0xCB2D,
    0xCB2E, 0xCB0F, 0xD331, 0xD332, 0xD333, 0xD334, 0xD335, 0xD336, 0xD357, 0xCB58, 0xCB79, 0xCB9A, 0xCBBA, 0xC3DB, 0xC3FC, 0xC41C,
    0xC403, 0xC403, 0xCC03, 0xCC04, 0xCC04, 0xCBE5, 0xCBE5, 0xCBE6, 0xCBE7, 0xCBE8, 0xCBE8, 0xCBC9, 0xCBCA, 0xCBCB, 0xCBAC, 0xCBAD,
    0xD38E, 0xD390, 0xD391, 0xD392, 0xD393, 0xD394, 0xD395, 0xD3B6, 0xD3B7, 0xCBD8, 0xCBD9, 0xCBFA, 0xCC1A, 0xCC3B, 0xC45B, 0xC45C,
    0xCC43, 0xCC43, 0xCC44, 0xCC44, 0xCC45, 0xCC45, 0xCC46, 0xCC46, 0xCC47, 0xCC48, 0xCC29, 0xCC2A, 0xCC2B, 0xCC2C, 0xD40D, 0xD40E,
    0xD40F, 0xD3F0, 0xD3F1, 0xD3F2, 0xD3F3, 0xD3F4, 0xD416, 0xD417, 0xD418, 0xCC38, 0xCC39, 0xCC5A, 0xCC7A, 0xCC9B, 0xCC9B, 0xC4BC,
    0xCC84, 0xCC84, 0xCC84, 0xCC85, 0xCC85, 0xCC86, 0xCC86, 0xCC87, 0xCC88, 0xCC89, 0xCC89, 0xCC8A, 0xCC8B, 0xD48C, 0xD48D, 0xD46E,
    0xD46F, 0xD470, 0xD472, 0xD453, 0xD454, 0xD455, 0xD476, 0xD477, 0xD478, 0xD499, 0xCC99, 0xCCBA, 0xCCBB, 0xCCDB, 0xCCFC, 0xCD1C,
    0xCCC4, 0xD4C5, 0xD4C5, 0xD4C6, 0xD4C6, 0xD4C6, 0xCCC7, 0xD4C8, 0xD4C8, 0xD4E9, 0xD4CA, 0xD4CB, 0xD4CC, 0xD4ED, 0xD4EE, 0xD4CF,
    0xD4D0, 0xD4D1, 0xD4D2, 0xD4D3, 0xD4D4, 0xD4D5, 0xD4D6, 0xD4D7, 0xD4D8, 0xD4F9, 0xCCF9, 0xCCFA, 0xCD1B, 0xCD3B, 0xCD3C, 0xCD5C,
    0xD505, 0xD505, 0xD506, 0xD506, 0xD507, 0xD507, 0xD507, 0xD508, 0xD509, 0xD50A, 0xD50A, 0xD50B, 0xD50C, 0xD50D, 0xD50E, 0xD50F,
    0xD510, 0xD511, 0xD512, 0xD513, 0xD514, 0xCD15, 0xCD16, 0xD517, 0xD538, 0xD539, 0xCD39, 0xCD3A, 0xCD5A, 0xCD5B, 0xCD7B, 0xCD7C,
    0xD546, 0xD546, 0xD546, 0xD547, 0xD547, 0xD548, 0xD548, 0xD549, 0xD549, 0xD54A, 0xD54B, 0xD54C, 0xD54D, 0xD54E, 0xD54F, 0xD550,
    0xD551, 0xD551, 0xD553, 0xD554, 0xCD55, 0xCD55, 0xCD56, 0xCD77, 0xD578, 0xCD79, 0xCD79, 0xCD7A, 0xCD9A, 0xCD9B, 0xCD9B, 0xCDBC,
    0xD587, 0xD587, 0xD587, 0xD588, 0xD588, 0xD588, 0xD589, 0xD58A, 0xD58A, 0xD58B, 0xD58C, 0xD58D, 0xD58E, 0xD58F, 0xD58F, 0xD590,
    0xD591, 0xD5B2, 0xD5B3, 0xCDB4, 0xCDB5, 0xCDB6, 0xCDB6, 0xCDB7, 0xCDB8, 0xCDB9, 0xCDB9, 0xCDBA, 0xCDDA, 0xCDDB, 0xCDDB, 0xCDFC,
    0xD5C8, 0xD5C8, 0xD5C8, 0xD5C9, 0xD5C9, 0xD5C9, 0xD5CA, 0xD5CB, 0xD5CB, 0xD5CC, 0xD5CD, 0xD5CE, 0xD5CE, 0xD5CF, 0xD5D0, 0xD5D1,
    0xD5D2, 0xD5F3, 0xCDF3, 0xCDF4, 0xCDF5, 0xCDF6, 0xCDF7, 0xCDF7, 0xCDF8, 0xCDF9, 0xCDF9, 0xCDFA, 0xCDFA, 0xCE1B, 0xCE1B, 0xCE1C,
    0xD609, 0xD60A, 0xD60A, 0xD60A, 0xD60A, 0xD60B, 0xD60B, 0xD60C, 0xD60D, 0xD60D, 0xD60E, 0xD60F, 0xD610, 0xD610, 0xD611, 0xD612,
    0xD612, 0xCE13, 0xD614, 0xD635, 0xCE36, 0xCE36, 0xCE37, 0xCE38, 0xCE38, 0xD639, 0xD639, 0xD63A, 0xD63B, 0xD63B, 0xD63B, 0xCE5C,
    0xD62B, 0xD64B, 0xD64B, 0xD64C, 0xD64C, 0xD64C, 0xD64D, 0xD64D, 0xD64E, 0xD64E, 0xD64F, 0xD650, 0xD651, 0xD651, 0xD652, 0xD653,
    0xD653, 0xD654, 0xD655, 0xD656, 0xD656, 0xD657, 0xD657, 0xCE58, 0xD658, 0xD659, 0xD65A, 0xD65A, 0xD65A, 0xD67B, 0xD67B, 0xD67C,
    0xD66C, 0xD66D, 0xD66D, 0xD66D, 0xD66D, 0xD66D, 0xD66E, 0xD66E, 0xD66F, 0xD670, 0xD670, 0xD671, 0xD671, 0xD672, 0xD673, 0xD673,
    0xD674, 0xD675, 0xD675, 0xD696, 0xD696, 0xD697, 0xD678, 0xD698, 0xD699, 0xD699, 0xD69A, 0xD69A, 0xD69A, 0xD69B, 0xD69B, 0xD69C,
    0xD68E, 0xD6AE, 0xD6AE, 0xD6AE, 0xD68F, 0xD68F, 0xCE8F, 0xD690, 0xD690, 0xD6B1, 0xD691, 0xD692, 0xD692, 0xD693, 0xD693, 0xD694,
    0xD694, 0xD6B5, 0xD696, 0xD6B6, 0xD6B7, 0xD6B7, 0xD698, 0xD698, 0xD6B9, 0xD6B9, 0xD6BA, 0xD69A, 0xD6BB, 0xD6BB, 0xD6BB, 0xD6BC,
    0xCED0, 0xCED0, 0xCED0, 0xCED0, 0xD6D1, 0xD6D1, 0xD6D1, 0xD6D1, 0xD6D2, 0xD6D2, 0xD6D3, 0xD6D3, 0xD6D3, 0xD6B4, 0xD6B4, 0xD6B5,
    0xD6B5, 0xCED6, 0xD6D6, 0xD6D7, 0xD6D7, 0xD6D8, 0xD6B8, 0xD6D9, 0xD6D9, 0xD6DA, 0xD6DA, 0xD6DA, 0xD6DB, 0xD6DB, 0xD6DB, 0xD6DC,
    0xD6F2, 0xD6F2, 0xD6F2, 0xD6F2, 0xD6F2, 0xD6F3, 0xD6F3, 0xD6F3, 0xD6F3, 0xD6F4, 0xD6F4, 0xD6F4, 0xD6F5, 0xD6F5, 0xD6F5, 0xD6F6,
    0xD6F6, 0xD6F7, 0xD6F7, 0xD6F7, 0xD6F8, 0xD6F8, 0xD6F8, 0xD6F9, 0xD6F9, 0xD6FA, 0xD6FA, 0xD6FA, 0xD6FB, 0xD6FB, 0xD6FB, 0xD6FC,
    0xD6F4, 0xD714, 0xD714, 0xD714, 0xD6F4, 0xD714, 0xD715, 0xD715, 0xD715, 0xD715, 0xD715, 0xD716, 0xD6F6, 0xD716, 0xD716, 0xD717,
    0xD717, 0xD717, 0xD6F8, 0xD718, 0xD718, 0xD719, 0xD719, 0xD719, 0xD71A, 0xD71A, 0xD71A, 0xD71A, 0xD71B, 0xD71B, 0xD71B, 0xD71C,
    0xD715, 0xD716, 0xD716, 0xD716, 0xD716, 0xD716, 0xD716, 0xD716, 0xD716, 0xD716, 0xD717, 0xD717, 0xD717, 0xD717, 0xD717, 0xD718,
    0xD718, 0xD718, 0xD718, 0xD719, 0xD719, 0xD719, 0xD719, 0xD71A, 0xD71A, 0xD71A, 0xD73A, 0xD73B, 0xD71B, 0xD71B, 0xD71C, 0xDF3C,
    0xD737, 0xD738, 0xD738, 0xD738, 0xD737, 0xD737, 0xD738, 0xDF38, 0xD738, 0xD738, 0xD738, 0xD738, 0xDF38, 0xDF38, 0xD738, 0xD738,
    0xD739, 0xD739, 0xDF39, 0xDF39, 0xDF3A, 0xD73A, 0xD73A, 0xDF3A, 0xD73A, 0xD73A, 0xDF3B, 0xDF3B, 0xDF3B, 0xDF3B, 0xDF3C, 0xDF3C,
    0xB943, 0xB943, 0xC123, 0xC123, 0xC104, 0xC0E4, 0xC0A4, 0xC045, 0xC006, 0xC006, 0xC007, 0xC008, 0xC009, 0xC00B, 0xC80C, 0xC80D,
    0xC80E, 0xC80F, 0xC810, 0xC811, 0xC812, 0xC813, 0xC815, 0xD016, 0xD017, 0xD018, 0xD019, 0xD01A, 0xC81A, 0xC81B, 0xC85B, 0xC91C,
    0xB943, 0xB943, 0xB943, 0xB923, 0xB924, 0xC104, 0xC0C4, 0xC065, 0xC026, 0xC006, 0xC007, 0xC808, 0xC809, 0xC80B, 0xC80C, 0xC80D,
    0xC80E, 0xC80F, 0xC810, 0xC811, 0xC812, 0xC813, 0xC814, 0xD016, 0xD017, 0xD018, 0xD019, 0xD01A, 0xC81A, 0xC83B, 0xC89C, 0xC93C,
    0xB963, 0xB963, 0xB963, 0xB943, 0xC144, 0xC124, 0xC0E5, 0xC0A5, 0xC046, 0xC006, 0xC007, 0xC808, 0xC809, 0xC80B, 0xC80C, 0xC80D,
    0xC80E, 0xC80F, 0xC810, 0xC811, 0xC812, 0xC813, 0xD015, 0xD016, 0xD017, 0xD018, 0xD019, 0xD01A, 0xC81A, 0xC85B, 0xC8DC, 0xC95C,
    0xB983, 0xB983, 0xC183, 0xC163, 0xC164, 0xC144, 0xC105, 0xC0C5, 0xC086, 0xC027, 0xC807, 0xC808, 0xC809, 0xC80A, 0xC80C, 0xC80D,
    0xC80E, 0xC80F, 0xC810, 0xC811, 0xC812, 0xD013, 0xD015, 0xD016, 0xD017, 0xD018, 0xD019, 0xD01A, 0xD01A, 0xC87B, 0xC91C, 0xC97C,
    0xB9A3, 0xC1A3, 0xC183, 0xC184, 0xC184, 0xC164, 0xC145, 0xC105, 0xC8C6, 0xC867, 0xC807, 0xC808, 0xC809, 0xC80B, 0xC80C, 0xC80D,
    0xC80E, 0xD00F, 0xD010, 0xD011, 0xD012, 0xD013, 0xD015, 0xD016, 0xD017, 0xD018, 0xD019, 0xD01A, 0xD05B, 0xC8DB, 0xC95C, 0xC9BC,
    0xC1C3, 0xC1C3, 0xC1C3, 0xC1C3, 0xC1A4, 0xC184, 0xC165, 0xC945, 0xC906, 0xC8C7, 0xC847, 0xC808, 0xC809, 0xC80B, 0xD00C, 0xD00D,
    0xD00E, 0xD00F, 0xD011, 0xD012, 0xD013, 0xD014, 0xD015, 0xD016, 0xD017, 0xD018, 0xD019, 0xD05A, 0xD0DA, 0xC93B, 0xC99C, 0xC9FD,
    0xC1E3, 0xC1E3, 0xC1E3, 0xC1E3, 0xC1C4, 0xC1C4, 0xC1A5, 0xC185, 0xC966, 0xC927, 0xC8C7, 0xC848, 0xC809, 0xC80A, 0xC80C, 0xC80D,
    0xC80E, 0xC80F, 0xD010, 0xD011, 0xD013, 0xD014, 0xD015, 0xD016, 0xD017, 0xD038, 0xD059, 0xD0BA, 0xD11A, 0xC97B, 0xC9BC, 0xCA1C,
    0xC223, 0xC223, 0xC223, 0xC203, 0xC204, 0xC1E4, 0xC1E5, 0xC1C5, 0xC9A6, 0xC987, 0xC947, 0xC8C8, 0xC869, 0xC84A, 0xD04C, 0xD04D,
    0xC84E, 0xD04F, 0xD050, 0xD051, 0xD052, 0xD054, 0xD055, 0xD056, 0xD077, 0xD098, 0xD0D9, 0xD11A, 0xD15A, 0xC9BB, 0xC9FC, 0xCA3C,
    0xC243, 0xC243, 0xC243, 0xC243, 0xC244, 0xC224, 0xCA25, 0xCA05, 0xCA06, 0xC9C7, 0xC9A7, 0xC968, 0xC929, 0xD0EA, 0xD0EB, 0xD0ED,
    0xD0CE, 0xD0EF, 0xD0F0, 0xD0F1, 0xD0F2, 0xD0F3, 0xD0F5, 0xD116, 0xD117, 0xD138, 0xD159, 0xD19A, 0xD1BA, 0xC9FB, 0xCA3C, 0xCA9C,
    0xC282, 0xC283, 0xC283, 0xCA83, 0xCA84, 0xCA64, 0xCA65, 0xCA45, 0xCA46, 0xCA27, 0xCA08, 0xC9C8, 0xD189, 0xD14A, 0xD14B, 0xD14D,
    0xD14E, 0xD14F, 0xD171, 0xD152, 0xD152, 0xD174, 0xD175, 0xD176, 0xD197, 0xD198, 0xD1B9, 0xD1DA, 0xD21B, 0xCA5B, 0xCA9C, 0xCADC,
    0xCAC3, 0xCAC3, 0xCAC3, 0xCAC4, 0xCAC4, 0xCAA4, 0xCAA5, 0xCAA5, 0xCA86, 0xD287, 0xCA48, 0xD228, 0xD20A, 0xD1EB, 0xD1CC, 0xD1AD,
    0xD1AE, 0xD1CF, 0xD1D1, 0xD1D2, 0xD1D3, 0xD1D4, 0xD1D5, 0xD1F6, 0xD1F7, 0xD218, 0xD239, 0xD25A, 0xD27B, 0xCABB, 0xCADC, 0xCB1C,
    0xCB03, 0xCB03, 0xCB03, 0xCB04, 0xCB04, 0xCB04, 0xCAE5, 0xD2E6, 0xD2C6, 0xD2C7, 0xD2A8, 0xD289, 0xD28A, 0xD26B, 0xD24C, 0xD22D,
    0xD22E, 0xD22F, 0xDA31, 0xDA52, 0xDA33, 0xD234, 0xD255, 0xD256, 0xD277, 0xD278, 0xD299, 0xD2BA, 0xD2DB, 0xCB1B, 0xCB3C, 0xCB7C,
    0xCB43, 0xCB43, 0xCB43, 0xCB44, 0xCB44, 0xCB44, 0xD325, 0xD326, 0xD327, 0xD327, 0xD308, 0xD2E9, 0xD2CA, 0xD2AB, 0xD2AC, 0xD28D,
    0xD28E, 0xD28F, 0xDA91, 0xD2B2, 0xDAB3, 0xDA94, 0xD2B5, 0xDAB6, 0xD2B7, 0xD2D8, 0xD2F9, 0xD31A, 0xD33A, 0xCB5B, 0xCB7C, 0xCBBC,
    0xCB83, 0xCB83, 0xCB83, 0xCB84, 0xCB84, 0xCB84, 0xCB65, 0xD366, 0xD367, 0xD367, 0xD348, 0xD329, 0xD32A, 0xD30B, 0xD2EC, 0xD2CD,
    0xD2CE, 0xD2CF, 0xDAD1, 0xD2D2, 0xD2F3, 0xD2F4, 0xD2F5, 0xDAF6, 0xDAF7, 0xD318, 0xD339, 0xD35A, 0xD37A, 0xCB9B, 0xCBBC, 0xCBDC,
    0xCBC3, 0xCBC3, 0xD3C3, 0xD3C4, 0xCBC4, 0xD3C5, 0xD3C5, 0xD3C6, 0xD3A7, 0xD3A8, 0xD3A8, 0xD389, 0xD38A, 0xD36B, 0xD36C, 0xD34D,
    0xD32E, 0xD32F, 0xDB31, 0xDB32, 0xD333, 0xD354, 0xD355, 0xD356, 0xD377, 0xD378, 0xD399, 0xD3BA, 0xD3DA, 0xCBFB, 0xCC1B, 0xCC3C,
    0xD403, 0xD403, 0xD404, 0xD404, 0xD404, 0xD405, 0xD406, 0xD406, 0xD407, 0xD408, 0xD3E9, 0xD3EA, 0xD3EB, 0xD3CC, 0xD3CD, 0xD3AD,
    0xD3AF, 0xDB90, 0xDB91, 0xDBB2, 0xDBB3, 0xD3B4, 0xDBB5, 0xD3B6, 0xD3D7, 0xD3D8, 0xD3F9, 0xD3FA, 0xD41B, 0xCC3B, 0xCC5B, 0xCC7C,
    0xD443, 0xD444, 0xD464, 0xD464, 0xD445, 0xD445, 0xD446, 0xD447, 0xD448, 0xD448, 0xD449, 0xD44A, 0xD42B, 0xD42C, 0xD42D, 0xD42E,
    0xDC0F, 0xDC10, 0xD411, 0xDC13, 0xDC14, 0xDC15, 0xDC16, 0xDC17, 0xD438, 0xD438, 0xD459, 0xD45A, 0xD47B, 0xCC9B, 0xCCBB, 0xCCDC,
    0xD484, 0xD484, 0xD4A5, 0xD4A5, 0xD4A6, 0xD486, 0xD4A7, 0xD4A8, 0xD4A8, 0xD4A9, 0xD4A9, 0xD48A, 0xD48B, 0xDC8D, 0xD48E, 0xD48E,
    0xD490, 0xDC71, 0xD492, 0xDC93, 0xDC74, 0xD475, 0xDC96, 0xDC97, 0xDC98, 0xD498, 0xD4B9, 0xD4BA, 0xD4DA, 0xCCFB, 0xCCFB, 0xCD1C,
    0xD4E5, 0xD4E5, 0xD4E6, 0xDCE6, 0xDCE7, 0xD4E7, 0xD4E8, 0xDCE8, 0xDCE9, 0xDCEA, 0xD4EA, 0xD4EB, 0xDCEC, 0xDCED, 0xDCEE, 0xDCEF,
    0xDCF0, 0xD4F1, 0xD4F3, 0xDCF3, 0xD4D4, 0xD4D5, 0xD4F6, 0xD4F7, 0xD4F8, 0xD4F9, 0xD519, 0xD51A, 0xD53A, 0xD53B, 0xD55B, 0xCD5C,
    0xD526, 0xD506, 0xD506, 0xD527, 0xDD27, 0xD528, 0xDD28, 0xDD09, 0xDD09, 0xDD0A, 0xDD2B, 0xD52C, 0xD52D, 0xD52E, 0xD52E, 0xD52F,
    0xD530, 0xD531, 0xD532, 0xD533, 0xD534, 0xD535, 0xD536, 0xD537, 0xD538, 0xD539, 0xD559, 0xD55A, 0xD55A, 0xD57B, 0xD57B, 0xD59C,
    0xDD47, 0xDD47, 0xD547, 0xD547, 0xDD48, 0xD548, 0xDD49, 0xDD49, 0xDD4A, 0xDD4B, 0xDD4C, 0xD54C, 0xD54D, 0xD54E, 0xD54F, 0xD570,
    0xD571, 0xD572, 0xD573, 0xD574, 0xD575, 0xD575, 0xD576, 0xD577, 0xD578, 0xD579, 0xD579, 0xD59A, 0xD59A, 0xD59B, 0xD5BB, 0xD5DC,
    0xDD88, 0xDD88, 0xD588, 0xD588, 0xDD89, 0xDD89, 0xDD8A, 0xD58A, 0xD58B, 0xD58C, 0xDD8D, 0xD58D, 0xD58E, 0xD58F, 0xD590, 0xD5B1,
    0xD5B1, 0xD5B2, 0xD5B3, 0xD5B4, 0xD5B5, 0xD5B6, 0xD5B6, 0xD5B7, 0xD5B8, 0xD5B9, 0xD5B9, 0xD5DA, 0xD5DA, 0xD5DB, 0xD5FB, 0xD5FC,
    0xDDC9, 0xDDC9, 0xDDC9, 0xDDC9, 0xDDCA, 0xDDCA, 0xD5CA, 0xD5CB, 0xD5CC, 0xDDCC, 0xDDCD, 0xD5CE, 0xD5CF, 0xD5D0, 0xD5D1, 0xD5D1,
    0xD5F2, 0xD5F3, 0xD5F4, 0xD5F5, 0xD5F5, 0xD5F6, 0xD5F7, 0xD5F7, 0xD5F8, 0xD5F9, 0xD5F9, 0xD5FA, 0xD61A, 0xD61B, 0xD61B, 0xD61B,
    0xDE0A, 0xDE0A, 0xDE0B, 0xDE0B, 0xDE0B, 0xDE0B, 0xDE0C, 0xDE0C, 0xDE0D, 0xDE0E, 0xDE0E, 0xDE0F, 0xD610, 0xD611, 0xDE11, 0xD612,
    0xD613, 0xD634, 0xD634, 0xD635, 0xD636, 0xD636, 0xD637, 0xD638, 0xD638, 0xD639, 0xD639, 0xD63A, 0xD65B, 0xD65B, 0xD65B, 0xD65C,
    0xDE4B, 0xDE4C, 0xDE4C, 0xDE4C, 0xDE4D, 0xD64D, 0xDE4D, 0xDE4E, 0xDE4E, 0xDE4F, 0xDE50, 0xD650, 0xD651, 0xDE52, 0xD652, 0xD653,
    0xD654, 0xD654, 0xD655, 0xD656, 0xD656, 0xD657, 0xD657, 0xD678, 0xD678, 0xD659, 0xD67A, 0xD67A, 0xD67A, 0xD67B, 0xD67B, 0xD67C,
    0xD66D, 0xD66D, 0xDE6D, 0xD66D, 0xD66E, 0xD66E, 0xD66E, 0xD66F, 0xD66F, 0xD670, 0xD671, 0xD671, 0xD672, 0xD672, 0xD673, 0xD674,
    0xD674, 0xD675, 0xD676, 0xD696, 0xD697, 0xD677, 0xD678, 0xD698, 0xD699, 0xD699, 0xD69A, 0xD69A, 0xD69A, 0xD69B, 0xD69B, 0xD69C,
    0xD6AE, 0xD6AE, 0xD6AF, 0xD6AF, 0xD6AF, 0xD68F, 0xD690, 0xD690, 0xD690, 0xD691, 0xD691, 0xD692, 0xD692, 0xD693, 0xD693, 0xD694,
    0xD695, 0xD6B5, 0xD6B6, 0xD6B6, 0xD697, 0xD697, 0xD6B8, 0xD6B8, 0xD6B9, 0xD6B9, 0xD6BA, 0xD6BA, 0xD6BB, 0xD6BB, 0xD6BB, 0xD6BC,
    0xD6D0, 0xD6B0, 0xD6B1, 0xD6D1, 0xD6D1, 0xD6D1, 0xD6D1, 0xD6D2, 0xD6D2, 0xD6D2, 0xD6D3, 0xD6D3, 0xD6D4, 0xD6B4, 0xD6D5, 0xD6D5,
    0xD6B6, 0xD6D6, 0xD6D6, 0xD6D7, 0xD6D7, 0xD6D8, 0xD6D8, 0xD6D9, 0xD6D9, 0xD6DA, 0xD6DA, 0xD6DA, 0xD6DB, 0xD6DB, 0xD6DB, 0xD6DC,
    0xD6D2, 0xD6D2, 0xD6F2, 0xD6F3, 0xD6F3, 0xD6F3, 0xD6F3, 0xD6F3, 0xD6F3, 0xD6F4, 0xD6F4, 0xD6D4, 0xD6D5, 0xD6D5, 0xD6F6, 0xD6F6,
    0xD6F6, 0xD6D7, 0xD6D7, 0xD6F7, 0xD6F8, 0xD6F8, 0xD6F8, 0xD6F9, 0xD6F9, 0xD6FA, 0xD6FA, 0xD6FA, 0xD6FB, 0xD6FB, 0xD6FB, 0xD6FC,
    0xD6F4, 0xD6F4, 0xD6F4, 0xD714, 0xD714, 0xD715, 0xD715, 0xD715, 0xD6F5, 0xD6F5, 0xD715, 0xD6F6, 0xD6F6, 0xD6F6, 0xD716, 0xD717,
    0xD717, 0xD717, 0xDEF8, 0xD718, 0xD718, 0xD719, 0xD719, 0xD719, 0xD71A, 0xD71A, 0xD71A, 0xD71A, 0xD71B, 0xD71B, 0xDF1C, 0xDF1C,
    0xD736, 0xD716, 0xD716, 0xD716, 0xDF16, 0xD716, 0xD716, 0xDF16, 0xDF16, 0xDF17, 0xDF17, 0xD717, 0xD717, 0xD737, 0xDF38, 0xDF18,
    0xD718, 0xDF38, 0xDF38, 0xDF19, 0xDF19, 0xDF39, 0xDF39, 0xDF3A, 0xDF3A, 0xDF3A, 0xDF3A, 0xDF3B, 0xDF1B, 0xDF1B, 0xDF3C, 0xDF3C,
    0xDF37, 0xDF58, 0xDF38, 0xDF38, 0xDF38, 0xDF38, 0xDF38, 0xDF38, 0xDF38, 0xDF38, 0xDF38, 0xDF38, 0xDF39, 0xDF39, 0xDF39, 0xDF39,
    0xDF39, 0xDF39, 0xDF59, 0xDF39, 0xDF3A, 0xDF3A, 0xDF5A, 0xDF3A, 0xDF3A, 0xDF3A, 0xDF3B, 0xDF3B, 0xDF3B, 0xDF3B, 0xDF3B, 0xDF3C,
    0xC963, 0xC943, 0xC943, 0xC923, 0xC924, 0xC904, 0xC8C4, 0xD065, 0xD006, 0xD007, 0xD007, 0xD008, 0xD00A, 0xD00B, 0xD00C, 0xD00D,
    0xD00E, 0xD00F, 0xD010, 0xD011, 0xD812, 0xD814, 0xD815, 0xD816, 0xD817, 0xD818, 0xD819, 0xD81A, 0xD01A, 0xD03B, 0xD0BC, 0xD15C,
    0xC963, 0xC963, 0xC963, 0xC943, 0xC924, 0xC904, 0xC8E5, 0xD085, 0xD026, 0xD007, 0xD007, 0xD008, 0xD009, 0xD00B, 0xD00C, 0xD00D,
    0xD00E, 0xD00F, 0xD010, 0xD011, 0xD812, 0xD814, 0xD815, 0xD816, 0xD817, 0xD818, 0xD819, 0xD81A, 0xD01A, 0xD05B, 0xD0DC, 0xD17C,
    0xC983, 0xC983, 0xC963, 0xC963, 0xC944, 0xC924, 0xC905, 0xD0A5, 0xD066, 0xD007, 0xD007, 0xD008, 0xD009, 0xD00B, 0xD00C, 0xD00D,
    0xD00E, 0xD00F, 0xD810, 0xD011, 0xD813, 0xD814, 0xD815, 0xD816, 0xD817, 0xD818, 0xD819, 0xD81A, 0xD01B, 0xD07B, 0xD11C, 0xD19C,
    0xC9A3, 0xC983, 0xC983, 0xC983, 0xD164, 0xC944, 0xC925, 0xD0E5, 0xD086, 0xD027, 0xD007, 0xD008, 0xD009, 0xD80B, 0xD80C, 0xD00D,
    0xD00E, 0xD00F, 0xD810, 0xD811, 0xD813, 0xD814, 0xD815, 0xD816, 0xD817, 0xD818, 0xD819, 0xD81A, 0xD83B, 0xD0BB, 0xD15C, 0xD1BC,
    0xC9C3, 0xC9A3, 0xC9A3, 0xD1A4, 0xD184, 0xD164, 0xD145, 0xD125, 0xD0E6, 0xD087, 0xD028, 0xD008, 0xD809, 0xD80B, 0xD80C, 0xD80D,
    0xD80E, 0xD80F, 0xD810, 0xD812, 0xD813, 0xD814, 0xD815, 0xD816, 0xD817, 0xD818, 0xD819, 0xD81A, 0xD09A, 0xD11B, 0xD17C, 0xD1DC,
    0xC9E3, 0xC9E3, 0xD1C3, 0xD1C3, 0xD1C4, 0xD1A4, 0xD185, 0xD165, 0xD126, 0xD8E7, 0xD088, 0xD828, 0xD809, 0xD80B, 0xD80C, 0xD80D,
    0xD80E, 0xD810, 0xD811, 0xD812, 0xD813, 0xD814, 0xD815, 0xD816, 0xD817, 0xD818, 0xD839, 0xD89A, 0xD8FB, 0xD17B, 0xD1BC, 0xD21C,
    0xCA02, 0xCA03, 0xD203, 0xD1E3, 0xD1E4, 0xD1C4, 0xD1C5, 0xD1A5, 0xD166, 0xD147, 0xD0E8, 0xD068, 0xD809, 0xD80A, 0xD80C, 0xD80D,
    0xD80E, 0xD80F, 0xD810, 0xD811, 0xD813, 0xD814, 0xD815, 0xD816, 0xD837, 0xD858, 0xD899, 0xD8DA, 0xD13A, 0xD19B, 0xD1FC, 0xD23C,
    0xD222, 0xD223, 0xD223, 0xD223, 0xD204, 0xD204, 0xD1E5, 0xD1E5, 0xD1C6, 0xD187, 0xD148, 0xD0E8, 0xD889, 0xD84A, 0xD84C, 0xD84D,
    0xD84E, 0xD84F, 0xD850, 0xD851, 0xD853, 0xD854, 0xD875, 0xD876, 0xD897, 0xD8B8, 0xD8F9, 0xD93A, 0xD19A, 0xD1DB, 0xD21C, 0xD27C,
    0xD263, 0xD263, 0xD263, 0xD263, 0xD244, 0xD244, 0xD225, 0xD225, 0xD206, 0xD1E7, 0xD1C8, 0xD188, 0xD929, 0xD8EA, 0xD8EC, 0xD8ED,
    0xD8EE, 0xD8EF, 0xD8F1, 0xD8F2, 0xD8F3, 0xD914, 0xD915, 0xD916, 0xD937, 0xD958, 0xD979, 0xD9BA, 0xD9FB, 0xD23B, 0xD27C, 0xD2BC,
    0xD2A3, 0xD2A3, 0xD2A3, 0xD283, 0xD284, 0xD284, 0xD265, 0xD266, 0xD246, 0xD227, 0xD208, 0xD1E8, 0xD9A9, 0xD96A, 0xD96C, 0xD94D,
    0xD94E, 0xD96F, 0xD971, 0xD972, 0xD973, 0xD974, 0xD995, 0xD996, 0xD997, 0xD9B8, 0xD9D9, 0xD9FA, 0xDA3A, 0xD27B, 0xD2BC, 0xD2FC,
    0xD2C3, 0xD2E3, 0xD2E3, 0xD2C4, 0xD2C4, 0xD2C4, 0xD2A5, 0xD2A6, 0xDAA6, 0xDA87, 0xDA68, 0xDA49, 0xDA2A, 0xDA0B, 0xE1CC, 0xD9CD,
    0xD9CE, 0xD9CF, 0xD9F1, 0xE1F2, 0xD9F3, 0xD9F4, 0xD9F5, 0xDA16, 0xDA17, 0xDA38, 0xDA39, 0xDA7A, 0xDA9B, 0xD2DB, 0xD2FC, 0xD33C,
    0xD323, 0xD323, 0xD323, 0xDB24, 0xDB04, 0xD305, 0xD305, 0xDAE6, 0xDAE7, 0xDAE8, 0xDAC8, 0xDAA9, 0xDA8A, 0xE26B, 0xE24C, 0xE24D,
    0xE22E, 0xE250, 0xE251, 0xE272, 0xE273, 0xE274, 0xDA75, 0xE276, 0xDA97, 0xDA98, 0xDAB9, 0xDADA, 0xDAFB, 0xD33B, 0xD35C, 0xD39C,
    0xD363, 0xDB63, 0xDB63, 0xDB64, 0xDB64, 0xDB45, 0xDB45, 0xDB46, 0xDB27, 0xDB28, 0xDB08, 0xDAE9, 0xDAEA, 0xE2CB, 0xE2CD, 0xE2AD,
    0xE28E, 0xE2B0, 0xE2B1, 0xE2B2, 0xE2B3, 0xE2B4, 0xDAD5, 0xE2D6, 0xDAD7, 0xDAF8, 0xDAF9, 0xDB3A, 0xD35A, 0xD37B, 0xD39C, 0xD3DC,
    0xD3A3, 0xD3A3, 0xD3A4, 0xD3A4, 0xD384, 0xDB85, 0xDB85, 0xDB86, 0xDB67, 0xDB68, 0xDB69, 0xDB49, 0xDB2A, 0xDB2B, 0xDB0C, 0xDAED,
    0xDAEE, 0xDAEF, 0xDAF1, 0xDAF2, 0xDAF3, 0xDAF4, 0xDB15, 0xDB16, 0xDB17, 0xDB38, 0xDB39, 0xDB7A, 0xD39A, 0xD3BB, 0xD3DB, 0xD3FC,
    0xD3E3, 0xDBE3, 0xDBE4, 0xDBE4, 0xDBC4, 0xDBC5, 0xDBC6, 0xDBC6, 0xDBC7, 0xDBA8, 0xDBA9, 0xDBAA, 0xDB8B, 0xDB8C, 0xDB6D, 0xDB6E,
    0xDB4F, 0xE350, 0xE351, 0xE352, 0xDB53, 0xDB54, 0xDB75, 0xDB76, 0xDB77, 0xDB98, 0xDB99, 0xDBBA, 0xD3DA, 0xD3FB, 0xD43B, 0xD45C,
    0xDC23, 0xDC24, 0xDC24, 0xDC24, 0xDC25, 0xDC25, 0xDC26, 0xDC07, 0xDC08, 0xDC08, 0xDC09, 0xDBEA, 0xDBEB, 0xDBEC, 0xDBED, 0xDBCE,
    0xDBCF, 0xDBB0, 0xDBB1, 0xE3B2, 0xDBB3, 0xDBB4, 0xDBD5, 0xDBD6, 0xDBD7, 0xDBF8, 0xDBF9, 0xDC1A, 0xD43A, 0xD45B, 0xD47C, 0xD49C,
    0xDC64, 0xDC64, 0xDC65, 0xDC65, 0xDC65, 0xDC66, 0xDC66, 0xDC67, 0xDC68, 0xDC69, 0xDC4A, 0xDC4A, 0xDC4B, 0xDC4D, 0xDC4D, 0xDC2E,
    0xDC2F, 0xDC31, 0xDC32, 0xDC33, 0xDC34, 0xDC35, 0xDC36, 0xDC37, 0xDC57, 0xDC58, 0xDC59, 0xDC7A, 0xD49B, 0xD4BB, 0xD4DB, 0xD4FC,
    0xDCA4, 0xDCA5, 0xDCA5, 0xDCA6, 0xDCA6, 0xDCA7, 0xDCA7, 0xDCA8, 0xDCA9, 0xDCA9, 0xDCAA, 0xDCAB, 0xDCAC, 0xDCAD, 0xDCAE, 0xDC8F,
    0xDC90, 0xDC91, 0xDC92, 0xDC93, 0xDC94, 0xDC95, 0xDC96, 0xDCB7, 0xDCB8, 0xDCB8, 0xDCD9, 0xDCDA, 0xDCFB, 0xD4FB, 0xD51B, 0xD53C,
    0xDCE6, 0xDCE6, 0xDCE6, 0xDCE7, 0xE4E7, 0xDCE7, 0xDCE8, 0xDCE9, 0xDCE9, 0xDCEA, 0xDCEB, 0xDCEC, 0xDCED, 0xDD0E, 0xDD0F, 0xDCF0,
    0xDCF1, 0xDCF2, 0xDCF3, 0xDCF4, 0xDCF5, 0xDCF5, 0xDCF6, 0xDD17, 0xDD18, 0xDD19, 0xDD19, 0xDD3A, 0xD53B, 0xD55B, 0xD55B, 0xD57C,
    0xDD27, 0xDD27, 0xDD27, 0xDD27, 0xDD28, 0xDD28, 0xDD29, 0xDD29, 0xDD2A, 0xDD2B, 0xDD2C, 0xDD2C, 0xDD2D, 0xDD2E, 0xDD2F, 0xDD30,
    0xDD31, 0xDD32, 0xDD33, 0xDD34, 0xDD35, 0xDD35, 0xDD36, 0xDD57, 0xDD58, 0xDD59, 0xDD59, 0xD55A, 0xD57A, 0xD57B, 0xD57B, 0xD59C,
    0xDD48, 0xDD48, 0xDD48, 0xDD48, 0xDD48, 0xDD69, 0xDD49, 0xDD4A, 0xDD6B, 0xDD4B, 0xDD4C, 0xDD6D, 0xDD6E, 0xDD6E, 0xDD6F, 0xDD70,
    0xDD71, 0xDD72, 0xDD73, 0xDD74, 0xDD75, 0xDD76, 0xDD76, 0xDD77, 0xDD78, 0xDD79, 0xDD99, 0xD59A, 0xD59A, 0xD5BB, 0xD5BB, 0xD5DC,
    0xE588, 0xDD89, 0xDD89, 0xDD89, 0xDD89, 0xDD8A, 0xDD8A, 0xDD8B, 0xDD8B, 0xDD8C, 0xDD8D, 0xDDAE, 0xDDAE, 0xDDAF, 0xDDB0, 0xDDB1,
    0xDDB2, 0xDDB3, 0xDDB4, 0xDDB4, 0xDDB5, 0xDDB6, 0xDDB7, 0xDDB7, 0xDDD8, 0xDDD9, 0xD5D9, 0xDDDA, 0xD5DB, 0xD5FB, 0xD5FB, 0xD5FB,
    0xDDC9, 0xDDCA, 0xDDCA, 0xDDCA, 0xDDCA, 0xDDCB, 0xDDCB, 0xDDCC, 0xDDCC, 0xDDCD, 0xDDCE, 0xDDCF, 0xDDEF, 0xDDF0, 0xDDF1, 0xDDF2,
    0xDDF3, 0xDDF3, 0xDDF4, 0xDDF5, 0xDDF6, 0xDDF6, 0xD5F7, 0xD5F7, 0xDDF8, 0xDDF9, 0xD61A, 0xD61A, 0xD61B, 0xD61B, 0xD61B, 0xD61B,
    0xDE0B, 0xDE0B, 0xDE0B, 0xDE0C, 0xDE0C, 0xDE0C, 0xDE0C, 0xDE0D, 0xDE0E, 0xDE0E, 0xDE0F, 0xDE10, 0xDE11, 0xDE11, 0xDE12, 0xDE13,
    0xDE33, 0xDE34, 0xDE35, 0xDE35, 0xDE36, 0xDE37, 0xD637, 0xD638, 0xD638, 0xD639, 0xD63A, 0xD63A, 0xD65A, 0xD65B, 0xD65B, 0xD65C,
    0xDE2C, 0xDE4C, 0xDE4D, 0xDE4D, 0xDE4D, 0xDE4D, 0xDE4E, 0xDE4E, 0xDE4F, 0xDE50, 0xDE50, 0xDE51, 0xDE51, 0xDE52, 0xDE53, 0xDE53,
    0xDE54, 0xDE55, 0xDE55, 0xDE56, 0xDE56, 0xDE77, 0xD678, 0xD678, 0xDE79, 0xDE59, 0xD65A, 0xD67A, 0xD67A, 0xD67B, 0xD67B, 0xDE7C,
    0xDE6E, 0xDE6E, 0xDE6E, 0xDE6E, 0xDE6E, 0xDE6F, 0xDE6F, 0xDE70, 0xDE70, 0xDE71, 0xDE71, 0xDE71, 0xDE72, 0xDE73, 0xDE73, 0xDE74,
    0xDE75, 0xDE75, 0xDE96, 0xDE96, 0xDE97, 0xDE97, 0xD698, 0xDE98, 0xDE99, 0xDE99, 0xD69A, 0xD69A, 0xDE9B, 0xDE9B, 0xD69B, 0xDE9C,
    0xDE8F, 0xDEAF, 0xDE8F, 0xDE8F, 0xDEB0, 0xDEB0, 0xDE90, 0xDE91, 0xDE91, 0xDE91, 0xDE92, 0xDE92, 0xDE93, 0xDE93, 0xDE94, 0xDE94,
    0xDE95, 0xDE95, 0xDEB6, 0xDEB7, 0xDEB7, 0xDE97, 0xDEB8, 0xDEB8, 0xD6B9, 0xD6B9, 0xD6BA, 0xD6BA, 0xDEBB, 0xDEBB, 0xDEBB, 0xDEBC,
    0xDED1, 0xDED1, 0xDED1, 0xDEB1, 0xDED1, 0xDED1, 0xDED2, 0xDED2, 0xDED2, 0xDEB3, 0xDED3, 0xDED3, 0xDED4, 0xDED4, 0xDED5, 0xD6D5,
    0xD6B6, 0xDED6, 0xDED6, 0xDED7, 0xDED7, 0xDED8, 0xDED8, 0xDED9, 0xDED9, 0xDEDA, 0xDEDA, 0xDEDA, 0xDEDB, 0xDEDB, 0xDEDB, 0xDEDC,
    0xDEF3, 0xDEF3, 0xDEF3, 0xDEF3, 0xDEF3, 0xDEF3, 0xDEF3, 0xDEF3, 0xDED4, 0xDED4, 0xDED4, 0xDEF5, 0xDEF5, 0xDEF6, 0xDEF6, 0xDEF6,
    0xDEF6, 0xDEF7, 0xDEF7, 0xDEF8, 0xDEF8, 0xDEF8, 0xDEF9, 0xDEF9, 0xDEF9, 0xDEFA, 0xDEFA, 0xDEFA, 0xDEFB, 0xDEFB, 0xDEFB, 0xDEFC,
    0xDF15, 0xDEF4, 0xDF14, 0xDF15, 0xDF15, 0xDF15, 0xDF15, 0xDF15, 0xDEF5, 0xDEF6, 0xDEF6, 0xDEF6, 0xDEF6, 0xDF17, 0xDF17, 0xDF17,
    0xDF17, 0xDF18, 0xDF18, 0xDF18, 0xDF19, 0xDF19, 0xDEF9, 0xDF19, 0xDF1A, 0xDF1A, 0xDF1A, 0xDF1A, 0xDF1B, 0xDF1B, 0xDF1B, 0xDF1C,
    0xDF36, 0xDF16, 0xDF16, 0xDF16, 0xDF16, 0xDF16, 0xDF16, 0xDF17, 0xDF17, 0xDF17, 0xDF17, 0xDF17, 0xDF17, 0xDF38, 0xDF18, 0xDF38,
    0xDF18, 0xDF18, 0xDF38, 0xDF19, 0xDF19, 0xDF19, 0xDF1A, 0xDF1A, 0xDF3A, 0xDF3A, 0xDF3A, 0xDF3B, 0xDF1B, 0xDF1B, 0xDF3C, 0xDF3C,
    0xDF37, 0xDF38, 0xDF38, 0xDF38, 0xDF38, 0xDF38, 0xDF38, 0xDF38, 0xDF38, 0xDF38, 0xDF38, 0xDF39, 0xDF39, 0xDF39, 0xDF39, 0xDF39,
    0xDF39, 0xDF39, 0xDF39, 0xDF39, 0xDF3A, 0xDF3A, 0xDF3A, 0xDF3A, 0xDF3A, 0xDF3B, 0xDF3B, 0xDF3B, 0xDF3B, 0xDF3B, 0xDF3C, 0xDF3C,
    0xD163, 0xD163, 0xD143, 0xD143, 0xD124, 0xD904, 0xD8E5, 0xD885, 0xD826, 0xD807, 0xD807, 0xE008, 0xE009, 0xD80B, 0xD80C, 0xE00D,
    0xE00E, 0xE00F, 0xD810, 0xE011, 0xE013, 0xE014, 0xE015, 0xE016, 0xE017, 0xE018, 0xE019, 0xE01A, 0xD81A, 0xD85B, 0xD8FC, 0xD99C,
    0xD182, 0xD163, 0xD163, 0xD143, 0xD144, 0xD924, 0xD8E5, 0xD8A5, 0xD846, 0xD807, 0xD807, 0xD808, 0xE009, 0xE00B, 0xE00C, 0xE00D,
    0xE00E, 0xE00F, 0xE010, 0xE012, 0xE013, 0xE014, 0xE015, 0xE016, 0xE017, 0xE018, 0xE019, 0xE01A, 0xD81A, 0xD87B, 0xD91C, 0xD1BC,
    0xD183, 0xD183, 0xD183, 0xD963, 0xD964, 0xD944, 0xD905, 0xD8C5, 0xD886, 0xD807, 0xD807, 0xD808, 0xE009, 0xE00B, 0xE00C, 0xE00D,
    0xE00E, 0xE00F, 0xE010, 0xE012, 0xE013, 0xE014, 0xE015, 0xE016, 0xE017, 0xE018, 0xE019, 0xE01A, 0xD83B, 0xD8BB, 0xD95C, 0xD1DC,
    0xD9A3, 0xD9A3, 0xD983, 0xD983, 0xD984, 0xD964, 0xD945, 0xD905, 0xD8C6, 0xD847, 0xD808, 0xE008, 0xE009, 0xE00B, 0xE00C, 0xE00D,
    0xE00E, 0xE00F, 0xE010, 0xE012, 0xE013, 0xE014, 0xE015, 0xE016, 0xE017, 0xE018, 0xE019, 0xE01A, 0xE07B, 0xD8FB, 0xD99C, 0xD1FC,
    0xD9C3, 0xD9C3, 0xD9A3, 0xD9A4, 0xD9A4, 0xD984, 0xD965, 0xD945, 0xD906, 0xE0A7, 0xE028, 0xE008, 0xE009, 0xE00B, 0xE00C, 0xE00D,
    0xE00E, 0xE00F, 0xE011, 0xE012, 0xE013, 0xE014, 0xE015, 0xE016, 0xE017, 0xE018, 0xE019, 0xE05A, 0xE0DB, 0xD95B, 0xD9BC, 0xD21C,
    0xD9E3, 0xD9E3, 0xD9E3, 0xD9E4, 0xD9C4, 0xD9C4, 0xD9A5, 0xD986, 0xE146, 0xE127, 0xE0A8, 0xE048, 0xE009, 0xE00B, 0xE00C, 0xE00D,
    0xE00E, 0xE010, 0xE011, 0xE012, 0xE013, 0xE014, 0xE015, 0xE016, 0xE037, 0xE058, 0xE079, 0xE0DA, 0xE13B, 0xD99B, 0xD9FC, 0xDA5C,
    0xDA23, 0xDA03, 0xDA03, 0xDA04, 0xDA04, 0xD9E4, 0xD9C5, 0xD9A5, 0xD986, 0xE167, 0xE108, 0xE0A8, 0xE029, 0xE00B, 0xE00C, 0xE00D,
    0xE00E, 0xE00F, 0xE011, 0xE012, 0xE013, 0xE014, 0xE035, 0xE056, 0xE077, 0xE098, 0xE0B9, 0xE11A, 0xD97B, 0xD9DB, 0xDA1C, 0xD27C,
    0xDA43, 0xDA43, 0xDA43, 0xDA24, 0xDA24, 0xDA24, 0xDA05, 0xD9E6, 0xD9C6, 0xE1A7, 0xE168, 0xE129, 0xE0A9, 0xE04A, 0xE04C, 0xE06D,
    0xE06E, 0xE06F, 0xE071, 0xE072, 0xE093, 0xE094, 0xE095, 0xE0B6, 0xE0D7, 0xE0F8, 0xE119, 0xE17A, 0xD9BA, 0xD9FB, 0xDA5C, 0xD29C,
    0xDA83, 0xDA83, 0xDA63, 0xDA64, 0xDA64, 0xDA45, 0xDA45, 0xDA26, 0xDA26, 0xE207, 0xE1C8, 0xE1A9, 0xE149, 0xE10A, 0xE0EC, 0xE0ED,
    0xE0EE, 0xE0EF, 0xE111, 0xE112, 0xE133, 0xE134, 0xE135, 0xE156, 0xE157, 0xE178, 0xE199, 0xE1DA, 0xDA1A, 0xDA5B, 0xDA9C, 0xD2DC,
    0xDAA3, 0xDAA3, 0xDAA3, 0xDAA4, 0xDAA4, 0xDA84, 0xDA85, 0xE266, 0xE267, 0xE247, 0xE228, 0xE209, 0xE1EA, 0xE1AB, 0xE18C, 0xE16D,
    0xE16E, 0xE16F, 0xE191, 0xE992, 0xE193, 0xE1B4, 0xE1B5, 0xE9B6, 0xE1D7, 0xE1D8, 0xE1F9, 0xE21A, 0xE25B, 0xDA9B, 0xDADC, 0xDB1C,
    0xDAE3, 0xDAE3, 0xDAE3, 0xE2E4, 0xE2E4, 0xDAC5, 0xDAC5, 0xE2A6, 0xE2A7, 0xE2A8, 0xE288, 0xE269, 0xE24A, 0xE22B, 0xE9EC, 0xE9ED,
    0xE1EE, 0xE1F0, 0xEA11, 0xE212, 0xE213, 0xE214, 0xE215, 0xEA36, 0xE257, 0xE258, 0xE259, 0xE29A, 0xE2BB, 0xDAFB, 0xDB3C, 0xD35C,
    0xDB23, 0xE323, 0xE324, 0xE324, 0xE324, 0xE305, 0xE305, 0xE306, 0xE307, 0xE2E8, 0xE2C8, 0xE2C9, 0xE2AA, 0xEA8C, 0xEA8D, 0xEA6D,
    0xEA4E, 0xEA70, 0xEA71, 0xEA92, 0xEA93, 0xEA94, 0xE295, 0xEA96, 0xE2B7, 0xE2B8, 0xE2B9, 0xE2FA, 0xE31B, 0xDB5B, 0xDB7C, 0xD3BC,
    0xE363, 0xE363, 0xE364, 0xE364, 0xE365, 0xE365, 0xE346, 0xE346, 0xE347, 0xE348, 0xE329, 0xE30A, 0xE30B, 0xEAEC, 0xEAED, 0xEACE,
    0xEAAF, 0xEAD0, 0xEAD1, 0xEAD2, 0xEAD3, 0xEAD4, 0xE2F5, 0xEAF6, 0xE2F7, 0xE318, 0xE319, 0xE33A, 0xDB7B, 0xDB9B, 0xDBDC, 0xD3FC,
    0xE3A3, 0xE3A4, 0xE3A4, 0xE3A4, 0xE3A5, 0xE3A5, 0xE386, 0xE386, 0xE387, 0xE368, 0xE369, 0xE36A, 0xE34B, 0xE34B, 0xE32D, 0xE30E,
    0xE30F, 0xE310, 0xE311, 0xE312, 0xE313, 0xE314, 0xE335, 0xE336, 0xE357, 0xE358, 0xE359, 0xE37A, 0xDB9A, 0xDBDB, 0xDBFB, 0xD41C,
    0xE3E4, 0xE3E4, 0xE3E4, 0xE3E4, 0xE3E5, 0xE3E5, 0xE3E6, 0xE3C7, 0xE3C8, 0xE3C8, 0xE3A9, 0xE3AA, 0xE3AB, 0xE3AC, 0xE38D, 0xE38E,
    0xE36F, 0xE370, 0xE371, 0xE372, 0xE373, 0xE374, 0xE395, 0xE396, 0xE397, 0xE3B8, 0xE3B9, 0xE3DA, 0xDBFA, 0xDC1B, 0xDC3B, 0xDC7C,
    0xE424, 0xE424, 0xE425, 0xE425, 0xE425, 0xE426, 0xE426, 0xE427, 0xE428, 0xE409, 0xE40A, 0xE40A, 0xE3EB, 0xE3ED, 0xE3ED, 0xE3EE,
    0xE3EF, 0xE3D0, 0xE3D1, 0xE3D2, 0xE3D3, 0xE3D4, 0xE3F6, 0xE3F6, 0xE3F7, 0xE418, 0xE419, 0xDC3A, 0xDC5B, 0xDC7B, 0xDC9B, 0xD4BC,
    0xE465, 0xE465, 0xE465, 0xE466, 0xE466, 0xE466, 0xE467, 0xE468, 0xE468, 0xE469, 0xE46A, 0xE44B, 0xE44C, 0xE44D, 0xE44E, 0xE44F,
    0xE450, 0xE451, 0xE432, 0xE433, 0xE434, 0xE455, 0xE456, 0xE457, 0xE477, 0xE478, 0xE479, 0xDC9A, 0xDCBB, 0xDCDB, 0xDCDB, 0xD4FC,
    0xE4A5, 0xE4A6, 0xE4C6, 0xE4C6, 0xE4C7, 0xE4A7, 0xE4C8, 0xE4C8, 0xE4C9, 0xE4CA, 0xE4AB, 0xE4AC, 0xE4AD, 0xE4AE, 0xE4AF, 0xE4AF,
    0xE4B0, 0xE4B1, 0xE4B2, 0xE4B3, 0xE4B4, 0xE4B5, 0xE4B6, 0xE4B7, 0xE4D8, 0xE4D9, 0xE4D9, 0xE4FA, 0xDCFB, 0xDD1B, 0xDD3B, 0xD55C,
    0xE4E6, 0xE4E7, 0xE507, 0xE507, 0xE508, 0xE508, 0xE509, 0xE509, 0xE50A, 0xE50B, 0xE50C, 0xE50C, 0xE50D, 0xE50E, 0xE50F, 0xE510,
    0xE511, 0xE512, 0xE513, 0xE514, 0xE515, 0xE516, 0xE516, 0xE517, 0xE518, 0xE539, 0xE539, 0xDD5A, 0xDD5A, 0xDD5B, 0xDD7B, 0xDD7C,
    0xE527, 0xE527, 0xE528, 0xE528, 0xE528, 0xE529, 0xE529, 0xE52A, 0xE52A, 0xE52B, 0xE52C, 0xE52D, 0xE52E, 0xE54F, 0xE54F, 0xE550,
    0xE551, 0xE552, 0xE553, 0xE554, 0xDD55, 0xDD56, 0xDD56, 0xDD57, 0xDD58, 0xDD59, 0xDD59, 0xDD5A, 0xDD7A, 0xDD7B, 0xDD9B, 0xDDBC,
    0xE568, 0xE568, 0xE568, 0xE569, 0xE569, 0xE569, 0xE56A, 0xE56A, 0xE56B, 0xE56C, 0xE56D, 0xE56D, 0xE56E, 0xE56F, 0xE570, 0xE571,
    0xE572, 0xE572, 0xDD73, 0xDD74, 0xDD75, 0xDD76, 0xDD96, 0xDD97, 0xDD98, 0xDD99, 0xDD99, 0xDD9A, 0xDDBA, 0xDDBB, 0xDDDB, 0xDDDC,
    0xE589, 0xE589, 0xE589, 0xE589, 0xE58A, 0xE5AA, 0xE58B, 0xE5AC, 0xE5AC, 0xE5AD, 0xE5AD, 0xE5AE, 0xE5AF, 0xE5B0, 0xE5B1, 0xE5B1,
    0xDDB2, 0xDDB3, 0xDDB4, 0xDDB5, 0xDDD5, 0xDDD6, 0xDDD7, 0xDDD7, 0xDDD8, 0xDDD9, 0xDDD9, 0xDDDA, 0xDDDA, 0xDDFB, 0xDDFB, 0xDE1C,
    0xE5CA, 0xE5CA, 0xE5CB, 0xE5CB, 0xE5CB, 0xE5CC, 0xE5CC, 0xE5CD, 0xE5CD, 0xE5CE, 0xE5CE, 0xE5EF, 0xE5F0, 0xE5F1, 0xE5F1, 0xDDF2,
    0xDDF3, 0xDDF4, 0xDDF4, 0xDDF5, 0xDDF6, 0xDE16, 0xDE17, 0xDE18, 0xDE18, 0xDE19, 0xDE1A, 0xDE1A, 0xDE1B, 0xDE3B, 0xDE3B, 0xDE3C,
    0xE60C, 0xE60C, 0xE60C, 0xE60D, 0xE60D, 0xE60D, 0xE60D, 0xE60E, 0xE60E, 0xE60F, 0xE60F, 0xE610, 0xE611, 0xE632, 0xDE32, 0xDE33,
    0xDE34, 0xDE34, 0xDE35, 0xDE36, 0xDE36, 0xDE37, 0xDE57, 0xDE38, 0xDE39, 0xDE39, 0xDE3A, 0xDE3A, 0xDE5A, 0xDE5B, 0xDE5B, 0xDE5C,
    0xE62D, 0xE64D, 0xE64E, 0xE64E, 0xE64E, 0xE64E, 0xE64F, 0xE64F, 0xE650, 0xE650, 0xE651, 0xE651, 0xE652, 0xDE53, 0xDE53, 0xDE54,
    0xDE54, 0xDE55, 0xDE76, 0xDE76, 0xDE77, 0xDE77, 0xDE78, 0xDE78, 0xDE79, 0xDE79, 0xDE7A, 0xDE7A, 0xDE7A, 0xDE7B, 0xDE7B, 0xDE9C,
    0xE66E, 0xE66E, 0xE66F, 0xE66F, 0xE66F, 0xE66F, 0xE670, 0xE670, 0xE671, 0xE671, 0xDE72, 0xDE72, 0xDE73, 0xDE73, 0xDE94, 0xDE94,
    0xDE95, 0xDE96, 0xDE96, 0xDE97, 0xDE97, 0xDE97, 0xDE98, 0xDE98, 0xDE99, 0xDE99, 0xDE9A, 0xDE9A, 0xDE9B, 0xDE9B, 0xDE9B, 0xDEBC,
    0xE690, 0xE6B0, 0xE690, 0xDE90, 0xDE90, 0xDE90, 0xDE91, 0xDE91, 0xDE91, 0xDE92, 0xDE92, 0xDE93, 0xDE93, 0xDE94, 0xDE94, 0xDEB5,
    0xDE95, 0xDE96, 0xDEB6, 0xDEB7, 0xDEB7, 0xDEB8, 0xDEB8, 0xDEB9, 0xDEB9, 0xDEBA, 0xDEBA, 0xDEBA, 0xDEBB, 0xDEBB, 0xDEBB, 0xDEBC,
    0xDED1, 0xDED1, 0xDED1, 0xDED1, 0xDED2, 0xDED2, 0xDED2, 0xDED2, 0xDED3, 0xDED3, 0xDED3, 0xDED4, 0xDED4, 0xDED5, 0xDED5, 0xDED5,
    0xDED6, 0xDED6, 0xDED7, 0xDED7, 0xDED8, 0xDED8, 0xDED8, 0xDED9, 0xDED9, 0xDEDA, 0xDEDA, 0xDEDA, 0xDEDB, 0xDEDB, 0xDEDB, 0xDEDC,
    0xDEF3, 0xDEF3, 0xDEF3, 0xDEF3, 0xDEF3, 0xDEF3, 0xDEF4, 0xDEF4, 0xDEF4, 0xDEF4, 0xDEF5, 0xDEF5, 0xDEF5, 0xDEF6, 0xDEF6, 0xDEF6,
    0xDEF6, 0xDEF7, 0xDEF7, 0xDEF8, 0xDEF8, 0xDEF8, 0xDEF9, 0xDEF9, 0xDEF9, 0xDEFA, 0xDEFA, 0xDEFA, 0xDEFB, 0xDEFB, 0xDEFB, 0xDEFC,
    0xDF15, 0xDEF5, 0xDF15, 0xDF15, 0xDEF5, 0xDF15, 0xDF15, 0xDF15, 0xDF16, 0xDF16, 0xDF16, 0xDF16, 0xDF16, 0xDF17, 0xDF17, 0xDF17,
    0xDF17, 0xDF18, 0xDF18, 0xDF18, 0xDF19, 0xDEF9, 0xDEF9, 0xDEF9, 0xDF1A, 0xDF1A, 0xDF1A, 0xDF1B, 0xDF1B, 0xDF1B, 0xDF1C, 0xDF1C,
    0xDF16, 0xDF16, 0xDF16, 0xDF16, 0xDF16, 0xDF16, 0xDF17, 0xDF17, 0xDF17, 0xDF17, 0xDF37, 0xDF17, 0xDF18, 0xDF38, 0xDF38, 0xDF38,
    0xDF38, 0xDF19, 0xDF19, 0xDF19, 0xDF19, 0xDF19, 0xDF1A, 0xDF1A, 0xDF1A, 0xDF3A, 0xDF3A, 0xDF3B, 0xDF1B, 0xDF1B, 0xDF3C, 0xDF3C,
    0xDF38, 0xDF38, 0xDF38, 0xDF38, 0xDF38, 0xDF38, 0xDF38, 0xDF38, 0xDF38, 0xDF38, 0xDF39, 0xDF39, 0xDF39, 0xDF39, 0xDF39, 0xDF39,
    0xDF39, 0xDF39, 0xDF3A, 0xDF39, 0xDF3A, 0xDF3A, 0xDF3A, 0xDF3A, 0xDF3B, 0xDF3B, 0xDF3B, 0xDF3B, 0xDF3B, 0xDF3B, 0xE73C, 0xDF3C,
    0xE183, 0xE163, 0xE163, 0xE164, 0xE144, 0xE125, 0xE105, 0xE0A6, 0xE046, 0xE807, 0xE808, 0xE808, 0xE809, 0xE80B, 0xE80C, 0xE80D,
    0xE80E, 0xE80F, 0xE811, 0xE812, 0xE813, 0xE814, 0xE815, 0xE816, 0xE817, 0xE818, 0xE819, 0xE81A, 0xE01A, 0xE09B, 0xE15C, 0xD9DC,
    0xE183, 0xE183, 0xE163, 0xE164, 0xE164, 0xE144, 0xE105, 0xE0C6, 0xE086, 0xE807, 0xE808, 0xE809, 0xE80A, 0xE80B, 0xE80C, 0xE80D,
    0xE80E, 0xE80F, 0xE810, 0xE812, 0xE813, 0xE814, 0xE815, 0xE816, 0xE817, 0xE818, 0xE819, 0xE81A, 0xE05A, 0xE0DB, 0xE17C, 0xD9FC,
    0xE1A3, 0xE183, 0xE183, 0xE184, 0xE164, 0xE164, 0xE125, 0xE106, 0xE0A6, 0xE827, 0xE808, 0xE808, 0xE809, 0xE80B, 0xE80C, 0xE80D,
    0xE80E, 0xE80F, 0xE811, 0xE812, 0xE813, 0xE814, 0xE815, 0xE816, 0xE817, 0xE818, 0xE819, 0xE81A, 0xE07A, 0xE11B, 0xE19C, 0xDA1C,
    0xE1C3, 0xE1A3, 0xE1A3, 0xE1A4, 0xE184, 0xE184, 0xE145, 0xE126, 0xE0E7, 0xE887, 0xE828, 0xE808, 0xE809, 0xE80B, 0xE80C, 0xE80D,
    0xE80E, 0xE80F, 0xE811, 0xE812, 0xE813, 0xE814, 0xE815, 0xE816, 0xE817, 0xE818, 0xE819, 0xE83A, 0xE0BB, 0xE15B, 0xE1BC, 0xDA1C,
    0xE1E3, 0xE1C3, 0xE1C3, 0xE1C4, 0xE1C4, 0xE1A4, 0xE185, 0xE166, 0xE927, 0xE8E7, 0xE868, 0xE808, 0xE809, 0xE80B, 0xE80C, 0xE80D,
    0xE80E, 0xE80F, 0xE811, 0xE812, 0xE813, 0xE814, 0xE815, 0xE816, 0xE817, 0xE838, 0xE859, 0xE89A, 0xE91B, 0xE19B, 0xE1FC, 0xDA5C,
    0xE203, 0xE203, 0xE204, 0xE9E4, 0xE9E4, 0xE9C5, 0xE9C5, 0xE9A6, 0xE967, 0xE947, 0xE8E8, 0xE869, 0xE809, 0xE80B, 0xF00C, 0xE80D,
    0xE80F, 0xE810, 0xE831, 0xE832, 0xE833, 0xE834, 0xE835, 0xE856, 0xE877, 0xE898, 0xE8D9, 0xE91A, 0xE97B, 0xE1DB, 0xE23C, 0xE27C,
    0xE223, 0xE223, 0xE223, 0xE224, 0xEA04, 0xEA05, 0xE9E5, 0xE9C6, 0xE9A6, 0xE987, 0xE948, 0xE8E9, 0xE86A, 0xE80B, 0xE80C, 0xE82D,
    0xE82E, 0xE830, 0xE831, 0xE852, 0xE853, 0xE854, 0xE875, 0xE896, 0xE8B7, 0xE8D8, 0xE8F9, 0xE95A, 0xE19B, 0xE1FB, 0xE25C, 0xDA9C,
    0xE263, 0xE243, 0xE243, 0xE244, 0xE244, 0xE225, 0xE225, 0xEA06, 0xE9E6, 0xE9C7, 0xE9A8, 0xE969, 0xE90A, 0xE88B, 0xE88C, 0xE88D,
    0xE88E, 0xE88F, 0xE8B1, 0xE8B2, 0xE8D3, 0xE8D4, 0xE8D5, 0xE916, 0xE917, 0xE938, 0xE959, 0xE99A, 0xE1DA, 0xE23B, 0xE27C, 0xDABC,
    0xE283, 0xE283, 0xE283, 0xE284, 0xE264, 0xE265, 0xE265, 0xEA46, 0xEA27, 0xEA07, 0xE9E8, 0xE9C9, 0xE98A, 0xE92B, 0xE92C, 0xE92D,
    0xE92E, 0xE92F, 0xE951, 0xE952, 0xE953, 0xE954, 0xE975, 0xE996, 0xE997, 0xE9B8, 0xE9B9, 0xE9FA, 0xE23A, 0xE27B, 0xE2BC, 0xDAFC,
    0xE2C3, 0xE2C3, 0xE2A4, 0xE2A4, 0xEAA4, 0xE2A5, 0xEAA5, 0xEA86, 0xEA87, 0xEA67, 0xEA48, 0xEA29, 0xEA0A, 0xE9CB, 0xE9AC, 0xE9AD,
    0xE9AF, 0xE9B0, 0xE9B1, 0xE9B2, 0xE9D3, 0xE9D4, 0xE9D5, 0xF1F6, 0xEA17, 0xEA18, 0xEA19, 0xEA5A, 0xE29B, 0xE2BB, 0xE2FC, 0xDB5C,
    0xEAE3, 0xEB03, 0xEB04, 0xEAE4, 0xEAE4, 0xEAE5, 0xEAC5, 0xEAC6, 0xEAC7, 0xEAA8, 0xEA88, 0xEA89, 0xEA6A, 0xEA4C, 0xEA2C, 0xEA0D,
    0xEA0E, 0xEA10, 0xEA31, 0xEA32, 0xEA33, 0xEA34, 0xEA55, 0xEA56, 0xEA77, 0xEA78, 0xEA79, 0xEABA, 0xE2DB, 0xE31B, 0xE35B, 0xDB9C,
    0xEB23, 0xEB44, 0xEB44, 0xEB44, 0xEB45, 0xEB25, 0xEB26, 0xEB07, 0xEB07, 0xEB08, 0xEAE9, 0xEACA, 0xEACB, 0xF2AC, 0xEAAD, 0xEA8E,
    0xF28F, 0xEA90, 0xEA91, 0xEAB2, 0xEAB3, 0xEAB4, 0xEAB5, 0xEAD6, 0xEAD7, 0xEAD8, 0xEAF9, 0xEB1A, 0xE33B, 0xE37B, 0xE39B, 0xDBDC,
    0xEB84, 0xEB84, 0xEB84, 0xEB85, 0xEB85, 0xEB65, 0xEB66, 0xEB67, 0xEB48, 0xEB48, 0xEB49, 0xEB2A, 0xEB2B, 0xEB0C, 0xEB0D, 0xEAEE,
    0xF2EF, 0xEAF0, 0xEAF1, 0xEAF2, 0xEAF3, 0xEB14, 0xEB15, 0xEB16, 0xEB37, 0xEB38, 0xEB39, 0xEB5A, 0xE37B, 0xE3BB, 0xE3FC, 0xDC1C,
    0xEBC4, 0xEBA4, 0xEBA4, 0xEBA5, 0xEBA5, 0xEBA6, 0xEBA6, 0xEB87, 0xEB88, 0xEB88, 0xEB89, 0xEB6A, 0xEB6B, 0xEB6C, 0xEB4D, 0xEB2E,
    0xEB2F, 0xEB30, 0xEB31, 0xEB32, 0xEB33, 0xEB34, 0xEB55, 0xEB56, 0xEB77, 0xEB78, 0xEB79, 0xEB9A, 0xE3BA, 0xE3DB, 0xDC1B, 0xDC5C,
    0xEBE4, 0xEC04, 0xEC05, 0xEBE5, 0xEBE5, 0xEBE6, 0xEBE6, 0xEBE7, 0xEBE8, 0xEBC9, 0xEBCA, 0xEBCB, 0xEBCC, 0xEBCC, 0xEBAD, 0xEBAE,
    0xEB8F, 0xEB90, 0xEB91, 0xEB92, 0xEB93, 0xEB94, 0xEBB5, 0xEBB6, 0xEBB7, 0xEBD8, 0xEBD9, 0xE3FA, 0xE41B, 0xE43B, 0xE45B, 0xDC9C,
    0xEC25, 0xEC45, 0xEC45, 0xEC26, 0xEC26, 0xEC26, 0xEC27, 0xEC28, 0xEC28, 0xEC29, 0xEC2A, 0xEC0B, 0xEC0C, 0xEC0D, 0xEC0E, 0xEBEF,
    0xEBF0, 0xEBF1, 0xEBF2, 0xEBF3, 0xEBF4, 0xEC14, 0xEC16, 0xEC16, 0xEC37, 0xEC38, 0xE439, 0xE45A, 0xE47B, 0xE49B, 0xE4BB, 0xDCDC,
    0xEC85, 0xEC86, 0xEC86, 0xEC86, 0xEC87, 0xEC87, 0xEC88, 0xEC88, 0xEC69, 0xEC6A, 0xEC6B, 0xEC6C, 0xEC6D, 0xEC6E, 0xEC6E, 0xEC4F,
    0xEC50, 0xEC71, 0xEC52, 0xEC53, 0xEC54, 0xEC75, 0xEC76, 0xE477, 0xEC97, 0xEC98, 0xE499, 0xE4BA, 0xE4BB, 0xE4DB, 0xDCFB, 0xDD1C,
    0xECC6, 0xECC6, 0xECC7, 0xECC7, 0xECC8, 0xECC8, 0xECC8, 0xECC9, 0xECCA, 0xECCB, 0xECAB, 0xECAC, 0xECCD, 0xECCE, 0xECCF, 0xECB0,
    0xECB1, 0xECB2, 0xECD3, 0xECD4, 0xECD4, 0xE4D5, 0xECD6, 0xE4D7, 0xE4D8, 0xE4F8, 0xE4F9, 0xE4FA, 0xE51A, 0xE51B, 0xDD3C, 0xDD5C,
    0xED07, 0xED07, 0xED08, 0xED08, 0xED09, 0xED09, 0xED09, 0xED0A, 0xED0B, 0xED0C, 0xED0C, 0xED0D, 0xED0E, 0xED0F, 0xED10, 0xED10,
    0xED11, 0xE512, 0xE513, 0xE534, 0xE535, 0xE536, 0xE536, 0xE537, 0xE538, 0xE539, 0xE559, 0xE55A, 0xE55A, 0xE55B, 0xE57B, 0xDD9C,
    0xED28, 0xED28, 0xED48, 0xED49, 0xED29, 0xED29, 0xED4A, 0xED4A, 0xED4B, 0xED4C, 0xED4D, 0xED4D, 0xED4E, 0xED4F, 0xE550, 0xE551,
    0xE552, 0xE553, 0xE553, 0xE554, 0xE555, 0xE556, 0xE556, 0xE557, 0xE558, 0xE578, 0xE579, 0xE57A, 0xE57A, 0xDD9B, 0xDD9B, 0xDDBC,
    0xED69, 0xED69, 0xED69, 0xED69, 0xED6A, 0xED6A, 0xED6B, 0xED6B, 0xE56C, 0xED6D, 0xED6D, 0xED6E, 0xE56F, 0xE590, 0xE591, 0xE591,
    0xE592, 0xE593, 0xE594, 0xE594, 0xE595, 0xE596, 0xE597, 0xE597, 0xE598, 0xE5B8, 0xE5B9, 0xE59A, 0xE5BA, 0xDDBB, 0xDDDB, 0xDDFC,
    0xEDAA, 0xEDAA, 0xEDAA, 0xEDAA, 0xEDAB, 0xEDAB, 0xEDAC, 0xEDAC, 0xEDAD, 0xE5AD, 0xEDAE, 0xE5AF, 0xE5B0, 0xE5B0, 0xE5D1, 0xE5B2,
    0xE5B3, 0xE5D3, 0xE5D4, 0xE5D5, 0xE5D6, 0xE5D6, 0xE5D7, 0xE5D8, 0xE5D8, 0xE5F9, 0xE5D9, 0xE5DA, 0xE5FA, 0xDDFB, 0xDE1B, 0xDE1C,
    0xEDEB, 0xE5EB, 0xEDCC, 0xEDCC, 0xEDCC, 0xEDCD, 0xEDCD, 0xEDCD, 0xEDEE, 0xE5CF, 0xE5EF, 0xE5F0, 0xE5F1, 0xE5F1, 0xE612, 0xE5F2,
    0xE613, 0xE614, 0xE615, 0xE615, 0xE616, 0xE617, 0xE617, 0xE618, 0xE618, 0xE619, 0xE619, 0xE61A, 0xE63B, 0xE63B, 0xDE3B, 0xDE3C,
    0xEE0D, 0xE60D, 0xEE0D, 0xEE0D, 0xE60E, 0xE60E, 0xEE0E, 0xE60F, 0xE60F, 0xE630, 0xE630, 0xE631, 0xE631, 0xE632, 0xE633, 0xE634,
    0xE634, 0xE635, 0xE656, 0xE656, 0xE656, 0xDE57, 0xE658, 0xE658, 0xE659, 0xE659, 0xE659, 0xDE5A, 0xDE5A, 0xDE5B, 0xDE5B, 0xDE5B,
    0xE64E, 0xE64E, 0xE64E, 0xE64F, 0xE64F, 0xE64F, 0xE650, 0xE650, 0xE651, 0xE651, 0xE651, 0xE652, 0xE653, 0xE653, 0xE654, 0xE674,
    0xE675, 0xE675, 0xE676, 0xE676, 0xE677, 0xDE77, 0xE678, 0xE678, 0xE679, 0xE679, 0xE67A, 0xDE7A, 0xDE7A, 0xDE7B, 0xDE9B, 0xDE9C,
    0xE66F, 0xE66F, 0xE670, 0xE670, 0xE670, 0xE670, 0xE671, 0xE671, 0xE671, 0xE672, 0xE672, 0xE693, 0xE693, 0xE694, 0xE694, 0xE695,
    0xE695, 0xE696, 0xE696, 0xE697, 0xE697, 0xE698, 0xDE98, 0xDE99, 0xDE99, 0xDE99, 0xDE9A, 0xDE9A, 0xDE9B, 0xDE9B, 0xDEBB, 0xDEBC,
    0xE690, 0xE691, 0xE691, 0xE691, 0xE691, 0xE691, 0xE691, 0xE692, 0xE692, 0xE693, 0xE6B3, 0xE6B3, 0xE6B4, 0xE6B4, 0xE6B5, 0xE6B5,
    0xE6B6, 0xE6B6, 0xDEB6, 0xDEB7, 0xE6B8, 0xE6B8, 0xDEB8, 0xDEB9, 0xDEB9, 0xDEBA, 0xDEBA, 0xDEBA, 0xDEBA, 0xDEBB, 0xDEBB, 0xE6BC,
    0xE6D2, 0xE6D2, 0xE6D2, 0xE6D2, 0xE6D2, 0xE6D2, 0xE6D3, 0xE6D3, 0xE6D3, 0xE6D3, 0xE6D4, 0xE6D4, 0xE6D5, 0xE6B5, 0xE6D6, 0xDED6,
    0xDED6, 0xE6D7, 0xE6D7, 0xE6D7, 0xDED8, 0xDED8, 0xDED9, 0xDED9, 0xDED9, 0xDEDA, 0xDEDA, 0xDEDA, 0xDEDB, 0xDEDB, 0xE6DB, 0xDEFC,
    0xDEF3, 0xE6F3, 0xE6D4, 0xE6D4, 0xE6F4, 0xDEF4, 0xDEF4, 0xE6F4, 0xE6F4, 0xDEF5, 0xDEF5, 0xDEF5, 0xDEF6, 0xE6F6, 0xDEF6, 0xDEF6,
    0xDEF7, 0xE6F7, 0xE6F8, 0xDEF8, 0xDEF8, 0xDEF9, 0xDEF9, 0xDEF9, 0xDEFA, 0xDEFA, 0xDEFA, 0xDEFA, 0xDEFB, 0xDEFB, 0xDEFC, 0xDEFC,
    0xDF15, 0xE6F5, 0xE6F5, 0xE715, 0xE715, 0xDF15, 0xDF15, 0xDF16, 0xDF16, 0xDF16, 0xDF16, 0xDF16, 0xDF17, 0xE717, 0xDF17, 0xDF17,
    0xDF17, 0xE718, 0xE718, 0xDF18, 0xDF19, 0xDF19, 0xE719, 0xE71A, 0xDF1A, 0xDF1A, 0xE71A, 0xDF1B, 0xDF1B, 0xDF1B, 0xDF1C, 0xDF1C,
    0xDF16, 0xE717, 0xE737, 0xDF17, 0xE717, 0xE717, 0xE717, 0xE717, 0xDF37, 0xDF37, 0xE738, 0xDF18, 0xDF18, 0xE738, 0xE738, 0xE738,
    0xE738, 0xDF19, 0xDF19, 0xDF19, 0xDF19, 0xE719, 0xE73A, 0xE71A, 0xE71A, 0xE71A, 0xE73B, 0xE73B, 0xE73B, 0xE73B, 0xE73C, 0xE73C,
    0xDF38, 0xDF38, 0xDF38, 0xDF38, 0xDF38, 0xE738, 0xE738, 0xE739, 0xE739, 0xE739, 0xE739, 0xE739, 0xE739, 0xE739, 0xE739, 0xE739,
    0xE739, 0xE739, 0xDF3A, 0xE73A, 0xE73A, 0xE73A, 0xE73A, 0xE73A, 0xE73B, 0xDF3B, 0xE73B, 0xE73B, 0xE73B, 0xE73B, 0xE73C, 0xE73C,
    0xE983, 0xE983, 0xF183, 0xF164, 0xF164, 0xE945, 0xE925, 0xF0E6, 0xF087, 0xF008, 0xF008, 0xF009, 0xF00A, 0xF00B, 0xF00C, 0xF00D,
    0xF00E, 0xF010, 0xF011, 0xF012, 0xF013, 0xF014, 0xF015, 0xF016, 0xF017, 0xF018, 0xF019, 0xF01A, 0xF07A, 0xE8FB, 0xE99C, 0xE21C,
    0xE9A3, 0xE9A3, 0xE984, 0xF184, 0xE964, 0xF164, 0xF125, 0xF106, 0xF0A7, 0xF028, 0xF008, 0xF009, 0xF00A, 0xF00B, 0xF00C, 0xF00D,
    0xF00E, 0xF00F, 0xF011, 0xF012, 0xF013, 0xF014, 0xF015, 0xF016, 0xF017, 0xF018, 0xF019, 0xF01A, 0xF09B, 0xE91B, 0xE99C, 0xE21C,
    0xE9A3, 0xE9A3, 0xE9A3, 0xE9A4, 0xE984, 0xF164, 0xF145, 0xF126, 0xF0E7, 0xF088, 0xF008, 0xF009, 0xF00A, 0xF00B, 0xF00C, 0xF00D,
    0xF00E, 0xF00F, 0xF011, 0xF012, 0xF013, 0xF014, 0xF015, 0xF016, 0xF017, 0xF018, 0xF019, 0xF01A, 0xE8BB, 0xE95B, 0xE9BC, 0xEA3C,
    0xE9C3, 0xE9C3, 0xE9C3, 0xE9C4, 0xE9A4, 0xF185, 0xF165, 0xF146, 0xF107, 0xF0C8, 0xF048, 0xF009, 0xF00A, 0xF00B, 0xF00C, 0xF00D,
    0xF00E, 0xF00F, 0xF011, 0xF012, 0xF013, 0xF014, 0xF015, 0xF016, 0xF017, 0xF018, 0xF039, 0xF07A, 0xE8FB, 0xE97B, 0xE9FC, 0xEA5C,
    0xE9E3, 0xE9E3, 0xE9E4, 0xE9E4, 0xE9C4, 0xE9A5, 0xF185, 0xF166, 0xF147, 0xF128, 0xF0A8, 0xF049, 0xF00A, 0xF00B, 0xF00C, 0xF00D,
    0xF00E, 0xF010, 0xF011, 0xF012, 0xF013, 0xF014, 0xF015, 0xF016, 0xF057, 0xF078, 0xF0B9, 0xF0FA, 0xF15B, 0xE9BB, 0xEA1B, 0xE29C,
    0xEA23, 0xEA03, 0xEA04, 0xF204, 0xF1E4, 0xF1E5, 0xF1C6, 0xF1A6, 0xF187, 0xF168, 0xF128, 0xF0E9, 0xF06A, 0xF00B, 0xF02C, 0xF00D,
    0xF00F, 0xF030, 0xF071, 0xF072, 0xF093, 0xF0B4, 0xF0B5, 0xF0D6, 0xF0F7, 0xF118, 0xF139, 0xF15A, 0xE9BB, 0xEA1B, 0xEA5C, 0xE2BD,
    0xEA43, 0xEA43, 0xEA44, 0xEA24, 0xF224, 0xF205, 0xF206, 0xF1E6, 0xF1C7, 0xF1A8, 0xF188, 0xF129, 0xF0CA, 0xF06B, 0xF06C, 0xF06D,
    0xF06E, 0xF090, 0xF0B1, 0xF0B2, 0xF0D3, 0xF0D4, 0xF0F5, 0xF116, 0xF137, 0xF138, 0xF159, 0xF17A, 0xE9DA, 0xEA1B, 0xEA7C, 0xE2DC,
    0xEA63, 0xEA64, 0xEA64, 0xEA64, 0xF244, 0xF245, 0xF226, 0xF226, 0xF207, 0xF1E7, 0xF1C8, 0xF189, 0xF14A, 0xF0EB, 0xF0EC, 0xF0CD,
    0xF0EE, 0xF0EF, 0xF111, 0xF112, 0xF113, 0xF134, 0xF155, 0xF156, 0xF177, 0xF198, 0xF199, 0xF1BA, 0xE9FA, 0xEA5B, 0xEABC, 0xE2FC,
    0xEAA3, 0xF2A4, 0xF284, 0xF284, 0xEA85, 0xF285, 0xF266, 0xF266, 0xF247, 0xF227, 0xF208, 0xF1E9, 0xF1CA, 0xF18B, 0xF16C, 0xF16D,
    0xF16E, 0xF170, 0xF171, 0xF172, 0xF193, 0xF194, 0xF1B5, 0xF1D6, 0xF1D7, 0xF1F8, 0xF1F9, 0xF21A, 0xEA5B, 0xEA9B, 0xEADC, 0xE33C,
    0xF2C3, 0xF2C4, 0xF2C4, 0xF2C4, 0xEAC4, 0xF2A5, 0xF2A6, 0xF2A6, 0xF287, 0xF287, 0xF269, 0xF22A, 0xF20A, 0xF20B, 0xF1EC, 0xF1CD,
    0xF1CF, 0xF1D0, 0xF1F1, 0xF1F2, 0xF1F3, 0xF1F4, 0xF215, 0xF236, 0xF257, 0xF258, 0xF259, 0xF27A, 0xEABA, 0xEADB, 0xEB1C, 0xE37C,
    0xEB04, 0xF304, 0xF304, 0xF305, 0xF305, 0xF2E5, 0xF2E6, 0xF2E7, 0xF2C7, 0xF2C8, 0xF2A9, 0xF2AA, 0xF28B, 0xF26C, 0xF26D, 0xF24D,
    0xF22F, 0xF230, 0xF251, 0xF272, 0xF273, 0xF274, 0xF275, 0xF296, 0xF2B7, 0xF2B8, 0xF2B9, 0xF2DA, 0xEAFA, 0xEB3B, 0xEB7C, 0xE3BC,
    0xF344, 0xF344, 0xF344, 0xF345, 0xF345, 0xF346, 0xF326, 0xF327, 0xF328, 0xF328, 0xF309, 0xF30A, 0xF2EB, 0xF2CC, 0xF2CD, 0xF2AE,
    0xF2AF, 0xF2B0, 0xF2B1, 0xF2D2, 0xF2D3, 0xF2D4, 0xF2D5, 0xF2F6, 0xF317, 0xF318, 0xF319, 0xF33A, 0xEB5B, 0xEB9B, 0xE3BC, 0xE3FC,
    0xF384, 0xF384, 0xF385, 0xF385, 0xF385, 0xF386, 0xF367, 0xF367, 0xF368, 0xF369, 0xF36A, 0xF34A, 0xF34B, 0xF32D, 0xF32E, 0xF30E,
    0xF30F, 0xF310, 0xF311, 0xF332, 0xF333, 0xF334, 0xF335, 0xF356, 0xF357, 0xF378, 0xF379, 0xEB7A, 0xEBBB, 0xEBDB, 0xE3FC, 0xE43C,
    0xEBC4, 0xF3C5, 0xF3C5, 0xF3C6, 0xF3C5, 0xF3A6, 0xF3A7, 0xF3A7, 0xF3A8, 0xF3A9, 0xF38A, 0xF38A, 0xF38B, 0xF36D, 0xF36E, 0xF36E,
    0xF34F, 0xF350, 0xF351, 0xF352, 0xF373, 0xF374, 0xF375, 0xF396, 0xF397, 0xF398, 0xEB99, 0xEBBA, 0xEBDB, 0xEBFB, 0xE41C, 0xE47C,
    0xF405, 0xF405, 0xF405, 0xF406, 0xF406, 0xF407, 0xF3E7, 0xF3E8, 0xF3E9, 0xF3E9, 0xF3EA, 0xF3EB, 0xF3EC, 0xF3ED, 0xF3CE, 0xF3AF,
    0xF3B0, 0xF3B0, 0xF3B1, 0xF3B2, 0xF3B3, 0xF3D4, 0xEBD5, 0xEBD6, 0xEBF7, 0xEBF8, 0xEBF9, 0xEC1A, 0xEC3B, 0xEC5B, 0xE47C, 0xE49C,
    0xF445, 0xF445, 0xF446, 0xF446, 0xF447, 0xF447, 0xF448, 0xF428, 0xF429, 0xF42A, 0xF42A, 0xF42B, 0xF42C, 0xF42D, 0xF42F, 0xF40F,
    0xF410, 0xF411, 0xF412, 0xEC13, 0xEC13, 0xEC34, 0xEC35, 0xEC36, 0xEC57, 0xEC58, 0xEC59, 0xEC5A, 0xEC7A, 0xECBB, 0xE4DC, 0xE4FC,
    0xF486, 0xF486, 0xF486, 0xF487, 0xF487, 0xF488, 0xF488, 0xF489, 0xF48A, 0xF48A, 0xF46B, 0xF46C, 0xF46D, 0xF48E, 0xF46F, 0xF470,
    0xF470, 0xEC71, 0xEC72, 0xEC73, 0xEC74, 0xEC75, 0xEC96, 0xEC97, 0xEC97, 0xECB8, 0xECB9, 0xECBA, 0xECDA, 0xE4FB, 0xE51C, 0xE53C,
    0xF4C7, 0xF4C7, 0xF4C7, 0xF4C8, 0xECE8, 0xECC8, 0xECC9, 0xF4CA, 0xF4CB, 0xF4CB, 0xF4CC, 0xF4CD, 0xF4CE, 0xF4CF, 0xECCF, 0xECD0,
    0xECD1, 0xECD2, 0xECD3, 0xECF4, 0xECF5, 0xECD5, 0xECD6, 0xECF7, 0xECF8, 0xECF8, 0xED19, 0xED1A, 0xE51B, 0xE53B, 0xE53B, 0xE55C,
    0xED08, 0xED08, 0xF508, 0xF509, 0xF509, 0xF50A, 0xF50A, 0xF50B, 0xED0B, 0xF52C, 0xED0D, 0xED2E, 0xED2F, 0xED2F, 0xED30, 0xED31,
    0xED32, 0xED33, 0xED34, 0xED34, 0xED55, 0xED36, 0xED36, 0xED57, 0xED58, 0xE559, 0xE559, 0xE57A, 0xE57A, 0xE57B, 0xE59B, 0xE59C,
    0xED49, 0xED49, 0xED49, 0xED49, 0xED4A, 0xED4A, 0xED4B, 0xED4C, 0xED4C, 0xED4D, 0xED4D, 0xED4E, 0xED4F, 0xED50, 0xED70, 0xED51,
    0xED52, 0xED53, 0xED74, 0xED75, 0xED75, 0xED76, 0xED77, 0xED77, 0xE578, 0xE578, 0xE579, 0xE59A, 0xE59A, 0xE59B, 0xE5BB, 0xE5DC,
    0xED6A, 0xED6A, 0xED6A, 0xED6A, 0xED6B, 0xED6B, 0xED6C, 0xED6C, 0xED6D, 0xED8D, 0xED8E, 0xED8F, 0xED8F, 0xED90, 0xED91, 0xED92,
    0xED93, 0xED93, 0xE5B4, 0xE595, 0xE5B5, 0xE5B6, 0xE597, 0xE597, 0xE5B8, 0xE5B9, 0xE5B9, 0xE5BA, 0xE5DA, 0xE5DB, 0xE5DB, 0xE5FC,
    0xEDAB, 0xEDAB, 0xEDAB, 0xEDAC, 0xEDAC, 0xEDAC, 0xEDAD, 0xEDAD, 0xEDAE, 0xEDAE, 0xEDAF, 0xEDD0, 0xEDD0, 0xEDD1, 0xEDD1, 0xEDD2,
    0xEDD3, 0xEDD4, 0xE5F5, 0xE5D5, 0xE5D6, 0xE5F6, 0xE5D7, 0xE5D8, 0xE5F8, 0xE5F9, 0xE5F9, 0xE5FA, 0xE61A, 0xE61B, 0xE61B, 0xE61C,
    0xEDEC, 0xEDEC, 0xEDED, 0xEDED, 0xEDED, 0xEDED, 0xEDEE, 0xEDEE, 0xEDEF, 0xEDEF, 0xEDF0, 0xEE11, 0xEE11, 0xE5F1, 0xEE12, 0xE613,
    0xE614, 0xE614, 0xE615, 0xE616, 0xE616, 0xE617, 0xE617, 0xE618, 0xE638, 0xE639, 0xE619, 0xE63A, 0xE63A, 0xE63B, 0xE63B, 0xE63C,
    0xEE0E, 0xEE0E, 0xEE0E, 0xEE0E, 0xEE2F, 0xEE2F, 0xEE2F, 0xEE30, 0xEE30, 0xEE31, 0xEE31, 0xE631, 0xE632, 0xEE32, 0xE653, 0xE654,
    0xE654, 0xE655, 0xE656, 0xE656, 0xE657, 0xE657, 0xE658, 0xE658, 0xE659, 0xE659, 0xE659, 0xE65A, 0xE65A, 0xE67B, 0xE67B, 0xE67C,
    0xEE4F, 0xEE4F, 0xEE4F, 0xEE50, 0xEE50, 0xEE50, 0xEE50, 0xEE51, 0xEE51, 0xEE52, 0xE652, 0xE673, 0xE673, 0xE674, 0xE674, 0xE675,
    0xE675, 0xE676, 0xE676, 0xE677, 0xE677, 0xE678, 0xE678, 0xE679, 0xE679, 0xE679, 0xE67A, 0xE69A, 0xE69A, 0xE69B, 0xE69B, 0xE69C,
    0xEE70, 0xEE70, 0xEE70, 0xEE71, 0xEE91, 0xEE71, 0xE671, 0xE672, 0xE672, 0xE693, 0xE693, 0xE693, 0xE694, 0xE694, 0xE695, 0xE695,
    0xE696, 0xE696, 0xE697, 0xE697, 0xE697, 0xE698, 0xE698, 0xE699, 0xE699, 0xE6B9, 0xE69A, 0xE6BA, 0xE6BB, 0xE6BB, 0xE6BB, 0xE6BC,
    0xEE91, 0xEE92, 0xEE92, 0xEE92, 0xE6B2, 0xE6B2, 0xE6B2, 0xE693, 0xE693, 0xE6B3, 0xE6B3, 0xE6B4, 0xE6B5, 0xE6B5, 0xE6B5, 0xE6B6,
    0xE6B6, 0xE6B6, 0xE6B7, 0xE6B7, 0xE6B8, 0xE6B8, 0xE6B9, 0xE6B9, 0xE6B9, 0xE6BA, 0xE6BA, 0xE6BA, 0xE6DA, 0xE6DB, 0xE6BB, 0xE6BC,
    0xE6D2, 0xE6D3, 0xE6D3, 0xE6B3, 0xE6D3, 0xE6D3, 0xE6D3, 0xE6D4, 0xE6D4, 0xE6D4, 0xE6D5, 0xE6D5, 0xE6B5, 0xE6D5, 0xE6D6, 0xE6D6,
    0xE6D6, 0xE6D7, 0xE6D7, 0xE6D8, 0xE6D8, 0xE6D8, 0xDED9, 0xDED9, 0xE6DA, 0xE6DA, 0xE6DA, 0xE6DB, 0xE6DB, 0xE6DB, 0xE6DB, 0xE6DB,
    0xE6F4, 0xE6F4, 0xE6F4, 0xE6F4, 0xE6F4, 0xE6F4, 0xE6F5, 0xE6F5, 0xE6F5, 0xE6F5, 0xE6F5, 0xE6F6, 0xE6F6, 0xE6F6, 0xE6F6, 0xE6F7,
    0xE6F7, 0xE6D7, 0xE6D8, 0xE6F8, 0xE6F8, 0xE6F9, 0xE6F9, 0xE6F9, 0xE6FA, 0xE6FA, 0xE6FA, 0xE6FB, 0xE6FB, 0xE6FB, 0xE6FC, 0xE6FC,
    0xE715, 0xE715, 0xE715, 0xE715, 0xE716, 0xE716, 0xE6F6, 0xE716, 0xE716, 0xE716, 0xE6F6, 0xE716, 0xE717, 0xE717, 0xE717, 0xE717,
    0xE718, 0xE6F8, 0xE6F8, 0xE719, 0xE719, 0xE719, 0xE71A, 0xE71A, 0xE71A, 0xE71A, 0xE71A, 0xE71B, 0xE71B, 0xE71B, 0xE71C, 0xE71C,
    0xE737, 0xE737, 0xE737, 0xE737, 0xE717, 0xE737, 0xE717, 0xE737, 0xE737, 0xE738, 0xE718, 0xE718, 0xE738, 0xE738, 0xE738, 0xE738,
    0xE718, 0xE719, 0xE719, 0xE739, 0xE739, 0xE73A, 0xE73A, 0xE73A, 0xE73A, 0xE73A, 0xE73B, 0xE71B, 0xE73B, 0xE73B, 0xE73C, 0xE73C,
    0xE738, 0xE738, 0xE739, 0xE739, 0xE738, 0xE738, 0xE739, 0xE739, 0xE739, 0xE739, 0xE739, 0xE739, 0xE739, 0xE739, 0xE739, 0xE739,
    0xE739, 0xE75A, 0xE73A, 0xE73A, 0xE75A, 0xE75A, 0xE75A, 0xE75A, 0xE73A, 0xE73B, 0xE75B, 0xE73B, 0xE75B, 0xE73B, 0xE73C, 0xE73C,
};
