/**
 * lut_custom_kodak_vision3_50d_5203_neg_fc.h
 * Custom LUT from 'Kodak Vision3 50D 5203 (NEG)_FC.cube'
 *
 * Auto-generated by tools/generate_luts.py — DO NOT EDIT
 * 32768 entries × 2 bytes = 64 KB, stored in Flash (.rodata)
 */
#pragma once
#include <stdint.h>

static const uint16_t LUT_CUSTOM_KODAK_VISION3_50D_5203_NEG_FC[32768] = {
    0x0020, 0x0020, 0x0000, 0x0001, 0x0002, 0x0002, 0x0003, 0x0004, 0x0005, 0x0006, 0x0007, 0x0009, 0x002A, 0x002C, 0x002E, 0x0030,
    0x0032, 0x0035, 0x0037, 0x0039, 0x003A, 0x003C, 0x003D, 0x003D, 0x003E, 0x003E, 0x003E, 0x003E, 0x003E, 0x003E, 0x003E, 0x003E,
    0x0020, 0x0020, 0x0021, 0x0021, 0x0022, 0x0023, 0x0023, 0x0024, 0x0025, 0x0026, 0x0028, 0x0029, 0x002B, 0x002D, 0x002F, 0x0031,
    0x0033, 0x0035, 0x0037, 0x0039, 0x003A, 0x003C, 0x003D, 0x003D, 0x003E, 0x003E, 0x003E, 0x003E, 0x003E, 0x003E, 0x003E, 0x003E,
    0x0040, 0x0040, 0x0041, 0x0041, 0x0022, 0x0023, 0x0024, 0x0025, 0x0026, 0x0027, 0x0028, 0x002A, 0x002B, 0x002D, 0x002F, 0x0031,
    0x0033, 0x0035, 0x0037, 0x0039, 0x003B, 0x003C, 0x003D, 0x003D, 0x003E, 0x003E, 0x003E, 0x003E, 0x003E, 0x003E, 0x003E, 0x003E,
    0x0060, 0x0061, 0x0061, 0x0061, 0x0042, 0x0043, 0x0044, 0x0045, 0x0046, 0x0047, 0x0048, 0x004A, 0x004C, 0x004D, 0x004F, 0x0051,
    0x0054, 0x0056, 0x0057, 0x0059, 0x005B, 0x005C, 0x005D, 0x005D, 0x005E, 0x005E, 0x005E, 0x005E, 0x005E, 0x005E, 0x005E, 0x005E,
    0x00A0, 0x0081, 0x0081, 0x0081, 0x0062, 0x0063, 0x0064, 0x0065, 0x0066, 0x0067, 0x0048, 0x004A, 0x004C, 0x004E, 0x0050, 0x0052,
    0x0054, 0x0056, 0x0057, 0x0059, 0x005A, 0x005C, 0x005D, 0x005D, 0x005E, 0x005E, 0x005E, 0x005E, 0x005E, 0x005E, 0x005E, 0x005E,
    0x00C0, 0x00C1, 0x00C1, 0x00A2, 0x00A2, 0x00A3, 0x0084, 0x0085, 0x0086, 0x0087, 0x0068, 0x006A, 0x006C, 0x006D, 0x006F, 0x0071,
    0x0073, 0x0075, 0x0077, 0x0059, 0x005A, 0x005B, 0x005C, 0x005D, 0x005D, 0x005E, 0x005E, 0x005E, 0x005E, 0x005E, 0x005E, 0x005E,
    0x0100, 0x0101, 0x00E1, 0x00E2, 0x00E2, 0x00C3, 0x00C4, 0x00A5, 0x00A6, 0x00A7, 0x0088, 0x008A, 0x008B, 0x008D, 0x008F, 0x0071,
    0x0073, 0x0075, 0x0077, 0x0079, 0x007A, 0x007B, 0x007C, 0x007D, 0x007D, 0x007E, 0x007E, 0x007E, 0x007E, 0x007E, 0x007E, 0x007E,
    0x0141, 0x0141, 0x0121, 0x0122, 0x0122, 0x0103, 0x0104, 0x00E4, 0x00E5, 0x00C7, 0x00C8, 0x00A9, 0x00AB, 0x00AD, 0x00AF, 0x00B1,
    0x0092, 0x0094, 0x0096, 0x0098, 0x007A, 0x007B, 0x007C, 0x007D, 0x007D, 0x007D, 0x007E, 0x007E, 0x007E, 0x007E, 0x007E, 0x007E,
    0x0181, 0x0181, 0x0161, 0x0162, 0x0162, 0x0143, 0x0144, 0x0124, 0x0125, 0x0107, 0x00E8, 0x00E9, 0x00EB, 0x00CD, 0x00CE, 0x00D0,
    0x00B2, 0x00B4, 0x00B5, 0x00B7, 0x0099, 0x009A, 0x009B, 0x009C, 0x009D, 0x009D, 0x009E, 0x007E, 0x007E, 0x007E, 0x007E, 0x007E,
    0x01C1, 0x01C1, 0x01C1, 0x01A2, 0x01A2, 0x01A3, 0x0184, 0x0184, 0x0165, 0x0146, 0x0148, 0x0129, 0x010A, 0x010C, 0x010E, 0x00EF,
    0x00F1, 0x00F3, 0x00D5, 0x00D6, 0x00B8, 0x00BA, 0x00BB, 0x009C, 0x009D, 0x009D, 0x009D, 0x009E, 0x009E, 0x009E, 0x009E, 0x009E,
    0x0221, 0x0201, 0x0201, 0x0202, 0x01E2, 0x01E3, 0x01E4, 0x01C4, 0x01C5, 0x01A6, 0x0188, 0x0169, 0x016A, 0x014C, 0x012D, 0x012F,
    0x0131, 0x0112, 0x0114, 0x00F6, 0x00F7, 0x00D9, 0x00DA, 0x00BC, 0x00BC, 0x00BD, 0x00BD, 0x009E, 0x009E, 0x009E, 0x009E, 0x009E,
    0x0260, 0x0261, 0x0261, 0x0242, 0x0242, 0x0243, 0x0224, 0x0224, 0x0205, 0x0206, 0x01E7, 0x01C9, 0x01AA, 0x01AC, 0x018D, 0x016E,
    0x0170, 0x0152, 0x0153, 0x0135, 0x0116, 0x0118, 0x00FA, 0x00DB, 0x00DC, 0x00BD, 0x00BD, 0x00BE, 0x00BE, 0x00BE, 0x00BE, 0x00BE,
    0x02C0, 0x02A1, 0x02A1, 0x02A2, 0x02A2, 0x02A3, 0x0284, 0x0284, 0x0265, 0x0266, 0x0247, 0x0228, 0x020A, 0x01EB, 0x01CD, 0x01CE,
    0x01B0, 0x0191, 0x0193, 0x0174, 0x0156, 0x0137, 0x0139, 0x011A, 0x00FB, 0x00FC, 0x00DD, 0x00DE, 0x00DE, 0x00DE, 0x00DE, 0x00DE,
    0x0301, 0x0301, 0x0301, 0x0302, 0x0302, 0x0303, 0x02E4, 0x02E4, 0x02C5, 0x02C6, 0x02A7, 0x02A8, 0x028A, 0x026B, 0x024C, 0x022E,
    0x020F, 0x01F1, 0x01D2, 0x01D4, 0x01B5, 0x0197, 0x0178, 0x015A, 0x013B, 0x011C, 0x011D, 0x00FD, 0x00FE, 0x00FE, 0x00FE, 0x00FE,
    0x0361, 0x0361, 0x0361, 0x0362, 0x0362, 0x0363, 0x0344, 0x0344, 0x0345, 0x0326, 0x0327, 0x0308, 0x02E9, 0x02CB, 0x02AC, 0x028E,
    0x026F, 0x0250, 0x0232, 0x0213, 0x01F5, 0x01F6, 0x01B8, 0x0199, 0x017A, 0x015C, 0x013C, 0x013D, 0x011D, 0x011E, 0x011E, 0x011E,
    0x03C1, 0x03C1, 0x03C1, 0x03C2, 0x03C2, 0x03C3, 0x03C4, 0x03A4, 0x03A5, 0x03A6, 0x0387, 0x0368, 0x0369, 0x034B, 0x032C, 0x02ED,
    0x02CF, 0x02B0, 0x0291, 0x0273, 0x0274, 0x0256, 0x0237, 0x01F9, 0x01DA, 0x01BB, 0x019C, 0x017D, 0x015D, 0x015D, 0x015E, 0x015E,
    0x0421, 0x0421, 0x0421, 0x0422, 0x0422, 0x0423, 0x0424, 0x0424, 0x0405, 0x0406, 0x0407, 0x03E8, 0x03CA, 0x03AB, 0x038C, 0x036D,
    0x034E, 0x0310, 0x02F1, 0x02D2, 0x02D4, 0x02B5, 0x0296, 0x0278, 0x0259, 0x021B, 0x01FB, 0x01DC, 0x01BD, 0x019D, 0x019D, 0x019E,
    0x0461, 0x0461, 0x0461, 0x0482, 0x0482, 0x0483, 0x0484, 0x0484, 0x0485, 0x0466, 0x0468, 0x0469, 0x044A, 0x042B, 0x040C, 0x03ED,
    0x03CE, 0x0390, 0x0371, 0x0352, 0x0333, 0x0315, 0x02F6, 0x02F8, 0x02B9, 0x029A, 0x027B, 0x025C, 0x021C, 0x01FD, 0x01FD, 0x01DD,
    0x04C1, 0x04C1, 0x04C1, 0x04C2, 0x04E2, 0x04E3, 0x04E4, 0x04E4, 0x04E5, 0x04E7, 0x04C8, 0x04C9, 0x04AA, 0x04AB, 0x048C, 0x046D,
    0x044F, 0x0410, 0x03F1, 0x03D2, 0x03B3, 0x0395, 0x0376, 0x0357, 0x0338, 0x031A, 0x02FB, 0x02DB, 0x02BC, 0x027D, 0x025D, 0x023D,
    0x0501, 0x0501, 0x0502, 0x0522, 0x0522, 0x0543, 0x0544, 0x0544, 0x0545, 0x0547, 0x0528, 0x0D29, 0x0D2A, 0x0D0C, 0x0D0D, 0x04EE,
    0x04CF, 0x04B0, 0x0471, 0x0452, 0x0413, 0x03F4, 0x03F6, 0x03D7, 0x03B8, 0x03B9, 0x039A, 0x037B, 0x033C, 0x02FC, 0x02BD, 0x029D,
    0x0541, 0x0541, 0x0542, 0x0562, 0x0562, 0x0583, 0x0584, 0x0585, 0x0586, 0x0D87, 0x0D88, 0x0D89, 0x0D6B, 0x0D6C, 0x0D6D, 0x0D4E,
    0x0D4F, 0x0D30, 0x04F1, 0x04D2, 0x04B3, 0x0474, 0x0456, 0x0437, 0x0438, 0x0419, 0x041A, 0x03FB, 0x03BB, 0x039C, 0x035C, 0x02FD,
    0x05A1, 0x05A2, 0x05A2, 0x05A2, 0x05A3, 0x05C3, 0x05C4, 0x0DC5, 0x0DC6, 0x0DC7, 0x0DC8, 0x0DCA, 0x0DCB, 0x0DCC, 0x0DCD, 0x0DAE,
    0x0DAF, 0x0D90, 0x0D71, 0x0D52, 0x0D33, 0x04F4, 0x04D6, 0x04B6, 0x0498, 0x0499, 0x047A, 0x0C7A, 0x0C5B, 0x0C1C, 0x03DC, 0x037D,
    0x05E2, 0x05E2, 0x05E2, 0x05E2, 0x05E3, 0x0603, 0x0E04, 0x0E05, 0x0E06, 0x0E07, 0x0E08, 0x0E0A, 0x0E0B, 0x0E0D, 0x160E, 0x160F,
    0x15F0, 0x0DF1, 0x0DD2, 0x0DB3, 0x0D94, 0x0D75, 0x0D56, 0x0516, 0x04F7, 0x04F8, 0x0CD9, 0x0CDA, 0x0CBB, 0x0C9C, 0x045C, 0x03FD,
    0x0622, 0x0622, 0x0622, 0x0623, 0x0623, 0x0644, 0x0E44, 0x0E45, 0x0E46, 0x0E47, 0x0E49, 0x0E4A, 0x164B, 0x164D, 0x164E, 0x164F,
    0x1650, 0x1631, 0x1632, 0x1613, 0x0DF4, 0x0DF5, 0x0DB6, 0x0D96, 0x0D57, 0x0D38, 0x0D39, 0x0D3A, 0x0D1B, 0x0CFB, 0x0CBC, 0x047C,
    0x0662, 0x0662, 0x0662, 0x0663, 0x0663, 0x0E64, 0x0E64, 0x0E85, 0x0E86, 0x0E88, 0x0E89, 0x168A, 0x168C, 0x168D, 0x168E, 0x1670,
    0x1671, 0x1672, 0x1673, 0x1653, 0x1654, 0x1635, 0x1616, 0x0DF7, 0x0DD7, 0x0D98, 0x0D99, 0x0D7A, 0x0D5B, 0x0D5B, 0x0D1C, 0x04DC,
    0x06A2, 0x06A2, 0x06A3, 0x0683, 0x0E83, 0x0EA4, 0x0EA5, 0x0EA6, 0x0EA7, 0x0EA8, 0x16A9, 0x16AB, 0x16AC, 0x16AD, 0x1EAF, 0x1EB0,
    0x1EB1, 0x1EB2, 0x1EB3, 0x1E94, 0x1E95, 0x1695, 0x1676, 0x1657, 0x1638, 0x0E18, 0x0DD9, 0x0DBA, 0x0DBA, 0x0D9B, 0x0D7C, 0x053C,
    0x0EC2, 0x0EC3, 0x0EC3, 0x0EC3, 0x0EC4, 0x0EC4, 0x0EC5, 0x0EC6, 0x0EC7, 0x16C8, 0x16CA, 0x16CB, 0x16CD, 0x1ECE, 0x1ECF, 0x1ED1,
    0x1ED1, 0x26D2, 0x26D3, 0x1ED4, 0x1EB5, 0x1EB6, 0x1EB6, 0x1697, 0x1678, 0x1658, 0x1639, 0x0E1A, 0x0DFA, 0x0DFB, 0x0DBC, 0x0D9C,
    0x0EE3, 0x0EE3, 0x0EE3, 0x0EE4, 0x0EE4, 0x0EE5, 0x0EE5, 0x0EE6, 0x0EE8, 0x16E9, 0x16EA, 0x16EC, 0x1EED, 0x1EEE, 0x26F0, 0x26F1,
    0x26F2, 0x26F3, 0x26F4, 0x26F4, 0x26F5, 0x1EF6, 0x1ED7, 0x1ED7, 0x1EB8, 0x16B9, 0x1699, 0x167A, 0x165A, 0x0E3B, 0x0E1B, 0x0DFC,
    0x0F03, 0x0F03, 0x0F03, 0x0F04, 0x0F04, 0x0F05, 0x0F06, 0x0F07, 0x1708, 0x1709, 0x170B, 0x1F0C, 0x1F0E, 0x270F, 0x2710, 0x2F11,
    0x2F12, 0x2F13, 0x2F14, 0x2F15, 0x26F5, 0x26F6, 0x26F7, 0x1EF7, 0x1EF8, 0x1ED9, 0x1ED9, 0x16BA, 0x169A, 0x167B, 0x165B, 0x0E5C,
    0x0F23, 0x0F23, 0x0F24, 0x0F24, 0x0F24, 0x0F25, 0x0F26, 0x1728, 0x1729, 0x1F2A, 0x1F2C, 0x270D, 0x270E, 0x2F10, 0x2F11, 0x3712,
    0x3713, 0x3714, 0x3715, 0x2F15, 0x2F16, 0x2716, 0x2717, 0x2718, 0x2718, 0x1EF9, 0x1EFA, 0x1EFA, 0x1EDA, 0x16DB, 0x16BB, 0x169C,
    0x0F43, 0x0F44, 0x0F44, 0x0F44, 0x0F45, 0x0F46, 0x1747, 0x1748, 0x1F2A, 0x1F2B, 0x272C, 0x272E, 0x2F2F, 0x2F30, 0x3731, 0x3F32,
    0x3F33, 0x3F34, 0x3F35, 0x3F36, 0x3736, 0x3736, 0x2F37, 0x2718, 0x2718, 0x2719, 0x271A, 0x271A, 0x1EFA, 0x1EFB, 0x1EFB, 0x16DC,
    0x0F63, 0x0F64, 0x0F64, 0x0F65, 0x0F65, 0x0F66, 0x1747, 0x1F49, 0x1F4A, 0x272C, 0x272D, 0x2F2E, 0x2F30, 0x3731, 0x3F32, 0x3F33,
    0x4734, 0x4735, 0x4735, 0x4736, 0x3F36, 0x3F37, 0x3737, 0x2F38, 0x2738, 0x2739, 0x273A, 0x271A, 0x271A, 0x271B, 0x1F1B, 0x1F1B,
    0x0820, 0x0820, 0x0800, 0x0801, 0x0802, 0x0802, 0x0803, 0x0804, 0x0805, 0x0806, 0x0807, 0x0808, 0x000A, 0x002C, 0x002E, 0x0030,
    0x0032, 0x0034, 0x0036, 0x0038, 0x003A, 0x003B, 0x003C, 0x003D, 0x003E, 0x003E, 0x003E, 0x003E, 0x003E, 0x003E, 0x003E, 0x003E,
    0x0820, 0x0820, 0x0821, 0x0821, 0x0822, 0x0823, 0x0023, 0x0024, 0x0025, 0x0027, 0x0028, 0x0029, 0x002B, 0x002D, 0x002F, 0x0031,
    0x0033, 0x0035, 0x0037, 0x0039, 0x003A, 0x003C, 0x003D, 0x003D, 0x003E, 0x003E, 0x003E, 0x003E, 0x003E, 0x003E, 0x003E, 0x003E,
    0x0840, 0x0840, 0x0841, 0x0021, 0x0022, 0x0023, 0x0024, 0x0025, 0x0026, 0x0027, 0x0028, 0x002A, 0x002C, 0x002E, 0x0030, 0x0032,
    0x0034, 0x0036, 0x0038, 0x0039, 0x003B, 0x003C, 0x003D, 0x003D, 0x003E, 0x003E, 0x003E, 0x003E, 0x003E, 0x003E, 0x003E, 0x003E,
    0x0860, 0x0860, 0x0861, 0x0061, 0x0042, 0x0043, 0x0044, 0x0045, 0x0046, 0x0048, 0x0029, 0x002A, 0x002C, 0x002E, 0x0030, 0x0032,
    0x0034, 0x0036, 0x0058, 0x005A, 0x005B, 0x005C, 0x005D, 0x005D, 0x005E, 0x005E, 0x005E, 0x005E, 0x005E, 0x005E, 0x005E, 0x005E,
    0x08A0, 0x08A1, 0x08A1, 0x0082, 0x0082, 0x0063, 0x0064, 0x0065, 0x0046, 0x0048, 0x0049, 0x004B, 0x004D, 0x004E, 0x0050, 0x0052,
    0x0054, 0x0056, 0x0058, 0x005A, 0x005B, 0x005C, 0x005D, 0x005D, 0x005E, 0x005E, 0x005E, 0x005E, 0x005E, 0x005E, 0x005E, 0x005E,
    0x08C0, 0x08C1, 0x00E1, 0x00C2, 0x00C2, 0x00A3, 0x00A4, 0x0085, 0x0086, 0x0068, 0x0069, 0x006B, 0x006D, 0x006E, 0x0070, 0x0052,
    0x0054, 0x0056, 0x0058, 0x0059, 0x005B, 0x005C, 0x005C, 0x005D, 0x005D, 0x005E, 0x005E, 0x005E, 0x005E, 0x005E, 0x005E, 0x005E,
    0x0900, 0x0901, 0x0121, 0x0102, 0x0102, 0x00E3, 0x00C4, 0x00C5, 0x00A6, 0x00A8, 0x0089, 0x008B, 0x008C, 0x006E, 0x0070, 0x0072,
    0x0074, 0x0076, 0x0077, 0x0079, 0x007A, 0x007B, 0x007C, 0x007D, 0x007D, 0x007E, 0x007E, 0x007E, 0x007E, 0x007E, 0x007E, 0x007E,
    0x0940, 0x0141, 0x0161, 0x0142, 0x0142, 0x0123, 0x0124, 0x0105, 0x00E6, 0x00C8, 0x00C9, 0x00AA, 0x00AC, 0x00AE, 0x0090, 0x0091,
    0x0093, 0x0095, 0x0097, 0x0079, 0x007A, 0x007B, 0x007C, 0x007D, 0x007D, 0x007E, 0x007E, 0x007E, 0x007E, 0x007E, 0x007E, 0x007E,
    0x0980, 0x0181, 0x01A1, 0x0182, 0x0182, 0x0183, 0x0164, 0x0145, 0x0146, 0x0127, 0x0109, 0x00EA, 0x00CC, 0x00CD, 0x00CF, 0x00B1,
    0x00B3, 0x00B5, 0x0096, 0x0098, 0x009A, 0x009B, 0x009C, 0x007C, 0x007D, 0x007D, 0x007E, 0x007E, 0x007E, 0x007E, 0x007E, 0x007E,
    0x09C0, 0x01E1, 0x01E1, 0x01E2, 0x01E2, 0x01C3, 0x01C4, 0x01A5, 0x0186, 0x0167, 0x0148, 0x012A, 0x012B, 0x010D, 0x00EF, 0x00F0,
    0x00F2, 0x00D4, 0x00D6, 0x00B7, 0x00B9, 0x00BA, 0x009B, 0x009C, 0x009D, 0x009D, 0x009D, 0x009E, 0x009E, 0x009E, 0x009E, 0x009E,
    0x0220, 0x0221, 0x0221, 0x0222, 0x0222, 0x0223, 0x0204, 0x0205, 0x01E6, 0x01C7, 0x01A8, 0x018A, 0x016B, 0x014D, 0x012E, 0x0130,
    0x0111, 0x0113, 0x00F5, 0x00F6, 0x00D8, 0x00DA, 0x00BB, 0x00BC, 0x00BD, 0x009D, 0x009D, 0x009E, 0x009E, 0x009E, 0x009E, 0x009E,
    0x0260, 0x0281, 0x0281, 0x0282, 0x0282, 0x0283, 0x0264, 0x0264, 0x0245, 0x0227, 0x0228, 0x01E9, 0x01CB, 0x01AC, 0x018E, 0x016F,
    0x0171, 0x0152, 0x0134, 0x0116, 0x0117, 0x00F9, 0x00DA, 0x00DB, 0x00BC, 0x00BD, 0x00BD, 0x00BE, 0x00BE, 0x00BE, 0x00BE, 0x00BE,
    0x02C0, 0x02C1, 0x02C1, 0x02C1, 0x02E2, 0x02C3, 0x02C3, 0x02C4, 0x02A5, 0x02A6, 0x0288, 0x0269, 0x024A, 0x020C, 0x01ED, 0x01CF,
    0x01B0, 0x0192, 0x0173, 0x0155, 0x0157, 0x0138, 0x011A, 0x00FB, 0x00FC, 0x00DD, 0x00DD, 0x00DE, 0x00DE, 0x00DE, 0x00DE, 0x00BE,
    0x0300, 0x0321, 0x0321, 0x0321, 0x0342, 0x0323, 0x0323, 0x0324, 0x0305, 0x0306, 0x02E7, 0x02C9, 0x02AA, 0x028C, 0x026D, 0x022E,
    0x0210, 0x01F1, 0x01D3, 0x01B4, 0x0196, 0x0178, 0x0159, 0x013A, 0x011B, 0x011C, 0x00FD, 0x00FD, 0x00FE, 0x00FE, 0x00DE, 0x00DE,
    0x0360, 0x0361, 0x0381, 0x0381, 0x0382, 0x0383, 0x0383, 0x0384, 0x0385, 0x0366, 0x0367, 0x0349, 0x032A, 0x030B, 0x02CD, 0x02AE,
    0x0290, 0x0251, 0x0232, 0x0214, 0x01F5, 0x01D7, 0x01B8, 0x019A, 0x017B, 0x015C, 0x013D, 0x011D, 0x011D, 0x011E, 0x011E, 0x00FE,
    0x03C1, 0x03C1, 0x03C1, 0x03E1, 0x03E2, 0x03E2, 0x0403, 0x03E4, 0x03E5, 0x03E6, 0x03C7, 0x03A9, 0x03AA, 0x038B, 0x034D, 0x032E,
    0x02EF, 0x02D1, 0x02B2, 0x0293, 0x0275, 0x0236, 0x0218, 0x01F9, 0x01DA, 0x019C, 0x017C, 0x015D, 0x015D, 0x013E, 0x013E, 0x013E,
    0x0421, 0x0421, 0x0421, 0x0421, 0x0442, 0x0443, 0x0443, 0x0444, 0x0445, 0x0446, 0x0447, 0x0429, 0x040A, 0x03EB, 0x03CD, 0x03AE,
    0x036F, 0x0350, 0x0312, 0x02F3, 0x02D4, 0x02B6, 0x0297, 0x0279, 0x023A, 0x021B, 0x01FC, 0x01BC, 0x019D, 0x019D, 0x017E, 0x015E,
    0x0461, 0x0461, 0x0461, 0x0482, 0x0482, 0x04A3, 0x04A3, 0x04A4, 0x04A5, 0x04A6, 0x04A7, 0x0489, 0x048A, 0x046B, 0x044D, 0x042E,
    0x040F, 0x03D0, 0x0391, 0x0373, 0x0354, 0x0335, 0x0317, 0x02F8, 0x02B9, 0x029A, 0x025B, 0x023C, 0x021D, 0x01DD, 0x01BD, 0x019E,
    0x04C1, 0x04C1, 0x04C1, 0x04C2, 0x04E2, 0x04E3, 0x0503, 0x0504, 0x0505, 0x0506, 0x0D07, 0x0D09, 0x0CEA, 0x0CEC, 0x0CCD, 0x0CAE,
    0x048F, 0x0450, 0x0431, 0x03F3, 0x03D4, 0x03B5, 0x0396, 0x0378, 0x0339, 0x031A, 0x02FB, 0x02BC, 0x029C, 0x025D, 0x023D, 0x01FD,
    0x0501, 0x0501, 0x0501, 0x0522, 0x0522, 0x0543, 0x0543, 0x0544, 0x0D45, 0x0D46, 0x0D48, 0x0D49, 0x0D4A, 0x0D4C, 0x0D2D, 0x0D0E,
    0x0D0F, 0x0CD0, 0x04B1, 0x0473, 0x0454, 0x0415, 0x03F6, 0x03F7, 0x03D8, 0x03B9, 0x037A, 0x035B, 0x031C, 0x02DC, 0x029D, 0x025D,
    0x0561, 0x0561, 0x0562, 0x0562, 0x0562, 0x0583, 0x0583, 0x0D84, 0x0DA5, 0x0DA6, 0x0DA8, 0x0DA9, 0x0D8B, 0x0D8C, 0x0D8D, 0x0D6E,
    0x0D70, 0x0D51, 0x0D32, 0x0CF3, 0x04D4, 0x0495, 0x0476, 0x0457, 0x0438, 0x0439, 0x041A, 0x0BDB, 0x039B, 0x035C, 0x031D, 0x02DD,
    0x05A1, 0x05A2, 0x05A2, 0x05A2, 0x05A2, 0x05C3, 0x0DC4, 0x0DE4, 0x0DE5, 0x0DE7, 0x0DE8, 0x0DE9, 0x0DEB, 0x15EC, 0x15CE, 0x15CF,
    0x15D0, 0x15B1, 0x0D92, 0x0D73, 0x0D54, 0x0D15, 0x0CF6, 0x04D7, 0x04B8, 0x0C99, 0x0C7A, 0x0C7A, 0x0C3B, 0x0BFC, 0x03BC, 0x035D,
    0x05E2, 0x05E2, 0x05E2, 0x05E2, 0x05E3, 0x0E03, 0x0E04, 0x0E05, 0x0E26, 0x0E27, 0x0E28, 0x0E29, 0x162B, 0x162D, 0x160E, 0x160F,
    0x1610, 0x1611, 0x15F2, 0x15D3, 0x0DB4, 0x0D95, 0x0D56, 0x0D37, 0x0D18, 0x0CF9, 0x0CFA, 0x0CDA, 0x0CBB, 0x0C7C, 0x0C3C, 0x03DD,
    0x0622, 0x0622, 0x0622, 0x0622, 0x0623, 0x0E23, 0x0E44, 0x0E45, 0x0E46, 0x0E47, 0x0E48, 0x164A, 0x164B, 0x164D, 0x164E, 0x1E50,
    0x1E51, 0x1E52, 0x1E33, 0x1633, 0x1614, 0x15F5, 0x0DD6, 0x0DB7, 0x0D78, 0x0D59, 0x0D39, 0x0D3A, 0x0D1B, 0x0CFB, 0x0CBC, 0x045C,
    0x0662, 0x0662, 0x0E62, 0x0E63, 0x0E63, 0x0E64, 0x0E64, 0x0E65, 0x0E86, 0x0E87, 0x1689, 0x168A, 0x168C, 0x168D, 0x1E8F, 0x1E70,
    0x1E71, 0x1E72, 0x1E73, 0x1E74, 0x1E55, 0x1655, 0x1636, 0x1617, 0x15D8, 0x0DB9, 0x0D99, 0x0D7A, 0x0D5B, 0x0D5B, 0x0D1C, 0x0CDC,
    0x0EA2, 0x0EA2, 0x0E83, 0x0E83, 0x0E83, 0x0EA4, 0x0EA5, 0x0EA5, 0x0EA6, 0x16A8, 0x16A9, 0x16AA, 0x16AC, 0x1EAD, 0x1EAF, 0x26B0,
    0x26B1, 0x26B2, 0x26B3, 0x2694, 0x1E95, 0x1E96, 0x1E76, 0x1657, 0x1638, 0x1619, 0x15F9, 0x0DDA, 0x0DBB, 0x0D9B, 0x0D7C, 0x0D3C,
    0x0EC2, 0x0EC3, 0x0EC3, 0x0EC3, 0x0EC4, 0x0EC4, 0x0EC5, 0x0EC6, 0x0EC7, 0x16C8, 0x16CA, 0x16CB, 0x1ECD, 0x1ECE, 0x26CF, 0x26D1,
    0x26D2, 0x26D3, 0x26D4, 0x26D4, 0x26B5, 0x26B6, 0x1EB7, 0x1E97, 0x1E98, 0x1679, 0x1659, 0x161A, 0x161A, 0x0DFB, 0x0DBC, 0x0D9C,
    0x0EE3, 0x0EE3, 0x0EE3, 0x0EE4, 0x0EE4, 0x0EE5, 0x0EE5, 0x0EE6, 0x16E8, 0x16E9, 0x16EA, 0x1EEC, 0x1EED, 0x26EF, 0x26F0, 0x2EF1,
    0x2EF2, 0x2EF3, 0x2EF4, 0x2EF5, 0x26F5, 0x26F6, 0x26D7, 0x1ED7, 0x1ED8, 0x1EB9, 0x1E99, 0x167A, 0x165A, 0x163B, 0x0E1B, 0x0DFC,
    0x0F03, 0x0F03, 0x0F03, 0x0F04, 0x0F04, 0x0F05, 0x0F06, 0x1707, 0x1708, 0x170A, 0x1F0B, 0x1EEC, 0x26EE, 0x26EF, 0x2EF1, 0x36F2,
    0x36F3, 0x36F4, 0x36F4, 0x36F5, 0x2EF6, 0x2EF6, 0x26F7, 0x26F8, 0x26F8, 0x26D9, 0x1ED9, 0x1EBA, 0x1E9A, 0x169B, 0x167B, 0x165C,
    0x0F23, 0x0F23, 0x0F24, 0x0F24, 0x0F24, 0x0F25, 0x0F26, 0x1728, 0x1729, 0x1F2A, 0x1F0C, 0x270D, 0x2F0F, 0x2F10, 0x3711, 0x3F12,
    0x3F13, 0x3F14, 0x3F15, 0x3F15, 0x3716, 0x3716, 0x2F17, 0x2718, 0x2718, 0x26F9, 0x26FA, 0x26FA, 0x1EFA, 0x1EDB, 0x1EBB, 0x169C,
    0x0F43, 0x0F44, 0x0F44, 0x0F44, 0x0F45, 0x0F46, 0x1747, 0x1728, 0x1F2A, 0x272B, 0x272C, 0x272E, 0x2F0F, 0x3710, 0x3711, 0x3F12,
    0x4733, 0x4734, 0x4735, 0x4736, 0x3F36, 0x3F37, 0x3717, 0x2F18, 0x2F18, 0x2719, 0x271A, 0x271A, 0x26FA, 0x26FB, 0x1EFB, 0x1EDB,
    0x0F63, 0x0F64, 0x0F64, 0x0F65, 0x0F65, 0x1746, 0x1747, 0x1F49, 0x1F2A, 0x272C, 0x2F2D, 0x2F2E, 0x3730, 0x3731, 0x3F32, 0x4733,
    0x4734, 0x4735, 0x4F35, 0x4F36, 0x4736, 0x4737, 0x3F37, 0x3738, 0x2F38, 0x2F39, 0x2739, 0x271A, 0x271A, 0x271B, 0x271B, 0x271B,
    0x0820, 0x0820, 0x0820, 0x0801, 0x0801, 0x0802, 0x0803, 0x0804, 0x0805, 0x0806, 0x0807, 0x0808, 0x080A, 0x080C, 0x082D, 0x082F,
    0x0831, 0x0833, 0x0836, 0x0838, 0x083A, 0x083B, 0x003C, 0x003D, 0x003D, 0x003E, 0x003E, 0x003E, 0x003E, 0x003E, 0x003E, 0x003E,
    0x0820, 0x0820, 0x0821, 0x0821, 0x0822, 0x0823, 0x0804, 0x0804, 0x0825, 0x0827, 0x0828, 0x0829, 0x082B, 0x082D, 0x082F, 0x0831,
    0x0833, 0x0835, 0x0037, 0x0039, 0x003A, 0x003C, 0x003D, 0x003D, 0x003E, 0x003E, 0x003E, 0x003E, 0x003E, 0x003E, 0x003E, 0x003E,
    0x1040, 0x0840, 0x0841, 0x0821, 0x0822, 0x0823, 0x0824, 0x0025, 0x0026, 0x0027, 0x0029, 0x002A, 0x002C, 0x002E, 0x0030, 0x0032,
    0x0034, 0x0036, 0x0038, 0x003A, 0x003B, 0x003C, 0x003D, 0x003D, 0x003E, 0x003E, 0x003E, 0x003E, 0x003E, 0x003E, 0x003E, 0x003E,
    0x0860, 0x0880, 0x0881, 0x0861, 0x0842, 0x0843, 0x0044, 0x0045, 0x0027, 0x0028, 0x0029, 0x002B, 0x002D, 0x002F, 0x0031, 0x0033,
    0x0035, 0x0036, 0x0038, 0x003A, 0x003B, 0x003C, 0x005D, 0x005D, 0x005E, 0x005E, 0x005E, 0x005E, 0x005E, 0x005E, 0x005E, 0x005E,
    0x08A0, 0x08A0, 0x08A1, 0x08A2, 0x0882, 0x0064, 0x0065, 0x0046, 0x0047, 0x0048, 0x004A, 0x004C, 0x004D, 0x004F, 0x0051, 0x0053,
    0x0055, 0x0057, 0x0058, 0x005A, 0x005B, 0x005C, 0x005D, 0x005D, 0x005E, 0x005E, 0x005E, 0x005E, 0x005E, 0x005E, 0x005E, 0x005E,
    0x08C0, 0x08E1, 0x0901, 0x08E2, 0x08C2, 0x00C3, 0x00A5, 0x0086, 0x0067, 0x0068, 0x006A, 0x006C, 0x004D, 0x004F, 0x0051, 0x0053,
    0x0055, 0x0057, 0x0058, 0x005A, 0x005B, 0x005C, 0x005D, 0x005D, 0x005E, 0x005E, 0x005E, 0x005E, 0x005E, 0x005E, 0x005E, 0x005E,
    0x0900, 0x0921, 0x0941, 0x0922, 0x0122, 0x0103, 0x00E4, 0x00C6, 0x00A7, 0x0088, 0x008A, 0x008C, 0x006D, 0x006F, 0x0071, 0x0073,
    0x0075, 0x0077, 0x0078, 0x007A, 0x007B, 0x007C, 0x007D, 0x005D, 0x005D, 0x005E, 0x005E, 0x005E, 0x005E, 0x005E, 0x005E, 0x007E,
    0x0940, 0x0961, 0x0981, 0x0182, 0x0162, 0x0143, 0x0144, 0x0126, 0x0107, 0x00E8, 0x00CA, 0x00AB, 0x00AD, 0x008F, 0x0091, 0x0092,
    0x0094, 0x0076, 0x0078, 0x0079, 0x007A, 0x007C, 0x007C, 0x007D, 0x007D, 0x007E, 0x007E, 0x007E, 0x007E, 0x007E, 0x007E, 0x007E,
    0x0980, 0x09A1, 0x01C1, 0x01C1, 0x01A2, 0x01A3, 0x0184, 0x0165, 0x0147, 0x0128, 0x0109, 0x00EB, 0x00CD, 0x00CE, 0x00B0, 0x00B2,
    0x00B4, 0x0096, 0x0097, 0x0099, 0x009A, 0x007B, 0x007C, 0x007D, 0x007D, 0x007D, 0x007E, 0x007E, 0x007E, 0x007E, 0x007E, 0x007E,
    0x09C0, 0x0A01, 0x0201, 0x0201, 0x0202, 0x0203, 0x01E4, 0x01C5, 0x01C6, 0x0188, 0x0169, 0x014B, 0x012C, 0x010E, 0x00EF, 0x00F1,
    0x00D3, 0x00D5, 0x00B6, 0x00B8, 0x009A, 0x009B, 0x009C, 0x009C, 0x009D, 0x009D, 0x009E, 0x009E, 0x009E, 0x009E, 0x009E, 0x009E,
    0x0A20, 0x0A41, 0x0261, 0x0261, 0x0262, 0x0243, 0x0244, 0x0225, 0x0226, 0x0207, 0x01C9, 0x01AA, 0x018C, 0x014D, 0x012F, 0x0131,
    0x0112, 0x00F4, 0x00F6, 0x00D7, 0x00B9, 0x00BA, 0x00BB, 0x009C, 0x009D, 0x009D, 0x009D, 0x009E, 0x009E, 0x009E, 0x009E, 0x009E,
    0x0A60, 0x0A80, 0x02A1, 0x02A1, 0x02C2, 0x02A2, 0x02A3, 0x02A4, 0x0286, 0x0267, 0x0248, 0x022A, 0x01EC, 0x01CD, 0x018E, 0x0170,
    0x0152, 0x0133, 0x0135, 0x0117, 0x00F8, 0x00DA, 0x00DB, 0x00BC, 0x00BC, 0x00BD, 0x00BD, 0x00BE, 0x00BE, 0x00BE, 0x00BE, 0x00BE,
    0x0AC0, 0x0AE0, 0x02E1, 0x0301, 0x0302, 0x0302, 0x0303, 0x0304, 0x02E5, 0x02C7, 0x02A8, 0x0289, 0x026B, 0x022D, 0x020E, 0x01D0,
    0x01B1, 0x0193, 0x0174, 0x0156, 0x0138, 0x0119, 0x00FA, 0x00FB, 0x00DC, 0x00DD, 0x00DD, 0x00DE, 0x00BE, 0x00BE, 0x00BE, 0x00BE,
    0x0B20, 0x0B21, 0x0341, 0x0341, 0x0362, 0x0362, 0x0363, 0x0364, 0x0365, 0x0346, 0x0328, 0x0309, 0x02EB, 0x02AC, 0x028E, 0x024F,
    0x0231, 0x01F2, 0x01D4, 0x01B5, 0x0197, 0x0158, 0x013A, 0x011B, 0x011C, 0x00FD, 0x00FD, 0x00FD, 0x00DE, 0x00DE, 0x00DE, 0x00DE,
    0x0B60, 0x0B81, 0x0381, 0x03A1, 0x03C2, 0x03C2, 0x03C3, 0x03C4, 0x03C5, 0x03A6, 0x03A7, 0x0389, 0x036A, 0x032C, 0x030D, 0x02CF,
    0x0290, 0x0272, 0x0253, 0x0215, 0x01F6, 0x01B8, 0x0199, 0x017A, 0x015B, 0x013C, 0x013D, 0x011D, 0x011D, 0x00FE, 0x00FE, 0x00FE,
    0x0BC1, 0x03C1, 0x03E1, 0x03E1, 0x0402, 0x0422, 0x0423, 0x0424, 0x0425, 0x0426, 0x0407, 0x03E9, 0x03EA, 0x03AC, 0x038D, 0x034F,
    0x0310, 0x02F1, 0x02B3, 0x0294, 0x0276, 0x0237, 0x0219, 0x01DA, 0x01BB, 0x019C, 0x017C, 0x015D, 0x013D, 0x013E, 0x011E, 0x011E,
    0x0421, 0x0421, 0x0421, 0x0441, 0x0462, 0x0462, 0x0483, 0x0484, 0x0485, 0x0486, 0x0C87, 0x0C69, 0x0C4A, 0x042C, 0x040D, 0x03CE,
    0x03B0, 0x0371, 0x0332, 0x0314, 0x02D5, 0x02B6, 0x0298, 0x0259, 0x023A, 0x01FB, 0x01DC, 0x01BD, 0x019D, 0x017E, 0x015E, 0x013E,
    0x0481, 0x0481, 0x0481, 0x0481, 0x04A2, 0x04C2, 0x04C3, 0x0CE4, 0x0CE5, 0x0CE6, 0x0CE7, 0x0CC9, 0x0CCA, 0x0CAC, 0x0C8D, 0x0C6E,
    0x0430, 0x03F1, 0x03D2, 0x0393, 0x0375, 0x0336, 0x0317, 0x02F9, 0x02BA, 0x029B, 0x025B, 0x021C, 0x01FD, 0x01DD, 0x019E, 0x017E,
    0x04C1, 0x04C1, 0x04C1, 0x04E2, 0x04E2, 0x0502, 0x0D03, 0x0D24, 0x0D25, 0x0D26, 0x0D27, 0x0D29, 0x0D2A, 0x0D0C, 0x0D0D, 0x0CEE,
    0x0CB0, 0x0C91, 0x0452, 0x0413, 0x03F4, 0x03D6, 0x0397, 0x0378, 0x0359, 0x031A, 0x02DB, 0x029C, 0x027C, 0x023D, 0x01FD, 0x01DE,
    0x0521, 0x0521, 0x0521, 0x0522, 0x0522, 0x0D43, 0x0D43, 0x0D64, 0x0D65, 0x0D66, 0x0D67, 0x0D69, 0x0D6A, 0x0D6C, 0x0D4D, 0x0D4F,
    0x0D30, 0x0D11, 0x0CF2, 0x0CB3, 0x0474, 0x0436, 0x0417, 0x03F8, 0x03D9, 0x03BA, 0x037A, 0x033B, 0x02FC, 0x02BC, 0x027D, 0x023D,
    0x0561, 0x0561, 0x0562, 0x0562, 0x0562, 0x0D83, 0x0D83, 0x0DA4, 0x0DA5, 0x0DA6, 0x0DC7, 0x0DA9, 0x0DAA, 0x15AC, 0x15AE, 0x15AF,
    0x1590, 0x1571, 0x0D52, 0x0D33, 0x0CF4, 0x0CB5, 0x0C96, 0x0C77, 0x0C58, 0x0C39, 0x0BFA, 0x0BDB, 0x037C, 0x033C, 0x02FD, 0x02BD,
    0x05A1, 0x05A2, 0x05A2, 0x05A2, 0x05A2, 0x0DC3, 0x0DC3, 0x0DE4, 0x0DE5, 0x0DE6, 0x0DE7, 0x0DE9, 0x15EB, 0x15EC, 0x15EE, 0x15EF,
    0x15F0, 0x15D1, 0x15B2, 0x15B3, 0x0D74, 0x0D55, 0x0D16, 0x0CF7, 0x0CD8, 0x0CB9, 0x0C9A, 0x0C5B, 0x0C1B, 0x03DC, 0x037C, 0x033D,
    0x05E1, 0x05E2, 0x05E2, 0x0DE2, 0x0DE2, 0x0E03, 0x0E04, 0x0E04, 0x0E25, 0x0E26, 0x0E28, 0x1629, 0x162B, 0x162C, 0x162E, 0x1E2F,
    0x1E31, 0x1E12, 0x1E13, 0x15F4, 0x15D5, 0x15B6, 0x0D76, 0x0D57, 0x0D38, 0x0D19, 0x0CFA, 0x0CDA, 0x0C9B, 0x0C5C, 0x0C1C, 0x0BDD,
    0x0E22, 0x0E22, 0x0E22, 0x0E22, 0x0E23, 0x0E23, 0x0E44, 0x0E45, 0x0E46, 0x0E47, 0x1648, 0x1649, 0x164B, 0x1E4D, 0x1E4E, 0x1E50,
    0x1E51, 0x1E52, 0x1E53, 0x1E54, 0x1E35, 0x1616, 0x15F6, 0x15B7, 0x0D98, 0x0D79, 0x0D5A, 0x0D3A, 0x0CFB, 0x0CDC, 0x0C9C, 0x0C5C,
    0x0E62, 0x0E62, 0x0E62, 0x0E63, 0x0E63, 0x0E64, 0x0E64, 0x0E65, 0x0E86, 0x1687, 0x1688, 0x168A, 0x168B, 0x1E8D, 0x1E8F, 0x2670,
    0x2671, 0x2672, 0x2673, 0x2674, 0x1E75, 0x1E56, 0x1E37, 0x1617, 0x15F8, 0x15D9, 0x15BA, 0x0D7A, 0x0D5B, 0x0D3B, 0x0CFC, 0x0CDC,
    0x0EA2, 0x0E82, 0x0E83, 0x0E83, 0x0E83, 0x0E84, 0x0EA4, 0x0EA5, 0x0EA6, 0x16A8, 0x16A9, 0x16AA, 0x1EAC, 0x1EAD, 0x26AF, 0x26B1,
    0x26B2, 0x2EB3, 0x26B4, 0x26B4, 0x2695, 0x2696, 0x1E97, 0x1E77, 0x1E58, 0x1639, 0x1619, 0x15DA, 0x0DBB, 0x0D9B, 0x0D7C, 0x0D3C,
    0x0EC2, 0x0EC3, 0x0EC3, 0x0EC3, 0x0EC4, 0x0EC4, 0x0EC5, 0x0EC6, 0x16C7, 0x16C8, 0x16CA, 0x1ECB, 0x1ECD, 0x26CE, 0x26D0, 0x2ED1,
    0x2ED2, 0x2ED3, 0x2ED4, 0x2ED5, 0x2ED5, 0x26B6, 0x26B7, 0x26B8, 0x1E98, 0x1E79, 0x1E5A, 0x163A, 0x161B, 0x15FB, 0x0DDC, 0x0D9C,
    0x0EE3, 0x0EE3, 0x0EE3, 0x0EE3, 0x0EE4, 0x0EE4, 0x0EE5, 0x16E6, 0x16E8, 0x16E9, 0x1EEA, 0x1EEC, 0x26ED, 0x26EF, 0x2EF0, 0x36F1,
    0x36F3, 0x36F3, 0x36F4, 0x36F5, 0x2EF6, 0x2EF6, 0x26D7, 0x26D8, 0x26D8, 0x26B9, 0x1EBA, 0x1E9A, 0x167B, 0x163B, 0x161B, 0x15FC,
    0x0F03, 0x0F03, 0x0F03, 0x0F04, 0x0F04, 0x0F05, 0x0F06, 0x1707, 0x1708, 0x1F0A, 0x1EEB, 0x26ED, 0x26EE, 0x2EEF, 0x36F1, 0x36F2,
    0x3EF3, 0x3EF4, 0x3EF5, 0x3EF5, 0x3EF6, 0x36F6, 0x2EF7, 0x2EF8, 0x26F8, 0x26D9, 0x26DA, 0x26BA, 0x1EBA, 0x1E9B, 0x167B, 0x165C,
    0x0F23, 0x0F23, 0x0F24, 0x0F24, 0x0F24, 0x0F25, 0x1726, 0x1728, 0x1F29, 0x1F0A, 0x270C, 0x270D, 0x2F0F, 0x3710, 0x3711, 0x3F12,
    0x4713, 0x4714, 0x4715, 0x4716, 0x4716, 0x3F17, 0x3717, 0x2F18, 0x2EF8, 0x26F9, 0x26FA, 0x26FA, 0x26FA, 0x26DB, 0x1EBB, 0x1E9B,
    0x0F43, 0x0F44, 0x0F44, 0x0F44, 0x0F45, 0x1746, 0x1747, 0x1728, 0x1F2A, 0x272B, 0x272D, 0x2F0E, 0x2F0F, 0x3710, 0x3F11, 0x3F12,
    0x4713, 0x4734, 0x4F35, 0x4F36, 0x4736, 0x4717, 0x3F17, 0x3718, 0x2F18, 0x2F19, 0x2F19, 0x271A, 0x26FA, 0x26FB, 0x26FB, 0x1EDB,
    0x0F64, 0x0F64, 0x0F64, 0x0F65, 0x0F65, 0x1746, 0x1747, 0x1F49, 0x272A, 0x272C, 0x2F2D, 0x2F2E, 0x372F, 0x3731, 0x3F32, 0x4733,
    0x4734, 0x4F34, 0x4F35, 0x4F36, 0x4F36, 0x4F37, 0x4737, 0x3F38, 0x3738, 0x2F39, 0x2F19, 0x2F1A, 0x2F1A, 0x2F1B, 0x271B, 0x271B,
    0x1020, 0x1020, 0x1020, 0x1001, 0x1001, 0x1002, 0x1003, 0x0804, 0x0804, 0x0805, 0x0807, 0x0808, 0x0809, 0x080B, 0x080D, 0x082F,
    0x0831, 0x0833, 0x0835, 0x0837, 0x0839, 0x083B, 0x083C, 0x083D, 0x083D, 0x083E, 0x083E, 0x083E, 0x083E, 0x083E, 0x083E, 0x083E,
    0x1020, 0x1020, 0x1020, 0x1021, 0x1022, 0x0822, 0x0803, 0x0804, 0x0805, 0x0826, 0x0828, 0x0829, 0x082A, 0x082C, 0x082E, 0x0830,
    0x0832, 0x0834, 0x0836, 0x0838, 0x083A, 0x083B, 0x083C, 0x083D, 0x083D, 0x083E, 0x083E, 0x083E, 0x083E, 0x083E, 0x083E, 0x083E,
    0x1040, 0x1040, 0x1040, 0x1021, 0x1022, 0x0823, 0x0824, 0x0825, 0x0826, 0x0827, 0x0828, 0x082A, 0x082C, 0x082D, 0x082F, 0x0831,
    0x0833, 0x0836, 0x0837, 0x0839, 0x083B, 0x003C, 0x003D, 0x003D, 0x003E, 0x003E, 0x003E, 0x003E, 0x003E, 0x003E, 0x083E, 0x083E,
    0x1060, 0x1080, 0x1080, 0x1061, 0x0842, 0x0843, 0x0824, 0x0825, 0x0826, 0x0828, 0x0829, 0x082B, 0x082D, 0x082F, 0x0830, 0x0832,
    0x0034, 0x0036, 0x0038, 0x003A, 0x003B, 0x003C, 0x003D, 0x003D, 0x003E, 0x003E, 0x003E, 0x003E, 0x003E, 0x003E, 0x005E, 0x005E,
    0x10A0, 0x10A0, 0x10C1, 0x10A1, 0x0882, 0x0863, 0x0844, 0x0846, 0x0047, 0x0048, 0x004A, 0x004C, 0x002E, 0x004F, 0x0051, 0x0053,
    0x0055, 0x0057, 0x0059, 0x005A, 0x005B, 0x005C, 0x005D, 0x005D, 0x005E, 0x005E, 0x005E, 0x005E, 0x005E, 0x005E, 0x005E, 0x005E,
    0x10C0, 0x10E0, 0x0901, 0x08E1, 0x08C2, 0x08A3, 0x08A4, 0x0886, 0x0067, 0x0069, 0x004A, 0x004C, 0x004E, 0x0050, 0x0052, 0x0054,
    0x0055, 0x0057, 0x0059, 0x005A, 0x005B, 0x005C, 0x005D, 0x005D, 0x005E, 0x005E, 0x005E, 0x005E, 0x005E, 0x005E, 0x005E, 0x005E,
    0x0900, 0x0920, 0x0941, 0x0921, 0x0922, 0x0903, 0x08E4, 0x00C6, 0x00A7, 0x0089, 0x008B, 0x006C, 0x006E, 0x0070, 0x0072, 0x0074,
    0x0055, 0x0057, 0x0059, 0x005A, 0x005B, 0x005C, 0x005D, 0x005D, 0x005D, 0x005E, 0x005E, 0x005E, 0x005E, 0x005E, 0x005E, 0x005E,
    0x0940, 0x0960, 0x0981, 0x0981, 0x0962, 0x0963, 0x0944, 0x0125, 0x0107, 0x00C9, 0x00AA, 0x00AC, 0x008E, 0x0090, 0x0091, 0x0073,
    0x0075, 0x0077, 0x0078, 0x007A, 0x007B, 0x007C, 0x007C, 0x007D, 0x007D, 0x007E, 0x007E, 0x007E, 0x007E, 0x007E, 0x007E, 0x007E,
    0x0980, 0x09A0, 0x09C1, 0x09C1, 0x09C2, 0x09C3, 0x09A4, 0x0185, 0x0167, 0x0128, 0x010A, 0x00EC, 0x00CD, 0x00AF, 0x00B1, 0x0093,
    0x0095, 0x0096, 0x0098, 0x0079, 0x007A, 0x007B, 0x007C, 0x007D, 0x007D, 0x007D, 0x007E, 0x007E, 0x007E, 0x007E, 0x007E, 0x007E,
    0x09C0, 0x0A00, 0x0A21, 0x0A21, 0x0A22, 0x0A22, 0x0203, 0x01E5, 0x01C6, 0x01A8, 0x016A, 0x014B, 0x012D, 0x010F, 0x00F0, 0x00D2,
    0x00D4, 0x00B6, 0x00B7, 0x0099, 0x009A, 0x009B, 0x009C, 0x009C, 0x009D, 0x009D, 0x009E, 0x007E, 0x007E, 0x009E, 0x009E, 0x009E,
    0x0A20, 0x0A40, 0x0A61, 0x0A61, 0x0A81, 0x0A62, 0x0263, 0x0264, 0x0246, 0x0227, 0x01E9, 0x01AB, 0x018D, 0x014E, 0x0130, 0x0111,
    0x00F3, 0x00F5, 0x00D7, 0x00B8, 0x00BA, 0x00BB, 0x009C, 0x009C, 0x009D, 0x009D, 0x009D, 0x009E, 0x009E, 0x009E, 0x009E, 0x009E,
    0x0A60, 0x0A80, 0x0AA1, 0x0AC1, 0x0AC1, 0x0AC2, 0x02C3, 0x02C4, 0x02A5, 0x0287, 0x0268, 0x024A, 0x020C, 0x01CE, 0x018F, 0x0171,
    0x0152, 0x0134, 0x0116, 0x00F7, 0x00D9, 0x00DA, 0x00BB, 0x00BC, 0x00BD, 0x00BD, 0x00BD, 0x00BE, 0x00BE, 0x009E, 0x009E, 0x009E,
    0x0AC0, 0x0AE0, 0x0AE1, 0x0B01, 0x0B21, 0x0B22, 0x0323, 0x0324, 0x0305, 0x0306, 0x02E8, 0x02AA, 0x028C, 0x024D, 0x020F, 0x01D0,
    0x01B2, 0x0193, 0x0155, 0x0137, 0x0118, 0x00FA, 0x00FB, 0x00DC, 0x00DC, 0x00DD, 0x00BD, 0x00BE, 0x00BE, 0x00BE, 0x00BE, 0x00BE,
    0x0B20, 0x0B20, 0x0B41, 0x0B61, 0x0B61, 0x0B82, 0x0B83, 0x0383, 0x0384, 0x0366, 0x0367, 0x0349, 0x030B, 0x02CD, 0x02AE, 0x0270,
    0x0231, 0x01F3, 0x01D4, 0x0196, 0x0178, 0x0159, 0x013A, 0x011B, 0x00FC, 0x00FD, 0x00FD, 0x00DD, 0x00DE, 0x00DE, 0x00DE, 0x00DE,
    0x0B60, 0x0B81, 0x0B81, 0x0BA1, 0x0BC1, 0x0BE2, 0x0BE2, 0x0BE3, 0x03E4, 0x03E6, 0x03C7, 0x03A9, 0x038B, 0x036C, 0x032E, 0x02EF,
    0x02B1, 0x0272, 0x0234, 0x0215, 0x01D7, 0x01B8, 0x017A, 0x015B, 0x013C, 0x013C, 0x011D, 0x011D, 0x00FE, 0x00FE, 0x00FE, 0x00DE,
    0x0BC0, 0x0BC1, 0x0BE1, 0x0BE1, 0x0C01, 0x0C22, 0x0C43, 0x0C43, 0x0C44, 0x0C45, 0x0C47, 0x0C28, 0x0C0A, 0x0BEC, 0x03CE, 0x038F,
    0x0331, 0x02F2, 0x02B3, 0x0295, 0x0256, 0x0238, 0x01F9, 0x01BA, 0x019B, 0x017C, 0x015D, 0x013D, 0x013D, 0x011E, 0x011E, 0x00FE,
    0x0C21, 0x0C21, 0x0C21, 0x0C41, 0x0C62, 0x0C62, 0x0C83, 0x0CA3, 0x0CA4, 0x0CA5, 0x0CA7, 0x0C88, 0x0C8A, 0x0C6C, 0x0C4D, 0x0C0F,
    0x03D0, 0x0392, 0x0353, 0x0314, 0x02D6, 0x02B7, 0x0278, 0x023A, 0x021B, 0x01DB, 0x01BC, 0x019D, 0x017D, 0x015E, 0x013E, 0x011E,
    0x0C81, 0x0C81, 0x0C81, 0x0C81, 0x0CA2, 0x0CC2, 0x0CC3, 0x0CE3, 0x0CE4, 0x0CE5, 0x0CE7, 0x0CE8, 0x0CEA, 0x0CCC, 0x0CCD, 0x0C8F,
    0x0C70, 0x0C31, 0x03F3, 0x03B4, 0x0375, 0x0356, 0x0318, 0x02D9, 0x029A, 0x027B, 0x023C, 0x01FC, 0x01DD, 0x019D, 0x017E, 0x015E,
    0x0CC1, 0x0CC1, 0x0CC1, 0x0CE1, 0x0CE2, 0x0D02, 0x0D03, 0x0D24, 0x0D44, 0x0D45, 0x0D47, 0x0D48, 0x0D4A, 0x0D2C, 0x0D2D, 0x0D0F,
    0x0CF0, 0x0CB1, 0x0C73, 0x0C34, 0x0415, 0x03D6, 0x03B7, 0x0378, 0x0339, 0x02FA, 0x02BB, 0x027C, 0x023C, 0x01FD, 0x01DD, 0x019E,
    0x0D21, 0x0D21, 0x0D21, 0x0D22, 0x0D22, 0x0D42, 0x0D43, 0x0D64, 0x0D64, 0x0D85, 0x0D87, 0x0D88, 0x0D8A, 0x158C, 0x156D, 0x156F,
    0x1550, 0x1531, 0x0D13, 0x0CD4, 0x0C95, 0x0C56, 0x0C37, 0x0C18, 0x0BD9, 0x0B9A, 0x0B5B, 0x031B, 0x02BC, 0x027D, 0x023D, 0x01FD,
    0x0D61, 0x0D61, 0x0D62, 0x0D62, 0x0D62, 0x0D83, 0x0D83, 0x0DA4, 0x0DA5, 0x0DC6, 0x0DC7, 0x0DC8, 0x15CA, 0x15CC, 0x15AD, 0x15AF,
    0x15B0, 0x1591, 0x1573, 0x1554, 0x0D15, 0x0CD6, 0x0CB7, 0x0C98, 0x0C59, 0x0C3A, 0x0BFA, 0x0BBB, 0x0B5C, 0x02FC, 0x02BD, 0x027D,
    0x0DA1, 0x0DA2, 0x0DA2, 0x0DA2, 0x0DA2, 0x0DC3, 0x0DC3, 0x0DE4, 0x0DE5, 0x0DE6, 0x0DE7, 0x15E8, 0x160A, 0x15EC, 0x1DEE, 0x1DEF,
    0x1DF1, 0x1DF2, 0x1DD3, 0x15B4, 0x1595, 0x1556, 0x0D37, 0x0CF8, 0x0CD8, 0x0CB9, 0x0C7A, 0x0C3B, 0x0BFB, 0x0B9C, 0x0B5C, 0x0AFD,
    0x0DE1, 0x0DE2, 0x0DE2, 0x0DE2, 0x0DE2, 0x0DE3, 0x0E04, 0x0E04, 0x0E25, 0x0E26, 0x1627, 0x1629, 0x162A, 0x1E2C, 0x1E2E, 0x1E2F,
    0x1E31, 0x1E32, 0x1E13, 0x1E14, 0x1DF5, 0x15B6, 0x1597, 0x1558, 0x0D38, 0x0D19, 0x0CFA, 0x0CBA, 0x0C7B, 0x0C3C, 0x0BDC, 0x0B7D,
    0x0E22, 0x0E22, 0x0E22, 0x0E22, 0x0E23, 0x0E23, 0x0E44, 0x0E45, 0x0E45, 0x1647, 0x1648, 0x1649, 0x164B, 0x1E4C, 0x1E4E, 0x2650,
    0x2651, 0x2652, 0x2653, 0x2654, 0x1E35, 0x1E36, 0x1DF7, 0x15D8, 0x1598, 0x1579, 0x0D5A, 0x0D3A, 0x0CFB, 0x0CBC, 0x0C7C, 0x0C1C,
    0x0E62, 0x0E62, 0x0E62, 0x0E63, 0x0E63, 0x0E64, 0x0E64, 0x0E65, 0x0E66, 0x1667, 0x1668, 0x166A, 0x1E6B, 0x1E6D, 0x266E, 0x2670,
    0x2E71, 0x2E73, 0x2E74, 0x2674, 0x2675, 0x2676, 0x1E57, 0x1E38, 0x15F8, 0x15D9, 0x15BA, 0x159A, 0x0D5B, 0x0D3B, 0x0CFC, 0x0C9C,
    0x0E82, 0x0E82, 0x0E83, 0x0E83, 0x0E83, 0x0E84, 0x0E84, 0x0EA5, 0x16A6, 0x16A8, 0x16A9, 0x1EAA, 0x1E8C, 0x268D, 0x268F, 0x2E91,
    0x2EB2, 0x36B3, 0x36B4, 0x2EB5, 0x2E95, 0x2696, 0x2697, 0x2678, 0x1E58, 0x1E39, 0x161A, 0x15DA, 0x15BB, 0x159B, 0x0D5C, 0x0D1C,
    0x0EC2, 0x0EC3, 0x0EC3, 0x0EC3, 0x0EC4, 0x0EC4, 0x0EC5, 0x16C6, 0x16C7, 0x16C8, 0x1EC9, 0x1ECB, 0x26AD, 0x26AE, 0x2EB0, 0x36B1,
    0x36D2, 0x36D3, 0x36D4, 0x36D5, 0x36B6, 0x2EB6, 0x2EB7, 0x26B8, 0x2698, 0x1E79, 0x1E5A, 0x1E3A, 0x161B, 0x15FB, 0x15BC, 0x159C,
    0x0EE3, 0x0EE3, 0x0EE3, 0x0EE4, 0x0EE4, 0x0EE5, 0x16E5, 0x16E6, 0x16E7, 0x1EE9, 0x1EEA, 0x26CC, 0x26CD, 0x2ECF, 0x36D0, 0x36D1,
    0x3ED3, 0x3ED4, 0x3EF5, 0x3EF5, 0x3ED6, 0x36D6, 0x2ED7, 0x2ED8, 0x26D8, 0x26B9, 0x26BA, 0x1E9A, 0x1E7B, 0x165B, 0x161B, 0x15FC,
    0x0F03, 0x0F03, 0x0F04, 0x0F04, 0x0F04, 0x1705, 0x1706, 0x1707, 0x1708, 0x1EE9, 0x26EB, 0x26EC, 0x2EEE, 0x2EEF, 0x36F1, 0x3EF2,
    0x46F3, 0x46F4, 0x46F5, 0x46F6, 0x46F6, 0x3EF7, 0x36F7, 0x2EF8, 0x2EF8, 0x2ED9, 0x26DA, 0x26DA, 0x26BA, 0x1E9B, 0x1E7B, 0x1E5C,
    0x0F23, 0x0F24, 0x0F24, 0x1724, 0x1725, 0x1725, 0x1726, 0x1727, 0x1F29, 0x1F0A, 0x270C, 0x2F0D, 0x2F0F, 0x3710, 0x3F11, 0x3F12,
    0x4713, 0x4F14, 0x4F15, 0x4F16, 0x4F16, 0x4717, 0x3F17, 0x3718, 0x36F8, 0x2EF9, 0x2EFA, 0x2EFA, 0x26FA, 0x26DB, 0x26BB, 0x1E9B,
    0x1743, 0x1744, 0x1744, 0x1744, 0x1745, 0x1746, 0x1727, 0x1F28, 0x1F29, 0x272B, 0x270C, 0x2F0E, 0x370F, 0x3710, 0x3F11, 0x4712,
    0x4713, 0x4F14, 0x4F15, 0x4F36, 0x4F16, 0x4F17, 0x4717, 0x3F18, 0x3718, 0x3719, 0x2F1A, 0x2F1A, 0x2EFA, 0x2EFB, 0x26FB, 0x26DB,
    0x1764, 0x1764, 0x1764, 0x1745, 0x1745, 0x1746, 0x1747, 0x1F48, 0x1F2A, 0x272B, 0x2F2D, 0x2F2E, 0x372F, 0x3F30, 0x3F31, 0x4732,
    0x4733, 0x4F34, 0x4F35, 0x5736, 0x4F36, 0x4F37, 0x4F37, 0x4738, 0x3F38, 0x3739, 0x3719, 0x2F1A, 0x2F1A, 0x2F1B, 0x2F1B, 0x2F1B,
    0x1820, 0x1820, 0x1021, 0x1001, 0x1001, 0x1002, 0x1003, 0x1003, 0x1004, 0x1005, 0x1006, 0x1008, 0x1009, 0x100B, 0x100C, 0x100E,
    0x1030, 0x1032, 0x0834, 0x0836, 0x0838, 0x083A, 0x083B, 0x083D, 0x083D, 0x083E, 0x083E, 0x083E, 0x083E, 0x083E, 0x083E, 0x083E,
    0x1820, 0x1820, 0x1820, 0x1821, 0x1022, 0x1022, 0x1023, 0x1004, 0x1005, 0x1006, 0x0807, 0x0829, 0x082A, 0x082C, 0x082E, 0x0830,
    0x0831, 0x0834, 0x0836, 0x0838, 0x0839, 0x083B, 0x083C, 0x083D, 0x083D, 0x083E, 0x083E, 0x083E, 0x083E, 0x083E, 0x083E, 0x083E,
    0x1840, 0x1840, 0x1840, 0x1821, 0x1022, 0x1023, 0x1024, 0x1024, 0x0826, 0x0827, 0x0828, 0x082A, 0x082B, 0x082D, 0x082F, 0x0831,
    0x0833, 0x0835, 0x0837, 0x0839, 0x083A, 0x083B, 0x083C, 0x083D, 0x083D, 0x083E, 0x083E, 0x083E, 0x083E, 0x083E, 0x083E, 0x083E,
    0x1880, 0x1880, 0x1880, 0x1861, 0x1042, 0x1043, 0x0824, 0x0825, 0x0826, 0x0828, 0x0829, 0x082B, 0x082D, 0x082E, 0x0830, 0x0832,
    0x0834, 0x0836, 0x0838, 0x083A, 0x083B, 0x083C, 0x083D, 0x083D, 0x083D, 0x083E, 0x083E, 0x083E, 0x083E, 0x083E, 0x083E, 0x085E,
    0x18A0, 0x18A0, 0x18C0, 0x10A1, 0x1082, 0x1063, 0x0844, 0x0845, 0x0827, 0x0828, 0x082A, 0x082C, 0x082E, 0x0830, 0x0831, 0x0033,
    0x0035, 0x0037, 0x0039, 0x005A, 0x005B, 0x005C, 0x005D, 0x005D, 0x005D, 0x005E, 0x005E, 0x005E, 0x005E, 0x085E, 0x085E, 0x085E,
    0x10C0, 0x10E0, 0x1100, 0x10E1, 0x10C2, 0x08A3, 0x0884, 0x0866, 0x0867, 0x0849, 0x084B, 0x004D, 0x004E, 0x0050, 0x0052, 0x0054,
    0x0056, 0x0058, 0x0059, 0x005A, 0x005B, 0x005C, 0x005D, 0x005D, 0x005D, 0x005E, 0x005E, 0x005E, 0x005E, 0x005E, 0x005E, 0x085E,
    0x1100, 0x1120, 0x1141, 0x1121, 0x0922, 0x0903, 0x08E4, 0x08C6, 0x0887, 0x0089, 0x006B, 0x006D, 0x006F, 0x0051, 0x0052, 0x0054,
    0x0056, 0x0058, 0x0059, 0x005A, 0x005B, 0x005C, 0x005D, 0x005D, 0x005D, 0x005E, 0x005E, 0x005E, 0x005E, 0x005E, 0x005E, 0x005E,
    0x1140, 0x1160, 0x1181, 0x0981, 0x0981, 0x0962, 0x0944, 0x0925, 0x0907, 0x00C9, 0x00AB, 0x008D, 0x008E, 0x0090, 0x0072, 0x0074,
    0x0076, 0x0078, 0x0079, 0x007A, 0x007B, 0x007C, 0x007D, 0x007D, 0x007D, 0x007E, 0x007E, 0x007E, 0x007E, 0x007E, 0x007E, 0x007E,
    0x1180, 0x11A0, 0x09E1, 0x09E1, 0x09E1, 0x09C2, 0x09A3, 0x0985, 0x0967, 0x0129, 0x010A, 0x00CC, 0x00CE, 0x00B0, 0x0092, 0x0094,
    0x0096, 0x0077, 0x0079, 0x007A, 0x007B, 0x007C, 0x007C, 0x007D, 0x007D, 0x007D, 0x007E, 0x007E, 0x007E, 0x007E, 0x007E, 0x007E,
    0x11E0, 0x1200, 0x0A21, 0x0A21, 0x0A41, 0x0A22, 0x0A23, 0x0A04, 0x09E6, 0x01A8, 0x018A, 0x014C, 0x010E, 0x00EF, 0x00D1, 0x00D3,
    0x00B5, 0x00B7, 0x0098, 0x0099, 0x009A, 0x009B, 0x007C, 0x007D, 0x007D, 0x007D, 0x007E, 0x007E, 0x007E, 0x007E, 0x007E, 0x007E,
    0x1220, 0x0A40, 0x0A61, 0x0A81, 0x0AA1, 0x0A82, 0x0A82, 0x0A84, 0x0A65, 0x0247, 0x0209, 0x01CB, 0x018D, 0x014F, 0x0131, 0x0112,
    0x00F4, 0x00D6, 0x00B7, 0x00B9, 0x00BA, 0x009B, 0x009C, 0x009C, 0x009D, 0x009D, 0x009D, 0x009E, 0x009E, 0x009E, 0x009E, 0x009E,
    0x1260, 0x0A80, 0x0AA1, 0x0AC1, 0x0AE1, 0x0AE2, 0x0AE2, 0x0AE3, 0x0AC4, 0x02A6, 0x0288, 0x024B, 0x020D, 0x01CE, 0x0190, 0x0171,
    0x0133, 0x0115, 0x00F7, 0x00D8, 0x00DA, 0x00BB, 0x00BB, 0x00BC, 0x00BD, 0x00BD, 0x009D, 0x009E, 0x009E, 0x009E, 0x009E, 0x009E,
    0x12C0, 0x0AE0, 0x0AE1, 0x0B01, 0x0B21, 0x0B42, 0x0B42, 0x0B43, 0x0B44, 0x0B26, 0x0308, 0x02EA, 0x02AC, 0x026E, 0x020F, 0x01D1,
    0x0193, 0x0174, 0x0156, 0x0117, 0x00F9, 0x00FA, 0x00DB, 0x00DC, 0x00DD, 0x00BD, 0x00BD, 0x00BE, 0x00BE, 0x00BE, 0x00BE, 0x00BE,
    0x0B20, 0x0B20, 0x0B41, 0x0B61, 0x0B81, 0x0B82, 0x0BA2, 0x0BA3, 0x0BA4, 0x0BA5, 0x0B87, 0x0B69, 0x034B, 0x02ED, 0x02AF, 0x0270,
    0x0232, 0x01F3, 0x01B5, 0x0177, 0x0158, 0x013A, 0x011B, 0x00FC, 0x00FC, 0x00DD, 0x00DD, 0x00DD, 0x00DE, 0x00DE, 0x00BE, 0x00BE,
    0x0B60, 0x0B80, 0x0B81, 0x0BA1, 0x0BC1, 0x0BE2, 0x0C02, 0x0C03, 0x0C04, 0x0C05, 0x0C07, 0x0BE9, 0x0BCB, 0x038D, 0x034E, 0x0310,
    0x02B1, 0x0273, 0x0234, 0x01F6, 0x01B7, 0x0199, 0x017A, 0x013B, 0x013C, 0x011D, 0x011D, 0x00FD, 0x00FE, 0x00DE, 0x00DE, 0x00DE,
    0x0BC0, 0x0BC1, 0x0BE1, 0x0BE1, 0x0C01, 0x0C22, 0x0C42, 0x0C63, 0x0C64, 0x0C65, 0x0C66, 0x0C48, 0x0C4A, 0x0C2C, 0x0BEE, 0x03B0,
    0x0351, 0x0312, 0x02D4, 0x0295, 0x0257, 0x0218, 0x01D9, 0x01BB, 0x017B, 0x015C, 0x013D, 0x013D, 0x011E, 0x00FE, 0x00FE, 0x00FE,
    0x0C21, 0x0C21, 0x0C21, 0x0C41, 0x0C61, 0x0C62, 0x0C82, 0x0CA3, 0x0CA4, 0x0CC5, 0x0CC6, 0x0CA8, 0x0CAA, 0x0C8C, 0x0C6E, 0x0C4F,
    0x0C11, 0x03B2, 0x0373, 0x0335, 0x02D6, 0x02B7, 0x0279, 0x023A, 0x01FB, 0x01BC, 0x019C, 0x017D, 0x015D, 0x013E, 0x011E, 0x011E,
    0x0C81, 0x0C81, 0x0C81, 0x0C81, 0x0CA2, 0x0CC2, 0x0CC3, 0x0CE3, 0x0D04, 0x0D05, 0x0D06, 0x0D08, 0x0D0A, 0x0D0C, 0x14ED, 0x0CCF,
    0x0C91, 0x0C52, 0x0C13, 0x03D4, 0x0396, 0x0357, 0x0318, 0x02D9, 0x029A, 0x023B, 0x021C, 0x01DC, 0x019D, 0x017D, 0x015E, 0x013E,
    0x0CC1, 0x0CC1, 0x0CC1, 0x0CE1, 0x0CE2, 0x0D02, 0x0D03, 0x0D23, 0x0D44, 0x0D45, 0x0D46, 0x0D48, 0x1549, 0x154B, 0x154D, 0x152F,
    0x1511, 0x0CF2, 0x0CB3, 0x0C54, 0x0C15, 0x0BF6, 0x0BB7, 0x0B79, 0x0B19, 0x0ADA, 0x029B, 0x025C, 0x021D, 0x01DD, 0x019D, 0x017E,
    0x0D21, 0x0D21, 0x0D21, 0x0D22, 0x0D22, 0x0D42, 0x0D43, 0x0D63, 0x0D64, 0x0D85, 0x0D86, 0x1588, 0x1589, 0x158B, 0x158D, 0x158F,
    0x1571, 0x1552, 0x1533, 0x0CF4, 0x0CB5, 0x0C76, 0x0C37, 0x0C18, 0x0BD9, 0x0B9A, 0x0B3B, 0x0ADB, 0x029C, 0x025D, 0x01FD, 0x01BD,
    0x0D61, 0x0D61, 0x0D62, 0x0D62, 0x0D62, 0x0D83, 0x0D83, 0x0DA4, 0x0DA4, 0x0DC5, 0x0DC6, 0x15C8, 0x15C9, 0x15CB, 0x1DCD, 0x1DCF,
    0x1DB1, 0x1DB2, 0x1593, 0x1574, 0x1535, 0x0CF6, 0x0CD7, 0x0C98, 0x0C59, 0x0C1A, 0x0BDA, 0x0B7B, 0x0B3C, 0x0ADC, 0x0A7D, 0x0A3D,
    0x0DA1, 0x0DA1, 0x0DA2, 0x0DA2, 0x0DA2, 0x0DC3, 0x0DC3, 0x0DC4, 0x0DE5, 0x0DE6, 0x15E7, 0x1608, 0x1609, 0x1E0B, 0x1E0D, 0x1DEF,
    0x25F1, 0x1DF2, 0x1DF3, 0x1DD4, 0x15B5, 0x1576, 0x1537, 0x0D18, 0x0CD9, 0x0CB9, 0x0C7A, 0x0C1B, 0x0BDB, 0x0B7C, 0x0B1C, 0x0ABD,
    0x0DE1, 0x0DE2, 0x0DE2, 0x0DE2, 0x0DE2, 0x0DE3, 0x0E03, 0x0E04, 0x0E05, 0x1626, 0x1627, 0x1628, 0x162A, 0x1E2C, 0x1E2D, 0x262F,
    0x2631, 0x2632, 0x2633, 0x2614, 0x1DF5, 0x1DD6, 0x15B7, 0x1578, 0x1559, 0x1519, 0x0CDA, 0x0CBB, 0x0C5B, 0x0C1C, 0x0BBC, 0x0B3D,
    0x0E22, 0x0E22, 0x0E22, 0x0E22, 0x0E23, 0x0E23, 0x0E24, 0x0E44, 0x0E45, 0x1646, 0x1648, 0x1649, 0x1E4A, 0x1E4C, 0x264E, 0x2650,
    0x2E51, 0x2E52, 0x2E54, 0x2654, 0x2635, 0x2636, 0x1E17, 0x1DF8, 0x15B8, 0x1579, 0x155A, 0x0D1A, 0x0CDB, 0x0C9C, 0x0C3C, 0x0BDD,
    0x0E62, 0x0E62, 0x0E62, 0x0E63, 0x0E63, 0x0E64, 0x0E64, 0x0E65, 0x1666, 0x1667, 0x1668, 0x1E69, 0x1E6B, 0x266D, 0x266E, 0x2E70,
    0x2E71, 0x3673, 0x3674, 0x2E75, 0x2E76, 0x2676, 0x2657, 0x1E38, 0x1E18, 0x1DD9, 0x15BA, 0x159A, 0x155B, 0x0D1B, 0x0CDC, 0x0C7C,
    0x0E82, 0x0E82, 0x0E83, 0x0E83, 0x0E83, 0x0E84, 0x0E84, 0x1685, 0x1686, 0x1687, 0x1689, 0x1E8A, 0x268C, 0x268D, 0x2E8F, 0x3691,
    0x3692, 0x3EB3, 0x3EB4, 0x36B5, 0x3696, 0x2E96, 0x2697, 0x2678, 0x2658, 0x1E59, 0x1E1A, 0x15FA, 0x15BB, 0x159B, 0x155C, 0x151C,
    0x0EC2, 0x0EC3, 0x0EC3, 0x0EC3, 0x0EA4, 0x0EC4, 0x16C5, 0x16C6, 0x16C7, 0x16A8, 0x1EA9, 0x1EAB, 0x26AC, 0x2EAE, 0x2EAF, 0x36B1,
    0x3EB2, 0x46D3, 0x46D4, 0x3ED5, 0x3EB6, 0x36B6, 0x2EB7, 0x2EB8, 0x2698, 0x2699, 0x267A, 0x1E3A, 0x1E1B, 0x15FB, 0x15BC, 0x157C,
    0x0EE3, 0x0EE3, 0x0EE3, 0x0EE4, 0x16E4, 0x16E5, 0x16E5, 0x16E6, 0x16E7, 0x1EC9, 0x1ECA, 0x26CC, 0x2ECD, 0x2ECF, 0x36D0, 0x3ED1,
    0x46D3, 0x46D4, 0x4ED5, 0x46D5, 0x46D6, 0x3ED7, 0x36D7, 0x2ED8, 0x2ED8, 0x2EB9, 0x26BA, 0x269A, 0x1E7B, 0x1E5B, 0x1E1B, 0x15FC,
    0x1703, 0x1703, 0x1704, 0x1704, 0x1704, 0x1705, 0x1706, 0x1707, 0x1F08, 0x1EE9, 0x26EB, 0x26EC, 0x2EEE, 0x36EF, 0x3EF1, 0x3EF2,
    0x46F3, 0x4EF4, 0x4EF5, 0x4EF6, 0x4EF6, 0x46F7, 0x3EF7, 0x36F8, 0x36F8, 0x2ED9, 0x2EDA, 0x2EDA, 0x26BA, 0x269B, 0x1E7B, 0x1E5C,
    0x1723, 0x1724, 0x1724, 0x1724, 0x1725, 0x1725, 0x1726, 0x1727, 0x1F08, 0x1F0A, 0x270B, 0x2F0D, 0x370E, 0x3710, 0x3F11, 0x4712,
    0x4713, 0x4F14, 0x5715, 0x5716, 0x5716, 0x4F17, 0x4717, 0x3F18, 0x36F8, 0x36F9, 0x2EFA, 0x2EFA, 0x2EFA, 0x2EDB, 0x26BB, 0x269B,
    0x1744, 0x1744, 0x1744, 0x1745, 0x1725, 0x1726, 0x1727, 0x1F28, 0x1F29, 0x272A, 0x270C, 0x2F0D, 0x370F, 0x3F10, 0x3F11, 0x4712,
    0x4F13, 0x4F14, 0x5715, 0x5716, 0x5716, 0x5717, 0x4F17, 0x4718, 0x3F18, 0x3719, 0x371A, 0x371A, 0x2EFA, 0x2EFB, 0x2EFB, 0x26DB,
    0x1744, 0x1744, 0x1744, 0x1745, 0x1745, 0x1746, 0x1F47, 0x1F48, 0x1F29, 0x272B, 0x2F2C, 0x2F2E, 0x372F, 0x3F30, 0x3F31, 0x4732,
    0x4F33, 0x4F34, 0x5735, 0x5736, 0x5736, 0x5737, 0x4F38, 0x4F38, 0x4739, 0x3F39, 0x3F19, 0x371A, 0x371A, 0x371B, 0x371B, 0x2F1B,
    0x1820, 0x1820, 0x1821, 0x1821, 0x1801, 0x1802, 0x1803, 0x1003, 0x1004, 0x1005, 0x1006, 0x1007, 0x1009, 0x100A, 0x100C, 0x100E,
    0x1010, 0x1032, 0x1034, 0x1036, 0x1038, 0x103A, 0x103B, 0x103C, 0x103D, 0x083D, 0x083E, 0x083E, 0x083E, 0x083E, 0x083E, 0x083E,
    0x1840, 0x2020, 0x2020, 0x1821, 0x1821, 0x1822, 0x1823, 0x1024, 0x1005, 0x1006, 0x1007, 0x1028, 0x102A, 0x102B, 0x102D, 0x102F,
    0x1031, 0x1033, 0x1035, 0x1037, 0x1039, 0x083A, 0x083B, 0x083C, 0x083D, 0x083D, 0x083E, 0x083E, 0x083E, 0x083E, 0x083E, 0x083E,
    0x2040, 0x2040, 0x2040, 0x2021, 0x1822, 0x1822, 0x1823, 0x1024, 0x1025, 0x1026, 0x1028, 0x1029, 0x102B, 0x102C, 0x102E, 0x1030,
    0x1032, 0x0834, 0x0836, 0x0838, 0x083A, 0x083B, 0x083C, 0x083D, 0x083D, 0x083E, 0x083E, 0x083E, 0x083E, 0x083E, 0x083E, 0x083E,
    0x2080, 0x2080, 0x2060, 0x2061, 0x1841, 0x1842, 0x1824, 0x1025, 0x1026, 0x1027, 0x1029, 0x102A, 0x082C, 0x082E, 0x0830, 0x0831,
    0x0833, 0x0835, 0x0837, 0x0839, 0x083A, 0x083B, 0x083C, 0x083D, 0x083D, 0x083E, 0x083E, 0x083E, 0x083E, 0x083E, 0x083E, 0x085E,
    0x18A0, 0x20A0, 0x20A0, 0x2081, 0x1861, 0x1862, 0x1044, 0x1045, 0x1026, 0x1028, 0x0829, 0x082B, 0x082D, 0x082F, 0x0831, 0x0833,
    0x0835, 0x0837, 0x0838, 0x083A, 0x085B, 0x085C, 0x085C, 0x085D, 0x085D, 0x085E, 0x085E, 0x085E, 0x085E, 0x085E, 0x085E, 0x085E,
    0x18E0, 0x18E0, 0x1900, 0x18E1, 0x18C1, 0x18A2, 0x1084, 0x1065, 0x0847, 0x0848, 0x084A, 0x084C, 0x084E, 0x0850, 0x0852, 0x0854,
    0x0856, 0x0857, 0x0859, 0x085A, 0x085B, 0x085C, 0x085D, 0x085D, 0x085D, 0x085E, 0x085E, 0x085E, 0x085E, 0x085E, 0x085E, 0x085E,
    0x1900, 0x1920, 0x1940, 0x1941, 0x1921, 0x1102, 0x10C4, 0x10A5, 0x0887, 0x0869, 0x086B, 0x084D, 0x084F, 0x0851, 0x0853, 0x0854,
    0x0056, 0x0058, 0x0059, 0x005A, 0x005B, 0x005C, 0x005D, 0x005D, 0x005D, 0x005E, 0x085E, 0x085E, 0x085E, 0x085E, 0x085E, 0x085E,
    0x1140, 0x1160, 0x1180, 0x1181, 0x1181, 0x1162, 0x1143, 0x0925, 0x08E7, 0x08C9, 0x08AB, 0x088D, 0x086F, 0x0071, 0x0073, 0x0074,
    0x0076, 0x0078, 0x0059, 0x005A, 0x005B, 0x005C, 0x005D, 0x005D, 0x005D, 0x005E, 0x005E, 0x005E, 0x087E, 0x087E, 0x087E, 0x087E,
    0x1180, 0x11A0, 0x11E0, 0x11E1, 0x11E1, 0x11C2, 0x11A3, 0x0984, 0x0966, 0x0928, 0x08EA, 0x08CC, 0x00AE, 0x0091, 0x0092, 0x0094,
    0x0076, 0x0078, 0x0079, 0x007A, 0x007B, 0x007C, 0x007C, 0x007D, 0x007D, 0x007D, 0x007E, 0x007E, 0x007E, 0x087E, 0x087E, 0x087E,
    0x11E0, 0x1200, 0x1220, 0x1221, 0x1241, 0x1242, 0x1222, 0x0A04, 0x09E5, 0x09A8, 0x098A, 0x092C, 0x010E, 0x00F0, 0x00D2, 0x00B4,
    0x0096, 0x0097, 0x0099, 0x009A, 0x007B, 0x007C, 0x007C, 0x007D, 0x007D, 0x007D, 0x007E, 0x007E, 0x007E, 0x007E, 0x087E, 0x087E,
    0x1220, 0x1240, 0x1260, 0x1281, 0x12A1, 0x12A1, 0x0AA2, 0x0A83, 0x0A64, 0x0A47, 0x0A09, 0x09AB, 0x016D, 0x012F, 0x0111, 0x00F3,
    0x00D5, 0x00B7, 0x00B8, 0x0099, 0x009A, 0x009B, 0x009C, 0x009C, 0x009D, 0x009D, 0x009D, 0x009E, 0x009E, 0x009E, 0x089E, 0x089E,
    0x1260, 0x1280, 0x12A0, 0x12C1, 0x12E1, 0x12E1, 0x0B02, 0x0AE3, 0x0AE4, 0x0AA6, 0x0A88, 0x0A6A, 0x020D, 0x01CE, 0x0190, 0x0152,
    0x0114, 0x00F6, 0x00D7, 0x00D9, 0x00BA, 0x00BB, 0x00BC, 0x009C, 0x009D, 0x009D, 0x009D, 0x009E, 0x009E, 0x009E, 0x009E, 0x089E,
    0x12C0, 0x12E0, 0x12E0, 0x1301, 0x1321, 0x0B41, 0x0B62, 0x0B43, 0x0B43, 0x0B25, 0x0B07, 0x0AE9, 0x0AAC, 0x026E, 0x0210, 0x01D1,
    0x0193, 0x0155, 0x0136, 0x0118, 0x00F9, 0x00DA, 0x00DB, 0x00BC, 0x00BD, 0x00BD, 0x00BD, 0x00BE, 0x00BE, 0x00BE, 0x00BE, 0x00BE,
    0x1300, 0x1320, 0x1341, 0x1361, 0x0B81, 0x0B81, 0x0BA2, 0x0BA3, 0x0BA3, 0x0BA5, 0x0B86, 0x0B68, 0x0B4B, 0x0B0D, 0x02CF, 0x0271,
    0x0212, 0x01D4, 0x0196, 0x0157, 0x0139, 0x011A, 0x00FB, 0x00FC, 0x00DC, 0x00DD, 0x00DD, 0x00DE, 0x00BE, 0x00BE, 0x00BE, 0x00BE,
    0x1360, 0x1380, 0x1381, 0x0BA1, 0x0BC1, 0x0BE2, 0x0C02, 0x0C03, 0x0C03, 0x0C04, 0x0C06, 0x0BE8, 0x0BCA, 0x0BAC, 0x0B6E, 0x0310,
    0x02B2, 0x0273, 0x0215, 0x01D6, 0x0198, 0x0179, 0x015A, 0x013B, 0x011C, 0x00FD, 0x00FD, 0x00FD, 0x00DE, 0x00DE, 0x00DE, 0x00DE,
    0x13C0, 0x13C1, 0x0BE1, 0x0C01, 0x0C01, 0x0C22, 0x0C42, 0x0C63, 0x0C63, 0x0C64, 0x0C66, 0x0C67, 0x0C49, 0x0C2C, 0x0C0E, 0x0BD0,
    0x0B71, 0x0313, 0x02B4, 0x0276, 0x0237, 0x01F8, 0x01BA, 0x019B, 0x015C, 0x013C, 0x013D, 0x011D, 0x00FE, 0x00FE, 0x00FE, 0x00DE,
    0x0C21, 0x0C21, 0x0C21, 0x0C41, 0x0C61, 0x0C62, 0x0C82, 0x0CA3, 0x0CA4, 0x0CC4, 0x0CC5, 0x0CC7, 0x0CA9, 0x14AB, 0x0C8D, 0x0C6F,
    0x0C11, 0x0BD2, 0x0B74, 0x0315, 0x02D6, 0x0298, 0x0259, 0x021A, 0x01DB, 0x019C, 0x017C, 0x015D, 0x013D, 0x011E, 0x011E, 0x00FE,
    0x0C81, 0x0C81, 0x0C81, 0x0C81, 0x0CA2, 0x0CC2, 0x0CC2, 0x0CE3, 0x0D04, 0x0D04, 0x0D05, 0x0D07, 0x1509, 0x150B, 0x14ED, 0x14EF,
    0x14B1, 0x0C72, 0x0C34, 0x0BD5, 0x0B96, 0x0B37, 0x0AF8, 0x0AB9, 0x025A, 0x021B, 0x01DC, 0x01BD, 0x017D, 0x015E, 0x013E, 0x013E,
    0x0CC1, 0x0CC1, 0x0CC1, 0x0CE1, 0x0CE2, 0x0D02, 0x0D03, 0x0D23, 0x0D44, 0x0D45, 0x0D46, 0x1547, 0x1549, 0x154B, 0x154D, 0x154F,
    0x1531, 0x14F2, 0x14B3, 0x0C75, 0x0C36, 0x0BF7, 0x0B98, 0x0B59, 0x0AFA, 0x0ABA, 0x0A7B, 0x021C, 0x01DD, 0x01BD, 0x017D, 0x015E,
    0x0D21, 0x0D21, 0x0D21, 0x0D22, 0x0D22, 0x0D42, 0x0D43, 0x0D63, 0x0D64, 0x0D85, 0x1586, 0x1587, 0x1589, 0x158B, 0x1D8D, 0x1D8F,
    0x1D71, 0x1D72, 0x1553, 0x1514, 0x0CD6, 0x0C76, 0x0C37, 0x0BF8, 0x0BB9, 0x0B5A, 0x0AFB, 0x0ABC, 0x0A5C, 0x0A1D, 0x09DD, 0x099E,
    0x0D61, 0x0D61, 0x0D62, 0x0D62, 0x0D62, 0x0D83, 0x0D83, 0x0D84, 0x0DA4, 0x15A5, 0x15C6, 0x15C7, 0x15C9, 0x1DCB, 0x1DCD, 0x1DCF,
    0x25D1, 0x25B2, 0x1D93, 0x1D74, 0x1555, 0x1516, 0x14D7, 0x0C98, 0x0C59, 0x0BFA, 0x0B9A, 0x0B5B, 0x0AFC, 0x0A9C, 0x0A5D, 0x0A1D,
    0x0DA1, 0x0DA2, 0x0DA2, 0x0DA2, 0x0DA2, 0x0DA3, 0x0DC3, 0x0DC4, 0x0DE5, 0x15E6, 0x15E7, 0x15E8, 0x15E9, 0x1DEB, 0x1DED, 0x25EF,
    0x25F1, 0x25F2, 0x25F3, 0x25D4, 0x1DB5, 0x1576, 0x1557, 0x1518, 0x14D9, 0x0C9A, 0x0C5A, 0x0BFB, 0x0B9B, 0x0B3C, 0x0ADC, 0x0A7D,
    0x0DE2, 0x0DE2, 0x0DE2, 0x0DE2, 0x0DE2, 0x0DE3, 0x0E04, 0x0E04, 0x1605, 0x1606, 0x1627, 0x1628, 0x1E2A, 0x1E2B, 0x262D, 0x262F,
    0x2E31, 0x2E32, 0x2E34, 0x2615, 0x2615, 0x1DD6, 0x1DB7, 0x1578, 0x1559, 0x1519, 0x14DA, 0x0C9B, 0x0C3B, 0x0BDC, 0x0B7C, 0x0B1D,
    0x0E22, 0x0E22, 0x0E22, 0x0E22, 0x0E23, 0x0E23, 0x0E24, 0x1645, 0x1645, 0x1646, 0x1648, 0x1E49, 0x1E4A, 0x1E4C, 0x264D, 0x2E4F,
    0x2E51, 0x3653, 0x3654, 0x2E55, 0x2E56, 0x2636, 0x2617, 0x1DF8, 0x1DB9, 0x1579, 0x155A, 0x151A, 0x14DB, 0x0C7C, 0x0C1C, 0x0BBD,
    0x0E62, 0x0E62, 0x0E62, 0x0E43, 0x0E43, 0x0E64, 0x1664, 0x1665, 0x1666, 0x1667, 0x1668, 0x1E69, 0x1E6B, 0x266C, 0x266E, 0x2E70,
    0x3671, 0x3E73, 0x3E74, 0x3675, 0x3676, 0x2E76, 0x2657, 0x2638, 0x2619, 0x1DF9, 0x1DBA, 0x157A, 0x153B, 0x14FB, 0x14BC, 0x145C,
    0x0E82, 0x0E82, 0x0E83, 0x0E83, 0x0E83, 0x1684, 0x1685, 0x1685, 0x1686, 0x1687, 0x1E89, 0x1E8A, 0x268C, 0x268D, 0x2E8F, 0x3690,
    0x3E92, 0x46B3, 0x46B4, 0x46B5, 0x3E96, 0x3696, 0x2E97, 0x2E78, 0x2678, 0x2659, 0x1E1A, 0x1DFA, 0x15BB, 0x157B, 0x153C, 0x14FC,
    0x16C3, 0x16C3, 0x16A3, 0x16A3, 0x16A4, 0x16A4, 0x16A5, 0x16A6, 0x16A7, 0x1EA8, 0x1EA9, 0x26AB, 0x26AC, 0x2EAE, 0x36AF, 0x3EB1,
    0x3EB2, 0x46B3, 0x46D4, 0x46D5, 0x46B6, 0x3EB7, 0x36B7, 0x36B8, 0x2E98, 0x2E99, 0x267A, 0x265A, 0x1E1B, 0x1DDB, 0x1DBC, 0x157C,
    0x16E3, 0x16E3, 0x16E3, 0x16E4, 0x16E4, 0x16C5, 0x16C6, 0x16C6, 0x1EC7, 0x1EC9, 0x1ECA, 0x26CB, 0x2ECD, 0x2ECE, 0x36D0, 0x3ED1,
    0x46D3, 0x4ED4, 0x4ED5, 0x56D6, 0x4ED6, 0x46D7, 0x3ED7, 0x36D8, 0x36D8, 0x2EB9, 0x2EBA, 0x2E9A, 0x267A, 0x1E5B, 0x1E1B, 0x1DDC,
    0x1703, 0x1703, 0x1704, 0x1704, 0x1705, 0x1705, 0x16E6, 0x1EE7, 0x1EE8, 0x1EE9, 0x26EA, 0x26EC, 0x2EED, 0x36EF, 0x3EF0, 0x46F2,
    0x46F3, 0x4EF4, 0x56F5, 0x56F6, 0x56F6, 0x4EF7, 0x46F7, 0x3EF8, 0x3EF8, 0x36D9, 0x36DA, 0x2EDA, 0x2EBA, 0x269B, 0x267B, 0x1E3C,
    0x1723, 0x1724, 0x1724, 0x1725, 0x1725, 0x1F26, 0x1F07, 0x1F07, 0x1F08, 0x1F0A, 0x270B, 0x2F0D, 0x370E, 0x36EF, 0x3EF1, 0x46F2,
    0x4F13, 0x4F14, 0x5715, 0x5716, 0x5716, 0x5717, 0x4F17, 0x46F8, 0x3EF8, 0x3EF9, 0x36FA, 0x36FA, 0x36FA, 0x2EDB, 0x2EBB, 0x269B,
    0x1F44, 0x1F24, 0x1F24, 0x1F25, 0x1F25, 0x1F26, 0x1F27, 0x1F28, 0x1F29, 0x272A, 0x270C, 0x2F0D, 0x370E, 0x3F10, 0x3F11, 0x4712,
    0x4F13, 0x4F14, 0x5715, 0x5716, 0x5716, 0x5717, 0x5718, 0x4F18, 0x4719, 0x3F19, 0x3F1A, 0x371A, 0x36FA, 0x36FB, 0x2EFB, 0x2EDB,
    0x1F44, 0x1F44, 0x1F45, 0x1F45, 0x1F46, 0x1F47, 0x1F47, 0x1F28, 0x1F29, 0x272B, 0x272C, 0x2F2D, 0x372F, 0x3F30, 0x4731, 0x4732,
    0x4F33, 0x5734, 0x5735, 0x5736, 0x5736, 0x5737, 0x5738, 0x5738, 0x4F39, 0x4739, 0x3F1A, 0x3F1A, 0x3F1A, 0x371B, 0x371B, 0x371B,
    0x2020, 0x2020, 0x2021, 0x2021, 0x2021, 0x1802, 0x1802, 0x1803, 0x1804, 0x1805, 0x1806, 0x1807, 0x1808, 0x180A, 0x180C, 0x180D,
    0x180F, 0x1831, 0x1833, 0x1835, 0x1037, 0x1039, 0x103A, 0x103C, 0x103C, 0x103D, 0x103D, 0x103E, 0x103E, 0x103E, 0x103E, 0x103E,
    0x2040, 0x2020, 0x2020, 0x2021, 0x2021, 0x2022, 0x1823, 0x1824, 0x1824, 0x1805, 0x1807, 0x1828, 0x1829, 0x182B, 0x182D, 0x182E,
    0x1030, 0x1032, 0x1034, 0x1036, 0x1038, 0x103A, 0x103B, 0x103C, 0x103D, 0x103D, 0x103D, 0x103E, 0x103E, 0x103E, 0x103E, 0x103E,
    0x2060, 0x2840, 0x2820, 0x2821, 0x2021, 0x2022, 0x2023, 0x1824, 0x1825, 0x1826, 0x1827, 0x1829, 0x182A, 0x102C, 0x102E, 0x1030,
    0x1031, 0x1033, 0x1035, 0x1037, 0x1039, 0x103A, 0x103B, 0x083C, 0x083D, 0x083D, 0x083E, 0x083E, 0x083E, 0x083E, 0x083E, 0x103E,
    0x2080, 0x2860, 0x2860, 0x2861, 0x2841, 0x2042, 0x2023, 0x1824, 0x1825, 0x1827, 0x1028, 0x102A, 0x102B, 0x102D, 0x102F, 0x1031,
    0x1033, 0x1035, 0x1037, 0x0838, 0x083A, 0x083B, 0x083C, 0x083D, 0x083D, 0x083D, 0x083E, 0x083E, 0x083E, 0x083E, 0x083E, 0x083E,
    0x20A0, 0x20A0, 0x28A0, 0x2880, 0x2861, 0x2062, 0x2043, 0x1844, 0x1826, 0x1027, 0x1029, 0x102B, 0x102C, 0x102E, 0x1030, 0x0832,
    0x0834, 0x0836, 0x0838, 0x0839, 0x083A, 0x083B, 0x083C, 0x085D, 0x085D, 0x085D, 0x085E, 0x085E, 0x085E, 0x085E, 0x085E, 0x085E,
    0x20E0, 0x20E0, 0x2100, 0x20E0, 0x20C1, 0x20A2, 0x1883, 0x1865, 0x1046, 0x1048, 0x104A, 0x104B, 0x082D, 0x082F, 0x0851, 0x0853,
    0x0855, 0x0857, 0x0859, 0x085A, 0x085B, 0x085C, 0x085C, 0x085D, 0x085D, 0x085D, 0x085E, 0x085E, 0x085E, 0x085E, 0x085E, 0x085E,
    0x2100, 0x2120, 0x2140, 0x2141, 0x2121, 0x2102, 0x18C3, 0x18A5, 0x1086, 0x1068, 0x084A, 0x084C, 0x084E, 0x0850, 0x0852, 0x0854,
    0x0856, 0x0858, 0x0859, 0x085A, 0x085B, 0x085C, 0x085D, 0x085D, 0x085D, 0x085E, 0x085E, 0x085E, 0x085E, 0x085E, 0x085E, 0x085E,
    0x1940, 0x1960, 0x1980, 0x1981, 0x1981, 0x1962, 0x1943, 0x1104, 0x10E6, 0x10C8, 0x088A, 0x088C, 0x086F, 0x0871, 0x0873, 0x0855,
    0x0856, 0x0858, 0x0859, 0x085A, 0x085B, 0x085C, 0x085D, 0x085D, 0x085D, 0x085E, 0x085E, 0x085E, 0x085E, 0x085E, 0x087E, 0x087E,
    0x1980, 0x19A0, 0x19E0, 0x19E1, 0x19E1, 0x19C1, 0x11A2, 0x1184, 0x1166, 0x0928, 0x08EA, 0x08CC, 0x088F, 0x0891, 0x0873, 0x0875,
    0x0876, 0x0878, 0x0879, 0x087A, 0x087B, 0x087C, 0x087C, 0x087D, 0x087D, 0x087D, 0x087E, 0x087E, 0x087E, 0x087E, 0x087E, 0x087E,
    0x19E0, 0x1A00, 0x1A20, 0x1A41, 0x1A41, 0x1A41, 0x1222, 0x1203, 0x11E5, 0x09A7, 0x096A, 0x092C, 0x08EE, 0x08D0, 0x08B2, 0x0894,
    0x0896, 0x0898, 0x0879, 0x087A, 0x087B, 0x087C, 0x087C, 0x087D, 0x087D, 0x087D, 0x087E, 0x087E, 0x087E, 0x087E, 0x087E, 0x087E,
    0x1A20, 0x1A40, 0x1A60, 0x1A81, 0x1AA1, 0x12A1, 0x12A2, 0x1282, 0x1264, 0x1246, 0x0A09, 0x09AB, 0x096D, 0x092F, 0x00F1, 0x00D4,
    0x00B5, 0x00B7, 0x0099, 0x009A, 0x009B, 0x009B, 0x009C, 0x089D, 0x089D, 0x089D, 0x089E, 0x089E, 0x089E, 0x089E, 0x089E, 0x089E,
    0x1A60, 0x1A80, 0x1AA0, 0x12C1, 0x12E1, 0x1301, 0x1302, 0x12E2, 0x12E3, 0x12C5, 0x0A87, 0x0A6A, 0x0A0D, 0x09CF, 0x0171, 0x0133,
    0x0115, 0x00D6, 0x00D8, 0x00B9, 0x00BA, 0x009B, 0x009C, 0x009C, 0x009D, 0x089D, 0x089D, 0x089E, 0x089E, 0x089E, 0x089E, 0x089E,
    0x1AC0, 0x12E0, 0x1300, 0x1301, 0x1321, 0x1341, 0x1362, 0x1362, 0x1363, 0x1344, 0x0B26, 0x0AE9, 0x0ACC, 0x0A6E, 0x0A10, 0x01B2,
    0x0174, 0x0136, 0x0117, 0x00F9, 0x00DA, 0x00DB, 0x00BC, 0x00BC, 0x00BD, 0x00BD, 0x08BD, 0x08BE, 0x08BE, 0x08BE, 0x08BE, 0x08BE,
    0x1300, 0x1320, 0x1340, 0x1361, 0x1381, 0x13A1, 0x13A2, 0x13C2, 0x13C3, 0x13A4, 0x0BA5, 0x0B88, 0x0B4A, 0x0B0D, 0x0ACF, 0x0A71,
    0x0213, 0x01B5, 0x0176, 0x0138, 0x0119, 0x00FA, 0x00FB, 0x00DC, 0x00DD, 0x00DD, 0x00BD, 0x08BE, 0x08BE, 0x08BE, 0x08BE, 0x08BE,
    0x1360, 0x1380, 0x1381, 0x13A1, 0x13C1, 0x13E1, 0x1402, 0x1402, 0x1423, 0x0C24, 0x0C05, 0x0BE7, 0x0BE9, 0x0BAC, 0x0B6F, 0x0B10,
    0x0AB2, 0x0254, 0x0215, 0x01B7, 0x0178, 0x015A, 0x013B, 0x011C, 0x00FC, 0x00FD, 0x00DD, 0x00DE, 0x08DE, 0x08DE, 0x08DE, 0x08DE,
    0x13C0, 0x13C0, 0x13E1, 0x1401, 0x1401, 0x1422, 0x1442, 0x1462, 0x0C63, 0x0C64, 0x0C65, 0x1467, 0x1449, 0x144B, 0x0C0E, 0x0BD0,
    0x0B92, 0x0B13, 0x02B5, 0x0276, 0x0217, 0x01D9, 0x019A, 0x017B, 0x015C, 0x013D, 0x011D, 0x00FD, 0x08FE, 0x08FE, 0x08DE, 0x08DE,
    0x1420, 0x1421, 0x1421, 0x1441, 0x1461, 0x1462, 0x0C82, 0x0CA3, 0x0CA3, 0x0CC4, 0x14C5, 0x14C6, 0x14A8, 0x14AB, 0x148D, 0x146F,
    0x0C31, 0x0BD3, 0x0B74, 0x0B15, 0x0AB7, 0x0A78, 0x0A19, 0x09DA, 0x01BB, 0x017C, 0x015D, 0x013D, 0x091D, 0x091E, 0x08FE, 0x08FE,
    0x1481, 0x1481, 0x1481, 0x1481, 0x0CA1, 0x0CC2, 0x0CC2, 0x0CE3, 0x0CE4, 0x1504, 0x1505, 0x1506, 0x1508, 0x150A, 0x150D, 0x14EF,
    0x14D1, 0x1492, 0x0C34, 0x0BD5, 0x0B76, 0x0B37, 0x0AD8, 0x0A79, 0x0A3A, 0x09FB, 0x09BC, 0x097D, 0x095D, 0x093E, 0x093E, 0x091E,
    0x0CC1, 0x0CC1, 0x0CC1, 0x0CE1, 0x0CE2, 0x0D02, 0x0D03, 0x0D23, 0x0D24, 0x1545, 0x1545, 0x1547, 0x1548, 0x154A, 0x1D4C, 0x1D4F,
    0x1D31, 0x1512, 0x14D4, 0x1495, 0x0C36, 0x0BD7, 0x0B78, 0x0B39, 0x0ADA, 0x0A7B, 0x0A3B, 0x09FC, 0x09BD, 0x097D, 0x097E, 0x095E,
    0x0D21, 0x0D21, 0x0D21, 0x0D22, 0x0D22, 0x0D42, 0x0D43, 0x0D63, 0x1564, 0x1565, 0x1586, 0x1587, 0x1588, 0x1D8A, 0x1D8C, 0x1D8E,
    0x2590, 0x1D72, 0x1D53, 0x1515, 0x14D6, 0x1497, 0x0C38, 0x0BF9, 0x0B99, 0x0B3A, 0x0ADB, 0x0A7C, 0x0A3C, 0x09DD, 0x09BD, 0x099E,
    0x0D61, 0x0D61, 0x0D62, 0x0D62, 0x0D62, 0x0D63, 0x0D83, 0x1584, 0x15A4, 0x15A5, 0x15A6, 0x15C7, 0x15C9, 0x1DCA, 0x1DCC, 0x25CE,
    0x25D0, 0x25D2, 0x25B3, 0x1D95, 0x1D56, 0x1517, 0x14D7, 0x1498, 0x0C39, 0x0BDA, 0x0B7A, 0x0B1B, 0x0ABC, 0x0A5C, 0x0A1D, 0x09FD,
    0x0DA1, 0x0DA2, 0x0DA2, 0x0DA2, 0x0DA2, 0x0DA3, 0x0DC3, 0x15C4, 0x15C5, 0x15E6, 0x15E7, 0x15E8, 0x1DE9, 0x1DEB, 0x25EC, 0x25EF,
    0x2DF1, 0x2DF2, 0x2DF4, 0x25D5, 0x25B6, 0x1D96, 0x1D57, 0x1518, 0x14D9, 0x147A, 0x0C3A, 0x0BDB, 0x0B5B, 0x0AFC, 0x0ABC, 0x0A5D,
    0x0DE2, 0x0DE2, 0x0DE2, 0x0DE2, 0x0DE3, 0x0DE3, 0x15E4, 0x1604, 0x1605, 0x1606, 0x1607, 0x1E28, 0x1E29, 0x1E2B, 0x262D, 0x2E2F,
    0x2E31, 0x3632, 0x3634, 0x2E15, 0x2E16, 0x25F6, 0x1DB7, 0x1D98, 0x1559, 0x1519, 0x14BA, 0x0C7B, 0x0BFB, 0x0B9C, 0x0B3C, 0x0ADD,
    0x0E22, 0x0E22, 0x0E22, 0x0E23, 0x0E23, 0x1623, 0x1624, 0x1625, 0x1646, 0x1647, 0x1E48, 0x1E49, 0x1E4A, 0x264C, 0x264D, 0x2E4F,
    0x3651, 0x3E53, 0x3E54, 0x3655, 0x3656, 0x2E36, 0x2617, 0x25F8, 0x1DB9, 0x1579, 0x155A, 0x14FA, 0x14BB, 0x145C, 0x0BFC, 0x0B7D,
    0x0E62, 0x0E42, 0x0E43, 0x1643, 0x1643, 0x1644, 0x1664, 0x1665, 0x1666, 0x1E67, 0x1E68, 0x1E69, 0x266B, 0x266C, 0x2E6E, 0x3670,
    0x3E71, 0x4673, 0x4674, 0x4675, 0x3E76, 0x3676, 0x2E57, 0x2E38, 0x2619, 0x1DF9, 0x1DBA, 0x157A, 0x153B, 0x14DB, 0x149C, 0x143C,
    0x1682, 0x1683, 0x1683, 0x1683, 0x1684, 0x1684, 0x1685, 0x1686, 0x1E87, 0x1E88, 0x1E89, 0x1E8A, 0x268B, 0x268D, 0x2E8E, 0x3690,
    0x3E92, 0x4693, 0x4EB4, 0x4EB5, 0x4696, 0x3E97, 0x3697, 0x3678, 0x2E79, 0x2659, 0x261A, 0x1DFA, 0x1DBB, 0x157B, 0x151C, 0x14DC,
    0x16A3, 0x16A3, 0x16A3, 0x16A4, 0x16A4, 0x16A5, 0x16A5, 0x1EA6, 0x1EA7, 0x1EA8, 0x1EA9, 0x26AB, 0x26AC, 0x2EAD, 0x36AF, 0x3EB1,
    0x46B2, 0x4EB3, 0x4ED5, 0x56D5, 0x4EB6, 0x46B7, 0x3EB7, 0x36B8, 0x3698, 0x2E99, 0x2E7A, 0x265A, 0x261B, 0x1DDB, 0x1D9B, 0x1D5C,
    0x16E3, 0x16E3, 0x16C4, 0x16C4, 0x16C4, 0x1EC5, 0x1EC6, 0x1EC7, 0x1EC8, 0x1EC9, 0x26CA, 0x26CB, 0x2ECD, 0x36CE, 0x36D0, 0x3ED1,
    0x46D2, 0x4ED4, 0x56D5, 0x56D6, 0x56D6, 0x56D7, 0x46D7, 0x3ED8, 0x3ED8, 0x36B9, 0x36BA, 0x2EBA, 0x267A, 0x263B, 0x261B, 0x1DDC,
    0x1703, 0x1F04, 0x1F04, 0x1EE4, 0x1EE5, 0x1EE5, 0x1EE6, 0x1EE7, 0x1EE8, 0x1EE9, 0x26EA, 0x26EC, 0x2EED, 0x36EF, 0x3EF0, 0x46F1,
    0x4EF3, 0x4EF4, 0x56F5, 0x5EF6, 0x5EF6, 0x56F7, 0x4EF7, 0x46F8, 0x46F8, 0x3ED9, 0x36DA, 0x36DA, 0x2EBA, 0x2E9B, 0x267B, 0x263B,
    0x1F24, 0x1F24, 0x1F24, 0x1F05, 0x1F05, 0x1F06, 0x1F07, 0x1F08, 0x1F08, 0x270A, 0x270B, 0x2F0C, 0x2EEE, 0x36EF, 0x3EF1, 0x46F2,
    0x4EF3, 0x5714, 0x5715, 0x5F16, 0x5F16, 0x5F17, 0x5718, 0x4EF8, 0x46F9, 0x3EF9, 0x3EFA, 0x3EFA, 0x36FA, 0x36DB, 0x2EBB, 0x269B,
    0x1F24, 0x1F24, 0x1F25, 0x1F25, 0x1F26, 0x1F26, 0x2727, 0x2728, 0x2729, 0x270A, 0x270B, 0x2F0D, 0x370E, 0x3F10, 0x3F11, 0x4712,
    0x4F13, 0x5714, 0x5715, 0x5F16, 0x5F16, 0x5F17, 0x5F18, 0x5718, 0x4F19, 0x4719, 0x471A, 0x3F1A, 0x3EFA, 0x36FB, 0x36FB, 0x2EDB,
    0x1F44, 0x2745, 0x2745, 0x2745, 0x2746, 0x2727, 0x2728, 0x2728, 0x2729, 0x272A, 0x272C, 0x2F2D, 0x372E, 0x3F30, 0x4731, 0x4732,
    0x4F33, 0x5734, 0x5735, 0x5F36, 0x5F36, 0x5F37, 0x5F38, 0x5F38, 0x5739, 0x4F39, 0x471A, 0x471A, 0x3F1A, 0x3F1B, 0x3F1B, 0x371B,
    0x2820, 0x2820, 0x2021, 0x2021, 0x2021, 0x2022, 0x2002, 0x2003, 0x2004, 0x1805, 0x1806, 0x1807, 0x1808, 0x1809, 0x200B, 0x200D,
    0x200F, 0x2031, 0x1832, 0x1834, 0x1836, 0x1838, 0x183A, 0x183B, 0x183C, 0x183D, 0x183D, 0x183E, 0x103E, 0x103E, 0x103E, 0x103E,
    0x2840, 0x2820, 0x2820, 0x2821, 0x2821, 0x2022, 0x2023, 0x2023, 0x2024, 0x2025, 0x1826, 0x1828, 0x1829, 0x182A, 0x182C, 0x182E,
    0x1830, 0x1832, 0x1834, 0x1836, 0x1837, 0x1839, 0x183A, 0x183B, 0x183C, 0x103D, 0x103D, 0x103E, 0x103E, 0x103E, 0x103E, 0x103E,
    0x2860, 0x2840, 0x3020, 0x2821, 0x2821, 0x2822, 0x2023, 0x2024, 0x2025, 0x2026, 0x2027, 0x1828, 0x182A, 0x182B, 0x182D, 0x182F,
    0x1831, 0x1833, 0x1835, 0x1837, 0x1838, 0x103A, 0x103B, 0x103C, 0x103D, 0x103D, 0x103D, 0x103E, 0x103E, 0x103E, 0x103E, 0x103E,
    0x2880, 0x2860, 0x3060, 0x3041, 0x3041, 0x2842, 0x2823, 0x2024, 0x2025, 0x2026, 0x1828, 0x1829, 0x182B, 0x182D, 0x182E, 0x1830,
    0x1832, 0x1034, 0x1036, 0x1038, 0x1039, 0x103A, 0x103B, 0x103C, 0x103D, 0x103D, 0x103D, 0x103E, 0x103E, 0x103E, 0x103E, 0x103E,
    0x28A0, 0x28A0, 0x30A0, 0x3080, 0x3061, 0x3042, 0x2843, 0x2844, 0x2025, 0x2027, 0x1828, 0x182A, 0x182C, 0x182E, 0x102F, 0x1031,
    0x1033, 0x1035, 0x1037, 0x1039, 0x103A, 0x103B, 0x083C, 0x083C, 0x083D, 0x083D, 0x085D, 0x085E, 0x085E, 0x105E, 0x105E, 0x105E,
    0x28E0, 0x28E0, 0x28E0, 0x30C0, 0x30C1, 0x28A2, 0x2883, 0x2064, 0x2046, 0x1847, 0x1849, 0x184B, 0x102D, 0x102F, 0x1031, 0x1032,
    0x1054, 0x1056, 0x0858, 0x0859, 0x085A, 0x085B, 0x085C, 0x085D, 0x085D, 0x085D, 0x085E, 0x085E, 0x085E, 0x085E, 0x105E, 0x105E,
    0x2100, 0x2920, 0x2940, 0x2920, 0x2901, 0x28E1, 0x28C2, 0x20A4, 0x2086, 0x1868, 0x1849, 0x104B, 0x104D, 0x104F, 0x0851, 0x0853,
    0x0855, 0x0857, 0x0859, 0x085A, 0x085B, 0x085C, 0x085C, 0x085D, 0x085D, 0x085D, 0x085E, 0x085E, 0x085E, 0x085E, 0x085E, 0x085E,
    0x2140, 0x2160, 0x2180, 0x2980, 0x2981, 0x2961, 0x2122, 0x2104, 0x18E6, 0x18A8, 0x1089, 0x106C, 0x106E, 0x0850, 0x0852, 0x0854,
    0x0856, 0x0858, 0x0859, 0x085A, 0x085B, 0x085C, 0x085C, 0x085D, 0x085D, 0x085D, 0x085E, 0x085E, 0x085E, 0x085E, 0x087E, 0x087E,
    0x2180, 0x21C0, 0x21E0, 0x21E0, 0x21E1, 0x21C1, 0x21A2, 0x2184, 0x1945, 0x1907, 0x10C9, 0x10AC, 0x088E, 0x0890, 0x0872, 0x0874,
    0x0876, 0x0878, 0x0879, 0x087A, 0x087B, 0x087C, 0x087C, 0x087D, 0x087D, 0x087E, 0x087E, 0x087E, 0x087E, 0x087E, 0x087E, 0x087E,
    0x19E0, 0x2200, 0x2220, 0x2241, 0x2241, 0x2241, 0x2222, 0x2203, 0x19C4, 0x19A7, 0x1169, 0x112B, 0x08ED, 0x08D0, 0x08B2, 0x0894,
    0x0896, 0x0878, 0x0879, 0x087A, 0x087B, 0x087C, 0x087C, 0x087D, 0x087D, 0x087D, 0x087E, 0x087E, 0x087E, 0x087E, 0x087E, 0x087E,
    0x1A20, 0x1A40, 0x1A60, 0x2281, 0x22A1, 0x22A1, 0x22A1, 0x1A82, 0x1A64, 0x1A26, 0x1208, 0x11AB, 0x094D, 0x090F, 0x08F2, 0x08D4,
    0x08B6, 0x0897, 0x0899, 0x089A, 0x089B, 0x087C, 0x087C, 0x087D, 0x087D, 0x087D, 0x087E, 0x087E, 0x087E, 0x089E, 0x089E, 0x089E,
    0x1A60, 0x1A80, 0x1AA0, 0x1AC1, 0x1AE1, 0x1B01, 0x1B01, 0x1B02, 0x1AE3, 0x1AC5, 0x1287, 0x124A, 0x0A0C, 0x09AE, 0x0971, 0x0913,
    0x08F5, 0x08D7, 0x08B8, 0x08BA, 0x089A, 0x089B, 0x089C, 0x089D, 0x089D, 0x089D, 0x089D, 0x089E, 0x089E, 0x089E, 0x089E, 0x089E,
    0x1AC0, 0x1AE0, 0x1B00, 0x1B21, 0x1B21, 0x1B41, 0x1B61, 0x1B62, 0x1B63, 0x1B44, 0x1B25, 0x12E8, 0x12AB, 0x0A4E, 0x09F0, 0x0992,
    0x0954, 0x0916, 0x08F7, 0x08D9, 0x08DA, 0x08BB, 0x08BC, 0x08BC, 0x08BD, 0x08BD, 0x089D, 0x089E, 0x089E, 0x089E, 0x089E, 0x08BE,
    0x1B00, 0x1B20, 0x1B40, 0x1B61, 0x1B81, 0x1BA1, 0x1BA2, 0x1BC2, 0x1BC3, 0x1BC4, 0x13A5, 0x1367, 0x134A, 0x130D, 0x0ACF, 0x0A51,
    0x09F3, 0x0995, 0x0957, 0x0918, 0x08F9, 0x08FA, 0x08DB, 0x08DC, 0x08BD, 0x08BD, 0x08BD, 0x08BE, 0x08BE, 0x08BE, 0x08BE, 0x08BE,
    0x1B60, 0x1B80, 0x1B80, 0x1BA1, 0x1BC1, 0x1BE1, 0x1C02, 0x1402, 0x1423, 0x1424, 0x1405, 0x13E6, 0x13C8, 0x13AC, 0x136E, 0x0B10,
    0x0AB2, 0x0A34, 0x09D6, 0x0997, 0x0959, 0x093A, 0x091B, 0x08FC, 0x08FC, 0x08DD, 0x08DD, 0x08DE, 0x08DE, 0x08DE, 0x08DE, 0x08DE,
    0x1BC0, 0x1BC0, 0x1BE1, 0x1401, 0x1401, 0x1421, 0x1442, 0x1462, 0x1463, 0x1464, 0x1465, 0x1466, 0x1448, 0x142A, 0x140D, 0x13D0,
    0x0B72, 0x0B13, 0x0A95, 0x0A36, 0x09F8, 0x09B9, 0x097A, 0x095B, 0x093C, 0x091D, 0x08FD, 0x08FD, 0x08FE, 0x08DE, 0x08DE, 0x08DE,
    0x1420, 0x1421, 0x1421, 0x1441, 0x1461, 0x1462, 0x1482, 0x14A3, 0x14A3, 0x14C4, 0x14C5, 0x14C6, 0x14A8, 0x14AA, 0x148C, 0x146F,
    0x1431, 0x0BD3, 0x0B74, 0x0AF6, 0x0A97, 0x0A38, 0x09FA, 0x09BB, 0x097B, 0x095C, 0x093D, 0x091D, 0x091D, 0x08FE, 0x08FE, 0x08FE,
    0x1481, 0x1481, 0x1481, 0x1481, 0x14A1, 0x14C2, 0x14C2, 0x14E3, 0x14E4, 0x1504, 0x1505, 0x1506, 0x1508, 0x150A, 0x1CEC, 0x1CEE,
    0x1CD1, 0x1492, 0x1434, 0x0BD5, 0x0B76, 0x0AF8, 0x0AB9, 0x0A5A, 0x09FB, 0x09BB, 0x099C, 0x095D, 0x093D, 0x093E, 0x091E, 0x091E,
    0x14C1, 0x14C1, 0x14C1, 0x14E1, 0x14E2, 0x1502, 0x1503, 0x1523, 0x1524, 0x1545, 0x1546, 0x1547, 0x1548, 0x1D4A, 0x1D4C, 0x1D4E,
    0x1D30, 0x1D12, 0x1CD4, 0x1495, 0x1436, 0x0BB7, 0x0B58, 0x0AF9, 0x0A9A, 0x0A5B, 0x09FC, 0x09BC, 0x099D, 0x097D, 0x095D, 0x095E,
    0x1521, 0x1521, 0x1521, 0x1522, 0x1522, 0x1542, 0x1543, 0x1544, 0x1564, 0x1565, 0x1586, 0x1D87, 0x1D88, 0x1D8A, 0x1D8C, 0x258E,
    0x2570, 0x2572, 0x2553, 0x1D35, 0x14D6, 0x1477, 0x1418, 0x0BB9, 0x0B5A, 0x0AFA, 0x0A9B, 0x0A3C, 0x09FC, 0x09BD, 0x099D, 0x099D,
    0x1561, 0x1561, 0x1562, 0x1562, 0x1562, 0x1563, 0x1583, 0x1584, 0x15A5, 0x15A6, 0x1DA7, 0x1DA8, 0x1DC9, 0x1DCA, 0x25CC, 0x25CE,
    0x2DD0, 0x2DB2, 0x2DB3, 0x2595, 0x1D56, 0x1D17, 0x14D8, 0x1478, 0x0C19, 0x0B9A, 0x0B3B, 0x0ADB, 0x0A9C, 0x0A3C, 0x0A1D, 0x09FD,
    0x0DA1, 0x0DA2, 0x15A2, 0x15A2, 0x15A2, 0x15A3, 0x15C4, 0x15C4, 0x15C5, 0x1DE6, 0x1DE7, 0x1DE8, 0x1DE9, 0x1DEA, 0x25EC, 0x25EE,
    0x2DF0, 0x35F2, 0x35F3, 0x2DF5, 0x25D6, 0x2597, 0x1D57, 0x1518, 0x14B9, 0x145A, 0x0BFA, 0x0B9B, 0x0B3B, 0x0ABC, 0x0A9C, 0x0A5D,
    0x0DE2, 0x15E2, 0x15E2, 0x15E2, 0x15E3, 0x15E3, 0x15E4, 0x1605, 0x1E06, 0x1E06, 0x1E07, 0x1E08, 0x1E0A, 0x260B, 0x260D, 0x2E2E,
    0x3630, 0x3E32, 0x3E34, 0x3635, 0x3616, 0x2DF6, 0x25B7, 0x1D98, 0x1D59, 0x14F9, 0x149A, 0x143B, 0x13DB, 0x0B7C, 0x0B3C, 0x0ADD,
    0x1622, 0x1622, 0x1622, 0x1623, 0x1623, 0x1624, 0x1624, 0x1625, 0x1E26, 0x1E27, 0x1E28, 0x1E49, 0x264A, 0x264B, 0x264D, 0x2E4F,
    0x3651, 0x3E52, 0x4654, 0x4655, 0x3E56, 0x3636, 0x2E17, 0x25F8, 0x25B9, 0x1D79, 0x153A, 0x14FA, 0x149B, 0x143C, 0x13DC, 0x137D,
    0x1642, 0x1643, 0x1643, 0x1643, 0x1643, 0x1644, 0x1645, 0x1E46, 0x1E66, 0x1E67, 0x1E68, 0x2669, 0x266B, 0x266C, 0x2E6E, 0x366F,
    0x3E71, 0x4673, 0x4E74, 0x4E75, 0x4676, 0x3E77, 0x3657, 0x2E58, 0x2E19, 0x25F9, 0x1DBA, 0x1D7A, 0x1D1B, 0x14DB, 0x147C, 0x141C,
    0x1683, 0x1683, 0x1683, 0x1684, 0x1684, 0x1E84, 0x1E85, 0x1E86, 0x1E87, 0x1E88, 0x2689, 0x268A, 0x268B, 0x2E8D, 0x2E8E, 0x3690,
    0x3E91, 0x4E93, 0x4EB4, 0x56B5, 0x4EB6, 0x4697, 0x3E97, 0x3678, 0x3678, 0x2E59, 0x261A, 0x25DA, 0x1D9B, 0x1D5B, 0x1D1C, 0x1CDC,
    0x16A3, 0x16A3, 0x16A4, 0x1EA4, 0x1EA4, 0x1EA5, 0x1EA6, 0x1EA6, 0x26A7, 0x26A8, 0x26A9, 0x26AB, 0x26AC, 0x2EAD, 0x36AF, 0x3EB0,
    0x46B2, 0x4EB3, 0x56B4, 0x56D5, 0x56D6, 0x4EB7, 0x46B7, 0x3EB8, 0x3E98, 0x3699, 0x2E7A, 0x2E5A, 0x261B, 0x25DB, 0x1D9B, 0x1D5C,
    0x1EC3, 0x1EC4, 0x1EC4, 0x1EC4, 0x1EC5, 0x1EC5, 0x1EC6, 0x26C7, 0x26C8, 0x26C9, 0x26CA, 0x26CB, 0x2ECC, 0x36CE, 0x36CF, 0x3ED1,
    0x46D2, 0x4ED3, 0x56D5, 0x5ED6, 0x5ED6, 0x5ED7, 0x56D7, 0x46D8, 0x46D8, 0x3EB9, 0x36BA, 0x36BA, 0x2E7A, 0x263B, 0x261B, 0x25DC,
    0x1EE4, 0x1EE4, 0x1EE4, 0x1EE5, 0x1EE5, 0x26E6, 0x26E7, 0x26E7, 0x26E8, 0x26E9, 0x26EA, 0x2EEC, 0x2EED, 0x36EE, 0x3EF0, 0x46F1,
    0x4EF2, 0x56F4, 0x56F5, 0x5EF6, 0x5EF6, 0x5EF7, 0x56F8, 0x4EF8, 0x46F9, 0x46D9, 0x3EDA, 0x3EDA, 0x36BA, 0x2E9B, 0x2E5B, 0x263B,
    0x2724, 0x2704, 0x2705, 0x2705, 0x2706, 0x2706, 0x2707, 0x2708, 0x2709, 0x270A, 0x270B, 0x2EEC, 0x2EED, 0x36EF, 0x3EF0, 0x46F2,
    0x4EF3, 0x56F4, 0x5F15, 0x5F16, 0x6716, 0x6717, 0x5F18, 0x5718, 0x4EF9, 0x46F9, 0x46FA, 0x3EFA, 0x3EFA, 0x36DB, 0x36BB, 0x2E9B,
    0x2724, 0x2725, 0x2725, 0x2725, 0x2726, 0x2727, 0x2727, 0x2708, 0x2709, 0x270A, 0x2F0B, 0x2F0D, 0x370E, 0x3F0F, 0x4711, 0x4712,
    0x4F13, 0x5714, 0x5F15, 0x5F16, 0x6716, 0x6717, 0x5F18, 0x5F18, 0x5719, 0x4F19, 0x4F1A, 0x471A, 0x46FA, 0x3EFB, 0x3EFB, 0x36DB,
    0x2744, 0x2745, 0x2725, 0x2726, 0x2726, 0x2727, 0x2728, 0x2728, 0x2729, 0x272B, 0x2F2C, 0x2F2D, 0x370E, 0x3F10, 0x4711, 0x4F12,
    0x5733, 0x5734, 0x5F35, 0x5F36, 0x6736, 0x6737, 0x6738, 0x6738, 0x5F39, 0x5739, 0x4F1A, 0x4F1A, 0x471A, 0x471B, 0x3F1B, 0x3F1B,
    0x3020, 0x2820, 0x2821, 0x2821, 0x2821, 0x2822, 0x2822, 0x2003, 0x2004, 0x2005, 0x2005, 0x2007, 0x2008, 0x2009, 0x200B, 0x200C,
    0x200E, 0x2030, 0x2032, 0x2034, 0x2036, 0x2037, 0x2039, 0x203A, 0x203B, 0x203C, 0x203D, 0x203D, 0x183E, 0x183E, 0x183E, 0x183E,
    0x3040, 0x3020, 0x3021, 0x3021, 0x2821, 0x2822, 0x2823, 0x2823, 0x2824, 0x2025, 0x2026, 0x2027, 0x2028, 0x202A, 0x202C, 0x202D,
    0x202F, 0x2031, 0x2033, 0x2035, 0x2037, 0x2038, 0x203A, 0x203B, 0x203C, 0x183D, 0x183D, 0x183D, 0x183E, 0x183E, 0x183E, 0x183E,
    0x3060, 0x3040, 0x3820, 0x3021, 0x3021, 0x3022, 0x2823, 0x2824, 0x2824, 0x2825, 0x2027, 0x2028, 0x2029, 0x202B, 0x202D, 0x202E,
    0x2030, 0x2032, 0x2034, 0x2036, 0x1837, 0x1839, 0x183A, 0x183B, 0x183C, 0x183D, 0x183D, 0x103E, 0x103E, 0x103E, 0x183E, 0x183E,
    0x3080, 0x3060, 0x3860, 0x3841, 0x3841, 0x3042, 0x3023, 0x3024, 0x2825, 0x2826, 0x2827, 0x2029, 0x202A, 0x202C, 0x202E, 0x202F,
    0x2031, 0x1833, 0x1835, 0x1837, 0x1838, 0x183A, 0x183B, 0x183C, 0x103C, 0x103D, 0x103D, 0x103E, 0x103E, 0x103E, 0x103E, 0x183E,
    0x30A0, 0x30A0, 0x38A0, 0x3880, 0x3861, 0x3841, 0x3042, 0x3044, 0x3025, 0x2826, 0x2828, 0x2029, 0x202B, 0x202D, 0x202F, 0x1831,
    0x1832, 0x1834, 0x1836, 0x1838, 0x1039, 0x103A, 0x103B, 0x103C, 0x103C, 0x103D, 0x103D, 0x103E, 0x105E, 0x105E, 0x105E, 0x185E,
    0x28E0, 0x30E0, 0x30E0, 0x38C0, 0x38A1, 0x3881, 0x3862, 0x3064, 0x2845, 0x2847, 0x2048, 0x202A, 0x202C, 0x182E, 0x1830, 0x1832,
    0x1033, 0x1055, 0x1057, 0x1058, 0x105A, 0x105B, 0x105C, 0x105C, 0x105D, 0x105D, 0x105D, 0x105E, 0x105E, 0x105E, 0x105E, 0x105E,
    0x2900, 0x3120, 0x3120, 0x3920, 0x3900, 0x38C1, 0x38A2, 0x3083, 0x2885, 0x2867, 0x2049, 0x204B, 0x184D, 0x184F, 0x1051, 0x1053,
    0x1055, 0x1056, 0x1058, 0x1059, 0x085A, 0x085B, 0x085C, 0x085D, 0x085D, 0x085D, 0x085E, 0x085E, 0x105E, 0x105E, 0x105E, 0x105E,
    0x2940, 0x2960, 0x3180, 0x3180, 0x3161, 0x3141, 0x3122, 0x3103, 0x28C5, 0x20A7, 0x2089, 0x186B, 0x186D, 0x104F, 0x1051, 0x1053,
    0x0855, 0x0857, 0x0859, 0x085A, 0x085B, 0x085C, 0x085C, 0x085D, 0x085D, 0x085D, 0x085E, 0x085E, 0x085E, 0x085E, 0x085E, 0x107E,
    0x2980, 0x29A0, 0x29E0, 0x29E0, 0x31E1, 0x31C1, 0x31A2, 0x2963, 0x2945, 0x2107, 0x18C9, 0x18AB, 0x108D, 0x1070, 0x0872, 0x0874,
    0x0856, 0x0858, 0x0859, 0x085A, 0x085B, 0x085C, 0x085C, 0x085D, 0x085D, 0x085D, 0x085E, 0x087E, 0x087E, 0x087E, 0x087E, 0x087E,
    0x21C0, 0x2200, 0x2A20, 0x2A40, 0x2A41, 0x2A41, 0x2A22, 0x2A03, 0x21C4, 0x2186, 0x1968, 0x190B, 0x10ED, 0x10AF, 0x0892, 0x0894,
    0x0876, 0x0878, 0x0879, 0x087A, 0x087B, 0x087C, 0x087C, 0x087D, 0x087D, 0x087D, 0x087E, 0x087E, 0x087E, 0x087E, 0x087E, 0x087E,
    0x2220, 0x2240, 0x2260, 0x2280, 0x2AA1, 0x2AA1, 0x2AA1, 0x2A82, 0x2264, 0x2226, 0x19E8, 0x19AA, 0x114D, 0x110F, 0x08D1, 0x08B4,
    0x0896, 0x0897, 0x0899, 0x087A, 0x087B, 0x087C, 0x087C, 0x087D, 0x087D, 0x087D, 0x087E, 0x087E, 0x087E, 0x087E, 0x087E, 0x089E,
    0x2260, 0x2280, 0x22A0, 0x22C1, 0x22E1, 0x2B01, 0x2B01, 0x2B02, 0x22E3, 0x22C4, 0x2286, 0x1A49, 0x120C, 0x11AE, 0x0951, 0x0913,
    0x08D5, 0x08B7, 0x08B8, 0x089A, 0x089B, 0x089B, 0x089C, 0x089D, 0x089D, 0x089D, 0x089D, 0x089E, 0x089E, 0x089E, 0x089E, 0x089E,
    0x22C0, 0x22E0, 0x2300, 0x2321, 0x2341, 0x2341, 0x2361, 0x2362, 0x2362, 0x2343, 0x2325, 0x1AE8, 0x12AB, 0x124D, 0x09F0, 0x0992,
    0x0934, 0x0916, 0x08D8, 0x08D9, 0x08BA, 0x08BB, 0x08BC, 0x089C, 0x089D, 0x089D, 0x089D, 0x089E, 0x089E, 0x089E, 0x089E, 0x089E,
    0x2300, 0x2320, 0x2340, 0x2361, 0x2381, 0x23A1, 0x23A1, 0x23C2, 0x23C2, 0x23C3, 0x1BA4, 0x1B66, 0x1B49, 0x130C, 0x12AF, 0x0A51,
    0x09D3, 0x0975, 0x0937, 0x0919, 0x08FA, 0x08DB, 0x08DC, 0x08BC, 0x08BD, 0x08BD, 0x08BD, 0x08BE, 0x08BE, 0x08BE, 0x08BE, 0x08BE,
    0x1B60, 0x1B80, 0x1B80, 0x1BA1, 0x1BC1, 0x23E1, 0x2402, 0x2402, 0x2423, 0x1C23, 0x1C24, 0x1BE6, 0x1BC8, 0x1BAB, 0x136E, 0x1310,
    0x0A92, 0x0A14, 0x09B6, 0x0978, 0x0939, 0x091A, 0x08FB, 0x08FC, 0x08DD, 0x08DD, 0x08DD, 0x08DE, 0x08BE, 0x08BE, 0x08BE, 0x08BE,
    0x1BC0, 0x1BC0, 0x1BE1, 0x1C01, 0x1C01, 0x1C21, 0x1C42, 0x1C62, 0x1C63, 0x1C64, 0x1C64, 0x1C66, 0x1C47, 0x1C2A, 0x1C0C, 0x13CF,
    0x1372, 0x0AF3, 0x0A95, 0x0A17, 0x09B8, 0x0979, 0x095A, 0x093B, 0x091C, 0x08FD, 0x08FD, 0x08DD, 0x08DE, 0x08DE, 0x08DE, 0x08DE,
    0x1C20, 0x1C21, 0x1C21, 0x1C41, 0x1C61, 0x1C62, 0x1C82, 0x1CA3, 0x1CA3, 0x1CC4, 0x1CC5, 0x1CC6, 0x1CA7, 0x1C89, 0x1C8B, 0x1C6E,
    0x1431, 0x13D3, 0x0B54, 0x0AD6, 0x0A77, 0x0A19, 0x09DA, 0x099B, 0x095C, 0x093C, 0x091D, 0x091D, 0x08FD, 0x08FE, 0x08FE, 0x08FE,
    0x1C81, 0x1C81, 0x1C81, 0x1C81, 0x1CA1, 0x1CC2, 0x1CC2, 0x1CE3, 0x1CE4, 0x1D04, 0x1D05, 0x1D06, 0x1D07, 0x1CE9, 0x1CEB, 0x1CCE,
    0x1CB0, 0x1C92, 0x1434, 0x13B5, 0x0B57, 0x0AD8, 0x0A79, 0x0A1A, 0x09DB, 0x099C, 0x095C, 0x093D, 0x093D, 0x091E, 0x091E, 0x091E,
    0x14C1, 0x14C1, 0x14C1, 0x14E1, 0x14E2, 0x1502, 0x1503, 0x1D23, 0x1D24, 0x1D45, 0x1D46, 0x1D47, 0x1D48, 0x1D49, 0x1D4B, 0x252D,
    0x2530, 0x2512, 0x1CD4, 0x1475, 0x1416, 0x0B97, 0x0B38, 0x0AB9, 0x0A7A, 0x0A1B, 0x09DC, 0x099C, 0x097D, 0x095D, 0x095D, 0x095E,
    0x1521, 0x1521, 0x1521, 0x1522, 0x1522, 0x1542, 0x1543, 0x1544, 0x1D64, 0x1D65, 0x1D66, 0x1D87, 0x1D88, 0x1D89, 0x258B, 0x256D,
    0x256F, 0x2D71, 0x2553, 0x1D35, 0x1CD6, 0x1477, 0x13F8, 0x0B99, 0x0B1A, 0x0ABA, 0x0A5B, 0x09FC, 0x09DC, 0x099D, 0x099D, 0x099D,
    0x1561, 0x1561, 0x1562, 0x1562, 0x1562, 0x1563, 0x1583, 0x1D84, 0x1D85, 0x1DA6, 0x1DA7, 0x1DA8, 0x25A9, 0x25AA, 0x25AB, 0x25AD,
    0x2DAF, 0x35B1, 0x2DB3, 0x2D95, 0x2556, 0x1D17, 0x14B8, 0x1458, 0x13D9, 0x0B7A, 0x0AFB, 0x0A9B, 0x0A5C, 0x0A1C, 0x09FD, 0x09FD,
    0x15A1, 0x15A2, 0x15A2, 0x15A2, 0x15A2, 0x15A3, 0x15A4, 0x1DC4, 0x1DC5, 0x1DC6, 0x1DE7, 0x25E8, 0x25E9, 0x25EA, 0x25EC, 0x2DEE,
    0x35F0, 0x3DF2, 0x3DF3, 0x35F5, 0x2DD6, 0x2597, 0x1D57, 0x1CF8, 0x1499, 0x143A, 0x13BA, 0x0B5B, 0x0AFC, 0x0A9C, 0x0A7C, 0x125D,
    0x15E2, 0x15E2, 0x15E2, 0x15E2, 0x15E3, 0x15E3, 0x1DE4, 0x1DE5, 0x1E06, 0x1E07, 0x2608, 0x2609, 0x260A, 0x260B, 0x260C, 0x2E0E,
    0x3610, 0x3E32, 0x4634, 0x3E35, 0x3E16, 0x2DF7, 0x25D7, 0x2598, 0x1D39, 0x14D9, 0x147A, 0x141B, 0x13BB, 0x135C, 0x131C, 0x12DD,
    0x1622, 0x1622, 0x1623, 0x1603, 0x1603, 0x1624, 0x1E25, 0x1E25, 0x1E26, 0x2627, 0x2628, 0x2629, 0x262A, 0x262B, 0x2E2D, 0x2E4E,
    0x3E50, 0x4652, 0x4E54, 0x4E55, 0x4656, 0x3E37, 0x3617, 0x2DF8, 0x25B9, 0x1D79, 0x1D1A, 0x14DA, 0x147B, 0x141C, 0x13BC, 0x137D,
    0x1642, 0x1643, 0x1643, 0x1643, 0x1644, 0x1E44, 0x1E45, 0x1E46, 0x2647, 0x2648, 0x2649, 0x264A, 0x266B, 0x2E6C, 0x2E6D, 0x366F,
    0x3E71, 0x4672, 0x4E74, 0x5675, 0x4E76, 0x4677, 0x3E57, 0x3658, 0x2E19, 0x25F9, 0x259A, 0x1D5A, 0x1D1B, 0x1CBB, 0x1C7C, 0x1C3C,
    0x1E83, 0x1E83, 0x1E83, 0x1E84, 0x1E64, 0x1E65, 0x1E66, 0x2666, 0x2667, 0x2668, 0x2689, 0x268A, 0x2E8B, 0x2E8D, 0x2E8E, 0x368F,
    0x4691, 0x4E93, 0x56B4, 0x5EB5, 0x56B6, 0x5697, 0x4697, 0x3E78, 0x3678, 0x3659, 0x2E1A, 0x25DA, 0x259B, 0x1D5B, 0x1D1C, 0x1CDC,
    0x1EA3, 0x1EA4, 0x1EA4, 0x1EA4, 0x1EA5, 0x26A5, 0x26A6, 0x26A7, 0x26A8, 0x26A9, 0x26AA, 0x2EAB, 0x2EAC, 0x2EAD, 0x36AE, 0x3EB0,
    0x46B1, 0x4EB3, 0x56B4, 0x5ED5, 0x5ED6, 0x5EB7, 0x56B7, 0x46B8, 0x4698, 0x3E99, 0x367A, 0x2E5A, 0x2E1B, 0x25DB, 0x259B, 0x255C,
    0x1EC4, 0x26C4, 0x26C4, 0x26C5, 0x26C5, 0x26C6, 0x26C7, 0x26C7, 0x26C8, 0x2EC9, 0x2ECA, 0x2ECB, 0x2ECC, 0x36CE, 0x36CF, 0x3ED1,
    0x46D2, 0x56D3, 0x5ED4, 0x66D5, 0x66D6, 0x66D7, 0x5ED8, 0x4ED8, 0x46D9, 0x46B9, 0x3EBA, 0x3EBA, 0x367A, 0x2E3B, 0x261B, 0x25DC,
    0x26E4, 0x26E4, 0x26E5, 0x26E5, 0x26E6, 0x26E6, 0x2EE7, 0x2EE8, 0x2EE8, 0x2EE9, 0x2EEB, 0x2EEC, 0x2ECD, 0x36CE, 0x3ED0, 0x46F1,
    0x4EF2, 0x56F3, 0x5EF5, 0x66F6, 0x66F6, 0x66F7, 0x5EF8, 0x5EF8, 0x56F9, 0x4ED9, 0x46DA, 0x3EDA, 0x3EBA, 0x369B, 0x2E5B, 0x2E3B,
    0x2704, 0x2705, 0x2705, 0x2706, 0x2F06, 0x2F07, 0x2F07, 0x2F08, 0x2F09, 0x2F0A, 0x2EEB, 0x2EEC, 0x36ED, 0x3EEF, 0x3EF0, 0x46F1,
    0x4EF3, 0x56F4, 0x5EF5, 0x6716, 0x6716, 0x6717, 0x6718, 0x5F18, 0x5EF9, 0x56F9, 0x4EFA, 0x46FA, 0x46FA, 0x3EDB, 0x36BB, 0x2E9B,
    0x2F25, 0x2F25, 0x2F25, 0x2F26, 0x2F06, 0x2F07, 0x2F08, 0x2F08, 0x2F09, 0x2F0A, 0x2F0B, 0x2F0D, 0x370E, 0x3F0F, 0x4710, 0x4F12,
    0x5713, 0x5714, 0x5F15, 0x6716, 0x6716, 0x6717, 0x6718, 0x6718, 0x5F19, 0x5F19, 0x571A, 0x4F1A, 0x46FA, 0x46FB, 0x3EFB, 0x36DB,
    0x2F25, 0x2F25, 0x2F26, 0x2F26, 0x2F26, 0x2F27, 0x2F28, 0x2F29, 0x2F2A, 0x2F2B, 0x2F2C, 0x370D, 0x370E, 0x3F10, 0x4711, 0x4F12,
    0x5713, 0x5F34, 0x5F35, 0x6736, 0x6736, 0x6F37, 0x6F38, 0x6738, 0x6739, 0x5F39, 0x5F3A, 0x571A, 0x4F1A, 0x4F1B, 0x471B, 0x471B,
    0x3820, 0x3020, 0x3021, 0x3021, 0x3021, 0x3022, 0x2822, 0x2823, 0x2804, 0x2804, 0x2805, 0x2806, 0x2808, 0x2809, 0x280A, 0x280C,
    0x280E, 0x282F, 0x2831, 0x2833, 0x2835, 0x2837, 0x2838, 0x283A, 0x283B, 0x283C, 0x283C, 0x283D, 0x203D, 0x203E, 0x203E, 0x203E,
    0x3840, 0x3820, 0x3821, 0x3821, 0x3021, 0x3022, 0x3023, 0x3023, 0x3024, 0x2825, 0x2826, 0x2827, 0x2828, 0x282A, 0x282B, 0x282D,
    0x282F, 0x2830, 0x2832, 0x2834, 0x2836, 0x2837, 0x2839, 0x283A, 0x283B, 0x283C, 0x203D, 0x203D, 0x203E, 0x203E, 0x203E, 0x203E,
    0x3860, 0x3840, 0x4020, 0x4021, 0x3821, 0x3822, 0x3823, 0x3023, 0x3024, 0x3025, 0x3026, 0x3028, 0x2829, 0x282A, 0x282C, 0x282E,
    0x2830, 0x2831, 0x2833, 0x2835, 0x2837, 0x2838, 0x283A, 0x203B, 0x203C, 0x203C, 0x203D, 0x183D, 0x183E, 0x183E, 0x183E, 0x203E,
    0x3880, 0x3880, 0x4060, 0x4041, 0x4041, 0x3842, 0x3822, 0x3823, 0x3824, 0x3026, 0x3027, 0x3028, 0x302A, 0x282B, 0x282D, 0x282F,
    0x2831, 0x2832, 0x2034, 0x2036, 0x2037, 0x2039, 0x203A, 0x203B, 0x203C, 0x183D, 0x183D, 0x183D, 0x183E, 0x183E, 0x183E, 0x203E,
    0x30A0, 0x38A0, 0x40A0, 0x4060, 0x4041, 0x4041, 0x4042, 0x3843, 0x3844, 0x3826, 0x3027, 0x3029, 0x302A, 0x282C, 0x282E, 0x2830,
    0x2031, 0x2033, 0x2035, 0x2037, 0x2038, 0x183A, 0x183B, 0x183B, 0x183C, 0x183D, 0x183D, 0x183D, 0x183E, 0x183E, 0x185E, 0x185E,
    0x30E0, 0x38E0, 0x38E0, 0x40C0, 0x40A1, 0x4081, 0x4062, 0x3863, 0x3844, 0x3846, 0x3048, 0x3049, 0x282B, 0x282D, 0x202F, 0x2031,
    0x2033, 0x2034, 0x1836, 0x1838, 0x1859, 0x185A, 0x185B, 0x105C, 0x105C, 0x105D, 0x105D, 0x105E, 0x105E, 0x185E, 0x185E, 0x185E,
    0x3100, 0x3920, 0x3920, 0x4100, 0x40E0, 0x40C1, 0x40A1, 0x4083, 0x3864, 0x3866, 0x3048, 0x304A, 0x284C, 0x204E, 0x2050, 0x2052,
    0x1854, 0x1855, 0x1857, 0x1858, 0x105A, 0x105B, 0x105B, 0x105C, 0x105D, 0x105D, 0x105D, 0x105E, 0x105E, 0x105E, 0x105E, 0x185E,
    0x3140, 0x3160, 0x3960, 0x3960, 0x4161, 0x4141, 0x4102, 0x38E3, 0x38C4, 0x30A6, 0x3088, 0x286A, 0x206C, 0x204E, 0x1850, 0x1852,
    0x1854, 0x1056, 0x1058, 0x1059, 0x105A, 0x105B, 0x105C, 0x105C, 0x105D, 0x105D, 0x105D, 0x105E, 0x105E, 0x105E, 0x105E, 0x107E,
    0x3180, 0x31A0, 0x31C0, 0x39C0, 0x39C1, 0x39A1, 0x3982, 0x3943, 0x3924, 0x3106, 0x30C8, 0x28AA, 0x208C, 0x186F, 0x1871, 0x1073,
    0x1055, 0x1057, 0x1058, 0x085A, 0x085A, 0x085B, 0x085C, 0x085C, 0x085D, 0x085D, 0x085D, 0x107E, 0x107E, 0x107E, 0x107E, 0x107E,
    0x29C0, 0x3200, 0x3220, 0x3220, 0x3241, 0x3A21, 0x3A22, 0x39E3, 0x31C4, 0x3186, 0x2948, 0x210A, 0x20CC, 0x18AE, 0x1091, 0x1073,
    0x1075, 0x0877, 0x0879, 0x087A, 0x087B, 0x087C, 0x087C, 0x087D, 0x087D, 0x087D, 0x087E, 0x087E, 0x087E, 0x087E, 0x087E, 0x107E,
    0x2A20, 0x2A40, 0x2A60, 0x3280, 0x32A1, 0x32A1, 0x32A1, 0x3282, 0x3244, 0x2A25, 0x29E7, 0x218A, 0x194C, 0x190E, 0x10D1, 0x10B3,
    0x0895, 0x0897, 0x0879, 0x087A, 0x087B, 0x087C, 0x087C, 0x087D, 0x087D, 0x087D, 0x087E, 0x087E, 0x087E, 0x087E, 0x087E, 0x087E,
    0x2A60, 0x2AA0, 0x2AC0, 0x2AE1, 0x2AE1, 0x3301, 0x3301, 0x3302, 0x32E3, 0x32A4, 0x2A86, 0x2249, 0x19EB, 0x198E, 0x1150, 0x1112,
    0x08D5, 0x08B7, 0x0898, 0x089A, 0x089B, 0x089B, 0x089C, 0x089C, 0x089D, 0x089D, 0x089D, 0x089E, 0x089E, 0x089E, 0x089E, 0x089E,
    0x22C0, 0x2AE0, 0x2B00, 0x2B21, 0x2B41, 0x2B61, 0x3361, 0x3362, 0x3362, 0x2B44, 0x2B05, 0x22E8, 0x22AA, 0x1A2D, 0x11CF, 0x1172,
    0x0934, 0x08F6, 0x08D8, 0x08B9, 0x08BA, 0x089B, 0x089C, 0x089C, 0x089D, 0x089D, 0x089D, 0x089E, 0x089E, 0x089E, 0x089E, 0x089E,
    0x2300, 0x2320, 0x2340, 0x2B61, 0x2B81, 0x2BA1, 0x2BC1, 0x2BC2, 0x33C2, 0x2BA3, 0x2BA4, 0x2B66, 0x2348, 0x1B0C, 0x1AAF, 0x1231,
    0x09D3, 0x0975, 0x0917, 0x08F9, 0x08DA, 0x08BB, 0x08BC, 0x08BC, 0x08BD, 0x08BD, 0x08BD, 0x08BE, 0x08BE, 0x08BE, 0x08BE, 0x08BE,
    0x2360, 0x2380, 0x2380, 0x23A1, 0x23C1, 0x2BE1, 0x2C01, 0x2C02, 0x2C22, 0x2C23, 0x2C04, 0x2BE5, 0x23C7, 0x23AB, 0x1B6D, 0x12F0,
    0x1292, 0x0A14, 0x0996, 0x0958, 0x0919, 0x08FA, 0x08FB, 0x08DC, 0x08DD, 0x08DD, 0x08BD, 0x08BE, 0x08BE, 0x08BE, 0x08BE, 0x08BE,
    0x23C0, 0x23C0, 0x23E1, 0x23E1, 0x2401, 0x2421, 0x2442, 0x2442, 0x2463, 0x2463, 0x2464, 0x2465, 0x2447, 0x2429, 0x23EC, 0x1BCF,
    0x1371, 0x12D3, 0x0A55, 0x09F7, 0x0998, 0x095A, 0x093B, 0x091C, 0x08FC, 0x08FD, 0x08DD, 0x08DD, 0x08DE, 0x08DE, 0x08DE, 0x08DE,
    0x1C20, 0x2421, 0x2421, 0x2441, 0x2461, 0x2462, 0x2482, 0x24A2, 0x24A3, 0x24A4, 0x24C5, 0x24C6, 0x24A7, 0x2489, 0x246B, 0x244E,
    0x1C10, 0x13B2, 0x1334, 0x0AB6, 0x0A37, 0x09D9, 0x099A, 0x095B, 0x093C, 0x091C, 0x091D, 0x08FD, 0x08FE, 0x08FE, 0x08FE, 0x08FE,
    0x1C61, 0x1C81, 0x1C81, 0x1C81, 0x1CA1, 0x24A2, 0x24C2, 0x24E3, 0x24E3, 0x24E4, 0x2505, 0x2506, 0x2508, 0x24E9, 0x24EB, 0x24CD,
    0x24B0, 0x1C72, 0x1C14, 0x1395, 0x0B17, 0x0A98, 0x0A39, 0x09DA, 0x099B, 0x097C, 0x093C, 0x093D, 0x091D, 0x091E, 0x091E, 0x091E,
    0x1CC1, 0x1CC1, 0x1CC1, 0x1CE1, 0x1CE2, 0x1D02, 0x1D03, 0x1D23, 0x2524, 0x2525, 0x2546, 0x2547, 0x2548, 0x2549, 0x252B, 0x252D,
    0x250F, 0x2511, 0x24D3, 0x1C75, 0x13F6, 0x1377, 0x0AF8, 0x0A99, 0x0A3A, 0x09DB, 0x09BC, 0x097D, 0x095D, 0x095D, 0x095D, 0x115E,
    0x1D21, 0x1D21, 0x1D21, 0x1D22, 0x1D22, 0x1D42, 0x1D43, 0x1D44, 0x1D44, 0x2566, 0x2567, 0x2568, 0x2589, 0x258A, 0x256B, 0x2D6D,
    0x2D6F, 0x2D71, 0x2D53, 0x2515, 0x1CD6, 0x1457, 0x13D8, 0x1359, 0x0ADA, 0x0A7A, 0x0A3B, 0x09DC, 0x09BC, 0x099D, 0x099D, 0x119D,
    0x1561, 0x1D61, 0x1D62, 0x1D62, 0x1D62, 0x1D63, 0x1D83, 0x1D84, 0x2585, 0x2586, 0x25A7, 0x25A8, 0x2DA9, 0x2DAB, 0x2DAC, 0x2DAD,
    0x2DAF, 0x35B1, 0x35B3, 0x2D94, 0x2556, 0x2517, 0x1C98, 0x1419, 0x13B9, 0x133A, 0x0ADB, 0x0A7B, 0x0A3C, 0x0A1C, 0x11FD, 0x11FD,
    0x15A1, 0x15A2, 0x1DA2, 0x1DA2, 0x1DA2, 0x1DA3, 0x1DA4, 0x1DC5, 0x25C6, 0x25C7, 0x25C8, 0x2DC9, 0x2DEA, 0x2DEB, 0x2DEC, 0x2DED,
    0x35EF, 0x3DF1, 0x3DF3, 0x3DF4, 0x35D6, 0x2D97, 0x2557, 0x1CF8, 0x1479, 0x13FA, 0x139A, 0x131B, 0x12DC, 0x129C, 0x127C, 0x127D,
    0x15E2, 0x15E2, 0x1DE2, 0x1DE3, 0x1DE3, 0x1DE4, 0x1DE4, 0x25E5, 0x25E6, 0x25E7, 0x2E08, 0x2E09, 0x2E0A, 0x2E0B, 0x2E0D, 0x2E0E,
    0x3610, 0x4611, 0x4613, 0x4615, 0x4616, 0x35F6, 0x2DB7, 0x2578, 0x1D39, 0x1CB9, 0x145A, 0x13DB, 0x139B, 0x133C, 0x131C, 0x12FD,
    0x1622, 0x1E02, 0x1E03, 0x1E03, 0x1E03, 0x1E04, 0x1E05, 0x2626, 0x2627, 0x2E28, 0x2E29, 0x2E2A, 0x2E2B, 0x2E2C, 0x2E2D, 0x362E,
    0x3E50, 0x4652, 0x4E53, 0x5655, 0x4E56, 0x4636, 0x3E17, 0x35F8, 0x2DB9, 0x2559, 0x1D1A, 0x1CBA, 0x1C5B, 0x13FC, 0x1BDC, 0x1B9C,
    0x1E43, 0x1E43, 0x1E43, 0x1E44, 0x1E44, 0x1E45, 0x2645, 0x2646, 0x2E47, 0x2E48, 0x2E49, 0x2E4A, 0x2E4B, 0x2E4C, 0x364D, 0x366F,
    0x3E70, 0x4672, 0x5674, 0x5E75, 0x5676, 0x4E77, 0x4657, 0x3E58, 0x3619, 0x2DF9, 0x259A, 0x255A, 0x1CFB, 0x1C9B, 0x1C7C, 0x1C3C,
    0x1E83, 0x1E63, 0x1E64, 0x1E64, 0x1E64, 0x2665, 0x2666, 0x2E67, 0x2E68, 0x2E69, 0x2E6A, 0x2E6B, 0x366C, 0x366D, 0x366E, 0x3E8F,
    0x4691, 0x4E92, 0x5694, 0x5EB5, 0x5EB6, 0x5E97, 0x5697, 0x4698, 0x3E78, 0x3E59, 0x2E1A, 0x25DA, 0x259B, 0x255B, 0x251B, 0x24DC,
    0x26A4, 0x26A4, 0x26A4, 0x2685, 0x2685, 0x2686, 0x2E87, 0x2E87, 0x2E88, 0x2E89, 0x368A, 0x368B, 0x368C, 0x368D, 0x36AE, 0x3EB0,
    0x46B1, 0x4EB3, 0x56B4, 0x66D5, 0x66D6, 0x66B7, 0x5EB7, 0x4EB8, 0x4699, 0x4699, 0x3E7A, 0x363A, 0x2DFA, 0x2DBB, 0x259B, 0x255C,
    0x26C4, 0x26C4, 0x26C5, 0x26C5, 0x26A6, 0x2EA6, 0x2EA7, 0x2EA8, 0x36A9, 0x36A9, 0x36AA, 0x36AB, 0x36AD, 0x36AE, 0x3ECF, 0x46D0,
    0x46D2, 0x56D3, 0x5ED4, 0x66D5, 0x66D6, 0x66D7, 0x66D8, 0x5ED8, 0x56D9, 0x4EB9, 0x46BA, 0x3EBA, 0x367A, 0x2E3B, 0x2E1B, 0x2DDB,
    0x2EE4, 0x2EE5, 0x2EE5, 0x2EE6, 0x2EE6, 0x2EE7, 0x36C7, 0x36C8, 0x36C9, 0x36CA, 0x36CB, 0x36CC, 0x36CD, 0x3ECE, 0x3ED0, 0x46D1,
    0x4EF2, 0x56F3, 0x5EF4, 0x66F5, 0x66F6, 0x6EF7, 0x66F8, 0x66F8, 0x5EF9, 0x56D9, 0x4EDA, 0x46DA, 0x3EBA, 0x3E9B, 0x365B, 0x363B,
    0x3705, 0x3705, 0x3706, 0x3706, 0x3706, 0x3707, 0x36E8, 0x36E8, 0x36E9, 0x36EA, 0x36EB, 0x36EC, 0x36ED, 0x3EEF, 0x46F0, 0x4EF1,
    0x56F2, 0x5EF4, 0x5EF5, 0x6716, 0x6F16, 0x6F17, 0x6F18, 0x6F18, 0x66F9, 0x5EF9, 0x56FA, 0x4EFA, 0x46FA, 0x46DB, 0x3EBB, 0x369B,
    0x3725, 0x3705, 0x3706, 0x3706, 0x3707, 0x3707, 0x3708, 0x3709, 0x370A, 0x370B, 0x370C, 0x370D, 0x3F0E, 0x470F, 0x4710, 0x4F12,
    0x5713, 0x5F14, 0x6715, 0x6716, 0x6F16, 0x6F17, 0x6F18, 0x6F18, 0x6719, 0x6719, 0x5F1A, 0x571A, 0x4F1A, 0x4EFB, 0x46FB, 0x3EDB,
    0x3F25, 0x3F25, 0x3F26, 0x3F26, 0x3F27, 0x3F28, 0x3728, 0x3729, 0x370A, 0x370B, 0x370C, 0x3F0D, 0x3F0E, 0x4710, 0x4F11, 0x5712,
    0x5F13, 0x6734, 0x6735, 0x6F36, 0x6F36, 0x6F37, 0x6F38, 0x6F39, 0x6F39, 0x6F3A, 0x673A, 0x5F3A, 0x571A, 0x571B, 0x4F1B, 0x471B,
    0x4020, 0x4020, 0x3821, 0x3821, 0x3821, 0x3822, 0x3022, 0x3023, 0x3024, 0x3004, 0x3005, 0x3006, 0x3007, 0x3008, 0x300A, 0x300C,
    0x302D, 0x302F, 0x3031, 0x3032, 0x3034, 0x3036, 0x3837, 0x3839, 0x383A, 0x383B, 0x383C, 0x303D, 0x303D, 0x283E, 0x283E, 0x203E,
    0x4040, 0x4020, 0x4021, 0x4021, 0x4021, 0x3822, 0x3822, 0x3823, 0x3824, 0x3025, 0x3026, 0x3027, 0x3028, 0x3029, 0x302B, 0x302C,
    0x302E, 0x3030, 0x3031, 0x3033, 0x3035, 0x3037, 0x3038, 0x303A, 0x303B, 0x303C, 0x303C, 0x283D, 0x283D, 0x203E, 0x203E, 0x203E,
    0x4060, 0x4040, 0x4820, 0x4821, 0x4021, 0x4022, 0x4022, 0x3823, 0x3824, 0x3825, 0x3826, 0x3827, 0x3828, 0x382A, 0x382B, 0x382D,
    0x302F, 0x3031, 0x3032, 0x3034, 0x3036, 0x3037, 0x3039, 0x303A, 0x303B, 0x283C, 0x283D, 0x203D, 0x203D, 0x203E, 0x203E, 0x203E,
    0x4080, 0x4080, 0x4860, 0x4841, 0x4841, 0x4842, 0x4022, 0x4023, 0x4024, 0x4025, 0x4026, 0x3828, 0x3829, 0x382B, 0x382C, 0x382E,
    0x3030, 0x3031, 0x3033, 0x3035, 0x3037, 0x3038, 0x2839, 0x283A, 0x283B, 0x203C, 0x203D, 0x203D, 0x203D, 0x203E, 0x203E, 0x203E,
    0x38A0, 0x40A0, 0x40A0, 0x4860, 0x5041, 0x4841, 0x4842, 0x4843, 0x4044, 0x4025, 0x4027, 0x4028, 0x402A, 0x382B, 0x382D, 0x302F,
    0x3031, 0x3032, 0x3034, 0x2836, 0x2837, 0x2839, 0x283A, 0x203B, 0x203C, 0x203C, 0x203D, 0x203D, 0x203E, 0x203E, 0x203E, 0x205E,
    0x38E0, 0x40E0, 0x40C0, 0x48C0, 0x48A1, 0x4881, 0x4862, 0x4843, 0x4844, 0x4045, 0x4047, 0x4049, 0x384A, 0x382C, 0x302E, 0x3030,
    0x3032, 0x2833, 0x2835, 0x2837, 0x2038, 0x2039, 0x205A, 0x205B, 0x185C, 0x185D, 0x185D, 0x185D, 0x185E, 0x185E, 0x205E, 0x205E,
    0x3900, 0x4100, 0x4100, 0x4900, 0x48E0, 0x48A1, 0x4881, 0x4882, 0x4864, 0x4865, 0x4067, 0x4049, 0x384B, 0x304D, 0x304F, 0x2851,
    0x2852, 0x2054, 0x2056, 0x2057, 0x2059, 0x185A, 0x185B, 0x185C, 0x185C, 0x185D, 0x185D, 0x185D, 0x185E, 0x185E, 0x185E, 0x185E,
    0x3940, 0x3960, 0x4160, 0x4160, 0x4940, 0x4921, 0x4901, 0x48C2, 0x48A3, 0x40A5, 0x4087, 0x3869, 0x306B, 0x304D, 0x284F, 0x2051,
    0x2053, 0x2055, 0x1857, 0x1858, 0x1859, 0x185A, 0x105B, 0x105C, 0x105C, 0x105D, 0x105D, 0x185D, 0x185E, 0x185E, 0x185E, 0x185E,
    0x3180, 0x39A0, 0x39A0, 0x41C0, 0x41A0, 0x4981, 0x4961, 0x4942, 0x4903, 0x40E5, 0x40C7, 0x38A9, 0x308B, 0x286E, 0x2070, 0x2052,
    0x1854, 0x1856, 0x1057, 0x1059, 0x105A, 0x105B, 0x105C, 0x105C, 0x105D, 0x105D, 0x105D, 0x105E, 0x107E, 0x107E, 0x107E, 0x107E,
    0x31C0, 0x39E0, 0x3A00, 0x3A20, 0x4221, 0x4221, 0x4201, 0x41C2, 0x41A4, 0x4165, 0x3947, 0x3109, 0x28CB, 0x20AE, 0x2090, 0x1872,
    0x1874, 0x1076, 0x1078, 0x1079, 0x107A, 0x107B, 0x107C, 0x107C, 0x107D, 0x107D, 0x107D, 0x107E, 0x107E, 0x107E, 0x107E, 0x107E,
    0x3220, 0x3240, 0x3A60, 0x3A80, 0x3AA1, 0x42A1, 0x4282, 0x4262, 0x4244, 0x3A05, 0x39C7, 0x3189, 0x294B, 0x210D, 0x18D0, 0x18B2,
    0x1095, 0x1076, 0x0878, 0x0879, 0x087A, 0x087B, 0x087C, 0x087C, 0x087D, 0x087D, 0x087D, 0x087E, 0x087E, 0x107E, 0x107E, 0x107E,
    0x3260, 0x32A0, 0x32C0, 0x32E1, 0x3B01, 0x3B01, 0x4301, 0x42E2, 0x42C3, 0x3AA4, 0x3A66, 0x3229, 0x29EB, 0x218D, 0x192F, 0x10F2,
    0x10D4, 0x10B6, 0x0898, 0x0899, 0x087A, 0x087B, 0x087C, 0x087C, 0x087D, 0x087D, 0x087D, 0x087E, 0x089E, 0x089E, 0x109E, 0x109E,
    0x2AA0, 0x2AE0, 0x3300, 0x3321, 0x3341, 0x3B61, 0x3B61, 0x4362, 0x4362, 0x3B24, 0x3305, 0x32C8, 0x2A8A, 0x222D, 0x19CF, 0x1171,
    0x1133, 0x10F6, 0x08B8, 0x08B9, 0x089A, 0x089B, 0x089C, 0x089C, 0x089D, 0x089D, 0x089D, 0x089E, 0x089E, 0x089E, 0x109E, 0x109E,
    0x2B00, 0x2B20, 0x2B40, 0x3361, 0x3381, 0x33A1, 0x3BC1, 0x3BC2, 0x3BC2, 0x3BA3, 0x3B84, 0x3366, 0x3328, 0x2AEB, 0x22AE, 0x1A30,
    0x11B3, 0x1155, 0x0917, 0x08D9, 0x08BA, 0x08BB, 0x08BC, 0x08BC, 0x089D, 0x089D, 0x089D, 0x089E, 0x08BE, 0x08BE, 0x10BE, 0x10BE,
    0x2B60, 0x2B80, 0x2B80, 0x2BA1, 0x2BC1, 0x33E1, 0x3401, 0x3402, 0x3C22, 0x3C23, 0x3404, 0x33E5, 0x33C7, 0x2B8A, 0x234D, 0x1AEF,
    0x1A72, 0x11F4, 0x0996, 0x0938, 0x0919, 0x08DA, 0x08DB, 0x08DC, 0x08BD, 0x08BD, 0x08BD, 0x08BE, 0x08BE, 0x08BE, 0x10BE, 0x10BE,
    0x23C0, 0x2BC0, 0x2BE1, 0x2C01, 0x2C01, 0x2C21, 0x3442, 0x3442, 0x3462, 0x3463, 0x3464, 0x3465, 0x3447, 0x2C29, 0x2BEB, 0x23AE,
    0x1B51, 0x12D3, 0x1255, 0x09D7, 0x0978, 0x093A, 0x091B, 0x08FC, 0x08DC, 0x08DD, 0x08DD, 0x08DD, 0x08DE, 0x08DE, 0x10DE, 0x10DE,
    0x2400, 0x2421, 0x2421, 0x2441, 0x2C61, 0x2C61, 0x2C82, 0x2C82, 0x2CA3, 0x2CA4, 0x2CC4, 0x34C6, 0x34A7, 0x2C88, 0x2C6A, 0x2C4D,
    0x2410, 0x1B92, 0x1314, 0x1296, 0x0A17, 0x09B9, 0x097A, 0x093B, 0x091C, 0x08FC, 0x08FD, 0x08FD, 0x08FE, 0x08FE, 0x10FE, 0x10FE,
    0x2461, 0x2461, 0x2461, 0x2481, 0x24A1, 0x24A2, 0x2CC2, 0x2CC3, 0x2CE3, 0x2CE4, 0x2D05, 0x2D06, 0x2D08, 0x2CE9, 0x2CCB, 0x2CCD,
    0x2C8F, 0x2471, 0x1C14, 0x1375, 0x12F7, 0x0A58, 0x09F9, 0x09BA, 0x097B, 0x093C, 0x093D, 0x091D, 0x091D, 0x091E, 0x111E, 0x111E,
    0x24C1, 0x24C1, 0x24C1, 0x24C1, 0x24E2, 0x24E2, 0x2502, 0x2503, 0x2D24, 0x2D25, 0x2D26, 0x2D47, 0x2D48, 0x354A, 0x352B, 0x2D0D,
    0x2D0F, 0x2CF1, 0x24B3, 0x1C55, 0x1BD6, 0x1337, 0x12B9, 0x0A5A, 0x09FA, 0x09BB, 0x097C, 0x095D, 0x095D, 0x115D, 0x115D, 0x115D,
    0x1D21, 0x1D21, 0x2521, 0x2522, 0x2522, 0x2522, 0x2543, 0x2544, 0x2544, 0x2D66, 0x2D67, 0x2D68, 0x3569, 0x356A, 0x356C, 0x356D,
    0x354F, 0x3551, 0x3533, 0x2D14, 0x24B6, 0x1C37, 0x13B8, 0x1319, 0x0ABA, 0x0A3B, 0x09FB, 0x09BC, 0x099C, 0x119D, 0x119D, 0x119D,
    0x1D61, 0x1D61, 0x1D62, 0x2562, 0x2562, 0x2563, 0x2563, 0x2584, 0x2585, 0x2D86, 0x2DA8, 0x35A9, 0x35AA, 0x35AB, 0x35AC, 0x35AD,
    0x35AF, 0x3DB1, 0x3D92, 0x3594, 0x2D56, 0x24F7, 0x1C78, 0x13F9, 0x1379, 0x12FA, 0x129B, 0x125B, 0x123C, 0x11FC, 0x121D, 0x1A1D,
    0x1DA2, 0x1DA2, 0x1DA2, 0x1DA2, 0x1DA2, 0x25A3, 0x25A4, 0x25A5, 0x2DC6, 0x2DC7, 0x35C8, 0x35CA, 0x35EB, 0x35EC, 0x35ED, 0x35EE,
    0x35EF, 0x3DF1, 0x45D3, 0x45D4, 0x3DB5, 0x2D96, 0x2537, 0x1CD8, 0x1C59, 0x13DA, 0x135A, 0x12FB, 0x12BB, 0x129C, 0x129C, 0x1A9D,
    0x1DE2, 0x1DE2, 0x1DE2, 0x1DC3, 0x1DC3, 0x25E4, 0x25E4, 0x25E6, 0x2DE7, 0x2DE8, 0x35E9, 0x360A, 0x360B, 0x360C, 0x360D, 0x360E,
    0x3E0F, 0x4611, 0x4E13, 0x4E14, 0x4616, 0x3DF6, 0x35B7, 0x2D78, 0x2519, 0x1C99, 0x1C3A, 0x13BB, 0x137B, 0x133C, 0x1B3C, 0x1B1C,
    0x1E02, 0x1E03, 0x1E03, 0x1E03, 0x1E03, 0x2604, 0x2605, 0x2E06, 0x2E07, 0x3628, 0x3629, 0x3E2A, 0x3E2B, 0x3E2C, 0x362D, 0x362E,
    0x3E30, 0x4651, 0x4E53, 0x5655, 0x5656, 0x4E36, 0x4637, 0x35F8, 0x2DB9, 0x2559, 0x24FA, 0x1C9A, 0x1C3B, 0x1BFB, 0x1BDC, 0x23BC,
    0x1E43, 0x1E43, 0x2643, 0x2644, 0x2624, 0x2645, 0x2E46, 0x2E47, 0x3648, 0x3649, 0x3E4A, 0x3E4B, 0x3E4C, 0x3E4D, 0x3E4E, 0x3E4F,
    0x3E70, 0x4672, 0x5673, 0x5E75, 0x5E76, 0x5677, 0x4E77, 0x4658, 0x3E19, 0x35D9, 0x2D9A, 0x253A, 0x24FB, 0x249B, 0x247C, 0x245C,
    0x2663, 0x2664, 0x2664, 0x2664, 0x2665, 0x2E66, 0x2E66, 0x3667, 0x3668, 0x3E69, 0x3E6A, 0x3E6B, 0x3E6C, 0x3E6D, 0x3E6E, 0x3E6F,
    0x4691, 0x4E92, 0x5693, 0x66B5, 0x66B6, 0x66B7, 0x5E97, 0x4E98, 0x4678, 0x3E59, 0x361A, 0x2DDA, 0x2D9A, 0x255B, 0x2D1B, 0x2CFC,
    0x26A4, 0x2684, 0x2684, 0x2E85, 0x2E85, 0x2E86, 0x3687, 0x3688, 0x3E89, 0x3E8A, 0x3E8B, 0x3E8C, 0x3E8D, 0x3E8D, 0x3E8F, 0x46B0,
    0x46B1, 0x4EB2, 0x5EB4, 0x66B5, 0x6ED6, 0x6ED7, 0x66B8, 0x5EB8, 0x4E99, 0x4699, 0x3E7A, 0x363A, 0x35FA, 0x2DBB, 0x2D9B, 0x2D7B,
    0x2EC4, 0x2EC5, 0x2EA5, 0x2EA6, 0x2EA6, 0x36A7, 0x36A8, 0x3EA8, 0x3EA9, 0x3EAA, 0x3EAB, 0x3EAC, 0x3EAD, 0x3EAE, 0x3EAF, 0x46D0,
    0x4ED1, 0x56D3, 0x5ED4, 0x66D5, 0x6ED6, 0x6ED7, 0x6ED8, 0x66D8, 0x5ED9, 0x56B9, 0x4EBA, 0x46BA, 0x3E7A, 0x363B, 0x361B, 0x35FB,
    0x36E5, 0x36E5, 0x36E6, 0x36C6, 0x36C7, 0x3EC7, 0x3EC8, 0x3EC9, 0x3EC9, 0x3ECA, 0x3ECB, 0x3ECC, 0x3ECD, 0x3ECE, 0x46D0, 0x4ED1,
    0x56D2, 0x56F3, 0x5EF4, 0x66F5, 0x6EF6, 0x6EF7, 0x6EF8, 0x6EF8, 0x66F9, 0x5ED9, 0x56DA, 0x4EDA, 0x46BA, 0x3E9B, 0x3E7B, 0x3E3B,
    0x3F05, 0x3F06, 0x3F06, 0x3EE6, 0x3EE7, 0x3EE7, 0x3EE8, 0x3EE9, 0x3EEA, 0x3EEB, 0x3EEC, 0x3EED, 0x3EEE, 0x46EF, 0x46F0, 0x4EF1,
    0x56F2, 0x5EF4, 0x66F5, 0x6F16, 0x6F16, 0x7717, 0x7718, 0x6F18, 0x6F19, 0x66F9, 0x5EFA, 0x56FA, 0x4EFA, 0x4EDB, 0x46BB, 0x3E9B,
    0x4705, 0x4706, 0x4706, 0x4706, 0x4707, 0x4708, 0x4708, 0x3F09, 0x3F0A, 0x3F0B, 0x3F0C, 0x3F0D, 0x470E, 0x470F, 0x4F11, 0x5712,
    0x5F13, 0x6714, 0x6715, 0x6F16, 0x6F16, 0x7717, 0x7718, 0x7719, 0x6F19, 0x6F1A, 0x671A, 0x5F1A, 0x5F1A, 0x56FB, 0x4EFB, 0x46DB,
    0x4725, 0x4726, 0x4726, 0x4727, 0x4727, 0x4728, 0x4708, 0x3F09, 0x3F0A, 0x3F0B, 0x3F0C, 0x3F0D, 0x470F, 0x4F10, 0x5711, 0x5F12,
    0x6713, 0x6734, 0x6F35, 0x6F36, 0x7737, 0x7737, 0x7738, 0x7739, 0x7739, 0x773A, 0x6F3A, 0x6F3A, 0x673A, 0x5F1B, 0x571B, 0x4F1B,
    0x4820, 0x4820, 0x4021, 0x4021, 0x4021, 0x4022, 0x3823, 0x3823, 0x3824, 0x3824, 0x3825, 0x3806, 0x3807, 0x3808, 0x380A, 0x382B,
    0x382D, 0x402E, 0x4030, 0x4032, 0x4033, 0x4035, 0x4037, 0x4038, 0x4039, 0x483A, 0x403B, 0x403C, 0x383D, 0x303D, 0x303E, 0x303E,
    0x4840, 0x4840, 0x4821, 0x4821, 0x4821, 0x4022, 0x4022, 0x4023, 0x4024, 0x4025, 0x4026, 0x3827, 0x3828, 0x4029, 0x402A, 0x402C,
    0x402D, 0x402F, 0x4031, 0x4032, 0x4034, 0x4036, 0x4037, 0x4039, 0x403A, 0x403B, 0x403C, 0x383D, 0x303D, 0x303D, 0x303E, 0x303E,
    0x4860, 0x4840, 0x5020, 0x5021, 0x4821, 0x4822, 0x4822, 0x4823, 0x4024, 0x4025, 0x4026, 0x4027, 0x4028, 0x4029, 0x402B, 0x402D,
    0x402E, 0x4030, 0x4031, 0x4033, 0x4035, 0x4036, 0x4038, 0x4039, 0x403A, 0x383B, 0x383C, 0x303D, 0x303D, 0x283E, 0x283E, 0x303E,
    0x4080, 0x4880, 0x5060, 0x5041, 0x5041, 0x5041, 0x5022, 0x4823, 0x4824, 0x4825, 0x4826, 0x4827, 0x4829, 0x482A, 0x482C, 0x402D,
    0x402F, 0x4031, 0x4032, 0x4034, 0x4036, 0x3837, 0x3839, 0x383A, 0x383B, 0x303C, 0x303C, 0x283D, 0x283D, 0x283E, 0x283E, 0x283E,
    0x40A0, 0x48A0, 0x5080, 0x5060, 0x5841, 0x5041, 0x5042, 0x5043, 0x5044, 0x5045, 0x5026, 0x4828, 0x4829, 0x482B, 0x482C, 0x402E,
    0x4030, 0x4031, 0x4033, 0x4035, 0x3836, 0x3838, 0x3839, 0x303A, 0x303B, 0x283C, 0x283D, 0x283D, 0x283D, 0x283E, 0x285E, 0x285E,
    0x40E0, 0x48E0, 0x48C0, 0x50A0, 0x5081, 0x5861, 0x5061, 0x5042, 0x5044, 0x5045, 0x5046, 0x5048, 0x504A, 0x484B, 0x484D, 0x404F,
    0x4051, 0x3852, 0x3854, 0x3856, 0x3057, 0x3059, 0x305A, 0x285B, 0x285C, 0x205C, 0x205D, 0x205D, 0x205D, 0x205E, 0x285E, 0x285E,
    0x4100, 0x4100, 0x4900, 0x5100, 0x50E1, 0x58A1, 0x5881, 0x5062, 0x5063, 0x5065, 0x5046, 0x5048, 0x504A, 0x484C, 0x484E, 0x4050,
    0x3851, 0x3853, 0x3055, 0x3056, 0x2858, 0x2859, 0x285A, 0x205B, 0x205C, 0x205C, 0x205D, 0x205D, 0x205D, 0x205E, 0x205E, 0x205E,
    0x4140, 0x4140, 0x4960, 0x4940, 0x5140, 0x5101, 0x50E1, 0x50C2, 0x50A3, 0x5085, 0x5086, 0x5068, 0x486A, 0x406C, 0x404E, 0x3850,
    0x3052, 0x3054, 0x2856, 0x2857, 0x2059, 0x205A, 0x205B, 0x205B, 0x185C, 0x185D, 0x185D, 0x185D, 0x205D, 0x205E, 0x205E, 0x205E,
    0x3980, 0x41A0, 0x41A0, 0x49A0, 0x51A0, 0x5181, 0x5161, 0x5122, 0x50E3, 0x50C4, 0x50C6, 0x48A8, 0x488B, 0x406D, 0x386F, 0x3071,
    0x2853, 0x2855, 0x2056, 0x2058, 0x1859, 0x185A, 0x185B, 0x185C, 0x185C, 0x185D, 0x185D, 0x185D, 0x185E, 0x187E, 0x187E, 0x187E,
    0x39C0, 0x41E0, 0x4200, 0x4A00, 0x4A21, 0x5201, 0x51E1, 0x51A2, 0x5183, 0x5144, 0x4926, 0x4908, 0x40EB, 0x38AD, 0x308F, 0x2871,
    0x2073, 0x2075, 0x1877, 0x1858, 0x185A, 0x105A, 0x105B, 0x105C, 0x107C, 0x107D, 0x107D, 0x187D, 0x187E, 0x187E, 0x187E, 0x187E,
    0x3A00, 0x3A40, 0x4260, 0x4280, 0x4A81, 0x4A81, 0x5261, 0x5242, 0x5223, 0x49E4, 0x49A6, 0x4188, 0x414B, 0x390D, 0x28CF, 0x20B1,
    0x2093, 0x1876, 0x1077, 0x1079, 0x107A, 0x107B, 0x107B, 0x107C, 0x107D, 0x107D, 0x107D, 0x107E, 0x107E, 0x107E, 0x107E, 0x107E,
    0x3A60, 0x3A80, 0x3AA0, 0x42E1, 0x42E1, 0x4B01, 0x4AE1, 0x4AC2, 0x4AA3, 0x4A84, 0x4A46, 0x4228, 0x39EA, 0x318C, 0x294F, 0x20F1,
    0x18D3, 0x10B5, 0x1097, 0x1079, 0x107A, 0x107B, 0x087C, 0x087C, 0x107D, 0x107D, 0x107D, 0x107E, 0x107E, 0x109E, 0x109E, 0x109E,
    0x32A0, 0x3AE0, 0x3B00, 0x3B21, 0x4341, 0x4361, 0x4361, 0x4B62, 0x4B43, 0x4B24, 0x4AE6, 0x42C8, 0x3A8A, 0x322C, 0x29CE, 0x2170,
    0x1913, 0x10F5, 0x10B7, 0x1099, 0x089A, 0x089B, 0x089C, 0x089C, 0x089D, 0x089D, 0x089D, 0x089D, 0x109E, 0x109E, 0x109E, 0x109E,
    0x3300, 0x3320, 0x3B40, 0x3B81, 0x3BA1, 0x3BA1, 0x43C1, 0x43C2, 0x4BC2, 0x4BA3, 0x4B85, 0x4347, 0x3B29, 0x32EB, 0x2A8E, 0x2210,
    0x19B2, 0x1154, 0x1116, 0x10D8, 0x08BA, 0x08BB, 0x089C, 0x089C, 0x089D, 0x089D, 0x089D, 0x089D, 0x109E, 0x109E, 0x109E, 0x10BE,
    0x3360, 0x3380, 0x33A1, 0x33C1, 0x3BE1, 0x3BE1, 0x3C01, 0x4402, 0x4422, 0x4C23, 0x4C04, 0x43E6, 0x3BA8, 0x3B8A, 0x334D, 0x2ACF,
    0x2271, 0x19F3, 0x1176, 0x1138, 0x08F9, 0x08DA, 0x08BB, 0x08BC, 0x08BD, 0x08BD, 0x08BD, 0x08BD, 0x08BE, 0x10BE, 0x10BE, 0x10BE,
    0x2BC0, 0x33C0, 0x33E1, 0x3401, 0x3421, 0x3421, 0x3C42, 0x3C42, 0x4462, 0x4463, 0x4464, 0x4445, 0x3C27, 0x3C09, 0x3BEB, 0x33AE,
    0x2351, 0x1AB3, 0x1235, 0x11B6, 0x0958, 0x091A, 0x08FB, 0x08DC, 0x08DC, 0x08DD, 0x08DD, 0x08DD, 0x08DE, 0x10DE, 0x10DE, 0x10DE,
    0x2C00, 0x2C21, 0x2C21, 0x2C41, 0x3461, 0x3461, 0x3482, 0x3C82, 0x3CA3, 0x3CA3, 0x44A4, 0x3CA6, 0x3CA7, 0x3C88, 0x3C6B, 0x344D,
    0x2BF0, 0x2392, 0x1B14, 0x1276, 0x11F7, 0x0999, 0x095A, 0x091B, 0x08FC, 0x08FD, 0x08FD, 0x08DD, 0x10DD, 0x10DE, 0x10DE, 0x10DE,
    0x2C61, 0x2C61, 0x2C61, 0x2C81, 0x2CA1, 0x34A2, 0x34C2, 0x34C2, 0x3CE3, 0x3CE4, 0x3D05, 0x3D06, 0x3D08, 0x3CE9, 0x3CCB, 0x3CAD,
    0x348F, 0x2C51, 0x23F3, 0x1B55, 0x12D6, 0x1238, 0x09D9, 0x097B, 0x095B, 0x093C, 0x091D, 0x091D, 0x111D, 0x111D, 0x111D, 0x111D,
    0x24C1, 0x24C1, 0x2CC1, 0x2CC1, 0x2CE2, 0x2CE2, 0x2D02, 0x3503, 0x3524, 0x3524, 0x3D25, 0x3D47, 0x3D48, 0x3D4A, 0x3D2B, 0x3D0D,
    0x3D0E, 0x34F1, 0x2CB3, 0x2434, 0x1BB6, 0x12F7, 0x1299, 0x0A1A, 0x09DB, 0x099B, 0x097C, 0x115C, 0x115D, 0x113D, 0x115D, 0x195D,
    0x2501, 0x2501, 0x2501, 0x2522, 0x2D22, 0x2D22, 0x2D43, 0x2D43, 0x3544, 0x3565, 0x3D66, 0x3D68, 0x3D69, 0x458B, 0x456C, 0x3D6D,
    0x3D4F, 0x3D50, 0x3D32, 0x2D14, 0x2496, 0x1C17, 0x1378, 0x12D9, 0x127A, 0x121B, 0x11DB, 0x11BC, 0x119C, 0x119D, 0x199D, 0x19BD,
    0x2541, 0x2541, 0x2542, 0x2542, 0x2562, 0x2D63, 0x2D63, 0x2D84, 0x3585, 0x3586, 0x3D87, 0x3DA9, 0x45AA, 0x45AC, 0x45AD, 0x45AE,
    0x45AF, 0x4590, 0x4592, 0x3D74, 0x3555, 0x24D6, 0x2458, 0x1BB8, 0x1339, 0x12BA, 0x127B, 0x123B, 0x121C, 0x121C, 0x1A1C, 0x1A1D,
    0x25A2, 0x25A2, 0x25A2, 0x2582, 0x2582, 0x2DA3, 0x2DA4, 0x2DA5, 0x35A6, 0x35C7, 0x3DC8, 0x45CA, 0x45EB, 0x45EC, 0x45ED, 0x45EE,
    0x45EF, 0x45D1, 0x45D2, 0x4DD4, 0x45B5, 0x3596, 0x2D37, 0x24B8, 0x1C39, 0x139A, 0x133A, 0x12DB, 0x12BB, 0x1A9C, 0x1A9C, 0x22BC,
    0x25E2, 0x25C2, 0x25C2, 0x25C3, 0x25C3, 0x2DC4, 0x2DE4, 0x2DE5, 0x35E7, 0x3DE8, 0x3DE9, 0x460A, 0x460C, 0x460D, 0x460E, 0x460F,
    0x4610, 0x4611, 0x4E12, 0x5614, 0x4E15, 0x45F6, 0x3DB7, 0x2D58, 0x24F9, 0x1C79, 0x1C1A, 0x1BBB, 0x1B7B, 0x1B3C, 0x233C, 0x235C,
    0x2602, 0x2603, 0x2603, 0x2603, 0x2603, 0x2E04, 0x2E05, 0x3606, 0x3E07, 0x3E29, 0x462A, 0x462B, 0x462C, 0x462D, 0x462E, 0x462F,
    0x4630, 0x4E31, 0x5653, 0x5E54, 0x5E56, 0x5636, 0x4E37, 0x3DF8, 0x35B9, 0x2D59, 0x24DA, 0x247A, 0x243B, 0x23FB, 0x23FC, 0x2BFC,
    0x2643, 0x2643, 0x2643, 0x2624, 0x2624, 0x2E25, 0x3626, 0x3647, 0x3E48, 0x4649, 0x464A, 0x464B, 0x464C, 0x464D, 0x464E, 0x464F,
    0x4650, 0x4E72, 0x5673, 0x5E75, 0x6676, 0x5E77, 0x5677, 0x4E58, 0x4618, 0x35D9, 0x2D7A, 0x2D3A, 0x24FB, 0x24BB, 0x2C9B, 0x2C7C,
    0x2E63, 0x2E64, 0x2E64, 0x2E64, 0x2E65, 0x3666, 0x3667, 0x3E68, 0x4669, 0x466A, 0x466B, 0x466C, 0x466D, 0x466E, 0x466F, 0x4670,
    0x4E91, 0x4E92, 0x5693, 0x6695, 0x6EB6, 0x6EB7, 0x6697, 0x5698, 0x4E79, 0x4659, 0x3E1A, 0x35DA, 0x2D9A, 0x2D5B, 0x353B, 0x351B,
    0x3684, 0x3684, 0x3685, 0x3685, 0x3686, 0x3686, 0x3E87, 0x4688, 0x4689, 0x468A, 0x468B, 0x468C, 0x468D, 0x468E, 0x468F, 0x4EB0,
    0x4EB1, 0x56B2, 0x5EB4, 0x66B5, 0x6EB6, 0x6ED7, 0x6EB8, 0x66B8, 0x5EB9, 0x4E99, 0x467A, 0x3E3A, 0x3DFA, 0x35DB, 0x35BB, 0x3D9B,
    0x3EC5, 0x36A5, 0x36A5, 0x36A6, 0x3EA6, 0x3EA7, 0x46A8, 0x46A9, 0x46A9, 0x4EAA, 0x46AB, 0x46AC, 0x46AD, 0x46AE, 0x4EAF, 0x4ED1,
    0x56D2, 0x56D3, 0x5ED4, 0x66D5, 0x6ED6, 0x76D7, 0x76D8, 0x6ED8, 0x66D9, 0x5ED9, 0x56BA, 0x4EBA, 0x467A, 0x3E3B, 0x3E1B, 0x3DFB,
    0x46E5, 0x46C5, 0x46C6, 0x46C6, 0x46C7, 0x46C7, 0x46C8, 0x46C9, 0x4ECA, 0x46CB, 0x46CC, 0x46CD, 0x46CE, 0x4ECF, 0x4ED0, 0x56D1,
    0x56D2, 0x5EF3, 0x66F4, 0x6EF5, 0x76F6, 0x76F7, 0x76F8, 0x76F8, 0x6EF9, 0x66F9, 0x5EDA, 0x56DA, 0x4EBA, 0x469B, 0x467B, 0x465B,
    0x4F05, 0x4EE6, 0x4EE6, 0x4EE7, 0x4EE7, 0x4EE8, 0x4EE8, 0x4EE9, 0x4EEA, 0x46EB, 0x46EC, 0x46ED, 0x4EEE, 0x4EEF, 0x56F0, 0x56F1,
    0x5EF3, 0x66F4, 0x6EF5, 0x6F16, 0x7716, 0x7717, 0x7F18, 0x7F18, 0x7719, 0x6F1A, 0x6EFA, 0x66FA, 0x56FA, 0x4EDB, 0x4EBB, 0x469B,
    0x5705, 0x4F06, 0x4F06, 0x4F07, 0x4F07, 0x4F08, 0x4F08, 0x4F09, 0x470A, 0x470B, 0x46EC, 0x46ED, 0x4F0E, 0x4F10, 0x5711, 0x5F12,
    0x6713, 0x6F14, 0x6F15, 0x7716, 0x7716, 0x7F17, 0x7F18, 0x7F19, 0x7F19, 0x771A, 0x771A, 0x6F1A, 0x671A, 0x5F1B, 0x56FB, 0x4EDB,
    0x5725, 0x5726, 0x5726, 0x5727, 0x5727, 0x5708, 0x4F09, 0x4F0A, 0x470B, 0x470C, 0x470D, 0x4F0E, 0x4F0F, 0x5710, 0x5F11, 0x6712,
    0x6713, 0x6F34, 0x7735, 0x7736, 0x7F37, 0x7F37, 0x7F38, 0x7F39, 0x7F39, 0x7F3A, 0x7F3A, 0x773A, 0x6F3B, 0x673B, 0x5F1B, 0x571B,
    0x5020, 0x5020, 0x5021, 0x4821, 0x4821, 0x4822, 0x4823, 0x4023, 0x4024, 0x4024, 0x4025, 0x4026, 0x4027, 0x4028, 0x4029, 0x482B,
    0x482C, 0x482E, 0x482F, 0x4831, 0x4833, 0x4834, 0x4836, 0x5037, 0x5039, 0x503A, 0x503B, 0x503C, 0x483C, 0x403D, 0x383D, 0x383E,
    0x5040, 0x5040, 0x5021, 0x5021, 0x5021, 0x5022, 0x4822, 0x4823, 0x4824, 0x4825, 0x4825, 0x4826, 0x4827, 0x4829, 0x482A, 0x482B,
    0x482D, 0x482E, 0x4830, 0x4832, 0x4833, 0x4835, 0x5036, 0x5038, 0x5039, 0x503A, 0x483B, 0x483C, 0x403D, 0x383D, 0x383E, 0x383E,
    0x5060, 0x5840, 0x5840, 0x5821, 0x5821, 0x5022, 0x5022, 0x5023, 0x5024, 0x5025, 0x5026, 0x5027, 0x5028, 0x5029, 0x502A, 0x502C,
    0x502D, 0x502F, 0x5031, 0x5032, 0x5034, 0x5036, 0x5037, 0x5038, 0x483A, 0x483B, 0x403C, 0x403C, 0x383D, 0x383D, 0x383E, 0x383E,
    0x4880, 0x5080, 0x5860, 0x5841, 0x5841, 0x5841, 0x5822, 0x5823, 0x5024, 0x5025, 0x5026, 0x5027, 0x5028, 0x502A, 0x502B, 0x502D,
    0x502E, 0x5030, 0x5031, 0x5033, 0x4835, 0x4836, 0x4838, 0x4839, 0x403A, 0x403B, 0x383C, 0x383D, 0x383D, 0x303D, 0x383E, 0x383E,
    0x48C0, 0x50A0, 0x5880, 0x5861, 0x6041, 0x6041, 0x5842, 0x5843, 0x5843, 0x5845, 0x5846, 0x5827, 0x5828, 0x582A, 0x582C, 0x582D,
    0x502F, 0x5031, 0x5032, 0x5034, 0x4836, 0x4837, 0x4838, 0x403A, 0x403B, 0x383C, 0x383C, 0x303D, 0x303D, 0x303D, 0x305E, 0x385E,
    0x48E0, 0x50E0, 0x50C0, 0x58A0, 0x6081, 0x6061, 0x6041, 0x6042, 0x5843, 0x5844, 0x5846, 0x5847, 0x6049, 0x584A, 0x584C, 0x584E,
    0x5050, 0x5051, 0x4853, 0x4855, 0x4856, 0x4058, 0x4059, 0x385A, 0x385B, 0x305C, 0x305C, 0x305D, 0x305D, 0x305D, 0x305E, 0x305E,
    0x4900, 0x4900, 0x5100, 0x58E0, 0x58C1, 0x60A1, 0x6081, 0x6062, 0x6063, 0x6064, 0x6046, 0x6047, 0x6049, 0x604B, 0x584D, 0x504F,
    0x5050, 0x4852, 0x4854, 0x4056, 0x4057, 0x3858, 0x3859, 0x305A, 0x305B, 0x285C, 0x285D, 0x285D, 0x285D, 0x285D, 0x285E, 0x285E,
    0x4140, 0x4940, 0x5140, 0x5940, 0x5920, 0x6101, 0x60E1, 0x60A2, 0x6083, 0x6084, 0x6066, 0x6067, 0x6069, 0x586B, 0x584D, 0x504F,
    0x4851, 0x4053, 0x4055, 0x3856, 0x3858, 0x3059, 0x285A, 0x285B, 0x285C, 0x285C, 0x285D, 0x285D, 0x285D, 0x285E, 0x285E, 0x285E,
    0x4180, 0x4980, 0x51A0, 0x51A0, 0x5980, 0x5961, 0x6141, 0x6102, 0x60E2, 0x60C4, 0x58A5, 0x60A8, 0x588A, 0x588C, 0x506E, 0x4870,
    0x4052, 0x3854, 0x3055, 0x3057, 0x2858, 0x2859, 0x205A, 0x205B, 0x205C, 0x205C, 0x205D, 0x205D, 0x205D, 0x205E, 0x207E, 0x207E,
    0x41C0, 0x49E0, 0x4A00, 0x5200, 0x5A01, 0x59E1, 0x59C1, 0x61A2, 0x6162, 0x6124, 0x5905, 0x58E8, 0x58EA, 0x50AC, 0x488E, 0x4070,
    0x3872, 0x3074, 0x2876, 0x2857, 0x2059, 0x205A, 0x205B, 0x205B, 0x185C, 0x185D, 0x207D, 0x207D, 0x207D, 0x207E, 0x207E, 0x207E,
    0x4200, 0x4220, 0x4A40, 0x5260, 0x5281, 0x5A61, 0x5A61, 0x5A22, 0x5A03, 0x59C4, 0x5985, 0x5968, 0x514A, 0x490C, 0x40CE, 0x38B0,
    0x3092, 0x2874, 0x2076, 0x2078, 0x1879, 0x187A, 0x187B, 0x187C, 0x187C, 0x187D, 0x187D, 0x187D, 0x187E, 0x187E, 0x187E, 0x187E,
    0x4260, 0x4280, 0x4AA0, 0x4AC1, 0x52E1, 0x52E1, 0x5AE1, 0x5AC2, 0x5AA3, 0x5A64, 0x5A46, 0x5208, 0x51CA, 0x498C, 0x414E, 0x30F0,
    0x28D2, 0x2094, 0x1896, 0x1878, 0x1879, 0x107A, 0x107B, 0x107C, 0x107C, 0x107D, 0x107D, 0x107D, 0x107E, 0x189E, 0x189E, 0x189E,
    0x3AA0, 0x42E0, 0x4300, 0x4B21, 0x4B41, 0x5361, 0x5362, 0x5342, 0x5B23, 0x5B04, 0x5AE6, 0x52A8, 0x4A6A, 0x422C, 0x39CE, 0x3170,
    0x2912, 0x20D4, 0x18B6, 0x1098, 0x1099, 0x109A, 0x109B, 0x107C, 0x109C, 0x109D, 0x109D, 0x109D, 0x109E, 0x109E, 0x189E, 0x189E,
    0x3B00, 0x3B20, 0x4360, 0x4381, 0x43A1, 0x4BA1, 0x4BC2, 0x53C2, 0x53A3, 0x5BA3, 0x5B85, 0x5347, 0x4B09, 0x42CB, 0x3A8D, 0x322F,
    0x29B1, 0x2154, 0x18F6, 0x10D8, 0x10B9, 0x109A, 0x109B, 0x109C, 0x109D, 0x109D, 0x109D, 0x109D, 0x109E, 0x109E, 0x189E, 0x18BE,
    0x3B60, 0x3B80, 0x3BA1, 0x43C1, 0x43E1, 0x4401, 0x4C02, 0x4C02, 0x5422, 0x5403, 0x5C04, 0x53C6, 0x4BA8, 0x436B, 0x432D, 0x32CF,
    0x2A71, 0x21F3, 0x1975, 0x1117, 0x10F9, 0x10DA, 0x08BB, 0x08BC, 0x08BD, 0x08BD, 0x10BD, 0x10BD, 0x10BE, 0x10BE, 0x18BE, 0x18BE,
    0x3BA0, 0x3BC0, 0x3BE1, 0x3C01, 0x3C21, 0x4441, 0x4442, 0x4C42, 0x4C62, 0x5463, 0x5464, 0x5446, 0x4C27, 0x4C09, 0x43CB, 0x3B8E,
    0x3330, 0x22B2, 0x1A34, 0x19B6, 0x1158, 0x10FA, 0x08DB, 0x08DC, 0x08BC, 0x08BD, 0x10BD, 0x10BD, 0x10BE, 0x10BE, 0x18BE, 0x18DE,
    0x3400, 0x3421, 0x3421, 0x3C41, 0x3C61, 0x3C61, 0x4482, 0x4482, 0x4CA2, 0x4CA3, 0x54A4, 0x4CA5, 0x4CA7, 0x4C89, 0x4C6B, 0x442D,
    0x3BF0, 0x2B91, 0x22F3, 0x1A55, 0x11D7, 0x1179, 0x113A, 0x08FB, 0x08FC, 0x08DD, 0x10DD, 0x10DD, 0x10DD, 0x10DE, 0x18DE, 0x18DD,
    0x3461, 0x3461, 0x3461, 0x3481, 0x34A1, 0x3CA2, 0x3CC2, 0x44C2, 0x44E3, 0x4CE3, 0x4CE4, 0x4D06, 0x4CE7, 0x4CE9, 0x4CCB, 0x44AD,
    0x448F, 0x3C51, 0x2BF3, 0x2355, 0x1AB6, 0x1218, 0x1199, 0x095B, 0x093B, 0x091C, 0x111D, 0x10FD, 0x10FD, 0x10FD, 0x18FD, 0x191D,
    0x2CA1, 0x2CC1, 0x34C1, 0x34C1, 0x34E2, 0x34E2, 0x3D02, 0x3D03, 0x4523, 0x4524, 0x4D25, 0x4D47, 0x4D48, 0x4D4A, 0x4D2B, 0x4D0D,
    0x450E, 0x44F1, 0x3C92, 0x2C34, 0x2396, 0x1AD7, 0x1259, 0x11DA, 0x119B, 0x117B, 0x115C, 0x113C, 0x113D, 0x113D, 0x195D, 0x195D,
    0x2D01, 0x2D01, 0x2D01, 0x2D02, 0x3522, 0x3522, 0x3543, 0x3D43, 0x3D44, 0x4565, 0x4566, 0x4D68, 0x4D89, 0x4D8B, 0x556C, 0x4D6D,
    0x4D4F, 0x4D50, 0x4532, 0x3CF4, 0x2C95, 0x23F7, 0x1B58, 0x12B9, 0x123A, 0x11DB, 0x11BB, 0x119C, 0x119C, 0x199C, 0x199D, 0x21BD,
    0x2D41, 0x2D41, 0x2D42, 0x2D42, 0x2D42, 0x3563, 0x3563, 0x3D64, 0x3D85, 0x4586, 0x45A7, 0x4DA9, 0x55AA, 0x55AC, 0x55AD, 0x55AE,
    0x4DAF, 0x4D90, 0x4D92, 0x4574, 0x3D35, 0x2CD6, 0x2437, 0x1B98, 0x1B19, 0x129A, 0x125B, 0x121B, 0x1A1C, 0x1A1C, 0x221C, 0x223D,
    0x2582, 0x2D82, 0x2D82, 0x2D82, 0x2D82, 0x35A3, 0x35A4, 0x3DA4, 0x3DA5, 0x45C7, 0x4DC8, 0x4DCA, 0x55EB, 0x55ED, 0x55EE, 0x55EF,
    0x55F0, 0x55D1, 0x55D2, 0x55D4, 0x4DB5, 0x3D96, 0x3517, 0x2498, 0x1C19, 0x1B7A, 0x1B1A, 0x1ADB, 0x1ABB, 0x1A9C, 0x22BC, 0x2ABC,
    0x2DC2, 0x2DC2, 0x2DC2, 0x2DC3, 0x2DC3, 0x35C4, 0x35C4, 0x3DE5, 0x3DE6, 0x45E8, 0x4DE9, 0x560B, 0x560C, 0x560D, 0x560E, 0x560F,
    0x5610, 0x5611, 0x5612, 0x5E14, 0x5615, 0x4DF6, 0x45B7, 0x3558, 0x2CD9, 0x2459, 0x23FA, 0x1B9A, 0x237B, 0x235B, 0x2B5C, 0x2B5C,
    0x2E02, 0x2E03, 0x2E03, 0x2E03, 0x2E03, 0x3604, 0x3605, 0x3E06, 0x4607, 0x4E29, 0x562A, 0x562B, 0x562D, 0x562E, 0x564F, 0x5630,
    0x5630, 0x5631, 0x5653, 0x5E54, 0x6655, 0x5E56, 0x5637, 0x45F8, 0x3D98, 0x2D39, 0x2CDA, 0x247A, 0x243B, 0x23FB, 0x2C1B, 0x341C,
    0x2E43, 0x2E23, 0x2E23, 0x2E24, 0x2E24, 0x3625, 0x3E26, 0x4627, 0x4E48, 0x4E49, 0x564B, 0x564C, 0x564D, 0x566E, 0x566F, 0x5670,
    0x5671, 0x5672, 0x5E73, 0x6674, 0x6676, 0x6E76, 0x5E77, 0x5658, 0x4618, 0x3DD9, 0x357A, 0x2D1A, 0x2CFA, 0x2CBB, 0x34BB, 0x3CBB,
    0x3663, 0x3664, 0x3664, 0x3664, 0x3665, 0x3E66, 0x4667, 0x4668, 0x4E69, 0x566A, 0x566B, 0x566C, 0x566D, 0x568E, 0x568F, 0x5690,
    0x5691, 0x5692, 0x5E93, 0x6695, 0x6EB6, 0x76B7, 0x6E97, 0x6698, 0x5679, 0x4E59, 0x461A, 0x35BA, 0x359A, 0x355B, 0x3D5B, 0x3D3B,
    0x3E84, 0x3E84, 0x3E85, 0x3E85, 0x3E86, 0x4686, 0x4687, 0x4E88, 0x5689, 0x568A, 0x568C, 0x568D, 0x568D, 0x56AF, 0x56B0, 0x56B1,
    0x56B1, 0x5EB2, 0x66B4, 0x6EB5, 0x6EB6, 0x76D7, 0x76B8, 0x6EB8, 0x66B9, 0x5699, 0x4E7A, 0x463A, 0x3E1A, 0x3DDB, 0x3DBB, 0x459B,
    0x46A5, 0x46A5, 0x46A5, 0x46A6, 0x46A6, 0x46A7, 0x4EA8, 0x56A9, 0x56AA, 0x56AB, 0x56AC, 0x56AD, 0x56AE, 0x56AF, 0x56D0, 0x56D1,
    0x5ED2, 0x5ED3, 0x66D4, 0x6ED5, 0x76D6, 0x76D7, 0x7ED8, 0x76D8, 0x6ED9, 0x66D9, 0x5EBA, 0x56BA, 0x4E7A, 0x463B, 0x463B, 0x461B,
    0x4EE5, 0x4EC6, 0x4EC6, 0x4EC6, 0x4EC7, 0x56C8, 0x56C8, 0x56C9, 0x56CA, 0x56CB, 0x56CC, 0x56CD, 0x56CE, 0x56CF, 0x56D0, 0x5ED1,
    0x5ED2, 0x66F3, 0x6EF4, 0x76F5, 0x76F6, 0x7EF7, 0x7EF8, 0x7EF8, 0x76F9, 0x6EF9, 0x66DA, 0x5EDA, 0x56BA, 0x4E9B, 0x4E7B, 0x4E5B,
    0x5EE6, 0x56E6, 0x56E6, 0x56E7, 0x56E7, 0x5EE8, 0x5EE8, 0x5EE9, 0x56EA, 0x56EB, 0x56ED, 0x56ED, 0x56EF, 0x56F0, 0x5EF1, 0x66F2,
    0x66F3, 0x6EF4, 0x76F5, 0x7716, 0x7F16, 0x7F17, 0x7F18, 0x8719, 0x7F19, 0x7F1A, 0x76FA, 0x6EFA, 0x66FA, 0x56DB, 0x56DB, 0x4EBB,
    0x5F06, 0x5F06, 0x5F06, 0x5F07, 0x5F07, 0x5F08, 0x5F09, 0x570A, 0x56EB, 0x56EC, 0x56ED, 0x56EE, 0x56EF, 0x5F10, 0x5F11, 0x6712,
    0x6F13, 0x6F14, 0x7715, 0x7F16, 0x7F16, 0x7F17, 0x8738, 0x8739, 0x8739, 0x7F1A, 0x7F1A, 0x771A, 0x6F1B, 0x671B, 0x5EFB, 0x56DB,
    0x6726, 0x6726, 0x6726, 0x6727, 0x6727, 0x5F08, 0x5F09, 0x570A, 0x570B, 0x570C, 0x570D, 0x570E, 0x5F0F, 0x5F10, 0x6711, 0x6F12,
    0x6F33, 0x7734, 0x7F35, 0x7F36, 0x7F37, 0x8737, 0x8738, 0x8739, 0x8739, 0x873A, 0x873A, 0x7F3A, 0x7F3B, 0x773B, 0x6F1B, 0x671B,
    0x6020, 0x5820, 0x5821, 0x5821, 0x5021, 0x5022, 0x5023, 0x5023, 0x4824, 0x4824, 0x4825, 0x4826, 0x4827, 0x4828, 0x4829, 0x502A,
    0x502C, 0x502D, 0x582F, 0x5830, 0x5832, 0x5834, 0x5835, 0x5837, 0x6038, 0x6039, 0x603A, 0x583B, 0x503C, 0x483D, 0x483D, 0x403E,
    0x5840, 0x5840, 0x6021, 0x5821, 0x5821, 0x5822, 0x5822, 0x5023, 0x5024, 0x5024, 0x5025, 0x5026, 0x5027, 0x5028, 0x502A, 0x582B,
    0x582C, 0x582E, 0x582F, 0x5831, 0x5833, 0x5834, 0x5836, 0x5837, 0x5838, 0x583A, 0x583B, 0x503C, 0x503C, 0x483D, 0x483D, 0x403E,
    0x5860, 0x6040, 0x6040, 0x6021, 0x6021, 0x6022, 0x5822, 0x5823, 0x5824, 0x5824, 0x5825, 0x5826, 0x5828, 0x5829, 0x582A, 0x582B,
    0x602D, 0x602E, 0x5830, 0x5832, 0x5833, 0x5835, 0x5836, 0x5838, 0x5839, 0x583A, 0x503B, 0x483C, 0x483C, 0x403D, 0x403D, 0x403E,
    0x5880, 0x5880, 0x6060, 0x6041, 0x6841, 0x6041, 0x6042, 0x6023, 0x6023, 0x6024, 0x6025, 0x6027, 0x6028, 0x6029, 0x602A, 0x602C,
    0x602D, 0x602F, 0x6031, 0x6032, 0x5834, 0x5836, 0x5837, 0x5838, 0x5039, 0x503B, 0x483B, 0x483C, 0x403D, 0x403D, 0x403D, 0x403E,
    0x50C0, 0x58A0, 0x6080, 0x6861, 0x6841, 0x6841, 0x6842, 0x6842, 0x6043, 0x6044, 0x6045, 0x6047, 0x6848, 0x6849, 0x684B, 0x684D,
    0x684E, 0x6050, 0x6051, 0x6053, 0x5855, 0x5856, 0x5857, 0x5059, 0x505A, 0x485B, 0x405C, 0x405C, 0x405D, 0x405D, 0x405D, 0x405E,
    0x50E0, 0x58E0, 0x60C0, 0x60A0, 0x6881, 0x6861, 0x6841, 0x6842, 0x6843, 0x6844, 0x6845, 0x6847, 0x6848, 0x684A, 0x684B, 0x684D,
    0x684F, 0x6051, 0x6052, 0x5854, 0x5855, 0x5057, 0x5058, 0x4859, 0x485A, 0x405B, 0x405C, 0x385C, 0x385D, 0x385D, 0x385D, 0x385E,
    0x5120, 0x5900, 0x5900, 0x60E0, 0x68C1, 0x68A1, 0x6861, 0x6862, 0x6863, 0x6864, 0x6845, 0x6847, 0x6848, 0x684A, 0x684C, 0x684E,
    0x684F, 0x6051, 0x6053, 0x5854, 0x5056, 0x5057, 0x4859, 0x405A, 0x405B, 0x385B, 0x385C, 0x385D, 0x385D, 0x385D, 0x385D, 0x385E,
    0x5140, 0x5140, 0x5940, 0x6140, 0x6121, 0x6901, 0x68C1, 0x68A2, 0x6882, 0x6864, 0x6865, 0x6867, 0x6868, 0x686A, 0x686C, 0x684E,
    0x6050, 0x5852, 0x5853, 0x5055, 0x4856, 0x4058, 0x4059, 0x385A, 0x385B, 0x385C, 0x305C, 0x305D, 0x305D, 0x305D, 0x305E, 0x305E,
    0x4980, 0x5180, 0x59A0, 0x6180, 0x6181, 0x6961, 0x6921, 0x6901, 0x68C2, 0x68A3, 0x6885, 0x6887, 0x6888, 0x688B, 0x686D, 0x606F,
    0x5871, 0x5872, 0x5054, 0x4856, 0x4057, 0x3858, 0x3859, 0x305A, 0x305B, 0x305C, 0x305C, 0x305D, 0x285D, 0x287D, 0x287E, 0x287E,
    0x49C0, 0x51E0, 0x59E0, 0x5A00, 0x6201, 0x69E1, 0x69C1, 0x6981, 0x6942, 0x6923, 0x68E5, 0x68E7, 0x68C9, 0x68AB, 0x60AD, 0x588F,
    0x5071, 0x4873, 0x4075, 0x3876, 0x3858, 0x3059, 0x305A, 0x285B, 0x285B, 0x285C, 0x287D, 0x287D, 0x287D, 0x287D, 0x287E, 0x287E,
    0x4A00, 0x5220, 0x5240, 0x5A60, 0x6261, 0x6261, 0x6A41, 0x6A02, 0x69E2, 0x69A3, 0x6965, 0x6947, 0x6129, 0x610B, 0x58ED, 0x50AF,
    0x4891, 0x4093, 0x3875, 0x3077, 0x2878, 0x2879, 0x207A, 0x207B, 0x207C, 0x207C, 0x207D, 0x207D, 0x207D, 0x207E, 0x207E, 0x207E,
    0x4A60, 0x4A80, 0x52A0, 0x5AC1, 0x5AE1, 0x62E1, 0x62C1, 0x6AA2, 0x6A82, 0x6A44, 0x6A05, 0x69E7, 0x61A9, 0x618B, 0x594D, 0x490F,
    0x40D1, 0x38B3, 0x3095, 0x2877, 0x2078, 0x207A, 0x207B, 0x187B, 0x187C, 0x187C, 0x187D, 0x187D, 0x207D, 0x207E, 0x209E, 0x209E,
    0x42A0, 0x4AE0, 0x5300, 0x5321, 0x5B41, 0x5B41, 0x6342, 0x6322, 0x6303, 0x62E4, 0x6AA5, 0x6287, 0x6249, 0x5A2B, 0x51ED, 0x498F,
    0x3931, 0x30F3, 0x28B5, 0x2097, 0x1899, 0x187A, 0x187B, 0x187C, 0x187C, 0x187D, 0x189D, 0x189D, 0x189D, 0x189E, 0x209E, 0x209E,
    0x4300, 0x4B20, 0x4B60, 0x5381, 0x53A1, 0x53A1, 0x5BC2, 0x5BA2, 0x63A3, 0x6384, 0x6345, 0x6327, 0x62E9, 0x5ACB, 0x528D, 0x4A2F,
    0x39D1, 0x2953, 0x20F5, 0x18D7, 0x18B9, 0x109A, 0x109B, 0x109C, 0x109C, 0x109D, 0x109D, 0x109D, 0x189D, 0x189E, 0x189E, 0x209E,
    0x4360, 0x4380, 0x4BA1, 0x4BC1, 0x4BE1, 0x5401, 0x5402, 0x5C02, 0x5C03, 0x6404, 0x63E5, 0x63C6, 0x5B88, 0x5B6B, 0x532D, 0x4ACF,
    0x3A70, 0x31F2, 0x2174, 0x1916, 0x18F8, 0x10BA, 0x10BB, 0x10BC, 0x109C, 0x109D, 0x10BD, 0x10BD, 0x10BD, 0x18BE, 0x18BE, 0x20BE,
    0x43A0, 0x43C0, 0x43E1, 0x4401, 0x4C21, 0x4C41, 0x5442, 0x5462, 0x5C63, 0x5C63, 0x6464, 0x6446, 0x6427, 0x5BEA, 0x53CC, 0x4B8E,
    0x4330, 0x32B2, 0x2A34, 0x21B6, 0x1937, 0x10F9, 0x10DB, 0x10BC, 0x10BC, 0x10BD, 0x10BD, 0x10BD, 0x10BD, 0x18BE, 0x18BD, 0x20DD,
    0x3C00, 0x3C21, 0x4421, 0x4441, 0x4461, 0x4482, 0x4C82, 0x54A2, 0x54A3, 0x5CA3, 0x64A4, 0x64A5, 0x64A7, 0x5C69, 0x544B, 0x542D,
    0x4BF0, 0x3B71, 0x32F3, 0x2255, 0x19D7, 0x1179, 0x111A, 0x10FB, 0x10DC, 0x10DD, 0x10DD, 0x10DD, 0x10DD, 0x18DD, 0x18DD, 0x20DD,
    0x3C61, 0x3C61, 0x3C61, 0x3C81, 0x44A1, 0x44A2, 0x44C2, 0x4CC2, 0x54E3, 0x5CE3, 0x5CE4, 0x6505, 0x6507, 0x5CE9, 0x5CCB, 0x54AD,
    0x548F, 0x4451, 0x3BD3, 0x2B54, 0x22B6, 0x19F8, 0x1199, 0x113A, 0x111B, 0x10FC, 0x10FC, 0x10FD, 0x10FD, 0x18FD, 0x20FD, 0x211D,
    0x34A1, 0x34A1, 0x3CC1, 0x3CC1, 0x3CE2, 0x44E2, 0x4502, 0x4D03, 0x4D23, 0x5524, 0x5D25, 0x5D46, 0x6548, 0x5D4A, 0x5D2C, 0x5D0D,
    0x5D0F, 0x4CF1, 0x4492, 0x3434, 0x2B95, 0x22D7, 0x1A58, 0x11DA, 0x117B, 0x115B, 0x113C, 0x113C, 0x193D, 0x193D, 0x213D, 0x215D,
    0x3501, 0x3501, 0x3501, 0x3D01, 0x3D22, 0x3D22, 0x4522, 0x4543, 0x4D44, 0x5564, 0x5D65, 0x5D87, 0x6588, 0x658A, 0x658C, 0x656E,
    0x5D6F, 0x5D50, 0x4D32, 0x44F4, 0x3475, 0x2BD6, 0x2338, 0x1A79, 0x121A, 0x11BB, 0x119B, 0x199C, 0x199C, 0x199C, 0x219C, 0x299D,
    0x3541, 0x3541, 0x3542, 0x3542, 0x3D42, 0x3D62, 0x4563, 0x4564, 0x4D84, 0x5585, 0x5DA6, 0x5DA8, 0x65C9, 0x65CB, 0x65CD, 0x65AE,
    0x65AF, 0x5D91, 0x5D92, 0x5574, 0x4535, 0x34B6, 0x2C17, 0x2378, 0x1AF9, 0x1A7A, 0x1A3B, 0x1A1B, 0x1A1B, 0x221C, 0x2A1C, 0x2A3C,
    0x2D82, 0x3582, 0x3582, 0x3582, 0x3582, 0x3DA3, 0x3DA3, 0x45A4, 0x4DC5, 0x55C6, 0x5DC7, 0x65E9, 0x65EB, 0x6DEC, 0x6DEE, 0x65EF,
    0x65F0, 0x65F1, 0x65D2, 0x5DD3, 0x55B5, 0x4576, 0x3D17, 0x2C78, 0x23F9, 0x1B5A, 0x1AFA, 0x1ABB, 0x22BB, 0x22BB, 0x2ABC, 0x32DC,
    0x2DC2, 0x35C2, 0x35C2, 0x35C3, 0x35C3, 0x3DC3, 0x45C4, 0x45E5, 0x4DE6, 0x55E7, 0x5E08, 0x660A, 0x660C, 0x6E2D, 0x6E2E, 0x6630,
    0x6631, 0x6612, 0x6613, 0x6614, 0x5E15, 0x55F6, 0x4DB7, 0x3D58, 0x2CD8, 0x2439, 0x23DA, 0x239A, 0x237B, 0x2B5B, 0x337B, 0x3B7C,
    0x3602, 0x3603, 0x3603, 0x3603, 0x3603, 0x3E04, 0x4605, 0x4E06, 0x5627, 0x5E28, 0x5E2A, 0x662B, 0x6E4D, 0x6E4E, 0x6E4F, 0x6650,
    0x6651, 0x6652, 0x6653, 0x6654, 0x6E55, 0x6656, 0x5E37, 0x4DF8, 0x3D98, 0x3539, 0x2CDA, 0x2C7A, 0x2C3A, 0x341B, 0x341B, 0x3C3B,
    0x3623, 0x3623, 0x3623, 0x3624, 0x3E24, 0x4625, 0x4625, 0x4E47, 0x5648, 0x5E49, 0x664A, 0x666C, 0x6E6D, 0x6E6E, 0x666F, 0x6670,
    0x6671, 0x6672, 0x6673, 0x6E74, 0x6E75, 0x6E76, 0x6E77, 0x5E58, 0x4E18, 0x45D9, 0x3D79, 0x351A, 0x34FA, 0x34DB, 0x3CBB, 0x44DB,
    0x3E63, 0x3E64, 0x3E64, 0x3E64, 0x3E44, 0x4665, 0x4E66, 0x5668, 0x5E69, 0x666A, 0x668B, 0x668C, 0x668E, 0x668F, 0x6690, 0x6691,
    0x6692, 0x6693, 0x6694, 0x6E95, 0x76B6, 0x76B7, 0x76B7, 0x6E98, 0x5E79, 0x5659, 0x461A, 0x3DBA, 0x3D9A, 0x3D5B, 0x455B, 0x4D5B,
    0x4684, 0x4684, 0x4684, 0x4685, 0x4685, 0x4E86, 0x5687, 0x5E88, 0x6689, 0x66AA, 0x66AC, 0x66AD, 0x66AE, 0x66AF, 0x66B0, 0x66B1,
    0x66B2, 0x66B3, 0x6EB4, 0x6EB5, 0x76B6, 0x7ED7, 0x7ED8, 0x76B8, 0x6EB9, 0x6699, 0x567A, 0x4E3A, 0x461A, 0x45DB, 0x4DDB, 0x4DBB,
    0x4EC5, 0x4EA5, 0x4EA5, 0x4EA6, 0x4EA6, 0x56A7, 0x5EA8, 0x66C9, 0x66CA, 0x66CB, 0x66CC, 0x66CD, 0x66CE, 0x66CF, 0x66D0, 0x66D1,
    0x66D2, 0x6ED3, 0x6ED4, 0x76D5, 0x7ED6, 0x7ED7, 0x7ED8, 0x7ED8, 0x76D9, 0x6ED9, 0x66BA, 0x5EBA, 0x567A, 0x4E5B, 0x4E3B, 0x563B,
    0x5EE5, 0x5EC6, 0x5EC6, 0x5EC6, 0x5EC7, 0x5EC8, 0x66C8, 0x66C9, 0x66CA, 0x66CB, 0x66CD, 0x66CE, 0x66CF, 0x66D0, 0x66D1, 0x6ED2,
    0x6EF3, 0x6EF4, 0x76F5, 0x7EF5, 0x7EF6, 0x86F7, 0x86F8, 0x86F8, 0x7EF9, 0x7EFA, 0x76FA, 0x66DA, 0x5EBA, 0x569B, 0x569B, 0x567B,
    0x6706, 0x66E6, 0x66E6, 0x66E7, 0x66E7, 0x66E8, 0x6EE8, 0x66EA, 0x66EB, 0x66EC, 0x66ED, 0x66EE, 0x66EF, 0x66F0, 0x66F1, 0x6EF2,
    0x6EF3, 0x76F4, 0x7F15, 0x7F16, 0x8716, 0x8717, 0x8718, 0x8719, 0x8719, 0x871A, 0x7F1A, 0x76FA, 0x6EFA, 0x66FB, 0x5EDB, 0x5EBB,
    0x6F06, 0x6F06, 0x6F06, 0x6F07, 0x6F07, 0x6F08, 0x6F09, 0x670A, 0x670B, 0x66EC, 0x66ED, 0x66EE, 0x66EF, 0x6710, 0x6F11, 0x6F12,
    0x7713, 0x7F14, 0x7F15, 0x8716, 0x8716, 0x8737, 0x8F38, 0x8F39, 0x8F39, 0x8F3A, 0x873A, 0x871A, 0x7F1B, 0x6F1B, 0x6EFB, 0x66FB,
    0x7726, 0x7726, 0x6F26, 0x6F27, 0x6F27, 0x6F28, 0x6F09, 0x670A, 0x670B, 0x670C, 0x5F0D, 0x670E, 0x670F, 0x6F11, 0x6F11, 0x7713,
    0x7F33, 0x7F34, 0x8735, 0x8736, 0x8737, 0x8F37, 0x8F38, 0x8F39, 0x8F39, 0x8F3A, 0x8F3A, 0x8F3A, 0x873B, 0x7F3B, 0x773B, 0x6F1B,
    0x6820, 0x6821, 0x6021, 0x6021, 0x6021, 0x5822, 0x5823, 0x5823, 0x5824, 0x5824, 0x5825, 0x5826, 0x5827, 0x5828, 0x5829, 0x582A,
    0x602B, 0x602D, 0x602E, 0x6030, 0x6031, 0x6033, 0x6834, 0x6836, 0x6837, 0x6839, 0x683A, 0x683B, 0x603C, 0x583C, 0x583D, 0x503D,
    0x6040, 0x6840, 0x6821, 0x6821, 0x6021, 0x6022, 0x6022, 0x6023, 0x6024, 0x6024, 0x6025, 0x6026, 0x6027, 0x6028, 0x6029, 0x602B,
    0x602C, 0x682D, 0x682F, 0x6830, 0x6832, 0x6834, 0x6835, 0x6836, 0x6838, 0x6839, 0x683A, 0x603B, 0x583C, 0x583D, 0x503D, 0x503D,
    0x6060, 0x6840, 0x7040, 0x6821, 0x6821, 0x6822, 0x6822, 0x6823, 0x6024, 0x6024, 0x6025, 0x6026, 0x6027, 0x6828, 0x682A, 0x682B,
    0x682C, 0x682E, 0x682F, 0x6831, 0x6833, 0x6834, 0x6836, 0x6837, 0x6838, 0x683A, 0x603A, 0x583B, 0x583C, 0x503D, 0x503D, 0x503D,
    0x6080, 0x6880, 0x6860, 0x7041, 0x7041, 0x7041, 0x6842, 0x6843, 0x6843, 0x6824, 0x6825, 0x6826, 0x6827, 0x6829, 0x682A, 0x702B,
    0x702D, 0x702E, 0x7030, 0x6832, 0x6833, 0x6855, 0x6856, 0x6857, 0x6059, 0x605A, 0x585B, 0x585C, 0x505C, 0x505D, 0x505D, 0x505D,
    0x60C0, 0x60A0, 0x6880, 0x7061, 0x7041, 0x7041, 0x7042, 0x7042, 0x7043, 0x6844, 0x6845, 0x7046, 0x7047, 0x7049, 0x704A, 0x704C,
    0x704D, 0x704F, 0x7051, 0x7052, 0x6854, 0x6855, 0x6857, 0x6058, 0x6059, 0x585A, 0x505B, 0x505C, 0x505C, 0x485D, 0x485D, 0x505D,
    0x58E0, 0x60E0, 0x68C0, 0x68A0, 0x7081, 0x7061, 0x7041, 0x7042, 0x7043, 0x7044, 0x7045, 0x7046, 0x7047, 0x7049, 0x784B, 0x784C,
    0x784E, 0x7050, 0x7051, 0x7053, 0x6854, 0x6856, 0x6057, 0x6058, 0x585A, 0x505B, 0x505B, 0x485C, 0x485C, 0x485D, 0x485D, 0x485D,
    0x5920, 0x6100, 0x6900, 0x68E0, 0x70C1, 0x70A1, 0x7861, 0x7862, 0x7062, 0x7043, 0x7044, 0x7046, 0x7848, 0x7849, 0x784B, 0x784D,
    0x784E, 0x7050, 0x7052, 0x6854, 0x6855, 0x6056, 0x5858, 0x5859, 0x505A, 0x485B, 0x485B, 0x485C, 0x485C, 0x485D, 0x405D, 0x405D,
    0x5940, 0x6140, 0x6140, 0x6940, 0x7121, 0x70E1, 0x70C1, 0x70A1, 0x7082, 0x7063, 0x7064, 0x7066, 0x7868, 0x7869, 0x786B, 0x786D,
    0x786F, 0x7051, 0x6852, 0x6854, 0x6056, 0x5857, 0x5058, 0x5059, 0x485A, 0x485B, 0x405C, 0x405C, 0x405D, 0x405D, 0x405D, 0x387E,
    0x5180, 0x5980, 0x61A0, 0x6980, 0x6981, 0x7161, 0x7121, 0x70E1, 0x78C2, 0x70A3, 0x7084, 0x7086, 0x7888, 0x786A, 0x786C, 0x786D,
    0x706F, 0x6871, 0x6873, 0x6075, 0x5856, 0x5057, 0x4859, 0x485A, 0x405A, 0x405B, 0x405C, 0x385C, 0x387D, 0x387D, 0x387D, 0x387E,
    0x51C0, 0x59E0, 0x61E0, 0x69E0, 0x69E1, 0x71C1, 0x71A1, 0x7161, 0x7122, 0x7103, 0x70C4, 0x70C6, 0x70A8, 0x78AA, 0x70AC, 0x708E,
    0x6890, 0x6072, 0x5873, 0x5075, 0x5077, 0x4878, 0x4079, 0x407A, 0x387B, 0x387B, 0x387C, 0x387C, 0x307D, 0x307D, 0x307D, 0x307E,
    0x5200, 0x5A20, 0x6240, 0x6A41, 0x6A61, 0x7241, 0x7221, 0x7201, 0x71C2, 0x7183, 0x7944, 0x7126, 0x7108, 0x70EA, 0x70EC, 0x68AE,
    0x60B0, 0x5892, 0x5074, 0x4876, 0x4077, 0x3878, 0x3879, 0x307A, 0x307B, 0x307C, 0x307C, 0x307D, 0x307D, 0x287D, 0x307D, 0x307E,
    0x5260, 0x5A80, 0x5AA0, 0x62A1, 0x6AC1, 0x6AC1, 0x72C1, 0x7282, 0x7262, 0x7223, 0x71E4, 0x71A6, 0x7188, 0x716A, 0x694C, 0x690E,
    0x58F0, 0x50B2, 0x4894, 0x4096, 0x3877, 0x3079, 0x307A, 0x287B, 0x287B, 0x287C, 0x287C, 0x287D, 0x287D, 0x287D, 0x289D, 0x289E,
    0x52A0, 0x52C0, 0x5B00, 0x6321, 0x6341, 0x6B41, 0x6B42, 0x7322, 0x72E2, 0x72C3, 0x7284, 0x7246, 0x7228, 0x720A, 0x69CC, 0x618E,
    0x5150, 0x48F2, 0x38B4, 0x3096, 0x2898, 0x2879, 0x207A, 0x207B, 0x207C, 0x207C, 0x207D, 0x209D, 0x209D, 0x209D, 0x289D, 0x289E,
    0x4B00, 0x5320, 0x5B61, 0x5B81, 0x63A1, 0x63A1, 0x6BA2, 0x6BA2, 0x6B83, 0x7364, 0x7325, 0x7307, 0x72E8, 0x6AAB, 0x6A8D, 0x622E,
    0x51D0, 0x4172, 0x3914, 0x28D6, 0x20B8, 0x2099, 0x189A, 0x189B, 0x189C, 0x189C, 0x189D, 0x189D, 0x209D, 0x209D, 0x209D, 0x28BD,
    0x4B60, 0x5380, 0x53A1, 0x5BC1, 0x5BE1, 0x5C01, 0x6402, 0x6402, 0x6C03, 0x6BE4, 0x6BC5, 0x73A6, 0x6B88, 0x6B6A, 0x632C, 0x5AEE,
    0x5290, 0x41F2, 0x3193, 0x2936, 0x20F7, 0x18B9, 0x18BA, 0x189B, 0x109C, 0x189D, 0x189D, 0x189D, 0x18BD, 0x20BD, 0x20BD, 0x28BD,
    0x4BA0, 0x4BC0, 0x4BE1, 0x5401, 0x5421, 0x5C41, 0x5C62, 0x6462, 0x6463, 0x6C64, 0x6C44, 0x7446, 0x7428, 0x6BEA, 0x63AC, 0x5B8E,
    0x5330, 0x42D1, 0x3A33, 0x29B5, 0x2157, 0x18F9, 0x18DA, 0x10BB, 0x10BC, 0x10BD, 0x10BD, 0x18BD, 0x18BD, 0x20BD, 0x20BD, 0x28DD,
    0x4400, 0x4C21, 0x4C41, 0x4C41, 0x4C61, 0x5482, 0x54A2, 0x5CA2, 0x64A3, 0x6CA3, 0x6CA4, 0x74A5, 0x7487, 0x6C69, 0x644C, 0x642E,
    0x5BEF, 0x4B91, 0x4313, 0x3274, 0x21D6, 0x1958, 0x191A, 0x10FB, 0x10DC, 0x10DC, 0x10DD, 0x18DD, 0x18DD, 0x20DD, 0x20DD, 0x28DD,
    0x4460, 0x4461, 0x4481, 0x4C81, 0x4CA1, 0x4CC2, 0x54C2, 0x5CE2, 0x64E3, 0x6CE4, 0x6D04, 0x7505, 0x7507, 0x6CE9, 0x6CCB, 0x64AD,
    0x646F, 0x5451, 0x4BD2, 0x3B54, 0x2AB5, 0x21F7, 0x1999, 0x113A, 0x111B, 0x10FC, 0x10FC, 0x18FD, 0x18FD, 0x20FD, 0x20FD, 0x291D,
    0x3CA1, 0x44A1, 0x44C1, 0x44C1, 0x44E2, 0x4CE2, 0x5502, 0x5503, 0x5D23, 0x6524, 0x6D45, 0x7546, 0x7547, 0x6D4A, 0x6D2C, 0x6D0D,
    0x64EF, 0x5CD1, 0x5492, 0x4434, 0x3395, 0x2AD6, 0x2238, 0x19BA, 0x117A, 0x113B, 0x193C, 0x193C, 0x193C, 0x213C, 0x293D, 0x315D,
    0x3D01, 0x3D01, 0x3D01, 0x4501, 0x4522, 0x4D22, 0x4D42, 0x5543, 0x5D44, 0x6564, 0x6D65, 0x7587, 0x7588, 0x758A, 0x758C, 0x756E,
    0x6D6F, 0x6550, 0x5D32, 0x54F3, 0x4475, 0x33D6, 0x2317, 0x1A79, 0x19FA, 0x19BA, 0x199B, 0x197C, 0x217C, 0x217C, 0x299C, 0x319C,
    0x3D41, 0x3D41, 0x3D41, 0x3D42, 0x4542, 0x4562, 0x4D63, 0x5583, 0x5D84, 0x6585, 0x6DA6, 0x75C7, 0x75C9, 0x75CB, 0x75CD, 0x75CE,
    0x75B0, 0x6DB1, 0x6D92, 0x5D73, 0x5535, 0x44B6, 0x3417, 0x2358, 0x22D9, 0x1A5A, 0x1A3A, 0x221B, 0x221B, 0x2A1C, 0x321C, 0x3A3C,
    0x3581, 0x3D82, 0x3D82, 0x3D82, 0x4582, 0x4583, 0x4DA3, 0x55A4, 0x5DC5, 0x65C6, 0x6DE7, 0x75E9, 0x75EA, 0x7E0C, 0x7E0E, 0x7E0F,
    0x7610, 0x75F1, 0x6DF2, 0x6DD3, 0x65B5, 0x5576, 0x4517, 0x3478, 0x2BD9, 0x2339, 0x22FA, 0x22BA, 0x2ABB, 0x2ABB, 0x32BC, 0x3ADC,
    0x35C2, 0x3DC2, 0x3DC2, 0x3DC2, 0x45C3, 0x45C3, 0x4DE4, 0x55E5, 0x5DE6, 0x6607, 0x6E08, 0x760A, 0x7E2B, 0x7E2D, 0x7E2E, 0x7E30,
    0x7631, 0x7632, 0x7633, 0x7614, 0x6E15, 0x65F6, 0x55B7, 0x4558, 0x34B8, 0x2C39, 0x2BDA, 0x2B9A, 0x2B7B, 0x337B, 0x3B7B, 0x437C,
    0x3E02, 0x3E02, 0x3E03, 0x3E03, 0x4603, 0x4604, 0x4E04, 0x5625, 0x5E26, 0x6628, 0x6E49, 0x764B, 0x7E4C, 0x7E4E, 0x7E4F, 0x7E50,
    0x7651, 0x7652, 0x7653, 0x7654, 0x7655, 0x7656, 0x6637, 0x55F8, 0x4598, 0x3D19, 0x34B9, 0x347A, 0x345A, 0x3C3B, 0x443B, 0x4C3B,
    0x3E23, 0x3E23, 0x3E23, 0x4623, 0x4624, 0x4E24, 0x5645, 0x5E46, 0x6647, 0x6E69, 0x766A, 0x766C, 0x7E6D, 0x7E6E, 0x7E70, 0x7671,
    0x7672, 0x7673, 0x7674, 0x7674, 0x7675, 0x7E76, 0x7677, 0x6658, 0x5618, 0x4DD9, 0x4579, 0x3D1A, 0x3CFA, 0x44DB, 0x4CDB, 0x54DB,
    0x4663, 0x4663, 0x4664, 0x4664, 0x4664, 0x4E65, 0x5E66, 0x6667, 0x6E88, 0x6E8A, 0x768B, 0x768D, 0x768E, 0x768F, 0x7690, 0x7691,
    0x7692, 0x7693, 0x7694, 0x76B5, 0x7EB6, 0x7EB7, 0x7EB7, 0x7698, 0x6E79, 0x5E59, 0x4E1A, 0x45DA, 0x459A, 0x4D7B, 0x4D7B, 0x555B,
    0x4E84, 0x4E84, 0x4E84, 0x4E85, 0x4E85, 0x5E86, 0x6687, 0x6EA8, 0x6EA9, 0x76AA, 0x76AC, 0x76AD, 0x76AE, 0x76AF, 0x76B1, 0x76B1,
    0x76B2, 0x76B3, 0x76B4, 0x7EB5, 0x7ED6, 0x86D7, 0x86D8, 0x7ED8, 0x76B9, 0x6EB9, 0x5E7A, 0x563A, 0x561A, 0x55FB, 0x55DB, 0x5DDB,
    0x5EC4, 0x5EC5, 0x5EC5, 0x5EA5, 0x5EA6, 0x66C7, 0x6EC8, 0x6EC9, 0x76CA, 0x76CB, 0x76CC, 0x76CD, 0x76CF, 0x76D0, 0x76D1, 0x76D2,
    0x76D3, 0x76D4, 0x7ED4, 0x7ED5, 0x86D6, 0x86F7, 0x86F8, 0x86F8, 0x86D9, 0x7EDA, 0x6EDA, 0x66BA, 0x5E9A, 0x565B, 0x5E5B, 0x663B,
    0x66E5, 0x66E5, 0x66E6, 0x66C6, 0x66C7, 0x6EC7, 0x6EE8, 0x76E9, 0x76EA, 0x76CC, 0x76CD, 0x76CE, 0x76CF, 0x76D0, 0x76D1, 0x76F2,
    0x76F3, 0x7EF4, 0x7EF5, 0x86F6, 0x86F6, 0x8EF7, 0x8EF8, 0x8EF8, 0x8EF9, 0x86FA, 0x7EFA, 0x76DA, 0x6EDA, 0x66BB, 0x669B, 0x667B,
    0x7706, 0x7706, 0x7706, 0x76E7, 0x76E7, 0x76E8, 0x76E9, 0x76EA, 0x76EB, 0x76EC, 0x76ED, 0x6EEE, 0x6EEF, 0x76F0, 0x76F1, 0x76F2,
    0x7EF3, 0x7EF4, 0x8715, 0x8716, 0x8F16, 0x8F17, 0x8F18, 0x8F19, 0x8F19, 0x8F1A, 0x871A, 0x871A, 0x76FB, 0x6EFB, 0x6EDB, 0x6EDB,
    0x7F06, 0x7F06, 0x7707, 0x7707, 0x7707, 0x7708, 0x7709, 0x770A, 0x770B, 0x770C, 0x6EED, 0x6EEE, 0x6F10, 0x7711, 0x7711, 0x7F12,
    0x7F13, 0x8714, 0x8715, 0x8F16, 0x8F16, 0x8F37, 0x8F38, 0x9739, 0x9739, 0x8F3A, 0x8F3A, 0x8F3A, 0x871B, 0x7F1B, 0x771B, 0x76FB,
    0x7F26, 0x7F26, 0x7F27, 0x7F27, 0x7F27, 0x7F28, 0x7F29, 0x770A, 0x770B, 0x6F0D, 0x6F0E, 0x6F0F, 0x7710, 0x7711, 0x7F12, 0x7F33,
    0x8734, 0x8735, 0x8F35, 0x8F36, 0x8F37, 0x8F37, 0x9738, 0x9739, 0x9739, 0x973A, 0x973A, 0x973A, 0x8F3B, 0x8F3B, 0x873B, 0x7F3C,
    0x7020, 0x7021, 0x6821, 0x6821, 0x6821, 0x6822, 0x6822, 0x6023, 0x6024, 0x6024, 0x6025, 0x6026, 0x6027, 0x6028, 0x6029, 0x682A,
    0x682B, 0x682C, 0x682E, 0x702F, 0x7031, 0x7032, 0x7034, 0x7035, 0x7837, 0x7838, 0x7039, 0x703A, 0x683B, 0x683C, 0x603C, 0x603D,
    0x7040, 0x7040, 0x7021, 0x7021, 0x7021, 0x6822, 0x6822, 0x6823, 0x6824, 0x6824, 0x6825, 0x6826, 0x6827, 0x6828, 0x6829, 0x682A,
    0x702B, 0x702D, 0x702E, 0x7030, 0x7031, 0x7033, 0x7034, 0x7836, 0x7037, 0x7039, 0x703A, 0x703A, 0x683B, 0x603C, 0x603D, 0x603D,
    0x6860, 0x7040, 0x7840, 0x7841, 0x7021, 0x7022, 0x7022, 0x7023, 0x7023, 0x7024, 0x7025, 0x7026, 0x7027, 0x7028, 0x7029, 0x702A,
    0x702C, 0x782D, 0x782F, 0x7830, 0x7832, 0x7834, 0x7835, 0x7836, 0x7038, 0x7039, 0x683A, 0x683B, 0x603B, 0x603C, 0x603D, 0x605D,
    0x6880, 0x7080, 0x7060, 0x7841, 0x7841, 0x7841, 0x7842, 0x7042, 0x7043, 0x7044, 0x7045, 0x7046, 0x7047, 0x7828, 0x7829, 0x784B,
    0x784C, 0x784E, 0x784F, 0x7851, 0x7853, 0x7854, 0x7856, 0x7057, 0x7058, 0x7059, 0x685A, 0x605B, 0x605C, 0x605C, 0x605D, 0x605D,
    0x68C0, 0x68A0, 0x7080, 0x7861, 0x7841, 0x7841, 0x7841, 0x7842, 0x7843, 0x7844, 0x7845, 0x7846, 0x7847, 0x7848, 0x784A, 0x804B,
    0x804D, 0x804E, 0x8050, 0x8052, 0x7853, 0x7855, 0x7856, 0x7057, 0x7058, 0x685A, 0x605A, 0x605B, 0x605C, 0x585C, 0x585D, 0x605D,
    0x68E0, 0x68E0, 0x70C0, 0x70A0, 0x7881, 0x7861, 0x8041, 0x8042, 0x7842, 0x7843, 0x7844, 0x7846, 0x7847, 0x8048, 0x804A, 0x804B,
    0x804D, 0x804F, 0x8051, 0x8052, 0x7854, 0x7855, 0x7056, 0x7058, 0x6859, 0x605A, 0x605B, 0x585B, 0x585C, 0x585C, 0x585D, 0x585D,
    0x6120, 0x6920, 0x7100, 0x70E0, 0x78C1, 0x78A1, 0x8061, 0x8062, 0x8062, 0x8063, 0x8044, 0x8045, 0x8047, 0x8048, 0x804A, 0x804C,
    0x884E, 0x804F, 0x8051, 0x8053, 0x7854, 0x7056, 0x7057, 0x6858, 0x6059, 0x605A, 0x585B, 0x585B, 0x585C, 0x585C, 0x505D, 0x505D,
    0x6160, 0x6940, 0x7140, 0x7140, 0x7921, 0x78E1, 0x80C1, 0x80A1, 0x8082, 0x8063, 0x8064, 0x8065, 0x8067, 0x8068, 0x806A, 0x886C,
    0x886E, 0x8070, 0x8072, 0x7873, 0x7875, 0x7056, 0x6857, 0x6058, 0x6059, 0x585A, 0x585B, 0x505B, 0x505C, 0x507C, 0x507D, 0x487D,
    0x6180, 0x69A0, 0x69A0, 0x7180, 0x7981, 0x7941, 0x7921, 0x80E1, 0x80A2, 0x8082, 0x8084, 0x8085, 0x8067, 0x8068, 0x806A, 0x806D,
    0x806E, 0x8070, 0x8072, 0x7874, 0x7075, 0x6876, 0x6078, 0x5879, 0x587A, 0x507A, 0x507B, 0x507C, 0x487C, 0x487D, 0x487D, 0x407D,
    0x61C0, 0x61E0, 0x69E0, 0x71E0, 0x79E1, 0x79C1, 0x79A1, 0x8161, 0x8122, 0x80E2, 0x80C3, 0x80A5, 0x80A7, 0x8088, 0x808B, 0x808D,
    0x808F, 0x7871, 0x7872, 0x7074, 0x6876, 0x6077, 0x5878, 0x5079, 0x507A, 0x487B, 0x487B, 0x487C, 0x407C, 0x407D, 0x407D, 0x407D,
    0x5A00, 0x6220, 0x6A40, 0x7241, 0x7A61, 0x7A41, 0x8221, 0x81E1, 0x81A2, 0x8162, 0x8123, 0x8105, 0x80E7, 0x80C9, 0x80CB, 0x80AD,
    0x78AF, 0x7891, 0x7093, 0x6874, 0x6076, 0x5877, 0x5078, 0x4879, 0x487A, 0x407B, 0x407B, 0x407C, 0x407C, 0x387D, 0x387D, 0x387D,
    0x5A60, 0x6280, 0x6AA0, 0x72A1, 0x72C1, 0x7AC1, 0x7AA1, 0x8282, 0x8242, 0x8203, 0x81C3, 0x8185, 0x8167, 0x8149, 0x792B, 0x790D,
    0x70EF, 0x70D1, 0x68B3, 0x5895, 0x5096, 0x4878, 0x4079, 0x407A, 0x387A, 0x387B, 0x387C, 0x387C, 0x387D, 0x389D, 0x389D, 0x389D,
    0x5AA0, 0x62C0, 0x6B01, 0x6B01, 0x7321, 0x7B41, 0x7B21, 0x7B02, 0x82E2, 0x82A3, 0x8264, 0x8225, 0x81E7, 0x79C9, 0x79AB, 0x798D,
    0x714F, 0x6911, 0x58D3, 0x50B5, 0x4896, 0x4098, 0x3879, 0x307A, 0x307B, 0x307B, 0x307C, 0x309C, 0x309D, 0x309D, 0x309D, 0x389D,
    0x5B00, 0x5B20, 0x6361, 0x6B81, 0x6B81, 0x73A1, 0x73A2, 0x7B82, 0x7B63, 0x7B43, 0x7B04, 0x7AE6, 0x7AA7, 0x7A89, 0x7A6C, 0x722E,
    0x69F0, 0x6191, 0x5133, 0x48D5, 0x38B6, 0x3098, 0x2899, 0x289A, 0x289B, 0x289C, 0x289C, 0x289D, 0x289D, 0x289D, 0x309D, 0x38BD,
    0x5B60, 0x5B80, 0x63A1, 0x63C1, 0x6BE1, 0x6C01, 0x7402, 0x7402, 0x7BE3, 0x7BC4, 0x7BA4, 0x7B86, 0x7B68, 0x7B2A, 0x7B0C, 0x72EE,
    0x6AB0, 0x6231, 0x51B3, 0x4135, 0x30F6, 0x28B8, 0x20BA, 0x209B, 0x209B, 0x209C, 0x209C, 0x209D, 0x20BD, 0x28BD, 0x30BD, 0x38BD,
    0x53A0, 0x5BE1, 0x5C01, 0x5C21, 0x6421, 0x6442, 0x6C62, 0x6C62, 0x7463, 0x7444, 0x7C45, 0x7C26, 0x7C08, 0x7BCA, 0x73AC, 0x738E,
    0x6B50, 0x62F1, 0x5273, 0x41B4, 0x3156, 0x20F8, 0x20D9, 0x18BB, 0x18BC, 0x18BC, 0x18BD, 0x20BD, 0x20BD, 0x28BD, 0x30BD, 0x38DD,
    0x5400, 0x5421, 0x5441, 0x5C61, 0x5C61, 0x6482, 0x64A2, 0x6CA3, 0x6CA3, 0x74A4, 0x7CA5, 0x7CA6, 0x7C88, 0x7C6A, 0x744C, 0x742E,
    0x6BEF, 0x6391, 0x5312, 0x4274, 0x31F6, 0x2177, 0x2119, 0x18FA, 0x18DB, 0x18DC, 0x18DC, 0x18DD, 0x20DD, 0x20DD, 0x30DD, 0x38FD,
    0x4C40, 0x4C61, 0x5481, 0x54A1, 0x54A1, 0x5CC2, 0x64C2, 0x64E3, 0x6CE3, 0x7504, 0x7D05, 0x7D06, 0x7CE7, 0x7CE9, 0x7CCB, 0x74AD,
    0x6C6F, 0x6451, 0x5BF2, 0x4B54, 0x3AB5, 0x2A17, 0x2198, 0x193A, 0x18FB, 0x18FC, 0x18DC, 0x18DC, 0x20FC, 0x28FD, 0x30FD, 0x391C,
    0x4CA1, 0x4CA1, 0x4CC1, 0x4CC1, 0x54E2, 0x5D02, 0x5D02, 0x6523, 0x6D24, 0x7544, 0x7D45, 0x8546, 0x8548, 0x8549, 0x7D2B, 0x7D0D,
    0x74EF, 0x6CD1, 0x6492, 0x5433, 0x4395, 0x32D6, 0x2A38, 0x21B9, 0x197A, 0x193B, 0x191C, 0x211C, 0x211C, 0x293C, 0x313C, 0x395C,
    0x44E1, 0x44E1, 0x4D01, 0x4D01, 0x4D22, 0x5522, 0x5D43, 0x6543, 0x6D64, 0x7565, 0x7D86, 0x8587, 0x8588, 0x858A, 0x858C, 0x7D6E,
    0x7D6F, 0x7550, 0x6D32, 0x64F3, 0x5475, 0x43D6, 0x3337, 0x2278, 0x21F9, 0x199A, 0x217B, 0x217B, 0x217C, 0x297C, 0x319C, 0x399C,
    0x4541, 0x4541, 0x4541, 0x4D42, 0x4D42, 0x5562, 0x5D63, 0x6584, 0x6D84, 0x75A5, 0x7DA6, 0x85C7, 0x8DC9, 0x8DCB, 0x8DCC, 0x85CE,
    0x85B0, 0x7DB1, 0x7D92, 0x6D73, 0x6535, 0x4CB6, 0x3C17, 0x2B58, 0x2AD9, 0x225A, 0x221A, 0x21FB, 0x29FB, 0x31FB, 0x3A1C, 0x423C,
    0x4581, 0x4582, 0x4582, 0x4582, 0x4D82, 0x55A3, 0x5DA3, 0x65A4, 0x6DC5, 0x75C6, 0x7DE7, 0x85E8, 0x8E0A, 0x8E0C, 0x8E0D, 0x8E0F,
    0x8610, 0x8612, 0x85F3, 0x7DD3, 0x6DB5, 0x6576, 0x4D17, 0x3C77, 0x33D8, 0x2B39, 0x2ADA, 0x2ABA, 0x32BB, 0x3ABB, 0x42BB, 0x4ABC,
    0x45C2, 0x45C2, 0x45C2, 0x45C2, 0x4DC3, 0x55C3, 0x5DE4, 0x65E4, 0x6E05, 0x7607, 0x7E08, 0x8629, 0x8E2B, 0x8E4D, 0x8E4E, 0x8E50,
    0x8E51, 0x8E32, 0x8633, 0x8634, 0x7E15, 0x6DF6, 0x5DB7, 0x4D58, 0x44B8, 0x3439, 0x33DA, 0x339A, 0x3B7A, 0x3B7B, 0x437B, 0x537B,
    0x4602, 0x45E2, 0x45E2, 0x45E3, 0x4E03, 0x5604, 0x5E04, 0x6625, 0x6E26, 0x7647, 0x7E49, 0x864A, 0x8E6C, 0x8E6D, 0x8E6F, 0x8E70,
    0x8E72, 0x8E73, 0x8674, 0x8655, 0x8655, 0x7E56, 0x6E37, 0x65F8, 0x5598, 0x4519, 0x3CB9, 0x3C7A, 0x445A, 0x443B, 0x4C3B, 0x5C5B,
    0x4623, 0x4623, 0x4E23, 0x4E23, 0x4E24, 0x5624, 0x6645, 0x6E46, 0x7667, 0x7E68, 0x866A, 0x866B, 0x8E8D, 0x8E8E, 0x8E90, 0x8E91,
    0x8692, 0x8693, 0x8694, 0x8695, 0x8696, 0x8676, 0x7E77, 0x7658, 0x6618, 0x55D9, 0x4D79, 0x453A, 0x4D1A, 0x4CFB, 0x54FB, 0x5CFB,
    0x4E63, 0x4E63, 0x4E63, 0x5664, 0x5664, 0x5E65, 0x6666, 0x6E87, 0x7E88, 0x7E89, 0x868B, 0x86AC, 0x86AE, 0x86AF, 0x86B0, 0x86B1,
    0x86B3, 0x86B3, 0x86B4, 0x86B5, 0x86B6, 0x86B7, 0x86B7, 0x86B8, 0x7699, 0x6679, 0x5E1A, 0x55DA, 0x55BA, 0x559B, 0x5D7B, 0x657B,
    0x5684, 0x5E84, 0x5E84, 0x5E84, 0x5E85, 0x6686, 0x6EA7, 0x76A8, 0x7EA9, 0x86AA, 0x86AC, 0x86AD, 0x86AE, 0x86B0, 0x86B1, 0x86B2,
    0x86B3, 0x86D4, 0x86D5, 0x8ED5, 0x8ED6, 0x8ED7, 0x8ED8, 0x8ED8, 0x7EB9, 0x76B9, 0x6E7A, 0x5E5A, 0x5E1A, 0x5DFB, 0x65FB, 0x6DFB,
    0x66C4, 0x66C4, 0x66C5, 0x66C5, 0x66C6, 0x6EC6, 0x76C7, 0x7EC8, 0x86CA, 0x86CB, 0x86CC, 0x86CE, 0x86CF, 0x86D0, 0x86D1, 0x86D2,
    0x86D3, 0x86D4, 0x86D5, 0x8ED6, 0x8EF6, 0x8EF7, 0x8EF8, 0x8EF8, 0x8EF9, 0x86DA, 0x7EDA, 0x6EBA, 0x669A, 0x667B, 0x6E5B, 0x6E5B,
    0x76E5, 0x76E5, 0x76E6, 0x76E6, 0x76E6, 0x76E7, 0x7EE8, 0x7EE9, 0x86EA, 0x86EC, 0x86ED, 0x86EE, 0x86EF, 0x86F0, 0x86F1, 0x86F2,
    0x86F3, 0x86F4, 0x8EF5, 0x8EF6, 0x8EF6, 0x96F7, 0x96F8, 0x96F8, 0x96F9, 0x8EFA, 0x86FA, 0x7EFA, 0x76DB, 0x6EBB, 0x6E9B, 0x769B,
    0x7F06, 0x7F06, 0x7F06, 0x7F07, 0x7F07, 0x7F08, 0x8709, 0x86EA, 0x86EB, 0x86EC, 0x86ED, 0x7EEE, 0x7EF0, 0x7EF1, 0x86F2, 0x86F3,
    0x86F3, 0x8F14, 0x8F15, 0x8F16, 0x9716, 0x9717, 0x9718, 0x9719, 0x9719, 0x971A, 0x971A, 0x8F1A, 0x871B, 0x7EFB, 0x76FB, 0x76DC,
    0x8726, 0x8726, 0x8707, 0x8707, 0x8707, 0x8708, 0x8709, 0x870A, 0x870B, 0x7F0C, 0x7F0E, 0x7F0F, 0x7F10, 0x7F11, 0x8712, 0x8713,
    0x8F14, 0x8F14, 0x8F15, 0x9716, 0x9737, 0x9737, 0x9738, 0x9739, 0x9F39, 0x973A, 0x973A, 0x973A, 0x8F3B, 0x871B, 0x871B, 0x7F1C,
    0x8F26, 0x8F26, 0x8727, 0x8727, 0x8728, 0x8728, 0x8729, 0x872A, 0x870C, 0x7F0D, 0x7F0E, 0x7F0F, 0x7F10, 0x8711, 0x8712, 0x8733,
    0x8F34, 0x8F35, 0x9735, 0x9736, 0x9737, 0x9737, 0x9F38, 0x9F39, 0x9F59, 0x9F5A, 0x9F5A, 0x9F5A, 0x975B, 0x973B, 0x8F3B, 0x873C,
    0x7820, 0x7821, 0x7821, 0x7021, 0x7021, 0x7022, 0x7022, 0x7023, 0x7024, 0x6824, 0x6825, 0x7026, 0x7027, 0x7028, 0x7029, 0x702A,
    0x702B, 0x702C, 0x782D, 0x782F, 0x7830, 0x7832, 0x8033, 0x8035, 0x8036, 0x8038, 0x8039, 0x803A, 0x783B, 0x703C, 0x703C, 0x683D,
    0x7840, 0x7840, 0x7821, 0x7821, 0x7821, 0x7822, 0x7822, 0x7023, 0x7023, 0x7024, 0x7025, 0x7026, 0x7027, 0x7028, 0x7829, 0x782A,
    0x782B, 0x782C, 0x782E, 0x802F, 0x8031, 0x8032, 0x8034, 0x8035, 0x8037, 0x8038, 0x7839, 0x783A, 0x703B, 0x703C, 0x703C, 0x683D,
    0x7060, 0x7840, 0x8041, 0x8041, 0x8041, 0x7821, 0x7822, 0x7823, 0x7823, 0x7824, 0x7825, 0x7826, 0x7827, 0x7828, 0x7829, 0x802A,
    0x802B, 0x802D, 0x802E, 0x8030, 0x8031, 0x8053, 0x8054, 0x8056, 0x8057, 0x8058, 0x7859, 0x705A, 0x705B, 0x705C, 0x685C, 0x685D,
    0x70A0, 0x7880, 0x8060, 0x8041, 0x8041, 0x8041, 0x8042, 0x8042, 0x8043, 0x7844, 0x7845, 0x7846, 0x8047, 0x8048, 0x8049, 0x804A,
    0x804C, 0x884D, 0x884F, 0x8850, 0x8852, 0x8854, 0x8055, 0x8056, 0x8058, 0x7859, 0x785A, 0x705A, 0x705B, 0x685C, 0x685C, 0x685C,
    0x70C0, 0x70A0, 0x7880, 0x8061, 0x8841, 0x8841, 0x8041, 0x8042, 0x8043, 0x8044, 0x8044, 0x8045, 0x8047, 0x8048, 0x8849, 0x884A,
    0x884C, 0x884E, 0x884F, 0x8851, 0x8853, 0x8854, 0x8055, 0x8057, 0x7858, 0x7859, 0x705A, 0x705B, 0x685B, 0x685C, 0x685C, 0x685C,
    0x70E0, 0x70E0, 0x78C0, 0x80A1, 0x8081, 0x8861, 0x8861, 0x8842, 0x8842, 0x8043, 0x8044, 0x8045, 0x8846, 0x8848, 0x8849, 0x884B,
    0x884C, 0x884E, 0x8850, 0x8851, 0x8853, 0x8855, 0x8056, 0x8057, 0x7858, 0x7059, 0x705A, 0x685B, 0x685B, 0x685C, 0x685C, 0x685D,
    0x6920, 0x7120, 0x7900, 0x78E0, 0x80C1, 0x88A1, 0x8861, 0x8861, 0x8862, 0x8863, 0x8844, 0x8845, 0x8846, 0x8848, 0x8849, 0x904B,
    0x904D, 0x906F, 0x9070, 0x8872, 0x8854, 0x8855, 0x8056, 0x7857, 0x7858, 0x7059, 0x685A, 0x685B, 0x685B, 0x687C, 0x687C, 0x607D,
    0x6960, 0x7160, 0x7940, 0x7940, 0x8121, 0x80E1, 0x88C1, 0x88A1, 0x8882, 0x8863, 0x8863, 0x8865, 0x8866, 0x8868, 0x8869, 0x906B,
    0x906D, 0x906F, 0x9071, 0x8873, 0x8874, 0x8075, 0x7877, 0x7878, 0x7079, 0x687A, 0x687A, 0x687B, 0x607B, 0x607C, 0x607C, 0x587D,
    0x69A0, 0x71A0, 0x79A0, 0x7980, 0x8181, 0x8141, 0x8921, 0x88E1, 0x88A2, 0x8882, 0x8883, 0x8864, 0x8866, 0x8868, 0x8869, 0x906B,
    0x906D, 0x906F, 0x9071, 0x8873, 0x8074, 0x8076, 0x7877, 0x7078, 0x6879, 0x687A, 0x607A, 0x607B, 0x607C, 0x587C, 0x587C, 0x587D,
    0x69E0, 0x71E0, 0x79E0, 0x79E1, 0x81E1, 0x81C1, 0x89A1, 0x8961, 0x8921, 0x88E2, 0x88A3, 0x88A4, 0x8886, 0x8888, 0x8889, 0x908C,
    0x908E, 0x9090, 0x8891, 0x8873, 0x8075, 0x7876, 0x7077, 0x6878, 0x6879, 0x607A, 0x587B, 0x587B, 0x587C, 0x507C, 0x507D, 0x507D,
    0x6A20, 0x7220, 0x7A40, 0x7A41, 0x8261, 0x8241, 0x8A21, 0x89E1, 0x89A2, 0x8942, 0x8903, 0x88E4, 0x88C6, 0x88A8, 0x88AA, 0x88AC,
    0x88AE, 0x8890, 0x8892, 0x8093, 0x7895, 0x7076, 0x6877, 0x6079, 0x6079, 0x587A, 0x587B, 0x507B, 0x507C, 0x487C, 0x489D, 0x489D,
    0x6A60, 0x6A80, 0x72A1, 0x7AA1, 0x82C1, 0x82C1, 0x8AA1, 0x8A82, 0x8A42, 0x89E2, 0x89A3, 0x8964, 0x8926, 0x8908, 0x890A, 0x88EC,
    0x88EE, 0x80D0, 0x80B2, 0x7894, 0x6895, 0x6097, 0x6078, 0x5879, 0x507A, 0x507A, 0x487B, 0x487C, 0x489C, 0x489C, 0x489D, 0x489D,
    0x62A0, 0x6AE0, 0x7301, 0x7B01, 0x8321, 0x8321, 0x8B22, 0x8B02, 0x8AC2, 0x8A82, 0x8A43, 0x8A04, 0x89C6, 0x8988, 0x896A, 0x896C,
    0x814E, 0x8110, 0x78F2, 0x68B4, 0x60B5, 0x5897, 0x5098, 0x4899, 0x489A, 0x409B, 0x409B, 0x409C, 0x409C, 0x409D, 0x409D, 0x48BD,
    0x6300, 0x6B20, 0x7361, 0x7361, 0x7B81, 0x83A1, 0x83A2, 0x8B82, 0x8B62, 0x8B23, 0x8AE4, 0x8AA5, 0x8A86, 0x8A48, 0x8A2B, 0x8A0D,
    0x81EF, 0x7991, 0x7152, 0x60F4, 0x58D5, 0x48B7, 0x4098, 0x409A, 0x389A, 0x389B, 0x389C, 0x389C, 0x389C, 0x389D, 0x40BD, 0x48BD,
    0x6360, 0x6B81, 0x6BA1, 0x73C1, 0x73E1, 0x7BE2, 0x7C02, 0x8402, 0x83E3, 0x8BC3, 0x8B84, 0x8B65, 0x8B27, 0x8B09, 0x8ACB, 0x82CD,
    0x828F, 0x7A31, 0x69D2, 0x5954, 0x4915, 0x40D7, 0x38B9, 0x309A, 0x309B, 0x309B, 0x309C, 0x309C, 0x30BC, 0x38BD, 0x40BD, 0x48DD,
    0x63C0, 0x63E1, 0x6C01, 0x6C21, 0x6C21, 0x7442, 0x7C42, 0x7C62, 0x8443, 0x8444, 0x8425, 0x8C06, 0x8BC8, 0x8BA9, 0x838B, 0x836D,
    0x7B4F, 0x72F1, 0x6A92, 0x59F4, 0x4975, 0x3917, 0x30D8, 0x28BA, 0x28BB, 0x28BC, 0x28BC, 0x28BC, 0x30BC, 0x30BD, 0x40DD, 0x48DD,
    0x5C00, 0x6421, 0x6441, 0x6461, 0x6C81, 0x6C82, 0x74A2, 0x7CA3, 0x7CA3, 0x84A4, 0x84A5, 0x8486, 0x8C68, 0x8C4A, 0x842C, 0x840D,
    0x7BEF, 0x73B1, 0x6B32, 0x5AB4, 0x4A15, 0x3977, 0x3118, 0x28FA, 0x20DB, 0x20BC, 0x20BC, 0x20DC, 0x28DC, 0x30DC, 0x38FC, 0x48FC,
    0x5C40, 0x5C61, 0x5C81, 0x64A1, 0x64A1, 0x6CC2, 0x6CE2, 0x74E3, 0x7CE4, 0x8504, 0x8505, 0x8CE6, 0x8CE8, 0x8CE9, 0x8CCB, 0x848D,
    0x7C6F, 0x7C51, 0x6BF2, 0x5B73, 0x4AD5, 0x3A16, 0x3198, 0x2139, 0x20FA, 0x20DB, 0x20DC, 0x20DC, 0x28FC, 0x30FC, 0x391C, 0x491C,
    0x54A1, 0x54A1, 0x5CC1, 0x5CC1, 0x5CE2, 0x6502, 0x6D03, 0x7523, 0x7D24, 0x8545, 0x8D45, 0x8D47, 0x8D48, 0x8D4A, 0x8D2B, 0x850D,
    0x84EF, 0x7CD1, 0x7492, 0x6C53, 0x53B5, 0x42F6, 0x3257, 0x29B9, 0x215A, 0x213B, 0x211B, 0x211C, 0x291C, 0x311C, 0x413C, 0x495C,
    0x54E1, 0x54E1, 0x5501, 0x5501, 0x5D22, 0x6522, 0x6D43, 0x7543, 0x7D64, 0x8565, 0x8D86, 0x8D87, 0x9588, 0x958A, 0x958C, 0x8D6E,
    0x856F, 0x8550, 0x7D32, 0x74F3, 0x6495, 0x53F6, 0x4337, 0x3278, 0x29F9, 0x219A, 0x217B, 0x295B, 0x295B, 0x317C, 0x419C, 0x49BC,
    0x4D21, 0x4D41, 0x5541, 0x5542, 0x5D42, 0x6563, 0x6D83, 0x7584, 0x7DA5, 0x85A5, 0x8DC7, 0x95C8, 0x95C9, 0x9DEA, 0x95EC, 0x95CE,
    0x8DD0, 0x8DB1, 0x8592, 0x7D73, 0x6D35, 0x5CD6, 0x4C37, 0x3B58, 0x32D9, 0x2A3A, 0x2A1A, 0x29FB, 0x31FB, 0x39FB, 0x421B, 0x523C,
    0x4D61, 0x4D61, 0x4D62, 0x5582, 0x5582, 0x5DA3, 0x65A3, 0x75C4, 0x7DC5, 0x85E6, 0x8DE7, 0x9608, 0x9E0A, 0x9E0B, 0x9E2D, 0x9E0F,
    0x9610, 0x9611, 0x8DF3, 0x8DF3, 0x7DB5, 0x6D96, 0x5D17, 0x4C77, 0x3BD8, 0x3339, 0x32DA, 0x329A, 0x3A9B, 0x429B, 0x4ABB, 0x52BB,
    0x4DA2, 0x4DA2, 0x4DA2, 0x55C2, 0x55C3, 0x65C3, 0x6DE4, 0x75E5, 0x7E06, 0x8607, 0x8E28, 0x9629, 0x9E4B, 0x9E4C, 0x9E4E, 0x9E4F,
    0x9E51, 0x9652, 0x9633, 0x8E34, 0x8615, 0x7DF6, 0x6DB7, 0x5D57, 0x4CB8, 0x3C19, 0x3BD9, 0x3B7A, 0x437A, 0x4B5B, 0x537B, 0x5B7B,
    0x4DE2, 0x4DE2, 0x4DE2, 0x55E3, 0x5E03, 0x6604, 0x6E04, 0x7625, 0x7E26, 0x8648, 0x8E49, 0x966A, 0x966C, 0x9E6D, 0x9E6F, 0x9E70,
    0x9E72, 0x9673, 0x9674, 0x9675, 0x8E55, 0x8E56, 0x7E37, 0x6E18, 0x5D98, 0x4D39, 0x44D9, 0x447A, 0x4C5A, 0x543B, 0x5C5B, 0x645B,
    0x4E22, 0x5623, 0x5623, 0x5623, 0x5E23, 0x6644, 0x6E45, 0x7E46, 0x8667, 0x8E68, 0x8E8A, 0x968B, 0x968D, 0x968E, 0x9690, 0x9691,
    0x9692, 0x9693, 0x9694, 0x9695, 0x9696, 0x8E96, 0x8677, 0x7E78, 0x6E39, 0x5DD9, 0x5579, 0x553A, 0x551A, 0x5CFB, 0x64FB, 0x6CFB,
    0x5663, 0x5663, 0x5E63, 0x5E64, 0x6664, 0x6E65, 0x7686, 0x7E87, 0x8688, 0x8EA9, 0x96AB, 0x96AC, 0x96AE, 0x96AF, 0x96B0, 0x96B2,
    0x96B3, 0x96B4, 0x96B5, 0x96B5, 0x96B6, 0x96B7, 0x8EB7, 0x8EB8, 0x7E99, 0x6E79, 0x663A, 0x5DDA, 0x5DBA, 0x659B, 0x6D9B, 0x759B,
    0x6683, 0x6684, 0x6684, 0x6684, 0x6E85, 0x76A6, 0x7EA6, 0x86A8, 0x8EA9, 0x8ECA, 0x96CB, 0x96CD, 0x96CE, 0x96D0, 0x96D1, 0x96D2,
    0x96D3, 0x96D4, 0x96D5, 0x96D6, 0x96D6, 0x96D7, 0x96D8, 0x96D8, 0x8ED9, 0x7EB9, 0x769A, 0x6E5A, 0x6E3A, 0x6E1B, 0x6DFB, 0x75FB,
    0x6EC4, 0x6EC4, 0x6EC5, 0x6EC5, 0x76C5, 0x7EC6, 0x86C7, 0x8EC8, 0x8ECA, 0x96CB, 0x96CC, 0x96CE, 0x96CF, 0x8ED0, 0x8ED1, 0x8ED2,
    0x96D3, 0x96D4, 0x96F5, 0x96F6, 0x96F6, 0x9EF7, 0x96F8, 0x96F8, 0x96F9, 0x8EFA, 0x86DA, 0x76BA, 0x769A, 0x6E7B, 0x767B, 0x7E5C,
    0x7EE5, 0x7EE5, 0x7EE5, 0x7EE6, 0x7EE6, 0x86E7, 0x8EE8, 0x8EE9, 0x8EEA, 0x8EEC, 0x96ED, 0x8EEE, 0x8EEF, 0x8EF1, 0x8EF2, 0x8EF3,
    0x96F3, 0x96F4, 0x96F5, 0x96F6, 0x9EF7, 0x9EF7, 0x9F18, 0x9F18, 0x9F19, 0x96FA, 0x8EFA, 0x86FA, 0x86DB, 0x7EBB, 0x7EBB, 0x7E9C,
    0x8F06, 0x8F06, 0x8F06, 0x8F07, 0x8F07, 0x8F08, 0x8F09, 0x8F0A, 0x8F0B, 0x8F0C, 0x8EED, 0x8EEF, 0x8EF0, 0x8EF1, 0x8EF2, 0x8F13,
    0x9714, 0x9715, 0x9715, 0x9F16, 0x9F17, 0x9F17, 0x9F18, 0x9F19, 0x9F19, 0x9F1A, 0x9F1A, 0x971A, 0x8F1B, 0x86FB, 0x86FB, 0x86DC,
    0x8F26, 0x8F26, 0x8F27, 0x8F27, 0x8F07, 0x8F08, 0x8F09, 0x8F0A, 0x8F0B, 0x8F0D, 0x8F0E, 0x8F0F, 0x8F10, 0x8F11, 0x8F12, 0x9713,
    0x9714, 0x9715, 0x9F15, 0x9F36, 0x9F37, 0x9F37, 0x9F38, 0x9F39, 0x9F39, 0x9F3A, 0x9F3A, 0x9F3A, 0x973B, 0x973B, 0x8F1B, 0x8F1C,
    0x9726, 0x9727, 0x9727, 0x9727, 0x9728, 0x9728, 0x8F29, 0x8F2A, 0x8F2C, 0x8F2D, 0x8F0E, 0x8F0F, 0x8F10, 0x8F31, 0x8F32, 0x9733,
    0x9734, 0x9735, 0x9F35, 0x9F36, 0x9F37, 0x9F37, 0x9F38, 0xA759, 0xA759, 0xA75A, 0xA75A, 0xA75B, 0x9F5B, 0x9F5B, 0x973C, 0x973C,
    0x8020, 0x8021, 0x8021, 0x8021, 0x8021, 0x7822, 0x7822, 0x7823, 0x7824, 0x7824, 0x7825, 0x7826, 0x7826, 0x7827, 0x7828, 0x7829,
    0x782B, 0x802C, 0x802D, 0x802E, 0x8830, 0x8831, 0x8833, 0x8834, 0x8836, 0x8837, 0x8838, 0x8839, 0x803A, 0x803B, 0x783C, 0x783C,
    0x8040, 0x8040, 0x8821, 0x8021, 0x8021, 0x8022, 0x8022, 0x8023, 0x8023, 0x7824, 0x7825, 0x8026, 0x8026, 0x8027, 0x8028, 0x802A,
    0x802B, 0x802C, 0x882D, 0x882F, 0x8830, 0x8832, 0x8833, 0x8835, 0x8836, 0x8858, 0x8859, 0x805A, 0x805A, 0x785B, 0x785C, 0x785C,
    0x8060, 0x8060, 0x8841, 0x8841, 0x8841, 0x8841, 0x8842, 0x8023, 0x8023, 0x8024, 0x8025, 0x8025, 0x8026, 0x8028, 0x8829, 0x882A,
    0x882B, 0x882C, 0x884E, 0x884F, 0x9051, 0x9052, 0x9054, 0x9055, 0x8857, 0x8858, 0x8859, 0x805A, 0x805B, 0x785B, 0x785C, 0x785C,
    0x78A0, 0x8080, 0x8860, 0x8861, 0x8841, 0x8841, 0x8842, 0x8842, 0x8843, 0x8844, 0x8844, 0x8845, 0x8846, 0x8847, 0x8849, 0x884A,
    0x884B, 0x904D, 0x904E, 0x9050, 0x9051, 0x9053, 0x9054, 0x9056, 0x8857, 0x8858, 0x8059, 0x805A, 0x785B, 0x785B, 0x785C, 0x785C,
    0x78C0, 0x80A0, 0x8080, 0x8861, 0x9061, 0x9041, 0x9041, 0x8842, 0x8843, 0x8843, 0x8844, 0x8845, 0x8846, 0x8847, 0x9049, 0x904A,
    0x904B, 0x904D, 0x904F, 0x9050, 0x9052, 0x9054, 0x9055, 0x9056, 0x8857, 0x8859, 0x8059, 0x805A, 0x785B, 0x785B, 0x785C, 0x785C,
    0x7900, 0x78E0, 0x80C0, 0x88A1, 0x8881, 0x9061, 0x9061, 0x9062, 0x9042, 0x9043, 0x9044, 0x9045, 0x9046, 0x9047, 0x9049, 0x904A,
    0x904C, 0x984D, 0x984F, 0x9851, 0x9852, 0x9054, 0x9055, 0x8857, 0x8858, 0x8059, 0x805A, 0x785A, 0x785B, 0x785B, 0x787C, 0x787C,
    0x7920, 0x7920, 0x8100, 0x88E1, 0x88C1, 0x90A1, 0x9081, 0x9061, 0x9062, 0x9063, 0x9064, 0x9045, 0x9046, 0x9047, 0x9049, 0x984A,
    0x986C, 0x986E, 0x9870, 0x9871, 0x9873, 0x9074, 0x9076, 0x8877, 0x8878, 0x8079, 0x807A, 0x787A, 0x787B, 0x787B, 0x787C, 0x707C,
    0x7960, 0x7960, 0x8140, 0x8941, 0x8921, 0x90E1, 0x90C1, 0x90A1, 0x9082, 0x9062, 0x9063, 0x9064, 0x9066, 0x9067, 0x9068, 0x986A,
    0x986C, 0x986E, 0x9870, 0x9872, 0x9873, 0x9075, 0x8876, 0x8877, 0x8078, 0x8079, 0x787A, 0x787A, 0x787B, 0x707C, 0x707C, 0x707C,
    0x79A0, 0x79A0, 0x81A0, 0x8981, 0x8981, 0x8941, 0x9121, 0x90E1, 0x90A1, 0x9082, 0x9083, 0x9064, 0x9065, 0x9067, 0x9868, 0x986A,
    0x986C, 0x986F, 0x9871, 0x9872, 0x9874, 0x9075, 0x8876, 0x8077, 0x8078, 0x7879, 0x787A, 0x707A, 0x707B, 0x707C, 0x687C, 0x687C,
    0x71E0, 0x79E0, 0x8200, 0x89E1, 0x89E1, 0x91C1, 0x91A1, 0x9161, 0x9101, 0x90E2, 0x90A3, 0x9084, 0x9085, 0x9087, 0x9088, 0x988A,
    0x988D, 0x988F, 0x9891, 0x9892, 0x9094, 0x8875, 0x8876, 0x8078, 0x7878, 0x7879, 0x707A, 0x707B, 0x687B, 0x687C, 0x689C, 0x609D,
    0x7220, 0x7A40, 0x8241, 0x8A61, 0x8A61, 0x9241, 0x9221, 0x91E1, 0x9182, 0x9142, 0x90E2, 0x90C3, 0x90A5, 0x90A6, 0x90A8, 0x90AB,
    0x98AD, 0x988F, 0x9891, 0x9093, 0x9094, 0x8896, 0x8097, 0x7898, 0x7099, 0x7099, 0x689A, 0x689B, 0x609B, 0x609C, 0x609C, 0x609D,
    0x7280, 0x7A80, 0x82A1, 0x8AA1, 0x8AC1, 0x92C1, 0x92A1, 0x9282, 0x9242, 0x91E2, 0x9182, 0x9143, 0x9105, 0x90E6, 0x90E8, 0x90CB,
    0x90CD, 0x90CF, 0x90B1, 0x90B3, 0x8894, 0x8096, 0x7897, 0x7098, 0x6899, 0x689A, 0x609A, 0x609B, 0x589B, 0x589C, 0x589C, 0x60BC,
    0x72C0, 0x7AE0, 0x8301, 0x8301, 0x8B21, 0x9321, 0x9322, 0x9302, 0x92C2, 0x9282, 0x9223, 0x91C4, 0x9185, 0x9167, 0x9149, 0x912B,
    0x912D, 0x910F, 0x88F1, 0x88D3, 0x80B4, 0x78B6, 0x7097, 0x6898, 0x6099, 0x609A, 0x589A, 0x589B, 0x509C, 0x509C, 0x58BC, 0x58BC,
    0x7320, 0x7341, 0x7B61, 0x8361, 0x8B81, 0x8B81, 0x9382, 0x9382, 0x9362, 0x9303, 0x92C3, 0x9284, 0x9245, 0x9207, 0x91E9, 0x91CC,
    0x91AE, 0x8990, 0x8951, 0x8113, 0x70F5, 0x68B6, 0x60B7, 0x5898, 0x5899, 0x509A, 0x509B, 0x489B, 0x48BC, 0x50BC, 0x50BC, 0x58DC,
    0x6B60, 0x7381, 0x7BA1, 0x7BC1, 0x83E1, 0x8BE2, 0x8BE2, 0x93E2, 0x93C3, 0x93A3, 0x9364, 0x9344, 0x9306, 0x92C8, 0x92AA, 0x928C,
    0x8A4E, 0x8A30, 0x81F2, 0x7993, 0x6935, 0x60F6, 0x58B7, 0x50B9, 0x48BA, 0x409A, 0x40BB, 0x40BB, 0x40BC, 0x48BC, 0x50DC, 0x58DC,
    0x6BC0, 0x73E1, 0x7401, 0x7C01, 0x7C21, 0x8442, 0x8442, 0x8C42, 0x8C43, 0x9423, 0x9404, 0x93E5, 0x93A6, 0x9388, 0x936A, 0x934C,
    0x8B0E, 0x8AF0, 0x82B2, 0x7233, 0x69B5, 0x5936, 0x48F7, 0x40D9, 0x38BA, 0x38BB, 0x38BB, 0x38BC, 0x40BC, 0x40DC, 0x50DC, 0x58FC,
    0x6C01, 0x6C21, 0x6C41, 0x7461, 0x7461, 0x7C82, 0x8482, 0x84A3, 0x8CA3, 0x8C84, 0x9485, 0x9466, 0x9447, 0x9429, 0x940B, 0x93ED,
    0x8BCF, 0x8BB1, 0x8352, 0x72D3, 0x6235, 0x5196, 0x4137, 0x38F9, 0x30DA, 0x30BB, 0x30BB, 0x30DC, 0x38DC, 0x40DC, 0x50FC, 0x591C,
    0x6441, 0x6461, 0x6C81, 0x6CA1, 0x74C2, 0x74C2, 0x7CE2, 0x84E3, 0x8CE4, 0x8CE5, 0x8CE5, 0x94E7, 0x94C8, 0x94CA, 0x94AB, 0x948D,
    0x8C6F, 0x8C51, 0x8412, 0x7BB3, 0x6B15, 0x5236, 0x41B7, 0x3138, 0x28FA, 0x28DB, 0x28DB, 0x30DC, 0x38FC, 0x40FC, 0x491C, 0x593C,
    0x64A1, 0x64A1, 0x64C1, 0x6CE1, 0x6CE2, 0x7502, 0x7D23, 0x8523, 0x8D44, 0x8D45, 0x9546, 0x9547, 0x9548, 0x9D2A, 0x952C, 0x950D,
    0x8CEF, 0x8CD1, 0x84B2, 0x7C53, 0x6BD5, 0x5B16, 0x4A77, 0x39B8, 0x3159, 0x291A, 0x291B, 0x28FB, 0x391B, 0x411C, 0x495C, 0x597C,
    0x5CE1, 0x5CE1, 0x6501, 0x6502, 0x6D22, 0x7542, 0x7D43, 0x8564, 0x8D65, 0x8D86, 0x9587, 0x9D88, 0x9D89, 0x9D8A, 0x9D8B, 0x9D6D,
    0x956F, 0x8D50, 0x8D32, 0x84F3, 0x7495, 0x6416, 0x5356, 0x4278, 0x31F9, 0x297A, 0x295A, 0x313B, 0x395B, 0x415B, 0x519C, 0x59DC,
    0x5D21, 0x5D21, 0x5D41, 0x6542, 0x6542, 0x6D63, 0x7583, 0x8584, 0x8DA5, 0x95C6, 0x9DC7, 0x9DC8, 0xA5E9, 0xA5EA, 0xA5EC, 0xA5CE,
    0x9DCF, 0x95B1, 0x9592, 0x8D73, 0x8535, 0x74D6, 0x5C36, 0x4B77, 0x42D8, 0x3239, 0x31FA, 0x31DA, 0x39DB, 0x41DB, 0x521B, 0x623C,
    0x5561, 0x5561, 0x5D62, 0x5D82, 0x6582, 0x6DA3, 0x75A4, 0x85C5, 0x8DE5, 0x95E7, 0x9E08, 0xA609, 0xA60A, 0xAE2B, 0xAE2D, 0xA62E,
    0xA610, 0x9E11, 0x9DF3, 0x95F4, 0x8DD5, 0x7D96, 0x6D17, 0x5C97, 0x4BD8, 0x3B39, 0x3AD9, 0x3A7A, 0x427A, 0x4A7B, 0x5ABB, 0x62DB,
    0x55A1, 0x55A2, 0x5DA2, 0x5DC2, 0x65C3, 0x6DE3, 0x75E4, 0x8605, 0x8E06, 0x9627, 0x9E28, 0xA64A, 0xA64B, 0xAE4C, 0xAE4E, 0xAE4F,
    0xA651, 0xA652, 0x9E53, 0x9E34, 0x9635, 0x8E16, 0x7DB7, 0x6D57, 0x5CD8, 0x4C39, 0x4BB9, 0x437A, 0x4B5A, 0x535B, 0x637B, 0x6B9B,
    0x55E2, 0x55E2, 0x5DE2, 0x5DE3, 0x6603, 0x7604, 0x7E25, 0x8626, 0x8E47, 0x9648, 0x9E69, 0xA66A, 0xA66C, 0xA66D, 0xAE8F, 0xAE90,
    0xA691, 0xA693, 0xA694, 0xA675, 0x9E75, 0x9656, 0x8E37, 0x7E18, 0x6DB8, 0x5D39, 0x54D9, 0x547A, 0x5C5A, 0x643B, 0x6C5B, 0x745B,
    0x5E22, 0x5E22, 0x5E23, 0x6623, 0x6E24, 0x7644, 0x7E45, 0x8666, 0x8E67, 0x9689, 0x9E8A, 0xA68B, 0xA68D, 0xA6AE, 0xA6AF, 0xA6B1,
    0xA6B2, 0xA6B3, 0xA6B4, 0xA6B5, 0xA696, 0x9E96, 0x9677, 0x8E78, 0x7E39, 0x6DD9, 0x659A, 0x5D3A, 0x651A, 0x6CFB, 0x6CFB, 0x74FB,
    0x6663, 0x6663, 0x6663, 0x6E64, 0x6E64, 0x7E65, 0x8686, 0x8E87, 0x96A8, 0x9EA9, 0x9EAB, 0xA6AC, 0xA6AD, 0xA6AF, 0xA6D0, 0xA6D2,
    0xA6D3, 0xA6B4, 0xA6D5, 0xA6D6, 0xA6D6, 0xA6B7, 0x9EB7, 0x96B8, 0x8E99, 0x7E79, 0x763A, 0x6DFA, 0x6DBA, 0x6D9B, 0x759B, 0x7D9B,
    0x6E83, 0x6E84, 0x6E84, 0x7684, 0x76A5, 0x7EA6, 0x8EA7, 0x8EA8, 0x96C9, 0x9ECA, 0x9ECB, 0x9ECD, 0xA6CE, 0x9ED0, 0x9ED1, 0x9ED2,
    0x9ED3, 0x9ED4, 0xA6D5, 0xA6D6, 0xA6D6, 0xA6D7, 0x9ED8, 0x9ED8, 0x96D9, 0x8EBA, 0x869A, 0x765A, 0x763A, 0x761B, 0x7E1B, 0x85FC,
    0x76C4, 0x76C4, 0x7EC4, 0x7EC5, 0x7EC5, 0x86C6, 0x8EC7, 0x96C8, 0x9EEA, 0x9EEB, 0x9EEC, 0x9EEE, 0x9EEF, 0x9EF0, 0x9EF1, 0x9EF3,
    0x9EF4, 0x9EF4, 0x9EF5, 0xA6F6, 0xA6F7, 0xA6F7, 0xA6F8, 0xA6F8, 0x9EF9, 0x9EFA, 0x8EDA, 0x86DA, 0x7EBB, 0x7E9B, 0x867B, 0x867C,
    0x86E5, 0x86E5, 0x86E5, 0x86E6, 0x8EE6, 0x8EE7, 0x96E8, 0x96E9, 0x9EEA, 0x9EEC, 0x9EED, 0x9EEE, 0x9EF0, 0x9EF1, 0x9EF2, 0x9EF3,
    0x9EF4, 0x9EF5, 0xA6F5, 0xA6F6, 0xA717, 0xA717, 0xA718, 0xA719, 0xA719, 0x9F1A, 0x9EFA, 0x96FA, 0x8EFB, 0x86DB, 0x8EBB, 0x8EBC,
    0x9706, 0x9706, 0x9706, 0x9707, 0x9707, 0x9708, 0x9F09, 0x9F0A, 0x9F0B, 0x9F0C, 0x9F0D, 0x9F0F, 0x9F10, 0x9F11, 0x9F12, 0x9F13,
    0x9F14, 0x9F15, 0xA715, 0xA716, 0xA717, 0xA717, 0xA718, 0xA719, 0xA719, 0xA71A, 0xA71A, 0x9F1B, 0x9F1B, 0x971B, 0x8EFB, 0x8EFC,
    0x9726, 0x9726, 0x9727, 0x9727, 0x9728, 0x9F28, 0x9F29, 0x9F0A, 0x9F0B, 0x9F0D, 0x9F0E, 0x9F0F, 0x9F10, 0x9F11, 0x9F12, 0x9F13,
    0x9F14, 0x9F15, 0xA736, 0xA736, 0xA737, 0xA737, 0xA738, 0xA739, 0xA739, 0xA73A, 0xA73A, 0xA73B, 0xA73B, 0x9F3B, 0x971C, 0x971C,
    0x9F26, 0x9F27, 0x9F27, 0x9F28, 0x9F28, 0x9F29, 0x9F2A, 0x9F2B, 0x9F2C, 0x9F2D, 0x972E, 0x972F, 0x9731, 0x9F31, 0x9F32, 0x9F33,
    0x9F34, 0xA735, 0xA736, 0xA736, 0xA737, 0xA737, 0xA758, 0xAF59, 0xAF59, 0xAF5A, 0xAF5A, 0xAF5B, 0xA75B, 0xA75B, 0xA75C, 0x9F3C,
    0x8820, 0x8821, 0x8821, 0x8821, 0x8821, 0x8822, 0x8822, 0x8023, 0x8023, 0x8024, 0x8025, 0x8025, 0x8026, 0x8027, 0x8828, 0x8829,
    0x882A, 0x882B, 0x882D, 0x882E, 0x902F, 0x9031, 0x9032, 0x9034, 0x9035, 0x9837, 0x9038, 0x9039, 0x903A, 0x883B, 0x883B, 0x803C,
    0x8840, 0x8840, 0x9041, 0x9021, 0x8821, 0x8822, 0x8822, 0x8823, 0x8823, 0x8824, 0x8825, 0x8825, 0x8826, 0x8827, 0x8828, 0x8829,
    0x882A, 0x902C, 0x902D, 0x902E, 0x9030, 0x9031, 0x9853, 0x9854, 0x9856, 0x9857, 0x9058, 0x9059, 0x885A, 0x885B, 0x885B, 0x805C,
    0x8860, 0x8860, 0x9041, 0x9041, 0x9041, 0x9041, 0x9042, 0x8842, 0x8843, 0x8824, 0x8824, 0x8825, 0x8826, 0x8827, 0x9028, 0x9029,
    0x904B, 0x904C, 0x904D, 0x984F, 0x9850, 0x9852, 0x9853, 0x9855, 0x9856, 0x9857, 0x9059, 0x905A, 0x885A, 0x885B, 0x885C, 0x885C,
    0x80A0, 0x8880, 0x9061, 0x9061, 0x9841, 0x9041, 0x9042, 0x9042, 0x9043, 0x9044, 0x9044, 0x9045, 0x9046, 0x9047, 0x9048, 0x9049,
    0x984B, 0x984C, 0x984E, 0x984F, 0x9851, 0x9852, 0x9854, 0x9855, 0x9857, 0x9058, 0x9059, 0x885A, 0x885A, 0x885B, 0x885C, 0x885C,
    0x80C0, 0x88A0, 0x88A0, 0x9081, 0x9861, 0x9841, 0x9841, 0x9842, 0x9842, 0x9043, 0x9044, 0x9045, 0x9046, 0x9047, 0x9848, 0x984A,
    0x984B, 0x984D, 0x984E, 0xA050, 0xA051, 0xA053, 0x9854, 0x9856, 0x9857, 0x9058, 0x9059, 0x885A, 0x885A, 0x885B, 0x885C, 0x887C,
    0x8100, 0x88E0, 0x88C0, 0x90A1, 0x9881, 0x9881, 0x9861, 0x9862, 0x9842, 0x9843, 0x9844, 0x9845, 0x9846, 0x9847, 0x9848, 0x984A,
    0x984B, 0xA04D, 0xA04F, 0xA070, 0xA072, 0xA073, 0x9875, 0x9876, 0x9877, 0x9078, 0x9079, 0x887A, 0x887A, 0x887B, 0x887C, 0x887C,
    0x8120, 0x8920, 0x8900, 0x90E1, 0x90C1, 0x98A1, 0xA081, 0xA061, 0x9862, 0x9863, 0x9863, 0x9864, 0x9845, 0x9847, 0x9868, 0xA06A,
    0xA06B, 0xA06D, 0xA06F, 0xA071, 0xA072, 0xA074, 0x9875, 0x9876, 0x9077, 0x9078, 0x8879, 0x887A, 0x887A, 0x887B, 0x887C, 0x807C,
    0x8160, 0x8960, 0x8960, 0x9141, 0x9121, 0x9901, 0x98C1, 0x98A1, 0xA082, 0xA062, 0xA063, 0x9864, 0x9865, 0x9866, 0xA068, 0xA069,
    0xA06B, 0xA06D, 0xA06F, 0xA071, 0xA073, 0xA074, 0x9876, 0x9877, 0x9078, 0x9079, 0x8879, 0x887A, 0x887B, 0x807B, 0x807C, 0x807C,
    0x81A0, 0x89A0, 0x89A0, 0x9181, 0x9181, 0x9961, 0x9921, 0x98E1, 0xA0A1, 0xA082, 0xA083, 0xA064, 0xA065, 0xA066, 0xA068, 0xA069,
    0xA06B, 0xA06E, 0xA070, 0xA091, 0xA093, 0xA075, 0x9876, 0x9077, 0x9078, 0x8879, 0x8879, 0x887A, 0x807B, 0x807B, 0x789C, 0x789C,
    0x8200, 0x8A00, 0x8A01, 0x9201, 0x91E1, 0x99C1, 0x99A1, 0x9961, 0x9901, 0xA0C2, 0xA0A2, 0xA083, 0x9884, 0x9886, 0x9887, 0xA089,
    0xA08B, 0xA08E, 0xA090, 0xA092, 0xA093, 0x9895, 0x9896, 0x9097, 0x8898, 0x8899, 0x809A, 0x809A, 0x809B, 0x789B, 0x789C, 0x709C,
    0x8240, 0x8A40, 0x8A61, 0x9261, 0x9261, 0x9A41, 0x9A21, 0x99E1, 0x9982, 0x9922, 0xA0E2, 0x98C3, 0x98A4, 0x98A6, 0x9887, 0xA089,
    0xA08B, 0xA08E, 0xA090, 0xA092, 0xA093, 0x9895, 0x9096, 0x9097, 0x8898, 0x8099, 0x809A, 0x789A, 0x789B, 0x709B, 0x709C, 0x70BC,
    0x8280, 0x82A0, 0x8AA1, 0x92C1, 0x92C1, 0x9AC1, 0x9AA1, 0x9A82, 0xA242, 0x99C2, 0x9962, 0x9923, 0x98E4, 0x98C5, 0x98C7, 0x98C9,
    0x98CC, 0xA0CE, 0xA0B0, 0xA0B2, 0x98B4, 0x90B5, 0x9096, 0x8897, 0x8098, 0x8099, 0x789A, 0x709A, 0x709B, 0x70BB, 0x70BC, 0x70BC,
    0x7AC0, 0x82E1, 0x8B01, 0x9321, 0x9321, 0x9B21, 0x9B22, 0xA302, 0xA2C2, 0x9A62, 0x9A02, 0x99A3, 0x9964, 0x9925, 0x9907, 0x990A,
    0x990C, 0x990E, 0x98F0, 0x98D2, 0x90D4, 0x90B5, 0x88B6, 0x80B7, 0x7898, 0x7099, 0x709A, 0x68BB, 0x68BB, 0x68BB, 0x68BC, 0x70DC,
    0x7B20, 0x8341, 0x8B61, 0x8B61, 0x9381, 0x9B82, 0x9B82, 0x9B82, 0xA342, 0xA302, 0xA2C3, 0x9A63, 0x9A24, 0x99C6, 0x99A8, 0x998A,
    0x996C, 0x996E, 0x9950, 0x9132, 0x88F4, 0x88D5, 0x80B6, 0x78B8, 0x70B9, 0x68B9, 0x68BA, 0x60BB, 0x60BB, 0x60BC, 0x68DC, 0x68DC,
    0x7B81, 0x8381, 0x83A1, 0x8BC1, 0x8BE1, 0x93E2, 0x9BE2, 0x9BE2, 0x9BC3, 0x9BA3, 0xA363, 0x9B04, 0x9AC5, 0x9A86, 0x9A48, 0x9A2A,
    0x9A0D, 0x9A0F, 0x91F1, 0x9192, 0x8954, 0x7915, 0x70D6, 0x68D8, 0x60B9, 0x60BA, 0x58BA, 0x58BB, 0x58DB, 0x60DC, 0x68FC, 0x68FC,
    0x7BC1, 0x7BE1, 0x8401, 0x8401, 0x8C21, 0x8C22, 0x9442, 0x9442, 0x9C23, 0x9C03, 0x9BE4, 0x9BA4, 0x9B85, 0x9B47, 0x9B29, 0x9AEB,
    0x9ACD, 0x9AD0, 0x92B1, 0x8A53, 0x81D4, 0x7155, 0x6917, 0x60D8, 0x58D9, 0x50BA, 0x50BA, 0x50DB, 0x50DB, 0x58DB, 0x60FC, 0x691C,
    0x7401, 0x7C21, 0x7C41, 0x8461, 0x8462, 0x8C82, 0x8C82, 0x9483, 0x9483, 0x9C84, 0x9C64, 0x9C45, 0x9C26, 0x9C08, 0x9BEA, 0x9BAC,
    0x9B8E, 0x9B90, 0x9352, 0x8AF3, 0x8274, 0x71D5, 0x6177, 0x5118, 0x48F9, 0x48DA, 0x48DA, 0x48DB, 0x50FB, 0x58FB, 0x611C, 0x693C,
    0x7461, 0x7461, 0x7481, 0x7CA1, 0x7CA2, 0x84C2, 0x8CC3, 0x8CE3, 0x94E4, 0x94E4, 0x9CE5, 0x9CC6, 0x9CA8, 0x9CA9, 0x9C8B, 0x9C6D,
    0x9C4E, 0x9C30, 0x9412, 0x8BD3, 0x8334, 0x6A95, 0x59F6, 0x4958, 0x4119, 0x40FA, 0x40FA, 0x40FB, 0x48FB, 0x511B, 0x613C, 0x695C,
    0x6CA1, 0x6CA1, 0x74C1, 0x74E1, 0x7CE2, 0x8502, 0x8D23, 0x8D24, 0x9544, 0x9D45, 0x9D46, 0x9D27, 0xA528, 0xA52A, 0xA50B, 0x9CED,
    0x9CEF, 0x9CD0, 0x9492, 0x8C73, 0x83F4, 0x7355, 0x6296, 0x49F8, 0x4179, 0x393A, 0x391A, 0x411B, 0x491B, 0x513B, 0x617B, 0x699C,
    0x64E1, 0x6CE1, 0x6D01, 0x7522, 0x7522, 0x7D43, 0x8543, 0x8D64, 0x9565, 0x9D86, 0xA587, 0xA588, 0xA589, 0xA58A, 0xA58C, 0xA56D,
    0xA54F, 0x9D30, 0x9512, 0x9513, 0x84B5, 0x7C36, 0x6B76, 0x5297, 0x4218, 0x3979, 0x395A, 0x393B, 0x415B, 0x517B, 0x61BB, 0x69FB,
    0x6521, 0x6521, 0x6D41, 0x6D42, 0x7562, 0x7D63, 0x8584, 0x8DA4, 0x95A5, 0x9DC6, 0xA5C8, 0xA5C8, 0xADEA, 0xADCB, 0xADCC, 0xADCD,
    0xA5CF, 0xA5B1, 0x9D92, 0x9573, 0x8D55, 0x84F6, 0x7456, 0x5B97, 0x52D8, 0x4239, 0x41FA, 0x41BA, 0x49DB, 0x51DB, 0x621B, 0x727B,
    0x6561, 0x6561, 0x6562, 0x6D82, 0x7582, 0x7DA3, 0x85C4, 0x8DC5, 0x95E6, 0x9DE7, 0xA608, 0xAE09, 0xAE2A, 0xB62B, 0xB62D, 0xB62E,
    0xAE0F, 0xAE11, 0xA5F2, 0xA5F3, 0x9DD5, 0x8D96, 0x7D37, 0x6C97, 0x5BF8, 0x4B19, 0x4AB9, 0x4A5A, 0x527A, 0x5A7B, 0x62BB, 0x72FB,
    0x5DA1, 0x65A2, 0x65A2, 0x6DC2, 0x75C3, 0x7DE4, 0x85E4, 0x9605, 0x9E27, 0xA628, 0xA629, 0xAE4A, 0xB64B, 0xB64C, 0xB64D, 0xB64F,
    0xB650, 0xAE51, 0xAE53, 0xAE34, 0xA635, 0x9E16, 0x8DB7, 0x7D78, 0x6CD8, 0x5C39, 0x53B9, 0x535A, 0x5B3A, 0x633B, 0x6B7B, 0x7B9B,
    0x65E2, 0x65E2, 0x65E2, 0x6DE3, 0x7603, 0x7E04, 0x8E25, 0x9646, 0x9E47, 0xA648, 0xAE69, 0xAE6B, 0xB66C, 0xB68D, 0xB68E, 0xB690,
    0xB691, 0xB692, 0xAE93, 0xAE95, 0xAE75, 0xA676, 0x9E57, 0x8E18, 0x7DB8, 0x6D39, 0x64D9, 0x5C7A, 0x645A, 0x6C3A, 0x745B, 0x7C5B,
    0x6622, 0x6622, 0x6E23, 0x6E23, 0x7E44, 0x8645, 0x8E66, 0x9667, 0x9E68, 0xA689, 0xAE8A, 0xAE8C, 0xAEAD, 0xB6AE, 0xB6AF, 0xB6B1,
    0xB6B2, 0xAEB3, 0xAEB4, 0xAEB5, 0xAEB6, 0xAE96, 0xA697, 0x9678, 0x8E39, 0x7DF9, 0x759A, 0x6D3A, 0x6D1A, 0x74FB, 0x7CFB, 0x851B,
    0x6E63, 0x6E63, 0x6E63, 0x7664, 0x7E64, 0x8685, 0x8E86, 0x9E87, 0x9EA8, 0xA6AA, 0xAEAB, 0xAEAC, 0xAECD, 0xAECF, 0xAED0, 0xAED1,
    0xAED3, 0xAED4, 0xAED5, 0xAED6, 0xAED6, 0xAED7, 0xAED8, 0xA6B8, 0x9699, 0x8E99, 0x7E3A, 0x75FA, 0x7DDA, 0x7DBB, 0x85BB, 0x8DBB,
    0x7683, 0x7683, 0x7684, 0x7E84, 0x86A5, 0x8EA6, 0x96A7, 0x9EC8, 0xA6C9, 0xA6CA, 0xAECC, 0xAECD, 0xAECE, 0xAED0, 0xAED1, 0xAED2,
    0xAED3, 0xAED4, 0xAED5, 0xAED6, 0xAEF7, 0xAEF7, 0xAED8, 0xA6D8, 0x9ED9, 0x96DA, 0x8E9A, 0x867A, 0x865B, 0x863B, 0x8E1B, 0x8E1C,
    0x86C4, 0x86C4, 0x86C4, 0x86C5, 0x8EC6, 0x96C7, 0x9EC8, 0x9EE9, 0xA6EA, 0xA6EB, 0xAEEC, 0xAEEE, 0xAEEF, 0xAEF0, 0xAEF1, 0xAEF3,
    0xAEF4, 0xAEF5, 0xAEF5, 0xAEF6, 0xAEF7, 0xAEF7, 0xAEF8, 0xAEF9, 0xA6F9, 0xA6FA, 0x9EFA, 0x8EDA, 0x8EBB, 0x8E9B, 0x8E9B, 0x967C,
    0x8EE5, 0x8EE5, 0x8EE5, 0x96E6, 0x96E6, 0x9EE7, 0x9EE8, 0xA6E9, 0xA6EB, 0xA6EC, 0xA6ED, 0xA6EE, 0xA6F0, 0xA6F1, 0xA6F2, 0xA6F3,
    0xAEF4, 0xAF15, 0xAF16, 0xAF16, 0xAF17, 0xAF17, 0xAF18, 0xAF19, 0xAF19, 0xAF1A, 0xA71A, 0x9EFA, 0x96FB, 0x96DB, 0x96DB, 0x96BC,
    0x9F06, 0x9F06, 0x9F06, 0x9F07, 0x9F07, 0x9F08, 0xA709, 0xA70A, 0xA70B, 0xA70C, 0xA70E, 0xA70F, 0xA710, 0xA711, 0xA712, 0xA713,
    0xA714, 0xAF15, 0xAF16, 0xAF16, 0xAF17, 0xAF18, 0xAF18, 0xAF39, 0xAF39, 0xAF3A, 0xAF3A, 0xAF1B, 0xA71B, 0x9F1B, 0x9F1C, 0x9EFC,
    0x9F26, 0x9F26, 0x9F27, 0x9F27, 0xA728, 0xA728, 0xA729, 0xA72A, 0xA72C, 0xA72D, 0xA72E, 0xA72F, 0xA730, 0xA731, 0xA732, 0xA733,
    0xA734, 0xAF35, 0xAF36, 0xAF36, 0xAF37, 0xAF38, 0xAF38, 0xAF39, 0xAF39, 0xAF3A, 0xAF3A, 0xAF3B, 0xAF3B, 0xA73B, 0xA73C, 0x9F1C,
    0xA727, 0xA727, 0xA727, 0xA728, 0xA728, 0xA729, 0xA72A, 0xA72B, 0xA72C, 0xA72D, 0xA72E, 0xA730, 0xA731, 0xA732, 0xA733, 0xA733,
    0xA734, 0xAF35, 0xAF36, 0xAF36, 0xAF37, 0xAF58, 0xAF58, 0xAF59, 0xB759, 0xB75A, 0xB75A, 0xB75B, 0xAF5B, 0xAF5B, 0xAF5C, 0xA75C,
    0x9820, 0x9021, 0x9021, 0x9021, 0x9021, 0x9022, 0x9022, 0x9023, 0x8823, 0x8824, 0x8825, 0x8825, 0x8826, 0x9027, 0x9028, 0x9029,
    0x902A, 0x902B, 0x902C, 0x902D, 0x982F, 0x9830, 0x9832, 0x9833, 0xA035, 0xA036, 0xA057, 0x9859, 0x985A, 0x905A, 0x905B, 0x905C,
    0x9040, 0x9840, 0x9841, 0x9841, 0x9821, 0x9022, 0x9022, 0x9023, 0x9023, 0x9024, 0x9024, 0x9025, 0x9026, 0x9027, 0x9028, 0x9029,
    0x982A, 0x982B, 0x982D, 0x982E, 0x982F, 0x9851, 0xA052, 0xA054, 0xA055, 0xA057, 0xA058, 0x9859, 0x985A, 0x905B, 0x905B, 0x905C,
    0x9060, 0x9860, 0x9841, 0x9841, 0x9841, 0x9841, 0x9842, 0x9842, 0x9843, 0x9044, 0x9044, 0x9045, 0x9846, 0x9847, 0x9848, 0x9849,
    0x984A, 0x984C, 0x984D, 0xA04E, 0xA050, 0xA051, 0xA053, 0xA054, 0xA056, 0xA057, 0xA058, 0x9859, 0x985A, 0x905B, 0x905B, 0x905C,
    0x88A0, 0x9080, 0x9861, 0x9861, 0xA041, 0xA041, 0x9842, 0x9842, 0x9843, 0x9843, 0x9844, 0x9845, 0x9846, 0x9847, 0x9848, 0x9849,
    0xA04A, 0xA04C, 0xA04D, 0xA04F, 0xA050, 0xA052, 0xA053, 0xA055, 0xA056, 0xA057, 0x9858, 0x9859, 0x985A, 0x905B, 0x905B, 0x905C,
    0x88C0, 0x90A0, 0x98A1, 0x9881, 0xA061, 0xA061, 0xA041, 0xA042, 0xA042, 0xA043, 0xA044, 0x9845, 0x9846, 0xA047, 0xA048, 0xA049,
    0xA04B, 0xA04C, 0xA04E, 0xA84F, 0xA851, 0xA852, 0xA854, 0xA855, 0xA056, 0xA058, 0x9859, 0x985A, 0x985A, 0x905B, 0x907B, 0x907C,
    0x8900, 0x90E0, 0x90C0, 0x98C1, 0xA0A1, 0xA081, 0xA061, 0xA062, 0xA062, 0xA043, 0xA044, 0xA044, 0xA045, 0xA047, 0xA048, 0xA049,
    0xA04B, 0xA86C, 0xA86E, 0xA870, 0xA871, 0xA873, 0xA874, 0xA876, 0xA077, 0xA078, 0x9879, 0x987A, 0x987A, 0x907B, 0x907B, 0x907C,
    0x8920, 0x9120, 0x9100, 0x9901, 0x98E1, 0xA0A1, 0xA881, 0xA861, 0xA862, 0xA862, 0xA063, 0xA064, 0xA065, 0xA066, 0xA068, 0xA869,
    0xA86B, 0xA86C, 0xA86E, 0xA870, 0xA872, 0xA873, 0xA875, 0xA876, 0xA077, 0xA078, 0x9879, 0x987A, 0x907A, 0x907B, 0x907B, 0x907C,
    0x8960, 0x9160, 0x9160, 0x9941, 0x9921, 0xA101, 0xA0C1, 0xA8A1, 0xA882, 0xA862, 0xA863, 0xA864, 0xA865, 0xA866, 0xA867, 0xA869,
    0xA86A, 0xA86C, 0xA86E, 0xA871, 0xA872, 0xA874, 0xA875, 0xA076, 0xA077, 0x9878, 0x9879, 0x987A, 0x907A, 0x907B, 0x909B, 0x909C,
    0x89C0, 0x91A0, 0x91A1, 0x99A1, 0x9981, 0xA161, 0xA121, 0xA0E1, 0xA8A2, 0xA882, 0xA882, 0xA863, 0xA864, 0xA866, 0xA867, 0xA868,
    0xA86A, 0xA86D, 0xA88F, 0xB091, 0xA893, 0xA894, 0xA895, 0xA096, 0xA097, 0x9898, 0x9899, 0x909A, 0x909A, 0x909B, 0x889B, 0x889C,
    0x8A00, 0x9200, 0x9201, 0x9A01, 0x9A01, 0xA1E1, 0xA1A1, 0xA161, 0xA922, 0xA8C2, 0xA8A2, 0xA883, 0xA884, 0xA885, 0xA887, 0xA888,
    0xA88A, 0xA88C, 0xA88F, 0xA891, 0xA893, 0xA894, 0xA896, 0xA097, 0xA097, 0x9898, 0x9099, 0x909A, 0x909A, 0x889B, 0x889B, 0x889C,
    0x8A40, 0x9260, 0x9261, 0x9A61, 0xA261, 0xA241, 0xA221, 0xA1E1, 0xA182, 0xA922, 0xA8E2, 0xA8C3, 0xA8A4, 0xA885, 0xA886, 0xA888,
    0xA88A, 0xA88C, 0xA88F, 0xA8B1, 0xA8B3, 0xA8B4, 0xA096, 0xA097, 0x9898, 0x9898, 0x9099, 0x909A, 0x889A, 0x88BB, 0x80BB, 0x80BC,
    0x8AA0, 0x92A1, 0x92C1, 0x9AC1, 0xA2C1, 0xA2C1, 0xAAC2, 0xAA82, 0xAA42, 0xA9C2, 0xA162, 0xA903, 0xA8E3, 0xA0C5, 0xA0A6, 0xA0A8,
    0xA0AA, 0xA8AC, 0xA8AF, 0xA8B1, 0xA8B3, 0xA8B4, 0xA0B6, 0x98B7, 0x98B8, 0x90B9, 0x88B9, 0x88BA, 0x88BA, 0x80BB, 0x80BB, 0x80DC,
    0x8AE0, 0x9301, 0x9301, 0x9B21, 0xA341, 0xA342, 0xAB22, 0xAB02, 0xAAC2, 0xAA62, 0xA202, 0xA183, 0xA943, 0xA104, 0xA0E6, 0xA0E8,
    0xA0EA, 0xA0ED, 0xA0EF, 0xA8F1, 0xA0D3, 0xA0D4, 0x98B6, 0x98B7, 0x90B8, 0x88B9, 0x88B9, 0x80BA, 0x80BB, 0x80DB, 0x80DB, 0x80DC,
    0x8B21, 0x8B41, 0x9361, 0x9B81, 0x9B81, 0xA382, 0xA3A2, 0xAB82, 0xAB62, 0xAB02, 0xAAA3, 0xAA43, 0xA1E4, 0xA9A5, 0xA166, 0xA148,
    0xA12B, 0xA12D, 0xA12F, 0xA131, 0xA113, 0x98F5, 0x98D6, 0x90D7, 0x88B8, 0x80B9, 0x80B9, 0x78DA, 0x78DB, 0x78DB, 0x78FB, 0x80FC,
    0x8381, 0x8BA1, 0x93A1, 0x93C1, 0x9BE1, 0x9BE2, 0xA3E2, 0xA3E2, 0xABC3, 0xAB83, 0xAB43, 0xAAE3, 0xA2A4, 0xAA45, 0xAA07, 0xA1C9,
    0xA1CB, 0xA1CD, 0xA1B0, 0xA1B2, 0x9973, 0x9935, 0x9116, 0x88F7, 0x80D8, 0x78D9, 0x78DA, 0x70DA, 0x70DB, 0x70FB, 0x791B, 0x811C,
    0x83C1, 0x8BE1, 0x8C01, 0x9401, 0x9422, 0x9C22, 0x9C22, 0xA422, 0xA423, 0xA403, 0xABC3, 0xAB84, 0xAB44, 0xAB06, 0xAAE7, 0xAAA9,
    0xA28C, 0xA28E, 0xA270, 0xA252, 0x9A14, 0x9195, 0x8956, 0x8117, 0x78F8, 0x70D9, 0x68DA, 0x68FA, 0x68FB, 0x711B, 0x793B, 0x815C,
    0x8421, 0x8421, 0x8C41, 0x8C41, 0x9462, 0x9462, 0x9C82, 0x9C83, 0xA483, 0xA463, 0xA444, 0xA424, 0xAC05, 0xABC7, 0xABA8, 0xAB6A,
    0xA34C, 0xA34F, 0xA331, 0xA313, 0x9AB4, 0x8A35, 0x81B6, 0x7957, 0x6918, 0x68F9, 0x60FA, 0x60FA, 0x691B, 0x691B, 0x715B, 0x817C,
    0x7C61, 0x8461, 0x8481, 0x84A1, 0x8CA2, 0x94C2, 0x94C3, 0x9CC3, 0xA4C4, 0xA4C4, 0xA4C5, 0xA4A5, 0xA486, 0xAC68, 0xAC49, 0xAC2B,
    0xA40D, 0xA3EF, 0xA3F1, 0x9BD3, 0x9B74, 0x8AD5, 0x8236, 0x7197, 0x6158, 0x5919, 0x591A, 0x591A, 0x611B, 0x693B, 0x717B, 0x819B,
    0x7CA1, 0x7CA1, 0x7CC1, 0x84E2, 0x8CE2, 0x8D02, 0x9503, 0x9D24, 0xA524, 0xA525, 0xA526, 0xA527, 0xAD08, 0xAD09, 0xACEA, 0xACCC,
    0xACCE, 0xA4B0, 0xA491, 0x9C73, 0x9C34, 0x8B95, 0x7AF6, 0x6A37, 0x61B8, 0x5159, 0x513A, 0x511A, 0x593B, 0x695B, 0x719B, 0x81DB,
    0x74E1, 0x74E1, 0x7D01, 0x7D22, 0x8522, 0x8D43, 0x9543, 0x9D64, 0xA565, 0xA586, 0xAD87, 0xAD88, 0xAD89, 0xAD6A, 0xAD6C, 0xAD4D,
    0xAD4F, 0xA530, 0xA512, 0x9D13, 0x9CD5, 0x9476, 0x83B6, 0x6AD7, 0x5A38, 0x4999, 0x495A, 0x493A, 0x595A, 0x617B, 0x71DB, 0x823B,
    0x6D21, 0x7521, 0x7541, 0x7D42, 0x8562, 0x8D83, 0x9584, 0x9DA5, 0xA5A6, 0xADC7, 0xADC8, 0xADC9, 0xB5CA, 0xB5CB, 0xB5CD, 0xB5CE,
    0xADAF, 0xAD90, 0xA592, 0xA573, 0x9D55, 0x9516, 0x8476, 0x73B7, 0x62F8, 0x5239, 0x51F9, 0x49BA, 0x59BA, 0x61FB, 0x725B, 0x82BB,
    0x6D61, 0x6D61, 0x7562, 0x7D82, 0x85A3, 0x8DA4, 0x95C4, 0x9DE5, 0xA5E6, 0xAE07, 0xB608, 0xB60A, 0xB62B, 0xB62C, 0xB62D, 0xB60E,
    0xB60F, 0xB610, 0xADF1, 0xADD3, 0xA5B4, 0x9D96, 0x8D37, 0x84D7, 0x73F8, 0x5B39, 0x5AB9, 0x523A, 0x5A5A, 0x6A7B, 0x72DB, 0x833B,
    0x6DA1, 0x6DA2, 0x75A2, 0x7DC2, 0x85C3, 0x8DE4, 0x9605, 0x9E06, 0xA627, 0xAE28, 0xB649, 0xB64A, 0xBE4B, 0xBE4D, 0xBE4D, 0xBE4E,
    0xBE50, 0xB651, 0xB652, 0xB634, 0xAE35, 0xA616, 0x9DD7, 0x8D78, 0x7CF8, 0x6C39, 0x63B9, 0x633A, 0x633A, 0x6B3A, 0x7B7B, 0x8BDB,
    0x6DE2, 0x6DE2, 0x75E2, 0x7DE3, 0x8603, 0x8E24, 0x9625, 0xA646, 0xA648, 0xAE69, 0xB66A, 0xB66B, 0xBE8C, 0xBE8D, 0xBE8E, 0xBE8F,
    0xBE90, 0xBE92, 0xBE93, 0xB694, 0xB675, 0xB676, 0xA657, 0x9E18, 0x8DB8, 0x7D59, 0x74D9, 0x6C5A, 0x743A, 0x7C1A, 0x845B, 0x8C9B,
    0x6E22, 0x7622, 0x7623, 0x7E23, 0x8644, 0x9645, 0x9E66, 0xA667, 0xAE88, 0xAE89, 0xB68B, 0xB6AC, 0xBEAD, 0xBEAE, 0xBEAF, 0xBEB0,
    0xBEB1, 0xBEB3, 0xBEB4, 0xBEB5, 0xB6B6, 0xB6B6, 0xAE97, 0xA678, 0x9639, 0x8DF9, 0x859A, 0x7D3A, 0x7D1A, 0x84FB, 0x8D1B, 0x953B,
    0x7663, 0x7663, 0x7E63, 0x8664, 0x8E64, 0x9685, 0x9E87, 0xA6A8, 0xAEA9, 0xAEAA, 0xB6AB, 0xB6CD, 0xB6CE, 0xB6CF, 0xBED0, 0xBED1,
    0xBED2, 0xBED3, 0xB6D5, 0xB6D6, 0xB6D6, 0xB6D7, 0xB6D8, 0xAEB8, 0xA6B9, 0x969A, 0x8E5A, 0x85FA, 0x85DB, 0x8DBB, 0x8DBB, 0x95BC,
    0x8683, 0x8683, 0x8684, 0x8EA4, 0x96A5, 0x9EA6, 0xA6A7, 0xA6C8, 0xAECA, 0xB6CB, 0xB6CC, 0xB6CD, 0xB6CE, 0xB6EF, 0xB6F1, 0xB6F2,
    0xB6F3, 0xB6F4, 0xB6F5, 0xB6F6, 0xB6F7, 0xB6F7, 0xB6F8, 0xB6D8, 0xAED9, 0xA6DA, 0x9EBA, 0x8E7A, 0x8E5B, 0x8E3B, 0x963B, 0x9E3C,
    0x8EC4, 0x8EC4, 0x8EC4, 0x96C5, 0x96C6, 0x9EC7, 0xA6C8, 0xAEE9, 0xAEEA, 0xB6EB, 0xB6ED, 0xB6EE, 0xB6EF, 0xB6F0, 0xB6F1, 0xB6F2,
    0xB6F4, 0xB6F5, 0xB6F5, 0xB6F6, 0xB6F7, 0xB6F8, 0xB6F8, 0xB6F9, 0xB6F9, 0xAEFA, 0xA6FA, 0x9EDB, 0x96BB, 0x96BB, 0x969C, 0x9E9C,
    0x96E5, 0x96E5, 0x96E5, 0x9EE6, 0x9EE7, 0xA6E8, 0xAEE9, 0xAEEA, 0xAEEB, 0xB70C, 0xB70D, 0xB70E, 0xB710, 0xB711, 0xB712, 0xB713,
    0xB714, 0xB715, 0xB716, 0xB716, 0xB717, 0xB718, 0xB718, 0xB719, 0xB719, 0xB71A, 0xAF1A, 0xA71B, 0xA6FB, 0x9EFB, 0x9EDC, 0x9EDC,
    0xA706, 0xA706, 0xA706, 0xA707, 0xA707, 0xAF08, 0xAF09, 0xAF0A, 0xAF0B, 0xAF0D, 0xAF0E, 0xB70F, 0xB710, 0xB711, 0xB712, 0xB713,
    0xB714, 0xB715, 0xB716, 0xB716, 0xB737, 0xB738, 0xB738, 0xB739, 0xB739, 0xB73A, 0xB73A, 0xB73B, 0xAF1B, 0xA71B, 0xA71C, 0xA6FC,
    0xA726, 0xA727, 0xAF27, 0xAF27, 0xAF28, 0xAF29, 0xAF2A, 0xAF2B, 0xAF2C, 0xAF2D, 0xAF2E, 0xAF2F, 0xAF30, 0xAF31, 0xB733, 0xB733,
    0xB734, 0xB735, 0xB736, 0xB736, 0xB737, 0xB738, 0xB738, 0xB739, 0xB739, 0xB73A, 0xB73A, 0xB73B, 0xB73B, 0xAF3B, 0xAF3C, 0xAF3C,
    0xAF47, 0xAF27, 0xAF27, 0xAF28, 0xAF28, 0xAF29, 0xAF2A, 0xAF2B, 0xAF2C, 0xAF2D, 0xAF2F, 0xAF30, 0xAF31, 0xAF32, 0xAF33, 0xB734,
    0xB734, 0xB735, 0xB756, 0xB756, 0xB757, 0xB758, 0xB758, 0xB759, 0xB759, 0xB75A, 0xB75A, 0xB75B, 0xB75B, 0xB75B, 0xB75C, 0xAF5C,
    0xA020, 0xA021, 0xA021, 0x9821, 0x9821, 0x9822, 0x9822, 0x9823, 0x9823, 0x9824, 0x9825, 0x9825, 0x9826, 0x9827, 0x9828, 0x9829,
    0x982A, 0x982B, 0x982C, 0xA02D, 0xA02E, 0xA030, 0xA031, 0xA033, 0xA854, 0xA856, 0xA857, 0xA858, 0xA059, 0xA05A, 0x985B, 0x985C,
    0x9840, 0xA041, 0xA041, 0xA041, 0xA041, 0xA042, 0xA022, 0x9823, 0x9823, 0x9824, 0x9824, 0x9825, 0x9826, 0x9827, 0x9828, 0xA029,
    0xA02A, 0xA02B, 0xA02C, 0xA04D, 0xA04F, 0xA050, 0xA852, 0xA853, 0xA855, 0xA856, 0xA857, 0xA859, 0xA059, 0xA05A, 0x985B, 0x985C,
    0x9880, 0xA060, 0xA841, 0xA841, 0xA041, 0xA041, 0xA042, 0xA042, 0xA043, 0xA044, 0xA044, 0xA045, 0xA046, 0xA047, 0xA048, 0xA049,
    0xA04A, 0xA04B, 0xA04D, 0xA84E, 0xA84F, 0xA851, 0xA853, 0xA854, 0xA855, 0xA857, 0xA858, 0xA859, 0xA05A, 0xA05A, 0x985B, 0x985C,
    0x98A0, 0x9880, 0xA081, 0xA861, 0xA841, 0xA841, 0xA842, 0xA842, 0xA043, 0xA043, 0xA044, 0xA045, 0xA046, 0xA047, 0xA048, 0xA049,
    0xA84A, 0xA84B, 0xA84D, 0xA84E, 0xA850, 0xA851, 0xA853, 0xB055, 0xA856, 0xA857, 0xA858, 0xA059, 0xA05A, 0xA05A, 0xA05B, 0x985C,
    0x90C0, 0x98C0, 0xA0A1, 0xA881, 0xA861, 0xA861, 0xA841, 0xA842, 0xA842, 0xA843, 0xA844, 0xA845, 0xA846, 0xA847, 0xA848, 0xA849,
    0xA84A, 0xA84C, 0xA84D, 0xA84F, 0xB050, 0xB072, 0xB074, 0xB075, 0xB076, 0xA877, 0xA878, 0xA079, 0xA07A, 0xA07B, 0xA07B, 0xA07C,
    0x9100, 0x98E0, 0xA0E1, 0xA0C1, 0xA8A1, 0xA881, 0xA861, 0xA862, 0xA862, 0xA863, 0xA843, 0xA844, 0xA845, 0xA846, 0xA847, 0xA849,
    0xA84A, 0xB06C, 0xB06D, 0xB06F, 0xB071, 0xB072, 0xB074, 0xB075, 0xB076, 0xA877, 0xA878, 0xA079, 0xA07A, 0xA07B, 0xA07B, 0xA07B,
    0x9140, 0x9920, 0x9921, 0xA101, 0xA0E1, 0xA8A1, 0xB081, 0xB061, 0xB062, 0xB062, 0xB063, 0xA864, 0xA865, 0xA866, 0xA867, 0xA868,
    0xB06A, 0xB06C, 0xB06D, 0xB070, 0xB071, 0xB073, 0xB074, 0xB076, 0xB077, 0xA878, 0xA879, 0xA079, 0xA07A, 0xA07B, 0xA07B, 0xA07B,
    0x9180, 0x9960, 0x9961, 0xA141, 0xA141, 0xA901, 0xA8E1, 0xB0A1, 0xB082, 0xB062, 0xB063, 0xB064, 0xB064, 0xB066, 0xB067, 0xB068,
    0xB06A, 0xB06C, 0xB06E, 0xB070, 0xB092, 0xB093, 0xB095, 0xB096, 0xA897, 0xA878, 0xA879, 0xA079, 0xA09A, 0xA09B, 0x989B, 0x989C,
    0x91C0, 0x99C0, 0x99C1, 0xA1A1, 0xA181, 0xA961, 0xA941, 0xB0E1, 0xB0A2, 0xB082, 0xB082, 0xB063, 0xB064, 0xB065, 0xB066, 0xB068,
    0xB069, 0xB06B, 0xB08E, 0xB090, 0xB092, 0xB094, 0xB095, 0xB096, 0xA897, 0xA898, 0xA099, 0xA099, 0xA09A, 0x989B, 0x989B, 0x989C,
    0x9200, 0x9A21, 0xA221, 0xA201, 0xAA01, 0xA9E1, 0xA9C1, 0xA961, 0xB122, 0xB0C2, 0xB0A2, 0xB083, 0xB084, 0xB085, 0xB086, 0xB087,
    0xB089, 0xB08B, 0xB08D, 0xB090, 0xB092, 0xB094, 0xB095, 0xB096, 0xA897, 0xA898, 0xA099, 0xA099, 0x989A, 0x989B, 0x98BB, 0x90BC,
    0x9260, 0x9A61, 0xA281, 0xA281, 0xAA81, 0xAA61, 0xAA41, 0xA9E2, 0xA9A2, 0xB122, 0xB0E2, 0xB0C3, 0xB0A3, 0xB084, 0xB086, 0xB087,
    0xB089, 0xB08B, 0xB08D, 0xB0B0, 0xB0B2, 0xB0B4, 0xB0B5, 0xA8B6, 0xA8B7, 0xA0B8, 0xA0B9, 0x98BA, 0x98BA, 0x98BB, 0x90BB, 0x90BC,
    0x92A0, 0x9AC1, 0xA2C1, 0xA2E1, 0xAAE1, 0xAAE2, 0xB2C2, 0xB282, 0xB242, 0xB1C2, 0xA962, 0xB102, 0xB0C3, 0xB0A4, 0xB0A5, 0xA8A7,
    0xA8A9, 0xB0AB, 0xB0AD, 0xB0B0, 0xB0B2, 0xB0B4, 0xB0B5, 0xA8B6, 0xA8B7, 0xA0B8, 0x98B9, 0x98BA, 0x98BA, 0x90DB, 0x90DB, 0x90DC,
    0x9301, 0x9B01, 0xA321, 0xA321, 0xAB41, 0xAB42, 0xB342, 0xB302, 0xB2E2, 0xB262, 0xA9E2, 0xA982, 0xB123, 0xB0E4, 0xA8C5, 0xA8C7,
    0xA8C9, 0xA8CB, 0xA8CD, 0xB0D0, 0xB0D2, 0xB0D4, 0xA8D5, 0xA8D6, 0xA0D7, 0xA0D8, 0x98D9, 0x90DA, 0x90DA, 0x90DB, 0x90FB, 0x90FC,
    0x9341, 0x9B61, 0x9B61, 0xA381, 0xAB82, 0xABA2, 0xB3A2, 0xB382, 0xB362, 0xB302, 0xB2A3, 0xAA23, 0xA9C3, 0xB164, 0xB125, 0xA907,
    0xA909, 0xA90B, 0xA90E, 0xA910, 0xA912, 0xA914, 0xA8F5, 0xA0F6, 0xA0D7, 0x98D8, 0x90D9, 0x90DA, 0x88FA, 0x88FB, 0x891B, 0x913C,
    0x9381, 0x93A1, 0x9BC1, 0xA3C1, 0xA3E2, 0xABE2, 0xABE2, 0xB3E2, 0xB3C3, 0xB383, 0xB343, 0xB2C3, 0xAA63, 0xB204, 0xB1C5, 0xA987,
    0xA989, 0xA98C, 0xA98E, 0xA990, 0xA972, 0xA954, 0xA135, 0x9916, 0x98F7, 0x90F8, 0x88F9, 0x88FA, 0x88FA, 0x891B, 0x893B, 0x895B,
    0x8BE1, 0x93E1, 0x9C01, 0x9C01, 0xA422, 0xA422, 0xAC22, 0xAC22, 0xB423, 0xB3E3, 0xB3C3, 0xB363, 0xB324, 0xB2C5, 0xB286, 0xB248,
    0xAA2A, 0xAA2D, 0xAA2F, 0xAA31, 0xA9F3, 0xA1B4, 0x9975, 0x9936, 0x9117, 0x8918, 0x8919, 0x811A, 0x811A, 0x813B, 0x895B, 0x897B,
    0x8C21, 0x8C21, 0x9441, 0x9C41, 0x9C62, 0xA462, 0xA462, 0xAC63, 0xAC63, 0xAC43, 0xB424, 0xB404, 0xB3C5, 0xB385, 0xB367, 0xB329,
    0xB2EB, 0xAAED, 0xAACF, 0xAAD1, 0xAAB3, 0xA255, 0x99F6, 0x9197, 0x8957, 0x8138, 0x8139, 0x793A, 0x813A, 0x815B, 0x899B, 0x89BB,
    0x8C61, 0x8C61, 0x8C81, 0x9482, 0x94A2, 0x9CA2, 0xA4C2, 0xA4C3, 0xACC3, 0xACA4, 0xACA4, 0xAC85, 0xB465, 0xB446, 0xB408, 0xB3EA,
    0xB3CC, 0xABAE, 0xABB0, 0xABB2, 0xAB74, 0xA315, 0x9A96, 0x89F7, 0x8198, 0x7958, 0x7159, 0x713A, 0x795A, 0x817B, 0x89BB, 0x91FB,
    0x84A1, 0x84A1, 0x8CC1, 0x8CC2, 0x94E2, 0x9D02, 0xA503, 0xA503, 0xAD04, 0xAD04, 0xAD05, 0xB4E6, 0xB4E7, 0xB4C8, 0xB4C9, 0xB4AB,
    0xB48D, 0xB46F, 0xAC51, 0xAC53, 0xAC14, 0xA3D5, 0x9336, 0x8A97, 0x7A18, 0x7199, 0x6979, 0x695A, 0x717A, 0x799A, 0x81FB, 0x923B,
    0x7CE1, 0x84E1, 0x8501, 0x8D22, 0x9522, 0x9D43, 0xA544, 0xA564, 0xAD65, 0xAD66, 0xB566, 0xB567, 0xB568, 0xB549, 0xB54B, 0xB54C,
    0xB52E, 0xB510, 0xACF1, 0xACF3, 0xA4D4, 0xA495, 0x93F6, 0x8B37, 0x7A98, 0x69D9, 0x6999, 0x697A, 0x719A, 0x79DA, 0x823B, 0x929B,
    0x7D21, 0x7D21, 0x8542, 0x8D42, 0x9563, 0x9D83, 0xA584, 0xADA5, 0xADA6, 0xB5C7, 0xB5C7, 0xB5C8, 0xB5C9, 0xB5CB, 0xB5AC, 0xB5AD,
    0xB58F, 0xB590, 0xB571, 0xAD53, 0xAD54, 0xA536, 0x9CB6, 0x8C17, 0x7B58, 0x6A99, 0x6A19, 0x61DA, 0x69FA, 0x7A1A, 0x829B, 0x92FB,
    0x7561, 0x7D61, 0x8562, 0x8D82, 0x95A3, 0x9DC4, 0xA5C5, 0xADE6, 0xB5E7, 0xB608, 0xBE08, 0xBE0A, 0xBE0B, 0xBE0C, 0xBE0D, 0xBE0E,
    0xBE0F, 0xBDF0, 0xB5F1, 0xB5D3, 0xADB4, 0xA596, 0x9D57, 0x94F7, 0x8438, 0x7359, 0x6AB9, 0x6A5A, 0x6A5A, 0x7A9A, 0x82FB, 0x937B,
    0x75A1, 0x7DA2, 0x7DA2, 0x8DC3, 0x95E3, 0x9DE4, 0xA605, 0xAE06, 0xB627, 0xB628, 0xBE49, 0xBE4A, 0xBE4C, 0xC64D, 0xC64E, 0xC64F,
    0xBE50, 0xBE51, 0xBE32, 0xB633, 0xB615, 0xAE16, 0xA5D7, 0x9D98, 0x8D18, 0x8459, 0x73B9, 0x733A, 0x733A, 0x7B3A, 0x8B9B, 0x941B,
    0x75E2, 0x7DE2, 0x7DE2, 0x8E03, 0x9604, 0x9E25, 0xA646, 0xAE47, 0xB668, 0xB669, 0xBE6A, 0xBE8B, 0xC68C, 0xC68D, 0xC68E, 0xC68F,
    0xC690, 0xC691, 0xC692, 0xBE94, 0xBE75, 0xBE76, 0xB657, 0xA638, 0x9DD8, 0x8D59, 0x84D9, 0x7C5A, 0x843A, 0x841A, 0x8C5B, 0x9CBB,
    0x7E22, 0x7E22, 0x8623, 0x8E23, 0x9644, 0x9E45, 0xA666, 0xAE67, 0xB688, 0xBE8A, 0xBE8B, 0xBEAC, 0xC6AD, 0xC6AE, 0xC6AF, 0xC6B0,
    0xC6B1, 0xC6B2, 0xC6B3, 0xC6B4, 0xBEB5, 0xBEB6, 0xB697, 0xAE78, 0xA659, 0x9E19, 0x8D9A, 0x853A, 0x8D1A, 0x8CFB, 0x951B, 0x9D5B,
    0x8643, 0x8643, 0x8663, 0x8E64, 0x9E85, 0xA686, 0xAEA7, 0xB6A8, 0xB6A9, 0xBEAA, 0xBECC, 0xBECD, 0xBECE, 0xC6CF, 0xC6D0, 0xC6D1,
    0xC6D2, 0xC6D3, 0xC6D4, 0xC6D5, 0xC6D6, 0xC6D7, 0xBED8, 0xBED8, 0xAEB9, 0xA69A, 0x9E5A, 0x95FA, 0x95DB, 0x95BB, 0x9DBB, 0xA5DC,
    0x8E83, 0x8E84, 0x8E84, 0x96A5, 0x9EA5, 0xA6A6, 0xAEC8, 0xB6C9, 0xB6CA, 0xBECB, 0xBECC, 0xBECD, 0xBEEE, 0xBEEF, 0xBEF1, 0xBEF2,
    0xBEF3, 0xBEF4, 0xBEF5, 0xBEF6, 0xC6F6, 0xC6F7, 0xBEF8, 0xBEF8, 0xB6D9, 0xAEDA, 0xA6BA, 0x9E7A, 0x9E5B, 0x9E3B, 0x9E3B, 0xA63C,
    0x96C4, 0x96C4, 0x96C4, 0x9EC5, 0xA6C6, 0xAEC7, 0xAEE8, 0xB6E9, 0xB6EA, 0xBEEC, 0xBEED, 0xBEEE, 0xBEEF, 0xBEF0, 0xBEF1, 0xBEF2,
    0xBEF3, 0xBEF5, 0xBEF5, 0xBF16, 0xBF17, 0xBF18, 0xBF18, 0xBF19, 0xBEF9, 0xB6FA, 0xAEFA, 0xA6FB, 0xA6DB, 0x9EBB, 0xA6BC, 0xA69C,
    0x9EE5, 0xA6E5, 0xA6E5, 0xA6E6, 0xAEE7, 0xAEE8, 0xB6E9, 0xB6EA, 0xB70B, 0xBF0C, 0xBF0D, 0xBF0E, 0xBF10, 0xBF11, 0xBF12, 0xBF13,
    0xBF14, 0xBF15, 0xBF16, 0xBF16, 0xBF17, 0xBF18, 0xBF18, 0xBF19, 0xBF19, 0xBF1A, 0xB71A, 0xAF1B, 0xAEFB, 0xA6FB, 0xAEDC, 0xAEDC,
    0xAF06, 0xAF06, 0xAF06, 0xAF07, 0xAF08, 0xB708, 0xB709, 0xB70B, 0xB70C, 0xB70D, 0xB70E, 0xBF0F, 0xBF10, 0xBF11, 0xBF32, 0xBF33,
    0xBF34, 0xBF35, 0xBF36, 0xBF36, 0xBF37, 0xBF38, 0xBF38, 0xBF39, 0xBF39, 0xBF3A, 0xBF3A, 0xB73B, 0xB73B, 0xAF3B, 0xAF1C, 0xAF1C,
    0xAF26, 0xB727, 0xB727, 0xB728, 0xB728, 0xB729, 0xB72A, 0xB72B, 0xB72C, 0xB72D, 0xB72E, 0xB72F, 0xB731, 0xB732, 0xBF33, 0xBF34,
    0xBF34, 0xBF35, 0xBF36, 0xBF36, 0xBF37, 0xBF38, 0xBF38, 0xBF39, 0xBF39, 0xBF3A, 0xBF5A, 0xBF5B, 0xB73B, 0xB73B, 0xB73C, 0xB73C,
    0xB747, 0xB727, 0xB728, 0xB728, 0xB729, 0xB729, 0xB72A, 0xB72B, 0xB72C, 0xB72D, 0xB72F, 0xB730, 0xB731, 0xB752, 0xBF53, 0xBF54,
    0xBF55, 0xBF55, 0xBF56, 0xBF57, 0xBF57, 0xBF58, 0xBF58, 0xBF59, 0xBF59, 0xBF5A, 0xBF5A, 0xBF5B, 0xBF5B, 0xBF5B, 0xBF5C, 0xB75C,
    0xA840, 0xA821, 0xA821, 0xA821, 0xA021, 0xA022, 0xA022, 0xA023, 0xA023, 0xA024, 0xA024, 0xA025, 0xA026, 0xA027, 0xA028, 0xA029,
    0xA02A, 0xA02B, 0xA82C, 0xA82D, 0xA82E, 0xA82F, 0xA831, 0xA832, 0xB054, 0xB056, 0xB057, 0xB058, 0xB059, 0xA85A, 0xA85B, 0xA85B,
    0xA860, 0xA841, 0xA841, 0xA841, 0xA841, 0xA841, 0xA842, 0xA842, 0xA843, 0xA024, 0xA024, 0xA025, 0xA026, 0xA027, 0xA828, 0xA829,
    0xA84A, 0xA84B, 0xA84C, 0xA84D, 0xA84F, 0xA850, 0xB051, 0xB053, 0xB055, 0xB056, 0xB057, 0xB058, 0xB059, 0xA85A, 0xA85B, 0xA85B,
    0xA080, 0xA861, 0xB041, 0xB041, 0xB041, 0xB041, 0xA842, 0xA842, 0xA843, 0xA843, 0xA844, 0xA845, 0xA846, 0xA847, 0xA848, 0xA849,
    0xA84A, 0xA84B, 0xB04C, 0xB04E, 0xB04F, 0xB051, 0xB052, 0xB054, 0xB055, 0xB056, 0xB057, 0xB058, 0xB059, 0xA85A, 0xA85B, 0xA85B,
    0xA0A0, 0xA880, 0xA881, 0xB061, 0xB041, 0xB041, 0xB042, 0xB042, 0xB042, 0xB043, 0xA844, 0xA845, 0xA846, 0xA847, 0xA848, 0xB049,
    0xB04A, 0xB04B, 0xB04D, 0xB04E, 0xB04F, 0xB051, 0xB053, 0xB054, 0xB075, 0xB077, 0xB078, 0xB079, 0xB07A, 0xA85A, 0xA87B, 0xA87B,
    0xA0C0, 0xA0C0, 0xA8A1, 0xB081, 0xB061, 0xB061, 0xB041, 0xB042, 0xB042, 0xB043, 0xB044, 0xB044, 0xB045, 0xB046, 0xB047, 0xB048,
    0xB04A, 0xB04B, 0xB04D, 0xB06E, 0xB070, 0xB072, 0xB873, 0xB875, 0xB876, 0xB077, 0xB078, 0xB079, 0xA87A, 0xA87A, 0xA87B, 0xA87B,
    0xA100, 0xA100, 0xA8E1, 0xA8C1, 0xB0A1, 0xB081, 0xB061, 0xB062, 0xB062, 0xB063, 0xB063, 0xB044, 0xB045, 0xB046, 0xB047, 0xB048,
    0xB06A, 0xB06B, 0xB06D, 0xB06F, 0xB870, 0xB872, 0xB873, 0xB875, 0xB876, 0xB077, 0xB078, 0xB079, 0xA87A, 0xA87A, 0xA87B, 0xA87B,
    0xA140, 0xA120, 0xA121, 0xA901, 0xB0E1, 0xB0C1, 0xB881, 0xB881, 0xB862, 0xB862, 0xB063, 0xB064, 0xB065, 0xB066, 0xB067, 0xB068,
    0xB069, 0xB06B, 0xB86D, 0xB86F, 0xB871, 0xB872, 0xB874, 0xB875, 0xB876, 0xB077, 0xB078, 0xB079, 0xA87A, 0xA87A, 0xA89B, 0xA89B,
    0xA180, 0xA180, 0xA961, 0xA961, 0xA941, 0xB101, 0xB0E1, 0xB8A1, 0xB882, 0xB882, 0xB863, 0xB863, 0xB864, 0xB065, 0xB066, 0xB068,
    0xB069, 0xB86B, 0xB86D, 0xB86F, 0xB891, 0xB893, 0xB894, 0xB895, 0xB896, 0xB097, 0xB098, 0xB099, 0xA89A, 0xA89A, 0xA89B, 0xA89B,
    0xA1C0, 0xA1C1, 0xA9C1, 0xA9A1, 0xA9A1, 0xB161, 0xB141, 0xB0E1, 0xB8A2, 0xB882, 0xB882, 0xB883, 0xB864, 0xB865, 0xB866, 0xB867,
    0xB869, 0xB86A, 0xB88D, 0xB88F, 0xB891, 0xB893, 0xB894, 0xB896, 0xB897, 0xB098, 0xB098, 0xA899, 0xA89A, 0xA89A, 0xA89B, 0xA0BB,
    0xA220, 0xA221, 0xAA21, 0xAA21, 0xB201, 0xB1E1, 0xB1C1, 0xB161, 0xB122, 0xB8C2, 0xB8A2, 0xB883, 0xB883, 0xB884, 0xB885, 0xB887,
    0xB888, 0xB88A, 0xB88C, 0xB88F, 0xB891, 0xB8B3, 0xB8B5, 0xB8B6, 0xB0B7, 0xB0B8, 0xB0B8, 0xA8B9, 0xA8BA, 0xA8BA, 0xA0BB, 0xA0BB,
    0xA260, 0xA281, 0xAA81, 0xAA81, 0xB281, 0xB261, 0xB242, 0xB1E2, 0xB1A2, 0xB122, 0xB8E2, 0xB8A2, 0xB8A3, 0xB884, 0xB885, 0xB086,
    0xB088, 0xB089, 0xB88C, 0xB8AF, 0xB8B1, 0xB8B3, 0xB8B5, 0xB8B6, 0xB0B7, 0xB0B8, 0xB0B8, 0xA8B9, 0xA8BA, 0xA0BA, 0xA0DB, 0xA0DB,
    0xA2C1, 0xA2C1, 0xAAE1, 0xAAE1, 0xB2E1, 0xB2E2, 0xB2C2, 0xB2A2, 0xB242, 0xB1C2, 0xB162, 0xB102, 0xB8C3, 0xB0A4, 0xB0A5, 0xB0A6,
    0xB0A7, 0xB0A9, 0xB0AC, 0xB8AE, 0xB8B1, 0xB8D3, 0xB8D5, 0xB8D6, 0xB0D7, 0xB0B8, 0xA8D9, 0xA8D9, 0xA0DA, 0xA0DA, 0xA0FB, 0x98FB,
    0xA301, 0xA321, 0xAB21, 0xAB41, 0xB342, 0xB342, 0xBB42, 0xBB22, 0xBAE2, 0xB262, 0xB1E2, 0xB162, 0xB103, 0xB0E3, 0xB0C4, 0xB0C6,
    0xB0A7, 0xB0C9, 0xB0CC, 0xB0CE, 0xB0D1, 0xB8F3, 0xB0F5, 0xB0D6, 0xB0D7, 0xA8D8, 0xA8D9, 0xA0D9, 0xA0FA, 0xA0FA, 0x991B, 0x991B,
    0x9B41, 0xA361, 0xAB81, 0xAB81, 0xB3A2, 0xB3A2, 0xBBA2, 0xBB82, 0xBB63, 0xBB03, 0xB2A3, 0xB223, 0xB1A3, 0xB143, 0xB104, 0xB0E6,
    0xB0E7, 0xB0E9, 0xB0EC, 0xB10E, 0xB111, 0xB113, 0xB115, 0xB0F6, 0xA8F7, 0xA8F8, 0xA0F9, 0xA0F9, 0xA11A, 0x991A, 0x993B, 0x995B,
    0x9BA1, 0xA3A1, 0xA3C1, 0xABC1, 0xB3E2, 0xB3E2, 0xB402, 0xBBE3, 0xBBC3, 0xBB83, 0xBB23, 0xB2A3, 0xB243, 0xB1E4, 0xB184, 0xB166,
    0xB148, 0xB14A, 0xB14C, 0xB14F, 0xB151, 0xB173, 0xB155, 0xB136, 0xA917, 0xA118, 0xA119, 0x9919, 0x993A, 0x993A, 0x995B, 0x999B,
    0x9BE1, 0x9BE1, 0xA401, 0xA401, 0xAC22, 0xB422, 0xB422, 0xB423, 0xBC23, 0xBBE3, 0xBBA3, 0xB343, 0xB2E3, 0xB2A4, 0xB245, 0xB206,
    0xB1C8, 0xB1CA, 0xB1CD, 0xB1CF, 0xB1D2, 0xB1D4, 0xA9B5, 0xA976, 0xA157, 0xA138, 0x9939, 0x9939, 0x995A, 0x997A, 0x999B, 0x99BB,
    0x9421, 0x9C21, 0x9C41, 0xA442, 0xAC42, 0xAC62, 0xB462, 0xB463, 0xB463, 0xB443, 0xBC03, 0xB3E4, 0xB3A4, 0xB345, 0xB305, 0xB2C7,
    0xB289, 0xB26B, 0xB26E, 0xB290, 0xB292, 0xB274, 0xAA35, 0xA9D6, 0xA197, 0x9978, 0x9959, 0x9159, 0x917A, 0x919A, 0x99DB, 0x99FB,
    0x9461, 0x9461, 0x9C81, 0x9C82, 0xA482, 0xACA2, 0xACA2, 0xB4A3, 0xB4A3, 0xB483, 0xB464, 0xB444, 0xB424, 0xB405, 0xBBC6, 0xBBA8,
    0xBB8A, 0xB34C, 0xB34E, 0xB351, 0xB353, 0xB335, 0xAAD6, 0xA256, 0x99F7, 0x91B8, 0x9199, 0x9199, 0x91BA, 0x91DA, 0x9A1B, 0x9A5B,
    0x8CA1, 0x94A1, 0x94C1, 0x9CC2, 0xA4E2, 0xA4E2, 0xACE3, 0xB503, 0xB504, 0xB4E4, 0xB4E4, 0xB4C5, 0xB4A5, 0xBC86, 0xBC88, 0xBC69,
    0xBC4B, 0xBC2D, 0xB40F, 0xB412, 0xB3F3, 0xB3F5, 0xAB96, 0xA2F7, 0x9A77, 0x91F8, 0x89D9, 0x89B9, 0x89DA, 0x91FA, 0x9A5B, 0x9A9B,
    0x8CE1, 0x8CE1, 0x9502, 0x9D02, 0x9D22, 0xA543, 0xAD43, 0xB544, 0xB544, 0xB545, 0xBD46, 0xBD46, 0xBD27, 0xBD28, 0xBD29, 0xBD0B,
    0xBCEC, 0xBCEE, 0xBCD0, 0xB4B2, 0xB4B4, 0xB495, 0xAC36, 0xA3B7, 0x9B18, 0x8A58, 0x8A19, 0x81D9, 0x89FA, 0x923A, 0x9A9B, 0xA2FB,
    0x8521, 0x8D21, 0x8D42, 0x9542, 0x9D63, 0xA583, 0xAD84, 0xB5A5, 0xB5A5, 0xBDA6, 0xBDA7, 0xBDA8, 0xBDA9, 0xBDAA, 0xBD8B, 0xBD8C,
    0xBD8E, 0xBD6F, 0xBD51, 0xB553, 0xB534, 0xB536, 0xACD6, 0xA477, 0x9BB8, 0x8AF8, 0x8279, 0x8219, 0x823A, 0x8A7A, 0x92DB, 0xA35B,
    0x8541, 0x8D62, 0x8D82, 0x9583, 0x9DA3, 0xA5C4, 0xADC5, 0xB5E6, 0xBDE7, 0xBE08, 0xC608, 0xC609, 0xC60A, 0xC60C, 0xC60D, 0xC60E,
    0xC5EF, 0xC5F1, 0xBDD2, 0xBDD3, 0xB5B4, 0xB596, 0xAD77, 0xA537, 0x9C78, 0x8B99, 0x82F9, 0x7A79, 0x827A, 0x8ABA, 0x933B, 0xA3DB,
    0x8581, 0x85A2, 0x8DA2, 0x95C3, 0x9DE4, 0xADE4, 0xB605, 0xB626, 0xBE27, 0xBE48, 0xC649, 0xC64A, 0xC64C, 0xC64D, 0xC64E, 0xC64F,
    0xC650, 0xC651, 0xC632, 0xBE33, 0xBE14, 0xB616, 0xB5D7, 0xADB8, 0xA538, 0x9479, 0x8BD9, 0x833A, 0x8B3A, 0x8B5A, 0x9BDB, 0xA45B,
    0x85C2, 0x85E2, 0x8DE3, 0x9603, 0xA604, 0xAE25, 0xB646, 0xB647, 0xBE68, 0xC669, 0xC66A, 0xC68B, 0xC68D, 0xCE8E, 0xCE8F, 0xCE90,
    0xCE90, 0xCE91, 0xC672, 0xC673, 0xC674, 0xBE76, 0xBE57, 0xB638, 0xA5D8, 0x9D79, 0x94DA, 0x8C3A, 0x8C1A, 0x941B, 0x9C7B, 0xA4FB,
    0x8602, 0x8E23, 0x8E23, 0x9E44, 0xA644, 0xAE66, 0xB667, 0xBE88, 0xBE89, 0xC68A, 0xC6AB, 0xC6AC, 0xC6AD, 0xCEAE, 0xCEAF, 0xCEB0,
    0xCEB1, 0xCEB2, 0xCEB3, 0xCEB4, 0xC6B5, 0xC6B6, 0xBE97, 0xBE78, 0xB659, 0xA619, 0x9D9A, 0x953A, 0x94FA, 0x9CFB, 0xA53B, 0xAD7C,
    0x8E43, 0x8E63, 0x9663, 0x9E64, 0xA685, 0xAE86, 0xB6A7, 0xBEA8, 0xBEA9, 0xC6AB, 0xC6CC, 0xC6CD, 0xC6CE, 0xC6CF, 0xCED0, 0xCED1,
    0xCED2, 0xCED3, 0xCED4, 0xCED5, 0xCED6, 0xCED7, 0xC6D8, 0xC6D8, 0xBEB9, 0xB69A, 0xA65A, 0x9E1A, 0x9DDB, 0xA5BB, 0xA5DB, 0xADFC,
    0x9683, 0x9684, 0x9E84, 0xA6A5, 0xAEA6, 0xB6A7, 0xB6C8, 0xBEC9, 0xBECA, 0xC6CB, 0xC6CC, 0xC6ED, 0xC6EE, 0xC6F0, 0xC6F1, 0xC6F2,
    0xC6F3, 0xCEF4, 0xCEF5, 0xCEF6, 0xCEF6, 0xCEF7, 0xC6F8, 0xC6F8, 0xC6F9, 0xB6DA, 0xB6BA, 0xA69A, 0xA65B, 0xA63B, 0xAE5C, 0xAE5C,
    0x9EC4, 0xA6C4, 0xA6C5, 0xAEC5, 0xAEC6, 0xB6C7, 0xBEE8, 0xBEEA, 0xBEEB, 0xC6EC, 0xC6ED, 0xC6EE, 0xC6EF, 0xC6F0, 0xC6F1, 0xC712,
    0xC713, 0xC714, 0xC715, 0xC716, 0xC717, 0xC718, 0xC718, 0xC719, 0xC719, 0xBEFA, 0xBEFA, 0xB6FB, 0xAEDB, 0xAEBB, 0xAEBC, 0xB6BC,
    0xAEE5, 0xAEE5, 0xAEE5, 0xAEE6, 0xB6E7, 0xB6E8, 0xBEE9, 0xBF0A, 0xBF0B, 0xC70C, 0xC70D, 0xC70E, 0xC710, 0xC711, 0xC712, 0xC713,
    0xC714, 0xC715, 0xC716, 0xC716, 0xC717, 0xC718, 0xC718, 0xC719, 0xC719, 0xC71A, 0xBF1A, 0xB71B, 0xB71B, 0xB6FB, 0xB6FC, 0xB6DC,
    0xB706, 0xB706, 0xB706, 0xB707, 0xB708, 0xBF09, 0xBF0A, 0xBF0B, 0xBF0C, 0xBF0D, 0xBF0E, 0xC72F, 0xC730, 0xC731, 0xC732, 0xC733,
    0xC734, 0xC735, 0xC736, 0xC737, 0xC737, 0xC738, 0xC738, 0xC739, 0xC739, 0xC73A, 0xC73A, 0xBF3B, 0xBF3B, 0xB73B, 0xB71C, 0xB71C,
    0xB726, 0xB727, 0xB727, 0xBF28, 0xBF28, 0xBF29, 0xBF2A, 0xBF2B, 0xBF2C, 0xBF2D, 0xBF2E, 0xBF2F, 0xBF31, 0xC732, 0xC733, 0xC734,
    0xC734, 0xC735, 0xC736, 0xC737, 0xC737, 0xC758, 0xC758, 0xC759, 0xC759, 0xC75A, 0xC75A, 0xC75B, 0xBF5B, 0xBF5B, 0xBF3C, 0xBF3C,
    0xBF47, 0xBF47, 0xBF28, 0xBF28, 0xBF29, 0xBF2A, 0xBF2B, 0xBF4C, 0xBF4D, 0xBF4E, 0xBF4F, 0xBF50, 0xBF51, 0xBF52, 0xC753, 0xC754,
    0xC755, 0xC755, 0xC756, 0xC757, 0xC757, 0xC758, 0xC758, 0xC759, 0xC759, 0xC75A, 0xC75A, 0xC75B, 0xC75B, 0xC75B, 0xC75C, 0xBF5C,
    0xB040, 0xB041, 0xB041, 0xB021, 0xB021, 0xB022, 0xA822, 0xA823, 0xA823, 0xA824, 0xA824, 0xA825, 0xA826, 0xA827, 0xA828, 0xA828,
    0xA829, 0xB02B, 0xB02C, 0xB02D, 0xB02E, 0xB02F, 0xB051, 0xB052, 0xB054, 0xB855, 0xB856, 0xB858, 0xB859, 0xB05A, 0xB05A, 0xB05B,
    0xB060, 0xB041, 0xB041, 0xB041, 0xB041, 0xB041, 0xB042, 0xB042, 0xB043, 0xB044, 0xB044, 0xB045, 0xB046, 0xB047, 0xB048, 0xB048,
    0xB049, 0xB04B, 0xB04C, 0xB04D, 0xB04E, 0xB050, 0xB051, 0xB853, 0xB854, 0xB856, 0xB857, 0xB858, 0xB859, 0xB05A, 0xB05A, 0xB05B,
    0xA880, 0xB061, 0xB861, 0xB841, 0xB841, 0xB841, 0xB042, 0xB042, 0xB043, 0xB043, 0xB044, 0xB045, 0xB046, 0xB047, 0xB047, 0xB048,
    0xB04A, 0xB04B, 0xB04C, 0xB04D, 0xB84F, 0xB850, 0xB852, 0xB853, 0xB855, 0xB856, 0xB857, 0xB858, 0xB859, 0xB05A, 0xB05B, 0xB05B,
    0xA8A0, 0xB0A1, 0xB081, 0xB861, 0xB861, 0xB841, 0xB842, 0xB842, 0xB842, 0xB843, 0xB044, 0xB045, 0xB045, 0xB046, 0xB047, 0xB048,
    0xB049, 0xB84B, 0xB84C, 0xB84E, 0xB84F, 0xB851, 0xB872, 0xB874, 0xB875, 0xB876, 0xB877, 0xB878, 0xB879, 0xB07A, 0xB07B, 0xB07B,
    0xA8E0, 0xA8C1, 0xB0A1, 0xB881, 0xB861, 0xB861, 0xB861, 0xB842, 0xB842, 0xB843, 0xB843, 0xB844, 0xB845, 0xB846, 0xB847, 0xB848,
    0xB849, 0xB84B, 0xB84C, 0xB86E, 0xB86F, 0xB871, 0xB873, 0xB874, 0xB875, 0xB877, 0xB878, 0xB879, 0xB879, 0xB07A, 0xB07B, 0xB07B,
    0xA900, 0xA901, 0xB0E1, 0xB0C1, 0xB8A1, 0xB881, 0xB861, 0xB862, 0xB862, 0xB863, 0xB863, 0xB864, 0xB865, 0xB866, 0xB867, 0xB868,
    0xB869, 0xB86B, 0xB86C, 0xB86E, 0xB870, 0xB871, 0xB873, 0xC075, 0xC076, 0xB877, 0xB878, 0xB879, 0xB879, 0xB07A, 0xB07B, 0xB07B,
    0xA940, 0xA941, 0xB121, 0xB101, 0xB0E1, 0xB8C1, 0xC081, 0xC082, 0xC062, 0xC062, 0xB863, 0xB864, 0xB864, 0xB865, 0xB866, 0xB867,
    0xB869, 0xB86A, 0xB86C, 0xB86E, 0xB870, 0xC072, 0xC093, 0xC095, 0xC096, 0xB897, 0xB898, 0xB899, 0xB099, 0xB09A, 0xB09B, 0xB09B,
    0xA980, 0xA981, 0xB181, 0xB161, 0xB141, 0xB921, 0xB8E1, 0xB8A1, 0xC082, 0xC082, 0xC063, 0xC063, 0xB864, 0xB865, 0xB866, 0xB867,
    0xB868, 0xB86A, 0xB86C, 0xB86E, 0xC090, 0xC092, 0xC094, 0xC095, 0xC096, 0xB897, 0xB898, 0xB899, 0xB099, 0xB09A, 0xB09B, 0xB09B,
    0xA9E0, 0xA9E1, 0xB1E1, 0xB1C1, 0xB1A1, 0xB981, 0xB941, 0xB8E1, 0xC0A2, 0xC0A2, 0xC082, 0xC083, 0xC064, 0xB864, 0xB865, 0xB867,
    0xB868, 0xB869, 0xB88C, 0xB88E, 0xC090, 0xC092, 0xC094, 0xC095, 0xC096, 0xB897, 0xB898, 0xB899, 0xB09A, 0xB09A, 0xB0BB, 0xB0BB,
    0xAA21, 0xAA41, 0xB241, 0xB221, 0xBA21, 0xBA01, 0xB9C1, 0xB962, 0xB922, 0xB8C2, 0xC0A2, 0xC083, 0xC083, 0xC084, 0xB885, 0xB886,
    0xB887, 0xB889, 0xB88B, 0xB88D, 0xC090, 0xC0B2, 0xC0B4, 0xC0B5, 0xB8B6, 0xB8B7, 0xB8B8, 0xB0B9, 0xB0BA, 0xB0BA, 0xB0BB, 0xA8DB,
    0xAA81, 0xB281, 0xB2A1, 0xB2A1, 0xBAA1, 0xBA81, 0xBA42, 0xB9E2, 0xB9A2, 0xB922, 0xB8E2, 0xC0A2, 0xC0A3, 0xC084, 0xB884, 0xB886,
    0xB887, 0xB888, 0xB88B, 0xB88D, 0xB8B0, 0xC0B2, 0xC0B4, 0xC0B6, 0xB8B6, 0xB8B7, 0xB8B8, 0xB0B9, 0xB0DA, 0xB0DA, 0xA8DB, 0xA8FB,
    0xAAC1, 0xB2E1, 0xB2E1, 0xB301, 0xBB02, 0xBAE2, 0xBAE2, 0xBA82, 0xBA42, 0xB9C2, 0xB942, 0xB902, 0xB8C3, 0xB8A3, 0xB8A4, 0xB8A5,
    0xB8A7, 0xB8A8, 0xB8AA, 0xB8AD, 0xB8AF, 0xB8D2, 0xB8D4, 0xB8D6, 0xB8D7, 0xB8D7, 0xB0D8, 0xB0D9, 0xB0DA, 0xA8FA, 0xA8FB, 0xA91B,
    0xAB21, 0xB321, 0xB341, 0xB361, 0xBB62, 0xBB62, 0xBB62, 0xBB22, 0xBAC2, 0xBA62, 0xB9E2, 0xB962, 0xB903, 0xB8E3, 0xB8C4, 0xB8A5,
    0xB8A6, 0xB8A8, 0xB8AA, 0xB8CD, 0xB8CF, 0xB8F2, 0xB8F4, 0xB8F6, 0xB8F7, 0xB8F7, 0xB0F8, 0xB0F9, 0xA8FA, 0xA91A, 0xA93B, 0xA93B,
    0xAB61, 0xAB81, 0xB381, 0xB3A2, 0xBBA2, 0xBBC2, 0xBBA2, 0xC382, 0xC363, 0xBB03, 0xBA83, 0xBA03, 0xB983, 0xB923, 0xB904, 0xB8E5,
    0xB8C6, 0xB8C8, 0xB8EA, 0xB8ED, 0xB8EF, 0xB912, 0xB914, 0xB916, 0xB917, 0xB117, 0xB118, 0xA919, 0xA93A, 0xA93A, 0xA95B, 0xA97B,
    0xA3A1, 0xABC1, 0xB3C1, 0xB3E2, 0xBBE2, 0xBC02, 0xBC02, 0xC3E3, 0xC3C3, 0xC383, 0xBB23, 0xBAA3, 0xBA23, 0xB9A3, 0xB964, 0xB925,
    0xB926, 0xB908, 0xB92B, 0xB92D, 0xB950, 0xB952, 0xB954, 0xB956, 0xB157, 0xB137, 0xB138, 0xA939, 0xA95A, 0xA97A, 0xA99A, 0xA9BB,
    0xA3E1, 0xABE1, 0xAC01, 0xB402, 0xB422, 0xBC22, 0xBC22, 0xBC23, 0xBC03, 0xBBE3, 0xBB83, 0xBB23, 0xBAC3, 0xBA64, 0xBA04, 0xB9C5,
    0xB987, 0xB989, 0xB98B, 0xB98E, 0xB9B0, 0xB9B2, 0xB9B4, 0xB1B6, 0xB197, 0xB178, 0xA978, 0xA979, 0xA99A, 0xA1BA, 0xA9DA, 0xAA1B,
    0xA421, 0xA421, 0xAC41, 0xAC42, 0xB442, 0xB462, 0xBC62, 0xBC63, 0xBC43, 0xBC23, 0xBC03, 0xBBC3, 0xBB64, 0xBB24, 0xBAC5, 0xBA86,
    0xBA47, 0xBA29, 0xBA2C, 0xBA2E, 0xBA31, 0xBA53, 0xBA35, 0xB216, 0xB1F7, 0xA9B8, 0xA9B8, 0xA1B9, 0xA1DA, 0xA1FA, 0xA21A, 0xAA5B,
    0x9C61, 0xA461, 0xA481, 0xAC82, 0xAC82, 0xB482, 0xB4A2, 0xBC83, 0xBC83, 0xBC63, 0xBC43, 0xBC24, 0xBBE4, 0xBBC4, 0xBB85, 0xBB67,
    0xBB28, 0xBAEA, 0xBAED, 0xBAEF, 0xBAF1, 0xBB14, 0xBAD5, 0xB2B6, 0xB257, 0xAA18, 0xA1F8, 0xA1F9, 0xA1FA, 0xA23A, 0xA27A, 0xAABB,
    0x9CA1, 0x9CA1, 0xA4A1, 0xA4C2, 0xACC2, 0xB4E2, 0xB4E3, 0xBCE3, 0xBCE3, 0xBCC4, 0xBCA4, 0xBC84, 0xBC85, 0xBC65, 0xBC46, 0xC428,
    0xC3E9, 0xC3CB, 0xBBAD, 0xBBB0, 0xBBB2, 0xBBB4, 0xBB96, 0xB357, 0xAAD7, 0xAA78, 0xA239, 0xA219, 0xA23A, 0xA27A, 0xA2BA, 0xAAFB,
    0x94E1, 0x9CE1, 0x9D02, 0xA502, 0xAD22, 0xAD23, 0xB523, 0xBD44, 0xBD44, 0xBD24, 0xBD25, 0xBD05, 0xBD06, 0xBCE7, 0xC4E8, 0xC4C9,
    0xC4AB, 0xC4AC, 0xC48E, 0xBC71, 0xBC73, 0xBC75, 0xBC56, 0xB417, 0xAB78, 0xA2F8, 0xA299, 0x9A59, 0x9A7A, 0xA2BA, 0xA2FB, 0xAB5B,
    0x9521, 0x9521, 0x9D42, 0xA542, 0xAD63, 0xB563, 0xB584, 0xBD84, 0xBD85, 0xC586, 0xC586, 0xC587, 0xC568, 0xC568, 0xC569, 0xC54B,
    0xC54C, 0xC54E, 0xC530, 0xC511, 0xBD13, 0xBD15, 0xBCF6, 0xB4B7, 0xAC18, 0xA378, 0x9AF9, 0x9AB9, 0x9ABA, 0xA2DA, 0xA35B, 0xABBB,
    0x8D41, 0x9562, 0x9D62, 0xA583, 0xADA3, 0xB5C4, 0xBDC5, 0xBDE5, 0xC5E6, 0xC5E7, 0xC5E8, 0xC5E9, 0xC5E9, 0xC5EB, 0xC5EC, 0xC5CD,
    0xC5CE, 0xC5D0, 0xC5B1, 0xC5B2, 0xBD94, 0xBD95, 0xBD76, 0xB557, 0xACB8, 0xA419, 0x9B79, 0x92FA, 0x9AFA, 0x9B1A, 0xA39B, 0xAC3B,
    0x8D81, 0x95A2, 0x9DA2, 0xA5C3, 0xADE4, 0xB5E4, 0xBE05, 0xBE26, 0xC627, 0xC628, 0xCE49, 0xCE4A, 0xCE4B, 0xCE4C, 0xCE2D, 0xCE2E,
    0xCE30, 0xCE31, 0xCE32, 0xC613, 0xC614, 0xC5F5, 0xBDD6, 0xB5B8, 0xB558, 0xACD9, 0x9C39, 0x939A, 0x9B9A, 0x9B9A, 0xAC1B, 0xB4BB,
    0x8DC2, 0x95E2, 0x9DE3, 0xA603, 0xAE24, 0xB625, 0xBE46, 0xC647, 0xC668, 0xCE69, 0xCE6A, 0xCE8B, 0xCE8C, 0xCE8D, 0xCE8E, 0xCE90,
    0xCE91, 0xCE91, 0xCE72, 0xCE73, 0xCE74, 0xC656, 0xBE57, 0xBE38, 0xB5F8, 0xAD99, 0xA51A, 0x9C5A, 0x9C5A, 0xA43B, 0xACBB, 0xB53B,
    0x9602, 0x9623, 0x9E23, 0xA644, 0xAE45, 0xB666, 0xBE67, 0xC688, 0xC689, 0xCE8A, 0xCEAB, 0xCEAC, 0xCEAD, 0xCEAE, 0xCEAF, 0xCEB0,
    0xCEB1, 0xCEB2, 0xCEB3, 0xCEB4, 0xCEB5, 0xCE96, 0xC697, 0xC698, 0xBE59, 0xB639, 0xADBA, 0xA53A, 0xA51A, 0xA4FB, 0xAD5B, 0xB59C,
    0x9643, 0x9E63, 0x9E64, 0xAE64, 0xB685, 0xBE86, 0xBEA7, 0xC6A8, 0xC6A9, 0xCECB, 0xCECC, 0xCECD, 0xCECE, 0xCECF, 0xCED0, 0xCED1,
    0xCED2, 0xD6D3, 0xD6D4, 0xD6D5, 0xCED5, 0xCED6, 0xCED7, 0xCED8, 0xC6B9, 0xBEBA, 0xB65A, 0xAE1A, 0xADFB, 0xADBB, 0xB5FB, 0xB61C,
    0x9E83, 0xA684, 0xA684, 0xAEA5, 0xB6A6, 0xBEC7, 0xC6C8, 0xC6C9, 0xC6CA, 0xCECB, 0xCECC, 0xCEED, 0xCEEE, 0xCEF0, 0xCEF1, 0xCEF2,
    0xCEF3, 0xCEF4, 0xCEF5, 0xCEF5, 0xCEF6, 0xCEF7, 0xCEF8, 0xCEF8, 0xCEF9, 0xC6DA, 0xBEBA, 0xB69B, 0xB67B, 0xAE3B, 0xB65C, 0xB67C,
    0xAEC4, 0xAEC4, 0xAEC5, 0xB6C6, 0xBEC7, 0xBEE8, 0xC6E9, 0xC6EA, 0xC6EB, 0xCEEC, 0xCEED, 0xCEEE, 0xCEEF, 0xCEF0, 0xCF11, 0xCF12,
    0xCF13, 0xCF14, 0xCF15, 0xCF16, 0xCF17, 0xCF17, 0xCF18, 0xCF19, 0xCF19, 0xCF1A, 0xC6FA, 0xBEFB, 0xB6DB, 0xB6BB, 0xB6BC, 0xBEBC,
    0xB6E5, 0xB6E5, 0xB6E6, 0xB6E6, 0xBEE7, 0xBEE8, 0xC709, 0xC70A, 0xC70B, 0xC70C, 0xCF0D, 0xCF0F, 0xCF10, 0xCF11, 0xCF12, 0xCF13,
    0xCF14, 0xCF15, 0xCF16, 0xCF16, 0xCF37, 0xCF38, 0xCF38, 0xCF39, 0xCF39, 0xCF1A, 0xC71A, 0xC71B, 0xBF1B, 0xBEFB, 0xBEFC, 0xBEFC,
    0xBF06, 0xBF06, 0xBF06, 0xBF07, 0xBF08, 0xC709, 0xC70A, 0xC70B, 0xC70C, 0xC70D, 0xC72E, 0xC72F, 0xCF30, 0xCF31, 0xCF32, 0xCF33,
    0xCF34, 0xCF35, 0xCF36, 0xCF37, 0xCF37, 0xCF38, 0xCF38, 0xCF39, 0xCF39, 0xCF3A, 0xCF3A, 0xC73B, 0xC73B, 0xBF3C, 0xBF3C, 0xBF1C,
    0xBF26, 0xBF27, 0xBF27, 0xC728, 0xC728, 0xC729, 0xC72A, 0xC72B, 0xC72C, 0xC72D, 0xC72E, 0xC72F, 0xC731, 0xC732, 0xCF33, 0xCF34,
    0xCF55, 0xCF55, 0xCF56, 0xCF57, 0xCF57, 0xCF58, 0xCF58, 0xCF59, 0xCF59, 0xCF5A, 0xCF5A, 0xCF5A, 0xC75B, 0xC75B, 0xC75C, 0xC73C,
    0xC747, 0xC727, 0xC728, 0xC728, 0xC729, 0xC72A, 0xC74B, 0xC74C, 0xC74D, 0xC74E, 0xC74F, 0xC750, 0xC751, 0xC752, 0xCF53, 0xCF54,
    0xCF55, 0xCF55, 0xCF56, 0xCF57, 0xCF57, 0xCF58, 0xCF58, 0xCF59, 0xCF59, 0xCF5A, 0xCF5A, 0xCF5A, 0xCF5B, 0xCF5B, 0xC75C, 0xC75C,
    0xB840, 0xB841, 0xB841, 0xB841, 0xB841, 0xB822, 0xB822, 0xB823, 0xB023, 0xB024, 0xB024, 0xB025, 0xB026, 0xB027, 0xB028, 0xB028,
    0xB029, 0xB82A, 0xB82B, 0xB82D, 0xB84E, 0xB84F, 0xB850, 0xB852, 0xB853, 0xB855, 0xC056, 0xC057, 0xC058, 0xC059, 0xB85A, 0xB85B,
    0xB860, 0xB861, 0xC041, 0xB841, 0xB841, 0xB841, 0xB842, 0xB842, 0xB843, 0xB844, 0xB844, 0xB845, 0xB846, 0xB847, 0xB847, 0xB848,
    0xB849, 0xB84A, 0xB84C, 0xB84D, 0xB84E, 0xB84F, 0xB851, 0xB852, 0xC054, 0xC055, 0xC056, 0xC058, 0xC059, 0xC05A, 0xB85A, 0xB85B,
    0xB080, 0xB861, 0xC061, 0xC041, 0xC041, 0xC041, 0xC042, 0xC042, 0xB843, 0xB843, 0xB844, 0xB845, 0xB845, 0xB846, 0xB847, 0xB848,
    0xB849, 0xB84A, 0xB84C, 0xB84D, 0xB84E, 0xC050, 0xC051, 0xC053, 0xC054, 0xC056, 0xC077, 0xC078, 0xC079, 0xC07A, 0xB87A, 0xB87B,
    0xB0C0, 0xB8A1, 0xB881, 0xC061, 0xC061, 0xC061, 0xC042, 0xC042, 0xC042, 0xC043, 0xC044, 0xB844, 0xB845, 0xB846, 0xB847, 0xB848,
    0xB849, 0xC04A, 0xC04C, 0xC04D, 0xC04F, 0xC070, 0xC072, 0xC073, 0xC075, 0xC076, 0xC077, 0xC078, 0xC079, 0xC07A, 0xB87A, 0xB87B,
    0xB0E0, 0xB0C1, 0xB8C1, 0xC0A1, 0xC061, 0xC061, 0xC061, 0xC062, 0xC042, 0xC043, 0xC043, 0xC044, 0xC045, 0xC046, 0xC047, 0xC048,
    0xC049, 0xC04A, 0xC06C, 0xC06D, 0xC06F, 0xC071, 0xC072, 0xC074, 0xC075, 0xC076, 0xC077, 0xC078, 0xC079, 0xB87A, 0xB87A, 0xB87B,
    0xB120, 0xB101, 0xB901, 0xB8E1, 0xC0A1, 0xC081, 0xC061, 0xC062, 0xC062, 0xC062, 0xC063, 0xC064, 0xC065, 0xC065, 0xC066, 0xC067,
    0xC068, 0xC06A, 0xC06C, 0xC06D, 0xC06F, 0xC071, 0xC073, 0xC074, 0xC075, 0xC077, 0xC078, 0xC078, 0xC079, 0xB87A, 0xB87A, 0xB87B,
    0xB160, 0xB141, 0xB141, 0xB921, 0xB901, 0xC0C1, 0xC081, 0xC082, 0xC862, 0xC062, 0xC063, 0xC063, 0xC064, 0xC065, 0xC066, 0xC067,
    0xC068, 0xC06A, 0xC06B, 0xC06D, 0xC06F, 0xC071, 0xC093, 0xC094, 0xC096, 0xC097, 0xC098, 0xC099, 0xC099, 0xB89A, 0xB89A, 0xB89B,
    0xB1A0, 0xB1A1, 0xB981, 0xB981, 0xB961, 0xC121, 0xC0E1, 0xC0A2, 0xC082, 0xC082, 0xC063, 0xC063, 0xC064, 0xC065, 0xC065, 0xC066,
    0xC068, 0xC069, 0xC06B, 0xC06D, 0xC08F, 0xC091, 0xC093, 0xC095, 0xC096, 0xC097, 0xC098, 0xC099, 0xC099, 0xB89A, 0xB89A, 0xB8BB,
    0xB1E1, 0xB1E1, 0xB9E1, 0xB9E1, 0xB9C1, 0xB981, 0xC141, 0xC0E1, 0xC0A2, 0xC0A2, 0xC082, 0xC083, 0xC083, 0xC064, 0xC065, 0xC066,
    0xC067, 0xC089, 0xC08A, 0xC08D, 0xC08F, 0xC091, 0xC093, 0xC0B5, 0xC0B6, 0xC0B7, 0xC0B8, 0xC0B9, 0xB8B9, 0xB8BA, 0xB8BA, 0xB8BB,
    0xB241, 0xB241, 0xBA41, 0xBA41, 0xBA21, 0xC201, 0xC1C1, 0xC162, 0xC122, 0xC0C2, 0xC0A2, 0xC083, 0xC083, 0xC084, 0xC085, 0xC086,
    0xC087, 0xC088, 0xC08A, 0xC08C, 0xC08F, 0xC0B1, 0xC0B3, 0xC0B5, 0xC0B6, 0xC0B7, 0xC0B8, 0xC0B9, 0xB8B9, 0xB8BA, 0xB8DA, 0xB0DB,
    0xB2A1, 0xBAA1, 0xBAA1, 0xBAA1, 0xC2A1, 0xC282, 0xC242, 0xC1E2, 0xC182, 0xC122, 0xC0E2, 0xC0A2, 0xC0A3, 0xC084, 0xC084, 0xC085,
    0xC086, 0xC088, 0xC089, 0xC08C, 0xC0AE, 0xC0B1, 0xC0B3, 0xC0D5, 0xC0D6, 0xC0D7, 0xC0D8, 0xB8D9, 0xB8D9, 0xB8DA, 0xB0FA, 0xB0FB,
    0xB2E1, 0xBB01, 0xBB01, 0xBB01, 0xC302, 0xC302, 0xC2E2, 0xC282, 0xC222, 0xC1C2, 0xC142, 0xC102, 0xC0C3, 0xC0A3, 0xC0A4, 0xC0A5,
    0xC0A6, 0xC0A7, 0xC0A9, 0xC0AB, 0xC0AE, 0xC0D1, 0xC0D3, 0xC0D5, 0xC0F6, 0xC0F7, 0xC0F8, 0xB8F9, 0xB8F9, 0xB8FA, 0xB11A, 0xB13B,
    0xB321, 0xBB41, 0xBB61, 0xC362, 0xC382, 0xC362, 0xC362, 0xC322, 0xC2C2, 0xC242, 0xC1C2, 0xC162, 0xC103, 0xC0C3, 0xC0C4, 0xC0A4,
    0xC0A6, 0xC0A7, 0xC0A9, 0xC0AB, 0xC0CE, 0xC0D1, 0xC0F3, 0xC0F5, 0xC116, 0xC117, 0xB918, 0xB919, 0xB919, 0xB13A, 0xB15A, 0xB15B,
    0xB381, 0xB381, 0xBBA1, 0xBBA2, 0xC3C2, 0xC3C2, 0xC3C2, 0xC383, 0xC343, 0xC2E3, 0xC283, 0xC1E3, 0xC183, 0xC123, 0xC0E4, 0xC0C4,
    0xC0C5, 0xC0C7, 0xC0C9, 0xC0CB, 0xC0EE, 0xC0F1, 0xC113, 0xC135, 0xC136, 0xB937, 0xB938, 0xB939, 0xB159, 0xB15A, 0xB17A, 0xB1BB,
    0xB3A1, 0xB3C1, 0xBBE1, 0xBBE2, 0xC402, 0xC402, 0xC402, 0xC3E3, 0xC3C3, 0xC363, 0xC303, 0xC283, 0xC203, 0xC1A3, 0xC144, 0xC124,
    0xC105, 0xC107, 0xC109, 0xC10B, 0xC10E, 0xC131, 0xC153, 0xC175, 0xB976, 0xB977, 0xB978, 0xB179, 0xB199, 0xB19A, 0xB1DA, 0xB1FB,
    0xABE1, 0xB401, 0xB401, 0xBC22, 0xBC22, 0xC422, 0xC422, 0xC423, 0xC403, 0xC3C3, 0xC383, 0xC323, 0xC2A3, 0xC243, 0xC1E4, 0xC184,
    0xC166, 0xC147, 0xC149, 0xC14C, 0xC16E, 0xC191, 0xC1B3, 0xB9D5, 0xB9D6, 0xB9B7, 0xB9B8, 0xB1B9, 0xB1D9, 0xB1FA, 0xB21A, 0xB25B,
    0xAC21, 0xAC21, 0xB441, 0xB442, 0xBC42, 0xBC62, 0xC462, 0xC443, 0xC443, 0xC403, 0xC3E3, 0xC3A3, 0xC343, 0xC2E4, 0xC284, 0xC245,
    0xC206, 0xC1C8, 0xC1CA, 0xC1CC, 0xC1EF, 0xC212, 0xC234, 0xBA56, 0xBA37, 0xB9F7, 0xB1F8, 0xB1F9, 0xB219, 0xB23A, 0xB27A, 0xB2BB,
    0xA461, 0xAC61, 0xAC61, 0xB482, 0xB482, 0xBC82, 0xBC82, 0xC483, 0xC463, 0xC443, 0xC423, 0xC403, 0xC3C4, 0xC384, 0xC345, 0xC305,
    0xC2C7, 0xC2A8, 0xC28A, 0xC28D, 0xC290, 0xC2B2, 0xC2D4, 0xC2D6, 0xBAB7, 0xBA78, 0xB258, 0xB259, 0xB27A, 0xB29A, 0xB2BA, 0xB31B,
    0xA4A1, 0xA4A1, 0xACA1, 0xB4C2, 0xB4C2, 0xBCC2, 0xBCC3, 0xC4C3, 0xC4C3, 0xC4A3, 0xC484, 0xC464, 0xC444, 0xC425, 0xC405, 0xC3C6,
    0xC3A8, 0xC369, 0xC34B, 0xC34E, 0xC351, 0xC373, 0xC375, 0xC396, 0xBB57, 0xBAF8, 0xB2B9, 0xB299, 0xB2BA, 0xB2DA, 0xB31A, 0xB37B,
    0x9CE1, 0xA4E1, 0xACE2, 0xAD02, 0xB502, 0xBD23, 0xBD23, 0xC523, 0xC524, 0xC504, 0xC4E4, 0xC4E5, 0xC4C5, 0xC4A5, 0xC4A6, 0xC487,
    0xC469, 0xCC4A, 0xCC2D, 0xC40F, 0xC411, 0xC434, 0xC435, 0xC437, 0xBBF8, 0xBB78, 0xB339, 0xB2F9, 0xB31A, 0xB33A, 0xB37B, 0xB3BB,
    0x9D01, 0xA522, 0xA522, 0xAD42, 0xB543, 0xBD63, 0xBD64, 0xC564, 0xC565, 0xC565, 0xC565, 0xC546, 0xC546, 0xC527, 0xC528, 0xCD29,
    0xCD2A, 0xCD0C, 0xCCEE, 0xCCD0, 0xC4D2, 0xC4D4, 0xC4D6, 0xC4D7, 0xBC78, 0xBC19, 0xB3B9, 0xB359, 0xB35A, 0xB37A, 0xB3DB, 0xBC3B,
    0x9541, 0x9D62, 0xA562, 0xAD83, 0xB5A3, 0xBDA4, 0xC5C4, 0xC5C5, 0xCDC6, 0xCDC6, 0xCDC7, 0xCDC8, 0xCDC8, 0xCDA9, 0xCDAA, 0xCDAB,
    0xCDAC, 0xCD8E, 0xCD8F, 0xCD71, 0xCD73, 0xC555, 0xC556, 0xC557, 0xBD18, 0xBC99, 0xB439, 0xAB9A, 0xAB9A, 0xB3BA, 0xB41B, 0xBC9B,
    0x9582, 0x9DA2, 0xA5A2, 0xADC3, 0xB5E4, 0xBDE4, 0xC605, 0xC606, 0xCE27, 0xCE28, 0xCE28, 0xCE29, 0xCE2A, 0xCE2B, 0xCE2C, 0xCE0D,
    0xCE0E, 0xCE10, 0xCE11, 0xCDF2, 0xCDF4, 0xCDD5, 0xC5D6, 0xC5D8, 0xBD98, 0xBD39, 0xB4BA, 0xAC1A, 0xAC1A, 0xB41A, 0xB47B, 0xBCFB,
    0x95C2, 0x9DE2, 0xADE3, 0xB604, 0xBE24, 0xBE25, 0xC646, 0xCE47, 0xCE68, 0xCE69, 0xD66A, 0xD66B, 0xD66C, 0xD66D, 0xD66E, 0xD68F,
    0xD671, 0xD672, 0xD673, 0xD673, 0xCE54, 0xCE56, 0xC637, 0xC638, 0xBDF9, 0xBDD9, 0xB53A, 0xAC9A, 0xAC7A, 0xB47B, 0xB4FB, 0xBD5C,
    0x9E02, 0xA623, 0xAE23, 0xB644, 0xBE45, 0xC666, 0xC687, 0xCE88, 0xCE89, 0xCE8A, 0xD6AB, 0xD6AC, 0xD6AD, 0xD6AE, 0xD6AF, 0xD6B1,
    0xD6B2, 0xD6B3, 0xD6B3, 0xD6B4, 0xD695, 0xCE96, 0xCE97, 0xCE98, 0xC679, 0xBE39, 0xBDDA, 0xB55A, 0xB53A, 0xB51B, 0xB57B, 0xBDDC,
    0xA643, 0xA663, 0xAE64, 0xB665, 0xBE85, 0xC6A6, 0xCEA8, 0xCEA8, 0xCEAA, 0xD6CB, 0xD6CC, 0xD6CD, 0xD6CE, 0xD6CF, 0xD6D0, 0xD6D1,
    0xD6D2, 0xD6D3, 0xD6D4, 0xD6D5, 0xD6D5, 0xD6D6, 0xD6D7, 0xD6D8, 0xCEB9, 0xC6BA, 0xBE7A, 0xB63A, 0xB5FB, 0xB5BB, 0xBDFB, 0xBE3C,
    0xAE83, 0xAE84, 0xB684, 0xBEA5, 0xBEA6, 0xC6C7, 0xCEC8, 0xCEC9, 0xCECA, 0xCECB, 0xD6EC, 0xD6ED, 0xD6EE, 0xD6F0, 0xD6F1, 0xD6F2,
    0xD6F3, 0xD6F4, 0xD6F5, 0xD6F5, 0xD6F6, 0xD6F6, 0xD6F7, 0xD6F8, 0xCEF9, 0xCEDA, 0xC6BA, 0xBE9B, 0xBE7B, 0xBE5B, 0xBE7C, 0xC69C,
    0xB6C4, 0xB6C4, 0xB6C5, 0xBEC6, 0xC6C7, 0xC6E8, 0xCEE9, 0xCEEA, 0xCEEB, 0xCEEC, 0xD6ED, 0xD6EE, 0xD6EF, 0xD710, 0xD711, 0xD712,
    0xD713, 0xD714, 0xD715, 0xD716, 0xD717, 0xD717, 0xD718, 0xD719, 0xD719, 0xD71A, 0xCF1A, 0xC6FB, 0xBEDB, 0xBEBB, 0xBEDC, 0xC6DC,
    0xBEE5, 0xBEE5, 0xBEE6, 0xC6E7, 0xC6E7, 0xC6E8, 0xCF09, 0xCF0A, 0xCF0B, 0xCF0D, 0xCF0D, 0xCF0F, 0xD710, 0xD711, 0xD712, 0xD713,
    0xD714, 0xD715, 0xD736, 0xD736, 0xD737, 0xD738, 0xD738, 0xD739, 0xD739, 0xD73A, 0xCF3A, 0xCF1B, 0xC71B, 0xC6FC, 0xC6FC, 0xC6FC,
    0xC706, 0xC706, 0xC706, 0xC707, 0xC708, 0xCF09, 0xCF0A, 0xCF0B, 0xCF0C, 0xCF2D, 0xCF2E, 0xCF2F, 0xCF30, 0xCF31, 0xD732, 0xD733,
    0xD734, 0xD735, 0xD736, 0xD737, 0xD737, 0xD738, 0xD738, 0xD739, 0xD739, 0xD73A, 0xD73A, 0xCF3A, 0xCF3B, 0xC73C, 0xC73C, 0xC71C,
    0xC726, 0xC727, 0xC727, 0xC728, 0xCF29, 0xCF29, 0xCF2A, 0xCF2B, 0xCF2C, 0xCF2D, 0xCF2E, 0xCF30, 0xCF31, 0xCF32, 0xCF53, 0xD754,
    0xD755, 0xD755, 0xD756, 0xD757, 0xD757, 0xD758, 0xD758, 0xD759, 0xD759, 0xD75A, 0xD75A, 0xCF5A, 0xCF5B, 0xCF5C, 0xCF5C, 0xCF3C,
    0xCF27, 0xCF27, 0xCF28, 0xCF28, 0xCF29, 0xCF4A, 0xCF4B, 0xCF4C, 0xCF4D, 0xCF4E, 0xCF4F, 0xCF50, 0xCF51, 0xCF52, 0xCF53, 0xD754,
    0xD755, 0xD756, 0xD756, 0xD757, 0xD757, 0xD758, 0xD758, 0xD759, 0xD759, 0xD75A, 0xD75A, 0xD77A, 0xD77B, 0xCF7B, 0xCF7C, 0xCF7C,
    0xC041, 0xC041, 0xC041, 0xC041, 0xC041, 0xC042, 0xC042, 0xC042, 0xC023, 0xC024, 0xB824, 0xB825, 0xB826, 0xB827, 0xB827, 0xB828,
    0xB829, 0xC02A, 0xC04B, 0xC04C, 0xC04E, 0xC04F, 0xC050, 0xC051, 0xC053, 0xC054, 0xC056, 0xC057, 0xC858, 0xC859, 0xC05A, 0xC05B,
    0xC061, 0xC061, 0xC841, 0xC841, 0xC041, 0xC041, 0xC042, 0xC042, 0xC043, 0xC043, 0xC044, 0xC045, 0xC046, 0xC046, 0xC047, 0xC048,
    0xC049, 0xC04A, 0xC04B, 0xC04D, 0xC04E, 0xC04F, 0xC051, 0xC052, 0xC053, 0xC055, 0xC856, 0xC857, 0xC858, 0xC859, 0xC05A, 0xC05B,
    0xC0A1, 0xC081, 0xC861, 0xC861, 0xC841, 0xC841, 0xC842, 0xC842, 0xC043, 0xC043, 0xC044, 0xC045, 0xC045, 0xC046, 0xC047, 0xC048,
    0xC049, 0xC04A, 0xC04B, 0xC04D, 0xC04E, 0xC050, 0xC051, 0xC853, 0xC854, 0xC875, 0xC876, 0xC878, 0xC879, 0xC87A, 0xC07A, 0xC07B,
    0xB8C0, 0xC0A1, 0xC081, 0xC881, 0xC861, 0xC861, 0xC842, 0xC842, 0xC842, 0xC843, 0xC844, 0xC044, 0xC045, 0xC046, 0xC047, 0xC048,
    0xC049, 0xC04A, 0xC04B, 0xC04D, 0xC04E, 0xC870, 0xC871, 0xC873, 0xC874, 0xC876, 0xC877, 0xC878, 0xC879, 0xC87A, 0xC07A, 0xC07B,
    0xB8E0, 0xB8E1, 0xC0C1, 0xC0A1, 0xC881, 0xC861, 0xC861, 0xC862, 0xC862, 0xC863, 0xC843, 0xC844, 0xC845, 0xC846, 0xC046, 0xC047,
    0xC048, 0xC04A, 0xC86B, 0xC86D, 0xC86E, 0xC870, 0xC872, 0xC873, 0xC875, 0xC876, 0xC877, 0xC878, 0xC879, 0xC07A, 0xC07A, 0xC07B,
    0xB920, 0xB921, 0xC101, 0xC0E1, 0xC8C1, 0xC881, 0xC861, 0xC862, 0xC862, 0xC862, 0xC863, 0xC864, 0xC864, 0xC865, 0xC866, 0xC867,
    0xC868, 0xC869, 0xC86B, 0xC86D, 0xC86E, 0xC870, 0xC872, 0xC874, 0xC875, 0xC896, 0xC897, 0xC898, 0xC899, 0xC09A, 0xC09A, 0xC09B,
    0xB961, 0xB961, 0xB941, 0xC121, 0xC101, 0xC8C1, 0xC881, 0xC882, 0xC862, 0xC862, 0xC863, 0xC863, 0xC864, 0xC865, 0xC866, 0xC867,
    0xC868, 0xC869, 0xC86B, 0xC86C, 0xC86E, 0xC870, 0xC892, 0xC894, 0xC895, 0xC896, 0xC897, 0xC898, 0xC099, 0xC09A, 0xC09A, 0xC09B,
    0xB9C1, 0xB9A1, 0xC1A1, 0xC181, 0xC161, 0xC121, 0xC8E1, 0xC8A2, 0xC882, 0xC882, 0xC863, 0xC863, 0xC864, 0xC864, 0xC865, 0xC866,
    0xC867, 0xC868, 0xC86A, 0xC86C, 0xC88E, 0xC890, 0xC892, 0xC894, 0xC895, 0xC897, 0xC898, 0xC898, 0xC099, 0xC09A, 0xC0BA, 0xC0BB,
    0xBA01, 0xBA01, 0xC201, 0xC1E1, 0xC1C1, 0xC181, 0xC141, 0xC8E2, 0xC8A2, 0xC8A2, 0xC882, 0xC883, 0xC883, 0xC884, 0xC885, 0xC886,
    0xC887, 0xC888, 0xC88A, 0xC88C, 0xC88E, 0xC890, 0xC892, 0xC8B4, 0xC8B6, 0xC8B7, 0xC8B8, 0xC8B8, 0xC0B9, 0xC0BA, 0xC0BA, 0xB8DB,
    0xBA61, 0xC261, 0xC261, 0xC261, 0xC241, 0xC201, 0xC1C2, 0xC962, 0xC902, 0xC8C2, 0xC8A2, 0xC883, 0xC883, 0xC884, 0xC884, 0xC885,
    0xC886, 0xC887, 0xC889, 0xC88B, 0xC88D, 0xC8B0, 0xC8B2, 0xC8B4, 0xC8B6, 0xC8B7, 0xC8D8, 0xC0D8, 0xC0D9, 0xC0DA, 0xC0DA, 0xB8FB,
    0xBAA1, 0xC2C1, 0xC2C1, 0xC2C1, 0xC2A2, 0xC282, 0xCA42, 0xC1E2, 0xC982, 0xC922, 0xC8E2, 0xC8A2, 0xC8A3, 0xC8A3, 0xC884, 0xC885,
    0xC886, 0xC887, 0xC889, 0xC88B, 0xC8AD, 0xC8B0, 0xC8B2, 0xC8D4, 0xC8D6, 0xC8D7, 0xC0D8, 0xC0D8, 0xC0F9, 0xC0FA, 0xB8FA, 0xB91B,
    0xBB01, 0xC301, 0xC321, 0xC322, 0xCB22, 0xCB02, 0xCAC2, 0xCA82, 0xCA22, 0xC9A2, 0xC942, 0xC8E2, 0xC8C3, 0xC8A3, 0xC8A4, 0xC8A4,
    0xC8A5, 0xC8A7, 0xC8A8, 0xC0AA, 0xC0AD, 0xC8AF, 0xC8D2, 0xC8D4, 0xC8F6, 0xC8F7, 0xC0F8, 0xC118, 0xC119, 0xB91A, 0xB93A, 0xB95B,
    0xBB41, 0xC361, 0xC361, 0xC382, 0xCB82, 0xCB62, 0xCB42, 0xCB02, 0xCAA2, 0xCA22, 0xC9C2, 0xC942, 0xC903, 0xC8C3, 0xC8C4, 0xC8A4,
    0xC8A5, 0xC8A6, 0xC8A8, 0xC0CA, 0xC0CD, 0xC0CF, 0xC0F2, 0xC914, 0xC116, 0xC117, 0xC138, 0xC138, 0xC139, 0xB95A, 0xB97A, 0xB99B,
    0xBB81, 0xC3A1, 0xC3C2, 0xC3C2, 0xCBC2, 0xCBC2, 0xCBA2, 0xCB83, 0xCB23, 0xCAC3, 0xCA63, 0xC9E3, 0xC963, 0xC923, 0xC8E3, 0xC8C4,
    0xC8C5, 0xC8C6, 0xC0C8, 0xC0CA, 0xC0ED, 0xC0EF, 0xC112, 0xC134, 0xC156, 0xC157, 0xC158, 0xC158, 0xB979, 0xB99A, 0xB9BA, 0xB9DB,
    0xBBC1, 0xBBE1, 0xC3E2, 0xC402, 0xCC02, 0xCC02, 0xCC03, 0xCBC3, 0xCBA3, 0xCB43, 0xCAE3, 0xC263, 0xC1E3, 0xC983, 0xC943, 0xC904,
    0xC905, 0xC8E6, 0xC0E8, 0xC10A, 0xC10D, 0xC12F, 0xC152, 0xC174, 0xC196, 0xC197, 0xC198, 0xC199, 0xB9B9, 0xB9DA, 0xB9FA, 0xBA3B,
    0xB401, 0xBC01, 0xBC01, 0xC422, 0xC422, 0xCC22, 0xCC22, 0xCC03, 0xCBE3, 0xCBA3, 0xCB63, 0xCAE3, 0xC283, 0xC223, 0xC1C4, 0xC984,
    0xC945, 0xC926, 0xC928, 0xC14A, 0xC14D, 0xC170, 0xC192, 0xC1D5, 0xC1D6, 0xC1F7, 0xC1F8, 0xB9F9, 0xBA19, 0xBA3A, 0xBA5A, 0xBA9B,
    0xB421, 0xBC21, 0xBC41, 0xC442, 0xC442, 0xC442, 0xCC42, 0xCC43, 0xCC23, 0xCBE3, 0xCBC3, 0xCB63, 0xC323, 0xC2C4, 0xC264, 0xCA04,
    0xC9C5, 0xC9A7, 0xC9A8, 0xC9AB, 0xC1AD, 0xC1D0, 0xC213, 0xC235, 0xC256, 0xC257, 0xC258, 0xBA59, 0xBA59, 0xBA7A, 0xBABA, 0xBAFB,
    0xB461, 0xB461, 0xBC61, 0xBC82, 0xC482, 0xC482, 0xC462, 0xC463, 0xCC43, 0xCC23, 0xCC03, 0xCBE3, 0xCBA4, 0xC364, 0xCB24, 0xCAE5,
    0xCAA6, 0xCA67, 0xCA49, 0xCA2C, 0xCA4E, 0xC271, 0xC293, 0xC2B5, 0xC2D7, 0xC2B8, 0xC2B8, 0xBAB9, 0xBABA, 0xBADA, 0xBB1A, 0xBB5B,
    0xAC81, 0xB4A1, 0xB4A2, 0xBCA2, 0xBCC2, 0xC4C2, 0xC4A3, 0xC4A3, 0xCC83, 0xCC83, 0xCC63, 0xCC44, 0xCC24, 0xCC04, 0xCBC5, 0xCBA6,
    0xCB67, 0xCB28, 0xCB0A, 0xCAEC, 0xCAEF, 0xCB11, 0xCB34, 0xCB56, 0xC357, 0xC338, 0xC339, 0xBB19, 0xBB1A, 0xBB3A, 0xBB7B, 0xBBBB,
    0xACC1, 0xACC1, 0xB4E2, 0xB4E2, 0xBD02, 0xC503, 0xC503, 0xC503, 0xCCE4, 0xCCE4, 0xCCC4, 0xCCA4, 0xCC84, 0xCC85, 0xCC66, 0xCC46,
    0xCC28, 0xCC09, 0xCBEB, 0xCBCD, 0xCBD0, 0xCBD2, 0xCBF4, 0xCC16, 0xC3F7, 0xC3D8, 0xC399, 0xBB79, 0xBB7A, 0xBB9A, 0xBBDB, 0xC41B,
    0xA501, 0xAD22, 0xB522, 0xB542, 0xBD43, 0xC543, 0xC544, 0xCD44, 0xCD44, 0xCD45, 0xCD25, 0xCD25, 0xCD06, 0xCD06, 0xCD07, 0xCCE8,
    0xCCE9, 0xCCCB, 0xCCAC, 0xCC8E, 0xCC91, 0xCC93, 0xCC95, 0xCCB6, 0xCC98, 0xC459, 0xC419, 0xBBDA, 0xBBDA, 0xBBFA, 0xBC3B, 0xC47B,
    0xA541, 0xAD42, 0xB562, 0xB583, 0xBD83, 0xC5A4, 0xC5A4, 0xCDA5, 0xCDA5, 0xCDA6, 0xCDA6, 0xCDA7, 0xCD87, 0xCD88, 0xCD89, 0xCD8A,
    0xD56B, 0xD56C, 0xD54E, 0xD550, 0xCD31, 0xCD33, 0xCD35, 0xCD37, 0xCD18, 0xC4F9, 0xC499, 0xBC3A, 0xBC3A, 0xBC3B, 0xC49B, 0xC4DB,
    0xA582, 0xADA2, 0xB5A3, 0xBDC3, 0xBDE4, 0xC5E4, 0xCE05, 0xCE06, 0xCE06, 0xD607, 0xD608, 0xD608, 0xD609, 0xD5EA, 0xD5EB, 0xD5EC,
    0xD5ED, 0xD5EE, 0xD5F0, 0xD5D1, 0xD5D3, 0xCDB4, 0xCDB6, 0xCDB7, 0xCD98, 0xC579, 0xC51A, 0xBC9A, 0xBC9A, 0xBC9B, 0xC4DB, 0xC53C,
    0xA5C2, 0xADE2, 0xB5E3, 0xBE04, 0xC624, 0xC625, 0xCE46, 0xCE47, 0xD648, 0xD668, 0xD669, 0xD66A, 0xD66B, 0xD66C, 0xD66D, 0xD66E,
    0xD66F, 0xD671, 0xD652, 0xD653, 0xD654, 0xD635, 0xCE36, 0xCE17, 0xCDF8, 0xC5D9, 0xC57A, 0xBD1A, 0xBCFA, 0xBCDB, 0xC53B, 0xC59C,
    0xA602, 0xAE23, 0xB623, 0xBE44, 0xC665, 0xCE66, 0xCE87, 0xD688, 0xD689, 0xD68A, 0xD68A, 0xD68B, 0xD68D, 0xD68E, 0xD6AF, 0xD6B0,
    0xD6B1, 0xD6B2, 0xD6B3, 0xD694, 0xD695, 0xD695, 0xD676, 0xD678, 0xCE59, 0xCE59, 0xC5FA, 0xBD9A, 0xBD7B, 0xBD5B, 0xC59B, 0xC5FC,
    0xAE43, 0xB663, 0xB664, 0xBE85, 0xC686, 0xCEA7, 0xCEA8, 0xD6A8, 0xD6A9, 0xD6CA, 0xD6CB, 0xD6CD, 0xD6CE, 0xD6CF, 0xD6D0, 0xD6D1,
    0xD6D2, 0xD6D3, 0xD6D4, 0xD6D5, 0xD6D5, 0xD6D6, 0xD6D7, 0xD6D8, 0xD6B9, 0xCEBA, 0xC67A, 0xC63A, 0xC61B, 0xBDDB, 0xC61C, 0xCE5C,
    0xB683, 0xB684, 0xBE84, 0xC6A5, 0xCEA6, 0xCEC7, 0xCEC8, 0xD6C9, 0xD6CA, 0xD6CB, 0xD6EC, 0xD6ED, 0xD6EE, 0xD6F0, 0xD6F1, 0xD6F2,
    0xD6F3, 0xD6F4, 0xD6F5, 0xD6F5, 0xD6F6, 0xD6F6, 0xD6F7, 0xD6F8, 0xD6F9, 0xD6DA, 0xCEDA, 0xC6BB, 0xC67B, 0xC65B, 0xC67C, 0xCE9C,
    0xBEC4, 0xBEC4, 0xBEC5, 0xC6C6, 0xCEC7, 0xCEE8, 0xD6E9, 0xD6EA, 0xD6EB, 0xD6EC, 0xD6ED, 0xD6EE, 0xD6EF, 0xD710, 0xD711, 0xD712,
    0xD713, 0xD714, 0xD715, 0xD716, 0xD716, 0xD717, 0xD718, 0xD718, 0xD719, 0xD719, 0xD71A, 0xCEFB, 0xCEDB, 0xC6DC, 0xC6DC, 0xCEDC,
    0xC6E5, 0xC6E5, 0xC6E6, 0xCEE7, 0xCEE8, 0xCEE8, 0xD709, 0xD70A, 0xD70B, 0xD70C, 0xD70D, 0xD70F, 0xD710, 0xD711, 0xD712, 0xD713,
    0xD714, 0xD735, 0xD736, 0xD736, 0xD737, 0xD737, 0xD738, 0xD739, 0xD739, 0xD73A, 0xD73A, 0xD71B, 0xCF1B, 0xCF1C, 0xCF1C, 0xCEFC,
    0xCF06, 0xCF06, 0xCF06, 0xCF07, 0xCF08, 0xCF09, 0xD70A, 0xD70B, 0xD70C, 0xD72D, 0xD72E, 0xD72F, 0xD730, 0xD731, 0xD732, 0xD733,
    0xD734, 0xD735, 0xD736, 0xD737, 0xD737, 0xD738, 0xD738, 0xD739, 0xD739, 0xD73A, 0xD73A, 0xD73A, 0xD73B, 0xCF3C, 0xCF3C, 0xCF3C,
    0xCF26, 0xCF27, 0xCF27, 0xCF28, 0xCF29, 0xCF29, 0xD72A, 0xD72B, 0xD72C, 0xD72D, 0xD72F, 0xD730, 0xD731, 0xD752, 0xD753, 0xD754,
    0xD755, 0xD755, 0xD756, 0xD757, 0xD757, 0xD758, 0xD758, 0xD759, 0xD759, 0xD75A, 0xD75A, 0xD75A, 0xD75B, 0xD75C, 0xD75C, 0xCF5C,
    0xCF27, 0xCF27, 0xCF28, 0xCF28, 0xCF29, 0xD74A, 0xD74B, 0xD74C, 0xD74D, 0xD74E, 0xD74F, 0xD750, 0xD751, 0xD752, 0xD753, 0xD754,
    0xD755, 0xD756, 0xD756, 0xD757, 0xD757, 0xD758, 0xD758, 0xD759, 0xD759, 0xD75A, 0xD77A, 0xD77A, 0xD77B, 0xD77B, 0xD77C, 0xD77C,
    0xC841, 0xC841, 0xC841, 0xC841, 0xC841, 0xC842, 0xC842, 0xC842, 0xC843, 0xC844, 0xC824, 0xC825, 0xC026, 0xC026, 0xC027, 0xC028,
    0xC049, 0xC04A, 0xC84B, 0xC84C, 0xC84D, 0xC84F, 0xC850, 0xC851, 0xC853, 0xC854, 0xC855, 0xC857, 0xC858, 0xC859, 0xC85A, 0xC85B,
    0xC881, 0xC861, 0xD041, 0xD041, 0xC841, 0xC842, 0xC842, 0xC842, 0xC843, 0xC843, 0xC844, 0xC845, 0xC845, 0xC846, 0xC847, 0xC848,
    0xC849, 0xC84A, 0xC84B, 0xC84C, 0xC84E, 0xC84F, 0xC850, 0xC852, 0xC853, 0xC855, 0xC856, 0xC857, 0xC878, 0xC879, 0xC87A, 0xC87B,
    0xC0A1, 0xC881, 0xD061, 0xD061, 0xD041, 0xD041, 0xD042, 0xD042, 0xC843, 0xC843, 0xC844, 0xC844, 0xC845, 0xC846, 0xC847, 0xC848,
    0xC849, 0xC84A, 0xC84B, 0xC84C, 0xC84E, 0xC84F, 0xC851, 0xC872, 0xC874, 0xC875, 0xC876, 0xC877, 0xC878, 0xC879, 0xC87A, 0xC87B,
    0xC0C1, 0xC8A1, 0xC8A1, 0xD081, 0xD061, 0xD061, 0xD062, 0xD042, 0xD042, 0xD043, 0xC843, 0xC844, 0xC845, 0xC846, 0xC846, 0xC847,
    0xC848, 0xC849, 0xC84B, 0xC84C, 0xC86E, 0xC870, 0xC871, 0xC873, 0xC874, 0xC875, 0xC877, 0xC878, 0xC879, 0xC879, 0xC87A, 0xC87B,
    0xC101, 0xC0E1, 0xC8C1, 0xC8A1, 0xD081, 0xD061, 0xD062, 0xD062, 0xD062, 0xD063, 0xD063, 0xD064, 0xC845, 0xC845, 0xC846, 0xC847,
    0xC868, 0xC869, 0xC86B, 0xC86C, 0xC86E, 0xC870, 0xC871, 0xC873, 0xC874, 0xD076, 0xD077, 0xD078, 0xC879, 0xC879, 0xC87A, 0xC87B,
    0xC141, 0xC121, 0xC901, 0xC8E1, 0xC8C1, 0xD081, 0xD081, 0xD062, 0xD062, 0xD062, 0xD063, 0xD064, 0xD064, 0xC865, 0xC866, 0xC867,
    0xC868, 0xC869, 0xC86A, 0xC86C, 0xC86E, 0xC870, 0xC871, 0xC873, 0xD095, 0xD096, 0xD097, 0xC898, 0xC899, 0xC899, 0xC89A, 0xC89B,
    0xC181, 0xC161, 0xC161, 0xC921, 0xC901, 0xD0C1, 0xD081, 0xD082, 0xD062, 0xD062, 0xD063, 0xD063, 0xD064, 0xD064, 0xD065, 0xC866,
    0xC867, 0xC868, 0xC86A, 0xC86C, 0xC86D, 0xC870, 0xC891, 0xC893, 0xC895, 0xD096, 0xC897, 0xC898, 0xC899, 0xC89A, 0xC89A, 0xC89B,
    0xC1C1, 0xC1C1, 0xC9C1, 0xC981, 0xC961, 0xC921, 0xC8E1, 0xD0A2, 0xD082, 0xD082, 0xD082, 0xD063, 0xD064, 0xD064, 0xD065, 0xC866,
    0xC867, 0xC868, 0xC869, 0xC86B, 0xC88D, 0xC88F, 0xC891, 0xC893, 0xC895, 0xC896, 0xC8B7, 0xC8B8, 0xC8B9, 0xC8BA, 0xC8BA, 0xC0BB,
    0xC221, 0xC221, 0xCA21, 0xCA01, 0xC9C1, 0xC981, 0xC941, 0xC8E2, 0xD0A2, 0xD0A2, 0xD082, 0xD083, 0xD083, 0xD084, 0xD084, 0xD085,
    0xC886, 0xC887, 0xC889, 0xC88B, 0xC88D, 0xC88F, 0xC891, 0xC8B3, 0xC8B5, 0xC8B6, 0xC8B7, 0xC8B8, 0xC8B9, 0xC8BA, 0xC8DA, 0xC0DB,
    0xC261, 0xCA81, 0xCA81, 0xCA61, 0xCA41, 0xCA01, 0xC9A2, 0xC962, 0xC902, 0xD0C2, 0xD0A2, 0xD0A3, 0xD083, 0xD084, 0xD084, 0xD085,
    0xC886, 0xC887, 0xC888, 0xC88A, 0xC88C, 0xC88F, 0xC8B1, 0xC8B3, 0xC8B5, 0xC8D6, 0xC8D7, 0xC8D8, 0xC8D9, 0xC8DA, 0xC0FA, 0xC0FB,
    0xC2C1, 0xCAC1, 0xCAE1, 0xCAC1, 0xCAC2, 0xCA82, 0xCA22, 0xC9C2, 0xC962, 0xC922, 0xD0C2, 0xD0C2, 0xD0A3, 0xD0A3, 0xD084, 0xD085,
    0xC885, 0xC887, 0xC888, 0xC8AA, 0xC8AC, 0xC8AE, 0xC8B1, 0xC8D3, 0xC8D5, 0xC8D7, 0xC8F7, 0xC8F8, 0xC8F9, 0xC8FA, 0xC11A, 0xC13B,
    0xC301, 0xCB21, 0xCB41, 0xCB42, 0xCB22, 0xCB02, 0xCAC2, 0xCA62, 0xCA02, 0xC982, 0xC922, 0xC8E2, 0xD0C3, 0xD0A3, 0xD0A4, 0xC8A4,
    0xC8A5, 0xC8A6, 0xC8A8, 0xC8A9, 0xC8AC, 0xC8AE, 0xC8D1, 0xC8F3, 0xC8F5, 0xC917, 0xC917, 0xC918, 0xC939, 0xC13A, 0xC15A, 0xC17B,
    0xC361, 0xCB81, 0xCB82, 0xCB82, 0xCB82, 0xCB62, 0xCB42, 0xCAE2, 0xCA82, 0xCA02, 0xC9A2, 0xC942, 0xC903, 0xC8E3, 0xC8C4, 0xC8C4,
    0xC8A5, 0xC8A6, 0xC8C8, 0xC8C9, 0xC8CB, 0xC8CE, 0xC8F1, 0xC913, 0xC915, 0xC937, 0xC938, 0xC958, 0xC159, 0xC17A, 0xC19A, 0xC1BB,
    0xC3A1, 0xCBC1, 0xCBC2, 0xCBE2, 0xCBE2, 0xD3C2, 0xD3A2, 0xCB62, 0xCB02, 0xCAA2, 0xCA22, 0xC9C3, 0xC963, 0xC923, 0xC8E3, 0xC8E4,
    0xC8C5, 0xC8C6, 0xC8C8, 0xC8C9, 0xC8EB, 0xC8EE, 0xC911, 0xC933, 0xC955, 0xC977, 0xC978, 0xC998, 0xC199, 0xC1BA, 0xC1DA, 0xC1FB,
    0xC3E1, 0xC3E1, 0xCC02, 0xCC02, 0xCC02, 0xD402, 0xD3E3, 0xD3A3, 0xCB63, 0xCB03, 0xCAA3, 0xCA43, 0xC9E3, 0xC983, 0xC923, 0xC904,
    0xC905, 0xC8E6, 0xC8E7, 0xC909, 0xC90C, 0xC90E, 0xC931, 0xC973, 0xC995, 0xC9B7, 0xC9D8, 0xC1D8, 0xC1F9, 0xC1FA, 0xC23A, 0xC25B,
    0xC401, 0xC401, 0xCC22, 0xCC22, 0xCC22, 0xCC22, 0xCC23, 0xCBE3, 0xCBC3, 0xCB83, 0xCB23, 0xCAC3, 0xCA63, 0xCA03, 0xC9A4, 0xC964,
    0xC945, 0xC926, 0xC928, 0xC929, 0xC94C, 0xC94E, 0xC971, 0xC9B3, 0xC9F5, 0xCA37, 0xCA38, 0xC239, 0xC259, 0xC25A, 0xC29A, 0xC2DB,
    0xBC21, 0xC441, 0xC442, 0xCC42, 0xCC62, 0xCC42, 0xCC42, 0xCC23, 0xCC03, 0xCBC3, 0xCB83, 0xCB43, 0xCB03, 0xCAA4, 0xCA44, 0xCA04,
    0xC9C5, 0xC986, 0xC988, 0xC98A, 0xC98C, 0xC9AF, 0xC9D1, 0xCA14, 0xCA56, 0xCA97, 0xCA98, 0xC299, 0xC2B9, 0xC2BA, 0xC2FA, 0xC33B,
    0xBC61, 0xBC61, 0xC462, 0xC462, 0xCC82, 0xCC62, 0xCC62, 0xCC43, 0xCC23, 0xCC03, 0xCBE3, 0xCBA3, 0xCB84, 0xCB44, 0xCB04, 0xCAA5,
    0xCA65, 0xCA26, 0xCA08, 0xCA0A, 0xCA0D, 0xCA2F, 0xCA52, 0xCA94, 0xCAD6, 0xCB18, 0xCB18, 0xCAF9, 0xC31A, 0xC33A, 0xC37A, 0xC3BB,
    0xB481, 0xBC81, 0xBCA2, 0xC4A2, 0xC4A2, 0xCCA2, 0xCCA3, 0xCC83, 0xCC63, 0xCC43, 0xCC23, 0xCC24, 0xCC04, 0xCBC4, 0xCBA5, 0xCB65,
    0xCB26, 0xCAE7, 0xD2C8, 0xD2AB, 0xCAAD, 0xCAB0, 0xCAF2, 0xCB15, 0xCB56, 0xCB98, 0xCB99, 0xCB79, 0xCB7A, 0xC39A, 0xC3DB, 0xCC1B,
    0xB4C1, 0xB4C1, 0xBCC2, 0xC4E2, 0xC4E2, 0xCCE3, 0xCCE3, 0xCCC3, 0xCCC3, 0xCCA3, 0xCC84, 0xCC84, 0xCC64, 0xCC45, 0xCC45, 0xCC26,
    0xD407, 0xD3C8, 0xD3A9, 0xD38B, 0xD36E, 0xD371, 0xD393, 0xCBD5, 0xCBF7, 0xCC18, 0xCC19, 0xCBDA, 0xCBFA, 0xCC1A, 0xCC3B, 0xCC7B,
    0xAD01, 0xB502, 0xBD22, 0xC522, 0xC543, 0xCD43, 0xCD43, 0xCD24, 0xCD24, 0xCD04, 0xCD04, 0xCCE5, 0xCCE5, 0xCCE5, 0xD4C6, 0xD4C7,
    0xD4A8, 0xD489, 0xD46B, 0xD44C, 0xD42F, 0xD431, 0xD454, 0xD476, 0xD497, 0xCC99, 0xCC79, 0xCC5A, 0xCC5A, 0xCC5A, 0xCC9B, 0xCCDB,
    0xAD41, 0xB542, 0xBD62, 0xC563, 0xC583, 0xCD84, 0xCDA4, 0xCD84, 0xD585, 0xD585, 0xD565, 0xD566, 0xD566, 0xD547, 0xD547, 0xD548,
    0xD549, 0xD54A, 0xD52C, 0xD50E, 0xD510, 0xD4F2, 0xD4F4, 0xD516, 0xD518, 0xD519, 0xCCFA, 0xCCBA, 0xCCBA, 0xCCBB, 0xCCFB, 0xCD1B,
    0xAD82, 0xB582, 0xBDA3, 0xC5C3, 0xCDC4, 0xCDE4, 0xD5E5, 0xD5E5, 0xD5E6, 0xD5E6, 0xD5E7, 0xD5C7, 0xD5C8, 0xD5C9, 0xD5C9, 0xD5CA,
    0xD5CB, 0xD5CD, 0xD5AE, 0xD5B0, 0xD591, 0xD573, 0xD575, 0xD577, 0xD598, 0xD599, 0xCD5A, 0xCD1A, 0xCD1A, 0xCD1B, 0xCD3B, 0xCD7C,
    0xADC2, 0xB5C2, 0xBDE3, 0xC604, 0xCE24, 0xCE25, 0xD646, 0xD646, 0xD647, 0xD648, 0xD649, 0xD649, 0xD64A, 0xD64B, 0xD64C, 0xD64D,
    0xD64E, 0xD64F, 0xD630, 0xD631, 0xD633, 0xD614, 0xD5F6, 0xD5F7, 0xD5F8, 0xD5F9, 0xCDDA, 0xCD7A, 0xCD5B, 0xCD5B, 0xCD7B, 0xCDDC,
    0xB602, 0xBE03, 0xC624, 0xC644, 0xCE65, 0xD666, 0xD667, 0xD688, 0xD688, 0xD689, 0xD68A, 0xD68B, 0xD68C, 0xD68D, 0xD68E, 0xDE8F,
    0xDE90, 0xDE91, 0xDE92, 0xDE93, 0xDE94, 0xD675, 0xD676, 0xD657, 0xD658, 0xD659, 0xCE3A, 0xCDFA, 0xCDBB, 0xCD9B, 0xCDDB, 0xCE1C,
    0xB643, 0xBE43, 0xC664, 0xCE85, 0xCE86, 0xD6A7, 0xD6A8, 0xD6A8, 0xD6A9, 0xD6CA, 0xDECB, 0xDECC, 0xDECD, 0xDECF, 0xDED0, 0xDED1,
    0xDED2, 0xDED3, 0xDED4, 0xDED5, 0xDED6, 0xDED6, 0xDED7, 0xD6B8, 0xD6B9, 0xD6BA, 0xD69A, 0xCE5B, 0xCE3B, 0xCDFB, 0xCE3C, 0xD67C,
    0xBE83, 0xC684, 0xC6A4, 0xCEA5, 0xD6A6, 0xD6C7, 0xD6C8, 0xD6C9, 0xD6CA, 0xD6CB, 0xDEEC, 0xDEED, 0xDEEE, 0xDEF0, 0xDEF1, 0xDEF2,
    0xDEF3, 0xDEF4, 0xDEF5, 0xDEF6, 0xDEF6, 0xDEF7, 0xDEF7, 0xDEF8, 0xD6F9, 0xD6D9, 0xD6DA, 0xD6BB, 0xCE9B, 0xCE5B, 0xCE7C, 0xD6BC,
    0xC6C4, 0xC6C4, 0xCEC5, 0xCEC6, 0xD6E7, 0xD6E8, 0xD6E9, 0xD6EA, 0xD6EB, 0xD6EC, 0xDEED, 0xDEEE, 0xDF0F, 0xDF10, 0xDF11, 0xDF12,
    0xDF14, 0xDF15, 0xDF15, 0xDF16, 0xDF16, 0xDF17, 0xDF17, 0xDF18, 0xDF18, 0xDF19, 0xD71A, 0xD6FB, 0xD6FB, 0xCEDC, 0xD6DC, 0xD6FC,
    0xCEE5, 0xCEE5, 0xCEE6, 0xD6E7, 0xD6E8, 0xD708, 0xD709, 0xD70A, 0xD70B, 0xD70C, 0xD70D, 0xDF0F, 0xDF10, 0xDF11, 0xDF12, 0xDF13,
    0xDF34, 0xDF35, 0xDF36, 0xDF36, 0xDF37, 0xDF37, 0xDF38, 0xDF38, 0xDF39, 0xDF39, 0xDF3A, 0xD73B, 0xD71B, 0xD71C, 0xD71C, 0xD71C,
    0xCF06, 0xCF06, 0xD706, 0xD707, 0xD708, 0xD709, 0xD70A, 0xD70B, 0xD70C, 0xD72D, 0xD72E, 0xD72F, 0xDF30, 0xDF31, 0xDF32, 0xDF33,
    0xDF34, 0xDF35, 0xDF36, 0xDF37, 0xDF37, 0xDF38, 0xDF38, 0xDF39, 0xDF39, 0xDF3A, 0xDF5A, 0xDF5A, 0xD73B, 0xD73C, 0xD73C, 0xD73C,
    0xD726, 0xD727, 0xD727, 0xD728, 0xD729, 0xD729, 0xD72A, 0xD72B, 0xD72C, 0xD72D, 0xD72F, 0xD730, 0xD731, 0xDF52, 0xDF53, 0xDF54,
    0xDF55, 0xDF55, 0xDF56, 0xDF57, 0xDF57, 0xDF58, 0xDF58, 0xDF59, 0xDF59, 0xDF5A, 0xDF5A, 0xDF5A, 0xDF5B, 0xD75C, 0xD75C, 0xD75C,
    0xD727, 0xD727, 0xD728, 0xD728, 0xD729, 0xD74A, 0xD74B, 0xD74C, 0xD74D, 0xD74E, 0xD74F, 0xD750, 0xD751, 0xD752, 0xDF53, 0xDF54,
    0xDF55, 0xDF56, 0xDF56, 0xDF57, 0xDF57, 0xDF58, 0xDF58, 0xDF79, 0xDF79, 0xDF7A, 0xDF7A, 0xDF7A, 0xDF7B, 0xDF7B, 0xD77C, 0xD77C,
    0xD041, 0xD041, 0xD041, 0xD041, 0xD041, 0xD042, 0xD042, 0xD042, 0xD043, 0xD044, 0xC844, 0xC845, 0xC846, 0xC846, 0xC847, 0xC848,
    0xC849, 0xC84A, 0xC84B, 0xC84C, 0xC84D, 0xC84F, 0xD050, 0xD051, 0xD053, 0xD054, 0xD055, 0xD056, 0xD058, 0xD059, 0xD05A, 0xD07A,
    0xD081, 0xD061, 0xD041, 0xD041, 0xD041, 0xD042, 0xD042, 0xD042, 0xD043, 0xD043, 0xD044, 0xD045, 0xD045, 0xD046, 0xC847, 0xC848,
    0xC849, 0xC84A, 0xD04B, 0xD04C, 0xD04D, 0xD04F, 0xD050, 0xD052, 0xD053, 0xD054, 0xD056, 0xD077, 0xD078, 0xD079, 0xD07A, 0xD07A,
    0xC8A1, 0xD081, 0xD061, 0xD061, 0xD041, 0xD041, 0xD042, 0xD042, 0xD043, 0xD043, 0xD044, 0xD044, 0xD045, 0xD046, 0xD047, 0xD047,
    0xD048, 0xD049, 0xD04B, 0xD04C, 0xD04D, 0xD04F, 0xD050, 0xD072, 0xD073, 0xD075, 0xD076, 0xD077, 0xD078, 0xD079, 0xD07A, 0xD07A,
    0xC8E1, 0xD0C1, 0xD0A1, 0xD081, 0xD061, 0xD061, 0xD062, 0xD062, 0xD042, 0xD043, 0xD043, 0xD044, 0xD045, 0xD045, 0xD046, 0xD047,
    0xD048, 0xD049, 0xD04A, 0xD04C, 0xD06D, 0xD06F, 0xD071, 0xD072, 0xD074, 0xD075, 0xD076, 0xD077, 0xD078, 0xD079, 0xD07A, 0xD07A,
    0xC901, 0xC8E1, 0xD0C1, 0xD0A1, 0xD081, 0xD061, 0xD062, 0xD062, 0xD062, 0xD063, 0xD063, 0xD064, 0xD064, 0xD065, 0xD066, 0xD067,
    0xD068, 0xD069, 0xD06A, 0xD06C, 0xD06D, 0xD06F, 0xD071, 0xD072, 0xD074, 0xD075, 0xD076, 0xD078, 0xD098, 0xD099, 0xD09A, 0xD09A,
    0xC941, 0xC941, 0xC921, 0xD0E1, 0xD0C1, 0xD0A1, 0xD081, 0xD062, 0xD062, 0xD062, 0xD063, 0xD063, 0xD064, 0xD065, 0xD065, 0xD066,
    0xD067, 0xD068, 0xD069, 0xD06B, 0xD06D, 0xD06F, 0xD071, 0xD072, 0xD094, 0xD096, 0xD097, 0xD098, 0xD099, 0xD099, 0xD09A, 0xC89A,
    0xC9A1, 0xC981, 0xC961, 0xD121, 0xD101, 0xD0C1, 0xD0A1, 0xD082, 0xD082, 0xD062, 0xD063, 0xD063, 0xD064, 0xD064, 0xD065, 0xD066,
    0xD067, 0xD068, 0xD069, 0xD06B, 0xD06D, 0xD06F, 0xD091, 0xD092, 0xD094, 0xD096, 0xD097, 0xD098, 0xD099, 0xD099, 0xD09A, 0xC8BA,
    0xC9E1, 0xC9E1, 0xC9C1, 0xC9A1, 0xD161, 0xD121, 0xD0E1, 0xD0A2, 0xD082, 0xD082, 0xD082, 0xD083, 0xD063, 0xD064, 0xD065, 0xD065,
    0xD066, 0xD067, 0xD069, 0xD08A, 0xD08C, 0xD08E, 0xD090, 0xD092, 0xD094, 0xD0B6, 0xD0B7, 0xD0B8, 0xD0B9, 0xD0B9, 0xC8BA, 0xC8BB,
    0xCA41, 0xCA41, 0xCA21, 0xD201, 0xD1C1, 0xD181, 0xD121, 0xD0E2, 0xD0A2, 0xD0A2, 0xD082, 0xD083, 0xD083, 0xD084, 0xD084, 0xD085,
    0xD086, 0xD087, 0xD088, 0xD08A, 0xD08C, 0xD08E, 0xD090, 0xD0B2, 0xD0B4, 0xD0B6, 0xD0B7, 0xD0B8, 0xD0D9, 0xD0D9, 0xC8DA, 0xC8DB,
    0xCA81, 0xCAA1, 0xD2A1, 0xD261, 0xD241, 0xD1E2, 0xD1A2, 0xD142, 0xD102, 0xD0C2, 0xD0A2, 0xD0A3, 0xD083, 0xD084, 0xD084, 0xD085,
    0xD086, 0xD087, 0xD088, 0xD089, 0xD08B, 0xD0AE, 0xD0B0, 0xD0B2, 0xD0B4, 0xD0D6, 0xD0D7, 0xD0D8, 0xD0F9, 0xC8F9, 0xC8FA, 0xC91B,
    0xCAE1, 0xD2E1, 0xD301, 0xD2E2, 0xD2C2, 0xD262, 0xD222, 0xD1C2, 0xD162, 0xD102, 0xD0C2, 0xD0C2, 0xD0A3, 0xD0A3, 0xD0A4, 0xD0A4,
    0xD0A5, 0xD0A6, 0xD0A8, 0xD0A9, 0xD0AB, 0xD0AD, 0xD0B0, 0xD0D2, 0xD0D4, 0xD0F6, 0xD0F7, 0xD118, 0xC919, 0xC919, 0xC93A, 0xC93B,
    0xCB21, 0xD341, 0xD342, 0xD342, 0xD322, 0xD2E2, 0xD2A2, 0xD242, 0xD1C2, 0xD182, 0xD122, 0xD0E2, 0xD0C3, 0xD0A3, 0xD0A4, 0xD0A4,
    0xD0A5, 0xD0A6, 0xD0A8, 0xD0A9, 0xD0AB, 0xD0CD, 0xD0D0, 0xD0F2, 0xD0F4, 0xD116, 0xC937, 0xC938, 0xC939, 0xC959, 0xC97A, 0xC97A,
    0xCB81, 0xD381, 0xD3A2, 0xD3A2, 0xD382, 0xD342, 0xD302, 0xD2A2, 0xD242, 0xD1E2, 0xD182, 0xD142, 0xD103, 0xD0E3, 0xD0C4, 0xD0C4,
    0xD0C5, 0xD0C6, 0xD0C8, 0xD0C9, 0xD0CB, 0xD0CD, 0xD0F0, 0xD112, 0xD134, 0xC956, 0xC957, 0xC978, 0xC979, 0xC99A, 0xC9BA, 0xC9DA,
    0xCBC1, 0xCBC2, 0xD3E2, 0xD3E2, 0xD3E2, 0xD3A2, 0xD382, 0xD322, 0xD2C2, 0xD262, 0xD202, 0xD1A3, 0xD163, 0xD123, 0xD0E4, 0xD0E4,
    0xD0E5, 0xD0E6, 0xD0E8, 0xD0E9, 0xD0EB, 0xD0ED, 0xC910, 0xC932, 0xC954, 0xC996, 0xC997, 0xC9B8, 0xC9D9, 0xC9DA, 0xCA1A, 0xCA3B,
    0xCBE1, 0xCC02, 0xD402, 0xD402, 0xD402, 0xD3E2, 0xD3C2, 0xD383, 0xD343, 0xD2E3, 0xD283, 0xD223, 0xD1C3, 0xD183, 0xD144, 0xD124,
    0xD105, 0xD106, 0xD108, 0xD109, 0xD10B, 0xD12E, 0xC950, 0xC973, 0xC995, 0xC9D6, 0xC9F7, 0xCA18, 0xCA39, 0xCA3A, 0xCA5A, 0xCA9B,
    0xCC01, 0xCC21, 0xCC22, 0xD422, 0xD422, 0xD402, 0xD3E2, 0xD3C3, 0xD383, 0xD343, 0xD303, 0xD2A3, 0xD263, 0xD203, 0xD1C4, 0xD184,
    0xD145, 0xD146, 0xD148, 0xD149, 0xD14C, 0xD16E, 0xC991, 0xC9B3, 0xC9F5, 0xCA37, 0xCA58, 0xCA79, 0xCA99, 0xCA9A, 0xCADA, 0xCAFB,
    0xC441, 0xCC41, 0xCC42, 0xCC42, 0xD442, 0xD442, 0xD422, 0xD403, 0xD3C3, 0xD3A3, 0xD363, 0xD323, 0xD2E3, 0xD2A4, 0xD244, 0xD204,
    0xD1C5, 0xD1A6, 0xD1A8, 0xD18A, 0xD1AC, 0xD1AE, 0xD1F1, 0xCA13, 0xCA55, 0xCA97, 0xCAB8, 0xCAD9, 0xCAF9, 0xCAFA, 0xCB3A, 0xCB7B,
    0xC461, 0xC461, 0xCC62, 0xCC62, 0xCC62, 0xD442, 0xD442, 0xD422, 0xD403, 0xD3E3, 0xD3C3, 0xD3A3, 0xD364, 0xD324, 0xD304, 0xD2A5,
    0xD285, 0xD246, 0xD208, 0xD20A, 0xD20C, 0xD22F, 0xD251, 0xD294, 0xD2D6, 0xD317, 0xCB38, 0xCB59, 0xCB5A, 0xCB7A, 0xCBBA, 0xCBDB,
    0xBC81, 0xC481, 0xCCA2, 0xCCA2, 0xCCA2, 0xCC82, 0xD462, 0xD463, 0xD443, 0xD423, 0xD403, 0xD404, 0xD3E4, 0xD3C4, 0xD3A5, 0xD365,
    0xD326, 0xD2E7, 0xD2C8, 0xD2AA, 0xD2AD, 0xD2AF, 0xD2D2, 0xD314, 0xD356, 0xD397, 0xD3B9, 0xCBB9, 0xCBDA, 0xCBDA, 0xCC1B, 0xCC3B,
    0xBCC1, 0xC4C1, 0xC4C2, 0xCCE2, 0xCCE2, 0xCCC2, 0xD4C3, 0xD4A3, 0xD483, 0xD483, 0xD463, 0xD464, 0xD444, 0xD445, 0xD425, 0xD426,
    0xD3E7, 0xD3C8, 0xD3A9, 0xD36B, 0xD34D, 0xD350, 0xD372, 0xD3B5, 0xD3D6, 0xD418, 0xD439, 0xD43A, 0xD43A, 0xCC5A, 0xCC7B, 0xCC9B,
    0xBCE1, 0xBD02, 0xC502, 0xCD22, 0xCD23, 0xCD23, 0xD523, 0xD503, 0xD4E4, 0xD4E4, 0xD4C4, 0xD4C4, 0xD4C5, 0xD4C5, 0xD4C6, 0xD4A7,
    0xD4A8, 0xD489, 0xD46A, 0xD42C, 0xD40E, 0xD410, 0xD413, 0xD435, 0xD477, 0xD498, 0xD499, 0xD49A, 0xD49A, 0xD4BB, 0xD4DB, 0xD4FB,
    0xB521, 0xBD42, 0xC562, 0xCD63, 0xCD83, 0xD583, 0xD564, 0xD564, 0xD564, 0xD544, 0xD545, 0xD545, 0xD546, 0xD546, 0xD547, 0xD548,
    0xD529, 0xD52A, 0xD50B, 0xD50D, 0xD4EF, 0xD4D1, 0xD4D3, 0xD4D5, 0xD4F7, 0xD518, 0xD519, 0xD4FA, 0xD4FA, 0xD4FB, 0xD53B, 0xD55C,
    0xB562, 0xBD82, 0xC5A3, 0xCDA3, 0xCDC4, 0xD5C4, 0xD5C4, 0xD5C5, 0xD5C5, 0xD5C6, 0xD5A6, 0xD5A7, 0xD5A7, 0xD5A8, 0xD5A9, 0xD5AA,
    0xD5AB, 0xDDAC, 0xDDAD, 0xDD8F, 0xDD70, 0xDD52, 0xDD54, 0xD556, 0xD577, 0xD579, 0xD57A, 0xD55A, 0xD55A, 0xD55B, 0xD57B, 0xD59C,
    0xB5A2, 0xBDC2, 0xC5E3, 0xCE04, 0xD604, 0xD625, 0xD625, 0xD626, 0xD627, 0xD627, 0xD628, 0xD628, 0xD629, 0xD62A, 0xDE2B, 0xDE2C,
    0xDE2D, 0xDE2E, 0xDE0F, 0xDE10, 0xDE12, 0xDDF3, 0xDDD5, 0xDDD6, 0xD5D8, 0xD5F9, 0xD5DA, 0xD5BA, 0xD59B, 0xD59B, 0xD5BB, 0xD5FC,
    0xBE02, 0xC603, 0xCE24, 0xCE44, 0xD645, 0xD666, 0xD666, 0xD667, 0xDE68, 0xDE68, 0xDE69, 0xDE6A, 0xDE6B, 0xDE6C, 0xDE6D, 0xDE6E,
    0xDE6F, 0xDE70, 0xDE71, 0xDE72, 0xDE73, 0xDE54, 0xDE56, 0xDE37, 0xDE38, 0xD639, 0xD63A, 0xD61A, 0xD5FB, 0xD5DB, 0xD61C, 0xD63C,
    0xBE43, 0xC643, 0xCE64, 0xD685, 0xD686, 0xD6A6, 0xDEA7, 0xDEA8, 0xDEA9, 0xDEAA, 0xDEAB, 0xDEAC, 0xDEAD, 0xDEAE, 0xDECF, 0xDED0,
    0xDED1, 0xDED2, 0xDED3, 0xDED4, 0xDED5, 0xDEB6, 0xDEB6, 0xDEB7, 0xDE98, 0xDE99, 0xD69A, 0xD67B, 0xD65B, 0xD63B, 0xD65C, 0xD69C,
    0xC683, 0xCE84, 0xCEA5, 0xD6A5, 0xD6A6, 0xD6C7, 0xDEC8, 0xDEC9, 0xDECA, 0xDECB, 0xDECC, 0xDECD, 0xDEEE, 0xDEEF, 0xDEF0, 0xDEF1,
    0xDEF2, 0xDEF3, 0xDEF4, 0xDEF5, 0xDEF6, 0xDEF6, 0xDEF7, 0xDED8, 0xDED8, 0xDED9, 0xDEDA, 0xD6BB, 0xD69B, 0xD67B, 0xD69C, 0xD6BC,
    0xCEA4, 0xCEC5, 0xD6C5, 0xD6C6, 0xD6E7, 0xD6E8, 0xDEE9, 0xDEEA, 0xDEEB, 0xDEEC, 0xDEED, 0xDEEE, 0xDF0F, 0xDF10, 0xDF11, 0xDF12,
    0xDF13, 0xDF14, 0xDF15, 0xDF16, 0xDF16, 0xDF17, 0xDF18, 0xDF18, 0xDF19, 0xDF19, 0xDF1A, 0xD6FB, 0xD6FB, 0xD6DC, 0xD6DC, 0xD6FC,
    0xCEE5, 0xD6E5, 0xD6E6, 0xD6E7, 0xD6E8, 0xDF08, 0xDF09, 0xDF0A, 0xDF0B, 0xDF0C, 0xDF0D, 0xDF0F, 0xDF10, 0xDF11, 0xDF12, 0xDF13,
    0xDF34, 0xDF35, 0xDF36, 0xDF36, 0xDF37, 0xDF37, 0xDF38, 0xDF38, 0xDF39, 0xDF39, 0xDF3A, 0xDF3B, 0xDF1B, 0xD71C, 0xD71C, 0xD71C,
    0xD705, 0xD706, 0xD706, 0xD707, 0xD708, 0xDF09, 0xDF0A, 0xDF0B, 0xDF2C, 0xDF2D, 0xDF2E, 0xDF2F, 0xDF30, 0xDF31, 0xDF32, 0xDF33,
    0xDF34, 0xDF35, 0xDF36, 0xDF36, 0xDF37, 0xDF38, 0xDF38, 0xDF39, 0xDF39, 0xDF3A, 0xDF3A, 0xDF5A, 0xDF3B, 0xDF3C, 0xDF3C, 0xDF3C,
    0xD726, 0xD726, 0xD727, 0xD728, 0xD729, 0xDF29, 0xDF2A, 0xDF2B, 0xDF2C, 0xDF2D, 0xDF2F, 0xDF30, 0xDF51, 0xDF52, 0xDF53, 0xDF54,
    0xDF55, 0xDF55, 0xDF56, 0xDF57, 0xDF57, 0xDF58, 0xDF58, 0xDF59, 0xDF59, 0xDF5A, 0xDF5A, 0xDF5A, 0xDF5B, 0xDF5C, 0xDF5C, 0xDF5C,
    0xD727, 0xD727, 0xD727, 0xD728, 0xD729, 0xDF4A, 0xDF4B, 0xDF4C, 0xDF4D, 0xDF4E, 0xDF4F, 0xDF50, 0xDF51, 0xDF52, 0xDF53, 0xDF54,
    0xDF55, 0xDF56, 0xDF56, 0xDF57, 0xDF77, 0xDF78, 0xDF78, 0xDF79, 0xDF79, 0xDF7A, 0xDF7A, 0xDF7A, 0xDF7B, 0xDF7B, 0xDF7C, 0xDF7C,
    0xD861, 0xD841, 0xD841, 0xD841, 0xD841, 0xD842, 0xD842, 0xD042, 0xD043, 0xD044, 0xD044, 0xD045, 0xD045, 0xD046, 0xD047, 0xD048,
    0xD049, 0xD04A, 0xD04B, 0xD04C, 0xD04D, 0xD04E, 0xD050, 0xD051, 0xD052, 0xD054, 0xD055, 0xD056, 0xD057, 0xD079, 0xD079, 0xD07A,
    0xD081, 0xD861, 0xD841, 0xD841, 0xD841, 0xD842, 0xD842, 0xD842, 0xD843, 0xD043, 0xD044, 0xD044, 0xD045, 0xD046, 0xD047, 0xD047,
    0xD048, 0xD049, 0xD04A, 0xD04C, 0xD04D, 0xD04E, 0xD050, 0xD051, 0xD053, 0xD074, 0xD075, 0xD077, 0xD078, 0xD079, 0xD07A, 0xD07A,
    0xD0A1, 0xD881, 0xD861, 0xD861, 0xD861, 0xD841, 0xD842, 0xD842, 0xD842, 0xD843, 0xD844, 0xD844, 0xD045, 0xD046, 0xD046, 0xD047,
    0xD048, 0xD049, 0xD04A, 0xD04C, 0xD04D, 0xD04F, 0xD070, 0xD072, 0xD073, 0xD074, 0xD076, 0xD077, 0xD078, 0xD079, 0xD07A, 0xD07A,
    0xD0E1, 0xD0C1, 0xD8A1, 0xD881, 0xD861, 0xD861, 0xD862, 0xD862, 0xD862, 0xD843, 0xD843, 0xD844, 0xD844, 0xD845, 0xD046, 0xD047,
    0xD048, 0xD048, 0xD04A, 0xD06B, 0xD06D, 0xD06E, 0xD070, 0xD072, 0xD073, 0xD075, 0xD076, 0xD077, 0xD078, 0xD079, 0xD07A, 0xD07A,
    0xD121, 0xD101, 0xD0C1, 0xD8A1, 0xD881, 0xD861, 0xD862, 0xD862, 0xD862, 0xD863, 0xD863, 0xD864, 0xD864, 0xD865, 0xD865, 0xD066,
    0xD067, 0xD068, 0xD069, 0xD06B, 0xD06D, 0xD06E, 0xD070, 0xD072, 0xD073, 0xD075, 0xD076, 0xD097, 0xD098, 0xD099, 0xD09A, 0xD09A,
    0xD161, 0xD141, 0xD121, 0xD0E1, 0xD8C1, 0xD8A1, 0xD882, 0xD862, 0xD862, 0xD862, 0xD863, 0xD863, 0xD864, 0xD864, 0xD865, 0xD866,
    0xD067, 0xD068, 0xD069, 0xD06A, 0xD06C, 0xD06E, 0xD070, 0xD072, 0xD093, 0xD095, 0xD096, 0xD098, 0xD098, 0xD099, 0xD09A, 0xD09A,
    0xD1A1, 0xD181, 0xD161, 0xD141, 0xD101, 0xD8C1, 0xD8A1, 0xD882, 0xD882, 0xD862, 0xD863, 0xD863, 0xD864, 0xD864, 0xD865, 0xD865,
    0xD866, 0xD067, 0xD068, 0xD06A, 0xD06C, 0xD06E, 0xD090, 0xD092, 0xD093, 0xD095, 0xD096, 0xD098, 0xD098, 0xD0B9, 0xD0BA, 0xD0BA,
    0xD201, 0xD1E1, 0xD1E1, 0xD1A1, 0xD161, 0xD121, 0xD8E1, 0xD8A2, 0xD882, 0xD882, 0xD882, 0xD883, 0xD883, 0xD864, 0xD864, 0xD865,
    0xD866, 0xD087, 0xD088, 0xD089, 0xD08B, 0xD08D, 0xD08F, 0xD091, 0xD093, 0xD0B5, 0xD0B6, 0xD0B8, 0xD0B9, 0xD0B9, 0xD0DA, 0xD0DA,
    0xD261, 0xD241, 0xD241, 0xD201, 0xD1C1, 0xD161, 0xD122, 0xD8E2, 0xD8A2, 0xD8A2, 0xD882, 0xD883, 0xD883, 0xD884, 0xD884, 0xD885,
    0xD886, 0xD087, 0xD088, 0xD089, 0xD08B, 0xD08D, 0xD08F, 0xD0B1, 0xD0B3, 0xD0B5, 0xD0B6, 0xD0D8, 0xD0D9, 0xD0D9, 0xD0DA, 0xD0FA,
    0xD2A1, 0xD2A1, 0xD2A1, 0xD281, 0xD242, 0xD1E2, 0xD182, 0xD142, 0xD102, 0xD8C2, 0xD8A2, 0xD8A3, 0xD883, 0xD883, 0xD884, 0xD885,
    0xD885, 0xD086, 0xD088, 0xD089, 0xD08B, 0xD0AD, 0xD0AF, 0xD0B1, 0xD0D3, 0xD0D5, 0xD0D6, 0xD0F8, 0xD0F9, 0xD0F9, 0xD11A, 0xD11A,
    0xD301, 0xD301, 0xD302, 0xD2E2, 0xD2A2, 0xD262, 0xD202, 0xD1A2, 0xD142, 0xD102, 0xD8C2, 0xD8C3, 0xD8A3, 0xD8A3, 0xD8A4, 0xD8A4,
    0xD8A5, 0xD0A6, 0xD0A8, 0xD0A9, 0xD0AB, 0xD0AD, 0xD0AF, 0xD0D1, 0xD0D3, 0xD0F5, 0xD0F7, 0xD118, 0xD139, 0xD139, 0xD13A, 0xC95A,
    0xD341, 0xD362, 0xD362, 0xD342, 0xD322, 0xD2C2, 0xD262, 0xD202, 0xD1A2, 0xD162, 0xD122, 0xD8E2, 0xD8C3, 0xD8C3, 0xD8A4, 0xD8A4,
    0xD0A5, 0xD0A6, 0xD0A8, 0xD0A9, 0xD0CB, 0xD0CD, 0xD0CF, 0xD0F1, 0xD113, 0xD115, 0xD137, 0xD158, 0xD159, 0xD179, 0xD19A, 0xC99A,
    0xD3A1, 0xD3A2, 0xDBC2, 0xDBA2, 0xDB82, 0xD322, 0xD2E2, 0xD282, 0xD222, 0xD1C2, 0xD162, 0xD122, 0xD103, 0xD8E3, 0xD8C4, 0xD8C4,
    0xD0C5, 0xD0C6, 0xD0C8, 0xD0C9, 0xD0CB, 0xD0ED, 0xD0EF, 0xD111, 0xD133, 0xD155, 0xD177, 0xD198, 0xD1B9, 0xD1B9, 0xC9DA, 0xC9FA,
    0xD3C1, 0xD3E2, 0xD402, 0xDBE2, 0xDBC2, 0xD382, 0xD342, 0xD2E2, 0xD2A2, 0xD242, 0xD1E2, 0xD1A3, 0xD143, 0xD123, 0xD104, 0xD904,
    0xD8E5, 0xD0E6, 0xD0E8, 0xD0E9, 0xD10B, 0xD10D, 0xD12F, 0xD132, 0xD174, 0xD196, 0xD1B7, 0xD1F8, 0xD1F9, 0xD21A, 0xCA3A, 0xCA5A,
    0xD401, 0xD402, 0xD422, 0xD422, 0xDC02, 0xD3C2, 0xD3A2, 0xD342, 0xD302, 0xD2A2, 0xD263, 0xD203, 0xD1C3, 0xD183, 0xD144, 0xD144,
    0xD125, 0xD126, 0xD128, 0xD129, 0xD12C, 0xD12E, 0xD150, 0xD172, 0xD1B4, 0xD1D6, 0xD217, 0xD258, 0xD259, 0xD27A, 0xD29A, 0xD2BB,
    0xD421, 0xD422, 0xD442, 0xD422, 0xD422, 0xD402, 0xD3C2, 0xD3A2, 0xD363, 0xD303, 0xD2C3, 0xD283, 0xD243, 0xD203, 0xD1C4, 0xD184,
    0xD165, 0xD966, 0xD168, 0xD16A, 0xD16C, 0xD16E, 0xD190, 0xD1B2, 0xD1F4, 0xD236, 0xD277, 0xD2B9, 0xD2D9, 0xD2DA, 0xD2FA, 0xD33B,
    0xCC41, 0xD442, 0xD462, 0xD442, 0xD442, 0xD422, 0xD402, 0xD3C2, 0xD3A3, 0xD363, 0xD343, 0xD303, 0xD2C3, 0xD284, 0xD264, 0xD224,
    0xD1E5, 0xD1C6, 0xD9C8, 0xD1AA, 0xD1CC, 0xD1CE, 0xD1F1, 0xD213, 0xD255, 0xD296, 0xD2D8, 0xD339, 0xD33A, 0xD33A, 0xD37A, 0xD39B,
    0xCC61, 0xCC62, 0xD462, 0xD462, 0xD462, 0xD442, 0xD422, 0xD402, 0xD3E3, 0xD3C3, 0xD3A3, 0xD383, 0xD364, 0xD324, 0xD304, 0xD2C5,
    0xD286, 0xD246, 0xDA28, 0xDA2A, 0xD22C, 0xD22F, 0xD251, 0xD293, 0xD2B5, 0xD2F7, 0xD358, 0xD399, 0xD3BA, 0xD3BA, 0xD3DB, 0xD41B,
    0xCC81, 0xCC82, 0xD4A2, 0xD482, 0xD482, 0xD462, 0xD442, 0xD422, 0xD423, 0xD403, 0xD403, 0xD3E4, 0xD3C4, 0xD3C4, 0xD3A5, 0xD366,
    0xD346, 0xD307, 0xDAC8, 0xDAAA, 0xDAAC, 0xD2AF, 0xD2D1, 0xD2F4, 0xD335, 0xD377, 0xD3B8, 0xD419, 0xD41A, 0xD41A, 0xD45B, 0xD47B,
    0xC4A1, 0xCCC2, 0xCCC2, 0xD4C2, 0xD4C2, 0xD4A2, 0xD482, 0xD483, 0xD463, 0xD443, 0xD443, 0xD444, 0xD444, 0xD445, 0xD425, 0xD406,
    0xDBE7, 0xDBC8, 0xDBA9, 0xDB6A, 0xDB4C, 0xDB4F, 0xD371, 0xD394, 0xD3D6, 0xD3F7, 0xD439, 0xD47A, 0xD47A, 0xD49A, 0xD4BB, 0xD4DB,
    0xC4E1, 0xCD02, 0xCD02, 0xD522, 0xD523, 0xD503, 0xD4E3, 0xD4E3, 0xD4C3, 0xD4C3, 0xD4A4, 0xD4A4, 0xD4A5, 0xD4A5, 0xD4A6, 0xDCA7,
    0xDC88, 0xDC89, 0xDC4A, 0xDC2B, 0xDC0D, 0xDBEF, 0xDBF2, 0xDC14, 0xDC56, 0xD478, 0xD4B9, 0xD4DA, 0xD4DA, 0xD4DB, 0xD51B, 0xD53B,
    0xC521, 0xC542, 0xCD42, 0xD563, 0xD563, 0xD563, 0xD543, 0xD544, 0xD524, 0xD524, 0xD524, 0xD525, 0xD525, 0xD526, 0xDD27, 0xDD28,
    0xDD29, 0xDD0A, 0xDD0B, 0xDCED, 0xDCCE, 0xDCB0, 0xDC92, 0xDCB5, 0xDCD6, 0xDCF8, 0xDD19, 0xD53A, 0xD53A, 0xD53B, 0xD55B, 0xD57C,
    0xC562, 0xC582, 0xCDA3, 0xD5A3, 0xD5C3, 0xD5A4, 0xD5A4, 0xD5A4, 0xD585, 0xD585, 0xD585, 0xD586, 0xDD87, 0xDD87, 0xDD88, 0xDD89,
    0xDD8A, 0xDD8B, 0xDD8D, 0xDD6E, 0xDD4F, 0xDD51, 0xDD33, 0xDD35, 0xDD57, 0xDD58, 0xDD79, 0xDD7A, 0xD57B, 0xD59B, 0xD59B, 0xD5BC,
    0xC5A2, 0xCDC2, 0xD5E3, 0xD604, 0xD604, 0xD604, 0xDE05, 0xDE05, 0xDE06, 0xDE06, 0xDDE7, 0xDDE7, 0xDDE8, 0xDE09, 0xDE0A, 0xDE0B,
    0xDE0C, 0xDE0D, 0xDE0E, 0xDDEF, 0xDDF1, 0xDDD2, 0xDDB4, 0xDDB5, 0xDDB7, 0xDDD9, 0xDDDA, 0xDDDA, 0xDDDB, 0xD5DB, 0xD5FB, 0xDE1C,
    0xC5E2, 0xCE03, 0xD624, 0xD644, 0xD645, 0xDE45, 0xDE66, 0xDE67, 0xDE47, 0xDE48, 0xDE48, 0xDE49, 0xDE4A, 0xDE4B, 0xDE4C, 0xDE6D,
    0xDE6E, 0xDE6F, 0xDE70, 0xDE51, 0xDE52, 0xDE53, 0xDE35, 0xDE16, 0xDE17, 0xDE39, 0xDE3A, 0xDE3A, 0xDE3B, 0xDE1B, 0xDE3C, 0xDE5C,
    0xCE43, 0xCE43, 0xD664, 0xD685, 0xDE85, 0xDE86, 0xDEA7, 0xDEA8, 0xDEA9, 0xDEA9, 0xDEAA, 0xDEAB, 0xDEAC, 0xDEAD, 0xDEAE, 0xDEAF,
    0xDEB0, 0xDEB1, 0xDEB2, 0xDEB3, 0xDEB4, 0xDEB5, 0xDEB6, 0xDE97, 0xDE98, 0xDE79, 0xDE7A, 0xDE9B, 0xDE7B, 0xDE5B, 0xDE7C, 0xDE9C,
    0xCE83, 0xD684, 0xD6A5, 0xD6A5, 0xDEA6, 0xDEC7, 0xDEC8, 0xDEC9, 0xDECA, 0xDECB, 0xDECC, 0xDECD, 0xDECE, 0xDECF, 0xDEF0, 0xDEF1,
    0xDEF2, 0xDEF3, 0xDEF4, 0xDEF4, 0xDEF5, 0xDEF6, 0xDED7, 0xDED7, 0xDED8, 0xDED9, 0xDEDA, 0xDEDB, 0xDEBB, 0xDE9C, 0xDEBC, 0xDEDC,
    0xD6A4, 0xD6C5, 0xD6C5, 0xDEC6, 0xDEE7, 0xDEE8, 0xDEE9, 0xDEEA, 0xDEEB, 0xDEEC, 0xDEED, 0xDEEE, 0xDEEF, 0xDF10, 0xE711, 0xE712,
    0xE713, 0xE714, 0xE715, 0xE716, 0xE716, 0xE717, 0xE718, 0xE718, 0xDF19, 0xDF1A, 0xDF1A, 0xDEFB, 0xDEFB, 0xDEDC, 0xDEFC, 0xDEFC,
    0xD6E5, 0xD6E5, 0xD6E6, 0xDEE7, 0xDEE8, 0xDF08, 0xDF09, 0xDF0A, 0xDF0B, 0xDF0C, 0xDF0D, 0xDF0E, 0xDF10, 0xDF11, 0xE712, 0xE713,
    0xE734, 0xE735, 0xE736, 0xE736, 0xE737, 0xE737, 0xE738, 0xE738, 0xE739, 0xDF3A, 0xDF3A, 0xDF1B, 0xDF1B, 0xDF1C, 0xDF1C, 0xDF1C,
    0xD705, 0xDF06, 0xDF06, 0xDF07, 0xDF08, 0xDF09, 0xDF0A, 0xDF0B, 0xDF2C, 0xDF2D, 0xDF2E, 0xDF2F, 0xDF30, 0xDF31, 0xDF33, 0xE733,
    0xE734, 0xE735, 0xE736, 0xE736, 0xE737, 0xE738, 0xE738, 0xE739, 0xE739, 0xE73A, 0xE73A, 0xE73A, 0xDF3B, 0xDF5C, 0xDF3C, 0xDF3C,
    0xDF26, 0xDF26, 0xDF27, 0xDF28, 0xDF28, 0xDF29, 0xDF2A, 0xDF2B, 0xDF2C, 0xDF2D, 0xDF2F, 0xDF30, 0xDF51, 0xDF52, 0xDF53, 0xDF54,
    0xE755, 0xE755, 0xE756, 0xE757, 0xE757, 0xE758, 0xE758, 0xE759, 0xE759, 0xE75A, 0xE75A, 0xE75A, 0xE75B, 0xDF5C, 0xDF5C, 0xDF5C,
    0xDF26, 0xDF27, 0xDF27, 0xDF28, 0xDF29, 0xDF4A, 0xDF4B, 0xDF4C, 0xDF4D, 0xDF4E, 0xDF4F, 0xDF50, 0xDF51, 0xDF52, 0xDF53, 0xDF54,
    0xDF55, 0xE756, 0xE756, 0xE777, 0xE777, 0xE778, 0xE778, 0xE779, 0xE779, 0xE77A, 0xE77A, 0xE77A, 0xE77B, 0xE77B, 0xE77C, 0xDF7C,
    0xD861, 0xD841, 0xD841, 0xD841, 0xD841, 0xD842, 0xD842, 0xD842, 0xD843, 0xD843, 0xD844, 0xD845, 0xD845, 0xD846, 0xD847, 0xD847,
    0xD848, 0xD849, 0xD84A, 0xD84C, 0xD84D, 0xD84E, 0xD850, 0xD851, 0xD852, 0xD854, 0xD855, 0xD856, 0xD857, 0xD878, 0xD879, 0xD87A,
    0xD881, 0xD861, 0xD861, 0xD841, 0xD841, 0xD842, 0xD842, 0xD842, 0xD843, 0xD843, 0xD844, 0xD844, 0xD845, 0xD846, 0xD846, 0xD847,
    0xD848, 0xD849, 0xD84A, 0xD84B, 0xD84D, 0xD84E, 0xD850, 0xD851, 0xD852, 0xD874, 0xD875, 0xD876, 0xD878, 0xD879, 0xD879, 0xD87A,
    0xD8A1, 0xD881, 0xD861, 0xE061, 0xE061, 0xD862, 0xD842, 0xD842, 0xD842, 0xD843, 0xD844, 0xD844, 0xD845, 0xD845, 0xD846, 0xD847,
    0xD848, 0xD848, 0xD84A, 0xD84B, 0xD84D, 0xD84E, 0xD870, 0xD871, 0xD873, 0xD874, 0xD875, 0xD877, 0xD878, 0xD879, 0xD87A, 0xD87A,
    0xD0E1, 0xD8C1, 0xD881, 0xD881, 0xD861, 0xD861, 0xD862, 0xD862, 0xD862, 0xD863, 0xD863, 0xD844, 0xD844, 0xD845, 0xD846, 0xD846,
    0xD847, 0xD868, 0xD869, 0xD86B, 0xD86C, 0xD86E, 0xD86F, 0xD871, 0xD873, 0xD874, 0xD876, 0xD877, 0xD878, 0xD879, 0xD87A, 0xD89A,
    0xD121, 0xD901, 0xD8C1, 0xD8A1, 0xD881, 0xD861, 0xD862, 0xD862, 0xD862, 0xD863, 0xD863, 0xD864, 0xD864, 0xD865, 0xD865, 0xD866,
    0xD867, 0xD868, 0xD869, 0xD86A, 0xD86C, 0xD86D, 0xD86F, 0xD871, 0xD873, 0xD874, 0xD876, 0xD897, 0xD898, 0xD899, 0xD89A, 0xD89A,
    0xD181, 0xD141, 0xD921, 0xD8E1, 0xD8C1, 0xD8A1, 0xD882, 0xD862, 0xD862, 0xD862, 0xD863, 0xD863, 0xD864, 0xD864, 0xD865, 0xD865,
    0xD866, 0xD867, 0xD868, 0xD86A, 0xD86B, 0xD86D, 0xD86F, 0xD871, 0xD893, 0xD894, 0xD896, 0xD897, 0xD898, 0xD899, 0xD89A, 0xD89A,
    0xD1C1, 0xD1A1, 0xD961, 0xD921, 0xD8E1, 0xD8C1, 0xD8A1, 0xD882, 0xD882, 0xD882, 0xD863, 0xD863, 0xD863, 0xD864, 0xD865, 0xD865,
    0xD866, 0xD867, 0xD868, 0xD869, 0xD86B, 0xD86D, 0xD88F, 0xD891, 0xD892, 0xD894, 0xD896, 0xD897, 0xD8B8, 0xD8B9, 0xD8BA, 0xD0BA,
    0xD221, 0xDA01, 0xD9E1, 0xD981, 0xD941, 0xD901, 0xD8E2, 0xD8A2, 0xD882, 0xD882, 0xD882, 0xD883, 0xD883, 0xD884, 0xD884, 0xD885,
    0xD886, 0xD887, 0xD888, 0xD889, 0xD88B, 0xD88C, 0xD88E, 0xD891, 0xD892, 0xD8B4, 0xD8B6, 0xD8B7, 0xD8B8, 0xD8D9, 0xD0DA, 0xD0DA,
    0xDA81, 0xDA61, 0xDA41, 0xDA01, 0xD9A1, 0xD961, 0xD922, 0xD8E2, 0xD8A2, 0xD8A2, 0xD882, 0xD883, 0xD883, 0xD884, 0xD884, 0xD885,
    0xD886, 0xD886, 0xD888, 0xD889, 0xD88A, 0xD88C, 0xD88E, 0xD8B0, 0xD8B2, 0xD8B4, 0xD8D6, 0xD8D7, 0xD8D8, 0xD0F9, 0xD0FA, 0xD0FA,
    0xDAC1, 0xDAC1, 0xDAA1, 0xDA61, 0xDA21, 0xD9C2, 0xD962, 0xD922, 0xD8E2, 0xD8C2, 0xD8A2, 0xD8A3, 0xD8A3, 0xD884, 0xD884, 0xD885,
    0xD885, 0xD886, 0xD888, 0xD8A9, 0xD8AA, 0xD8AC, 0xD8AE, 0xD8B0, 0xD8D2, 0xD8D4, 0xD8F6, 0xD8F7, 0xD118, 0xD119, 0xD13A, 0xD13A,
    0xDB21, 0xDB22, 0xDB22, 0xDAC2, 0xDA82, 0xDA22, 0xD9C2, 0xD982, 0xD942, 0xD902, 0xD8C2, 0xD8C3, 0xD8A3, 0xD8A3, 0xD8A4, 0xD8A5,
    0xD8A5, 0xD8A6, 0xD8A8, 0xD8A9, 0xD8AB, 0xD8AC, 0xD8CE, 0xD0D1, 0xD0F3, 0xD0F5, 0xD116, 0xD137, 0xD138, 0xD159, 0xD15A, 0xD17A,
    0xDB61, 0xDB82, 0xDB82, 0xDB42, 0xDAE2, 0xDAA2, 0xDA42, 0xD9E2, 0xD982, 0xD942, 0xD922, 0xD8E3, 0xD8C3, 0xD8C3, 0xD8C4, 0xD8C5,
    0xD8C5, 0xD8C7, 0xD8C8, 0xD8C9, 0xD8CB, 0xD8CD, 0xD0EF, 0xD0F1, 0xD113, 0xD135, 0xD156, 0xD158, 0xD178, 0xD199, 0xD1BA, 0xD1BA,
    0xDBC2, 0xDBC2, 0xDBC2, 0xDB82, 0xDB62, 0xDB02, 0xDAA2, 0xDA42, 0xDA02, 0xD9A2, 0xD962, 0xD923, 0xD903, 0xD8E3, 0xD8E4, 0xD8E5,
    0xD8E5, 0xD8E7, 0xD8E8, 0xD8E9, 0xD8EB, 0xD8ED, 0xD10F, 0xD111, 0xD133, 0xD155, 0xD176, 0xD1B8, 0xD1D9, 0xD1F9, 0xD1FA, 0xD21A,
    0xDBE2, 0xDC02, 0xDC02, 0xDBC2, 0xDBA2, 0xDB62, 0xDB02, 0xDAA2, 0xDA62, 0xDA22, 0xD9C2, 0xD9A3, 0xD963, 0xD943, 0xD924, 0xD904,
    0xD905, 0xD907, 0xD908, 0xD90A, 0xD92C, 0xD92E, 0xD130, 0xD152, 0xD173, 0xD195, 0xD1D7, 0xD1F8, 0xD239, 0xD25A, 0xD25A, 0xD27A,
    0xDC22, 0xDC22, 0xDC22, 0xDC02, 0xDBE2, 0xDBA2, 0xDB62, 0xDB02, 0xDAC2, 0xDA82, 0xDA43, 0xDA03, 0xD9C3, 0xD9A3, 0xD964, 0xD965,
    0xD946, 0xD947, 0xD948, 0xD94A, 0xD94C, 0xD96E, 0xD170, 0xD192, 0xD1D4, 0xD1F6, 0xD237, 0xD258, 0xD299, 0xD2BA, 0xD2BA, 0xD2DB,
    0xD442, 0xDC42, 0xDC42, 0xDC22, 0xDC02, 0xDBC2, 0xDBA2, 0xDB62, 0xDB22, 0xDAE3, 0xDAA3, 0xDA83, 0xDA43, 0xDA24, 0xD9E4, 0xD9C5,
    0xD9A6, 0xD9A7, 0xD988, 0xD98A, 0xD9AC, 0xD9AE, 0xD1D1, 0xD1F2, 0xD214, 0xD256, 0xD297, 0xD2D8, 0xD2F9, 0xD31A, 0xD33A, 0xD35B,
    0xD461, 0xD462, 0xDC62, 0xDC42, 0xDC22, 0xDBE2, 0xDBC2, 0xDBA2, 0xDB83, 0xDB43, 0xDB23, 0xDB03, 0xDAC4, 0xDAA4, 0xDA84, 0xDA45,
    0xDA26, 0xDA07, 0xDA08, 0xDA0A, 0xDA0D, 0xDA0F, 0xDA31, 0xD253, 0xD275, 0xD2B6, 0xD2F7, 0xD339, 0xD359, 0xD37A, 0xD39A, 0xD3BB,
    0xD461, 0xD462, 0xD462, 0xD442, 0xDC22, 0xDC02, 0xD3E2, 0xD3C2, 0xDBC3, 0xDBA3, 0xDB83, 0xDB64, 0xDB64, 0xDB44, 0xDB05, 0xDAE6,
    0xDAC6, 0xDAA7, 0xDA89, 0xDA6B, 0xDA6D, 0xDA8F, 0xDA91, 0xD2B3, 0xD2F5, 0xD337, 0xD378, 0xD3B9, 0xD3DA, 0xD3DA, 0xD3FB, 0xD41B,
    0xD481, 0xD482, 0xD4A2, 0xD482, 0xD462, 0xD442, 0xD422, 0xD402, 0xD403, 0xD403, 0xDBE3, 0xDBE4, 0xDBC4, 0xDBC5, 0xDBA5, 0xDB86,
    0xDB67, 0xDB48, 0xDB09, 0xDB0B, 0xDAED, 0xDAEF, 0xDB12, 0xDB34, 0xDB75, 0xDBB7, 0xD3D8, 0xD419, 0xD43A, 0xD45A, 0xD47B, 0xD47B,
    0xCCC1, 0xD4C2, 0xD4C2, 0xD4A2, 0xD4A2, 0xD482, 0xD462, 0xD442, 0xD443, 0xD443, 0xDC43, 0xDC44, 0xDC44, 0xDC45, 0xDC46, 0xDC27,
    0xDC08, 0xDBE9, 0xDBCA, 0xDBAB, 0xDB8D, 0xDB90, 0xDB92, 0xDBB4, 0xDBF6, 0xDC37, 0xDC58, 0xDC9A, 0xDC9A, 0xDCBA, 0xDCDB, 0xDCDB,
    0xCCE1, 0xD502, 0xD502, 0xD502, 0xD4E2, 0xD4C3, 0xD4C3, 0xD4A3, 0xD4A3, 0xD4A3, 0xDCA4, 0xDCA4, 0xDCA5, 0xDCC6, 0xDCC6, 0xDCA7,
    0xDCA8, 0xDC8A, 0xDC6B, 0xDC4C, 0xDC2E, 0xDC30, 0xDC32, 0xDC54, 0xDC76, 0xDC98, 0xDCB9, 0xDCFA, 0xDCFA, 0xDCFB, 0xDD1B, 0xDD3B,
    0xCD22, 0xD542, 0xD542, 0xD543, 0xDD43, 0xDD23, 0xDD23, 0xDD03, 0xDD03, 0xDD04, 0xDD04, 0xDD05, 0xDD25, 0xDD26, 0xDD27, 0xDD28,
    0xDD29, 0xDD2A, 0xDD0C, 0xDD0D, 0xDCEF, 0xDCD1, 0xDCB3, 0xDCD5, 0xDCF6, 0xDD18, 0xDD39, 0xDD5A, 0xDD5A, 0xDD5B, 0xDD7B, 0xDD9C,
    0xCD62, 0xD582, 0xD5A3, 0xD5A3, 0xDDA3, 0xDD84, 0xDD84, 0xDD64, 0xDD64, 0xDD65, 0xDD65, 0xDD66, 0xDD86, 0xDD87, 0xDD88, 0xDD89,
    0xDD8A, 0xDD8C, 0xDD8D, 0xDD6E, 0xDD70, 0xDD51, 0xDD53, 0xDD35, 0xDD57, 0xDD78, 0xDD79, 0xDD9A, 0xDD9A, 0xDD9B, 0xDDBB, 0xDDDC,
    0xCDA2, 0xD5C3, 0xD5E3, 0xD5E3, 0xDDE4, 0xDDE4, 0xDDE4, 0xDDE5, 0xDDC5, 0xDDC6, 0xDDC6, 0xDDE7, 0xDDE8, 0xDDE9, 0xDDEA, 0xDDEB,
    0xDDEC, 0xDDED, 0xDDEE, 0xDDF0, 0xDDF1, 0xE5D2, 0xE5D4, 0xE5B5, 0xDDB7, 0xDDD8, 0xDDD9, 0xDDFA, 0xDDFB, 0xDDFB, 0xDDFC, 0xDE1C,
    0xCE02, 0xD603, 0xD624, 0xDE24, 0xDE44, 0xDE45, 0xDE45, 0xDE26, 0xDE26, 0xDE27, 0xDE28, 0xDE29, 0xDE49, 0xDE4A, 0xDE4B, 0xDE4D,
    0xDE4E, 0xDE4F, 0xDE50, 0xE651, 0xE652, 0xE654, 0xE635, 0xE616, 0xE617, 0xE619, 0xDE3A, 0xDE3A, 0xDE3B, 0xDE3B, 0xDE5C, 0xDE5C,
    0xD643, 0xD643, 0xDE64, 0xDE65, 0xDE85, 0xDE86, 0xDE87, 0xDE87, 0xDE88, 0xDE89, 0xDE89, 0xDE8A, 0xDE8B, 0xDE8C, 0xDEAD, 0xE6AE,
    0xE6B0, 0xE6B1, 0xE6B2, 0xE6B3, 0xE6B4, 0xE6B5, 0xE696, 0xE697, 0xE678, 0xE679, 0xE67A, 0xE69A, 0xDE7B, 0xDE7B, 0xDE9C, 0xDE9C,
    0xD683, 0xD684, 0xDEA5, 0xDEA5, 0xDEA6, 0xDEA7, 0xDEA8, 0xDEA8, 0xDEC9, 0xDECA, 0xDECB, 0xDECC, 0xE6CD, 0xE6CE, 0xE6CF, 0xE6D0,
    0xE6D1, 0xE6D2, 0xE6D3, 0xE6D4, 0xE6D5, 0xE6D6, 0xE6D6, 0xE6D7, 0xE6D8, 0xE6B9, 0xE6BA, 0xE6BB, 0xDEBB, 0xDEBC, 0xDEBC, 0xDEDC,
    0xD6A4, 0xDEC5, 0xDEC5, 0xDEC6, 0xDEC7, 0xDEE8, 0xDEE8, 0xDEE9, 0xDEEA, 0xE6EB, 0xE6EC, 0xE6ED, 0xE6EF, 0xE6F0, 0xE6F1, 0xE712,
    0xE713, 0xE714, 0xE715, 0xE715, 0xE716, 0xE717, 0xE717, 0xE718, 0xE6F9, 0xE6F9, 0xE6FA, 0xE6FB, 0xE6FB, 0xDEFC, 0xDEFC, 0xDEFC,
    0xDEE5, 0xDEE5, 0xDEE6, 0xDEE7, 0xDEE7, 0xDEE8, 0xDF09, 0xDF0A, 0xE70B, 0xE70C, 0xE70D, 0xE70E, 0xE70F, 0xE711, 0xE712, 0xE713,
    0xE714, 0xE734, 0xE735, 0xE736, 0xE737, 0xE737, 0xE738, 0xE738, 0xE739, 0xE73A, 0xE71A, 0xE71B, 0xE71B, 0xE71C, 0xE71C, 0xE71C,
    0xDF05, 0xDF06, 0xDF06, 0xDF07, 0xDF08, 0xDF09, 0xDF0A, 0xE70B, 0xE72C, 0xE72D, 0xE72E, 0xE72F, 0xE730, 0xE731, 0xE732, 0xE733,
    0xE734, 0xE735, 0xE736, 0xE736, 0xE737, 0xE758, 0xE758, 0xE759, 0xE759, 0xE75A, 0xE75A, 0xE75B, 0xE75B, 0xE75C, 0xE73C, 0xE73C,
    0xDF06, 0xDF26, 0xDF27, 0xDF28, 0xDF28, 0xDF29, 0xDF2A, 0xE72B, 0xE72C, 0xE72D, 0xE72F, 0xE730, 0xE751, 0xE752, 0xE753, 0xE754,
    0xE755, 0xE755, 0xE756, 0xE757, 0xE757, 0xE758, 0xE758, 0xE759, 0xE759, 0xE75A, 0xE75A, 0xE75B, 0xE75B, 0xE75C, 0xE75C, 0xE75C,
    0xDF26, 0xDF27, 0xDF27, 0xDF28, 0xDF49, 0xDF4A, 0xDF4B, 0xDF4C, 0xE74D, 0xE74E, 0xE74F, 0xE750, 0xE751, 0xE752, 0xE753, 0xE754,
    0xE755, 0xE756, 0xE776, 0xE777, 0xE777, 0xE778, 0xE778, 0xE779, 0xE779, 0xE77A, 0xE77A, 0xE77B, 0xE77B, 0xE77B, 0xE77C, 0xE77C,
    0xE041, 0xE041, 0xE041, 0xE041, 0xE041, 0xE042, 0xE042, 0xE042, 0xE043, 0xE043, 0xE044, 0xE044, 0xD845, 0xD846, 0xD846, 0xD847,
    0xD848, 0xD849, 0xD84A, 0xD84B, 0xD84D, 0xD84E, 0xD84F, 0xD851, 0xD852, 0xD853, 0xD855, 0xD876, 0xD877, 0xD878, 0xD879, 0xD87A,
    0xE081, 0xE061, 0xE061, 0xE041, 0xE041, 0xE042, 0xE042, 0xE042, 0xE043, 0xE043, 0xE044, 0xE044, 0xE045, 0xE045, 0xE046, 0xD847,
    0xD848, 0xD848, 0xD84A, 0xD84B, 0xD84C, 0xD84E, 0xD84F, 0xD851, 0xD872, 0xD874, 0xD875, 0xD876, 0xD877, 0xD879, 0xD879, 0xD87A,
    0xD8A1, 0xE081, 0xE061, 0xE061, 0xE061, 0xE062, 0xE042, 0xE042, 0xE042, 0xE043, 0xE043, 0xE044, 0xE044, 0xE045, 0xE046, 0xE046,
    0xD847, 0xD848, 0xD849, 0xD84A, 0xD84C, 0xD86D, 0xD86F, 0xD871, 0xD872, 0xD874, 0xD875, 0xD876, 0xD878, 0xD879, 0xD879, 0xD87A,
    0xD8E1, 0xD8C1, 0xE081, 0xE081, 0xE061, 0xE061, 0xE062, 0xE062, 0xE062, 0xE063, 0xE063, 0xE064, 0xE064, 0xE065, 0xE065, 0xE066,
    0xE067, 0xD867, 0xD868, 0xD86A, 0xD86B, 0xD86D, 0xD86F, 0xD871, 0xD872, 0xD874, 0xD875, 0xD876, 0xD878, 0xD899, 0xD899, 0xD89A,
    0xD941, 0xD901, 0xE0C1, 0xE0A1, 0xE081, 0xE081, 0xE062, 0xE062, 0xE062, 0xE063, 0xE063, 0xE063, 0xE064, 0xE064, 0xE065, 0xE065,
    0xE066, 0xE067, 0xD868, 0xD869, 0xD86B, 0xD86D, 0xD86E, 0xD870, 0xD872, 0xD874, 0xD875, 0xD896, 0xD898, 0xD899, 0xD89A, 0xD89A,
    0xD981, 0xD941, 0xD921, 0xD8E1, 0xE0C1, 0xE0A1, 0xE082, 0xE082, 0xE062, 0xE062, 0xE063, 0xE063, 0xE064, 0xE064, 0xE065, 0xE065,
    0xE066, 0xD867, 0xD868, 0xD869, 0xD86A, 0xD86C, 0xD86E, 0xD870, 0xD892, 0xD894, 0xD895, 0xD896, 0xD898, 0xD899, 0xD89A, 0xD8BA,
    0xD9E1, 0xD9A1, 0xD961, 0xD921, 0xD8E1, 0xE0C1, 0xE0A2, 0xE082, 0xE082, 0xE082, 0xE063, 0xE063, 0xE063, 0xE064, 0xE064, 0xE065,
    0xD866, 0xD866, 0xD867, 0xD868, 0xD86A, 0xD88C, 0xD88E, 0xD890, 0xD892, 0xD894, 0xD895, 0xD8B6, 0xD8B8, 0xD8B9, 0xD8BA, 0xD8BA,
    0xDA41, 0xDA01, 0xD9E1, 0xD981, 0xD941, 0xD901, 0xE0C2, 0xE0A2, 0xE082, 0xE082, 0xE082, 0xE083, 0xE083, 0xE084, 0xE084, 0xE085,
    0xD886, 0xD886, 0xD887, 0xD888, 0xD88A, 0xD88B, 0xD88D, 0xD890, 0xD891, 0xD8B3, 0xD8B5, 0xD8B7, 0xD8D8, 0xD8D9, 0xD8DA, 0xD8FA,
    0xDAA1, 0xDA81, 0xDA41, 0xD9E1, 0xD9A1, 0xD941, 0xD902, 0xE0E2, 0xE0A2, 0xE0A2, 0xE082, 0xE083, 0xE083, 0xE084, 0xE084, 0xE085,
    0xD886, 0xD886, 0xD887, 0xD888, 0xD88A, 0xD88C, 0xD8AD, 0xD8AF, 0xD8B1, 0xD8B4, 0xD8D5, 0xD8D7, 0xD8F8, 0xD8F9, 0xD8FA, 0xD91A,
    0xDB01, 0xDAE1, 0xDAA2, 0xDA61, 0xDA01, 0xD9A1, 0xD962, 0xD922, 0xE0E2, 0xE0C2, 0xE0A2, 0xE0A3, 0xE0A3, 0xE0A4, 0xE0A4, 0xE0A5,
    0xD8A6, 0xD8A7, 0xD8A8, 0xD8A9, 0xD8AA, 0xD8AC, 0xD8AE, 0xD8B0, 0xD8D2, 0xD8D4, 0xD8F5, 0xD917, 0xD918, 0xD939, 0xD93A, 0xD95A,
    0xDB42, 0xDB42, 0xE322, 0xDAC2, 0xDA62, 0xDA02, 0xD9A2, 0xD962, 0xD922, 0xD902, 0xE0C2, 0xE0C3, 0xE0A3, 0xE0A3, 0xE0A4, 0xE0A5,
    0xE0A6, 0xD8A7, 0xD8A8, 0xD8A9, 0xD8CB, 0xD8CC, 0xD8CE, 0xD8D0, 0xD8F2, 0xD914, 0xD916, 0xD937, 0xD958, 0xD979, 0xD97A, 0xD19A,
    0xDBA2, 0xDB82, 0xDB82, 0xDB22, 0xDAC2, 0xDA62, 0xDA02, 0xD9C2, 0xD982, 0xD942, 0xD902, 0xE0E3, 0xE0E3, 0xE0C3, 0xE0C4, 0xE0C5,
    0xE0C6, 0xD8C7, 0xD8C8, 0xD8CA, 0xD8EB, 0xD8ED, 0xD8EF, 0xD911, 0xD912, 0xD934, 0xD956, 0xD977, 0xD998, 0xD9B9, 0xD1DA, 0xD1FA,
    0xDBE2, 0xDBE2, 0xDBC2, 0xDB82, 0xDB22, 0xDAC2, 0xDA62, 0xDA22, 0xD9C2, 0xD9A2, 0xD962, 0xD943, 0xE103, 0xE103, 0xE104, 0xE0E5,
    0xE0E6, 0xE0E7, 0xD908, 0xD90A, 0xD90C, 0xD90D, 0xD92F, 0xD931, 0xD953, 0xD975, 0xD996, 0xD9B7, 0xD9F8, 0xD219, 0xD23A, 0xD23A,
    0xDC02, 0xDC02, 0xDC02, 0xDBC2, 0xDB62, 0xDB22, 0xDAC2, 0xDA82, 0xDA42, 0xDA02, 0xD9C3, 0xD9A3, 0xD963, 0xD944, 0xE144, 0xE125,
    0xE126, 0xE127, 0xE129, 0xD92A, 0xD94C, 0xD94E, 0xD950, 0xD972, 0xD993, 0xD9B5, 0xD9D6, 0xDA18, 0xD259, 0xD27A, 0xD29A, 0xD29A,
    0xDC42, 0xDC22, 0xDC22, 0xDBE2, 0xDBA2, 0xDB62, 0xDB22, 0xDAE2, 0xDAA2, 0xDA62, 0xDA23, 0xDA03, 0xD9E3, 0xD9A4, 0xD984, 0xE185,
    0xE186, 0xE167, 0xE169, 0xE18B, 0xD98D, 0xD98F, 0xD9B0, 0xD9D2, 0xD9F4, 0xDA15, 0xDA37, 0xDA78, 0xD2B9, 0xD2DA, 0xD2FA, 0xD2FB,
    0xDC42, 0xDC42, 0xDC42, 0xDC02, 0xDBE2, 0xDBA2, 0xDB62, 0xDB22, 0xDB02, 0xDAC3, 0xDAA3, 0xDA83, 0xDA64, 0xDA24, 0xDA04, 0xE1E5,
    0xE1E6, 0xE1C8, 0xE1C9, 0xD9CB, 0xD9ED, 0xD9EF, 0xDA11, 0xDA13, 0xDA54, 0xDA76, 0xDA97, 0xDAD8, 0xDB19, 0xD35A, 0xD35A, 0xD37B,
    0xDC62, 0xDC62, 0xDC62, 0xDC22, 0xDBE2, 0xDBC2, 0xDBA2, 0xDB82, 0xDB42, 0xDB23, 0xDB03, 0xDAE3, 0xDAC4, 0xDAC4, 0xDAA5, 0xDA85,
    0xDA66, 0xE248, 0xE249, 0xDA4B, 0xDA4D, 0xDA4F, 0xDA71, 0xDA93, 0xDAB5, 0xDAD6, 0xDB17, 0xDB38, 0xDB79, 0xDBBA, 0xDBDA, 0xDBDB,
    0xDC82, 0xDC82, 0xDC62, 0xDC42, 0xDC02, 0xDBE2, 0xDBC2, 0xDBA2, 0xDBA3, 0xDB83, 0xDB83, 0xDB64, 0xDB64, 0xDB45, 0xDB45, 0xDB26,
    0xDB07, 0xDAE8, 0xDACA, 0xDACC, 0xDACE, 0xDAD0, 0xDAF2, 0xDAF4, 0xDB35, 0xDB57, 0xDB98, 0xDBB9, 0xDBDA, 0xDC1A, 0xDC3B, 0xDC3B,
    0xDCA2, 0xDCA2, 0xDC82, 0xDC62, 0xDC22, 0xDC02, 0xDC02, 0xDBE2, 0xDBE3, 0xDBE3, 0xDBE3, 0xDBE4, 0xDBE4, 0xDBC5, 0xDBC6, 0xDBC7,
    0xDBA8, 0xDB89, 0xDB6A, 0xDB4C, 0xDB4E, 0xDB50, 0xDB72, 0xDB74, 0xDBB6, 0xDBD7, 0xDBF8, 0xDC39, 0xDC5A, 0xDC7A, 0xDC7B, 0xDC9B,
    0xD4C2, 0xDCC2, 0xDCC2, 0xDCA2, 0xDC62, 0xDC42, 0xDC22, 0xDC22, 0xDC23, 0xDC43, 0xDC44, 0xDC44, 0xDC45, 0xDC45, 0xDC46, 0xDC47,
    0xDC48, 0xDC2A, 0xDC0B, 0xDBED, 0xDBEE, 0xDBD1, 0xDBF3, 0xDBF4, 0xDC36, 0xDC57, 0xDC78, 0xDC99, 0xDCBA, 0xDCDA, 0xDCDB, 0xDCFB,
    0xD502, 0xDD02, 0xDD02, 0xDCE2, 0xDCC2, 0xDCA2, 0xDC82, 0xDC83, 0xDC83, 0xDC83, 0xDCA4, 0xDCA4, 0xDCC5, 0xDCC6, 0xDCC7, 0xDCC8,
    0xDCC9, 0xDCAA, 0xE4AC, 0xE48D, 0xE46F, 0xE471, 0xDC73, 0xDC75, 0xDC96, 0xDCB8, 0xDCD9, 0xDCFA, 0xDD1A, 0xDD1B, 0xDD3B, 0xDD5B,
    0xD522, 0xDD42, 0xDD42, 0xDD43, 0xDD23, 0xDD03, 0xDCE3, 0xDCE3, 0xDCE3, 0xDCE4, 0xDD04, 0xDD05, 0xDD26, 0xDD26, 0xDD28, 0xDD29,
    0xDD2A, 0xE52B, 0xE52D, 0xE50E, 0xE510, 0xE4F1, 0xE4F3, 0xE4F5, 0xE516, 0xE538, 0xDD59, 0xDD5A, 0xDD5A, 0xDD5B, 0xDD7B, 0xDD9C,
    0xD562, 0xDD82, 0xDDA3, 0xDD83, 0xDD83, 0xDD63, 0xDD43, 0xDD44, 0xDD44, 0xDD44, 0xDD45, 0xDD66, 0xDD66, 0xDD87, 0xDD88, 0xDD8A,
    0xE58B, 0xE58C, 0xE58E, 0xE58F, 0xE571, 0xE572, 0xE554, 0xE555, 0xE557, 0xE578, 0xE599, 0xE5BA, 0xDDBA, 0xDDBB, 0xDDDB, 0xDDDC,
    0xD5A2, 0xDDC3, 0xDDE3, 0xDDE3, 0xDDE4, 0xDDC4, 0xDDA4, 0xDDA4, 0xDDA5, 0xDDA5, 0xDDC6, 0xDDC7, 0xDDC7, 0xDDE8, 0xDDE9, 0xE5EB,
    0xE5EC, 0xE5ED, 0xE5EF, 0xE5F0, 0xE5F2, 0xE5D3, 0xE5D4, 0xE5B6, 0xE5B7, 0xE5D8, 0xE5D9, 0xE5FA, 0xE5FB, 0xE5FB, 0xE61C, 0xE63C,
    0xD603, 0xDE03, 0xDE24, 0xDE24, 0xDE24, 0xDE25, 0xDE05, 0xDE05, 0xDE06, 0xDE06, 0xDE07, 0xDE28, 0xDE29, 0xE62A, 0xE64B, 0xE64C,
    0xE64D, 0xE64F, 0xE650, 0xE651, 0xE652, 0xE634, 0xE635, 0xE616, 0xE617, 0xE619, 0xE639, 0xE63A, 0xE63B, 0xE63B, 0xE65C, 0xE67C,
    0xD643, 0xDE44, 0xDE64, 0xDE64, 0xDE65, 0xDE65, 0xDE66, 0xDE67, 0xDE67, 0xDE68, 0xDE69, 0xE66A, 0xE68B, 0xE68C, 0xE68D, 0xE68E,
    0xE68F, 0xE690, 0xE691, 0xE692, 0xE693, 0xE695, 0xE696, 0xE697, 0xE678, 0xE679, 0xE67A, 0xE67A, 0xE69B, 0xE69B, 0xE69C, 0xE6BC,
    0xDE83, 0xDE84, 0xDE85, 0xDEA5, 0xDEA6, 0xDEA6, 0xDEA7, 0xE6A8, 0xE6A8, 0xE6A9, 0xE6AA, 0xE6AB, 0xE6AC, 0xE6CD, 0xE6CE, 0xE6D0,
    0xE6D1, 0xE6D1, 0xE6D2, 0xE6D3, 0xE6D4, 0xE6D5, 0xE6D6, 0xE6D7, 0xE6B8, 0xE6B9, 0xE6BA, 0xE6BA, 0xE6BB, 0xE6BC, 0xE6DC, 0xE6DC,
    0xDEA4, 0xDEC4, 0xDEC5, 0xDEC6, 0xE6C7, 0xE6C7, 0xE6E8, 0xE6E9, 0xE6EA, 0xE6EB, 0xE6EC, 0xE6ED, 0xE6EE, 0xE6EF, 0xE6F0, 0xE6F1,
    0xE6F2, 0xE6F3, 0xE6F4, 0xE6F5, 0xE6F6, 0xE6F6, 0xE6F7, 0xE6F8, 0xE6F8, 0xE6F9, 0xE6FA, 0xE6FB, 0xE6FB, 0xE6FC, 0xE6FC, 0xE6FC,
    0xDEE4, 0xDEE5, 0xDEE6, 0xE6E7, 0xE6E7, 0xE6E8, 0xE709, 0xE70A, 0xE70B, 0xE70C, 0xE70D, 0xE70E, 0xE70F, 0xE710, 0xE711, 0xE712,
    0xE713, 0xE714, 0xE715, 0xE716, 0xE716, 0xE717, 0xE718, 0xE718, 0xE719, 0xE71A, 0xE71A, 0xE71B, 0xE71B, 0xE71C, 0xE71C, 0xE71C,
    0xDF05, 0xDF06, 0xE706, 0xE707, 0xE708, 0xE709, 0xE70A, 0xE70B, 0xE72C, 0xE72D, 0xE72E, 0xE72F, 0xE730, 0xE731, 0xE732, 0xE733,
    0xE734, 0xE735, 0xE736, 0xE736, 0xE737, 0xE758, 0xE758, 0xE759, 0xE759, 0xE75A, 0xE75A, 0xE75B, 0xE75B, 0xE73C, 0xE73C, 0xE73D,
    0xDF06, 0xDF26, 0xE727, 0xE728, 0xE728, 0xE729, 0xE72A, 0xE72B, 0xE72C, 0xE72D, 0xE72F, 0xE750, 0xE751, 0xE752, 0xE753, 0xE754,
    0xE754, 0xE755, 0xE756, 0xE756, 0xE757, 0xE758, 0xE758, 0xE759, 0xE759, 0xE75A, 0xE75A, 0xE75B, 0xE75B, 0xE75C, 0xE75C, 0xE75D,
    0xE726, 0xE727, 0xE727, 0xE728, 0xE749, 0xE74A, 0xE74B, 0xE74C, 0xE74D, 0xE74E, 0xE74F, 0xE750, 0xE751, 0xE752, 0xE753, 0xE754,
    0xE755, 0xE755, 0xE776, 0xE777, 0xE777, 0xE778, 0xE778, 0xE779, 0xE779, 0xE77A, 0xE77A, 0xE77B, 0xE77B, 0xE77B, 0xE77C, 0xE77D,
    0xE041, 0xE041, 0xE041, 0xE041, 0xE041, 0xE042, 0xE042, 0xE042, 0xE043, 0xE043, 0xE044, 0xE044, 0xE045, 0xE046, 0xE046, 0xE047,
    0xE048, 0xE048, 0xE049, 0xE04B, 0xE04C, 0xE04D, 0xE04F, 0xE050, 0xE052, 0xE053, 0xE054, 0xE076, 0xE077, 0xE078, 0xE079, 0xE07A,
    0xE061, 0xE061, 0xE061, 0xE061, 0xE041, 0xE042, 0xE042, 0xE042, 0xE043, 0xE043, 0xE044, 0xE044, 0xE045, 0xE045, 0xE046, 0xE046,
    0xE047, 0xE048, 0xE049, 0xE04A, 0xE04C, 0xE04D, 0xE04F, 0xE050, 0xE072, 0xE073, 0xE075, 0xE076, 0xE077, 0xE078, 0xE079, 0xE07A,
    0xE0A1, 0xE081, 0xE061, 0xE061, 0xE061, 0xE062, 0xE062, 0xE042, 0xE042, 0xE043, 0xE043, 0xE044, 0xE044, 0xE045, 0xE045, 0xE046,
    0xE047, 0xE047, 0xE048, 0xE04A, 0xE06B, 0xE06D, 0xE06E, 0xE070, 0xE072, 0xE073, 0xE075, 0xE076, 0xE077, 0xE078, 0xE079, 0xE07A,
    0xE0E1, 0xE0C1, 0xE0A1, 0xE081, 0xE061, 0xE062, 0xE062, 0xE062, 0xE062, 0xE063, 0xE063, 0xE064, 0xE064, 0xE064, 0xE065, 0xE065,
    0xE066, 0xE067, 0xE068, 0xE069, 0xE06B, 0xE06C, 0xE06E, 0xE070, 0xE071, 0xE073, 0xE075, 0xE076, 0xE077, 0xE098, 0xE099, 0xE09A,
    0xE121, 0xE101, 0xE0C1, 0xE0A1, 0xE081, 0xE081, 0xE062, 0xE062, 0xE062, 0xE063, 0xE063, 0xE063, 0xE064, 0xE064, 0xE065, 0xE065,
    0xE066, 0xE067, 0xE068, 0xE069, 0xE06A, 0xE06C, 0xE06D, 0xE06F, 0xE071, 0xE073, 0xE074, 0xE096, 0xE097, 0xE098, 0xE099, 0xE09A,
    0xE181, 0xE141, 0xE101, 0xE0E1, 0xE0C1, 0xE0A1, 0xE082, 0xE082, 0xE062, 0xE062, 0xE063, 0xE063, 0xE064, 0xE064, 0xE064, 0xE065,
    0xE066, 0xE066, 0xE067, 0xE068, 0xE06A, 0xE06B, 0xE06D, 0xD86F, 0xE091, 0xE093, 0xE094, 0xE096, 0xE097, 0xE098, 0xE0B9, 0xE0BA,
    0xE1E1, 0xE1A1, 0xE161, 0xE121, 0xE0E1, 0xE0C1, 0xE0A2, 0xE082, 0xE082, 0xE082, 0xE063, 0xE063, 0xE063, 0xE064, 0xE064, 0xE065,
    0xE066, 0xE066, 0xE067, 0xE068, 0xE08A, 0xE08B, 0xD88D, 0xD88F, 0xD891, 0xD893, 0xE094, 0xE0B6, 0xE0B7, 0xE0B8, 0xD8B9, 0xD8DA,
    0xE261, 0xE201, 0xE1C1, 0xE181, 0xE121, 0xE101, 0xE0C2, 0xE0A2, 0xE082, 0xE082, 0xE083, 0xE083, 0xE083, 0xE084, 0xE084, 0xE085,
    0xE086, 0xE087, 0xE088, 0xE089, 0xE08A, 0xE08B, 0xD88D, 0xD88F, 0xD8B1, 0xD8B3, 0xD8B4, 0xD8D6, 0xD8D7, 0xD8D9, 0xD8F9, 0xD8FA,
    0xE2C1, 0xE261, 0xE221, 0xE1C1, 0xE181, 0xE141, 0xE102, 0xE0C2, 0xE0A2, 0xE0A2, 0xE082, 0xE083, 0xE083, 0xE084, 0xE084, 0xE085,
    0xE086, 0xE087, 0xE088, 0xE089, 0xE0AA, 0xE0AC, 0xD8AD, 0xD8AF, 0xD8B1, 0xD8D3, 0xD8D5, 0xD8F6, 0xD8F7, 0xD919, 0xD919, 0xD93A,
    0xE322, 0xE2C1, 0xE281, 0xE221, 0xE1C1, 0xE181, 0xE142, 0xE102, 0xE0E2, 0xE0C2, 0xE0A2, 0xE0A3, 0xE0A3, 0xE0A4, 0xE0A4, 0xE0A5,
    0xE0A6, 0xE0A7, 0xE0A8, 0xE0A9, 0xE0AB, 0xE0AC, 0xE0CE, 0xD8D0, 0xD8D1, 0xD8F3, 0xD8F5, 0xD916, 0xD938, 0xD939, 0xD95A, 0xD97A,
    0xE382, 0xE322, 0xE2E2, 0xE282, 0xE222, 0xE1E2, 0xE182, 0xE142, 0xE122, 0xE102, 0xE0E2, 0xE0C3, 0xE0C3, 0xE0C4, 0xE0C4, 0xE0C5,
    0xE0C6, 0xE0C7, 0xE0C8, 0xE0CA, 0xE0CB, 0xE0CD, 0xE0EF, 0xD8F0, 0xD912, 0xD914, 0xD935, 0xD957, 0xD978, 0xD979, 0xD99A, 0xD9BA,
    0xE3C2, 0xE382, 0xE342, 0xE2E2, 0xE282, 0xE222, 0xE1E2, 0xE1A2, 0xE162, 0xE142, 0xE122, 0xE103, 0xE0E3, 0xE0E4, 0xE0E4, 0xE0E5,
    0xE0E6, 0xE0E7, 0xE0E9, 0xE0EA, 0xE0EC, 0xE10D, 0xE10F, 0xD911, 0xD933, 0xD954, 0xD976, 0xD997, 0xD9B8, 0xD9D9, 0xD9FA, 0xDA1A,
    0xE402, 0xE3C2, 0xE382, 0xE322, 0xE2E2, 0xE282, 0xE242, 0xE202, 0xE1C2, 0xE1A2, 0xE163, 0xE143, 0xE123, 0xE124, 0xE124, 0xE125,
    0xE126, 0xE128, 0xE129, 0xE12B, 0xE12C, 0xE12E, 0xD950, 0xD952, 0xD973, 0xD995, 0xD9B6, 0xD9D7, 0xD9F8, 0xDA39, 0xDA5A, 0xDA7A,
    0xE442, 0xE402, 0xE3C2, 0xE382, 0xE322, 0xE2E2, 0xE2A2, 0xE262, 0xE222, 0xE202, 0xE1C3, 0xE1A3, 0xE183, 0xE184, 0xE164, 0xE165,
    0xE167, 0xE168, 0xE169, 0xE16B, 0xE16D, 0xE18F, 0xD990, 0xD9B2, 0xD9D4, 0xD9D5, 0xDA16, 0xDA38, 0xDA59, 0xDA9A, 0xDABA, 0xDADA,
    0xE462, 0xE422, 0xE3E2, 0xE3A2, 0xE362, 0xE322, 0xE2E2, 0xDAA2, 0xDA82, 0xE263, 0xE243, 0xE223, 0xE204, 0xE1E4, 0xE1C5, 0xE1C6,
    0xE1C7, 0xE1C8, 0xE1AA, 0xE1CC, 0xE1CD, 0xE1CF, 0xD9F1, 0xD9F3, 0xDA14, 0xDA36, 0xDA77, 0xDA98, 0xDAB9, 0xDAFA, 0xDB1A, 0xDB3B,
    0xE462, 0xE442, 0xDC02, 0xDBC2, 0xDBA2, 0xDB62, 0xDB42, 0xDB02, 0xDAE2, 0xDAC3, 0xDAA3, 0xE283, 0xE284, 0xE264, 0xE245, 0xE246,
    0xE227, 0xE228, 0xE22A, 0xE22C, 0xE22E, 0xDA30, 0xDA51, 0xDA73, 0xDA95, 0xDAB6, 0xDAD7, 0xDAF8, 0xDB39, 0xDB5A, 0xDB7A, 0xDB9B,
    0xDC82, 0xDC42, 0xDC22, 0xDBE2, 0xDBC2, 0xDBA2, 0xDB82, 0xDB62, 0xDB43, 0xDB23, 0xDB03, 0xDB04, 0xE304, 0xE2E5, 0xE2E6, 0xE2C6,
    0xE2A8, 0xE2A9, 0xE2AB, 0xE28D, 0xE2AE, 0xDAB0, 0xDAB2, 0xDAD4, 0xDAF5, 0xDB16, 0xDB57, 0xDB78, 0xDB99, 0xDBBA, 0xDBDA, 0xDBFB,
    0xDCA2, 0xDC62, 0xDC22, 0xDC02, 0xDBE2, 0xDBC2, 0xDBA2, 0xDBA2, 0xDBA3, 0xDB83, 0xDB83, 0xDB84, 0xE385, 0xE365, 0xE366, 0xE367,
    0xE348, 0xE329, 0xE32B, 0xE30D, 0xE30F, 0xE331, 0xDB33, 0xDB54, 0xDB76, 0xDB97, 0xDBD8, 0xDBF9, 0xDC1A, 0xDC3A, 0xDC3B, 0xDC5B,
    0xDCC2, 0xDC82, 0xDC42, 0xDC22, 0xDC02, 0xDBE2, 0xDBE2, 0xDBE2, 0xDBE3, 0xDBE3, 0xDBE4, 0xDBE4, 0xE3E5, 0xE3E6, 0xE3E7, 0xE3E8,
    0xE3E9, 0xE3CA, 0xE3AC, 0xE3AD, 0xE3AF, 0xE3B1, 0xE3B3, 0xE3D5, 0xDBF6, 0xDC17, 0xDC38, 0xDC59, 0xDC7A, 0xDC9A, 0xDC9B, 0xDCBB,
    0xDCE2, 0xDCA2, 0xDC82, 0xDC62, 0xDC22, 0xDC22, 0xDC22, 0xDC22, 0xDC23, 0xDC43, 0xDC44, 0xDC64, 0xE465, 0xE466, 0xE467, 0xE468,
    0xE46A, 0xE46B, 0xE44D, 0xE42E, 0xE430, 0xE432, 0xE434, 0xE455, 0xE476, 0xE498, 0xE4B9, 0xDCD9, 0xDCDA, 0xDCFA, 0xDCFB, 0xDCFB,
    0xDD02, 0xDCE2, 0xDCC2, 0xDCA2, 0xDC82, 0xDC62, 0xDC62, 0xDC83, 0xDC83, 0xDCA4, 0xDCA4, 0xDCC5, 0xE4C6, 0xE4C7, 0xE4E8, 0xE4E9,
    0xE4EA, 0xE4EC, 0xE4CD, 0xE4CF, 0xE4B1, 0xE4B2, 0xE4B4, 0xE4B5, 0xE4D7, 0xE4F8, 0xE519, 0xE53A, 0xE53A, 0xE53B, 0xE55B, 0xE55B,
    0xDD42, 0xDD42, 0xDD22, 0xDD02, 0xDCE2, 0xDCC2, 0xDCC3, 0xDCC3, 0xDCE3, 0xDCE4, 0xDD04, 0xDD25, 0xE526, 0xE527, 0xE548, 0xE549,
    0xE54B, 0xE54D, 0xE54E, 0xE550, 0xE531, 0xE533, 0xE534, 0xE536, 0xE537, 0xE558, 0xE579, 0xE57A, 0xE57A, 0xE59B, 0xE59B, 0xE59C,
    0xDD82, 0xDD82, 0xDD83, 0xDD43, 0xDD43, 0xDD23, 0xDD23, 0xDD23, 0xDD44, 0xDD44, 0xDD65, 0xE566, 0xE587, 0xE588, 0xE589, 0xE5AA,
    0xE5AC, 0xE5AD, 0xE5AF, 0xE5B1, 0xE592, 0xE593, 0xE595, 0xE596, 0xE597, 0xE598, 0xE5B9, 0xE5DA, 0xE5DA, 0xE5DB, 0xE5DB, 0xE5FC,
    0xDDC2, 0xDDC3, 0xDDC3, 0xDDA3, 0xDDA3, 0xDD83, 0xDD84, 0xDD84, 0xDD84, 0xDDA5, 0xE5A6, 0xE5C7, 0xE5C8, 0xE5E9, 0xE5EA, 0xE5EB,
    0xE5ED, 0xE5EE, 0xE610, 0xE611, 0xE5F3, 0xE5F4, 0xE5F5, 0xE5D6, 0xE5F8, 0xE5F9, 0xE5FA, 0xE61A, 0xE61B, 0xE61B, 0xE63C, 0xE63C,
    0xDE03, 0xDE03, 0xDE03, 0xDE04, 0xDE04, 0xDDE4, 0xDDE4, 0xDDE5, 0xDDE5, 0xE606, 0xE607, 0xE628, 0xE629, 0xE62A, 0xE62B, 0xE64D,
    0xE64E, 0xE64F, 0xE651, 0xE652, 0xE653, 0xE655, 0xE656, 0xE637, 0xE638, 0xE639, 0xE65A, 0xE65A, 0xE65B, 0xE65B, 0xE67C, 0xE67C,
    0xDE43, 0xDE44, 0xDE64, 0xDE44, 0xE645, 0xDE45, 0xDE45, 0xE646, 0xE647, 0xE647, 0xE668, 0xE669, 0xE66A, 0xE68C, 0xE68D, 0xE68E,
    0xE68F, 0xE690, 0xE691, 0xE693, 0xE694, 0xE695, 0xE696, 0xE697, 0xE698, 0xE679, 0xE69A, 0xE69A, 0xE69B, 0xE69B, 0xE6BC, 0xE6BC,
    0xDE84, 0xDE84, 0xE684, 0xE685, 0xE685, 0xE686, 0xE687, 0xE687, 0xE688, 0xE689, 0xE6AA, 0xE6AB, 0xE6AC, 0xE6AD, 0xE6AE, 0xE6CF,
    0xE6D0, 0xE6D1, 0xE6D3, 0xE6D4, 0xE6D5, 0xE6D6, 0xE6D7, 0xE6D7, 0xE6B8, 0xE6B9, 0xE6BA, 0xE6BB, 0xE6DB, 0xE6DC, 0xE6DC, 0xE6DC,
    0xDEA4, 0xE6C4, 0xE6C5, 0xE6C6, 0xE6C6, 0xE6C7, 0xE6C8, 0xE6C8, 0xE6C9, 0xE6CA, 0xE6CB, 0xE6ED, 0xE6EE, 0xE6EF, 0xE6F0, 0xE6F1,
    0xE6F2, 0xE6F3, 0xE6F4, 0xE6F5, 0xE6F5, 0xE6F6, 0xE6F7, 0xE6F8, 0xEEF9, 0xEEF9, 0xEEFA, 0xEEFB, 0xEEFB, 0xE6FC, 0xE6FC, 0xE6FC,
    0xDEC4, 0xE6E5, 0xE6E6, 0xE6E6, 0xE6E7, 0xE6E8, 0xE6E9, 0xE6EA, 0xE6EB, 0xE6EC, 0xE70D, 0xE70E, 0xE70F, 0xE710, 0xE711, 0xE712,
    0xE713, 0xE714, 0xE715, 0xE715, 0xE716, 0xE717, 0xE718, 0xEF18, 0xEF19, 0xEF1A, 0xEF1A, 0xEF1B, 0xEF1B, 0xE71C, 0xE71C, 0xE73C,
    0xE6E5, 0xE706, 0xE706, 0xE707, 0xE708, 0xE709, 0xE70A, 0xE70B, 0xE70C, 0xE72D, 0xE72E, 0xE72F, 0xE730, 0xE731, 0xE732, 0xE733,
    0xE734, 0xE735, 0xE735, 0xE736, 0xEF37, 0xEF37, 0xEF38, 0xEF39, 0xEF39, 0xEF3A, 0xEF5A, 0xEF5B, 0xEF3B, 0xEF3C, 0xEF3C, 0xE75D,
    0xE705, 0xE706, 0xE727, 0xE728, 0xE728, 0xE729, 0xE72A, 0xE72B, 0xE72C, 0xE72D, 0xE72F, 0xE730, 0xE751, 0xE752, 0xE753, 0xE753,
    0xE754, 0xE755, 0xE756, 0xEF56, 0xEF57, 0xEF58, 0xEF58, 0xEF59, 0xEF59, 0xEF5A, 0xEF5A, 0xEF5B, 0xEF5B, 0xEF5C, 0xEF5C, 0xEF5D,
    0xE726, 0xE727, 0xE727, 0xE728, 0xE749, 0xE74A, 0xE74B, 0xE74C, 0xE74D, 0xE74E, 0xE74F, 0xE750, 0xE751, 0xE752, 0xE753, 0xE754,
    0xE755, 0xE775, 0xEF76, 0xEF77, 0xEF77, 0xEF78, 0xEF78, 0xEF79, 0xEF79, 0xEF7A, 0xEF7A, 0xEF7B, 0xEF7B, 0xEF7C, 0xEF7C, 0xEF7D,
    0xE841, 0xE841, 0xE841, 0xE841, 0xE841, 0xE842, 0xE842, 0xE842, 0xE843, 0xE843, 0xE844, 0xE044, 0xE045, 0xE045, 0xE046, 0xE046,
    0xE047, 0xE048, 0xE049, 0xE04A, 0xE04C, 0xE04D, 0xE04E, 0xE050, 0xE051, 0xE053, 0xE054, 0xE075, 0xE077, 0xE078, 0xE079, 0xE07A,
    0xE861, 0xE861, 0xE861, 0xE861, 0xE841, 0xE842, 0xE842, 0xE842, 0xE843, 0xE843, 0xE844, 0xE044, 0xE044, 0xE045, 0xE045, 0xE046,
    0xE047, 0xE047, 0xE048, 0xE04A, 0xE04B, 0xE04C, 0xE04E, 0xE050, 0xE071, 0xE073, 0xE074, 0xE075, 0xE077, 0xE078, 0xE079, 0xE07A,
    0xE881, 0xE881, 0xE881, 0xE861, 0xE861, 0xE862, 0xE862, 0xE862, 0xE842, 0xE843, 0xE843, 0xE044, 0xE044, 0xE044, 0xE045, 0xE045,
    0xE046, 0xE047, 0xE048, 0xE069, 0xE06A, 0xE06C, 0xE06E, 0xE070, 0xE071, 0xE073, 0xE074, 0xE075, 0xE077, 0xE078, 0xE079, 0xE07A,
    0xE0E1, 0xE0C1, 0xE0A1, 0xE881, 0xE861, 0xE862, 0xE862, 0xE862, 0xE862, 0xE863, 0xE863, 0xE063, 0xE064, 0xE064, 0xE065, 0xE065,
    0xE066, 0xE066, 0xE067, 0xE068, 0xE06A, 0xE06B, 0xE06D, 0xE06F, 0xE071, 0xE072, 0xE074, 0xE075, 0xE077, 0xE098, 0xE099, 0xE09A,
    0xE121, 0xE101, 0xE0C1, 0xE0A1, 0xE881, 0xE881, 0xE862, 0xE862, 0xE862, 0xE863, 0xE863, 0xE063, 0xE064, 0xE064, 0xE064, 0xE065,
    0xE066, 0xE066, 0xE067, 0xE068, 0xE069, 0xE06B, 0xE06C, 0xE06E, 0xE070, 0xE072, 0xE074, 0xE095, 0xE097, 0xE098, 0xE099, 0xE09A,
    0xE1A1, 0xE141, 0xE101, 0xE0E1, 0xE0C1, 0xE8A1, 0xE882, 0xE882, 0xE862, 0xE062, 0xE063, 0xE063, 0xE064, 0xE064, 0xE064, 0xE065,
    0xE066, 0xE066, 0xE067, 0xE068, 0xE069, 0xE06B, 0xE06C, 0xE08E, 0xE090, 0xE092, 0xE094, 0xE095, 0xE097, 0xE0B8, 0xE0B9, 0xE0BA,
    0xE201, 0xE1A1, 0xE161, 0xE121, 0xE0E1, 0xE0C1, 0xE882, 0xE882, 0xE082, 0xE082, 0xE083, 0xE063, 0xE063, 0xE064, 0xE064, 0xE065,
    0xE066, 0xE086, 0xE087, 0xE088, 0xE089, 0xE08B, 0xE08C, 0xE08E, 0xE090, 0xE092, 0xE0B4, 0xE0B5, 0xE0B7, 0xE0B8, 0xE0D9, 0xE0DA,
    0xE281, 0xE201, 0xE1A1, 0xE161, 0xE121, 0xE0E1, 0xE0C2, 0xE0A2, 0xE882, 0xE082, 0xE083, 0xE083, 0xE083, 0xE084, 0xE084, 0xE085,
    0xE086, 0xE087, 0xE088, 0xE089, 0xE08A, 0xE08B, 0xE08D, 0xE0AE, 0xE0B0, 0xE0B2, 0xE0B4, 0xE0D6, 0xE0D7, 0xE0F8, 0xE0F9, 0xE11A,
    0xE2E1, 0xE261, 0xE201, 0xE1A1, 0xE161, 0xE121, 0xE0E2, 0xE0C2, 0xE8A2, 0xE0A2, 0xE0A3, 0xE0A3, 0xE083, 0xE084, 0xE084, 0xE085,
    0xE086, 0xE0A7, 0xE0A8, 0xE0A9, 0xE0AA, 0xE0AC, 0xE0AD, 0xE0AF, 0xE0D1, 0xE0D2, 0xE0D4, 0xE0F6, 0xE117, 0xE118, 0xD939, 0xD93A,
    0xE342, 0xE2C2, 0xE261, 0xE201, 0xE1A1, 0xE161, 0xE122, 0xE102, 0xE0E2, 0xE0C2, 0xE0C2, 0xE0A3, 0xE8A3, 0xE8A4, 0xE8A4, 0xE0A5,
    0xE0A6, 0xE0A7, 0xE0A8, 0xE0AA, 0xE0CB, 0xE0CD, 0xE0CE, 0xE0D0, 0xE0F1, 0xE0F3, 0xE115, 0xE116, 0xE137, 0xD959, 0xD979, 0xD99A,
    0xE3A2, 0xE322, 0xE2A1, 0xE241, 0xE1E1, 0xE1A2, 0xE162, 0xE142, 0xE122, 0xE102, 0xE0E2, 0xE8E3, 0xE8C3, 0xE8C4, 0xE8C4, 0xE8C5,
    0xE8C6, 0xE0C8, 0xE0C9, 0xE0EA, 0xE0EC, 0xE0ED, 0xE0EF, 0xE111, 0xE112, 0xE134, 0xE135, 0xE156, 0xD978, 0xD999, 0xD9BA, 0xD9FA,
    0xE402, 0xE382, 0xE302, 0xE2A2, 0xE242, 0xE202, 0xE1C2, 0xE182, 0xE162, 0xE142, 0xE123, 0xE123, 0xE903, 0xE904, 0xE905, 0xE906,
    0xE907, 0xE908, 0xE109, 0xE10B, 0xE10C, 0xE12E, 0xE130, 0xE131, 0xE153, 0xE174, 0xD976, 0xD997, 0xD9D8, 0xD9F9, 0xDA1A, 0xDA5A,
    0xE442, 0xE3C2, 0xE342, 0xE2E2, 0xE2A2, 0xE242, 0xE202, 0xE1E2, 0xE1A2, 0xE182, 0xE183, 0xE163, 0xE163, 0xE944, 0xE945, 0xE946,
    0xE947, 0xE948, 0xE14A, 0xE14B, 0xE14D, 0xE16F, 0xE170, 0xE192, 0xE193, 0xD9B5, 0xD9D6, 0xD9F7, 0xDA18, 0xDA39, 0xDA7A, 0xDABA,
    0xE462, 0xE402, 0xE382, 0xE322, 0xE2E2, 0xE2A2, 0xE262, 0xE242, 0xE202, 0xE1E2, 0xE1E3, 0xE1C3, 0xE1C4, 0xE1A4, 0xE1A5, 0xE1A6,
    0xE1A7, 0xE189, 0xE18A, 0xE1AC, 0xE1AE, 0xE1AF, 0xE1D1, 0xE1D3, 0xD9F4, 0xDA15, 0xDA36, 0xDA57, 0xDA78, 0xDA99, 0xDADA, 0xDB1A,
    0xE482, 0xE422, 0xE3C2, 0xE362, 0xE322, 0xE2E2, 0xE2A2, 0xE282, 0xE262, 0xE263, 0xE243, 0xE223, 0xE224, 0xE224, 0xE225, 0xE206,
    0xE208, 0xE209, 0xE20B, 0xE20D, 0xE20E, 0xE210, 0xE231, 0xE233, 0xDA54, 0xDA76, 0xDA97, 0xDAB8, 0xDAD9, 0xDAFA, 0xDB3A, 0xDB5B,
    0xE482, 0xE422, 0xE3C2, 0xE382, 0xE362, 0xE322, 0xE302, 0xE2E2, 0xE2C2, 0xE2C3, 0xE2A3, 0xE2A4, 0xE2A4, 0xE2A5, 0xE2A6, 0xE287,
    0xE288, 0xE26A, 0xE26B, 0xE26D, 0xE26F, 0xE291, 0xE292, 0xE2B4, 0xDAD5, 0xDAF6, 0xDB17, 0xDB38, 0xDB59, 0xDB5A, 0xDB9A, 0xDBBB,
    0xE4A2, 0xE442, 0xE3E2, 0xE3A2, 0xE382, 0xE362, 0xE342, 0xE342, 0xE323, 0xE323, 0xE323, 0xE324, 0xE325, 0xE325, 0xE326, 0xE307,
    0xE309, 0xE2EA, 0xE2EC, 0xE2EE, 0xE2F0, 0xE2F1, 0xE313, 0xE334, 0xE355, 0xDB77, 0xDB98, 0xDBB9, 0xDBB9, 0xDBDA, 0xDBFA, 0xDC1B,
    0xE4A2, 0xE442, 0xDBE2, 0xDBC2, 0xDBA2, 0xE3A2, 0xE3A2, 0xE382, 0xE383, 0xE383, 0xE384, 0xE384, 0xE3A5, 0xE3A6, 0xE3A7, 0xE3A8,
    0xE3A9, 0xE38B, 0xE38D, 0xE36E, 0xE370, 0xE372, 0xE393, 0xE3B5, 0xE3D6, 0xE3F7, 0xE418, 0xE439, 0xE43A, 0xDC3A, 0xDC5A, 0xDC5B,
    0xE4C2, 0xE462, 0xDC02, 0xDBE2, 0xDBC2, 0xDBC2, 0xE3E2, 0xE3E3, 0xE3E3, 0xE3E3, 0xE404, 0xE405, 0xE405, 0xE426, 0xE427, 0xE429,
    0xE42A, 0xE40C, 0xE40D, 0xE40F, 0xE3F1, 0xE412, 0xE414, 0xE435, 0xE436, 0xE457, 0xE478, 0xE499, 0xE4BA, 0xE4BA, 0xE4BB, 0xE4BB,
    0xE502, 0xE4A2, 0xDC42, 0xDC22, 0xDC02, 0xDC02, 0xDC02, 0xE423, 0xE443, 0xE444, 0xE464, 0xE465, 0xE466, 0xE487, 0xE488, 0xE489,
    0xE48B, 0xE48C, 0xE48E, 0xE490, 0xE491, 0xE493, 0xE494, 0xE496, 0xE4B7, 0xE4D8, 0xE4F9, 0xE4FA, 0xE51A, 0xE51A, 0xE51B, 0xE51B,
    0xE522, 0xE4E2, 0xDC82, 0xDC62, 0xDC42, 0xDC42, 0xDC62, 0xE483, 0xE483, 0xE4A4, 0xE4C4, 0xE4C5, 0xE4E6, 0xE4E7, 0xE4E8, 0xE4EA,
    0xE50B, 0xE50D, 0xE50F, 0xE4F1, 0xE4F2, 0xE4F4, 0xE4F5, 0xE516, 0xE517, 0xE538, 0xE539, 0xE55A, 0xE55A, 0xE55B, 0xE55B, 0xE55B,
    0xE562, 0xE522, 0xDCE2, 0xDCC2, 0xDCA2, 0xDCA2, 0xDCA2, 0xDCC3, 0xE4E3, 0xE504, 0xE505, 0xE526, 0xE526, 0xE548, 0xE549, 0xE54A,
    0xE54C, 0xE56E, 0xE570, 0xE571, 0xE553, 0xE554, 0xE555, 0xE557, 0xE578, 0xE579, 0xE599, 0xE59A, 0xE5BA, 0xE5BB, 0xE5BB, 0xE59C,
    0xE5A2, 0xE582, 0xE542, 0xDD22, 0xDD02, 0xDD03, 0xDD03, 0xE523, 0xE544, 0xE544, 0xE565, 0xE566, 0xE587, 0xE588, 0xE5AA, 0xE5AB,
    0xE5AD, 0xE5AE, 0xE5B0, 0xE5B2, 0xEDB3, 0xEDB5, 0xEDB6, 0xEDB7, 0xE5B8, 0xE5D9, 0xE5DA, 0xE5FA, 0xE5FB, 0xE5FB, 0xE5FB, 0xE5FC,
    0xE5E3, 0xE5C3, 0xE5A3, 0xE583, 0xDD63, 0xDD63, 0xDD63, 0xE564, 0xE584, 0xE5A5, 0xE5A6, 0xE5C7, 0xE5C8, 0xE5E9, 0xE5EA, 0xE5EC,
    0xE60D, 0xE60F, 0xE611, 0xEE12, 0xEE14, 0xEE15, 0xEE16, 0xEE17, 0xEE18, 0xEE19, 0xE61A, 0xE63A, 0xE63B, 0xE63B, 0xE63C, 0xE63C,
    0xE623, 0xE603, 0xE603, 0xE5E3, 0xE5C3, 0xE5C4, 0xE5C4, 0xE5C4, 0xE5E5, 0xE5E6, 0xE607, 0xE608, 0xE629, 0xE62A, 0xE62C, 0xE64D,
    0xE64E, 0xE650, 0xE651, 0xEE53, 0xEE54, 0xEE55, 0xEE56, 0xEE57, 0xEE58, 0xEE59, 0xEE5A, 0xEE7A, 0xEE7B, 0xE67B, 0xE67C, 0xE67C,
    0xE643, 0xE644, 0xE644, 0xE644, 0xE624, 0xE624, 0xE625, 0xE625, 0xE626, 0xE647, 0xE648, 0xE669, 0xE66A, 0xE66B, 0xE68D, 0xE68E,
    0xE68F, 0xE691, 0xEE92, 0xEE93, 0xEE95, 0xEE96, 0xEE97, 0xEE98, 0xEE99, 0xEE9A, 0xEE9A, 0xEEBB, 0xEEBB, 0xEEBB, 0xEEBC, 0xEEBC,
    0xE684, 0xE684, 0xE684, 0xE685, 0xE665, 0xE665, 0xE666, 0xE667, 0xE687, 0xE688, 0xE689, 0xE6AA, 0xE6AC, 0xE6AD, 0xE6AE, 0xE6AF,
    0xE6B0, 0xEED1, 0xEED3, 0xEED4, 0xEED5, 0xEED6, 0xEED7, 0xEED8, 0xEED9, 0xEEDA, 0xEEDA, 0xEEDB, 0xEEDB, 0xEEDC, 0xEEDC, 0xEEDC,
    0xE6A4, 0xE6C4, 0xE6C5, 0xE6C5, 0xE6C6, 0xE6C7, 0xE6C7, 0xE6C8, 0xE6C9, 0xE6CA, 0xE6CB, 0xE6CC, 0xE6CD, 0xE6EE, 0xE6EF, 0xEEF0,
    0xEEF1, 0xEEF2, 0xEEF3, 0xEEF5, 0xEEF5, 0xEEF6, 0xEEF7, 0xEEF8, 0xEEF9, 0xEEFA, 0xEEFA, 0xEEFB, 0xEEFB, 0xEEFC, 0xEEFC, 0xEF1C,
    0xE6C4, 0xE6E5, 0xE6E5, 0xE6E6, 0xE6E7, 0xE6E8, 0xE6E8, 0xE6E9, 0xE6EA, 0xE6EB, 0xE6EC, 0xE6ED, 0xE70E, 0xEF0F, 0xEF11, 0xEF11,
    0xEF12, 0xEF13, 0xEF14, 0xEF15, 0xEF16, 0xEF17, 0xEF17, 0xEF18, 0xEF19, 0xEF1A, 0xEF1A, 0xEF1B, 0xEF1B, 0xEF1C, 0xEF1C, 0xEF3C,
    0xE6E5, 0xE705, 0xE706, 0xE707, 0xE708, 0xE709, 0xE70A, 0xE70B, 0xE70C, 0xE70D, 0xE70E, 0xEF2F, 0xEF30, 0xEF31, 0xEF32, 0xEF32,
    0xEF33, 0xEF34, 0xEF35, 0xEF36, 0xEF36, 0xEF37, 0xEF38, 0xEF39, 0xEF39, 0xEF3A, 0xEF3A, 0xEF3B, 0xEF3B, 0xEF3C, 0xEF3C, 0xEF5D,
    0xE705, 0xE706, 0xE727, 0xE727, 0xE728, 0xE729, 0xE72A, 0xE72B, 0xE72C, 0xEF2D, 0xEF2F, 0xEF30, 0xEF31, 0xEF52, 0xEF52, 0xEF53,
    0xEF54, 0xEF55, 0xEF56, 0xEF56, 0xEF57, 0xEF57, 0xEF58, 0xEF59, 0xEF59, 0xEF5A, 0xEF5A, 0xEF5B, 0xEF5B, 0xEF5C, 0xEF5C, 0xEF5D,
    0xE726, 0xE727, 0xE727, 0xE728, 0xE749, 0xE74A, 0xE74B, 0xEF4C, 0xEF4D, 0xEF4E, 0xEF4F, 0xEF51, 0xEF52, 0xEF52, 0xEF53, 0xEF54,
    0xEF55, 0xEF75, 0xEF76, 0xEF77, 0xEF77, 0xEF78, 0xEF78, 0xEF79, 0xEF7A, 0xEF7A, 0xEF7A, 0xEF7B, 0xEF7B, 0xEF7C, 0xEF7C, 0xEF7D,
};
